Date,Produced Energy (kWh),Specific Energy (kWh/kWp)
1/1/2019 0:00,0.0,0.0
1/1/2019 1:00,0.0,0.0
1/1/2019 2:00,0.0,0.0
1/1/2019 3:00,0.0,0.0
1/1/2019 4:00,0.0,0.0
1/1/2019 5:00,0.0,0.0
1/1/2019 6:00,0.0,0.0
1/1/2019 7:00,0.0,0.0
1/1/2019 8:00,0.0,0.0
1/1/2019 9:00,0.05,0.01
1/1/2019 10:00,1.11,0.16
1/1/2019 11:00,3.76,0.54
1/1/2019 12:00,4.35,0.62
1/1/2019 13:00,4.49,0.64
1/1/2019 14:00,4.25,0.61
1/1/2019 15:00,3.66,0.52
1/1/2019 16:00,2.7,0.39
1/1/2019 17:00,1.29,0.18
1/1/2019 18:00,0.02,0.0
1/1/2019 19:00,0.0,0.0
1/1/2019 20:00,0.0,0.0
1/1/2019 21:00,0.0,0.0
1/1/2019 22:00,0.0,0.0
1/1/2019 23:00,0.0,0.0
1/2/2019 0:00,0.0,0.0
1/2/2019 1:00,0.0,0.0
1/2/2019 2:00,0.0,0.0
1/2/2019 3:00,0.0,0.0
1/2/2019 4:00,0.0,0.0
1/2/2019 5:00,0.0,0.0
1/2/2019 6:00,0.0,0.0
1/2/2019 7:00,0.0,0.0
1/2/2019 8:00,0.0,0.0
1/2/2019 9:00,0.05,0.01
1/2/2019 10:00,1.13,0.16
1/2/2019 11:00,3.78,0.54
1/2/2019 12:00,4.37,0.62
1/2/2019 13:00,4.55,0.65
1/2/2019 14:00,4.26,0.61
1/2/2019 15:00,3.67,0.52
1/2/2019 16:00,2.67,0.38
1/2/2019 17:00,1.24,0.18
1/2/2019 18:00,0.03,0.0
1/2/2019 19:00,0.0,0.0
1/2/2019 20:00,0.0,0.0
1/2/2019 21:00,0.0,0.0
1/2/2019 22:00,0.0,0.0
1/2/2019 23:00,0.0,0.0
1/3/2019 0:00,0.0,0.0
1/3/2019 1:00,0.0,0.0
1/3/2019 2:00,0.0,0.0
1/3/2019 3:00,0.0,0.0
1/3/2019 4:00,0.0,0.0
1/3/2019 5:00,0.0,0.0
1/3/2019 6:00,0.0,0.0
1/3/2019 7:00,0.0,0.0
1/3/2019 8:00,0.0,0.0
1/3/2019 9:00,0.08,0.01
1/3/2019 10:00,0.6,0.09
1/3/2019 11:00,1.47,0.21
1/3/2019 12:00,1.75,0.25
1/3/2019 13:00,3.3,0.47
1/3/2019 14:00,2.39,0.34
1/3/2019 15:00,1.92,0.27
1/3/2019 16:00,1.65,0.24
1/3/2019 17:00,0.47,0.07
1/3/2019 18:00,0.01,0.0
1/3/2019 19:00,0.0,0.0
1/3/2019 20:00,0.0,0.0
1/3/2019 21:00,0.0,0.0
1/3/2019 22:00,0.0,0.0
1/3/2019 23:00,0.0,0.0
1/4/2019 0:00,0.0,0.0
1/4/2019 1:00,0.0,0.0
1/4/2019 2:00,0.0,0.0
1/4/2019 3:00,0.0,0.0
1/4/2019 4:00,0.0,0.0
1/4/2019 5:00,0.0,0.0
1/4/2019 6:00,0.0,0.0
1/4/2019 7:00,0.0,0.0
1/4/2019 8:00,0.0,0.0
1/4/2019 9:00,0.09,0.01
1/4/2019 10:00,0.57,0.08
1/4/2019 11:00,1.16,0.17
1/4/2019 12:00,2.61,0.37
1/4/2019 13:00,3.43,0.49
1/4/2019 14:00,4.15,0.59
1/4/2019 15:00,3.4,0.49
1/4/2019 16:00,2.74,0.39
1/4/2019 17:00,0.86,0.12
1/4/2019 18:00,0.03,0.0
1/4/2019 19:00,0.0,0.0
1/4/2019 20:00,0.0,0.0
1/4/2019 21:00,0.0,0.0
1/4/2019 22:00,0.0,0.0
1/4/2019 23:00,0.0,0.0
1/5/2019 0:00,0.0,0.0
1/5/2019 1:00,0.0,0.0
1/5/2019 2:00,0.0,0.0
1/5/2019 3:00,0.0,0.0
1/5/2019 4:00,0.0,0.0
1/5/2019 5:00,0.0,0.0
1/5/2019 6:00,0.0,0.0
1/5/2019 7:00,0.0,0.0
1/5/2019 8:00,0.0,0.0
1/5/2019 9:00,0.09,0.01
1/5/2019 10:00,1.21,0.17
1/5/2019 11:00,3.76,0.54
1/5/2019 12:00,4.41,0.63
1/5/2019 13:00,4.56,0.65
1/5/2019 14:00,4.36,0.62
1/5/2019 15:00,3.82,0.55
1/5/2019 16:00,2.8,0.4
1/5/2019 17:00,1.33,0.19
1/5/2019 18:00,0.05,0.01
1/5/2019 19:00,0.0,0.0
1/5/2019 20:00,0.0,0.0
1/5/2019 21:00,0.0,0.0
1/5/2019 22:00,0.0,0.0
1/5/2019 23:00,0.0,0.0
1/6/2019 0:00,0.0,0.0
1/6/2019 1:00,0.0,0.0
1/6/2019 2:00,0.0,0.0
1/6/2019 3:00,0.0,0.0
1/6/2019 4:00,0.0,0.0
1/6/2019 5:00,0.0,0.0
1/6/2019 6:00,0.0,0.0
1/6/2019 7:00,0.0,0.0
1/6/2019 8:00,0.0,0.0
1/6/2019 9:00,0.06,0.01
1/6/2019 10:00,1.24,0.18
1/6/2019 11:00,3.83,0.55
1/6/2019 12:00,4.44,0.63
1/6/2019 13:00,4.63,0.66
1/6/2019 14:00,4.44,0.63
1/6/2019 15:00,3.88,0.55
1/6/2019 16:00,2.84,0.41
1/6/2019 17:00,1.4,0.2
1/6/2019 18:00,0.07,0.01
1/6/2019 19:00,0.0,0.0
1/6/2019 20:00,0.0,0.0
1/6/2019 21:00,0.0,0.0
1/6/2019 22:00,0.0,0.0
1/6/2019 23:00,0.0,0.0
1/7/2019 0:00,0.0,0.0
1/7/2019 1:00,0.0,0.0
1/7/2019 2:00,0.0,0.0
1/7/2019 3:00,0.0,0.0
1/7/2019 4:00,0.0,0.0
1/7/2019 5:00,0.0,0.0
1/7/2019 6:00,0.0,0.0
1/7/2019 7:00,0.0,0.0
1/7/2019 8:00,0.0,0.0
1/7/2019 9:00,0.05,0.01
1/7/2019 10:00,1.29,0.18
1/7/2019 11:00,3.98,0.57
1/7/2019 12:00,4.58,0.65
1/7/2019 13:00,4.72,0.67
1/7/2019 14:00,4.52,0.65
1/7/2019 15:00,3.88,0.55
1/7/2019 16:00,2.9,0.41
1/7/2019 17:00,1.49,0.21
1/7/2019 18:00,0.08,0.01
1/7/2019 19:00,0.0,0.0
1/7/2019 20:00,0.0,0.0
1/7/2019 21:00,0.0,0.0
1/7/2019 22:00,0.0,0.0
1/7/2019 23:00,0.0,0.0
1/8/2019 0:00,0.0,0.0
1/8/2019 1:00,0.0,0.0
1/8/2019 2:00,0.0,0.0
1/8/2019 3:00,0.0,0.0
1/8/2019 4:00,0.0,0.0
1/8/2019 5:00,0.0,0.0
1/8/2019 6:00,0.0,0.0
1/8/2019 7:00,0.0,0.0
1/8/2019 8:00,0.0,0.0
1/8/2019 9:00,0.05,0.01
1/8/2019 10:00,1.31,0.19
1/8/2019 11:00,3.94,0.56
1/8/2019 12:00,4.57,0.65
1/8/2019 13:00,4.73,0.68
1/8/2019 14:00,4.54,0.65
1/8/2019 15:00,3.94,0.56
1/8/2019 16:00,2.94,0.42
1/8/2019 17:00,1.5,0.21
1/8/2019 18:00,0.09,0.01
1/8/2019 19:00,0.0,0.0
1/8/2019 20:00,0.0,0.0
1/8/2019 21:00,0.0,0.0
1/8/2019 22:00,0.0,0.0
1/8/2019 23:00,0.0,0.0
1/9/2019 0:00,0.0,0.0
1/9/2019 1:00,0.0,0.0
1/9/2019 2:00,0.0,0.0
1/9/2019 3:00,0.0,0.0
1/9/2019 4:00,0.0,0.0
1/9/2019 5:00,0.0,0.0
1/9/2019 6:00,0.0,0.0
1/9/2019 7:00,0.0,0.0
1/9/2019 8:00,0.0,0.0
1/9/2019 9:00,0.05,0.01
1/9/2019 10:00,1.29,0.18
1/9/2019 11:00,3.73,0.53
1/9/2019 12:00,4.36,0.62
1/9/2019 13:00,4.56,0.65
1/9/2019 14:00,4.35,0.62
1/9/2019 15:00,3.75,0.54
1/9/2019 16:00,2.81,0.4
1/9/2019 17:00,1.46,0.21
1/9/2019 18:00,0.1,0.01
1/9/2019 19:00,0.0,0.0
1/9/2019 20:00,0.0,0.0
1/9/2019 21:00,0.0,0.0
1/9/2019 22:00,0.0,0.0
1/9/2019 23:00,0.0,0.0
1/10/2019 0:00,0.0,0.0
1/10/2019 1:00,0.0,0.0
1/10/2019 2:00,0.0,0.0
1/10/2019 3:00,0.0,0.0
1/10/2019 4:00,0.0,0.0
1/10/2019 5:00,0.0,0.0
1/10/2019 6:00,0.0,0.0
1/10/2019 7:00,0.0,0.0
1/10/2019 8:00,0.0,0.0
1/10/2019 9:00,0.05,0.01
1/10/2019 10:00,1.36,0.19
1/10/2019 11:00,3.89,0.56
1/10/2019 12:00,4.45,0.64
1/10/2019 13:00,4.7,0.67
1/10/2019 14:00,4.54,0.65
1/10/2019 15:00,3.97,0.57
1/10/2019 16:00,2.9,0.41
1/10/2019 17:00,1.4,0.2
1/10/2019 18:00,0.1,0.01
1/10/2019 19:00,0.0,0.0
1/10/2019 20:00,0.0,0.0
1/10/2019 21:00,0.0,0.0
1/10/2019 22:00,0.0,0.0
1/10/2019 23:00,0.0,0.0
1/11/2019 0:00,0.0,0.0
1/11/2019 1:00,0.0,0.0
1/11/2019 2:00,0.0,0.0
1/11/2019 3:00,0.0,0.0
1/11/2019 4:00,0.0,0.0
1/11/2019 5:00,0.0,0.0
1/11/2019 6:00,0.0,0.0
1/11/2019 7:00,0.0,0.0
1/11/2019 8:00,0.0,0.0
1/11/2019 9:00,0.05,0.01
1/11/2019 10:00,1.43,0.2
1/11/2019 11:00,3.94,0.56
1/11/2019 12:00,4.58,0.65
1/11/2019 13:00,4.73,0.68
1/11/2019 14:00,4.5,0.64
1/11/2019 15:00,3.95,0.56
1/11/2019 16:00,2.93,0.42
1/11/2019 17:00,1.49,0.21
1/11/2019 18:00,0.12,0.02
1/11/2019 19:00,0.0,0.0
1/11/2019 20:00,0.0,0.0
1/11/2019 21:00,0.0,0.0
1/11/2019 22:00,0.0,0.0
1/11/2019 23:00,0.0,0.0
1/12/2019 0:00,0.0,0.0
1/12/2019 1:00,0.0,0.0
1/12/2019 2:00,0.0,0.0
1/12/2019 3:00,0.0,0.0
1/12/2019 4:00,0.0,0.0
1/12/2019 5:00,0.0,0.0
1/12/2019 6:00,0.0,0.0
1/12/2019 7:00,0.0,0.0
1/12/2019 8:00,0.0,0.0
1/12/2019 9:00,0.05,0.01
1/12/2019 10:00,1.5,0.21
1/12/2019 11:00,3.91,0.56
1/12/2019 12:00,4.57,0.65
1/12/2019 13:00,4.75,0.68
1/12/2019 14:00,4.53,0.65
1/12/2019 15:00,3.93,0.56
1/12/2019 16:00,2.95,0.42
1/12/2019 17:00,1.53,0.22
1/12/2019 18:00,0.13,0.02
1/12/2019 19:00,0.0,0.0
1/12/2019 20:00,0.0,0.0
1/12/2019 21:00,0.0,0.0
1/12/2019 22:00,0.0,0.0
1/12/2019 23:00,0.0,0.0
1/13/2019 0:00,0.0,0.0
1/13/2019 1:00,0.0,0.0
1/13/2019 2:00,0.0,0.0
1/13/2019 3:00,0.0,0.0
1/13/2019 4:00,0.0,0.0
1/13/2019 5:00,0.0,0.0
1/13/2019 6:00,0.0,0.0
1/13/2019 7:00,0.0,0.0
1/13/2019 8:00,0.0,0.0
1/13/2019 9:00,0.05,0.01
1/13/2019 10:00,1.56,0.22
1/13/2019 11:00,3.95,0.56
1/13/2019 12:00,4.57,0.65
1/13/2019 13:00,4.72,0.67
1/13/2019 14:00,4.54,0.65
1/13/2019 15:00,3.98,0.57
1/13/2019 16:00,2.98,0.43
1/13/2019 17:00,1.56,0.22
1/13/2019 18:00,0.16,0.02
1/13/2019 19:00,0.0,0.0
1/13/2019 20:00,0.0,0.0
1/13/2019 21:00,0.0,0.0
1/13/2019 22:00,0.0,0.0
1/13/2019 23:00,0.0,0.0
1/14/2019 0:00,0.0,0.0
1/14/2019 1:00,0.0,0.0
1/14/2019 2:00,0.0,0.0
1/14/2019 3:00,0.0,0.0
1/14/2019 4:00,0.0,0.0
1/14/2019 5:00,0.0,0.0
1/14/2019 6:00,0.0,0.0
1/14/2019 7:00,0.0,0.0
1/14/2019 8:00,0.0,0.0
1/14/2019 9:00,0.05,0.01
1/14/2019 10:00,1.59,0.23
1/14/2019 11:00,3.85,0.55
1/14/2019 12:00,4.44,0.63
1/14/2019 13:00,4.62,0.66
1/14/2019 14:00,4.45,0.64
1/14/2019 15:00,3.87,0.55
1/14/2019 16:00,2.87,0.41
1/14/2019 17:00,1.32,0.19
1/14/2019 18:00,0.09,0.01
1/14/2019 19:00,0.0,0.0
1/14/2019 20:00,0.0,0.0
1/14/2019 21:00,0.0,0.0
1/14/2019 22:00,0.0,0.0
1/14/2019 23:00,0.0,0.0
1/15/2019 0:00,0.0,0.0
1/15/2019 1:00,0.0,0.0
1/15/2019 2:00,0.0,0.0
1/15/2019 3:00,0.0,0.0
1/15/2019 4:00,0.0,0.0
1/15/2019 5:00,0.0,0.0
1/15/2019 6:00,0.0,0.0
1/15/2019 7:00,0.0,0.0
1/15/2019 8:00,0.0,0.0
1/15/2019 9:00,0.24,0.03
1/15/2019 10:00,0.69,0.1
1/15/2019 11:00,2.12,0.3
1/15/2019 12:00,2.53,0.36
1/15/2019 13:00,1.54,0.22
1/15/2019 14:00,1.85,0.26
1/15/2019 15:00,1.22,0.17
1/15/2019 16:00,0.77,0.11
1/15/2019 17:00,0.21,0.03
1/15/2019 18:00,0.0,0.0
1/15/2019 19:00,0.0,0.0
1/15/2019 20:00,0.0,0.0
1/15/2019 21:00,0.0,0.0
1/15/2019 22:00,0.0,0.0
1/15/2019 23:00,0.0,0.0
1/16/2019 0:00,0.0,0.0
1/16/2019 1:00,0.0,0.0
1/16/2019 2:00,0.0,0.0
1/16/2019 3:00,0.0,0.0
1/16/2019 4:00,0.0,0.0
1/16/2019 5:00,0.0,0.0
1/16/2019 6:00,0.0,0.0
1/16/2019 7:00,0.0,0.0
1/16/2019 8:00,0.0,0.0
1/16/2019 9:00,0.04,0.01
1/16/2019 10:00,0.25,0.04
1/16/2019 11:00,0.53,0.08
1/16/2019 12:00,0.6,0.09
1/16/2019 13:00,0.65,0.09
1/16/2019 14:00,0.94,0.13
1/16/2019 15:00,1.29,0.18
1/16/2019 16:00,0.62,0.09
1/16/2019 17:00,0.23,0.03
1/16/2019 18:00,0.03,0.0
1/16/2019 19:00,0.0,0.0
1/16/2019 20:00,0.0,0.0
1/16/2019 21:00,0.0,0.0
1/16/2019 22:00,0.0,0.0
1/16/2019 23:00,0.0,0.0
1/17/2019 0:00,0.0,0.0
1/17/2019 1:00,0.0,0.0
1/17/2019 2:00,0.0,0.0
1/17/2019 3:00,0.0,0.0
1/17/2019 4:00,0.0,0.0
1/17/2019 5:00,0.0,0.0
1/17/2019 6:00,0.0,0.0
1/17/2019 7:00,0.0,0.0
1/17/2019 8:00,0.0,0.0
1/17/2019 9:00,0.09,0.01
1/17/2019 10:00,1.26,0.18
1/17/2019 11:00,3.19,0.46
1/17/2019 12:00,4.47,0.64
1/17/2019 13:00,4.8,0.69
1/17/2019 14:00,4.59,0.66
1/17/2019 15:00,3.75,0.54
1/17/2019 16:00,2.98,0.43
1/17/2019 17:00,1.57,0.22
1/17/2019 18:00,0.23,0.03
1/17/2019 19:00,0.0,0.0
1/17/2019 20:00,0.0,0.0
1/17/2019 21:00,0.0,0.0
1/17/2019 22:00,0.0,0.0
1/17/2019 23:00,0.0,0.0
1/18/2019 0:00,0.0,0.0
1/18/2019 1:00,0.0,0.0
1/18/2019 2:00,0.0,0.0
1/18/2019 3:00,0.0,0.0
1/18/2019 4:00,0.0,0.0
1/18/2019 5:00,0.0,0.0
1/18/2019 6:00,0.0,0.0
1/18/2019 7:00,0.0,0.0
1/18/2019 8:00,0.0,0.0
1/18/2019 9:00,0.18,0.03
1/18/2019 10:00,1.54,0.22
1/18/2019 11:00,3.34,0.48
1/18/2019 12:00,3.79,0.54
1/18/2019 13:00,3.97,0.57
1/18/2019 14:00,1.78,0.25
1/18/2019 15:00,1.38,0.2
1/18/2019 16:00,0.66,0.09
1/18/2019 17:00,0.18,0.03
1/18/2019 18:00,0.0,0.0
1/18/2019 19:00,0.0,0.0
1/18/2019 20:00,0.0,0.0
1/18/2019 21:00,0.0,0.0
1/18/2019 22:00,0.0,0.0
1/18/2019 23:00,0.0,0.0
1/19/2019 0:00,0.0,0.0
1/19/2019 1:00,0.0,0.0
1/19/2019 2:00,0.0,0.0
1/19/2019 3:00,0.0,0.0
1/19/2019 4:00,0.0,0.0
1/19/2019 5:00,0.0,0.0
1/19/2019 6:00,0.0,0.0
1/19/2019 7:00,0.0,0.0
1/19/2019 8:00,0.0,0.0
1/19/2019 9:00,0.03,0.0
1/19/2019 10:00,0.11,0.02
1/19/2019 11:00,0.55,0.08
1/19/2019 12:00,0.93,0.13
1/19/2019 13:00,1.27,0.18
1/19/2019 14:00,0.68,0.1
1/19/2019 15:00,0.49,0.07
1/19/2019 16:00,0.12,0.02
1/19/2019 17:00,0.1,0.01
1/19/2019 18:00,0.01,0.0
1/19/2019 19:00,0.0,0.0
1/19/2019 20:00,0.0,0.0
1/19/2019 21:00,0.0,0.0
1/19/2019 22:00,0.0,0.0
1/19/2019 23:00,0.0,0.0
1/20/2019 0:00,0.0,0.0
1/20/2019 1:00,0.0,0.0
1/20/2019 2:00,0.0,0.0
1/20/2019 3:00,0.0,0.0
1/20/2019 4:00,0.0,0.0
1/20/2019 5:00,0.0,0.0
1/20/2019 6:00,0.0,0.0
1/20/2019 7:00,0.0,0.0
1/20/2019 8:00,0.0,0.0
1/20/2019 9:00,0.14,0.02
1/20/2019 10:00,1.83,0.26
1/20/2019 11:00,3.97,0.57
1/20/2019 12:00,4.39,0.63
1/20/2019 13:00,4.41,0.63
1/20/2019 14:00,4.41,0.63
1/20/2019 15:00,4.11,0.59
1/20/2019 16:00,3.07,0.44
1/20/2019 17:00,1.65,0.24
1/20/2019 18:00,0.25,0.04
1/20/2019 19:00,0.0,0.0
1/20/2019 20:00,0.0,0.0
1/20/2019 21:00,0.0,0.0
1/20/2019 22:00,0.0,0.0
1/20/2019 23:00,0.0,0.0
1/21/2019 0:00,0.0,0.0
1/21/2019 1:00,0.0,0.0
1/21/2019 2:00,0.0,0.0
1/21/2019 3:00,0.0,0.0
1/21/2019 4:00,0.0,0.0
1/21/2019 5:00,0.0,0.0
1/21/2019 6:00,0.0,0.0
1/21/2019 7:00,0.0,0.0
1/21/2019 8:00,0.0,0.0
1/21/2019 9:00,0.08,0.01
1/21/2019 10:00,2.16,0.31
1/21/2019 11:00,3.95,0.56
1/21/2019 12:00,4.57,0.65
1/21/2019 13:00,4.81,0.69
1/21/2019 14:00,4.75,0.68
1/21/2019 15:00,4.07,0.58
1/21/2019 16:00,3.24,0.46
1/21/2019 17:00,1.81,0.26
1/21/2019 18:00,0.28,0.04
1/21/2019 19:00,0.0,0.0
1/21/2019 20:00,0.0,0.0
1/21/2019 21:00,0.0,0.0
1/21/2019 22:00,0.0,0.0
1/21/2019 23:00,0.0,0.0
1/22/2019 0:00,0.0,0.0
1/22/2019 1:00,0.0,0.0
1/22/2019 2:00,0.0,0.0
1/22/2019 3:00,0.0,0.0
1/22/2019 4:00,0.0,0.0
1/22/2019 5:00,0.0,0.0
1/22/2019 6:00,0.0,0.0
1/22/2019 7:00,0.0,0.0
1/22/2019 8:00,0.0,0.0
1/22/2019 9:00,0.14,0.02
1/22/2019 10:00,1.83,0.26
1/22/2019 11:00,2.73,0.39
1/22/2019 12:00,2.72,0.39
1/22/2019 13:00,1.75,0.25
1/22/2019 14:00,1.0,0.14
1/22/2019 15:00,0.74,0.11
1/22/2019 16:00,0.72,0.1
1/22/2019 17:00,0.37,0.05
1/22/2019 18:00,0.0,0.0
1/22/2019 19:00,0.0,0.0
1/22/2019 20:00,0.0,0.0
1/22/2019 21:00,0.0,0.0
1/22/2019 22:00,0.0,0.0
1/22/2019 23:00,0.0,0.0
1/23/2019 0:00,0.0,0.0
1/23/2019 1:00,0.0,0.0
1/23/2019 2:00,0.0,0.0
1/23/2019 3:00,0.0,0.0
1/23/2019 4:00,0.0,0.0
1/23/2019 5:00,0.0,0.0
1/23/2019 6:00,0.0,0.0
1/23/2019 7:00,0.0,0.0
1/23/2019 8:00,0.0,0.0
1/23/2019 9:00,0.19,0.03
1/23/2019 10:00,1.89,0.27
1/23/2019 11:00,3.25,0.46
1/23/2019 12:00,2.7,0.39
1/23/2019 13:00,4.78,0.68
1/23/2019 14:00,2.19,0.31
1/23/2019 15:00,1.29,0.18
1/23/2019 16:00,0.37,0.05
1/23/2019 17:00,0.16,0.02
1/23/2019 18:00,0.01,0.0
1/23/2019 19:00,0.0,0.0
1/23/2019 20:00,0.0,0.0
1/23/2019 21:00,0.0,0.0
1/23/2019 22:00,0.0,0.0
1/23/2019 23:00,0.0,0.0
1/24/2019 0:00,0.0,0.0
1/24/2019 1:00,0.0,0.0
1/24/2019 2:00,0.0,0.0
1/24/2019 3:00,0.0,0.0
1/24/2019 4:00,0.0,0.0
1/24/2019 5:00,0.0,0.0
1/24/2019 6:00,0.0,0.0
1/24/2019 7:00,0.0,0.0
1/24/2019 8:00,0.0,0.0
1/24/2019 9:00,0.12,0.02
1/24/2019 10:00,1.67,0.24
1/24/2019 11:00,3.7,0.53
1/24/2019 12:00,3.53,0.5
1/24/2019 13:00,2.55,0.36
1/24/2019 14:00,3.34,0.48
1/24/2019 15:00,2.69,0.38
1/24/2019 16:00,3.16,0.45
1/24/2019 17:00,1.88,0.27
1/24/2019 18:00,0.27,0.04
1/24/2019 19:00,0.0,0.0
1/24/2019 20:00,0.0,0.0
1/24/2019 21:00,0.0,0.0
1/24/2019 22:00,0.0,0.0
1/24/2019 23:00,0.0,0.0
1/25/2019 0:00,0.0,0.0
1/25/2019 1:00,0.0,0.0
1/25/2019 2:00,0.0,0.0
1/25/2019 3:00,0.0,0.0
1/25/2019 4:00,0.0,0.0
1/25/2019 5:00,0.0,0.0
1/25/2019 6:00,0.0,0.0
1/25/2019 7:00,0.0,0.0
1/25/2019 8:00,0.0,0.0
1/25/2019 9:00,0.06,0.01
1/25/2019 10:00,2.48,0.35
1/25/2019 11:00,4.05,0.58
1/25/2019 12:00,4.69,0.67
1/25/2019 13:00,4.86,0.69
1/25/2019 14:00,4.66,0.67
1/25/2019 15:00,4.15,0.59
1/25/2019 16:00,3.16,0.45
1/25/2019 17:00,1.82,0.26
1/25/2019 18:00,0.34,0.05
1/25/2019 19:00,0.0,0.0
1/25/2019 20:00,0.0,0.0
1/25/2019 21:00,0.0,0.0
1/25/2019 22:00,0.0,0.0
1/25/2019 23:00,0.0,0.0
1/26/2019 0:00,0.0,0.0
1/26/2019 1:00,0.0,0.0
1/26/2019 2:00,0.0,0.0
1/26/2019 3:00,0.0,0.0
1/26/2019 4:00,0.0,0.0
1/26/2019 5:00,0.0,0.0
1/26/2019 6:00,0.0,0.0
1/26/2019 7:00,0.0,0.0
1/26/2019 8:00,0.0,0.0
1/26/2019 9:00,0.06,0.01
1/26/2019 10:00,2.54,0.36
1/26/2019 11:00,3.95,0.56
1/26/2019 12:00,4.55,0.65
1/26/2019 13:00,4.68,0.67
1/26/2019 14:00,4.55,0.65
1/26/2019 15:00,4.13,0.59
1/26/2019 16:00,3.24,0.46
1/26/2019 17:00,1.92,0.27
1/26/2019 18:00,0.38,0.05
1/26/2019 19:00,0.0,0.0
1/26/2019 20:00,0.0,0.0
1/26/2019 21:00,0.0,0.0
1/26/2019 22:00,0.0,0.0
1/26/2019 23:00,0.0,0.0
1/27/2019 0:00,0.0,0.0
1/27/2019 1:00,0.0,0.0
1/27/2019 2:00,0.0,0.0
1/27/2019 3:00,0.0,0.0
1/27/2019 4:00,0.0,0.0
1/27/2019 5:00,0.0,0.0
1/27/2019 6:00,0.0,0.0
1/27/2019 7:00,0.0,0.0
1/27/2019 8:00,0.0,0.0
1/27/2019 9:00,0.21,0.03
1/27/2019 10:00,2.13,0.3
1/27/2019 11:00,2.84,0.41
1/27/2019 12:00,2.31,0.33
1/27/2019 13:00,1.88,0.27
1/27/2019 14:00,2.61,0.37
1/27/2019 15:00,1.7,0.24
1/27/2019 16:00,1.68,0.24
1/27/2019 17:00,1.5,0.21
1/27/2019 18:00,0.18,0.03
1/27/2019 19:00,0.0,0.0
1/27/2019 20:00,0.0,0.0
1/27/2019 21:00,0.0,0.0
1/27/2019 22:00,0.0,0.0
1/27/2019 23:00,0.0,0.0
1/28/2019 0:00,0.0,0.0
1/28/2019 1:00,0.0,0.0
1/28/2019 2:00,0.0,0.0
1/28/2019 3:00,0.0,0.0
1/28/2019 4:00,0.0,0.0
1/28/2019 5:00,0.0,0.0
1/28/2019 6:00,0.0,0.0
1/28/2019 7:00,0.0,0.0
1/28/2019 8:00,0.0,0.0
1/28/2019 9:00,0.26,0.04
1/28/2019 10:00,1.64,0.23
1/28/2019 11:00,2.3,0.33
1/28/2019 12:00,2.75,0.39
1/28/2019 13:00,1.63,0.23
1/28/2019 14:00,1.38,0.2
1/28/2019 15:00,0.53,0.08
1/28/2019 16:00,1.12,0.16
1/28/2019 17:00,0.24,0.03
1/28/2019 18:00,0.09,0.01
1/28/2019 19:00,0.0,0.0
1/28/2019 20:00,0.0,0.0
1/28/2019 21:00,0.0,0.0
1/28/2019 22:00,0.0,0.0
1/28/2019 23:00,0.0,0.0
1/29/2019 0:00,0.0,0.0
1/29/2019 1:00,0.0,0.0
1/29/2019 2:00,0.0,0.0
1/29/2019 3:00,0.0,0.0
1/29/2019 4:00,0.0,0.0
1/29/2019 5:00,0.0,0.0
1/29/2019 6:00,0.0,0.0
1/29/2019 7:00,0.0,0.0
1/29/2019 8:00,0.0,0.0
1/29/2019 9:00,0.19,0.03
1/29/2019 10:00,2.11,0.3
1/29/2019 11:00,1.82,0.26
1/29/2019 12:00,1.4,0.2
1/29/2019 13:00,1.32,0.19
1/29/2019 14:00,1.0,0.14
1/29/2019 15:00,1.86,0.27
1/29/2019 16:00,0.68,0.1
1/29/2019 17:00,0.16,0.02
1/29/2019 18:00,0.03,0.0
1/29/2019 19:00,0.0,0.0
1/29/2019 20:00,0.0,0.0
1/29/2019 21:00,0.0,0.0
1/29/2019 22:00,0.0,0.0
1/29/2019 23:00,0.0,0.0
1/30/2019 0:00,0.0,0.0
1/30/2019 1:00,0.0,0.0
1/30/2019 2:00,0.0,0.0
1/30/2019 3:00,0.0,0.0
1/30/2019 4:00,0.0,0.0
1/30/2019 5:00,0.0,0.0
1/30/2019 6:00,0.0,0.0
1/30/2019 7:00,0.0,0.0
1/30/2019 8:00,0.0,0.0
1/30/2019 9:00,0.16,0.02
1/30/2019 10:00,0.4,0.06
1/30/2019 11:00,0.4,0.06
1/30/2019 12:00,0.32,0.05
1/30/2019 13:00,0.42,0.06
1/30/2019 14:00,0.73,0.1
1/30/2019 15:00,0.65,0.09
1/30/2019 16:00,0.47,0.07
1/30/2019 17:00,0.33,0.05
1/30/2019 18:00,0.06,0.01
1/30/2019 19:00,0.0,0.0
1/30/2019 20:00,0.0,0.0
1/30/2019 21:00,0.0,0.0
1/30/2019 22:00,0.0,0.0
1/30/2019 23:00,0.0,0.0
1/31/2019 0:00,0.0,0.0
1/31/2019 1:00,0.0,0.0
1/31/2019 2:00,0.0,0.0
1/31/2019 3:00,0.0,0.0
1/31/2019 4:00,0.0,0.0
1/31/2019 5:00,0.0,0.0
1/31/2019 6:00,0.0,0.0
1/31/2019 7:00,0.0,0.0
1/31/2019 8:00,0.0,0.0
1/31/2019 9:00,0.19,0.03
1/31/2019 10:00,0.55,0.08
1/31/2019 11:00,2.34,0.33
1/31/2019 12:00,1.64,0.23
1/31/2019 13:00,1.4,0.2
1/31/2019 14:00,2.44,0.35
1/31/2019 15:00,1.96,0.28
1/31/2019 16:00,0.68,0.1
1/31/2019 17:00,0.24,0.03
1/31/2019 18:00,0.01,0.0
1/31/2019 19:00,0.0,0.0
1/31/2019 20:00,0.0,0.0
1/31/2019 21:00,0.0,0.0
1/31/2019 22:00,0.0,0.0
1/31/2019 23:00,0.0,0.0
2/1/2019 0:00,0.0,0.0
2/1/2019 1:00,0.0,0.0
2/1/2019 2:00,0.0,0.0
2/1/2019 3:00,0.0,0.0
2/1/2019 4:00,0.0,0.0
2/1/2019 5:00,0.0,0.0
2/1/2019 6:00,0.0,0.0
2/1/2019 7:00,0.0,0.0
2/1/2019 8:00,0.0,0.0
2/1/2019 9:00,0.46,0.07
2/1/2019 10:00,1.79,0.26
2/1/2019 11:00,3.0,0.43
2/1/2019 12:00,4.04,0.58
2/1/2019 13:00,3.8,0.54
2/1/2019 14:00,1.8,0.26
2/1/2019 15:00,2.65,0.38
2/1/2019 16:00,2.76,0.39
2/1/2019 17:00,1.31,0.19
2/1/2019 18:00,0.18,0.03
2/1/2019 19:00,0.0,0.0
2/1/2019 20:00,0.0,0.0
2/1/2019 21:00,0.0,0.0
2/1/2019 22:00,0.0,0.0
2/1/2019 23:00,0.0,0.0
2/2/2019 0:00,0.0,0.0
2/2/2019 1:00,0.0,0.0
2/2/2019 2:00,0.0,0.0
2/2/2019 3:00,0.0,0.0
2/2/2019 4:00,0.0,0.0
2/2/2019 5:00,0.0,0.0
2/2/2019 6:00,0.0,0.0
2/2/2019 7:00,0.0,0.0
2/2/2019 8:00,0.0,0.0
2/2/2019 9:00,0.25,0.04
2/2/2019 10:00,2.65,0.38
2/2/2019 11:00,2.73,0.39
2/2/2019 12:00,4.41,0.63
2/2/2019 13:00,4.02,0.57
2/2/2019 14:00,3.4,0.49
2/2/2019 15:00,4.23,0.6
2/2/2019 16:00,3.54,0.51
2/2/2019 17:00,1.63,0.23
2/2/2019 18:00,0.41,0.06
2/2/2019 19:00,0.0,0.0
2/2/2019 20:00,0.0,0.0
2/2/2019 21:00,0.0,0.0
2/2/2019 22:00,0.0,0.0
2/2/2019 23:00,0.0,0.0
2/3/2019 0:00,0.0,0.0
2/3/2019 1:00,0.0,0.0
2/3/2019 2:00,0.0,0.0
2/3/2019 3:00,0.0,0.0
2/3/2019 4:00,0.0,0.0
2/3/2019 5:00,0.0,0.0
2/3/2019 6:00,0.0,0.0
2/3/2019 7:00,0.0,0.0
2/3/2019 8:00,0.0,0.0
2/3/2019 9:00,0.18,0.03
2/3/2019 10:00,3.01,0.43
2/3/2019 11:00,4.19,0.6
2/3/2019 12:00,4.89,0.7
2/3/2019 13:00,5.17,0.74
2/3/2019 14:00,5.03,0.72
2/3/2019 15:00,4.46,0.64
2/3/2019 16:00,3.53,0.5
2/3/2019 17:00,2.15,0.31
2/3/2019 18:00,0.53,0.08
2/3/2019 19:00,0.0,0.0
2/3/2019 20:00,0.0,0.0
2/3/2019 21:00,0.0,0.0
2/3/2019 22:00,0.0,0.0
2/3/2019 23:00,0.0,0.0
2/4/2019 0:00,0.0,0.0
2/4/2019 1:00,0.0,0.0
2/4/2019 2:00,0.0,0.0
2/4/2019 3:00,0.0,0.0
2/4/2019 4:00,0.0,0.0
2/4/2019 5:00,0.0,0.0
2/4/2019 6:00,0.0,0.0
2/4/2019 7:00,0.0,0.0
2/4/2019 8:00,0.0,0.0
2/4/2019 9:00,0.22,0.03
2/4/2019 10:00,3.05,0.44
2/4/2019 11:00,4.11,0.59
2/4/2019 12:00,4.57,0.65
2/4/2019 13:00,4.95,0.71
2/4/2019 14:00,4.21,0.6
2/4/2019 15:00,3.5,0.5
2/4/2019 16:00,2.61,0.37
2/4/2019 17:00,1.18,0.17
2/4/2019 18:00,0.16,0.02
2/4/2019 19:00,0.0,0.0
2/4/2019 20:00,0.0,0.0
2/4/2019 21:00,0.0,0.0
2/4/2019 22:00,0.0,0.0
2/4/2019 23:00,0.0,0.0
2/5/2019 0:00,0.0,0.0
2/5/2019 1:00,0.0,0.0
2/5/2019 2:00,0.0,0.0
2/5/2019 3:00,0.0,0.0
2/5/2019 4:00,0.0,0.0
2/5/2019 5:00,0.0,0.0
2/5/2019 6:00,0.0,0.0
2/5/2019 7:00,0.0,0.0
2/5/2019 8:00,0.01,0.0
2/5/2019 9:00,0.38,0.05
2/5/2019 10:00,3.08,0.44
2/5/2019 11:00,4.15,0.59
2/5/2019 12:00,4.72,0.67
2/5/2019 13:00,4.93,0.7
2/5/2019 14:00,4.69,0.67
2/5/2019 15:00,4.27,0.61
2/5/2019 16:00,3.39,0.48
2/5/2019 17:00,2.07,0.3
2/5/2019 18:00,0.53,0.08
2/5/2019 19:00,0.0,0.0
2/5/2019 20:00,0.0,0.0
2/5/2019 21:00,0.0,0.0
2/5/2019 22:00,0.0,0.0
2/5/2019 23:00,0.0,0.0
2/6/2019 0:00,0.0,0.0
2/6/2019 1:00,0.0,0.0
2/6/2019 2:00,0.0,0.0
2/6/2019 3:00,0.0,0.0
2/6/2019 4:00,0.0,0.0
2/6/2019 5:00,0.0,0.0
2/6/2019 6:00,0.0,0.0
2/6/2019 7:00,0.0,0.0
2/6/2019 8:00,0.01,0.0
2/6/2019 9:00,0.52,0.07
2/6/2019 10:00,2.42,0.35
2/6/2019 11:00,3.86,0.55
2/6/2019 12:00,4.63,0.66
2/6/2019 13:00,4.72,0.67
2/6/2019 14:00,4.66,0.67
2/6/2019 15:00,4.14,0.59
2/6/2019 16:00,3.22,0.46
2/6/2019 17:00,1.49,0.21
2/6/2019 18:00,0.38,0.05
2/6/2019 19:00,0.0,0.0
2/6/2019 20:00,0.0,0.0
2/6/2019 21:00,0.0,0.0
2/6/2019 22:00,0.0,0.0
2/6/2019 23:00,0.0,0.0
2/7/2019 0:00,0.0,0.0
2/7/2019 1:00,0.0,0.0
2/7/2019 2:00,0.0,0.0
2/7/2019 3:00,0.0,0.0
2/7/2019 4:00,0.0,0.0
2/7/2019 5:00,0.0,0.0
2/7/2019 6:00,0.0,0.0
2/7/2019 7:00,0.0,0.0
2/7/2019 8:00,0.0,0.0
2/7/2019 9:00,0.37,0.05
2/7/2019 10:00,2.67,0.38
2/7/2019 11:00,2.24,0.32
2/7/2019 12:00,2.62,0.37
2/7/2019 13:00,2.73,0.39
2/7/2019 14:00,3.37,0.48
2/7/2019 15:00,4.36,0.62
2/7/2019 16:00,3.45,0.49
2/7/2019 17:00,2.1,0.3
2/7/2019 18:00,0.55,0.08
2/7/2019 19:00,0.0,0.0
2/7/2019 20:00,0.0,0.0
2/7/2019 21:00,0.0,0.0
2/7/2019 22:00,0.0,0.0
2/7/2019 23:00,0.0,0.0
2/8/2019 0:00,0.0,0.0
2/8/2019 1:00,0.0,0.0
2/8/2019 2:00,0.0,0.0
2/8/2019 3:00,0.0,0.0
2/8/2019 4:00,0.0,0.0
2/8/2019 5:00,0.0,0.0
2/8/2019 6:00,0.0,0.0
2/8/2019 7:00,0.0,0.0
2/8/2019 8:00,0.02,0.0
2/8/2019 9:00,0.35,0.05
2/8/2019 10:00,1.01,0.14
2/8/2019 11:00,2.63,0.38
2/8/2019 12:00,3.39,0.48
2/8/2019 13:00,2.53,0.36
2/8/2019 14:00,2.78,0.4
2/8/2019 15:00,4.02,0.57
2/8/2019 16:00,2.77,0.4
2/8/2019 17:00,2.02,0.29
2/8/2019 18:00,0.33,0.05
2/8/2019 19:00,0.0,0.0
2/8/2019 20:00,0.0,0.0
2/8/2019 21:00,0.0,0.0
2/8/2019 22:00,0.0,0.0
2/8/2019 23:00,0.0,0.0
2/9/2019 0:00,0.0,0.0
2/9/2019 1:00,0.0,0.0
2/9/2019 2:00,0.0,0.0
2/9/2019 3:00,0.0,0.0
2/9/2019 4:00,0.0,0.0
2/9/2019 5:00,0.0,0.0
2/9/2019 6:00,0.0,0.0
2/9/2019 7:00,0.0,0.0
2/9/2019 8:00,0.01,0.0
2/9/2019 9:00,0.42,0.06
2/9/2019 10:00,1.28,0.18
2/9/2019 11:00,2.53,0.36
2/9/2019 12:00,3.58,0.51
2/9/2019 13:00,4.39,0.63
2/9/2019 14:00,4.73,0.68
2/9/2019 15:00,3.5,0.5
2/9/2019 16:00,3.46,0.49
2/9/2019 17:00,2.17,0.31
2/9/2019 18:00,0.57,0.08
2/9/2019 19:00,0.0,0.0
2/9/2019 20:00,0.0,0.0
2/9/2019 21:00,0.0,0.0
2/9/2019 22:00,0.0,0.0
2/9/2019 23:00,0.0,0.0
2/10/2019 0:00,0.0,0.0
2/10/2019 1:00,0.0,0.0
2/10/2019 2:00,0.0,0.0
2/10/2019 3:00,0.0,0.0
2/10/2019 4:00,0.0,0.0
2/10/2019 5:00,0.0,0.0
2/10/2019 6:00,0.0,0.0
2/10/2019 7:00,0.0,0.0
2/10/2019 8:00,0.02,0.0
2/10/2019 9:00,0.4,0.06
2/10/2019 10:00,0.8,0.11
2/10/2019 11:00,1.01,0.14
2/10/2019 12:00,1.25,0.18
2/10/2019 13:00,1.14,0.16
2/10/2019 14:00,0.92,0.13
2/10/2019 15:00,1.14,0.16
2/10/2019 16:00,0.72,0.1
2/10/2019 17:00,0.3,0.04
2/10/2019 18:00,0.0,0.0
2/10/2019 19:00,0.0,0.0
2/10/2019 20:00,0.0,0.0
2/10/2019 21:00,0.0,0.0
2/10/2019 22:00,0.0,0.0
2/10/2019 23:00,0.0,0.0
2/11/2019 0:00,0.0,0.0
2/11/2019 1:00,0.0,0.0
2/11/2019 2:00,0.0,0.0
2/11/2019 3:00,0.0,0.0
2/11/2019 4:00,0.0,0.0
2/11/2019 5:00,0.0,0.0
2/11/2019 6:00,0.0,0.0
2/11/2019 7:00,0.0,0.0
2/11/2019 8:00,0.0,0.0
2/11/2019 9:00,0.72,0.1
2/11/2019 10:00,3.21,0.46
2/11/2019 11:00,4.35,0.62
2/11/2019 12:00,5.06,0.72
2/11/2019 13:00,5.26,0.75
2/11/2019 14:00,5.1,0.73
2/11/2019 15:00,4.56,0.65
2/11/2019 16:00,3.63,0.52
2/11/2019 17:00,2.27,0.32
2/11/2019 18:00,0.67,0.1
2/11/2019 19:00,0.0,0.0
2/11/2019 20:00,0.0,0.0
2/11/2019 21:00,0.0,0.0
2/11/2019 22:00,0.0,0.0
2/11/2019 23:00,0.0,0.0
2/12/2019 0:00,0.0,0.0
2/12/2019 1:00,0.0,0.0
2/12/2019 2:00,0.0,0.0
2/12/2019 3:00,0.0,0.0
2/12/2019 4:00,0.0,0.0
2/12/2019 5:00,0.0,0.0
2/12/2019 6:00,0.0,0.0
2/12/2019 7:00,0.0,0.0
2/12/2019 8:00,0.0,0.0
2/12/2019 9:00,0.75,0.11
2/12/2019 10:00,3.15,0.45
2/12/2019 11:00,4.24,0.61
2/12/2019 12:00,4.9,0.7
2/12/2019 13:00,5.12,0.73
2/12/2019 14:00,4.96,0.71
2/12/2019 15:00,4.43,0.63
2/12/2019 16:00,3.52,0.5
2/12/2019 17:00,2.2,0.31
2/12/2019 18:00,0.63,0.09
2/12/2019 19:00,0.0,0.0
2/12/2019 20:00,0.0,0.0
2/12/2019 21:00,0.0,0.0
2/12/2019 22:00,0.0,0.0
2/12/2019 23:00,0.0,0.0
2/13/2019 0:00,0.0,0.0
2/13/2019 1:00,0.0,0.0
2/13/2019 2:00,0.0,0.0
2/13/2019 3:00,0.0,0.0
2/13/2019 4:00,0.0,0.0
2/13/2019 5:00,0.0,0.0
2/13/2019 6:00,0.0,0.0
2/13/2019 7:00,0.0,0.0
2/13/2019 8:00,0.01,0.0
2/13/2019 9:00,0.79,0.11
2/13/2019 10:00,2.94,0.42
2/13/2019 11:00,4.17,0.6
2/13/2019 12:00,4.89,0.7
2/13/2019 13:00,5.08,0.73
2/13/2019 14:00,4.89,0.7
2/13/2019 15:00,4.43,0.63
2/13/2019 16:00,3.52,0.5
2/13/2019 17:00,2.15,0.31
2/13/2019 18:00,0.64,0.09
2/13/2019 19:00,0.0,0.0
2/13/2019 20:00,0.0,0.0
2/13/2019 21:00,0.0,0.0
2/13/2019 22:00,0.0,0.0
2/13/2019 23:00,0.0,0.0
2/14/2019 0:00,0.0,0.0
2/14/2019 1:00,0.0,0.0
2/14/2019 2:00,0.0,0.0
2/14/2019 3:00,0.0,0.0
2/14/2019 4:00,0.0,0.0
2/14/2019 5:00,0.0,0.0
2/14/2019 6:00,0.0,0.0
2/14/2019 7:00,0.0,0.0
2/14/2019 8:00,0.02,0.0
2/14/2019 9:00,0.87,0.12
2/14/2019 10:00,3.08,0.44
2/14/2019 11:00,4.27,0.61
2/14/2019 12:00,5.05,0.72
2/14/2019 13:00,5.16,0.74
2/14/2019 14:00,5.14,0.73
2/14/2019 15:00,4.56,0.65
2/14/2019 16:00,3.59,0.51
2/14/2019 17:00,2.19,0.31
2/14/2019 18:00,0.62,0.09
2/14/2019 19:00,0.0,0.0
2/14/2019 20:00,0.0,0.0
2/14/2019 21:00,0.0,0.0
2/14/2019 22:00,0.0,0.0
2/14/2019 23:00,0.0,0.0
2/15/2019 0:00,0.0,0.0
2/15/2019 1:00,0.0,0.0
2/15/2019 2:00,0.0,0.0
2/15/2019 3:00,0.0,0.0
2/15/2019 4:00,0.0,0.0
2/15/2019 5:00,0.0,0.0
2/15/2019 6:00,0.0,0.0
2/15/2019 7:00,0.0,0.0
2/15/2019 8:00,0.03,0.0
2/15/2019 9:00,0.51,0.07
2/15/2019 10:00,1.99,0.28
2/15/2019 11:00,2.64,0.38
2/15/2019 12:00,2.71,0.39
2/15/2019 13:00,3.44,0.49
2/15/2019 14:00,3.08,0.44
2/15/2019 15:00,2.43,0.35
2/15/2019 16:00,1.34,0.19
2/15/2019 17:00,0.75,0.11
2/15/2019 18:00,0.26,0.04
2/15/2019 19:00,0.0,0.0
2/15/2019 20:00,0.0,0.0
2/15/2019 21:00,0.0,0.0
2/15/2019 22:00,0.0,0.0
2/15/2019 23:00,0.0,0.0
2/16/2019 0:00,0.0,0.0
2/16/2019 1:00,0.0,0.0
2/16/2019 2:00,0.0,0.0
2/16/2019 3:00,0.0,0.0
2/16/2019 4:00,0.0,0.0
2/16/2019 5:00,0.0,0.0
2/16/2019 6:00,0.0,0.0
2/16/2019 7:00,0.0,0.0
2/16/2019 8:00,0.02,0.0
2/16/2019 9:00,0.69,0.1
2/16/2019 10:00,2.04,0.29
2/16/2019 11:00,3.57,0.51
2/16/2019 12:00,3.89,0.56
2/16/2019 13:00,4.6,0.66
2/16/2019 14:00,5.07,0.72
2/16/2019 15:00,4.48,0.64
2/16/2019 16:00,3.58,0.51
2/16/2019 17:00,2.19,0.31
2/16/2019 18:00,0.61,0.09
2/16/2019 19:00,0.0,0.0
2/16/2019 20:00,0.0,0.0
2/16/2019 21:00,0.0,0.0
2/16/2019 22:00,0.0,0.0
2/16/2019 23:00,0.0,0.0
2/17/2019 0:00,0.0,0.0
2/17/2019 1:00,0.0,0.0
2/17/2019 2:00,0.0,0.0
2/17/2019 3:00,0.0,0.0
2/17/2019 4:00,0.0,0.0
2/17/2019 5:00,0.0,0.0
2/17/2019 6:00,0.0,0.0
2/17/2019 7:00,0.0,0.0
2/17/2019 8:00,0.02,0.0
2/17/2019 9:00,1.09,0.16
2/17/2019 10:00,3.11,0.44
2/17/2019 11:00,3.52,0.5
2/17/2019 12:00,4.77,0.68
2/17/2019 13:00,4.72,0.67
2/17/2019 14:00,4.33,0.62
2/17/2019 15:00,2.55,0.36
2/17/2019 16:00,1.25,0.18
2/17/2019 17:00,0.37,0.05
2/17/2019 18:00,0.1,0.01
2/17/2019 19:00,0.0,0.0
2/17/2019 20:00,0.0,0.0
2/17/2019 21:00,0.0,0.0
2/17/2019 22:00,0.0,0.0
2/17/2019 23:00,0.0,0.0
2/18/2019 0:00,0.0,0.0
2/18/2019 1:00,0.0,0.0
2/18/2019 2:00,0.0,0.0
2/18/2019 3:00,0.0,0.0
2/18/2019 4:00,0.0,0.0
2/18/2019 5:00,0.0,0.0
2/18/2019 6:00,0.0,0.0
2/18/2019 7:00,0.0,0.0
2/18/2019 8:00,0.0,0.0
2/18/2019 9:00,0.23,0.03
2/18/2019 10:00,0.54,0.08
2/18/2019 11:00,0.91,0.13
2/18/2019 12:00,1.11,0.16
2/18/2019 13:00,0.89,0.13
2/18/2019 14:00,0.71,0.1
2/18/2019 15:00,0.45,0.06
2/18/2019 16:00,0.16,0.02
2/18/2019 17:00,0.11,0.02
2/18/2019 18:00,0.01,0.0
2/18/2019 19:00,0.0,0.0
2/18/2019 20:00,0.0,0.0
2/18/2019 21:00,0.0,0.0
2/18/2019 22:00,0.0,0.0
2/18/2019 23:00,0.0,0.0
2/19/2019 0:00,0.0,0.0
2/19/2019 1:00,0.0,0.0
2/19/2019 2:00,0.0,0.0
2/19/2019 3:00,0.0,0.0
2/19/2019 4:00,0.0,0.0
2/19/2019 5:00,0.0,0.0
2/19/2019 6:00,0.0,0.0
2/19/2019 7:00,0.0,0.0
2/19/2019 8:00,0.04,0.01
2/19/2019 9:00,1.25,0.18
2/19/2019 10:00,3.11,0.44
2/19/2019 11:00,4.22,0.6
2/19/2019 12:00,4.83,0.69
2/19/2019 13:00,4.98,0.71
2/19/2019 14:00,4.83,0.69
2/19/2019 15:00,2.65,0.38
2/19/2019 16:00,3.28,0.47
2/19/2019 17:00,2.24,0.32
2/19/2019 18:00,0.56,0.08
2/19/2019 19:00,0.0,0.0
2/19/2019 20:00,0.0,0.0
2/19/2019 21:00,0.0,0.0
2/19/2019 22:00,0.0,0.0
2/19/2019 23:00,0.0,0.0
2/20/2019 0:00,0.0,0.0
2/20/2019 1:00,0.0,0.0
2/20/2019 2:00,0.0,0.0
2/20/2019 3:00,0.0,0.0
2/20/2019 4:00,0.0,0.0
2/20/2019 5:00,0.0,0.0
2/20/2019 6:00,0.0,0.0
2/20/2019 7:00,0.0,0.0
2/20/2019 8:00,0.07,0.01
2/20/2019 9:00,0.99,0.14
2/20/2019 10:00,1.9,0.27
2/20/2019 11:00,3.8,0.54
2/20/2019 12:00,3.63,0.52
2/20/2019 13:00,4.55,0.65
2/20/2019 14:00,4.26,0.61
2/20/2019 15:00,3.52,0.5
2/20/2019 16:00,3.21,0.46
2/20/2019 17:00,2.04,0.29
2/20/2019 18:00,0.62,0.09
2/20/2019 19:00,0.01,0.0
2/20/2019 20:00,0.0,0.0
2/20/2019 21:00,0.0,0.0
2/20/2019 22:00,0.0,0.0
2/20/2019 23:00,0.0,0.0
2/21/2019 0:00,0.0,0.0
2/21/2019 1:00,0.0,0.0
2/21/2019 2:00,0.0,0.0
2/21/2019 3:00,0.0,0.0
2/21/2019 4:00,0.0,0.0
2/21/2019 5:00,0.0,0.0
2/21/2019 6:00,0.0,0.0
2/21/2019 7:00,0.0,0.0
2/21/2019 8:00,0.1,0.01
2/21/2019 9:00,0.9,0.13
2/21/2019 10:00,1.28,0.18
2/21/2019 11:00,1.49,0.21
2/21/2019 12:00,4.48,0.64
2/21/2019 13:00,5.06,0.72
2/21/2019 14:00,4.96,0.71
2/21/2019 15:00,4.15,0.59
2/21/2019 16:00,2.52,0.36
2/21/2019 17:00,1.27,0.18
2/21/2019 18:00,0.41,0.06
2/21/2019 19:00,0.01,0.0
2/21/2019 20:00,0.0,0.0
2/21/2019 21:00,0.0,0.0
2/21/2019 22:00,0.0,0.0
2/21/2019 23:00,0.0,0.0
2/22/2019 0:00,0.0,0.0
2/22/2019 1:00,0.0,0.0
2/22/2019 2:00,0.0,0.0
2/22/2019 3:00,0.0,0.0
2/22/2019 4:00,0.0,0.0
2/22/2019 5:00,0.0,0.0
2/22/2019 6:00,0.0,0.0
2/22/2019 7:00,0.0,0.0
2/22/2019 8:00,0.04,0.01
2/22/2019 9:00,1.12,0.16
2/22/2019 10:00,2.68,0.38
2/22/2019 11:00,3.84,0.55
2/22/2019 12:00,4.53,0.65
2/22/2019 13:00,5.05,0.72
2/22/2019 14:00,4.92,0.7
2/22/2019 15:00,4.48,0.64
2/22/2019 16:00,2.79,0.4
2/22/2019 17:00,1.08,0.15
2/22/2019 18:00,0.53,0.08
2/22/2019 19:00,0.01,0.0
2/22/2019 20:00,0.0,0.0
2/22/2019 21:00,0.0,0.0
2/22/2019 22:00,0.0,0.0
2/22/2019 23:00,0.0,0.0
2/23/2019 0:00,0.0,0.0
2/23/2019 1:00,0.0,0.0
2/23/2019 2:00,0.0,0.0
2/23/2019 3:00,0.0,0.0
2/23/2019 4:00,0.0,0.0
2/23/2019 5:00,0.0,0.0
2/23/2019 6:00,0.0,0.0
2/23/2019 7:00,0.0,0.0
2/23/2019 8:00,0.12,0.02
2/23/2019 9:00,1.21,0.17
2/23/2019 10:00,1.38,0.2
2/23/2019 11:00,2.83,0.4
2/23/2019 12:00,4.08,0.58
2/23/2019 13:00,4.74,0.68
2/23/2019 14:00,4.32,0.62
2/23/2019 15:00,4.41,0.63
2/23/2019 16:00,3.48,0.5
2/23/2019 17:00,2.14,0.31
2/23/2019 18:00,0.66,0.09
2/23/2019 19:00,0.01,0.0
2/23/2019 20:00,0.0,0.0
2/23/2019 21:00,0.0,0.0
2/23/2019 22:00,0.0,0.0
2/23/2019 23:00,0.0,0.0
2/24/2019 0:00,0.0,0.0
2/24/2019 1:00,0.0,0.0
2/24/2019 2:00,0.0,0.0
2/24/2019 3:00,0.0,0.0
2/24/2019 4:00,0.0,0.0
2/24/2019 5:00,0.0,0.0
2/24/2019 6:00,0.0,0.0
2/24/2019 7:00,0.0,0.0
2/24/2019 8:00,0.08,0.01
2/24/2019 9:00,1.48,0.21
2/24/2019 10:00,3.13,0.45
2/24/2019 11:00,4.22,0.6
2/24/2019 12:00,4.87,0.7
2/24/2019 13:00,5.1,0.73
2/24/2019 14:00,4.98,0.71
2/24/2019 15:00,3.86,0.55
2/24/2019 16:00,2.49,0.36
2/24/2019 17:00,2.26,0.32
2/24/2019 18:00,0.94,0.13
2/24/2019 19:00,0.01,0.0
2/24/2019 20:00,0.0,0.0
2/24/2019 21:00,0.0,0.0
2/24/2019 22:00,0.0,0.0
2/24/2019 23:00,0.0,0.0
2/25/2019 0:00,0.0,0.0
2/25/2019 1:00,0.0,0.0
2/25/2019 2:00,0.0,0.0
2/25/2019 3:00,0.0,0.0
2/25/2019 4:00,0.0,0.0
2/25/2019 5:00,0.0,0.0
2/25/2019 6:00,0.0,0.0
2/25/2019 7:00,0.0,0.0
2/25/2019 8:00,0.07,0.01
2/25/2019 9:00,1.65,0.24
2/25/2019 10:00,3.25,0.46
2/25/2019 11:00,4.44,0.63
2/25/2019 12:00,5.09,0.73
2/25/2019 13:00,5.28,0.75
2/25/2019 14:00,5.14,0.73
2/25/2019 15:00,4.62,0.66
2/25/2019 16:00,3.69,0.53
2/25/2019 17:00,2.21,0.32
2/25/2019 18:00,0.54,0.08
2/25/2019 19:00,0.0,0.0
2/25/2019 20:00,0.0,0.0
2/25/2019 21:00,0.0,0.0
2/25/2019 22:00,0.0,0.0
2/25/2019 23:00,0.0,0.0
2/26/2019 0:00,0.0,0.0
2/26/2019 1:00,0.0,0.0
2/26/2019 2:00,0.0,0.0
2/26/2019 3:00,0.0,0.0
2/26/2019 4:00,0.0,0.0
2/26/2019 5:00,0.0,0.0
2/26/2019 6:00,0.0,0.0
2/26/2019 7:00,0.0,0.0
2/26/2019 8:00,0.15,0.02
2/26/2019 9:00,0.86,0.12
2/26/2019 10:00,2.28,0.33
2/26/2019 11:00,4.48,0.64
2/26/2019 12:00,4.89,0.7
2/26/2019 13:00,5.49,0.78
2/26/2019 14:00,3.74,0.53
2/26/2019 15:00,3.03,0.43
2/26/2019 16:00,2.19,0.31
2/26/2019 17:00,0.71,0.1
2/26/2019 18:00,0.36,0.05
2/26/2019 19:00,0.02,0.0
2/26/2019 20:00,0.0,0.0
2/26/2019 21:00,0.0,0.0
2/26/2019 22:00,0.0,0.0
2/26/2019 23:00,0.0,0.0
2/27/2019 0:00,0.0,0.0
2/27/2019 1:00,0.0,0.0
2/27/2019 2:00,0.0,0.0
2/27/2019 3:00,0.0,0.0
2/27/2019 4:00,0.0,0.0
2/27/2019 5:00,0.0,0.0
2/27/2019 6:00,0.0,0.0
2/27/2019 7:00,0.0,0.0
2/27/2019 8:00,0.1,0.01
2/27/2019 9:00,0.8,0.11
2/27/2019 10:00,1.31,0.19
2/27/2019 11:00,2.23,0.32
2/27/2019 12:00,2.49,0.36
2/27/2019 13:00,2.15,0.31
2/27/2019 14:00,2.03,0.29
2/27/2019 15:00,2.41,0.34
2/27/2019 16:00,1.42,0.2
2/27/2019 17:00,2.26,0.32
2/27/2019 18:00,0.74,0.11
2/27/2019 19:00,0.03,0.0
2/27/2019 20:00,0.0,0.0
2/27/2019 21:00,0.0,0.0
2/27/2019 22:00,0.0,0.0
2/27/2019 23:00,0.0,0.0
2/28/2019 0:00,0.0,0.0
2/28/2019 1:00,0.0,0.0
2/28/2019 2:00,0.0,0.0
2/28/2019 3:00,0.0,0.0
2/28/2019 4:00,0.0,0.0
2/28/2019 5:00,0.0,0.0
2/28/2019 6:00,0.0,0.0
2/28/2019 7:00,0.0,0.0
2/28/2019 8:00,0.13,0.02
2/28/2019 9:00,1.02,0.15
2/28/2019 10:00,2.19,0.31
2/28/2019 11:00,3.82,0.55
2/28/2019 12:00,3.55,0.51
2/28/2019 13:00,4.48,0.64
2/28/2019 14:00,4.3,0.61
2/28/2019 15:00,3.74,0.53
2/28/2019 16:00,2.38,0.34
2/28/2019 17:00,1.45,0.21
2/28/2019 18:00,0.49,0.07
2/28/2019 19:00,0.01,0.0
2/28/2019 20:00,0.0,0.0
2/28/2019 21:00,0.0,0.0
2/28/2019 22:00,0.0,0.0
2/28/2019 23:00,0.0,0.0
3/1/2019 0:00,0.0,0.0
3/1/2019 1:00,0.0,0.0
3/1/2019 2:00,0.0,0.0
3/1/2019 3:00,0.0,0.0
3/1/2019 4:00,0.0,0.0
3/1/2019 5:00,0.0,0.0
3/1/2019 6:00,0.0,0.0
3/1/2019 7:00,0.0,0.0
3/1/2019 8:00,0.05,0.01
3/1/2019 9:00,0.98,0.14
3/1/2019 10:00,1.72,0.25
3/1/2019 11:00,3.62,0.52
3/1/2019 12:00,3.46,0.49
3/1/2019 13:00,4.86,0.69
3/1/2019 14:00,5.08,0.73
3/1/2019 15:00,3.64,0.52
3/1/2019 16:00,2.4,0.34
3/1/2019 17:00,2.43,0.35
3/1/2019 18:00,0.75,0.11
3/1/2019 19:00,0.01,0.0
3/1/2019 20:00,0.0,0.0
3/1/2019 21:00,0.0,0.0
3/1/2019 22:00,0.0,0.0
3/1/2019 23:00,0.0,0.0
3/2/2019 0:00,0.0,0.0
3/2/2019 1:00,0.0,0.0
3/2/2019 2:00,0.0,0.0
3/2/2019 3:00,0.0,0.0
3/2/2019 4:00,0.0,0.0
3/2/2019 5:00,0.0,0.0
3/2/2019 6:00,0.0,0.0
3/2/2019 7:00,0.0,0.0
3/2/2019 8:00,0.02,0.0
3/2/2019 9:00,0.51,0.07
3/2/2019 10:00,2.78,0.4
3/2/2019 11:00,4.6,0.66
3/2/2019 12:00,5.16,0.74
3/2/2019 13:00,5.32,0.76
3/2/2019 14:00,5.15,0.74
3/2/2019 15:00,4.67,0.67
3/2/2019 16:00,3.52,0.5
3/2/2019 17:00,2.51,0.36
3/2/2019 18:00,0.96,0.14
3/2/2019 19:00,0.04,0.01
3/2/2019 20:00,0.0,0.0
3/2/2019 21:00,0.0,0.0
3/2/2019 22:00,0.0,0.0
3/2/2019 23:00,0.0,0.0
3/3/2019 0:00,0.0,0.0
3/3/2019 1:00,0.0,0.0
3/3/2019 2:00,0.0,0.0
3/3/2019 3:00,0.0,0.0
3/3/2019 4:00,0.0,0.0
3/3/2019 5:00,0.0,0.0
3/3/2019 6:00,0.0,0.0
3/3/2019 7:00,0.0,0.0
3/3/2019 8:00,0.19,0.03
3/3/2019 9:00,1.78,0.25
3/3/2019 10:00,3.58,0.51
3/3/2019 11:00,4.44,0.63
3/3/2019 12:00,3.84,0.55
3/3/2019 13:00,5.3,0.76
3/3/2019 14:00,4.08,0.58
3/3/2019 15:00,3.9,0.56
3/3/2019 16:00,3.43,0.49
3/3/2019 17:00,2.34,0.33
3/3/2019 18:00,1.01,0.14
3/3/2019 19:00,0.05,0.01
3/3/2019 20:00,0.0,0.0
3/3/2019 21:00,0.0,0.0
3/3/2019 22:00,0.0,0.0
3/3/2019 23:00,0.0,0.0
3/4/2019 0:00,0.0,0.0
3/4/2019 1:00,0.0,0.0
3/4/2019 2:00,0.0,0.0
3/4/2019 3:00,0.0,0.0
3/4/2019 4:00,0.0,0.0
3/4/2019 5:00,0.0,0.0
3/4/2019 6:00,0.0,0.0
3/4/2019 7:00,0.0,0.0
3/4/2019 8:00,0.14,0.02
3/4/2019 9:00,1.54,0.22
3/4/2019 10:00,2.77,0.4
3/4/2019 11:00,4.44,0.63
3/4/2019 12:00,3.32,0.47
3/4/2019 13:00,4.62,0.66
3/4/2019 14:00,4.63,0.66
3/4/2019 15:00,3.48,0.5
3/4/2019 16:00,3.41,0.49
3/4/2019 17:00,2.11,0.3
3/4/2019 18:00,0.68,0.1
3/4/2019 19:00,0.04,0.01
3/4/2019 20:00,0.0,0.0
3/4/2019 21:00,0.0,0.0
3/4/2019 22:00,0.0,0.0
3/4/2019 23:00,0.0,0.0
3/5/2019 0:00,0.0,0.0
3/5/2019 1:00,0.0,0.0
3/5/2019 2:00,0.0,0.0
3/5/2019 3:00,0.0,0.0
3/5/2019 4:00,0.0,0.0
3/5/2019 5:00,0.0,0.0
3/5/2019 6:00,0.0,0.0
3/5/2019 7:00,0.0,0.0
3/5/2019 8:00,0.01,0.0
3/5/2019 9:00,0.19,0.03
3/5/2019 10:00,0.24,0.03
3/5/2019 11:00,0.55,0.08
3/5/2019 12:00,0.62,0.09
3/5/2019 13:00,0.84,0.12
3/5/2019 14:00,1.04,0.15
3/5/2019 15:00,0.79,0.11
3/5/2019 16:00,0.62,0.09
3/5/2019 17:00,0.18,0.03
3/5/2019 18:00,0.06,0.01
3/5/2019 19:00,0.0,0.0
3/5/2019 20:00,0.0,0.0
3/5/2019 21:00,0.0,0.0
3/5/2019 22:00,0.0,0.0
3/5/2019 23:00,0.0,0.0
3/6/2019 0:00,0.0,0.0
3/6/2019 1:00,0.0,0.0
3/6/2019 2:00,0.0,0.0
3/6/2019 3:00,0.0,0.0
3/6/2019 4:00,0.0,0.0
3/6/2019 5:00,0.0,0.0
3/6/2019 6:00,0.0,0.0
3/6/2019 7:00,0.0,0.0
3/6/2019 8:00,0.04,0.01
3/6/2019 9:00,0.18,0.03
3/6/2019 10:00,2.3,0.33
3/6/2019 11:00,3.38,0.48
3/6/2019 12:00,4.11,0.59
3/6/2019 13:00,4.56,0.65
3/6/2019 14:00,2.59,0.37
3/6/2019 15:00,3.19,0.46
3/6/2019 16:00,2.67,0.38
3/6/2019 17:00,1.39,0.2
3/6/2019 18:00,0.79,0.11
3/6/2019 19:00,0.02,0.0
3/6/2019 20:00,0.0,0.0
3/6/2019 21:00,0.0,0.0
3/6/2019 22:00,0.0,0.0
3/6/2019 23:00,0.0,0.0
3/7/2019 0:00,0.0,0.0
3/7/2019 1:00,0.0,0.0
3/7/2019 2:00,0.0,0.0
3/7/2019 3:00,0.0,0.0
3/7/2019 4:00,0.0,0.0
3/7/2019 5:00,0.0,0.0
3/7/2019 6:00,0.0,0.0
3/7/2019 7:00,0.0,0.0
3/7/2019 8:00,0.1,0.01
3/7/2019 9:00,1.71,0.24
3/7/2019 10:00,3.15,0.45
3/7/2019 11:00,2.52,0.36
3/7/2019 12:00,2.03,0.29
3/7/2019 13:00,2.52,0.36
3/7/2019 14:00,1.73,0.25
3/7/2019 15:00,0.38,0.05
3/7/2019 16:00,0.36,0.05
3/7/2019 17:00,0.27,0.04
3/7/2019 18:00,0.27,0.04
3/7/2019 19:00,0.06,0.01
3/7/2019 20:00,0.0,0.0
3/7/2019 21:00,0.0,0.0
3/7/2019 22:00,0.0,0.0
3/7/2019 23:00,0.0,0.0
3/8/2019 0:00,0.0,0.0
3/8/2019 1:00,0.0,0.0
3/8/2019 2:00,0.0,0.0
3/8/2019 3:00,0.0,0.0
3/8/2019 4:00,0.0,0.0
3/8/2019 5:00,0.0,0.0
3/8/2019 6:00,0.0,0.0
3/8/2019 7:00,0.0,0.0
3/8/2019 8:00,0.4,0.06
3/8/2019 9:00,2.02,0.29
3/8/2019 10:00,3.2,0.46
3/8/2019 11:00,4.18,0.6
3/8/2019 12:00,4.08,0.58
3/8/2019 13:00,5.16,0.74
3/8/2019 14:00,5.38,0.77
3/8/2019 15:00,4.74,0.68
3/8/2019 16:00,3.83,0.55
3/8/2019 17:00,2.5,0.36
3/8/2019 18:00,0.84,0.12
3/8/2019 19:00,0.07,0.01
3/8/2019 20:00,0.0,0.0
3/8/2019 21:00,0.0,0.0
3/8/2019 22:00,0.0,0.0
3/8/2019 23:00,0.0,0.0
3/9/2019 0:00,0.0,0.0
3/9/2019 1:00,0.0,0.0
3/9/2019 2:00,0.0,0.0
3/9/2019 3:00,0.0,0.0
3/9/2019 4:00,0.0,0.0
3/9/2019 5:00,0.0,0.0
3/9/2019 6:00,0.0,0.0
3/9/2019 7:00,0.0,0.0
3/9/2019 8:00,0.45,0.06
3/9/2019 9:00,2.18,0.31
3/9/2019 10:00,3.63,0.52
3/9/2019 11:00,4.63,0.66
3/9/2019 12:00,5.14,0.73
3/9/2019 13:00,5.32,0.76
3/9/2019 14:00,5.17,0.74
3/9/2019 15:00,4.68,0.67
3/9/2019 16:00,3.8,0.54
3/9/2019 17:00,2.54,0.36
3/9/2019 18:00,1.02,0.15
3/9/2019 19:00,0.06,0.01
3/9/2019 20:00,0.0,0.0
3/9/2019 21:00,0.0,0.0
3/9/2019 22:00,0.0,0.0
3/9/2019 23:00,0.0,0.0
3/10/2019 0:00,0.0,0.0
3/10/2019 1:00,0.0,0.0
3/10/2019 2:00,0.0,0.0
3/10/2019 3:00,0.0,0.0
3/10/2019 4:00,0.0,0.0
3/10/2019 5:00,0.0,0.0
3/10/2019 6:00,0.0,0.0
3/10/2019 7:00,0.0,0.0
3/10/2019 8:00,0.63,0.09
3/10/2019 9:00,1.8,0.26
3/10/2019 10:00,2.4,0.34
3/10/2019 11:00,3.24,0.46
3/10/2019 12:00,5.04,0.72
3/10/2019 13:00,5.38,0.77
3/10/2019 14:00,5.24,0.75
3/10/2019 15:00,4.71,0.67
3/10/2019 16:00,3.9,0.56
3/10/2019 17:00,2.66,0.38
3/10/2019 18:00,1.08,0.15
3/10/2019 19:00,0.07,0.01
3/10/2019 20:00,0.0,0.0
3/10/2019 21:00,0.0,0.0
3/10/2019 22:00,0.0,0.0
3/10/2019 23:00,0.0,0.0
3/11/2019 0:00,0.0,0.0
3/11/2019 1:00,0.0,0.0
3/11/2019 2:00,0.0,0.0
3/11/2019 3:00,0.0,0.0
3/11/2019 4:00,0.0,0.0
3/11/2019 5:00,0.0,0.0
3/11/2019 6:00,0.0,0.0
3/11/2019 7:00,0.0,0.0
3/11/2019 8:00,0.51,0.07
3/11/2019 9:00,2.26,0.32
3/11/2019 10:00,3.7,0.53
3/11/2019 11:00,4.71,0.67
3/11/2019 12:00,5.29,0.76
3/11/2019 13:00,5.43,0.78
3/11/2019 14:00,5.24,0.75
3/11/2019 15:00,4.74,0.68
3/11/2019 16:00,3.87,0.55
3/11/2019 17:00,2.6,0.37
3/11/2019 18:00,1.06,0.15
3/11/2019 19:00,0.07,0.01
3/11/2019 20:00,0.0,0.0
3/11/2019 21:00,0.0,0.0
3/11/2019 22:00,0.0,0.0
3/11/2019 23:00,0.0,0.0
3/12/2019 0:00,0.0,0.0
3/12/2019 1:00,0.0,0.0
3/12/2019 2:00,0.0,0.0
3/12/2019 3:00,0.0,0.0
3/12/2019 4:00,0.0,0.0
3/12/2019 5:00,0.0,0.0
3/12/2019 6:00,0.0,0.0
3/12/2019 7:00,0.0,0.0
3/12/2019 8:00,0.56,0.08
3/12/2019 9:00,2.3,0.33
3/12/2019 10:00,3.72,0.53
3/12/2019 11:00,4.69,0.67
3/12/2019 12:00,5.28,0.75
3/12/2019 13:00,5.44,0.78
3/12/2019 14:00,5.28,0.75
3/12/2019 15:00,4.76,0.68
3/12/2019 16:00,3.95,0.56
3/12/2019 17:00,2.56,0.37
3/12/2019 18:00,0.95,0.14
3/12/2019 19:00,0.07,0.01
3/12/2019 20:00,0.0,0.0
3/12/2019 21:00,0.0,0.0
3/12/2019 22:00,0.0,0.0
3/12/2019 23:00,0.0,0.0
3/13/2019 0:00,0.0,0.0
3/13/2019 1:00,0.0,0.0
3/13/2019 2:00,0.0,0.0
3/13/2019 3:00,0.0,0.0
3/13/2019 4:00,0.0,0.0
3/13/2019 5:00,0.0,0.0
3/13/2019 6:00,0.0,0.0
3/13/2019 7:00,0.0,0.0
3/13/2019 8:00,0.56,0.08
3/13/2019 9:00,2.41,0.34
3/13/2019 10:00,3.95,0.56
3/13/2019 11:00,5.04,0.72
3/13/2019 12:00,5.62,0.8
3/13/2019 13:00,5.79,0.83
3/13/2019 14:00,5.61,0.8
3/13/2019 15:00,5.05,0.72
3/13/2019 16:00,4.1,0.59
3/13/2019 17:00,2.74,0.39
3/13/2019 18:00,1.1,0.16
3/13/2019 19:00,0.08,0.01
3/13/2019 20:00,0.0,0.0
3/13/2019 21:00,0.0,0.0
3/13/2019 22:00,0.0,0.0
3/13/2019 23:00,0.0,0.0
3/14/2019 0:00,0.0,0.0
3/14/2019 1:00,0.0,0.0
3/14/2019 2:00,0.0,0.0
3/14/2019 3:00,0.0,0.0
3/14/2019 4:00,0.0,0.0
3/14/2019 5:00,0.0,0.0
3/14/2019 6:00,0.0,0.0
3/14/2019 7:00,0.0,0.0
3/14/2019 8:00,0.6,0.09
3/14/2019 9:00,2.37,0.34
3/14/2019 10:00,3.83,0.55
3/14/2019 11:00,4.79,0.68
3/14/2019 12:00,5.33,0.76
3/14/2019 13:00,5.55,0.79
3/14/2019 14:00,5.42,0.77
3/14/2019 15:00,4.91,0.7
3/14/2019 16:00,4.02,0.57
3/14/2019 17:00,2.73,0.39
3/14/2019 18:00,1.13,0.16
3/14/2019 19:00,0.08,0.01
3/14/2019 20:00,0.0,0.0
3/14/2019 21:00,0.0,0.0
3/14/2019 22:00,0.0,0.0
3/14/2019 23:00,0.0,0.0
3/15/2019 0:00,0.0,0.0
3/15/2019 1:00,0.0,0.0
3/15/2019 2:00,0.0,0.0
3/15/2019 3:00,0.0,0.0
3/15/2019 4:00,0.0,0.0
3/15/2019 5:00,0.0,0.0
3/15/2019 6:00,0.0,0.0
3/15/2019 7:00,0.0,0.0
3/15/2019 8:00,0.65,0.09
3/15/2019 9:00,2.42,0.35
3/15/2019 10:00,3.83,0.55
3/15/2019 11:00,4.81,0.69
3/15/2019 12:00,5.31,0.76
3/15/2019 13:00,5.49,0.78
3/15/2019 14:00,5.33,0.76
3/15/2019 15:00,4.79,0.68
3/15/2019 16:00,3.92,0.56
3/15/2019 17:00,2.68,0.38
3/15/2019 18:00,1.1,0.16
3/15/2019 19:00,0.09,0.01
3/15/2019 20:00,0.0,0.0
3/15/2019 21:00,0.0,0.0
3/15/2019 22:00,0.0,0.0
3/15/2019 23:00,0.0,0.0
3/16/2019 0:00,0.0,0.0
3/16/2019 1:00,0.0,0.0
3/16/2019 2:00,0.0,0.0
3/16/2019 3:00,0.0,0.0
3/16/2019 4:00,0.0,0.0
3/16/2019 5:00,0.0,0.0
3/16/2019 6:00,0.0,0.0
3/16/2019 7:00,0.0,0.0
3/16/2019 8:00,0.64,0.09
3/16/2019 9:00,2.35,0.34
3/16/2019 10:00,3.69,0.53
3/16/2019 11:00,4.61,0.66
3/16/2019 12:00,5.1,0.73
3/16/2019 13:00,5.25,0.75
3/16/2019 14:00,5.12,0.73
3/16/2019 15:00,4.61,0.66
3/16/2019 16:00,3.96,0.57
3/16/2019 17:00,2.75,0.39
3/16/2019 18:00,1.14,0.16
3/16/2019 19:00,0.09,0.01
3/16/2019 20:00,0.0,0.0
3/16/2019 21:00,0.0,0.0
3/16/2019 22:00,0.0,0.0
3/16/2019 23:00,0.0,0.0
3/17/2019 0:00,0.0,0.0
3/17/2019 1:00,0.0,0.0
3/17/2019 2:00,0.0,0.0
3/17/2019 3:00,0.0,0.0
3/17/2019 4:00,0.0,0.0
3/17/2019 5:00,0.0,0.0
3/17/2019 6:00,0.0,0.0
3/17/2019 7:00,0.0,0.0
3/17/2019 8:00,0.81,0.12
3/17/2019 9:00,1.47,0.21
3/17/2019 10:00,3.56,0.51
3/17/2019 11:00,4.13,0.59
3/17/2019 12:00,2.81,0.4
3/17/2019 13:00,2.15,0.31
3/17/2019 14:00,2.68,0.38
3/17/2019 15:00,2.42,0.35
3/17/2019 16:00,2.09,0.3
3/17/2019 17:00,2.07,0.3
3/17/2019 18:00,0.51,0.07
3/17/2019 19:00,0.04,0.01
3/17/2019 20:00,0.0,0.0
3/17/2019 21:00,0.0,0.0
3/17/2019 22:00,0.0,0.0
3/17/2019 23:00,0.0,0.0
3/18/2019 0:00,0.0,0.0
3/18/2019 1:00,0.0,0.0
3/18/2019 2:00,0.0,0.0
3/18/2019 3:00,0.0,0.0
3/18/2019 4:00,0.0,0.0
3/18/2019 5:00,0.0,0.0
3/18/2019 6:00,0.0,0.0
3/18/2019 7:00,0.0,0.0
3/18/2019 8:00,0.72,0.1
3/18/2019 9:00,2.44,0.35
3/18/2019 10:00,3.86,0.55
3/18/2019 11:00,4.87,0.7
3/18/2019 12:00,5.47,0.78
3/18/2019 13:00,5.67,0.81
3/18/2019 14:00,5.44,0.78
3/18/2019 15:00,4.77,0.68
3/18/2019 16:00,3.95,0.56
3/18/2019 17:00,2.71,0.39
3/18/2019 18:00,1.12,0.16
3/18/2019 19:00,0.1,0.01
3/18/2019 20:00,0.0,0.0
3/18/2019 21:00,0.0,0.0
3/18/2019 22:00,0.0,0.0
3/18/2019 23:00,0.0,0.0
3/19/2019 0:00,0.0,0.0
3/19/2019 1:00,0.0,0.0
3/19/2019 2:00,0.0,0.0
3/19/2019 3:00,0.0,0.0
3/19/2019 4:00,0.0,0.0
3/19/2019 5:00,0.0,0.0
3/19/2019 6:00,0.0,0.0
3/19/2019 7:00,0.0,0.0
3/19/2019 8:00,0.76,0.11
3/19/2019 9:00,2.47,0.35
3/19/2019 10:00,3.88,0.55
3/19/2019 11:00,4.84,0.69
3/19/2019 12:00,5.37,0.77
3/19/2019 13:00,5.57,0.8
3/19/2019 14:00,5.37,0.77
3/19/2019 15:00,4.84,0.69
3/19/2019 16:00,3.99,0.57
3/19/2019 17:00,2.72,0.39
3/19/2019 18:00,1.15,0.16
3/19/2019 19:00,0.1,0.01
3/19/2019 20:00,0.0,0.0
3/19/2019 21:00,0.0,0.0
3/19/2019 22:00,0.0,0.0
3/19/2019 23:00,0.0,0.0
3/20/2019 0:00,0.0,0.0
3/20/2019 1:00,0.0,0.0
3/20/2019 2:00,0.0,0.0
3/20/2019 3:00,0.0,0.0
3/20/2019 4:00,0.0,0.0
3/20/2019 5:00,0.0,0.0
3/20/2019 6:00,0.0,0.0
3/20/2019 7:00,0.0,0.0
3/20/2019 8:00,0.79,0.11
3/20/2019 9:00,2.52,0.36
3/20/2019 10:00,3.97,0.57
3/20/2019 11:00,4.97,0.71
3/20/2019 12:00,5.51,0.79
3/20/2019 13:00,5.66,0.81
3/20/2019 14:00,5.47,0.78
3/20/2019 15:00,4.92,0.7
3/20/2019 16:00,4.05,0.58
3/20/2019 17:00,2.78,0.4
3/20/2019 18:00,1.18,0.17
3/20/2019 19:00,0.1,0.01
3/20/2019 20:00,0.0,0.0
3/20/2019 21:00,0.0,0.0
3/20/2019 22:00,0.0,0.0
3/20/2019 23:00,0.0,0.0
3/21/2019 0:00,0.0,0.0
3/21/2019 1:00,0.0,0.0
3/21/2019 2:00,0.0,0.0
3/21/2019 3:00,0.0,0.0
3/21/2019 4:00,0.0,0.0
3/21/2019 5:00,0.0,0.0
3/21/2019 6:00,0.0,0.0
3/21/2019 7:00,0.0,0.0
3/21/2019 8:00,0.79,0.11
3/21/2019 9:00,2.47,0.35
3/21/2019 10:00,3.84,0.55
3/21/2019 11:00,4.76,0.68
3/21/2019 12:00,5.09,0.73
3/21/2019 13:00,4.42,0.63
3/21/2019 14:00,3.24,0.46
3/21/2019 15:00,1.62,0.23
3/21/2019 16:00,2.6,0.37
3/21/2019 17:00,2.26,0.32
3/21/2019 18:00,1.15,0.16
3/21/2019 19:00,0.13,0.02
3/21/2019 20:00,0.0,0.0
3/21/2019 21:00,0.0,0.0
3/21/2019 22:00,0.0,0.0
3/21/2019 23:00,0.0,0.0
3/22/2019 0:00,0.0,0.0
3/22/2019 1:00,0.0,0.0
3/22/2019 2:00,0.0,0.0
3/22/2019 3:00,0.0,0.0
3/22/2019 4:00,0.0,0.0
3/22/2019 5:00,0.0,0.0
3/22/2019 6:00,0.0,0.0
3/22/2019 7:00,0.01,0.0
3/22/2019 8:00,0.8,0.11
3/22/2019 9:00,2.46,0.35
3/22/2019 10:00,3.87,0.55
3/22/2019 11:00,4.81,0.69
3/22/2019 12:00,5.35,0.76
3/22/2019 13:00,5.59,0.8
3/22/2019 14:00,5.46,0.78
3/22/2019 15:00,4.96,0.71
3/22/2019 16:00,4.05,0.58
3/22/2019 17:00,2.72,0.39
3/22/2019 18:00,1.14,0.16
3/22/2019 19:00,0.12,0.02
3/22/2019 20:00,0.0,0.0
3/22/2019 21:00,0.0,0.0
3/22/2019 22:00,0.0,0.0
3/22/2019 23:00,0.0,0.0
3/23/2019 0:00,0.0,0.0
3/23/2019 1:00,0.0,0.0
3/23/2019 2:00,0.0,0.0
3/23/2019 3:00,0.0,0.0
3/23/2019 4:00,0.0,0.0
3/23/2019 5:00,0.0,0.0
3/23/2019 6:00,0.0,0.0
3/23/2019 7:00,0.01,0.0
3/23/2019 8:00,0.76,0.11
3/23/2019 9:00,2.38,0.34
3/23/2019 10:00,3.79,0.54
3/23/2019 11:00,4.78,0.68
3/23/2019 12:00,5.28,0.75
3/23/2019 13:00,5.59,0.8
3/23/2019 14:00,5.42,0.77
3/23/2019 15:00,4.81,0.69
3/23/2019 16:00,3.37,0.48
3/23/2019 17:00,2.57,0.37
3/23/2019 18:00,0.54,0.08
3/23/2019 19:00,0.09,0.01
3/23/2019 20:00,0.0,0.0
3/23/2019 21:00,0.0,0.0
3/23/2019 22:00,0.0,0.0
3/23/2019 23:00,0.0,0.0
3/24/2019 0:00,0.0,0.0
3/24/2019 1:00,0.0,0.0
3/24/2019 2:00,0.0,0.0
3/24/2019 3:00,0.0,0.0
3/24/2019 4:00,0.0,0.0
3/24/2019 5:00,0.0,0.0
3/24/2019 6:00,0.0,0.0
3/24/2019 7:00,0.02,0.0
3/24/2019 8:00,0.77,0.11
3/24/2019 9:00,2.38,0.34
3/24/2019 10:00,3.85,0.55
3/24/2019 11:00,4.86,0.69
3/24/2019 12:00,4.25,0.61
3/24/2019 13:00,3.69,0.53
3/24/2019 14:00,4.0,0.57
3/24/2019 15:00,3.96,0.57
3/24/2019 16:00,3.55,0.51
3/24/2019 17:00,1.68,0.24
3/24/2019 18:00,0.5,0.07
3/24/2019 19:00,0.1,0.01
3/24/2019 20:00,0.0,0.0
3/24/2019 21:00,0.0,0.0
3/24/2019 22:00,0.0,0.0
3/24/2019 23:00,0.0,0.0
3/25/2019 0:00,0.0,0.0
3/25/2019 1:00,0.0,0.0
3/25/2019 2:00,0.0,0.0
3/25/2019 3:00,0.0,0.0
3/25/2019 4:00,0.0,0.0
3/25/2019 5:00,0.0,0.0
3/25/2019 6:00,0.0,0.0
3/25/2019 7:00,0.02,0.0
3/25/2019 8:00,0.74,0.11
3/25/2019 9:00,2.32,0.33
3/25/2019 10:00,3.66,0.52
3/25/2019 11:00,4.61,0.66
3/25/2019 12:00,5.2,0.74
3/25/2019 13:00,5.46,0.78
3/25/2019 14:00,5.35,0.76
3/25/2019 15:00,4.87,0.7
3/25/2019 16:00,3.95,0.56
3/25/2019 17:00,2.66,0.38
3/25/2019 18:00,1.11,0.16
3/25/2019 19:00,0.12,0.02
3/25/2019 20:00,0.0,0.0
3/25/2019 21:00,0.0,0.0
3/25/2019 22:00,0.0,0.0
3/25/2019 23:00,0.0,0.0
3/26/2019 0:00,0.0,0.0
3/26/2019 1:00,0.0,0.0
3/26/2019 2:00,0.0,0.0
3/26/2019 3:00,0.0,0.0
3/26/2019 4:00,0.0,0.0
3/26/2019 5:00,0.0,0.0
3/26/2019 6:00,0.0,0.0
3/26/2019 7:00,0.01,0.0
3/26/2019 8:00,0.37,0.05
3/26/2019 9:00,1.63,0.23
3/26/2019 10:00,3.68,0.53
3/26/2019 11:00,4.85,0.69
3/26/2019 12:00,5.52,0.79
3/26/2019 13:00,5.0,0.71
3/26/2019 14:00,2.75,0.39
3/26/2019 15:00,4.83,0.69
3/26/2019 16:00,3.24,0.46
3/26/2019 17:00,2.39,0.34
3/26/2019 18:00,0.88,0.13
3/26/2019 19:00,0.11,0.02
3/26/2019 20:00,0.0,0.0
3/26/2019 21:00,0.0,0.0
3/26/2019 22:00,0.0,0.0
3/26/2019 23:00,0.0,0.0
3/27/2019 0:00,0.0,0.0
3/27/2019 1:00,0.0,0.0
3/27/2019 2:00,0.0,0.0
3/27/2019 3:00,0.0,0.0
3/27/2019 4:00,0.0,0.0
3/27/2019 5:00,0.0,0.0
3/27/2019 6:00,0.0,0.0
3/27/2019 7:00,0.03,0.0
3/27/2019 8:00,0.76,0.11
3/27/2019 9:00,2.28,0.33
3/27/2019 10:00,3.72,0.53
3/27/2019 11:00,4.79,0.68
3/27/2019 12:00,5.42,0.77
3/27/2019 13:00,5.61,0.8
3/27/2019 14:00,5.38,0.77
3/27/2019 15:00,4.84,0.69
3/27/2019 16:00,3.99,0.57
3/27/2019 17:00,2.8,0.4
3/27/2019 18:00,1.21,0.17
3/27/2019 19:00,0.13,0.02
3/27/2019 20:00,0.0,0.0
3/27/2019 21:00,0.0,0.0
3/27/2019 22:00,0.0,0.0
3/27/2019 23:00,0.0,0.0
3/28/2019 0:00,0.0,0.0
3/28/2019 1:00,0.0,0.0
3/28/2019 2:00,0.0,0.0
3/28/2019 3:00,0.0,0.0
3/28/2019 4:00,0.0,0.0
3/28/2019 5:00,0.0,0.0
3/28/2019 6:00,0.0,0.0
3/28/2019 7:00,0.03,0.0
3/28/2019 8:00,0.88,0.13
3/28/2019 9:00,2.51,0.36
3/28/2019 10:00,3.91,0.56
3/28/2019 11:00,4.86,0.69
3/28/2019 12:00,5.46,0.78
3/28/2019 13:00,5.52,0.79
3/28/2019 14:00,5.29,0.76
3/28/2019 15:00,4.82,0.69
3/28/2019 16:00,3.97,0.57
3/28/2019 17:00,2.69,0.38
3/28/2019 18:00,1.14,0.16
3/28/2019 19:00,0.13,0.02
3/28/2019 20:00,0.0,0.0
3/28/2019 21:00,0.0,0.0
3/28/2019 22:00,0.0,0.0
3/28/2019 23:00,0.0,0.0
3/29/2019 0:00,0.0,0.0
3/29/2019 1:00,0.0,0.0
3/29/2019 2:00,0.0,0.0
3/29/2019 3:00,0.0,0.0
3/29/2019 4:00,0.0,0.0
3/29/2019 5:00,0.0,0.0
3/29/2019 6:00,0.0,0.0
3/29/2019 7:00,0.04,0.01
3/29/2019 8:00,0.9,0.13
3/29/2019 9:00,2.55,0.36
3/29/2019 10:00,3.93,0.56
3/29/2019 11:00,4.88,0.7
3/29/2019 12:00,5.46,0.78
3/29/2019 13:00,5.61,0.8
3/29/2019 14:00,5.46,0.78
3/29/2019 15:00,4.11,0.59
3/29/2019 16:00,3.98,0.57
3/29/2019 17:00,2.69,0.38
3/29/2019 18:00,1.18,0.17
3/29/2019 19:00,0.14,0.02
3/29/2019 20:00,0.0,0.0
3/29/2019 21:00,0.0,0.0
3/29/2019 22:00,0.0,0.0
3/29/2019 23:00,0.0,0.0
3/30/2019 0:00,0.0,0.0
3/30/2019 1:00,0.0,0.0
3/30/2019 2:00,0.0,0.0
3/30/2019 3:00,0.0,0.0
3/30/2019 4:00,0.0,0.0
3/30/2019 5:00,0.0,0.0
3/30/2019 6:00,0.0,0.0
3/30/2019 7:00,0.05,0.01
3/30/2019 8:00,0.41,0.06
3/30/2019 9:00,0.62,0.09
3/30/2019 10:00,0.69,0.1
3/30/2019 11:00,1.47,0.21
3/30/2019 12:00,5.07,0.72
3/30/2019 13:00,5.33,0.76
3/30/2019 14:00,5.1,0.73
3/30/2019 15:00,4.64,0.66
3/30/2019 16:00,3.77,0.54
3/30/2019 17:00,2.42,0.35
3/30/2019 18:00,0.8,0.11
3/30/2019 19:00,0.24,0.03
3/30/2019 20:00,0.0,0.0
3/30/2019 21:00,0.0,0.0
3/30/2019 22:00,0.0,0.0
3/30/2019 23:00,0.0,0.0
3/31/2019 0:00,0.0,0.0
3/31/2019 2:00,0.0,0.0
3/31/2019 3:00,0.0,0.0
3/31/2019 4:00,0.0,0.0
3/31/2019 5:00,0.0,0.0
3/31/2019 6:00,0.0,0.0
3/31/2019 7:00,0.0,0.0
3/31/2019 8:00,0.0,0.0
3/31/2019 9:00,0.0,0.0
3/31/2019 10:00,0.53,0.08
3/31/2019 11:00,2.56,0.37
3/31/2019 12:00,3.31,0.47
3/31/2019 13:00,4.23,0.6
3/31/2019 14:00,5.13,0.73
3/31/2019 15:00,5.29,0.76
3/31/2019 16:00,3.02,0.43
3/31/2019 17:00,3.78,0.54
3/31/2019 18:00,2.58,0.37
3/31/2019 19:00,2.45,0.35
3/31/2019 20:00,0.58,0.08
3/31/2019 21:00,0.03,0.0
3/31/2019 22:00,0.0,0.0
3/31/2019 23:00,0.0,0.0
4/1/2019 0:00,0.0,0.0
4/1/2019 1:00,0.0,0.0
4/1/2019 2:00,0.0,0.0
4/1/2019 3:00,0.0,0.0
4/1/2019 4:00,0.0,0.0
4/1/2019 5:00,0.0,0.0
4/1/2019 6:00,0.0,0.0
4/1/2019 7:00,0.0,0.0
4/1/2019 8:00,0.07,0.01
4/1/2019 9:00,0.66,0.09
4/1/2019 10:00,2.44,0.35
4/1/2019 11:00,3.52,0.5
4/1/2019 12:00,5.12,0.73
4/1/2019 13:00,3.4,0.49
4/1/2019 14:00,0.68,0.1
4/1/2019 15:00,0.87,0.12
4/1/2019 16:00,1.79,0.26
4/1/2019 17:00,3.64,0.52
4/1/2019 18:00,2.65,0.38
4/1/2019 19:00,1.16,0.17
4/1/2019 20:00,0.16,0.02
4/1/2019 21:00,0.0,0.0
4/1/2019 22:00,0.0,0.0
4/1/2019 23:00,0.0,0.0
4/2/2019 0:00,0.0,0.0
4/2/2019 1:00,0.0,0.0
4/2/2019 2:00,0.0,0.0
4/2/2019 3:00,0.0,0.0
4/2/2019 4:00,0.0,0.0
4/2/2019 5:00,0.0,0.0
4/2/2019 6:00,0.0,0.0
4/2/2019 7:00,0.0,0.0
4/2/2019 8:00,0.07,0.01
4/2/2019 9:00,0.65,0.09
4/2/2019 10:00,1.01,0.14
4/2/2019 11:00,2.56,0.37
4/2/2019 12:00,4.75,0.68
4/2/2019 13:00,4.33,0.62
4/2/2019 14:00,5.02,0.72
4/2/2019 15:00,3.61,0.52
4/2/2019 16:00,3.96,0.57
4/2/2019 17:00,3.67,0.52
4/2/2019 18:00,2.75,0.39
4/2/2019 19:00,1.26,0.18
4/2/2019 20:00,0.08,0.01
4/2/2019 21:00,0.0,0.0
4/2/2019 22:00,0.0,0.0
4/2/2019 23:00,0.0,0.0
4/3/2019 0:00,0.0,0.0
4/3/2019 1:00,0.0,0.0
4/3/2019 2:00,0.0,0.0
4/3/2019 3:00,0.0,0.0
4/3/2019 4:00,0.0,0.0
4/3/2019 5:00,0.0,0.0
4/3/2019 6:00,0.0,0.0
4/3/2019 7:00,0.0,0.0
4/3/2019 8:00,0.07,0.01
4/3/2019 9:00,0.93,0.13
4/3/2019 10:00,2.67,0.38
4/3/2019 11:00,3.76,0.54
4/3/2019 12:00,2.08,0.3
4/3/2019 13:00,3.71,0.53
4/3/2019 14:00,3.84,0.55
4/3/2019 15:00,4.07,0.58
4/3/2019 16:00,3.58,0.51
4/3/2019 17:00,3.82,0.55
4/3/2019 18:00,2.93,0.42
4/3/2019 19:00,1.32,0.19
4/3/2019 20:00,0.14,0.02
4/3/2019 21:00,0.0,0.0
4/3/2019 22:00,0.0,0.0
4/3/2019 23:00,0.0,0.0
4/4/2019 0:00,0.0,0.0
4/4/2019 1:00,0.0,0.0
4/4/2019 2:00,0.0,0.0
4/4/2019 3:00,0.0,0.0
4/4/2019 4:00,0.0,0.0
4/4/2019 5:00,0.0,0.0
4/4/2019 6:00,0.0,0.0
4/4/2019 7:00,0.0,0.0
4/4/2019 8:00,0.06,0.01
4/4/2019 9:00,1.02,0.15
4/4/2019 10:00,2.79,0.4
4/4/2019 11:00,4.17,0.6
4/4/2019 12:00,5.1,0.73
4/4/2019 13:00,4.99,0.71
4/4/2019 14:00,2.9,0.41
4/4/2019 15:00,3.98,0.57
4/4/2019 16:00,5.02,0.72
4/4/2019 17:00,3.05,0.44
4/4/2019 18:00,1.11,0.16
4/4/2019 19:00,0.32,0.05
4/4/2019 20:00,0.05,0.01
4/4/2019 21:00,0.0,0.0
4/4/2019 22:00,0.0,0.0
4/4/2019 23:00,0.0,0.0
4/5/2019 0:00,0.0,0.0
4/5/2019 1:00,0.0,0.0
4/5/2019 2:00,0.0,0.0
4/5/2019 3:00,0.0,0.0
4/5/2019 4:00,0.0,0.0
4/5/2019 5:00,0.0,0.0
4/5/2019 6:00,0.0,0.0
4/5/2019 7:00,0.0,0.0
4/5/2019 8:00,0.04,0.01
4/5/2019 9:00,0.97,0.14
4/5/2019 10:00,2.64,0.38
4/5/2019 11:00,4.12,0.59
4/5/2019 12:00,4.67,0.67
4/5/2019 13:00,3.31,0.47
4/5/2019 14:00,3.5,0.5
4/5/2019 15:00,2.55,0.36
4/5/2019 16:00,3.87,0.55
4/5/2019 17:00,1.96,0.28
4/5/2019 18:00,1.79,0.26
4/5/2019 19:00,0.71,0.1
4/5/2019 20:00,0.15,0.02
4/5/2019 21:00,0.0,0.0
4/5/2019 22:00,0.0,0.0
4/5/2019 23:00,0.0,0.0
4/6/2019 0:00,0.0,0.0
4/6/2019 1:00,0.0,0.0
4/6/2019 2:00,0.0,0.0
4/6/2019 3:00,0.0,0.0
4/6/2019 4:00,0.0,0.0
4/6/2019 5:00,0.0,0.0
4/6/2019 6:00,0.0,0.0
4/6/2019 7:00,0.0,0.0
4/6/2019 8:00,0.02,0.0
4/6/2019 9:00,0.82,0.12
4/6/2019 10:00,2.21,0.32
4/6/2019 11:00,4.07,0.58
4/6/2019 12:00,3.18,0.45
4/6/2019 13:00,5.33,0.76
4/6/2019 14:00,4.17,0.6
4/6/2019 15:00,5.17,0.74
4/6/2019 16:00,4.53,0.65
4/6/2019 17:00,3.32,0.47
4/6/2019 18:00,1.59,0.23
4/6/2019 19:00,1.04,0.15
4/6/2019 20:00,0.12,0.02
4/6/2019 21:00,0.0,0.0
4/6/2019 22:00,0.0,0.0
4/6/2019 23:00,0.0,0.0
4/7/2019 0:00,0.0,0.0
4/7/2019 1:00,0.0,0.0
4/7/2019 2:00,0.0,0.0
4/7/2019 3:00,0.0,0.0
4/7/2019 4:00,0.0,0.0
4/7/2019 5:00,0.0,0.0
4/7/2019 6:00,0.0,0.0
4/7/2019 7:00,0.0,0.0
4/7/2019 8:00,0.03,0.0
4/7/2019 9:00,0.37,0.05
4/7/2019 10:00,0.69,0.1
4/7/2019 11:00,0.83,0.12
4/7/2019 12:00,1.44,0.21
4/7/2019 13:00,1.03,0.15
4/7/2019 14:00,1.14,0.16
4/7/2019 15:00,2.88,0.41
4/7/2019 16:00,2.58,0.37
4/7/2019 17:00,1.72,0.25
4/7/2019 18:00,1.19,0.17
4/7/2019 19:00,0.43,0.06
4/7/2019 20:00,0.19,0.03
4/7/2019 21:00,0.0,0.0
4/7/2019 22:00,0.0,0.0
4/7/2019 23:00,0.0,0.0
4/8/2019 0:00,0.0,0.0
4/8/2019 1:00,0.0,0.0
4/8/2019 2:00,0.0,0.0
4/8/2019 3:00,0.0,0.0
4/8/2019 4:00,0.0,0.0
4/8/2019 5:00,0.0,0.0
4/8/2019 6:00,0.0,0.0
4/8/2019 7:00,0.0,0.0
4/8/2019 8:00,0.09,0.01
4/8/2019 9:00,1.04,0.15
4/8/2019 10:00,2.77,0.4
4/8/2019 11:00,4.16,0.59
4/8/2019 12:00,3.6,0.51
4/8/2019 13:00,3.57,0.51
4/8/2019 14:00,4.13,0.59
4/8/2019 15:00,2.48,0.35
4/8/2019 16:00,4.08,0.58
4/8/2019 17:00,3.05,0.44
4/8/2019 18:00,1.77,0.25
4/8/2019 19:00,0.66,0.09
4/8/2019 20:00,0.22,0.03
4/8/2019 21:00,0.0,0.0
4/8/2019 22:00,0.0,0.0
4/8/2019 23:00,0.0,0.0
4/9/2019 0:00,0.0,0.0
4/9/2019 1:00,0.0,0.0
4/9/2019 2:00,0.0,0.0
4/9/2019 3:00,0.0,0.0
4/9/2019 4:00,0.0,0.0
4/9/2019 5:00,0.0,0.0
4/9/2019 6:00,0.0,0.0
4/9/2019 7:00,0.0,0.0
4/9/2019 8:00,0.1,0.01
4/9/2019 9:00,0.94,0.13
4/9/2019 10:00,1.99,0.28
4/9/2019 11:00,3.34,0.48
4/9/2019 12:00,2.92,0.42
4/9/2019 13:00,3.65,0.52
4/9/2019 14:00,3.59,0.51
4/9/2019 15:00,1.91,0.27
4/9/2019 16:00,2.66,0.38
4/9/2019 17:00,2.35,0.34
4/9/2019 18:00,2.29,0.33
4/9/2019 19:00,0.93,0.13
4/9/2019 20:00,0.16,0.02
4/9/2019 21:00,0.0,0.0
4/9/2019 22:00,0.0,0.0
4/9/2019 23:00,0.0,0.0
4/10/2019 0:00,0.0,0.0
4/10/2019 1:00,0.0,0.0
4/10/2019 2:00,0.0,0.0
4/10/2019 3:00,0.0,0.0
4/10/2019 4:00,0.0,0.0
4/10/2019 5:00,0.0,0.0
4/10/2019 6:00,0.0,0.0
4/10/2019 7:00,0.0,0.0
4/10/2019 8:00,0.11,0.02
4/10/2019 9:00,0.75,0.11
4/10/2019 10:00,0.7,0.1
4/10/2019 11:00,1.22,0.17
4/10/2019 12:00,2.98,0.43
4/10/2019 13:00,2.63,0.38
4/10/2019 14:00,3.09,0.44
4/10/2019 15:00,3.46,0.49
4/10/2019 16:00,1.98,0.28
4/10/2019 17:00,2.65,0.38
4/10/2019 18:00,2.22,0.32
4/10/2019 19:00,1.17,0.17
4/10/2019 20:00,0.17,0.02
4/10/2019 21:00,0.0,0.0
4/10/2019 22:00,0.0,0.0
4/10/2019 23:00,0.0,0.0
4/11/2019 0:00,0.0,0.0
4/11/2019 1:00,0.0,0.0
4/11/2019 2:00,0.0,0.0
4/11/2019 3:00,0.0,0.0
4/11/2019 4:00,0.0,0.0
4/11/2019 5:00,0.0,0.0
4/11/2019 6:00,0.0,0.0
4/11/2019 7:00,0.0,0.0
4/11/2019 8:00,0.11,0.02
4/11/2019 9:00,1.08,0.15
4/11/2019 10:00,2.39,0.34
4/11/2019 11:00,4.13,0.59
4/11/2019 12:00,4.53,0.65
4/11/2019 13:00,4.32,0.62
4/11/2019 14:00,3.89,0.56
4/11/2019 15:00,5.01,0.72
4/11/2019 16:00,3.8,0.54
4/11/2019 17:00,3.12,0.45
4/11/2019 18:00,1.4,0.2
4/11/2019 19:00,1.11,0.16
4/11/2019 20:00,0.27,0.04
4/11/2019 21:00,0.0,0.0
4/11/2019 22:00,0.0,0.0
4/11/2019 23:00,0.0,0.0
4/12/2019 0:00,0.0,0.0
4/12/2019 1:00,0.0,0.0
4/12/2019 2:00,0.0,0.0
4/12/2019 3:00,0.0,0.0
4/12/2019 4:00,0.0,0.0
4/12/2019 5:00,0.0,0.0
4/12/2019 6:00,0.0,0.0
4/12/2019 7:00,0.0,0.0
4/12/2019 8:00,0.1,0.01
4/12/2019 9:00,1.09,0.16
4/12/2019 10:00,2.86,0.41
4/12/2019 11:00,4.14,0.59
4/12/2019 12:00,4.92,0.7
4/12/2019 13:00,2.36,0.34
4/12/2019 14:00,3.06,0.44
4/12/2019 15:00,3.01,0.43
4/12/2019 16:00,4.35,0.62
4/12/2019 17:00,4.05,0.58
4/12/2019 18:00,2.81,0.4
4/12/2019 19:00,1.37,0.2
4/12/2019 20:00,0.2,0.03
4/12/2019 21:00,0.0,0.0
4/12/2019 22:00,0.0,0.0
4/12/2019 23:00,0.0,0.0
4/13/2019 0:00,0.0,0.0
4/13/2019 1:00,0.0,0.0
4/13/2019 2:00,0.0,0.0
4/13/2019 3:00,0.0,0.0
4/13/2019 4:00,0.0,0.0
4/13/2019 5:00,0.0,0.0
4/13/2019 6:00,0.0,0.0
4/13/2019 7:00,0.0,0.0
4/13/2019 8:00,0.05,0.01
4/13/2019 9:00,0.64,0.09
4/13/2019 10:00,2.16,0.31
4/13/2019 11:00,1.91,0.27
4/13/2019 12:00,2.76,0.39
4/13/2019 13:00,2.77,0.4
4/13/2019 14:00,3.4,0.49
4/13/2019 15:00,3.57,0.51
4/13/2019 16:00,3.04,0.43
4/13/2019 17:00,1.75,0.25
4/13/2019 18:00,1.03,0.15
4/13/2019 19:00,0.81,0.12
4/13/2019 20:00,0.28,0.04
4/13/2019 21:00,0.0,0.0
4/13/2019 22:00,0.0,0.0
4/13/2019 23:00,0.0,0.0
4/14/2019 0:00,0.0,0.0
4/14/2019 1:00,0.0,0.0
4/14/2019 2:00,0.0,0.0
4/14/2019 3:00,0.0,0.0
4/14/2019 4:00,0.0,0.0
4/14/2019 5:00,0.0,0.0
4/14/2019 6:00,0.0,0.0
4/14/2019 7:00,0.0,0.0
4/14/2019 8:00,0.06,0.01
4/14/2019 9:00,0.44,0.06
4/14/2019 10:00,1.15,0.16
4/14/2019 11:00,3.7,0.53
4/14/2019 12:00,2.33,0.33
4/14/2019 13:00,4.46,0.64
4/14/2019 14:00,4.27,0.61
4/14/2019 15:00,3.88,0.55
4/14/2019 16:00,4.02,0.57
4/14/2019 17:00,3.09,0.44
4/14/2019 18:00,2.06,0.29
4/14/2019 19:00,1.15,0.16
4/14/2019 20:00,0.24,0.03
4/14/2019 21:00,0.0,0.0
4/14/2019 22:00,0.0,0.0
4/14/2019 23:00,0.0,0.0
4/15/2019 0:00,0.0,0.0
4/15/2019 1:00,0.0,0.0
4/15/2019 2:00,0.0,0.0
4/15/2019 3:00,0.0,0.0
4/15/2019 4:00,0.0,0.0
4/15/2019 5:00,0.0,0.0
4/15/2019 6:00,0.0,0.0
4/15/2019 7:00,0.0,0.0
4/15/2019 8:00,0.13,0.02
4/15/2019 9:00,0.41,0.06
4/15/2019 10:00,0.49,0.07
4/15/2019 11:00,1.02,0.15
4/15/2019 12:00,1.88,0.27
4/15/2019 13:00,2.95,0.42
4/15/2019 14:00,3.85,0.55
4/15/2019 15:00,3.49,0.5
4/15/2019 16:00,4.85,0.69
4/15/2019 17:00,3.19,0.46
4/15/2019 18:00,2.52,0.36
4/15/2019 19:00,0.64,0.09
4/15/2019 20:00,0.21,0.03
4/15/2019 21:00,0.0,0.0
4/15/2019 22:00,0.0,0.0
4/15/2019 23:00,0.0,0.0
4/16/2019 0:00,0.0,0.0
4/16/2019 1:00,0.0,0.0
4/16/2019 2:00,0.0,0.0
4/16/2019 3:00,0.0,0.0
4/16/2019 4:00,0.0,0.0
4/16/2019 5:00,0.0,0.0
4/16/2019 6:00,0.0,0.0
4/16/2019 7:00,0.0,0.0
4/16/2019 8:00,0.16,0.02
4/16/2019 9:00,1.13,0.16
4/16/2019 10:00,2.95,0.42
4/16/2019 11:00,4.22,0.6
4/16/2019 12:00,4.98,0.71
4/16/2019 13:00,5.58,0.8
4/16/2019 14:00,5.09,0.73
4/16/2019 15:00,5.08,0.73
4/16/2019 16:00,4.54,0.65
4/16/2019 17:00,3.17,0.45
4/16/2019 18:00,2.02,0.29
4/16/2019 19:00,0.95,0.14
4/16/2019 20:00,0.23,0.03
4/16/2019 21:00,0.0,0.0
4/16/2019 22:00,0.0,0.0
4/16/2019 23:00,0.0,0.0
4/17/2019 0:00,0.0,0.0
4/17/2019 1:00,0.0,0.0
4/17/2019 2:00,0.0,0.0
4/17/2019 3:00,0.0,0.0
4/17/2019 4:00,0.0,0.0
4/17/2019 5:00,0.0,0.0
4/17/2019 6:00,0.0,0.0
4/17/2019 7:00,0.0,0.0
4/17/2019 8:00,0.0,0.0
4/17/2019 9:00,0.01,0.0
4/17/2019 10:00,0.27,0.04
4/17/2019 11:00,0.57,0.08
4/17/2019 12:00,0.51,0.07
4/17/2019 13:00,0.48,0.07
4/17/2019 14:00,0.41,0.06
4/17/2019 15:00,0.42,0.06
4/17/2019 16:00,0.78,0.11
4/17/2019 17:00,0.79,0.11
4/17/2019 18:00,0.23,0.03
4/17/2019 19:00,0.22,0.03
4/17/2019 20:00,0.24,0.03
4/17/2019 21:00,0.0,0.0
4/17/2019 22:00,0.0,0.0
4/17/2019 23:00,0.0,0.0
4/18/2019 0:00,0.0,0.0
4/18/2019 1:00,0.0,0.0
4/18/2019 2:00,0.0,0.0
4/18/2019 3:00,0.0,0.0
4/18/2019 4:00,0.0,0.0
4/18/2019 5:00,0.0,0.0
4/18/2019 6:00,0.0,0.0
4/18/2019 7:00,0.0,0.0
4/18/2019 8:00,0.13,0.02
4/18/2019 9:00,1.19,0.17
4/18/2019 10:00,2.69,0.38
4/18/2019 11:00,2.16,0.31
4/18/2019 12:00,4.0,0.57
4/18/2019 13:00,2.92,0.42
4/18/2019 14:00,4.73,0.68
4/18/2019 15:00,2.53,0.36
4/18/2019 16:00,2.07,0.3
4/18/2019 17:00,3.3,0.47
4/18/2019 18:00,2.35,0.34
4/18/2019 19:00,1.85,0.26
4/18/2019 20:00,0.42,0.06
4/18/2019 21:00,0.0,0.0
4/18/2019 22:00,0.0,0.0
4/18/2019 23:00,0.0,0.0
4/19/2019 0:00,0.0,0.0
4/19/2019 1:00,0.0,0.0
4/19/2019 2:00,0.0,0.0
4/19/2019 3:00,0.0,0.0
4/19/2019 4:00,0.0,0.0
4/19/2019 5:00,0.0,0.0
4/19/2019 6:00,0.0,0.0
4/19/2019 7:00,0.0,0.0
4/19/2019 8:00,0.27,0.04
4/19/2019 9:00,0.84,0.12
4/19/2019 10:00,1.16,0.17
4/19/2019 11:00,1.84,0.26
4/19/2019 12:00,1.93,0.28
4/19/2019 13:00,2.21,0.32
4/19/2019 14:00,1.8,0.26
4/19/2019 15:00,1.96,0.28
4/19/2019 16:00,1.21,0.17
4/19/2019 17:00,1.15,0.16
4/19/2019 18:00,3.43,0.49
4/19/2019 19:00,1.39,0.2
4/19/2019 20:00,0.29,0.04
4/19/2019 21:00,0.0,0.0
4/19/2019 22:00,0.0,0.0
4/19/2019 23:00,0.0,0.0
4/20/2019 0:00,0.0,0.0
4/20/2019 1:00,0.0,0.0
4/20/2019 2:00,0.0,0.0
4/20/2019 3:00,0.0,0.0
4/20/2019 4:00,0.0,0.0
4/20/2019 5:00,0.0,0.0
4/20/2019 6:00,0.0,0.0
4/20/2019 7:00,0.0,0.0
4/20/2019 8:00,0.12,0.02
4/20/2019 9:00,0.52,0.07
4/20/2019 10:00,1.56,0.22
4/20/2019 11:00,3.13,0.45
4/20/2019 12:00,4.57,0.65
4/20/2019 13:00,5.38,0.77
4/20/2019 14:00,4.94,0.71
4/20/2019 15:00,4.96,0.71
4/20/2019 16:00,4.22,0.6
4/20/2019 17:00,3.81,0.54
4/20/2019 18:00,2.62,0.37
4/20/2019 19:00,1.19,0.17
4/20/2019 20:00,0.25,0.04
4/20/2019 21:00,0.0,0.0
4/20/2019 22:00,0.0,0.0
4/20/2019 23:00,0.0,0.0
4/21/2019 0:00,0.0,0.0
4/21/2019 1:00,0.0,0.0
4/21/2019 2:00,0.0,0.0
4/21/2019 3:00,0.0,0.0
4/21/2019 4:00,0.0,0.0
4/21/2019 5:00,0.0,0.0
4/21/2019 6:00,0.0,0.0
4/21/2019 7:00,0.0,0.0
4/21/2019 8:00,0.24,0.03
4/21/2019 9:00,1.06,0.15
4/21/2019 10:00,2.76,0.39
4/21/2019 11:00,4.12,0.59
4/21/2019 12:00,4.99,0.71
4/21/2019 13:00,5.47,0.78
4/21/2019 14:00,5.59,0.8
4/21/2019 15:00,5.34,0.76
4/21/2019 16:00,4.87,0.7
4/21/2019 17:00,2.24,0.32
4/21/2019 18:00,1.64,0.23
4/21/2019 19:00,1.18,0.17
4/21/2019 20:00,0.23,0.03
4/21/2019 21:00,0.0,0.0
4/21/2019 22:00,0.0,0.0
4/21/2019 23:00,0.0,0.0
4/22/2019 0:00,0.0,0.0
4/22/2019 1:00,0.0,0.0
4/22/2019 2:00,0.0,0.0
4/22/2019 3:00,0.0,0.0
4/22/2019 4:00,0.0,0.0
4/22/2019 5:00,0.0,0.0
4/22/2019 6:00,0.0,0.0
4/22/2019 7:00,0.0,0.0
4/22/2019 8:00,0.28,0.04
4/22/2019 9:00,1.25,0.18
4/22/2019 10:00,2.83,0.4
4/22/2019 11:00,3.86,0.55
4/22/2019 12:00,4.47,0.64
4/22/2019 13:00,4.02,0.57
4/22/2019 14:00,4.68,0.67
4/22/2019 15:00,5.35,0.76
4/22/2019 16:00,4.42,0.63
4/22/2019 17:00,2.29,0.33
4/22/2019 18:00,1.04,0.15
4/22/2019 19:00,0.41,0.06
4/22/2019 20:00,0.1,0.01
4/22/2019 21:00,0.0,0.0
4/22/2019 22:00,0.0,0.0
4/22/2019 23:00,0.0,0.0
4/23/2019 0:00,0.0,0.0
4/23/2019 1:00,0.0,0.0
4/23/2019 2:00,0.0,0.0
4/23/2019 3:00,0.0,0.0
4/23/2019 4:00,0.0,0.0
4/23/2019 5:00,0.0,0.0
4/23/2019 6:00,0.0,0.0
4/23/2019 7:00,0.0,0.0
4/23/2019 8:00,0.19,0.03
4/23/2019 9:00,1.3,0.19
4/23/2019 10:00,1.01,0.14
4/23/2019 11:00,1.77,0.25
4/23/2019 12:00,3.3,0.47
4/23/2019 13:00,3.58,0.51
4/23/2019 14:00,4.84,0.69
4/23/2019 15:00,4.49,0.64
4/23/2019 16:00,4.37,0.62
4/23/2019 17:00,3.65,0.52
4/23/2019 18:00,3.01,0.43
4/23/2019 19:00,1.3,0.19
4/23/2019 20:00,0.36,0.05
4/23/2019 21:00,0.0,0.0
4/23/2019 22:00,0.0,0.0
4/23/2019 23:00,0.0,0.0
4/24/2019 0:00,0.0,0.0
4/24/2019 1:00,0.0,0.0
4/24/2019 2:00,0.0,0.0
4/24/2019 3:00,0.0,0.0
4/24/2019 4:00,0.0,0.0
4/24/2019 5:00,0.0,0.0
4/24/2019 6:00,0.0,0.0
4/24/2019 7:00,0.0,0.0
4/24/2019 8:00,0.07,0.01
4/24/2019 9:00,0.77,0.11
4/24/2019 10:00,1.21,0.17
4/24/2019 11:00,3.01,0.43
4/24/2019 12:00,2.33,0.33
4/24/2019 13:00,1.78,0.25
4/24/2019 14:00,4.05,0.58
4/24/2019 15:00,3.74,0.53
4/24/2019 16:00,1.39,0.2
4/24/2019 17:00,1.35,0.19
4/24/2019 18:00,1.25,0.18
4/24/2019 19:00,0.27,0.04
4/24/2019 20:00,0.13,0.02
4/24/2019 21:00,0.0,0.0
4/24/2019 22:00,0.0,0.0
4/24/2019 23:00,0.0,0.0
4/25/2019 0:00,0.0,0.0
4/25/2019 1:00,0.0,0.0
4/25/2019 2:00,0.0,0.0
4/25/2019 3:00,0.0,0.0
4/25/2019 4:00,0.0,0.0
4/25/2019 5:00,0.0,0.0
4/25/2019 6:00,0.0,0.0
4/25/2019 7:00,0.0,0.0
4/25/2019 8:00,0.22,0.03
4/25/2019 9:00,1.2,0.17
4/25/2019 10:00,2.43,0.35
4/25/2019 11:00,2.61,0.37
4/25/2019 12:00,4.7,0.67
4/25/2019 13:00,3.43,0.49
4/25/2019 14:00,5.0,0.71
4/25/2019 15:00,4.6,0.66
4/25/2019 16:00,4.62,0.66
4/25/2019 17:00,4.16,0.59
4/25/2019 18:00,2.67,0.38
4/25/2019 19:00,1.17,0.17
4/25/2019 20:00,0.31,0.04
4/25/2019 21:00,0.01,0.0
4/25/2019 22:00,0.0,0.0
4/25/2019 23:00,0.0,0.0
4/26/2019 0:00,0.0,0.0
4/26/2019 1:00,0.0,0.0
4/26/2019 2:00,0.0,0.0
4/26/2019 3:00,0.0,0.0
4/26/2019 4:00,0.0,0.0
4/26/2019 5:00,0.0,0.0
4/26/2019 6:00,0.0,0.0
4/26/2019 7:00,0.0,0.0
4/26/2019 8:00,0.25,0.04
4/26/2019 9:00,1.27,0.18
4/26/2019 10:00,2.97,0.42
4/26/2019 11:00,2.16,0.31
4/26/2019 12:00,4.01,0.57
4/26/2019 13:00,4.23,0.6
4/26/2019 14:00,4.49,0.64
4/26/2019 15:00,5.42,0.77
4/26/2019 16:00,4.62,0.66
4/26/2019 17:00,3.98,0.57
4/26/2019 18:00,2.91,0.42
4/26/2019 19:00,1.32,0.19
4/26/2019 20:00,0.25,0.04
4/26/2019 21:00,0.01,0.0
4/26/2019 22:00,0.0,0.0
4/26/2019 23:00,0.0,0.0
4/27/2019 0:00,0.0,0.0
4/27/2019 1:00,0.0,0.0
4/27/2019 2:00,0.0,0.0
4/27/2019 3:00,0.0,0.0
4/27/2019 4:00,0.0,0.0
4/27/2019 5:00,0.0,0.0
4/27/2019 6:00,0.0,0.0
4/27/2019 7:00,0.0,0.0
4/27/2019 8:00,0.21,0.03
4/27/2019 9:00,1.28,0.18
4/27/2019 10:00,3.04,0.43
4/27/2019 11:00,4.27,0.61
4/27/2019 12:00,5.1,0.73
4/27/2019 13:00,5.54,0.79
4/27/2019 14:00,5.67,0.81
4/27/2019 15:00,5.47,0.78
4/27/2019 16:00,4.88,0.7
4/27/2019 17:00,4.01,0.57
4/27/2019 18:00,2.82,0.4
4/27/2019 19:00,1.25,0.18
4/27/2019 20:00,0.26,0.04
4/27/2019 21:00,0.0,0.0
4/27/2019 22:00,0.0,0.0
4/27/2019 23:00,0.0,0.0
4/28/2019 0:00,0.0,0.0
4/28/2019 1:00,0.0,0.0
4/28/2019 2:00,0.0,0.0
4/28/2019 3:00,0.0,0.0
4/28/2019 4:00,0.0,0.0
4/28/2019 5:00,0.0,0.0
4/28/2019 6:00,0.0,0.0
4/28/2019 7:00,0.0,0.0
4/28/2019 8:00,0.22,0.03
4/28/2019 9:00,1.3,0.19
4/28/2019 10:00,2.87,0.41
4/28/2019 11:00,3.8,0.54
4/28/2019 12:00,4.39,0.63
4/28/2019 13:00,4.53,0.65
4/28/2019 14:00,5.2,0.74
4/28/2019 15:00,4.84,0.69
4/28/2019 16:00,4.75,0.68
4/28/2019 17:00,3.93,0.56
4/28/2019 18:00,2.53,0.36
4/28/2019 19:00,1.3,0.19
4/28/2019 20:00,0.33,0.05
4/28/2019 21:00,0.01,0.0
4/28/2019 22:00,0.0,0.0
4/28/2019 23:00,0.0,0.0
4/29/2019 0:00,0.0,0.0
4/29/2019 1:00,0.0,0.0
4/29/2019 2:00,0.0,0.0
4/29/2019 3:00,0.0,0.0
4/29/2019 4:00,0.0,0.0
4/29/2019 5:00,0.0,0.0
4/29/2019 6:00,0.0,0.0
4/29/2019 7:00,0.0,0.0
4/29/2019 8:00,0.21,0.03
4/29/2019 9:00,1.27,0.18
4/29/2019 10:00,2.96,0.42
4/29/2019 11:00,4.14,0.59
4/29/2019 12:00,4.93,0.7
4/29/2019 13:00,5.36,0.77
4/29/2019 14:00,5.43,0.78
4/29/2019 15:00,5.3,0.76
4/29/2019 16:00,4.74,0.68
4/29/2019 17:00,3.95,0.56
4/29/2019 18:00,2.86,0.41
4/29/2019 19:00,1.34,0.19
4/29/2019 20:00,0.24,0.03
4/29/2019 21:00,0.01,0.0
4/29/2019 22:00,0.0,0.0
4/29/2019 23:00,0.0,0.0
4/30/2019 0:00,0.0,0.0
4/30/2019 1:00,0.0,0.0
4/30/2019 2:00,0.0,0.0
4/30/2019 3:00,0.0,0.0
4/30/2019 4:00,0.0,0.0
4/30/2019 5:00,0.0,0.0
4/30/2019 6:00,0.0,0.0
4/30/2019 7:00,0.0,0.0
4/30/2019 8:00,0.25,0.04
4/30/2019 9:00,1.34,0.19
4/30/2019 10:00,3.06,0.44
4/30/2019 11:00,4.25,0.61
4/30/2019 12:00,5.03,0.72
4/30/2019 13:00,5.49,0.78
4/30/2019 14:00,5.21,0.74
4/30/2019 15:00,5.29,0.76
4/30/2019 16:00,4.7,0.67
4/30/2019 17:00,4.0,0.57
4/30/2019 18:00,2.83,0.4
4/30/2019 19:00,1.3,0.19
4/30/2019 20:00,0.25,0.04
4/30/2019 21:00,0.01,0.0
4/30/2019 22:00,0.0,0.0
4/30/2019 23:00,0.0,0.0
5/1/2019 0:00,0.0,0.0
5/1/2019 1:00,0.0,0.0
5/1/2019 2:00,0.0,0.0
5/1/2019 3:00,0.0,0.0
5/1/2019 4:00,0.0,0.0
5/1/2019 5:00,0.0,0.0
5/1/2019 6:00,0.0,0.0
5/1/2019 7:00,0.0,0.0
5/1/2019 8:00,0.24,0.03
5/1/2019 9:00,0.93,0.13
5/1/2019 10:00,2.94,0.42
5/1/2019 11:00,4.14,0.59
5/1/2019 12:00,4.98,0.71
5/1/2019 13:00,5.41,0.77
5/1/2019 14:00,5.51,0.79
5/1/2019 15:00,5.3,0.76
5/1/2019 16:00,4.81,0.69
5/1/2019 17:00,4.01,0.57
5/1/2019 18:00,2.84,0.41
5/1/2019 19:00,1.31,0.19
5/1/2019 20:00,0.25,0.04
5/1/2019 21:00,0.01,0.0
5/1/2019 22:00,0.0,0.0
5/1/2019 23:00,0.0,0.0
5/2/2019 0:00,0.0,0.0
5/2/2019 1:00,0.0,0.0
5/2/2019 2:00,0.0,0.0
5/2/2019 3:00,0.0,0.0
5/2/2019 4:00,0.0,0.0
5/2/2019 5:00,0.0,0.0
5/2/2019 6:00,0.0,0.0
5/2/2019 7:00,0.0,0.0
5/2/2019 8:00,0.26,0.04
5/2/2019 9:00,1.29,0.18
5/2/2019 10:00,2.96,0.42
5/2/2019 11:00,4.16,0.59
5/2/2019 12:00,4.93,0.7
5/2/2019 13:00,5.32,0.76
5/2/2019 14:00,5.34,0.76
5/2/2019 15:00,5.08,0.73
5/2/2019 16:00,4.57,0.65
5/2/2019 17:00,3.78,0.54
5/2/2019 18:00,2.65,0.38
5/2/2019 19:00,1.21,0.17
5/2/2019 20:00,0.25,0.04
5/2/2019 21:00,0.01,0.0
5/2/2019 22:00,0.0,0.0
5/2/2019 23:00,0.0,0.0
5/3/2019 0:00,0.0,0.0
5/3/2019 1:00,0.0,0.0
5/3/2019 2:00,0.0,0.0
5/3/2019 3:00,0.0,0.0
5/3/2019 4:00,0.0,0.0
5/3/2019 5:00,0.0,0.0
5/3/2019 6:00,0.0,0.0
5/3/2019 7:00,0.0,0.0
5/3/2019 8:00,0.24,0.03
5/3/2019 9:00,1.26,0.18
5/3/2019 10:00,2.87,0.41
5/3/2019 11:00,4.02,0.57
5/3/2019 12:00,4.83,0.69
5/3/2019 13:00,5.24,0.75
5/3/2019 14:00,5.25,0.75
5/3/2019 15:00,5.12,0.73
5/3/2019 16:00,4.76,0.68
5/3/2019 17:00,3.99,0.57
5/3/2019 18:00,2.71,0.39
5/3/2019 19:00,1.26,0.18
5/3/2019 20:00,0.24,0.03
5/3/2019 21:00,0.01,0.0
5/3/2019 22:00,0.0,0.0
5/3/2019 23:00,0.0,0.0
5/4/2019 0:00,0.0,0.0
5/4/2019 1:00,0.0,0.0
5/4/2019 2:00,0.0,0.0
5/4/2019 3:00,0.0,0.0
5/4/2019 4:00,0.0,0.0
5/4/2019 5:00,0.0,0.0
5/4/2019 6:00,0.0,0.0
5/4/2019 7:00,0.0,0.0
5/4/2019 8:00,0.24,0.03
5/4/2019 9:00,1.34,0.19
5/4/2019 10:00,3.04,0.43
5/4/2019 11:00,4.2,0.6
5/4/2019 12:00,4.96,0.71
5/4/2019 13:00,5.43,0.78
5/4/2019 14:00,5.43,0.78
5/4/2019 15:00,5.24,0.75
5/4/2019 16:00,4.9,0.7
5/4/2019 17:00,4.04,0.58
5/4/2019 18:00,2.83,0.4
5/4/2019 19:00,1.29,0.18
5/4/2019 20:00,0.26,0.04
5/4/2019 21:00,0.01,0.0
5/4/2019 22:00,0.0,0.0
5/4/2019 23:00,0.0,0.0
5/5/2019 0:00,0.0,0.0
5/5/2019 1:00,0.0,0.0
5/5/2019 2:00,0.0,0.0
5/5/2019 3:00,0.0,0.0
5/5/2019 4:00,0.0,0.0
5/5/2019 5:00,0.0,0.0
5/5/2019 6:00,0.0,0.0
5/5/2019 7:00,0.0,0.0
5/5/2019 8:00,0.31,0.04
5/5/2019 9:00,1.41,0.2
5/5/2019 10:00,3.04,0.43
5/5/2019 11:00,4.25,0.61
5/5/2019 12:00,5.0,0.71
5/5/2019 13:00,5.5,0.79
5/5/2019 14:00,5.47,0.78
5/5/2019 15:00,5.26,0.75
5/5/2019 16:00,5.0,0.71
5/5/2019 17:00,4.17,0.6
5/5/2019 18:00,2.95,0.42
5/5/2019 19:00,1.34,0.19
5/5/2019 20:00,0.28,0.04
5/5/2019 21:00,0.01,0.0
5/5/2019 22:00,0.0,0.0
5/5/2019 23:00,0.0,0.0
5/6/2019 0:00,0.0,0.0
5/6/2019 1:00,0.0,0.0
5/6/2019 2:00,0.0,0.0
5/6/2019 3:00,0.0,0.0
5/6/2019 4:00,0.0,0.0
5/6/2019 5:00,0.0,0.0
5/6/2019 6:00,0.0,0.0
5/6/2019 7:00,0.0,0.0
5/6/2019 8:00,0.17,0.02
5/6/2019 9:00,0.41,0.06
5/6/2019 10:00,0.81,0.12
5/6/2019 11:00,1.67,0.24
5/6/2019 12:00,3.33,0.48
5/6/2019 13:00,4.04,0.58
5/6/2019 14:00,3.63,0.52
5/6/2019 15:00,4.7,0.67
5/6/2019 16:00,4.68,0.67
5/6/2019 17:00,3.99,0.57
5/6/2019 18:00,2.55,0.36
5/6/2019 19:00,1.18,0.17
5/6/2019 20:00,0.32,0.05
5/6/2019 21:00,0.05,0.01
5/6/2019 22:00,0.0,0.0
5/6/2019 23:00,0.0,0.0
5/7/2019 0:00,0.0,0.0
5/7/2019 1:00,0.0,0.0
5/7/2019 2:00,0.0,0.0
5/7/2019 3:00,0.0,0.0
5/7/2019 4:00,0.0,0.0
5/7/2019 5:00,0.0,0.0
5/7/2019 6:00,0.0,0.0
5/7/2019 7:00,0.0,0.0
5/7/2019 8:00,0.19,0.03
5/7/2019 9:00,0.41,0.06
5/7/2019 10:00,0.6,0.09
5/7/2019 11:00,1.66,0.24
5/7/2019 12:00,2.14,0.31
5/7/2019 13:00,2.64,0.38
5/7/2019 14:00,2.14,0.31
5/7/2019 15:00,2.53,0.36
5/7/2019 16:00,1.29,0.18
5/7/2019 17:00,0.7,0.1
5/7/2019 18:00,0.43,0.06
5/7/2019 19:00,0.27,0.04
5/7/2019 20:00,0.08,0.01
5/7/2019 21:00,0.0,0.0
5/7/2019 22:00,0.0,0.0
5/7/2019 23:00,0.0,0.0
5/8/2019 0:00,0.0,0.0
5/8/2019 1:00,0.0,0.0
5/8/2019 2:00,0.0,0.0
5/8/2019 3:00,0.0,0.0
5/8/2019 4:00,0.0,0.0
5/8/2019 5:00,0.0,0.0
5/8/2019 6:00,0.0,0.0
5/8/2019 7:00,0.0,0.0
5/8/2019 8:00,0.04,0.01
5/8/2019 9:00,0.22,0.03
5/8/2019 10:00,0.43,0.06
5/8/2019 11:00,0.85,0.12
5/8/2019 12:00,0.75,0.11
5/8/2019 13:00,1.11,0.16
5/8/2019 14:00,1.49,0.21
5/8/2019 15:00,1.94,0.28
5/8/2019 16:00,1.75,0.25
5/8/2019 17:00,1.65,0.24
5/8/2019 18:00,0.86,0.12
5/8/2019 19:00,0.52,0.07
5/8/2019 20:00,0.14,0.02
5/8/2019 21:00,0.0,0.0
5/8/2019 22:00,0.0,0.0
5/8/2019 23:00,0.0,0.0
5/9/2019 0:00,0.0,0.0
5/9/2019 1:00,0.0,0.0
5/9/2019 2:00,0.0,0.0
5/9/2019 3:00,0.0,0.0
5/9/2019 4:00,0.0,0.0
5/9/2019 5:00,0.0,0.0
5/9/2019 6:00,0.0,0.0
5/9/2019 7:00,0.0,0.0
5/9/2019 8:00,0.06,0.01
5/9/2019 9:00,0.32,0.05
5/9/2019 10:00,0.62,0.09
5/9/2019 11:00,0.77,0.11
5/9/2019 12:00,0.77,0.11
5/9/2019 13:00,0.6,0.09
5/9/2019 14:00,0.69,0.1
5/9/2019 15:00,1.03,0.15
5/9/2019 16:00,1.53,0.22
5/9/2019 17:00,1.68,0.24
5/9/2019 18:00,0.9,0.13
5/9/2019 19:00,0.54,0.08
5/9/2019 20:00,0.09,0.01
5/9/2019 21:00,0.01,0.0
5/9/2019 22:00,0.0,0.0
5/9/2019 23:00,0.0,0.0
5/10/2019 0:00,0.0,0.0
5/10/2019 1:00,0.0,0.0
5/10/2019 2:00,0.0,0.0
5/10/2019 3:00,0.0,0.0
5/10/2019 4:00,0.0,0.0
5/10/2019 5:00,0.0,0.0
5/10/2019 6:00,0.0,0.0
5/10/2019 7:00,0.0,0.0
5/10/2019 8:00,0.12,0.02
5/10/2019 9:00,0.8,0.11
5/10/2019 10:00,1.77,0.25
5/10/2019 11:00,1.9,0.27
5/10/2019 12:00,1.91,0.27
5/10/2019 13:00,2.12,0.3
5/10/2019 14:00,2.28,0.33
5/10/2019 15:00,2.03,0.29
5/10/2019 16:00,2.82,0.4
5/10/2019 17:00,3.6,0.51
5/10/2019 18:00,2.88,0.41
5/10/2019 19:00,1.3,0.19
5/10/2019 20:00,0.26,0.04
5/10/2019 21:00,0.04,0.01
5/10/2019 22:00,0.0,0.0
5/10/2019 23:00,0.0,0.0
5/11/2019 0:00,0.0,0.0
5/11/2019 1:00,0.0,0.0
5/11/2019 2:00,0.0,0.0
5/11/2019 3:00,0.0,0.0
5/11/2019 4:00,0.0,0.0
5/11/2019 5:00,0.0,0.0
5/11/2019 6:00,0.0,0.0
5/11/2019 7:00,0.01,0.0
5/11/2019 8:00,0.29,0.04
5/11/2019 9:00,1.44,0.21
5/11/2019 10:00,3.16,0.45
5/11/2019 11:00,4.35,0.62
5/11/2019 12:00,5.11,0.73
5/11/2019 13:00,5.55,0.79
5/11/2019 14:00,5.63,0.8
5/11/2019 15:00,5.42,0.77
5/11/2019 16:00,4.88,0.7
5/11/2019 17:00,4.06,0.58
5/11/2019 18:00,2.85,0.41
5/11/2019 19:00,1.32,0.19
5/11/2019 20:00,0.27,0.04
5/11/2019 21:00,0.02,0.0
5/11/2019 22:00,0.0,0.0
5/11/2019 23:00,0.0,0.0
5/12/2019 0:00,0.0,0.0
5/12/2019 1:00,0.0,0.0
5/12/2019 2:00,0.0,0.0
5/12/2019 3:00,0.0,0.0
5/12/2019 4:00,0.0,0.0
5/12/2019 5:00,0.0,0.0
5/12/2019 6:00,0.0,0.0
5/12/2019 7:00,0.0,0.0
5/12/2019 8:00,0.28,0.04
5/12/2019 9:00,1.39,0.2
5/12/2019 10:00,3.01,0.43
5/12/2019 11:00,4.14,0.59
5/12/2019 12:00,4.94,0.71
5/12/2019 13:00,5.37,0.77
5/12/2019 14:00,5.46,0.78
5/12/2019 15:00,4.96,0.71
5/12/2019 16:00,4.64,0.66
5/12/2019 17:00,3.88,0.55
5/12/2019 18:00,2.71,0.39
5/12/2019 19:00,1.25,0.18
5/12/2019 20:00,0.27,0.04
5/12/2019 21:00,0.02,0.0
5/12/2019 22:00,0.0,0.0
5/12/2019 23:00,0.0,0.0
5/13/2019 0:00,0.0,0.0
5/13/2019 1:00,0.0,0.0
5/13/2019 2:00,0.0,0.0
5/13/2019 3:00,0.0,0.0
5/13/2019 4:00,0.0,0.0
5/13/2019 5:00,0.0,0.0
5/13/2019 6:00,0.0,0.0
5/13/2019 7:00,0.0,0.0
5/13/2019 8:00,0.28,0.04
5/13/2019 9:00,1.39,0.2
5/13/2019 10:00,3.03,0.43
5/13/2019 11:00,4.16,0.59
5/13/2019 12:00,4.89,0.7
5/13/2019 13:00,5.31,0.76
5/13/2019 14:00,5.12,0.73
5/13/2019 15:00,4.63,0.66
5/13/2019 16:00,4.47,0.64
5/13/2019 17:00,3.84,0.55
5/13/2019 18:00,2.7,0.39
5/13/2019 19:00,1.27,0.18
5/13/2019 20:00,0.27,0.04
5/13/2019 21:00,0.02,0.0
5/13/2019 22:00,0.0,0.0
5/13/2019 23:00,0.0,0.0
5/14/2019 0:00,0.0,0.0
5/14/2019 1:00,0.0,0.0
5/14/2019 2:00,0.0,0.0
5/14/2019 3:00,0.0,0.0
5/14/2019 4:00,0.0,0.0
5/14/2019 5:00,0.0,0.0
5/14/2019 6:00,0.0,0.0
5/14/2019 7:00,0.01,0.0
5/14/2019 8:00,0.3,0.04
5/14/2019 9:00,1.36,0.19
5/14/2019 10:00,2.98,0.43
5/14/2019 11:00,4.09,0.58
5/14/2019 12:00,4.87,0.7
5/14/2019 13:00,5.22,0.75
5/14/2019 14:00,5.19,0.74
5/14/2019 15:00,4.64,0.66
5/14/2019 16:00,4.46,0.64
5/14/2019 17:00,3.96,0.57
5/14/2019 18:00,2.78,0.4
5/14/2019 19:00,1.3,0.19
5/14/2019 20:00,0.29,0.04
5/14/2019 21:00,0.02,0.0
5/14/2019 22:00,0.0,0.0
5/14/2019 23:00,0.0,0.0
5/15/2019 0:00,0.0,0.0
5/15/2019 1:00,0.0,0.0
5/15/2019 2:00,0.0,0.0
5/15/2019 3:00,0.0,0.0
5/15/2019 4:00,0.0,0.0
5/15/2019 5:00,0.0,0.0
5/15/2019 6:00,0.0,0.0
5/15/2019 7:00,0.0,0.0
5/15/2019 8:00,0.28,0.04
5/15/2019 9:00,1.39,0.2
5/15/2019 10:00,3.0,0.43
5/15/2019 11:00,4.1,0.59
5/15/2019 12:00,4.82,0.69
5/15/2019 13:00,5.24,0.75
5/15/2019 14:00,5.31,0.76
5/15/2019 15:00,4.75,0.68
5/15/2019 16:00,4.57,0.65
5/15/2019 17:00,3.95,0.56
5/15/2019 18:00,2.78,0.4
5/15/2019 19:00,1.32,0.19
5/15/2019 20:00,0.28,0.04
5/15/2019 21:00,0.03,0.0
5/15/2019 22:00,0.0,0.0
5/15/2019 23:00,0.0,0.0
5/16/2019 0:00,0.0,0.0
5/16/2019 1:00,0.0,0.0
5/16/2019 2:00,0.0,0.0
5/16/2019 3:00,0.0,0.0
5/16/2019 4:00,0.0,0.0
5/16/2019 5:00,0.0,0.0
5/16/2019 6:00,0.0,0.0
5/16/2019 7:00,0.02,0.0
5/16/2019 8:00,0.41,0.06
5/16/2019 9:00,1.31,0.19
5/16/2019 10:00,2.02,0.29
5/16/2019 11:00,1.85,0.26
5/16/2019 12:00,3.3,0.47
5/16/2019 13:00,4.73,0.68
5/16/2019 14:00,5.21,0.74
5/16/2019 15:00,5.24,0.75
5/16/2019 16:00,4.87,0.7
5/16/2019 17:00,3.23,0.46
5/16/2019 18:00,2.5,0.36
5/16/2019 19:00,1.3,0.19
5/16/2019 20:00,0.41,0.06
5/16/2019 21:00,0.06,0.01
5/16/2019 22:00,0.0,0.0
5/16/2019 23:00,0.0,0.0
5/17/2019 0:00,0.0,0.0
5/17/2019 1:00,0.0,0.0
5/17/2019 2:00,0.0,0.0
5/17/2019 3:00,0.0,0.0
5/17/2019 4:00,0.0,0.0
5/17/2019 5:00,0.0,0.0
5/17/2019 6:00,0.0,0.0
5/17/2019 7:00,0.02,0.0
5/17/2019 8:00,0.46,0.07
5/17/2019 9:00,1.03,0.15
5/17/2019 10:00,1.69,0.24
5/17/2019 11:00,2.15,0.31
5/17/2019 12:00,2.47,0.35
5/17/2019 13:00,3.59,0.51
5/17/2019 14:00,4.28,0.61
5/17/2019 15:00,5.0,0.71
5/17/2019 16:00,4.76,0.68
5/17/2019 17:00,3.98,0.57
5/17/2019 18:00,2.49,0.36
5/17/2019 19:00,1.09,0.16
5/17/2019 20:00,0.18,0.03
5/17/2019 21:00,0.08,0.01
5/17/2019 22:00,0.0,0.0
5/17/2019 23:00,0.0,0.0
5/18/2019 0:00,0.0,0.0
5/18/2019 1:00,0.0,0.0
5/18/2019 2:00,0.0,0.0
5/18/2019 3:00,0.0,0.0
5/18/2019 4:00,0.0,0.0
5/18/2019 5:00,0.0,0.0
5/18/2019 6:00,0.0,0.0
5/18/2019 7:00,0.03,0.0
5/18/2019 8:00,0.34,0.05
5/18/2019 9:00,1.43,0.2
5/18/2019 10:00,2.9,0.41
5/18/2019 11:00,3.35,0.48
5/18/2019 12:00,3.54,0.51
5/18/2019 13:00,2.9,0.41
5/18/2019 14:00,2.53,0.36
5/18/2019 15:00,3.46,0.49
5/18/2019 16:00,3.07,0.44
5/18/2019 17:00,2.16,0.31
5/18/2019 18:00,2.49,0.36
5/18/2019 19:00,1.33,0.19
5/18/2019 20:00,0.4,0.06
5/18/2019 21:00,0.04,0.01
5/18/2019 22:00,0.0,0.0
5/18/2019 23:00,0.0,0.0
5/19/2019 0:00,0.0,0.0
5/19/2019 1:00,0.0,0.0
5/19/2019 2:00,0.0,0.0
5/19/2019 3:00,0.0,0.0
5/19/2019 4:00,0.0,0.0
5/19/2019 5:00,0.0,0.0
5/19/2019 6:00,0.0,0.0
5/19/2019 7:00,0.03,0.0
5/19/2019 8:00,0.36,0.05
5/19/2019 9:00,1.42,0.2
5/19/2019 10:00,3.07,0.44
5/19/2019 11:00,3.89,0.56
5/19/2019 12:00,2.25,0.32
5/19/2019 13:00,4.07,0.58
5/19/2019 14:00,3.09,0.44
5/19/2019 15:00,2.54,0.36
5/19/2019 16:00,3.59,0.51
5/19/2019 17:00,2.46,0.35
5/19/2019 18:00,2.22,0.32
5/19/2019 19:00,1.24,0.18
5/19/2019 20:00,0.34,0.05
5/19/2019 21:00,0.06,0.01
5/19/2019 22:00,0.0,0.0
5/19/2019 23:00,0.0,0.0
5/20/2019 0:00,0.0,0.0
5/20/2019 1:00,0.0,0.0
5/20/2019 2:00,0.0,0.0
5/20/2019 3:00,0.0,0.0
5/20/2019 4:00,0.0,0.0
5/20/2019 5:00,0.0,0.0
5/20/2019 6:00,0.0,0.0
5/20/2019 7:00,0.01,0.0
5/20/2019 8:00,0.32,0.05
5/20/2019 9:00,1.46,0.21
5/20/2019 10:00,3.05,0.44
5/20/2019 11:00,4.22,0.6
5/20/2019 12:00,3.34,0.48
5/20/2019 13:00,2.47,0.35
5/20/2019 14:00,1.48,0.21
5/20/2019 15:00,3.86,0.55
5/20/2019 16:00,2.66,0.38
5/20/2019 17:00,2.57,0.37
5/20/2019 18:00,1.77,0.25
5/20/2019 19:00,1.19,0.17
5/20/2019 20:00,0.29,0.04
5/20/2019 21:00,0.02,0.0
5/20/2019 22:00,0.0,0.0
5/20/2019 23:00,0.0,0.0
5/21/2019 0:00,0.0,0.0
5/21/2019 1:00,0.0,0.0
5/21/2019 2:00,0.0,0.0
5/21/2019 3:00,0.0,0.0
5/21/2019 4:00,0.0,0.0
5/21/2019 5:00,0.0,0.0
5/21/2019 6:00,0.0,0.0
5/21/2019 7:00,0.0,0.0
5/21/2019 8:00,0.38,0.05
5/21/2019 9:00,0.73,0.1
5/21/2019 10:00,1.6,0.23
5/21/2019 11:00,2.08,0.3
5/21/2019 12:00,3.14,0.45
5/21/2019 13:00,3.55,0.51
5/21/2019 14:00,3.85,0.55
5/21/2019 15:00,5.11,0.73
5/21/2019 16:00,4.97,0.71
5/21/2019 17:00,4.14,0.59
5/21/2019 18:00,2.88,0.41
5/21/2019 19:00,1.37,0.2
5/21/2019 20:00,0.31,0.04
5/21/2019 21:00,0.04,0.01
5/21/2019 22:00,0.0,0.0
5/21/2019 23:00,0.0,0.0
5/22/2019 0:00,0.0,0.0
5/22/2019 1:00,0.0,0.0
5/22/2019 2:00,0.0,0.0
5/22/2019 3:00,0.0,0.0
5/22/2019 4:00,0.0,0.0
5/22/2019 5:00,0.0,0.0
5/22/2019 6:00,0.0,0.0
5/22/2019 7:00,0.02,0.0
5/22/2019 8:00,0.33,0.05
5/22/2019 9:00,1.4,0.2
5/22/2019 10:00,3.0,0.43
5/22/2019 11:00,4.11,0.59
5/22/2019 12:00,4.81,0.69
5/22/2019 13:00,5.3,0.76
5/22/2019 14:00,4.82,0.69
5/22/2019 15:00,3.31,0.47
5/22/2019 16:00,3.86,0.55
5/22/2019 17:00,3.95,0.56
5/22/2019 18:00,2.75,0.39
5/22/2019 19:00,1.32,0.19
5/22/2019 20:00,0.32,0.05
5/22/2019 21:00,0.03,0.0
5/22/2019 22:00,0.0,0.0
5/22/2019 23:00,0.0,0.0
5/23/2019 0:00,0.0,0.0
5/23/2019 1:00,0.0,0.0
5/23/2019 2:00,0.0,0.0
5/23/2019 3:00,0.0,0.0
5/23/2019 4:00,0.0,0.0
5/23/2019 5:00,0.0,0.0
5/23/2019 6:00,0.0,0.0
5/23/2019 7:00,0.02,0.0
5/23/2019 8:00,0.42,0.06
5/23/2019 9:00,1.07,0.15
5/23/2019 10:00,2.8,0.4
5/23/2019 11:00,4.18,0.6
5/23/2019 12:00,4.92,0.7
5/23/2019 13:00,5.31,0.76
5/23/2019 14:00,5.45,0.78
5/23/2019 15:00,4.36,0.62
5/23/2019 16:00,3.99,0.57
5/23/2019 17:00,3.33,0.48
5/23/2019 18:00,2.07,0.3
5/23/2019 19:00,0.9,0.13
5/23/2019 20:00,0.66,0.09
5/23/2019 21:00,0.09,0.01
5/23/2019 22:00,0.0,0.0
5/23/2019 23:00,0.0,0.0
5/24/2019 0:00,0.0,0.0
5/24/2019 1:00,0.0,0.0
5/24/2019 2:00,0.0,0.0
5/24/2019 3:00,0.0,0.0
5/24/2019 4:00,0.0,0.0
5/24/2019 5:00,0.0,0.0
5/24/2019 6:00,0.0,0.0
5/24/2019 7:00,0.04,0.01
5/24/2019 8:00,0.32,0.05
5/24/2019 9:00,1.37,0.2
5/24/2019 10:00,2.93,0.42
5/24/2019 11:00,4.11,0.59
5/24/2019 12:00,4.86,0.69
5/24/2019 13:00,5.45,0.78
5/24/2019 14:00,5.56,0.79
5/24/2019 15:00,5.34,0.76
5/24/2019 16:00,4.73,0.68
5/24/2019 17:00,3.97,0.57
5/24/2019 18:00,2.69,0.38
5/24/2019 19:00,1.34,0.19
5/24/2019 20:00,0.44,0.06
5/24/2019 21:00,0.06,0.01
5/24/2019 22:00,0.0,0.0
5/24/2019 23:00,0.0,0.0
5/25/2019 0:00,0.0,0.0
5/25/2019 1:00,0.0,0.0
5/25/2019 2:00,0.0,0.0
5/25/2019 3:00,0.0,0.0
5/25/2019 4:00,0.0,0.0
5/25/2019 5:00,0.0,0.0
5/25/2019 6:00,0.0,0.0
5/25/2019 7:00,0.03,0.0
5/25/2019 8:00,0.32,0.05
5/25/2019 9:00,1.4,0.2
5/25/2019 10:00,2.96,0.42
5/25/2019 11:00,4.16,0.59
5/25/2019 12:00,4.97,0.71
5/25/2019 13:00,5.41,0.77
5/25/2019 14:00,5.42,0.77
5/25/2019 15:00,5.23,0.75
5/25/2019 16:00,4.73,0.68
5/25/2019 17:00,3.92,0.56
5/25/2019 18:00,2.72,0.39
5/25/2019 19:00,1.31,0.19
5/25/2019 20:00,0.31,0.04
5/25/2019 21:00,0.04,0.01
5/25/2019 22:00,0.0,0.0
5/25/2019 23:00,0.0,0.0
5/26/2019 0:00,0.0,0.0
5/26/2019 1:00,0.0,0.0
5/26/2019 2:00,0.0,0.0
5/26/2019 3:00,0.0,0.0
5/26/2019 4:00,0.0,0.0
5/26/2019 5:00,0.0,0.0
5/26/2019 6:00,0.0,0.0
5/26/2019 7:00,0.01,0.0
5/26/2019 8:00,0.31,0.04
5/26/2019 9:00,1.38,0.2
5/26/2019 10:00,2.97,0.42
5/26/2019 11:00,4.08,0.58
5/26/2019 12:00,4.79,0.68
5/26/2019 13:00,5.21,0.74
5/26/2019 14:00,5.27,0.75
5/26/2019 15:00,4.78,0.68
5/26/2019 16:00,4.52,0.65
5/26/2019 17:00,3.89,0.56
5/26/2019 18:00,2.75,0.39
5/26/2019 19:00,1.34,0.19
5/26/2019 20:00,0.3,0.04
5/26/2019 21:00,0.04,0.01
5/26/2019 22:00,0.0,0.0
5/26/2019 23:00,0.0,0.0
5/27/2019 0:00,0.0,0.0
5/27/2019 1:00,0.0,0.0
5/27/2019 2:00,0.0,0.0
5/27/2019 3:00,0.0,0.0
5/27/2019 4:00,0.0,0.0
5/27/2019 5:00,0.0,0.0
5/27/2019 6:00,0.0,0.0
5/27/2019 7:00,0.02,0.0
5/27/2019 8:00,0.32,0.05
5/27/2019 9:00,1.41,0.2
5/27/2019 10:00,3.04,0.43
5/27/2019 11:00,4.2,0.6
5/27/2019 12:00,4.94,0.71
5/27/2019 13:00,5.33,0.76
5/27/2019 14:00,5.43,0.78
5/27/2019 15:00,5.27,0.75
5/27/2019 16:00,4.79,0.68
5/27/2019 17:00,4.0,0.57
5/27/2019 18:00,2.73,0.39
5/27/2019 19:00,1.22,0.17
5/27/2019 20:00,0.4,0.06
5/27/2019 21:00,0.04,0.01
5/27/2019 22:00,0.0,0.0
5/27/2019 23:00,0.0,0.0
5/28/2019 0:00,0.0,0.0
5/28/2019 1:00,0.0,0.0
5/28/2019 2:00,0.0,0.0
5/28/2019 3:00,0.0,0.0
5/28/2019 4:00,0.0,0.0
5/28/2019 5:00,0.0,0.0
5/28/2019 6:00,0.0,0.0
5/28/2019 7:00,0.03,0.0
5/28/2019 8:00,0.34,0.05
5/28/2019 9:00,1.43,0.2
5/28/2019 10:00,3.04,0.43
5/28/2019 11:00,4.16,0.59
5/28/2019 12:00,4.91,0.7
5/28/2019 13:00,5.33,0.76
5/28/2019 14:00,5.35,0.76
5/28/2019 15:00,5.12,0.73
5/28/2019 16:00,4.61,0.66
5/28/2019 17:00,3.89,0.56
5/28/2019 18:00,2.7,0.39
5/28/2019 19:00,1.32,0.19
5/28/2019 20:00,0.31,0.04
5/28/2019 21:00,0.04,0.01
5/28/2019 22:00,0.0,0.0
5/28/2019 23:00,0.0,0.0
5/29/2019 0:00,0.0,0.0
5/29/2019 1:00,0.0,0.0
5/29/2019 2:00,0.0,0.0
5/29/2019 3:00,0.0,0.0
5/29/2019 4:00,0.0,0.0
5/29/2019 5:00,0.0,0.0
5/29/2019 6:00,0.0,0.0
5/29/2019 7:00,0.02,0.0
5/29/2019 8:00,0.31,0.04
5/29/2019 9:00,1.41,0.2
5/29/2019 10:00,3.02,0.43
5/29/2019 11:00,4.16,0.59
5/29/2019 12:00,4.92,0.7
5/29/2019 13:00,5.31,0.76
5/29/2019 14:00,5.1,0.73
5/29/2019 15:00,4.67,0.67
5/29/2019 16:00,4.44,0.63
5/29/2019 17:00,3.89,0.56
5/29/2019 18:00,2.69,0.38
5/29/2019 19:00,1.32,0.19
5/29/2019 20:00,0.31,0.04
5/29/2019 21:00,0.04,0.01
5/29/2019 22:00,0.0,0.0
5/29/2019 23:00,0.0,0.0
5/30/2019 0:00,0.0,0.0
5/30/2019 1:00,0.0,0.0
5/30/2019 2:00,0.0,0.0
5/30/2019 3:00,0.0,0.0
5/30/2019 4:00,0.0,0.0
5/30/2019 5:00,0.0,0.0
5/30/2019 6:00,0.0,0.0
5/30/2019 7:00,0.01,0.0
5/30/2019 8:00,0.3,0.04
5/30/2019 9:00,1.38,0.2
5/30/2019 10:00,2.97,0.42
5/30/2019 11:00,4.07,0.58
5/30/2019 12:00,4.76,0.68
5/30/2019 13:00,5.16,0.74
5/30/2019 14:00,4.68,0.67
5/30/2019 15:00,4.37,0.62
5/30/2019 16:00,4.17,0.6
5/30/2019 17:00,3.82,0.55
5/30/2019 18:00,2.66,0.38
5/30/2019 19:00,1.3,0.19
5/30/2019 20:00,0.31,0.04
5/30/2019 21:00,0.04,0.01
5/30/2019 22:00,0.0,0.0
5/30/2019 23:00,0.0,0.0
5/31/2019 0:00,0.0,0.0
5/31/2019 1:00,0.0,0.0
5/31/2019 2:00,0.0,0.0
5/31/2019 3:00,0.0,0.0
5/31/2019 4:00,0.0,0.0
5/31/2019 5:00,0.0,0.0
5/31/2019 6:00,0.0,0.0
5/31/2019 7:00,0.02,0.0
5/31/2019 8:00,0.32,0.05
5/31/2019 9:00,1.36,0.19
5/31/2019 10:00,2.92,0.42
5/31/2019 11:00,3.94,0.56
5/31/2019 12:00,4.66,0.67
5/31/2019 13:00,5.03,0.72
5/31/2019 14:00,4.96,0.71
5/31/2019 15:00,4.47,0.64
5/31/2019 16:00,4.24,0.61
5/31/2019 17:00,3.72,0.53
5/31/2019 18:00,2.61,0.37
5/31/2019 19:00,1.27,0.18
5/31/2019 20:00,0.33,0.05
5/31/2019 21:00,0.05,0.01
5/31/2019 22:00,0.0,0.0
5/31/2019 23:00,0.0,0.0
6/1/2019 0:00,0.0,0.0
6/1/2019 1:00,0.0,0.0
6/1/2019 2:00,0.0,0.0
6/1/2019 3:00,0.0,0.0
6/1/2019 4:00,0.0,0.0
6/1/2019 5:00,0.0,0.0
6/1/2019 6:00,0.0,0.0
6/1/2019 7:00,0.02,0.0
6/1/2019 8:00,0.32,0.05
6/1/2019 9:00,1.35,0.19
6/1/2019 10:00,2.88,0.41
6/1/2019 11:00,3.95,0.56
6/1/2019 12:00,4.67,0.67
6/1/2019 13:00,5.1,0.73
6/1/2019 14:00,4.75,0.68
6/1/2019 15:00,4.34,0.62
6/1/2019 16:00,4.15,0.59
6/1/2019 17:00,3.8,0.54
6/1/2019 18:00,2.65,0.38
6/1/2019 19:00,1.3,0.19
6/1/2019 20:00,0.34,0.05
6/1/2019 21:00,0.05,0.01
6/1/2019 22:00,0.0,0.0
6/1/2019 23:00,0.0,0.0
6/2/2019 0:00,0.0,0.0
6/2/2019 1:00,0.0,0.0
6/2/2019 2:00,0.0,0.0
6/2/2019 3:00,0.0,0.0
6/2/2019 4:00,0.0,0.0
6/2/2019 5:00,0.0,0.0
6/2/2019 6:00,0.0,0.0
6/2/2019 7:00,0.0,0.0
6/2/2019 8:00,0.0,0.0
6/2/2019 9:00,0.0,0.0
6/2/2019 10:00,0.0,0.0
6/2/2019 11:00,0.0,0.0
6/2/2019 12:00,0.0,0.0
6/2/2019 13:00,0.0,0.0
6/2/2019 14:00,0.0,0.0
6/2/2019 15:00,0.0,0.0
6/2/2019 16:00,0.0,0.0
6/2/2019 17:00,0.0,0.0
6/2/2019 18:00,0.0,0.0
6/2/2019 19:00,0.0,0.0
6/2/2019 20:00,0.0,0.0
6/2/2019 21:00,0.0,0.0
6/2/2019 22:00,0.0,0.0
6/2/2019 23:00,0.0,0.0
6/3/2019 0:00,0.0,0.0
6/3/2019 1:00,0.0,0.0
6/3/2019 2:00,0.0,0.0
6/3/2019 3:00,0.0,0.0
6/3/2019 4:00,0.0,0.0
6/3/2019 5:00,0.0,0.0
6/3/2019 6:00,0.0,0.0
6/3/2019 7:00,0.04,0.01
6/3/2019 8:00,0.4,0.06
6/3/2019 9:00,1.35,0.19
6/3/2019 10:00,2.85,0.41
6/3/2019 11:00,3.93,0.56
6/3/2019 12:00,4.66,0.67
6/3/2019 13:00,5.12,0.73
6/3/2019 14:00,5.19,0.74
6/3/2019 15:00,4.85,0.69
6/3/2019 16:00,4.5,0.64
6/3/2019 17:00,3.95,0.56
6/3/2019 18:00,2.74,0.39
6/3/2019 19:00,1.35,0.19
6/3/2019 20:00,0.36,0.05
6/3/2019 21:00,0.05,0.01
6/3/2019 22:00,0.0,0.0
6/3/2019 23:00,0.0,0.0
6/4/2019 0:00,0.0,0.0
6/4/2019 1:00,0.0,0.0
6/4/2019 2:00,0.0,0.0
6/4/2019 3:00,0.0,0.0
6/4/2019 4:00,0.0,0.0
6/4/2019 5:00,0.0,0.0
6/4/2019 6:00,0.0,0.0
6/4/2019 7:00,0.02,0.0
6/4/2019 8:00,0.43,0.06
6/4/2019 9:00,1.27,0.18
6/4/2019 10:00,1.9,0.27
6/4/2019 11:00,3.27,0.47
6/4/2019 12:00,3.64,0.52
6/4/2019 13:00,2.75,0.39
6/4/2019 14:00,2.43,0.35
6/4/2019 15:00,2.13,0.3
6/4/2019 16:00,3.22,0.46
6/4/2019 17:00,4.1,0.59
6/4/2019 18:00,2.77,0.4
6/4/2019 19:00,1.4,0.2
6/4/2019 20:00,0.4,0.06
6/4/2019 21:00,0.07,0.01
6/4/2019 22:00,0.0,0.0
6/4/2019 23:00,0.0,0.0
6/5/2019 0:00,0.0,0.0
6/5/2019 1:00,0.0,0.0
6/5/2019 2:00,0.0,0.0
6/5/2019 3:00,0.0,0.0
6/5/2019 4:00,0.0,0.0
6/5/2019 5:00,0.0,0.0
6/5/2019 6:00,0.0,0.0
6/5/2019 7:00,0.04,0.01
6/5/2019 8:00,0.37,0.05
6/5/2019 9:00,1.46,0.21
6/5/2019 10:00,2.77,0.4
6/5/2019 11:00,3.38,0.48
6/5/2019 12:00,2.59,0.37
6/5/2019 13:00,3.57,0.51
6/5/2019 14:00,5.16,0.74
6/5/2019 15:00,5.14,0.73
6/5/2019 16:00,5.05,0.72
6/5/2019 17:00,4.13,0.59
6/5/2019 18:00,2.86,0.41
6/5/2019 19:00,1.55,0.22
6/5/2019 20:00,0.49,0.07
6/5/2019 21:00,0.07,0.01
6/5/2019 22:00,0.0,0.0
6/5/2019 23:00,0.0,0.0
6/6/2019 0:00,0.0,0.0
6/6/2019 1:00,0.0,0.0
6/6/2019 2:00,0.0,0.0
6/6/2019 3:00,0.0,0.0
6/6/2019 4:00,0.0,0.0
6/6/2019 5:00,0.0,0.0
6/6/2019 6:00,0.0,0.0
6/6/2019 7:00,0.03,0.0
6/6/2019 8:00,0.39,0.06
6/6/2019 9:00,1.4,0.2
6/6/2019 10:00,2.89,0.41
6/6/2019 11:00,3.6,0.51
6/6/2019 12:00,4.52,0.65
6/6/2019 13:00,3.12,0.45
6/6/2019 14:00,2.26,0.32
6/6/2019 15:00,2.36,0.34
6/6/2019 16:00,4.23,0.6
6/6/2019 17:00,2.27,0.32
6/6/2019 18:00,0.92,0.13
6/6/2019 19:00,0.21,0.03
6/6/2019 20:00,0.06,0.01
6/6/2019 21:00,0.04,0.01
6/6/2019 22:00,0.0,0.0
6/6/2019 23:00,0.0,0.0
6/7/2019 0:00,0.0,0.0
6/7/2019 1:00,0.0,0.0
6/7/2019 2:00,0.0,0.0
6/7/2019 3:00,0.0,0.0
6/7/2019 4:00,0.0,0.0
6/7/2019 5:00,0.0,0.0
6/7/2019 6:00,0.0,0.0
6/7/2019 7:00,0.05,0.01
6/7/2019 8:00,0.37,0.05
6/7/2019 9:00,0.95,0.14
6/7/2019 10:00,2.67,0.38
6/7/2019 11:00,3.85,0.55
6/7/2019 12:00,4.03,0.58
6/7/2019 13:00,4.34,0.62
6/7/2019 14:00,3.92,0.56
6/7/2019 15:00,4.04,0.58
6/7/2019 16:00,4.69,0.67
6/7/2019 17:00,4.28,0.61
6/7/2019 18:00,2.86,0.41
6/7/2019 19:00,1.4,0.2
6/7/2019 20:00,0.38,0.05
6/7/2019 21:00,0.06,0.01
6/7/2019 22:00,0.0,0.0
6/7/2019 23:00,0.0,0.0
6/8/2019 0:00,0.0,0.0
6/8/2019 1:00,0.0,0.0
6/8/2019 2:00,0.0,0.0
6/8/2019 3:00,0.0,0.0
6/8/2019 4:00,0.0,0.0
6/8/2019 5:00,0.0,0.0
6/8/2019 6:00,0.0,0.0
6/8/2019 7:00,0.03,0.0
6/8/2019 8:00,0.38,0.05
6/8/2019 9:00,1.47,0.21
6/8/2019 10:00,2.7,0.39
6/8/2019 11:00,3.15,0.45
6/8/2019 12:00,3.78,0.54
6/8/2019 13:00,4.53,0.65
6/8/2019 14:00,4.52,0.65
6/8/2019 15:00,5.32,0.76
6/8/2019 16:00,4.37,0.62
6/8/2019 17:00,3.5,0.5
6/8/2019 18:00,2.85,0.41
6/8/2019 19:00,1.48,0.21
6/8/2019 20:00,0.38,0.05
6/8/2019 21:00,0.06,0.01
6/8/2019 22:00,0.0,0.0
6/8/2019 23:00,0.0,0.0
6/9/2019 0:00,0.0,0.0
6/9/2019 1:00,0.0,0.0
6/9/2019 2:00,0.0,0.0
6/9/2019 3:00,0.0,0.0
6/9/2019 4:00,0.0,0.0
6/9/2019 5:00,0.0,0.0
6/9/2019 6:00,0.0,0.0
6/9/2019 7:00,0.04,0.01
6/9/2019 8:00,0.35,0.05
6/9/2019 9:00,1.42,0.2
6/9/2019 10:00,3.03,0.43
6/9/2019 11:00,4.04,0.58
6/9/2019 12:00,4.75,0.68
6/9/2019 13:00,4.47,0.64
6/9/2019 14:00,4.28,0.61
6/9/2019 15:00,5.01,0.72
6/9/2019 16:00,5.02,0.72
6/9/2019 17:00,4.19,0.6
6/9/2019 18:00,2.92,0.42
6/9/2019 19:00,1.42,0.2
6/9/2019 20:00,0.41,0.06
6/9/2019 21:00,0.07,0.01
6/9/2019 22:00,0.0,0.0
6/9/2019 23:00,0.0,0.0
6/10/2019 0:00,0.0,0.0
6/10/2019 1:00,0.0,0.0
6/10/2019 2:00,0.0,0.0
6/10/2019 3:00,0.0,0.0
6/10/2019 4:00,0.0,0.0
6/10/2019 5:00,0.0,0.0
6/10/2019 6:00,0.0,0.0
6/10/2019 7:00,0.08,0.01
6/10/2019 8:00,0.38,0.05
6/10/2019 9:00,1.32,0.19
6/10/2019 10:00,3.04,0.43
6/10/2019 11:00,4.2,0.6
6/10/2019 12:00,4.94,0.71
6/10/2019 13:00,5.42,0.77
6/10/2019 14:00,5.49,0.78
6/10/2019 15:00,5.25,0.75
6/10/2019 16:00,4.88,0.7
6/10/2019 17:00,4.1,0.59
6/10/2019 18:00,2.9,0.41
6/10/2019 19:00,1.46,0.21
6/10/2019 20:00,0.36,0.05
6/10/2019 21:00,0.06,0.01
6/10/2019 22:00,0.0,0.0
6/10/2019 23:00,0.0,0.0
6/11/2019 0:00,0.0,0.0
6/11/2019 1:00,0.0,0.0
6/11/2019 2:00,0.0,0.0
6/11/2019 3:00,0.0,0.0
6/11/2019 4:00,0.0,0.0
6/11/2019 5:00,0.0,0.0
6/11/2019 6:00,0.0,0.0
6/11/2019 7:00,0.0,0.0
6/11/2019 8:00,0.0,0.0
6/11/2019 9:00,0.0,0.0
6/11/2019 10:00,0.0,0.0
6/11/2019 11:00,0.0,0.0
6/11/2019 12:00,0.0,0.0
6/11/2019 13:00,0.0,0.0
6/11/2019 14:00,0.0,0.0
6/11/2019 15:00,0.0,0.0
6/11/2019 16:00,0.0,0.0
6/11/2019 17:00,0.0,0.0
6/11/2019 18:00,0.0,0.0
6/11/2019 19:00,0.0,0.0
6/11/2019 20:00,0.0,0.0
6/11/2019 21:00,0.0,0.0
6/11/2019 22:00,0.0,0.0
6/11/2019 23:00,0.0,0.0
6/12/2019 0:00,0.0,0.0
6/12/2019 1:00,0.0,0.0
6/12/2019 2:00,0.0,0.0
6/12/2019 3:00,0.0,0.0
6/12/2019 4:00,0.0,0.0
6/12/2019 5:00,0.0,0.0
6/12/2019 6:00,0.0,0.0
6/12/2019 7:00,0.03,0.0
6/12/2019 8:00,0.33,0.05
6/12/2019 9:00,1.4,0.2
6/12/2019 10:00,3.15,0.45
6/12/2019 11:00,4.29,0.61
6/12/2019 12:00,4.94,0.71
6/12/2019 13:00,5.46,0.78
6/12/2019 14:00,5.61,0.8
6/12/2019 15:00,5.46,0.78
6/12/2019 16:00,4.98,0.71
6/12/2019 17:00,4.2,0.6
6/12/2019 18:00,2.96,0.42
6/12/2019 19:00,1.51,0.22
6/12/2019 20:00,0.39,0.06
6/12/2019 21:00,0.07,0.01
6/12/2019 22:00,0.0,0.0
6/12/2019 23:00,0.0,0.0
6/13/2019 0:00,0.0,0.0
6/13/2019 1:00,0.0,0.0
6/13/2019 2:00,0.0,0.0
6/13/2019 3:00,0.0,0.0
6/13/2019 4:00,0.0,0.0
6/13/2019 5:00,0.0,0.0
6/13/2019 6:00,0.0,0.0
6/13/2019 7:00,0.04,0.01
6/13/2019 8:00,0.51,0.07
6/13/2019 9:00,0.93,0.13
6/13/2019 10:00,1.37,0.2
6/13/2019 11:00,3.45,0.49
6/13/2019 12:00,4.4,0.63
6/13/2019 13:00,5.54,0.79
6/13/2019 14:00,5.64,0.81
6/13/2019 15:00,5.41,0.77
6/13/2019 16:00,4.74,0.68
6/13/2019 17:00,4.06,0.58
6/13/2019 18:00,2.9,0.41
6/13/2019 19:00,1.39,0.2
6/13/2019 20:00,0.4,0.06
6/13/2019 21:00,0.07,0.01
6/13/2019 22:00,0.0,0.0
6/13/2019 23:00,0.0,0.0
6/14/2019 0:00,0.0,0.0
6/14/2019 1:00,0.0,0.0
6/14/2019 2:00,0.0,0.0
6/14/2019 3:00,0.0,0.0
6/14/2019 4:00,0.0,0.0
6/14/2019 5:00,0.0,0.0
6/14/2019 6:00,0.0,0.0
6/14/2019 7:00,0.03,0.0
6/14/2019 8:00,0.36,0.05
6/14/2019 9:00,1.52,0.22
6/14/2019 10:00,2.31,0.33
6/14/2019 11:00,2.18,0.31
6/14/2019 12:00,3.32,0.47
6/14/2019 13:00,4.22,0.6
6/14/2019 14:00,4.05,0.58
6/14/2019 15:00,2.85,0.41
6/14/2019 16:00,4.6,0.66
6/14/2019 17:00,4.08,0.58
6/14/2019 18:00,2.96,0.42
6/14/2019 19:00,1.43,0.2
6/14/2019 20:00,0.44,0.06
6/14/2019 21:00,0.07,0.01
6/14/2019 22:00,0.0,0.0
6/14/2019 23:00,0.0,0.0
6/15/2019 0:00,0.0,0.0
6/15/2019 1:00,0.0,0.0
6/15/2019 2:00,0.0,0.0
6/15/2019 3:00,0.0,0.0
6/15/2019 4:00,0.0,0.0
6/15/2019 5:00,0.0,0.0
6/15/2019 6:00,0.0,0.0
6/15/2019 7:00,0.0,0.0
6/15/2019 8:00,0.0,0.0
6/15/2019 9:00,0.0,0.0
6/15/2019 10:00,0.0,0.0
6/15/2019 11:00,0.0,0.0
6/15/2019 12:00,0.0,0.0
6/15/2019 13:00,0.0,0.0
6/15/2019 14:00,0.0,0.0
6/15/2019 15:00,0.0,0.0
6/15/2019 16:00,0.0,0.0
6/15/2019 17:00,0.0,0.0
6/15/2019 18:00,0.0,0.0
6/15/2019 19:00,0.0,0.0
6/15/2019 20:00,0.0,0.0
6/15/2019 21:00,0.0,0.0
6/15/2019 22:00,0.0,0.0
6/15/2019 23:00,0.0,0.0
6/16/2019 0:00,0.0,0.0
6/16/2019 1:00,0.0,0.0
6/16/2019 2:00,0.0,0.0
6/16/2019 3:00,0.0,0.0
6/16/2019 4:00,0.0,0.0
6/16/2019 5:00,0.0,0.0
6/16/2019 6:00,0.0,0.0
6/16/2019 7:00,0.06,0.01
6/16/2019 8:00,0.52,0.07
6/16/2019 9:00,1.3,0.19
6/16/2019 10:00,2.62,0.37
6/16/2019 11:00,4.17,0.6
6/16/2019 12:00,4.81,0.69
6/16/2019 13:00,5.31,0.76
6/16/2019 14:00,5.47,0.78
6/16/2019 15:00,5.2,0.74
6/16/2019 16:00,4.69,0.67
6/16/2019 17:00,4.03,0.58
6/16/2019 18:00,2.87,0.41
6/16/2019 19:00,1.47,0.21
6/16/2019 20:00,0.39,0.06
6/16/2019 21:00,0.07,0.01
6/16/2019 22:00,0.0,0.0
6/16/2019 23:00,0.0,0.0
6/17/2019 0:00,0.0,0.0
6/17/2019 1:00,0.0,0.0
6/17/2019 2:00,0.0,0.0
6/17/2019 3:00,0.0,0.0
6/17/2019 4:00,0.0,0.0
6/17/2019 5:00,0.0,0.0
6/17/2019 6:00,0.0,0.0
6/17/2019 7:00,0.04,0.01
6/17/2019 8:00,0.37,0.05
6/17/2019 9:00,1.42,0.2
6/17/2019 10:00,2.97,0.42
6/17/2019 11:00,3.85,0.55
6/17/2019 12:00,4.2,0.6
6/17/2019 13:00,4.76,0.68
6/17/2019 14:00,4.41,0.63
6/17/2019 15:00,4.83,0.69
6/17/2019 16:00,4.73,0.68
6/17/2019 17:00,3.47,0.5
6/17/2019 18:00,1.8,0.26
6/17/2019 19:00,1.31,0.19
6/17/2019 20:00,0.55,0.08
6/17/2019 21:00,0.06,0.01
6/17/2019 22:00,0.0,0.0
6/17/2019 23:00,0.0,0.0
6/18/2019 0:00,0.0,0.0
6/18/2019 1:00,0.0,0.0
6/18/2019 2:00,0.0,0.0
6/18/2019 3:00,0.0,0.0
6/18/2019 4:00,0.0,0.0
6/18/2019 5:00,0.0,0.0
6/18/2019 6:00,0.0,0.0
6/18/2019 7:00,0.0,0.0
6/18/2019 8:00,0.04,0.01
6/18/2019 9:00,0.24,0.03
6/18/2019 10:00,0.54,0.08
6/18/2019 11:00,0.92,0.13
6/18/2019 12:00,1.37,0.2
6/18/2019 13:00,1.94,0.28
6/18/2019 14:00,2.6,0.37
6/18/2019 15:00,2.94,0.42
6/18/2019 16:00,2.69,0.38
6/18/2019 17:00,2.57,0.37
6/18/2019 18:00,0.75,0.11
6/18/2019 19:00,0.49,0.07
6/18/2019 20:00,0.08,0.01
6/18/2019 21:00,0.01,0.0
6/18/2019 22:00,0.0,0.0
6/18/2019 23:00,0.0,0.0
6/19/2019 0:00,0.0,0.0
6/19/2019 1:00,0.0,0.0
6/19/2019 2:00,0.0,0.0
6/19/2019 3:00,0.0,0.0
6/19/2019 4:00,0.0,0.0
6/19/2019 5:00,0.0,0.0
6/19/2019 6:00,0.0,0.0
6/19/2019 7:00,0.01,0.0
6/19/2019 8:00,0.3,0.04
6/19/2019 9:00,0.79,0.11
6/19/2019 10:00,0.95,0.14
6/19/2019 11:00,1.95,0.28
6/19/2019 12:00,1.89,0.27
6/19/2019 13:00,3.86,0.55
6/19/2019 14:00,4.98,0.71
6/19/2019 15:00,2.81,0.4
6/19/2019 16:00,1.87,0.27
6/19/2019 17:00,2.57,0.37
6/19/2019 18:00,1.09,0.16
6/19/2019 19:00,1.22,0.17
6/19/2019 20:00,0.4,0.06
6/19/2019 21:00,0.09,0.01
6/19/2019 22:00,0.0,0.0
6/19/2019 23:00,0.0,0.0
6/20/2019 0:00,0.0,0.0
6/20/2019 1:00,0.0,0.0
6/20/2019 2:00,0.0,0.0
6/20/2019 3:00,0.0,0.0
6/20/2019 4:00,0.0,0.0
6/20/2019 5:00,0.0,0.0
6/20/2019 6:00,0.0,0.0
6/20/2019 7:00,0.05,0.01
6/20/2019 8:00,0.42,0.06
6/20/2019 9:00,0.69,0.1
6/20/2019 10:00,1.36,0.19
6/20/2019 11:00,2.0,0.29
6/20/2019 12:00,1.72,0.25
6/20/2019 13:00,1.34,0.19
6/20/2019 14:00,1.69,0.24
6/20/2019 15:00,2.88,0.41
6/20/2019 16:00,2.33,0.33
6/20/2019 17:00,2.3,0.33
6/20/2019 18:00,2.16,0.31
6/20/2019 19:00,0.92,0.13
6/20/2019 20:00,0.4,0.06
6/20/2019 21:00,0.06,0.01
6/20/2019 22:00,0.0,0.0
6/20/2019 23:00,0.0,0.0
6/21/2019 0:00,0.0,0.0
6/21/2019 1:00,0.0,0.0
6/21/2019 2:00,0.0,0.0
6/21/2019 3:00,0.0,0.0
6/21/2019 4:00,0.0,0.0
6/21/2019 5:00,0.0,0.0
6/21/2019 6:00,0.0,0.0
6/21/2019 7:00,0.07,0.01
6/21/2019 8:00,0.43,0.06
6/21/2019 9:00,1.51,0.22
6/21/2019 10:00,2.99,0.43
6/21/2019 11:00,4.01,0.57
6/21/2019 12:00,4.91,0.7
6/21/2019 13:00,5.39,0.77
6/21/2019 14:00,5.48,0.78
6/21/2019 15:00,5.03,0.72
6/21/2019 16:00,4.83,0.69
6/21/2019 17:00,3.9,0.56
6/21/2019 18:00,3.04,0.43
6/21/2019 19:00,1.52,0.22
6/21/2019 20:00,0.43,0.06
6/21/2019 21:00,0.07,0.01
6/21/2019 22:00,0.0,0.0
6/21/2019 23:00,0.0,0.0
6/22/2019 0:00,0.0,0.0
6/22/2019 1:00,0.0,0.0
6/22/2019 2:00,0.0,0.0
6/22/2019 3:00,0.0,0.0
6/22/2019 4:00,0.0,0.0
6/22/2019 5:00,0.0,0.0
6/22/2019 6:00,0.0,0.0
6/22/2019 7:00,0.04,0.01
6/22/2019 8:00,0.41,0.06
6/22/2019 9:00,1.22,0.17
6/22/2019 10:00,2.72,0.39
6/22/2019 11:00,3.35,0.48
6/22/2019 12:00,4.35,0.62
6/22/2019 13:00,4.65,0.66
6/22/2019 14:00,5.14,0.73
6/22/2019 15:00,5.14,0.73
6/22/2019 16:00,4.64,0.66
6/22/2019 17:00,3.67,0.52
6/22/2019 18:00,2.83,0.4
6/22/2019 19:00,1.52,0.22
6/22/2019 20:00,0.42,0.06
6/22/2019 21:00,0.06,0.01
6/22/2019 22:00,0.0,0.0
6/22/2019 23:00,0.0,0.0
6/23/2019 0:00,0.0,0.0
6/23/2019 1:00,0.0,0.0
6/23/2019 2:00,0.0,0.0
6/23/2019 3:00,0.0,0.0
6/23/2019 4:00,0.0,0.0
6/23/2019 5:00,0.0,0.0
6/23/2019 6:00,0.0,0.0
6/23/2019 7:00,0.0,0.0
6/23/2019 8:00,0.2,0.03
6/23/2019 9:00,0.4,0.06
6/23/2019 10:00,0.76,0.11
6/23/2019 11:00,0.66,0.09
6/23/2019 12:00,1.23,0.18
6/23/2019 13:00,1.25,0.18
6/23/2019 14:00,0.49,0.07
6/23/2019 15:00,0.85,0.12
6/23/2019 16:00,0.63,0.09
6/23/2019 17:00,0.92,0.13
6/23/2019 18:00,1.44,0.21
6/23/2019 19:00,1.27,0.18
6/23/2019 20:00,0.43,0.06
6/23/2019 21:00,0.06,0.01
6/23/2019 22:00,0.0,0.0
6/23/2019 23:00,0.0,0.0
6/24/2019 0:00,0.0,0.0
6/24/2019 1:00,0.0,0.0
6/24/2019 2:00,0.0,0.0
6/24/2019 3:00,0.0,0.0
6/24/2019 4:00,0.0,0.0
6/24/2019 5:00,0.0,0.0
6/24/2019 6:00,0.0,0.0
6/24/2019 7:00,0.0,0.0
6/24/2019 8:00,0.27,0.04
6/24/2019 9:00,1.0,0.14
6/24/2019 10:00,1.21,0.17
6/24/2019 11:00,1.62,0.23
6/24/2019 12:00,1.97,0.28
6/24/2019 13:00,0.98,0.14
6/24/2019 14:00,1.92,0.27
6/24/2019 15:00,1.69,0.24
6/24/2019 16:00,2.15,0.31
6/24/2019 17:00,3.73,0.53
6/24/2019 18:00,2.9,0.41
6/24/2019 19:00,1.32,0.19
6/24/2019 20:00,0.53,0.08
6/24/2019 21:00,0.1,0.01
6/24/2019 22:00,0.0,0.0
6/24/2019 23:00,0.0,0.0
6/25/2019 0:00,0.0,0.0
6/25/2019 1:00,0.0,0.0
6/25/2019 2:00,0.0,0.0
6/25/2019 3:00,0.0,0.0
6/25/2019 4:00,0.0,0.0
6/25/2019 5:00,0.0,0.0
6/25/2019 6:00,0.0,0.0
6/25/2019 7:00,0.07,0.01
6/25/2019 8:00,0.28,0.04
6/25/2019 9:00,0.94,0.13
6/25/2019 10:00,1.84,0.26
6/25/2019 11:00,2.34,0.33
6/25/2019 12:00,2.92,0.42
6/25/2019 13:00,4.56,0.65
6/25/2019 14:00,4.43,0.63
6/25/2019 15:00,4.05,0.58
6/25/2019 16:00,2.8,0.4
6/25/2019 17:00,2.41,0.34
6/25/2019 18:00,2.28,0.33
6/25/2019 19:00,1.39,0.2
6/25/2019 20:00,0.51,0.07
6/25/2019 21:00,0.13,0.02
6/25/2019 22:00,0.0,0.0
6/25/2019 23:00,0.0,0.0
6/26/2019 0:00,0.0,0.0
6/26/2019 1:00,0.0,0.0
6/26/2019 2:00,0.0,0.0
6/26/2019 3:00,0.0,0.0
6/26/2019 4:00,0.0,0.0
6/26/2019 5:00,0.0,0.0
6/26/2019 6:00,0.0,0.0
6/26/2019 7:00,0.0,0.0
6/26/2019 8:00,0.07,0.01
6/26/2019 9:00,0.39,0.06
6/26/2019 10:00,0.64,0.09
6/26/2019 11:00,0.62,0.09
6/26/2019 12:00,0.93,0.13
6/26/2019 13:00,2.34,0.33
6/26/2019 14:00,3.27,0.47
6/26/2019 15:00,4.31,0.62
6/26/2019 16:00,4.85,0.69
6/26/2019 17:00,4.23,0.6
6/26/2019 18:00,2.92,0.42
6/26/2019 19:00,1.51,0.22
6/26/2019 20:00,0.43,0.06
6/26/2019 21:00,0.09,0.01
6/26/2019 22:00,0.0,0.0
6/26/2019 23:00,0.0,0.0
6/27/2019 0:00,0.0,0.0
6/27/2019 1:00,0.0,0.0
6/27/2019 2:00,0.0,0.0
6/27/2019 3:00,0.0,0.0
6/27/2019 4:00,0.0,0.0
6/27/2019 5:00,0.0,0.0
6/27/2019 6:00,0.0,0.0
6/27/2019 7:00,0.03,0.0
6/27/2019 8:00,0.32,0.05
6/27/2019 9:00,1.35,0.19
6/27/2019 10:00,2.25,0.32
6/27/2019 11:00,4.05,0.58
6/27/2019 12:00,3.26,0.47
6/27/2019 13:00,2.53,0.36
6/27/2019 14:00,1.83,0.26
6/27/2019 15:00,3.59,0.51
6/27/2019 16:00,4.98,0.71
6/27/2019 17:00,4.06,0.58
6/27/2019 18:00,3.03,0.43
6/27/2019 19:00,1.61,0.23
6/27/2019 20:00,0.45,0.06
6/27/2019 21:00,0.09,0.01
6/27/2019 22:00,0.0,0.0
6/27/2019 23:00,0.0,0.0
6/28/2019 0:00,0.0,0.0
6/28/2019 1:00,0.0,0.0
6/28/2019 2:00,0.0,0.0
6/28/2019 3:00,0.0,0.0
6/28/2019 4:00,0.0,0.0
6/28/2019 5:00,0.0,0.0
6/28/2019 6:00,0.0,0.0
6/28/2019 7:00,0.02,0.0
6/28/2019 8:00,0.31,0.04
6/28/2019 9:00,1.11,0.16
6/28/2019 10:00,2.71,0.39
6/28/2019 11:00,3.86,0.55
6/28/2019 12:00,4.6,0.66
6/28/2019 13:00,5.06,0.72
6/28/2019 14:00,5.2,0.74
6/28/2019 15:00,5.01,0.72
6/28/2019 16:00,4.51,0.64
6/28/2019 17:00,3.31,0.47
6/28/2019 18:00,2.74,0.39
6/28/2019 19:00,1.43,0.2
6/28/2019 20:00,0.43,0.06
6/28/2019 21:00,0.09,0.01
6/28/2019 22:00,0.0,0.0
6/28/2019 23:00,0.0,0.0
6/29/2019 0:00,0.0,0.0
6/29/2019 1:00,0.0,0.0
6/29/2019 2:00,0.0,0.0
6/29/2019 3:00,0.0,0.0
6/29/2019 4:00,0.0,0.0
6/29/2019 5:00,0.0,0.0
6/29/2019 6:00,0.0,0.0
6/29/2019 7:00,0.03,0.0
6/29/2019 8:00,0.28,0.04
6/29/2019 9:00,0.62,0.09
6/29/2019 10:00,2.57,0.37
6/29/2019 11:00,3.98,0.57
6/29/2019 12:00,4.68,0.67
6/29/2019 13:00,5.11,0.73
6/29/2019 14:00,5.23,0.75
6/29/2019 15:00,5.04,0.72
6/29/2019 16:00,4.65,0.66
6/29/2019 17:00,3.96,0.57
6/29/2019 18:00,2.82,0.4
6/29/2019 19:00,1.48,0.21
6/29/2019 20:00,0.44,0.06
6/29/2019 21:00,0.09,0.01
6/29/2019 22:00,0.0,0.0
6/29/2019 23:00,0.0,0.0
6/30/2019 0:00,0.0,0.0
6/30/2019 1:00,0.0,0.0
6/30/2019 2:00,0.0,0.0
6/30/2019 3:00,0.0,0.0
6/30/2019 4:00,0.0,0.0
6/30/2019 5:00,0.0,0.0
6/30/2019 6:00,0.0,0.0
6/30/2019 7:00,0.04,0.01
6/30/2019 8:00,0.36,0.05
6/30/2019 9:00,1.24,0.18
6/30/2019 10:00,2.74,0.39
6/30/2019 11:00,3.96,0.57
6/30/2019 12:00,4.83,0.69
6/30/2019 13:00,5.28,0.75
6/30/2019 14:00,5.31,0.76
6/30/2019 15:00,5.24,0.75
6/30/2019 16:00,4.91,0.7
6/30/2019 17:00,4.31,0.62
6/30/2019 18:00,2.94,0.42
6/30/2019 19:00,1.54,0.22
6/30/2019 20:00,0.44,0.06
6/30/2019 21:00,0.08,0.01
6/30/2019 22:00,0.0,0.0
6/30/2019 23:00,0.0,0.0
7/1/2019 0:00,0.0,0.0
7/1/2019 1:00,0.0,0.0
7/1/2019 2:00,0.0,0.0
7/1/2019 3:00,0.0,0.0
7/1/2019 4:00,0.0,0.0
7/1/2019 5:00,0.0,0.0
7/1/2019 6:00,0.0,0.0
7/1/2019 7:00,0.06,0.01
7/1/2019 8:00,0.4,0.06
7/1/2019 9:00,0.86,0.12
7/1/2019 10:00,1.53,0.22
7/1/2019 11:00,3.06,0.44
7/1/2019 12:00,4.8,0.69
7/1/2019 13:00,5.39,0.77
7/1/2019 14:00,5.53,0.79
7/1/2019 15:00,5.23,0.75
7/1/2019 16:00,4.95,0.71
7/1/2019 17:00,4.18,0.6
7/1/2019 18:00,2.99,0.43
7/1/2019 19:00,1.57,0.22
7/1/2019 20:00,0.44,0.06
7/1/2019 21:00,0.09,0.01
7/1/2019 22:00,0.0,0.0
7/1/2019 23:00,0.0,0.0
7/2/2019 0:00,0.0,0.0
7/2/2019 1:00,0.0,0.0
7/2/2019 2:00,0.0,0.0
7/2/2019 3:00,0.0,0.0
7/2/2019 4:00,0.0,0.0
7/2/2019 5:00,0.0,0.0
7/2/2019 6:00,0.0,0.0
7/2/2019 7:00,0.0,0.0
7/2/2019 8:00,0.2,0.03
7/2/2019 9:00,0.79,0.11
7/2/2019 10:00,1.95,0.28
7/2/2019 11:00,2.48,0.35
7/2/2019 12:00,3.15,0.45
7/2/2019 13:00,4.88,0.7
7/2/2019 14:00,5.17,0.74
7/2/2019 15:00,4.83,0.69
7/2/2019 16:00,4.86,0.69
7/2/2019 17:00,4.1,0.59
7/2/2019 18:00,2.88,0.41
7/2/2019 19:00,1.39,0.2
7/2/2019 20:00,0.35,0.05
7/2/2019 21:00,0.05,0.01
7/2/2019 22:00,0.0,0.0
7/2/2019 23:00,0.0,0.0
7/3/2019 0:00,0.0,0.0
7/3/2019 1:00,0.0,0.0
7/3/2019 2:00,0.0,0.0
7/3/2019 3:00,0.0,0.0
7/3/2019 4:00,0.0,0.0
7/3/2019 5:00,0.0,0.0
7/3/2019 6:00,0.0,0.0
7/3/2019 7:00,0.06,0.01
7/3/2019 8:00,0.33,0.05
7/3/2019 9:00,1.02,0.15
7/3/2019 10:00,1.71,0.24
7/3/2019 11:00,2.38,0.34
7/3/2019 12:00,2.31,0.33
7/3/2019 13:00,2.96,0.42
7/3/2019 14:00,2.51,0.36
7/3/2019 15:00,2.68,0.38
7/3/2019 16:00,3.43,0.49
7/3/2019 17:00,4.21,0.6
7/3/2019 18:00,3.09,0.44
7/3/2019 19:00,1.57,0.22
7/3/2019 20:00,0.47,0.07
7/3/2019 21:00,0.08,0.01
7/3/2019 22:00,0.0,0.0
7/3/2019 23:00,0.0,0.0
7/4/2019 0:00,0.0,0.0
7/4/2019 1:00,0.0,0.0
7/4/2019 2:00,0.0,0.0
7/4/2019 3:00,0.0,0.0
7/4/2019 4:00,0.0,0.0
7/4/2019 5:00,0.0,0.0
7/4/2019 6:00,0.0,0.0
7/4/2019 7:00,0.04,0.01
7/4/2019 8:00,0.47,0.07
7/4/2019 9:00,0.81,0.12
7/4/2019 10:00,0.5,0.07
7/4/2019 11:00,3.28,0.47
7/4/2019 12:00,4.57,0.65
7/4/2019 13:00,3.67,0.52
7/4/2019 14:00,4.06,0.58
7/4/2019 15:00,3.83,0.55
7/4/2019 16:00,2.84,0.41
7/4/2019 17:00,3.16,0.45
7/4/2019 18:00,2.94,0.42
7/4/2019 19:00,1.57,0.22
7/4/2019 20:00,0.44,0.06
7/4/2019 21:00,0.07,0.01
7/4/2019 22:00,0.0,0.0
7/4/2019 23:00,0.0,0.0
7/5/2019 0:00,0.0,0.0
7/5/2019 1:00,0.0,0.0
7/5/2019 2:00,0.0,0.0
7/5/2019 3:00,0.0,0.0
7/5/2019 4:00,0.0,0.0
7/5/2019 5:00,0.0,0.0
7/5/2019 6:00,0.0,0.0
7/5/2019 7:00,0.01,0.0
7/5/2019 8:00,0.23,0.03
7/5/2019 9:00,1.15,0.16
7/5/2019 10:00,2.83,0.4
7/5/2019 11:00,3.06,0.44
7/5/2019 12:00,4.07,0.58
7/5/2019 13:00,5.15,0.74
7/5/2019 14:00,5.57,0.8
7/5/2019 15:00,5.37,0.77
7/5/2019 16:00,4.99,0.71
7/5/2019 17:00,4.22,0.6
7/5/2019 18:00,2.54,0.36
7/5/2019 19:00,1.64,0.23
7/5/2019 20:00,0.44,0.06
7/5/2019 21:00,0.07,0.01
7/5/2019 22:00,0.0,0.0
7/5/2019 23:00,0.0,0.0
7/6/2019 0:00,0.0,0.0
7/6/2019 1:00,0.0,0.0
7/6/2019 2:00,0.0,0.0
7/6/2019 3:00,0.0,0.0
7/6/2019 4:00,0.0,0.0
7/6/2019 5:00,0.0,0.0
7/6/2019 6:00,0.0,0.0
7/6/2019 7:00,0.0,0.0
7/6/2019 8:00,0.26,0.04
7/6/2019 9:00,1.08,0.15
7/6/2019 10:00,1.36,0.19
7/6/2019 11:00,3.3,0.47
7/6/2019 12:00,3.49,0.5
7/6/2019 13:00,4.06,0.58
7/6/2019 14:00,5.31,0.76
7/6/2019 15:00,4.25,0.61
7/6/2019 16:00,4.05,0.58
7/6/2019 17:00,2.56,0.37
7/6/2019 18:00,3.11,0.44
7/6/2019 19:00,1.6,0.23
7/6/2019 20:00,0.44,0.06
7/6/2019 21:00,0.08,0.01
7/6/2019 22:00,0.0,0.0
7/6/2019 23:00,0.0,0.0
7/7/2019 0:00,0.0,0.0
7/7/2019 1:00,0.0,0.0
7/7/2019 2:00,0.0,0.0
7/7/2019 3:00,0.0,0.0
7/7/2019 4:00,0.0,0.0
7/7/2019 5:00,0.0,0.0
7/7/2019 6:00,0.0,0.0
7/7/2019 7:00,0.04,0.01
7/7/2019 8:00,0.42,0.06
7/7/2019 9:00,1.09,0.16
7/7/2019 10:00,1.69,0.24
7/7/2019 11:00,1.05,0.15
7/7/2019 12:00,4.56,0.65
7/7/2019 13:00,5.03,0.72
7/7/2019 14:00,5.18,0.74
7/7/2019 15:00,5.54,0.79
7/7/2019 16:00,5.0,0.71
7/7/2019 17:00,4.22,0.6
7/7/2019 18:00,3.03,0.43
7/7/2019 19:00,1.65,0.24
7/7/2019 20:00,0.6,0.09
7/7/2019 21:00,0.11,0.02
7/7/2019 22:00,0.0,0.0
7/7/2019 23:00,0.0,0.0
7/8/2019 0:00,0.0,0.0
7/8/2019 1:00,0.0,0.0
7/8/2019 2:00,0.0,0.0
7/8/2019 3:00,0.0,0.0
7/8/2019 4:00,0.0,0.0
7/8/2019 5:00,0.0,0.0
7/8/2019 6:00,0.0,0.0
7/8/2019 7:00,0.03,0.0
7/8/2019 8:00,0.41,0.06
7/8/2019 9:00,1.33,0.19
7/8/2019 10:00,2.03,0.29
7/8/2019 11:00,2.27,0.32
7/8/2019 12:00,2.94,0.42
7/8/2019 13:00,2.03,0.29
7/8/2019 14:00,2.38,0.34
7/8/2019 15:00,5.32,0.76
7/8/2019 16:00,4.47,0.64
7/8/2019 17:00,4.08,0.58
7/8/2019 18:00,2.82,0.4
7/8/2019 19:00,1.42,0.2
7/8/2019 20:00,0.48,0.07
7/8/2019 21:00,0.08,0.01
7/8/2019 22:00,0.0,0.0
7/8/2019 23:00,0.0,0.0
7/9/2019 0:00,0.0,0.0
7/9/2019 1:00,0.0,0.0
7/9/2019 2:00,0.0,0.0
7/9/2019 3:00,0.0,0.0
7/9/2019 4:00,0.0,0.0
7/9/2019 5:00,0.0,0.0
7/9/2019 6:00,0.0,0.0
7/9/2019 7:00,0.01,0.0
7/9/2019 8:00,0.29,0.04
7/9/2019 9:00,0.57,0.08
7/9/2019 10:00,0.94,0.13
7/9/2019 11:00,2.98,0.43
7/9/2019 12:00,3.96,0.57
7/9/2019 13:00,5.02,0.72
7/9/2019 14:00,5.09,0.73
7/9/2019 15:00,5.1,0.73
7/9/2019 16:00,3.0,0.43
7/9/2019 17:00,2.89,0.41
7/9/2019 18:00,2.2,0.31
7/9/2019 19:00,1.12,0.16
7/9/2019 20:00,0.54,0.08
7/9/2019 21:00,0.07,0.01
7/9/2019 22:00,0.0,0.0
7/9/2019 23:00,0.0,0.0
7/10/2019 0:00,0.0,0.0
7/10/2019 1:00,0.0,0.0
7/10/2019 2:00,0.0,0.0
7/10/2019 3:00,0.0,0.0
7/10/2019 4:00,0.0,0.0
7/10/2019 5:00,0.0,0.0
7/10/2019 6:00,0.0,0.0
7/10/2019 7:00,0.06,0.01
7/10/2019 8:00,0.51,0.07
7/10/2019 9:00,1.87,0.27
7/10/2019 10:00,2.48,0.35
7/10/2019 11:00,2.51,0.36
7/10/2019 12:00,4.62,0.66
7/10/2019 13:00,4.88,0.7
7/10/2019 14:00,5.03,0.72
7/10/2019 15:00,4.42,0.63
7/10/2019 16:00,4.17,0.6
7/10/2019 17:00,3.93,0.56
7/10/2019 18:00,3.37,0.48
7/10/2019 19:00,1.72,0.25
7/10/2019 20:00,0.5,0.07
7/10/2019 21:00,0.07,0.01
7/10/2019 22:00,0.0,0.0
7/10/2019 23:00,0.0,0.0
7/11/2019 0:00,0.0,0.0
7/11/2019 1:00,0.0,0.0
7/11/2019 2:00,0.0,0.0
7/11/2019 3:00,0.0,0.0
7/11/2019 4:00,0.0,0.0
7/11/2019 5:00,0.0,0.0
7/11/2019 6:00,0.0,0.0
7/11/2019 7:00,0.01,0.0
7/11/2019 8:00,0.28,0.04
7/11/2019 9:00,1.14,0.16
7/11/2019 10:00,2.62,0.37
7/11/2019 11:00,3.71,0.53
7/11/2019 12:00,4.38,0.63
7/11/2019 13:00,4.79,0.68
7/11/2019 14:00,4.67,0.67
7/11/2019 15:00,4.03,0.58
7/11/2019 16:00,3.86,0.55
7/11/2019 17:00,3.73,0.53
7/11/2019 18:00,2.75,0.39
7/11/2019 19:00,1.19,0.17
7/11/2019 20:00,0.43,0.06
7/11/2019 21:00,0.12,0.02
7/11/2019 22:00,0.0,0.0
7/11/2019 23:00,0.0,0.0
7/12/2019 0:00,0.0,0.0
7/12/2019 1:00,0.0,0.0
7/12/2019 2:00,0.0,0.0
7/12/2019 3:00,0.0,0.0
7/12/2019 4:00,0.0,0.0
7/12/2019 5:00,0.0,0.0
7/12/2019 6:00,0.0,0.0
7/12/2019 7:00,0.01,0.0
7/12/2019 8:00,0.32,0.05
7/12/2019 9:00,0.95,0.14
7/12/2019 10:00,1.02,0.15
7/12/2019 11:00,0.7,0.1
7/12/2019 12:00,1.97,0.28
7/12/2019 13:00,2.71,0.39
7/12/2019 14:00,4.64,0.66
7/12/2019 15:00,4.16,0.59
7/12/2019 16:00,3.0,0.43
7/12/2019 17:00,2.65,0.38
7/12/2019 18:00,2.41,0.34
7/12/2019 19:00,1.38,0.2
7/12/2019 20:00,0.54,0.08
7/12/2019 21:00,0.08,0.01
7/12/2019 22:00,0.0,0.0
7/12/2019 23:00,0.0,0.0
7/13/2019 0:00,0.0,0.0
7/13/2019 1:00,0.0,0.0
7/13/2019 2:00,0.0,0.0
7/13/2019 3:00,0.0,0.0
7/13/2019 4:00,0.0,0.0
7/13/2019 5:00,0.0,0.0
7/13/2019 6:00,0.0,0.0
7/13/2019 7:00,0.01,0.0
7/13/2019 8:00,0.35,0.05
7/13/2019 9:00,1.15,0.16
7/13/2019 10:00,1.98,0.28
7/13/2019 11:00,2.35,0.34
7/13/2019 12:00,1.36,0.19
7/13/2019 13:00,4.31,0.62
7/13/2019 14:00,2.63,0.38
7/13/2019 15:00,4.08,0.58
7/13/2019 16:00,4.16,0.59
7/13/2019 17:00,4.0,0.57
7/13/2019 18:00,2.87,0.41
7/13/2019 19:00,1.5,0.21
7/13/2019 20:00,0.45,0.06
7/13/2019 21:00,0.08,0.01
7/13/2019 22:00,0.0,0.0
7/13/2019 23:00,0.0,0.0
7/14/2019 0:00,0.0,0.0
7/14/2019 1:00,0.0,0.0
7/14/2019 2:00,0.0,0.0
7/14/2019 3:00,0.0,0.0
7/14/2019 4:00,0.0,0.0
7/14/2019 5:00,0.0,0.0
7/14/2019 6:00,0.0,0.0
7/14/2019 7:00,0.0,0.0
7/14/2019 8:00,0.13,0.02
7/14/2019 9:00,0.39,0.06
7/14/2019 10:00,0.8,0.11
7/14/2019 11:00,2.21,0.32
7/14/2019 12:00,4.59,0.66
7/14/2019 13:00,5.16,0.74
7/14/2019 14:00,5.46,0.78
7/14/2019 15:00,5.37,0.77
7/14/2019 16:00,4.91,0.7
7/14/2019 17:00,4.09,0.58
7/14/2019 18:00,2.91,0.42
7/14/2019 19:00,1.5,0.21
7/14/2019 20:00,0.47,0.07
7/14/2019 21:00,0.09,0.01
7/14/2019 22:00,0.0,0.0
7/14/2019 23:00,0.0,0.0
7/15/2019 0:00,0.0,0.0
7/15/2019 1:00,0.0,0.0
7/15/2019 2:00,0.0,0.0
7/15/2019 3:00,0.0,0.0
7/15/2019 4:00,0.0,0.0
7/15/2019 5:00,0.0,0.0
7/15/2019 6:00,0.0,0.0
7/15/2019 7:00,0.0,0.0
7/15/2019 8:00,0.15,0.02
7/15/2019 9:00,0.46,0.07
7/15/2019 10:00,1.19,0.17
7/15/2019 11:00,3.82,0.55
7/15/2019 12:00,4.72,0.67
7/15/2019 13:00,5.18,0.74
7/15/2019 14:00,5.38,0.77
7/15/2019 15:00,5.25,0.75
7/15/2019 16:00,4.79,0.68
7/15/2019 17:00,4.06,0.58
7/15/2019 18:00,2.96,0.42
7/15/2019 19:00,1.54,0.22
7/15/2019 20:00,0.45,0.06
7/15/2019 21:00,0.08,0.01
7/15/2019 22:00,0.0,0.0
7/15/2019 23:00,0.0,0.0
7/16/2019 0:00,0.0,0.0
7/16/2019 1:00,0.0,0.0
7/16/2019 2:00,0.0,0.0
7/16/2019 3:00,0.0,0.0
7/16/2019 4:00,0.0,0.0
7/16/2019 5:00,0.0,0.0
7/16/2019 6:00,0.0,0.0
7/16/2019 7:00,0.0,0.0
7/16/2019 8:00,0.17,0.02
7/16/2019 9:00,0.56,0.08
7/16/2019 10:00,0.62,0.09
7/16/2019 11:00,0.94,0.13
7/16/2019 12:00,1.25,0.18
7/16/2019 13:00,1.57,0.22
7/16/2019 14:00,2.12,0.3
7/16/2019 15:00,3.77,0.54
7/16/2019 16:00,4.61,0.66
7/16/2019 17:00,3.43,0.49
7/16/2019 18:00,2.93,0.42
7/16/2019 19:00,1.58,0.23
7/16/2019 20:00,0.53,0.08
7/16/2019 21:00,0.06,0.01
7/16/2019 22:00,0.0,0.0
7/16/2019 23:00,0.0,0.0
7/17/2019 0:00,0.0,0.0
7/17/2019 1:00,0.0,0.0
7/17/2019 2:00,0.0,0.0
7/17/2019 3:00,0.0,0.0
7/17/2019 4:00,0.0,0.0
7/17/2019 5:00,0.0,0.0
7/17/2019 6:00,0.0,0.0
7/17/2019 7:00,0.0,0.0
7/17/2019 8:00,0.07,0.01
7/17/2019 9:00,0.57,0.08
7/17/2019 10:00,0.85,0.12
7/17/2019 11:00,1.8,0.26
7/17/2019 12:00,1.9,0.27
7/17/2019 13:00,2.17,0.31
7/17/2019 14:00,2.89,0.41
7/17/2019 15:00,3.87,0.55
7/17/2019 16:00,4.78,0.68
7/17/2019 17:00,4.02,0.57
7/17/2019 18:00,2.91,0.42
7/17/2019 19:00,1.54,0.22
7/17/2019 20:00,0.45,0.06
7/17/2019 21:00,0.07,0.01
7/17/2019 22:00,0.0,0.0
7/17/2019 23:00,0.0,0.0
7/18/2019 0:00,0.0,0.0
7/18/2019 1:00,0.0,0.0
7/18/2019 2:00,0.0,0.0
7/18/2019 3:00,0.0,0.0
7/18/2019 4:00,0.0,0.0
7/18/2019 5:00,0.0,0.0
7/18/2019 6:00,0.0,0.0
7/18/2019 7:00,0.01,0.0
7/18/2019 8:00,0.28,0.04
7/18/2019 9:00,1.14,0.16
7/18/2019 10:00,2.74,0.39
7/18/2019 11:00,3.9,0.56
7/18/2019 12:00,4.7,0.67
7/18/2019 13:00,5.17,0.74
7/18/2019 14:00,5.27,0.75
7/18/2019 15:00,5.13,0.73
7/18/2019 16:00,4.69,0.67
7/18/2019 17:00,4.02,0.57
7/18/2019 18:00,2.95,0.42
7/18/2019 19:00,1.55,0.22
7/18/2019 20:00,0.43,0.06
7/18/2019 21:00,0.07,0.01
7/18/2019 22:00,0.0,0.0
7/18/2019 23:00,0.0,0.0
7/19/2019 0:00,0.0,0.0
7/19/2019 1:00,0.0,0.0
7/19/2019 2:00,0.0,0.0
7/19/2019 3:00,0.0,0.0
7/19/2019 4:00,0.0,0.0
7/19/2019 5:00,0.0,0.0
7/19/2019 6:00,0.0,0.0
7/19/2019 7:00,0.0,0.0
7/19/2019 8:00,0.37,0.05
7/19/2019 9:00,1.24,0.18
7/19/2019 10:00,2.66,0.38
7/19/2019 11:00,3.83,0.55
7/19/2019 12:00,4.61,0.66
7/19/2019 13:00,5.09,0.73
7/19/2019 14:00,5.21,0.74
7/19/2019 15:00,5.09,0.73
7/19/2019 16:00,4.68,0.67
7/19/2019 17:00,3.97,0.57
7/19/2019 18:00,2.89,0.41
7/19/2019 19:00,1.52,0.22
7/19/2019 20:00,0.42,0.06
7/19/2019 21:00,0.06,0.01
7/19/2019 22:00,0.0,0.0
7/19/2019 23:00,0.0,0.0
7/20/2019 0:00,0.0,0.0
7/20/2019 1:00,0.0,0.0
7/20/2019 2:00,0.0,0.0
7/20/2019 3:00,0.0,0.0
7/20/2019 4:00,0.0,0.0
7/20/2019 5:00,0.0,0.0
7/20/2019 6:00,0.0,0.0
7/20/2019 7:00,0.0,0.0
7/20/2019 8:00,0.22,0.03
7/20/2019 9:00,1.13,0.16
7/20/2019 10:00,2.79,0.4
7/20/2019 11:00,3.96,0.57
7/20/2019 12:00,4.78,0.68
7/20/2019 13:00,5.24,0.75
7/20/2019 14:00,5.39,0.77
7/20/2019 15:00,5.17,0.74
7/20/2019 16:00,4.75,0.68
7/20/2019 17:00,4.02,0.57
7/20/2019 18:00,2.94,0.42
7/20/2019 19:00,1.53,0.22
7/20/2019 20:00,0.41,0.06
7/20/2019 21:00,0.06,0.01
7/20/2019 22:00,0.0,0.0
7/20/2019 23:00,0.0,0.0
7/21/2019 0:00,0.0,0.0
7/21/2019 1:00,0.0,0.0
7/21/2019 2:00,0.0,0.0
7/21/2019 3:00,0.0,0.0
7/21/2019 4:00,0.0,0.0
7/21/2019 5:00,0.0,0.0
7/21/2019 6:00,0.0,0.0
7/21/2019 7:00,0.0,0.0
7/21/2019 8:00,0.0,0.0
7/21/2019 9:00,0.0,0.0
7/21/2019 10:00,0.0,0.0
7/21/2019 11:00,0.0,0.0
7/21/2019 12:00,0.0,0.0
7/21/2019 13:00,0.0,0.0
7/21/2019 14:00,0.0,0.0
7/21/2019 15:00,0.0,0.0
7/21/2019 16:00,0.0,0.0
7/21/2019 17:00,0.0,0.0
7/21/2019 18:00,0.0,0.0
7/21/2019 19:00,0.0,0.0
7/21/2019 20:00,0.0,0.0
7/21/2019 21:00,0.0,0.0
7/21/2019 22:00,0.0,0.0
7/21/2019 23:00,0.0,0.0
7/22/2019 0:00,0.0,0.0
7/22/2019 1:00,0.0,0.0
7/22/2019 2:00,0.0,0.0
7/22/2019 3:00,0.0,0.0
7/22/2019 4:00,0.0,0.0
7/22/2019 5:00,0.0,0.0
7/22/2019 6:00,0.0,0.0
7/22/2019 7:00,0.01,0.0
7/22/2019 8:00,0.33,0.05
7/22/2019 9:00,1.1,0.16
7/22/2019 10:00,2.53,0.36
7/22/2019 11:00,3.62,0.52
7/22/2019 12:00,4.37,0.62
7/22/2019 13:00,4.83,0.69
7/22/2019 14:00,4.97,0.71
7/22/2019 15:00,4.78,0.68
7/22/2019 16:00,4.03,0.58
7/22/2019 17:00,3.45,0.49
7/22/2019 18:00,2.63,0.38
7/22/2019 19:00,1.39,0.2
7/22/2019 20:00,0.45,0.06
7/22/2019 21:00,0.07,0.01
7/22/2019 22:00,0.0,0.0
7/22/2019 23:00,0.0,0.0
7/23/2019 0:00,0.0,0.0
7/23/2019 1:00,0.0,0.0
7/23/2019 2:00,0.0,0.0
7/23/2019 3:00,0.0,0.0
7/23/2019 4:00,0.0,0.0
7/23/2019 5:00,0.0,0.0
7/23/2019 6:00,0.0,0.0
7/23/2019 7:00,0.0,0.0
7/23/2019 8:00,0.26,0.04
7/23/2019 9:00,0.71,0.1
7/23/2019 10:00,2.28,0.33
7/23/2019 11:00,3.49,0.5
7/23/2019 12:00,4.4,0.63
7/23/2019 13:00,4.88,0.7
7/23/2019 14:00,5.01,0.72
7/23/2019 15:00,4.94,0.71
7/23/2019 16:00,4.5,0.64
7/23/2019 17:00,3.79,0.54
7/23/2019 18:00,2.77,0.4
7/23/2019 19:00,1.43,0.2
7/23/2019 20:00,0.42,0.06
7/23/2019 21:00,0.06,0.01
7/23/2019 22:00,0.0,0.0
7/23/2019 23:00,0.0,0.0
7/24/2019 0:00,0.0,0.0
7/24/2019 1:00,0.0,0.0
7/24/2019 2:00,0.0,0.0
7/24/2019 3:00,0.0,0.0
7/24/2019 4:00,0.0,0.0
7/24/2019 5:00,0.0,0.0
7/24/2019 6:00,0.0,0.0
7/24/2019 7:00,0.0,0.0
7/24/2019 8:00,0.28,0.04
7/24/2019 9:00,1.08,0.15
7/24/2019 10:00,2.65,0.38
7/24/2019 11:00,3.77,0.54
7/24/2019 12:00,4.51,0.64
7/24/2019 13:00,5.0,0.71
7/24/2019 14:00,5.19,0.74
7/24/2019 15:00,4.54,0.65
7/24/2019 16:00,4.26,0.61
7/24/2019 17:00,3.95,0.56
7/24/2019 18:00,2.9,0.41
7/24/2019 19:00,1.5,0.21
7/24/2019 20:00,0.42,0.06
7/24/2019 21:00,0.06,0.01
7/24/2019 22:00,0.0,0.0
7/24/2019 23:00,0.0,0.0
7/25/2019 0:00,0.0,0.0
7/25/2019 1:00,0.0,0.0
7/25/2019 2:00,0.0,0.0
7/25/2019 3:00,0.0,0.0
7/25/2019 4:00,0.0,0.0
7/25/2019 5:00,0.0,0.0
7/25/2019 6:00,0.0,0.0
7/25/2019 7:00,0.0,0.0
7/25/2019 8:00,0.09,0.01
7/25/2019 9:00,0.63,0.09
7/25/2019 10:00,2.63,0.38
7/25/2019 11:00,3.11,0.44
7/25/2019 12:00,2.81,0.4
7/25/2019 13:00,4.96,0.71
7/25/2019 14:00,4.62,0.66
7/25/2019 15:00,5.22,0.75
7/25/2019 16:00,4.67,0.67
7/25/2019 17:00,3.25,0.46
7/25/2019 18:00,1.95,0.28
7/25/2019 19:00,1.29,0.18
7/25/2019 20:00,0.48,0.07
7/25/2019 21:00,0.09,0.01
7/25/2019 22:00,0.0,0.0
7/25/2019 23:00,0.0,0.0
7/26/2019 0:00,0.0,0.0
7/26/2019 1:00,0.0,0.0
7/26/2019 2:00,0.0,0.0
7/26/2019 3:00,0.0,0.0
7/26/2019 4:00,0.0,0.0
7/26/2019 5:00,0.0,0.0
7/26/2019 6:00,0.0,0.0
7/26/2019 7:00,0.0,0.0
7/26/2019 8:00,0.3,0.04
7/26/2019 9:00,1.3,0.19
7/26/2019 10:00,2.38,0.34
7/26/2019 11:00,3.66,0.52
7/26/2019 12:00,4.14,0.59
7/26/2019 13:00,4.67,0.67
7/26/2019 14:00,5.45,0.78
7/26/2019 15:00,5.31,0.76
7/26/2019 16:00,4.51,0.64
7/26/2019 17:00,4.06,0.58
7/26/2019 18:00,2.94,0.42
7/26/2019 19:00,1.51,0.22
7/26/2019 20:00,0.4,0.06
7/26/2019 21:00,0.05,0.01
7/26/2019 22:00,0.0,0.0
7/26/2019 23:00,0.0,0.0
7/27/2019 0:00,0.0,0.0
7/27/2019 1:00,0.0,0.0
7/27/2019 2:00,0.0,0.0
7/27/2019 3:00,0.0,0.0
7/27/2019 4:00,0.0,0.0
7/27/2019 5:00,0.0,0.0
7/27/2019 6:00,0.0,0.0
7/27/2019 7:00,0.0,0.0
7/27/2019 8:00,0.07,0.01
7/27/2019 9:00,0.26,0.04
7/27/2019 10:00,0.57,0.08
7/27/2019 11:00,1.52,0.22
7/27/2019 12:00,2.23,0.32
7/27/2019 13:00,1.96,0.28
7/27/2019 14:00,1.72,0.25
7/27/2019 15:00,3.79,0.54
7/27/2019 16:00,3.82,0.55
7/27/2019 17:00,3.32,0.47
7/27/2019 18:00,2.33,0.33
7/27/2019 19:00,0.75,0.11
7/27/2019 20:00,0.47,0.07
7/27/2019 21:00,0.05,0.01
7/27/2019 22:00,0.0,0.0
7/27/2019 23:00,0.0,0.0
7/28/2019 0:00,0.0,0.0
7/28/2019 1:00,0.0,0.0
7/28/2019 2:00,0.0,0.0
7/28/2019 3:00,0.0,0.0
7/28/2019 4:00,0.0,0.0
7/28/2019 5:00,0.0,0.0
7/28/2019 6:00,0.0,0.0
7/28/2019 7:00,0.01,0.0
7/28/2019 8:00,0.32,0.05
7/28/2019 9:00,1.1,0.16
7/28/2019 10:00,2.71,0.39
7/28/2019 11:00,4.08,0.58
7/28/2019 12:00,4.66,0.67
7/28/2019 13:00,4.99,0.71
7/28/2019 14:00,5.31,0.76
7/28/2019 15:00,5.18,0.74
7/28/2019 16:00,4.8,0.69
7/28/2019 17:00,4.08,0.58
7/28/2019 18:00,3.02,0.43
7/28/2019 19:00,1.55,0.22
7/28/2019 20:00,0.38,0.05
7/28/2019 21:00,0.04,0.01
7/28/2019 22:00,0.0,0.0
7/28/2019 23:00,0.0,0.0
7/29/2019 0:00,0.0,0.0
7/29/2019 1:00,0.0,0.0
7/29/2019 2:00,0.0,0.0
7/29/2019 3:00,0.0,0.0
7/29/2019 4:00,0.0,0.0
7/29/2019 5:00,0.0,0.0
7/29/2019 6:00,0.0,0.0
7/29/2019 7:00,0.0,0.0
7/29/2019 8:00,0.06,0.01
7/29/2019 9:00,0.58,0.08
7/29/2019 10:00,1.53,0.22
7/29/2019 11:00,2.99,0.43
7/29/2019 12:00,4.64,0.66
7/29/2019 13:00,4.71,0.67
7/29/2019 14:00,5.51,0.79
7/29/2019 15:00,5.4,0.77
7/29/2019 16:00,4.98,0.71
7/29/2019 17:00,4.2,0.6
7/29/2019 18:00,3.08,0.44
7/29/2019 19:00,1.57,0.22
7/29/2019 20:00,0.41,0.06
7/29/2019 21:00,0.05,0.01
7/29/2019 22:00,0.0,0.0
7/29/2019 23:00,0.0,0.0
7/30/2019 0:00,0.0,0.0
7/30/2019 1:00,0.0,0.0
7/30/2019 2:00,0.0,0.0
7/30/2019 3:00,0.0,0.0
7/30/2019 4:00,0.0,0.0
7/30/2019 5:00,0.0,0.0
7/30/2019 6:00,0.0,0.0
7/30/2019 7:00,0.0,0.0
7/30/2019 8:00,0.25,0.04
7/30/2019 9:00,1.12,0.16
7/30/2019 10:00,2.79,0.4
7/30/2019 11:00,4.04,0.58
7/30/2019 12:00,4.91,0.7
7/30/2019 13:00,5.44,0.78
7/30/2019 14:00,5.55,0.79
7/30/2019 15:00,5.39,0.77
7/30/2019 16:00,4.99,0.71
7/30/2019 17:00,4.22,0.6
7/30/2019 18:00,3.11,0.44
7/30/2019 19:00,1.59,0.23
7/30/2019 20:00,0.41,0.06
7/30/2019 21:00,0.04,0.01
7/30/2019 22:00,0.0,0.0
7/30/2019 23:00,0.0,0.0
7/31/2019 0:00,0.0,0.0
7/31/2019 1:00,0.0,0.0
7/31/2019 2:00,0.0,0.0
7/31/2019 3:00,0.0,0.0
7/31/2019 4:00,0.0,0.0
7/31/2019 5:00,0.0,0.0
7/31/2019 6:00,0.0,0.0
7/31/2019 7:00,0.0,0.0
7/31/2019 8:00,0.22,0.03
7/31/2019 9:00,1.12,0.16
7/31/2019 10:00,2.68,0.38
7/31/2019 11:00,3.73,0.53
7/31/2019 12:00,4.4,0.63
7/31/2019 13:00,5.24,0.75
7/31/2019 14:00,5.35,0.76
7/31/2019 15:00,4.29,0.61
7/31/2019 16:00,2.73,0.39
7/31/2019 17:00,2.86,0.41
7/31/2019 18:00,2.9,0.41
7/31/2019 19:00,1.54,0.22
7/31/2019 20:00,0.39,0.06
7/31/2019 21:00,0.04,0.01
7/31/2019 22:00,0.0,0.0
7/31/2019 23:00,0.0,0.0
8/1/2019 0:00,0.0,0.0
8/1/2019 1:00,0.0,0.0
8/1/2019 2:00,0.0,0.0
8/1/2019 3:00,0.0,0.0
8/1/2019 4:00,0.0,0.0
8/1/2019 5:00,0.0,0.0
8/1/2019 6:00,0.0,0.0
8/1/2019 7:00,0.0,0.0
8/1/2019 8:00,0.22,0.03
8/1/2019 9:00,1.11,0.16
8/1/2019 10:00,2.73,0.39
8/1/2019 11:00,3.96,0.57
8/1/2019 12:00,4.77,0.68
8/1/2019 13:00,5.27,0.75
8/1/2019 14:00,5.41,0.77
8/1/2019 15:00,4.82,0.69
8/1/2019 16:00,4.6,0.66
8/1/2019 17:00,4.1,0.59
8/1/2019 18:00,3.01,0.43
8/1/2019 19:00,1.53,0.22
8/1/2019 20:00,0.38,0.05
8/1/2019 21:00,0.04,0.01
8/1/2019 22:00,0.0,0.0
8/1/2019 23:00,0.0,0.0
8/2/2019 0:00,0.0,0.0
8/2/2019 1:00,0.0,0.0
8/2/2019 2:00,0.0,0.0
8/2/2019 3:00,0.0,0.0
8/2/2019 4:00,0.0,0.0
8/2/2019 5:00,0.0,0.0
8/2/2019 6:00,0.0,0.0
8/2/2019 7:00,0.0,0.0
8/2/2019 8:00,0.23,0.03
8/2/2019 9:00,1.17,0.17
8/2/2019 10:00,2.76,0.39
8/2/2019 11:00,3.95,0.56
8/2/2019 12:00,4.79,0.68
8/2/2019 13:00,5.28,0.75
8/2/2019 14:00,5.39,0.77
8/2/2019 15:00,5.1,0.73
8/2/2019 16:00,4.7,0.67
8/2/2019 17:00,4.08,0.58
8/2/2019 18:00,2.98,0.43
8/2/2019 19:00,1.52,0.22
8/2/2019 20:00,0.37,0.05
8/2/2019 21:00,0.04,0.01
8/2/2019 22:00,0.0,0.0
8/2/2019 23:00,0.0,0.0
8/3/2019 0:00,0.0,0.0
8/3/2019 1:00,0.0,0.0
8/3/2019 2:00,0.0,0.0
8/3/2019 3:00,0.0,0.0
8/3/2019 4:00,0.0,0.0
8/3/2019 5:00,0.0,0.0
8/3/2019 6:00,0.0,0.0
8/3/2019 7:00,0.0,0.0
8/3/2019 8:00,0.2,0.03
8/3/2019 9:00,1.11,0.16
8/3/2019 10:00,2.74,0.39
8/3/2019 11:00,3.96,0.57
8/3/2019 12:00,4.8,0.69
8/3/2019 13:00,5.26,0.75
8/3/2019 14:00,5.35,0.76
8/3/2019 15:00,5.05,0.72
8/3/2019 16:00,4.64,0.66
8/3/2019 17:00,4.03,0.58
8/3/2019 18:00,2.96,0.42
8/3/2019 19:00,1.51,0.22
8/3/2019 20:00,0.36,0.05
8/3/2019 21:00,0.03,0.0
8/3/2019 22:00,0.0,0.0
8/3/2019 23:00,0.0,0.0
8/4/2019 0:00,0.0,0.0
8/4/2019 1:00,0.0,0.0
8/4/2019 2:00,0.0,0.0
8/4/2019 3:00,0.0,0.0
8/4/2019 4:00,0.0,0.0
8/4/2019 5:00,0.0,0.0
8/4/2019 6:00,0.0,0.0
8/4/2019 7:00,0.0,0.0
8/4/2019 8:00,0.2,0.03
8/4/2019 9:00,1.09,0.16
8/4/2019 10:00,2.69,0.38
8/4/2019 11:00,3.92,0.56
8/4/2019 12:00,4.74,0.68
8/4/2019 13:00,5.26,0.75
8/4/2019 14:00,5.35,0.76
8/4/2019 15:00,5.11,0.73
8/4/2019 16:00,4.64,0.66
8/4/2019 17:00,4.07,0.58
8/4/2019 18:00,2.98,0.43
8/4/2019 19:00,1.52,0.22
8/4/2019 20:00,0.36,0.05
8/4/2019 21:00,0.03,0.0
8/4/2019 22:00,0.0,0.0
8/4/2019 23:00,0.0,0.0
8/5/2019 0:00,0.0,0.0
8/5/2019 1:00,0.0,0.0
8/5/2019 2:00,0.0,0.0
8/5/2019 3:00,0.0,0.0
8/5/2019 4:00,0.0,0.0
8/5/2019 5:00,0.0,0.0
8/5/2019 6:00,0.0,0.0
8/5/2019 7:00,0.0,0.0
8/5/2019 8:00,0.2,0.03
8/5/2019 9:00,1.11,0.16
8/5/2019 10:00,2.73,0.39
8/5/2019 11:00,3.94,0.56
8/5/2019 12:00,4.75,0.68
8/5/2019 13:00,5.27,0.75
8/5/2019 14:00,5.34,0.76
8/5/2019 15:00,4.77,0.68
8/5/2019 16:00,4.57,0.65
8/5/2019 17:00,4.01,0.57
8/5/2019 18:00,2.93,0.42
8/5/2019 19:00,1.48,0.21
8/5/2019 20:00,0.34,0.05
8/5/2019 21:00,0.03,0.0
8/5/2019 22:00,0.0,0.0
8/5/2019 23:00,0.0,0.0
8/6/2019 0:00,0.0,0.0
8/6/2019 1:00,0.0,0.0
8/6/2019 2:00,0.0,0.0
8/6/2019 3:00,0.0,0.0
8/6/2019 4:00,0.0,0.0
8/6/2019 5:00,0.0,0.0
8/6/2019 6:00,0.0,0.0
8/6/2019 7:00,0.0,0.0
8/6/2019 8:00,0.28,0.04
8/6/2019 9:00,0.69,0.1
8/6/2019 10:00,1.1,0.16
8/6/2019 11:00,2.94,0.42
8/6/2019 12:00,4.65,0.66
8/6/2019 13:00,5.03,0.72
8/6/2019 14:00,4.69,0.67
8/6/2019 15:00,4.99,0.71
8/6/2019 16:00,4.32,0.62
8/6/2019 17:00,3.24,0.46
8/6/2019 18:00,2.6,0.37
8/6/2019 19:00,1.23,0.18
8/6/2019 20:00,0.4,0.06
8/6/2019 21:00,0.04,0.01
8/6/2019 22:00,0.0,0.0
8/6/2019 23:00,0.0,0.0
8/7/2019 0:00,0.0,0.0
8/7/2019 1:00,0.0,0.0
8/7/2019 2:00,0.0,0.0
8/7/2019 3:00,0.0,0.0
8/7/2019 4:00,0.0,0.0
8/7/2019 5:00,0.0,0.0
8/7/2019 6:00,0.0,0.0
8/7/2019 7:00,0.0,0.0
8/7/2019 8:00,0.11,0.02
8/7/2019 9:00,0.44,0.06
8/7/2019 10:00,0.71,0.1
8/7/2019 11:00,1.41,0.2
8/7/2019 12:00,2.38,0.34
8/7/2019 13:00,2.06,0.29
8/7/2019 14:00,2.53,0.36
8/7/2019 15:00,4.21,0.6
8/7/2019 16:00,4.02,0.57
8/7/2019 17:00,3.96,0.57
8/7/2019 18:00,2.92,0.42
8/7/2019 19:00,1.45,0.21
8/7/2019 20:00,0.32,0.05
8/7/2019 21:00,0.02,0.0
8/7/2019 22:00,0.0,0.0
8/7/2019 23:00,0.0,0.0
8/8/2019 0:00,0.0,0.0
8/8/2019 1:00,0.0,0.0
8/8/2019 2:00,0.0,0.0
8/8/2019 3:00,0.0,0.0
8/8/2019 4:00,0.0,0.0
8/8/2019 5:00,0.0,0.0
8/8/2019 6:00,0.0,0.0
8/8/2019 7:00,0.0,0.0
8/8/2019 8:00,0.22,0.03
8/8/2019 9:00,0.49,0.07
8/8/2019 10:00,1.58,0.23
8/8/2019 11:00,1.72,0.25
8/8/2019 12:00,1.63,0.23
8/8/2019 13:00,1.4,0.2
8/8/2019 14:00,1.86,0.27
8/8/2019 15:00,2.48,0.35
8/8/2019 16:00,3.2,0.46
8/8/2019 17:00,1.57,0.22
8/8/2019 18:00,1.9,0.27
8/8/2019 19:00,0.89,0.13
8/8/2019 20:00,0.35,0.05
8/8/2019 21:00,0.03,0.0
8/8/2019 22:00,0.0,0.0
8/8/2019 23:00,0.0,0.0
8/9/2019 0:00,0.0,0.0
8/9/2019 1:00,0.0,0.0
8/9/2019 2:00,0.0,0.0
8/9/2019 3:00,0.0,0.0
8/9/2019 4:00,0.0,0.0
8/9/2019 5:00,0.0,0.0
8/9/2019 6:00,0.0,0.0
8/9/2019 7:00,0.0,0.0
8/9/2019 8:00,0.07,0.01
8/9/2019 9:00,0.28,0.04
8/9/2019 10:00,0.54,0.08
8/9/2019 11:00,1.11,0.16
8/9/2019 12:00,1.54,0.22
8/9/2019 13:00,1.65,0.24
8/9/2019 14:00,3.16,0.45
8/9/2019 15:00,3.56,0.51
8/9/2019 16:00,4.68,0.67
8/9/2019 17:00,3.72,0.53
8/9/2019 18:00,2.66,0.38
8/9/2019 19:00,1.49,0.21
8/9/2019 20:00,0.34,0.05
8/9/2019 21:00,0.02,0.0
8/9/2019 22:00,0.0,0.0
8/9/2019 23:00,0.0,0.0
8/10/2019 0:00,0.0,0.0
8/10/2019 1:00,0.0,0.0
8/10/2019 2:00,0.0,0.0
8/10/2019 3:00,0.0,0.0
8/10/2019 4:00,0.0,0.0
8/10/2019 5:00,0.0,0.0
8/10/2019 6:00,0.0,0.0
8/10/2019 7:00,0.0,0.0
8/10/2019 8:00,0.24,0.03
8/10/2019 9:00,1.03,0.15
8/10/2019 10:00,1.46,0.21
8/10/2019 11:00,3.04,0.43
8/10/2019 12:00,2.7,0.39
8/10/2019 13:00,3.8,0.54
8/10/2019 14:00,4.37,0.62
8/10/2019 15:00,4.92,0.7
8/10/2019 16:00,3.7,0.53
8/10/2019 17:00,3.16,0.45
8/10/2019 18:00,2.72,0.39
8/10/2019 19:00,1.11,0.16
8/10/2019 20:00,0.27,0.04
8/10/2019 21:00,0.0,0.0
8/10/2019 22:00,0.0,0.0
8/10/2019 23:00,0.0,0.0
8/11/2019 0:00,0.0,0.0
8/11/2019 1:00,0.0,0.0
8/11/2019 2:00,0.0,0.0
8/11/2019 3:00,0.0,0.0
8/11/2019 4:00,0.0,0.0
8/11/2019 5:00,0.0,0.0
8/11/2019 6:00,0.0,0.0
8/11/2019 7:00,0.0,0.0
8/11/2019 8:00,0.31,0.04
8/11/2019 9:00,1.03,0.15
8/11/2019 10:00,1.98,0.28
8/11/2019 11:00,3.94,0.56
8/11/2019 12:00,3.97,0.57
8/11/2019 13:00,4.28,0.61
8/11/2019 14:00,5.69,0.81
8/11/2019 15:00,5.47,0.78
8/11/2019 16:00,4.16,0.59
8/11/2019 17:00,3.94,0.56
8/11/2019 18:00,2.94,0.42
8/11/2019 19:00,1.47,0.21
8/11/2019 20:00,0.33,0.05
8/11/2019 21:00,0.02,0.0
8/11/2019 22:00,0.0,0.0
8/11/2019 23:00,0.0,0.0
8/12/2019 0:00,0.0,0.0
8/12/2019 1:00,0.0,0.0
8/12/2019 2:00,0.0,0.0
8/12/2019 3:00,0.0,0.0
8/12/2019 4:00,0.0,0.0
8/12/2019 5:00,0.0,0.0
8/12/2019 6:00,0.0,0.0
8/12/2019 7:00,0.0,0.0
8/12/2019 8:00,0.18,0.03
8/12/2019 9:00,1.07,0.15
8/12/2019 10:00,2.81,0.4
8/12/2019 11:00,4.1,0.59
8/12/2019 12:00,4.98,0.71
8/12/2019 13:00,5.49,0.78
8/12/2019 14:00,5.59,0.8
8/12/2019 15:00,4.94,0.71
8/12/2019 16:00,4.99,0.71
8/12/2019 17:00,4.1,0.59
8/12/2019 18:00,2.46,0.35
8/12/2019 19:00,1.08,0.15
8/12/2019 20:00,0.35,0.05
8/12/2019 21:00,0.02,0.0
8/12/2019 22:00,0.0,0.0
8/12/2019 23:00,0.0,0.0
8/13/2019 0:00,0.0,0.0
8/13/2019 1:00,0.0,0.0
8/13/2019 2:00,0.0,0.0
8/13/2019 3:00,0.0,0.0
8/13/2019 4:00,0.0,0.0
8/13/2019 5:00,0.0,0.0
8/13/2019 6:00,0.0,0.0
8/13/2019 7:00,0.0,0.0
8/13/2019 8:00,0.17,0.02
8/13/2019 9:00,1.02,0.15
8/13/2019 10:00,2.63,0.38
8/13/2019 11:00,3.92,0.56
8/13/2019 12:00,4.84,0.69
8/13/2019 13:00,5.24,0.75
8/13/2019 14:00,5.32,0.76
8/13/2019 15:00,5.09,0.73
8/13/2019 16:00,4.65,0.66
8/13/2019 17:00,4.0,0.57
8/13/2019 18:00,2.96,0.42
8/13/2019 19:00,1.47,0.21
8/13/2019 20:00,0.3,0.04
8/13/2019 21:00,0.02,0.0
8/13/2019 22:00,0.0,0.0
8/13/2019 23:00,0.0,0.0
8/14/2019 0:00,0.0,0.0
8/14/2019 1:00,0.0,0.0
8/14/2019 2:00,0.0,0.0
8/14/2019 3:00,0.0,0.0
8/14/2019 4:00,0.0,0.0
8/14/2019 5:00,0.0,0.0
8/14/2019 6:00,0.0,0.0
8/14/2019 7:00,0.0,0.0
8/14/2019 8:00,0.15,0.02
8/14/2019 9:00,1.04,0.15
8/14/2019 10:00,2.73,0.39
8/14/2019 11:00,3.94,0.56
8/14/2019 12:00,4.74,0.68
8/14/2019 13:00,5.17,0.74
8/14/2019 14:00,5.24,0.75
8/14/2019 15:00,4.66,0.67
8/14/2019 16:00,4.51,0.64
8/14/2019 17:00,3.92,0.56
8/14/2019 18:00,2.86,0.41
8/14/2019 19:00,1.4,0.2
8/14/2019 20:00,0.27,0.04
8/14/2019 21:00,0.01,0.0
8/14/2019 22:00,0.0,0.0
8/14/2019 23:00,0.0,0.0
8/15/2019 0:00,0.0,0.0
8/15/2019 1:00,0.0,0.0
8/15/2019 2:00,0.0,0.0
8/15/2019 3:00,0.0,0.0
8/15/2019 4:00,0.0,0.0
8/15/2019 5:00,0.0,0.0
8/15/2019 6:00,0.0,0.0
8/15/2019 7:00,0.0,0.0
8/15/2019 8:00,0.13,0.02
8/15/2019 9:00,1.01,0.14
8/15/2019 10:00,2.66,0.38
8/15/2019 11:00,3.87,0.55
8/15/2019 12:00,4.72,0.67
8/15/2019 13:00,5.16,0.74
8/15/2019 14:00,5.22,0.75
8/15/2019 15:00,4.59,0.66
8/15/2019 16:00,4.33,0.62
8/15/2019 17:00,3.91,0.56
8/15/2019 18:00,2.84,0.41
8/15/2019 19:00,1.4,0.2
8/15/2019 20:00,0.26,0.04
8/15/2019 21:00,0.01,0.0
8/15/2019 22:00,0.0,0.0
8/15/2019 23:00,0.0,0.0
8/16/2019 0:00,0.0,0.0
8/16/2019 1:00,0.0,0.0
8/16/2019 2:00,0.0,0.0
8/16/2019 3:00,0.0,0.0
8/16/2019 4:00,0.0,0.0
8/16/2019 5:00,0.0,0.0
8/16/2019 6:00,0.0,0.0
8/16/2019 7:00,0.0,0.0
8/16/2019 8:00,0.15,0.02
8/16/2019 9:00,1.04,0.15
8/16/2019 10:00,2.72,0.39
8/16/2019 11:00,3.96,0.57
8/16/2019 12:00,4.75,0.68
8/16/2019 13:00,5.23,0.75
8/16/2019 14:00,5.13,0.73
8/16/2019 15:00,4.58,0.65
8/16/2019 16:00,4.47,0.64
8/16/2019 17:00,4.02,0.57
8/16/2019 18:00,2.9,0.41
8/16/2019 19:00,1.42,0.2
8/16/2019 20:00,0.27,0.04
8/16/2019 21:00,0.01,0.0
8/16/2019 22:00,0.0,0.0
8/16/2019 23:00,0.0,0.0
8/17/2019 0:00,0.0,0.0
8/17/2019 1:00,0.0,0.0
8/17/2019 2:00,0.0,0.0
8/17/2019 3:00,0.0,0.0
8/17/2019 4:00,0.0,0.0
8/17/2019 5:00,0.0,0.0
8/17/2019 6:00,0.0,0.0
8/17/2019 7:00,0.0,0.0
8/17/2019 8:00,0.17,0.02
8/17/2019 9:00,1.08,0.15
8/17/2019 10:00,2.73,0.39
8/17/2019 11:00,3.96,0.57
8/17/2019 12:00,4.75,0.68
8/17/2019 13:00,5.21,0.74
8/17/2019 14:00,5.28,0.75
8/17/2019 15:00,4.61,0.66
8/17/2019 16:00,4.4,0.63
8/17/2019 17:00,3.86,0.55
8/17/2019 18:00,2.81,0.4
8/17/2019 19:00,1.4,0.2
8/17/2019 20:00,0.26,0.04
8/17/2019 21:00,0.01,0.0
8/17/2019 22:00,0.0,0.0
8/17/2019 23:00,0.0,0.0
8/18/2019 0:00,0.0,0.0
8/18/2019 1:00,0.0,0.0
8/18/2019 2:00,0.0,0.0
8/18/2019 3:00,0.0,0.0
8/18/2019 4:00,0.0,0.0
8/18/2019 5:00,0.0,0.0
8/18/2019 6:00,0.0,0.0
8/18/2019 7:00,0.0,0.0
8/18/2019 8:00,0.17,0.02
8/18/2019 9:00,1.12,0.16
8/18/2019 10:00,1.73,0.25
8/18/2019 11:00,2.95,0.42
8/18/2019 12:00,4.19,0.6
8/18/2019 13:00,5.28,0.75
8/18/2019 14:00,3.3,0.47
8/18/2019 15:00,4.07,0.58
8/18/2019 16:00,3.34,0.48
8/18/2019 17:00,3.1,0.44
8/18/2019 18:00,2.12,0.3
8/18/2019 19:00,1.11,0.16
8/18/2019 20:00,0.22,0.03
8/18/2019 21:00,0.0,0.0
8/18/2019 22:00,0.0,0.0
8/18/2019 23:00,0.0,0.0
8/19/2019 0:00,0.0,0.0
8/19/2019 1:00,0.0,0.0
8/19/2019 2:00,0.0,0.0
8/19/2019 3:00,0.0,0.0
8/19/2019 4:00,0.0,0.0
8/19/2019 5:00,0.0,0.0
8/19/2019 6:00,0.0,0.0
8/19/2019 7:00,0.0,0.0
8/19/2019 8:00,0.19,0.03
8/19/2019 9:00,0.99,0.14
8/19/2019 10:00,2.69,0.38
8/19/2019 11:00,3.95,0.56
8/19/2019 12:00,4.83,0.69
8/19/2019 13:00,5.36,0.77
8/19/2019 14:00,5.34,0.76
8/19/2019 15:00,4.94,0.71
8/19/2019 16:00,4.72,0.67
8/19/2019 17:00,4.01,0.57
8/19/2019 18:00,2.93,0.42
8/19/2019 19:00,1.51,0.22
8/19/2019 20:00,0.23,0.03
8/19/2019 21:00,0.0,0.0
8/19/2019 22:00,0.0,0.0
8/19/2019 23:00,0.0,0.0
8/20/2019 0:00,0.0,0.0
8/20/2019 1:00,0.0,0.0
8/20/2019 2:00,0.0,0.0
8/20/2019 3:00,0.0,0.0
8/20/2019 4:00,0.0,0.0
8/20/2019 5:00,0.0,0.0
8/20/2019 6:00,0.0,0.0
8/20/2019 7:00,0.0,0.0
8/20/2019 8:00,0.16,0.02
8/20/2019 9:00,1.06,0.15
8/20/2019 10:00,2.75,0.39
8/20/2019 11:00,4.0,0.57
8/20/2019 12:00,4.8,0.69
8/20/2019 13:00,5.25,0.75
8/20/2019 14:00,5.36,0.77
8/20/2019 15:00,4.65,0.66
8/20/2019 16:00,4.52,0.65
8/20/2019 17:00,3.89,0.56
8/20/2019 18:00,2.78,0.4
8/20/2019 19:00,1.36,0.19
8/20/2019 20:00,0.26,0.04
8/20/2019 21:00,0.01,0.0
8/20/2019 22:00,0.0,0.0
8/20/2019 23:00,0.0,0.0
8/21/2019 0:00,0.0,0.0
8/21/2019 1:00,0.0,0.0
8/21/2019 2:00,0.0,0.0
8/21/2019 3:00,0.0,0.0
8/21/2019 4:00,0.0,0.0
8/21/2019 5:00,0.0,0.0
8/21/2019 6:00,0.0,0.0
8/21/2019 7:00,0.0,0.0
8/21/2019 8:00,0.14,0.02
8/21/2019 9:00,1.0,0.14
8/21/2019 10:00,2.62,0.37
8/21/2019 11:00,3.82,0.55
8/21/2019 12:00,4.64,0.66
8/21/2019 13:00,5.09,0.73
8/21/2019 14:00,5.13,0.73
8/21/2019 15:00,4.55,0.65
8/21/2019 16:00,4.33,0.62
8/21/2019 17:00,3.77,0.54
8/21/2019 18:00,2.73,0.39
8/21/2019 19:00,1.31,0.19
8/21/2019 20:00,0.27,0.04
8/21/2019 21:00,0.01,0.0
8/21/2019 22:00,0.0,0.0
8/21/2019 23:00,0.0,0.0
8/22/2019 0:00,0.0,0.0
8/22/2019 1:00,0.0,0.0
8/22/2019 2:00,0.0,0.0
8/22/2019 3:00,0.0,0.0
8/22/2019 4:00,0.0,0.0
8/22/2019 5:00,0.0,0.0
8/22/2019 6:00,0.0,0.0
8/22/2019 7:00,0.0,0.0
8/22/2019 8:00,0.15,0.02
8/22/2019 9:00,0.94,0.13
8/22/2019 10:00,2.5,0.36
8/22/2019 11:00,3.76,0.54
8/22/2019 12:00,4.61,0.66
8/22/2019 13:00,5.11,0.73
8/22/2019 14:00,4.94,0.71
8/22/2019 15:00,4.43,0.63
8/22/2019 16:00,4.15,0.59
8/22/2019 17:00,3.65,0.52
8/22/2019 18:00,2.56,0.37
8/22/2019 19:00,1.22,0.17
8/22/2019 20:00,0.25,0.04
8/22/2019 21:00,0.0,0.0
8/22/2019 22:00,0.0,0.0
8/22/2019 23:00,0.0,0.0
8/23/2019 0:00,0.0,0.0
8/23/2019 1:00,0.0,0.0
8/23/2019 2:00,0.0,0.0
8/23/2019 3:00,0.0,0.0
8/23/2019 4:00,0.0,0.0
8/23/2019 5:00,0.0,0.0
8/23/2019 6:00,0.0,0.0
8/23/2019 7:00,0.0,0.0
8/23/2019 8:00,0.14,0.02
8/23/2019 9:00,0.94,0.13
8/23/2019 10:00,2.44,0.35
8/23/2019 11:00,3.63,0.52
8/23/2019 12:00,4.45,0.64
8/23/2019 13:00,4.93,0.7
8/23/2019 14:00,5.0,0.71
8/23/2019 15:00,4.47,0.64
8/23/2019 16:00,4.16,0.59
8/23/2019 17:00,3.59,0.51
8/23/2019 18:00,2.54,0.36
8/23/2019 19:00,1.21,0.17
8/23/2019 20:00,0.25,0.04
8/23/2019 21:00,0.0,0.0
8/23/2019 22:00,0.0,0.0
8/23/2019 23:00,0.0,0.0
8/24/2019 0:00,0.0,0.0
8/24/2019 1:00,0.0,0.0
8/24/2019 2:00,0.0,0.0
8/24/2019 3:00,0.0,0.0
8/24/2019 4:00,0.0,0.0
8/24/2019 5:00,0.0,0.0
8/24/2019 6:00,0.0,0.0
8/24/2019 7:00,0.0,0.0
8/24/2019 8:00,0.13,0.02
8/24/2019 9:00,0.93,0.13
8/24/2019 10:00,2.46,0.35
8/24/2019 11:00,3.65,0.52
8/24/2019 12:00,4.44,0.63
8/24/2019 13:00,4.89,0.7
8/24/2019 14:00,5.0,0.71
8/24/2019 15:00,4.35,0.62
8/24/2019 16:00,4.24,0.61
8/24/2019 17:00,3.64,0.52
8/24/2019 18:00,2.55,0.36
8/24/2019 19:00,1.2,0.17
8/24/2019 20:00,0.23,0.03
8/24/2019 21:00,0.0,0.0
8/24/2019 22:00,0.0,0.0
8/24/2019 23:00,0.0,0.0
8/25/2019 0:00,0.0,0.0
8/25/2019 1:00,0.0,0.0
8/25/2019 2:00,0.0,0.0
8/25/2019 3:00,0.0,0.0
8/25/2019 4:00,0.0,0.0
8/25/2019 5:00,0.0,0.0
8/25/2019 6:00,0.0,0.0
8/25/2019 7:00,0.0,0.0
8/25/2019 8:00,0.19,0.03
8/25/2019 9:00,0.58,0.08
8/25/2019 10:00,1.95,0.28
8/25/2019 11:00,2.3,0.33
8/25/2019 12:00,2.07,0.3
8/25/2019 13:00,5.28,0.75
8/25/2019 14:00,2.98,0.43
8/25/2019 15:00,0.62,0.09
8/25/2019 16:00,2.67,0.38
8/25/2019 17:00,3.96,0.57
8/25/2019 18:00,2.81,0.4
8/25/2019 19:00,1.31,0.19
8/25/2019 20:00,0.26,0.04
8/25/2019 21:00,0.0,0.0
8/25/2019 22:00,0.0,0.0
8/25/2019 23:00,0.0,0.0
8/26/2019 0:00,0.0,0.0
8/26/2019 1:00,0.0,0.0
8/26/2019 2:00,0.0,0.0
8/26/2019 3:00,0.0,0.0
8/26/2019 4:00,0.0,0.0
8/26/2019 5:00,0.0,0.0
8/26/2019 6:00,0.0,0.0
8/26/2019 7:00,0.0,0.0
8/26/2019 8:00,0.13,0.02
8/26/2019 9:00,0.87,0.12
8/26/2019 10:00,1.29,0.18
8/26/2019 11:00,2.75,0.39
8/26/2019 12:00,4.48,0.64
8/26/2019 13:00,3.5,0.5
8/26/2019 14:00,3.18,0.45
8/26/2019 15:00,5.17,0.74
8/26/2019 16:00,4.57,0.65
8/26/2019 17:00,3.62,0.52
8/26/2019 18:00,2.45,0.35
8/26/2019 19:00,1.14,0.16
8/26/2019 20:00,0.23,0.03
8/26/2019 21:00,0.0,0.0
8/26/2019 22:00,0.0,0.0
8/26/2019 23:00,0.0,0.0
8/27/2019 0:00,0.0,0.0
8/27/2019 1:00,0.0,0.0
8/27/2019 2:00,0.0,0.0
8/27/2019 3:00,0.0,0.0
8/27/2019 4:00,0.0,0.0
8/27/2019 5:00,0.0,0.0
8/27/2019 6:00,0.0,0.0
8/27/2019 7:00,0.0,0.0
8/27/2019 8:00,0.21,0.03
8/27/2019 9:00,1.0,0.14
8/27/2019 10:00,2.53,0.36
8/27/2019 11:00,3.81,0.54
8/27/2019 12:00,4.64,0.66
8/27/2019 13:00,5.12,0.73
8/27/2019 14:00,5.27,0.75
8/27/2019 15:00,4.87,0.7
8/27/2019 16:00,4.49,0.64
8/27/2019 17:00,3.84,0.55
8/27/2019 18:00,2.64,0.38
8/27/2019 19:00,1.23,0.18
8/27/2019 20:00,0.2,0.03
8/27/2019 21:00,0.0,0.0
8/27/2019 22:00,0.0,0.0
8/27/2019 23:00,0.0,0.0
8/28/2019 0:00,0.0,0.0
8/28/2019 1:00,0.0,0.0
8/28/2019 2:00,0.0,0.0
8/28/2019 3:00,0.0,0.0
8/28/2019 4:00,0.0,0.0
8/28/2019 5:00,0.0,0.0
8/28/2019 6:00,0.0,0.0
8/28/2019 7:00,0.0,0.0
8/28/2019 8:00,0.15,0.02
8/28/2019 9:00,1.01,0.14
8/28/2019 10:00,2.25,0.32
8/28/2019 11:00,3.83,0.55
8/28/2019 12:00,4.66,0.67
8/28/2019 13:00,5.16,0.74
8/28/2019 14:00,5.25,0.75
8/28/2019 15:00,4.99,0.71
8/28/2019 16:00,4.55,0.65
8/28/2019 17:00,3.72,0.53
8/28/2019 18:00,2.62,0.37
8/28/2019 19:00,1.24,0.18
8/28/2019 20:00,0.27,0.04
8/28/2019 21:00,0.0,0.0
8/28/2019 22:00,0.0,0.0
8/28/2019 23:00,0.0,0.0
8/29/2019 0:00,0.0,0.0
8/29/2019 1:00,0.0,0.0
8/29/2019 2:00,0.0,0.0
8/29/2019 3:00,0.0,0.0
8/29/2019 4:00,0.0,0.0
8/29/2019 5:00,0.0,0.0
8/29/2019 6:00,0.0,0.0
8/29/2019 7:00,0.0,0.0
8/29/2019 8:00,0.11,0.02
8/29/2019 9:00,0.98,0.14
8/29/2019 10:00,2.62,0.37
8/29/2019 11:00,3.84,0.55
8/29/2019 12:00,4.63,0.66
8/29/2019 13:00,5.07,0.72
8/29/2019 14:00,5.15,0.74
8/29/2019 15:00,4.94,0.71
8/29/2019 16:00,4.42,0.63
8/29/2019 17:00,3.68,0.53
8/29/2019 18:00,2.53,0.36
8/29/2019 19:00,1.15,0.16
8/29/2019 20:00,0.18,0.03
8/29/2019 21:00,0.0,0.0
8/29/2019 22:00,0.0,0.0
8/29/2019 23:00,0.0,0.0
8/30/2019 0:00,0.0,0.0
8/30/2019 1:00,0.0,0.0
8/30/2019 2:00,0.0,0.0
8/30/2019 3:00,0.0,0.0
8/30/2019 4:00,0.0,0.0
8/30/2019 5:00,0.0,0.0
8/30/2019 6:00,0.0,0.0
8/30/2019 7:00,0.0,0.0
8/30/2019 8:00,0.12,0.02
8/30/2019 9:00,0.95,0.14
8/30/2019 10:00,2.51,0.36
8/30/2019 11:00,3.69,0.53
8/30/2019 12:00,4.47,0.64
8/30/2019 13:00,4.87,0.7
8/30/2019 14:00,5.01,0.72
8/30/2019 15:00,4.78,0.68
8/30/2019 16:00,4.16,0.59
8/30/2019 17:00,3.75,0.54
8/30/2019 18:00,2.57,0.37
8/30/2019 19:00,1.15,0.16
8/30/2019 20:00,0.18,0.03
8/30/2019 21:00,0.0,0.0
8/30/2019 22:00,0.0,0.0
8/30/2019 23:00,0.0,0.0
8/31/2019 0:00,0.0,0.0
8/31/2019 1:00,0.0,0.0
8/31/2019 2:00,0.0,0.0
8/31/2019 3:00,0.0,0.0
8/31/2019 4:00,0.0,0.0
8/31/2019 5:00,0.0,0.0
8/31/2019 6:00,0.0,0.0
8/31/2019 7:00,0.0,0.0
8/31/2019 8:00,0.13,0.02
8/31/2019 9:00,0.94,0.13
8/31/2019 10:00,2.49,0.36
8/31/2019 11:00,3.71,0.53
8/31/2019 12:00,4.56,0.65
8/31/2019 13:00,5.02,0.72
8/31/2019 14:00,5.11,0.73
8/31/2019 15:00,4.9,0.7
8/31/2019 16:00,4.41,0.63
8/31/2019 17:00,3.61,0.52
8/31/2019 18:00,2.44,0.35
8/31/2019 19:00,1.11,0.16
8/31/2019 20:00,0.18,0.03
8/31/2019 21:00,0.0,0.0
8/31/2019 22:00,0.0,0.0
8/31/2019 23:00,0.0,0.0
9/1/2019 0:00,0.0,0.0
9/1/2019 1:00,0.0,0.0
9/1/2019 2:00,0.0,0.0
9/1/2019 3:00,0.0,0.0
9/1/2019 4:00,0.0,0.0
9/1/2019 5:00,0.0,0.0
9/1/2019 6:00,0.0,0.0
9/1/2019 7:00,0.0,0.0
9/1/2019 8:00,0.13,0.02
9/1/2019 9:00,0.96,0.14
9/1/2019 10:00,2.52,0.36
9/1/2019 11:00,3.76,0.54
9/1/2019 12:00,4.59,0.66
9/1/2019 13:00,5.05,0.72
9/1/2019 14:00,5.16,0.74
9/1/2019 15:00,4.96,0.71
9/1/2019 16:00,4.5,0.64
9/1/2019 17:00,3.66,0.52
9/1/2019 18:00,2.53,0.36
9/1/2019 19:00,1.13,0.16
9/1/2019 20:00,0.16,0.02
9/1/2019 21:00,0.0,0.0
9/1/2019 22:00,0.0,0.0
9/1/2019 23:00,0.0,0.0
9/2/2019 0:00,0.0,0.0
9/2/2019 1:00,0.0,0.0
9/2/2019 2:00,0.0,0.0
9/2/2019 3:00,0.0,0.0
9/2/2019 4:00,0.0,0.0
9/2/2019 5:00,0.0,0.0
9/2/2019 6:00,0.0,0.0
9/2/2019 7:00,0.0,0.0
9/2/2019 8:00,0.11,0.02
9/2/2019 9:00,1.0,0.14
9/2/2019 10:00,2.6,0.37
9/2/2019 11:00,3.8,0.54
9/2/2019 12:00,4.57,0.65
9/2/2019 13:00,4.99,0.71
9/2/2019 14:00,5.0,0.71
9/2/2019 15:00,4.83,0.69
9/2/2019 16:00,4.44,0.63
9/2/2019 17:00,3.68,0.53
9/2/2019 18:00,2.58,0.37
9/2/2019 19:00,1.14,0.16
9/2/2019 20:00,0.15,0.02
9/2/2019 21:00,0.0,0.0
9/2/2019 22:00,0.0,0.0
9/2/2019 23:00,0.0,0.0
9/3/2019 0:00,0.0,0.0
9/3/2019 1:00,0.0,0.0
9/3/2019 2:00,0.0,0.0
9/3/2019 3:00,0.0,0.0
9/3/2019 4:00,0.0,0.0
9/3/2019 5:00,0.0,0.0
9/3/2019 6:00,0.0,0.0
9/3/2019 7:00,0.0,0.0
9/3/2019 8:00,0.11,0.02
9/3/2019 9:00,0.94,0.13
9/3/2019 10:00,2.47,0.35
9/3/2019 11:00,3.63,0.52
9/3/2019 12:00,4.41,0.63
9/3/2019 13:00,4.88,0.7
9/3/2019 14:00,4.95,0.71
9/3/2019 15:00,4.24,0.61
9/3/2019 16:00,3.97,0.57
9/3/2019 17:00,3.64,0.52
9/3/2019 18:00,2.46,0.35
9/3/2019 19:00,1.07,0.15
9/3/2019 20:00,0.15,0.02
9/3/2019 21:00,0.0,0.0
9/3/2019 22:00,0.0,0.0
9/3/2019 23:00,0.0,0.0
9/4/2019 0:00,0.0,0.0
9/4/2019 1:00,0.0,0.0
9/4/2019 2:00,0.0,0.0
9/4/2019 3:00,0.0,0.0
9/4/2019 4:00,0.0,0.0
9/4/2019 5:00,0.0,0.0
9/4/2019 6:00,0.0,0.0
9/4/2019 7:00,0.0,0.0
9/4/2019 8:00,0.1,0.01
9/4/2019 9:00,0.91,0.13
9/4/2019 10:00,2.41,0.34
9/4/2019 11:00,3.58,0.51
9/4/2019 12:00,4.36,0.62
9/4/2019 13:00,4.76,0.68
9/4/2019 14:00,4.8,0.69
9/4/2019 15:00,4.2,0.6
9/4/2019 16:00,3.88,0.55
9/4/2019 17:00,3.43,0.49
9/4/2019 18:00,2.37,0.34
9/4/2019 19:00,1.05,0.15
9/4/2019 20:00,0.13,0.02
9/4/2019 21:00,0.0,0.0
9/4/2019 22:00,0.0,0.0
9/4/2019 23:00,0.0,0.0
9/5/2019 0:00,0.0,0.0
9/5/2019 1:00,0.0,0.0
9/5/2019 2:00,0.0,0.0
9/5/2019 3:00,0.0,0.0
9/5/2019 4:00,0.0,0.0
9/5/2019 5:00,0.0,0.0
9/5/2019 6:00,0.0,0.0
9/5/2019 7:00,0.0,0.0
9/5/2019 8:00,0.1,0.01
9/5/2019 9:00,0.97,0.14
9/5/2019 10:00,2.6,0.37
9/5/2019 11:00,3.86,0.55
9/5/2019 12:00,4.69,0.67
9/5/2019 13:00,5.09,0.73
9/5/2019 14:00,5.09,0.73
9/5/2019 15:00,4.9,0.7
9/5/2019 16:00,4.43,0.63
9/5/2019 17:00,3.6,0.51
9/5/2019 18:00,2.43,0.35
9/5/2019 19:00,1.04,0.15
9/5/2019 20:00,0.12,0.02
9/5/2019 21:00,0.0,0.0
9/5/2019 22:00,0.0,0.0
9/5/2019 23:00,0.0,0.0
9/6/2019 0:00,0.0,0.0
9/6/2019 1:00,0.0,0.0
9/6/2019 2:00,0.0,0.0
9/6/2019 3:00,0.0,0.0
9/6/2019 4:00,0.0,0.0
9/6/2019 5:00,0.0,0.0
9/6/2019 6:00,0.0,0.0
9/6/2019 7:00,0.0,0.0
9/6/2019 8:00,0.1,0.01
9/6/2019 9:00,0.97,0.14
9/6/2019 10:00,2.53,0.36
9/6/2019 11:00,3.75,0.54
9/6/2019 12:00,4.57,0.65
9/6/2019 13:00,4.96,0.71
9/6/2019 14:00,4.98,0.71
9/6/2019 15:00,4.78,0.68
9/6/2019 16:00,4.32,0.62
9/6/2019 17:00,3.58,0.51
9/6/2019 18:00,2.43,0.35
9/6/2019 19:00,1.03,0.15
9/6/2019 20:00,0.12,0.02
9/6/2019 21:00,0.0,0.0
9/6/2019 22:00,0.0,0.0
9/6/2019 23:00,0.0,0.0
9/7/2019 0:00,0.0,0.0
9/7/2019 1:00,0.0,0.0
9/7/2019 2:00,0.0,0.0
9/7/2019 3:00,0.0,0.0
9/7/2019 4:00,0.0,0.0
9/7/2019 5:00,0.0,0.0
9/7/2019 6:00,0.0,0.0
9/7/2019 7:00,0.0,0.0
9/7/2019 8:00,0.09,0.01
9/7/2019 9:00,1.02,0.15
9/7/2019 10:00,2.61,0.37
9/7/2019 11:00,3.82,0.55
9/7/2019 12:00,4.61,0.66
9/7/2019 13:00,5.02,0.72
9/7/2019 14:00,5.06,0.72
9/7/2019 15:00,4.41,0.63
9/7/2019 16:00,4.26,0.61
9/7/2019 17:00,3.69,0.53
9/7/2019 18:00,2.43,0.35
9/7/2019 19:00,1.01,0.14
9/7/2019 20:00,0.12,0.02
9/7/2019 21:00,0.0,0.0
9/7/2019 22:00,0.0,0.0
9/7/2019 23:00,0.0,0.0
9/8/2019 0:00,0.0,0.0
9/8/2019 1:00,0.0,0.0
9/8/2019 2:00,0.0,0.0
9/8/2019 3:00,0.0,0.0
9/8/2019 4:00,0.0,0.0
9/8/2019 5:00,0.0,0.0
9/8/2019 6:00,0.0,0.0
9/8/2019 7:00,0.0,0.0
9/8/2019 8:00,0.08,0.01
9/8/2019 9:00,0.97,0.14
9/8/2019 10:00,2.48,0.35
9/8/2019 11:00,3.68,0.53
9/8/2019 12:00,4.46,0.64
9/8/2019 13:00,4.92,0.7
9/8/2019 14:00,4.92,0.7
9/8/2019 15:00,4.31,0.62
9/8/2019 16:00,4.24,0.61
9/8/2019 17:00,3.63,0.52
9/8/2019 18:00,2.41,0.34
9/8/2019 19:00,0.98,0.14
9/8/2019 20:00,0.1,0.01
9/8/2019 21:00,0.0,0.0
9/8/2019 22:00,0.0,0.0
9/8/2019 23:00,0.0,0.0
9/9/2019 0:00,0.0,0.0
9/9/2019 1:00,0.0,0.0
9/9/2019 2:00,0.0,0.0
9/9/2019 3:00,0.0,0.0
9/9/2019 4:00,0.0,0.0
9/9/2019 5:00,0.0,0.0
9/9/2019 6:00,0.0,0.0
9/9/2019 7:00,0.0,0.0
9/9/2019 8:00,0.09,0.01
9/9/2019 9:00,1.0,0.14
9/9/2019 10:00,2.5,0.36
9/9/2019 11:00,3.72,0.53
9/9/2019 12:00,4.5,0.64
9/9/2019 13:00,4.98,0.71
9/9/2019 14:00,5.15,0.74
9/9/2019 15:00,4.82,0.69
9/9/2019 16:00,3.55,0.51
9/9/2019 17:00,2.37,0.34
9/9/2019 18:00,1.23,0.18
9/9/2019 19:00,0.66,0.09
9/9/2019 20:00,0.13,0.02
9/9/2019 21:00,0.0,0.0
9/9/2019 22:00,0.0,0.0
9/9/2019 23:00,0.0,0.0
9/10/2019 0:00,0.0,0.0
9/10/2019 1:00,0.0,0.0
9/10/2019 2:00,0.0,0.0
9/10/2019 3:00,0.0,0.0
9/10/2019 4:00,0.0,0.0
9/10/2019 5:00,0.0,0.0
9/10/2019 6:00,0.0,0.0
9/10/2019 7:00,0.0,0.0
9/10/2019 8:00,0.08,0.01
9/10/2019 9:00,1.04,0.15
9/10/2019 10:00,2.25,0.32
9/10/2019 11:00,3.69,0.53
9/10/2019 12:00,4.94,0.71
9/10/2019 13:00,5.49,0.78
9/10/2019 14:00,5.59,0.8
9/10/2019 15:00,5.35,0.76
9/10/2019 16:00,4.78,0.68
9/10/2019 17:00,3.85,0.55
9/10/2019 18:00,2.51,0.36
9/10/2019 19:00,0.95,0.14
9/10/2019 20:00,0.1,0.01
9/10/2019 21:00,0.0,0.0
9/10/2019 22:00,0.0,0.0
9/10/2019 23:00,0.0,0.0
9/11/2019 0:00,0.0,0.0
9/11/2019 1:00,0.0,0.0
9/11/2019 2:00,0.0,0.0
9/11/2019 3:00,0.0,0.0
9/11/2019 4:00,0.0,0.0
9/11/2019 5:00,0.0,0.0
9/11/2019 6:00,0.0,0.0
9/11/2019 7:00,0.0,0.0
9/11/2019 8:00,0.08,0.01
9/11/2019 9:00,1.05,0.15
9/11/2019 10:00,2.72,0.39
9/11/2019 11:00,4.01,0.57
9/11/2019 12:00,4.86,0.69
9/11/2019 13:00,5.29,0.76
9/11/2019 14:00,5.38,0.77
9/11/2019 15:00,5.04,0.72
9/11/2019 16:00,4.54,0.65
9/11/2019 17:00,3.62,0.52
9/11/2019 18:00,2.36,0.34
9/11/2019 19:00,0.95,0.14
9/11/2019 20:00,0.09,0.01
9/11/2019 21:00,0.0,0.0
9/11/2019 22:00,0.0,0.0
9/11/2019 23:00,0.0,0.0
9/12/2019 0:00,0.0,0.0
9/12/2019 1:00,0.0,0.0
9/12/2019 2:00,0.0,0.0
9/12/2019 3:00,0.0,0.0
9/12/2019 4:00,0.0,0.0
9/12/2019 5:00,0.0,0.0
9/12/2019 6:00,0.0,0.0
9/12/2019 7:00,0.0,0.0
9/12/2019 8:00,0.08,0.01
9/12/2019 9:00,1.06,0.15
9/12/2019 10:00,2.6,0.37
9/12/2019 11:00,3.83,0.55
9/12/2019 12:00,4.7,0.67
9/12/2019 13:00,5.21,0.74
9/12/2019 14:00,5.25,0.75
9/12/2019 15:00,5.01,0.72
9/12/2019 16:00,4.41,0.63
9/12/2019 17:00,3.48,0.5
9/12/2019 18:00,2.26,0.32
9/12/2019 19:00,0.85,0.12
9/12/2019 20:00,0.1,0.01
9/12/2019 21:00,0.0,0.0
9/12/2019 22:00,0.0,0.0
9/12/2019 23:00,0.0,0.0
9/13/2019 0:00,0.0,0.0
9/13/2019 1:00,0.0,0.0
9/13/2019 2:00,0.0,0.0
9/13/2019 3:00,0.0,0.0
9/13/2019 4:00,0.0,0.0
9/13/2019 5:00,0.0,0.0
9/13/2019 6:00,0.0,0.0
9/13/2019 7:00,0.0,0.0
9/13/2019 8:00,0.07,0.01
9/13/2019 9:00,0.94,0.13
9/13/2019 10:00,2.39,0.34
9/13/2019 11:00,3.66,0.52
9/13/2019 12:00,4.56,0.65
9/13/2019 13:00,5.0,0.71
9/13/2019 14:00,5.17,0.74
9/13/2019 15:00,3.69,0.53
9/13/2019 16:00,3.4,0.49
9/13/2019 17:00,2.75,0.39
9/13/2019 18:00,2.2,0.31
9/13/2019 19:00,0.97,0.14
9/13/2019 20:00,0.1,0.01
9/13/2019 21:00,0.0,0.0
9/13/2019 22:00,0.0,0.0
9/13/2019 23:00,0.0,0.0
9/14/2019 0:00,0.0,0.0
9/14/2019 1:00,0.0,0.0
9/14/2019 2:00,0.0,0.0
9/14/2019 3:00,0.0,0.0
9/14/2019 4:00,0.0,0.0
9/14/2019 5:00,0.0,0.0
9/14/2019 6:00,0.0,0.0
9/14/2019 7:00,0.0,0.0
9/14/2019 8:00,0.07,0.01
9/14/2019 9:00,1.0,0.14
9/14/2019 10:00,2.52,0.36
9/14/2019 11:00,3.76,0.54
9/14/2019 12:00,4.53,0.65
9/14/2019 13:00,4.94,0.71
9/14/2019 14:00,3.63,0.52
9/14/2019 15:00,2.71,0.39
9/14/2019 16:00,2.09,0.3
9/14/2019 17:00,0.6,0.09
9/14/2019 18:00,0.43,0.06
9/14/2019 19:00,0.32,0.05
9/14/2019 20:00,0.05,0.01
9/14/2019 21:00,0.0,0.0
9/14/2019 22:00,0.0,0.0
9/14/2019 23:00,0.0,0.0
9/15/2019 0:00,0.0,0.0
9/15/2019 1:00,0.0,0.0
9/15/2019 2:00,0.0,0.0
9/15/2019 3:00,0.0,0.0
9/15/2019 4:00,0.0,0.0
9/15/2019 5:00,0.0,0.0
9/15/2019 6:00,0.0,0.0
9/15/2019 7:00,0.0,0.0
9/15/2019 8:00,0.08,0.01
9/15/2019 9:00,0.81,0.12
9/15/2019 10:00,2.07,0.3
9/15/2019 11:00,2.05,0.29
9/15/2019 12:00,3.64,0.52
9/15/2019 13:00,2.32,0.33
9/15/2019 14:00,4.14,0.59
9/15/2019 15:00,4.88,0.7
9/15/2019 16:00,4.28,0.61
9/15/2019 17:00,3.45,0.49
9/15/2019 18:00,2.2,0.31
9/15/2019 19:00,0.82,0.12
9/15/2019 20:00,0.07,0.01
9/15/2019 21:00,0.0,0.0
9/15/2019 22:00,0.0,0.0
9/15/2019 23:00,0.0,0.0
9/16/2019 0:00,0.0,0.0
9/16/2019 1:00,0.0,0.0
9/16/2019 2:00,0.0,0.0
9/16/2019 3:00,0.0,0.0
9/16/2019 4:00,0.0,0.0
9/16/2019 5:00,0.0,0.0
9/16/2019 6:00,0.0,0.0
9/16/2019 7:00,0.0,0.0
9/16/2019 8:00,0.06,0.01
9/16/2019 9:00,0.73,0.1
9/16/2019 10:00,2.41,0.34
9/16/2019 11:00,3.7,0.53
9/16/2019 12:00,4.47,0.64
9/16/2019 13:00,4.93,0.7
9/16/2019 14:00,5.12,0.73
9/16/2019 15:00,4.91,0.7
9/16/2019 16:00,3.76,0.54
9/16/2019 17:00,3.49,0.5
9/16/2019 18:00,2.23,0.32
9/16/2019 19:00,0.82,0.12
9/16/2019 20:00,0.06,0.01
9/16/2019 21:00,0.0,0.0
9/16/2019 22:00,0.0,0.0
9/16/2019 23:00,0.0,0.0
9/17/2019 0:00,0.0,0.0
9/17/2019 1:00,0.0,0.0
9/17/2019 2:00,0.0,0.0
9/17/2019 3:00,0.0,0.0
9/17/2019 4:00,0.0,0.0
9/17/2019 5:00,0.0,0.0
9/17/2019 6:00,0.0,0.0
9/17/2019 7:00,0.0,0.0
9/17/2019 8:00,0.09,0.01
9/17/2019 9:00,0.81,0.12
9/17/2019 10:00,1.94,0.28
9/17/2019 11:00,4.35,0.62
9/17/2019 12:00,4.58,0.65
9/17/2019 13:00,4.44,0.63
9/17/2019 14:00,4.69,0.67
9/17/2019 15:00,4.92,0.7
9/17/2019 16:00,4.37,0.62
9/17/2019 17:00,3.46,0.49
9/17/2019 18:00,2.22,0.32
9/17/2019 19:00,0.79,0.11
9/17/2019 20:00,0.06,0.01
9/17/2019 21:00,0.0,0.0
9/17/2019 22:00,0.0,0.0
9/17/2019 23:00,0.0,0.0
9/18/2019 0:00,0.0,0.0
9/18/2019 1:00,0.0,0.0
9/18/2019 2:00,0.0,0.0
9/18/2019 3:00,0.0,0.0
9/18/2019 4:00,0.0,0.0
9/18/2019 5:00,0.0,0.0
9/18/2019 6:00,0.0,0.0
9/18/2019 7:00,0.0,0.0
9/18/2019 8:00,0.06,0.01
9/18/2019 9:00,1.02,0.15
9/18/2019 10:00,2.52,0.36
9/18/2019 11:00,3.74,0.53
9/18/2019 12:00,3.52,0.5
9/18/2019 13:00,3.28,0.47
9/18/2019 14:00,4.61,0.66
9/18/2019 15:00,5.05,0.72
9/18/2019 16:00,3.99,0.57
9/18/2019 17:00,2.56,0.37
9/18/2019 18:00,1.19,0.17
9/18/2019 19:00,0.41,0.06
9/18/2019 20:00,0.04,0.01
9/18/2019 21:00,0.0,0.0
9/18/2019 22:00,0.0,0.0
9/18/2019 23:00,0.0,0.0
9/19/2019 0:00,0.0,0.0
9/19/2019 1:00,0.0,0.0
9/19/2019 2:00,0.0,0.0
9/19/2019 3:00,0.0,0.0
9/19/2019 4:00,0.0,0.0
9/19/2019 5:00,0.0,0.0
9/19/2019 6:00,0.0,0.0
9/19/2019 7:00,0.0,0.0
9/19/2019 8:00,0.01,0.0
9/19/2019 9:00,0.44,0.06
9/19/2019 10:00,1.22,0.17
9/19/2019 11:00,1.5,0.21
9/19/2019 12:00,1.53,0.22
9/19/2019 13:00,2.13,0.3
9/19/2019 14:00,2.24,0.32
9/19/2019 15:00,2.72,0.39
9/19/2019 16:00,2.31,0.33
9/19/2019 17:00,2.37,0.34
9/19/2019 18:00,1.28,0.18
9/19/2019 19:00,0.31,0.04
9/19/2019 20:00,0.01,0.0
9/19/2019 21:00,0.0,0.0
9/19/2019 22:00,0.0,0.0
9/19/2019 23:00,0.0,0.0
9/20/2019 0:00,0.0,0.0
9/20/2019 1:00,0.0,0.0
9/20/2019 2:00,0.0,0.0
9/20/2019 3:00,0.0,0.0
9/20/2019 4:00,0.0,0.0
9/20/2019 5:00,0.0,0.0
9/20/2019 6:00,0.0,0.0
9/20/2019 7:00,0.0,0.0
9/20/2019 8:00,0.03,0.0
9/20/2019 9:00,0.5,0.07
9/20/2019 10:00,0.32,0.05
9/20/2019 11:00,0.72,0.1
9/20/2019 12:00,2.41,0.34
9/20/2019 13:00,3.53,0.5
9/20/2019 14:00,2.79,0.4
9/20/2019 15:00,2.41,0.34
9/20/2019 16:00,1.73,0.25
9/20/2019 17:00,1.68,0.24
9/20/2019 18:00,1.76,0.25
9/20/2019 19:00,0.33,0.05
9/20/2019 20:00,0.01,0.0
9/20/2019 21:00,0.0,0.0
9/20/2019 22:00,0.0,0.0
9/20/2019 23:00,0.0,0.0
9/21/2019 0:00,0.0,0.0
9/21/2019 1:00,0.0,0.0
9/21/2019 2:00,0.0,0.0
9/21/2019 3:00,0.0,0.0
9/21/2019 4:00,0.0,0.0
9/21/2019 5:00,0.0,0.0
9/21/2019 6:00,0.0,0.0
9/21/2019 7:00,0.0,0.0
9/21/2019 8:00,0.0,0.0
9/21/2019 9:00,0.11,0.02
9/21/2019 10:00,0.16,0.02
9/21/2019 11:00,0.4,0.06
9/21/2019 12:00,0.47,0.07
9/21/2019 13:00,0.67,0.1
9/21/2019 14:00,0.86,0.12
9/21/2019 15:00,0.59,0.08
9/21/2019 16:00,0.2,0.03
9/21/2019 17:00,0.34,0.05
9/21/2019 18:00,0.12,0.02
9/21/2019 19:00,0.06,0.01
9/21/2019 20:00,0.0,0.0
9/21/2019 21:00,0.0,0.0
9/21/2019 22:00,0.0,0.0
9/21/2019 23:00,0.0,0.0
9/22/2019 0:00,0.0,0.0
9/22/2019 1:00,0.0,0.0
9/22/2019 2:00,0.0,0.0
9/22/2019 3:00,0.0,0.0
9/22/2019 4:00,0.0,0.0
9/22/2019 5:00,0.0,0.0
9/22/2019 6:00,0.0,0.0
9/22/2019 7:00,0.0,0.0
9/22/2019 8:00,0.04,0.01
9/22/2019 9:00,0.63,0.09
9/22/2019 10:00,1.93,0.28
9/22/2019 11:00,1.92,0.27
9/22/2019 12:00,3.19,0.46
9/22/2019 13:00,3.31,0.47
9/22/2019 14:00,3.47,0.5
9/22/2019 15:00,3.28,0.47
9/22/2019 16:00,3.3,0.47
9/22/2019 17:00,3.05,0.44
9/22/2019 18:00,1.77,0.25
9/22/2019 19:00,0.74,0.11
9/22/2019 20:00,0.03,0.0
9/22/2019 21:00,0.0,0.0
9/22/2019 22:00,0.0,0.0
9/22/2019 23:00,0.0,0.0
9/23/2019 0:00,0.0,0.0
9/23/2019 1:00,0.0,0.0
9/23/2019 2:00,0.0,0.0
9/23/2019 3:00,0.0,0.0
9/23/2019 4:00,0.0,0.0
9/23/2019 5:00,0.0,0.0
9/23/2019 6:00,0.0,0.0
9/23/2019 7:00,0.0,0.0
9/23/2019 8:00,0.03,0.0
9/23/2019 9:00,0.96,0.14
9/23/2019 10:00,2.46,0.35
9/23/2019 11:00,3.1,0.44
9/23/2019 12:00,3.79,0.54
9/23/2019 13:00,3.95,0.56
9/23/2019 14:00,4.66,0.67
9/23/2019 15:00,4.65,0.66
9/23/2019 16:00,3.65,0.52
9/23/2019 17:00,3.44,0.49
9/23/2019 18:00,2.2,0.31
9/23/2019 19:00,0.75,0.11
9/23/2019 20:00,0.03,0.0
9/23/2019 21:00,0.0,0.0
9/23/2019 22:00,0.0,0.0
9/23/2019 23:00,0.0,0.0
9/24/2019 0:00,0.0,0.0
9/24/2019 1:00,0.0,0.0
9/24/2019 2:00,0.0,0.0
9/24/2019 3:00,0.0,0.0
9/24/2019 4:00,0.0,0.0
9/24/2019 5:00,0.0,0.0
9/24/2019 6:00,0.0,0.0
9/24/2019 7:00,0.0,0.0
9/24/2019 8:00,0.03,0.0
9/24/2019 9:00,0.95,0.14
9/24/2019 10:00,2.39,0.34
9/24/2019 11:00,1.85,0.26
9/24/2019 12:00,1.28,0.18
9/24/2019 13:00,1.78,0.25
9/24/2019 14:00,1.33,0.19
9/24/2019 15:00,1.2,0.17
9/24/2019 16:00,0.75,0.11
9/24/2019 17:00,0.95,0.14
9/24/2019 18:00,1.56,0.22
9/24/2019 19:00,0.22,0.03
9/24/2019 20:00,0.02,0.0
9/24/2019 21:00,0.0,0.0
9/24/2019 22:00,0.0,0.0
9/24/2019 23:00,0.0,0.0
9/25/2019 0:00,0.0,0.0
9/25/2019 1:00,0.0,0.0
9/25/2019 2:00,0.0,0.0
9/25/2019 3:00,0.0,0.0
9/25/2019 4:00,0.0,0.0
9/25/2019 5:00,0.0,0.0
9/25/2019 6:00,0.0,0.0
9/25/2019 7:00,0.0,0.0
9/25/2019 8:00,0.05,0.01
9/25/2019 9:00,1.08,0.15
9/25/2019 10:00,2.66,0.38
9/25/2019 11:00,3.94,0.56
9/25/2019 12:00,4.7,0.67
9/25/2019 13:00,4.79,0.68
9/25/2019 14:00,5.35,0.76
9/25/2019 15:00,5.06,0.72
9/25/2019 16:00,4.46,0.64
9/25/2019 17:00,3.49,0.5
9/25/2019 18:00,2.14,0.31
9/25/2019 19:00,0.68,0.1
9/25/2019 20:00,0.02,0.0
9/25/2019 21:00,0.0,0.0
9/25/2019 22:00,0.0,0.0
9/25/2019 23:00,0.0,0.0
9/26/2019 0:00,0.0,0.0
9/26/2019 1:00,0.0,0.0
9/26/2019 2:00,0.0,0.0
9/26/2019 3:00,0.0,0.0
9/26/2019 4:00,0.0,0.0
9/26/2019 5:00,0.0,0.0
9/26/2019 6:00,0.0,0.0
9/26/2019 7:00,0.0,0.0
9/26/2019 8:00,0.03,0.0
9/26/2019 9:00,1.09,0.16
9/26/2019 10:00,2.64,0.38
9/26/2019 11:00,3.9,0.56
9/26/2019 12:00,4.74,0.68
9/26/2019 13:00,5.13,0.73
9/26/2019 14:00,5.2,0.74
9/26/2019 15:00,4.97,0.71
9/26/2019 16:00,4.37,0.62
9/26/2019 17:00,3.45,0.49
9/26/2019 18:00,2.15,0.31
9/26/2019 19:00,0.68,0.1
9/26/2019 20:00,0.02,0.0
9/26/2019 21:00,0.0,0.0
9/26/2019 22:00,0.0,0.0
9/26/2019 23:00,0.0,0.0
9/27/2019 0:00,0.0,0.0
9/27/2019 1:00,0.0,0.0
9/27/2019 2:00,0.0,0.0
9/27/2019 3:00,0.0,0.0
9/27/2019 4:00,0.0,0.0
9/27/2019 5:00,0.0,0.0
9/27/2019 6:00,0.0,0.0
9/27/2019 7:00,0.0,0.0
9/27/2019 8:00,0.02,0.0
9/27/2019 9:00,1.1,0.16
9/27/2019 10:00,2.71,0.39
9/27/2019 11:00,3.98,0.57
9/27/2019 12:00,4.83,0.69
9/27/2019 13:00,5.25,0.75
9/27/2019 14:00,5.26,0.75
9/27/2019 15:00,4.98,0.71
9/27/2019 16:00,4.42,0.63
9/27/2019 17:00,3.48,0.5
9/27/2019 18:00,2.16,0.31
9/27/2019 19:00,0.67,0.1
9/27/2019 20:00,0.01,0.0
9/27/2019 21:00,0.0,0.0
9/27/2019 22:00,0.0,0.0
9/27/2019 23:00,0.0,0.0
9/28/2019 0:00,0.0,0.0
9/28/2019 1:00,0.0,0.0
9/28/2019 2:00,0.0,0.0
9/28/2019 3:00,0.0,0.0
9/28/2019 4:00,0.0,0.0
9/28/2019 5:00,0.0,0.0
9/28/2019 6:00,0.0,0.0
9/28/2019 7:00,0.0,0.0
9/28/2019 8:00,0.0,0.0
9/28/2019 9:00,0.0,0.0
9/28/2019 10:00,0.0,0.0
9/28/2019 11:00,0.0,0.0
9/28/2019 12:00,0.0,0.0
9/28/2019 13:00,0.0,0.0
9/28/2019 14:00,0.0,0.0
9/28/2019 15:00,0.0,0.0
9/28/2019 16:00,0.0,0.0
9/28/2019 17:00,0.0,0.0
9/28/2019 18:00,0.0,0.0
9/28/2019 19:00,0.0,0.0
9/28/2019 20:00,0.0,0.0
9/28/2019 21:00,0.0,0.0
9/28/2019 22:00,0.0,0.0
9/28/2019 23:00,0.0,0.0
9/29/2019 0:00,0.0,0.0
9/29/2019 1:00,0.0,0.0
9/29/2019 2:00,0.0,0.0
9/29/2019 3:00,0.0,0.0
9/29/2019 4:00,0.0,0.0
9/29/2019 5:00,0.0,0.0
9/29/2019 6:00,0.0,0.0
9/29/2019 7:00,0.0,0.0
9/29/2019 8:00,0.01,0.0
9/29/2019 9:00,1.16,0.17
9/29/2019 10:00,2.79,0.4
9/29/2019 11:00,4.03,0.58
9/29/2019 12:00,4.85,0.69
9/29/2019 13:00,5.25,0.75
9/29/2019 14:00,5.26,0.75
9/29/2019 15:00,4.98,0.71
9/29/2019 16:00,4.34,0.62
9/29/2019 17:00,3.37,0.48
9/29/2019 18:00,2.04,0.29
9/29/2019 19:00,0.6,0.09
9/29/2019 20:00,0.01,0.0
9/29/2019 21:00,0.0,0.0
9/29/2019 22:00,0.0,0.0
9/29/2019 23:00,0.0,0.0
9/30/2019 0:00,0.0,0.0
9/30/2019 1:00,0.0,0.0
9/30/2019 2:00,0.0,0.0
9/30/2019 3:00,0.0,0.0
9/30/2019 4:00,0.0,0.0
9/30/2019 5:00,0.0,0.0
9/30/2019 6:00,0.0,0.0
9/30/2019 7:00,0.0,0.0
9/30/2019 8:00,0.0,0.0
9/30/2019 9:00,0.18,0.03
9/30/2019 10:00,0.68,0.1
9/30/2019 11:00,1.23,0.18
9/30/2019 12:00,3.47,0.5
9/30/2019 13:00,5.02,0.72
9/30/2019 14:00,5.08,0.73
9/30/2019 15:00,4.88,0.7
9/30/2019 16:00,4.25,0.61
9/30/2019 17:00,3.28,0.47
9/30/2019 18:00,1.96,0.28
9/30/2019 19:00,0.56,0.08
9/30/2019 20:00,0.0,0.0
9/30/2019 21:00,0.0,0.0
9/30/2019 22:00,0.0,0.0
9/30/2019 23:00,0.0,0.0
10/1/2019 0:00,0.0,0.0
10/1/2019 1:00,0.0,0.0
10/1/2019 2:00,0.0,0.0
10/1/2019 3:00,0.0,0.0
10/1/2019 4:00,0.0,0.0
10/1/2019 5:00,0.0,0.0
10/1/2019 6:00,0.0,0.0
10/1/2019 7:00,0.0,0.0
10/1/2019 8:00,0.01,0.0
10/1/2019 9:00,0.93,0.13
10/1/2019 10:00,2.41,0.34
10/1/2019 11:00,2.93,0.42
10/1/2019 12:00,2.79,0.4
10/1/2019 13:00,3.43,0.49
10/1/2019 14:00,3.91,0.56
10/1/2019 15:00,3.12,0.45
10/1/2019 16:00,3.86,0.55
10/1/2019 17:00,3.38,0.48
10/1/2019 18:00,1.99,0.28
10/1/2019 19:00,0.56,0.08
10/1/2019 20:00,0.01,0.0
10/1/2019 21:00,0.0,0.0
10/1/2019 22:00,0.0,0.0
10/1/2019 23:00,0.0,0.0
10/2/2019 0:00,0.0,0.0
10/2/2019 1:00,0.0,0.0
10/2/2019 2:00,0.0,0.0
10/2/2019 3:00,0.0,0.0
10/2/2019 4:00,0.0,0.0
10/2/2019 5:00,0.0,0.0
10/2/2019 6:00,0.0,0.0
10/2/2019 7:00,0.0,0.0
10/2/2019 8:00,0.02,0.0
10/2/2019 9:00,1.0,0.14
10/2/2019 10:00,2.58,0.37
10/2/2019 11:00,3.96,0.57
10/2/2019 12:00,4.66,0.67
10/2/2019 13:00,5.11,0.73
10/2/2019 14:00,5.11,0.73
10/2/2019 15:00,4.92,0.7
10/2/2019 16:00,4.23,0.6
10/2/2019 17:00,3.21,0.46
10/2/2019 18:00,1.99,0.28
10/2/2019 19:00,0.48,0.07
10/2/2019 20:00,0.0,0.0
10/2/2019 21:00,0.0,0.0
10/2/2019 22:00,0.0,0.0
10/2/2019 23:00,0.0,0.0
10/3/2019 0:00,0.0,0.0
10/3/2019 1:00,0.0,0.0
10/3/2019 2:00,0.0,0.0
10/3/2019 3:00,0.0,0.0
10/3/2019 4:00,0.0,0.0
10/3/2019 5:00,0.0,0.0
10/3/2019 6:00,0.0,0.0
10/3/2019 7:00,0.0,0.0
10/3/2019 8:00,0.02,0.0
10/3/2019 9:00,0.89,0.13
10/3/2019 10:00,2.37,0.34
10/3/2019 11:00,3.61,0.52
10/3/2019 12:00,4.6,0.66
10/3/2019 13:00,4.91,0.7
10/3/2019 14:00,5.18,0.74
10/3/2019 15:00,4.87,0.7
10/3/2019 16:00,3.94,0.56
10/3/2019 17:00,3.26,0.47
10/3/2019 18:00,1.94,0.28
10/3/2019 19:00,0.51,0.07
10/3/2019 20:00,0.0,0.0
10/3/2019 21:00,0.0,0.0
10/3/2019 22:00,0.0,0.0
10/3/2019 23:00,0.0,0.0
10/4/2019 0:00,0.0,0.0
10/4/2019 1:00,0.0,0.0
10/4/2019 2:00,0.0,0.0
10/4/2019 3:00,0.0,0.0
10/4/2019 4:00,0.0,0.0
10/4/2019 5:00,0.0,0.0
10/4/2019 6:00,0.0,0.0
10/4/2019 7:00,0.0,0.0
10/4/2019 8:00,0.0,0.0
10/4/2019 9:00,0.51,0.07
10/4/2019 10:00,1.4,0.2
10/4/2019 11:00,3.36,0.48
10/4/2019 12:00,2.48,0.35
10/4/2019 13:00,2.21,0.32
10/4/2019 14:00,2.36,0.34
10/4/2019 15:00,2.88,0.41
10/4/2019 16:00,4.12,0.59
10/4/2019 17:00,3.32,0.47
10/4/2019 18:00,1.88,0.27
10/4/2019 19:00,0.49,0.07
10/4/2019 20:00,0.0,0.0
10/4/2019 21:00,0.0,0.0
10/4/2019 22:00,0.0,0.0
10/4/2019 23:00,0.0,0.0
10/5/2019 0:00,0.0,0.0
10/5/2019 1:00,0.0,0.0
10/5/2019 2:00,0.0,0.0
10/5/2019 3:00,0.0,0.0
10/5/2019 4:00,0.0,0.0
10/5/2019 5:00,0.0,0.0
10/5/2019 6:00,0.0,0.0
10/5/2019 7:00,0.0,0.0
10/5/2019 8:00,0.02,0.0
10/5/2019 9:00,0.99,0.14
10/5/2019 10:00,2.67,0.38
10/5/2019 11:00,4.01,0.57
10/5/2019 12:00,4.82,0.69
10/5/2019 13:00,5.19,0.74
10/5/2019 14:00,5.25,0.75
10/5/2019 15:00,4.99,0.71
10/5/2019 16:00,4.36,0.62
10/5/2019 17:00,3.35,0.48
10/5/2019 18:00,1.97,0.28
10/5/2019 19:00,0.35,0.05
10/5/2019 20:00,0.0,0.0
10/5/2019 21:00,0.0,0.0
10/5/2019 22:00,0.0,0.0
10/5/2019 23:00,0.0,0.0
10/6/2019 0:00,0.0,0.0
10/6/2019 1:00,0.0,0.0
10/6/2019 2:00,0.0,0.0
10/6/2019 3:00,0.0,0.0
10/6/2019 4:00,0.0,0.0
10/6/2019 5:00,0.0,0.0
10/6/2019 6:00,0.0,0.0
10/6/2019 7:00,0.0,0.0
10/6/2019 8:00,0.0,0.0
10/6/2019 9:00,0.98,0.14
10/6/2019 10:00,2.64,0.38
10/6/2019 11:00,3.9,0.56
10/6/2019 12:00,4.72,0.67
10/6/2019 13:00,5.1,0.73
10/6/2019 14:00,5.15,0.74
10/6/2019 15:00,4.86,0.69
10/6/2019 16:00,4.25,0.61
10/6/2019 17:00,3.29,0.47
10/6/2019 18:00,1.9,0.27
10/6/2019 19:00,0.46,0.07
10/6/2019 20:00,0.0,0.0
10/6/2019 21:00,0.0,0.0
10/6/2019 22:00,0.0,0.0
10/6/2019 23:00,0.0,0.0
10/7/2019 0:00,0.0,0.0
10/7/2019 1:00,0.0,0.0
10/7/2019 2:00,0.0,0.0
10/7/2019 3:00,0.0,0.0
10/7/2019 4:00,0.0,0.0
10/7/2019 5:00,0.0,0.0
10/7/2019 6:00,0.0,0.0
10/7/2019 7:00,0.0,0.0
10/7/2019 8:00,0.0,0.0
10/7/2019 9:00,0.95,0.14
10/7/2019 10:00,2.57,0.37
10/7/2019 11:00,3.86,0.55
10/7/2019 12:00,4.65,0.66
10/7/2019 13:00,5.04,0.72
10/7/2019 14:00,5.07,0.72
10/7/2019 15:00,4.73,0.68
10/7/2019 16:00,4.19,0.6
10/7/2019 17:00,3.06,0.44
10/7/2019 18:00,1.7,0.24
10/7/2019 19:00,0.41,0.06
10/7/2019 20:00,0.0,0.0
10/7/2019 21:00,0.0,0.0
10/7/2019 22:00,0.0,0.0
10/7/2019 23:00,0.0,0.0
10/8/2019 0:00,0.0,0.0
10/8/2019 1:00,0.0,0.0
10/8/2019 2:00,0.0,0.0
10/8/2019 3:00,0.0,0.0
10/8/2019 4:00,0.0,0.0
10/8/2019 5:00,0.0,0.0
10/8/2019 6:00,0.0,0.0
10/8/2019 7:00,0.0,0.0
10/8/2019 8:00,0.0,0.0
10/8/2019 9:00,0.91,0.13
10/8/2019 10:00,2.59,0.37
10/8/2019 11:00,3.74,0.53
10/8/2019 12:00,4.57,0.65
10/8/2019 13:00,4.87,0.7
10/8/2019 14:00,4.95,0.71
10/8/2019 15:00,4.67,0.67
10/8/2019 16:00,4.07,0.58
10/8/2019 17:00,3.12,0.45
10/8/2019 18:00,1.78,0.25
10/8/2019 19:00,0.41,0.06
10/8/2019 20:00,0.0,0.0
10/8/2019 21:00,0.0,0.0
10/8/2019 22:00,0.0,0.0
10/8/2019 23:00,0.0,0.0
10/9/2019 0:00,0.0,0.0
10/9/2019 1:00,0.0,0.0
10/9/2019 2:00,0.0,0.0
10/9/2019 3:00,0.0,0.0
10/9/2019 4:00,0.0,0.0
10/9/2019 5:00,0.0,0.0
10/9/2019 6:00,0.0,0.0
10/9/2019 7:00,0.0,0.0
10/9/2019 8:00,0.01,0.0
10/9/2019 9:00,0.81,0.12
10/9/2019 10:00,2.33,0.33
10/9/2019 11:00,3.73,0.53
10/9/2019 12:00,4.67,0.67
10/9/2019 13:00,5.12,0.73
10/9/2019 14:00,5.2,0.74
10/9/2019 15:00,4.9,0.7
10/9/2019 16:00,4.33,0.62
10/9/2019 17:00,3.33,0.48
10/9/2019 18:00,1.9,0.27
10/9/2019 19:00,0.44,0.06
10/9/2019 20:00,0.0,0.0
10/9/2019 21:00,0.0,0.0
10/9/2019 22:00,0.0,0.0
10/9/2019 23:00,0.0,0.0
10/10/2019 0:00,0.0,0.0
10/10/2019 1:00,0.0,0.0
10/10/2019 2:00,0.0,0.0
10/10/2019 3:00,0.0,0.0
10/10/2019 4:00,0.0,0.0
10/10/2019 5:00,0.0,0.0
10/10/2019 6:00,0.0,0.0
10/10/2019 7:00,0.0,0.0
10/10/2019 8:00,0.0,0.0
10/10/2019 9:00,0.87,0.12
10/10/2019 10:00,2.59,0.37
10/10/2019 11:00,3.86,0.55
10/10/2019 12:00,4.64,0.66
10/10/2019 13:00,4.99,0.71
10/10/2019 14:00,4.98,0.71
10/10/2019 15:00,4.65,0.66
10/10/2019 16:00,3.98,0.57
10/10/2019 17:00,2.96,0.42
10/10/2019 18:00,1.6,0.23
10/10/2019 19:00,0.34,0.05
10/10/2019 20:00,0.0,0.0
10/10/2019 21:00,0.0,0.0
10/10/2019 22:00,0.0,0.0
10/10/2019 23:00,0.0,0.0
10/11/2019 0:00,0.0,0.0
10/11/2019 1:00,0.0,0.0
10/11/2019 2:00,0.0,0.0
10/11/2019 3:00,0.0,0.0
10/11/2019 4:00,0.0,0.0
10/11/2019 5:00,0.0,0.0
10/11/2019 6:00,0.0,0.0
10/11/2019 7:00,0.0,0.0
10/11/2019 8:00,0.0,0.0
10/11/2019 9:00,0.15,0.02
10/11/2019 10:00,0.7,0.1
10/11/2019 11:00,1.37,0.2
10/11/2019 12:00,3.1,0.44
10/11/2019 13:00,3.06,0.44
10/11/2019 14:00,4.11,0.59
10/11/2019 15:00,3.02,0.43
10/11/2019 16:00,1.39,0.2
10/11/2019 17:00,1.59,0.23
10/11/2019 18:00,0.37,0.05
10/11/2019 19:00,0.35,0.05
10/11/2019 20:00,0.0,0.0
10/11/2019 21:00,0.0,0.0
10/11/2019 22:00,0.0,0.0
10/11/2019 23:00,0.0,0.0
10/12/2019 0:00,0.0,0.0
10/12/2019 1:00,0.0,0.0
10/12/2019 2:00,0.0,0.0
10/12/2019 3:00,0.0,0.0
10/12/2019 4:00,0.0,0.0
10/12/2019 5:00,0.0,0.0
10/12/2019 6:00,0.0,0.0
10/12/2019 7:00,0.0,0.0
10/12/2019 8:00,0.0,0.0
10/12/2019 9:00,0.1,0.01
10/12/2019 10:00,0.54,0.08
10/12/2019 11:00,0.54,0.08
10/12/2019 12:00,1.13,0.16
10/12/2019 13:00,1.61,0.23
10/12/2019 14:00,3.31,0.47
10/12/2019 15:00,4.73,0.68
10/12/2019 16:00,3.01,0.43
10/12/2019 17:00,2.24,0.32
10/12/2019 18:00,1.73,0.25
10/12/2019 19:00,0.42,0.06
10/12/2019 20:00,0.0,0.0
10/12/2019 21:00,0.0,0.0
10/12/2019 22:00,0.0,0.0
10/12/2019 23:00,0.0,0.0
10/13/2019 0:00,0.0,0.0
10/13/2019 1:00,0.0,0.0
10/13/2019 2:00,0.0,0.0
10/13/2019 3:00,0.0,0.0
10/13/2019 4:00,0.0,0.0
10/13/2019 5:00,0.0,0.0
10/13/2019 6:00,0.0,0.0
10/13/2019 7:00,0.0,0.0
10/13/2019 8:00,0.0,0.0
10/13/2019 9:00,0.03,0.0
10/13/2019 10:00,0.12,0.02
10/13/2019 11:00,0.25,0.04
10/13/2019 12:00,0.71,0.1
10/13/2019 13:00,2.1,0.3
10/13/2019 14:00,4.86,0.69
10/13/2019 15:00,4.38,0.63
10/13/2019 16:00,4.25,0.61
10/13/2019 17:00,2.44,0.35
10/13/2019 18:00,0.6,0.09
10/13/2019 19:00,0.13,0.02
10/13/2019 20:00,0.0,0.0
10/13/2019 21:00,0.0,0.0
10/13/2019 22:00,0.0,0.0
10/13/2019 23:00,0.0,0.0
10/14/2019 0:00,0.0,0.0
10/14/2019 1:00,0.0,0.0
10/14/2019 2:00,0.0,0.0
10/14/2019 3:00,0.0,0.0
10/14/2019 4:00,0.0,0.0
10/14/2019 5:00,0.0,0.0
10/14/2019 6:00,0.0,0.0
10/14/2019 7:00,0.0,0.0
10/14/2019 8:00,0.0,0.0
10/14/2019 9:00,0.59,0.08
10/14/2019 10:00,1.12,0.16
10/14/2019 11:00,0.69,0.1
10/14/2019 12:00,1.08,0.15
10/14/2019 13:00,2.2,0.31
10/14/2019 14:00,3.35,0.48
10/14/2019 15:00,3.43,0.49
10/14/2019 16:00,3.55,0.51
10/14/2019 17:00,2.81,0.4
10/14/2019 18:00,1.79,0.26
10/14/2019 19:00,0.31,0.04
10/14/2019 20:00,0.0,0.0
10/14/2019 21:00,0.0,0.0
10/14/2019 22:00,0.0,0.0
10/14/2019 23:00,0.0,0.0
10/15/2019 0:00,0.0,0.0
10/15/2019 1:00,0.0,0.0
10/15/2019 2:00,0.0,0.0
10/15/2019 3:00,0.0,0.0
10/15/2019 4:00,0.0,0.0
10/15/2019 5:00,0.0,0.0
10/15/2019 6:00,0.0,0.0
10/15/2019 7:00,0.0,0.0
10/15/2019 8:00,0.01,0.0
10/15/2019 9:00,0.64,0.09
10/15/2019 10:00,1.75,0.25
10/15/2019 11:00,2.72,0.39
10/15/2019 12:00,2.15,0.31
10/15/2019 13:00,2.98,0.43
10/15/2019 14:00,5.0,0.71
10/15/2019 15:00,4.47,0.64
10/15/2019 16:00,2.5,0.36
10/15/2019 17:00,2.66,0.38
10/15/2019 18:00,1.46,0.21
10/15/2019 19:00,0.33,0.05
10/15/2019 20:00,0.0,0.0
10/15/2019 21:00,0.0,0.0
10/15/2019 22:00,0.0,0.0
10/15/2019 23:00,0.0,0.0
10/16/2019 0:00,0.0,0.0
10/16/2019 1:00,0.0,0.0
10/16/2019 2:00,0.0,0.0
10/16/2019 3:00,0.0,0.0
10/16/2019 4:00,0.0,0.0
10/16/2019 5:00,0.0,0.0
10/16/2019 6:00,0.0,0.0
10/16/2019 7:00,0.0,0.0
10/16/2019 8:00,0.0,0.0
10/16/2019 9:00,0.2,0.03
10/16/2019 10:00,0.79,0.11
10/16/2019 11:00,2.2,0.31
10/16/2019 12:00,3.19,0.46
10/16/2019 13:00,4.49,0.64
10/16/2019 14:00,4.46,0.64
10/16/2019 15:00,4.43,0.63
10/16/2019 16:00,3.6,0.51
10/16/2019 17:00,1.27,0.18
10/16/2019 18:00,0.52,0.07
10/16/2019 19:00,0.05,0.01
10/16/2019 20:00,0.0,0.0
10/16/2019 21:00,0.0,0.0
10/16/2019 22:00,0.0,0.0
10/16/2019 23:00,0.0,0.0
10/17/2019 0:00,0.0,0.0
10/17/2019 1:00,0.0,0.0
10/17/2019 2:00,0.0,0.0
10/17/2019 3:00,0.0,0.0
10/17/2019 4:00,0.0,0.0
10/17/2019 5:00,0.0,0.0
10/17/2019 6:00,0.0,0.0
10/17/2019 7:00,0.0,0.0
10/17/2019 8:00,0.0,0.0
10/17/2019 9:00,0.0,0.0
10/17/2019 10:00,0.19,0.03
10/17/2019 11:00,0.78,0.11
10/17/2019 12:00,1.29,0.18
10/17/2019 13:00,2.14,0.31
10/17/2019 14:00,2.16,0.31
10/17/2019 15:00,1.38,0.2
10/17/2019 16:00,0.8,0.11
10/17/2019 17:00,0.48,0.07
10/17/2019 18:00,0.28,0.04
10/17/2019 19:00,0.04,0.01
10/17/2019 20:00,0.0,0.0
10/17/2019 21:00,0.0,0.0
10/17/2019 22:00,0.0,0.0
10/17/2019 23:00,0.0,0.0
10/18/2019 0:00,0.0,0.0
10/18/2019 1:00,0.0,0.0
10/18/2019 2:00,0.0,0.0
10/18/2019 3:00,0.0,0.0
10/18/2019 4:00,0.0,0.0
10/18/2019 5:00,0.0,0.0
10/18/2019 6:00,0.0,0.0
10/18/2019 7:00,0.0,0.0
10/18/2019 8:00,0.0,0.0
10/18/2019 9:00,0.6,0.09
10/18/2019 10:00,2.38,0.34
10/18/2019 11:00,2.02,0.29
10/18/2019 12:00,1.26,0.18
10/18/2019 13:00,1.23,0.18
10/18/2019 14:00,2.65,0.38
10/18/2019 15:00,3.24,0.46
10/18/2019 16:00,2.45,0.35
10/18/2019 17:00,1.19,0.17
10/18/2019 18:00,0.71,0.1
10/18/2019 19:00,0.09,0.01
10/18/2019 20:00,0.0,0.0
10/18/2019 21:00,0.0,0.0
10/18/2019 22:00,0.0,0.0
10/18/2019 23:00,0.0,0.0
10/19/2019 0:00,0.0,0.0
10/19/2019 1:00,0.0,0.0
10/19/2019 2:00,0.0,0.0
10/19/2019 3:00,0.0,0.0
10/19/2019 4:00,0.0,0.0
10/19/2019 5:00,0.0,0.0
10/19/2019 6:00,0.0,0.0
10/19/2019 7:00,0.0,0.0
10/19/2019 8:00,0.0,0.0
10/19/2019 9:00,0.08,0.01
10/19/2019 10:00,0.41,0.06
10/19/2019 11:00,0.51,0.07
10/19/2019 12:00,0.48,0.07
10/19/2019 13:00,0.51,0.07
10/19/2019 14:00,0.28,0.04
10/19/2019 15:00,0.98,0.14
10/19/2019 16:00,2.96,0.42
10/19/2019 17:00,2.1,0.3
10/19/2019 18:00,0.59,0.08
10/19/2019 19:00,0.15,0.02
10/19/2019 20:00,0.0,0.0
10/19/2019 21:00,0.0,0.0
10/19/2019 22:00,0.0,0.0
10/19/2019 23:00,0.0,0.0
10/20/2019 0:00,0.0,0.0
10/20/2019 1:00,0.0,0.0
10/20/2019 2:00,0.0,0.0
10/20/2019 3:00,0.0,0.0
10/20/2019 4:00,0.0,0.0
10/20/2019 5:00,0.0,0.0
10/20/2019 6:00,0.0,0.0
10/20/2019 7:00,0.0,0.0
10/20/2019 8:00,0.0,0.0
10/20/2019 9:00,0.48,0.07
10/20/2019 10:00,2.37,0.34
10/20/2019 11:00,3.7,0.53
10/20/2019 12:00,4.56,0.65
10/20/2019 13:00,5.11,0.73
10/20/2019 14:00,3.22,0.46
10/20/2019 15:00,4.12,0.59
10/20/2019 16:00,3.59,0.51
10/20/2019 17:00,2.18,0.31
10/20/2019 18:00,1.43,0.2
10/20/2019 19:00,0.22,0.03
10/20/2019 20:00,0.0,0.0
10/20/2019 21:00,0.0,0.0
10/20/2019 22:00,0.0,0.0
10/20/2019 23:00,0.0,0.0
10/21/2019 0:00,0.0,0.0
10/21/2019 1:00,0.0,0.0
10/21/2019 2:00,0.0,0.0
10/21/2019 3:00,0.0,0.0
10/21/2019 4:00,0.0,0.0
10/21/2019 5:00,0.0,0.0
10/21/2019 6:00,0.0,0.0
10/21/2019 7:00,0.0,0.0
10/21/2019 8:00,0.0,0.0
10/21/2019 9:00,0.41,0.06
10/21/2019 10:00,2.31,0.33
10/21/2019 11:00,3.66,0.52
10/21/2019 12:00,3.87,0.55
10/21/2019 13:00,3.99,0.57
10/21/2019 14:00,5.02,0.72
10/21/2019 15:00,4.5,0.64
10/21/2019 16:00,2.29,0.33
10/21/2019 17:00,1.61,0.23
10/21/2019 18:00,0.82,0.12
10/21/2019 19:00,0.1,0.01
10/21/2019 20:00,0.0,0.0
10/21/2019 21:00,0.0,0.0
10/21/2019 22:00,0.0,0.0
10/21/2019 23:00,0.0,0.0
10/22/2019 0:00,0.0,0.0
10/22/2019 1:00,0.0,0.0
10/22/2019 2:00,0.0,0.0
10/22/2019 3:00,0.0,0.0
10/22/2019 4:00,0.0,0.0
10/22/2019 5:00,0.0,0.0
10/22/2019 6:00,0.0,0.0
10/22/2019 7:00,0.0,0.0
10/22/2019 8:00,0.0,0.0
10/22/2019 9:00,0.37,0.05
10/22/2019 10:00,2.22,0.32
10/22/2019 11:00,3.54,0.51
10/22/2019 12:00,4.5,0.64
10/22/2019 13:00,4.92,0.7
10/22/2019 14:00,4.94,0.71
10/22/2019 15:00,4.55,0.65
10/22/2019 16:00,3.86,0.55
10/22/2019 17:00,2.54,0.36
10/22/2019 18:00,1.42,0.2
10/22/2019 19:00,0.2,0.03
10/22/2019 20:00,0.0,0.0
10/22/2019 21:00,0.0,0.0
10/22/2019 22:00,0.0,0.0
10/22/2019 23:00,0.0,0.0
10/23/2019 0:00,0.0,0.0
10/23/2019 1:00,0.0,0.0
10/23/2019 2:00,0.0,0.0
10/23/2019 3:00,0.0,0.0
10/23/2019 4:00,0.0,0.0
10/23/2019 5:00,0.0,0.0
10/23/2019 6:00,0.0,0.0
10/23/2019 7:00,0.0,0.0
10/23/2019 8:00,0.0,0.0
10/23/2019 9:00,0.1,0.01
10/23/2019 10:00,0.49,0.07
10/23/2019 11:00,1.21,0.17
10/23/2019 12:00,1.37,0.2
10/23/2019 13:00,1.5,0.21
10/23/2019 14:00,1.7,0.24
10/23/2019 15:00,1.51,0.22
10/23/2019 16:00,3.68,0.53
10/23/2019 17:00,2.9,0.41
10/23/2019 18:00,0.86,0.12
10/23/2019 19:00,0.13,0.02
10/23/2019 20:00,0.0,0.0
10/23/2019 21:00,0.0,0.0
10/23/2019 22:00,0.0,0.0
10/23/2019 23:00,0.0,0.0
10/24/2019 0:00,0.0,0.0
10/24/2019 1:00,0.0,0.0
10/24/2019 2:00,0.0,0.0
10/24/2019 3:00,0.0,0.0
10/24/2019 4:00,0.0,0.0
10/24/2019 5:00,0.0,0.0
10/24/2019 6:00,0.0,0.0
10/24/2019 7:00,0.0,0.0
10/24/2019 8:00,0.0,0.0
10/24/2019 9:00,0.2,0.03
10/24/2019 10:00,2.33,0.33
10/24/2019 11:00,2.64,0.38
10/24/2019 12:00,2.09,0.3
10/24/2019 13:00,2.12,0.3
10/24/2019 14:00,2.47,0.35
10/24/2019 15:00,1.99,0.28
10/24/2019 16:00,1.47,0.21
10/24/2019 17:00,1.79,0.26
10/24/2019 18:00,1.57,0.22
10/24/2019 19:00,0.15,0.02
10/24/2019 20:00,0.0,0.0
10/24/2019 21:00,0.0,0.0
10/24/2019 22:00,0.0,0.0
10/24/2019 23:00,0.0,0.0
10/25/2019 0:00,0.0,0.0
10/25/2019 1:00,0.0,0.0
10/25/2019 2:00,0.0,0.0
10/25/2019 3:00,0.0,0.0
10/25/2019 4:00,0.0,0.0
10/25/2019 5:00,0.0,0.0
10/25/2019 6:00,0.0,0.0
10/25/2019 7:00,0.0,0.0
10/25/2019 8:00,0.0,0.0
10/25/2019 9:00,0.12,0.02
10/25/2019 10:00,2.39,0.34
10/25/2019 11:00,3.74,0.53
10/25/2019 12:00,4.55,0.65
10/25/2019 13:00,4.92,0.7
10/25/2019 14:00,5.01,0.72
10/25/2019 15:00,4.71,0.67
10/25/2019 16:00,4.0,0.57
10/25/2019 17:00,2.9,0.41
10/25/2019 18:00,1.45,0.21
10/25/2019 19:00,0.18,0.03
10/25/2019 20:00,0.0,0.0
10/25/2019 21:00,0.0,0.0
10/25/2019 22:00,0.0,0.0
10/25/2019 23:00,0.0,0.0
10/26/2019 0:00,0.0,0.0
10/26/2019 1:00,0.0,0.0
10/26/2019 2:00,0.0,0.0
10/26/2019 3:00,0.0,0.0
10/26/2019 4:00,0.0,0.0
10/26/2019 5:00,0.0,0.0
10/26/2019 6:00,0.0,0.0
10/26/2019 7:00,0.0,0.0
10/26/2019 8:00,0.0,0.0
10/26/2019 9:00,0.13,0.02
10/26/2019 10:00,1.91,0.27
10/26/2019 11:00,2.08,0.3
10/26/2019 12:00,3.2,0.46
10/26/2019 13:00,4.76,0.68
10/26/2019 14:00,4.89,0.7
10/26/2019 15:00,4.5,0.64
10/26/2019 16:00,3.83,0.55
10/26/2019 17:00,2.81,0.4
10/26/2019 18:00,1.21,0.17
10/26/2019 19:00,0.1,0.01
10/26/2019 20:00,0.0,0.0
10/26/2019 21:00,0.0,0.0
10/26/2019 22:00,0.0,0.0
10/26/2019 23:00,0.0,0.0
10/27/2019 0:00,0.0,0.0
10/27/2019 1:00,0.0,0.0
10/27/2019 1:00,0.0,0.0
10/27/2019 2:00,0.0,0.0
10/27/2019 3:00,0.0,0.0
10/27/2019 4:00,0.0,0.0
10/27/2019 5:00,0.0,0.0
10/27/2019 6:00,0.0,0.0
10/27/2019 7:00,0.0,0.0
10/27/2019 8:00,0.1,0.01
10/27/2019 9:00,2.23,0.32
10/27/2019 10:00,2.94,0.42
10/27/2019 11:00,1.63,0.23
10/27/2019 12:00,0.91,0.13
10/27/2019 13:00,0.99,0.14
10/27/2019 14:00,1.92,0.27
10/27/2019 15:00,2.12,0.3
10/27/2019 16:00,1.03,0.15
10/27/2019 17:00,0.47,0.07
10/27/2019 18:00,0.05,0.01
10/27/2019 19:00,0.0,0.0
10/27/2019 20:00,0.0,0.0
10/27/2019 21:00,0.0,0.0
10/27/2019 22:00,0.0,0.0
10/27/2019 23:00,0.0,0.0
10/28/2019 0:00,0.0,0.0
10/28/2019 1:00,0.0,0.0
10/28/2019 2:00,0.0,0.0
10/28/2019 3:00,0.0,0.0
10/28/2019 4:00,0.0,0.0
10/28/2019 5:00,0.0,0.0
10/28/2019 6:00,0.0,0.0
10/28/2019 7:00,0.0,0.0
10/28/2019 8:00,0.08,0.01
10/28/2019 9:00,0.15,0.02
10/28/2019 10:00,0.25,0.04
10/28/2019 11:00,0.44,0.06
10/28/2019 12:00,0.71,0.1
10/28/2019 13:00,1.14,0.16
10/28/2019 14:00,0.4,0.06
10/28/2019 15:00,0.6,0.09
10/28/2019 16:00,0.74,0.11
10/28/2019 17:00,0.31,0.04
10/28/2019 18:00,0.05,0.01
10/28/2019 19:00,0.0,0.0
10/28/2019 20:00,0.0,0.0
10/28/2019 21:00,0.0,0.0
10/28/2019 22:00,0.0,0.0
10/28/2019 23:00,0.0,0.0
10/29/2019 0:00,0.0,0.0
10/29/2019 1:00,0.0,0.0
10/29/2019 2:00,0.0,0.0
10/29/2019 3:00,0.0,0.0
10/29/2019 4:00,0.0,0.0
10/29/2019 5:00,0.0,0.0
10/29/2019 6:00,0.0,0.0
10/29/2019 7:00,0.0,0.0
10/29/2019 8:00,0.02,0.0
10/29/2019 9:00,0.18,0.03
10/29/2019 10:00,0.29,0.04
10/29/2019 11:00,0.44,0.06
10/29/2019 12:00,0.56,0.08
10/29/2019 13:00,2.15,0.31
10/29/2019 14:00,2.39,0.34
10/29/2019 15:00,2.64,0.38
10/29/2019 16:00,1.83,0.26
10/29/2019 17:00,0.69,0.1
10/29/2019 18:00,0.08,0.01
10/29/2019 19:00,0.0,0.0
10/29/2019 20:00,0.0,0.0
10/29/2019 21:00,0.0,0.0
10/29/2019 22:00,0.0,0.0
10/29/2019 23:00,0.0,0.0
10/30/2019 0:00,0.0,0.0
10/30/2019 1:00,0.0,0.0
10/30/2019 2:00,0.0,0.0
10/30/2019 3:00,0.0,0.0
10/30/2019 4:00,0.0,0.0
10/30/2019 5:00,0.0,0.0
10/30/2019 6:00,0.0,0.0
10/30/2019 7:00,0.0,0.0
10/30/2019 8:00,0.04,0.01
10/30/2019 9:00,0.29,0.04
10/30/2019 10:00,0.58,0.08
10/30/2019 11:00,0.54,0.08
10/30/2019 12:00,0.86,0.12
10/30/2019 13:00,0.64,0.09
10/30/2019 14:00,0.82,0.12
10/30/2019 15:00,0.58,0.08
10/30/2019 16:00,0.14,0.02
10/30/2019 17:00,0.05,0.01
10/30/2019 18:00,0.0,0.0
10/30/2019 19:00,0.0,0.0
10/30/2019 20:00,0.0,0.0
10/30/2019 21:00,0.0,0.0
10/30/2019 22:00,0.0,0.0
10/30/2019 23:00,0.0,0.0
10/31/2019 0:00,0.0,0.0
10/31/2019 1:00,0.0,0.0
10/31/2019 2:00,0.0,0.0
10/31/2019 3:00,0.0,0.0
10/31/2019 4:00,0.0,0.0
10/31/2019 5:00,0.0,0.0
10/31/2019 6:00,0.0,0.0
10/31/2019 7:00,0.0,0.0
10/31/2019 8:00,0.0,0.0
10/31/2019 9:00,0.24,0.03
10/31/2019 10:00,0.4,0.06
10/31/2019 11:00,0.57,0.08
10/31/2019 12:00,0.67,0.1
10/31/2019 13:00,1.03,0.15
10/31/2019 14:00,0.49,0.07
10/31/2019 15:00,0.6,0.09
10/31/2019 16:00,0.57,0.08
10/31/2019 17:00,0.22,0.03
10/31/2019 18:00,0.0,0.0
10/31/2019 19:00,0.0,0.0
10/31/2019 20:00,0.0,0.0
10/31/2019 21:00,0.0,0.0
10/31/2019 22:00,0.0,0.0
10/31/2019 23:00,0.0,0.0
11/1/2019 0:00,0.0,0.0
11/1/2019 1:00,0.0,0.0
11/1/2019 2:00,0.0,0.0
11/1/2019 3:00,0.0,0.0
11/1/2019 4:00,0.0,0.0
11/1/2019 5:00,0.0,0.0
11/1/2019 6:00,0.0,0.0
11/1/2019 7:00,0.0,0.0
11/1/2019 8:00,0.07,0.01
11/1/2019 9:00,0.35,0.05
11/1/2019 10:00,0.64,0.09
11/1/2019 11:00,1.53,0.22
11/1/2019 12:00,3.21,0.46
11/1/2019 13:00,1.98,0.28
11/1/2019 14:00,2.68,0.38
11/1/2019 15:00,1.68,0.24
11/1/2019 16:00,1.04,0.15
11/1/2019 17:00,0.47,0.07
11/1/2019 18:00,0.01,0.0
11/1/2019 19:00,0.0,0.0
11/1/2019 20:00,0.0,0.0
11/1/2019 21:00,0.0,0.0
11/1/2019 22:00,0.0,0.0
11/1/2019 23:00,0.0,0.0
11/2/2019 0:00,0.0,0.0
11/2/2019 1:00,0.0,0.0
11/2/2019 2:00,0.0,0.0
11/2/2019 3:00,0.0,0.0
11/2/2019 4:00,0.0,0.0
11/2/2019 5:00,0.0,0.0
11/2/2019 6:00,0.0,0.0
11/2/2019 7:00,0.0,0.0
11/2/2019 8:00,0.1,0.01
11/2/2019 9:00,0.52,0.07
11/2/2019 10:00,1.23,0.18
11/2/2019 11:00,1.69,0.24
11/2/2019 12:00,1.68,0.24
11/2/2019 13:00,1.59,0.23
11/2/2019 14:00,1.13,0.16
11/2/2019 15:00,1.38,0.2
11/2/2019 16:00,0.68,0.1
11/2/2019 17:00,0.3,0.04
11/2/2019 18:00,0.03,0.0
11/2/2019 19:00,0.0,0.0
11/2/2019 20:00,0.0,0.0
11/2/2019 21:00,0.0,0.0
11/2/2019 22:00,0.0,0.0
11/2/2019 23:00,0.0,0.0
11/3/2019 0:00,0.0,0.0
11/3/2019 1:00,0.0,0.0
11/3/2019 2:00,0.0,0.0
11/3/2019 3:00,0.0,0.0
11/3/2019 4:00,0.0,0.0
11/3/2019 5:00,0.0,0.0
11/3/2019 6:00,0.0,0.0
11/3/2019 7:00,0.0,0.0
11/3/2019 8:00,0.0,0.0
11/3/2019 9:00,0.0,0.0
11/3/2019 10:00,0.0,0.0
11/3/2019 11:00,0.0,0.0
11/3/2019 12:00,0.0,0.0
11/3/2019 13:00,0.0,0.0
11/3/2019 14:00,0.0,0.0
11/3/2019 15:00,0.0,0.0
11/3/2019 16:00,0.0,0.0
11/3/2019 17:00,0.0,0.0
11/3/2019 18:00,0.0,0.0
11/3/2019 19:00,0.0,0.0
11/3/2019 20:00,0.0,0.0
11/3/2019 21:00,0.0,0.0
11/3/2019 22:00,0.0,0.0
11/3/2019 23:00,0.0,0.0
11/4/2019 0:00,0.0,0.0
11/4/2019 1:00,0.0,0.0
11/4/2019 2:00,0.0,0.0
11/4/2019 3:00,0.0,0.0
11/4/2019 4:00,0.0,0.0
11/4/2019 5:00,0.0,0.0
11/4/2019 6:00,0.0,0.0
11/4/2019 7:00,0.0,0.0
11/4/2019 8:00,0.0,0.0
11/4/2019 9:00,0.0,0.0
11/4/2019 10:00,0.0,0.0
11/4/2019 11:00,0.0,0.0
11/4/2019 12:00,0.0,0.0
11/4/2019 13:00,0.0,0.0
11/4/2019 14:00,0.0,0.0
11/4/2019 15:00,0.0,0.0
11/4/2019 16:00,0.0,0.0
11/4/2019 17:00,0.0,0.0
11/4/2019 18:00,0.0,0.0
11/4/2019 19:00,0.0,0.0
11/4/2019 20:00,0.0,0.0
11/4/2019 21:00,0.0,0.0
11/4/2019 22:00,0.0,0.0
11/4/2019 23:00,0.0,0.0
11/5/2019 0:00,0.0,0.0
11/5/2019 1:00,0.0,0.0
11/5/2019 2:00,0.0,0.0
11/5/2019 3:00,0.0,0.0
11/5/2019 4:00,0.0,0.0
11/5/2019 5:00,0.0,0.0
11/5/2019 6:00,0.0,0.0
11/5/2019 7:00,0.0,0.0
11/5/2019 8:00,0.09,0.01
11/5/2019 9:00,1.46,0.21
11/5/2019 10:00,3.18,0.45
11/5/2019 11:00,3.14,0.45
11/5/2019 12:00,3.64,0.52
11/5/2019 13:00,4.32,0.62
11/5/2019 14:00,2.43,0.35
11/5/2019 15:00,3.23,0.46
11/5/2019 16:00,2.22,0.32
11/5/2019 17:00,1.04,0.15
11/5/2019 18:00,0.04,0.01
11/5/2019 19:00,0.0,0.0
11/5/2019 20:00,0.0,0.0
11/5/2019 21:00,0.0,0.0
11/5/2019 22:00,0.0,0.0
11/5/2019 23:00,0.0,0.0
11/6/2019 0:00,0.0,0.0
11/6/2019 1:00,0.0,0.0
11/6/2019 2:00,0.0,0.0
11/6/2019 3:00,0.0,0.0
11/6/2019 4:00,0.0,0.0
11/6/2019 5:00,0.0,0.0
11/6/2019 6:00,0.0,0.0
11/6/2019 7:00,0.0,0.0
11/6/2019 8:00,0.0,0.0
11/6/2019 9:00,0.0,0.0
11/6/2019 10:00,0.0,0.0
11/6/2019 11:00,0.0,0.0
11/6/2019 12:00,0.0,0.0
11/6/2019 13:00,0.0,0.0
11/6/2019 14:00,0.0,0.0
11/6/2019 15:00,0.0,0.0
11/6/2019 16:00,0.0,0.0
11/6/2019 17:00,0.0,0.0
11/6/2019 18:00,0.0,0.0
11/6/2019 19:00,0.0,0.0
11/6/2019 20:00,0.0,0.0
11/6/2019 21:00,0.0,0.0
11/6/2019 22:00,0.0,0.0
11/6/2019 23:00,0.0,0.0
11/7/2019 0:00,0.0,0.0
11/7/2019 1:00,0.0,0.0
11/7/2019 2:00,0.0,0.0
11/7/2019 3:00,0.0,0.0
11/7/2019 4:00,0.0,0.0
11/7/2019 5:00,0.0,0.0
11/7/2019 6:00,0.0,0.0
11/7/2019 7:00,0.0,0.0
11/7/2019 8:00,0.0,0.0
11/7/2019 9:00,0.0,0.0
11/7/2019 10:00,0.0,0.0
11/7/2019 11:00,0.0,0.0
11/7/2019 12:00,0.0,0.0
11/7/2019 13:00,0.0,0.0
11/7/2019 14:00,0.0,0.0
11/7/2019 15:00,0.0,0.0
11/7/2019 16:00,0.0,0.0
11/7/2019 17:00,0.0,0.0
11/7/2019 18:00,0.0,0.0
11/7/2019 19:00,0.0,0.0
11/7/2019 20:00,0.0,0.0
11/7/2019 21:00,0.0,0.0
11/7/2019 22:00,0.0,0.0
11/7/2019 23:00,0.0,0.0
11/8/2019 0:00,0.0,0.0
11/8/2019 1:00,0.0,0.0
11/8/2019 2:00,0.0,0.0
11/8/2019 3:00,0.0,0.0
11/8/2019 4:00,0.0,0.0
11/8/2019 5:00,0.0,0.0
11/8/2019 6:00,0.0,0.0
11/8/2019 7:00,0.0,0.0
11/8/2019 8:00,0.0,0.0
11/8/2019 9:00,0.0,0.0
11/8/2019 10:00,0.0,0.0
11/8/2019 11:00,0.0,0.0
11/8/2019 12:00,0.0,0.0
11/8/2019 13:00,0.0,0.0
11/8/2019 14:00,0.0,0.0
11/8/2019 15:00,0.0,0.0
11/8/2019 16:00,0.0,0.0
11/8/2019 17:00,0.0,0.0
11/8/2019 18:00,0.0,0.0
11/8/2019 19:00,0.0,0.0
11/8/2019 20:00,0.0,0.0
11/8/2019 21:00,0.0,0.0
11/8/2019 22:00,0.0,0.0
11/8/2019 23:00,0.0,0.0
11/9/2019 0:00,0.0,0.0
11/9/2019 1:00,0.0,0.0
11/9/2019 2:00,0.0,0.0
11/9/2019 3:00,0.0,0.0
11/9/2019 4:00,0.0,0.0
11/9/2019 5:00,0.0,0.0
11/9/2019 6:00,0.0,0.0
11/9/2019 7:00,0.0,0.0
11/9/2019 8:00,0.0,0.0
11/9/2019 9:00,0.0,0.0
11/9/2019 10:00,0.0,0.0
11/9/2019 11:00,0.0,0.0
11/9/2019 12:00,0.0,0.0
11/9/2019 13:00,0.0,0.0
11/9/2019 14:00,0.0,0.0
11/9/2019 15:00,0.0,0.0
11/9/2019 16:00,0.0,0.0
11/9/2019 17:00,0.0,0.0
11/9/2019 18:00,0.0,0.0
11/9/2019 19:00,0.0,0.0
11/9/2019 20:00,0.0,0.0
11/9/2019 21:00,0.0,0.0
11/9/2019 22:00,0.0,0.0
11/9/2019 23:00,0.0,0.0
11/10/2019 0:00,0.0,0.0
11/10/2019 1:00,0.0,0.0
11/10/2019 2:00,0.0,0.0
11/10/2019 3:00,0.0,0.0
11/10/2019 4:00,0.0,0.0
11/10/2019 5:00,0.0,0.0
11/10/2019 6:00,0.0,0.0
11/10/2019 7:00,0.0,0.0
11/10/2019 8:00,0.0,0.0
11/10/2019 9:00,0.0,0.0
11/10/2019 10:00,0.0,0.0
11/10/2019 11:00,0.0,0.0
11/10/2019 12:00,0.0,0.0
11/10/2019 13:00,0.0,0.0
11/10/2019 14:00,0.0,0.0
11/10/2019 15:00,0.0,0.0
11/10/2019 16:00,0.0,0.0
11/10/2019 17:00,0.0,0.0
11/10/2019 18:00,0.0,0.0
11/10/2019 19:00,0.0,0.0
11/10/2019 20:00,0.0,0.0
11/10/2019 21:00,0.0,0.0
11/10/2019 22:00,0.0,0.0
11/10/2019 23:00,0.0,0.0
11/11/2019 0:00,0.0,0.0
11/11/2019 1:00,0.0,0.0
11/11/2019 2:00,0.0,0.0
11/11/2019 3:00,0.0,0.0
11/11/2019 4:00,0.0,0.0
11/11/2019 5:00,0.0,0.0
11/11/2019 6:00,0.0,0.0
11/11/2019 7:00,0.0,0.0
11/11/2019 8:00,0.0,0.0
11/11/2019 9:00,0.0,0.0
11/11/2019 10:00,0.0,0.0
11/11/2019 11:00,0.0,0.0
11/11/2019 12:00,0.0,0.0
11/11/2019 13:00,0.0,0.0
11/11/2019 14:00,0.0,0.0
11/11/2019 15:00,0.0,0.0
11/11/2019 16:00,0.0,0.0
11/11/2019 17:00,0.0,0.0
11/11/2019 18:00,0.0,0.0
11/11/2019 19:00,0.0,0.0
11/11/2019 20:00,0.0,0.0
11/11/2019 21:00,0.0,0.0
11/11/2019 22:00,0.0,0.0
11/11/2019 23:00,0.0,0.0
11/12/2019 0:00,0.0,0.0
11/12/2019 1:00,0.0,0.0
11/12/2019 2:00,0.0,0.0
11/12/2019 3:00,0.0,0.0
11/12/2019 4:00,0.0,0.0
11/12/2019 5:00,0.0,0.0
11/12/2019 6:00,0.0,0.0
11/12/2019 7:00,0.0,0.0
11/12/2019 8:00,0.0,0.0
11/12/2019 9:00,0.0,0.0
11/12/2019 10:00,0.0,0.0
11/12/2019 11:00,0.0,0.0
11/12/2019 12:00,0.0,0.0
11/12/2019 13:00,0.0,0.0
11/12/2019 14:00,0.0,0.0
11/12/2019 15:00,0.0,0.0
11/12/2019 16:00,0.0,0.0
11/12/2019 17:00,0.0,0.0
11/12/2019 18:00,0.0,0.0
11/12/2019 19:00,0.0,0.0
11/12/2019 20:00,0.0,0.0
11/12/2019 21:00,0.0,0.0
11/12/2019 22:00,0.0,0.0
11/12/2019 23:00,0.0,0.0
11/13/2019 0:00,0.0,0.0
11/13/2019 1:00,0.0,0.0
11/13/2019 2:00,0.0,0.0
11/13/2019 3:00,0.0,0.0
11/13/2019 4:00,0.0,0.0
11/13/2019 5:00,0.0,0.0
11/13/2019 6:00,0.0,0.0
11/13/2019 7:00,0.0,0.0
11/13/2019 8:00,0.08,0.01
11/13/2019 9:00,0.4,0.06
11/13/2019 10:00,1.95,0.28
11/13/2019 11:00,3.11,0.44
11/13/2019 12:00,1.54,0.22
11/13/2019 13:00,3.58,0.51
11/13/2019 14:00,2.69,0.38
11/13/2019 15:00,1.7,0.24
11/13/2019 16:00,2.21,0.32
11/13/2019 17:00,0.9,0.13
11/13/2019 18:00,0.03,0.0
11/13/2019 19:00,0.0,0.0
11/13/2019 20:00,0.0,0.0
11/13/2019 21:00,0.0,0.0
11/13/2019 22:00,0.0,0.0
11/13/2019 23:00,0.0,0.0
11/14/2019 0:00,0.0,0.0
11/14/2019 1:00,0.0,0.0
11/14/2019 2:00,0.0,0.0
11/14/2019 3:00,0.0,0.0
11/14/2019 4:00,0.0,0.0
11/14/2019 5:00,0.0,0.0
11/14/2019 6:00,0.0,0.0
11/14/2019 7:00,0.0,0.0
11/14/2019 8:00,0.0,0.0
11/14/2019 9:00,0.0,0.0
11/14/2019 10:00,0.0,0.0
11/14/2019 11:00,0.0,0.0
11/14/2019 12:00,0.0,0.0
11/14/2019 13:00,0.0,0.0
11/14/2019 14:00,0.0,0.0
11/14/2019 15:00,0.0,0.0
11/14/2019 16:00,0.0,0.0
11/14/2019 17:00,0.0,0.0
11/14/2019 18:00,0.0,0.0
11/14/2019 19:00,0.0,0.0
11/14/2019 20:00,0.0,0.0
11/14/2019 21:00,0.0,0.0
11/14/2019 22:00,0.0,0.0
11/14/2019 23:00,0.0,0.0
11/15/2019 0:00,0.0,0.0
11/15/2019 1:00,0.0,0.0
11/15/2019 2:00,0.0,0.0
11/15/2019 3:00,0.0,0.0
11/15/2019 4:00,0.0,0.0
11/15/2019 5:00,0.0,0.0
11/15/2019 6:00,0.0,0.0
11/15/2019 7:00,0.0,0.0
11/15/2019 8:00,0.0,0.0
11/15/2019 9:00,0.0,0.0
11/15/2019 10:00,0.0,0.0
11/15/2019 11:00,0.0,0.0
11/15/2019 12:00,0.0,0.0
11/15/2019 13:00,0.0,0.0
11/15/2019 14:00,0.0,0.0
11/15/2019 15:00,0.0,0.0
11/15/2019 16:00,0.0,0.0
11/15/2019 17:00,0.0,0.0
11/15/2019 18:00,0.0,0.0
11/15/2019 19:00,0.0,0.0
11/15/2019 20:00,0.0,0.0
11/15/2019 21:00,0.0,0.0
11/15/2019 22:00,0.0,0.0
11/15/2019 23:00,0.0,0.0
11/16/2019 0:00,0.0,0.0
11/16/2019 1:00,0.0,0.0
11/16/2019 2:00,0.0,0.0
11/16/2019 3:00,0.0,0.0
11/16/2019 4:00,0.0,0.0
11/16/2019 5:00,0.0,0.0
11/16/2019 6:00,0.0,0.0
11/16/2019 7:00,0.0,0.0
11/16/2019 8:00,0.0,0.0
11/16/2019 9:00,0.0,0.0
11/16/2019 10:00,0.0,0.0
11/16/2019 11:00,0.0,0.0
11/16/2019 12:00,0.0,0.0
11/16/2019 13:00,0.0,0.0
11/16/2019 14:00,0.0,0.0
11/16/2019 15:00,0.0,0.0
11/16/2019 16:00,0.0,0.0
11/16/2019 17:00,0.0,0.0
11/16/2019 18:00,0.0,0.0
11/16/2019 19:00,0.0,0.0
11/16/2019 20:00,0.0,0.0
11/16/2019 21:00,0.0,0.0
11/16/2019 22:00,0.0,0.0
11/16/2019 23:00,0.0,0.0
11/17/2019 0:00,0.0,0.0
11/17/2019 1:00,0.0,0.0
11/17/2019 2:00,0.0,0.0
11/17/2019 3:00,0.0,0.0
11/17/2019 4:00,0.0,0.0
11/17/2019 5:00,0.0,0.0
11/17/2019 6:00,0.0,0.0
11/17/2019 7:00,0.0,0.0
11/17/2019 8:00,0.0,0.0
11/17/2019 9:00,0.0,0.0
11/17/2019 10:00,0.0,0.0
11/17/2019 11:00,0.0,0.0
11/17/2019 12:00,0.0,0.0
11/17/2019 13:00,0.0,0.0
11/17/2019 14:00,0.0,0.0
11/17/2019 15:00,0.0,0.0
11/17/2019 16:00,0.0,0.0
11/17/2019 17:00,0.0,0.0
11/17/2019 18:00,0.0,0.0
11/17/2019 19:00,0.0,0.0
11/17/2019 20:00,0.0,0.0
11/17/2019 21:00,0.0,0.0
11/17/2019 22:00,0.0,0.0
11/17/2019 23:00,0.0,0.0
11/18/2019 0:00,0.0,0.0
11/18/2019 1:00,0.0,0.0
11/18/2019 2:00,0.0,0.0
11/18/2019 3:00,0.0,0.0
11/18/2019 4:00,0.0,0.0
11/18/2019 5:00,0.0,0.0
11/18/2019 6:00,0.0,0.0
11/18/2019 7:00,0.0,0.0
11/18/2019 8:00,0.0,0.0
11/18/2019 9:00,0.0,0.0
11/18/2019 10:00,0.0,0.0
11/18/2019 11:00,0.0,0.0
11/18/2019 12:00,0.0,0.0
11/18/2019 13:00,0.0,0.0
11/18/2019 14:00,0.0,0.0
11/18/2019 15:00,0.0,0.0
11/18/2019 16:00,0.0,0.0
11/18/2019 17:00,0.0,0.0
11/18/2019 18:00,0.0,0.0
11/18/2019 19:00,0.0,0.0
11/18/2019 20:00,0.0,0.0
11/18/2019 21:00,0.0,0.0
11/18/2019 22:00,0.0,0.0
11/18/2019 23:00,0.0,0.0
11/19/2019 0:00,0.0,0.0
11/19/2019 1:00,0.0,0.0
11/19/2019 2:00,0.0,0.0
11/19/2019 3:00,0.0,0.0
11/19/2019 4:00,0.0,0.0
11/19/2019 5:00,0.0,0.0
11/19/2019 6:00,0.0,0.0
11/19/2019 7:00,0.0,0.0
11/19/2019 8:00,0.0,0.0
11/19/2019 9:00,0.0,0.0
11/19/2019 10:00,0.0,0.0
11/19/2019 11:00,0.0,0.0
11/19/2019 12:00,0.0,0.0
11/19/2019 13:00,0.0,0.0
11/19/2019 14:00,0.0,0.0
11/19/2019 15:00,0.0,0.0
11/19/2019 16:00,0.0,0.0
11/19/2019 17:00,0.0,0.0
11/19/2019 18:00,0.0,0.0
11/19/2019 19:00,0.0,0.0
11/19/2019 20:00,0.0,0.0
11/19/2019 21:00,0.0,0.0
11/19/2019 22:00,0.0,0.0
11/19/2019 23:00,0.0,0.0
11/20/2019 0:00,0.0,0.0
11/20/2019 1:00,0.0,0.0
11/20/2019 2:00,0.0,0.0
11/20/2019 3:00,0.0,0.0
11/20/2019 4:00,0.0,0.0
11/20/2019 5:00,0.0,0.0
11/20/2019 6:00,0.0,0.0
11/20/2019 7:00,0.0,0.0
11/20/2019 8:00,0.03,0.0
11/20/2019 9:00,0.64,0.09
11/20/2019 10:00,2.75,0.39
11/20/2019 11:00,2.32,0.33
11/20/2019 12:00,3.96,0.57
11/20/2019 13:00,2.32,0.33
11/20/2019 14:00,2.12,0.3
11/20/2019 15:00,0.98,0.14
11/20/2019 16:00,0.63,0.09
11/20/2019 17:00,0.25,0.04
11/20/2019 18:00,0.01,0.0
11/20/2019 19:00,0.0,0.0
11/20/2019 20:00,0.0,0.0
11/20/2019 21:00,0.0,0.0
11/20/2019 22:00,0.0,0.0
11/20/2019 23:00,0.0,0.0
11/21/2019 0:00,0.0,0.0
11/21/2019 1:00,0.0,0.0
11/21/2019 2:00,0.0,0.0
11/21/2019 3:00,0.0,0.0
11/21/2019 4:00,0.0,0.0
11/21/2019 5:00,0.0,0.0
11/21/2019 6:00,0.0,0.0
11/21/2019 7:00,0.0,0.0
11/21/2019 8:00,0.0,0.0
11/21/2019 9:00,0.0,0.0
11/21/2019 10:00,0.0,0.0
11/21/2019 11:00,0.0,0.0
11/21/2019 12:00,0.0,0.0
11/21/2019 13:00,0.0,0.0
11/21/2019 14:00,0.0,0.0
11/21/2019 15:00,0.0,0.0
11/21/2019 16:00,0.0,0.0
11/21/2019 17:00,0.0,0.0
11/21/2019 18:00,0.0,0.0
11/21/2019 19:00,0.0,0.0
11/21/2019 20:00,0.0,0.0
11/21/2019 21:00,0.0,0.0
11/21/2019 22:00,0.0,0.0
11/21/2019 23:00,0.0,0.0
11/22/2019 0:00,0.0,0.0
11/22/2019 1:00,0.0,0.0
11/22/2019 2:00,0.0,0.0
11/22/2019 3:00,0.0,0.0
11/22/2019 4:00,0.0,0.0
11/22/2019 5:00,0.0,0.0
11/22/2019 6:00,0.0,0.0
11/22/2019 7:00,0.0,0.0
11/22/2019 8:00,0.0,0.0
11/22/2019 9:00,0.0,0.0
11/22/2019 10:00,0.0,0.0
11/22/2019 11:00,0.0,0.0
11/22/2019 12:00,0.0,0.0
11/22/2019 13:00,0.0,0.0
11/22/2019 14:00,0.0,0.0
11/22/2019 15:00,0.0,0.0
11/22/2019 16:00,0.0,0.0
11/22/2019 17:00,0.0,0.0
11/22/2019 18:00,0.0,0.0
11/22/2019 19:00,0.0,0.0
11/22/2019 20:00,0.0,0.0
11/22/2019 21:00,0.0,0.0
11/22/2019 22:00,0.0,0.0
11/22/2019 23:00,0.0,0.0
11/23/2019 0:00,0.0,0.0
11/23/2019 1:00,0.0,0.0
11/23/2019 2:00,0.0,0.0
11/23/2019 3:00,0.0,0.0
11/23/2019 4:00,0.0,0.0
11/23/2019 5:00,0.0,0.0
11/23/2019 6:00,0.0,0.0
11/23/2019 7:00,0.0,0.0
11/23/2019 8:00,0.0,0.0
11/23/2019 9:00,0.0,0.0
11/23/2019 10:00,0.0,0.0
11/23/2019 11:00,0.0,0.0
11/23/2019 12:00,0.0,0.0
11/23/2019 13:00,0.0,0.0
11/23/2019 14:00,0.0,0.0
11/23/2019 15:00,0.0,0.0
11/23/2019 16:00,0.0,0.0
11/23/2019 17:00,0.0,0.0
11/23/2019 18:00,0.0,0.0
11/23/2019 19:00,0.0,0.0
11/23/2019 20:00,0.0,0.0
11/23/2019 21:00,0.0,0.0
11/23/2019 22:00,0.0,0.0
11/23/2019 23:00,0.0,0.0
11/24/2019 0:00,0.0,0.0
11/24/2019 1:00,0.0,0.0
11/24/2019 2:00,0.0,0.0
11/24/2019 3:00,0.0,0.0
11/24/2019 4:00,0.0,0.0
11/24/2019 5:00,0.0,0.0
11/24/2019 6:00,0.0,0.0
11/24/2019 7:00,0.0,0.0
11/24/2019 8:00,0.01,0.0
11/24/2019 9:00,0.51,0.07
11/24/2019 10:00,0.82,0.12
11/24/2019 11:00,1.03,0.15
11/24/2019 12:00,1.67,0.24
11/24/2019 13:00,1.93,0.28
11/24/2019 14:00,1.02,0.15
11/24/2019 15:00,0.65,0.09
11/24/2019 16:00,0.42,0.06
11/24/2019 17:00,0.04,0.01
11/24/2019 18:00,0.0,0.0
11/24/2019 19:00,0.0,0.0
11/24/2019 20:00,0.0,0.0
11/24/2019 21:00,0.0,0.0
11/24/2019 22:00,0.0,0.0
11/24/2019 23:00,0.0,0.0
11/25/2019 0:00,0.0,0.0
11/25/2019 1:00,0.0,0.0
11/25/2019 2:00,0.0,0.0
11/25/2019 3:00,0.0,0.0
11/25/2019 4:00,0.0,0.0
11/25/2019 5:00,0.0,0.0
11/25/2019 6:00,0.0,0.0
11/25/2019 7:00,0.0,0.0
11/25/2019 8:00,0.0,0.0
11/25/2019 9:00,0.23,0.03
11/25/2019 10:00,1.22,0.17
11/25/2019 11:00,2.12,0.3
11/25/2019 12:00,3.3,0.47
11/25/2019 13:00,3.38,0.48
11/25/2019 14:00,2.89,0.41
11/25/2019 15:00,2.36,0.34
11/25/2019 16:00,1.67,0.24
11/25/2019 17:00,0.44,0.06
11/25/2019 18:00,0.01,0.0
11/25/2019 19:00,0.0,0.0
11/25/2019 20:00,0.0,0.0
11/25/2019 21:00,0.0,0.0
11/25/2019 22:00,0.0,0.0
11/25/2019 23:00,0.0,0.0
11/26/2019 0:00,0.0,0.0
11/26/2019 1:00,0.0,0.0
11/26/2019 2:00,0.0,0.0
11/26/2019 3:00,0.0,0.0
11/26/2019 4:00,0.0,0.0
11/26/2019 5:00,0.0,0.0
11/26/2019 6:00,0.0,0.0
11/26/2019 7:00,0.0,0.0
11/26/2019 8:00,0.0,0.0
11/26/2019 9:00,0.14,0.02
11/26/2019 10:00,0.41,0.06
11/26/2019 11:00,0.26,0.04
11/26/2019 12:00,0.17,0.02
11/26/2019 13:00,0.26,0.04
11/26/2019 14:00,0.34,0.05
11/26/2019 15:00,0.29,0.04
11/26/2019 16:00,0.67,0.1
11/26/2019 17:00,0.48,0.07
11/26/2019 18:00,0.0,0.0
11/26/2019 19:00,0.0,0.0
11/26/2019 20:00,0.0,0.0
11/26/2019 21:00,0.0,0.0
11/26/2019 22:00,0.0,0.0
11/26/2019 23:00,0.0,0.0
11/27/2019 0:00,0.0,0.0
11/27/2019 1:00,0.0,0.0
11/27/2019 2:00,0.0,0.0
11/27/2019 3:00,0.0,0.0
11/27/2019 4:00,0.0,0.0
11/27/2019 5:00,0.0,0.0
11/27/2019 6:00,0.0,0.0
11/27/2019 7:00,0.0,0.0
11/27/2019 8:00,0.02,0.0
11/27/2019 9:00,0.52,0.07
11/27/2019 10:00,2.43,0.35
11/27/2019 11:00,3.61,0.52
11/27/2019 12:00,2.56,0.37
11/27/2019 13:00,4.04,0.58
11/27/2019 14:00,2.25,0.32
11/27/2019 15:00,3.19,0.46
11/27/2019 16:00,0.75,0.11
11/27/2019 17:00,0.13,0.02
11/27/2019 18:00,0.0,0.0
11/27/2019 19:00,0.0,0.0
11/27/2019 20:00,0.0,0.0
11/27/2019 21:00,0.0,0.0
11/27/2019 22:00,0.0,0.0
11/27/2019 23:00,0.0,0.0
11/28/2019 0:00,0.0,0.0
11/28/2019 1:00,0.0,0.0
11/28/2019 2:00,0.0,0.0
11/28/2019 3:00,0.0,0.0
11/28/2019 4:00,0.0,0.0
11/28/2019 5:00,0.0,0.0
11/28/2019 6:00,0.0,0.0
11/28/2019 7:00,0.0,0.0
11/28/2019 8:00,0.0,0.0
11/28/2019 9:00,0.11,0.02
11/28/2019 10:00,0.7,0.1
11/28/2019 11:00,0.69,0.1
11/28/2019 12:00,1.09,0.16
11/28/2019 13:00,0.66,0.09
11/28/2019 14:00,0.95,0.14
11/28/2019 15:00,0.95,0.14
11/28/2019 16:00,0.46,0.07
11/28/2019 17:00,0.25,0.04
11/28/2019 18:00,0.01,0.0
11/28/2019 19:00,0.0,0.0
11/28/2019 20:00,0.0,0.0
11/28/2019 21:00,0.0,0.0
11/28/2019 22:00,0.0,0.0
11/28/2019 23:00,0.0,0.0
11/29/2019 0:00,0.0,0.0
11/29/2019 1:00,0.0,0.0
11/29/2019 2:00,0.0,0.0
11/29/2019 3:00,0.0,0.0
11/29/2019 4:00,0.0,0.0
11/29/2019 5:00,0.0,0.0
11/29/2019 6:00,0.0,0.0
11/29/2019 7:00,0.0,0.0
11/29/2019 8:00,0.0,0.0
11/29/2019 9:00,0.3,0.04
11/29/2019 10:00,0.72,0.1
11/29/2019 11:00,1.1,0.16
11/29/2019 12:00,1.34,0.19
11/29/2019 13:00,0.51,0.07
11/29/2019 14:00,0.58,0.08
11/29/2019 15:00,0.9,0.13
11/29/2019 16:00,0.43,0.06
11/29/2019 17:00,0.12,0.02
11/29/2019 18:00,0.0,0.0
11/29/2019 19:00,0.0,0.0
11/29/2019 20:00,0.0,0.0
11/29/2019 21:00,0.0,0.0
11/29/2019 22:00,0.0,0.0
11/29/2019 23:00,0.0,0.0
11/30/2019 0:00,0.0,0.0
11/30/2019 1:00,0.0,0.0
11/30/2019 2:00,0.0,0.0
11/30/2019 3:00,0.0,0.0
11/30/2019 4:00,0.0,0.0
11/30/2019 5:00,0.0,0.0
11/30/2019 6:00,0.0,0.0
11/30/2019 7:00,0.0,0.0
11/30/2019 8:00,0.0,0.0
11/30/2019 9:00,0.28,0.04
11/30/2019 10:00,0.83,0.12
11/30/2019 11:00,0.71,0.1
11/30/2019 12:00,0.75,0.11
11/30/2019 13:00,0.78,0.11
11/30/2019 14:00,0.68,0.1
11/30/2019 15:00,0.44,0.06
11/30/2019 16:00,0.31,0.04
11/30/2019 17:00,0.22,0.03
11/30/2019 18:00,0.01,0.0
11/30/2019 19:00,0.0,0.0
11/30/2019 20:00,0.0,0.0
11/30/2019 21:00,0.0,0.0
11/30/2019 22:00,0.0,0.0
11/30/2019 23:00,0.0,0.0
12/1/2019 0:00,0.0,0.0
12/1/2019 1:00,0.0,0.0
12/1/2019 2:00,0.0,0.0
12/1/2019 3:00,0.0,0.0
12/1/2019 4:00,0.0,0.0
12/1/2019 5:00,0.0,0.0
12/1/2019 6:00,0.0,0.0
12/1/2019 7:00,0.0,0.0
12/1/2019 8:00,0.0,0.0
12/1/2019 9:00,0.0,0.0
12/1/2019 10:00,0.0,0.0
12/1/2019 11:00,0.0,0.0
12/1/2019 12:00,0.0,0.0
12/1/2019 13:00,0.0,0.0
12/1/2019 14:00,0.0,0.0
12/1/2019 15:00,0.0,0.0
12/1/2019 16:00,0.0,0.0
12/1/2019 17:00,0.0,0.0
12/1/2019 18:00,0.0,0.0
12/1/2019 19:00,0.0,0.0
12/1/2019 20:00,0.0,0.0
12/1/2019 21:00,0.0,0.0
12/1/2019 22:00,0.0,0.0
12/1/2019 23:00,0.0,0.0
12/2/2019 0:00,0.0,0.0
12/2/2019 1:00,0.0,0.0
12/2/2019 2:00,0.0,0.0
12/2/2019 3:00,0.0,0.0
12/2/2019 4:00,0.0,0.0
12/2/2019 5:00,0.0,0.0
12/2/2019 6:00,0.0,0.0
12/2/2019 7:00,0.0,0.0
12/2/2019 8:00,0.0,0.0
12/2/2019 9:00,0.0,0.0
12/2/2019 10:00,0.0,0.0
12/2/2019 11:00,0.0,0.0
12/2/2019 12:00,0.0,0.0
12/2/2019 13:00,0.0,0.0
12/2/2019 14:00,0.0,0.0
12/2/2019 15:00,0.0,0.0
12/2/2019 16:00,0.0,0.0
12/2/2019 17:00,0.0,0.0
12/2/2019 18:00,0.0,0.0
12/2/2019 19:00,0.0,0.0
12/2/2019 20:00,0.0,0.0
12/2/2019 21:00,0.0,0.0
12/2/2019 22:00,0.0,0.0
12/2/2019 23:00,0.0,0.0
12/3/2019 0:00,0.0,0.0
12/3/2019 1:00,0.0,0.0
12/3/2019 2:00,0.0,0.0
12/3/2019 3:00,0.0,0.0
12/3/2019 4:00,0.0,0.0
12/3/2019 5:00,0.0,0.0
12/3/2019 6:00,0.0,0.0
12/3/2019 7:00,0.0,0.0
12/3/2019 8:00,0.0,0.0
12/3/2019 9:00,0.0,0.0
12/3/2019 10:00,0.0,0.0
12/3/2019 11:00,0.0,0.0
12/3/2019 12:00,0.0,0.0
12/3/2019 13:00,0.0,0.0
12/3/2019 14:00,0.0,0.0
12/3/2019 15:00,0.0,0.0
12/3/2019 16:00,0.0,0.0
12/3/2019 17:00,0.0,0.0
12/3/2019 18:00,0.0,0.0
12/3/2019 19:00,0.0,0.0
12/3/2019 20:00,0.0,0.0
12/3/2019 21:00,0.0,0.0
12/3/2019 22:00,0.0,0.0
12/3/2019 23:00,0.0,0.0
12/4/2019 0:00,0.0,0.0
12/4/2019 1:00,0.0,0.0
12/4/2019 2:00,0.0,0.0
12/4/2019 3:00,0.0,0.0
12/4/2019 4:00,0.0,0.0
12/4/2019 5:00,0.0,0.0
12/4/2019 6:00,0.0,0.0
12/4/2019 7:00,0.0,0.0
12/4/2019 8:00,0.0,0.0
12/4/2019 9:00,0.0,0.0
12/4/2019 10:00,0.0,0.0
12/4/2019 11:00,0.0,0.0
12/4/2019 12:00,0.0,0.0
12/4/2019 13:00,0.0,0.0
12/4/2019 14:00,0.0,0.0
12/4/2019 15:00,0.0,0.0
12/4/2019 16:00,0.0,0.0
12/4/2019 17:00,0.0,0.0
12/4/2019 18:00,0.0,0.0
12/4/2019 19:00,0.0,0.0
12/4/2019 20:00,0.0,0.0
12/4/2019 21:00,0.0,0.0
12/4/2019 22:00,0.0,0.0
12/4/2019 23:00,0.0,0.0
12/5/2019 0:00,0.0,0.0
12/5/2019 1:00,0.0,0.0
12/5/2019 2:00,0.0,0.0
12/5/2019 3:00,0.0,0.0
12/5/2019 4:00,0.0,0.0
12/5/2019 5:00,0.0,0.0
12/5/2019 6:00,0.0,0.0
12/5/2019 7:00,0.0,0.0
12/5/2019 8:00,0.0,0.0
12/5/2019 9:00,0.14,0.02
12/5/2019 10:00,1.96,0.28
12/5/2019 11:00,3.84,0.55
12/5/2019 12:00,4.38,0.63
12/5/2019 13:00,4.49,0.64
12/5/2019 14:00,4.19,0.6
12/5/2019 15:00,3.46,0.49
12/5/2019 16:00,2.31,0.33
12/5/2019 17:00,0.84,0.12
12/5/2019 18:00,0.0,0.0
12/5/2019 19:00,0.0,0.0
12/5/2019 20:00,0.0,0.0
12/5/2019 21:00,0.0,0.0
12/5/2019 22:00,0.0,0.0
12/5/2019 23:00,0.0,0.0
12/6/2019 0:00,0.0,0.0
12/6/2019 1:00,0.0,0.0
12/6/2019 2:00,0.0,0.0
12/6/2019 3:00,0.0,0.0
12/6/2019 4:00,0.0,0.0
12/6/2019 5:00,0.0,0.0
12/6/2019 6:00,0.0,0.0
12/6/2019 7:00,0.0,0.0
12/6/2019 8:00,0.0,0.0
12/6/2019 9:00,0.0,0.0
12/6/2019 10:00,0.0,0.0
12/6/2019 11:00,0.0,0.0
12/6/2019 12:00,0.0,0.0
12/6/2019 13:00,0.0,0.0
12/6/2019 14:00,0.0,0.0
12/6/2019 15:00,0.0,0.0
12/6/2019 16:00,0.0,0.0
12/6/2019 17:00,0.0,0.0
12/6/2019 18:00,0.0,0.0
12/6/2019 19:00,0.0,0.0
12/6/2019 20:00,0.0,0.0
12/6/2019 21:00,0.0,0.0
12/6/2019 22:00,0.0,0.0
12/6/2019 23:00,0.0,0.0
12/7/2019 0:00,0.0,0.0
12/7/2019 1:00,0.0,0.0
12/7/2019 2:00,0.0,0.0
12/7/2019 3:00,0.0,0.0
12/7/2019 4:00,0.0,0.0
12/7/2019 5:00,0.0,0.0
12/7/2019 6:00,0.0,0.0
12/7/2019 7:00,0.0,0.0
12/7/2019 8:00,0.0,0.0
12/7/2019 9:00,0.0,0.0
12/7/2019 10:00,0.0,0.0
12/7/2019 11:00,0.0,0.0
12/7/2019 12:00,0.0,0.0
12/7/2019 13:00,0.0,0.0
12/7/2019 14:00,0.0,0.0
12/7/2019 15:00,0.0,0.0
12/7/2019 16:00,0.0,0.0
12/7/2019 17:00,0.0,0.0
12/7/2019 18:00,0.0,0.0
12/7/2019 19:00,0.0,0.0
12/7/2019 20:00,0.0,0.0
12/7/2019 21:00,0.0,0.0
12/7/2019 22:00,0.0,0.0
12/7/2019 23:00,0.0,0.0
12/8/2019 0:00,0.0,0.0
12/8/2019 1:00,0.0,0.0
12/8/2019 2:00,0.0,0.0
12/8/2019 3:00,0.0,0.0
12/8/2019 4:00,0.0,0.0
12/8/2019 5:00,0.0,0.0
12/8/2019 6:00,0.0,0.0
12/8/2019 7:00,0.0,0.0
12/8/2019 8:00,0.0,0.0
12/8/2019 9:00,0.0,0.0
12/8/2019 10:00,0.0,0.0
12/8/2019 11:00,0.0,0.0
12/8/2019 12:00,0.0,0.0
12/8/2019 13:00,0.0,0.0
12/8/2019 14:00,0.0,0.0
12/8/2019 15:00,0.0,0.0
12/8/2019 16:00,0.0,0.0
12/8/2019 17:00,0.0,0.0
12/8/2019 18:00,0.0,0.0
12/8/2019 19:00,0.0,0.0
12/8/2019 20:00,0.0,0.0
12/8/2019 21:00,0.0,0.0
12/8/2019 22:00,0.0,0.0
12/8/2019 23:00,0.0,0.0
12/9/2019 0:00,0.0,0.0
12/9/2019 1:00,0.0,0.0
12/9/2019 2:00,0.0,0.0
12/9/2019 3:00,0.0,0.0
12/9/2019 4:00,0.0,0.0
12/9/2019 5:00,0.0,0.0
12/9/2019 6:00,0.0,0.0
12/9/2019 7:00,0.0,0.0
12/9/2019 8:00,0.0,0.0
12/9/2019 9:00,0.23,0.03
12/9/2019 10:00,1.59,0.23
12/9/2019 11:00,2.26,0.32
12/9/2019 12:00,1.76,0.25
12/9/2019 13:00,3.21,0.46
12/9/2019 14:00,4.08,0.58
12/9/2019 15:00,3.49,0.5
12/9/2019 16:00,2.44,0.35
12/9/2019 17:00,0.86,0.12
12/9/2019 18:00,0.0,0.0
12/9/2019 19:00,0.0,0.0
12/9/2019 20:00,0.0,0.0
12/9/2019 21:00,0.0,0.0
12/9/2019 22:00,0.0,0.0
12/9/2019 23:00,0.0,0.0
12/10/2019 0:00,0.0,0.0
12/10/2019 1:00,0.0,0.0
12/10/2019 2:00,0.0,0.0
12/10/2019 3:00,0.0,0.0
12/10/2019 4:00,0.0,0.0
12/10/2019 5:00,0.0,0.0
12/10/2019 6:00,0.0,0.0
12/10/2019 7:00,0.0,0.0
12/10/2019 8:00,0.0,0.0
12/10/2019 9:00,0.0,0.0
12/10/2019 10:00,0.0,0.0
12/10/2019 11:00,0.0,0.0
12/10/2019 12:00,0.0,0.0
12/10/2019 13:00,0.0,0.0
12/10/2019 14:00,0.0,0.0
12/10/2019 15:00,0.0,0.0
12/10/2019 16:00,0.0,0.0
12/10/2019 17:00,0.0,0.0
12/10/2019 18:00,0.0,0.0
12/10/2019 19:00,0.0,0.0
12/10/2019 20:00,0.0,0.0
12/10/2019 21:00,0.0,0.0
12/10/2019 22:00,0.0,0.0
12/10/2019 23:00,0.0,0.0
12/11/2019 0:00,0.0,0.0
12/11/2019 1:00,0.0,0.0
12/11/2019 2:00,0.0,0.0
12/11/2019 3:00,0.0,0.0
12/11/2019 4:00,0.0,0.0
12/11/2019 5:00,0.0,0.0
12/11/2019 6:00,0.0,0.0
12/11/2019 7:00,0.0,0.0
12/11/2019 8:00,0.0,0.0
12/11/2019 9:00,0.0,0.0
12/11/2019 10:00,0.0,0.0
12/11/2019 11:00,0.0,0.0
12/11/2019 12:00,0.0,0.0
12/11/2019 13:00,0.0,0.0
12/11/2019 14:00,0.0,0.0
12/11/2019 15:00,0.0,0.0
12/11/2019 16:00,0.0,0.0
12/11/2019 17:00,0.0,0.0
12/11/2019 18:00,0.0,0.0
12/11/2019 19:00,0.0,0.0
12/11/2019 20:00,0.0,0.0
12/11/2019 21:00,0.0,0.0
12/11/2019 22:00,0.0,0.0
12/11/2019 23:00,0.0,0.0
12/12/2019 0:00,0.0,0.0
12/12/2019 1:00,0.0,0.0
12/12/2019 2:00,0.0,0.0
12/12/2019 3:00,0.0,0.0
12/12/2019 4:00,0.0,0.0
12/12/2019 5:00,0.0,0.0
12/12/2019 6:00,0.0,0.0
12/12/2019 7:00,0.0,0.0
12/12/2019 8:00,0.0,0.0
12/12/2019 9:00,0.0,0.0
12/12/2019 10:00,0.0,0.0
12/12/2019 11:00,0.0,0.0
12/12/2019 12:00,0.0,0.0
12/12/2019 13:00,0.0,0.0
12/12/2019 14:00,0.0,0.0
12/12/2019 15:00,0.0,0.0
12/12/2019 16:00,0.0,0.0
12/12/2019 17:00,0.0,0.0
12/12/2019 18:00,0.0,0.0
12/12/2019 19:00,0.0,0.0
12/12/2019 20:00,0.0,0.0
12/12/2019 21:00,0.0,0.0
12/12/2019 22:00,0.0,0.0
12/12/2019 23:00,0.0,0.0
12/13/2019 0:00,0.0,0.0
12/13/2019 1:00,0.0,0.0
12/13/2019 2:00,0.0,0.0
12/13/2019 3:00,0.0,0.0
12/13/2019 4:00,0.0,0.0
12/13/2019 5:00,0.0,0.0
12/13/2019 6:00,0.0,0.0
12/13/2019 7:00,0.0,0.0
12/13/2019 8:00,0.0,0.0
12/13/2019 9:00,0.0,0.0
12/13/2019 10:00,0.0,0.0
12/13/2019 11:00,0.0,0.0
12/13/2019 12:00,0.0,0.0
12/13/2019 13:00,0.0,0.0
12/13/2019 14:00,0.0,0.0
12/13/2019 15:00,0.0,0.0
12/13/2019 16:00,0.0,0.0
12/13/2019 17:00,0.0,0.0
12/13/2019 18:00,0.0,0.0
12/13/2019 19:00,0.0,0.0
12/13/2019 20:00,0.0,0.0
12/13/2019 21:00,0.0,0.0
12/13/2019 22:00,0.0,0.0
12/13/2019 23:00,0.0,0.0
12/14/2019 0:00,0.0,0.0
12/14/2019 1:00,0.0,0.0
12/14/2019 2:00,0.0,0.0
12/14/2019 3:00,0.0,0.0
12/14/2019 4:00,0.0,0.0
12/14/2019 5:00,0.0,0.0
12/14/2019 6:00,0.0,0.0
12/14/2019 7:00,0.0,0.0
12/14/2019 8:00,0.0,0.0
12/14/2019 9:00,0.0,0.0
12/14/2019 10:00,0.0,0.0
12/14/2019 11:00,0.0,0.0
12/14/2019 12:00,0.0,0.0
12/14/2019 13:00,0.0,0.0
12/14/2019 14:00,0.0,0.0
12/14/2019 15:00,0.0,0.0
12/14/2019 16:00,0.0,0.0
12/14/2019 17:00,0.0,0.0
12/14/2019 18:00,0.0,0.0
12/14/2019 19:00,0.0,0.0
12/14/2019 20:00,0.0,0.0
12/14/2019 21:00,0.0,0.0
12/14/2019 22:00,0.0,0.0
12/14/2019 23:00,0.0,0.0
12/15/2019 0:00,0.0,0.0
12/15/2019 1:00,0.0,0.0
12/15/2019 2:00,0.0,0.0
12/15/2019 3:00,0.0,0.0
12/15/2019 4:00,0.0,0.0
12/15/2019 5:00,0.0,0.0
12/15/2019 6:00,0.0,0.0
12/15/2019 7:00,0.0,0.0
12/15/2019 8:00,0.0,0.0
12/15/2019 9:00,0.0,0.0
12/15/2019 10:00,0.0,0.0
12/15/2019 11:00,0.0,0.0
12/15/2019 12:00,0.0,0.0
12/15/2019 13:00,0.0,0.0
12/15/2019 14:00,0.0,0.0
12/15/2019 15:00,0.0,0.0
12/15/2019 16:00,0.0,0.0
12/15/2019 17:00,0.0,0.0
12/15/2019 18:00,0.0,0.0
12/15/2019 19:00,0.0,0.0
12/15/2019 20:00,0.0,0.0
12/15/2019 21:00,0.0,0.0
12/15/2019 22:00,0.0,0.0
12/15/2019 23:00,0.0,0.0
12/16/2019 0:00,0.0,0.0
12/16/2019 1:00,0.0,0.0
12/16/2019 2:00,0.0,0.0
12/16/2019 3:00,0.0,0.0
12/16/2019 4:00,0.0,0.0
12/16/2019 5:00,0.0,0.0
12/16/2019 6:00,0.0,0.0
12/16/2019 7:00,0.0,0.0
12/16/2019 8:00,0.0,0.0
12/16/2019 9:00,0.0,0.0
12/16/2019 10:00,0.2,0.03
12/16/2019 11:00,0.34,0.05
12/16/2019 12:00,0.7,0.1
12/16/2019 13:00,0.62,0.09
12/16/2019 14:00,0.68,0.1
12/16/2019 15:00,0.37,0.05
12/16/2019 16:00,0.12,0.02
12/16/2019 17:00,0.01,0.0
12/16/2019 18:00,0.0,0.0
12/16/2019 19:00,0.0,0.0
12/16/2019 20:00,0.0,0.0
12/16/2019 21:00,0.0,0.0
12/16/2019 22:00,0.0,0.0
12/16/2019 23:00,0.0,0.0
12/17/2019 0:00,0.0,0.0
12/17/2019 1:00,0.0,0.0
12/17/2019 2:00,0.0,0.0
12/17/2019 3:00,0.0,0.0
12/17/2019 4:00,0.0,0.0
12/17/2019 5:00,0.0,0.0
12/17/2019 6:00,0.0,0.0
12/17/2019 7:00,0.0,0.0
12/17/2019 8:00,0.0,0.0
12/17/2019 9:00,0.21,0.03
12/17/2019 10:00,1.21,0.17
12/17/2019 11:00,3.58,0.51
12/17/2019 12:00,3.93,0.56
12/17/2019 13:00,3.88,0.55
12/17/2019 14:00,4.03,0.58
12/17/2019 15:00,3.37,0.48
12/17/2019 16:00,1.73,0.25
12/17/2019 17:00,0.18,0.03
12/17/2019 18:00,0.0,0.0
12/17/2019 19:00,0.0,0.0
12/17/2019 20:00,0.0,0.0
12/17/2019 21:00,0.0,0.0
12/17/2019 22:00,0.0,0.0
12/17/2019 23:00,0.0,0.0
12/18/2019 0:00,0.0,0.0
12/18/2019 1:00,0.0,0.0
12/18/2019 2:00,0.0,0.0
12/18/2019 3:00,0.0,0.0
12/18/2019 4:00,0.0,0.0
12/18/2019 5:00,0.0,0.0
12/18/2019 6:00,0.0,0.0
12/18/2019 7:00,0.0,0.0
12/18/2019 8:00,0.0,0.0
12/18/2019 9:00,0.0,0.0
12/18/2019 10:00,0.03,0.0
12/18/2019 11:00,0.33,0.05
12/18/2019 12:00,0.25,0.04
12/18/2019 13:00,0.37,0.05
12/18/2019 14:00,0.4,0.06
12/18/2019 15:00,0.2,0.03
12/18/2019 16:00,0.08,0.01
12/18/2019 17:00,0.01,0.0
12/18/2019 18:00,0.0,0.0
12/18/2019 19:00,0.0,0.0
12/18/2019 20:00,0.0,0.0
12/18/2019 21:00,0.0,0.0
12/18/2019 22:00,0.0,0.0
12/18/2019 23:00,0.0,0.0
12/19/2019 0:00,0.0,0.0
12/19/2019 1:00,0.0,0.0
12/19/2019 2:00,0.0,0.0
12/19/2019 3:00,0.0,0.0
12/19/2019 4:00,0.0,0.0
12/19/2019 5:00,0.0,0.0
12/19/2019 6:00,0.0,0.0
12/19/2019 7:00,0.0,0.0
12/19/2019 8:00,0.0,0.0
12/19/2019 9:00,0.01,0.0
12/19/2019 10:00,0.14,0.02
12/19/2019 11:00,0.14,0.02
12/19/2019 12:00,0.07,0.01
12/19/2019 13:00,0.06,0.01
12/19/2019 14:00,0.05,0.01
12/19/2019 15:00,0.12,0.02
12/19/2019 16:00,0.02,0.0
12/19/2019 17:00,0.0,0.0
12/19/2019 18:00,0.0,0.0
12/19/2019 19:00,0.0,0.0
12/19/2019 20:00,0.0,0.0
12/19/2019 21:00,0.0,0.0
12/19/2019 22:00,0.0,0.0
12/19/2019 23:00,0.0,0.0
12/20/2019 0:00,0.0,0.0
12/20/2019 1:00,0.0,0.0
12/20/2019 2:00,0.0,0.0
12/20/2019 3:00,0.0,0.0
12/20/2019 4:00,0.0,0.0
12/20/2019 5:00,0.0,0.0
12/20/2019 6:00,0.0,0.0
12/20/2019 7:00,0.0,0.0
12/20/2019 8:00,0.0,0.0
12/20/2019 9:00,0.0,0.0
12/20/2019 10:00,0.14,0.02
12/20/2019 11:00,0.31,0.04
12/20/2019 12:00,0.49,0.07
12/20/2019 13:00,0.82,0.12
12/20/2019 14:00,0.67,0.1
12/20/2019 15:00,0.4,0.06
12/20/2019 16:00,0.2,0.03
12/20/2019 17:00,0.03,0.0
12/20/2019 18:00,0.0,0.0
12/20/2019 19:00,0.0,0.0
12/20/2019 20:00,0.0,0.0
12/20/2019 21:00,0.0,0.0
12/20/2019 22:00,0.0,0.0
12/20/2019 23:00,0.0,0.0
12/21/2019 0:00,0.0,0.0
12/21/2019 1:00,0.0,0.0
12/21/2019 2:00,0.0,0.0
12/21/2019 3:00,0.0,0.0
12/21/2019 4:00,0.0,0.0
12/21/2019 5:00,0.0,0.0
12/21/2019 6:00,0.0,0.0
12/21/2019 7:00,0.0,0.0
12/21/2019 8:00,0.0,0.0
12/21/2019 9:00,0.0,0.0
12/21/2019 10:00,0.11,0.02
12/21/2019 11:00,0.58,0.08
12/21/2019 12:00,0.7,0.1
12/21/2019 13:00,1.3,0.19
12/21/2019 14:00,0.85,0.12
12/21/2019 15:00,0.65,0.09
12/21/2019 16:00,1.13,0.16
12/21/2019 17:00,0.27,0.04
12/21/2019 18:00,0.01,0.0
12/21/2019 19:00,0.0,0.0
12/21/2019 20:00,0.0,0.0
12/21/2019 21:00,0.0,0.0
12/21/2019 22:00,0.0,0.0
12/21/2019 23:00,0.0,0.0
12/22/2019 0:00,0.0,0.0
12/22/2019 1:00,0.0,0.0
12/22/2019 2:00,0.0,0.0
12/22/2019 3:00,0.0,0.0
12/22/2019 4:00,0.0,0.0
12/22/2019 5:00,0.0,0.0
12/22/2019 6:00,0.0,0.0
12/22/2019 7:00,0.0,0.0
12/22/2019 8:00,0.0,0.0
12/22/2019 9:00,0.12,0.02
12/22/2019 10:00,0.44,0.06
12/22/2019 11:00,1.14,0.16
12/22/2019 12:00,1.48,0.21
12/22/2019 13:00,2.4,0.34
12/22/2019 14:00,1.18,0.17
12/22/2019 15:00,0.41,0.06
12/22/2019 16:00,0.15,0.02
12/22/2019 17:00,0.1,0.01
12/22/2019 18:00,0.0,0.0
12/22/2019 19:00,0.0,0.0
12/22/2019 20:00,0.0,0.0
12/22/2019 21:00,0.0,0.0
12/22/2019 22:00,0.0,0.0
12/22/2019 23:00,0.0,0.0
12/23/2019 0:00,0.0,0.0
12/23/2019 1:00,0.0,0.0
12/23/2019 2:00,0.0,0.0
12/23/2019 3:00,0.0,0.0
12/23/2019 4:00,0.0,0.0
12/23/2019 5:00,0.0,0.0
12/23/2019 6:00,0.0,0.0
12/23/2019 7:00,0.0,0.0
12/23/2019 8:00,0.0,0.0
12/23/2019 9:00,0.18,0.03
12/23/2019 10:00,0.76,0.11
12/23/2019 11:00,0.94,0.13
12/23/2019 12:00,1.26,0.18
12/23/2019 13:00,1.7,0.24
12/23/2019 14:00,3.75,0.54
12/23/2019 15:00,3.37,0.48
12/23/2019 16:00,1.2,0.17
12/23/2019 17:00,0.54,0.08
12/23/2019 18:00,0.01,0.0
12/23/2019 19:00,0.0,0.0
12/23/2019 20:00,0.0,0.0
12/23/2019 21:00,0.0,0.0
12/23/2019 22:00,0.0,0.0
12/23/2019 23:00,0.0,0.0
12/24/2019 0:00,0.0,0.0
12/24/2019 1:00,0.0,0.0
12/24/2019 2:00,0.0,0.0
12/24/2019 3:00,0.0,0.0
12/24/2019 4:00,0.0,0.0
12/24/2019 5:00,0.0,0.0
12/24/2019 6:00,0.0,0.0
12/24/2019 7:00,0.0,0.0
12/24/2019 8:00,0.0,0.0
12/24/2019 9:00,0.1,0.01
12/24/2019 10:00,1.21,0.17
12/24/2019 11:00,3.82,0.55
12/24/2019 12:00,4.07,0.58
12/24/2019 13:00,4.22,0.6
12/24/2019 14:00,3.76,0.54
12/24/2019 15:00,3.2,0.46
12/24/2019 16:00,2.03,0.29
12/24/2019 17:00,0.75,0.11
12/24/2019 18:00,0.01,0.0
12/24/2019 19:00,0.0,0.0
12/24/2019 20:00,0.0,0.0
12/24/2019 21:00,0.0,0.0
12/24/2019 22:00,0.0,0.0
12/24/2019 23:00,0.0,0.0
12/25/2019 0:00,0.0,0.0
12/25/2019 1:00,0.0,0.0
12/25/2019 2:00,0.0,0.0
12/25/2019 3:00,0.0,0.0
12/25/2019 4:00,0.0,0.0
12/25/2019 5:00,0.0,0.0
12/25/2019 6:00,0.0,0.0
12/25/2019 7:00,0.0,0.0
12/25/2019 8:00,0.0,0.0
12/25/2019 9:00,0.14,0.02
12/25/2019 10:00,1.11,0.16
12/25/2019 11:00,3.29,0.47
12/25/2019 12:00,3.75,0.54
12/25/2019 13:00,3.06,0.44
12/25/2019 14:00,2.11,0.3
12/25/2019 15:00,1.98,0.28
12/25/2019 16:00,1.12,0.16
12/25/2019 17:00,0.47,0.07
12/25/2019 18:00,0.01,0.0
12/25/2019 19:00,0.0,0.0
12/25/2019 20:00,0.0,0.0
12/25/2019 21:00,0.0,0.0
12/25/2019 22:00,0.0,0.0
12/25/2019 23:00,0.0,0.0
12/26/2019 0:00,0.0,0.0
12/26/2019 1:00,0.0,0.0
12/26/2019 2:00,0.0,0.0
12/26/2019 3:00,0.0,0.0
12/26/2019 4:00,0.0,0.0
12/26/2019 5:00,0.0,0.0
12/26/2019 6:00,0.0,0.0
12/26/2019 7:00,0.0,0.0
12/26/2019 8:00,0.0,0.0
12/26/2019 9:00,0.1,0.01
12/26/2019 10:00,1.06,0.15
12/26/2019 11:00,1.09,0.16
12/26/2019 12:00,1.15,0.16
12/26/2019 13:00,1.07,0.15
12/26/2019 14:00,1.25,0.18
12/26/2019 15:00,1.76,0.25
12/26/2019 16:00,1.77,0.25
12/26/2019 17:00,0.37,0.05
12/26/2019 18:00,0.01,0.0
12/26/2019 19:00,0.0,0.0
12/26/2019 20:00,0.0,0.0
12/26/2019 21:00,0.0,0.0
12/26/2019 22:00,0.0,0.0
12/26/2019 23:00,0.0,0.0
12/27/2019 0:00,0.0,0.0
12/27/2019 1:00,0.0,0.0
12/27/2019 2:00,0.0,0.0
12/27/2019 3:00,0.0,0.0
12/27/2019 4:00,0.0,0.0
12/27/2019 5:00,0.0,0.0
12/27/2019 6:00,0.0,0.0
12/27/2019 7:00,0.0,0.0
12/27/2019 8:00,0.0,0.0
12/27/2019 9:00,0.16,0.02
12/27/2019 10:00,1.36,0.19
12/27/2019 11:00,1.55,0.22
12/27/2019 12:00,2.19,0.31
12/27/2019 13:00,4.39,0.63
12/27/2019 14:00,4.16,0.59
12/27/2019 15:00,3.52,0.5
12/27/2019 16:00,2.5,0.36
12/27/2019 17:00,1.07,0.15
12/27/2019 18:00,0.01,0.0
12/27/2019 19:00,0.0,0.0
12/27/2019 20:00,0.0,0.0
12/27/2019 21:00,0.0,0.0
12/27/2019 22:00,0.0,0.0
12/27/2019 23:00,0.0,0.0
12/28/2019 0:00,0.0,0.0
12/28/2019 1:00,0.0,0.0
12/28/2019 2:00,0.0,0.0
12/28/2019 3:00,0.0,0.0
12/28/2019 4:00,0.0,0.0
12/28/2019 5:00,0.0,0.0
12/28/2019 6:00,0.0,0.0
12/28/2019 7:00,0.0,0.0
12/28/2019 8:00,0.0,0.0
12/28/2019 9:00,0.07,0.01
12/28/2019 10:00,0.98,0.14
12/28/2019 11:00,3.67,0.52
12/28/2019 12:00,4.35,0.62
12/28/2019 13:00,4.52,0.65
12/28/2019 14:00,4.28,0.61
12/28/2019 15:00,3.63,0.52
12/28/2019 16:00,2.59,0.37
12/28/2019 17:00,1.14,0.16
12/28/2019 18:00,0.0,0.0
12/28/2019 19:00,0.0,0.0
12/28/2019 20:00,0.0,0.0
12/28/2019 21:00,0.0,0.0
12/28/2019 22:00,0.0,0.0
12/28/2019 23:00,0.0,0.0
12/29/2019 0:00,0.0,0.0
12/29/2019 1:00,0.0,0.0
12/29/2019 2:00,0.0,0.0
12/29/2019 3:00,0.0,0.0
12/29/2019 4:00,0.0,0.0
12/29/2019 5:00,0.0,0.0
12/29/2019 6:00,0.0,0.0
12/29/2019 7:00,0.0,0.0
12/29/2019 8:00,0.0,0.0
12/29/2019 9:00,0.07,0.01
12/29/2019 10:00,0.99,0.14
12/29/2019 11:00,3.69,0.53
12/29/2019 12:00,4.4,0.63
12/29/2019 13:00,4.65,0.66
12/29/2019 14:00,4.38,0.63
12/29/2019 15:00,3.69,0.53
12/29/2019 16:00,2.65,0.38
12/29/2019 17:00,1.18,0.17
12/29/2019 18:00,0.01,0.0
12/29/2019 19:00,0.0,0.0
12/29/2019 20:00,0.0,0.0
12/29/2019 21:00,0.0,0.0
12/29/2019 22:00,0.0,0.0
12/29/2019 23:00,0.0,0.0
12/30/2019 0:00,0.0,0.0
12/30/2019 1:00,0.0,0.0
12/30/2019 2:00,0.0,0.0
12/30/2019 3:00,0.0,0.0
12/30/2019 4:00,0.0,0.0
12/30/2019 5:00,0.0,0.0
12/30/2019 6:00,0.0,0.0
12/30/2019 7:00,0.0,0.0
12/30/2019 8:00,0.0,0.0
12/30/2019 9:00,0.07,0.01
12/30/2019 10:00,1.01,0.14
12/30/2019 11:00,3.69,0.53
12/30/2019 12:00,4.27,0.61
12/30/2019 13:00,4.43,0.63
12/30/2019 14:00,4.21,0.6
12/30/2019 15:00,3.61,0.52
12/30/2019 16:00,2.63,0.38
12/30/2019 17:00,1.21,0.17
12/30/2019 18:00,0.01,0.0
12/30/2019 19:00,0.0,0.0
12/30/2019 20:00,0.0,0.0
12/30/2019 21:00,0.0,0.0
12/30/2019 22:00,0.0,0.0
12/30/2019 23:00,0.0,0.0
12/31/2019 0:00,0.0,0.0
12/31/2019 1:00,0.0,0.0
12/31/2019 2:00,0.0,0.0
12/31/2019 3:00,0.0,0.0
12/31/2019 4:00,0.0,0.0
12/31/2019 5:00,0.0,0.0
12/31/2019 6:00,0.0,0.0
12/31/2019 7:00,0.0,0.0
12/31/2019 8:00,0.0,0.0
12/31/2019 9:00,0.05,0.01
12/31/2019 10:00,0.64,0.09
12/31/2019 11:00,0.86,0.12
12/31/2019 12:00,1.13,0.16
12/31/2019 13:00,1.33,0.19
12/31/2019 14:00,1.3,0.19
12/31/2019 15:00,1.87,0.27
12/31/2019 16:00,2.57,0.37
12/31/2019 17:00,1.24,0.18
12/31/2019 18:00,0.01,0.0
12/31/2019 19:00,0.0,0.0
12/31/2019 20:00,0.0,0.0
12/31/2019 21:00,0.0,0.0
12/31/2019 22:00,0.0,0.0
12/31/2019 23:00,0.0,0.0
1/1/2020 0:00,0.0,0.0
1/1/2020 1:00,0.0,0.0
1/1/2020 2:00,0.0,0.0
1/1/2020 3:00,0.0,0.0
1/1/2020 4:00,0.0,0.0
1/1/2020 5:00,0.0,0.0
1/1/2020 6:00,0.0,0.0
1/1/2020 7:00,0.0,0.0
1/1/2020 8:00,0.0,0.0
1/1/2020 9:00,0.24,0.03
1/1/2020 10:00,0.98,0.14
1/1/2020 11:00,3.04,0.43
1/1/2020 12:00,4.16,0.59
1/1/2020 13:00,4.46,0.64
1/1/2020 14:00,4.18,0.6
1/1/2020 15:00,3.42,0.49
1/1/2020 16:00,2.12,0.3
1/1/2020 17:00,0.75,0.11
1/1/2020 18:00,0.02,0.0
1/1/2020 19:00,0.0,0.0
1/1/2020 20:00,0.0,0.0
1/1/2020 21:00,0.0,0.0
1/1/2020 22:00,0.0,0.0
1/1/2020 23:00,0.0,0.0
1/2/2020 0:00,0.0,0.0
1/2/2020 1:00,0.0,0.0
1/2/2020 2:00,0.0,0.0
1/2/2020 3:00,0.0,0.0
1/2/2020 4:00,0.0,0.0
1/2/2020 5:00,0.0,0.0
1/2/2020 6:00,0.0,0.0
1/2/2020 7:00,0.0,0.0
1/2/2020 8:00,0.0,0.0
1/2/2020 9:00,0.06,0.01
1/2/2020 10:00,0.42,0.06
1/2/2020 11:00,0.78,0.11
1/2/2020 12:00,0.99,0.14
1/2/2020 13:00,1.21,0.17
1/2/2020 14:00,2.6,0.37
1/2/2020 15:00,1.71,0.24
1/2/2020 16:00,0.66,0.09
1/2/2020 17:00,0.22,0.03
1/2/2020 18:00,0.01,0.0
1/2/2020 19:00,0.0,0.0
1/2/2020 20:00,0.0,0.0
1/2/2020 21:00,0.0,0.0
1/2/2020 22:00,0.0,0.0
1/2/2020 23:00,0.0,0.0
1/3/2020 0:00,0.0,0.0
1/3/2020 1:00,0.0,0.0
1/3/2020 2:00,0.0,0.0
1/3/2020 3:00,0.0,0.0
1/3/2020 4:00,0.0,0.0
1/3/2020 5:00,0.0,0.0
1/3/2020 6:00,0.0,0.0
1/3/2020 7:00,0.0,0.0
1/3/2020 8:00,0.0,0.0
1/3/2020 9:00,0.15,0.02
1/3/2020 10:00,1.09,0.16
1/3/2020 11:00,3.14,0.45
1/3/2020 12:00,3.61,0.52
1/3/2020 13:00,2.64,0.38
1/3/2020 14:00,2.32,0.33
1/3/2020 15:00,3.14,0.45
1/3/2020 16:00,1.86,0.27
1/3/2020 17:00,0.31,0.04
1/3/2020 18:00,0.01,0.0
1/3/2020 19:00,0.0,0.0
1/3/2020 20:00,0.0,0.0
1/3/2020 21:00,0.0,0.0
1/3/2020 22:00,0.0,0.0
1/3/2020 23:00,0.0,0.0
1/4/2020 0:00,0.0,0.0
1/4/2020 1:00,0.0,0.0
1/4/2020 2:00,0.0,0.0
1/4/2020 3:00,0.0,0.0
1/4/2020 4:00,0.0,0.0
1/4/2020 5:00,0.0,0.0
1/4/2020 6:00,0.0,0.0
1/4/2020 7:00,0.0,0.0
1/4/2020 8:00,0.0,0.0
1/4/2020 9:00,0.11,0.02
1/4/2020 10:00,1.23,0.18
1/4/2020 11:00,3.58,0.51
1/4/2020 12:00,4.22,0.6
1/4/2020 13:00,4.47,0.64
1/4/2020 14:00,4.28,0.61
1/4/2020 15:00,3.71,0.53
1/4/2020 16:00,2.71,0.39
1/4/2020 17:00,1.25,0.18
1/4/2020 18:00,0.04,0.01
1/4/2020 19:00,0.0,0.0
1/4/2020 20:00,0.0,0.0
1/4/2020 21:00,0.0,0.0
1/4/2020 22:00,0.0,0.0
1/4/2020 23:00,0.0,0.0
1/5/2020 0:00,0.0,0.0
1/5/2020 1:00,0.0,0.0
1/5/2020 2:00,0.0,0.0
1/5/2020 3:00,0.0,0.0
1/5/2020 4:00,0.0,0.0
1/5/2020 5:00,0.0,0.0
1/5/2020 6:00,0.0,0.0
1/5/2020 7:00,0.0,0.0
1/5/2020 8:00,0.0,0.0
1/5/2020 9:00,0.0,0.0
1/5/2020 10:00,0.0,0.0
1/5/2020 11:00,0.0,0.0
1/5/2020 12:00,0.0,0.0
1/5/2020 13:00,0.0,0.0
1/5/2020 14:00,0.0,0.0
1/5/2020 15:00,0.0,0.0
1/5/2020 16:00,0.0,0.0
1/5/2020 17:00,0.0,0.0
1/5/2020 18:00,0.0,0.0
1/5/2020 19:00,0.0,0.0
1/5/2020 20:00,0.0,0.0
1/5/2020 21:00,0.0,0.0
1/5/2020 22:00,0.0,0.0
1/5/2020 23:00,0.0,0.0
1/6/2020 0:00,0.0,0.0
1/6/2020 1:00,0.0,0.0
1/6/2020 2:00,0.0,0.0
1/6/2020 3:00,0.0,0.0
1/6/2020 4:00,0.0,0.0
1/6/2020 5:00,0.0,0.0
1/6/2020 6:00,0.0,0.0
1/6/2020 7:00,0.0,0.0
1/6/2020 8:00,0.0,0.0
1/6/2020 9:00,0.08,0.01
1/6/2020 10:00,1.09,0.16
1/6/2020 11:00,3.66,0.52
1/6/2020 12:00,4.21,0.6
1/6/2020 13:00,4.38,0.63
1/6/2020 14:00,3.77,0.54
1/6/2020 15:00,3.54,0.51
1/6/2020 16:00,2.59,0.37
1/6/2020 17:00,1.21,0.17
1/6/2020 18:00,0.04,0.01
1/6/2020 19:00,0.0,0.0
1/6/2020 20:00,0.0,0.0
1/6/2020 21:00,0.0,0.0
1/6/2020 22:00,0.0,0.0
1/6/2020 23:00,0.0,0.0
1/7/2020 0:00,0.0,0.0
1/7/2020 1:00,0.0,0.0
1/7/2020 2:00,0.0,0.0
1/7/2020 3:00,0.0,0.0
1/7/2020 4:00,0.0,0.0
1/7/2020 5:00,0.0,0.0
1/7/2020 6:00,0.0,0.0
1/7/2020 7:00,0.0,0.0
1/7/2020 8:00,0.0,0.0
1/7/2020 9:00,0.26,0.04
1/7/2020 10:00,1.44,0.21
1/7/2020 11:00,3.41,0.49
1/7/2020 12:00,3.98,0.57
1/7/2020 13:00,4.4,0.63
1/7/2020 14:00,4.38,0.63
1/7/2020 15:00,3.76,0.54
1/7/2020 16:00,2.75,0.39
1/7/2020 17:00,1.39,0.2
1/7/2020 18:00,0.07,0.01
1/7/2020 19:00,0.0,0.0
1/7/2020 20:00,0.0,0.0
1/7/2020 21:00,0.0,0.0
1/7/2020 22:00,0.0,0.0
1/7/2020 23:00,0.0,0.0
1/8/2020 0:00,0.0,0.0
1/8/2020 1:00,0.0,0.0
1/8/2020 2:00,0.0,0.0
1/8/2020 3:00,0.0,0.0
1/8/2020 4:00,0.0,0.0
1/8/2020 5:00,0.0,0.0
1/8/2020 6:00,0.0,0.0
1/8/2020 7:00,0.0,0.0
1/8/2020 8:00,0.0,0.0
1/8/2020 9:00,0.07,0.01
1/8/2020 10:00,1.18,0.17
1/8/2020 11:00,3.75,0.54
1/8/2020 12:00,4.26,0.61
1/8/2020 13:00,4.47,0.64
1/8/2020 14:00,4.33,0.62
1/8/2020 15:00,3.75,0.54
1/8/2020 16:00,2.77,0.4
1/8/2020 17:00,1.3,0.19
1/8/2020 18:00,0.05,0.01
1/8/2020 19:00,0.0,0.0
1/8/2020 20:00,0.0,0.0
1/8/2020 21:00,0.0,0.0
1/8/2020 22:00,0.0,0.0
1/8/2020 23:00,0.0,0.0
1/9/2020 0:00,0.0,0.0
1/9/2020 1:00,0.0,0.0
1/9/2020 2:00,0.0,0.0
1/9/2020 3:00,0.0,0.0
1/9/2020 4:00,0.0,0.0
1/9/2020 5:00,0.0,0.0
1/9/2020 6:00,0.0,0.0
1/9/2020 7:00,0.0,0.0
1/9/2020 8:00,0.0,0.0
1/9/2020 9:00,0.03,0.0
1/9/2020 10:00,0.23,0.03
1/9/2020 11:00,0.39,0.06
1/9/2020 12:00,0.64,0.09
1/9/2020 13:00,0.65,0.09
1/9/2020 14:00,0.79,0.11
1/9/2020 15:00,1.62,0.23
1/9/2020 16:00,0.52,0.07
1/9/2020 17:00,0.1,0.01
1/9/2020 18:00,0.0,0.0
1/9/2020 19:00,0.0,0.0
1/9/2020 20:00,0.0,0.0
1/9/2020 21:00,0.0,0.0
1/9/2020 22:00,0.0,0.0
1/9/2020 23:00,0.0,0.0
1/10/2020 0:00,0.0,0.0
1/10/2020 1:00,0.0,0.0
1/10/2020 2:00,0.0,0.0
1/10/2020 3:00,0.0,0.0
1/10/2020 4:00,0.0,0.0
1/10/2020 5:00,0.0,0.0
1/10/2020 6:00,0.0,0.0
1/10/2020 7:00,0.0,0.0
1/10/2020 8:00,0.0,0.0
1/10/2020 9:00,0.19,0.03
1/10/2020 10:00,1.2,0.17
1/10/2020 11:00,3.68,0.53
1/10/2020 12:00,4.48,0.64
1/10/2020 13:00,4.7,0.67
1/10/2020 14:00,4.52,0.65
1/10/2020 15:00,3.91,0.56
1/10/2020 16:00,2.86,0.41
1/10/2020 17:00,1.38,0.2
1/10/2020 18:00,0.09,0.01
1/10/2020 19:00,0.0,0.0
1/10/2020 20:00,0.0,0.0
1/10/2020 21:00,0.0,0.0
1/10/2020 22:00,0.0,0.0
1/10/2020 23:00,0.0,0.0
1/11/2020 0:00,0.0,0.0
1/11/2020 1:00,0.0,0.0
1/11/2020 2:00,0.0,0.0
1/11/2020 3:00,0.0,0.0
1/11/2020 4:00,0.0,0.0
1/11/2020 5:00,0.0,0.0
1/11/2020 6:00,0.0,0.0
1/11/2020 7:00,0.0,0.0
1/11/2020 8:00,0.0,0.0
1/11/2020 9:00,0.06,0.01
1/11/2020 10:00,1.26,0.18
1/11/2020 11:00,3.87,0.55
1/11/2020 12:00,4.55,0.65
1/11/2020 13:00,4.77,0.68
1/11/2020 14:00,4.55,0.65
1/11/2020 15:00,3.85,0.55
1/11/2020 16:00,2.88,0.41
1/11/2020 17:00,1.47,0.21
1/11/2020 18:00,0.12,0.02
1/11/2020 19:00,0.0,0.0
1/11/2020 20:00,0.0,0.0
1/11/2020 21:00,0.0,0.0
1/11/2020 22:00,0.0,0.0
1/11/2020 23:00,0.0,0.0
1/12/2020 0:00,0.0,0.0
1/12/2020 1:00,0.0,0.0
1/12/2020 2:00,0.0,0.0
1/12/2020 3:00,0.0,0.0
1/12/2020 4:00,0.0,0.0
1/12/2020 5:00,0.0,0.0
1/12/2020 6:00,0.0,0.0
1/12/2020 7:00,0.0,0.0
1/12/2020 8:00,0.0,0.0
1/12/2020 9:00,0.06,0.01
1/12/2020 10:00,1.34,0.19
1/12/2020 11:00,3.85,0.55
1/12/2020 12:00,4.48,0.64
1/12/2020 13:00,4.6,0.66
1/12/2020 14:00,4.47,0.64
1/12/2020 15:00,3.94,0.56
1/12/2020 16:00,2.95,0.42
1/12/2020 17:00,1.52,0.22
1/12/2020 18:00,0.13,0.02
1/12/2020 19:00,0.0,0.0
1/12/2020 20:00,0.0,0.0
1/12/2020 21:00,0.0,0.0
1/12/2020 22:00,0.0,0.0
1/12/2020 23:00,0.0,0.0
1/13/2020 0:00,0.0,0.0
1/13/2020 1:00,0.0,0.0
1/13/2020 2:00,0.0,0.0
1/13/2020 3:00,0.0,0.0
1/13/2020 4:00,0.0,0.0
1/13/2020 5:00,0.0,0.0
1/13/2020 6:00,0.0,0.0
1/13/2020 7:00,0.0,0.0
1/13/2020 8:00,0.0,0.0
1/13/2020 9:00,0.26,0.04
1/13/2020 10:00,0.98,0.14
1/13/2020 11:00,2.38,0.34
1/13/2020 12:00,3.12,0.45
1/13/2020 13:00,1.42,0.2
1/13/2020 14:00,1.92,0.27
1/13/2020 15:00,3.42,0.49
1/13/2020 16:00,2.99,0.43
1/13/2020 17:00,1.16,0.17
1/13/2020 18:00,0.11,0.02
1/13/2020 19:00,0.0,0.0
1/13/2020 20:00,0.0,0.0
1/13/2020 21:00,0.0,0.0
1/13/2020 22:00,0.0,0.0
1/13/2020 23:00,0.0,0.0
1/14/2020 0:00,0.0,0.0
1/14/2020 1:00,0.0,0.0
1/14/2020 2:00,0.0,0.0
1/14/2020 3:00,0.0,0.0
1/14/2020 4:00,0.0,0.0
1/14/2020 5:00,0.0,0.0
1/14/2020 6:00,0.0,0.0
1/14/2020 7:00,0.0,0.0
1/14/2020 8:00,0.0,0.0
1/14/2020 9:00,0.05,0.01
1/14/2020 10:00,0.2,0.03
1/14/2020 11:00,0.07,0.01
1/14/2020 12:00,0.17,0.02
1/14/2020 13:00,0.19,0.03
1/14/2020 14:00,0.76,0.11
1/14/2020 15:00,0.31,0.04
1/14/2020 16:00,0.1,0.01
1/14/2020 17:00,0.09,0.01
1/14/2020 18:00,0.0,0.0
1/14/2020 19:00,0.0,0.0
1/14/2020 20:00,0.0,0.0
1/14/2020 21:00,0.0,0.0
1/14/2020 22:00,0.0,0.0
1/14/2020 23:00,0.0,0.0
1/15/2020 0:00,0.0,0.0
1/15/2020 1:00,0.0,0.0
1/15/2020 2:00,0.0,0.0
1/15/2020 3:00,0.0,0.0
1/15/2020 4:00,0.0,0.0
1/15/2020 5:00,0.0,0.0
1/15/2020 6:00,0.0,0.0
1/15/2020 7:00,0.0,0.0
1/15/2020 8:00,0.0,0.0
1/15/2020 9:00,0.03,0.0
1/15/2020 10:00,0.56,0.08
1/15/2020 11:00,0.82,0.12
1/15/2020 12:00,0.91,0.13
1/15/2020 13:00,0.64,0.09
1/15/2020 14:00,0.35,0.05
1/15/2020 15:00,0.73,0.1
1/15/2020 16:00,0.43,0.06
1/15/2020 17:00,0.13,0.02
1/15/2020 18:00,0.01,0.0
1/15/2020 19:00,0.0,0.0
1/15/2020 20:00,0.0,0.0
1/15/2020 21:00,0.0,0.0
1/15/2020 22:00,0.0,0.0
1/15/2020 23:00,0.0,0.0
1/16/2020 0:00,0.0,0.0
1/16/2020 1:00,0.0,0.0
1/16/2020 2:00,0.0,0.0
1/16/2020 3:00,0.0,0.0
1/16/2020 4:00,0.0,0.0
1/16/2020 5:00,0.0,0.0
1/16/2020 6:00,0.0,0.0
1/16/2020 7:00,0.0,0.0
1/16/2020 8:00,0.0,0.0
1/16/2020 9:00,0.07,0.01
1/16/2020 10:00,0.43,0.06
1/16/2020 11:00,2.05,0.29
1/16/2020 12:00,1.66,0.24
1/16/2020 13:00,2.18,0.31
1/16/2020 14:00,1.77,0.25
1/16/2020 15:00,0.44,0.06
1/16/2020 16:00,0.14,0.02
1/16/2020 17:00,0.05,0.01
1/16/2020 18:00,0.0,0.0
1/16/2020 19:00,0.0,0.0
1/16/2020 20:00,0.0,0.0
1/16/2020 21:00,0.0,0.0
1/16/2020 22:00,0.0,0.0
1/16/2020 23:00,0.0,0.0
1/17/2020 0:00,0.0,0.0
1/17/2020 1:00,0.0,0.0
1/17/2020 2:00,0.0,0.0
1/17/2020 3:00,0.0,0.0
1/17/2020 4:00,0.0,0.0
1/17/2020 5:00,0.0,0.0
1/17/2020 6:00,0.0,0.0
1/17/2020 7:00,0.0,0.0
1/17/2020 8:00,0.0,0.0
1/17/2020 9:00,0.27,0.04
1/17/2020 10:00,0.51,0.07
1/17/2020 11:00,1.66,0.24
1/17/2020 12:00,3.13,0.45
1/17/2020 13:00,4.58,0.65
1/17/2020 14:00,4.28,0.61
1/17/2020 15:00,3.15,0.45
1/17/2020 16:00,2.52,0.36
1/17/2020 17:00,0.61,0.09
1/17/2020 18:00,0.15,0.02
1/17/2020 19:00,0.0,0.0
1/17/2020 20:00,0.0,0.0
1/17/2020 21:00,0.0,0.0
1/17/2020 22:00,0.0,0.0
1/17/2020 23:00,0.0,0.0
1/18/2020 0:00,0.0,0.0
1/18/2020 1:00,0.0,0.0
1/18/2020 2:00,0.0,0.0
1/18/2020 3:00,0.0,0.0
1/18/2020 4:00,0.0,0.0
1/18/2020 5:00,0.0,0.0
1/18/2020 6:00,0.0,0.0
1/18/2020 7:00,0.0,0.0
1/18/2020 8:00,0.0,0.0
1/18/2020 9:00,0.02,0.0
1/18/2020 10:00,0.17,0.02
1/18/2020 11:00,1.1,0.16
1/18/2020 12:00,1.72,0.25
1/18/2020 13:00,3.45,0.49
1/18/2020 14:00,4.32,0.62
1/18/2020 15:00,3.27,0.47
1/18/2020 16:00,2.9,0.41
1/18/2020 17:00,1.65,0.24
1/18/2020 18:00,0.06,0.01
1/18/2020 19:00,0.0,0.0
1/18/2020 20:00,0.0,0.0
1/18/2020 21:00,0.0,0.0
1/18/2020 22:00,0.0,0.0
1/18/2020 23:00,0.0,0.0
1/19/2020 0:00,0.0,0.0
1/19/2020 1:00,0.0,0.0
1/19/2020 2:00,0.0,0.0
1/19/2020 3:00,0.0,0.0
1/19/2020 4:00,0.0,0.0
1/19/2020 5:00,0.0,0.0
1/19/2020 6:00,0.0,0.0
1/19/2020 7:00,0.0,0.0
1/19/2020 8:00,0.0,0.0
1/19/2020 9:00,0.14,0.02
1/19/2020 10:00,1.74,0.25
1/19/2020 11:00,3.86,0.55
1/19/2020 12:00,4.57,0.65
1/19/2020 13:00,4.83,0.69
1/19/2020 14:00,4.64,0.66
1/19/2020 15:00,4.09,0.58
1/19/2020 16:00,3.16,0.45
1/19/2020 17:00,1.73,0.25
1/19/2020 18:00,0.25,0.04
1/19/2020 19:00,0.0,0.0
1/19/2020 20:00,0.0,0.0
1/19/2020 21:00,0.0,0.0
1/19/2020 22:00,0.0,0.0
1/19/2020 23:00,0.0,0.0
1/20/2020 0:00,0.0,0.0
1/20/2020 1:00,0.0,0.0
1/20/2020 2:00,0.0,0.0
1/20/2020 3:00,0.0,0.0
1/20/2020 4:00,0.0,0.0
1/20/2020 5:00,0.0,0.0
1/20/2020 6:00,0.0,0.0
1/20/2020 7:00,0.0,0.0
1/20/2020 8:00,0.0,0.0
1/20/2020 9:00,0.04,0.01
1/20/2020 10:00,0.18,0.03
1/20/2020 11:00,0.91,0.13
1/20/2020 12:00,4.43,0.63
1/20/2020 13:00,4.97,0.71
1/20/2020 14:00,4.81,0.69
1/20/2020 15:00,4.23,0.6
1/20/2020 16:00,3.02,0.43
1/20/2020 17:00,1.69,0.24
1/20/2020 18:00,0.24,0.03
1/20/2020 19:00,0.0,0.0
1/20/2020 20:00,0.0,0.0
1/20/2020 21:00,0.0,0.0
1/20/2020 22:00,0.0,0.0
1/20/2020 23:00,0.0,0.0
1/21/2020 0:00,0.0,0.0
1/21/2020 1:00,0.0,0.0
1/21/2020 2:00,0.0,0.0
1/21/2020 3:00,0.0,0.0
1/21/2020 4:00,0.0,0.0
1/21/2020 5:00,0.0,0.0
1/21/2020 6:00,0.0,0.0
1/21/2020 7:00,0.0,0.0
1/21/2020 8:00,0.0,0.0
1/21/2020 9:00,0.09,0.01
1/21/2020 10:00,1.9,0.27
1/21/2020 11:00,3.88,0.55
1/21/2020 12:00,4.55,0.65
1/21/2020 13:00,4.65,0.66
1/21/2020 14:00,4.66,0.67
1/21/2020 15:00,4.12,0.59
1/21/2020 16:00,3.16,0.45
1/21/2020 17:00,1.7,0.24
1/21/2020 18:00,0.24,0.03
1/21/2020 19:00,0.0,0.0
1/21/2020 20:00,0.0,0.0
1/21/2020 21:00,0.0,0.0
1/21/2020 22:00,0.0,0.0
1/21/2020 23:00,0.0,0.0
1/22/2020 0:00,0.0,0.0
1/22/2020 1:00,0.0,0.0
1/22/2020 2:00,0.0,0.0
1/22/2020 3:00,0.0,0.0
1/22/2020 4:00,0.0,0.0
1/22/2020 5:00,0.0,0.0
1/22/2020 6:00,0.0,0.0
1/22/2020 7:00,0.0,0.0
1/22/2020 8:00,0.0,0.0
1/22/2020 9:00,0.23,0.03
1/22/2020 10:00,1.35,0.19
1/22/2020 11:00,1.7,0.24
1/22/2020 12:00,2.74,0.39
1/22/2020 13:00,3.12,0.45
1/22/2020 14:00,1.45,0.21
1/22/2020 15:00,0.43,0.06
1/22/2020 16:00,0.51,0.07
1/22/2020 17:00,0.15,0.02
1/22/2020 18:00,0.0,0.0
1/22/2020 19:00,0.0,0.0
1/22/2020 20:00,0.0,0.0
1/22/2020 21:00,0.0,0.0
1/22/2020 22:00,0.0,0.0
1/22/2020 23:00,0.0,0.0
1/23/2020 0:00,0.0,0.0
1/23/2020 1:00,0.0,0.0
1/23/2020 2:00,0.0,0.0
1/23/2020 3:00,0.0,0.0
1/23/2020 4:00,0.0,0.0
1/23/2020 5:00,0.0,0.0
1/23/2020 6:00,0.0,0.0
1/23/2020 7:00,0.0,0.0
1/23/2020 8:00,0.0,0.0
1/23/2020 9:00,0.07,0.01
1/23/2020 10:00,0.33,0.05
1/23/2020 11:00,0.56,0.08
1/23/2020 12:00,0.83,0.12
1/23/2020 13:00,0.92,0.13
1/23/2020 14:00,2.06,0.29
1/23/2020 15:00,3.45,0.49
1/23/2020 16:00,2.08,0.3
1/23/2020 17:00,0.59,0.08
1/23/2020 18:00,0.04,0.01
1/23/2020 19:00,0.0,0.0
1/23/2020 20:00,0.0,0.0
1/23/2020 21:00,0.0,0.0
1/23/2020 22:00,0.0,0.0
1/23/2020 23:00,0.0,0.0
1/24/2020 0:00,0.0,0.0
1/24/2020 1:00,0.0,0.0
1/24/2020 2:00,0.0,0.0
1/24/2020 3:00,0.0,0.0
1/24/2020 4:00,0.0,0.0
1/24/2020 5:00,0.0,0.0
1/24/2020 6:00,0.0,0.0
1/24/2020 7:00,0.0,0.0
1/24/2020 8:00,0.0,0.0
1/24/2020 9:00,0.14,0.02
1/24/2020 10:00,0.17,0.02
1/24/2020 11:00,0.33,0.05
1/24/2020 12:00,0.56,0.08
1/24/2020 13:00,0.56,0.08
1/24/2020 14:00,0.68,0.1
1/24/2020 15:00,0.42,0.06
1/24/2020 16:00,0.52,0.07
1/24/2020 17:00,0.1,0.01
1/24/2020 18:00,0.0,0.0
1/24/2020 19:00,0.0,0.0
1/24/2020 20:00,0.0,0.0
1/24/2020 21:00,0.0,0.0
1/24/2020 22:00,0.0,0.0
1/24/2020 23:00,0.0,0.0
1/25/2020 0:00,0.0,0.0
1/25/2020 1:00,0.0,0.0
1/25/2020 2:00,0.0,0.0
1/25/2020 3:00,0.0,0.0
1/25/2020 4:00,0.0,0.0
1/25/2020 5:00,0.0,0.0
1/25/2020 6:00,0.0,0.0
1/25/2020 7:00,0.0,0.0
1/25/2020 8:00,0.0,0.0
1/25/2020 9:00,0.12,0.02
1/25/2020 10:00,0.28,0.04
1/25/2020 11:00,0.37,0.05
1/25/2020 12:00,0.66,0.09
1/25/2020 13:00,0.9,0.13
1/25/2020 14:00,2.85,0.41
1/25/2020 15:00,1.93,0.28
1/25/2020 16:00,3.0,0.43
1/25/2020 17:00,1.35,0.19
1/25/2020 18:00,0.21,0.03
1/25/2020 19:00,0.0,0.0
1/25/2020 20:00,0.0,0.0
1/25/2020 21:00,0.0,0.0
1/25/2020 22:00,0.0,0.0
1/25/2020 23:00,0.0,0.0
1/26/2020 0:00,0.0,0.0
1/26/2020 1:00,0.0,0.0
1/26/2020 2:00,0.0,0.0
1/26/2020 3:00,0.0,0.0
1/26/2020 4:00,0.0,0.0
1/26/2020 5:00,0.0,0.0
1/26/2020 6:00,0.0,0.0
1/26/2020 7:00,0.0,0.0
1/26/2020 8:00,0.0,0.0
1/26/2020 9:00,0.29,0.04
1/26/2020 10:00,1.05,0.15
1/26/2020 11:00,2.89,0.41
1/26/2020 12:00,2.32,0.33
1/26/2020 13:00,4.44,0.63
1/26/2020 14:00,4.89,0.7
1/26/2020 15:00,3.64,0.52
1/26/2020 16:00,2.62,0.37
1/26/2020 17:00,1.88,0.27
1/26/2020 18:00,0.19,0.03
1/26/2020 19:00,0.0,0.0
1/26/2020 20:00,0.0,0.0
1/26/2020 21:00,0.0,0.0
1/26/2020 22:00,0.0,0.0
1/26/2020 23:00,0.0,0.0
1/27/2020 0:00,0.0,0.0
1/27/2020 1:00,0.0,0.0
1/27/2020 2:00,0.0,0.0
1/27/2020 3:00,0.0,0.0
1/27/2020 4:00,0.0,0.0
1/27/2020 5:00,0.0,0.0
1/27/2020 6:00,0.0,0.0
1/27/2020 7:00,0.0,0.0
1/27/2020 8:00,0.0,0.0
1/27/2020 9:00,0.12,0.02
1/27/2020 10:00,0.59,0.08
1/27/2020 11:00,1.35,0.19
1/27/2020 12:00,1.47,0.21
1/27/2020 13:00,1.22,0.17
1/27/2020 14:00,1.08,0.15
1/27/2020 15:00,0.86,0.12
1/27/2020 16:00,0.54,0.08
1/27/2020 17:00,0.37,0.05
1/27/2020 18:00,0.03,0.0
1/27/2020 19:00,0.0,0.0
1/27/2020 20:00,0.0,0.0
1/27/2020 21:00,0.0,0.0
1/27/2020 22:00,0.0,0.0
1/27/2020 23:00,0.0,0.0
1/28/2020 0:00,0.0,0.0
1/28/2020 1:00,0.0,0.0
1/28/2020 2:00,0.0,0.0
1/28/2020 3:00,0.0,0.0
1/28/2020 4:00,0.0,0.0
1/28/2020 5:00,0.0,0.0
1/28/2020 6:00,0.0,0.0
1/28/2020 7:00,0.0,0.0
1/28/2020 8:00,0.0,0.0
1/28/2020 9:00,0.25,0.04
1/28/2020 10:00,0.97,0.14
1/28/2020 11:00,1.57,0.22
1/28/2020 12:00,1.38,0.2
1/28/2020 13:00,1.34,0.19
1/28/2020 14:00,1.02,0.15
1/28/2020 15:00,1.05,0.15
1/28/2020 16:00,0.7,0.1
1/28/2020 17:00,0.23,0.03
1/28/2020 18:00,0.09,0.01
1/28/2020 19:00,0.0,0.0
1/28/2020 20:00,0.0,0.0
1/28/2020 21:00,0.0,0.0
1/28/2020 22:00,0.0,0.0
1/28/2020 23:00,0.0,0.0
1/29/2020 0:00,0.0,0.0
1/29/2020 1:00,0.0,0.0
1/29/2020 2:00,0.0,0.0
1/29/2020 3:00,0.0,0.0
1/29/2020 4:00,0.0,0.0
1/29/2020 5:00,0.0,0.0
1/29/2020 6:00,0.0,0.0
1/29/2020 7:00,0.0,0.0
1/29/2020 8:00,0.0,0.0
1/29/2020 9:00,0.01,0.0
1/29/2020 10:00,0.09,0.01
1/29/2020 11:00,0.31,0.04
1/29/2020 12:00,0.47,0.07
1/29/2020 13:00,0.96,0.14
1/29/2020 14:00,1.17,0.17
1/29/2020 15:00,0.8,0.11
1/29/2020 16:00,0.85,0.12
1/29/2020 17:00,0.4,0.06
1/29/2020 18:00,0.07,0.01
1/29/2020 19:00,0.0,0.0
1/29/2020 20:00,0.0,0.0
1/29/2020 21:00,0.0,0.0
1/29/2020 22:00,0.0,0.0
1/29/2020 23:00,0.0,0.0
1/30/2020 0:00,0.0,0.0
1/30/2020 1:00,0.0,0.0
1/30/2020 2:00,0.0,0.0
1/30/2020 3:00,0.0,0.0
1/30/2020 4:00,0.0,0.0
1/30/2020 5:00,0.0,0.0
1/30/2020 6:00,0.0,0.0
1/30/2020 7:00,0.0,0.0
1/30/2020 8:00,0.0,0.0
1/30/2020 9:00,0.21,0.03
1/30/2020 10:00,0.48,0.07
1/30/2020 11:00,0.53,0.08
1/30/2020 12:00,0.56,0.08
1/30/2020 13:00,1.04,0.15
1/30/2020 14:00,0.44,0.06
1/30/2020 15:00,0.29,0.04
1/30/2020 16:00,0.19,0.03
1/30/2020 17:00,0.07,0.01
1/30/2020 18:00,0.0,0.0
1/30/2020 19:00,0.0,0.0
1/30/2020 20:00,0.0,0.0
1/30/2020 21:00,0.0,0.0
1/30/2020 22:00,0.0,0.0
1/30/2020 23:00,0.0,0.0
1/31/2020 0:00,0.0,0.0
1/31/2020 1:00,0.0,0.0
1/31/2020 2:00,0.0,0.0
1/31/2020 3:00,0.0,0.0
1/31/2020 4:00,0.0,0.0
1/31/2020 5:00,0.0,0.0
1/31/2020 6:00,0.0,0.0
1/31/2020 7:00,0.0,0.0
1/31/2020 8:00,0.0,0.0
1/31/2020 9:00,0.02,0.0
1/31/2020 10:00,0.19,0.03
1/31/2020 11:00,0.6,0.09
1/31/2020 12:00,0.41,0.06
1/31/2020 13:00,0.42,0.06
1/31/2020 14:00,0.39,0.06
1/31/2020 15:00,0.54,0.08
1/31/2020 16:00,0.48,0.07
1/31/2020 17:00,0.37,0.05
1/31/2020 18:00,0.01,0.0
1/31/2020 19:00,0.0,0.0
1/31/2020 20:00,0.0,0.0
1/31/2020 21:00,0.0,0.0
1/31/2020 22:00,0.0,0.0
1/31/2020 23:00,0.0,0.0
2/1/2020 0:00,0.0,0.0
2/1/2020 1:00,0.0,0.0
2/1/2020 2:00,0.0,0.0
2/1/2020 3:00,0.0,0.0
2/1/2020 4:00,0.0,0.0
2/1/2020 5:00,0.0,0.0
2/1/2020 6:00,0.0,0.0
2/1/2020 7:00,0.0,0.0
2/1/2020 8:00,0.0,0.0
2/1/2020 9:00,0.19,0.03
2/1/2020 10:00,0.46,0.07
2/1/2020 11:00,1.16,0.17
2/1/2020 12:00,1.23,0.18
2/1/2020 13:00,0.99,0.14
2/1/2020 14:00,0.73,0.1
2/1/2020 15:00,0.89,0.13
2/1/2020 16:00,0.79,0.11
2/1/2020 17:00,0.42,0.06
2/1/2020 18:00,0.05,0.01
2/1/2020 19:00,0.0,0.0
2/1/2020 20:00,0.0,0.0
2/1/2020 21:00,0.0,0.0
2/1/2020 22:00,0.0,0.0
2/1/2020 23:00,0.0,0.0
2/2/2020 0:00,0.0,0.0
2/2/2020 1:00,0.0,0.0
2/2/2020 2:00,0.0,0.0
2/2/2020 3:00,0.0,0.0
2/2/2020 4:00,0.0,0.0
2/2/2020 5:00,0.0,0.0
2/2/2020 6:00,0.0,0.0
2/2/2020 7:00,0.0,0.0
2/2/2020 8:00,0.0,0.0
2/2/2020 9:00,0.26,0.04
2/2/2020 10:00,2.41,0.34
2/2/2020 11:00,3.78,0.54
2/2/2020 12:00,4.51,0.64
2/2/2020 13:00,4.62,0.66
2/2/2020 14:00,4.5,0.64
2/2/2020 15:00,4.15,0.59
2/2/2020 16:00,3.06,0.44
2/2/2020 17:00,1.77,0.25
2/2/2020 18:00,0.49,0.07
2/2/2020 19:00,0.0,0.0
2/2/2020 20:00,0.0,0.0
2/2/2020 21:00,0.0,0.0
2/2/2020 22:00,0.0,0.0
2/2/2020 23:00,0.0,0.0
2/3/2020 0:00,0.0,0.0
2/3/2020 1:00,0.0,0.0
2/3/2020 2:00,0.0,0.0
2/3/2020 3:00,0.0,0.0
2/3/2020 4:00,0.0,0.0
2/3/2020 5:00,0.0,0.0
2/3/2020 6:00,0.0,0.0
2/3/2020 7:00,0.0,0.0
2/3/2020 8:00,0.0,0.0
2/3/2020 9:00,0.15,0.02
2/3/2020 10:00,2.81,0.4
2/3/2020 11:00,3.99,0.57
2/3/2020 12:00,4.68,0.67
2/3/2020 13:00,4.85,0.69
2/3/2020 14:00,4.62,0.66
2/3/2020 15:00,4.13,0.59
2/3/2020 16:00,3.25,0.46
2/3/2020 17:00,1.97,0.28
2/3/2020 18:00,0.48,0.07
2/3/2020 19:00,0.0,0.0
2/3/2020 20:00,0.0,0.0
2/3/2020 21:00,0.0,0.0
2/3/2020 22:00,0.0,0.0
2/3/2020 23:00,0.0,0.0
2/4/2020 0:00,0.0,0.0
2/4/2020 1:00,0.0,0.0
2/4/2020 2:00,0.0,0.0
2/4/2020 3:00,0.0,0.0
2/4/2020 4:00,0.0,0.0
2/4/2020 5:00,0.0,0.0
2/4/2020 6:00,0.0,0.0
2/4/2020 7:00,0.0,0.0
2/4/2020 8:00,0.0,0.0
2/4/2020 9:00,0.22,0.03
2/4/2020 10:00,2.98,0.43
2/4/2020 11:00,2.4,0.34
2/4/2020 12:00,4.67,0.67
2/4/2020 13:00,5.01,0.72
2/4/2020 14:00,4.83,0.69
2/4/2020 15:00,4.28,0.61
2/4/2020 16:00,3.38,0.48
2/4/2020 17:00,2.02,0.29
2/4/2020 18:00,0.43,0.06
2/4/2020 19:00,0.0,0.0
2/4/2020 20:00,0.0,0.0
2/4/2020 21:00,0.0,0.0
2/4/2020 22:00,0.0,0.0
2/4/2020 23:00,0.0,0.0
2/5/2020 0:00,0.0,0.0
2/5/2020 1:00,0.0,0.0
2/5/2020 2:00,0.0,0.0
2/5/2020 3:00,0.0,0.0
2/5/2020 4:00,0.0,0.0
2/5/2020 5:00,0.0,0.0
2/5/2020 6:00,0.0,0.0
2/5/2020 7:00,0.0,0.0
2/5/2020 8:00,0.01,0.0
2/5/2020 9:00,0.44,0.06
2/5/2020 10:00,1.94,0.28
2/5/2020 11:00,3.09,0.44
2/5/2020 12:00,3.85,0.55
2/5/2020 13:00,4.23,0.6
2/5/2020 14:00,4.87,0.7
2/5/2020 15:00,4.35,0.62
2/5/2020 16:00,3.46,0.49
2/5/2020 17:00,2.12,0.3
2/5/2020 18:00,0.52,0.07
2/5/2020 19:00,0.0,0.0
2/5/2020 20:00,0.0,0.0
2/5/2020 21:00,0.0,0.0
2/5/2020 22:00,0.0,0.0
2/5/2020 23:00,0.0,0.0
2/6/2020 0:00,0.0,0.0
2/6/2020 1:00,0.0,0.0
2/6/2020 2:00,0.0,0.0
2/6/2020 3:00,0.0,0.0
2/6/2020 4:00,0.0,0.0
2/6/2020 5:00,0.0,0.0
2/6/2020 6:00,0.0,0.0
2/6/2020 7:00,0.0,0.0
2/6/2020 8:00,0.01,0.0
2/6/2020 9:00,0.41,0.06
2/6/2020 10:00,2.4,0.34
2/6/2020 11:00,3.74,0.53
2/6/2020 12:00,3.9,0.56
2/6/2020 13:00,4.49,0.64
2/6/2020 14:00,4.08,0.58
2/6/2020 15:00,3.97,0.57
2/6/2020 16:00,2.74,0.39
2/6/2020 17:00,1.09,0.16
2/6/2020 18:00,0.26,0.04
2/6/2020 19:00,0.0,0.0
2/6/2020 20:00,0.0,0.0
2/6/2020 21:00,0.0,0.0
2/6/2020 22:00,0.0,0.0
2/6/2020 23:00,0.0,0.0
2/7/2020 0:00,0.0,0.0
2/7/2020 1:00,0.0,0.0
2/7/2020 2:00,0.0,0.0
2/7/2020 3:00,0.0,0.0
2/7/2020 4:00,0.0,0.0
2/7/2020 5:00,0.0,0.0
2/7/2020 6:00,0.0,0.0
2/7/2020 7:00,0.0,0.0
2/7/2020 8:00,0.0,0.0
2/7/2020 9:00,0.32,0.05
2/7/2020 10:00,1.21,0.17
2/7/2020 11:00,2.38,0.34
2/7/2020 12:00,2.77,0.4
2/7/2020 13:00,2.35,0.34
2/7/2020 14:00,1.6,0.23
2/7/2020 15:00,0.87,0.12
2/7/2020 16:00,1.61,0.23
2/7/2020 17:00,1.39,0.2
2/7/2020 18:00,0.37,0.05
2/7/2020 19:00,0.0,0.0
2/7/2020 20:00,0.0,0.0
2/7/2020 21:00,0.0,0.0
2/7/2020 22:00,0.0,0.0
2/7/2020 23:00,0.0,0.0
2/8/2020 0:00,0.0,0.0
2/8/2020 1:00,0.0,0.0
2/8/2020 2:00,0.0,0.0
2/8/2020 3:00,0.0,0.0
2/8/2020 4:00,0.0,0.0
2/8/2020 5:00,0.0,0.0
2/8/2020 6:00,0.0,0.0
2/8/2020 7:00,0.0,0.0
2/8/2020 8:00,0.0,0.0
2/8/2020 9:00,0.31,0.04
2/8/2020 10:00,0.78,0.11
2/8/2020 11:00,2.26,0.32
2/8/2020 12:00,1.57,0.22
2/8/2020 13:00,2.08,0.3
2/8/2020 14:00,2.08,0.3
2/8/2020 15:00,1.62,0.23
2/8/2020 16:00,1.32,0.19
2/8/2020 17:00,0.66,0.09
2/8/2020 18:00,0.17,0.02
2/8/2020 19:00,0.0,0.0
2/8/2020 20:00,0.0,0.0
2/8/2020 21:00,0.0,0.0
2/8/2020 22:00,0.0,0.0
2/8/2020 23:00,0.0,0.0
2/9/2020 0:00,0.0,0.0
2/9/2020 1:00,0.0,0.0
2/9/2020 2:00,0.0,0.0
2/9/2020 3:00,0.0,0.0
2/9/2020 4:00,0.0,0.0
2/9/2020 5:00,0.0,0.0
2/9/2020 6:00,0.0,0.0
2/9/2020 7:00,0.0,0.0
2/9/2020 8:00,0.02,0.0
2/9/2020 9:00,0.59,0.08
2/9/2020 10:00,2.56,0.37
2/9/2020 11:00,3.17,0.45
2/9/2020 12:00,3.3,0.47
2/9/2020 13:00,2.65,0.38
2/9/2020 14:00,2.37,0.34
2/9/2020 15:00,2.78,0.4
2/9/2020 16:00,2.31,0.33
2/9/2020 17:00,1.46,0.21
2/9/2020 18:00,0.39,0.06
2/9/2020 19:00,0.0,0.0
2/9/2020 20:00,0.0,0.0
2/9/2020 21:00,0.0,0.0
2/9/2020 22:00,0.0,0.0
2/9/2020 23:00,0.0,0.0
2/10/2020 0:00,0.0,0.0
2/10/2020 1:00,0.0,0.0
2/10/2020 2:00,0.0,0.0
2/10/2020 3:00,0.0,0.0
2/10/2020 4:00,0.0,0.0
2/10/2020 5:00,0.0,0.0
2/10/2020 6:00,0.0,0.0
2/10/2020 7:00,0.0,0.0
2/10/2020 8:00,0.01,0.0
2/10/2020 9:00,0.61,0.09
2/10/2020 10:00,2.91,0.42
2/10/2020 11:00,3.97,0.57
2/10/2020 12:00,4.52,0.65
2/10/2020 13:00,2.83,0.4
2/10/2020 14:00,2.58,0.37
2/10/2020 15:00,2.07,0.3
2/10/2020 16:00,0.89,0.13
2/10/2020 17:00,0.34,0.05
2/10/2020 18:00,0.04,0.01
2/10/2020 19:00,0.0,0.0
2/10/2020 20:00,0.0,0.0
2/10/2020 21:00,0.0,0.0
2/10/2020 22:00,0.0,0.0
2/10/2020 23:00,0.0,0.0
2/11/2020 0:00,0.0,0.0
2/11/2020 1:00,0.0,0.0
2/11/2020 2:00,0.0,0.0
2/11/2020 3:00,0.0,0.0
2/11/2020 4:00,0.0,0.0
2/11/2020 5:00,0.0,0.0
2/11/2020 6:00,0.0,0.0
2/11/2020 7:00,0.0,0.0
2/11/2020 8:00,0.0,0.0
2/11/2020 9:00,0.74,0.11
2/11/2020 10:00,1.61,0.23
2/11/2020 11:00,1.15,0.16
2/11/2020 12:00,0.84,0.12
2/11/2020 13:00,1.02,0.15
2/11/2020 14:00,1.5,0.21
2/11/2020 15:00,2.79,0.4
2/11/2020 16:00,1.48,0.21
2/11/2020 17:00,1.59,0.23
2/11/2020 18:00,0.45,0.06
2/11/2020 19:00,0.0,0.0
2/11/2020 20:00,0.0,0.0
2/11/2020 21:00,0.0,0.0
2/11/2020 22:00,0.0,0.0
2/11/2020 23:00,0.0,0.0
2/12/2020 0:00,0.0,0.0
2/12/2020 1:00,0.0,0.0
2/12/2020 2:00,0.0,0.0
2/12/2020 3:00,0.0,0.0
2/12/2020 4:00,0.0,0.0
2/12/2020 5:00,0.0,0.0
2/12/2020 6:00,0.0,0.0
2/12/2020 7:00,0.0,0.0
2/12/2020 8:00,0.0,0.0
2/12/2020 9:00,0.19,0.03
2/12/2020 10:00,0.75,0.11
2/12/2020 11:00,1.02,0.15
2/12/2020 12:00,1.13,0.16
2/12/2020 13:00,1.59,0.23
2/12/2020 14:00,0.89,0.13
2/12/2020 15:00,0.37,0.05
2/12/2020 16:00,0.56,0.08
2/12/2020 17:00,0.26,0.04
2/12/2020 18:00,0.08,0.01
2/12/2020 19:00,0.0,0.0
2/12/2020 20:00,0.0,0.0
2/12/2020 21:00,0.0,0.0
2/12/2020 22:00,0.0,0.0
2/12/2020 23:00,0.0,0.0
2/13/2020 0:00,0.0,0.0
2/13/2020 1:00,0.0,0.0
2/13/2020 2:00,0.0,0.0
2/13/2020 3:00,0.0,0.0
2/13/2020 4:00,0.0,0.0
2/13/2020 5:00,0.0,0.0
2/13/2020 6:00,0.0,0.0
2/13/2020 7:00,0.0,0.0
2/13/2020 8:00,0.01,0.0
2/13/2020 9:00,0.43,0.06
2/13/2020 10:00,0.99,0.14
2/13/2020 11:00,1.34,0.19
2/13/2020 12:00,1.53,0.22
2/13/2020 13:00,1.65,0.24
2/13/2020 14:00,1.12,0.16
2/13/2020 15:00,0.68,0.1
2/13/2020 16:00,0.73,0.1
2/13/2020 17:00,0.25,0.04
2/13/2020 18:00,0.15,0.02
2/13/2020 19:00,0.0,0.0
2/13/2020 20:00,0.0,0.0
2/13/2020 21:00,0.0,0.0
2/13/2020 22:00,0.0,0.0
2/13/2020 23:00,0.0,0.0
2/14/2020 0:00,0.0,0.0
2/14/2020 1:00,0.0,0.0
2/14/2020 2:00,0.0,0.0
2/14/2020 3:00,0.0,0.0
2/14/2020 4:00,0.0,0.0
2/14/2020 5:00,0.0,0.0
2/14/2020 6:00,0.0,0.0
2/14/2020 7:00,0.0,0.0
2/14/2020 8:00,0.01,0.0
2/14/2020 9:00,0.43,0.06
2/14/2020 10:00,1.37,0.2
2/14/2020 11:00,1.64,0.23
2/14/2020 12:00,1.79,0.26
2/14/2020 13:00,4.66,0.67
2/14/2020 14:00,4.5,0.64
2/14/2020 15:00,2.23,0.32
2/14/2020 16:00,3.37,0.48
2/14/2020 17:00,1.46,0.21
2/14/2020 18:00,0.55,0.08
2/14/2020 19:00,0.0,0.0
2/14/2020 20:00,0.0,0.0
2/14/2020 21:00,0.0,0.0
2/14/2020 22:00,0.0,0.0
2/14/2020 23:00,0.0,0.0
2/15/2020 0:00,0.0,0.0
2/15/2020 1:00,0.0,0.0
2/15/2020 2:00,0.0,0.0
2/15/2020 3:00,0.0,0.0
2/15/2020 4:00,0.0,0.0
2/15/2020 5:00,0.0,0.0
2/15/2020 6:00,0.0,0.0
2/15/2020 7:00,0.0,0.0
2/15/2020 8:00,0.01,0.0
2/15/2020 9:00,0.91,0.13
2/15/2020 10:00,3.03,0.43
2/15/2020 11:00,4.07,0.58
2/15/2020 12:00,4.35,0.62
2/15/2020 13:00,3.31,0.47
2/15/2020 14:00,2.81,0.4
2/15/2020 15:00,2.74,0.39
2/15/2020 16:00,2.01,0.29
2/15/2020 17:00,2.51,0.36
2/15/2020 18:00,0.69,0.1
2/15/2020 19:00,0.0,0.0
2/15/2020 20:00,0.0,0.0
2/15/2020 21:00,0.0,0.0
2/15/2020 22:00,0.0,0.0
2/15/2020 23:00,0.0,0.0
2/16/2020 0:00,0.0,0.0
2/16/2020 1:00,0.0,0.0
2/16/2020 2:00,0.0,0.0
2/16/2020 3:00,0.0,0.0
2/16/2020 4:00,0.0,0.0
2/16/2020 5:00,0.0,0.0
2/16/2020 6:00,0.0,0.0
2/16/2020 7:00,0.0,0.0
2/16/2020 8:00,0.02,0.0
2/16/2020 9:00,0.32,0.05
2/16/2020 10:00,0.76,0.11
2/16/2020 11:00,1.51,0.22
2/16/2020 12:00,1.36,0.19
2/16/2020 13:00,1.35,0.19
2/16/2020 14:00,2.42,0.35
2/16/2020 15:00,1.27,0.18
2/16/2020 16:00,0.75,0.11
2/16/2020 17:00,0.6,0.09
2/16/2020 18:00,0.14,0.02
2/16/2020 19:00,0.0,0.0
2/16/2020 20:00,0.0,0.0
2/16/2020 21:00,0.0,0.0
2/16/2020 22:00,0.0,0.0
2/16/2020 23:00,0.0,0.0
2/17/2020 0:00,0.0,0.0
2/17/2020 1:00,0.0,0.0
2/17/2020 2:00,0.0,0.0
2/17/2020 3:00,0.0,0.0
2/17/2020 4:00,0.0,0.0
2/17/2020 5:00,0.0,0.0
2/17/2020 6:00,0.0,0.0
2/17/2020 7:00,0.0,0.0
2/17/2020 8:00,0.0,0.0
2/17/2020 9:00,0.08,0.01
2/17/2020 10:00,0.51,0.07
2/17/2020 11:00,1.12,0.16
2/17/2020 12:00,1.17,0.17
2/17/2020 13:00,2.36,0.34
2/17/2020 14:00,2.56,0.37
2/17/2020 15:00,2.85,0.41
2/17/2020 16:00,3.11,0.44
2/17/2020 17:00,1.59,0.23
2/17/2020 18:00,0.43,0.06
2/17/2020 19:00,0.0,0.0
2/17/2020 20:00,0.0,0.0
2/17/2020 21:00,0.0,0.0
2/17/2020 22:00,0.0,0.0
2/17/2020 23:00,0.0,0.0
2/18/2020 0:00,0.0,0.0
2/18/2020 1:00,0.0,0.0
2/18/2020 2:00,0.0,0.0
2/18/2020 3:00,0.0,0.0
2/18/2020 4:00,0.0,0.0
2/18/2020 5:00,0.0,0.0
2/18/2020 6:00,0.0,0.0
2/18/2020 7:00,0.0,0.0
2/18/2020 8:00,0.03,0.0
2/18/2020 9:00,1.24,0.18
2/18/2020 10:00,3.32,0.47
2/18/2020 11:00,4.52,0.65
2/18/2020 12:00,5.2,0.74
2/18/2020 13:00,5.39,0.77
2/18/2020 14:00,5.23,0.75
2/18/2020 15:00,4.58,0.65
2/18/2020 16:00,3.79,0.54
2/18/2020 17:00,2.42,0.35
2/18/2020 18:00,0.77,0.11
2/18/2020 19:00,0.01,0.0
2/18/2020 20:00,0.0,0.0
2/18/2020 21:00,0.0,0.0
2/18/2020 22:00,0.0,0.0
2/18/2020 23:00,0.0,0.0
2/19/2020 0:00,0.0,0.0
2/19/2020 1:00,0.0,0.0
2/19/2020 2:00,0.0,0.0
2/19/2020 3:00,0.0,0.0
2/19/2020 4:00,0.0,0.0
2/19/2020 5:00,0.0,0.0
2/19/2020 6:00,0.0,0.0
2/19/2020 7:00,0.0,0.0
2/19/2020 8:00,0.02,0.0
2/19/2020 9:00,1.31,0.19
2/19/2020 10:00,3.23,0.46
2/19/2020 11:00,4.32,0.62
2/19/2020 12:00,4.91,0.7
2/19/2020 13:00,5.18,0.74
2/19/2020 14:00,5.09,0.73
2/19/2020 15:00,4.6,0.66
2/19/2020 16:00,3.68,0.53
2/19/2020 17:00,2.35,0.34
2/19/2020 18:00,0.75,0.11
2/19/2020 19:00,0.01,0.0
2/19/2020 20:00,0.0,0.0
2/19/2020 21:00,0.0,0.0
2/19/2020 22:00,0.0,0.0
2/19/2020 23:00,0.0,0.0
2/20/2020 0:00,0.0,0.0
2/20/2020 1:00,0.0,0.0
2/20/2020 2:00,0.0,0.0
2/20/2020 3:00,0.0,0.0
2/20/2020 4:00,0.0,0.0
2/20/2020 5:00,0.0,0.0
2/20/2020 6:00,0.0,0.0
2/20/2020 7:00,0.0,0.0
2/20/2020 8:00,0.03,0.0
2/20/2020 9:00,0.79,0.11
2/20/2020 10:00,2.8,0.4
2/20/2020 11:00,2.13,0.3
2/20/2020 12:00,4.17,0.6
2/20/2020 13:00,4.11,0.59
2/20/2020 14:00,4.87,0.7
2/20/2020 15:00,4.15,0.59
2/20/2020 16:00,3.44,0.49
2/20/2020 17:00,2.16,0.31
2/20/2020 18:00,0.63,0.09
2/20/2020 19:00,0.01,0.0
2/20/2020 20:00,0.0,0.0
2/20/2020 21:00,0.0,0.0
2/20/2020 22:00,0.0,0.0
2/20/2020 23:00,0.0,0.0
2/21/2020 0:00,0.0,0.0
2/21/2020 1:00,0.0,0.0
2/21/2020 2:00,0.0,0.0
2/21/2020 3:00,0.0,0.0
2/21/2020 4:00,0.0,0.0
2/21/2020 5:00,0.0,0.0
2/21/2020 6:00,0.0,0.0
2/21/2020 7:00,0.0,0.0
2/21/2020 8:00,0.04,0.01
2/21/2020 9:00,1.37,0.2
2/21/2020 10:00,3.1,0.44
2/21/2020 11:00,4.2,0.6
2/21/2020 12:00,4.79,0.68
2/21/2020 13:00,4.96,0.71
2/21/2020 14:00,4.82,0.69
2/21/2020 15:00,4.35,0.62
2/21/2020 16:00,3.22,0.46
2/21/2020 17:00,2.23,0.32
2/21/2020 18:00,0.72,0.1
2/21/2020 19:00,0.01,0.0
2/21/2020 20:00,0.0,0.0
2/21/2020 21:00,0.0,0.0
2/21/2020 22:00,0.0,0.0
2/21/2020 23:00,0.0,0.0
2/22/2020 0:00,0.0,0.0
2/22/2020 1:00,0.0,0.0
2/22/2020 2:00,0.0,0.0
2/22/2020 3:00,0.0,0.0
2/22/2020 4:00,0.0,0.0
2/22/2020 5:00,0.0,0.0
2/22/2020 6:00,0.0,0.0
2/22/2020 7:00,0.0,0.0
2/22/2020 8:00,0.02,0.0
2/22/2020 9:00,1.47,0.21
2/22/2020 10:00,3.25,0.46
2/22/2020 11:00,4.34,0.62
2/22/2020 12:00,4.65,0.66
2/22/2020 13:00,4.95,0.71
2/22/2020 14:00,4.89,0.7
2/22/2020 15:00,4.45,0.64
2/22/2020 16:00,3.58,0.51
2/22/2020 17:00,2.37,0.34
2/22/2020 18:00,0.88,0.13
2/22/2020 19:00,0.03,0.0
2/22/2020 20:00,0.0,0.0
2/22/2020 21:00,0.0,0.0
2/22/2020 22:00,0.0,0.0
2/22/2020 23:00,0.0,0.0
2/23/2020 0:00,0.0,0.0
2/23/2020 1:00,0.0,0.0
2/23/2020 2:00,0.0,0.0
2/23/2020 3:00,0.0,0.0
2/23/2020 4:00,0.0,0.0
2/23/2020 5:00,0.0,0.0
2/23/2020 6:00,0.0,0.0
2/23/2020 7:00,0.0,0.0
2/23/2020 8:00,0.02,0.0
2/23/2020 9:00,1.63,0.23
2/23/2020 10:00,3.31,0.47
2/23/2020 11:00,4.39,0.63
2/23/2020 12:00,5.04,0.72
2/23/2020 13:00,5.24,0.75
2/23/2020 14:00,5.1,0.73
2/23/2020 15:00,4.55,0.65
2/23/2020 16:00,3.63,0.52
2/23/2020 17:00,2.35,0.34
2/23/2020 18:00,0.82,0.12
2/23/2020 19:00,0.02,0.0
2/23/2020 20:00,0.0,0.0
2/23/2020 21:00,0.0,0.0
2/23/2020 22:00,0.0,0.0
2/23/2020 23:00,0.0,0.0
2/24/2020 0:00,0.0,0.0
2/24/2020 1:00,0.0,0.0
2/24/2020 2:00,0.0,0.0
2/24/2020 3:00,0.0,0.0
2/24/2020 4:00,0.0,0.0
2/24/2020 5:00,0.0,0.0
2/24/2020 6:00,0.0,0.0
2/24/2020 7:00,0.0,0.0
2/24/2020 8:00,0.03,0.0
2/24/2020 9:00,1.69,0.24
2/24/2020 10:00,3.26,0.47
2/24/2020 11:00,4.29,0.61
2/24/2020 12:00,4.82,0.69
2/24/2020 13:00,5.03,0.72
2/24/2020 14:00,4.86,0.69
2/24/2020 15:00,4.38,0.63
2/24/2020 16:00,3.53,0.5
2/24/2020 17:00,2.3,0.33
2/24/2020 18:00,0.8,0.11
2/24/2020 19:00,0.02,0.0
2/24/2020 20:00,0.0,0.0
2/24/2020 21:00,0.0,0.0
2/24/2020 22:00,0.0,0.0
2/24/2020 23:00,0.0,0.0
2/25/2020 0:00,0.0,0.0
2/25/2020 1:00,0.0,0.0
2/25/2020 2:00,0.0,0.0
2/25/2020 3:00,0.0,0.0
2/25/2020 4:00,0.0,0.0
2/25/2020 5:00,0.0,0.0
2/25/2020 6:00,0.0,0.0
2/25/2020 7:00,0.0,0.0
2/25/2020 8:00,0.03,0.0
2/25/2020 9:00,0.4,0.06
2/25/2020 10:00,1.02,0.15
2/25/2020 11:00,1.99,0.28
2/25/2020 12:00,4.57,0.65
2/25/2020 13:00,4.31,0.62
2/25/2020 14:00,3.02,0.43
2/25/2020 15:00,1.4,0.2
2/25/2020 16:00,0.77,0.11
2/25/2020 17:00,0.25,0.04
2/25/2020 18:00,0.06,0.01
2/25/2020 19:00,0.0,0.0
2/25/2020 20:00,0.0,0.0
2/25/2020 21:00,0.0,0.0
2/25/2020 22:00,0.0,0.0
2/25/2020 23:00,0.0,0.0
2/26/2020 0:00,0.0,0.0
2/26/2020 1:00,0.0,0.0
2/26/2020 2:00,0.0,0.0
2/26/2020 3:00,0.0,0.0
2/26/2020 4:00,0.0,0.0
2/26/2020 5:00,0.0,0.0
2/26/2020 6:00,0.0,0.0
2/26/2020 7:00,0.0,0.0
2/26/2020 8:00,0.12,0.02
2/26/2020 9:00,1.45,0.21
2/26/2020 10:00,1.51,0.22
2/26/2020 11:00,1.94,0.28
2/26/2020 12:00,3.81,0.54
2/26/2020 13:00,4.93,0.7
2/26/2020 14:00,5.21,0.74
2/26/2020 15:00,4.57,0.65
2/26/2020 16:00,3.7,0.53
2/26/2020 17:00,2.5,0.36
2/26/2020 18:00,0.89,0.13
2/26/2020 19:00,0.03,0.0
2/26/2020 20:00,0.0,0.0
2/26/2020 21:00,0.0,0.0
2/26/2020 22:00,0.0,0.0
2/26/2020 23:00,0.0,0.0
2/27/2020 0:00,0.0,0.0
2/27/2020 1:00,0.0,0.0
2/27/2020 2:00,0.0,0.0
2/27/2020 3:00,0.0,0.0
2/27/2020 4:00,0.0,0.0
2/27/2020 5:00,0.0,0.0
2/27/2020 6:00,0.0,0.0
2/27/2020 7:00,0.0,0.0
2/27/2020 8:00,0.14,0.02
2/27/2020 9:00,1.78,0.25
2/27/2020 10:00,3.37,0.48
2/27/2020 11:00,4.02,0.57
2/27/2020 12:00,4.86,0.69
2/27/2020 13:00,5.08,0.73
2/27/2020 14:00,4.91,0.7
2/27/2020 15:00,4.35,0.62
2/27/2020 16:00,3.51,0.5
2/27/2020 17:00,2.23,0.32
2/27/2020 18:00,0.71,0.1
2/27/2020 19:00,0.02,0.0
2/27/2020 20:00,0.0,0.0
2/27/2020 21:00,0.0,0.0
2/27/2020 22:00,0.0,0.0
2/27/2020 23:00,0.0,0.0
2/28/2020 0:00,0.0,0.0
2/28/2020 1:00,0.0,0.0
2/28/2020 2:00,0.0,0.0
2/28/2020 3:00,0.0,0.0
2/28/2020 4:00,0.0,0.0
2/28/2020 5:00,0.0,0.0
2/28/2020 6:00,0.0,0.0
2/28/2020 7:00,0.0,0.0
2/28/2020 8:00,0.12,0.02
2/28/2020 9:00,0.95,0.14
2/28/2020 10:00,2.44,0.35
2/28/2020 11:00,3.53,0.5
2/28/2020 12:00,4.21,0.6
2/28/2020 13:00,4.72,0.67
2/28/2020 14:00,4.87,0.7
2/28/2020 15:00,4.18,0.6
2/28/2020 16:00,3.47,0.5
2/28/2020 17:00,2.22,0.32
2/28/2020 18:00,0.7,0.1
2/28/2020 19:00,0.02,0.0
2/28/2020 20:00,0.0,0.0
2/28/2020 21:00,0.0,0.0
2/28/2020 22:00,0.0,0.0
2/28/2020 23:00,0.0,0.0
2/29/2020 0:00,0.0,0.0
2/29/2020 1:00,0.0,0.0
2/29/2020 2:00,0.0,0.0
2/29/2020 3:00,0.0,0.0
2/29/2020 4:00,0.0,0.0
2/29/2020 5:00,0.0,0.0
2/29/2020 6:00,0.0,0.0
2/29/2020 7:00,0.0,0.0
2/29/2020 8:00,0.04,0.01
2/29/2020 9:00,0.33,0.05
2/29/2020 10:00,0.51,0.07
2/29/2020 11:00,1.56,0.22
2/29/2020 12:00,2.93,0.42
2/29/2020 13:00,4.34,0.62
2/29/2020 14:00,2.63,0.38
2/29/2020 15:00,2.07,0.3
2/29/2020 16:00,1.06,0.15
2/29/2020 17:00,0.65,0.09
2/29/2020 18:00,0.51,0.07
2/29/2020 19:00,0.01,0.0
2/29/2020 20:00,0.0,0.0
2/29/2020 21:00,0.0,0.0
2/29/2020 22:00,0.0,0.0
2/29/2020 23:00,0.0,0.0
3/1/2020 0:00,0.0,0.0
3/1/2020 1:00,0.0,0.0
3/1/2020 2:00,0.0,0.0
3/1/2020 3:00,0.0,0.0
3/1/2020 4:00,0.0,0.0
3/1/2020 5:00,0.0,0.0
3/1/2020 6:00,0.0,0.0
3/1/2020 7:00,0.0,0.0
3/1/2020 8:00,0.02,0.0
3/1/2020 9:00,0.23,0.03
3/1/2020 10:00,0.81,0.12
3/1/2020 11:00,1.53,0.22
3/1/2020 12:00,1.15,0.16
3/1/2020 13:00,1.82,0.26
3/1/2020 14:00,1.35,0.19
3/1/2020 15:00,0.54,0.08
3/1/2020 16:00,0.56,0.08
3/1/2020 17:00,0.27,0.04
3/1/2020 18:00,0.04,0.01
3/1/2020 19:00,0.0,0.0
3/1/2020 20:00,0.0,0.0
3/1/2020 21:00,0.0,0.0
3/1/2020 22:00,0.0,0.0
3/1/2020 23:00,0.0,0.0
3/2/2020 0:00,0.0,0.0
3/2/2020 1:00,0.0,0.0
3/2/2020 2:00,0.0,0.0
3/2/2020 3:00,0.0,0.0
3/2/2020 4:00,0.0,0.0
3/2/2020 5:00,0.0,0.0
3/2/2020 6:00,0.0,0.0
3/2/2020 7:00,0.0,0.0
3/2/2020 8:00,0.25,0.04
3/2/2020 9:00,1.93,0.28
3/2/2020 10:00,3.14,0.45
3/2/2020 11:00,2.61,0.37
3/2/2020 12:00,3.89,0.56
3/2/2020 13:00,4.23,0.6
3/2/2020 14:00,3.95,0.56
3/2/2020 15:00,4.86,0.69
3/2/2020 16:00,3.78,0.54
3/2/2020 17:00,1.99,0.28
3/2/2020 18:00,0.94,0.13
3/2/2020 19:00,0.08,0.01
3/2/2020 20:00,0.0,0.0
3/2/2020 21:00,0.0,0.0
3/2/2020 22:00,0.0,0.0
3/2/2020 23:00,0.0,0.0
3/3/2020 0:00,0.0,0.0
3/3/2020 1:00,0.0,0.0
3/3/2020 2:00,0.0,0.0
3/3/2020 3:00,0.0,0.0
3/3/2020 4:00,0.0,0.0
3/3/2020 5:00,0.0,0.0
3/3/2020 6:00,0.0,0.0
3/3/2020 7:00,0.0,0.0
3/3/2020 8:00,0.07,0.01
3/3/2020 9:00,0.73,0.1
3/3/2020 10:00,1.73,0.25
3/3/2020 11:00,1.45,0.21
3/3/2020 12:00,1.58,0.23
3/3/2020 13:00,4.05,0.58
3/3/2020 14:00,2.83,0.4
3/3/2020 15:00,3.34,0.48
3/3/2020 16:00,1.74,0.25
3/3/2020 17:00,0.75,0.11
3/3/2020 18:00,0.81,0.12
3/3/2020 19:00,0.04,0.01
3/3/2020 20:00,0.0,0.0
3/3/2020 21:00,0.0,0.0
3/3/2020 22:00,0.0,0.0
3/3/2020 23:00,0.0,0.0
3/4/2020 0:00,0.0,0.0
3/4/2020 1:00,0.0,0.0
3/4/2020 2:00,0.0,0.0
3/4/2020 3:00,0.0,0.0
3/4/2020 4:00,0.0,0.0
3/4/2020 5:00,0.0,0.0
3/4/2020 6:00,0.0,0.0
3/4/2020 7:00,0.0,0.0
3/4/2020 8:00,0.11,0.02
3/4/2020 9:00,0.52,0.07
3/4/2020 10:00,2.82,0.4
3/4/2020 11:00,4.0,0.57
3/4/2020 12:00,4.15,0.59
3/4/2020 13:00,4.96,0.71
3/4/2020 14:00,5.39,0.77
3/4/2020 15:00,3.86,0.55
3/4/2020 16:00,2.59,0.37
3/4/2020 17:00,2.42,0.35
3/4/2020 18:00,0.95,0.14
3/4/2020 19:00,0.01,0.0
3/4/2020 20:00,0.0,0.0
3/4/2020 21:00,0.0,0.0
3/4/2020 22:00,0.0,0.0
3/4/2020 23:00,0.0,0.0
3/5/2020 0:00,0.0,0.0
3/5/2020 1:00,0.0,0.0
3/5/2020 2:00,0.0,0.0
3/5/2020 3:00,0.0,0.0
3/5/2020 4:00,0.0,0.0
3/5/2020 5:00,0.0,0.0
3/5/2020 6:00,0.0,0.0
3/5/2020 7:00,0.0,0.0
3/5/2020 8:00,0.04,0.01
3/5/2020 9:00,0.52,0.07
3/5/2020 10:00,2.2,0.31
3/5/2020 11:00,3.81,0.54
3/5/2020 12:00,3.1,0.44
3/5/2020 13:00,4.44,0.63
3/5/2020 14:00,3.89,0.56
3/5/2020 15:00,4.03,0.58
3/5/2020 16:00,3.74,0.53
3/5/2020 17:00,2.76,0.39
3/5/2020 18:00,0.72,0.1
3/5/2020 19:00,0.06,0.01
3/5/2020 20:00,0.0,0.0
3/5/2020 21:00,0.0,0.0
3/5/2020 22:00,0.0,0.0
3/5/2020 23:00,0.0,0.0
3/6/2020 0:00,0.0,0.0
3/6/2020 1:00,0.0,0.0
3/6/2020 2:00,0.0,0.0
3/6/2020 3:00,0.0,0.0
3/6/2020 4:00,0.0,0.0
3/6/2020 5:00,0.0,0.0
3/6/2020 6:00,0.0,0.0
3/6/2020 7:00,0.0,0.0
3/6/2020 8:00,0.33,0.05
3/6/2020 9:00,2.01,0.29
3/6/2020 10:00,3.46,0.49
3/6/2020 11:00,3.06,0.44
3/6/2020 12:00,5.07,0.72
3/6/2020 13:00,5.02,0.72
3/6/2020 14:00,4.95,0.71
3/6/2020 15:00,4.81,0.69
3/6/2020 16:00,3.96,0.57
3/6/2020 17:00,2.6,0.37
3/6/2020 18:00,0.99,0.14
3/6/2020 19:00,0.05,0.01
3/6/2020 20:00,0.0,0.0
3/6/2020 21:00,0.0,0.0
3/6/2020 22:00,0.0,0.0
3/6/2020 23:00,0.0,0.0
3/7/2020 0:00,0.0,0.0
3/7/2020 1:00,0.0,0.0
3/7/2020 2:00,0.0,0.0
3/7/2020 3:00,0.0,0.0
3/7/2020 4:00,0.0,0.0
3/7/2020 5:00,0.0,0.0
3/7/2020 6:00,0.0,0.0
3/7/2020 7:00,0.0,0.0
3/7/2020 8:00,0.43,0.06
3/7/2020 9:00,2.18,0.31
3/7/2020 10:00,3.69,0.53
3/7/2020 11:00,4.76,0.68
3/7/2020 12:00,5.43,0.78
3/7/2020 13:00,5.5,0.79
3/7/2020 14:00,5.29,0.76
3/7/2020 15:00,4.77,0.68
3/7/2020 16:00,3.89,0.56
3/7/2020 17:00,2.61,0.37
3/7/2020 18:00,1.04,0.15
3/7/2020 19:00,0.04,0.01
3/7/2020 20:00,0.0,0.0
3/7/2020 21:00,0.0,0.0
3/7/2020 22:00,0.0,0.0
3/7/2020 23:00,0.0,0.0
3/8/2020 0:00,0.0,0.0
3/8/2020 1:00,0.0,0.0
3/8/2020 2:00,0.0,0.0
3/8/2020 3:00,0.0,0.0
3/8/2020 4:00,0.0,0.0
3/8/2020 5:00,0.0,0.0
3/8/2020 6:00,0.0,0.0
3/8/2020 7:00,0.0,0.0
3/8/2020 8:00,0.46,0.07
3/8/2020 9:00,2.03,0.29
3/8/2020 10:00,3.52,0.5
3/8/2020 11:00,4.76,0.68
3/8/2020 12:00,4.75,0.68
3/8/2020 13:00,5.04,0.72
3/8/2020 14:00,4.22,0.6
3/8/2020 15:00,3.58,0.51
3/8/2020 16:00,2.47,0.35
3/8/2020 17:00,1.73,0.25
3/8/2020 18:00,0.57,0.08
3/8/2020 19:00,0.04,0.01
3/8/2020 20:00,0.0,0.0
3/8/2020 21:00,0.0,0.0
3/8/2020 22:00,0.0,0.0
3/8/2020 23:00,0.0,0.0
3/9/2020 0:00,0.0,0.0
3/9/2020 1:00,0.0,0.0
3/9/2020 2:00,0.0,0.0
3/9/2020 3:00,0.0,0.0
3/9/2020 4:00,0.0,0.0
3/9/2020 5:00,0.0,0.0
3/9/2020 6:00,0.0,0.0
3/9/2020 7:00,0.0,0.0
3/9/2020 8:00,0.44,0.06
3/9/2020 9:00,2.13,0.3
3/9/2020 10:00,3.68,0.53
3/9/2020 11:00,4.69,0.67
3/9/2020 12:00,5.18,0.74
3/9/2020 13:00,5.43,0.78
3/9/2020 14:00,5.29,0.76
3/9/2020 15:00,4.76,0.68
3/9/2020 16:00,3.88,0.55
3/9/2020 17:00,2.59,0.37
3/9/2020 18:00,0.8,0.11
3/9/2020 19:00,0.09,0.01
3/9/2020 20:00,0.0,0.0
3/9/2020 21:00,0.0,0.0
3/9/2020 22:00,0.0,0.0
3/9/2020 23:00,0.0,0.0
3/10/2020 0:00,0.0,0.0
3/10/2020 1:00,0.0,0.0
3/10/2020 2:00,0.0,0.0
3/10/2020 3:00,0.0,0.0
3/10/2020 4:00,0.0,0.0
3/10/2020 5:00,0.0,0.0
3/10/2020 6:00,0.0,0.0
3/10/2020 7:00,0.0,0.0
3/10/2020 8:00,0.49,0.07
3/10/2020 9:00,2.14,0.31
3/10/2020 10:00,3.59,0.51
3/10/2020 11:00,4.55,0.65
3/10/2020 12:00,5.05,0.72
3/10/2020 13:00,5.19,0.74
3/10/2020 14:00,5.05,0.72
3/10/2020 15:00,4.54,0.65
3/10/2020 16:00,3.7,0.53
3/10/2020 17:00,2.47,0.35
3/10/2020 18:00,0.98,0.14
3/10/2020 19:00,0.06,0.01
3/10/2020 20:00,0.0,0.0
3/10/2020 21:00,0.0,0.0
3/10/2020 22:00,0.0,0.0
3/10/2020 23:00,0.0,0.0
3/11/2020 0:00,0.0,0.0
3/11/2020 1:00,0.0,0.0
3/11/2020 2:00,0.0,0.0
3/11/2020 3:00,0.0,0.0
3/11/2020 4:00,0.0,0.0
3/11/2020 5:00,0.0,0.0
3/11/2020 6:00,0.0,0.0
3/11/2020 7:00,0.0,0.0
3/11/2020 8:00,0.47,0.07
3/11/2020 9:00,2.12,0.3
3/11/2020 10:00,3.5,0.5
3/11/2020 11:00,4.49,0.64
3/11/2020 12:00,4.95,0.71
3/11/2020 13:00,5.11,0.73
3/11/2020 14:00,5.04,0.72
3/11/2020 15:00,4.36,0.62
3/11/2020 16:00,3.23,0.46
3/11/2020 17:00,1.44,0.21
3/11/2020 18:00,1.12,0.16
3/11/2020 19:00,0.12,0.02
3/11/2020 20:00,0.0,0.0
3/11/2020 21:00,0.0,0.0
3/11/2020 22:00,0.0,0.0
3/11/2020 23:00,0.0,0.0
3/12/2020 0:00,0.0,0.0
3/12/2020 1:00,0.0,0.0
3/12/2020 2:00,0.0,0.0
3/12/2020 3:00,0.0,0.0
3/12/2020 4:00,0.0,0.0
3/12/2020 5:00,0.0,0.0
3/12/2020 6:00,0.0,0.0
3/12/2020 7:00,0.0,0.0
3/12/2020 8:00,0.35,0.05
3/12/2020 9:00,2.13,0.3
3/12/2020 10:00,3.23,0.46
3/12/2020 11:00,4.18,0.6
3/12/2020 12:00,4.77,0.68
3/12/2020 13:00,4.83,0.69
3/12/2020 14:00,4.74,0.68
3/12/2020 15:00,4.42,0.63
3/12/2020 16:00,3.73,0.53
3/12/2020 17:00,2.45,0.35
3/12/2020 18:00,0.89,0.13
3/12/2020 19:00,0.07,0.01
3/12/2020 20:00,0.0,0.0
3/12/2020 21:00,0.0,0.0
3/12/2020 22:00,0.0,0.0
3/12/2020 23:00,0.0,0.0
3/13/2020 0:00,0.0,0.0
3/13/2020 1:00,0.0,0.0
3/13/2020 2:00,0.0,0.0
3/13/2020 3:00,0.0,0.0
3/13/2020 4:00,0.0,0.0
3/13/2020 5:00,0.0,0.0
3/13/2020 6:00,0.0,0.0
3/13/2020 7:00,0.0,0.0
3/13/2020 8:00,0.53,0.08
3/13/2020 9:00,2.19,0.31
3/13/2020 10:00,3.63,0.52
3/13/2020 11:00,4.71,0.67
3/13/2020 12:00,5.28,0.75
3/13/2020 13:00,5.47,0.78
3/13/2020 14:00,5.29,0.76
3/13/2020 15:00,4.55,0.65
3/13/2020 16:00,3.49,0.5
3/13/2020 17:00,1.98,0.28
3/13/2020 18:00,0.81,0.12
3/13/2020 19:00,0.08,0.01
3/13/2020 20:00,0.0,0.0
3/13/2020 21:00,0.0,0.0
3/13/2020 22:00,0.0,0.0
3/13/2020 23:00,0.0,0.0
3/14/2020 0:00,0.0,0.0
3/14/2020 1:00,0.0,0.0
3/14/2020 2:00,0.0,0.0
3/14/2020 3:00,0.0,0.0
3/14/2020 4:00,0.0,0.0
3/14/2020 5:00,0.0,0.0
3/14/2020 6:00,0.0,0.0
3/14/2020 7:00,0.0,0.0
3/14/2020 8:00,0.53,0.08
3/14/2020 9:00,2.13,0.3
3/14/2020 10:00,3.57,0.51
3/14/2020 11:00,4.54,0.65
3/14/2020 12:00,5.07,0.72
3/14/2020 13:00,5.21,0.74
3/14/2020 14:00,5.05,0.72
3/14/2020 15:00,4.55,0.65
3/14/2020 16:00,3.66,0.52
3/14/2020 17:00,2.58,0.37
3/14/2020 18:00,1.0,0.14
3/14/2020 19:00,0.08,0.01
3/14/2020 20:00,0.0,0.0
3/14/2020 21:00,0.0,0.0
3/14/2020 22:00,0.0,0.0
3/14/2020 23:00,0.0,0.0
3/15/2020 0:00,0.0,0.0
3/15/2020 1:00,0.0,0.0
3/15/2020 2:00,0.0,0.0
3/15/2020 3:00,0.0,0.0
3/15/2020 4:00,0.0,0.0
3/15/2020 5:00,0.0,0.0
3/15/2020 6:00,0.0,0.0
3/15/2020 7:00,0.0,0.0
3/15/2020 8:00,0.26,0.04
3/15/2020 9:00,1.52,0.22
3/15/2020 10:00,3.46,0.49
3/15/2020 11:00,4.51,0.64
3/15/2020 12:00,5.05,0.72
3/15/2020 13:00,4.63,0.66
3/15/2020 14:00,5.08,0.73
3/15/2020 15:00,4.9,0.7
3/15/2020 16:00,3.98,0.57
3/15/2020 17:00,2.4,0.34
3/15/2020 18:00,0.51,0.07
3/15/2020 19:00,0.04,0.01
3/15/2020 20:00,0.0,0.0
3/15/2020 21:00,0.0,0.0
3/15/2020 22:00,0.0,0.0
3/15/2020 23:00,0.0,0.0
3/16/2020 0:00,0.0,0.0
3/16/2020 1:00,0.0,0.0
3/16/2020 2:00,0.0,0.0
3/16/2020 3:00,0.0,0.0
3/16/2020 4:00,0.0,0.0
3/16/2020 5:00,0.0,0.0
3/16/2020 6:00,0.0,0.0
3/16/2020 7:00,0.0,0.0
3/16/2020 8:00,0.65,0.09
3/16/2020 9:00,2.22,0.32
3/16/2020 10:00,3.16,0.45
3/16/2020 11:00,4.29,0.61
3/16/2020 12:00,4.47,0.64
3/16/2020 13:00,5.08,0.73
3/16/2020 14:00,5.46,0.78
3/16/2020 15:00,4.55,0.65
3/16/2020 16:00,3.64,0.52
3/16/2020 17:00,2.36,0.34
3/16/2020 18:00,0.89,0.13
3/16/2020 19:00,0.08,0.01
3/16/2020 20:00,0.0,0.0
3/16/2020 21:00,0.0,0.0
3/16/2020 22:00,0.0,0.0
3/16/2020 23:00,0.0,0.0
3/17/2020 0:00,0.0,0.0
3/17/2020 1:00,0.0,0.0
3/17/2020 2:00,0.0,0.0
3/17/2020 3:00,0.0,0.0
3/17/2020 4:00,0.0,0.0
3/17/2020 5:00,0.0,0.0
3/17/2020 6:00,0.0,0.0
3/17/2020 7:00,0.0,0.0
3/17/2020 8:00,0.68,0.1
3/17/2020 9:00,2.31,0.33
3/17/2020 10:00,3.12,0.45
3/17/2020 11:00,4.37,0.62
3/17/2020 12:00,3.2,0.46
3/17/2020 13:00,3.45,0.49
3/17/2020 14:00,1.95,0.28
3/17/2020 15:00,3.57,0.51
3/17/2020 16:00,2.56,0.37
3/17/2020 17:00,2.51,0.36
3/17/2020 18:00,0.53,0.08
3/17/2020 19:00,0.05,0.01
3/17/2020 20:00,0.0,0.0
3/17/2020 21:00,0.0,0.0
3/17/2020 22:00,0.0,0.0
3/17/2020 23:00,0.0,0.0
3/18/2020 0:00,0.0,0.0
3/18/2020 1:00,0.0,0.0
3/18/2020 2:00,0.0,0.0
3/18/2020 3:00,0.0,0.0
3/18/2020 4:00,0.0,0.0
3/18/2020 5:00,0.0,0.0
3/18/2020 6:00,0.0,0.0
3/18/2020 7:00,0.0,0.0
3/18/2020 8:00,0.64,0.09
3/18/2020 9:00,1.83,0.26
3/18/2020 10:00,3.22,0.46
3/18/2020 11:00,4.38,0.63
3/18/2020 12:00,4.93,0.7
3/18/2020 13:00,5.02,0.72
3/18/2020 14:00,4.85,0.69
3/18/2020 15:00,4.1,0.59
3/18/2020 16:00,3.3,0.47
3/18/2020 17:00,2.08,0.3
3/18/2020 18:00,0.84,0.12
3/18/2020 19:00,0.11,0.02
3/18/2020 20:00,0.0,0.0
3/18/2020 21:00,0.0,0.0
3/18/2020 22:00,0.0,0.0
3/18/2020 23:00,0.0,0.0
3/19/2020 0:00,0.0,0.0
3/19/2020 1:00,0.0,0.0
3/19/2020 2:00,0.0,0.0
3/19/2020 3:00,0.0,0.0
3/19/2020 4:00,0.0,0.0
3/19/2020 5:00,0.0,0.0
3/19/2020 6:00,0.0,0.0
3/19/2020 7:00,0.01,0.0
3/19/2020 8:00,0.54,0.08
3/19/2020 9:00,1.27,0.18
3/19/2020 10:00,1.33,0.19
3/19/2020 11:00,1.61,0.23
3/19/2020 12:00,3.75,0.54
3/19/2020 13:00,4.68,0.67
3/19/2020 14:00,4.42,0.63
3/19/2020 15:00,3.18,0.45
3/19/2020 16:00,3.17,0.45
3/19/2020 17:00,1.95,0.28
3/19/2020 18:00,0.4,0.06
3/19/2020 19:00,0.04,0.01
3/19/2020 20:00,0.0,0.0
3/19/2020 21:00,0.0,0.0
3/19/2020 22:00,0.0,0.0
3/19/2020 23:00,0.0,0.0
3/20/2020 0:00,0.0,0.0
3/20/2020 1:00,0.0,0.0
3/20/2020 2:00,0.0,0.0
3/20/2020 3:00,0.0,0.0
3/20/2020 4:00,0.0,0.0
3/20/2020 5:00,0.0,0.0
3/20/2020 6:00,0.0,0.0
3/20/2020 7:00,0.0,0.0
3/20/2020 8:00,0.0,0.0
3/20/2020 9:00,0.02,0.0
3/20/2020 10:00,0.13,0.02
3/20/2020 11:00,0.26,0.04
3/20/2020 12:00,0.39,0.06
3/20/2020 13:00,0.35,0.05
3/20/2020 14:00,0.42,0.06
3/20/2020 15:00,0.75,0.11
3/20/2020 16:00,0.29,0.04
3/20/2020 17:00,0.25,0.04
3/20/2020 18:00,0.94,0.13
3/20/2020 19:00,0.13,0.02
3/20/2020 20:00,0.0,0.0
3/20/2020 21:00,0.0,0.0
3/20/2020 22:00,0.0,0.0
3/20/2020 23:00,0.0,0.0
3/21/2020 0:00,0.0,0.0
3/21/2020 1:00,0.0,0.0
3/21/2020 2:00,0.0,0.0
3/21/2020 3:00,0.0,0.0
3/21/2020 4:00,0.0,0.0
3/21/2020 5:00,0.0,0.0
3/21/2020 6:00,0.0,0.0
3/21/2020 7:00,0.0,0.0
3/21/2020 8:00,0.88,0.13
3/21/2020 9:00,2.19,0.31
3/21/2020 10:00,2.6,0.37
3/21/2020 11:00,0.87,0.12
3/21/2020 12:00,2.9,0.41
3/21/2020 13:00,3.2,0.46
3/21/2020 14:00,4.01,0.57
3/21/2020 15:00,3.39,0.48
3/21/2020 16:00,4.43,0.63
3/21/2020 17:00,3.01,0.43
3/21/2020 18:00,0.31,0.04
3/21/2020 19:00,0.0,0.0
3/21/2020 20:00,0.0,0.0
3/21/2020 21:00,0.0,0.0
3/21/2020 22:00,0.0,0.0
3/21/2020 23:00,0.0,0.0
3/22/2020 0:00,0.0,0.0
3/22/2020 1:00,0.0,0.0
3/22/2020 2:00,0.0,0.0
3/22/2020 3:00,0.0,0.0
3/22/2020 4:00,0.0,0.0
3/22/2020 5:00,0.0,0.0
3/22/2020 6:00,0.0,0.0
3/22/2020 7:00,0.01,0.0
3/22/2020 8:00,0.82,0.12
3/22/2020 9:00,2.49,0.36
3/22/2020 10:00,3.9,0.56
3/22/2020 11:00,4.86,0.69
3/22/2020 12:00,5.35,0.76
3/22/2020 13:00,3.68,0.53
3/22/2020 14:00,2.54,0.36
3/22/2020 15:00,1.65,0.24
3/22/2020 16:00,1.0,0.14
3/22/2020 17:00,1.94,0.28
3/22/2020 18:00,1.1,0.16
3/22/2020 19:00,0.1,0.01
3/22/2020 20:00,0.0,0.0
3/22/2020 21:00,0.0,0.0
3/22/2020 22:00,0.0,0.0
3/22/2020 23:00,0.0,0.0
3/23/2020 0:00,0.0,0.0
3/23/2020 1:00,0.0,0.0
3/23/2020 2:00,0.0,0.0
3/23/2020 3:00,0.0,0.0
3/23/2020 4:00,0.0,0.0
3/23/2020 5:00,0.0,0.0
3/23/2020 6:00,0.0,0.0
3/23/2020 7:00,0.0,0.0
3/23/2020 8:00,0.27,0.04
3/23/2020 9:00,1.03,0.15
3/23/2020 10:00,2.72,0.39
3/23/2020 11:00,4.68,0.67
3/23/2020 12:00,5.25,0.75
3/23/2020 13:00,5.49,0.78
3/23/2020 14:00,4.95,0.71
3/23/2020 15:00,2.47,0.35
3/23/2020 16:00,3.03,0.43
3/23/2020 17:00,2.18,0.31
3/23/2020 18:00,0.87,0.12
3/23/2020 19:00,0.14,0.02
3/23/2020 20:00,0.0,0.0
3/23/2020 21:00,0.0,0.0
3/23/2020 22:00,0.0,0.0
3/23/2020 23:00,0.0,0.0
3/24/2020 0:00,0.0,0.0
3/24/2020 1:00,0.0,0.0
3/24/2020 2:00,0.0,0.0
3/24/2020 3:00,0.0,0.0
3/24/2020 4:00,0.0,0.0
3/24/2020 5:00,0.0,0.0
3/24/2020 6:00,0.0,0.0
3/24/2020 7:00,0.02,0.0
3/24/2020 8:00,0.86,0.12
3/24/2020 9:00,2.5,0.36
3/24/2020 10:00,3.92,0.56
3/24/2020 11:00,4.95,0.71
3/24/2020 12:00,4.81,0.69
3/24/2020 13:00,3.65,0.52
3/24/2020 14:00,3.36,0.48
3/24/2020 15:00,3.18,0.45
3/24/2020 16:00,1.5,0.21
3/24/2020 17:00,1.02,0.15
3/24/2020 18:00,0.42,0.06
3/24/2020 19:00,0.09,0.01
3/24/2020 20:00,0.0,0.0
3/24/2020 21:00,0.0,0.0
3/24/2020 22:00,0.0,0.0
3/24/2020 23:00,0.0,0.0
3/25/2020 0:00,0.0,0.0
3/25/2020 1:00,0.0,0.0
3/25/2020 2:00,0.0,0.0
3/25/2020 3:00,0.0,0.0
3/25/2020 4:00,0.0,0.0
3/25/2020 5:00,0.0,0.0
3/25/2020 6:00,0.0,0.0
3/25/2020 7:00,0.02,0.0
3/25/2020 8:00,0.79,0.11
3/25/2020 9:00,2.41,0.34
3/25/2020 10:00,3.79,0.54
3/25/2020 11:00,4.75,0.68
3/25/2020 12:00,5.26,0.75
3/25/2020 13:00,5.35,0.76
3/25/2020 14:00,4.94,0.71
3/25/2020 15:00,1.96,0.28
3/25/2020 16:00,1.81,0.26
3/25/2020 17:00,1.2,0.17
3/25/2020 18:00,0.5,0.07
3/25/2020 19:00,0.07,0.01
3/25/2020 20:00,0.0,0.0
3/25/2020 21:00,0.0,0.0
3/25/2020 22:00,0.0,0.0
3/25/2020 23:00,0.0,0.0
3/26/2020 0:00,0.0,0.0
3/26/2020 1:00,0.0,0.0
3/26/2020 2:00,0.0,0.0
3/26/2020 3:00,0.0,0.0
3/26/2020 4:00,0.0,0.0
3/26/2020 5:00,0.0,0.0
3/26/2020 6:00,0.0,0.0
3/26/2020 7:00,0.03,0.0
3/26/2020 8:00,0.88,0.13
3/26/2020 9:00,2.47,0.35
3/26/2020 10:00,3.98,0.57
3/26/2020 11:00,4.95,0.71
3/26/2020 12:00,5.57,0.8
3/26/2020 13:00,5.67,0.81
3/26/2020 14:00,5.37,0.77
3/26/2020 15:00,4.37,0.62
3/26/2020 16:00,3.99,0.57
3/26/2020 17:00,2.86,0.41
3/26/2020 18:00,1.08,0.15
3/26/2020 19:00,0.11,0.02
3/26/2020 20:00,0.0,0.0
3/26/2020 21:00,0.0,0.0
3/26/2020 22:00,0.0,0.0
3/26/2020 23:00,0.0,0.0
3/27/2020 0:00,0.0,0.0
3/27/2020 1:00,0.0,0.0
3/27/2020 2:00,0.0,0.0
3/27/2020 3:00,0.0,0.0
3/27/2020 4:00,0.0,0.0
3/27/2020 5:00,0.0,0.0
3/27/2020 6:00,0.0,0.0
3/27/2020 7:00,0.05,0.01
3/27/2020 8:00,0.92,0.13
3/27/2020 9:00,1.94,0.28
3/27/2020 10:00,2.26,0.32
3/27/2020 11:00,4.68,0.67
3/27/2020 12:00,5.51,0.79
3/27/2020 13:00,5.61,0.8
3/27/2020 14:00,5.35,0.76
3/27/2020 15:00,4.85,0.69
3/27/2020 16:00,3.99,0.57
3/27/2020 17:00,2.69,0.38
3/27/2020 18:00,1.18,0.17
3/27/2020 19:00,0.15,0.02
3/27/2020 20:00,0.0,0.0
3/27/2020 21:00,0.0,0.0
3/27/2020 22:00,0.0,0.0
3/27/2020 23:00,0.0,0.0
3/28/2020 0:00,0.0,0.0
3/28/2020 1:00,0.0,0.0
3/28/2020 2:00,0.0,0.0
3/28/2020 3:00,0.0,0.0
3/28/2020 4:00,0.0,0.0
3/28/2020 5:00,0.0,0.0
3/28/2020 6:00,0.0,0.0
3/28/2020 7:00,0.0,0.0
3/28/2020 8:00,0.88,0.13
3/28/2020 9:00,2.72,0.39
3/28/2020 10:00,4.14,0.59
3/28/2020 11:00,5.13,0.73
3/28/2020 12:00,5.64,0.81
3/28/2020 13:00,5.67,0.81
3/28/2020 14:00,5.12,0.73
3/28/2020 15:00,3.7,0.53
3/28/2020 16:00,2.96,0.42
3/28/2020 17:00,2.14,0.31
3/28/2020 18:00,1.18,0.17
3/28/2020 19:00,0.16,0.02
3/28/2020 20:00,0.0,0.0
3/28/2020 21:00,0.0,0.0
3/28/2020 22:00,0.0,0.0
3/28/2020 23:00,0.0,0.0
3/29/2020 0:00,0.0,0.0
3/29/2020 2:00,0.0,0.0
3/29/2020 3:00,0.0,0.0
3/29/2020 4:00,0.0,0.0
3/29/2020 5:00,0.0,0.0
3/29/2020 6:00,0.0,0.0
3/29/2020 7:00,0.0,0.0
3/29/2020 8:00,0.0,0.0
3/29/2020 9:00,0.04,0.01
3/29/2020 10:00,0.56,0.08
3/29/2020 11:00,2.15,0.31
3/29/2020 12:00,3.81,0.54
3/29/2020 13:00,4.48,0.64
3/29/2020 14:00,4.89,0.7
3/29/2020 15:00,4.58,0.65
3/29/2020 16:00,4.25,0.61
3/29/2020 17:00,2.71,0.39
3/29/2020 18:00,3.45,0.49
3/29/2020 19:00,1.92,0.27
3/29/2020 20:00,0.93,0.13
3/29/2020 21:00,0.13,0.02
3/29/2020 22:00,0.0,0.0
3/29/2020 23:00,0.0,0.0
3/30/2020 0:00,0.0,0.0
3/30/2020 1:00,0.0,0.0
3/30/2020 2:00,0.0,0.0
3/30/2020 3:00,0.0,0.0
3/30/2020 4:00,0.0,0.0
3/30/2020 5:00,0.0,0.0
3/30/2020 6:00,0.0,0.0
3/30/2020 7:00,0.0,0.0
3/30/2020 8:00,0.04,0.01
3/30/2020 9:00,0.29,0.04
3/30/2020 10:00,0.51,0.07
3/30/2020 11:00,0.56,0.08
3/30/2020 12:00,1.29,0.18
3/30/2020 13:00,1.04,0.15
3/30/2020 14:00,1.12,0.16
3/30/2020 15:00,1.62,0.23
3/30/2020 16:00,1.48,0.21
3/30/2020 17:00,0.64,0.09
3/30/2020 18:00,0.45,0.06
3/30/2020 19:00,0.01,0.0
3/30/2020 20:00,0.0,0.0
3/30/2020 21:00,0.0,0.0
3/30/2020 22:00,0.0,0.0
3/30/2020 23:00,0.0,0.0
3/31/2020 0:00,0.0,0.0
3/31/2020 1:00,0.0,0.0
3/31/2020 2:00,0.0,0.0
3/31/2020 3:00,0.0,0.0
3/31/2020 4:00,0.0,0.0
3/31/2020 5:00,0.0,0.0
3/31/2020 6:00,0.0,0.0
3/31/2020 7:00,0.0,0.0
3/31/2020 8:00,0.0,0.0
3/31/2020 9:00,0.14,0.02
3/31/2020 10:00,0.61,0.09
3/31/2020 11:00,1.02,0.15
3/31/2020 12:00,0.97,0.14
3/31/2020 13:00,1.14,0.16
3/31/2020 14:00,2.41,0.34
3/31/2020 15:00,3.7,0.53
3/31/2020 16:00,4.1,0.59
3/31/2020 17:00,4.24,0.61
3/31/2020 18:00,2.4,0.34
3/31/2020 19:00,0.91,0.13
3/31/2020 20:00,0.16,0.02
3/31/2020 21:00,0.0,0.0
3/31/2020 22:00,0.0,0.0
3/31/2020 23:00,0.0,0.0
4/1/2020 0:00,0.0,0.0
4/1/2020 1:00,0.0,0.0
4/1/2020 2:00,0.0,0.0
4/1/2020 3:00,0.0,0.0
4/1/2020 4:00,0.0,0.0
4/1/2020 5:00,0.0,0.0
4/1/2020 6:00,0.0,0.0
4/1/2020 7:00,0.0,0.0
4/1/2020 8:00,0.09,0.01
4/1/2020 9:00,0.59,0.08
4/1/2020 10:00,0.43,0.06
4/1/2020 11:00,1.38,0.2
4/1/2020 12:00,0.92,0.13
4/1/2020 13:00,0.86,0.12
4/1/2020 14:00,0.93,0.13
4/1/2020 15:00,0.95,0.14
4/1/2020 16:00,1.45,0.21
4/1/2020 17:00,2.89,0.41
4/1/2020 18:00,2.44,0.35
4/1/2020 19:00,0.45,0.06
4/1/2020 20:00,0.2,0.03
4/1/2020 21:00,0.0,0.0
4/1/2020 22:00,0.0,0.0
4/1/2020 23:00,0.0,0.0
4/2/2020 0:00,0.0,0.0
4/2/2020 1:00,0.0,0.0
4/2/2020 2:00,0.0,0.0
4/2/2020 3:00,0.0,0.0
4/2/2020 4:00,0.0,0.0
4/2/2020 5:00,0.0,0.0
4/2/2020 6:00,0.0,0.0
4/2/2020 7:00,0.0,0.0
4/2/2020 8:00,0.06,0.01
4/2/2020 9:00,1.02,0.15
4/2/2020 10:00,2.73,0.39
4/2/2020 11:00,4.05,0.58
4/2/2020 12:00,4.95,0.71
4/2/2020 13:00,5.48,0.78
4/2/2020 14:00,4.9,0.7
4/2/2020 15:00,5.17,0.74
4/2/2020 16:00,4.6,0.66
4/2/2020 17:00,3.84,0.55
4/2/2020 18:00,2.78,0.4
4/2/2020 19:00,1.24,0.18
4/2/2020 20:00,0.15,0.02
4/2/2020 21:00,0.0,0.0
4/2/2020 22:00,0.0,0.0
4/2/2020 23:00,0.0,0.0
4/3/2020 0:00,0.0,0.0
4/3/2020 1:00,0.0,0.0
4/3/2020 2:00,0.0,0.0
4/3/2020 3:00,0.0,0.0
4/3/2020 4:00,0.0,0.0
4/3/2020 5:00,0.0,0.0
4/3/2020 6:00,0.0,0.0
4/3/2020 7:00,0.0,0.0
4/3/2020 8:00,0.07,0.01
4/3/2020 9:00,0.63,0.09
4/3/2020 10:00,2.6,0.37
4/3/2020 11:00,4.04,0.58
4/3/2020 12:00,4.98,0.71
4/3/2020 13:00,5.48,0.78
4/3/2020 14:00,5.67,0.81
4/3/2020 15:00,5.42,0.77
4/3/2020 16:00,4.9,0.7
4/3/2020 17:00,3.99,0.57
4/3/2020 18:00,2.77,0.4
4/3/2020 19:00,1.14,0.16
4/3/2020 20:00,0.13,0.02
4/3/2020 21:00,0.0,0.0
4/3/2020 22:00,0.0,0.0
4/3/2020 23:00,0.0,0.0
4/4/2020 0:00,0.0,0.0
4/4/2020 1:00,0.0,0.0
4/4/2020 2:00,0.0,0.0
4/4/2020 3:00,0.0,0.0
4/4/2020 4:00,0.0,0.0
4/4/2020 5:00,0.0,0.0
4/4/2020 6:00,0.0,0.0
4/4/2020 7:00,0.0,0.0
4/4/2020 8:00,0.01,0.0
4/4/2020 9:00,0.36,0.05
4/4/2020 10:00,0.75,0.11
4/4/2020 11:00,0.87,0.12
4/4/2020 12:00,1.05,0.15
4/4/2020 13:00,1.19,0.17
4/4/2020 14:00,1.68,0.24
4/4/2020 15:00,2.12,0.3
4/4/2020 16:00,2.96,0.42
4/4/2020 17:00,1.61,0.23
4/4/2020 18:00,1.97,0.28
4/4/2020 19:00,0.82,0.12
4/4/2020 20:00,0.1,0.01
4/4/2020 21:00,0.0,0.0
4/4/2020 22:00,0.0,0.0
4/4/2020 23:00,0.0,0.0
4/5/2020 0:00,0.0,0.0
4/5/2020 1:00,0.0,0.0
4/5/2020 2:00,0.0,0.0
4/5/2020 3:00,0.0,0.0
4/5/2020 4:00,0.0,0.0
4/5/2020 5:00,0.0,0.0
4/5/2020 6:00,0.0,0.0
4/5/2020 7:00,0.0,0.0
4/5/2020 8:00,0.0,0.0
4/5/2020 9:00,0.02,0.0
4/5/2020 10:00,0.1,0.01
4/5/2020 11:00,0.28,0.04
4/5/2020 12:00,0.32,0.05
4/5/2020 13:00,0.7,0.1
4/5/2020 14:00,1.12,0.16
4/5/2020 15:00,0.57,0.08
4/5/2020 16:00,0.4,0.06
4/5/2020 17:00,0.85,0.12
4/5/2020 18:00,1.17,0.17
4/5/2020 19:00,0.36,0.05
4/5/2020 20:00,0.07,0.01
4/5/2020 21:00,0.0,0.0
4/5/2020 22:00,0.0,0.0
4/5/2020 23:00,0.0,0.0
4/6/2020 0:00,0.0,0.0
4/6/2020 1:00,0.0,0.0
4/6/2020 2:00,0.0,0.0
4/6/2020 3:00,0.0,0.0
4/6/2020 4:00,0.0,0.0
4/6/2020 5:00,0.0,0.0
4/6/2020 6:00,0.0,0.0
4/6/2020 7:00,0.0,0.0
4/6/2020 8:00,0.01,0.0
4/6/2020 9:00,0.26,0.04
4/6/2020 10:00,0.35,0.05
4/6/2020 11:00,0.36,0.05
4/6/2020 12:00,0.48,0.07
4/6/2020 13:00,0.41,0.06
4/6/2020 14:00,0.51,0.07
4/6/2020 15:00,0.09,0.01
4/6/2020 16:00,0.25,0.04
4/6/2020 17:00,0.27,0.04
4/6/2020 18:00,0.2,0.03
4/6/2020 19:00,0.1,0.01
4/6/2020 20:00,0.0,0.0
4/6/2020 21:00,0.0,0.0
4/6/2020 22:00,0.0,0.0
4/6/2020 23:00,0.0,0.0
4/7/2020 0:00,0.0,0.0
4/7/2020 1:00,0.0,0.0
4/7/2020 2:00,0.0,0.0
4/7/2020 3:00,0.0,0.0
4/7/2020 4:00,0.0,0.0
4/7/2020 5:00,0.0,0.0
4/7/2020 6:00,0.0,0.0
4/7/2020 7:00,0.0,0.0
4/7/2020 8:00,0.04,0.01
4/7/2020 9:00,0.31,0.04
4/7/2020 10:00,0.67,0.1
4/7/2020 11:00,0.85,0.12
4/7/2020 12:00,1.44,0.21
4/7/2020 13:00,1.72,0.25
4/7/2020 14:00,2.95,0.42
4/7/2020 15:00,3.24,0.46
4/7/2020 16:00,4.92,0.7
4/7/2020 17:00,3.18,0.45
4/7/2020 18:00,2.23,0.32
4/7/2020 19:00,1.16,0.17
4/7/2020 20:00,0.17,0.02
4/7/2020 21:00,0.0,0.0
4/7/2020 22:00,0.0,0.0
4/7/2020 23:00,0.0,0.0
4/8/2020 0:00,0.0,0.0
4/8/2020 1:00,0.0,0.0
4/8/2020 2:00,0.0,0.0
4/8/2020 3:00,0.0,0.0
4/8/2020 4:00,0.0,0.0
4/8/2020 5:00,0.0,0.0
4/8/2020 6:00,0.0,0.0
4/8/2020 7:00,0.0,0.0
4/8/2020 8:00,0.08,0.01
4/8/2020 9:00,0.27,0.04
4/8/2020 10:00,0.45,0.06
4/8/2020 11:00,1.97,0.28
4/8/2020 12:00,2.08,0.3
4/8/2020 13:00,1.74,0.25
4/8/2020 14:00,2.09,0.3
4/8/2020 15:00,2.02,0.29
4/8/2020 16:00,2.03,0.29
4/8/2020 17:00,1.98,0.28
4/8/2020 18:00,1.2,0.17
4/8/2020 19:00,0.52,0.07
4/8/2020 20:00,0.06,0.01
4/8/2020 21:00,0.0,0.0
4/8/2020 22:00,0.0,0.0
4/8/2020 23:00,0.0,0.0
4/9/2020 0:00,0.0,0.0
4/9/2020 1:00,0.0,0.0
4/9/2020 2:00,0.0,0.0
4/9/2020 3:00,0.0,0.0
4/9/2020 4:00,0.0,0.0
4/9/2020 5:00,0.0,0.0
4/9/2020 6:00,0.0,0.0
4/9/2020 7:00,0.0,0.0
4/9/2020 8:00,0.0,0.0
4/9/2020 9:00,0.13,0.02
4/9/2020 10:00,0.47,0.07
4/9/2020 11:00,0.66,0.09
4/9/2020 12:00,0.86,0.12
4/9/2020 13:00,2.27,0.32
4/9/2020 14:00,2.56,0.37
4/9/2020 15:00,4.13,0.59
4/9/2020 16:00,2.55,0.36
4/9/2020 17:00,1.23,0.18
4/9/2020 18:00,1.15,0.16
4/9/2020 19:00,1.3,0.19
4/9/2020 20:00,0.14,0.02
4/9/2020 21:00,0.0,0.0
4/9/2020 22:00,0.0,0.0
4/9/2020 23:00,0.0,0.0
4/10/2020 0:00,0.0,0.0
4/10/2020 1:00,0.0,0.0
4/10/2020 2:00,0.0,0.0
4/10/2020 3:00,0.0,0.0
4/10/2020 4:00,0.0,0.0
4/10/2020 5:00,0.0,0.0
4/10/2020 6:00,0.0,0.0
4/10/2020 7:00,0.0,0.0
4/10/2020 8:00,0.2,0.03
4/10/2020 9:00,1.22,0.17
4/10/2020 10:00,2.2,0.31
4/10/2020 11:00,2.47,0.35
4/10/2020 12:00,4.13,0.59
4/10/2020 13:00,2.92,0.42
4/10/2020 14:00,2.63,0.38
4/10/2020 15:00,1.03,0.15
4/10/2020 16:00,3.35,0.48
4/10/2020 17:00,4.26,0.61
4/10/2020 18:00,2.81,0.4
4/10/2020 19:00,1.28,0.18
4/10/2020 20:00,0.17,0.02
4/10/2020 21:00,0.0,0.0
4/10/2020 22:00,0.0,0.0
4/10/2020 23:00,0.0,0.0
4/11/2020 0:00,0.0,0.0
4/11/2020 1:00,0.0,0.0
4/11/2020 2:00,0.0,0.0
4/11/2020 3:00,0.0,0.0
4/11/2020 4:00,0.0,0.0
4/11/2020 5:00,0.0,0.0
4/11/2020 6:00,0.0,0.0
4/11/2020 7:00,0.0,0.0
4/11/2020 8:00,0.1,0.01
4/11/2020 9:00,0.55,0.08
4/11/2020 10:00,0.98,0.14
4/11/2020 11:00,1.88,0.27
4/11/2020 12:00,3.72,0.53
4/11/2020 13:00,4.84,0.69
4/11/2020 14:00,5.43,0.78
4/11/2020 15:00,4.99,0.71
4/11/2020 16:00,5.08,0.73
4/11/2020 17:00,3.73,0.53
4/11/2020 18:00,2.73,0.39
4/11/2020 19:00,1.24,0.18
4/11/2020 20:00,0.18,0.03
4/11/2020 21:00,0.0,0.0
4/11/2020 22:00,0.0,0.0
4/11/2020 23:00,0.0,0.0
4/12/2020 0:00,0.0,0.0
4/12/2020 1:00,0.0,0.0
4/12/2020 2:00,0.0,0.0
4/12/2020 3:00,0.0,0.0
4/12/2020 4:00,0.0,0.0
4/12/2020 5:00,0.0,0.0
4/12/2020 6:00,0.0,0.0
4/12/2020 7:00,0.0,0.0
4/12/2020 8:00,0.1,0.01
4/12/2020 9:00,0.95,0.14
4/12/2020 10:00,2.38,0.34
4/12/2020 11:00,4.01,0.57
4/12/2020 12:00,4.84,0.69
4/12/2020 13:00,5.13,0.73
4/12/2020 14:00,5.06,0.72
4/12/2020 15:00,4.63,0.66
4/12/2020 16:00,3.74,0.53
4/12/2020 17:00,3.58,0.51
4/12/2020 18:00,2.38,0.34
4/12/2020 19:00,0.86,0.12
4/12/2020 20:00,0.19,0.03
4/12/2020 21:00,0.0,0.0
4/12/2020 22:00,0.0,0.0
4/12/2020 23:00,0.0,0.0
4/13/2020 0:00,0.0,0.0
4/13/2020 1:00,0.0,0.0
4/13/2020 2:00,0.0,0.0
4/13/2020 3:00,0.0,0.0
4/13/2020 4:00,0.0,0.0
4/13/2020 5:00,0.0,0.0
4/13/2020 6:00,0.0,0.0
4/13/2020 7:00,0.0,0.0
4/13/2020 8:00,0.13,0.02
4/13/2020 9:00,1.1,0.16
4/13/2020 10:00,2.09,0.3
4/13/2020 11:00,1.01,0.14
4/13/2020 12:00,1.37,0.2
4/13/2020 13:00,1.37,0.2
4/13/2020 14:00,2.36,0.34
4/13/2020 15:00,1.32,0.19
4/13/2020 16:00,1.82,0.26
4/13/2020 17:00,2.79,0.4
4/13/2020 18:00,1.51,0.22
4/13/2020 19:00,0.73,0.1
4/13/2020 20:00,0.24,0.03
4/13/2020 21:00,0.0,0.0
4/13/2020 22:00,0.0,0.0
4/13/2020 23:00,0.0,0.0
4/14/2020 0:00,0.0,0.0
4/14/2020 1:00,0.0,0.0
4/14/2020 2:00,0.0,0.0
4/14/2020 3:00,0.0,0.0
4/14/2020 4:00,0.0,0.0
4/14/2020 5:00,0.0,0.0
4/14/2020 6:00,0.0,0.0
4/14/2020 7:00,0.0,0.0
4/14/2020 8:00,0.0,0.0
4/14/2020 9:00,0.21,0.03
4/14/2020 10:00,0.74,0.11
4/14/2020 11:00,2.9,0.41
4/14/2020 12:00,4.93,0.7
4/14/2020 13:00,5.46,0.78
4/14/2020 14:00,4.31,0.62
4/14/2020 15:00,4.34,0.62
4/14/2020 16:00,3.46,0.49
4/14/2020 17:00,0.47,0.07
4/14/2020 18:00,0.53,0.08
4/14/2020 19:00,0.33,0.05
4/14/2020 20:00,0.08,0.01
4/14/2020 21:00,0.0,0.0
4/14/2020 22:00,0.0,0.0
4/14/2020 23:00,0.0,0.0
4/15/2020 0:00,0.0,0.0
4/15/2020 1:00,0.0,0.0
4/15/2020 2:00,0.0,0.0
4/15/2020 3:00,0.0,0.0
4/15/2020 4:00,0.0,0.0
4/15/2020 5:00,0.0,0.0
4/15/2020 6:00,0.0,0.0
4/15/2020 7:00,0.0,0.0
4/15/2020 8:00,0.05,0.01
4/15/2020 9:00,0.11,0.02
4/15/2020 10:00,0.89,0.13
4/15/2020 11:00,1.59,0.23
4/15/2020 12:00,3.58,0.51
4/15/2020 13:00,4.28,0.61
4/15/2020 14:00,4.82,0.69
4/15/2020 15:00,2.12,0.3
4/15/2020 16:00,2.53,0.36
4/15/2020 17:00,2.31,0.33
4/15/2020 18:00,0.98,0.14
4/15/2020 19:00,0.52,0.07
4/15/2020 20:00,0.22,0.03
4/15/2020 21:00,0.0,0.0
4/15/2020 22:00,0.0,0.0
4/15/2020 23:00,0.0,0.0
4/16/2020 0:00,0.0,0.0
4/16/2020 1:00,0.0,0.0
4/16/2020 2:00,0.0,0.0
4/16/2020 3:00,0.0,0.0
4/16/2020 4:00,0.0,0.0
4/16/2020 5:00,0.0,0.0
4/16/2020 6:00,0.0,0.0
4/16/2020 7:00,0.0,0.0
4/16/2020 8:00,0.02,0.0
4/16/2020 9:00,0.06,0.01
4/16/2020 10:00,0.59,0.08
4/16/2020 11:00,1.38,0.2
4/16/2020 12:00,1.53,0.22
4/16/2020 13:00,2.62,0.37
4/16/2020 14:00,0.68,0.1
4/16/2020 15:00,1.23,0.18
4/16/2020 16:00,2.41,0.34
4/16/2020 17:00,1.17,0.17
4/16/2020 18:00,1.31,0.19
4/16/2020 19:00,0.44,0.06
4/16/2020 20:00,0.11,0.02
4/16/2020 21:00,0.0,0.0
4/16/2020 22:00,0.0,0.0
4/16/2020 23:00,0.0,0.0
4/17/2020 0:00,0.0,0.0
4/17/2020 1:00,0.0,0.0
4/17/2020 2:00,0.0,0.0
4/17/2020 3:00,0.0,0.0
4/17/2020 4:00,0.0,0.0
4/17/2020 5:00,0.0,0.0
4/17/2020 6:00,0.0,0.0
4/17/2020 7:00,0.0,0.0
4/17/2020 8:00,0.15,0.02
4/17/2020 9:00,0.62,0.09
4/17/2020 10:00,1.51,0.22
4/17/2020 11:00,3.82,0.55
4/17/2020 12:00,4.15,0.59
4/17/2020 13:00,2.1,0.3
4/17/2020 14:00,3.76,0.54
4/17/2020 15:00,4.39,0.63
4/17/2020 16:00,5.22,0.75
4/17/2020 17:00,4.03,0.58
4/17/2020 18:00,2.91,0.42
4/17/2020 19:00,1.23,0.18
4/17/2020 20:00,0.17,0.02
4/17/2020 21:00,0.0,0.0
4/17/2020 22:00,0.0,0.0
4/17/2020 23:00,0.0,0.0
4/18/2020 0:00,0.0,0.0
4/18/2020 1:00,0.0,0.0
4/18/2020 2:00,0.0,0.0
4/18/2020 3:00,0.0,0.0
4/18/2020 4:00,0.0,0.0
4/18/2020 5:00,0.0,0.0
4/18/2020 6:00,0.0,0.0
4/18/2020 7:00,0.0,0.0
4/18/2020 8:00,0.17,0.02
4/18/2020 9:00,1.18,0.17
4/18/2020 10:00,2.86,0.41
4/18/2020 11:00,3.51,0.5
4/18/2020 12:00,4.32,0.62
4/18/2020 13:00,4.61,0.66
4/18/2020 14:00,5.63,0.8
4/18/2020 15:00,3.97,0.57
4/18/2020 16:00,3.57,0.51
4/18/2020 17:00,2.7,0.39
4/18/2020 18:00,2.35,0.34
4/18/2020 19:00,1.56,0.22
4/18/2020 20:00,0.22,0.03
4/18/2020 21:00,0.0,0.0
4/18/2020 22:00,0.0,0.0
4/18/2020 23:00,0.0,0.0
4/19/2020 0:00,0.0,0.0
4/19/2020 1:00,0.0,0.0
4/19/2020 2:00,0.0,0.0
4/19/2020 3:00,0.0,0.0
4/19/2020 4:00,0.0,0.0
4/19/2020 5:00,0.0,0.0
4/19/2020 6:00,0.0,0.0
4/19/2020 7:00,0.0,0.0
4/19/2020 8:00,0.19,0.03
4/19/2020 9:00,1.03,0.15
4/19/2020 10:00,2.66,0.38
4/19/2020 11:00,4.12,0.59
4/19/2020 12:00,4.09,0.58
4/19/2020 13:00,3.62,0.52
4/19/2020 14:00,4.59,0.66
4/19/2020 15:00,4.64,0.66
4/19/2020 16:00,3.74,0.53
4/19/2020 17:00,2.82,0.4
4/19/2020 18:00,2.62,0.37
4/19/2020 19:00,1.19,0.17
4/19/2020 20:00,0.13,0.02
4/19/2020 21:00,0.0,0.0
4/19/2020 22:00,0.0,0.0
4/19/2020 23:00,0.0,0.0
4/20/2020 0:00,0.0,0.0
4/20/2020 1:00,0.0,0.0
4/20/2020 2:00,0.0,0.0
4/20/2020 3:00,0.0,0.0
4/20/2020 4:00,0.0,0.0
4/20/2020 5:00,0.0,0.0
4/20/2020 6:00,0.0,0.0
4/20/2020 7:00,0.0,0.0
4/20/2020 8:00,0.16,0.02
4/20/2020 9:00,1.1,0.16
4/20/2020 10:00,1.25,0.18
4/20/2020 11:00,0.56,0.08
4/20/2020 12:00,0.89,0.13
4/20/2020 13:00,0.6,0.09
4/20/2020 14:00,1.31,0.19
4/20/2020 15:00,2.92,0.42
4/20/2020 16:00,3.44,0.49
4/20/2020 17:00,3.32,0.47
4/20/2020 18:00,2.97,0.42
4/20/2020 19:00,1.0,0.14
4/20/2020 20:00,0.4,0.06
4/20/2020 21:00,0.0,0.0
4/20/2020 22:00,0.0,0.0
4/20/2020 23:00,0.0,0.0
4/21/2020 0:00,0.0,0.0
4/21/2020 1:00,0.0,0.0
4/21/2020 2:00,0.0,0.0
4/21/2020 3:00,0.0,0.0
4/21/2020 4:00,0.0,0.0
4/21/2020 5:00,0.0,0.0
4/21/2020 6:00,0.0,0.0
4/21/2020 7:00,0.0,0.0
4/21/2020 8:00,0.04,0.01
4/21/2020 9:00,0.44,0.06
4/21/2020 10:00,1.36,0.19
4/21/2020 11:00,3.14,0.45
4/21/2020 12:00,4.12,0.59
4/21/2020 13:00,4.73,0.68
4/21/2020 14:00,4.08,0.58
4/21/2020 15:00,2.45,0.35
4/21/2020 16:00,1.53,0.22
4/21/2020 17:00,3.28,0.47
4/21/2020 18:00,2.54,0.36
4/21/2020 19:00,0.77,0.11
4/21/2020 20:00,0.21,0.03
4/21/2020 21:00,0.0,0.0
4/21/2020 22:00,0.0,0.0
4/21/2020 23:00,0.0,0.0
4/22/2020 0:00,0.0,0.0
4/22/2020 1:00,0.0,0.0
4/22/2020 2:00,0.0,0.0
4/22/2020 3:00,0.0,0.0
4/22/2020 4:00,0.0,0.0
4/22/2020 5:00,0.0,0.0
4/22/2020 6:00,0.0,0.0
4/22/2020 7:00,0.0,0.0
4/22/2020 8:00,0.3,0.04
4/22/2020 9:00,1.0,0.14
4/22/2020 10:00,1.36,0.19
4/22/2020 11:00,2.97,0.42
4/22/2020 12:00,3.06,0.44
4/22/2020 13:00,2.94,0.42
4/22/2020 14:00,3.98,0.57
4/22/2020 15:00,4.69,0.67
4/22/2020 16:00,4.64,0.66
4/22/2020 17:00,4.37,0.62
4/22/2020 18:00,2.65,0.38
4/22/2020 19:00,0.91,0.13
4/22/2020 20:00,0.36,0.05
4/22/2020 21:00,0.0,0.0
4/22/2020 22:00,0.0,0.0
4/22/2020 23:00,0.0,0.0
4/23/2020 0:00,0.0,0.0
4/23/2020 1:00,0.0,0.0
4/23/2020 2:00,0.0,0.0
4/23/2020 3:00,0.0,0.0
4/23/2020 4:00,0.0,0.0
4/23/2020 5:00,0.0,0.0
4/23/2020 6:00,0.0,0.0
4/23/2020 7:00,0.0,0.0
4/23/2020 8:00,0.34,0.05
4/23/2020 9:00,0.87,0.12
4/23/2020 10:00,1.08,0.15
4/23/2020 11:00,2.36,0.34
4/23/2020 12:00,3.16,0.45
4/23/2020 13:00,4.07,0.58
4/23/2020 14:00,4.95,0.71
4/23/2020 15:00,3.87,0.55
4/23/2020 16:00,3.82,0.55
4/23/2020 17:00,3.1,0.44
4/23/2020 18:00,2.44,0.35
4/23/2020 19:00,1.32,0.19
4/23/2020 20:00,0.3,0.04
4/23/2020 21:00,0.01,0.0
4/23/2020 22:00,0.0,0.0
4/23/2020 23:00,0.0,0.0
4/24/2020 0:00,0.0,0.0
4/24/2020 1:00,0.0,0.0
4/24/2020 2:00,0.0,0.0
4/24/2020 3:00,0.0,0.0
4/24/2020 4:00,0.0,0.0
4/24/2020 5:00,0.0,0.0
4/24/2020 6:00,0.0,0.0
4/24/2020 7:00,0.0,0.0
4/24/2020 8:00,0.2,0.03
4/24/2020 9:00,1.07,0.15
4/24/2020 10:00,2.84,0.41
4/24/2020 11:00,4.05,0.58
4/24/2020 12:00,4.84,0.69
4/24/2020 13:00,5.03,0.72
4/24/2020 14:00,5.59,0.8
4/24/2020 15:00,3.89,0.56
4/24/2020 16:00,1.28,0.18
4/24/2020 17:00,1.65,0.24
4/24/2020 18:00,0.97,0.14
4/24/2020 19:00,0.63,0.09
4/24/2020 20:00,0.18,0.03
4/24/2020 21:00,0.01,0.0
4/24/2020 22:00,0.0,0.0
4/24/2020 23:00,0.0,0.0
4/25/2020 0:00,0.0,0.0
4/25/2020 1:00,0.0,0.0
4/25/2020 2:00,0.0,0.0
4/25/2020 3:00,0.0,0.0
4/25/2020 4:00,0.0,0.0
4/25/2020 5:00,0.0,0.0
4/25/2020 6:00,0.0,0.0
4/25/2020 7:00,0.0,0.0
4/25/2020 8:00,0.22,0.03
4/25/2020 9:00,1.2,0.17
4/25/2020 10:00,2.36,0.34
4/25/2020 11:00,2.39,0.34
4/25/2020 12:00,3.79,0.54
4/25/2020 13:00,3.24,0.46
4/25/2020 14:00,2.73,0.39
4/25/2020 15:00,2.72,0.39
4/25/2020 16:00,2.24,0.32
4/25/2020 17:00,2.03,0.29
4/25/2020 18:00,1.53,0.22
4/25/2020 19:00,1.46,0.21
4/25/2020 20:00,0.29,0.04
4/25/2020 21:00,0.0,0.0
4/25/2020 22:00,0.0,0.0
4/25/2020 23:00,0.0,0.0
4/26/2020 0:00,0.0,0.0
4/26/2020 1:00,0.0,0.0
4/26/2020 2:00,0.0,0.0
4/26/2020 3:00,0.0,0.0
4/26/2020 4:00,0.0,0.0
4/26/2020 5:00,0.0,0.0
4/26/2020 6:00,0.0,0.0
4/26/2020 7:00,0.0,0.0
4/26/2020 8:00,0.34,0.05
4/26/2020 9:00,1.17,0.17
4/26/2020 10:00,2.22,0.32
4/26/2020 11:00,0.88,0.13
4/26/2020 12:00,1.45,0.21
4/26/2020 13:00,2.73,0.39
4/26/2020 14:00,1.48,0.21
4/26/2020 15:00,0.46,0.07
4/26/2020 16:00,3.77,0.54
4/26/2020 17:00,3.55,0.51
4/26/2020 18:00,2.01,0.29
4/26/2020 19:00,1.33,0.19
4/26/2020 20:00,0.27,0.04
4/26/2020 21:00,0.0,0.0
4/26/2020 22:00,0.0,0.0
4/26/2020 23:00,0.0,0.0
4/27/2020 0:00,0.0,0.0
4/27/2020 1:00,0.0,0.0
4/27/2020 2:00,0.0,0.0
4/27/2020 3:00,0.0,0.0
4/27/2020 4:00,0.0,0.0
4/27/2020 5:00,0.0,0.0
4/27/2020 6:00,0.0,0.0
4/27/2020 7:00,0.0,0.0
4/27/2020 8:00,0.35,0.05
4/27/2020 9:00,0.82,0.12
4/27/2020 10:00,0.87,0.12
4/27/2020 11:00,1.57,0.22
4/27/2020 12:00,4.42,0.63
4/27/2020 13:00,3.09,0.44
4/27/2020 14:00,2.14,0.31
4/27/2020 15:00,4.8,0.69
4/27/2020 16:00,5.1,0.73
4/27/2020 17:00,4.22,0.6
4/27/2020 18:00,2.94,0.42
4/27/2020 19:00,1.32,0.19
4/27/2020 20:00,0.24,0.03
4/27/2020 21:00,0.01,0.0
4/27/2020 22:00,0.0,0.0
4/27/2020 23:00,0.0,0.0
4/28/2020 0:00,0.0,0.0
4/28/2020 1:00,0.0,0.0
4/28/2020 2:00,0.0,0.0
4/28/2020 3:00,0.0,0.0
4/28/2020 4:00,0.0,0.0
4/28/2020 5:00,0.0,0.0
4/28/2020 6:00,0.0,0.0
4/28/2020 7:00,0.0,0.0
4/28/2020 8:00,0.26,0.04
4/28/2020 9:00,1.26,0.18
4/28/2020 10:00,2.38,0.34
4/28/2020 11:00,3.85,0.55
4/28/2020 12:00,3.25,0.46
4/28/2020 13:00,1.62,0.23
4/28/2020 14:00,0.89,0.13
4/28/2020 15:00,2.38,0.34
4/28/2020 16:00,4.45,0.64
4/28/2020 17:00,3.97,0.57
4/28/2020 18:00,2.96,0.42
4/28/2020 19:00,1.34,0.19
4/28/2020 20:00,0.24,0.03
4/28/2020 21:00,0.01,0.0
4/28/2020 22:00,0.0,0.0
4/28/2020 23:00,0.0,0.0
4/29/2020 0:00,0.0,0.0
4/29/2020 1:00,0.0,0.0
4/29/2020 2:00,0.0,0.0
4/29/2020 3:00,0.0,0.0
4/29/2020 4:00,0.0,0.0
4/29/2020 5:00,0.0,0.0
4/29/2020 6:00,0.0,0.0
4/29/2020 7:00,0.0,0.0
4/29/2020 8:00,0.36,0.05
4/29/2020 9:00,1.2,0.17
4/29/2020 10:00,1.16,0.17
4/29/2020 11:00,1.17,0.17
4/29/2020 12:00,1.09,0.16
4/29/2020 13:00,1.19,0.17
4/29/2020 14:00,0.98,0.14
4/29/2020 15:00,3.28,0.47
4/29/2020 16:00,4.25,0.61
4/29/2020 17:00,2.41,0.34
4/29/2020 18:00,1.37,0.2
4/29/2020 19:00,0.65,0.09
4/29/2020 20:00,0.19,0.03
4/29/2020 21:00,0.0,0.0
4/29/2020 22:00,0.0,0.0
4/29/2020 23:00,0.0,0.0
4/30/2020 0:00,0.0,0.0
4/30/2020 1:00,0.0,0.0
4/30/2020 2:00,0.0,0.0
4/30/2020 3:00,0.0,0.0
4/30/2020 4:00,0.0,0.0
4/30/2020 5:00,0.0,0.0
4/30/2020 6:00,0.0,0.0
4/30/2020 7:00,0.0,0.0
4/30/2020 8:00,0.2,0.03
4/30/2020 9:00,1.32,0.19
4/30/2020 10:00,1.8,0.26
4/30/2020 11:00,3.33,0.48
4/30/2020 12:00,3.68,0.53
4/30/2020 13:00,5.42,0.77
4/30/2020 14:00,5.33,0.76
4/30/2020 15:00,5.53,0.79
4/30/2020 16:00,5.03,0.72
4/30/2020 17:00,3.72,0.53
4/30/2020 18:00,2.81,0.4
4/30/2020 19:00,1.31,0.19
4/30/2020 20:00,0.26,0.04
4/30/2020 21:00,0.02,0.0
4/30/2020 22:00,0.0,0.0
4/30/2020 23:00,0.0,0.0
5/1/2020 0:00,0.0,0.0
5/1/2020 1:00,0.0,0.0
5/1/2020 2:00,0.0,0.0
5/1/2020 3:00,0.0,0.0
5/1/2020 4:00,0.0,0.0
5/1/2020 5:00,0.0,0.0
5/1/2020 6:00,0.0,0.0
5/1/2020 7:00,0.0,0.0
5/1/2020 8:00,0.21,0.03
5/1/2020 9:00,0.78,0.11
5/1/2020 10:00,1.82,0.26
5/1/2020 11:00,3.11,0.44
5/1/2020 12:00,4.08,0.58
5/1/2020 13:00,4.7,0.67
5/1/2020 14:00,3.75,0.54
5/1/2020 15:00,3.52,0.5
5/1/2020 16:00,3.74,0.53
5/1/2020 17:00,3.41,0.49
5/1/2020 18:00,2.36,0.34
5/1/2020 19:00,1.29,0.18
5/1/2020 20:00,0.28,0.04
5/1/2020 21:00,0.01,0.0
5/1/2020 22:00,0.0,0.0
5/1/2020 23:00,0.0,0.0
5/2/2020 0:00,0.0,0.0
5/2/2020 1:00,0.0,0.0
5/2/2020 2:00,0.0,0.0
5/2/2020 3:00,0.0,0.0
5/2/2020 4:00,0.0,0.0
5/2/2020 5:00,0.0,0.0
5/2/2020 6:00,0.0,0.0
5/2/2020 7:00,0.0,0.0
5/2/2020 8:00,0.0,0.0
5/2/2020 9:00,0.0,0.0
5/2/2020 10:00,0.0,0.0
5/2/2020 11:00,0.0,0.0
5/2/2020 12:00,0.0,0.0
5/2/2020 13:00,0.0,0.0
5/2/2020 14:00,0.0,0.0
5/2/2020 15:00,0.0,0.0
5/2/2020 16:00,0.0,0.0
5/2/2020 17:00,0.0,0.0
5/2/2020 18:00,0.0,0.0
5/2/2020 19:00,0.0,0.0
5/2/2020 20:00,0.0,0.0
5/2/2020 21:00,0.0,0.0
5/2/2020 22:00,0.0,0.0
5/2/2020 23:00,0.0,0.0
5/3/2020 0:00,0.0,0.0
5/3/2020 1:00,0.0,0.0
5/3/2020 2:00,0.0,0.0
5/3/2020 3:00,0.0,0.0
5/3/2020 4:00,0.0,0.0
5/3/2020 5:00,0.0,0.0
5/3/2020 6:00,0.0,0.0
5/3/2020 7:00,0.0,0.0
5/3/2020 8:00,0.33,0.05
5/3/2020 9:00,1.3,0.19
5/3/2020 10:00,2.72,0.39
5/3/2020 11:00,4.05,0.58
5/3/2020 12:00,4.79,0.68
5/3/2020 13:00,5.24,0.75
5/3/2020 14:00,5.19,0.74
5/3/2020 15:00,4.88,0.7
5/3/2020 16:00,4.34,0.62
5/3/2020 17:00,3.24,0.46
5/3/2020 18:00,2.29,0.33
5/3/2020 19:00,1.07,0.15
5/3/2020 20:00,0.51,0.07
5/3/2020 21:00,0.05,0.01
5/3/2020 22:00,0.0,0.0
5/3/2020 23:00,0.0,0.0
5/4/2020 0:00,0.0,0.0
5/4/2020 1:00,0.0,0.0
5/4/2020 2:00,0.0,0.0
5/4/2020 3:00,0.0,0.0
5/4/2020 4:00,0.0,0.0
5/4/2020 5:00,0.0,0.0
5/4/2020 6:00,0.0,0.0
5/4/2020 7:00,0.0,0.0
5/4/2020 8:00,0.09,0.01
5/4/2020 9:00,0.52,0.07
5/4/2020 10:00,0.94,0.13
5/4/2020 11:00,0.97,0.14
5/4/2020 12:00,0.97,0.14
5/4/2020 13:00,2.27,0.32
5/4/2020 14:00,4.44,0.63
5/4/2020 15:00,4.0,0.57
5/4/2020 16:00,4.85,0.69
5/4/2020 17:00,2.64,0.38
5/4/2020 18:00,1.64,0.23
5/4/2020 19:00,0.97,0.14
5/4/2020 20:00,0.32,0.05
5/4/2020 21:00,0.02,0.0
5/4/2020 22:00,0.0,0.0
5/4/2020 23:00,0.0,0.0
5/5/2020 0:00,0.0,0.0
5/5/2020 1:00,0.0,0.0
5/5/2020 2:00,0.0,0.0
5/5/2020 3:00,0.0,0.0
5/5/2020 4:00,0.0,0.0
5/5/2020 5:00,0.0,0.0
5/5/2020 6:00,0.0,0.0
5/5/2020 7:00,0.01,0.0
5/5/2020 8:00,0.28,0.04
5/5/2020 9:00,1.19,0.17
5/5/2020 10:00,1.86,0.27
5/5/2020 11:00,1.4,0.2
5/5/2020 12:00,3.44,0.49
5/5/2020 13:00,3.58,0.51
5/5/2020 14:00,4.73,0.68
5/5/2020 15:00,5.2,0.74
5/5/2020 16:00,4.93,0.7
5/5/2020 17:00,4.17,0.6
5/5/2020 18:00,2.49,0.36
5/5/2020 19:00,1.2,0.17
5/5/2020 20:00,0.15,0.02
5/5/2020 21:00,0.01,0.0
5/5/2020 22:00,0.0,0.0
5/5/2020 23:00,0.0,0.0
5/6/2020 0:00,0.0,0.0
5/6/2020 1:00,0.0,0.0
5/6/2020 2:00,0.0,0.0
5/6/2020 3:00,0.0,0.0
5/6/2020 4:00,0.0,0.0
5/6/2020 5:00,0.0,0.0
5/6/2020 6:00,0.0,0.0
5/6/2020 7:00,0.0,0.0
5/6/2020 8:00,0.34,0.05
5/6/2020 9:00,0.74,0.11
5/6/2020 10:00,1.63,0.23
5/6/2020 11:00,2.82,0.4
5/6/2020 12:00,4.7,0.67
5/6/2020 13:00,5.25,0.75
5/6/2020 14:00,3.58,0.51
5/6/2020 15:00,4.14,0.59
5/6/2020 16:00,4.38,0.63
5/6/2020 17:00,3.06,0.44
5/6/2020 18:00,2.04,0.29
5/6/2020 19:00,1.08,0.15
5/6/2020 20:00,0.39,0.06
5/6/2020 21:00,0.02,0.0
5/6/2020 22:00,0.0,0.0
5/6/2020 23:00,0.0,0.0
5/7/2020 0:00,0.0,0.0
5/7/2020 1:00,0.0,0.0
5/7/2020 2:00,0.0,0.0
5/7/2020 3:00,0.0,0.0
5/7/2020 4:00,0.0,0.0
5/7/2020 5:00,0.0,0.0
5/7/2020 6:00,0.0,0.0
5/7/2020 7:00,0.01,0.0
5/7/2020 8:00,0.29,0.04
5/7/2020 9:00,1.34,0.19
5/7/2020 10:00,2.96,0.42
5/7/2020 11:00,4.13,0.59
5/7/2020 12:00,4.85,0.69
5/7/2020 13:00,5.26,0.75
5/7/2020 14:00,5.27,0.75
5/7/2020 15:00,4.61,0.66
5/7/2020 16:00,4.6,0.66
5/7/2020 17:00,3.97,0.57
5/7/2020 18:00,2.62,0.37
5/7/2020 19:00,1.08,0.15
5/7/2020 20:00,0.23,0.03
5/7/2020 21:00,0.0,0.0
5/7/2020 22:00,0.0,0.0
5/7/2020 23:00,0.0,0.0
5/8/2020 0:00,0.0,0.0
5/8/2020 1:00,0.0,0.0
5/8/2020 2:00,0.0,0.0
5/8/2020 3:00,0.0,0.0
5/8/2020 4:00,0.0,0.0
5/8/2020 5:00,0.0,0.0
5/8/2020 6:00,0.0,0.0
5/8/2020 7:00,0.02,0.0
5/8/2020 8:00,0.39,0.06
5/8/2020 9:00,0.54,0.08
5/8/2020 10:00,1.27,0.18
5/8/2020 11:00,1.11,0.16
5/8/2020 12:00,1.39,0.2
5/8/2020 13:00,1.86,0.27
5/8/2020 14:00,1.38,0.2
5/8/2020 15:00,1.66,0.24
5/8/2020 16:00,1.7,0.24
5/8/2020 17:00,2.29,0.33
5/8/2020 18:00,1.81,0.26
5/8/2020 19:00,0.98,0.14
5/8/2020 20:00,0.43,0.06
5/8/2020 21:00,0.01,0.0
5/8/2020 22:00,0.0,0.0
5/8/2020 23:00,0.0,0.0
5/9/2020 0:00,0.0,0.0
5/9/2020 1:00,0.0,0.0
5/9/2020 2:00,0.0,0.0
5/9/2020 3:00,0.0,0.0
5/9/2020 4:00,0.0,0.0
5/9/2020 5:00,0.0,0.0
5/9/2020 6:00,0.0,0.0
5/9/2020 7:00,0.0,0.0
5/9/2020 8:00,0.05,0.01
5/9/2020 9:00,0.08,0.01
5/9/2020 10:00,0.12,0.02
5/9/2020 11:00,0.42,0.06
5/9/2020 12:00,0.59,0.08
5/9/2020 13:00,3.17,0.45
5/9/2020 14:00,4.53,0.65
5/9/2020 15:00,3.81,0.54
5/9/2020 16:00,3.69,0.53
5/9/2020 17:00,2.3,0.33
5/9/2020 18:00,1.45,0.21
5/9/2020 19:00,0.92,0.13
5/9/2020 20:00,0.26,0.04
5/9/2020 21:00,0.04,0.01
5/9/2020 22:00,0.0,0.0
5/9/2020 23:00,0.0,0.0
5/10/2020 0:00,0.0,0.0
5/10/2020 1:00,0.0,0.0
5/10/2020 2:00,0.0,0.0
5/10/2020 3:00,0.0,0.0
5/10/2020 4:00,0.0,0.0
5/10/2020 5:00,0.0,0.0
5/10/2020 6:00,0.0,0.0
5/10/2020 7:00,0.0,0.0
5/10/2020 8:00,0.44,0.06
5/10/2020 9:00,0.79,0.11
5/10/2020 10:00,2.29,0.33
5/10/2020 11:00,2.89,0.41
5/10/2020 12:00,2.97,0.42
5/10/2020 13:00,2.67,0.38
5/10/2020 14:00,3.61,0.52
5/10/2020 15:00,3.71,0.53
5/10/2020 16:00,3.68,0.53
5/10/2020 17:00,2.8,0.4
5/10/2020 18:00,1.1,0.16
5/10/2020 19:00,0.76,0.11
5/10/2020 20:00,0.22,0.03
5/10/2020 21:00,0.0,0.0
5/10/2020 22:00,0.0,0.0
5/10/2020 23:00,0.0,0.0
5/11/2020 0:00,0.0,0.0
5/11/2020 1:00,0.0,0.0
5/11/2020 2:00,0.0,0.0
5/11/2020 3:00,0.0,0.0
5/11/2020 4:00,0.0,0.0
5/11/2020 5:00,0.0,0.0
5/11/2020 6:00,0.0,0.0
5/11/2020 7:00,0.01,0.0
5/11/2020 8:00,0.47,0.07
5/11/2020 9:00,0.97,0.14
5/11/2020 10:00,2.09,0.3
5/11/2020 11:00,1.95,0.28
5/11/2020 12:00,3.28,0.47
5/11/2020 13:00,3.84,0.55
5/11/2020 14:00,3.36,0.48
5/11/2020 15:00,2.7,0.39
5/11/2020 16:00,2.7,0.39
5/11/2020 17:00,2.34,0.33
5/11/2020 18:00,1.49,0.21
5/11/2020 19:00,1.1,0.16
5/11/2020 20:00,0.33,0.05
5/11/2020 21:00,0.02,0.0
5/11/2020 22:00,0.0,0.0
5/11/2020 23:00,0.0,0.0
5/12/2020 0:00,0.0,0.0
5/12/2020 1:00,0.0,0.0
5/12/2020 2:00,0.0,0.0
5/12/2020 3:00,0.0,0.0
5/12/2020 4:00,0.0,0.0
5/12/2020 5:00,0.0,0.0
5/12/2020 6:00,0.0,0.0
5/12/2020 7:00,0.0,0.0
5/12/2020 8:00,0.22,0.03
5/12/2020 9:00,1.34,0.19
5/12/2020 10:00,0.81,0.12
5/12/2020 11:00,3.01,0.43
5/12/2020 12:00,2.11,0.3
5/12/2020 13:00,5.13,0.73
5/12/2020 14:00,4.8,0.69
5/12/2020 15:00,2.27,0.32
5/12/2020 16:00,2.73,0.39
5/12/2020 17:00,4.22,0.6
5/12/2020 18:00,2.77,0.4
5/12/2020 19:00,1.18,0.17
5/12/2020 20:00,0.25,0.04
5/12/2020 21:00,0.03,0.0
5/12/2020 22:00,0.0,0.0
5/12/2020 23:00,0.0,0.0
5/13/2020 0:00,0.0,0.0
5/13/2020 1:00,0.0,0.0
5/13/2020 2:00,0.0,0.0
5/13/2020 3:00,0.0,0.0
5/13/2020 4:00,0.0,0.0
5/13/2020 5:00,0.0,0.0
5/13/2020 6:00,0.0,0.0
5/13/2020 7:00,0.0,0.0
5/13/2020 8:00,0.06,0.01
5/13/2020 9:00,0.33,0.05
5/13/2020 10:00,0.28,0.04
5/13/2020 11:00,0.36,0.05
5/13/2020 12:00,0.31,0.04
5/13/2020 13:00,0.38,0.05
5/13/2020 14:00,1.03,0.15
5/13/2020 15:00,1.19,0.17
5/13/2020 16:00,1.0,0.14
5/13/2020 17:00,0.89,0.13
5/13/2020 18:00,0.86,0.12
5/13/2020 19:00,0.52,0.07
5/13/2020 20:00,0.17,0.02
5/13/2020 21:00,0.0,0.0
5/13/2020 22:00,0.0,0.0
5/13/2020 23:00,0.0,0.0
5/14/2020 0:00,0.0,0.0
5/14/2020 1:00,0.0,0.0
5/14/2020 2:00,0.0,0.0
5/14/2020 3:00,0.0,0.0
5/14/2020 4:00,0.0,0.0
5/14/2020 5:00,0.0,0.0
5/14/2020 6:00,0.0,0.0
5/14/2020 7:00,0.02,0.0
5/14/2020 8:00,0.23,0.03
5/14/2020 9:00,0.77,0.11
5/14/2020 10:00,1.64,0.23
5/14/2020 11:00,1.08,0.15
5/14/2020 12:00,2.54,0.36
5/14/2020 13:00,2.12,0.3
5/14/2020 14:00,4.19,0.6
5/14/2020 15:00,3.36,0.48
5/14/2020 16:00,3.97,0.57
5/14/2020 17:00,1.7,0.24
5/14/2020 18:00,0.63,0.09
5/14/2020 19:00,0.33,0.05
5/14/2020 20:00,0.0,0.0
5/14/2020 21:00,0.0,0.0
5/14/2020 22:00,0.0,0.0
5/14/2020 23:00,0.0,0.0
5/15/2020 0:00,0.0,0.0
5/15/2020 1:00,0.0,0.0
5/15/2020 2:00,0.0,0.0
5/15/2020 3:00,0.0,0.0
5/15/2020 4:00,0.0,0.0
5/15/2020 5:00,0.0,0.0
5/15/2020 6:00,0.0,0.0
5/15/2020 7:00,0.01,0.0
5/15/2020 8:00,0.33,0.05
5/15/2020 9:00,1.41,0.2
5/15/2020 10:00,3.06,0.44
5/15/2020 11:00,4.26,0.61
5/15/2020 12:00,3.19,0.46
5/15/2020 13:00,2.5,0.36
5/15/2020 14:00,4.87,0.7
5/15/2020 15:00,4.41,0.63
5/15/2020 16:00,2.0,0.29
5/15/2020 17:00,2.28,0.33
5/15/2020 18:00,0.83,0.12
5/15/2020 19:00,0.2,0.03
5/15/2020 20:00,0.23,0.03
5/15/2020 21:00,0.0,0.0
5/15/2020 22:00,0.0,0.0
5/15/2020 23:00,0.0,0.0
5/16/2020 0:00,0.0,0.0
5/16/2020 1:00,0.0,0.0
5/16/2020 2:00,0.0,0.0
5/16/2020 3:00,0.0,0.0
5/16/2020 4:00,0.0,0.0
5/16/2020 5:00,0.0,0.0
5/16/2020 6:00,0.0,0.0
5/16/2020 7:00,0.02,0.0
5/16/2020 8:00,0.32,0.05
5/16/2020 9:00,1.4,0.2
5/16/2020 10:00,3.05,0.44
5/16/2020 11:00,4.25,0.61
5/16/2020 12:00,3.87,0.55
5/16/2020 13:00,3.57,0.51
5/16/2020 14:00,4.41,0.63
5/16/2020 15:00,3.85,0.55
5/16/2020 16:00,4.24,0.61
5/16/2020 17:00,2.84,0.41
5/16/2020 18:00,2.82,0.4
5/16/2020 19:00,1.21,0.17
5/16/2020 20:00,0.22,0.03
5/16/2020 21:00,0.02,0.0
5/16/2020 22:00,0.0,0.0
5/16/2020 23:00,0.0,0.0
5/17/2020 0:00,0.0,0.0
5/17/2020 1:00,0.0,0.0
5/17/2020 2:00,0.0,0.0
5/17/2020 3:00,0.0,0.0
5/17/2020 4:00,0.0,0.0
5/17/2020 5:00,0.0,0.0
5/17/2020 6:00,0.0,0.0
5/17/2020 7:00,0.01,0.0
5/17/2020 8:00,0.31,0.04
5/17/2020 9:00,1.37,0.2
5/17/2020 10:00,3.05,0.44
5/17/2020 11:00,4.19,0.6
5/17/2020 12:00,4.93,0.7
5/17/2020 13:00,5.34,0.76
5/17/2020 14:00,5.04,0.72
5/17/2020 15:00,5.37,0.77
5/17/2020 16:00,4.77,0.68
5/17/2020 17:00,3.97,0.57
5/17/2020 18:00,2.54,0.36
5/17/2020 19:00,1.31,0.19
5/17/2020 20:00,0.3,0.04
5/17/2020 21:00,0.03,0.0
5/17/2020 22:00,0.0,0.0
5/17/2020 23:00,0.0,0.0
5/18/2020 0:00,0.0,0.0
5/18/2020 1:00,0.0,0.0
5/18/2020 2:00,0.0,0.0
5/18/2020 3:00,0.0,0.0
5/18/2020 4:00,0.0,0.0
5/18/2020 5:00,0.0,0.0
5/18/2020 6:00,0.0,0.0
5/18/2020 7:00,0.02,0.0
5/18/2020 8:00,0.31,0.04
5/18/2020 9:00,1.41,0.2
5/18/2020 10:00,3.05,0.44
5/18/2020 11:00,4.16,0.59
5/18/2020 12:00,4.86,0.69
5/18/2020 13:00,5.27,0.75
5/18/2020 14:00,5.31,0.76
5/18/2020 15:00,5.22,0.75
5/18/2020 16:00,4.72,0.67
5/18/2020 17:00,3.86,0.55
5/18/2020 18:00,2.68,0.38
5/18/2020 19:00,1.28,0.18
5/18/2020 20:00,0.29,0.04
5/18/2020 21:00,0.01,0.0
5/18/2020 22:00,0.0,0.0
5/18/2020 23:00,0.0,0.0
5/19/2020 0:00,0.0,0.0
5/19/2020 1:00,0.0,0.0
5/19/2020 2:00,0.0,0.0
5/19/2020 3:00,0.0,0.0
5/19/2020 4:00,0.0,0.0
5/19/2020 5:00,0.0,0.0
5/19/2020 6:00,0.0,0.0
5/19/2020 7:00,0.02,0.0
5/19/2020 8:00,0.33,0.05
5/19/2020 9:00,1.42,0.2
5/19/2020 10:00,2.99,0.43
5/19/2020 11:00,4.04,0.58
5/19/2020 12:00,4.83,0.69
5/19/2020 13:00,5.01,0.72
5/19/2020 14:00,5.31,0.76
5/19/2020 15:00,4.69,0.67
5/19/2020 16:00,4.47,0.64
5/19/2020 17:00,3.59,0.51
5/19/2020 18:00,2.5,0.36
5/19/2020 19:00,1.1,0.16
5/19/2020 20:00,0.34,0.05
5/19/2020 21:00,0.08,0.01
5/19/2020 22:00,0.0,0.0
5/19/2020 23:00,0.0,0.0
5/20/2020 0:00,0.0,0.0
5/20/2020 1:00,0.0,0.0
5/20/2020 2:00,0.0,0.0
5/20/2020 3:00,0.0,0.0
5/20/2020 4:00,0.0,0.0
5/20/2020 5:00,0.0,0.0
5/20/2020 6:00,0.0,0.0
5/20/2020 7:00,0.02,0.0
5/20/2020 8:00,0.33,0.05
5/20/2020 9:00,1.39,0.2
5/20/2020 10:00,2.97,0.42
5/20/2020 11:00,4.09,0.58
5/20/2020 12:00,4.83,0.69
5/20/2020 13:00,5.25,0.75
5/20/2020 14:00,5.28,0.75
5/20/2020 15:00,4.94,0.71
5/20/2020 16:00,4.36,0.62
5/20/2020 17:00,3.88,0.55
5/20/2020 18:00,2.7,0.39
5/20/2020 19:00,1.3,0.19
5/20/2020 20:00,0.32,0.05
5/20/2020 21:00,0.02,0.0
5/20/2020 22:00,0.0,0.0
5/20/2020 23:00,0.0,0.0
5/21/2020 0:00,0.0,0.0
5/21/2020 1:00,0.0,0.0
5/21/2020 2:00,0.0,0.0
5/21/2020 3:00,0.0,0.0
5/21/2020 4:00,0.0,0.0
5/21/2020 5:00,0.0,0.0
5/21/2020 6:00,0.0,0.0
5/21/2020 7:00,0.02,0.0
5/21/2020 8:00,0.34,0.05
5/21/2020 9:00,1.46,0.21
5/21/2020 10:00,2.91,0.42
5/21/2020 11:00,3.97,0.57
5/21/2020 12:00,4.49,0.64
5/21/2020 13:00,5.03,0.72
5/21/2020 14:00,5.23,0.75
5/21/2020 15:00,5.11,0.73
5/21/2020 16:00,4.49,0.64
5/21/2020 17:00,3.9,0.56
5/21/2020 18:00,2.75,0.39
5/21/2020 19:00,1.28,0.18
5/21/2020 20:00,0.32,0.05
5/21/2020 21:00,0.03,0.0
5/21/2020 22:00,0.0,0.0
5/21/2020 23:00,0.0,0.0
5/22/2020 0:00,0.0,0.0
5/22/2020 1:00,0.0,0.0
5/22/2020 2:00,0.0,0.0
5/22/2020 3:00,0.0,0.0
5/22/2020 4:00,0.0,0.0
5/22/2020 5:00,0.0,0.0
5/22/2020 6:00,0.0,0.0
5/22/2020 7:00,0.02,0.0
5/22/2020 8:00,0.48,0.07
5/22/2020 9:00,1.33,0.19
5/22/2020 10:00,2.56,0.37
5/22/2020 11:00,4.14,0.59
5/22/2020 12:00,4.9,0.7
5/22/2020 13:00,5.32,0.76
5/22/2020 14:00,5.41,0.77
5/22/2020 15:00,5.19,0.74
5/22/2020 16:00,4.67,0.67
5/22/2020 17:00,3.91,0.56
5/22/2020 18:00,2.73,0.39
5/22/2020 19:00,1.3,0.19
5/22/2020 20:00,0.37,0.05
5/22/2020 21:00,0.03,0.0
5/22/2020 22:00,0.0,0.0
5/22/2020 23:00,0.0,0.0
5/23/2020 0:00,0.0,0.0
5/23/2020 1:00,0.0,0.0
5/23/2020 2:00,0.0,0.0
5/23/2020 3:00,0.0,0.0
5/23/2020 4:00,0.0,0.0
5/23/2020 5:00,0.0,0.0
5/23/2020 6:00,0.0,0.0
5/23/2020 7:00,0.05,0.01
5/23/2020 8:00,0.35,0.05
5/23/2020 9:00,1.4,0.2
5/23/2020 10:00,3.02,0.43
5/23/2020 11:00,4.17,0.6
5/23/2020 12:00,4.89,0.7
5/23/2020 13:00,5.26,0.75
5/23/2020 14:00,5.29,0.76
5/23/2020 15:00,5.09,0.73
5/23/2020 16:00,4.62,0.66
5/23/2020 17:00,3.88,0.55
5/23/2020 18:00,2.73,0.39
5/23/2020 19:00,1.32,0.19
5/23/2020 20:00,0.31,0.04
5/23/2020 21:00,0.04,0.01
5/23/2020 22:00,0.0,0.0
5/23/2020 23:00,0.0,0.0
5/24/2020 0:00,0.0,0.0
5/24/2020 1:00,0.0,0.0
5/24/2020 2:00,0.0,0.0
5/24/2020 3:00,0.0,0.0
5/24/2020 4:00,0.0,0.0
5/24/2020 5:00,0.0,0.0
5/24/2020 6:00,0.0,0.0
5/24/2020 7:00,0.02,0.0
5/24/2020 8:00,0.34,0.05
5/24/2020 9:00,1.39,0.2
5/24/2020 10:00,2.97,0.42
5/24/2020 11:00,4.04,0.58
5/24/2020 12:00,4.75,0.68
5/24/2020 13:00,5.13,0.73
5/24/2020 14:00,5.15,0.74
5/24/2020 15:00,4.95,0.71
5/24/2020 16:00,4.52,0.65
5/24/2020 17:00,3.75,0.54
5/24/2020 18:00,2.62,0.37
5/24/2020 19:00,1.28,0.18
5/24/2020 20:00,0.31,0.04
5/24/2020 21:00,0.04,0.01
5/24/2020 22:00,0.0,0.0
5/24/2020 23:00,0.0,0.0
5/25/2020 0:00,0.0,0.0
5/25/2020 1:00,0.0,0.0
5/25/2020 2:00,0.0,0.0
5/25/2020 3:00,0.0,0.0
5/25/2020 4:00,0.0,0.0
5/25/2020 5:00,0.0,0.0
5/25/2020 6:00,0.0,0.0
5/25/2020 7:00,0.02,0.0
5/25/2020 8:00,0.32,0.05
5/25/2020 9:00,1.4,0.2
5/25/2020 10:00,3.0,0.43
5/25/2020 11:00,4.04,0.58
5/25/2020 12:00,4.72,0.67
5/25/2020 13:00,5.08,0.73
5/25/2020 14:00,5.19,0.74
5/25/2020 15:00,5.0,0.71
5/25/2020 16:00,4.55,0.65
5/25/2020 17:00,3.81,0.54
5/25/2020 18:00,2.66,0.38
5/25/2020 19:00,1.29,0.18
5/25/2020 20:00,0.32,0.05
5/25/2020 21:00,0.04,0.01
5/25/2020 22:00,0.0,0.0
5/25/2020 23:00,0.0,0.0
5/26/2020 0:00,0.0,0.0
5/26/2020 1:00,0.0,0.0
5/26/2020 2:00,0.0,0.0
5/26/2020 3:00,0.0,0.0
5/26/2020 4:00,0.0,0.0
5/26/2020 5:00,0.0,0.0
5/26/2020 6:00,0.0,0.0
5/26/2020 7:00,0.03,0.0
5/26/2020 8:00,0.35,0.05
5/26/2020 9:00,1.34,0.19
5/26/2020 10:00,2.83,0.4
5/26/2020 11:00,3.88,0.55
5/26/2020 12:00,4.59,0.66
5/26/2020 13:00,4.94,0.71
5/26/2020 14:00,4.98,0.71
5/26/2020 15:00,4.78,0.68
5/26/2020 16:00,3.87,0.55
5/26/2020 17:00,2.68,0.38
5/26/2020 18:00,1.93,0.28
5/26/2020 19:00,0.8,0.11
5/26/2020 20:00,0.32,0.05
5/26/2020 21:00,0.04,0.01
5/26/2020 22:00,0.0,0.0
5/26/2020 23:00,0.0,0.0
5/27/2020 0:00,0.0,0.0
5/27/2020 1:00,0.0,0.0
5/27/2020 2:00,0.0,0.0
5/27/2020 3:00,0.0,0.0
5/27/2020 4:00,0.0,0.0
5/27/2020 5:00,0.0,0.0
5/27/2020 6:00,0.0,0.0
5/27/2020 7:00,0.03,0.0
5/27/2020 8:00,0.36,0.05
5/27/2020 9:00,1.32,0.19
5/27/2020 10:00,2.76,0.39
5/27/2020 11:00,3.83,0.55
5/27/2020 12:00,4.55,0.65
5/27/2020 13:00,4.94,0.71
5/27/2020 14:00,5.07,0.72
5/27/2020 15:00,4.86,0.69
5/27/2020 16:00,4.45,0.64
5/27/2020 17:00,3.76,0.54
5/27/2020 18:00,2.64,0.38
5/27/2020 19:00,1.28,0.18
5/27/2020 20:00,0.36,0.05
5/27/2020 21:00,0.05,0.01
5/27/2020 22:00,0.0,0.0
5/27/2020 23:00,0.0,0.0
5/28/2020 0:00,0.0,0.0
5/28/2020 1:00,0.0,0.0
5/28/2020 2:00,0.0,0.0
5/28/2020 3:00,0.0,0.0
5/28/2020 4:00,0.0,0.0
5/28/2020 5:00,0.0,0.0
5/28/2020 6:00,0.0,0.0
5/28/2020 7:00,0.04,0.01
5/28/2020 8:00,0.39,0.06
5/28/2020 9:00,1.35,0.19
5/28/2020 10:00,2.85,0.41
5/28/2020 11:00,3.93,0.56
5/28/2020 12:00,4.64,0.66
5/28/2020 13:00,5.02,0.72
5/28/2020 14:00,5.01,0.72
5/28/2020 15:00,4.8,0.69
5/28/2020 16:00,4.25,0.61
5/28/2020 17:00,3.73,0.53
5/28/2020 18:00,2.61,0.37
5/28/2020 19:00,1.28,0.18
5/28/2020 20:00,0.37,0.05
5/28/2020 21:00,0.06,0.01
5/28/2020 22:00,0.0,0.0
5/28/2020 23:00,0.0,0.0
5/29/2020 0:00,0.0,0.0
5/29/2020 1:00,0.0,0.0
5/29/2020 2:00,0.0,0.0
5/29/2020 3:00,0.0,0.0
5/29/2020 4:00,0.0,0.0
5/29/2020 5:00,0.0,0.0
5/29/2020 6:00,0.0,0.0
5/29/2020 7:00,0.03,0.0
5/29/2020 8:00,0.36,0.05
5/29/2020 9:00,1.36,0.19
5/29/2020 10:00,2.81,0.4
5/29/2020 11:00,3.92,0.56
5/29/2020 12:00,4.65,0.66
5/29/2020 13:00,4.99,0.71
5/29/2020 14:00,5.04,0.72
5/29/2020 15:00,4.9,0.7
5/29/2020 16:00,4.57,0.65
5/29/2020 17:00,3.82,0.55
5/29/2020 18:00,2.66,0.38
5/29/2020 19:00,1.29,0.18
5/29/2020 20:00,0.34,0.05
5/29/2020 21:00,0.04,0.01
5/29/2020 22:00,0.0,0.0
5/29/2020 23:00,0.0,0.0
5/30/2020 0:00,0.0,0.0
5/30/2020 1:00,0.0,0.0
5/30/2020 2:00,0.0,0.0
5/30/2020 3:00,0.0,0.0
5/30/2020 4:00,0.0,0.0
5/30/2020 5:00,0.0,0.0
5/30/2020 6:00,0.0,0.0
5/30/2020 7:00,0.03,0.0
5/30/2020 8:00,0.38,0.05
5/30/2020 9:00,1.35,0.19
5/30/2020 10:00,2.64,0.38
5/30/2020 11:00,3.47,0.5
5/30/2020 12:00,4.43,0.63
5/30/2020 13:00,4.78,0.68
5/30/2020 14:00,5.03,0.72
5/30/2020 15:00,4.87,0.7
5/30/2020 16:00,4.62,0.66
5/30/2020 17:00,3.77,0.54
5/30/2020 18:00,2.15,0.31
5/30/2020 19:00,1.17,0.17
5/30/2020 20:00,0.37,0.05
5/30/2020 21:00,0.02,0.0
5/30/2020 22:00,0.0,0.0
5/30/2020 23:00,0.0,0.0
5/31/2020 0:00,0.0,0.0
5/31/2020 1:00,0.0,0.0
5/31/2020 2:00,0.0,0.0
5/31/2020 3:00,0.0,0.0
5/31/2020 4:00,0.0,0.0
5/31/2020 5:00,0.0,0.0
5/31/2020 6:00,0.0,0.0
5/31/2020 7:00,0.02,0.0
5/31/2020 8:00,0.39,0.06
5/31/2020 9:00,1.21,0.17
5/31/2020 10:00,2.74,0.39
5/31/2020 11:00,3.8,0.54
5/31/2020 12:00,4.57,0.65
5/31/2020 13:00,5.02,0.72
5/31/2020 14:00,5.1,0.73
5/31/2020 15:00,5.13,0.73
5/31/2020 16:00,4.67,0.67
5/31/2020 17:00,3.04,0.43
5/31/2020 18:00,2.04,0.29
5/31/2020 19:00,1.3,0.19
5/31/2020 20:00,0.34,0.05
5/31/2020 21:00,0.0,0.0
5/31/2020 22:00,0.0,0.0
5/31/2020 23:00,0.0,0.0
6/1/2020 0:00,0.0,0.0
6/1/2020 1:00,0.0,0.0
6/1/2020 2:00,0.0,0.0
6/1/2020 3:00,0.0,0.0
6/1/2020 4:00,0.0,0.0
6/1/2020 5:00,0.0,0.0
6/1/2020 6:00,0.0,0.0
6/1/2020 7:00,0.0,0.0
6/1/2020 8:00,0.38,0.05
6/1/2020 9:00,0.9,0.13
6/1/2020 10:00,1.27,0.18
6/1/2020 11:00,2.16,0.31
6/1/2020 12:00,3.46,0.49
6/1/2020 13:00,4.26,0.61
6/1/2020 14:00,4.6,0.66
6/1/2020 15:00,3.61,0.52
6/1/2020 16:00,2.52,0.36
6/1/2020 17:00,2.88,0.41
6/1/2020 18:00,2.58,0.37
6/1/2020 19:00,1.29,0.18
6/1/2020 20:00,0.43,0.06
6/1/2020 21:00,0.04,0.01
6/1/2020 22:00,0.0,0.0
6/1/2020 23:00,0.0,0.0
6/2/2020 0:00,0.0,0.0
6/2/2020 1:00,0.0,0.0
6/2/2020 2:00,0.0,0.0
6/2/2020 3:00,0.0,0.0
6/2/2020 4:00,0.0,0.0
6/2/2020 5:00,0.0,0.0
6/2/2020 6:00,0.0,0.0
6/2/2020 7:00,0.04,0.01
6/2/2020 8:00,0.38,0.05
6/2/2020 9:00,1.16,0.17
6/2/2020 10:00,2.28,0.33
6/2/2020 11:00,2.73,0.39
6/2/2020 12:00,3.01,0.43
6/2/2020 13:00,3.65,0.52
6/2/2020 14:00,4.08,0.58
6/2/2020 15:00,3.81,0.54
6/2/2020 16:00,3.48,0.5
6/2/2020 17:00,4.03,0.58
6/2/2020 18:00,2.77,0.4
6/2/2020 19:00,1.39,0.2
6/2/2020 20:00,0.36,0.05
6/2/2020 21:00,0.06,0.01
6/2/2020 22:00,0.0,0.0
6/2/2020 23:00,0.0,0.0
6/3/2020 0:00,0.0,0.0
6/3/2020 1:00,0.0,0.0
6/3/2020 2:00,0.0,0.0
6/3/2020 3:00,0.0,0.0
6/3/2020 4:00,0.0,0.0
6/3/2020 5:00,0.0,0.0
6/3/2020 6:00,0.0,0.0
6/3/2020 7:00,0.04,0.01
6/3/2020 8:00,0.34,0.05
6/3/2020 9:00,1.38,0.2
6/3/2020 10:00,3.02,0.43
6/3/2020 11:00,3.22,0.46
6/3/2020 12:00,4.01,0.57
6/3/2020 13:00,3.54,0.51
6/3/2020 14:00,4.05,0.58
6/3/2020 15:00,5.41,0.77
6/3/2020 16:00,4.9,0.7
6/3/2020 17:00,4.04,0.58
6/3/2020 18:00,2.79,0.4
6/3/2020 19:00,1.38,0.2
6/3/2020 20:00,0.36,0.05
6/3/2020 21:00,0.06,0.01
6/3/2020 22:00,0.0,0.0
6/3/2020 23:00,0.0,0.0
6/4/2020 0:00,0.0,0.0
6/4/2020 1:00,0.0,0.0
6/4/2020 2:00,0.0,0.0
6/4/2020 3:00,0.0,0.0
6/4/2020 4:00,0.0,0.0
6/4/2020 5:00,0.0,0.0
6/4/2020 6:00,0.0,0.0
6/4/2020 7:00,0.03,0.0
6/4/2020 8:00,0.32,0.05
6/4/2020 9:00,0.89,0.13
6/4/2020 10:00,1.97,0.28
6/4/2020 11:00,3.4,0.49
6/4/2020 12:00,3.44,0.49
6/4/2020 13:00,1.97,0.28
6/4/2020 14:00,1.67,0.24
6/4/2020 15:00,1.5,0.21
6/4/2020 16:00,3.4,0.49
6/4/2020 17:00,2.36,0.34
6/4/2020 18:00,2.54,0.36
6/4/2020 19:00,0.94,0.13
6/4/2020 20:00,0.37,0.05
6/4/2020 21:00,0.06,0.01
6/4/2020 22:00,0.0,0.0
6/4/2020 23:00,0.0,0.0
6/5/2020 0:00,0.0,0.0
6/5/2020 1:00,0.0,0.0
6/5/2020 2:00,0.0,0.0
6/5/2020 3:00,0.0,0.0
6/5/2020 4:00,0.0,0.0
6/5/2020 5:00,0.0,0.0
6/5/2020 6:00,0.0,0.0
6/5/2020 7:00,0.04,0.01
6/5/2020 8:00,0.37,0.05
6/5/2020 9:00,1.38,0.2
6/5/2020 10:00,2.99,0.43
6/5/2020 11:00,4.1,0.59
6/5/2020 12:00,3.47,0.5
6/5/2020 13:00,4.42,0.63
6/5/2020 14:00,3.98,0.57
6/5/2020 15:00,5.3,0.76
6/5/2020 16:00,4.88,0.7
6/5/2020 17:00,4.08,0.58
6/5/2020 18:00,2.81,0.4
6/5/2020 19:00,1.35,0.19
6/5/2020 20:00,0.37,0.05
6/5/2020 21:00,0.06,0.01
6/5/2020 22:00,0.0,0.0
6/5/2020 23:00,0.0,0.0
6/6/2020 0:00,0.0,0.0
6/6/2020 1:00,0.0,0.0
6/6/2020 2:00,0.0,0.0
6/6/2020 3:00,0.0,0.0
6/6/2020 4:00,0.0,0.0
6/6/2020 5:00,0.0,0.0
6/6/2020 6:00,0.0,0.0
6/6/2020 7:00,0.04,0.01
6/6/2020 8:00,0.35,0.05
6/6/2020 9:00,1.37,0.2
6/6/2020 10:00,2.86,0.41
6/6/2020 11:00,3.89,0.56
6/6/2020 12:00,4.83,0.69
6/6/2020 13:00,5.13,0.73
6/6/2020 14:00,4.89,0.7
6/6/2020 15:00,5.35,0.76
6/6/2020 16:00,4.97,0.71
6/6/2020 17:00,3.11,0.44
6/6/2020 18:00,1.51,0.22
6/6/2020 19:00,0.97,0.14
6/6/2020 20:00,0.43,0.06
6/6/2020 21:00,0.04,0.01
6/6/2020 22:00,0.0,0.0
6/6/2020 23:00,0.0,0.0
6/7/2020 0:00,0.0,0.0
6/7/2020 1:00,0.0,0.0
6/7/2020 2:00,0.0,0.0
6/7/2020 3:00,0.0,0.0
6/7/2020 4:00,0.0,0.0
6/7/2020 5:00,0.0,0.0
6/7/2020 6:00,0.0,0.0
6/7/2020 7:00,0.0,0.0
6/7/2020 8:00,0.2,0.03
6/7/2020 9:00,0.81,0.12
6/7/2020 10:00,1.66,0.24
6/7/2020 11:00,1.64,0.23
6/7/2020 12:00,2.68,0.38
6/7/2020 13:00,0.85,0.12
6/7/2020 14:00,1.98,0.28
6/7/2020 15:00,1.61,0.23
6/7/2020 16:00,2.19,0.31
6/7/2020 17:00,2.63,0.38
6/7/2020 18:00,2.04,0.29
6/7/2020 19:00,1.03,0.15
6/7/2020 20:00,0.31,0.04
6/7/2020 21:00,0.07,0.01
6/7/2020 22:00,0.0,0.0
6/7/2020 23:00,0.0,0.0
6/8/2020 0:00,0.0,0.0
6/8/2020 1:00,0.0,0.0
6/8/2020 2:00,0.0,0.0
6/8/2020 3:00,0.0,0.0
6/8/2020 4:00,0.0,0.0
6/8/2020 5:00,0.0,0.0
6/8/2020 6:00,0.0,0.0
6/8/2020 7:00,0.04,0.01
6/8/2020 8:00,0.47,0.07
6/8/2020 9:00,1.44,0.21
6/8/2020 10:00,1.69,0.24
6/8/2020 11:00,4.42,0.63
6/8/2020 12:00,4.92,0.7
6/8/2020 13:00,4.45,0.64
6/8/2020 14:00,5.58,0.8
6/8/2020 15:00,5.46,0.78
6/8/2020 16:00,4.92,0.7
6/8/2020 17:00,4.09,0.58
6/8/2020 18:00,2.85,0.41
6/8/2020 19:00,1.43,0.2
6/8/2020 20:00,0.38,0.05
6/8/2020 21:00,0.07,0.01
6/8/2020 22:00,0.0,0.0
6/8/2020 23:00,0.0,0.0
6/9/2020 0:00,0.0,0.0
6/9/2020 1:00,0.0,0.0
6/9/2020 2:00,0.0,0.0
6/9/2020 3:00,0.0,0.0
6/9/2020 4:00,0.0,0.0
6/9/2020 5:00,0.0,0.0
6/9/2020 6:00,0.0,0.0
6/9/2020 7:00,0.04,0.01
6/9/2020 8:00,0.36,0.05
6/9/2020 9:00,1.35,0.19
6/9/2020 10:00,2.95,0.42
6/9/2020 11:00,4.07,0.58
6/9/2020 12:00,4.83,0.69
6/9/2020 13:00,5.23,0.75
6/9/2020 14:00,5.34,0.76
6/9/2020 15:00,4.88,0.7
6/9/2020 16:00,4.76,0.68
6/9/2020 17:00,3.73,0.53
6/9/2020 18:00,2.82,0.4
6/9/2020 19:00,1.36,0.19
6/9/2020 20:00,0.44,0.06
6/9/2020 21:00,0.07,0.01
6/9/2020 22:00,0.0,0.0
6/9/2020 23:00,0.0,0.0
6/10/2020 0:00,0.0,0.0
6/10/2020 1:00,0.0,0.0
6/10/2020 2:00,0.0,0.0
6/10/2020 3:00,0.0,0.0
6/10/2020 4:00,0.0,0.0
6/10/2020 5:00,0.0,0.0
6/10/2020 6:00,0.0,0.0
6/10/2020 7:00,0.05,0.01
6/10/2020 8:00,0.41,0.06
6/10/2020 9:00,1.13,0.16
6/10/2020 10:00,2.61,0.37
6/10/2020 11:00,3.63,0.52
6/10/2020 12:00,4.73,0.68
6/10/2020 13:00,5.27,0.75
6/10/2020 14:00,5.32,0.76
6/10/2020 15:00,5.17,0.74
6/10/2020 16:00,4.77,0.68
6/10/2020 17:00,4.01,0.57
6/10/2020 18:00,2.7,0.39
6/10/2020 19:00,1.44,0.21
6/10/2020 20:00,0.38,0.05
6/10/2020 21:00,0.07,0.01
6/10/2020 22:00,0.0,0.0
6/10/2020 23:00,0.0,0.0
6/11/2020 0:00,0.0,0.0
6/11/2020 1:00,0.0,0.0
6/11/2020 2:00,0.0,0.0
6/11/2020 3:00,0.0,0.0
6/11/2020 4:00,0.0,0.0
6/11/2020 5:00,0.0,0.0
6/11/2020 6:00,0.0,0.0
6/11/2020 7:00,0.04,0.01
6/11/2020 8:00,0.48,0.07
6/11/2020 9:00,0.6,0.09
6/11/2020 10:00,1.01,0.14
6/11/2020 11:00,1.28,0.18
6/11/2020 12:00,3.02,0.43
6/11/2020 13:00,2.87,0.41
6/11/2020 14:00,2.14,0.31
6/11/2020 15:00,3.3,0.47
6/11/2020 16:00,2.51,0.36
6/11/2020 17:00,1.36,0.19
6/11/2020 18:00,1.18,0.17
6/11/2020 19:00,0.98,0.14
6/11/2020 20:00,0.34,0.05
6/11/2020 21:00,0.07,0.01
6/11/2020 22:00,0.0,0.0
6/11/2020 23:00,0.0,0.0
6/12/2020 0:00,0.0,0.0
6/12/2020 1:00,0.0,0.0
6/12/2020 2:00,0.0,0.0
6/12/2020 3:00,0.0,0.0
6/12/2020 4:00,0.0,0.0
6/12/2020 5:00,0.0,0.0
6/12/2020 6:00,0.0,0.0
6/12/2020 7:00,0.06,0.01
6/12/2020 8:00,0.41,0.06
6/12/2020 9:00,0.93,0.13
6/12/2020 10:00,1.31,0.19
6/12/2020 11:00,2.51,0.36
6/12/2020 12:00,3.33,0.48
6/12/2020 13:00,2.68,0.38
6/12/2020 14:00,3.35,0.48
6/12/2020 15:00,4.03,0.58
6/12/2020 16:00,3.52,0.5
6/12/2020 17:00,2.7,0.39
6/12/2020 18:00,1.1,0.16
6/12/2020 19:00,0.97,0.14
6/12/2020 20:00,0.42,0.06
6/12/2020 21:00,0.12,0.02
6/12/2020 22:00,0.0,0.0
6/12/2020 23:00,0.0,0.0
6/13/2020 0:00,0.0,0.0
6/13/2020 1:00,0.0,0.0
6/13/2020 2:00,0.0,0.0
6/13/2020 3:00,0.0,0.0
6/13/2020 4:00,0.0,0.0
6/13/2020 5:00,0.0,0.0
6/13/2020 6:00,0.0,0.0
6/13/2020 7:00,0.04,0.01
6/13/2020 8:00,0.36,0.05
6/13/2020 9:00,1.4,0.2
6/13/2020 10:00,3.18,0.45
6/13/2020 11:00,3.26,0.47
6/13/2020 12:00,1.72,0.25
6/13/2020 13:00,2.0,0.29
6/13/2020 14:00,3.27,0.47
6/13/2020 15:00,2.29,0.33
6/13/2020 16:00,2.8,0.4
6/13/2020 17:00,3.66,0.52
6/13/2020 18:00,2.85,0.41
6/13/2020 19:00,1.46,0.21
6/13/2020 20:00,0.39,0.06
6/13/2020 21:00,0.07,0.01
6/13/2020 22:00,0.0,0.0
6/13/2020 23:00,0.0,0.0
6/14/2020 0:00,0.0,0.0
6/14/2020 1:00,0.0,0.0
6/14/2020 2:00,0.0,0.0
6/14/2020 3:00,0.0,0.0
6/14/2020 4:00,0.0,0.0
6/14/2020 5:00,0.0,0.0
6/14/2020 6:00,0.0,0.0
6/14/2020 7:00,0.07,0.01
6/14/2020 8:00,0.36,0.05
6/14/2020 9:00,1.31,0.19
6/14/2020 10:00,2.78,0.4
6/14/2020 11:00,3.49,0.5
6/14/2020 12:00,3.78,0.54
6/14/2020 13:00,2.06,0.29
6/14/2020 14:00,4.09,0.58
6/14/2020 15:00,4.8,0.69
6/14/2020 16:00,4.73,0.68
6/14/2020 17:00,4.16,0.59
6/14/2020 18:00,2.91,0.42
6/14/2020 19:00,1.48,0.21
6/14/2020 20:00,0.39,0.06
6/14/2020 21:00,0.07,0.01
6/14/2020 22:00,0.0,0.0
6/14/2020 23:00,0.0,0.0
6/15/2020 0:00,0.0,0.0
6/15/2020 1:00,0.0,0.0
6/15/2020 2:00,0.0,0.0
6/15/2020 3:00,0.0,0.0
6/15/2020 4:00,0.0,0.0
6/15/2020 5:00,0.0,0.0
6/15/2020 6:00,0.0,0.0
6/15/2020 7:00,0.03,0.0
6/15/2020 8:00,0.33,0.05
6/15/2020 9:00,1.34,0.19
6/15/2020 10:00,2.95,0.42
6/15/2020 11:00,4.27,0.61
6/15/2020 12:00,2.8,0.4
6/15/2020 13:00,2.17,0.31
6/15/2020 14:00,2.42,0.35
6/15/2020 15:00,4.04,0.58
6/15/2020 16:00,3.59,0.51
6/15/2020 17:00,3.73,0.53
6/15/2020 18:00,2.55,0.36
6/15/2020 19:00,1.08,0.15
6/15/2020 20:00,0.44,0.06
6/15/2020 21:00,0.15,0.02
6/15/2020 22:00,0.0,0.0
6/15/2020 23:00,0.0,0.0
6/16/2020 0:00,0.0,0.0
6/16/2020 1:00,0.0,0.0
6/16/2020 2:00,0.0,0.0
6/16/2020 3:00,0.0,0.0
6/16/2020 4:00,0.0,0.0
6/16/2020 5:00,0.0,0.0
6/16/2020 6:00,0.0,0.0
6/16/2020 7:00,0.0,0.0
6/16/2020 8:00,0.45,0.06
6/16/2020 9:00,0.82,0.12
6/16/2020 10:00,1.39,0.2
6/16/2020 11:00,2.64,0.38
6/16/2020 12:00,2.86,0.41
6/16/2020 13:00,3.02,0.43
6/16/2020 14:00,3.52,0.5
6/16/2020 15:00,2.23,0.32
6/16/2020 16:00,2.99,0.43
6/16/2020 17:00,3.53,0.5
6/16/2020 18:00,2.29,0.33
6/16/2020 19:00,1.25,0.18
6/16/2020 20:00,0.37,0.05
6/16/2020 21:00,0.06,0.01
6/16/2020 22:00,0.0,0.0
6/16/2020 23:00,0.0,0.0
6/17/2020 0:00,0.0,0.0
6/17/2020 1:00,0.0,0.0
6/17/2020 2:00,0.0,0.0
6/17/2020 3:00,0.0,0.0
6/17/2020 4:00,0.0,0.0
6/17/2020 5:00,0.0,0.0
6/17/2020 6:00,0.0,0.0
6/17/2020 7:00,0.01,0.0
6/17/2020 8:00,0.38,0.05
6/17/2020 9:00,0.52,0.07
6/17/2020 10:00,1.66,0.24
6/17/2020 11:00,3.4,0.49
6/17/2020 12:00,3.08,0.44
6/17/2020 13:00,4.71,0.67
6/17/2020 14:00,3.06,0.44
6/17/2020 15:00,2.52,0.36
6/17/2020 16:00,4.46,0.64
6/17/2020 17:00,4.14,0.59
6/17/2020 18:00,2.87,0.41
6/17/2020 19:00,1.47,0.21
6/17/2020 20:00,0.39,0.06
6/17/2020 21:00,0.07,0.01
6/17/2020 22:00,0.0,0.0
6/17/2020 23:00,0.0,0.0
6/18/2020 0:00,0.0,0.0
6/18/2020 1:00,0.0,0.0
6/18/2020 2:00,0.0,0.0
6/18/2020 3:00,0.0,0.0
6/18/2020 4:00,0.0,0.0
6/18/2020 5:00,0.0,0.0
6/18/2020 6:00,0.0,0.0
6/18/2020 7:00,0.03,0.0
6/18/2020 8:00,0.34,0.05
6/18/2020 9:00,1.28,0.18
6/18/2020 10:00,2.51,0.36
6/18/2020 11:00,3.33,0.48
6/18/2020 12:00,4.14,0.59
6/18/2020 13:00,5.14,0.73
6/18/2020 14:00,4.96,0.71
6/18/2020 15:00,5.07,0.72
6/18/2020 16:00,4.84,0.69
6/18/2020 17:00,4.09,0.58
6/18/2020 18:00,2.89,0.41
6/18/2020 19:00,1.49,0.21
6/18/2020 20:00,0.39,0.06
6/18/2020 21:00,0.07,0.01
6/18/2020 22:00,0.0,0.0
6/18/2020 23:00,0.0,0.0
6/19/2020 0:00,0.0,0.0
6/19/2020 1:00,0.0,0.0
6/19/2020 2:00,0.0,0.0
6/19/2020 3:00,0.0,0.0
6/19/2020 4:00,0.0,0.0
6/19/2020 5:00,0.0,0.0
6/19/2020 6:00,0.0,0.0
6/19/2020 7:00,0.03,0.0
6/19/2020 8:00,0.32,0.05
6/19/2020 9:00,1.14,0.16
6/19/2020 10:00,2.85,0.41
6/19/2020 11:00,4.04,0.58
6/19/2020 12:00,4.85,0.69
6/19/2020 13:00,5.31,0.76
6/19/2020 14:00,5.4,0.77
6/19/2020 15:00,5.25,0.75
6/19/2020 16:00,4.77,0.68
6/19/2020 17:00,4.03,0.58
6/19/2020 18:00,2.85,0.41
6/19/2020 19:00,1.48,0.21
6/19/2020 20:00,0.4,0.06
6/19/2020 21:00,0.07,0.01
6/19/2020 22:00,0.0,0.0
6/19/2020 23:00,0.0,0.0
6/20/2020 0:00,0.0,0.0
6/20/2020 1:00,0.0,0.0
6/20/2020 2:00,0.0,0.0
6/20/2020 3:00,0.0,0.0
6/20/2020 4:00,0.0,0.0
6/20/2020 5:00,0.0,0.0
6/20/2020 6:00,0.0,0.0
6/20/2020 7:00,0.03,0.0
6/20/2020 8:00,0.33,0.05
6/20/2020 9:00,1.38,0.2
6/20/2020 10:00,2.92,0.42
6/20/2020 11:00,4.04,0.58
6/20/2020 12:00,4.81,0.69
6/20/2020 13:00,5.21,0.74
6/20/2020 14:00,5.34,0.76
6/20/2020 15:00,5.15,0.74
6/20/2020 16:00,4.7,0.67
6/20/2020 17:00,3.99,0.57
6/20/2020 18:00,2.85,0.41
6/20/2020 19:00,1.48,0.21
6/20/2020 20:00,0.4,0.06
6/20/2020 21:00,0.07,0.01
6/20/2020 22:00,0.0,0.0
6/20/2020 23:00,0.0,0.0
6/21/2020 0:00,0.0,0.0
6/21/2020 1:00,0.0,0.0
6/21/2020 2:00,0.0,0.0
6/21/2020 3:00,0.0,0.0
6/21/2020 4:00,0.0,0.0
6/21/2020 5:00,0.0,0.0
6/21/2020 6:00,0.0,0.0
6/21/2020 7:00,0.02,0.0
6/21/2020 8:00,0.34,0.05
6/21/2020 9:00,1.23,0.18
6/21/2020 10:00,2.53,0.36
6/21/2020 11:00,4.09,0.58
6/21/2020 12:00,4.84,0.69
6/21/2020 13:00,5.28,0.75
6/21/2020 14:00,5.39,0.77
6/21/2020 15:00,5.2,0.74
6/21/2020 16:00,4.75,0.68
6/21/2020 17:00,3.97,0.57
6/21/2020 18:00,2.78,0.4
6/21/2020 19:00,1.44,0.21
6/21/2020 20:00,0.39,0.06
6/21/2020 21:00,0.07,0.01
6/21/2020 22:00,0.0,0.0
6/21/2020 23:00,0.0,0.0
6/22/2020 0:00,0.0,0.0
6/22/2020 1:00,0.0,0.0
6/22/2020 2:00,0.0,0.0
6/22/2020 3:00,0.0,0.0
6/22/2020 4:00,0.0,0.0
6/22/2020 5:00,0.0,0.0
6/22/2020 6:00,0.0,0.0
6/22/2020 7:00,0.03,0.0
6/22/2020 8:00,0.32,0.05
6/22/2020 9:00,1.24,0.18
6/22/2020 10:00,2.83,0.4
6/22/2020 11:00,3.91,0.56
6/22/2020 12:00,4.65,0.66
6/22/2020 13:00,5.0,0.71
6/22/2020 14:00,5.01,0.72
6/22/2020 15:00,4.83,0.69
6/22/2020 16:00,4.45,0.64
6/22/2020 17:00,3.75,0.54
6/22/2020 18:00,2.68,0.38
6/22/2020 19:00,1.38,0.2
6/22/2020 20:00,0.4,0.06
6/22/2020 21:00,0.08,0.01
6/22/2020 22:00,0.0,0.0
6/22/2020 23:00,0.0,0.0
6/23/2020 0:00,0.0,0.0
6/23/2020 1:00,0.0,0.0
6/23/2020 2:00,0.0,0.0
6/23/2020 3:00,0.0,0.0
6/23/2020 4:00,0.0,0.0
6/23/2020 5:00,0.0,0.0
6/23/2020 6:00,0.0,0.0
6/23/2020 7:00,0.03,0.0
6/23/2020 8:00,0.33,0.05
6/23/2020 9:00,1.22,0.17
6/23/2020 10:00,2.74,0.39
6/23/2020 11:00,3.79,0.54
6/23/2020 12:00,4.5,0.64
6/23/2020 13:00,4.99,0.71
6/23/2020 14:00,4.96,0.71
6/23/2020 15:00,4.67,0.67
6/23/2020 16:00,4.32,0.62
6/23/2020 17:00,3.75,0.54
6/23/2020 18:00,2.64,0.38
6/23/2020 19:00,1.41,0.2
6/23/2020 20:00,0.44,0.06
6/23/2020 21:00,0.1,0.01
6/23/2020 22:00,0.0,0.0
6/23/2020 23:00,0.0,0.0
6/24/2020 0:00,0.0,0.0
6/24/2020 1:00,0.0,0.0
6/24/2020 2:00,0.0,0.0
6/24/2020 3:00,0.0,0.0
6/24/2020 4:00,0.0,0.0
6/24/2020 5:00,0.0,0.0
6/24/2020 6:00,0.0,0.0
6/24/2020 7:00,0.04,0.01
6/24/2020 8:00,0.43,0.06
6/24/2020 9:00,1.26,0.18
6/24/2020 10:00,2.69,0.38
6/24/2020 11:00,3.79,0.54
6/24/2020 12:00,4.52,0.65
6/24/2020 13:00,4.94,0.71
6/24/2020 14:00,5.08,0.73
6/24/2020 15:00,4.92,0.7
6/24/2020 16:00,4.48,0.64
6/24/2020 17:00,3.8,0.54
6/24/2020 18:00,2.67,0.38
6/24/2020 19:00,1.4,0.2
6/24/2020 20:00,0.43,0.06
6/24/2020 21:00,0.09,0.01
6/24/2020 22:00,0.0,0.0
6/24/2020 23:00,0.0,0.0
6/25/2020 0:00,0.0,0.0
6/25/2020 1:00,0.0,0.0
6/25/2020 2:00,0.0,0.0
6/25/2020 3:00,0.0,0.0
6/25/2020 4:00,0.0,0.0
6/25/2020 5:00,0.0,0.0
6/25/2020 6:00,0.0,0.0
6/25/2020 7:00,0.05,0.01
6/25/2020 8:00,0.46,0.07
6/25/2020 9:00,1.02,0.15
6/25/2020 10:00,2.29,0.33
6/25/2020 11:00,3.96,0.57
6/25/2020 12:00,4.75,0.68
6/25/2020 13:00,5.19,0.74
6/25/2020 14:00,5.08,0.73
6/25/2020 15:00,5.3,0.76
6/25/2020 16:00,4.77,0.68
6/25/2020 17:00,4.04,0.58
6/25/2020 18:00,2.79,0.4
6/25/2020 19:00,1.29,0.18
6/25/2020 20:00,0.41,0.06
6/25/2020 21:00,0.1,0.01
6/25/2020 22:00,0.0,0.0
6/25/2020 23:00,0.0,0.0
6/26/2020 0:00,0.0,0.0
6/26/2020 1:00,0.0,0.0
6/26/2020 2:00,0.0,0.0
6/26/2020 3:00,0.0,0.0
6/26/2020 4:00,0.0,0.0
6/26/2020 5:00,0.0,0.0
6/26/2020 6:00,0.0,0.0
6/26/2020 7:00,0.03,0.0
6/26/2020 8:00,0.38,0.05
6/26/2020 9:00,0.93,0.13
6/26/2020 10:00,2.04,0.29
6/26/2020 11:00,3.48,0.5
6/26/2020 12:00,3.74,0.53
6/26/2020 13:00,4.59,0.66
6/26/2020 14:00,5.35,0.76
6/26/2020 15:00,5.21,0.74
6/26/2020 16:00,4.74,0.68
6/26/2020 17:00,4.06,0.58
6/26/2020 18:00,2.76,0.39
6/26/2020 19:00,1.48,0.21
6/26/2020 20:00,0.39,0.06
6/26/2020 21:00,0.09,0.01
6/26/2020 22:00,0.0,0.0
6/26/2020 23:00,0.0,0.0
6/27/2020 0:00,0.0,0.0
6/27/2020 1:00,0.0,0.0
6/27/2020 2:00,0.0,0.0
6/27/2020 3:00,0.0,0.0
6/27/2020 4:00,0.0,0.0
6/27/2020 5:00,0.0,0.0
6/27/2020 6:00,0.0,0.0
6/27/2020 7:00,0.03,0.0
6/27/2020 8:00,0.35,0.05
6/27/2020 9:00,0.73,0.1
6/27/2020 10:00,0.71,0.1
6/27/2020 11:00,2.36,0.34
6/27/2020 12:00,3.91,0.56
6/27/2020 13:00,3.91,0.56
6/27/2020 14:00,3.93,0.56
6/27/2020 15:00,4.55,0.65
6/27/2020 16:00,4.56,0.65
6/27/2020 17:00,3.49,0.5
6/27/2020 18:00,2.78,0.4
6/27/2020 19:00,1.46,0.21
6/27/2020 20:00,0.39,0.06
6/27/2020 21:00,0.07,0.01
6/27/2020 22:00,0.0,0.0
6/27/2020 23:00,0.0,0.0
6/28/2020 0:00,0.0,0.0
6/28/2020 1:00,0.0,0.0
6/28/2020 2:00,0.0,0.0
6/28/2020 3:00,0.0,0.0
6/28/2020 4:00,0.0,0.0
6/28/2020 5:00,0.0,0.0
6/28/2020 6:00,0.0,0.0
6/28/2020 7:00,0.03,0.0
6/28/2020 8:00,0.39,0.06
6/28/2020 9:00,1.19,0.17
6/28/2020 10:00,2.82,0.4
6/28/2020 11:00,3.92,0.56
6/28/2020 12:00,4.72,0.67
6/28/2020 13:00,5.16,0.74
6/28/2020 14:00,5.24,0.75
6/28/2020 15:00,5.09,0.73
6/28/2020 16:00,4.69,0.67
6/28/2020 17:00,3.95,0.56
6/28/2020 18:00,2.82,0.4
6/28/2020 19:00,1.46,0.21
6/28/2020 20:00,0.39,0.06
6/28/2020 21:00,0.06,0.01
6/28/2020 22:00,0.0,0.0
6/28/2020 23:00,0.0,0.0
6/29/2020 0:00,0.0,0.0
6/29/2020 1:00,0.0,0.0
6/29/2020 2:00,0.0,0.0
6/29/2020 3:00,0.0,0.0
6/29/2020 4:00,0.0,0.0
6/29/2020 5:00,0.0,0.0
6/29/2020 6:00,0.0,0.0
6/29/2020 7:00,0.01,0.0
6/29/2020 8:00,0.31,0.04
6/29/2020 9:00,1.24,0.18
6/29/2020 10:00,2.85,0.41
6/29/2020 11:00,3.97,0.57
6/29/2020 12:00,4.73,0.68
6/29/2020 13:00,5.16,0.74
6/29/2020 14:00,5.23,0.75
6/29/2020 15:00,5.07,0.72
6/29/2020 16:00,4.68,0.67
6/29/2020 17:00,3.94,0.56
6/29/2020 18:00,2.81,0.4
6/29/2020 19:00,1.47,0.21
6/29/2020 20:00,0.39,0.06
6/29/2020 21:00,0.07,0.01
6/29/2020 22:00,0.0,0.0
6/29/2020 23:00,0.0,0.0
6/30/2020 0:00,0.0,0.0
6/30/2020 1:00,0.0,0.0
6/30/2020 2:00,0.0,0.0
6/30/2020 3:00,0.0,0.0
6/30/2020 4:00,0.0,0.0
6/30/2020 5:00,0.0,0.0
6/30/2020 6:00,0.0,0.0
6/30/2020 7:00,0.02,0.0
6/30/2020 8:00,0.3,0.04
6/30/2020 9:00,1.22,0.17
6/30/2020 10:00,2.82,0.4
6/30/2020 11:00,3.89,0.56
6/30/2020 12:00,4.6,0.66
6/30/2020 13:00,5.03,0.72
6/30/2020 14:00,5.17,0.74
6/30/2020 15:00,5.0,0.71
6/30/2020 16:00,4.56,0.65
6/30/2020 17:00,3.86,0.55
6/30/2020 18:00,2.79,0.4
6/30/2020 19:00,1.46,0.21
6/30/2020 20:00,0.4,0.06
6/30/2020 21:00,0.07,0.01
6/30/2020 22:00,0.0,0.0
6/30/2020 23:00,0.0,0.0
7/1/2020 0:00,0.0,0.0
7/1/2020 1:00,0.0,0.0
7/1/2020 2:00,0.0,0.0
7/1/2020 3:00,0.0,0.0
7/1/2020 4:00,0.0,0.0
7/1/2020 5:00,0.0,0.0
7/1/2020 6:00,0.0,0.0
7/1/2020 7:00,0.01,0.0
7/1/2020 8:00,0.3,0.04
7/1/2020 9:00,0.88,0.13
7/1/2020 10:00,2.01,0.29
7/1/2020 11:00,3.58,0.51
7/1/2020 12:00,4.69,0.67
7/1/2020 13:00,5.14,0.73
7/1/2020 14:00,5.28,0.75
7/1/2020 15:00,5.13,0.73
7/1/2020 16:00,4.71,0.67
7/1/2020 17:00,3.98,0.57
7/1/2020 18:00,2.84,0.41
7/1/2020 19:00,1.47,0.21
7/1/2020 20:00,0.39,0.06
7/1/2020 21:00,0.06,0.01
7/1/2020 22:00,0.0,0.0
7/1/2020 23:00,0.0,0.0
7/2/2020 0:00,0.0,0.0
7/2/2020 1:00,0.0,0.0
7/2/2020 2:00,0.0,0.0
7/2/2020 3:00,0.0,0.0
7/2/2020 4:00,0.0,0.0
7/2/2020 5:00,0.0,0.0
7/2/2020 6:00,0.0,0.0
7/2/2020 7:00,0.01,0.0
7/2/2020 8:00,0.28,0.04
7/2/2020 9:00,1.17,0.17
7/2/2020 10:00,2.8,0.4
7/2/2020 11:00,3.57,0.51
7/2/2020 12:00,3.48,0.5
7/2/2020 13:00,5.02,0.72
7/2/2020 14:00,5.29,0.76
7/2/2020 15:00,5.19,0.74
7/2/2020 16:00,4.77,0.68
7/2/2020 17:00,4.04,0.58
7/2/2020 18:00,2.91,0.42
7/2/2020 19:00,1.52,0.22
7/2/2020 20:00,0.41,0.06
7/2/2020 21:00,0.07,0.01
7/2/2020 22:00,0.0,0.0
7/2/2020 23:00,0.0,0.0
7/3/2020 0:00,0.0,0.0
7/3/2020 1:00,0.0,0.0
7/3/2020 2:00,0.0,0.0
7/3/2020 3:00,0.0,0.0
7/3/2020 4:00,0.0,0.0
7/3/2020 5:00,0.0,0.0
7/3/2020 6:00,0.0,0.0
7/3/2020 7:00,0.02,0.0
7/3/2020 8:00,0.29,0.04
7/3/2020 9:00,1.22,0.17
7/3/2020 10:00,2.91,0.42
7/3/2020 11:00,4.07,0.58
7/3/2020 12:00,4.85,0.69
7/3/2020 13:00,5.33,0.76
7/3/2020 14:00,5.41,0.77
7/3/2020 15:00,5.25,0.75
7/3/2020 16:00,4.83,0.69
7/3/2020 17:00,4.1,0.59
7/3/2020 18:00,2.94,0.42
7/3/2020 19:00,1.54,0.22
7/3/2020 20:00,0.43,0.06
7/3/2020 21:00,0.07,0.01
7/3/2020 22:00,0.0,0.0
7/3/2020 23:00,0.0,0.0
7/4/2020 0:00,0.0,0.0
7/4/2020 1:00,0.0,0.0
7/4/2020 2:00,0.0,0.0
7/4/2020 3:00,0.0,0.0
7/4/2020 4:00,0.0,0.0
7/4/2020 5:00,0.0,0.0
7/4/2020 6:00,0.0,0.0
7/4/2020 7:00,0.0,0.0
7/4/2020 8:00,0.0,0.0
7/4/2020 9:00,0.0,0.0
7/4/2020 10:00,0.0,0.0
7/4/2020 11:00,0.0,0.0
7/4/2020 12:00,0.0,0.0
7/4/2020 13:00,0.0,0.0
7/4/2020 14:00,0.0,0.0
7/4/2020 15:00,0.0,0.0
7/4/2020 16:00,0.0,0.0
7/4/2020 17:00,0.0,0.0
7/4/2020 18:00,0.0,0.0
7/4/2020 19:00,0.0,0.0
7/4/2020 20:00,0.0,0.0
7/4/2020 21:00,0.0,0.0
7/4/2020 22:00,0.0,0.0
7/4/2020 23:00,0.0,0.0
7/5/2020 0:00,0.0,0.0
7/5/2020 1:00,0.0,0.0
7/5/2020 2:00,0.0,0.0
7/5/2020 3:00,0.0,0.0
7/5/2020 4:00,0.0,0.0
7/5/2020 5:00,0.0,0.0
7/5/2020 6:00,0.0,0.0
7/5/2020 7:00,0.02,0.0
7/5/2020 8:00,0.28,0.04
7/5/2020 9:00,1.17,0.17
7/5/2020 10:00,2.7,0.39
7/5/2020 11:00,3.78,0.54
7/5/2020 12:00,4.44,0.63
7/5/2020 13:00,4.77,0.68
7/5/2020 14:00,4.8,0.69
7/5/2020 15:00,4.19,0.6
7/5/2020 16:00,3.93,0.56
7/5/2020 17:00,3.66,0.52
7/5/2020 18:00,2.65,0.38
7/5/2020 19:00,1.4,0.2
7/5/2020 20:00,0.41,0.06
7/5/2020 21:00,0.08,0.01
7/5/2020 22:00,0.0,0.0
7/5/2020 23:00,0.0,0.0
7/6/2020 0:00,0.0,0.0
7/6/2020 1:00,0.0,0.0
7/6/2020 2:00,0.0,0.0
7/6/2020 3:00,0.0,0.0
7/6/2020 4:00,0.0,0.0
7/6/2020 5:00,0.0,0.0
7/6/2020 6:00,0.0,0.0
7/6/2020 7:00,0.02,0.0
7/6/2020 8:00,0.28,0.04
7/6/2020 9:00,1.16,0.17
7/6/2020 10:00,2.69,0.38
7/6/2020 11:00,3.74,0.53
7/6/2020 12:00,4.42,0.63
7/6/2020 13:00,4.82,0.69
7/6/2020 14:00,4.64,0.66
7/6/2020 15:00,4.11,0.59
7/6/2020 16:00,3.8,0.54
7/6/2020 17:00,3.62,0.52
7/6/2020 18:00,2.8,0.4
7/6/2020 19:00,1.48,0.21
7/6/2020 20:00,0.43,0.06
7/6/2020 21:00,0.09,0.01
7/6/2020 22:00,0.0,0.0
7/6/2020 23:00,0.0,0.0
7/7/2020 0:00,0.0,0.0
7/7/2020 1:00,0.0,0.0
7/7/2020 2:00,0.0,0.0
7/7/2020 3:00,0.0,0.0
7/7/2020 4:00,0.0,0.0
7/7/2020 5:00,0.0,0.0
7/7/2020 6:00,0.0,0.0
7/7/2020 7:00,0.03,0.0
7/7/2020 8:00,0.4,0.06
7/7/2020 9:00,1.16,0.17
7/7/2020 10:00,2.4,0.34
7/7/2020 11:00,3.45,0.49
7/7/2020 12:00,4.18,0.6
7/7/2020 13:00,4.63,0.66
7/7/2020 14:00,4.72,0.67
7/7/2020 15:00,4.53,0.65
7/7/2020 16:00,4.15,0.59
7/7/2020 17:00,3.49,0.5
7/7/2020 18:00,2.51,0.36
7/7/2020 19:00,1.44,0.21
7/7/2020 20:00,0.55,0.08
7/7/2020 21:00,0.13,0.02
7/7/2020 22:00,0.0,0.0
7/7/2020 23:00,0.0,0.0
7/8/2020 0:00,0.0,0.0
7/8/2020 1:00,0.0,0.0
7/8/2020 2:00,0.0,0.0
7/8/2020 3:00,0.0,0.0
7/8/2020 4:00,0.0,0.0
7/8/2020 5:00,0.0,0.0
7/8/2020 6:00,0.0,0.0
7/8/2020 7:00,0.04,0.01
7/8/2020 8:00,0.43,0.06
7/8/2020 9:00,1.06,0.15
7/8/2020 10:00,2.34,0.33
7/8/2020 11:00,3.96,0.57
7/8/2020 12:00,4.69,0.67
7/8/2020 13:00,5.22,0.75
7/8/2020 14:00,5.37,0.77
7/8/2020 15:00,5.28,0.75
7/8/2020 16:00,4.9,0.7
7/8/2020 17:00,4.13,0.59
7/8/2020 18:00,2.95,0.42
7/8/2020 19:00,1.53,0.22
7/8/2020 20:00,0.45,0.06
7/8/2020 21:00,0.08,0.01
7/8/2020 22:00,0.0,0.0
7/8/2020 23:00,0.0,0.0
7/9/2020 0:00,0.0,0.0
7/9/2020 1:00,0.0,0.0
7/9/2020 2:00,0.0,0.0
7/9/2020 3:00,0.0,0.0
7/9/2020 4:00,0.0,0.0
7/9/2020 5:00,0.0,0.0
7/9/2020 6:00,0.0,0.0
7/9/2020 7:00,0.0,0.0
7/9/2020 8:00,0.12,0.02
7/9/2020 9:00,0.5,0.07
7/9/2020 10:00,1.02,0.15
7/9/2020 11:00,2.72,0.39
7/9/2020 12:00,4.4,0.63
7/9/2020 13:00,4.97,0.71
7/9/2020 14:00,5.07,0.72
7/9/2020 15:00,4.92,0.7
7/9/2020 16:00,4.63,0.66
7/9/2020 17:00,3.83,0.55
7/9/2020 18:00,2.66,0.38
7/9/2020 19:00,1.39,0.2
7/9/2020 20:00,0.45,0.06
7/9/2020 21:00,0.08,0.01
7/9/2020 22:00,0.0,0.0
7/9/2020 23:00,0.0,0.0
7/10/2020 0:00,0.0,0.0
7/10/2020 1:00,0.0,0.0
7/10/2020 2:00,0.0,0.0
7/10/2020 3:00,0.0,0.0
7/10/2020 4:00,0.0,0.0
7/10/2020 5:00,0.0,0.0
7/10/2020 6:00,0.0,0.0
7/10/2020 7:00,0.02,0.0
7/10/2020 8:00,0.31,0.04
7/10/2020 9:00,1.15,0.16
7/10/2020 10:00,2.63,0.38
7/10/2020 11:00,3.74,0.53
7/10/2020 12:00,4.5,0.64
7/10/2020 13:00,4.94,0.71
7/10/2020 14:00,5.07,0.72
7/10/2020 15:00,4.9,0.7
7/10/2020 16:00,4.49,0.64
7/10/2020 17:00,3.79,0.54
7/10/2020 18:00,2.71,0.39
7/10/2020 19:00,1.41,0.2
7/10/2020 20:00,0.41,0.06
7/10/2020 21:00,0.07,0.01
7/10/2020 22:00,0.0,0.0
7/10/2020 23:00,0.0,0.0
7/11/2020 0:00,0.0,0.0
7/11/2020 1:00,0.0,0.0
7/11/2020 2:00,0.0,0.0
7/11/2020 3:00,0.0,0.0
7/11/2020 4:00,0.0,0.0
7/11/2020 5:00,0.0,0.0
7/11/2020 6:00,0.0,0.0
7/11/2020 7:00,0.02,0.0
7/11/2020 8:00,0.4,0.06
7/11/2020 9:00,1.21,0.17
7/11/2020 10:00,2.54,0.36
7/11/2020 11:00,3.61,0.52
7/11/2020 12:00,4.31,0.62
7/11/2020 13:00,4.75,0.68
7/11/2020 14:00,4.9,0.7
7/11/2020 15:00,4.61,0.66
7/11/2020 16:00,4.15,0.59
7/11/2020 17:00,3.74,0.53
7/11/2020 18:00,2.73,0.39
7/11/2020 19:00,1.36,0.19
7/11/2020 20:00,0.33,0.05
7/11/2020 21:00,0.06,0.01
7/11/2020 22:00,0.0,0.0
7/11/2020 23:00,0.0,0.0
7/12/2020 0:00,0.0,0.0
7/12/2020 1:00,0.0,0.0
7/12/2020 2:00,0.0,0.0
7/12/2020 3:00,0.0,0.0
7/12/2020 4:00,0.0,0.0
7/12/2020 5:00,0.0,0.0
7/12/2020 6:00,0.0,0.0
7/12/2020 7:00,0.02,0.0
7/12/2020 8:00,0.38,0.05
7/12/2020 9:00,1.18,0.17
7/12/2020 10:00,2.56,0.37
7/12/2020 11:00,3.72,0.53
7/12/2020 12:00,4.47,0.64
7/12/2020 13:00,4.91,0.7
7/12/2020 14:00,5.03,0.72
7/12/2020 15:00,4.67,0.67
7/12/2020 16:00,4.28,0.61
7/12/2020 17:00,3.92,0.56
7/12/2020 18:00,2.8,0.4
7/12/2020 19:00,1.44,0.21
7/12/2020 20:00,0.42,0.06
7/12/2020 21:00,0.07,0.01
7/12/2020 22:00,0.0,0.0
7/12/2020 23:00,0.0,0.0
7/13/2020 0:00,0.0,0.0
7/13/2020 1:00,0.0,0.0
7/13/2020 2:00,0.0,0.0
7/13/2020 3:00,0.0,0.0
7/13/2020 4:00,0.0,0.0
7/13/2020 5:00,0.0,0.0
7/13/2020 6:00,0.0,0.0
7/13/2020 7:00,0.01,0.0
7/13/2020 8:00,0.25,0.04
7/13/2020 9:00,1.08,0.15
7/13/2020 10:00,2.55,0.36
7/13/2020 11:00,3.59,0.51
7/13/2020 12:00,4.27,0.61
7/13/2020 13:00,4.64,0.66
7/13/2020 14:00,4.54,0.65
7/13/2020 15:00,4.0,0.57
7/13/2020 16:00,3.74,0.53
7/13/2020 17:00,3.58,0.51
7/13/2020 18:00,2.66,0.38
7/13/2020 19:00,1.38,0.2
7/13/2020 20:00,0.39,0.06
7/13/2020 21:00,0.07,0.01
7/13/2020 22:00,0.0,0.0
7/13/2020 23:00,0.0,0.0
7/14/2020 0:00,0.0,0.0
7/14/2020 1:00,0.0,0.0
7/14/2020 2:00,0.0,0.0
7/14/2020 3:00,0.0,0.0
7/14/2020 4:00,0.0,0.0
7/14/2020 5:00,0.0,0.0
7/14/2020 6:00,0.0,0.0
7/14/2020 7:00,0.0,0.0
7/14/2020 8:00,0.25,0.04
7/14/2020 9:00,1.08,0.15
7/14/2020 10:00,2.54,0.36
7/14/2020 11:00,3.44,0.49
7/14/2020 12:00,4.33,0.62
7/14/2020 13:00,4.84,0.69
7/14/2020 14:00,4.78,0.68
7/14/2020 15:00,4.21,0.6
7/14/2020 16:00,4.18,0.6
7/14/2020 17:00,3.45,0.49
7/14/2020 18:00,2.95,0.42
7/14/2020 19:00,1.46,0.21
7/14/2020 20:00,0.4,0.06
7/14/2020 21:00,0.06,0.01
7/14/2020 22:00,0.0,0.0
7/14/2020 23:00,0.0,0.0
7/15/2020 0:00,0.0,0.0
7/15/2020 1:00,0.0,0.0
7/15/2020 2:00,0.0,0.0
7/15/2020 3:00,0.0,0.0
7/15/2020 4:00,0.0,0.0
7/15/2020 5:00,0.0,0.0
7/15/2020 6:00,0.0,0.0
7/15/2020 7:00,0.0,0.0
7/15/2020 8:00,0.23,0.03
7/15/2020 9:00,1.08,0.15
7/15/2020 10:00,2.63,0.38
7/15/2020 11:00,3.75,0.54
7/15/2020 12:00,4.5,0.64
7/15/2020 13:00,4.93,0.7
7/15/2020 14:00,4.97,0.71
7/15/2020 15:00,4.64,0.66
7/15/2020 16:00,4.15,0.59
7/15/2020 17:00,3.74,0.53
7/15/2020 18:00,2.69,0.38
7/15/2020 19:00,1.39,0.2
7/15/2020 20:00,0.41,0.06
7/15/2020 21:00,0.07,0.01
7/15/2020 22:00,0.0,0.0
7/15/2020 23:00,0.0,0.0
7/16/2020 0:00,0.0,0.0
7/16/2020 1:00,0.0,0.0
7/16/2020 2:00,0.0,0.0
7/16/2020 3:00,0.0,0.0
7/16/2020 4:00,0.0,0.0
7/16/2020 5:00,0.0,0.0
7/16/2020 6:00,0.0,0.0
7/16/2020 7:00,0.0,0.0
7/16/2020 8:00,0.27,0.04
7/16/2020 9:00,1.03,0.15
7/16/2020 10:00,2.42,0.35
7/16/2020 11:00,3.52,0.5
7/16/2020 12:00,4.24,0.61
7/16/2020 13:00,4.7,0.67
7/16/2020 14:00,4.54,0.65
7/16/2020 15:00,3.94,0.56
7/16/2020 16:00,3.66,0.52
7/16/2020 17:00,3.52,0.5
7/16/2020 18:00,2.62,0.37
7/16/2020 19:00,1.31,0.19
7/16/2020 20:00,0.39,0.06
7/16/2020 21:00,0.07,0.01
7/16/2020 22:00,0.0,0.0
7/16/2020 23:00,0.0,0.0
7/17/2020 0:00,0.0,0.0
7/17/2020 1:00,0.0,0.0
7/17/2020 2:00,0.0,0.0
7/17/2020 3:00,0.0,0.0
7/17/2020 4:00,0.0,0.0
7/17/2020 5:00,0.0,0.0
7/17/2020 6:00,0.0,0.0
7/17/2020 7:00,0.01,0.0
7/17/2020 8:00,0.26,0.04
7/17/2020 9:00,1.03,0.15
7/17/2020 10:00,2.45,0.35
7/17/2020 11:00,3.53,0.5
7/17/2020 12:00,4.31,0.62
7/17/2020 13:00,4.77,0.68
7/17/2020 14:00,4.63,0.66
7/17/2020 15:00,3.93,0.56
7/17/2020 16:00,3.76,0.54
7/17/2020 17:00,3.64,0.52
7/17/2020 18:00,2.74,0.39
7/17/2020 19:00,1.4,0.2
7/17/2020 20:00,0.4,0.06
7/17/2020 21:00,0.06,0.01
7/17/2020 22:00,0.0,0.0
7/17/2020 23:00,0.0,0.0
7/18/2020 0:00,0.0,0.0
7/18/2020 1:00,0.0,0.0
7/18/2020 2:00,0.0,0.0
7/18/2020 3:00,0.0,0.0
7/18/2020 4:00,0.0,0.0
7/18/2020 5:00,0.0,0.0
7/18/2020 6:00,0.0,0.0
7/18/2020 7:00,0.01,0.0
7/18/2020 8:00,0.29,0.04
7/18/2020 9:00,1.07,0.15
7/18/2020 10:00,2.5,0.36
7/18/2020 11:00,3.61,0.52
7/18/2020 12:00,4.4,0.63
7/18/2020 13:00,4.85,0.69
7/18/2020 14:00,4.94,0.71
7/18/2020 15:00,4.29,0.61
7/18/2020 16:00,4.22,0.6
7/18/2020 17:00,3.92,0.56
7/18/2020 18:00,2.87,0.41
7/18/2020 19:00,1.5,0.21
7/18/2020 20:00,0.4,0.06
7/18/2020 21:00,0.05,0.01
7/18/2020 22:00,0.0,0.0
7/18/2020 23:00,0.0,0.0
7/19/2020 0:00,0.0,0.0
7/19/2020 1:00,0.0,0.0
7/19/2020 2:00,0.0,0.0
7/19/2020 3:00,0.0,0.0
7/19/2020 4:00,0.0,0.0
7/19/2020 5:00,0.0,0.0
7/19/2020 6:00,0.0,0.0
7/19/2020 7:00,0.01,0.0
7/19/2020 8:00,0.26,0.04
7/19/2020 9:00,0.74,0.11
7/19/2020 10:00,1.91,0.27
7/19/2020 11:00,3.71,0.53
7/19/2020 12:00,4.47,0.64
7/19/2020 13:00,4.98,0.71
7/19/2020 14:00,5.13,0.73
7/19/2020 15:00,4.94,0.71
7/19/2020 16:00,4.53,0.65
7/19/2020 17:00,3.85,0.55
7/19/2020 18:00,2.78,0.4
7/19/2020 19:00,1.41,0.2
7/19/2020 20:00,0.48,0.07
7/19/2020 21:00,0.08,0.01
7/19/2020 22:00,0.0,0.0
7/19/2020 23:00,0.0,0.0
7/20/2020 0:00,0.0,0.0
7/20/2020 1:00,0.0,0.0
7/20/2020 2:00,0.0,0.0
7/20/2020 3:00,0.0,0.0
7/20/2020 4:00,0.0,0.0
7/20/2020 5:00,0.0,0.0
7/20/2020 6:00,0.0,0.0
7/20/2020 7:00,0.01,0.0
7/20/2020 8:00,0.35,0.05
7/20/2020 9:00,0.92,0.13
7/20/2020 10:00,1.41,0.2
7/20/2020 11:00,3.15,0.45
7/20/2020 12:00,2.61,0.37
7/20/2020 13:00,2.8,0.4
7/20/2020 14:00,2.98,0.43
7/20/2020 15:00,3.67,0.52
7/20/2020 16:00,3.74,0.53
7/20/2020 17:00,3.41,0.49
7/20/2020 18:00,1.75,0.25
7/20/2020 19:00,0.98,0.14
7/20/2020 20:00,0.42,0.06
7/20/2020 21:00,0.02,0.0
7/20/2020 22:00,0.0,0.0
7/20/2020 23:00,0.0,0.0
7/21/2020 0:00,0.0,0.0
7/21/2020 1:00,0.0,0.0
7/21/2020 2:00,0.0,0.0
7/21/2020 3:00,0.0,0.0
7/21/2020 4:00,0.0,0.0
7/21/2020 5:00,0.0,0.0
7/21/2020 6:00,0.0,0.0
7/21/2020 7:00,0.02,0.0
7/21/2020 8:00,0.43,0.06
7/21/2020 9:00,1.02,0.15
7/21/2020 10:00,2.27,0.32
7/21/2020 11:00,3.6,0.51
7/21/2020 12:00,4.42,0.63
7/21/2020 13:00,4.94,0.71
7/21/2020 14:00,4.99,0.71
7/21/2020 15:00,4.39,0.63
7/21/2020 16:00,3.97,0.57
7/21/2020 17:00,2.73,0.39
7/21/2020 18:00,0.88,0.13
7/21/2020 19:00,0.82,0.12
7/21/2020 20:00,0.57,0.08
7/21/2020 21:00,0.09,0.01
7/21/2020 22:00,0.0,0.0
7/21/2020 23:00,0.0,0.0
7/22/2020 0:00,0.0,0.0
7/22/2020 1:00,0.0,0.0
7/22/2020 2:00,0.0,0.0
7/22/2020 3:00,0.0,0.0
7/22/2020 4:00,0.0,0.0
7/22/2020 5:00,0.0,0.0
7/22/2020 6:00,0.0,0.0
7/22/2020 7:00,0.01,0.0
7/22/2020 8:00,0.28,0.04
7/22/2020 9:00,1.07,0.15
7/22/2020 10:00,2.61,0.37
7/22/2020 11:00,3.71,0.53
7/22/2020 12:00,4.5,0.64
7/22/2020 13:00,4.98,0.71
7/22/2020 14:00,4.94,0.71
7/22/2020 15:00,4.44,0.63
7/22/2020 16:00,4.27,0.61
7/22/2020 17:00,3.91,0.56
7/22/2020 18:00,2.83,0.4
7/22/2020 19:00,1.45,0.21
7/22/2020 20:00,0.41,0.06
7/22/2020 21:00,0.06,0.01
7/22/2020 22:00,0.0,0.0
7/22/2020 23:00,0.0,0.0
7/23/2020 0:00,0.0,0.0
7/23/2020 1:00,0.0,0.0
7/23/2020 2:00,0.0,0.0
7/23/2020 3:00,0.0,0.0
7/23/2020 4:00,0.0,0.0
7/23/2020 5:00,0.0,0.0
7/23/2020 6:00,0.0,0.0
7/23/2020 7:00,0.01,0.0
7/23/2020 8:00,0.31,0.04
7/23/2020 9:00,1.1,0.16
7/23/2020 10:00,2.62,0.37
7/23/2020 11:00,3.77,0.54
7/23/2020 12:00,4.56,0.65
7/23/2020 13:00,5.05,0.72
7/23/2020 14:00,5.08,0.73
7/23/2020 15:00,4.59,0.66
7/23/2020 16:00,4.24,0.61
7/23/2020 17:00,3.9,0.56
7/23/2020 18:00,2.82,0.4
7/23/2020 19:00,1.45,0.21
7/23/2020 20:00,0.39,0.06
7/23/2020 21:00,0.05,0.01
7/23/2020 22:00,0.0,0.0
7/23/2020 23:00,0.0,0.0
7/24/2020 0:00,0.0,0.0
7/24/2020 1:00,0.0,0.0
7/24/2020 2:00,0.0,0.0
7/24/2020 3:00,0.0,0.0
7/24/2020 4:00,0.0,0.0
7/24/2020 5:00,0.0,0.0
7/24/2020 6:00,0.0,0.0
7/24/2020 7:00,0.0,0.0
7/24/2020 8:00,0.2,0.03
7/24/2020 9:00,1.11,0.16
7/24/2020 10:00,2.79,0.4
7/24/2020 11:00,3.95,0.56
7/24/2020 12:00,4.72,0.67
7/24/2020 13:00,5.18,0.74
7/24/2020 14:00,5.23,0.75
7/24/2020 15:00,4.64,0.66
7/24/2020 16:00,4.48,0.64
7/24/2020 17:00,3.89,0.56
7/24/2020 18:00,2.85,0.41
7/24/2020 19:00,1.47,0.21
7/24/2020 20:00,0.38,0.05
7/24/2020 21:00,0.05,0.01
7/24/2020 22:00,0.0,0.0
7/24/2020 23:00,0.0,0.0
7/25/2020 0:00,0.0,0.0
7/25/2020 1:00,0.0,0.0
7/25/2020 2:00,0.0,0.0
7/25/2020 3:00,0.0,0.0
7/25/2020 4:00,0.0,0.0
7/25/2020 5:00,0.0,0.0
7/25/2020 6:00,0.0,0.0
7/25/2020 7:00,0.0,0.0
7/25/2020 8:00,0.22,0.03
7/25/2020 9:00,1.04,0.15
7/25/2020 10:00,2.63,0.38
7/25/2020 11:00,3.8,0.54
7/25/2020 12:00,4.61,0.66
7/25/2020 13:00,5.09,0.73
7/25/2020 14:00,5.25,0.75
7/25/2020 15:00,4.76,0.68
7/25/2020 16:00,4.56,0.65
7/25/2020 17:00,3.98,0.57
7/25/2020 18:00,2.89,0.41
7/25/2020 19:00,1.49,0.21
7/25/2020 20:00,0.38,0.05
7/25/2020 21:00,0.05,0.01
7/25/2020 22:00,0.0,0.0
7/25/2020 23:00,0.0,0.0
7/26/2020 0:00,0.0,0.0
7/26/2020 1:00,0.0,0.0
7/26/2020 2:00,0.0,0.0
7/26/2020 3:00,0.0,0.0
7/26/2020 4:00,0.0,0.0
7/26/2020 5:00,0.0,0.0
7/26/2020 6:00,0.0,0.0
7/26/2020 7:00,0.0,0.0
7/26/2020 8:00,0.23,0.03
7/26/2020 9:00,1.06,0.15
7/26/2020 10:00,2.63,0.38
7/26/2020 11:00,3.81,0.54
7/26/2020 12:00,4.63,0.66
7/26/2020 13:00,5.05,0.72
7/26/2020 14:00,5.09,0.73
7/26/2020 15:00,4.75,0.68
7/26/2020 16:00,4.4,0.63
7/26/2020 17:00,3.83,0.55
7/26/2020 18:00,2.74,0.39
7/26/2020 19:00,1.4,0.2
7/26/2020 20:00,0.39,0.06
7/26/2020 21:00,0.05,0.01
7/26/2020 22:00,0.0,0.0
7/26/2020 23:00,0.0,0.0
7/27/2020 0:00,0.0,0.0
7/27/2020 1:00,0.0,0.0
7/27/2020 2:00,0.0,0.0
7/27/2020 3:00,0.0,0.0
7/27/2020 4:00,0.0,0.0
7/27/2020 5:00,0.0,0.0
7/27/2020 6:00,0.0,0.0
7/27/2020 7:00,0.0,0.0
7/27/2020 8:00,0.23,0.03
7/27/2020 9:00,1.03,0.15
7/27/2020 10:00,2.51,0.36
7/27/2020 11:00,3.67,0.52
7/27/2020 12:00,4.49,0.64
7/27/2020 13:00,5.01,0.72
7/27/2020 14:00,5.19,0.74
7/27/2020 15:00,5.03,0.72
7/27/2020 16:00,4.56,0.65
7/27/2020 17:00,3.86,0.55
7/27/2020 18:00,2.8,0.4
7/27/2020 19:00,1.43,0.2
7/27/2020 20:00,0.39,0.06
7/27/2020 21:00,0.05,0.01
7/27/2020 22:00,0.0,0.0
7/27/2020 23:00,0.0,0.0
7/28/2020 0:00,0.0,0.0
7/28/2020 1:00,0.0,0.0
7/28/2020 2:00,0.0,0.0
7/28/2020 3:00,0.0,0.0
7/28/2020 4:00,0.0,0.0
7/28/2020 5:00,0.0,0.0
7/28/2020 6:00,0.0,0.0
7/28/2020 7:00,0.0,0.0
7/28/2020 8:00,0.22,0.03
7/28/2020 9:00,0.87,0.12
7/28/2020 10:00,2.09,0.3
7/28/2020 11:00,3.71,0.53
7/28/2020 12:00,4.45,0.64
7/28/2020 13:00,5.2,0.74
7/28/2020 14:00,5.37,0.77
7/28/2020 15:00,4.87,0.7
7/28/2020 16:00,4.58,0.65
7/28/2020 17:00,4.01,0.57
7/28/2020 18:00,2.92,0.42
7/28/2020 19:00,1.5,0.21
7/28/2020 20:00,0.37,0.05
7/28/2020 21:00,0.04,0.01
7/28/2020 22:00,0.0,0.0
7/28/2020 23:00,0.0,0.0
7/29/2020 0:00,0.0,0.0
7/29/2020 1:00,0.0,0.0
7/29/2020 2:00,0.0,0.0
7/29/2020 3:00,0.0,0.0
7/29/2020 4:00,0.0,0.0
7/29/2020 5:00,0.0,0.0
7/29/2020 6:00,0.0,0.0
7/29/2020 7:00,0.0,0.0
7/29/2020 8:00,0.22,0.03
7/29/2020 9:00,1.1,0.16
7/29/2020 10:00,2.69,0.38
7/29/2020 11:00,3.83,0.55
7/29/2020 12:00,4.61,0.66
7/29/2020 13:00,5.01,0.72
7/29/2020 14:00,5.13,0.73
7/29/2020 15:00,4.68,0.67
7/29/2020 16:00,4.27,0.61
7/29/2020 17:00,3.91,0.56
7/29/2020 18:00,2.86,0.41
7/29/2020 19:00,1.46,0.21
7/29/2020 20:00,0.36,0.05
7/29/2020 21:00,0.04,0.01
7/29/2020 22:00,0.0,0.0
7/29/2020 23:00,0.0,0.0
7/30/2020 0:00,0.0,0.0
7/30/2020 1:00,0.0,0.0
7/30/2020 2:00,0.0,0.0
7/30/2020 3:00,0.0,0.0
7/30/2020 4:00,0.0,0.0
7/30/2020 5:00,0.0,0.0
7/30/2020 6:00,0.0,0.0
7/30/2020 7:00,0.0,0.0
7/30/2020 8:00,0.33,0.05
7/30/2020 9:00,1.11,0.16
7/30/2020 10:00,2.61,0.37
7/30/2020 11:00,3.77,0.54
7/30/2020 12:00,4.56,0.65
7/30/2020 13:00,5.06,0.72
7/30/2020 14:00,5.14,0.73
7/30/2020 15:00,4.81,0.69
7/30/2020 16:00,4.28,0.61
7/30/2020 17:00,3.96,0.57
7/30/2020 18:00,2.89,0.41
7/30/2020 19:00,1.45,0.21
7/30/2020 20:00,0.36,0.05
7/30/2020 21:00,0.04,0.01
7/30/2020 22:00,0.0,0.0
7/30/2020 23:00,0.0,0.0
7/31/2020 0:00,0.0,0.0
7/31/2020 1:00,0.0,0.0
7/31/2020 2:00,0.0,0.0
7/31/2020 3:00,0.0,0.0
7/31/2020 4:00,0.0,0.0
7/31/2020 5:00,0.0,0.0
7/31/2020 6:00,0.0,0.0
7/31/2020 7:00,0.0,0.0
7/31/2020 8:00,0.22,0.03
7/31/2020 9:00,1.1,0.16
7/31/2020 10:00,2.64,0.38
7/31/2020 11:00,3.74,0.53
7/31/2020 12:00,4.5,0.64
7/31/2020 13:00,5.01,0.72
7/31/2020 14:00,5.08,0.73
7/31/2020 15:00,4.77,0.68
7/31/2020 16:00,4.42,0.63
7/31/2020 17:00,3.84,0.55
7/31/2020 18:00,2.81,0.4
7/31/2020 19:00,1.44,0.21
7/31/2020 20:00,0.35,0.05
7/31/2020 21:00,0.03,0.0
7/31/2020 22:00,0.0,0.0
7/31/2020 23:00,0.0,0.0
8/1/2020 0:00,0.0,0.0
8/1/2020 1:00,0.0,0.0
8/1/2020 2:00,0.0,0.0
8/1/2020 3:00,0.0,0.0
8/1/2020 4:00,0.0,0.0
8/1/2020 5:00,0.0,0.0
8/1/2020 6:00,0.0,0.0
8/1/2020 7:00,0.0,0.0
8/1/2020 8:00,0.18,0.03
8/1/2020 9:00,1.08,0.15
8/1/2020 10:00,2.67,0.38
8/1/2020 11:00,3.83,0.55
8/1/2020 12:00,4.62,0.66
8/1/2020 13:00,5.1,0.73
8/1/2020 14:00,5.24,0.75
8/1/2020 15:00,4.67,0.67
8/1/2020 16:00,4.52,0.65
8/1/2020 17:00,3.91,0.56
8/1/2020 18:00,2.83,0.4
8/1/2020 19:00,1.4,0.2
8/1/2020 20:00,0.38,0.05
8/1/2020 21:00,0.05,0.01
8/1/2020 22:00,0.0,0.0
8/1/2020 23:00,0.0,0.0
8/2/2020 0:00,0.0,0.0
8/2/2020 1:00,0.0,0.0
8/2/2020 2:00,0.0,0.0
8/2/2020 3:00,0.0,0.0
8/2/2020 4:00,0.0,0.0
8/2/2020 5:00,0.0,0.0
8/2/2020 6:00,0.0,0.0
8/2/2020 7:00,0.0,0.0
8/2/2020 8:00,0.21,0.03
8/2/2020 9:00,1.14,0.16
8/2/2020 10:00,2.79,0.4
8/2/2020 11:00,4.03,0.58
8/2/2020 12:00,4.82,0.69
8/2/2020 13:00,5.24,0.75
8/2/2020 14:00,5.36,0.77
8/2/2020 15:00,5.09,0.73
8/2/2020 16:00,4.74,0.68
8/2/2020 17:00,4.08,0.58
8/2/2020 18:00,2.94,0.42
8/2/2020 19:00,1.47,0.21
8/2/2020 20:00,0.34,0.05
8/2/2020 21:00,0.03,0.0
8/2/2020 22:00,0.0,0.0
8/2/2020 23:00,0.0,0.0
8/3/2020 0:00,0.0,0.0
8/3/2020 1:00,0.0,0.0
8/3/2020 2:00,0.0,0.0
8/3/2020 3:00,0.0,0.0
8/3/2020 4:00,0.0,0.0
8/3/2020 5:00,0.0,0.0
8/3/2020 6:00,0.0,0.0
8/3/2020 7:00,0.0,0.0
8/3/2020 8:00,0.15,0.02
8/3/2020 9:00,0.98,0.14
8/3/2020 10:00,2.71,0.39
8/3/2020 11:00,3.79,0.54
8/3/2020 12:00,4.47,0.64
8/3/2020 13:00,4.8,0.69
8/3/2020 14:00,5.25,0.75
8/3/2020 15:00,5.06,0.72
8/3/2020 16:00,4.78,0.68
8/3/2020 17:00,3.98,0.57
8/3/2020 18:00,2.74,0.39
8/3/2020 19:00,1.51,0.22
8/3/2020 20:00,0.4,0.06
8/3/2020 21:00,0.07,0.01
8/3/2020 22:00,0.0,0.0
8/3/2020 23:00,0.0,0.0
8/4/2020 0:00,0.0,0.0
8/4/2020 1:00,0.0,0.0
8/4/2020 2:00,0.0,0.0
8/4/2020 3:00,0.0,0.0
8/4/2020 4:00,0.0,0.0
8/4/2020 5:00,0.0,0.0
8/4/2020 6:00,0.0,0.0
8/4/2020 7:00,0.0,0.0
8/4/2020 8:00,0.24,0.03
8/4/2020 9:00,1.05,0.15
8/4/2020 10:00,2.6,0.37
8/4/2020 11:00,3.78,0.54
8/4/2020 12:00,4.55,0.65
8/4/2020 13:00,4.95,0.71
8/4/2020 14:00,5.08,0.73
8/4/2020 15:00,4.4,0.63
8/4/2020 16:00,4.64,0.66
8/4/2020 17:00,3.81,0.54
8/4/2020 18:00,2.74,0.39
8/4/2020 19:00,1.39,0.2
8/4/2020 20:00,0.33,0.05
8/4/2020 21:00,0.02,0.0
8/4/2020 22:00,0.0,0.0
8/4/2020 23:00,0.0,0.0
8/5/2020 0:00,0.0,0.0
8/5/2020 1:00,0.0,0.0
8/5/2020 2:00,0.0,0.0
8/5/2020 3:00,0.0,0.0
8/5/2020 4:00,0.0,0.0
8/5/2020 5:00,0.0,0.0
8/5/2020 6:00,0.0,0.0
8/5/2020 7:00,0.0,0.0
8/5/2020 8:00,0.18,0.03
8/5/2020 9:00,1.0,0.14
8/5/2020 10:00,2.5,0.36
8/5/2020 11:00,3.64,0.52
8/5/2020 12:00,4.4,0.63
8/5/2020 13:00,4.82,0.69
8/5/2020 14:00,4.93,0.7
8/5/2020 15:00,4.29,0.61
8/5/2020 16:00,4.03,0.58
8/5/2020 17:00,3.63,0.52
8/5/2020 18:00,2.62,0.37
8/5/2020 19:00,1.3,0.19
8/5/2020 20:00,0.32,0.05
8/5/2020 21:00,0.03,0.0
8/5/2020 22:00,0.0,0.0
8/5/2020 23:00,0.0,0.0
8/6/2020 0:00,0.0,0.0
8/6/2020 1:00,0.0,0.0
8/6/2020 2:00,0.0,0.0
8/6/2020 3:00,0.0,0.0
8/6/2020 4:00,0.0,0.0
8/6/2020 5:00,0.0,0.0
8/6/2020 6:00,0.0,0.0
8/6/2020 7:00,0.0,0.0
8/6/2020 8:00,0.18,0.03
8/6/2020 9:00,0.99,0.14
8/6/2020 10:00,2.51,0.36
8/6/2020 11:00,3.59,0.51
8/6/2020 12:00,4.39,0.63
8/6/2020 13:00,4.83,0.69
8/6/2020 14:00,4.7,0.67
8/6/2020 15:00,4.14,0.59
8/6/2020 16:00,3.86,0.55
8/6/2020 17:00,3.69,0.53
8/6/2020 18:00,2.69,0.38
8/6/2020 19:00,1.31,0.19
8/6/2020 20:00,0.35,0.05
8/6/2020 21:00,0.03,0.0
8/6/2020 22:00,0.0,0.0
8/6/2020 23:00,0.0,0.0
8/7/2020 0:00,0.0,0.0
8/7/2020 1:00,0.0,0.0
8/7/2020 2:00,0.0,0.0
8/7/2020 3:00,0.0,0.0
8/7/2020 4:00,0.0,0.0
8/7/2020 5:00,0.0,0.0
8/7/2020 6:00,0.0,0.0
8/7/2020 7:00,0.0,0.0
8/7/2020 8:00,0.18,0.03
8/7/2020 9:00,0.99,0.14
8/7/2020 10:00,2.45,0.35
8/7/2020 11:00,2.54,0.36
8/7/2020 12:00,4.41,0.63
8/7/2020 13:00,4.15,0.59
8/7/2020 14:00,4.84,0.69
8/7/2020 15:00,3.53,0.5
8/7/2020 16:00,4.46,0.64
8/7/2020 17:00,3.81,0.54
8/7/2020 18:00,2.76,0.39
8/7/2020 19:00,1.36,0.19
8/7/2020 20:00,0.32,0.05
8/7/2020 21:00,0.03,0.0
8/7/2020 22:00,0.0,0.0
8/7/2020 23:00,0.0,0.0
8/8/2020 0:00,0.0,0.0
8/8/2020 1:00,0.0,0.0
8/8/2020 2:00,0.0,0.0
8/8/2020 3:00,0.0,0.0
8/8/2020 4:00,0.0,0.0
8/8/2020 5:00,0.0,0.0
8/8/2020 6:00,0.0,0.0
8/8/2020 7:00,0.0,0.0
8/8/2020 8:00,0.19,0.03
8/8/2020 9:00,1.02,0.15
8/8/2020 10:00,2.55,0.36
8/8/2020 11:00,3.71,0.53
8/8/2020 12:00,4.49,0.64
8/8/2020 13:00,5.0,0.71
8/8/2020 14:00,5.09,0.73
8/8/2020 15:00,4.8,0.69
8/8/2020 16:00,4.44,0.63
8/8/2020 17:00,3.77,0.54
8/8/2020 18:00,2.73,0.39
8/8/2020 19:00,1.36,0.19
8/8/2020 20:00,0.3,0.04
8/8/2020 21:00,0.02,0.0
8/8/2020 22:00,0.0,0.0
8/8/2020 23:00,0.0,0.0
8/9/2020 0:00,0.0,0.0
8/9/2020 1:00,0.0,0.0
8/9/2020 2:00,0.0,0.0
8/9/2020 3:00,0.0,0.0
8/9/2020 4:00,0.0,0.0
8/9/2020 5:00,0.0,0.0
8/9/2020 6:00,0.0,0.0
8/9/2020 7:00,0.0,0.0
8/9/2020 8:00,0.17,0.02
8/9/2020 9:00,1.03,0.15
8/9/2020 10:00,2.64,0.38
8/9/2020 11:00,3.82,0.55
8/9/2020 12:00,4.66,0.67
8/9/2020 13:00,5.14,0.73
8/9/2020 14:00,5.28,0.75
8/9/2020 15:00,4.79,0.68
8/9/2020 16:00,4.59,0.66
8/9/2020 17:00,3.51,0.5
8/9/2020 18:00,2.7,0.39
8/9/2020 19:00,1.42,0.2
8/9/2020 20:00,0.32,0.05
8/9/2020 21:00,0.03,0.0
8/9/2020 22:00,0.0,0.0
8/9/2020 23:00,0.0,0.0
8/10/2020 0:00,0.0,0.0
8/10/2020 1:00,0.0,0.0
8/10/2020 2:00,0.0,0.0
8/10/2020 3:00,0.0,0.0
8/10/2020 4:00,0.0,0.0
8/10/2020 5:00,0.0,0.0
8/10/2020 6:00,0.0,0.0
8/10/2020 7:00,0.0,0.0
8/10/2020 8:00,0.08,0.01
8/10/2020 9:00,0.48,0.07
8/10/2020 10:00,1.12,0.16
8/10/2020 11:00,2.16,0.31
8/10/2020 12:00,3.91,0.56
8/10/2020 13:00,5.22,0.75
8/10/2020 14:00,5.31,0.76
8/10/2020 15:00,5.11,0.73
8/10/2020 16:00,4.6,0.66
8/10/2020 17:00,3.85,0.55
8/10/2020 18:00,2.79,0.4
8/10/2020 19:00,1.19,0.17
8/10/2020 20:00,0.23,0.03
8/10/2020 21:00,0.02,0.0
8/10/2020 22:00,0.0,0.0
8/10/2020 23:00,0.0,0.0
8/11/2020 0:00,0.0,0.0
8/11/2020 1:00,0.0,0.0
8/11/2020 2:00,0.0,0.0
8/11/2020 3:00,0.0,0.0
8/11/2020 4:00,0.0,0.0
8/11/2020 5:00,0.0,0.0
8/11/2020 6:00,0.0,0.0
8/11/2020 7:00,0.0,0.0
8/11/2020 8:00,0.07,0.01
8/11/2020 9:00,0.64,0.09
8/11/2020 10:00,1.12,0.16
8/11/2020 11:00,1.57,0.22
8/11/2020 12:00,1.59,0.23
8/11/2020 13:00,2.79,0.4
8/11/2020 14:00,2.68,0.38
8/11/2020 15:00,2.82,0.4
8/11/2020 16:00,4.21,0.6
8/11/2020 17:00,2.72,0.39
8/11/2020 18:00,2.67,0.38
8/11/2020 19:00,1.11,0.16
8/11/2020 20:00,0.23,0.03
8/11/2020 21:00,0.01,0.0
8/11/2020 22:00,0.0,0.0
8/11/2020 23:00,0.0,0.0
8/12/2020 0:00,0.0,0.0
8/12/2020 1:00,0.0,0.0
8/12/2020 2:00,0.0,0.0
8/12/2020 3:00,0.0,0.0
8/12/2020 4:00,0.0,0.0
8/12/2020 5:00,0.0,0.0
8/12/2020 6:00,0.0,0.0
8/12/2020 7:00,0.0,0.0
8/12/2020 8:00,0.02,0.0
8/12/2020 9:00,0.27,0.04
8/12/2020 10:00,0.51,0.07
8/12/2020 11:00,1.35,0.19
8/12/2020 12:00,2.52,0.36
8/12/2020 13:00,3.47,0.5
8/12/2020 14:00,4.1,0.59
8/12/2020 15:00,1.58,0.23
8/12/2020 16:00,2.66,0.38
8/12/2020 17:00,2.36,0.34
8/12/2020 18:00,2.6,0.37
8/12/2020 19:00,1.32,0.19
8/12/2020 20:00,0.32,0.05
8/12/2020 21:00,0.02,0.0
8/12/2020 22:00,0.0,0.0
8/12/2020 23:00,0.0,0.0
8/13/2020 0:00,0.0,0.0
8/13/2020 1:00,0.0,0.0
8/13/2020 2:00,0.0,0.0
8/13/2020 3:00,0.0,0.0
8/13/2020 4:00,0.0,0.0
8/13/2020 5:00,0.0,0.0
8/13/2020 6:00,0.0,0.0
8/13/2020 7:00,0.0,0.0
8/13/2020 8:00,0.16,0.02
8/13/2020 9:00,1.01,0.14
8/13/2020 10:00,2.64,0.38
8/13/2020 11:00,3.88,0.55
8/13/2020 12:00,4.7,0.67
8/13/2020 13:00,5.19,0.74
8/13/2020 14:00,5.31,0.76
8/13/2020 15:00,5.17,0.74
8/13/2020 16:00,4.72,0.67
8/13/2020 17:00,3.93,0.56
8/13/2020 18:00,2.83,0.4
8/13/2020 19:00,1.38,0.2
8/13/2020 20:00,0.28,0.04
8/13/2020 21:00,0.01,0.0
8/13/2020 22:00,0.0,0.0
8/13/2020 23:00,0.0,0.0
8/14/2020 0:00,0.0,0.0
8/14/2020 1:00,0.0,0.0
8/14/2020 2:00,0.0,0.0
8/14/2020 3:00,0.0,0.0
8/14/2020 4:00,0.0,0.0
8/14/2020 5:00,0.0,0.0
8/14/2020 6:00,0.0,0.0
8/14/2020 7:00,0.0,0.0
8/14/2020 8:00,0.31,0.04
8/14/2020 9:00,1.13,0.16
8/14/2020 10:00,2.51,0.36
8/14/2020 11:00,3.72,0.53
8/14/2020 12:00,4.74,0.68
8/14/2020 13:00,5.24,0.75
8/14/2020 14:00,5.32,0.76
8/14/2020 15:00,5.04,0.72
8/14/2020 16:00,4.71,0.67
8/14/2020 17:00,4.01,0.57
8/14/2020 18:00,2.88,0.41
8/14/2020 19:00,1.4,0.2
8/14/2020 20:00,0.27,0.04
8/14/2020 21:00,0.01,0.0
8/14/2020 22:00,0.0,0.0
8/14/2020 23:00,0.0,0.0
8/15/2020 0:00,0.0,0.0
8/15/2020 1:00,0.0,0.0
8/15/2020 2:00,0.0,0.0
8/15/2020 3:00,0.0,0.0
8/15/2020 4:00,0.0,0.0
8/15/2020 5:00,0.0,0.0
8/15/2020 6:00,0.0,0.0
8/15/2020 7:00,0.0,0.0
8/15/2020 8:00,0.15,0.02
8/15/2020 9:00,1.02,0.15
8/15/2020 10:00,2.42,0.35
8/15/2020 11:00,2.88,0.41
8/15/2020 12:00,2.29,0.33
8/15/2020 13:00,4.3,0.61
8/15/2020 14:00,3.79,0.54
8/15/2020 15:00,3.05,0.44
8/15/2020 16:00,3.68,0.53
8/15/2020 17:00,3.57,0.51
8/15/2020 18:00,1.43,0.2
8/15/2020 19:00,1.44,0.21
8/15/2020 20:00,0.3,0.04
8/15/2020 21:00,0.01,0.0
8/15/2020 22:00,0.0,0.0
8/15/2020 23:00,0.0,0.0
8/16/2020 0:00,0.0,0.0
8/16/2020 1:00,0.0,0.0
8/16/2020 2:00,0.0,0.0
8/16/2020 3:00,0.0,0.0
8/16/2020 4:00,0.0,0.0
8/16/2020 5:00,0.0,0.0
8/16/2020 6:00,0.0,0.0
8/16/2020 7:00,0.0,0.0
8/16/2020 8:00,0.15,0.02
8/16/2020 9:00,0.97,0.14
8/16/2020 10:00,1.85,0.26
8/16/2020 11:00,3.01,0.43
8/16/2020 12:00,3.93,0.56
8/16/2020 13:00,4.81,0.69
8/16/2020 14:00,5.0,0.71
8/16/2020 15:00,5.19,0.74
8/16/2020 16:00,4.82,0.69
8/16/2020 17:00,4.0,0.57
8/16/2020 18:00,2.84,0.41
8/16/2020 19:00,1.36,0.19
8/16/2020 20:00,0.25,0.04
8/16/2020 21:00,0.0,0.0
8/16/2020 22:00,0.0,0.0
8/16/2020 23:00,0.0,0.0
8/17/2020 0:00,0.0,0.0
8/17/2020 1:00,0.0,0.0
8/17/2020 2:00,0.0,0.0
8/17/2020 3:00,0.0,0.0
8/17/2020 4:00,0.0,0.0
8/17/2020 5:00,0.0,0.0
8/17/2020 6:00,0.0,0.0
8/17/2020 7:00,0.0,0.0
8/17/2020 8:00,0.23,0.03
8/17/2020 9:00,0.76,0.11
8/17/2020 10:00,2.16,0.31
8/17/2020 11:00,3.05,0.44
8/17/2020 12:00,3.33,0.48
8/17/2020 13:00,2.92,0.42
8/17/2020 14:00,4.52,0.65
8/17/2020 15:00,4.71,0.67
8/17/2020 16:00,3.99,0.57
8/17/2020 17:00,3.95,0.56
8/17/2020 18:00,2.74,0.39
8/17/2020 19:00,1.29,0.18
8/17/2020 20:00,0.24,0.03
8/17/2020 21:00,0.0,0.0
8/17/2020 22:00,0.0,0.0
8/17/2020 23:00,0.0,0.0
8/18/2020 0:00,0.0,0.0
8/18/2020 1:00,0.0,0.0
8/18/2020 2:00,0.0,0.0
8/18/2020 3:00,0.0,0.0
8/18/2020 4:00,0.0,0.0
8/18/2020 5:00,0.0,0.0
8/18/2020 6:00,0.0,0.0
8/18/2020 7:00,0.0,0.0
8/18/2020 8:00,0.16,0.02
8/18/2020 9:00,0.51,0.07
8/18/2020 10:00,0.85,0.12
8/18/2020 11:00,1.56,0.22
8/18/2020 12:00,2.22,0.32
8/18/2020 13:00,3.52,0.5
8/18/2020 14:00,4.52,0.65
8/18/2020 15:00,5.13,0.73
8/18/2020 16:00,4.69,0.67
8/18/2020 17:00,3.96,0.57
8/18/2020 18:00,2.82,0.4
8/18/2020 19:00,1.37,0.2
8/18/2020 20:00,0.25,0.04
8/18/2020 21:00,0.0,0.0
8/18/2020 22:00,0.0,0.0
8/18/2020 23:00,0.0,0.0
8/19/2020 0:00,0.0,0.0
8/19/2020 1:00,0.0,0.0
8/19/2020 2:00,0.0,0.0
8/19/2020 3:00,0.0,0.0
8/19/2020 4:00,0.0,0.0
8/19/2020 5:00,0.0,0.0
8/19/2020 6:00,0.0,0.0
8/19/2020 7:00,0.0,0.0
8/19/2020 8:00,0.16,0.02
8/19/2020 9:00,0.74,0.11
8/19/2020 10:00,1.22,0.17
8/19/2020 11:00,3.9,0.56
8/19/2020 12:00,4.74,0.68
8/19/2020 13:00,5.25,0.75
8/19/2020 14:00,5.23,0.75
8/19/2020 15:00,4.71,0.67
8/19/2020 16:00,4.53,0.65
8/19/2020 17:00,3.96,0.57
8/19/2020 18:00,2.82,0.4
8/19/2020 19:00,1.35,0.19
8/19/2020 20:00,0.35,0.05
8/19/2020 21:00,0.01,0.0
8/19/2020 22:00,0.0,0.0
8/19/2020 23:00,0.0,0.0
8/20/2020 0:00,0.0,0.0
8/20/2020 1:00,0.0,0.0
8/20/2020 2:00,0.0,0.0
8/20/2020 3:00,0.0,0.0
8/20/2020 4:00,0.0,0.0
8/20/2020 5:00,0.0,0.0
8/20/2020 6:00,0.0,0.0
8/20/2020 7:00,0.0,0.0
8/20/2020 8:00,0.09,0.01
8/20/2020 9:00,0.32,0.05
8/20/2020 10:00,0.62,0.09
8/20/2020 11:00,0.8,0.11
8/20/2020 12:00,0.75,0.11
8/20/2020 13:00,1.31,0.19
8/20/2020 14:00,1.85,0.26
8/20/2020 15:00,2.05,0.29
8/20/2020 16:00,1.37,0.2
8/20/2020 17:00,1.05,0.15
8/20/2020 18:00,0.67,0.1
8/20/2020 19:00,1.04,0.15
8/20/2020 20:00,0.09,0.01
8/20/2020 21:00,0.0,0.0
8/20/2020 22:00,0.0,0.0
8/20/2020 23:00,0.0,0.0
8/21/2020 0:00,0.0,0.0
8/21/2020 1:00,0.0,0.0
8/21/2020 2:00,0.0,0.0
8/21/2020 3:00,0.0,0.0
8/21/2020 4:00,0.0,0.0
8/21/2020 5:00,0.0,0.0
8/21/2020 6:00,0.0,0.0
8/21/2020 7:00,0.0,0.0
8/21/2020 8:00,0.07,0.01
8/21/2020 9:00,0.53,0.08
8/21/2020 10:00,1.7,0.24
8/21/2020 11:00,2.39,0.34
8/21/2020 12:00,2.97,0.42
8/21/2020 13:00,4.41,0.63
8/21/2020 14:00,3.01,0.43
8/21/2020 15:00,4.1,0.59
8/21/2020 16:00,4.04,0.58
8/21/2020 17:00,3.94,0.56
8/21/2020 18:00,2.67,0.38
8/21/2020 19:00,0.7,0.1
8/21/2020 20:00,0.27,0.04
8/21/2020 21:00,0.01,0.0
8/21/2020 22:00,0.0,0.0
8/21/2020 23:00,0.0,0.0
8/22/2020 0:00,0.0,0.0
8/22/2020 1:00,0.0,0.0
8/22/2020 2:00,0.0,0.0
8/22/2020 3:00,0.0,0.0
8/22/2020 4:00,0.0,0.0
8/22/2020 5:00,0.0,0.0
8/22/2020 6:00,0.0,0.0
8/22/2020 7:00,0.0,0.0
8/22/2020 8:00,0.13,0.02
8/22/2020 9:00,1.04,0.15
8/22/2020 10:00,2.75,0.39
8/22/2020 11:00,3.99,0.57
8/22/2020 12:00,4.81,0.69
8/22/2020 13:00,5.28,0.75
8/22/2020 14:00,5.41,0.77
8/22/2020 15:00,5.16,0.74
8/22/2020 16:00,4.72,0.67
8/22/2020 17:00,3.99,0.57
8/22/2020 18:00,2.83,0.4
8/22/2020 19:00,1.34,0.19
8/22/2020 20:00,0.22,0.03
8/22/2020 21:00,0.0,0.0
8/22/2020 22:00,0.0,0.0
8/22/2020 23:00,0.0,0.0
8/23/2020 0:00,0.0,0.0
8/23/2020 1:00,0.0,0.0
8/23/2020 2:00,0.0,0.0
8/23/2020 3:00,0.0,0.0
8/23/2020 4:00,0.0,0.0
8/23/2020 5:00,0.0,0.0
8/23/2020 6:00,0.0,0.0
8/23/2020 7:00,0.0,0.0
8/23/2020 8:00,0.11,0.02
8/23/2020 9:00,1.0,0.14
8/23/2020 10:00,2.7,0.39
8/23/2020 11:00,3.93,0.56
8/23/2020 12:00,4.75,0.68
8/23/2020 13:00,5.22,0.75
8/23/2020 14:00,5.33,0.76
8/23/2020 15:00,4.89,0.7
8/23/2020 16:00,4.6,0.66
8/23/2020 17:00,3.85,0.55
8/23/2020 18:00,2.71,0.39
8/23/2020 19:00,1.29,0.18
8/23/2020 20:00,0.2,0.03
8/23/2020 21:00,0.0,0.0
8/23/2020 22:00,0.0,0.0
8/23/2020 23:00,0.0,0.0
8/24/2020 0:00,0.0,0.0
8/24/2020 1:00,0.0,0.0
8/24/2020 2:00,0.0,0.0
8/24/2020 3:00,0.0,0.0
8/24/2020 4:00,0.0,0.0
8/24/2020 5:00,0.0,0.0
8/24/2020 6:00,0.0,0.0
8/24/2020 7:00,0.0,0.0
8/24/2020 8:00,0.12,0.02
8/24/2020 9:00,0.99,0.14
8/24/2020 10:00,2.6,0.37
8/24/2020 11:00,3.78,0.54
8/24/2020 12:00,4.52,0.65
8/24/2020 13:00,4.92,0.7
8/24/2020 14:00,4.94,0.71
8/24/2020 15:00,4.43,0.63
8/24/2020 16:00,4.05,0.58
8/24/2020 17:00,3.67,0.52
8/24/2020 18:00,2.25,0.32
8/24/2020 19:00,0.92,0.13
8/24/2020 20:00,0.27,0.04
8/24/2020 21:00,0.0,0.0
8/24/2020 22:00,0.0,0.0
8/24/2020 23:00,0.0,0.0
8/25/2020 0:00,0.0,0.0
8/25/2020 1:00,0.0,0.0
8/25/2020 2:00,0.0,0.0
8/25/2020 3:00,0.0,0.0
8/25/2020 4:00,0.0,0.0
8/25/2020 5:00,0.0,0.0
8/25/2020 6:00,0.0,0.0
8/25/2020 7:00,0.0,0.0
8/25/2020 8:00,0.11,0.02
8/25/2020 9:00,1.0,0.14
8/25/2020 10:00,2.64,0.38
8/25/2020 11:00,3.83,0.55
8/25/2020 12:00,4.6,0.66
8/25/2020 13:00,5.02,0.72
8/25/2020 14:00,4.95,0.71
8/25/2020 15:00,4.36,0.62
8/25/2020 16:00,4.07,0.58
8/25/2020 17:00,3.71,0.53
8/25/2020 18:00,2.63,0.38
8/25/2020 19:00,1.25,0.18
8/25/2020 20:00,0.19,0.03
8/25/2020 21:00,0.0,0.0
8/25/2020 22:00,0.0,0.0
8/25/2020 23:00,0.0,0.0
8/26/2020 0:00,0.0,0.0
8/26/2020 1:00,0.0,0.0
8/26/2020 2:00,0.0,0.0
8/26/2020 3:00,0.0,0.0
8/26/2020 4:00,0.0,0.0
8/26/2020 5:00,0.0,0.0
8/26/2020 6:00,0.0,0.0
8/26/2020 7:00,0.0,0.0
8/26/2020 8:00,0.11,0.02
8/26/2020 9:00,1.01,0.14
8/26/2020 10:00,2.64,0.38
8/26/2020 11:00,3.82,0.55
8/26/2020 12:00,4.64,0.66
8/26/2020 13:00,5.01,0.72
8/26/2020 14:00,5.0,0.71
8/26/2020 15:00,4.43,0.63
8/26/2020 16:00,4.14,0.59
8/26/2020 17:00,3.57,0.51
8/26/2020 18:00,2.57,0.37
8/26/2020 19:00,1.18,0.17
8/26/2020 20:00,0.22,0.03
8/26/2020 21:00,0.0,0.0
8/26/2020 22:00,0.0,0.0
8/26/2020 23:00,0.0,0.0
8/27/2020 0:00,0.0,0.0
8/27/2020 1:00,0.0,0.0
8/27/2020 2:00,0.0,0.0
8/27/2020 3:00,0.0,0.0
8/27/2020 4:00,0.0,0.0
8/27/2020 5:00,0.0,0.0
8/27/2020 6:00,0.0,0.0
8/27/2020 7:00,0.0,0.0
8/27/2020 8:00,0.15,0.02
8/27/2020 9:00,0.98,0.14
8/27/2020 10:00,2.57,0.37
8/27/2020 11:00,3.83,0.55
8/27/2020 12:00,4.71,0.67
8/27/2020 13:00,5.2,0.74
8/27/2020 14:00,5.22,0.75
8/27/2020 15:00,4.52,0.65
8/27/2020 16:00,4.44,0.63
8/27/2020 17:00,3.84,0.55
8/27/2020 18:00,2.68,0.38
8/27/2020 19:00,1.23,0.18
8/27/2020 20:00,0.17,0.02
8/27/2020 21:00,0.0,0.0
8/27/2020 22:00,0.0,0.0
8/27/2020 23:00,0.0,0.0
8/28/2020 0:00,0.0,0.0
8/28/2020 1:00,0.0,0.0
8/28/2020 2:00,0.0,0.0
8/28/2020 3:00,0.0,0.0
8/28/2020 4:00,0.0,0.0
8/28/2020 5:00,0.0,0.0
8/28/2020 6:00,0.0,0.0
8/28/2020 7:00,0.0,0.0
8/28/2020 8:00,0.05,0.01
8/28/2020 9:00,0.45,0.06
8/28/2020 10:00,1.23,0.18
8/28/2020 11:00,1.37,0.2
8/28/2020 12:00,1.9,0.27
8/28/2020 13:00,4.45,0.64
8/28/2020 14:00,5.49,0.78
8/28/2020 15:00,5.28,0.75
8/28/2020 16:00,4.74,0.68
8/28/2020 17:00,3.89,0.56
8/28/2020 18:00,2.69,0.38
8/28/2020 19:00,1.22,0.17
8/28/2020 20:00,0.17,0.02
8/28/2020 21:00,0.0,0.0
8/28/2020 22:00,0.0,0.0
8/28/2020 23:00,0.0,0.0
8/29/2020 0:00,0.0,0.0
8/29/2020 1:00,0.0,0.0
8/29/2020 2:00,0.0,0.0
8/29/2020 3:00,0.0,0.0
8/29/2020 4:00,0.0,0.0
8/29/2020 5:00,0.0,0.0
8/29/2020 6:00,0.0,0.0
8/29/2020 7:00,0.0,0.0
8/29/2020 8:00,0.14,0.02
8/29/2020 9:00,1.03,0.15
8/29/2020 10:00,2.75,0.39
8/29/2020 11:00,4.03,0.58
8/29/2020 12:00,4.9,0.7
8/29/2020 13:00,5.18,0.74
8/29/2020 14:00,5.34,0.76
8/29/2020 15:00,5.28,0.75
8/29/2020 16:00,4.8,0.69
8/29/2020 17:00,3.95,0.56
8/29/2020 18:00,2.72,0.39
8/29/2020 19:00,1.22,0.17
8/29/2020 20:00,0.16,0.02
8/29/2020 21:00,0.0,0.0
8/29/2020 22:00,0.0,0.0
8/29/2020 23:00,0.0,0.0
8/30/2020 0:00,0.0,0.0
8/30/2020 1:00,0.0,0.0
8/30/2020 2:00,0.0,0.0
8/30/2020 3:00,0.0,0.0
8/30/2020 4:00,0.0,0.0
8/30/2020 5:00,0.0,0.0
8/30/2020 6:00,0.0,0.0
8/30/2020 7:00,0.0,0.0
8/30/2020 8:00,0.1,0.01
8/30/2020 9:00,1.02,0.15
8/30/2020 10:00,2.75,0.39
8/30/2020 11:00,4.01,0.57
8/30/2020 12:00,4.81,0.69
8/30/2020 13:00,5.22,0.75
8/30/2020 14:00,5.31,0.76
8/30/2020 15:00,5.15,0.74
8/30/2020 16:00,4.68,0.67
8/30/2020 17:00,3.82,0.55
8/30/2020 18:00,2.66,0.38
8/30/2020 19:00,1.2,0.17
8/30/2020 20:00,0.16,0.02
8/30/2020 21:00,0.0,0.0
8/30/2020 22:00,0.0,0.0
8/30/2020 23:00,0.0,0.0
8/31/2020 0:00,0.0,0.0
8/31/2020 1:00,0.0,0.0
8/31/2020 2:00,0.0,0.0
8/31/2020 3:00,0.0,0.0
8/31/2020 4:00,0.0,0.0
8/31/2020 5:00,0.0,0.0
8/31/2020 6:00,0.0,0.0
8/31/2020 7:00,0.0,0.0
8/31/2020 8:00,0.1,0.01
8/31/2020 9:00,1.03,0.15
8/31/2020 10:00,1.84,0.26
8/31/2020 11:00,2.82,0.4
8/31/2020 12:00,4.33,0.62
8/31/2020 13:00,5.07,0.72
8/31/2020 14:00,5.17,0.74
8/31/2020 15:00,4.91,0.7
8/31/2020 16:00,4.53,0.65
8/31/2020 17:00,3.71,0.53
8/31/2020 18:00,2.59,0.37
8/31/2020 19:00,1.13,0.16
8/31/2020 20:00,0.12,0.02
8/31/2020 21:00,0.0,0.0
8/31/2020 22:00,0.0,0.0
8/31/2020 23:00,0.0,0.0
9/1/2020 0:00,0.0,0.0
9/1/2020 1:00,0.0,0.0
9/1/2020 2:00,0.0,0.0
9/1/2020 3:00,0.0,0.0
9/1/2020 4:00,0.0,0.0
9/1/2020 5:00,0.0,0.0
9/1/2020 6:00,0.0,0.0
9/1/2020 7:00,0.0,0.0
9/1/2020 8:00,0.07,0.01
9/1/2020 9:00,0.6,0.09
9/1/2020 10:00,2.24,0.32
9/1/2020 11:00,3.24,0.46
9/1/2020 12:00,4.51,0.64
9/1/2020 13:00,5.12,0.73
9/1/2020 14:00,4.54,0.65
9/1/2020 15:00,5.07,0.72
9/1/2020 16:00,4.57,0.65
9/1/2020 17:00,3.72,0.53
9/1/2020 18:00,2.57,0.37
9/1/2020 19:00,1.13,0.16
9/1/2020 20:00,0.13,0.02
9/1/2020 21:00,0.0,0.0
9/1/2020 22:00,0.0,0.0
9/1/2020 23:00,0.0,0.0
9/2/2020 0:00,0.0,0.0
9/2/2020 1:00,0.0,0.0
9/2/2020 2:00,0.0,0.0
9/2/2020 3:00,0.0,0.0
9/2/2020 4:00,0.0,0.0
9/2/2020 5:00,0.0,0.0
9/2/2020 6:00,0.0,0.0
9/2/2020 7:00,0.0,0.0
9/2/2020 8:00,0.1,0.01
9/2/2020 9:00,1.01,0.14
9/2/2020 10:00,2.65,0.38
9/2/2020 11:00,3.88,0.55
9/2/2020 12:00,4.68,0.67
9/2/2020 13:00,5.16,0.74
9/2/2020 14:00,5.22,0.75
9/2/2020 15:00,5.01,0.72
9/2/2020 16:00,4.48,0.64
9/2/2020 17:00,3.64,0.52
9/2/2020 18:00,2.51,0.36
9/2/2020 19:00,1.09,0.16
9/2/2020 20:00,0.13,0.02
9/2/2020 21:00,0.0,0.0
9/2/2020 22:00,0.0,0.0
9/2/2020 23:00,0.0,0.0
9/3/2020 0:00,0.0,0.0
9/3/2020 1:00,0.0,0.0
9/3/2020 2:00,0.0,0.0
9/3/2020 3:00,0.0,0.0
9/3/2020 4:00,0.0,0.0
9/3/2020 5:00,0.0,0.0
9/3/2020 6:00,0.0,0.0
9/3/2020 7:00,0.0,0.0
9/3/2020 8:00,0.09,0.01
9/3/2020 9:00,0.96,0.14
9/3/2020 10:00,2.54,0.36
9/3/2020 11:00,3.74,0.53
9/3/2020 12:00,4.49,0.64
9/3/2020 13:00,4.95,0.71
9/3/2020 14:00,5.02,0.72
9/3/2020 15:00,4.45,0.64
9/3/2020 16:00,4.23,0.6
9/3/2020 17:00,3.52,0.5
9/3/2020 18:00,2.37,0.34
9/3/2020 19:00,1.01,0.14
9/3/2020 20:00,0.13,0.02
9/3/2020 21:00,0.0,0.0
9/3/2020 22:00,0.0,0.0
9/3/2020 23:00,0.0,0.0
9/4/2020 0:00,0.0,0.0
9/4/2020 1:00,0.0,0.0
9/4/2020 2:00,0.0,0.0
9/4/2020 3:00,0.0,0.0
9/4/2020 4:00,0.0,0.0
9/4/2020 5:00,0.0,0.0
9/4/2020 6:00,0.0,0.0
9/4/2020 7:00,0.0,0.0
9/4/2020 8:00,0.09,0.01
9/4/2020 9:00,0.94,0.13
9/4/2020 10:00,2.45,0.35
9/4/2020 11:00,3.63,0.52
9/4/2020 12:00,4.4,0.63
9/4/2020 13:00,4.85,0.69
9/4/2020 14:00,4.94,0.71
9/4/2020 15:00,4.58,0.65
9/4/2020 16:00,4.2,0.6
9/4/2020 17:00,3.44,0.49
9/4/2020 18:00,2.3,0.33
9/4/2020 19:00,0.96,0.14
9/4/2020 20:00,0.12,0.02
9/4/2020 21:00,0.0,0.0
9/4/2020 22:00,0.0,0.0
9/4/2020 23:00,0.0,0.0
9/5/2020 0:00,0.0,0.0
9/5/2020 1:00,0.0,0.0
9/5/2020 2:00,0.0,0.0
9/5/2020 3:00,0.0,0.0
9/5/2020 4:00,0.0,0.0
9/5/2020 5:00,0.0,0.0
9/5/2020 6:00,0.0,0.0
9/5/2020 7:00,0.0,0.0
9/5/2020 8:00,0.09,0.01
9/5/2020 9:00,0.96,0.14
9/5/2020 10:00,2.49,0.36
9/5/2020 11:00,3.65,0.52
9/5/2020 12:00,4.41,0.63
9/5/2020 13:00,4.83,0.69
9/5/2020 14:00,4.91,0.7
9/5/2020 15:00,4.61,0.66
9/5/2020 16:00,4.21,0.6
9/5/2020 17:00,3.48,0.5
9/5/2020 18:00,2.29,0.33
9/5/2020 19:00,0.97,0.14
9/5/2020 20:00,0.11,0.02
9/5/2020 21:00,0.0,0.0
9/5/2020 22:00,0.0,0.0
9/5/2020 23:00,0.0,0.0
9/6/2020 0:00,0.0,0.0
9/6/2020 1:00,0.0,0.0
9/6/2020 2:00,0.0,0.0
9/6/2020 3:00,0.0,0.0
9/6/2020 4:00,0.0,0.0
9/6/2020 5:00,0.0,0.0
9/6/2020 6:00,0.0,0.0
9/6/2020 7:00,0.0,0.0
9/6/2020 8:00,0.09,0.01
9/6/2020 9:00,0.94,0.13
9/6/2020 10:00,2.42,0.35
9/6/2020 11:00,3.61,0.52
9/6/2020 12:00,4.35,0.62
9/6/2020 13:00,4.8,0.69
9/6/2020 14:00,4.89,0.7
9/6/2020 15:00,4.67,0.67
9/6/2020 16:00,4.21,0.6
9/6/2020 17:00,3.43,0.49
9/6/2020 18:00,2.35,0.34
9/6/2020 19:00,0.98,0.14
9/6/2020 20:00,0.11,0.02
9/6/2020 21:00,0.0,0.0
9/6/2020 22:00,0.0,0.0
9/6/2020 23:00,0.0,0.0
9/7/2020 0:00,0.0,0.0
9/7/2020 1:00,0.0,0.0
9/7/2020 2:00,0.0,0.0
9/7/2020 3:00,0.0,0.0
9/7/2020 4:00,0.0,0.0
9/7/2020 5:00,0.0,0.0
9/7/2020 6:00,0.0,0.0
9/7/2020 7:00,0.0,0.0
9/7/2020 8:00,0.08,0.01
9/7/2020 9:00,0.88,0.13
9/7/2020 10:00,2.4,0.34
9/7/2020 11:00,3.56,0.51
9/7/2020 12:00,4.32,0.62
9/7/2020 13:00,4.71,0.67
9/7/2020 14:00,4.76,0.68
9/7/2020 15:00,4.11,0.59
9/7/2020 16:00,4.0,0.57
9/7/2020 17:00,3.46,0.49
9/7/2020 18:00,2.25,0.32
9/7/2020 19:00,0.86,0.12
9/7/2020 20:00,0.1,0.01
9/7/2020 21:00,0.0,0.0
9/7/2020 22:00,0.0,0.0
9/7/2020 23:00,0.0,0.0
9/8/2020 0:00,0.0,0.0
9/8/2020 1:00,0.0,0.0
9/8/2020 2:00,0.0,0.0
9/8/2020 3:00,0.0,0.0
9/8/2020 4:00,0.0,0.0
9/8/2020 5:00,0.0,0.0
9/8/2020 6:00,0.0,0.0
9/8/2020 7:00,0.0,0.0
9/8/2020 8:00,0.08,0.01
9/8/2020 9:00,1.02,0.15
9/8/2020 10:00,2.56,0.37
9/8/2020 11:00,3.74,0.53
9/8/2020 12:00,4.57,0.65
9/8/2020 13:00,4.93,0.7
9/8/2020 14:00,4.99,0.71
9/8/2020 15:00,4.51,0.64
9/8/2020 16:00,4.18,0.6
9/8/2020 17:00,3.49,0.5
9/8/2020 18:00,2.22,0.32
9/8/2020 19:00,0.97,0.14
9/8/2020 20:00,0.14,0.02
9/8/2020 21:00,0.0,0.0
9/8/2020 22:00,0.0,0.0
9/8/2020 23:00,0.0,0.0
9/9/2020 0:00,0.0,0.0
9/9/2020 1:00,0.0,0.0
9/9/2020 2:00,0.0,0.0
9/9/2020 3:00,0.0,0.0
9/9/2020 4:00,0.0,0.0
9/9/2020 5:00,0.0,0.0
9/9/2020 6:00,0.0,0.0
9/9/2020 7:00,0.0,0.0
9/9/2020 8:00,0.09,0.01
9/9/2020 9:00,0.98,0.14
9/9/2020 10:00,2.41,0.34
9/9/2020 11:00,3.6,0.51
9/9/2020 12:00,4.42,0.63
9/9/2020 13:00,4.9,0.7
9/9/2020 14:00,5.13,0.73
9/9/2020 15:00,4.71,0.67
9/9/2020 16:00,4.33,0.62
9/9/2020 17:00,3.49,0.5
9/9/2020 18:00,2.36,0.34
9/9/2020 19:00,0.86,0.12
9/9/2020 20:00,0.1,0.01
9/9/2020 21:00,0.0,0.0
9/9/2020 22:00,0.0,0.0
9/9/2020 23:00,0.0,0.0
9/10/2020 0:00,0.0,0.0
9/10/2020 1:00,0.0,0.0
9/10/2020 2:00,0.0,0.0
9/10/2020 3:00,0.0,0.0
9/10/2020 4:00,0.0,0.0
9/10/2020 5:00,0.0,0.0
9/10/2020 6:00,0.0,0.0
9/10/2020 7:00,0.0,0.0
9/10/2020 8:00,0.08,0.01
9/10/2020 9:00,1.0,0.14
9/10/2020 10:00,2.48,0.35
9/10/2020 11:00,3.64,0.52
9/10/2020 12:00,4.41,0.63
9/10/2020 13:00,4.79,0.68
9/10/2020 14:00,4.72,0.67
9/10/2020 15:00,4.69,0.67
9/10/2020 16:00,4.14,0.59
9/10/2020 17:00,3.08,0.44
9/10/2020 18:00,2.21,0.32
9/10/2020 19:00,0.94,0.13
9/10/2020 20:00,0.03,0.0
9/10/2020 21:00,0.0,0.0
9/10/2020 22:00,0.0,0.0
9/10/2020 23:00,0.0,0.0
9/11/2020 0:00,0.0,0.0
9/11/2020 1:00,0.0,0.0
9/11/2020 2:00,0.0,0.0
9/11/2020 3:00,0.0,0.0
9/11/2020 4:00,0.0,0.0
9/11/2020 5:00,0.0,0.0
9/11/2020 6:00,0.0,0.0
9/11/2020 7:00,0.0,0.0
9/11/2020 8:00,0.07,0.01
9/11/2020 9:00,0.77,0.11
9/11/2020 10:00,1.51,0.22
9/11/2020 11:00,3.2,0.46
9/11/2020 12:00,3.47,0.5
9/11/2020 13:00,4.7,0.67
9/11/2020 14:00,4.92,0.7
9/11/2020 15:00,4.71,0.67
9/11/2020 16:00,4.29,0.61
9/11/2020 17:00,3.37,0.48
9/11/2020 18:00,2.11,0.3
9/11/2020 19:00,0.61,0.09
9/11/2020 20:00,0.05,0.01
9/11/2020 21:00,0.0,0.0
9/11/2020 22:00,0.0,0.0
9/11/2020 23:00,0.0,0.0
9/12/2020 0:00,0.0,0.0
9/12/2020 1:00,0.0,0.0
9/12/2020 2:00,0.0,0.0
9/12/2020 3:00,0.0,0.0
9/12/2020 4:00,0.0,0.0
9/12/2020 5:00,0.0,0.0
9/12/2020 6:00,0.0,0.0
9/12/2020 7:00,0.0,0.0
9/12/2020 8:00,0.04,0.01
9/12/2020 9:00,0.59,0.08
9/12/2020 10:00,1.78,0.25
9/12/2020 11:00,2.66,0.38
9/12/2020 12:00,3.09,0.44
9/12/2020 13:00,3.43,0.49
9/12/2020 14:00,4.61,0.66
9/12/2020 15:00,4.61,0.66
9/12/2020 16:00,3.89,0.56
9/12/2020 17:00,3.04,0.43
9/12/2020 18:00,1.91,0.27
9/12/2020 19:00,0.73,0.1
9/12/2020 20:00,0.04,0.01
9/12/2020 21:00,0.0,0.0
9/12/2020 22:00,0.0,0.0
9/12/2020 23:00,0.0,0.0
9/13/2020 0:00,0.0,0.0
9/13/2020 1:00,0.0,0.0
9/13/2020 2:00,0.0,0.0
9/13/2020 3:00,0.0,0.0
9/13/2020 4:00,0.0,0.0
9/13/2020 5:00,0.0,0.0
9/13/2020 6:00,0.0,0.0
9/13/2020 7:00,0.0,0.0
9/13/2020 8:00,0.09,0.01
9/13/2020 9:00,0.81,0.12
9/13/2020 10:00,2.14,0.31
9/13/2020 11:00,3.4,0.49
9/13/2020 12:00,4.17,0.6
9/13/2020 13:00,4.51,0.64
9/13/2020 14:00,4.54,0.65
9/13/2020 15:00,4.29,0.61
9/13/2020 16:00,3.94,0.56
9/13/2020 17:00,3.02,0.43
9/13/2020 18:00,1.6,0.23
9/13/2020 19:00,0.55,0.08
9/13/2020 20:00,0.01,0.0
9/13/2020 21:00,0.0,0.0
9/13/2020 22:00,0.0,0.0
9/13/2020 23:00,0.0,0.0
9/14/2020 0:00,0.0,0.0
9/14/2020 1:00,0.0,0.0
9/14/2020 2:00,0.0,0.0
9/14/2020 3:00,0.0,0.0
9/14/2020 4:00,0.0,0.0
9/14/2020 5:00,0.0,0.0
9/14/2020 6:00,0.0,0.0
9/14/2020 7:00,0.0,0.0
9/14/2020 8:00,0.07,0.01
9/14/2020 9:00,1.09,0.16
9/14/2020 10:00,2.56,0.37
9/14/2020 11:00,3.71,0.53
9/14/2020 12:00,3.43,0.49
9/14/2020 13:00,4.72,0.67
9/14/2020 14:00,3.29,0.47
9/14/2020 15:00,3.21,0.46
9/14/2020 16:00,4.38,0.63
9/14/2020 17:00,3.42,0.49
9/14/2020 18:00,2.29,0.33
9/14/2020 19:00,0.83,0.12
9/14/2020 20:00,0.06,0.01
9/14/2020 21:00,0.0,0.0
9/14/2020 22:00,0.0,0.0
9/14/2020 23:00,0.0,0.0
9/15/2020 0:00,0.0,0.0
9/15/2020 1:00,0.0,0.0
9/15/2020 2:00,0.0,0.0
9/15/2020 3:00,0.0,0.0
9/15/2020 4:00,0.0,0.0
9/15/2020 5:00,0.0,0.0
9/15/2020 6:00,0.0,0.0
9/15/2020 7:00,0.0,0.0
9/15/2020 8:00,0.02,0.0
9/15/2020 9:00,0.26,0.04
9/15/2020 10:00,0.76,0.11
9/15/2020 11:00,1.95,0.28
9/15/2020 12:00,3.32,0.47
9/15/2020 13:00,4.51,0.64
9/15/2020 14:00,4.93,0.7
9/15/2020 15:00,4.94,0.71
9/15/2020 16:00,4.38,0.63
9/15/2020 17:00,3.52,0.5
9/15/2020 18:00,2.17,0.31
9/15/2020 19:00,0.82,0.12
9/15/2020 20:00,0.06,0.01
9/15/2020 21:00,0.0,0.0
9/15/2020 22:00,0.0,0.0
9/15/2020 23:00,0.0,0.0
9/16/2020 0:00,0.0,0.0
9/16/2020 1:00,0.0,0.0
9/16/2020 2:00,0.0,0.0
9/16/2020 3:00,0.0,0.0
9/16/2020 4:00,0.0,0.0
9/16/2020 5:00,0.0,0.0
9/16/2020 6:00,0.0,0.0
9/16/2020 7:00,0.0,0.0
9/16/2020 8:00,0.0,0.0
9/16/2020 9:00,0.12,0.02
9/16/2020 10:00,0.28,0.04
9/16/2020 11:00,0.6,0.09
9/16/2020 12:00,2.9,0.41
9/16/2020 13:00,3.81,0.54
9/16/2020 14:00,2.68,0.38
9/16/2020 15:00,2.52,0.36
9/16/2020 16:00,4.06,0.58
9/16/2020 17:00,3.43,0.49
9/16/2020 18:00,2.09,0.3
9/16/2020 19:00,0.79,0.11
9/16/2020 20:00,0.06,0.01
9/16/2020 21:00,0.0,0.0
9/16/2020 22:00,0.0,0.0
9/16/2020 23:00,0.0,0.0
9/17/2020 0:00,0.0,0.0
9/17/2020 1:00,0.0,0.0
9/17/2020 2:00,0.0,0.0
9/17/2020 3:00,0.0,0.0
9/17/2020 4:00,0.0,0.0
9/17/2020 5:00,0.0,0.0
9/17/2020 6:00,0.0,0.0
9/17/2020 7:00,0.0,0.0
9/17/2020 8:00,0.01,0.0
9/17/2020 9:00,0.01,0.0
9/17/2020 10:00,0.6,0.09
9/17/2020 11:00,0.45,0.06
9/17/2020 12:00,0.77,0.11
9/17/2020 13:00,1.74,0.25
9/17/2020 14:00,4.31,0.62
9/17/2020 15:00,5.23,0.75
9/17/2020 16:00,4.65,0.66
9/17/2020 17:00,3.83,0.55
9/17/2020 18:00,1.48,0.21
9/17/2020 19:00,0.71,0.1
9/17/2020 20:00,0.06,0.01
9/17/2020 21:00,0.0,0.0
9/17/2020 22:00,0.0,0.0
9/17/2020 23:00,0.0,0.0
9/18/2020 0:00,0.0,0.0
9/18/2020 1:00,0.0,0.0
9/18/2020 2:00,0.0,0.0
9/18/2020 3:00,0.0,0.0
9/18/2020 4:00,0.0,0.0
9/18/2020 5:00,0.0,0.0
9/18/2020 6:00,0.0,0.0
9/18/2020 7:00,0.0,0.0
9/18/2020 8:00,0.06,0.01
9/18/2020 9:00,0.32,0.05
9/18/2020 10:00,0.24,0.03
9/18/2020 11:00,0.37,0.05
9/18/2020 12:00,0.99,0.14
9/18/2020 13:00,0.87,0.12
9/18/2020 14:00,0.99,0.14
9/18/2020 15:00,1.67,0.24
9/18/2020 16:00,3.4,0.49
9/18/2020 17:00,1.5,0.21
9/18/2020 18:00,0.88,0.13
9/18/2020 19:00,0.37,0.05
9/18/2020 20:00,0.03,0.0
9/18/2020 21:00,0.0,0.0
9/18/2020 22:00,0.0,0.0
9/18/2020 23:00,0.0,0.0
9/19/2020 0:00,0.0,0.0
9/19/2020 1:00,0.0,0.0
9/19/2020 2:00,0.0,0.0
9/19/2020 3:00,0.0,0.0
9/19/2020 4:00,0.0,0.0
9/19/2020 5:00,0.0,0.0
9/19/2020 6:00,0.0,0.0
9/19/2020 7:00,0.0,0.0
9/19/2020 8:00,0.07,0.01
9/19/2020 9:00,0.9,0.13
9/19/2020 10:00,2.17,0.31
9/19/2020 11:00,2.81,0.4
9/19/2020 12:00,2.99,0.43
9/19/2020 13:00,4.6,0.66
9/19/2020 14:00,4.74,0.68
9/19/2020 15:00,3.27,0.47
9/19/2020 16:00,1.23,0.18
9/19/2020 17:00,0.81,0.12
9/19/2020 18:00,0.48,0.07
9/19/2020 19:00,0.34,0.05
9/19/2020 20:00,0.02,0.0
9/19/2020 21:00,0.0,0.0
9/19/2020 22:00,0.0,0.0
9/19/2020 23:00,0.0,0.0
9/20/2020 0:00,0.0,0.0
9/20/2020 1:00,0.0,0.0
9/20/2020 2:00,0.0,0.0
9/20/2020 3:00,0.0,0.0
9/20/2020 4:00,0.0,0.0
9/20/2020 5:00,0.0,0.0
9/20/2020 6:00,0.0,0.0
9/20/2020 7:00,0.0,0.0
9/20/2020 8:00,0.0,0.0
9/20/2020 9:00,0.36,0.05
9/20/2020 10:00,1.24,0.18
9/20/2020 11:00,2.32,0.33
9/20/2020 12:00,2.5,0.36
9/20/2020 13:00,2.45,0.35
9/20/2020 14:00,3.46,0.49
9/20/2020 15:00,4.53,0.65
9/20/2020 16:00,3.08,0.44
9/20/2020 17:00,2.69,0.38
9/20/2020 18:00,1.78,0.25
9/20/2020 19:00,0.62,0.09
9/20/2020 20:00,0.04,0.01
9/20/2020 21:00,0.0,0.0
9/20/2020 22:00,0.0,0.0
9/20/2020 23:00,0.0,0.0
9/21/2020 0:00,0.0,0.0
9/21/2020 1:00,0.0,0.0
9/21/2020 2:00,0.0,0.0
9/21/2020 3:00,0.0,0.0
9/21/2020 4:00,0.0,0.0
9/21/2020 5:00,0.0,0.0
9/21/2020 6:00,0.0,0.0
9/21/2020 7:00,0.0,0.0
9/21/2020 8:00,0.01,0.0
9/21/2020 9:00,0.57,0.08
9/21/2020 10:00,2.33,0.33
9/21/2020 11:00,3.59,0.51
9/21/2020 12:00,4.36,0.62
9/21/2020 13:00,4.84,0.69
9/21/2020 14:00,4.89,0.7
9/21/2020 15:00,4.7,0.67
9/21/2020 16:00,2.57,0.37
9/21/2020 17:00,3.25,0.46
9/21/2020 18:00,1.96,0.28
9/21/2020 19:00,0.54,0.08
9/21/2020 20:00,0.06,0.01
9/21/2020 21:00,0.0,0.0
9/21/2020 22:00,0.0,0.0
9/21/2020 23:00,0.0,0.0
9/22/2020 0:00,0.0,0.0
9/22/2020 1:00,0.0,0.0
9/22/2020 2:00,0.0,0.0
9/22/2020 3:00,0.0,0.0
9/22/2020 4:00,0.0,0.0
9/22/2020 5:00,0.0,0.0
9/22/2020 6:00,0.0,0.0
9/22/2020 7:00,0.0,0.0
9/22/2020 8:00,0.01,0.0
9/22/2020 9:00,0.45,0.06
9/22/2020 10:00,1.63,0.23
9/22/2020 11:00,1.35,0.19
9/22/2020 12:00,3.4,0.49
9/22/2020 13:00,2.0,0.29
9/22/2020 14:00,2.98,0.43
9/22/2020 15:00,2.45,0.35
9/22/2020 16:00,1.84,0.26
9/22/2020 17:00,1.84,0.26
9/22/2020 18:00,0.69,0.1
9/22/2020 19:00,0.25,0.04
9/22/2020 20:00,0.02,0.0
9/22/2020 21:00,0.0,0.0
9/22/2020 22:00,0.0,0.0
9/22/2020 23:00,0.0,0.0
9/23/2020 0:00,0.0,0.0
9/23/2020 1:00,0.0,0.0
9/23/2020 2:00,0.0,0.0
9/23/2020 3:00,0.0,0.0
9/23/2020 4:00,0.0,0.0
9/23/2020 5:00,0.0,0.0
9/23/2020 6:00,0.0,0.0
9/23/2020 7:00,0.0,0.0
9/23/2020 8:00,0.0,0.0
9/23/2020 9:00,0.3,0.04
9/23/2020 10:00,1.24,0.18
9/23/2020 11:00,1.12,0.16
9/23/2020 12:00,0.68,0.1
9/23/2020 13:00,1.03,0.15
9/23/2020 14:00,2.32,0.33
9/23/2020 15:00,1.48,0.21
9/23/2020 16:00,3.26,0.47
9/23/2020 17:00,2.31,0.33
9/23/2020 18:00,1.52,0.22
9/23/2020 19:00,0.22,0.03
9/23/2020 20:00,0.0,0.0
9/23/2020 21:00,0.0,0.0
9/23/2020 22:00,0.0,0.0
9/23/2020 23:00,0.0,0.0
9/24/2020 0:00,0.0,0.0
9/24/2020 1:00,0.0,0.0
9/24/2020 2:00,0.0,0.0
9/24/2020 3:00,0.0,0.0
9/24/2020 4:00,0.0,0.0
9/24/2020 5:00,0.0,0.0
9/24/2020 6:00,0.0,0.0
9/24/2020 7:00,0.0,0.0
9/24/2020 8:00,0.0,0.0
9/24/2020 9:00,0.17,0.02
9/24/2020 10:00,0.61,0.09
9/24/2020 11:00,0.97,0.14
9/24/2020 12:00,1.17,0.17
9/24/2020 13:00,1.45,0.21
9/24/2020 14:00,0.94,0.13
9/24/2020 15:00,2.17,0.31
9/24/2020 16:00,2.75,0.39
9/24/2020 17:00,1.69,0.24
9/24/2020 18:00,0.52,0.07
9/24/2020 19:00,0.16,0.02
9/24/2020 20:00,0.0,0.0
9/24/2020 21:00,0.0,0.0
9/24/2020 22:00,0.0,0.0
9/24/2020 23:00,0.0,0.0
9/25/2020 0:00,0.0,0.0
9/25/2020 1:00,0.0,0.0
9/25/2020 2:00,0.0,0.0
9/25/2020 3:00,0.0,0.0
9/25/2020 4:00,0.0,0.0
9/25/2020 5:00,0.0,0.0
9/25/2020 6:00,0.0,0.0
9/25/2020 7:00,0.0,0.0
9/25/2020 8:00,0.03,0.0
9/25/2020 9:00,0.92,0.13
9/25/2020 10:00,2.29,0.33
9/25/2020 11:00,3.02,0.43
9/25/2020 12:00,3.92,0.56
9/25/2020 13:00,5.0,0.71
9/25/2020 14:00,5.24,0.75
9/25/2020 15:00,5.05,0.72
9/25/2020 16:00,4.52,0.65
9/25/2020 17:00,3.52,0.5
9/25/2020 18:00,2.15,0.31
9/25/2020 19:00,0.64,0.09
9/25/2020 20:00,0.01,0.0
9/25/2020 21:00,0.0,0.0
9/25/2020 22:00,0.0,0.0
9/25/2020 23:00,0.0,0.0
9/26/2020 0:00,0.0,0.0
9/26/2020 1:00,0.0,0.0
9/26/2020 2:00,0.0,0.0
9/26/2020 3:00,0.0,0.0
9/26/2020 4:00,0.0,0.0
9/26/2020 5:00,0.0,0.0
9/26/2020 6:00,0.0,0.0
9/26/2020 7:00,0.0,0.0
9/26/2020 8:00,0.02,0.0
9/26/2020 9:00,1.05,0.15
9/26/2020 10:00,2.57,0.37
9/26/2020 11:00,3.84,0.55
9/26/2020 12:00,4.77,0.68
9/26/2020 13:00,5.12,0.73
9/26/2020 14:00,5.19,0.74
9/26/2020 15:00,4.9,0.7
9/26/2020 16:00,4.02,0.57
9/26/2020 17:00,3.24,0.46
9/26/2020 18:00,2.0,0.29
9/26/2020 19:00,0.68,0.1
9/26/2020 20:00,0.01,0.0
9/26/2020 21:00,0.0,0.0
9/26/2020 22:00,0.0,0.0
9/26/2020 23:00,0.0,0.0
9/27/2020 0:00,0.0,0.0
9/27/2020 1:00,0.0,0.0
9/27/2020 2:00,0.0,0.0
9/27/2020 3:00,0.0,0.0
9/27/2020 4:00,0.0,0.0
9/27/2020 5:00,0.0,0.0
9/27/2020 6:00,0.0,0.0
9/27/2020 7:00,0.0,0.0
9/27/2020 8:00,0.0,0.0
9/27/2020 9:00,0.21,0.03
9/27/2020 10:00,1.48,0.21
9/27/2020 11:00,3.18,0.45
9/27/2020 12:00,3.58,0.51
9/27/2020 13:00,4.98,0.71
9/27/2020 14:00,4.83,0.69
9/27/2020 15:00,5.02,0.72
9/27/2020 16:00,4.43,0.63
9/27/2020 17:00,3.44,0.49
9/27/2020 18:00,2.08,0.3
9/27/2020 19:00,0.62,0.09
9/27/2020 20:00,0.01,0.0
9/27/2020 21:00,0.0,0.0
9/27/2020 22:00,0.0,0.0
9/27/2020 23:00,0.0,0.0
9/28/2020 0:00,0.0,0.0
9/28/2020 1:00,0.0,0.0
9/28/2020 2:00,0.0,0.0
9/28/2020 3:00,0.0,0.0
9/28/2020 4:00,0.0,0.0
9/28/2020 5:00,0.0,0.0
9/28/2020 6:00,0.0,0.0
9/28/2020 7:00,0.0,0.0
9/28/2020 8:00,0.01,0.0
9/28/2020 9:00,1.03,0.15
9/28/2020 10:00,2.61,0.37
9/28/2020 11:00,3.82,0.55
9/28/2020 12:00,4.55,0.65
9/28/2020 13:00,4.21,0.6
9/28/2020 14:00,4.1,0.59
9/28/2020 15:00,3.12,0.45
9/28/2020 16:00,2.38,0.34
9/28/2020 17:00,2.18,0.31
9/28/2020 18:00,1.19,0.17
9/28/2020 19:00,0.4,0.06
9/28/2020 20:00,0.01,0.0
9/28/2020 21:00,0.0,0.0
9/28/2020 22:00,0.0,0.0
9/28/2020 23:00,0.0,0.0
9/29/2020 0:00,0.0,0.0
9/29/2020 1:00,0.0,0.0
9/29/2020 2:00,0.0,0.0
9/29/2020 3:00,0.0,0.0
9/29/2020 4:00,0.0,0.0
9/29/2020 5:00,0.0,0.0
9/29/2020 6:00,0.0,0.0
9/29/2020 7:00,0.0,0.0
9/29/2020 8:00,0.01,0.0
9/29/2020 9:00,0.98,0.14
9/29/2020 10:00,2.54,0.36
9/29/2020 11:00,3.77,0.54
9/29/2020 12:00,4.53,0.65
9/29/2020 13:00,4.83,0.69
9/29/2020 14:00,4.83,0.69
9/29/2020 15:00,4.7,0.67
9/29/2020 16:00,4.02,0.57
9/29/2020 17:00,2.91,0.42
9/29/2020 18:00,1.4,0.2
9/29/2020 19:00,0.36,0.05
9/29/2020 20:00,0.0,0.0
9/29/2020 21:00,0.0,0.0
9/29/2020 22:00,0.0,0.0
9/29/2020 23:00,0.0,0.0
9/30/2020 0:00,0.0,0.0
9/30/2020 1:00,0.0,0.0
9/30/2020 2:00,0.0,0.0
9/30/2020 3:00,0.0,0.0
9/30/2020 4:00,0.0,0.0
9/30/2020 5:00,0.0,0.0
9/30/2020 6:00,0.0,0.0
9/30/2020 7:00,0.0,0.0
9/30/2020 8:00,0.02,0.0
9/30/2020 9:00,0.8,0.11
9/30/2020 10:00,2.44,0.35
9/30/2020 11:00,3.75,0.54
9/30/2020 12:00,4.32,0.62
9/30/2020 13:00,4.32,0.62
9/30/2020 14:00,3.43,0.49
9/30/2020 15:00,4.78,0.68
9/30/2020 16:00,4.25,0.61
9/30/2020 17:00,3.17,0.45
9/30/2020 18:00,1.93,0.28
9/30/2020 19:00,0.53,0.08
9/30/2020 20:00,0.01,0.0
9/30/2020 21:00,0.0,0.0
9/30/2020 22:00,0.0,0.0
9/30/2020 23:00,0.0,0.0
10/1/2020 0:00,0.0,0.0
10/1/2020 1:00,0.0,0.0
10/1/2020 2:00,0.0,0.0
10/1/2020 3:00,0.0,0.0
10/1/2020 4:00,0.0,0.0
10/1/2020 5:00,0.0,0.0
10/1/2020 6:00,0.0,0.0
10/1/2020 7:00,0.0,0.0
10/1/2020 8:00,0.0,0.0
10/1/2020 9:00,0.79,0.11
10/1/2020 10:00,2.33,0.33
10/1/2020 11:00,1.12,0.16
10/1/2020 12:00,2.92,0.42
10/1/2020 13:00,3.81,0.54
10/1/2020 14:00,4.43,0.63
10/1/2020 15:00,3.9,0.56
10/1/2020 16:00,2.7,0.39
10/1/2020 17:00,2.27,0.32
10/1/2020 18:00,1.48,0.21
10/1/2020 19:00,0.41,0.06
10/1/2020 20:00,0.01,0.0
10/1/2020 21:00,0.0,0.0
10/1/2020 22:00,0.0,0.0
10/1/2020 23:00,0.0,0.0
10/2/2020 0:00,0.0,0.0
10/2/2020 1:00,0.0,0.0
10/2/2020 2:00,0.0,0.0
10/2/2020 3:00,0.0,0.0
10/2/2020 4:00,0.0,0.0
10/2/2020 5:00,0.0,0.0
10/2/2020 6:00,0.0,0.0
10/2/2020 7:00,0.0,0.0
10/2/2020 8:00,0.0,0.0
10/2/2020 9:00,0.14,0.02
10/2/2020 10:00,0.51,0.07
10/2/2020 11:00,1.21,0.17
10/2/2020 12:00,2.3,0.33
10/2/2020 13:00,2.55,0.36
10/2/2020 14:00,2.03,0.29
10/2/2020 15:00,1.84,0.26
10/2/2020 16:00,1.75,0.25
10/2/2020 17:00,1.56,0.22
10/2/2020 18:00,1.18,0.17
10/2/2020 19:00,0.31,0.04
10/2/2020 20:00,0.0,0.0
10/2/2020 21:00,0.0,0.0
10/2/2020 22:00,0.0,0.0
10/2/2020 23:00,0.0,0.0
10/3/2020 0:00,0.0,0.0
10/3/2020 1:00,0.0,0.0
10/3/2020 2:00,0.0,0.0
10/3/2020 3:00,0.0,0.0
10/3/2020 4:00,0.0,0.0
10/3/2020 5:00,0.0,0.0
10/3/2020 6:00,0.0,0.0
10/3/2020 7:00,0.0,0.0
10/3/2020 8:00,0.01,0.0
10/3/2020 9:00,0.93,0.13
10/3/2020 10:00,2.57,0.37
10/3/2020 11:00,3.66,0.52
10/3/2020 12:00,3.79,0.54
10/3/2020 13:00,3.84,0.55
10/3/2020 14:00,3.77,0.54
10/3/2020 15:00,2.76,0.39
10/3/2020 16:00,2.28,0.33
10/3/2020 17:00,3.46,0.49
10/3/2020 18:00,1.74,0.25
10/3/2020 19:00,0.39,0.06
10/3/2020 20:00,0.0,0.0
10/3/2020 21:00,0.0,0.0
10/3/2020 22:00,0.0,0.0
10/3/2020 23:00,0.0,0.0
10/4/2020 0:00,0.0,0.0
10/4/2020 1:00,0.0,0.0
10/4/2020 2:00,0.0,0.0
10/4/2020 3:00,0.0,0.0
10/4/2020 4:00,0.0,0.0
10/4/2020 5:00,0.0,0.0
10/4/2020 6:00,0.0,0.0
10/4/2020 7:00,0.0,0.0
10/4/2020 8:00,0.0,0.0
10/4/2020 9:00,0.17,0.02
10/4/2020 10:00,0.55,0.08
10/4/2020 11:00,1.27,0.18
10/4/2020 12:00,4.19,0.6
10/4/2020 13:00,2.76,0.39
10/4/2020 14:00,3.47,0.5
10/4/2020 15:00,3.51,0.5
10/4/2020 16:00,3.46,0.49
10/4/2020 17:00,2.09,0.3
10/4/2020 18:00,1.07,0.15
10/4/2020 19:00,0.22,0.03
10/4/2020 20:00,0.0,0.0
10/4/2020 21:00,0.0,0.0
10/4/2020 22:00,0.0,0.0
10/4/2020 23:00,0.0,0.0
10/5/2020 0:00,0.0,0.0
10/5/2020 1:00,0.0,0.0
10/5/2020 2:00,0.0,0.0
10/5/2020 3:00,0.0,0.0
10/5/2020 4:00,0.0,0.0
10/5/2020 5:00,0.0,0.0
10/5/2020 6:00,0.0,0.0
10/5/2020 7:00,0.0,0.0
10/5/2020 8:00,0.01,0.0
10/5/2020 9:00,0.65,0.09
10/5/2020 10:00,0.7,0.1
10/5/2020 11:00,1.83,0.26
10/5/2020 12:00,2.34,0.33
10/5/2020 13:00,4.64,0.66
10/5/2020 14:00,3.42,0.49
10/5/2020 15:00,3.12,0.45
10/5/2020 16:00,3.87,0.55
10/5/2020 17:00,2.04,0.29
10/5/2020 18:00,1.18,0.17
10/5/2020 19:00,0.44,0.06
10/5/2020 20:00,0.0,0.0
10/5/2020 21:00,0.0,0.0
10/5/2020 22:00,0.0,0.0
10/5/2020 23:00,0.0,0.0
10/6/2020 0:00,0.0,0.0
10/6/2020 1:00,0.0,0.0
10/6/2020 2:00,0.0,0.0
10/6/2020 3:00,0.0,0.0
10/6/2020 4:00,0.0,0.0
10/6/2020 5:00,0.0,0.0
10/6/2020 6:00,0.0,0.0
10/6/2020 7:00,0.0,0.0
10/6/2020 8:00,0.0,0.0
10/6/2020 9:00,0.12,0.02
10/6/2020 10:00,0.47,0.07
10/6/2020 11:00,1.49,0.21
10/6/2020 12:00,3.94,0.56
10/6/2020 13:00,4.76,0.68
10/6/2020 14:00,4.71,0.67
10/6/2020 15:00,4.61,0.66
10/6/2020 16:00,3.76,0.54
10/6/2020 17:00,3.13,0.45
10/6/2020 18:00,1.8,0.26
10/6/2020 19:00,0.43,0.06
10/6/2020 20:00,0.0,0.0
10/6/2020 21:00,0.0,0.0
10/6/2020 22:00,0.0,0.0
10/6/2020 23:00,0.0,0.0
10/7/2020 0:00,0.0,0.0
10/7/2020 1:00,0.0,0.0
10/7/2020 2:00,0.0,0.0
10/7/2020 3:00,0.0,0.0
10/7/2020 4:00,0.0,0.0
10/7/2020 5:00,0.0,0.0
10/7/2020 6:00,0.0,0.0
10/7/2020 7:00,0.0,0.0
10/7/2020 8:00,0.0,0.0
10/7/2020 9:00,0.8,0.11
10/7/2020 10:00,2.49,0.36
10/7/2020 11:00,3.79,0.54
10/7/2020 12:00,4.6,0.66
10/7/2020 13:00,4.98,0.71
10/7/2020 14:00,4.97,0.71
10/7/2020 15:00,4.7,0.67
10/7/2020 16:00,4.08,0.58
10/7/2020 17:00,3.05,0.44
10/7/2020 18:00,1.74,0.25
10/7/2020 19:00,0.31,0.04
10/7/2020 20:00,0.0,0.0
10/7/2020 21:00,0.0,0.0
10/7/2020 22:00,0.0,0.0
10/7/2020 23:00,0.0,0.0
10/8/2020 0:00,0.0,0.0
10/8/2020 1:00,0.0,0.0
10/8/2020 2:00,0.0,0.0
10/8/2020 3:00,0.0,0.0
10/8/2020 4:00,0.0,0.0
10/8/2020 5:00,0.0,0.0
10/8/2020 6:00,0.0,0.0
10/8/2020 7:00,0.0,0.0
10/8/2020 8:00,0.01,0.0
10/8/2020 9:00,0.56,0.08
10/8/2020 10:00,2.34,0.33
10/8/2020 11:00,3.7,0.53
10/8/2020 12:00,4.0,0.57
10/8/2020 13:00,4.16,0.59
10/8/2020 14:00,4.93,0.7
10/8/2020 15:00,3.11,0.44
10/8/2020 16:00,3.75,0.54
10/8/2020 17:00,2.95,0.42
10/8/2020 18:00,1.52,0.22
10/8/2020 19:00,0.36,0.05
10/8/2020 20:00,0.0,0.0
10/8/2020 21:00,0.0,0.0
10/8/2020 22:00,0.0,0.0
10/8/2020 23:00,0.0,0.0
10/9/2020 0:00,0.0,0.0
10/9/2020 1:00,0.0,0.0
10/9/2020 2:00,0.0,0.0
10/9/2020 3:00,0.0,0.0
10/9/2020 4:00,0.0,0.0
10/9/2020 5:00,0.0,0.0
10/9/2020 6:00,0.0,0.0
10/9/2020 7:00,0.0,0.0
10/9/2020 8:00,0.0,0.0
10/9/2020 9:00,0.65,0.09
10/9/2020 10:00,1.82,0.26
10/9/2020 11:00,2.75,0.39
10/9/2020 12:00,3.43,0.49
10/9/2020 13:00,4.21,0.6
10/9/2020 14:00,4.59,0.66
10/9/2020 15:00,3.2,0.46
10/9/2020 16:00,2.78,0.4
10/9/2020 17:00,2.6,0.37
10/9/2020 18:00,0.86,0.12
10/9/2020 19:00,0.38,0.05
10/9/2020 20:00,0.0,0.0
10/9/2020 21:00,0.0,0.0
10/9/2020 22:00,0.0,0.0
10/9/2020 23:00,0.0,0.0
10/10/2020 0:00,0.0,0.0
10/10/2020 1:00,0.0,0.0
10/10/2020 2:00,0.0,0.0
10/10/2020 3:00,0.0,0.0
10/10/2020 4:00,0.0,0.0
10/10/2020 5:00,0.0,0.0
10/10/2020 6:00,0.0,0.0
10/10/2020 7:00,0.0,0.0
10/10/2020 8:00,0.0,0.0
10/10/2020 9:00,0.0,0.0
10/10/2020 10:00,0.0,0.0
10/10/2020 11:00,0.0,0.0
10/10/2020 12:00,0.0,0.0
10/10/2020 13:00,0.0,0.0
10/10/2020 14:00,0.0,0.0
10/10/2020 15:00,0.0,0.0
10/10/2020 16:00,0.0,0.0
10/10/2020 17:00,0.0,0.0
10/10/2020 18:00,0.0,0.0
10/10/2020 19:00,0.0,0.0
10/10/2020 20:00,0.0,0.0
10/10/2020 21:00,0.0,0.0
10/10/2020 22:00,0.0,0.0
10/10/2020 23:00,0.0,0.0
10/11/2020 0:00,0.0,0.0
10/11/2020 1:00,0.0,0.0
10/11/2020 2:00,0.0,0.0
10/11/2020 3:00,0.0,0.0
10/11/2020 4:00,0.0,0.0
10/11/2020 5:00,0.0,0.0
10/11/2020 6:00,0.0,0.0
10/11/2020 7:00,0.0,0.0
10/11/2020 8:00,0.0,0.0
10/11/2020 9:00,0.73,0.1
10/11/2020 10:00,2.57,0.37
10/11/2020 11:00,3.83,0.55
10/11/2020 12:00,4.65,0.66
10/11/2020 13:00,5.07,0.72
10/11/2020 14:00,5.07,0.72
10/11/2020 15:00,4.8,0.69
10/11/2020 16:00,4.16,0.59
10/11/2020 17:00,3.13,0.45
10/11/2020 18:00,1.76,0.25
10/11/2020 19:00,0.37,0.05
10/11/2020 20:00,0.0,0.0
10/11/2020 21:00,0.0,0.0
10/11/2020 22:00,0.0,0.0
10/11/2020 23:00,0.0,0.0
10/12/2020 0:00,0.0,0.0
10/12/2020 1:00,0.0,0.0
10/12/2020 2:00,0.0,0.0
10/12/2020 3:00,0.0,0.0
10/12/2020 4:00,0.0,0.0
10/12/2020 5:00,0.0,0.0
10/12/2020 6:00,0.0,0.0
10/12/2020 7:00,0.0,0.0
10/12/2020 8:00,0.0,0.0
10/12/2020 9:00,0.73,0.1
10/12/2020 10:00,2.61,0.37
10/12/2020 11:00,3.89,0.56
10/12/2020 12:00,4.69,0.67
10/12/2020 13:00,5.05,0.72
10/12/2020 14:00,5.09,0.73
10/12/2020 15:00,4.77,0.68
10/12/2020 16:00,4.13,0.59
10/12/2020 17:00,3.16,0.45
10/12/2020 18:00,1.7,0.24
10/12/2020 19:00,0.38,0.05
10/12/2020 20:00,0.0,0.0
10/12/2020 21:00,0.0,0.0
10/12/2020 22:00,0.0,0.0
10/12/2020 23:00,0.0,0.0
10/13/2020 0:00,0.0,0.0
10/13/2020 1:00,0.0,0.0
10/13/2020 2:00,0.0,0.0
10/13/2020 3:00,0.0,0.0
10/13/2020 4:00,0.0,0.0
10/13/2020 5:00,0.0,0.0
10/13/2020 6:00,0.0,0.0
10/13/2020 7:00,0.0,0.0
10/13/2020 8:00,0.0,0.0
10/13/2020 9:00,0.67,0.1
10/13/2020 10:00,2.46,0.35
10/13/2020 11:00,3.71,0.53
10/13/2020 12:00,4.52,0.65
10/13/2020 13:00,4.93,0.7
10/13/2020 14:00,4.99,0.71
10/13/2020 15:00,4.71,0.67
10/13/2020 16:00,4.1,0.59
10/13/2020 17:00,3.09,0.44
10/13/2020 18:00,1.79,0.26
10/13/2020 19:00,0.29,0.04
10/13/2020 20:00,0.0,0.0
10/13/2020 21:00,0.0,0.0
10/13/2020 22:00,0.0,0.0
10/13/2020 23:00,0.0,0.0
10/14/2020 0:00,0.0,0.0
10/14/2020 1:00,0.0,0.0
10/14/2020 2:00,0.0,0.0
10/14/2020 3:00,0.0,0.0
10/14/2020 4:00,0.0,0.0
10/14/2020 5:00,0.0,0.0
10/14/2020 6:00,0.0,0.0
10/14/2020 7:00,0.0,0.0
10/14/2020 8:00,0.0,0.0
10/14/2020 9:00,0.63,0.09
10/14/2020 10:00,2.51,0.36
10/14/2020 11:00,3.8,0.54
10/14/2020 12:00,4.67,0.67
10/14/2020 13:00,5.01,0.72
10/14/2020 14:00,5.23,0.75
10/14/2020 15:00,4.9,0.7
10/14/2020 16:00,4.24,0.61
10/14/2020 17:00,3.18,0.45
10/14/2020 18:00,1.73,0.25
10/14/2020 19:00,0.32,0.05
10/14/2020 20:00,0.0,0.0
10/14/2020 21:00,0.0,0.0
10/14/2020 22:00,0.0,0.0
10/14/2020 23:00,0.0,0.0
10/15/2020 0:00,0.0,0.0
10/15/2020 1:00,0.0,0.0
10/15/2020 2:00,0.0,0.0
10/15/2020 3:00,0.0,0.0
10/15/2020 4:00,0.0,0.0
10/15/2020 5:00,0.0,0.0
10/15/2020 6:00,0.0,0.0
10/15/2020 7:00,0.0,0.0
10/15/2020 8:00,0.0,0.0
10/15/2020 9:00,0.65,0.09
10/15/2020 10:00,2.58,0.37
10/15/2020 11:00,3.89,0.56
10/15/2020 12:00,4.76,0.68
10/15/2020 13:00,5.12,0.73
10/15/2020 14:00,5.1,0.73
10/15/2020 15:00,4.82,0.69
10/15/2020 16:00,4.16,0.59
10/15/2020 17:00,3.12,0.45
10/15/2020 18:00,1.68,0.24
10/15/2020 19:00,0.31,0.04
10/15/2020 20:00,0.0,0.0
10/15/2020 21:00,0.0,0.0
10/15/2020 22:00,0.0,0.0
10/15/2020 23:00,0.0,0.0
10/16/2020 0:00,0.0,0.0
10/16/2020 1:00,0.0,0.0
10/16/2020 2:00,0.0,0.0
10/16/2020 3:00,0.0,0.0
10/16/2020 4:00,0.0,0.0
10/16/2020 5:00,0.0,0.0
10/16/2020 6:00,0.0,0.0
10/16/2020 7:00,0.0,0.0
10/16/2020 8:00,0.0,0.0
10/16/2020 9:00,0.61,0.09
10/16/2020 10:00,2.49,0.36
10/16/2020 11:00,3.77,0.54
10/16/2020 12:00,4.57,0.65
10/16/2020 13:00,5.01,0.72
10/16/2020 14:00,5.06,0.72
10/16/2020 15:00,4.6,0.66
10/16/2020 16:00,4.01,0.57
10/16/2020 17:00,2.9,0.41
10/16/2020 18:00,1.51,0.22
10/16/2020 19:00,0.25,0.04
10/16/2020 20:00,0.0,0.0
10/16/2020 21:00,0.0,0.0
10/16/2020 22:00,0.0,0.0
10/16/2020 23:00,0.0,0.0
10/17/2020 0:00,0.0,0.0
10/17/2020 1:00,0.0,0.0
10/17/2020 2:00,0.0,0.0
10/17/2020 3:00,0.0,0.0
10/17/2020 4:00,0.0,0.0
10/17/2020 5:00,0.0,0.0
10/17/2020 6:00,0.0,0.0
10/17/2020 7:00,0.0,0.0
10/17/2020 8:00,0.0,0.0
10/17/2020 9:00,0.52,0.07
10/17/2020 10:00,2.23,0.32
10/17/2020 11:00,3.36,0.48
10/17/2020 12:00,4.21,0.6
10/17/2020 13:00,4.7,0.67
10/17/2020 14:00,4.84,0.69
10/17/2020 15:00,4.56,0.65
10/17/2020 16:00,3.91,0.56
10/17/2020 17:00,2.93,0.42
10/17/2020 18:00,1.56,0.22
10/17/2020 19:00,0.22,0.03
10/17/2020 20:00,0.0,0.0
10/17/2020 21:00,0.0,0.0
10/17/2020 22:00,0.0,0.0
10/17/2020 23:00,0.0,0.0
10/18/2020 0:00,0.0,0.0
10/18/2020 1:00,0.0,0.0
10/18/2020 2:00,0.0,0.0
10/18/2020 3:00,0.0,0.0
10/18/2020 4:00,0.0,0.0
10/18/2020 5:00,0.0,0.0
10/18/2020 6:00,0.0,0.0
10/18/2020 7:00,0.0,0.0
10/18/2020 8:00,0.0,0.0
10/18/2020 9:00,0.31,0.04
10/18/2020 10:00,1.81,0.26
10/18/2020 11:00,3.65,0.52
10/18/2020 12:00,4.57,0.65
10/18/2020 13:00,4.5,0.64
10/18/2020 14:00,4.91,0.7
10/18/2020 15:00,4.6,0.66
10/18/2020 16:00,3.76,0.54
10/18/2020 17:00,2.7,0.39
10/18/2020 18:00,1.26,0.18
10/18/2020 19:00,0.2,0.03
10/18/2020 20:00,0.0,0.0
10/18/2020 21:00,0.0,0.0
10/18/2020 22:00,0.0,0.0
10/18/2020 23:00,0.0,0.0
10/19/2020 0:00,0.0,0.0
10/19/2020 1:00,0.0,0.0
10/19/2020 2:00,0.0,0.0
10/19/2020 3:00,0.0,0.0
10/19/2020 4:00,0.0,0.0
10/19/2020 5:00,0.0,0.0
10/19/2020 6:00,0.0,0.0
10/19/2020 7:00,0.0,0.0
10/19/2020 8:00,0.0,0.0
10/19/2020 9:00,0.0,0.0
10/19/2020 10:00,0.35,0.05
10/19/2020 11:00,1.09,0.16
10/19/2020 12:00,1.22,0.17
10/19/2020 13:00,1.05,0.15
10/19/2020 14:00,0.32,0.05
10/19/2020 15:00,0.26,0.04
10/19/2020 16:00,0.1,0.01
10/19/2020 17:00,0.06,0.01
10/19/2020 18:00,0.0,0.0
10/19/2020 19:00,0.0,0.0
10/19/2020 20:00,0.0,0.0
10/19/2020 21:00,0.0,0.0
10/19/2020 22:00,0.0,0.0
10/19/2020 23:00,0.0,0.0
10/20/2020 0:00,0.0,0.0
10/20/2020 1:00,0.0,0.0
10/20/2020 2:00,0.0,0.0
10/20/2020 3:00,0.0,0.0
10/20/2020 4:00,0.0,0.0
10/20/2020 5:00,0.0,0.0
10/20/2020 6:00,0.0,0.0
10/20/2020 7:00,0.0,0.0
10/20/2020 8:00,0.0,0.0
10/20/2020 9:00,0.0,0.0
10/20/2020 10:00,0.0,0.0
10/20/2020 11:00,0.12,0.02
10/20/2020 12:00,0.2,0.03
10/20/2020 13:00,0.29,0.04
10/20/2020 14:00,0.05,0.01
10/20/2020 15:00,0.03,0.0
10/20/2020 16:00,0.14,0.02
10/20/2020 17:00,0.05,0.01
10/20/2020 18:00,0.04,0.01
10/20/2020 19:00,0.0,0.0
10/20/2020 20:00,0.0,0.0
10/20/2020 21:00,0.0,0.0
10/20/2020 22:00,0.0,0.0
10/20/2020 23:00,0.0,0.0
10/21/2020 0:00,0.0,0.0
10/21/2020 1:00,0.0,0.0
10/21/2020 2:00,0.0,0.0
10/21/2020 3:00,0.0,0.0
10/21/2020 4:00,0.0,0.0
10/21/2020 5:00,0.0,0.0
10/21/2020 6:00,0.0,0.0
10/21/2020 7:00,0.0,0.0
10/21/2020 8:00,0.0,0.0
10/21/2020 9:00,0.13,0.02
10/21/2020 10:00,1.35,0.19
10/21/2020 11:00,0.9,0.13
10/21/2020 12:00,1.27,0.18
10/21/2020 13:00,2.58,0.37
10/21/2020 14:00,3.12,0.45
10/21/2020 15:00,2.55,0.36
10/21/2020 16:00,4.13,0.59
10/21/2020 17:00,3.08,0.44
10/21/2020 18:00,1.66,0.24
10/21/2020 19:00,0.27,0.04
10/21/2020 20:00,0.0,0.0
10/21/2020 21:00,0.0,0.0
10/21/2020 22:00,0.0,0.0
10/21/2020 23:00,0.0,0.0
10/22/2020 0:00,0.0,0.0
10/22/2020 1:00,0.0,0.0
10/22/2020 2:00,0.0,0.0
10/22/2020 3:00,0.0,0.0
10/22/2020 4:00,0.0,0.0
10/22/2020 5:00,0.0,0.0
10/22/2020 6:00,0.0,0.0
10/22/2020 7:00,0.0,0.0
10/22/2020 8:00,0.0,0.0
10/22/2020 9:00,0.16,0.02
10/22/2020 10:00,0.52,0.07
10/22/2020 11:00,1.35,0.19
10/22/2020 12:00,2.88,0.41
10/22/2020 13:00,3.31,0.47
10/22/2020 14:00,3.14,0.45
10/22/2020 15:00,4.35,0.62
10/22/2020 16:00,3.61,0.52
10/22/2020 17:00,1.52,0.22
10/22/2020 18:00,0.8,0.11
10/22/2020 19:00,0.03,0.0
10/22/2020 20:00,0.0,0.0
10/22/2020 21:00,0.0,0.0
10/22/2020 22:00,0.0,0.0
10/22/2020 23:00,0.0,0.0
10/23/2020 0:00,0.0,0.0
10/23/2020 1:00,0.0,0.0
10/23/2020 2:00,0.0,0.0
10/23/2020 3:00,0.0,0.0
10/23/2020 4:00,0.0,0.0
10/23/2020 5:00,0.0,0.0
10/23/2020 6:00,0.0,0.0
10/23/2020 7:00,0.0,0.0
10/23/2020 8:00,0.0,0.0
10/23/2020 9:00,0.2,0.03
10/23/2020 10:00,2.17,0.31
10/23/2020 11:00,3.51,0.5
10/23/2020 12:00,4.06,0.58
10/23/2020 13:00,4.06,0.58
10/23/2020 14:00,2.82,0.4
10/23/2020 15:00,2.32,0.33
10/23/2020 16:00,4.0,0.57
10/23/2020 17:00,3.0,0.43
10/23/2020 18:00,1.47,0.21
10/23/2020 19:00,0.19,0.03
10/23/2020 20:00,0.0,0.0
10/23/2020 21:00,0.0,0.0
10/23/2020 22:00,0.0,0.0
10/23/2020 23:00,0.0,0.0
10/24/2020 0:00,0.0,0.0
10/24/2020 1:00,0.0,0.0
10/24/2020 2:00,0.0,0.0
10/24/2020 3:00,0.0,0.0
10/24/2020 4:00,0.0,0.0
10/24/2020 5:00,0.0,0.0
10/24/2020 6:00,0.0,0.0
10/24/2020 7:00,0.0,0.0
10/24/2020 8:00,0.0,0.0
10/24/2020 9:00,0.14,0.02
10/24/2020 10:00,2.23,0.32
10/24/2020 11:00,3.65,0.52
10/24/2020 12:00,4.5,0.64
10/24/2020 13:00,4.51,0.64
10/24/2020 14:00,4.6,0.66
10/24/2020 15:00,3.46,0.49
10/24/2020 16:00,2.87,0.41
10/24/2020 17:00,1.3,0.19
10/24/2020 18:00,0.43,0.06
10/24/2020 19:00,0.05,0.01
10/24/2020 20:00,0.0,0.0
10/24/2020 21:00,0.0,0.0
10/24/2020 22:00,0.0,0.0
10/24/2020 23:00,0.0,0.0
10/25/2020 0:00,0.0,0.0
10/25/2020 1:00,0.0,0.0
10/25/2020 1:00,0.0,0.0
10/25/2020 2:00,0.0,0.0
10/25/2020 3:00,0.0,0.0
10/25/2020 4:00,0.0,0.0
10/25/2020 5:00,0.0,0.0
10/25/2020 6:00,0.0,0.0
10/25/2020 7:00,0.0,0.0
10/25/2020 8:00,0.23,0.03
10/25/2020 9:00,0.88,0.13
10/25/2020 10:00,1.17,0.17
10/25/2020 11:00,1.59,0.23
10/25/2020 12:00,0.81,0.12
10/25/2020 13:00,0.83,0.12
10/25/2020 14:00,1.02,0.15
10/25/2020 15:00,0.84,0.12
10/25/2020 16:00,0.99,0.14
10/25/2020 17:00,0.79,0.11
10/25/2020 18:00,0.13,0.02
10/25/2020 19:00,0.0,0.0
10/25/2020 20:00,0.0,0.0
10/25/2020 21:00,0.0,0.0
10/25/2020 22:00,0.0,0.0
10/25/2020 23:00,0.0,0.0
10/26/2020 0:00,0.0,0.0
10/26/2020 1:00,0.0,0.0
10/26/2020 2:00,0.0,0.0
10/26/2020 3:00,0.0,0.0
10/26/2020 4:00,0.0,0.0
10/26/2020 5:00,0.0,0.0
10/26/2020 6:00,0.0,0.0
10/26/2020 7:00,0.0,0.0
10/26/2020 8:00,0.18,0.03
10/26/2020 9:00,1.57,0.22
10/26/2020 10:00,3.39,0.48
10/26/2020 11:00,3.8,0.54
10/26/2020 12:00,4.51,0.64
10/26/2020 13:00,4.3,0.61
10/26/2020 14:00,3.45,0.49
10/26/2020 15:00,3.01,0.43
10/26/2020 16:00,0.93,0.13
10/26/2020 17:00,0.97,0.14
10/26/2020 18:00,0.11,0.02
10/26/2020 19:00,0.0,0.0
10/26/2020 20:00,0.0,0.0
10/26/2020 21:00,0.0,0.0
10/26/2020 22:00,0.0,0.0
10/26/2020 23:00,0.0,0.0
10/27/2020 0:00,0.0,0.0
10/27/2020 1:00,0.0,0.0
10/27/2020 2:00,0.0,0.0
10/27/2020 3:00,0.0,0.0
10/27/2020 4:00,0.0,0.0
10/27/2020 5:00,0.0,0.0
10/27/2020 6:00,0.0,0.0
10/27/2020 7:00,0.0,0.0
10/27/2020 8:00,0.04,0.01
10/27/2020 9:00,0.57,0.08
10/27/2020 10:00,2.13,0.3
10/27/2020 11:00,1.98,0.28
10/27/2020 12:00,1.4,0.2
10/27/2020 13:00,1.16,0.17
10/27/2020 14:00,1.16,0.17
10/27/2020 15:00,0.88,0.13
10/27/2020 16:00,1.13,0.16
10/27/2020 17:00,0.71,0.1
10/27/2020 18:00,0.05,0.01
10/27/2020 19:00,0.0,0.0
10/27/2020 20:00,0.0,0.0
10/27/2020 21:00,0.0,0.0
10/27/2020 22:00,0.0,0.0
10/27/2020 23:00,0.0,0.0
10/28/2020 0:00,0.0,0.0
10/28/2020 1:00,0.0,0.0
10/28/2020 2:00,0.0,0.0
10/28/2020 3:00,0.0,0.0
10/28/2020 4:00,0.0,0.0
10/28/2020 5:00,0.0,0.0
10/28/2020 6:00,0.0,0.0
10/28/2020 7:00,0.0,0.0
10/28/2020 8:00,0.08,0.01
10/28/2020 9:00,0.51,0.07
10/28/2020 10:00,0.73,0.1
10/28/2020 11:00,0.88,0.13
10/28/2020 12:00,1.02,0.15
10/28/2020 13:00,1.67,0.24
10/28/2020 14:00,2.0,0.29
10/28/2020 15:00,3.23,0.46
10/28/2020 16:00,2.47,0.35
10/28/2020 17:00,1.01,0.14
10/28/2020 18:00,0.08,0.01
10/28/2020 19:00,0.0,0.0
10/28/2020 20:00,0.0,0.0
10/28/2020 21:00,0.0,0.0
10/28/2020 22:00,0.0,0.0
10/28/2020 23:00,0.0,0.0
10/29/2020 0:00,0.0,0.0
10/29/2020 1:00,0.0,0.0
10/29/2020 2:00,0.0,0.0
10/29/2020 3:00,0.0,0.0
10/29/2020 4:00,0.0,0.0
10/29/2020 5:00,0.0,0.0
10/29/2020 6:00,0.0,0.0
10/29/2020 7:00,0.0,0.0
10/29/2020 8:00,0.08,0.01
10/29/2020 9:00,1.77,0.25
10/29/2020 10:00,3.51,0.5
10/29/2020 11:00,4.35,0.62
10/29/2020 12:00,4.74,0.68
10/29/2020 13:00,4.74,0.68
10/29/2020 14:00,4.41,0.63
10/29/2020 15:00,3.78,0.54
10/29/2020 16:00,2.74,0.39
10/29/2020 17:00,1.31,0.19
10/29/2020 18:00,0.14,0.02
10/29/2020 19:00,0.0,0.0
10/29/2020 20:00,0.0,0.0
10/29/2020 21:00,0.0,0.0
10/29/2020 22:00,0.0,0.0
10/29/2020 23:00,0.0,0.0
10/30/2020 0:00,0.0,0.0
10/30/2020 1:00,0.0,0.0
10/30/2020 2:00,0.0,0.0
10/30/2020 3:00,0.0,0.0
10/30/2020 4:00,0.0,0.0
10/30/2020 5:00,0.0,0.0
10/30/2020 6:00,0.0,0.0
10/30/2020 7:00,0.0,0.0
10/30/2020 8:00,0.04,0.01
10/30/2020 9:00,1.74,0.25
10/30/2020 10:00,3.53,0.5
10/30/2020 11:00,4.33,0.62
10/30/2020 12:00,4.66,0.67
10/30/2020 13:00,4.68,0.67
10/30/2020 14:00,4.39,0.63
10/30/2020 15:00,3.72,0.53
10/30/2020 16:00,2.73,0.39
10/30/2020 17:00,1.3,0.19
10/30/2020 18:00,0.12,0.02
10/30/2020 19:00,0.0,0.0
10/30/2020 20:00,0.0,0.0
10/30/2020 21:00,0.0,0.0
10/30/2020 22:00,0.0,0.0
10/30/2020 23:00,0.0,0.0
10/31/2020 0:00,0.0,0.0
10/31/2020 1:00,0.0,0.0
10/31/2020 2:00,0.0,0.0
10/31/2020 3:00,0.0,0.0
10/31/2020 4:00,0.0,0.0
10/31/2020 5:00,0.0,0.0
10/31/2020 6:00,0.0,0.0
10/31/2020 7:00,0.0,0.0
10/31/2020 8:00,0.04,0.01
10/31/2020 9:00,1.64,0.23
10/31/2020 10:00,3.29,0.47
10/31/2020 11:00,3.02,0.43
10/31/2020 12:00,4.03,0.58
10/31/2020 13:00,4.04,0.58
10/31/2020 14:00,3.32,0.47
10/31/2020 15:00,3.07,0.44
10/31/2020 16:00,2.63,0.38
10/31/2020 17:00,1.27,0.18
10/31/2020 18:00,0.1,0.01
10/31/2020 19:00,0.0,0.0
10/31/2020 20:00,0.0,0.0
10/31/2020 21:00,0.0,0.0
10/31/2020 22:00,0.0,0.0
10/31/2020 23:00,0.0,0.0
11/1/2020 0:00,0.0,0.0
11/1/2020 1:00,0.0,0.0
11/1/2020 2:00,0.0,0.0
11/1/2020 3:00,0.0,0.0
11/1/2020 4:00,0.0,0.0
11/1/2020 5:00,0.0,0.0
11/1/2020 6:00,0.0,0.0
11/1/2020 7:00,0.0,0.0
11/1/2020 8:00,0.04,0.01
11/1/2020 9:00,0.56,0.08
11/1/2020 10:00,1.61,0.23
11/1/2020 11:00,2.02,0.29
11/1/2020 12:00,2.16,0.31
11/1/2020 13:00,2.36,0.34
11/1/2020 14:00,2.28,0.33
11/1/2020 15:00,1.37,0.2
11/1/2020 16:00,0.55,0.08
11/1/2020 17:00,0.22,0.03
11/1/2020 18:00,0.01,0.0
11/1/2020 19:00,0.0,0.0
11/1/2020 20:00,0.0,0.0
11/1/2020 21:00,0.0,0.0
11/1/2020 22:00,0.0,0.0
11/1/2020 23:00,0.0,0.0
11/2/2020 0:00,0.0,0.0
11/2/2020 1:00,0.0,0.0
11/2/2020 2:00,0.0,0.0
11/2/2020 3:00,0.0,0.0
11/2/2020 4:00,0.0,0.0
11/2/2020 5:00,0.0,0.0
11/2/2020 6:00,0.0,0.0
11/2/2020 7:00,0.0,0.0
11/2/2020 8:00,0.04,0.01
11/2/2020 9:00,0.48,0.07
11/2/2020 10:00,0.78,0.11
11/2/2020 11:00,1.24,0.18
11/2/2020 12:00,1.32,0.19
11/2/2020 13:00,0.64,0.09
11/2/2020 14:00,0.52,0.07
11/2/2020 15:00,0.67,0.1
11/2/2020 16:00,0.36,0.05
11/2/2020 17:00,0.23,0.03
11/2/2020 18:00,0.0,0.0
11/2/2020 19:00,0.0,0.0
11/2/2020 20:00,0.0,0.0
11/2/2020 21:00,0.0,0.0
11/2/2020 22:00,0.0,0.0
11/2/2020 23:00,0.0,0.0
11/3/2020 0:00,0.0,0.0
11/3/2020 1:00,0.0,0.0
11/3/2020 2:00,0.0,0.0
11/3/2020 3:00,0.0,0.0
11/3/2020 4:00,0.0,0.0
11/3/2020 5:00,0.0,0.0
11/3/2020 6:00,0.0,0.0
11/3/2020 7:00,0.0,0.0
11/3/2020 8:00,0.03,0.0
11/3/2020 9:00,1.48,0.21
11/3/2020 10:00,3.6,0.51
11/3/2020 11:00,4.55,0.65
11/3/2020 12:00,4.97,0.71
11/3/2020 13:00,5.03,0.72
11/3/2020 14:00,4.66,0.67
11/3/2020 15:00,3.94,0.56
11/3/2020 16:00,2.77,0.4
11/3/2020 17:00,1.24,0.18
11/3/2020 18:00,0.07,0.01
11/3/2020 19:00,0.0,0.0
11/3/2020 20:00,0.0,0.0
11/3/2020 21:00,0.0,0.0
11/3/2020 22:00,0.0,0.0
11/3/2020 23:00,0.0,0.0
11/4/2020 0:00,0.0,0.0
11/4/2020 1:00,0.0,0.0
11/4/2020 2:00,0.0,0.0
11/4/2020 3:00,0.0,0.0
11/4/2020 4:00,0.0,0.0
11/4/2020 5:00,0.0,0.0
11/4/2020 6:00,0.0,0.0
11/4/2020 7:00,0.0,0.0
11/4/2020 8:00,0.06,0.01
11/4/2020 9:00,1.64,0.23
11/4/2020 10:00,1.46,0.21
11/4/2020 11:00,1.38,0.2
11/4/2020 12:00,1.79,0.26
11/4/2020 13:00,1.8,0.26
11/4/2020 14:00,0.8,0.11
11/4/2020 15:00,0.6,0.09
11/4/2020 16:00,0.43,0.06
11/4/2020 17:00,0.24,0.03
11/4/2020 18:00,0.0,0.0
11/4/2020 19:00,0.0,0.0
11/4/2020 20:00,0.0,0.0
11/4/2020 21:00,0.0,0.0
11/4/2020 22:00,0.0,0.0
11/4/2020 23:00,0.0,0.0
11/5/2020 0:00,0.0,0.0
11/5/2020 1:00,0.0,0.0
11/5/2020 2:00,0.0,0.0
11/5/2020 3:00,0.0,0.0
11/5/2020 4:00,0.0,0.0
11/5/2020 5:00,0.0,0.0
11/5/2020 6:00,0.0,0.0
11/5/2020 7:00,0.0,0.0
11/5/2020 8:00,0.0,0.0
11/5/2020 9:00,0.04,0.01
11/5/2020 10:00,0.57,0.08
11/5/2020 11:00,1.09,0.16
11/5/2020 12:00,3.53,0.5
11/5/2020 13:00,2.5,0.36
11/5/2020 14:00,1.5,0.21
11/5/2020 15:00,0.92,0.13
11/5/2020 16:00,0.49,0.07
11/5/2020 17:00,0.13,0.02
11/5/2020 18:00,0.0,0.0
11/5/2020 19:00,0.0,0.0
11/5/2020 20:00,0.0,0.0
11/5/2020 21:00,0.0,0.0
11/5/2020 22:00,0.0,0.0
11/5/2020 23:00,0.0,0.0
11/6/2020 0:00,0.0,0.0
11/6/2020 1:00,0.0,0.0
11/6/2020 2:00,0.0,0.0
11/6/2020 3:00,0.0,0.0
11/6/2020 4:00,0.0,0.0
11/6/2020 5:00,0.0,0.0
11/6/2020 6:00,0.0,0.0
11/6/2020 7:00,0.0,0.0
11/6/2020 8:00,0.0,0.0
11/6/2020 9:00,0.1,0.01
11/6/2020 10:00,0.5,0.07
11/6/2020 11:00,0.75,0.11
11/6/2020 12:00,0.53,0.08
11/6/2020 13:00,0.41,0.06
11/6/2020 14:00,0.25,0.04
11/6/2020 15:00,0.16,0.02
11/6/2020 16:00,0.73,0.1
11/6/2020 17:00,0.36,0.05
11/6/2020 18:00,0.0,0.0
11/6/2020 19:00,0.0,0.0
11/6/2020 20:00,0.0,0.0
11/6/2020 21:00,0.0,0.0
11/6/2020 22:00,0.0,0.0
11/6/2020 23:00,0.0,0.0
11/7/2020 0:00,0.0,0.0
11/7/2020 1:00,0.0,0.0
11/7/2020 2:00,0.0,0.0
11/7/2020 3:00,0.0,0.0
11/7/2020 4:00,0.0,0.0
11/7/2020 5:00,0.0,0.0
11/7/2020 6:00,0.0,0.0
11/7/2020 7:00,0.0,0.0
11/7/2020 8:00,0.04,0.01
11/7/2020 9:00,0.87,0.12
11/7/2020 10:00,2.8,0.4
11/7/2020 11:00,3.61,0.52
11/7/2020 12:00,4.27,0.61
11/7/2020 13:00,3.47,0.5
11/7/2020 14:00,3.16,0.45
11/7/2020 15:00,2.42,0.35
11/7/2020 16:00,0.6,0.09
11/7/2020 17:00,0.18,0.03
11/7/2020 18:00,0.0,0.0
11/7/2020 19:00,0.0,0.0
11/7/2020 20:00,0.0,0.0
11/7/2020 21:00,0.0,0.0
11/7/2020 22:00,0.0,0.0
11/7/2020 23:00,0.0,0.0
11/8/2020 0:00,0.0,0.0
11/8/2020 1:00,0.0,0.0
11/8/2020 2:00,0.0,0.0
11/8/2020 3:00,0.0,0.0
11/8/2020 4:00,0.0,0.0
11/8/2020 5:00,0.0,0.0
11/8/2020 6:00,0.0,0.0
11/8/2020 7:00,0.0,0.0
11/8/2020 8:00,0.0,0.0
11/8/2020 9:00,0.11,0.02
11/8/2020 10:00,0.37,0.05
11/8/2020 11:00,0.33,0.05
11/8/2020 12:00,0.22,0.03
11/8/2020 13:00,0.79,0.11
11/8/2020 14:00,1.29,0.18
11/8/2020 15:00,1.16,0.17
11/8/2020 16:00,0.9,0.13
11/8/2020 17:00,0.92,0.13
11/8/2020 18:00,0.05,0.01
11/8/2020 19:00,0.0,0.0
11/8/2020 20:00,0.0,0.0
11/8/2020 21:00,0.0,0.0
11/8/2020 22:00,0.0,0.0
11/8/2020 23:00,0.0,0.0
11/9/2020 0:00,0.0,0.0
11/9/2020 1:00,0.0,0.0
11/9/2020 2:00,0.0,0.0
11/9/2020 3:00,0.0,0.0
11/9/2020 4:00,0.0,0.0
11/9/2020 5:00,0.0,0.0
11/9/2020 6:00,0.0,0.0
11/9/2020 7:00,0.0,0.0
11/9/2020 8:00,0.04,0.01
11/9/2020 9:00,0.93,0.13
11/9/2020 10:00,2.46,0.35
11/9/2020 11:00,2.71,0.39
11/9/2020 12:00,2.81,0.4
11/9/2020 13:00,2.3,0.33
11/9/2020 14:00,0.76,0.11
11/9/2020 15:00,0.39,0.06
11/9/2020 16:00,1.69,0.24
11/9/2020 17:00,1.09,0.16
11/9/2020 18:00,0.05,0.01
11/9/2020 19:00,0.0,0.0
11/9/2020 20:00,0.0,0.0
11/9/2020 21:00,0.0,0.0
11/9/2020 22:00,0.0,0.0
11/9/2020 23:00,0.0,0.0
11/10/2020 0:00,0.0,0.0
11/10/2020 1:00,0.0,0.0
11/10/2020 2:00,0.0,0.0
11/10/2020 3:00,0.0,0.0
11/10/2020 4:00,0.0,0.0
11/10/2020 5:00,0.0,0.0
11/10/2020 6:00,0.0,0.0
11/10/2020 7:00,0.0,0.0
11/10/2020 8:00,0.04,0.01
11/10/2020 9:00,0.91,0.13
11/10/2020 10:00,3.01,0.43
11/10/2020 11:00,4.24,0.61
11/10/2020 12:00,4.61,0.66
11/10/2020 13:00,4.55,0.65
11/10/2020 14:00,4.21,0.6
11/10/2020 15:00,3.63,0.52
11/10/2020 16:00,2.58,0.37
11/10/2020 17:00,1.12,0.16
11/10/2020 18:00,0.06,0.01
11/10/2020 19:00,0.0,0.0
11/10/2020 20:00,0.0,0.0
11/10/2020 21:00,0.0,0.0
11/10/2020 22:00,0.0,0.0
11/10/2020 23:00,0.0,0.0
11/11/2020 0:00,0.0,0.0
11/11/2020 1:00,0.0,0.0
11/11/2020 2:00,0.0,0.0
11/11/2020 3:00,0.0,0.0
11/11/2020 4:00,0.0,0.0
11/11/2020 5:00,0.0,0.0
11/11/2020 6:00,0.0,0.0
11/11/2020 7:00,0.0,0.0
11/11/2020 8:00,0.09,0.01
11/11/2020 9:00,0.86,0.12
11/11/2020 10:00,2.18,0.31
11/11/2020 11:00,1.95,0.28
11/11/2020 12:00,2.79,0.4
11/11/2020 13:00,4.15,0.59
11/11/2020 14:00,3.61,0.52
11/11/2020 15:00,2.08,0.3
11/11/2020 16:00,1.58,0.23
11/11/2020 17:00,0.36,0.05
11/11/2020 18:00,0.02,0.0
11/11/2020 19:00,0.0,0.0
11/11/2020 20:00,0.0,0.0
11/11/2020 21:00,0.0,0.0
11/11/2020 22:00,0.0,0.0
11/11/2020 23:00,0.0,0.0
11/12/2020 0:00,0.0,0.0
11/12/2020 1:00,0.0,0.0
11/12/2020 2:00,0.0,0.0
11/12/2020 3:00,0.0,0.0
11/12/2020 4:00,0.0,0.0
11/12/2020 5:00,0.0,0.0
11/12/2020 6:00,0.0,0.0
11/12/2020 7:00,0.0,0.0
11/12/2020 8:00,0.04,0.01
11/12/2020 9:00,0.62,0.09
11/12/2020 10:00,2.69,0.38
11/12/2020 11:00,4.12,0.59
11/12/2020 12:00,4.47,0.64
11/12/2020 13:00,4.44,0.63
11/12/2020 14:00,4.21,0.6
11/12/2020 15:00,3.59,0.51
11/12/2020 16:00,2.49,0.36
11/12/2020 17:00,0.92,0.13
11/12/2020 18:00,0.03,0.0
11/12/2020 19:00,0.0,0.0
11/12/2020 20:00,0.0,0.0
11/12/2020 21:00,0.0,0.0
11/12/2020 22:00,0.0,0.0
11/12/2020 23:00,0.0,0.0
11/13/2020 0:00,0.0,0.0
11/13/2020 1:00,0.0,0.0
11/13/2020 2:00,0.0,0.0
11/13/2020 3:00,0.0,0.0
11/13/2020 4:00,0.0,0.0
11/13/2020 5:00,0.0,0.0
11/13/2020 6:00,0.0,0.0
11/13/2020 7:00,0.0,0.0
11/13/2020 8:00,0.02,0.0
11/13/2020 9:00,0.44,0.06
11/13/2020 10:00,1.07,0.15
11/13/2020 11:00,1.27,0.18
11/13/2020 12:00,1.86,0.27
11/13/2020 13:00,1.6,0.23
11/13/2020 14:00,1.39,0.2
11/13/2020 15:00,1.07,0.15
11/13/2020 16:00,0.94,0.13
11/13/2020 17:00,0.27,0.04
11/13/2020 18:00,0.01,0.0
11/13/2020 19:00,0.0,0.0
11/13/2020 20:00,0.0,0.0
11/13/2020 21:00,0.0,0.0
11/13/2020 22:00,0.0,0.0
11/13/2020 23:00,0.0,0.0
11/14/2020 0:00,0.0,0.0
11/14/2020 1:00,0.0,0.0
11/14/2020 2:00,0.0,0.0
11/14/2020 3:00,0.0,0.0
11/14/2020 4:00,0.0,0.0
11/14/2020 5:00,0.0,0.0
11/14/2020 6:00,0.0,0.0
11/14/2020 7:00,0.0,0.0
11/14/2020 8:00,0.0,0.0
11/14/2020 9:00,0.31,0.04
11/14/2020 10:00,0.78,0.11
11/14/2020 11:00,1.18,0.17
11/14/2020 12:00,1.0,0.14
11/14/2020 13:00,1.34,0.19
11/14/2020 14:00,0.95,0.14
11/14/2020 15:00,0.55,0.08
11/14/2020 16:00,0.47,0.07
11/14/2020 17:00,0.26,0.04
11/14/2020 18:00,0.0,0.0
11/14/2020 19:00,0.0,0.0
11/14/2020 20:00,0.0,0.0
11/14/2020 21:00,0.0,0.0
11/14/2020 22:00,0.0,0.0
11/14/2020 23:00,0.0,0.0
11/15/2020 0:00,0.0,0.0
11/15/2020 1:00,0.0,0.0
11/15/2020 2:00,0.0,0.0
11/15/2020 3:00,0.0,0.0
11/15/2020 4:00,0.0,0.0
11/15/2020 5:00,0.0,0.0
11/15/2020 6:00,0.0,0.0
11/15/2020 7:00,0.0,0.0
11/15/2020 8:00,0.03,0.0
11/15/2020 9:00,0.34,0.05
11/15/2020 10:00,2.34,0.33
11/15/2020 11:00,3.06,0.44
11/15/2020 12:00,3.92,0.56
11/15/2020 13:00,4.4,0.63
11/15/2020 14:00,3.39,0.48
11/15/2020 15:00,1.02,0.15
11/15/2020 16:00,0.88,0.13
11/15/2020 17:00,0.26,0.04
11/15/2020 18:00,0.01,0.0
11/15/2020 19:00,0.0,0.0
11/15/2020 20:00,0.0,0.0
11/15/2020 21:00,0.0,0.0
11/15/2020 22:00,0.0,0.0
11/15/2020 23:00,0.0,0.0
11/16/2020 0:00,0.0,0.0
11/16/2020 1:00,0.0,0.0
11/16/2020 2:00,0.0,0.0
11/16/2020 3:00,0.0,0.0
11/16/2020 4:00,0.0,0.0
11/16/2020 5:00,0.0,0.0
11/16/2020 6:00,0.0,0.0
11/16/2020 7:00,0.0,0.0
11/16/2020 8:00,0.01,0.0
11/16/2020 9:00,0.16,0.02
11/16/2020 10:00,0.78,0.11
11/16/2020 11:00,2.5,0.36
11/16/2020 12:00,2.18,0.31
11/16/2020 13:00,1.53,0.22
11/16/2020 14:00,0.9,0.13
11/16/2020 15:00,2.24,0.32
11/16/2020 16:00,1.21,0.17
11/16/2020 17:00,0.38,0.05
11/16/2020 18:00,0.02,0.0
11/16/2020 19:00,0.0,0.0
11/16/2020 20:00,0.0,0.0
11/16/2020 21:00,0.0,0.0
11/16/2020 22:00,0.0,0.0
11/16/2020 23:00,0.0,0.0
11/17/2020 0:00,0.0,0.0
11/17/2020 1:00,0.0,0.0
11/17/2020 2:00,0.0,0.0
11/17/2020 3:00,0.0,0.0
11/17/2020 4:00,0.0,0.0
11/17/2020 5:00,0.0,0.0
11/17/2020 6:00,0.0,0.0
11/17/2020 7:00,0.0,0.0
11/17/2020 8:00,0.01,0.0
11/17/2020 9:00,0.19,0.03
11/17/2020 10:00,0.5,0.07
11/17/2020 11:00,0.48,0.07
11/17/2020 12:00,0.64,0.09
11/17/2020 13:00,1.12,0.16
11/17/2020 14:00,3.94,0.56
11/17/2020 15:00,3.41,0.49
11/17/2020 16:00,2.28,0.33
11/17/2020 17:00,0.8,0.11
11/17/2020 18:00,0.01,0.0
11/17/2020 19:00,0.0,0.0
11/17/2020 20:00,0.0,0.0
11/17/2020 21:00,0.0,0.0
11/17/2020 22:00,0.0,0.0
11/17/2020 23:00,0.0,0.0
11/18/2020 0:00,0.0,0.0
11/18/2020 1:00,0.0,0.0
11/18/2020 2:00,0.0,0.0
11/18/2020 3:00,0.0,0.0
11/18/2020 4:00,0.0,0.0
11/18/2020 5:00,0.0,0.0
11/18/2020 6:00,0.0,0.0
11/18/2020 7:00,0.0,0.0
11/18/2020 8:00,0.03,0.0
11/18/2020 9:00,0.4,0.06
11/18/2020 10:00,2.39,0.34
11/18/2020 11:00,2.87,0.41
11/18/2020 12:00,2.87,0.41
11/18/2020 13:00,3.48,0.5
11/18/2020 14:00,2.66,0.38
11/18/2020 15:00,2.11,0.3
11/18/2020 16:00,1.1,0.16
11/18/2020 17:00,0.4,0.06
11/18/2020 18:00,0.0,0.0
11/18/2020 19:00,0.0,0.0
11/18/2020 20:00,0.0,0.0
11/18/2020 21:00,0.0,0.0
11/18/2020 22:00,0.0,0.0
11/18/2020 23:00,0.0,0.0
11/19/2020 0:00,0.0,0.0
11/19/2020 1:00,0.0,0.0
11/19/2020 2:00,0.0,0.0
11/19/2020 3:00,0.0,0.0
11/19/2020 4:00,0.0,0.0
11/19/2020 5:00,0.0,0.0
11/19/2020 6:00,0.0,0.0
11/19/2020 7:00,0.0,0.0
11/19/2020 8:00,0.07,0.01
11/19/2020 9:00,0.55,0.08
11/19/2020 10:00,2.27,0.32
11/19/2020 11:00,3.8,0.54
11/19/2020 12:00,4.25,0.61
11/19/2020 13:00,4.24,0.61
11/19/2020 14:00,3.88,0.55
11/19/2020 15:00,3.26,0.47
11/19/2020 16:00,2.16,0.31
11/19/2020 17:00,0.76,0.11
11/19/2020 18:00,0.01,0.0
11/19/2020 19:00,0.0,0.0
11/19/2020 20:00,0.0,0.0
11/19/2020 21:00,0.0,0.0
11/19/2020 22:00,0.0,0.0
11/19/2020 23:00,0.0,0.0
11/20/2020 0:00,0.0,0.0
11/20/2020 1:00,0.0,0.0
11/20/2020 2:00,0.0,0.0
11/20/2020 3:00,0.0,0.0
11/20/2020 4:00,0.0,0.0
11/20/2020 5:00,0.0,0.0
11/20/2020 6:00,0.0,0.0
11/20/2020 7:00,0.0,0.0
11/20/2020 8:00,0.01,0.0
11/20/2020 9:00,0.33,0.05
11/20/2020 10:00,2.3,0.33
11/20/2020 11:00,3.88,0.55
11/20/2020 12:00,4.41,0.63
11/20/2020 13:00,4.46,0.64
11/20/2020 14:00,4.17,0.6
11/20/2020 15:00,3.5,0.5
11/20/2020 16:00,2.41,0.34
11/20/2020 17:00,0.98,0.14
11/20/2020 18:00,0.02,0.0
11/20/2020 19:00,0.0,0.0
11/20/2020 20:00,0.0,0.0
11/20/2020 21:00,0.0,0.0
11/20/2020 22:00,0.0,0.0
11/20/2020 23:00,0.0,0.0
11/21/2020 0:00,0.0,0.0
11/21/2020 1:00,0.0,0.0
11/21/2020 2:00,0.0,0.0
11/21/2020 3:00,0.0,0.0
11/21/2020 4:00,0.0,0.0
11/21/2020 5:00,0.0,0.0
11/21/2020 6:00,0.0,0.0
11/21/2020 7:00,0.0,0.0
11/21/2020 8:00,0.0,0.0
11/21/2020 9:00,0.23,0.03
11/21/2020 10:00,2.4,0.34
11/21/2020 11:00,4.1,0.59
11/21/2020 12:00,4.62,0.66
11/21/2020 13:00,4.65,0.66
11/21/2020 14:00,4.3,0.61
11/21/2020 15:00,3.6,0.51
11/21/2020 16:00,2.46,0.35
11/21/2020 17:00,0.97,0.14
11/21/2020 18:00,0.02,0.0
11/21/2020 19:00,0.0,0.0
11/21/2020 20:00,0.0,0.0
11/21/2020 21:00,0.0,0.0
11/21/2020 22:00,0.0,0.0
11/21/2020 23:00,0.0,0.0
11/22/2020 0:00,0.0,0.0
11/22/2020 1:00,0.0,0.0
11/22/2020 2:00,0.0,0.0
11/22/2020 3:00,0.0,0.0
11/22/2020 4:00,0.0,0.0
11/22/2020 5:00,0.0,0.0
11/22/2020 6:00,0.0,0.0
11/22/2020 7:00,0.0,0.0
11/22/2020 8:00,0.02,0.0
11/22/2020 9:00,0.27,0.04
11/22/2020 10:00,2.23,0.32
11/22/2020 11:00,3.9,0.56
11/22/2020 12:00,4.4,0.63
11/22/2020 13:00,4.46,0.64
11/22/2020 14:00,4.12,0.59
11/22/2020 15:00,3.45,0.49
11/22/2020 16:00,2.34,0.33
11/22/2020 17:00,0.87,0.12
11/22/2020 18:00,0.01,0.0
11/22/2020 19:00,0.0,0.0
11/22/2020 20:00,0.0,0.0
11/22/2020 21:00,0.0,0.0
11/22/2020 22:00,0.0,0.0
11/22/2020 23:00,0.0,0.0
11/23/2020 0:00,0.0,0.0
11/23/2020 1:00,0.0,0.0
11/23/2020 2:00,0.0,0.0
11/23/2020 3:00,0.0,0.0
11/23/2020 4:00,0.0,0.0
11/23/2020 5:00,0.0,0.0
11/23/2020 6:00,0.0,0.0
11/23/2020 7:00,0.0,0.0
11/23/2020 8:00,0.01,0.0
11/23/2020 9:00,0.19,0.03
11/23/2020 10:00,2.2,0.31
11/23/2020 11:00,3.79,0.54
11/23/2020 12:00,4.35,0.62
11/23/2020 13:00,4.42,0.63
11/23/2020 14:00,4.13,0.59
11/23/2020 15:00,3.42,0.49
11/23/2020 16:00,2.31,0.33
11/23/2020 17:00,0.51,0.07
11/23/2020 18:00,0.01,0.0
11/23/2020 19:00,0.0,0.0
11/23/2020 20:00,0.0,0.0
11/23/2020 21:00,0.0,0.0
11/23/2020 22:00,0.0,0.0
11/23/2020 23:00,0.0,0.0
11/24/2020 0:00,0.0,0.0
11/24/2020 1:00,0.0,0.0
11/24/2020 2:00,0.0,0.0
11/24/2020 3:00,0.0,0.0
11/24/2020 4:00,0.0,0.0
11/24/2020 5:00,0.0,0.0
11/24/2020 6:00,0.0,0.0
11/24/2020 7:00,0.0,0.0
11/24/2020 8:00,0.03,0.0
11/24/2020 9:00,0.39,0.06
11/24/2020 10:00,1.85,0.26
11/24/2020 11:00,3.51,0.5
11/24/2020 12:00,3.88,0.55
11/24/2020 13:00,3.8,0.54
11/24/2020 14:00,3.93,0.56
11/24/2020 15:00,3.03,0.43
11/24/2020 16:00,1.96,0.28
11/24/2020 17:00,0.85,0.12
11/24/2020 18:00,0.0,0.0
11/24/2020 19:00,0.0,0.0
11/24/2020 20:00,0.0,0.0
11/24/2020 21:00,0.0,0.0
11/24/2020 22:00,0.0,0.0
11/24/2020 23:00,0.0,0.0
11/25/2020 0:00,0.0,0.0
11/25/2020 1:00,0.0,0.0
11/25/2020 2:00,0.0,0.0
11/25/2020 3:00,0.0,0.0
11/25/2020 4:00,0.0,0.0
11/25/2020 5:00,0.0,0.0
11/25/2020 6:00,0.0,0.0
11/25/2020 7:00,0.0,0.0
11/25/2020 8:00,0.0,0.0
11/25/2020 9:00,0.18,0.03
11/25/2020 10:00,0.23,0.03
11/25/2020 11:00,0.28,0.04
11/25/2020 12:00,0.82,0.12
11/25/2020 13:00,1.56,0.22
11/25/2020 14:00,3.03,0.43
11/25/2020 15:00,1.76,0.25
11/25/2020 16:00,1.0,0.14
11/25/2020 17:00,0.39,0.06
11/25/2020 18:00,0.0,0.0
11/25/2020 19:00,0.0,0.0
11/25/2020 20:00,0.0,0.0
11/25/2020 21:00,0.0,0.0
11/25/2020 22:00,0.0,0.0
11/25/2020 23:00,0.0,0.0
11/26/2020 0:00,0.0,0.0
11/26/2020 1:00,0.0,0.0
11/26/2020 2:00,0.0,0.0
11/26/2020 3:00,0.0,0.0
11/26/2020 4:00,0.0,0.0
11/26/2020 5:00,0.0,0.0
11/26/2020 6:00,0.0,0.0
11/26/2020 7:00,0.0,0.0
11/26/2020 8:00,0.0,0.0
11/26/2020 9:00,0.04,0.01
11/26/2020 10:00,0.52,0.07
11/26/2020 11:00,0.98,0.14
11/26/2020 12:00,1.65,0.24
11/26/2020 13:00,1.65,0.24
11/26/2020 14:00,2.03,0.29
11/26/2020 15:00,2.27,0.32
11/26/2020 16:00,1.29,0.18
11/26/2020 17:00,0.34,0.05
11/26/2020 18:00,0.0,0.0
11/26/2020 19:00,0.0,0.0
11/26/2020 20:00,0.0,0.0
11/26/2020 21:00,0.0,0.0
11/26/2020 22:00,0.0,0.0
11/26/2020 23:00,0.0,0.0
11/27/2020 0:00,0.0,0.0
11/27/2020 1:00,0.0,0.0
11/27/2020 2:00,0.0,0.0
11/27/2020 3:00,0.0,0.0
11/27/2020 4:00,0.0,0.0
11/27/2020 5:00,0.0,0.0
11/27/2020 6:00,0.0,0.0
11/27/2020 7:00,0.0,0.0
11/27/2020 8:00,0.03,0.0
11/27/2020 9:00,0.57,0.08
11/27/2020 10:00,1.63,0.23
11/27/2020 11:00,0.58,0.08
11/27/2020 12:00,0.95,0.14
11/27/2020 13:00,3.05,0.44
11/27/2020 14:00,3.33,0.48
11/27/2020 15:00,0.72,0.1
11/27/2020 16:00,0.51,0.07
11/27/2020 17:00,0.28,0.04
11/27/2020 18:00,0.0,0.0
11/27/2020 19:00,0.0,0.0
11/27/2020 20:00,0.0,0.0
11/27/2020 21:00,0.0,0.0
11/27/2020 22:00,0.0,0.0
11/27/2020 23:00,0.0,0.0
11/28/2020 0:00,0.0,0.0
11/28/2020 1:00,0.0,0.0
11/28/2020 2:00,0.0,0.0
11/28/2020 3:00,0.0,0.0
11/28/2020 4:00,0.0,0.0
11/28/2020 5:00,0.0,0.0
11/28/2020 6:00,0.0,0.0
11/28/2020 7:00,0.0,0.0
11/28/2020 8:00,0.01,0.0
11/28/2020 9:00,0.27,0.04
11/28/2020 10:00,0.8,0.11
11/28/2020 11:00,2.33,0.33
11/28/2020 12:00,1.88,0.27
11/28/2020 13:00,0.59,0.08
11/28/2020 14:00,0.21,0.03
11/28/2020 15:00,0.22,0.03
11/28/2020 16:00,0.47,0.07
11/28/2020 17:00,0.1,0.01
11/28/2020 18:00,0.0,0.0
11/28/2020 19:00,0.0,0.0
11/28/2020 20:00,0.0,0.0
11/28/2020 21:00,0.0,0.0
11/28/2020 22:00,0.0,0.0
11/28/2020 23:00,0.0,0.0
11/29/2020 0:00,0.0,0.0
11/29/2020 1:00,0.0,0.0
11/29/2020 2:00,0.0,0.0
11/29/2020 3:00,0.0,0.0
11/29/2020 4:00,0.0,0.0
11/29/2020 5:00,0.0,0.0
11/29/2020 6:00,0.0,0.0
11/29/2020 7:00,0.0,0.0
11/29/2020 8:00,0.0,0.0
11/29/2020 9:00,0.23,0.03
11/29/2020 10:00,1.54,0.22
11/29/2020 11:00,0.81,0.12
11/29/2020 12:00,0.47,0.07
11/29/2020 13:00,1.23,0.18
11/29/2020 14:00,0.29,0.04
11/29/2020 15:00,0.85,0.12
11/29/2020 16:00,1.45,0.21
11/29/2020 17:00,0.93,0.13
11/29/2020 18:00,0.0,0.0
11/29/2020 19:00,0.0,0.0
11/29/2020 20:00,0.0,0.0
11/29/2020 21:00,0.0,0.0
11/29/2020 22:00,0.0,0.0
11/29/2020 23:00,0.0,0.0
11/30/2020 0:00,0.0,0.0
11/30/2020 1:00,0.0,0.0
11/30/2020 2:00,0.0,0.0
11/30/2020 3:00,0.0,0.0
11/30/2020 4:00,0.0,0.0
11/30/2020 5:00,0.0,0.0
11/30/2020 6:00,0.0,0.0
11/30/2020 7:00,0.0,0.0
11/30/2020 8:00,0.0,0.0
11/30/2020 9:00,0.13,0.02
11/30/2020 10:00,0.44,0.06
11/30/2020 11:00,1.9,0.27
11/30/2020 12:00,1.03,0.15
11/30/2020 13:00,1.62,0.23
11/30/2020 14:00,0.73,0.1
11/30/2020 15:00,1.41,0.2
11/30/2020 16:00,0.8,0.11
11/30/2020 17:00,0.03,0.0
11/30/2020 18:00,0.0,0.0
11/30/2020 19:00,0.0,0.0
11/30/2020 20:00,0.0,0.0
11/30/2020 21:00,0.0,0.0
11/30/2020 22:00,0.0,0.0
11/30/2020 23:00,0.0,0.0
12/1/2020 0:00,0.0,0.0
12/1/2020 1:00,0.0,0.0
12/1/2020 2:00,0.0,0.0
12/1/2020 3:00,0.0,0.0
12/1/2020 4:00,0.0,0.0
12/1/2020 5:00,0.0,0.0
12/1/2020 6:00,0.0,0.0
12/1/2020 7:00,0.0,0.0
12/1/2020 8:00,0.0,0.0
12/1/2020 9:00,0.12,0.02
12/1/2020 10:00,1.7,0.24
12/1/2020 11:00,3.62,0.52
12/1/2020 12:00,4.3,0.61
12/1/2020 13:00,3.69,0.53
12/1/2020 14:00,3.56,0.51
12/1/2020 15:00,3.41,0.49
12/1/2020 16:00,2.33,0.33
12/1/2020 17:00,0.85,0.12
12/1/2020 18:00,0.0,0.0
12/1/2020 19:00,0.0,0.0
12/1/2020 20:00,0.0,0.0
12/1/2020 21:00,0.0,0.0
12/1/2020 22:00,0.0,0.0
12/1/2020 23:00,0.0,0.0
12/2/2020 0:00,0.0,0.0
12/2/2020 1:00,0.0,0.0
12/2/2020 2:00,0.0,0.0
12/2/2020 3:00,0.0,0.0
12/2/2020 4:00,0.0,0.0
12/2/2020 5:00,0.0,0.0
12/2/2020 6:00,0.0,0.0
12/2/2020 7:00,0.0,0.0
12/2/2020 8:00,0.0,0.0
12/2/2020 9:00,0.09,0.01
12/2/2020 10:00,1.74,0.25
12/2/2020 11:00,3.72,0.53
12/2/2020 12:00,4.31,0.62
12/2/2020 13:00,4.32,0.62
12/2/2020 14:00,3.99,0.57
12/2/2020 15:00,2.98,0.43
12/2/2020 16:00,2.21,0.32
12/2/2020 17:00,0.47,0.07
12/2/2020 18:00,0.0,0.0
12/2/2020 19:00,0.0,0.0
12/2/2020 20:00,0.0,0.0
12/2/2020 21:00,0.0,0.0
12/2/2020 22:00,0.0,0.0
12/2/2020 23:00,0.0,0.0
12/3/2020 0:00,0.0,0.0
12/3/2020 1:00,0.0,0.0
12/3/2020 2:00,0.0,0.0
12/3/2020 3:00,0.0,0.0
12/3/2020 4:00,0.0,0.0
12/3/2020 5:00,0.0,0.0
12/3/2020 6:00,0.0,0.0
12/3/2020 7:00,0.0,0.0
12/3/2020 8:00,0.0,0.0
12/3/2020 9:00,0.1,0.01
12/3/2020 10:00,1.69,0.24
12/3/2020 11:00,3.7,0.53
12/3/2020 12:00,4.38,0.63
12/3/2020 13:00,4.47,0.64
12/3/2020 14:00,4.21,0.6
12/3/2020 15:00,3.51,0.5
12/3/2020 16:00,2.26,0.32
12/3/2020 17:00,0.84,0.12
12/3/2020 18:00,0.0,0.0
12/3/2020 19:00,0.0,0.0
12/3/2020 20:00,0.0,0.0
12/3/2020 21:00,0.0,0.0
12/3/2020 22:00,0.0,0.0
12/3/2020 23:00,0.0,0.0
12/4/2020 0:00,0.0,0.0
12/4/2020 1:00,0.0,0.0
12/4/2020 2:00,0.0,0.0
12/4/2020 3:00,0.0,0.0
12/4/2020 4:00,0.0,0.0
12/4/2020 5:00,0.0,0.0
12/4/2020 6:00,0.0,0.0
12/4/2020 7:00,0.0,0.0
12/4/2020 8:00,0.0,0.0
12/4/2020 9:00,0.19,0.03
12/4/2020 10:00,1.59,0.23
12/4/2020 11:00,2.17,0.31
12/4/2020 12:00,2.18,0.31
12/4/2020 13:00,1.33,0.19
12/4/2020 14:00,1.05,0.15
12/4/2020 15:00,1.07,0.15
12/4/2020 16:00,0.95,0.14
12/4/2020 17:00,0.17,0.02
12/4/2020 18:00,0.0,0.0
12/4/2020 19:00,0.0,0.0
12/4/2020 20:00,0.0,0.0
12/4/2020 21:00,0.0,0.0
12/4/2020 22:00,0.0,0.0
12/4/2020 23:00,0.0,0.0
12/5/2020 0:00,0.0,0.0
12/5/2020 1:00,0.0,0.0
12/5/2020 2:00,0.0,0.0
12/5/2020 3:00,0.0,0.0
12/5/2020 4:00,0.0,0.0
12/5/2020 5:00,0.0,0.0
12/5/2020 6:00,0.0,0.0
12/5/2020 7:00,0.0,0.0
12/5/2020 8:00,0.0,0.0
12/5/2020 9:00,0.33,0.05
12/5/2020 10:00,1.61,0.23
12/5/2020 11:00,3.55,0.51
12/5/2020 12:00,4.54,0.65
12/5/2020 13:00,4.68,0.67
12/5/2020 14:00,4.03,0.58
12/5/2020 15:00,2.88,0.41
12/5/2020 16:00,2.26,0.32
12/5/2020 17:00,0.72,0.1
12/5/2020 18:00,0.0,0.0
12/5/2020 19:00,0.0,0.0
12/5/2020 20:00,0.0,0.0
12/5/2020 21:00,0.0,0.0
12/5/2020 22:00,0.0,0.0
12/5/2020 23:00,0.0,0.0
12/6/2020 0:00,0.0,0.0
12/6/2020 1:00,0.0,0.0
12/6/2020 2:00,0.0,0.0
12/6/2020 3:00,0.0,0.0
12/6/2020 4:00,0.0,0.0
12/6/2020 5:00,0.0,0.0
12/6/2020 6:00,0.0,0.0
12/6/2020 7:00,0.0,0.0
12/6/2020 8:00,0.0,0.0
12/6/2020 9:00,0.31,0.04
12/6/2020 10:00,1.38,0.2
12/6/2020 11:00,1.39,0.2
12/6/2020 12:00,1.62,0.23
12/6/2020 13:00,1.8,0.26
12/6/2020 14:00,1.76,0.25
12/6/2020 15:00,0.85,0.12
12/6/2020 16:00,0.54,0.08
12/6/2020 17:00,0.15,0.02
12/6/2020 18:00,0.0,0.0
12/6/2020 19:00,0.0,0.0
12/6/2020 20:00,0.0,0.0
12/6/2020 21:00,0.0,0.0
12/6/2020 22:00,0.0,0.0
12/6/2020 23:00,0.0,0.0
12/7/2020 0:00,0.0,0.0
12/7/2020 1:00,0.0,0.0
12/7/2020 2:00,0.0,0.0
12/7/2020 3:00,0.0,0.0
12/7/2020 4:00,0.0,0.0
12/7/2020 5:00,0.0,0.0
12/7/2020 6:00,0.0,0.0
12/7/2020 7:00,0.0,0.0
12/7/2020 8:00,0.0,0.0
12/7/2020 9:00,0.2,0.03
12/7/2020 10:00,0.51,0.07
12/7/2020 11:00,1.06,0.15
12/7/2020 12:00,2.16,0.31
12/7/2020 13:00,1.92,0.27
12/7/2020 14:00,1.37,0.2
12/7/2020 15:00,0.91,0.13
12/7/2020 16:00,1.68,0.24
12/7/2020 17:00,0.66,0.09
12/7/2020 18:00,0.0,0.0
12/7/2020 19:00,0.0,0.0
12/7/2020 20:00,0.0,0.0
12/7/2020 21:00,0.0,0.0
12/7/2020 22:00,0.0,0.0
12/7/2020 23:00,0.0,0.0
12/8/2020 0:00,0.0,0.0
12/8/2020 1:00,0.0,0.0
12/8/2020 2:00,0.0,0.0
12/8/2020 3:00,0.0,0.0
12/8/2020 4:00,0.0,0.0
12/8/2020 5:00,0.0,0.0
12/8/2020 6:00,0.0,0.0
12/8/2020 7:00,0.0,0.0
12/8/2020 8:00,0.01,0.0
12/8/2020 9:00,0.23,0.03
12/8/2020 10:00,0.5,0.07
12/8/2020 11:00,2.17,0.31
12/8/2020 12:00,1.92,0.27
12/8/2020 13:00,1.53,0.22
12/8/2020 14:00,0.98,0.14
12/8/2020 15:00,0.71,0.1
12/8/2020 16:00,0.34,0.05
12/8/2020 17:00,0.15,0.02
12/8/2020 18:00,0.0,0.0
12/8/2020 19:00,0.0,0.0
12/8/2020 20:00,0.0,0.0
12/8/2020 21:00,0.0,0.0
12/8/2020 22:00,0.0,0.0
12/8/2020 23:00,0.0,0.0
12/9/2020 0:00,0.0,0.0
12/9/2020 1:00,0.0,0.0
12/9/2020 2:00,0.0,0.0
12/9/2020 3:00,0.0,0.0
12/9/2020 4:00,0.0,0.0
12/9/2020 5:00,0.0,0.0
12/9/2020 6:00,0.0,0.0
12/9/2020 7:00,0.0,0.0
12/9/2020 8:00,0.0,0.0
12/9/2020 9:00,0.09,0.01
12/9/2020 10:00,0.33,0.05
12/9/2020 11:00,0.91,0.13
12/9/2020 12:00,1.53,0.22
12/9/2020 13:00,1.08,0.15
12/9/2020 14:00,0.66,0.09
12/9/2020 15:00,1.09,0.16
12/9/2020 16:00,0.44,0.06
12/9/2020 17:00,0.41,0.06
12/9/2020 18:00,0.0,0.0
12/9/2020 19:00,0.0,0.0
12/9/2020 20:00,0.0,0.0
12/9/2020 21:00,0.0,0.0
12/9/2020 22:00,0.0,0.0
12/9/2020 23:00,0.0,0.0
12/10/2020 0:00,0.0,0.0
12/10/2020 1:00,0.0,0.0
12/10/2020 2:00,0.0,0.0
12/10/2020 3:00,0.0,0.0
12/10/2020 4:00,0.0,0.0
12/10/2020 5:00,0.0,0.0
12/10/2020 6:00,0.0,0.0
12/10/2020 7:00,0.0,0.0
12/10/2020 8:00,0.0,0.0
12/10/2020 9:00,0.01,0.0
12/10/2020 10:00,0.23,0.03
12/10/2020 11:00,0.45,0.06
12/10/2020 12:00,0.75,0.11
12/10/2020 13:00,0.5,0.07
12/10/2020 14:00,0.28,0.04
12/10/2020 15:00,0.21,0.03
12/10/2020 16:00,0.08,0.01
12/10/2020 17:00,0.01,0.0
12/10/2020 18:00,0.0,0.0
12/10/2020 19:00,0.0,0.0
12/10/2020 20:00,0.0,0.0
12/10/2020 21:00,0.0,0.0
12/10/2020 22:00,0.0,0.0
12/10/2020 23:00,0.0,0.0
12/11/2020 0:00,0.0,0.0
12/11/2020 1:00,0.0,0.0
12/11/2020 2:00,0.0,0.0
12/11/2020 3:00,0.0,0.0
12/11/2020 4:00,0.0,0.0
12/11/2020 5:00,0.0,0.0
12/11/2020 6:00,0.0,0.0
12/11/2020 7:00,0.0,0.0
12/11/2020 8:00,0.0,0.0
12/11/2020 9:00,0.09,0.01
12/11/2020 10:00,0.35,0.05
12/11/2020 11:00,0.59,0.08
12/11/2020 12:00,0.81,0.12
12/11/2020 13:00,0.82,0.12
12/11/2020 14:00,0.59,0.08
12/11/2020 15:00,0.29,0.04
12/11/2020 16:00,0.12,0.02
12/11/2020 17:00,0.0,0.0
12/11/2020 18:00,0.0,0.0
12/11/2020 19:00,0.0,0.0
12/11/2020 20:00,0.0,0.0
12/11/2020 21:00,0.0,0.0
12/11/2020 22:00,0.0,0.0
12/11/2020 23:00,0.0,0.0
12/12/2020 0:00,0.0,0.0
12/12/2020 1:00,0.0,0.0
12/12/2020 2:00,0.0,0.0
12/12/2020 3:00,0.0,0.0
12/12/2020 4:00,0.0,0.0
12/12/2020 5:00,0.0,0.0
12/12/2020 6:00,0.0,0.0
12/12/2020 7:00,0.0,0.0
12/12/2020 8:00,0.0,0.0
12/12/2020 9:00,0.07,0.01
12/12/2020 10:00,0.49,0.07
12/12/2020 11:00,1.05,0.15
12/12/2020 12:00,1.35,0.19
12/12/2020 13:00,1.34,0.19
12/12/2020 14:00,1.46,0.21
12/12/2020 15:00,0.99,0.14
12/12/2020 16:00,1.12,0.16
12/12/2020 17:00,0.28,0.04
12/12/2020 18:00,0.0,0.0
12/12/2020 19:00,0.0,0.0
12/12/2020 20:00,0.0,0.0
12/12/2020 21:00,0.0,0.0
12/12/2020 22:00,0.0,0.0
12/12/2020 23:00,0.0,0.0
12/13/2020 0:00,0.0,0.0
12/13/2020 1:00,0.0,0.0
12/13/2020 2:00,0.0,0.0
12/13/2020 3:00,0.0,0.0
12/13/2020 4:00,0.0,0.0
12/13/2020 5:00,0.0,0.0
12/13/2020 6:00,0.0,0.0
12/13/2020 7:00,0.0,0.0
12/13/2020 8:00,0.0,0.0
12/13/2020 9:00,0.18,0.03
12/13/2020 10:00,0.48,0.07
12/13/2020 11:00,0.39,0.06
12/13/2020 12:00,0.98,0.14
12/13/2020 13:00,0.82,0.12
12/13/2020 14:00,0.7,0.1
12/13/2020 15:00,0.53,0.08
12/13/2020 16:00,0.63,0.09
12/13/2020 17:00,0.16,0.02
12/13/2020 18:00,0.0,0.0
12/13/2020 19:00,0.0,0.0
12/13/2020 20:00,0.0,0.0
12/13/2020 21:00,0.0,0.0
12/13/2020 22:00,0.0,0.0
12/13/2020 23:00,0.0,0.0
12/14/2020 0:00,0.0,0.0
12/14/2020 1:00,0.0,0.0
12/14/2020 2:00,0.0,0.0
12/14/2020 3:00,0.0,0.0
12/14/2020 4:00,0.0,0.0
12/14/2020 5:00,0.0,0.0
12/14/2020 6:00,0.0,0.0
12/14/2020 7:00,0.0,0.0
12/14/2020 8:00,0.0,0.0
12/14/2020 9:00,0.06,0.01
12/14/2020 10:00,0.36,0.05
12/14/2020 11:00,0.78,0.11
12/14/2020 12:00,0.76,0.11
12/14/2020 13:00,1.69,0.24
12/14/2020 14:00,1.92,0.27
12/14/2020 15:00,2.25,0.32
12/14/2020 16:00,0.75,0.11
12/14/2020 17:00,0.27,0.04
12/14/2020 18:00,0.0,0.0
12/14/2020 19:00,0.0,0.0
12/14/2020 20:00,0.0,0.0
12/14/2020 21:00,0.0,0.0
12/14/2020 22:00,0.0,0.0
12/14/2020 23:00,0.0,0.0
12/15/2020 0:00,0.0,0.0
12/15/2020 1:00,0.0,0.0
12/15/2020 2:00,0.0,0.0
12/15/2020 3:00,0.0,0.0
12/15/2020 4:00,0.0,0.0
12/15/2020 5:00,0.0,0.0
12/15/2020 6:00,0.0,0.0
12/15/2020 7:00,0.0,0.0
12/15/2020 8:00,0.0,0.0
12/15/2020 9:00,0.1,0.01
12/15/2020 10:00,1.09,0.16
12/15/2020 11:00,2.21,0.32
12/15/2020 12:00,4.0,0.57
12/15/2020 13:00,3.73,0.53
12/15/2020 14:00,2.7,0.39
12/15/2020 15:00,2.87,0.41
12/15/2020 16:00,1.69,0.24
12/15/2020 17:00,0.58,0.08
12/15/2020 18:00,0.0,0.0
12/15/2020 19:00,0.0,0.0
12/15/2020 20:00,0.0,0.0
12/15/2020 21:00,0.0,0.0
12/15/2020 22:00,0.0,0.0
12/15/2020 23:00,0.0,0.0
12/16/2020 0:00,0.0,0.0
12/16/2020 1:00,0.0,0.0
12/16/2020 2:00,0.0,0.0
12/16/2020 3:00,0.0,0.0
12/16/2020 4:00,0.0,0.0
12/16/2020 5:00,0.0,0.0
12/16/2020 6:00,0.0,0.0
12/16/2020 7:00,0.0,0.0
12/16/2020 8:00,0.0,0.0
12/16/2020 9:00,0.03,0.0
12/16/2020 10:00,0.24,0.03
12/16/2020 11:00,0.12,0.02
12/16/2020 12:00,0.49,0.07
12/16/2020 13:00,2.0,0.29
12/16/2020 14:00,1.78,0.25
12/16/2020 15:00,1.02,0.15
12/16/2020 16:00,0.79,0.11
12/16/2020 17:00,0.76,0.11
12/16/2020 18:00,0.0,0.0
12/16/2020 19:00,0.0,0.0
12/16/2020 20:00,0.0,0.0
12/16/2020 21:00,0.0,0.0
12/16/2020 22:00,0.0,0.0
12/16/2020 23:00,0.0,0.0
12/17/2020 0:00,0.0,0.0
12/17/2020 1:00,0.0,0.0
12/17/2020 2:00,0.0,0.0
12/17/2020 3:00,0.0,0.0
12/17/2020 4:00,0.0,0.0
12/17/2020 5:00,0.0,0.0
12/17/2020 6:00,0.0,0.0
12/17/2020 7:00,0.0,0.0
12/17/2020 8:00,0.0,0.0
12/17/2020 9:00,0.1,0.01
12/17/2020 10:00,1.05,0.15
12/17/2020 11:00,3.37,0.48
12/17/2020 12:00,4.19,0.6
12/17/2020 13:00,4.29,0.61
12/17/2020 14:00,4.11,0.59
12/17/2020 15:00,3.2,0.46
12/17/2020 16:00,2.26,0.32
12/17/2020 17:00,0.57,0.08
12/17/2020 18:00,0.0,0.0
12/17/2020 19:00,0.0,0.0
12/17/2020 20:00,0.0,0.0
12/17/2020 21:00,0.0,0.0
12/17/2020 22:00,0.0,0.0
12/17/2020 23:00,0.0,0.0
12/18/2020 0:00,0.0,0.0
12/18/2020 1:00,0.0,0.0
12/18/2020 2:00,0.0,0.0
12/18/2020 3:00,0.0,0.0
12/18/2020 4:00,0.0,0.0
12/18/2020 5:00,0.0,0.0
12/18/2020 6:00,0.0,0.0
12/18/2020 7:00,0.0,0.0
12/18/2020 8:00,0.0,0.0
12/18/2020 9:00,0.23,0.03
12/18/2020 10:00,0.99,0.14
12/18/2020 11:00,2.93,0.42
12/18/2020 12:00,2.49,0.36
12/18/2020 13:00,3.36,0.48
12/18/2020 14:00,2.33,0.33
12/18/2020 15:00,3.07,0.44
12/18/2020 16:00,0.72,0.1
12/18/2020 17:00,0.05,0.01
12/18/2020 18:00,0.0,0.0
12/18/2020 19:00,0.0,0.0
12/18/2020 20:00,0.0,0.0
12/18/2020 21:00,0.0,0.0
12/18/2020 22:00,0.0,0.0
12/18/2020 23:00,0.0,0.0
12/19/2020 0:00,0.0,0.0
12/19/2020 1:00,0.0,0.0
12/19/2020 2:00,0.0,0.0
12/19/2020 3:00,0.0,0.0
12/19/2020 4:00,0.0,0.0
12/19/2020 5:00,0.0,0.0
12/19/2020 6:00,0.0,0.0
12/19/2020 7:00,0.0,0.0
12/19/2020 8:00,0.0,0.0
12/19/2020 9:00,0.05,0.01
12/19/2020 10:00,0.19,0.03
12/19/2020 11:00,0.45,0.06
12/19/2020 12:00,1.11,0.16
12/19/2020 13:00,0.59,0.08
12/19/2020 14:00,0.83,0.12
12/19/2020 15:00,0.99,0.14
12/19/2020 16:00,0.68,0.1
12/19/2020 17:00,0.18,0.03
12/19/2020 18:00,0.0,0.0
12/19/2020 19:00,0.0,0.0
12/19/2020 20:00,0.0,0.0
12/19/2020 21:00,0.0,0.0
12/19/2020 22:00,0.0,0.0
12/19/2020 23:00,0.0,0.0
12/20/2020 0:00,0.0,0.0
12/20/2020 1:00,0.0,0.0
12/20/2020 2:00,0.0,0.0
12/20/2020 3:00,0.0,0.0
12/20/2020 4:00,0.0,0.0
12/20/2020 5:00,0.0,0.0
12/20/2020 6:00,0.0,0.0
12/20/2020 7:00,0.0,0.0
12/20/2020 8:00,0.0,0.0
12/20/2020 9:00,0.1,0.01
12/20/2020 10:00,0.81,0.12
12/20/2020 11:00,2.84,0.41
12/20/2020 12:00,3.76,0.54
12/20/2020 13:00,1.21,0.17
12/20/2020 14:00,0.36,0.05
12/20/2020 15:00,0.36,0.05
12/20/2020 16:00,1.14,0.16
12/20/2020 17:00,0.23,0.03
12/20/2020 18:00,0.0,0.0
12/20/2020 19:00,0.0,0.0
12/20/2020 20:00,0.0,0.0
12/20/2020 21:00,0.0,0.0
12/20/2020 22:00,0.0,0.0
12/20/2020 23:00,0.0,0.0
12/21/2020 0:00,0.0,0.0
12/21/2020 1:00,0.0,0.0
12/21/2020 2:00,0.0,0.0
12/21/2020 3:00,0.0,0.0
12/21/2020 4:00,0.0,0.0
12/21/2020 5:00,0.0,0.0
12/21/2020 6:00,0.0,0.0
12/21/2020 7:00,0.0,0.0
12/21/2020 8:00,0.0,0.0
12/21/2020 9:00,0.13,0.02
12/21/2020 10:00,0.31,0.04
12/21/2020 11:00,0.52,0.07
12/21/2020 12:00,1.42,0.2
12/21/2020 13:00,2.19,0.31
12/21/2020 14:00,3.2,0.46
12/21/2020 15:00,3.3,0.47
12/21/2020 16:00,2.45,0.35
12/21/2020 17:00,0.97,0.14
12/21/2020 18:00,0.0,0.0
12/21/2020 19:00,0.0,0.0
12/21/2020 20:00,0.0,0.0
12/21/2020 21:00,0.0,0.0
12/21/2020 22:00,0.0,0.0
12/21/2020 23:00,0.0,0.0
12/22/2020 0:00,0.0,0.0
12/22/2020 1:00,0.0,0.0
12/22/2020 2:00,0.0,0.0
12/22/2020 3:00,0.0,0.0
12/22/2020 4:00,0.0,0.0
12/22/2020 5:00,0.0,0.0
12/22/2020 6:00,0.0,0.0
12/22/2020 7:00,0.0,0.0
12/22/2020 8:00,0.0,0.0
12/22/2020 9:00,0.06,0.01
12/22/2020 10:00,0.89,0.13
12/22/2020 11:00,3.41,0.49
12/22/2020 12:00,4.19,0.6
12/22/2020 13:00,4.38,0.63
12/22/2020 14:00,4.16,0.59
12/22/2020 15:00,3.53,0.5
12/22/2020 16:00,2.16,0.31
12/22/2020 17:00,0.47,0.07
12/22/2020 18:00,0.0,0.0
12/22/2020 19:00,0.0,0.0
12/22/2020 20:00,0.0,0.0
12/22/2020 21:00,0.0,0.0
12/22/2020 22:00,0.0,0.0
12/22/2020 23:00,0.0,0.0
12/23/2020 0:00,0.0,0.0
12/23/2020 1:00,0.0,0.0
12/23/2020 2:00,0.0,0.0
12/23/2020 3:00,0.0,0.0
12/23/2020 4:00,0.0,0.0
12/23/2020 5:00,0.0,0.0
12/23/2020 6:00,0.0,0.0
12/23/2020 7:00,0.0,0.0
12/23/2020 8:00,0.0,0.0
12/23/2020 9:00,0.14,0.02
12/23/2020 10:00,1.02,0.15
12/23/2020 11:00,2.81,0.4
12/23/2020 12:00,2.95,0.42
12/23/2020 13:00,1.78,0.25
12/23/2020 14:00,1.07,0.15
12/23/2020 15:00,0.36,0.05
12/23/2020 16:00,0.34,0.05
12/23/2020 17:00,0.03,0.0
12/23/2020 18:00,0.0,0.0
12/23/2020 19:00,0.0,0.0
12/23/2020 20:00,0.0,0.0
12/23/2020 21:00,0.0,0.0
12/23/2020 22:00,0.0,0.0
12/23/2020 23:00,0.0,0.0
12/24/2020 0:00,0.0,0.0
12/24/2020 1:00,0.0,0.0
12/24/2020 2:00,0.0,0.0
12/24/2020 3:00,0.0,0.0
12/24/2020 4:00,0.0,0.0
12/24/2020 5:00,0.0,0.0
12/24/2020 6:00,0.0,0.0
12/24/2020 7:00,0.0,0.0
12/24/2020 8:00,0.0,0.0
12/24/2020 9:00,0.25,0.04
12/24/2020 10:00,0.79,0.11
12/24/2020 11:00,2.9,0.41
12/24/2020 12:00,2.79,0.4
12/24/2020 13:00,3.39,0.48
12/24/2020 14:00,3.05,0.44
12/24/2020 15:00,1.9,0.27
12/24/2020 16:00,1.59,0.23
12/24/2020 17:00,0.58,0.08
12/24/2020 18:00,0.01,0.0
12/24/2020 19:00,0.0,0.0
12/24/2020 20:00,0.0,0.0
12/24/2020 21:00,0.0,0.0
12/24/2020 22:00,0.0,0.0
12/24/2020 23:00,0.0,0.0
12/25/2020 0:00,0.0,0.0
12/25/2020 1:00,0.0,0.0
12/25/2020 2:00,0.0,0.0
12/25/2020 3:00,0.0,0.0
12/25/2020 4:00,0.0,0.0
12/25/2020 5:00,0.0,0.0
12/25/2020 6:00,0.0,0.0
12/25/2020 7:00,0.0,0.0
12/25/2020 8:00,0.0,0.0
12/25/2020 9:00,0.18,0.03
12/25/2020 10:00,1.03,0.15
12/25/2020 11:00,3.46,0.49
12/25/2020 12:00,4.45,0.64
12/25/2020 13:00,4.35,0.62
12/25/2020 14:00,4.31,0.62
12/25/2020 15:00,3.11,0.44
12/25/2020 16:00,1.21,0.17
12/25/2020 17:00,0.25,0.04
12/25/2020 18:00,0.0,0.0
12/25/2020 19:00,0.0,0.0
12/25/2020 20:00,0.0,0.0
12/25/2020 21:00,0.0,0.0
12/25/2020 22:00,0.0,0.0
12/25/2020 23:00,0.0,0.0
12/26/2020 0:00,0.0,0.0
12/26/2020 1:00,0.0,0.0
12/26/2020 2:00,0.0,0.0
12/26/2020 3:00,0.0,0.0
12/26/2020 4:00,0.0,0.0
12/26/2020 5:00,0.0,0.0
12/26/2020 6:00,0.0,0.0
12/26/2020 7:00,0.0,0.0
12/26/2020 8:00,0.0,0.0
12/26/2020 9:00,0.05,0.01
12/26/2020 10:00,0.86,0.12
12/26/2020 11:00,3.71,0.53
12/26/2020 12:00,4.66,0.67
12/26/2020 13:00,4.82,0.69
12/26/2020 14:00,4.57,0.65
12/26/2020 15:00,3.9,0.56
12/26/2020 16:00,2.79,0.4
12/26/2020 17:00,1.23,0.18
12/26/2020 18:00,0.0,0.0
12/26/2020 19:00,0.0,0.0
12/26/2020 20:00,0.0,0.0
12/26/2020 21:00,0.0,0.0
12/26/2020 22:00,0.0,0.0
12/26/2020 23:00,0.0,0.0
12/27/2020 0:00,0.0,0.0
12/27/2020 1:00,0.0,0.0
12/27/2020 2:00,0.0,0.0
12/27/2020 3:00,0.0,0.0
12/27/2020 4:00,0.0,0.0
12/27/2020 5:00,0.0,0.0
12/27/2020 6:00,0.0,0.0
12/27/2020 7:00,0.0,0.0
12/27/2020 8:00,0.0,0.0
12/27/2020 9:00,0.06,0.01
12/27/2020 10:00,0.87,0.12
12/27/2020 11:00,3.58,0.51
12/27/2020 12:00,4.41,0.63
12/27/2020 13:00,4.6,0.66
12/27/2020 14:00,4.2,0.6
12/27/2020 15:00,2.8,0.4
12/27/2020 16:00,0.6,0.09
12/27/2020 17:00,0.22,0.03
12/27/2020 18:00,0.01,0.0
12/27/2020 19:00,0.0,0.0
12/27/2020 20:00,0.0,0.0
12/27/2020 21:00,0.0,0.0
12/27/2020 22:00,0.0,0.0
12/27/2020 23:00,0.0,0.0
12/28/2020 0:00,0.0,0.0
12/28/2020 1:00,0.0,0.0
12/28/2020 2:00,0.0,0.0
12/28/2020 3:00,0.0,0.0
12/28/2020 4:00,0.0,0.0
12/28/2020 5:00,0.0,0.0
12/28/2020 6:00,0.0,0.0
12/28/2020 7:00,0.0,0.0
12/28/2020 8:00,0.0,0.0
12/28/2020 9:00,0.16,0.02
12/28/2020 10:00,0.59,0.08
12/28/2020 11:00,2.54,0.36
12/28/2020 12:00,2.52,0.36
12/28/2020 13:00,3.3,0.47
12/28/2020 14:00,2.88,0.41
12/28/2020 15:00,2.8,0.4
12/28/2020 16:00,1.51,0.22
12/28/2020 17:00,0.2,0.03
12/28/2020 18:00,0.01,0.0
12/28/2020 19:00,0.0,0.0
12/28/2020 20:00,0.0,0.0
12/28/2020 21:00,0.0,0.0
12/28/2020 22:00,0.0,0.0
12/28/2020 23:00,0.0,0.0
12/29/2020 0:00,0.0,0.0
12/29/2020 1:00,0.0,0.0
12/29/2020 2:00,0.0,0.0
12/29/2020 3:00,0.0,0.0
12/29/2020 4:00,0.0,0.0
12/29/2020 5:00,0.0,0.0
12/29/2020 6:00,0.0,0.0
12/29/2020 7:00,0.0,0.0
12/29/2020 8:00,0.0,0.0
12/29/2020 9:00,0.11,0.02
12/29/2020 10:00,0.71,0.1
12/29/2020 11:00,2.46,0.35
12/29/2020 12:00,2.98,0.43
12/29/2020 13:00,2.85,0.41
12/29/2020 14:00,2.96,0.42
12/29/2020 15:00,3.4,0.49
12/29/2020 16:00,1.15,0.16
12/29/2020 17:00,0.84,0.12
12/29/2020 18:00,0.01,0.0
12/29/2020 19:00,0.0,0.0
12/29/2020 20:00,0.0,0.0
12/29/2020 21:00,0.0,0.0
12/29/2020 22:00,0.0,0.0
12/29/2020 23:00,0.0,0.0
12/30/2020 0:00,0.0,0.0
12/30/2020 1:00,0.0,0.0
12/30/2020 2:00,0.0,0.0
12/30/2020 3:00,0.0,0.0
12/30/2020 4:00,0.0,0.0
12/30/2020 5:00,0.0,0.0
12/30/2020 6:00,0.0,0.0
12/30/2020 7:00,0.0,0.0
12/30/2020 8:00,0.0,0.0
12/30/2020 9:00,0.09,0.01
12/30/2020 10:00,1.03,0.15
12/30/2020 11:00,2.91,0.42
12/30/2020 12:00,4.28,0.61
12/30/2020 13:00,4.36,0.62
12/30/2020 14:00,2.26,0.32
12/30/2020 15:00,1.12,0.16
12/30/2020 16:00,2.55,0.36
12/30/2020 17:00,0.56,0.08
12/30/2020 18:00,0.01,0.0
12/30/2020 19:00,0.0,0.0
12/30/2020 20:00,0.0,0.0
12/30/2020 21:00,0.0,0.0
12/30/2020 22:00,0.0,0.0
12/30/2020 23:00,0.0,0.0
12/31/2020 0:00,0.0,0.0
12/31/2020 1:00,0.0,0.0
12/31/2020 2:00,0.0,0.0
12/31/2020 3:00,0.0,0.0
12/31/2020 4:00,0.0,0.0
12/31/2020 5:00,0.0,0.0
12/31/2020 6:00,0.0,0.0
12/31/2020 7:00,0.0,0.0
12/31/2020 8:00,0.0,0.0
12/31/2020 9:00,0.12,0.02
12/31/2020 10:00,0.75,0.11
12/31/2020 11:00,2.05,0.29
12/31/2020 12:00,2.76,0.39
12/31/2020 13:00,1.9,0.27
12/31/2020 14:00,4.09,0.58
12/31/2020 15:00,3.21,0.46
12/31/2020 16:00,1.83,0.26
12/31/2020 17:00,0.29,0.04
12/31/2020 18:00,0.0,0.0
12/31/2020 19:00,0.0,0.0
12/31/2020 20:00,0.0,0.0
12/31/2020 21:00,0.0,0.0
12/31/2020 22:00,0.0,0.0
12/31/2020 23:00,0.0,0.0
1/1/2021 0:00,0.0,0.0
1/1/2021 1:00,0.0,0.0
1/1/2021 2:00,0.0,0.0
1/1/2021 3:00,0.0,0.0
1/1/2021 4:00,0.0,0.0
1/1/2021 5:00,0.0,0.0
1/1/2021 6:00,0.0,0.0
1/1/2021 7:00,0.0,0.0
1/1/2021 8:00,0.0,0.0
1/1/2021 9:00,0.1,0.01
1/1/2021 10:00,0.91,0.13
1/1/2021 11:00,2.2,0.31
1/1/2021 12:00,4.28,0.61
1/1/2021 13:00,1.5,0.21
1/1/2021 14:00,1.94,0.28
1/1/2021 15:00,2.43,0.35
1/1/2021 16:00,2.41,0.34
1/1/2021 17:00,0.67,0.1
1/1/2021 18:00,0.01,0.0
1/1/2021 19:00,0.0,0.0
1/1/2021 20:00,0.0,0.0
1/1/2021 21:00,0.0,0.0
1/1/2021 22:00,0.0,0.0
1/1/2021 23:00,0.0,0.0
1/2/2021 0:00,0.0,0.0
1/2/2021 1:00,0.0,0.0
1/2/2021 2:00,0.0,0.0
1/2/2021 3:00,0.0,0.0
1/2/2021 4:00,0.0,0.0
1/2/2021 5:00,0.0,0.0
1/2/2021 6:00,0.0,0.0
1/2/2021 7:00,0.0,0.0
1/2/2021 8:00,0.0,0.0
1/2/2021 9:00,0.1,0.01
1/2/2021 10:00,0.92,0.13
1/2/2021 11:00,2.21,0.32
1/2/2021 12:00,4.24,0.61
1/2/2021 13:00,1.64,0.23
1/2/2021 14:00,3.06,0.44
1/2/2021 15:00,2.61,0.37
1/2/2021 16:00,2.87,0.41
1/2/2021 17:00,0.94,0.13
1/2/2021 18:00,0.02,0.0
1/2/2021 19:00,0.0,0.0
1/2/2021 20:00,0.0,0.0
1/2/2021 21:00,0.0,0.0
1/2/2021 22:00,0.0,0.0
1/2/2021 23:00,0.0,0.0
1/3/2021 0:00,0.0,0.0
1/3/2021 1:00,0.0,0.0
1/3/2021 2:00,0.0,0.0
1/3/2021 3:00,0.0,0.0
1/3/2021 4:00,0.0,0.0
1/3/2021 5:00,0.0,0.0
1/3/2021 6:00,0.0,0.0
1/3/2021 7:00,0.0,0.0
1/3/2021 8:00,0.0,0.0
1/3/2021 9:00,0.06,0.01
1/3/2021 10:00,0.86,0.12
1/3/2021 11:00,3.48,0.5
1/3/2021 12:00,4.43,0.63
1/3/2021 13:00,4.59,0.66
1/3/2021 14:00,3.49,0.5
1/3/2021 15:00,1.91,0.27
1/3/2021 16:00,0.85,0.12
1/3/2021 17:00,1.38,0.2
1/3/2021 18:00,0.01,0.0
1/3/2021 19:00,0.0,0.0
1/3/2021 20:00,0.0,0.0
1/3/2021 21:00,0.0,0.0
1/3/2021 22:00,0.0,0.0
1/3/2021 23:00,0.0,0.0
1/4/2021 0:00,0.0,0.0
1/4/2021 1:00,0.0,0.0
1/4/2021 2:00,0.0,0.0
1/4/2021 3:00,0.0,0.0
1/4/2021 4:00,0.0,0.0
1/4/2021 5:00,0.0,0.0
1/4/2021 6:00,0.0,0.0
1/4/2021 7:00,0.0,0.0
1/4/2021 8:00,0.0,0.0
1/4/2021 9:00,0.17,0.02
1/4/2021 10:00,0.74,0.11
1/4/2021 11:00,1.5,0.21
1/4/2021 12:00,2.48,0.35
1/4/2021 13:00,2.75,0.39
1/4/2021 14:00,3.17,0.45
1/4/2021 15:00,1.27,0.18
1/4/2021 16:00,1.81,0.26
1/4/2021 17:00,0.16,0.02
1/4/2021 18:00,0.01,0.0
1/4/2021 19:00,0.0,0.0
1/4/2021 20:00,0.0,0.0
1/4/2021 21:00,0.0,0.0
1/4/2021 22:00,0.0,0.0
1/4/2021 23:00,0.0,0.0
1/5/2021 0:00,0.0,0.0
1/5/2021 1:00,0.0,0.0
1/5/2021 2:00,0.0,0.0
1/5/2021 3:00,0.0,0.0
1/5/2021 4:00,0.0,0.0
1/5/2021 5:00,0.0,0.0
1/5/2021 6:00,0.0,0.0
1/5/2021 7:00,0.0,0.0
1/5/2021 8:00,0.0,0.0
1/5/2021 9:00,0.06,0.01
1/5/2021 10:00,0.86,0.12
1/5/2021 11:00,3.3,0.47
1/5/2021 12:00,4.48,0.64
1/5/2021 13:00,4.67,0.67
1/5/2021 14:00,4.48,0.64
1/5/2021 15:00,3.9,0.56
1/5/2021 16:00,2.81,0.4
1/5/2021 17:00,1.34,0.19
1/5/2021 18:00,0.05,0.01
1/5/2021 19:00,0.0,0.0
1/5/2021 20:00,0.0,0.0
1/5/2021 21:00,0.0,0.0
1/5/2021 22:00,0.0,0.0
1/5/2021 23:00,0.0,0.0
1/6/2021 0:00,0.0,0.0
1/6/2021 1:00,0.0,0.0
1/6/2021 2:00,0.0,0.0
1/6/2021 3:00,0.0,0.0
1/6/2021 4:00,0.0,0.0
1/6/2021 5:00,0.0,0.0
1/6/2021 6:00,0.0,0.0
1/6/2021 7:00,0.0,0.0
1/6/2021 8:00,0.0,0.0
1/6/2021 9:00,0.25,0.04
1/6/2021 10:00,1.02,0.15
1/6/2021 11:00,2.23,0.32
1/6/2021 12:00,2.66,0.38
1/6/2021 13:00,2.94,0.42
1/6/2021 14:00,1.84,0.26
1/6/2021 15:00,1.53,0.22
1/6/2021 16:00,0.6,0.09
1/6/2021 17:00,0.2,0.03
1/6/2021 18:00,0.0,0.0
1/6/2021 19:00,0.0,0.0
1/6/2021 20:00,0.0,0.0
1/6/2021 21:00,0.0,0.0
1/6/2021 22:00,0.0,0.0
1/6/2021 23:00,0.0,0.0
1/7/2021 0:00,0.0,0.0
1/7/2021 1:00,0.0,0.0
1/7/2021 2:00,0.0,0.0
1/7/2021 3:00,0.0,0.0
1/7/2021 4:00,0.0,0.0
1/7/2021 5:00,0.0,0.0
1/7/2021 6:00,0.0,0.0
1/7/2021 7:00,0.0,0.0
1/7/2021 8:00,0.0,0.0
1/7/2021 9:00,0.14,0.02
1/7/2021 10:00,0.71,0.1
1/7/2021 11:00,1.31,0.19
1/7/2021 12:00,2.39,0.34
1/7/2021 13:00,3.38,0.48
1/7/2021 14:00,4.57,0.65
1/7/2021 15:00,3.44,0.49
1/7/2021 16:00,1.41,0.2
1/7/2021 17:00,0.64,0.09
1/7/2021 18:00,0.04,0.01
1/7/2021 19:00,0.0,0.0
1/7/2021 20:00,0.0,0.0
1/7/2021 21:00,0.0,0.0
1/7/2021 22:00,0.0,0.0
1/7/2021 23:00,0.0,0.0
1/8/2021 0:00,0.0,0.0
1/8/2021 1:00,0.0,0.0
1/8/2021 2:00,0.0,0.0
1/8/2021 3:00,0.0,0.0
1/8/2021 4:00,0.0,0.0
1/8/2021 5:00,0.0,0.0
1/8/2021 6:00,0.0,0.0
1/8/2021 7:00,0.0,0.0
1/8/2021 8:00,0.0,0.0
1/8/2021 9:00,0.11,0.02
1/8/2021 10:00,0.97,0.14
1/8/2021 11:00,1.15,0.16
1/8/2021 12:00,2.35,0.34
1/8/2021 13:00,2.25,0.32
1/8/2021 14:00,1.82,0.26
1/8/2021 15:00,2.04,0.29
1/8/2021 16:00,2.57,0.37
1/8/2021 17:00,0.72,0.1
1/8/2021 18:00,0.03,0.0
1/8/2021 19:00,0.0,0.0
1/8/2021 20:00,0.0,0.0
1/8/2021 21:00,0.0,0.0
1/8/2021 22:00,0.0,0.0
1/8/2021 23:00,0.0,0.0
1/9/2021 0:00,0.0,0.0
1/9/2021 1:00,0.0,0.0
1/9/2021 2:00,0.0,0.0
1/9/2021 3:00,0.0,0.0
1/9/2021 4:00,0.0,0.0
1/9/2021 5:00,0.0,0.0
1/9/2021 6:00,0.0,0.0
1/9/2021 7:00,0.0,0.0
1/9/2021 8:00,0.0,0.0
1/9/2021 9:00,0.1,0.01
1/9/2021 10:00,0.86,0.12
1/9/2021 11:00,1.98,0.28
1/9/2021 12:00,1.3,0.19
1/9/2021 13:00,1.19,0.17
1/9/2021 14:00,1.68,0.24
1/9/2021 15:00,1.54,0.22
1/9/2021 16:00,0.73,0.1
1/9/2021 17:00,0.38,0.05
1/9/2021 18:00,0.04,0.01
1/9/2021 19:00,0.0,0.0
1/9/2021 20:00,0.0,0.0
1/9/2021 21:00,0.0,0.0
1/9/2021 22:00,0.0,0.0
1/9/2021 23:00,0.0,0.0
1/10/2021 0:00,0.0,0.0
1/10/2021 1:00,0.0,0.0
1/10/2021 2:00,0.0,0.0
1/10/2021 3:00,0.0,0.0
1/10/2021 4:00,0.0,0.0
1/10/2021 5:00,0.0,0.0
1/10/2021 6:00,0.0,0.0
1/10/2021 7:00,0.0,0.0
1/10/2021 8:00,0.0,0.0
1/10/2021 9:00,0.08,0.01
1/10/2021 10:00,0.97,0.14
1/10/2021 11:00,3.54,0.51
1/10/2021 12:00,4.6,0.66
1/10/2021 13:00,4.81,0.69
1/10/2021 14:00,4.64,0.66
1/10/2021 15:00,3.42,0.49
1/10/2021 16:00,3.01,0.43
1/10/2021 17:00,1.51,0.22
1/10/2021 18:00,0.1,0.01
1/10/2021 19:00,0.0,0.0
1/10/2021 20:00,0.0,0.0
1/10/2021 21:00,0.0,0.0
1/10/2021 22:00,0.0,0.0
1/10/2021 23:00,0.0,0.0
1/11/2021 0:00,0.0,0.0
1/11/2021 1:00,0.0,0.0
1/11/2021 2:00,0.0,0.0
1/11/2021 3:00,0.0,0.0
1/11/2021 4:00,0.0,0.0
1/11/2021 5:00,0.0,0.0
1/11/2021 6:00,0.0,0.0
1/11/2021 7:00,0.0,0.0
1/11/2021 8:00,0.0,0.0
1/11/2021 9:00,0.06,0.01
1/11/2021 10:00,1.04,0.15
1/11/2021 11:00,3.6,0.51
1/11/2021 12:00,4.64,0.66
1/11/2021 13:00,4.81,0.69
1/11/2021 14:00,4.6,0.66
1/11/2021 15:00,4.0,0.57
1/11/2021 16:00,2.97,0.42
1/11/2021 17:00,1.49,0.21
1/11/2021 18:00,0.12,0.02
1/11/2021 19:00,0.0,0.0
1/11/2021 20:00,0.0,0.0
1/11/2021 21:00,0.0,0.0
1/11/2021 22:00,0.0,0.0
1/11/2021 23:00,0.0,0.0
1/12/2021 0:00,0.0,0.0
1/12/2021 1:00,0.0,0.0
1/12/2021 2:00,0.0,0.0
1/12/2021 3:00,0.0,0.0
1/12/2021 4:00,0.0,0.0
1/12/2021 5:00,0.0,0.0
1/12/2021 6:00,0.0,0.0
1/12/2021 7:00,0.0,0.0
1/12/2021 8:00,0.0,0.0
1/12/2021 9:00,0.0,0.0
1/12/2021 10:00,0.0,0.0
1/12/2021 11:00,0.0,0.0
1/12/2021 12:00,0.0,0.0
1/12/2021 13:00,0.0,0.0
1/12/2021 14:00,0.0,0.0
1/12/2021 15:00,0.0,0.0
1/12/2021 16:00,0.0,0.0
1/12/2021 17:00,0.0,0.0
1/12/2021 18:00,0.0,0.0
1/12/2021 19:00,0.0,0.0
1/12/2021 20:00,0.0,0.0
1/12/2021 21:00,0.0,0.0
1/12/2021 22:00,0.0,0.0
1/12/2021 23:00,0.0,0.0
1/13/2021 0:00,0.0,0.0
1/13/2021 1:00,0.0,0.0
1/13/2021 2:00,0.0,0.0
1/13/2021 3:00,0.0,0.0
1/13/2021 4:00,0.0,0.0
1/13/2021 5:00,0.0,0.0
1/13/2021 6:00,0.0,0.0
1/13/2021 7:00,0.0,0.0
1/13/2021 8:00,0.0,0.0
1/13/2021 9:00,0.06,0.01
1/13/2021 10:00,1.07,0.15
1/13/2021 11:00,3.48,0.5
1/13/2021 12:00,4.49,0.64
1/13/2021 13:00,4.74,0.68
1/13/2021 14:00,4.54,0.65
1/13/2021 15:00,3.99,0.57
1/13/2021 16:00,2.71,0.39
1/13/2021 17:00,1.4,0.2
1/13/2021 18:00,0.11,0.02
1/13/2021 19:00,0.0,0.0
1/13/2021 20:00,0.0,0.0
1/13/2021 21:00,0.0,0.0
1/13/2021 22:00,0.0,0.0
1/13/2021 23:00,0.0,0.0
1/14/2021 0:00,0.0,0.0
1/14/2021 1:00,0.0,0.0
1/14/2021 2:00,0.0,0.0
1/14/2021 3:00,0.0,0.0
1/14/2021 4:00,0.0,0.0
1/14/2021 5:00,0.0,0.0
1/14/2021 6:00,0.0,0.0
1/14/2021 7:00,0.0,0.0
1/14/2021 8:00,0.0,0.0
1/14/2021 9:00,0.1,0.01
1/14/2021 10:00,1.28,0.18
1/14/2021 11:00,3.4,0.49
1/14/2021 12:00,4.16,0.59
1/14/2021 13:00,4.8,0.69
1/14/2021 14:00,4.63,0.66
1/14/2021 15:00,4.06,0.58
1/14/2021 16:00,3.0,0.43
1/14/2021 17:00,1.48,0.21
1/14/2021 18:00,0.16,0.02
1/14/2021 19:00,0.0,0.0
1/14/2021 20:00,0.0,0.0
1/14/2021 21:00,0.0,0.0
1/14/2021 22:00,0.0,0.0
1/14/2021 23:00,0.0,0.0
1/15/2021 0:00,0.0,0.0
1/15/2021 1:00,0.0,0.0
1/15/2021 2:00,0.0,0.0
1/15/2021 3:00,0.0,0.0
1/15/2021 4:00,0.0,0.0
1/15/2021 5:00,0.0,0.0
1/15/2021 6:00,0.0,0.0
1/15/2021 7:00,0.0,0.0
1/15/2021 8:00,0.0,0.0
1/15/2021 9:00,0.1,0.01
1/15/2021 10:00,1.15,0.16
1/15/2021 11:00,2.81,0.4
1/15/2021 12:00,3.65,0.52
1/15/2021 13:00,4.36,0.62
1/15/2021 14:00,4.34,0.62
1/15/2021 15:00,3.81,0.54
1/15/2021 16:00,2.84,0.41
1/15/2021 17:00,1.44,0.21
1/15/2021 18:00,0.14,0.02
1/15/2021 19:00,0.0,0.0
1/15/2021 20:00,0.0,0.0
1/15/2021 21:00,0.0,0.0
1/15/2021 22:00,0.0,0.0
1/15/2021 23:00,0.0,0.0
1/16/2021 0:00,0.0,0.0
1/16/2021 1:00,0.0,0.0
1/16/2021 2:00,0.0,0.0
1/16/2021 3:00,0.0,0.0
1/16/2021 4:00,0.0,0.0
1/16/2021 5:00,0.0,0.0
1/16/2021 6:00,0.0,0.0
1/16/2021 7:00,0.0,0.0
1/16/2021 8:00,0.0,0.0
1/16/2021 9:00,0.0,0.0
1/16/2021 10:00,0.0,0.0
1/16/2021 11:00,0.0,0.0
1/16/2021 12:00,0.0,0.0
1/16/2021 13:00,0.0,0.0
1/16/2021 14:00,0.0,0.0
1/16/2021 15:00,0.0,0.0
1/16/2021 16:00,0.0,0.0
1/16/2021 17:00,0.0,0.0
1/16/2021 18:00,0.0,0.0
1/16/2021 19:00,0.0,0.0
1/16/2021 20:00,0.0,0.0
1/16/2021 21:00,0.0,0.0
1/16/2021 22:00,0.0,0.0
1/16/2021 23:00,0.0,0.0
1/17/2021 0:00,0.0,0.0
1/17/2021 1:00,0.0,0.0
1/17/2021 2:00,0.0,0.0
1/17/2021 3:00,0.0,0.0
1/17/2021 4:00,0.0,0.0
1/17/2021 5:00,0.0,0.0
1/17/2021 6:00,0.0,0.0
1/17/2021 7:00,0.0,0.0
1/17/2021 8:00,0.0,0.0
1/17/2021 9:00,0.0,0.0
1/17/2021 10:00,0.0,0.0
1/17/2021 11:00,0.0,0.0
1/17/2021 12:00,0.0,0.0
1/17/2021 13:00,0.0,0.0
1/17/2021 14:00,0.0,0.0
1/17/2021 15:00,0.0,0.0
1/17/2021 16:00,0.0,0.0
1/17/2021 17:00,0.0,0.0
1/17/2021 18:00,0.0,0.0
1/17/2021 19:00,0.0,0.0
1/17/2021 20:00,0.0,0.0
1/17/2021 21:00,0.0,0.0
1/17/2021 22:00,0.0,0.0
1/17/2021 23:00,0.0,0.0
1/18/2021 0:00,0.0,0.0
1/18/2021 1:00,0.0,0.0
1/18/2021 2:00,0.0,0.0
1/18/2021 3:00,0.0,0.0
1/18/2021 4:00,0.0,0.0
1/18/2021 5:00,0.0,0.0
1/18/2021 6:00,0.0,0.0
1/18/2021 7:00,0.0,0.0
1/18/2021 8:00,0.0,0.0
1/18/2021 9:00,0.07,0.01
1/18/2021 10:00,1.25,0.18
1/18/2021 11:00,3.57,0.51
1/18/2021 12:00,4.54,0.65
1/18/2021 13:00,4.73,0.68
1/18/2021 14:00,4.5,0.64
1/18/2021 15:00,3.87,0.55
1/18/2021 16:00,2.9,0.41
1/18/2021 17:00,1.53,0.22
1/18/2021 18:00,0.21,0.03
1/18/2021 19:00,0.0,0.0
1/18/2021 20:00,0.0,0.0
1/18/2021 21:00,0.0,0.0
1/18/2021 22:00,0.0,0.0
1/18/2021 23:00,0.0,0.0
1/19/2021 0:00,0.0,0.0
1/19/2021 1:00,0.0,0.0
1/19/2021 2:00,0.0,0.0
1/19/2021 3:00,0.0,0.0
1/19/2021 4:00,0.0,0.0
1/19/2021 5:00,0.0,0.0
1/19/2021 6:00,0.0,0.0
1/19/2021 7:00,0.0,0.0
1/19/2021 8:00,0.0,0.0
1/19/2021 9:00,0.06,0.01
1/19/2021 10:00,0.2,0.03
1/19/2021 11:00,0.27,0.04
1/19/2021 12:00,1.01,0.14
1/19/2021 13:00,0.94,0.13
1/19/2021 14:00,0.5,0.07
1/19/2021 15:00,0.52,0.07
1/19/2021 16:00,0.41,0.06
1/19/2021 17:00,0.18,0.03
1/19/2021 18:00,0.0,0.0
1/19/2021 19:00,0.0,0.0
1/19/2021 20:00,0.0,0.0
1/19/2021 21:00,0.0,0.0
1/19/2021 22:00,0.0,0.0
1/19/2021 23:00,0.0,0.0
1/20/2021 0:00,0.0,0.0
1/20/2021 1:00,0.0,0.0
1/20/2021 2:00,0.0,0.0
1/20/2021 3:00,0.0,0.0
1/20/2021 4:00,0.0,0.0
1/20/2021 5:00,0.0,0.0
1/20/2021 6:00,0.0,0.0
1/20/2021 7:00,0.0,0.0
1/20/2021 8:00,0.0,0.0
1/20/2021 9:00,0.14,0.02
1/20/2021 10:00,0.74,0.11
1/20/2021 11:00,0.91,0.13
1/20/2021 12:00,1.77,0.25
1/20/2021 13:00,1.37,0.2
1/20/2021 14:00,1.05,0.15
1/20/2021 15:00,1.35,0.19
1/20/2021 16:00,1.1,0.16
1/20/2021 17:00,0.42,0.06
1/20/2021 18:00,0.03,0.0
1/20/2021 19:00,0.0,0.0
1/20/2021 20:00,0.0,0.0
1/20/2021 21:00,0.0,0.0
1/20/2021 22:00,0.0,0.0
1/20/2021 23:00,0.0,0.0
1/21/2021 0:00,0.0,0.0
1/21/2021 1:00,0.0,0.0
1/21/2021 2:00,0.0,0.0
1/21/2021 3:00,0.0,0.0
1/21/2021 4:00,0.0,0.0
1/21/2021 5:00,0.0,0.0
1/21/2021 6:00,0.0,0.0
1/21/2021 7:00,0.0,0.0
1/21/2021 8:00,0.0,0.0
1/21/2021 9:00,0.19,0.03
1/21/2021 10:00,0.66,0.09
1/21/2021 11:00,1.29,0.18
1/21/2021 12:00,1.57,0.22
1/21/2021 13:00,0.91,0.13
1/21/2021 14:00,0.29,0.04
1/21/2021 15:00,0.3,0.04
1/21/2021 16:00,0.22,0.03
1/21/2021 17:00,0.03,0.0
1/21/2021 18:00,0.0,0.0
1/21/2021 19:00,0.0,0.0
1/21/2021 20:00,0.0,0.0
1/21/2021 21:00,0.0,0.0
1/21/2021 22:00,0.0,0.0
1/21/2021 23:00,0.0,0.0
1/22/2021 0:00,0.0,0.0
1/22/2021 1:00,0.0,0.0
1/22/2021 2:00,0.0,0.0
1/22/2021 3:00,0.0,0.0
1/22/2021 4:00,0.0,0.0
1/22/2021 5:00,0.0,0.0
1/22/2021 6:00,0.0,0.0
1/22/2021 7:00,0.0,0.0
1/22/2021 8:00,0.0,0.0
1/22/2021 9:00,0.23,0.03
1/22/2021 10:00,1.21,0.17
1/22/2021 11:00,2.99,0.43
1/22/2021 12:00,2.93,0.42
1/22/2021 13:00,3.93,0.56
1/22/2021 14:00,3.87,0.55
1/22/2021 15:00,1.76,0.25
1/22/2021 16:00,0.93,0.13
1/22/2021 17:00,0.78,0.11
1/22/2021 18:00,0.07,0.01
1/22/2021 19:00,0.0,0.0
1/22/2021 20:00,0.0,0.0
1/22/2021 21:00,0.0,0.0
1/22/2021 22:00,0.0,0.0
1/22/2021 23:00,0.0,0.0
1/23/2021 0:00,0.0,0.0
1/23/2021 1:00,0.0,0.0
1/23/2021 2:00,0.0,0.0
1/23/2021 3:00,0.0,0.0
1/23/2021 4:00,0.0,0.0
1/23/2021 5:00,0.0,0.0
1/23/2021 6:00,0.0,0.0
1/23/2021 7:00,0.0,0.0
1/23/2021 8:00,0.0,0.0
1/23/2021 9:00,0.2,0.03
1/23/2021 10:00,0.57,0.08
1/23/2021 11:00,0.51,0.07
1/23/2021 12:00,0.35,0.05
1/23/2021 13:00,0.41,0.06
1/23/2021 14:00,0.3,0.04
1/23/2021 15:00,0.63,0.09
1/23/2021 16:00,0.52,0.07
1/23/2021 17:00,0.16,0.02
1/23/2021 18:00,0.0,0.0
1/23/2021 19:00,0.0,0.0
1/23/2021 20:00,0.0,0.0
1/23/2021 21:00,0.0,0.0
1/23/2021 22:00,0.0,0.0
1/23/2021 23:00,0.0,0.0
1/24/2021 0:00,0.0,0.0
1/24/2021 1:00,0.0,0.0
1/24/2021 2:00,0.0,0.0
1/24/2021 3:00,0.0,0.0
1/24/2021 4:00,0.0,0.0
1/24/2021 5:00,0.0,0.0
1/24/2021 6:00,0.0,0.0
1/24/2021 7:00,0.0,0.0
1/24/2021 8:00,0.0,0.0
1/24/2021 9:00,0.34,0.05
1/24/2021 10:00,1.02,0.15
1/24/2021 11:00,1.55,0.22
1/24/2021 12:00,1.79,0.26
1/24/2021 13:00,2.77,0.4
1/24/2021 14:00,2.51,0.36
1/24/2021 15:00,2.01,0.29
1/24/2021 16:00,0.7,0.1
1/24/2021 17:00,0.38,0.05
1/24/2021 18:00,0.03,0.0
1/24/2021 19:00,0.0,0.0
1/24/2021 20:00,0.0,0.0
1/24/2021 21:00,0.0,0.0
1/24/2021 22:00,0.0,0.0
1/24/2021 23:00,0.0,0.0
1/25/2021 0:00,0.0,0.0
1/25/2021 1:00,0.0,0.0
1/25/2021 2:00,0.0,0.0
1/25/2021 3:00,0.0,0.0
1/25/2021 4:00,0.0,0.0
1/25/2021 5:00,0.0,0.0
1/25/2021 6:00,0.0,0.0
1/25/2021 7:00,0.0,0.0
1/25/2021 8:00,0.0,0.0
1/25/2021 9:00,0.17,0.02
1/25/2021 10:00,0.94,0.13
1/25/2021 11:00,0.81,0.12
1/25/2021 12:00,1.54,0.22
1/25/2021 13:00,1.51,0.22
1/25/2021 14:00,1.04,0.15
1/25/2021 15:00,0.83,0.12
1/25/2021 16:00,0.38,0.05
1/25/2021 17:00,0.15,0.02
1/25/2021 18:00,0.0,0.0
1/25/2021 19:00,0.0,0.0
1/25/2021 20:00,0.0,0.0
1/25/2021 21:00,0.0,0.0
1/25/2021 22:00,0.0,0.0
1/25/2021 23:00,0.0,0.0
1/26/2021 0:00,0.0,0.0
1/26/2021 1:00,0.0,0.0
1/26/2021 2:00,0.0,0.0
1/26/2021 3:00,0.0,0.0
1/26/2021 4:00,0.0,0.0
1/26/2021 5:00,0.0,0.0
1/26/2021 6:00,0.0,0.0
1/26/2021 7:00,0.0,0.0
1/26/2021 8:00,0.0,0.0
1/26/2021 9:00,0.03,0.0
1/26/2021 10:00,0.19,0.03
1/26/2021 11:00,0.55,0.08
1/26/2021 12:00,0.86,0.12
1/26/2021 13:00,0.86,0.12
1/26/2021 14:00,0.81,0.12
1/26/2021 15:00,0.66,0.09
1/26/2021 16:00,0.41,0.06
1/26/2021 17:00,0.1,0.01
1/26/2021 18:00,0.0,0.0
1/26/2021 19:00,0.0,0.0
1/26/2021 20:00,0.0,0.0
1/26/2021 21:00,0.0,0.0
1/26/2021 22:00,0.0,0.0
1/26/2021 23:00,0.0,0.0
1/27/2021 0:00,0.0,0.0
1/27/2021 1:00,0.0,0.0
1/27/2021 2:00,0.0,0.0
1/27/2021 3:00,0.0,0.0
1/27/2021 4:00,0.0,0.0
1/27/2021 5:00,0.0,0.0
1/27/2021 6:00,0.0,0.0
1/27/2021 7:00,0.0,0.0
1/27/2021 8:00,0.0,0.0
1/27/2021 9:00,0.13,0.02
1/27/2021 10:00,0.32,0.05
1/27/2021 11:00,0.55,0.08
1/27/2021 12:00,0.71,0.1
1/27/2021 13:00,0.61,0.09
1/27/2021 14:00,0.5,0.07
1/27/2021 15:00,0.44,0.06
1/27/2021 16:00,0.33,0.05
1/27/2021 17:00,0.15,0.02
1/27/2021 18:00,0.01,0.0
1/27/2021 19:00,0.0,0.0
1/27/2021 20:00,0.0,0.0
1/27/2021 21:00,0.0,0.0
1/27/2021 22:00,0.0,0.0
1/27/2021 23:00,0.0,0.0
1/28/2021 0:00,0.0,0.0
1/28/2021 1:00,0.0,0.0
1/28/2021 2:00,0.0,0.0
1/28/2021 3:00,0.0,0.0
1/28/2021 4:00,0.0,0.0
1/28/2021 5:00,0.0,0.0
1/28/2021 6:00,0.0,0.0
1/28/2021 7:00,0.0,0.0
1/28/2021 8:00,0.0,0.0
1/28/2021 9:00,0.2,0.03
1/28/2021 10:00,0.46,0.07
1/28/2021 11:00,0.6,0.09
1/28/2021 12:00,0.68,0.1
1/28/2021 13:00,0.74,0.11
1/28/2021 14:00,0.74,0.11
1/28/2021 15:00,0.7,0.1
1/28/2021 16:00,0.53,0.08
1/28/2021 17:00,0.29,0.04
1/28/2021 18:00,0.05,0.01
1/28/2021 19:00,0.0,0.0
1/28/2021 20:00,0.0,0.0
1/28/2021 21:00,0.0,0.0
1/28/2021 22:00,0.0,0.0
1/28/2021 23:00,0.0,0.0
1/29/2021 0:00,0.0,0.0
1/29/2021 1:00,0.0,0.0
1/29/2021 2:00,0.0,0.0
1/29/2021 3:00,0.0,0.0
1/29/2021 4:00,0.0,0.0
1/29/2021 5:00,0.0,0.0
1/29/2021 6:00,0.0,0.0
1/29/2021 7:00,0.0,0.0
1/29/2021 8:00,0.0,0.0
1/29/2021 9:00,0.04,0.01
1/29/2021 10:00,0.27,0.04
1/29/2021 11:00,0.58,0.08
1/29/2021 12:00,0.74,0.11
1/29/2021 13:00,0.83,0.12
1/29/2021 14:00,1.21,0.17
1/29/2021 15:00,0.89,0.13
1/29/2021 16:00,0.42,0.06
1/29/2021 17:00,0.13,0.02
1/29/2021 18:00,0.0,0.0
1/29/2021 19:00,0.0,0.0
1/29/2021 20:00,0.0,0.0
1/29/2021 21:00,0.0,0.0
1/29/2021 22:00,0.0,0.0
1/29/2021 23:00,0.0,0.0
1/30/2021 0:00,0.0,0.0
1/30/2021 1:00,0.0,0.0
1/30/2021 2:00,0.0,0.0
1/30/2021 3:00,0.0,0.0
1/30/2021 4:00,0.0,0.0
1/30/2021 5:00,0.0,0.0
1/30/2021 6:00,0.0,0.0
1/30/2021 7:00,0.0,0.0
1/30/2021 8:00,0.0,0.0
1/30/2021 9:00,0.27,0.04
1/30/2021 10:00,1.27,0.18
1/30/2021 11:00,2.31,0.33
1/30/2021 12:00,3.64,0.52
1/30/2021 13:00,2.37,0.34
1/30/2021 14:00,2.3,0.33
1/30/2021 15:00,3.15,0.45
1/30/2021 16:00,2.32,0.33
1/30/2021 17:00,0.76,0.11
1/30/2021 18:00,0.11,0.02
1/30/2021 19:00,0.0,0.0
1/30/2021 20:00,0.0,0.0
1/30/2021 21:00,0.0,0.0
1/30/2021 22:00,0.0,0.0
1/30/2021 23:00,0.0,0.0
1/31/2021 0:00,0.0,0.0
1/31/2021 1:00,0.0,0.0
1/31/2021 2:00,0.0,0.0
1/31/2021 3:00,0.0,0.0
1/31/2021 4:00,0.0,0.0
1/31/2021 5:00,0.0,0.0
1/31/2021 6:00,0.0,0.0
1/31/2021 7:00,0.0,0.0
1/31/2021 8:00,0.0,0.0
1/31/2021 9:00,0.06,0.01
1/31/2021 10:00,0.26,0.04
1/31/2021 11:00,0.4,0.06
1/31/2021 12:00,0.86,0.12
1/31/2021 13:00,1.23,0.18
1/31/2021 14:00,0.52,0.07
1/31/2021 15:00,0.63,0.09
1/31/2021 16:00,0.23,0.03
1/31/2021 17:00,0.06,0.01
1/31/2021 18:00,0.0,0.0
1/31/2021 19:00,0.0,0.0
1/31/2021 20:00,0.0,0.0
1/31/2021 21:00,0.0,0.0
1/31/2021 22:00,0.0,0.0
1/31/2021 23:00,0.0,0.0
2/1/2021 0:00,0.0,0.0
2/1/2021 1:00,0.0,0.0
2/1/2021 2:00,0.0,0.0
2/1/2021 3:00,0.0,0.0
2/1/2021 4:00,0.0,0.0
2/1/2021 5:00,0.0,0.0
2/1/2021 6:00,0.0,0.0
2/1/2021 7:00,0.0,0.0
2/1/2021 8:00,0.0,0.0
2/1/2021 9:00,0.1,0.01
2/1/2021 10:00,0.38,0.05
2/1/2021 11:00,0.69,0.1
2/1/2021 12:00,1.34,0.19
2/1/2021 13:00,1.61,0.23
2/1/2021 14:00,1.1,0.16
2/1/2021 15:00,1.24,0.18
2/1/2021 16:00,1.03,0.15
2/1/2021 17:00,0.44,0.06
2/1/2021 18:00,0.05,0.01
2/1/2021 19:00,0.0,0.0
2/1/2021 20:00,0.0,0.0
2/1/2021 21:00,0.0,0.0
2/1/2021 22:00,0.0,0.0
2/1/2021 23:00,0.0,0.0
2/2/2021 0:00,0.0,0.0
2/2/2021 1:00,0.0,0.0
2/2/2021 2:00,0.0,0.0
2/2/2021 3:00,0.0,0.0
2/2/2021 4:00,0.0,0.0
2/2/2021 5:00,0.0,0.0
2/2/2021 6:00,0.0,0.0
2/2/2021 7:00,0.0,0.0
2/2/2021 8:00,0.0,0.0
2/2/2021 9:00,0.08,0.01
2/2/2021 10:00,0.39,0.06
2/2/2021 11:00,0.98,0.14
2/2/2021 12:00,2.05,0.29
2/2/2021 13:00,1.7,0.24
2/2/2021 14:00,2.64,0.38
2/2/2021 15:00,1.85,0.26
2/2/2021 16:00,1.01,0.14
2/2/2021 17:00,0.21,0.03
2/2/2021 18:00,0.04,0.01
2/2/2021 19:00,0.0,0.0
2/2/2021 20:00,0.0,0.0
2/2/2021 21:00,0.0,0.0
2/2/2021 22:00,0.0,0.0
2/2/2021 23:00,0.0,0.0
2/3/2021 0:00,0.0,0.0
2/3/2021 1:00,0.0,0.0
2/3/2021 2:00,0.0,0.0
2/3/2021 3:00,0.0,0.0
2/3/2021 4:00,0.0,0.0
2/3/2021 5:00,0.0,0.0
2/3/2021 6:00,0.0,0.0
2/3/2021 7:00,0.0,0.0
2/3/2021 8:00,0.0,0.0
2/3/2021 9:00,0.22,0.03
2/3/2021 10:00,0.4,0.06
2/3/2021 11:00,0.86,0.12
2/3/2021 12:00,1.1,0.16
2/3/2021 13:00,2.47,0.35
2/3/2021 14:00,3.22,0.46
2/3/2021 15:00,1.87,0.27
2/3/2021 16:00,1.27,0.18
2/3/2021 17:00,0.83,0.12
2/3/2021 18:00,0.13,0.02
2/3/2021 19:00,0.0,0.0
2/3/2021 20:00,0.0,0.0
2/3/2021 21:00,0.0,0.0
2/3/2021 22:00,0.0,0.0
2/3/2021 23:00,0.0,0.0
2/4/2021 0:00,0.0,0.0
2/4/2021 1:00,0.0,0.0
2/4/2021 2:00,0.0,0.0
2/4/2021 3:00,0.0,0.0
2/4/2021 4:00,0.0,0.0
2/4/2021 5:00,0.0,0.0
2/4/2021 6:00,0.0,0.0
2/4/2021 7:00,0.0,0.0
2/4/2021 8:00,0.0,0.0
2/4/2021 9:00,0.02,0.0
2/4/2021 10:00,0.23,0.03
2/4/2021 11:00,1.03,0.15
2/4/2021 12:00,1.05,0.15
2/4/2021 13:00,0.64,0.09
2/4/2021 14:00,1.57,0.22
2/4/2021 15:00,1.84,0.26
2/4/2021 16:00,1.0,0.14
2/4/2021 17:00,0.64,0.09
2/4/2021 18:00,0.08,0.01
2/4/2021 19:00,0.0,0.0
2/4/2021 20:00,0.0,0.0
2/4/2021 21:00,0.0,0.0
2/4/2021 22:00,0.0,0.0
2/4/2021 23:00,0.0,0.0
2/5/2021 0:00,0.0,0.0
2/5/2021 1:00,0.0,0.0
2/5/2021 2:00,0.0,0.0
2/5/2021 3:00,0.0,0.0
2/5/2021 4:00,0.0,0.0
2/5/2021 5:00,0.0,0.0
2/5/2021 6:00,0.0,0.0
2/5/2021 7:00,0.0,0.0
2/5/2021 8:00,0.0,0.0
2/5/2021 9:00,0.18,0.03
2/5/2021 10:00,0.62,0.09
2/5/2021 11:00,1.02,0.15
2/5/2021 12:00,1.13,0.16
2/5/2021 13:00,0.94,0.13
2/5/2021 14:00,1.27,0.18
2/5/2021 15:00,0.88,0.13
2/5/2021 16:00,0.29,0.04
2/5/2021 17:00,0.2,0.03
2/5/2021 18:00,0.11,0.02
2/5/2021 19:00,0.0,0.0
2/5/2021 20:00,0.0,0.0
2/5/2021 21:00,0.0,0.0
2/5/2021 22:00,0.0,0.0
2/5/2021 23:00,0.0,0.0
2/6/2021 0:00,0.0,0.0
2/6/2021 1:00,0.0,0.0
2/6/2021 2:00,0.0,0.0
2/6/2021 3:00,0.0,0.0
2/6/2021 4:00,0.0,0.0
2/6/2021 5:00,0.0,0.0
2/6/2021 6:00,0.0,0.0
2/6/2021 7:00,0.0,0.0
2/6/2021 8:00,0.01,0.0
2/6/2021 9:00,0.06,0.01
2/6/2021 10:00,0.34,0.05
2/6/2021 11:00,0.62,0.09
2/6/2021 12:00,0.63,0.09
2/6/2021 13:00,1.49,0.21
2/6/2021 14:00,1.81,0.26
2/6/2021 15:00,1.02,0.15
2/6/2021 16:00,0.4,0.06
2/6/2021 17:00,0.23,0.03
2/6/2021 18:00,0.03,0.0
2/6/2021 19:00,0.0,0.0
2/6/2021 20:00,0.0,0.0
2/6/2021 21:00,0.0,0.0
2/6/2021 22:00,0.0,0.0
2/6/2021 23:00,0.0,0.0
2/7/2021 0:00,0.0,0.0
2/7/2021 1:00,0.0,0.0
2/7/2021 2:00,0.0,0.0
2/7/2021 3:00,0.0,0.0
2/7/2021 4:00,0.0,0.0
2/7/2021 5:00,0.0,0.0
2/7/2021 6:00,0.0,0.0
2/7/2021 7:00,0.0,0.0
2/7/2021 8:00,0.01,0.0
2/7/2021 9:00,0.31,0.04
2/7/2021 10:00,0.66,0.09
2/7/2021 11:00,1.27,0.18
2/7/2021 12:00,0.96,0.14
2/7/2021 13:00,1.46,0.21
2/7/2021 14:00,2.79,0.4
2/7/2021 15:00,1.76,0.25
2/7/2021 16:00,0.84,0.12
2/7/2021 17:00,0.41,0.06
2/7/2021 18:00,0.06,0.01
2/7/2021 19:00,0.0,0.0
2/7/2021 20:00,0.0,0.0
2/7/2021 21:00,0.0,0.0
2/7/2021 22:00,0.0,0.0
2/7/2021 23:00,0.0,0.0
2/8/2021 0:00,0.0,0.0
2/8/2021 1:00,0.0,0.0
2/8/2021 2:00,0.0,0.0
2/8/2021 3:00,0.0,0.0
2/8/2021 4:00,0.0,0.0
2/8/2021 5:00,0.0,0.0
2/8/2021 6:00,0.0,0.0
2/8/2021 7:00,0.0,0.0
2/8/2021 8:00,0.01,0.0
2/8/2021 9:00,0.49,0.07
2/8/2021 10:00,1.96,0.28
2/8/2021 11:00,2.3,0.33
2/8/2021 12:00,2.95,0.42
2/8/2021 13:00,2.53,0.36
2/8/2021 14:00,3.27,0.47
2/8/2021 15:00,1.4,0.2
2/8/2021 16:00,1.34,0.19
2/8/2021 17:00,1.31,0.19
2/8/2021 18:00,0.51,0.07
2/8/2021 19:00,0.0,0.0
2/8/2021 20:00,0.0,0.0
2/8/2021 21:00,0.0,0.0
2/8/2021 22:00,0.0,0.0
2/8/2021 23:00,0.0,0.0
2/9/2021 0:00,0.0,0.0
2/9/2021 1:00,0.0,0.0
2/9/2021 2:00,0.0,0.0
2/9/2021 3:00,0.0,0.0
2/9/2021 4:00,0.0,0.0
2/9/2021 5:00,0.0,0.0
2/9/2021 6:00,0.0,0.0
2/9/2021 7:00,0.0,0.0
2/9/2021 8:00,0.0,0.0
2/9/2021 9:00,0.0,0.0
2/9/2021 10:00,0.12,0.02
2/9/2021 11:00,0.5,0.07
2/9/2021 12:00,1.03,0.15
2/9/2021 13:00,1.59,0.23
2/9/2021 14:00,3.13,0.45
2/9/2021 15:00,1.83,0.26
2/9/2021 16:00,1.1,0.16
2/9/2021 17:00,0.77,0.11
2/9/2021 18:00,0.29,0.04
2/9/2021 19:00,0.0,0.0
2/9/2021 20:00,0.0,0.0
2/9/2021 21:00,0.0,0.0
2/9/2021 22:00,0.0,0.0
2/9/2021 23:00,0.0,0.0
2/10/2021 0:00,0.0,0.0
2/10/2021 1:00,0.0,0.0
2/10/2021 2:00,0.0,0.0
2/10/2021 3:00,0.0,0.0
2/10/2021 4:00,0.0,0.0
2/10/2021 5:00,0.0,0.0
2/10/2021 6:00,0.0,0.0
2/10/2021 7:00,0.0,0.0
2/10/2021 8:00,0.01,0.0
2/10/2021 9:00,0.39,0.06
2/10/2021 10:00,0.94,0.13
2/10/2021 11:00,0.97,0.14
2/10/2021 12:00,1.02,0.15
2/10/2021 13:00,0.92,0.13
2/10/2021 14:00,0.57,0.08
2/10/2021 15:00,0.63,0.09
2/10/2021 16:00,0.53,0.08
2/10/2021 17:00,0.22,0.03
2/10/2021 18:00,0.06,0.01
2/10/2021 19:00,0.0,0.0
2/10/2021 20:00,0.0,0.0
2/10/2021 21:00,0.0,0.0
2/10/2021 22:00,0.0,0.0
2/10/2021 23:00,0.0,0.0
2/11/2021 0:00,0.0,0.0
2/11/2021 1:00,0.0,0.0
2/11/2021 2:00,0.0,0.0
2/11/2021 3:00,0.0,0.0
2/11/2021 4:00,0.0,0.0
2/11/2021 5:00,0.0,0.0
2/11/2021 6:00,0.0,0.0
2/11/2021 7:00,0.0,0.0
2/11/2021 8:00,0.0,0.0
2/11/2021 9:00,0.01,0.0
2/11/2021 10:00,0.15,0.02
2/11/2021 11:00,0.19,0.03
2/11/2021 12:00,0.4,0.06
2/11/2021 13:00,0.74,0.11
2/11/2021 14:00,0.6,0.09
2/11/2021 15:00,1.35,0.19
2/11/2021 16:00,0.74,0.11
2/11/2021 17:00,0.33,0.05
2/11/2021 18:00,0.07,0.01
2/11/2021 19:00,0.0,0.0
2/11/2021 20:00,0.0,0.0
2/11/2021 21:00,0.0,0.0
2/11/2021 22:00,0.0,0.0
2/11/2021 23:00,0.0,0.0
2/12/2021 0:00,0.0,0.0
2/12/2021 1:00,0.0,0.0
2/12/2021 2:00,0.0,0.0
2/12/2021 3:00,0.0,0.0
2/12/2021 4:00,0.0,0.0
2/12/2021 5:00,0.0,0.0
2/12/2021 6:00,0.0,0.0
2/12/2021 7:00,0.0,0.0
2/12/2021 8:00,0.02,0.0
2/12/2021 9:00,0.71,0.1
2/12/2021 10:00,2.76,0.39
2/12/2021 11:00,3.57,0.51
2/12/2021 12:00,3.89,0.56
2/12/2021 13:00,0.91,0.13
2/12/2021 14:00,1.95,0.28
2/12/2021 15:00,3.0,0.43
2/12/2021 16:00,3.63,0.52
2/12/2021 17:00,2.07,0.3
2/12/2021 18:00,0.49,0.07
2/12/2021 19:00,0.0,0.0
2/12/2021 20:00,0.0,0.0
2/12/2021 21:00,0.0,0.0
2/12/2021 22:00,0.0,0.0
2/12/2021 23:00,0.0,0.0
2/13/2021 0:00,0.0,0.0
2/13/2021 1:00,0.0,0.0
2/13/2021 2:00,0.0,0.0
2/13/2021 3:00,0.0,0.0
2/13/2021 4:00,0.0,0.0
2/13/2021 5:00,0.0,0.0
2/13/2021 6:00,0.0,0.0
2/13/2021 7:00,0.0,0.0
2/13/2021 8:00,0.04,0.01
2/13/2021 9:00,0.4,0.06
2/13/2021 10:00,2.72,0.39
2/13/2021 11:00,2.82,0.4
2/13/2021 12:00,3.2,0.46
2/13/2021 13:00,4.03,0.58
2/13/2021 14:00,4.37,0.62
2/13/2021 15:00,4.47,0.64
2/13/2021 16:00,3.52,0.5
2/13/2021 17:00,2.11,0.3
2/13/2021 18:00,0.54,0.08
2/13/2021 19:00,0.0,0.0
2/13/2021 20:00,0.0,0.0
2/13/2021 21:00,0.0,0.0
2/13/2021 22:00,0.0,0.0
2/13/2021 23:00,0.0,0.0
2/14/2021 0:00,0.0,0.0
2/14/2021 1:00,0.0,0.0
2/14/2021 2:00,0.0,0.0
2/14/2021 3:00,0.0,0.0
2/14/2021 4:00,0.0,0.0
2/14/2021 5:00,0.0,0.0
2/14/2021 6:00,0.0,0.0
2/14/2021 7:00,0.0,0.0
2/14/2021 8:00,0.04,0.01
2/14/2021 9:00,0.81,0.12
2/14/2021 10:00,3.06,0.44
2/14/2021 11:00,4.33,0.62
2/14/2021 12:00,4.93,0.7
2/14/2021 13:00,5.24,0.75
2/14/2021 14:00,5.14,0.73
2/14/2021 15:00,4.6,0.66
2/14/2021 16:00,3.57,0.51
2/14/2021 17:00,2.25,0.32
2/14/2021 18:00,0.73,0.1
2/14/2021 19:00,0.0,0.0
2/14/2021 20:00,0.0,0.0
2/14/2021 21:00,0.0,0.0
2/14/2021 22:00,0.0,0.0
2/14/2021 23:00,0.0,0.0
2/15/2021 0:00,0.0,0.0
2/15/2021 1:00,0.0,0.0
2/15/2021 2:00,0.0,0.0
2/15/2021 3:00,0.0,0.0
2/15/2021 4:00,0.0,0.0
2/15/2021 5:00,0.0,0.0
2/15/2021 6:00,0.0,0.0
2/15/2021 7:00,0.0,0.0
2/15/2021 8:00,0.0,0.0
2/15/2021 9:00,0.89,0.13
2/15/2021 10:00,3.11,0.44
2/15/2021 11:00,4.35,0.62
2/15/2021 12:00,4.91,0.7
2/15/2021 13:00,5.01,0.72
2/15/2021 14:00,4.98,0.71
2/15/2021 15:00,4.19,0.6
2/15/2021 16:00,3.48,0.5
2/15/2021 17:00,2.11,0.3
2/15/2021 18:00,0.58,0.08
2/15/2021 19:00,0.0,0.0
2/15/2021 20:00,0.0,0.0
2/15/2021 21:00,0.0,0.0
2/15/2021 22:00,0.0,0.0
2/15/2021 23:00,0.0,0.0
2/16/2021 0:00,0.0,0.0
2/16/2021 1:00,0.0,0.0
2/16/2021 2:00,0.0,0.0
2/16/2021 3:00,0.0,0.0
2/16/2021 4:00,0.0,0.0
2/16/2021 5:00,0.0,0.0
2/16/2021 6:00,0.0,0.0
2/16/2021 7:00,0.0,0.0
2/16/2021 8:00,0.0,0.0
2/16/2021 9:00,0.29,0.04
2/16/2021 10:00,0.73,0.1
2/16/2021 11:00,1.0,0.14
2/16/2021 12:00,3.28,0.47
2/16/2021 13:00,4.37,0.62
2/16/2021 14:00,4.44,0.63
2/16/2021 15:00,3.44,0.49
2/16/2021 16:00,1.55,0.22
2/16/2021 17:00,0.88,0.13
2/16/2021 18:00,0.27,0.04
2/16/2021 19:00,0.0,0.0
2/16/2021 20:00,0.0,0.0
2/16/2021 21:00,0.0,0.0
2/16/2021 22:00,0.0,0.0
2/16/2021 23:00,0.0,0.0
2/17/2021 0:00,0.0,0.0
2/17/2021 1:00,0.0,0.0
2/17/2021 2:00,0.0,0.0
2/17/2021 3:00,0.0,0.0
2/17/2021 4:00,0.0,0.0
2/17/2021 5:00,0.0,0.0
2/17/2021 6:00,0.0,0.0
2/17/2021 7:00,0.0,0.0
2/17/2021 8:00,0.03,0.0
2/17/2021 9:00,0.46,0.07
2/17/2021 10:00,1.2,0.17
2/17/2021 11:00,1.02,0.15
2/17/2021 12:00,1.01,0.14
2/17/2021 13:00,1.96,0.28
2/17/2021 14:00,3.03,0.43
2/17/2021 15:00,3.32,0.47
2/17/2021 16:00,2.71,0.39
2/17/2021 17:00,0.59,0.08
2/17/2021 18:00,0.18,0.03
2/17/2021 19:00,0.0,0.0
2/17/2021 20:00,0.0,0.0
2/17/2021 21:00,0.0,0.0
2/17/2021 22:00,0.0,0.0
2/17/2021 23:00,0.0,0.0
2/18/2021 0:00,0.0,0.0
2/18/2021 1:00,0.0,0.0
2/18/2021 2:00,0.0,0.0
2/18/2021 3:00,0.0,0.0
2/18/2021 4:00,0.0,0.0
2/18/2021 5:00,0.0,0.0
2/18/2021 6:00,0.0,0.0
2/18/2021 7:00,0.0,0.0
2/18/2021 8:00,0.01,0.0
2/18/2021 9:00,0.28,0.04
2/18/2021 10:00,0.58,0.08
2/18/2021 11:00,1.14,0.16
2/18/2021 12:00,1.42,0.2
2/18/2021 13:00,1.08,0.15
2/18/2021 14:00,2.53,0.36
2/18/2021 15:00,1.87,0.27
2/18/2021 16:00,2.16,0.31
2/18/2021 17:00,0.69,0.1
2/18/2021 18:00,0.07,0.01
2/18/2021 19:00,0.0,0.0
2/18/2021 20:00,0.0,0.0
2/18/2021 21:00,0.0,0.0
2/18/2021 22:00,0.0,0.0
2/18/2021 23:00,0.0,0.0
2/19/2021 0:00,0.0,0.0
2/19/2021 1:00,0.0,0.0
2/19/2021 2:00,0.0,0.0
2/19/2021 3:00,0.0,0.0
2/19/2021 4:00,0.0,0.0
2/19/2021 5:00,0.0,0.0
2/19/2021 6:00,0.0,0.0
2/19/2021 7:00,0.0,0.0
2/19/2021 8:00,0.0,0.0
2/19/2021 9:00,0.16,0.02
2/19/2021 10:00,0.12,0.02
2/19/2021 11:00,0.31,0.04
2/19/2021 12:00,0.45,0.06
2/19/2021 13:00,0.42,0.06
2/19/2021 14:00,0.54,0.08
2/19/2021 15:00,0.73,0.1
2/19/2021 16:00,0.98,0.14
2/19/2021 17:00,0.29,0.04
2/19/2021 18:00,0.18,0.03
2/19/2021 19:00,0.0,0.0
2/19/2021 20:00,0.0,0.0
2/19/2021 21:00,0.0,0.0
2/19/2021 22:00,0.0,0.0
2/19/2021 23:00,0.0,0.0
2/20/2021 0:00,0.0,0.0
2/20/2021 1:00,0.0,0.0
2/20/2021 2:00,0.0,0.0
2/20/2021 3:00,0.0,0.0
2/20/2021 4:00,0.0,0.0
2/20/2021 5:00,0.0,0.0
2/20/2021 6:00,0.0,0.0
2/20/2021 7:00,0.0,0.0
2/20/2021 8:00,0.0,0.0
2/20/2021 9:00,0.02,0.0
2/20/2021 10:00,0.01,0.0
2/20/2021 11:00,0.1,0.01
2/20/2021 12:00,0.02,0.0
2/20/2021 13:00,0.0,0.0
2/20/2021 14:00,0.01,0.0
2/20/2021 15:00,0.03,0.0
2/20/2021 16:00,0.1,0.01
2/20/2021 17:00,0.19,0.03
2/20/2021 18:00,0.05,0.01
2/20/2021 19:00,0.0,0.0
2/20/2021 20:00,0.0,0.0
2/20/2021 21:00,0.0,0.0
2/20/2021 22:00,0.0,0.0
2/20/2021 23:00,0.0,0.0
2/21/2021 0:00,0.0,0.0
2/21/2021 1:00,0.0,0.0
2/21/2021 2:00,0.0,0.0
2/21/2021 3:00,0.0,0.0
2/21/2021 4:00,0.0,0.0
2/21/2021 5:00,0.0,0.0
2/21/2021 6:00,0.0,0.0
2/21/2021 7:00,0.0,0.0
2/21/2021 8:00,0.03,0.0
2/21/2021 9:00,0.54,0.08
2/21/2021 10:00,1.74,0.25
2/21/2021 11:00,3.19,0.46
2/21/2021 12:00,1.59,0.23
2/21/2021 13:00,1.91,0.27
2/21/2021 14:00,3.2,0.46
2/21/2021 15:00,3.45,0.49
2/21/2021 16:00,3.8,0.54
2/21/2021 17:00,1.31,0.19
2/21/2021 18:00,0.87,0.12
2/21/2021 19:00,0.01,0.0
2/21/2021 20:00,0.0,0.0
2/21/2021 21:00,0.0,0.0
2/21/2021 22:00,0.0,0.0
2/21/2021 23:00,0.0,0.0
2/22/2021 0:00,0.0,0.0
2/22/2021 1:00,0.0,0.0
2/22/2021 2:00,0.0,0.0
2/22/2021 3:00,0.0,0.0
2/22/2021 4:00,0.0,0.0
2/22/2021 5:00,0.0,0.0
2/22/2021 6:00,0.0,0.0
2/22/2021 7:00,0.0,0.0
2/22/2021 8:00,0.03,0.0
2/22/2021 9:00,1.55,0.22
2/22/2021 10:00,3.0,0.43
2/22/2021 11:00,4.46,0.64
2/22/2021 12:00,4.99,0.71
2/22/2021 13:00,4.32,0.62
2/22/2021 14:00,4.54,0.65
2/22/2021 15:00,4.71,0.67
2/22/2021 16:00,3.56,0.51
2/22/2021 17:00,2.13,0.3
2/22/2021 18:00,0.26,0.04
2/22/2021 19:00,0.0,0.0
2/22/2021 20:00,0.0,0.0
2/22/2021 21:00,0.0,0.0
2/22/2021 22:00,0.0,0.0
2/22/2021 23:00,0.0,0.0
2/23/2021 0:00,0.0,0.0
2/23/2021 1:00,0.0,0.0
2/23/2021 2:00,0.0,0.0
2/23/2021 3:00,0.0,0.0
2/23/2021 4:00,0.0,0.0
2/23/2021 5:00,0.0,0.0
2/23/2021 6:00,0.0,0.0
2/23/2021 7:00,0.0,0.0
2/23/2021 8:00,0.0,0.0
2/23/2021 9:00,0.31,0.04
2/23/2021 10:00,0.73,0.1
2/23/2021 11:00,1.6,0.23
2/23/2021 12:00,2.33,0.33
2/23/2021 13:00,1.59,0.23
2/23/2021 14:00,1.66,0.24
2/23/2021 15:00,1.35,0.19
2/23/2021 16:00,1.66,0.24
2/23/2021 17:00,2.3,0.33
2/23/2021 18:00,0.84,0.12
2/23/2021 19:00,0.02,0.0
2/23/2021 20:00,0.0,0.0
2/23/2021 21:00,0.0,0.0
2/23/2021 22:00,0.0,0.0
2/23/2021 23:00,0.0,0.0
2/24/2021 0:00,0.0,0.0
2/24/2021 1:00,0.0,0.0
2/24/2021 2:00,0.0,0.0
2/24/2021 3:00,0.0,0.0
2/24/2021 4:00,0.0,0.0
2/24/2021 5:00,0.0,0.0
2/24/2021 6:00,0.0,0.0
2/24/2021 7:00,0.0,0.0
2/24/2021 8:00,0.07,0.01
2/24/2021 9:00,1.74,0.25
2/24/2021 10:00,3.36,0.48
2/24/2021 11:00,4.49,0.64
2/24/2021 12:00,5.09,0.73
2/24/2021 13:00,5.25,0.75
2/24/2021 14:00,4.88,0.7
2/24/2021 15:00,4.53,0.65
2/24/2021 16:00,3.67,0.52
2/24/2021 17:00,2.24,0.32
2/24/2021 18:00,0.86,0.12
2/24/2021 19:00,0.0,0.0
2/24/2021 20:00,0.0,0.0
2/24/2021 21:00,0.0,0.0
2/24/2021 22:00,0.0,0.0
2/24/2021 23:00,0.0,0.0
2/25/2021 0:00,0.0,0.0
2/25/2021 1:00,0.0,0.0
2/25/2021 2:00,0.0,0.0
2/25/2021 3:00,0.0,0.0
2/25/2021 4:00,0.0,0.0
2/25/2021 5:00,0.0,0.0
2/25/2021 6:00,0.0,0.0
2/25/2021 7:00,0.0,0.0
2/25/2021 8:00,0.0,0.0
2/25/2021 9:00,0.1,0.01
2/25/2021 10:00,0.44,0.06
2/25/2021 11:00,0.84,0.12
2/25/2021 12:00,1.92,0.27
2/25/2021 13:00,2.54,0.36
2/25/2021 14:00,3.67,0.52
2/25/2021 15:00,2.56,0.37
2/25/2021 16:00,1.48,0.21
2/25/2021 17:00,1.44,0.21
2/25/2021 18:00,0.67,0.1
2/25/2021 19:00,0.06,0.01
2/25/2021 20:00,0.0,0.0
2/25/2021 21:00,0.0,0.0
2/25/2021 22:00,0.0,0.0
2/25/2021 23:00,0.0,0.0
2/26/2021 0:00,0.0,0.0
2/26/2021 1:00,0.0,0.0
2/26/2021 2:00,0.0,0.0
2/26/2021 3:00,0.0,0.0
2/26/2021 4:00,0.0,0.0
2/26/2021 5:00,0.0,0.0
2/26/2021 6:00,0.0,0.0
2/26/2021 7:00,0.0,0.0
2/26/2021 8:00,0.0,0.0
2/26/2021 9:00,0.08,0.01
2/26/2021 10:00,0.39,0.06
2/26/2021 11:00,0.64,0.09
2/26/2021 12:00,0.88,0.13
2/26/2021 13:00,0.67,0.1
2/26/2021 14:00,0.4,0.06
2/26/2021 15:00,0.58,0.08
2/26/2021 16:00,0.99,0.14
2/26/2021 17:00,0.53,0.08
2/26/2021 18:00,0.25,0.04
2/26/2021 19:00,0.0,0.0
2/26/2021 20:00,0.0,0.0
2/26/2021 21:00,0.0,0.0
2/26/2021 22:00,0.0,0.0
2/26/2021 23:00,0.0,0.0
2/27/2021 0:00,0.0,0.0
2/27/2021 1:00,0.0,0.0
2/27/2021 2:00,0.0,0.0
2/27/2021 3:00,0.0,0.0
2/27/2021 4:00,0.0,0.0
2/27/2021 5:00,0.0,0.0
2/27/2021 6:00,0.0,0.0
2/27/2021 7:00,0.0,0.0
2/27/2021 8:00,0.1,0.01
2/27/2021 9:00,1.26,0.18
2/27/2021 10:00,2.65,0.38
2/27/2021 11:00,4.04,0.58
2/27/2021 12:00,4.81,0.69
2/27/2021 13:00,4.82,0.69
2/27/2021 14:00,5.1,0.73
2/27/2021 15:00,3.88,0.55
2/27/2021 16:00,1.74,0.25
2/27/2021 17:00,1.22,0.17
2/27/2021 18:00,0.37,0.05
2/27/2021 19:00,0.0,0.0
2/27/2021 20:00,0.0,0.0
2/27/2021 21:00,0.0,0.0
2/27/2021 22:00,0.0,0.0
2/27/2021 23:00,0.0,0.0
2/28/2021 0:00,0.0,0.0
2/28/2021 1:00,0.0,0.0
2/28/2021 2:00,0.0,0.0
2/28/2021 3:00,0.0,0.0
2/28/2021 4:00,0.0,0.0
2/28/2021 5:00,0.0,0.0
2/28/2021 6:00,0.0,0.0
2/28/2021 7:00,0.0,0.0
2/28/2021 8:00,0.08,0.01
2/28/2021 9:00,1.25,0.18
2/28/2021 10:00,3.16,0.45
2/28/2021 11:00,4.2,0.6
2/28/2021 12:00,4.82,0.69
2/28/2021 13:00,4.21,0.6
2/28/2021 14:00,4.43,0.63
2/28/2021 15:00,3.64,0.52
2/28/2021 16:00,3.57,0.51
2/28/2021 17:00,1.97,0.28
2/28/2021 18:00,0.78,0.11
2/28/2021 19:00,0.03,0.0
2/28/2021 20:00,0.0,0.0
2/28/2021 21:00,0.0,0.0
2/28/2021 22:00,0.0,0.0
2/28/2021 23:00,0.0,0.0
3/1/2021 0:00,0.0,0.0
3/1/2021 1:00,0.0,0.0
3/1/2021 2:00,0.0,0.0
3/1/2021 3:00,0.0,0.0
3/1/2021 4:00,0.0,0.0
3/1/2021 5:00,0.0,0.0
3/1/2021 6:00,0.0,0.0
3/1/2021 7:00,0.0,0.0
3/1/2021 8:00,0.1,0.01
3/1/2021 9:00,0.87,0.12
3/1/2021 10:00,1.42,0.2
3/1/2021 11:00,1.84,0.26
3/1/2021 12:00,1.7,0.24
3/1/2021 13:00,2.82,0.4
3/1/2021 14:00,2.99,0.43
3/1/2021 15:00,1.69,0.24
3/1/2021 16:00,2.12,0.3
3/1/2021 17:00,1.06,0.15
3/1/2021 18:00,0.67,0.1
3/1/2021 19:00,0.03,0.0
3/1/2021 20:00,0.0,0.0
3/1/2021 21:00,0.0,0.0
3/1/2021 22:00,0.0,0.0
3/1/2021 23:00,0.0,0.0
3/2/2021 0:00,0.0,0.0
3/2/2021 1:00,0.0,0.0
3/2/2021 2:00,0.0,0.0
3/2/2021 3:00,0.0,0.0
3/2/2021 4:00,0.0,0.0
3/2/2021 5:00,0.0,0.0
3/2/2021 6:00,0.0,0.0
3/2/2021 7:00,0.0,0.0
3/2/2021 8:00,0.13,0.02
3/2/2021 9:00,1.07,0.15
3/2/2021 10:00,2.1,0.3
3/2/2021 11:00,4.01,0.57
3/2/2021 12:00,3.44,0.49
3/2/2021 13:00,3.42,0.49
3/2/2021 14:00,3.38,0.48
3/2/2021 15:00,4.29,0.61
3/2/2021 16:00,1.17,0.17
3/2/2021 17:00,0.62,0.09
3/2/2021 18:00,0.77,0.11
3/2/2021 19:00,0.03,0.0
3/2/2021 20:00,0.0,0.0
3/2/2021 21:00,0.0,0.0
3/2/2021 22:00,0.0,0.0
3/2/2021 23:00,0.0,0.0
3/3/2021 0:00,0.0,0.0
3/3/2021 1:00,0.0,0.0
3/3/2021 2:00,0.0,0.0
3/3/2021 3:00,0.0,0.0
3/3/2021 4:00,0.0,0.0
3/3/2021 5:00,0.0,0.0
3/3/2021 6:00,0.0,0.0
3/3/2021 7:00,0.0,0.0
3/3/2021 8:00,0.15,0.02
3/3/2021 9:00,1.14,0.16
3/3/2021 10:00,2.58,0.37
3/3/2021 11:00,3.81,0.54
3/3/2021 12:00,4.53,0.65
3/3/2021 13:00,4.77,0.68
3/3/2021 14:00,4.62,0.66
3/3/2021 15:00,3.59,0.51
3/3/2021 16:00,3.11,0.44
3/3/2021 17:00,1.65,0.24
3/3/2021 18:00,0.52,0.07
3/3/2021 19:00,0.01,0.0
3/3/2021 20:00,0.0,0.0
3/3/2021 21:00,0.0,0.0
3/3/2021 22:00,0.0,0.0
3/3/2021 23:00,0.0,0.0
3/4/2021 0:00,0.0,0.0
3/4/2021 1:00,0.0,0.0
3/4/2021 2:00,0.0,0.0
3/4/2021 3:00,0.0,0.0
3/4/2021 4:00,0.0,0.0
3/4/2021 5:00,0.0,0.0
3/4/2021 6:00,0.0,0.0
3/4/2021 7:00,0.0,0.0
3/4/2021 8:00,0.01,0.0
3/4/2021 9:00,0.37,0.05
3/4/2021 10:00,0.94,0.13
3/4/2021 11:00,1.14,0.16
3/4/2021 12:00,1.22,0.17
3/4/2021 13:00,2.33,0.33
3/4/2021 14:00,1.17,0.17
3/4/2021 15:00,0.41,0.06
3/4/2021 16:00,0.12,0.02
3/4/2021 17:00,0.05,0.01
3/4/2021 18:00,0.0,0.0
3/4/2021 19:00,0.0,0.0
3/4/2021 20:00,0.0,0.0
3/4/2021 21:00,0.0,0.0
3/4/2021 22:00,0.0,0.0
3/4/2021 23:00,0.0,0.0
3/5/2021 0:00,0.0,0.0
3/5/2021 1:00,0.0,0.0
3/5/2021 2:00,0.0,0.0
3/5/2021 3:00,0.0,0.0
3/5/2021 4:00,0.0,0.0
3/5/2021 5:00,0.0,0.0
3/5/2021 6:00,0.0,0.0
3/5/2021 7:00,0.0,0.0
3/5/2021 8:00,0.15,0.02
3/5/2021 9:00,0.25,0.04
3/5/2021 10:00,0.92,0.13
3/5/2021 11:00,1.93,0.28
3/5/2021 12:00,1.8,0.26
3/5/2021 13:00,1.24,0.18
3/5/2021 14:00,2.49,0.36
3/5/2021 15:00,1.78,0.25
3/5/2021 16:00,2.6,0.37
3/5/2021 17:00,1.03,0.15
3/5/2021 18:00,0.55,0.08
3/5/2021 19:00,0.01,0.0
3/5/2021 20:00,0.0,0.0
3/5/2021 21:00,0.0,0.0
3/5/2021 22:00,0.0,0.0
3/5/2021 23:00,0.0,0.0
3/6/2021 0:00,0.0,0.0
3/6/2021 1:00,0.0,0.0
3/6/2021 2:00,0.0,0.0
3/6/2021 3:00,0.0,0.0
3/6/2021 4:00,0.0,0.0
3/6/2021 5:00,0.0,0.0
3/6/2021 6:00,0.0,0.0
3/6/2021 7:00,0.0,0.0
3/6/2021 8:00,0.23,0.03
3/6/2021 9:00,1.66,0.24
3/6/2021 10:00,3.18,0.45
3/6/2021 11:00,4.19,0.6
3/6/2021 12:00,4.81,0.69
3/6/2021 13:00,5.02,0.72
3/6/2021 14:00,4.86,0.69
3/6/2021 15:00,4.45,0.64
3/6/2021 16:00,3.54,0.51
3/6/2021 17:00,2.3,0.33
3/6/2021 18:00,0.76,0.11
3/6/2021 19:00,0.05,0.01
3/6/2021 20:00,0.0,0.0
3/6/2021 21:00,0.0,0.0
3/6/2021 22:00,0.0,0.0
3/6/2021 23:00,0.0,0.0
3/7/2021 0:00,0.0,0.0
3/7/2021 1:00,0.0,0.0
3/7/2021 2:00,0.0,0.0
3/7/2021 3:00,0.0,0.0
3/7/2021 4:00,0.0,0.0
3/7/2021 5:00,0.0,0.0
3/7/2021 6:00,0.0,0.0
3/7/2021 7:00,0.0,0.0
3/7/2021 8:00,0.29,0.04
3/7/2021 9:00,1.72,0.25
3/7/2021 10:00,3.17,0.45
3/7/2021 11:00,4.24,0.61
3/7/2021 12:00,4.43,0.63
3/7/2021 13:00,2.94,0.42
3/7/2021 14:00,2.69,0.38
3/7/2021 15:00,2.91,0.42
3/7/2021 16:00,1.23,0.18
3/7/2021 17:00,0.84,0.12
3/7/2021 18:00,0.39,0.06
3/7/2021 19:00,0.04,0.01
3/7/2021 20:00,0.0,0.0
3/7/2021 21:00,0.0,0.0
3/7/2021 22:00,0.0,0.0
3/7/2021 23:00,0.0,0.0
3/8/2021 0:00,0.0,0.0
3/8/2021 1:00,0.0,0.0
3/8/2021 2:00,0.0,0.0
3/8/2021 3:00,0.0,0.0
3/8/2021 4:00,0.0,0.0
3/8/2021 5:00,0.0,0.0
3/8/2021 6:00,0.0,0.0
3/8/2021 7:00,0.0,0.0
3/8/2021 8:00,0.39,0.06
3/8/2021 9:00,2.06,0.29
3/8/2021 10:00,3.72,0.53
3/8/2021 11:00,4.64,0.66
3/8/2021 12:00,3.45,0.49
3/8/2021 13:00,4.02,0.57
3/8/2021 14:00,4.01,0.57
3/8/2021 15:00,3.54,0.51
3/8/2021 16:00,2.91,0.42
3/8/2021 17:00,1.9,0.27
3/8/2021 18:00,0.52,0.07
3/8/2021 19:00,0.05,0.01
3/8/2021 20:00,0.0,0.0
3/8/2021 21:00,0.0,0.0
3/8/2021 22:00,0.0,0.0
3/8/2021 23:00,0.0,0.0
3/9/2021 0:00,0.0,0.0
3/9/2021 1:00,0.0,0.0
3/9/2021 2:00,0.0,0.0
3/9/2021 3:00,0.0,0.0
3/9/2021 4:00,0.0,0.0
3/9/2021 5:00,0.0,0.0
3/9/2021 6:00,0.0,0.0
3/9/2021 7:00,0.0,0.0
3/9/2021 8:00,0.38,0.05
3/9/2021 9:00,2.16,0.31
3/9/2021 10:00,3.64,0.52
3/9/2021 11:00,4.7,0.67
3/9/2021 12:00,5.24,0.75
3/9/2021 13:00,5.45,0.78
3/9/2021 14:00,5.36,0.77
3/9/2021 15:00,4.85,0.69
3/9/2021 16:00,3.89,0.56
3/9/2021 17:00,2.53,0.36
3/9/2021 18:00,0.97,0.14
3/9/2021 19:00,0.06,0.01
3/9/2021 20:00,0.0,0.0
3/9/2021 21:00,0.0,0.0
3/9/2021 22:00,0.0,0.0
3/9/2021 23:00,0.0,0.0
3/10/2021 0:00,0.0,0.0
3/10/2021 1:00,0.0,0.0
3/10/2021 2:00,0.0,0.0
3/10/2021 3:00,0.0,0.0
3/10/2021 4:00,0.0,0.0
3/10/2021 5:00,0.0,0.0
3/10/2021 6:00,0.0,0.0
3/10/2021 7:00,0.0,0.0
3/10/2021 8:00,0.41,0.06
3/10/2021 9:00,2.18,0.31
3/10/2021 10:00,3.54,0.51
3/10/2021 11:00,4.7,0.67
3/10/2021 12:00,5.23,0.75
3/10/2021 13:00,5.42,0.77
3/10/2021 14:00,5.26,0.75
3/10/2021 15:00,4.72,0.67
3/10/2021 16:00,3.83,0.55
3/10/2021 17:00,2.52,0.36
3/10/2021 18:00,0.99,0.14
3/10/2021 19:00,0.05,0.01
3/10/2021 20:00,0.0,0.0
3/10/2021 21:00,0.0,0.0
3/10/2021 22:00,0.0,0.0
3/10/2021 23:00,0.0,0.0
3/11/2021 0:00,0.0,0.0
3/11/2021 1:00,0.0,0.0
3/11/2021 2:00,0.0,0.0
3/11/2021 3:00,0.0,0.0
3/11/2021 4:00,0.0,0.0
3/11/2021 5:00,0.0,0.0
3/11/2021 6:00,0.0,0.0
3/11/2021 7:00,0.0,0.0
3/11/2021 8:00,0.1,0.01
3/11/2021 9:00,0.68,0.1
3/11/2021 10:00,1.62,0.23
3/11/2021 11:00,2.1,0.3
3/11/2021 12:00,1.89,0.27
3/11/2021 13:00,1.55,0.22
3/11/2021 14:00,1.11,0.16
3/11/2021 15:00,0.71,0.1
3/11/2021 16:00,1.63,0.23
3/11/2021 17:00,1.01,0.14
3/11/2021 18:00,1.1,0.16
3/11/2021 19:00,0.02,0.0
3/11/2021 20:00,0.0,0.0
3/11/2021 21:00,0.0,0.0
3/11/2021 22:00,0.0,0.0
3/11/2021 23:00,0.0,0.0
3/12/2021 0:00,0.0,0.0
3/12/2021 1:00,0.0,0.0
3/12/2021 2:00,0.0,0.0
3/12/2021 3:00,0.0,0.0
3/12/2021 4:00,0.0,0.0
3/12/2021 5:00,0.0,0.0
3/12/2021 6:00,0.0,0.0
3/12/2021 7:00,0.0,0.0
3/12/2021 8:00,0.23,0.03
3/12/2021 9:00,0.89,0.13
3/12/2021 10:00,2.73,0.39
3/12/2021 11:00,1.37,0.2
3/12/2021 12:00,2.73,0.39
3/12/2021 13:00,3.34,0.48
3/12/2021 14:00,3.16,0.45
3/12/2021 15:00,3.1,0.44
3/12/2021 16:00,2.33,0.33
3/12/2021 17:00,1.43,0.2
3/12/2021 18:00,0.6,0.09
3/12/2021 19:00,0.04,0.01
3/12/2021 20:00,0.0,0.0
3/12/2021 21:00,0.0,0.0
3/12/2021 22:00,0.0,0.0
3/12/2021 23:00,0.0,0.0
3/13/2021 0:00,0.0,0.0
3/13/2021 1:00,0.0,0.0
3/13/2021 2:00,0.0,0.0
3/13/2021 3:00,0.0,0.0
3/13/2021 4:00,0.0,0.0
3/13/2021 5:00,0.0,0.0
3/13/2021 6:00,0.0,0.0
3/13/2021 7:00,0.0,0.0
3/13/2021 8:00,0.45,0.06
3/13/2021 9:00,1.81,0.26
3/13/2021 10:00,3.81,0.54
3/13/2021 11:00,4.86,0.69
3/13/2021 12:00,5.52,0.79
3/13/2021 13:00,5.6,0.8
3/13/2021 14:00,5.35,0.76
3/13/2021 15:00,4.95,0.71
3/13/2021 16:00,4.05,0.58
3/13/2021 17:00,2.73,0.39
3/13/2021 18:00,1.11,0.16
3/13/2021 19:00,0.08,0.01
3/13/2021 20:00,0.0,0.0
3/13/2021 21:00,0.0,0.0
3/13/2021 22:00,0.0,0.0
3/13/2021 23:00,0.0,0.0
3/14/2021 0:00,0.0,0.0
3/14/2021 1:00,0.0,0.0
3/14/2021 2:00,0.0,0.0
3/14/2021 3:00,0.0,0.0
3/14/2021 4:00,0.0,0.0
3/14/2021 5:00,0.0,0.0
3/14/2021 6:00,0.0,0.0
3/14/2021 7:00,0.0,0.0
3/14/2021 8:00,0.61,0.09
3/14/2021 9:00,2.37,0.34
3/14/2021 10:00,3.83,0.55
3/14/2021 11:00,4.86,0.69
3/14/2021 12:00,5.33,0.76
3/14/2021 13:00,5.53,0.79
3/14/2021 14:00,5.41,0.77
3/14/2021 15:00,4.81,0.69
3/14/2021 16:00,3.91,0.56
3/14/2021 17:00,2.6,0.37
3/14/2021 18:00,1.03,0.15
3/14/2021 19:00,0.08,0.01
3/14/2021 20:00,0.0,0.0
3/14/2021 21:00,0.0,0.0
3/14/2021 22:00,0.0,0.0
3/14/2021 23:00,0.0,0.0
3/15/2021 0:00,0.0,0.0
3/15/2021 1:00,0.0,0.0
3/15/2021 2:00,0.0,0.0
3/15/2021 3:00,0.0,0.0
3/15/2021 4:00,0.0,0.0
3/15/2021 5:00,0.0,0.0
3/15/2021 6:00,0.0,0.0
3/15/2021 7:00,0.0,0.0
3/15/2021 8:00,0.65,0.09
3/15/2021 9:00,2.35,0.34
3/15/2021 10:00,3.63,0.52
3/15/2021 11:00,4.64,0.66
3/15/2021 12:00,5.2,0.74
3/15/2021 13:00,5.37,0.77
3/15/2021 14:00,5.31,0.76
3/15/2021 15:00,4.8,0.69
3/15/2021 16:00,3.92,0.56
3/15/2021 17:00,2.68,0.38
3/15/2021 18:00,0.99,0.14
3/15/2021 19:00,0.05,0.01
3/15/2021 20:00,0.0,0.0
3/15/2021 21:00,0.0,0.0
3/15/2021 22:00,0.0,0.0
3/15/2021 23:00,0.0,0.0
3/16/2021 0:00,0.0,0.0
3/16/2021 1:00,0.0,0.0
3/16/2021 2:00,0.0,0.0
3/16/2021 3:00,0.0,0.0
3/16/2021 4:00,0.0,0.0
3/16/2021 5:00,0.0,0.0
3/16/2021 6:00,0.0,0.0
3/16/2021 7:00,0.0,0.0
3/16/2021 8:00,0.66,0.09
3/16/2021 9:00,2.33,0.33
3/16/2021 10:00,3.73,0.53
3/16/2021 11:00,4.7,0.67
3/16/2021 12:00,5.27,0.75
3/16/2021 13:00,5.53,0.79
3/16/2021 14:00,5.41,0.77
3/16/2021 15:00,4.86,0.69
3/16/2021 16:00,3.97,0.57
3/16/2021 17:00,2.68,0.38
3/16/2021 18:00,1.1,0.16
3/16/2021 19:00,0.08,0.01
3/16/2021 20:00,0.0,0.0
3/16/2021 21:00,0.0,0.0
3/16/2021 22:00,0.0,0.0
3/16/2021 23:00,0.0,0.0
3/17/2021 0:00,0.0,0.0
3/17/2021 1:00,0.0,0.0
3/17/2021 2:00,0.0,0.0
3/17/2021 3:00,0.0,0.0
3/17/2021 4:00,0.0,0.0
3/17/2021 5:00,0.0,0.0
3/17/2021 6:00,0.0,0.0
3/17/2021 7:00,0.0,0.0
3/17/2021 8:00,0.71,0.1
3/17/2021 9:00,2.35,0.34
3/17/2021 10:00,3.83,0.55
3/17/2021 11:00,4.83,0.69
3/17/2021 12:00,5.37,0.77
3/17/2021 13:00,5.58,0.8
3/17/2021 14:00,5.29,0.76
3/17/2021 15:00,4.87,0.7
3/17/2021 16:00,3.94,0.56
3/17/2021 17:00,2.67,0.38
3/17/2021 18:00,1.09,0.16
3/17/2021 19:00,0.08,0.01
3/17/2021 20:00,0.0,0.0
3/17/2021 21:00,0.0,0.0
3/17/2021 22:00,0.0,0.0
3/17/2021 23:00,0.0,0.0
3/18/2021 0:00,0.0,0.0
3/18/2021 1:00,0.0,0.0
3/18/2021 2:00,0.0,0.0
3/18/2021 3:00,0.0,0.0
3/18/2021 4:00,0.0,0.0
3/18/2021 5:00,0.0,0.0
3/18/2021 6:00,0.0,0.0
3/18/2021 7:00,0.0,0.0
3/18/2021 8:00,0.72,0.1
3/18/2021 9:00,2.45,0.35
3/18/2021 10:00,3.96,0.57
3/18/2021 11:00,5.03,0.72
3/18/2021 12:00,5.6,0.8
3/18/2021 13:00,5.81,0.83
3/18/2021 14:00,5.54,0.79
3/18/2021 15:00,4.99,0.71
3/18/2021 16:00,4.13,0.59
3/18/2021 17:00,2.8,0.4
3/18/2021 18:00,1.16,0.17
3/18/2021 19:00,0.07,0.01
3/18/2021 20:00,0.0,0.0
3/18/2021 21:00,0.0,0.0
3/18/2021 22:00,0.0,0.0
3/18/2021 23:00,0.0,0.0
3/19/2021 0:00,0.0,0.0
3/19/2021 1:00,0.0,0.0
3/19/2021 2:00,0.0,0.0
3/19/2021 3:00,0.0,0.0
3/19/2021 4:00,0.0,0.0
3/19/2021 5:00,0.0,0.0
3/19/2021 6:00,0.0,0.0
3/19/2021 7:00,0.0,0.0
3/19/2021 8:00,0.71,0.1
3/19/2021 9:00,2.41,0.34
3/19/2021 10:00,3.12,0.45
3/19/2021 11:00,4.12,0.59
3/19/2021 12:00,5.31,0.76
3/19/2021 13:00,4.9,0.7
3/19/2021 14:00,5.34,0.76
3/19/2021 15:00,4.87,0.7
3/19/2021 16:00,3.9,0.56
3/19/2021 17:00,1.85,0.26
3/19/2021 18:00,0.74,0.11
3/19/2021 19:00,0.1,0.01
3/19/2021 20:00,0.0,0.0
3/19/2021 21:00,0.0,0.0
3/19/2021 22:00,0.0,0.0
3/19/2021 23:00,0.0,0.0
3/20/2021 0:00,0.0,0.0
3/20/2021 1:00,0.0,0.0
3/20/2021 2:00,0.0,0.0
3/20/2021 3:00,0.0,0.0
3/20/2021 4:00,0.0,0.0
3/20/2021 5:00,0.0,0.0
3/20/2021 6:00,0.0,0.0
3/20/2021 7:00,0.0,0.0
3/20/2021 8:00,0.82,0.12
3/20/2021 9:00,2.57,0.37
3/20/2021 10:00,4.08,0.58
3/20/2021 11:00,5.13,0.73
3/20/2021 12:00,5.69,0.81
3/20/2021 13:00,5.85,0.84
3/20/2021 14:00,5.66,0.81
3/20/2021 15:00,5.13,0.73
3/20/2021 16:00,4.2,0.6
3/20/2021 17:00,2.83,0.4
3/20/2021 18:00,1.19,0.17
3/20/2021 19:00,0.1,0.01
3/20/2021 20:00,0.0,0.0
3/20/2021 21:00,0.0,0.0
3/20/2021 22:00,0.0,0.0
3/20/2021 23:00,0.0,0.0
3/21/2021 0:00,0.0,0.0
3/21/2021 1:00,0.0,0.0
3/21/2021 2:00,0.0,0.0
3/21/2021 3:00,0.0,0.0
3/21/2021 4:00,0.0,0.0
3/21/2021 5:00,0.0,0.0
3/21/2021 6:00,0.0,0.0
3/21/2021 7:00,0.0,0.0
3/21/2021 8:00,0.83,0.12
3/21/2021 9:00,2.56,0.37
3/21/2021 10:00,4.0,0.57
3/21/2021 11:00,4.97,0.71
3/21/2021 12:00,5.46,0.78
3/21/2021 13:00,5.6,0.8
3/21/2021 14:00,5.41,0.77
3/21/2021 15:00,4.9,0.7
3/21/2021 16:00,4.02,0.57
3/21/2021 17:00,2.67,0.38
3/21/2021 18:00,1.17,0.17
3/21/2021 19:00,0.1,0.01
3/21/2021 20:00,0.0,0.0
3/21/2021 21:00,0.0,0.0
3/21/2021 22:00,0.0,0.0
3/21/2021 23:00,0.0,0.0
3/22/2021 0:00,0.0,0.0
3/22/2021 1:00,0.0,0.0
3/22/2021 2:00,0.0,0.0
3/22/2021 3:00,0.0,0.0
3/22/2021 4:00,0.0,0.0
3/22/2021 5:00,0.0,0.0
3/22/2021 6:00,0.0,0.0
3/22/2021 7:00,0.01,0.0
3/22/2021 8:00,0.86,0.12
3/22/2021 9:00,2.57,0.37
3/22/2021 10:00,3.98,0.57
3/22/2021 11:00,4.9,0.7
3/22/2021 12:00,5.39,0.77
3/22/2021 13:00,5.51,0.79
3/22/2021 14:00,5.22,0.75
3/22/2021 15:00,4.76,0.68
3/22/2021 16:00,3.93,0.56
3/22/2021 17:00,2.68,0.38
3/22/2021 18:00,1.15,0.16
3/22/2021 19:00,0.11,0.02
3/22/2021 20:00,0.0,0.0
3/22/2021 21:00,0.0,0.0
3/22/2021 22:00,0.0,0.0
3/22/2021 23:00,0.0,0.0
3/23/2021 0:00,0.0,0.0
3/23/2021 1:00,0.0,0.0
3/23/2021 2:00,0.0,0.0
3/23/2021 3:00,0.0,0.0
3/23/2021 4:00,0.0,0.0
3/23/2021 5:00,0.0,0.0
3/23/2021 6:00,0.0,0.0
3/23/2021 7:00,0.01,0.0
3/23/2021 8:00,0.85,0.12
3/23/2021 9:00,2.47,0.35
3/23/2021 10:00,3.84,0.55
3/23/2021 11:00,4.72,0.67
3/23/2021 12:00,5.21,0.74
3/23/2021 13:00,5.42,0.77
3/23/2021 14:00,5.21,0.74
3/23/2021 15:00,3.73,0.53
3/23/2021 16:00,3.9,0.56
3/23/2021 17:00,2.67,0.38
3/23/2021 18:00,0.97,0.14
3/23/2021 19:00,0.11,0.02
3/23/2021 20:00,0.0,0.0
3/23/2021 21:00,0.0,0.0
3/23/2021 22:00,0.0,0.0
3/23/2021 23:00,0.0,0.0
3/24/2021 0:00,0.0,0.0
3/24/2021 1:00,0.0,0.0
3/24/2021 2:00,0.0,0.0
3/24/2021 3:00,0.0,0.0
3/24/2021 4:00,0.0,0.0
3/24/2021 5:00,0.0,0.0
3/24/2021 6:00,0.0,0.0
3/24/2021 7:00,0.02,0.0
3/24/2021 8:00,0.9,0.13
3/24/2021 9:00,2.47,0.35
3/24/2021 10:00,3.34,0.48
3/24/2021 11:00,4.89,0.7
3/24/2021 12:00,5.45,0.78
3/24/2021 13:00,5.53,0.79
3/24/2021 14:00,5.33,0.76
3/24/2021 15:00,4.84,0.69
3/24/2021 16:00,3.91,0.56
3/24/2021 17:00,2.33,0.33
3/24/2021 18:00,0.97,0.14
3/24/2021 19:00,0.12,0.02
3/24/2021 20:00,0.0,0.0
3/24/2021 21:00,0.0,0.0
3/24/2021 22:00,0.0,0.0
3/24/2021 23:00,0.0,0.0
3/25/2021 0:00,0.0,0.0
3/25/2021 1:00,0.0,0.0
3/25/2021 2:00,0.0,0.0
3/25/2021 3:00,0.0,0.0
3/25/2021 4:00,0.0,0.0
3/25/2021 5:00,0.0,0.0
3/25/2021 6:00,0.0,0.0
3/25/2021 7:00,0.05,0.01
3/25/2021 8:00,0.81,0.12
3/25/2021 9:00,2.31,0.33
3/25/2021 10:00,3.67,0.52
3/25/2021 11:00,4.39,0.63
3/25/2021 12:00,5.06,0.72
3/25/2021 13:00,5.38,0.77
3/25/2021 14:00,5.0,0.71
3/25/2021 15:00,4.67,0.67
3/25/2021 16:00,3.4,0.49
3/25/2021 17:00,1.68,0.24
3/25/2021 18:00,0.76,0.11
3/25/2021 19:00,0.12,0.02
3/25/2021 20:00,0.0,0.0
3/25/2021 21:00,0.0,0.0
3/25/2021 22:00,0.0,0.0
3/25/2021 23:00,0.0,0.0
3/26/2021 0:00,0.0,0.0
3/26/2021 1:00,0.0,0.0
3/26/2021 2:00,0.0,0.0
3/26/2021 3:00,0.0,0.0
3/26/2021 4:00,0.0,0.0
3/26/2021 5:00,0.0,0.0
3/26/2021 6:00,0.0,0.0
3/26/2021 7:00,0.01,0.0
3/26/2021 8:00,0.57,0.08
3/26/2021 9:00,1.99,0.28
3/26/2021 10:00,3.48,0.5
3/26/2021 11:00,4.35,0.62
3/26/2021 12:00,4.29,0.61
3/26/2021 13:00,5.23,0.75
3/26/2021 14:00,4.6,0.66
3/26/2021 15:00,3.54,0.51
3/26/2021 16:00,2.67,0.38
3/26/2021 17:00,1.73,0.25
3/26/2021 18:00,0.63,0.09
3/26/2021 19:00,0.07,0.01
3/26/2021 20:00,0.0,0.0
3/26/2021 21:00,0.0,0.0
3/26/2021 22:00,0.0,0.0
3/26/2021 23:00,0.0,0.0
3/27/2021 0:00,0.0,0.0
3/27/2021 1:00,0.0,0.0
3/27/2021 2:00,0.0,0.0
3/27/2021 3:00,0.0,0.0
3/27/2021 4:00,0.0,0.0
3/27/2021 5:00,0.0,0.0
3/27/2021 6:00,0.0,0.0
3/27/2021 7:00,0.01,0.0
3/27/2021 8:00,0.51,0.07
3/27/2021 9:00,2.1,0.3
3/27/2021 10:00,3.45,0.49
3/27/2021 11:00,4.32,0.62
3/27/2021 12:00,4.79,0.68
3/27/2021 13:00,5.01,0.72
3/27/2021 14:00,4.85,0.69
3/27/2021 15:00,4.34,0.62
3/27/2021 16:00,3.52,0.5
3/27/2021 17:00,2.22,0.32
3/27/2021 18:00,0.9,0.13
3/27/2021 19:00,0.15,0.02
3/27/2021 20:00,0.0,0.0
3/27/2021 21:00,0.0,0.0
3/27/2021 22:00,0.0,0.0
3/27/2021 23:00,0.0,0.0
3/28/2021 0:00,0.0,0.0
3/28/2021 2:00,0.0,0.0
3/28/2021 3:00,0.0,0.0
3/28/2021 4:00,0.0,0.0
3/28/2021 5:00,0.0,0.0
3/28/2021 6:00,0.0,0.0
3/28/2021 7:00,0.0,0.0
3/28/2021 8:00,0.0,0.0
3/28/2021 9:00,0.01,0.0
3/28/2021 10:00,0.54,0.08
3/28/2021 11:00,1.85,0.26
3/28/2021 12:00,2.87,0.41
3/28/2021 13:00,3.9,0.56
3/28/2021 14:00,4.77,0.68
3/28/2021 15:00,4.93,0.7
3/28/2021 16:00,4.77,0.68
3/28/2021 17:00,4.32,0.62
3/28/2021 18:00,3.39,0.48
3/28/2021 19:00,2.19,0.31
3/28/2021 20:00,0.93,0.13
3/28/2021 21:00,0.14,0.02
3/28/2021 22:00,0.0,0.0
3/28/2021 23:00,0.0,0.0
3/29/2021 0:00,0.0,0.0
3/29/2021 1:00,0.0,0.0
3/29/2021 2:00,0.0,0.0
3/29/2021 3:00,0.0,0.0
3/29/2021 4:00,0.0,0.0
3/29/2021 5:00,0.0,0.0
3/29/2021 6:00,0.0,0.0
3/29/2021 7:00,0.0,0.0
3/29/2021 8:00,0.0,0.0
3/29/2021 9:00,0.26,0.04
3/29/2021 10:00,0.91,0.13
3/29/2021 11:00,2.95,0.42
3/29/2021 12:00,4.37,0.62
3/29/2021 13:00,4.06,0.58
3/29/2021 14:00,2.6,0.37
3/29/2021 15:00,2.28,0.33
3/29/2021 16:00,2.79,0.4
3/29/2021 17:00,1.62,0.23
3/29/2021 18:00,0.9,0.13
3/29/2021 19:00,0.38,0.05
3/29/2021 20:00,0.03,0.0
3/29/2021 21:00,0.0,0.0
3/29/2021 22:00,0.0,0.0
3/29/2021 23:00,0.0,0.0
3/30/2021 0:00,0.0,0.0
3/30/2021 1:00,0.0,0.0
3/30/2021 2:00,0.0,0.0
3/30/2021 3:00,0.0,0.0
3/30/2021 4:00,0.0,0.0
3/30/2021 5:00,0.0,0.0
3/30/2021 6:00,0.0,0.0
3/30/2021 7:00,0.0,0.0
3/30/2021 8:00,0.0,0.0
3/30/2021 9:00,0.04,0.01
3/30/2021 10:00,0.22,0.03
3/30/2021 11:00,0.44,0.06
3/30/2021 12:00,0.95,0.14
3/30/2021 13:00,1.02,0.15
3/30/2021 14:00,2.45,0.35
3/30/2021 15:00,2.69,0.38
3/30/2021 16:00,2.12,0.3
3/30/2021 17:00,2.18,0.31
3/30/2021 18:00,1.14,0.16
3/30/2021 19:00,0.58,0.08
3/30/2021 20:00,0.1,0.01
3/30/2021 21:00,0.0,0.0
3/30/2021 22:00,0.0,0.0
3/30/2021 23:00,0.0,0.0
3/31/2021 0:00,0.0,0.0
3/31/2021 1:00,0.0,0.0
3/31/2021 2:00,0.0,0.0
3/31/2021 3:00,0.0,0.0
3/31/2021 4:00,0.0,0.0
3/31/2021 5:00,0.0,0.0
3/31/2021 6:00,0.0,0.0
3/31/2021 7:00,0.0,0.0
3/31/2021 8:00,0.04,0.01
3/31/2021 9:00,0.69,0.1
3/31/2021 10:00,2.04,0.29
3/31/2021 11:00,3.4,0.49
3/31/2021 12:00,4.49,0.64
3/31/2021 13:00,4.84,0.69
3/31/2021 14:00,4.92,0.7
3/31/2021 15:00,4.5,0.64
3/31/2021 16:00,3.27,0.47
3/31/2021 17:00,2.64,0.38
3/31/2021 18:00,1.21,0.17
3/31/2021 19:00,0.45,0.06
3/31/2021 20:00,0.05,0.01
3/31/2021 21:00,0.0,0.0
3/31/2021 22:00,0.0,0.0
3/31/2021 23:00,0.0,0.0
4/1/2021 0:00,0.0,0.0
4/1/2021 1:00,0.0,0.0
4/1/2021 2:00,0.0,0.0
4/1/2021 3:00,0.0,0.0
4/1/2021 4:00,0.0,0.0
4/1/2021 5:00,0.0,0.0
4/1/2021 6:00,0.0,0.0
4/1/2021 7:00,0.0,0.0
4/1/2021 8:00,0.0,0.0
4/1/2021 9:00,0.15,0.02
4/1/2021 10:00,0.24,0.03
4/1/2021 11:00,0.67,0.1
4/1/2021 12:00,1.46,0.21
4/1/2021 13:00,1.92,0.27
4/1/2021 14:00,2.3,0.33
4/1/2021 15:00,1.87,0.27
4/1/2021 16:00,3.78,0.54
4/1/2021 17:00,1.53,0.22
4/1/2021 18:00,0.74,0.11
4/1/2021 19:00,0.88,0.13
4/1/2021 20:00,0.23,0.03
4/1/2021 21:00,0.0,0.0
4/1/2021 22:00,0.0,0.0
4/1/2021 23:00,0.0,0.0
4/2/2021 0:00,0.0,0.0
4/2/2021 1:00,0.0,0.0
4/2/2021 2:00,0.0,0.0
4/2/2021 3:00,0.0,0.0
4/2/2021 4:00,0.0,0.0
4/2/2021 5:00,0.0,0.0
4/2/2021 6:00,0.0,0.0
4/2/2021 7:00,0.0,0.0
4/2/2021 8:00,0.04,0.01
4/2/2021 9:00,0.5,0.07
4/2/2021 10:00,1.12,0.16
4/2/2021 11:00,3.3,0.47
4/2/2021 12:00,3.33,0.48
4/2/2021 13:00,2.49,0.36
4/2/2021 14:00,2.32,0.33
4/2/2021 15:00,5.13,0.73
4/2/2021 16:00,4.78,0.68
4/2/2021 17:00,3.77,0.54
4/2/2021 18:00,2.56,0.37
4/2/2021 19:00,1.1,0.16
4/2/2021 20:00,0.15,0.02
4/2/2021 21:00,0.0,0.0
4/2/2021 22:00,0.0,0.0
4/2/2021 23:00,0.0,0.0
4/3/2021 0:00,0.0,0.0
4/3/2021 1:00,0.0,0.0
4/3/2021 2:00,0.0,0.0
4/3/2021 3:00,0.0,0.0
4/3/2021 4:00,0.0,0.0
4/3/2021 5:00,0.0,0.0
4/3/2021 6:00,0.0,0.0
4/3/2021 7:00,0.0,0.0
4/3/2021 8:00,0.08,0.01
4/3/2021 9:00,0.85,0.12
4/3/2021 10:00,1.04,0.15
4/3/2021 11:00,1.1,0.16
4/3/2021 12:00,2.17,0.31
4/3/2021 13:00,2.03,0.29
4/3/2021 14:00,2.29,0.33
4/3/2021 15:00,2.39,0.34
4/3/2021 16:00,1.9,0.27
4/3/2021 17:00,2.78,0.4
4/3/2021 18:00,2.15,0.31
4/3/2021 19:00,1.12,0.16
4/3/2021 20:00,0.16,0.02
4/3/2021 21:00,0.0,0.0
4/3/2021 22:00,0.0,0.0
4/3/2021 23:00,0.0,0.0
4/4/2021 0:00,0.0,0.0
4/4/2021 1:00,0.0,0.0
4/4/2021 2:00,0.0,0.0
4/4/2021 3:00,0.0,0.0
4/4/2021 4:00,0.0,0.0
4/4/2021 5:00,0.0,0.0
4/4/2021 6:00,0.0,0.0
4/4/2021 7:00,0.0,0.0
4/4/2021 8:00,0.08,0.01
4/4/2021 9:00,0.87,0.12
4/4/2021 10:00,2.27,0.32
4/4/2021 11:00,3.64,0.52
4/4/2021 12:00,4.5,0.64
4/4/2021 13:00,5.08,0.73
4/4/2021 14:00,5.18,0.74
4/4/2021 15:00,5.04,0.72
4/4/2021 16:00,4.64,0.66
4/4/2021 17:00,3.82,0.55
4/4/2021 18:00,2.63,0.38
4/4/2021 19:00,1.19,0.17
4/4/2021 20:00,0.17,0.02
4/4/2021 21:00,0.0,0.0
4/4/2021 22:00,0.0,0.0
4/4/2021 23:00,0.0,0.0
4/5/2021 0:00,0.0,0.0
4/5/2021 1:00,0.0,0.0
4/5/2021 2:00,0.0,0.0
4/5/2021 3:00,0.0,0.0
4/5/2021 4:00,0.0,0.0
4/5/2021 5:00,0.0,0.0
4/5/2021 6:00,0.0,0.0
4/5/2021 7:00,0.0,0.0
4/5/2021 8:00,0.08,0.01
4/5/2021 9:00,0.78,0.11
4/5/2021 10:00,1.51,0.22
4/5/2021 11:00,3.47,0.5
4/5/2021 12:00,4.85,0.69
4/5/2021 13:00,5.35,0.76
4/5/2021 14:00,5.39,0.77
4/5/2021 15:00,5.25,0.75
4/5/2021 16:00,3.65,0.52
4/5/2021 17:00,3.76,0.54
4/5/2021 18:00,2.64,0.38
4/5/2021 19:00,1.2,0.17
4/5/2021 20:00,0.17,0.02
4/5/2021 21:00,0.0,0.0
4/5/2021 22:00,0.0,0.0
4/5/2021 23:00,0.0,0.0
4/6/2021 0:00,0.0,0.0
4/6/2021 1:00,0.0,0.0
4/6/2021 2:00,0.0,0.0
4/6/2021 3:00,0.0,0.0
4/6/2021 4:00,0.0,0.0
4/6/2021 5:00,0.0,0.0
4/6/2021 6:00,0.0,0.0
4/6/2021 7:00,0.0,0.0
4/6/2021 8:00,0.09,0.01
4/6/2021 9:00,0.91,0.13
4/6/2021 10:00,2.15,0.31
4/6/2021 11:00,3.81,0.54
4/6/2021 12:00,3.98,0.57
4/6/2021 13:00,4.69,0.67
4/6/2021 14:00,4.16,0.59
4/6/2021 15:00,3.55,0.51
4/6/2021 16:00,4.3,0.61
4/6/2021 17:00,2.24,0.32
4/6/2021 18:00,2.6,0.37
4/6/2021 19:00,1.22,0.17
4/6/2021 20:00,0.16,0.02
4/6/2021 21:00,0.0,0.0
4/6/2021 22:00,0.0,0.0
4/6/2021 23:00,0.0,0.0
4/7/2021 0:00,0.0,0.0
4/7/2021 1:00,0.0,0.0
4/7/2021 2:00,0.0,0.0
4/7/2021 3:00,0.0,0.0
4/7/2021 4:00,0.0,0.0
4/7/2021 5:00,0.0,0.0
4/7/2021 6:00,0.0,0.0
4/7/2021 7:00,0.0,0.0
4/7/2021 8:00,0.14,0.02
4/7/2021 9:00,0.84,0.12
4/7/2021 10:00,2.4,0.34
4/7/2021 11:00,3.09,0.44
4/7/2021 12:00,3.63,0.52
4/7/2021 13:00,4.84,0.69
4/7/2021 14:00,4.63,0.66
4/7/2021 15:00,5.39,0.77
4/7/2021 16:00,4.72,0.67
4/7/2021 17:00,3.89,0.56
4/7/2021 18:00,2.77,0.4
4/7/2021 19:00,1.23,0.18
4/7/2021 20:00,0.2,0.03
4/7/2021 21:00,0.0,0.0
4/7/2021 22:00,0.0,0.0
4/7/2021 23:00,0.0,0.0
4/8/2021 0:00,0.0,0.0
4/8/2021 1:00,0.0,0.0
4/8/2021 2:00,0.0,0.0
4/8/2021 3:00,0.0,0.0
4/8/2021 4:00,0.0,0.0
4/8/2021 5:00,0.0,0.0
4/8/2021 6:00,0.0,0.0
4/8/2021 7:00,0.0,0.0
4/8/2021 8:00,0.11,0.02
4/8/2021 9:00,0.55,0.08
4/8/2021 10:00,1.67,0.24
4/8/2021 11:00,1.95,0.28
4/8/2021 12:00,3.88,0.55
4/8/2021 13:00,4.69,0.67
4/8/2021 14:00,5.24,0.75
4/8/2021 15:00,3.45,0.49
4/8/2021 16:00,1.91,0.27
4/8/2021 17:00,1.18,0.17
4/8/2021 18:00,1.47,0.21
4/8/2021 19:00,0.72,0.1
4/8/2021 20:00,0.03,0.0
4/8/2021 21:00,0.0,0.0
4/8/2021 22:00,0.0,0.0
4/8/2021 23:00,0.0,0.0
4/9/2021 0:00,0.0,0.0
4/9/2021 1:00,0.0,0.0
4/9/2021 2:00,0.0,0.0
4/9/2021 3:00,0.0,0.0
4/9/2021 4:00,0.0,0.0
4/9/2021 5:00,0.0,0.0
4/9/2021 6:00,0.0,0.0
4/9/2021 7:00,0.0,0.0
4/9/2021 8:00,0.07,0.01
4/9/2021 9:00,1.14,0.16
4/9/2021 10:00,2.83,0.4
4/9/2021 11:00,2.94,0.42
4/9/2021 12:00,4.05,0.58
4/9/2021 13:00,5.42,0.77
4/9/2021 14:00,5.5,0.79
4/9/2021 15:00,5.32,0.76
4/9/2021 16:00,4.89,0.7
4/9/2021 17:00,3.88,0.55
4/9/2021 18:00,2.78,0.4
4/9/2021 19:00,1.23,0.18
4/9/2021 20:00,0.16,0.02
4/9/2021 21:00,0.0,0.0
4/9/2021 22:00,0.0,0.0
4/9/2021 23:00,0.0,0.0
4/10/2021 0:00,0.0,0.0
4/10/2021 1:00,0.0,0.0
4/10/2021 2:00,0.0,0.0
4/10/2021 3:00,0.0,0.0
4/10/2021 4:00,0.0,0.0
4/10/2021 5:00,0.0,0.0
4/10/2021 6:00,0.0,0.0
4/10/2021 7:00,0.0,0.0
4/10/2021 8:00,0.04,0.01
4/10/2021 9:00,0.11,0.02
4/10/2021 10:00,0.63,0.09
4/10/2021 11:00,2.94,0.42
4/10/2021 12:00,3.29,0.47
4/10/2021 13:00,2.26,0.32
4/10/2021 14:00,2.59,0.37
4/10/2021 15:00,1.8,0.26
4/10/2021 16:00,2.44,0.35
4/10/2021 17:00,3.76,0.54
4/10/2021 18:00,1.52,0.22
4/10/2021 19:00,0.47,0.07
4/10/2021 20:00,0.12,0.02
4/10/2021 21:00,0.0,0.0
4/10/2021 22:00,0.0,0.0
4/10/2021 23:00,0.0,0.0
4/11/2021 0:00,0.0,0.0
4/11/2021 1:00,0.0,0.0
4/11/2021 2:00,0.0,0.0
4/11/2021 3:00,0.0,0.0
4/11/2021 4:00,0.0,0.0
4/11/2021 5:00,0.0,0.0
4/11/2021 6:00,0.0,0.0
4/11/2021 7:00,0.0,0.0
4/11/2021 8:00,0.04,0.01
4/11/2021 9:00,0.49,0.07
4/11/2021 10:00,2.38,0.34
4/11/2021 11:00,1.98,0.28
4/11/2021 12:00,1.79,0.26
4/11/2021 13:00,4.31,0.62
4/11/2021 14:00,4.87,0.7
4/11/2021 15:00,4.19,0.6
4/11/2021 16:00,3.18,0.45
4/11/2021 17:00,2.93,0.42
4/11/2021 18:00,2.23,0.32
4/11/2021 19:00,1.03,0.15
4/11/2021 20:00,0.18,0.03
4/11/2021 21:00,0.0,0.0
4/11/2021 22:00,0.0,0.0
4/11/2021 23:00,0.0,0.0
4/12/2021 0:00,0.0,0.0
4/12/2021 1:00,0.0,0.0
4/12/2021 2:00,0.0,0.0
4/12/2021 3:00,0.0,0.0
4/12/2021 4:00,0.0,0.0
4/12/2021 5:00,0.0,0.0
4/12/2021 6:00,0.0,0.0
4/12/2021 7:00,0.0,0.0
4/12/2021 8:00,0.21,0.03
4/12/2021 9:00,0.95,0.14
4/12/2021 10:00,1.6,0.23
4/12/2021 11:00,2.5,0.36
4/12/2021 12:00,3.02,0.43
4/12/2021 13:00,3.19,0.46
4/12/2021 14:00,3.1,0.44
4/12/2021 15:00,4.35,0.62
4/12/2021 16:00,3.83,0.55
4/12/2021 17:00,1.71,0.24
4/12/2021 18:00,0.84,0.12
4/12/2021 19:00,0.54,0.08
4/12/2021 20:00,0.17,0.02
4/12/2021 21:00,0.0,0.0
4/12/2021 22:00,0.0,0.0
4/12/2021 23:00,0.0,0.0
4/13/2021 0:00,0.0,0.0
4/13/2021 1:00,0.0,0.0
4/13/2021 2:00,0.0,0.0
4/13/2021 3:00,0.0,0.0
4/13/2021 4:00,0.0,0.0
4/13/2021 5:00,0.0,0.0
4/13/2021 6:00,0.0,0.0
4/13/2021 7:00,0.0,0.0
4/13/2021 8:00,0.05,0.01
4/13/2021 9:00,0.49,0.07
4/13/2021 10:00,0.88,0.13
4/13/2021 11:00,1.69,0.24
4/13/2021 12:00,1.96,0.28
4/13/2021 13:00,2.27,0.32
4/13/2021 14:00,2.48,0.35
4/13/2021 15:00,2.85,0.41
4/13/2021 16:00,2.35,0.34
4/13/2021 17:00,1.61,0.23
4/13/2021 18:00,0.92,0.13
4/13/2021 19:00,0.65,0.09
4/13/2021 20:00,0.14,0.02
4/13/2021 21:00,0.0,0.0
4/13/2021 22:00,0.0,0.0
4/13/2021 23:00,0.0,0.0
4/14/2021 0:00,0.0,0.0
4/14/2021 1:00,0.0,0.0
4/14/2021 2:00,0.0,0.0
4/14/2021 3:00,0.0,0.0
4/14/2021 4:00,0.0,0.0
4/14/2021 5:00,0.0,0.0
4/14/2021 6:00,0.0,0.0
4/14/2021 7:00,0.0,0.0
4/14/2021 8:00,0.04,0.01
4/14/2021 9:00,0.56,0.08
4/14/2021 10:00,1.18,0.17
4/14/2021 11:00,0.96,0.14
4/14/2021 12:00,1.1,0.16
4/14/2021 13:00,2.36,0.34
4/14/2021 14:00,1.62,0.23
4/14/2021 15:00,0.98,0.14
4/14/2021 16:00,0.81,0.12
4/14/2021 17:00,0.2,0.03
4/14/2021 18:00,0.12,0.02
4/14/2021 19:00,0.14,0.02
4/14/2021 20:00,0.02,0.0
4/14/2021 21:00,0.0,0.0
4/14/2021 22:00,0.0,0.0
4/14/2021 23:00,0.0,0.0
4/15/2021 0:00,0.0,0.0
4/15/2021 1:00,0.0,0.0
4/15/2021 2:00,0.0,0.0
4/15/2021 3:00,0.0,0.0
4/15/2021 4:00,0.0,0.0
4/15/2021 5:00,0.0,0.0
4/15/2021 6:00,0.0,0.0
4/15/2021 7:00,0.0,0.0
4/15/2021 8:00,0.13,0.02
4/15/2021 9:00,0.9,0.13
4/15/2021 10:00,1.12,0.16
4/15/2021 11:00,1.17,0.17
4/15/2021 12:00,2.41,0.34
4/15/2021 13:00,1.68,0.24
4/15/2021 14:00,3.21,0.46
4/15/2021 15:00,1.79,0.26
4/15/2021 16:00,2.69,0.38
4/15/2021 17:00,1.91,0.27
4/15/2021 18:00,1.72,0.25
4/15/2021 19:00,1.1,0.16
4/15/2021 20:00,0.31,0.04
4/15/2021 21:00,0.0,0.0
4/15/2021 22:00,0.0,0.0
4/15/2021 23:00,0.0,0.0
4/16/2021 0:00,0.0,0.0
4/16/2021 1:00,0.0,0.0
4/16/2021 2:00,0.0,0.0
4/16/2021 3:00,0.0,0.0
4/16/2021 4:00,0.0,0.0
4/16/2021 5:00,0.0,0.0
4/16/2021 6:00,0.0,0.0
4/16/2021 7:00,0.0,0.0
4/16/2021 8:00,0.15,0.02
4/16/2021 9:00,1.05,0.15
4/16/2021 10:00,2.65,0.38
4/16/2021 11:00,3.6,0.51
4/16/2021 12:00,2.5,0.36
4/16/2021 13:00,2.06,0.29
4/16/2021 14:00,2.49,0.36
4/16/2021 15:00,1.76,0.25
4/16/2021 16:00,4.47,0.64
4/16/2021 17:00,4.04,0.58
4/16/2021 18:00,2.79,0.4
4/16/2021 19:00,1.23,0.18
4/16/2021 20:00,0.18,0.03
4/16/2021 21:00,0.0,0.0
4/16/2021 22:00,0.0,0.0
4/16/2021 23:00,0.0,0.0
4/17/2021 0:00,0.0,0.0
4/17/2021 1:00,0.0,0.0
4/17/2021 2:00,0.0,0.0
4/17/2021 3:00,0.0,0.0
4/17/2021 4:00,0.0,0.0
4/17/2021 5:00,0.0,0.0
4/17/2021 6:00,0.0,0.0
4/17/2021 7:00,0.0,0.0
4/17/2021 8:00,0.1,0.01
4/17/2021 9:00,0.96,0.14
4/17/2021 10:00,2.83,0.4
4/17/2021 11:00,4.12,0.59
4/17/2021 12:00,4.96,0.71
4/17/2021 13:00,5.39,0.77
4/17/2021 14:00,5.43,0.78
4/17/2021 15:00,5.17,0.74
4/17/2021 16:00,4.2,0.6
4/17/2021 17:00,4.12,0.59
4/17/2021 18:00,2.8,0.4
4/17/2021 19:00,1.28,0.18
4/17/2021 20:00,0.23,0.03
4/17/2021 21:00,0.0,0.0
4/17/2021 22:00,0.0,0.0
4/17/2021 23:00,0.0,0.0
4/18/2021 0:00,0.0,0.0
4/18/2021 1:00,0.0,0.0
4/18/2021 2:00,0.0,0.0
4/18/2021 3:00,0.0,0.0
4/18/2021 4:00,0.0,0.0
4/18/2021 5:00,0.0,0.0
4/18/2021 6:00,0.0,0.0
4/18/2021 7:00,0.0,0.0
4/18/2021 8:00,0.1,0.01
4/18/2021 9:00,1.01,0.14
4/18/2021 10:00,2.8,0.4
4/18/2021 11:00,4.09,0.58
4/18/2021 12:00,4.88,0.7
4/18/2021 13:00,5.34,0.76
4/18/2021 14:00,5.59,0.8
4/18/2021 15:00,5.46,0.78
4/18/2021 16:00,4.91,0.7
4/18/2021 17:00,4.05,0.58
4/18/2021 18:00,2.69,0.38
4/18/2021 19:00,1.31,0.19
4/18/2021 20:00,0.19,0.03
4/18/2021 21:00,0.0,0.0
4/18/2021 22:00,0.0,0.0
4/18/2021 23:00,0.0,0.0
4/19/2021 0:00,0.0,0.0
4/19/2021 1:00,0.0,0.0
4/19/2021 2:00,0.0,0.0
4/19/2021 3:00,0.0,0.0
4/19/2021 4:00,0.0,0.0
4/19/2021 5:00,0.0,0.0
4/19/2021 6:00,0.0,0.0
4/19/2021 7:00,0.0,0.0
4/19/2021 8:00,0.15,0.02
4/19/2021 9:00,1.11,0.16
4/19/2021 10:00,2.6,0.37
4/19/2021 11:00,3.98,0.57
4/19/2021 12:00,4.63,0.66
4/19/2021 13:00,5.38,0.77
4/19/2021 14:00,5.48,0.78
4/19/2021 15:00,5.5,0.79
4/19/2021 16:00,5.01,0.72
4/19/2021 17:00,3.97,0.57
4/19/2021 18:00,2.93,0.42
4/19/2021 19:00,0.99,0.14
4/19/2021 20:00,0.18,0.03
4/19/2021 21:00,0.0,0.0
4/19/2021 22:00,0.0,0.0
4/19/2021 23:00,0.0,0.0
4/20/2021 0:00,0.0,0.0
4/20/2021 1:00,0.0,0.0
4/20/2021 2:00,0.0,0.0
4/20/2021 3:00,0.0,0.0
4/20/2021 4:00,0.0,0.0
4/20/2021 5:00,0.0,0.0
4/20/2021 6:00,0.0,0.0
4/20/2021 7:00,0.0,0.0
4/20/2021 8:00,0.09,0.01
4/20/2021 9:00,0.78,0.11
4/20/2021 10:00,1.54,0.22
4/20/2021 11:00,1.6,0.23
4/20/2021 12:00,2.46,0.35
4/20/2021 13:00,2.56,0.37
4/20/2021 14:00,3.06,0.44
4/20/2021 15:00,4.16,0.59
4/20/2021 16:00,3.32,0.47
4/20/2021 17:00,3.89,0.56
4/20/2021 18:00,2.65,0.38
4/20/2021 19:00,1.12,0.16
4/20/2021 20:00,0.26,0.04
4/20/2021 21:00,0.0,0.0
4/20/2021 22:00,0.0,0.0
4/20/2021 23:00,0.0,0.0
4/21/2021 0:00,0.0,0.0
4/21/2021 1:00,0.0,0.0
4/21/2021 2:00,0.0,0.0
4/21/2021 3:00,0.0,0.0
4/21/2021 4:00,0.0,0.0
4/21/2021 5:00,0.0,0.0
4/21/2021 6:00,0.0,0.0
4/21/2021 7:00,0.0,0.0
4/21/2021 8:00,0.14,0.02
4/21/2021 9:00,0.96,0.14
4/21/2021 10:00,2.06,0.29
4/21/2021 11:00,2.25,0.32
4/21/2021 12:00,2.72,0.39
4/21/2021 13:00,2.52,0.36
4/21/2021 14:00,2.04,0.29
4/21/2021 15:00,1.25,0.18
4/21/2021 16:00,0.72,0.1
4/21/2021 17:00,0.61,0.09
4/21/2021 18:00,0.59,0.08
4/21/2021 19:00,0.3,0.04
4/21/2021 20:00,0.09,0.01
4/21/2021 21:00,0.0,0.0
4/21/2021 22:00,0.0,0.0
4/21/2021 23:00,0.0,0.0
4/22/2021 0:00,0.0,0.0
4/22/2021 1:00,0.0,0.0
4/22/2021 2:00,0.0,0.0
4/22/2021 3:00,0.0,0.0
4/22/2021 4:00,0.0,0.0
4/22/2021 5:00,0.0,0.0
4/22/2021 6:00,0.0,0.0
4/22/2021 7:00,0.0,0.0
4/22/2021 8:00,0.2,0.03
4/22/2021 9:00,1.23,0.18
4/22/2021 10:00,2.81,0.4
4/22/2021 11:00,3.89,0.56
4/22/2021 12:00,2.46,0.35
4/22/2021 13:00,4.05,0.58
4/22/2021 14:00,3.98,0.57
4/22/2021 15:00,5.23,0.75
4/22/2021 16:00,3.99,0.57
4/22/2021 17:00,2.78,0.4
4/22/2021 18:00,2.4,0.34
4/22/2021 19:00,0.92,0.13
4/22/2021 20:00,0.3,0.04
4/22/2021 21:00,0.0,0.0
4/22/2021 22:00,0.0,0.0
4/22/2021 23:00,0.0,0.0
4/23/2021 0:00,0.0,0.0
4/23/2021 1:00,0.0,0.0
4/23/2021 2:00,0.0,0.0
4/23/2021 3:00,0.0,0.0
4/23/2021 4:00,0.0,0.0
4/23/2021 5:00,0.0,0.0
4/23/2021 6:00,0.0,0.0
4/23/2021 7:00,0.0,0.0
4/23/2021 8:00,0.02,0.0
4/23/2021 9:00,0.77,0.11
4/23/2021 10:00,1.71,0.24
4/23/2021 11:00,3.44,0.49
4/23/2021 12:00,4.77,0.68
4/23/2021 13:00,2.01,0.29
4/23/2021 14:00,1.38,0.2
4/23/2021 15:00,0.92,0.13
4/23/2021 16:00,0.72,0.1
4/23/2021 17:00,0.43,0.06
4/23/2021 18:00,0.27,0.04
4/23/2021 19:00,0.3,0.04
4/23/2021 20:00,0.06,0.01
4/23/2021 21:00,0.01,0.0
4/23/2021 22:00,0.0,0.0
4/23/2021 23:00,0.0,0.0
4/24/2021 0:00,0.0,0.0
4/24/2021 1:00,0.0,0.0
4/24/2021 2:00,0.0,0.0
4/24/2021 3:00,0.0,0.0
4/24/2021 4:00,0.0,0.0
4/24/2021 5:00,0.0,0.0
4/24/2021 6:00,0.0,0.0
4/24/2021 7:00,0.0,0.0
4/24/2021 8:00,0.08,0.01
4/24/2021 9:00,0.05,0.01
4/24/2021 10:00,0.37,0.05
4/24/2021 11:00,1.02,0.15
4/24/2021 12:00,2.8,0.4
4/24/2021 13:00,1.68,0.24
4/24/2021 14:00,4.49,0.64
4/24/2021 15:00,5.33,0.76
4/24/2021 16:00,4.06,0.58
4/24/2021 17:00,3.11,0.44
4/24/2021 18:00,2.32,0.33
4/24/2021 19:00,1.36,0.19
4/24/2021 20:00,0.38,0.05
4/24/2021 21:00,0.0,0.0
4/24/2021 22:00,0.0,0.0
4/24/2021 23:00,0.0,0.0
4/25/2021 0:00,0.0,0.0
4/25/2021 1:00,0.0,0.0
4/25/2021 2:00,0.0,0.0
4/25/2021 3:00,0.0,0.0
4/25/2021 4:00,0.0,0.0
4/25/2021 5:00,0.0,0.0
4/25/2021 6:00,0.0,0.0
4/25/2021 7:00,0.0,0.0
4/25/2021 8:00,0.18,0.03
4/25/2021 9:00,0.29,0.04
4/25/2021 10:00,0.64,0.09
4/25/2021 11:00,1.29,0.18
4/25/2021 12:00,4.39,0.63
4/25/2021 13:00,4.42,0.63
4/25/2021 14:00,4.1,0.59
4/25/2021 15:00,5.34,0.76
4/25/2021 16:00,4.72,0.67
4/25/2021 17:00,4.18,0.6
4/25/2021 18:00,2.69,0.38
4/25/2021 19:00,1.22,0.17
4/25/2021 20:00,0.27,0.04
4/25/2021 21:00,0.0,0.0
4/25/2021 22:00,0.0,0.0
4/25/2021 23:00,0.0,0.0
4/26/2021 0:00,0.0,0.0
4/26/2021 1:00,0.0,0.0
4/26/2021 2:00,0.0,0.0
4/26/2021 3:00,0.0,0.0
4/26/2021 4:00,0.0,0.0
4/26/2021 5:00,0.0,0.0
4/26/2021 6:00,0.0,0.0
4/26/2021 7:00,0.0,0.0
4/26/2021 8:00,0.08,0.01
4/26/2021 9:00,0.5,0.07
4/26/2021 10:00,1.22,0.17
4/26/2021 11:00,1.47,0.21
4/26/2021 12:00,3.12,0.45
4/26/2021 13:00,2.21,0.32
4/26/2021 14:00,1.85,0.26
4/26/2021 15:00,0.83,0.12
4/26/2021 16:00,0.58,0.08
4/26/2021 17:00,1.76,0.25
4/26/2021 18:00,2.01,0.29
4/26/2021 19:00,0.73,0.1
4/26/2021 20:00,0.28,0.04
4/26/2021 21:00,0.02,0.0
4/26/2021 22:00,0.0,0.0
4/26/2021 23:00,0.0,0.0
4/27/2021 0:00,0.0,0.0
4/27/2021 1:00,0.0,0.0
4/27/2021 2:00,0.0,0.0
4/27/2021 3:00,0.0,0.0
4/27/2021 4:00,0.0,0.0
4/27/2021 5:00,0.0,0.0
4/27/2021 6:00,0.0,0.0
4/27/2021 7:00,0.0,0.0
4/27/2021 8:00,0.19,0.03
4/27/2021 9:00,0.74,0.11
4/27/2021 10:00,1.57,0.22
4/27/2021 11:00,3.16,0.45
4/27/2021 12:00,3.45,0.49
4/27/2021 13:00,2.56,0.37
4/27/2021 14:00,4.29,0.61
4/27/2021 15:00,3.61,0.52
4/27/2021 16:00,4.61,0.66
4/27/2021 17:00,3.51,0.5
4/27/2021 18:00,2.16,0.31
4/27/2021 19:00,1.0,0.14
4/27/2021 20:00,0.19,0.03
4/27/2021 21:00,0.0,0.0
4/27/2021 22:00,0.0,0.0
4/27/2021 23:00,0.0,0.0
4/28/2021 0:00,0.0,0.0
4/28/2021 1:00,0.0,0.0
4/28/2021 2:00,0.0,0.0
4/28/2021 3:00,0.0,0.0
4/28/2021 4:00,0.0,0.0
4/28/2021 5:00,0.0,0.0
4/28/2021 6:00,0.0,0.0
4/28/2021 7:00,0.0,0.0
4/28/2021 8:00,0.19,0.03
4/28/2021 9:00,0.47,0.07
4/28/2021 10:00,0.89,0.13
4/28/2021 11:00,1.19,0.17
4/28/2021 12:00,2.52,0.36
4/28/2021 13:00,3.89,0.56
4/28/2021 14:00,4.27,0.61
4/28/2021 15:00,3.74,0.53
4/28/2021 16:00,1.41,0.2
4/28/2021 17:00,2.77,0.4
4/28/2021 18:00,1.42,0.2
4/28/2021 19:00,0.28,0.04
4/28/2021 20:00,0.23,0.03
4/28/2021 21:00,0.0,0.0
4/28/2021 22:00,0.0,0.0
4/28/2021 23:00,0.0,0.0
4/29/2021 0:00,0.0,0.0
4/29/2021 1:00,0.0,0.0
4/29/2021 2:00,0.0,0.0
4/29/2021 3:00,0.0,0.0
4/29/2021 4:00,0.0,0.0
4/29/2021 5:00,0.0,0.0
4/29/2021 6:00,0.0,0.0
4/29/2021 7:00,0.0,0.0
4/29/2021 8:00,0.34,0.05
4/29/2021 9:00,1.21,0.17
4/29/2021 10:00,2.33,0.33
4/29/2021 11:00,3.41,0.49
4/29/2021 12:00,2.22,0.32
4/29/2021 13:00,3.53,0.5
4/29/2021 14:00,3.27,0.47
4/29/2021 15:00,3.6,0.51
4/29/2021 16:00,2.31,0.33
4/29/2021 17:00,1.59,0.23
4/29/2021 18:00,0.69,0.1
4/29/2021 19:00,0.52,0.07
4/29/2021 20:00,0.38,0.05
4/29/2021 21:00,0.03,0.0
4/29/2021 22:00,0.0,0.0
4/29/2021 23:00,0.0,0.0
4/30/2021 0:00,0.0,0.0
4/30/2021 1:00,0.0,0.0
4/30/2021 2:00,0.0,0.0
4/30/2021 3:00,0.0,0.0
4/30/2021 4:00,0.0,0.0
4/30/2021 5:00,0.0,0.0
4/30/2021 6:00,0.0,0.0
4/30/2021 7:00,0.0,0.0
4/30/2021 8:00,0.25,0.04
4/30/2021 9:00,1.3,0.19
4/30/2021 10:00,2.53,0.36
4/30/2021 11:00,3.72,0.53
4/30/2021 12:00,4.42,0.63
4/30/2021 13:00,2.57,0.37
4/30/2021 14:00,3.76,0.54
4/30/2021 15:00,2.71,0.39
4/30/2021 16:00,2.96,0.42
4/30/2021 17:00,2.88,0.41
4/30/2021 18:00,1.73,0.25
4/30/2021 19:00,0.7,0.1
4/30/2021 20:00,0.26,0.04
4/30/2021 21:00,0.0,0.0
4/30/2021 22:00,0.0,0.0
4/30/2021 23:00,0.0,0.0
5/1/2021 0:00,0.0,0.0
5/1/2021 1:00,0.0,0.0
5/1/2021 2:00,0.0,0.0
5/1/2021 3:00,0.0,0.0
5/1/2021 4:00,0.0,0.0
5/1/2021 5:00,0.0,0.0
5/1/2021 6:00,0.0,0.0
5/1/2021 7:00,0.0,0.0
5/1/2021 8:00,0.39,0.06
5/1/2021 9:00,1.33,0.19
5/1/2021 10:00,2.86,0.41
5/1/2021 11:00,2.87,0.41
5/1/2021 12:00,4.18,0.6
5/1/2021 13:00,3.92,0.56
5/1/2021 14:00,3.37,0.48
5/1/2021 15:00,2.89,0.41
5/1/2021 16:00,1.93,0.28
5/1/2021 17:00,3.25,0.46
5/1/2021 18:00,2.8,0.4
5/1/2021 19:00,0.57,0.08
5/1/2021 20:00,0.22,0.03
5/1/2021 21:00,0.01,0.0
5/1/2021 22:00,0.0,0.0
5/1/2021 23:00,0.0,0.0
5/2/2021 0:00,0.0,0.0
5/2/2021 1:00,0.0,0.0
5/2/2021 2:00,0.0,0.0
5/2/2021 3:00,0.0,0.0
5/2/2021 4:00,0.0,0.0
5/2/2021 5:00,0.0,0.0
5/2/2021 6:00,0.0,0.0
5/2/2021 7:00,0.0,0.0
5/2/2021 8:00,0.28,0.04
5/2/2021 9:00,1.36,0.19
5/2/2021 10:00,2.88,0.41
5/2/2021 11:00,4.22,0.6
5/2/2021 12:00,4.31,0.62
5/2/2021 13:00,5.0,0.71
5/2/2021 14:00,4.75,0.68
5/2/2021 15:00,4.73,0.68
5/2/2021 16:00,4.16,0.59
5/2/2021 17:00,2.53,0.36
5/2/2021 18:00,1.66,0.24
5/2/2021 19:00,0.92,0.13
5/2/2021 20:00,0.26,0.04
5/2/2021 21:00,0.0,0.0
5/2/2021 22:00,0.0,0.0
5/2/2021 23:00,0.0,0.0
5/3/2021 0:00,0.0,0.0
5/3/2021 1:00,0.0,0.0
5/3/2021 2:00,0.0,0.0
5/3/2021 3:00,0.0,0.0
5/3/2021 4:00,0.0,0.0
5/3/2021 5:00,0.0,0.0
5/3/2021 6:00,0.0,0.0
5/3/2021 7:00,0.0,0.0
5/3/2021 8:00,0.26,0.04
5/3/2021 9:00,1.32,0.19
5/3/2021 10:00,3.02,0.43
5/3/2021 11:00,4.25,0.61
5/3/2021 12:00,4.99,0.71
5/3/2021 13:00,5.41,0.77
5/3/2021 14:00,5.06,0.72
5/3/2021 15:00,4.4,0.63
5/3/2021 16:00,2.52,0.36
5/3/2021 17:00,2.62,0.37
5/3/2021 18:00,2.23,0.32
5/3/2021 19:00,0.97,0.14
5/3/2021 20:00,0.26,0.04
5/3/2021 21:00,0.01,0.0
5/3/2021 22:00,0.0,0.0
5/3/2021 23:00,0.0,0.0
5/4/2021 0:00,0.0,0.0
5/4/2021 1:00,0.0,0.0
5/4/2021 2:00,0.0,0.0
5/4/2021 3:00,0.0,0.0
5/4/2021 4:00,0.0,0.0
5/4/2021 5:00,0.0,0.0
5/4/2021 6:00,0.0,0.0
5/4/2021 7:00,0.0,0.0
5/4/2021 8:00,0.26,0.04
5/4/2021 9:00,1.31,0.19
5/4/2021 10:00,2.99,0.43
5/4/2021 11:00,4.14,0.59
5/4/2021 12:00,4.91,0.7
5/4/2021 13:00,5.33,0.76
5/4/2021 14:00,5.44,0.78
5/4/2021 15:00,5.15,0.74
5/4/2021 16:00,4.76,0.68
5/4/2021 17:00,3.91,0.56
5/4/2021 18:00,2.75,0.39
5/4/2021 19:00,1.26,0.18
5/4/2021 20:00,0.25,0.04
5/4/2021 21:00,0.01,0.0
5/4/2021 22:00,0.0,0.0
5/4/2021 23:00,0.0,0.0
5/5/2021 0:00,0.0,0.0
5/5/2021 1:00,0.0,0.0
5/5/2021 2:00,0.0,0.0
5/5/2021 3:00,0.0,0.0
5/5/2021 4:00,0.0,0.0
5/5/2021 5:00,0.0,0.0
5/5/2021 6:00,0.0,0.0
5/5/2021 7:00,0.0,0.0
5/5/2021 8:00,0.28,0.04
5/5/2021 9:00,1.33,0.19
5/5/2021 10:00,3.05,0.44
5/5/2021 11:00,4.27,0.61
5/5/2021 12:00,5.08,0.73
5/5/2021 13:00,5.46,0.78
5/5/2021 14:00,5.52,0.79
5/5/2021 15:00,5.26,0.75
5/5/2021 16:00,4.83,0.69
5/5/2021 17:00,3.98,0.57
5/5/2021 18:00,2.79,0.4
5/5/2021 19:00,1.27,0.18
5/5/2021 20:00,0.26,0.04
5/5/2021 21:00,0.01,0.0
5/5/2021 22:00,0.0,0.0
5/5/2021 23:00,0.0,0.0
5/6/2021 0:00,0.0,0.0
5/6/2021 1:00,0.0,0.0
5/6/2021 2:00,0.0,0.0
5/6/2021 3:00,0.0,0.0
5/6/2021 4:00,0.0,0.0
5/6/2021 5:00,0.0,0.0
5/6/2021 6:00,0.0,0.0
5/6/2021 7:00,0.01,0.0
5/6/2021 8:00,0.44,0.06
5/6/2021 9:00,1.34,0.19
5/6/2021 10:00,1.49,0.21
5/6/2021 11:00,2.52,0.36
5/6/2021 12:00,4.86,0.69
5/6/2021 13:00,5.48,0.78
5/6/2021 14:00,5.51,0.79
5/6/2021 15:00,5.29,0.76
5/6/2021 16:00,4.75,0.68
5/6/2021 17:00,3.62,0.52
5/6/2021 18:00,2.8,0.4
5/6/2021 19:00,1.28,0.18
5/6/2021 20:00,0.26,0.04
5/6/2021 21:00,0.01,0.0
5/6/2021 22:00,0.0,0.0
5/6/2021 23:00,0.0,0.0
5/7/2021 0:00,0.0,0.0
5/7/2021 1:00,0.0,0.0
5/7/2021 2:00,0.0,0.0
5/7/2021 3:00,0.0,0.0
5/7/2021 4:00,0.0,0.0
5/7/2021 5:00,0.0,0.0
5/7/2021 6:00,0.0,0.0
5/7/2021 7:00,0.0,0.0
5/7/2021 8:00,0.36,0.05
5/7/2021 9:00,1.4,0.2
5/7/2021 10:00,2.77,0.4
5/7/2021 11:00,3.96,0.57
5/7/2021 12:00,4.96,0.71
5/7/2021 13:00,5.38,0.77
5/7/2021 14:00,5.34,0.76
5/7/2021 15:00,5.22,0.75
5/7/2021 16:00,4.43,0.63
5/7/2021 17:00,3.61,0.52
5/7/2021 18:00,2.76,0.39
5/7/2021 19:00,1.02,0.15
5/7/2021 20:00,0.37,0.05
5/7/2021 21:00,0.03,0.0
5/7/2021 22:00,0.0,0.0
5/7/2021 23:00,0.0,0.0
5/8/2021 0:00,0.0,0.0
5/8/2021 1:00,0.0,0.0
5/8/2021 2:00,0.0,0.0
5/8/2021 3:00,0.0,0.0
5/8/2021 4:00,0.0,0.0
5/8/2021 5:00,0.0,0.0
5/8/2021 6:00,0.0,0.0
5/8/2021 7:00,0.01,0.0
5/8/2021 8:00,0.27,0.04
5/8/2021 9:00,1.42,0.2
5/8/2021 10:00,2.51,0.36
5/8/2021 11:00,3.95,0.56
5/8/2021 12:00,4.15,0.59
5/8/2021 13:00,5.16,0.74
5/8/2021 14:00,5.61,0.8
5/8/2021 15:00,5.59,0.8
5/8/2021 16:00,5.12,0.73
5/8/2021 17:00,4.18,0.6
5/8/2021 18:00,2.9,0.41
5/8/2021 19:00,1.33,0.19
5/8/2021 20:00,0.3,0.04
5/8/2021 21:00,0.01,0.0
5/8/2021 22:00,0.0,0.0
5/8/2021 23:00,0.0,0.0
5/9/2021 0:00,0.0,0.0
5/9/2021 1:00,0.0,0.0
5/9/2021 2:00,0.0,0.0
5/9/2021 3:00,0.0,0.0
5/9/2021 4:00,0.0,0.0
5/9/2021 5:00,0.0,0.0
5/9/2021 6:00,0.0,0.0
5/9/2021 7:00,0.0,0.0
5/9/2021 8:00,0.02,0.0
5/9/2021 9:00,0.41,0.06
5/9/2021 10:00,1.05,0.15
5/9/2021 11:00,3.47,0.5
5/9/2021 12:00,4.08,0.58
5/9/2021 13:00,4.07,0.58
5/9/2021 14:00,4.37,0.62
5/9/2021 15:00,4.3,0.61
5/9/2021 16:00,4.62,0.66
5/9/2021 17:00,4.13,0.59
5/9/2021 18:00,2.73,0.39
5/9/2021 19:00,1.34,0.19
5/9/2021 20:00,0.31,0.04
5/9/2021 21:00,0.02,0.0
5/9/2021 22:00,0.0,0.0
5/9/2021 23:00,0.0,0.0
5/10/2021 0:00,0.0,0.0
5/10/2021 1:00,0.0,0.0
5/10/2021 2:00,0.0,0.0
5/10/2021 3:00,0.0,0.0
5/10/2021 4:00,0.0,0.0
5/10/2021 5:00,0.0,0.0
5/10/2021 6:00,0.0,0.0
5/10/2021 7:00,0.01,0.0
5/10/2021 8:00,0.23,0.03
5/10/2021 9:00,0.98,0.14
5/10/2021 10:00,2.33,0.33
5/10/2021 11:00,2.85,0.41
5/10/2021 12:00,3.5,0.5
5/10/2021 13:00,3.62,0.52
5/10/2021 14:00,4.66,0.67
5/10/2021 15:00,4.21,0.6
5/10/2021 16:00,4.44,0.63
5/10/2021 17:00,3.67,0.52
5/10/2021 18:00,2.82,0.4
5/10/2021 19:00,0.76,0.11
5/10/2021 20:00,0.33,0.05
5/10/2021 21:00,0.02,0.0
5/10/2021 22:00,0.0,0.0
5/10/2021 23:00,0.0,0.0
5/11/2021 0:00,0.0,0.0
5/11/2021 1:00,0.0,0.0
5/11/2021 2:00,0.0,0.0
5/11/2021 3:00,0.0,0.0
5/11/2021 4:00,0.0,0.0
5/11/2021 5:00,0.0,0.0
5/11/2021 6:00,0.0,0.0
5/11/2021 7:00,0.03,0.0
5/11/2021 8:00,0.46,0.07
5/11/2021 9:00,1.53,0.22
5/11/2021 10:00,2.39,0.34
5/11/2021 11:00,4.2,0.6
5/11/2021 12:00,4.31,0.62
5/11/2021 13:00,4.92,0.7
5/11/2021 14:00,4.73,0.68
5/11/2021 15:00,5.81,0.83
5/11/2021 16:00,5.04,0.72
5/11/2021 17:00,3.91,0.56
5/11/2021 18:00,2.71,0.39
5/11/2021 19:00,1.41,0.2
5/11/2021 20:00,0.32,0.05
5/11/2021 21:00,0.02,0.0
5/11/2021 22:00,0.0,0.0
5/11/2021 23:00,0.0,0.0
5/12/2021 0:00,0.0,0.0
5/12/2021 1:00,0.0,0.0
5/12/2021 2:00,0.0,0.0
5/12/2021 3:00,0.0,0.0
5/12/2021 4:00,0.0,0.0
5/12/2021 5:00,0.0,0.0
5/12/2021 6:00,0.0,0.0
5/12/2021 7:00,0.0,0.0
5/12/2021 8:00,0.35,0.05
5/12/2021 9:00,1.46,0.21
5/12/2021 10:00,2.33,0.33
5/12/2021 11:00,4.39,0.63
5/12/2021 12:00,4.73,0.68
5/12/2021 13:00,3.51,0.5
5/12/2021 14:00,5.15,0.74
5/12/2021 15:00,3.22,0.46
5/12/2021 16:00,4.68,0.67
5/12/2021 17:00,4.08,0.58
5/12/2021 18:00,2.68,0.38
5/12/2021 19:00,1.32,0.19
5/12/2021 20:00,0.3,0.04
5/12/2021 21:00,0.02,0.0
5/12/2021 22:00,0.0,0.0
5/12/2021 23:00,0.0,0.0
5/13/2021 0:00,0.0,0.0
5/13/2021 1:00,0.0,0.0
5/13/2021 2:00,0.0,0.0
5/13/2021 3:00,0.0,0.0
5/13/2021 4:00,0.0,0.0
5/13/2021 5:00,0.0,0.0
5/13/2021 6:00,0.0,0.0
5/13/2021 7:00,0.02,0.0
5/13/2021 8:00,0.35,0.05
5/13/2021 9:00,1.23,0.18
5/13/2021 10:00,1.93,0.28
5/13/2021 11:00,2.15,0.31
5/13/2021 12:00,3.46,0.49
5/13/2021 13:00,4.05,0.58
5/13/2021 14:00,2.06,0.29
5/13/2021 15:00,1.84,0.26
5/13/2021 16:00,1.29,0.18
5/13/2021 17:00,1.23,0.18
5/13/2021 18:00,0.67,0.1
5/13/2021 19:00,0.27,0.04
5/13/2021 20:00,0.23,0.03
5/13/2021 21:00,0.06,0.01
5/13/2021 22:00,0.0,0.0
5/13/2021 23:00,0.0,0.0
5/14/2021 0:00,0.0,0.0
5/14/2021 1:00,0.0,0.0
5/14/2021 2:00,0.0,0.0
5/14/2021 3:00,0.0,0.0
5/14/2021 4:00,0.0,0.0
5/14/2021 5:00,0.0,0.0
5/14/2021 6:00,0.0,0.0
5/14/2021 7:00,0.02,0.0
5/14/2021 8:00,0.43,0.06
5/14/2021 9:00,1.18,0.17
5/14/2021 10:00,1.96,0.28
5/14/2021 11:00,2.07,0.3
5/14/2021 12:00,3.45,0.49
5/14/2021 13:00,4.84,0.69
5/14/2021 14:00,5.53,0.79
5/14/2021 15:00,5.04,0.72
5/14/2021 16:00,4.28,0.61
5/14/2021 17:00,3.38,0.48
5/14/2021 18:00,2.25,0.32
5/14/2021 19:00,1.42,0.2
5/14/2021 20:00,0.35,0.05
5/14/2021 21:00,0.03,0.0
5/14/2021 22:00,0.0,0.0
5/14/2021 23:00,0.0,0.0
5/15/2021 0:00,0.0,0.0
5/15/2021 1:00,0.0,0.0
5/15/2021 2:00,0.0,0.0
5/15/2021 3:00,0.0,0.0
5/15/2021 4:00,0.0,0.0
5/15/2021 5:00,0.0,0.0
5/15/2021 6:00,0.0,0.0
5/15/2021 7:00,0.02,0.0
5/15/2021 8:00,0.37,0.05
5/15/2021 9:00,1.27,0.18
5/15/2021 10:00,2.62,0.37
5/15/2021 11:00,3.03,0.43
5/15/2021 12:00,4.23,0.6
5/15/2021 13:00,4.81,0.69
5/15/2021 14:00,5.39,0.77
5/15/2021 15:00,5.11,0.73
5/15/2021 16:00,4.66,0.67
5/15/2021 17:00,4.02,0.57
5/15/2021 18:00,2.77,0.4
5/15/2021 19:00,1.29,0.18
5/15/2021 20:00,0.28,0.04
5/15/2021 21:00,0.02,0.0
5/15/2021 22:00,0.0,0.0
5/15/2021 23:00,0.0,0.0
5/16/2021 0:00,0.0,0.0
5/16/2021 1:00,0.0,0.0
5/16/2021 2:00,0.0,0.0
5/16/2021 3:00,0.0,0.0
5/16/2021 4:00,0.0,0.0
5/16/2021 5:00,0.0,0.0
5/16/2021 6:00,0.0,0.0
5/16/2021 7:00,0.03,0.0
5/16/2021 8:00,0.38,0.05
5/16/2021 9:00,1.58,0.23
5/16/2021 10:00,2.02,0.29
5/16/2021 11:00,2.22,0.32
5/16/2021 12:00,3.05,0.44
5/16/2021 13:00,1.66,0.24
5/16/2021 14:00,2.36,0.34
5/16/2021 15:00,2.04,0.29
5/16/2021 16:00,2.4,0.34
5/16/2021 17:00,1.78,0.25
5/16/2021 18:00,1.81,0.26
5/16/2021 19:00,0.85,0.12
5/16/2021 20:00,0.39,0.06
5/16/2021 21:00,0.04,0.01
5/16/2021 22:00,0.0,0.0
5/16/2021 23:00,0.0,0.0
5/17/2021 0:00,0.0,0.0
5/17/2021 1:00,0.0,0.0
5/17/2021 2:00,0.0,0.0
5/17/2021 3:00,0.0,0.0
5/17/2021 4:00,0.0,0.0
5/17/2021 5:00,0.0,0.0
5/17/2021 6:00,0.0,0.0
5/17/2021 7:00,0.0,0.0
5/17/2021 8:00,0.33,0.05
5/17/2021 9:00,1.27,0.18
5/17/2021 10:00,2.06,0.29
5/17/2021 11:00,4.0,0.57
5/17/2021 12:00,5.06,0.72
5/17/2021 13:00,5.22,0.75
5/17/2021 14:00,5.36,0.77
5/17/2021 15:00,4.51,0.64
5/17/2021 16:00,3.78,0.54
5/17/2021 17:00,2.46,0.35
5/17/2021 18:00,2.08,0.3
5/17/2021 19:00,1.28,0.18
5/17/2021 20:00,0.28,0.04
5/17/2021 21:00,0.02,0.0
5/17/2021 22:00,0.0,0.0
5/17/2021 23:00,0.0,0.0
5/18/2021 0:00,0.0,0.0
5/18/2021 1:00,0.0,0.0
5/18/2021 2:00,0.0,0.0
5/18/2021 3:00,0.0,0.0
5/18/2021 4:00,0.0,0.0
5/18/2021 5:00,0.0,0.0
5/18/2021 6:00,0.0,0.0
5/18/2021 7:00,0.03,0.0
5/18/2021 8:00,0.42,0.06
5/18/2021 9:00,0.91,0.13
5/18/2021 10:00,0.95,0.14
5/18/2021 11:00,1.56,0.22
5/18/2021 12:00,3.43,0.49
5/18/2021 13:00,4.54,0.65
5/18/2021 14:00,3.13,0.45
5/18/2021 15:00,2.85,0.41
5/18/2021 16:00,2.45,0.35
5/18/2021 17:00,1.4,0.2
5/18/2021 18:00,1.15,0.16
5/18/2021 19:00,0.65,0.09
5/18/2021 20:00,0.3,0.04
5/18/2021 21:00,0.05,0.01
5/18/2021 22:00,0.0,0.0
5/18/2021 23:00,0.0,0.0
5/19/2021 0:00,0.0,0.0
5/19/2021 1:00,0.0,0.0
5/19/2021 2:00,0.0,0.0
5/19/2021 3:00,0.0,0.0
5/19/2021 4:00,0.0,0.0
5/19/2021 5:00,0.0,0.0
5/19/2021 6:00,0.0,0.0
5/19/2021 7:00,0.03,0.0
5/19/2021 8:00,0.38,0.05
5/19/2021 9:00,1.39,0.2
5/19/2021 10:00,2.95,0.42
5/19/2021 11:00,3.56,0.51
5/19/2021 12:00,4.67,0.67
5/19/2021 13:00,5.31,0.76
5/19/2021 14:00,5.48,0.78
5/19/2021 15:00,5.28,0.75
5/19/2021 16:00,4.82,0.69
5/19/2021 17:00,3.9,0.56
5/19/2021 18:00,2.62,0.37
5/19/2021 19:00,1.37,0.2
5/19/2021 20:00,0.32,0.05
5/19/2021 21:00,0.03,0.0
5/19/2021 22:00,0.0,0.0
5/19/2021 23:00,0.0,0.0
5/20/2021 0:00,0.0,0.0
5/20/2021 1:00,0.0,0.0
5/20/2021 2:00,0.0,0.0
5/20/2021 3:00,0.0,0.0
5/20/2021 4:00,0.0,0.0
5/20/2021 5:00,0.0,0.0
5/20/2021 6:00,0.0,0.0
5/20/2021 7:00,0.01,0.0
5/20/2021 8:00,0.31,0.04
5/20/2021 9:00,1.42,0.2
5/20/2021 10:00,3.04,0.43
5/20/2021 11:00,4.14,0.59
5/20/2021 12:00,4.9,0.7
5/20/2021 13:00,5.1,0.73
5/20/2021 14:00,5.1,0.73
5/20/2021 15:00,4.64,0.66
5/20/2021 16:00,3.85,0.55
5/20/2021 17:00,3.49,0.5
5/20/2021 18:00,2.48,0.35
5/20/2021 19:00,1.26,0.18
5/20/2021 20:00,0.43,0.06
5/20/2021 21:00,0.03,0.0
5/20/2021 22:00,0.0,0.0
5/20/2021 23:00,0.0,0.0
5/21/2021 0:00,0.0,0.0
5/21/2021 1:00,0.0,0.0
5/21/2021 2:00,0.0,0.0
5/21/2021 3:00,0.0,0.0
5/21/2021 4:00,0.0,0.0
5/21/2021 5:00,0.0,0.0
5/21/2021 6:00,0.0,0.0
5/21/2021 7:00,0.03,0.0
5/21/2021 8:00,0.37,0.05
5/21/2021 9:00,1.46,0.21
5/21/2021 10:00,3.0,0.43
5/21/2021 11:00,4.08,0.58
5/21/2021 12:00,4.84,0.69
5/21/2021 13:00,5.16,0.74
5/21/2021 14:00,4.81,0.69
5/21/2021 15:00,4.75,0.68
5/21/2021 16:00,4.38,0.63
5/21/2021 17:00,3.56,0.51
5/21/2021 18:00,2.61,0.37
5/21/2021 19:00,1.34,0.19
5/21/2021 20:00,0.33,0.05
5/21/2021 21:00,0.04,0.01
5/21/2021 22:00,0.0,0.0
5/21/2021 23:00,0.0,0.0
5/22/2021 0:00,0.0,0.0
5/22/2021 1:00,0.0,0.0
5/22/2021 2:00,0.0,0.0
5/22/2021 3:00,0.0,0.0
5/22/2021 4:00,0.0,0.0
5/22/2021 5:00,0.0,0.0
5/22/2021 6:00,0.0,0.0
5/22/2021 7:00,0.01,0.0
5/22/2021 8:00,0.44,0.06
5/22/2021 9:00,1.15,0.16
5/22/2021 10:00,2.58,0.37
5/22/2021 11:00,3.34,0.48
5/22/2021 12:00,3.36,0.48
5/22/2021 13:00,4.59,0.66
5/22/2021 14:00,4.64,0.66
5/22/2021 15:00,2.77,0.4
5/22/2021 16:00,2.06,0.29
5/22/2021 17:00,1.43,0.2
5/22/2021 18:00,1.48,0.21
5/22/2021 19:00,0.94,0.13
5/22/2021 20:00,0.66,0.09
5/22/2021 21:00,0.13,0.02
5/22/2021 22:00,0.0,0.0
5/22/2021 23:00,0.0,0.0
5/23/2021 0:00,0.0,0.0
5/23/2021 1:00,0.0,0.0
5/23/2021 2:00,0.0,0.0
5/23/2021 3:00,0.0,0.0
5/23/2021 4:00,0.0,0.0
5/23/2021 5:00,0.0,0.0
5/23/2021 6:00,0.0,0.0
5/23/2021 7:00,0.02,0.0
5/23/2021 8:00,0.34,0.05
5/23/2021 9:00,1.42,0.2
5/23/2021 10:00,2.27,0.32
5/23/2021 11:00,4.28,0.61
5/23/2021 12:00,5.01,0.72
5/23/2021 13:00,5.13,0.73
5/23/2021 14:00,5.77,0.82
5/23/2021 15:00,5.52,0.79
5/23/2021 16:00,4.99,0.71
5/23/2021 17:00,3.97,0.57
5/23/2021 18:00,2.72,0.39
5/23/2021 19:00,0.69,0.1
5/23/2021 20:00,0.27,0.04
5/23/2021 21:00,0.05,0.01
5/23/2021 22:00,0.0,0.0
5/23/2021 23:00,0.0,0.0
5/24/2021 0:00,0.0,0.0
5/24/2021 1:00,0.0,0.0
5/24/2021 2:00,0.0,0.0
5/24/2021 3:00,0.0,0.0
5/24/2021 4:00,0.0,0.0
5/24/2021 5:00,0.0,0.0
5/24/2021 6:00,0.0,0.0
5/24/2021 7:00,0.03,0.0
5/24/2021 8:00,0.39,0.06
5/24/2021 9:00,1.36,0.19
5/24/2021 10:00,2.33,0.33
5/24/2021 11:00,2.19,0.31
5/24/2021 12:00,3.15,0.45
5/24/2021 13:00,2.31,0.33
5/24/2021 14:00,2.25,0.32
5/24/2021 15:00,2.87,0.41
5/24/2021 16:00,3.54,0.51
5/24/2021 17:00,4.06,0.58
5/24/2021 18:00,2.72,0.39
5/24/2021 19:00,1.35,0.19
5/24/2021 20:00,0.35,0.05
5/24/2021 21:00,0.05,0.01
5/24/2021 22:00,0.0,0.0
5/24/2021 23:00,0.0,0.0
5/25/2021 0:00,0.0,0.0
5/25/2021 1:00,0.0,0.0
5/25/2021 2:00,0.0,0.0
5/25/2021 3:00,0.0,0.0
5/25/2021 4:00,0.0,0.0
5/25/2021 5:00,0.0,0.0
5/25/2021 6:00,0.0,0.0
5/25/2021 7:00,0.03,0.0
5/25/2021 8:00,0.37,0.05
5/25/2021 9:00,1.43,0.2
5/25/2021 10:00,3.06,0.44
5/25/2021 11:00,4.22,0.6
5/25/2021 12:00,4.97,0.71
5/25/2021 13:00,5.38,0.77
5/25/2021 14:00,5.38,0.77
5/25/2021 15:00,5.15,0.74
5/25/2021 16:00,4.69,0.67
5/25/2021 17:00,3.94,0.56
5/25/2021 18:00,2.56,0.37
5/25/2021 19:00,1.04,0.15
5/25/2021 20:00,0.46,0.07
5/25/2021 21:00,0.06,0.01
5/25/2021 22:00,0.0,0.0
5/25/2021 23:00,0.0,0.0
5/26/2021 0:00,0.0,0.0
5/26/2021 1:00,0.0,0.0
5/26/2021 2:00,0.0,0.0
5/26/2021 3:00,0.0,0.0
5/26/2021 4:00,0.0,0.0
5/26/2021 5:00,0.0,0.0
5/26/2021 6:00,0.0,0.0
5/26/2021 7:00,0.03,0.0
5/26/2021 8:00,0.37,0.05
5/26/2021 9:00,1.43,0.2
5/26/2021 10:00,2.98,0.43
5/26/2021 11:00,4.06,0.58
5/26/2021 12:00,4.67,0.67
5/26/2021 13:00,4.95,0.71
5/26/2021 14:00,5.14,0.73
5/26/2021 15:00,5.03,0.72
5/26/2021 16:00,4.58,0.65
5/26/2021 17:00,3.77,0.54
5/26/2021 18:00,2.61,0.37
5/26/2021 19:00,1.24,0.18
5/26/2021 20:00,0.33,0.05
5/26/2021 21:00,0.03,0.0
5/26/2021 22:00,0.0,0.0
5/26/2021 23:00,0.0,0.0
5/27/2021 0:00,0.0,0.0
5/27/2021 1:00,0.0,0.0
5/27/2021 2:00,0.0,0.0
5/27/2021 3:00,0.0,0.0
5/27/2021 4:00,0.0,0.0
5/27/2021 5:00,0.0,0.0
5/27/2021 6:00,0.0,0.0
5/27/2021 7:00,0.06,0.01
5/27/2021 8:00,0.51,0.07
5/27/2021 9:00,1.03,0.15
5/27/2021 10:00,2.2,0.31
5/27/2021 11:00,3.39,0.48
5/27/2021 12:00,3.33,0.48
5/27/2021 13:00,4.16,0.59
5/27/2021 14:00,3.57,0.51
5/27/2021 15:00,3.79,0.54
5/27/2021 16:00,3.64,0.52
5/27/2021 17:00,3.92,0.56
5/27/2021 18:00,2.26,0.32
5/27/2021 19:00,1.45,0.21
5/27/2021 20:00,0.75,0.11
5/27/2021 21:00,0.14,0.02
5/27/2021 22:00,0.0,0.0
5/27/2021 23:00,0.0,0.0
5/28/2021 0:00,0.0,0.0
5/28/2021 1:00,0.0,0.0
5/28/2021 2:00,0.0,0.0
5/28/2021 3:00,0.0,0.0
5/28/2021 4:00,0.0,0.0
5/28/2021 5:00,0.0,0.0
5/28/2021 6:00,0.0,0.0
5/28/2021 7:00,0.02,0.0
5/28/2021 8:00,0.34,0.05
5/28/2021 9:00,1.48,0.21
5/28/2021 10:00,2.9,0.41
5/28/2021 11:00,4.04,0.58
5/28/2021 12:00,4.77,0.68
5/28/2021 13:00,4.97,0.71
5/28/2021 14:00,4.92,0.7
5/28/2021 15:00,4.63,0.66
5/28/2021 16:00,4.57,0.65
5/28/2021 17:00,3.81,0.54
5/28/2021 18:00,2.6,0.37
5/28/2021 19:00,1.26,0.18
5/28/2021 20:00,0.36,0.05
5/28/2021 21:00,0.04,0.01
5/28/2021 22:00,0.0,0.0
5/28/2021 23:00,0.0,0.0
5/29/2021 0:00,0.0,0.0
5/29/2021 1:00,0.0,0.0
5/29/2021 2:00,0.0,0.0
5/29/2021 3:00,0.0,0.0
5/29/2021 4:00,0.0,0.0
5/29/2021 5:00,0.0,0.0
5/29/2021 6:00,0.0,0.0
5/29/2021 7:00,0.04,0.01
5/29/2021 8:00,0.4,0.06
5/29/2021 9:00,1.42,0.2
5/29/2021 10:00,2.93,0.42
5/29/2021 11:00,4.05,0.58
5/29/2021 12:00,4.78,0.68
5/29/2021 13:00,5.21,0.74
5/29/2021 14:00,5.27,0.75
5/29/2021 15:00,5.06,0.72
5/29/2021 16:00,4.6,0.66
5/29/2021 17:00,3.85,0.55
5/29/2021 18:00,2.68,0.38
5/29/2021 19:00,1.31,0.19
5/29/2021 20:00,0.35,0.05
5/29/2021 21:00,0.05,0.01
5/29/2021 22:00,0.0,0.0
5/29/2021 23:00,0.0,0.0
5/30/2021 0:00,0.0,0.0
5/30/2021 1:00,0.0,0.0
5/30/2021 2:00,0.0,0.0
5/30/2021 3:00,0.0,0.0
5/30/2021 4:00,0.0,0.0
5/30/2021 5:00,0.0,0.0
5/30/2021 6:00,0.0,0.0
5/30/2021 7:00,0.08,0.01
5/30/2021 8:00,0.45,0.06
5/30/2021 9:00,1.37,0.2
5/30/2021 10:00,2.9,0.41
5/30/2021 11:00,3.99,0.57
5/30/2021 12:00,4.58,0.65
5/30/2021 13:00,4.86,0.69
5/30/2021 14:00,4.89,0.7
5/30/2021 15:00,5.11,0.73
5/30/2021 16:00,3.52,0.5
5/30/2021 17:00,3.64,0.52
5/30/2021 18:00,2.36,0.34
5/30/2021 19:00,1.32,0.19
5/30/2021 20:00,0.36,0.05
5/30/2021 21:00,0.03,0.0
5/30/2021 22:00,0.0,0.0
5/30/2021 23:00,0.0,0.0
5/31/2021 0:00,0.0,0.0
5/31/2021 1:00,0.0,0.0
5/31/2021 2:00,0.0,0.0
5/31/2021 3:00,0.0,0.0
5/31/2021 4:00,0.0,0.0
5/31/2021 5:00,0.0,0.0
5/31/2021 6:00,0.0,0.0
5/31/2021 7:00,0.06,0.01
5/31/2021 8:00,0.54,0.08
5/31/2021 9:00,1.2,0.17
5/31/2021 10:00,2.63,0.38
5/31/2021 11:00,4.2,0.6
5/31/2021 12:00,4.85,0.69
5/31/2021 13:00,4.95,0.71
5/31/2021 14:00,5.52,0.79
5/31/2021 15:00,5.23,0.75
5/31/2021 16:00,3.97,0.57
5/31/2021 17:00,3.27,0.47
5/31/2021 18:00,2.12,0.3
5/31/2021 19:00,0.83,0.12
5/31/2021 20:00,0.38,0.05
5/31/2021 21:00,0.05,0.01
5/31/2021 22:00,0.0,0.0
5/31/2021 23:00,0.0,0.0
6/1/2021 0:00,0.0,0.0
6/1/2021 1:00,0.0,0.0
6/1/2021 2:00,0.0,0.0
6/1/2021 3:00,0.0,0.0
6/1/2021 4:00,0.0,0.0
6/1/2021 5:00,0.0,0.0
6/1/2021 6:00,0.0,0.0
6/1/2021 7:00,0.0,0.0
6/1/2021 8:00,0.12,0.02
6/1/2021 9:00,0.43,0.06
6/1/2021 10:00,0.78,0.11
6/1/2021 11:00,1.56,0.22
6/1/2021 12:00,1.27,0.18
6/1/2021 13:00,2.08,0.3
6/1/2021 14:00,3.01,0.43
6/1/2021 15:00,2.01,0.29
6/1/2021 16:00,1.53,0.22
6/1/2021 17:00,1.37,0.2
6/1/2021 18:00,1.19,0.17
6/1/2021 19:00,1.29,0.18
6/1/2021 20:00,0.37,0.05
6/1/2021 21:00,0.05,0.01
6/1/2021 22:00,0.0,0.0
6/1/2021 23:00,0.0,0.0
6/2/2021 0:00,0.0,0.0
6/2/2021 1:00,0.0,0.0
6/2/2021 2:00,0.0,0.0
6/2/2021 3:00,0.0,0.0
6/2/2021 4:00,0.0,0.0
6/2/2021 5:00,0.0,0.0
6/2/2021 6:00,0.0,0.0
6/2/2021 7:00,0.03,0.0
6/2/2021 8:00,0.35,0.05
6/2/2021 9:00,1.41,0.2
6/2/2021 10:00,2.63,0.38
6/2/2021 11:00,2.15,0.31
6/2/2021 12:00,1.32,0.19
6/2/2021 13:00,1.63,0.23
6/2/2021 14:00,2.11,0.3
6/2/2021 15:00,2.82,0.4
6/2/2021 16:00,0.98,0.14
6/2/2021 17:00,1.39,0.2
6/2/2021 18:00,2.51,0.36
6/2/2021 19:00,1.25,0.18
6/2/2021 20:00,0.32,0.05
6/2/2021 21:00,0.07,0.01
6/2/2021 22:00,0.0,0.0
6/2/2021 23:00,0.0,0.0
6/3/2021 0:00,0.0,0.0
6/3/2021 1:00,0.0,0.0
6/3/2021 2:00,0.0,0.0
6/3/2021 3:00,0.0,0.0
6/3/2021 4:00,0.0,0.0
6/3/2021 5:00,0.0,0.0
6/3/2021 6:00,0.0,0.0
6/3/2021 7:00,0.03,0.0
6/3/2021 8:00,0.37,0.05
6/3/2021 9:00,1.47,0.21
6/3/2021 10:00,3.12,0.45
6/3/2021 11:00,4.28,0.61
6/3/2021 12:00,5.08,0.73
6/3/2021 13:00,5.55,0.79
6/3/2021 14:00,5.41,0.77
6/3/2021 15:00,5.37,0.77
6/3/2021 16:00,4.63,0.66
6/3/2021 17:00,3.95,0.56
6/3/2021 18:00,2.87,0.41
6/3/2021 19:00,1.45,0.21
6/3/2021 20:00,0.36,0.05
6/3/2021 21:00,0.05,0.01
6/3/2021 22:00,0.0,0.0
6/3/2021 23:00,0.0,0.0
6/4/2021 0:00,0.0,0.0
6/4/2021 1:00,0.0,0.0
6/4/2021 2:00,0.0,0.0
6/4/2021 3:00,0.0,0.0
6/4/2021 4:00,0.0,0.0
6/4/2021 5:00,0.0,0.0
6/4/2021 6:00,0.0,0.0
6/4/2021 7:00,0.03,0.0
6/4/2021 8:00,0.35,0.05
6/4/2021 9:00,1.41,0.2
6/4/2021 10:00,3.08,0.44
6/4/2021 11:00,4.23,0.6
6/4/2021 12:00,4.98,0.71
6/4/2021 13:00,5.39,0.77
6/4/2021 14:00,5.48,0.78
6/4/2021 15:00,5.27,0.75
6/4/2021 16:00,4.8,0.69
6/4/2021 17:00,4.05,0.58
6/4/2021 18:00,2.85,0.41
6/4/2021 19:00,1.24,0.18
6/4/2021 20:00,0.13,0.02
6/4/2021 21:00,0.01,0.0
6/4/2021 22:00,0.0,0.0
6/4/2021 23:00,0.0,0.0
6/5/2021 0:00,0.0,0.0
6/5/2021 1:00,0.0,0.0
6/5/2021 2:00,0.0,0.0
6/5/2021 3:00,0.0,0.0
6/5/2021 4:00,0.0,0.0
6/5/2021 5:00,0.0,0.0
6/5/2021 6:00,0.0,0.0
6/5/2021 7:00,0.03,0.0
6/5/2021 8:00,0.36,0.05
6/5/2021 9:00,1.37,0.2
6/5/2021 10:00,2.98,0.43
6/5/2021 11:00,4.04,0.58
6/5/2021 12:00,4.79,0.68
6/5/2021 13:00,5.17,0.74
6/5/2021 14:00,5.23,0.75
6/5/2021 15:00,5.05,0.72
6/5/2021 16:00,4.57,0.65
6/5/2021 17:00,3.84,0.55
6/5/2021 18:00,2.7,0.39
6/5/2021 19:00,1.37,0.2
6/5/2021 20:00,0.35,0.05
6/5/2021 21:00,0.05,0.01
6/5/2021 22:00,0.0,0.0
6/5/2021 23:00,0.0,0.0
6/6/2021 0:00,0.0,0.0
6/6/2021 1:00,0.0,0.0
6/6/2021 2:00,0.0,0.0
6/6/2021 3:00,0.0,0.0
6/6/2021 4:00,0.0,0.0
6/6/2021 5:00,0.0,0.0
6/6/2021 6:00,0.0,0.0
6/6/2021 7:00,0.03,0.0
6/6/2021 8:00,0.35,0.05
6/6/2021 9:00,1.35,0.19
6/6/2021 10:00,2.97,0.42
6/6/2021 11:00,4.06,0.58
6/6/2021 12:00,4.8,0.69
6/6/2021 13:00,5.22,0.75
6/6/2021 14:00,5.28,0.75
6/6/2021 15:00,5.07,0.72
6/6/2021 16:00,4.64,0.66
6/6/2021 17:00,3.9,0.56
6/6/2021 18:00,2.73,0.39
6/6/2021 19:00,1.37,0.2
6/6/2021 20:00,0.34,0.05
6/6/2021 21:00,0.05,0.01
6/6/2021 22:00,0.0,0.0
6/6/2021 23:00,0.0,0.0
6/7/2021 0:00,0.0,0.0
6/7/2021 1:00,0.0,0.0
6/7/2021 2:00,0.0,0.0
6/7/2021 3:00,0.0,0.0
6/7/2021 4:00,0.0,0.0
6/7/2021 5:00,0.0,0.0
6/7/2021 6:00,0.0,0.0
6/7/2021 7:00,0.03,0.0
6/7/2021 8:00,0.35,0.05
6/7/2021 9:00,1.35,0.19
6/7/2021 10:00,2.99,0.43
6/7/2021 11:00,4.1,0.59
6/7/2021 12:00,4.82,0.69
6/7/2021 13:00,5.23,0.75
6/7/2021 14:00,5.31,0.76
6/7/2021 15:00,5.13,0.73
6/7/2021 16:00,4.68,0.67
6/7/2021 17:00,3.95,0.56
6/7/2021 18:00,2.76,0.39
6/7/2021 19:00,1.39,0.2
6/7/2021 20:00,0.36,0.05
6/7/2021 21:00,0.06,0.01
6/7/2021 22:00,0.0,0.0
6/7/2021 23:00,0.0,0.0
6/8/2021 0:00,0.0,0.0
6/8/2021 1:00,0.0,0.0
6/8/2021 2:00,0.0,0.0
6/8/2021 3:00,0.0,0.0
6/8/2021 4:00,0.0,0.0
6/8/2021 5:00,0.0,0.0
6/8/2021 6:00,0.0,0.0
6/8/2021 7:00,0.03,0.0
6/8/2021 8:00,0.35,0.05
6/8/2021 9:00,1.39,0.2
6/8/2021 10:00,3.0,0.43
6/8/2021 11:00,3.75,0.54
6/8/2021 12:00,4.82,0.69
6/8/2021 13:00,5.25,0.75
6/8/2021 14:00,5.31,0.76
6/8/2021 15:00,5.11,0.73
6/8/2021 16:00,4.71,0.67
6/8/2021 17:00,3.98,0.57
6/8/2021 18:00,2.78,0.4
6/8/2021 19:00,1.41,0.2
6/8/2021 20:00,0.36,0.05
6/8/2021 21:00,0.06,0.01
6/8/2021 22:00,0.0,0.0
6/8/2021 23:00,0.0,0.0
6/9/2021 0:00,0.0,0.0
6/9/2021 1:00,0.0,0.0
6/9/2021 2:00,0.0,0.0
6/9/2021 3:00,0.0,0.0
6/9/2021 4:00,0.0,0.0
6/9/2021 5:00,0.0,0.0
6/9/2021 6:00,0.0,0.0
6/9/2021 7:00,0.08,0.01
6/9/2021 8:00,0.32,0.05
6/9/2021 9:00,1.21,0.17
6/9/2021 10:00,3.0,0.43
6/9/2021 11:00,3.7,0.53
6/9/2021 12:00,2.75,0.39
6/9/2021 13:00,4.81,0.69
6/9/2021 14:00,5.16,0.74
6/9/2021 15:00,5.04,0.72
6/9/2021 16:00,4.62,0.66
6/9/2021 17:00,3.88,0.55
6/9/2021 18:00,2.71,0.39
6/9/2021 19:00,1.37,0.2
6/9/2021 20:00,0.36,0.05
6/9/2021 21:00,0.06,0.01
6/9/2021 22:00,0.0,0.0
6/9/2021 23:00,0.0,0.0
6/10/2021 0:00,0.0,0.0
6/10/2021 1:00,0.0,0.0
6/10/2021 2:00,0.0,0.0
6/10/2021 3:00,0.0,0.0
6/10/2021 4:00,0.0,0.0
6/10/2021 5:00,0.0,0.0
6/10/2021 6:00,0.0,0.0
6/10/2021 7:00,0.05,0.01
6/10/2021 8:00,0.41,0.06
6/10/2021 9:00,1.26,0.18
6/10/2021 10:00,2.73,0.39
6/10/2021 11:00,3.7,0.53
6/10/2021 12:00,4.58,0.65
6/10/2021 13:00,4.99,0.71
6/10/2021 14:00,5.11,0.73
6/10/2021 15:00,4.8,0.69
6/10/2021 16:00,4.33,0.62
6/10/2021 17:00,3.34,0.48
6/10/2021 18:00,2.69,0.38
6/10/2021 19:00,1.31,0.19
6/10/2021 20:00,0.39,0.06
6/10/2021 21:00,0.07,0.01
6/10/2021 22:00,0.0,0.0
6/10/2021 23:00,0.0,0.0
6/11/2021 0:00,0.0,0.0
6/11/2021 1:00,0.0,0.0
6/11/2021 2:00,0.0,0.0
6/11/2021 3:00,0.0,0.0
6/11/2021 4:00,0.0,0.0
6/11/2021 5:00,0.0,0.0
6/11/2021 6:00,0.0,0.0
6/11/2021 7:00,0.05,0.01
6/11/2021 8:00,0.44,0.06
6/11/2021 9:00,1.29,0.18
6/11/2021 10:00,2.75,0.39
6/11/2021 11:00,4.09,0.58
6/11/2021 12:00,4.52,0.65
6/11/2021 13:00,4.95,0.71
6/11/2021 14:00,4.95,0.71
6/11/2021 15:00,4.84,0.69
6/11/2021 16:00,4.39,0.63
6/11/2021 17:00,3.65,0.52
6/11/2021 18:00,2.47,0.35
6/11/2021 19:00,1.3,0.19
6/11/2021 20:00,0.42,0.06
6/11/2021 21:00,0.07,0.01
6/11/2021 22:00,0.0,0.0
6/11/2021 23:00,0.0,0.0
6/12/2021 0:00,0.0,0.0
6/12/2021 1:00,0.0,0.0
6/12/2021 2:00,0.0,0.0
6/12/2021 3:00,0.0,0.0
6/12/2021 4:00,0.0,0.0
6/12/2021 5:00,0.0,0.0
6/12/2021 6:00,0.0,0.0
6/12/2021 7:00,0.06,0.01
6/12/2021 8:00,0.56,0.08
6/12/2021 9:00,1.26,0.18
6/12/2021 10:00,2.28,0.33
6/12/2021 11:00,3.72,0.53
6/12/2021 12:00,4.52,0.65
6/12/2021 13:00,5.22,0.75
6/12/2021 14:00,4.89,0.7
6/12/2021 15:00,4.72,0.67
6/12/2021 16:00,4.57,0.65
6/12/2021 17:00,3.28,0.47
6/12/2021 18:00,2.81,0.4
6/12/2021 19:00,1.42,0.2
6/12/2021 20:00,0.56,0.08
6/12/2021 21:00,0.07,0.01
6/12/2021 22:00,0.0,0.0
6/12/2021 23:00,0.0,0.0
6/13/2021 0:00,0.0,0.0
6/13/2021 1:00,0.0,0.0
6/13/2021 2:00,0.0,0.0
6/13/2021 3:00,0.0,0.0
6/13/2021 4:00,0.0,0.0
6/13/2021 5:00,0.0,0.0
6/13/2021 6:00,0.0,0.0
6/13/2021 7:00,0.07,0.01
6/13/2021 8:00,0.5,0.07
6/13/2021 9:00,1.1,0.16
6/13/2021 10:00,2.68,0.38
6/13/2021 11:00,3.88,0.55
6/13/2021 12:00,4.58,0.65
6/13/2021 13:00,4.95,0.71
6/13/2021 14:00,4.71,0.67
6/13/2021 15:00,5.08,0.73
6/13/2021 16:00,4.69,0.67
6/13/2021 17:00,3.89,0.56
6/13/2021 18:00,2.65,0.38
6/13/2021 19:00,1.34,0.19
6/13/2021 20:00,0.42,0.06
6/13/2021 21:00,0.08,0.01
6/13/2021 22:00,0.0,0.0
6/13/2021 23:00,0.0,0.0
6/14/2021 0:00,0.0,0.0
6/14/2021 1:00,0.0,0.0
6/14/2021 2:00,0.0,0.0
6/14/2021 3:00,0.0,0.0
6/14/2021 4:00,0.0,0.0
6/14/2021 5:00,0.0,0.0
6/14/2021 6:00,0.0,0.0
6/14/2021 7:00,0.05,0.01
6/14/2021 8:00,0.39,0.06
6/14/2021 9:00,1.28,0.18
6/14/2021 10:00,2.75,0.39
6/14/2021 11:00,3.85,0.55
6/14/2021 12:00,4.62,0.66
6/14/2021 13:00,4.99,0.71
6/14/2021 14:00,5.26,0.75
6/14/2021 15:00,5.03,0.72
6/14/2021 16:00,4.59,0.66
6/14/2021 17:00,3.84,0.55
6/14/2021 18:00,2.72,0.39
6/14/2021 19:00,1.38,0.2
6/14/2021 20:00,0.4,0.06
6/14/2021 21:00,0.07,0.01
6/14/2021 22:00,0.0,0.0
6/14/2021 23:00,0.0,0.0
6/15/2021 0:00,0.0,0.0
6/15/2021 1:00,0.0,0.0
6/15/2021 2:00,0.0,0.0
6/15/2021 3:00,0.0,0.0
6/15/2021 4:00,0.0,0.0
6/15/2021 5:00,0.0,0.0
6/15/2021 6:00,0.0,0.0
6/15/2021 7:00,0.04,0.01
6/15/2021 8:00,0.38,0.05
6/15/2021 9:00,1.27,0.18
6/15/2021 10:00,2.12,0.3
6/15/2021 11:00,3.55,0.51
6/15/2021 12:00,4.32,0.62
6/15/2021 13:00,4.91,0.7
6/15/2021 14:00,4.47,0.64
6/15/2021 15:00,4.06,0.58
6/15/2021 16:00,3.79,0.54
6/15/2021 17:00,3.32,0.47
6/15/2021 18:00,2.59,0.37
6/15/2021 19:00,1.18,0.17
6/15/2021 20:00,0.56,0.08
6/15/2021 21:00,0.07,0.01
6/15/2021 22:00,0.0,0.0
6/15/2021 23:00,0.0,0.0
6/16/2021 0:00,0.0,0.0
6/16/2021 1:00,0.0,0.0
6/16/2021 2:00,0.0,0.0
6/16/2021 3:00,0.0,0.0
6/16/2021 4:00,0.0,0.0
6/16/2021 5:00,0.0,0.0
6/16/2021 6:00,0.0,0.0
6/16/2021 7:00,0.0,0.0
6/16/2021 8:00,0.03,0.0
6/16/2021 9:00,0.37,0.05
6/16/2021 10:00,0.52,0.07
6/16/2021 11:00,1.34,0.19
6/16/2021 12:00,2.13,0.3
6/16/2021 13:00,4.6,0.66
6/16/2021 14:00,5.48,0.78
6/16/2021 15:00,5.19,0.74
6/16/2021 16:00,4.8,0.69
6/16/2021 17:00,4.02,0.57
6/16/2021 18:00,2.77,0.4
6/16/2021 19:00,1.44,0.21
6/16/2021 20:00,0.4,0.06
6/16/2021 21:00,0.05,0.01
6/16/2021 22:00,0.0,0.0
6/16/2021 23:00,0.0,0.0
6/17/2021 0:00,0.0,0.0
6/17/2021 1:00,0.0,0.0
6/17/2021 2:00,0.0,0.0
6/17/2021 3:00,0.0,0.0
6/17/2021 4:00,0.0,0.0
6/17/2021 5:00,0.0,0.0
6/17/2021 6:00,0.0,0.0
6/17/2021 7:00,0.17,0.02
6/17/2021 8:00,0.18,0.03
6/17/2021 9:00,0.09,0.01
6/17/2021 10:00,0.39,0.06
6/17/2021 11:00,1.22,0.17
6/17/2021 12:00,1.93,0.28
6/17/2021 13:00,0.7,0.1
6/17/2021 14:00,1.01,0.14
6/17/2021 15:00,2.66,0.38
6/17/2021 16:00,1.48,0.21
6/17/2021 17:00,1.34,0.19
6/17/2021 18:00,1.7,0.24
6/17/2021 19:00,0.75,0.11
6/17/2021 20:00,0.4,0.06
6/17/2021 21:00,0.08,0.01
6/17/2021 22:00,0.0,0.0
6/17/2021 23:00,0.0,0.0
6/18/2021 0:00,0.0,0.0
6/18/2021 1:00,0.0,0.0
6/18/2021 2:00,0.0,0.0
6/18/2021 3:00,0.0,0.0
6/18/2021 4:00,0.0,0.0
6/18/2021 5:00,0.0,0.0
6/18/2021 6:00,0.0,0.0
6/18/2021 7:00,0.04,0.01
6/18/2021 8:00,0.52,0.07
6/18/2021 9:00,1.09,0.16
6/18/2021 10:00,1.44,0.21
6/18/2021 11:00,2.51,0.36
6/18/2021 12:00,2.61,0.37
6/18/2021 13:00,2.04,0.29
6/18/2021 14:00,3.23,0.46
6/18/2021 15:00,3.41,0.49
6/18/2021 16:00,2.93,0.42
6/18/2021 17:00,2.64,0.38
6/18/2021 18:00,1.22,0.17
6/18/2021 19:00,1.28,0.18
6/18/2021 20:00,0.58,0.08
6/18/2021 21:00,0.06,0.01
6/18/2021 22:00,0.0,0.0
6/18/2021 23:00,0.0,0.0
6/19/2021 0:00,0.0,0.0
6/19/2021 1:00,0.0,0.0
6/19/2021 2:00,0.0,0.0
6/19/2021 3:00,0.0,0.0
6/19/2021 4:00,0.0,0.0
6/19/2021 5:00,0.0,0.0
6/19/2021 6:00,0.0,0.0
6/19/2021 7:00,0.0,0.0
6/19/2021 8:00,0.06,0.01
6/19/2021 9:00,0.6,0.09
6/19/2021 10:00,1.74,0.25
6/19/2021 11:00,2.76,0.39
6/19/2021 12:00,4.0,0.57
6/19/2021 13:00,3.2,0.46
6/19/2021 14:00,3.01,0.43
6/19/2021 15:00,1.49,0.21
6/19/2021 16:00,2.25,0.32
6/19/2021 17:00,1.77,0.25
6/19/2021 18:00,1.65,0.24
6/19/2021 19:00,1.26,0.18
6/19/2021 20:00,0.4,0.06
6/19/2021 21:00,0.1,0.01
6/19/2021 22:00,0.0,0.0
6/19/2021 23:00,0.0,0.0
6/20/2021 0:00,0.0,0.0
6/20/2021 1:00,0.0,0.0
6/20/2021 2:00,0.0,0.0
6/20/2021 3:00,0.0,0.0
6/20/2021 4:00,0.0,0.0
6/20/2021 5:00,0.0,0.0
6/20/2021 6:00,0.0,0.0
6/20/2021 7:00,0.0,0.0
6/20/2021 8:00,0.12,0.02
6/20/2021 9:00,0.37,0.05
6/20/2021 10:00,1.07,0.15
6/20/2021 11:00,1.61,0.23
6/20/2021 12:00,2.79,0.4
6/20/2021 13:00,5.21,0.74
6/20/2021 14:00,5.64,0.81
6/20/2021 15:00,5.44,0.78
6/20/2021 16:00,4.83,0.69
6/20/2021 17:00,4.03,0.58
6/20/2021 18:00,2.35,0.34
6/20/2021 19:00,1.02,0.15
6/20/2021 20:00,0.56,0.08
6/20/2021 21:00,0.13,0.02
6/20/2021 22:00,0.0,0.0
6/20/2021 23:00,0.0,0.0
6/21/2021 0:00,0.0,0.0
6/21/2021 1:00,0.0,0.0
6/21/2021 2:00,0.0,0.0
6/21/2021 3:00,0.0,0.0
6/21/2021 4:00,0.0,0.0
6/21/2021 5:00,0.0,0.0
6/21/2021 6:00,0.0,0.0
6/21/2021 7:00,0.02,0.0
6/21/2021 8:00,0.32,0.05
6/21/2021 9:00,0.79,0.11
6/21/2021 10:00,1.24,0.18
6/21/2021 11:00,1.99,0.28
6/21/2021 12:00,1.43,0.2
6/21/2021 13:00,2.22,0.32
6/21/2021 14:00,3.33,0.48
6/21/2021 15:00,2.91,0.42
6/21/2021 16:00,1.64,0.23
6/21/2021 17:00,2.7,0.39
6/21/2021 18:00,1.68,0.24
6/21/2021 19:00,0.59,0.08
6/21/2021 20:00,0.52,0.07
6/21/2021 21:00,0.09,0.01
6/21/2021 22:00,0.0,0.0
6/21/2021 23:00,0.0,0.0
6/22/2021 0:00,0.0,0.0
6/22/2021 1:00,0.0,0.0
6/22/2021 2:00,0.0,0.0
6/22/2021 3:00,0.0,0.0
6/22/2021 4:00,0.0,0.0
6/22/2021 5:00,0.0,0.0
6/22/2021 6:00,0.0,0.0
6/22/2021 7:00,0.04,0.01
6/22/2021 8:00,0.45,0.06
6/22/2021 9:00,1.22,0.17
6/22/2021 10:00,1.99,0.28
6/22/2021 11:00,3.26,0.47
6/22/2021 12:00,4.76,0.68
6/22/2021 13:00,4.23,0.6
6/22/2021 14:00,5.42,0.77
6/22/2021 15:00,5.14,0.73
6/22/2021 16:00,4.88,0.7
6/22/2021 17:00,3.72,0.53
6/22/2021 18:00,2.84,0.41
6/22/2021 19:00,1.38,0.2
6/22/2021 20:00,0.4,0.06
6/22/2021 21:00,0.07,0.01
6/22/2021 22:00,0.0,0.0
6/22/2021 23:00,0.0,0.0
6/23/2021 0:00,0.0,0.0
6/23/2021 1:00,0.0,0.0
6/23/2021 2:00,0.0,0.0
6/23/2021 3:00,0.0,0.0
6/23/2021 4:00,0.0,0.0
6/23/2021 5:00,0.0,0.0
6/23/2021 6:00,0.0,0.0
6/23/2021 7:00,0.03,0.0
6/23/2021 8:00,0.33,0.05
6/23/2021 9:00,1.28,0.18
6/23/2021 10:00,2.9,0.41
6/23/2021 11:00,4.04,0.58
6/23/2021 12:00,4.77,0.68
6/23/2021 13:00,5.17,0.74
6/23/2021 14:00,5.27,0.75
6/23/2021 15:00,5.11,0.73
6/23/2021 16:00,4.73,0.68
6/23/2021 17:00,3.92,0.56
6/23/2021 18:00,2.83,0.4
6/23/2021 19:00,1.47,0.21
6/23/2021 20:00,0.34,0.05
6/23/2021 21:00,0.1,0.01
6/23/2021 22:00,0.0,0.0
6/23/2021 23:00,0.0,0.0
6/24/2021 0:00,0.0,0.0
6/24/2021 1:00,0.0,0.0
6/24/2021 2:00,0.0,0.0
6/24/2021 3:00,0.0,0.0
6/24/2021 4:00,0.0,0.0
6/24/2021 5:00,0.0,0.0
6/24/2021 6:00,0.0,0.0
6/24/2021 7:00,0.02,0.0
6/24/2021 8:00,0.3,0.04
6/24/2021 9:00,1.25,0.18
6/24/2021 10:00,2.86,0.41
6/24/2021 11:00,3.92,0.56
6/24/2021 12:00,4.6,0.66
6/24/2021 13:00,4.99,0.71
6/24/2021 14:00,5.17,0.74
6/24/2021 15:00,4.86,0.69
6/24/2021 16:00,4.52,0.65
6/24/2021 17:00,3.91,0.56
6/24/2021 18:00,2.77,0.4
6/24/2021 19:00,1.42,0.2
6/24/2021 20:00,0.39,0.06
6/24/2021 21:00,0.07,0.01
6/24/2021 22:00,0.0,0.0
6/24/2021 23:00,0.0,0.0
6/25/2021 0:00,0.0,0.0
6/25/2021 1:00,0.0,0.0
6/25/2021 2:00,0.0,0.0
6/25/2021 3:00,0.0,0.0
6/25/2021 4:00,0.0,0.0
6/25/2021 5:00,0.0,0.0
6/25/2021 6:00,0.0,0.0
6/25/2021 7:00,0.02,0.0
6/25/2021 8:00,0.29,0.04
6/25/2021 9:00,1.2,0.17
6/25/2021 10:00,2.77,0.4
6/25/2021 11:00,3.87,0.55
6/25/2021 12:00,4.61,0.66
6/25/2021 13:00,5.07,0.72
6/25/2021 14:00,5.18,0.74
6/25/2021 15:00,4.77,0.68
6/25/2021 16:00,4.37,0.62
6/25/2021 17:00,3.89,0.56
6/25/2021 18:00,2.75,0.39
6/25/2021 19:00,1.42,0.2
6/25/2021 20:00,0.4,0.06
6/25/2021 21:00,0.07,0.01
6/25/2021 22:00,0.0,0.0
6/25/2021 23:00,0.0,0.0
6/26/2021 0:00,0.0,0.0
6/26/2021 1:00,0.0,0.0
6/26/2021 2:00,0.0,0.0
6/26/2021 3:00,0.0,0.0
6/26/2021 4:00,0.0,0.0
6/26/2021 5:00,0.0,0.0
6/26/2021 6:00,0.0,0.0
6/26/2021 7:00,0.03,0.0
6/26/2021 8:00,0.32,0.05
6/26/2021 9:00,1.24,0.18
6/26/2021 10:00,2.84,0.41
6/26/2021 11:00,3.91,0.56
6/26/2021 12:00,4.67,0.67
6/26/2021 13:00,5.25,0.75
6/26/2021 14:00,5.55,0.79
6/26/2021 15:00,4.97,0.71
6/26/2021 16:00,4.81,0.69
6/26/2021 17:00,4.26,0.61
6/26/2021 18:00,2.98,0.43
6/26/2021 19:00,1.53,0.22
6/26/2021 20:00,0.41,0.06
6/26/2021 21:00,0.07,0.01
6/26/2021 22:00,0.0,0.0
6/26/2021 23:00,0.0,0.0
6/27/2021 0:00,0.0,0.0
6/27/2021 1:00,0.0,0.0
6/27/2021 2:00,0.0,0.0
6/27/2021 3:00,0.0,0.0
6/27/2021 4:00,0.0,0.0
6/27/2021 5:00,0.0,0.0
6/27/2021 6:00,0.0,0.0
6/27/2021 7:00,0.01,0.0
6/27/2021 8:00,0.26,0.04
6/27/2021 9:00,0.6,0.09
6/27/2021 10:00,1.09,0.16
6/27/2021 11:00,1.52,0.22
6/27/2021 12:00,2.43,0.35
6/27/2021 13:00,3.95,0.56
6/27/2021 14:00,5.17,0.74
6/27/2021 15:00,5.22,0.75
6/27/2021 16:00,4.79,0.68
6/27/2021 17:00,4.01,0.57
6/27/2021 18:00,2.87,0.41
6/27/2021 19:00,1.43,0.2
6/27/2021 20:00,0.4,0.06
6/27/2021 21:00,0.05,0.01
6/27/2021 22:00,0.0,0.0
6/27/2021 23:00,0.0,0.0
6/28/2021 0:00,0.0,0.0
6/28/2021 1:00,0.0,0.0
6/28/2021 2:00,0.0,0.0
6/28/2021 3:00,0.0,0.0
6/28/2021 4:00,0.0,0.0
6/28/2021 5:00,0.0,0.0
6/28/2021 6:00,0.0,0.0
6/28/2021 7:00,0.03,0.0
6/28/2021 8:00,0.3,0.04
6/28/2021 9:00,1.27,0.18
6/28/2021 10:00,2.98,0.43
6/28/2021 11:00,4.17,0.6
6/28/2021 12:00,4.9,0.7
6/28/2021 13:00,5.41,0.77
6/28/2021 14:00,5.47,0.78
6/28/2021 15:00,5.35,0.76
6/28/2021 16:00,4.9,0.7
6/28/2021 17:00,4.15,0.59
6/28/2021 18:00,2.95,0.42
6/28/2021 19:00,1.52,0.22
6/28/2021 20:00,0.41,0.06
6/28/2021 21:00,0.07,0.01
6/28/2021 22:00,0.0,0.0
6/28/2021 23:00,0.0,0.0
6/29/2021 0:00,0.0,0.0
6/29/2021 1:00,0.0,0.0
6/29/2021 2:00,0.0,0.0
6/29/2021 3:00,0.0,0.0
6/29/2021 4:00,0.0,0.0
6/29/2021 5:00,0.0,0.0
6/29/2021 6:00,0.0,0.0
6/29/2021 7:00,0.03,0.0
6/29/2021 8:00,0.32,0.05
6/29/2021 9:00,1.21,0.17
6/29/2021 10:00,2.91,0.42
6/29/2021 11:00,4.05,0.58
6/29/2021 12:00,4.84,0.69
6/29/2021 13:00,5.3,0.76
6/29/2021 14:00,5.44,0.78
6/29/2021 15:00,5.29,0.76
6/29/2021 16:00,4.84,0.69
6/29/2021 17:00,4.1,0.59
6/29/2021 18:00,2.92,0.42
6/29/2021 19:00,1.52,0.22
6/29/2021 20:00,0.42,0.06
6/29/2021 21:00,0.07,0.01
6/29/2021 22:00,0.0,0.0
6/29/2021 23:00,0.0,0.0
6/30/2021 0:00,0.0,0.0
6/30/2021 1:00,0.0,0.0
6/30/2021 2:00,0.0,0.0
6/30/2021 3:00,0.0,0.0
6/30/2021 4:00,0.0,0.0
6/30/2021 5:00,0.0,0.0
6/30/2021 6:00,0.0,0.0
6/30/2021 7:00,0.05,0.01
6/30/2021 8:00,0.36,0.05
6/30/2021 9:00,1.25,0.18
6/30/2021 10:00,2.89,0.41
6/30/2021 11:00,4.05,0.58
6/30/2021 12:00,4.81,0.69
6/30/2021 13:00,5.25,0.75
6/30/2021 14:00,5.37,0.77
6/30/2021 15:00,5.16,0.74
6/30/2021 16:00,4.73,0.68
6/30/2021 17:00,3.98,0.57
6/30/2021 18:00,2.85,0.41
6/30/2021 19:00,1.48,0.21
6/30/2021 20:00,0.42,0.06
6/30/2021 21:00,0.07,0.01
6/30/2021 22:00,0.0,0.0
6/30/2021 23:00,0.0,0.0
7/1/2021 0:00,0.0,0.0
7/1/2021 1:00,0.0,0.0
7/1/2021 2:00,0.0,0.0
7/1/2021 3:00,0.0,0.0
7/1/2021 4:00,0.0,0.0
7/1/2021 5:00,0.0,0.0
7/1/2021 6:00,0.0,0.0
7/1/2021 7:00,0.02,0.0
7/1/2021 8:00,0.3,0.04
7/1/2021 9:00,1.24,0.18
7/1/2021 10:00,2.87,0.41
7/1/2021 11:00,3.95,0.56
7/1/2021 12:00,4.68,0.67
7/1/2021 13:00,5.12,0.73
7/1/2021 14:00,5.14,0.73
7/1/2021 15:00,5.02,0.72
7/1/2021 16:00,4.66,0.67
7/1/2021 17:00,4.0,0.57
7/1/2021 18:00,2.84,0.41
7/1/2021 19:00,1.47,0.21
7/1/2021 20:00,0.39,0.06
7/1/2021 21:00,0.06,0.01
7/1/2021 22:00,0.0,0.0
7/1/2021 23:00,0.0,0.0
7/2/2021 0:00,0.0,0.0
7/2/2021 1:00,0.0,0.0
7/2/2021 2:00,0.0,0.0
7/2/2021 3:00,0.0,0.0
7/2/2021 4:00,0.0,0.0
7/2/2021 5:00,0.0,0.0
7/2/2021 6:00,0.0,0.0
7/2/2021 7:00,0.01,0.0
7/2/2021 8:00,0.26,0.04
7/2/2021 9:00,1.16,0.17
7/2/2021 10:00,2.79,0.4
7/2/2021 11:00,3.87,0.55
7/2/2021 12:00,4.61,0.66
7/2/2021 13:00,5.03,0.72
7/2/2021 14:00,5.22,0.75
7/2/2021 15:00,5.15,0.74
7/2/2021 16:00,4.8,0.69
7/2/2021 17:00,4.07,0.58
7/2/2021 18:00,2.91,0.42
7/2/2021 19:00,1.49,0.21
7/2/2021 20:00,0.36,0.05
7/2/2021 21:00,0.06,0.01
7/2/2021 22:00,0.0,0.0
7/2/2021 23:00,0.0,0.0
7/3/2021 0:00,0.0,0.0
7/3/2021 1:00,0.0,0.0
7/3/2021 2:00,0.0,0.0
7/3/2021 3:00,0.0,0.0
7/3/2021 4:00,0.0,0.0
7/3/2021 5:00,0.0,0.0
7/3/2021 6:00,0.0,0.0
7/3/2021 7:00,0.03,0.0
7/3/2021 8:00,0.26,0.04
7/3/2021 9:00,0.41,0.06
7/3/2021 10:00,1.12,0.16
7/3/2021 11:00,1.78,0.25
7/3/2021 12:00,2.63,0.38
7/3/2021 13:00,2.52,0.36
7/3/2021 14:00,1.63,0.23
7/3/2021 15:00,1.52,0.22
7/3/2021 16:00,1.62,0.23
7/3/2021 17:00,2.88,0.41
7/3/2021 18:00,2.94,0.42
7/3/2021 19:00,1.46,0.21
7/3/2021 20:00,0.44,0.06
7/3/2021 21:00,0.07,0.01
7/3/2021 22:00,0.0,0.0
7/3/2021 23:00,0.0,0.0
7/4/2021 0:00,0.0,0.0
7/4/2021 1:00,0.0,0.0
7/4/2021 2:00,0.0,0.0
7/4/2021 3:00,0.0,0.0
7/4/2021 4:00,0.0,0.0
7/4/2021 5:00,0.0,0.0
7/4/2021 6:00,0.0,0.0
7/4/2021 7:00,0.02,0.0
7/4/2021 8:00,0.29,0.04
7/4/2021 9:00,1.11,0.16
7/4/2021 10:00,2.6,0.37
7/4/2021 11:00,3.8,0.54
7/4/2021 12:00,4.68,0.67
7/4/2021 13:00,4.95,0.71
7/4/2021 14:00,5.26,0.75
7/4/2021 15:00,5.12,0.73
7/4/2021 16:00,4.67,0.67
7/4/2021 17:00,3.97,0.57
7/4/2021 18:00,2.84,0.41
7/4/2021 19:00,1.48,0.21
7/4/2021 20:00,0.4,0.06
7/4/2021 21:00,0.06,0.01
7/4/2021 22:00,0.0,0.0
7/4/2021 23:00,0.0,0.0
7/5/2021 0:00,0.0,0.0
7/5/2021 1:00,0.0,0.0
7/5/2021 2:00,0.0,0.0
7/5/2021 3:00,0.0,0.0
7/5/2021 4:00,0.0,0.0
7/5/2021 5:00,0.0,0.0
7/5/2021 6:00,0.0,0.0
7/5/2021 7:00,0.0,0.0
7/5/2021 8:00,0.17,0.02
7/5/2021 9:00,0.52,0.07
7/5/2021 10:00,0.91,0.13
7/5/2021 11:00,1.37,0.2
7/5/2021 12:00,1.74,0.25
7/5/2021 13:00,1.78,0.25
7/5/2021 14:00,2.93,0.42
7/5/2021 15:00,4.52,0.65
7/5/2021 16:00,3.97,0.57
7/5/2021 17:00,3.16,0.45
7/5/2021 18:00,2.2,0.31
7/5/2021 19:00,1.3,0.19
7/5/2021 20:00,0.52,0.07
7/5/2021 21:00,0.14,0.02
7/5/2021 22:00,0.0,0.0
7/5/2021 23:00,0.0,0.0
7/6/2021 0:00,0.0,0.0
7/6/2021 1:00,0.0,0.0
7/6/2021 2:00,0.0,0.0
7/6/2021 3:00,0.0,0.0
7/6/2021 4:00,0.0,0.0
7/6/2021 5:00,0.0,0.0
7/6/2021 6:00,0.0,0.0
7/6/2021 7:00,0.0,0.0
7/6/2021 8:00,0.29,0.04
7/6/2021 9:00,0.82,0.12
7/6/2021 10:00,1.67,0.24
7/6/2021 11:00,2.67,0.38
7/6/2021 12:00,2.47,0.35
7/6/2021 13:00,3.02,0.43
7/6/2021 14:00,4.63,0.66
7/6/2021 15:00,4.75,0.68
7/6/2021 16:00,2.97,0.42
7/6/2021 17:00,1.16,0.17
7/6/2021 18:00,1.34,0.19
7/6/2021 19:00,1.22,0.17
7/6/2021 20:00,0.45,0.06
7/6/2021 21:00,0.06,0.01
7/6/2021 22:00,0.0,0.0
7/6/2021 23:00,0.0,0.0
7/7/2021 0:00,0.0,0.0
7/7/2021 1:00,0.0,0.0
7/7/2021 2:00,0.0,0.0
7/7/2021 3:00,0.0,0.0
7/7/2021 4:00,0.0,0.0
7/7/2021 5:00,0.0,0.0
7/7/2021 6:00,0.0,0.0
7/7/2021 7:00,0.02,0.0
7/7/2021 8:00,0.32,0.05
7/7/2021 9:00,0.72,0.1
7/7/2021 10:00,2.44,0.35
7/7/2021 11:00,4.06,0.58
7/7/2021 12:00,3.9,0.56
7/7/2021 13:00,3.41,0.49
7/7/2021 14:00,4.23,0.6
7/7/2021 15:00,5.4,0.77
7/7/2021 16:00,4.88,0.7
7/7/2021 17:00,4.12,0.59
7/7/2021 18:00,2.96,0.42
7/7/2021 19:00,1.53,0.22
7/7/2021 20:00,0.42,0.06
7/7/2021 21:00,0.07,0.01
7/7/2021 22:00,0.0,0.0
7/7/2021 23:00,0.0,0.0
7/8/2021 0:00,0.0,0.0
7/8/2021 1:00,0.0,0.0
7/8/2021 2:00,0.0,0.0
7/8/2021 3:00,0.0,0.0
7/8/2021 4:00,0.0,0.0
7/8/2021 5:00,0.0,0.0
7/8/2021 6:00,0.0,0.0
7/8/2021 7:00,0.02,0.0
7/8/2021 8:00,0.29,0.04
7/8/2021 9:00,1.21,0.17
7/8/2021 10:00,2.82,0.4
7/8/2021 11:00,3.97,0.57
7/8/2021 12:00,4.73,0.68
7/8/2021 13:00,5.18,0.74
7/8/2021 14:00,5.31,0.76
7/8/2021 15:00,5.14,0.73
7/8/2021 16:00,4.7,0.67
7/8/2021 17:00,3.99,0.57
7/8/2021 18:00,2.89,0.41
7/8/2021 19:00,1.51,0.22
7/8/2021 20:00,0.42,0.06
7/8/2021 21:00,0.07,0.01
7/8/2021 22:00,0.0,0.0
7/8/2021 23:00,0.0,0.0
7/9/2021 0:00,0.0,0.0
7/9/2021 1:00,0.0,0.0
7/9/2021 2:00,0.0,0.0
7/9/2021 3:00,0.0,0.0
7/9/2021 4:00,0.0,0.0
7/9/2021 5:00,0.0,0.0
7/9/2021 6:00,0.0,0.0
7/9/2021 7:00,0.01,0.0
7/9/2021 8:00,0.27,0.04
7/9/2021 9:00,1.17,0.17
7/9/2021 10:00,2.77,0.4
7/9/2021 11:00,3.88,0.55
7/9/2021 12:00,4.62,0.66
7/9/2021 13:00,5.05,0.72
7/9/2021 14:00,5.13,0.73
7/9/2021 15:00,4.86,0.69
7/9/2021 16:00,4.47,0.64
7/9/2021 17:00,3.9,0.56
7/9/2021 18:00,2.81,0.4
7/9/2021 19:00,1.44,0.21
7/9/2021 20:00,0.42,0.06
7/9/2021 21:00,0.07,0.01
7/9/2021 22:00,0.0,0.0
7/9/2021 23:00,0.0,0.0
7/10/2021 0:00,0.0,0.0
7/10/2021 1:00,0.0,0.0
7/10/2021 2:00,0.0,0.0
7/10/2021 3:00,0.0,0.0
7/10/2021 4:00,0.0,0.0
7/10/2021 5:00,0.0,0.0
7/10/2021 6:00,0.0,0.0
7/10/2021 7:00,0.03,0.0
7/10/2021 8:00,0.33,0.05
7/10/2021 9:00,1.16,0.17
7/10/2021 10:00,2.55,0.36
7/10/2021 11:00,3.66,0.52
7/10/2021 12:00,4.37,0.62
7/10/2021 13:00,4.71,0.67
7/10/2021 14:00,4.78,0.68
7/10/2021 15:00,4.58,0.65
7/10/2021 16:00,4.15,0.59
7/10/2021 17:00,3.49,0.5
7/10/2021 18:00,2.47,0.35
7/10/2021 19:00,1.29,0.18
7/10/2021 20:00,0.51,0.07
7/10/2021 21:00,0.1,0.01
7/10/2021 22:00,0.0,0.0
7/10/2021 23:00,0.0,0.0
7/11/2021 0:00,0.0,0.0
7/11/2021 1:00,0.0,0.0
7/11/2021 2:00,0.0,0.0
7/11/2021 3:00,0.0,0.0
7/11/2021 4:00,0.0,0.0
7/11/2021 5:00,0.0,0.0
7/11/2021 6:00,0.0,0.0
7/11/2021 7:00,0.02,0.0
7/11/2021 8:00,0.4,0.06
7/11/2021 9:00,1.11,0.16
7/11/2021 10:00,1.8,0.26
7/11/2021 11:00,2.84,0.41
7/11/2021 12:00,2.82,0.4
7/11/2021 13:00,4.47,0.64
7/11/2021 14:00,4.58,0.65
7/11/2021 15:00,4.48,0.64
7/11/2021 16:00,4.08,0.58
7/11/2021 17:00,3.43,0.49
7/11/2021 18:00,2.53,0.36
7/11/2021 19:00,1.5,0.21
7/11/2021 20:00,0.5,0.07
7/11/2021 21:00,0.08,0.01
7/11/2021 22:00,0.0,0.0
7/11/2021 23:00,0.0,0.0
7/12/2021 0:00,0.0,0.0
7/12/2021 1:00,0.0,0.0
7/12/2021 2:00,0.0,0.0
7/12/2021 3:00,0.0,0.0
7/12/2021 4:00,0.0,0.0
7/12/2021 5:00,0.0,0.0
7/12/2021 6:00,0.0,0.0
7/12/2021 7:00,0.01,0.0
7/12/2021 8:00,0.27,0.04
7/12/2021 9:00,1.06,0.15
7/12/2021 10:00,2.69,0.38
7/12/2021 11:00,3.3,0.47
7/12/2021 12:00,4.84,0.69
7/12/2021 13:00,5.37,0.77
7/12/2021 14:00,5.5,0.79
7/12/2021 15:00,5.24,0.75
7/12/2021 16:00,4.58,0.65
7/12/2021 17:00,4.03,0.58
7/12/2021 18:00,2.99,0.43
7/12/2021 19:00,1.53,0.22
7/12/2021 20:00,0.43,0.06
7/12/2021 21:00,0.07,0.01
7/12/2021 22:00,0.0,0.0
7/12/2021 23:00,0.0,0.0
7/13/2021 0:00,0.0,0.0
7/13/2021 1:00,0.0,0.0
7/13/2021 2:00,0.0,0.0
7/13/2021 3:00,0.0,0.0
7/13/2021 4:00,0.0,0.0
7/13/2021 5:00,0.0,0.0
7/13/2021 6:00,0.0,0.0
7/13/2021 7:00,0.01,0.0
7/13/2021 8:00,0.28,0.04
7/13/2021 9:00,1.18,0.17
7/13/2021 10:00,2.81,0.4
7/13/2021 11:00,4.01,0.57
7/13/2021 12:00,4.82,0.69
7/13/2021 13:00,5.27,0.75
7/13/2021 14:00,5.36,0.77
7/13/2021 15:00,5.22,0.75
7/13/2021 16:00,4.83,0.69
7/13/2021 17:00,4.06,0.58
7/13/2021 18:00,2.9,0.41
7/13/2021 19:00,1.51,0.22
7/13/2021 20:00,0.4,0.06
7/13/2021 21:00,0.06,0.01
7/13/2021 22:00,0.0,0.0
7/13/2021 23:00,0.0,0.0
7/14/2021 0:00,0.0,0.0
7/14/2021 1:00,0.0,0.0
7/14/2021 2:00,0.0,0.0
7/14/2021 3:00,0.0,0.0
7/14/2021 4:00,0.0,0.0
7/14/2021 5:00,0.0,0.0
7/14/2021 6:00,0.0,0.0
7/14/2021 7:00,0.01,0.0
7/14/2021 8:00,0.25,0.04
7/14/2021 9:00,1.13,0.16
7/14/2021 10:00,2.72,0.39
7/14/2021 11:00,3.84,0.55
7/14/2021 12:00,4.6,0.66
7/14/2021 13:00,5.0,0.71
7/14/2021 14:00,5.06,0.72
7/14/2021 15:00,4.87,0.7
7/14/2021 16:00,4.49,0.64
7/14/2021 17:00,3.79,0.54
7/14/2021 18:00,2.84,0.41
7/14/2021 19:00,1.59,0.23
7/14/2021 20:00,0.42,0.06
7/14/2021 21:00,0.07,0.01
7/14/2021 22:00,0.0,0.0
7/14/2021 23:00,0.0,0.0
7/15/2021 0:00,0.0,0.0
7/15/2021 1:00,0.0,0.0
7/15/2021 2:00,0.0,0.0
7/15/2021 3:00,0.0,0.0
7/15/2021 4:00,0.0,0.0
7/15/2021 5:00,0.0,0.0
7/15/2021 6:00,0.0,0.0
7/15/2021 7:00,0.0,0.0
7/15/2021 8:00,0.23,0.03
7/15/2021 9:00,1.09,0.16
7/15/2021 10:00,2.64,0.38
7/15/2021 11:00,3.73,0.53
7/15/2021 12:00,4.55,0.65
7/15/2021 13:00,5.04,0.72
7/15/2021 14:00,4.82,0.69
7/15/2021 15:00,4.36,0.62
7/15/2021 16:00,4.24,0.61
7/15/2021 17:00,3.97,0.57
7/15/2021 18:00,2.87,0.41
7/15/2021 19:00,1.46,0.21
7/15/2021 20:00,0.41,0.06
7/15/2021 21:00,0.06,0.01
7/15/2021 22:00,0.0,0.0
7/15/2021 23:00,0.0,0.0
7/16/2021 0:00,0.0,0.0
7/16/2021 1:00,0.0,0.0
7/16/2021 2:00,0.0,0.0
7/16/2021 3:00,0.0,0.0
7/16/2021 4:00,0.0,0.0
7/16/2021 5:00,0.0,0.0
7/16/2021 6:00,0.0,0.0
7/16/2021 7:00,0.0,0.0
7/16/2021 8:00,0.25,0.04
7/16/2021 9:00,1.09,0.16
7/16/2021 10:00,2.61,0.37
7/16/2021 11:00,3.66,0.52
7/16/2021 12:00,4.39,0.63
7/16/2021 13:00,4.91,0.7
7/16/2021 14:00,4.94,0.71
7/16/2021 15:00,4.2,0.6
7/16/2021 16:00,4.0,0.57
7/16/2021 17:00,3.79,0.54
7/16/2021 18:00,2.78,0.4
7/16/2021 19:00,1.43,0.2
7/16/2021 20:00,0.41,0.06
7/16/2021 21:00,0.06,0.01
7/16/2021 22:00,0.0,0.0
7/16/2021 23:00,0.0,0.0
7/17/2021 0:00,0.0,0.0
7/17/2021 1:00,0.0,0.0
7/17/2021 2:00,0.0,0.0
7/17/2021 3:00,0.0,0.0
7/17/2021 4:00,0.0,0.0
7/17/2021 5:00,0.0,0.0
7/17/2021 6:00,0.0,0.0
7/17/2021 7:00,0.0,0.0
7/17/2021 8:00,0.26,0.04
7/17/2021 9:00,1.1,0.16
7/17/2021 10:00,2.63,0.38
7/17/2021 11:00,3.72,0.53
7/17/2021 12:00,4.45,0.64
7/17/2021 13:00,4.87,0.7
7/17/2021 14:00,4.87,0.7
7/17/2021 15:00,4.36,0.62
7/17/2021 16:00,4.19,0.6
7/17/2021 17:00,3.89,0.56
7/17/2021 18:00,2.84,0.41
7/17/2021 19:00,1.47,0.21
7/17/2021 20:00,0.4,0.06
7/17/2021 21:00,0.05,0.01
7/17/2021 22:00,0.0,0.0
7/17/2021 23:00,0.0,0.0
7/18/2021 0:00,0.0,0.0
7/18/2021 1:00,0.0,0.0
7/18/2021 2:00,0.0,0.0
7/18/2021 3:00,0.0,0.0
7/18/2021 4:00,0.0,0.0
7/18/2021 5:00,0.0,0.0
7/18/2021 6:00,0.0,0.0
7/18/2021 7:00,0.01,0.0
7/18/2021 8:00,0.34,0.05
7/18/2021 9:00,1.18,0.17
7/18/2021 10:00,2.67,0.38
7/18/2021 11:00,3.82,0.55
7/18/2021 12:00,4.58,0.65
7/18/2021 13:00,5.06,0.72
7/18/2021 14:00,5.19,0.74
7/18/2021 15:00,5.07,0.72
7/18/2021 16:00,4.63,0.66
7/18/2021 17:00,3.93,0.56
7/18/2021 18:00,2.87,0.41
7/18/2021 19:00,1.5,0.21
7/18/2021 20:00,0.44,0.06
7/18/2021 21:00,0.07,0.01
7/18/2021 22:00,0.0,0.0
7/18/2021 23:00,0.0,0.0
7/19/2021 0:00,0.0,0.0
7/19/2021 1:00,0.0,0.0
7/19/2021 2:00,0.0,0.0
7/19/2021 3:00,0.0,0.0
7/19/2021 4:00,0.0,0.0
7/19/2021 5:00,0.0,0.0
7/19/2021 6:00,0.0,0.0
7/19/2021 7:00,0.01,0.0
7/19/2021 8:00,0.31,0.04
7/19/2021 9:00,0.84,0.12
7/19/2021 10:00,1.53,0.22
7/19/2021 11:00,1.53,0.22
7/19/2021 12:00,1.63,0.23
7/19/2021 13:00,2.51,0.36
7/19/2021 14:00,4.76,0.68
7/19/2021 15:00,5.17,0.74
7/19/2021 16:00,4.69,0.67
7/19/2021 17:00,3.97,0.57
7/19/2021 18:00,2.85,0.41
7/19/2021 19:00,1.45,0.21
7/19/2021 20:00,0.44,0.06
7/19/2021 21:00,0.06,0.01
7/19/2021 22:00,0.0,0.0
7/19/2021 23:00,0.0,0.0
7/20/2021 0:00,0.0,0.0
7/20/2021 1:00,0.0,0.0
7/20/2021 2:00,0.0,0.0
7/20/2021 3:00,0.0,0.0
7/20/2021 4:00,0.0,0.0
7/20/2021 5:00,0.0,0.0
7/20/2021 6:00,0.0,0.0
7/20/2021 7:00,0.0,0.0
7/20/2021 8:00,0.16,0.02
7/20/2021 9:00,0.54,0.08
7/20/2021 10:00,1.32,0.19
7/20/2021 11:00,2.3,0.33
7/20/2021 12:00,4.43,0.63
7/20/2021 13:00,5.02,0.72
7/20/2021 14:00,5.1,0.73
7/20/2021 15:00,4.94,0.71
7/20/2021 16:00,4.47,0.64
7/20/2021 17:00,3.78,0.54
7/20/2021 18:00,2.73,0.39
7/20/2021 19:00,1.44,0.21
7/20/2021 20:00,0.46,0.07
7/20/2021 21:00,0.07,0.01
7/20/2021 22:00,0.0,0.0
7/20/2021 23:00,0.0,0.0
7/21/2021 0:00,0.0,0.0
7/21/2021 1:00,0.0,0.0
7/21/2021 2:00,0.0,0.0
7/21/2021 3:00,0.0,0.0
7/21/2021 4:00,0.0,0.0
7/21/2021 5:00,0.0,0.0
7/21/2021 6:00,0.0,0.0
7/21/2021 7:00,0.02,0.0
7/21/2021 8:00,0.39,0.06
7/21/2021 9:00,1.08,0.15
7/21/2021 10:00,2.49,0.36
7/21/2021 11:00,3.64,0.52
7/21/2021 12:00,4.48,0.64
7/21/2021 13:00,4.96,0.71
7/21/2021 14:00,5.14,0.73
7/21/2021 15:00,4.99,0.71
7/21/2021 16:00,4.54,0.65
7/21/2021 17:00,3.83,0.55
7/21/2021 18:00,2.75,0.39
7/21/2021 19:00,1.42,0.2
7/21/2021 20:00,0.45,0.06
7/21/2021 21:00,0.07,0.01
7/21/2021 22:00,0.0,0.0
7/21/2021 23:00,0.0,0.0
7/22/2021 0:00,0.0,0.0
7/22/2021 1:00,0.0,0.0
7/22/2021 2:00,0.0,0.0
7/22/2021 3:00,0.0,0.0
7/22/2021 4:00,0.0,0.0
7/22/2021 5:00,0.0,0.0
7/22/2021 6:00,0.0,0.0
7/22/2021 7:00,0.0,0.0
7/22/2021 8:00,0.16,0.02
7/22/2021 9:00,0.69,0.1
7/22/2021 10:00,2.45,0.35
7/22/2021 11:00,3.86,0.55
7/22/2021 12:00,4.61,0.66
7/22/2021 13:00,5.03,0.72
7/22/2021 14:00,5.16,0.74
7/22/2021 15:00,5.0,0.71
7/22/2021 16:00,4.61,0.66
7/22/2021 17:00,3.86,0.55
7/22/2021 18:00,2.8,0.4
7/22/2021 19:00,1.45,0.21
7/22/2021 20:00,0.39,0.06
7/22/2021 21:00,0.07,0.01
7/22/2021 22:00,0.0,0.0
7/22/2021 23:00,0.0,0.0
7/23/2021 0:00,0.0,0.0
7/23/2021 1:00,0.0,0.0
7/23/2021 2:00,0.0,0.0
7/23/2021 3:00,0.0,0.0
7/23/2021 4:00,0.0,0.0
7/23/2021 5:00,0.0,0.0
7/23/2021 6:00,0.0,0.0
7/23/2021 7:00,0.0,0.0
7/23/2021 8:00,0.26,0.04
7/23/2021 9:00,1.04,0.15
7/23/2021 10:00,2.23,0.32
7/23/2021 11:00,3.59,0.51
7/23/2021 12:00,4.65,0.66
7/23/2021 13:00,5.16,0.74
7/23/2021 14:00,5.23,0.75
7/23/2021 15:00,5.08,0.73
7/23/2021 16:00,4.65,0.66
7/23/2021 17:00,3.92,0.56
7/23/2021 18:00,2.84,0.41
7/23/2021 19:00,1.45,0.21
7/23/2021 20:00,0.39,0.06
7/23/2021 21:00,0.05,0.01
7/23/2021 22:00,0.0,0.0
7/23/2021 23:00,0.0,0.0
7/24/2021 0:00,0.0,0.0
7/24/2021 1:00,0.0,0.0
7/24/2021 2:00,0.0,0.0
7/24/2021 3:00,0.0,0.0
7/24/2021 4:00,0.0,0.0
7/24/2021 5:00,0.0,0.0
7/24/2021 6:00,0.0,0.0
7/24/2021 7:00,0.01,0.0
7/24/2021 8:00,0.27,0.04
7/24/2021 9:00,1.15,0.16
7/24/2021 10:00,2.35,0.34
7/24/2021 11:00,3.6,0.51
7/24/2021 12:00,4.69,0.67
7/24/2021 13:00,5.18,0.74
7/24/2021 14:00,5.32,0.76
7/24/2021 15:00,5.16,0.74
7/24/2021 16:00,4.7,0.67
7/24/2021 17:00,3.97,0.57
7/24/2021 18:00,2.86,0.41
7/24/2021 19:00,1.44,0.21
7/24/2021 20:00,0.38,0.05
7/24/2021 21:00,0.04,0.01
7/24/2021 22:00,0.0,0.0
7/24/2021 23:00,0.0,0.0
7/25/2021 0:00,0.0,0.0
7/25/2021 1:00,0.0,0.0
7/25/2021 2:00,0.0,0.0
7/25/2021 3:00,0.0,0.0
7/25/2021 4:00,0.0,0.0
7/25/2021 5:00,0.0,0.0
7/25/2021 6:00,0.0,0.0
7/25/2021 7:00,0.0,0.0
7/25/2021 8:00,0.2,0.03
7/25/2021 9:00,0.79,0.11
7/25/2021 10:00,1.56,0.22
7/25/2021 11:00,1.96,0.28
7/25/2021 12:00,2.26,0.32
7/25/2021 13:00,3.15,0.45
7/25/2021 14:00,2.97,0.42
7/25/2021 15:00,1.67,0.24
7/25/2021 16:00,2.15,0.31
7/25/2021 17:00,2.45,0.35
7/25/2021 18:00,0.91,0.13
7/25/2021 19:00,0.73,0.1
7/25/2021 20:00,0.25,0.04
7/25/2021 21:00,0.02,0.0
7/25/2021 22:00,0.0,0.0
7/25/2021 23:00,0.0,0.0
7/26/2021 0:00,0.0,0.0
7/26/2021 1:00,0.0,0.0
7/26/2021 2:00,0.0,0.0
7/26/2021 3:00,0.0,0.0
7/26/2021 4:00,0.0,0.0
7/26/2021 5:00,0.0,0.0
7/26/2021 6:00,0.0,0.0
7/26/2021 7:00,0.0,0.0
7/26/2021 8:00,0.16,0.02
7/26/2021 9:00,1.02,0.15
7/26/2021 10:00,2.59,0.37
7/26/2021 11:00,3.78,0.54
7/26/2021 12:00,4.63,0.66
7/26/2021 13:00,5.2,0.74
7/26/2021 14:00,5.3,0.76
7/26/2021 15:00,5.14,0.73
7/26/2021 16:00,4.7,0.67
7/26/2021 17:00,3.95,0.56
7/26/2021 18:00,2.88,0.41
7/26/2021 19:00,1.46,0.21
7/26/2021 20:00,0.38,0.05
7/26/2021 21:00,0.04,0.01
7/26/2021 22:00,0.0,0.0
7/26/2021 23:00,0.0,0.0
7/27/2021 0:00,0.0,0.0
7/27/2021 1:00,0.0,0.0
7/27/2021 2:00,0.0,0.0
7/27/2021 3:00,0.0,0.0
7/27/2021 4:00,0.0,0.0
7/27/2021 5:00,0.0,0.0
7/27/2021 6:00,0.0,0.0
7/27/2021 7:00,0.0,0.0
7/27/2021 8:00,0.23,0.03
7/27/2021 9:00,1.06,0.15
7/27/2021 10:00,2.66,0.38
7/27/2021 11:00,3.85,0.55
7/27/2021 12:00,4.67,0.67
7/27/2021 13:00,5.12,0.73
7/27/2021 14:00,5.22,0.75
7/27/2021 15:00,5.06,0.72
7/27/2021 16:00,4.65,0.66
7/27/2021 17:00,3.95,0.56
7/27/2021 18:00,2.87,0.41
7/27/2021 19:00,1.47,0.21
7/27/2021 20:00,0.36,0.05
7/27/2021 21:00,0.04,0.01
7/27/2021 22:00,0.0,0.0
7/27/2021 23:00,0.0,0.0
7/28/2021 0:00,0.0,0.0
7/28/2021 1:00,0.0,0.0
7/28/2021 2:00,0.0,0.0
7/28/2021 3:00,0.0,0.0
7/28/2021 4:00,0.0,0.0
7/28/2021 5:00,0.0,0.0
7/28/2021 6:00,0.0,0.0
7/28/2021 7:00,0.0,0.0
7/28/2021 8:00,0.22,0.03
7/28/2021 9:00,1.07,0.15
7/28/2021 10:00,2.69,0.38
7/28/2021 11:00,3.85,0.55
7/28/2021 12:00,4.65,0.66
7/28/2021 13:00,5.11,0.73
7/28/2021 14:00,5.22,0.75
7/28/2021 15:00,5.05,0.72
7/28/2021 16:00,4.62,0.66
7/28/2021 17:00,3.92,0.56
7/28/2021 18:00,2.85,0.41
7/28/2021 19:00,1.45,0.21
7/28/2021 20:00,0.37,0.05
7/28/2021 21:00,0.04,0.01
7/28/2021 22:00,0.0,0.0
7/28/2021 23:00,0.0,0.0
7/29/2021 0:00,0.0,0.0
7/29/2021 1:00,0.0,0.0
7/29/2021 2:00,0.0,0.0
7/29/2021 3:00,0.0,0.0
7/29/2021 4:00,0.0,0.0
7/29/2021 5:00,0.0,0.0
7/29/2021 6:00,0.0,0.0
7/29/2021 7:00,0.0,0.0
7/29/2021 8:00,0.22,0.03
7/29/2021 9:00,1.08,0.15
7/29/2021 10:00,2.68,0.38
7/29/2021 11:00,3.84,0.55
7/29/2021 12:00,4.63,0.66
7/29/2021 13:00,5.13,0.73
7/29/2021 14:00,5.25,0.75
7/29/2021 15:00,5.08,0.73
7/29/2021 16:00,4.67,0.67
7/29/2021 17:00,3.94,0.56
7/29/2021 18:00,2.9,0.41
7/29/2021 19:00,1.47,0.21
7/29/2021 20:00,0.38,0.05
7/29/2021 21:00,0.04,0.01
7/29/2021 22:00,0.0,0.0
7/29/2021 23:00,0.0,0.0
7/30/2021 0:00,0.0,0.0
7/30/2021 1:00,0.0,0.0
7/30/2021 2:00,0.0,0.0
7/30/2021 3:00,0.0,0.0
7/30/2021 4:00,0.0,0.0
7/30/2021 5:00,0.0,0.0
7/30/2021 6:00,0.0,0.0
7/30/2021 7:00,0.0,0.0
7/30/2021 8:00,0.2,0.03
7/30/2021 9:00,1.05,0.15
7/30/2021 10:00,2.67,0.38
7/30/2021 11:00,3.74,0.53
7/30/2021 12:00,4.51,0.64
7/30/2021 13:00,5.27,0.75
7/30/2021 14:00,5.37,0.77
7/30/2021 15:00,5.18,0.74
7/30/2021 16:00,4.75,0.68
7/30/2021 17:00,4.03,0.58
7/30/2021 18:00,2.93,0.42
7/30/2021 19:00,1.47,0.21
7/30/2021 20:00,0.36,0.05
7/30/2021 21:00,0.03,0.0
7/30/2021 22:00,0.0,0.0
7/30/2021 23:00,0.0,0.0
7/31/2021 0:00,0.0,0.0
7/31/2021 1:00,0.0,0.0
7/31/2021 2:00,0.0,0.0
7/31/2021 3:00,0.0,0.0
7/31/2021 4:00,0.0,0.0
7/31/2021 5:00,0.0,0.0
7/31/2021 6:00,0.0,0.0
7/31/2021 7:00,0.0,0.0
7/31/2021 8:00,0.22,0.03
7/31/2021 9:00,1.07,0.15
7/31/2021 10:00,2.69,0.38
7/31/2021 11:00,4.05,0.58
7/31/2021 12:00,4.8,0.69
7/31/2021 13:00,4.85,0.69
7/31/2021 14:00,5.59,0.8
7/31/2021 15:00,5.24,0.75
7/31/2021 16:00,4.84,0.69
7/31/2021 17:00,4.32,0.62
7/31/2021 18:00,2.93,0.42
7/31/2021 19:00,1.42,0.2
7/31/2021 20:00,0.43,0.06
7/31/2021 21:00,0.05,0.01
7/31/2021 22:00,0.0,0.0
7/31/2021 23:00,0.0,0.0
8/1/2021 0:00,0.0,0.0
8/1/2021 1:00,0.0,0.0
8/1/2021 2:00,0.0,0.0
8/1/2021 3:00,0.0,0.0
8/1/2021 4:00,0.0,0.0
8/1/2021 5:00,0.0,0.0
8/1/2021 6:00,0.0,0.0
8/1/2021 7:00,0.0,0.0
8/1/2021 8:00,0.27,0.04
8/1/2021 9:00,1.04,0.15
8/1/2021 10:00,2.45,0.35
8/1/2021 11:00,2.94,0.42
8/1/2021 12:00,3.75,0.54
8/1/2021 13:00,4.76,0.68
8/1/2021 14:00,3.93,0.56
8/1/2021 15:00,4.74,0.68
8/1/2021 16:00,4.01,0.57
8/1/2021 17:00,3.52,0.5
8/1/2021 18:00,2.71,0.39
8/1/2021 19:00,1.23,0.18
8/1/2021 20:00,0.33,0.05
8/1/2021 21:00,0.05,0.01
8/1/2021 22:00,0.0,0.0
8/1/2021 23:00,0.0,0.0
8/2/2021 0:00,0.0,0.0
8/2/2021 1:00,0.0,0.0
8/2/2021 2:00,0.0,0.0
8/2/2021 3:00,0.0,0.0
8/2/2021 4:00,0.0,0.0
8/2/2021 5:00,0.0,0.0
8/2/2021 6:00,0.0,0.0
8/2/2021 7:00,0.0,0.0
8/2/2021 8:00,0.13,0.02
8/2/2021 9:00,0.32,0.05
8/2/2021 10:00,0.86,0.12
8/2/2021 11:00,1.97,0.28
8/2/2021 12:00,2.53,0.36
8/2/2021 13:00,4.35,0.62
8/2/2021 14:00,4.02,0.57
8/2/2021 15:00,4.67,0.67
8/2/2021 16:00,4.25,0.61
8/2/2021 17:00,3.54,0.51
8/2/2021 18:00,2.86,0.41
8/2/2021 19:00,1.41,0.2
8/2/2021 20:00,0.35,0.05
8/2/2021 21:00,0.03,0.0
8/2/2021 22:00,0.0,0.0
8/2/2021 23:00,0.0,0.0
8/3/2021 0:00,0.0,0.0
8/3/2021 1:00,0.0,0.0
8/3/2021 2:00,0.0,0.0
8/3/2021 3:00,0.0,0.0
8/3/2021 4:00,0.0,0.0
8/3/2021 5:00,0.0,0.0
8/3/2021 6:00,0.0,0.0
8/3/2021 7:00,0.0,0.0
8/3/2021 8:00,0.2,0.03
8/3/2021 9:00,1.04,0.15
8/3/2021 10:00,2.59,0.37
8/3/2021 11:00,3.77,0.54
8/3/2021 12:00,4.57,0.65
8/3/2021 13:00,5.07,0.72
8/3/2021 14:00,5.16,0.74
8/3/2021 15:00,5.02,0.72
8/3/2021 16:00,4.62,0.66
8/3/2021 17:00,3.84,0.55
8/3/2021 18:00,2.72,0.39
8/3/2021 19:00,1.49,0.21
8/3/2021 20:00,0.35,0.05
8/3/2021 21:00,0.04,0.01
8/3/2021 22:00,0.0,0.0
8/3/2021 23:00,0.0,0.0
8/4/2021 0:00,0.0,0.0
8/4/2021 1:00,0.0,0.0
8/4/2021 2:00,0.0,0.0
8/4/2021 3:00,0.0,0.0
8/4/2021 4:00,0.0,0.0
8/4/2021 5:00,0.0,0.0
8/4/2021 6:00,0.0,0.0
8/4/2021 7:00,0.0,0.0
8/4/2021 8:00,0.29,0.04
8/4/2021 9:00,1.25,0.18
8/4/2021 10:00,2.6,0.37
8/4/2021 11:00,3.67,0.52
8/4/2021 12:00,3.99,0.57
8/4/2021 13:00,4.58,0.65
8/4/2021 14:00,5.3,0.76
8/4/2021 15:00,4.84,0.69
8/4/2021 16:00,4.64,0.66
8/4/2021 17:00,3.94,0.56
8/4/2021 18:00,2.84,0.41
8/4/2021 19:00,1.41,0.2
8/4/2021 20:00,0.32,0.05
8/4/2021 21:00,0.02,0.0
8/4/2021 22:00,0.0,0.0
8/4/2021 23:00,0.0,0.0
8/5/2021 0:00,0.0,0.0
8/5/2021 1:00,0.0,0.0
8/5/2021 2:00,0.0,0.0
8/5/2021 3:00,0.0,0.0
8/5/2021 4:00,0.0,0.0
8/5/2021 5:00,0.0,0.0
8/5/2021 6:00,0.0,0.0
8/5/2021 7:00,0.0,0.0
8/5/2021 8:00,0.18,0.03
8/5/2021 9:00,1.04,0.15
8/5/2021 10:00,2.61,0.37
8/5/2021 11:00,3.78,0.54
8/5/2021 12:00,4.57,0.65
8/5/2021 13:00,5.03,0.72
8/5/2021 14:00,5.13,0.73
8/5/2021 15:00,5.02,0.72
8/5/2021 16:00,4.6,0.66
8/5/2021 17:00,3.85,0.55
8/5/2021 18:00,2.78,0.4
8/5/2021 19:00,1.37,0.2
8/5/2021 20:00,0.32,0.05
8/5/2021 21:00,0.02,0.0
8/5/2021 22:00,0.0,0.0
8/5/2021 23:00,0.0,0.0
8/6/2021 0:00,0.0,0.0
8/6/2021 1:00,0.0,0.0
8/6/2021 2:00,0.0,0.0
8/6/2021 3:00,0.0,0.0
8/6/2021 4:00,0.0,0.0
8/6/2021 5:00,0.0,0.0
8/6/2021 6:00,0.0,0.0
8/6/2021 7:00,0.0,0.0
8/6/2021 8:00,0.14,0.02
8/6/2021 9:00,1.03,0.15
8/6/2021 10:00,2.64,0.38
8/6/2021 11:00,3.83,0.55
8/6/2021 12:00,4.63,0.66
8/6/2021 13:00,5.14,0.73
8/6/2021 14:00,5.24,0.75
8/6/2021 15:00,5.04,0.72
8/6/2021 16:00,4.6,0.66
8/6/2021 17:00,3.87,0.55
8/6/2021 18:00,2.78,0.4
8/6/2021 19:00,1.38,0.2
8/6/2021 20:00,0.31,0.04
8/6/2021 21:00,0.02,0.0
8/6/2021 22:00,0.0,0.0
8/6/2021 23:00,0.0,0.0
8/7/2021 0:00,0.0,0.0
8/7/2021 1:00,0.0,0.0
8/7/2021 2:00,0.0,0.0
8/7/2021 3:00,0.0,0.0
8/7/2021 4:00,0.0,0.0
8/7/2021 5:00,0.0,0.0
8/7/2021 6:00,0.0,0.0
8/7/2021 7:00,0.0,0.0
8/7/2021 8:00,0.19,0.03
8/7/2021 9:00,0.85,0.12
8/7/2021 10:00,1.61,0.23
8/7/2021 11:00,3.13,0.45
8/7/2021 12:00,4.09,0.58
8/7/2021 13:00,4.09,0.58
8/7/2021 14:00,4.92,0.7
8/7/2021 15:00,5.19,0.74
8/7/2021 16:00,4.79,0.68
8/7/2021 17:00,3.87,0.55
8/7/2021 18:00,2.79,0.4
8/7/2021 19:00,1.38,0.2
8/7/2021 20:00,0.37,0.05
8/7/2021 21:00,0.04,0.01
8/7/2021 22:00,0.0,0.0
8/7/2021 23:00,0.0,0.0
8/8/2021 0:00,0.0,0.0
8/8/2021 1:00,0.0,0.0
8/8/2021 2:00,0.0,0.0
8/8/2021 3:00,0.0,0.0
8/8/2021 4:00,0.0,0.0
8/8/2021 5:00,0.0,0.0
8/8/2021 6:00,0.0,0.0
8/8/2021 7:00,0.0,0.0
8/8/2021 8:00,0.2,0.03
8/8/2021 9:00,1.06,0.15
8/8/2021 10:00,2.71,0.39
8/8/2021 11:00,3.93,0.56
8/8/2021 12:00,4.76,0.68
8/8/2021 13:00,5.24,0.75
8/8/2021 14:00,5.33,0.76
8/8/2021 15:00,5.16,0.74
8/8/2021 16:00,4.72,0.67
8/8/2021 17:00,3.97,0.57
8/8/2021 18:00,2.86,0.41
8/8/2021 19:00,1.42,0.2
8/8/2021 20:00,0.34,0.05
8/8/2021 21:00,0.02,0.0
8/8/2021 22:00,0.0,0.0
8/8/2021 23:00,0.0,0.0
8/9/2021 0:00,0.0,0.0
8/9/2021 1:00,0.0,0.0
8/9/2021 2:00,0.0,0.0
8/9/2021 3:00,0.0,0.0
8/9/2021 4:00,0.0,0.0
8/9/2021 5:00,0.0,0.0
8/9/2021 6:00,0.0,0.0
8/9/2021 7:00,0.0,0.0
8/9/2021 8:00,0.2,0.03
8/9/2021 9:00,1.07,0.15
8/9/2021 10:00,2.65,0.38
8/9/2021 11:00,3.87,0.55
8/9/2021 12:00,4.66,0.67
8/9/2021 13:00,5.12,0.73
8/9/2021 14:00,5.18,0.74
8/9/2021 15:00,4.98,0.71
8/9/2021 16:00,4.54,0.65
8/9/2021 17:00,3.79,0.54
8/9/2021 18:00,2.71,0.39
8/9/2021 19:00,1.38,0.2
8/9/2021 20:00,0.33,0.05
8/9/2021 21:00,0.02,0.0
8/9/2021 22:00,0.0,0.0
8/9/2021 23:00,0.0,0.0
8/10/2021 0:00,0.0,0.0
8/10/2021 1:00,0.0,0.0
8/10/2021 2:00,0.0,0.0
8/10/2021 3:00,0.0,0.0
8/10/2021 4:00,0.0,0.0
8/10/2021 5:00,0.0,0.0
8/10/2021 6:00,0.0,0.0
8/10/2021 7:00,0.0,0.0
8/10/2021 8:00,0.18,0.03
8/10/2021 9:00,1.02,0.15
8/10/2021 10:00,2.62,0.37
8/10/2021 11:00,3.86,0.55
8/10/2021 12:00,4.67,0.67
8/10/2021 13:00,5.11,0.73
8/10/2021 14:00,5.18,0.74
8/10/2021 15:00,5.0,0.71
8/10/2021 16:00,4.61,0.66
8/10/2021 17:00,3.89,0.56
8/10/2021 18:00,2.82,0.4
8/10/2021 19:00,1.4,0.2
8/10/2021 20:00,0.3,0.04
8/10/2021 21:00,0.01,0.0
8/10/2021 22:00,0.0,0.0
8/10/2021 23:00,0.0,0.0
8/11/2021 0:00,0.0,0.0
8/11/2021 1:00,0.0,0.0
8/11/2021 2:00,0.0,0.0
8/11/2021 3:00,0.0,0.0
8/11/2021 4:00,0.0,0.0
8/11/2021 5:00,0.0,0.0
8/11/2021 6:00,0.0,0.0
8/11/2021 7:00,0.0,0.0
8/11/2021 8:00,0.21,0.03
8/11/2021 9:00,1.0,0.14
8/11/2021 10:00,2.46,0.35
8/11/2021 11:00,3.63,0.52
8/11/2021 12:00,4.43,0.63
8/11/2021 13:00,4.92,0.7
8/11/2021 14:00,4.99,0.71
8/11/2021 15:00,4.75,0.68
8/11/2021 16:00,4.3,0.61
8/11/2021 17:00,3.59,0.51
8/11/2021 18:00,2.57,0.37
8/11/2021 19:00,1.28,0.18
8/11/2021 20:00,0.34,0.05
8/11/2021 21:00,0.02,0.0
8/11/2021 22:00,0.0,0.0
8/11/2021 23:00,0.0,0.0
8/12/2021 0:00,0.0,0.0
8/12/2021 1:00,0.0,0.0
8/12/2021 2:00,0.0,0.0
8/12/2021 3:00,0.0,0.0
8/12/2021 4:00,0.0,0.0
8/12/2021 5:00,0.0,0.0
8/12/2021 6:00,0.0,0.0
8/12/2021 7:00,0.0,0.0
8/12/2021 8:00,0.19,0.03
8/12/2021 9:00,1.03,0.15
8/12/2021 10:00,2.62,0.37
8/12/2021 11:00,3.82,0.55
8/12/2021 12:00,4.63,0.66
8/12/2021 13:00,5.08,0.73
8/12/2021 14:00,5.19,0.74
8/12/2021 15:00,4.98,0.71
8/12/2021 16:00,4.51,0.64
8/12/2021 17:00,3.84,0.55
8/12/2021 18:00,2.78,0.4
8/12/2021 19:00,1.37,0.2
8/12/2021 20:00,0.32,0.05
8/12/2021 21:00,0.02,0.0
8/12/2021 22:00,0.0,0.0
8/12/2021 23:00,0.0,0.0
8/13/2021 0:00,0.0,0.0
8/13/2021 1:00,0.0,0.0
8/13/2021 2:00,0.0,0.0
8/13/2021 3:00,0.0,0.0
8/13/2021 4:00,0.0,0.0
8/13/2021 5:00,0.0,0.0
8/13/2021 6:00,0.0,0.0
8/13/2021 7:00,0.0,0.0
8/13/2021 8:00,0.19,0.03
8/13/2021 9:00,1.0,0.14
8/13/2021 10:00,2.52,0.36
8/13/2021 11:00,3.66,0.52
8/13/2021 12:00,4.41,0.63
8/13/2021 13:00,4.85,0.69
8/13/2021 14:00,4.89,0.7
8/13/2021 15:00,4.69,0.67
8/13/2021 16:00,4.05,0.58
8/13/2021 17:00,3.39,0.48
8/13/2021 18:00,2.16,0.31
8/13/2021 19:00,1.18,0.17
8/13/2021 20:00,0.35,0.05
8/13/2021 21:00,0.03,0.0
8/13/2021 22:00,0.0,0.0
8/13/2021 23:00,0.0,0.0
8/14/2021 0:00,0.0,0.0
8/14/2021 1:00,0.0,0.0
8/14/2021 2:00,0.0,0.0
8/14/2021 3:00,0.0,0.0
8/14/2021 4:00,0.0,0.0
8/14/2021 5:00,0.0,0.0
8/14/2021 6:00,0.0,0.0
8/14/2021 7:00,0.0,0.0
8/14/2021 8:00,0.15,0.02
8/14/2021 9:00,0.92,0.13
8/14/2021 10:00,2.05,0.29
8/14/2021 11:00,3.13,0.45
8/14/2021 12:00,3.99,0.57
8/14/2021 13:00,4.28,0.61
8/14/2021 14:00,4.78,0.68
8/14/2021 15:00,4.57,0.65
8/14/2021 16:00,4.14,0.59
8/14/2021 17:00,3.44,0.49
8/14/2021 18:00,2.41,0.34
8/14/2021 19:00,1.17,0.17
8/14/2021 20:00,0.27,0.04
8/14/2021 21:00,0.01,0.0
8/14/2021 22:00,0.0,0.0
8/14/2021 23:00,0.0,0.0
8/15/2021 0:00,0.0,0.0
8/15/2021 1:00,0.0,0.0
8/15/2021 2:00,0.0,0.0
8/15/2021 3:00,0.0,0.0
8/15/2021 4:00,0.0,0.0
8/15/2021 5:00,0.0,0.0
8/15/2021 6:00,0.0,0.0
8/15/2021 7:00,0.0,0.0
8/15/2021 8:00,0.22,0.03
8/15/2021 9:00,0.93,0.13
8/15/2021 10:00,1.98,0.28
8/15/2021 11:00,3.44,0.49
8/15/2021 12:00,4.22,0.6
8/15/2021 13:00,4.97,0.71
8/15/2021 14:00,4.5,0.64
8/15/2021 15:00,4.4,0.63
8/15/2021 16:00,4.11,0.59
8/15/2021 17:00,3.71,0.53
8/15/2021 18:00,2.66,0.38
8/15/2021 19:00,1.3,0.19
8/15/2021 20:00,0.31,0.04
8/15/2021 21:00,0.01,0.0
8/15/2021 22:00,0.0,0.0
8/15/2021 23:00,0.0,0.0
8/16/2021 0:00,0.0,0.0
8/16/2021 1:00,0.0,0.0
8/16/2021 2:00,0.0,0.0
8/16/2021 3:00,0.0,0.0
8/16/2021 4:00,0.0,0.0
8/16/2021 5:00,0.0,0.0
8/16/2021 6:00,0.0,0.0
8/16/2021 7:00,0.0,0.0
8/16/2021 8:00,0.16,0.02
8/16/2021 9:00,1.04,0.15
8/16/2021 10:00,2.66,0.38
8/16/2021 11:00,3.89,0.56
8/16/2021 12:00,4.7,0.67
8/16/2021 13:00,5.19,0.74
8/16/2021 14:00,5.28,0.75
8/16/2021 15:00,4.7,0.67
8/16/2021 16:00,4.53,0.65
8/16/2021 17:00,3.86,0.55
8/16/2021 18:00,2.76,0.39
8/16/2021 19:00,1.32,0.19
8/16/2021 20:00,0.27,0.04
8/16/2021 21:00,0.01,0.0
8/16/2021 22:00,0.0,0.0
8/16/2021 23:00,0.0,0.0
8/17/2021 0:00,0.0,0.0
8/17/2021 1:00,0.0,0.0
8/17/2021 2:00,0.0,0.0
8/17/2021 3:00,0.0,0.0
8/17/2021 4:00,0.0,0.0
8/17/2021 5:00,0.0,0.0
8/17/2021 6:00,0.0,0.0
8/17/2021 7:00,0.0,0.0
8/17/2021 8:00,0.15,0.02
8/17/2021 9:00,0.99,0.14
8/17/2021 10:00,2.64,0.38
8/17/2021 11:00,3.88,0.55
8/17/2021 12:00,4.64,0.66
8/17/2021 13:00,5.12,0.73
8/17/2021 14:00,5.22,0.75
8/17/2021 15:00,4.76,0.68
8/17/2021 16:00,4.48,0.64
8/17/2021 17:00,3.78,0.54
8/17/2021 18:00,2.69,0.38
8/17/2021 19:00,1.3,0.19
8/17/2021 20:00,0.26,0.04
8/17/2021 21:00,0.0,0.0
8/17/2021 22:00,0.0,0.0
8/17/2021 23:00,0.0,0.0
8/18/2021 0:00,0.0,0.0
8/18/2021 1:00,0.0,0.0
8/18/2021 2:00,0.0,0.0
8/18/2021 3:00,0.0,0.0
8/18/2021 4:00,0.0,0.0
8/18/2021 5:00,0.0,0.0
8/18/2021 6:00,0.0,0.0
8/18/2021 7:00,0.0,0.0
8/18/2021 8:00,0.14,0.02
8/18/2021 9:00,0.99,0.14
8/18/2021 10:00,2.6,0.37
8/18/2021 11:00,3.77,0.54
8/18/2021 12:00,4.59,0.66
8/18/2021 13:00,5.02,0.72
8/18/2021 14:00,5.12,0.73
8/18/2021 15:00,4.93,0.7
8/18/2021 16:00,4.51,0.64
8/18/2021 17:00,3.8,0.54
8/18/2021 18:00,2.72,0.39
8/18/2021 19:00,1.33,0.19
8/18/2021 20:00,0.27,0.04
8/18/2021 21:00,0.0,0.0
8/18/2021 22:00,0.0,0.0
8/18/2021 23:00,0.0,0.0
8/19/2021 0:00,0.0,0.0
8/19/2021 1:00,0.0,0.0
8/19/2021 2:00,0.0,0.0
8/19/2021 3:00,0.0,0.0
8/19/2021 4:00,0.0,0.0
8/19/2021 5:00,0.0,0.0
8/19/2021 6:00,0.0,0.0
8/19/2021 7:00,0.0,0.0
8/19/2021 8:00,0.17,0.02
8/19/2021 9:00,0.97,0.14
8/19/2021 10:00,2.59,0.37
8/19/2021 11:00,3.86,0.55
8/19/2021 12:00,4.71,0.67
8/19/2021 13:00,5.17,0.74
8/19/2021 14:00,5.26,0.75
8/19/2021 15:00,5.09,0.73
8/19/2021 16:00,4.62,0.66
8/19/2021 17:00,3.87,0.55
8/19/2021 18:00,2.77,0.4
8/19/2021 19:00,1.34,0.19
8/19/2021 20:00,0.24,0.03
8/19/2021 21:00,0.0,0.0
8/19/2021 22:00,0.0,0.0
8/19/2021 23:00,0.0,0.0
8/20/2021 0:00,0.0,0.0
8/20/2021 1:00,0.0,0.0
8/20/2021 2:00,0.0,0.0
8/20/2021 3:00,0.0,0.0
8/20/2021 4:00,0.0,0.0
8/20/2021 5:00,0.0,0.0
8/20/2021 6:00,0.0,0.0
8/20/2021 7:00,0.0,0.0
8/20/2021 8:00,0.14,0.02
8/20/2021 9:00,1.03,0.15
8/20/2021 10:00,2.67,0.38
8/20/2021 11:00,3.87,0.55
8/20/2021 12:00,4.66,0.67
8/20/2021 13:00,5.14,0.73
8/20/2021 14:00,5.21,0.74
8/20/2021 15:00,5.03,0.72
8/20/2021 16:00,4.56,0.65
8/20/2021 17:00,3.8,0.54
8/20/2021 18:00,2.67,0.38
8/20/2021 19:00,1.27,0.18
8/20/2021 20:00,0.23,0.03
8/20/2021 21:00,0.0,0.0
8/20/2021 22:00,0.0,0.0
8/20/2021 23:00,0.0,0.0
8/21/2021 0:00,0.0,0.0
8/21/2021 1:00,0.0,0.0
8/21/2021 2:00,0.0,0.0
8/21/2021 3:00,0.0,0.0
8/21/2021 4:00,0.0,0.0
8/21/2021 5:00,0.0,0.0
8/21/2021 6:00,0.0,0.0
8/21/2021 7:00,0.0,0.0
8/21/2021 8:00,0.13,0.02
8/21/2021 9:00,1.0,0.14
8/21/2021 10:00,2.62,0.37
8/21/2021 11:00,3.83,0.55
8/21/2021 12:00,4.67,0.67
8/21/2021 13:00,5.09,0.73
8/21/2021 14:00,5.15,0.74
8/21/2021 15:00,5.02,0.72
8/21/2021 16:00,4.56,0.65
8/21/2021 17:00,3.76,0.54
8/21/2021 18:00,2.65,0.38
8/21/2021 19:00,1.27,0.18
8/21/2021 20:00,0.21,0.03
8/21/2021 21:00,0.0,0.0
8/21/2021 22:00,0.0,0.0
8/21/2021 23:00,0.0,0.0
8/22/2021 0:00,0.0,0.0
8/22/2021 1:00,0.0,0.0
8/22/2021 2:00,0.0,0.0
8/22/2021 3:00,0.0,0.0
8/22/2021 4:00,0.0,0.0
8/22/2021 5:00,0.0,0.0
8/22/2021 6:00,0.0,0.0
8/22/2021 7:00,0.0,0.0
8/22/2021 8:00,0.13,0.02
8/22/2021 9:00,0.95,0.14
8/22/2021 10:00,2.58,0.37
8/22/2021 11:00,3.79,0.54
8/22/2021 12:00,4.59,0.66
8/22/2021 13:00,5.04,0.72
8/22/2021 14:00,5.17,0.74
8/22/2021 15:00,5.0,0.71
8/22/2021 16:00,4.51,0.64
8/22/2021 17:00,3.71,0.53
8/22/2021 18:00,2.59,0.37
8/22/2021 19:00,1.23,0.18
8/22/2021 20:00,0.26,0.04
8/22/2021 21:00,0.0,0.0
8/22/2021 22:00,0.0,0.0
8/22/2021 23:00,0.0,0.0
8/23/2021 0:00,0.0,0.0
8/23/2021 1:00,0.0,0.0
8/23/2021 2:00,0.0,0.0
8/23/2021 3:00,0.0,0.0
8/23/2021 4:00,0.0,0.0
8/23/2021 5:00,0.0,0.0
8/23/2021 6:00,0.0,0.0
8/23/2021 7:00,0.0,0.0
8/23/2021 8:00,0.14,0.02
8/23/2021 9:00,0.9,0.13
8/23/2021 10:00,2.4,0.34
8/23/2021 11:00,3.56,0.51
8/23/2021 12:00,4.35,0.62
8/23/2021 13:00,4.78,0.68
8/23/2021 14:00,4.87,0.7
8/23/2021 15:00,4.77,0.68
8/23/2021 16:00,4.37,0.62
8/23/2021 17:00,3.62,0.52
8/23/2021 18:00,2.51,0.36
8/23/2021 19:00,1.17,0.17
8/23/2021 20:00,0.23,0.03
8/23/2021 21:00,0.0,0.0
8/23/2021 22:00,0.0,0.0
8/23/2021 23:00,0.0,0.0
8/24/2021 0:00,0.0,0.0
8/24/2021 1:00,0.0,0.0
8/24/2021 2:00,0.0,0.0
8/24/2021 3:00,0.0,0.0
8/24/2021 4:00,0.0,0.0
8/24/2021 5:00,0.0,0.0
8/24/2021 6:00,0.0,0.0
8/24/2021 7:00,0.0,0.0
8/24/2021 8:00,0.13,0.02
8/24/2021 9:00,0.75,0.11
8/24/2021 10:00,1.58,0.23
8/24/2021 11:00,3.38,0.48
8/24/2021 12:00,4.47,0.64
8/24/2021 13:00,4.92,0.7
8/24/2021 14:00,4.98,0.71
8/24/2021 15:00,4.91,0.7
8/24/2021 16:00,4.31,0.62
8/24/2021 17:00,3.52,0.5
8/24/2021 18:00,2.43,0.35
8/24/2021 19:00,1.13,0.16
8/24/2021 20:00,0.24,0.03
8/24/2021 21:00,0.0,0.0
8/24/2021 22:00,0.0,0.0
8/24/2021 23:00,0.0,0.0
8/25/2021 0:00,0.0,0.0
8/25/2021 1:00,0.0,0.0
8/25/2021 2:00,0.0,0.0
8/25/2021 3:00,0.0,0.0
8/25/2021 4:00,0.0,0.0
8/25/2021 5:00,0.0,0.0
8/25/2021 6:00,0.0,0.0
8/25/2021 7:00,0.0,0.0
8/25/2021 8:00,0.01,0.0
8/25/2021 9:00,0.19,0.03
8/25/2021 10:00,0.61,0.09
8/25/2021 11:00,1.16,0.17
8/25/2021 12:00,2.22,0.32
8/25/2021 13:00,2.3,0.33
8/25/2021 14:00,2.55,0.36
8/25/2021 15:00,2.43,0.35
8/25/2021 16:00,4.28,0.61
8/25/2021 17:00,3.75,0.54
8/25/2021 18:00,2.57,0.37
8/25/2021 19:00,1.16,0.17
8/25/2021 20:00,0.23,0.03
8/25/2021 21:00,0.0,0.0
8/25/2021 22:00,0.0,0.0
8/25/2021 23:00,0.0,0.0
8/26/2021 0:00,0.0,0.0
8/26/2021 1:00,0.0,0.0
8/26/2021 2:00,0.0,0.0
8/26/2021 3:00,0.0,0.0
8/26/2021 4:00,0.0,0.0
8/26/2021 5:00,0.0,0.0
8/26/2021 6:00,0.0,0.0
8/26/2021 7:00,0.0,0.0
8/26/2021 8:00,0.11,0.02
8/26/2021 9:00,0.47,0.07
8/26/2021 10:00,1.01,0.14
8/26/2021 11:00,3.49,0.5
8/26/2021 12:00,4.63,0.66
8/26/2021 13:00,5.05,0.72
8/26/2021 14:00,5.09,0.73
8/26/2021 15:00,4.83,0.69
8/26/2021 16:00,4.39,0.63
8/26/2021 17:00,3.77,0.54
8/26/2021 18:00,2.61,0.37
8/26/2021 19:00,1.18,0.17
8/26/2021 20:00,0.21,0.03
8/26/2021 21:00,0.0,0.0
8/26/2021 22:00,0.0,0.0
8/26/2021 23:00,0.0,0.0
8/27/2021 0:00,0.0,0.0
8/27/2021 1:00,0.0,0.0
8/27/2021 2:00,0.0,0.0
8/27/2021 3:00,0.0,0.0
8/27/2021 4:00,0.0,0.0
8/27/2021 5:00,0.0,0.0
8/27/2021 6:00,0.0,0.0
8/27/2021 7:00,0.0,0.0
8/27/2021 8:00,0.12,0.02
8/27/2021 9:00,1.0,0.14
8/27/2021 10:00,2.33,0.33
8/27/2021 11:00,3.69,0.53
8/27/2021 12:00,4.37,0.62
8/27/2021 13:00,4.97,0.71
8/27/2021 14:00,5.28,0.75
8/27/2021 15:00,5.11,0.73
8/27/2021 16:00,4.43,0.63
8/27/2021 17:00,3.7,0.53
8/27/2021 18:00,2.59,0.37
8/27/2021 19:00,1.19,0.17
8/27/2021 20:00,0.2,0.03
8/27/2021 21:00,0.0,0.0
8/27/2021 22:00,0.0,0.0
8/27/2021 23:00,0.0,0.0
8/28/2021 0:00,0.0,0.0
8/28/2021 1:00,0.0,0.0
8/28/2021 2:00,0.0,0.0
8/28/2021 3:00,0.0,0.0
8/28/2021 4:00,0.0,0.0
8/28/2021 5:00,0.0,0.0
8/28/2021 6:00,0.0,0.0
8/28/2021 7:00,0.0,0.0
8/28/2021 8:00,0.08,0.01
8/28/2021 9:00,0.72,0.1
8/28/2021 10:00,1.25,0.18
8/28/2021 11:00,1.67,0.24
8/28/2021 12:00,2.65,0.38
8/28/2021 13:00,2.32,0.33
8/28/2021 14:00,2.34,0.33
8/28/2021 15:00,2.32,0.33
8/28/2021 16:00,1.42,0.2
8/28/2021 17:00,3.31,0.47
8/28/2021 18:00,2.64,0.38
8/28/2021 19:00,1.03,0.15
8/28/2021 20:00,0.27,0.04
8/28/2021 21:00,0.0,0.0
8/28/2021 22:00,0.0,0.0
8/28/2021 23:00,0.0,0.0
8/29/2021 0:00,0.0,0.0
8/29/2021 1:00,0.0,0.0
8/29/2021 2:00,0.0,0.0
8/29/2021 3:00,0.0,0.0
8/29/2021 4:00,0.0,0.0
8/29/2021 5:00,0.0,0.0
8/29/2021 6:00,0.0,0.0
8/29/2021 7:00,0.0,0.0
8/29/2021 8:00,0.12,0.02
8/29/2021 9:00,0.85,0.12
8/29/2021 10:00,1.93,0.28
8/29/2021 11:00,3.24,0.46
8/29/2021 12:00,3.82,0.55
8/29/2021 13:00,3.32,0.47
8/29/2021 14:00,4.35,0.62
8/29/2021 15:00,5.18,0.74
8/29/2021 16:00,4.71,0.67
8/29/2021 17:00,3.86,0.55
8/29/2021 18:00,2.65,0.38
8/29/2021 19:00,1.16,0.17
8/29/2021 20:00,0.14,0.02
8/29/2021 21:00,0.0,0.0
8/29/2021 22:00,0.0,0.0
8/29/2021 23:00,0.0,0.0
8/30/2021 0:00,0.0,0.0
8/30/2021 1:00,0.0,0.0
8/30/2021 2:00,0.0,0.0
8/30/2021 3:00,0.0,0.0
8/30/2021 4:00,0.0,0.0
8/30/2021 5:00,0.0,0.0
8/30/2021 6:00,0.0,0.0
8/30/2021 7:00,0.0,0.0
8/30/2021 8:00,0.16,0.02
8/30/2021 9:00,0.82,0.12
8/30/2021 10:00,1.46,0.21
8/30/2021 11:00,2.38,0.34
8/30/2021 12:00,3.9,0.56
8/30/2021 13:00,3.57,0.51
8/30/2021 14:00,2.66,0.38
8/30/2021 15:00,4.61,0.66
8/30/2021 16:00,4.66,0.67
8/30/2021 17:00,3.79,0.54
8/30/2021 18:00,2.6,0.37
8/30/2021 19:00,1.15,0.16
8/30/2021 20:00,0.15,0.02
8/30/2021 21:00,0.0,0.0
8/30/2021 22:00,0.0,0.0
8/30/2021 23:00,0.0,0.0
8/31/2021 0:00,0.0,0.0
8/31/2021 1:00,0.0,0.0
8/31/2021 2:00,0.0,0.0
8/31/2021 3:00,0.0,0.0
8/31/2021 4:00,0.0,0.0
8/31/2021 5:00,0.0,0.0
8/31/2021 6:00,0.0,0.0
8/31/2021 7:00,0.0,0.0
8/31/2021 8:00,0.13,0.02
8/31/2021 9:00,1.0,0.14
8/31/2021 10:00,2.57,0.37
8/31/2021 11:00,3.19,0.46
8/31/2021 12:00,4.47,0.64
8/31/2021 13:00,4.87,0.7
8/31/2021 14:00,4.55,0.65
8/31/2021 15:00,4.93,0.7
8/31/2021 16:00,4.65,0.66
8/31/2021 17:00,3.83,0.55
8/31/2021 18:00,2.01,0.29
8/31/2021 19:00,0.69,0.1
8/31/2021 20:00,0.07,0.01
8/31/2021 21:00,0.0,0.0
8/31/2021 22:00,0.0,0.0
8/31/2021 23:00,0.0,0.0
9/1/2021 0:00,0.0,0.0
9/1/2021 1:00,0.0,0.0
9/1/2021 2:00,0.0,0.0
9/1/2021 3:00,0.0,0.0
9/1/2021 4:00,0.0,0.0
9/1/2021 5:00,0.0,0.0
9/1/2021 6:00,0.0,0.0
9/1/2021 7:00,0.0,0.0
9/1/2021 8:00,0.09,0.01
9/1/2021 9:00,0.62,0.09
9/1/2021 10:00,1.1,0.16
9/1/2021 11:00,1.98,0.28
9/1/2021 12:00,2.42,0.35
9/1/2021 13:00,4.15,0.59
9/1/2021 14:00,5.42,0.77
9/1/2021 15:00,5.15,0.74
9/1/2021 16:00,4.19,0.6
9/1/2021 17:00,3.59,0.51
9/1/2021 18:00,2.56,0.37
9/1/2021 19:00,1.11,0.16
9/1/2021 20:00,0.14,0.02
9/1/2021 21:00,0.0,0.0
9/1/2021 22:00,0.0,0.0
9/1/2021 23:00,0.0,0.0
9/2/2021 0:00,0.0,0.0
9/2/2021 1:00,0.0,0.0
9/2/2021 2:00,0.0,0.0
9/2/2021 3:00,0.0,0.0
9/2/2021 4:00,0.0,0.0
9/2/2021 5:00,0.0,0.0
9/2/2021 6:00,0.0,0.0
9/2/2021 7:00,0.0,0.0
9/2/2021 8:00,0.13,0.02
9/2/2021 9:00,1.0,0.14
9/2/2021 10:00,2.04,0.29
9/2/2021 11:00,2.53,0.36
9/2/2021 12:00,3.62,0.52
9/2/2021 13:00,5.12,0.73
9/2/2021 14:00,4.15,0.59
9/2/2021 15:00,2.95,0.42
9/2/2021 16:00,4.57,0.65
9/2/2021 17:00,3.76,0.54
9/2/2021 18:00,2.52,0.36
9/2/2021 19:00,1.07,0.15
9/2/2021 20:00,0.13,0.02
9/2/2021 21:00,0.0,0.0
9/2/2021 22:00,0.0,0.0
9/2/2021 23:00,0.0,0.0
9/3/2021 0:00,0.0,0.0
9/3/2021 1:00,0.0,0.0
9/3/2021 2:00,0.0,0.0
9/3/2021 3:00,0.0,0.0
9/3/2021 4:00,0.0,0.0
9/3/2021 5:00,0.0,0.0
9/3/2021 6:00,0.0,0.0
9/3/2021 7:00,0.0,0.0
9/3/2021 8:00,0.1,0.01
9/3/2021 9:00,1.0,0.14
9/3/2021 10:00,2.57,0.37
9/3/2021 11:00,3.54,0.51
9/3/2021 12:00,4.41,0.63
9/3/2021 13:00,4.82,0.69
9/3/2021 14:00,5.16,0.74
9/3/2021 15:00,4.9,0.7
9/3/2021 16:00,4.55,0.65
9/3/2021 17:00,3.72,0.53
9/3/2021 18:00,2.49,0.36
9/3/2021 19:00,1.07,0.15
9/3/2021 20:00,0.12,0.02
9/3/2021 21:00,0.0,0.0
9/3/2021 22:00,0.0,0.0
9/3/2021 23:00,0.0,0.0
9/4/2021 0:00,0.0,0.0
9/4/2021 1:00,0.0,0.0
9/4/2021 2:00,0.0,0.0
9/4/2021 3:00,0.0,0.0
9/4/2021 4:00,0.0,0.0
9/4/2021 5:00,0.0,0.0
9/4/2021 6:00,0.0,0.0
9/4/2021 7:00,0.0,0.0
9/4/2021 8:00,0.12,0.02
9/4/2021 9:00,0.97,0.14
9/4/2021 10:00,2.59,0.37
9/4/2021 11:00,3.76,0.54
9/4/2021 12:00,4.51,0.64
9/4/2021 13:00,4.88,0.7
9/4/2021 14:00,4.98,0.71
9/4/2021 15:00,4.87,0.7
9/4/2021 16:00,4.38,0.63
9/4/2021 17:00,3.59,0.51
9/4/2021 18:00,2.47,0.35
9/4/2021 19:00,1.05,0.15
9/4/2021 20:00,0.11,0.02
9/4/2021 21:00,0.0,0.0
9/4/2021 22:00,0.0,0.0
9/4/2021 23:00,0.0,0.0
9/5/2021 0:00,0.0,0.0
9/5/2021 1:00,0.0,0.0
9/5/2021 2:00,0.0,0.0
9/5/2021 3:00,0.0,0.0
9/5/2021 4:00,0.0,0.0
9/5/2021 5:00,0.0,0.0
9/5/2021 6:00,0.0,0.0
9/5/2021 7:00,0.0,0.0
9/5/2021 8:00,0.1,0.01
9/5/2021 9:00,0.98,0.14
9/5/2021 10:00,2.52,0.36
9/5/2021 11:00,3.7,0.53
9/5/2021 12:00,4.53,0.65
9/5/2021 13:00,4.88,0.7
9/5/2021 14:00,4.95,0.71
9/5/2021 15:00,4.76,0.68
9/5/2021 16:00,4.26,0.61
9/5/2021 17:00,2.94,0.42
9/5/2021 18:00,1.39,0.2
9/5/2021 19:00,0.34,0.05
9/5/2021 20:00,0.11,0.02
9/5/2021 21:00,0.0,0.0
9/5/2021 22:00,0.0,0.0
9/5/2021 23:00,0.0,0.0
9/6/2021 0:00,0.0,0.0
9/6/2021 1:00,0.0,0.0
9/6/2021 2:00,0.0,0.0
9/6/2021 3:00,0.0,0.0
9/6/2021 4:00,0.0,0.0
9/6/2021 5:00,0.0,0.0
9/6/2021 6:00,0.0,0.0
9/6/2021 7:00,0.0,0.0
9/6/2021 8:00,0.07,0.01
9/6/2021 9:00,0.47,0.07
9/6/2021 10:00,2.34,0.33
9/6/2021 11:00,3.7,0.53
9/6/2021 12:00,3.17,0.45
9/6/2021 13:00,2.81,0.4
9/6/2021 14:00,4.53,0.65
9/6/2021 15:00,5.04,0.72
9/6/2021 16:00,4.56,0.65
9/6/2021 17:00,3.68,0.53
9/6/2021 18:00,2.35,0.34
9/6/2021 19:00,1.0,0.14
9/6/2021 20:00,0.07,0.01
9/6/2021 21:00,0.0,0.0
9/6/2021 22:00,0.0,0.0
9/6/2021 23:00,0.0,0.0
9/7/2021 0:00,0.0,0.0
9/7/2021 1:00,0.0,0.0
9/7/2021 2:00,0.0,0.0
9/7/2021 3:00,0.0,0.0
9/7/2021 4:00,0.0,0.0
9/7/2021 5:00,0.0,0.0
9/7/2021 6:00,0.0,0.0
9/7/2021 7:00,0.0,0.0
9/7/2021 8:00,0.07,0.01
9/7/2021 9:00,0.58,0.08
9/7/2021 10:00,0.99,0.14
9/7/2021 11:00,1.16,0.17
9/7/2021 12:00,0.84,0.12
9/7/2021 13:00,0.75,0.11
9/7/2021 14:00,1.13,0.16
9/7/2021 15:00,3.27,0.47
9/7/2021 16:00,2.74,0.39
9/7/2021 17:00,3.28,0.47
9/7/2021 18:00,1.9,0.27
9/7/2021 19:00,0.82,0.12
9/7/2021 20:00,0.16,0.02
9/7/2021 21:00,0.0,0.0
9/7/2021 22:00,0.0,0.0
9/7/2021 23:00,0.0,0.0
9/8/2021 0:00,0.0,0.0
9/8/2021 1:00,0.0,0.0
9/8/2021 2:00,0.0,0.0
9/8/2021 3:00,0.0,0.0
9/8/2021 4:00,0.0,0.0
9/8/2021 5:00,0.0,0.0
9/8/2021 6:00,0.0,0.0
9/8/2021 7:00,0.0,0.0
9/8/2021 8:00,0.03,0.0
9/8/2021 9:00,0.6,0.09
9/8/2021 10:00,1.66,0.24
9/8/2021 11:00,2.29,0.33
9/8/2021 12:00,2.3,0.33
9/8/2021 13:00,1.7,0.24
9/8/2021 14:00,3.47,0.5
9/8/2021 15:00,3.31,0.47
9/8/2021 16:00,1.99,0.28
9/8/2021 17:00,1.25,0.18
9/8/2021 18:00,1.18,0.17
9/8/2021 19:00,0.57,0.08
9/8/2021 20:00,0.07,0.01
9/8/2021 21:00,0.0,0.0
9/8/2021 22:00,0.0,0.0
9/8/2021 23:00,0.0,0.0
9/9/2021 0:00,0.0,0.0
9/9/2021 1:00,0.0,0.0
9/9/2021 2:00,0.0,0.0
9/9/2021 3:00,0.0,0.0
9/9/2021 4:00,0.0,0.0
9/9/2021 5:00,0.0,0.0
9/9/2021 6:00,0.0,0.0
9/9/2021 7:00,0.0,0.0
9/9/2021 8:00,0.03,0.0
9/9/2021 9:00,0.52,0.07
9/9/2021 10:00,1.83,0.26
9/9/2021 11:00,2.28,0.33
9/9/2021 12:00,2.22,0.32
9/9/2021 13:00,2.23,0.32
9/9/2021 14:00,2.13,0.3
9/9/2021 15:00,1.66,0.24
9/9/2021 16:00,3.02,0.43
9/9/2021 17:00,3.6,0.51
9/9/2021 18:00,2.39,0.34
9/9/2021 19:00,0.94,0.13
9/9/2021 20:00,0.13,0.02
9/9/2021 21:00,0.0,0.0
9/9/2021 22:00,0.0,0.0
9/9/2021 23:00,0.0,0.0
9/10/2021 0:00,0.0,0.0
9/10/2021 1:00,0.0,0.0
9/10/2021 2:00,0.0,0.0
9/10/2021 3:00,0.0,0.0
9/10/2021 4:00,0.0,0.0
9/10/2021 5:00,0.0,0.0
9/10/2021 6:00,0.0,0.0
9/10/2021 7:00,0.0,0.0
9/10/2021 8:00,0.02,0.0
9/10/2021 9:00,0.39,0.06
9/10/2021 10:00,1.52,0.22
9/10/2021 11:00,3.38,0.48
9/10/2021 12:00,4.36,0.62
9/10/2021 13:00,3.09,0.44
9/10/2021 14:00,3.32,0.47
9/10/2021 15:00,3.11,0.44
9/10/2021 16:00,4.62,0.66
9/10/2021 17:00,3.63,0.52
9/10/2021 18:00,2.36,0.34
9/10/2021 19:00,0.94,0.13
9/10/2021 20:00,0.08,0.01
9/10/2021 21:00,0.0,0.0
9/10/2021 22:00,0.0,0.0
9/10/2021 23:00,0.0,0.0
9/11/2021 0:00,0.0,0.0
9/11/2021 1:00,0.0,0.0
9/11/2021 2:00,0.0,0.0
9/11/2021 3:00,0.0,0.0
9/11/2021 4:00,0.0,0.0
9/11/2021 5:00,0.0,0.0
9/11/2021 6:00,0.0,0.0
9/11/2021 7:00,0.0,0.0
9/11/2021 8:00,0.01,0.0
9/11/2021 9:00,0.46,0.07
9/11/2021 10:00,1.08,0.15
9/11/2021 11:00,2.23,0.32
9/11/2021 12:00,4.42,0.63
9/11/2021 13:00,4.44,0.63
9/11/2021 14:00,4.99,0.71
9/11/2021 15:00,4.97,0.71
9/11/2021 16:00,4.41,0.63
9/11/2021 17:00,3.54,0.51
9/11/2021 18:00,2.27,0.32
9/11/2021 19:00,0.91,0.13
9/11/2021 20:00,0.08,0.01
9/11/2021 21:00,0.0,0.0
9/11/2021 22:00,0.0,0.0
9/11/2021 23:00,0.0,0.0
9/12/2021 0:00,0.0,0.0
9/12/2021 1:00,0.0,0.0
9/12/2021 2:00,0.0,0.0
9/12/2021 3:00,0.0,0.0
9/12/2021 4:00,0.0,0.0
9/12/2021 5:00,0.0,0.0
9/12/2021 6:00,0.0,0.0
9/12/2021 7:00,0.0,0.0
9/12/2021 8:00,0.03,0.0
9/12/2021 9:00,1.04,0.15
9/12/2021 10:00,2.67,0.38
9/12/2021 11:00,3.4,0.49
9/12/2021 12:00,4.12,0.59
9/12/2021 13:00,4.52,0.65
9/12/2021 14:00,3.89,0.56
9/12/2021 15:00,3.67,0.52
9/12/2021 16:00,3.41,0.49
9/12/2021 17:00,2.86,0.41
9/12/2021 18:00,1.84,0.26
9/12/2021 19:00,0.37,0.05
9/12/2021 20:00,0.01,0.0
9/12/2021 21:00,0.0,0.0
9/12/2021 22:00,0.0,0.0
9/12/2021 23:00,0.0,0.0
9/13/2021 0:00,0.0,0.0
9/13/2021 1:00,0.0,0.0
9/13/2021 2:00,0.0,0.0
9/13/2021 3:00,0.0,0.0
9/13/2021 4:00,0.0,0.0
9/13/2021 5:00,0.0,0.0
9/13/2021 6:00,0.0,0.0
9/13/2021 7:00,0.0,0.0
9/13/2021 8:00,0.0,0.0
9/13/2021 9:00,0.12,0.02
9/13/2021 10:00,0.39,0.06
9/13/2021 11:00,0.64,0.09
9/13/2021 12:00,2.56,0.37
9/13/2021 13:00,3.05,0.44
9/13/2021 14:00,3.32,0.47
9/13/2021 15:00,2.83,0.4
9/13/2021 16:00,2.39,0.34
9/13/2021 17:00,1.35,0.19
9/13/2021 18:00,1.33,0.19
9/13/2021 19:00,0.67,0.1
9/13/2021 20:00,0.29,0.04
9/13/2021 21:00,0.0,0.0
9/13/2021 22:00,0.0,0.0
9/13/2021 23:00,0.0,0.0
9/14/2021 0:00,0.0,0.0
9/14/2021 1:00,0.0,0.0
9/14/2021 2:00,0.0,0.0
9/14/2021 3:00,0.0,0.0
9/14/2021 4:00,0.0,0.0
9/14/2021 5:00,0.0,0.0
9/14/2021 6:00,0.0,0.0
9/14/2021 7:00,0.0,0.0
9/14/2021 8:00,0.01,0.0
9/14/2021 9:00,0.48,0.07
9/14/2021 10:00,0.75,0.11
9/14/2021 11:00,2.83,0.4
9/14/2021 12:00,2.96,0.42
9/14/2021 13:00,1.98,0.28
9/14/2021 14:00,4.63,0.66
9/14/2021 15:00,4.25,0.61
9/14/2021 16:00,4.54,0.65
9/14/2021 17:00,3.3,0.47
9/14/2021 18:00,2.03,0.29
9/14/2021 19:00,0.79,0.11
9/14/2021 20:00,0.04,0.01
9/14/2021 21:00,0.0,0.0
9/14/2021 22:00,0.0,0.0
9/14/2021 23:00,0.0,0.0
9/15/2021 0:00,0.0,0.0
9/15/2021 1:00,0.0,0.0
9/15/2021 2:00,0.0,0.0
9/15/2021 3:00,0.0,0.0
9/15/2021 4:00,0.0,0.0
9/15/2021 5:00,0.0,0.0
9/15/2021 6:00,0.0,0.0
9/15/2021 7:00,0.0,0.0
9/15/2021 8:00,0.18,0.03
9/15/2021 9:00,0.66,0.09
9/15/2021 10:00,1.53,0.22
9/15/2021 11:00,1.28,0.18
9/15/2021 12:00,1.31,0.19
9/15/2021 13:00,3.01,0.43
9/15/2021 14:00,1.5,0.21
9/15/2021 15:00,1.67,0.24
9/15/2021 16:00,2.57,0.37
9/15/2021 17:00,1.74,0.25
9/15/2021 18:00,2.11,0.3
9/15/2021 19:00,0.7,0.1
9/15/2021 20:00,0.06,0.01
9/15/2021 21:00,0.0,0.0
9/15/2021 22:00,0.0,0.0
9/15/2021 23:00,0.0,0.0
9/16/2021 0:00,0.0,0.0
9/16/2021 1:00,0.0,0.0
9/16/2021 2:00,0.0,0.0
9/16/2021 3:00,0.0,0.0
9/16/2021 4:00,0.0,0.0
9/16/2021 5:00,0.0,0.0
9/16/2021 6:00,0.0,0.0
9/16/2021 7:00,0.0,0.0
9/16/2021 8:00,0.09,0.01
9/16/2021 9:00,1.09,0.16
9/16/2021 10:00,1.99,0.28
9/16/2021 11:00,2.95,0.42
9/16/2021 12:00,4.02,0.57
9/16/2021 13:00,4.88,0.7
9/16/2021 14:00,4.56,0.65
9/16/2021 15:00,3.13,0.45
9/16/2021 16:00,3.66,0.52
9/16/2021 17:00,3.42,0.49
9/16/2021 18:00,2.21,0.32
9/16/2021 19:00,0.82,0.12
9/16/2021 20:00,0.05,0.01
9/16/2021 21:00,0.0,0.0
9/16/2021 22:00,0.0,0.0
9/16/2021 23:00,0.0,0.0
9/17/2021 0:00,0.0,0.0
9/17/2021 1:00,0.0,0.0
9/17/2021 2:00,0.0,0.0
9/17/2021 3:00,0.0,0.0
9/17/2021 4:00,0.0,0.0
9/17/2021 5:00,0.0,0.0
9/17/2021 6:00,0.0,0.0
9/17/2021 7:00,0.0,0.0
9/17/2021 8:00,0.07,0.01
9/17/2021 9:00,1.09,0.16
9/17/2021 10:00,2.55,0.36
9/17/2021 11:00,3.29,0.47
9/17/2021 12:00,4.39,0.63
9/17/2021 13:00,5.0,0.71
9/17/2021 14:00,5.04,0.72
9/17/2021 15:00,4.87,0.7
9/17/2021 16:00,4.36,0.62
9/17/2021 17:00,3.51,0.5
9/17/2021 18:00,2.06,0.29
9/17/2021 19:00,0.75,0.11
9/17/2021 20:00,0.04,0.01
9/17/2021 21:00,0.0,0.0
9/17/2021 22:00,0.0,0.0
9/17/2021 23:00,0.0,0.0
9/18/2021 0:00,0.0,0.0
9/18/2021 1:00,0.0,0.0
9/18/2021 2:00,0.0,0.0
9/18/2021 3:00,0.0,0.0
9/18/2021 4:00,0.0,0.0
9/18/2021 5:00,0.0,0.0
9/18/2021 6:00,0.0,0.0
9/18/2021 7:00,0.0,0.0
9/18/2021 8:00,0.07,0.01
9/18/2021 9:00,1.08,0.15
9/18/2021 10:00,2.72,0.39
9/18/2021 11:00,4.02,0.57
9/18/2021 12:00,4.88,0.7
9/18/2021 13:00,5.28,0.75
9/18/2021 14:00,5.37,0.77
9/18/2021 15:00,5.13,0.73
9/18/2021 16:00,4.6,0.66
9/18/2021 17:00,3.66,0.52
9/18/2021 18:00,2.34,0.33
9/18/2021 19:00,0.83,0.12
9/18/2021 20:00,0.04,0.01
9/18/2021 21:00,0.0,0.0
9/18/2021 22:00,0.0,0.0
9/18/2021 23:00,0.0,0.0
9/19/2021 0:00,0.0,0.0
9/19/2021 1:00,0.0,0.0
9/19/2021 2:00,0.0,0.0
9/19/2021 3:00,0.0,0.0
9/19/2021 4:00,0.0,0.0
9/19/2021 5:00,0.0,0.0
9/19/2021 6:00,0.0,0.0
9/19/2021 7:00,0.0,0.0
9/19/2021 8:00,0.05,0.01
9/19/2021 9:00,1.08,0.15
9/19/2021 10:00,2.67,0.38
9/19/2021 11:00,3.93,0.56
9/19/2021 12:00,4.77,0.68
9/19/2021 13:00,5.17,0.74
9/19/2021 14:00,5.25,0.75
9/19/2021 15:00,5.0,0.71
9/19/2021 16:00,4.38,0.63
9/19/2021 17:00,3.46,0.49
9/19/2021 18:00,2.23,0.32
9/19/2021 19:00,0.76,0.11
9/19/2021 20:00,0.04,0.01
9/19/2021 21:00,0.0,0.0
9/19/2021 22:00,0.0,0.0
9/19/2021 23:00,0.0,0.0
9/20/2021 0:00,0.0,0.0
9/20/2021 1:00,0.0,0.0
9/20/2021 2:00,0.0,0.0
9/20/2021 3:00,0.0,0.0
9/20/2021 4:00,0.0,0.0
9/20/2021 5:00,0.0,0.0
9/20/2021 6:00,0.0,0.0
9/20/2021 7:00,0.0,0.0
9/20/2021 8:00,0.06,0.01
9/20/2021 9:00,1.08,0.15
9/20/2021 10:00,2.62,0.37
9/20/2021 11:00,3.85,0.55
9/20/2021 12:00,4.68,0.67
9/20/2021 13:00,5.08,0.73
9/20/2021 14:00,5.19,0.74
9/20/2021 15:00,4.94,0.71
9/20/2021 16:00,4.38,0.63
9/20/2021 17:00,3.51,0.5
9/20/2021 18:00,2.2,0.31
9/20/2021 19:00,0.75,0.11
9/20/2021 20:00,0.03,0.0
9/20/2021 21:00,0.0,0.0
9/20/2021 22:00,0.0,0.0
9/20/2021 23:00,0.0,0.0
9/21/2021 0:00,0.0,0.0
9/21/2021 1:00,0.0,0.0
9/21/2021 2:00,0.0,0.0
9/21/2021 3:00,0.0,0.0
9/21/2021 4:00,0.0,0.0
9/21/2021 5:00,0.0,0.0
9/21/2021 6:00,0.0,0.0
9/21/2021 7:00,0.0,0.0
9/21/2021 8:00,0.05,0.01
9/21/2021 9:00,1.11,0.16
9/21/2021 10:00,2.67,0.38
9/21/2021 11:00,3.93,0.56
9/21/2021 12:00,4.79,0.68
9/21/2021 13:00,5.22,0.75
9/21/2021 14:00,5.26,0.75
9/21/2021 15:00,5.02,0.72
9/21/2021 16:00,4.42,0.63
9/21/2021 17:00,3.48,0.5
9/21/2021 18:00,2.18,0.31
9/21/2021 19:00,0.73,0.1
9/21/2021 20:00,0.03,0.0
9/21/2021 21:00,0.0,0.0
9/21/2021 22:00,0.0,0.0
9/21/2021 23:00,0.0,0.0
9/22/2021 0:00,0.0,0.0
9/22/2021 1:00,0.0,0.0
9/22/2021 2:00,0.0,0.0
9/22/2021 3:00,0.0,0.0
9/22/2021 4:00,0.0,0.0
9/22/2021 5:00,0.0,0.0
9/22/2021 6:00,0.0,0.0
9/22/2021 7:00,0.0,0.0
9/22/2021 8:00,0.05,0.01
9/22/2021 9:00,1.08,0.15
9/22/2021 10:00,2.63,0.38
9/22/2021 11:00,3.85,0.55
9/22/2021 12:00,4.65,0.66
9/22/2021 13:00,4.75,0.68
9/22/2021 14:00,5.11,0.73
9/22/2021 15:00,4.54,0.65
9/22/2021 16:00,2.72,0.39
9/22/2021 17:00,3.34,0.48
9/22/2021 18:00,2.1,0.3
9/22/2021 19:00,0.85,0.12
9/22/2021 20:00,0.04,0.01
9/22/2021 21:00,0.0,0.0
9/22/2021 22:00,0.0,0.0
9/22/2021 23:00,0.0,0.0
9/23/2021 0:00,0.0,0.0
9/23/2021 1:00,0.0,0.0
9/23/2021 2:00,0.0,0.0
9/23/2021 3:00,0.0,0.0
9/23/2021 4:00,0.0,0.0
9/23/2021 5:00,0.0,0.0
9/23/2021 6:00,0.0,0.0
9/23/2021 7:00,0.0,0.0
9/23/2021 8:00,0.0,0.0
9/23/2021 9:00,0.11,0.02
9/23/2021 10:00,1.28,0.18
9/23/2021 11:00,3.76,0.54
9/23/2021 12:00,4.69,0.67
9/23/2021 13:00,5.09,0.73
9/23/2021 14:00,4.47,0.64
9/23/2021 15:00,4.25,0.61
9/23/2021 16:00,1.15,0.16
9/23/2021 17:00,3.03,0.43
9/23/2021 18:00,2.23,0.32
9/23/2021 19:00,0.67,0.1
9/23/2021 20:00,0.0,0.0
9/23/2021 21:00,0.0,0.0
9/23/2021 22:00,0.0,0.0
9/23/2021 23:00,0.0,0.0
9/24/2021 0:00,0.0,0.0
9/24/2021 1:00,0.0,0.0
9/24/2021 2:00,0.0,0.0
9/24/2021 3:00,0.0,0.0
9/24/2021 4:00,0.0,0.0
9/24/2021 5:00,0.0,0.0
9/24/2021 6:00,0.0,0.0
9/24/2021 7:00,0.0,0.0
9/24/2021 8:00,0.01,0.0
9/24/2021 9:00,0.39,0.06
9/24/2021 10:00,2.08,0.3
9/24/2021 11:00,3.31,0.47
9/24/2021 12:00,3.03,0.43
9/24/2021 13:00,5.36,0.77
9/24/2021 14:00,5.31,0.76
9/24/2021 15:00,5.03,0.72
9/24/2021 16:00,4.38,0.63
9/24/2021 17:00,3.37,0.48
9/24/2021 18:00,1.37,0.2
9/24/2021 19:00,0.31,0.04
9/24/2021 20:00,0.02,0.0
9/24/2021 21:00,0.0,0.0
9/24/2021 22:00,0.0,0.0
9/24/2021 23:00,0.0,0.0
9/25/2021 0:00,0.0,0.0
9/25/2021 1:00,0.0,0.0
9/25/2021 2:00,0.0,0.0
9/25/2021 3:00,0.0,0.0
9/25/2021 4:00,0.0,0.0
9/25/2021 5:00,0.0,0.0
9/25/2021 6:00,0.0,0.0
9/25/2021 7:00,0.0,0.0
9/25/2021 8:00,0.0,0.0
9/25/2021 9:00,0.11,0.02
9/25/2021 10:00,1.09,0.16
9/25/2021 11:00,3.08,0.44
9/25/2021 12:00,2.26,0.32
9/25/2021 13:00,2.92,0.42
9/25/2021 14:00,3.72,0.53
9/25/2021 15:00,3.97,0.57
9/25/2021 16:00,3.35,0.48
9/25/2021 17:00,2.83,0.4
9/25/2021 18:00,1.95,0.28
9/25/2021 19:00,0.67,0.1
9/25/2021 20:00,0.01,0.0
9/25/2021 21:00,0.0,0.0
9/25/2021 22:00,0.0,0.0
9/25/2021 23:00,0.0,0.0
9/26/2021 0:00,0.0,0.0
9/26/2021 1:00,0.0,0.0
9/26/2021 2:00,0.0,0.0
9/26/2021 3:00,0.0,0.0
9/26/2021 4:00,0.0,0.0
9/26/2021 5:00,0.0,0.0
9/26/2021 6:00,0.0,0.0
9/26/2021 7:00,0.0,0.0
9/26/2021 8:00,0.02,0.0
9/26/2021 9:00,1.06,0.15
9/26/2021 10:00,2.31,0.33
9/26/2021 11:00,2.57,0.37
9/26/2021 12:00,4.0,0.57
9/26/2021 13:00,4.15,0.59
9/26/2021 14:00,3.74,0.53
9/26/2021 15:00,3.39,0.48
9/26/2021 16:00,2.48,0.35
9/26/2021 17:00,2.66,0.38
9/26/2021 18:00,1.98,0.28
9/26/2021 19:00,0.59,0.08
9/26/2021 20:00,0.01,0.0
9/26/2021 21:00,0.0,0.0
9/26/2021 22:00,0.0,0.0
9/26/2021 23:00,0.0,0.0
9/27/2021 0:00,0.0,0.0
9/27/2021 1:00,0.0,0.0
9/27/2021 2:00,0.0,0.0
9/27/2021 3:00,0.0,0.0
9/27/2021 4:00,0.0,0.0
9/27/2021 5:00,0.0,0.0
9/27/2021 6:00,0.0,0.0
9/27/2021 7:00,0.0,0.0
9/27/2021 8:00,0.02,0.0
9/27/2021 9:00,1.04,0.15
9/27/2021 10:00,2.45,0.35
9/27/2021 11:00,3.65,0.52
9/27/2021 12:00,4.61,0.66
9/27/2021 13:00,4.78,0.68
9/27/2021 14:00,4.92,0.7
9/27/2021 15:00,4.71,0.67
9/27/2021 16:00,4.21,0.6
9/27/2021 17:00,3.28,0.47
9/27/2021 18:00,1.66,0.24
9/27/2021 19:00,0.47,0.07
9/27/2021 20:00,0.03,0.0
9/27/2021 21:00,0.0,0.0
9/27/2021 22:00,0.0,0.0
9/27/2021 23:00,0.0,0.0
9/28/2021 0:00,0.0,0.0
9/28/2021 1:00,0.0,0.0
9/28/2021 2:00,0.0,0.0
9/28/2021 3:00,0.0,0.0
9/28/2021 4:00,0.0,0.0
9/28/2021 5:00,0.0,0.0
9/28/2021 6:00,0.0,0.0
9/28/2021 7:00,0.0,0.0
9/28/2021 8:00,0.03,0.0
9/28/2021 9:00,0.91,0.13
9/28/2021 10:00,1.06,0.15
9/28/2021 11:00,3.32,0.47
9/28/2021 12:00,4.75,0.68
9/28/2021 13:00,5.25,0.75
9/28/2021 14:00,5.32,0.76
9/28/2021 15:00,5.07,0.72
9/28/2021 16:00,4.45,0.64
9/28/2021 17:00,3.47,0.5
9/28/2021 18:00,2.12,0.3
9/28/2021 19:00,0.63,0.09
9/28/2021 20:00,0.01,0.0
9/28/2021 21:00,0.0,0.0
9/28/2021 22:00,0.0,0.0
9/28/2021 23:00,0.0,0.0
9/29/2021 0:00,0.0,0.0
9/29/2021 1:00,0.0,0.0
9/29/2021 2:00,0.0,0.0
9/29/2021 3:00,0.0,0.0
9/29/2021 4:00,0.0,0.0
9/29/2021 5:00,0.0,0.0
9/29/2021 6:00,0.0,0.0
9/29/2021 7:00,0.0,0.0
9/29/2021 8:00,0.0,0.0
9/29/2021 9:00,1.01,0.14
9/29/2021 10:00,2.71,0.39
9/29/2021 11:00,3.98,0.57
9/29/2021 12:00,4.79,0.68
9/29/2021 13:00,5.18,0.74
9/29/2021 14:00,5.21,0.74
9/29/2021 15:00,4.92,0.7
9/29/2021 16:00,4.29,0.61
9/29/2021 17:00,3.36,0.48
9/29/2021 18:00,2.02,0.29
9/29/2021 19:00,0.58,0.08
9/29/2021 20:00,0.01,0.0
9/29/2021 21:00,0.0,0.0
9/29/2021 22:00,0.0,0.0
9/29/2021 23:00,0.0,0.0
9/30/2021 0:00,0.0,0.0
9/30/2021 1:00,0.0,0.0
9/30/2021 2:00,0.0,0.0
9/30/2021 3:00,0.0,0.0
9/30/2021 4:00,0.0,0.0
9/30/2021 5:00,0.0,0.0
9/30/2021 6:00,0.0,0.0
9/30/2021 7:00,0.0,0.0
9/30/2021 8:00,0.0,0.0
9/30/2021 9:00,0.94,0.13
9/30/2021 10:00,2.62,0.37
9/30/2021 11:00,3.72,0.53
9/30/2021 12:00,4.51,0.64
9/30/2021 13:00,4.99,0.71
9/30/2021 14:00,4.89,0.7
9/30/2021 15:00,4.75,0.68
9/30/2021 16:00,4.18,0.6
9/30/2021 17:00,3.24,0.46
9/30/2021 18:00,1.92,0.27
9/30/2021 19:00,0.56,0.08
9/30/2021 20:00,0.0,0.0
9/30/2021 21:00,0.0,0.0
9/30/2021 22:00,0.0,0.0
9/30/2021 23:00,0.0,0.0
10/1/2021 0:00,0.0,0.0
10/1/2021 1:00,0.0,0.0
10/1/2021 2:00,0.0,0.0
10/1/2021 3:00,0.0,0.0
10/1/2021 4:00,0.0,0.0
10/1/2021 5:00,0.0,0.0
10/1/2021 6:00,0.0,0.0
10/1/2021 7:00,0.0,0.0
10/1/2021 8:00,0.03,0.0
10/1/2021 9:00,0.87,0.12
10/1/2021 10:00,2.51,0.36
10/1/2021 11:00,2.79,0.4
10/1/2021 12:00,3.63,0.52
10/1/2021 13:00,5.05,0.72
10/1/2021 14:00,4.53,0.65
10/1/2021 15:00,4.4,0.63
10/1/2021 16:00,4.23,0.6
10/1/2021 17:00,2.92,0.42
10/1/2021 18:00,1.69,0.24
10/1/2021 19:00,0.48,0.07
10/1/2021 20:00,0.0,0.0
10/1/2021 21:00,0.0,0.0
10/1/2021 22:00,0.0,0.0
10/1/2021 23:00,0.0,0.0
10/2/2021 0:00,0.0,0.0
10/2/2021 1:00,0.0,0.0
10/2/2021 2:00,0.0,0.0
10/2/2021 3:00,0.0,0.0
10/2/2021 4:00,0.0,0.0
10/2/2021 5:00,0.0,0.0
10/2/2021 6:00,0.0,0.0
10/2/2021 7:00,0.0,0.0
10/2/2021 8:00,0.02,0.0
10/2/2021 9:00,0.2,0.03
10/2/2021 10:00,0.5,0.07
10/2/2021 11:00,1.05,0.15
10/2/2021 12:00,1.4,0.2
10/2/2021 13:00,1.18,0.17
10/2/2021 14:00,1.76,0.25
10/2/2021 15:00,2.44,0.35
10/2/2021 16:00,3.46,0.49
10/2/2021 17:00,1.69,0.24
10/2/2021 18:00,2.01,0.29
10/2/2021 19:00,0.5,0.07
10/2/2021 20:00,0.0,0.0
10/2/2021 21:00,0.0,0.0
10/2/2021 22:00,0.0,0.0
10/2/2021 23:00,0.0,0.0
10/3/2021 0:00,0.0,0.0
10/3/2021 1:00,0.0,0.0
10/3/2021 2:00,0.0,0.0
10/3/2021 3:00,0.0,0.0
10/3/2021 4:00,0.0,0.0
10/3/2021 5:00,0.0,0.0
10/3/2021 6:00,0.0,0.0
10/3/2021 7:00,0.0,0.0
10/3/2021 8:00,0.0,0.0
10/3/2021 9:00,0.35,0.05
10/3/2021 10:00,1.41,0.2
10/3/2021 11:00,3.0,0.43
10/3/2021 12:00,3.3,0.47
10/3/2021 13:00,3.45,0.49
10/3/2021 14:00,3.97,0.57
10/3/2021 15:00,4.4,0.63
10/3/2021 16:00,4.37,0.62
10/3/2021 17:00,2.82,0.4
10/3/2021 18:00,1.39,0.2
10/3/2021 19:00,0.32,0.05
10/3/2021 20:00,0.0,0.0
10/3/2021 21:00,0.0,0.0
10/3/2021 22:00,0.0,0.0
10/3/2021 23:00,0.0,0.0
10/4/2021 0:00,0.0,0.0
10/4/2021 1:00,0.0,0.0
10/4/2021 2:00,0.0,0.0
10/4/2021 3:00,0.0,0.0
10/4/2021 4:00,0.0,0.0
10/4/2021 5:00,0.0,0.0
10/4/2021 6:00,0.0,0.0
10/4/2021 7:00,0.0,0.0
10/4/2021 8:00,0.01,0.0
10/4/2021 9:00,0.82,0.12
10/4/2021 10:00,2.53,0.36
10/4/2021 11:00,3.67,0.52
10/4/2021 12:00,4.74,0.68
10/4/2021 13:00,4.3,0.61
10/4/2021 14:00,3.76,0.54
10/4/2021 15:00,3.24,0.46
10/4/2021 16:00,4.1,0.59
10/4/2021 17:00,3.3,0.47
10/4/2021 18:00,1.9,0.27
10/4/2021 19:00,0.46,0.07
10/4/2021 20:00,0.0,0.0
10/4/2021 21:00,0.0,0.0
10/4/2021 22:00,0.0,0.0
10/4/2021 23:00,0.0,0.0
10/5/2021 0:00,0.0,0.0
10/5/2021 1:00,0.0,0.0
10/5/2021 2:00,0.0,0.0
10/5/2021 3:00,0.0,0.0
10/5/2021 4:00,0.0,0.0
10/5/2021 5:00,0.0,0.0
10/5/2021 6:00,0.0,0.0
10/5/2021 7:00,0.0,0.0
10/5/2021 8:00,0.0,0.0
10/5/2021 9:00,0.3,0.04
10/5/2021 10:00,2.16,0.31
10/5/2021 11:00,2.3,0.33
10/5/2021 12:00,2.22,0.32
10/5/2021 13:00,1.12,0.16
10/5/2021 14:00,1.45,0.21
10/5/2021 15:00,1.75,0.25
10/5/2021 16:00,0.99,0.14
10/5/2021 17:00,1.0,0.14
10/5/2021 18:00,0.6,0.09
10/5/2021 19:00,0.19,0.03
10/5/2021 20:00,0.0,0.0
10/5/2021 21:00,0.0,0.0
10/5/2021 22:00,0.0,0.0
10/5/2021 23:00,0.0,0.0
10/6/2021 0:00,0.0,0.0
10/6/2021 1:00,0.0,0.0
10/6/2021 2:00,0.0,0.0
10/6/2021 3:00,0.0,0.0
10/6/2021 4:00,0.0,0.0
10/6/2021 5:00,0.0,0.0
10/6/2021 6:00,0.0,0.0
10/6/2021 7:00,0.0,0.0
10/6/2021 8:00,0.0,0.0
10/6/2021 9:00,0.74,0.11
10/6/2021 10:00,2.52,0.36
10/6/2021 11:00,3.75,0.54
10/6/2021 12:00,4.53,0.65
10/6/2021 13:00,4.89,0.7
10/6/2021 14:00,4.94,0.71
10/6/2021 15:00,4.67,0.67
10/6/2021 16:00,4.06,0.58
10/6/2021 17:00,3.11,0.44
10/6/2021 18:00,1.77,0.25
10/6/2021 19:00,0.42,0.06
10/6/2021 20:00,0.0,0.0
10/6/2021 21:00,0.0,0.0
10/6/2021 22:00,0.0,0.0
10/6/2021 23:00,0.0,0.0
10/7/2021 0:00,0.0,0.0
10/7/2021 1:00,0.0,0.0
10/7/2021 2:00,0.0,0.0
10/7/2021 3:00,0.0,0.0
10/7/2021 4:00,0.0,0.0
10/7/2021 5:00,0.0,0.0
10/7/2021 6:00,0.0,0.0
10/7/2021 7:00,0.0,0.0
10/7/2021 8:00,0.0,0.0
10/7/2021 9:00,0.71,0.1
10/7/2021 10:00,2.53,0.36
10/7/2021 11:00,3.72,0.53
10/7/2021 12:00,4.47,0.64
10/7/2021 13:00,4.85,0.69
10/7/2021 14:00,4.89,0.7
10/7/2021 15:00,4.58,0.65
10/7/2021 16:00,4.01,0.57
10/7/2021 17:00,3.09,0.44
10/7/2021 18:00,1.74,0.25
10/7/2021 19:00,0.41,0.06
10/7/2021 20:00,0.0,0.0
10/7/2021 21:00,0.0,0.0
10/7/2021 22:00,0.0,0.0
10/7/2021 23:00,0.0,0.0
10/8/2021 0:00,0.0,0.0
10/8/2021 1:00,0.0,0.0
10/8/2021 2:00,0.0,0.0
10/8/2021 3:00,0.0,0.0
10/8/2021 4:00,0.0,0.0
10/8/2021 5:00,0.0,0.0
10/8/2021 6:00,0.0,0.0
10/8/2021 7:00,0.0,0.0
10/8/2021 8:00,0.0,0.0
10/8/2021 9:00,0.68,0.1
10/8/2021 10:00,2.51,0.36
10/8/2021 11:00,3.71,0.53
10/8/2021 12:00,4.49,0.64
10/8/2021 13:00,4.83,0.69
10/8/2021 14:00,4.87,0.7
10/8/2021 15:00,4.71,0.67
10/8/2021 16:00,4.05,0.58
10/8/2021 17:00,3.07,0.44
10/8/2021 18:00,1.76,0.25
10/8/2021 19:00,0.36,0.05
10/8/2021 20:00,0.0,0.0
10/8/2021 21:00,0.0,0.0
10/8/2021 22:00,0.0,0.0
10/8/2021 23:00,0.0,0.0
10/9/2021 0:00,0.0,0.0
10/9/2021 1:00,0.0,0.0
10/9/2021 2:00,0.0,0.0
10/9/2021 3:00,0.0,0.0
10/9/2021 4:00,0.0,0.0
10/9/2021 5:00,0.0,0.0
10/9/2021 6:00,0.0,0.0
10/9/2021 7:00,0.0,0.0
10/9/2021 8:00,0.0,0.0
10/9/2021 9:00,0.64,0.09
10/9/2021 10:00,2.41,0.34
10/9/2021 11:00,3.54,0.51
10/9/2021 12:00,3.66,0.52
10/9/2021 13:00,4.03,0.58
10/9/2021 14:00,4.99,0.71
10/9/2021 15:00,4.28,0.61
10/9/2021 16:00,3.01,0.43
10/9/2021 17:00,2.14,0.31
10/9/2021 18:00,1.72,0.25
10/9/2021 19:00,0.38,0.05
10/9/2021 20:00,0.0,0.0
10/9/2021 21:00,0.0,0.0
10/9/2021 22:00,0.0,0.0
10/9/2021 23:00,0.0,0.0
10/10/2021 0:00,0.0,0.0
10/10/2021 1:00,0.0,0.0
10/10/2021 2:00,0.0,0.0
10/10/2021 3:00,0.0,0.0
10/10/2021 4:00,0.0,0.0
10/10/2021 5:00,0.0,0.0
10/10/2021 6:00,0.0,0.0
10/10/2021 7:00,0.0,0.0
10/10/2021 8:00,0.0,0.0
10/10/2021 9:00,0.6,0.09
10/10/2021 10:00,2.04,0.29
10/10/2021 11:00,3.57,0.51
10/10/2021 12:00,4.36,0.62
10/10/2021 13:00,4.46,0.64
10/10/2021 14:00,4.94,0.71
10/10/2021 15:00,4.5,0.64
10/10/2021 16:00,3.99,0.57
10/10/2021 17:00,2.99,0.43
10/10/2021 18:00,1.65,0.24
10/10/2021 19:00,0.36,0.05
10/10/2021 20:00,0.0,0.0
10/10/2021 21:00,0.0,0.0
10/10/2021 22:00,0.0,0.0
10/10/2021 23:00,0.0,0.0
10/11/2021 0:00,0.0,0.0
10/11/2021 1:00,0.0,0.0
10/11/2021 2:00,0.0,0.0
10/11/2021 3:00,0.0,0.0
10/11/2021 4:00,0.0,0.0
10/11/2021 5:00,0.0,0.0
10/11/2021 6:00,0.0,0.0
10/11/2021 7:00,0.0,0.0
10/11/2021 8:00,0.0,0.0
10/11/2021 9:00,0.35,0.05
10/11/2021 10:00,2.24,0.32
10/11/2021 11:00,2.66,0.38
10/11/2021 12:00,4.07,0.58
10/11/2021 13:00,4.84,0.69
10/11/2021 14:00,4.39,0.63
10/11/2021 15:00,4.08,0.58
10/11/2021 16:00,3.97,0.57
10/11/2021 17:00,2.97,0.42
10/11/2021 18:00,1.62,0.23
10/11/2021 19:00,0.32,0.05
10/11/2021 20:00,0.0,0.0
10/11/2021 21:00,0.0,0.0
10/11/2021 22:00,0.0,0.0
10/11/2021 23:00,0.0,0.0
10/12/2021 0:00,0.0,0.0
10/12/2021 1:00,0.0,0.0
10/12/2021 2:00,0.0,0.0
10/12/2021 3:00,0.0,0.0
10/12/2021 4:00,0.0,0.0
10/12/2021 5:00,0.0,0.0
10/12/2021 6:00,0.0,0.0
10/12/2021 7:00,0.0,0.0
10/12/2021 8:00,0.0,0.0
10/12/2021 9:00,0.5,0.07
10/12/2021 10:00,2.12,0.3
10/12/2021 11:00,3.43,0.49
10/12/2021 12:00,4.25,0.61
10/12/2021 13:00,4.61,0.66
10/12/2021 14:00,4.65,0.66
10/12/2021 15:00,4.29,0.61
10/12/2021 16:00,3.64,0.52
10/12/2021 17:00,2.77,0.4
10/12/2021 18:00,1.49,0.21
10/12/2021 19:00,0.28,0.04
10/12/2021 20:00,0.0,0.0
10/12/2021 21:00,0.0,0.0
10/12/2021 22:00,0.0,0.0
10/12/2021 23:00,0.0,0.0
10/13/2021 0:00,0.0,0.0
10/13/2021 1:00,0.0,0.0
10/13/2021 2:00,0.0,0.0
10/13/2021 3:00,0.0,0.0
10/13/2021 4:00,0.0,0.0
10/13/2021 5:00,0.0,0.0
10/13/2021 6:00,0.0,0.0
10/13/2021 7:00,0.0,0.0
10/13/2021 8:00,0.0,0.0
10/13/2021 9:00,0.54,0.08
10/13/2021 10:00,2.21,0.32
10/13/2021 11:00,3.54,0.51
10/13/2021 12:00,4.29,0.61
10/13/2021 13:00,4.62,0.66
10/13/2021 14:00,4.71,0.67
10/13/2021 15:00,4.43,0.63
10/13/2021 16:00,3.88,0.55
10/13/2021 17:00,2.91,0.42
10/13/2021 18:00,1.58,0.23
10/13/2021 19:00,0.22,0.03
10/13/2021 20:00,0.0,0.0
10/13/2021 21:00,0.0,0.0
10/13/2021 22:00,0.0,0.0
10/13/2021 23:00,0.0,0.0
10/14/2021 0:00,0.0,0.0
10/14/2021 1:00,0.0,0.0
10/14/2021 2:00,0.0,0.0
10/14/2021 3:00,0.0,0.0
10/14/2021 4:00,0.0,0.0
10/14/2021 5:00,0.0,0.0
10/14/2021 6:00,0.0,0.0
10/14/2021 7:00,0.0,0.0
10/14/2021 8:00,0.0,0.0
10/14/2021 9:00,0.54,0.08
10/14/2021 10:00,2.22,0.32
10/14/2021 11:00,3.59,0.51
10/14/2021 12:00,3.75,0.54
10/14/2021 13:00,2.94,0.42
10/14/2021 14:00,4.35,0.62
10/14/2021 15:00,4.44,0.63
10/14/2021 16:00,3.79,0.54
10/14/2021 17:00,2.54,0.36
10/14/2021 18:00,1.18,0.17
10/14/2021 19:00,0.17,0.02
10/14/2021 20:00,0.0,0.0
10/14/2021 21:00,0.0,0.0
10/14/2021 22:00,0.0,0.0
10/14/2021 23:00,0.0,0.0
10/15/2021 0:00,0.0,0.0
10/15/2021 1:00,0.0,0.0
10/15/2021 2:00,0.0,0.0
10/15/2021 3:00,0.0,0.0
10/15/2021 4:00,0.0,0.0
10/15/2021 5:00,0.0,0.0
10/15/2021 6:00,0.0,0.0
10/15/2021 7:00,0.0,0.0
10/15/2021 8:00,0.0,0.0
10/15/2021 9:00,0.36,0.05
10/15/2021 10:00,1.47,0.21
10/15/2021 11:00,3.44,0.49
10/15/2021 12:00,3.97,0.57
10/15/2021 13:00,4.66,0.67
10/15/2021 14:00,4.73,0.68
10/15/2021 15:00,4.51,0.64
10/15/2021 16:00,3.93,0.56
10/15/2021 17:00,2.94,0.42
10/15/2021 18:00,1.59,0.23
10/15/2021 19:00,0.25,0.04
10/15/2021 20:00,0.0,0.0
10/15/2021 21:00,0.0,0.0
10/15/2021 22:00,0.0,0.0
10/15/2021 23:00,0.0,0.0
10/16/2021 0:00,0.0,0.0
10/16/2021 1:00,0.0,0.0
10/16/2021 2:00,0.0,0.0
10/16/2021 3:00,0.0,0.0
10/16/2021 4:00,0.0,0.0
10/16/2021 5:00,0.0,0.0
10/16/2021 6:00,0.0,0.0
10/16/2021 7:00,0.0,0.0
10/16/2021 8:00,0.0,0.0
10/16/2021 9:00,0.56,0.08
10/16/2021 10:00,1.79,0.26
10/16/2021 11:00,2.69,0.38
10/16/2021 12:00,3.26,0.47
10/16/2021 13:00,1.3,0.19
10/16/2021 14:00,1.95,0.28
10/16/2021 15:00,1.25,0.18
10/16/2021 16:00,1.16,0.17
10/16/2021 17:00,1.1,0.16
10/16/2021 18:00,0.35,0.05
10/16/2021 19:00,0.02,0.0
10/16/2021 20:00,0.0,0.0
10/16/2021 21:00,0.0,0.0
10/16/2021 22:00,0.0,0.0
10/16/2021 23:00,0.0,0.0
10/17/2021 0:00,0.0,0.0
10/17/2021 1:00,0.0,0.0
10/17/2021 2:00,0.0,0.0
10/17/2021 3:00,0.0,0.0
10/17/2021 4:00,0.0,0.0
10/17/2021 5:00,0.0,0.0
10/17/2021 6:00,0.0,0.0
10/17/2021 7:00,0.0,0.0
10/17/2021 8:00,0.0,0.0
10/17/2021 9:00,0.28,0.04
10/17/2021 10:00,0.34,0.05
10/17/2021 11:00,0.7,0.1
10/17/2021 12:00,1.1,0.16
10/17/2021 13:00,1.83,0.26
10/17/2021 14:00,2.66,0.38
10/17/2021 15:00,3.23,0.46
10/17/2021 16:00,3.21,0.46
10/17/2021 17:00,1.52,0.22
10/17/2021 18:00,0.4,0.06
10/17/2021 19:00,0.19,0.03
10/17/2021 20:00,0.0,0.0
10/17/2021 21:00,0.0,0.0
10/17/2021 22:00,0.0,0.0
10/17/2021 23:00,0.0,0.0
10/18/2021 0:00,0.0,0.0
10/18/2021 1:00,0.0,0.0
10/18/2021 2:00,0.0,0.0
10/18/2021 3:00,0.0,0.0
10/18/2021 4:00,0.0,0.0
10/18/2021 5:00,0.0,0.0
10/18/2021 6:00,0.0,0.0
10/18/2021 7:00,0.0,0.0
10/18/2021 8:00,0.0,0.0
10/18/2021 9:00,0.4,0.06
10/18/2021 10:00,2.0,0.29
10/18/2021 11:00,3.37,0.48
10/18/2021 12:00,4.23,0.6
10/18/2021 13:00,3.91,0.56
10/18/2021 14:00,3.62,0.52
10/18/2021 15:00,2.86,0.41
10/18/2021 16:00,2.37,0.34
10/18/2021 17:00,1.4,0.2
10/18/2021 18:00,1.33,0.19
10/18/2021 19:00,0.29,0.04
10/18/2021 20:00,0.0,0.0
10/18/2021 21:00,0.0,0.0
10/18/2021 22:00,0.0,0.0
10/18/2021 23:00,0.0,0.0
10/19/2021 0:00,0.0,0.0
10/19/2021 1:00,0.0,0.0
10/19/2021 2:00,0.0,0.0
10/19/2021 3:00,0.0,0.0
10/19/2021 4:00,0.0,0.0
10/19/2021 5:00,0.0,0.0
10/19/2021 6:00,0.0,0.0
10/19/2021 7:00,0.0,0.0
10/19/2021 8:00,0.0,0.0
10/19/2021 9:00,0.34,0.05
10/19/2021 10:00,1.96,0.28
10/19/2021 11:00,3.4,0.49
10/19/2021 12:00,4.21,0.6
10/19/2021 13:00,4.55,0.65
10/19/2021 14:00,4.56,0.65
10/19/2021 15:00,4.32,0.62
10/19/2021 16:00,3.67,0.52
10/19/2021 17:00,2.72,0.39
10/19/2021 18:00,1.39,0.2
10/19/2021 19:00,0.17,0.02
10/19/2021 20:00,0.0,0.0
10/19/2021 21:00,0.0,0.0
10/19/2021 22:00,0.0,0.0
10/19/2021 23:00,0.0,0.0
10/20/2021 0:00,0.0,0.0
10/20/2021 1:00,0.0,0.0
10/20/2021 2:00,0.0,0.0
10/20/2021 3:00,0.0,0.0
10/20/2021 4:00,0.0,0.0
10/20/2021 5:00,0.0,0.0
10/20/2021 6:00,0.0,0.0
10/20/2021 7:00,0.0,0.0
10/20/2021 8:00,0.0,0.0
10/20/2021 9:00,0.34,0.05
10/20/2021 10:00,0.75,0.11
10/20/2021 11:00,2.06,0.29
10/20/2021 12:00,3.85,0.55
10/20/2021 13:00,4.75,0.68
10/20/2021 14:00,4.76,0.68
10/20/2021 15:00,4.48,0.64
10/20/2021 16:00,3.77,0.54
10/20/2021 17:00,2.75,0.39
10/20/2021 18:00,1.26,0.18
10/20/2021 19:00,0.17,0.02
10/20/2021 20:00,0.0,0.0
10/20/2021 21:00,0.0,0.0
10/20/2021 22:00,0.0,0.0
10/20/2021 23:00,0.0,0.0
10/21/2021 0:00,0.0,0.0
10/21/2021 1:00,0.0,0.0
10/21/2021 2:00,0.0,0.0
10/21/2021 3:00,0.0,0.0
10/21/2021 4:00,0.0,0.0
10/21/2021 5:00,0.0,0.0
10/21/2021 6:00,0.0,0.0
10/21/2021 7:00,0.0,0.0
10/21/2021 8:00,0.0,0.0
10/21/2021 9:00,0.35,0.05
10/21/2021 10:00,0.65,0.09
10/21/2021 11:00,0.9,0.13
10/21/2021 12:00,2.64,0.38
10/21/2021 13:00,2.12,0.3
10/21/2021 14:00,2.85,0.41
10/21/2021 15:00,3.57,0.51
10/21/2021 16:00,2.68,0.38
10/21/2021 17:00,2.82,0.4
10/21/2021 18:00,1.28,0.18
10/21/2021 19:00,0.17,0.02
10/21/2021 20:00,0.0,0.0
10/21/2021 21:00,0.0,0.0
10/21/2021 22:00,0.0,0.0
10/21/2021 23:00,0.0,0.0
10/22/2021 0:00,0.0,0.0
10/22/2021 1:00,0.0,0.0
10/22/2021 2:00,0.0,0.0
10/22/2021 3:00,0.0,0.0
10/22/2021 4:00,0.0,0.0
10/22/2021 5:00,0.0,0.0
10/22/2021 6:00,0.0,0.0
10/22/2021 7:00,0.0,0.0
10/22/2021 8:00,0.0,0.0
10/22/2021 9:00,0.25,0.04
10/22/2021 10:00,2.03,0.29
10/22/2021 11:00,3.5,0.5
10/22/2021 12:00,4.58,0.65
10/22/2021 13:00,4.95,0.71
10/22/2021 14:00,4.96,0.71
10/22/2021 15:00,4.58,0.65
10/22/2021 16:00,3.91,0.56
10/22/2021 17:00,2.85,0.41
10/22/2021 18:00,1.42,0.2
10/22/2021 19:00,0.2,0.03
10/22/2021 20:00,0.0,0.0
10/22/2021 21:00,0.0,0.0
10/22/2021 22:00,0.0,0.0
10/22/2021 23:00,0.0,0.0
10/23/2021 0:00,0.0,0.0
10/23/2021 1:00,0.0,0.0
10/23/2021 2:00,0.0,0.0
10/23/2021 3:00,0.0,0.0
10/23/2021 4:00,0.0,0.0
10/23/2021 5:00,0.0,0.0
10/23/2021 6:00,0.0,0.0
10/23/2021 7:00,0.0,0.0
10/23/2021 8:00,0.0,0.0
10/23/2021 9:00,0.2,0.03
10/23/2021 10:00,1.91,0.27
10/23/2021 11:00,3.39,0.48
10/23/2021 12:00,4.28,0.61
10/23/2021 13:00,4.71,0.67
10/23/2021 14:00,4.66,0.67
10/23/2021 15:00,3.97,0.57
10/23/2021 16:00,3.72,0.53
10/23/2021 17:00,2.8,0.4
10/23/2021 18:00,1.4,0.2
10/23/2021 19:00,0.18,0.03
10/23/2021 20:00,0.0,0.0
10/23/2021 21:00,0.0,0.0
10/23/2021 22:00,0.0,0.0
10/23/2021 23:00,0.0,0.0
10/24/2021 0:00,0.0,0.0
10/24/2021 1:00,0.0,0.0
10/24/2021 2:00,0.0,0.0
10/24/2021 3:00,0.0,0.0
10/24/2021 4:00,0.0,0.0
10/24/2021 5:00,0.0,0.0
10/24/2021 6:00,0.0,0.0
10/24/2021 7:00,0.0,0.0
10/24/2021 8:00,0.0,0.0
10/24/2021 9:00,0.14,0.02
10/24/2021 10:00,1.84,0.26
10/24/2021 11:00,3.24,0.46
10/24/2021 12:00,4.27,0.61
10/24/2021 13:00,4.62,0.66
10/24/2021 14:00,4.66,0.67
10/24/2021 15:00,4.43,0.63
10/24/2021 16:00,3.77,0.54
10/24/2021 17:00,2.8,0.4
10/24/2021 18:00,1.4,0.2
10/24/2021 19:00,0.18,0.03
10/24/2021 20:00,0.0,0.0
10/24/2021 21:00,0.0,0.0
10/24/2021 22:00,0.0,0.0
10/24/2021 23:00,0.0,0.0
10/25/2021 0:00,0.0,0.0
10/25/2021 1:00,0.0,0.0
10/25/2021 2:00,0.0,0.0
10/25/2021 3:00,0.0,0.0
10/25/2021 4:00,0.0,0.0
10/25/2021 5:00,0.0,0.0
10/25/2021 6:00,0.0,0.0
10/25/2021 7:00,0.0,0.0
10/25/2021 8:00,0.0,0.0
10/25/2021 9:00,0.26,0.04
10/25/2021 10:00,1.6,0.23
10/25/2021 11:00,3.01,0.43
10/25/2021 12:00,4.11,0.59
10/25/2021 13:00,4.38,0.63
10/25/2021 14:00,4.86,0.69
10/25/2021 15:00,4.35,0.62
10/25/2021 16:00,3.73,0.53
10/25/2021 17:00,2.77,0.4
10/25/2021 18:00,1.37,0.2
10/25/2021 19:00,0.17,0.02
10/25/2021 20:00,0.0,0.0
10/25/2021 21:00,0.0,0.0
10/25/2021 22:00,0.0,0.0
10/25/2021 23:00,0.0,0.0
10/26/2021 0:00,0.0,0.0
10/26/2021 1:00,0.0,0.0
10/26/2021 2:00,0.0,0.0
10/26/2021 3:00,0.0,0.0
10/26/2021 4:00,0.0,0.0
10/26/2021 5:00,0.0,0.0
10/26/2021 6:00,0.0,0.0
10/26/2021 7:00,0.0,0.0
10/26/2021 8:00,0.0,0.0
10/26/2021 9:00,0.06,0.01
10/26/2021 10:00,1.72,0.25
10/26/2021 11:00,3.21,0.46
10/26/2021 12:00,4.3,0.61
10/26/2021 13:00,4.69,0.67
10/26/2021 14:00,4.7,0.67
10/26/2021 15:00,4.37,0.62
10/26/2021 16:00,3.71,0.53
10/26/2021 17:00,2.67,0.38
10/26/2021 18:00,1.31,0.19
10/26/2021 19:00,0.15,0.02
10/26/2021 20:00,0.0,0.0
10/26/2021 21:00,0.0,0.0
10/26/2021 22:00,0.0,0.0
10/26/2021 23:00,0.0,0.0
10/27/2021 0:00,0.0,0.0
10/27/2021 1:00,0.0,0.0
10/27/2021 2:00,0.0,0.0
10/27/2021 3:00,0.0,0.0
10/27/2021 4:00,0.0,0.0
10/27/2021 5:00,0.0,0.0
10/27/2021 6:00,0.0,0.0
10/27/2021 7:00,0.0,0.0
10/27/2021 8:00,0.0,0.0
10/27/2021 9:00,0.09,0.01
10/27/2021 10:00,1.54,0.22
10/27/2021 11:00,3.08,0.44
10/27/2021 12:00,4.21,0.6
10/27/2021 13:00,4.56,0.65
10/27/2021 14:00,4.61,0.66
10/27/2021 15:00,4.31,0.62
10/27/2021 16:00,3.63,0.52
10/27/2021 17:00,2.5,0.36
10/27/2021 18:00,1.17,0.17
10/27/2021 19:00,0.13,0.02
10/27/2021 20:00,0.0,0.0
10/27/2021 21:00,0.0,0.0
10/27/2021 22:00,0.0,0.0
10/27/2021 23:00,0.0,0.0
10/28/2021 0:00,0.0,0.0
10/28/2021 1:00,0.0,0.0
10/28/2021 2:00,0.0,0.0
10/28/2021 3:00,0.0,0.0
10/28/2021 4:00,0.0,0.0
10/28/2021 5:00,0.0,0.0
10/28/2021 6:00,0.0,0.0
10/28/2021 7:00,0.0,0.0
10/28/2021 8:00,0.0,0.0
10/28/2021 9:00,0.1,0.01
10/28/2021 10:00,1.41,0.2
10/28/2021 11:00,2.49,0.36
10/28/2021 12:00,3.9,0.56
10/28/2021 13:00,4.62,0.66
10/28/2021 14:00,4.73,0.68
10/28/2021 15:00,3.86,0.55
10/28/2021 16:00,2.49,0.36
10/28/2021 17:00,1.38,0.2
10/28/2021 18:00,0.35,0.05
10/28/2021 19:00,0.01,0.0
10/28/2021 20:00,0.0,0.0
10/28/2021 21:00,0.0,0.0
10/28/2021 22:00,0.0,0.0
10/28/2021 23:00,0.0,0.0
10/29/2021 0:00,0.0,0.0
10/29/2021 1:00,0.0,0.0
10/29/2021 2:00,0.0,0.0
10/29/2021 3:00,0.0,0.0
10/29/2021 4:00,0.0,0.0
10/29/2021 5:00,0.0,0.0
10/29/2021 6:00,0.0,0.0
10/29/2021 7:00,0.0,0.0
10/29/2021 8:00,0.0,0.0
10/29/2021 9:00,0.08,0.01
10/29/2021 10:00,0.7,0.1
10/29/2021 11:00,1.38,0.2
10/29/2021 12:00,2.21,0.32
10/29/2021 13:00,3.37,0.48
10/29/2021 14:00,1.77,0.25
10/29/2021 15:00,0.96,0.14
10/29/2021 16:00,0.54,0.08
10/29/2021 17:00,0.34,0.05
10/29/2021 18:00,0.0,0.0
10/29/2021 19:00,0.0,0.0
10/29/2021 20:00,0.0,0.0
10/29/2021 21:00,0.0,0.0
10/29/2021 22:00,0.0,0.0
10/29/2021 23:00,0.0,0.0
10/30/2021 0:00,0.0,0.0
10/30/2021 1:00,0.0,0.0
10/30/2021 2:00,0.0,0.0
10/30/2021 3:00,0.0,0.0
10/30/2021 4:00,0.0,0.0
10/30/2021 5:00,0.0,0.0
10/30/2021 6:00,0.0,0.0
10/30/2021 7:00,0.0,0.0
10/30/2021 8:00,0.0,0.0
10/30/2021 9:00,0.0,0.0
10/30/2021 10:00,0.12,0.02
10/30/2021 11:00,1.31,0.19
10/30/2021 12:00,0.97,0.14
10/30/2021 13:00,0.99,0.14
10/30/2021 14:00,1.04,0.15
10/30/2021 15:00,0.26,0.04
10/30/2021 16:00,0.45,0.06
10/30/2021 17:00,0.21,0.03
10/30/2021 18:00,0.07,0.01
10/30/2021 19:00,0.0,0.0
10/30/2021 20:00,0.0,0.0
10/30/2021 21:00,0.0,0.0
10/30/2021 22:00,0.0,0.0
10/30/2021 23:00,0.0,0.0
10/31/2021 0:00,0.0,0.0
10/31/2021 1:00,0.0,0.0
10/31/2021 1:00,0.0,0.0
10/31/2021 2:00,0.0,0.0
10/31/2021 3:00,0.0,0.0
10/31/2021 4:00,0.0,0.0
10/31/2021 5:00,0.0,0.0
10/31/2021 6:00,0.0,0.0
10/31/2021 7:00,0.0,0.0
10/31/2021 8:00,0.07,0.01
10/31/2021 9:00,0.19,0.03
10/31/2021 10:00,0.39,0.06
10/31/2021 11:00,0.66,0.09
10/31/2021 12:00,0.57,0.08
10/31/2021 13:00,0.86,0.12
10/31/2021 14:00,0.75,0.11
10/31/2021 15:00,0.49,0.07
10/31/2021 16:00,0.33,0.05
10/31/2021 17:00,0.1,0.01
10/31/2021 18:00,0.0,0.0
10/31/2021 19:00,0.0,0.0
10/31/2021 20:00,0.0,0.0
10/31/2021 21:00,0.0,0.0
10/31/2021 22:00,0.0,0.0
10/31/2021 23:00,0.0,0.0
11/1/2021 0:00,0.0,0.0
11/1/2021 1:00,0.0,0.0
11/1/2021 2:00,0.0,0.0
11/1/2021 3:00,0.0,0.0
11/1/2021 4:00,0.0,0.0
11/1/2021 5:00,0.0,0.0
11/1/2021 6:00,0.0,0.0
11/1/2021 7:00,0.0,0.0
11/1/2021 8:00,0.07,0.01
11/1/2021 9:00,0.14,0.02
11/1/2021 10:00,0.56,0.08
11/1/2021 11:00,0.95,0.14
11/1/2021 12:00,1.88,0.27
11/1/2021 13:00,1.79,0.26
11/1/2021 14:00,1.82,0.26
11/1/2021 15:00,0.91,0.13
11/1/2021 16:00,0.98,0.14
11/1/2021 17:00,0.14,0.02
11/1/2021 18:00,0.01,0.0
11/1/2021 19:00,0.0,0.0
11/1/2021 20:00,0.0,0.0
11/1/2021 21:00,0.0,0.0
11/1/2021 22:00,0.0,0.0
11/1/2021 23:00,0.0,0.0
11/2/2021 0:00,0.0,0.0
11/2/2021 1:00,0.0,0.0
11/2/2021 2:00,0.0,0.0
11/2/2021 3:00,0.0,0.0
11/2/2021 4:00,0.0,0.0
11/2/2021 5:00,0.0,0.0
11/2/2021 6:00,0.0,0.0
11/2/2021 7:00,0.0,0.0
11/2/2021 8:00,0.15,0.02
11/2/2021 9:00,0.8,0.11
11/2/2021 10:00,1.42,0.2
11/2/2021 11:00,1.96,0.28
11/2/2021 12:00,1.35,0.19
11/2/2021 13:00,1.69,0.24
11/2/2021 14:00,0.85,0.12
11/2/2021 15:00,0.68,0.1
11/2/2021 16:00,0.24,0.03
11/2/2021 17:00,0.13,0.02
11/2/2021 18:00,0.0,0.0
11/2/2021 19:00,0.0,0.0
11/2/2021 20:00,0.0,0.0
11/2/2021 21:00,0.0,0.0
11/2/2021 22:00,0.0,0.0
11/2/2021 23:00,0.0,0.0
11/3/2021 0:00,0.0,0.0
11/3/2021 1:00,0.0,0.0
11/3/2021 2:00,0.0,0.0
11/3/2021 3:00,0.0,0.0
11/3/2021 4:00,0.0,0.0
11/3/2021 5:00,0.0,0.0
11/3/2021 6:00,0.0,0.0
11/3/2021 7:00,0.0,0.0
11/3/2021 8:00,0.12,0.02
11/3/2021 9:00,0.91,0.13
11/3/2021 10:00,2.37,0.34
11/3/2021 11:00,2.24,0.32
11/3/2021 12:00,3.67,0.52
11/3/2021 13:00,3.59,0.51
11/3/2021 14:00,4.15,0.59
11/3/2021 15:00,2.24,0.32
11/3/2021 16:00,2.21,0.32
11/3/2021 17:00,0.47,0.07
11/3/2021 18:00,0.05,0.01
11/3/2021 19:00,0.0,0.0
11/3/2021 20:00,0.0,0.0
11/3/2021 21:00,0.0,0.0
11/3/2021 22:00,0.0,0.0
11/3/2021 23:00,0.0,0.0
11/4/2021 0:00,0.0,0.0
11/4/2021 1:00,0.0,0.0
11/4/2021 2:00,0.0,0.0
11/4/2021 3:00,0.0,0.0
11/4/2021 4:00,0.0,0.0
11/4/2021 5:00,0.0,0.0
11/4/2021 6:00,0.0,0.0
11/4/2021 7:00,0.0,0.0
11/4/2021 8:00,0.05,0.01
11/4/2021 9:00,1.03,0.15
11/4/2021 10:00,2.72,0.39
11/4/2021 11:00,4.21,0.6
11/4/2021 12:00,4.69,0.67
11/4/2021 13:00,4.16,0.59
11/4/2021 14:00,4.51,0.64
11/4/2021 15:00,3.9,0.56
11/4/2021 16:00,2.78,0.4
11/4/2021 17:00,1.26,0.18
11/4/2021 18:00,0.1,0.01
11/4/2021 19:00,0.0,0.0
11/4/2021 20:00,0.0,0.0
11/4/2021 21:00,0.0,0.0
11/4/2021 22:00,0.0,0.0
11/4/2021 23:00,0.0,0.0
11/5/2021 0:00,0.0,0.0
11/5/2021 1:00,0.0,0.0
11/5/2021 2:00,0.0,0.0
11/5/2021 3:00,0.0,0.0
11/5/2021 4:00,0.0,0.0
11/5/2021 5:00,0.0,0.0
11/5/2021 6:00,0.0,0.0
11/5/2021 7:00,0.0,0.0
11/5/2021 8:00,0.03,0.0
11/5/2021 9:00,0.99,0.14
11/5/2021 10:00,2.79,0.4
11/5/2021 11:00,4.4,0.63
11/5/2021 12:00,4.92,0.7
11/5/2021 13:00,4.95,0.71
11/5/2021 14:00,4.58,0.65
11/5/2021 15:00,3.86,0.55
11/5/2021 16:00,2.75,0.39
11/5/2021 17:00,1.26,0.18
11/5/2021 18:00,0.09,0.01
11/5/2021 19:00,0.0,0.0
11/5/2021 20:00,0.0,0.0
11/5/2021 21:00,0.0,0.0
11/5/2021 22:00,0.0,0.0
11/5/2021 23:00,0.0,0.0
11/6/2021 0:00,0.0,0.0
11/6/2021 1:00,0.0,0.0
11/6/2021 2:00,0.0,0.0
11/6/2021 3:00,0.0,0.0
11/6/2021 4:00,0.0,0.0
11/6/2021 5:00,0.0,0.0
11/6/2021 6:00,0.0,0.0
11/6/2021 7:00,0.0,0.0
11/6/2021 8:00,0.02,0.0
11/6/2021 9:00,0.92,0.13
11/6/2021 10:00,2.8,0.4
11/6/2021 11:00,4.5,0.64
11/6/2021 12:00,5.07,0.72
11/6/2021 13:00,5.08,0.73
11/6/2021 14:00,4.71,0.67
11/6/2021 15:00,3.99,0.57
11/6/2021 16:00,2.85,0.41
11/6/2021 17:00,1.31,0.19
11/6/2021 18:00,0.1,0.01
11/6/2021 19:00,0.0,0.0
11/6/2021 20:00,0.0,0.0
11/6/2021 21:00,0.0,0.0
11/6/2021 22:00,0.0,0.0
11/6/2021 23:00,0.0,0.0
11/7/2021 0:00,0.0,0.0
11/7/2021 1:00,0.0,0.0
11/7/2021 2:00,0.0,0.0
11/7/2021 3:00,0.0,0.0
11/7/2021 4:00,0.0,0.0
11/7/2021 5:00,0.0,0.0
11/7/2021 6:00,0.0,0.0
11/7/2021 7:00,0.0,0.0
11/7/2021 8:00,0.02,0.0
11/7/2021 9:00,0.86,0.12
11/7/2021 10:00,2.66,0.38
11/7/2021 11:00,4.33,0.62
11/7/2021 12:00,4.87,0.7
11/7/2021 13:00,4.84,0.69
11/7/2021 14:00,4.51,0.64
11/7/2021 15:00,3.81,0.54
11/7/2021 16:00,2.7,0.39
11/7/2021 17:00,1.22,0.17
11/7/2021 18:00,0.09,0.01
11/7/2021 19:00,0.0,0.0
11/7/2021 20:00,0.0,0.0
11/7/2021 21:00,0.0,0.0
11/7/2021 22:00,0.0,0.0
11/7/2021 23:00,0.0,0.0
11/8/2021 0:00,0.0,0.0
11/8/2021 1:00,0.0,0.0
11/8/2021 2:00,0.0,0.0
11/8/2021 3:00,0.0,0.0
11/8/2021 4:00,0.0,0.0
11/8/2021 5:00,0.0,0.0
11/8/2021 6:00,0.0,0.0
11/8/2021 7:00,0.0,0.0
11/8/2021 8:00,0.02,0.0
11/8/2021 9:00,0.8,0.11
11/8/2021 10:00,2.54,0.36
11/8/2021 11:00,4.22,0.6
11/8/2021 12:00,4.7,0.67
11/8/2021 13:00,3.46,0.49
11/8/2021 14:00,2.39,0.34
11/8/2021 15:00,3.06,0.44
11/8/2021 16:00,1.21,0.17
11/8/2021 17:00,0.69,0.1
11/8/2021 18:00,0.0,0.0
11/8/2021 19:00,0.0,0.0
11/8/2021 20:00,0.0,0.0
11/8/2021 21:00,0.0,0.0
11/8/2021 22:00,0.0,0.0
11/8/2021 23:00,0.0,0.0
11/9/2021 0:00,0.0,0.0
11/9/2021 1:00,0.0,0.0
11/9/2021 2:00,0.0,0.0
11/9/2021 3:00,0.0,0.0
11/9/2021 4:00,0.0,0.0
11/9/2021 5:00,0.0,0.0
11/9/2021 6:00,0.0,0.0
11/9/2021 7:00,0.0,0.0
11/9/2021 8:00,0.03,0.0
11/9/2021 9:00,0.72,0.1
11/9/2021 10:00,2.34,0.33
11/9/2021 11:00,3.77,0.54
11/9/2021 12:00,4.5,0.64
11/9/2021 13:00,4.53,0.65
11/9/2021 14:00,4.21,0.6
11/9/2021 15:00,3.56,0.51
11/9/2021 16:00,2.49,0.36
11/9/2021 17:00,1.06,0.15
11/9/2021 18:00,0.06,0.01
11/9/2021 19:00,0.0,0.0
11/9/2021 20:00,0.0,0.0
11/9/2021 21:00,0.0,0.0
11/9/2021 22:00,0.0,0.0
11/9/2021 23:00,0.0,0.0
11/10/2021 0:00,0.0,0.0
11/10/2021 1:00,0.0,0.0
11/10/2021 2:00,0.0,0.0
11/10/2021 3:00,0.0,0.0
11/10/2021 4:00,0.0,0.0
11/10/2021 5:00,0.0,0.0
11/10/2021 6:00,0.0,0.0
11/10/2021 7:00,0.0,0.0
11/10/2021 8:00,0.02,0.0
11/10/2021 9:00,0.71,0.1
11/10/2021 10:00,2.37,0.34
11/10/2021 11:00,4.04,0.58
11/10/2021 12:00,4.6,0.66
11/10/2021 13:00,4.64,0.66
11/10/2021 14:00,4.29,0.61
11/10/2021 15:00,3.58,0.51
11/10/2021 16:00,2.47,0.35
11/10/2021 17:00,1.06,0.15
11/10/2021 18:00,0.05,0.01
11/10/2021 19:00,0.0,0.0
11/10/2021 20:00,0.0,0.0
11/10/2021 21:00,0.0,0.0
11/10/2021 22:00,0.0,0.0
11/10/2021 23:00,0.0,0.0
11/11/2021 0:00,0.0,0.0
11/11/2021 1:00,0.0,0.0
11/11/2021 2:00,0.0,0.0
11/11/2021 3:00,0.0,0.0
11/11/2021 4:00,0.0,0.0
11/11/2021 5:00,0.0,0.0
11/11/2021 6:00,0.0,0.0
11/11/2021 7:00,0.0,0.0
11/11/2021 8:00,0.04,0.01
11/11/2021 9:00,0.38,0.05
11/11/2021 10:00,1.57,0.22
11/11/2021 11:00,2.57,0.37
11/11/2021 12:00,2.4,0.34
11/11/2021 13:00,4.02,0.57
11/11/2021 14:00,4.2,0.6
11/11/2021 15:00,3.49,0.5
11/11/2021 16:00,2.44,0.35
11/11/2021 17:00,1.03,0.15
11/11/2021 18:00,0.04,0.01
11/11/2021 19:00,0.0,0.0
11/11/2021 20:00,0.0,0.0
11/11/2021 21:00,0.0,0.0
11/11/2021 22:00,0.0,0.0
11/11/2021 23:00,0.0,0.0
11/12/2021 0:00,0.0,0.0
11/12/2021 1:00,0.0,0.0
11/12/2021 2:00,0.0,0.0
11/12/2021 3:00,0.0,0.0
11/12/2021 4:00,0.0,0.0
11/12/2021 5:00,0.0,0.0
11/12/2021 6:00,0.0,0.0
11/12/2021 7:00,0.0,0.0
11/12/2021 8:00,0.07,0.01
11/12/2021 9:00,0.72,0.1
11/12/2021 10:00,2.14,0.31
11/12/2021 11:00,3.79,0.54
11/12/2021 12:00,4.43,0.63
11/12/2021 13:00,4.48,0.64
11/12/2021 14:00,4.2,0.6
11/12/2021 15:00,3.53,0.5
11/12/2021 16:00,2.39,0.34
11/12/2021 17:00,0.99,0.14
11/12/2021 18:00,0.04,0.01
11/12/2021 19:00,0.0,0.0
11/12/2021 20:00,0.0,0.0
11/12/2021 21:00,0.0,0.0
11/12/2021 22:00,0.0,0.0
11/12/2021 23:00,0.0,0.0
11/13/2021 0:00,0.0,0.0
11/13/2021 1:00,0.0,0.0
11/13/2021 2:00,0.0,0.0
11/13/2021 3:00,0.0,0.0
11/13/2021 4:00,0.0,0.0
11/13/2021 5:00,0.0,0.0
11/13/2021 6:00,0.0,0.0
11/13/2021 7:00,0.0,0.0
11/13/2021 8:00,0.01,0.0
11/13/2021 9:00,0.63,0.09
11/13/2021 10:00,2.21,0.32
11/13/2021 11:00,3.96,0.57
11/13/2021 12:00,4.5,0.64
11/13/2021 13:00,4.48,0.64
11/13/2021 14:00,4.1,0.59
11/13/2021 15:00,3.54,0.51
11/13/2021 16:00,2.44,0.35
11/13/2021 17:00,0.85,0.12
11/13/2021 18:00,0.03,0.0
11/13/2021 19:00,0.0,0.0
11/13/2021 20:00,0.0,0.0
11/13/2021 21:00,0.0,0.0
11/13/2021 22:00,0.0,0.0
11/13/2021 23:00,0.0,0.0
11/14/2021 0:00,0.0,0.0
11/14/2021 1:00,0.0,0.0
11/14/2021 2:00,0.0,0.0
11/14/2021 3:00,0.0,0.0
11/14/2021 4:00,0.0,0.0
11/14/2021 5:00,0.0,0.0
11/14/2021 6:00,0.0,0.0
11/14/2021 7:00,0.0,0.0
11/14/2021 8:00,0.02,0.0
11/14/2021 9:00,0.58,0.08
11/14/2021 10:00,2.16,0.31
11/14/2021 11:00,3.91,0.56
11/14/2021 12:00,4.51,0.64
11/14/2021 13:00,4.52,0.65
11/14/2021 14:00,4.19,0.6
11/14/2021 15:00,3.53,0.5
11/14/2021 16:00,2.47,0.35
11/14/2021 17:00,1.06,0.15
11/14/2021 18:00,0.04,0.01
11/14/2021 19:00,0.0,0.0
11/14/2021 20:00,0.0,0.0
11/14/2021 21:00,0.0,0.0
11/14/2021 22:00,0.0,0.0
11/14/2021 23:00,0.0,0.0
11/15/2021 0:00,0.0,0.0
11/15/2021 1:00,0.0,0.0
11/15/2021 2:00,0.0,0.0
11/15/2021 3:00,0.0,0.0
11/15/2021 4:00,0.0,0.0
11/15/2021 5:00,0.0,0.0
11/15/2021 6:00,0.0,0.0
11/15/2021 7:00,0.0,0.0
11/15/2021 8:00,0.01,0.0
11/15/2021 9:00,0.54,0.08
11/15/2021 10:00,2.13,0.3
11/15/2021 11:00,3.91,0.56
11/15/2021 12:00,4.54,0.65
11/15/2021 13:00,4.57,0.65
11/15/2021 14:00,4.27,0.61
11/15/2021 15:00,3.63,0.52
11/15/2021 16:00,2.51,0.36
11/15/2021 17:00,1.06,0.15
11/15/2021 18:00,0.03,0.0
11/15/2021 19:00,0.0,0.0
11/15/2021 20:00,0.0,0.0
11/15/2021 21:00,0.0,0.0
11/15/2021 22:00,0.0,0.0
11/15/2021 23:00,0.0,0.0
11/16/2021 0:00,0.0,0.0
11/16/2021 1:00,0.0,0.0
11/16/2021 2:00,0.0,0.0
11/16/2021 3:00,0.0,0.0
11/16/2021 4:00,0.0,0.0
11/16/2021 5:00,0.0,0.0
11/16/2021 6:00,0.0,0.0
11/16/2021 7:00,0.0,0.0
11/16/2021 8:00,0.02,0.0
11/16/2021 9:00,0.45,0.06
11/16/2021 10:00,2.08,0.3
11/16/2021 11:00,3.87,0.55
11/16/2021 12:00,3.56,0.51
11/16/2021 13:00,4.6,0.66
11/16/2021 14:00,4.25,0.61
11/16/2021 15:00,3.58,0.51
11/16/2021 16:00,2.44,0.35
11/16/2021 17:00,0.99,0.14
11/16/2021 18:00,0.03,0.0
11/16/2021 19:00,0.0,0.0
11/16/2021 20:00,0.0,0.0
11/16/2021 21:00,0.0,0.0
11/16/2021 22:00,0.0,0.0
11/16/2021 23:00,0.0,0.0
11/17/2021 0:00,0.0,0.0
11/17/2021 1:00,0.0,0.0
11/17/2021 2:00,0.0,0.0
11/17/2021 3:00,0.0,0.0
11/17/2021 4:00,0.0,0.0
11/17/2021 5:00,0.0,0.0
11/17/2021 6:00,0.0,0.0
11/17/2021 7:00,0.0,0.0
11/17/2021 8:00,0.02,0.0
11/17/2021 9:00,0.46,0.07
11/17/2021 10:00,2.13,0.3
11/17/2021 11:00,3.91,0.56
11/17/2021 12:00,4.41,0.63
11/17/2021 13:00,4.35,0.62
11/17/2021 14:00,4.42,0.63
11/17/2021 15:00,3.63,0.52
11/17/2021 16:00,2.47,0.35
11/17/2021 17:00,0.99,0.14
11/17/2021 18:00,0.01,0.0
11/17/2021 19:00,0.0,0.0
11/17/2021 20:00,0.0,0.0
11/17/2021 21:00,0.0,0.0
11/17/2021 22:00,0.0,0.0
11/17/2021 23:00,0.0,0.0
11/18/2021 0:00,0.0,0.0
11/18/2021 1:00,0.0,0.0
11/18/2021 2:00,0.0,0.0
11/18/2021 3:00,0.0,0.0
11/18/2021 4:00,0.0,0.0
11/18/2021 5:00,0.0,0.0
11/18/2021 6:00,0.0,0.0
11/18/2021 7:00,0.0,0.0
11/18/2021 8:00,0.01,0.0
11/18/2021 9:00,0.4,0.06
11/18/2021 10:00,2.08,0.3
11/18/2021 11:00,3.83,0.55
11/18/2021 12:00,4.55,0.65
11/18/2021 13:00,4.61,0.66
11/18/2021 14:00,4.22,0.6
11/18/2021 15:00,3.53,0.5
11/18/2021 16:00,2.43,0.35
11/18/2021 17:00,0.97,0.14
11/18/2021 18:00,0.02,0.0
11/18/2021 19:00,0.0,0.0
11/18/2021 20:00,0.0,0.0
11/18/2021 21:00,0.0,0.0
11/18/2021 22:00,0.0,0.0
11/18/2021 23:00,0.0,0.0
11/19/2021 0:00,0.0,0.0
11/19/2021 1:00,0.0,0.0
11/19/2021 2:00,0.0,0.0
11/19/2021 3:00,0.0,0.0
11/19/2021 4:00,0.0,0.0
11/19/2021 5:00,0.0,0.0
11/19/2021 6:00,0.0,0.0
11/19/2021 7:00,0.0,0.0
11/19/2021 8:00,0.03,0.0
11/19/2021 9:00,0.42,0.06
11/19/2021 10:00,1.93,0.28
11/19/2021 11:00,3.55,0.51
11/19/2021 12:00,4.24,0.61
11/19/2021 13:00,4.43,0.63
11/19/2021 14:00,4.0,0.57
11/19/2021 15:00,3.19,0.46
11/19/2021 16:00,1.69,0.24
11/19/2021 17:00,0.22,0.03
11/19/2021 18:00,0.0,0.0
11/19/2021 19:00,0.0,0.0
11/19/2021 20:00,0.0,0.0
11/19/2021 21:00,0.0,0.0
11/19/2021 22:00,0.0,0.0
11/19/2021 23:00,0.0,0.0
11/20/2021 0:00,0.0,0.0
11/20/2021 1:00,0.0,0.0
11/20/2021 2:00,0.0,0.0
11/20/2021 3:00,0.0,0.0
11/20/2021 4:00,0.0,0.0
11/20/2021 5:00,0.0,0.0
11/20/2021 6:00,0.0,0.0
11/20/2021 7:00,0.0,0.0
11/20/2021 8:00,0.01,0.0
11/20/2021 9:00,0.26,0.04
11/20/2021 10:00,1.45,0.21
11/20/2021 11:00,2.73,0.39
11/20/2021 12:00,1.98,0.28
11/20/2021 13:00,4.1,0.59
11/20/2021 14:00,4.41,0.63
11/20/2021 15:00,1.75,0.25
11/20/2021 16:00,0.35,0.05
11/20/2021 17:00,0.07,0.01
11/20/2021 18:00,0.0,0.0
11/20/2021 19:00,0.0,0.0
11/20/2021 20:00,0.0,0.0
11/20/2021 21:00,0.0,0.0
11/20/2021 22:00,0.0,0.0
11/20/2021 23:00,0.0,0.0
11/21/2021 0:00,0.0,0.0
11/21/2021 1:00,0.0,0.0
11/21/2021 2:00,0.0,0.0
11/21/2021 3:00,0.0,0.0
11/21/2021 4:00,0.0,0.0
11/21/2021 5:00,0.0,0.0
11/21/2021 6:00,0.0,0.0
11/21/2021 7:00,0.0,0.0
11/21/2021 8:00,0.02,0.0
11/21/2021 9:00,0.29,0.04
11/21/2021 10:00,0.66,0.09
11/21/2021 11:00,0.85,0.12
11/21/2021 12:00,0.43,0.06
11/21/2021 13:00,0.9,0.13
11/21/2021 14:00,1.95,0.28
11/21/2021 15:00,1.83,0.26
11/21/2021 16:00,1.09,0.16
11/21/2021 17:00,0.41,0.06
11/21/2021 18:00,0.01,0.0
11/21/2021 19:00,0.0,0.0
11/21/2021 20:00,0.0,0.0
11/21/2021 21:00,0.0,0.0
11/21/2021 22:00,0.0,0.0
11/21/2021 23:00,0.0,0.0
11/22/2021 0:00,0.0,0.0
11/22/2021 1:00,0.0,0.0
11/22/2021 2:00,0.0,0.0
11/22/2021 3:00,0.0,0.0
11/22/2021 4:00,0.0,0.0
11/22/2021 5:00,0.0,0.0
11/22/2021 6:00,0.0,0.0
11/22/2021 7:00,0.0,0.0
11/22/2021 8:00,0.04,0.01
11/22/2021 9:00,0.47,0.07
11/22/2021 10:00,1.4,0.2
11/22/2021 11:00,2.95,0.42
11/22/2021 12:00,3.0,0.43
11/22/2021 13:00,4.08,0.58
11/22/2021 14:00,4.11,0.59
11/22/2021 15:00,3.53,0.5
11/22/2021 16:00,2.52,0.36
11/22/2021 17:00,0.85,0.12
11/22/2021 18:00,0.0,0.0
11/22/2021 19:00,0.0,0.0
11/22/2021 20:00,0.0,0.0
11/22/2021 21:00,0.0,0.0
11/22/2021 22:00,0.0,0.0
11/22/2021 23:00,0.0,0.0
11/23/2021 0:00,0.0,0.0
11/23/2021 1:00,0.0,0.0
11/23/2021 2:00,0.0,0.0
11/23/2021 3:00,0.0,0.0
11/23/2021 4:00,0.0,0.0
11/23/2021 5:00,0.0,0.0
11/23/2021 6:00,0.0,0.0
11/23/2021 7:00,0.0,0.0
11/23/2021 8:00,0.01,0.0
11/23/2021 9:00,0.21,0.03
11/23/2021 10:00,1.96,0.28
11/23/2021 11:00,3.7,0.53
11/23/2021 12:00,4.35,0.62
11/23/2021 13:00,4.67,0.67
11/23/2021 14:00,4.44,0.63
11/23/2021 15:00,3.44,0.49
11/23/2021 16:00,2.34,0.33
11/23/2021 17:00,0.88,0.13
11/23/2021 18:00,0.01,0.0
11/23/2021 19:00,0.0,0.0
11/23/2021 20:00,0.0,0.0
11/23/2021 21:00,0.0,0.0
11/23/2021 22:00,0.0,0.0
11/23/2021 23:00,0.0,0.0
11/24/2021 0:00,0.0,0.0
11/24/2021 1:00,0.0,0.0
11/24/2021 2:00,0.0,0.0
11/24/2021 3:00,0.0,0.0
11/24/2021 4:00,0.0,0.0
11/24/2021 5:00,0.0,0.0
11/24/2021 6:00,0.0,0.0
11/24/2021 7:00,0.0,0.0
11/24/2021 8:00,0.01,0.0
11/24/2021 9:00,0.25,0.04
11/24/2021 10:00,1.88,0.27
11/24/2021 11:00,1.78,0.25
11/24/2021 12:00,1.53,0.22
11/24/2021 13:00,2.54,0.36
11/24/2021 14:00,2.65,0.38
11/24/2021 15:00,1.56,0.22
11/24/2021 16:00,1.34,0.19
11/24/2021 17:00,0.43,0.06
11/24/2021 18:00,0.0,0.0
11/24/2021 19:00,0.0,0.0
11/24/2021 20:00,0.0,0.0
11/24/2021 21:00,0.0,0.0
11/24/2021 22:00,0.0,0.0
11/24/2021 23:00,0.0,0.0
11/25/2021 0:00,0.0,0.0
11/25/2021 1:00,0.0,0.0
11/25/2021 2:00,0.0,0.0
11/25/2021 3:00,0.0,0.0
11/25/2021 4:00,0.0,0.0
11/25/2021 5:00,0.0,0.0
11/25/2021 6:00,0.0,0.0
11/25/2021 7:00,0.0,0.0
11/25/2021 8:00,0.01,0.0
11/25/2021 9:00,0.26,0.04
11/25/2021 10:00,0.79,0.11
11/25/2021 11:00,1.39,0.2
11/25/2021 12:00,1.18,0.17
11/25/2021 13:00,1.8,0.26
11/25/2021 14:00,3.61,0.52
11/25/2021 15:00,1.61,0.23
11/25/2021 16:00,2.04,0.29
11/25/2021 17:00,0.52,0.07
11/25/2021 18:00,0.01,0.0
11/25/2021 19:00,0.0,0.0
11/25/2021 20:00,0.0,0.0
11/25/2021 21:00,0.0,0.0
11/25/2021 22:00,0.0,0.0
11/25/2021 23:00,0.0,0.0
11/26/2021 0:00,0.0,0.0
11/26/2021 1:00,0.0,0.0
11/26/2021 2:00,0.0,0.0
11/26/2021 3:00,0.0,0.0
11/26/2021 4:00,0.0,0.0
11/26/2021 5:00,0.0,0.0
11/26/2021 6:00,0.0,0.0
11/26/2021 7:00,0.0,0.0
11/26/2021 8:00,0.0,0.0
11/26/2021 9:00,0.11,0.02
11/26/2021 10:00,1.9,0.27
11/26/2021 11:00,3.69,0.53
11/26/2021 12:00,4.46,0.64
11/26/2021 13:00,4.57,0.65
11/26/2021 14:00,4.28,0.61
11/26/2021 15:00,3.5,0.5
11/26/2021 16:00,2.46,0.35
11/26/2021 17:00,0.91,0.13
11/26/2021 18:00,0.0,0.0
11/26/2021 19:00,0.0,0.0
11/26/2021 20:00,0.0,0.0
11/26/2021 21:00,0.0,0.0
11/26/2021 22:00,0.0,0.0
11/26/2021 23:00,0.0,0.0
11/27/2021 0:00,0.0,0.0
11/27/2021 1:00,0.0,0.0
11/27/2021 2:00,0.0,0.0
11/27/2021 3:00,0.0,0.0
11/27/2021 4:00,0.0,0.0
11/27/2021 5:00,0.0,0.0
11/27/2021 6:00,0.0,0.0
11/27/2021 7:00,0.0,0.0
11/27/2021 8:00,0.0,0.0
11/27/2021 9:00,0.21,0.03
11/27/2021 10:00,1.18,0.17
11/27/2021 11:00,1.88,0.27
11/27/2021 12:00,2.64,0.38
11/27/2021 13:00,4.03,0.58
11/27/2021 14:00,2.92,0.42
11/27/2021 15:00,3.03,0.43
11/27/2021 16:00,2.23,0.32
11/27/2021 17:00,0.85,0.12
11/27/2021 18:00,0.0,0.0
11/27/2021 19:00,0.0,0.0
11/27/2021 20:00,0.0,0.0
11/27/2021 21:00,0.0,0.0
11/27/2021 22:00,0.0,0.0
11/27/2021 23:00,0.0,0.0
11/28/2021 0:00,0.0,0.0
11/28/2021 1:00,0.0,0.0
11/28/2021 2:00,0.0,0.0
11/28/2021 3:00,0.0,0.0
11/28/2021 4:00,0.0,0.0
11/28/2021 5:00,0.0,0.0
11/28/2021 6:00,0.0,0.0
11/28/2021 7:00,0.0,0.0
11/28/2021 8:00,0.0,0.0
11/28/2021 9:00,0.14,0.02
11/28/2021 10:00,1.67,0.24
11/28/2021 11:00,3.6,0.51
11/28/2021 12:00,4.36,0.62
11/28/2021 13:00,2.97,0.42
11/28/2021 14:00,2.32,0.33
11/28/2021 15:00,2.3,0.33
11/28/2021 16:00,2.1,0.3
11/28/2021 17:00,0.63,0.09
11/28/2021 18:00,0.0,0.0
11/28/2021 19:00,0.0,0.0
11/28/2021 20:00,0.0,0.0
11/28/2021 21:00,0.0,0.0
11/28/2021 22:00,0.0,0.0
11/28/2021 23:00,0.0,0.0
11/29/2021 0:00,0.0,0.0
11/29/2021 1:00,0.0,0.0
11/29/2021 2:00,0.0,0.0
11/29/2021 3:00,0.0,0.0
11/29/2021 4:00,0.0,0.0
11/29/2021 5:00,0.0,0.0
11/29/2021 6:00,0.0,0.0
11/29/2021 7:00,0.0,0.0
11/29/2021 8:00,0.0,0.0
11/29/2021 9:00,0.28,0.04
11/29/2021 10:00,1.19,0.17
11/29/2021 11:00,2.56,0.37
11/29/2021 12:00,1.63,0.23
11/29/2021 13:00,1.6,0.23
11/29/2021 14:00,1.77,0.25
11/29/2021 15:00,2.0,0.29
11/29/2021 16:00,0.85,0.12
11/29/2021 17:00,0.23,0.03
11/29/2021 18:00,0.0,0.0
11/29/2021 19:00,0.0,0.0
11/29/2021 20:00,0.0,0.0
11/29/2021 21:00,0.0,0.0
11/29/2021 22:00,0.0,0.0
11/29/2021 23:00,0.0,0.0
11/30/2021 0:00,0.0,0.0
11/30/2021 1:00,0.0,0.0
11/30/2021 2:00,0.0,0.0
11/30/2021 3:00,0.0,0.0
11/30/2021 4:00,0.0,0.0
11/30/2021 5:00,0.0,0.0
11/30/2021 6:00,0.0,0.0
11/30/2021 7:00,0.0,0.0
11/30/2021 8:00,0.0,0.0
11/30/2021 9:00,0.22,0.03
11/30/2021 10:00,1.03,0.15
11/30/2021 11:00,1.75,0.25
11/30/2021 12:00,3.73,0.53
11/30/2021 13:00,1.6,0.23
11/30/2021 14:00,2.27,0.32
11/30/2021 15:00,2.47,0.35
11/30/2021 16:00,0.49,0.07
11/30/2021 17:00,0.12,0.02
11/30/2021 18:00,0.0,0.0
11/30/2021 19:00,0.0,0.0
11/30/2021 20:00,0.0,0.0
11/30/2021 21:00,0.0,0.0
11/30/2021 22:00,0.0,0.0
11/30/2021 23:00,0.0,0.0
12/1/2021 0:00,0.0,0.0
12/1/2021 1:00,0.0,0.0
12/1/2021 2:00,0.0,0.0
12/1/2021 3:00,0.0,0.0
12/1/2021 4:00,0.0,0.0
12/1/2021 5:00,0.0,0.0
12/1/2021 6:00,0.0,0.0
12/1/2021 7:00,0.0,0.0
12/1/2021 8:00,0.0,0.0
12/1/2021 9:00,0.13,0.02
12/1/2021 10:00,1.43,0.2
12/1/2021 11:00,2.04,0.29
12/1/2021 12:00,2.01,0.29
12/1/2021 13:00,1.5,0.21
12/1/2021 14:00,0.87,0.12
12/1/2021 15:00,0.5,0.07
12/1/2021 16:00,0.63,0.09
12/1/2021 17:00,0.15,0.02
12/1/2021 18:00,0.0,0.0
12/1/2021 19:00,0.0,0.0
12/1/2021 20:00,0.0,0.0
12/1/2021 21:00,0.0,0.0
12/1/2021 22:00,0.0,0.0
12/1/2021 23:00,0.0,0.0
12/2/2021 0:00,0.0,0.0
12/2/2021 1:00,0.0,0.0
12/2/2021 2:00,0.0,0.0
12/2/2021 3:00,0.0,0.0
12/2/2021 4:00,0.0,0.0
12/2/2021 5:00,0.0,0.0
12/2/2021 6:00,0.0,0.0
12/2/2021 7:00,0.0,0.0
12/2/2021 8:00,0.0,0.0
12/2/2021 9:00,0.14,0.02
12/2/2021 10:00,1.46,0.21
12/2/2021 11:00,3.58,0.51
12/2/2021 12:00,4.52,0.65
12/2/2021 13:00,4.6,0.66
12/2/2021 14:00,4.34,0.62
12/2/2021 15:00,3.64,0.52
12/2/2021 16:00,2.49,0.36
12/2/2021 17:00,0.89,0.13
12/2/2021 18:00,0.0,0.0
12/2/2021 19:00,0.0,0.0
12/2/2021 20:00,0.0,0.0
12/2/2021 21:00,0.0,0.0
12/2/2021 22:00,0.0,0.0
12/2/2021 23:00,0.0,0.0
12/3/2021 0:00,0.0,0.0
12/3/2021 1:00,0.0,0.0
12/3/2021 2:00,0.0,0.0
12/3/2021 3:00,0.0,0.0
12/3/2021 4:00,0.0,0.0
12/3/2021 5:00,0.0,0.0
12/3/2021 6:00,0.0,0.0
12/3/2021 7:00,0.0,0.0
12/3/2021 8:00,0.0,0.0
12/3/2021 9:00,0.1,0.01
12/3/2021 10:00,1.42,0.2
12/3/2021 11:00,3.56,0.51
12/3/2021 12:00,4.39,0.63
12/3/2021 13:00,4.52,0.65
12/3/2021 14:00,4.19,0.6
12/3/2021 15:00,3.48,0.5
12/3/2021 16:00,2.37,0.34
12/3/2021 17:00,0.84,0.12
12/3/2021 18:00,0.0,0.0
12/3/2021 19:00,0.0,0.0
12/3/2021 20:00,0.0,0.0
12/3/2021 21:00,0.0,0.0
12/3/2021 22:00,0.0,0.0
12/3/2021 23:00,0.0,0.0
12/4/2021 0:00,0.0,0.0
12/4/2021 1:00,0.0,0.0
12/4/2021 2:00,0.0,0.0
12/4/2021 3:00,0.0,0.0
12/4/2021 4:00,0.0,0.0
12/4/2021 5:00,0.0,0.0
12/4/2021 6:00,0.0,0.0
12/4/2021 7:00,0.0,0.0
12/4/2021 8:00,0.0,0.0
12/4/2021 9:00,0.26,0.04
12/4/2021 10:00,0.99,0.14
12/4/2021 11:00,1.26,0.18
12/4/2021 12:00,1.3,0.19
12/4/2021 13:00,0.72,0.1
12/4/2021 14:00,0.62,0.09
12/4/2021 15:00,0.48,0.07
12/4/2021 16:00,0.38,0.05
12/4/2021 17:00,0.07,0.01
12/4/2021 18:00,0.0,0.0
12/4/2021 19:00,0.0,0.0
12/4/2021 20:00,0.0,0.0
12/4/2021 21:00,0.0,0.0
12/4/2021 22:00,0.0,0.0
12/4/2021 23:00,0.0,0.0
12/5/2021 0:00,0.0,0.0
12/5/2021 1:00,0.0,0.0
12/5/2021 2:00,0.0,0.0
12/5/2021 3:00,0.0,0.0
12/5/2021 4:00,0.0,0.0
12/5/2021 5:00,0.0,0.0
12/5/2021 6:00,0.0,0.0
12/5/2021 7:00,0.0,0.0
12/5/2021 8:00,0.0,0.0
12/5/2021 9:00,0.22,0.03
12/5/2021 10:00,1.3,0.19
12/5/2021 11:00,2.87,0.41
12/5/2021 12:00,1.48,0.21
12/5/2021 13:00,2.86,0.41
12/5/2021 14:00,2.62,0.37
12/5/2021 15:00,1.81,0.26
12/5/2021 16:00,1.41,0.2
12/5/2021 17:00,0.33,0.05
12/5/2021 18:00,0.0,0.0
12/5/2021 19:00,0.0,0.0
12/5/2021 20:00,0.0,0.0
12/5/2021 21:00,0.0,0.0
12/5/2021 22:00,0.0,0.0
12/5/2021 23:00,0.0,0.0
12/6/2021 0:00,0.0,0.0
12/6/2021 1:00,0.0,0.0
12/6/2021 2:00,0.0,0.0
12/6/2021 3:00,0.0,0.0
12/6/2021 4:00,0.0,0.0
12/6/2021 5:00,0.0,0.0
12/6/2021 6:00,0.0,0.0
12/6/2021 7:00,0.0,0.0
12/6/2021 8:00,0.0,0.0
12/6/2021 9:00,0.11,0.02
12/6/2021 10:00,1.22,0.17
12/6/2021 11:00,1.24,0.18
12/6/2021 12:00,3.52,0.5
12/6/2021 13:00,3.76,0.54
12/6/2021 14:00,3.2,0.46
12/6/2021 15:00,3.16,0.45
12/6/2021 16:00,1.17,0.17
12/6/2021 17:00,0.85,0.12
12/6/2021 18:00,0.0,0.0
12/6/2021 19:00,0.0,0.0
12/6/2021 20:00,0.0,0.0
12/6/2021 21:00,0.0,0.0
12/6/2021 22:00,0.0,0.0
12/6/2021 23:00,0.0,0.0
12/7/2021 0:00,0.0,0.0
12/7/2021 1:00,0.0,0.0
12/7/2021 2:00,0.0,0.0
12/7/2021 3:00,0.0,0.0
12/7/2021 4:00,0.0,0.0
12/7/2021 5:00,0.0,0.0
12/7/2021 6:00,0.0,0.0
12/7/2021 7:00,0.0,0.0
12/7/2021 8:00,0.0,0.0
12/7/2021 9:00,0.27,0.04
12/7/2021 10:00,0.5,0.07
12/7/2021 11:00,0.86,0.12
12/7/2021 12:00,0.84,0.12
12/7/2021 13:00,0.73,0.1
12/7/2021 14:00,0.67,0.1
12/7/2021 15:00,1.25,0.18
12/7/2021 16:00,1.39,0.2
12/7/2021 17:00,0.11,0.02
12/7/2021 18:00,0.0,0.0
12/7/2021 19:00,0.0,0.0
12/7/2021 20:00,0.0,0.0
12/7/2021 21:00,0.0,0.0
12/7/2021 22:00,0.0,0.0
12/7/2021 23:00,0.0,0.0
12/8/2021 0:00,0.0,0.0
12/8/2021 1:00,0.0,0.0
12/8/2021 2:00,0.0,0.0
12/8/2021 3:00,0.0,0.0
12/8/2021 4:00,0.0,0.0
12/8/2021 5:00,0.0,0.0
12/8/2021 6:00,0.0,0.0
12/8/2021 7:00,0.0,0.0
12/8/2021 8:00,0.0,0.0
12/8/2021 9:00,0.23,0.03
12/8/2021 10:00,0.77,0.11
12/8/2021 11:00,2.87,0.41
12/8/2021 12:00,4.34,0.62
12/8/2021 13:00,3.47,0.5
12/8/2021 14:00,1.73,0.25
12/8/2021 15:00,1.76,0.25
12/8/2021 16:00,1.09,0.16
12/8/2021 17:00,0.43,0.06
12/8/2021 18:00,0.0,0.0
12/8/2021 19:00,0.0,0.0
12/8/2021 20:00,0.0,0.0
12/8/2021 21:00,0.0,0.0
12/8/2021 22:00,0.0,0.0
12/8/2021 23:00,0.0,0.0
12/9/2021 0:00,0.0,0.0
12/9/2021 1:00,0.0,0.0
12/9/2021 2:00,0.0,0.0
12/9/2021 3:00,0.0,0.0
12/9/2021 4:00,0.0,0.0
12/9/2021 5:00,0.0,0.0
12/9/2021 6:00,0.0,0.0
12/9/2021 7:00,0.0,0.0
12/9/2021 8:00,0.01,0.0
12/9/2021 9:00,0.33,0.05
12/9/2021 10:00,0.97,0.14
12/9/2021 11:00,1.38,0.2
12/9/2021 12:00,1.26,0.18
12/9/2021 13:00,1.71,0.24
12/9/2021 14:00,2.45,0.35
12/9/2021 15:00,0.85,0.12
12/9/2021 16:00,0.71,0.1
12/9/2021 17:00,0.23,0.03
12/9/2021 18:00,0.0,0.0
12/9/2021 19:00,0.0,0.0
12/9/2021 20:00,0.0,0.0
12/9/2021 21:00,0.0,0.0
12/9/2021 22:00,0.0,0.0
12/9/2021 23:00,0.0,0.0
12/10/2021 0:00,0.0,0.0
12/10/2021 1:00,0.0,0.0
12/10/2021 2:00,0.0,0.0
12/10/2021 3:00,0.0,0.0
12/10/2021 4:00,0.0,0.0
12/10/2021 5:00,0.0,0.0
12/10/2021 6:00,0.0,0.0
12/10/2021 7:00,0.0,0.0
12/10/2021 8:00,0.0,0.0
12/10/2021 9:00,0.27,0.04
12/10/2021 10:00,0.64,0.09
12/10/2021 11:00,1.06,0.15
12/10/2021 12:00,1.28,0.18
12/10/2021 13:00,1.29,0.18
12/10/2021 14:00,1.23,0.18
12/10/2021 15:00,1.0,0.14
12/10/2021 16:00,0.68,0.1
12/10/2021 17:00,0.08,0.01
12/10/2021 18:00,0.0,0.0
12/10/2021 19:00,0.0,0.0
12/10/2021 20:00,0.0,0.0
12/10/2021 21:00,0.0,0.0
12/10/2021 22:00,0.0,0.0
12/10/2021 23:00,0.0,0.0
12/11/2021 0:00,0.0,0.0
12/11/2021 1:00,0.0,0.0
12/11/2021 2:00,0.0,0.0
12/11/2021 3:00,0.0,0.0
12/11/2021 4:00,0.0,0.0
12/11/2021 5:00,0.0,0.0
12/11/2021 6:00,0.0,0.0
12/11/2021 7:00,0.0,0.0
12/11/2021 8:00,0.0,0.0
12/11/2021 9:00,0.09,0.01
12/11/2021 10:00,0.98,0.14
12/11/2021 11:00,3.24,0.46
12/11/2021 12:00,4.09,0.58
12/11/2021 13:00,4.23,0.6
12/11/2021 14:00,3.7,0.53
12/11/2021 15:00,3.38,0.48
12/11/2021 16:00,2.3,0.33
12/11/2021 17:00,0.83,0.12
12/11/2021 18:00,0.0,0.0
12/11/2021 19:00,0.0,0.0
12/11/2021 20:00,0.0,0.0
12/11/2021 21:00,0.0,0.0
12/11/2021 22:00,0.0,0.0
12/11/2021 23:00,0.0,0.0
12/12/2021 0:00,0.0,0.0
12/12/2021 1:00,0.0,0.0
12/12/2021 2:00,0.0,0.0
12/12/2021 3:00,0.0,0.0
12/12/2021 4:00,0.0,0.0
12/12/2021 5:00,0.0,0.0
12/12/2021 6:00,0.0,0.0
12/12/2021 7:00,0.0,0.0
12/12/2021 8:00,0.0,0.0
12/12/2021 9:00,0.09,0.01
12/12/2021 10:00,0.93,0.13
12/12/2021 11:00,3.31,0.47
12/12/2021 12:00,4.18,0.6
12/12/2021 13:00,4.36,0.62
12/12/2021 14:00,4.07,0.58
12/12/2021 15:00,3.36,0.48
12/12/2021 16:00,2.34,0.33
12/12/2021 17:00,0.84,0.12
12/12/2021 18:00,0.0,0.0
12/12/2021 19:00,0.0,0.0
12/12/2021 20:00,0.0,0.0
12/12/2021 21:00,0.0,0.0
12/12/2021 22:00,0.0,0.0
12/12/2021 23:00,0.0,0.0
12/13/2021 0:00,0.0,0.0
12/13/2021 1:00,0.0,0.0
12/13/2021 2:00,0.0,0.0
12/13/2021 3:00,0.0,0.0
12/13/2021 4:00,0.0,0.0
12/13/2021 5:00,0.0,0.0
12/13/2021 6:00,0.0,0.0
12/13/2021 7:00,0.0,0.0
12/13/2021 8:00,0.0,0.0
12/13/2021 9:00,0.07,0.01
12/13/2021 10:00,0.92,0.13
12/13/2021 11:00,3.27,0.47
12/13/2021 12:00,4.2,0.6
12/13/2021 13:00,1.44,0.21
12/13/2021 14:00,1.36,0.19
12/13/2021 15:00,0.58,0.08
12/13/2021 16:00,0.16,0.02
12/13/2021 17:00,0.0,0.0
12/13/2021 18:00,0.0,0.0
12/13/2021 19:00,0.0,0.0
12/13/2021 20:00,0.0,0.0
12/13/2021 21:00,0.0,0.0
12/13/2021 22:00,0.0,0.0
12/13/2021 23:00,0.0,0.0
12/14/2021 0:00,0.0,0.0
12/14/2021 1:00,0.0,0.0
12/14/2021 2:00,0.0,0.0
12/14/2021 3:00,0.0,0.0
12/14/2021 4:00,0.0,0.0
12/14/2021 5:00,0.0,0.0
12/14/2021 6:00,0.0,0.0
12/14/2021 7:00,0.0,0.0
12/14/2021 8:00,0.0,0.0
12/14/2021 9:00,0.13,0.02
12/14/2021 10:00,0.82,0.12
12/14/2021 11:00,3.16,0.45
12/14/2021 12:00,4.13,0.59
12/14/2021 13:00,3.69,0.53
12/14/2021 14:00,4.0,0.57
12/14/2021 15:00,3.27,0.47
12/14/2021 16:00,1.86,0.27
12/14/2021 17:00,0.42,0.06
12/14/2021 18:00,0.0,0.0
12/14/2021 19:00,0.0,0.0
12/14/2021 20:00,0.0,0.0
12/14/2021 21:00,0.0,0.0
12/14/2021 22:00,0.0,0.0
12/14/2021 23:00,0.0,0.0
12/15/2021 0:00,0.0,0.0
12/15/2021 1:00,0.0,0.0
12/15/2021 2:00,0.0,0.0
12/15/2021 3:00,0.0,0.0
12/15/2021 4:00,0.0,0.0
12/15/2021 5:00,0.0,0.0
12/15/2021 6:00,0.0,0.0
12/15/2021 7:00,0.0,0.0
12/15/2021 8:00,0.0,0.0
12/15/2021 9:00,0.13,0.02
12/15/2021 10:00,0.91,0.13
12/15/2021 11:00,3.22,0.46
12/15/2021 12:00,4.21,0.6
12/15/2021 13:00,4.4,0.63
12/15/2021 14:00,4.07,0.58
12/15/2021 15:00,3.54,0.51
12/15/2021 16:00,2.45,0.35
12/15/2021 17:00,0.86,0.12
12/15/2021 18:00,0.0,0.0
12/15/2021 19:00,0.0,0.0
12/15/2021 20:00,0.0,0.0
12/15/2021 21:00,0.0,0.0
12/15/2021 22:00,0.0,0.0
12/15/2021 23:00,0.0,0.0
12/16/2021 0:00,0.0,0.0
12/16/2021 1:00,0.0,0.0
12/16/2021 2:00,0.0,0.0
12/16/2021 3:00,0.0,0.0
12/16/2021 4:00,0.0,0.0
12/16/2021 5:00,0.0,0.0
12/16/2021 6:00,0.0,0.0
12/16/2021 7:00,0.0,0.0
12/16/2021 8:00,0.0,0.0
12/16/2021 9:00,0.14,0.02
12/16/2021 10:00,0.84,0.12
12/16/2021 11:00,3.25,0.46
12/16/2021 12:00,4.22,0.6
12/16/2021 13:00,4.41,0.63
12/16/2021 14:00,4.11,0.59
12/16/2021 15:00,3.42,0.49
12/16/2021 16:00,2.11,0.3
12/16/2021 17:00,0.13,0.02
12/16/2021 18:00,0.0,0.0
12/16/2021 19:00,0.0,0.0
12/16/2021 20:00,0.0,0.0
12/16/2021 21:00,0.0,0.0
12/16/2021 22:00,0.0,0.0
12/16/2021 23:00,0.0,0.0
12/17/2021 0:00,0.0,0.0
12/17/2021 1:00,0.0,0.0
12/17/2021 2:00,0.0,0.0
12/17/2021 3:00,0.0,0.0
12/17/2021 4:00,0.0,0.0
12/17/2021 5:00,0.0,0.0
12/17/2021 6:00,0.0,0.0
12/17/2021 7:00,0.0,0.0
12/17/2021 8:00,0.0,0.0
12/17/2021 9:00,0.25,0.04
12/17/2021 10:00,1.01,0.14
12/17/2021 11:00,2.75,0.39
12/17/2021 12:00,1.92,0.27
12/17/2021 13:00,3.02,0.43
12/17/2021 14:00,3.56,0.51
12/17/2021 15:00,2.11,0.3
12/17/2021 16:00,0.9,0.13
12/17/2021 17:00,0.37,0.05
12/17/2021 18:00,0.0,0.0
12/17/2021 19:00,0.0,0.0
12/17/2021 20:00,0.0,0.0
12/17/2021 21:00,0.0,0.0
12/17/2021 22:00,0.0,0.0
12/17/2021 23:00,0.0,0.0
12/18/2021 0:00,0.0,0.0
12/18/2021 1:00,0.0,0.0
12/18/2021 2:00,0.0,0.0
12/18/2021 3:00,0.0,0.0
12/18/2021 4:00,0.0,0.0
12/18/2021 5:00,0.0,0.0
12/18/2021 6:00,0.0,0.0
12/18/2021 7:00,0.0,0.0
12/18/2021 8:00,0.0,0.0
12/18/2021 9:00,0.1,0.01
12/18/2021 10:00,1.08,0.15
12/18/2021 11:00,2.87,0.41
12/18/2021 12:00,4.0,0.57
12/18/2021 13:00,4.2,0.6
12/18/2021 14:00,3.99,0.57
12/18/2021 15:00,3.34,0.48
12/18/2021 16:00,2.21,0.32
12/18/2021 17:00,0.74,0.11
12/18/2021 18:00,0.0,0.0
12/18/2021 19:00,0.0,0.0
12/18/2021 20:00,0.0,0.0
12/18/2021 21:00,0.0,0.0
12/18/2021 22:00,0.0,0.0
12/18/2021 23:00,0.0,0.0
12/19/2021 0:00,0.0,0.0
12/19/2021 1:00,0.0,0.0
12/19/2021 2:00,0.0,0.0
12/19/2021 3:00,0.0,0.0
12/19/2021 4:00,0.0,0.0
12/19/2021 5:00,0.0,0.0
12/19/2021 6:00,0.0,0.0
12/19/2021 7:00,0.0,0.0
12/19/2021 8:00,0.0,0.0
12/19/2021 9:00,0.24,0.03
12/19/2021 10:00,0.63,0.09
12/19/2021 11:00,3.05,0.44
12/19/2021 12:00,4.01,0.57
12/19/2021 13:00,3.99,0.57
12/19/2021 14:00,3.0,0.43
12/19/2021 15:00,2.89,0.41
12/19/2021 16:00,1.3,0.19
12/19/2021 17:00,0.26,0.04
12/19/2021 18:00,0.0,0.0
12/19/2021 19:00,0.0,0.0
12/19/2021 20:00,0.0,0.0
12/19/2021 21:00,0.0,0.0
12/19/2021 22:00,0.0,0.0
12/19/2021 23:00,0.0,0.0
12/20/2021 0:00,0.0,0.0
12/20/2021 1:00,0.0,0.0
12/20/2021 2:00,0.0,0.0
12/20/2021 3:00,0.0,0.0
12/20/2021 4:00,0.0,0.0
12/20/2021 5:00,0.0,0.0
12/20/2021 6:00,0.0,0.0
12/20/2021 7:00,0.0,0.0
12/20/2021 8:00,0.0,0.0
12/20/2021 9:00,0.0,0.0
12/20/2021 10:00,0.02,0.0
12/20/2021 11:00,0.06,0.01
12/20/2021 12:00,0.18,0.03
12/20/2021 13:00,0.08,0.01
12/20/2021 14:00,0.3,0.04
12/20/2021 15:00,0.11,0.02
12/20/2021 16:00,0.21,0.03
12/20/2021 17:00,0.03,0.0
12/20/2021 18:00,0.0,0.0
12/20/2021 19:00,0.0,0.0
12/20/2021 20:00,0.0,0.0
12/20/2021 21:00,0.0,0.0
12/20/2021 22:00,0.0,0.0
12/20/2021 23:00,0.0,0.0
12/21/2021 0:00,0.0,0.0
12/21/2021 1:00,0.0,0.0
12/21/2021 2:00,0.0,0.0
12/21/2021 3:00,0.0,0.0
12/21/2021 4:00,0.0,0.0
12/21/2021 5:00,0.0,0.0
12/21/2021 6:00,0.0,0.0
12/21/2021 7:00,0.0,0.0
12/21/2021 8:00,0.0,0.0
12/21/2021 9:00,0.08,0.01
12/21/2021 10:00,0.26,0.04
12/21/2021 11:00,0.63,0.09
12/21/2021 12:00,0.67,0.1
12/21/2021 13:00,0.34,0.05
12/21/2021 14:00,0.33,0.05
12/21/2021 15:00,0.21,0.03
12/21/2021 16:00,0.11,0.02
12/21/2021 17:00,0.14,0.02
12/21/2021 18:00,0.0,0.0
12/21/2021 19:00,0.0,0.0
12/21/2021 20:00,0.0,0.0
12/21/2021 21:00,0.0,0.0
12/21/2021 22:00,0.0,0.0
12/21/2021 23:00,0.0,0.0
12/22/2021 0:00,0.0,0.0
12/22/2021 1:00,0.0,0.0
12/22/2021 2:00,0.0,0.0
12/22/2021 3:00,0.0,0.0
12/22/2021 4:00,0.0,0.0
12/22/2021 5:00,0.0,0.0
12/22/2021 6:00,0.0,0.0
12/22/2021 7:00,0.0,0.0
12/22/2021 8:00,0.0,0.0
12/22/2021 9:00,0.06,0.01
12/22/2021 10:00,0.08,0.01
12/22/2021 11:00,0.28,0.04
12/22/2021 12:00,0.61,0.09
12/22/2021 13:00,0.62,0.09
12/22/2021 14:00,1.69,0.24
12/22/2021 15:00,2.51,0.36
12/22/2021 16:00,0.87,0.12
12/22/2021 17:00,0.23,0.03
12/22/2021 18:00,0.0,0.0
12/22/2021 19:00,0.0,0.0
12/22/2021 20:00,0.0,0.0
12/22/2021 21:00,0.0,0.0
12/22/2021 22:00,0.0,0.0
12/22/2021 23:00,0.0,0.0
12/23/2021 0:00,0.0,0.0
12/23/2021 1:00,0.0,0.0
12/23/2021 2:00,0.0,0.0
12/23/2021 3:00,0.0,0.0
12/23/2021 4:00,0.0,0.0
12/23/2021 5:00,0.0,0.0
12/23/2021 6:00,0.0,0.0
12/23/2021 7:00,0.0,0.0
12/23/2021 8:00,0.0,0.0
12/23/2021 9:00,0.04,0.01
12/23/2021 10:00,0.16,0.02
12/23/2021 11:00,0.36,0.05
12/23/2021 12:00,1.1,0.16
12/23/2021 13:00,1.84,0.26
12/23/2021 14:00,2.11,0.3
12/23/2021 15:00,1.12,0.16
12/23/2021 16:00,0.79,0.11
12/23/2021 17:00,0.23,0.03
12/23/2021 18:00,0.0,0.0
12/23/2021 19:00,0.0,0.0
12/23/2021 20:00,0.0,0.0
12/23/2021 21:00,0.0,0.0
12/23/2021 22:00,0.0,0.0
12/23/2021 23:00,0.0,0.0
12/24/2021 0:00,0.0,0.0
12/24/2021 1:00,0.0,0.0
12/24/2021 2:00,0.0,0.0
12/24/2021 3:00,0.0,0.0
12/24/2021 4:00,0.0,0.0
12/24/2021 5:00,0.0,0.0
12/24/2021 6:00,0.0,0.0
12/24/2021 7:00,0.0,0.0
12/24/2021 8:00,0.0,0.0
12/24/2021 9:00,0.03,0.0
12/24/2021 10:00,0.43,0.06
12/24/2021 11:00,0.3,0.04
12/24/2021 12:00,0.5,0.07
12/24/2021 13:00,0.24,0.03
12/24/2021 14:00,0.28,0.04
12/24/2021 15:00,2.5,0.36
12/24/2021 16:00,1.09,0.16
12/24/2021 17:00,0.35,0.05
12/24/2021 18:00,0.0,0.0
12/24/2021 19:00,0.0,0.0
12/24/2021 20:00,0.0,0.0
12/24/2021 21:00,0.0,0.0
12/24/2021 22:00,0.0,0.0
12/24/2021 23:00,0.0,0.0
12/25/2021 0:00,0.0,0.0
12/25/2021 1:00,0.0,0.0
12/25/2021 2:00,0.0,0.0
12/25/2021 3:00,0.0,0.0
12/25/2021 4:00,0.0,0.0
12/25/2021 5:00,0.0,0.0
12/25/2021 6:00,0.0,0.0
12/25/2021 7:00,0.0,0.0
12/25/2021 8:00,0.0,0.0
12/25/2021 9:00,0.08,0.01
12/25/2021 10:00,0.24,0.03
12/25/2021 11:00,0.36,0.05
12/25/2021 12:00,0.52,0.07
12/25/2021 13:00,0.49,0.07
12/25/2021 14:00,0.88,0.13
12/25/2021 15:00,0.91,0.13
12/25/2021 16:00,0.67,0.1
12/25/2021 17:00,0.31,0.04
12/25/2021 18:00,0.0,0.0
12/25/2021 19:00,0.0,0.0
12/25/2021 20:00,0.0,0.0
12/25/2021 21:00,0.0,0.0
12/25/2021 22:00,0.0,0.0
12/25/2021 23:00,0.0,0.0
12/26/2021 0:00,0.0,0.0
12/26/2021 1:00,0.0,0.0
12/26/2021 2:00,0.0,0.0
12/26/2021 3:00,0.0,0.0
12/26/2021 4:00,0.0,0.0
12/26/2021 5:00,0.0,0.0
12/26/2021 6:00,0.0,0.0
12/26/2021 7:00,0.0,0.0
12/26/2021 8:00,0.0,0.0
12/26/2021 9:00,0.06,0.01
12/26/2021 10:00,0.29,0.04
12/26/2021 11:00,0.46,0.07
12/26/2021 12:00,0.63,0.09
12/26/2021 13:00,0.66,0.09
12/26/2021 14:00,0.76,0.11
12/26/2021 15:00,0.7,0.1
12/26/2021 16:00,0.34,0.05
12/26/2021 17:00,0.09,0.01
12/26/2021 18:00,0.0,0.0
12/26/2021 19:00,0.0,0.0
12/26/2021 20:00,0.0,0.0
12/26/2021 21:00,0.0,0.0
12/26/2021 22:00,0.0,0.0
12/26/2021 23:00,0.0,0.0
12/27/2021 0:00,0.0,0.0
12/27/2021 1:00,0.0,0.0
12/27/2021 2:00,0.0,0.0
12/27/2021 3:00,0.0,0.0
12/27/2021 4:00,0.0,0.0
12/27/2021 5:00,0.0,0.0
12/27/2021 6:00,0.0,0.0
12/27/2021 7:00,0.0,0.0
12/27/2021 8:00,0.0,0.0
12/27/2021 9:00,0.12,0.02
12/27/2021 10:00,0.44,0.06
12/27/2021 11:00,1.46,0.21
12/27/2021 12:00,1.56,0.22
12/27/2021 13:00,1.18,0.17
12/27/2021 14:00,0.66,0.09
12/27/2021 15:00,1.67,0.24
12/27/2021 16:00,1.5,0.21
12/27/2021 17:00,0.64,0.09
12/27/2021 18:00,0.01,0.0
12/27/2021 19:00,0.0,0.0
12/27/2021 20:00,0.0,0.0
12/27/2021 21:00,0.0,0.0
12/27/2021 22:00,0.0,0.0
12/27/2021 23:00,0.0,0.0
12/28/2021 0:00,0.0,0.0
12/28/2021 1:00,0.0,0.0
12/28/2021 2:00,0.0,0.0
12/28/2021 3:00,0.0,0.0
12/28/2021 4:00,0.0,0.0
12/28/2021 5:00,0.0,0.0
12/28/2021 6:00,0.0,0.0
12/28/2021 7:00,0.0,0.0
12/28/2021 8:00,0.0,0.0
12/28/2021 9:00,0.08,0.01
12/28/2021 10:00,0.39,0.06
12/28/2021 11:00,0.7,0.1
12/28/2021 12:00,0.98,0.14
12/28/2021 13:00,1.13,0.16
12/28/2021 14:00,1.16,0.17
12/28/2021 15:00,0.52,0.07
12/28/2021 16:00,0.44,0.06
12/28/2021 17:00,0.14,0.02
12/28/2021 18:00,0.0,0.0
12/28/2021 19:00,0.0,0.0
12/28/2021 20:00,0.0,0.0
12/28/2021 21:00,0.0,0.0
12/28/2021 22:00,0.0,0.0
12/28/2021 23:00,0.0,0.0
12/29/2021 0:00,0.0,0.0
12/29/2021 1:00,0.0,0.0
12/29/2021 2:00,0.0,0.0
12/29/2021 3:00,0.0,0.0
12/29/2021 4:00,0.0,0.0
12/29/2021 5:00,0.0,0.0
12/29/2021 6:00,0.0,0.0
12/29/2021 7:00,0.0,0.0
12/29/2021 8:00,0.0,0.0
12/29/2021 9:00,0.02,0.0
12/29/2021 10:00,0.19,0.03
12/29/2021 11:00,0.37,0.05
12/29/2021 12:00,1.18,0.17
12/29/2021 13:00,1.55,0.22
12/29/2021 14:00,3.31,0.47
12/29/2021 15:00,3.44,0.49
12/29/2021 16:00,2.55,0.36
12/29/2021 17:00,1.14,0.16
12/29/2021 18:00,0.0,0.0
12/29/2021 19:00,0.0,0.0
12/29/2021 20:00,0.0,0.0
12/29/2021 21:00,0.0,0.0
12/29/2021 22:00,0.0,0.0
12/29/2021 23:00,0.0,0.0
12/30/2021 0:00,0.0,0.0
12/30/2021 1:00,0.0,0.0
12/30/2021 2:00,0.0,0.0
12/30/2021 3:00,0.0,0.0
12/30/2021 4:00,0.0,0.0
12/30/2021 5:00,0.0,0.0
12/30/2021 6:00,0.0,0.0
12/30/2021 7:00,0.0,0.0
12/30/2021 8:00,0.0,0.0
12/30/2021 9:00,0.0,0.0
12/30/2021 10:00,0.08,0.01
12/30/2021 11:00,0.27,0.04
12/30/2021 12:00,0.71,0.1
12/30/2021 13:00,1.8,0.26
12/30/2021 14:00,1.08,0.15
12/30/2021 15:00,1.97,0.28
12/30/2021 16:00,2.64,0.38
12/30/2021 17:00,1.13,0.16
12/30/2021 18:00,0.0,0.0
12/30/2021 19:00,0.0,0.0
12/30/2021 20:00,0.0,0.0
12/30/2021 21:00,0.0,0.0
12/30/2021 22:00,0.0,0.0
12/30/2021 23:00,0.0,0.0
12/31/2021 0:00,0.0,0.0
12/31/2021 1:00,0.0,0.0
12/31/2021 2:00,0.0,0.0
12/31/2021 3:00,0.0,0.0
12/31/2021 4:00,0.0,0.0
12/31/2021 5:00,0.0,0.0
12/31/2021 6:00,0.0,0.0
12/31/2021 7:00,0.0,0.0
12/31/2021 8:00,0.0,0.0
12/31/2021 9:00,0.1,0.01
12/31/2021 10:00,0.67,0.1
12/31/2021 11:00,2.97,0.42
12/31/2021 12:00,3.7,0.53
12/31/2021 13:00,4.14,0.59
12/31/2021 14:00,3.87,0.55
12/31/2021 15:00,3.56,0.51
12/31/2021 16:00,2.02,0.29
12/31/2021 17:00,0.54,0.08
12/31/2021 18:00,0.0,0.0
12/31/2021 19:00,0.0,0.0
12/31/2021 20:00,0.0,0.0
12/31/2021 21:00,0.0,0.0
12/31/2021 22:00,0.0,0.0
12/31/2021 23:00,0.0,0.0
1/1/2022 0:00,0.0,0.0
1/1/2022 1:00,0.0,0.0
1/1/2022 2:00,0.0,0.0
1/1/2022 3:00,0.0,0.0
1/1/2022 4:00,0.0,0.0
1/1/2022 5:00,0.0,0.0
1/1/2022 6:00,0.0,0.0
1/1/2022 7:00,0.0,0.0
1/1/2022 8:00,0.0,0.0
1/1/2022 9:00,0.15,0.02
1/1/2022 10:00,0.9,0.13
1/1/2022 11:00,2.8,0.4
1/1/2022 12:00,3.45,0.49
1/1/2022 13:00,4.12,0.59
1/1/2022 14:00,3.26,0.47
1/1/2022 15:00,3.39,0.48
1/1/2022 16:00,2.68,0.38
1/1/2022 17:00,0.64,0.09
1/1/2022 18:00,0.01,0.0
1/1/2022 19:00,0.0,0.0
1/1/2022 20:00,0.0,0.0
1/1/2022 21:00,0.0,0.0
1/1/2022 22:00,0.0,0.0
1/1/2022 23:00,0.0,0.0
1/2/2022 0:00,0.0,0.0
1/2/2022 1:00,0.0,0.0
1/2/2022 2:00,0.0,0.0
1/2/2022 3:00,0.0,0.0
1/2/2022 4:00,0.0,0.0
1/2/2022 5:00,0.0,0.0
1/2/2022 6:00,0.0,0.0
1/2/2022 7:00,0.0,0.0
1/2/2022 8:00,0.0,0.0
1/2/2022 9:00,0.03,0.0
1/2/2022 10:00,0.38,0.05
1/2/2022 11:00,0.6,0.09
1/2/2022 12:00,0.75,0.11
1/2/2022 13:00,0.59,0.08
1/2/2022 14:00,1.08,0.15
1/2/2022 15:00,0.76,0.11
1/2/2022 16:00,0.36,0.05
1/2/2022 17:00,0.38,0.05
1/2/2022 18:00,0.02,0.0
1/2/2022 19:00,0.0,0.0
1/2/2022 20:00,0.0,0.0
1/2/2022 21:00,0.0,0.0
1/2/2022 22:00,0.0,0.0
1/2/2022 23:00,0.0,0.0
1/3/2022 0:00,0.0,0.0
1/3/2022 1:00,0.0,0.0
1/3/2022 2:00,0.0,0.0
1/3/2022 3:00,0.0,0.0
1/3/2022 4:00,0.0,0.0
1/3/2022 5:00,0.0,0.0
1/3/2022 6:00,0.0,0.0
1/3/2022 7:00,0.0,0.0
1/3/2022 8:00,0.0,0.0
1/3/2022 9:00,0.06,0.01
1/3/2022 10:00,0.61,0.09
1/3/2022 11:00,1.94,0.28
1/3/2022 12:00,3.33,0.48
1/3/2022 13:00,4.17,0.6
1/3/2022 14:00,3.53,0.5
1/3/2022 15:00,2.99,0.43
1/3/2022 16:00,2.39,0.34
1/3/2022 17:00,0.68,0.1
1/3/2022 18:00,0.03,0.0
1/3/2022 19:00,0.0,0.0
1/3/2022 20:00,0.0,0.0
1/3/2022 21:00,0.0,0.0
1/3/2022 22:00,0.0,0.0
1/3/2022 23:00,0.0,0.0
1/4/2022 0:00,0.0,0.0
1/4/2022 1:00,0.0,0.0
1/4/2022 2:00,0.0,0.0
1/4/2022 3:00,0.0,0.0
1/4/2022 4:00,0.0,0.0
1/4/2022 5:00,0.0,0.0
1/4/2022 6:00,0.0,0.0
1/4/2022 7:00,0.0,0.0
1/4/2022 8:00,0.0,0.0
1/4/2022 9:00,0.06,0.01
1/4/2022 10:00,0.24,0.03
1/4/2022 11:00,0.4,0.06
1/4/2022 12:00,2.0,0.29
1/4/2022 13:00,2.0,0.29
1/4/2022 14:00,1.45,0.21
1/4/2022 15:00,1.84,0.26
1/4/2022 16:00,1.9,0.27
1/4/2022 17:00,0.76,0.11
1/4/2022 18:00,0.01,0.0
1/4/2022 19:00,0.0,0.0
1/4/2022 20:00,0.0,0.0
1/4/2022 21:00,0.0,0.0
1/4/2022 22:00,0.0,0.0
1/4/2022 23:00,0.0,0.0
1/5/2022 0:00,0.0,0.0
1/5/2022 1:00,0.0,0.0
1/5/2022 2:00,0.0,0.0
1/5/2022 3:00,0.0,0.0
1/5/2022 4:00,0.0,0.0
1/5/2022 5:00,0.0,0.0
1/5/2022 6:00,0.0,0.0
1/5/2022 7:00,0.0,0.0
1/5/2022 8:00,0.0,0.0
1/5/2022 9:00,0.27,0.04
1/5/2022 10:00,0.79,0.11
1/5/2022 11:00,2.51,0.36
1/5/2022 12:00,2.79,0.4
1/5/2022 13:00,1.01,0.14
1/5/2022 14:00,1.49,0.21
1/5/2022 15:00,2.68,0.38
1/5/2022 16:00,0.7,0.1
1/5/2022 17:00,0.28,0.04
1/5/2022 18:00,0.0,0.0
1/5/2022 19:00,0.0,0.0
1/5/2022 20:00,0.0,0.0
1/5/2022 21:00,0.0,0.0
1/5/2022 22:00,0.0,0.0
1/5/2022 23:00,0.0,0.0
1/6/2022 0:00,0.0,0.0
1/6/2022 1:00,0.0,0.0
1/6/2022 2:00,0.0,0.0
1/6/2022 3:00,0.0,0.0
1/6/2022 4:00,0.0,0.0
1/6/2022 5:00,0.0,0.0
1/6/2022 6:00,0.0,0.0
1/6/2022 7:00,0.0,0.0
1/6/2022 8:00,0.0,0.0
1/6/2022 9:00,0.09,0.01
1/6/2022 10:00,0.75,0.11
1/6/2022 11:00,2.94,0.42
1/6/2022 12:00,4.01,0.57
1/6/2022 13:00,2.86,0.41
1/6/2022 14:00,2.85,0.41
1/6/2022 15:00,0.83,0.12
1/6/2022 16:00,1.55,0.22
1/6/2022 17:00,0.48,0.07
1/6/2022 18:00,0.02,0.0
1/6/2022 19:00,0.0,0.0
1/6/2022 20:00,0.0,0.0
1/6/2022 21:00,0.0,0.0
1/6/2022 22:00,0.0,0.0
1/6/2022 23:00,0.0,0.0
1/7/2022 0:00,0.0,0.0
1/7/2022 1:00,0.0,0.0
1/7/2022 2:00,0.0,0.0
1/7/2022 3:00,0.0,0.0
1/7/2022 4:00,0.0,0.0
1/7/2022 5:00,0.0,0.0
1/7/2022 6:00,0.0,0.0
1/7/2022 7:00,0.0,0.0
1/7/2022 8:00,0.0,0.0
1/7/2022 9:00,0.1,0.01
1/7/2022 10:00,0.75,0.11
1/7/2022 11:00,3.11,0.44
1/7/2022 12:00,4.02,0.57
1/7/2022 13:00,3.44,0.49
1/7/2022 14:00,4.44,0.63
1/7/2022 15:00,3.85,0.55
1/7/2022 16:00,2.83,0.4
1/7/2022 17:00,1.38,0.2
1/7/2022 18:00,0.06,0.01
1/7/2022 19:00,0.0,0.0
1/7/2022 20:00,0.0,0.0
1/7/2022 21:00,0.0,0.0
1/7/2022 22:00,0.0,0.0
1/7/2022 23:00,0.0,0.0
1/8/2022 0:00,0.0,0.0
1/8/2022 1:00,0.0,0.0
1/8/2022 2:00,0.0,0.0
1/8/2022 3:00,0.0,0.0
1/8/2022 4:00,0.0,0.0
1/8/2022 5:00,0.0,0.0
1/8/2022 6:00,0.0,0.0
1/8/2022 7:00,0.0,0.0
1/8/2022 8:00,0.0,0.0
1/8/2022 9:00,0.07,0.01
1/8/2022 10:00,0.79,0.11
1/8/2022 11:00,3.13,0.45
1/8/2022 12:00,4.31,0.62
1/8/2022 13:00,4.61,0.66
1/8/2022 14:00,4.41,0.63
1/8/2022 15:00,3.84,0.55
1/8/2022 16:00,2.03,0.29
1/8/2022 17:00,0.58,0.08
1/8/2022 18:00,0.09,0.01
1/8/2022 19:00,0.0,0.0
1/8/2022 20:00,0.0,0.0
1/8/2022 21:00,0.0,0.0
1/8/2022 22:00,0.0,0.0
1/8/2022 23:00,0.0,0.0
1/9/2022 0:00,0.0,0.0
1/9/2022 1:00,0.0,0.0
1/9/2022 2:00,0.0,0.0
1/9/2022 3:00,0.0,0.0
1/9/2022 4:00,0.0,0.0
1/9/2022 5:00,0.0,0.0
1/9/2022 6:00,0.0,0.0
1/9/2022 7:00,0.0,0.0
1/9/2022 8:00,0.0,0.0
1/9/2022 9:00,0.23,0.03
1/9/2022 10:00,0.77,0.11
1/9/2022 11:00,1.75,0.25
1/9/2022 12:00,4.54,0.65
1/9/2022 13:00,4.07,0.58
1/9/2022 14:00,3.44,0.49
1/9/2022 15:00,0.85,0.12
1/9/2022 16:00,0.47,0.07
1/9/2022 17:00,0.23,0.03
1/9/2022 18:00,0.0,0.0
1/9/2022 19:00,0.0,0.0
1/9/2022 20:00,0.0,0.0
1/9/2022 21:00,0.0,0.0
1/9/2022 22:00,0.0,0.0
1/9/2022 23:00,0.0,0.0
1/10/2022 0:00,0.0,0.0
1/10/2022 1:00,0.0,0.0
1/10/2022 2:00,0.0,0.0
1/10/2022 3:00,0.0,0.0
1/10/2022 4:00,0.0,0.0
1/10/2022 5:00,0.0,0.0
1/10/2022 6:00,0.0,0.0
1/10/2022 7:00,0.0,0.0
1/10/2022 8:00,0.0,0.0
1/10/2022 9:00,0.1,0.01
1/10/2022 10:00,0.65,0.09
1/10/2022 11:00,1.34,0.19
1/10/2022 12:00,1.05,0.15
1/10/2022 13:00,0.7,0.1
1/10/2022 14:00,0.92,0.13
1/10/2022 15:00,0.72,0.1
1/10/2022 16:00,0.91,0.13
1/10/2022 17:00,0.48,0.07
1/10/2022 18:00,0.0,0.0
1/10/2022 19:00,0.0,0.0
1/10/2022 20:00,0.0,0.0
1/10/2022 21:00,0.0,0.0
1/10/2022 22:00,0.0,0.0
1/10/2022 23:00,0.0,0.0
1/11/2022 0:00,0.0,0.0
1/11/2022 1:00,0.0,0.0
1/11/2022 2:00,0.0,0.0
1/11/2022 3:00,0.0,0.0
1/11/2022 4:00,0.0,0.0
1/11/2022 5:00,0.0,0.0
1/11/2022 6:00,0.0,0.0
1/11/2022 7:00,0.0,0.0
1/11/2022 8:00,0.0,0.0
1/11/2022 9:00,0.14,0.02
1/11/2022 10:00,0.97,0.14
1/11/2022 11:00,2.55,0.36
1/11/2022 12:00,3.69,0.53
1/11/2022 13:00,4.46,0.64
1/11/2022 14:00,4.15,0.59
1/11/2022 15:00,3.38,0.48
1/11/2022 16:00,2.23,0.32
1/11/2022 17:00,1.15,0.16
1/11/2022 18:00,0.1,0.01
1/11/2022 19:00,0.0,0.0
1/11/2022 20:00,0.0,0.0
1/11/2022 21:00,0.0,0.0
1/11/2022 22:00,0.0,0.0
1/11/2022 23:00,0.0,0.0
1/12/2022 0:00,0.0,0.0
1/12/2022 1:00,0.0,0.0
1/12/2022 2:00,0.0,0.0
1/12/2022 3:00,0.0,0.0
1/12/2022 4:00,0.0,0.0
1/12/2022 5:00,0.0,0.0
1/12/2022 6:00,0.0,0.0
1/12/2022 7:00,0.0,0.0
1/12/2022 8:00,0.0,0.0
1/12/2022 9:00,0.05,0.01
1/12/2022 10:00,0.83,0.12
1/12/2022 11:00,3.08,0.44
1/12/2022 12:00,4.23,0.6
1/12/2022 13:00,4.48,0.64
1/12/2022 14:00,4.31,0.62
1/12/2022 15:00,3.79,0.54
1/12/2022 16:00,2.83,0.4
1/12/2022 17:00,1.43,0.2
1/12/2022 18:00,0.12,0.02
1/12/2022 19:00,0.0,0.0
1/12/2022 20:00,0.0,0.0
1/12/2022 21:00,0.0,0.0
1/12/2022 22:00,0.0,0.0
1/12/2022 23:00,0.0,0.0
1/13/2022 0:00,0.0,0.0
1/13/2022 1:00,0.0,0.0
1/13/2022 2:00,0.0,0.0
1/13/2022 3:00,0.0,0.0
1/13/2022 4:00,0.0,0.0
1/13/2022 5:00,0.0,0.0
1/13/2022 6:00,0.0,0.0
1/13/2022 7:00,0.0,0.0
1/13/2022 8:00,0.0,0.0
1/13/2022 9:00,0.07,0.01
1/13/2022 10:00,0.89,0.13
1/13/2022 11:00,3.13,0.45
1/13/2022 12:00,4.36,0.62
1/13/2022 13:00,4.69,0.67
1/13/2022 14:00,4.42,0.63
1/13/2022 15:00,3.83,0.55
1/13/2022 16:00,2.89,0.41
1/13/2022 17:00,1.4,0.2
1/13/2022 18:00,0.12,0.02
1/13/2022 19:00,0.0,0.0
1/13/2022 20:00,0.0,0.0
1/13/2022 21:00,0.0,0.0
1/13/2022 22:00,0.0,0.0
1/13/2022 23:00,0.0,0.0
1/14/2022 0:00,0.0,0.0
1/14/2022 1:00,0.0,0.0
1/14/2022 2:00,0.0,0.0
1/14/2022 3:00,0.0,0.0
1/14/2022 4:00,0.0,0.0
1/14/2022 5:00,0.0,0.0
1/14/2022 6:00,0.0,0.0
1/14/2022 7:00,0.0,0.0
1/14/2022 8:00,0.0,0.0
1/14/2022 9:00,0.09,0.01
1/14/2022 10:00,0.98,0.14
1/14/2022 11:00,2.74,0.39
1/14/2022 12:00,3.31,0.47
1/14/2022 13:00,4.27,0.61
1/14/2022 14:00,4.34,0.62
1/14/2022 15:00,2.79,0.4
1/14/2022 16:00,1.29,0.18
1/14/2022 17:00,0.52,0.07
1/14/2022 18:00,0.06,0.01
1/14/2022 19:00,0.0,0.0
1/14/2022 20:00,0.0,0.0
1/14/2022 21:00,0.0,0.0
1/14/2022 22:00,0.0,0.0
1/14/2022 23:00,0.0,0.0
1/15/2022 0:00,0.0,0.0
1/15/2022 1:00,0.0,0.0
1/15/2022 2:00,0.0,0.0
1/15/2022 3:00,0.0,0.0
1/15/2022 4:00,0.0,0.0
1/15/2022 5:00,0.0,0.0
1/15/2022 6:00,0.0,0.0
1/15/2022 7:00,0.0,0.0
1/15/2022 8:00,0.0,0.0
1/15/2022 9:00,0.09,0.01
1/15/2022 10:00,0.94,0.13
1/15/2022 11:00,2.73,0.39
1/15/2022 12:00,1.84,0.26
1/15/2022 13:00,2.01,0.29
1/15/2022 14:00,2.0,0.29
1/15/2022 15:00,1.95,0.28
1/15/2022 16:00,0.86,0.12
1/15/2022 17:00,0.47,0.07
1/15/2022 18:00,0.11,0.02
1/15/2022 19:00,0.0,0.0
1/15/2022 20:00,0.0,0.0
1/15/2022 21:00,0.0,0.0
1/15/2022 22:00,0.0,0.0
1/15/2022 23:00,0.0,0.0
1/16/2022 0:00,0.0,0.0
1/16/2022 1:00,0.0,0.0
1/16/2022 2:00,0.0,0.0
1/16/2022 3:00,0.0,0.0
1/16/2022 4:00,0.0,0.0
1/16/2022 5:00,0.0,0.0
1/16/2022 6:00,0.0,0.0
1/16/2022 7:00,0.0,0.0
1/16/2022 8:00,0.0,0.0
1/16/2022 9:00,0.16,0.02
1/16/2022 10:00,0.49,0.07
1/16/2022 11:00,2.35,0.34
1/16/2022 12:00,3.47,0.5
1/16/2022 13:00,3.86,0.55
1/16/2022 14:00,3.43,0.49
1/16/2022 15:00,2.53,0.36
1/16/2022 16:00,1.6,0.23
1/16/2022 17:00,0.63,0.09
1/16/2022 18:00,0.07,0.01
1/16/2022 19:00,0.0,0.0
1/16/2022 20:00,0.0,0.0
1/16/2022 21:00,0.0,0.0
1/16/2022 22:00,0.0,0.0
1/16/2022 23:00,0.0,0.0
1/17/2022 0:00,0.0,0.0
1/17/2022 1:00,0.0,0.0
1/17/2022 2:00,0.0,0.0
1/17/2022 3:00,0.0,0.0
1/17/2022 4:00,0.0,0.0
1/17/2022 5:00,0.0,0.0
1/17/2022 6:00,0.0,0.0
1/17/2022 7:00,0.0,0.0
1/17/2022 8:00,0.0,0.0
1/17/2022 9:00,0.09,0.01
1/17/2022 10:00,1.02,0.15
1/17/2022 11:00,3.02,0.43
1/17/2022 12:00,4.27,0.61
1/17/2022 13:00,4.57,0.65
1/17/2022 14:00,4.42,0.63
1/17/2022 15:00,3.77,0.54
1/17/2022 16:00,2.63,0.38
1/17/2022 17:00,1.23,0.18
1/17/2022 18:00,0.11,0.02
1/17/2022 19:00,0.0,0.0
1/17/2022 20:00,0.0,0.0
1/17/2022 21:00,0.0,0.0
1/17/2022 22:00,0.0,0.0
1/17/2022 23:00,0.0,0.0
1/18/2022 0:00,0.0,0.0
1/18/2022 1:00,0.0,0.0
1/18/2022 2:00,0.0,0.0
1/18/2022 3:00,0.0,0.0
1/18/2022 4:00,0.0,0.0
1/18/2022 5:00,0.0,0.0
1/18/2022 6:00,0.0,0.0
1/18/2022 7:00,0.0,0.0
1/18/2022 8:00,0.0,0.0
1/18/2022 9:00,0.09,0.01
1/18/2022 10:00,1.09,0.16
1/18/2022 11:00,3.0,0.43
1/18/2022 12:00,4.27,0.61
1/18/2022 13:00,4.59,0.66
1/18/2022 14:00,4.44,0.63
1/18/2022 15:00,3.91,0.56
1/18/2022 16:00,2.91,0.42
1/18/2022 17:00,1.52,0.22
1/18/2022 18:00,0.18,0.03
1/18/2022 19:00,0.0,0.0
1/18/2022 20:00,0.0,0.0
1/18/2022 21:00,0.0,0.0
1/18/2022 22:00,0.0,0.0
1/18/2022 23:00,0.0,0.0
1/19/2022 0:00,0.0,0.0
1/19/2022 1:00,0.0,0.0
1/19/2022 2:00,0.0,0.0
1/19/2022 3:00,0.0,0.0
1/19/2022 4:00,0.0,0.0
1/19/2022 5:00,0.0,0.0
1/19/2022 6:00,0.0,0.0
1/19/2022 7:00,0.0,0.0
1/19/2022 8:00,0.0,0.0
1/19/2022 9:00,0.09,0.01
1/19/2022 10:00,1.09,0.16
1/19/2022 11:00,3.0,0.43
1/19/2022 12:00,4.2,0.6
1/19/2022 13:00,4.42,0.63
1/19/2022 14:00,4.31,0.62
1/19/2022 15:00,3.83,0.55
1/19/2022 16:00,2.94,0.42
1/19/2022 17:00,1.51,0.22
1/19/2022 18:00,0.18,0.03
1/19/2022 19:00,0.0,0.0
1/19/2022 20:00,0.0,0.0
1/19/2022 21:00,0.0,0.0
1/19/2022 22:00,0.0,0.0
1/19/2022 23:00,0.0,0.0
1/20/2022 0:00,0.0,0.0
1/20/2022 1:00,0.0,0.0
1/20/2022 2:00,0.0,0.0
1/20/2022 3:00,0.0,0.0
1/20/2022 4:00,0.0,0.0
1/20/2022 5:00,0.0,0.0
1/20/2022 6:00,0.0,0.0
1/20/2022 7:00,0.0,0.0
1/20/2022 8:00,0.0,0.0
1/20/2022 9:00,0.08,0.01
1/20/2022 10:00,1.15,0.16
1/20/2022 11:00,3.13,0.45
1/20/2022 12:00,4.32,0.62
1/20/2022 13:00,4.69,0.67
1/20/2022 14:00,4.57,0.65
1/20/2022 15:00,4.0,0.57
1/20/2022 16:00,3.01,0.43
1/20/2022 17:00,1.57,0.22
1/20/2022 18:00,0.23,0.03
1/20/2022 19:00,0.0,0.0
1/20/2022 20:00,0.0,0.0
1/20/2022 21:00,0.0,0.0
1/20/2022 22:00,0.0,0.0
1/20/2022 23:00,0.0,0.0
1/21/2022 0:00,0.0,0.0
1/21/2022 1:00,0.0,0.0
1/21/2022 2:00,0.0,0.0
1/21/2022 3:00,0.0,0.0
1/21/2022 4:00,0.0,0.0
1/21/2022 5:00,0.0,0.0
1/21/2022 6:00,0.0,0.0
1/21/2022 7:00,0.0,0.0
1/21/2022 8:00,0.0,0.0
1/21/2022 9:00,0.08,0.01
1/21/2022 10:00,1.18,0.17
1/21/2022 11:00,3.06,0.44
1/21/2022 12:00,4.41,0.63
1/21/2022 13:00,4.74,0.68
1/21/2022 14:00,4.54,0.65
1/21/2022 15:00,3.97,0.57
1/21/2022 16:00,2.95,0.42
1/21/2022 17:00,1.6,0.23
1/21/2022 18:00,0.25,0.04
1/21/2022 19:00,0.0,0.0
1/21/2022 20:00,0.0,0.0
1/21/2022 21:00,0.0,0.0
1/21/2022 22:00,0.0,0.0
1/21/2022 23:00,0.0,0.0
1/22/2022 0:00,0.0,0.0
1/22/2022 1:00,0.0,0.0
1/22/2022 2:00,0.0,0.0
1/22/2022 3:00,0.0,0.0
1/22/2022 4:00,0.0,0.0
1/22/2022 5:00,0.0,0.0
1/22/2022 6:00,0.0,0.0
1/22/2022 7:00,0.0,0.0
1/22/2022 8:00,0.0,0.0
1/22/2022 9:00,0.09,0.01
1/22/2022 10:00,1.23,0.18
1/22/2022 11:00,3.13,0.45
1/22/2022 12:00,4.45,0.64
1/22/2022 13:00,4.77,0.68
1/22/2022 14:00,4.58,0.65
1/22/2022 15:00,4.02,0.57
1/22/2022 16:00,3.03,0.43
1/22/2022 17:00,1.5,0.21
1/22/2022 18:00,0.15,0.02
1/22/2022 19:00,0.0,0.0
1/22/2022 20:00,0.0,0.0
1/22/2022 21:00,0.0,0.0
1/22/2022 22:00,0.0,0.0
1/22/2022 23:00,0.0,0.0
1/23/2022 0:00,0.0,0.0
1/23/2022 1:00,0.0,0.0
1/23/2022 2:00,0.0,0.0
1/23/2022 3:00,0.0,0.0
1/23/2022 4:00,0.0,0.0
1/23/2022 5:00,0.0,0.0
1/23/2022 6:00,0.0,0.0
1/23/2022 7:00,0.0,0.0
1/23/2022 8:00,0.0,0.0
1/23/2022 9:00,0.28,0.04
1/23/2022 10:00,1.17,0.17
1/23/2022 11:00,1.83,0.26
1/23/2022 12:00,3.51,0.5
1/23/2022 13:00,4.1,0.59
1/23/2022 14:00,4.05,0.58
1/23/2022 15:00,3.46,0.49
1/23/2022 16:00,2.01,0.29
1/23/2022 17:00,0.55,0.08
1/23/2022 18:00,0.05,0.01
1/23/2022 19:00,0.0,0.0
1/23/2022 20:00,0.0,0.0
1/23/2022 21:00,0.0,0.0
1/23/2022 22:00,0.0,0.0
1/23/2022 23:00,0.0,0.0
1/24/2022 0:00,0.0,0.0
1/24/2022 1:00,0.0,0.0
1/24/2022 2:00,0.0,0.0
1/24/2022 3:00,0.0,0.0
1/24/2022 4:00,0.0,0.0
1/24/2022 5:00,0.0,0.0
1/24/2022 6:00,0.0,0.0
1/24/2022 7:00,0.0,0.0
1/24/2022 8:00,0.0,0.0
1/24/2022 9:00,0.28,0.04
1/24/2022 10:00,1.24,0.18
1/24/2022 11:00,2.52,0.36
1/24/2022 12:00,3.78,0.54
1/24/2022 13:00,4.07,0.58
1/24/2022 14:00,3.94,0.56
1/24/2022 15:00,3.36,0.48
1/24/2022 16:00,2.38,0.34
1/24/2022 17:00,1.14,0.16
1/24/2022 18:00,0.09,0.01
1/24/2022 19:00,0.0,0.0
1/24/2022 20:00,0.0,0.0
1/24/2022 21:00,0.0,0.0
1/24/2022 22:00,0.0,0.0
1/24/2022 23:00,0.0,0.0
1/25/2022 0:00,0.0,0.0
1/25/2022 1:00,0.0,0.0
1/25/2022 2:00,0.0,0.0
1/25/2022 3:00,0.0,0.0
1/25/2022 4:00,0.0,0.0
1/25/2022 5:00,0.0,0.0
1/25/2022 6:00,0.0,0.0
1/25/2022 7:00,0.0,0.0
1/25/2022 8:00,0.0,0.0
1/25/2022 9:00,0.23,0.03
1/25/2022 10:00,1.28,0.18
1/25/2022 11:00,2.81,0.4
1/25/2022 12:00,4.09,0.58
1/25/2022 13:00,4.4,0.63
1/25/2022 14:00,4.34,0.62
1/25/2022 15:00,3.87,0.55
1/25/2022 16:00,2.93,0.42
1/25/2022 17:00,1.57,0.22
1/25/2022 18:00,0.24,0.03
1/25/2022 19:00,0.0,0.0
1/25/2022 20:00,0.0,0.0
1/25/2022 21:00,0.0,0.0
1/25/2022 22:00,0.0,0.0
1/25/2022 23:00,0.0,0.0
1/26/2022 0:00,0.0,0.0
1/26/2022 1:00,0.0,0.0
1/26/2022 2:00,0.0,0.0
1/26/2022 3:00,0.0,0.0
1/26/2022 4:00,0.0,0.0
1/26/2022 5:00,0.0,0.0
1/26/2022 6:00,0.0,0.0
1/26/2022 7:00,0.0,0.0
1/26/2022 8:00,0.0,0.0
1/26/2022 9:00,0.14,0.02
1/26/2022 10:00,0.58,0.08
1/26/2022 11:00,1.17,0.17
1/26/2022 12:00,2.25,0.32
1/26/2022 13:00,4.04,0.58
1/26/2022 14:00,4.34,0.62
1/26/2022 15:00,3.79,0.54
1/26/2022 16:00,2.71,0.39
1/26/2022 17:00,1.34,0.19
1/26/2022 18:00,0.22,0.03
1/26/2022 19:00,0.0,0.0
1/26/2022 20:00,0.0,0.0
1/26/2022 21:00,0.0,0.0
1/26/2022 22:00,0.0,0.0
1/26/2022 23:00,0.0,0.0
1/27/2022 0:00,0.0,0.0
1/27/2022 1:00,0.0,0.0
1/27/2022 2:00,0.0,0.0
1/27/2022 3:00,0.0,0.0
1/27/2022 4:00,0.0,0.0
1/27/2022 5:00,0.0,0.0
1/27/2022 6:00,0.0,0.0
1/27/2022 7:00,0.0,0.0
1/27/2022 8:00,0.0,0.0
1/27/2022 9:00,0.35,0.05
1/27/2022 10:00,1.53,0.22
1/27/2022 11:00,2.88,0.41
1/27/2022 12:00,3.81,0.54
1/27/2022 13:00,4.42,0.63
1/27/2022 14:00,4.32,0.62
1/27/2022 15:00,3.77,0.54
1/27/2022 16:00,2.82,0.4
1/27/2022 17:00,1.46,0.21
1/27/2022 18:00,0.23,0.03
1/27/2022 19:00,0.0,0.0
1/27/2022 20:00,0.0,0.0
1/27/2022 21:00,0.0,0.0
1/27/2022 22:00,0.0,0.0
1/27/2022 23:00,0.0,0.0
1/28/2022 0:00,0.0,0.0
1/28/2022 1:00,0.0,0.0
1/28/2022 2:00,0.0,0.0
1/28/2022 3:00,0.0,0.0
1/28/2022 4:00,0.0,0.0
1/28/2022 5:00,0.0,0.0
1/28/2022 6:00,0.0,0.0
1/28/2022 7:00,0.0,0.0
1/28/2022 8:00,0.0,0.0
1/28/2022 9:00,0.17,0.02
1/28/2022 10:00,1.39,0.2
1/28/2022 11:00,3.07,0.44
1/28/2022 12:00,4.23,0.6
1/28/2022 13:00,4.57,0.65
1/28/2022 14:00,4.45,0.64
1/28/2022 15:00,3.98,0.57
1/28/2022 16:00,3.0,0.43
1/28/2022 17:00,1.64,0.23
1/28/2022 18:00,0.27,0.04
1/28/2022 19:00,0.0,0.0
1/28/2022 20:00,0.0,0.0
1/28/2022 21:00,0.0,0.0
1/28/2022 22:00,0.0,0.0
1/28/2022 23:00,0.0,0.0
1/29/2022 0:00,0.0,0.0
1/29/2022 1:00,0.0,0.0
1/29/2022 2:00,0.0,0.0
1/29/2022 3:00,0.0,0.0
1/29/2022 4:00,0.0,0.0
1/29/2022 5:00,0.0,0.0
1/29/2022 6:00,0.0,0.0
1/29/2022 7:00,0.0,0.0
1/29/2022 8:00,0.0,0.0
1/29/2022 9:00,0.25,0.04
1/29/2022 10:00,1.37,0.2
1/29/2022 11:00,2.85,0.41
1/29/2022 12:00,4.02,0.57
1/29/2022 13:00,4.29,0.61
1/29/2022 14:00,4.05,0.58
1/29/2022 15:00,3.38,0.48
1/29/2022 16:00,2.43,0.35
1/29/2022 17:00,1.26,0.18
1/29/2022 18:00,0.19,0.03
1/29/2022 19:00,0.0,0.0
1/29/2022 20:00,0.0,0.0
1/29/2022 21:00,0.0,0.0
1/29/2022 22:00,0.0,0.0
1/29/2022 23:00,0.0,0.0
1/30/2022 0:00,0.0,0.0
1/30/2022 1:00,0.0,0.0
1/30/2022 2:00,0.0,0.0
1/30/2022 3:00,0.0,0.0
1/30/2022 4:00,0.0,0.0
1/30/2022 5:00,0.0,0.0
1/30/2022 6:00,0.0,0.0
1/30/2022 7:00,0.0,0.0
1/30/2022 8:00,0.0,0.0
1/30/2022 9:00,0.33,0.05
1/30/2022 10:00,1.27,0.18
1/30/2022 11:00,1.71,0.24
1/30/2022 12:00,1.17,0.17
1/30/2022 13:00,2.34,0.33
1/30/2022 14:00,3.89,0.56
1/30/2022 15:00,3.24,0.46
1/30/2022 16:00,2.21,0.32
1/30/2022 17:00,1.05,0.15
1/30/2022 18:00,0.15,0.02
1/30/2022 19:00,0.0,0.0
1/30/2022 20:00,0.0,0.0
1/30/2022 21:00,0.0,0.0
1/30/2022 22:00,0.0,0.0
1/30/2022 23:00,0.0,0.0
1/31/2022 0:00,0.0,0.0
1/31/2022 1:00,0.0,0.0
1/31/2022 2:00,0.0,0.0
1/31/2022 3:00,0.0,0.0
1/31/2022 4:00,0.0,0.0
1/31/2022 5:00,0.0,0.0
1/31/2022 6:00,0.0,0.0
1/31/2022 7:00,0.0,0.0
1/31/2022 8:00,0.0,0.0
1/31/2022 9:00,0.34,0.05
1/31/2022 10:00,1.39,0.2
1/31/2022 11:00,2.77,0.4
1/31/2022 12:00,3.88,0.55
1/31/2022 13:00,4.24,0.61
1/31/2022 14:00,4.1,0.59
1/31/2022 15:00,3.56,0.51
1/31/2022 16:00,2.6,0.37
1/31/2022 17:00,1.38,0.2
1/31/2022 18:00,0.22,0.03
1/31/2022 19:00,0.0,0.0
1/31/2022 20:00,0.0,0.0
1/31/2022 21:00,0.0,0.0
1/31/2022 22:00,0.0,0.0
1/31/2022 23:00,0.0,0.0
2/1/2022 0:00,0.0,0.0
2/1/2022 1:00,0.0,0.0
2/1/2022 2:00,0.0,0.0
2/1/2022 3:00,0.0,0.0
2/1/2022 4:00,0.0,0.0
2/1/2022 5:00,0.0,0.0
2/1/2022 6:00,0.0,0.0
2/1/2022 7:00,0.0,0.0
2/1/2022 8:00,0.0,0.0
2/1/2022 9:00,0.1,0.01
2/1/2022 10:00,1.6,0.23
2/1/2022 11:00,3.4,0.49
2/1/2022 12:00,4.54,0.65
2/1/2022 13:00,4.81,0.69
2/1/2022 14:00,4.68,0.67
2/1/2022 15:00,4.12,0.59
2/1/2022 16:00,3.23,0.46
2/1/2022 17:00,1.9,0.27
2/1/2022 18:00,0.45,0.06
2/1/2022 19:00,0.0,0.0
2/1/2022 20:00,0.0,0.0
2/1/2022 21:00,0.0,0.0
2/1/2022 22:00,0.0,0.0
2/1/2022 23:00,0.0,0.0
2/2/2022 0:00,0.0,0.0
2/2/2022 1:00,0.0,0.0
2/2/2022 2:00,0.0,0.0
2/2/2022 3:00,0.0,0.0
2/2/2022 4:00,0.0,0.0
2/2/2022 5:00,0.0,0.0
2/2/2022 6:00,0.0,0.0
2/2/2022 7:00,0.0,0.0
2/2/2022 8:00,0.0,0.0
2/2/2022 9:00,0.1,0.01
2/2/2022 10:00,1.63,0.23
2/2/2022 11:00,3.47,0.5
2/2/2022 12:00,4.48,0.64
2/2/2022 13:00,4.78,0.68
2/2/2022 14:00,4.6,0.66
2/2/2022 15:00,4.02,0.57
2/2/2022 16:00,2.87,0.41
2/2/2022 17:00,1.44,0.21
2/2/2022 18:00,0.17,0.02
2/2/2022 19:00,0.0,0.0
2/2/2022 20:00,0.0,0.0
2/2/2022 21:00,0.0,0.0
2/2/2022 22:00,0.0,0.0
2/2/2022 23:00,0.0,0.0
2/3/2022 0:00,0.0,0.0
2/3/2022 1:00,0.0,0.0
2/3/2022 2:00,0.0,0.0
2/3/2022 3:00,0.0,0.0
2/3/2022 4:00,0.0,0.0
2/3/2022 5:00,0.0,0.0
2/3/2022 6:00,0.0,0.0
2/3/2022 7:00,0.0,0.0
2/3/2022 8:00,0.01,0.0
2/3/2022 9:00,0.33,0.05
2/3/2022 10:00,0.91,0.13
2/3/2022 11:00,1.31,0.19
2/3/2022 12:00,2.02,0.29
2/3/2022 13:00,2.51,0.36
2/3/2022 14:00,2.1,0.3
2/3/2022 15:00,2.16,0.31
2/3/2022 16:00,1.68,0.24
2/3/2022 17:00,1.16,0.17
2/3/2022 18:00,0.11,0.02
2/3/2022 19:00,0.0,0.0
2/3/2022 20:00,0.0,0.0
2/3/2022 21:00,0.0,0.0
2/3/2022 22:00,0.0,0.0
2/3/2022 23:00,0.0,0.0
2/4/2022 0:00,0.0,0.0
2/4/2022 1:00,0.0,0.0
2/4/2022 2:00,0.0,0.0
2/4/2022 3:00,0.0,0.0
2/4/2022 4:00,0.0,0.0
2/4/2022 5:00,0.0,0.0
2/4/2022 6:00,0.0,0.0
2/4/2022 7:00,0.0,0.0
2/4/2022 8:00,0.0,0.0
2/4/2022 9:00,0.26,0.04
2/4/2022 10:00,0.69,0.1
2/4/2022 11:00,1.78,0.25
2/4/2022 12:00,1.66,0.24
2/4/2022 13:00,2.17,0.31
2/4/2022 14:00,1.64,0.23
2/4/2022 15:00,1.36,0.19
2/4/2022 16:00,0.89,0.13
2/4/2022 17:00,0.53,0.08
2/4/2022 18:00,0.13,0.02
2/4/2022 19:00,0.0,0.0
2/4/2022 20:00,0.0,0.0
2/4/2022 21:00,0.0,0.0
2/4/2022 22:00,0.0,0.0
2/4/2022 23:00,0.0,0.0
2/5/2022 0:00,0.0,0.0
2/5/2022 1:00,0.0,0.0
2/5/2022 2:00,0.0,0.0
2/5/2022 3:00,0.0,0.0
2/5/2022 4:00,0.0,0.0
2/5/2022 5:00,0.0,0.0
2/5/2022 6:00,0.0,0.0
2/5/2022 7:00,0.0,0.0
2/5/2022 8:00,0.0,0.0
2/5/2022 9:00,0.29,0.04
2/5/2022 10:00,1.67,0.24
2/5/2022 11:00,3.43,0.49
2/5/2022 12:00,4.53,0.65
2/5/2022 13:00,4.75,0.68
2/5/2022 14:00,4.59,0.66
2/5/2022 15:00,4.07,0.58
2/5/2022 16:00,3.16,0.45
2/5/2022 17:00,1.85,0.26
2/5/2022 18:00,0.43,0.06
2/5/2022 19:00,0.0,0.0
2/5/2022 20:00,0.0,0.0
2/5/2022 21:00,0.0,0.0
2/5/2022 22:00,0.0,0.0
2/5/2022 23:00,0.0,0.0
2/6/2022 0:00,0.0,0.0
2/6/2022 1:00,0.0,0.0
2/6/2022 2:00,0.0,0.0
2/6/2022 3:00,0.0,0.0
2/6/2022 4:00,0.0,0.0
2/6/2022 5:00,0.0,0.0
2/6/2022 6:00,0.0,0.0
2/6/2022 7:00,0.0,0.0
2/6/2022 8:00,0.0,0.0
2/6/2022 9:00,0.34,0.05
2/6/2022 10:00,1.69,0.24
2/6/2022 11:00,3.44,0.49
2/6/2022 12:00,4.4,0.63
2/6/2022 13:00,4.65,0.66
2/6/2022 14:00,4.55,0.65
2/6/2022 15:00,4.08,0.58
2/6/2022 16:00,3.19,0.46
2/6/2022 17:00,1.92,0.27
2/6/2022 18:00,0.48,0.07
2/6/2022 19:00,0.0,0.0
2/6/2022 20:00,0.0,0.0
2/6/2022 21:00,0.0,0.0
2/6/2022 22:00,0.0,0.0
2/6/2022 23:00,0.0,0.0
2/7/2022 0:00,0.0,0.0
2/7/2022 1:00,0.0,0.0
2/7/2022 2:00,0.0,0.0
2/7/2022 3:00,0.0,0.0
2/7/2022 4:00,0.0,0.0
2/7/2022 5:00,0.0,0.0
2/7/2022 6:00,0.0,0.0
2/7/2022 7:00,0.0,0.0
2/7/2022 8:00,0.0,0.0
2/7/2022 9:00,0.31,0.04
2/7/2022 10:00,1.61,0.23
2/7/2022 11:00,3.54,0.51
2/7/2022 12:00,4.42,0.63
2/7/2022 13:00,4.71,0.67
2/7/2022 14:00,4.59,0.66
2/7/2022 15:00,4.02,0.57
2/7/2022 16:00,3.18,0.45
2/7/2022 17:00,1.87,0.27
2/7/2022 18:00,0.4,0.06
2/7/2022 19:00,0.0,0.0
2/7/2022 20:00,0.0,0.0
2/7/2022 21:00,0.0,0.0
2/7/2022 22:00,0.0,0.0
2/7/2022 23:00,0.0,0.0
2/8/2022 0:00,0.0,0.0
2/8/2022 1:00,0.0,0.0
2/8/2022 2:00,0.0,0.0
2/8/2022 3:00,0.0,0.0
2/8/2022 4:00,0.0,0.0
2/8/2022 5:00,0.0,0.0
2/8/2022 6:00,0.0,0.0
2/8/2022 7:00,0.0,0.0
2/8/2022 8:00,0.0,0.0
2/8/2022 9:00,0.32,0.05
2/8/2022 10:00,1.94,0.28
2/8/2022 11:00,3.74,0.53
2/8/2022 12:00,4.65,0.66
2/8/2022 13:00,4.87,0.7
2/8/2022 14:00,4.72,0.67
2/8/2022 15:00,4.15,0.59
2/8/2022 16:00,3.21,0.46
2/8/2022 17:00,1.87,0.27
2/8/2022 18:00,0.46,0.07
2/8/2022 19:00,0.0,0.0
2/8/2022 20:00,0.0,0.0
2/8/2022 21:00,0.0,0.0
2/8/2022 22:00,0.0,0.0
2/8/2022 23:00,0.0,0.0
2/9/2022 0:00,0.0,0.0
2/9/2022 1:00,0.0,0.0
2/9/2022 2:00,0.0,0.0
2/9/2022 3:00,0.0,0.0
2/9/2022 4:00,0.0,0.0
2/9/2022 5:00,0.0,0.0
2/9/2022 6:00,0.0,0.0
2/9/2022 7:00,0.0,0.0
2/9/2022 8:00,0.02,0.0
2/9/2022 9:00,0.5,0.07
2/9/2022 10:00,1.7,0.24
2/9/2022 11:00,3.3,0.47
2/9/2022 12:00,4.26,0.61
2/9/2022 13:00,4.47,0.64
2/9/2022 14:00,4.3,0.61
2/9/2022 15:00,3.79,0.54
2/9/2022 16:00,2.81,0.4
2/9/2022 17:00,1.51,0.22
2/9/2022 18:00,0.29,0.04
2/9/2022 19:00,0.0,0.0
2/9/2022 20:00,0.0,0.0
2/9/2022 21:00,0.0,0.0
2/9/2022 22:00,0.0,0.0
2/9/2022 23:00,0.0,0.0
2/10/2022 0:00,0.0,0.0
2/10/2022 1:00,0.0,0.0
2/10/2022 2:00,0.0,0.0
2/10/2022 3:00,0.0,0.0
2/10/2022 4:00,0.0,0.0
2/10/2022 5:00,0.0,0.0
2/10/2022 6:00,0.0,0.0
2/10/2022 7:00,0.0,0.0
2/10/2022 8:00,0.02,0.0
2/10/2022 9:00,0.51,0.07
2/10/2022 10:00,0.83,0.12
2/10/2022 11:00,1.18,0.17
2/10/2022 12:00,2.57,0.37
2/10/2022 13:00,3.46,0.49
2/10/2022 14:00,1.99,0.28
2/10/2022 15:00,1.26,0.18
2/10/2022 16:00,0.96,0.14
2/10/2022 17:00,0.48,0.07
2/10/2022 18:00,0.15,0.02
2/10/2022 19:00,0.0,0.0
2/10/2022 20:00,0.0,0.0
2/10/2022 21:00,0.0,0.0
2/10/2022 22:00,0.0,0.0
2/10/2022 23:00,0.0,0.0
2/11/2022 0:00,0.0,0.0
2/11/2022 1:00,0.0,0.0
2/11/2022 2:00,0.0,0.0
2/11/2022 3:00,0.0,0.0
2/11/2022 4:00,0.0,0.0
2/11/2022 5:00,0.0,0.0
2/11/2022 6:00,0.0,0.0
2/11/2022 7:00,0.0,0.0
2/11/2022 8:00,0.02,0.0
2/11/2022 9:00,0.52,0.07
2/11/2022 10:00,1.8,0.26
2/11/2022 11:00,3.32,0.47
2/11/2022 12:00,4.16,0.59
2/11/2022 13:00,4.36,0.62
2/11/2022 14:00,4.34,0.62
2/11/2022 15:00,3.85,0.55
2/11/2022 16:00,2.65,0.38
2/11/2022 17:00,1.24,0.18
2/11/2022 18:00,0.23,0.03
2/11/2022 19:00,0.0,0.0
2/11/2022 20:00,0.0,0.0
2/11/2022 21:00,0.0,0.0
2/11/2022 22:00,0.0,0.0
2/11/2022 23:00,0.0,0.0
2/12/2022 0:00,0.0,0.0
2/12/2022 1:00,0.0,0.0
2/12/2022 2:00,0.0,0.0
2/12/2022 3:00,0.0,0.0
2/12/2022 4:00,0.0,0.0
2/12/2022 5:00,0.0,0.0
2/12/2022 6:00,0.0,0.0
2/12/2022 7:00,0.0,0.0
2/12/2022 8:00,0.0,0.0
2/12/2022 9:00,0.29,0.04
2/12/2022 10:00,1.03,0.15
2/12/2022 11:00,1.79,0.26
2/12/2022 12:00,1.53,0.22
2/12/2022 13:00,0.89,0.13
2/12/2022 14:00,1.14,0.16
2/12/2022 15:00,1.25,0.18
2/12/2022 16:00,1.12,0.16
2/12/2022 17:00,0.9,0.13
2/12/2022 18:00,0.51,0.07
2/12/2022 19:00,0.0,0.0
2/12/2022 20:00,0.0,0.0
2/12/2022 21:00,0.0,0.0
2/12/2022 22:00,0.0,0.0
2/12/2022 23:00,0.0,0.0
2/13/2022 0:00,0.0,0.0
2/13/2022 1:00,0.0,0.0
2/13/2022 2:00,0.0,0.0
2/13/2022 3:00,0.0,0.0
2/13/2022 4:00,0.0,0.0
2/13/2022 5:00,0.0,0.0
2/13/2022 6:00,0.0,0.0
2/13/2022 7:00,0.0,0.0
2/13/2022 8:00,0.02,0.0
2/13/2022 9:00,0.36,0.05
2/13/2022 10:00,1.36,0.19
2/13/2022 11:00,1.69,0.24
2/13/2022 12:00,1.92,0.27
2/13/2022 13:00,1.23,0.18
2/13/2022 14:00,0.6,0.09
2/13/2022 15:00,0.8,0.11
2/13/2022 16:00,1.01,0.14
2/13/2022 17:00,0.53,0.08
2/13/2022 18:00,0.11,0.02
2/13/2022 19:00,0.0,0.0
2/13/2022 20:00,0.0,0.0
2/13/2022 21:00,0.0,0.0
2/13/2022 22:00,0.0,0.0
2/13/2022 23:00,0.0,0.0
2/14/2022 0:00,0.0,0.0
2/14/2022 1:00,0.0,0.0
2/14/2022 2:00,0.0,0.0
2/14/2022 3:00,0.0,0.0
2/14/2022 4:00,0.0,0.0
2/14/2022 5:00,0.0,0.0
2/14/2022 6:00,0.0,0.0
2/14/2022 7:00,0.0,0.0
2/14/2022 8:00,0.03,0.0
2/14/2022 9:00,0.68,0.1
2/14/2022 10:00,2.19,0.31
2/14/2022 11:00,3.3,0.47
2/14/2022 12:00,4.54,0.65
2/14/2022 13:00,2.78,0.4
2/14/2022 14:00,4.05,0.58
2/14/2022 15:00,1.81,0.26
2/14/2022 16:00,1.93,0.28
2/14/2022 17:00,1.22,0.17
2/14/2022 18:00,0.46,0.07
2/14/2022 19:00,0.0,0.0
2/14/2022 20:00,0.0,0.0
2/14/2022 21:00,0.0,0.0
2/14/2022 22:00,0.0,0.0
2/14/2022 23:00,0.0,0.0
2/15/2022 0:00,0.0,0.0
2/15/2022 1:00,0.0,0.0
2/15/2022 2:00,0.0,0.0
2/15/2022 3:00,0.0,0.0
2/15/2022 4:00,0.0,0.0
2/15/2022 5:00,0.0,0.0
2/15/2022 6:00,0.0,0.0
2/15/2022 7:00,0.0,0.0
2/15/2022 8:00,0.02,0.0
2/15/2022 9:00,0.75,0.11
2/15/2022 10:00,2.42,0.35
2/15/2022 11:00,4.02,0.57
2/15/2022 12:00,4.8,0.69
2/15/2022 13:00,4.54,0.65
2/15/2022 14:00,4.44,0.63
2/15/2022 15:00,4.5,0.64
2/15/2022 16:00,2.35,0.34
2/15/2022 17:00,1.61,0.23
2/15/2022 18:00,0.39,0.06
2/15/2022 19:00,0.0,0.0
2/15/2022 20:00,0.0,0.0
2/15/2022 21:00,0.0,0.0
2/15/2022 22:00,0.0,0.0
2/15/2022 23:00,0.0,0.0
2/16/2022 0:00,0.0,0.0
2/16/2022 1:00,0.0,0.0
2/16/2022 2:00,0.0,0.0
2/16/2022 3:00,0.0,0.0
2/16/2022 4:00,0.0,0.0
2/16/2022 5:00,0.0,0.0
2/16/2022 6:00,0.0,0.0
2/16/2022 7:00,0.0,0.0
2/16/2022 8:00,0.02,0.0
2/16/2022 9:00,0.76,0.11
2/16/2022 10:00,2.05,0.29
2/16/2022 11:00,2.75,0.39
2/16/2022 12:00,3.18,0.45
2/16/2022 13:00,2.74,0.39
2/16/2022 14:00,1.23,0.18
2/16/2022 15:00,1.17,0.17
2/16/2022 16:00,1.21,0.17
2/16/2022 17:00,0.64,0.09
2/16/2022 18:00,0.29,0.04
2/16/2022 19:00,0.0,0.0
2/16/2022 20:00,0.0,0.0
2/16/2022 21:00,0.0,0.0
2/16/2022 22:00,0.0,0.0
2/16/2022 23:00,0.0,0.0
2/17/2022 0:00,0.0,0.0
2/17/2022 1:00,0.0,0.0
2/17/2022 2:00,0.0,0.0
2/17/2022 3:00,0.0,0.0
2/17/2022 4:00,0.0,0.0
2/17/2022 5:00,0.0,0.0
2/17/2022 6:00,0.0,0.0
2/17/2022 7:00,0.0,0.0
2/17/2022 8:00,0.06,0.01
2/17/2022 9:00,0.43,0.06
2/17/2022 10:00,0.65,0.09
2/17/2022 11:00,1.55,0.22
2/17/2022 12:00,2.33,0.33
2/17/2022 13:00,2.85,0.41
2/17/2022 14:00,3.27,0.47
2/17/2022 15:00,3.95,0.56
2/17/2022 16:00,3.47,0.5
2/17/2022 17:00,2.22,0.32
2/17/2022 18:00,0.65,0.09
2/17/2022 19:00,0.0,0.0
2/17/2022 20:00,0.0,0.0
2/17/2022 21:00,0.0,0.0
2/17/2022 22:00,0.0,0.0
2/17/2022 23:00,0.0,0.0
2/18/2022 0:00,0.0,0.0
2/18/2022 1:00,0.0,0.0
2/18/2022 2:00,0.0,0.0
2/18/2022 3:00,0.0,0.0
2/18/2022 4:00,0.0,0.0
2/18/2022 5:00,0.0,0.0
2/18/2022 6:00,0.0,0.0
2/18/2022 7:00,0.0,0.0
2/18/2022 8:00,0.04,0.01
2/18/2022 9:00,0.55,0.08
2/18/2022 10:00,1.48,0.21
2/18/2022 11:00,1.52,0.22
2/18/2022 12:00,2.0,0.29
2/18/2022 13:00,1.14,0.16
2/18/2022 14:00,1.98,0.28
2/18/2022 15:00,3.47,0.5
2/18/2022 16:00,2.94,0.42
2/18/2022 17:00,0.86,0.12
2/18/2022 18:00,0.17,0.02
2/18/2022 19:00,0.0,0.0
2/18/2022 20:00,0.0,0.0
2/18/2022 21:00,0.0,0.0
2/18/2022 22:00,0.0,0.0
2/18/2022 23:00,0.0,0.0
2/19/2022 0:00,0.0,0.0
2/19/2022 1:00,0.0,0.0
2/19/2022 2:00,0.0,0.0
2/19/2022 3:00,0.0,0.0
2/19/2022 4:00,0.0,0.0
2/19/2022 5:00,0.0,0.0
2/19/2022 6:00,0.0,0.0
2/19/2022 7:00,0.0,0.0
2/19/2022 8:00,0.02,0.0
2/19/2022 9:00,1.11,0.16
2/19/2022 10:00,2.72,0.39
2/19/2022 11:00,4.31,0.62
2/19/2022 12:00,5.05,0.72
2/19/2022 13:00,5.35,0.76
2/19/2022 14:00,5.18,0.74
2/19/2022 15:00,4.64,0.66
2/19/2022 16:00,3.67,0.52
2/19/2022 17:00,2.29,0.33
2/19/2022 18:00,0.73,0.1
2/19/2022 19:00,0.01,0.0
2/19/2022 20:00,0.0,0.0
2/19/2022 21:00,0.0,0.0
2/19/2022 22:00,0.0,0.0
2/19/2022 23:00,0.0,0.0
2/20/2022 0:00,0.0,0.0
2/20/2022 1:00,0.0,0.0
2/20/2022 2:00,0.0,0.0
2/20/2022 3:00,0.0,0.0
2/20/2022 4:00,0.0,0.0
2/20/2022 5:00,0.0,0.0
2/20/2022 6:00,0.0,0.0
2/20/2022 7:00,0.0,0.0
2/20/2022 8:00,0.02,0.0
2/20/2022 9:00,1.2,0.17
2/20/2022 10:00,2.79,0.4
2/20/2022 11:00,4.32,0.62
2/20/2022 12:00,4.95,0.71
2/20/2022 13:00,5.17,0.74
2/20/2022 14:00,5.03,0.72
2/20/2022 15:00,4.52,0.65
2/20/2022 16:00,3.63,0.52
2/20/2022 17:00,2.34,0.33
2/20/2022 18:00,0.8,0.11
2/20/2022 19:00,0.02,0.0
2/20/2022 20:00,0.0,0.0
2/20/2022 21:00,0.0,0.0
2/20/2022 22:00,0.0,0.0
2/20/2022 23:00,0.0,0.0
2/21/2022 0:00,0.0,0.0
2/21/2022 1:00,0.0,0.0
2/21/2022 2:00,0.0,0.0
2/21/2022 3:00,0.0,0.0
2/21/2022 4:00,0.0,0.0
2/21/2022 5:00,0.0,0.0
2/21/2022 6:00,0.0,0.0
2/21/2022 7:00,0.0,0.0
2/21/2022 8:00,0.03,0.0
2/21/2022 9:00,1.11,0.16
2/21/2022 10:00,2.82,0.4
2/21/2022 11:00,4.32,0.62
2/21/2022 12:00,4.93,0.7
2/21/2022 13:00,5.1,0.73
2/21/2022 14:00,4.92,0.7
2/21/2022 15:00,4.51,0.64
2/21/2022 16:00,3.57,0.51
2/21/2022 17:00,2.34,0.33
2/21/2022 18:00,0.8,0.11
2/21/2022 19:00,0.01,0.0
2/21/2022 20:00,0.0,0.0
2/21/2022 21:00,0.0,0.0
2/21/2022 22:00,0.0,0.0
2/21/2022 23:00,0.0,0.0
2/22/2022 0:00,0.0,0.0
2/22/2022 1:00,0.0,0.0
2/22/2022 2:00,0.0,0.0
2/22/2022 3:00,0.0,0.0
2/22/2022 4:00,0.0,0.0
2/22/2022 5:00,0.0,0.0
2/22/2022 6:00,0.0,0.0
2/22/2022 7:00,0.0,0.0
2/22/2022 8:00,0.02,0.0
2/22/2022 9:00,1.34,0.19
2/22/2022 10:00,2.92,0.42
2/22/2022 11:00,4.37,0.62
2/22/2022 12:00,5.01,0.72
2/22/2022 13:00,5.19,0.74
2/22/2022 14:00,5.0,0.71
2/22/2022 15:00,4.53,0.65
2/22/2022 16:00,3.66,0.52
2/22/2022 17:00,2.37,0.34
2/22/2022 18:00,0.75,0.11
2/22/2022 19:00,0.01,0.0
2/22/2022 20:00,0.0,0.0
2/22/2022 21:00,0.0,0.0
2/22/2022 22:00,0.0,0.0
2/22/2022 23:00,0.0,0.0
2/23/2022 0:00,0.0,0.0
2/23/2022 1:00,0.0,0.0
2/23/2022 2:00,0.0,0.0
2/23/2022 3:00,0.0,0.0
2/23/2022 4:00,0.0,0.0
2/23/2022 5:00,0.0,0.0
2/23/2022 6:00,0.0,0.0
2/23/2022 7:00,0.0,0.0
2/23/2022 8:00,0.05,0.01
2/23/2022 9:00,0.47,0.07
2/23/2022 10:00,1.03,0.15
2/23/2022 11:00,1.87,0.27
2/23/2022 12:00,2.37,0.34
2/23/2022 13:00,2.2,0.31
2/23/2022 14:00,3.88,0.55
2/23/2022 15:00,3.86,0.55
2/23/2022 16:00,3.57,0.51
2/23/2022 17:00,2.3,0.33
2/23/2022 18:00,0.63,0.09
2/23/2022 19:00,0.01,0.0
2/23/2022 20:00,0.0,0.0
2/23/2022 21:00,0.0,0.0
2/23/2022 22:00,0.0,0.0
2/23/2022 23:00,0.0,0.0
2/24/2022 0:00,0.0,0.0
2/24/2022 1:00,0.0,0.0
2/24/2022 2:00,0.0,0.0
2/24/2022 3:00,0.0,0.0
2/24/2022 4:00,0.0,0.0
2/24/2022 5:00,0.0,0.0
2/24/2022 6:00,0.0,0.0
2/24/2022 7:00,0.0,0.0
2/24/2022 8:00,0.01,0.0
2/24/2022 9:00,0.29,0.04
2/24/2022 10:00,0.6,0.09
2/24/2022 11:00,0.72,0.1
2/24/2022 12:00,1.19,0.17
2/24/2022 13:00,1.26,0.18
2/24/2022 14:00,0.64,0.09
2/24/2022 15:00,0.44,0.06
2/24/2022 16:00,0.48,0.07
2/24/2022 17:00,0.34,0.05
2/24/2022 18:00,0.28,0.04
2/24/2022 19:00,0.0,0.0
2/24/2022 20:00,0.0,0.0
2/24/2022 21:00,0.0,0.0
2/24/2022 22:00,0.0,0.0
2/24/2022 23:00,0.0,0.0
2/25/2022 0:00,0.0,0.0
2/25/2022 1:00,0.0,0.0
2/25/2022 2:00,0.0,0.0
2/25/2022 3:00,0.0,0.0
2/25/2022 4:00,0.0,0.0
2/25/2022 5:00,0.0,0.0
2/25/2022 6:00,0.0,0.0
2/25/2022 7:00,0.0,0.0
2/25/2022 8:00,0.07,0.01
2/25/2022 9:00,0.5,0.07
2/25/2022 10:00,1.15,0.16
2/25/2022 11:00,3.68,0.53
2/25/2022 12:00,4.67,0.67
2/25/2022 13:00,4.82,0.69
2/25/2022 14:00,4.56,0.65
2/25/2022 15:00,3.97,0.57
2/25/2022 16:00,3.11,0.44
2/25/2022 17:00,0.54,0.08
2/25/2022 18:00,0.3,0.04
2/25/2022 19:00,0.01,0.0
2/25/2022 20:00,0.0,0.0
2/25/2022 21:00,0.0,0.0
2/25/2022 22:00,0.0,0.0
2/25/2022 23:00,0.0,0.0
2/26/2022 0:00,0.0,0.0
2/26/2022 1:00,0.0,0.0
2/26/2022 2:00,0.0,0.0
2/26/2022 3:00,0.0,0.0
2/26/2022 4:00,0.0,0.0
2/26/2022 5:00,0.0,0.0
2/26/2022 6:00,0.0,0.0
2/26/2022 7:00,0.0,0.0
2/26/2022 8:00,0.08,0.01
2/26/2022 9:00,0.36,0.05
2/26/2022 10:00,1.56,0.22
2/26/2022 11:00,1.93,0.28
2/26/2022 12:00,2.92,0.42
2/26/2022 13:00,4.29,0.61
2/26/2022 14:00,2.14,0.31
2/26/2022 15:00,2.47,0.35
2/26/2022 16:00,0.7,0.1
2/26/2022 17:00,1.92,0.27
2/26/2022 18:00,0.55,0.08
2/26/2022 19:00,0.02,0.0
2/26/2022 20:00,0.0,0.0
2/26/2022 21:00,0.0,0.0
2/26/2022 22:00,0.0,0.0
2/26/2022 23:00,0.0,0.0
2/27/2022 0:00,0.0,0.0
2/27/2022 1:00,0.0,0.0
2/27/2022 2:00,0.0,0.0
2/27/2022 3:00,0.0,0.0
2/27/2022 4:00,0.0,0.0
2/27/2022 5:00,0.0,0.0
2/27/2022 6:00,0.0,0.0
2/27/2022 7:00,0.0,0.0
2/27/2022 8:00,0.12,0.02
2/27/2022 9:00,1.42,0.2
2/27/2022 10:00,2.96,0.42
2/27/2022 11:00,4.2,0.6
2/27/2022 12:00,4.95,0.71
2/27/2022 13:00,4.33,0.62
2/27/2022 14:00,4.78,0.68
2/27/2022 15:00,3.98,0.57
2/27/2022 16:00,2.99,0.43
2/27/2022 17:00,2.35,0.34
2/27/2022 18:00,0.81,0.12
2/27/2022 19:00,0.02,0.0
2/27/2022 20:00,0.0,0.0
2/27/2022 21:00,0.0,0.0
2/27/2022 22:00,0.0,0.0
2/27/2022 23:00,0.0,0.0
2/28/2022 0:00,0.0,0.0
2/28/2022 1:00,0.0,0.0
2/28/2022 2:00,0.0,0.0
2/28/2022 3:00,0.0,0.0
2/28/2022 4:00,0.0,0.0
2/28/2022 5:00,0.0,0.0
2/28/2022 6:00,0.0,0.0
2/28/2022 7:00,0.0,0.0
2/28/2022 8:00,0.13,0.02
2/28/2022 9:00,1.52,0.22
2/28/2022 10:00,3.09,0.44
2/28/2022 11:00,4.21,0.6
2/28/2022 12:00,4.77,0.68
2/28/2022 13:00,5.06,0.72
2/28/2022 14:00,4.58,0.65
2/28/2022 15:00,4.4,0.63
2/28/2022 16:00,3.29,0.47
2/28/2022 17:00,2.21,0.32
2/28/2022 18:00,0.6,0.09
2/28/2022 19:00,0.05,0.01
2/28/2022 20:00,0.0,0.0
2/28/2022 21:00,0.0,0.0
2/28/2022 22:00,0.0,0.0
2/28/2022 23:00,0.0,0.0
3/1/2022 0:00,0.0,0.0
3/1/2022 1:00,0.0,0.0
3/1/2022 2:00,0.0,0.0
3/1/2022 3:00,0.0,0.0
3/1/2022 4:00,0.0,0.0
3/1/2022 5:00,0.0,0.0
3/1/2022 6:00,0.0,0.0
3/1/2022 7:00,0.0,0.0
3/1/2022 8:00,0.22,0.03
3/1/2022 9:00,0.58,0.08
3/1/2022 10:00,1.64,0.23
3/1/2022 11:00,1.59,0.23
3/1/2022 12:00,2.71,0.39
3/1/2022 13:00,4.28,0.61
3/1/2022 14:00,3.78,0.54
3/1/2022 15:00,4.09,0.58
3/1/2022 16:00,3.47,0.5
3/1/2022 17:00,2.46,0.35
3/1/2022 18:00,0.9,0.13
3/1/2022 19:00,0.01,0.0
3/1/2022 20:00,0.0,0.0
3/1/2022 21:00,0.0,0.0
3/1/2022 22:00,0.0,0.0
3/1/2022 23:00,0.0,0.0
3/2/2022 0:00,0.0,0.0
3/2/2022 1:00,0.0,0.0
3/2/2022 2:00,0.0,0.0
3/2/2022 3:00,0.0,0.0
3/2/2022 4:00,0.0,0.0
3/2/2022 5:00,0.0,0.0
3/2/2022 6:00,0.0,0.0
3/2/2022 7:00,0.0,0.0
3/2/2022 8:00,0.16,0.02
3/2/2022 9:00,1.69,0.24
3/2/2022 10:00,3.27,0.47
3/2/2022 11:00,4.13,0.59
3/2/2022 12:00,4.53,0.65
3/2/2022 13:00,4.73,0.68
3/2/2022 14:00,4.91,0.7
3/2/2022 15:00,4.08,0.58
3/2/2022 16:00,3.43,0.49
3/2/2022 17:00,1.06,0.15
3/2/2022 18:00,0.68,0.1
3/2/2022 19:00,0.03,0.0
3/2/2022 20:00,0.0,0.0
3/2/2022 21:00,0.0,0.0
3/2/2022 22:00,0.0,0.0
3/2/2022 23:00,0.0,0.0
3/3/2022 0:00,0.0,0.0
3/3/2022 1:00,0.0,0.0
3/3/2022 2:00,0.0,0.0
3/3/2022 3:00,0.0,0.0
3/3/2022 4:00,0.0,0.0
3/3/2022 5:00,0.0,0.0
3/3/2022 6:00,0.0,0.0
3/3/2022 7:00,0.0,0.0
3/3/2022 8:00,0.03,0.0
3/3/2022 9:00,0.16,0.02
3/3/2022 10:00,0.87,0.12
3/3/2022 11:00,2.39,0.34
3/3/2022 12:00,3.64,0.52
3/3/2022 13:00,4.37,0.62
3/3/2022 14:00,4.63,0.66
3/3/2022 15:00,4.57,0.65
3/3/2022 16:00,2.14,0.31
3/3/2022 17:00,1.68,0.24
3/3/2022 18:00,0.67,0.1
3/3/2022 19:00,0.02,0.0
3/3/2022 20:00,0.0,0.0
3/3/2022 21:00,0.0,0.0
3/3/2022 22:00,0.0,0.0
3/3/2022 23:00,0.0,0.0
3/4/2022 0:00,0.0,0.0
3/4/2022 1:00,0.0,0.0
3/4/2022 2:00,0.0,0.0
3/4/2022 3:00,0.0,0.0
3/4/2022 4:00,0.0,0.0
3/4/2022 5:00,0.0,0.0
3/4/2022 6:00,0.0,0.0
3/4/2022 7:00,0.0,0.0
3/4/2022 8:00,0.14,0.02
3/4/2022 9:00,1.53,0.22
3/4/2022 10:00,3.56,0.51
3/4/2022 11:00,4.65,0.66
3/4/2022 12:00,5.25,0.75
3/4/2022 13:00,5.36,0.77
3/4/2022 14:00,5.43,0.78
3/4/2022 15:00,4.94,0.71
3/4/2022 16:00,3.68,0.53
3/4/2022 17:00,1.97,0.28
3/4/2022 18:00,0.59,0.08
3/4/2022 19:00,0.04,0.01
3/4/2022 20:00,0.0,0.0
3/4/2022 21:00,0.0,0.0
3/4/2022 22:00,0.0,0.0
3/4/2022 23:00,0.0,0.0
3/5/2022 0:00,0.0,0.0
3/5/2022 1:00,0.0,0.0
3/5/2022 2:00,0.0,0.0
3/5/2022 3:00,0.0,0.0
3/5/2022 4:00,0.0,0.0
3/5/2022 5:00,0.0,0.0
3/5/2022 6:00,0.0,0.0
3/5/2022 7:00,0.0,0.0
3/5/2022 8:00,0.08,0.01
3/5/2022 9:00,0.7,0.1
3/5/2022 10:00,2.95,0.42
3/5/2022 11:00,2.66,0.38
3/5/2022 12:00,2.56,0.37
3/5/2022 13:00,2.04,0.29
3/5/2022 14:00,0.83,0.12
3/5/2022 15:00,1.05,0.15
3/5/2022 16:00,0.95,0.14
3/5/2022 17:00,0.45,0.06
3/5/2022 18:00,0.15,0.02
3/5/2022 19:00,0.0,0.0
3/5/2022 20:00,0.0,0.0
3/5/2022 21:00,0.0,0.0
3/5/2022 22:00,0.0,0.0
3/5/2022 23:00,0.0,0.0
3/6/2022 0:00,0.0,0.0
3/6/2022 1:00,0.0,0.0
3/6/2022 2:00,0.0,0.0
3/6/2022 3:00,0.0,0.0
3/6/2022 4:00,0.0,0.0
3/6/2022 5:00,0.0,0.0
3/6/2022 6:00,0.0,0.0
3/6/2022 7:00,0.0,0.0
3/6/2022 8:00,0.22,0.03
3/6/2022 9:00,2.04,0.29
3/6/2022 10:00,3.66,0.52
3/6/2022 11:00,4.7,0.67
3/6/2022 12:00,5.27,0.75
3/6/2022 13:00,5.46,0.78
3/6/2022 14:00,5.35,0.76
3/6/2022 15:00,4.84,0.69
3/6/2022 16:00,3.94,0.56
3/6/2022 17:00,2.62,0.37
3/6/2022 18:00,1.01,0.14
3/6/2022 19:00,0.05,0.01
3/6/2022 20:00,0.0,0.0
3/6/2022 21:00,0.0,0.0
3/6/2022 22:00,0.0,0.0
3/6/2022 23:00,0.0,0.0
3/7/2022 0:00,0.0,0.0
3/7/2022 1:00,0.0,0.0
3/7/2022 2:00,0.0,0.0
3/7/2022 3:00,0.0,0.0
3/7/2022 4:00,0.0,0.0
3/7/2022 5:00,0.0,0.0
3/7/2022 6:00,0.0,0.0
3/7/2022 7:00,0.0,0.0
3/7/2022 8:00,0.24,0.03
3/7/2022 9:00,2.07,0.3
3/7/2022 10:00,3.32,0.47
3/7/2022 11:00,3.65,0.52
3/7/2022 12:00,3.67,0.52
3/7/2022 13:00,3.51,0.5
3/7/2022 14:00,4.03,0.58
3/7/2022 15:00,3.21,0.46
3/7/2022 16:00,2.81,0.4
3/7/2022 17:00,1.62,0.23
3/7/2022 18:00,0.4,0.06
3/7/2022 19:00,0.02,0.0
3/7/2022 20:00,0.0,0.0
3/7/2022 21:00,0.0,0.0
3/7/2022 22:00,0.0,0.0
3/7/2022 23:00,0.0,0.0
3/8/2022 0:00,0.0,0.0
3/8/2022 1:00,0.0,0.0
3/8/2022 2:00,0.0,0.0
3/8/2022 3:00,0.0,0.0
3/8/2022 4:00,0.0,0.0
3/8/2022 5:00,0.0,0.0
3/8/2022 6:00,0.0,0.0
3/8/2022 7:00,0.0,0.0
3/8/2022 8:00,0.16,0.02
3/8/2022 9:00,0.66,0.09
3/8/2022 10:00,3.35,0.48
3/8/2022 11:00,3.76,0.54
3/8/2022 12:00,3.4,0.49
3/8/2022 13:00,2.34,0.33
3/8/2022 14:00,2.22,0.32
3/8/2022 15:00,3.24,0.46
3/8/2022 16:00,2.57,0.37
3/8/2022 17:00,1.34,0.19
3/8/2022 18:00,0.8,0.11
3/8/2022 19:00,0.05,0.01
3/8/2022 20:00,0.0,0.0
3/8/2022 21:00,0.0,0.0
3/8/2022 22:00,0.0,0.0
3/8/2022 23:00,0.0,0.0
3/9/2022 0:00,0.0,0.0
3/9/2022 1:00,0.0,0.0
3/9/2022 2:00,0.0,0.0
3/9/2022 3:00,0.0,0.0
3/9/2022 4:00,0.0,0.0
3/9/2022 5:00,0.0,0.0
3/9/2022 6:00,0.0,0.0
3/9/2022 7:00,0.0,0.0
3/9/2022 8:00,0.27,0.04
3/9/2022 9:00,1.21,0.17
3/9/2022 10:00,2.3,0.33
3/9/2022 11:00,1.85,0.26
3/9/2022 12:00,1.91,0.27
3/9/2022 13:00,2.04,0.29
3/9/2022 14:00,3.2,0.46
3/9/2022 15:00,3.89,0.56
3/9/2022 16:00,2.0,0.29
3/9/2022 17:00,1.76,0.25
3/9/2022 18:00,0.26,0.04
3/9/2022 19:00,0.01,0.0
3/9/2022 20:00,0.0,0.0
3/9/2022 21:00,0.0,0.0
3/9/2022 22:00,0.0,0.0
3/9/2022 23:00,0.0,0.0
3/10/2022 0:00,0.0,0.0
3/10/2022 1:00,0.0,0.0
3/10/2022 2:00,0.0,0.0
3/10/2022 3:00,0.0,0.0
3/10/2022 4:00,0.0,0.0
3/10/2022 5:00,0.0,0.0
3/10/2022 6:00,0.0,0.0
3/10/2022 7:00,0.0,0.0
3/10/2022 8:00,0.05,0.01
3/10/2022 9:00,0.28,0.04
3/10/2022 10:00,0.5,0.07
3/10/2022 11:00,1.05,0.15
3/10/2022 12:00,2.36,0.34
3/10/2022 13:00,2.67,0.38
3/10/2022 14:00,2.81,0.4
3/10/2022 15:00,2.35,0.34
3/10/2022 16:00,0.72,0.1
3/10/2022 17:00,0.35,0.05
3/10/2022 18:00,0.15,0.02
3/10/2022 19:00,0.0,0.0
3/10/2022 20:00,0.0,0.0
3/10/2022 21:00,0.0,0.0
3/10/2022 22:00,0.0,0.0
3/10/2022 23:00,0.0,0.0
3/11/2022 0:00,0.0,0.0
3/11/2022 1:00,0.0,0.0
3/11/2022 2:00,0.0,0.0
3/11/2022 3:00,0.0,0.0
3/11/2022 4:00,0.0,0.0
3/11/2022 5:00,0.0,0.0
3/11/2022 6:00,0.0,0.0
3/11/2022 7:00,0.0,0.0
3/11/2022 8:00,0.22,0.03
3/11/2022 9:00,0.72,0.1
3/11/2022 10:00,1.28,0.18
3/11/2022 11:00,2.15,0.31
3/11/2022 12:00,1.66,0.24
3/11/2022 13:00,1.59,0.23
3/11/2022 14:00,3.27,0.47
3/11/2022 15:00,3.69,0.53
3/11/2022 16:00,2.02,0.29
3/11/2022 17:00,1.84,0.26
3/11/2022 18:00,0.82,0.12
3/11/2022 19:00,0.04,0.01
3/11/2022 20:00,0.0,0.0
3/11/2022 21:00,0.0,0.0
3/11/2022 22:00,0.0,0.0
3/11/2022 23:00,0.0,0.0
3/12/2022 0:00,0.0,0.0
3/12/2022 1:00,0.0,0.0
3/12/2022 2:00,0.0,0.0
3/12/2022 3:00,0.0,0.0
3/12/2022 4:00,0.0,0.0
3/12/2022 5:00,0.0,0.0
3/12/2022 6:00,0.0,0.0
3/12/2022 7:00,0.0,0.0
3/12/2022 8:00,0.17,0.02
3/12/2022 9:00,0.76,0.11
3/12/2022 10:00,1.19,0.17
3/12/2022 11:00,1.93,0.28
3/12/2022 12:00,2.05,0.29
3/12/2022 13:00,1.92,0.27
3/12/2022 14:00,1.18,0.17
3/12/2022 15:00,0.75,0.11
3/12/2022 16:00,0.38,0.05
3/12/2022 17:00,0.25,0.04
3/12/2022 18:00,0.1,0.01
3/12/2022 19:00,0.0,0.0
3/12/2022 20:00,0.0,0.0
3/12/2022 21:00,0.0,0.0
3/12/2022 22:00,0.0,0.0
3/12/2022 23:00,0.0,0.0
3/13/2022 0:00,0.0,0.0
3/13/2022 1:00,0.0,0.0
3/13/2022 2:00,0.0,0.0
3/13/2022 3:00,0.0,0.0
3/13/2022 4:00,0.0,0.0
3/13/2022 5:00,0.0,0.0
3/13/2022 6:00,0.0,0.0
3/13/2022 7:00,0.0,0.0
3/13/2022 8:00,0.44,0.06
3/13/2022 9:00,2.2,0.31
3/13/2022 10:00,3.24,0.46
3/13/2022 11:00,3.96,0.57
3/13/2022 12:00,3.3,0.47
3/13/2022 13:00,4.69,0.67
3/13/2022 14:00,4.22,0.6
3/13/2022 15:00,3.01,0.43
3/13/2022 16:00,2.75,0.39
3/13/2022 17:00,1.84,0.26
3/13/2022 18:00,0.6,0.09
3/13/2022 19:00,0.07,0.01
3/13/2022 20:00,0.0,0.0
3/13/2022 21:00,0.0,0.0
3/13/2022 22:00,0.0,0.0
3/13/2022 23:00,0.0,0.0
3/14/2022 0:00,0.0,0.0
3/14/2022 1:00,0.0,0.0
3/14/2022 2:00,0.0,0.0
3/14/2022 3:00,0.0,0.0
3/14/2022 4:00,0.0,0.0
3/14/2022 5:00,0.0,0.0
3/14/2022 6:00,0.0,0.0
3/14/2022 7:00,0.0,0.0
3/14/2022 8:00,0.1,0.01
3/14/2022 9:00,0.45,0.06
3/14/2022 10:00,0.77,0.11
3/14/2022 11:00,1.22,0.17
3/14/2022 12:00,1.02,0.15
3/14/2022 13:00,2.98,0.43
3/14/2022 14:00,1.26,0.18
3/14/2022 15:00,3.01,0.43
3/14/2022 16:00,1.8,0.26
3/14/2022 17:00,1.36,0.19
3/14/2022 18:00,0.4,0.06
3/14/2022 19:00,0.03,0.0
3/14/2022 20:00,0.0,0.0
3/14/2022 21:00,0.0,0.0
3/14/2022 22:00,0.0,0.0
3/14/2022 23:00,0.0,0.0
3/15/2022 0:00,0.0,0.0
3/15/2022 1:00,0.0,0.0
3/15/2022 2:00,0.0,0.0
3/15/2022 3:00,0.0,0.0
3/15/2022 4:00,0.0,0.0
3/15/2022 5:00,0.0,0.0
3/15/2022 6:00,0.0,0.0
3/15/2022 7:00,0.0,0.0
3/15/2022 8:00,0.13,0.02
3/15/2022 9:00,0.92,0.13
3/15/2022 10:00,1.45,0.21
3/15/2022 11:00,2.72,0.39
3/15/2022 12:00,3.2,0.46
3/15/2022 13:00,4.06,0.58
3/15/2022 14:00,3.36,0.48
3/15/2022 15:00,2.36,0.34
3/15/2022 16:00,2.12,0.3
3/15/2022 17:00,1.29,0.18
3/15/2022 18:00,0.47,0.07
3/15/2022 19:00,0.0,0.0
3/15/2022 20:00,0.0,0.0
3/15/2022 21:00,0.0,0.0
3/15/2022 22:00,0.0,0.0
3/15/2022 23:00,0.0,0.0
3/16/2022 0:00,0.0,0.0
3/16/2022 1:00,0.0,0.0
3/16/2022 2:00,0.0,0.0
3/16/2022 3:00,0.0,0.0
3/16/2022 4:00,0.0,0.0
3/16/2022 5:00,0.0,0.0
3/16/2022 6:00,0.0,0.0
3/16/2022 7:00,0.0,0.0
3/16/2022 8:00,0.03,0.0
3/16/2022 9:00,0.17,0.02
3/16/2022 10:00,0.48,0.07
3/16/2022 11:00,1.03,0.15
3/16/2022 12:00,0.95,0.14
3/16/2022 13:00,0.97,0.14
3/16/2022 14:00,0.9,0.13
3/16/2022 15:00,0.58,0.08
3/16/2022 16:00,0.34,0.05
3/16/2022 17:00,0.23,0.03
3/16/2022 18:00,0.1,0.01
3/16/2022 19:00,0.0,0.0
3/16/2022 20:00,0.0,0.0
3/16/2022 21:00,0.0,0.0
3/16/2022 22:00,0.0,0.0
3/16/2022 23:00,0.0,0.0
3/17/2022 0:00,0.0,0.0
3/17/2022 1:00,0.0,0.0
3/17/2022 2:00,0.0,0.0
3/17/2022 3:00,0.0,0.0
3/17/2022 4:00,0.0,0.0
3/17/2022 5:00,0.0,0.0
3/17/2022 6:00,0.0,0.0
3/17/2022 7:00,0.0,0.0
3/17/2022 8:00,0.13,0.02
3/17/2022 9:00,0.59,0.08
3/17/2022 10:00,1.19,0.17
3/17/2022 11:00,1.75,0.25
3/17/2022 12:00,2.13,0.3
3/17/2022 13:00,2.14,0.31
3/17/2022 14:00,2.1,0.3
3/17/2022 15:00,2.17,0.31
3/17/2022 16:00,1.55,0.22
3/17/2022 17:00,0.84,0.12
3/17/2022 18:00,0.33,0.05
3/17/2022 19:00,0.04,0.01
3/17/2022 20:00,0.0,0.0
3/17/2022 21:00,0.0,0.0
3/17/2022 22:00,0.0,0.0
3/17/2022 23:00,0.0,0.0
3/18/2022 0:00,0.0,0.0
3/18/2022 1:00,0.0,0.0
3/18/2022 2:00,0.0,0.0
3/18/2022 3:00,0.0,0.0
3/18/2022 4:00,0.0,0.0
3/18/2022 5:00,0.0,0.0
3/18/2022 6:00,0.0,0.0
3/18/2022 7:00,0.0,0.0
3/18/2022 8:00,0.42,0.06
3/18/2022 9:00,0.83,0.12
3/18/2022 10:00,2.13,0.3
3/18/2022 11:00,4.64,0.66
3/18/2022 12:00,5.16,0.74
3/18/2022 13:00,5.32,0.76
3/18/2022 14:00,5.11,0.73
3/18/2022 15:00,4.51,0.64
3/18/2022 16:00,3.61,0.52
3/18/2022 17:00,2.39,0.34
3/18/2022 18:00,0.97,0.14
3/18/2022 19:00,0.11,0.02
3/18/2022 20:00,0.0,0.0
3/18/2022 21:00,0.0,0.0
3/18/2022 22:00,0.0,0.0
3/18/2022 23:00,0.0,0.0
3/19/2022 0:00,0.0,0.0
3/19/2022 1:00,0.0,0.0
3/19/2022 2:00,0.0,0.0
3/19/2022 3:00,0.0,0.0
3/19/2022 4:00,0.0,0.0
3/19/2022 5:00,0.0,0.0
3/19/2022 6:00,0.0,0.0
3/19/2022 7:00,0.0,0.0
3/19/2022 8:00,0.52,0.07
3/19/2022 9:00,1.97,0.28
3/19/2022 10:00,3.3,0.47
3/19/2022 11:00,4.3,0.61
3/19/2022 12:00,4.84,0.69
3/19/2022 13:00,4.97,0.71
3/19/2022 14:00,4.69,0.67
3/19/2022 15:00,3.46,0.49
3/19/2022 16:00,2.67,0.38
3/19/2022 17:00,1.04,0.15
3/19/2022 18:00,0.45,0.06
3/19/2022 19:00,0.01,0.0
3/19/2022 20:00,0.0,0.0
3/19/2022 21:00,0.0,0.0
3/19/2022 22:00,0.0,0.0
3/19/2022 23:00,0.0,0.0
3/20/2022 0:00,0.0,0.0
3/20/2022 1:00,0.0,0.0
3/20/2022 2:00,0.0,0.0
3/20/2022 3:00,0.0,0.0
3/20/2022 4:00,0.0,0.0
3/20/2022 5:00,0.0,0.0
3/20/2022 6:00,0.0,0.0
3/20/2022 7:00,0.0,0.0
3/20/2022 8:00,0.01,0.0
3/20/2022 9:00,0.22,0.03
3/20/2022 10:00,0.65,0.09
3/20/2022 11:00,0.59,0.08
3/20/2022 12:00,2.95,0.42
3/20/2022 13:00,2.09,0.3
3/20/2022 14:00,0.5,0.07
3/20/2022 15:00,0.11,0.02
3/20/2022 16:00,0.13,0.02
3/20/2022 17:00,0.06,0.01
3/20/2022 18:00,0.06,0.01
3/20/2022 19:00,0.0,0.0
3/20/2022 20:00,0.0,0.0
3/20/2022 21:00,0.0,0.0
3/20/2022 22:00,0.0,0.0
3/20/2022 23:00,0.0,0.0
3/21/2022 0:00,0.0,0.0
3/21/2022 1:00,0.0,0.0
3/21/2022 2:00,0.0,0.0
3/21/2022 3:00,0.0,0.0
3/21/2022 4:00,0.0,0.0
3/21/2022 5:00,0.0,0.0
3/21/2022 6:00,0.0,0.0
3/21/2022 7:00,0.0,0.0
3/21/2022 8:00,0.0,0.0
3/21/2022 9:00,0.07,0.01
3/21/2022 10:00,0.43,0.06
3/21/2022 11:00,0.71,0.1
3/21/2022 12:00,0.76,0.11
3/21/2022 13:00,2.93,0.42
3/21/2022 14:00,1.16,0.17
3/21/2022 15:00,1.44,0.21
3/21/2022 16:00,2.82,0.4
3/21/2022 17:00,2.05,0.29
3/21/2022 18:00,1.03,0.15
3/21/2022 19:00,0.07,0.01
3/21/2022 20:00,0.0,0.0
3/21/2022 21:00,0.0,0.0
3/21/2022 22:00,0.0,0.0
3/21/2022 23:00,0.0,0.0
3/22/2022 0:00,0.0,0.0
3/22/2022 1:00,0.0,0.0
3/22/2022 2:00,0.0,0.0
3/22/2022 3:00,0.0,0.0
3/22/2022 4:00,0.0,0.0
3/22/2022 5:00,0.0,0.0
3/22/2022 6:00,0.0,0.0
3/22/2022 7:00,0.0,0.0
3/22/2022 8:00,0.02,0.0
3/22/2022 9:00,0.47,0.07
3/22/2022 10:00,0.94,0.13
3/22/2022 11:00,1.3,0.19
3/22/2022 12:00,1.49,0.21
3/22/2022 13:00,2.8,0.4
3/22/2022 14:00,3.42,0.49
3/22/2022 15:00,2.65,0.38
3/22/2022 16:00,1.39,0.2
3/22/2022 17:00,0.41,0.06
3/22/2022 18:00,0.48,0.07
3/22/2022 19:00,0.0,0.0
3/22/2022 20:00,0.0,0.0
3/22/2022 21:00,0.0,0.0
3/22/2022 22:00,0.0,0.0
3/22/2022 23:00,0.0,0.0
3/23/2022 0:00,0.0,0.0
3/23/2022 1:00,0.0,0.0
3/23/2022 2:00,0.0,0.0
3/23/2022 3:00,0.0,0.0
3/23/2022 4:00,0.0,0.0
3/23/2022 5:00,0.0,0.0
3/23/2022 6:00,0.0,0.0
3/23/2022 7:00,0.0,0.0
3/23/2022 8:00,0.12,0.02
3/23/2022 9:00,0.51,0.07
3/23/2022 10:00,1.01,0.14
3/23/2022 11:00,1.06,0.15
3/23/2022 12:00,0.52,0.07
3/23/2022 13:00,0.6,0.09
3/23/2022 14:00,0.56,0.08
3/23/2022 15:00,1.39,0.2
3/23/2022 16:00,2.24,0.32
3/23/2022 17:00,1.29,0.18
3/23/2022 18:00,0.31,0.04
3/23/2022 19:00,0.0,0.0
3/23/2022 20:00,0.0,0.0
3/23/2022 21:00,0.0,0.0
3/23/2022 22:00,0.0,0.0
3/23/2022 23:00,0.0,0.0
3/24/2022 0:00,0.0,0.0
3/24/2022 1:00,0.0,0.0
3/24/2022 2:00,0.0,0.0
3/24/2022 3:00,0.0,0.0
3/24/2022 4:00,0.0,0.0
3/24/2022 5:00,0.0,0.0
3/24/2022 6:00,0.0,0.0
3/24/2022 7:00,0.0,0.0
3/24/2022 8:00,0.04,0.01
3/24/2022 9:00,0.11,0.02
3/24/2022 10:00,0.5,0.07
3/24/2022 11:00,1.01,0.14
3/24/2022 12:00,1.46,0.21
3/24/2022 13:00,2.87,0.41
3/24/2022 14:00,0.69,0.1
3/24/2022 15:00,1.58,0.23
3/24/2022 16:00,3.16,0.45
3/24/2022 17:00,1.96,0.28
3/24/2022 18:00,0.14,0.02
3/24/2022 19:00,0.0,0.0
3/24/2022 20:00,0.0,0.0
3/24/2022 21:00,0.0,0.0
3/24/2022 22:00,0.0,0.0
3/24/2022 23:00,0.0,0.0
3/25/2022 0:00,0.0,0.0
3/25/2022 1:00,0.0,0.0
3/25/2022 2:00,0.0,0.0
3/25/2022 3:00,0.0,0.0
3/25/2022 4:00,0.0,0.0
3/25/2022 5:00,0.0,0.0
3/25/2022 6:00,0.0,0.0
3/25/2022 7:00,0.0,0.0
3/25/2022 8:00,0.08,0.01
3/25/2022 9:00,0.4,0.06
3/25/2022 10:00,0.77,0.11
3/25/2022 11:00,0.85,0.12
3/25/2022 12:00,1.53,0.22
3/25/2022 13:00,1.63,0.23
3/25/2022 14:00,2.25,0.32
3/25/2022 15:00,2.47,0.35
3/25/2022 16:00,1.81,0.26
3/25/2022 17:00,1.3,0.19
3/25/2022 18:00,0.68,0.1
3/25/2022 19:00,0.04,0.01
3/25/2022 20:00,0.0,0.0
3/25/2022 21:00,0.0,0.0
3/25/2022 22:00,0.0,0.0
3/25/2022 23:00,0.0,0.0
3/26/2022 0:00,0.0,0.0
3/26/2022 1:00,0.0,0.0
3/26/2022 2:00,0.0,0.0
3/26/2022 3:00,0.0,0.0
3/26/2022 4:00,0.0,0.0
3/26/2022 5:00,0.0,0.0
3/26/2022 6:00,0.0,0.0
3/26/2022 7:00,0.04,0.01
3/26/2022 8:00,0.71,0.1
3/26/2022 9:00,1.37,0.2
3/26/2022 10:00,1.91,0.27
3/26/2022 11:00,3.07,0.44
3/26/2022 12:00,3.43,0.49
3/26/2022 13:00,3.94,0.56
3/26/2022 14:00,3.85,0.55
3/26/2022 15:00,4.08,0.58
3/26/2022 16:00,3.24,0.46
3/26/2022 17:00,1.93,0.28
3/26/2022 18:00,0.85,0.12
3/26/2022 19:00,0.12,0.02
3/26/2022 20:00,0.0,0.0
3/26/2022 21:00,0.0,0.0
3/26/2022 22:00,0.0,0.0
3/26/2022 23:00,0.0,0.0
3/27/2022 0:00,0.0,0.0
3/27/2022 2:00,0.0,0.0
3/27/2022 3:00,0.0,0.0
3/27/2022 4:00,0.0,0.0
3/27/2022 5:00,0.0,0.0
3/27/2022 6:00,0.0,0.0
3/27/2022 7:00,0.0,0.0
3/27/2022 8:00,0.0,0.0
3/27/2022 9:00,0.02,0.0
3/27/2022 10:00,0.45,0.06
3/27/2022 11:00,1.35,0.19
3/27/2022 12:00,2.96,0.42
3/27/2022 13:00,3.93,0.56
3/27/2022 14:00,4.49,0.64
3/27/2022 15:00,4.18,0.6
3/27/2022 16:00,3.85,0.55
3/27/2022 17:00,3.17,0.45
3/27/2022 18:00,3.58,0.51
3/27/2022 19:00,1.5,0.21
3/27/2022 20:00,0.56,0.08
3/27/2022 21:00,0.06,0.01
3/27/2022 22:00,0.0,0.0
3/27/2022 23:00,0.0,0.0
3/28/2022 0:00,0.0,0.0
3/28/2022 1:00,0.0,0.0
3/28/2022 2:00,0.0,0.0
3/28/2022 3:00,0.0,0.0
3/28/2022 4:00,0.0,0.0
3/28/2022 5:00,0.0,0.0
3/28/2022 6:00,0.0,0.0
3/28/2022 7:00,0.0,0.0
3/28/2022 8:00,0.0,0.0
3/28/2022 9:00,0.38,0.05
3/28/2022 10:00,1.71,0.24
3/28/2022 11:00,2.07,0.3
3/28/2022 12:00,3.34,0.48
3/28/2022 13:00,4.89,0.7
3/28/2022 14:00,4.81,0.69
3/28/2022 15:00,3.53,0.5
3/28/2022 16:00,2.41,0.34
3/28/2022 17:00,1.62,0.23
3/28/2022 18:00,1.01,0.14
3/28/2022 19:00,0.49,0.07
3/28/2022 20:00,0.09,0.01
3/28/2022 21:00,0.0,0.0
3/28/2022 22:00,0.0,0.0
3/28/2022 23:00,0.0,0.0
3/29/2022 0:00,0.0,0.0
3/29/2022 1:00,0.0,0.0
3/29/2022 2:00,0.0,0.0
3/29/2022 3:00,0.0,0.0
3/29/2022 4:00,0.0,0.0
3/29/2022 5:00,0.0,0.0
3/29/2022 6:00,0.0,0.0
3/29/2022 7:00,0.0,0.0
3/29/2022 8:00,0.0,0.0
3/29/2022 9:00,0.4,0.06
3/29/2022 10:00,0.7,0.1
3/29/2022 11:00,1.58,0.23
3/29/2022 12:00,3.0,0.43
3/29/2022 13:00,2.02,0.29
3/29/2022 14:00,2.02,0.29
3/29/2022 15:00,2.36,0.34
3/29/2022 16:00,3.71,0.53
3/29/2022 17:00,3.63,0.52
3/29/2022 18:00,2.33,0.33
3/29/2022 19:00,0.99,0.14
3/29/2022 20:00,0.13,0.02
3/29/2022 21:00,0.0,0.0
3/29/2022 22:00,0.0,0.0
3/29/2022 23:00,0.0,0.0
3/30/2022 0:00,0.0,0.0
3/30/2022 1:00,0.0,0.0
3/30/2022 2:00,0.0,0.0
3/30/2022 3:00,0.0,0.0
3/30/2022 4:00,0.0,0.0
3/30/2022 5:00,0.0,0.0
3/30/2022 6:00,0.0,0.0
3/30/2022 7:00,0.0,0.0
3/30/2022 8:00,0.05,0.01
3/30/2022 9:00,0.81,0.12
3/30/2022 10:00,2.16,0.31
3/30/2022 11:00,2.35,0.34
3/30/2022 12:00,3.19,0.46
3/30/2022 13:00,4.98,0.71
3/30/2022 14:00,4.1,0.59
3/30/2022 15:00,4.9,0.7
3/30/2022 16:00,3.77,0.54
3/30/2022 17:00,2.13,0.3
3/30/2022 18:00,2.3,0.33
3/30/2022 19:00,0.62,0.09
3/30/2022 20:00,0.04,0.01
3/30/2022 21:00,0.0,0.0
3/30/2022 22:00,0.0,0.0
3/30/2022 23:00,0.0,0.0
3/31/2022 0:00,0.0,0.0
3/31/2022 1:00,0.0,0.0
3/31/2022 2:00,0.0,0.0
3/31/2022 3:00,0.0,0.0
3/31/2022 4:00,0.0,0.0
3/31/2022 5:00,0.0,0.0
3/31/2022 6:00,0.0,0.0
3/31/2022 7:00,0.0,0.0
3/31/2022 8:00,0.03,0.0
3/31/2022 9:00,0.92,0.13
3/31/2022 10:00,1.37,0.2
3/31/2022 11:00,3.0,0.43
3/31/2022 12:00,3.06,0.44
3/31/2022 13:00,3.06,0.44
3/31/2022 14:00,2.2,0.31
3/31/2022 15:00,2.72,0.39
3/31/2022 16:00,2.92,0.42
3/31/2022 17:00,2.66,0.38
3/31/2022 18:00,1.84,0.26
3/31/2022 19:00,1.27,0.18
3/31/2022 20:00,0.15,0.02
3/31/2022 21:00,0.0,0.0
3/31/2022 22:00,0.0,0.0
3/31/2022 23:00,0.0,0.0
4/1/2022 0:00,0.0,0.0
4/1/2022 1:00,0.0,0.0
4/1/2022 2:00,0.0,0.0
4/1/2022 3:00,0.0,0.0
4/1/2022 4:00,0.0,0.0
4/1/2022 5:00,0.0,0.0
4/1/2022 6:00,0.0,0.0
4/1/2022 7:00,0.0,0.0
4/1/2022 8:00,0.06,0.01
4/1/2022 9:00,0.95,0.14
4/1/2022 10:00,2.61,0.37
4/1/2022 11:00,3.45,0.49
4/1/2022 12:00,4.08,0.58
4/1/2022 13:00,5.17,0.74
4/1/2022 14:00,5.67,0.81
4/1/2022 15:00,5.45,0.78
4/1/2022 16:00,4.9,0.7
4/1/2022 17:00,4.03,0.58
4/1/2022 18:00,2.78,0.4
4/1/2022 19:00,1.23,0.18
4/1/2022 20:00,0.15,0.02
4/1/2022 21:00,0.0,0.0
4/1/2022 22:00,0.0,0.0
4/1/2022 23:00,0.0,0.0
4/2/2022 0:00,0.0,0.0
4/2/2022 1:00,0.0,0.0
4/2/2022 2:00,0.0,0.0
4/2/2022 3:00,0.0,0.0
4/2/2022 4:00,0.0,0.0
4/2/2022 5:00,0.0,0.0
4/2/2022 6:00,0.0,0.0
4/2/2022 7:00,0.0,0.0
4/2/2022 8:00,0.06,0.01
4/2/2022 9:00,1.01,0.14
4/2/2022 10:00,2.62,0.37
4/2/2022 11:00,3.97,0.57
4/2/2022 12:00,4.91,0.7
4/2/2022 13:00,5.46,0.78
4/2/2022 14:00,5.24,0.75
4/2/2022 15:00,4.81,0.69
4/2/2022 16:00,4.36,0.62
4/2/2022 17:00,3.47,0.5
4/2/2022 18:00,1.75,0.25
4/2/2022 19:00,1.01,0.14
4/2/2022 20:00,0.23,0.03
4/2/2022 21:00,0.0,0.0
4/2/2022 22:00,0.0,0.0
4/2/2022 23:00,0.0,0.0
4/3/2022 0:00,0.0,0.0
4/3/2022 1:00,0.0,0.0
4/3/2022 2:00,0.0,0.0
4/3/2022 3:00,0.0,0.0
4/3/2022 4:00,0.0,0.0
4/3/2022 5:00,0.0,0.0
4/3/2022 6:00,0.0,0.0
4/3/2022 7:00,0.0,0.0
4/3/2022 8:00,0.05,0.01
4/3/2022 9:00,0.81,0.12
4/3/2022 10:00,2.69,0.38
4/3/2022 11:00,4.22,0.6
4/3/2022 12:00,5.21,0.74
4/3/2022 13:00,5.75,0.82
4/3/2022 14:00,5.86,0.84
4/3/2022 15:00,5.64,0.81
4/3/2022 16:00,5.1,0.73
4/3/2022 17:00,4.07,0.58
4/3/2022 18:00,2.86,0.41
4/3/2022 19:00,1.26,0.18
4/3/2022 20:00,0.14,0.02
4/3/2022 21:00,0.0,0.0
4/3/2022 22:00,0.0,0.0
4/3/2022 23:00,0.0,0.0
4/4/2022 0:00,0.0,0.0
4/4/2022 1:00,0.0,0.0
4/4/2022 2:00,0.0,0.0
4/4/2022 3:00,0.0,0.0
4/4/2022 4:00,0.0,0.0
4/4/2022 5:00,0.0,0.0
4/4/2022 6:00,0.0,0.0
4/4/2022 7:00,0.0,0.0
4/4/2022 8:00,0.06,0.01
4/4/2022 9:00,0.84,0.12
4/4/2022 10:00,1.4,0.2
4/4/2022 11:00,3.01,0.43
4/4/2022 12:00,4.74,0.68
4/4/2022 13:00,5.25,0.75
4/4/2022 14:00,5.17,0.74
4/4/2022 15:00,3.79,0.54
4/4/2022 16:00,2.77,0.4
4/4/2022 17:00,2.41,0.34
4/4/2022 18:00,1.19,0.17
4/4/2022 19:00,0.71,0.1
4/4/2022 20:00,0.16,0.02
4/4/2022 21:00,0.0,0.0
4/4/2022 22:00,0.0,0.0
4/4/2022 23:00,0.0,0.0
4/5/2022 0:00,0.0,0.0
4/5/2022 1:00,0.0,0.0
4/5/2022 2:00,0.0,0.0
4/5/2022 3:00,0.0,0.0
4/5/2022 4:00,0.0,0.0
4/5/2022 5:00,0.0,0.0
4/5/2022 6:00,0.0,0.0
4/5/2022 7:00,0.0,0.0
4/5/2022 8:00,0.0,0.0
4/5/2022 9:00,0.25,0.04
4/5/2022 10:00,0.69,0.1
4/5/2022 11:00,0.94,0.13
4/5/2022 12:00,0.79,0.11
4/5/2022 13:00,0.81,0.12
4/5/2022 14:00,0.99,0.14
4/5/2022 15:00,0.78,0.11
4/5/2022 16:00,0.49,0.07
4/5/2022 17:00,0.95,0.14
4/5/2022 18:00,1.29,0.18
4/5/2022 19:00,0.37,0.05
4/5/2022 20:00,0.13,0.02
4/5/2022 21:00,0.0,0.0
4/5/2022 22:00,0.0,0.0
4/5/2022 23:00,0.0,0.0
4/6/2022 0:00,0.0,0.0
4/6/2022 1:00,0.0,0.0
4/6/2022 2:00,0.0,0.0
4/6/2022 3:00,0.0,0.0
4/6/2022 4:00,0.0,0.0
4/6/2022 5:00,0.0,0.0
4/6/2022 6:00,0.0,0.0
4/6/2022 7:00,0.0,0.0
4/6/2022 8:00,0.09,0.01
4/6/2022 9:00,0.87,0.12
4/6/2022 10:00,2.6,0.37
4/6/2022 11:00,4.0,0.57
4/6/2022 12:00,4.89,0.7
4/6/2022 13:00,5.44,0.78
4/6/2022 14:00,5.21,0.74
4/6/2022 15:00,5.12,0.73
4/6/2022 16:00,4.81,0.69
4/6/2022 17:00,4.13,0.59
4/6/2022 18:00,2.83,0.4
4/6/2022 19:00,1.24,0.18
4/6/2022 20:00,0.12,0.02
4/6/2022 21:00,0.0,0.0
4/6/2022 22:00,0.0,0.0
4/6/2022 23:00,0.0,0.0
4/7/2022 0:00,0.0,0.0
4/7/2022 1:00,0.0,0.0
4/7/2022 2:00,0.0,0.0
4/7/2022 3:00,0.0,0.0
4/7/2022 4:00,0.0,0.0
4/7/2022 5:00,0.0,0.0
4/7/2022 6:00,0.0,0.0
4/7/2022 7:00,0.0,0.0
4/7/2022 8:00,0.01,0.0
4/7/2022 9:00,0.29,0.04
4/7/2022 10:00,0.78,0.11
4/7/2022 11:00,1.22,0.17
4/7/2022 12:00,2.33,0.33
4/7/2022 13:00,1.99,0.28
4/7/2022 14:00,1.94,0.28
4/7/2022 15:00,1.96,0.28
4/7/2022 16:00,2.58,0.37
4/7/2022 17:00,1.68,0.24
4/7/2022 18:00,1.77,0.25
4/7/2022 19:00,0.8,0.11
4/7/2022 20:00,0.19,0.03
4/7/2022 21:00,0.0,0.0
4/7/2022 22:00,0.0,0.0
4/7/2022 23:00,0.0,0.0
4/8/2022 0:00,0.0,0.0
4/8/2022 1:00,0.0,0.0
4/8/2022 2:00,0.0,0.0
4/8/2022 3:00,0.0,0.0
4/8/2022 4:00,0.0,0.0
4/8/2022 5:00,0.0,0.0
4/8/2022 6:00,0.0,0.0
4/8/2022 7:00,0.0,0.0
4/8/2022 8:00,0.11,0.02
4/8/2022 9:00,0.47,0.07
4/8/2022 10:00,1.5,0.21
4/8/2022 11:00,2.48,0.35
4/8/2022 12:00,2.27,0.32
4/8/2022 13:00,2.86,0.41
4/8/2022 14:00,2.26,0.32
4/8/2022 15:00,2.54,0.36
4/8/2022 16:00,2.03,0.29
4/8/2022 17:00,2.04,0.29
4/8/2022 18:00,0.81,0.12
4/8/2022 19:00,0.86,0.12
4/8/2022 20:00,0.18,0.03
4/8/2022 21:00,0.0,0.0
4/8/2022 22:00,0.0,0.0
4/8/2022 23:00,0.0,0.0
4/9/2022 0:00,0.0,0.0
4/9/2022 1:00,0.0,0.0
4/9/2022 2:00,0.0,0.0
4/9/2022 3:00,0.0,0.0
4/9/2022 4:00,0.0,0.0
4/9/2022 5:00,0.0,0.0
4/9/2022 6:00,0.0,0.0
4/9/2022 7:00,0.0,0.0
4/9/2022 8:00,0.07,0.01
4/9/2022 9:00,0.31,0.04
4/9/2022 10:00,0.72,0.1
4/9/2022 11:00,2.17,0.31
4/9/2022 12:00,2.42,0.35
4/9/2022 13:00,1.81,0.26
4/9/2022 14:00,2.1,0.3
4/9/2022 15:00,1.64,0.23
4/9/2022 16:00,1.13,0.16
4/9/2022 17:00,1.15,0.16
4/9/2022 18:00,1.07,0.15
4/9/2022 19:00,1.05,0.15
4/9/2022 20:00,0.11,0.02
4/9/2022 21:00,0.0,0.0
4/9/2022 22:00,0.0,0.0
4/9/2022 23:00,0.0,0.0
4/10/2022 0:00,0.0,0.0
4/10/2022 1:00,0.0,0.0
4/10/2022 2:00,0.0,0.0
4/10/2022 3:00,0.0,0.0
4/10/2022 4:00,0.0,0.0
4/10/2022 5:00,0.0,0.0
4/10/2022 6:00,0.0,0.0
4/10/2022 7:00,0.0,0.0
4/10/2022 8:00,0.09,0.01
4/10/2022 9:00,0.78,0.11
4/10/2022 10:00,0.96,0.14
4/10/2022 11:00,2.01,0.29
4/10/2022 12:00,4.21,0.6
4/10/2022 13:00,5.11,0.73
4/10/2022 14:00,5.78,0.83
4/10/2022 15:00,5.69,0.81
4/10/2022 16:00,5.16,0.74
4/10/2022 17:00,4.16,0.59
4/10/2022 18:00,2.89,0.41
4/10/2022 19:00,1.17,0.17
4/10/2022 20:00,0.11,0.02
4/10/2022 21:00,0.0,0.0
4/10/2022 22:00,0.0,0.0
4/10/2022 23:00,0.0,0.0
4/11/2022 0:00,0.0,0.0
4/11/2022 1:00,0.0,0.0
4/11/2022 2:00,0.0,0.0
4/11/2022 3:00,0.0,0.0
4/11/2022 4:00,0.0,0.0
4/11/2022 5:00,0.0,0.0
4/11/2022 6:00,0.0,0.0
4/11/2022 7:00,0.0,0.0
4/11/2022 8:00,0.0,0.0
4/11/2022 9:00,0.22,0.03
4/11/2022 10:00,0.68,0.1
4/11/2022 11:00,1.16,0.17
4/11/2022 12:00,1.77,0.25
4/11/2022 13:00,3.06,0.44
4/11/2022 14:00,3.77,0.54
4/11/2022 15:00,4.91,0.7
4/11/2022 16:00,4.54,0.65
4/11/2022 17:00,2.2,0.31
4/11/2022 18:00,0.93,0.13
4/11/2022 19:00,1.14,0.16
4/11/2022 20:00,0.16,0.02
4/11/2022 21:00,0.0,0.0
4/11/2022 22:00,0.0,0.0
4/11/2022 23:00,0.0,0.0
4/12/2022 0:00,0.0,0.0
4/12/2022 1:00,0.0,0.0
4/12/2022 2:00,0.0,0.0
4/12/2022 3:00,0.0,0.0
4/12/2022 4:00,0.0,0.0
4/12/2022 5:00,0.0,0.0
4/12/2022 6:00,0.0,0.0
4/12/2022 7:00,0.0,0.0
4/12/2022 8:00,0.0,0.0
4/12/2022 9:00,0.49,0.07
4/12/2022 10:00,2.36,0.34
4/12/2022 11:00,2.57,0.37
4/12/2022 12:00,2.5,0.36
4/12/2022 13:00,4.08,0.58
4/12/2022 14:00,5.34,0.76
4/12/2022 15:00,5.3,0.76
4/12/2022 16:00,4.55,0.65
4/12/2022 17:00,4.21,0.6
4/12/2022 18:00,2.74,0.39
4/12/2022 19:00,1.25,0.18
4/12/2022 20:00,0.18,0.03
4/12/2022 21:00,0.0,0.0
4/12/2022 22:00,0.0,0.0
4/12/2022 23:00,0.0,0.0
4/13/2022 0:00,0.0,0.0
4/13/2022 1:00,0.0,0.0
4/13/2022 2:00,0.0,0.0
4/13/2022 3:00,0.0,0.0
4/13/2022 4:00,0.0,0.0
4/13/2022 5:00,0.0,0.0
4/13/2022 6:00,0.0,0.0
4/13/2022 7:00,0.0,0.0
4/13/2022 8:00,0.14,0.02
4/13/2022 9:00,0.99,0.14
4/13/2022 10:00,2.38,0.34
4/13/2022 11:00,3.53,0.5
4/13/2022 12:00,4.49,0.64
4/13/2022 13:00,4.5,0.64
4/13/2022 14:00,3.29,0.47
4/13/2022 15:00,3.57,0.51
4/13/2022 16:00,4.32,0.62
4/13/2022 17:00,3.5,0.5
4/13/2022 18:00,2.61,0.37
4/13/2022 19:00,1.32,0.19
4/13/2022 20:00,0.18,0.03
4/13/2022 21:00,0.0,0.0
4/13/2022 22:00,0.0,0.0
4/13/2022 23:00,0.0,0.0
4/14/2022 0:00,0.0,0.0
4/14/2022 1:00,0.0,0.0
4/14/2022 2:00,0.0,0.0
4/14/2022 3:00,0.0,0.0
4/14/2022 4:00,0.0,0.0
4/14/2022 5:00,0.0,0.0
4/14/2022 6:00,0.0,0.0
4/14/2022 7:00,0.0,0.0
4/14/2022 8:00,0.13,0.02
4/14/2022 9:00,1.09,0.16
4/14/2022 10:00,2.87,0.41
4/14/2022 11:00,4.13,0.59
4/14/2022 12:00,4.94,0.71
4/14/2022 13:00,5.39,0.77
4/14/2022 14:00,5.49,0.78
4/14/2022 15:00,5.29,0.76
4/14/2022 16:00,4.75,0.68
4/14/2022 17:00,3.94,0.56
4/14/2022 18:00,2.74,0.39
4/14/2022 19:00,1.24,0.18
4/14/2022 20:00,0.19,0.03
4/14/2022 21:00,0.0,0.0
4/14/2022 22:00,0.0,0.0
4/14/2022 23:00,0.0,0.0
4/15/2022 0:00,0.0,0.0
4/15/2022 1:00,0.0,0.0
4/15/2022 2:00,0.0,0.0
4/15/2022 3:00,0.0,0.0
4/15/2022 4:00,0.0,0.0
4/15/2022 5:00,0.0,0.0
4/15/2022 6:00,0.0,0.0
4/15/2022 7:00,0.0,0.0
4/15/2022 8:00,0.13,0.02
4/15/2022 9:00,1.1,0.16
4/15/2022 10:00,2.86,0.41
4/15/2022 11:00,4.09,0.58
4/15/2022 12:00,4.89,0.7
4/15/2022 13:00,5.31,0.76
4/15/2022 14:00,5.37,0.77
4/15/2022 15:00,5.17,0.74
4/15/2022 16:00,4.68,0.67
4/15/2022 17:00,3.85,0.55
4/15/2022 18:00,2.71,0.39
4/15/2022 19:00,1.22,0.17
4/15/2022 20:00,0.18,0.03
4/15/2022 21:00,0.0,0.0
4/15/2022 22:00,0.0,0.0
4/15/2022 23:00,0.0,0.0
4/16/2022 0:00,0.0,0.0
4/16/2022 1:00,0.0,0.0
4/16/2022 2:00,0.0,0.0
4/16/2022 3:00,0.0,0.0
4/16/2022 4:00,0.0,0.0
4/16/2022 5:00,0.0,0.0
4/16/2022 6:00,0.0,0.0
4/16/2022 7:00,0.0,0.0
4/16/2022 8:00,0.14,0.02
4/16/2022 9:00,1.08,0.15
4/16/2022 10:00,2.79,0.4
4/16/2022 11:00,3.96,0.57
4/16/2022 12:00,4.69,0.67
4/16/2022 13:00,5.22,0.75
4/16/2022 14:00,5.3,0.76
4/16/2022 15:00,5.09,0.73
4/16/2022 16:00,4.59,0.66
4/16/2022 17:00,3.69,0.53
4/16/2022 18:00,2.57,0.37
4/16/2022 19:00,1.22,0.17
4/16/2022 20:00,0.2,0.03
4/16/2022 21:00,0.0,0.0
4/16/2022 22:00,0.0,0.0
4/16/2022 23:00,0.0,0.0
4/17/2022 0:00,0.0,0.0
4/17/2022 1:00,0.0,0.0
4/17/2022 2:00,0.0,0.0
4/17/2022 3:00,0.0,0.0
4/17/2022 4:00,0.0,0.0
4/17/2022 5:00,0.0,0.0
4/17/2022 6:00,0.0,0.0
4/17/2022 7:00,0.0,0.0
4/17/2022 8:00,0.31,0.04
4/17/2022 9:00,1.1,0.16
4/17/2022 10:00,2.66,0.38
4/17/2022 11:00,3.75,0.54
4/17/2022 12:00,4.41,0.63
4/17/2022 13:00,4.98,0.71
4/17/2022 14:00,5.23,0.75
4/17/2022 15:00,4.69,0.67
4/17/2022 16:00,4.53,0.65
4/17/2022 17:00,3.59,0.51
4/17/2022 18:00,2.52,0.36
4/17/2022 19:00,1.27,0.18
4/17/2022 20:00,0.23,0.03
4/17/2022 21:00,0.0,0.0
4/17/2022 22:00,0.0,0.0
4/17/2022 23:00,0.0,0.0
4/18/2022 0:00,0.0,0.0
4/18/2022 1:00,0.0,0.0
4/18/2022 2:00,0.0,0.0
4/18/2022 3:00,0.0,0.0
4/18/2022 4:00,0.0,0.0
4/18/2022 5:00,0.0,0.0
4/18/2022 6:00,0.0,0.0
4/18/2022 7:00,0.0,0.0
4/18/2022 8:00,0.19,0.03
4/18/2022 9:00,1.17,0.17
4/18/2022 10:00,2.86,0.41
4/18/2022 11:00,4.22,0.6
4/18/2022 12:00,5.03,0.72
4/18/2022 13:00,5.55,0.79
4/18/2022 14:00,5.68,0.81
4/18/2022 15:00,5.55,0.79
4/18/2022 16:00,5.06,0.72
4/18/2022 17:00,4.17,0.6
4/18/2022 18:00,2.92,0.42
4/18/2022 19:00,1.3,0.19
4/18/2022 20:00,0.21,0.03
4/18/2022 21:00,0.0,0.0
4/18/2022 22:00,0.0,0.0
4/18/2022 23:00,0.0,0.0
4/19/2022 0:00,0.0,0.0
4/19/2022 1:00,0.0,0.0
4/19/2022 2:00,0.0,0.0
4/19/2022 3:00,0.0,0.0
4/19/2022 4:00,0.0,0.0
4/19/2022 5:00,0.0,0.0
4/19/2022 6:00,0.0,0.0
4/19/2022 7:00,0.0,0.0
4/19/2022 8:00,0.3,0.04
4/19/2022 9:00,1.01,0.14
4/19/2022 10:00,2.18,0.31
4/19/2022 11:00,4.23,0.6
4/19/2022 12:00,5.23,0.75
4/19/2022 13:00,5.74,0.82
4/19/2022 14:00,5.58,0.8
4/19/2022 15:00,5.72,0.82
4/19/2022 16:00,5.02,0.72
4/19/2022 17:00,3.79,0.54
4/19/2022 18:00,2.88,0.41
4/19/2022 19:00,1.31,0.19
4/19/2022 20:00,0.23,0.03
4/19/2022 21:00,0.0,0.0
4/19/2022 22:00,0.0,0.0
4/19/2022 23:00,0.0,0.0
4/20/2022 0:00,0.0,0.0
4/20/2022 1:00,0.0,0.0
4/20/2022 2:00,0.0,0.0
4/20/2022 3:00,0.0,0.0
4/20/2022 4:00,0.0,0.0
4/20/2022 5:00,0.0,0.0
4/20/2022 6:00,0.0,0.0
4/20/2022 7:00,0.0,0.0
4/20/2022 8:00,0.23,0.03
4/20/2022 9:00,1.1,0.16
4/20/2022 10:00,2.56,0.37
4/20/2022 11:00,3.28,0.47
4/20/2022 12:00,5.07,0.72
4/20/2022 13:00,4.19,0.6
4/20/2022 14:00,4.6,0.66
4/20/2022 15:00,5.44,0.78
4/20/2022 16:00,5.2,0.74
4/20/2022 17:00,4.26,0.61
4/20/2022 18:00,2.9,0.41
4/20/2022 19:00,1.41,0.2
4/20/2022 20:00,0.34,0.05
4/20/2022 21:00,0.0,0.0
4/20/2022 22:00,0.0,0.0
4/20/2022 23:00,0.0,0.0
4/21/2022 0:00,0.0,0.0
4/21/2022 1:00,0.0,0.0
4/21/2022 2:00,0.0,0.0
4/21/2022 3:00,0.0,0.0
4/21/2022 4:00,0.0,0.0
4/21/2022 5:00,0.0,0.0
4/21/2022 6:00,0.0,0.0
4/21/2022 7:00,0.0,0.0
4/21/2022 8:00,0.07,0.01
4/21/2022 9:00,0.35,0.05
4/21/2022 10:00,0.7,0.1
4/21/2022 11:00,2.27,0.32
4/21/2022 12:00,1.34,0.19
4/21/2022 13:00,3.41,0.49
4/21/2022 14:00,3.81,0.54
4/21/2022 15:00,4.33,0.62
4/21/2022 16:00,1.89,0.27
4/21/2022 17:00,2.1,0.3
4/21/2022 18:00,1.42,0.2
4/21/2022 19:00,0.58,0.08
4/21/2022 20:00,0.26,0.04
4/21/2022 21:00,0.0,0.0
4/21/2022 22:00,0.0,0.0
4/21/2022 23:00,0.0,0.0
4/22/2022 0:00,0.0,0.0
4/22/2022 1:00,0.0,0.0
4/22/2022 2:00,0.0,0.0
4/22/2022 3:00,0.0,0.0
4/22/2022 4:00,0.0,0.0
4/22/2022 5:00,0.0,0.0
4/22/2022 6:00,0.0,0.0
4/22/2022 7:00,0.0,0.0
4/22/2022 8:00,0.09,0.01
4/22/2022 9:00,0.26,0.04
4/22/2022 10:00,0.53,0.08
4/22/2022 11:00,0.69,0.1
4/22/2022 12:00,0.43,0.06
4/22/2022 13:00,0.98,0.14
4/22/2022 14:00,1.43,0.2
4/22/2022 15:00,1.6,0.23
4/22/2022 16:00,1.05,0.15
4/22/2022 17:00,0.85,0.12
4/22/2022 18:00,2.25,0.32
4/22/2022 19:00,0.5,0.07
4/22/2022 20:00,0.16,0.02
4/22/2022 21:00,0.0,0.0
4/22/2022 22:00,0.0,0.0
4/22/2022 23:00,0.0,0.0
4/23/2022 0:00,0.0,0.0
4/23/2022 1:00,0.0,0.0
4/23/2022 2:00,0.0,0.0
4/23/2022 3:00,0.0,0.0
4/23/2022 4:00,0.0,0.0
4/23/2022 5:00,0.0,0.0
4/23/2022 6:00,0.0,0.0
4/23/2022 7:00,0.0,0.0
4/23/2022 8:00,0.22,0.03
4/23/2022 9:00,1.25,0.18
4/23/2022 10:00,2.58,0.37
4/23/2022 11:00,2.17,0.31
4/23/2022 12:00,2.54,0.36
4/23/2022 13:00,3.61,0.52
4/23/2022 14:00,4.92,0.7
4/23/2022 15:00,4.53,0.65
4/23/2022 16:00,4.01,0.57
4/23/2022 17:00,3.75,0.54
4/23/2022 18:00,2.61,0.37
4/23/2022 19:00,0.97,0.14
4/23/2022 20:00,0.3,0.04
4/23/2022 21:00,0.01,0.0
4/23/2022 22:00,0.0,0.0
4/23/2022 23:00,0.0,0.0
4/24/2022 0:00,0.0,0.0
4/24/2022 1:00,0.0,0.0
4/24/2022 2:00,0.0,0.0
4/24/2022 3:00,0.0,0.0
4/24/2022 4:00,0.0,0.0
4/24/2022 5:00,0.0,0.0
4/24/2022 6:00,0.0,0.0
4/24/2022 7:00,0.0,0.0
4/24/2022 8:00,0.29,0.04
4/24/2022 9:00,1.07,0.15
4/24/2022 10:00,1.83,0.26
4/24/2022 11:00,1.81,0.26
4/24/2022 12:00,3.32,0.47
4/24/2022 13:00,2.07,0.3
4/24/2022 14:00,2.13,0.3
4/24/2022 15:00,3.57,0.51
4/24/2022 16:00,1.41,0.2
4/24/2022 17:00,3.33,0.48
4/24/2022 18:00,2.85,0.41
4/24/2022 19:00,1.3,0.19
4/24/2022 20:00,0.24,0.03
4/24/2022 21:00,0.0,0.0
4/24/2022 22:00,0.0,0.0
4/24/2022 23:00,0.0,0.0
4/25/2022 0:00,0.0,0.0
4/25/2022 1:00,0.0,0.0
4/25/2022 2:00,0.0,0.0
4/25/2022 3:00,0.0,0.0
4/25/2022 4:00,0.0,0.0
4/25/2022 5:00,0.0,0.0
4/25/2022 6:00,0.0,0.0
4/25/2022 7:00,0.0,0.0
4/25/2022 8:00,0.24,0.03
4/25/2022 9:00,1.31,0.19
4/25/2022 10:00,3.09,0.44
4/25/2022 11:00,4.16,0.59
4/25/2022 12:00,5.14,0.73
4/25/2022 13:00,5.55,0.79
4/25/2022 14:00,5.73,0.82
4/25/2022 15:00,5.51,0.79
4/25/2022 16:00,5.06,0.72
4/25/2022 17:00,4.18,0.6
4/25/2022 18:00,2.91,0.42
4/25/2022 19:00,1.3,0.19
4/25/2022 20:00,0.21,0.03
4/25/2022 21:00,0.0,0.0
4/25/2022 22:00,0.0,0.0
4/25/2022 23:00,0.0,0.0
4/26/2022 0:00,0.0,0.0
4/26/2022 1:00,0.0,0.0
4/26/2022 2:00,0.0,0.0
4/26/2022 3:00,0.0,0.0
4/26/2022 4:00,0.0,0.0
4/26/2022 5:00,0.0,0.0
4/26/2022 6:00,0.0,0.0
4/26/2022 7:00,0.0,0.0
4/26/2022 8:00,0.05,0.01
4/26/2022 9:00,0.76,0.11
4/26/2022 10:00,1.22,0.17
4/26/2022 11:00,1.58,0.23
4/26/2022 12:00,2.74,0.39
4/26/2022 13:00,2.61,0.37
4/26/2022 14:00,3.5,0.5
4/26/2022 15:00,4.25,0.61
4/26/2022 16:00,3.76,0.54
4/26/2022 17:00,3.81,0.54
4/26/2022 18:00,2.58,0.37
4/26/2022 19:00,1.25,0.18
4/26/2022 20:00,0.24,0.03
4/26/2022 21:00,0.0,0.0
4/26/2022 22:00,0.0,0.0
4/26/2022 23:00,0.0,0.0
4/27/2022 0:00,0.0,0.0
4/27/2022 1:00,0.0,0.0
4/27/2022 2:00,0.0,0.0
4/27/2022 3:00,0.0,0.0
4/27/2022 4:00,0.0,0.0
4/27/2022 5:00,0.0,0.0
4/27/2022 6:00,0.0,0.0
4/27/2022 7:00,0.0,0.0
4/27/2022 8:00,0.3,0.04
4/27/2022 9:00,0.63,0.09
4/27/2022 10:00,1.19,0.17
4/27/2022 11:00,2.61,0.37
4/27/2022 12:00,2.25,0.32
4/27/2022 13:00,1.58,0.23
4/27/2022 14:00,3.6,0.51
4/27/2022 15:00,3.53,0.5
4/27/2022 16:00,3.09,0.44
4/27/2022 17:00,3.18,0.45
4/27/2022 18:00,2.63,0.38
4/27/2022 19:00,1.29,0.18
4/27/2022 20:00,0.26,0.04
4/27/2022 21:00,0.01,0.0
4/27/2022 22:00,0.0,0.0
4/27/2022 23:00,0.0,0.0
4/28/2022 0:00,0.0,0.0
4/28/2022 1:00,0.0,0.0
4/28/2022 2:00,0.0,0.0
4/28/2022 3:00,0.0,0.0
4/28/2022 4:00,0.0,0.0
4/28/2022 5:00,0.0,0.0
4/28/2022 6:00,0.0,0.0
4/28/2022 7:00,0.0,0.0
4/28/2022 8:00,0.26,0.04
4/28/2022 9:00,1.31,0.19
4/28/2022 10:00,2.4,0.34
4/28/2022 11:00,3.91,0.56
4/28/2022 12:00,4.47,0.64
4/28/2022 13:00,5.03,0.72
4/28/2022 14:00,4.74,0.68
4/28/2022 15:00,4.72,0.67
4/28/2022 16:00,3.93,0.56
4/28/2022 17:00,3.33,0.48
4/28/2022 18:00,2.73,0.39
4/28/2022 19:00,1.26,0.18
4/28/2022 20:00,0.23,0.03
4/28/2022 21:00,0.0,0.0
4/28/2022 22:00,0.0,0.0
4/28/2022 23:00,0.0,0.0
4/29/2022 0:00,0.0,0.0
4/29/2022 1:00,0.0,0.0
4/29/2022 2:00,0.0,0.0
4/29/2022 3:00,0.0,0.0
4/29/2022 4:00,0.0,0.0
4/29/2022 5:00,0.0,0.0
4/29/2022 6:00,0.0,0.0
4/29/2022 7:00,0.0,0.0
4/29/2022 8:00,0.28,0.04
4/29/2022 9:00,1.24,0.18
4/29/2022 10:00,2.86,0.41
4/29/2022 11:00,4.11,0.59
4/29/2022 12:00,4.94,0.71
4/29/2022 13:00,5.44,0.78
4/29/2022 14:00,5.53,0.79
4/29/2022 15:00,5.26,0.75
4/29/2022 16:00,4.55,0.65
4/29/2022 17:00,3.2,0.46
4/29/2022 18:00,2.61,0.37
4/29/2022 19:00,1.19,0.17
4/29/2022 20:00,0.29,0.04
4/29/2022 21:00,0.01,0.0
4/29/2022 22:00,0.0,0.0
4/29/2022 23:00,0.0,0.0
4/30/2022 0:00,0.0,0.0
4/30/2022 1:00,0.0,0.0
4/30/2022 2:00,0.0,0.0
4/30/2022 3:00,0.0,0.0
4/30/2022 4:00,0.0,0.0
4/30/2022 5:00,0.0,0.0
4/30/2022 6:00,0.0,0.0
4/30/2022 7:00,0.0,0.0
4/30/2022 8:00,0.26,0.04
4/30/2022 9:00,1.24,0.18
4/30/2022 10:00,2.86,0.41
4/30/2022 11:00,4.06,0.58
4/30/2022 12:00,4.78,0.68
4/30/2022 13:00,5.19,0.74
4/30/2022 14:00,5.18,0.74
4/30/2022 15:00,5.08,0.73
4/30/2022 16:00,4.33,0.62
4/30/2022 17:00,3.77,0.54
4/30/2022 18:00,2.63,0.38
4/30/2022 19:00,1.2,0.17
4/30/2022 20:00,0.27,0.04
4/30/2022 21:00,0.0,0.0
4/30/2022 22:00,0.0,0.0
4/30/2022 23:00,0.0,0.0
5/1/2022 0:00,0.0,0.0
5/1/2022 1:00,0.0,0.0
5/1/2022 2:00,0.0,0.0
5/1/2022 3:00,0.0,0.0
5/1/2022 4:00,0.0,0.0
5/1/2022 5:00,0.0,0.0
5/1/2022 6:00,0.0,0.0
5/1/2022 7:00,0.0,0.0
5/1/2022 8:00,0.27,0.04
5/1/2022 9:00,1.3,0.19
5/1/2022 10:00,2.93,0.42
5/1/2022 11:00,4.17,0.6
5/1/2022 12:00,5.0,0.71
5/1/2022 13:00,5.42,0.77
5/1/2022 14:00,5.52,0.79
5/1/2022 15:00,5.34,0.76
5/1/2022 16:00,4.87,0.7
5/1/2022 17:00,4.06,0.58
5/1/2022 18:00,2.85,0.41
5/1/2022 19:00,1.28,0.18
5/1/2022 20:00,0.25,0.04
5/1/2022 21:00,0.01,0.0
5/1/2022 22:00,0.0,0.0
5/1/2022 23:00,0.0,0.0
5/2/2022 0:00,0.0,0.0
5/2/2022 1:00,0.0,0.0
5/2/2022 2:00,0.0,0.0
5/2/2022 3:00,0.0,0.0
5/2/2022 4:00,0.0,0.0
5/2/2022 5:00,0.0,0.0
5/2/2022 6:00,0.0,0.0
5/2/2022 7:00,0.01,0.0
5/2/2022 8:00,0.42,0.06
5/2/2022 9:00,0.83,0.12
5/2/2022 10:00,0.73,0.1
5/2/2022 11:00,1.47,0.21
5/2/2022 12:00,2.49,0.36
5/2/2022 13:00,1.67,0.24
5/2/2022 14:00,2.7,0.39
5/2/2022 15:00,3.21,0.46
5/2/2022 16:00,1.68,0.24
5/2/2022 17:00,1.93,0.28
5/2/2022 18:00,2.2,0.31
5/2/2022 19:00,0.96,0.14
5/2/2022 20:00,0.19,0.03
5/2/2022 21:00,0.0,0.0
5/2/2022 22:00,0.0,0.0
5/2/2022 23:00,0.0,0.0
5/3/2022 0:00,0.0,0.0
5/3/2022 1:00,0.0,0.0
5/3/2022 2:00,0.0,0.0
5/3/2022 3:00,0.0,0.0
5/3/2022 4:00,0.0,0.0
5/3/2022 5:00,0.0,0.0
5/3/2022 6:00,0.0,0.0
5/3/2022 7:00,0.0,0.0
5/3/2022 8:00,0.28,0.04
5/3/2022 9:00,1.31,0.19
5/3/2022 10:00,2.98,0.43
5/3/2022 11:00,4.04,0.58
5/3/2022 12:00,4.99,0.71
5/3/2022 13:00,4.43,0.63
5/3/2022 14:00,3.78,0.54
5/3/2022 15:00,4.31,0.62
5/3/2022 16:00,4.79,0.68
5/3/2022 17:00,4.02,0.57
5/3/2022 18:00,1.23,0.18
5/3/2022 19:00,0.69,0.1
5/3/2022 20:00,0.27,0.04
5/3/2022 21:00,0.01,0.0
5/3/2022 22:00,0.0,0.0
5/3/2022 23:00,0.0,0.0
5/4/2022 0:00,0.0,0.0
5/4/2022 1:00,0.0,0.0
5/4/2022 2:00,0.0,0.0
5/4/2022 3:00,0.0,0.0
5/4/2022 4:00,0.0,0.0
5/4/2022 5:00,0.0,0.0
5/4/2022 6:00,0.0,0.0
5/4/2022 7:00,0.0,0.0
5/4/2022 8:00,0.25,0.04
5/4/2022 9:00,1.29,0.18
5/4/2022 10:00,2.98,0.43
5/4/2022 11:00,4.18,0.6
5/4/2022 12:00,4.99,0.71
5/4/2022 13:00,5.35,0.76
5/4/2022 14:00,4.78,0.68
5/4/2022 15:00,3.19,0.46
5/4/2022 16:00,2.53,0.36
5/4/2022 17:00,2.44,0.35
5/4/2022 18:00,2.09,0.3
5/4/2022 19:00,1.28,0.18
5/4/2022 20:00,0.28,0.04
5/4/2022 21:00,0.01,0.0
5/4/2022 22:00,0.0,0.0
5/4/2022 23:00,0.0,0.0
5/5/2022 0:00,0.0,0.0
5/5/2022 1:00,0.0,0.0
5/5/2022 2:00,0.0,0.0
5/5/2022 3:00,0.0,0.0
5/5/2022 4:00,0.0,0.0
5/5/2022 5:00,0.0,0.0
5/5/2022 6:00,0.0,0.0
5/5/2022 7:00,0.0,0.0
5/5/2022 8:00,0.27,0.04
5/5/2022 9:00,1.3,0.19
5/5/2022 10:00,2.92,0.42
5/5/2022 11:00,4.05,0.58
5/5/2022 12:00,4.79,0.68
5/5/2022 13:00,5.19,0.74
5/5/2022 14:00,5.28,0.75
5/5/2022 15:00,2.64,0.38
5/5/2022 16:00,4.24,0.61
5/5/2022 17:00,3.99,0.57
5/5/2022 18:00,2.77,0.4
5/5/2022 19:00,1.25,0.18
5/5/2022 20:00,0.27,0.04
5/5/2022 21:00,0.01,0.0
5/5/2022 22:00,0.0,0.0
5/5/2022 23:00,0.0,0.0
5/6/2022 0:00,0.0,0.0
5/6/2022 1:00,0.0,0.0
5/6/2022 2:00,0.0,0.0
5/6/2022 3:00,0.0,0.0
5/6/2022 4:00,0.0,0.0
5/6/2022 5:00,0.0,0.0
5/6/2022 6:00,0.0,0.0
5/6/2022 7:00,0.0,0.0
5/6/2022 8:00,0.27,0.04
5/6/2022 9:00,1.31,0.19
5/6/2022 10:00,2.88,0.41
5/6/2022 11:00,3.95,0.56
5/6/2022 12:00,4.5,0.64
5/6/2022 13:00,5.19,0.74
5/6/2022 14:00,5.34,0.76
5/6/2022 15:00,5.29,0.76
5/6/2022 16:00,4.92,0.7
5/6/2022 17:00,4.0,0.57
5/6/2022 18:00,2.75,0.39
5/6/2022 19:00,0.92,0.13
5/6/2022 20:00,0.42,0.06
5/6/2022 21:00,0.03,0.0
5/6/2022 22:00,0.0,0.0
5/6/2022 23:00,0.0,0.0
5/7/2022 0:00,0.0,0.0
5/7/2022 1:00,0.0,0.0
5/7/2022 2:00,0.0,0.0
5/7/2022 3:00,0.0,0.0
5/7/2022 4:00,0.0,0.0
5/7/2022 5:00,0.0,0.0
5/7/2022 6:00,0.0,0.0
5/7/2022 7:00,0.0,0.0
5/7/2022 8:00,0.28,0.04
5/7/2022 9:00,1.35,0.19
5/7/2022 10:00,2.94,0.42
5/7/2022 11:00,4.06,0.58
5/7/2022 12:00,4.78,0.68
5/7/2022 13:00,5.13,0.73
5/7/2022 14:00,5.11,0.73
5/7/2022 15:00,4.95,0.71
5/7/2022 16:00,4.48,0.64
5/7/2022 17:00,3.81,0.54
5/7/2022 18:00,2.72,0.39
5/7/2022 19:00,1.07,0.15
5/7/2022 20:00,0.26,0.04
5/7/2022 21:00,0.05,0.01
5/7/2022 22:00,0.0,0.0
5/7/2022 23:00,0.0,0.0
5/8/2022 0:00,0.0,0.0
5/8/2022 1:00,0.0,0.0
5/8/2022 2:00,0.0,0.0
5/8/2022 3:00,0.0,0.0
5/8/2022 4:00,0.0,0.0
5/8/2022 5:00,0.0,0.0
5/8/2022 6:00,0.0,0.0
5/8/2022 7:00,0.0,0.0
5/8/2022 8:00,0.22,0.03
5/8/2022 9:00,1.29,0.18
5/8/2022 10:00,2.78,0.4
5/8/2022 11:00,4.05,0.58
5/8/2022 12:00,4.81,0.69
5/8/2022 13:00,5.13,0.73
5/8/2022 14:00,5.14,0.73
5/8/2022 15:00,4.95,0.71
5/8/2022 16:00,4.56,0.65
5/8/2022 17:00,3.78,0.54
5/8/2022 18:00,2.65,0.38
5/8/2022 19:00,1.21,0.17
5/8/2022 20:00,0.25,0.04
5/8/2022 21:00,0.01,0.0
5/8/2022 22:00,0.0,0.0
5/8/2022 23:00,0.0,0.0
5/9/2022 0:00,0.0,0.0
5/9/2022 1:00,0.0,0.0
5/9/2022 2:00,0.0,0.0
5/9/2022 3:00,0.0,0.0
5/9/2022 4:00,0.0,0.0
5/9/2022 5:00,0.0,0.0
5/9/2022 6:00,0.0,0.0
5/9/2022 7:00,0.0,0.0
5/9/2022 8:00,0.29,0.04
5/9/2022 9:00,1.34,0.19
5/9/2022 10:00,2.89,0.41
5/9/2022 11:00,3.97,0.57
5/9/2022 12:00,4.68,0.67
5/9/2022 13:00,4.99,0.71
5/9/2022 14:00,5.07,0.72
5/9/2022 15:00,4.9,0.7
5/9/2022 16:00,4.41,0.63
5/9/2022 17:00,3.51,0.5
5/9/2022 18:00,2.58,0.37
5/9/2022 19:00,1.2,0.17
5/9/2022 20:00,0.27,0.04
5/9/2022 21:00,0.02,0.0
5/9/2022 22:00,0.0,0.0
5/9/2022 23:00,0.0,0.0
5/10/2022 0:00,0.0,0.0
5/10/2022 1:00,0.0,0.0
5/10/2022 2:00,0.0,0.0
5/10/2022 3:00,0.0,0.0
5/10/2022 4:00,0.0,0.0
5/10/2022 5:00,0.0,0.0
5/10/2022 6:00,0.0,0.0
5/10/2022 7:00,0.01,0.0
5/10/2022 8:00,0.29,0.04
5/10/2022 9:00,1.33,0.19
5/10/2022 10:00,2.85,0.41
5/10/2022 11:00,3.94,0.56
5/10/2022 12:00,4.66,0.67
5/10/2022 13:00,5.09,0.73
5/10/2022 14:00,5.34,0.76
5/10/2022 15:00,4.96,0.71
5/10/2022 16:00,4.68,0.67
5/10/2022 17:00,3.96,0.57
5/10/2022 18:00,2.75,0.39
5/10/2022 19:00,1.25,0.18
5/10/2022 20:00,0.27,0.04
5/10/2022 21:00,0.02,0.0
5/10/2022 22:00,0.0,0.0
5/10/2022 23:00,0.0,0.0
5/11/2022 0:00,0.0,0.0
5/11/2022 1:00,0.0,0.0
5/11/2022 2:00,0.0,0.0
5/11/2022 3:00,0.0,0.0
5/11/2022 4:00,0.0,0.0
5/11/2022 5:00,0.0,0.0
5/11/2022 6:00,0.0,0.0
5/11/2022 7:00,0.01,0.0
5/11/2022 8:00,0.39,0.06
5/11/2022 9:00,1.29,0.18
5/11/2022 10:00,2.89,0.41
5/11/2022 11:00,3.75,0.54
5/11/2022 12:00,4.62,0.66
5/11/2022 13:00,4.66,0.67
5/11/2022 14:00,4.85,0.69
5/11/2022 15:00,4.95,0.71
5/11/2022 16:00,4.49,0.64
5/11/2022 17:00,3.59,0.51
5/11/2022 18:00,2.24,0.32
5/11/2022 19:00,1.03,0.15
5/11/2022 20:00,0.39,0.06
5/11/2022 21:00,0.03,0.0
5/11/2022 22:00,0.0,0.0
5/11/2022 23:00,0.0,0.0
5/12/2022 0:00,0.0,0.0
5/12/2022 1:00,0.0,0.0
5/12/2022 2:00,0.0,0.0
5/12/2022 3:00,0.0,0.0
5/12/2022 4:00,0.0,0.0
5/12/2022 5:00,0.0,0.0
5/12/2022 6:00,0.0,0.0
5/12/2022 7:00,0.0,0.0
5/12/2022 8:00,0.24,0.03
5/12/2022 9:00,1.33,0.19
5/12/2022 10:00,2.86,0.41
5/12/2022 11:00,3.93,0.56
5/12/2022 12:00,4.71,0.67
5/12/2022 13:00,5.08,0.73
5/12/2022 14:00,5.1,0.73
5/12/2022 15:00,4.94,0.71
5/12/2022 16:00,4.5,0.64
5/12/2022 17:00,3.67,0.52
5/12/2022 18:00,2.53,0.36
5/12/2022 19:00,1.17,0.17
5/12/2022 20:00,0.28,0.04
5/12/2022 21:00,0.02,0.0
5/12/2022 22:00,0.0,0.0
5/12/2022 23:00,0.0,0.0
5/13/2022 0:00,0.0,0.0
5/13/2022 1:00,0.0,0.0
5/13/2022 2:00,0.0,0.0
5/13/2022 3:00,0.0,0.0
5/13/2022 4:00,0.0,0.0
5/13/2022 5:00,0.0,0.0
5/13/2022 6:00,0.0,0.0
5/13/2022 7:00,0.01,0.0
5/13/2022 8:00,0.32,0.05
5/13/2022 9:00,1.27,0.18
5/13/2022 10:00,2.78,0.4
5/13/2022 11:00,3.89,0.56
5/13/2022 12:00,4.52,0.65
5/13/2022 13:00,4.87,0.7
5/13/2022 14:00,5.02,0.72
5/13/2022 15:00,4.56,0.65
5/13/2022 16:00,4.28,0.61
5/13/2022 17:00,2.73,0.39
5/13/2022 18:00,1.62,0.23
5/13/2022 19:00,1.02,0.15
5/13/2022 20:00,0.41,0.06
5/13/2022 21:00,0.04,0.01
5/13/2022 22:00,0.0,0.0
5/13/2022 23:00,0.0,0.0
5/14/2022 0:00,0.0,0.0
5/14/2022 1:00,0.0,0.0
5/14/2022 2:00,0.0,0.0
5/14/2022 3:00,0.0,0.0
5/14/2022 4:00,0.0,0.0
5/14/2022 5:00,0.0,0.0
5/14/2022 6:00,0.0,0.0
5/14/2022 7:00,0.0,0.0
5/14/2022 8:00,0.31,0.04
5/14/2022 9:00,1.29,0.18
5/14/2022 10:00,2.79,0.4
5/14/2022 11:00,3.97,0.57
5/14/2022 12:00,4.88,0.7
5/14/2022 13:00,5.35,0.76
5/14/2022 14:00,5.49,0.78
5/14/2022 15:00,5.3,0.76
5/14/2022 16:00,4.28,0.61
5/14/2022 17:00,2.98,0.43
5/14/2022 18:00,1.51,0.22
5/14/2022 19:00,0.83,0.12
5/14/2022 20:00,0.21,0.03
5/14/2022 21:00,0.0,0.0
5/14/2022 22:00,0.0,0.0
5/14/2022 23:00,0.0,0.0
5/15/2022 0:00,0.0,0.0
5/15/2022 1:00,0.0,0.0
5/15/2022 2:00,0.0,0.0
5/15/2022 3:00,0.0,0.0
5/15/2022 4:00,0.0,0.0
5/15/2022 5:00,0.0,0.0
5/15/2022 6:00,0.0,0.0
5/15/2022 7:00,0.0,0.0
5/15/2022 8:00,0.17,0.02
5/15/2022 9:00,0.36,0.05
5/15/2022 10:00,0.65,0.09
5/15/2022 11:00,1.03,0.15
5/15/2022 12:00,2.19,0.31
5/15/2022 13:00,3.63,0.52
5/15/2022 14:00,2.54,0.36
5/15/2022 15:00,3.37,0.48
5/15/2022 16:00,2.41,0.34
5/15/2022 17:00,2.99,0.43
5/15/2022 18:00,1.68,0.24
5/15/2022 19:00,1.22,0.17
5/15/2022 20:00,0.71,0.1
5/15/2022 21:00,0.03,0.0
5/15/2022 22:00,0.0,0.0
5/15/2022 23:00,0.0,0.0
5/16/2022 0:00,0.0,0.0
5/16/2022 1:00,0.0,0.0
5/16/2022 2:00,0.0,0.0
5/16/2022 3:00,0.0,0.0
5/16/2022 4:00,0.0,0.0
5/16/2022 5:00,0.0,0.0
5/16/2022 6:00,0.0,0.0
5/16/2022 7:00,0.0,0.0
5/16/2022 8:00,0.13,0.02
5/16/2022 9:00,0.36,0.05
5/16/2022 10:00,0.45,0.06
5/16/2022 11:00,0.63,0.09
5/16/2022 12:00,0.83,0.12
5/16/2022 13:00,1.37,0.2
5/16/2022 14:00,1.44,0.21
5/16/2022 15:00,2.62,0.37
5/16/2022 16:00,3.24,0.46
5/16/2022 17:00,2.01,0.29
5/16/2022 18:00,1.69,0.24
5/16/2022 19:00,0.8,0.11
5/16/2022 20:00,0.39,0.06
5/16/2022 21:00,0.01,0.0
5/16/2022 22:00,0.0,0.0
5/16/2022 23:00,0.0,0.0
5/17/2022 0:00,0.0,0.0
5/17/2022 1:00,0.0,0.0
5/17/2022 2:00,0.0,0.0
5/17/2022 3:00,0.0,0.0
5/17/2022 4:00,0.0,0.0
5/17/2022 5:00,0.0,0.0
5/17/2022 6:00,0.0,0.0
5/17/2022 7:00,0.01,0.0
5/17/2022 8:00,0.33,0.05
5/17/2022 9:00,1.41,0.2
5/17/2022 10:00,2.89,0.41
5/17/2022 11:00,4.0,0.57
5/17/2022 12:00,4.51,0.64
5/17/2022 13:00,5.04,0.72
5/17/2022 14:00,5.28,0.75
5/17/2022 15:00,5.08,0.73
5/17/2022 16:00,4.56,0.65
5/17/2022 17:00,3.8,0.54
5/17/2022 18:00,2.67,0.38
5/17/2022 19:00,1.09,0.16
5/17/2022 20:00,0.38,0.05
5/17/2022 21:00,0.04,0.01
5/17/2022 22:00,0.0,0.0
5/17/2022 23:00,0.0,0.0
5/18/2022 0:00,0.0,0.0
5/18/2022 1:00,0.0,0.0
5/18/2022 2:00,0.0,0.0
5/18/2022 3:00,0.0,0.0
5/18/2022 4:00,0.0,0.0
5/18/2022 5:00,0.0,0.0
5/18/2022 6:00,0.0,0.0
5/18/2022 7:00,0.01,0.0
5/18/2022 8:00,0.29,0.04
5/18/2022 9:00,0.44,0.06
5/18/2022 10:00,1.42,0.2
5/18/2022 11:00,3.21,0.46
5/18/2022 12:00,3.08,0.44
5/18/2022 13:00,2.75,0.39
5/18/2022 14:00,3.31,0.47
5/18/2022 15:00,3.2,0.46
5/18/2022 16:00,4.13,0.59
5/18/2022 17:00,3.81,0.54
5/18/2022 18:00,2.49,0.36
5/18/2022 19:00,1.24,0.18
5/18/2022 20:00,0.28,0.04
5/18/2022 21:00,0.03,0.0
5/18/2022 22:00,0.0,0.0
5/18/2022 23:00,0.0,0.0
5/19/2022 0:00,0.0,0.0
5/19/2022 1:00,0.0,0.0
5/19/2022 2:00,0.0,0.0
5/19/2022 3:00,0.0,0.0
5/19/2022 4:00,0.0,0.0
5/19/2022 5:00,0.0,0.0
5/19/2022 6:00,0.0,0.0
5/19/2022 7:00,0.04,0.01
5/19/2022 8:00,0.41,0.06
5/19/2022 9:00,1.38,0.2
5/19/2022 10:00,3.02,0.43
5/19/2022 11:00,3.51,0.5
5/19/2022 12:00,4.48,0.64
5/19/2022 13:00,4.74,0.68
5/19/2022 14:00,4.28,0.61
5/19/2022 15:00,4.43,0.63
5/19/2022 16:00,3.35,0.48
5/19/2022 17:00,3.49,0.5
5/19/2022 18:00,2.2,0.31
5/19/2022 19:00,1.05,0.15
5/19/2022 20:00,0.33,0.05
5/19/2022 21:00,0.05,0.01
5/19/2022 22:00,0.0,0.0
5/19/2022 23:00,0.0,0.0
5/20/2022 0:00,0.0,0.0
5/20/2022 1:00,0.0,0.0
5/20/2022 2:00,0.0,0.0
5/20/2022 3:00,0.0,0.0
5/20/2022 4:00,0.0,0.0
5/20/2022 5:00,0.0,0.0
5/20/2022 6:00,0.0,0.0
5/20/2022 7:00,0.02,0.0
5/20/2022 8:00,0.44,0.06
5/20/2022 9:00,1.06,0.15
5/20/2022 10:00,2.03,0.29
5/20/2022 11:00,3.51,0.5
5/20/2022 12:00,3.93,0.56
5/20/2022 13:00,3.1,0.44
5/20/2022 14:00,2.47,0.35
5/20/2022 15:00,2.45,0.35
5/20/2022 16:00,1.68,0.24
5/20/2022 17:00,1.51,0.22
5/20/2022 18:00,0.91,0.13
5/20/2022 19:00,0.67,0.1
5/20/2022 20:00,0.35,0.05
5/20/2022 21:00,0.05,0.01
5/20/2022 22:00,0.0,0.0
5/20/2022 23:00,0.0,0.0
5/21/2022 0:00,0.0,0.0
5/21/2022 1:00,0.0,0.0
5/21/2022 2:00,0.0,0.0
5/21/2022 3:00,0.0,0.0
5/21/2022 4:00,0.0,0.0
5/21/2022 5:00,0.0,0.0
5/21/2022 6:00,0.0,0.0
5/21/2022 7:00,0.0,0.0
5/21/2022 8:00,0.14,0.02
5/21/2022 9:00,0.88,0.13
5/21/2022 10:00,1.68,0.24
5/21/2022 11:00,1.98,0.28
5/21/2022 12:00,1.11,0.16
5/21/2022 13:00,3.16,0.45
5/21/2022 14:00,2.82,0.4
5/21/2022 15:00,3.2,0.46
5/21/2022 16:00,4.78,0.68
5/21/2022 17:00,3.94,0.56
5/21/2022 18:00,2.59,0.37
5/21/2022 19:00,0.58,0.08
5/21/2022 20:00,0.2,0.03
5/21/2022 21:00,0.02,0.0
5/21/2022 22:00,0.0,0.0
5/21/2022 23:00,0.0,0.0
5/22/2022 0:00,0.0,0.0
5/22/2022 1:00,0.0,0.0
5/22/2022 2:00,0.0,0.0
5/22/2022 3:00,0.0,0.0
5/22/2022 4:00,0.0,0.0
5/22/2022 5:00,0.0,0.0
5/22/2022 6:00,0.0,0.0
5/22/2022 7:00,0.0,0.0
5/22/2022 8:00,0.08,0.01
5/22/2022 9:00,0.3,0.04
5/22/2022 10:00,0.56,0.08
5/22/2022 11:00,0.93,0.13
5/22/2022 12:00,1.19,0.17
5/22/2022 13:00,1.52,0.22
5/22/2022 14:00,1.09,0.16
5/22/2022 15:00,1.37,0.2
5/22/2022 16:00,2.39,0.34
5/22/2022 17:00,0.88,0.13
5/22/2022 18:00,1.12,0.16
5/22/2022 19:00,0.47,0.07
5/22/2022 20:00,0.28,0.04
5/22/2022 21:00,0.0,0.0
5/22/2022 22:00,0.0,0.0
5/22/2022 23:00,0.0,0.0
5/23/2022 0:00,0.0,0.0
5/23/2022 1:00,0.0,0.0
5/23/2022 2:00,0.0,0.0
5/23/2022 3:00,0.0,0.0
5/23/2022 4:00,0.0,0.0
5/23/2022 5:00,0.0,0.0
5/23/2022 6:00,0.0,0.0
5/23/2022 7:00,0.02,0.0
5/23/2022 8:00,0.44,0.06
5/23/2022 9:00,1.28,0.18
5/23/2022 10:00,3.15,0.45
5/23/2022 11:00,4.08,0.58
5/23/2022 12:00,4.59,0.66
5/23/2022 13:00,4.94,0.71
5/23/2022 14:00,4.71,0.67
5/23/2022 15:00,5.09,0.73
5/23/2022 16:00,4.52,0.65
5/23/2022 17:00,3.22,0.46
5/23/2022 18:00,2.19,0.31
5/23/2022 19:00,1.31,0.19
5/23/2022 20:00,0.37,0.05
5/23/2022 21:00,0.05,0.01
5/23/2022 22:00,0.0,0.0
5/23/2022 23:00,0.0,0.0
5/24/2022 0:00,0.0,0.0
5/24/2022 1:00,0.0,0.0
5/24/2022 2:00,0.0,0.0
5/24/2022 3:00,0.0,0.0
5/24/2022 4:00,0.0,0.0
5/24/2022 5:00,0.0,0.0
5/24/2022 6:00,0.0,0.0
5/24/2022 7:00,0.04,0.01
5/24/2022 8:00,0.35,0.05
5/24/2022 9:00,1.53,0.22
5/24/2022 10:00,3.41,0.49
5/24/2022 11:00,2.79,0.4
5/24/2022 12:00,4.17,0.6
5/24/2022 13:00,5.27,0.75
5/24/2022 14:00,5.35,0.76
5/24/2022 15:00,4.49,0.64
5/24/2022 16:00,4.15,0.59
5/24/2022 17:00,2.77,0.4
5/24/2022 18:00,2.54,0.36
5/24/2022 19:00,1.45,0.21
5/24/2022 20:00,0.48,0.07
5/24/2022 21:00,0.07,0.01
5/24/2022 22:00,0.0,0.0
5/24/2022 23:00,0.0,0.0
5/25/2022 0:00,0.0,0.0
5/25/2022 1:00,0.0,0.0
5/25/2022 2:00,0.0,0.0
5/25/2022 3:00,0.0,0.0
5/25/2022 4:00,0.0,0.0
5/25/2022 5:00,0.0,0.0
5/25/2022 6:00,0.0,0.0
5/25/2022 7:00,0.04,0.01
5/25/2022 8:00,0.45,0.06
5/25/2022 9:00,1.15,0.16
5/25/2022 10:00,2.23,0.32
5/25/2022 11:00,2.04,0.29
5/25/2022 12:00,3.14,0.45
5/25/2022 13:00,4.91,0.7
5/25/2022 14:00,5.15,0.74
5/25/2022 15:00,4.88,0.7
5/25/2022 16:00,4.45,0.64
5/25/2022 17:00,3.61,0.52
5/25/2022 18:00,2.75,0.39
5/25/2022 19:00,1.31,0.19
5/25/2022 20:00,0.3,0.04
5/25/2022 21:00,0.03,0.0
5/25/2022 22:00,0.0,0.0
5/25/2022 23:00,0.0,0.0
5/26/2022 0:00,0.0,0.0
5/26/2022 1:00,0.0,0.0
5/26/2022 2:00,0.0,0.0
5/26/2022 3:00,0.0,0.0
5/26/2022 4:00,0.0,0.0
5/26/2022 5:00,0.0,0.0
5/26/2022 6:00,0.0,0.0
5/26/2022 7:00,0.01,0.0
5/26/2022 8:00,0.31,0.04
5/26/2022 9:00,1.4,0.2
5/26/2022 10:00,3.0,0.43
5/26/2022 11:00,4.1,0.59
5/26/2022 12:00,4.76,0.68
5/26/2022 13:00,5.15,0.74
5/26/2022 14:00,5.2,0.74
5/26/2022 15:00,5.0,0.71
5/26/2022 16:00,4.6,0.66
5/26/2022 17:00,3.85,0.55
5/26/2022 18:00,2.69,0.38
5/26/2022 19:00,1.3,0.19
5/26/2022 20:00,0.3,0.04
5/26/2022 21:00,0.04,0.01
5/26/2022 22:00,0.0,0.0
5/26/2022 23:00,0.0,0.0
5/27/2022 0:00,0.0,0.0
5/27/2022 1:00,0.0,0.0
5/27/2022 2:00,0.0,0.0
5/27/2022 3:00,0.0,0.0
5/27/2022 4:00,0.0,0.0
5/27/2022 5:00,0.0,0.0
5/27/2022 6:00,0.0,0.0
5/27/2022 7:00,0.01,0.0
5/27/2022 8:00,0.32,0.05
5/27/2022 9:00,1.36,0.19
5/27/2022 10:00,2.92,0.42
5/27/2022 11:00,3.99,0.57
5/27/2022 12:00,4.75,0.68
5/27/2022 13:00,5.17,0.74
5/27/2022 14:00,5.25,0.75
5/27/2022 15:00,4.65,0.66
5/27/2022 16:00,4.32,0.62
5/27/2022 17:00,3.75,0.54
5/27/2022 18:00,2.63,0.38
5/27/2022 19:00,1.26,0.18
5/27/2022 20:00,0.28,0.04
5/27/2022 21:00,0.03,0.0
5/27/2022 22:00,0.0,0.0
5/27/2022 23:00,0.0,0.0
5/28/2022 0:00,0.0,0.0
5/28/2022 1:00,0.0,0.0
5/28/2022 2:00,0.0,0.0
5/28/2022 3:00,0.0,0.0
5/28/2022 4:00,0.0,0.0
5/28/2022 5:00,0.0,0.0
5/28/2022 6:00,0.0,0.0
5/28/2022 7:00,0.04,0.01
5/28/2022 8:00,0.35,0.05
5/28/2022 9:00,1.52,0.22
5/28/2022 10:00,3.05,0.44
5/28/2022 11:00,4.18,0.6
5/28/2022 12:00,4.9,0.7
5/28/2022 13:00,5.34,0.76
5/28/2022 14:00,5.44,0.78
5/28/2022 15:00,5.27,0.75
5/28/2022 16:00,4.78,0.68
5/28/2022 17:00,4.01,0.57
5/28/2022 18:00,2.45,0.35
5/28/2022 19:00,1.39,0.2
5/28/2022 20:00,0.36,0.05
5/28/2022 21:00,0.05,0.01
5/28/2022 22:00,0.0,0.0
5/28/2022 23:00,0.0,0.0
5/29/2022 0:00,0.0,0.0
5/29/2022 1:00,0.0,0.0
5/29/2022 2:00,0.0,0.0
5/29/2022 3:00,0.0,0.0
5/29/2022 4:00,0.0,0.0
5/29/2022 5:00,0.0,0.0
5/29/2022 6:00,0.0,0.0
5/29/2022 7:00,0.0,0.0
5/29/2022 8:00,0.12,0.02
5/29/2022 9:00,0.45,0.06
5/29/2022 10:00,0.62,0.09
5/29/2022 11:00,0.74,0.11
5/29/2022 12:00,1.2,0.17
5/29/2022 13:00,1.94,0.28
5/29/2022 14:00,1.87,0.27
5/29/2022 15:00,2.72,0.39
5/29/2022 16:00,2.62,0.37
5/29/2022 17:00,2.25,0.32
5/29/2022 18:00,1.26,0.18
5/29/2022 19:00,0.78,0.11
5/29/2022 20:00,0.17,0.02
5/29/2022 21:00,0.02,0.0
5/29/2022 22:00,0.0,0.0
5/29/2022 23:00,0.0,0.0
5/30/2022 0:00,0.0,0.0
5/30/2022 1:00,0.0,0.0
5/30/2022 2:00,0.0,0.0
5/30/2022 3:00,0.0,0.0
5/30/2022 4:00,0.0,0.0
5/30/2022 5:00,0.0,0.0
5/30/2022 6:00,0.0,0.0
5/30/2022 7:00,0.01,0.0
5/30/2022 8:00,0.03,0.0
5/30/2022 9:00,0.29,0.04
5/30/2022 10:00,0.93,0.13
5/30/2022 11:00,1.55,0.22
5/30/2022 12:00,1.07,0.15
5/30/2022 13:00,1.22,0.17
5/30/2022 14:00,1.67,0.24
5/30/2022 15:00,2.86,0.41
5/30/2022 16:00,2.06,0.29
5/30/2022 17:00,1.5,0.21
5/30/2022 18:00,0.76,0.11
5/30/2022 19:00,0.62,0.09
5/30/2022 20:00,0.29,0.04
5/30/2022 21:00,0.01,0.0
5/30/2022 22:00,0.0,0.0
5/30/2022 23:00,0.0,0.0
5/31/2022 0:00,0.0,0.0
5/31/2022 1:00,0.0,0.0
5/31/2022 2:00,0.0,0.0
5/31/2022 3:00,0.0,0.0
5/31/2022 4:00,0.0,0.0
5/31/2022 5:00,0.0,0.0
5/31/2022 6:00,0.0,0.0
5/31/2022 7:00,0.0,0.0
5/31/2022 8:00,0.25,0.04
5/31/2022 9:00,0.37,0.05
5/31/2022 10:00,0.9,0.13
5/31/2022 11:00,1.37,0.2
5/31/2022 12:00,3.18,0.45
5/31/2022 13:00,4.72,0.67
5/31/2022 14:00,4.93,0.7
5/31/2022 15:00,5.05,0.72
5/31/2022 16:00,4.31,0.62
5/31/2022 17:00,3.18,0.45
5/31/2022 18:00,2.49,0.36
5/31/2022 19:00,1.43,0.2
5/31/2022 20:00,0.37,0.05
5/31/2022 21:00,0.06,0.01
5/31/2022 22:00,0.0,0.0
5/31/2022 23:00,0.0,0.0
6/1/2022 1:00,0.0,0.0
6/1/2022 2:00,0.0,0.0
6/1/2022 3:00,0.0,0.0
6/1/2022 4:00,0.0,0.0
6/1/2022 5:00,0.0,0.0
6/1/2022 6:00,0.0,0.0
6/1/2022 7:00,0.07,0.01
6/1/2022 8:00,0.46,0.07
6/1/2022 9:00,1.05,0.15
6/1/2022 10:00,1.68,0.24
6/1/2022 11:00,3.16,0.45
6/1/2022 12:00,2.71,0.39
6/1/2022 13:00,2.45,0.35
6/1/2022 14:00,1.76,0.25
6/1/2022 15:00,2.7,0.39
6/1/2022 16:00,2.21,0.32
6/1/2022 17:00,3.04,0.43
6/1/2022 18:00,1.77,0.25
6/1/2022 19:00,1.66,0.24
6/1/2022 20:00,0.58,0.08
6/1/2022 21:00,0.14,0.02
6/1/2022 22:00,0.0,0.0
6/1/2022 23:00,0.0,0.0
6/2/2022 0:00,0.0,0.0
6/2/2022 1:00,0.0,0.0
6/2/2022 2:00,0.0,0.0
6/2/2022 3:00,0.0,0.0
6/2/2022 4:00,0.0,0.0
6/2/2022 5:00,0.0,0.0
6/2/2022 6:00,0.0,0.0
6/2/2022 7:00,0.02,0.0
6/2/2022 8:00,0.2,0.03
6/2/2022 9:00,0.72,0.1
6/2/2022 10:00,1.37,0.2
6/2/2022 11:00,2.4,0.34
6/2/2022 12:00,2.9,0.41
6/2/2022 13:00,4.28,0.61
6/2/2022 14:00,4.26,0.61
6/2/2022 15:00,2.82,0.4
6/2/2022 16:00,2.69,0.38
6/2/2022 17:00,2.51,0.36
6/2/2022 18:00,1.92,0.27
6/2/2022 19:00,1.07,0.15
6/2/2022 20:00,0.5,0.07
6/2/2022 21:00,0.02,0.0
6/2/2022 22:00,0.0,0.0
6/2/2022 23:00,0.0,0.0
6/3/2022 0:00,0.0,0.0
6/3/2022 1:00,0.0,0.0
6/3/2022 2:00,0.0,0.0
6/3/2022 3:00,0.0,0.0
6/3/2022 4:00,0.0,0.0
6/3/2022 5:00,0.0,0.0
6/3/2022 6:00,0.0,0.0
6/3/2022 7:00,0.02,0.0
6/3/2022 8:00,0.17,0.02
6/3/2022 9:00,0.54,0.08
6/3/2022 10:00,0.78,0.11
6/3/2022 11:00,2.02,0.29
6/3/2022 12:00,1.55,0.22
6/3/2022 13:00,2.12,0.3
6/3/2022 14:00,2.39,0.34
6/3/2022 15:00,3.36,0.48
6/3/2022 16:00,3.09,0.44
6/3/2022 17:00,1.69,0.24
6/3/2022 18:00,1.47,0.21
6/3/2022 19:00,1.3,0.19
6/3/2022 20:00,0.41,0.06
6/3/2022 21:00,0.03,0.0
6/3/2022 22:00,0.0,0.0
6/3/2022 23:00,0.0,0.0
6/4/2022 0:00,0.0,0.0
6/4/2022 1:00,0.0,0.0
6/4/2022 2:00,0.0,0.0
6/4/2022 3:00,0.0,0.0
6/4/2022 4:00,0.0,0.0
6/4/2022 5:00,0.0,0.0
6/4/2022 6:00,0.0,0.0
6/4/2022 7:00,0.11,0.02
6/4/2022 8:00,0.53,0.08
6/4/2022 9:00,0.86,0.12
6/4/2022 10:00,0.88,0.13
6/4/2022 11:00,1.81,0.26
6/4/2022 12:00,2.71,0.39
6/4/2022 13:00,1.59,0.23
6/4/2022 14:00,3.98,0.57
6/4/2022 15:00,2.1,0.3
6/4/2022 16:00,1.99,0.28
6/4/2022 17:00,2.11,0.3
6/4/2022 18:00,1.82,0.26
6/4/2022 19:00,1.54,0.22
6/4/2022 20:00,0.34,0.05
6/4/2022 21:00,0.05,0.01
6/4/2022 22:00,0.0,0.0
6/4/2022 23:00,0.0,0.0
6/5/2022 0:00,0.0,0.0
6/5/2022 1:00,0.0,0.0
6/5/2022 2:00,0.0,0.0
6/5/2022 3:00,0.0,0.0
6/5/2022 4:00,0.0,0.0
6/5/2022 5:00,0.0,0.0
6/5/2022 6:00,0.0,0.0
6/5/2022 7:00,0.02,0.0
6/5/2022 8:00,0.4,0.06
6/5/2022 9:00,1.16,0.17
6/5/2022 10:00,1.5,0.21
6/5/2022 11:00,1.73,0.25
6/5/2022 12:00,3.66,0.52
6/5/2022 13:00,4.58,0.65
6/5/2022 14:00,4.99,0.71
6/5/2022 15:00,5.25,0.75
6/5/2022 16:00,4.69,0.67
6/5/2022 17:00,3.94,0.56
6/5/2022 18:00,2.74,0.39
6/5/2022 19:00,1.38,0.2
6/5/2022 20:00,0.34,0.05
6/5/2022 21:00,0.05,0.01
6/5/2022 22:00,0.0,0.0
6/5/2022 23:00,0.0,0.0
6/6/2022 0:00,0.0,0.0
6/6/2022 1:00,0.0,0.0
6/6/2022 2:00,0.0,0.0
6/6/2022 3:00,0.0,0.0
6/6/2022 4:00,0.0,0.0
6/6/2022 5:00,0.0,0.0
6/6/2022 6:00,0.0,0.0
6/6/2022 7:00,0.02,0.0
6/6/2022 8:00,0.33,0.05
6/6/2022 9:00,1.29,0.18
6/6/2022 10:00,1.6,0.23
6/6/2022 11:00,3.98,0.57
6/6/2022 12:00,4.81,0.69
6/6/2022 13:00,5.13,0.73
6/6/2022 14:00,5.25,0.75
6/6/2022 15:00,5.02,0.72
6/6/2022 16:00,4.49,0.64
6/6/2022 17:00,3.76,0.54
6/6/2022 18:00,2.56,0.37
6/6/2022 19:00,1.32,0.19
6/6/2022 20:00,0.36,0.05
6/6/2022 21:00,0.04,0.01
6/6/2022 22:00,0.0,0.0
6/6/2022 23:00,0.0,0.0
6/7/2022 0:00,0.0,0.0
6/7/2022 1:00,0.0,0.0
6/7/2022 2:00,0.0,0.0
6/7/2022 3:00,0.0,0.0
6/7/2022 4:00,0.0,0.0
6/7/2022 5:00,0.0,0.0
6/7/2022 6:00,0.0,0.0
6/7/2022 7:00,0.03,0.0
6/7/2022 8:00,0.47,0.07
6/7/2022 9:00,1.38,0.2
6/7/2022 10:00,2.97,0.42
6/7/2022 11:00,4.05,0.58
6/7/2022 12:00,4.78,0.68
6/7/2022 13:00,5.2,0.74
6/7/2022 14:00,5.35,0.76
6/7/2022 15:00,5.1,0.73
6/7/2022 16:00,4.66,0.67
6/7/2022 17:00,3.93,0.56
6/7/2022 18:00,2.76,0.39
6/7/2022 19:00,1.37,0.2
6/7/2022 20:00,0.32,0.05
6/7/2022 21:00,0.03,0.0
6/7/2022 22:00,0.0,0.0
6/7/2022 23:00,0.0,0.0
6/8/2022 0:00,0.0,0.0
6/8/2022 1:00,0.0,0.0
6/8/2022 2:00,0.0,0.0
6/8/2022 3:00,0.0,0.0
6/8/2022 4:00,0.0,0.0
6/8/2022 5:00,0.0,0.0
6/8/2022 6:00,0.0,0.0
6/8/2022 7:00,0.0,0.0
6/8/2022 8:00,0.4,0.06
6/8/2022 9:00,0.98,0.14
6/8/2022 10:00,2.17,0.31
6/8/2022 11:00,4.23,0.6
6/8/2022 12:00,4.67,0.67
6/8/2022 13:00,5.0,0.71
6/8/2022 14:00,4.06,0.58
6/8/2022 15:00,4.22,0.6
6/8/2022 16:00,4.11,0.59
6/8/2022 17:00,3.55,0.51
6/8/2022 18:00,2.68,0.38
6/8/2022 19:00,1.18,0.17
6/8/2022 20:00,0.35,0.05
6/8/2022 21:00,0.05,0.01
6/8/2022 22:00,0.0,0.0
6/8/2022 23:00,0.0,0.0
6/9/2022 0:00,0.0,0.0
6/9/2022 1:00,0.0,0.0
6/9/2022 2:00,0.0,0.0
6/9/2022 3:00,0.0,0.0
6/9/2022 4:00,0.0,0.0
6/9/2022 5:00,0.0,0.0
6/9/2022 6:00,0.0,0.0
6/9/2022 7:00,0.06,0.01
6/9/2022 8:00,0.5,0.07
6/9/2022 9:00,1.31,0.19
6/9/2022 10:00,2.95,0.42
6/9/2022 11:00,4.03,0.58
6/9/2022 12:00,4.74,0.68
6/9/2022 13:00,5.15,0.74
6/9/2022 14:00,5.26,0.75
6/9/2022 15:00,5.04,0.72
6/9/2022 16:00,4.57,0.65
6/9/2022 17:00,3.84,0.55
6/9/2022 18:00,2.62,0.37
6/9/2022 19:00,1.33,0.19
6/9/2022 20:00,0.34,0.05
6/9/2022 21:00,0.05,0.01
6/9/2022 22:00,0.0,0.0
6/9/2022 23:00,0.0,0.0
6/10/2022 0:00,0.0,0.0
6/10/2022 1:00,0.0,0.0
6/10/2022 2:00,0.0,0.0
6/10/2022 3:00,0.0,0.0
6/10/2022 4:00,0.0,0.0
6/10/2022 5:00,0.0,0.0
6/10/2022 6:00,0.0,0.0
6/10/2022 7:00,0.03,0.0
6/10/2022 8:00,0.33,0.05
6/10/2022 9:00,1.28,0.18
6/10/2022 10:00,2.81,0.4
6/10/2022 11:00,3.83,0.55
6/10/2022 12:00,4.46,0.64
6/10/2022 13:00,4.82,0.69
6/10/2022 14:00,4.93,0.7
6/10/2022 15:00,4.64,0.66
6/10/2022 16:00,4.18,0.6
6/10/2022 17:00,3.66,0.52
6/10/2022 18:00,2.56,0.37
6/10/2022 19:00,1.3,0.19
6/10/2022 20:00,0.35,0.05
6/10/2022 21:00,0.07,0.01
6/10/2022 22:00,0.0,0.0
6/10/2022 23:00,0.0,0.0
6/11/2022 0:00,0.0,0.0
6/11/2022 1:00,0.0,0.0
6/11/2022 2:00,0.0,0.0
6/11/2022 3:00,0.0,0.0
6/11/2022 4:00,0.0,0.0
6/11/2022 5:00,0.0,0.0
6/11/2022 6:00,0.0,0.0
6/11/2022 7:00,0.04,0.01
6/11/2022 8:00,0.38,0.05
6/11/2022 9:00,1.2,0.17
6/11/2022 10:00,2.7,0.39
6/11/2022 11:00,3.72,0.53
6/11/2022 12:00,4.41,0.63
6/11/2022 13:00,4.79,0.68
6/11/2022 14:00,4.82,0.69
6/11/2022 15:00,4.63,0.66
6/11/2022 16:00,4.17,0.6
6/11/2022 17:00,3.52,0.5
6/11/2022 18:00,2.4,0.34
6/11/2022 19:00,1.22,0.17
6/11/2022 20:00,0.45,0.06
6/11/2022 21:00,0.09,0.01
6/11/2022 22:00,0.0,0.0
6/11/2022 23:00,0.0,0.0
6/12/2022 0:00,0.0,0.0
6/12/2022 1:00,0.0,0.0
6/12/2022 2:00,0.0,0.0
6/12/2022 3:00,0.0,0.0
6/12/2022 4:00,0.0,0.0
6/12/2022 5:00,0.0,0.0
6/12/2022 6:00,0.0,0.0
6/12/2022 7:00,0.05,0.01
6/12/2022 8:00,0.42,0.06
6/12/2022 9:00,1.23,0.18
6/12/2022 10:00,2.55,0.36
6/12/2022 11:00,3.58,0.51
6/12/2022 12:00,4.26,0.61
6/12/2022 13:00,4.71,0.67
6/12/2022 14:00,4.75,0.68
6/12/2022 15:00,4.6,0.66
6/12/2022 16:00,4.16,0.59
6/12/2022 17:00,3.51,0.5
6/12/2022 18:00,2.41,0.34
6/12/2022 19:00,1.22,0.17
6/12/2022 20:00,0.44,0.06
6/12/2022 21:00,0.09,0.01
6/12/2022 22:00,0.0,0.0
6/12/2022 23:00,0.0,0.0
6/13/2022 0:00,0.0,0.0
6/13/2022 1:00,0.0,0.0
6/13/2022 2:00,0.0,0.0
6/13/2022 3:00,0.0,0.0
6/13/2022 4:00,0.0,0.0
6/13/2022 5:00,0.0,0.0
6/13/2022 6:00,0.0,0.0
6/13/2022 7:00,0.05,0.01
6/13/2022 8:00,0.44,0.06
6/13/2022 9:00,1.25,0.18
6/13/2022 10:00,2.58,0.37
6/13/2022 11:00,3.63,0.52
6/13/2022 12:00,4.32,0.62
6/13/2022 13:00,4.73,0.68
6/13/2022 14:00,4.81,0.69
6/13/2022 15:00,4.65,0.66
6/13/2022 16:00,4.23,0.6
6/13/2022 17:00,3.54,0.51
6/13/2022 18:00,2.45,0.35
6/13/2022 19:00,1.28,0.18
6/13/2022 20:00,0.49,0.07
6/13/2022 21:00,0.09,0.01
6/13/2022 22:00,0.0,0.0
6/13/2022 23:00,0.0,0.0
6/14/2022 0:00,0.0,0.0
6/14/2022 1:00,0.0,0.0
6/14/2022 2:00,0.0,0.0
6/14/2022 3:00,0.0,0.0
6/14/2022 4:00,0.0,0.0
6/14/2022 5:00,0.0,0.0
6/14/2022 6:00,0.0,0.0
6/14/2022 7:00,0.0,0.0
6/14/2022 8:00,0.27,0.04
6/14/2022 9:00,0.91,0.13
6/14/2022 10:00,2.59,0.37
6/14/2022 11:00,3.48,0.5
6/14/2022 12:00,4.15,0.59
6/14/2022 13:00,5.02,0.72
6/14/2022 14:00,5.0,0.71
6/14/2022 15:00,4.68,0.67
6/14/2022 16:00,4.32,0.62
6/14/2022 17:00,3.57,0.51
6/14/2022 18:00,2.48,0.35
6/14/2022 19:00,1.24,0.18
6/14/2022 20:00,0.51,0.07
6/14/2022 21:00,0.07,0.01
6/14/2022 22:00,0.0,0.0
6/14/2022 23:00,0.0,0.0
6/15/2022 0:00,0.0,0.0
6/15/2022 1:00,0.0,0.0
6/15/2022 2:00,0.0,0.0
6/15/2022 3:00,0.0,0.0
6/15/2022 4:00,0.0,0.0
6/15/2022 5:00,0.0,0.0
6/15/2022 6:00,0.0,0.0
6/15/2022 7:00,0.04,0.01
6/15/2022 8:00,0.45,0.06
6/15/2022 9:00,1.15,0.16
6/15/2022 10:00,1.84,0.26
6/15/2022 11:00,1.91,0.27
6/15/2022 12:00,3.72,0.53
6/15/2022 13:00,4.24,0.61
6/15/2022 14:00,3.46,0.49
6/15/2022 15:00,4.07,0.58
6/15/2022 16:00,1.18,0.17
6/15/2022 17:00,0.35,0.05
6/15/2022 18:00,0.81,0.12
6/15/2022 19:00,1.03,0.15
6/15/2022 20:00,0.47,0.07
6/15/2022 21:00,0.08,0.01
6/15/2022 22:00,0.0,0.0
6/15/2022 23:00,0.0,0.0
6/16/2022 0:00,0.0,0.0
6/16/2022 1:00,0.0,0.0
6/16/2022 2:00,0.0,0.0
6/16/2022 3:00,0.0,0.0
6/16/2022 4:00,0.0,0.0
6/16/2022 5:00,0.0,0.0
6/16/2022 6:00,0.0,0.0
6/16/2022 7:00,0.06,0.01
6/16/2022 8:00,0.34,0.05
6/16/2022 9:00,0.6,0.09
6/16/2022 10:00,0.49,0.07
6/16/2022 11:00,1.23,0.18
6/16/2022 12:00,1.72,0.25
6/16/2022 13:00,0.51,0.07
6/16/2022 14:00,0.99,0.14
6/16/2022 15:00,2.91,0.42
6/16/2022 16:00,2.06,0.29
6/16/2022 17:00,1.25,0.18
6/16/2022 18:00,0.73,0.1
6/16/2022 19:00,0.82,0.12
6/16/2022 20:00,0.45,0.06
6/16/2022 21:00,0.09,0.01
6/16/2022 22:00,0.0,0.0
6/16/2022 23:00,0.0,0.0
6/17/2022 0:00,0.0,0.0
6/17/2022 1:00,0.0,0.0
6/17/2022 2:00,0.0,0.0
6/17/2022 3:00,0.0,0.0
6/17/2022 4:00,0.0,0.0
6/17/2022 5:00,0.0,0.0
6/17/2022 6:00,0.0,0.0
6/17/2022 7:00,0.06,0.01
6/17/2022 8:00,0.65,0.09
6/17/2022 9:00,1.58,0.23
6/17/2022 10:00,2.82,0.4
6/17/2022 11:00,3.29,0.47
6/17/2022 12:00,2.04,0.29
6/17/2022 13:00,3.38,0.48
6/17/2022 14:00,4.58,0.65
6/17/2022 15:00,3.76,0.54
6/17/2022 16:00,3.93,0.56
6/17/2022 17:00,3.24,0.46
6/17/2022 18:00,2.34,0.33
6/17/2022 19:00,1.55,0.22
6/17/2022 20:00,0.52,0.07
6/17/2022 21:00,0.13,0.02
6/17/2022 22:00,0.0,0.0
6/17/2022 23:00,0.0,0.0
6/18/2022 0:00,0.0,0.0
6/18/2022 1:00,0.0,0.0
6/18/2022 2:00,0.0,0.0
6/18/2022 3:00,0.0,0.0
6/18/2022 4:00,0.0,0.0
6/18/2022 5:00,0.0,0.0
6/18/2022 6:00,0.0,0.0
6/18/2022 7:00,0.03,0.0
6/18/2022 8:00,0.33,0.05
6/18/2022 9:00,1.3,0.19
6/18/2022 10:00,2.88,0.41
6/18/2022 11:00,3.24,0.46
6/18/2022 12:00,4.82,0.69
6/18/2022 13:00,4.76,0.68
6/18/2022 14:00,3.96,0.57
6/18/2022 15:00,3.78,0.54
6/18/2022 16:00,3.65,0.52
6/18/2022 17:00,3.66,0.52
6/18/2022 18:00,1.95,0.28
6/18/2022 19:00,1.18,0.17
6/18/2022 20:00,0.41,0.06
6/18/2022 21:00,0.06,0.01
6/18/2022 22:00,0.0,0.0
6/18/2022 23:00,0.0,0.0
6/19/2022 0:00,0.0,0.0
6/19/2022 1:00,0.0,0.0
6/19/2022 2:00,0.0,0.0
6/19/2022 3:00,0.0,0.0
6/19/2022 4:00,0.0,0.0
6/19/2022 5:00,0.0,0.0
6/19/2022 6:00,0.0,0.0
6/19/2022 7:00,0.05,0.01
6/19/2022 8:00,0.36,0.05
6/19/2022 9:00,1.32,0.19
6/19/2022 10:00,2.52,0.36
6/19/2022 11:00,3.33,0.48
6/19/2022 12:00,4.13,0.59
6/19/2022 13:00,3.48,0.5
6/19/2022 14:00,3.63,0.52
6/19/2022 15:00,3.02,0.43
6/19/2022 16:00,3.17,0.45
6/19/2022 17:00,3.85,0.55
6/19/2022 18:00,1.09,0.16
6/19/2022 19:00,0.57,0.08
6/19/2022 20:00,0.38,0.05
6/19/2022 21:00,0.08,0.01
6/19/2022 22:00,0.0,0.0
6/19/2022 23:00,0.0,0.0
6/20/2022 0:00,0.0,0.0
6/20/2022 1:00,0.0,0.0
6/20/2022 2:00,0.0,0.0
6/20/2022 3:00,0.0,0.0
6/20/2022 4:00,0.0,0.0
6/20/2022 5:00,0.0,0.0
6/20/2022 6:00,0.0,0.0
6/20/2022 7:00,0.03,0.0
6/20/2022 8:00,0.34,0.05
6/20/2022 9:00,1.23,0.18
6/20/2022 10:00,2.82,0.4
6/20/2022 11:00,4.11,0.59
6/20/2022 12:00,3.0,0.43
6/20/2022 13:00,2.76,0.39
6/20/2022 14:00,3.63,0.52
6/20/2022 15:00,3.22,0.46
6/20/2022 16:00,3.57,0.51
6/20/2022 17:00,1.92,0.27
6/20/2022 18:00,1.79,0.26
6/20/2022 19:00,1.28,0.18
6/20/2022 20:00,0.49,0.07
6/20/2022 21:00,0.07,0.01
6/20/2022 22:00,0.0,0.0
6/20/2022 23:00,0.0,0.0
6/21/2022 0:00,0.0,0.0
6/21/2022 1:00,0.0,0.0
6/21/2022 2:00,0.0,0.0
6/21/2022 3:00,0.0,0.0
6/21/2022 4:00,0.0,0.0
6/21/2022 5:00,0.0,0.0
6/21/2022 6:00,0.0,0.0
6/21/2022 7:00,0.02,0.0
6/21/2022 8:00,0.33,0.05
6/21/2022 9:00,0.76,0.11
6/21/2022 10:00,1.48,0.21
6/21/2022 11:00,1.71,0.24
6/21/2022 12:00,1.09,0.16
6/21/2022 13:00,0.65,0.09
6/21/2022 14:00,3.24,0.46
6/21/2022 15:00,3.27,0.47
6/21/2022 16:00,3.91,0.56
6/21/2022 17:00,2.92,0.42
6/21/2022 18:00,2.87,0.41
6/21/2022 19:00,1.27,0.18
6/21/2022 20:00,0.31,0.04
6/21/2022 21:00,0.05,0.01
6/21/2022 22:00,0.0,0.0
6/21/2022 23:00,0.0,0.0
6/22/2022 0:00,0.0,0.0
6/22/2022 1:00,0.0,0.0
6/22/2022 2:00,0.0,0.0
6/22/2022 3:00,0.0,0.0
6/22/2022 4:00,0.0,0.0
6/22/2022 5:00,0.0,0.0
6/22/2022 6:00,0.0,0.0
6/22/2022 7:00,0.02,0.0
6/22/2022 8:00,0.31,0.04
6/22/2022 9:00,0.72,0.1
6/22/2022 10:00,0.99,0.14
6/22/2022 11:00,1.76,0.25
6/22/2022 12:00,2.1,0.3
6/22/2022 13:00,2.54,0.36
6/22/2022 14:00,3.35,0.48
6/22/2022 15:00,4.71,0.67
6/22/2022 16:00,4.97,0.71
6/22/2022 17:00,4.33,0.62
6/22/2022 18:00,2.95,0.42
6/22/2022 19:00,1.67,0.24
6/22/2022 20:00,0.6,0.09
6/22/2022 21:00,0.07,0.01
6/22/2022 22:00,0.0,0.0
6/22/2022 23:00,0.0,0.0
6/23/2022 0:00,0.0,0.0
6/23/2022 1:00,0.0,0.0
6/23/2022 2:00,0.0,0.0
6/23/2022 3:00,0.0,0.0
6/23/2022 4:00,0.0,0.0
6/23/2022 5:00,0.0,0.0
6/23/2022 6:00,0.0,0.0
6/23/2022 7:00,0.02,0.0
6/23/2022 8:00,0.27,0.04
6/23/2022 9:00,0.72,0.1
6/23/2022 10:00,1.08,0.15
6/23/2022 11:00,1.01,0.14
6/23/2022 12:00,2.0,0.29
6/23/2022 13:00,1.7,0.24
6/23/2022 14:00,1.28,0.18
6/23/2022 15:00,3.18,0.45
6/23/2022 16:00,1.92,0.27
6/23/2022 17:00,4.06,0.58
6/23/2022 18:00,2.89,0.41
6/23/2022 19:00,1.48,0.21
6/23/2022 20:00,0.39,0.06
6/23/2022 21:00,0.06,0.01
6/23/2022 22:00,0.0,0.0
6/23/2022 23:00,0.0,0.0
6/24/2022 0:00,0.0,0.0
6/24/2022 1:00,0.0,0.0
6/24/2022 2:00,0.0,0.0
6/24/2022 3:00,0.0,0.0
6/24/2022 4:00,0.0,0.0
6/24/2022 5:00,0.0,0.0
6/24/2022 6:00,0.0,0.0
6/24/2022 7:00,0.02,0.0
6/24/2022 8:00,0.32,0.05
6/24/2022 9:00,1.09,0.16
6/24/2022 10:00,1.56,0.22
6/24/2022 11:00,2.62,0.37
6/24/2022 12:00,2.05,0.29
6/24/2022 13:00,3.33,0.48
6/24/2022 14:00,3.17,0.45
6/24/2022 15:00,4.8,0.69
6/24/2022 16:00,3.58,0.51
6/24/2022 17:00,2.15,0.31
6/24/2022 18:00,2.15,0.31
6/24/2022 19:00,1.53,0.22
6/24/2022 20:00,0.39,0.06
6/24/2022 21:00,0.06,0.01
6/24/2022 22:00,0.0,0.0
6/24/2022 23:00,0.0,0.0
6/25/2022 0:00,0.0,0.0
6/25/2022 1:00,0.0,0.0
6/25/2022 2:00,0.0,0.0
6/25/2022 3:00,0.0,0.0
6/25/2022 4:00,0.0,0.0
6/25/2022 5:00,0.0,0.0
6/25/2022 6:00,0.0,0.0
6/25/2022 7:00,0.0,0.0
6/25/2022 8:00,0.18,0.03
6/25/2022 9:00,0.81,0.12
6/25/2022 10:00,1.54,0.22
6/25/2022 11:00,3.36,0.48
6/25/2022 12:00,3.92,0.56
6/25/2022 13:00,4.62,0.66
6/25/2022 14:00,5.07,0.72
6/25/2022 15:00,4.47,0.64
6/25/2022 16:00,4.88,0.7
6/25/2022 17:00,4.07,0.58
6/25/2022 18:00,2.91,0.42
6/25/2022 19:00,1.5,0.21
6/25/2022 20:00,0.42,0.06
6/25/2022 21:00,0.07,0.01
6/25/2022 22:00,0.0,0.0
6/25/2022 23:00,0.0,0.0
6/26/2022 0:00,0.0,0.0
6/26/2022 1:00,0.0,0.0
6/26/2022 2:00,0.0,0.0
6/26/2022 3:00,0.0,0.0
6/26/2022 4:00,0.0,0.0
6/26/2022 5:00,0.0,0.0
6/26/2022 6:00,0.0,0.0
6/26/2022 7:00,0.05,0.01
6/26/2022 8:00,0.48,0.07
6/26/2022 9:00,1.21,0.17
6/26/2022 10:00,2.19,0.31
6/26/2022 11:00,2.85,0.41
6/26/2022 12:00,3.89,0.56
6/26/2022 13:00,4.05,0.58
6/26/2022 14:00,3.67,0.52
6/26/2022 15:00,4.5,0.64
6/26/2022 16:00,4.44,0.63
6/26/2022 17:00,4.21,0.6
6/26/2022 18:00,2.14,0.31
6/26/2022 19:00,1.64,0.23
6/26/2022 20:00,0.42,0.06
6/26/2022 21:00,0.07,0.01
6/26/2022 22:00,0.0,0.0
6/26/2022 23:00,0.0,0.0
6/27/2022 0:00,0.0,0.0
6/27/2022 1:00,0.0,0.0
6/27/2022 2:00,0.0,0.0
6/27/2022 3:00,0.0,0.0
6/27/2022 4:00,0.0,0.0
6/27/2022 5:00,0.0,0.0
6/27/2022 6:00,0.0,0.0
6/27/2022 7:00,0.02,0.0
6/27/2022 8:00,0.33,0.05
6/27/2022 9:00,1.32,0.19
6/27/2022 10:00,3.02,0.43
6/27/2022 11:00,4.18,0.6
6/27/2022 12:00,4.98,0.71
6/27/2022 13:00,5.43,0.78
6/27/2022 14:00,5.56,0.79
6/27/2022 15:00,5.41,0.77
6/27/2022 16:00,4.97,0.71
6/27/2022 17:00,4.19,0.6
6/27/2022 18:00,2.99,0.43
6/27/2022 19:00,1.56,0.22
6/27/2022 20:00,0.42,0.06
6/27/2022 21:00,0.07,0.01
6/27/2022 22:00,0.0,0.0
6/27/2022 23:00,0.0,0.0
6/28/2022 0:00,0.0,0.0
6/28/2022 1:00,0.0,0.0
6/28/2022 2:00,0.0,0.0
6/28/2022 3:00,0.0,0.0
6/28/2022 4:00,0.0,0.0
6/28/2022 5:00,0.0,0.0
6/28/2022 6:00,0.0,0.0
6/28/2022 7:00,0.02,0.0
6/28/2022 8:00,0.33,0.05
6/28/2022 9:00,1.29,0.18
6/28/2022 10:00,2.95,0.42
6/28/2022 11:00,4.05,0.58
6/28/2022 12:00,4.79,0.68
6/28/2022 13:00,5.21,0.74
6/28/2022 14:00,5.33,0.76
6/28/2022 15:00,5.18,0.74
6/28/2022 16:00,4.77,0.68
6/28/2022 17:00,4.06,0.58
6/28/2022 18:00,2.9,0.41
6/28/2022 19:00,1.52,0.22
6/28/2022 20:00,0.41,0.06
6/28/2022 21:00,0.06,0.01
6/28/2022 22:00,0.0,0.0
6/28/2022 23:00,0.0,0.0
6/29/2022 0:00,0.0,0.0
6/29/2022 1:00,0.0,0.0
6/29/2022 2:00,0.0,0.0
6/29/2022 3:00,0.0,0.0
6/29/2022 4:00,0.0,0.0
6/29/2022 5:00,0.0,0.0
6/29/2022 6:00,0.0,0.0
6/29/2022 7:00,0.01,0.0
6/29/2022 8:00,0.39,0.06
6/29/2022 9:00,1.03,0.15
6/29/2022 10:00,1.34,0.19
6/29/2022 11:00,1.76,0.25
6/29/2022 12:00,2.77,0.4
6/29/2022 13:00,5.03,0.72
6/29/2022 14:00,5.31,0.76
6/29/2022 15:00,5.2,0.74
6/29/2022 16:00,4.77,0.68
6/29/2022 17:00,4.03,0.58
6/29/2022 18:00,2.84,0.41
6/29/2022 19:00,1.48,0.21
6/29/2022 20:00,0.39,0.06
6/29/2022 21:00,0.05,0.01
6/29/2022 22:00,0.0,0.0
6/29/2022 23:00,0.0,0.0
6/30/2022 0:00,0.0,0.0
6/30/2022 1:00,0.0,0.0
6/30/2022 2:00,0.0,0.0
6/30/2022 3:00,0.0,0.0
6/30/2022 4:00,0.0,0.0
6/30/2022 5:00,0.0,0.0
6/30/2022 6:00,0.0,0.0
6/30/2022 7:00,0.03,0.0
6/30/2022 8:00,0.33,0.05
6/30/2022 9:00,1.23,0.18
6/30/2022 10:00,2.89,0.41
6/30/2022 11:00,3.69,0.53
6/30/2022 12:00,4.81,0.69
6/30/2022 13:00,4.65,0.66
6/30/2022 14:00,5.06,0.72
6/30/2022 15:00,4.79,0.68
6/30/2022 16:00,4.76,0.68
6/30/2022 17:00,3.41,0.49
6/30/2022 18:00,2.88,0.41
6/30/2022 19:00,1.49,0.21
6/30/2022 20:00,0.4,0.06
6/30/2022 21:00,0.06,0.01
6/30/2022 22:00,0.0,0.0
6/30/2022 23:00,0.0,0.0
7/1/2022 0:00,0.0,0.0
7/1/2022 1:00,0.0,0.0
7/1/2022 2:00,0.0,0.0
7/1/2022 3:00,0.0,0.0
7/1/2022 4:00,0.0,0.0
7/1/2022 5:00,0.0,0.0
7/1/2022 6:00,0.0,0.0
7/1/2022 7:00,0.01,0.0
7/1/2022 8:00,0.28,0.04
7/1/2022 9:00,1.18,0.17
7/1/2022 10:00,2.8,0.4
7/1/2022 11:00,3.88,0.55
7/1/2022 12:00,4.62,0.66
7/1/2022 13:00,5.03,0.72
7/1/2022 14:00,5.2,0.74
7/1/2022 15:00,5.02,0.72
7/1/2022 16:00,4.6,0.66
7/1/2022 17:00,3.9,0.56
7/1/2022 18:00,2.77,0.4
7/1/2022 19:00,1.43,0.2
7/1/2022 20:00,0.39,0.06
7/1/2022 21:00,0.06,0.01
7/1/2022 22:00,0.0,0.0
7/1/2022 23:00,0.0,0.0
7/2/2022 0:00,0.0,0.0
7/2/2022 1:00,0.0,0.0
7/2/2022 2:00,0.0,0.0
7/2/2022 3:00,0.0,0.0
7/2/2022 4:00,0.0,0.0
7/2/2022 5:00,0.0,0.0
7/2/2022 6:00,0.0,0.0
7/2/2022 7:00,0.02,0.0
7/2/2022 8:00,0.29,0.04
7/2/2022 9:00,1.15,0.16
7/2/2022 10:00,2.66,0.38
7/2/2022 11:00,3.72,0.53
7/2/2022 12:00,4.42,0.63
7/2/2022 13:00,4.82,0.69
7/2/2022 14:00,4.91,0.7
7/2/2022 15:00,4.8,0.69
7/2/2022 16:00,4.42,0.63
7/2/2022 17:00,3.71,0.53
7/2/2022 18:00,2.61,0.37
7/2/2022 19:00,1.51,0.22
7/2/2022 20:00,0.44,0.06
7/2/2022 21:00,0.08,0.01
7/2/2022 22:00,0.0,0.0
7/2/2022 23:00,0.0,0.0
7/3/2022 0:00,0.0,0.0
7/3/2022 1:00,0.0,0.0
7/3/2022 2:00,0.0,0.0
7/3/2022 3:00,0.0,0.0
7/3/2022 4:00,0.0,0.0
7/3/2022 5:00,0.0,0.0
7/3/2022 6:00,0.0,0.0
7/3/2022 7:00,0.02,0.0
7/3/2022 8:00,0.28,0.04
7/3/2022 9:00,0.84,0.12
7/3/2022 10:00,1.08,0.15
7/3/2022 11:00,2.72,0.39
7/3/2022 12:00,4.91,0.7
7/3/2022 13:00,5.24,0.75
7/3/2022 14:00,5.49,0.78
7/3/2022 15:00,5.26,0.75
7/3/2022 16:00,4.25,0.61
7/3/2022 17:00,4.02,0.57
7/3/2022 18:00,2.81,0.4
7/3/2022 19:00,1.44,0.21
7/3/2022 20:00,0.44,0.06
7/3/2022 21:00,0.08,0.01
7/3/2022 22:00,0.0,0.0
7/3/2022 23:00,0.0,0.0
7/4/2022 0:00,0.0,0.0
7/4/2022 1:00,0.0,0.0
7/4/2022 2:00,0.0,0.0
7/4/2022 3:00,0.0,0.0
7/4/2022 4:00,0.0,0.0
7/4/2022 5:00,0.0,0.0
7/4/2022 6:00,0.0,0.0
7/4/2022 7:00,0.0,0.0
7/4/2022 8:00,0.13,0.02
7/4/2022 9:00,0.35,0.05
7/4/2022 10:00,0.54,0.08
7/4/2022 11:00,0.71,0.1
7/4/2022 12:00,1.22,0.17
7/4/2022 13:00,2.1,0.3
7/4/2022 14:00,4.68,0.67
7/4/2022 15:00,5.13,0.73
7/4/2022 16:00,4.71,0.67
7/4/2022 17:00,3.94,0.56
7/4/2022 18:00,2.81,0.4
7/4/2022 19:00,1.45,0.21
7/4/2022 20:00,0.42,0.06
7/4/2022 21:00,0.07,0.01
7/4/2022 22:00,0.0,0.0
7/4/2022 23:00,0.0,0.0
7/5/2022 0:00,0.0,0.0
7/5/2022 1:00,0.0,0.0
7/5/2022 2:00,0.0,0.0
7/5/2022 3:00,0.0,0.0
7/5/2022 4:00,0.0,0.0
7/5/2022 5:00,0.0,0.0
7/5/2022 6:00,0.0,0.0
7/5/2022 7:00,0.01,0.0
7/5/2022 8:00,0.22,0.03
7/5/2022 9:00,0.58,0.08
7/5/2022 10:00,1.18,0.17
7/5/2022 11:00,3.05,0.44
7/5/2022 12:00,4.48,0.64
7/5/2022 13:00,4.95,0.71
7/5/2022 14:00,5.01,0.72
7/5/2022 15:00,5.02,0.72
7/5/2022 16:00,4.68,0.67
7/5/2022 17:00,3.98,0.57
7/5/2022 18:00,2.83,0.4
7/5/2022 19:00,1.44,0.21
7/5/2022 20:00,0.41,0.06
7/5/2022 21:00,0.07,0.01
7/5/2022 22:00,0.0,0.0
7/5/2022 23:00,0.0,0.0
7/6/2022 0:00,0.0,0.0
7/6/2022 1:00,0.0,0.0
7/6/2022 2:00,0.0,0.0
7/6/2022 3:00,0.0,0.0
7/6/2022 4:00,0.0,0.0
7/6/2022 5:00,0.0,0.0
7/6/2022 6:00,0.0,0.0
7/6/2022 7:00,0.01,0.0
7/6/2022 8:00,0.15,0.02
7/6/2022 9:00,0.5,0.07
7/6/2022 10:00,1.38,0.2
7/6/2022 11:00,3.42,0.49
7/6/2022 12:00,4.62,0.66
7/6/2022 13:00,4.98,0.71
7/6/2022 14:00,5.13,0.73
7/6/2022 15:00,4.96,0.71
7/6/2022 16:00,4.56,0.65
7/6/2022 17:00,3.89,0.56
7/6/2022 18:00,2.82,0.4
7/6/2022 19:00,1.45,0.21
7/6/2022 20:00,0.41,0.06
7/6/2022 21:00,0.06,0.01
7/6/2022 22:00,0.0,0.0
7/6/2022 23:00,0.0,0.0
7/7/2022 0:00,0.0,0.0
7/7/2022 1:00,0.0,0.0
7/7/2022 2:00,0.0,0.0
7/7/2022 3:00,0.0,0.0
7/7/2022 4:00,0.0,0.0
7/7/2022 5:00,0.0,0.0
7/7/2022 6:00,0.0,0.0
7/7/2022 7:00,0.01,0.0
7/7/2022 8:00,0.29,0.04
7/7/2022 9:00,1.11,0.16
7/7/2022 10:00,2.58,0.37
7/7/2022 11:00,3.62,0.52
7/7/2022 12:00,4.27,0.61
7/7/2022 13:00,4.64,0.66
7/7/2022 14:00,4.74,0.68
7/7/2022 15:00,4.24,0.61
7/7/2022 16:00,3.96,0.57
7/7/2022 17:00,3.69,0.53
7/7/2022 18:00,2.62,0.37
7/7/2022 19:00,1.33,0.19
7/7/2022 20:00,0.4,0.06
7/7/2022 21:00,0.07,0.01
7/7/2022 22:00,0.0,0.0
7/7/2022 23:00,0.0,0.0
7/8/2022 0:00,0.0,0.0
7/8/2022 1:00,0.0,0.0
7/8/2022 2:00,0.0,0.0
7/8/2022 3:00,0.0,0.0
7/8/2022 4:00,0.0,0.0
7/8/2022 5:00,0.0,0.0
7/8/2022 6:00,0.0,0.0
7/8/2022 7:00,0.01,0.0
7/8/2022 8:00,0.29,0.04
7/8/2022 9:00,1.09,0.16
7/8/2022 10:00,2.58,0.37
7/8/2022 11:00,3.59,0.51
7/8/2022 12:00,4.26,0.61
7/8/2022 13:00,4.63,0.66
7/8/2022 14:00,4.32,0.62
7/8/2022 15:00,3.84,0.55
7/8/2022 16:00,3.63,0.52
7/8/2022 17:00,3.55,0.51
7/8/2022 18:00,2.67,0.38
7/8/2022 19:00,1.36,0.19
7/8/2022 20:00,0.4,0.06
7/8/2022 21:00,0.07,0.01
7/8/2022 22:00,0.0,0.0
7/8/2022 23:00,0.0,0.0
7/9/2022 0:00,0.0,0.0
7/9/2022 1:00,0.0,0.0
7/9/2022 2:00,0.0,0.0
7/9/2022 3:00,0.0,0.0
7/9/2022 4:00,0.0,0.0
7/9/2022 5:00,0.0,0.0
7/9/2022 6:00,0.0,0.0
7/9/2022 7:00,0.01,0.0
7/9/2022 8:00,0.29,0.04
7/9/2022 9:00,1.06,0.15
7/9/2022 10:00,2.51,0.36
7/9/2022 11:00,3.54,0.51
7/9/2022 12:00,4.21,0.6
7/9/2022 13:00,4.62,0.66
7/9/2022 14:00,4.23,0.6
7/9/2022 15:00,3.78,0.54
7/9/2022 16:00,3.62,0.52
7/9/2022 17:00,3.49,0.5
7/9/2022 18:00,2.63,0.38
7/9/2022 19:00,1.34,0.19
7/9/2022 20:00,0.42,0.06
7/9/2022 21:00,0.08,0.01
7/9/2022 22:00,0.0,0.0
7/9/2022 23:00,0.0,0.0
7/10/2022 0:00,0.0,0.0
7/10/2022 1:00,0.0,0.0
7/10/2022 2:00,0.0,0.0
7/10/2022 3:00,0.0,0.0
7/10/2022 4:00,0.0,0.0
7/10/2022 5:00,0.0,0.0
7/10/2022 6:00,0.0,0.0
7/10/2022 7:00,0.02,0.0
7/10/2022 8:00,0.3,0.04
7/10/2022 9:00,1.07,0.15
7/10/2022 10:00,2.49,0.36
7/10/2022 11:00,3.53,0.5
7/10/2022 12:00,4.22,0.6
7/10/2022 13:00,4.61,0.66
7/10/2022 14:00,4.4,0.63
7/10/2022 15:00,3.9,0.56
7/10/2022 16:00,3.71,0.53
7/10/2022 17:00,3.52,0.5
7/10/2022 18:00,2.56,0.37
7/10/2022 19:00,1.34,0.19
7/10/2022 20:00,0.43,0.06
7/10/2022 21:00,0.08,0.01
7/10/2022 22:00,0.0,0.0
7/10/2022 23:00,0.0,0.0
7/11/2022 0:00,0.0,0.0
7/11/2022 1:00,0.0,0.0
7/11/2022 2:00,0.0,0.0
7/11/2022 3:00,0.0,0.0
7/11/2022 4:00,0.0,0.0
7/11/2022 5:00,0.0,0.0
7/11/2022 6:00,0.0,0.0
7/11/2022 7:00,0.05,0.01
7/11/2022 8:00,0.57,0.08
7/11/2022 9:00,1.03,0.15
7/11/2022 10:00,1.75,0.25
7/11/2022 11:00,3.07,0.44
7/11/2022 12:00,3.08,0.44
7/11/2022 13:00,3.28,0.47
7/11/2022 14:00,3.53,0.5
7/11/2022 15:00,3.56,0.51
7/11/2022 16:00,3.63,0.52
7/11/2022 17:00,1.82,0.26
7/11/2022 18:00,1.21,0.17
7/11/2022 19:00,0.86,0.12
7/11/2022 20:00,0.4,0.06
7/11/2022 21:00,0.05,0.01
7/11/2022 22:00,0.0,0.0
7/11/2022 23:00,0.0,0.0
7/12/2022 0:00,0.0,0.0
7/12/2022 1:00,0.0,0.0
7/12/2022 2:00,0.0,0.0
7/12/2022 3:00,0.0,0.0
7/12/2022 4:00,0.0,0.0
7/12/2022 5:00,0.0,0.0
7/12/2022 6:00,0.0,0.0
7/12/2022 7:00,0.01,0.0
7/12/2022 8:00,0.46,0.07
7/12/2022 9:00,0.68,0.1
7/12/2022 10:00,1.52,0.22
7/12/2022 11:00,3.14,0.45
7/12/2022 12:00,3.11,0.44
7/12/2022 13:00,2.8,0.4
7/12/2022 14:00,2.3,0.33
7/12/2022 15:00,2.53,0.36
7/12/2022 16:00,2.17,0.31
7/12/2022 17:00,1.85,0.26
7/12/2022 18:00,2.02,0.29
7/12/2022 19:00,0.99,0.14
7/12/2022 20:00,0.38,0.05
7/12/2022 21:00,0.1,0.01
7/12/2022 22:00,0.0,0.0
7/12/2022 23:00,0.0,0.0
7/13/2022 0:00,0.0,0.0
7/13/2022 1:00,0.0,0.0
7/13/2022 2:00,0.0,0.0
7/13/2022 3:00,0.0,0.0
7/13/2022 4:00,0.0,0.0
7/13/2022 5:00,0.0,0.0
7/13/2022 6:00,0.0,0.0
7/13/2022 7:00,0.0,0.0
7/13/2022 8:00,0.32,0.05
7/13/2022 9:00,0.26,0.04
7/13/2022 10:00,1.9,0.27
7/13/2022 11:00,3.37,0.48
7/13/2022 12:00,4.08,0.58
7/13/2022 13:00,4.44,0.63
7/13/2022 14:00,4.14,0.59
7/13/2022 15:00,3.91,0.56
7/13/2022 16:00,3.71,0.53
7/13/2022 17:00,2.53,0.36
7/13/2022 18:00,1.18,0.17
7/13/2022 19:00,0.82,0.12
7/13/2022 20:00,0.37,0.05
7/13/2022 21:00,0.04,0.01
7/13/2022 22:00,0.0,0.0
7/13/2022 23:00,0.0,0.0
7/14/2022 0:00,0.0,0.0
7/14/2022 1:00,0.0,0.0
7/14/2022 2:00,0.0,0.0
7/14/2022 3:00,0.0,0.0
7/14/2022 4:00,0.0,0.0
7/14/2022 5:00,0.0,0.0
7/14/2022 6:00,0.0,0.0
7/14/2022 7:00,0.0,0.0
7/14/2022 8:00,0.23,0.03
7/14/2022 9:00,0.64,0.09
7/14/2022 10:00,2.07,0.3
7/14/2022 11:00,1.38,0.2
7/14/2022 12:00,3.06,0.44
7/14/2022 13:00,1.99,0.28
7/14/2022 14:00,2.68,0.38
7/14/2022 15:00,2.16,0.31
7/14/2022 16:00,3.62,0.52
7/14/2022 17:00,3.7,0.53
7/14/2022 18:00,2.33,0.33
7/14/2022 19:00,1.2,0.17
7/14/2022 20:00,0.52,0.07
7/14/2022 21:00,0.07,0.01
7/14/2022 22:00,0.0,0.0
7/14/2022 23:00,0.0,0.0
7/15/2022 0:00,0.0,0.0
7/15/2022 1:00,0.0,0.0
7/15/2022 2:00,0.0,0.0
7/15/2022 3:00,0.0,0.0
7/15/2022 4:00,0.0,0.0
7/15/2022 5:00,0.0,0.0
7/15/2022 6:00,0.0,0.0
7/15/2022 7:00,0.01,0.0
7/15/2022 8:00,0.32,0.05
7/15/2022 9:00,1.02,0.15
7/15/2022 10:00,2.23,0.32
7/15/2022 11:00,3.22,0.46
7/15/2022 12:00,4.09,0.58
7/15/2022 13:00,4.59,0.66
7/15/2022 14:00,4.72,0.67
7/15/2022 15:00,4.64,0.66
7/15/2022 16:00,4.27,0.61
7/15/2022 17:00,3.58,0.51
7/15/2022 18:00,2.54,0.36
7/15/2022 19:00,1.29,0.18
7/15/2022 20:00,0.45,0.06
7/15/2022 21:00,0.08,0.01
7/15/2022 22:00,0.0,0.0
7/15/2022 23:00,0.0,0.0
7/16/2022 0:00,0.0,0.0
7/16/2022 1:00,0.0,0.0
7/16/2022 2:00,0.0,0.0
7/16/2022 3:00,0.0,0.0
7/16/2022 4:00,0.0,0.0
7/16/2022 5:00,0.0,0.0
7/16/2022 6:00,0.0,0.0
7/16/2022 7:00,0.0,0.0
7/16/2022 8:00,0.32,0.05
7/16/2022 9:00,1.06,0.15
7/16/2022 10:00,2.31,0.33
7/16/2022 11:00,3.41,0.49
7/16/2022 12:00,4.15,0.59
7/16/2022 13:00,4.6,0.66
7/16/2022 14:00,4.74,0.68
7/16/2022 15:00,4.52,0.65
7/16/2022 16:00,4.14,0.59
7/16/2022 17:00,3.62,0.52
7/16/2022 18:00,2.51,0.36
7/16/2022 19:00,1.25,0.18
7/16/2022 20:00,0.42,0.06
7/16/2022 21:00,0.08,0.01
7/16/2022 22:00,0.0,0.0
7/16/2022 23:00,0.0,0.0
7/17/2022 0:00,0.0,0.0
7/17/2022 1:00,0.0,0.0
7/17/2022 2:00,0.0,0.0
7/17/2022 3:00,0.0,0.0
7/17/2022 4:00,0.0,0.0
7/17/2022 5:00,0.0,0.0
7/17/2022 6:00,0.0,0.0
7/17/2022 7:00,0.01,0.0
7/17/2022 8:00,0.3,0.04
7/17/2022 9:00,1.09,0.16
7/17/2022 10:00,2.56,0.37
7/17/2022 11:00,3.65,0.52
7/17/2022 12:00,4.37,0.62
7/17/2022 13:00,4.78,0.68
7/17/2022 14:00,4.86,0.69
7/17/2022 15:00,4.77,0.68
7/17/2022 16:00,4.34,0.62
7/17/2022 17:00,3.75,0.54
7/17/2022 18:00,2.62,0.37
7/17/2022 19:00,1.51,0.22
7/17/2022 20:00,0.46,0.07
7/17/2022 21:00,0.08,0.01
7/17/2022 22:00,0.0,0.0
7/17/2022 23:00,0.0,0.0
7/18/2022 0:00,0.0,0.0
7/18/2022 1:00,0.0,0.0
7/18/2022 2:00,0.0,0.0
7/18/2022 3:00,0.0,0.0
7/18/2022 4:00,0.0,0.0
7/18/2022 5:00,0.0,0.0
7/18/2022 6:00,0.0,0.0
7/18/2022 7:00,0.0,0.0
7/18/2022 8:00,0.28,0.04
7/18/2022 9:00,1.13,0.16
7/18/2022 10:00,2.54,0.36
7/18/2022 11:00,1.92,0.27
7/18/2022 12:00,3.89,0.56
7/18/2022 13:00,4.5,0.64
7/18/2022 14:00,4.37,0.62
7/18/2022 15:00,5.13,0.73
7/18/2022 16:00,4.71,0.67
7/18/2022 17:00,3.99,0.57
7/18/2022 18:00,2.86,0.41
7/18/2022 19:00,1.46,0.21
7/18/2022 20:00,0.4,0.06
7/18/2022 21:00,0.05,0.01
7/18/2022 22:00,0.0,0.0
7/18/2022 23:00,0.0,0.0
7/19/2022 0:00,0.0,0.0
7/19/2022 1:00,0.0,0.0
7/19/2022 2:00,0.0,0.0
7/19/2022 3:00,0.0,0.0
7/19/2022 4:00,0.0,0.0
7/19/2022 5:00,0.0,0.0
7/19/2022 6:00,0.0,0.0
7/19/2022 7:00,0.02,0.0
7/19/2022 8:00,0.31,0.04
7/19/2022 9:00,0.95,0.14
7/19/2022 10:00,2.22,0.32
7/19/2022 11:00,3.48,0.5
7/19/2022 12:00,4.59,0.66
7/19/2022 13:00,4.97,0.71
7/19/2022 14:00,5.09,0.73
7/19/2022 15:00,5.0,0.71
7/19/2022 16:00,4.53,0.65
7/19/2022 17:00,3.84,0.55
7/19/2022 18:00,2.78,0.4
7/19/2022 19:00,1.42,0.2
7/19/2022 20:00,0.4,0.06
7/19/2022 21:00,0.06,0.01
7/19/2022 22:00,0.0,0.0
7/19/2022 23:00,0.0,0.0
7/20/2022 0:00,0.0,0.0
7/20/2022 1:00,0.0,0.0
7/20/2022 2:00,0.0,0.0
7/20/2022 3:00,0.0,0.0
7/20/2022 4:00,0.0,0.0
7/20/2022 5:00,0.0,0.0
7/20/2022 6:00,0.0,0.0
7/20/2022 7:00,0.01,0.0
7/20/2022 8:00,0.27,0.04
7/20/2022 9:00,1.09,0.16
7/20/2022 10:00,2.64,0.38
7/20/2022 11:00,3.75,0.54
7/20/2022 12:00,4.52,0.65
7/20/2022 13:00,4.94,0.71
7/20/2022 14:00,5.03,0.72
7/20/2022 15:00,4.87,0.7
7/20/2022 16:00,4.43,0.63
7/20/2022 17:00,3.73,0.53
7/20/2022 18:00,2.71,0.39
7/20/2022 19:00,1.4,0.2
7/20/2022 20:00,0.39,0.06
7/20/2022 21:00,0.05,0.01
7/20/2022 22:00,0.0,0.0
7/20/2022 23:00,0.0,0.0
7/21/2022 0:00,0.0,0.0
7/21/2022 1:00,0.0,0.0
7/21/2022 2:00,0.0,0.0
7/21/2022 3:00,0.0,0.0
7/21/2022 4:00,0.0,0.0
7/21/2022 5:00,0.0,0.0
7/21/2022 6:00,0.0,0.0
7/21/2022 7:00,0.0,0.0
7/21/2022 8:00,0.25,0.04
7/21/2022 9:00,1.06,0.15
7/21/2022 10:00,2.59,0.37
7/21/2022 11:00,3.67,0.52
7/21/2022 12:00,4.42,0.63
7/21/2022 13:00,4.85,0.69
7/21/2022 14:00,4.94,0.71
7/21/2022 15:00,4.57,0.65
7/21/2022 16:00,3.72,0.53
7/21/2022 17:00,1.96,0.28
7/21/2022 18:00,2.76,0.39
7/21/2022 19:00,0.99,0.14
7/21/2022 20:00,0.39,0.06
7/21/2022 21:00,0.08,0.01
7/21/2022 22:00,0.0,0.0
7/21/2022 23:00,0.0,0.0
7/22/2022 0:00,0.0,0.0
7/22/2022 1:00,0.0,0.0
7/22/2022 2:00,0.0,0.0
7/22/2022 3:00,0.0,0.0
7/22/2022 4:00,0.0,0.0
7/22/2022 5:00,0.0,0.0
7/22/2022 6:00,0.0,0.0
7/22/2022 7:00,0.0,0.0
7/22/2022 8:00,0.26,0.04
7/22/2022 9:00,1.07,0.15
7/22/2022 10:00,2.63,0.38
7/22/2022 11:00,3.72,0.53
7/22/2022 12:00,4.49,0.64
7/22/2022 13:00,4.9,0.7
7/22/2022 14:00,5.01,0.72
7/22/2022 15:00,4.85,0.69
7/22/2022 16:00,4.33,0.62
7/22/2022 17:00,3.79,0.54
7/22/2022 18:00,2.71,0.39
7/22/2022 19:00,1.36,0.19
7/22/2022 20:00,0.38,0.05
7/22/2022 21:00,0.05,0.01
7/22/2022 22:00,0.0,0.0
7/22/2022 23:00,0.0,0.0
7/23/2022 0:00,0.0,0.0
7/23/2022 1:00,0.0,0.0
7/23/2022 2:00,0.0,0.0
7/23/2022 3:00,0.0,0.0
7/23/2022 4:00,0.0,0.0
7/23/2022 5:00,0.0,0.0
7/23/2022 6:00,0.0,0.0
7/23/2022 7:00,0.0,0.0
7/23/2022 8:00,0.25,0.04
7/23/2022 9:00,1.05,0.15
7/23/2022 10:00,2.59,0.37
7/23/2022 11:00,3.67,0.52
7/23/2022 12:00,4.41,0.63
7/23/2022 13:00,4.81,0.69
7/23/2022 14:00,4.91,0.7
7/23/2022 15:00,4.55,0.65
7/23/2022 16:00,4.09,0.58
7/23/2022 17:00,3.75,0.54
7/23/2022 18:00,2.71,0.39
7/23/2022 19:00,1.36,0.19
7/23/2022 20:00,0.39,0.06
7/23/2022 21:00,0.05,0.01
7/23/2022 22:00,0.0,0.0
7/23/2022 23:00,0.0,0.0
7/24/2022 0:00,0.0,0.0
7/24/2022 1:00,0.0,0.0
7/24/2022 2:00,0.0,0.0
7/24/2022 3:00,0.0,0.0
7/24/2022 4:00,0.0,0.0
7/24/2022 5:00,0.0,0.0
7/24/2022 6:00,0.0,0.0
7/24/2022 7:00,0.0,0.0
7/24/2022 8:00,0.27,0.04
7/24/2022 9:00,1.15,0.16
7/24/2022 10:00,1.35,0.19
7/24/2022 11:00,2.55,0.36
7/24/2022 12:00,4.18,0.6
7/24/2022 13:00,4.65,0.66
7/24/2022 14:00,4.8,0.69
7/24/2022 15:00,4.4,0.63
7/24/2022 16:00,4.16,0.59
7/24/2022 17:00,3.29,0.47
7/24/2022 18:00,2.48,0.35
7/24/2022 19:00,1.02,0.15
7/24/2022 20:00,0.42,0.06
7/24/2022 21:00,0.06,0.01
7/24/2022 22:00,0.0,0.0
7/24/2022 23:00,0.0,0.0
7/25/2022 0:00,0.0,0.0
7/25/2022 1:00,0.0,0.0
7/25/2022 2:00,0.0,0.0
7/25/2022 3:00,0.0,0.0
7/25/2022 4:00,0.0,0.0
7/25/2022 5:00,0.0,0.0
7/25/2022 6:00,0.0,0.0
7/25/2022 7:00,0.0,0.0
7/25/2022 8:00,0.29,0.04
7/25/2022 9:00,1.04,0.15
7/25/2022 10:00,2.5,0.36
7/25/2022 11:00,3.61,0.52
7/25/2022 12:00,4.39,0.63
7/25/2022 13:00,4.81,0.69
7/25/2022 14:00,4.91,0.7
7/25/2022 15:00,4.81,0.69
7/25/2022 16:00,4.38,0.63
7/25/2022 17:00,3.69,0.53
7/25/2022 18:00,2.65,0.38
7/25/2022 19:00,1.35,0.19
7/25/2022 20:00,0.4,0.06
7/25/2022 21:00,0.05,0.01
7/25/2022 22:00,0.0,0.0
7/25/2022 23:00,0.0,0.0
7/26/2022 0:00,0.0,0.0
7/26/2022 1:00,0.0,0.0
7/26/2022 2:00,0.0,0.0
7/26/2022 3:00,0.0,0.0
7/26/2022 4:00,0.0,0.0
7/26/2022 5:00,0.0,0.0
7/26/2022 6:00,0.0,0.0
7/26/2022 7:00,0.0,0.0
7/26/2022 8:00,0.19,0.03
7/26/2022 9:00,0.98,0.14
7/26/2022 10:00,2.55,0.36
7/26/2022 11:00,3.67,0.52
7/26/2022 12:00,4.46,0.64
7/26/2022 13:00,4.89,0.7
7/26/2022 14:00,5.01,0.72
7/26/2022 15:00,4.93,0.7
7/26/2022 16:00,4.46,0.64
7/26/2022 17:00,3.78,0.54
7/26/2022 18:00,2.75,0.39
7/26/2022 19:00,1.39,0.2
7/26/2022 20:00,0.36,0.05
7/26/2022 21:00,0.04,0.01
7/26/2022 22:00,0.0,0.0
7/26/2022 23:00,0.0,0.0
7/27/2022 0:00,0.0,0.0
7/27/2022 1:00,0.0,0.0
7/27/2022 2:00,0.0,0.0
7/27/2022 3:00,0.0,0.0
7/27/2022 4:00,0.0,0.0
7/27/2022 5:00,0.0,0.0
7/27/2022 6:00,0.0,0.0
7/27/2022 7:00,0.0,0.0
7/27/2022 8:00,0.24,0.03
7/27/2022 9:00,1.12,0.16
7/27/2022 10:00,2.56,0.37
7/27/2022 11:00,3.73,0.53
7/27/2022 12:00,4.52,0.65
7/27/2022 13:00,5.01,0.72
7/27/2022 14:00,5.18,0.74
7/27/2022 15:00,5.05,0.72
7/27/2022 16:00,4.59,0.66
7/27/2022 17:00,3.87,0.55
7/27/2022 18:00,2.81,0.4
7/27/2022 19:00,1.41,0.2
7/27/2022 20:00,0.35,0.05
7/27/2022 21:00,0.03,0.0
7/27/2022 22:00,0.0,0.0
7/27/2022 23:00,0.0,0.0
7/28/2022 0:00,0.0,0.0
7/28/2022 1:00,0.0,0.0
7/28/2022 2:00,0.0,0.0
7/28/2022 3:00,0.0,0.0
7/28/2022 4:00,0.0,0.0
7/28/2022 5:00,0.0,0.0
7/28/2022 6:00,0.0,0.0
7/28/2022 7:00,0.0,0.0
7/28/2022 8:00,0.24,0.03
7/28/2022 9:00,0.95,0.14
7/28/2022 10:00,2.03,0.29
7/28/2022 11:00,3.36,0.48
7/28/2022 12:00,4.38,0.63
7/28/2022 13:00,4.86,0.69
7/28/2022 14:00,5.05,0.72
7/28/2022 15:00,4.95,0.71
7/28/2022 16:00,4.51,0.64
7/28/2022 17:00,3.79,0.54
7/28/2022 18:00,2.75,0.39
7/28/2022 19:00,1.38,0.2
7/28/2022 20:00,0.34,0.05
7/28/2022 21:00,0.03,0.0
7/28/2022 22:00,0.0,0.0
7/28/2022 23:00,0.0,0.0
7/29/2022 0:00,0.0,0.0
7/29/2022 1:00,0.0,0.0
7/29/2022 2:00,0.0,0.0
7/29/2022 3:00,0.0,0.0
7/29/2022 4:00,0.0,0.0
7/29/2022 5:00,0.0,0.0
7/29/2022 6:00,0.0,0.0
7/29/2022 7:00,0.0,0.0
7/29/2022 8:00,0.2,0.03
7/29/2022 9:00,0.97,0.14
7/29/2022 10:00,2.54,0.36
7/29/2022 11:00,3.69,0.53
7/29/2022 12:00,4.47,0.64
7/29/2022 13:00,4.93,0.7
7/29/2022 14:00,5.07,0.72
7/29/2022 15:00,4.98,0.71
7/29/2022 16:00,4.51,0.64
7/29/2022 17:00,3.78,0.54
7/29/2022 18:00,2.75,0.39
7/29/2022 19:00,1.38,0.2
7/29/2022 20:00,0.35,0.05
7/29/2022 21:00,0.03,0.0
7/29/2022 22:00,0.0,0.0
7/29/2022 23:00,0.0,0.0
7/30/2022 0:00,0.0,0.0
7/30/2022 1:00,0.0,0.0
7/30/2022 2:00,0.0,0.0
7/30/2022 3:00,0.0,0.0
7/30/2022 4:00,0.0,0.0
7/30/2022 5:00,0.0,0.0
7/30/2022 6:00,0.0,0.0
7/30/2022 7:00,0.0,0.0
7/30/2022 8:00,0.21,0.03
7/30/2022 9:00,0.97,0.14
7/30/2022 10:00,2.49,0.36
7/30/2022 11:00,3.6,0.51
7/30/2022 12:00,4.37,0.62
7/30/2022 13:00,4.78,0.68
7/30/2022 14:00,4.88,0.7
7/30/2022 15:00,4.66,0.67
7/30/2022 16:00,4.29,0.61
7/30/2022 17:00,3.66,0.52
7/30/2022 18:00,2.69,0.38
7/30/2022 19:00,1.35,0.19
7/30/2022 20:00,0.35,0.05
7/30/2022 21:00,0.04,0.01
7/30/2022 22:00,0.0,0.0
7/30/2022 23:00,0.0,0.0
7/31/2022 0:00,0.0,0.0
7/31/2022 1:00,0.0,0.0
7/31/2022 2:00,0.0,0.0
7/31/2022 3:00,0.0,0.0
7/31/2022 4:00,0.0,0.0
7/31/2022 5:00,0.0,0.0
7/31/2022 6:00,0.0,0.0
7/31/2022 7:00,0.0,0.0
7/31/2022 8:00,0.2,0.03
7/31/2022 9:00,0.99,0.14
7/31/2022 10:00,2.43,0.35
7/31/2022 11:00,3.51,0.5
7/31/2022 12:00,4.26,0.61
7/31/2022 13:00,4.62,0.66
7/31/2022 14:00,4.69,0.67
7/31/2022 15:00,4.04,0.58
7/31/2022 16:00,3.91,0.56
7/31/2022 17:00,3.66,0.52
7/31/2022 18:00,2.69,0.38
7/31/2022 19:00,1.33,0.19
7/31/2022 20:00,0.34,0.05
7/31/2022 21:00,0.03,0.0
7/31/2022 22:00,0.0,0.0
7/31/2022 23:00,0.0,0.0
8/1/2022 0:00,0.0,0.0
8/1/2022 1:00,0.0,0.0
8/1/2022 2:00,0.0,0.0
8/1/2022 3:00,0.0,0.0
8/1/2022 4:00,0.0,0.0
8/1/2022 5:00,0.0,0.0
8/1/2022 6:00,0.0,0.0
8/1/2022 7:00,0.0,0.0
8/1/2022 8:00,0.21,0.03
8/1/2022 9:00,1.06,0.15
8/1/2022 10:00,2.55,0.36
8/1/2022 11:00,3.68,0.53
8/1/2022 12:00,4.49,0.64
8/1/2022 13:00,4.95,0.71
8/1/2022 14:00,5.01,0.72
8/1/2022 15:00,4.6,0.66
8/1/2022 16:00,4.21,0.6
8/1/2022 17:00,3.84,0.55
8/1/2022 18:00,2.82,0.4
8/1/2022 19:00,1.42,0.2
8/1/2022 20:00,0.34,0.05
8/1/2022 21:00,0.03,0.0
8/1/2022 22:00,0.0,0.0
8/1/2022 23:00,0.0,0.0
8/2/2022 0:00,0.0,0.0
8/2/2022 1:00,0.0,0.0
8/2/2022 2:00,0.0,0.0
8/2/2022 3:00,0.0,0.0
8/2/2022 4:00,0.0,0.0
8/2/2022 5:00,0.0,0.0
8/2/2022 6:00,0.0,0.0
8/2/2022 7:00,0.0,0.0
8/2/2022 8:00,0.25,0.04
8/2/2022 9:00,0.9,0.13
8/2/2022 10:00,1.73,0.25
8/2/2022 11:00,3.8,0.54
8/2/2022 12:00,4.61,0.66
8/2/2022 13:00,5.03,0.72
8/2/2022 14:00,5.1,0.73
8/2/2022 15:00,5.03,0.72
8/2/2022 16:00,4.6,0.66
8/2/2022 17:00,3.9,0.56
8/2/2022 18:00,2.88,0.41
8/2/2022 19:00,1.45,0.21
8/2/2022 20:00,0.34,0.05
8/2/2022 21:00,0.03,0.0
8/2/2022 22:00,0.0,0.0
8/2/2022 23:00,0.0,0.0
8/3/2022 0:00,0.0,0.0
8/3/2022 1:00,0.0,0.0
8/3/2022 2:00,0.0,0.0
8/3/2022 3:00,0.0,0.0
8/3/2022 4:00,0.0,0.0
8/3/2022 5:00,0.0,0.0
8/3/2022 6:00,0.0,0.0
8/3/2022 7:00,0.0,0.0
8/3/2022 8:00,0.15,0.02
8/3/2022 9:00,0.54,0.08
8/3/2022 10:00,1.26,0.18
8/3/2022 11:00,3.29,0.47
8/3/2022 12:00,4.43,0.63
8/3/2022 13:00,4.92,0.7
8/3/2022 14:00,4.99,0.71
8/3/2022 15:00,4.89,0.7
8/3/2022 16:00,4.43,0.63
8/3/2022 17:00,3.76,0.54
8/3/2022 18:00,2.72,0.39
8/3/2022 19:00,1.36,0.19
8/3/2022 20:00,0.34,0.05
8/3/2022 21:00,0.03,0.0
8/3/2022 22:00,0.0,0.0
8/3/2022 23:00,0.0,0.0
8/4/2022 0:00,0.0,0.0
8/4/2022 1:00,0.0,0.0
8/4/2022 2:00,0.0,0.0
8/4/2022 3:00,0.0,0.0
8/4/2022 4:00,0.0,0.0
8/4/2022 5:00,0.0,0.0
8/4/2022 6:00,0.0,0.0
8/4/2022 7:00,0.0,0.0
8/4/2022 8:00,0.05,0.01
8/4/2022 9:00,0.25,0.04
8/4/2022 10:00,0.44,0.06
8/4/2022 11:00,0.83,0.12
8/4/2022 12:00,1.22,0.17
8/4/2022 13:00,1.5,0.21
8/4/2022 14:00,2.98,0.43
8/4/2022 15:00,4.53,0.65
8/4/2022 16:00,4.42,0.63
8/4/2022 17:00,3.78,0.54
8/4/2022 18:00,2.74,0.39
8/4/2022 19:00,1.35,0.19
8/4/2022 20:00,0.35,0.05
8/4/2022 21:00,0.03,0.0
8/4/2022 22:00,0.0,0.0
8/4/2022 23:00,0.0,0.0
8/5/2022 0:00,0.0,0.0
8/5/2022 1:00,0.0,0.0
8/5/2022 2:00,0.0,0.0
8/5/2022 3:00,0.0,0.0
8/5/2022 4:00,0.0,0.0
8/5/2022 5:00,0.0,0.0
8/5/2022 6:00,0.0,0.0
8/5/2022 7:00,0.0,0.0
8/5/2022 8:00,0.05,0.01
8/5/2022 9:00,0.27,0.04
8/5/2022 10:00,0.54,0.08
8/5/2022 11:00,0.95,0.14
8/5/2022 12:00,1.41,0.2
8/5/2022 13:00,2.86,0.41
8/5/2022 14:00,5.01,0.72
8/5/2022 15:00,4.8,0.69
8/5/2022 16:00,4.39,0.63
8/5/2022 17:00,3.8,0.54
8/5/2022 18:00,2.79,0.4
8/5/2022 19:00,1.39,0.2
8/5/2022 20:00,0.33,0.05
8/5/2022 21:00,0.02,0.0
8/5/2022 22:00,0.0,0.0
8/5/2022 23:00,0.0,0.0
8/6/2022 0:00,0.0,0.0
8/6/2022 1:00,0.0,0.0
8/6/2022 2:00,0.0,0.0
8/6/2022 3:00,0.0,0.0
8/6/2022 4:00,0.0,0.0
8/6/2022 5:00,0.0,0.0
8/6/2022 6:00,0.0,0.0
8/6/2022 7:00,0.0,0.0
8/6/2022 8:00,0.02,0.0
8/6/2022 9:00,0.19,0.03
8/6/2022 10:00,0.43,0.06
8/6/2022 11:00,0.6,0.09
8/6/2022 12:00,0.79,0.11
8/6/2022 13:00,2.02,0.29
8/6/2022 14:00,4.75,0.68
8/6/2022 15:00,5.04,0.72
8/6/2022 16:00,4.58,0.65
8/6/2022 17:00,3.94,0.56
8/6/2022 18:00,2.87,0.41
8/6/2022 19:00,1.42,0.2
8/6/2022 20:00,0.33,0.05
8/6/2022 21:00,0.02,0.0
8/6/2022 22:00,0.0,0.0
8/6/2022 23:00,0.0,0.0
8/7/2022 0:00,0.0,0.0
8/7/2022 1:00,0.0,0.0
8/7/2022 2:00,0.0,0.0
8/7/2022 3:00,0.0,0.0
8/7/2022 4:00,0.0,0.0
8/7/2022 5:00,0.0,0.0
8/7/2022 6:00,0.0,0.0
8/7/2022 7:00,0.0,0.0
8/7/2022 8:00,0.16,0.02
8/7/2022 9:00,0.87,0.12
8/7/2022 10:00,0.98,0.14
8/7/2022 11:00,1.97,0.28
8/7/2022 12:00,3.2,0.46
8/7/2022 13:00,4.95,0.71
8/7/2022 14:00,5.16,0.74
8/7/2022 15:00,5.04,0.72
8/7/2022 16:00,4.55,0.65
8/7/2022 17:00,3.82,0.55
8/7/2022 18:00,2.74,0.39
8/7/2022 19:00,1.35,0.19
8/7/2022 20:00,0.33,0.05
8/7/2022 21:00,0.03,0.0
8/7/2022 22:00,0.0,0.0
8/7/2022 23:00,0.0,0.0
8/8/2022 0:00,0.0,0.0
8/8/2022 1:00,0.0,0.0
8/8/2022 2:00,0.0,0.0
8/8/2022 3:00,0.0,0.0
8/8/2022 4:00,0.0,0.0
8/8/2022 5:00,0.0,0.0
8/8/2022 6:00,0.0,0.0
8/8/2022 7:00,0.0,0.0
8/8/2022 8:00,0.2,0.03
8/8/2022 9:00,0.91,0.13
8/8/2022 10:00,2.24,0.32
8/8/2022 11:00,3.83,0.55
8/8/2022 12:00,4.67,0.67
8/8/2022 13:00,3.96,0.57
8/8/2022 14:00,4.85,0.69
8/8/2022 15:00,5.14,0.73
8/8/2022 16:00,4.63,0.66
8/8/2022 17:00,3.92,0.56
8/8/2022 18:00,2.83,0.4
8/8/2022 19:00,1.4,0.2
8/8/2022 20:00,0.32,0.05
8/8/2022 21:00,0.02,0.0
8/8/2022 22:00,0.0,0.0
8/8/2022 23:00,0.0,0.0
8/9/2022 0:00,0.0,0.0
8/9/2022 1:00,0.0,0.0
8/9/2022 2:00,0.0,0.0
8/9/2022 3:00,0.0,0.0
8/9/2022 4:00,0.0,0.0
8/9/2022 5:00,0.0,0.0
8/9/2022 6:00,0.0,0.0
8/9/2022 7:00,0.0,0.0
8/9/2022 8:00,0.21,0.03
8/9/2022 9:00,0.72,0.1
8/9/2022 10:00,2.21,0.32
8/9/2022 11:00,3.66,0.52
8/9/2022 12:00,4.43,0.63
8/9/2022 13:00,4.86,0.69
8/9/2022 14:00,5.08,0.73
8/9/2022 15:00,5.01,0.72
8/9/2022 16:00,4.56,0.65
8/9/2022 17:00,3.88,0.55
8/9/2022 18:00,2.81,0.4
8/9/2022 19:00,1.39,0.2
8/9/2022 20:00,0.31,0.04
8/9/2022 21:00,0.02,0.0
8/9/2022 22:00,0.0,0.0
8/9/2022 23:00,0.0,0.0
8/10/2022 0:00,0.0,0.0
8/10/2022 1:00,0.0,0.0
8/10/2022 2:00,0.0,0.0
8/10/2022 3:00,0.0,0.0
8/10/2022 4:00,0.0,0.0
8/10/2022 5:00,0.0,0.0
8/10/2022 6:00,0.0,0.0
8/10/2022 7:00,0.0,0.0
8/10/2022 8:00,0.22,0.03
8/10/2022 9:00,0.79,0.11
8/10/2022 10:00,2.39,0.34
8/10/2022 11:00,3.67,0.52
8/10/2022 12:00,4.6,0.66
8/10/2022 13:00,5.08,0.73
8/10/2022 14:00,5.2,0.74
8/10/2022 15:00,4.99,0.71
8/10/2022 16:00,4.51,0.64
8/10/2022 17:00,3.8,0.54
8/10/2022 18:00,2.73,0.39
8/10/2022 19:00,1.33,0.19
8/10/2022 20:00,0.31,0.04
8/10/2022 21:00,0.02,0.0
8/10/2022 22:00,0.0,0.0
8/10/2022 23:00,0.0,0.0
8/11/2022 0:00,0.0,0.0
8/11/2022 1:00,0.0,0.0
8/11/2022 2:00,0.0,0.0
8/11/2022 3:00,0.0,0.0
8/11/2022 4:00,0.0,0.0
8/11/2022 5:00,0.0,0.0
8/11/2022 6:00,0.0,0.0
8/11/2022 7:00,0.0,0.0
8/11/2022 8:00,0.19,0.03
8/11/2022 9:00,0.86,0.12
8/11/2022 10:00,1.3,0.19
8/11/2022 11:00,1.29,0.18
8/11/2022 12:00,1.86,0.27
8/11/2022 13:00,2.8,0.4
8/11/2022 14:00,4.75,0.68
8/11/2022 15:00,5.08,0.73
8/11/2022 16:00,4.55,0.65
8/11/2022 17:00,3.83,0.55
8/11/2022 18:00,2.78,0.4
8/11/2022 19:00,1.35,0.19
8/11/2022 20:00,0.3,0.04
8/11/2022 21:00,0.02,0.0
8/11/2022 22:00,0.0,0.0
8/11/2022 23:00,0.0,0.0
8/12/2022 0:00,0.0,0.0
8/12/2022 1:00,0.0,0.0
8/12/2022 2:00,0.0,0.0
8/12/2022 3:00,0.0,0.0
8/12/2022 4:00,0.0,0.0
8/12/2022 5:00,0.0,0.0
8/12/2022 6:00,0.0,0.0
8/12/2022 7:00,0.0,0.0
8/12/2022 8:00,0.24,0.03
8/12/2022 9:00,1.05,0.15
8/12/2022 10:00,2.48,0.35
8/12/2022 11:00,3.6,0.51
8/12/2022 12:00,4.38,0.63
8/12/2022 13:00,4.76,0.68
8/12/2022 14:00,4.89,0.7
8/12/2022 15:00,4.72,0.67
8/12/2022 16:00,4.5,0.64
8/12/2022 17:00,3.71,0.53
8/12/2022 18:00,2.71,0.39
8/12/2022 19:00,1.33,0.19
8/12/2022 20:00,0.29,0.04
8/12/2022 21:00,0.01,0.0
8/12/2022 22:00,0.0,0.0
8/12/2022 23:00,0.0,0.0
8/13/2022 0:00,0.0,0.0
8/13/2022 1:00,0.0,0.0
8/13/2022 2:00,0.0,0.0
8/13/2022 3:00,0.0,0.0
8/13/2022 4:00,0.0,0.0
8/13/2022 5:00,0.0,0.0
8/13/2022 6:00,0.0,0.0
8/13/2022 7:00,0.0,0.0
8/13/2022 8:00,0.14,0.02
8/13/2022 9:00,0.95,0.14
8/13/2022 10:00,2.32,0.33
8/13/2022 11:00,3.17,0.45
8/13/2022 12:00,4.41,0.63
8/13/2022 13:00,4.84,0.69
8/13/2022 14:00,5.11,0.73
8/13/2022 15:00,5.03,0.72
8/13/2022 16:00,4.59,0.66
8/13/2022 17:00,3.81,0.54
8/13/2022 18:00,2.71,0.39
8/13/2022 19:00,1.31,0.19
8/13/2022 20:00,0.28,0.04
8/13/2022 21:00,0.01,0.0
8/13/2022 22:00,0.0,0.0
8/13/2022 23:00,0.0,0.0
8/14/2022 0:00,0.0,0.0
8/14/2022 1:00,0.0,0.0
8/14/2022 2:00,0.0,0.0
8/14/2022 3:00,0.0,0.0
8/14/2022 4:00,0.0,0.0
8/14/2022 5:00,0.0,0.0
8/14/2022 6:00,0.0,0.0
8/14/2022 7:00,0.0,0.0
8/14/2022 8:00,0.18,0.03
8/14/2022 9:00,1.0,0.14
8/14/2022 10:00,2.05,0.29
8/14/2022 11:00,3.35,0.48
8/14/2022 12:00,4.41,0.63
8/14/2022 13:00,4.8,0.69
8/14/2022 14:00,5.05,0.72
8/14/2022 15:00,4.95,0.71
8/14/2022 16:00,4.49,0.64
8/14/2022 17:00,3.78,0.54
8/14/2022 18:00,2.69,0.38
8/14/2022 19:00,1.31,0.19
8/14/2022 20:00,0.27,0.04
8/14/2022 21:00,0.01,0.0
8/14/2022 22:00,0.0,0.0
8/14/2022 23:00,0.0,0.0
8/15/2022 0:00,0.0,0.0
8/15/2022 1:00,0.0,0.0
8/15/2022 2:00,0.0,0.0
8/15/2022 3:00,0.0,0.0
8/15/2022 4:00,0.0,0.0
8/15/2022 5:00,0.0,0.0
8/15/2022 6:00,0.0,0.0
8/15/2022 7:00,0.0,0.0
8/15/2022 8:00,0.2,0.03
8/15/2022 9:00,0.94,0.13
8/15/2022 10:00,2.51,0.36
8/15/2022 11:00,3.69,0.53
8/15/2022 12:00,4.48,0.64
8/15/2022 13:00,4.97,0.71
8/15/2022 14:00,5.1,0.73
8/15/2022 15:00,4.94,0.71
8/15/2022 16:00,4.4,0.63
8/15/2022 17:00,3.72,0.53
8/15/2022 18:00,2.67,0.38
8/15/2022 19:00,1.28,0.18
8/15/2022 20:00,0.26,0.04
8/15/2022 21:00,0.01,0.0
8/15/2022 22:00,0.0,0.0
8/15/2022 23:00,0.0,0.0
8/16/2022 0:00,0.0,0.0
8/16/2022 1:00,0.0,0.0
8/16/2022 2:00,0.0,0.0
8/16/2022 3:00,0.0,0.0
8/16/2022 4:00,0.0,0.0
8/16/2022 5:00,0.0,0.0
8/16/2022 6:00,0.0,0.0
8/16/2022 7:00,0.0,0.0
8/16/2022 8:00,0.11,0.02
8/16/2022 9:00,0.56,0.08
8/16/2022 10:00,1.14,0.16
8/16/2022 11:00,2.42,0.35
8/16/2022 12:00,3.89,0.56
8/16/2022 13:00,4.54,0.65
8/16/2022 14:00,4.21,0.6
8/16/2022 15:00,4.41,0.63
8/16/2022 16:00,4.88,0.7
8/16/2022 17:00,3.86,0.55
8/16/2022 18:00,2.77,0.4
8/16/2022 19:00,1.22,0.17
8/16/2022 20:00,0.26,0.04
8/16/2022 21:00,0.01,0.0
8/16/2022 22:00,0.0,0.0
8/16/2022 23:00,0.0,0.0
8/17/2022 0:00,0.0,0.0
8/17/2022 1:00,0.0,0.0
8/17/2022 2:00,0.0,0.0
8/17/2022 3:00,0.0,0.0
8/17/2022 4:00,0.0,0.0
8/17/2022 5:00,0.0,0.0
8/17/2022 6:00,0.0,0.0
8/17/2022 7:00,0.0,0.0
8/17/2022 8:00,0.18,0.03
8/17/2022 9:00,0.98,0.14
8/17/2022 10:00,2.45,0.35
8/17/2022 11:00,3.49,0.5
8/17/2022 12:00,4.57,0.65
8/17/2022 13:00,4.98,0.71
8/17/2022 14:00,5.16,0.74
8/17/2022 15:00,5.14,0.73
8/17/2022 16:00,4.65,0.66
8/17/2022 17:00,3.88,0.55
8/17/2022 18:00,2.73,0.39
8/17/2022 19:00,1.35,0.19
8/17/2022 20:00,0.26,0.04
8/17/2022 21:00,0.01,0.0
8/17/2022 22:00,0.0,0.0
8/17/2022 23:00,0.0,0.0
8/18/2022 0:00,0.0,0.0
8/18/2022 1:00,0.0,0.0
8/18/2022 2:00,0.0,0.0
8/18/2022 3:00,0.0,0.0
8/18/2022 4:00,0.0,0.0
8/18/2022 5:00,0.0,0.0
8/18/2022 6:00,0.0,0.0
8/18/2022 7:00,0.0,0.0
8/18/2022 8:00,0.14,0.02
8/18/2022 9:00,0.94,0.13
8/18/2022 10:00,2.57,0.37
8/18/2022 11:00,3.74,0.53
8/18/2022 12:00,4.51,0.64
8/18/2022 13:00,4.91,0.7
8/18/2022 14:00,4.97,0.71
8/18/2022 15:00,4.86,0.69
8/18/2022 16:00,4.38,0.63
8/18/2022 17:00,3.68,0.53
8/18/2022 18:00,2.63,0.38
8/18/2022 19:00,1.26,0.18
8/18/2022 20:00,0.24,0.03
8/18/2022 21:00,0.0,0.0
8/18/2022 22:00,0.0,0.0
8/18/2022 23:00,0.0,0.0
8/19/2022 0:00,0.0,0.0
8/19/2022 1:00,0.0,0.0
8/19/2022 2:00,0.0,0.0
8/19/2022 3:00,0.0,0.0
8/19/2022 4:00,0.0,0.0
8/19/2022 5:00,0.0,0.0
8/19/2022 6:00,0.0,0.0
8/19/2022 7:00,0.0,0.0
8/19/2022 8:00,0.13,0.02
8/19/2022 9:00,0.91,0.13
8/19/2022 10:00,2.52,0.36
8/19/2022 11:00,3.62,0.52
8/19/2022 12:00,4.39,0.63
8/19/2022 13:00,4.7,0.67
8/19/2022 14:00,4.68,0.67
8/19/2022 15:00,4.16,0.59
8/19/2022 16:00,3.87,0.55
8/19/2022 17:00,3.61,0.52
8/19/2022 18:00,2.58,0.37
8/19/2022 19:00,1.21,0.17
8/19/2022 20:00,0.23,0.03
8/19/2022 21:00,0.0,0.0
8/19/2022 22:00,0.0,0.0
8/19/2022 23:00,0.0,0.0
8/20/2022 0:00,0.0,0.0
8/20/2022 1:00,0.0,0.0
8/20/2022 2:00,0.0,0.0
8/20/2022 3:00,0.0,0.0
8/20/2022 4:00,0.0,0.0
8/20/2022 5:00,0.0,0.0
8/20/2022 6:00,0.0,0.0
8/20/2022 7:00,0.0,0.0
8/20/2022 8:00,0.13,0.02
8/20/2022 9:00,0.89,0.13
8/20/2022 10:00,2.36,0.34
8/20/2022 11:00,3.4,0.49
8/20/2022 12:00,4.13,0.59
8/20/2022 13:00,4.55,0.65
8/20/2022 14:00,4.68,0.67
8/20/2022 15:00,4.24,0.61
8/20/2022 16:00,3.92,0.56
8/20/2022 17:00,3.49,0.5
8/20/2022 18:00,2.51,0.36
8/20/2022 19:00,1.21,0.17
8/20/2022 20:00,0.23,0.03
8/20/2022 21:00,0.0,0.0
8/20/2022 22:00,0.0,0.0
8/20/2022 23:00,0.0,0.0
8/21/2022 0:00,0.0,0.0
8/21/2022 1:00,0.0,0.0
8/21/2022 2:00,0.0,0.0
8/21/2022 3:00,0.0,0.0
8/21/2022 4:00,0.0,0.0
8/21/2022 5:00,0.0,0.0
8/21/2022 6:00,0.0,0.0
8/21/2022 7:00,0.0,0.0
8/21/2022 8:00,0.12,0.02
8/21/2022 9:00,0.97,0.14
8/21/2022 10:00,2.57,0.37
8/21/2022 11:00,3.74,0.53
8/21/2022 12:00,4.58,0.65
8/21/2022 13:00,5.03,0.72
8/21/2022 14:00,5.09,0.73
8/21/2022 15:00,4.93,0.7
8/21/2022 16:00,4.44,0.63
8/21/2022 17:00,3.68,0.53
8/21/2022 18:00,2.58,0.37
8/21/2022 19:00,1.18,0.17
8/21/2022 20:00,0.21,0.03
8/21/2022 21:00,0.0,0.0
8/21/2022 22:00,0.0,0.0
8/21/2022 23:00,0.0,0.0
8/22/2022 0:00,0.0,0.0
8/22/2022 1:00,0.0,0.0
8/22/2022 2:00,0.0,0.0
8/22/2022 3:00,0.0,0.0
8/22/2022 4:00,0.0,0.0
8/22/2022 5:00,0.0,0.0
8/22/2022 6:00,0.0,0.0
8/22/2022 7:00,0.0,0.0
8/22/2022 8:00,0.14,0.02
8/22/2022 9:00,0.87,0.12
8/22/2022 10:00,2.33,0.33
8/22/2022 11:00,3.48,0.5
8/22/2022 12:00,4.28,0.61
8/22/2022 13:00,4.72,0.67
8/22/2022 14:00,4.77,0.68
8/22/2022 15:00,4.66,0.67
8/22/2022 16:00,3.82,0.55
8/22/2022 17:00,3.56,0.51
8/22/2022 18:00,2.47,0.35
8/22/2022 19:00,1.16,0.17
8/22/2022 20:00,0.2,0.03
8/22/2022 21:00,0.0,0.0
8/22/2022 22:00,0.0,0.0
8/22/2022 23:00,0.0,0.0
8/23/2022 0:00,0.0,0.0
8/23/2022 1:00,0.0,0.0
8/23/2022 2:00,0.0,0.0
8/23/2022 3:00,0.0,0.0
8/23/2022 4:00,0.0,0.0
8/23/2022 5:00,0.0,0.0
8/23/2022 6:00,0.0,0.0
8/23/2022 7:00,0.0,0.0
8/23/2022 8:00,0.12,0.02
8/23/2022 9:00,0.89,0.13
8/23/2022 10:00,2.32,0.33
8/23/2022 11:00,3.44,0.49
8/23/2022 12:00,3.77,0.54
8/23/2022 13:00,4.13,0.59
8/23/2022 14:00,4.55,0.65
8/23/2022 15:00,4.07,0.58
8/23/2022 16:00,4.29,0.61
8/23/2022 17:00,3.5,0.5
8/23/2022 18:00,2.38,0.34
8/23/2022 19:00,1.11,0.16
8/23/2022 20:00,0.24,0.03
8/23/2022 21:00,0.0,0.0
8/23/2022 22:00,0.0,0.0
8/23/2022 23:00,0.0,0.0
8/24/2022 0:00,0.0,0.0
8/24/2022 1:00,0.0,0.0
8/24/2022 2:00,0.0,0.0
8/24/2022 3:00,0.0,0.0
8/24/2022 4:00,0.0,0.0
8/24/2022 5:00,0.0,0.0
8/24/2022 6:00,0.0,0.0
8/24/2022 7:00,0.0,0.0
8/24/2022 8:00,0.06,0.01
8/24/2022 9:00,0.39,0.06
8/24/2022 10:00,0.75,0.11
8/24/2022 11:00,1.77,0.25
8/24/2022 12:00,3.89,0.56
8/24/2022 13:00,4.72,0.67
8/24/2022 14:00,4.81,0.69
8/24/2022 15:00,4.68,0.67
8/24/2022 16:00,4.25,0.61
8/24/2022 17:00,3.51,0.5
8/24/2022 18:00,2.4,0.34
8/24/2022 19:00,1.11,0.16
8/24/2022 20:00,0.2,0.03
8/24/2022 21:00,0.0,0.0
8/24/2022 22:00,0.0,0.0
8/24/2022 23:00,0.0,0.0
8/25/2022 0:00,0.0,0.0
8/25/2022 1:00,0.0,0.0
8/25/2022 2:00,0.0,0.0
8/25/2022 3:00,0.0,0.0
8/25/2022 4:00,0.0,0.0
8/25/2022 5:00,0.0,0.0
8/25/2022 6:00,0.0,0.0
8/25/2022 7:00,0.0,0.0
8/25/2022 8:00,0.12,0.02
8/25/2022 9:00,0.63,0.09
8/25/2022 10:00,0.83,0.12
8/25/2022 11:00,1.17,0.17
8/25/2022 12:00,2.03,0.29
8/25/2022 13:00,4.11,0.59
8/25/2022 14:00,5.07,0.72
8/25/2022 15:00,4.96,0.71
8/25/2022 16:00,4.48,0.64
8/25/2022 17:00,3.7,0.53
8/25/2022 18:00,2.58,0.37
8/25/2022 19:00,1.2,0.17
8/25/2022 20:00,0.18,0.03
8/25/2022 21:00,0.0,0.0
8/25/2022 22:00,0.0,0.0
8/25/2022 23:00,0.0,0.0
8/26/2022 0:00,0.0,0.0
8/26/2022 1:00,0.0,0.0
8/26/2022 2:00,0.0,0.0
8/26/2022 3:00,0.0,0.0
8/26/2022 4:00,0.0,0.0
8/26/2022 5:00,0.0,0.0
8/26/2022 6:00,0.0,0.0
8/26/2022 7:00,0.0,0.0
8/26/2022 8:00,0.07,0.01
8/26/2022 9:00,0.36,0.05
8/26/2022 10:00,0.97,0.14
8/26/2022 11:00,2.91,0.42
8/26/2022 12:00,4.47,0.64
8/26/2022 13:00,4.91,0.7
8/26/2022 14:00,5.0,0.71
8/26/2022 15:00,4.79,0.68
8/26/2022 16:00,4.4,0.63
8/26/2022 17:00,3.69,0.53
8/26/2022 18:00,2.57,0.37
8/26/2022 19:00,1.19,0.17
8/26/2022 20:00,0.18,0.03
8/26/2022 21:00,0.0,0.0
8/26/2022 22:00,0.0,0.0
8/26/2022 23:00,0.0,0.0
8/27/2022 0:00,0.0,0.0
8/27/2022 1:00,0.0,0.0
8/27/2022 2:00,0.0,0.0
8/27/2022 3:00,0.0,0.0
8/27/2022 4:00,0.0,0.0
8/27/2022 5:00,0.0,0.0
8/27/2022 6:00,0.0,0.0
8/27/2022 7:00,0.0,0.0
8/27/2022 8:00,0.0,0.0
8/27/2022 9:00,0.35,0.05
8/27/2022 10:00,1.08,0.15
8/27/2022 11:00,2.64,0.38
8/27/2022 12:00,4.79,0.68
8/27/2022 13:00,5.13,0.73
8/27/2022 14:00,5.2,0.74
8/27/2022 15:00,5.04,0.72
8/27/2022 16:00,4.51,0.64
8/27/2022 17:00,3.67,0.52
8/27/2022 18:00,2.56,0.37
8/27/2022 19:00,1.17,0.17
8/27/2022 20:00,0.18,0.03
8/27/2022 21:00,0.0,0.0
8/27/2022 22:00,0.0,0.0
8/27/2022 23:00,0.0,0.0
8/28/2022 0:00,0.0,0.0
8/28/2022 1:00,0.0,0.0
8/28/2022 2:00,0.0,0.0
8/28/2022 3:00,0.0,0.0
8/28/2022 4:00,0.0,0.0
8/28/2022 5:00,0.0,0.0
8/28/2022 6:00,0.0,0.0
8/28/2022 7:00,0.0,0.0
8/28/2022 8:00,0.13,0.02
8/28/2022 9:00,0.95,0.14
8/28/2022 10:00,2.45,0.35
8/28/2022 11:00,3.61,0.52
8/28/2022 12:00,4.48,0.64
8/28/2022 13:00,4.9,0.7
8/28/2022 14:00,5.02,0.72
8/28/2022 15:00,4.77,0.68
8/28/2022 16:00,4.37,0.62
8/28/2022 17:00,3.59,0.51
8/28/2022 18:00,2.39,0.34
8/28/2022 19:00,1.1,0.16
8/28/2022 20:00,0.19,0.03
8/28/2022 21:00,0.0,0.0
8/28/2022 22:00,0.0,0.0
8/28/2022 23:00,0.0,0.0
8/29/2022 0:00,0.0,0.0
8/29/2022 1:00,0.0,0.0
8/29/2022 2:00,0.0,0.0
8/29/2022 3:00,0.0,0.0
8/29/2022 4:00,0.0,0.0
8/29/2022 5:00,0.0,0.0
8/29/2022 6:00,0.0,0.0
8/29/2022 7:00,0.0,0.0
8/29/2022 8:00,0.11,0.02
8/29/2022 9:00,0.78,0.11
8/29/2022 10:00,2.61,0.37
8/29/2022 11:00,3.7,0.53
8/29/2022 12:00,2.86,0.41
8/29/2022 13:00,2.42,0.35
8/29/2022 14:00,3.33,0.48
8/29/2022 15:00,5.09,0.73
8/29/2022 16:00,4.52,0.65
8/29/2022 17:00,3.58,0.51
8/29/2022 18:00,2.55,0.36
8/29/2022 19:00,1.14,0.16
8/29/2022 20:00,0.17,0.02
8/29/2022 21:00,0.0,0.0
8/29/2022 22:00,0.0,0.0
8/29/2022 23:00,0.0,0.0
8/30/2022 0:00,0.0,0.0
8/30/2022 1:00,0.0,0.0
8/30/2022 2:00,0.0,0.0
8/30/2022 3:00,0.0,0.0
8/30/2022 4:00,0.0,0.0
8/30/2022 5:00,0.0,0.0
8/30/2022 6:00,0.0,0.0
8/30/2022 7:00,0.0,0.0
8/30/2022 8:00,0.07,0.01
8/30/2022 9:00,0.46,0.07
8/30/2022 10:00,2.26,0.32
8/30/2022 11:00,3.64,0.52
8/30/2022 12:00,4.49,0.64
8/30/2022 13:00,4.93,0.7
8/30/2022 14:00,5.09,0.73
8/30/2022 15:00,4.88,0.7
8/30/2022 16:00,4.43,0.63
8/30/2022 17:00,3.68,0.53
8/30/2022 18:00,2.51,0.36
8/30/2022 19:00,1.1,0.16
8/30/2022 20:00,0.15,0.02
8/30/2022 21:00,0.0,0.0
8/30/2022 22:00,0.0,0.0
8/30/2022 23:00,0.0,0.0
8/31/2022 0:00,0.0,0.0
8/31/2022 1:00,0.0,0.0
8/31/2022 2:00,0.0,0.0
8/31/2022 3:00,0.0,0.0
8/31/2022 4:00,0.0,0.0
8/31/2022 5:00,0.0,0.0
8/31/2022 6:00,0.0,0.0
8/31/2022 7:00,0.0,0.0
8/31/2022 8:00,0.11,0.02
8/31/2022 9:00,1.0,0.14
8/31/2022 10:00,2.05,0.29
8/31/2022 11:00,2.37,0.34
8/31/2022 12:00,3.61,0.52
8/31/2022 13:00,4.87,0.7
8/31/2022 14:00,5.02,0.72
8/31/2022 15:00,4.83,0.69
8/31/2022 16:00,4.34,0.62
8/31/2022 17:00,3.52,0.5
8/31/2022 18:00,2.41,0.34
8/31/2022 19:00,1.05,0.15
8/31/2022 20:00,0.14,0.02
8/31/2022 21:00,0.0,0.0
8/31/2022 22:00,0.0,0.0
8/31/2022 23:00,0.0,0.0
9/1/2022 0:00,0.0,0.0
9/1/2022 1:00,0.0,0.0
9/1/2022 2:00,0.0,0.0
9/1/2022 3:00,0.0,0.0
9/1/2022 4:00,0.0,0.0
9/1/2022 5:00,0.0,0.0
9/1/2022 6:00,0.0,0.0
9/1/2022 7:00,0.0,0.0
9/1/2022 8:00,0.11,0.02
9/1/2022 9:00,1.03,0.15
9/1/2022 10:00,2.61,0.37
9/1/2022 11:00,3.66,0.52
9/1/2022 12:00,4.47,0.64
9/1/2022 13:00,4.88,0.7
9/1/2022 14:00,4.45,0.64
9/1/2022 15:00,3.97,0.57
9/1/2022 16:00,3.17,0.45
9/1/2022 17:00,2.85,0.41
9/1/2022 18:00,2.14,0.31
9/1/2022 19:00,1.32,0.19
9/1/2022 20:00,0.12,0.02
9/1/2022 21:00,0.0,0.0
9/1/2022 22:00,0.0,0.0
9/1/2022 23:00,0.0,0.0
9/2/2022 0:00,0.0,0.0
9/2/2022 1:00,0.0,0.0
9/2/2022 2:00,0.0,0.0
9/2/2022 3:00,0.0,0.0
9/2/2022 4:00,0.0,0.0
9/2/2022 5:00,0.0,0.0
9/2/2022 6:00,0.0,0.0
9/2/2022 7:00,0.0,0.0
9/2/2022 8:00,0.13,0.02
9/2/2022 9:00,0.91,0.13
9/2/2022 10:00,2.2,0.31
9/2/2022 11:00,3.06,0.44
9/2/2022 12:00,3.34,0.48
9/2/2022 13:00,4.14,0.59
9/2/2022 14:00,2.38,0.34
9/2/2022 15:00,4.27,0.61
9/2/2022 16:00,1.83,0.26
9/2/2022 17:00,2.41,0.34
9/2/2022 18:00,1.57,0.22
9/2/2022 19:00,0.74,0.11
9/2/2022 20:00,0.13,0.02
9/2/2022 21:00,0.0,0.0
9/2/2022 22:00,0.0,0.0
9/2/2022 23:00,0.0,0.0
9/3/2022 0:00,0.0,0.0
9/3/2022 1:00,0.0,0.0
9/3/2022 2:00,0.0,0.0
9/3/2022 3:00,0.0,0.0
9/3/2022 4:00,0.0,0.0
9/3/2022 5:00,0.0,0.0
9/3/2022 6:00,0.0,0.0
9/3/2022 7:00,0.0,0.0
9/3/2022 8:00,0.1,0.01
9/3/2022 9:00,0.97,0.14
9/3/2022 10:00,2.54,0.36
9/3/2022 11:00,3.66,0.52
9/3/2022 12:00,4.61,0.66
9/3/2022 13:00,4.96,0.71
9/3/2022 14:00,5.13,0.73
9/3/2022 15:00,4.91,0.7
9/3/2022 16:00,4.47,0.64
9/3/2022 17:00,3.65,0.52
9/3/2022 18:00,2.42,0.35
9/3/2022 19:00,1.04,0.15
9/3/2022 20:00,0.12,0.02
9/3/2022 21:00,0.0,0.0
9/3/2022 22:00,0.0,0.0
9/3/2022 23:00,0.0,0.0
9/4/2022 0:00,0.0,0.0
9/4/2022 1:00,0.0,0.0
9/4/2022 2:00,0.0,0.0
9/4/2022 3:00,0.0,0.0
9/4/2022 4:00,0.0,0.0
9/4/2022 5:00,0.0,0.0
9/4/2022 6:00,0.0,0.0
9/4/2022 7:00,0.0,0.0
9/4/2022 8:00,0.1,0.01
9/4/2022 9:00,0.99,0.14
9/4/2022 10:00,1.83,0.26
9/4/2022 11:00,1.19,0.17
9/4/2022 12:00,3.11,0.44
9/4/2022 13:00,4.29,0.61
9/4/2022 14:00,5.31,0.76
9/4/2022 15:00,4.71,0.67
9/4/2022 16:00,3.59,0.51
9/4/2022 17:00,3.52,0.5
9/4/2022 18:00,2.43,0.35
9/4/2022 19:00,1.03,0.15
9/4/2022 20:00,0.11,0.02
9/4/2022 21:00,0.0,0.0
9/4/2022 22:00,0.0,0.0
9/4/2022 23:00,0.0,0.0
9/5/2022 0:00,0.0,0.0
9/5/2022 1:00,0.0,0.0
9/5/2022 2:00,0.0,0.0
9/5/2022 3:00,0.0,0.0
9/5/2022 4:00,0.0,0.0
9/5/2022 5:00,0.0,0.0
9/5/2022 6:00,0.0,0.0
9/5/2022 7:00,0.0,0.0
9/5/2022 8:00,0.02,0.0
9/5/2022 9:00,0.74,0.11
9/5/2022 10:00,2.15,0.31
9/5/2022 11:00,2.77,0.4
9/5/2022 12:00,2.21,0.32
9/5/2022 13:00,3.49,0.5
9/5/2022 14:00,5.02,0.72
9/5/2022 15:00,4.86,0.69
9/5/2022 16:00,3.13,0.45
9/5/2022 17:00,2.85,0.41
9/5/2022 18:00,1.56,0.22
9/5/2022 19:00,0.81,0.12
9/5/2022 20:00,0.1,0.01
9/5/2022 21:00,0.0,0.0
9/5/2022 22:00,0.0,0.0
9/5/2022 23:00,0.0,0.0
9/6/2022 0:00,0.0,0.0
9/6/2022 1:00,0.0,0.0
9/6/2022 2:00,0.0,0.0
9/6/2022 3:00,0.0,0.0
9/6/2022 4:00,0.0,0.0
9/6/2022 5:00,0.0,0.0
9/6/2022 6:00,0.0,0.0
9/6/2022 7:00,0.0,0.0
9/6/2022 8:00,0.1,0.01
9/6/2022 9:00,0.99,0.14
9/6/2022 10:00,2.31,0.33
9/6/2022 11:00,3.59,0.51
9/6/2022 12:00,4.62,0.66
9/6/2022 13:00,3.91,0.56
9/6/2022 14:00,5.03,0.72
9/6/2022 15:00,4.87,0.7
9/6/2022 16:00,4.23,0.6
9/6/2022 17:00,3.45,0.49
9/6/2022 18:00,2.45,0.35
9/6/2022 19:00,1.03,0.15
9/6/2022 20:00,0.11,0.02
9/6/2022 21:00,0.0,0.0
9/6/2022 22:00,0.0,0.0
9/6/2022 23:00,0.0,0.0
9/7/2022 0:00,0.0,0.0
9/7/2022 1:00,0.0,0.0
9/7/2022 2:00,0.0,0.0
9/7/2022 3:00,0.0,0.0
9/7/2022 4:00,0.0,0.0
9/7/2022 5:00,0.0,0.0
9/7/2022 6:00,0.0,0.0
9/7/2022 7:00,0.0,0.0
9/7/2022 8:00,0.1,0.01
9/7/2022 9:00,0.49,0.07
9/7/2022 10:00,1.46,0.21
9/7/2022 11:00,2.65,0.38
9/7/2022 12:00,3.95,0.56
9/7/2022 13:00,4.52,0.65
9/7/2022 14:00,4.51,0.64
9/7/2022 15:00,4.88,0.7
9/7/2022 16:00,3.51,0.5
9/7/2022 17:00,3.4,0.49
9/7/2022 18:00,2.33,0.33
9/7/2022 19:00,0.85,0.12
9/7/2022 20:00,0.09,0.01
9/7/2022 21:00,0.0,0.0
9/7/2022 22:00,0.0,0.0
9/7/2022 23:00,0.0,0.0
9/8/2022 0:00,0.0,0.0
9/8/2022 1:00,0.0,0.0
9/8/2022 2:00,0.0,0.0
9/8/2022 3:00,0.0,0.0
9/8/2022 4:00,0.0,0.0
9/8/2022 5:00,0.0,0.0
9/8/2022 6:00,0.0,0.0
9/8/2022 7:00,0.0,0.0
9/8/2022 8:00,0.13,0.02
9/8/2022 9:00,0.96,0.14
9/8/2022 10:00,1.29,0.18
9/8/2022 11:00,1.63,0.23
9/8/2022 12:00,1.16,0.17
9/8/2022 13:00,1.57,0.22
9/8/2022 14:00,1.91,0.27
9/8/2022 15:00,2.71,0.39
9/8/2022 16:00,3.46,0.49
9/8/2022 17:00,2.05,0.29
9/8/2022 18:00,1.78,0.25
9/8/2022 19:00,0.74,0.11
9/8/2022 20:00,0.08,0.01
9/8/2022 21:00,0.0,0.0
9/8/2022 22:00,0.0,0.0
9/8/2022 23:00,0.0,0.0
9/9/2022 0:00,0.0,0.0
9/9/2022 1:00,0.0,0.0
9/9/2022 2:00,0.0,0.0
9/9/2022 3:00,0.0,0.0
9/9/2022 4:00,0.0,0.0
9/9/2022 5:00,0.0,0.0
9/9/2022 6:00,0.0,0.0
9/9/2022 7:00,0.0,0.0
9/9/2022 8:00,0.07,0.01
9/9/2022 9:00,0.52,0.07
9/9/2022 10:00,1.0,0.14
9/9/2022 11:00,2.89,0.41
9/9/2022 12:00,3.25,0.46
9/9/2022 13:00,4.73,0.68
9/9/2022 14:00,4.88,0.7
9/9/2022 15:00,4.83,0.69
9/9/2022 16:00,4.39,0.63
9/9/2022 17:00,3.59,0.51
9/9/2022 18:00,2.35,0.34
9/9/2022 19:00,0.94,0.13
9/9/2022 20:00,0.07,0.01
9/9/2022 21:00,0.0,0.0
9/9/2022 22:00,0.0,0.0
9/9/2022 23:00,0.0,0.0
9/10/2022 0:00,0.0,0.0
9/10/2022 1:00,0.0,0.0
9/10/2022 2:00,0.0,0.0
9/10/2022 3:00,0.0,0.0
9/10/2022 4:00,0.0,0.0
9/10/2022 5:00,0.0,0.0
9/10/2022 6:00,0.0,0.0
9/10/2022 7:00,0.0,0.0
9/10/2022 8:00,0.08,0.01
9/10/2022 9:00,1.09,0.16
9/10/2022 10:00,2.56,0.37
9/10/2022 11:00,3.69,0.53
9/10/2022 12:00,4.49,0.64
9/10/2022 13:00,4.86,0.69
9/10/2022 14:00,4.96,0.71
9/10/2022 15:00,4.83,0.69
9/10/2022 16:00,4.42,0.63
9/10/2022 17:00,3.59,0.51
9/10/2022 18:00,2.34,0.33
9/10/2022 19:00,0.94,0.13
9/10/2022 20:00,0.07,0.01
9/10/2022 21:00,0.0,0.0
9/10/2022 22:00,0.0,0.0
9/10/2022 23:00,0.0,0.0
9/11/2022 0:00,0.0,0.0
9/11/2022 1:00,0.0,0.0
9/11/2022 2:00,0.0,0.0
9/11/2022 3:00,0.0,0.0
9/11/2022 4:00,0.0,0.0
9/11/2022 5:00,0.0,0.0
9/11/2022 6:00,0.0,0.0
9/11/2022 7:00,0.0,0.0
9/11/2022 8:00,0.13,0.02
9/11/2022 9:00,0.93,0.13
9/11/2022 10:00,1.55,0.22
9/11/2022 11:00,3.73,0.53
9/11/2022 12:00,4.61,0.66
9/11/2022 13:00,5.02,0.72
9/11/2022 14:00,5.09,0.73
9/11/2022 15:00,4.86,0.69
9/11/2022 16:00,2.32,0.33
9/11/2022 17:00,1.89,0.27
9/11/2022 18:00,0.76,0.11
9/11/2022 19:00,0.36,0.05
9/11/2022 20:00,0.05,0.01
9/11/2022 21:00,0.0,0.0
9/11/2022 22:00,0.0,0.0
9/11/2022 23:00,0.0,0.0
9/12/2022 0:00,0.0,0.0
9/12/2022 1:00,0.0,0.0
9/12/2022 2:00,0.0,0.0
9/12/2022 3:00,0.0,0.0
9/12/2022 4:00,0.0,0.0
9/12/2022 5:00,0.0,0.0
9/12/2022 6:00,0.0,0.0
9/12/2022 7:00,0.0,0.0
9/12/2022 8:00,0.0,0.0
9/12/2022 9:00,0.27,0.04
9/12/2022 10:00,0.59,0.08
9/12/2022 11:00,0.5,0.07
9/12/2022 12:00,0.15,0.02
9/12/2022 13:00,0.37,0.05
9/12/2022 14:00,0.81,0.12
9/12/2022 15:00,0.52,0.07
9/12/2022 16:00,0.75,0.11
9/12/2022 17:00,0.26,0.04
9/12/2022 18:00,0.18,0.03
9/12/2022 19:00,0.54,0.08
9/12/2022 20:00,0.05,0.01
9/12/2022 21:00,0.0,0.0
9/12/2022 22:00,0.0,0.0
9/12/2022 23:00,0.0,0.0
9/13/2022 0:00,0.0,0.0
9/13/2022 1:00,0.0,0.0
9/13/2022 2:00,0.0,0.0
9/13/2022 3:00,0.0,0.0
9/13/2022 4:00,0.0,0.0
9/13/2022 5:00,0.0,0.0
9/13/2022 6:00,0.0,0.0
9/13/2022 7:00,0.0,0.0
9/13/2022 8:00,0.03,0.0
9/13/2022 9:00,0.13,0.02
9/13/2022 10:00,0.31,0.04
9/13/2022 11:00,0.86,0.12
9/13/2022 12:00,1.04,0.15
9/13/2022 13:00,3.39,0.48
9/13/2022 14:00,3.28,0.47
9/13/2022 15:00,2.84,0.41
9/13/2022 16:00,2.06,0.29
9/13/2022 17:00,3.3,0.47
9/13/2022 18:00,2.08,0.3
9/13/2022 19:00,0.94,0.13
9/13/2022 20:00,0.07,0.01
9/13/2022 21:00,0.0,0.0
9/13/2022 22:00,0.0,0.0
9/13/2022 23:00,0.0,0.0
9/14/2022 0:00,0.0,0.0
9/14/2022 1:00,0.0,0.0
9/14/2022 2:00,0.0,0.0
9/14/2022 3:00,0.0,0.0
9/14/2022 4:00,0.0,0.0
9/14/2022 5:00,0.0,0.0
9/14/2022 6:00,0.0,0.0
9/14/2022 7:00,0.0,0.0
9/14/2022 8:00,0.03,0.0
9/14/2022 9:00,0.3,0.04
9/14/2022 10:00,1.24,0.18
9/14/2022 11:00,2.22,0.32
9/14/2022 12:00,0.82,0.12
9/14/2022 13:00,1.12,0.16
9/14/2022 14:00,1.26,0.18
9/14/2022 15:00,1.47,0.21
9/14/2022 16:00,2.03,0.29
9/14/2022 17:00,2.95,0.42
9/14/2022 18:00,1.85,0.26
9/14/2022 19:00,0.4,0.06
9/14/2022 20:00,0.06,0.01
9/14/2022 21:00,0.0,0.0
9/14/2022 22:00,0.0,0.0
9/14/2022 23:00,0.0,0.0
9/15/2022 0:00,0.0,0.0
9/15/2022 1:00,0.0,0.0
9/15/2022 2:00,0.0,0.0
9/15/2022 3:00,0.0,0.0
9/15/2022 4:00,0.0,0.0
9/15/2022 5:00,0.0,0.0
9/15/2022 6:00,0.0,0.0
9/15/2022 7:00,0.0,0.0
9/15/2022 8:00,0.01,0.0
9/15/2022 9:00,0.33,0.05
9/15/2022 10:00,0.64,0.09
9/15/2022 11:00,1.01,0.14
9/15/2022 12:00,2.71,0.39
9/15/2022 13:00,3.77,0.54
9/15/2022 14:00,2.42,0.35
9/15/2022 15:00,4.82,0.69
9/15/2022 16:00,4.43,0.63
9/15/2022 17:00,3.41,0.49
9/15/2022 18:00,1.86,0.27
9/15/2022 19:00,0.38,0.05
9/15/2022 20:00,0.04,0.01
9/15/2022 21:00,0.0,0.0
9/15/2022 22:00,0.0,0.0
9/15/2022 23:00,0.0,0.0
9/16/2022 0:00,0.0,0.0
9/16/2022 1:00,0.0,0.0
9/16/2022 2:00,0.0,0.0
9/16/2022 3:00,0.0,0.0
9/16/2022 4:00,0.0,0.0
9/16/2022 5:00,0.0,0.0
9/16/2022 6:00,0.0,0.0
9/16/2022 7:00,0.0,0.0
9/16/2022 8:00,0.07,0.01
9/16/2022 9:00,0.55,0.08
9/16/2022 10:00,1.85,0.26
9/16/2022 11:00,2.43,0.35
9/16/2022 12:00,4.47,0.64
9/16/2022 13:00,5.0,0.71
9/16/2022 14:00,5.15,0.74
9/16/2022 15:00,2.98,0.43
9/16/2022 16:00,3.45,0.49
9/16/2022 17:00,3.11,0.44
9/16/2022 18:00,2.48,0.35
9/16/2022 19:00,0.79,0.11
9/16/2022 20:00,0.05,0.01
9/16/2022 21:00,0.0,0.0
9/16/2022 22:00,0.0,0.0
9/16/2022 23:00,0.0,0.0
9/17/2022 0:00,0.0,0.0
9/17/2022 1:00,0.0,0.0
9/17/2022 2:00,0.0,0.0
9/17/2022 3:00,0.0,0.0
9/17/2022 4:00,0.0,0.0
9/17/2022 5:00,0.0,0.0
9/17/2022 6:00,0.0,0.0
9/17/2022 7:00,0.0,0.0
9/17/2022 8:00,0.07,0.01
9/17/2022 9:00,1.02,0.15
9/17/2022 10:00,2.35,0.34
9/17/2022 11:00,3.5,0.5
9/17/2022 12:00,4.3,0.61
9/17/2022 13:00,4.73,0.68
9/17/2022 14:00,4.83,0.69
9/17/2022 15:00,4.66,0.67
9/17/2022 16:00,3.75,0.54
9/17/2022 17:00,3.16,0.45
9/17/2022 18:00,1.99,0.28
9/17/2022 19:00,0.69,0.1
9/17/2022 20:00,0.04,0.01
9/17/2022 21:00,0.0,0.0
9/17/2022 22:00,0.0,0.0
9/17/2022 23:00,0.0,0.0
9/18/2022 0:00,0.0,0.0
9/18/2022 1:00,0.0,0.0
9/18/2022 2:00,0.0,0.0
9/18/2022 3:00,0.0,0.0
9/18/2022 4:00,0.0,0.0
9/18/2022 5:00,0.0,0.0
9/18/2022 6:00,0.0,0.0
9/18/2022 7:00,0.0,0.0
9/18/2022 8:00,0.05,0.01
9/18/2022 9:00,0.79,0.11
9/18/2022 10:00,2.06,0.29
9/18/2022 11:00,3.32,0.47
9/18/2022 12:00,4.26,0.61
9/18/2022 13:00,3.32,0.47
9/18/2022 14:00,3.93,0.56
9/18/2022 15:00,2.95,0.42
9/18/2022 16:00,2.99,0.43
9/18/2022 17:00,2.47,0.35
9/18/2022 18:00,1.97,0.28
9/18/2022 19:00,0.6,0.09
9/18/2022 20:00,0.04,0.01
9/18/2022 21:00,0.0,0.0
9/18/2022 22:00,0.0,0.0
9/18/2022 23:00,0.0,0.0
9/19/2022 0:00,0.0,0.0
9/19/2022 1:00,0.0,0.0
9/19/2022 2:00,0.0,0.0
9/19/2022 3:00,0.0,0.0
9/19/2022 4:00,0.0,0.0
9/19/2022 5:00,0.0,0.0
9/19/2022 6:00,0.0,0.0
9/19/2022 7:00,0.0,0.0
9/19/2022 8:00,0.04,0.01
9/19/2022 9:00,0.87,0.12
9/19/2022 10:00,2.09,0.3
9/19/2022 11:00,3.26,0.47
9/19/2022 12:00,4.14,0.59
9/19/2022 13:00,4.45,0.64
9/19/2022 14:00,4.61,0.66
9/19/2022 15:00,4.18,0.6
9/19/2022 16:00,3.66,0.52
9/19/2022 17:00,2.71,0.39
9/19/2022 18:00,1.17,0.17
9/19/2022 19:00,0.44,0.06
9/19/2022 20:00,0.05,0.01
9/19/2022 21:00,0.0,0.0
9/19/2022 22:00,0.0,0.0
9/19/2022 23:00,0.0,0.0
9/20/2022 0:00,0.0,0.0
9/20/2022 1:00,0.0,0.0
9/20/2022 2:00,0.0,0.0
9/20/2022 3:00,0.0,0.0
9/20/2022 4:00,0.0,0.0
9/20/2022 5:00,0.0,0.0
9/20/2022 6:00,0.0,0.0
9/20/2022 7:00,0.0,0.0
9/20/2022 8:00,0.05,0.01
9/20/2022 9:00,0.83,0.12
9/20/2022 10:00,1.47,0.21
9/20/2022 11:00,3.23,0.46
9/20/2022 12:00,3.94,0.56
9/20/2022 13:00,4.46,0.64
9/20/2022 14:00,4.48,0.64
9/20/2022 15:00,2.72,0.39
9/20/2022 16:00,3.84,0.55
9/20/2022 17:00,3.18,0.45
9/20/2022 18:00,2.25,0.32
9/20/2022 19:00,0.74,0.11
9/20/2022 20:00,0.06,0.01
9/20/2022 21:00,0.0,0.0
9/20/2022 22:00,0.0,0.0
9/20/2022 23:00,0.0,0.0
9/21/2022 0:00,0.0,0.0
9/21/2022 1:00,0.0,0.0
9/21/2022 2:00,0.0,0.0
9/21/2022 3:00,0.0,0.0
9/21/2022 4:00,0.0,0.0
9/21/2022 5:00,0.0,0.0
9/21/2022 6:00,0.0,0.0
9/21/2022 7:00,0.0,0.0
9/21/2022 8:00,0.03,0.0
9/21/2022 9:00,0.54,0.08
9/21/2022 10:00,2.28,0.33
9/21/2022 11:00,2.3,0.33
9/21/2022 12:00,4.24,0.61
9/21/2022 13:00,4.3,0.61
9/21/2022 14:00,3.99,0.57
9/21/2022 15:00,4.7,0.67
9/21/2022 16:00,3.51,0.5
9/21/2022 17:00,3.25,0.46
9/21/2022 18:00,1.97,0.28
9/21/2022 19:00,0.64,0.09
9/21/2022 20:00,0.03,0.0
9/21/2022 21:00,0.0,0.0
9/21/2022 22:00,0.0,0.0
9/21/2022 23:00,0.0,0.0
9/22/2022 0:00,0.0,0.0
9/22/2022 1:00,0.0,0.0
9/22/2022 2:00,0.0,0.0
9/22/2022 3:00,0.0,0.0
9/22/2022 4:00,0.0,0.0
9/22/2022 5:00,0.0,0.0
9/22/2022 6:00,0.0,0.0
9/22/2022 7:00,0.0,0.0
9/22/2022 8:00,0.04,0.01
9/22/2022 9:00,0.97,0.14
9/22/2022 10:00,2.26,0.32
9/22/2022 11:00,3.39,0.48
9/22/2022 12:00,4.24,0.61
9/22/2022 13:00,4.69,0.67
9/22/2022 14:00,4.76,0.68
9/22/2022 15:00,4.53,0.65
9/22/2022 16:00,4.18,0.6
9/22/2022 17:00,3.33,0.48
9/22/2022 18:00,2.05,0.29
9/22/2022 19:00,0.66,0.09
9/22/2022 20:00,0.02,0.0
9/22/2022 21:00,0.0,0.0
9/22/2022 22:00,0.0,0.0
9/22/2022 23:00,0.0,0.0
9/23/2022 0:00,0.0,0.0
9/23/2022 1:00,0.0,0.0
9/23/2022 2:00,0.0,0.0
9/23/2022 3:00,0.0,0.0
9/23/2022 4:00,0.0,0.0
9/23/2022 5:00,0.0,0.0
9/23/2022 6:00,0.0,0.0
9/23/2022 7:00,0.0,0.0
9/23/2022 8:00,0.05,0.01
9/23/2022 9:00,0.96,0.14
9/23/2022 10:00,2.08,0.3
9/23/2022 11:00,3.47,0.5
9/23/2022 12:00,4.2,0.6
9/23/2022 13:00,4.68,0.67
9/23/2022 14:00,4.87,0.7
9/23/2022 15:00,4.62,0.66
9/23/2022 16:00,4.11,0.59
9/23/2022 17:00,3.26,0.47
9/23/2022 18:00,1.83,0.26
9/23/2022 19:00,0.58,0.08
9/23/2022 20:00,0.05,0.01
9/23/2022 21:00,0.0,0.0
9/23/2022 22:00,0.0,0.0
9/23/2022 23:00,0.0,0.0
9/24/2022 0:00,0.0,0.0
9/24/2022 1:00,0.0,0.0
9/24/2022 2:00,0.0,0.0
9/24/2022 3:00,0.0,0.0
9/24/2022 4:00,0.0,0.0
9/24/2022 5:00,0.0,0.0
9/24/2022 6:00,0.0,0.0
9/24/2022 7:00,0.0,0.0
9/24/2022 8:00,0.04,0.01
9/24/2022 9:00,1.0,0.14
9/24/2022 10:00,1.66,0.24
9/24/2022 11:00,2.45,0.35
9/24/2022 12:00,3.2,0.46
9/24/2022 13:00,3.99,0.57
9/24/2022 14:00,4.93,0.7
9/24/2022 15:00,4.91,0.7
9/24/2022 16:00,4.4,0.63
9/24/2022 17:00,3.46,0.49
9/24/2022 18:00,2.14,0.31
9/24/2022 19:00,0.63,0.09
9/24/2022 20:00,0.03,0.0
9/24/2022 21:00,0.0,0.0
9/24/2022 22:00,0.0,0.0
9/24/2022 23:00,0.0,0.0
9/25/2022 0:00,0.0,0.0
9/25/2022 1:00,0.0,0.0
9/25/2022 2:00,0.0,0.0
9/25/2022 3:00,0.0,0.0
9/25/2022 4:00,0.0,0.0
9/25/2022 5:00,0.0,0.0
9/25/2022 6:00,0.0,0.0
9/25/2022 7:00,0.0,0.0
9/25/2022 8:00,0.02,0.0
9/25/2022 9:00,1.0,0.14
9/25/2022 10:00,2.47,0.35
9/25/2022 11:00,3.61,0.52
9/25/2022 12:00,4.51,0.64
9/25/2022 13:00,4.97,0.71
9/25/2022 14:00,5.1,0.73
9/25/2022 15:00,4.87,0.7
9/25/2022 16:00,4.33,0.62
9/25/2022 17:00,3.41,0.49
9/25/2022 18:00,2.05,0.29
9/25/2022 19:00,0.61,0.09
9/25/2022 20:00,0.02,0.0
9/25/2022 21:00,0.0,0.0
9/25/2022 22:00,0.0,0.0
9/25/2022 23:00,0.0,0.0
9/26/2022 0:00,0.0,0.0
9/26/2022 1:00,0.0,0.0
9/26/2022 2:00,0.0,0.0
9/26/2022 3:00,0.0,0.0
9/26/2022 4:00,0.0,0.0
9/26/2022 5:00,0.0,0.0
9/26/2022 6:00,0.0,0.0
9/26/2022 7:00,0.0,0.0
9/26/2022 8:00,0.01,0.0
9/26/2022 9:00,0.93,0.13
9/26/2022 10:00,2.41,0.34
9/26/2022 11:00,3.52,0.5
9/26/2022 12:00,4.36,0.62
9/26/2022 13:00,4.79,0.68
9/26/2022 14:00,4.92,0.7
9/26/2022 15:00,4.71,0.67
9/26/2022 16:00,4.2,0.6
9/26/2022 17:00,3.28,0.47
9/26/2022 18:00,1.98,0.28
9/26/2022 19:00,0.59,0.08
9/26/2022 20:00,0.01,0.0
9/26/2022 21:00,0.0,0.0
9/26/2022 22:00,0.0,0.0
9/26/2022 23:00,0.0,0.0
9/27/2022 0:00,0.0,0.0
9/27/2022 1:00,0.0,0.0
9/27/2022 2:00,0.0,0.0
9/27/2022 3:00,0.0,0.0
9/27/2022 4:00,0.0,0.0
9/27/2022 5:00,0.0,0.0
9/27/2022 6:00,0.0,0.0
9/27/2022 7:00,0.0,0.0
9/27/2022 8:00,0.01,0.0
9/27/2022 9:00,0.91,0.13
9/27/2022 10:00,2.42,0.35
9/27/2022 11:00,3.52,0.5
9/27/2022 12:00,4.35,0.62
9/27/2022 13:00,4.83,0.69
9/27/2022 14:00,4.94,0.71
9/27/2022 15:00,4.78,0.68
9/27/2022 16:00,4.28,0.61
9/27/2022 17:00,3.34,0.48
9/27/2022 18:00,2.02,0.29
9/27/2022 19:00,0.58,0.08
9/27/2022 20:00,0.01,0.0
9/27/2022 21:00,0.0,0.0
9/27/2022 22:00,0.0,0.0
9/27/2022 23:00,0.0,0.0
9/28/2022 0:00,0.0,0.0
9/28/2022 1:00,0.0,0.0
9/28/2022 2:00,0.0,0.0
9/28/2022 3:00,0.0,0.0
9/28/2022 4:00,0.0,0.0
9/28/2022 5:00,0.0,0.0
9/28/2022 6:00,0.0,0.0
9/28/2022 7:00,0.0,0.0
9/28/2022 8:00,0.0,0.0
9/28/2022 9:00,0.84,0.12
9/28/2022 10:00,2.41,0.34
9/28/2022 11:00,3.4,0.49
9/28/2022 12:00,3.14,0.45
9/28/2022 13:00,4.27,0.61
9/28/2022 14:00,5.07,0.72
9/28/2022 15:00,4.77,0.68
9/28/2022 16:00,4.28,0.61
9/28/2022 17:00,3.12,0.45
9/28/2022 18:00,1.57,0.22
9/28/2022 19:00,0.34,0.05
9/28/2022 20:00,0.0,0.0
9/28/2022 21:00,0.0,0.0
9/28/2022 22:00,0.0,0.0
9/28/2022 23:00,0.0,0.0
9/29/2022 0:00,0.0,0.0
9/29/2022 1:00,0.0,0.0
9/29/2022 2:00,0.0,0.0
9/29/2022 3:00,0.0,0.0
9/29/2022 4:00,0.0,0.0
9/29/2022 5:00,0.0,0.0
9/29/2022 6:00,0.0,0.0
9/29/2022 7:00,0.0,0.0
9/29/2022 8:00,0.0,0.0
9/29/2022 9:00,0.47,0.07
9/29/2022 10:00,1.17,0.17
9/29/2022 11:00,1.45,0.21
9/29/2022 12:00,1.56,0.22
9/29/2022 13:00,1.56,0.22
9/29/2022 14:00,1.37,0.2
9/29/2022 15:00,1.35,0.19
9/29/2022 16:00,2.4,0.34
9/29/2022 17:00,1.93,0.28
9/29/2022 18:00,1.3,0.19
9/29/2022 19:00,0.28,0.04
9/29/2022 20:00,0.01,0.0
9/29/2022 21:00,0.0,0.0
9/29/2022 22:00,0.0,0.0
9/29/2022 23:00,0.0,0.0
9/30/2022 0:00,0.0,0.0
9/30/2022 1:00,0.0,0.0
9/30/2022 2:00,0.0,0.0
9/30/2022 3:00,0.0,0.0
9/30/2022 4:00,0.0,0.0
9/30/2022 5:00,0.0,0.0
9/30/2022 6:00,0.0,0.0
9/30/2022 7:00,0.0,0.0
9/30/2022 8:00,0.0,0.0
9/30/2022 9:00,0.79,0.11
9/30/2022 10:00,2.48,0.35
9/30/2022 11:00,3.62,0.52
9/30/2022 12:00,4.37,0.62
9/30/2022 13:00,4.82,0.69
9/30/2022 14:00,4.94,0.71
9/30/2022 15:00,4.7,0.67
9/30/2022 16:00,4.2,0.6
9/30/2022 17:00,3.24,0.46
9/30/2022 18:00,1.93,0.28
9/30/2022 19:00,0.52,0.07
9/30/2022 20:00,0.0,0.0
9/30/2022 21:00,0.0,0.0
9/30/2022 22:00,0.0,0.0
9/30/2022 23:00,0.0,0.0
10/1/2022 0:00,0.0,0.0
10/1/2022 1:00,0.0,0.0
10/1/2022 2:00,0.0,0.0
10/1/2022 3:00,0.0,0.0
10/1/2022 4:00,0.0,0.0
10/1/2022 5:00,0.0,0.0
10/1/2022 6:00,0.0,0.0
10/1/2022 7:00,0.0,0.0
10/1/2022 8:00,0.02,0.0
10/1/2022 9:00,0.67,0.1
10/1/2022 10:00,2.27,0.32
10/1/2022 11:00,3.44,0.49
10/1/2022 12:00,4.16,0.59
10/1/2022 13:00,4.64,0.66
10/1/2022 14:00,4.75,0.68
10/1/2022 15:00,4.48,0.64
10/1/2022 16:00,3.95,0.56
10/1/2022 17:00,3.02,0.43
10/1/2022 18:00,1.78,0.25
10/1/2022 19:00,0.47,0.07
10/1/2022 20:00,0.0,0.0
10/1/2022 21:00,0.0,0.0
10/1/2022 22:00,0.0,0.0
10/1/2022 23:00,0.0,0.0
10/2/2022 0:00,0.0,0.0
10/2/2022 1:00,0.0,0.0
10/2/2022 2:00,0.0,0.0
10/2/2022 3:00,0.0,0.0
10/2/2022 4:00,0.0,0.0
10/2/2022 5:00,0.0,0.0
10/2/2022 6:00,0.0,0.0
10/2/2022 7:00,0.0,0.0
10/2/2022 8:00,0.0,0.0
10/2/2022 9:00,0.71,0.1
10/2/2022 10:00,2.32,0.33
10/2/2022 11:00,3.37,0.48
10/2/2022 12:00,4.1,0.59
10/2/2022 13:00,4.58,0.65
10/2/2022 14:00,4.66,0.67
10/2/2022 15:00,4.03,0.58
10/2/2022 16:00,3.06,0.44
10/2/2022 17:00,2.36,0.34
10/2/2022 18:00,1.35,0.19
10/2/2022 19:00,0.34,0.05
10/2/2022 20:00,0.0,0.0
10/2/2022 21:00,0.0,0.0
10/2/2022 22:00,0.0,0.0
10/2/2022 23:00,0.0,0.0
10/3/2022 0:00,0.0,0.0
10/3/2022 1:00,0.0,0.0
10/3/2022 2:00,0.0,0.0
10/3/2022 3:00,0.0,0.0
10/3/2022 4:00,0.0,0.0
10/3/2022 5:00,0.0,0.0
10/3/2022 6:00,0.0,0.0
10/3/2022 7:00,0.0,0.0
10/3/2022 8:00,0.01,0.0
10/3/2022 9:00,0.36,0.05
10/3/2022 10:00,1.21,0.17
10/3/2022 11:00,2.21,0.32
10/3/2022 12:00,3.07,0.44
10/3/2022 13:00,3.52,0.5
10/3/2022 14:00,3.65,0.52
10/3/2022 15:00,3.41,0.49
10/3/2022 16:00,2.84,0.41
10/3/2022 17:00,1.97,0.28
10/3/2022 18:00,1.06,0.15
10/3/2022 19:00,0.28,0.04
10/3/2022 20:00,0.0,0.0
10/3/2022 21:00,0.0,0.0
10/3/2022 22:00,0.0,0.0
10/3/2022 23:00,0.0,0.0
10/4/2022 0:00,0.0,0.0
10/4/2022 1:00,0.0,0.0
10/4/2022 2:00,0.0,0.0
10/4/2022 3:00,0.0,0.0
10/4/2022 4:00,0.0,0.0
10/4/2022 5:00,0.0,0.0
10/4/2022 6:00,0.0,0.0
10/4/2022 7:00,0.0,0.0
10/4/2022 8:00,0.01,0.0
10/4/2022 9:00,0.45,0.06
10/4/2022 10:00,1.5,0.21
10/4/2022 11:00,2.61,0.37
10/4/2022 12:00,3.45,0.49
10/4/2022 13:00,3.94,0.56
10/4/2022 14:00,4.05,0.58
10/4/2022 15:00,3.79,0.54
10/4/2022 16:00,3.22,0.46
10/4/2022 17:00,2.26,0.32
10/4/2022 18:00,1.16,0.17
10/4/2022 19:00,0.29,0.04
10/4/2022 20:00,0.0,0.0
10/4/2022 21:00,0.0,0.0
10/4/2022 22:00,0.0,0.0
10/4/2022 23:00,0.0,0.0
10/5/2022 0:00,0.0,0.0
10/5/2022 1:00,0.0,0.0
10/5/2022 2:00,0.0,0.0
10/5/2022 3:00,0.0,0.0
10/5/2022 4:00,0.0,0.0
10/5/2022 5:00,0.0,0.0
10/5/2022 6:00,0.0,0.0
10/5/2022 7:00,0.0,0.0
10/5/2022 8:00,0.0,0.0
10/5/2022 9:00,0.49,0.07
10/5/2022 10:00,1.62,0.23
10/5/2022 11:00,2.67,0.38
10/5/2022 12:00,3.35,0.48
10/5/2022 13:00,3.81,0.54
10/5/2022 14:00,3.95,0.56
10/5/2022 15:00,3.7,0.53
10/5/2022 16:00,3.17,0.45
10/5/2022 17:00,2.29,0.33
10/5/2022 18:00,1.19,0.17
10/5/2022 19:00,0.28,0.04
10/5/2022 20:00,0.0,0.0
10/5/2022 21:00,0.0,0.0
10/5/2022 22:00,0.0,0.0
10/5/2022 23:00,0.0,0.0
10/6/2022 0:00,0.0,0.0
10/6/2022 1:00,0.0,0.0
10/6/2022 2:00,0.0,0.0
10/6/2022 3:00,0.0,0.0
10/6/2022 4:00,0.0,0.0
10/6/2022 5:00,0.0,0.0
10/6/2022 6:00,0.0,0.0
10/6/2022 7:00,0.0,0.0
10/6/2022 8:00,0.02,0.0
10/6/2022 9:00,0.39,0.06
10/6/2022 10:00,1.41,0.2
10/6/2022 11:00,2.59,0.37
10/6/2022 12:00,2.83,0.4
10/6/2022 13:00,3.89,0.56
10/6/2022 14:00,4.11,0.59
10/6/2022 15:00,3.68,0.53
10/6/2022 16:00,2.97,0.42
10/6/2022 17:00,1.66,0.24
10/6/2022 18:00,1.06,0.15
10/6/2022 19:00,0.38,0.05
10/6/2022 20:00,0.01,0.0
10/6/2022 21:00,0.0,0.0
10/6/2022 22:00,0.0,0.0
10/6/2022 23:00,0.0,0.0
10/7/2022 0:00,0.0,0.0
10/7/2022 1:00,0.0,0.0
10/7/2022 2:00,0.0,0.0
10/7/2022 3:00,0.0,0.0
10/7/2022 4:00,0.0,0.0
10/7/2022 5:00,0.0,0.0
10/7/2022 6:00,0.0,0.0
10/7/2022 7:00,0.0,0.0
10/7/2022 8:00,0.0,0.0
10/7/2022 9:00,0.44,0.06
10/7/2022 10:00,1.58,0.23
10/7/2022 11:00,2.69,0.38
10/7/2022 12:00,3.39,0.48
10/7/2022 13:00,3.84,0.55
10/7/2022 14:00,3.98,0.57
10/7/2022 15:00,3.7,0.53
10/7/2022 16:00,3.18,0.45
10/7/2022 17:00,2.29,0.33
10/7/2022 18:00,1.21,0.17
10/7/2022 19:00,0.27,0.04
10/7/2022 20:00,0.0,0.0
10/7/2022 21:00,0.0,0.0
10/7/2022 22:00,0.0,0.0
10/7/2022 23:00,0.0,0.0
10/8/2022 0:00,0.0,0.0
10/8/2022 1:00,0.0,0.0
10/8/2022 2:00,0.0,0.0
10/8/2022 3:00,0.0,0.0
10/8/2022 4:00,0.0,0.0
10/8/2022 5:00,0.0,0.0
10/8/2022 6:00,0.0,0.0
10/8/2022 7:00,0.0,0.0
10/8/2022 8:00,0.0,0.0
10/8/2022 9:00,0.47,0.07
10/8/2022 10:00,1.76,0.25
10/8/2022 11:00,2.88,0.41
10/8/2022 12:00,3.52,0.5
10/8/2022 13:00,3.87,0.55
10/8/2022 14:00,4.05,0.58
10/8/2022 15:00,3.82,0.55
10/8/2022 16:00,3.35,0.48
10/8/2022 17:00,2.55,0.36
10/8/2022 18:00,0.84,0.12
10/8/2022 19:00,0.19,0.03
10/8/2022 20:00,0.0,0.0
10/8/2022 21:00,0.0,0.0
10/8/2022 22:00,0.0,0.0
10/8/2022 23:00,0.0,0.0
10/9/2022 0:00,0.0,0.0
10/9/2022 1:00,0.0,0.0
10/9/2022 2:00,0.0,0.0
10/9/2022 3:00,0.0,0.0
10/9/2022 4:00,0.0,0.0
10/9/2022 5:00,0.0,0.0
10/9/2022 6:00,0.0,0.0
10/9/2022 7:00,0.0,0.0
10/9/2022 8:00,0.0,0.0
10/9/2022 9:00,0.36,0.05
10/9/2022 10:00,1.6,0.23
10/9/2022 11:00,2.91,0.42
10/9/2022 12:00,3.66,0.52
10/9/2022 13:00,3.05,0.44
10/9/2022 14:00,2.65,0.38
10/9/2022 15:00,2.8,0.4
10/9/2022 16:00,2.28,0.33
10/9/2022 17:00,1.66,0.24
10/9/2022 18:00,0.7,0.1
10/9/2022 19:00,0.1,0.01
10/9/2022 20:00,0.0,0.0
10/9/2022 21:00,0.0,0.0
10/9/2022 22:00,0.0,0.0
10/9/2022 23:00,0.0,0.0
10/10/2022 0:00,0.0,0.0
10/10/2022 1:00,0.0,0.0
10/10/2022 2:00,0.0,0.0
10/10/2022 3:00,0.0,0.0
10/10/2022 4:00,0.0,0.0
10/10/2022 5:00,0.0,0.0
10/10/2022 6:00,0.0,0.0
10/10/2022 7:00,0.0,0.0
10/10/2022 8:00,0.01,0.0
10/10/2022 9:00,0.54,0.08
10/10/2022 10:00,0.57,0.08
10/10/2022 11:00,0.93,0.13
10/10/2022 12:00,2.01,0.29
10/10/2022 13:00,2.51,0.36
10/10/2022 14:00,1.98,0.28
10/10/2022 15:00,0.81,0.12
10/10/2022 16:00,2.28,0.33
10/10/2022 17:00,0.82,0.12
10/10/2022 18:00,0.53,0.08
10/10/2022 19:00,0.23,0.03
10/10/2022 20:00,0.0,0.0
10/10/2022 21:00,0.0,0.0
10/10/2022 22:00,0.0,0.0
10/10/2022 23:00,0.0,0.0
10/11/2022 0:00,0.0,0.0
10/11/2022 1:00,0.0,0.0
10/11/2022 2:00,0.0,0.0
10/11/2022 3:00,0.0,0.0
10/11/2022 4:00,0.0,0.0
10/11/2022 5:00,0.0,0.0
10/11/2022 6:00,0.0,0.0
10/11/2022 7:00,0.0,0.0
10/11/2022 8:00,0.0,0.0
10/11/2022 9:00,0.07,0.01
10/11/2022 10:00,0.46,0.07
10/11/2022 11:00,0.79,0.11
10/11/2022 12:00,1.98,0.28
10/11/2022 13:00,3.43,0.49
10/11/2022 14:00,4.25,0.61
10/11/2022 15:00,3.93,0.56
10/11/2022 16:00,3.38,0.48
10/11/2022 17:00,2.49,0.36
10/11/2022 18:00,1.29,0.18
10/11/2022 19:00,0.23,0.03
10/11/2022 20:00,0.0,0.0
10/11/2022 21:00,0.0,0.0
10/11/2022 22:00,0.0,0.0
10/11/2022 23:00,0.0,0.0
10/12/2022 0:00,0.0,0.0
10/12/2022 1:00,0.0,0.0
10/12/2022 2:00,0.0,0.0
10/12/2022 3:00,0.0,0.0
10/12/2022 4:00,0.0,0.0
10/12/2022 5:00,0.0,0.0
10/12/2022 6:00,0.0,0.0
10/12/2022 7:00,0.0,0.0
10/12/2022 8:00,0.0,0.0
10/12/2022 9:00,0.45,0.06
10/12/2022 10:00,1.88,0.27
10/12/2022 11:00,3.07,0.44
10/12/2022 12:00,3.73,0.53
10/12/2022 13:00,4.08,0.58
10/12/2022 14:00,4.21,0.6
10/12/2022 15:00,3.94,0.56
10/12/2022 16:00,3.43,0.49
10/12/2022 17:00,2.56,0.37
10/12/2022 18:00,1.32,0.19
10/12/2022 19:00,0.22,0.03
10/12/2022 20:00,0.0,0.0
10/12/2022 21:00,0.0,0.0
10/12/2022 22:00,0.0,0.0
10/12/2022 23:00,0.0,0.0
10/13/2022 0:00,0.0,0.0
10/13/2022 1:00,0.0,0.0
10/13/2022 2:00,0.0,0.0
10/13/2022 3:00,0.0,0.0
10/13/2022 4:00,0.0,0.0
10/13/2022 5:00,0.0,0.0
10/13/2022 6:00,0.0,0.0
10/13/2022 7:00,0.0,0.0
10/13/2022 8:00,0.0,0.0
10/13/2022 9:00,0.44,0.06
10/13/2022 10:00,1.92,0.27
10/13/2022 11:00,2.94,0.42
10/13/2022 12:00,3.78,0.54
10/13/2022 13:00,4.07,0.58
10/13/2022 14:00,4.14,0.59
10/13/2022 15:00,3.84,0.55
10/13/2022 16:00,3.33,0.48
10/13/2022 17:00,2.49,0.36
10/13/2022 18:00,0.91,0.13
10/13/2022 19:00,0.18,0.03
10/13/2022 20:00,0.0,0.0
10/13/2022 21:00,0.0,0.0
10/13/2022 22:00,0.0,0.0
10/13/2022 23:00,0.0,0.0
10/14/2022 0:00,0.0,0.0
10/14/2022 1:00,0.0,0.0
10/14/2022 2:00,0.0,0.0
10/14/2022 3:00,0.0,0.0
10/14/2022 4:00,0.0,0.0
10/14/2022 5:00,0.0,0.0
10/14/2022 6:00,0.0,0.0
10/14/2022 7:00,0.0,0.0
10/14/2022 8:00,0.0,0.0
10/14/2022 9:00,0.41,0.06
10/14/2022 10:00,1.55,0.22
10/14/2022 11:00,2.91,0.42
10/14/2022 12:00,3.75,0.54
10/14/2022 13:00,4.06,0.58
10/14/2022 14:00,4.11,0.59
10/14/2022 15:00,3.85,0.55
10/14/2022 16:00,3.32,0.47
10/14/2022 17:00,2.44,0.35
10/14/2022 18:00,1.25,0.18
10/14/2022 19:00,0.19,0.03
10/14/2022 20:00,0.0,0.0
10/14/2022 21:00,0.0,0.0
10/14/2022 22:00,0.0,0.0
10/14/2022 23:00,0.0,0.0
10/15/2022 0:00,0.0,0.0
10/15/2022 1:00,0.0,0.0
10/15/2022 2:00,0.0,0.0
10/15/2022 3:00,0.0,0.0
10/15/2022 4:00,0.0,0.0
10/15/2022 5:00,0.0,0.0
10/15/2022 6:00,0.0,0.0
10/15/2022 7:00,0.0,0.0
10/15/2022 8:00,0.0,0.0
10/15/2022 9:00,0.41,0.06
10/15/2022 10:00,1.26,0.18
10/15/2022 11:00,2.96,0.42
10/15/2022 12:00,3.75,0.54
10/15/2022 13:00,4.05,0.58
10/15/2022 14:00,4.12,0.59
10/15/2022 15:00,3.91,0.56
10/15/2022 16:00,3.44,0.49
10/15/2022 17:00,2.55,0.36
10/15/2022 18:00,1.3,0.19
10/15/2022 19:00,0.19,0.03
10/15/2022 20:00,0.0,0.0
10/15/2022 21:00,0.0,0.0
10/15/2022 22:00,0.0,0.0
10/15/2022 23:00,0.0,0.0
10/16/2022 0:00,0.0,0.0
10/16/2022 1:00,0.0,0.0
10/16/2022 2:00,0.0,0.0
10/16/2022 3:00,0.0,0.0
10/16/2022 4:00,0.0,0.0
10/16/2022 5:00,0.0,0.0
10/16/2022 6:00,0.0,0.0
10/16/2022 7:00,0.0,0.0
10/16/2022 8:00,0.0,0.0
10/16/2022 9:00,0.08,0.01
10/16/2022 10:00,0.59,0.08
10/16/2022 11:00,1.31,0.19
10/16/2022 12:00,2.33,0.33
10/16/2022 13:00,2.6,0.37
10/16/2022 14:00,2.29,0.33
10/16/2022 15:00,1.26,0.18
10/16/2022 16:00,0.72,0.1
10/16/2022 17:00,0.36,0.05
10/16/2022 18:00,0.33,0.05
10/16/2022 19:00,0.09,0.01
10/16/2022 20:00,0.0,0.0
10/16/2022 21:00,0.0,0.0
10/16/2022 22:00,0.0,0.0
10/16/2022 23:00,0.0,0.0
10/17/2022 0:00,0.0,0.0
10/17/2022 1:00,0.0,0.0
10/17/2022 2:00,0.0,0.0
10/17/2022 3:00,0.0,0.0
10/17/2022 4:00,0.0,0.0
10/17/2022 5:00,0.0,0.0
10/17/2022 6:00,0.0,0.0
10/17/2022 7:00,0.0,0.0
10/17/2022 8:00,0.0,0.0
10/17/2022 9:00,0.27,0.04
10/17/2022 10:00,1.09,0.16
10/17/2022 11:00,2.59,0.37
10/17/2022 12:00,3.62,0.52
10/17/2022 13:00,3.43,0.49
10/17/2022 14:00,4.04,0.58
10/17/2022 15:00,3.72,0.53
10/17/2022 16:00,3.07,0.44
10/17/2022 17:00,2.22,0.32
10/17/2022 18:00,1.08,0.15
10/17/2022 19:00,0.16,0.02
10/17/2022 20:00,0.0,0.0
10/17/2022 21:00,0.0,0.0
10/17/2022 22:00,0.0,0.0
10/17/2022 23:00,0.0,0.0
10/18/2022 0:00,0.0,0.0
10/18/2022 1:00,0.0,0.0
10/18/2022 2:00,0.0,0.0
10/18/2022 3:00,0.0,0.0
10/18/2022 4:00,0.0,0.0
10/18/2022 5:00,0.0,0.0
10/18/2022 6:00,0.0,0.0
10/18/2022 7:00,0.0,0.0
10/18/2022 8:00,0.0,0.0
10/18/2022 9:00,0.0,0.0
10/18/2022 10:00,0.09,0.01
10/18/2022 11:00,0.2,0.03
10/18/2022 12:00,0.51,0.07
10/18/2022 13:00,0.9,0.13
10/18/2022 14:00,1.72,0.25
10/18/2022 15:00,2.16,0.31
10/18/2022 16:00,1.42,0.2
10/18/2022 17:00,1.44,0.21
10/18/2022 18:00,0.52,0.07
10/18/2022 19:00,0.08,0.01
10/18/2022 20:00,0.0,0.0
10/18/2022 21:00,0.0,0.0
10/18/2022 22:00,0.0,0.0
10/18/2022 23:00,0.0,0.0
10/19/2022 0:00,0.0,0.0
10/19/2022 1:00,0.0,0.0
10/19/2022 2:00,0.0,0.0
10/19/2022 3:00,0.0,0.0
10/19/2022 4:00,0.0,0.0
10/19/2022 5:00,0.0,0.0
10/19/2022 6:00,0.0,0.0
10/19/2022 7:00,0.0,0.0
10/19/2022 8:00,0.0,0.0
10/19/2022 9:00,0.04,0.01
10/19/2022 10:00,0.18,0.03
10/19/2022 11:00,0.52,0.07
10/19/2022 12:00,0.52,0.07
10/19/2022 13:00,0.6,0.09
10/19/2022 14:00,0.92,0.13
10/19/2022 15:00,0.96,0.14
10/19/2022 16:00,1.11,0.16
10/19/2022 17:00,0.56,0.08
10/19/2022 18:00,0.26,0.04
10/19/2022 19:00,0.03,0.0
10/19/2022 20:00,0.0,0.0
10/19/2022 21:00,0.0,0.0
10/19/2022 22:00,0.0,0.0
10/19/2022 23:00,0.0,0.0
10/20/2022 0:00,0.0,0.0
10/20/2022 1:00,0.0,0.0
10/20/2022 2:00,0.0,0.0
10/20/2022 3:00,0.0,0.0
10/20/2022 4:00,0.0,0.0
10/20/2022 5:00,0.0,0.0
10/20/2022 6:00,0.0,0.0
10/20/2022 7:00,0.0,0.0
10/20/2022 8:00,0.0,0.0
10/20/2022 9:00,0.06,0.01
10/20/2022 10:00,0.08,0.01
10/20/2022 11:00,0.35,0.05
10/20/2022 12:00,0.77,0.11
10/20/2022 13:00,1.45,0.21
10/20/2022 14:00,1.38,0.2
10/20/2022 15:00,1.78,0.25
10/20/2022 16:00,1.05,0.15
10/20/2022 17:00,0.69,0.1
10/20/2022 18:00,0.23,0.03
10/20/2022 19:00,0.01,0.0
10/20/2022 20:00,0.0,0.0
10/20/2022 21:00,0.0,0.0
10/20/2022 22:00,0.0,0.0
10/20/2022 23:00,0.0,0.0
10/21/2022 0:00,0.0,0.0
10/21/2022 1:00,0.0,0.0
10/21/2022 2:00,0.0,0.0
10/21/2022 3:00,0.0,0.0
10/21/2022 4:00,0.0,0.0
10/21/2022 5:00,0.0,0.0
10/21/2022 6:00,0.0,0.0
10/21/2022 7:00,0.0,0.0
10/21/2022 8:00,0.0,0.0
10/21/2022 9:00,0.13,0.02
10/21/2022 10:00,0.49,0.07
10/21/2022 11:00,0.69,0.1
10/21/2022 12:00,1.27,0.18
10/21/2022 13:00,1.64,0.23
10/21/2022 14:00,1.75,0.25
10/21/2022 15:00,1.05,0.15
10/21/2022 16:00,0.42,0.06
10/21/2022 17:00,0.37,0.05
10/21/2022 18:00,0.14,0.02
10/21/2022 19:00,0.01,0.0
10/21/2022 20:00,0.0,0.0
10/21/2022 21:00,0.0,0.0
10/21/2022 22:00,0.0,0.0
10/21/2022 23:00,0.0,0.0
10/22/2022 0:00,0.0,0.0
10/22/2022 1:00,0.0,0.0
10/22/2022 2:00,0.0,0.0
10/22/2022 3:00,0.0,0.0
10/22/2022 4:00,0.0,0.0
10/22/2022 5:00,0.0,0.0
10/22/2022 6:00,0.0,0.0
10/22/2022 7:00,0.0,0.0
10/22/2022 8:00,0.0,0.0
10/22/2022 9:00,0.0,0.0
10/22/2022 10:00,0.15,0.02
10/22/2022 11:00,0.15,0.02
10/22/2022 12:00,0.29,0.04
10/22/2022 13:00,1.8,0.26
10/22/2022 14:00,2.87,0.41
10/22/2022 15:00,1.95,0.28
10/22/2022 16:00,0.77,0.11
10/22/2022 17:00,1.02,0.15
10/22/2022 18:00,0.35,0.05
10/22/2022 19:00,0.02,0.0
10/22/2022 20:00,0.0,0.0
10/22/2022 21:00,0.0,0.0
10/22/2022 22:00,0.0,0.0
10/22/2022 23:00,0.0,0.0
10/23/2022 0:00,0.0,0.0
10/23/2022 1:00,0.0,0.0
10/23/2022 2:00,0.0,0.0
10/23/2022 3:00,0.0,0.0
10/23/2022 4:00,0.0,0.0
10/23/2022 5:00,0.0,0.0
10/23/2022 6:00,0.0,0.0
10/23/2022 7:00,0.0,0.0
10/23/2022 8:00,0.0,0.0
10/23/2022 9:00,0.21,0.03
10/23/2022 10:00,1.39,0.2
10/23/2022 11:00,2.24,0.32
10/23/2022 12:00,3.68,0.53
10/23/2022 13:00,3.65,0.52
10/23/2022 14:00,1.99,0.28
10/23/2022 15:00,1.88,0.27
10/23/2022 16:00,1.44,0.21
10/23/2022 17:00,1.11,0.16
10/23/2022 18:00,0.27,0.04
10/23/2022 19:00,0.04,0.01
10/23/2022 20:00,0.0,0.0
10/23/2022 21:00,0.0,0.0
10/23/2022 22:00,0.0,0.0
10/23/2022 23:00,0.0,0.0
10/24/2022 0:00,0.0,0.0
10/24/2022 1:00,0.0,0.0
10/24/2022 2:00,0.0,0.0
10/24/2022 3:00,0.0,0.0
10/24/2022 4:00,0.0,0.0
10/24/2022 5:00,0.0,0.0
10/24/2022 6:00,0.0,0.0
10/24/2022 7:00,0.0,0.0
10/24/2022 8:00,0.0,0.0
10/24/2022 9:00,0.08,0.01
10/24/2022 10:00,0.36,0.05
10/24/2022 11:00,1.01,0.14
10/24/2022 12:00,1.7,0.24
10/24/2022 13:00,1.6,0.23
10/24/2022 14:00,2.6,0.37
10/24/2022 15:00,0.99,0.14
10/24/2022 16:00,0.76,0.11
10/24/2022 17:00,0.88,0.13
10/24/2022 18:00,0.67,0.1
10/24/2022 19:00,0.04,0.01
10/24/2022 20:00,0.0,0.0
10/24/2022 21:00,0.0,0.0
10/24/2022 22:00,0.0,0.0
10/24/2022 23:00,0.0,0.0
10/25/2022 0:00,0.0,0.0
10/25/2022 1:00,0.0,0.0
10/25/2022 2:00,0.0,0.0
10/25/2022 3:00,0.0,0.0
10/25/2022 4:00,0.0,0.0
10/25/2022 5:00,0.0,0.0
10/25/2022 6:00,0.0,0.0
10/25/2022 7:00,0.0,0.0
10/25/2022 8:00,0.0,0.0
10/25/2022 9:00,0.03,0.0
10/25/2022 10:00,0.94,0.13
10/25/2022 11:00,2.14,0.31
10/25/2022 12:00,2.62,0.37
10/25/2022 13:00,4.31,0.62
10/25/2022 14:00,3.06,0.44
10/25/2022 15:00,1.52,0.22
10/25/2022 16:00,2.3,0.33
10/25/2022 17:00,1.27,0.18
10/25/2022 18:00,0.77,0.11
10/25/2022 19:00,0.11,0.02
10/25/2022 20:00,0.0,0.0
10/25/2022 21:00,0.0,0.0
10/25/2022 22:00,0.0,0.0
10/25/2022 23:00,0.0,0.0
10/26/2022 0:00,0.0,0.0
10/26/2022 1:00,0.0,0.0
10/26/2022 2:00,0.0,0.0
10/26/2022 3:00,0.0,0.0
10/26/2022 4:00,0.0,0.0
10/26/2022 5:00,0.0,0.0
10/26/2022 6:00,0.0,0.0
10/26/2022 7:00,0.0,0.0
10/26/2022 8:00,0.0,0.0
10/26/2022 9:00,0.0,0.0
10/26/2022 10:00,0.44,0.06
10/26/2022 11:00,0.64,0.09
10/26/2022 12:00,2.3,0.33
10/26/2022 13:00,3.08,0.44
10/26/2022 14:00,3.35,0.48
10/26/2022 15:00,2.71,0.39
10/26/2022 16:00,1.47,0.21
10/26/2022 17:00,1.32,0.19
10/26/2022 18:00,0.45,0.06
10/26/2022 19:00,0.04,0.01
10/26/2022 20:00,0.0,0.0
10/26/2022 21:00,0.0,0.0
10/26/2022 22:00,0.0,0.0
10/26/2022 23:00,0.0,0.0
10/27/2022 0:00,0.0,0.0
10/27/2022 1:00,0.0,0.0
10/27/2022 2:00,0.0,0.0
10/27/2022 3:00,0.0,0.0
10/27/2022 4:00,0.0,0.0
10/27/2022 5:00,0.0,0.0
10/27/2022 6:00,0.0,0.0
10/27/2022 7:00,0.0,0.0
10/27/2022 8:00,0.0,0.0
10/27/2022 9:00,0.0,0.0
10/27/2022 10:00,0.11,0.02
10/27/2022 11:00,0.27,0.04
10/27/2022 12:00,0.58,0.08
10/27/2022 13:00,0.69,0.1
10/27/2022 14:00,1.54,0.22
10/27/2022 15:00,0.6,0.09
10/27/2022 16:00,0.69,0.1
10/27/2022 17:00,0.68,0.1
10/27/2022 18:00,0.2,0.03
10/27/2022 19:00,0.0,0.0
10/27/2022 20:00,0.0,0.0
10/27/2022 21:00,0.0,0.0
10/27/2022 22:00,0.0,0.0
10/27/2022 23:00,0.0,0.0
10/28/2022 0:00,0.0,0.0
10/28/2022 1:00,0.0,0.0
10/28/2022 2:00,0.0,0.0
10/28/2022 3:00,0.0,0.0
10/28/2022 4:00,0.0,0.0
10/28/2022 5:00,0.0,0.0
10/28/2022 6:00,0.0,0.0
10/28/2022 7:00,0.0,0.0
10/28/2022 8:00,0.0,0.0
10/28/2022 9:00,0.04,0.01
10/28/2022 10:00,0.22,0.03
10/28/2022 11:00,0.23,0.03
10/28/2022 12:00,0.74,0.11
10/28/2022 13:00,0.82,0.12
10/28/2022 14:00,1.71,0.24
10/28/2022 15:00,3.54,0.51
10/28/2022 16:00,2.77,0.4
10/28/2022 17:00,1.58,0.23
10/28/2022 18:00,0.48,0.07
10/28/2022 19:00,0.04,0.01
10/28/2022 20:00,0.0,0.0
10/28/2022 21:00,0.0,0.0
10/28/2022 22:00,0.0,0.0
10/28/2022 23:00,0.0,0.0
10/29/2022 0:00,0.0,0.0
10/29/2022 1:00,0.0,0.0
10/29/2022 2:00,0.0,0.0
10/29/2022 3:00,0.0,0.0
10/29/2022 4:00,0.0,0.0
10/29/2022 5:00,0.0,0.0
10/29/2022 6:00,0.0,0.0
10/29/2022 7:00,0.0,0.0
10/29/2022 8:00,0.0,0.0
10/29/2022 9:00,0.0,0.0
10/29/2022 10:00,0.1,0.01
10/29/2022 11:00,0.22,0.03
10/29/2022 12:00,0.42,0.06
10/29/2022 13:00,0.42,0.06
10/29/2022 14:00,0.78,0.11
10/29/2022 15:00,0.87,0.12
10/29/2022 16:00,1.31,0.19
10/29/2022 17:00,0.84,0.12
10/29/2022 18:00,0.3,0.04
10/29/2022 19:00,0.02,0.0
10/29/2022 20:00,0.0,0.0
10/29/2022 21:00,0.0,0.0
10/29/2022 22:00,0.0,0.0
10/29/2022 23:00,0.0,0.0
10/30/2022 0:00,0.0,0.0
10/30/2022 1:00,0.0,0.0
10/30/2022 1:00,0.0,0.0
10/30/2022 2:00,0.0,0.0
10/30/2022 3:00,0.0,0.0
10/30/2022 4:00,0.0,0.0
10/30/2022 5:00,0.0,0.0
10/30/2022 6:00,0.0,0.0
10/30/2022 7:00,0.0,0.0
10/30/2022 8:00,0.06,0.01
10/30/2022 9:00,1.06,0.15
10/30/2022 10:00,0.69,0.1
10/30/2022 11:00,2.47,0.35
10/30/2022 12:00,3.49,0.5
10/30/2022 13:00,3.47,0.5
10/30/2022 14:00,2.85,0.41
10/30/2022 15:00,2.12,0.3
10/30/2022 16:00,1.75,0.25
10/30/2022 17:00,0.67,0.1
10/30/2022 18:00,0.05,0.01
10/30/2022 19:00,0.0,0.0
10/30/2022 20:00,0.0,0.0
10/30/2022 21:00,0.0,0.0
10/30/2022 22:00,0.0,0.0
10/30/2022 23:00,0.0,0.0
10/31/2022 0:00,0.0,0.0
10/31/2022 1:00,0.0,0.0
10/31/2022 2:00,0.0,0.0
10/31/2022 3:00,0.0,0.0
10/31/2022 4:00,0.0,0.0
10/31/2022 5:00,0.0,0.0
10/31/2022 6:00,0.0,0.0
10/31/2022 7:00,0.0,0.0
10/31/2022 8:00,0.0,0.0
10/31/2022 9:00,0.13,0.02
10/31/2022 10:00,0.34,0.05
10/31/2022 11:00,0.97,0.14
10/31/2022 12:00,1.3,0.19
10/31/2022 13:00,3.15,0.45
10/31/2022 14:00,2.35,0.34
10/31/2022 15:00,1.02,0.15
10/31/2022 16:00,1.09,0.16
10/31/2022 17:00,0.38,0.05
10/31/2022 18:00,0.01,0.0
10/31/2022 19:00,0.0,0.0
10/31/2022 20:00,0.0,0.0
10/31/2022 21:00,0.0,0.0
10/31/2022 22:00,0.0,0.0
10/31/2022 23:00,0.0,0.0
11/1/2022 0:00,0.0,0.0
11/1/2022 1:00,0.0,0.0
11/1/2022 2:00,0.0,0.0
11/1/2022 3:00,0.0,0.0
11/1/2022 4:00,0.0,0.0
11/1/2022 5:00,0.0,0.0
11/1/2022 6:00,0.0,0.0
11/1/2022 7:00,0.0,0.0
11/1/2022 8:00,0.06,0.01
11/1/2022 9:00,0.98,0.14
11/1/2022 10:00,2.14,0.31
11/1/2022 11:00,3.5,0.5
11/1/2022 12:00,3.97,0.57
11/1/2022 13:00,4.06,0.58
11/1/2022 14:00,3.57,0.51
11/1/2022 15:00,2.66,0.38
11/1/2022 16:00,1.93,0.28
11/1/2022 17:00,0.58,0.08
11/1/2022 18:00,0.04,0.01
11/1/2022 19:00,0.0,0.0
11/1/2022 20:00,0.0,0.0
11/1/2022 21:00,0.0,0.0
11/1/2022 22:00,0.0,0.0
11/1/2022 23:00,0.0,0.0
11/2/2022 0:00,0.0,0.0
11/2/2022 1:00,0.0,0.0
11/2/2022 2:00,0.0,0.0
11/2/2022 3:00,0.0,0.0
11/2/2022 4:00,0.0,0.0
11/2/2022 5:00,0.0,0.0
11/2/2022 6:00,0.0,0.0
11/2/2022 7:00,0.0,0.0
11/2/2022 8:00,0.04,0.01
11/2/2022 9:00,0.96,0.14
11/2/2022 10:00,2.16,0.31
11/2/2022 11:00,2.79,0.4
11/2/2022 12:00,2.27,0.32
11/2/2022 13:00,2.46,0.35
11/2/2022 14:00,2.73,0.39
11/2/2022 15:00,2.24,0.32
11/2/2022 16:00,1.8,0.26
11/2/2022 17:00,0.58,0.08
11/2/2022 18:00,0.04,0.01
11/2/2022 19:00,0.0,0.0
11/2/2022 20:00,0.0,0.0
11/2/2022 21:00,0.0,0.0
11/2/2022 22:00,0.0,0.0
11/2/2022 23:00,0.0,0.0
11/3/2022 0:00,0.0,0.0
11/3/2022 1:00,0.0,0.0
11/3/2022 2:00,0.0,0.0
11/3/2022 3:00,0.0,0.0
11/3/2022 4:00,0.0,0.0
11/3/2022 5:00,0.0,0.0
11/3/2022 6:00,0.0,0.0
11/3/2022 7:00,0.0,0.0
11/3/2022 8:00,0.0,0.0
11/3/2022 9:00,0.3,0.04
11/3/2022 10:00,0.74,0.11
11/3/2022 11:00,1.16,0.17
11/3/2022 12:00,0.74,0.11
11/3/2022 13:00,0.68,0.1
11/3/2022 14:00,0.86,0.12
11/3/2022 15:00,0.65,0.09
11/3/2022 16:00,0.56,0.08
11/3/2022 17:00,0.15,0.02
11/3/2022 18:00,0.0,0.0
11/3/2022 19:00,0.0,0.0
11/3/2022 20:00,0.0,0.0
11/3/2022 21:00,0.0,0.0
11/3/2022 22:00,0.0,0.0
11/3/2022 23:00,0.0,0.0
11/4/2022 0:00,0.0,0.0
11/4/2022 1:00,0.0,0.0
11/4/2022 2:00,0.0,0.0
11/4/2022 3:00,0.0,0.0
11/4/2022 4:00,0.0,0.0
11/4/2022 5:00,0.0,0.0
11/4/2022 6:00,0.0,0.0
11/4/2022 7:00,0.0,0.0
11/4/2022 8:00,0.06,0.01
11/4/2022 9:00,0.92,0.13
11/4/2022 10:00,2.02,0.29
11/4/2022 11:00,3.67,0.52
11/4/2022 12:00,4.14,0.59
11/4/2022 13:00,4.04,0.58
11/4/2022 14:00,3.66,0.52
11/4/2022 15:00,3.01,0.43
11/4/2022 16:00,1.76,0.25
11/4/2022 17:00,0.73,0.1
11/4/2022 18:00,0.04,0.01
11/4/2022 19:00,0.0,0.0
11/4/2022 20:00,0.0,0.0
11/4/2022 21:00,0.0,0.0
11/4/2022 22:00,0.0,0.0
11/4/2022 23:00,0.0,0.0
11/5/2022 0:00,0.0,0.0
11/5/2022 1:00,0.0,0.0
11/5/2022 2:00,0.0,0.0
11/5/2022 3:00,0.0,0.0
11/5/2022 4:00,0.0,0.0
11/5/2022 5:00,0.0,0.0
11/5/2022 6:00,0.0,0.0
11/5/2022 7:00,0.0,0.0
11/5/2022 8:00,0.03,0.0
11/5/2022 9:00,0.85,0.12
11/5/2022 10:00,1.98,0.28
11/5/2022 11:00,3.56,0.51
11/5/2022 12:00,4.05,0.58
11/5/2022 13:00,3.96,0.57
11/5/2022 14:00,3.5,0.5
11/5/2022 15:00,2.83,0.4
11/5/2022 16:00,1.74,0.25
11/5/2022 17:00,0.68,0.1
11/5/2022 18:00,0.03,0.0
11/5/2022 19:00,0.0,0.0
11/5/2022 20:00,0.0,0.0
11/5/2022 21:00,0.0,0.0
11/5/2022 22:00,0.0,0.0
11/5/2022 23:00,0.0,0.0
11/6/2022 0:00,0.0,0.0
11/6/2022 1:00,0.0,0.0
11/6/2022 2:00,0.0,0.0
11/6/2022 3:00,0.0,0.0
11/6/2022 4:00,0.0,0.0
11/6/2022 5:00,0.0,0.0
11/6/2022 6:00,0.0,0.0
11/6/2022 7:00,0.0,0.0
11/6/2022 8:00,0.02,0.0
11/6/2022 9:00,0.74,0.11
11/6/2022 10:00,1.82,0.26
11/6/2022 11:00,3.28,0.47
11/6/2022 12:00,2.99,0.43
11/6/2022 13:00,1.43,0.2
11/6/2022 14:00,0.7,0.1
11/6/2022 15:00,0.76,0.11
11/6/2022 16:00,0.76,0.11
11/6/2022 17:00,0.2,0.03
11/6/2022 18:00,0.0,0.0
11/6/2022 19:00,0.0,0.0
11/6/2022 20:00,0.0,0.0
11/6/2022 21:00,0.0,0.0
11/6/2022 22:00,0.0,0.0
11/6/2022 23:00,0.0,0.0
11/7/2022 0:00,0.0,0.0
11/7/2022 1:00,0.0,0.0
11/7/2022 2:00,0.0,0.0
11/7/2022 3:00,0.0,0.0
11/7/2022 4:00,0.0,0.0
11/7/2022 5:00,0.0,0.0
11/7/2022 6:00,0.0,0.0
11/7/2022 7:00,0.0,0.0
11/7/2022 8:00,0.04,0.01
11/7/2022 9:00,0.35,0.05
11/7/2022 10:00,0.91,0.13
11/7/2022 11:00,0.53,0.08
11/7/2022 12:00,1.43,0.2
11/7/2022 13:00,2.4,0.34
11/7/2022 14:00,2.77,0.4
11/7/2022 15:00,1.55,0.22
11/7/2022 16:00,0.68,0.1
11/7/2022 17:00,0.2,0.03
11/7/2022 18:00,0.0,0.0
11/7/2022 19:00,0.0,0.0
11/7/2022 20:00,0.0,0.0
11/7/2022 21:00,0.0,0.0
11/7/2022 22:00,0.0,0.0
11/7/2022 23:00,0.0,0.0
11/8/2022 0:00,0.0,0.0
11/8/2022 1:00,0.0,0.0
11/8/2022 2:00,0.0,0.0
11/8/2022 3:00,0.0,0.0
11/8/2022 4:00,0.0,0.0
11/8/2022 5:00,0.0,0.0
11/8/2022 6:00,0.0,0.0
11/8/2022 7:00,0.0,0.0
11/8/2022 8:00,0.04,0.01
11/8/2022 9:00,0.68,0.1
11/8/2022 10:00,1.35,0.19
11/8/2022 11:00,2.1,0.3
11/8/2022 12:00,0.98,0.14
11/8/2022 13:00,0.72,0.1
11/8/2022 14:00,0.57,0.08
11/8/2022 15:00,0.16,0.02
11/8/2022 16:00,0.17,0.02
11/8/2022 17:00,0.56,0.08
11/8/2022 18:00,0.02,0.0
11/8/2022 19:00,0.0,0.0
11/8/2022 20:00,0.0,0.0
11/8/2022 21:00,0.0,0.0
11/8/2022 22:00,0.0,0.0
11/8/2022 23:00,0.0,0.0
11/9/2022 0:00,0.0,0.0
11/9/2022 1:00,0.0,0.0
11/9/2022 2:00,0.0,0.0
11/9/2022 3:00,0.0,0.0
11/9/2022 4:00,0.0,0.0
11/9/2022 5:00,0.0,0.0
11/9/2022 6:00,0.0,0.0
11/9/2022 7:00,0.0,0.0
11/9/2022 8:00,0.05,0.01
11/9/2022 9:00,0.86,0.12
11/9/2022 10:00,1.02,0.15
11/9/2022 11:00,1.82,0.26
11/9/2022 12:00,2.73,0.39
11/9/2022 13:00,3.06,0.44
11/9/2022 14:00,3.31,0.47
11/9/2022 15:00,1.91,0.27
11/9/2022 16:00,0.52,0.07
11/9/2022 17:00,0.49,0.07
11/9/2022 18:00,0.02,0.0
11/9/2022 19:00,0.0,0.0
11/9/2022 20:00,0.0,0.0
11/9/2022 21:00,0.0,0.0
11/9/2022 22:00,0.0,0.0
11/9/2022 23:00,0.0,0.0
11/10/2022 0:00,0.0,0.0
11/10/2022 1:00,0.0,0.0
11/10/2022 2:00,0.0,0.0
11/10/2022 3:00,0.0,0.0
11/10/2022 4:00,0.0,0.0
11/10/2022 5:00,0.0,0.0
11/10/2022 6:00,0.0,0.0
11/10/2022 7:00,0.0,0.0
11/10/2022 8:00,0.03,0.0
11/10/2022 9:00,0.64,0.09
11/10/2022 10:00,1.71,0.24
11/10/2022 11:00,3.33,0.48
11/10/2022 12:00,4.01,0.57
11/10/2022 13:00,3.89,0.56
11/10/2022 14:00,3.38,0.48
11/10/2022 15:00,2.42,0.35
11/10/2022 16:00,1.42,0.2
11/10/2022 17:00,0.59,0.08
11/10/2022 18:00,0.02,0.0
11/10/2022 19:00,0.0,0.0
11/10/2022 20:00,0.0,0.0
11/10/2022 21:00,0.0,0.0
11/10/2022 22:00,0.0,0.0
11/10/2022 23:00,0.0,0.0
11/11/2022 0:00,0.0,0.0
11/11/2022 1:00,0.0,0.0
11/11/2022 2:00,0.0,0.0
11/11/2022 3:00,0.0,0.0
11/11/2022 4:00,0.0,0.0
11/11/2022 5:00,0.0,0.0
11/11/2022 6:00,0.0,0.0
11/11/2022 7:00,0.0,0.0
11/11/2022 8:00,0.0,0.0
11/11/2022 9:00,0.0,0.0
11/11/2022 10:00,0.0,0.0
11/11/2022 11:00,0.0,0.0
11/11/2022 12:00,0.0,0.0
11/11/2022 13:00,0.0,0.0
11/11/2022 14:00,0.0,0.0
11/11/2022 15:00,0.0,0.0
11/11/2022 16:00,0.0,0.0
11/11/2022 17:00,0.0,0.0
11/11/2022 18:00,0.0,0.0
11/11/2022 19:00,0.0,0.0
11/11/2022 20:00,0.0,0.0
11/11/2022 21:00,0.0,0.0
11/11/2022 22:00,0.0,0.0
11/11/2022 23:00,0.0,0.0
11/12/2022 0:00,0.0,0.0
11/12/2022 1:00,0.0,0.0
11/12/2022 2:00,0.0,0.0
11/12/2022 3:00,0.0,0.0
11/12/2022 4:00,0.0,0.0
11/12/2022 5:00,0.0,0.0
11/12/2022 6:00,0.0,0.0
11/12/2022 7:00,0.0,0.0
11/12/2022 8:00,0.03,0.0
11/12/2022 9:00,0.58,0.08
11/12/2022 10:00,1.71,0.24
11/12/2022 11:00,3.26,0.47
11/12/2022 12:00,3.75,0.54
11/12/2022 13:00,3.72,0.53
11/12/2022 14:00,3.21,0.46
11/12/2022 15:00,2.61,0.37
11/12/2022 16:00,1.49,0.21
11/12/2022 17:00,0.58,0.08
11/12/2022 18:00,0.02,0.0
11/12/2022 19:00,0.0,0.0
11/12/2022 20:00,0.0,0.0
11/12/2022 21:00,0.0,0.0
11/12/2022 22:00,0.0,0.0
11/12/2022 23:00,0.0,0.0
11/13/2022 0:00,0.0,0.0
11/13/2022 1:00,0.0,0.0
11/13/2022 2:00,0.0,0.0
11/13/2022 3:00,0.0,0.0
11/13/2022 4:00,0.0,0.0
11/13/2022 5:00,0.0,0.0
11/13/2022 6:00,0.0,0.0
11/13/2022 7:00,0.0,0.0
11/13/2022 8:00,0.04,0.01
11/13/2022 9:00,0.3,0.04
11/13/2022 10:00,1.15,0.16
11/13/2022 11:00,1.09,0.16
11/13/2022 12:00,1.26,0.18
11/13/2022 13:00,1.3,0.19
11/13/2022 14:00,0.98,0.14
11/13/2022 15:00,0.96,0.14
11/13/2022 16:00,0.46,0.07
11/13/2022 17:00,0.33,0.05
11/13/2022 18:00,0.01,0.0
11/13/2022 19:00,0.0,0.0
11/13/2022 20:00,0.0,0.0
11/13/2022 21:00,0.0,0.0
11/13/2022 22:00,0.0,0.0
11/13/2022 23:00,0.0,0.0
11/14/2022 0:00,0.0,0.0
11/14/2022 1:00,0.0,0.0
11/14/2022 2:00,0.0,0.0
11/14/2022 3:00,0.0,0.0
11/14/2022 4:00,0.0,0.0
11/14/2022 5:00,0.0,0.0
11/14/2022 6:00,0.0,0.0
11/14/2022 7:00,0.0,0.0
11/14/2022 8:00,0.01,0.0
11/14/2022 9:00,0.14,0.02
11/14/2022 10:00,0.38,0.05
11/14/2022 11:00,0.96,0.14
11/14/2022 12:00,1.62,0.23
11/14/2022 13:00,1.14,0.16
11/14/2022 14:00,0.74,0.11
11/14/2022 15:00,0.47,0.07
11/14/2022 16:00,0.17,0.02
11/14/2022 17:00,0.12,0.02
11/14/2022 18:00,0.0,0.0
11/14/2022 19:00,0.0,0.0
11/14/2022 20:00,0.0,0.0
11/14/2022 21:00,0.0,0.0
11/14/2022 22:00,0.0,0.0
11/14/2022 23:00,0.0,0.0
11/15/2022 0:00,0.0,0.0
11/15/2022 1:00,0.0,0.0
11/15/2022 2:00,0.0,0.0
11/15/2022 3:00,0.0,0.0
11/15/2022 4:00,0.0,0.0
11/15/2022 5:00,0.0,0.0
11/15/2022 6:00,0.0,0.0
11/15/2022 7:00,0.0,0.0
11/15/2022 8:00,0.02,0.0
11/15/2022 9:00,0.33,0.05
11/15/2022 10:00,0.77,0.11
11/15/2022 11:00,0.94,0.13
11/15/2022 12:00,0.84,0.12
11/15/2022 13:00,0.85,0.12
11/15/2022 14:00,0.35,0.05
11/15/2022 15:00,0.46,0.07
11/15/2022 16:00,0.31,0.04
11/15/2022 17:00,0.04,0.01
11/15/2022 18:00,0.0,0.0
11/15/2022 19:00,0.0,0.0
11/15/2022 20:00,0.0,0.0
11/15/2022 21:00,0.0,0.0
11/15/2022 22:00,0.0,0.0
11/15/2022 23:00,0.0,0.0
11/16/2022 0:00,0.0,0.0
11/16/2022 1:00,0.0,0.0
11/16/2022 2:00,0.0,0.0
11/16/2022 3:00,0.0,0.0
11/16/2022 4:00,0.0,0.0
11/16/2022 5:00,0.0,0.0
11/16/2022 6:00,0.0,0.0
11/16/2022 7:00,0.0,0.0
11/16/2022 8:00,0.01,0.0
11/16/2022 9:00,0.09,0.01
11/16/2022 10:00,0.32,0.05
11/16/2022 11:00,1.01,0.14
11/16/2022 12:00,0.95,0.14
11/16/2022 13:00,0.57,0.08
11/16/2022 14:00,0.63,0.09
11/16/2022 15:00,0.66,0.09
11/16/2022 16:00,0.41,0.06
11/16/2022 17:00,0.13,0.02
11/16/2022 18:00,0.0,0.0
11/16/2022 19:00,0.0,0.0
11/16/2022 20:00,0.0,0.0
11/16/2022 21:00,0.0,0.0
11/16/2022 22:00,0.0,0.0
11/16/2022 23:00,0.0,0.0
11/17/2022 0:00,0.0,0.0
11/17/2022 1:00,0.0,0.0
11/17/2022 2:00,0.0,0.0
11/17/2022 3:00,0.0,0.0
11/17/2022 4:00,0.0,0.0
11/17/2022 5:00,0.0,0.0
11/17/2022 6:00,0.0,0.0
11/17/2022 7:00,0.0,0.0
11/17/2022 8:00,0.0,0.0
11/17/2022 9:00,0.09,0.01
11/17/2022 10:00,0.45,0.06
11/17/2022 11:00,0.68,0.1
11/17/2022 12:00,1.09,0.16
11/17/2022 13:00,0.66,0.09
11/17/2022 14:00,1.2,0.17
11/17/2022 15:00,0.75,0.11
11/17/2022 16:00,0.9,0.13
11/17/2022 17:00,0.5,0.07
11/17/2022 18:00,0.0,0.0
11/17/2022 19:00,0.0,0.0
11/17/2022 20:00,0.0,0.0
11/17/2022 21:00,0.0,0.0
11/17/2022 22:00,0.0,0.0
11/17/2022 23:00,0.0,0.0
11/18/2022 0:00,0.0,0.0
11/18/2022 1:00,0.0,0.0
11/18/2022 2:00,0.0,0.0
11/18/2022 3:00,0.0,0.0
11/18/2022 4:00,0.0,0.0
11/18/2022 5:00,0.0,0.0
11/18/2022 6:00,0.0,0.0
11/18/2022 7:00,0.0,0.0
11/18/2022 8:00,0.03,0.0
11/18/2022 9:00,0.4,0.06
11/18/2022 10:00,1.71,0.24
11/18/2022 11:00,3.34,0.48
11/18/2022 12:00,3.57,0.51
11/18/2022 13:00,3.9,0.56
11/18/2022 14:00,3.58,0.51
11/18/2022 15:00,1.82,0.26
11/18/2022 16:00,1.03,0.15
11/18/2022 17:00,0.37,0.05
11/18/2022 18:00,0.0,0.0
11/18/2022 19:00,0.0,0.0
11/18/2022 20:00,0.0,0.0
11/18/2022 21:00,0.0,0.0
11/18/2022 22:00,0.0,0.0
11/18/2022 23:00,0.0,0.0
11/19/2022 0:00,0.0,0.0
11/19/2022 1:00,0.0,0.0
11/19/2022 2:00,0.0,0.0
11/19/2022 3:00,0.0,0.0
11/19/2022 4:00,0.0,0.0
11/19/2022 5:00,0.0,0.0
11/19/2022 6:00,0.0,0.0
11/19/2022 7:00,0.0,0.0
11/19/2022 8:00,0.02,0.0
11/19/2022 9:00,0.34,0.05
11/19/2022 10:00,1.62,0.23
11/19/2022 11:00,2.34,0.33
11/19/2022 12:00,2.53,0.36
11/19/2022 13:00,1.47,0.21
11/19/2022 14:00,1.69,0.24
11/19/2022 15:00,1.05,0.15
11/19/2022 16:00,0.8,0.11
11/19/2022 17:00,0.37,0.05
11/19/2022 18:00,0.0,0.0
11/19/2022 19:00,0.0,0.0
11/19/2022 20:00,0.0,0.0
11/19/2022 21:00,0.0,0.0
11/19/2022 22:00,0.0,0.0
11/19/2022 23:00,0.0,0.0
11/20/2022 0:00,0.0,0.0
11/20/2022 1:00,0.0,0.0
11/20/2022 2:00,0.0,0.0
11/20/2022 3:00,0.0,0.0
11/20/2022 4:00,0.0,0.0
11/20/2022 5:00,0.0,0.0
11/20/2022 6:00,0.0,0.0
11/20/2022 7:00,0.0,0.0
11/20/2022 8:00,0.03,0.0
11/20/2022 9:00,0.27,0.04
11/20/2022 10:00,0.6,0.09
11/20/2022 11:00,2.53,0.36
11/20/2022 12:00,1.93,0.28
11/20/2022 13:00,3.0,0.43
11/20/2022 14:00,3.37,0.48
11/20/2022 15:00,1.64,0.23
11/20/2022 16:00,1.11,0.16
11/20/2022 17:00,0.2,0.03
11/20/2022 18:00,0.0,0.0
11/20/2022 19:00,0.0,0.0
11/20/2022 20:00,0.0,0.0
11/20/2022 21:00,0.0,0.0
11/20/2022 22:00,0.0,0.0
11/20/2022 23:00,0.0,0.0
11/21/2022 0:00,0.0,0.0
11/21/2022 1:00,0.0,0.0
11/21/2022 2:00,0.0,0.0
11/21/2022 3:00,0.0,0.0
11/21/2022 4:00,0.0,0.0
11/21/2022 5:00,0.0,0.0
11/21/2022 6:00,0.0,0.0
11/21/2022 7:00,0.0,0.0
11/21/2022 8:00,0.0,0.0
11/21/2022 9:00,0.29,0.04
11/21/2022 10:00,0.37,0.05
11/21/2022 11:00,0.41,0.06
11/21/2022 12:00,0.47,0.07
11/21/2022 13:00,0.83,0.12
11/21/2022 14:00,0.84,0.12
11/21/2022 15:00,2.07,0.3
11/21/2022 16:00,1.17,0.17
11/21/2022 17:00,0.33,0.05
11/21/2022 18:00,0.0,0.0
11/21/2022 19:00,0.0,0.0
11/21/2022 20:00,0.0,0.0
11/21/2022 21:00,0.0,0.0
11/21/2022 22:00,0.0,0.0
11/21/2022 23:00,0.0,0.0
11/22/2022 0:00,0.0,0.0
11/22/2022 1:00,0.0,0.0
11/22/2022 2:00,0.0,0.0
11/22/2022 3:00,0.0,0.0
11/22/2022 4:00,0.0,0.0
11/22/2022 5:00,0.0,0.0
11/22/2022 6:00,0.0,0.0
11/22/2022 7:00,0.0,0.0
11/22/2022 8:00,0.0,0.0
11/22/2022 9:00,0.28,0.04
11/22/2022 10:00,0.8,0.11
11/22/2022 11:00,0.65,0.09
11/22/2022 12:00,0.46,0.07
11/22/2022 13:00,0.38,0.05
11/22/2022 14:00,0.33,0.05
11/22/2022 15:00,0.52,0.07
11/22/2022 16:00,0.34,0.05
11/22/2022 17:00,0.02,0.0
11/22/2022 18:00,0.0,0.0
11/22/2022 19:00,0.0,0.0
11/22/2022 20:00,0.0,0.0
11/22/2022 21:00,0.0,0.0
11/22/2022 22:00,0.0,0.0
11/22/2022 23:00,0.0,0.0
11/23/2022 0:00,0.0,0.0
11/23/2022 1:00,0.0,0.0
11/23/2022 2:00,0.0,0.0
11/23/2022 3:00,0.0,0.0
11/23/2022 4:00,0.0,0.0
11/23/2022 5:00,0.0,0.0
11/23/2022 6:00,0.0,0.0
11/23/2022 7:00,0.0,0.0
11/23/2022 8:00,0.01,0.0
11/23/2022 9:00,0.37,0.05
11/23/2022 10:00,0.87,0.12
11/23/2022 11:00,0.97,0.14
11/23/2022 12:00,1.21,0.17
11/23/2022 13:00,1.47,0.21
11/23/2022 14:00,1.65,0.24
11/23/2022 15:00,1.83,0.26
11/23/2022 16:00,0.96,0.14
11/23/2022 17:00,0.27,0.04
11/23/2022 18:00,0.0,0.0
11/23/2022 19:00,0.0,0.0
11/23/2022 20:00,0.0,0.0
11/23/2022 21:00,0.0,0.0
11/23/2022 22:00,0.0,0.0
11/23/2022 23:00,0.0,0.0
11/24/2022 0:00,0.0,0.0
11/24/2022 1:00,0.0,0.0
11/24/2022 2:00,0.0,0.0
11/24/2022 3:00,0.0,0.0
11/24/2022 4:00,0.0,0.0
11/24/2022 5:00,0.0,0.0
11/24/2022 6:00,0.0,0.0
11/24/2022 7:00,0.0,0.0
11/24/2022 8:00,0.0,0.0
11/24/2022 9:00,0.27,0.04
11/24/2022 10:00,0.57,0.08
11/24/2022 11:00,0.63,0.09
11/24/2022 12:00,1.47,0.21
11/24/2022 13:00,1.07,0.15
11/24/2022 14:00,0.61,0.09
11/24/2022 15:00,0.35,0.05
11/24/2022 16:00,0.41,0.06
11/24/2022 17:00,0.18,0.03
11/24/2022 18:00,0.0,0.0
11/24/2022 19:00,0.0,0.0
11/24/2022 20:00,0.0,0.0
11/24/2022 21:00,0.0,0.0
11/24/2022 22:00,0.0,0.0
11/24/2022 23:00,0.0,0.0
11/25/2022 0:00,0.0,0.0
11/25/2022 1:00,0.0,0.0
11/25/2022 2:00,0.0,0.0
11/25/2022 3:00,0.0,0.0
11/25/2022 4:00,0.0,0.0
11/25/2022 5:00,0.0,0.0
11/25/2022 6:00,0.0,0.0
11/25/2022 7:00,0.0,0.0
11/25/2022 8:00,0.0,0.0
11/25/2022 9:00,0.2,0.03
11/25/2022 10:00,1.51,0.22
11/25/2022 11:00,3.07,0.44
11/25/2022 12:00,3.45,0.49
11/25/2022 13:00,3.76,0.54
11/25/2022 14:00,3.5,0.5
11/25/2022 15:00,2.61,0.37
11/25/2022 16:00,1.35,0.19
11/25/2022 17:00,0.58,0.08
11/25/2022 18:00,0.01,0.0
11/25/2022 19:00,0.0,0.0
11/25/2022 20:00,0.0,0.0
11/25/2022 21:00,0.0,0.0
11/25/2022 22:00,0.0,0.0
11/25/2022 23:00,0.0,0.0
11/26/2022 0:00,0.0,0.0
11/26/2022 1:00,0.0,0.0
11/26/2022 2:00,0.0,0.0
11/26/2022 3:00,0.0,0.0
11/26/2022 4:00,0.0,0.0
11/26/2022 5:00,0.0,0.0
11/26/2022 6:00,0.0,0.0
11/26/2022 7:00,0.0,0.0
11/26/2022 8:00,0.0,0.0
11/26/2022 9:00,0.09,0.01
11/26/2022 10:00,1.49,0.21
11/26/2022 11:00,3.2,0.46
11/26/2022 12:00,3.86,0.55
11/26/2022 13:00,3.46,0.49
11/26/2022 14:00,3.36,0.48
11/26/2022 15:00,1.96,0.28
11/26/2022 16:00,1.36,0.19
11/26/2022 17:00,0.41,0.06
11/26/2022 18:00,0.0,0.0
11/26/2022 19:00,0.0,0.0
11/26/2022 20:00,0.0,0.0
11/26/2022 21:00,0.0,0.0
11/26/2022 22:00,0.0,0.0
11/26/2022 23:00,0.0,0.0
11/27/2022 0:00,0.0,0.0
11/27/2022 1:00,0.0,0.0
11/27/2022 2:00,0.0,0.0
11/27/2022 3:00,0.0,0.0
11/27/2022 4:00,0.0,0.0
11/27/2022 5:00,0.0,0.0
11/27/2022 6:00,0.0,0.0
11/27/2022 7:00,0.0,0.0
11/27/2022 8:00,0.02,0.0
11/27/2022 9:00,0.27,0.04
11/27/2022 10:00,1.28,0.18
11/27/2022 11:00,2.76,0.39
11/27/2022 12:00,3.22,0.46
11/27/2022 13:00,3.69,0.53
11/27/2022 14:00,3.23,0.46
11/27/2022 15:00,1.58,0.23
11/27/2022 16:00,0.55,0.08
11/27/2022 17:00,0.07,0.01
11/27/2022 18:00,0.0,0.0
11/27/2022 19:00,0.0,0.0
11/27/2022 20:00,0.0,0.0
11/27/2022 21:00,0.0,0.0
11/27/2022 22:00,0.0,0.0
11/27/2022 23:00,0.0,0.0
11/28/2022 0:00,0.0,0.0
11/28/2022 1:00,0.0,0.0
11/28/2022 2:00,0.0,0.0
11/28/2022 3:00,0.0,0.0
11/28/2022 4:00,0.0,0.0
11/28/2022 5:00,0.0,0.0
11/28/2022 6:00,0.0,0.0
11/28/2022 7:00,0.0,0.0
11/28/2022 8:00,0.01,0.0
11/28/2022 9:00,0.16,0.02
11/28/2022 10:00,1.35,0.19
11/28/2022 11:00,2.98,0.43
11/28/2022 12:00,3.76,0.54
11/28/2022 13:00,2.77,0.4
11/28/2022 14:00,0.98,0.14
11/28/2022 15:00,2.18,0.31
11/28/2022 16:00,1.25,0.18
11/28/2022 17:00,0.49,0.07
11/28/2022 18:00,0.0,0.0
11/28/2022 19:00,0.0,0.0
11/28/2022 20:00,0.0,0.0
11/28/2022 21:00,0.0,0.0
11/28/2022 22:00,0.0,0.0
11/28/2022 23:00,0.0,0.0
11/29/2022 0:00,0.0,0.0
11/29/2022 1:00,0.0,0.0
11/29/2022 2:00,0.0,0.0
11/29/2022 3:00,0.0,0.0
11/29/2022 4:00,0.0,0.0
11/29/2022 5:00,0.0,0.0
11/29/2022 6:00,0.0,0.0
11/29/2022 7:00,0.0,0.0
11/29/2022 8:00,0.0,0.0
11/29/2022 9:00,0.15,0.02
11/29/2022 10:00,1.29,0.18
11/29/2022 11:00,3.05,0.44
11/29/2022 12:00,3.78,0.54
11/29/2022 13:00,2.79,0.4
11/29/2022 14:00,2.88,0.41
11/29/2022 15:00,2.45,0.35
11/29/2022 16:00,1.39,0.2
11/29/2022 17:00,0.5,0.07
11/29/2022 18:00,0.0,0.0
11/29/2022 19:00,0.0,0.0
11/29/2022 20:00,0.0,0.0
11/29/2022 21:00,0.0,0.0
11/29/2022 22:00,0.0,0.0
11/29/2022 23:00,0.0,0.0
11/30/2022 0:00,0.0,0.0
11/30/2022 1:00,0.0,0.0
11/30/2022 2:00,0.0,0.0
11/30/2022 3:00,0.0,0.0
11/30/2022 4:00,0.0,0.0
11/30/2022 5:00,0.0,0.0
11/30/2022 6:00,0.0,0.0
11/30/2022 7:00,0.0,0.0
11/30/2022 8:00,0.01,0.0
11/30/2022 9:00,0.2,0.03
11/30/2022 10:00,0.75,0.11
11/30/2022 11:00,1.02,0.15
11/30/2022 12:00,0.79,0.11
11/30/2022 13:00,0.51,0.07
11/30/2022 14:00,0.42,0.06
11/30/2022 15:00,0.3,0.04
11/30/2022 16:00,0.2,0.03
11/30/2022 17:00,0.01,0.0
11/30/2022 18:00,0.0,0.0
11/30/2022 19:00,0.0,0.0
11/30/2022 20:00,0.0,0.0
11/30/2022 21:00,0.0,0.0
11/30/2022 22:00,0.0,0.0
11/30/2022 23:00,0.0,0.0
12/1/2022 0:00,0.0,0.0
12/1/2022 1:00,0.0,0.0
12/1/2022 2:00,0.0,0.0
12/1/2022 3:00,0.0,0.0
12/1/2022 4:00,0.0,0.0
12/1/2022 5:00,0.0,0.0
12/1/2022 6:00,0.0,0.0
12/1/2022 7:00,0.0,0.0
12/1/2022 8:00,0.01,0.0
12/1/2022 9:00,0.11,0.02
12/1/2022 10:00,0.44,0.06
12/1/2022 11:00,1.57,0.22
12/1/2022 12:00,2.43,0.35
12/1/2022 13:00,3.9,0.56
12/1/2022 14:00,3.45,0.49
12/1/2022 15:00,2.51,0.36
12/1/2022 16:00,1.29,0.18
12/1/2022 17:00,0.48,0.07
12/1/2022 18:00,0.0,0.0
12/1/2022 19:00,0.0,0.0
12/1/2022 20:00,0.0,0.0
12/1/2022 21:00,0.0,0.0
12/1/2022 22:00,0.0,0.0
12/1/2022 23:00,0.0,0.0
12/2/2022 0:00,0.0,0.0
12/2/2022 1:00,0.0,0.0
12/2/2022 2:00,0.0,0.0
12/2/2022 3:00,0.0,0.0
12/2/2022 4:00,0.0,0.0
12/2/2022 5:00,0.0,0.0
12/2/2022 6:00,0.0,0.0
12/2/2022 7:00,0.0,0.0
12/2/2022 8:00,0.0,0.0
12/2/2022 9:00,0.09,0.01
12/2/2022 10:00,1.18,0.17
12/2/2022 11:00,3.13,0.45
12/2/2022 12:00,3.98,0.57
12/2/2022 13:00,3.88,0.55
12/2/2022 14:00,3.43,0.49
12/2/2022 15:00,2.47,0.35
12/2/2022 16:00,1.29,0.18
12/2/2022 17:00,0.47,0.07
12/2/2022 18:00,0.0,0.0
12/2/2022 19:00,0.0,0.0
12/2/2022 20:00,0.0,0.0
12/2/2022 21:00,0.0,0.0
12/2/2022 22:00,0.0,0.0
12/2/2022 23:00,0.0,0.0
12/3/2022 0:00,0.0,0.0
12/3/2022 1:00,0.0,0.0
12/3/2022 2:00,0.0,0.0
12/3/2022 3:00,0.0,0.0
12/3/2022 4:00,0.0,0.0
12/3/2022 5:00,0.0,0.0
12/3/2022 6:00,0.0,0.0
12/3/2022 7:00,0.0,0.0
12/3/2022 8:00,0.0,0.0
12/3/2022 9:00,0.1,0.01
12/3/2022 10:00,0.57,0.08
12/3/2022 11:00,1.02,0.15
12/3/2022 12:00,2.35,0.34
12/3/2022 13:00,1.49,0.21
12/3/2022 14:00,0.73,0.1
12/3/2022 15:00,0.3,0.04
12/3/2022 16:00,0.17,0.02
12/3/2022 17:00,0.07,0.01
12/3/2022 18:00,0.0,0.0
12/3/2022 19:00,0.0,0.0
12/3/2022 20:00,0.0,0.0
12/3/2022 21:00,0.0,0.0
12/3/2022 22:00,0.0,0.0
12/3/2022 23:00,0.0,0.0
12/4/2022 0:00,0.0,0.0
12/4/2022 1:00,0.0,0.0
12/4/2022 2:00,0.0,0.0
12/4/2022 3:00,0.0,0.0
12/4/2022 4:00,0.0,0.0
12/4/2022 5:00,0.0,0.0
12/4/2022 6:00,0.0,0.0
12/4/2022 7:00,0.0,0.0
12/4/2022 8:00,0.02,0.0
12/4/2022 9:00,0.4,0.06
12/4/2022 10:00,0.5,0.07
12/4/2022 11:00,0.67,0.1
12/4/2022 12:00,1.87,0.27
12/4/2022 13:00,1.87,0.27
12/4/2022 14:00,1.47,0.21
12/4/2022 15:00,0.75,0.11
12/4/2022 16:00,0.89,0.13
12/4/2022 17:00,0.04,0.01
12/4/2022 18:00,0.0,0.0
12/4/2022 19:00,0.0,0.0
12/4/2022 20:00,0.0,0.0
12/4/2022 21:00,0.0,0.0
12/4/2022 22:00,0.0,0.0
12/4/2022 23:00,0.0,0.0
12/5/2022 0:00,0.0,0.0
12/5/2022 1:00,0.0,0.0
12/5/2022 2:00,0.0,0.0
12/5/2022 3:00,0.0,0.0
12/5/2022 4:00,0.0,0.0
12/5/2022 5:00,0.0,0.0
12/5/2022 6:00,0.0,0.0
12/5/2022 7:00,0.0,0.0
12/5/2022 8:00,0.0,0.0
12/5/2022 9:00,0.05,0.01
12/5/2022 10:00,0.31,0.04
12/5/2022 11:00,0.35,0.05
12/5/2022 12:00,0.49,0.07
12/5/2022 13:00,0.52,0.07
12/5/2022 14:00,0.48,0.07
12/5/2022 15:00,0.38,0.05
12/5/2022 16:00,0.6,0.09
12/5/2022 17:00,0.11,0.02
12/5/2022 18:00,0.0,0.0
12/5/2022 19:00,0.0,0.0
12/5/2022 20:00,0.0,0.0
12/5/2022 21:00,0.0,0.0
12/5/2022 22:00,0.0,0.0
12/5/2022 23:00,0.0,0.0
12/6/2022 0:00,0.0,0.0
12/6/2022 1:00,0.0,0.0
12/6/2022 2:00,0.0,0.0
12/6/2022 3:00,0.0,0.0
12/6/2022 4:00,0.0,0.0
12/6/2022 5:00,0.0,0.0
12/6/2022 6:00,0.0,0.0
12/6/2022 7:00,0.0,0.0
12/6/2022 8:00,0.01,0.0
12/6/2022 9:00,0.24,0.03
12/6/2022 10:00,0.53,0.08
12/6/2022 11:00,0.94,0.13
12/6/2022 12:00,0.89,0.13
12/6/2022 13:00,1.18,0.17
12/6/2022 14:00,1.9,0.27
12/6/2022 15:00,0.5,0.07
12/6/2022 16:00,0.75,0.11
12/6/2022 17:00,0.14,0.02
12/6/2022 18:00,0.0,0.0
12/6/2022 19:00,0.0,0.0
12/6/2022 20:00,0.0,0.0
12/6/2022 21:00,0.0,0.0
12/6/2022 22:00,0.0,0.0
12/6/2022 23:00,0.0,0.0
12/7/2022 0:00,0.0,0.0
12/7/2022 1:00,0.0,0.0
12/7/2022 2:00,0.0,0.0
12/7/2022 3:00,0.0,0.0
12/7/2022 4:00,0.0,0.0
12/7/2022 5:00,0.0,0.0
12/7/2022 6:00,0.0,0.0
12/7/2022 7:00,0.0,0.0
12/7/2022 8:00,0.0,0.0
12/7/2022 9:00,0.04,0.01
12/7/2022 10:00,0.18,0.03
12/7/2022 11:00,0.31,0.04
12/7/2022 12:00,0.31,0.04
12/7/2022 13:00,0.28,0.04
12/7/2022 14:00,0.25,0.04
12/7/2022 15:00,0.23,0.03
12/7/2022 16:00,0.1,0.01
12/7/2022 17:00,0.0,0.0
12/7/2022 18:00,0.0,0.0
12/7/2022 19:00,0.0,0.0
12/7/2022 20:00,0.0,0.0
12/7/2022 21:00,0.0,0.0
12/7/2022 22:00,0.0,0.0
12/7/2022 23:00,0.0,0.0
12/8/2022 0:00,0.0,0.0
12/8/2022 1:00,0.0,0.0
12/8/2022 2:00,0.0,0.0
12/8/2022 3:00,0.0,0.0
12/8/2022 4:00,0.0,0.0
12/8/2022 5:00,0.0,0.0
12/8/2022 6:00,0.0,0.0
12/8/2022 7:00,0.0,0.0
12/8/2022 8:00,0.0,0.0
12/8/2022 9:00,0.19,0.03
12/8/2022 10:00,0.59,0.08
12/8/2022 11:00,0.47,0.07
12/8/2022 12:00,0.89,0.13
12/8/2022 13:00,1.0,0.14
12/8/2022 14:00,1.8,0.26
12/8/2022 15:00,1.34,0.19
12/8/2022 16:00,1.19,0.17
12/8/2022 17:00,0.35,0.05
12/8/2022 18:00,0.0,0.0
12/8/2022 19:00,0.0,0.0
12/8/2022 20:00,0.0,0.0
12/8/2022 21:00,0.0,0.0
12/8/2022 22:00,0.0,0.0
12/8/2022 23:00,0.0,0.0
12/9/2022 0:00,0.0,0.0
12/9/2022 1:00,0.0,0.0
12/9/2022 2:00,0.0,0.0
12/9/2022 3:00,0.0,0.0
12/9/2022 4:00,0.0,0.0
12/9/2022 5:00,0.0,0.0
12/9/2022 6:00,0.0,0.0
12/9/2022 7:00,0.0,0.0
12/9/2022 8:00,0.0,0.0
12/9/2022 9:00,0.11,0.02
12/9/2022 10:00,0.69,0.1
12/9/2022 11:00,0.99,0.14
12/9/2022 12:00,2.66,0.38
12/9/2022 13:00,2.86,0.41
12/9/2022 14:00,2.64,0.38
12/9/2022 15:00,2.04,0.29
12/9/2022 16:00,1.34,0.19
12/9/2022 17:00,0.37,0.05
12/9/2022 18:00,0.0,0.0
12/9/2022 19:00,0.0,0.0
12/9/2022 20:00,0.0,0.0
12/9/2022 21:00,0.0,0.0
12/9/2022 22:00,0.0,0.0
12/9/2022 23:00,0.0,0.0
12/10/2022 0:00,0.0,0.0
12/10/2022 1:00,0.0,0.0
12/10/2022 2:00,0.0,0.0
12/10/2022 3:00,0.0,0.0
12/10/2022 4:00,0.0,0.0
12/10/2022 5:00,0.0,0.0
12/10/2022 6:00,0.0,0.0
12/10/2022 7:00,0.0,0.0
12/10/2022 8:00,0.0,0.0
12/10/2022 9:00,0.16,0.02
12/10/2022 10:00,0.87,0.12
12/10/2022 11:00,1.42,0.2
12/10/2022 12:00,2.92,0.42
12/10/2022 13:00,2.53,0.36
12/10/2022 14:00,1.34,0.19
12/10/2022 15:00,0.86,0.12
12/10/2022 16:00,0.52,0.07
12/10/2022 17:00,0.09,0.01
12/10/2022 18:00,0.0,0.0
12/10/2022 19:00,0.0,0.0
12/10/2022 20:00,0.0,0.0
12/10/2022 21:00,0.0,0.0
12/10/2022 22:00,0.0,0.0
12/10/2022 23:00,0.0,0.0
12/11/2022 0:00,0.0,0.0
12/11/2022 1:00,0.0,0.0
12/11/2022 2:00,0.0,0.0
12/11/2022 3:00,0.0,0.0
12/11/2022 4:00,0.0,0.0
12/11/2022 5:00,0.0,0.0
12/11/2022 6:00,0.0,0.0
12/11/2022 7:00,0.0,0.0
12/11/2022 8:00,0.0,0.0
12/11/2022 9:00,0.07,0.01
12/11/2022 10:00,0.27,0.04
12/11/2022 11:00,0.6,0.09
12/11/2022 12:00,0.8,0.11
12/11/2022 13:00,0.89,0.13
12/11/2022 14:00,1.01,0.14
12/11/2022 15:00,0.66,0.09
12/11/2022 16:00,0.51,0.07
12/11/2022 17:00,0.15,0.02
12/11/2022 18:00,0.0,0.0
12/11/2022 19:00,0.0,0.0
12/11/2022 20:00,0.0,0.0
12/11/2022 21:00,0.0,0.0
12/11/2022 22:00,0.0,0.0
12/11/2022 23:00,0.0,0.0
12/12/2022 0:00,0.0,0.0
12/12/2022 1:00,0.0,0.0
12/12/2022 2:00,0.0,0.0
12/12/2022 3:00,0.0,0.0
12/12/2022 4:00,0.0,0.0
12/12/2022 5:00,0.0,0.0
12/12/2022 6:00,0.0,0.0
12/12/2022 7:00,0.0,0.0
12/12/2022 8:00,0.0,0.0
12/12/2022 9:00,0.04,0.01
12/12/2022 10:00,0.13,0.02
12/12/2022 11:00,0.22,0.03
12/12/2022 12:00,0.34,0.05
12/12/2022 13:00,0.34,0.05
12/12/2022 14:00,0.16,0.02
12/12/2022 15:00,0.2,0.03
12/12/2022 16:00,0.11,0.02
12/12/2022 17:00,0.01,0.0
12/12/2022 18:00,0.0,0.0
12/12/2022 19:00,0.0,0.0
12/12/2022 20:00,0.0,0.0
12/12/2022 21:00,0.0,0.0
12/12/2022 22:00,0.0,0.0
12/12/2022 23:00,0.0,0.0
12/13/2022 0:00,0.0,0.0
12/13/2022 1:00,0.0,0.0
12/13/2022 2:00,0.0,0.0
12/13/2022 3:00,0.0,0.0
12/13/2022 4:00,0.0,0.0
12/13/2022 5:00,0.0,0.0
12/13/2022 6:00,0.0,0.0
12/13/2022 7:00,0.0,0.0
12/13/2022 8:00,0.0,0.0
12/13/2022 9:00,0.03,0.0
12/13/2022 10:00,0.4,0.06
12/13/2022 11:00,0.54,0.08
12/13/2022 12:00,0.35,0.05
12/13/2022 13:00,0.5,0.07
12/13/2022 14:00,0.7,0.1
12/13/2022 15:00,0.42,0.06
12/13/2022 16:00,0.37,0.05
12/13/2022 17:00,0.18,0.03
12/13/2022 18:00,0.0,0.0
12/13/2022 19:00,0.0,0.0
12/13/2022 20:00,0.0,0.0
12/13/2022 21:00,0.0,0.0
12/13/2022 22:00,0.0,0.0
12/13/2022 23:00,0.0,0.0
12/14/2022 0:00,0.0,0.0
12/14/2022 1:00,0.0,0.0
12/14/2022 2:00,0.0,0.0
12/14/2022 3:00,0.0,0.0
12/14/2022 4:00,0.0,0.0
12/14/2022 5:00,0.0,0.0
12/14/2022 6:00,0.0,0.0
12/14/2022 7:00,0.0,0.0
12/14/2022 8:00,0.0,0.0
12/14/2022 9:00,0.33,0.05
12/14/2022 10:00,0.22,0.03
12/14/2022 11:00,0.0,0.0
12/14/2022 12:00,0.75,0.11
12/14/2022 13:00,0.43,0.06
12/14/2022 14:00,2.02,0.29
12/14/2022 15:00,0.97,0.14
12/14/2022 16:00,0.26,0.04
12/14/2022 17:00,0.05,0.01
12/14/2022 18:00,0.0,0.0
12/14/2022 19:00,0.0,0.0
12/14/2022 20:00,0.0,0.0
12/14/2022 21:00,0.0,0.0
12/14/2022 22:00,0.0,0.0
12/14/2022 23:00,0.0,0.0
12/15/2022 0:00,0.0,0.0
12/15/2022 1:00,0.0,0.0
12/15/2022 2:00,0.0,0.0
12/15/2022 3:00,0.0,0.0
12/15/2022 4:00,0.0,0.0
12/15/2022 5:00,0.0,0.0
12/15/2022 6:00,0.0,0.0
12/15/2022 7:00,0.0,0.0
12/15/2022 8:00,0.0,0.0
12/15/2022 9:00,0.11,0.02
12/15/2022 10:00,0.84,0.12
12/15/2022 11:00,1.96,0.28
12/15/2022 12:00,2.18,0.31
12/15/2022 13:00,2.14,0.31
12/15/2022 14:00,2.5,0.36
12/15/2022 15:00,1.06,0.15
12/15/2022 16:00,1.27,0.18
12/15/2022 17:00,0.41,0.06
12/15/2022 18:00,0.0,0.0
12/15/2022 19:00,0.0,0.0
12/15/2022 20:00,0.0,0.0
12/15/2022 21:00,0.0,0.0
12/15/2022 22:00,0.0,0.0
12/15/2022 23:00,0.0,0.0
12/16/2022 0:00,0.0,0.0
12/16/2022 1:00,0.0,0.0
12/16/2022 2:00,0.0,0.0
12/16/2022 3:00,0.0,0.0
12/16/2022 4:00,0.0,0.0
12/16/2022 5:00,0.0,0.0
12/16/2022 6:00,0.0,0.0
12/16/2022 7:00,0.0,0.0
12/16/2022 8:00,0.0,0.0
12/16/2022 9:00,0.08,0.01
12/16/2022 10:00,0.53,0.08
12/16/2022 11:00,1.7,0.24
12/16/2022 12:00,1.79,0.26
12/16/2022 13:00,2.81,0.4
12/16/2022 14:00,1.38,0.2
12/16/2022 15:00,1.89,0.27
12/16/2022 16:00,0.71,0.1
12/16/2022 17:00,0.17,0.02
12/16/2022 18:00,0.0,0.0
12/16/2022 19:00,0.0,0.0
12/16/2022 20:00,0.0,0.0
12/16/2022 21:00,0.0,0.0
12/16/2022 22:00,0.0,0.0
12/16/2022 23:00,0.0,0.0
12/17/2022 0:00,0.0,0.0
12/17/2022 1:00,0.0,0.0
12/17/2022 2:00,0.0,0.0
12/17/2022 3:00,0.0,0.0
12/17/2022 4:00,0.0,0.0
12/17/2022 5:00,0.0,0.0
12/17/2022 6:00,0.0,0.0
12/17/2022 7:00,0.0,0.0
12/17/2022 8:00,0.0,0.0
12/17/2022 9:00,0.17,0.02
12/17/2022 10:00,0.78,0.11
12/17/2022 11:00,1.36,0.19
12/17/2022 12:00,2.9,0.41
12/17/2022 13:00,2.1,0.3
12/17/2022 14:00,1.09,0.16
12/17/2022 15:00,2.67,0.38
12/17/2022 16:00,1.39,0.2
12/17/2022 17:00,0.49,0.07
12/17/2022 18:00,0.0,0.0
12/17/2022 19:00,0.0,0.0
12/17/2022 20:00,0.0,0.0
12/17/2022 21:00,0.0,0.0
12/17/2022 22:00,0.0,0.0
12/17/2022 23:00,0.0,0.0
12/18/2022 0:00,0.0,0.0
12/18/2022 1:00,0.0,0.0
12/18/2022 2:00,0.0,0.0
12/18/2022 3:00,0.0,0.0
12/18/2022 4:00,0.0,0.0
12/18/2022 5:00,0.0,0.0
12/18/2022 6:00,0.0,0.0
12/18/2022 7:00,0.0,0.0
12/18/2022 8:00,0.0,0.0
12/18/2022 9:00,0.16,0.02
12/18/2022 10:00,0.32,0.05
12/18/2022 11:00,0.41,0.06
12/18/2022 12:00,0.64,0.09
12/18/2022 13:00,0.74,0.11
12/18/2022 14:00,1.74,0.25
12/18/2022 15:00,2.09,0.3
12/18/2022 16:00,0.87,0.12
12/18/2022 17:00,0.1,0.01
12/18/2022 18:00,0.0,0.0
12/18/2022 19:00,0.0,0.0
12/18/2022 20:00,0.0,0.0
12/18/2022 21:00,0.0,0.0
12/18/2022 22:00,0.0,0.0
12/18/2022 23:00,0.0,0.0
12/19/2022 0:00,0.0,0.0
12/19/2022 1:00,0.0,0.0
12/19/2022 2:00,0.0,0.0
12/19/2022 3:00,0.0,0.0
12/19/2022 4:00,0.0,0.0
12/19/2022 5:00,0.0,0.0
12/19/2022 6:00,0.0,0.0
12/19/2022 7:00,0.0,0.0
12/19/2022 8:00,0.0,0.0
12/19/2022 9:00,0.0,0.0
12/19/2022 10:00,0.38,0.05
12/19/2022 11:00,0.46,0.07
12/19/2022 12:00,0.16,0.02
12/19/2022 13:00,0.41,0.06
12/19/2022 14:00,0.53,0.08
12/19/2022 15:00,0.68,0.1
12/19/2022 16:00,0.36,0.05
12/19/2022 17:00,0.06,0.01
12/19/2022 18:00,0.0,0.0
12/19/2022 19:00,0.0,0.0
12/19/2022 20:00,0.0,0.0
12/19/2022 21:00,0.0,0.0
12/19/2022 22:00,0.0,0.0
12/19/2022 23:00,0.0,0.0
12/20/2022 0:00,0.0,0.0
12/20/2022 1:00,0.0,0.0
12/20/2022 2:00,0.0,0.0
12/20/2022 3:00,0.0,0.0
12/20/2022 4:00,0.0,0.0
12/20/2022 5:00,0.0,0.0
12/20/2022 6:00,0.0,0.0
12/20/2022 7:00,0.0,0.0
12/20/2022 8:00,0.0,0.0
12/20/2022 9:00,0.07,0.01
12/20/2022 10:00,0.38,0.05
12/20/2022 11:00,0.71,0.1
12/20/2022 12:00,0.95,0.14
12/20/2022 13:00,1.38,0.2
12/20/2022 14:00,1.19,0.17
12/20/2022 15:00,1.27,0.18
12/20/2022 16:00,0.94,0.13
12/20/2022 17:00,0.27,0.04
12/20/2022 18:00,0.01,0.0
12/20/2022 19:00,0.0,0.0
12/20/2022 20:00,0.0,0.0
12/20/2022 21:00,0.0,0.0
12/20/2022 22:00,0.0,0.0
12/20/2022 23:00,0.0,0.0
12/21/2022 0:00,0.0,0.0
12/21/2022 1:00,0.0,0.0
12/21/2022 2:00,0.0,0.0
12/21/2022 3:00,0.0,0.0
12/21/2022 4:00,0.0,0.0
12/21/2022 5:00,0.0,0.0
12/21/2022 6:00,0.0,0.0
12/21/2022 7:00,0.0,0.0
12/21/2022 8:00,0.0,0.0
12/21/2022 9:00,0.19,0.03
12/21/2022 10:00,0.55,0.08
12/21/2022 11:00,0.93,0.13
12/21/2022 12:00,0.56,0.08
12/21/2022 13:00,0.44,0.06
12/21/2022 14:00,1.13,0.16
12/21/2022 15:00,1.41,0.2
12/21/2022 16:00,0.6,0.09
12/21/2022 17:00,0.23,0.03
12/21/2022 18:00,0.0,0.0
12/21/2022 19:00,0.0,0.0
12/21/2022 20:00,0.0,0.0
12/21/2022 21:00,0.0,0.0
12/21/2022 22:00,0.0,0.0
12/21/2022 23:00,0.0,0.0
12/22/2022 0:00,0.0,0.0
12/22/2022 1:00,0.0,0.0
12/22/2022 2:00,0.0,0.0
12/22/2022 3:00,0.0,0.0
12/22/2022 4:00,0.0,0.0
12/22/2022 5:00,0.0,0.0
12/22/2022 6:00,0.0,0.0
12/22/2022 7:00,0.0,0.0
12/22/2022 8:00,0.0,0.0
12/22/2022 9:00,0.06,0.01
12/22/2022 10:00,0.19,0.03
12/22/2022 11:00,0.21,0.03
12/22/2022 12:00,0.32,0.05
12/22/2022 13:00,0.32,0.05
12/22/2022 14:00,0.29,0.04
12/22/2022 15:00,0.44,0.06
12/22/2022 16:00,0.25,0.04
12/22/2022 17:00,0.05,0.01
12/22/2022 18:00,0.0,0.0
12/22/2022 19:00,0.0,0.0
12/22/2022 20:00,0.0,0.0
12/22/2022 21:00,0.0,0.0
12/22/2022 22:00,0.0,0.0
12/22/2022 23:00,0.0,0.0
12/23/2022 0:00,0.0,0.0
12/23/2022 1:00,0.0,0.0
12/23/2022 2:00,0.0,0.0
12/23/2022 3:00,0.0,0.0
12/23/2022 4:00,0.0,0.0
12/23/2022 5:00,0.0,0.0
12/23/2022 6:00,0.0,0.0
12/23/2022 7:00,0.0,0.0
12/23/2022 8:00,0.0,0.0
12/23/2022 9:00,0.09,0.01
12/23/2022 10:00,0.33,0.05
12/23/2022 11:00,0.27,0.04
12/23/2022 12:00,0.77,0.11
12/23/2022 13:00,0.5,0.07
12/23/2022 14:00,0.36,0.05
12/23/2022 15:00,0.68,0.1
12/23/2022 16:00,0.42,0.06
12/23/2022 17:00,0.25,0.04
12/23/2022 18:00,0.0,0.0
12/23/2022 19:00,0.0,0.0
12/23/2022 20:00,0.0,0.0
12/23/2022 21:00,0.0,0.0
12/23/2022 22:00,0.0,0.0
12/23/2022 23:00,0.0,0.0
12/24/2022 0:00,0.0,0.0
12/24/2022 1:00,0.0,0.0
12/24/2022 2:00,0.0,0.0
12/24/2022 3:00,0.0,0.0
12/24/2022 4:00,0.0,0.0
12/24/2022 5:00,0.0,0.0
12/24/2022 6:00,0.0,0.0
12/24/2022 7:00,0.0,0.0
12/24/2022 8:00,0.0,0.0
12/24/2022 9:00,0.02,0.0
12/24/2022 10:00,0.59,0.08
12/24/2022 11:00,1.03,0.15
12/24/2022 12:00,0.96,0.14
12/24/2022 13:00,1.96,0.28
12/24/2022 14:00,1.49,0.21
12/24/2022 15:00,0.65,0.09
12/24/2022 16:00,0.51,0.07
12/24/2022 17:00,0.2,0.03
12/24/2022 18:00,0.0,0.0
12/24/2022 19:00,0.0,0.0
12/24/2022 20:00,0.0,0.0
12/24/2022 21:00,0.0,0.0
12/24/2022 22:00,0.0,0.0
12/24/2022 23:00,0.0,0.0
12/25/2022 0:00,0.0,0.0
12/25/2022 1:00,0.0,0.0
12/25/2022 2:00,0.0,0.0
12/25/2022 3:00,0.0,0.0
12/25/2022 4:00,0.0,0.0
12/25/2022 5:00,0.0,0.0
12/25/2022 6:00,0.0,0.0
12/25/2022 7:00,0.0,0.0
12/25/2022 8:00,0.0,0.0
12/25/2022 9:00,0.0,0.0
12/25/2022 10:00,0.26,0.04
12/25/2022 11:00,0.53,0.08
12/25/2022 12:00,0.83,0.12
12/25/2022 13:00,0.33,0.05
12/25/2022 14:00,0.62,0.09
12/25/2022 15:00,0.68,0.1
12/25/2022 16:00,0.27,0.04
12/25/2022 17:00,0.11,0.02
12/25/2022 18:00,0.0,0.0
12/25/2022 19:00,0.0,0.0
12/25/2022 20:00,0.0,0.0
12/25/2022 21:00,0.0,0.0
12/25/2022 22:00,0.0,0.0
12/25/2022 23:00,0.0,0.0
12/26/2022 0:00,0.0,0.0
12/26/2022 1:00,0.0,0.0
12/26/2022 2:00,0.0,0.0
12/26/2022 3:00,0.0,0.0
12/26/2022 4:00,0.0,0.0
12/26/2022 5:00,0.0,0.0
12/26/2022 6:00,0.0,0.0
12/26/2022 7:00,0.0,0.0
12/26/2022 8:00,0.0,0.0
12/26/2022 9:00,0.04,0.01
12/26/2022 10:00,0.35,0.05
12/26/2022 11:00,0.65,0.09
12/26/2022 12:00,1.51,0.22
12/26/2022 13:00,3.16,0.45
12/26/2022 14:00,1.68,0.24
12/26/2022 15:00,1.1,0.16
12/26/2022 16:00,1.22,0.17
12/26/2022 17:00,0.49,0.07
12/26/2022 18:00,0.01,0.0
12/26/2022 19:00,0.0,0.0
12/26/2022 20:00,0.0,0.0
12/26/2022 21:00,0.0,0.0
12/26/2022 22:00,0.0,0.0
12/26/2022 23:00,0.0,0.0
12/27/2022 0:00,0.0,0.0
12/27/2022 1:00,0.0,0.0
12/27/2022 2:00,0.0,0.0
12/27/2022 3:00,0.0,0.0
12/27/2022 4:00,0.0,0.0
12/27/2022 5:00,0.0,0.0
12/27/2022 6:00,0.0,0.0
12/27/2022 7:00,0.0,0.0
12/27/2022 8:00,0.0,0.0
12/27/2022 9:00,0.07,0.01
12/27/2022 10:00,0.57,0.08
12/27/2022 11:00,2.2,0.31
12/27/2022 12:00,3.49,0.5
12/27/2022 13:00,3.51,0.5
12/27/2022 14:00,3.06,0.44
12/27/2022 15:00,2.16,0.31
12/27/2022 16:00,1.28,0.18
12/27/2022 17:00,0.54,0.08
12/27/2022 18:00,0.0,0.0
12/27/2022 19:00,0.0,0.0
12/27/2022 20:00,0.0,0.0
12/27/2022 21:00,0.0,0.0
12/27/2022 22:00,0.0,0.0
12/27/2022 23:00,0.0,0.0
12/28/2022 0:00,0.0,0.0
12/28/2022 1:00,0.0,0.0
12/28/2022 2:00,0.0,0.0
12/28/2022 3:00,0.0,0.0
12/28/2022 4:00,0.0,0.0
12/28/2022 5:00,0.0,0.0
12/28/2022 6:00,0.0,0.0
12/28/2022 7:00,0.0,0.0
12/28/2022 8:00,0.0,0.0
12/28/2022 9:00,0.07,0.01
12/28/2022 10:00,0.6,0.09
12/28/2022 11:00,2.26,0.32
12/28/2022 12:00,3.41,0.49
12/28/2022 13:00,3.39,0.48
12/28/2022 14:00,2.31,0.33
12/28/2022 15:00,1.28,0.18
12/28/2022 16:00,0.84,0.12
12/28/2022 17:00,0.28,0.04
12/28/2022 18:00,0.01,0.0
12/28/2022 19:00,0.0,0.0
12/28/2022 20:00,0.0,0.0
12/28/2022 21:00,0.0,0.0
12/28/2022 22:00,0.0,0.0
12/28/2022 23:00,0.0,0.0
12/29/2022 0:00,0.0,0.0
12/29/2022 1:00,0.0,0.0
12/29/2022 2:00,0.0,0.0
12/29/2022 3:00,0.0,0.0
12/29/2022 4:00,0.0,0.0
12/29/2022 5:00,0.0,0.0
12/29/2022 6:00,0.0,0.0
12/29/2022 7:00,0.0,0.0
12/29/2022 8:00,0.0,0.0
12/29/2022 9:00,0.07,0.01
12/29/2022 10:00,0.42,0.06
12/29/2022 11:00,0.91,0.13
12/29/2022 12:00,1.14,0.16
12/29/2022 13:00,2.05,0.29
12/29/2022 14:00,1.11,0.16
12/29/2022 15:00,1.18,0.17
12/29/2022 16:00,0.6,0.09
12/29/2022 17:00,0.3,0.04
12/29/2022 18:00,0.01,0.0
12/29/2022 19:00,0.0,0.0
12/29/2022 20:00,0.0,0.0
12/29/2022 21:00,0.0,0.0
12/29/2022 22:00,0.0,0.0
12/29/2022 23:00,0.0,0.0
12/30/2022 0:00,0.0,0.0
12/30/2022 1:00,0.0,0.0
12/30/2022 2:00,0.0,0.0
12/30/2022 3:00,0.0,0.0
12/30/2022 4:00,0.0,0.0
12/30/2022 5:00,0.0,0.0
12/30/2022 6:00,0.0,0.0
12/30/2022 7:00,0.0,0.0
12/30/2022 8:00,0.0,0.0
12/30/2022 9:00,0.12,0.02
12/30/2022 10:00,0.5,0.07
12/30/2022 11:00,1.2,0.17
12/30/2022 12:00,1.07,0.15
12/30/2022 13:00,1.06,0.15
12/30/2022 14:00,0.84,0.12
12/30/2022 15:00,0.69,0.1
12/30/2022 16:00,0.41,0.06
12/30/2022 17:00,0.19,0.03
12/30/2022 18:00,0.01,0.0
12/30/2022 19:00,0.0,0.0
12/30/2022 20:00,0.0,0.0
12/30/2022 21:00,0.0,0.0
12/30/2022 22:00,0.0,0.0
12/30/2022 23:00,0.0,0.0
12/31/2022 0:00,0.0,0.0
12/31/2022 1:00,0.0,0.0
12/31/2022 2:00,0.0,0.0
12/31/2022 3:00,0.0,0.0
12/31/2022 4:00,0.0,0.0
12/31/2022 5:00,0.0,0.0
12/31/2022 6:00,0.0,0.0
12/31/2022 7:00,0.0,0.0
12/31/2022 8:00,0.0,0.0
12/31/2022 9:00,0.09,0.01
12/31/2022 10:00,0.33,0.05
12/31/2022 11:00,0.57,0.08
12/31/2022 12:00,1.01,0.14
12/31/2022 13:00,1.5,0.21
12/31/2022 14:00,0.87,0.12
12/31/2022 15:00,0.78,0.11
12/31/2022 16:00,0.72,0.1
12/31/2022 17:00,0.09,0.01
12/31/2022 18:00,0.0,0.0
12/31/2022 19:00,0.0,0.0
12/31/2022 20:00,0.0,0.0
12/31/2022 21:00,0.0,0.0
12/31/2022 22:00,0.0,0.0
12/31/2022 23:00,0.0,0.0
