Date,Produced Energy (kWh),Specific Energy (kWh/kWp)
1/1/2019 0:00,0.0,0.0
1/1/2019 1:00,0.0,0.0
1/1/2019 2:00,0.0,0.0
1/1/2019 3:00,0.0,0.0
1/1/2019 4:00,0.0,0.0
1/1/2019 5:00,0.0,0.0
1/1/2019 6:00,0.0,0.0
1/1/2019 7:00,0.0,0.0
1/1/2019 8:00,0.0,0.0
1/1/2019 9:00,1.5,0.06
1/1/2019 10:00,6.5,0.28
1/1/2019 11:00,10.5,0.45
1/1/2019 12:00,13.25,0.56
1/1/2019 13:00,13.75,0.58
1/1/2019 14:00,13.5,0.57
1/1/2019 15:00,11.75,0.5
1/1/2019 16:00,8.25,0.35
1/1/2019 17:00,1.0,0.04
1/1/2019 18:00,0.0,0.0
1/1/2019 19:00,0.0,0.0
1/1/2019 20:00,0.0,0.0
1/1/2019 21:00,0.0,0.0
1/1/2019 22:00,0.0,0.0
1/1/2019 23:00,0.0,0.0
1/2/2019 0:00,0.0,0.0
1/2/2019 1:00,0.0,0.0
1/2/2019 2:00,0.0,0.0
1/2/2019 3:00,0.0,0.0
1/2/2019 4:00,0.0,0.0
1/2/2019 5:00,0.0,0.0
1/2/2019 6:00,0.0,0.0
1/2/2019 7:00,0.0,0.0
1/2/2019 8:00,0.0,0.0
1/2/2019 9:00,1.5,0.06
1/2/2019 10:00,6.25,0.27
1/2/2019 11:00,10.5,0.45
1/2/2019 12:00,12.75,0.54
1/2/2019 13:00,13.75,0.58
1/2/2019 14:00,13.25,0.56
1/2/2019 15:00,11.75,0.5
1/2/2019 16:00,8.25,0.35
1/2/2019 17:00,1.25,0.05
1/2/2019 18:00,0.0,0.0
1/2/2019 19:00,0.0,0.0
1/2/2019 20:00,0.0,0.0
1/2/2019 21:00,0.0,0.0
1/2/2019 22:00,0.0,0.0
1/2/2019 23:00,0.0,0.0
1/3/2019 0:00,0.0,0.0
1/3/2019 1:00,0.0,0.0
1/3/2019 2:00,0.0,0.0
1/3/2019 3:00,0.0,0.0
1/3/2019 4:00,0.0,0.0
1/3/2019 5:00,0.0,0.0
1/3/2019 6:00,0.0,0.0
1/3/2019 7:00,0.0,0.0
1/3/2019 8:00,0.0,0.0
1/3/2019 9:00,0.75,0.03
1/3/2019 10:00,2.0,0.09
1/3/2019 11:00,4.25,0.18
1/3/2019 12:00,13.25,0.56
1/3/2019 13:00,14.0,0.6
1/3/2019 14:00,13.5,0.57
1/3/2019 15:00,11.75,0.5
1/3/2019 16:00,8.25,0.35
1/3/2019 17:00,1.25,0.05
1/3/2019 18:00,0.0,0.0
1/3/2019 19:00,0.0,0.0
1/3/2019 20:00,0.0,0.0
1/3/2019 21:00,0.0,0.0
1/3/2019 22:00,0.0,0.0
1/3/2019 23:00,0.0,0.0
1/4/2019 0:00,0.0,0.0
1/4/2019 1:00,0.0,0.0
1/4/2019 2:00,0.0,0.0
1/4/2019 3:00,0.0,0.0
1/4/2019 4:00,0.0,0.0
1/4/2019 5:00,0.0,0.0
1/4/2019 6:00,0.0,0.0
1/4/2019 7:00,0.0,0.0
1/4/2019 8:00,0.0,0.0
1/4/2019 9:00,0.5,0.02
1/4/2019 10:00,2.5,0.11
1/4/2019 11:00,3.75,0.16
1/4/2019 12:00,5.25,0.22
1/4/2019 13:00,7.25,0.31
1/4/2019 14:00,7.5,0.32
1/4/2019 15:00,8.75,0.37
1/4/2019 16:00,6.25,0.27
1/4/2019 17:00,1.5,0.06
1/4/2019 18:00,0.0,0.0
1/4/2019 19:00,0.0,0.0
1/4/2019 20:00,0.0,0.0
1/4/2019 21:00,0.0,0.0
1/4/2019 22:00,0.0,0.0
1/4/2019 23:00,0.0,0.0
1/5/2019 0:00,0.0,0.0
1/5/2019 1:00,0.0,0.0
1/5/2019 2:00,0.0,0.0
1/5/2019 3:00,0.0,0.0
1/5/2019 4:00,0.0,0.0
1/5/2019 5:00,0.0,0.0
1/5/2019 6:00,0.0,0.0
1/5/2019 7:00,0.0,0.0
1/5/2019 8:00,0.0,0.0
1/5/2019 9:00,1.5,0.06
1/5/2019 10:00,6.0,0.26
1/5/2019 11:00,10.75,0.46
1/5/2019 12:00,13.0,0.55
1/5/2019 13:00,14.25,0.61
1/5/2019 14:00,13.5,0.57
1/5/2019 15:00,12.25,0.52
1/5/2019 16:00,8.75,0.37
1/5/2019 17:00,1.25,0.05
1/5/2019 18:00,0.25,0.01
1/5/2019 19:00,0.0,0.0
1/5/2019 20:00,0.0,0.0
1/5/2019 21:00,0.0,0.0
1/5/2019 22:00,0.0,0.0
1/5/2019 23:00,0.0,0.0
1/6/2019 0:00,0.0,0.0
1/6/2019 1:00,0.0,0.0
1/6/2019 2:00,0.0,0.0
1/6/2019 3:00,0.0,0.0
1/6/2019 4:00,0.0,0.0
1/6/2019 5:00,0.0,0.0
1/6/2019 6:00,0.0,0.0
1/6/2019 7:00,0.0,0.0
1/6/2019 8:00,0.0,0.0
1/6/2019 9:00,1.5,0.06
1/6/2019 10:00,6.25,0.27
1/6/2019 11:00,11.0,0.47
1/6/2019 12:00,13.25,0.56
1/6/2019 13:00,14.25,0.61
1/6/2019 14:00,13.75,0.58
1/6/2019 15:00,12.0,0.51
1/6/2019 16:00,8.75,0.37
1/6/2019 17:00,1.25,0.05
1/6/2019 18:00,0.25,0.01
1/6/2019 19:00,0.0,0.0
1/6/2019 20:00,0.0,0.0
1/6/2019 21:00,0.0,0.0
1/6/2019 22:00,0.0,0.0
1/6/2019 23:00,0.0,0.0
1/7/2019 0:00,0.0,0.0
1/7/2019 1:00,0.0,0.0
1/7/2019 2:00,0.0,0.0
1/7/2019 3:00,0.0,0.0
1/7/2019 4:00,0.0,0.0
1/7/2019 5:00,0.0,0.0
1/7/2019 6:00,0.0,0.0
1/7/2019 7:00,0.0,0.0
1/7/2019 8:00,0.0,0.0
1/7/2019 9:00,1.5,0.06
1/7/2019 10:00,6.75,0.29
1/7/2019 11:00,11.0,0.47
1/7/2019 12:00,13.5,0.57
1/7/2019 13:00,14.5,0.62
1/7/2019 14:00,14.0,0.6
1/7/2019 15:00,12.25,0.52
1/7/2019 16:00,9.25,0.39
1/7/2019 17:00,1.5,0.06
1/7/2019 18:00,0.0,0.0
1/7/2019 19:00,0.0,0.0
1/7/2019 20:00,0.0,0.0
1/7/2019 21:00,0.0,0.0
1/7/2019 22:00,0.0,0.0
1/7/2019 23:00,0.0,0.0
1/8/2019 0:00,0.0,0.0
1/8/2019 1:00,0.0,0.0
1/8/2019 2:00,0.0,0.0
1/8/2019 3:00,0.0,0.0
1/8/2019 4:00,0.0,0.0
1/8/2019 5:00,0.0,0.0
1/8/2019 6:00,0.0,0.0
1/8/2019 7:00,0.0,0.0
1/8/2019 8:00,0.0,0.0
1/8/2019 9:00,1.75,0.07
1/8/2019 10:00,6.5,0.28
1/8/2019 11:00,11.0,0.47
1/8/2019 12:00,13.25,0.56
1/8/2019 13:00,14.5,0.62
1/8/2019 14:00,13.75,0.58
1/8/2019 15:00,12.25,0.52
1/8/2019 16:00,9.0,0.38
1/8/2019 17:00,1.5,0.06
1/8/2019 18:00,0.25,0.01
1/8/2019 19:00,0.0,0.0
1/8/2019 20:00,0.0,0.0
1/8/2019 21:00,0.0,0.0
1/8/2019 22:00,0.0,0.0
1/8/2019 23:00,0.0,0.0
1/9/2019 0:00,0.0,0.0
1/9/2019 1:00,0.0,0.0
1/9/2019 2:00,0.0,0.0
1/9/2019 3:00,0.0,0.0
1/9/2019 4:00,0.0,0.0
1/9/2019 5:00,0.0,0.0
1/9/2019 6:00,0.0,0.0
1/9/2019 7:00,0.0,0.0
1/9/2019 8:00,0.0,0.0
1/9/2019 9:00,1.5,0.06
1/9/2019 10:00,6.25,0.27
1/9/2019 11:00,10.5,0.45
1/9/2019 12:00,12.75,0.54
1/9/2019 13:00,13.75,0.58
1/9/2019 14:00,13.5,0.57
1/9/2019 15:00,11.5,0.49
1/9/2019 16:00,8.75,0.37
1/9/2019 17:00,1.5,0.06
1/9/2019 18:00,0.0,0.0
1/9/2019 19:00,0.0,0.0
1/9/2019 20:00,0.0,0.0
1/9/2019 21:00,0.0,0.0
1/9/2019 22:00,0.0,0.0
1/9/2019 23:00,0.0,0.0
1/10/2019 0:00,0.0,0.0
1/10/2019 1:00,0.0,0.0
1/10/2019 2:00,0.0,0.0
1/10/2019 3:00,0.0,0.0
1/10/2019 4:00,0.0,0.0
1/10/2019 5:00,0.0,0.0
1/10/2019 6:00,0.0,0.0
1/10/2019 7:00,0.0,0.0
1/10/2019 8:00,0.0,0.0
1/10/2019 9:00,1.75,0.07
1/10/2019 10:00,6.5,0.28
1/10/2019 11:00,10.75,0.46
1/10/2019 12:00,13.25,0.56
1/10/2019 13:00,14.25,0.61
1/10/2019 14:00,14.0,0.6
1/10/2019 15:00,12.0,0.51
1/10/2019 16:00,9.0,0.38
1/10/2019 17:00,1.75,0.07
1/10/2019 18:00,0.25,0.01
1/10/2019 19:00,0.0,0.0
1/10/2019 20:00,0.0,0.0
1/10/2019 21:00,0.0,0.0
1/10/2019 22:00,0.0,0.0
1/10/2019 23:00,0.0,0.0
1/11/2019 0:00,0.0,0.0
1/11/2019 1:00,0.0,0.0
1/11/2019 2:00,0.0,0.0
1/11/2019 3:00,0.0,0.0
1/11/2019 4:00,0.0,0.0
1/11/2019 5:00,0.0,0.0
1/11/2019 6:00,0.0,0.0
1/11/2019 7:00,0.0,0.0
1/11/2019 8:00,0.0,0.0
1/11/2019 9:00,1.5,0.06
1/11/2019 10:00,6.75,0.29
1/11/2019 11:00,10.75,0.46
1/11/2019 12:00,13.5,0.57
1/11/2019 13:00,14.5,0.62
1/11/2019 14:00,13.75,0.58
1/11/2019 15:00,12.5,0.53
1/11/2019 16:00,9.25,0.39
1/11/2019 17:00,1.75,0.07
1/11/2019 18:00,0.25,0.01
1/11/2019 19:00,0.0,0.0
1/11/2019 20:00,0.0,0.0
1/11/2019 21:00,0.0,0.0
1/11/2019 22:00,0.0,0.0
1/11/2019 23:00,0.0,0.0
1/12/2019 0:00,0.0,0.0
1/12/2019 1:00,0.0,0.0
1/12/2019 2:00,0.0,0.0
1/12/2019 3:00,0.0,0.0
1/12/2019 4:00,0.0,0.0
1/12/2019 5:00,0.0,0.0
1/12/2019 6:00,0.0,0.0
1/12/2019 7:00,0.0,0.0
1/12/2019 8:00,0.0,0.0
1/12/2019 9:00,1.5,0.06
1/12/2019 10:00,6.75,0.29
1/12/2019 11:00,11.0,0.47
1/12/2019 12:00,13.5,0.57
1/12/2019 13:00,14.25,0.61
1/12/2019 14:00,14.25,0.61
1/12/2019 15:00,12.25,0.52
1/12/2019 16:00,9.5,0.4
1/12/2019 17:00,2.0,0.09
1/12/2019 18:00,0.0,0.0
1/12/2019 19:00,0.0,0.0
1/12/2019 20:00,0.0,0.0
1/12/2019 21:00,0.0,0.0
1/12/2019 22:00,0.0,0.0
1/12/2019 23:00,0.0,0.0
1/13/2019 0:00,0.0,0.0
1/13/2019 1:00,0.0,0.0
1/13/2019 2:00,0.0,0.0
1/13/2019 3:00,0.0,0.0
1/13/2019 4:00,0.0,0.0
1/13/2019 5:00,0.0,0.0
1/13/2019 6:00,0.0,0.0
1/13/2019 7:00,0.0,0.0
1/13/2019 8:00,0.0,0.0
1/13/2019 9:00,1.75,0.07
1/13/2019 10:00,6.75,0.29
1/13/2019 11:00,10.75,0.46
1/13/2019 12:00,13.5,0.57
1/13/2019 13:00,14.5,0.62
1/13/2019 14:00,14.0,0.6
1/13/2019 15:00,12.5,0.53
1/13/2019 16:00,9.5,0.4
1/13/2019 17:00,2.0,0.09
1/13/2019 18:00,0.25,0.01
1/13/2019 19:00,0.0,0.0
1/13/2019 20:00,0.0,0.0
1/13/2019 21:00,0.0,0.0
1/13/2019 22:00,0.0,0.0
1/13/2019 23:00,0.0,0.0
1/14/2019 0:00,0.0,0.0
1/14/2019 1:00,0.0,0.0
1/14/2019 2:00,0.0,0.0
1/14/2019 3:00,0.0,0.0
1/14/2019 4:00,0.0,0.0
1/14/2019 5:00,0.0,0.0
1/14/2019 6:00,0.0,0.0
1/14/2019 7:00,0.0,0.0
1/14/2019 8:00,0.0,0.0
1/14/2019 9:00,1.5,0.06
1/14/2019 10:00,6.5,0.28
1/14/2019 11:00,10.5,0.45
1/14/2019 12:00,12.5,0.53
1/14/2019 13:00,13.25,0.56
1/14/2019 14:00,12.75,0.54
1/14/2019 15:00,11.0,0.47
1/14/2019 16:00,8.25,0.35
1/14/2019 17:00,2.25,0.1
1/14/2019 18:00,0.0,0.0
1/14/2019 19:00,0.0,0.0
1/14/2019 20:00,0.0,0.0
1/14/2019 21:00,0.0,0.0
1/14/2019 22:00,0.0,0.0
1/14/2019 23:00,0.0,0.0
1/15/2019 0:00,0.0,0.0
1/15/2019 1:00,0.0,0.0
1/15/2019 2:00,0.0,0.0
1/15/2019 3:00,0.0,0.0
1/15/2019 4:00,0.0,0.0
1/15/2019 5:00,0.0,0.0
1/15/2019 6:00,0.0,0.0
1/15/2019 7:00,0.0,0.0
1/15/2019 8:00,0.0,0.0
1/15/2019 9:00,0.75,0.03
1/15/2019 10:00,3.5,0.15
1/15/2019 11:00,7.75,0.33
1/15/2019 12:00,9.25,0.39
1/15/2019 13:00,10.25,0.44
1/15/2019 14:00,7.5,0.32
1/15/2019 15:00,5.75,0.24
1/15/2019 16:00,3.0,0.13
1/15/2019 17:00,0.75,0.03
1/15/2019 18:00,0.25,0.01
1/15/2019 19:00,0.0,0.0
1/15/2019 20:00,0.0,0.0
1/15/2019 21:00,0.0,0.0
1/15/2019 22:00,0.0,0.0
1/15/2019 23:00,0.0,0.0
1/16/2019 0:00,0.0,0.0
1/16/2019 1:00,0.0,0.0
1/16/2019 2:00,0.0,0.0
1/16/2019 3:00,0.0,0.0
1/16/2019 4:00,0.0,0.0
1/16/2019 5:00,0.0,0.0
1/16/2019 6:00,0.0,0.0
1/16/2019 7:00,0.0,0.0
1/16/2019 8:00,0.0,0.0
1/16/2019 9:00,0.0,0.0
1/16/2019 10:00,0.75,0.03
1/16/2019 11:00,1.75,0.07
1/16/2019 12:00,3.5,0.15
1/16/2019 13:00,4.75,0.2
1/16/2019 14:00,5.5,0.23
1/16/2019 15:00,2.25,0.1
1/16/2019 16:00,1.0,0.04
1/16/2019 17:00,0.75,0.03
1/16/2019 18:00,0.0,0.0
1/16/2019 19:00,0.0,0.0
1/16/2019 20:00,0.0,0.0
1/16/2019 21:00,0.0,0.0
1/16/2019 22:00,0.0,0.0
1/16/2019 23:00,0.0,0.0
1/17/2019 0:00,0.0,0.0
1/17/2019 1:00,0.0,0.0
1/17/2019 2:00,0.0,0.0
1/17/2019 3:00,0.0,0.0
1/17/2019 4:00,0.0,0.0
1/17/2019 5:00,0.0,0.0
1/17/2019 6:00,0.0,0.0
1/17/2019 7:00,0.0,0.0
1/17/2019 8:00,0.0,0.0
1/17/2019 9:00,1.5,0.06
1/17/2019 10:00,6.75,0.29
1/17/2019 11:00,10.75,0.46
1/17/2019 12:00,13.0,0.55
1/17/2019 13:00,14.5,0.62
1/17/2019 14:00,14.0,0.6
1/17/2019 15:00,12.75,0.54
1/17/2019 16:00,9.5,0.4
1/17/2019 17:00,2.75,0.12
1/17/2019 18:00,0.25,0.01
1/17/2019 19:00,0.0,0.0
1/17/2019 20:00,0.0,0.0
1/17/2019 21:00,0.0,0.0
1/17/2019 22:00,0.0,0.0
1/17/2019 23:00,0.0,0.0
1/18/2019 0:00,0.0,0.0
1/18/2019 1:00,0.0,0.0
1/18/2019 2:00,0.0,0.0
1/18/2019 3:00,0.0,0.0
1/18/2019 4:00,0.0,0.0
1/18/2019 5:00,0.0,0.0
1/18/2019 6:00,0.0,0.0
1/18/2019 7:00,0.0,0.0
1/18/2019 8:00,0.0,0.0
1/18/2019 9:00,1.5,0.06
1/18/2019 10:00,6.0,0.26
1/18/2019 11:00,9.75,0.41
1/18/2019 12:00,9.25,0.39
1/18/2019 13:00,7.25,0.31
1/18/2019 14:00,6.25,0.27
1/18/2019 15:00,3.5,0.15
1/18/2019 16:00,1.75,0.07
1/18/2019 17:00,0.75,0.03
1/18/2019 18:00,0.0,0.0
1/18/2019 19:00,0.0,0.0
1/18/2019 20:00,0.0,0.0
1/18/2019 21:00,0.0,0.0
1/18/2019 22:00,0.0,0.0
1/18/2019 23:00,0.0,0.0
1/19/2019 0:00,0.0,0.0
1/19/2019 1:00,0.0,0.0
1/19/2019 2:00,0.0,0.0
1/19/2019 3:00,0.0,0.0
1/19/2019 4:00,0.0,0.0
1/19/2019 5:00,0.0,0.0
1/19/2019 6:00,0.0,0.0
1/19/2019 7:00,0.0,0.0
1/19/2019 8:00,0.0,0.0
1/19/2019 9:00,0.25,0.01
1/19/2019 10:00,0.75,0.03
1/19/2019 11:00,5.75,0.24
1/19/2019 12:00,6.5,0.28
1/19/2019 13:00,2.75,0.12
1/19/2019 14:00,1.75,0.07
1/19/2019 15:00,2.0,0.09
1/19/2019 16:00,0.5,0.02
1/19/2019 17:00,1.25,0.05
1/19/2019 18:00,0.25,0.01
1/19/2019 19:00,0.0,0.0
1/19/2019 20:00,0.0,0.0
1/19/2019 21:00,0.0,0.0
1/19/2019 22:00,0.0,0.0
1/19/2019 23:00,0.0,0.0
1/20/2019 0:00,0.0,0.0
1/20/2019 1:00,0.0,0.0
1/20/2019 2:00,0.0,0.0
1/20/2019 3:00,0.0,0.0
1/20/2019 4:00,0.0,0.0
1/20/2019 5:00,0.0,0.0
1/20/2019 6:00,0.0,0.0
1/20/2019 7:00,0.0,0.0
1/20/2019 8:00,0.0,0.0
1/20/2019 9:00,1.75,0.07
1/20/2019 10:00,6.0,0.26
1/20/2019 11:00,9.5,0.4
1/20/2019 12:00,11.75,0.5
1/20/2019 13:00,10.5,0.45
1/20/2019 14:00,9.5,0.4
1/20/2019 15:00,10.5,0.45
1/20/2019 16:00,10.25,0.44
1/20/2019 17:00,3.25,0.14
1/20/2019 18:00,0.25,0.01
1/20/2019 19:00,0.0,0.0
1/20/2019 20:00,0.0,0.0
1/20/2019 21:00,0.0,0.0
1/20/2019 22:00,0.0,0.0
1/20/2019 23:00,0.0,0.0
1/21/2019 0:00,0.0,0.0
1/21/2019 1:00,0.0,0.0
1/21/2019 2:00,0.0,0.0
1/21/2019 3:00,0.0,0.0
1/21/2019 4:00,0.0,0.0
1/21/2019 5:00,0.0,0.0
1/21/2019 6:00,0.0,0.0
1/21/2019 7:00,0.0,0.0
1/21/2019 8:00,0.0,0.0
1/21/2019 9:00,1.75,0.07
1/21/2019 10:00,7.0,0.3
1/21/2019 11:00,11.25,0.48
1/21/2019 12:00,14.0,0.6
1/21/2019 13:00,15.0,0.64
1/21/2019 14:00,14.25,0.61
1/21/2019 15:00,11.0,0.47
1/21/2019 16:00,10.25,0.44
1/21/2019 17:00,3.5,0.15
1/21/2019 18:00,0.25,0.01
1/21/2019 19:00,0.0,0.0
1/21/2019 20:00,0.0,0.0
1/21/2019 21:00,0.0,0.0
1/21/2019 22:00,0.0,0.0
1/21/2019 23:00,0.0,0.0
1/22/2019 0:00,0.0,0.0
1/22/2019 1:00,0.0,0.0
1/22/2019 2:00,0.0,0.0
1/22/2019 3:00,0.0,0.0
1/22/2019 4:00,0.0,0.0
1/22/2019 5:00,0.0,0.0
1/22/2019 6:00,0.0,0.0
1/22/2019 7:00,0.0,0.0
1/22/2019 8:00,0.0,0.0
1/22/2019 9:00,1.25,0.05
1/22/2019 10:00,5.75,0.24
1/22/2019 11:00,4.5,0.19
1/22/2019 12:00,5.75,0.24
1/22/2019 13:00,5.75,0.24
1/22/2019 14:00,5.25,0.22
1/22/2019 15:00,3.75,0.16
1/22/2019 16:00,3.0,0.13
1/22/2019 17:00,1.0,0.04
1/22/2019 18:00,0.0,0.0
1/22/2019 19:00,0.0,0.0
1/22/2019 20:00,0.0,0.0
1/22/2019 21:00,0.0,0.0
1/22/2019 22:00,0.0,0.0
1/22/2019 23:00,0.0,0.0
1/23/2019 0:00,0.0,0.0
1/23/2019 1:00,0.0,0.0
1/23/2019 2:00,0.0,0.0
1/23/2019 3:00,0.0,0.0
1/23/2019 4:00,0.0,0.0
1/23/2019 5:00,0.0,0.0
1/23/2019 6:00,0.0,0.0
1/23/2019 7:00,0.0,0.0
1/23/2019 8:00,0.0,0.0
1/23/2019 9:00,0.75,0.03
1/23/2019 10:00,5.25,0.22
1/23/2019 11:00,9.75,0.41
1/23/2019 12:00,8.5,0.36
1/23/2019 13:00,13.75,0.58
1/23/2019 14:00,9.0,0.38
1/23/2019 15:00,4.0,0.17
1/23/2019 16:00,2.25,0.1
1/23/2019 17:00,1.25,0.05
1/23/2019 18:00,0.0,0.0
1/23/2019 19:00,0.0,0.0
1/23/2019 20:00,0.0,0.0
1/23/2019 21:00,0.0,0.0
1/23/2019 22:00,0.0,0.0
1/23/2019 23:00,0.0,0.0
1/24/2019 0:00,0.0,0.0
1/24/2019 1:00,0.0,0.0
1/24/2019 2:00,0.0,0.0
1/24/2019 3:00,0.0,0.0
1/24/2019 4:00,0.0,0.0
1/24/2019 5:00,0.0,0.0
1/24/2019 6:00,0.0,0.0
1/24/2019 7:00,0.0,0.0
1/24/2019 8:00,0.0,0.0
1/24/2019 9:00,0.5,0.02
1/24/2019 10:00,3.5,0.15
1/24/2019 11:00,8.0,0.34
1/24/2019 12:00,13.5,0.57
1/24/2019 13:00,13.5,0.57
1/24/2019 14:00,14.25,0.61
1/24/2019 15:00,5.75,0.24
1/24/2019 16:00,6.75,0.29
1/24/2019 17:00,2.5,0.11
1/24/2019 18:00,0.5,0.02
1/24/2019 19:00,0.0,0.0
1/24/2019 20:00,0.0,0.0
1/24/2019 21:00,0.0,0.0
1/24/2019 22:00,0.0,0.0
1/24/2019 23:00,0.0,0.0
1/25/2019 0:00,0.0,0.0
1/25/2019 1:00,0.0,0.0
1/25/2019 2:00,0.0,0.0
1/25/2019 3:00,0.0,0.0
1/25/2019 4:00,0.0,0.0
1/25/2019 5:00,0.0,0.0
1/25/2019 6:00,0.0,0.0
1/25/2019 7:00,0.0,0.0
1/25/2019 8:00,0.0,0.0
1/25/2019 9:00,2.0,0.09
1/25/2019 10:00,7.25,0.31
1/25/2019 11:00,11.5,0.49
1/25/2019 12:00,13.75,0.58
1/25/2019 13:00,14.75,0.63
1/25/2019 14:00,14.75,0.63
1/25/2019 15:00,13.25,0.56
1/25/2019 16:00,10.25,0.44
1/25/2019 17:00,4.0,0.17
1/25/2019 18:00,0.25,0.01
1/25/2019 19:00,0.0,0.0
1/25/2019 20:00,0.0,0.0
1/25/2019 21:00,0.0,0.0
1/25/2019 22:00,0.0,0.0
1/25/2019 23:00,0.0,0.0
1/26/2019 0:00,0.0,0.0
1/26/2019 1:00,0.0,0.0
1/26/2019 2:00,0.0,0.0
1/26/2019 3:00,0.0,0.0
1/26/2019 4:00,0.0,0.0
1/26/2019 5:00,0.0,0.0
1/26/2019 6:00,0.0,0.0
1/26/2019 7:00,0.0,0.0
1/26/2019 8:00,0.0,0.0
1/26/2019 9:00,2.25,0.1
1/26/2019 10:00,7.5,0.32
1/26/2019 11:00,11.5,0.49
1/26/2019 12:00,14.0,0.6
1/26/2019 13:00,14.75,0.63
1/26/2019 14:00,14.5,0.62
1/26/2019 15:00,13.25,0.56
1/26/2019 16:00,10.0,0.43
1/26/2019 17:00,4.0,0.17
1/26/2019 18:00,0.25,0.01
1/26/2019 19:00,0.0,0.0
1/26/2019 20:00,0.0,0.0
1/26/2019 21:00,0.0,0.0
1/26/2019 22:00,0.0,0.0
1/26/2019 23:00,0.0,0.0
1/27/2019 0:00,0.0,0.0
1/27/2019 1:00,0.0,0.0
1/27/2019 2:00,0.0,0.0
1/27/2019 3:00,0.0,0.0
1/27/2019 4:00,0.0,0.0
1/27/2019 5:00,0.0,0.0
1/27/2019 6:00,0.0,0.0
1/27/2019 7:00,0.0,0.0
1/27/2019 8:00,0.0,0.0
1/27/2019 9:00,2.0,0.09
1/27/2019 10:00,6.25,0.27
1/27/2019 11:00,12.5,0.53
1/27/2019 12:00,11.25,0.48
1/27/2019 13:00,8.25,0.35
1/27/2019 14:00,14.25,0.61
1/27/2019 15:00,12.5,0.53
1/27/2019 16:00,7.75,0.33
1/27/2019 17:00,3.75,0.16
1/27/2019 18:00,0.25,0.01
1/27/2019 19:00,0.0,0.0
1/27/2019 20:00,0.0,0.0
1/27/2019 21:00,0.0,0.0
1/27/2019 22:00,0.0,0.0
1/27/2019 23:00,0.0,0.0
1/28/2019 0:00,0.0,0.0
1/28/2019 1:00,0.0,0.0
1/28/2019 2:00,0.0,0.0
1/28/2019 3:00,0.0,0.0
1/28/2019 4:00,0.0,0.0
1/28/2019 5:00,0.0,0.0
1/28/2019 6:00,0.0,0.0
1/28/2019 7:00,0.0,0.0
1/28/2019 8:00,0.0,0.0
1/28/2019 9:00,1.0,0.04
1/28/2019 10:00,3.0,0.13
1/28/2019 11:00,3.0,0.13
1/28/2019 12:00,11.0,0.47
1/28/2019 13:00,5.0,0.21
1/28/2019 14:00,8.5,0.36
1/28/2019 15:00,7.0,0.3
1/28/2019 16:00,4.0,0.17
1/28/2019 17:00,2.5,0.11
1/28/2019 18:00,0.5,0.02
1/28/2019 19:00,0.0,0.0
1/28/2019 20:00,0.0,0.0
1/28/2019 21:00,0.0,0.0
1/28/2019 22:00,0.0,0.0
1/28/2019 23:00,0.0,0.0
1/29/2019 0:00,0.0,0.0
1/29/2019 1:00,0.0,0.0
1/29/2019 2:00,0.0,0.0
1/29/2019 3:00,0.0,0.0
1/29/2019 4:00,0.0,0.0
1/29/2019 5:00,0.0,0.0
1/29/2019 6:00,0.0,0.0
1/29/2019 7:00,0.0,0.0
1/29/2019 8:00,0.0,0.0
1/29/2019 9:00,1.75,0.07
1/29/2019 10:00,4.5,0.19
1/29/2019 11:00,8.25,0.35
1/29/2019 12:00,8.75,0.37
1/29/2019 13:00,9.25,0.39
1/29/2019 14:00,5.75,0.24
1/29/2019 15:00,7.0,0.3
1/29/2019 16:00,4.75,0.2
1/29/2019 17:00,1.0,0.04
1/29/2019 18:00,0.5,0.02
1/29/2019 19:00,0.0,0.0
1/29/2019 20:00,0.0,0.0
1/29/2019 21:00,0.0,0.0
1/29/2019 22:00,0.0,0.0
1/29/2019 23:00,0.0,0.0
1/30/2019 0:00,0.0,0.0
1/30/2019 1:00,0.0,0.0
1/30/2019 2:00,0.0,0.0
1/30/2019 3:00,0.0,0.0
1/30/2019 4:00,0.0,0.0
1/30/2019 5:00,0.0,0.0
1/30/2019 6:00,0.0,0.0
1/30/2019 7:00,0.0,0.0
1/30/2019 8:00,0.0,0.0
1/30/2019 9:00,0.75,0.03
1/30/2019 10:00,1.75,0.07
1/30/2019 11:00,1.5,0.06
1/30/2019 12:00,2.5,0.11
1/30/2019 13:00,4.0,0.17
1/30/2019 14:00,4.75,0.2
1/30/2019 15:00,3.25,0.14
1/30/2019 16:00,3.0,0.13
1/30/2019 17:00,2.0,0.09
1/30/2019 18:00,0.5,0.02
1/30/2019 19:00,0.0,0.0
1/30/2019 20:00,0.0,0.0
1/30/2019 21:00,0.0,0.0
1/30/2019 22:00,0.0,0.0
1/30/2019 23:00,0.0,0.0
1/31/2019 0:00,0.0,0.0
1/31/2019 1:00,0.0,0.0
1/31/2019 2:00,0.0,0.0
1/31/2019 3:00,0.0,0.0
1/31/2019 4:00,0.0,0.0
1/31/2019 5:00,0.0,0.0
1/31/2019 6:00,0.0,0.0
1/31/2019 7:00,0.0,0.0
1/31/2019 8:00,0.0,0.0
1/31/2019 9:00,1.0,0.04
1/31/2019 10:00,3.5,0.15
1/31/2019 11:00,5.25,0.22
1/31/2019 12:00,4.25,0.18
1/31/2019 13:00,7.5,0.32
1/31/2019 14:00,5.5,0.23
1/31/2019 15:00,3.25,0.14
1/31/2019 16:00,1.75,0.07
1/31/2019 17:00,0.75,0.03
1/31/2019 18:00,0.25,0.01
1/31/2019 19:00,0.0,0.0
1/31/2019 20:00,0.0,0.0
1/31/2019 21:00,0.0,0.0
1/31/2019 22:00,0.0,0.0
1/31/2019 23:00,0.0,0.0
2/1/2019 0:00,0.0,0.0
2/1/2019 1:00,0.0,0.0
2/1/2019 2:00,0.0,0.0
2/1/2019 3:00,0.0,0.0
2/1/2019 4:00,0.0,0.0
2/1/2019 5:00,0.0,0.0
2/1/2019 6:00,0.0,0.0
2/1/2019 7:00,0.0,0.0
2/1/2019 8:00,0.0,0.0
2/1/2019 9:00,2.25,0.1
2/1/2019 10:00,5.0,0.21
2/1/2019 11:00,10.25,0.44
2/1/2019 12:00,11.75,0.5
2/1/2019 13:00,11.5,0.49
2/1/2019 14:00,10.5,0.45
2/1/2019 15:00,13.75,0.58
2/1/2019 16:00,10.75,0.46
2/1/2019 17:00,1.75,0.07
2/1/2019 18:00,0.5,0.02
2/1/2019 19:00,0.0,0.0
2/1/2019 20:00,0.0,0.0
2/1/2019 21:00,0.0,0.0
2/1/2019 22:00,0.0,0.0
2/1/2019 23:00,0.0,0.0
2/2/2019 0:00,0.0,0.0
2/2/2019 1:00,0.0,0.0
2/2/2019 2:00,0.0,0.0
2/2/2019 3:00,0.0,0.0
2/2/2019 4:00,0.0,0.0
2/2/2019 5:00,0.0,0.0
2/2/2019 6:00,0.0,0.0
2/2/2019 7:00,0.0,0.0
2/2/2019 8:00,0.0,0.0
2/2/2019 9:00,2.5,0.11
2/2/2019 10:00,7.0,0.3
2/2/2019 11:00,9.25,0.39
2/2/2019 12:00,7.75,0.33
2/2/2019 13:00,13.5,0.57
2/2/2019 14:00,12.75,0.54
2/2/2019 15:00,10.0,0.43
2/2/2019 16:00,6.25,0.27
2/2/2019 17:00,4.0,0.17
2/2/2019 18:00,0.75,0.03
2/2/2019 19:00,0.0,0.0
2/2/2019 20:00,0.0,0.0
2/2/2019 21:00,0.0,0.0
2/2/2019 22:00,0.0,0.0
2/2/2019 23:00,0.0,0.0
2/3/2019 0:00,0.0,0.0
2/3/2019 1:00,0.0,0.0
2/3/2019 2:00,0.0,0.0
2/3/2019 3:00,0.0,0.0
2/3/2019 4:00,0.0,0.0
2/3/2019 5:00,0.0,0.0
2/3/2019 6:00,0.0,0.0
2/3/2019 7:00,0.0,0.0
2/3/2019 8:00,0.0,0.0
2/3/2019 9:00,2.75,0.12
2/3/2019 10:00,8.0,0.34
2/3/2019 11:00,12.0,0.51
2/3/2019 12:00,14.75,0.63
2/3/2019 13:00,16.0,0.68
2/3/2019 14:00,15.5,0.66
2/3/2019 15:00,14.25,0.61
2/3/2019 16:00,11.5,0.49
2/3/2019 17:00,5.75,0.24
2/3/2019 18:00,0.5,0.02
2/3/2019 19:00,0.0,0.0
2/3/2019 20:00,0.0,0.0
2/3/2019 21:00,0.0,0.0
2/3/2019 22:00,0.0,0.0
2/3/2019 23:00,0.0,0.0
2/4/2019 0:00,0.0,0.0
2/4/2019 1:00,0.0,0.0
2/4/2019 2:00,0.0,0.0
2/4/2019 3:00,0.0,0.0
2/4/2019 4:00,0.0,0.0
2/4/2019 5:00,0.0,0.0
2/4/2019 6:00,0.0,0.0
2/4/2019 7:00,0.0,0.0
2/4/2019 8:00,0.25,0.01
2/4/2019 9:00,2.75,0.12
2/4/2019 10:00,8.0,0.34
2/4/2019 11:00,12.25,0.52
2/4/2019 12:00,14.25,0.61
2/4/2019 13:00,14.5,0.62
2/4/2019 14:00,12.5,0.53
2/4/2019 15:00,11.5,0.49
2/4/2019 16:00,9.25,0.39
2/4/2019 17:00,3.75,0.16
2/4/2019 18:00,0.5,0.02
2/4/2019 19:00,0.0,0.0
2/4/2019 20:00,0.0,0.0
2/4/2019 21:00,0.0,0.0
2/4/2019 22:00,0.0,0.0
2/4/2019 23:00,0.0,0.0
2/5/2019 0:00,0.0,0.0
2/5/2019 1:00,0.0,0.0
2/5/2019 2:00,0.0,0.0
2/5/2019 3:00,0.0,0.0
2/5/2019 4:00,0.0,0.0
2/5/2019 5:00,0.0,0.0
2/5/2019 6:00,0.0,0.0
2/5/2019 7:00,0.0,0.0
2/5/2019 8:00,0.25,0.01
2/5/2019 9:00,2.75,0.12
2/5/2019 10:00,8.5,0.36
2/5/2019 11:00,12.25,0.52
2/5/2019 12:00,14.75,0.63
2/5/2019 13:00,15.5,0.66
2/5/2019 14:00,15.25,0.65
2/5/2019 15:00,14.0,0.6
2/5/2019 16:00,11.25,0.48
2/5/2019 17:00,6.25,0.27
2/5/2019 18:00,0.75,0.03
2/5/2019 19:00,0.0,0.0
2/5/2019 20:00,0.0,0.0
2/5/2019 21:00,0.0,0.0
2/5/2019 22:00,0.0,0.0
2/5/2019 23:00,0.0,0.0
2/6/2019 0:00,0.0,0.0
2/6/2019 1:00,0.0,0.0
2/6/2019 2:00,0.0,0.0
2/6/2019 3:00,0.0,0.0
2/6/2019 4:00,0.0,0.0
2/6/2019 5:00,0.0,0.0
2/6/2019 6:00,0.0,0.0
2/6/2019 7:00,0.0,0.0
2/6/2019 8:00,0.0,0.0
2/6/2019 9:00,2.0,0.09
2/6/2019 10:00,5.75,0.24
2/6/2019 11:00,10.75,0.46
2/6/2019 12:00,14.25,0.61
2/6/2019 13:00,15.25,0.65
2/6/2019 14:00,14.5,0.62
2/6/2019 15:00,12.75,0.54
2/6/2019 16:00,9.0,0.38
2/6/2019 17:00,5.0,0.21
2/6/2019 18:00,0.75,0.03
2/6/2019 19:00,0.0,0.0
2/6/2019 20:00,0.0,0.0
2/6/2019 21:00,0.0,0.0
2/6/2019 22:00,0.0,0.0
2/6/2019 23:00,0.0,0.0
2/7/2019 0:00,0.0,0.0
2/7/2019 1:00,0.0,0.0
2/7/2019 2:00,0.0,0.0
2/7/2019 3:00,0.0,0.0
2/7/2019 4:00,0.0,0.0
2/7/2019 5:00,0.0,0.0
2/7/2019 6:00,0.0,0.0
2/7/2019 7:00,0.0,0.0
2/7/2019 8:00,0.0,0.0
2/7/2019 9:00,3.0,0.13
2/7/2019 10:00,7.75,0.33
2/7/2019 11:00,8.75,0.37
2/7/2019 12:00,7.25,0.31
2/7/2019 13:00,11.25,0.48
2/7/2019 14:00,13.0,0.55
2/7/2019 15:00,13.75,0.58
2/7/2019 16:00,11.25,0.48
2/7/2019 17:00,6.25,0.27
2/7/2019 18:00,0.75,0.03
2/7/2019 19:00,0.0,0.0
2/7/2019 20:00,0.0,0.0
2/7/2019 21:00,0.0,0.0
2/7/2019 22:00,0.0,0.0
2/7/2019 23:00,0.0,0.0
2/8/2019 0:00,0.0,0.0
2/8/2019 1:00,0.0,0.0
2/8/2019 2:00,0.0,0.0
2/8/2019 3:00,0.0,0.0
2/8/2019 4:00,0.0,0.0
2/8/2019 5:00,0.0,0.0
2/8/2019 6:00,0.0,0.0
2/8/2019 7:00,0.0,0.0
2/8/2019 8:00,0.25,0.01
2/8/2019 9:00,0.5,0.02
2/8/2019 10:00,2.0,0.09
2/8/2019 11:00,4.5,0.19
2/8/2019 12:00,5.5,0.23
2/8/2019 13:00,6.25,0.27
2/8/2019 14:00,12.75,0.54
2/8/2019 15:00,8.0,0.34
2/8/2019 16:00,12.75,0.54
2/8/2019 17:00,5.5,0.23
2/8/2019 18:00,1.0,0.04
2/8/2019 19:00,0.0,0.0
2/8/2019 20:00,0.0,0.0
2/8/2019 21:00,0.0,0.0
2/8/2019 22:00,0.0,0.0
2/8/2019 23:00,0.0,0.0
2/9/2019 0:00,0.0,0.0
2/9/2019 1:00,0.0,0.0
2/9/2019 2:00,0.0,0.0
2/9/2019 3:00,0.0,0.0
2/9/2019 4:00,0.0,0.0
2/9/2019 5:00,0.0,0.0
2/9/2019 6:00,0.0,0.0
2/9/2019 7:00,0.0,0.0
2/9/2019 8:00,0.0,0.0
2/9/2019 9:00,1.25,0.05
2/9/2019 10:00,4.0,0.17
2/9/2019 11:00,9.75,0.41
2/9/2019 12:00,14.0,0.6
2/9/2019 13:00,13.25,0.56
2/9/2019 14:00,11.5,0.49
2/9/2019 15:00,7.25,0.31
2/9/2019 16:00,10.0,0.43
2/9/2019 17:00,6.75,0.29
2/9/2019 18:00,1.0,0.04
2/9/2019 19:00,0.0,0.0
2/9/2019 20:00,0.0,0.0
2/9/2019 21:00,0.0,0.0
2/9/2019 22:00,0.0,0.0
2/9/2019 23:00,0.0,0.0
2/10/2019 0:00,0.0,0.0
2/10/2019 1:00,0.0,0.0
2/10/2019 2:00,0.0,0.0
2/10/2019 3:00,0.0,0.0
2/10/2019 4:00,0.0,0.0
2/10/2019 5:00,0.0,0.0
2/10/2019 6:00,0.0,0.0
2/10/2019 7:00,0.0,0.0
2/10/2019 8:00,0.0,0.0
2/10/2019 9:00,1.0,0.04
2/10/2019 10:00,2.5,0.11
2/10/2019 11:00,7.0,0.3
2/10/2019 12:00,8.5,0.36
2/10/2019 13:00,5.5,0.23
2/10/2019 14:00,2.75,0.12
2/10/2019 15:00,3.25,0.14
2/10/2019 16:00,1.5,0.06
2/10/2019 17:00,0.5,0.02
2/10/2019 18:00,0.25,0.01
2/10/2019 19:00,0.0,0.0
2/10/2019 20:00,0.0,0.0
2/10/2019 21:00,0.0,0.0
2/10/2019 22:00,0.0,0.0
2/10/2019 23:00,0.0,0.0
2/11/2019 0:00,0.0,0.0
2/11/2019 1:00,0.0,0.0
2/11/2019 2:00,0.0,0.0
2/11/2019 3:00,0.0,0.0
2/11/2019 4:00,0.0,0.0
2/11/2019 5:00,0.0,0.0
2/11/2019 6:00,0.0,0.0
2/11/2019 7:00,0.0,0.0
2/11/2019 8:00,0.25,0.01
2/11/2019 9:00,3.25,0.14
2/11/2019 10:00,8.75,0.37
2/11/2019 11:00,13.0,0.55
2/11/2019 12:00,15.0,0.64
2/11/2019 13:00,16.5,0.7
2/11/2019 14:00,16.0,0.68
2/11/2019 15:00,14.75,0.63
2/11/2019 16:00,11.75,0.5
2/11/2019 17:00,7.5,0.32
2/11/2019 18:00,1.0,0.04
2/11/2019 19:00,0.25,0.01
2/11/2019 20:00,0.0,0.0
2/11/2019 21:00,0.0,0.0
2/11/2019 22:00,0.0,0.0
2/11/2019 23:00,0.0,0.0
2/12/2019 0:00,0.0,0.0
2/12/2019 1:00,0.0,0.0
2/12/2019 2:00,0.0,0.0
2/12/2019 3:00,0.0,0.0
2/12/2019 4:00,0.0,0.0
2/12/2019 5:00,0.0,0.0
2/12/2019 6:00,0.0,0.0
2/12/2019 7:00,0.0,0.0
2/12/2019 8:00,0.0,0.0
2/12/2019 9:00,3.5,0.15
2/12/2019 10:00,8.75,0.37
2/12/2019 11:00,12.75,0.54
2/12/2019 12:00,15.0,0.64
2/12/2019 13:00,16.0,0.68
2/12/2019 14:00,15.75,0.67
2/12/2019 15:00,14.0,0.6
2/12/2019 16:00,11.5,0.49
2/12/2019 17:00,7.0,0.3
2/12/2019 18:00,1.25,0.05
2/12/2019 19:00,0.0,0.0
2/12/2019 20:00,0.0,0.0
2/12/2019 21:00,0.0,0.0
2/12/2019 22:00,0.0,0.0
2/12/2019 23:00,0.0,0.0
2/13/2019 0:00,0.0,0.0
2/13/2019 1:00,0.0,0.0
2/13/2019 2:00,0.0,0.0
2/13/2019 3:00,0.0,0.0
2/13/2019 4:00,0.0,0.0
2/13/2019 5:00,0.0,0.0
2/13/2019 6:00,0.0,0.0
2/13/2019 7:00,0.0,0.0
2/13/2019 8:00,0.25,0.01
2/13/2019 9:00,3.0,0.13
2/13/2019 10:00,8.5,0.36
2/13/2019 11:00,12.5,0.53
2/13/2019 12:00,14.75,0.63
2/13/2019 13:00,15.75,0.67
2/13/2019 14:00,15.5,0.66
2/13/2019 15:00,14.0,0.6
2/13/2019 16:00,11.25,0.48
2/13/2019 17:00,7.0,0.3
2/13/2019 18:00,1.25,0.05
2/13/2019 19:00,0.25,0.01
2/13/2019 20:00,0.0,0.0
2/13/2019 21:00,0.0,0.0
2/13/2019 22:00,0.0,0.0
2/13/2019 23:00,0.0,0.0
2/14/2019 0:00,0.0,0.0
2/14/2019 1:00,0.0,0.0
2/14/2019 2:00,0.0,0.0
2/14/2019 3:00,0.0,0.0
2/14/2019 4:00,0.0,0.0
2/14/2019 5:00,0.0,0.0
2/14/2019 6:00,0.0,0.0
2/14/2019 7:00,0.0,0.0
2/14/2019 8:00,0.0,0.0
2/14/2019 9:00,3.5,0.15
2/14/2019 10:00,8.5,0.36
2/14/2019 11:00,13.0,0.55
2/14/2019 12:00,15.25,0.65
2/14/2019 13:00,16.5,0.7
2/14/2019 14:00,16.0,0.68
2/14/2019 15:00,14.75,0.63
2/14/2019 16:00,11.75,0.5
2/14/2019 17:00,7.25,0.31
2/14/2019 18:00,1.5,0.06
2/14/2019 19:00,0.0,0.0
2/14/2019 20:00,0.0,0.0
2/14/2019 21:00,0.0,0.0
2/14/2019 22:00,0.0,0.0
2/14/2019 23:00,0.0,0.0
2/15/2019 0:00,0.0,0.0
2/15/2019 1:00,0.0,0.0
2/15/2019 2:00,0.0,0.0
2/15/2019 3:00,0.0,0.0
2/15/2019 4:00,0.0,0.0
2/15/2019 5:00,0.0,0.0
2/15/2019 6:00,0.0,0.0
2/15/2019 7:00,0.0,0.0
2/15/2019 8:00,0.25,0.01
2/15/2019 9:00,1.5,0.06
2/15/2019 10:00,5.75,0.24
2/15/2019 11:00,7.5,0.32
2/15/2019 12:00,7.75,0.33
2/15/2019 13:00,9.75,0.41
2/15/2019 14:00,10.25,0.44
2/15/2019 15:00,8.5,0.36
2/15/2019 16:00,5.5,0.23
2/15/2019 17:00,3.25,0.14
2/15/2019 18:00,1.0,0.04
2/15/2019 19:00,0.0,0.0
2/15/2019 20:00,0.0,0.0
2/15/2019 21:00,0.0,0.0
2/15/2019 22:00,0.0,0.0
2/15/2019 23:00,0.0,0.0
2/16/2019 0:00,0.0,0.0
2/16/2019 1:00,0.0,0.0
2/16/2019 2:00,0.0,0.0
2/16/2019 3:00,0.0,0.0
2/16/2019 4:00,0.0,0.0
2/16/2019 5:00,0.0,0.0
2/16/2019 6:00,0.0,0.0
2/16/2019 7:00,0.0,0.0
2/16/2019 8:00,0.25,0.01
2/16/2019 9:00,3.0,0.13
2/16/2019 10:00,9.5,0.4
2/16/2019 11:00,12.75,0.54
2/16/2019 12:00,15.0,0.64
2/16/2019 13:00,15.75,0.67
2/16/2019 14:00,15.5,0.66
2/16/2019 15:00,14.25,0.61
2/16/2019 16:00,11.25,0.48
2/16/2019 17:00,7.0,0.3
2/16/2019 18:00,1.75,0.07
2/16/2019 19:00,0.0,0.0
2/16/2019 20:00,0.0,0.0
2/16/2019 21:00,0.0,0.0
2/16/2019 22:00,0.0,0.0
2/16/2019 23:00,0.0,0.0
2/17/2019 0:00,0.0,0.0
2/17/2019 1:00,0.0,0.0
2/17/2019 2:00,0.0,0.0
2/17/2019 3:00,0.0,0.0
2/17/2019 4:00,0.0,0.0
2/17/2019 5:00,0.0,0.0
2/17/2019 6:00,0.0,0.0
2/17/2019 7:00,0.0,0.0
2/17/2019 8:00,0.0,0.0
2/17/2019 9:00,1.25,0.05
2/17/2019 10:00,3.5,0.15
2/17/2019 11:00,7.5,0.32
2/17/2019 12:00,13.0,0.55
2/17/2019 13:00,15.25,0.65
2/17/2019 14:00,12.5,0.53
2/17/2019 15:00,8.5,0.36
2/17/2019 16:00,2.75,0.12
2/17/2019 17:00,2.75,0.12
2/17/2019 18:00,0.25,0.01
2/17/2019 19:00,0.0,0.0
2/17/2019 20:00,0.0,0.0
2/17/2019 21:00,0.0,0.0
2/17/2019 22:00,0.0,0.0
2/17/2019 23:00,0.0,0.0
2/18/2019 0:00,0.0,0.0
2/18/2019 1:00,0.0,0.0
2/18/2019 2:00,0.0,0.0
2/18/2019 3:00,0.0,0.0
2/18/2019 4:00,0.0,0.0
2/18/2019 5:00,0.0,0.0
2/18/2019 6:00,0.0,0.0
2/18/2019 7:00,0.0,0.0
2/18/2019 8:00,0.25,0.01
2/18/2019 9:00,1.5,0.06
2/18/2019 10:00,3.5,0.15
2/18/2019 11:00,2.75,0.12
2/18/2019 12:00,4.75,0.2
2/18/2019 13:00,1.75,0.07
2/18/2019 14:00,2.5,0.11
2/18/2019 15:00,2.25,0.1
2/18/2019 16:00,2.0,0.09
2/18/2019 17:00,1.25,0.05
2/18/2019 18:00,0.25,0.01
2/18/2019 19:00,0.0,0.0
2/18/2019 20:00,0.0,0.0
2/18/2019 21:00,0.0,0.0
2/18/2019 22:00,0.0,0.0
2/18/2019 23:00,0.0,0.0
2/19/2019 0:00,0.0,0.0
2/19/2019 1:00,0.0,0.0
2/19/2019 2:00,0.0,0.0
2/19/2019 3:00,0.0,0.0
2/19/2019 4:00,0.0,0.0
2/19/2019 5:00,0.0,0.0
2/19/2019 6:00,0.0,0.0
2/19/2019 7:00,0.0,0.0
2/19/2019 8:00,0.25,0.01
2/19/2019 9:00,4.0,0.17
2/19/2019 10:00,8.5,0.36
2/19/2019 11:00,12.25,0.52
2/19/2019 12:00,14.75,0.63
2/19/2019 13:00,16.0,0.68
2/19/2019 14:00,16.0,0.68
2/19/2019 15:00,14.25,0.61
2/19/2019 16:00,11.0,0.47
2/19/2019 17:00,7.25,0.31
2/19/2019 18:00,1.75,0.07
2/19/2019 19:00,0.0,0.0
2/19/2019 20:00,0.0,0.0
2/19/2019 21:00,0.0,0.0
2/19/2019 22:00,0.0,0.0
2/19/2019 23:00,0.0,0.0
2/20/2019 0:00,0.0,0.0
2/20/2019 1:00,0.0,0.0
2/20/2019 2:00,0.0,0.0
2/20/2019 3:00,0.0,0.0
2/20/2019 4:00,0.0,0.0
2/20/2019 5:00,0.0,0.0
2/20/2019 6:00,0.0,0.0
2/20/2019 7:00,0.0,0.0
2/20/2019 8:00,0.5,0.02
2/20/2019 9:00,3.0,0.13
2/20/2019 10:00,7.5,0.32
2/20/2019 11:00,9.25,0.39
2/20/2019 12:00,13.25,0.56
2/20/2019 13:00,13.25,0.56
2/20/2019 14:00,14.75,0.63
2/20/2019 15:00,13.75,0.58
2/20/2019 16:00,10.25,0.44
2/20/2019 17:00,7.25,0.31
2/20/2019 18:00,2.0,0.09
2/20/2019 19:00,0.0,0.0
2/20/2019 20:00,0.0,0.0
2/20/2019 21:00,0.0,0.0
2/20/2019 22:00,0.0,0.0
2/20/2019 23:00,0.0,0.0
2/21/2019 0:00,0.0,0.0
2/21/2019 1:00,0.0,0.0
2/21/2019 2:00,0.0,0.0
2/21/2019 3:00,0.0,0.0
2/21/2019 4:00,0.0,0.0
2/21/2019 5:00,0.0,0.0
2/21/2019 6:00,0.0,0.0
2/21/2019 7:00,0.0,0.0
2/21/2019 8:00,0.5,0.02
2/21/2019 9:00,3.25,0.14
2/21/2019 10:00,5.25,0.22
2/21/2019 11:00,9.0,0.38
2/21/2019 12:00,14.5,0.62
2/21/2019 13:00,16.0,0.68
2/21/2019 14:00,15.75,0.67
2/21/2019 15:00,13.5,0.57
2/21/2019 16:00,9.25,0.39
2/21/2019 17:00,4.5,0.19
2/21/2019 18:00,1.5,0.06
2/21/2019 19:00,0.0,0.0
2/21/2019 20:00,0.0,0.0
2/21/2019 21:00,0.0,0.0
2/21/2019 22:00,0.0,0.0
2/21/2019 23:00,0.0,0.0
2/22/2019 0:00,0.0,0.0
2/22/2019 1:00,0.0,0.0
2/22/2019 2:00,0.0,0.0
2/22/2019 3:00,0.0,0.0
2/22/2019 4:00,0.0,0.0
2/22/2019 5:00,0.0,0.0
2/22/2019 6:00,0.0,0.0
2/22/2019 7:00,0.0,0.0
2/22/2019 8:00,0.25,0.01
2/22/2019 9:00,3.25,0.14
2/22/2019 10:00,8.5,0.36
2/22/2019 11:00,11.75,0.5
2/22/2019 12:00,14.5,0.62
2/22/2019 13:00,16.0,0.68
2/22/2019 14:00,15.5,0.66
2/22/2019 15:00,14.25,0.61
2/22/2019 16:00,9.0,0.38
2/22/2019 17:00,4.0,0.17
2/22/2019 18:00,2.25,0.1
2/22/2019 19:00,0.0,0.0
2/22/2019 20:00,0.0,0.0
2/22/2019 21:00,0.0,0.0
2/22/2019 22:00,0.0,0.0
2/22/2019 23:00,0.0,0.0
2/23/2019 0:00,0.0,0.0
2/23/2019 1:00,0.0,0.0
2/23/2019 2:00,0.0,0.0
2/23/2019 3:00,0.0,0.0
2/23/2019 4:00,0.0,0.0
2/23/2019 5:00,0.0,0.0
2/23/2019 6:00,0.0,0.0
2/23/2019 7:00,0.0,0.0
2/23/2019 8:00,0.5,0.02
2/23/2019 9:00,2.5,0.11
2/23/2019 10:00,4.75,0.2
2/23/2019 11:00,9.5,0.4
2/23/2019 12:00,14.5,0.62
2/23/2019 13:00,14.0,0.6
2/23/2019 14:00,15.5,0.66
2/23/2019 15:00,14.0,0.6
2/23/2019 16:00,11.25,0.48
2/23/2019 17:00,7.25,0.31
2/23/2019 18:00,2.0,0.09
2/23/2019 19:00,0.25,0.01
2/23/2019 20:00,0.0,0.0
2/23/2019 21:00,0.0,0.0
2/23/2019 22:00,0.0,0.0
2/23/2019 23:00,0.0,0.0
2/24/2019 0:00,0.0,0.0
2/24/2019 1:00,0.0,0.0
2/24/2019 2:00,0.0,0.0
2/24/2019 3:00,0.0,0.0
2/24/2019 4:00,0.0,0.0
2/24/2019 5:00,0.0,0.0
2/24/2019 6:00,0.0,0.0
2/24/2019 7:00,0.0,0.0
2/24/2019 8:00,0.25,0.01
2/24/2019 9:00,4.25,0.18
2/24/2019 10:00,8.75,0.37
2/24/2019 11:00,12.75,0.54
2/24/2019 12:00,15.25,0.65
2/24/2019 13:00,16.25,0.69
2/24/2019 14:00,15.5,0.66
2/24/2019 15:00,12.5,0.53
2/24/2019 16:00,12.75,0.54
2/24/2019 17:00,7.5,0.32
2/24/2019 18:00,3.0,0.13
2/24/2019 19:00,0.0,0.0
2/24/2019 20:00,0.0,0.0
2/24/2019 21:00,0.0,0.0
2/24/2019 22:00,0.0,0.0
2/24/2019 23:00,0.0,0.0
2/25/2019 0:00,0.0,0.0
2/25/2019 1:00,0.0,0.0
2/25/2019 2:00,0.0,0.0
2/25/2019 3:00,0.0,0.0
2/25/2019 4:00,0.0,0.0
2/25/2019 5:00,0.0,0.0
2/25/2019 6:00,0.0,0.0
2/25/2019 7:00,0.0,0.0
2/25/2019 8:00,0.5,0.02
2/25/2019 9:00,4.25,0.18
2/25/2019 10:00,9.25,0.39
2/25/2019 11:00,13.25,0.56
2/25/2019 12:00,15.5,0.66
2/25/2019 13:00,16.5,0.7
2/25/2019 14:00,16.25,0.69
2/25/2019 15:00,14.75,0.63
2/25/2019 16:00,12.0,0.51
2/25/2019 17:00,6.5,0.28
2/25/2019 18:00,1.5,0.06
2/25/2019 19:00,0.25,0.01
2/25/2019 20:00,0.0,0.0
2/25/2019 21:00,0.0,0.0
2/25/2019 22:00,0.0,0.0
2/25/2019 23:00,0.0,0.0
2/26/2019 0:00,0.0,0.0
2/26/2019 1:00,0.0,0.0
2/26/2019 2:00,0.0,0.0
2/26/2019 3:00,0.0,0.0
2/26/2019 4:00,0.0,0.0
2/26/2019 5:00,0.0,0.0
2/26/2019 6:00,0.0,0.0
2/26/2019 7:00,0.0,0.0
2/26/2019 8:00,0.25,0.01
2/26/2019 9:00,2.0,0.09
2/26/2019 10:00,8.25,0.35
2/26/2019 11:00,13.25,0.56
2/26/2019 12:00,15.75,0.67
2/26/2019 13:00,16.25,0.69
2/26/2019 14:00,12.5,0.53
2/26/2019 15:00,11.25,0.48
2/26/2019 16:00,7.5,0.32
2/26/2019 17:00,2.75,0.12
2/26/2019 18:00,1.75,0.07
2/26/2019 19:00,0.0,0.0
2/26/2019 20:00,0.0,0.0
2/26/2019 21:00,0.0,0.0
2/26/2019 22:00,0.0,0.0
2/26/2019 23:00,0.0,0.0
2/27/2019 0:00,0.0,0.0
2/27/2019 1:00,0.0,0.0
2/27/2019 2:00,0.0,0.0
2/27/2019 3:00,0.0,0.0
2/27/2019 4:00,0.0,0.0
2/27/2019 5:00,0.0,0.0
2/27/2019 6:00,0.0,0.0
2/27/2019 7:00,0.0,0.0
2/27/2019 8:00,0.5,0.02
2/27/2019 9:00,3.0,0.13
2/27/2019 10:00,5.25,0.22
2/27/2019 11:00,7.5,0.32
2/27/2019 12:00,10.75,0.46
2/27/2019 13:00,11.25,0.48
2/27/2019 14:00,6.5,0.28
2/27/2019 15:00,2.5,0.11
2/27/2019 16:00,4.0,0.17
2/27/2019 17:00,1.25,0.05
2/27/2019 18:00,2.0,0.09
2/27/2019 19:00,0.0,0.0
2/27/2019 20:00,0.0,0.0
2/27/2019 21:00,0.0,0.0
2/27/2019 22:00,0.0,0.0
2/27/2019 23:00,0.0,0.0
2/28/2019 0:00,0.0,0.0
2/28/2019 1:00,0.0,0.0
2/28/2019 2:00,0.0,0.0
2/28/2019 3:00,0.0,0.0
2/28/2019 4:00,0.0,0.0
2/28/2019 5:00,0.0,0.0
2/28/2019 6:00,0.0,0.0
2/28/2019 7:00,0.0,0.0
2/28/2019 8:00,0.5,0.02
2/28/2019 9:00,3.0,0.13
2/28/2019 10:00,7.25,0.31
2/28/2019 11:00,12.75,0.54
2/28/2019 12:00,12.75,0.54
2/28/2019 13:00,14.25,0.61
2/28/2019 14:00,14.0,0.6
2/28/2019 15:00,10.75,0.46
2/28/2019 16:00,6.25,0.27
2/28/2019 17:00,4.75,0.2
2/28/2019 18:00,1.75,0.07
2/28/2019 19:00,0.0,0.0
2/28/2019 20:00,0.0,0.0
2/28/2019 21:00,0.0,0.0
2/28/2019 22:00,0.0,0.0
2/28/2019 23:00,0.0,0.0
3/1/2019 0:00,0.0,0.0
3/1/2019 1:00,0.0,0.0
3/1/2019 2:00,0.0,0.0
3/1/2019 3:00,0.0,0.0
3/1/2019 4:00,0.0,0.0
3/1/2019 5:00,0.0,0.0
3/1/2019 6:00,0.0,0.0
3/1/2019 7:00,0.0,0.0
3/1/2019 8:00,0.5,0.02
3/1/2019 9:00,2.75,0.12
3/1/2019 10:00,8.25,0.35
3/1/2019 11:00,13.0,0.55
3/1/2019 12:00,13.0,0.55
3/1/2019 13:00,17.5,0.74
3/1/2019 14:00,14.75,0.63
3/1/2019 15:00,7.25,0.31
3/1/2019 16:00,9.25,0.39
3/1/2019 17:00,9.25,0.39
3/1/2019 18:00,1.75,0.07
3/1/2019 19:00,0.0,0.0
3/1/2019 20:00,0.0,0.0
3/1/2019 21:00,0.0,0.0
3/1/2019 22:00,0.0,0.0
3/1/2019 23:00,0.0,0.0
3/2/2019 0:00,0.0,0.0
3/2/2019 1:00,0.0,0.0
3/2/2019 2:00,0.0,0.0
3/2/2019 3:00,0.0,0.0
3/2/2019 4:00,0.0,0.0
3/2/2019 5:00,0.0,0.0
3/2/2019 6:00,0.0,0.0
3/2/2019 7:00,0.0,0.0
3/2/2019 8:00,0.25,0.01
3/2/2019 9:00,1.5,0.06
3/2/2019 10:00,7.0,0.3
3/2/2019 11:00,14.0,0.6
3/2/2019 12:00,15.75,0.67
3/2/2019 13:00,17.0,0.72
3/2/2019 14:00,16.5,0.7
3/2/2019 15:00,14.5,0.62
3/2/2019 16:00,12.5,0.53
3/2/2019 17:00,8.75,0.37
3/2/2019 18:00,3.25,0.14
3/2/2019 19:00,0.0,0.0
3/2/2019 20:00,0.0,0.0
3/2/2019 21:00,0.0,0.0
3/2/2019 22:00,0.0,0.0
3/2/2019 23:00,0.0,0.0
3/3/2019 0:00,0.0,0.0
3/3/2019 1:00,0.0,0.0
3/3/2019 2:00,0.0,0.0
3/3/2019 3:00,0.0,0.0
3/3/2019 4:00,0.0,0.0
3/3/2019 5:00,0.0,0.0
3/3/2019 6:00,0.0,0.0
3/3/2019 7:00,0.0,0.0
3/3/2019 8:00,0.5,0.02
3/3/2019 9:00,2.25,0.1
3/3/2019 10:00,5.0,0.21
3/3/2019 11:00,10.75,0.46
3/3/2019 12:00,13.5,0.57
3/3/2019 13:00,16.0,0.68
3/3/2019 14:00,13.25,0.56
3/3/2019 15:00,11.75,0.5
3/3/2019 16:00,11.0,0.47
3/3/2019 17:00,9.25,0.39
3/3/2019 18:00,2.75,0.12
3/3/2019 19:00,0.0,0.0
3/3/2019 20:00,0.0,0.0
3/3/2019 21:00,0.0,0.0
3/3/2019 22:00,0.0,0.0
3/3/2019 23:00,0.0,0.0
3/4/2019 0:00,0.0,0.0
3/4/2019 1:00,0.0,0.0
3/4/2019 2:00,0.0,0.0
3/4/2019 3:00,0.0,0.0
3/4/2019 4:00,0.0,0.0
3/4/2019 5:00,0.0,0.0
3/4/2019 6:00,0.0,0.0
3/4/2019 7:00,0.0,0.0
3/4/2019 8:00,0.5,0.02
3/4/2019 9:00,4.75,0.2
3/4/2019 10:00,9.25,0.39
3/4/2019 11:00,11.25,0.48
3/4/2019 12:00,9.5,0.4
3/4/2019 13:00,12.0,0.51
3/4/2019 14:00,7.25,0.31
3/4/2019 15:00,8.5,0.36
3/4/2019 16:00,8.25,0.35
3/4/2019 17:00,3.5,0.15
3/4/2019 18:00,1.0,0.04
3/4/2019 19:00,0.25,0.01
3/4/2019 20:00,0.0,0.0
3/4/2019 21:00,0.0,0.0
3/4/2019 22:00,0.0,0.0
3/4/2019 23:00,0.0,0.0
3/5/2019 0:00,0.0,0.0
3/5/2019 1:00,0.0,0.0
3/5/2019 2:00,0.0,0.0
3/5/2019 3:00,0.0,0.0
3/5/2019 4:00,0.0,0.0
3/5/2019 5:00,0.0,0.0
3/5/2019 6:00,0.0,0.0
3/5/2019 7:00,0.0,0.0
3/5/2019 8:00,0.25,0.01
3/5/2019 9:00,1.25,0.05
3/5/2019 10:00,1.75,0.07
3/5/2019 11:00,2.75,0.12
3/5/2019 12:00,3.5,0.15
3/5/2019 13:00,3.25,0.14
3/5/2019 14:00,5.0,0.21
3/5/2019 15:00,6.75,0.29
3/5/2019 16:00,4.25,0.18
3/5/2019 17:00,1.25,0.05
3/5/2019 18:00,0.75,0.03
3/5/2019 19:00,0.25,0.01
3/5/2019 20:00,0.0,0.0
3/5/2019 21:00,0.0,0.0
3/5/2019 22:00,0.0,0.0
3/5/2019 23:00,0.0,0.0
3/6/2019 0:00,0.0,0.0
3/6/2019 1:00,0.0,0.0
3/6/2019 2:00,0.0,0.0
3/6/2019 3:00,0.0,0.0
3/6/2019 4:00,0.0,0.0
3/6/2019 5:00,0.0,0.0
3/6/2019 6:00,0.0,0.0
3/6/2019 7:00,0.0,0.0
3/6/2019 8:00,0.0,0.0
3/6/2019 9:00,1.25,0.05
3/6/2019 10:00,5.75,0.24
3/6/2019 11:00,10.75,0.46
3/6/2019 12:00,15.5,0.66
3/6/2019 13:00,13.5,0.57
3/6/2019 14:00,10.0,0.43
3/6/2019 15:00,9.25,0.39
3/6/2019 16:00,7.5,0.32
3/6/2019 17:00,4.25,0.18
3/6/2019 18:00,1.75,0.07
3/6/2019 19:00,0.0,0.0
3/6/2019 20:00,0.0,0.0
3/6/2019 21:00,0.0,0.0
3/6/2019 22:00,0.0,0.0
3/6/2019 23:00,0.0,0.0
3/7/2019 0:00,0.0,0.0
3/7/2019 1:00,0.0,0.0
3/7/2019 2:00,0.0,0.0
3/7/2019 3:00,0.0,0.0
3/7/2019 4:00,0.0,0.0
3/7/2019 5:00,0.0,0.0
3/7/2019 6:00,0.0,0.0
3/7/2019 7:00,0.0,0.0
3/7/2019 8:00,0.75,0.03
3/7/2019 9:00,5.5,0.23
3/7/2019 10:00,8.25,0.35
3/7/2019 11:00,8.25,0.35
3/7/2019 12:00,9.25,0.39
3/7/2019 13:00,11.0,0.47
3/7/2019 14:00,5.75,0.24
3/7/2019 15:00,2.0,0.09
3/7/2019 16:00,2.25,0.1
3/7/2019 17:00,2.25,0.1
3/7/2019 18:00,2.25,0.1
3/7/2019 19:00,0.0,0.0
3/7/2019 20:00,0.0,0.0
3/7/2019 21:00,0.0,0.0
3/7/2019 22:00,0.0,0.0
3/7/2019 23:00,0.0,0.0
3/8/2019 0:00,0.0,0.0
3/8/2019 1:00,0.0,0.0
3/8/2019 2:00,0.0,0.0
3/8/2019 3:00,0.0,0.0
3/8/2019 4:00,0.0,0.0
3/8/2019 5:00,0.0,0.0
3/8/2019 6:00,0.0,0.0
3/8/2019 7:00,0.0,0.0
3/8/2019 8:00,1.25,0.05
3/8/2019 9:00,5.75,0.24
3/8/2019 10:00,10.25,0.44
3/8/2019 11:00,13.0,0.55
3/8/2019 12:00,16.25,0.69
3/8/2019 13:00,17.25,0.73
3/8/2019 14:00,17.5,0.74
3/8/2019 15:00,15.75,0.67
3/8/2019 16:00,13.0,0.55
3/8/2019 17:00,8.0,0.34
3/8/2019 18:00,3.5,0.15
3/8/2019 19:00,0.25,0.01
3/8/2019 20:00,0.0,0.0
3/8/2019 21:00,0.0,0.0
3/8/2019 22:00,0.0,0.0
3/8/2019 23:00,0.0,0.0
3/9/2019 0:00,0.0,0.0
3/9/2019 1:00,0.0,0.0
3/9/2019 2:00,0.0,0.0
3/9/2019 3:00,0.0,0.0
3/9/2019 4:00,0.0,0.0
3/9/2019 5:00,0.0,0.0
3/9/2019 6:00,0.0,0.0
3/9/2019 7:00,0.0,0.0
3/9/2019 8:00,1.25,0.05
3/9/2019 9:00,5.75,0.24
3/9/2019 10:00,10.75,0.46
3/9/2019 11:00,14.25,0.61
3/9/2019 12:00,16.5,0.7
3/9/2019 13:00,17.5,0.74
3/9/2019 14:00,17.0,0.72
3/9/2019 15:00,15.75,0.67
3/9/2019 16:00,12.75,0.54
3/9/2019 17:00,9.25,0.39
3/9/2019 18:00,3.5,0.15
3/9/2019 19:00,0.25,0.01
3/9/2019 20:00,0.0,0.0
3/9/2019 21:00,0.0,0.0
3/9/2019 22:00,0.0,0.0
3/9/2019 23:00,0.0,0.0
3/10/2019 0:00,0.0,0.0
3/10/2019 1:00,0.0,0.0
3/10/2019 2:00,0.0,0.0
3/10/2019 3:00,0.0,0.0
3/10/2019 4:00,0.0,0.0
3/10/2019 5:00,0.0,0.0
3/10/2019 6:00,0.0,0.0
3/10/2019 7:00,0.0,0.0
3/10/2019 8:00,1.0,0.04
3/10/2019 9:00,6.0,0.26
3/10/2019 10:00,8.25,0.35
3/10/2019 11:00,13.0,0.55
3/10/2019 12:00,16.25,0.69
3/10/2019 13:00,17.5,0.74
3/10/2019 14:00,17.25,0.73
3/10/2019 15:00,16.0,0.68
3/10/2019 16:00,13.25,0.56
3/10/2019 17:00,9.25,0.39
3/10/2019 18:00,4.0,0.17
3/10/2019 19:00,0.0,0.0
3/10/2019 20:00,0.0,0.0
3/10/2019 21:00,0.0,0.0
3/10/2019 22:00,0.0,0.0
3/10/2019 23:00,0.0,0.0
3/11/2019 0:00,0.0,0.0
3/11/2019 1:00,0.0,0.0
3/11/2019 2:00,0.0,0.0
3/11/2019 3:00,0.0,0.0
3/11/2019 4:00,0.0,0.0
3/11/2019 5:00,0.0,0.0
3/11/2019 6:00,0.0,0.0
3/11/2019 7:00,0.0,0.0
3/11/2019 8:00,1.25,0.05
3/11/2019 9:00,6.0,0.26
3/11/2019 10:00,11.0,0.47
3/11/2019 11:00,14.25,0.61
3/11/2019 12:00,16.25,0.69
3/11/2019 13:00,17.25,0.73
3/11/2019 14:00,17.0,0.72
3/11/2019 15:00,16.0,0.68
3/11/2019 16:00,13.25,0.56
3/11/2019 17:00,9.5,0.4
3/11/2019 18:00,4.0,0.17
3/11/2019 19:00,0.25,0.01
3/11/2019 20:00,0.0,0.0
3/11/2019 21:00,0.0,0.0
3/11/2019 22:00,0.0,0.0
3/11/2019 23:00,0.0,0.0
3/12/2019 0:00,0.0,0.0
3/12/2019 1:00,0.0,0.0
3/12/2019 2:00,0.0,0.0
3/12/2019 3:00,0.0,0.0
3/12/2019 4:00,0.0,0.0
3/12/2019 5:00,0.0,0.0
3/12/2019 6:00,0.0,0.0
3/12/2019 7:00,0.0,0.0
3/12/2019 8:00,1.25,0.05
3/12/2019 9:00,6.5,0.28
3/12/2019 10:00,11.25,0.48
3/12/2019 11:00,14.75,0.63
3/12/2019 12:00,16.75,0.71
3/12/2019 13:00,17.75,0.75
3/12/2019 14:00,17.75,0.75
3/12/2019 15:00,16.0,0.68
3/12/2019 16:00,13.5,0.57
3/12/2019 17:00,9.0,0.38
3/12/2019 18:00,2.25,0.1
3/12/2019 19:00,0.0,0.0
3/12/2019 20:00,0.0,0.0
3/12/2019 21:00,0.0,0.0
3/12/2019 22:00,0.0,0.0
3/12/2019 23:00,0.0,0.0
3/13/2019 0:00,0.0,0.0
3/13/2019 1:00,0.0,0.0
3/13/2019 2:00,0.0,0.0
3/13/2019 3:00,0.0,0.0
3/13/2019 4:00,0.0,0.0
3/13/2019 5:00,0.0,0.0
3/13/2019 6:00,0.0,0.0
3/13/2019 7:00,0.0,0.0
3/13/2019 8:00,1.5,0.06
3/13/2019 9:00,6.5,0.28
3/13/2019 10:00,11.5,0.49
3/13/2019 11:00,15.5,0.66
3/13/2019 12:00,17.25,0.73
3/13/2019 13:00,18.5,0.79
3/13/2019 14:00,18.5,0.79
3/13/2019 15:00,16.75,0.71
3/13/2019 16:00,14.25,0.61
3/13/2019 17:00,9.75,0.41
3/13/2019 18:00,4.25,0.18
3/13/2019 19:00,0.25,0.01
3/13/2019 20:00,0.0,0.0
3/13/2019 21:00,0.0,0.0
3/13/2019 22:00,0.0,0.0
3/13/2019 23:00,0.0,0.0
3/14/2019 0:00,0.0,0.0
3/14/2019 1:00,0.0,0.0
3/14/2019 2:00,0.0,0.0
3/14/2019 3:00,0.0,0.0
3/14/2019 4:00,0.0,0.0
3/14/2019 5:00,0.0,0.0
3/14/2019 6:00,0.0,0.0
3/14/2019 7:00,0.0,0.0
3/14/2019 8:00,1.5,0.06
3/14/2019 9:00,6.5,0.28
3/14/2019 10:00,11.25,0.48
3/14/2019 11:00,15.25,0.65
3/14/2019 12:00,17.25,0.73
3/14/2019 13:00,18.0,0.77
3/14/2019 14:00,18.0,0.77
3/14/2019 15:00,16.5,0.7
3/14/2019 16:00,13.75,0.58
3/14/2019 17:00,9.75,0.41
3/14/2019 18:00,4.5,0.19
3/14/2019 19:00,0.0,0.0
3/14/2019 20:00,0.0,0.0
3/14/2019 21:00,0.0,0.0
3/14/2019 22:00,0.0,0.0
3/14/2019 23:00,0.0,0.0
3/15/2019 0:00,0.0,0.0
3/15/2019 1:00,0.0,0.0
3/15/2019 2:00,0.0,0.0
3/15/2019 3:00,0.0,0.0
3/15/2019 4:00,0.0,0.0
3/15/2019 5:00,0.0,0.0
3/15/2019 6:00,0.0,0.0
3/15/2019 7:00,0.25,0.01
3/15/2019 8:00,1.5,0.06
3/15/2019 9:00,6.75,0.29
3/15/2019 10:00,11.5,0.49
3/15/2019 11:00,15.25,0.65
3/15/2019 12:00,17.0,0.72
3/15/2019 13:00,18.0,0.77
3/15/2019 14:00,17.75,0.75
3/15/2019 15:00,16.25,0.69
3/15/2019 16:00,13.75,0.58
3/15/2019 17:00,9.75,0.41
3/15/2019 18:00,4.5,0.19
3/15/2019 19:00,0.25,0.01
3/15/2019 20:00,0.0,0.0
3/15/2019 21:00,0.0,0.0
3/15/2019 22:00,0.0,0.0
3/15/2019 23:00,0.0,0.0
3/16/2019 0:00,0.0,0.0
3/16/2019 1:00,0.0,0.0
3/16/2019 2:00,0.0,0.0
3/16/2019 3:00,0.0,0.0
3/16/2019 4:00,0.0,0.0
3/16/2019 5:00,0.0,0.0
3/16/2019 6:00,0.0,0.0
3/16/2019 7:00,0.0,0.0
3/16/2019 8:00,1.75,0.07
3/16/2019 9:00,6.25,0.27
3/16/2019 10:00,11.25,0.48
3/16/2019 11:00,14.75,0.63
3/16/2019 12:00,16.25,0.69
3/16/2019 13:00,17.25,0.73
3/16/2019 14:00,16.5,0.7
3/16/2019 15:00,15.5,0.66
3/16/2019 16:00,13.5,0.57
3/16/2019 17:00,9.75,0.41
3/16/2019 18:00,4.25,0.18
3/16/2019 19:00,0.25,0.01
3/16/2019 20:00,0.0,0.0
3/16/2019 21:00,0.0,0.0
3/16/2019 22:00,0.0,0.0
3/16/2019 23:00,0.0,0.0
3/17/2019 0:00,0.0,0.0
3/17/2019 1:00,0.0,0.0
3/17/2019 2:00,0.0,0.0
3/17/2019 3:00,0.0,0.0
3/17/2019 4:00,0.0,0.0
3/17/2019 5:00,0.0,0.0
3/17/2019 6:00,0.0,0.0
3/17/2019 7:00,0.25,0.01
3/17/2019 8:00,1.75,0.07
3/17/2019 9:00,5.0,0.21
3/17/2019 10:00,10.25,0.44
3/17/2019 11:00,7.75,0.33
3/17/2019 12:00,8.75,0.37
3/17/2019 13:00,7.25,0.31
3/17/2019 14:00,6.75,0.29
3/17/2019 15:00,9.0,0.38
3/17/2019 16:00,9.5,0.4
3/17/2019 17:00,4.25,0.18
3/17/2019 18:00,3.0,0.13
3/17/2019 19:00,0.0,0.0
3/17/2019 20:00,0.0,0.0
3/17/2019 21:00,0.0,0.0
3/17/2019 22:00,0.0,0.0
3/17/2019 23:00,0.0,0.0
3/18/2019 0:00,0.0,0.0
3/18/2019 1:00,0.0,0.0
3/18/2019 2:00,0.0,0.0
3/18/2019 3:00,0.0,0.0
3/18/2019 4:00,0.0,0.0
3/18/2019 5:00,0.0,0.0
3/18/2019 6:00,0.0,0.0
3/18/2019 7:00,0.25,0.01
3/18/2019 8:00,1.75,0.07
3/18/2019 9:00,6.75,0.29
3/18/2019 10:00,11.5,0.49
3/18/2019 11:00,15.25,0.65
3/18/2019 12:00,17.25,0.73
3/18/2019 13:00,18.0,0.77
3/18/2019 14:00,17.75,0.75
3/18/2019 15:00,16.25,0.69
3/18/2019 16:00,13.5,0.57
3/18/2019 17:00,9.5,0.4
3/18/2019 18:00,4.5,0.19
3/18/2019 19:00,0.25,0.01
3/18/2019 20:00,0.0,0.0
3/18/2019 21:00,0.0,0.0
3/18/2019 22:00,0.0,0.0
3/18/2019 23:00,0.0,0.0
3/19/2019 0:00,0.0,0.0
3/19/2019 1:00,0.0,0.0
3/19/2019 2:00,0.0,0.0
3/19/2019 3:00,0.0,0.0
3/19/2019 4:00,0.0,0.0
3/19/2019 5:00,0.0,0.0
3/19/2019 6:00,0.0,0.0
3/19/2019 7:00,0.0,0.0
3/19/2019 8:00,2.0,0.09
3/19/2019 9:00,6.75,0.29
3/19/2019 10:00,10.75,0.46
3/19/2019 11:00,15.25,0.65
3/19/2019 12:00,17.0,0.72
3/19/2019 13:00,18.0,0.77
3/19/2019 14:00,17.5,0.74
3/19/2019 15:00,16.25,0.69
3/19/2019 16:00,13.5,0.57
3/19/2019 17:00,9.75,0.41
3/19/2019 18:00,4.25,0.18
3/19/2019 19:00,0.25,0.01
3/19/2019 20:00,0.0,0.0
3/19/2019 21:00,0.0,0.0
3/19/2019 22:00,0.0,0.0
3/19/2019 23:00,0.0,0.0
3/20/2019 0:00,0.0,0.0
3/20/2019 1:00,0.0,0.0
3/20/2019 2:00,0.0,0.0
3/20/2019 3:00,0.0,0.0
3/20/2019 4:00,0.0,0.0
3/20/2019 5:00,0.0,0.0
3/20/2019 6:00,0.0,0.0
3/20/2019 7:00,0.0,0.0
3/20/2019 8:00,2.0,0.09
3/20/2019 9:00,7.0,0.3
3/20/2019 10:00,12.0,0.51
3/20/2019 11:00,15.5,0.66
3/20/2019 12:00,17.5,0.74
3/20/2019 13:00,18.5,0.79
3/20/2019 14:00,17.75,0.75
3/20/2019 15:00,16.5,0.7
3/20/2019 16:00,14.0,0.6
3/20/2019 17:00,10.0,0.43
3/20/2019 18:00,4.75,0.2
3/20/2019 19:00,0.25,0.01
3/20/2019 20:00,0.0,0.0
3/20/2019 21:00,0.0,0.0
3/20/2019 22:00,0.0,0.0
3/20/2019 23:00,0.0,0.0
3/21/2019 0:00,0.0,0.0
3/21/2019 1:00,0.0,0.0
3/21/2019 2:00,0.0,0.0
3/21/2019 3:00,0.0,0.0
3/21/2019 4:00,0.0,0.0
3/21/2019 5:00,0.0,0.0
3/21/2019 6:00,0.0,0.0
3/21/2019 7:00,0.0,0.0
3/21/2019 8:00,2.0,0.09
3/21/2019 9:00,7.75,0.33
3/21/2019 10:00,11.75,0.5
3/21/2019 11:00,15.25,0.65
3/21/2019 12:00,17.25,0.73
3/21/2019 13:00,18.0,0.77
3/21/2019 14:00,17.75,0.75
3/21/2019 15:00,15.75,0.67
3/21/2019 16:00,10.25,0.44
3/21/2019 17:00,7.25,0.31
3/21/2019 18:00,3.75,0.16
3/21/2019 19:00,0.25,0.01
3/21/2019 20:00,0.0,0.0
3/21/2019 21:00,0.0,0.0
3/21/2019 22:00,0.0,0.0
3/21/2019 23:00,0.0,0.0
3/22/2019 0:00,0.0,0.0
3/22/2019 1:00,0.0,0.0
3/22/2019 2:00,0.0,0.0
3/22/2019 3:00,0.0,0.0
3/22/2019 4:00,0.0,0.0
3/22/2019 5:00,0.0,0.0
3/22/2019 6:00,0.0,0.0
3/22/2019 7:00,0.25,0.01
3/22/2019 8:00,2.0,0.09
3/22/2019 9:00,7.0,0.3
3/22/2019 10:00,11.75,0.5
3/22/2019 11:00,15.5,0.66
3/22/2019 12:00,17.25,0.73
3/22/2019 13:00,18.25,0.78
3/22/2019 14:00,17.75,0.75
3/22/2019 15:00,16.0,0.68
3/22/2019 16:00,13.75,0.58
3/22/2019 17:00,9.75,0.41
3/22/2019 18:00,4.5,0.19
3/22/2019 19:00,0.25,0.01
3/22/2019 20:00,0.0,0.0
3/22/2019 21:00,0.0,0.0
3/22/2019 22:00,0.0,0.0
3/22/2019 23:00,0.0,0.0
3/23/2019 0:00,0.0,0.0
3/23/2019 1:00,0.0,0.0
3/23/2019 2:00,0.0,0.0
3/23/2019 3:00,0.0,0.0
3/23/2019 4:00,0.0,0.0
3/23/2019 5:00,0.0,0.0
3/23/2019 6:00,0.0,0.0
3/23/2019 7:00,0.25,0.01
3/23/2019 8:00,2.0,0.09
3/23/2019 9:00,7.0,0.3
3/23/2019 10:00,11.5,0.49
3/23/2019 11:00,15.0,0.64
3/23/2019 12:00,17.0,0.72
3/23/2019 13:00,17.75,0.75
3/23/2019 14:00,17.5,0.74
3/23/2019 15:00,15.75,0.67
3/23/2019 16:00,13.5,0.57
3/23/2019 17:00,9.25,0.39
3/23/2019 18:00,4.5,0.19
3/23/2019 19:00,0.25,0.01
3/23/2019 20:00,0.0,0.0
3/23/2019 21:00,0.0,0.0
3/23/2019 22:00,0.0,0.0
3/23/2019 23:00,0.0,0.0
3/24/2019 0:00,0.0,0.0
3/24/2019 1:00,0.0,0.0
3/24/2019 2:00,0.0,0.0
3/24/2019 3:00,0.0,0.0
3/24/2019 4:00,0.0,0.0
3/24/2019 5:00,0.0,0.0
3/24/2019 6:00,0.0,0.0
3/24/2019 7:00,0.25,0.01
3/24/2019 8:00,2.0,0.09
3/24/2019 9:00,6.75,0.29
3/24/2019 10:00,11.25,0.48
3/24/2019 11:00,15.0,0.64
3/24/2019 12:00,17.0,0.72
3/24/2019 13:00,17.75,0.75
3/24/2019 14:00,17.5,0.74
3/24/2019 15:00,16.25,0.69
3/24/2019 16:00,13.5,0.57
3/24/2019 17:00,9.75,0.41
3/24/2019 18:00,4.0,0.17
3/24/2019 19:00,0.5,0.02
3/24/2019 20:00,0.0,0.0
3/24/2019 21:00,0.0,0.0
3/24/2019 22:00,0.0,0.0
3/24/2019 23:00,0.0,0.0
3/25/2019 0:00,0.0,0.0
3/25/2019 1:00,0.0,0.0
3/25/2019 2:00,0.0,0.0
3/25/2019 3:00,0.0,0.0
3/25/2019 4:00,0.0,0.0
3/25/2019 5:00,0.0,0.0
3/25/2019 6:00,0.0,0.0
3/25/2019 7:00,0.0,0.0
3/25/2019 8:00,2.25,0.1
3/25/2019 9:00,6.75,0.29
3/25/2019 10:00,11.5,0.49
3/25/2019 11:00,15.0,0.64
3/25/2019 12:00,16.75,0.71
3/25/2019 13:00,17.75,0.75
3/25/2019 14:00,17.25,0.73
3/25/2019 15:00,15.75,0.67
3/25/2019 16:00,13.25,0.56
3/25/2019 17:00,9.5,0.4
3/25/2019 18:00,4.5,0.19
3/25/2019 19:00,0.5,0.02
3/25/2019 20:00,0.0,0.0
3/25/2019 21:00,0.0,0.0
3/25/2019 22:00,0.0,0.0
3/25/2019 23:00,0.0,0.0
3/26/2019 0:00,0.0,0.0
3/26/2019 1:00,0.0,0.0
3/26/2019 2:00,0.0,0.0
3/26/2019 3:00,0.0,0.0
3/26/2019 4:00,0.0,0.0
3/26/2019 5:00,0.0,0.0
3/26/2019 6:00,0.0,0.0
3/26/2019 7:00,0.0,0.0
3/26/2019 8:00,2.25,0.1
3/26/2019 9:00,6.25,0.27
3/26/2019 10:00,11.0,0.47
3/26/2019 11:00,15.0,0.64
3/26/2019 12:00,17.25,0.73
3/26/2019 13:00,18.0,0.77
3/26/2019 14:00,17.75,0.75
3/26/2019 15:00,15.5,0.66
3/26/2019 16:00,12.5,0.53
3/26/2019 17:00,7.25,0.31
3/26/2019 18:00,2.75,0.12
3/26/2019 19:00,0.5,0.02
3/26/2019 20:00,0.0,0.0
3/26/2019 21:00,0.0,0.0
3/26/2019 22:00,0.0,0.0
3/26/2019 23:00,0.0,0.0
3/27/2019 0:00,0.0,0.0
3/27/2019 1:00,0.0,0.0
3/27/2019 2:00,0.0,0.0
3/27/2019 3:00,0.0,0.0
3/27/2019 4:00,0.0,0.0
3/27/2019 5:00,0.0,0.0
3/27/2019 6:00,0.0,0.0
3/27/2019 7:00,0.25,0.01
3/27/2019 8:00,2.0,0.09
3/27/2019 9:00,7.25,0.31
3/27/2019 10:00,11.75,0.5
3/27/2019 11:00,15.25,0.65
3/27/2019 12:00,17.25,0.73
3/27/2019 13:00,18.0,0.77
3/27/2019 14:00,17.75,0.75
3/27/2019 15:00,15.75,0.67
3/27/2019 16:00,13.75,0.58
3/27/2019 17:00,10.0,0.43
3/27/2019 18:00,4.75,0.2
3/27/2019 19:00,0.5,0.02
3/27/2019 20:00,0.0,0.0
3/27/2019 21:00,0.0,0.0
3/27/2019 22:00,0.0,0.0
3/27/2019 23:00,0.0,0.0
3/28/2019 0:00,0.0,0.0
3/28/2019 1:00,0.0,0.0
3/28/2019 2:00,0.0,0.0
3/28/2019 3:00,0.0,0.0
3/28/2019 4:00,0.0,0.0
3/28/2019 5:00,0.0,0.0
3/28/2019 6:00,0.0,0.0
3/28/2019 7:00,0.25,0.01
3/28/2019 8:00,2.5,0.11
3/28/2019 9:00,7.25,0.31
3/28/2019 10:00,12.0,0.51
3/28/2019 11:00,15.0,0.64
3/28/2019 12:00,17.25,0.73
3/28/2019 13:00,17.75,0.75
3/28/2019 14:00,17.25,0.73
3/28/2019 15:00,16.0,0.68
3/28/2019 16:00,13.25,0.56
3/28/2019 17:00,9.5,0.4
3/28/2019 18:00,4.75,0.2
3/28/2019 19:00,0.5,0.02
3/28/2019 20:00,0.0,0.0
3/28/2019 21:00,0.0,0.0
3/28/2019 22:00,0.0,0.0
3/28/2019 23:00,0.0,0.0
3/29/2019 0:00,0.0,0.0
3/29/2019 1:00,0.0,0.0
3/29/2019 2:00,0.0,0.0
3/29/2019 3:00,0.0,0.0
3/29/2019 4:00,0.0,0.0
3/29/2019 5:00,0.0,0.0
3/29/2019 6:00,0.0,0.0
3/29/2019 7:00,0.25,0.01
3/29/2019 8:00,2.25,0.1
3/29/2019 9:00,7.5,0.32
3/29/2019 10:00,12.0,0.51
3/29/2019 11:00,15.25,0.65
3/29/2019 12:00,17.25,0.73
3/29/2019 13:00,17.75,0.75
3/29/2019 14:00,17.25,0.73
3/29/2019 15:00,15.75,0.67
3/29/2019 16:00,10.0,0.43
3/29/2019 17:00,7.0,0.3
3/29/2019 18:00,4.75,0.2
3/29/2019 19:00,0.5,0.02
3/29/2019 20:00,0.0,0.0
3/29/2019 21:00,0.0,0.0
3/29/2019 22:00,0.0,0.0
3/29/2019 23:00,0.0,0.0
3/30/2019 0:00,0.0,0.0
3/30/2019 1:00,0.0,0.0
3/30/2019 2:00,0.0,0.0
3/30/2019 3:00,0.0,0.0
3/30/2019 4:00,0.0,0.0
3/30/2019 5:00,0.0,0.0
3/30/2019 6:00,0.0,0.0
3/30/2019 7:00,0.0,0.0
3/30/2019 8:00,2.5,0.11
3/30/2019 9:00,6.25,0.27
3/30/2019 10:00,6.25,0.27
3/30/2019 11:00,3.75,0.16
3/30/2019 12:00,3.75,0.16
3/30/2019 13:00,11.25,0.48
3/30/2019 14:00,18.25,0.78
3/30/2019 15:00,16.0,0.68
3/30/2019 16:00,13.0,0.55
3/30/2019 17:00,9.25,0.39
3/30/2019 18:00,4.25,0.18
3/30/2019 19:00,0.75,0.03
3/30/2019 20:00,0.0,0.0
3/30/2019 21:00,0.0,0.0
3/30/2019 22:00,0.0,0.0
3/30/2019 23:00,0.0,0.0
3/31/2019 0:00,0.0,0.0
3/31/2019 2:00,0.0,0.0
3/31/2019 3:00,0.0,0.0
3/31/2019 4:00,0.0,0.0
3/31/2019 5:00,0.0,0.0
3/31/2019 6:00,0.0,0.0
3/31/2019 7:00,0.0,0.0
3/31/2019 8:00,0.0,0.0
3/31/2019 9:00,0.0,0.0
3/31/2019 10:00,2.5,0.11
3/31/2019 11:00,6.25,0.27
3/31/2019 12:00,12.0,0.51
3/31/2019 13:00,14.75,0.63
3/31/2019 14:00,17.25,0.73
3/31/2019 15:00,16.75,0.71
3/31/2019 16:00,16.5,0.7
3/31/2019 17:00,15.0,0.64
3/31/2019 18:00,11.25,0.48
3/31/2019 19:00,6.75,0.29
3/31/2019 20:00,0.75,0.03
3/31/2019 21:00,0.25,0.01
3/31/2019 22:00,0.0,0.0
3/31/2019 23:00,0.0,0.0
4/1/2019 0:00,0.0,0.0
4/1/2019 1:00,0.0,0.0
4/1/2019 2:00,0.0,0.0
4/1/2019 3:00,0.0,0.0
4/1/2019 4:00,0.0,0.0
4/1/2019 5:00,0.0,0.0
4/1/2019 6:00,0.0,0.0
4/1/2019 7:00,0.0,0.0
4/1/2019 8:00,0.0,0.0
4/1/2019 9:00,2.0,0.09
4/1/2019 10:00,5.75,0.24
4/1/2019 11:00,10.0,0.43
4/1/2019 12:00,13.25,0.56
4/1/2019 13:00,14.0,0.6
4/1/2019 14:00,12.5,0.53
4/1/2019 15:00,1.5,0.06
4/1/2019 16:00,4.0,0.17
4/1/2019 17:00,7.75,0.33
4/1/2019 18:00,9.5,0.4
4/1/2019 19:00,4.5,0.19
4/1/2019 20:00,0.5,0.02
4/1/2019 21:00,0.0,0.0
4/1/2019 22:00,0.0,0.0
4/1/2019 23:00,0.0,0.0
4/2/2019 0:00,0.0,0.0
4/2/2019 1:00,0.0,0.0
4/2/2019 2:00,0.0,0.0
4/2/2019 3:00,0.0,0.0
4/2/2019 4:00,0.0,0.0
4/2/2019 5:00,0.0,0.0
4/2/2019 6:00,0.0,0.0
4/2/2019 7:00,0.0,0.0
4/2/2019 8:00,0.25,0.01
4/2/2019 9:00,2.75,0.12
4/2/2019 10:00,6.25,0.27
4/2/2019 11:00,12.5,0.53
4/2/2019 12:00,15.5,0.66
4/2/2019 13:00,17.25,0.73
4/2/2019 14:00,15.0,0.64
4/2/2019 15:00,16.0,0.68
4/2/2019 16:00,8.75,0.37
4/2/2019 17:00,7.0,0.3
4/2/2019 18:00,6.25,0.27
4/2/2019 19:00,5.0,0.21
4/2/2019 20:00,0.75,0.03
4/2/2019 21:00,0.0,0.0
4/2/2019 22:00,0.0,0.0
4/2/2019 23:00,0.0,0.0
4/3/2019 0:00,0.0,0.0
4/3/2019 1:00,0.0,0.0
4/3/2019 2:00,0.0,0.0
4/3/2019 3:00,0.0,0.0
4/3/2019 4:00,0.0,0.0
4/3/2019 5:00,0.0,0.0
4/3/2019 6:00,0.0,0.0
4/3/2019 7:00,0.0,0.0
4/3/2019 8:00,0.0,0.0
4/3/2019 9:00,2.75,0.12
4/3/2019 10:00,5.5,0.23
4/3/2019 11:00,7.5,0.32
4/3/2019 12:00,5.75,0.24
4/3/2019 13:00,8.75,0.37
4/3/2019 14:00,9.5,0.4
4/3/2019 15:00,12.0,0.51
4/3/2019 16:00,9.5,0.4
4/3/2019 17:00,12.75,0.54
4/3/2019 18:00,10.0,0.43
4/3/2019 19:00,5.5,0.23
4/3/2019 20:00,0.5,0.02
4/3/2019 21:00,0.0,0.0
4/3/2019 22:00,0.0,0.0
4/3/2019 23:00,0.0,0.0
4/4/2019 0:00,0.0,0.0
4/4/2019 1:00,0.0,0.0
4/4/2019 2:00,0.0,0.0
4/4/2019 3:00,0.0,0.0
4/4/2019 4:00,0.0,0.0
4/4/2019 5:00,0.0,0.0
4/4/2019 6:00,0.0,0.0
4/4/2019 7:00,0.0,0.0
4/4/2019 8:00,0.25,0.01
4/4/2019 9:00,3.25,0.14
4/4/2019 10:00,8.25,0.35
4/4/2019 11:00,12.75,0.54
4/4/2019 12:00,14.0,0.6
4/4/2019 13:00,13.75,0.58
4/4/2019 14:00,17.5,0.74
4/4/2019 15:00,15.25,0.65
4/4/2019 16:00,5.25,0.22
4/4/2019 17:00,4.75,0.2
4/4/2019 18:00,3.75,0.16
4/4/2019 19:00,1.0,0.04
4/4/2019 20:00,0.5,0.02
4/4/2019 21:00,0.0,0.0
4/4/2019 22:00,0.0,0.0
4/4/2019 23:00,0.0,0.0
4/5/2019 0:00,0.0,0.0
4/5/2019 1:00,0.0,0.0
4/5/2019 2:00,0.0,0.0
4/5/2019 3:00,0.0,0.0
4/5/2019 4:00,0.0,0.0
4/5/2019 5:00,0.0,0.0
4/5/2019 6:00,0.0,0.0
4/5/2019 7:00,0.0,0.0
4/5/2019 8:00,0.25,0.01
4/5/2019 9:00,3.0,0.13
4/5/2019 10:00,6.5,0.28
4/5/2019 11:00,11.5,0.49
4/5/2019 12:00,14.5,0.62
4/5/2019 13:00,12.75,0.54
4/5/2019 14:00,8.5,0.36
4/5/2019 15:00,11.0,0.47
4/5/2019 16:00,14.0,0.6
4/5/2019 17:00,8.25,0.35
4/5/2019 18:00,8.5,0.36
4/5/2019 19:00,3.0,0.13
4/5/2019 20:00,0.5,0.02
4/5/2019 21:00,0.0,0.0
4/5/2019 22:00,0.0,0.0
4/5/2019 23:00,0.0,0.0
4/6/2019 0:00,0.0,0.0
4/6/2019 1:00,0.0,0.0
4/6/2019 2:00,0.0,0.0
4/6/2019 3:00,0.0,0.0
4/6/2019 4:00,0.0,0.0
4/6/2019 5:00,0.0,0.0
4/6/2019 6:00,0.0,0.0
4/6/2019 7:00,0.0,0.0
4/6/2019 8:00,0.0,0.0
4/6/2019 9:00,1.5,0.06
4/6/2019 10:00,7.5,0.32
4/6/2019 11:00,11.0,0.47
4/6/2019 12:00,16.75,0.71
4/6/2019 13:00,12.75,0.54
4/6/2019 14:00,16.75,0.71
4/6/2019 15:00,14.5,0.62
4/6/2019 16:00,13.5,0.57
4/6/2019 17:00,9.25,0.39
4/6/2019 18:00,4.75,0.2
4/6/2019 19:00,3.0,0.13
4/6/2019 20:00,0.5,0.02
4/6/2019 21:00,0.0,0.0
4/6/2019 22:00,0.0,0.0
4/6/2019 23:00,0.0,0.0
4/7/2019 0:00,0.0,0.0
4/7/2019 1:00,0.0,0.0
4/7/2019 2:00,0.0,0.0
4/7/2019 3:00,0.0,0.0
4/7/2019 4:00,0.0,0.0
4/7/2019 5:00,0.0,0.0
4/7/2019 6:00,0.0,0.0
4/7/2019 7:00,0.0,0.0
4/7/2019 8:00,0.25,0.01
4/7/2019 9:00,1.75,0.07
4/7/2019 10:00,2.5,0.11
4/7/2019 11:00,3.5,0.15
4/7/2019 12:00,5.75,0.24
4/7/2019 13:00,4.75,0.2
4/7/2019 14:00,7.0,0.3
4/7/2019 15:00,9.75,0.41
4/7/2019 16:00,8.5,0.36
4/7/2019 17:00,4.25,0.18
4/7/2019 18:00,2.75,0.12
4/7/2019 19:00,1.5,0.06
4/7/2019 20:00,0.5,0.02
4/7/2019 21:00,0.0,0.0
4/7/2019 22:00,0.0,0.0
4/7/2019 23:00,0.0,0.0
4/8/2019 0:00,0.0,0.0
4/8/2019 1:00,0.0,0.0
4/8/2019 2:00,0.0,0.0
4/8/2019 3:00,0.0,0.0
4/8/2019 4:00,0.0,0.0
4/8/2019 5:00,0.0,0.0
4/8/2019 6:00,0.0,0.0
4/8/2019 7:00,0.0,0.0
4/8/2019 8:00,0.25,0.01
4/8/2019 9:00,3.5,0.15
4/8/2019 10:00,9.0,0.38
4/8/2019 11:00,14.75,0.63
4/8/2019 12:00,14.25,0.61
4/8/2019 13:00,13.0,0.55
4/8/2019 14:00,6.0,0.26
4/8/2019 15:00,10.5,0.45
4/8/2019 16:00,12.5,0.53
4/8/2019 17:00,5.25,0.22
4/8/2019 18:00,7.0,0.3
4/8/2019 19:00,5.25,0.22
4/8/2019 20:00,1.0,0.04
4/8/2019 21:00,0.0,0.0
4/8/2019 22:00,0.0,0.0
4/8/2019 23:00,0.0,0.0
4/9/2019 0:00,0.0,0.0
4/9/2019 1:00,0.0,0.0
4/9/2019 2:00,0.0,0.0
4/9/2019 3:00,0.0,0.0
4/9/2019 4:00,0.0,0.0
4/9/2019 5:00,0.0,0.0
4/9/2019 6:00,0.0,0.0
4/9/2019 7:00,0.0,0.0
4/9/2019 8:00,0.5,0.02
4/9/2019 9:00,3.25,0.14
4/9/2019 10:00,6.25,0.27
4/9/2019 11:00,13.25,0.56
4/9/2019 12:00,13.25,0.56
4/9/2019 13:00,14.75,0.63
4/9/2019 14:00,15.75,0.67
4/9/2019 15:00,17.75,0.75
4/9/2019 16:00,15.25,0.65
4/9/2019 17:00,12.25,0.52
4/9/2019 18:00,9.0,0.38
4/9/2019 19:00,4.75,0.2
4/9/2019 20:00,0.75,0.03
4/9/2019 21:00,0.0,0.0
4/9/2019 22:00,0.0,0.0
4/9/2019 23:00,0.0,0.0
4/10/2019 0:00,0.0,0.0
4/10/2019 1:00,0.0,0.0
4/10/2019 2:00,0.0,0.0
4/10/2019 3:00,0.0,0.0
4/10/2019 4:00,0.0,0.0
4/10/2019 5:00,0.0,0.0
4/10/2019 6:00,0.0,0.0
4/10/2019 7:00,0.0,0.0
4/10/2019 8:00,0.5,0.02
4/10/2019 9:00,3.25,0.14
4/10/2019 10:00,6.75,0.29
4/10/2019 11:00,8.75,0.37
4/10/2019 12:00,15.5,0.66
4/10/2019 13:00,11.0,0.47
4/10/2019 14:00,16.5,0.7
4/10/2019 15:00,14.5,0.62
4/10/2019 16:00,17.0,0.72
4/10/2019 17:00,13.5,0.57
4/10/2019 18:00,6.75,0.29
4/10/2019 19:00,5.75,0.24
4/10/2019 20:00,1.0,0.04
4/10/2019 21:00,0.0,0.0
4/10/2019 22:00,0.0,0.0
4/10/2019 23:00,0.0,0.0
4/11/2019 0:00,0.0,0.0
4/11/2019 1:00,0.0,0.0
4/11/2019 2:00,0.0,0.0
4/11/2019 3:00,0.0,0.0
4/11/2019 4:00,0.0,0.0
4/11/2019 5:00,0.0,0.0
4/11/2019 6:00,0.0,0.0
4/11/2019 7:00,0.0,0.0
4/11/2019 8:00,0.5,0.02
4/11/2019 9:00,3.75,0.16
4/11/2019 10:00,8.75,0.37
4/11/2019 11:00,12.5,0.53
4/11/2019 12:00,16.25,0.69
4/11/2019 13:00,14.75,0.63
4/11/2019 14:00,17.5,0.74
4/11/2019 15:00,14.5,0.62
4/11/2019 16:00,12.5,0.53
4/11/2019 17:00,8.25,0.35
4/11/2019 18:00,4.5,0.19
4/11/2019 19:00,5.5,0.23
4/11/2019 20:00,0.75,0.03
4/11/2019 21:00,0.0,0.0
4/11/2019 22:00,0.0,0.0
4/11/2019 23:00,0.0,0.0
4/12/2019 0:00,0.0,0.0
4/12/2019 1:00,0.0,0.0
4/12/2019 2:00,0.0,0.0
4/12/2019 3:00,0.0,0.0
4/12/2019 4:00,0.0,0.0
4/12/2019 5:00,0.0,0.0
4/12/2019 6:00,0.0,0.0
4/12/2019 7:00,0.0,0.0
4/12/2019 8:00,0.5,0.02
4/12/2019 9:00,4.0,0.17
4/12/2019 10:00,9.0,0.38
4/12/2019 11:00,13.25,0.56
4/12/2019 12:00,16.0,0.68
4/12/2019 13:00,18.0,0.77
4/12/2019 14:00,18.0,0.77
4/12/2019 15:00,15.0,0.64
4/12/2019 16:00,8.5,0.36
4/12/2019 17:00,14.25,0.61
4/12/2019 18:00,10.5,0.45
4/12/2019 19:00,6.25,0.27
4/12/2019 20:00,1.0,0.04
4/12/2019 21:00,0.0,0.0
4/12/2019 22:00,0.0,0.0
4/12/2019 23:00,0.0,0.0
4/13/2019 0:00,0.0,0.0
4/13/2019 1:00,0.0,0.0
4/13/2019 2:00,0.0,0.0
4/13/2019 3:00,0.0,0.0
4/13/2019 4:00,0.0,0.0
4/13/2019 5:00,0.0,0.0
4/13/2019 6:00,0.0,0.0
4/13/2019 7:00,0.0,0.0
4/13/2019 8:00,0.25,0.01
4/13/2019 9:00,3.0,0.13
4/13/2019 10:00,4.75,0.2
4/13/2019 11:00,7.75,0.33
4/13/2019 12:00,7.5,0.32
4/13/2019 13:00,11.25,0.48
4/13/2019 14:00,11.0,0.47
4/13/2019 15:00,6.75,0.29
4/13/2019 16:00,6.75,0.29
4/13/2019 17:00,8.25,0.35
4/13/2019 18:00,7.5,0.32
4/13/2019 19:00,2.5,0.11
4/13/2019 20:00,0.75,0.03
4/13/2019 21:00,0.0,0.0
4/13/2019 22:00,0.0,0.0
4/13/2019 23:00,0.0,0.0
4/14/2019 0:00,0.0,0.0
4/14/2019 1:00,0.0,0.0
4/14/2019 2:00,0.0,0.0
4/14/2019 3:00,0.0,0.0
4/14/2019 4:00,0.0,0.0
4/14/2019 5:00,0.0,0.0
4/14/2019 6:00,0.0,0.0
4/14/2019 7:00,0.0,0.0
4/14/2019 8:00,0.25,0.01
4/14/2019 9:00,0.75,0.03
4/14/2019 10:00,1.5,0.06
4/14/2019 11:00,3.25,0.14
4/14/2019 12:00,5.75,0.24
4/14/2019 13:00,6.5,0.28
4/14/2019 14:00,6.5,0.28
4/14/2019 15:00,11.75,0.5
4/14/2019 16:00,11.75,0.5
4/14/2019 17:00,11.5,0.49
4/14/2019 18:00,8.0,0.34
4/14/2019 19:00,4.25,0.18
4/14/2019 20:00,1.0,0.04
4/14/2019 21:00,0.0,0.0
4/14/2019 22:00,0.0,0.0
4/14/2019 23:00,0.0,0.0
4/15/2019 0:00,0.0,0.0
4/15/2019 1:00,0.0,0.0
4/15/2019 2:00,0.0,0.0
4/15/2019 3:00,0.0,0.0
4/15/2019 4:00,0.0,0.0
4/15/2019 5:00,0.0,0.0
4/15/2019 6:00,0.0,0.0
4/15/2019 7:00,0.0,0.0
4/15/2019 8:00,0.25,0.01
4/15/2019 9:00,0.75,0.03
4/15/2019 10:00,2.5,0.11
4/15/2019 11:00,4.75,0.2
4/15/2019 12:00,9.0,0.38
4/15/2019 13:00,11.75,0.5
4/15/2019 14:00,10.25,0.44
4/15/2019 15:00,11.75,0.5
4/15/2019 16:00,16.5,0.7
4/15/2019 17:00,14.0,0.6
4/15/2019 18:00,11.5,0.49
4/15/2019 19:00,6.25,0.27
4/15/2019 20:00,1.25,0.05
4/15/2019 21:00,0.0,0.0
4/15/2019 22:00,0.0,0.0
4/15/2019 23:00,0.0,0.0
4/16/2019 0:00,0.0,0.0
4/16/2019 1:00,0.0,0.0
4/16/2019 2:00,0.0,0.0
4/16/2019 3:00,0.0,0.0
4/16/2019 4:00,0.0,0.0
4/16/2019 5:00,0.0,0.0
4/16/2019 6:00,0.0,0.0
4/16/2019 7:00,0.0,0.0
4/16/2019 8:00,0.75,0.03
4/16/2019 9:00,3.25,0.14
4/16/2019 10:00,8.25,0.35
4/16/2019 11:00,13.75,0.58
4/16/2019 12:00,15.75,0.67
4/16/2019 13:00,18.25,0.78
4/16/2019 14:00,17.75,0.75
4/16/2019 15:00,16.25,0.69
4/16/2019 16:00,15.25,0.65
4/16/2019 17:00,10.75,0.46
4/16/2019 18:00,6.75,0.29
4/16/2019 19:00,4.5,0.19
4/16/2019 20:00,1.0,0.04
4/16/2019 21:00,0.0,0.0
4/16/2019 22:00,0.0,0.0
4/16/2019 23:00,0.0,0.0
4/17/2019 0:00,0.0,0.0
4/17/2019 1:00,0.0,0.0
4/17/2019 2:00,0.0,0.0
4/17/2019 3:00,0.0,0.0
4/17/2019 4:00,0.0,0.0
4/17/2019 5:00,0.0,0.0
4/17/2019 6:00,0.0,0.0
4/17/2019 7:00,0.0,0.0
4/17/2019 8:00,0.0,0.0
4/17/2019 9:00,0.5,0.02
4/17/2019 10:00,1.5,0.06
4/17/2019 11:00,2.5,0.11
4/17/2019 12:00,3.25,0.14
4/17/2019 13:00,3.0,0.13
4/17/2019 14:00,3.25,0.14
4/17/2019 15:00,4.5,0.19
4/17/2019 16:00,7.75,0.33
4/17/2019 17:00,7.0,0.3
4/17/2019 18:00,5.25,0.22
4/17/2019 19:00,4.0,0.17
4/17/2019 20:00,1.25,0.05
4/17/2019 21:00,0.0,0.0
4/17/2019 22:00,0.0,0.0
4/17/2019 23:00,0.0,0.0
4/18/2019 0:00,0.0,0.0
4/18/2019 1:00,0.0,0.0
4/18/2019 2:00,0.0,0.0
4/18/2019 3:00,0.0,0.0
4/18/2019 4:00,0.0,0.0
4/18/2019 5:00,0.0,0.0
4/18/2019 6:00,0.0,0.0
4/18/2019 7:00,0.0,0.0
4/18/2019 8:00,0.75,0.03
4/18/2019 9:00,4.0,0.17
4/18/2019 10:00,8.5,0.36
4/18/2019 11:00,10.75,0.46
4/18/2019 12:00,7.0,0.3
4/18/2019 13:00,5.25,0.22
4/18/2019 14:00,2.0,0.09
4/18/2019 15:00,2.25,0.1
4/18/2019 16:00,8.0,0.34
4/18/2019 17:00,6.5,0.28
4/18/2019 18:00,10.5,0.45
4/18/2019 19:00,5.75,0.24
4/18/2019 20:00,1.25,0.05
4/18/2019 21:00,0.0,0.0
4/18/2019 22:00,0.0,0.0
4/18/2019 23:00,0.0,0.0
4/19/2019 0:00,0.0,0.0
4/19/2019 1:00,0.0,0.0
4/19/2019 2:00,0.0,0.0
4/19/2019 3:00,0.0,0.0
4/19/2019 4:00,0.0,0.0
4/19/2019 5:00,0.0,0.0
4/19/2019 6:00,0.0,0.0
4/19/2019 7:00,0.0,0.0
4/19/2019 8:00,0.5,0.02
4/19/2019 9:00,1.75,0.07
4/19/2019 10:00,3.0,0.13
4/19/2019 11:00,5.25,0.22
4/19/2019 12:00,8.25,0.35
4/19/2019 13:00,8.0,0.34
4/19/2019 14:00,5.75,0.24
4/19/2019 15:00,4.5,0.19
4/19/2019 16:00,4.0,0.17
4/19/2019 17:00,12.75,0.54
4/19/2019 18:00,9.25,0.39
4/19/2019 19:00,4.0,0.17
4/19/2019 20:00,1.0,0.04
4/19/2019 21:00,0.25,0.01
4/19/2019 22:00,0.0,0.0
4/19/2019 23:00,0.0,0.0
4/20/2019 0:00,0.0,0.0
4/20/2019 1:00,0.0,0.0
4/20/2019 2:00,0.0,0.0
4/20/2019 3:00,0.0,0.0
4/20/2019 4:00,0.0,0.0
4/20/2019 5:00,0.0,0.0
4/20/2019 6:00,0.0,0.0
4/20/2019 7:00,0.0,0.0
4/20/2019 8:00,0.25,0.01
4/20/2019 9:00,1.75,0.07
4/20/2019 10:00,4.25,0.18
4/20/2019 11:00,9.5,0.4
4/20/2019 12:00,15.75,0.67
4/20/2019 13:00,17.5,0.74
4/20/2019 14:00,18.25,0.78
4/20/2019 15:00,17.75,0.75
4/20/2019 16:00,16.25,0.69
4/20/2019 17:00,13.25,0.56
4/20/2019 18:00,10.0,0.43
4/20/2019 19:00,5.25,0.22
4/20/2019 20:00,1.0,0.04
4/20/2019 21:00,0.25,0.01
4/20/2019 22:00,0.0,0.0
4/20/2019 23:00,0.0,0.0
4/21/2019 0:00,0.0,0.0
4/21/2019 1:00,0.0,0.0
4/21/2019 2:00,0.0,0.0
4/21/2019 3:00,0.0,0.0
4/21/2019 4:00,0.0,0.0
4/21/2019 5:00,0.0,0.0
4/21/2019 6:00,0.0,0.0
4/21/2019 7:00,0.0,0.0
4/21/2019 8:00,0.75,0.03
4/21/2019 9:00,4.0,0.17
4/21/2019 10:00,8.5,0.36
4/21/2019 11:00,13.25,0.56
4/21/2019 12:00,16.5,0.7
4/21/2019 13:00,18.0,0.77
4/21/2019 14:00,18.5,0.79
4/21/2019 15:00,17.5,0.74
4/21/2019 16:00,15.5,0.66
4/21/2019 17:00,14.75,0.63
4/21/2019 18:00,10.0,0.43
4/21/2019 19:00,5.75,0.24
4/21/2019 20:00,1.25,0.05
4/21/2019 21:00,0.0,0.0
4/21/2019 22:00,0.0,0.0
4/21/2019 23:00,0.0,0.0
4/22/2019 0:00,0.0,0.0
4/22/2019 1:00,0.0,0.0
4/22/2019 2:00,0.0,0.0
4/22/2019 3:00,0.0,0.0
4/22/2019 4:00,0.0,0.0
4/22/2019 5:00,0.0,0.0
4/22/2019 6:00,0.0,0.0
4/22/2019 7:00,0.0,0.0
4/22/2019 8:00,1.0,0.04
4/22/2019 9:00,4.5,0.19
4/22/2019 10:00,9.0,0.38
4/22/2019 11:00,9.75,0.41
4/22/2019 12:00,15.75,0.67
4/22/2019 13:00,15.75,0.67
4/22/2019 14:00,16.5,0.7
4/22/2019 15:00,16.5,0.7
4/22/2019 16:00,11.25,0.48
4/22/2019 17:00,5.75,0.24
4/22/2019 18:00,5.0,0.21
4/22/2019 19:00,2.0,0.09
4/22/2019 20:00,0.5,0.02
4/22/2019 21:00,0.0,0.0
4/22/2019 22:00,0.0,0.0
4/22/2019 23:00,0.0,0.0
4/23/2019 0:00,0.0,0.0
4/23/2019 1:00,0.0,0.0
4/23/2019 2:00,0.0,0.0
4/23/2019 3:00,0.0,0.0
4/23/2019 4:00,0.0,0.0
4/23/2019 5:00,0.0,0.0
4/23/2019 6:00,0.0,0.0
4/23/2019 7:00,0.0,0.0
4/23/2019 8:00,0.0,0.0
4/23/2019 9:00,1.75,0.07
4/23/2019 10:00,4.25,0.18
4/23/2019 11:00,2.5,0.11
4/23/2019 12:00,10.25,0.44
4/23/2019 13:00,15.25,0.65
4/23/2019 14:00,18.25,0.78
4/23/2019 15:00,16.5,0.7
4/23/2019 16:00,17.25,0.73
4/23/2019 17:00,14.75,0.63
4/23/2019 18:00,9.75,0.41
4/23/2019 19:00,6.25,0.27
4/23/2019 20:00,1.25,0.05
4/23/2019 21:00,0.25,0.01
4/23/2019 22:00,0.0,0.0
4/23/2019 23:00,0.0,0.0
4/24/2019 0:00,0.0,0.0
4/24/2019 1:00,0.0,0.0
4/24/2019 2:00,0.0,0.0
4/24/2019 3:00,0.0,0.0
4/24/2019 4:00,0.0,0.0
4/24/2019 5:00,0.0,0.0
4/24/2019 6:00,0.0,0.0
4/24/2019 7:00,0.0,0.0
4/24/2019 8:00,0.25,0.01
4/24/2019 9:00,3.75,0.16
4/24/2019 10:00,8.25,0.35
4/24/2019 11:00,11.25,0.48
4/24/2019 12:00,11.0,0.47
4/24/2019 13:00,7.5,0.32
4/24/2019 14:00,16.75,0.71
4/24/2019 15:00,13.75,0.58
4/24/2019 16:00,6.0,0.26
4/24/2019 17:00,5.0,0.21
4/24/2019 18:00,3.25,0.14
4/24/2019 19:00,1.25,0.05
4/24/2019 20:00,1.0,0.04
4/24/2019 21:00,0.0,0.0
4/24/2019 22:00,0.0,0.0
4/24/2019 23:00,0.0,0.0
4/25/2019 0:00,0.0,0.0
4/25/2019 1:00,0.0,0.0
4/25/2019 2:00,0.0,0.0
4/25/2019 3:00,0.0,0.0
4/25/2019 4:00,0.0,0.0
4/25/2019 5:00,0.0,0.0
4/25/2019 6:00,0.0,0.0
4/25/2019 7:00,0.0,0.0
4/25/2019 8:00,0.5,0.02
4/25/2019 9:00,4.25,0.18
4/25/2019 10:00,9.0,0.38
4/25/2019 11:00,9.75,0.41
4/25/2019 12:00,5.75,0.24
4/25/2019 13:00,12.0,0.51
4/25/2019 14:00,17.75,0.75
4/25/2019 15:00,11.0,0.47
4/25/2019 16:00,18.0,0.77
4/25/2019 17:00,13.75,0.58
4/25/2019 18:00,9.0,0.38
4/25/2019 19:00,5.5,0.23
4/25/2019 20:00,1.25,0.05
4/25/2019 21:00,0.0,0.0
4/25/2019 22:00,0.0,0.0
4/25/2019 23:00,0.0,0.0
4/26/2019 0:00,0.0,0.0
4/26/2019 1:00,0.0,0.0
4/26/2019 2:00,0.0,0.0
4/26/2019 3:00,0.0,0.0
4/26/2019 4:00,0.0,0.0
4/26/2019 5:00,0.0,0.0
4/26/2019 6:00,0.0,0.0
4/26/2019 7:00,0.0,0.0
4/26/2019 8:00,1.0,0.04
4/26/2019 9:00,4.75,0.2
4/26/2019 10:00,10.25,0.44
4/26/2019 11:00,12.0,0.51
4/26/2019 12:00,15.75,0.67
4/26/2019 13:00,11.5,0.49
4/26/2019 14:00,15.75,0.67
4/26/2019 15:00,18.75,0.8
4/26/2019 16:00,16.25,0.69
4/26/2019 17:00,15.0,0.64
4/26/2019 18:00,11.25,0.48
4/26/2019 19:00,6.25,0.27
4/26/2019 20:00,1.5,0.06
4/26/2019 21:00,0.0,0.0
4/26/2019 22:00,0.0,0.0
4/26/2019 23:00,0.0,0.0
4/27/2019 0:00,0.0,0.0
4/27/2019 1:00,0.0,0.0
4/27/2019 2:00,0.0,0.0
4/27/2019 3:00,0.0,0.0
4/27/2019 4:00,0.0,0.0
4/27/2019 5:00,0.0,0.0
4/27/2019 6:00,0.0,0.0
4/27/2019 7:00,0.0,0.0
4/27/2019 8:00,1.0,0.04
4/27/2019 9:00,4.75,0.2
4/27/2019 10:00,10.0,0.43
4/27/2019 11:00,14.0,0.6
4/27/2019 12:00,17.0,0.72
4/27/2019 13:00,18.5,0.79
4/27/2019 14:00,19.0,0.81
4/27/2019 15:00,18.5,0.79
4/27/2019 16:00,17.25,0.73
4/27/2019 17:00,14.5,0.62
4/27/2019 18:00,10.75,0.46
4/27/2019 19:00,6.25,0.27
4/27/2019 20:00,1.75,0.07
4/27/2019 21:00,0.0,0.0
4/27/2019 22:00,0.0,0.0
4/27/2019 23:00,0.0,0.0
4/28/2019 0:00,0.0,0.0
4/28/2019 1:00,0.0,0.0
4/28/2019 2:00,0.0,0.0
4/28/2019 3:00,0.0,0.0
4/28/2019 4:00,0.0,0.0
4/28/2019 5:00,0.0,0.0
4/28/2019 6:00,0.0,0.0
4/28/2019 7:00,0.0,0.0
4/28/2019 8:00,1.25,0.05
4/28/2019 9:00,4.75,0.2
4/28/2019 10:00,10.0,0.43
4/28/2019 11:00,13.25,0.56
4/28/2019 12:00,14.5,0.62
4/28/2019 13:00,15.25,0.65
4/28/2019 14:00,14.25,0.61
4/28/2019 15:00,16.5,0.7
4/28/2019 16:00,15.0,0.64
4/28/2019 17:00,13.25,0.56
4/28/2019 18:00,10.75,0.46
4/28/2019 19:00,5.75,0.24
4/28/2019 20:00,1.5,0.06
4/28/2019 21:00,0.0,0.0
4/28/2019 22:00,0.0,0.0
4/28/2019 23:00,0.0,0.0
4/29/2019 0:00,0.0,0.0
4/29/2019 1:00,0.0,0.0
4/29/2019 2:00,0.0,0.0
4/29/2019 3:00,0.0,0.0
4/29/2019 4:00,0.0,0.0
4/29/2019 5:00,0.0,0.0
4/29/2019 6:00,0.0,0.0
4/29/2019 7:00,0.25,0.01
4/29/2019 8:00,0.75,0.03
4/29/2019 9:00,5.0,0.21
4/29/2019 10:00,10.0,0.43
4/29/2019 11:00,14.0,0.6
4/29/2019 12:00,16.5,0.7
4/29/2019 13:00,18.0,0.77
4/29/2019 14:00,19.0,0.81
4/29/2019 15:00,18.5,0.79
4/29/2019 16:00,17.0,0.72
4/29/2019 17:00,14.5,0.62
4/29/2019 18:00,11.5,0.49
4/29/2019 19:00,6.75,0.29
4/29/2019 20:00,1.5,0.06
4/29/2019 21:00,0.0,0.0
4/29/2019 22:00,0.0,0.0
4/29/2019 23:00,0.0,0.0
4/30/2019 0:00,0.0,0.0
4/30/2019 1:00,0.0,0.0
4/30/2019 2:00,0.0,0.0
4/30/2019 3:00,0.0,0.0
4/30/2019 4:00,0.0,0.0
4/30/2019 5:00,0.0,0.0
4/30/2019 6:00,0.0,0.0
4/30/2019 7:00,0.0,0.0
4/30/2019 8:00,1.25,0.05
4/30/2019 9:00,5.0,0.21
4/30/2019 10:00,10.0,0.43
4/30/2019 11:00,14.0,0.6
4/30/2019 12:00,16.75,0.71
4/30/2019 13:00,18.5,0.79
4/30/2019 14:00,18.0,0.77
4/30/2019 15:00,17.5,0.74
4/30/2019 16:00,16.5,0.7
4/30/2019 17:00,14.75,0.63
4/30/2019 18:00,10.75,0.46
4/30/2019 19:00,6.75,0.29
4/30/2019 20:00,1.75,0.07
4/30/2019 21:00,0.0,0.0
4/30/2019 22:00,0.0,0.0
4/30/2019 23:00,0.0,0.0
5/1/2019 0:00,0.0,0.0
5/1/2019 1:00,0.0,0.0
5/1/2019 2:00,0.0,0.0
5/1/2019 3:00,0.0,0.0
5/1/2019 4:00,0.0,0.0
5/1/2019 5:00,0.0,0.0
5/1/2019 6:00,0.0,0.0
5/1/2019 7:00,0.0,0.0
5/1/2019 8:00,1.25,0.05
5/1/2019 9:00,5.0,0.21
5/1/2019 10:00,10.0,0.43
5/1/2019 11:00,14.0,0.6
5/1/2019 12:00,16.75,0.71
5/1/2019 13:00,18.25,0.78
5/1/2019 14:00,19.0,0.81
5/1/2019 15:00,18.5,0.79
5/1/2019 16:00,17.25,0.73
5/1/2019 17:00,14.75,0.63
5/1/2019 18:00,11.0,0.47
5/1/2019 19:00,6.5,0.28
5/1/2019 20:00,1.75,0.07
5/1/2019 21:00,0.0,0.0
5/1/2019 22:00,0.0,0.0
5/1/2019 23:00,0.0,0.0
5/2/2019 0:00,0.0,0.0
5/2/2019 1:00,0.0,0.0
5/2/2019 2:00,0.0,0.0
5/2/2019 3:00,0.0,0.0
5/2/2019 4:00,0.0,0.0
5/2/2019 5:00,0.0,0.0
5/2/2019 6:00,0.0,0.0
5/2/2019 7:00,0.0,0.0
5/2/2019 8:00,1.0,0.04
5/2/2019 9:00,5.0,0.21
5/2/2019 10:00,10.0,0.43
5/2/2019 11:00,13.5,0.57
5/2/2019 12:00,16.5,0.7
5/2/2019 13:00,18.0,0.77
5/2/2019 14:00,18.25,0.78
5/2/2019 15:00,17.5,0.74
5/2/2019 16:00,16.25,0.69
5/2/2019 17:00,13.5,0.57
5/2/2019 18:00,10.5,0.45
5/2/2019 19:00,6.0,0.26
5/2/2019 20:00,1.5,0.06
5/2/2019 21:00,0.0,0.0
5/2/2019 22:00,0.0,0.0
5/2/2019 23:00,0.0,0.0
5/3/2019 0:00,0.0,0.0
5/3/2019 1:00,0.0,0.0
5/3/2019 2:00,0.0,0.0
5/3/2019 3:00,0.0,0.0
5/3/2019 4:00,0.0,0.0
5/3/2019 5:00,0.0,0.0
5/3/2019 6:00,0.0,0.0
5/3/2019 7:00,0.25,0.01
5/3/2019 8:00,1.0,0.04
5/3/2019 9:00,4.75,0.2
5/3/2019 10:00,9.75,0.41
5/3/2019 11:00,13.5,0.57
5/3/2019 12:00,16.0,0.68
5/3/2019 13:00,17.0,0.72
5/3/2019 14:00,17.75,0.75
5/3/2019 15:00,17.5,0.74
5/3/2019 16:00,16.75,0.71
5/3/2019 17:00,14.25,0.61
5/3/2019 18:00,11.0,0.47
5/3/2019 19:00,6.5,0.28
5/3/2019 20:00,1.5,0.06
5/3/2019 21:00,0.25,0.01
5/3/2019 22:00,0.0,0.0
5/3/2019 23:00,0.0,0.0
5/4/2019 0:00,0.0,0.0
5/4/2019 1:00,0.0,0.0
5/4/2019 2:00,0.0,0.0
5/4/2019 3:00,0.0,0.0
5/4/2019 4:00,0.0,0.0
5/4/2019 5:00,0.0,0.0
5/4/2019 6:00,0.0,0.0
5/4/2019 7:00,0.0,0.0
5/4/2019 8:00,1.0,0.04
5/4/2019 9:00,5.25,0.22
5/4/2019 10:00,10.25,0.44
5/4/2019 11:00,14.25,0.61
5/4/2019 12:00,16.75,0.71
5/4/2019 13:00,18.0,0.77
5/4/2019 14:00,18.25,0.78
5/4/2019 15:00,17.5,0.74
5/4/2019 16:00,16.5,0.7
5/4/2019 17:00,14.5,0.62
5/4/2019 18:00,11.0,0.47
5/4/2019 19:00,6.5,0.28
5/4/2019 20:00,1.5,0.06
5/4/2019 21:00,0.0,0.0
5/4/2019 22:00,0.0,0.0
5/4/2019 23:00,0.0,0.0
5/5/2019 0:00,0.0,0.0
5/5/2019 1:00,0.0,0.0
5/5/2019 2:00,0.0,0.0
5/5/2019 3:00,0.0,0.0
5/5/2019 4:00,0.0,0.0
5/5/2019 5:00,0.0,0.0
5/5/2019 6:00,0.0,0.0
5/5/2019 7:00,0.25,0.01
5/5/2019 8:00,1.0,0.04
5/5/2019 9:00,5.25,0.22
5/5/2019 10:00,9.75,0.41
5/5/2019 11:00,13.75,0.58
5/5/2019 12:00,16.25,0.69
5/5/2019 13:00,18.0,0.77
5/5/2019 14:00,16.5,0.7
5/5/2019 15:00,17.75,0.75
5/5/2019 16:00,16.25,0.69
5/5/2019 17:00,14.75,0.63
5/5/2019 18:00,11.25,0.48
5/5/2019 19:00,6.5,0.28
5/5/2019 20:00,1.75,0.07
5/5/2019 21:00,0.0,0.0
5/5/2019 22:00,0.0,0.0
5/5/2019 23:00,0.0,0.0
5/6/2019 0:00,0.0,0.0
5/6/2019 1:00,0.0,0.0
5/6/2019 2:00,0.0,0.0
5/6/2019 3:00,0.0,0.0
5/6/2019 4:00,0.0,0.0
5/6/2019 5:00,0.0,0.0
5/6/2019 6:00,0.0,0.0
5/6/2019 7:00,0.0,0.0
5/6/2019 8:00,0.75,0.03
5/6/2019 9:00,1.75,0.07
5/6/2019 10:00,3.0,0.13
5/6/2019 11:00,7.0,0.3
5/6/2019 12:00,9.25,0.39
5/6/2019 13:00,12.25,0.52
5/6/2019 14:00,11.5,0.49
5/6/2019 15:00,16.25,0.69
5/6/2019 16:00,17.0,0.72
5/6/2019 17:00,14.0,0.6
5/6/2019 18:00,8.75,0.37
5/6/2019 19:00,4.75,0.2
5/6/2019 20:00,2.0,0.09
5/6/2019 21:00,0.0,0.0
5/6/2019 22:00,0.0,0.0
5/6/2019 23:00,0.0,0.0
5/7/2019 0:00,0.0,0.0
5/7/2019 1:00,0.0,0.0
5/7/2019 2:00,0.0,0.0
5/7/2019 3:00,0.0,0.0
5/7/2019 4:00,0.0,0.0
5/7/2019 5:00,0.0,0.0
5/7/2019 6:00,0.0,0.0
5/7/2019 7:00,0.0,0.0
5/7/2019 8:00,0.5,0.02
5/7/2019 9:00,1.25,0.05
5/7/2019 10:00,3.0,0.13
5/7/2019 11:00,7.75,0.33
5/7/2019 12:00,8.5,0.36
5/7/2019 13:00,7.0,0.3
5/7/2019 14:00,7.75,0.33
5/7/2019 15:00,3.75,0.16
5/7/2019 16:00,3.25,0.14
5/7/2019 17:00,1.5,0.06
5/7/2019 18:00,2.0,0.09
5/7/2019 19:00,1.0,0.04
5/7/2019 20:00,0.5,0.02
5/7/2019 21:00,0.0,0.0
5/7/2019 22:00,0.0,0.0
5/7/2019 23:00,0.0,0.0
5/8/2019 0:00,0.0,0.0
5/8/2019 1:00,0.0,0.0
5/8/2019 2:00,0.0,0.0
5/8/2019 3:00,0.0,0.0
5/8/2019 4:00,0.0,0.0
5/8/2019 5:00,0.0,0.0
5/8/2019 6:00,0.0,0.0
5/8/2019 7:00,0.0,0.0
5/8/2019 8:00,0.25,0.01
5/8/2019 9:00,1.0,0.04
5/8/2019 10:00,2.0,0.09
5/8/2019 11:00,2.25,0.1
5/8/2019 12:00,4.75,0.2
5/8/2019 13:00,6.25,0.27
5/8/2019 14:00,9.75,0.41
5/8/2019 15:00,9.25,0.39
5/8/2019 16:00,6.75,0.29
5/8/2019 17:00,5.25,0.22
5/8/2019 18:00,4.25,0.18
5/8/2019 19:00,2.5,0.11
5/8/2019 20:00,0.5,0.02
5/8/2019 21:00,0.25,0.01
5/8/2019 22:00,0.0,0.0
5/8/2019 23:00,0.0,0.0
5/9/2019 0:00,0.0,0.0
5/9/2019 1:00,0.0,0.0
5/9/2019 2:00,0.0,0.0
5/9/2019 3:00,0.0,0.0
5/9/2019 4:00,0.0,0.0
5/9/2019 5:00,0.0,0.0
5/9/2019 6:00,0.0,0.0
5/9/2019 7:00,0.0,0.0
5/9/2019 8:00,0.25,0.01
5/9/2019 9:00,1.25,0.05
5/9/2019 10:00,2.25,0.1
5/9/2019 11:00,3.5,0.15
5/9/2019 12:00,3.25,0.14
5/9/2019 13:00,3.5,0.15
5/9/2019 14:00,3.5,0.15
5/9/2019 15:00,7.0,0.3
5/9/2019 16:00,11.75,0.5
5/9/2019 17:00,9.5,0.4
5/9/2019 18:00,5.5,0.23
5/9/2019 19:00,2.0,0.09
5/9/2019 20:00,0.5,0.02
5/9/2019 21:00,0.25,0.01
5/9/2019 22:00,0.0,0.0
5/9/2019 23:00,0.0,0.0
5/10/2019 0:00,0.0,0.0
5/10/2019 1:00,0.0,0.0
5/10/2019 2:00,0.0,0.0
5/10/2019 3:00,0.0,0.0
5/10/2019 4:00,0.0,0.0
5/10/2019 5:00,0.0,0.0
5/10/2019 6:00,0.0,0.0
5/10/2019 7:00,0.0,0.0
5/10/2019 8:00,0.75,0.03
5/10/2019 9:00,1.5,0.06
5/10/2019 10:00,3.5,0.15
5/10/2019 11:00,4.25,0.18
5/10/2019 12:00,5.25,0.22
5/10/2019 13:00,6.0,0.26
5/10/2019 14:00,7.25,0.31
5/10/2019 15:00,8.75,0.37
5/10/2019 16:00,15.25,0.65
5/10/2019 17:00,15.25,0.65
5/10/2019 18:00,11.25,0.48
5/10/2019 19:00,6.75,0.29
5/10/2019 20:00,1.75,0.07
5/10/2019 21:00,0.0,0.0
5/10/2019 22:00,0.0,0.0
5/10/2019 23:00,0.0,0.0
5/11/2019 0:00,0.0,0.0
5/11/2019 1:00,0.0,0.0
5/11/2019 2:00,0.0,0.0
5/11/2019 3:00,0.0,0.0
5/11/2019 4:00,0.0,0.0
5/11/2019 5:00,0.0,0.0
5/11/2019 6:00,0.0,0.0
5/11/2019 7:00,0.25,0.01
5/11/2019 8:00,1.25,0.05
5/11/2019 9:00,5.75,0.24
5/11/2019 10:00,10.75,0.46
5/11/2019 11:00,14.5,0.62
5/11/2019 12:00,16.75,0.71
5/11/2019 13:00,18.25,0.78
5/11/2019 14:00,19.0,0.81
5/11/2019 15:00,18.25,0.78
5/11/2019 16:00,16.75,0.71
5/11/2019 17:00,14.5,0.62
5/11/2019 18:00,11.0,0.47
5/11/2019 19:00,6.75,0.29
5/11/2019 20:00,1.5,0.06
5/11/2019 21:00,0.25,0.01
5/11/2019 22:00,0.0,0.0
5/11/2019 23:00,0.0,0.0
5/12/2019 0:00,0.0,0.0
5/12/2019 1:00,0.0,0.0
5/12/2019 2:00,0.0,0.0
5/12/2019 3:00,0.0,0.0
5/12/2019 4:00,0.0,0.0
5/12/2019 5:00,0.0,0.0
5/12/2019 6:00,0.0,0.0
5/12/2019 7:00,0.0,0.0
5/12/2019 8:00,1.25,0.05
5/12/2019 9:00,5.5,0.23
5/12/2019 10:00,10.5,0.45
5/12/2019 11:00,14.0,0.6
5/12/2019 12:00,16.5,0.7
5/12/2019 13:00,17.75,0.75
5/12/2019 14:00,17.75,0.75
5/12/2019 15:00,17.0,0.72
5/12/2019 16:00,16.0,0.68
5/12/2019 17:00,13.75,0.58
5/12/2019 18:00,10.75,0.46
5/12/2019 19:00,6.5,0.28
5/12/2019 20:00,1.5,0.06
5/12/2019 21:00,0.0,0.0
5/12/2019 22:00,0.0,0.0
5/12/2019 23:00,0.0,0.0
5/13/2019 0:00,0.0,0.0
5/13/2019 1:00,0.0,0.0
5/13/2019 2:00,0.0,0.0
5/13/2019 3:00,0.0,0.0
5/13/2019 4:00,0.0,0.0
5/13/2019 5:00,0.0,0.0
5/13/2019 6:00,0.0,0.0
5/13/2019 7:00,0.25,0.01
5/13/2019 8:00,1.25,0.05
5/13/2019 9:00,5.5,0.23
5/13/2019 10:00,10.5,0.45
5/13/2019 11:00,14.25,0.61
5/13/2019 12:00,16.75,0.71
5/13/2019 13:00,17.75,0.75
5/13/2019 14:00,18.0,0.77
5/13/2019 15:00,17.5,0.74
5/13/2019 16:00,16.0,0.68
5/13/2019 17:00,14.0,0.6
5/13/2019 18:00,10.75,0.46
5/13/2019 19:00,6.5,0.28
5/13/2019 20:00,1.5,0.06
5/13/2019 21:00,0.0,0.0
5/13/2019 22:00,0.0,0.0
5/13/2019 23:00,0.0,0.0
5/14/2019 0:00,0.0,0.0
5/14/2019 1:00,0.0,0.0
5/14/2019 2:00,0.0,0.0
5/14/2019 3:00,0.0,0.0
5/14/2019 4:00,0.0,0.0
5/14/2019 5:00,0.0,0.0
5/14/2019 6:00,0.0,0.0
5/14/2019 7:00,0.25,0.01
5/14/2019 8:00,1.25,0.05
5/14/2019 9:00,5.5,0.23
5/14/2019 10:00,10.0,0.43
5/14/2019 11:00,13.5,0.57
5/14/2019 12:00,16.25,0.69
5/14/2019 13:00,17.5,0.74
5/14/2019 14:00,18.0,0.77
5/14/2019 15:00,17.5,0.74
5/14/2019 16:00,16.25,0.69
5/14/2019 17:00,14.5,0.62
5/14/2019 18:00,11.0,0.47
5/14/2019 19:00,6.5,0.28
5/14/2019 20:00,1.5,0.06
5/14/2019 21:00,0.25,0.01
5/14/2019 22:00,0.0,0.0
5/14/2019 23:00,0.0,0.0
5/15/2019 0:00,0.0,0.0
5/15/2019 1:00,0.0,0.0
5/15/2019 2:00,0.0,0.0
5/15/2019 3:00,0.0,0.0
5/15/2019 4:00,0.0,0.0
5/15/2019 5:00,0.0,0.0
5/15/2019 6:00,0.0,0.0
5/15/2019 7:00,0.0,0.0
5/15/2019 8:00,1.5,0.06
5/15/2019 9:00,5.5,0.23
5/15/2019 10:00,10.25,0.44
5/15/2019 11:00,14.0,0.6
5/15/2019 12:00,16.5,0.7
5/15/2019 13:00,18.0,0.77
5/15/2019 14:00,18.25,0.78
5/15/2019 15:00,17.75,0.75
5/15/2019 16:00,16.75,0.71
5/15/2019 17:00,15.0,0.64
5/15/2019 18:00,11.5,0.49
5/15/2019 19:00,7.25,0.31
5/15/2019 20:00,1.25,0.05
5/15/2019 21:00,0.25,0.01
5/15/2019 22:00,0.0,0.0
5/15/2019 23:00,0.0,0.0
5/16/2019 0:00,0.0,0.0
5/16/2019 1:00,0.0,0.0
5/16/2019 2:00,0.0,0.0
5/16/2019 3:00,0.0,0.0
5/16/2019 4:00,0.0,0.0
5/16/2019 5:00,0.0,0.0
5/16/2019 6:00,0.0,0.0
5/16/2019 7:00,0.25,0.01
5/16/2019 8:00,1.5,0.06
5/16/2019 9:00,2.75,0.12
5/16/2019 10:00,3.25,0.14
5/16/2019 11:00,4.75,0.2
5/16/2019 12:00,15.25,0.65
5/16/2019 13:00,15.5,0.66
5/16/2019 14:00,15.0,0.64
5/16/2019 15:00,14.5,0.62
5/16/2019 16:00,16.25,0.69
5/16/2019 17:00,13.0,0.55
5/16/2019 18:00,7.25,0.31
5/16/2019 19:00,5.75,0.24
5/16/2019 20:00,1.75,0.07
5/16/2019 21:00,0.25,0.01
5/16/2019 22:00,0.0,0.0
5/16/2019 23:00,0.0,0.0
5/17/2019 0:00,0.0,0.0
5/17/2019 1:00,0.0,0.0
5/17/2019 2:00,0.0,0.0
5/17/2019 3:00,0.0,0.0
5/17/2019 4:00,0.0,0.0
5/17/2019 5:00,0.0,0.0
5/17/2019 6:00,0.0,0.0
5/17/2019 7:00,0.25,0.01
5/17/2019 8:00,1.75,0.07
5/17/2019 9:00,3.0,0.13
5/17/2019 10:00,6.0,0.26
5/17/2019 11:00,6.5,0.28
5/17/2019 12:00,9.75,0.41
5/17/2019 13:00,11.75,0.5
5/17/2019 14:00,14.5,0.62
5/17/2019 15:00,16.75,0.71
5/17/2019 16:00,15.25,0.65
5/17/2019 17:00,12.75,0.54
5/17/2019 18:00,8.75,0.37
5/17/2019 19:00,7.25,0.31
5/17/2019 20:00,1.0,0.04
5/17/2019 21:00,0.5,0.02
5/17/2019 22:00,0.0,0.0
5/17/2019 23:00,0.0,0.0
5/18/2019 0:00,0.0,0.0
5/18/2019 1:00,0.0,0.0
5/18/2019 2:00,0.0,0.0
5/18/2019 3:00,0.0,0.0
5/18/2019 4:00,0.0,0.0
5/18/2019 5:00,0.0,0.0
5/18/2019 6:00,0.0,0.0
5/18/2019 7:00,0.25,0.01
5/18/2019 8:00,1.5,0.06
5/18/2019 9:00,5.75,0.24
5/18/2019 10:00,5.0,0.21
5/18/2019 11:00,10.5,0.45
5/18/2019 12:00,11.5,0.49
5/18/2019 13:00,9.5,0.4
5/18/2019 14:00,8.25,0.35
5/18/2019 15:00,14.0,0.6
5/18/2019 16:00,12.25,0.52
5/18/2019 17:00,14.25,0.61
5/18/2019 18:00,10.75,0.46
5/18/2019 19:00,6.25,0.27
5/18/2019 20:00,1.75,0.07
5/18/2019 21:00,0.25,0.01
5/18/2019 22:00,0.0,0.0
5/18/2019 23:00,0.0,0.0
5/19/2019 0:00,0.0,0.0
5/19/2019 1:00,0.0,0.0
5/19/2019 2:00,0.0,0.0
5/19/2019 3:00,0.0,0.0
5/19/2019 4:00,0.0,0.0
5/19/2019 5:00,0.0,0.0
5/19/2019 6:00,0.0,0.0
5/19/2019 7:00,0.25,0.01
5/19/2019 8:00,1.5,0.06
5/19/2019 9:00,5.5,0.23
5/19/2019 10:00,10.5,0.45
5/19/2019 11:00,14.25,0.61
5/19/2019 12:00,9.75,0.41
5/19/2019 13:00,6.0,0.26
5/19/2019 14:00,8.75,0.37
5/19/2019 15:00,12.5,0.53
5/19/2019 16:00,12.0,0.51
5/19/2019 17:00,9.75,0.41
5/19/2019 18:00,9.5,0.4
5/19/2019 19:00,7.5,0.32
5/19/2019 20:00,1.5,0.06
5/19/2019 21:00,0.25,0.01
5/19/2019 22:00,0.0,0.0
5/19/2019 23:00,0.0,0.0
5/20/2019 0:00,0.0,0.0
5/20/2019 1:00,0.0,0.0
5/20/2019 2:00,0.0,0.0
5/20/2019 3:00,0.0,0.0
5/20/2019 4:00,0.0,0.0
5/20/2019 5:00,0.0,0.0
5/20/2019 6:00,0.0,0.0
5/20/2019 7:00,0.25,0.01
5/20/2019 8:00,1.25,0.05
5/20/2019 9:00,6.0,0.26
5/20/2019 10:00,10.75,0.46
5/20/2019 11:00,14.5,0.62
5/20/2019 12:00,12.0,0.51
5/20/2019 13:00,9.25,0.39
5/20/2019 14:00,12.0,0.51
5/20/2019 15:00,10.25,0.44
5/20/2019 16:00,11.0,0.47
5/20/2019 17:00,15.75,0.67
5/20/2019 18:00,11.75,0.5
5/20/2019 19:00,3.0,0.13
5/20/2019 20:00,0.75,0.03
5/20/2019 21:00,0.25,0.01
5/20/2019 22:00,0.0,0.0
5/20/2019 23:00,0.0,0.0
5/21/2019 0:00,0.0,0.0
5/21/2019 1:00,0.0,0.0
5/21/2019 2:00,0.0,0.0
5/21/2019 3:00,0.0,0.0
5/21/2019 4:00,0.0,0.0
5/21/2019 5:00,0.0,0.0
5/21/2019 6:00,0.0,0.0
5/21/2019 7:00,0.25,0.01
5/21/2019 8:00,1.75,0.07
5/21/2019 9:00,4.5,0.19
5/21/2019 10:00,8.25,0.35
5/21/2019 11:00,9.25,0.39
5/21/2019 12:00,9.25,0.39
5/21/2019 13:00,13.75,0.58
5/21/2019 14:00,16.25,0.69
5/21/2019 15:00,16.25,0.69
5/21/2019 16:00,14.0,0.6
5/21/2019 17:00,14.5,0.62
5/21/2019 18:00,11.0,0.47
5/21/2019 19:00,7.25,0.31
5/21/2019 20:00,1.25,0.05
5/21/2019 21:00,0.0,0.0
5/21/2019 22:00,0.0,0.0
5/21/2019 23:00,0.0,0.0
5/22/2019 0:00,0.0,0.0
5/22/2019 1:00,0.0,0.0
5/22/2019 2:00,0.0,0.0
5/22/2019 3:00,0.0,0.0
5/22/2019 4:00,0.0,0.0
5/22/2019 5:00,0.0,0.0
5/22/2019 6:00,0.0,0.0
5/22/2019 7:00,0.25,0.01
5/22/2019 8:00,1.5,0.06
5/22/2019 9:00,5.75,0.24
5/22/2019 10:00,10.25,0.44
5/22/2019 11:00,14.0,0.6
5/22/2019 12:00,16.5,0.7
5/22/2019 13:00,18.0,0.77
5/22/2019 14:00,17.25,0.73
5/22/2019 15:00,15.0,0.64
5/22/2019 16:00,17.25,0.73
5/22/2019 17:00,14.75,0.63
5/22/2019 18:00,11.5,0.49
5/22/2019 19:00,7.0,0.3
5/22/2019 20:00,1.0,0.04
5/22/2019 21:00,0.25,0.01
5/22/2019 22:00,0.0,0.0
5/22/2019 23:00,0.0,0.0
5/23/2019 0:00,0.0,0.0
5/23/2019 1:00,0.0,0.0
5/23/2019 2:00,0.0,0.0
5/23/2019 3:00,0.0,0.0
5/23/2019 4:00,0.0,0.0
5/23/2019 5:00,0.0,0.0
5/23/2019 6:00,0.0,0.0
5/23/2019 7:00,0.0,0.0
5/23/2019 8:00,1.75,0.07
5/23/2019 9:00,5.5,0.23
5/23/2019 10:00,10.5,0.45
5/23/2019 11:00,14.0,0.6
5/23/2019 12:00,16.5,0.7
5/23/2019 13:00,18.0,0.77
5/23/2019 14:00,18.25,0.78
5/23/2019 15:00,15.25,0.65
5/23/2019 16:00,14.75,0.63
5/23/2019 17:00,12.25,0.52
5/23/2019 18:00,7.5,0.32
5/23/2019 19:00,4.5,0.19
5/23/2019 20:00,2.25,0.1
5/23/2019 21:00,0.25,0.01
5/23/2019 22:00,0.0,0.0
5/23/2019 23:00,0.0,0.0
5/24/2019 0:00,0.0,0.0
5/24/2019 1:00,0.0,0.0
5/24/2019 2:00,0.0,0.0
5/24/2019 3:00,0.0,0.0
5/24/2019 4:00,0.0,0.0
5/24/2019 5:00,0.0,0.0
5/24/2019 6:00,0.0,0.0
5/24/2019 7:00,0.25,0.01
5/24/2019 8:00,1.5,0.06
5/24/2019 9:00,5.75,0.24
5/24/2019 10:00,10.25,0.44
5/24/2019 11:00,13.75,0.58
5/24/2019 12:00,16.75,0.71
5/24/2019 13:00,18.0,0.77
5/24/2019 14:00,19.5,0.83
5/24/2019 15:00,19.25,0.82
5/24/2019 16:00,17.25,0.73
5/24/2019 17:00,14.75,0.63
5/24/2019 18:00,11.0,0.47
5/24/2019 19:00,7.0,0.3
5/24/2019 20:00,1.5,0.06
5/24/2019 21:00,0.25,0.01
5/24/2019 22:00,0.0,0.0
5/24/2019 23:00,0.0,0.0
5/25/2019 0:00,0.0,0.0
5/25/2019 1:00,0.0,0.0
5/25/2019 2:00,0.0,0.0
5/25/2019 3:00,0.0,0.0
5/25/2019 4:00,0.0,0.0
5/25/2019 5:00,0.0,0.0
5/25/2019 6:00,0.0,0.0
5/25/2019 7:00,0.25,0.01
5/25/2019 8:00,1.5,0.06
5/25/2019 9:00,5.75,0.24
5/25/2019 10:00,10.25,0.44
5/25/2019 11:00,14.25,0.61
5/25/2019 12:00,16.5,0.7
5/25/2019 13:00,18.0,0.77
5/25/2019 14:00,18.5,0.79
5/25/2019 15:00,18.0,0.77
5/25/2019 16:00,16.5,0.7
5/25/2019 17:00,14.25,0.61
5/25/2019 18:00,11.25,0.48
5/25/2019 19:00,7.0,0.3
5/25/2019 20:00,1.0,0.04
5/25/2019 21:00,0.0,0.0
5/25/2019 22:00,0.0,0.0
5/25/2019 23:00,0.0,0.0
5/26/2019 0:00,0.0,0.0
5/26/2019 1:00,0.0,0.0
5/26/2019 2:00,0.0,0.0
5/26/2019 3:00,0.0,0.0
5/26/2019 4:00,0.0,0.0
5/26/2019 5:00,0.0,0.0
5/26/2019 6:00,0.0,0.0
5/26/2019 7:00,0.25,0.01
5/26/2019 8:00,1.5,0.06
5/26/2019 9:00,5.5,0.23
5/26/2019 10:00,10.25,0.44
5/26/2019 11:00,13.75,0.58
5/26/2019 12:00,16.25,0.69
5/26/2019 13:00,17.5,0.74
5/26/2019 14:00,17.25,0.73
5/26/2019 15:00,17.5,0.74
5/26/2019 16:00,16.75,0.71
5/26/2019 17:00,14.75,0.63
5/26/2019 18:00,11.25,0.48
5/26/2019 19:00,7.0,0.3
5/26/2019 20:00,1.0,0.04
5/26/2019 21:00,0.0,0.0
5/26/2019 22:00,0.0,0.0
5/26/2019 23:00,0.0,0.0
5/27/2019 0:00,0.0,0.0
5/27/2019 1:00,0.0,0.0
5/27/2019 2:00,0.0,0.0
5/27/2019 3:00,0.0,0.0
5/27/2019 4:00,0.0,0.0
5/27/2019 5:00,0.0,0.0
5/27/2019 6:00,0.0,0.0
5/27/2019 7:00,0.25,0.01
5/27/2019 8:00,1.5,0.06
5/27/2019 9:00,5.75,0.24
5/27/2019 10:00,10.25,0.44
5/27/2019 11:00,14.0,0.6
5/27/2019 12:00,16.5,0.7
5/27/2019 13:00,18.25,0.78
5/27/2019 14:00,18.75,0.8
5/27/2019 15:00,18.5,0.79
5/27/2019 16:00,17.25,0.73
5/27/2019 17:00,14.5,0.62
5/27/2019 18:00,11.25,0.48
5/27/2019 19:00,6.75,0.29
5/27/2019 20:00,1.25,0.05
5/27/2019 21:00,0.25,0.01
5/27/2019 22:00,0.0,0.0
5/27/2019 23:00,0.0,0.0
5/28/2019 0:00,0.0,0.0
5/28/2019 1:00,0.0,0.0
5/28/2019 2:00,0.0,0.0
5/28/2019 3:00,0.0,0.0
5/28/2019 4:00,0.0,0.0
5/28/2019 5:00,0.0,0.0
5/28/2019 6:00,0.0,0.0
5/28/2019 7:00,0.25,0.01
5/28/2019 8:00,1.5,0.06
5/28/2019 9:00,5.75,0.24
5/28/2019 10:00,10.5,0.45
5/28/2019 11:00,14.0,0.6
5/28/2019 12:00,16.5,0.7
5/28/2019 13:00,18.0,0.77
5/28/2019 14:00,18.0,0.77
5/28/2019 15:00,18.0,0.77
5/28/2019 16:00,16.75,0.71
5/28/2019 17:00,14.5,0.62
5/28/2019 18:00,11.25,0.48
5/28/2019 19:00,7.0,0.3
5/28/2019 20:00,0.75,0.03
5/28/2019 21:00,0.25,0.01
5/28/2019 22:00,0.0,0.0
5/28/2019 23:00,0.0,0.0
5/29/2019 0:00,0.0,0.0
5/29/2019 1:00,0.0,0.0
5/29/2019 2:00,0.0,0.0
5/29/2019 3:00,0.0,0.0
5/29/2019 4:00,0.0,0.0
5/29/2019 5:00,0.0,0.0
5/29/2019 6:00,0.0,0.0
5/29/2019 7:00,0.25,0.01
5/29/2019 8:00,1.5,0.06
5/29/2019 9:00,5.75,0.24
5/29/2019 10:00,10.25,0.44
5/29/2019 11:00,14.0,0.6
5/29/2019 12:00,16.5,0.7
5/29/2019 13:00,17.75,0.75
5/29/2019 14:00,17.75,0.75
5/29/2019 15:00,17.5,0.74
5/29/2019 16:00,16.25,0.69
5/29/2019 17:00,14.0,0.6
5/29/2019 18:00,11.0,0.47
5/29/2019 19:00,6.75,0.29
5/29/2019 20:00,0.75,0.03
5/29/2019 21:00,0.25,0.01
5/29/2019 22:00,0.0,0.0
5/29/2019 23:00,0.0,0.0
5/30/2019 0:00,0.0,0.0
5/30/2019 1:00,0.0,0.0
5/30/2019 2:00,0.0,0.0
5/30/2019 3:00,0.0,0.0
5/30/2019 4:00,0.0,0.0
5/30/2019 5:00,0.0,0.0
5/30/2019 6:00,0.0,0.0
5/30/2019 7:00,0.25,0.01
5/30/2019 8:00,1.5,0.06
5/30/2019 9:00,5.75,0.24
5/30/2019 10:00,10.25,0.44
5/30/2019 11:00,13.5,0.57
5/30/2019 12:00,16.25,0.69
5/30/2019 13:00,17.25,0.73
5/30/2019 14:00,17.5,0.74
5/30/2019 15:00,17.0,0.72
5/30/2019 16:00,15.75,0.67
5/30/2019 17:00,14.0,0.6
5/30/2019 18:00,10.75,0.46
5/30/2019 19:00,6.5,0.28
5/30/2019 20:00,0.75,0.03
5/30/2019 21:00,0.25,0.01
5/30/2019 22:00,0.0,0.0
5/30/2019 23:00,0.0,0.0
5/31/2019 0:00,0.0,0.0
5/31/2019 1:00,0.0,0.0
5/31/2019 2:00,0.0,0.0
5/31/2019 3:00,0.0,0.0
5/31/2019 4:00,0.0,0.0
5/31/2019 5:00,0.0,0.0
5/31/2019 6:00,0.0,0.0
5/31/2019 7:00,0.25,0.01
5/31/2019 8:00,1.5,0.06
5/31/2019 9:00,5.5,0.23
5/31/2019 10:00,10.0,0.43
5/31/2019 11:00,13.25,0.56
5/31/2019 12:00,16.0,0.68
5/31/2019 13:00,17.0,0.72
5/31/2019 14:00,17.25,0.73
5/31/2019 15:00,16.5,0.7
5/31/2019 16:00,15.75,0.67
5/31/2019 17:00,13.5,0.57
5/31/2019 18:00,10.75,0.46
5/31/2019 19:00,6.5,0.28
5/31/2019 20:00,1.0,0.04
5/31/2019 21:00,0.25,0.01
5/31/2019 22:00,0.0,0.0
5/31/2019 23:00,0.0,0.0
6/1/2019 0:00,0.0,0.0
6/1/2019 1:00,0.0,0.0
6/1/2019 2:00,0.0,0.0
6/1/2019 3:00,0.0,0.0
6/1/2019 4:00,0.0,0.0
6/1/2019 5:00,0.0,0.0
6/1/2019 6:00,0.0,0.0
6/1/2019 7:00,0.25,0.01
6/1/2019 8:00,1.5,0.06
6/1/2019 9:00,5.5,0.23
6/1/2019 10:00,9.75,0.41
6/1/2019 11:00,13.5,0.57
6/1/2019 12:00,15.5,0.66
6/1/2019 13:00,16.75,0.71
6/1/2019 14:00,17.25,0.73
6/1/2019 15:00,16.5,0.7
6/1/2019 16:00,15.5,0.66
6/1/2019 17:00,13.75,0.58
6/1/2019 18:00,10.5,0.45
6/1/2019 19:00,6.5,0.28
6/1/2019 20:00,0.75,0.03
6/1/2019 21:00,0.25,0.01
6/1/2019 22:00,0.0,0.0
6/1/2019 23:00,0.0,0.0
6/2/2019 0:00,0.0,0.0
6/2/2019 1:00,0.0,0.0
6/2/2019 2:00,0.0,0.0
6/2/2019 3:00,0.0,0.0
6/2/2019 4:00,0.0,0.0
6/2/2019 5:00,0.0,0.0
6/2/2019 6:00,0.0,0.0
6/2/2019 7:00,0.25,0.01
6/2/2019 8:00,1.5,0.06
6/2/2019 9:00,5.5,0.23
6/2/2019 10:00,10.0,0.43
6/2/2019 11:00,13.25,0.56
6/2/2019 12:00,15.25,0.65
6/2/2019 13:00,16.75,0.71
6/2/2019 14:00,17.25,0.73
6/2/2019 15:00,16.5,0.7
6/2/2019 16:00,15.75,0.67
6/2/2019 17:00,11.75,0.5
6/2/2019 18:00,9.0,0.38
6/2/2019 19:00,6.0,0.26
6/2/2019 20:00,1.5,0.06
6/2/2019 21:00,0.25,0.01
6/2/2019 22:00,0.0,0.0
6/2/2019 23:00,0.0,0.0
6/3/2019 0:00,0.0,0.0
6/3/2019 1:00,0.0,0.0
6/3/2019 2:00,0.0,0.0
6/3/2019 3:00,0.0,0.0
6/3/2019 4:00,0.0,0.0
6/3/2019 5:00,0.0,0.0
6/3/2019 6:00,0.0,0.0
6/3/2019 7:00,0.25,0.01
6/3/2019 8:00,1.75,0.07
6/3/2019 9:00,5.5,0.23
6/3/2019 10:00,10.0,0.43
6/3/2019 11:00,13.25,0.56
6/3/2019 12:00,15.5,0.66
6/3/2019 13:00,17.25,0.73
6/3/2019 14:00,17.25,0.73
6/3/2019 15:00,17.0,0.72
6/3/2019 16:00,16.25,0.69
6/3/2019 17:00,14.25,0.61
6/3/2019 18:00,11.25,0.48
6/3/2019 19:00,6.75,0.29
6/3/2019 20:00,1.0,0.04
6/3/2019 21:00,0.25,0.01
6/3/2019 22:00,0.0,0.0
6/3/2019 23:00,0.0,0.0
6/4/2019 0:00,0.0,0.0
6/4/2019 1:00,0.0,0.0
6/4/2019 2:00,0.0,0.0
6/4/2019 3:00,0.0,0.0
6/4/2019 4:00,0.0,0.0
6/4/2019 5:00,0.0,0.0
6/4/2019 6:00,0.0,0.0
6/4/2019 7:00,0.25,0.01
6/4/2019 8:00,1.5,0.06
6/4/2019 9:00,4.75,0.2
6/4/2019 10:00,5.5,0.23
6/4/2019 11:00,9.5,0.4
6/4/2019 12:00,7.5,0.32
6/4/2019 13:00,7.0,0.3
6/4/2019 14:00,5.5,0.23
6/4/2019 15:00,11.25,0.48
6/4/2019 16:00,15.75,0.67
6/4/2019 17:00,14.75,0.63
6/4/2019 18:00,10.25,0.44
6/4/2019 19:00,6.25,0.27
6/4/2019 20:00,1.5,0.06
6/4/2019 21:00,0.5,0.02
6/4/2019 22:00,0.0,0.0
6/4/2019 23:00,0.0,0.0
6/5/2019 0:00,0.0,0.0
6/5/2019 1:00,0.0,0.0
6/5/2019 2:00,0.0,0.0
6/5/2019 3:00,0.0,0.0
6/5/2019 4:00,0.0,0.0
6/5/2019 5:00,0.0,0.0
6/5/2019 6:00,0.0,0.0
6/5/2019 7:00,0.25,0.01
6/5/2019 8:00,1.75,0.07
6/5/2019 9:00,4.75,0.2
6/5/2019 10:00,8.25,0.35
6/5/2019 11:00,11.25,0.48
6/5/2019 12:00,5.75,0.24
6/5/2019 13:00,12.5,0.53
6/5/2019 14:00,14.25,0.61
6/5/2019 15:00,15.75,0.67
6/5/2019 16:00,18.25,0.78
6/5/2019 17:00,15.75,0.67
6/5/2019 18:00,12.0,0.51
6/5/2019 19:00,6.5,0.28
6/5/2019 20:00,1.5,0.06
6/5/2019 21:00,0.5,0.02
6/5/2019 22:00,0.0,0.0
6/5/2019 23:00,0.0,0.0
6/6/2019 0:00,0.0,0.0
6/6/2019 1:00,0.0,0.0
6/6/2019 2:00,0.0,0.0
6/6/2019 3:00,0.0,0.0
6/6/2019 4:00,0.0,0.0
6/6/2019 5:00,0.0,0.0
6/6/2019 6:00,0.0,0.0
6/6/2019 7:00,0.0,0.0
6/6/2019 8:00,2.0,0.09
6/6/2019 9:00,5.5,0.23
6/6/2019 10:00,10.0,0.43
6/6/2019 11:00,11.5,0.49
6/6/2019 12:00,10.75,0.46
6/6/2019 13:00,9.0,0.38
6/6/2019 14:00,8.5,0.36
6/6/2019 15:00,10.75,0.46
6/6/2019 16:00,8.5,0.36
6/6/2019 17:00,4.25,0.18
6/6/2019 18:00,2.0,0.09
6/6/2019 19:00,1.25,0.05
6/6/2019 20:00,0.75,0.03
6/6/2019 21:00,0.25,0.01
6/6/2019 22:00,0.0,0.0
6/6/2019 23:00,0.0,0.0
6/7/2019 0:00,0.0,0.0
6/7/2019 1:00,0.0,0.0
6/7/2019 2:00,0.0,0.0
6/7/2019 3:00,0.0,0.0
6/7/2019 4:00,0.0,0.0
6/7/2019 5:00,0.0,0.0
6/7/2019 6:00,0.0,0.0
6/7/2019 7:00,0.25,0.01
6/7/2019 8:00,1.75,0.07
6/7/2019 9:00,6.25,0.27
6/7/2019 10:00,8.0,0.34
6/7/2019 11:00,9.75,0.41
6/7/2019 12:00,17.25,0.73
6/7/2019 13:00,16.25,0.69
6/7/2019 14:00,17.0,0.72
6/7/2019 15:00,16.0,0.68
6/7/2019 16:00,15.75,0.67
6/7/2019 17:00,15.25,0.65
6/7/2019 18:00,12.0,0.51
6/7/2019 19:00,7.75,0.33
6/7/2019 20:00,0.75,0.03
6/7/2019 21:00,0.5,0.02
6/7/2019 22:00,0.0,0.0
6/7/2019 23:00,0.0,0.0
6/8/2019 0:00,0.0,0.0
6/8/2019 1:00,0.0,0.0
6/8/2019 2:00,0.0,0.0
6/8/2019 3:00,0.0,0.0
6/8/2019 4:00,0.0,0.0
6/8/2019 5:00,0.0,0.0
6/8/2019 6:00,0.0,0.0
6/8/2019 7:00,0.0,0.0
6/8/2019 8:00,1.75,0.07
6/8/2019 9:00,6.5,0.28
6/8/2019 10:00,9.75,0.41
6/8/2019 11:00,13.75,0.58
6/8/2019 12:00,14.5,0.62
6/8/2019 13:00,17.0,0.72
6/8/2019 14:00,19.5,0.83
6/8/2019 15:00,19.25,0.82
6/8/2019 16:00,12.75,0.54
6/8/2019 17:00,14.75,0.63
6/8/2019 18:00,12.5,0.53
6/8/2019 19:00,6.75,0.29
6/8/2019 20:00,1.0,0.04
6/8/2019 21:00,0.25,0.01
6/8/2019 22:00,0.0,0.0
6/8/2019 23:00,0.0,0.0
6/9/2019 0:00,0.0,0.0
6/9/2019 1:00,0.0,0.0
6/9/2019 2:00,0.0,0.0
6/9/2019 3:00,0.0,0.0
6/9/2019 4:00,0.0,0.0
6/9/2019 5:00,0.0,0.0
6/9/2019 6:00,0.0,0.0
6/9/2019 7:00,0.25,0.01
6/9/2019 8:00,1.5,0.06
6/9/2019 9:00,6.0,0.26
6/9/2019 10:00,10.75,0.46
6/9/2019 11:00,13.75,0.58
6/9/2019 12:00,15.25,0.65
6/9/2019 13:00,19.0,0.81
6/9/2019 14:00,19.75,0.84
6/9/2019 15:00,19.25,0.82
6/9/2019 16:00,18.0,0.77
6/9/2019 17:00,15.0,0.64
6/9/2019 18:00,10.25,0.44
6/9/2019 19:00,7.75,0.33
6/9/2019 20:00,1.5,0.06
6/9/2019 21:00,0.25,0.01
6/9/2019 22:00,0.0,0.0
6/9/2019 23:00,0.0,0.0
6/10/2019 0:00,0.0,0.0
6/10/2019 1:00,0.0,0.0
6/10/2019 2:00,0.0,0.0
6/10/2019 3:00,0.0,0.0
6/10/2019 4:00,0.0,0.0
6/10/2019 5:00,0.0,0.0
6/10/2019 6:00,0.0,0.0
6/10/2019 7:00,0.25,0.01
6/10/2019 8:00,1.75,0.07
6/10/2019 9:00,5.25,0.22
6/10/2019 10:00,10.5,0.45
6/10/2019 11:00,14.5,0.62
6/10/2019 12:00,17.0,0.72
6/10/2019 13:00,18.5,0.79
6/10/2019 14:00,19.25,0.82
6/10/2019 15:00,18.75,0.8
6/10/2019 16:00,17.75,0.75
6/10/2019 17:00,15.75,0.67
6/10/2019 18:00,12.25,0.52
6/10/2019 19:00,7.5,0.32
6/10/2019 20:00,1.0,0.04
6/10/2019 21:00,0.25,0.01
6/10/2019 22:00,0.0,0.0
6/10/2019 23:00,0.0,0.0
6/11/2019 0:00,0.0,0.0
6/11/2019 1:00,0.0,0.0
6/11/2019 2:00,0.0,0.0
6/11/2019 3:00,0.0,0.0
6/11/2019 4:00,0.0,0.0
6/11/2019 5:00,0.0,0.0
6/11/2019 6:00,0.0,0.0
6/11/2019 7:00,0.25,0.01
6/11/2019 8:00,0.75,0.03
6/11/2019 9:00,5.0,0.21
6/11/2019 10:00,8.0,0.34
6/11/2019 11:00,14.75,0.63
6/11/2019 12:00,17.25,0.73
6/11/2019 13:00,19.0,0.81
6/11/2019 14:00,19.75,0.84
6/11/2019 15:00,19.5,0.83
6/11/2019 16:00,18.25,0.78
6/11/2019 17:00,16.0,0.68
6/11/2019 18:00,12.5,0.53
6/11/2019 19:00,7.5,0.32
6/11/2019 20:00,1.0,0.04
6/11/2019 21:00,0.25,0.01
6/11/2019 22:00,0.0,0.0
6/11/2019 23:00,0.0,0.0
6/12/2019 0:00,0.0,0.0
6/12/2019 1:00,0.0,0.0
6/12/2019 2:00,0.0,0.0
6/12/2019 3:00,0.0,0.0
6/12/2019 4:00,0.0,0.0
6/12/2019 5:00,0.0,0.0
6/12/2019 6:00,0.0,0.0
6/12/2019 7:00,0.25,0.01
6/12/2019 8:00,1.5,0.06
6/12/2019 9:00,6.5,0.28
6/12/2019 10:00,11.0,0.47
6/12/2019 11:00,14.75,0.63
6/12/2019 12:00,17.5,0.74
6/12/2019 13:00,19.0,0.81
6/12/2019 14:00,19.75,0.84
6/12/2019 15:00,19.5,0.83
6/12/2019 16:00,18.5,0.79
6/12/2019 17:00,16.0,0.68
6/12/2019 18:00,12.5,0.53
6/12/2019 19:00,7.75,0.33
6/12/2019 20:00,1.0,0.04
6/12/2019 21:00,0.25,0.01
6/12/2019 22:00,0.0,0.0
6/12/2019 23:00,0.0,0.0
6/13/2019 0:00,0.0,0.0
6/13/2019 1:00,0.0,0.0
6/13/2019 2:00,0.0,0.0
6/13/2019 3:00,0.0,0.0
6/13/2019 4:00,0.0,0.0
6/13/2019 5:00,0.0,0.0
6/13/2019 6:00,0.0,0.0
6/13/2019 7:00,0.25,0.01
6/13/2019 8:00,1.75,0.07
6/13/2019 9:00,5.75,0.24
6/13/2019 10:00,8.0,0.34
6/13/2019 11:00,9.25,0.39
6/13/2019 12:00,15.75,0.67
6/13/2019 13:00,17.75,0.75
6/13/2019 14:00,17.0,0.72
6/13/2019 15:00,17.5,0.74
6/13/2019 16:00,18.0,0.77
6/13/2019 17:00,15.5,0.66
6/13/2019 18:00,10.25,0.44
6/13/2019 19:00,7.75,0.33
6/13/2019 20:00,1.25,0.05
6/13/2019 21:00,0.25,0.01
6/13/2019 22:00,0.0,0.0
6/13/2019 23:00,0.0,0.0
6/14/2019 0:00,0.0,0.0
6/14/2019 1:00,0.0,0.0
6/14/2019 2:00,0.0,0.0
6/14/2019 3:00,0.0,0.0
6/14/2019 4:00,0.0,0.0
6/14/2019 5:00,0.0,0.0
6/14/2019 6:00,0.0,0.0
6/14/2019 7:00,0.25,0.01
6/14/2019 8:00,1.5,0.06
6/14/2019 9:00,6.0,0.26
6/14/2019 10:00,7.0,0.3
6/14/2019 11:00,8.5,0.36
6/14/2019 12:00,8.0,0.34
6/14/2019 13:00,2.0,0.09
6/14/2019 14:00,8.5,0.36
6/14/2019 15:00,12.25,0.52
6/14/2019 16:00,7.25,0.31
6/14/2019 17:00,8.25,0.35
6/14/2019 18:00,8.0,0.34
6/14/2019 19:00,6.5,0.28
6/14/2019 20:00,1.0,0.04
6/14/2019 21:00,0.25,0.01
6/14/2019 22:00,0.0,0.0
6/14/2019 23:00,0.0,0.0
6/15/2019 0:00,0.0,0.0
6/15/2019 1:00,0.0,0.0
6/15/2019 2:00,0.0,0.0
6/15/2019 3:00,0.0,0.0
6/15/2019 4:00,0.0,0.0
6/15/2019 5:00,0.0,0.0
6/15/2019 6:00,0.0,0.0
6/15/2019 7:00,0.25,0.01
6/15/2019 8:00,1.5,0.06
6/15/2019 9:00,6.0,0.26
6/15/2019 10:00,10.25,0.44
6/15/2019 11:00,8.0,0.34
6/15/2019 12:00,11.75,0.5
6/15/2019 13:00,10.5,0.45
6/15/2019 14:00,7.75,0.33
6/15/2019 15:00,8.5,0.36
6/15/2019 16:00,15.0,0.64
6/15/2019 17:00,15.75,0.67
6/15/2019 18:00,12.25,0.52
6/15/2019 19:00,7.5,0.32
6/15/2019 20:00,1.0,0.04
6/15/2019 21:00,0.25,0.01
6/15/2019 22:00,0.0,0.0
6/15/2019 23:00,0.0,0.0
6/16/2019 0:00,0.0,0.0
6/16/2019 1:00,0.0,0.0
6/16/2019 2:00,0.0,0.0
6/16/2019 3:00,0.0,0.0
6/16/2019 4:00,0.0,0.0
6/16/2019 5:00,0.0,0.0
6/16/2019 6:00,0.0,0.0
6/16/2019 7:00,0.25,0.01
6/16/2019 8:00,2.0,0.09
6/16/2019 9:00,5.0,0.21
6/16/2019 10:00,8.75,0.37
6/16/2019 11:00,13.75,0.58
6/16/2019 12:00,13.75,0.58
6/16/2019 13:00,16.5,0.7
6/16/2019 14:00,17.75,0.75
6/16/2019 15:00,18.5,0.79
6/16/2019 16:00,17.0,0.72
6/16/2019 17:00,15.25,0.65
6/16/2019 18:00,12.25,0.52
6/16/2019 19:00,7.5,0.32
6/16/2019 20:00,1.0,0.04
6/16/2019 21:00,0.25,0.01
6/16/2019 22:00,0.0,0.0
6/16/2019 23:00,0.0,0.0
6/17/2019 0:00,0.0,0.0
6/17/2019 1:00,0.0,0.0
6/17/2019 2:00,0.0,0.0
6/17/2019 3:00,0.0,0.0
6/17/2019 4:00,0.0,0.0
6/17/2019 5:00,0.0,0.0
6/17/2019 6:00,0.0,0.0
6/17/2019 7:00,0.5,0.02
6/17/2019 8:00,1.5,0.06
6/17/2019 9:00,6.25,0.27
6/17/2019 10:00,11.5,0.49
6/17/2019 11:00,14.0,0.6
6/17/2019 12:00,13.0,0.55
6/17/2019 13:00,13.5,0.57
6/17/2019 14:00,14.75,0.63
6/17/2019 15:00,15.75,0.67
6/17/2019 16:00,12.0,0.51
6/17/2019 17:00,8.0,0.34
6/17/2019 18:00,9.25,0.39
6/17/2019 19:00,5.5,0.23
6/17/2019 20:00,1.0,0.04
6/17/2019 21:00,0.25,0.01
6/17/2019 22:00,0.0,0.0
6/17/2019 23:00,0.0,0.0
6/18/2019 0:00,0.0,0.0
6/18/2019 1:00,0.0,0.0
6/18/2019 2:00,0.0,0.0
6/18/2019 3:00,0.0,0.0
6/18/2019 4:00,0.0,0.0
6/18/2019 5:00,0.0,0.0
6/18/2019 6:00,0.0,0.0
6/18/2019 7:00,0.25,0.01
6/18/2019 8:00,0.75,0.03
6/18/2019 9:00,2.5,0.11
6/18/2019 10:00,5.75,0.24
6/18/2019 11:00,7.0,0.3
6/18/2019 12:00,9.75,0.41
6/18/2019 13:00,13.25,0.56
6/18/2019 14:00,13.75,0.58
6/18/2019 15:00,13.25,0.56
6/18/2019 16:00,12.25,0.52
6/18/2019 17:00,7.5,0.32
6/18/2019 18:00,5.75,0.24
6/18/2019 19:00,2.25,0.1
6/18/2019 20:00,0.5,0.02
6/18/2019 21:00,0.5,0.02
6/18/2019 22:00,0.0,0.0
6/18/2019 23:00,0.0,0.0
6/19/2019 0:00,0.0,0.0
6/19/2019 1:00,0.0,0.0
6/19/2019 2:00,0.0,0.0
6/19/2019 3:00,0.0,0.0
6/19/2019 4:00,0.0,0.0
6/19/2019 5:00,0.0,0.0
6/19/2019 6:00,0.0,0.0
6/19/2019 7:00,0.25,0.01
6/19/2019 8:00,1.25,0.05
6/19/2019 9:00,3.5,0.15
6/19/2019 10:00,8.5,0.36
6/19/2019 11:00,8.5,0.36
6/19/2019 12:00,9.75,0.41
6/19/2019 13:00,14.25,0.61
6/19/2019 14:00,17.75,0.75
6/19/2019 15:00,14.25,0.61
6/19/2019 16:00,9.5,0.4
6/19/2019 17:00,5.25,0.22
6/19/2019 18:00,5.0,0.21
6/19/2019 19:00,6.0,0.26
6/19/2019 20:00,2.25,0.1
6/19/2019 21:00,1.0,0.04
6/19/2019 22:00,0.0,0.0
6/19/2019 23:00,0.0,0.0
6/20/2019 0:00,0.0,0.0
6/20/2019 1:00,0.0,0.0
6/20/2019 2:00,0.0,0.0
6/20/2019 3:00,0.0,0.0
6/20/2019 4:00,0.0,0.0
6/20/2019 5:00,0.0,0.0
6/20/2019 6:00,0.0,0.0
6/20/2019 7:00,0.0,0.0
6/20/2019 8:00,1.25,0.05
6/20/2019 9:00,2.5,0.11
6/20/2019 10:00,4.75,0.2
6/20/2019 11:00,3.5,0.15
6/20/2019 12:00,6.5,0.28
6/20/2019 13:00,9.5,0.4
6/20/2019 14:00,11.75,0.5
6/20/2019 15:00,12.0,0.51
6/20/2019 16:00,9.25,0.39
6/20/2019 17:00,11.25,0.48
6/20/2019 18:00,12.25,0.52
6/20/2019 19:00,8.25,0.35
6/20/2019 20:00,1.0,0.04
6/20/2019 21:00,0.25,0.01
6/20/2019 22:00,0.0,0.0
6/20/2019 23:00,0.0,0.0
6/21/2019 0:00,0.0,0.0
6/21/2019 1:00,0.0,0.0
6/21/2019 2:00,0.0,0.0
6/21/2019 3:00,0.0,0.0
6/21/2019 4:00,0.0,0.0
6/21/2019 5:00,0.0,0.0
6/21/2019 6:00,0.0,0.0
6/21/2019 7:00,0.25,0.01
6/21/2019 8:00,1.75,0.07
6/21/2019 9:00,6.0,0.26
6/21/2019 10:00,10.5,0.45
6/21/2019 11:00,14.25,0.61
6/21/2019 12:00,17.0,0.72
6/21/2019 13:00,18.5,0.79
6/21/2019 14:00,19.25,0.82
6/21/2019 15:00,18.25,0.78
6/21/2019 16:00,17.25,0.73
6/21/2019 17:00,15.25,0.65
6/21/2019 18:00,12.75,0.54
6/21/2019 19:00,7.5,0.32
6/21/2019 20:00,0.75,0.03
6/21/2019 21:00,0.5,0.02
6/21/2019 22:00,0.0,0.0
6/21/2019 23:00,0.0,0.0
6/22/2019 0:00,0.0,0.0
6/22/2019 1:00,0.0,0.0
6/22/2019 2:00,0.0,0.0
6/22/2019 3:00,0.0,0.0
6/22/2019 4:00,0.0,0.0
6/22/2019 5:00,0.0,0.0
6/22/2019 6:00,0.0,0.0
6/22/2019 7:00,0.25,0.01
6/22/2019 8:00,1.75,0.07
6/22/2019 9:00,6.0,0.26
6/22/2019 10:00,9.75,0.41
6/22/2019 11:00,11.25,0.48
6/22/2019 12:00,13.5,0.57
6/22/2019 13:00,15.75,0.67
6/22/2019 14:00,15.75,0.67
6/22/2019 15:00,16.5,0.7
6/22/2019 16:00,17.0,0.72
6/22/2019 17:00,14.75,0.63
6/22/2019 18:00,12.25,0.52
6/22/2019 19:00,7.25,0.31
6/22/2019 20:00,1.0,0.04
6/22/2019 21:00,0.25,0.01
6/22/2019 22:00,0.0,0.0
6/22/2019 23:00,0.0,0.0
6/23/2019 0:00,0.0,0.0
6/23/2019 1:00,0.0,0.0
6/23/2019 2:00,0.0,0.0
6/23/2019 3:00,0.0,0.0
6/23/2019 4:00,0.0,0.0
6/23/2019 5:00,0.0,0.0
6/23/2019 6:00,0.0,0.0
6/23/2019 7:00,0.0,0.0
6/23/2019 8:00,0.5,0.02
6/23/2019 9:00,1.25,0.05
6/23/2019 10:00,1.75,0.07
6/23/2019 11:00,2.25,0.1
6/23/2019 12:00,2.5,0.11
6/23/2019 13:00,3.75,0.16
6/23/2019 14:00,4.5,0.19
6/23/2019 15:00,5.0,0.21
6/23/2019 16:00,6.0,0.26
6/23/2019 17:00,7.75,0.33
6/23/2019 18:00,6.0,0.26
6/23/2019 19:00,3.75,0.16
6/23/2019 20:00,2.0,0.09
6/23/2019 21:00,0.5,0.02
6/23/2019 22:00,0.0,0.0
6/23/2019 23:00,0.0,0.0
6/24/2019 0:00,0.0,0.0
6/24/2019 1:00,0.0,0.0
6/24/2019 2:00,0.0,0.0
6/24/2019 3:00,0.0,0.0
6/24/2019 4:00,0.0,0.0
6/24/2019 5:00,0.0,0.0
6/24/2019 6:00,0.0,0.0
6/24/2019 7:00,0.0,0.0
6/24/2019 8:00,1.5,0.06
6/24/2019 9:00,1.5,0.06
6/24/2019 10:00,3.5,0.15
6/24/2019 11:00,4.25,0.18
6/24/2019 12:00,3.25,0.14
6/24/2019 13:00,3.5,0.15
6/24/2019 14:00,6.0,0.26
6/24/2019 15:00,7.25,0.31
6/24/2019 16:00,6.5,0.28
6/24/2019 17:00,10.75,0.46
6/24/2019 18:00,9.0,0.38
6/24/2019 19:00,3.75,0.16
6/24/2019 20:00,2.0,0.09
6/24/2019 21:00,0.75,0.03
6/24/2019 22:00,0.0,0.0
6/24/2019 23:00,0.0,0.0
6/25/2019 0:00,0.0,0.0
6/25/2019 1:00,0.0,0.0
6/25/2019 2:00,0.0,0.0
6/25/2019 3:00,0.0,0.0
6/25/2019 4:00,0.0,0.0
6/25/2019 5:00,0.0,0.0
6/25/2019 6:00,0.0,0.0
6/25/2019 7:00,0.0,0.0
6/25/2019 8:00,1.5,0.06
6/25/2019 9:00,3.25,0.14
6/25/2019 10:00,7.0,0.3
6/25/2019 11:00,10.0,0.43
6/25/2019 12:00,12.0,0.51
6/25/2019 13:00,12.25,0.52
6/25/2019 14:00,10.75,0.46
6/25/2019 15:00,14.0,0.6
6/25/2019 16:00,6.25,0.27
6/25/2019 17:00,6.5,0.28
6/25/2019 18:00,6.75,0.29
6/25/2019 19:00,6.5,0.28
6/25/2019 20:00,1.5,0.06
6/25/2019 21:00,0.25,0.01
6/25/2019 22:00,0.0,0.0
6/25/2019 23:00,0.0,0.0
6/26/2019 0:00,0.0,0.0
6/26/2019 1:00,0.0,0.0
6/26/2019 2:00,0.0,0.0
6/26/2019 3:00,0.0,0.0
6/26/2019 4:00,0.0,0.0
6/26/2019 5:00,0.0,0.0
6/26/2019 6:00,0.0,0.0
6/26/2019 7:00,0.25,0.01
6/26/2019 8:00,0.25,0.01
6/26/2019 9:00,1.5,0.06
6/26/2019 10:00,2.25,0.1
6/26/2019 11:00,2.5,0.11
6/26/2019 12:00,2.5,0.11
6/26/2019 13:00,4.0,0.17
6/26/2019 14:00,9.75,0.41
6/26/2019 15:00,14.0,0.6
6/26/2019 16:00,11.0,0.47
6/26/2019 17:00,11.5,0.49
6/26/2019 18:00,12.5,0.53
6/26/2019 19:00,7.5,0.32
6/26/2019 20:00,1.25,0.05
6/26/2019 21:00,0.5,0.02
6/26/2019 22:00,0.0,0.0
6/26/2019 23:00,0.0,0.0
6/27/2019 0:00,0.0,0.0
6/27/2019 1:00,0.0,0.0
6/27/2019 2:00,0.0,0.0
6/27/2019 3:00,0.0,0.0
6/27/2019 4:00,0.0,0.0
6/27/2019 5:00,0.0,0.0
6/27/2019 6:00,0.0,0.0
6/27/2019 7:00,0.0,0.0
6/27/2019 8:00,1.75,0.07
6/27/2019 9:00,5.5,0.23
6/27/2019 10:00,8.0,0.34
6/27/2019 11:00,12.25,0.52
6/27/2019 12:00,16.75,0.71
6/27/2019 13:00,18.25,0.78
6/27/2019 14:00,18.75,0.8
6/27/2019 15:00,18.75,0.8
6/27/2019 16:00,17.75,0.75
6/27/2019 17:00,15.5,0.66
6/27/2019 18:00,12.25,0.52
6/27/2019 19:00,7.75,0.33
6/27/2019 20:00,1.0,0.04
6/27/2019 21:00,0.5,0.02
6/27/2019 22:00,0.0,0.0
6/27/2019 23:00,0.0,0.0
6/28/2019 0:00,0.0,0.0
6/28/2019 1:00,0.0,0.0
6/28/2019 2:00,0.0,0.0
6/28/2019 3:00,0.0,0.0
6/28/2019 4:00,0.0,0.0
6/28/2019 5:00,0.0,0.0
6/28/2019 6:00,0.0,0.0
6/28/2019 7:00,0.0,0.0
6/28/2019 8:00,1.5,0.06
6/28/2019 9:00,5.75,0.24
6/28/2019 10:00,9.75,0.41
6/28/2019 11:00,12.0,0.51
6/28/2019 12:00,16.0,0.68
6/28/2019 13:00,17.5,0.74
6/28/2019 14:00,17.75,0.75
6/28/2019 15:00,17.5,0.74
6/28/2019 16:00,16.75,0.71
6/28/2019 17:00,14.5,0.62
6/28/2019 18:00,11.5,0.49
6/28/2019 19:00,7.0,0.3
6/28/2019 20:00,1.5,0.06
6/28/2019 21:00,0.25,0.01
6/28/2019 22:00,0.25,0.01
6/28/2019 23:00,0.0,0.0
6/29/2019 0:00,0.0,0.0
6/29/2019 1:00,0.0,0.0
6/29/2019 2:00,0.0,0.0
6/29/2019 3:00,0.0,0.0
6/29/2019 4:00,0.0,0.0
6/29/2019 5:00,0.0,0.0
6/29/2019 6:00,0.0,0.0
6/29/2019 7:00,0.0,0.0
6/29/2019 8:00,1.75,0.07
6/29/2019 9:00,5.5,0.23
6/29/2019 10:00,10.0,0.43
6/29/2019 11:00,12.0,0.51
6/29/2019 12:00,16.5,0.7
6/29/2019 13:00,17.75,0.75
6/29/2019 14:00,18.0,0.77
6/29/2019 15:00,18.0,0.77
6/29/2019 16:00,16.75,0.71
6/29/2019 17:00,14.75,0.63
6/29/2019 18:00,11.75,0.5
6/29/2019 19:00,7.25,0.31
6/29/2019 20:00,1.25,0.05
6/29/2019 21:00,0.5,0.02
6/29/2019 22:00,0.0,0.0
6/29/2019 23:00,0.0,0.0
6/30/2019 0:00,0.0,0.0
6/30/2019 1:00,0.0,0.0
6/30/2019 2:00,0.0,0.0
6/30/2019 3:00,0.0,0.0
6/30/2019 4:00,0.0,0.0
6/30/2019 5:00,0.0,0.0
6/30/2019 6:00,0.0,0.0
6/30/2019 7:00,0.0,0.0
6/30/2019 8:00,1.75,0.07
6/30/2019 9:00,5.5,0.23
6/30/2019 10:00,10.0,0.43
6/30/2019 11:00,13.75,0.58
6/30/2019 12:00,16.25,0.69
6/30/2019 13:00,18.25,0.78
6/30/2019 14:00,19.0,0.81
6/30/2019 15:00,18.75,0.8
6/30/2019 16:00,17.5,0.74
6/30/2019 17:00,15.5,0.66
6/30/2019 18:00,12.25,0.52
6/30/2019 19:00,7.75,0.33
6/30/2019 20:00,1.0,0.04
6/30/2019 21:00,0.5,0.02
6/30/2019 22:00,0.0,0.0
6/30/2019 23:00,0.0,0.0
7/1/2019 0:00,0.0,0.0
7/1/2019 1:00,0.0,0.0
7/1/2019 2:00,0.0,0.0
7/1/2019 3:00,0.0,0.0
7/1/2019 4:00,0.0,0.0
7/1/2019 5:00,0.0,0.0
7/1/2019 6:00,0.0,0.0
7/1/2019 7:00,0.0,0.0
7/1/2019 8:00,1.5,0.06
7/1/2019 9:00,2.5,0.11
7/1/2019 10:00,4.5,0.19
7/1/2019 11:00,10.5,0.45
7/1/2019 12:00,14.5,0.62
7/1/2019 13:00,18.0,0.77
7/1/2019 14:00,17.25,0.73
7/1/2019 15:00,16.75,0.71
7/1/2019 16:00,17.5,0.74
7/1/2019 17:00,15.75,0.67
7/1/2019 18:00,12.5,0.53
7/1/2019 19:00,7.5,0.32
7/1/2019 20:00,1.0,0.04
7/1/2019 21:00,0.5,0.02
7/1/2019 22:00,0.0,0.0
7/1/2019 23:00,0.0,0.0
7/2/2019 0:00,0.0,0.0
7/2/2019 1:00,0.0,0.0
7/2/2019 2:00,0.0,0.0
7/2/2019 3:00,0.0,0.0
7/2/2019 4:00,0.0,0.0
7/2/2019 5:00,0.0,0.0
7/2/2019 6:00,0.0,0.0
7/2/2019 7:00,0.25,0.01
7/2/2019 8:00,2.5,0.11
7/2/2019 9:00,6.0,0.26
7/2/2019 10:00,6.0,0.26
7/2/2019 11:00,12.75,0.54
7/2/2019 12:00,11.5,0.49
7/2/2019 13:00,11.25,0.48
7/2/2019 14:00,11.25,0.48
7/2/2019 15:00,9.0,0.38
7/2/2019 16:00,11.25,0.48
7/2/2019 17:00,13.0,0.55
7/2/2019 18:00,8.25,0.35
7/2/2019 19:00,4.25,0.18
7/2/2019 20:00,2.25,0.1
7/2/2019 21:00,0.5,0.02
7/2/2019 22:00,0.0,0.0
7/2/2019 23:00,0.0,0.0
7/3/2019 0:00,0.0,0.0
7/3/2019 1:00,0.0,0.0
7/3/2019 2:00,0.0,0.0
7/3/2019 3:00,0.0,0.0
7/3/2019 4:00,0.0,0.0
7/3/2019 5:00,0.0,0.0
7/3/2019 6:00,0.0,0.0
7/3/2019 7:00,0.25,0.01
7/3/2019 8:00,2.0,0.09
7/3/2019 9:00,4.25,0.18
7/3/2019 10:00,8.5,0.36
7/3/2019 11:00,5.75,0.24
7/3/2019 12:00,10.0,0.43
7/3/2019 13:00,17.5,0.74
7/3/2019 14:00,5.75,0.24
7/3/2019 15:00,8.0,0.34
7/3/2019 16:00,8.0,0.34
7/3/2019 17:00,10.75,0.46
7/3/2019 18:00,10.5,0.45
7/3/2019 19:00,5.5,0.23
7/3/2019 20:00,1.5,0.06
7/3/2019 21:00,0.5,0.02
7/3/2019 22:00,0.0,0.0
7/3/2019 23:00,0.0,0.0
7/4/2019 0:00,0.0,0.0
7/4/2019 1:00,0.0,0.0
7/4/2019 2:00,0.0,0.0
7/4/2019 3:00,0.0,0.0
7/4/2019 4:00,0.0,0.0
7/4/2019 5:00,0.0,0.0
7/4/2019 6:00,0.0,0.0
7/4/2019 7:00,0.25,0.01
7/4/2019 8:00,1.25,0.05
7/4/2019 9:00,2.5,0.11
7/4/2019 10:00,4.5,0.19
7/4/2019 11:00,10.25,0.44
7/4/2019 12:00,10.75,0.46
7/4/2019 13:00,12.25,0.52
7/4/2019 14:00,13.75,0.58
7/4/2019 15:00,12.25,0.52
7/4/2019 16:00,9.5,0.4
7/4/2019 17:00,7.5,0.32
7/4/2019 18:00,7.0,0.3
7/4/2019 19:00,6.25,0.27
7/4/2019 20:00,1.25,0.05
7/4/2019 21:00,0.5,0.02
7/4/2019 22:00,0.0,0.0
7/4/2019 23:00,0.0,0.0
7/5/2019 0:00,0.0,0.0
7/5/2019 1:00,0.0,0.0
7/5/2019 2:00,0.0,0.0
7/5/2019 3:00,0.0,0.0
7/5/2019 4:00,0.0,0.0
7/5/2019 5:00,0.0,0.0
7/5/2019 6:00,0.0,0.0
7/5/2019 7:00,0.25,0.01
7/5/2019 8:00,1.75,0.07
7/5/2019 9:00,5.75,0.24
7/5/2019 10:00,9.5,0.4
7/5/2019 11:00,8.0,0.34
7/5/2019 12:00,9.0,0.38
7/5/2019 13:00,15.75,0.67
7/5/2019 14:00,18.25,0.78
7/5/2019 15:00,18.5,0.79
7/5/2019 16:00,17.5,0.74
7/5/2019 17:00,15.25,0.65
7/5/2019 18:00,12.25,0.52
7/5/2019 19:00,7.75,0.33
7/5/2019 20:00,1.25,0.05
7/5/2019 21:00,0.25,0.01
7/5/2019 22:00,0.0,0.0
7/5/2019 23:00,0.0,0.0
7/6/2019 0:00,0.0,0.0
7/6/2019 1:00,0.0,0.0
7/6/2019 2:00,0.0,0.0
7/6/2019 3:00,0.0,0.0
7/6/2019 4:00,0.0,0.0
7/6/2019 5:00,0.0,0.0
7/6/2019 6:00,0.0,0.0
7/6/2019 7:00,0.0,0.0
7/6/2019 8:00,1.75,0.07
7/6/2019 9:00,2.5,0.11
7/6/2019 10:00,5.0,0.21
7/6/2019 11:00,9.5,0.4
7/6/2019 12:00,15.75,0.67
7/6/2019 13:00,17.25,0.73
7/6/2019 14:00,18.0,0.77
7/6/2019 15:00,18.75,0.8
7/6/2019 16:00,17.5,0.74
7/6/2019 17:00,15.5,0.66
7/6/2019 18:00,12.0,0.51
7/6/2019 19:00,7.75,0.33
7/6/2019 20:00,1.5,0.06
7/6/2019 21:00,0.25,0.01
7/6/2019 22:00,0.0,0.0
7/6/2019 23:00,0.0,0.0
7/7/2019 0:00,0.0,0.0
7/7/2019 1:00,0.0,0.0
7/7/2019 2:00,0.0,0.0
7/7/2019 3:00,0.0,0.0
7/7/2019 4:00,0.0,0.0
7/7/2019 5:00,0.0,0.0
7/7/2019 6:00,0.0,0.0
7/7/2019 7:00,0.25,0.01
7/7/2019 8:00,1.5,0.06
7/7/2019 9:00,4.75,0.2
7/7/2019 10:00,6.25,0.27
7/7/2019 11:00,11.25,0.48
7/7/2019 12:00,13.0,0.55
7/7/2019 13:00,6.75,0.29
7/7/2019 14:00,19.0,0.81
7/7/2019 15:00,8.25,0.35
7/7/2019 16:00,10.5,0.45
7/7/2019 17:00,10.0,0.43
7/7/2019 18:00,11.75,0.5
7/7/2019 19:00,7.75,0.33
7/7/2019 20:00,1.25,0.05
7/7/2019 21:00,0.25,0.01
7/7/2019 22:00,0.0,0.0
7/7/2019 23:00,0.0,0.0
7/8/2019 0:00,0.0,0.0
7/8/2019 1:00,0.0,0.0
7/8/2019 2:00,0.0,0.0
7/8/2019 3:00,0.0,0.0
7/8/2019 4:00,0.0,0.0
7/8/2019 5:00,0.0,0.0
7/8/2019 6:00,0.0,0.0
7/8/2019 7:00,0.25,0.01
7/8/2019 8:00,2.25,0.1
7/8/2019 9:00,2.75,0.12
7/8/2019 10:00,5.5,0.23
7/8/2019 11:00,8.0,0.34
7/8/2019 12:00,13.75,0.58
7/8/2019 13:00,7.0,0.3
7/8/2019 14:00,9.75,0.41
7/8/2019 15:00,16.0,0.68
7/8/2019 16:00,18.0,0.77
7/8/2019 17:00,14.5,0.62
7/8/2019 18:00,12.0,0.51
7/8/2019 19:00,7.0,0.3
7/8/2019 20:00,1.5,0.06
7/8/2019 21:00,0.5,0.02
7/8/2019 22:00,0.0,0.0
7/8/2019 23:00,0.0,0.0
7/9/2019 0:00,0.0,0.0
7/9/2019 1:00,0.0,0.0
7/9/2019 2:00,0.0,0.0
7/9/2019 3:00,0.0,0.0
7/9/2019 4:00,0.0,0.0
7/9/2019 5:00,0.0,0.0
7/9/2019 6:00,0.0,0.0
7/9/2019 7:00,0.25,0.01
7/9/2019 8:00,1.5,0.06
7/9/2019 9:00,4.5,0.19
7/9/2019 10:00,6.75,0.29
7/9/2019 11:00,7.75,0.33
7/9/2019 12:00,12.25,0.52
7/9/2019 13:00,16.75,0.71
7/9/2019 14:00,17.75,0.75
7/9/2019 15:00,16.0,0.68
7/9/2019 16:00,12.75,0.54
7/9/2019 17:00,12.0,0.51
7/9/2019 18:00,11.0,0.47
7/9/2019 19:00,5.25,0.22
7/9/2019 20:00,2.25,0.1
7/9/2019 21:00,0.5,0.02
7/9/2019 22:00,0.0,0.0
7/9/2019 23:00,0.0,0.0
7/10/2019 0:00,0.0,0.0
7/10/2019 1:00,0.0,0.0
7/10/2019 2:00,0.0,0.0
7/10/2019 3:00,0.0,0.0
7/10/2019 4:00,0.0,0.0
7/10/2019 5:00,0.0,0.0
7/10/2019 6:00,0.0,0.0
7/10/2019 7:00,0.0,0.0
7/10/2019 8:00,1.75,0.07
7/10/2019 9:00,3.0,0.13
7/10/2019 10:00,6.75,0.29
7/10/2019 11:00,9.0,0.38
7/10/2019 12:00,15.75,0.67
7/10/2019 13:00,15.25,0.65
7/10/2019 14:00,16.25,0.69
7/10/2019 15:00,13.0,0.55
7/10/2019 16:00,16.25,0.69
7/10/2019 17:00,14.5,0.62
7/10/2019 18:00,11.75,0.5
7/10/2019 19:00,8.0,0.34
7/10/2019 20:00,1.75,0.07
7/10/2019 21:00,0.5,0.02
7/10/2019 22:00,0.0,0.0
7/10/2019 23:00,0.0,0.0
7/11/2019 0:00,0.0,0.0
7/11/2019 1:00,0.0,0.0
7/11/2019 2:00,0.0,0.0
7/11/2019 3:00,0.0,0.0
7/11/2019 4:00,0.0,0.0
7/11/2019 5:00,0.0,0.0
7/11/2019 6:00,0.0,0.0
7/11/2019 7:00,0.0,0.0
7/11/2019 8:00,1.25,0.05
7/11/2019 9:00,5.0,0.21
7/11/2019 10:00,9.25,0.39
7/11/2019 11:00,13.0,0.55
7/11/2019 12:00,15.25,0.65
7/11/2019 13:00,16.25,0.69
7/11/2019 14:00,16.25,0.69
7/11/2019 15:00,16.0,0.68
7/11/2019 16:00,15.25,0.65
7/11/2019 17:00,13.5,0.57
7/11/2019 18:00,11.0,0.47
7/11/2019 19:00,6.0,0.26
7/11/2019 20:00,1.75,0.07
7/11/2019 21:00,0.25,0.01
7/11/2019 22:00,0.0,0.0
7/11/2019 23:00,0.0,0.0
7/12/2019 0:00,0.0,0.0
7/12/2019 1:00,0.0,0.0
7/12/2019 2:00,0.0,0.0
7/12/2019 3:00,0.0,0.0
7/12/2019 4:00,0.0,0.0
7/12/2019 5:00,0.0,0.0
7/12/2019 6:00,0.0,0.0
7/12/2019 7:00,0.25,0.01
7/12/2019 8:00,1.75,0.07
7/12/2019 9:00,3.5,0.15
7/12/2019 10:00,4.0,0.17
7/12/2019 11:00,3.5,0.15
7/12/2019 12:00,6.5,0.28
7/12/2019 13:00,7.5,0.32
7/12/2019 14:00,16.0,0.68
7/12/2019 15:00,14.25,0.61
7/12/2019 16:00,10.5,0.45
7/12/2019 17:00,8.75,0.37
7/12/2019 18:00,8.75,0.37
7/12/2019 19:00,6.25,0.27
7/12/2019 20:00,2.0,0.09
7/12/2019 21:00,0.5,0.02
7/12/2019 22:00,0.0,0.0
7/12/2019 23:00,0.0,0.0
7/13/2019 0:00,0.0,0.0
7/13/2019 1:00,0.0,0.0
7/13/2019 2:00,0.0,0.0
7/13/2019 3:00,0.0,0.0
7/13/2019 4:00,0.0,0.0
7/13/2019 5:00,0.0,0.0
7/13/2019 6:00,0.0,0.0
7/13/2019 7:00,0.25,0.01
7/13/2019 8:00,1.25,0.05
7/13/2019 9:00,3.0,0.13
7/13/2019 10:00,5.5,0.23
7/13/2019 11:00,10.0,0.43
7/13/2019 12:00,15.25,0.65
7/13/2019 13:00,17.25,0.73
7/13/2019 14:00,16.75,0.71
7/13/2019 15:00,18.0,0.77
7/13/2019 16:00,17.0,0.72
7/13/2019 17:00,14.0,0.6
7/13/2019 18:00,10.75,0.46
7/13/2019 19:00,7.25,0.31
7/13/2019 20:00,1.5,0.06
7/13/2019 21:00,0.5,0.02
7/13/2019 22:00,0.0,0.0
7/13/2019 23:00,0.0,0.0
7/14/2019 0:00,0.0,0.0
7/14/2019 1:00,0.0,0.0
7/14/2019 2:00,0.0,0.0
7/14/2019 3:00,0.0,0.0
7/14/2019 4:00,0.0,0.0
7/14/2019 5:00,0.0,0.0
7/14/2019 6:00,0.0,0.0
7/14/2019 7:00,0.0,0.0
7/14/2019 8:00,0.5,0.02
7/14/2019 9:00,1.5,0.06
7/14/2019 10:00,3.5,0.15
7/14/2019 11:00,6.25,0.27
7/14/2019 12:00,14.75,0.63
7/14/2019 13:00,17.0,0.72
7/14/2019 14:00,18.25,0.78
7/14/2019 15:00,17.75,0.75
7/14/2019 16:00,17.0,0.72
7/14/2019 17:00,14.75,0.63
7/14/2019 18:00,11.5,0.49
7/14/2019 19:00,7.25,0.31
7/14/2019 20:00,1.75,0.07
7/14/2019 21:00,0.5,0.02
7/14/2019 22:00,0.0,0.0
7/14/2019 23:00,0.0,0.0
7/15/2019 0:00,0.0,0.0
7/15/2019 1:00,0.0,0.0
7/15/2019 2:00,0.0,0.0
7/15/2019 3:00,0.0,0.0
7/15/2019 4:00,0.0,0.0
7/15/2019 5:00,0.0,0.0
7/15/2019 6:00,0.0,0.0
7/15/2019 7:00,0.0,0.0
7/15/2019 8:00,1.5,0.06
7/15/2019 9:00,4.5,0.19
7/15/2019 10:00,8.5,0.36
7/15/2019 11:00,13.25,0.56
7/15/2019 12:00,15.0,0.64
7/15/2019 13:00,12.5,0.53
7/15/2019 14:00,18.25,0.78
7/15/2019 15:00,18.0,0.77
7/15/2019 16:00,16.5,0.7
7/15/2019 17:00,15.0,0.64
7/15/2019 18:00,12.0,0.51
7/15/2019 19:00,7.0,0.3
7/15/2019 20:00,1.75,0.07
7/15/2019 21:00,0.25,0.01
7/15/2019 22:00,0.0,0.0
7/15/2019 23:00,0.0,0.0
7/16/2019 0:00,0.0,0.0
7/16/2019 1:00,0.0,0.0
7/16/2019 2:00,0.0,0.0
7/16/2019 3:00,0.0,0.0
7/16/2019 4:00,0.0,0.0
7/16/2019 5:00,0.0,0.0
7/16/2019 6:00,0.0,0.0
7/16/2019 7:00,0.0,0.0
7/16/2019 8:00,0.5,0.02
7/16/2019 9:00,1.0,0.04
7/16/2019 10:00,1.5,0.06
7/16/2019 11:00,2.75,0.12
7/16/2019 12:00,4.75,0.2
7/16/2019 13:00,8.5,0.36
7/16/2019 14:00,17.25,0.73
7/16/2019 15:00,16.75,0.71
7/16/2019 16:00,15.0,0.64
7/16/2019 17:00,11.75,0.5
7/16/2019 18:00,7.5,0.32
7/16/2019 19:00,5.0,0.21
7/16/2019 20:00,1.25,0.05
7/16/2019 21:00,0.25,0.01
7/16/2019 22:00,0.0,0.0
7/16/2019 23:00,0.0,0.0
7/17/2019 0:00,0.0,0.0
7/17/2019 1:00,0.0,0.0
7/17/2019 2:00,0.0,0.0
7/17/2019 3:00,0.0,0.0
7/17/2019 4:00,0.0,0.0
7/17/2019 5:00,0.0,0.0
7/17/2019 6:00,0.0,0.0
7/17/2019 7:00,0.0,0.0
7/17/2019 8:00,0.5,0.02
7/17/2019 9:00,1.25,0.05
7/17/2019 10:00,2.5,0.11
7/17/2019 11:00,4.0,0.17
7/17/2019 12:00,4.5,0.19
7/17/2019 13:00,6.25,0.27
7/17/2019 14:00,10.25,0.44
7/17/2019 15:00,14.25,0.61
7/17/2019 16:00,17.75,0.75
7/17/2019 17:00,13.0,0.55
7/17/2019 18:00,9.0,0.38
7/17/2019 19:00,4.25,0.18
7/17/2019 20:00,2.0,0.09
7/17/2019 21:00,0.5,0.02
7/17/2019 22:00,0.0,0.0
7/17/2019 23:00,0.0,0.0
7/18/2019 0:00,0.0,0.0
7/18/2019 1:00,0.0,0.0
7/18/2019 2:00,0.0,0.0
7/18/2019 3:00,0.0,0.0
7/18/2019 4:00,0.0,0.0
7/18/2019 5:00,0.0,0.0
7/18/2019 6:00,0.0,0.0
7/18/2019 7:00,0.0,0.0
7/18/2019 8:00,1.25,0.05
7/18/2019 9:00,4.75,0.2
7/18/2019 10:00,9.75,0.41
7/18/2019 11:00,13.5,0.57
7/18/2019 12:00,16.5,0.7
7/18/2019 13:00,17.75,0.75
7/18/2019 14:00,17.5,0.74
7/18/2019 15:00,18.25,0.78
7/18/2019 16:00,17.25,0.73
7/18/2019 17:00,15.0,0.64
7/18/2019 18:00,12.25,0.52
7/18/2019 19:00,7.75,0.33
7/18/2019 20:00,1.5,0.06
7/18/2019 21:00,0.25,0.01
7/18/2019 22:00,0.0,0.0
7/18/2019 23:00,0.0,0.0
7/19/2019 0:00,0.0,0.0
7/19/2019 1:00,0.0,0.0
7/19/2019 2:00,0.0,0.0
7/19/2019 3:00,0.0,0.0
7/19/2019 4:00,0.0,0.0
7/19/2019 5:00,0.0,0.0
7/19/2019 6:00,0.0,0.0
7/19/2019 7:00,0.25,0.01
7/19/2019 8:00,1.0,0.04
7/19/2019 9:00,4.75,0.2
7/19/2019 10:00,9.25,0.39
7/19/2019 11:00,13.25,0.56
7/19/2019 12:00,16.0,0.68
7/19/2019 13:00,17.5,0.74
7/19/2019 14:00,18.25,0.78
7/19/2019 15:00,17.75,0.75
7/19/2019 16:00,17.0,0.72
7/19/2019 17:00,15.0,0.64
7/19/2019 18:00,11.75,0.5
7/19/2019 19:00,7.75,0.33
7/19/2019 20:00,1.5,0.06
7/19/2019 21:00,0.25,0.01
7/19/2019 22:00,0.0,0.0
7/19/2019 23:00,0.0,0.0
7/20/2019 0:00,0.0,0.0
7/20/2019 1:00,0.0,0.0
7/20/2019 2:00,0.0,0.0
7/20/2019 3:00,0.0,0.0
7/20/2019 4:00,0.0,0.0
7/20/2019 5:00,0.0,0.0
7/20/2019 6:00,0.0,0.0
7/20/2019 7:00,0.25,0.01
7/20/2019 8:00,1.0,0.04
7/20/2019 9:00,5.0,0.21
7/20/2019 10:00,9.5,0.4
7/20/2019 11:00,13.25,0.56
7/20/2019 12:00,16.0,0.68
7/20/2019 13:00,17.5,0.74
7/20/2019 14:00,18.25,0.78
7/20/2019 15:00,18.0,0.77
7/20/2019 16:00,16.75,0.71
7/20/2019 17:00,14.75,0.63
7/20/2019 18:00,11.75,0.5
7/20/2019 19:00,7.5,0.32
7/20/2019 20:00,1.75,0.07
7/20/2019 21:00,0.25,0.01
7/20/2019 22:00,0.0,0.0
7/20/2019 23:00,0.0,0.0
7/21/2019 0:00,0.0,0.0
7/21/2019 1:00,0.0,0.0
7/21/2019 2:00,0.0,0.0
7/21/2019 3:00,0.0,0.0
7/21/2019 4:00,0.0,0.0
7/21/2019 5:00,0.0,0.0
7/21/2019 6:00,0.0,0.0
7/21/2019 7:00,0.0,0.0
7/21/2019 8:00,1.25,0.05
7/21/2019 9:00,4.75,0.2
7/21/2019 10:00,9.5,0.4
7/21/2019 11:00,13.25,0.56
7/21/2019 12:00,16.0,0.68
7/21/2019 13:00,17.25,0.73
7/21/2019 14:00,18.0,0.77
7/21/2019 15:00,17.5,0.74
7/21/2019 16:00,16.75,0.71
7/21/2019 17:00,15.0,0.64
7/21/2019 18:00,11.75,0.5
7/21/2019 19:00,7.75,0.33
7/21/2019 20:00,1.75,0.07
7/21/2019 21:00,0.25,0.01
7/21/2019 22:00,0.0,0.0
7/21/2019 23:00,0.0,0.0
7/22/2019 0:00,0.0,0.0
7/22/2019 1:00,0.0,0.0
7/22/2019 2:00,0.0,0.0
7/22/2019 3:00,0.0,0.0
7/22/2019 4:00,0.0,0.0
7/22/2019 5:00,0.0,0.0
7/22/2019 6:00,0.0,0.0
7/22/2019 7:00,0.0,0.0
7/22/2019 8:00,1.25,0.05
7/22/2019 9:00,4.5,0.19
7/22/2019 10:00,8.75,0.37
7/22/2019 11:00,12.5,0.53
7/22/2019 12:00,15.0,0.64
7/22/2019 13:00,16.25,0.69
7/22/2019 14:00,17.0,0.72
7/22/2019 15:00,16.25,0.69
7/22/2019 16:00,15.25,0.65
7/22/2019 17:00,13.5,0.57
7/22/2019 18:00,10.5,0.45
7/22/2019 19:00,6.5,0.28
7/22/2019 20:00,2.0,0.09
7/22/2019 21:00,0.5,0.02
7/22/2019 22:00,0.0,0.0
7/22/2019 23:00,0.0,0.0
7/23/2019 0:00,0.0,0.0
7/23/2019 1:00,0.0,0.0
7/23/2019 2:00,0.0,0.0
7/23/2019 3:00,0.0,0.0
7/23/2019 4:00,0.0,0.0
7/23/2019 5:00,0.0,0.0
7/23/2019 6:00,0.0,0.0
7/23/2019 7:00,0.0,0.0
7/23/2019 8:00,1.0,0.04
7/23/2019 9:00,4.25,0.18
7/23/2019 10:00,6.25,0.27
7/23/2019 11:00,12.0,0.51
7/23/2019 12:00,15.0,0.64
7/23/2019 13:00,16.5,0.7
7/23/2019 14:00,17.0,0.72
7/23/2019 15:00,17.25,0.73
7/23/2019 16:00,16.0,0.68
7/23/2019 17:00,14.25,0.61
7/23/2019 18:00,11.25,0.48
7/23/2019 19:00,7.0,0.3
7/23/2019 20:00,2.0,0.09
7/23/2019 21:00,0.25,0.01
7/23/2019 22:00,0.0,0.0
7/23/2019 23:00,0.0,0.0
7/24/2019 0:00,0.0,0.0
7/24/2019 1:00,0.0,0.0
7/24/2019 2:00,0.0,0.0
7/24/2019 3:00,0.0,0.0
7/24/2019 4:00,0.0,0.0
7/24/2019 5:00,0.0,0.0
7/24/2019 6:00,0.0,0.0
7/24/2019 7:00,0.0,0.0
7/24/2019 8:00,1.25,0.05
7/24/2019 9:00,4.5,0.19
7/24/2019 10:00,9.0,0.38
7/24/2019 11:00,12.75,0.54
7/24/2019 12:00,15.25,0.65
7/24/2019 13:00,16.75,0.71
7/24/2019 14:00,17.0,0.72
7/24/2019 15:00,17.25,0.73
7/24/2019 16:00,16.5,0.7
7/24/2019 17:00,14.25,0.61
7/24/2019 18:00,11.5,0.49
7/24/2019 19:00,7.25,0.31
7/24/2019 20:00,1.75,0.07
7/24/2019 21:00,0.25,0.01
7/24/2019 22:00,0.0,0.0
7/24/2019 23:00,0.0,0.0
7/25/2019 0:00,0.0,0.0
7/25/2019 1:00,0.0,0.0
7/25/2019 2:00,0.0,0.0
7/25/2019 3:00,0.0,0.0
7/25/2019 4:00,0.0,0.0
7/25/2019 5:00,0.0,0.0
7/25/2019 6:00,0.0,0.0
7/25/2019 7:00,0.0,0.0
7/25/2019 8:00,0.75,0.03
7/25/2019 9:00,4.25,0.18
7/25/2019 10:00,6.0,0.26
7/25/2019 11:00,10.5,0.45
7/25/2019 12:00,15.5,0.66
7/25/2019 13:00,17.0,0.72
7/25/2019 14:00,17.75,0.75
7/25/2019 15:00,18.0,0.77
7/25/2019 16:00,9.0,0.38
7/25/2019 17:00,9.75,0.41
7/25/2019 18:00,6.25,0.27
7/25/2019 19:00,5.0,0.21
7/25/2019 20:00,1.5,0.06
7/25/2019 21:00,0.25,0.01
7/25/2019 22:00,0.0,0.0
7/25/2019 23:00,0.0,0.0
7/26/2019 0:00,0.0,0.0
7/26/2019 1:00,0.0,0.0
7/26/2019 2:00,0.0,0.0
7/26/2019 3:00,0.0,0.0
7/26/2019 4:00,0.0,0.0
7/26/2019 5:00,0.0,0.0
7/26/2019 6:00,0.0,0.0
7/26/2019 7:00,0.0,0.0
7/26/2019 8:00,0.75,0.03
7/26/2019 9:00,3.75,0.16
7/26/2019 10:00,8.0,0.34
7/26/2019 11:00,13.0,0.55
7/26/2019 12:00,14.25,0.61
7/26/2019 13:00,18.0,0.77
7/26/2019 14:00,18.25,0.78
7/26/2019 15:00,16.75,0.71
7/26/2019 16:00,17.25,0.73
7/26/2019 17:00,15.0,0.64
7/26/2019 18:00,11.75,0.5
7/26/2019 19:00,7.25,0.31
7/26/2019 20:00,2.0,0.09
7/26/2019 21:00,0.25,0.01
7/26/2019 22:00,0.0,0.0
7/26/2019 23:00,0.0,0.0
7/27/2019 0:00,0.0,0.0
7/27/2019 1:00,0.0,0.0
7/27/2019 2:00,0.0,0.0
7/27/2019 3:00,0.0,0.0
7/27/2019 4:00,0.0,0.0
7/27/2019 5:00,0.0,0.0
7/27/2019 6:00,0.0,0.0
7/27/2019 7:00,0.0,0.0
7/27/2019 8:00,0.75,0.03
7/27/2019 9:00,1.75,0.07
7/27/2019 10:00,4.75,0.2
7/27/2019 11:00,5.5,0.23
7/27/2019 12:00,7.0,0.3
7/27/2019 13:00,7.0,0.3
7/27/2019 14:00,10.5,0.45
7/27/2019 15:00,13.75,0.58
7/27/2019 16:00,12.0,0.51
7/27/2019 17:00,7.75,0.33
7/27/2019 18:00,5.0,0.21
7/27/2019 19:00,3.75,0.16
7/27/2019 20:00,1.75,0.07
7/27/2019 21:00,0.25,0.01
7/27/2019 22:00,0.0,0.0
7/27/2019 23:00,0.0,0.0
7/28/2019 0:00,0.0,0.0
7/28/2019 1:00,0.0,0.0
7/28/2019 2:00,0.0,0.0
7/28/2019 3:00,0.0,0.0
7/28/2019 4:00,0.0,0.0
7/28/2019 5:00,0.0,0.0
7/28/2019 6:00,0.0,0.0
7/28/2019 7:00,0.0,0.0
7/28/2019 8:00,1.0,0.04
7/28/2019 9:00,4.75,0.2
7/28/2019 10:00,9.5,0.4
7/28/2019 11:00,13.25,0.56
7/28/2019 12:00,16.0,0.68
7/28/2019 13:00,17.75,0.75
7/28/2019 14:00,18.75,0.8
7/28/2019 15:00,18.25,0.78
7/28/2019 16:00,17.25,0.73
7/28/2019 17:00,15.25,0.65
7/28/2019 18:00,12.0,0.51
7/28/2019 19:00,7.75,0.33
7/28/2019 20:00,2.25,0.1
7/28/2019 21:00,0.0,0.0
7/28/2019 22:00,0.0,0.0
7/28/2019 23:00,0.0,0.0
7/29/2019 0:00,0.0,0.0
7/29/2019 1:00,0.0,0.0
7/29/2019 2:00,0.0,0.0
7/29/2019 3:00,0.0,0.0
7/29/2019 4:00,0.0,0.0
7/29/2019 5:00,0.0,0.0
7/29/2019 6:00,0.0,0.0
7/29/2019 7:00,0.25,0.01
7/29/2019 8:00,1.0,0.04
7/29/2019 9:00,4.0,0.17
7/29/2019 10:00,7.75,0.33
7/29/2019 11:00,14.0,0.6
7/29/2019 12:00,14.5,0.62
7/29/2019 13:00,18.0,0.77
7/29/2019 14:00,18.25,0.78
7/29/2019 15:00,18.75,0.8
7/29/2019 16:00,17.25,0.73
7/29/2019 17:00,15.5,0.66
7/29/2019 18:00,12.0,0.51
7/29/2019 19:00,7.5,0.32
7/29/2019 20:00,2.25,0.1
7/29/2019 21:00,0.25,0.01
7/29/2019 22:00,0.0,0.0
7/29/2019 23:00,0.0,0.0
7/30/2019 0:00,0.0,0.0
7/30/2019 1:00,0.0,0.0
7/30/2019 2:00,0.0,0.0
7/30/2019 3:00,0.0,0.0
7/30/2019 4:00,0.0,0.0
7/30/2019 5:00,0.0,0.0
7/30/2019 6:00,0.0,0.0
7/30/2019 7:00,0.0,0.0
7/30/2019 8:00,1.25,0.05
7/30/2019 9:00,4.5,0.19
7/30/2019 10:00,9.5,0.4
7/30/2019 11:00,13.5,0.57
7/30/2019 12:00,16.5,0.7
7/30/2019 13:00,18.25,0.78
7/30/2019 14:00,18.75,0.8
7/30/2019 15:00,19.0,0.81
7/30/2019 16:00,17.75,0.75
7/30/2019 17:00,15.5,0.66
7/30/2019 18:00,12.5,0.53
7/30/2019 19:00,7.5,0.32
7/30/2019 20:00,2.5,0.11
7/30/2019 21:00,0.0,0.0
7/30/2019 22:00,0.0,0.0
7/30/2019 23:00,0.0,0.0
7/31/2019 0:00,0.0,0.0
7/31/2019 1:00,0.0,0.0
7/31/2019 2:00,0.0,0.0
7/31/2019 3:00,0.0,0.0
7/31/2019 4:00,0.0,0.0
7/31/2019 5:00,0.0,0.0
7/31/2019 6:00,0.0,0.0
7/31/2019 7:00,0.25,0.01
7/31/2019 8:00,0.75,0.03
7/31/2019 9:00,4.75,0.2
7/31/2019 10:00,9.5,0.4
7/31/2019 11:00,13.75,0.58
7/31/2019 12:00,15.0,0.64
7/31/2019 13:00,13.25,0.56
7/31/2019 14:00,11.25,0.48
7/31/2019 15:00,12.75,0.54
7/31/2019 16:00,15.25,0.65
7/31/2019 17:00,15.75,0.67
7/31/2019 18:00,12.0,0.51
7/31/2019 19:00,7.5,0.32
7/31/2019 20:00,2.0,0.09
7/31/2019 21:00,0.25,0.01
7/31/2019 22:00,0.0,0.0
7/31/2019 23:00,0.0,0.0
8/1/2019 0:00,0.0,0.0
8/1/2019 1:00,0.0,0.0
8/1/2019 2:00,0.0,0.0
8/1/2019 3:00,0.0,0.0
8/1/2019 4:00,0.0,0.0
8/1/2019 5:00,0.0,0.0
8/1/2019 6:00,0.0,0.0
8/1/2019 7:00,0.25,0.01
8/1/2019 8:00,1.0,0.04
8/1/2019 9:00,4.25,0.18
8/1/2019 10:00,9.25,0.39
8/1/2019 11:00,13.25,0.56
8/1/2019 12:00,16.25,0.69
8/1/2019 13:00,17.75,0.75
8/1/2019 14:00,18.5,0.79
8/1/2019 15:00,18.25,0.78
8/1/2019 16:00,17.0,0.72
8/1/2019 17:00,15.0,0.64
8/1/2019 18:00,11.75,0.5
8/1/2019 19:00,7.5,0.32
8/1/2019 20:00,2.0,0.09
8/1/2019 21:00,0.25,0.01
8/1/2019 22:00,0.0,0.0
8/1/2019 23:00,0.0,0.0
8/2/2019 0:00,0.0,0.0
8/2/2019 1:00,0.0,0.0
8/2/2019 2:00,0.0,0.0
8/2/2019 3:00,0.0,0.0
8/2/2019 4:00,0.0,0.0
8/2/2019 5:00,0.0,0.0
8/2/2019 6:00,0.0,0.0
8/2/2019 7:00,0.0,0.0
8/2/2019 8:00,1.25,0.05
8/2/2019 9:00,4.5,0.19
8/2/2019 10:00,9.5,0.4
8/2/2019 11:00,13.5,0.57
8/2/2019 12:00,16.0,0.68
8/2/2019 13:00,17.75,0.75
8/2/2019 14:00,18.5,0.79
8/2/2019 15:00,18.25,0.78
8/2/2019 16:00,17.0,0.72
8/2/2019 17:00,15.0,0.64
8/2/2019 18:00,11.75,0.5
8/2/2019 19:00,7.5,0.32
8/2/2019 20:00,2.5,0.11
8/2/2019 21:00,0.0,0.0
8/2/2019 22:00,0.0,0.0
8/2/2019 23:00,0.0,0.0
8/3/2019 0:00,0.0,0.0
8/3/2019 1:00,0.0,0.0
8/3/2019 2:00,0.0,0.0
8/3/2019 3:00,0.0,0.0
8/3/2019 4:00,0.0,0.0
8/3/2019 5:00,0.0,0.0
8/3/2019 6:00,0.0,0.0
8/3/2019 7:00,0.25,0.01
8/3/2019 8:00,1.0,0.04
8/3/2019 9:00,4.5,0.19
8/3/2019 10:00,9.25,0.39
8/3/2019 11:00,12.5,0.53
8/3/2019 12:00,16.0,0.68
8/3/2019 13:00,17.5,0.74
8/3/2019 14:00,18.25,0.78
8/3/2019 15:00,18.0,0.77
8/3/2019 16:00,16.75,0.71
8/3/2019 17:00,14.75,0.63
8/3/2019 18:00,11.75,0.5
8/3/2019 19:00,7.25,0.31
8/3/2019 20:00,2.25,0.1
8/3/2019 21:00,0.25,0.01
8/3/2019 22:00,0.0,0.0
8/3/2019 23:00,0.0,0.0
8/4/2019 0:00,0.0,0.0
8/4/2019 1:00,0.0,0.0
8/4/2019 2:00,0.0,0.0
8/4/2019 3:00,0.0,0.0
8/4/2019 4:00,0.0,0.0
8/4/2019 5:00,0.0,0.0
8/4/2019 6:00,0.0,0.0
8/4/2019 7:00,0.0,0.0
8/4/2019 8:00,1.0,0.04
8/4/2019 9:00,3.25,0.14
8/4/2019 10:00,9.0,0.38
8/4/2019 11:00,13.25,0.56
8/4/2019 12:00,15.75,0.67
8/4/2019 13:00,17.75,0.75
8/4/2019 14:00,18.25,0.78
8/4/2019 15:00,18.0,0.77
8/4/2019 16:00,17.25,0.73
8/4/2019 17:00,15.25,0.65
8/4/2019 18:00,11.75,0.5
8/4/2019 19:00,7.5,0.32
8/4/2019 20:00,2.25,0.1
8/4/2019 21:00,0.25,0.01
8/4/2019 22:00,0.0,0.0
8/4/2019 23:00,0.0,0.0
8/5/2019 0:00,0.0,0.0
8/5/2019 1:00,0.0,0.0
8/5/2019 2:00,0.0,0.0
8/5/2019 3:00,0.0,0.0
8/5/2019 4:00,0.0,0.0
8/5/2019 5:00,0.0,0.0
8/5/2019 6:00,0.0,0.0
8/5/2019 7:00,0.0,0.0
8/5/2019 8:00,0.75,0.03
8/5/2019 9:00,4.5,0.19
8/5/2019 10:00,9.25,0.39
8/5/2019 11:00,13.25,0.56
8/5/2019 12:00,16.0,0.68
8/5/2019 13:00,17.5,0.74
8/5/2019 14:00,18.0,0.77
8/5/2019 15:00,17.75,0.75
8/5/2019 16:00,17.0,0.72
8/5/2019 17:00,14.75,0.63
8/5/2019 18:00,11.5,0.49
8/5/2019 19:00,7.25,0.31
8/5/2019 20:00,2.25,0.1
8/5/2019 21:00,0.0,0.0
8/5/2019 22:00,0.0,0.0
8/5/2019 23:00,0.0,0.0
8/6/2019 0:00,0.0,0.0
8/6/2019 1:00,0.0,0.0
8/6/2019 2:00,0.0,0.0
8/6/2019 3:00,0.0,0.0
8/6/2019 4:00,0.0,0.0
8/6/2019 5:00,0.0,0.0
8/6/2019 6:00,0.0,0.0
8/6/2019 7:00,0.0,0.0
8/6/2019 8:00,1.0,0.04
8/6/2019 9:00,4.0,0.17
8/6/2019 10:00,6.25,0.27
8/6/2019 11:00,6.0,0.26
8/6/2019 12:00,9.0,0.38
8/6/2019 13:00,15.5,0.66
8/6/2019 14:00,15.25,0.65
8/6/2019 15:00,11.5,0.49
8/6/2019 16:00,12.0,0.51
8/6/2019 17:00,10.75,0.46
8/6/2019 18:00,9.25,0.39
8/6/2019 19:00,4.75,0.2
8/6/2019 20:00,1.75,0.07
8/6/2019 21:00,0.25,0.01
8/6/2019 22:00,0.0,0.0
8/6/2019 23:00,0.0,0.0
8/7/2019 0:00,0.0,0.0
8/7/2019 1:00,0.0,0.0
8/7/2019 2:00,0.0,0.0
8/7/2019 3:00,0.0,0.0
8/7/2019 4:00,0.0,0.0
8/7/2019 5:00,0.0,0.0
8/7/2019 6:00,0.0,0.0
8/7/2019 7:00,0.0,0.0
8/7/2019 8:00,0.0,0.0
8/7/2019 9:00,0.75,0.03
8/7/2019 10:00,2.75,0.12
8/7/2019 11:00,4.0,0.17
8/7/2019 12:00,6.25,0.27
8/7/2019 13:00,7.0,0.3
8/7/2019 14:00,12.75,0.54
8/7/2019 15:00,14.0,0.6
8/7/2019 16:00,12.75,0.54
8/7/2019 17:00,12.75,0.54
8/7/2019 18:00,11.0,0.47
8/7/2019 19:00,3.75,0.16
8/7/2019 20:00,0.75,0.03
8/7/2019 21:00,0.25,0.01
8/7/2019 22:00,0.0,0.0
8/7/2019 23:00,0.0,0.0
8/8/2019 0:00,0.0,0.0
8/8/2019 1:00,0.0,0.0
8/8/2019 2:00,0.0,0.0
8/8/2019 3:00,0.0,0.0
8/8/2019 4:00,0.0,0.0
8/8/2019 5:00,0.0,0.0
8/8/2019 6:00,0.0,0.0
8/8/2019 7:00,0.0,0.0
8/8/2019 8:00,0.25,0.01
8/8/2019 9:00,1.25,0.05
8/8/2019 10:00,3.0,0.13
8/8/2019 11:00,6.5,0.28
8/8/2019 12:00,10.5,0.45
8/8/2019 13:00,9.5,0.4
8/8/2019 14:00,10.25,0.44
8/8/2019 15:00,10.0,0.43
8/8/2019 16:00,8.5,0.36
8/8/2019 17:00,3.75,0.16
8/8/2019 18:00,4.5,0.19
8/8/2019 19:00,2.25,0.1
8/8/2019 20:00,1.25,0.05
8/8/2019 21:00,0.0,0.0
8/8/2019 22:00,0.0,0.0
8/8/2019 23:00,0.0,0.0
8/9/2019 0:00,0.0,0.0
8/9/2019 1:00,0.0,0.0
8/9/2019 2:00,0.0,0.0
8/9/2019 3:00,0.0,0.0
8/9/2019 4:00,0.0,0.0
8/9/2019 5:00,0.0,0.0
8/9/2019 6:00,0.0,0.0
8/9/2019 7:00,0.0,0.0
8/9/2019 8:00,0.5,0.02
8/9/2019 9:00,2.25,0.1
8/9/2019 10:00,3.5,0.15
8/9/2019 11:00,4.75,0.2
8/9/2019 12:00,5.75,0.24
8/9/2019 13:00,6.5,0.28
8/9/2019 14:00,15.5,0.66
8/9/2019 15:00,17.25,0.73
8/9/2019 16:00,12.25,0.52
8/9/2019 17:00,13.75,0.58
8/9/2019 18:00,9.75,0.41
8/9/2019 19:00,6.5,0.28
8/9/2019 20:00,2.25,0.1
8/9/2019 21:00,0.0,0.0
8/9/2019 22:00,0.0,0.0
8/9/2019 23:00,0.0,0.0
8/10/2019 0:00,0.0,0.0
8/10/2019 1:00,0.0,0.0
8/10/2019 2:00,0.0,0.0
8/10/2019 3:00,0.0,0.0
8/10/2019 4:00,0.0,0.0
8/10/2019 5:00,0.0,0.0
8/10/2019 6:00,0.0,0.0
8/10/2019 7:00,0.0,0.0
8/10/2019 8:00,1.0,0.04
8/10/2019 9:00,3.75,0.16
8/10/2019 10:00,8.5,0.36
8/10/2019 11:00,13.0,0.55
8/10/2019 12:00,13.75,0.58
8/10/2019 13:00,11.0,0.47
8/10/2019 14:00,11.5,0.49
8/10/2019 15:00,15.25,0.65
8/10/2019 16:00,13.75,0.58
8/10/2019 17:00,11.75,0.5
8/10/2019 18:00,8.25,0.35
8/10/2019 19:00,6.0,0.26
8/10/2019 20:00,1.0,0.04
8/10/2019 21:00,0.25,0.01
8/10/2019 22:00,0.0,0.0
8/10/2019 23:00,0.0,0.0
8/11/2019 0:00,0.0,0.0
8/11/2019 1:00,0.0,0.0
8/11/2019 2:00,0.0,0.0
8/11/2019 3:00,0.0,0.0
8/11/2019 4:00,0.0,0.0
8/11/2019 5:00,0.0,0.0
8/11/2019 6:00,0.0,0.0
8/11/2019 7:00,0.0,0.0
8/11/2019 8:00,1.25,0.05
8/11/2019 9:00,3.5,0.15
8/11/2019 10:00,6.5,0.28
8/11/2019 11:00,13.5,0.57
8/11/2019 12:00,11.25,0.48
8/11/2019 13:00,15.0,0.64
8/11/2019 14:00,19.0,0.81
8/11/2019 15:00,18.75,0.8
8/11/2019 16:00,15.25,0.65
8/11/2019 17:00,15.25,0.65
8/11/2019 18:00,11.75,0.5
8/11/2019 19:00,7.0,0.3
8/11/2019 20:00,2.25,0.1
8/11/2019 21:00,0.0,0.0
8/11/2019 22:00,0.0,0.0
8/11/2019 23:00,0.0,0.0
8/12/2019 0:00,0.0,0.0
8/12/2019 1:00,0.0,0.0
8/12/2019 2:00,0.0,0.0
8/12/2019 3:00,0.0,0.0
8/12/2019 4:00,0.0,0.0
8/12/2019 5:00,0.0,0.0
8/12/2019 6:00,0.0,0.0
8/12/2019 7:00,0.0,0.0
8/12/2019 8:00,0.75,0.03
8/12/2019 9:00,4.5,0.19
8/12/2019 10:00,9.5,0.4
8/12/2019 11:00,12.75,0.54
8/12/2019 12:00,16.5,0.7
8/12/2019 13:00,18.25,0.78
8/12/2019 14:00,18.25,0.78
8/12/2019 15:00,16.75,0.71
8/12/2019 16:00,17.75,0.75
8/12/2019 17:00,15.0,0.64
8/12/2019 18:00,11.25,0.48
8/12/2019 19:00,7.5,0.32
8/12/2019 20:00,2.0,0.09
8/12/2019 21:00,0.25,0.01
8/12/2019 22:00,0.0,0.0
8/12/2019 23:00,0.0,0.0
8/13/2019 0:00,0.0,0.0
8/13/2019 1:00,0.0,0.0
8/13/2019 2:00,0.0,0.0
8/13/2019 3:00,0.0,0.0
8/13/2019 4:00,0.0,0.0
8/13/2019 5:00,0.0,0.0
8/13/2019 6:00,0.0,0.0
8/13/2019 7:00,0.0,0.0
8/13/2019 8:00,0.75,0.03
8/13/2019 9:00,4.25,0.18
8/13/2019 10:00,9.25,0.39
8/13/2019 11:00,13.25,0.56
8/13/2019 12:00,16.0,0.68
8/13/2019 13:00,17.5,0.74
8/13/2019 14:00,18.5,0.79
8/13/2019 15:00,18.5,0.79
8/13/2019 16:00,17.25,0.73
8/13/2019 17:00,15.0,0.64
8/13/2019 18:00,11.5,0.49
8/13/2019 19:00,7.25,0.31
8/13/2019 20:00,2.0,0.09
8/13/2019 21:00,0.0,0.0
8/13/2019 22:00,0.0,0.0
8/13/2019 23:00,0.0,0.0
8/14/2019 0:00,0.0,0.0
8/14/2019 1:00,0.0,0.0
8/14/2019 2:00,0.0,0.0
8/14/2019 3:00,0.0,0.0
8/14/2019 4:00,0.0,0.0
8/14/2019 5:00,0.0,0.0
8/14/2019 6:00,0.0,0.0
8/14/2019 7:00,0.0,0.0
8/14/2019 8:00,0.75,0.03
8/14/2019 9:00,4.25,0.18
8/14/2019 10:00,9.0,0.38
8/14/2019 11:00,13.0,0.55
8/14/2019 12:00,15.5,0.66
8/14/2019 13:00,17.25,0.73
8/14/2019 14:00,18.0,0.77
8/14/2019 15:00,17.75,0.75
8/14/2019 16:00,16.5,0.7
8/14/2019 17:00,14.5,0.62
8/14/2019 18:00,11.25,0.48
8/14/2019 19:00,6.5,0.28
8/14/2019 20:00,2.0,0.09
8/14/2019 21:00,0.0,0.0
8/14/2019 22:00,0.0,0.0
8/14/2019 23:00,0.0,0.0
8/15/2019 0:00,0.0,0.0
8/15/2019 1:00,0.0,0.0
8/15/2019 2:00,0.0,0.0
8/15/2019 3:00,0.0,0.0
8/15/2019 4:00,0.0,0.0
8/15/2019 5:00,0.0,0.0
8/15/2019 6:00,0.0,0.0
8/15/2019 7:00,0.0,0.0
8/15/2019 8:00,0.75,0.03
8/15/2019 9:00,4.25,0.18
8/15/2019 10:00,9.0,0.38
8/15/2019 11:00,13.0,0.55
8/15/2019 12:00,15.5,0.66
8/15/2019 13:00,17.5,0.74
8/15/2019 14:00,17.75,0.75
8/15/2019 15:00,17.75,0.75
8/15/2019 16:00,16.75,0.71
8/15/2019 17:00,14.25,0.61
8/15/2019 18:00,11.0,0.47
8/15/2019 19:00,6.75,0.29
8/15/2019 20:00,1.75,0.07
8/15/2019 21:00,0.25,0.01
8/15/2019 22:00,0.0,0.0
8/15/2019 23:00,0.0,0.0
8/16/2019 0:00,0.0,0.0
8/16/2019 1:00,0.0,0.0
8/16/2019 2:00,0.0,0.0
8/16/2019 3:00,0.0,0.0
8/16/2019 4:00,0.0,0.0
8/16/2019 5:00,0.0,0.0
8/16/2019 6:00,0.0,0.0
8/16/2019 7:00,0.0,0.0
8/16/2019 8:00,0.5,0.02
8/16/2019 9:00,4.25,0.18
8/16/2019 10:00,9.0,0.38
8/16/2019 11:00,13.25,0.56
8/16/2019 12:00,16.0,0.68
8/16/2019 13:00,17.5,0.74
8/16/2019 14:00,18.25,0.78
8/16/2019 15:00,18.25,0.78
8/16/2019 16:00,17.25,0.73
8/16/2019 17:00,14.75,0.63
8/16/2019 18:00,11.25,0.48
8/16/2019 19:00,6.75,0.29
8/16/2019 20:00,2.0,0.09
8/16/2019 21:00,0.0,0.0
8/16/2019 22:00,0.0,0.0
8/16/2019 23:00,0.0,0.0
8/17/2019 0:00,0.0,0.0
8/17/2019 1:00,0.0,0.0
8/17/2019 2:00,0.0,0.0
8/17/2019 3:00,0.0,0.0
8/17/2019 4:00,0.0,0.0
8/17/2019 5:00,0.0,0.0
8/17/2019 6:00,0.0,0.0
8/17/2019 7:00,0.0,0.0
8/17/2019 8:00,0.75,0.03
8/17/2019 9:00,4.0,0.17
8/17/2019 10:00,9.25,0.39
8/17/2019 11:00,13.0,0.55
8/17/2019 12:00,16.0,0.68
8/17/2019 13:00,17.25,0.73
8/17/2019 14:00,18.0,0.77
8/17/2019 15:00,17.25,0.73
8/17/2019 16:00,16.25,0.69
8/17/2019 17:00,14.25,0.61
8/17/2019 18:00,11.25,0.48
8/17/2019 19:00,6.75,0.29
8/17/2019 20:00,1.75,0.07
8/17/2019 21:00,0.25,0.01
8/17/2019 22:00,0.0,0.0
8/17/2019 23:00,0.0,0.0
8/18/2019 0:00,0.0,0.0
8/18/2019 1:00,0.0,0.0
8/18/2019 2:00,0.0,0.0
8/18/2019 3:00,0.0,0.0
8/18/2019 4:00,0.0,0.0
8/18/2019 5:00,0.0,0.0
8/18/2019 6:00,0.0,0.0
8/18/2019 7:00,0.0,0.0
8/18/2019 8:00,0.75,0.03
8/18/2019 9:00,4.0,0.17
8/18/2019 10:00,5.25,0.22
8/18/2019 11:00,7.25,0.31
8/18/2019 12:00,12.25,0.52
8/18/2019 13:00,12.0,0.51
8/18/2019 14:00,12.25,0.52
8/18/2019 15:00,11.25,0.48
8/18/2019 16:00,14.75,0.63
8/18/2019 17:00,14.0,0.6
8/18/2019 18:00,7.0,0.3
8/18/2019 19:00,5.75,0.24
8/18/2019 20:00,1.75,0.07
8/18/2019 21:00,0.0,0.0
8/18/2019 22:00,0.0,0.0
8/18/2019 23:00,0.0,0.0
8/19/2019 0:00,0.0,0.0
8/19/2019 1:00,0.0,0.0
8/19/2019 2:00,0.0,0.0
8/19/2019 3:00,0.0,0.0
8/19/2019 4:00,0.0,0.0
8/19/2019 5:00,0.0,0.0
8/19/2019 6:00,0.0,0.0
8/19/2019 7:00,0.0,0.0
8/19/2019 8:00,0.5,0.02
8/19/2019 9:00,4.25,0.18
8/19/2019 10:00,9.0,0.38
8/19/2019 11:00,12.75,0.54
8/19/2019 12:00,16.25,0.69
8/19/2019 13:00,17.75,0.75
8/19/2019 14:00,18.75,0.8
8/19/2019 15:00,17.0,0.72
8/19/2019 16:00,16.25,0.69
8/19/2019 17:00,11.0,0.47
8/19/2019 18:00,11.0,0.47
8/19/2019 19:00,6.0,0.26
8/19/2019 20:00,1.5,0.06
8/19/2019 21:00,0.0,0.0
8/19/2019 22:00,0.0,0.0
8/19/2019 23:00,0.0,0.0
8/20/2019 0:00,0.0,0.0
8/20/2019 1:00,0.0,0.0
8/20/2019 2:00,0.0,0.0
8/20/2019 3:00,0.0,0.0
8/20/2019 4:00,0.0,0.0
8/20/2019 5:00,0.0,0.0
8/20/2019 6:00,0.0,0.0
8/20/2019 7:00,0.0,0.0
8/20/2019 8:00,0.5,0.02
8/20/2019 9:00,4.25,0.18
8/20/2019 10:00,9.0,0.38
8/20/2019 11:00,13.0,0.55
8/20/2019 12:00,16.0,0.68
8/20/2019 13:00,16.75,0.71
8/20/2019 14:00,18.0,0.77
8/20/2019 15:00,18.0,0.77
8/20/2019 16:00,16.5,0.7
8/20/2019 17:00,14.25,0.61
8/20/2019 18:00,11.0,0.47
8/20/2019 19:00,6.5,0.28
8/20/2019 20:00,1.5,0.06
8/20/2019 21:00,0.25,0.01
8/20/2019 22:00,0.0,0.0
8/20/2019 23:00,0.0,0.0
8/21/2019 0:00,0.0,0.0
8/21/2019 1:00,0.0,0.0
8/21/2019 2:00,0.0,0.0
8/21/2019 3:00,0.0,0.0
8/21/2019 4:00,0.0,0.0
8/21/2019 5:00,0.0,0.0
8/21/2019 6:00,0.0,0.0
8/21/2019 7:00,0.0,0.0
8/21/2019 8:00,0.5,0.02
8/21/2019 9:00,4.0,0.17
8/21/2019 10:00,8.5,0.36
8/21/2019 11:00,12.5,0.53
8/21/2019 12:00,15.25,0.65
8/21/2019 13:00,16.5,0.7
8/21/2019 14:00,17.0,0.72
8/21/2019 15:00,16.5,0.7
8/21/2019 16:00,15.5,0.66
8/21/2019 17:00,13.5,0.57
8/21/2019 18:00,10.5,0.45
8/21/2019 19:00,5.75,0.24
8/21/2019 20:00,1.5,0.06
8/21/2019 21:00,0.25,0.01
8/21/2019 22:00,0.0,0.0
8/21/2019 23:00,0.0,0.0
8/22/2019 0:00,0.0,0.0
8/22/2019 1:00,0.0,0.0
8/22/2019 2:00,0.0,0.0
8/22/2019 3:00,0.0,0.0
8/22/2019 4:00,0.0,0.0
8/22/2019 5:00,0.0,0.0
8/22/2019 6:00,0.0,0.0
8/22/2019 7:00,0.0,0.0
8/22/2019 8:00,0.5,0.02
8/22/2019 9:00,3.75,0.16
8/22/2019 10:00,8.25,0.35
8/22/2019 11:00,12.25,0.52
8/22/2019 12:00,15.0,0.64
8/22/2019 13:00,16.5,0.7
8/22/2019 14:00,16.75,0.71
8/22/2019 15:00,16.0,0.68
8/22/2019 16:00,15.0,0.64
8/22/2019 17:00,12.5,0.53
8/22/2019 18:00,9.75,0.41
8/22/2019 19:00,5.25,0.22
8/22/2019 20:00,1.25,0.05
8/22/2019 21:00,0.0,0.0
8/22/2019 22:00,0.0,0.0
8/22/2019 23:00,0.0,0.0
8/23/2019 0:00,0.0,0.0
8/23/2019 1:00,0.0,0.0
8/23/2019 2:00,0.0,0.0
8/23/2019 3:00,0.0,0.0
8/23/2019 4:00,0.0,0.0
8/23/2019 5:00,0.0,0.0
8/23/2019 6:00,0.0,0.0
8/23/2019 7:00,0.0,0.0
8/23/2019 8:00,0.75,0.03
8/23/2019 9:00,3.5,0.15
8/23/2019 10:00,7.75,0.33
8/23/2019 11:00,11.75,0.5
8/23/2019 12:00,14.5,0.62
8/23/2019 13:00,16.25,0.69
8/23/2019 14:00,16.75,0.71
8/23/2019 15:00,16.0,0.68
8/23/2019 16:00,15.0,0.64
8/23/2019 17:00,13.0,0.55
8/23/2019 18:00,9.75,0.41
8/23/2019 19:00,5.5,0.23
8/23/2019 20:00,1.5,0.06
8/23/2019 21:00,0.0,0.0
8/23/2019 22:00,0.0,0.0
8/23/2019 23:00,0.0,0.0
8/24/2019 0:00,0.0,0.0
8/24/2019 1:00,0.0,0.0
8/24/2019 2:00,0.0,0.0
8/24/2019 3:00,0.0,0.0
8/24/2019 4:00,0.0,0.0
8/24/2019 5:00,0.0,0.0
8/24/2019 6:00,0.0,0.0
8/24/2019 7:00,0.0,0.0
8/24/2019 8:00,0.5,0.02
8/24/2019 9:00,3.5,0.15
8/24/2019 10:00,8.25,0.35
8/24/2019 11:00,12.25,0.52
8/24/2019 12:00,15.0,0.64
8/24/2019 13:00,16.25,0.69
8/24/2019 14:00,17.0,0.72
8/24/2019 15:00,16.5,0.7
8/24/2019 16:00,15.5,0.66
8/24/2019 17:00,13.25,0.56
8/24/2019 18:00,10.0,0.43
8/24/2019 19:00,5.5,0.23
8/24/2019 20:00,1.25,0.05
8/24/2019 21:00,0.25,0.01
8/24/2019 22:00,0.0,0.0
8/24/2019 23:00,0.0,0.0
8/25/2019 0:00,0.0,0.0
8/25/2019 1:00,0.0,0.0
8/25/2019 2:00,0.0,0.0
8/25/2019 3:00,0.0,0.0
8/25/2019 4:00,0.0,0.0
8/25/2019 5:00,0.0,0.0
8/25/2019 6:00,0.0,0.0
8/25/2019 7:00,0.0,0.0
8/25/2019 8:00,0.5,0.02
8/25/2019 9:00,4.0,0.17
8/25/2019 10:00,6.5,0.28
8/25/2019 11:00,7.25,0.31
8/25/2019 12:00,8.75,0.37
8/25/2019 13:00,11.25,0.48
8/25/2019 14:00,5.5,0.23
8/25/2019 15:00,12.25,0.52
8/25/2019 16:00,16.0,0.68
8/25/2019 17:00,14.0,0.6
8/25/2019 18:00,10.25,0.44
8/25/2019 19:00,5.75,0.24
8/25/2019 20:00,1.25,0.05
8/25/2019 21:00,0.0,0.0
8/25/2019 22:00,0.0,0.0
8/25/2019 23:00,0.0,0.0
8/26/2019 0:00,0.0,0.0
8/26/2019 1:00,0.0,0.0
8/26/2019 2:00,0.0,0.0
8/26/2019 3:00,0.0,0.0
8/26/2019 4:00,0.0,0.0
8/26/2019 5:00,0.0,0.0
8/26/2019 6:00,0.0,0.0
8/26/2019 7:00,0.0,0.0
8/26/2019 8:00,0.5,0.02
8/26/2019 9:00,3.75,0.16
8/26/2019 10:00,6.0,0.26
8/26/2019 11:00,11.75,0.5
8/26/2019 12:00,9.5,0.4
8/26/2019 13:00,6.75,0.29
8/26/2019 14:00,13.0,0.55
8/26/2019 15:00,17.25,0.73
8/26/2019 16:00,15.75,0.67
8/26/2019 17:00,12.75,0.54
8/26/2019 18:00,9.5,0.4
8/26/2019 19:00,5.0,0.21
8/26/2019 20:00,1.0,0.04
8/26/2019 21:00,0.0,0.0
8/26/2019 22:00,0.0,0.0
8/26/2019 23:00,0.0,0.0
8/27/2019 0:00,0.0,0.0
8/27/2019 1:00,0.0,0.0
8/27/2019 2:00,0.0,0.0
8/27/2019 3:00,0.0,0.0
8/27/2019 4:00,0.0,0.0
8/27/2019 5:00,0.0,0.0
8/27/2019 6:00,0.0,0.0
8/27/2019 7:00,0.0,0.0
8/27/2019 8:00,0.5,0.02
8/27/2019 9:00,2.25,0.1
8/27/2019 10:00,7.25,0.31
8/27/2019 11:00,12.0,0.51
8/27/2019 12:00,15.25,0.65
8/27/2019 13:00,15.75,0.67
8/27/2019 14:00,17.25,0.73
8/27/2019 15:00,17.5,0.74
8/27/2019 16:00,15.75,0.67
8/27/2019 17:00,13.75,0.58
8/27/2019 18:00,10.5,0.45
8/27/2019 19:00,5.5,0.23
8/27/2019 20:00,1.25,0.05
8/27/2019 21:00,0.0,0.0
8/27/2019 22:00,0.0,0.0
8/27/2019 23:00,0.0,0.0
8/28/2019 0:00,0.0,0.0
8/28/2019 1:00,0.0,0.0
8/28/2019 2:00,0.0,0.0
8/28/2019 3:00,0.0,0.0
8/28/2019 4:00,0.0,0.0
8/28/2019 5:00,0.0,0.0
8/28/2019 6:00,0.0,0.0
8/28/2019 7:00,0.0,0.0
8/28/2019 8:00,0.5,0.02
8/28/2019 9:00,3.75,0.16
8/28/2019 10:00,6.5,0.28
8/28/2019 11:00,12.0,0.51
8/28/2019 12:00,15.25,0.65
8/28/2019 13:00,16.75,0.71
8/28/2019 14:00,17.75,0.75
8/28/2019 15:00,17.25,0.73
8/28/2019 16:00,15.75,0.67
8/28/2019 17:00,13.5,0.57
8/28/2019 18:00,10.25,0.44
8/28/2019 19:00,5.75,0.24
8/28/2019 20:00,1.0,0.04
8/28/2019 21:00,0.0,0.0
8/28/2019 22:00,0.0,0.0
8/28/2019 23:00,0.0,0.0
8/29/2019 0:00,0.0,0.0
8/29/2019 1:00,0.0,0.0
8/29/2019 2:00,0.0,0.0
8/29/2019 3:00,0.0,0.0
8/29/2019 4:00,0.0,0.0
8/29/2019 5:00,0.0,0.0
8/29/2019 6:00,0.0,0.0
8/29/2019 7:00,0.0,0.0
8/29/2019 8:00,0.5,0.02
8/29/2019 9:00,3.75,0.16
8/29/2019 10:00,8.5,0.36
8/29/2019 11:00,12.75,0.54
8/29/2019 12:00,15.25,0.65
8/29/2019 13:00,17.0,0.72
8/29/2019 14:00,17.0,0.72
8/29/2019 15:00,16.75,0.71
8/29/2019 16:00,15.5,0.66
8/29/2019 17:00,13.25,0.56
8/29/2019 18:00,10.0,0.43
8/29/2019 19:00,5.5,0.23
8/29/2019 20:00,1.0,0.04
8/29/2019 21:00,0.0,0.0
8/29/2019 22:00,0.0,0.0
8/29/2019 23:00,0.0,0.0
8/30/2019 0:00,0.0,0.0
8/30/2019 1:00,0.0,0.0
8/30/2019 2:00,0.0,0.0
8/30/2019 3:00,0.0,0.0
8/30/2019 4:00,0.0,0.0
8/30/2019 5:00,0.0,0.0
8/30/2019 6:00,0.0,0.0
8/30/2019 7:00,0.0,0.0
8/30/2019 8:00,0.5,0.02
8/30/2019 9:00,3.5,0.15
8/30/2019 10:00,8.0,0.34
8/30/2019 11:00,12.25,0.52
8/30/2019 12:00,14.75,0.63
8/30/2019 13:00,16.25,0.69
8/30/2019 14:00,16.5,0.7
8/30/2019 15:00,16.5,0.7
8/30/2019 16:00,15.25,0.65
8/30/2019 17:00,13.5,0.57
8/30/2019 18:00,9.75,0.41
8/30/2019 19:00,5.25,0.22
8/30/2019 20:00,1.0,0.04
8/30/2019 21:00,0.0,0.0
8/30/2019 22:00,0.0,0.0
8/30/2019 23:00,0.0,0.0
8/31/2019 0:00,0.0,0.0
8/31/2019 1:00,0.0,0.0
8/31/2019 2:00,0.0,0.0
8/31/2019 3:00,0.0,0.0
8/31/2019 4:00,0.0,0.0
8/31/2019 5:00,0.0,0.0
8/31/2019 6:00,0.0,0.0
8/31/2019 7:00,0.0,0.0
8/31/2019 8:00,0.5,0.02
8/31/2019 9:00,3.5,0.15
8/31/2019 10:00,8.25,0.35
8/31/2019 11:00,12.25,0.52
8/31/2019 12:00,15.25,0.65
8/31/2019 13:00,16.75,0.71
8/31/2019 14:00,17.5,0.74
8/31/2019 15:00,17.0,0.72
8/31/2019 16:00,15.75,0.67
8/31/2019 17:00,13.5,0.57
8/31/2019 18:00,9.75,0.41
8/31/2019 19:00,5.0,0.21
8/31/2019 20:00,1.0,0.04
8/31/2019 21:00,0.0,0.0
8/31/2019 22:00,0.0,0.0
8/31/2019 23:00,0.0,0.0
9/1/2019 0:00,0.0,0.0
9/1/2019 1:00,0.0,0.0
9/1/2019 2:00,0.0,0.0
9/1/2019 3:00,0.0,0.0
9/1/2019 4:00,0.0,0.0
9/1/2019 5:00,0.0,0.0
9/1/2019 6:00,0.0,0.0
9/1/2019 7:00,0.0,0.0
9/1/2019 8:00,0.5,0.02
9/1/2019 9:00,3.5,0.15
9/1/2019 10:00,8.25,0.35
9/1/2019 11:00,12.25,0.52
9/1/2019 12:00,15.25,0.65
9/1/2019 13:00,16.75,0.71
9/1/2019 14:00,17.5,0.74
9/1/2019 15:00,17.5,0.74
9/1/2019 16:00,16.0,0.68
9/1/2019 17:00,13.0,0.55
9/1/2019 18:00,9.75,0.41
9/1/2019 19:00,5.0,0.21
9/1/2019 20:00,0.75,0.03
9/1/2019 21:00,0.0,0.0
9/1/2019 22:00,0.0,0.0
9/1/2019 23:00,0.0,0.0
9/2/2019 0:00,0.0,0.0
9/2/2019 1:00,0.0,0.0
9/2/2019 2:00,0.0,0.0
9/2/2019 3:00,0.0,0.0
9/2/2019 4:00,0.0,0.0
9/2/2019 5:00,0.0,0.0
9/2/2019 6:00,0.0,0.0
9/2/2019 7:00,0.0,0.0
9/2/2019 8:00,0.5,0.02
9/2/2019 9:00,3.5,0.15
9/2/2019 10:00,8.25,0.35
9/2/2019 11:00,12.5,0.53
9/2/2019 12:00,15.0,0.64
9/2/2019 13:00,16.5,0.7
9/2/2019 14:00,17.0,0.72
9/2/2019 15:00,16.25,0.69
9/2/2019 16:00,15.0,0.64
9/2/2019 17:00,13.0,0.55
9/2/2019 18:00,9.75,0.41
9/2/2019 19:00,5.0,0.21
9/2/2019 20:00,0.75,0.03
9/2/2019 21:00,0.0,0.0
9/2/2019 22:00,0.0,0.0
9/2/2019 23:00,0.0,0.0
9/3/2019 0:00,0.0,0.0
9/3/2019 1:00,0.0,0.0
9/3/2019 2:00,0.0,0.0
9/3/2019 3:00,0.0,0.0
9/3/2019 4:00,0.0,0.0
9/3/2019 5:00,0.0,0.0
9/3/2019 6:00,0.0,0.0
9/3/2019 7:00,0.0,0.0
9/3/2019 8:00,0.5,0.02
9/3/2019 9:00,3.25,0.14
9/3/2019 10:00,7.75,0.33
9/3/2019 11:00,11.75,0.5
9/3/2019 12:00,14.25,0.61
9/3/2019 13:00,15.75,0.67
9/3/2019 14:00,16.25,0.69
9/3/2019 15:00,15.75,0.67
9/3/2019 16:00,14.75,0.63
9/3/2019 17:00,12.75,0.54
9/3/2019 18:00,9.0,0.38
9/3/2019 19:00,4.75,0.2
9/3/2019 20:00,0.5,0.02
9/3/2019 21:00,0.0,0.0
9/3/2019 22:00,0.0,0.0
9/3/2019 23:00,0.0,0.0
9/4/2019 0:00,0.0,0.0
9/4/2019 1:00,0.0,0.0
9/4/2019 2:00,0.0,0.0
9/4/2019 3:00,0.0,0.0
9/4/2019 4:00,0.0,0.0
9/4/2019 5:00,0.0,0.0
9/4/2019 6:00,0.0,0.0
9/4/2019 7:00,0.0,0.0
9/4/2019 8:00,0.5,0.02
9/4/2019 9:00,3.25,0.14
9/4/2019 10:00,7.75,0.33
9/4/2019 11:00,11.75,0.5
9/4/2019 12:00,14.25,0.61
9/4/2019 13:00,15.75,0.67
9/4/2019 14:00,16.0,0.68
9/4/2019 15:00,16.0,0.68
9/4/2019 16:00,14.75,0.63
9/4/2019 17:00,12.75,0.54
9/4/2019 18:00,9.5,0.4
9/4/2019 19:00,4.75,0.2
9/4/2019 20:00,0.5,0.02
9/4/2019 21:00,0.0,0.0
9/4/2019 22:00,0.0,0.0
9/4/2019 23:00,0.0,0.0
9/5/2019 0:00,0.0,0.0
9/5/2019 1:00,0.0,0.0
9/5/2019 2:00,0.0,0.0
9/5/2019 3:00,0.0,0.0
9/5/2019 4:00,0.0,0.0
9/5/2019 5:00,0.0,0.0
9/5/2019 6:00,0.0,0.0
9/5/2019 7:00,0.0,0.0
9/5/2019 8:00,0.5,0.02
9/5/2019 9:00,3.25,0.14
9/5/2019 10:00,8.25,0.35
9/5/2019 11:00,12.5,0.53
9/5/2019 12:00,15.25,0.65
9/5/2019 13:00,17.0,0.72
9/5/2019 14:00,17.0,0.72
9/5/2019 15:00,16.5,0.7
9/5/2019 16:00,15.25,0.65
9/5/2019 17:00,12.5,0.53
9/5/2019 18:00,8.75,0.37
9/5/2019 19:00,4.5,0.19
9/5/2019 20:00,0.5,0.02
9/5/2019 21:00,0.0,0.0
9/5/2019 22:00,0.0,0.0
9/5/2019 23:00,0.0,0.0
9/6/2019 0:00,0.0,0.0
9/6/2019 1:00,0.0,0.0
9/6/2019 2:00,0.0,0.0
9/6/2019 3:00,0.0,0.0
9/6/2019 4:00,0.0,0.0
9/6/2019 5:00,0.0,0.0
9/6/2019 6:00,0.0,0.0
9/6/2019 7:00,0.0,0.0
9/6/2019 8:00,0.5,0.02
9/6/2019 9:00,3.25,0.14
9/6/2019 10:00,8.0,0.34
9/6/2019 11:00,12.25,0.52
9/6/2019 12:00,15.0,0.64
9/6/2019 13:00,16.5,0.7
9/6/2019 14:00,16.75,0.71
9/6/2019 15:00,16.0,0.68
9/6/2019 16:00,14.5,0.62
9/6/2019 17:00,12.5,0.53
9/6/2019 18:00,9.25,0.39
9/6/2019 19:00,4.5,0.19
9/6/2019 20:00,0.5,0.02
9/6/2019 21:00,0.0,0.0
9/6/2019 22:00,0.0,0.0
9/6/2019 23:00,0.0,0.0
9/7/2019 0:00,0.0,0.0
9/7/2019 1:00,0.0,0.0
9/7/2019 2:00,0.0,0.0
9/7/2019 3:00,0.0,0.0
9/7/2019 4:00,0.0,0.0
9/7/2019 5:00,0.0,0.0
9/7/2019 6:00,0.0,0.0
9/7/2019 7:00,0.0,0.0
9/7/2019 8:00,0.25,0.01
9/7/2019 9:00,3.5,0.15
9/7/2019 10:00,8.0,0.34
9/7/2019 11:00,12.5,0.53
9/7/2019 12:00,15.0,0.64
9/7/2019 13:00,16.75,0.71
9/7/2019 14:00,16.5,0.7
9/7/2019 15:00,16.0,0.68
9/7/2019 16:00,15.0,0.64
9/7/2019 17:00,12.75,0.54
9/7/2019 18:00,9.25,0.39
9/7/2019 19:00,4.25,0.18
9/7/2019 20:00,0.5,0.02
9/7/2019 21:00,0.0,0.0
9/7/2019 22:00,0.0,0.0
9/7/2019 23:00,0.0,0.0
9/8/2019 0:00,0.0,0.0
9/8/2019 1:00,0.0,0.0
9/8/2019 2:00,0.0,0.0
9/8/2019 3:00,0.0,0.0
9/8/2019 4:00,0.0,0.0
9/8/2019 5:00,0.0,0.0
9/8/2019 6:00,0.0,0.0
9/8/2019 7:00,0.0,0.0
9/8/2019 8:00,0.5,0.02
9/8/2019 9:00,3.0,0.13
9/8/2019 10:00,7.75,0.33
9/8/2019 11:00,11.5,0.49
9/8/2019 12:00,14.5,0.62
9/8/2019 13:00,16.0,0.68
9/8/2019 14:00,17.0,0.72
9/8/2019 15:00,16.5,0.7
9/8/2019 16:00,15.25,0.65
9/8/2019 17:00,12.5,0.53
9/8/2019 18:00,8.75,0.37
9/8/2019 19:00,4.25,0.18
9/8/2019 20:00,0.5,0.02
9/8/2019 21:00,0.0,0.0
9/8/2019 22:00,0.0,0.0
9/8/2019 23:00,0.0,0.0
9/9/2019 0:00,0.0,0.0
9/9/2019 1:00,0.0,0.0
9/9/2019 2:00,0.0,0.0
9/9/2019 3:00,0.0,0.0
9/9/2019 4:00,0.0,0.0
9/9/2019 5:00,0.0,0.0
9/9/2019 6:00,0.0,0.0
9/9/2019 7:00,0.0,0.0
9/9/2019 8:00,0.25,0.01
9/9/2019 9:00,3.25,0.14
9/9/2019 10:00,7.75,0.33
9/9/2019 11:00,12.0,0.51
9/9/2019 12:00,15.0,0.64
9/9/2019 13:00,17.0,0.72
9/9/2019 14:00,17.75,0.75
9/9/2019 15:00,15.75,0.67
9/9/2019 16:00,16.25,0.69
9/9/2019 17:00,9.75,0.41
9/9/2019 18:00,4.0,0.17
9/9/2019 19:00,3.25,0.14
9/9/2019 20:00,0.75,0.03
9/9/2019 21:00,0.0,0.0
9/9/2019 22:00,0.0,0.0
9/9/2019 23:00,0.0,0.0
9/10/2019 0:00,0.0,0.0
9/10/2019 1:00,0.0,0.0
9/10/2019 2:00,0.0,0.0
9/10/2019 3:00,0.0,0.0
9/10/2019 4:00,0.0,0.0
9/10/2019 5:00,0.0,0.0
9/10/2019 6:00,0.0,0.0
9/10/2019 7:00,0.0,0.0
9/10/2019 8:00,0.25,0.01
9/10/2019 9:00,3.25,0.14
9/10/2019 10:00,7.75,0.33
9/10/2019 11:00,12.0,0.51
9/10/2019 12:00,15.75,0.67
9/10/2019 13:00,17.75,0.75
9/10/2019 14:00,18.25,0.78
9/10/2019 15:00,18.0,0.77
9/10/2019 16:00,16.25,0.69
9/10/2019 17:00,13.75,0.58
9/10/2019 18:00,10.0,0.43
9/10/2019 19:00,5.0,0.21
9/10/2019 20:00,0.25,0.01
9/10/2019 21:00,0.0,0.0
9/10/2019 22:00,0.0,0.0
9/10/2019 23:00,0.0,0.0
9/11/2019 0:00,0.0,0.0
9/11/2019 1:00,0.0,0.0
9/11/2019 2:00,0.0,0.0
9/11/2019 3:00,0.0,0.0
9/11/2019 4:00,0.0,0.0
9/11/2019 5:00,0.0,0.0
9/11/2019 6:00,0.0,0.0
9/11/2019 7:00,0.0,0.0
9/11/2019 8:00,0.25,0.01
9/11/2019 9:00,3.25,0.14
9/11/2019 10:00,8.5,0.36
9/11/2019 11:00,12.75,0.54
9/11/2019 12:00,15.5,0.66
9/11/2019 13:00,17.25,0.73
9/11/2019 14:00,17.75,0.75
9/11/2019 15:00,17.25,0.73
9/11/2019 16:00,15.25,0.65
9/11/2019 17:00,13.0,0.55
9/11/2019 18:00,9.25,0.39
9/11/2019 19:00,4.25,0.18
9/11/2019 20:00,0.25,0.01
9/11/2019 21:00,0.0,0.0
9/11/2019 22:00,0.0,0.0
9/11/2019 23:00,0.0,0.0
9/12/2019 0:00,0.0,0.0
9/12/2019 1:00,0.0,0.0
9/12/2019 2:00,0.0,0.0
9/12/2019 3:00,0.0,0.0
9/12/2019 4:00,0.0,0.0
9/12/2019 5:00,0.0,0.0
9/12/2019 6:00,0.0,0.0
9/12/2019 7:00,0.0,0.0
9/12/2019 8:00,0.25,0.01
9/12/2019 9:00,3.25,0.14
9/12/2019 10:00,8.0,0.34
9/12/2019 11:00,12.0,0.51
9/12/2019 12:00,15.0,0.64
9/12/2019 13:00,16.25,0.69
9/12/2019 14:00,17.0,0.72
9/12/2019 15:00,16.5,0.7
9/12/2019 16:00,15.0,0.64
9/12/2019 17:00,12.25,0.52
9/12/2019 18:00,8.0,0.34
9/12/2019 19:00,3.75,0.16
9/12/2019 20:00,0.25,0.01
9/12/2019 21:00,0.0,0.0
9/12/2019 22:00,0.0,0.0
9/12/2019 23:00,0.0,0.0
9/13/2019 0:00,0.0,0.0
9/13/2019 1:00,0.0,0.0
9/13/2019 2:00,0.0,0.0
9/13/2019 3:00,0.0,0.0
9/13/2019 4:00,0.0,0.0
9/13/2019 5:00,0.0,0.0
9/13/2019 6:00,0.0,0.0
9/13/2019 7:00,0.0,0.0
9/13/2019 8:00,0.25,0.01
9/13/2019 9:00,3.0,0.13
9/13/2019 10:00,7.25,0.31
9/13/2019 11:00,11.5,0.49
9/13/2019 12:00,14.25,0.61
9/13/2019 13:00,16.0,0.68
9/13/2019 14:00,16.25,0.69
9/13/2019 15:00,15.0,0.64
9/13/2019 16:00,11.5,0.49
9/13/2019 17:00,10.25,0.44
9/13/2019 18:00,6.25,0.27
9/13/2019 19:00,2.75,0.12
9/13/2019 20:00,0.5,0.02
9/13/2019 21:00,0.0,0.0
9/13/2019 22:00,0.0,0.0
9/13/2019 23:00,0.0,0.0
9/14/2019 0:00,0.0,0.0
9/14/2019 1:00,0.0,0.0
9/14/2019 2:00,0.0,0.0
9/14/2019 3:00,0.0,0.0
9/14/2019 4:00,0.0,0.0
9/14/2019 5:00,0.0,0.0
9/14/2019 6:00,0.0,0.0
9/14/2019 7:00,0.0,0.0
9/14/2019 8:00,0.25,0.01
9/14/2019 9:00,3.0,0.13
9/14/2019 10:00,7.75,0.33
9/14/2019 11:00,12.0,0.51
9/14/2019 12:00,14.75,0.63
9/14/2019 13:00,16.25,0.69
9/14/2019 14:00,16.25,0.69
9/14/2019 15:00,15.75,0.67
9/14/2019 16:00,14.25,0.61
9/14/2019 17:00,9.75,0.41
9/14/2019 18:00,5.5,0.23
9/14/2019 19:00,3.75,0.16
9/14/2019 20:00,0.25,0.01
9/14/2019 21:00,0.0,0.0
9/14/2019 22:00,0.0,0.0
9/14/2019 23:00,0.0,0.0
9/15/2019 0:00,0.0,0.0
9/15/2019 1:00,0.0,0.0
9/15/2019 2:00,0.0,0.0
9/15/2019 3:00,0.0,0.0
9/15/2019 4:00,0.0,0.0
9/15/2019 5:00,0.0,0.0
9/15/2019 6:00,0.0,0.0
9/15/2019 7:00,0.0,0.0
9/15/2019 8:00,0.25,0.01
9/15/2019 9:00,2.0,0.09
9/15/2019 10:00,4.75,0.2
9/15/2019 11:00,9.0,0.38
9/15/2019 12:00,8.0,0.34
9/15/2019 13:00,9.0,0.38
9/15/2019 14:00,16.25,0.69
9/15/2019 15:00,14.5,0.62
9/15/2019 16:00,14.5,0.62
9/15/2019 17:00,11.75,0.5
9/15/2019 18:00,8.25,0.35
9/15/2019 19:00,3.25,0.14
9/15/2019 20:00,0.25,0.01
9/15/2019 21:00,0.0,0.0
9/15/2019 22:00,0.0,0.0
9/15/2019 23:00,0.0,0.0
9/16/2019 0:00,0.0,0.0
9/16/2019 1:00,0.0,0.0
9/16/2019 2:00,0.0,0.0
9/16/2019 3:00,0.0,0.0
9/16/2019 4:00,0.0,0.0
9/16/2019 5:00,0.0,0.0
9/16/2019 6:00,0.0,0.0
9/16/2019 7:00,0.0,0.0
9/16/2019 8:00,0.5,0.02
9/16/2019 9:00,2.75,0.12
9/16/2019 10:00,7.25,0.31
9/16/2019 11:00,10.75,0.46
9/16/2019 12:00,14.5,0.62
9/16/2019 13:00,16.25,0.69
9/16/2019 14:00,16.75,0.71
9/16/2019 15:00,16.5,0.7
9/16/2019 16:00,14.5,0.62
9/16/2019 17:00,12.25,0.52
9/16/2019 18:00,8.25,0.35
9/16/2019 19:00,3.25,0.14
9/16/2019 20:00,0.25,0.01
9/16/2019 21:00,0.0,0.0
9/16/2019 22:00,0.0,0.0
9/16/2019 23:00,0.0,0.0
9/17/2019 0:00,0.0,0.0
9/17/2019 1:00,0.0,0.0
9/17/2019 2:00,0.0,0.0
9/17/2019 3:00,0.0,0.0
9/17/2019 4:00,0.0,0.0
9/17/2019 5:00,0.0,0.0
9/17/2019 6:00,0.0,0.0
9/17/2019 7:00,0.0,0.0
9/17/2019 8:00,0.25,0.01
9/17/2019 9:00,2.0,0.09
9/17/2019 10:00,7.25,0.31
9/17/2019 11:00,5.25,0.22
9/17/2019 12:00,11.75,0.5
9/17/2019 13:00,15.25,0.65
9/17/2019 14:00,16.25,0.69
9/17/2019 15:00,16.25,0.69
9/17/2019 16:00,14.5,0.62
9/17/2019 17:00,12.0,0.51
9/17/2019 18:00,8.0,0.34
9/17/2019 19:00,3.25,0.14
9/17/2019 20:00,0.0,0.0
9/17/2019 21:00,0.0,0.0
9/17/2019 22:00,0.0,0.0
9/17/2019 23:00,0.0,0.0
9/18/2019 0:00,0.0,0.0
9/18/2019 1:00,0.0,0.0
9/18/2019 2:00,0.0,0.0
9/18/2019 3:00,0.0,0.0
9/18/2019 4:00,0.0,0.0
9/18/2019 5:00,0.0,0.0
9/18/2019 6:00,0.0,0.0
9/18/2019 7:00,0.0,0.0
9/18/2019 8:00,0.25,0.01
9/18/2019 9:00,3.0,0.13
9/18/2019 10:00,7.5,0.32
9/18/2019 11:00,11.5,0.49
9/18/2019 12:00,14.25,0.61
9/18/2019 13:00,11.5,0.49
9/18/2019 14:00,16.25,0.69
9/18/2019 15:00,16.25,0.69
9/18/2019 16:00,13.75,0.58
9/18/2019 17:00,10.0,0.43
9/18/2019 18:00,4.25,0.18
9/18/2019 19:00,2.0,0.09
9/18/2019 20:00,0.0,0.0
9/18/2019 21:00,0.0,0.0
9/18/2019 22:00,0.0,0.0
9/18/2019 23:00,0.0,0.0
9/19/2019 0:00,0.0,0.0
9/19/2019 1:00,0.0,0.0
9/19/2019 2:00,0.0,0.0
9/19/2019 3:00,0.0,0.0
9/19/2019 4:00,0.0,0.0
9/19/2019 5:00,0.0,0.0
9/19/2019 6:00,0.0,0.0
9/19/2019 7:00,0.0,0.0
9/19/2019 8:00,0.5,0.02
9/19/2019 9:00,2.75,0.12
9/19/2019 10:00,7.5,0.32
9/19/2019 11:00,6.5,0.28
9/19/2019 12:00,9.25,0.39
9/19/2019 13:00,7.75,0.33
9/19/2019 14:00,10.25,0.44
9/19/2019 15:00,10.5,0.45
9/19/2019 16:00,5.0,0.21
9/19/2019 17:00,8.25,0.35
9/19/2019 18:00,3.0,0.13
9/19/2019 19:00,1.25,0.05
9/19/2019 20:00,0.25,0.01
9/19/2019 21:00,0.0,0.0
9/19/2019 22:00,0.0,0.0
9/19/2019 23:00,0.0,0.0
9/20/2019 0:00,0.0,0.0
9/20/2019 1:00,0.0,0.0
9/20/2019 2:00,0.0,0.0
9/20/2019 3:00,0.0,0.0
9/20/2019 4:00,0.0,0.0
9/20/2019 5:00,0.0,0.0
9/20/2019 6:00,0.0,0.0
9/20/2019 7:00,0.0,0.0
9/20/2019 8:00,0.0,0.0
9/20/2019 9:00,1.0,0.04
9/20/2019 10:00,1.5,0.06
9/20/2019 11:00,3.75,0.16
9/20/2019 12:00,7.0,0.3
9/20/2019 13:00,4.0,0.17
9/20/2019 14:00,12.0,0.51
9/20/2019 15:00,14.25,0.61
9/20/2019 16:00,10.75,0.46
9/20/2019 17:00,7.5,0.32
9/20/2019 18:00,5.0,0.21
9/20/2019 19:00,1.25,0.05
9/20/2019 20:00,0.25,0.01
9/20/2019 21:00,0.0,0.0
9/20/2019 22:00,0.0,0.0
9/20/2019 23:00,0.0,0.0
9/21/2019 0:00,0.0,0.0
9/21/2019 1:00,0.0,0.0
9/21/2019 2:00,0.0,0.0
9/21/2019 3:00,0.0,0.0
9/21/2019 4:00,0.0,0.0
9/21/2019 5:00,0.0,0.0
9/21/2019 6:00,0.0,0.0
9/21/2019 7:00,0.0,0.0
9/21/2019 8:00,0.0,0.0
9/21/2019 9:00,0.75,0.03
9/21/2019 10:00,2.0,0.09
9/21/2019 11:00,4.25,0.18
9/21/2019 12:00,7.25,0.31
9/21/2019 13:00,6.75,0.29
9/21/2019 14:00,6.25,0.27
9/21/2019 15:00,3.5,0.15
9/21/2019 16:00,1.5,0.06
9/21/2019 17:00,1.5,0.06
9/21/2019 18:00,0.75,0.03
9/21/2019 19:00,0.75,0.03
9/21/2019 20:00,0.25,0.01
9/21/2019 21:00,0.0,0.0
9/21/2019 22:00,0.0,0.0
9/21/2019 23:00,0.0,0.0
9/22/2019 0:00,0.0,0.0
9/22/2019 1:00,0.0,0.0
9/22/2019 2:00,0.0,0.0
9/22/2019 3:00,0.0,0.0
9/22/2019 4:00,0.0,0.0
9/22/2019 5:00,0.0,0.0
9/22/2019 6:00,0.0,0.0
9/22/2019 7:00,0.0,0.0
9/22/2019 8:00,0.0,0.0
9/22/2019 9:00,1.25,0.05
9/22/2019 10:00,5.25,0.22
9/22/2019 11:00,8.0,0.34
9/22/2019 12:00,11.5,0.49
9/22/2019 13:00,14.75,0.63
9/22/2019 14:00,16.5,0.7
9/22/2019 15:00,10.75,0.46
9/22/2019 16:00,11.25,0.48
9/22/2019 17:00,9.0,0.38
9/22/2019 18:00,7.5,0.32
9/22/2019 19:00,3.0,0.13
9/22/2019 20:00,0.25,0.01
9/22/2019 21:00,0.0,0.0
9/22/2019 22:00,0.0,0.0
9/22/2019 23:00,0.0,0.0
9/23/2019 0:00,0.0,0.0
9/23/2019 1:00,0.0,0.0
9/23/2019 2:00,0.0,0.0
9/23/2019 3:00,0.0,0.0
9/23/2019 4:00,0.0,0.0
9/23/2019 5:00,0.0,0.0
9/23/2019 6:00,0.0,0.0
9/23/2019 7:00,0.0,0.0
9/23/2019 8:00,0.0,0.0
9/23/2019 9:00,2.5,0.11
9/23/2019 10:00,7.0,0.3
9/23/2019 11:00,9.5,0.4
9/23/2019 12:00,8.25,0.35
9/23/2019 13:00,15.0,0.64
9/23/2019 14:00,16.5,0.7
9/23/2019 15:00,15.75,0.67
9/23/2019 16:00,14.25,0.61
9/23/2019 17:00,11.75,0.5
9/23/2019 18:00,7.75,0.33
9/23/2019 19:00,2.75,0.12
9/23/2019 20:00,0.25,0.01
9/23/2019 21:00,0.0,0.0
9/23/2019 22:00,0.0,0.0
9/23/2019 23:00,0.0,0.0
9/24/2019 0:00,0.0,0.0
9/24/2019 1:00,0.0,0.0
9/24/2019 2:00,0.0,0.0
9/24/2019 3:00,0.0,0.0
9/24/2019 4:00,0.0,0.0
9/24/2019 5:00,0.0,0.0
9/24/2019 6:00,0.0,0.0
9/24/2019 7:00,0.0,0.0
9/24/2019 8:00,0.25,0.01
9/24/2019 9:00,1.25,0.05
9/24/2019 10:00,5.0,0.21
9/24/2019 11:00,5.0,0.21
9/24/2019 12:00,7.0,0.3
9/24/2019 13:00,8.75,0.37
9/24/2019 14:00,7.5,0.32
9/24/2019 15:00,7.75,0.33
9/24/2019 16:00,8.75,0.37
9/24/2019 17:00,10.5,0.45
9/24/2019 18:00,8.0,0.34
9/24/2019 19:00,2.75,0.12
9/24/2019 20:00,0.25,0.01
9/24/2019 21:00,0.0,0.0
9/24/2019 22:00,0.0,0.0
9/24/2019 23:00,0.0,0.0
9/25/2019 0:00,0.0,0.0
9/25/2019 1:00,0.0,0.0
9/25/2019 2:00,0.0,0.0
9/25/2019 3:00,0.0,0.0
9/25/2019 4:00,0.0,0.0
9/25/2019 5:00,0.0,0.0
9/25/2019 6:00,0.0,0.0
9/25/2019 7:00,0.0,0.0
9/25/2019 8:00,0.25,0.01
9/25/2019 9:00,2.75,0.12
9/25/2019 10:00,7.75,0.33
9/25/2019 11:00,12.0,0.51
9/25/2019 12:00,14.5,0.62
9/25/2019 13:00,16.25,0.69
9/25/2019 14:00,16.75,0.71
9/25/2019 15:00,15.25,0.65
9/25/2019 16:00,14.75,0.63
9/25/2019 17:00,12.0,0.51
9/25/2019 18:00,8.0,0.34
9/25/2019 19:00,2.75,0.12
9/25/2019 20:00,0.0,0.0
9/25/2019 21:00,0.0,0.0
9/25/2019 22:00,0.0,0.0
9/25/2019 23:00,0.0,0.0
9/26/2019 0:00,0.0,0.0
9/26/2019 1:00,0.0,0.0
9/26/2019 2:00,0.0,0.0
9/26/2019 3:00,0.0,0.0
9/26/2019 4:00,0.0,0.0
9/26/2019 5:00,0.0,0.0
9/26/2019 6:00,0.0,0.0
9/26/2019 7:00,0.0,0.0
9/26/2019 8:00,0.25,0.01
9/26/2019 9:00,2.75,0.12
9/26/2019 10:00,8.0,0.34
9/26/2019 11:00,12.0,0.51
9/26/2019 12:00,15.0,0.64
9/26/2019 13:00,16.5,0.7
9/26/2019 14:00,17.25,0.73
9/26/2019 15:00,16.5,0.7
9/26/2019 16:00,15.0,0.64
9/26/2019 17:00,12.25,0.52
9/26/2019 18:00,8.0,0.34
9/26/2019 19:00,2.75,0.12
9/26/2019 20:00,0.0,0.0
9/26/2019 21:00,0.0,0.0
9/26/2019 22:00,0.0,0.0
9/26/2019 23:00,0.0,0.0
9/27/2019 0:00,0.0,0.0
9/27/2019 1:00,0.0,0.0
9/27/2019 2:00,0.0,0.0
9/27/2019 3:00,0.0,0.0
9/27/2019 4:00,0.0,0.0
9/27/2019 5:00,0.0,0.0
9/27/2019 6:00,0.0,0.0
9/27/2019 7:00,0.0,0.0
9/27/2019 8:00,0.25,0.01
9/27/2019 9:00,2.75,0.12
9/27/2019 10:00,8.0,0.34
9/27/2019 11:00,12.25,0.52
9/27/2019 12:00,15.0,0.64
9/27/2019 13:00,16.75,0.71
9/27/2019 14:00,17.0,0.72
9/27/2019 15:00,16.75,0.71
9/27/2019 16:00,15.0,0.64
9/27/2019 17:00,12.25,0.52
9/27/2019 18:00,8.0,0.34
9/27/2019 19:00,2.5,0.11
9/27/2019 20:00,0.0,0.0
9/27/2019 21:00,0.0,0.0
9/27/2019 22:00,0.0,0.0
9/27/2019 23:00,0.0,0.0
9/28/2019 0:00,0.0,0.0
9/28/2019 1:00,0.0,0.0
9/28/2019 2:00,0.0,0.0
9/28/2019 3:00,0.0,0.0
9/28/2019 4:00,0.0,0.0
9/28/2019 5:00,0.0,0.0
9/28/2019 6:00,0.0,0.0
9/28/2019 7:00,0.0,0.0
9/28/2019 8:00,0.25,0.01
9/28/2019 9:00,2.75,0.12
9/28/2019 10:00,7.75,0.33
9/28/2019 11:00,12.0,0.51
9/28/2019 12:00,14.75,0.63
9/28/2019 13:00,16.25,0.69
9/28/2019 14:00,17.0,0.72
9/28/2019 15:00,16.0,0.68
9/28/2019 16:00,14.5,0.62
9/28/2019 17:00,11.5,0.49
9/28/2019 18:00,7.75,0.33
9/28/2019 19:00,2.25,0.1
9/28/2019 20:00,0.0,0.0
9/28/2019 21:00,0.0,0.0
9/28/2019 22:00,0.0,0.0
9/28/2019 23:00,0.0,0.0
9/29/2019 0:00,0.0,0.0
9/29/2019 1:00,0.0,0.0
9/29/2019 2:00,0.0,0.0
9/29/2019 3:00,0.0,0.0
9/29/2019 4:00,0.0,0.0
9/29/2019 5:00,0.0,0.0
9/29/2019 6:00,0.0,0.0
9/29/2019 7:00,0.0,0.0
9/29/2019 8:00,0.25,0.01
9/29/2019 9:00,2.75,0.12
9/29/2019 10:00,8.0,0.34
9/29/2019 11:00,12.25,0.52
9/29/2019 12:00,15.25,0.65
9/29/2019 13:00,16.75,0.71
9/29/2019 14:00,17.0,0.72
9/29/2019 15:00,16.0,0.68
9/29/2019 16:00,14.5,0.62
9/29/2019 17:00,11.75,0.5
9/29/2019 18:00,7.25,0.31
9/29/2019 19:00,2.0,0.09
9/29/2019 20:00,0.25,0.01
9/29/2019 21:00,0.0,0.0
9/29/2019 22:00,0.0,0.0
9/29/2019 23:00,0.0,0.0
9/30/2019 0:00,0.0,0.0
9/30/2019 1:00,0.0,0.0
9/30/2019 2:00,0.0,0.0
9/30/2019 3:00,0.0,0.0
9/30/2019 4:00,0.0,0.0
9/30/2019 5:00,0.0,0.0
9/30/2019 6:00,0.0,0.0
9/30/2019 7:00,0.0,0.0
9/30/2019 8:00,0.0,0.0
9/30/2019 9:00,2.75,0.12
9/30/2019 10:00,7.75,0.33
9/30/2019 11:00,11.75,0.5
9/30/2019 12:00,14.5,0.62
9/30/2019 13:00,16.0,0.68
9/30/2019 14:00,16.25,0.69
9/30/2019 15:00,16.0,0.68
9/30/2019 16:00,14.25,0.61
9/30/2019 17:00,11.5,0.49
9/30/2019 18:00,7.25,0.31
9/30/2019 19:00,2.0,0.09
9/30/2019 20:00,0.0,0.0
9/30/2019 21:00,0.0,0.0
9/30/2019 22:00,0.0,0.0
9/30/2019 23:00,0.0,0.0
10/1/2019 0:00,0.0,0.0
10/1/2019 1:00,0.0,0.0
10/1/2019 2:00,0.0,0.0
10/1/2019 3:00,0.0,0.0
10/1/2019 4:00,0.0,0.0
10/1/2019 5:00,0.0,0.0
10/1/2019 6:00,0.0,0.0
10/1/2019 7:00,0.0,0.0
10/1/2019 8:00,0.0,0.0
10/1/2019 9:00,1.0,0.04
10/1/2019 10:00,4.25,0.18
10/1/2019 11:00,8.0,0.34
10/1/2019 12:00,8.25,0.35
10/1/2019 13:00,14.25,0.61
10/1/2019 14:00,16.5,0.7
10/1/2019 15:00,15.5,0.66
10/1/2019 16:00,14.5,0.62
10/1/2019 17:00,11.5,0.49
10/1/2019 18:00,7.5,0.32
10/1/2019 19:00,2.0,0.09
10/1/2019 20:00,0.0,0.0
10/1/2019 21:00,0.0,0.0
10/1/2019 22:00,0.0,0.0
10/1/2019 23:00,0.0,0.0
10/2/2019 0:00,0.0,0.0
10/2/2019 1:00,0.0,0.0
10/2/2019 2:00,0.0,0.0
10/2/2019 3:00,0.0,0.0
10/2/2019 4:00,0.0,0.0
10/2/2019 5:00,0.0,0.0
10/2/2019 6:00,0.0,0.0
10/2/2019 7:00,0.0,0.0
10/2/2019 8:00,0.25,0.01
10/2/2019 9:00,2.25,0.1
10/2/2019 10:00,7.5,0.32
10/2/2019 11:00,10.5,0.45
10/2/2019 12:00,14.75,0.63
10/2/2019 13:00,16.25,0.69
10/2/2019 14:00,17.0,0.72
10/2/2019 15:00,16.25,0.69
10/2/2019 16:00,13.25,0.56
10/2/2019 17:00,11.5,0.49
10/2/2019 18:00,7.0,0.3
10/2/2019 19:00,1.5,0.06
10/2/2019 20:00,0.25,0.01
10/2/2019 21:00,0.0,0.0
10/2/2019 22:00,0.0,0.0
10/2/2019 23:00,0.0,0.0
10/3/2019 0:00,0.0,0.0
10/3/2019 1:00,0.0,0.0
10/3/2019 2:00,0.0,0.0
10/3/2019 3:00,0.0,0.0
10/3/2019 4:00,0.0,0.0
10/3/2019 5:00,0.0,0.0
10/3/2019 6:00,0.0,0.0
10/3/2019 7:00,0.0,0.0
10/3/2019 8:00,0.0,0.0
10/3/2019 9:00,2.75,0.12
10/3/2019 10:00,5.75,0.24
10/3/2019 11:00,11.0,0.47
10/3/2019 12:00,13.5,0.57
10/3/2019 13:00,16.0,0.68
10/3/2019 14:00,16.25,0.69
10/3/2019 15:00,16.25,0.69
10/3/2019 16:00,13.75,0.58
10/3/2019 17:00,11.5,0.49
10/3/2019 18:00,7.0,0.3
10/3/2019 19:00,1.75,0.07
10/3/2019 20:00,0.0,0.0
10/3/2019 21:00,0.0,0.0
10/3/2019 22:00,0.0,0.0
10/3/2019 23:00,0.0,0.0
10/4/2019 0:00,0.0,0.0
10/4/2019 1:00,0.0,0.0
10/4/2019 2:00,0.0,0.0
10/4/2019 3:00,0.0,0.0
10/4/2019 4:00,0.0,0.0
10/4/2019 5:00,0.0,0.0
10/4/2019 6:00,0.0,0.0
10/4/2019 7:00,0.0,0.0
10/4/2019 8:00,0.25,0.01
10/4/2019 9:00,1.25,0.05
10/4/2019 10:00,6.0,0.26
10/4/2019 11:00,7.5,0.32
10/4/2019 12:00,5.75,0.24
10/4/2019 13:00,7.5,0.32
10/4/2019 14:00,10.75,0.46
10/4/2019 15:00,14.75,0.63
10/4/2019 16:00,14.75,0.63
10/4/2019 17:00,11.5,0.49
10/4/2019 18:00,7.25,0.31
10/4/2019 19:00,1.5,0.06
10/4/2019 20:00,0.0,0.0
10/4/2019 21:00,0.0,0.0
10/4/2019 22:00,0.0,0.0
10/4/2019 23:00,0.0,0.0
10/5/2019 0:00,0.0,0.0
10/5/2019 1:00,0.0,0.0
10/5/2019 2:00,0.0,0.0
10/5/2019 3:00,0.0,0.0
10/5/2019 4:00,0.0,0.0
10/5/2019 5:00,0.0,0.0
10/5/2019 6:00,0.0,0.0
10/5/2019 7:00,0.0,0.0
10/5/2019 8:00,0.25,0.01
10/5/2019 9:00,2.5,0.11
10/5/2019 10:00,7.25,0.31
10/5/2019 11:00,10.75,0.46
10/5/2019 12:00,14.5,0.62
10/5/2019 13:00,16.75,0.71
10/5/2019 14:00,17.0,0.72
10/5/2019 15:00,16.25,0.69
10/5/2019 16:00,14.5,0.62
10/5/2019 17:00,11.75,0.5
10/5/2019 18:00,6.75,0.29
10/5/2019 19:00,1.5,0.06
10/5/2019 20:00,0.0,0.0
10/5/2019 21:00,0.0,0.0
10/5/2019 22:00,0.0,0.0
10/5/2019 23:00,0.0,0.0
10/6/2019 0:00,0.0,0.0
10/6/2019 1:00,0.0,0.0
10/6/2019 2:00,0.0,0.0
10/6/2019 3:00,0.0,0.0
10/6/2019 4:00,0.0,0.0
10/6/2019 5:00,0.0,0.0
10/6/2019 6:00,0.0,0.0
10/6/2019 7:00,0.0,0.0
10/6/2019 8:00,0.0,0.0
10/6/2019 9:00,2.5,0.11
10/6/2019 10:00,7.25,0.31
10/6/2019 11:00,11.75,0.5
10/6/2019 12:00,14.5,0.62
10/6/2019 13:00,16.25,0.69
10/6/2019 14:00,16.5,0.7
10/6/2019 15:00,16.0,0.68
10/6/2019 16:00,14.25,0.61
10/6/2019 17:00,10.75,0.46
10/6/2019 18:00,7.25,0.31
10/6/2019 19:00,1.25,0.05
10/6/2019 20:00,0.0,0.0
10/6/2019 21:00,0.0,0.0
10/6/2019 22:00,0.0,0.0
10/6/2019 23:00,0.0,0.0
10/7/2019 0:00,0.0,0.0
10/7/2019 1:00,0.0,0.0
10/7/2019 2:00,0.0,0.0
10/7/2019 3:00,0.0,0.0
10/7/2019 4:00,0.0,0.0
10/7/2019 5:00,0.0,0.0
10/7/2019 6:00,0.0,0.0
10/7/2019 7:00,0.0,0.0
10/7/2019 8:00,0.0,0.0
10/7/2019 9:00,2.25,0.1
10/7/2019 10:00,7.25,0.31
10/7/2019 11:00,11.75,0.5
10/7/2019 12:00,14.0,0.6
10/7/2019 13:00,16.0,0.68
10/7/2019 14:00,16.5,0.7
10/7/2019 15:00,16.0,0.68
10/7/2019 16:00,14.0,0.6
10/7/2019 17:00,11.0,0.47
10/7/2019 18:00,7.0,0.3
10/7/2019 19:00,1.25,0.05
10/7/2019 20:00,0.0,0.0
10/7/2019 21:00,0.0,0.0
10/7/2019 22:00,0.0,0.0
10/7/2019 23:00,0.0,0.0
10/8/2019 0:00,0.0,0.0
10/8/2019 1:00,0.0,0.0
10/8/2019 2:00,0.0,0.0
10/8/2019 3:00,0.0,0.0
10/8/2019 4:00,0.0,0.0
10/8/2019 5:00,0.0,0.0
10/8/2019 6:00,0.0,0.0
10/8/2019 7:00,0.0,0.0
10/8/2019 8:00,0.0,0.0
10/8/2019 9:00,2.25,0.1
10/8/2019 10:00,7.0,0.3
10/8/2019 11:00,11.0,0.47
10/8/2019 12:00,14.0,0.6
10/8/2019 13:00,15.5,0.66
10/8/2019 14:00,16.0,0.68
10/8/2019 15:00,15.5,0.66
10/8/2019 16:00,14.0,0.6
10/8/2019 17:00,10.75,0.46
10/8/2019 18:00,6.5,0.28
10/8/2019 19:00,1.0,0.04
10/8/2019 20:00,0.0,0.0
10/8/2019 21:00,0.0,0.0
10/8/2019 22:00,0.0,0.0
10/8/2019 23:00,0.0,0.0
10/9/2019 0:00,0.0,0.0
10/9/2019 1:00,0.0,0.0
10/9/2019 2:00,0.0,0.0
10/9/2019 3:00,0.0,0.0
10/9/2019 4:00,0.0,0.0
10/9/2019 5:00,0.0,0.0
10/9/2019 6:00,0.0,0.0
10/9/2019 7:00,0.0,0.0
10/9/2019 8:00,0.25,0.01
10/9/2019 9:00,2.0,0.09
10/9/2019 10:00,6.75,0.29
10/9/2019 11:00,11.25,0.48
10/9/2019 12:00,14.75,0.63
10/9/2019 13:00,16.5,0.7
10/9/2019 14:00,17.0,0.72
10/9/2019 15:00,16.5,0.7
10/9/2019 16:00,14.5,0.62
10/9/2019 17:00,11.5,0.49
10/9/2019 18:00,7.0,0.3
10/9/2019 19:00,1.25,0.05
10/9/2019 20:00,0.0,0.0
10/9/2019 21:00,0.0,0.0
10/9/2019 22:00,0.0,0.0
10/9/2019 23:00,0.0,0.0
10/10/2019 0:00,0.0,0.0
10/10/2019 1:00,0.0,0.0
10/10/2019 2:00,0.0,0.0
10/10/2019 3:00,0.0,0.0
10/10/2019 4:00,0.0,0.0
10/10/2019 5:00,0.0,0.0
10/10/2019 6:00,0.0,0.0
10/10/2019 7:00,0.0,0.0
10/10/2019 8:00,0.0,0.0
10/10/2019 9:00,2.25,0.1
10/10/2019 10:00,7.0,0.3
10/10/2019 11:00,10.5,0.45
10/10/2019 12:00,14.25,0.61
10/10/2019 13:00,15.5,0.66
10/10/2019 14:00,16.0,0.68
10/10/2019 15:00,15.5,0.66
10/10/2019 16:00,13.75,0.58
10/10/2019 17:00,10.75,0.46
10/10/2019 18:00,6.0,0.26
10/10/2019 19:00,1.0,0.04
10/10/2019 20:00,0.0,0.0
10/10/2019 21:00,0.0,0.0
10/10/2019 22:00,0.0,0.0
10/10/2019 23:00,0.0,0.0
10/11/2019 0:00,0.0,0.0
10/11/2019 1:00,0.0,0.0
10/11/2019 2:00,0.0,0.0
10/11/2019 3:00,0.0,0.0
10/11/2019 4:00,0.0,0.0
10/11/2019 5:00,0.0,0.0
10/11/2019 6:00,0.0,0.0
10/11/2019 7:00,0.0,0.0
10/11/2019 8:00,0.25,0.01
10/11/2019 9:00,0.5,0.02
10/11/2019 10:00,4.75,0.2
10/11/2019 11:00,7.5,0.32
10/11/2019 12:00,11.25,0.48
10/11/2019 13:00,12.5,0.53
10/11/2019 14:00,13.5,0.57
10/11/2019 15:00,14.0,0.6
10/11/2019 16:00,5.25,0.22
10/11/2019 17:00,3.25,0.14
10/11/2019 18:00,2.75,0.12
10/11/2019 19:00,0.75,0.03
10/11/2019 20:00,0.0,0.0
10/11/2019 21:00,0.0,0.0
10/11/2019 22:00,0.0,0.0
10/11/2019 23:00,0.0,0.0
10/12/2019 0:00,0.0,0.0
10/12/2019 1:00,0.0,0.0
10/12/2019 2:00,0.0,0.0
10/12/2019 3:00,0.0,0.0
10/12/2019 4:00,0.0,0.0
10/12/2019 5:00,0.0,0.0
10/12/2019 6:00,0.0,0.0
10/12/2019 7:00,0.0,0.0
10/12/2019 8:00,0.0,0.0
10/12/2019 9:00,0.5,0.02
10/12/2019 10:00,2.75,0.12
10/12/2019 11:00,6.75,0.29
10/12/2019 12:00,10.5,0.45
10/12/2019 13:00,12.75,0.54
10/12/2019 14:00,10.25,0.44
10/12/2019 15:00,11.0,0.47
10/12/2019 16:00,9.5,0.4
10/12/2019 17:00,5.75,0.24
10/12/2019 18:00,6.0,0.26
10/12/2019 19:00,0.5,0.02
10/12/2019 20:00,0.0,0.0
10/12/2019 21:00,0.0,0.0
10/12/2019 22:00,0.0,0.0
10/12/2019 23:00,0.0,0.0
10/13/2019 0:00,0.0,0.0
10/13/2019 1:00,0.0,0.0
10/13/2019 2:00,0.0,0.0
10/13/2019 3:00,0.0,0.0
10/13/2019 4:00,0.0,0.0
10/13/2019 5:00,0.0,0.0
10/13/2019 6:00,0.0,0.0
10/13/2019 7:00,0.0,0.0
10/13/2019 8:00,0.0,0.0
10/13/2019 9:00,0.5,0.02
10/13/2019 10:00,1.5,0.06
10/13/2019 11:00,3.0,0.13
10/13/2019 12:00,9.25,0.39
10/13/2019 13:00,10.75,0.46
10/13/2019 14:00,14.0,0.6
10/13/2019 15:00,15.0,0.64
10/13/2019 16:00,13.5,0.57
10/13/2019 17:00,6.25,0.27
10/13/2019 18:00,2.5,0.11
10/13/2019 19:00,0.5,0.02
10/13/2019 20:00,0.0,0.0
10/13/2019 21:00,0.0,0.0
10/13/2019 22:00,0.0,0.0
10/13/2019 23:00,0.0,0.0
10/14/2019 0:00,0.0,0.0
10/14/2019 1:00,0.0,0.0
10/14/2019 2:00,0.0,0.0
10/14/2019 3:00,0.0,0.0
10/14/2019 4:00,0.0,0.0
10/14/2019 5:00,0.0,0.0
10/14/2019 6:00,0.0,0.0
10/14/2019 7:00,0.0,0.0
10/14/2019 8:00,0.0,0.0
10/14/2019 9:00,1.0,0.04
10/14/2019 10:00,1.5,0.06
10/14/2019 11:00,2.0,0.09
10/14/2019 12:00,7.0,0.3
10/14/2019 13:00,10.25,0.44
10/14/2019 14:00,15.75,0.67
10/14/2019 15:00,16.5,0.7
10/14/2019 16:00,10.75,0.46
10/14/2019 17:00,9.5,0.4
10/14/2019 18:00,6.25,0.27
10/14/2019 19:00,0.75,0.03
10/14/2019 20:00,0.0,0.0
10/14/2019 21:00,0.0,0.0
10/14/2019 22:00,0.0,0.0
10/14/2019 23:00,0.0,0.0
10/15/2019 0:00,0.0,0.0
10/15/2019 1:00,0.0,0.0
10/15/2019 2:00,0.0,0.0
10/15/2019 3:00,0.0,0.0
10/15/2019 4:00,0.0,0.0
10/15/2019 5:00,0.0,0.0
10/15/2019 6:00,0.0,0.0
10/15/2019 7:00,0.0,0.0
10/15/2019 8:00,0.0,0.0
10/15/2019 9:00,1.75,0.07
10/15/2019 10:00,4.25,0.18
10/15/2019 11:00,10.0,0.43
10/15/2019 12:00,13.5,0.57
10/15/2019 13:00,14.75,0.63
10/15/2019 14:00,15.5,0.66
10/15/2019 15:00,14.0,0.6
10/15/2019 16:00,12.5,0.53
10/15/2019 17:00,9.5,0.4
10/15/2019 18:00,5.5,0.23
10/15/2019 19:00,0.75,0.03
10/15/2019 20:00,0.0,0.0
10/15/2019 21:00,0.0,0.0
10/15/2019 22:00,0.0,0.0
10/15/2019 23:00,0.0,0.0
10/16/2019 0:00,0.0,0.0
10/16/2019 1:00,0.0,0.0
10/16/2019 2:00,0.0,0.0
10/16/2019 3:00,0.0,0.0
10/16/2019 4:00,0.0,0.0
10/16/2019 5:00,0.0,0.0
10/16/2019 6:00,0.0,0.0
10/16/2019 7:00,0.0,0.0
10/16/2019 8:00,0.0,0.0
10/16/2019 9:00,2.25,0.1
10/16/2019 10:00,6.25,0.27
10/16/2019 11:00,8.0,0.34
10/16/2019 12:00,10.5,0.45
10/16/2019 13:00,15.5,0.66
10/16/2019 14:00,15.25,0.65
10/16/2019 15:00,14.75,0.63
10/16/2019 16:00,6.5,0.28
10/16/2019 17:00,2.0,0.09
10/16/2019 18:00,0.75,0.03
10/16/2019 19:00,0.25,0.01
10/16/2019 20:00,0.0,0.0
10/16/2019 21:00,0.0,0.0
10/16/2019 22:00,0.0,0.0
10/16/2019 23:00,0.0,0.0
10/17/2019 0:00,0.0,0.0
10/17/2019 1:00,0.0,0.0
10/17/2019 2:00,0.0,0.0
10/17/2019 3:00,0.0,0.0
10/17/2019 4:00,0.0,0.0
10/17/2019 5:00,0.0,0.0
10/17/2019 6:00,0.0,0.0
10/17/2019 7:00,0.0,0.0
10/17/2019 8:00,0.0,0.0
10/17/2019 9:00,0.0,0.0
10/17/2019 10:00,1.25,0.05
10/17/2019 11:00,2.5,0.11
10/17/2019 12:00,6.25,0.27
10/17/2019 13:00,6.5,0.28
10/17/2019 14:00,6.25,0.27
10/17/2019 15:00,4.75,0.2
10/17/2019 16:00,2.75,0.12
10/17/2019 17:00,1.75,0.07
10/17/2019 18:00,1.25,0.05
10/17/2019 19:00,0.25,0.01
10/17/2019 20:00,0.0,0.0
10/17/2019 21:00,0.0,0.0
10/17/2019 22:00,0.0,0.0
10/17/2019 23:00,0.0,0.0
10/18/2019 0:00,0.0,0.0
10/18/2019 1:00,0.0,0.0
10/18/2019 2:00,0.0,0.0
10/18/2019 3:00,0.0,0.0
10/18/2019 4:00,0.0,0.0
10/18/2019 5:00,0.0,0.0
10/18/2019 6:00,0.0,0.0
10/18/2019 7:00,0.0,0.0
10/18/2019 8:00,0.0,0.0
10/18/2019 9:00,1.0,0.04
10/18/2019 10:00,3.0,0.13
10/18/2019 11:00,4.25,0.18
10/18/2019 12:00,4.5,0.19
10/18/2019 13:00,5.0,0.21
10/18/2019 14:00,4.25,0.18
10/18/2019 15:00,6.0,0.26
10/18/2019 16:00,3.25,0.14
10/18/2019 17:00,3.75,0.16
10/18/2019 18:00,1.75,0.07
10/18/2019 19:00,0.25,0.01
10/18/2019 20:00,0.0,0.0
10/18/2019 21:00,0.0,0.0
10/18/2019 22:00,0.0,0.0
10/18/2019 23:00,0.0,0.0
10/19/2019 0:00,0.0,0.0
10/19/2019 1:00,0.0,0.0
10/19/2019 2:00,0.0,0.0
10/19/2019 3:00,0.0,0.0
10/19/2019 4:00,0.0,0.0
10/19/2019 5:00,0.0,0.0
10/19/2019 6:00,0.0,0.0
10/19/2019 7:00,0.0,0.0
10/19/2019 8:00,0.0,0.0
10/19/2019 9:00,0.75,0.03
10/19/2019 10:00,3.25,0.14
10/19/2019 11:00,3.25,0.14
10/19/2019 12:00,3.25,0.14
10/19/2019 13:00,2.0,0.09
10/19/2019 14:00,5.0,0.21
10/19/2019 15:00,9.0,0.38
10/19/2019 16:00,13.75,0.58
10/19/2019 17:00,7.0,0.3
10/19/2019 18:00,3.5,0.15
10/19/2019 19:00,0.75,0.03
10/19/2019 20:00,0.0,0.0
10/19/2019 21:00,0.0,0.0
10/19/2019 22:00,0.0,0.0
10/19/2019 23:00,0.0,0.0
10/20/2019 0:00,0.0,0.0
10/20/2019 1:00,0.0,0.0
10/20/2019 2:00,0.0,0.0
10/20/2019 3:00,0.0,0.0
10/20/2019 4:00,0.0,0.0
10/20/2019 5:00,0.0,0.0
10/20/2019 6:00,0.0,0.0
10/20/2019 7:00,0.0,0.0
10/20/2019 8:00,0.0,0.0
10/20/2019 9:00,1.75,0.07
10/20/2019 10:00,6.5,0.28
10/20/2019 11:00,11.25,0.48
10/20/2019 12:00,14.5,0.62
10/20/2019 13:00,14.0,0.6
10/20/2019 14:00,10.5,0.45
10/20/2019 15:00,15.25,0.65
10/20/2019 16:00,9.75,0.41
10/20/2019 17:00,10.75,0.46
10/20/2019 18:00,4.75,0.2
10/20/2019 19:00,0.75,0.03
10/20/2019 20:00,0.0,0.0
10/20/2019 21:00,0.0,0.0
10/20/2019 22:00,0.0,0.0
10/20/2019 23:00,0.0,0.0
10/21/2019 0:00,0.0,0.0
10/21/2019 1:00,0.0,0.0
10/21/2019 2:00,0.0,0.0
10/21/2019 3:00,0.0,0.0
10/21/2019 4:00,0.0,0.0
10/21/2019 5:00,0.0,0.0
10/21/2019 6:00,0.0,0.0
10/21/2019 7:00,0.0,0.0
10/21/2019 8:00,0.0,0.0
10/21/2019 9:00,1.5,0.06
10/21/2019 10:00,6.25,0.27
10/21/2019 11:00,11.25,0.48
10/21/2019 12:00,12.0,0.51
10/21/2019 13:00,14.75,0.63
10/21/2019 14:00,12.75,0.54
10/21/2019 15:00,8.25,0.35
10/21/2019 16:00,5.5,0.23
10/21/2019 17:00,7.25,0.31
10/21/2019 18:00,5.5,0.23
10/21/2019 19:00,0.5,0.02
10/21/2019 20:00,0.0,0.0
10/21/2019 21:00,0.0,0.0
10/21/2019 22:00,0.0,0.0
10/21/2019 23:00,0.0,0.0
10/22/2019 0:00,0.0,0.0
10/22/2019 1:00,0.0,0.0
10/22/2019 2:00,0.0,0.0
10/22/2019 3:00,0.0,0.0
10/22/2019 4:00,0.0,0.0
10/22/2019 5:00,0.0,0.0
10/22/2019 6:00,0.0,0.0
10/22/2019 7:00,0.0,0.0
10/22/2019 8:00,0.0,0.0
10/22/2019 9:00,1.5,0.06
10/22/2019 10:00,6.25,0.27
10/22/2019 11:00,10.75,0.46
10/22/2019 12:00,13.75,0.58
10/22/2019 13:00,15.25,0.65
10/22/2019 14:00,15.75,0.67
10/22/2019 15:00,12.0,0.51
10/22/2019 16:00,11.25,0.48
10/22/2019 17:00,10.0,0.43
10/22/2019 18:00,5.0,0.21
10/22/2019 19:00,0.5,0.02
10/22/2019 20:00,0.0,0.0
10/22/2019 21:00,0.0,0.0
10/22/2019 22:00,0.0,0.0
10/22/2019 23:00,0.0,0.0
10/23/2019 0:00,0.0,0.0
10/23/2019 1:00,0.0,0.0
10/23/2019 2:00,0.0,0.0
10/23/2019 3:00,0.0,0.0
10/23/2019 4:00,0.0,0.0
10/23/2019 5:00,0.0,0.0
10/23/2019 6:00,0.0,0.0
10/23/2019 7:00,0.0,0.0
10/23/2019 8:00,0.0,0.0
10/23/2019 9:00,0.25,0.01
10/23/2019 10:00,2.25,0.1
10/23/2019 11:00,4.0,0.17
10/23/2019 12:00,6.25,0.27
10/23/2019 13:00,5.75,0.24
10/23/2019 14:00,4.25,0.18
10/23/2019 15:00,5.75,0.24
10/23/2019 16:00,12.75,0.54
10/23/2019 17:00,7.25,0.31
10/23/2019 18:00,3.0,0.13
10/23/2019 19:00,0.25,0.01
10/23/2019 20:00,0.0,0.0
10/23/2019 21:00,0.0,0.0
10/23/2019 22:00,0.0,0.0
10/23/2019 23:00,0.0,0.0
10/24/2019 0:00,0.0,0.0
10/24/2019 1:00,0.0,0.0
10/24/2019 2:00,0.0,0.0
10/24/2019 3:00,0.0,0.0
10/24/2019 4:00,0.0,0.0
10/24/2019 5:00,0.0,0.0
10/24/2019 6:00,0.0,0.0
10/24/2019 7:00,0.0,0.0
10/24/2019 8:00,0.0,0.0
10/24/2019 9:00,1.5,0.06
10/24/2019 10:00,4.25,0.18
10/24/2019 11:00,10.25,0.44
10/24/2019 12:00,10.0,0.43
10/24/2019 13:00,13.75,0.58
10/24/2019 14:00,7.75,0.33
10/24/2019 15:00,12.5,0.53
10/24/2019 16:00,13.25,0.56
10/24/2019 17:00,10.0,0.43
10/24/2019 18:00,4.5,0.19
10/24/2019 19:00,0.25,0.01
10/24/2019 20:00,0.0,0.0
10/24/2019 21:00,0.0,0.0
10/24/2019 22:00,0.0,0.0
10/24/2019 23:00,0.0,0.0
10/25/2019 0:00,0.0,0.0
10/25/2019 1:00,0.0,0.0
10/25/2019 2:00,0.0,0.0
10/25/2019 3:00,0.0,0.0
10/25/2019 4:00,0.0,0.0
10/25/2019 5:00,0.0,0.0
10/25/2019 6:00,0.0,0.0
10/25/2019 7:00,0.0,0.0
10/25/2019 8:00,0.0,0.0
10/25/2019 9:00,1.5,0.06
10/25/2019 10:00,6.25,0.27
10/25/2019 11:00,11.0,0.47
10/25/2019 12:00,13.75,0.58
10/25/2019 13:00,15.25,0.65
10/25/2019 14:00,15.75,0.67
10/25/2019 15:00,14.75,0.63
10/25/2019 16:00,13.0,0.55
10/25/2019 17:00,9.5,0.4
10/25/2019 18:00,4.25,0.18
10/25/2019 19:00,0.25,0.01
10/25/2019 20:00,0.0,0.0
10/25/2019 21:00,0.0,0.0
10/25/2019 22:00,0.0,0.0
10/25/2019 23:00,0.0,0.0
10/26/2019 0:00,0.0,0.0
10/26/2019 1:00,0.0,0.0
10/26/2019 2:00,0.0,0.0
10/26/2019 3:00,0.0,0.0
10/26/2019 4:00,0.0,0.0
10/26/2019 5:00,0.0,0.0
10/26/2019 6:00,0.0,0.0
10/26/2019 7:00,0.0,0.0
10/26/2019 8:00,0.0,0.0
10/26/2019 9:00,1.5,0.06
10/26/2019 10:00,5.75,0.24
10/26/2019 11:00,9.5,0.4
10/26/2019 12:00,13.25,0.56
10/26/2019 13:00,14.75,0.63
10/26/2019 14:00,15.25,0.65
10/26/2019 15:00,13.75,0.58
10/26/2019 16:00,12.0,0.51
10/26/2019 17:00,7.5,0.32
10/26/2019 18:00,3.75,0.16
10/26/2019 19:00,0.25,0.01
10/26/2019 20:00,0.0,0.0
10/26/2019 21:00,0.0,0.0
10/26/2019 22:00,0.0,0.0
10/26/2019 23:00,0.0,0.0
10/27/2019 0:00,0.0,0.0
10/27/2019 1:00,0.0,0.0
10/27/2019 1:00,0.0,0.0
10/27/2019 2:00,0.0,0.0
10/27/2019 3:00,0.0,0.0
10/27/2019 4:00,0.0,0.0
10/27/2019 5:00,0.0,0.0
10/27/2019 6:00,0.0,0.0
10/27/2019 7:00,0.0,0.0
10/27/2019 8:00,1.0,0.04
10/27/2019 9:00,4.0,0.17
10/27/2019 10:00,7.25,0.31
10/27/2019 11:00,7.25,0.31
10/27/2019 12:00,6.25,0.27
10/27/2019 13:00,6.25,0.27
10/27/2019 14:00,4.0,0.17
10/27/2019 15:00,3.75,0.16
10/27/2019 16:00,4.75,0.2
10/27/2019 17:00,1.75,0.07
10/27/2019 18:00,0.25,0.01
10/27/2019 19:00,0.0,0.0
10/27/2019 20:00,0.0,0.0
10/27/2019 21:00,0.0,0.0
10/27/2019 22:00,0.0,0.0
10/27/2019 23:00,0.0,0.0
10/28/2019 0:00,0.0,0.0
10/28/2019 1:00,0.0,0.0
10/28/2019 2:00,0.0,0.0
10/28/2019 3:00,0.0,0.0
10/28/2019 4:00,0.0,0.0
10/28/2019 5:00,0.0,0.0
10/28/2019 6:00,0.0,0.0
10/28/2019 7:00,0.0,0.0
10/28/2019 8:00,0.25,0.01
10/28/2019 9:00,0.5,0.02
10/28/2019 10:00,1.5,0.06
10/28/2019 11:00,2.5,0.11
10/28/2019 12:00,1.75,0.07
10/28/2019 13:00,1.25,0.05
10/28/2019 14:00,2.5,0.11
10/28/2019 15:00,2.5,0.11
10/28/2019 16:00,3.25,0.14
10/28/2019 17:00,3.25,0.14
10/28/2019 18:00,0.25,0.01
10/28/2019 19:00,0.0,0.0
10/28/2019 20:00,0.0,0.0
10/28/2019 21:00,0.0,0.0
10/28/2019 22:00,0.0,0.0
10/28/2019 23:00,0.0,0.0
10/29/2019 0:00,0.0,0.0
10/29/2019 1:00,0.0,0.0
10/29/2019 2:00,0.0,0.0
10/29/2019 3:00,0.0,0.0
10/29/2019 4:00,0.0,0.0
10/29/2019 5:00,0.0,0.0
10/29/2019 6:00,0.0,0.0
10/29/2019 7:00,0.0,0.0
10/29/2019 8:00,0.25,0.01
10/29/2019 9:00,1.75,0.07
10/29/2019 10:00,2.75,0.12
10/29/2019 11:00,3.25,0.14
10/29/2019 12:00,6.0,0.26
10/29/2019 13:00,11.5,0.49
10/29/2019 14:00,12.25,0.52
10/29/2019 15:00,8.25,0.35
10/29/2019 16:00,4.25,0.18
10/29/2019 17:00,2.25,0.1
10/29/2019 18:00,0.0,0.0
10/29/2019 19:00,0.0,0.0
10/29/2019 20:00,0.0,0.0
10/29/2019 21:00,0.0,0.0
10/29/2019 22:00,0.0,0.0
10/29/2019 23:00,0.0,0.0
10/30/2019 0:00,0.0,0.0
10/30/2019 1:00,0.0,0.0
10/30/2019 2:00,0.0,0.0
10/30/2019 3:00,0.0,0.0
10/30/2019 4:00,0.0,0.0
10/30/2019 5:00,0.0,0.0
10/30/2019 6:00,0.0,0.0
10/30/2019 7:00,0.0,0.0
10/30/2019 8:00,0.25,0.01
10/30/2019 9:00,1.0,0.04
10/30/2019 10:00,2.25,0.1
10/30/2019 11:00,3.0,0.13
10/30/2019 12:00,2.0,0.09
10/30/2019 13:00,1.0,0.04
10/30/2019 14:00,1.25,0.05
10/30/2019 15:00,1.75,0.07
10/30/2019 16:00,0.5,0.02
10/30/2019 17:00,0.25,0.01
10/30/2019 18:00,0.25,0.01
10/30/2019 19:00,0.0,0.0
10/30/2019 20:00,0.0,0.0
10/30/2019 21:00,0.0,0.0
10/30/2019 22:00,0.0,0.0
10/30/2019 23:00,0.0,0.0
10/31/2019 0:00,0.0,0.0
10/31/2019 1:00,0.0,0.0
10/31/2019 2:00,0.0,0.0
10/31/2019 3:00,0.0,0.0
10/31/2019 4:00,0.0,0.0
10/31/2019 5:00,0.0,0.0
10/31/2019 6:00,0.0,0.0
10/31/2019 7:00,0.0,0.0
10/31/2019 8:00,0.0,0.0
10/31/2019 9:00,2.25,0.1
10/31/2019 10:00,2.25,0.1
10/31/2019 11:00,3.0,0.13
10/31/2019 12:00,5.0,0.21
10/31/2019 13:00,4.25,0.18
10/31/2019 14:00,4.25,0.18
10/31/2019 15:00,5.75,0.24
10/31/2019 16:00,4.75,0.2
10/31/2019 17:00,1.75,0.07
10/31/2019 18:00,0.25,0.01
10/31/2019 19:00,0.0,0.0
10/31/2019 20:00,0.0,0.0
10/31/2019 21:00,0.0,0.0
10/31/2019 22:00,0.0,0.0
10/31/2019 23:00,0.0,0.0
11/1/2019 0:00,0.0,0.0
11/1/2019 1:00,0.0,0.0
11/1/2019 2:00,0.0,0.0
11/1/2019 3:00,0.0,0.0
11/1/2019 4:00,0.0,0.0
11/1/2019 5:00,0.0,0.0
11/1/2019 6:00,0.0,0.0
11/1/2019 7:00,0.0,0.0
11/1/2019 8:00,0.5,0.02
11/1/2019 9:00,1.0,0.04
11/1/2019 10:00,5.0,0.21
11/1/2019 11:00,11.0,0.47
11/1/2019 12:00,14.0,0.6
11/1/2019 13:00,11.0,0.47
11/1/2019 14:00,11.5,0.49
11/1/2019 15:00,6.25,0.27
11/1/2019 16:00,2.5,0.11
11/1/2019 17:00,1.25,0.05
11/1/2019 18:00,0.25,0.01
11/1/2019 19:00,0.0,0.0
11/1/2019 20:00,0.0,0.0
11/1/2019 21:00,0.0,0.0
11/1/2019 22:00,0.0,0.0
11/1/2019 23:00,0.0,0.0
11/2/2019 0:00,0.0,0.0
11/2/2019 1:00,0.0,0.0
11/2/2019 2:00,0.0,0.0
11/2/2019 3:00,0.0,0.0
11/2/2019 4:00,0.0,0.0
11/2/2019 5:00,0.0,0.0
11/2/2019 6:00,0.0,0.0
11/2/2019 7:00,0.0,0.0
11/2/2019 8:00,0.25,0.01
11/2/2019 9:00,1.5,0.06
11/2/2019 10:00,5.75,0.24
11/2/2019 11:00,6.5,0.28
11/2/2019 12:00,4.5,0.19
11/2/2019 13:00,6.25,0.27
11/2/2019 14:00,5.5,0.23
11/2/2019 15:00,5.0,0.21
11/2/2019 16:00,3.0,0.13
11/2/2019 17:00,2.0,0.09
11/2/2019 18:00,0.0,0.0
11/2/2019 19:00,0.0,0.0
11/2/2019 20:00,0.0,0.0
11/2/2019 21:00,0.0,0.0
11/2/2019 22:00,0.0,0.0
11/2/2019 23:00,0.0,0.0
11/3/2019 0:00,0.0,0.0
11/3/2019 1:00,0.0,0.0
11/3/2019 2:00,0.0,0.0
11/3/2019 3:00,0.0,0.0
11/3/2019 4:00,0.0,0.0
11/3/2019 5:00,0.0,0.0
11/3/2019 6:00,0.0,0.0
11/3/2019 7:00,0.0,0.0
11/3/2019 8:00,0.75,0.03
11/3/2019 9:00,2.5,0.11
11/3/2019 10:00,8.0,0.34
11/3/2019 11:00,11.0,0.47
11/3/2019 12:00,11.0,0.47
11/3/2019 13:00,10.25,0.44
11/3/2019 14:00,11.25,0.48
11/3/2019 15:00,8.75,0.37
11/3/2019 16:00,9.25,0.39
11/3/2019 17:00,3.0,0.13
11/3/2019 18:00,0.0,0.0
11/3/2019 19:00,0.0,0.0
11/3/2019 20:00,0.0,0.0
11/3/2019 21:00,0.0,0.0
11/3/2019 22:00,0.0,0.0
11/3/2019 23:00,0.0,0.0
11/4/2019 0:00,0.0,0.0
11/4/2019 1:00,0.0,0.0
11/4/2019 2:00,0.0,0.0
11/4/2019 3:00,0.0,0.0
11/4/2019 4:00,0.0,0.0
11/4/2019 5:00,0.0,0.0
11/4/2019 6:00,0.0,0.0
11/4/2019 7:00,0.0,0.0
11/4/2019 8:00,0.5,0.02
11/4/2019 9:00,2.5,0.11
11/4/2019 10:00,8.25,0.35
11/4/2019 11:00,9.5,0.4
11/4/2019 12:00,11.0,0.47
11/4/2019 13:00,10.5,0.45
11/4/2019 14:00,3.75,0.16
11/4/2019 15:00,4.0,0.17
11/4/2019 16:00,3.5,0.15
11/4/2019 17:00,1.5,0.06
11/4/2019 18:00,0.0,0.0
11/4/2019 19:00,0.0,0.0
11/4/2019 20:00,0.0,0.0
11/4/2019 21:00,0.0,0.0
11/4/2019 22:00,0.0,0.0
11/4/2019 23:00,0.0,0.0
11/5/2019 0:00,0.0,0.0
11/5/2019 1:00,0.0,0.0
11/5/2019 2:00,0.0,0.0
11/5/2019 3:00,0.0,0.0
11/5/2019 4:00,0.0,0.0
11/5/2019 5:00,0.0,0.0
11/5/2019 6:00,0.0,0.0
11/5/2019 7:00,0.0,0.0
11/5/2019 8:00,1.0,0.04
11/5/2019 9:00,4.5,0.19
11/5/2019 10:00,9.25,0.39
11/5/2019 11:00,11.25,0.48
11/5/2019 12:00,9.5,0.4
11/5/2019 13:00,10.75,0.46
11/5/2019 14:00,10.25,0.44
11/5/2019 15:00,10.5,0.45
11/5/2019 16:00,9.75,0.41
11/5/2019 17:00,2.25,0.1
11/5/2019 18:00,0.25,0.01
11/5/2019 19:00,0.0,0.0
11/5/2019 20:00,0.0,0.0
11/5/2019 21:00,0.0,0.0
11/5/2019 22:00,0.0,0.0
11/5/2019 23:00,0.0,0.0
11/6/2019 0:00,0.0,0.0
11/6/2019 1:00,0.0,0.0
11/6/2019 2:00,0.0,0.0
11/6/2019 3:00,0.0,0.0
11/6/2019 4:00,0.0,0.0
11/6/2019 5:00,0.0,0.0
11/6/2019 6:00,0.0,0.0
11/6/2019 7:00,0.0,0.0
11/6/2019 8:00,0.5,0.02
11/6/2019 9:00,3.0,0.13
11/6/2019 10:00,7.5,0.32
11/6/2019 11:00,5.5,0.23
11/6/2019 12:00,8.0,0.34
11/6/2019 13:00,10.0,0.43
11/6/2019 14:00,6.0,0.26
11/6/2019 15:00,2.75,0.12
11/6/2019 16:00,3.0,0.13
11/6/2019 17:00,1.75,0.07
11/6/2019 18:00,0.0,0.0
11/6/2019 19:00,0.0,0.0
11/6/2019 20:00,0.0,0.0
11/6/2019 21:00,0.0,0.0
11/6/2019 22:00,0.0,0.0
11/6/2019 23:00,0.0,0.0
11/7/2019 0:00,0.0,0.0
11/7/2019 1:00,0.0,0.0
11/7/2019 2:00,0.0,0.0
11/7/2019 3:00,0.0,0.0
11/7/2019 4:00,0.0,0.0
11/7/2019 5:00,0.0,0.0
11/7/2019 6:00,0.0,0.0
11/7/2019 7:00,0.0,0.0
11/7/2019 8:00,0.5,0.02
11/7/2019 9:00,4.5,0.19
11/7/2019 10:00,8.25,0.35
11/7/2019 11:00,13.0,0.55
11/7/2019 12:00,14.0,0.6
11/7/2019 13:00,14.0,0.6
11/7/2019 14:00,12.25,0.52
11/7/2019 15:00,10.5,0.45
11/7/2019 16:00,6.0,0.26
11/7/2019 17:00,2.0,0.09
11/7/2019 18:00,0.0,0.0
11/7/2019 19:00,0.0,0.0
11/7/2019 20:00,0.0,0.0
11/7/2019 21:00,0.0,0.0
11/7/2019 22:00,0.0,0.0
11/7/2019 23:00,0.0,0.0
11/8/2019 0:00,0.0,0.0
11/8/2019 1:00,0.0,0.0
11/8/2019 2:00,0.0,0.0
11/8/2019 3:00,0.0,0.0
11/8/2019 4:00,0.0,0.0
11/8/2019 5:00,0.0,0.0
11/8/2019 6:00,0.0,0.0
11/8/2019 7:00,0.0,0.0
11/8/2019 8:00,1.0,0.04
11/8/2019 9:00,2.0,0.09
11/8/2019 10:00,8.75,0.37
11/8/2019 11:00,12.75,0.54
11/8/2019 12:00,14.5,0.62
11/8/2019 13:00,14.5,0.62
11/8/2019 14:00,11.75,0.5
11/8/2019 15:00,12.5,0.53
11/8/2019 16:00,8.75,0.37
11/8/2019 17:00,1.75,0.07
11/8/2019 18:00,0.0,0.0
11/8/2019 19:00,0.0,0.0
11/8/2019 20:00,0.0,0.0
11/8/2019 21:00,0.0,0.0
11/8/2019 22:00,0.0,0.0
11/8/2019 23:00,0.0,0.0
11/9/2019 0:00,0.0,0.0
11/9/2019 1:00,0.0,0.0
11/9/2019 2:00,0.0,0.0
11/9/2019 3:00,0.0,0.0
11/9/2019 4:00,0.0,0.0
11/9/2019 5:00,0.0,0.0
11/9/2019 6:00,0.0,0.0
11/9/2019 7:00,0.0,0.0
11/9/2019 8:00,0.5,0.02
11/9/2019 9:00,1.75,0.07
11/9/2019 10:00,6.25,0.27
11/9/2019 11:00,8.25,0.35
11/9/2019 12:00,12.5,0.53
11/9/2019 13:00,6.0,0.26
11/9/2019 14:00,2.75,0.12
11/9/2019 15:00,2.25,0.1
11/9/2019 16:00,1.75,0.07
11/9/2019 17:00,1.0,0.04
11/9/2019 18:00,0.0,0.0
11/9/2019 19:00,0.0,0.0
11/9/2019 20:00,0.0,0.0
11/9/2019 21:00,0.0,0.0
11/9/2019 22:00,0.0,0.0
11/9/2019 23:00,0.0,0.0
11/10/2019 0:00,0.0,0.0
11/10/2019 1:00,0.0,0.0
11/10/2019 2:00,0.0,0.0
11/10/2019 3:00,0.0,0.0
11/10/2019 4:00,0.0,0.0
11/10/2019 5:00,0.0,0.0
11/10/2019 6:00,0.0,0.0
11/10/2019 7:00,0.0,0.0
11/10/2019 8:00,0.5,0.02
11/10/2019 9:00,2.5,0.11
11/10/2019 10:00,6.75,0.29
11/10/2019 11:00,10.0,0.43
11/10/2019 12:00,7.25,0.31
11/10/2019 13:00,5.5,0.23
11/10/2019 14:00,5.75,0.24
11/10/2019 15:00,5.0,0.21
11/10/2019 16:00,4.5,0.19
11/10/2019 17:00,1.5,0.06
11/10/2019 18:00,0.0,0.0
11/10/2019 19:00,0.0,0.0
11/10/2019 20:00,0.0,0.0
11/10/2019 21:00,0.0,0.0
11/10/2019 22:00,0.0,0.0
11/10/2019 23:00,0.0,0.0
11/11/2019 0:00,0.0,0.0
11/11/2019 1:00,0.0,0.0
11/11/2019 2:00,0.0,0.0
11/11/2019 3:00,0.0,0.0
11/11/2019 4:00,0.0,0.0
11/11/2019 5:00,0.0,0.0
11/11/2019 6:00,0.0,0.0
11/11/2019 7:00,0.0,0.0
11/11/2019 8:00,0.25,0.01
11/11/2019 9:00,1.75,0.07
11/11/2019 10:00,3.5,0.15
11/11/2019 11:00,5.75,0.24
11/11/2019 12:00,6.75,0.29
11/11/2019 13:00,10.75,0.46
11/11/2019 14:00,11.25,0.48
11/11/2019 15:00,7.5,0.32
11/11/2019 16:00,7.0,0.3
11/11/2019 17:00,1.5,0.06
11/11/2019 18:00,0.25,0.01
11/11/2019 19:00,0.0,0.0
11/11/2019 20:00,0.0,0.0
11/11/2019 21:00,0.0,0.0
11/11/2019 22:00,0.0,0.0
11/11/2019 23:00,0.0,0.0
11/12/2019 0:00,0.0,0.0
11/12/2019 1:00,0.0,0.0
11/12/2019 2:00,0.0,0.0
11/12/2019 3:00,0.0,0.0
11/12/2019 4:00,0.0,0.0
11/12/2019 5:00,0.0,0.0
11/12/2019 6:00,0.0,0.0
11/12/2019 7:00,0.0,0.0
11/12/2019 8:00,0.5,0.02
11/12/2019 9:00,3.75,0.16
11/12/2019 10:00,7.25,0.31
11/12/2019 11:00,2.75,0.12
11/12/2019 12:00,4.0,0.17
11/12/2019 13:00,8.5,0.36
11/12/2019 14:00,7.0,0.3
11/12/2019 15:00,5.25,0.22
11/12/2019 16:00,5.0,0.21
11/12/2019 17:00,1.0,0.04
11/12/2019 18:00,0.0,0.0
11/12/2019 19:00,0.0,0.0
11/12/2019 20:00,0.0,0.0
11/12/2019 21:00,0.0,0.0
11/12/2019 22:00,0.0,0.0
11/12/2019 23:00,0.0,0.0
11/13/2019 0:00,0.0,0.0
11/13/2019 1:00,0.0,0.0
11/13/2019 2:00,0.0,0.0
11/13/2019 3:00,0.0,0.0
11/13/2019 4:00,0.0,0.0
11/13/2019 5:00,0.0,0.0
11/13/2019 6:00,0.0,0.0
11/13/2019 7:00,0.0,0.0
11/13/2019 8:00,0.25,0.01
11/13/2019 9:00,2.25,0.1
11/13/2019 10:00,9.25,0.39
11/13/2019 11:00,6.75,0.29
11/13/2019 12:00,5.5,0.23
11/13/2019 13:00,5.75,0.24
11/13/2019 14:00,3.0,0.13
11/13/2019 15:00,2.0,0.09
11/13/2019 16:00,3.5,0.15
11/13/2019 17:00,2.0,0.09
11/13/2019 18:00,0.0,0.0
11/13/2019 19:00,0.0,0.0
11/13/2019 20:00,0.0,0.0
11/13/2019 21:00,0.0,0.0
11/13/2019 22:00,0.0,0.0
11/13/2019 23:00,0.0,0.0
11/14/2019 0:00,0.0,0.0
11/14/2019 1:00,0.0,0.0
11/14/2019 2:00,0.0,0.0
11/14/2019 3:00,0.0,0.0
11/14/2019 4:00,0.0,0.0
11/14/2019 5:00,0.0,0.0
11/14/2019 6:00,0.0,0.0
11/14/2019 7:00,0.0,0.0
11/14/2019 8:00,0.25,0.01
11/14/2019 9:00,0.75,0.03
11/14/2019 10:00,2.75,0.12
11/14/2019 11:00,10.25,0.44
11/14/2019 12:00,13.0,0.55
11/14/2019 13:00,9.25,0.39
11/14/2019 14:00,12.0,0.51
11/14/2019 15:00,8.0,0.34
11/14/2019 16:00,6.0,0.26
11/14/2019 17:00,1.25,0.05
11/14/2019 18:00,0.0,0.0
11/14/2019 19:00,0.0,0.0
11/14/2019 20:00,0.0,0.0
11/14/2019 21:00,0.0,0.0
11/14/2019 22:00,0.0,0.0
11/14/2019 23:00,0.0,0.0
11/15/2019 0:00,0.0,0.0
11/15/2019 1:00,0.0,0.0
11/15/2019 2:00,0.0,0.0
11/15/2019 3:00,0.0,0.0
11/15/2019 4:00,0.0,0.0
11/15/2019 5:00,0.0,0.0
11/15/2019 6:00,0.0,0.0
11/15/2019 7:00,0.0,0.0
11/15/2019 8:00,0.5,0.02
11/15/2019 9:00,3.0,0.13
11/15/2019 10:00,7.25,0.31
11/15/2019 11:00,11.75,0.5
11/15/2019 12:00,14.0,0.6
11/15/2019 13:00,12.75,0.54
11/15/2019 14:00,8.75,0.37
11/15/2019 15:00,9.0,0.38
11/15/2019 16:00,6.75,0.29
11/15/2019 17:00,1.25,0.05
11/15/2019 18:00,0.0,0.0
11/15/2019 19:00,0.0,0.0
11/15/2019 20:00,0.0,0.0
11/15/2019 21:00,0.0,0.0
11/15/2019 22:00,0.0,0.0
11/15/2019 23:00,0.0,0.0
11/16/2019 0:00,0.0,0.0
11/16/2019 1:00,0.0,0.0
11/16/2019 2:00,0.0,0.0
11/16/2019 3:00,0.0,0.0
11/16/2019 4:00,0.0,0.0
11/16/2019 5:00,0.0,0.0
11/16/2019 6:00,0.0,0.0
11/16/2019 7:00,0.0,0.0
11/16/2019 8:00,0.5,0.02
11/16/2019 9:00,4.0,0.17
11/16/2019 10:00,9.0,0.38
11/16/2019 11:00,12.75,0.54
11/16/2019 12:00,14.75,0.63
11/16/2019 13:00,14.5,0.62
11/16/2019 14:00,12.75,0.54
11/16/2019 15:00,9.75,0.41
11/16/2019 16:00,7.75,0.33
11/16/2019 17:00,1.0,0.04
11/16/2019 18:00,0.0,0.0
11/16/2019 19:00,0.0,0.0
11/16/2019 20:00,0.0,0.0
11/16/2019 21:00,0.0,0.0
11/16/2019 22:00,0.0,0.0
11/16/2019 23:00,0.0,0.0
11/17/2019 0:00,0.0,0.0
11/17/2019 1:00,0.0,0.0
11/17/2019 2:00,0.0,0.0
11/17/2019 3:00,0.0,0.0
11/17/2019 4:00,0.0,0.0
11/17/2019 5:00,0.0,0.0
11/17/2019 6:00,0.0,0.0
11/17/2019 7:00,0.0,0.0
11/17/2019 8:00,0.25,0.01
11/17/2019 9:00,1.75,0.07
11/17/2019 10:00,1.5,0.06
11/17/2019 11:00,1.75,0.07
11/17/2019 12:00,4.0,0.17
11/17/2019 13:00,6.5,0.28
11/17/2019 14:00,8.25,0.35
11/17/2019 15:00,4.5,0.19
11/17/2019 16:00,2.25,0.1
11/17/2019 17:00,0.5,0.02
11/17/2019 18:00,0.0,0.0
11/17/2019 19:00,0.0,0.0
11/17/2019 20:00,0.0,0.0
11/17/2019 21:00,0.0,0.0
11/17/2019 22:00,0.0,0.0
11/17/2019 23:00,0.0,0.0
11/18/2019 0:00,0.0,0.0
11/18/2019 1:00,0.0,0.0
11/18/2019 2:00,0.0,0.0
11/18/2019 3:00,0.0,0.0
11/18/2019 4:00,0.0,0.0
11/18/2019 5:00,0.0,0.0
11/18/2019 6:00,0.0,0.0
11/18/2019 7:00,0.0,0.0
11/18/2019 8:00,0.5,0.02
11/18/2019 9:00,3.5,0.15
11/18/2019 10:00,9.0,0.38
11/18/2019 11:00,12.25,0.52
11/18/2019 12:00,14.5,0.62
11/18/2019 13:00,15.0,0.64
11/18/2019 14:00,14.25,0.61
11/18/2019 15:00,11.75,0.5
11/18/2019 16:00,6.5,0.28
11/18/2019 17:00,1.5,0.06
11/18/2019 18:00,0.0,0.0
11/18/2019 19:00,0.0,0.0
11/18/2019 20:00,0.0,0.0
11/18/2019 21:00,0.0,0.0
11/18/2019 22:00,0.0,0.0
11/18/2019 23:00,0.0,0.0
11/19/2019 0:00,0.0,0.0
11/19/2019 1:00,0.0,0.0
11/19/2019 2:00,0.0,0.0
11/19/2019 3:00,0.0,0.0
11/19/2019 4:00,0.0,0.0
11/19/2019 5:00,0.0,0.0
11/19/2019 6:00,0.0,0.0
11/19/2019 7:00,0.0,0.0
11/19/2019 8:00,0.0,0.0
11/19/2019 9:00,0.5,0.02
11/19/2019 10:00,1.5,0.06
11/19/2019 11:00,2.5,0.11
11/19/2019 12:00,3.75,0.16
11/19/2019 13:00,2.5,0.11
11/19/2019 14:00,2.0,0.09
11/19/2019 15:00,1.0,0.04
11/19/2019 16:00,2.25,0.1
11/19/2019 17:00,0.75,0.03
11/19/2019 18:00,0.0,0.0
11/19/2019 19:00,0.0,0.0
11/19/2019 20:00,0.0,0.0
11/19/2019 21:00,0.0,0.0
11/19/2019 22:00,0.0,0.0
11/19/2019 23:00,0.0,0.0
11/20/2019 0:00,0.0,0.0
11/20/2019 1:00,0.0,0.0
11/20/2019 2:00,0.0,0.0
11/20/2019 3:00,0.0,0.0
11/20/2019 4:00,0.0,0.0
11/20/2019 5:00,0.0,0.0
11/20/2019 6:00,0.0,0.0
11/20/2019 7:00,0.0,0.0
11/20/2019 8:00,0.25,0.01
11/20/2019 9:00,4.0,0.17
11/20/2019 10:00,4.0,0.17
11/20/2019 11:00,9.25,0.39
11/20/2019 12:00,11.0,0.47
11/20/2019 13:00,12.5,0.53
11/20/2019 14:00,13.0,0.55
11/20/2019 15:00,6.75,0.29
11/20/2019 16:00,4.0,0.17
11/20/2019 17:00,1.0,0.04
11/20/2019 18:00,0.0,0.0
11/20/2019 19:00,0.0,0.0
11/20/2019 20:00,0.0,0.0
11/20/2019 21:00,0.0,0.0
11/20/2019 22:00,0.0,0.0
11/20/2019 23:00,0.0,0.0
11/21/2019 0:00,0.0,0.0
11/21/2019 1:00,0.0,0.0
11/21/2019 2:00,0.0,0.0
11/21/2019 3:00,0.0,0.0
11/21/2019 4:00,0.0,0.0
11/21/2019 5:00,0.0,0.0
11/21/2019 6:00,0.0,0.0
11/21/2019 7:00,0.0,0.0
11/21/2019 8:00,0.25,0.01
11/21/2019 9:00,0.75,0.03
11/21/2019 10:00,3.5,0.15
11/21/2019 11:00,6.0,0.26
11/21/2019 12:00,8.75,0.37
11/21/2019 13:00,11.75,0.5
11/21/2019 14:00,6.0,0.26
11/21/2019 15:00,4.75,0.2
11/21/2019 16:00,4.75,0.2
11/21/2019 17:00,1.5,0.06
11/21/2019 18:00,0.0,0.0
11/21/2019 19:00,0.0,0.0
11/21/2019 20:00,0.0,0.0
11/21/2019 21:00,0.0,0.0
11/21/2019 22:00,0.0,0.0
11/21/2019 23:00,0.0,0.0
11/22/2019 0:00,0.0,0.0
11/22/2019 1:00,0.0,0.0
11/22/2019 2:00,0.0,0.0
11/22/2019 3:00,0.0,0.0
11/22/2019 4:00,0.0,0.0
11/22/2019 5:00,0.0,0.0
11/22/2019 6:00,0.0,0.0
11/22/2019 7:00,0.0,0.0
11/22/2019 8:00,0.0,0.0
11/22/2019 9:00,0.5,0.02
11/22/2019 10:00,0.75,0.03
11/22/2019 11:00,1.5,0.06
11/22/2019 12:00,6.75,0.29
11/22/2019 13:00,12.75,0.54
11/22/2019 14:00,12.5,0.53
11/22/2019 15:00,11.25,0.48
11/22/2019 16:00,6.25,0.27
11/22/2019 17:00,1.0,0.04
11/22/2019 18:00,0.25,0.01
11/22/2019 19:00,0.0,0.0
11/22/2019 20:00,0.0,0.0
11/22/2019 21:00,0.0,0.0
11/22/2019 22:00,0.0,0.0
11/22/2019 23:00,0.0,0.0
11/23/2019 0:00,0.0,0.0
11/23/2019 1:00,0.0,0.0
11/23/2019 2:00,0.0,0.0
11/23/2019 3:00,0.0,0.0
11/23/2019 4:00,0.0,0.0
11/23/2019 5:00,0.0,0.0
11/23/2019 6:00,0.0,0.0
11/23/2019 7:00,0.0,0.0
11/23/2019 8:00,0.0,0.0
11/23/2019 9:00,2.25,0.1
11/23/2019 10:00,7.5,0.32
11/23/2019 11:00,11.5,0.49
11/23/2019 12:00,9.0,0.38
11/23/2019 13:00,10.75,0.46
11/23/2019 14:00,9.0,0.38
11/23/2019 15:00,7.25,0.31
11/23/2019 16:00,4.75,0.2
11/23/2019 17:00,0.75,0.03
11/23/2019 18:00,0.0,0.0
11/23/2019 19:00,0.0,0.0
11/23/2019 20:00,0.0,0.0
11/23/2019 21:00,0.0,0.0
11/23/2019 22:00,0.0,0.0
11/23/2019 23:00,0.0,0.0
11/24/2019 0:00,0.0,0.0
11/24/2019 1:00,0.0,0.0
11/24/2019 2:00,0.0,0.0
11/24/2019 3:00,0.0,0.0
11/24/2019 4:00,0.0,0.0
11/24/2019 5:00,0.0,0.0
11/24/2019 6:00,0.0,0.0
11/24/2019 7:00,0.0,0.0
11/24/2019 8:00,0.25,0.01
11/24/2019 9:00,1.75,0.07
11/24/2019 10:00,5.75,0.24
11/24/2019 11:00,6.75,0.29
11/24/2019 12:00,6.25,0.27
11/24/2019 13:00,3.75,0.16
11/24/2019 14:00,3.5,0.15
11/24/2019 15:00,3.25,0.14
11/24/2019 16:00,2.5,0.11
11/24/2019 17:00,0.5,0.02
11/24/2019 18:00,0.0,0.0
11/24/2019 19:00,0.0,0.0
11/24/2019 20:00,0.0,0.0
11/24/2019 21:00,0.0,0.0
11/24/2019 22:00,0.0,0.0
11/24/2019 23:00,0.0,0.0
11/25/2019 0:00,0.0,0.0
11/25/2019 1:00,0.0,0.0
11/25/2019 2:00,0.0,0.0
11/25/2019 3:00,0.0,0.0
11/25/2019 4:00,0.0,0.0
11/25/2019 5:00,0.0,0.0
11/25/2019 6:00,0.0,0.0
11/25/2019 7:00,0.0,0.0
11/25/2019 8:00,0.25,0.01
11/25/2019 9:00,1.0,0.04
11/25/2019 10:00,5.75,0.24
11/25/2019 11:00,1.75,0.07
11/25/2019 12:00,11.75,0.5
11/25/2019 13:00,5.5,0.23
11/25/2019 14:00,4.25,0.18
11/25/2019 15:00,8.75,0.37
11/25/2019 16:00,6.0,0.26
11/25/2019 17:00,1.0,0.04
11/25/2019 18:00,0.0,0.0
11/25/2019 19:00,0.0,0.0
11/25/2019 20:00,0.0,0.0
11/25/2019 21:00,0.0,0.0
11/25/2019 22:00,0.0,0.0
11/25/2019 23:00,0.0,0.0
11/26/2019 0:00,0.0,0.0
11/26/2019 1:00,0.0,0.0
11/26/2019 2:00,0.0,0.0
11/26/2019 3:00,0.0,0.0
11/26/2019 4:00,0.0,0.0
11/26/2019 5:00,0.0,0.0
11/26/2019 6:00,0.0,0.0
11/26/2019 7:00,0.0,0.0
11/26/2019 8:00,0.0,0.0
11/26/2019 9:00,0.5,0.02
11/26/2019 10:00,0.75,0.03
11/26/2019 11:00,1.25,0.05
11/26/2019 12:00,1.5,0.06
11/26/2019 13:00,1.25,0.05
11/26/2019 14:00,2.5,0.11
11/26/2019 15:00,3.5,0.15
11/26/2019 16:00,2.0,0.09
11/26/2019 17:00,0.75,0.03
11/26/2019 18:00,0.0,0.0
11/26/2019 19:00,0.0,0.0
11/26/2019 20:00,0.0,0.0
11/26/2019 21:00,0.0,0.0
11/26/2019 22:00,0.0,0.0
11/26/2019 23:00,0.0,0.0
11/27/2019 0:00,0.0,0.0
11/27/2019 1:00,0.0,0.0
11/27/2019 2:00,0.0,0.0
11/27/2019 3:00,0.0,0.0
11/27/2019 4:00,0.0,0.0
11/27/2019 5:00,0.0,0.0
11/27/2019 6:00,0.0,0.0
11/27/2019 7:00,0.0,0.0
11/27/2019 8:00,0.25,0.01
11/27/2019 9:00,1.0,0.04
11/27/2019 10:00,3.5,0.15
11/27/2019 11:00,4.5,0.19
11/27/2019 12:00,8.0,0.34
11/27/2019 13:00,8.25,0.35
11/27/2019 14:00,13.0,0.55
11/27/2019 15:00,8.0,0.34
11/27/2019 16:00,4.75,0.2
11/27/2019 17:00,1.0,0.04
11/27/2019 18:00,0.0,0.0
11/27/2019 19:00,0.0,0.0
11/27/2019 20:00,0.0,0.0
11/27/2019 21:00,0.0,0.0
11/27/2019 22:00,0.0,0.0
11/27/2019 23:00,0.0,0.0
11/28/2019 0:00,0.0,0.0
11/28/2019 1:00,0.0,0.0
11/28/2019 2:00,0.0,0.0
11/28/2019 3:00,0.0,0.0
11/28/2019 4:00,0.0,0.0
11/28/2019 5:00,0.0,0.0
11/28/2019 6:00,0.0,0.0
11/28/2019 7:00,0.0,0.0
11/28/2019 8:00,0.0,0.0
11/28/2019 9:00,1.0,0.04
11/28/2019 10:00,3.25,0.14
11/28/2019 11:00,4.5,0.19
11/28/2019 12:00,4.25,0.18
11/28/2019 13:00,4.0,0.17
11/28/2019 14:00,4.0,0.17
11/28/2019 15:00,6.25,0.27
11/28/2019 16:00,5.0,0.21
11/28/2019 17:00,1.0,0.04
11/28/2019 18:00,0.0,0.0
11/28/2019 19:00,0.0,0.0
11/28/2019 20:00,0.0,0.0
11/28/2019 21:00,0.0,0.0
11/28/2019 22:00,0.0,0.0
11/28/2019 23:00,0.0,0.0
11/29/2019 0:00,0.0,0.0
11/29/2019 1:00,0.0,0.0
11/29/2019 2:00,0.0,0.0
11/29/2019 3:00,0.0,0.0
11/29/2019 4:00,0.0,0.0
11/29/2019 5:00,0.0,0.0
11/29/2019 6:00,0.0,0.0
11/29/2019 7:00,0.0,0.0
11/29/2019 8:00,0.0,0.0
11/29/2019 9:00,0.5,0.02
11/29/2019 10:00,1.5,0.06
11/29/2019 11:00,2.0,0.09
11/29/2019 12:00,2.75,0.12
11/29/2019 13:00,3.25,0.14
11/29/2019 14:00,6.75,0.29
11/29/2019 15:00,5.5,0.23
11/29/2019 16:00,3.5,0.15
11/29/2019 17:00,0.5,0.02
11/29/2019 18:00,0.0,0.0
11/29/2019 19:00,0.0,0.0
11/29/2019 20:00,0.0,0.0
11/29/2019 21:00,0.0,0.0
11/29/2019 22:00,0.0,0.0
11/29/2019 23:00,0.0,0.0
11/30/2019 0:00,0.0,0.0
11/30/2019 1:00,0.0,0.0
11/30/2019 2:00,0.0,0.0
11/30/2019 3:00,0.0,0.0
11/30/2019 4:00,0.0,0.0
11/30/2019 5:00,0.0,0.0
11/30/2019 6:00,0.0,0.0
11/30/2019 7:00,0.0,0.0
11/30/2019 8:00,0.25,0.01
11/30/2019 9:00,1.0,0.04
11/30/2019 10:00,2.75,0.12
11/30/2019 11:00,2.0,0.09
11/30/2019 12:00,2.25,0.1
11/30/2019 13:00,2.75,0.12
11/30/2019 14:00,2.5,0.11
11/30/2019 15:00,3.0,0.13
11/30/2019 16:00,2.25,0.1
11/30/2019 17:00,1.0,0.04
11/30/2019 18:00,0.0,0.0
11/30/2019 19:00,0.0,0.0
11/30/2019 20:00,0.0,0.0
11/30/2019 21:00,0.0,0.0
11/30/2019 22:00,0.0,0.0
11/30/2019 23:00,0.0,0.0
12/1/2019 0:00,0.0,0.0
12/1/2019 1:00,0.0,0.0
12/1/2019 2:00,0.0,0.0
12/1/2019 3:00,0.0,0.0
12/1/2019 4:00,0.0,0.0
12/1/2019 5:00,0.0,0.0
12/1/2019 6:00,0.0,0.0
12/1/2019 7:00,0.0,0.0
12/1/2019 8:00,0.0,0.0
12/1/2019 9:00,1.75,0.07
12/1/2019 10:00,6.25,0.27
12/1/2019 11:00,9.25,0.39
12/1/2019 12:00,9.0,0.38
12/1/2019 13:00,5.0,0.21
12/1/2019 14:00,5.75,0.24
12/1/2019 15:00,5.75,0.24
12/1/2019 16:00,4.25,0.18
12/1/2019 17:00,1.0,0.04
12/1/2019 18:00,0.0,0.0
12/1/2019 19:00,0.0,0.0
12/1/2019 20:00,0.0,0.0
12/1/2019 21:00,0.0,0.0
12/1/2019 22:00,0.0,0.0
12/1/2019 23:00,0.0,0.0
12/2/2019 0:00,0.0,0.0
12/2/2019 1:00,0.0,0.0
12/2/2019 2:00,0.0,0.0
12/2/2019 3:00,0.0,0.0
12/2/2019 4:00,0.0,0.0
12/2/2019 5:00,0.0,0.0
12/2/2019 6:00,0.0,0.0
12/2/2019 7:00,0.0,0.0
12/2/2019 8:00,0.0,0.0
12/2/2019 9:00,2.25,0.1
12/2/2019 10:00,7.0,0.3
12/2/2019 11:00,11.0,0.47
12/2/2019 12:00,13.25,0.56
12/2/2019 13:00,14.0,0.6
12/2/2019 14:00,12.75,0.54
12/2/2019 15:00,11.0,0.47
12/2/2019 16:00,6.5,0.28
12/2/2019 17:00,0.75,0.03
12/2/2019 18:00,0.0,0.0
12/2/2019 19:00,0.0,0.0
12/2/2019 20:00,0.0,0.0
12/2/2019 21:00,0.0,0.0
12/2/2019 22:00,0.0,0.0
12/2/2019 23:00,0.0,0.0
12/3/2019 0:00,0.0,0.0
12/3/2019 1:00,0.0,0.0
12/3/2019 2:00,0.0,0.0
12/3/2019 3:00,0.0,0.0
12/3/2019 4:00,0.0,0.0
12/3/2019 5:00,0.0,0.0
12/3/2019 6:00,0.0,0.0
12/3/2019 7:00,0.0,0.0
12/3/2019 8:00,0.0,0.0
12/3/2019 9:00,2.5,0.11
12/3/2019 10:00,7.0,0.3
12/3/2019 11:00,11.25,0.48
12/3/2019 12:00,13.25,0.56
12/3/2019 13:00,14.0,0.6
12/3/2019 14:00,13.0,0.55
12/3/2019 15:00,10.75,0.46
12/3/2019 16:00,6.5,0.28
12/3/2019 17:00,0.75,0.03
12/3/2019 18:00,0.0,0.0
12/3/2019 19:00,0.0,0.0
12/3/2019 20:00,0.0,0.0
12/3/2019 21:00,0.0,0.0
12/3/2019 22:00,0.0,0.0
12/3/2019 23:00,0.0,0.0
12/4/2019 0:00,0.0,0.0
12/4/2019 1:00,0.0,0.0
12/4/2019 2:00,0.0,0.0
12/4/2019 3:00,0.0,0.0
12/4/2019 4:00,0.0,0.0
12/4/2019 5:00,0.0,0.0
12/4/2019 6:00,0.0,0.0
12/4/2019 7:00,0.0,0.0
12/4/2019 8:00,0.0,0.0
12/4/2019 9:00,2.5,0.11
12/4/2019 10:00,6.25,0.27
12/4/2019 11:00,5.25,0.22
12/4/2019 12:00,11.5,0.49
12/4/2019 13:00,11.5,0.49
12/4/2019 14:00,7.75,0.33
12/4/2019 15:00,7.25,0.31
12/4/2019 16:00,6.0,0.26
12/4/2019 17:00,0.5,0.02
12/4/2019 18:00,0.0,0.0
12/4/2019 19:00,0.0,0.0
12/4/2019 20:00,0.0,0.0
12/4/2019 21:00,0.0,0.0
12/4/2019 22:00,0.0,0.0
12/4/2019 23:00,0.0,0.0
12/5/2019 0:00,0.0,0.0
12/5/2019 1:00,0.0,0.0
12/5/2019 2:00,0.0,0.0
12/5/2019 3:00,0.0,0.0
12/5/2019 4:00,0.0,0.0
12/5/2019 5:00,0.0,0.0
12/5/2019 6:00,0.0,0.0
12/5/2019 7:00,0.0,0.0
12/5/2019 8:00,0.25,0.01
12/5/2019 9:00,2.0,0.09
12/5/2019 10:00,6.5,0.28
12/5/2019 11:00,10.75,0.46
12/5/2019 12:00,13.0,0.55
12/5/2019 13:00,13.5,0.57
12/5/2019 14:00,12.5,0.53
12/5/2019 15:00,10.5,0.45
12/5/2019 16:00,6.25,0.27
12/5/2019 17:00,0.75,0.03
12/5/2019 18:00,0.0,0.0
12/5/2019 19:00,0.0,0.0
12/5/2019 20:00,0.0,0.0
12/5/2019 21:00,0.0,0.0
12/5/2019 22:00,0.0,0.0
12/5/2019 23:00,0.0,0.0
12/6/2019 0:00,0.0,0.0
12/6/2019 1:00,0.0,0.0
12/6/2019 2:00,0.0,0.0
12/6/2019 3:00,0.0,0.0
12/6/2019 4:00,0.0,0.0
12/6/2019 5:00,0.0,0.0
12/6/2019 6:00,0.0,0.0
12/6/2019 7:00,0.0,0.0
12/6/2019 8:00,0.0,0.0
12/6/2019 9:00,2.25,0.1
12/6/2019 10:00,6.75,0.29
12/6/2019 11:00,10.75,0.46
12/6/2019 12:00,12.5,0.53
12/6/2019 13:00,13.5,0.57
12/6/2019 14:00,12.0,0.51
12/6/2019 15:00,9.75,0.41
12/6/2019 16:00,6.25,0.27
12/6/2019 17:00,0.75,0.03
12/6/2019 18:00,0.0,0.0
12/6/2019 19:00,0.0,0.0
12/6/2019 20:00,0.0,0.0
12/6/2019 21:00,0.0,0.0
12/6/2019 22:00,0.0,0.0
12/6/2019 23:00,0.0,0.0
12/7/2019 0:00,0.0,0.0
12/7/2019 1:00,0.0,0.0
12/7/2019 2:00,0.0,0.0
12/7/2019 3:00,0.0,0.0
12/7/2019 4:00,0.0,0.0
12/7/2019 5:00,0.0,0.0
12/7/2019 6:00,0.0,0.0
12/7/2019 7:00,0.0,0.0
12/7/2019 8:00,0.0,0.0
12/7/2019 9:00,2.0,0.09
12/7/2019 10:00,5.75,0.24
12/7/2019 11:00,6.5,0.28
12/7/2019 12:00,8.75,0.37
12/7/2019 13:00,12.75,0.54
12/7/2019 14:00,12.0,0.51
12/7/2019 15:00,9.5,0.4
12/7/2019 16:00,4.75,0.2
12/7/2019 17:00,0.75,0.03
12/7/2019 18:00,0.0,0.0
12/7/2019 19:00,0.0,0.0
12/7/2019 20:00,0.0,0.0
12/7/2019 21:00,0.0,0.0
12/7/2019 22:00,0.0,0.0
12/7/2019 23:00,0.0,0.0
12/8/2019 0:00,0.0,0.0
12/8/2019 1:00,0.0,0.0
12/8/2019 2:00,0.0,0.0
12/8/2019 3:00,0.0,0.0
12/8/2019 4:00,0.0,0.0
12/8/2019 5:00,0.0,0.0
12/8/2019 6:00,0.0,0.0
12/8/2019 7:00,0.0,0.0
12/8/2019 8:00,0.0,0.0
12/8/2019 9:00,0.75,0.03
12/8/2019 10:00,3.5,0.15
12/8/2019 11:00,3.25,0.14
12/8/2019 12:00,4.0,0.17
12/8/2019 13:00,3.5,0.15
12/8/2019 14:00,3.0,0.13
12/8/2019 15:00,2.0,0.09
12/8/2019 16:00,1.25,0.05
12/8/2019 17:00,0.5,0.02
12/8/2019 18:00,0.0,0.0
12/8/2019 19:00,0.0,0.0
12/8/2019 20:00,0.0,0.0
12/8/2019 21:00,0.0,0.0
12/8/2019 22:00,0.0,0.0
12/8/2019 23:00,0.0,0.0
12/9/2019 0:00,0.0,0.0
12/9/2019 1:00,0.0,0.0
12/9/2019 2:00,0.0,0.0
12/9/2019 3:00,0.0,0.0
12/9/2019 4:00,0.0,0.0
12/9/2019 5:00,0.0,0.0
12/9/2019 6:00,0.0,0.0
12/9/2019 7:00,0.0,0.0
12/9/2019 8:00,0.0,0.0
12/9/2019 9:00,1.0,0.04
12/9/2019 10:00,5.25,0.22
12/9/2019 11:00,10.0,0.43
12/9/2019 12:00,12.75,0.54
12/9/2019 13:00,13.0,0.55
12/9/2019 14:00,12.5,0.53
12/9/2019 15:00,10.5,0.45
12/9/2019 16:00,6.5,0.28
12/9/2019 17:00,0.5,0.02
12/9/2019 18:00,0.0,0.0
12/9/2019 19:00,0.0,0.0
12/9/2019 20:00,0.0,0.0
12/9/2019 21:00,0.0,0.0
12/9/2019 22:00,0.0,0.0
12/9/2019 23:00,0.0,0.0
12/10/2019 0:00,0.0,0.0
12/10/2019 1:00,0.0,0.0
12/10/2019 2:00,0.0,0.0
12/10/2019 3:00,0.0,0.0
12/10/2019 4:00,0.0,0.0
12/10/2019 5:00,0.0,0.0
12/10/2019 6:00,0.0,0.0
12/10/2019 7:00,0.0,0.0
12/10/2019 8:00,0.25,0.01
12/10/2019 9:00,2.0,0.09
12/10/2019 10:00,6.75,0.29
12/10/2019 11:00,8.0,0.34
12/10/2019 12:00,11.5,0.49
12/10/2019 13:00,12.25,0.52
12/10/2019 14:00,11.0,0.47
12/10/2019 15:00,9.0,0.38
12/10/2019 16:00,4.0,0.17
12/10/2019 17:00,0.75,0.03
12/10/2019 18:00,0.0,0.0
12/10/2019 19:00,0.0,0.0
12/10/2019 20:00,0.0,0.0
12/10/2019 21:00,0.0,0.0
12/10/2019 22:00,0.0,0.0
12/10/2019 23:00,0.0,0.0
12/11/2019 0:00,0.0,0.0
12/11/2019 1:00,0.0,0.0
12/11/2019 2:00,0.0,0.0
12/11/2019 3:00,0.0,0.0
12/11/2019 4:00,0.0,0.0
12/11/2019 5:00,0.0,0.0
12/11/2019 6:00,0.0,0.0
12/11/2019 7:00,0.0,0.0
12/11/2019 8:00,0.0,0.0
12/11/2019 9:00,1.0,0.04
12/11/2019 10:00,5.5,0.23
12/11/2019 11:00,10.5,0.45
12/11/2019 12:00,12.25,0.52
12/11/2019 13:00,12.25,0.52
12/11/2019 14:00,11.5,0.49
12/11/2019 15:00,11.0,0.47
12/11/2019 16:00,6.75,0.29
12/11/2019 17:00,0.75,0.03
12/11/2019 18:00,0.25,0.01
12/11/2019 19:00,0.0,0.0
12/11/2019 20:00,0.0,0.0
12/11/2019 21:00,0.0,0.0
12/11/2019 22:00,0.0,0.0
12/11/2019 23:00,0.0,0.0
12/12/2019 0:00,0.0,0.0
12/12/2019 1:00,0.0,0.0
12/12/2019 2:00,0.0,0.0
12/12/2019 3:00,0.0,0.0
12/12/2019 4:00,0.0,0.0
12/12/2019 5:00,0.0,0.0
12/12/2019 6:00,0.0,0.0
12/12/2019 7:00,0.0,0.0
12/12/2019 8:00,0.0,0.0
12/12/2019 9:00,1.25,0.05
12/12/2019 10:00,3.25,0.14
12/12/2019 11:00,7.5,0.32
12/12/2019 12:00,9.5,0.4
12/12/2019 13:00,8.5,0.36
12/12/2019 14:00,8.5,0.36
12/12/2019 15:00,3.0,0.13
12/12/2019 16:00,1.0,0.04
12/12/2019 17:00,0.25,0.01
12/12/2019 18:00,0.0,0.0
12/12/2019 19:00,0.0,0.0
12/12/2019 20:00,0.0,0.0
12/12/2019 21:00,0.0,0.0
12/12/2019 22:00,0.0,0.0
12/12/2019 23:00,0.0,0.0
12/13/2019 0:00,0.0,0.0
12/13/2019 1:00,0.0,0.0
12/13/2019 2:00,0.0,0.0
12/13/2019 3:00,0.0,0.0
12/13/2019 4:00,0.0,0.0
12/13/2019 5:00,0.0,0.0
12/13/2019 6:00,0.0,0.0
12/13/2019 7:00,0.0,0.0
12/13/2019 8:00,0.0,0.0
12/13/2019 9:00,0.75,0.03
12/13/2019 10:00,1.75,0.07
12/13/2019 11:00,7.25,0.31
12/13/2019 12:00,8.5,0.36
12/13/2019 13:00,7.0,0.3
12/13/2019 14:00,5.25,0.22
12/13/2019 15:00,3.75,0.16
12/13/2019 16:00,3.75,0.16
12/13/2019 17:00,1.0,0.04
12/13/2019 18:00,0.0,0.0
12/13/2019 19:00,0.0,0.0
12/13/2019 20:00,0.0,0.0
12/13/2019 21:00,0.0,0.0
12/13/2019 22:00,0.0,0.0
12/13/2019 23:00,0.0,0.0
12/14/2019 0:00,0.0,0.0
12/14/2019 1:00,0.0,0.0
12/14/2019 2:00,0.0,0.0
12/14/2019 3:00,0.0,0.0
12/14/2019 4:00,0.0,0.0
12/14/2019 5:00,0.0,0.0
12/14/2019 6:00,0.0,0.0
12/14/2019 7:00,0.0,0.0
12/14/2019 8:00,0.0,0.0
12/14/2019 9:00,0.75,0.03
12/14/2019 10:00,5.75,0.24
12/14/2019 11:00,9.25,0.39
12/14/2019 12:00,6.75,0.29
12/14/2019 13:00,10.25,0.44
12/14/2019 14:00,4.75,0.2
12/14/2019 15:00,7.0,0.3
12/14/2019 16:00,3.75,0.16
12/14/2019 17:00,1.0,0.04
12/14/2019 18:00,0.0,0.0
12/14/2019 19:00,0.0,0.0
12/14/2019 20:00,0.0,0.0
12/14/2019 21:00,0.0,0.0
12/14/2019 22:00,0.0,0.0
12/14/2019 23:00,0.0,0.0
12/15/2019 0:00,0.0,0.0
12/15/2019 1:00,0.0,0.0
12/15/2019 2:00,0.0,0.0
12/15/2019 3:00,0.0,0.0
12/15/2019 4:00,0.0,0.0
12/15/2019 5:00,0.0,0.0
12/15/2019 6:00,0.0,0.0
12/15/2019 7:00,0.0,0.0
12/15/2019 8:00,0.0,0.0
12/15/2019 9:00,1.0,0.04
12/15/2019 10:00,2.5,0.11
12/15/2019 11:00,6.0,0.26
12/15/2019 12:00,10.0,0.43
12/15/2019 13:00,7.75,0.33
12/15/2019 14:00,3.0,0.13
12/15/2019 15:00,3.0,0.13
12/15/2019 16:00,1.0,0.04
12/15/2019 17:00,0.5,0.02
12/15/2019 18:00,0.0,0.0
12/15/2019 19:00,0.0,0.0
12/15/2019 20:00,0.0,0.0
12/15/2019 21:00,0.0,0.0
12/15/2019 22:00,0.0,0.0
12/15/2019 23:00,0.0,0.0
12/16/2019 0:00,0.0,0.0
12/16/2019 1:00,0.0,0.0
12/16/2019 2:00,0.0,0.0
12/16/2019 3:00,0.0,0.0
12/16/2019 4:00,0.0,0.0
12/16/2019 5:00,0.0,0.0
12/16/2019 6:00,0.0,0.0
12/16/2019 7:00,0.0,0.0
12/16/2019 8:00,0.0,0.0
12/16/2019 9:00,0.0,0.0
12/16/2019 10:00,1.0,0.04
12/16/2019 11:00,1.75,0.07
12/16/2019 12:00,3.25,0.14
12/16/2019 13:00,3.25,0.14
12/16/2019 14:00,2.75,0.12
12/16/2019 15:00,1.0,0.04
12/16/2019 16:00,0.5,0.02
12/16/2019 17:00,0.0,0.0
12/16/2019 18:00,0.0,0.0
12/16/2019 19:00,0.0,0.0
12/16/2019 20:00,0.0,0.0
12/16/2019 21:00,0.0,0.0
12/16/2019 22:00,0.0,0.0
12/16/2019 23:00,0.0,0.0
12/17/2019 0:00,0.0,0.0
12/17/2019 1:00,0.0,0.0
12/17/2019 2:00,0.0,0.0
12/17/2019 3:00,0.0,0.0
12/17/2019 4:00,0.0,0.0
12/17/2019 5:00,0.0,0.0
12/17/2019 6:00,0.0,0.0
12/17/2019 7:00,0.0,0.0
12/17/2019 8:00,0.25,0.01
12/17/2019 9:00,1.25,0.05
12/17/2019 10:00,6.25,0.27
12/17/2019 11:00,10.0,0.43
12/17/2019 12:00,10.5,0.45
12/17/2019 13:00,8.0,0.34
12/17/2019 14:00,10.5,0.45
12/17/2019 15:00,8.75,0.37
12/17/2019 16:00,5.25,0.22
12/17/2019 17:00,0.75,0.03
12/17/2019 18:00,0.0,0.0
12/17/2019 19:00,0.0,0.0
12/17/2019 20:00,0.0,0.0
12/17/2019 21:00,0.0,0.0
12/17/2019 22:00,0.0,0.0
12/17/2019 23:00,0.0,0.0
12/18/2019 0:00,0.0,0.0
12/18/2019 1:00,0.0,0.0
12/18/2019 2:00,0.0,0.0
12/18/2019 3:00,0.0,0.0
12/18/2019 4:00,0.0,0.0
12/18/2019 5:00,0.0,0.0
12/18/2019 6:00,0.0,0.0
12/18/2019 7:00,0.0,0.0
12/18/2019 8:00,0.0,0.0
12/18/2019 9:00,0.25,0.01
12/18/2019 10:00,0.75,0.03
12/18/2019 11:00,2.0,0.09
12/18/2019 12:00,1.75,0.07
12/18/2019 13:00,2.5,0.11
12/18/2019 14:00,1.75,0.07
12/18/2019 15:00,1.75,0.07
12/18/2019 16:00,0.75,0.03
12/18/2019 17:00,0.25,0.01
12/18/2019 18:00,0.0,0.0
12/18/2019 19:00,0.0,0.0
12/18/2019 20:00,0.0,0.0
12/18/2019 21:00,0.0,0.0
12/18/2019 22:00,0.0,0.0
12/18/2019 23:00,0.0,0.0
12/19/2019 0:00,0.0,0.0
12/19/2019 1:00,0.0,0.0
12/19/2019 2:00,0.0,0.0
12/19/2019 3:00,0.0,0.0
12/19/2019 4:00,0.0,0.0
12/19/2019 5:00,0.0,0.0
12/19/2019 6:00,0.0,0.0
12/19/2019 7:00,0.0,0.0
12/19/2019 8:00,0.0,0.0
12/19/2019 9:00,0.25,0.01
12/19/2019 10:00,0.75,0.03
12/19/2019 11:00,0.5,0.02
12/19/2019 12:00,0.25,0.01
12/19/2019 13:00,0.5,0.02
12/19/2019 14:00,0.75,0.03
12/19/2019 15:00,0.5,0.02
12/19/2019 16:00,0.25,0.01
12/19/2019 17:00,0.0,0.0
12/19/2019 18:00,0.0,0.0
12/19/2019 19:00,0.0,0.0
12/19/2019 20:00,0.0,0.0
12/19/2019 21:00,0.0,0.0
12/19/2019 22:00,0.0,0.0
12/19/2019 23:00,0.0,0.0
12/20/2019 0:00,0.0,0.0
12/20/2019 1:00,0.0,0.0
12/20/2019 2:00,0.0,0.0
12/20/2019 3:00,0.0,0.0
12/20/2019 4:00,0.0,0.0
12/20/2019 5:00,0.0,0.0
12/20/2019 6:00,0.0,0.0
12/20/2019 7:00,0.0,0.0
12/20/2019 8:00,0.0,0.0
12/20/2019 9:00,0.25,0.01
12/20/2019 10:00,0.75,0.03
12/20/2019 11:00,0.75,0.03
12/20/2019 12:00,0.75,0.03
12/20/2019 13:00,2.0,0.09
12/20/2019 14:00,1.5,0.06
12/20/2019 15:00,1.0,0.04
12/20/2019 16:00,0.5,0.02
12/20/2019 17:00,0.0,0.0
12/20/2019 18:00,0.0,0.0
12/20/2019 19:00,0.0,0.0
12/20/2019 20:00,0.0,0.0
12/20/2019 21:00,0.0,0.0
12/20/2019 22:00,0.0,0.0
12/20/2019 23:00,0.0,0.0
12/21/2019 0:00,0.0,0.0
12/21/2019 1:00,0.0,0.0
12/21/2019 2:00,0.0,0.0
12/21/2019 3:00,0.0,0.0
12/21/2019 4:00,0.0,0.0
12/21/2019 5:00,0.0,0.0
12/21/2019 6:00,0.0,0.0
12/21/2019 7:00,0.0,0.0
12/21/2019 8:00,0.0,0.0
12/21/2019 9:00,0.25,0.01
12/21/2019 10:00,1.0,0.04
12/21/2019 11:00,2.25,0.1
12/21/2019 12:00,2.5,0.11
12/21/2019 13:00,3.75,0.16
12/21/2019 14:00,1.75,0.07
12/21/2019 15:00,5.75,0.24
12/21/2019 16:00,4.5,0.19
12/21/2019 17:00,0.75,0.03
12/21/2019 18:00,0.0,0.0
12/21/2019 19:00,0.0,0.0
12/21/2019 20:00,0.0,0.0
12/21/2019 21:00,0.0,0.0
12/21/2019 22:00,0.0,0.0
12/21/2019 23:00,0.0,0.0
12/22/2019 0:00,0.0,0.0
12/22/2019 1:00,0.0,0.0
12/22/2019 2:00,0.0,0.0
12/22/2019 3:00,0.0,0.0
12/22/2019 4:00,0.0,0.0
12/22/2019 5:00,0.0,0.0
12/22/2019 6:00,0.0,0.0
12/22/2019 7:00,0.0,0.0
12/22/2019 8:00,0.0,0.0
12/22/2019 9:00,0.5,0.02
12/22/2019 10:00,2.5,0.11
12/22/2019 11:00,3.0,0.13
12/22/2019 12:00,4.25,0.18
12/22/2019 13:00,7.25,0.31
12/22/2019 14:00,2.25,0.1
12/22/2019 15:00,1.5,0.06
12/22/2019 16:00,1.25,0.05
12/22/2019 17:00,0.75,0.03
12/22/2019 18:00,0.0,0.0
12/22/2019 19:00,0.0,0.0
12/22/2019 20:00,0.0,0.0
12/22/2019 21:00,0.0,0.0
12/22/2019 22:00,0.0,0.0
12/22/2019 23:00,0.0,0.0
12/23/2019 0:00,0.0,0.0
12/23/2019 1:00,0.0,0.0
12/23/2019 2:00,0.0,0.0
12/23/2019 3:00,0.0,0.0
12/23/2019 4:00,0.0,0.0
12/23/2019 5:00,0.0,0.0
12/23/2019 6:00,0.0,0.0
12/23/2019 7:00,0.0,0.0
12/23/2019 8:00,0.0,0.0
12/23/2019 9:00,0.5,0.02
12/23/2019 10:00,1.25,0.05
12/23/2019 11:00,1.75,0.07
12/23/2019 12:00,3.0,0.13
12/23/2019 13:00,4.75,0.2
12/23/2019 14:00,4.25,0.18
12/23/2019 15:00,2.75,0.12
12/23/2019 16:00,2.0,0.09
12/23/2019 17:00,0.75,0.03
12/23/2019 18:00,0.0,0.0
12/23/2019 19:00,0.0,0.0
12/23/2019 20:00,0.0,0.0
12/23/2019 21:00,0.0,0.0
12/23/2019 22:00,0.0,0.0
12/23/2019 23:00,0.0,0.0
12/24/2019 0:00,0.0,0.0
12/24/2019 1:00,0.0,0.0
12/24/2019 2:00,0.0,0.0
12/24/2019 3:00,0.0,0.0
12/24/2019 4:00,0.0,0.0
12/24/2019 5:00,0.0,0.0
12/24/2019 6:00,0.0,0.0
12/24/2019 7:00,0.0,0.0
12/24/2019 8:00,0.0,0.0
12/24/2019 9:00,1.75,0.07
12/24/2019 10:00,5.5,0.23
12/24/2019 11:00,8.25,0.35
12/24/2019 12:00,10.75,0.46
12/24/2019 13:00,13.25,0.56
12/24/2019 14:00,11.25,0.48
12/24/2019 15:00,7.5,0.32
12/24/2019 16:00,6.25,0.27
12/24/2019 17:00,1.25,0.05
12/24/2019 18:00,0.0,0.0
12/24/2019 19:00,0.0,0.0
12/24/2019 20:00,0.0,0.0
12/24/2019 21:00,0.0,0.0
12/24/2019 22:00,0.0,0.0
12/24/2019 23:00,0.0,0.0
12/25/2019 0:00,0.0,0.0
12/25/2019 1:00,0.0,0.0
12/25/2019 2:00,0.0,0.0
12/25/2019 3:00,0.0,0.0
12/25/2019 4:00,0.0,0.0
12/25/2019 5:00,0.0,0.0
12/25/2019 6:00,0.0,0.0
12/25/2019 7:00,0.0,0.0
12/25/2019 8:00,0.0,0.0
12/25/2019 9:00,1.0,0.04
12/25/2019 10:00,5.75,0.24
12/25/2019 11:00,8.25,0.35
12/25/2019 12:00,9.0,0.38
12/25/2019 13:00,7.0,0.3
12/25/2019 14:00,10.0,0.43
12/25/2019 15:00,7.25,0.31
12/25/2019 16:00,4.25,0.18
12/25/2019 17:00,1.0,0.04
12/25/2019 18:00,0.0,0.0
12/25/2019 19:00,0.0,0.0
12/25/2019 20:00,0.0,0.0
12/25/2019 21:00,0.0,0.0
12/25/2019 22:00,0.0,0.0
12/25/2019 23:00,0.0,0.0
12/26/2019 0:00,0.0,0.0
12/26/2019 1:00,0.0,0.0
12/26/2019 2:00,0.0,0.0
12/26/2019 3:00,0.0,0.0
12/26/2019 4:00,0.0,0.0
12/26/2019 5:00,0.0,0.0
12/26/2019 6:00,0.0,0.0
12/26/2019 7:00,0.0,0.0
12/26/2019 8:00,0.0,0.0
12/26/2019 9:00,1.25,0.05
12/26/2019 10:00,3.0,0.13
12/26/2019 11:00,3.75,0.16
12/26/2019 12:00,3.75,0.16
12/26/2019 13:00,5.5,0.23
12/26/2019 14:00,7.5,0.32
12/26/2019 15:00,8.25,0.35
12/26/2019 16:00,5.5,0.23
12/26/2019 17:00,1.25,0.05
12/26/2019 18:00,0.0,0.0
12/26/2019 19:00,0.0,0.0
12/26/2019 20:00,0.0,0.0
12/26/2019 21:00,0.0,0.0
12/26/2019 22:00,0.0,0.0
12/26/2019 23:00,0.0,0.0
12/27/2019 0:00,0.0,0.0
12/27/2019 1:00,0.0,0.0
12/27/2019 2:00,0.0,0.0
12/27/2019 3:00,0.0,0.0
12/27/2019 4:00,0.0,0.0
12/27/2019 5:00,0.0,0.0
12/27/2019 6:00,0.0,0.0
12/27/2019 7:00,0.0,0.0
12/27/2019 8:00,0.0,0.0
12/27/2019 9:00,1.0,0.04
12/27/2019 10:00,2.25,0.1
12/27/2019 11:00,5.75,0.24
12/27/2019 12:00,10.75,0.46
12/27/2019 13:00,13.25,0.56
12/27/2019 14:00,12.75,0.54
12/27/2019 15:00,10.75,0.46
12/27/2019 16:00,7.25,0.31
12/27/2019 17:00,0.75,0.03
12/27/2019 18:00,0.0,0.0
12/27/2019 19:00,0.0,0.0
12/27/2019 20:00,0.0,0.0
12/27/2019 21:00,0.0,0.0
12/27/2019 22:00,0.0,0.0
12/27/2019 23:00,0.0,0.0
12/28/2019 0:00,0.0,0.0
12/28/2019 1:00,0.0,0.0
12/28/2019 2:00,0.0,0.0
12/28/2019 3:00,0.0,0.0
12/28/2019 4:00,0.0,0.0
12/28/2019 5:00,0.0,0.0
12/28/2019 6:00,0.0,0.0
12/28/2019 7:00,0.0,0.0
12/28/2019 8:00,0.0,0.0
12/28/2019 9:00,1.5,0.06
12/28/2019 10:00,5.75,0.24
12/28/2019 11:00,10.0,0.43
12/28/2019 12:00,12.5,0.53
12/28/2019 13:00,13.5,0.57
12/28/2019 14:00,12.75,0.54
12/28/2019 15:00,11.0,0.47
12/28/2019 16:00,7.5,0.32
12/28/2019 17:00,0.75,0.03
12/28/2019 18:00,0.0,0.0
12/28/2019 19:00,0.0,0.0
12/28/2019 20:00,0.0,0.0
12/28/2019 21:00,0.0,0.0
12/28/2019 22:00,0.0,0.0
12/28/2019 23:00,0.0,0.0
12/29/2019 0:00,0.0,0.0
12/29/2019 1:00,0.0,0.0
12/29/2019 2:00,0.0,0.0
12/29/2019 3:00,0.0,0.0
12/29/2019 4:00,0.0,0.0
12/29/2019 5:00,0.0,0.0
12/29/2019 6:00,0.0,0.0
12/29/2019 7:00,0.0,0.0
12/29/2019 8:00,0.0,0.0
12/29/2019 9:00,1.5,0.06
12/29/2019 10:00,5.75,0.24
12/29/2019 11:00,10.25,0.44
12/29/2019 12:00,12.5,0.53
12/29/2019 13:00,13.5,0.57
12/29/2019 14:00,12.75,0.54
12/29/2019 15:00,11.25,0.48
12/29/2019 16:00,7.5,0.32
12/29/2019 17:00,0.75,0.03
12/29/2019 18:00,0.0,0.0
12/29/2019 19:00,0.0,0.0
12/29/2019 20:00,0.0,0.0
12/29/2019 21:00,0.0,0.0
12/29/2019 22:00,0.0,0.0
12/29/2019 23:00,0.0,0.0
12/30/2019 0:00,0.0,0.0
12/30/2019 1:00,0.0,0.0
12/30/2019 2:00,0.0,0.0
12/30/2019 3:00,0.0,0.0
12/30/2019 4:00,0.0,0.0
12/30/2019 5:00,0.0,0.0
12/30/2019 6:00,0.0,0.0
12/30/2019 7:00,0.0,0.0
12/30/2019 8:00,0.0,0.0
12/30/2019 9:00,1.5,0.06
12/30/2019 10:00,5.75,0.24
12/30/2019 11:00,10.0,0.43
12/30/2019 12:00,12.75,0.54
12/30/2019 13:00,13.5,0.57
12/30/2019 14:00,13.0,0.55
12/30/2019 15:00,11.25,0.48
12/30/2019 16:00,7.75,0.33
12/30/2019 17:00,0.75,0.03
12/30/2019 18:00,0.25,0.01
12/30/2019 19:00,0.0,0.0
12/30/2019 20:00,0.0,0.0
12/30/2019 21:00,0.0,0.0
12/30/2019 22:00,0.0,0.0
12/30/2019 23:00,0.0,0.0
12/31/2019 0:00,0.0,0.0
12/31/2019 1:00,0.0,0.0
12/31/2019 2:00,0.0,0.0
12/31/2019 3:00,0.0,0.0
12/31/2019 4:00,0.0,0.0
12/31/2019 5:00,0.0,0.0
12/31/2019 6:00,0.0,0.0
12/31/2019 7:00,0.0,0.0
12/31/2019 8:00,0.0,0.0
12/31/2019 9:00,0.25,0.01
12/31/2019 10:00,1.25,0.05
12/31/2019 11:00,2.5,0.11
12/31/2019 12:00,3.25,0.14
12/31/2019 13:00,3.75,0.16
12/31/2019 14:00,5.0,0.21
12/31/2019 15:00,10.25,0.44
12/31/2019 16:00,7.25,0.31
12/31/2019 17:00,1.0,0.04
12/31/2019 18:00,0.25,0.01
12/31/2019 19:00,0.0,0.0
12/31/2019 20:00,0.0,0.0
12/31/2019 21:00,0.0,0.0
12/31/2019 22:00,0.0,0.0
12/31/2019 23:00,0.0,0.0
1/1/2020 0:00,0.0,0.0
1/1/2020 1:00,0.0,0.0
1/1/2020 2:00,0.0,0.0
1/1/2020 3:00,0.0,0.0
1/1/2020 4:00,0.0,0.0
1/1/2020 5:00,0.0,0.0
1/1/2020 6:00,0.0,0.0
1/1/2020 7:00,0.0,0.0
1/1/2020 8:00,0.0,0.0
1/1/2020 9:00,0.5,0.02
1/1/2020 10:00,1.75,0.07
1/1/2020 11:00,4.25,0.18
1/1/2020 12:00,8.0,0.34
1/1/2020 13:00,13.0,0.55
1/1/2020 14:00,11.75,0.5
1/1/2020 15:00,10.25,0.44
1/1/2020 16:00,6.0,0.26
1/1/2020 17:00,1.0,0.04
1/1/2020 18:00,0.25,0.01
1/1/2020 19:00,0.0,0.0
1/1/2020 20:00,0.0,0.0
1/1/2020 21:00,0.0,0.0
1/1/2020 22:00,0.0,0.0
1/1/2020 23:00,0.0,0.0
1/2/2020 0:00,0.0,0.0
1/2/2020 1:00,0.0,0.0
1/2/2020 2:00,0.0,0.0
1/2/2020 3:00,0.0,0.0
1/2/2020 4:00,0.0,0.0
1/2/2020 5:00,0.0,0.0
1/2/2020 6:00,0.0,0.0
1/2/2020 7:00,0.0,0.0
1/2/2020 8:00,0.0,0.0
1/2/2020 9:00,0.25,0.01
1/2/2020 10:00,1.25,0.05
1/2/2020 11:00,2.25,0.1
1/2/2020 12:00,3.5,0.15
1/2/2020 13:00,4.25,0.18
1/2/2020 14:00,3.75,0.16
1/2/2020 15:00,3.75,0.16
1/2/2020 16:00,1.5,0.06
1/2/2020 17:00,0.25,0.01
1/2/2020 18:00,0.0,0.0
1/2/2020 19:00,0.0,0.0
1/2/2020 20:00,0.0,0.0
1/2/2020 21:00,0.0,0.0
1/2/2020 22:00,0.0,0.0
1/2/2020 23:00,0.0,0.0
1/3/2020 0:00,0.0,0.0
1/3/2020 1:00,0.0,0.0
1/3/2020 2:00,0.0,0.0
1/3/2020 3:00,0.0,0.0
1/3/2020 4:00,0.0,0.0
1/3/2020 5:00,0.0,0.0
1/3/2020 6:00,0.0,0.0
1/3/2020 7:00,0.0,0.0
1/3/2020 8:00,0.0,0.0
1/3/2020 9:00,1.0,0.04
1/3/2020 10:00,4.75,0.2
1/3/2020 11:00,7.75,0.33
1/3/2020 12:00,10.0,0.43
1/3/2020 13:00,10.25,0.44
1/3/2020 14:00,12.0,0.51
1/3/2020 15:00,9.25,0.39
1/3/2020 16:00,2.5,0.11
1/3/2020 17:00,0.5,0.02
1/3/2020 18:00,0.0,0.0
1/3/2020 19:00,0.0,0.0
1/3/2020 20:00,0.0,0.0
1/3/2020 21:00,0.0,0.0
1/3/2020 22:00,0.0,0.0
1/3/2020 23:00,0.0,0.0
1/4/2020 0:00,0.0,0.0
1/4/2020 1:00,0.0,0.0
1/4/2020 2:00,0.0,0.0
1/4/2020 3:00,0.0,0.0
1/4/2020 4:00,0.0,0.0
1/4/2020 5:00,0.0,0.0
1/4/2020 6:00,0.0,0.0
1/4/2020 7:00,0.0,0.0
1/4/2020 8:00,0.0,0.0
1/4/2020 9:00,0.75,0.03
1/4/2020 10:00,4.0,0.17
1/4/2020 11:00,10.0,0.43
1/4/2020 12:00,12.5,0.53
1/4/2020 13:00,13.5,0.57
1/4/2020 14:00,13.0,0.55
1/4/2020 15:00,11.25,0.48
1/4/2020 16:00,8.0,0.34
1/4/2020 17:00,1.0,0.04
1/4/2020 18:00,0.25,0.01
1/4/2020 19:00,0.0,0.0
1/4/2020 20:00,0.0,0.0
1/4/2020 21:00,0.0,0.0
1/4/2020 22:00,0.0,0.0
1/4/2020 23:00,0.0,0.0
1/5/2020 0:00,0.0,0.0
1/5/2020 1:00,0.0,0.0
1/5/2020 2:00,0.0,0.0
1/5/2020 3:00,0.0,0.0
1/5/2020 4:00,0.0,0.0
1/5/2020 5:00,0.0,0.0
1/5/2020 6:00,0.0,0.0
1/5/2020 7:00,0.0,0.0
1/5/2020 8:00,0.0,0.0
1/5/2020 9:00,1.25,0.05
1/5/2020 10:00,5.75,0.24
1/5/2020 11:00,10.0,0.43
1/5/2020 12:00,12.5,0.53
1/5/2020 13:00,13.5,0.57
1/5/2020 14:00,13.0,0.55
1/5/2020 15:00,11.0,0.47
1/5/2020 16:00,7.75,0.33
1/5/2020 17:00,1.25,0.05
1/5/2020 18:00,0.25,0.01
1/5/2020 19:00,0.0,0.0
1/5/2020 20:00,0.0,0.0
1/5/2020 21:00,0.0,0.0
1/5/2020 22:00,0.0,0.0
1/5/2020 23:00,0.0,0.0
1/6/2020 0:00,0.0,0.0
1/6/2020 1:00,0.0,0.0
1/6/2020 2:00,0.0,0.0
1/6/2020 3:00,0.0,0.0
1/6/2020 4:00,0.0,0.0
1/6/2020 5:00,0.0,0.0
1/6/2020 6:00,0.0,0.0
1/6/2020 7:00,0.0,0.0
1/6/2020 8:00,0.0,0.0
1/6/2020 9:00,1.25,0.05
1/6/2020 10:00,5.5,0.23
1/6/2020 11:00,10.0,0.43
1/6/2020 12:00,12.75,0.54
1/6/2020 13:00,13.0,0.55
1/6/2020 14:00,11.25,0.48
1/6/2020 15:00,8.75,0.37
1/6/2020 16:00,7.25,0.31
1/6/2020 17:00,1.25,0.05
1/6/2020 18:00,0.25,0.01
1/6/2020 19:00,0.0,0.0
1/6/2020 20:00,0.0,0.0
1/6/2020 21:00,0.0,0.0
1/6/2020 22:00,0.0,0.0
1/6/2020 23:00,0.0,0.0
1/7/2020 0:00,0.0,0.0
1/7/2020 1:00,0.0,0.0
1/7/2020 2:00,0.0,0.0
1/7/2020 3:00,0.0,0.0
1/7/2020 4:00,0.0,0.0
1/7/2020 5:00,0.0,0.0
1/7/2020 6:00,0.0,0.0
1/7/2020 7:00,0.0,0.0
1/7/2020 8:00,0.0,0.0
1/7/2020 9:00,1.5,0.06
1/7/2020 10:00,5.0,0.21
1/7/2020 11:00,7.75,0.33
1/7/2020 12:00,11.0,0.47
1/7/2020 13:00,13.0,0.55
1/7/2020 14:00,13.5,0.57
1/7/2020 15:00,11.5,0.49
1/7/2020 16:00,8.25,0.35
1/7/2020 17:00,1.5,0.06
1/7/2020 18:00,0.25,0.01
1/7/2020 19:00,0.0,0.0
1/7/2020 20:00,0.0,0.0
1/7/2020 21:00,0.0,0.0
1/7/2020 22:00,0.0,0.0
1/7/2020 23:00,0.0,0.0
1/8/2020 0:00,0.0,0.0
1/8/2020 1:00,0.0,0.0
1/8/2020 2:00,0.0,0.0
1/8/2020 3:00,0.0,0.0
1/8/2020 4:00,0.0,0.0
1/8/2020 5:00,0.0,0.0
1/8/2020 6:00,0.0,0.0
1/8/2020 7:00,0.0,0.0
1/8/2020 8:00,0.0,0.0
1/8/2020 9:00,1.25,0.05
1/8/2020 10:00,6.0,0.26
1/8/2020 11:00,10.25,0.44
1/8/2020 12:00,12.5,0.53
1/8/2020 13:00,13.25,0.56
1/8/2020 14:00,13.0,0.55
1/8/2020 15:00,11.5,0.49
1/8/2020 16:00,8.25,0.35
1/8/2020 17:00,1.5,0.06
1/8/2020 18:00,0.0,0.0
1/8/2020 19:00,0.0,0.0
1/8/2020 20:00,0.0,0.0
1/8/2020 21:00,0.0,0.0
1/8/2020 22:00,0.0,0.0
1/8/2020 23:00,0.0,0.0
1/9/2020 0:00,0.0,0.0
1/9/2020 1:00,0.0,0.0
1/9/2020 2:00,0.0,0.0
1/9/2020 3:00,0.0,0.0
1/9/2020 4:00,0.0,0.0
1/9/2020 5:00,0.0,0.0
1/9/2020 6:00,0.0,0.0
1/9/2020 7:00,0.0,0.0
1/9/2020 8:00,0.0,0.0
1/9/2020 9:00,0.75,0.03
1/9/2020 10:00,1.25,0.05
1/9/2020 11:00,2.0,0.09
1/9/2020 12:00,5.0,0.21
1/9/2020 13:00,4.25,0.18
1/9/2020 14:00,4.25,0.18
1/9/2020 15:00,5.5,0.23
1/9/2020 16:00,1.75,0.07
1/9/2020 17:00,1.0,0.04
1/9/2020 18:00,0.25,0.01
1/9/2020 19:00,0.0,0.0
1/9/2020 20:00,0.0,0.0
1/9/2020 21:00,0.0,0.0
1/9/2020 22:00,0.0,0.0
1/9/2020 23:00,0.0,0.0
1/10/2020 0:00,0.0,0.0
1/10/2020 1:00,0.0,0.0
1/10/2020 2:00,0.0,0.0
1/10/2020 3:00,0.0,0.0
1/10/2020 4:00,0.0,0.0
1/10/2020 5:00,0.0,0.0
1/10/2020 6:00,0.0,0.0
1/10/2020 7:00,0.0,0.0
1/10/2020 8:00,0.0,0.0
1/10/2020 9:00,1.0,0.04
1/10/2020 10:00,5.5,0.23
1/10/2020 11:00,10.25,0.44
1/10/2020 12:00,13.0,0.55
1/10/2020 13:00,14.0,0.6
1/10/2020 14:00,13.5,0.57
1/10/2020 15:00,11.75,0.5
1/10/2020 16:00,8.25,0.35
1/10/2020 17:00,1.75,0.07
1/10/2020 18:00,0.25,0.01
1/10/2020 19:00,0.0,0.0
1/10/2020 20:00,0.0,0.0
1/10/2020 21:00,0.0,0.0
1/10/2020 22:00,0.0,0.0
1/10/2020 23:00,0.0,0.0
1/11/2020 0:00,0.0,0.0
1/11/2020 1:00,0.0,0.0
1/11/2020 2:00,0.0,0.0
1/11/2020 3:00,0.0,0.0
1/11/2020 4:00,0.0,0.0
1/11/2020 5:00,0.0,0.0
1/11/2020 6:00,0.0,0.0
1/11/2020 7:00,0.0,0.0
1/11/2020 8:00,0.0,0.0
1/11/2020 9:00,1.5,0.06
1/11/2020 10:00,6.0,0.26
1/11/2020 11:00,10.75,0.46
1/11/2020 12:00,13.0,0.55
1/11/2020 13:00,14.0,0.6
1/11/2020 14:00,13.5,0.57
1/11/2020 15:00,12.0,0.51
1/11/2020 16:00,8.75,0.37
1/11/2020 17:00,1.75,0.07
1/11/2020 18:00,0.25,0.01
1/11/2020 19:00,0.0,0.0
1/11/2020 20:00,0.0,0.0
1/11/2020 21:00,0.0,0.0
1/11/2020 22:00,0.0,0.0
1/11/2020 23:00,0.0,0.0
1/12/2020 0:00,0.0,0.0
1/12/2020 1:00,0.0,0.0
1/12/2020 2:00,0.0,0.0
1/12/2020 3:00,0.0,0.0
1/12/2020 4:00,0.0,0.0
1/12/2020 5:00,0.0,0.0
1/12/2020 6:00,0.0,0.0
1/12/2020 7:00,0.0,0.0
1/12/2020 8:00,0.0,0.0
1/12/2020 9:00,1.5,0.06
1/12/2020 10:00,6.0,0.26
1/12/2020 11:00,10.75,0.46
1/12/2020 12:00,13.0,0.55
1/12/2020 13:00,14.0,0.6
1/12/2020 14:00,13.5,0.57
1/12/2020 15:00,11.75,0.5
1/12/2020 16:00,8.75,0.37
1/12/2020 17:00,2.0,0.09
1/12/2020 18:00,0.0,0.0
1/12/2020 19:00,0.0,0.0
1/12/2020 20:00,0.0,0.0
1/12/2020 21:00,0.0,0.0
1/12/2020 22:00,0.0,0.0
1/12/2020 23:00,0.0,0.0
1/13/2020 0:00,0.0,0.0
1/13/2020 1:00,0.0,0.0
1/13/2020 2:00,0.0,0.0
1/13/2020 3:00,0.0,0.0
1/13/2020 4:00,0.0,0.0
1/13/2020 5:00,0.0,0.0
1/13/2020 6:00,0.0,0.0
1/13/2020 7:00,0.0,0.0
1/13/2020 8:00,0.0,0.0
1/13/2020 9:00,0.75,0.03
1/13/2020 10:00,2.25,0.1
1/13/2020 11:00,4.25,0.18
1/13/2020 12:00,6.5,0.28
1/13/2020 13:00,8.75,0.37
1/13/2020 14:00,13.25,0.56
1/13/2020 15:00,10.0,0.43
1/13/2020 16:00,6.5,0.28
1/13/2020 17:00,1.75,0.07
1/13/2020 18:00,0.0,0.0
1/13/2020 19:00,0.0,0.0
1/13/2020 20:00,0.0,0.0
1/13/2020 21:00,0.0,0.0
1/13/2020 22:00,0.0,0.0
1/13/2020 23:00,0.0,0.0
1/14/2020 0:00,0.0,0.0
1/14/2020 1:00,0.0,0.0
1/14/2020 2:00,0.0,0.0
1/14/2020 3:00,0.0,0.0
1/14/2020 4:00,0.0,0.0
1/14/2020 5:00,0.0,0.0
1/14/2020 6:00,0.0,0.0
1/14/2020 7:00,0.0,0.0
1/14/2020 8:00,0.0,0.0
1/14/2020 9:00,1.25,0.05
1/14/2020 10:00,1.25,0.05
1/14/2020 11:00,2.0,0.09
1/14/2020 12:00,4.0,0.17
1/14/2020 13:00,2.75,0.12
1/14/2020 14:00,2.75,0.12
1/14/2020 15:00,2.5,0.11
1/14/2020 16:00,2.5,0.11
1/14/2020 17:00,0.75,0.03
1/14/2020 18:00,0.0,0.0
1/14/2020 19:00,0.0,0.0
1/14/2020 20:00,0.0,0.0
1/14/2020 21:00,0.0,0.0
1/14/2020 22:00,0.0,0.0
1/14/2020 23:00,0.0,0.0
1/15/2020 0:00,0.0,0.0
1/15/2020 1:00,0.0,0.0
1/15/2020 2:00,0.0,0.0
1/15/2020 3:00,0.0,0.0
1/15/2020 4:00,0.0,0.0
1/15/2020 5:00,0.0,0.0
1/15/2020 6:00,0.0,0.0
1/15/2020 7:00,0.0,0.0
1/15/2020 8:00,0.0,0.0
1/15/2020 9:00,0.25,0.01
1/15/2020 10:00,1.75,0.07
1/15/2020 11:00,1.75,0.07
1/15/2020 12:00,3.0,0.13
1/15/2020 13:00,4.75,0.2
1/15/2020 14:00,5.0,0.21
1/15/2020 15:00,3.5,0.15
1/15/2020 16:00,4.25,0.18
1/15/2020 17:00,1.25,0.05
1/15/2020 18:00,0.0,0.0
1/15/2020 19:00,0.0,0.0
1/15/2020 20:00,0.0,0.0
1/15/2020 21:00,0.0,0.0
1/15/2020 22:00,0.0,0.0
1/15/2020 23:00,0.0,0.0
1/16/2020 0:00,0.0,0.0
1/16/2020 1:00,0.0,0.0
1/16/2020 2:00,0.0,0.0
1/16/2020 3:00,0.0,0.0
1/16/2020 4:00,0.0,0.0
1/16/2020 5:00,0.0,0.0
1/16/2020 6:00,0.0,0.0
1/16/2020 7:00,0.0,0.0
1/16/2020 8:00,0.0,0.0
1/16/2020 9:00,1.5,0.06
1/16/2020 10:00,3.25,0.14
1/16/2020 11:00,6.0,0.26
1/16/2020 12:00,4.25,0.18
1/16/2020 13:00,5.25,0.22
1/16/2020 14:00,6.75,0.29
1/16/2020 15:00,3.0,0.13
1/16/2020 16:00,0.75,0.03
1/16/2020 17:00,0.25,0.01
1/16/2020 18:00,0.0,0.0
1/16/2020 19:00,0.0,0.0
1/16/2020 20:00,0.0,0.0
1/16/2020 21:00,0.0,0.0
1/16/2020 22:00,0.0,0.0
1/16/2020 23:00,0.0,0.0
1/17/2020 0:00,0.0,0.0
1/17/2020 1:00,0.0,0.0
1/17/2020 2:00,0.0,0.0
1/17/2020 3:00,0.0,0.0
1/17/2020 4:00,0.0,0.0
1/17/2020 5:00,0.0,0.0
1/17/2020 6:00,0.0,0.0
1/17/2020 7:00,0.0,0.0
1/17/2020 8:00,0.0,0.0
1/17/2020 9:00,1.0,0.04
1/17/2020 10:00,2.75,0.12
1/17/2020 11:00,5.75,0.24
1/17/2020 12:00,12.25,0.52
1/17/2020 13:00,10.5,0.45
1/17/2020 14:00,12.5,0.53
1/17/2020 15:00,10.5,0.45
1/17/2020 16:00,7.75,0.33
1/17/2020 17:00,1.75,0.07
1/17/2020 18:00,0.0,0.0
1/17/2020 19:00,0.0,0.0
1/17/2020 20:00,0.0,0.0
1/17/2020 21:00,0.0,0.0
1/17/2020 22:00,0.0,0.0
1/17/2020 23:00,0.0,0.0
1/18/2020 0:00,0.0,0.0
1/18/2020 1:00,0.0,0.0
1/18/2020 2:00,0.0,0.0
1/18/2020 3:00,0.0,0.0
1/18/2020 4:00,0.0,0.0
1/18/2020 5:00,0.0,0.0
1/18/2020 6:00,0.0,0.0
1/18/2020 7:00,0.0,0.0
1/18/2020 8:00,0.0,0.0
1/18/2020 9:00,0.5,0.02
1/18/2020 10:00,3.25,0.14
1/18/2020 11:00,9.0,0.38
1/18/2020 12:00,8.5,0.36
1/18/2020 13:00,14.25,0.61
1/18/2020 14:00,9.5,0.4
1/18/2020 15:00,10.5,0.45
1/18/2020 16:00,5.75,0.24
1/18/2020 17:00,3.0,0.13
1/18/2020 18:00,0.25,0.01
1/18/2020 19:00,0.0,0.0
1/18/2020 20:00,0.0,0.0
1/18/2020 21:00,0.0,0.0
1/18/2020 22:00,0.0,0.0
1/18/2020 23:00,0.0,0.0
1/19/2020 0:00,0.0,0.0
1/19/2020 1:00,0.0,0.0
1/19/2020 2:00,0.0,0.0
1/19/2020 3:00,0.0,0.0
1/19/2020 4:00,0.0,0.0
1/19/2020 5:00,0.0,0.0
1/19/2020 6:00,0.0,0.0
1/19/2020 7:00,0.0,0.0
1/19/2020 8:00,0.0,0.0
1/19/2020 9:00,1.5,0.06
1/19/2020 10:00,6.5,0.28
1/19/2020 11:00,10.75,0.46
1/19/2020 12:00,13.5,0.57
1/19/2020 13:00,14.25,0.61
1/19/2020 14:00,14.25,0.61
1/19/2020 15:00,12.5,0.53
1/19/2020 16:00,10.0,0.43
1/19/2020 17:00,2.75,0.12
1/19/2020 18:00,0.25,0.01
1/19/2020 19:00,0.0,0.0
1/19/2020 20:00,0.0,0.0
1/19/2020 21:00,0.0,0.0
1/19/2020 22:00,0.0,0.0
1/19/2020 23:00,0.0,0.0
1/20/2020 0:00,0.0,0.0
1/20/2020 1:00,0.0,0.0
1/20/2020 2:00,0.0,0.0
1/20/2020 3:00,0.0,0.0
1/20/2020 4:00,0.0,0.0
1/20/2020 5:00,0.0,0.0
1/20/2020 6:00,0.0,0.0
1/20/2020 7:00,0.0,0.0
1/20/2020 8:00,0.0,0.0
1/20/2020 9:00,0.5,0.02
1/20/2020 10:00,3.5,0.15
1/20/2020 11:00,9.0,0.38
1/20/2020 12:00,11.0,0.47
1/20/2020 13:00,14.75,0.63
1/20/2020 14:00,14.5,0.62
1/20/2020 15:00,12.75,0.54
1/20/2020 16:00,9.75,0.41
1/20/2020 17:00,3.0,0.13
1/20/2020 18:00,0.25,0.01
1/20/2020 19:00,0.0,0.0
1/20/2020 20:00,0.0,0.0
1/20/2020 21:00,0.0,0.0
1/20/2020 22:00,0.0,0.0
1/20/2020 23:00,0.0,0.0
1/21/2020 0:00,0.0,0.0
1/21/2020 1:00,0.0,0.0
1/21/2020 2:00,0.0,0.0
1/21/2020 3:00,0.0,0.0
1/21/2020 4:00,0.0,0.0
1/21/2020 5:00,0.0,0.0
1/21/2020 6:00,0.0,0.0
1/21/2020 7:00,0.0,0.0
1/21/2020 8:00,0.0,0.0
1/21/2020 9:00,1.75,0.07
1/21/2020 10:00,6.5,0.28
1/21/2020 11:00,10.75,0.46
1/21/2020 12:00,13.5,0.57
1/21/2020 13:00,14.5,0.62
1/21/2020 14:00,14.0,0.6
1/21/2020 15:00,12.5,0.53
1/21/2020 16:00,9.75,0.41
1/21/2020 17:00,3.5,0.15
1/21/2020 18:00,0.25,0.01
1/21/2020 19:00,0.0,0.0
1/21/2020 20:00,0.0,0.0
1/21/2020 21:00,0.0,0.0
1/21/2020 22:00,0.0,0.0
1/21/2020 23:00,0.0,0.0
1/22/2020 0:00,0.0,0.0
1/22/2020 1:00,0.0,0.0
1/22/2020 2:00,0.0,0.0
1/22/2020 3:00,0.0,0.0
1/22/2020 4:00,0.0,0.0
1/22/2020 5:00,0.0,0.0
1/22/2020 6:00,0.0,0.0
1/22/2020 7:00,0.0,0.0
1/22/2020 8:00,0.0,0.0
1/22/2020 9:00,1.75,0.07
1/22/2020 10:00,5.25,0.22
1/22/2020 11:00,7.0,0.3
1/22/2020 12:00,5.75,0.24
1/22/2020 13:00,5.5,0.23
1/22/2020 14:00,4.0,0.17
1/22/2020 15:00,2.5,0.11
1/22/2020 16:00,2.25,0.1
1/22/2020 17:00,0.5,0.02
1/22/2020 18:00,0.25,0.01
1/22/2020 19:00,0.0,0.0
1/22/2020 20:00,0.0,0.0
1/22/2020 21:00,0.0,0.0
1/22/2020 22:00,0.0,0.0
1/22/2020 23:00,0.0,0.0
1/23/2020 0:00,0.0,0.0
1/23/2020 1:00,0.0,0.0
1/23/2020 2:00,0.0,0.0
1/23/2020 3:00,0.0,0.0
1/23/2020 4:00,0.0,0.0
1/23/2020 5:00,0.0,0.0
1/23/2020 6:00,0.0,0.0
1/23/2020 7:00,0.0,0.0
1/23/2020 8:00,0.0,0.0
1/23/2020 9:00,0.25,0.01
1/23/2020 10:00,0.75,0.03
1/23/2020 11:00,1.75,0.07
1/23/2020 12:00,4.75,0.2
1/23/2020 13:00,6.25,0.27
1/23/2020 14:00,3.75,0.16
1/23/2020 15:00,10.25,0.44
1/23/2020 16:00,8.0,0.34
1/23/2020 17:00,1.75,0.07
1/23/2020 18:00,0.25,0.01
1/23/2020 19:00,0.0,0.0
1/23/2020 20:00,0.0,0.0
1/23/2020 21:00,0.0,0.0
1/23/2020 22:00,0.0,0.0
1/23/2020 23:00,0.0,0.0
1/24/2020 0:00,0.0,0.0
1/24/2020 1:00,0.0,0.0
1/24/2020 2:00,0.0,0.0
1/24/2020 3:00,0.0,0.0
1/24/2020 4:00,0.0,0.0
1/24/2020 5:00,0.0,0.0
1/24/2020 6:00,0.0,0.0
1/24/2020 7:00,0.0,0.0
1/24/2020 8:00,0.0,0.0
1/24/2020 9:00,0.25,0.01
1/24/2020 10:00,1.5,0.06
1/24/2020 11:00,1.75,0.07
1/24/2020 12:00,2.25,0.1
1/24/2020 13:00,3.25,0.14
1/24/2020 14:00,2.75,0.12
1/24/2020 15:00,2.0,0.09
1/24/2020 16:00,1.75,0.07
1/24/2020 17:00,1.0,0.04
1/24/2020 18:00,0.25,0.01
1/24/2020 19:00,0.0,0.0
1/24/2020 20:00,0.0,0.0
1/24/2020 21:00,0.0,0.0
1/24/2020 22:00,0.0,0.0
1/24/2020 23:00,0.0,0.0
1/25/2020 0:00,0.0,0.0
1/25/2020 1:00,0.0,0.0
1/25/2020 2:00,0.0,0.0
1/25/2020 3:00,0.0,0.0
1/25/2020 4:00,0.0,0.0
1/25/2020 5:00,0.0,0.0
1/25/2020 6:00,0.0,0.0
1/25/2020 7:00,0.0,0.0
1/25/2020 8:00,0.0,0.0
1/25/2020 9:00,0.25,0.01
1/25/2020 10:00,1.25,0.05
1/25/2020 11:00,3.75,0.16
1/25/2020 12:00,7.75,0.33
1/25/2020 13:00,13.0,0.55
1/25/2020 14:00,11.5,0.49
1/25/2020 15:00,6.5,0.28
1/25/2020 16:00,4.5,0.19
1/25/2020 17:00,3.0,0.13
1/25/2020 18:00,0.25,0.01
1/25/2020 19:00,0.0,0.0
1/25/2020 20:00,0.0,0.0
1/25/2020 21:00,0.0,0.0
1/25/2020 22:00,0.0,0.0
1/25/2020 23:00,0.0,0.0
1/26/2020 0:00,0.0,0.0
1/26/2020 1:00,0.0,0.0
1/26/2020 2:00,0.0,0.0
1/26/2020 3:00,0.0,0.0
1/26/2020 4:00,0.0,0.0
1/26/2020 5:00,0.0,0.0
1/26/2020 6:00,0.0,0.0
1/26/2020 7:00,0.0,0.0
1/26/2020 8:00,0.25,0.01
1/26/2020 9:00,1.0,0.04
1/26/2020 10:00,3.0,0.13
1/26/2020 11:00,7.75,0.33
1/26/2020 12:00,12.25,0.52
1/26/2020 13:00,14.0,0.6
1/26/2020 14:00,15.0,0.64
1/26/2020 15:00,9.0,0.38
1/26/2020 16:00,7.25,0.31
1/26/2020 17:00,2.25,0.1
1/26/2020 18:00,0.25,0.01
1/26/2020 19:00,0.0,0.0
1/26/2020 20:00,0.0,0.0
1/26/2020 21:00,0.0,0.0
1/26/2020 22:00,0.0,0.0
1/26/2020 23:00,0.0,0.0
1/27/2020 0:00,0.0,0.0
1/27/2020 1:00,0.0,0.0
1/27/2020 2:00,0.0,0.0
1/27/2020 3:00,0.0,0.0
1/27/2020 4:00,0.0,0.0
1/27/2020 5:00,0.0,0.0
1/27/2020 6:00,0.0,0.0
1/27/2020 7:00,0.0,0.0
1/27/2020 8:00,0.0,0.0
1/27/2020 9:00,0.5,0.02
1/27/2020 10:00,2.25,0.1
1/27/2020 11:00,3.0,0.13
1/27/2020 12:00,5.0,0.21
1/27/2020 13:00,6.25,0.27
1/27/2020 14:00,4.5,0.19
1/27/2020 15:00,3.0,0.13
1/27/2020 16:00,1.5,0.06
1/27/2020 17:00,0.75,0.03
1/27/2020 18:00,0.0,0.0
1/27/2020 19:00,0.0,0.0
1/27/2020 20:00,0.0,0.0
1/27/2020 21:00,0.0,0.0
1/27/2020 22:00,0.0,0.0
1/27/2020 23:00,0.0,0.0
1/28/2020 0:00,0.0,0.0
1/28/2020 1:00,0.0,0.0
1/28/2020 2:00,0.0,0.0
1/28/2020 3:00,0.0,0.0
1/28/2020 4:00,0.0,0.0
1/28/2020 5:00,0.0,0.0
1/28/2020 6:00,0.0,0.0
1/28/2020 7:00,0.0,0.0
1/28/2020 8:00,0.0,0.0
1/28/2020 9:00,0.75,0.03
1/28/2020 10:00,3.0,0.13
1/28/2020 11:00,4.5,0.19
1/28/2020 12:00,6.25,0.27
1/28/2020 13:00,4.25,0.18
1/28/2020 14:00,5.75,0.24
1/28/2020 15:00,7.25,0.31
1/28/2020 16:00,7.5,0.32
1/28/2020 17:00,2.25,0.1
1/28/2020 18:00,0.5,0.02
1/28/2020 19:00,0.0,0.0
1/28/2020 20:00,0.0,0.0
1/28/2020 21:00,0.0,0.0
1/28/2020 22:00,0.0,0.0
1/28/2020 23:00,0.0,0.0
1/29/2020 0:00,0.0,0.0
1/29/2020 1:00,0.0,0.0
1/29/2020 2:00,0.0,0.0
1/29/2020 3:00,0.0,0.0
1/29/2020 4:00,0.0,0.0
1/29/2020 5:00,0.0,0.0
1/29/2020 6:00,0.0,0.0
1/29/2020 7:00,0.0,0.0
1/29/2020 8:00,0.0,0.0
1/29/2020 9:00,1.0,0.04
1/29/2020 10:00,2.5,0.11
1/29/2020 11:00,3.25,0.14
1/29/2020 12:00,3.75,0.16
1/29/2020 13:00,4.0,0.17
1/29/2020 14:00,5.25,0.22
1/29/2020 15:00,5.25,0.22
1/29/2020 16:00,4.75,0.2
1/29/2020 17:00,2.0,0.09
1/29/2020 18:00,0.5,0.02
1/29/2020 19:00,0.0,0.0
1/29/2020 20:00,0.0,0.0
1/29/2020 21:00,0.0,0.0
1/29/2020 22:00,0.0,0.0
1/29/2020 23:00,0.0,0.0
1/30/2020 0:00,0.0,0.0
1/30/2020 1:00,0.0,0.0
1/30/2020 2:00,0.0,0.0
1/30/2020 3:00,0.0,0.0
1/30/2020 4:00,0.0,0.0
1/30/2020 5:00,0.0,0.0
1/30/2020 6:00,0.0,0.0
1/30/2020 7:00,0.0,0.0
1/30/2020 8:00,0.0,0.0
1/30/2020 9:00,0.25,0.01
1/30/2020 10:00,0.5,0.02
1/30/2020 11:00,2.75,0.12
1/30/2020 12:00,4.0,0.17
1/30/2020 13:00,5.0,0.21
1/30/2020 14:00,4.5,0.19
1/30/2020 15:00,3.5,0.15
1/30/2020 16:00,2.75,0.12
1/30/2020 17:00,1.0,0.04
1/30/2020 18:00,0.0,0.0
1/30/2020 19:00,0.0,0.0
1/30/2020 20:00,0.0,0.0
1/30/2020 21:00,0.0,0.0
1/30/2020 22:00,0.0,0.0
1/30/2020 23:00,0.0,0.0
1/31/2020 0:00,0.0,0.0
1/31/2020 1:00,0.0,0.0
1/31/2020 2:00,0.0,0.0
1/31/2020 3:00,0.0,0.0
1/31/2020 4:00,0.0,0.0
1/31/2020 5:00,0.0,0.0
1/31/2020 6:00,0.0,0.0
1/31/2020 7:00,0.0,0.0
1/31/2020 8:00,0.0,0.0
1/31/2020 9:00,0.5,0.02
1/31/2020 10:00,1.25,0.05
1/31/2020 11:00,3.25,0.14
1/31/2020 12:00,4.25,0.18
1/31/2020 13:00,3.25,0.14
1/31/2020 14:00,2.0,0.09
1/31/2020 15:00,2.0,0.09
1/31/2020 16:00,2.5,0.11
1/31/2020 17:00,0.5,0.02
1/31/2020 18:00,0.25,0.01
1/31/2020 19:00,0.0,0.0
1/31/2020 20:00,0.0,0.0
1/31/2020 21:00,0.0,0.0
1/31/2020 22:00,0.0,0.0
1/31/2020 23:00,0.0,0.0
2/1/2020 0:00,0.0,0.0
2/1/2020 1:00,0.0,0.0
2/1/2020 2:00,0.0,0.0
2/1/2020 3:00,0.0,0.0
2/1/2020 4:00,0.0,0.0
2/1/2020 5:00,0.0,0.0
2/1/2020 6:00,0.0,0.0
2/1/2020 7:00,0.0,0.0
2/1/2020 8:00,0.0,0.0
2/1/2020 9:00,0.25,0.01
2/1/2020 10:00,1.25,0.05
2/1/2020 11:00,3.25,0.14
2/1/2020 12:00,4.5,0.19
2/1/2020 13:00,3.25,0.14
2/1/2020 14:00,4.25,0.18
2/1/2020 15:00,4.0,0.17
2/1/2020 16:00,3.5,0.15
2/1/2020 17:00,1.5,0.06
2/1/2020 18:00,0.5,0.02
2/1/2020 19:00,0.0,0.0
2/1/2020 20:00,0.0,0.0
2/1/2020 21:00,0.0,0.0
2/1/2020 22:00,0.0,0.0
2/1/2020 23:00,0.0,0.0
2/2/2020 0:00,0.0,0.0
2/2/2020 1:00,0.0,0.0
2/2/2020 2:00,0.0,0.0
2/2/2020 3:00,0.0,0.0
2/2/2020 4:00,0.0,0.0
2/2/2020 5:00,0.0,0.0
2/2/2020 6:00,0.0,0.0
2/2/2020 7:00,0.0,0.0
2/2/2020 8:00,0.25,0.01
2/2/2020 9:00,1.0,0.04
2/2/2020 10:00,4.0,0.17
2/2/2020 11:00,10.75,0.46
2/2/2020 12:00,13.0,0.55
2/2/2020 13:00,12.75,0.54
2/2/2020 14:00,14.0,0.6
2/2/2020 15:00,12.25,0.52
2/2/2020 16:00,10.0,0.43
2/2/2020 17:00,5.0,0.21
2/2/2020 18:00,0.5,0.02
2/2/2020 19:00,0.0,0.0
2/2/2020 20:00,0.0,0.0
2/2/2020 21:00,0.0,0.0
2/2/2020 22:00,0.0,0.0
2/2/2020 23:00,0.0,0.0
2/3/2020 0:00,0.0,0.0
2/3/2020 1:00,0.0,0.0
2/3/2020 2:00,0.0,0.0
2/3/2020 3:00,0.0,0.0
2/3/2020 4:00,0.0,0.0
2/3/2020 5:00,0.0,0.0
2/3/2020 6:00,0.0,0.0
2/3/2020 7:00,0.0,0.0
2/3/2020 8:00,0.25,0.01
2/3/2020 9:00,2.5,0.11
2/3/2020 10:00,7.5,0.32
2/3/2020 11:00,11.5,0.49
2/3/2020 12:00,13.75,0.58
2/3/2020 13:00,14.75,0.63
2/3/2020 14:00,14.25,0.61
2/3/2020 15:00,13.0,0.55
2/3/2020 16:00,10.0,0.43
2/3/2020 17:00,5.25,0.22
2/3/2020 18:00,0.5,0.02
2/3/2020 19:00,0.0,0.0
2/3/2020 20:00,0.0,0.0
2/3/2020 21:00,0.0,0.0
2/3/2020 22:00,0.0,0.0
2/3/2020 23:00,0.0,0.0
2/4/2020 0:00,0.0,0.0
2/4/2020 1:00,0.0,0.0
2/4/2020 2:00,0.0,0.0
2/4/2020 3:00,0.0,0.0
2/4/2020 4:00,0.0,0.0
2/4/2020 5:00,0.0,0.0
2/4/2020 6:00,0.0,0.0
2/4/2020 7:00,0.0,0.0
2/4/2020 8:00,0.25,0.01
2/4/2020 9:00,2.25,0.1
2/4/2020 10:00,7.25,0.31
2/4/2020 11:00,11.75,0.5
2/4/2020 12:00,14.0,0.6
2/4/2020 13:00,15.25,0.65
2/4/2020 14:00,14.75,0.63
2/4/2020 15:00,13.0,0.55
2/4/2020 16:00,10.25,0.44
2/4/2020 17:00,5.0,0.21
2/4/2020 18:00,0.5,0.02
2/4/2020 19:00,0.0,0.0
2/4/2020 20:00,0.0,0.0
2/4/2020 21:00,0.0,0.0
2/4/2020 22:00,0.0,0.0
2/4/2020 23:00,0.0,0.0
2/5/2020 0:00,0.0,0.0
2/5/2020 1:00,0.0,0.0
2/5/2020 2:00,0.0,0.0
2/5/2020 3:00,0.0,0.0
2/5/2020 4:00,0.0,0.0
2/5/2020 5:00,0.0,0.0
2/5/2020 6:00,0.0,0.0
2/5/2020 7:00,0.0,0.0
2/5/2020 8:00,0.25,0.01
2/5/2020 9:00,2.5,0.11
2/5/2020 10:00,7.25,0.31
2/5/2020 11:00,8.25,0.35
2/5/2020 12:00,10.25,0.44
2/5/2020 13:00,13.5,0.57
2/5/2020 14:00,14.25,0.61
2/5/2020 15:00,13.25,0.56
2/5/2020 16:00,10.75,0.46
2/5/2020 17:00,5.75,0.24
2/5/2020 18:00,0.5,0.02
2/5/2020 19:00,0.0,0.0
2/5/2020 20:00,0.0,0.0
2/5/2020 21:00,0.0,0.0
2/5/2020 22:00,0.0,0.0
2/5/2020 23:00,0.0,0.0
2/6/2020 0:00,0.0,0.0
2/6/2020 1:00,0.0,0.0
2/6/2020 2:00,0.0,0.0
2/6/2020 3:00,0.0,0.0
2/6/2020 4:00,0.0,0.0
2/6/2020 5:00,0.0,0.0
2/6/2020 6:00,0.0,0.0
2/6/2020 7:00,0.0,0.0
2/6/2020 8:00,0.25,0.01
2/6/2020 9:00,2.0,0.09
2/6/2020 10:00,6.75,0.29
2/6/2020 11:00,9.5,0.4
2/6/2020 12:00,11.25,0.48
2/6/2020 13:00,12.75,0.54
2/6/2020 14:00,11.25,0.48
2/6/2020 15:00,12.0,0.51
2/6/2020 16:00,8.5,0.36
2/6/2020 17:00,4.0,0.17
2/6/2020 18:00,0.5,0.02
2/6/2020 19:00,0.0,0.0
2/6/2020 20:00,0.0,0.0
2/6/2020 21:00,0.0,0.0
2/6/2020 22:00,0.0,0.0
2/6/2020 23:00,0.0,0.0
2/7/2020 0:00,0.0,0.0
2/7/2020 1:00,0.0,0.0
2/7/2020 2:00,0.0,0.0
2/7/2020 3:00,0.0,0.0
2/7/2020 4:00,0.0,0.0
2/7/2020 5:00,0.0,0.0
2/7/2020 6:00,0.0,0.0
2/7/2020 7:00,0.0,0.0
2/7/2020 8:00,0.25,0.01
2/7/2020 9:00,1.25,0.05
2/7/2020 10:00,5.0,0.21
2/7/2020 11:00,7.75,0.33
2/7/2020 12:00,8.0,0.34
2/7/2020 13:00,13.75,0.58
2/7/2020 14:00,10.25,0.44
2/7/2020 15:00,10.75,0.46
2/7/2020 16:00,7.5,0.32
2/7/2020 17:00,4.5,0.19
2/7/2020 18:00,0.75,0.03
2/7/2020 19:00,0.0,0.0
2/7/2020 20:00,0.0,0.0
2/7/2020 21:00,0.0,0.0
2/7/2020 22:00,0.0,0.0
2/7/2020 23:00,0.0,0.0
2/8/2020 0:00,0.0,0.0
2/8/2020 1:00,0.0,0.0
2/8/2020 2:00,0.0,0.0
2/8/2020 3:00,0.0,0.0
2/8/2020 4:00,0.0,0.0
2/8/2020 5:00,0.0,0.0
2/8/2020 6:00,0.0,0.0
2/8/2020 7:00,0.0,0.0
2/8/2020 8:00,0.0,0.0
2/8/2020 9:00,1.0,0.04
2/8/2020 10:00,4.0,0.17
2/8/2020 11:00,7.5,0.32
2/8/2020 12:00,4.25,0.18
2/8/2020 13:00,11.25,0.48
2/8/2020 14:00,8.75,0.37
2/8/2020 15:00,8.25,0.35
2/8/2020 16:00,5.75,0.24
2/8/2020 17:00,2.25,0.1
2/8/2020 18:00,0.25,0.01
2/8/2020 19:00,0.0,0.0
2/8/2020 20:00,0.0,0.0
2/8/2020 21:00,0.0,0.0
2/8/2020 22:00,0.0,0.0
2/8/2020 23:00,0.0,0.0
2/9/2020 0:00,0.0,0.0
2/9/2020 1:00,0.0,0.0
2/9/2020 2:00,0.0,0.0
2/9/2020 3:00,0.0,0.0
2/9/2020 4:00,0.0,0.0
2/9/2020 5:00,0.0,0.0
2/9/2020 6:00,0.0,0.0
2/9/2020 7:00,0.0,0.0
2/9/2020 8:00,0.25,0.01
2/9/2020 9:00,2.25,0.1
2/9/2020 10:00,6.5,0.28
2/9/2020 11:00,9.0,0.38
2/9/2020 12:00,10.5,0.45
2/9/2020 13:00,10.25,0.44
2/9/2020 14:00,11.25,0.48
2/9/2020 15:00,8.25,0.35
2/9/2020 16:00,5.75,0.24
2/9/2020 17:00,2.5,0.11
2/9/2020 18:00,1.25,0.05
2/9/2020 19:00,0.0,0.0
2/9/2020 20:00,0.0,0.0
2/9/2020 21:00,0.0,0.0
2/9/2020 22:00,0.0,0.0
2/9/2020 23:00,0.0,0.0
2/10/2020 0:00,0.0,0.0
2/10/2020 1:00,0.0,0.0
2/10/2020 2:00,0.0,0.0
2/10/2020 3:00,0.0,0.0
2/10/2020 4:00,0.0,0.0
2/10/2020 5:00,0.0,0.0
2/10/2020 6:00,0.0,0.0
2/10/2020 7:00,0.0,0.0
2/10/2020 8:00,0.25,0.01
2/10/2020 9:00,3.0,0.13
2/10/2020 10:00,5.5,0.23
2/10/2020 11:00,6.25,0.27
2/10/2020 12:00,7.25,0.31
2/10/2020 13:00,6.5,0.28
2/10/2020 14:00,3.75,0.16
2/10/2020 15:00,1.5,0.06
2/10/2020 16:00,2.0,0.09
2/10/2020 17:00,1.25,0.05
2/10/2020 18:00,0.25,0.01
2/10/2020 19:00,0.0,0.0
2/10/2020 20:00,0.0,0.0
2/10/2020 21:00,0.0,0.0
2/10/2020 22:00,0.0,0.0
2/10/2020 23:00,0.0,0.0
2/11/2020 0:00,0.0,0.0
2/11/2020 1:00,0.0,0.0
2/11/2020 2:00,0.0,0.0
2/11/2020 3:00,0.0,0.0
2/11/2020 4:00,0.0,0.0
2/11/2020 5:00,0.0,0.0
2/11/2020 6:00,0.0,0.0
2/11/2020 7:00,0.0,0.0
2/11/2020 8:00,0.0,0.0
2/11/2020 9:00,2.0,0.09
2/11/2020 10:00,6.25,0.27
2/11/2020 11:00,3.5,0.15
2/11/2020 12:00,4.5,0.19
2/11/2020 13:00,5.5,0.23
2/11/2020 14:00,6.25,0.27
2/11/2020 15:00,10.0,0.43
2/11/2020 16:00,5.5,0.23
2/11/2020 17:00,4.0,0.17
2/11/2020 18:00,0.75,0.03
2/11/2020 19:00,0.0,0.0
2/11/2020 20:00,0.0,0.0
2/11/2020 21:00,0.0,0.0
2/11/2020 22:00,0.0,0.0
2/11/2020 23:00,0.0,0.0
2/12/2020 0:00,0.0,0.0
2/12/2020 1:00,0.0,0.0
2/12/2020 2:00,0.0,0.0
2/12/2020 3:00,0.0,0.0
2/12/2020 4:00,0.0,0.0
2/12/2020 5:00,0.0,0.0
2/12/2020 6:00,0.0,0.0
2/12/2020 7:00,0.0,0.0
2/12/2020 8:00,0.0,0.0
2/12/2020 9:00,0.25,0.01
2/12/2020 10:00,1.0,0.04
2/12/2020 11:00,2.0,0.09
2/12/2020 12:00,2.5,0.11
2/12/2020 13:00,2.75,0.12
2/12/2020 14:00,2.25,0.1
2/12/2020 15:00,1.25,0.05
2/12/2020 16:00,1.5,0.06
2/12/2020 17:00,0.75,0.03
2/12/2020 18:00,0.25,0.01
2/12/2020 19:00,0.0,0.0
2/12/2020 20:00,0.0,0.0
2/12/2020 21:00,0.0,0.0
2/12/2020 22:00,0.0,0.0
2/12/2020 23:00,0.0,0.0
2/13/2020 0:00,0.0,0.0
2/13/2020 1:00,0.0,0.0
2/13/2020 2:00,0.0,0.0
2/13/2020 3:00,0.0,0.0
2/13/2020 4:00,0.0,0.0
2/13/2020 5:00,0.0,0.0
2/13/2020 6:00,0.0,0.0
2/13/2020 7:00,0.0,0.0
2/13/2020 8:00,0.0,0.0
2/13/2020 9:00,1.0,0.04
2/13/2020 10:00,2.25,0.1
2/13/2020 11:00,3.0,0.13
2/13/2020 12:00,2.75,0.12
2/13/2020 13:00,3.75,0.16
2/13/2020 14:00,4.0,0.17
2/13/2020 15:00,6.25,0.27
2/13/2020 16:00,3.0,0.13
2/13/2020 17:00,5.75,0.24
2/13/2020 18:00,0.75,0.03
2/13/2020 19:00,0.0,0.0
2/13/2020 20:00,0.0,0.0
2/13/2020 21:00,0.0,0.0
2/13/2020 22:00,0.0,0.0
2/13/2020 23:00,0.0,0.0
2/14/2020 0:00,0.0,0.0
2/14/2020 1:00,0.0,0.0
2/14/2020 2:00,0.0,0.0
2/14/2020 3:00,0.0,0.0
2/14/2020 4:00,0.0,0.0
2/14/2020 5:00,0.0,0.0
2/14/2020 6:00,0.0,0.0
2/14/2020 7:00,0.0,0.0
2/14/2020 8:00,0.25,0.01
2/14/2020 9:00,1.5,0.06
2/14/2020 10:00,6.5,0.28
2/14/2020 11:00,5.25,0.22
2/14/2020 12:00,8.75,0.37
2/14/2020 13:00,14.75,0.63
2/14/2020 14:00,14.5,0.62
2/14/2020 15:00,14.25,0.61
2/14/2020 16:00,9.75,0.41
2/14/2020 17:00,3.0,0.13
2/14/2020 18:00,0.5,0.02
2/14/2020 19:00,0.0,0.0
2/14/2020 20:00,0.0,0.0
2/14/2020 21:00,0.0,0.0
2/14/2020 22:00,0.0,0.0
2/14/2020 23:00,0.0,0.0
2/15/2020 0:00,0.0,0.0
2/15/2020 1:00,0.0,0.0
2/15/2020 2:00,0.0,0.0
2/15/2020 3:00,0.0,0.0
2/15/2020 4:00,0.0,0.0
2/15/2020 5:00,0.0,0.0
2/15/2020 6:00,0.0,0.0
2/15/2020 7:00,0.0,0.0
2/15/2020 8:00,0.25,0.01
2/15/2020 9:00,3.25,0.14
2/15/2020 10:00,8.25,0.35
2/15/2020 11:00,12.25,0.52
2/15/2020 12:00,13.5,0.57
2/15/2020 13:00,13.25,0.56
2/15/2020 14:00,12.25,0.52
2/15/2020 15:00,12.75,0.54
2/15/2020 16:00,10.75,0.46
2/15/2020 17:00,7.0,0.3
2/15/2020 18:00,1.5,0.06
2/15/2020 19:00,0.0,0.0
2/15/2020 20:00,0.0,0.0
2/15/2020 21:00,0.0,0.0
2/15/2020 22:00,0.0,0.0
2/15/2020 23:00,0.0,0.0
2/16/2020 0:00,0.0,0.0
2/16/2020 1:00,0.0,0.0
2/16/2020 2:00,0.0,0.0
2/16/2020 3:00,0.0,0.0
2/16/2020 4:00,0.0,0.0
2/16/2020 5:00,0.0,0.0
2/16/2020 6:00,0.0,0.0
2/16/2020 7:00,0.0,0.0
2/16/2020 8:00,0.25,0.01
2/16/2020 9:00,1.0,0.04
2/16/2020 10:00,3.5,0.15
2/16/2020 11:00,4.25,0.18
2/16/2020 12:00,5.0,0.21
2/16/2020 13:00,3.25,0.14
2/16/2020 14:00,4.75,0.2
2/16/2020 15:00,6.0,0.26
2/16/2020 16:00,3.75,0.16
2/16/2020 17:00,1.75,0.07
2/16/2020 18:00,0.5,0.02
2/16/2020 19:00,0.0,0.0
2/16/2020 20:00,0.0,0.0
2/16/2020 21:00,0.0,0.0
2/16/2020 22:00,0.0,0.0
2/16/2020 23:00,0.0,0.0
2/17/2020 0:00,0.0,0.0
2/17/2020 1:00,0.0,0.0
2/17/2020 2:00,0.0,0.0
2/17/2020 3:00,0.0,0.0
2/17/2020 4:00,0.0,0.0
2/17/2020 5:00,0.0,0.0
2/17/2020 6:00,0.0,0.0
2/17/2020 7:00,0.0,0.0
2/17/2020 8:00,0.25,0.01
2/17/2020 9:00,1.25,0.05
2/17/2020 10:00,3.25,0.14
2/17/2020 11:00,4.5,0.19
2/17/2020 12:00,6.75,0.29
2/17/2020 13:00,9.0,0.38
2/17/2020 14:00,9.0,0.38
2/17/2020 15:00,12.25,0.52
2/17/2020 16:00,11.25,0.48
2/17/2020 17:00,7.0,0.3
2/17/2020 18:00,1.5,0.06
2/17/2020 19:00,0.0,0.0
2/17/2020 20:00,0.0,0.0
2/17/2020 21:00,0.0,0.0
2/17/2020 22:00,0.0,0.0
2/17/2020 23:00,0.0,0.0
2/18/2020 0:00,0.0,0.0
2/18/2020 1:00,0.0,0.0
2/18/2020 2:00,0.0,0.0
2/18/2020 3:00,0.0,0.0
2/18/2020 4:00,0.0,0.0
2/18/2020 5:00,0.0,0.0
2/18/2020 6:00,0.0,0.0
2/18/2020 7:00,0.0,0.0
2/18/2020 8:00,0.25,0.01
2/18/2020 9:00,3.75,0.16
2/18/2020 10:00,9.0,0.38
2/18/2020 11:00,13.0,0.55
2/18/2020 12:00,15.5,0.66
2/18/2020 13:00,16.75,0.71
2/18/2020 14:00,16.75,0.71
2/18/2020 15:00,14.75,0.63
2/18/2020 16:00,12.5,0.53
2/18/2020 17:00,8.0,0.34
2/18/2020 18:00,2.0,0.09
2/18/2020 19:00,0.0,0.0
2/18/2020 20:00,0.0,0.0
2/18/2020 21:00,0.0,0.0
2/18/2020 22:00,0.0,0.0
2/18/2020 23:00,0.0,0.0
2/19/2020 0:00,0.0,0.0
2/19/2020 1:00,0.0,0.0
2/19/2020 2:00,0.0,0.0
2/19/2020 3:00,0.0,0.0
2/19/2020 4:00,0.0,0.0
2/19/2020 5:00,0.0,0.0
2/19/2020 6:00,0.0,0.0
2/19/2020 7:00,0.0,0.0
2/19/2020 8:00,0.5,0.02
2/19/2020 9:00,4.0,0.17
2/19/2020 10:00,8.75,0.37
2/19/2020 11:00,13.0,0.55
2/19/2020 12:00,15.0,0.64
2/19/2020 13:00,16.0,0.68
2/19/2020 14:00,15.75,0.67
2/19/2020 15:00,14.5,0.62
2/19/2020 16:00,12.0,0.51
2/19/2020 17:00,7.75,0.33
2/19/2020 18:00,2.0,0.09
2/19/2020 19:00,0.0,0.0
2/19/2020 20:00,0.0,0.0
2/19/2020 21:00,0.0,0.0
2/19/2020 22:00,0.0,0.0
2/19/2020 23:00,0.0,0.0
2/20/2020 0:00,0.0,0.0
2/20/2020 1:00,0.0,0.0
2/20/2020 2:00,0.0,0.0
2/20/2020 3:00,0.0,0.0
2/20/2020 4:00,0.0,0.0
2/20/2020 5:00,0.0,0.0
2/20/2020 6:00,0.0,0.0
2/20/2020 7:00,0.0,0.0
2/20/2020 8:00,0.25,0.01
2/20/2020 9:00,3.0,0.13
2/20/2020 10:00,4.25,0.18
2/20/2020 11:00,5.25,0.22
2/20/2020 12:00,11.0,0.47
2/20/2020 13:00,16.25,0.69
2/20/2020 14:00,15.0,0.64
2/20/2020 15:00,14.0,0.6
2/20/2020 16:00,11.5,0.49
2/20/2020 17:00,7.25,0.31
2/20/2020 18:00,2.25,0.1
2/20/2020 19:00,0.0,0.0
2/20/2020 20:00,0.0,0.0
2/20/2020 21:00,0.0,0.0
2/20/2020 22:00,0.0,0.0
2/20/2020 23:00,0.0,0.0
2/21/2020 0:00,0.0,0.0
2/21/2020 1:00,0.0,0.0
2/21/2020 2:00,0.0,0.0
2/21/2020 3:00,0.0,0.0
2/21/2020 4:00,0.0,0.0
2/21/2020 5:00,0.0,0.0
2/21/2020 6:00,0.0,0.0
2/21/2020 7:00,0.0,0.0
2/21/2020 8:00,0.25,0.01
2/21/2020 9:00,3.75,0.16
2/21/2020 10:00,8.75,0.37
2/21/2020 11:00,12.5,0.53
2/21/2020 12:00,14.75,0.63
2/21/2020 13:00,15.75,0.67
2/21/2020 14:00,15.5,0.66
2/21/2020 15:00,14.0,0.6
2/21/2020 16:00,11.5,0.49
2/21/2020 17:00,7.25,0.31
2/21/2020 18:00,2.25,0.1
2/21/2020 19:00,0.0,0.0
2/21/2020 20:00,0.0,0.0
2/21/2020 21:00,0.0,0.0
2/21/2020 22:00,0.0,0.0
2/21/2020 23:00,0.0,0.0
2/22/2020 0:00,0.0,0.0
2/22/2020 1:00,0.0,0.0
2/22/2020 2:00,0.0,0.0
2/22/2020 3:00,0.0,0.0
2/22/2020 4:00,0.0,0.0
2/22/2020 5:00,0.0,0.0
2/22/2020 6:00,0.0,0.0
2/22/2020 7:00,0.0,0.0
2/22/2020 8:00,0.25,0.01
2/22/2020 9:00,4.0,0.17
2/22/2020 10:00,9.25,0.39
2/22/2020 11:00,12.5,0.53
2/22/2020 12:00,15.25,0.65
2/22/2020 13:00,16.0,0.68
2/22/2020 14:00,15.75,0.67
2/22/2020 15:00,14.25,0.61
2/22/2020 16:00,12.0,0.51
2/22/2020 17:00,7.75,0.33
2/22/2020 18:00,2.5,0.11
2/22/2020 19:00,0.0,0.0
2/22/2020 20:00,0.0,0.0
2/22/2020 21:00,0.0,0.0
2/22/2020 22:00,0.0,0.0
2/22/2020 23:00,0.0,0.0
2/23/2020 0:00,0.0,0.0
2/23/2020 1:00,0.0,0.0
2/23/2020 2:00,0.0,0.0
2/23/2020 3:00,0.0,0.0
2/23/2020 4:00,0.0,0.0
2/23/2020 5:00,0.0,0.0
2/23/2020 6:00,0.0,0.0
2/23/2020 7:00,0.0,0.0
2/23/2020 8:00,0.5,0.02
2/23/2020 9:00,4.25,0.18
2/23/2020 10:00,9.25,0.39
2/23/2020 11:00,13.0,0.55
2/23/2020 12:00,15.25,0.65
2/23/2020 13:00,16.0,0.68
2/23/2020 14:00,16.0,0.68
2/23/2020 15:00,14.5,0.62
2/23/2020 16:00,12.0,0.51
2/23/2020 17:00,8.25,0.35
2/23/2020 18:00,2.5,0.11
2/23/2020 19:00,0.0,0.0
2/23/2020 20:00,0.0,0.0
2/23/2020 21:00,0.0,0.0
2/23/2020 22:00,0.0,0.0
2/23/2020 23:00,0.0,0.0
2/24/2020 0:00,0.0,0.0
2/24/2020 1:00,0.0,0.0
2/24/2020 2:00,0.0,0.0
2/24/2020 3:00,0.0,0.0
2/24/2020 4:00,0.0,0.0
2/24/2020 5:00,0.0,0.0
2/24/2020 6:00,0.0,0.0
2/24/2020 7:00,0.0,0.0
2/24/2020 8:00,0.5,0.02
2/24/2020 9:00,4.25,0.18
2/24/2020 10:00,9.25,0.39
2/24/2020 11:00,12.75,0.54
2/24/2020 12:00,15.0,0.64
2/24/2020 13:00,15.5,0.66
2/24/2020 14:00,15.25,0.65
2/24/2020 15:00,13.75,0.58
2/24/2020 16:00,11.5,0.49
2/24/2020 17:00,8.25,0.35
2/24/2020 18:00,2.5,0.11
2/24/2020 19:00,0.0,0.0
2/24/2020 20:00,0.0,0.0
2/24/2020 21:00,0.0,0.0
2/24/2020 22:00,0.0,0.0
2/24/2020 23:00,0.0,0.0
2/25/2020 0:00,0.0,0.0
2/25/2020 1:00,0.0,0.0
2/25/2020 2:00,0.0,0.0
2/25/2020 3:00,0.0,0.0
2/25/2020 4:00,0.0,0.0
2/25/2020 5:00,0.0,0.0
2/25/2020 6:00,0.0,0.0
2/25/2020 7:00,0.0,0.0
2/25/2020 8:00,0.25,0.01
2/25/2020 9:00,1.5,0.06
2/25/2020 10:00,3.75,0.16
2/25/2020 11:00,9.0,0.38
2/25/2020 12:00,13.75,0.58
2/25/2020 13:00,13.5,0.57
2/25/2020 14:00,10.75,0.46
2/25/2020 15:00,5.25,0.22
2/25/2020 16:00,3.25,0.14
2/25/2020 17:00,2.25,0.1
2/25/2020 18:00,0.75,0.03
2/25/2020 19:00,0.0,0.0
2/25/2020 20:00,0.0,0.0
2/25/2020 21:00,0.0,0.0
2/25/2020 22:00,0.0,0.0
2/25/2020 23:00,0.0,0.0
2/26/2020 0:00,0.0,0.0
2/26/2020 1:00,0.0,0.0
2/26/2020 2:00,0.0,0.0
2/26/2020 3:00,0.0,0.0
2/26/2020 4:00,0.0,0.0
2/26/2020 5:00,0.0,0.0
2/26/2020 6:00,0.0,0.0
2/26/2020 7:00,0.0,0.0
2/26/2020 8:00,0.5,0.02
2/26/2020 9:00,3.75,0.16
2/26/2020 10:00,8.0,0.34
2/26/2020 11:00,8.25,0.35
2/26/2020 12:00,12.25,0.52
2/26/2020 13:00,16.5,0.7
2/26/2020 14:00,16.5,0.7
2/26/2020 15:00,15.0,0.64
2/26/2020 16:00,12.5,0.53
2/26/2020 17:00,8.25,0.35
2/26/2020 18:00,2.75,0.12
2/26/2020 19:00,0.25,0.01
2/26/2020 20:00,0.0,0.0
2/26/2020 21:00,0.0,0.0
2/26/2020 22:00,0.0,0.0
2/26/2020 23:00,0.0,0.0
2/27/2020 0:00,0.0,0.0
2/27/2020 1:00,0.0,0.0
2/27/2020 2:00,0.0,0.0
2/27/2020 3:00,0.0,0.0
2/27/2020 4:00,0.0,0.0
2/27/2020 5:00,0.0,0.0
2/27/2020 6:00,0.0,0.0
2/27/2020 7:00,0.0,0.0
2/27/2020 8:00,0.5,0.02
2/27/2020 9:00,4.5,0.19
2/27/2020 10:00,9.5,0.4
2/27/2020 11:00,10.5,0.45
2/27/2020 12:00,14.5,0.62
2/27/2020 13:00,16.0,0.68
2/27/2020 14:00,15.75,0.67
2/27/2020 15:00,14.25,0.61
2/27/2020 16:00,12.0,0.51
2/27/2020 17:00,8.0,0.34
2/27/2020 18:00,2.5,0.11
2/27/2020 19:00,0.25,0.01
2/27/2020 20:00,0.0,0.0
2/27/2020 21:00,0.0,0.0
2/27/2020 22:00,0.0,0.0
2/27/2020 23:00,0.0,0.0
2/28/2020 0:00,0.0,0.0
2/28/2020 1:00,0.0,0.0
2/28/2020 2:00,0.0,0.0
2/28/2020 3:00,0.0,0.0
2/28/2020 4:00,0.0,0.0
2/28/2020 5:00,0.0,0.0
2/28/2020 6:00,0.0,0.0
2/28/2020 7:00,0.0,0.0
2/28/2020 8:00,0.25,0.01
2/28/2020 9:00,2.75,0.12
2/28/2020 10:00,6.75,0.29
2/28/2020 11:00,10.75,0.46
2/28/2020 12:00,13.0,0.55
2/28/2020 13:00,15.5,0.66
2/28/2020 14:00,15.0,0.64
2/28/2020 15:00,13.75,0.58
2/28/2020 16:00,11.75,0.5
2/28/2020 17:00,7.25,0.31
2/28/2020 18:00,2.25,0.1
2/28/2020 19:00,0.0,0.0
2/28/2020 20:00,0.0,0.0
2/28/2020 21:00,0.0,0.0
2/28/2020 22:00,0.0,0.0
2/28/2020 23:00,0.0,0.0
2/29/2020 0:00,0.0,0.0
2/29/2020 1:00,0.0,0.0
2/29/2020 2:00,0.0,0.0
2/29/2020 3:00,0.0,0.0
2/29/2020 4:00,0.0,0.0
2/29/2020 5:00,0.0,0.0
2/29/2020 6:00,0.0,0.0
2/29/2020 7:00,0.0,0.0
2/29/2020 8:00,0.25,0.01
2/29/2020 9:00,1.25,0.05
2/29/2020 10:00,2.5,0.11
2/29/2020 11:00,10.25,0.44
2/29/2020 12:00,13.75,0.58
2/29/2020 13:00,11.25,0.48
2/29/2020 14:00,8.0,0.34
2/29/2020 15:00,6.5,0.28
2/29/2020 16:00,3.5,0.15
2/29/2020 17:00,5.75,0.24
2/29/2020 18:00,1.25,0.05
2/29/2020 19:00,0.25,0.01
2/29/2020 20:00,0.0,0.0
2/29/2020 21:00,0.0,0.0
2/29/2020 22:00,0.0,0.0
2/29/2020 23:00,0.0,0.0
3/1/2020 0:00,0.0,0.0
3/1/2020 1:00,0.0,0.0
3/1/2020 2:00,0.0,0.0
3/1/2020 3:00,0.0,0.0
3/1/2020 4:00,0.0,0.0
3/1/2020 5:00,0.0,0.0
3/1/2020 6:00,0.0,0.0
3/1/2020 7:00,0.0,0.0
3/1/2020 8:00,0.0,0.0
3/1/2020 9:00,0.75,0.03
3/1/2020 10:00,1.25,0.05
3/1/2020 11:00,2.5,0.11
3/1/2020 12:00,2.75,0.12
3/1/2020 13:00,3.75,0.16
3/1/2020 14:00,2.25,0.1
3/1/2020 15:00,2.75,0.12
3/1/2020 16:00,2.5,0.11
3/1/2020 17:00,1.5,0.06
3/1/2020 18:00,0.5,0.02
3/1/2020 19:00,0.0,0.0
3/1/2020 20:00,0.0,0.0
3/1/2020 21:00,0.0,0.0
3/1/2020 22:00,0.0,0.0
3/1/2020 23:00,0.0,0.0
3/2/2020 0:00,0.0,0.0
3/2/2020 1:00,0.0,0.0
3/2/2020 2:00,0.0,0.0
3/2/2020 3:00,0.0,0.0
3/2/2020 4:00,0.0,0.0
3/2/2020 5:00,0.0,0.0
3/2/2020 6:00,0.0,0.0
3/2/2020 7:00,0.0,0.0
3/2/2020 8:00,0.75,0.03
3/2/2020 9:00,4.5,0.19
3/2/2020 10:00,9.25,0.39
3/2/2020 11:00,10.5,0.45
3/2/2020 12:00,14.5,0.62
3/2/2020 13:00,11.0,0.47
3/2/2020 14:00,14.0,0.6
3/2/2020 15:00,12.25,0.52
3/2/2020 16:00,6.5,0.28
3/2/2020 17:00,5.5,0.23
3/2/2020 18:00,2.5,0.11
3/2/2020 19:00,0.25,0.01
3/2/2020 20:00,0.0,0.0
3/2/2020 21:00,0.0,0.0
3/2/2020 22:00,0.0,0.0
3/2/2020 23:00,0.0,0.0
3/3/2020 0:00,0.0,0.0
3/3/2020 1:00,0.0,0.0
3/3/2020 2:00,0.0,0.0
3/3/2020 3:00,0.0,0.0
3/3/2020 4:00,0.0,0.0
3/3/2020 5:00,0.0,0.0
3/3/2020 6:00,0.0,0.0
3/3/2020 7:00,0.0,0.0
3/3/2020 8:00,0.5,0.02
3/3/2020 9:00,3.25,0.14
3/3/2020 10:00,4.75,0.2
3/3/2020 11:00,6.5,0.28
3/3/2020 12:00,14.0,0.6
3/3/2020 13:00,17.0,0.72
3/3/2020 14:00,12.75,0.54
3/3/2020 15:00,9.0,0.38
3/3/2020 16:00,6.0,0.26
3/3/2020 17:00,3.0,0.13
3/3/2020 18:00,0.75,0.03
3/3/2020 19:00,0.0,0.0
3/3/2020 20:00,0.0,0.0
3/3/2020 21:00,0.0,0.0
3/3/2020 22:00,0.0,0.0
3/3/2020 23:00,0.0,0.0
3/4/2020 0:00,0.0,0.0
3/4/2020 1:00,0.0,0.0
3/4/2020 2:00,0.0,0.0
3/4/2020 3:00,0.0,0.0
3/4/2020 4:00,0.0,0.0
3/4/2020 5:00,0.0,0.0
3/4/2020 6:00,0.0,0.0
3/4/2020 7:00,0.0,0.0
3/4/2020 8:00,0.5,0.02
3/4/2020 9:00,2.5,0.11
3/4/2020 10:00,9.25,0.39
3/4/2020 11:00,11.75,0.5
3/4/2020 12:00,10.25,0.44
3/4/2020 13:00,9.0,0.38
3/4/2020 14:00,8.0,0.34
3/4/2020 15:00,10.75,0.46
3/4/2020 16:00,11.5,0.49
3/4/2020 17:00,9.0,0.38
3/4/2020 18:00,2.0,0.09
3/4/2020 19:00,0.0,0.0
3/4/2020 20:00,0.0,0.0
3/4/2020 21:00,0.0,0.0
3/4/2020 22:00,0.0,0.0
3/4/2020 23:00,0.0,0.0
3/5/2020 0:00,0.0,0.0
3/5/2020 1:00,0.0,0.0
3/5/2020 2:00,0.0,0.0
3/5/2020 3:00,0.0,0.0
3/5/2020 4:00,0.0,0.0
3/5/2020 5:00,0.0,0.0
3/5/2020 6:00,0.0,0.0
3/5/2020 7:00,0.0,0.0
3/5/2020 8:00,0.5,0.02
3/5/2020 9:00,4.25,0.18
3/5/2020 10:00,10.25,0.44
3/5/2020 11:00,12.75,0.54
3/5/2020 12:00,12.0,0.51
3/5/2020 13:00,11.5,0.49
3/5/2020 14:00,14.25,0.61
3/5/2020 15:00,14.0,0.6
3/5/2020 16:00,10.25,0.44
3/5/2020 17:00,8.0,0.34
3/5/2020 18:00,2.0,0.09
3/5/2020 19:00,0.25,0.01
3/5/2020 20:00,0.0,0.0
3/5/2020 21:00,0.0,0.0
3/5/2020 22:00,0.0,0.0
3/5/2020 23:00,0.0,0.0
3/6/2020 0:00,0.0,0.0
3/6/2020 1:00,0.0,0.0
3/6/2020 2:00,0.0,0.0
3/6/2020 3:00,0.0,0.0
3/6/2020 4:00,0.0,0.0
3/6/2020 5:00,0.0,0.0
3/6/2020 6:00,0.0,0.0
3/6/2020 7:00,0.0,0.0
3/6/2020 8:00,0.75,0.03
3/6/2020 9:00,5.5,0.23
3/6/2020 10:00,5.75,0.24
3/6/2020 11:00,7.0,0.3
3/6/2020 12:00,8.75,0.37
3/6/2020 13:00,12.75,0.54
3/6/2020 14:00,17.25,0.73
3/6/2020 15:00,15.25,0.65
3/6/2020 16:00,12.75,0.54
3/6/2020 17:00,9.25,0.39
3/6/2020 18:00,3.25,0.14
3/6/2020 19:00,0.25,0.01
3/6/2020 20:00,0.0,0.0
3/6/2020 21:00,0.0,0.0
3/6/2020 22:00,0.0,0.0
3/6/2020 23:00,0.0,0.0
3/7/2020 0:00,0.0,0.0
3/7/2020 1:00,0.0,0.0
3/7/2020 2:00,0.0,0.0
3/7/2020 3:00,0.0,0.0
3/7/2020 4:00,0.0,0.0
3/7/2020 5:00,0.0,0.0
3/7/2020 6:00,0.0,0.0
3/7/2020 7:00,0.0,0.0
3/7/2020 8:00,1.0,0.04
3/7/2020 9:00,5.75,0.24
3/7/2020 10:00,10.5,0.45
3/7/2020 11:00,14.25,0.61
3/7/2020 12:00,16.5,0.7
3/7/2020 13:00,17.25,0.73
3/7/2020 14:00,17.25,0.73
3/7/2020 15:00,15.75,0.67
3/7/2020 16:00,13.0,0.55
3/7/2020 17:00,8.75,0.37
3/7/2020 18:00,3.5,0.15
3/7/2020 19:00,0.0,0.0
3/7/2020 20:00,0.0,0.0
3/7/2020 21:00,0.0,0.0
3/7/2020 22:00,0.0,0.0
3/7/2020 23:00,0.0,0.0
3/8/2020 0:00,0.0,0.0
3/8/2020 1:00,0.0,0.0
3/8/2020 2:00,0.0,0.0
3/8/2020 3:00,0.0,0.0
3/8/2020 4:00,0.0,0.0
3/8/2020 5:00,0.0,0.0
3/8/2020 6:00,0.0,0.0
3/8/2020 7:00,0.0,0.0
3/8/2020 8:00,1.25,0.05
3/8/2020 9:00,5.25,0.22
3/8/2020 10:00,10.5,0.45
3/8/2020 11:00,14.25,0.61
3/8/2020 12:00,16.0,0.68
3/8/2020 13:00,16.25,0.69
3/8/2020 14:00,14.25,0.61
3/8/2020 15:00,11.75,0.5
3/8/2020 16:00,9.0,0.38
3/8/2020 17:00,3.25,0.14
3/8/2020 18:00,1.5,0.06
3/8/2020 19:00,0.25,0.01
3/8/2020 20:00,0.0,0.0
3/8/2020 21:00,0.0,0.0
3/8/2020 22:00,0.0,0.0
3/8/2020 23:00,0.0,0.0
3/9/2020 0:00,0.0,0.0
3/9/2020 1:00,0.0,0.0
3/9/2020 2:00,0.0,0.0
3/9/2020 3:00,0.0,0.0
3/9/2020 4:00,0.0,0.0
3/9/2020 5:00,0.0,0.0
3/9/2020 6:00,0.0,0.0
3/9/2020 7:00,0.0,0.0
3/9/2020 8:00,1.0,0.04
3/9/2020 9:00,5.75,0.24
3/9/2020 10:00,10.5,0.45
3/9/2020 11:00,13.75,0.58
3/9/2020 12:00,16.0,0.68
3/9/2020 13:00,17.25,0.73
3/9/2020 14:00,16.5,0.7
3/9/2020 15:00,15.75,0.67
3/9/2020 16:00,13.0,0.55
3/9/2020 17:00,7.5,0.32
3/9/2020 18:00,3.5,0.15
3/9/2020 19:00,0.25,0.01
3/9/2020 20:00,0.0,0.0
3/9/2020 21:00,0.0,0.0
3/9/2020 22:00,0.0,0.0
3/9/2020 23:00,0.0,0.0
3/10/2020 0:00,0.0,0.0
3/10/2020 1:00,0.0,0.0
3/10/2020 2:00,0.0,0.0
3/10/2020 3:00,0.0,0.0
3/10/2020 4:00,0.0,0.0
3/10/2020 5:00,0.0,0.0
3/10/2020 6:00,0.0,0.0
3/10/2020 7:00,0.0,0.0
3/10/2020 8:00,1.25,0.05
3/10/2020 9:00,5.75,0.24
3/10/2020 10:00,10.25,0.44
3/10/2020 11:00,13.75,0.58
3/10/2020 12:00,15.75,0.67
3/10/2020 13:00,16.75,0.71
3/10/2020 14:00,16.25,0.69
3/10/2020 15:00,15.0,0.64
3/10/2020 16:00,12.5,0.53
3/10/2020 17:00,8.5,0.36
3/10/2020 18:00,3.25,0.14
3/10/2020 19:00,0.25,0.01
3/10/2020 20:00,0.0,0.0
3/10/2020 21:00,0.0,0.0
3/10/2020 22:00,0.0,0.0
3/10/2020 23:00,0.0,0.0
3/11/2020 0:00,0.0,0.0
3/11/2020 1:00,0.0,0.0
3/11/2020 2:00,0.0,0.0
3/11/2020 3:00,0.0,0.0
3/11/2020 4:00,0.0,0.0
3/11/2020 5:00,0.0,0.0
3/11/2020 6:00,0.0,0.0
3/11/2020 7:00,0.0,0.0
3/11/2020 8:00,1.25,0.05
3/11/2020 9:00,5.75,0.24
3/11/2020 10:00,10.25,0.44
3/11/2020 11:00,13.5,0.57
3/11/2020 12:00,15.5,0.66
3/11/2020 13:00,16.0,0.68
3/11/2020 14:00,15.75,0.67
3/11/2020 15:00,13.0,0.55
3/11/2020 16:00,9.5,0.4
3/11/2020 17:00,8.0,0.34
3/11/2020 18:00,4.25,0.18
3/11/2020 19:00,0.25,0.01
3/11/2020 20:00,0.0,0.0
3/11/2020 21:00,0.0,0.0
3/11/2020 22:00,0.0,0.0
3/11/2020 23:00,0.0,0.0
3/12/2020 0:00,0.0,0.0
3/12/2020 1:00,0.0,0.0
3/12/2020 2:00,0.0,0.0
3/12/2020 3:00,0.0,0.0
3/12/2020 4:00,0.0,0.0
3/12/2020 5:00,0.0,0.0
3/12/2020 6:00,0.0,0.0
3/12/2020 7:00,0.0,0.0
3/12/2020 8:00,1.25,0.05
3/12/2020 9:00,3.5,0.15
3/12/2020 10:00,7.5,0.32
3/12/2020 11:00,13.0,0.55
3/12/2020 12:00,15.0,0.64
3/12/2020 13:00,15.5,0.66
3/12/2020 14:00,16.0,0.68
3/12/2020 15:00,15.0,0.64
3/12/2020 16:00,12.25,0.52
3/12/2020 17:00,8.25,0.35
3/12/2020 18:00,3.25,0.14
3/12/2020 19:00,0.25,0.01
3/12/2020 20:00,0.0,0.0
3/12/2020 21:00,0.0,0.0
3/12/2020 22:00,0.0,0.0
3/12/2020 23:00,0.0,0.0
3/13/2020 0:00,0.0,0.0
3/13/2020 1:00,0.0,0.0
3/13/2020 2:00,0.0,0.0
3/13/2020 3:00,0.0,0.0
3/13/2020 4:00,0.0,0.0
3/13/2020 5:00,0.0,0.0
3/13/2020 6:00,0.0,0.0
3/13/2020 7:00,0.0,0.0
3/13/2020 8:00,1.5,0.06
3/13/2020 9:00,6.25,0.27
3/13/2020 10:00,10.75,0.46
3/13/2020 11:00,14.5,0.62
3/13/2020 12:00,16.75,0.71
3/13/2020 13:00,17.75,0.75
3/13/2020 14:00,17.0,0.72
3/13/2020 15:00,13.75,0.58
3/13/2020 16:00,9.5,0.4
3/13/2020 17:00,7.5,0.32
3/13/2020 18:00,3.25,0.14
3/13/2020 19:00,0.0,0.0
3/13/2020 20:00,0.0,0.0
3/13/2020 21:00,0.0,0.0
3/13/2020 22:00,0.0,0.0
3/13/2020 23:00,0.0,0.0
3/14/2020 0:00,0.0,0.0
3/14/2020 1:00,0.0,0.0
3/14/2020 2:00,0.0,0.0
3/14/2020 3:00,0.0,0.0
3/14/2020 4:00,0.0,0.0
3/14/2020 5:00,0.0,0.0
3/14/2020 6:00,0.0,0.0
3/14/2020 7:00,0.25,0.01
3/14/2020 8:00,1.25,0.05
3/14/2020 9:00,6.0,0.26
3/14/2020 10:00,10.75,0.46
3/14/2020 11:00,14.0,0.6
3/14/2020 12:00,16.0,0.68
3/14/2020 13:00,17.0,0.72
3/14/2020 14:00,16.5,0.7
3/14/2020 15:00,15.25,0.65
3/14/2020 16:00,12.25,0.52
3/14/2020 17:00,8.5,0.36
3/14/2020 18:00,3.5,0.15
3/14/2020 19:00,0.25,0.01
3/14/2020 20:00,0.0,0.0
3/14/2020 21:00,0.0,0.0
3/14/2020 22:00,0.0,0.0
3/14/2020 23:00,0.0,0.0
3/15/2020 0:00,0.0,0.0
3/15/2020 1:00,0.0,0.0
3/15/2020 2:00,0.0,0.0
3/15/2020 3:00,0.0,0.0
3/15/2020 4:00,0.0,0.0
3/15/2020 5:00,0.0,0.0
3/15/2020 6:00,0.0,0.0
3/15/2020 7:00,0.0,0.0
3/15/2020 8:00,1.0,0.04
3/15/2020 9:00,5.75,0.24
3/15/2020 10:00,10.5,0.45
3/15/2020 11:00,14.25,0.61
3/15/2020 12:00,15.75,0.67
3/15/2020 13:00,17.0,0.72
3/15/2020 14:00,17.5,0.74
3/15/2020 15:00,15.75,0.67
3/15/2020 16:00,11.75,0.5
3/15/2020 17:00,4.5,0.19
3/15/2020 18:00,1.25,0.05
3/15/2020 19:00,0.0,0.0
3/15/2020 20:00,0.0,0.0
3/15/2020 21:00,0.0,0.0
3/15/2020 22:00,0.0,0.0
3/15/2020 23:00,0.0,0.0
3/16/2020 0:00,0.0,0.0
3/16/2020 1:00,0.0,0.0
3/16/2020 2:00,0.0,0.0
3/16/2020 3:00,0.0,0.0
3/16/2020 4:00,0.0,0.0
3/16/2020 5:00,0.0,0.0
3/16/2020 6:00,0.0,0.0
3/16/2020 7:00,0.0,0.0
3/16/2020 8:00,1.5,0.06
3/16/2020 9:00,5.25,0.22
3/16/2020 10:00,11.5,0.49
3/16/2020 11:00,13.75,0.58
3/16/2020 12:00,17.0,0.72
3/16/2020 13:00,18.75,0.8
3/16/2020 14:00,18.5,0.79
3/16/2020 15:00,16.75,0.71
3/16/2020 16:00,11.75,0.5
3/16/2020 17:00,8.0,0.34
3/16/2020 18:00,2.0,0.09
3/16/2020 19:00,0.25,0.01
3/16/2020 20:00,0.0,0.0
3/16/2020 21:00,0.0,0.0
3/16/2020 22:00,0.0,0.0
3/16/2020 23:00,0.0,0.0
3/17/2020 0:00,0.0,0.0
3/17/2020 1:00,0.0,0.0
3/17/2020 2:00,0.0,0.0
3/17/2020 3:00,0.0,0.0
3/17/2020 4:00,0.0,0.0
3/17/2020 5:00,0.0,0.0
3/17/2020 6:00,0.0,0.0
3/17/2020 7:00,0.0,0.0
3/17/2020 8:00,1.5,0.06
3/17/2020 9:00,6.5,0.28
3/17/2020 10:00,11.25,0.48
3/17/2020 11:00,14.75,0.63
3/17/2020 12:00,13.75,0.58
3/17/2020 13:00,12.5,0.53
3/17/2020 14:00,8.25,0.35
3/17/2020 15:00,6.0,0.26
3/17/2020 16:00,8.0,0.34
3/17/2020 17:00,5.75,0.24
3/17/2020 18:00,3.75,0.16
3/17/2020 19:00,0.25,0.01
3/17/2020 20:00,0.0,0.0
3/17/2020 21:00,0.0,0.0
3/17/2020 22:00,0.0,0.0
3/17/2020 23:00,0.0,0.0
3/18/2020 0:00,0.0,0.0
3/18/2020 1:00,0.0,0.0
3/18/2020 2:00,0.0,0.0
3/18/2020 3:00,0.0,0.0
3/18/2020 4:00,0.0,0.0
3/18/2020 5:00,0.0,0.0
3/18/2020 6:00,0.0,0.0
3/18/2020 7:00,0.0,0.0
3/18/2020 8:00,1.0,0.04
3/18/2020 9:00,5.75,0.24
3/18/2020 10:00,10.25,0.44
3/18/2020 11:00,13.5,0.57
3/18/2020 12:00,15.5,0.66
3/18/2020 13:00,16.0,0.68
3/18/2020 14:00,15.75,0.67
3/18/2020 15:00,14.0,0.6
3/18/2020 16:00,11.25,0.48
3/18/2020 17:00,7.5,0.32
3/18/2020 18:00,3.0,0.13
3/18/2020 19:00,0.5,0.02
3/18/2020 20:00,0.0,0.0
3/18/2020 21:00,0.0,0.0
3/18/2020 22:00,0.0,0.0
3/18/2020 23:00,0.0,0.0
3/19/2020 0:00,0.0,0.0
3/19/2020 1:00,0.0,0.0
3/19/2020 2:00,0.0,0.0
3/19/2020 3:00,0.0,0.0
3/19/2020 4:00,0.0,0.0
3/19/2020 5:00,0.0,0.0
3/19/2020 6:00,0.0,0.0
3/19/2020 7:00,0.0,0.0
3/19/2020 8:00,0.75,0.03
3/19/2020 9:00,3.25,0.14
3/19/2020 10:00,8.75,0.37
3/19/2020 11:00,12.0,0.51
3/19/2020 12:00,14.75,0.63
3/19/2020 13:00,15.5,0.66
3/19/2020 14:00,15.25,0.65
3/19/2020 15:00,14.25,0.61
3/19/2020 16:00,11.0,0.47
3/19/2020 17:00,8.0,0.34
3/19/2020 18:00,3.0,0.13
3/19/2020 19:00,0.5,0.02
3/19/2020 20:00,0.0,0.0
3/19/2020 21:00,0.0,0.0
3/19/2020 22:00,0.0,0.0
3/19/2020 23:00,0.0,0.0
3/20/2020 0:00,0.0,0.0
3/20/2020 1:00,0.0,0.0
3/20/2020 2:00,0.0,0.0
3/20/2020 3:00,0.0,0.0
3/20/2020 4:00,0.0,0.0
3/20/2020 5:00,0.0,0.0
3/20/2020 6:00,0.0,0.0
3/20/2020 7:00,0.0,0.0
3/20/2020 8:00,0.0,0.0
3/20/2020 9:00,0.5,0.02
3/20/2020 10:00,1.5,0.06
3/20/2020 11:00,2.25,0.1
3/20/2020 12:00,4.0,0.17
3/20/2020 13:00,5.5,0.23
3/20/2020 14:00,2.5,0.11
3/20/2020 15:00,3.5,0.15
3/20/2020 16:00,3.75,0.16
3/20/2020 17:00,2.5,0.11
3/20/2020 18:00,3.0,0.13
3/20/2020 19:00,0.5,0.02
3/20/2020 20:00,0.0,0.0
3/20/2020 21:00,0.0,0.0
3/20/2020 22:00,0.0,0.0
3/20/2020 23:00,0.0,0.0
3/21/2020 0:00,0.0,0.0
3/21/2020 1:00,0.0,0.0
3/21/2020 2:00,0.0,0.0
3/21/2020 3:00,0.0,0.0
3/21/2020 4:00,0.0,0.0
3/21/2020 5:00,0.0,0.0
3/21/2020 6:00,0.0,0.0
3/21/2020 7:00,0.0,0.0
3/21/2020 8:00,2.25,0.1
3/21/2020 9:00,6.75,0.29
3/21/2020 10:00,5.75,0.24
3/21/2020 11:00,7.5,0.32
3/21/2020 12:00,5.25,0.22
3/21/2020 13:00,12.25,0.52
3/21/2020 14:00,17.0,0.72
3/21/2020 15:00,6.0,0.26
3/21/2020 16:00,4.5,0.19
3/21/2020 17:00,9.0,0.38
3/21/2020 18:00,1.25,0.05
3/21/2020 19:00,0.25,0.01
3/21/2020 20:00,0.0,0.0
3/21/2020 21:00,0.0,0.0
3/21/2020 22:00,0.0,0.0
3/21/2020 23:00,0.0,0.0
3/22/2020 0:00,0.0,0.0
3/22/2020 1:00,0.0,0.0
3/22/2020 2:00,0.0,0.0
3/22/2020 3:00,0.0,0.0
3/22/2020 4:00,0.0,0.0
3/22/2020 5:00,0.0,0.0
3/22/2020 6:00,0.0,0.0
3/22/2020 7:00,0.0,0.0
3/22/2020 8:00,2.0,0.09
3/22/2020 9:00,7.25,0.31
3/22/2020 10:00,12.0,0.51
3/22/2020 11:00,15.0,0.64
3/22/2020 12:00,17.0,0.72
3/22/2020 13:00,18.0,0.77
3/22/2020 14:00,17.5,0.74
3/22/2020 15:00,16.25,0.69
3/22/2020 16:00,3.5,0.15
3/22/2020 17:00,3.5,0.15
3/22/2020 18:00,1.25,0.05
3/22/2020 19:00,0.25,0.01
3/22/2020 20:00,0.0,0.0
3/22/2020 21:00,0.0,0.0
3/22/2020 22:00,0.0,0.0
3/22/2020 23:00,0.0,0.0
3/23/2020 0:00,0.0,0.0
3/23/2020 1:00,0.0,0.0
3/23/2020 2:00,0.0,0.0
3/23/2020 3:00,0.0,0.0
3/23/2020 4:00,0.0,0.0
3/23/2020 5:00,0.0,0.0
3/23/2020 6:00,0.0,0.0
3/23/2020 7:00,0.25,0.01
3/23/2020 8:00,1.75,0.07
3/23/2020 9:00,6.75,0.29
3/23/2020 10:00,11.0,0.47
3/23/2020 11:00,14.75,0.63
3/23/2020 12:00,16.5,0.7
3/23/2020 13:00,17.5,0.74
3/23/2020 14:00,17.0,0.72
3/23/2020 15:00,13.5,0.57
3/23/2020 16:00,11.25,0.48
3/23/2020 17:00,9.0,0.38
3/23/2020 18:00,4.0,0.17
3/23/2020 19:00,0.5,0.02
3/23/2020 20:00,0.0,0.0
3/23/2020 21:00,0.0,0.0
3/23/2020 22:00,0.0,0.0
3/23/2020 23:00,0.0,0.0
3/24/2020 0:00,0.0,0.0
3/24/2020 1:00,0.0,0.0
3/24/2020 2:00,0.0,0.0
3/24/2020 3:00,0.0,0.0
3/24/2020 4:00,0.0,0.0
3/24/2020 5:00,0.0,0.0
3/24/2020 6:00,0.0,0.0
3/24/2020 7:00,0.0,0.0
3/24/2020 8:00,2.25,0.1
3/24/2020 9:00,7.0,0.3
3/24/2020 10:00,11.75,0.5
3/24/2020 11:00,15.0,0.64
3/24/2020 12:00,15.5,0.66
3/24/2020 13:00,13.75,0.58
3/24/2020 14:00,12.25,0.52
3/24/2020 15:00,13.25,0.56
3/24/2020 16:00,12.0,0.51
3/24/2020 17:00,6.25,0.27
3/24/2020 18:00,3.25,0.14
3/24/2020 19:00,0.5,0.02
3/24/2020 20:00,0.0,0.0
3/24/2020 21:00,0.0,0.0
3/24/2020 22:00,0.0,0.0
3/24/2020 23:00,0.0,0.0
3/25/2020 0:00,0.0,0.0
3/25/2020 1:00,0.0,0.0
3/25/2020 2:00,0.0,0.0
3/25/2020 3:00,0.0,0.0
3/25/2020 4:00,0.0,0.0
3/25/2020 5:00,0.0,0.0
3/25/2020 6:00,0.0,0.0
3/25/2020 7:00,0.0,0.0
3/25/2020 8:00,2.25,0.1
3/25/2020 9:00,7.0,0.3
3/25/2020 10:00,11.75,0.5
3/25/2020 11:00,14.75,0.63
3/25/2020 12:00,17.0,0.72
3/25/2020 13:00,17.5,0.74
3/25/2020 14:00,16.75,0.71
3/25/2020 15:00,7.25,0.31
3/25/2020 16:00,1.5,0.06
3/25/2020 17:00,6.25,0.27
3/25/2020 18:00,5.25,0.22
3/25/2020 19:00,0.5,0.02
3/25/2020 20:00,0.0,0.0
3/25/2020 21:00,0.0,0.0
3/25/2020 22:00,0.0,0.0
3/25/2020 23:00,0.0,0.0
3/26/2020 0:00,0.0,0.0
3/26/2020 1:00,0.0,0.0
3/26/2020 2:00,0.0,0.0
3/26/2020 3:00,0.0,0.0
3/26/2020 4:00,0.0,0.0
3/26/2020 5:00,0.0,0.0
3/26/2020 6:00,0.0,0.0
3/26/2020 7:00,0.25,0.01
3/26/2020 8:00,2.25,0.1
3/26/2020 9:00,7.0,0.3
3/26/2020 10:00,13.0,0.55
3/26/2020 11:00,10.0,0.43
3/26/2020 12:00,11.5,0.49
3/26/2020 13:00,17.5,0.74
3/26/2020 14:00,17.0,0.72
3/26/2020 15:00,16.0,0.68
3/26/2020 16:00,14.75,0.63
3/26/2020 17:00,10.25,0.44
3/26/2020 18:00,5.0,0.21
3/26/2020 19:00,0.5,0.02
3/26/2020 20:00,0.0,0.0
3/26/2020 21:00,0.0,0.0
3/26/2020 22:00,0.0,0.0
3/26/2020 23:00,0.0,0.0
3/27/2020 0:00,0.0,0.0
3/27/2020 1:00,0.0,0.0
3/27/2020 2:00,0.0,0.0
3/27/2020 3:00,0.0,0.0
3/27/2020 4:00,0.0,0.0
3/27/2020 5:00,0.0,0.0
3/27/2020 6:00,0.0,0.0
3/27/2020 7:00,0.25,0.01
3/27/2020 8:00,2.25,0.1
3/27/2020 9:00,6.0,0.26
3/27/2020 10:00,10.5,0.45
3/27/2020 11:00,15.0,0.64
3/27/2020 12:00,17.25,0.73
3/27/2020 13:00,18.0,0.77
3/27/2020 14:00,17.75,0.75
3/27/2020 15:00,17.0,0.72
3/27/2020 16:00,14.5,0.62
3/27/2020 17:00,9.75,0.41
3/27/2020 18:00,4.75,0.2
3/27/2020 19:00,0.5,0.02
3/27/2020 20:00,0.0,0.0
3/27/2020 21:00,0.0,0.0
3/27/2020 22:00,0.0,0.0
3/27/2020 23:00,0.0,0.0
3/28/2020 0:00,0.0,0.0
3/28/2020 1:00,0.0,0.0
3/28/2020 2:00,0.0,0.0
3/28/2020 3:00,0.0,0.0
3/28/2020 4:00,0.0,0.0
3/28/2020 5:00,0.0,0.0
3/28/2020 6:00,0.0,0.0
3/28/2020 7:00,0.0,0.0
3/28/2020 8:00,2.5,0.11
3/28/2020 9:00,8.0,0.34
3/28/2020 10:00,12.5,0.53
3/28/2020 11:00,16.0,0.68
3/28/2020 12:00,17.5,0.74
3/28/2020 13:00,18.5,0.79
3/28/2020 14:00,18.0,0.77
3/28/2020 15:00,16.5,0.7
3/28/2020 16:00,13.75,0.58
3/28/2020 17:00,9.25,0.39
3/28/2020 18:00,4.5,0.19
3/28/2020 19:00,1.0,0.04
3/28/2020 20:00,0.0,0.0
3/28/2020 21:00,0.0,0.0
3/28/2020 22:00,0.0,0.0
3/28/2020 23:00,0.0,0.0
3/29/2020 0:00,0.0,0.0
3/29/2020 2:00,0.0,0.0
3/29/2020 3:00,0.0,0.0
3/29/2020 4:00,0.0,0.0
3/29/2020 5:00,0.0,0.0
3/29/2020 6:00,0.0,0.0
3/29/2020 7:00,0.0,0.0
3/29/2020 8:00,0.0,0.0
3/29/2020 9:00,0.5,0.02
3/29/2020 10:00,2.25,0.1
3/29/2020 11:00,6.25,0.27
3/29/2020 12:00,11.0,0.47
3/29/2020 13:00,13.75,0.58
3/29/2020 14:00,14.0,0.6
3/29/2020 15:00,14.0,0.6
3/29/2020 16:00,13.5,0.57
3/29/2020 17:00,11.0,0.47
3/29/2020 18:00,9.25,0.39
3/29/2020 19:00,7.5,0.32
3/29/2020 20:00,3.75,0.16
3/29/2020 21:00,0.75,0.03
3/29/2020 22:00,0.0,0.0
3/29/2020 23:00,0.0,0.0
3/30/2020 0:00,0.0,0.0
3/30/2020 1:00,0.0,0.0
3/30/2020 2:00,0.0,0.0
3/30/2020 3:00,0.0,0.0
3/30/2020 4:00,0.0,0.0
3/30/2020 5:00,0.0,0.0
3/30/2020 6:00,0.0,0.0
3/30/2020 7:00,0.0,0.0
3/30/2020 8:00,0.0,0.0
3/30/2020 9:00,1.0,0.04
3/30/2020 10:00,1.0,0.04
3/30/2020 11:00,1.0,0.04
3/30/2020 12:00,5.5,0.23
3/30/2020 13:00,4.5,0.19
3/30/2020 14:00,2.5,0.11
3/30/2020 15:00,2.75,0.12
3/30/2020 16:00,4.75,0.2
3/30/2020 17:00,6.5,0.28
3/30/2020 18:00,3.25,0.14
3/30/2020 19:00,0.75,0.03
3/30/2020 20:00,0.0,0.0
3/30/2020 21:00,0.0,0.0
3/30/2020 22:00,0.0,0.0
3/30/2020 23:00,0.0,0.0
3/31/2020 0:00,0.0,0.0
3/31/2020 1:00,0.0,0.0
3/31/2020 2:00,0.0,0.0
3/31/2020 3:00,0.0,0.0
3/31/2020 4:00,0.0,0.0
3/31/2020 5:00,0.0,0.0
3/31/2020 6:00,0.0,0.0
3/31/2020 7:00,0.0,0.0
3/31/2020 8:00,0.0,0.0
3/31/2020 9:00,1.5,0.06
3/31/2020 10:00,2.25,0.1
3/31/2020 11:00,4.0,0.17
3/31/2020 12:00,4.25,0.18
3/31/2020 13:00,6.5,0.28
3/31/2020 14:00,6.25,0.27
3/31/2020 15:00,9.75,0.41
3/31/2020 16:00,13.25,0.56
3/31/2020 17:00,10.0,0.43
3/31/2020 18:00,4.25,0.18
3/31/2020 19:00,3.0,0.13
3/31/2020 20:00,0.5,0.02
3/31/2020 21:00,0.0,0.0
3/31/2020 22:00,0.0,0.0
3/31/2020 23:00,0.0,0.0
4/1/2020 0:00,0.0,0.0
4/1/2020 1:00,0.0,0.0
4/1/2020 2:00,0.0,0.0
4/1/2020 3:00,0.0,0.0
4/1/2020 4:00,0.0,0.0
4/1/2020 5:00,0.0,0.0
4/1/2020 6:00,0.0,0.0
4/1/2020 7:00,0.0,0.0
4/1/2020 8:00,0.25,0.01
4/1/2020 9:00,2.5,0.11
4/1/2020 10:00,5.0,0.21
4/1/2020 11:00,2.5,0.11
4/1/2020 12:00,1.25,0.05
4/1/2020 13:00,2.25,0.1
4/1/2020 14:00,2.5,0.11
4/1/2020 15:00,3.5,0.15
4/1/2020 16:00,11.5,0.49
4/1/2020 17:00,13.0,0.55
4/1/2020 18:00,5.0,0.21
4/1/2020 19:00,4.0,0.17
4/1/2020 20:00,0.75,0.03
4/1/2020 21:00,0.0,0.0
4/1/2020 22:00,0.0,0.0
4/1/2020 23:00,0.0,0.0
4/2/2020 0:00,0.0,0.0
4/2/2020 1:00,0.0,0.0
4/2/2020 2:00,0.0,0.0
4/2/2020 3:00,0.0,0.0
4/2/2020 4:00,0.0,0.0
4/2/2020 5:00,0.0,0.0
4/2/2020 6:00,0.0,0.0
4/2/2020 7:00,0.0,0.0
4/2/2020 8:00,0.25,0.01
4/2/2020 9:00,3.0,0.13
4/2/2020 10:00,8.25,0.35
4/2/2020 11:00,12.75,0.54
4/2/2020 12:00,15.75,0.67
4/2/2020 13:00,17.5,0.74
4/2/2020 14:00,16.0,0.68
4/2/2020 15:00,18.5,0.79
4/2/2020 16:00,16.75,0.71
4/2/2020 17:00,13.75,0.58
4/2/2020 18:00,10.5,0.45
4/2/2020 19:00,5.5,0.23
4/2/2020 20:00,0.5,0.02
4/2/2020 21:00,0.0,0.0
4/2/2020 22:00,0.0,0.0
4/2/2020 23:00,0.0,0.0
4/3/2020 0:00,0.0,0.0
4/3/2020 1:00,0.0,0.0
4/3/2020 2:00,0.0,0.0
4/3/2020 3:00,0.0,0.0
4/3/2020 4:00,0.0,0.0
4/3/2020 5:00,0.0,0.0
4/3/2020 6:00,0.0,0.0
4/3/2020 7:00,0.0,0.0
4/3/2020 8:00,0.25,0.01
4/3/2020 9:00,3.25,0.14
4/3/2020 10:00,8.25,0.35
4/3/2020 11:00,12.5,0.53
4/3/2020 12:00,16.0,0.68
4/3/2020 13:00,17.5,0.74
4/3/2020 14:00,18.0,0.77
4/3/2020 15:00,17.5,0.74
4/3/2020 16:00,16.5,0.7
4/3/2020 17:00,14.5,0.62
4/3/2020 18:00,9.5,0.4
4/3/2020 19:00,4.5,0.19
4/3/2020 20:00,0.5,0.02
4/3/2020 21:00,0.0,0.0
4/3/2020 22:00,0.0,0.0
4/3/2020 23:00,0.0,0.0
4/4/2020 0:00,0.0,0.0
4/4/2020 1:00,0.0,0.0
4/4/2020 2:00,0.0,0.0
4/4/2020 3:00,0.0,0.0
4/4/2020 4:00,0.0,0.0
4/4/2020 5:00,0.0,0.0
4/4/2020 6:00,0.0,0.0
4/4/2020 7:00,0.0,0.0
4/4/2020 8:00,0.25,0.01
4/4/2020 9:00,1.25,0.05
4/4/2020 10:00,3.25,0.14
4/4/2020 11:00,4.75,0.2
4/4/2020 12:00,6.5,0.28
4/4/2020 13:00,9.5,0.4
4/4/2020 14:00,8.0,0.34
4/4/2020 15:00,10.0,0.43
4/4/2020 16:00,10.0,0.43
4/4/2020 17:00,3.75,0.16
4/4/2020 18:00,3.75,0.16
4/4/2020 19:00,2.25,0.1
4/4/2020 20:00,0.25,0.01
4/4/2020 21:00,0.0,0.0
4/4/2020 22:00,0.0,0.0
4/4/2020 23:00,0.0,0.0
4/5/2020 0:00,0.0,0.0
4/5/2020 1:00,0.0,0.0
4/5/2020 2:00,0.0,0.0
4/5/2020 3:00,0.0,0.0
4/5/2020 4:00,0.0,0.0
4/5/2020 5:00,0.0,0.0
4/5/2020 6:00,0.0,0.0
4/5/2020 7:00,0.0,0.0
4/5/2020 8:00,0.0,0.0
4/5/2020 9:00,0.75,0.03
4/5/2020 10:00,1.0,0.04
4/5/2020 11:00,4.5,0.19
4/5/2020 12:00,4.25,0.18
4/5/2020 13:00,5.25,0.22
4/5/2020 14:00,4.25,0.18
4/5/2020 15:00,2.0,0.09
4/5/2020 16:00,3.5,0.15
4/5/2020 17:00,4.0,0.17
4/5/2020 18:00,3.25,0.14
4/5/2020 19:00,1.5,0.06
4/5/2020 20:00,0.5,0.02
4/5/2020 21:00,0.0,0.0
4/5/2020 22:00,0.0,0.0
4/5/2020 23:00,0.0,0.0
4/6/2020 0:00,0.0,0.0
4/6/2020 1:00,0.0,0.0
4/6/2020 2:00,0.0,0.0
4/6/2020 3:00,0.0,0.0
4/6/2020 4:00,0.0,0.0
4/6/2020 5:00,0.0,0.0
4/6/2020 6:00,0.0,0.0
4/6/2020 7:00,0.0,0.0
4/6/2020 8:00,0.25,0.01
4/6/2020 9:00,1.0,0.04
4/6/2020 10:00,2.0,0.09
4/6/2020 11:00,3.5,0.15
4/6/2020 12:00,2.75,0.12
4/6/2020 13:00,3.25,0.14
4/6/2020 14:00,6.5,0.28
4/6/2020 15:00,2.75,0.12
4/6/2020 16:00,1.0,0.04
4/6/2020 17:00,1.0,0.04
4/6/2020 18:00,1.25,0.05
4/6/2020 19:00,0.5,0.02
4/6/2020 20:00,0.25,0.01
4/6/2020 21:00,0.0,0.0
4/6/2020 22:00,0.0,0.0
4/6/2020 23:00,0.0,0.0
4/7/2020 0:00,0.0,0.0
4/7/2020 1:00,0.0,0.0
4/7/2020 2:00,0.0,0.0
4/7/2020 3:00,0.0,0.0
4/7/2020 4:00,0.0,0.0
4/7/2020 5:00,0.0,0.0
4/7/2020 6:00,0.0,0.0
4/7/2020 7:00,0.0,0.0
4/7/2020 8:00,0.25,0.01
4/7/2020 9:00,0.75,0.03
4/7/2020 10:00,2.0,0.09
4/7/2020 11:00,3.75,0.16
4/7/2020 12:00,8.75,0.37
4/7/2020 13:00,9.25,0.39
4/7/2020 14:00,9.75,0.41
4/7/2020 15:00,12.25,0.52
4/7/2020 16:00,11.75,0.5
4/7/2020 17:00,8.25,0.35
4/7/2020 18:00,7.0,0.3
4/7/2020 19:00,5.25,0.22
4/7/2020 20:00,0.75,0.03
4/7/2020 21:00,0.0,0.0
4/7/2020 22:00,0.0,0.0
4/7/2020 23:00,0.0,0.0
4/8/2020 0:00,0.0,0.0
4/8/2020 1:00,0.0,0.0
4/8/2020 2:00,0.0,0.0
4/8/2020 3:00,0.0,0.0
4/8/2020 4:00,0.0,0.0
4/8/2020 5:00,0.0,0.0
4/8/2020 6:00,0.0,0.0
4/8/2020 7:00,0.0,0.0
4/8/2020 8:00,0.5,0.02
4/8/2020 9:00,1.0,0.04
4/8/2020 10:00,2.0,0.09
4/8/2020 11:00,4.75,0.2
4/8/2020 12:00,6.5,0.28
4/8/2020 13:00,6.75,0.29
4/8/2020 14:00,8.5,0.36
4/8/2020 15:00,3.25,0.14
4/8/2020 16:00,5.25,0.22
4/8/2020 17:00,5.25,0.22
4/8/2020 18:00,4.25,0.18
4/8/2020 19:00,1.25,0.05
4/8/2020 20:00,0.5,0.02
4/8/2020 21:00,0.0,0.0
4/8/2020 22:00,0.0,0.0
4/8/2020 23:00,0.0,0.0
4/9/2020 0:00,0.0,0.0
4/9/2020 1:00,0.0,0.0
4/9/2020 2:00,0.0,0.0
4/9/2020 3:00,0.0,0.0
4/9/2020 4:00,0.0,0.0
4/9/2020 5:00,0.0,0.0
4/9/2020 6:00,0.0,0.0
4/9/2020 7:00,0.0,0.0
4/9/2020 8:00,0.0,0.0
4/9/2020 9:00,0.5,0.02
4/9/2020 10:00,1.25,0.05
4/9/2020 11:00,2.5,0.11
4/9/2020 12:00,2.25,0.1
4/9/2020 13:00,3.75,0.16
4/9/2020 14:00,3.25,0.14
4/9/2020 15:00,5.5,0.23
4/9/2020 16:00,7.0,0.3
4/9/2020 17:00,6.75,0.29
4/9/2020 18:00,4.25,0.18
4/9/2020 19:00,1.75,0.07
4/9/2020 20:00,0.5,0.02
4/9/2020 21:00,0.0,0.0
4/9/2020 22:00,0.0,0.0
4/9/2020 23:00,0.0,0.0
4/10/2020 0:00,0.0,0.0
4/10/2020 1:00,0.0,0.0
4/10/2020 2:00,0.0,0.0
4/10/2020 3:00,0.0,0.0
4/10/2020 4:00,0.0,0.0
4/10/2020 5:00,0.0,0.0
4/10/2020 6:00,0.0,0.0
4/10/2020 7:00,0.0,0.0
4/10/2020 8:00,0.5,0.02
4/10/2020 9:00,3.25,0.14
4/10/2020 10:00,8.25,0.35
4/10/2020 11:00,10.0,0.43
4/10/2020 12:00,11.25,0.48
4/10/2020 13:00,11.5,0.49
4/10/2020 14:00,11.5,0.49
4/10/2020 15:00,10.5,0.45
4/10/2020 16:00,9.75,0.41
4/10/2020 17:00,6.75,0.29
4/10/2020 18:00,9.0,0.38
4/10/2020 19:00,4.75,0.2
4/10/2020 20:00,0.75,0.03
4/10/2020 21:00,0.0,0.0
4/10/2020 22:00,0.0,0.0
4/10/2020 23:00,0.0,0.0
4/11/2020 0:00,0.0,0.0
4/11/2020 1:00,0.0,0.0
4/11/2020 2:00,0.0,0.0
4/11/2020 3:00,0.0,0.0
4/11/2020 4:00,0.0,0.0
4/11/2020 5:00,0.0,0.0
4/11/2020 6:00,0.0,0.0
4/11/2020 7:00,0.0,0.0
4/11/2020 8:00,0.5,0.02
4/11/2020 9:00,2.5,0.11
4/11/2020 10:00,4.0,0.17
4/11/2020 11:00,8.5,0.36
4/11/2020 12:00,15.75,0.67
4/11/2020 13:00,15.25,0.65
4/11/2020 14:00,13.5,0.57
4/11/2020 15:00,14.5,0.62
4/11/2020 16:00,16.0,0.68
4/11/2020 17:00,14.0,0.6
4/11/2020 18:00,10.5,0.45
4/11/2020 19:00,5.75,0.24
4/11/2020 20:00,0.75,0.03
4/11/2020 21:00,0.0,0.0
4/11/2020 22:00,0.0,0.0
4/11/2020 23:00,0.0,0.0
4/12/2020 0:00,0.0,0.0
4/12/2020 1:00,0.0,0.0
4/12/2020 2:00,0.0,0.0
4/12/2020 3:00,0.0,0.0
4/12/2020 4:00,0.0,0.0
4/12/2020 5:00,0.0,0.0
4/12/2020 6:00,0.0,0.0
4/12/2020 7:00,0.0,0.0
4/12/2020 8:00,0.75,0.03
4/12/2020 9:00,3.0,0.13
4/12/2020 10:00,7.75,0.33
4/12/2020 11:00,11.75,0.5
4/12/2020 12:00,15.5,0.66
4/12/2020 13:00,10.75,0.46
4/12/2020 14:00,12.5,0.53
4/12/2020 15:00,12.25,0.52
4/12/2020 16:00,11.75,0.5
4/12/2020 17:00,12.5,0.53
4/12/2020 18:00,10.0,0.43
4/12/2020 19:00,5.75,0.24
4/12/2020 20:00,0.75,0.03
4/12/2020 21:00,0.25,0.01
4/12/2020 22:00,0.0,0.0
4/12/2020 23:00,0.0,0.0
4/13/2020 0:00,0.0,0.0
4/13/2020 1:00,0.0,0.0
4/13/2020 2:00,0.0,0.0
4/13/2020 3:00,0.0,0.0
4/13/2020 4:00,0.0,0.0
4/13/2020 5:00,0.0,0.0
4/13/2020 6:00,0.0,0.0
4/13/2020 7:00,0.0,0.0
4/13/2020 8:00,0.5,0.02
4/13/2020 9:00,2.25,0.1
4/13/2020 10:00,2.75,0.12
4/13/2020 11:00,3.5,0.15
4/13/2020 12:00,5.25,0.22
4/13/2020 13:00,7.25,0.31
4/13/2020 14:00,11.0,0.47
4/13/2020 15:00,9.75,0.41
4/13/2020 16:00,5.75,0.24
4/13/2020 17:00,8.0,0.34
4/13/2020 18:00,7.0,0.3
4/13/2020 19:00,7.0,0.3
4/13/2020 20:00,1.25,0.05
4/13/2020 21:00,0.0,0.0
4/13/2020 22:00,0.0,0.0
4/13/2020 23:00,0.0,0.0
4/14/2020 0:00,0.0,0.0
4/14/2020 1:00,0.0,0.0
4/14/2020 2:00,0.0,0.0
4/14/2020 3:00,0.0,0.0
4/14/2020 4:00,0.0,0.0
4/14/2020 5:00,0.0,0.0
4/14/2020 6:00,0.0,0.0
4/14/2020 7:00,0.0,0.0
4/14/2020 8:00,0.0,0.0
4/14/2020 9:00,1.75,0.07
4/14/2020 10:00,5.0,0.21
4/14/2020 11:00,8.5,0.36
4/14/2020 12:00,15.5,0.66
4/14/2020 13:00,17.75,0.75
4/14/2020 14:00,14.5,0.62
4/14/2020 15:00,11.5,0.49
4/14/2020 16:00,6.25,0.27
4/14/2020 17:00,3.5,0.15
4/14/2020 18:00,2.0,0.09
4/14/2020 19:00,0.75,0.03
4/14/2020 20:00,1.0,0.04
4/14/2020 21:00,0.0,0.0
4/14/2020 22:00,0.0,0.0
4/14/2020 23:00,0.0,0.0
4/15/2020 0:00,0.0,0.0
4/15/2020 1:00,0.0,0.0
4/15/2020 2:00,0.0,0.0
4/15/2020 3:00,0.0,0.0
4/15/2020 4:00,0.0,0.0
4/15/2020 5:00,0.0,0.0
4/15/2020 6:00,0.0,0.0
4/15/2020 7:00,0.0,0.0
4/15/2020 8:00,0.25,0.01
4/15/2020 9:00,1.0,0.04
4/15/2020 10:00,7.0,0.3
4/15/2020 11:00,6.25,0.27
4/15/2020 12:00,12.5,0.53
4/15/2020 13:00,14.75,0.63
4/15/2020 14:00,14.25,0.61
4/15/2020 15:00,13.75,0.58
4/15/2020 16:00,9.25,0.39
4/15/2020 17:00,9.0,0.38
4/15/2020 18:00,6.0,0.26
4/15/2020 19:00,2.5,0.11
4/15/2020 20:00,1.0,0.04
4/15/2020 21:00,0.25,0.01
4/15/2020 22:00,0.0,0.0
4/15/2020 23:00,0.0,0.0
4/16/2020 0:00,0.0,0.0
4/16/2020 1:00,0.0,0.0
4/16/2020 2:00,0.0,0.0
4/16/2020 3:00,0.0,0.0
4/16/2020 4:00,0.0,0.0
4/16/2020 5:00,0.0,0.0
4/16/2020 6:00,0.0,0.0
4/16/2020 7:00,0.0,0.0
4/16/2020 8:00,0.0,0.0
4/16/2020 9:00,1.25,0.05
4/16/2020 10:00,6.5,0.28
4/16/2020 11:00,9.5,0.4
4/16/2020 12:00,8.0,0.34
4/16/2020 13:00,7.0,0.3
4/16/2020 14:00,11.5,0.49
4/16/2020 15:00,9.0,0.38
4/16/2020 16:00,14.75,0.63
4/16/2020 17:00,8.5,0.36
4/16/2020 18:00,4.0,0.17
4/16/2020 19:00,2.0,0.09
4/16/2020 20:00,0.75,0.03
4/16/2020 21:00,0.0,0.0
4/16/2020 22:00,0.0,0.0
4/16/2020 23:00,0.0,0.0
4/17/2020 0:00,0.0,0.0
4/17/2020 1:00,0.0,0.0
4/17/2020 2:00,0.0,0.0
4/17/2020 3:00,0.0,0.0
4/17/2020 4:00,0.0,0.0
4/17/2020 5:00,0.0,0.0
4/17/2020 6:00,0.0,0.0
4/17/2020 7:00,0.0,0.0
4/17/2020 8:00,1.25,0.05
4/17/2020 9:00,3.75,0.16
4/17/2020 10:00,8.0,0.34
4/17/2020 11:00,13.0,0.55
4/17/2020 12:00,16.0,0.68
4/17/2020 13:00,17.25,0.73
4/17/2020 14:00,18.0,0.77
4/17/2020 15:00,18.5,0.79
4/17/2020 16:00,16.0,0.68
4/17/2020 17:00,13.75,0.58
4/17/2020 18:00,10.5,0.45
4/17/2020 19:00,6.25,0.27
4/17/2020 20:00,1.25,0.05
4/17/2020 21:00,0.0,0.0
4/17/2020 22:00,0.0,0.0
4/17/2020 23:00,0.0,0.0
4/18/2020 0:00,0.0,0.0
4/18/2020 1:00,0.0,0.0
4/18/2020 2:00,0.0,0.0
4/18/2020 3:00,0.0,0.0
4/18/2020 4:00,0.0,0.0
4/18/2020 5:00,0.0,0.0
4/18/2020 6:00,0.0,0.0
4/18/2020 7:00,0.0,0.0
4/18/2020 8:00,0.75,0.03
4/18/2020 9:00,4.75,0.2
4/18/2020 10:00,9.0,0.38
4/18/2020 11:00,12.5,0.53
4/18/2020 12:00,15.25,0.65
4/18/2020 13:00,8.75,0.37
4/18/2020 14:00,11.5,0.49
4/18/2020 15:00,12.25,0.52
4/18/2020 16:00,7.5,0.32
4/18/2020 17:00,8.0,0.34
4/18/2020 18:00,7.0,0.3
4/18/2020 19:00,6.25,0.27
4/18/2020 20:00,1.25,0.05
4/18/2020 21:00,0.0,0.0
4/18/2020 22:00,0.0,0.0
4/18/2020 23:00,0.0,0.0
4/19/2020 0:00,0.0,0.0
4/19/2020 1:00,0.0,0.0
4/19/2020 2:00,0.0,0.0
4/19/2020 3:00,0.0,0.0
4/19/2020 4:00,0.0,0.0
4/19/2020 5:00,0.0,0.0
4/19/2020 6:00,0.0,0.0
4/19/2020 7:00,0.0,0.0
4/19/2020 8:00,0.75,0.03
4/19/2020 9:00,4.25,0.18
4/19/2020 10:00,9.25,0.39
4/19/2020 11:00,9.75,0.41
4/19/2020 12:00,9.75,0.41
4/19/2020 13:00,12.0,0.51
4/19/2020 14:00,11.5,0.49
4/19/2020 15:00,12.25,0.52
4/19/2020 16:00,8.25,0.35
4/19/2020 17:00,6.0,0.26
4/19/2020 18:00,10.75,0.46
4/19/2020 19:00,4.5,0.19
4/19/2020 20:00,1.0,0.04
4/19/2020 21:00,0.0,0.0
4/19/2020 22:00,0.0,0.0
4/19/2020 23:00,0.0,0.0
4/20/2020 0:00,0.0,0.0
4/20/2020 1:00,0.0,0.0
4/20/2020 2:00,0.0,0.0
4/20/2020 3:00,0.0,0.0
4/20/2020 4:00,0.0,0.0
4/20/2020 5:00,0.0,0.0
4/20/2020 6:00,0.0,0.0
4/20/2020 7:00,0.0,0.0
4/20/2020 8:00,0.5,0.02
4/20/2020 9:00,3.0,0.13
4/20/2020 10:00,3.5,0.15
4/20/2020 11:00,4.5,0.19
4/20/2020 12:00,4.25,0.18
4/20/2020 13:00,2.0,0.09
4/20/2020 14:00,6.75,0.29
4/20/2020 15:00,12.0,0.51
4/20/2020 16:00,7.5,0.32
4/20/2020 17:00,7.25,0.31
4/20/2020 18:00,8.5,0.36
4/20/2020 19:00,5.25,0.22
4/20/2020 20:00,0.75,0.03
4/20/2020 21:00,0.0,0.0
4/20/2020 22:00,0.0,0.0
4/20/2020 23:00,0.0,0.0
4/21/2020 0:00,0.0,0.0
4/21/2020 1:00,0.0,0.0
4/21/2020 2:00,0.0,0.0
4/21/2020 3:00,0.0,0.0
4/21/2020 4:00,0.0,0.0
4/21/2020 5:00,0.0,0.0
4/21/2020 6:00,0.0,0.0
4/21/2020 7:00,0.0,0.0
4/21/2020 8:00,0.5,0.02
4/21/2020 9:00,4.5,0.19
4/21/2020 10:00,10.25,0.44
4/21/2020 11:00,11.0,0.47
4/21/2020 12:00,14.0,0.6
4/21/2020 13:00,14.75,0.63
4/21/2020 14:00,11.5,0.49
4/21/2020 15:00,9.75,0.41
4/21/2020 16:00,9.0,0.38
4/21/2020 17:00,10.0,0.43
4/21/2020 18:00,6.0,0.26
4/21/2020 19:00,3.0,0.13
4/21/2020 20:00,1.5,0.06
4/21/2020 21:00,0.0,0.0
4/21/2020 22:00,0.0,0.0
4/21/2020 23:00,0.0,0.0
4/22/2020 0:00,0.0,0.0
4/22/2020 1:00,0.0,0.0
4/22/2020 2:00,0.0,0.0
4/22/2020 3:00,0.0,0.0
4/22/2020 4:00,0.0,0.0
4/22/2020 5:00,0.0,0.0
4/22/2020 6:00,0.0,0.0
4/22/2020 7:00,0.0,0.0
4/22/2020 8:00,1.0,0.04
4/22/2020 9:00,4.5,0.19
4/22/2020 10:00,6.75,0.29
4/22/2020 11:00,12.0,0.51
4/22/2020 12:00,14.25,0.61
4/22/2020 13:00,13.25,0.56
4/22/2020 14:00,16.5,0.7
4/22/2020 15:00,14.75,0.63
4/22/2020 16:00,16.75,0.71
4/22/2020 17:00,14.75,0.63
4/22/2020 18:00,8.25,0.35
4/22/2020 19:00,6.0,0.26
4/22/2020 20:00,1.5,0.06
4/22/2020 21:00,0.0,0.0
4/22/2020 22:00,0.0,0.0
4/22/2020 23:00,0.0,0.0
4/23/2020 0:00,0.0,0.0
4/23/2020 1:00,0.0,0.0
4/23/2020 2:00,0.0,0.0
4/23/2020 3:00,0.0,0.0
4/23/2020 4:00,0.0,0.0
4/23/2020 5:00,0.0,0.0
4/23/2020 6:00,0.0,0.0
4/23/2020 7:00,0.0,0.0
4/23/2020 8:00,1.25,0.05
4/23/2020 9:00,2.75,0.12
4/23/2020 10:00,5.5,0.23
4/23/2020 11:00,5.75,0.24
4/23/2020 12:00,10.0,0.43
4/23/2020 13:00,16.5,0.7
4/23/2020 14:00,16.75,0.71
4/23/2020 15:00,17.0,0.72
4/23/2020 16:00,16.25,0.69
4/23/2020 17:00,10.25,0.44
4/23/2020 18:00,7.75,0.33
4/23/2020 19:00,5.25,0.22
4/23/2020 20:00,1.25,0.05
4/23/2020 21:00,0.0,0.0
4/23/2020 22:00,0.0,0.0
4/23/2020 23:00,0.0,0.0
4/24/2020 0:00,0.0,0.0
4/24/2020 1:00,0.0,0.0
4/24/2020 2:00,0.0,0.0
4/24/2020 3:00,0.0,0.0
4/24/2020 4:00,0.0,0.0
4/24/2020 5:00,0.0,0.0
4/24/2020 6:00,0.0,0.0
4/24/2020 7:00,0.0,0.0
4/24/2020 8:00,1.0,0.04
4/24/2020 9:00,4.25,0.18
4/24/2020 10:00,9.0,0.38
4/24/2020 11:00,13.25,0.56
4/24/2020 12:00,16.0,0.68
4/24/2020 13:00,17.5,0.74
4/24/2020 14:00,17.0,0.72
4/24/2020 15:00,16.5,0.7
4/24/2020 16:00,13.0,0.55
4/24/2020 17:00,11.25,0.48
4/24/2020 18:00,7.25,0.31
4/24/2020 19:00,7.0,0.3
4/24/2020 20:00,1.5,0.06
4/24/2020 21:00,0.0,0.0
4/24/2020 22:00,0.0,0.0
4/24/2020 23:00,0.0,0.0
4/25/2020 0:00,0.0,0.0
4/25/2020 1:00,0.0,0.0
4/25/2020 2:00,0.0,0.0
4/25/2020 3:00,0.0,0.0
4/25/2020 4:00,0.0,0.0
4/25/2020 5:00,0.0,0.0
4/25/2020 6:00,0.0,0.0
4/25/2020 7:00,0.0,0.0
4/25/2020 8:00,1.0,0.04
4/25/2020 9:00,4.5,0.19
4/25/2020 10:00,9.0,0.38
4/25/2020 11:00,10.75,0.46
4/25/2020 12:00,16.25,0.69
4/25/2020 13:00,16.0,0.68
4/25/2020 14:00,15.25,0.65
4/25/2020 15:00,13.75,0.58
4/25/2020 16:00,15.75,0.67
4/25/2020 17:00,13.5,0.57
4/25/2020 18:00,9.5,0.4
4/25/2020 19:00,6.0,0.26
4/25/2020 20:00,1.5,0.06
4/25/2020 21:00,0.0,0.0
4/25/2020 22:00,0.0,0.0
4/25/2020 23:00,0.0,0.0
4/26/2020 0:00,0.0,0.0
4/26/2020 1:00,0.0,0.0
4/26/2020 2:00,0.0,0.0
4/26/2020 3:00,0.0,0.0
4/26/2020 4:00,0.0,0.0
4/26/2020 5:00,0.0,0.0
4/26/2020 6:00,0.0,0.0
4/26/2020 7:00,0.0,0.0
4/26/2020 8:00,1.0,0.04
4/26/2020 9:00,3.5,0.15
4/26/2020 10:00,7.0,0.3
4/26/2020 11:00,9.5,0.4
4/26/2020 12:00,8.25,0.35
4/26/2020 13:00,2.0,0.09
4/26/2020 14:00,3.5,0.15
4/26/2020 15:00,7.0,0.3
4/26/2020 16:00,11.5,0.49
4/26/2020 17:00,5.75,0.24
4/26/2020 18:00,1.25,0.05
4/26/2020 19:00,2.0,0.09
4/26/2020 20:00,1.75,0.07
4/26/2020 21:00,0.0,0.0
4/26/2020 22:00,0.0,0.0
4/26/2020 23:00,0.0,0.0
4/27/2020 0:00,0.0,0.0
4/27/2020 1:00,0.0,0.0
4/27/2020 2:00,0.0,0.0
4/27/2020 3:00,0.0,0.0
4/27/2020 4:00,0.0,0.0
4/27/2020 5:00,0.0,0.0
4/27/2020 6:00,0.0,0.0
4/27/2020 7:00,0.0,0.0
4/27/2020 8:00,1.25,0.05
4/27/2020 9:00,3.75,0.16
4/27/2020 10:00,5.0,0.21
4/27/2020 11:00,2.25,0.1
4/27/2020 12:00,4.5,0.19
4/27/2020 13:00,9.25,0.39
4/27/2020 14:00,9.0,0.38
4/27/2020 15:00,13.25,0.56
4/27/2020 16:00,14.0,0.6
4/27/2020 17:00,14.0,0.6
4/27/2020 18:00,11.25,0.48
4/27/2020 19:00,6.5,0.28
4/27/2020 20:00,1.5,0.06
4/27/2020 21:00,0.0,0.0
4/27/2020 22:00,0.0,0.0
4/27/2020 23:00,0.0,0.0
4/28/2020 0:00,0.0,0.0
4/28/2020 1:00,0.0,0.0
4/28/2020 2:00,0.0,0.0
4/28/2020 3:00,0.0,0.0
4/28/2020 4:00,0.0,0.0
4/28/2020 5:00,0.0,0.0
4/28/2020 6:00,0.0,0.0
4/28/2020 7:00,0.0,0.0
4/28/2020 8:00,1.0,0.04
4/28/2020 9:00,4.75,0.2
4/28/2020 10:00,9.5,0.4
4/28/2020 11:00,8.75,0.37
4/28/2020 12:00,6.75,0.29
4/28/2020 13:00,6.0,0.26
4/28/2020 14:00,9.0,0.38
4/28/2020 15:00,10.25,0.44
4/28/2020 16:00,9.75,0.41
4/28/2020 17:00,13.25,0.56
4/28/2020 18:00,11.0,0.47
4/28/2020 19:00,6.5,0.28
4/28/2020 20:00,1.5,0.06
4/28/2020 21:00,0.0,0.0
4/28/2020 22:00,0.0,0.0
4/28/2020 23:00,0.0,0.0
4/29/2020 0:00,0.0,0.0
4/29/2020 1:00,0.0,0.0
4/29/2020 2:00,0.0,0.0
4/29/2020 3:00,0.0,0.0
4/29/2020 4:00,0.0,0.0
4/29/2020 5:00,0.0,0.0
4/29/2020 6:00,0.0,0.0
4/29/2020 7:00,0.0,0.0
4/29/2020 8:00,1.0,0.04
4/29/2020 9:00,2.25,0.1
4/29/2020 10:00,2.5,0.11
4/29/2020 11:00,3.5,0.15
4/29/2020 12:00,5.0,0.21
4/29/2020 13:00,6.0,0.26
4/29/2020 14:00,9.0,0.38
4/29/2020 15:00,17.0,0.72
4/29/2020 16:00,11.0,0.47
4/29/2020 17:00,6.5,0.28
4/29/2020 18:00,9.75,0.41
4/29/2020 19:00,4.25,0.18
4/29/2020 20:00,1.0,0.04
4/29/2020 21:00,0.0,0.0
4/29/2020 22:00,0.0,0.0
4/29/2020 23:00,0.0,0.0
4/30/2020 0:00,0.0,0.0
4/30/2020 1:00,0.0,0.0
4/30/2020 2:00,0.0,0.0
4/30/2020 3:00,0.0,0.0
4/30/2020 4:00,0.0,0.0
4/30/2020 5:00,0.0,0.0
4/30/2020 6:00,0.0,0.0
4/30/2020 7:00,0.0,0.0
4/30/2020 8:00,1.25,0.05
4/30/2020 9:00,4.25,0.18
4/30/2020 10:00,8.0,0.34
4/30/2020 11:00,12.0,0.51
4/30/2020 12:00,11.75,0.5
4/30/2020 13:00,9.25,0.39
4/30/2020 14:00,9.75,0.41
4/30/2020 15:00,16.5,0.7
4/30/2020 16:00,16.5,0.7
4/30/2020 17:00,13.5,0.57
4/30/2020 18:00,9.25,0.39
4/30/2020 19:00,5.25,0.22
4/30/2020 20:00,1.5,0.06
4/30/2020 21:00,0.0,0.0
4/30/2020 22:00,0.0,0.0
4/30/2020 23:00,0.0,0.0
5/1/2020 0:00,0.0,0.0
5/1/2020 1:00,0.0,0.0
5/1/2020 2:00,0.0,0.0
5/1/2020 3:00,0.0,0.0
5/1/2020 4:00,0.0,0.0
5/1/2020 5:00,0.0,0.0
5/1/2020 6:00,0.0,0.0
5/1/2020 7:00,0.0,0.0
5/1/2020 8:00,1.25,0.05
5/1/2020 9:00,3.5,0.15
5/1/2020 10:00,7.0,0.3
5/1/2020 11:00,10.0,0.43
5/1/2020 12:00,8.75,0.37
5/1/2020 13:00,13.5,0.57
5/1/2020 14:00,10.25,0.44
5/1/2020 15:00,11.5,0.49
5/1/2020 16:00,16.75,0.71
5/1/2020 17:00,14.0,0.6
5/1/2020 18:00,9.0,0.38
5/1/2020 19:00,2.5,0.11
5/1/2020 20:00,0.75,0.03
5/1/2020 21:00,0.0,0.0
5/1/2020 22:00,0.0,0.0
5/1/2020 23:00,0.0,0.0
5/2/2020 0:00,0.0,0.0
5/2/2020 1:00,0.0,0.0
5/2/2020 2:00,0.0,0.0
5/2/2020 3:00,0.0,0.0
5/2/2020 4:00,0.0,0.0
5/2/2020 5:00,0.0,0.0
5/2/2020 6:00,0.0,0.0
5/2/2020 7:00,0.0,0.0
5/2/2020 8:00,1.0,0.04
5/2/2020 9:00,3.5,0.15
5/2/2020 10:00,7.25,0.31
5/2/2020 11:00,13.75,0.58
5/2/2020 12:00,16.25,0.69
5/2/2020 13:00,16.0,0.68
5/2/2020 14:00,18.0,0.77
5/2/2020 15:00,17.5,0.74
5/2/2020 16:00,16.5,0.7
5/2/2020 17:00,13.75,0.58
5/2/2020 18:00,10.75,0.46
5/2/2020 19:00,6.25,0.27
5/2/2020 20:00,1.75,0.07
5/2/2020 21:00,0.0,0.0
5/2/2020 22:00,0.0,0.0
5/2/2020 23:00,0.0,0.0
5/3/2020 0:00,0.0,0.0
5/3/2020 1:00,0.0,0.0
5/3/2020 2:00,0.0,0.0
5/3/2020 3:00,0.0,0.0
5/3/2020 4:00,0.0,0.0
5/3/2020 5:00,0.0,0.0
5/3/2020 6:00,0.0,0.0
5/3/2020 7:00,0.0,0.0
5/3/2020 8:00,1.25,0.05
5/3/2020 9:00,5.25,0.22
5/3/2020 10:00,9.25,0.39
5/3/2020 11:00,13.0,0.55
5/3/2020 12:00,15.5,0.66
5/3/2020 13:00,16.5,0.7
5/3/2020 14:00,16.5,0.7
5/3/2020 15:00,16.25,0.69
5/3/2020 16:00,15.25,0.65
5/3/2020 17:00,12.75,0.54
5/3/2020 18:00,8.75,0.37
5/3/2020 19:00,5.25,0.22
5/3/2020 20:00,2.25,0.1
5/3/2020 21:00,0.25,0.01
5/3/2020 22:00,0.0,0.0
5/3/2020 23:00,0.0,0.0
5/4/2020 0:00,0.0,0.0
5/4/2020 1:00,0.0,0.0
5/4/2020 2:00,0.0,0.0
5/4/2020 3:00,0.0,0.0
5/4/2020 4:00,0.0,0.0
5/4/2020 5:00,0.0,0.0
5/4/2020 6:00,0.0,0.0
5/4/2020 7:00,0.0,0.0
5/4/2020 8:00,1.0,0.04
5/4/2020 9:00,4.75,0.2
5/4/2020 10:00,7.75,0.33
5/4/2020 11:00,4.5,0.19
5/4/2020 12:00,5.75,0.24
5/4/2020 13:00,11.5,0.49
5/4/2020 14:00,15.5,0.66
5/4/2020 15:00,15.0,0.64
5/4/2020 16:00,15.0,0.64
5/4/2020 17:00,9.0,0.38
5/4/2020 18:00,6.75,0.29
5/4/2020 19:00,4.75,0.2
5/4/2020 20:00,1.5,0.06
5/4/2020 21:00,0.25,0.01
5/4/2020 22:00,0.0,0.0
5/4/2020 23:00,0.0,0.0
5/5/2020 0:00,0.0,0.0
5/5/2020 1:00,0.0,0.0
5/5/2020 2:00,0.0,0.0
5/5/2020 3:00,0.0,0.0
5/5/2020 4:00,0.0,0.0
5/5/2020 5:00,0.0,0.0
5/5/2020 6:00,0.0,0.0
5/5/2020 7:00,0.0,0.0
5/5/2020 8:00,1.0,0.04
5/5/2020 9:00,2.75,0.12
5/5/2020 10:00,3.75,0.16
5/5/2020 11:00,11.5,0.49
5/5/2020 12:00,14.25,0.61
5/5/2020 13:00,14.5,0.62
5/5/2020 14:00,11.75,0.5
5/5/2020 15:00,14.0,0.6
5/5/2020 16:00,12.75,0.54
5/5/2020 17:00,13.25,0.56
5/5/2020 18:00,10.5,0.45
5/5/2020 19:00,5.5,0.23
5/5/2020 20:00,1.75,0.07
5/5/2020 21:00,0.0,0.0
5/5/2020 22:00,0.0,0.0
5/5/2020 23:00,0.0,0.0
5/6/2020 0:00,0.0,0.0
5/6/2020 1:00,0.0,0.0
5/6/2020 2:00,0.0,0.0
5/6/2020 3:00,0.0,0.0
5/6/2020 4:00,0.0,0.0
5/6/2020 5:00,0.0,0.0
5/6/2020 6:00,0.0,0.0
5/6/2020 7:00,0.0,0.0
5/6/2020 8:00,1.25,0.05
5/6/2020 9:00,4.25,0.18
5/6/2020 10:00,9.75,0.41
5/6/2020 11:00,13.0,0.55
5/6/2020 12:00,15.5,0.66
5/6/2020 13:00,16.75,0.71
5/6/2020 14:00,15.5,0.66
5/6/2020 15:00,8.75,0.37
5/6/2020 16:00,14.5,0.62
5/6/2020 17:00,8.25,0.35
5/6/2020 18:00,8.5,0.36
5/6/2020 19:00,4.75,0.2
5/6/2020 20:00,1.75,0.07
5/6/2020 21:00,0.25,0.01
5/6/2020 22:00,0.0,0.0
5/6/2020 23:00,0.0,0.0
5/7/2020 0:00,0.0,0.0
5/7/2020 1:00,0.0,0.0
5/7/2020 2:00,0.0,0.0
5/7/2020 3:00,0.0,0.0
5/7/2020 4:00,0.0,0.0
5/7/2020 5:00,0.0,0.0
5/7/2020 6:00,0.0,0.0
5/7/2020 7:00,0.0,0.0
5/7/2020 8:00,1.25,0.05
5/7/2020 9:00,5.25,0.22
5/7/2020 10:00,9.75,0.41
5/7/2020 11:00,13.5,0.57
5/7/2020 12:00,16.0,0.68
5/7/2020 13:00,17.5,0.74
5/7/2020 14:00,17.5,0.74
5/7/2020 15:00,16.0,0.68
5/7/2020 16:00,16.5,0.7
5/7/2020 17:00,13.75,0.58
5/7/2020 18:00,8.0,0.34
5/7/2020 19:00,5.0,0.21
5/7/2020 20:00,1.0,0.04
5/7/2020 21:00,0.0,0.0
5/7/2020 22:00,0.0,0.0
5/7/2020 23:00,0.0,0.0
5/8/2020 0:00,0.0,0.0
5/8/2020 1:00,0.0,0.0
5/8/2020 2:00,0.0,0.0
5/8/2020 3:00,0.0,0.0
5/8/2020 4:00,0.0,0.0
5/8/2020 5:00,0.0,0.0
5/8/2020 6:00,0.0,0.0
5/8/2020 7:00,0.25,0.01
5/8/2020 8:00,1.25,0.05
5/8/2020 9:00,4.0,0.17
5/8/2020 10:00,4.75,0.2
5/8/2020 11:00,6.75,0.29
5/8/2020 12:00,6.25,0.27
5/8/2020 13:00,5.25,0.22
5/8/2020 14:00,9.25,0.39
5/8/2020 15:00,4.75,0.2
5/8/2020 16:00,5.0,0.21
5/8/2020 17:00,10.0,0.43
5/8/2020 18:00,10.75,0.46
5/8/2020 19:00,6.5,0.28
5/8/2020 20:00,1.75,0.07
5/8/2020 21:00,0.0,0.0
5/8/2020 22:00,0.0,0.0
5/8/2020 23:00,0.0,0.0
5/9/2020 0:00,0.0,0.0
5/9/2020 1:00,0.0,0.0
5/9/2020 2:00,0.0,0.0
5/9/2020 3:00,0.0,0.0
5/9/2020 4:00,0.0,0.0
5/9/2020 5:00,0.0,0.0
5/9/2020 6:00,0.0,0.0
5/9/2020 7:00,0.0,0.0
5/9/2020 8:00,0.75,0.03
5/9/2020 9:00,0.75,0.03
5/9/2020 10:00,2.5,0.11
5/9/2020 11:00,5.25,0.22
5/9/2020 12:00,5.5,0.23
5/9/2020 13:00,10.5,0.45
5/9/2020 14:00,8.5,0.36
5/9/2020 15:00,7.25,0.31
5/9/2020 16:00,14.0,0.6
5/9/2020 17:00,14.25,0.61
5/9/2020 18:00,10.5,0.45
5/9/2020 19:00,5.0,0.21
5/9/2020 20:00,1.25,0.05
5/9/2020 21:00,0.25,0.01
5/9/2020 22:00,0.0,0.0
5/9/2020 23:00,0.0,0.0
5/10/2020 0:00,0.0,0.0
5/10/2020 1:00,0.0,0.0
5/10/2020 2:00,0.0,0.0
5/10/2020 3:00,0.0,0.0
5/10/2020 4:00,0.0,0.0
5/10/2020 5:00,0.0,0.0
5/10/2020 6:00,0.0,0.0
5/10/2020 7:00,0.0,0.0
5/10/2020 8:00,1.5,0.06
5/10/2020 9:00,4.25,0.18
5/10/2020 10:00,8.5,0.36
5/10/2020 11:00,12.5,0.53
5/10/2020 12:00,9.25,0.39
5/10/2020 13:00,7.5,0.32
5/10/2020 14:00,10.75,0.46
5/10/2020 15:00,13.5,0.57
5/10/2020 16:00,9.25,0.39
5/10/2020 17:00,4.75,0.2
5/10/2020 18:00,3.0,0.13
5/10/2020 19:00,2.25,0.1
5/10/2020 20:00,1.0,0.04
5/10/2020 21:00,0.0,0.0
5/10/2020 22:00,0.0,0.0
5/10/2020 23:00,0.0,0.0
5/11/2020 0:00,0.0,0.0
5/11/2020 1:00,0.0,0.0
5/11/2020 2:00,0.0,0.0
5/11/2020 3:00,0.0,0.0
5/11/2020 4:00,0.0,0.0
5/11/2020 5:00,0.0,0.0
5/11/2020 6:00,0.0,0.0
5/11/2020 7:00,0.0,0.0
5/11/2020 8:00,1.5,0.06
5/11/2020 9:00,4.75,0.2
5/11/2020 10:00,5.75,0.24
5/11/2020 11:00,13.25,0.56
5/11/2020 12:00,11.5,0.49
5/11/2020 13:00,9.0,0.38
5/11/2020 14:00,12.25,0.52
5/11/2020 15:00,11.25,0.48
5/11/2020 16:00,11.25,0.48
5/11/2020 17:00,8.5,0.36
5/11/2020 18:00,6.0,0.26
5/11/2020 19:00,4.25,0.18
5/11/2020 20:00,2.0,0.09
5/11/2020 21:00,0.0,0.0
5/11/2020 22:00,0.0,0.0
5/11/2020 23:00,0.0,0.0
5/12/2020 0:00,0.0,0.0
5/12/2020 1:00,0.0,0.0
5/12/2020 2:00,0.0,0.0
5/12/2020 3:00,0.0,0.0
5/12/2020 4:00,0.0,0.0
5/12/2020 5:00,0.0,0.0
5/12/2020 6:00,0.0,0.0
5/12/2020 7:00,0.0,0.0
5/12/2020 8:00,0.75,0.03
5/12/2020 9:00,4.0,0.17
5/12/2020 10:00,6.75,0.29
5/12/2020 11:00,9.5,0.4
5/12/2020 12:00,5.5,0.23
5/12/2020 13:00,10.0,0.43
5/12/2020 14:00,12.0,0.51
5/12/2020 15:00,11.0,0.47
5/12/2020 16:00,7.75,0.33
5/12/2020 17:00,3.0,0.13
5/12/2020 18:00,6.5,0.28
5/12/2020 19:00,4.75,0.2
5/12/2020 20:00,1.5,0.06
5/12/2020 21:00,0.25,0.01
5/12/2020 22:00,0.0,0.0
5/12/2020 23:00,0.0,0.0
5/13/2020 0:00,0.0,0.0
5/13/2020 1:00,0.0,0.0
5/13/2020 2:00,0.0,0.0
5/13/2020 3:00,0.0,0.0
5/13/2020 4:00,0.0,0.0
5/13/2020 5:00,0.0,0.0
5/13/2020 6:00,0.0,0.0
5/13/2020 7:00,0.0,0.0
5/13/2020 8:00,0.5,0.02
5/13/2020 9:00,1.5,0.06
5/13/2020 10:00,3.5,0.15
5/13/2020 11:00,4.5,0.19
5/13/2020 12:00,3.0,0.13
5/13/2020 13:00,2.25,0.1
5/13/2020 14:00,5.5,0.23
5/13/2020 15:00,5.5,0.23
5/13/2020 16:00,2.25,0.1
5/13/2020 17:00,6.5,0.28
5/13/2020 18:00,5.25,0.22
5/13/2020 19:00,2.25,0.1
5/13/2020 20:00,1.0,0.04
5/13/2020 21:00,0.25,0.01
5/13/2020 22:00,0.0,0.0
5/13/2020 23:00,0.0,0.0
5/14/2020 0:00,0.0,0.0
5/14/2020 1:00,0.0,0.0
5/14/2020 2:00,0.0,0.0
5/14/2020 3:00,0.0,0.0
5/14/2020 4:00,0.0,0.0
5/14/2020 5:00,0.0,0.0
5/14/2020 6:00,0.0,0.0
5/14/2020 7:00,0.0,0.0
5/14/2020 8:00,1.5,0.06
5/14/2020 9:00,4.0,0.17
5/14/2020 10:00,7.0,0.3
5/14/2020 11:00,7.75,0.33
5/14/2020 12:00,6.25,0.27
5/14/2020 13:00,6.5,0.28
5/14/2020 14:00,10.0,0.43
5/14/2020 15:00,11.5,0.49
5/14/2020 16:00,12.5,0.53
5/14/2020 17:00,5.75,0.24
5/14/2020 18:00,3.5,0.15
5/14/2020 19:00,1.5,0.06
5/14/2020 20:00,0.25,0.01
5/14/2020 21:00,0.0,0.0
5/14/2020 22:00,0.0,0.0
5/14/2020 23:00,0.0,0.0
5/15/2020 0:00,0.0,0.0
5/15/2020 1:00,0.0,0.0
5/15/2020 2:00,0.0,0.0
5/15/2020 3:00,0.0,0.0
5/15/2020 4:00,0.0,0.0
5/15/2020 5:00,0.0,0.0
5/15/2020 6:00,0.0,0.0
5/15/2020 7:00,0.0,0.0
5/15/2020 8:00,1.25,0.05
5/15/2020 9:00,5.5,0.23
5/15/2020 10:00,10.5,0.45
5/15/2020 11:00,13.75,0.58
5/15/2020 12:00,16.75,0.71
5/15/2020 13:00,18.5,0.79
5/15/2020 14:00,18.5,0.79
5/15/2020 15:00,16.0,0.68
5/15/2020 16:00,12.0,0.51
5/15/2020 17:00,7.75,0.33
5/15/2020 18:00,7.25,0.31
5/15/2020 19:00,1.5,0.06
5/15/2020 20:00,1.5,0.06
5/15/2020 21:00,0.25,0.01
5/15/2020 22:00,0.0,0.0
5/15/2020 23:00,0.0,0.0
5/16/2020 0:00,0.0,0.0
5/16/2020 1:00,0.0,0.0
5/16/2020 2:00,0.0,0.0
5/16/2020 3:00,0.0,0.0
5/16/2020 4:00,0.0,0.0
5/16/2020 5:00,0.0,0.0
5/16/2020 6:00,0.0,0.0
5/16/2020 7:00,0.0,0.0
5/16/2020 8:00,1.5,0.06
5/16/2020 9:00,5.5,0.23
5/16/2020 10:00,10.25,0.44
5/16/2020 11:00,14.0,0.6
5/16/2020 12:00,16.25,0.69
5/16/2020 13:00,18.0,0.77
5/16/2020 14:00,18.25,0.78
5/16/2020 15:00,18.0,0.77
5/16/2020 16:00,16.75,0.71
5/16/2020 17:00,10.25,0.44
5/16/2020 18:00,9.75,0.41
5/16/2020 19:00,4.75,0.2
5/16/2020 20:00,1.25,0.05
5/16/2020 21:00,0.25,0.01
5/16/2020 22:00,0.0,0.0
5/16/2020 23:00,0.0,0.0
5/17/2020 0:00,0.0,0.0
5/17/2020 1:00,0.0,0.0
5/17/2020 2:00,0.0,0.0
5/17/2020 3:00,0.0,0.0
5/17/2020 4:00,0.0,0.0
5/17/2020 5:00,0.0,0.0
5/17/2020 6:00,0.0,0.0
5/17/2020 7:00,0.0,0.0
5/17/2020 8:00,1.5,0.06
5/17/2020 9:00,5.5,0.23
5/17/2020 10:00,10.25,0.44
5/17/2020 11:00,14.0,0.6
5/17/2020 12:00,16.5,0.7
5/17/2020 13:00,17.75,0.75
5/17/2020 14:00,18.0,0.77
5/17/2020 15:00,17.75,0.75
5/17/2020 16:00,14.25,0.61
5/17/2020 17:00,15.25,0.65
5/17/2020 18:00,11.25,0.48
5/17/2020 19:00,6.75,0.29
5/17/2020 20:00,1.25,0.05
5/17/2020 21:00,0.0,0.0
5/17/2020 22:00,0.0,0.0
5/17/2020 23:00,0.0,0.0
5/18/2020 0:00,0.0,0.0
5/18/2020 1:00,0.0,0.0
5/18/2020 2:00,0.0,0.0
5/18/2020 3:00,0.0,0.0
5/18/2020 4:00,0.0,0.0
5/18/2020 5:00,0.0,0.0
5/18/2020 6:00,0.0,0.0
5/18/2020 7:00,0.25,0.01
5/18/2020 8:00,1.5,0.06
5/18/2020 9:00,5.5,0.23
5/18/2020 10:00,10.25,0.44
5/18/2020 11:00,13.75,0.58
5/18/2020 12:00,16.0,0.68
5/18/2020 13:00,17.25,0.73
5/18/2020 14:00,16.75,0.71
5/18/2020 15:00,10.5,0.45
5/18/2020 16:00,14.75,0.63
5/18/2020 17:00,14.25,0.61
5/18/2020 18:00,10.75,0.46
5/18/2020 19:00,6.75,0.29
5/18/2020 20:00,1.25,0.05
5/18/2020 21:00,0.25,0.01
5/18/2020 22:00,0.0,0.0
5/18/2020 23:00,0.0,0.0
5/19/2020 0:00,0.0,0.0
5/19/2020 1:00,0.0,0.0
5/19/2020 2:00,0.0,0.0
5/19/2020 3:00,0.0,0.0
5/19/2020 4:00,0.0,0.0
5/19/2020 5:00,0.0,0.0
5/19/2020 6:00,0.0,0.0
5/19/2020 7:00,0.0,0.0
5/19/2020 8:00,1.5,0.06
5/19/2020 9:00,5.75,0.24
5/19/2020 10:00,10.0,0.43
5/19/2020 11:00,13.75,0.58
5/19/2020 12:00,15.0,0.64
5/19/2020 13:00,17.0,0.72
5/19/2020 14:00,16.5,0.7
5/19/2020 15:00,16.0,0.68
5/19/2020 16:00,12.0,0.51
5/19/2020 17:00,12.0,0.51
5/19/2020 18:00,9.25,0.39
5/19/2020 19:00,6.75,0.29
5/19/2020 20:00,1.5,0.06
5/19/2020 21:00,0.25,0.01
5/19/2020 22:00,0.0,0.0
5/19/2020 23:00,0.0,0.0
5/20/2020 0:00,0.0,0.0
5/20/2020 1:00,0.0,0.0
5/20/2020 2:00,0.0,0.0
5/20/2020 3:00,0.0,0.0
5/20/2020 4:00,0.0,0.0
5/20/2020 5:00,0.0,0.0
5/20/2020 6:00,0.0,0.0
5/20/2020 7:00,0.25,0.01
5/20/2020 8:00,1.5,0.06
5/20/2020 9:00,5.5,0.23
5/20/2020 10:00,10.0,0.43
5/20/2020 11:00,13.75,0.58
5/20/2020 12:00,16.0,0.68
5/20/2020 13:00,17.5,0.74
5/20/2020 14:00,17.75,0.75
5/20/2020 15:00,16.5,0.7
5/20/2020 16:00,16.25,0.69
5/20/2020 17:00,14.5,0.62
5/20/2020 18:00,10.75,0.46
5/20/2020 19:00,6.5,0.28
5/20/2020 20:00,1.0,0.04
5/20/2020 21:00,0.25,0.01
5/20/2020 22:00,0.0,0.0
5/20/2020 23:00,0.0,0.0
5/21/2020 0:00,0.0,0.0
5/21/2020 1:00,0.0,0.0
5/21/2020 2:00,0.0,0.0
5/21/2020 3:00,0.0,0.0
5/21/2020 4:00,0.0,0.0
5/21/2020 5:00,0.0,0.0
5/21/2020 6:00,0.0,0.0
5/21/2020 7:00,0.25,0.01
5/21/2020 8:00,1.5,0.06
5/21/2020 9:00,5.25,0.22
5/21/2020 10:00,8.5,0.36
5/21/2020 11:00,14.0,0.6
5/21/2020 12:00,13.75,0.58
5/21/2020 13:00,17.0,0.72
5/21/2020 14:00,17.5,0.74
5/21/2020 15:00,17.25,0.73
5/21/2020 16:00,16.75,0.71
5/21/2020 17:00,14.5,0.62
5/21/2020 18:00,11.25,0.48
5/21/2020 19:00,6.75,0.29
5/21/2020 20:00,1.0,0.04
5/21/2020 21:00,0.25,0.01
5/21/2020 22:00,0.0,0.0
5/21/2020 23:00,0.0,0.0
5/22/2020 0:00,0.0,0.0
5/22/2020 1:00,0.0,0.0
5/22/2020 2:00,0.0,0.0
5/22/2020 3:00,0.0,0.0
5/22/2020 4:00,0.0,0.0
5/22/2020 5:00,0.0,0.0
5/22/2020 6:00,0.0,0.0
5/22/2020 7:00,0.25,0.01
5/22/2020 8:00,1.5,0.06
5/22/2020 9:00,4.25,0.18
5/22/2020 10:00,10.25,0.44
5/22/2020 11:00,13.75,0.58
5/22/2020 12:00,16.5,0.7
5/22/2020 13:00,17.75,0.75
5/22/2020 14:00,18.0,0.77
5/22/2020 15:00,17.5,0.74
5/22/2020 16:00,16.5,0.7
5/22/2020 17:00,14.5,0.62
5/22/2020 18:00,11.0,0.47
5/22/2020 19:00,6.75,0.29
5/22/2020 20:00,1.25,0.05
5/22/2020 21:00,0.0,0.0
5/22/2020 22:00,0.0,0.0
5/22/2020 23:00,0.0,0.0
5/23/2020 0:00,0.0,0.0
5/23/2020 1:00,0.0,0.0
5/23/2020 2:00,0.0,0.0
5/23/2020 3:00,0.0,0.0
5/23/2020 4:00,0.0,0.0
5/23/2020 5:00,0.0,0.0
5/23/2020 6:00,0.0,0.0
5/23/2020 7:00,0.25,0.01
5/23/2020 8:00,1.5,0.06
5/23/2020 9:00,5.5,0.23
5/23/2020 10:00,10.25,0.44
5/23/2020 11:00,13.75,0.58
5/23/2020 12:00,16.0,0.68
5/23/2020 13:00,17.0,0.72
5/23/2020 14:00,17.5,0.74
5/23/2020 15:00,17.25,0.73
5/23/2020 16:00,16.25,0.69
5/23/2020 17:00,14.25,0.61
5/23/2020 18:00,11.25,0.48
5/23/2020 19:00,6.75,0.29
5/23/2020 20:00,1.0,0.04
5/23/2020 21:00,0.25,0.01
5/23/2020 22:00,0.0,0.0
5/23/2020 23:00,0.0,0.0
5/24/2020 0:00,0.0,0.0
5/24/2020 1:00,0.0,0.0
5/24/2020 2:00,0.0,0.0
5/24/2020 3:00,0.0,0.0
5/24/2020 4:00,0.0,0.0
5/24/2020 5:00,0.0,0.0
5/24/2020 6:00,0.0,0.0
5/24/2020 7:00,0.25,0.01
5/24/2020 8:00,1.5,0.06
5/24/2020 9:00,5.5,0.23
5/24/2020 10:00,10.25,0.44
5/24/2020 11:00,13.5,0.57
5/24/2020 12:00,16.0,0.68
5/24/2020 13:00,17.25,0.73
5/24/2020 14:00,17.5,0.74
5/24/2020 15:00,17.25,0.73
5/24/2020 16:00,16.0,0.68
5/24/2020 17:00,14.25,0.61
5/24/2020 18:00,10.75,0.46
5/24/2020 19:00,6.75,0.29
5/24/2020 20:00,1.0,0.04
5/24/2020 21:00,0.25,0.01
5/24/2020 22:00,0.0,0.0
5/24/2020 23:00,0.0,0.0
5/25/2020 0:00,0.0,0.0
5/25/2020 1:00,0.0,0.0
5/25/2020 2:00,0.0,0.0
5/25/2020 3:00,0.0,0.0
5/25/2020 4:00,0.0,0.0
5/25/2020 5:00,0.0,0.0
5/25/2020 6:00,0.0,0.0
5/25/2020 7:00,0.0,0.0
5/25/2020 8:00,1.5,0.06
5/25/2020 9:00,5.75,0.24
5/25/2020 10:00,10.0,0.43
5/25/2020 11:00,13.5,0.57
5/25/2020 12:00,16.0,0.68
5/25/2020 13:00,17.25,0.73
5/25/2020 14:00,17.5,0.74
5/25/2020 15:00,17.25,0.73
5/25/2020 16:00,16.25,0.69
5/25/2020 17:00,14.25,0.61
5/25/2020 18:00,11.25,0.48
5/25/2020 19:00,6.75,0.29
5/25/2020 20:00,1.0,0.04
5/25/2020 21:00,0.25,0.01
5/25/2020 22:00,0.0,0.0
5/25/2020 23:00,0.0,0.0
5/26/2020 0:00,0.0,0.0
5/26/2020 1:00,0.0,0.0
5/26/2020 2:00,0.0,0.0
5/26/2020 3:00,0.0,0.0
5/26/2020 4:00,0.0,0.0
5/26/2020 5:00,0.0,0.0
5/26/2020 6:00,0.0,0.0
5/26/2020 7:00,0.25,0.01
5/26/2020 8:00,1.5,0.06
5/26/2020 9:00,5.5,0.23
5/26/2020 10:00,9.75,0.41
5/26/2020 11:00,13.0,0.55
5/26/2020 12:00,15.75,0.67
5/26/2020 13:00,16.5,0.7
5/26/2020 14:00,16.5,0.7
5/26/2020 15:00,15.75,0.67
5/26/2020 16:00,9.5,0.4
5/26/2020 17:00,10.0,0.43
5/26/2020 18:00,10.25,0.44
5/26/2020 19:00,6.0,0.26
5/26/2020 20:00,1.5,0.06
5/26/2020 21:00,0.25,0.01
5/26/2020 22:00,0.0,0.0
5/26/2020 23:00,0.0,0.0
5/27/2020 0:00,0.0,0.0
5/27/2020 1:00,0.0,0.0
5/27/2020 2:00,0.0,0.0
5/27/2020 3:00,0.0,0.0
5/27/2020 4:00,0.0,0.0
5/27/2020 5:00,0.0,0.0
5/27/2020 6:00,0.0,0.0
5/27/2020 7:00,0.25,0.01
5/27/2020 8:00,1.5,0.06
5/27/2020 9:00,5.25,0.22
5/27/2020 10:00,9.5,0.4
5/27/2020 11:00,13.0,0.55
5/27/2020 12:00,15.25,0.65
5/27/2020 13:00,16.25,0.69
5/27/2020 14:00,16.75,0.71
5/27/2020 15:00,16.0,0.68
5/27/2020 16:00,15.0,0.64
5/27/2020 17:00,13.0,0.55
5/27/2020 18:00,10.5,0.45
5/27/2020 19:00,6.0,0.26
5/27/2020 20:00,1.25,0.05
5/27/2020 21:00,0.25,0.01
5/27/2020 22:00,0.0,0.0
5/27/2020 23:00,0.0,0.0
5/28/2020 0:00,0.0,0.0
5/28/2020 1:00,0.0,0.0
5/28/2020 2:00,0.0,0.0
5/28/2020 3:00,0.0,0.0
5/28/2020 4:00,0.0,0.0
5/28/2020 5:00,0.0,0.0
5/28/2020 6:00,0.0,0.0
5/28/2020 7:00,0.25,0.01
5/28/2020 8:00,1.5,0.06
5/28/2020 9:00,5.25,0.22
5/28/2020 10:00,9.5,0.4
5/28/2020 11:00,13.0,0.55
5/28/2020 12:00,15.5,0.66
5/28/2020 13:00,16.5,0.7
5/28/2020 14:00,16.25,0.69
5/28/2020 15:00,16.0,0.68
5/28/2020 16:00,14.75,0.63
5/28/2020 17:00,11.25,0.48
5/28/2020 18:00,10.25,0.44
5/28/2020 19:00,6.25,0.27
5/28/2020 20:00,1.0,0.04
5/28/2020 21:00,0.25,0.01
5/28/2020 22:00,0.0,0.0
5/28/2020 23:00,0.0,0.0
5/29/2020 0:00,0.0,0.0
5/29/2020 1:00,0.0,0.0
5/29/2020 2:00,0.0,0.0
5/29/2020 3:00,0.0,0.0
5/29/2020 4:00,0.0,0.0
5/29/2020 5:00,0.0,0.0
5/29/2020 6:00,0.0,0.0
5/29/2020 7:00,0.25,0.01
5/29/2020 8:00,1.5,0.06
5/29/2020 9:00,5.25,0.22
5/29/2020 10:00,9.5,0.4
5/29/2020 11:00,13.0,0.55
5/29/2020 12:00,15.0,0.64
5/29/2020 13:00,16.25,0.69
5/29/2020 14:00,16.25,0.69
5/29/2020 15:00,16.0,0.68
5/29/2020 16:00,15.5,0.66
5/29/2020 17:00,13.25,0.56
5/29/2020 18:00,10.25,0.44
5/29/2020 19:00,5.75,0.24
5/29/2020 20:00,1.25,0.05
5/29/2020 21:00,0.25,0.01
5/29/2020 22:00,0.0,0.0
5/29/2020 23:00,0.0,0.0
5/30/2020 0:00,0.0,0.0
5/30/2020 1:00,0.0,0.0
5/30/2020 2:00,0.0,0.0
5/30/2020 3:00,0.0,0.0
5/30/2020 4:00,0.0,0.0
5/30/2020 5:00,0.0,0.0
5/30/2020 6:00,0.0,0.0
5/30/2020 7:00,0.25,0.01
5/30/2020 8:00,2.0,0.09
5/30/2020 9:00,5.5,0.23
5/30/2020 10:00,8.0,0.34
5/30/2020 11:00,9.5,0.4
5/30/2020 12:00,14.75,0.63
5/30/2020 13:00,15.5,0.66
5/30/2020 14:00,16.5,0.7
5/30/2020 15:00,16.5,0.7
5/30/2020 16:00,15.75,0.67
5/30/2020 17:00,12.75,0.54
5/30/2020 18:00,10.0,0.43
5/30/2020 19:00,4.0,0.17
5/30/2020 20:00,1.5,0.06
5/30/2020 21:00,0.5,0.02
5/30/2020 22:00,0.0,0.0
5/30/2020 23:00,0.0,0.0
5/31/2020 0:00,0.0,0.0
5/31/2020 1:00,0.0,0.0
5/31/2020 2:00,0.0,0.0
5/31/2020 3:00,0.0,0.0
5/31/2020 4:00,0.0,0.0
5/31/2020 5:00,0.0,0.0
5/31/2020 6:00,0.0,0.0
5/31/2020 7:00,0.0,0.0
5/31/2020 8:00,1.75,0.07
5/31/2020 9:00,5.25,0.22
5/31/2020 10:00,9.25,0.39
5/31/2020 11:00,13.0,0.55
5/31/2020 12:00,15.0,0.64
5/31/2020 13:00,16.25,0.69
5/31/2020 14:00,16.25,0.69
5/31/2020 15:00,13.0,0.55
5/31/2020 16:00,15.25,0.65
5/31/2020 17:00,8.5,0.36
5/31/2020 18:00,8.5,0.36
5/31/2020 19:00,6.25,0.27
5/31/2020 20:00,1.75,0.07
5/31/2020 21:00,0.0,0.0
5/31/2020 22:00,0.0,0.0
5/31/2020 23:00,0.0,0.0
6/1/2020 0:00,0.0,0.0
6/1/2020 1:00,0.0,0.0
6/1/2020 2:00,0.0,0.0
6/1/2020 3:00,0.0,0.0
6/1/2020 4:00,0.0,0.0
6/1/2020 5:00,0.0,0.0
6/1/2020 6:00,0.0,0.0
6/1/2020 7:00,0.5,0.02
6/1/2020 8:00,2.0,0.09
6/1/2020 9:00,5.25,0.22
6/1/2020 10:00,6.75,0.29
6/1/2020 11:00,9.5,0.4
6/1/2020 12:00,9.5,0.4
6/1/2020 13:00,8.25,0.35
6/1/2020 14:00,11.5,0.49
6/1/2020 15:00,14.75,0.63
6/1/2020 16:00,10.0,0.43
6/1/2020 17:00,8.25,0.35
6/1/2020 18:00,10.0,0.43
6/1/2020 19:00,5.75,0.24
6/1/2020 20:00,1.5,0.06
6/1/2020 21:00,0.25,0.01
6/1/2020 22:00,0.0,0.0
6/1/2020 23:00,0.0,0.0
6/2/2020 0:00,0.0,0.0
6/2/2020 1:00,0.0,0.0
6/2/2020 2:00,0.0,0.0
6/2/2020 3:00,0.0,0.0
6/2/2020 4:00,0.0,0.0
6/2/2020 5:00,0.0,0.0
6/2/2020 6:00,0.0,0.0
6/2/2020 7:00,0.25,0.01
6/2/2020 8:00,1.25,0.05
6/2/2020 9:00,4.0,0.17
6/2/2020 10:00,6.5,0.28
6/2/2020 11:00,9.0,0.38
6/2/2020 12:00,10.75,0.46
6/2/2020 13:00,13.25,0.56
6/2/2020 14:00,13.25,0.56
6/2/2020 15:00,14.5,0.62
6/2/2020 16:00,16.0,0.68
6/2/2020 17:00,14.25,0.61
6/2/2020 18:00,10.75,0.46
6/2/2020 19:00,6.5,0.28
6/2/2020 20:00,0.75,0.03
6/2/2020 21:00,0.5,0.02
6/2/2020 22:00,0.0,0.0
6/2/2020 23:00,0.0,0.0
6/3/2020 0:00,0.0,0.0
6/3/2020 1:00,0.0,0.0
6/3/2020 2:00,0.0,0.0
6/3/2020 3:00,0.0,0.0
6/3/2020 4:00,0.0,0.0
6/3/2020 5:00,0.0,0.0
6/3/2020 6:00,0.0,0.0
6/3/2020 7:00,0.0,0.0
6/3/2020 8:00,1.5,0.06
6/3/2020 9:00,5.5,0.23
6/3/2020 10:00,9.5,0.4
6/3/2020 11:00,12.75,0.54
6/3/2020 12:00,15.25,0.65
6/3/2020 13:00,17.5,0.74
6/3/2020 14:00,18.25,0.78
6/3/2020 15:00,18.0,0.77
6/3/2020 16:00,16.5,0.7
6/3/2020 17:00,14.25,0.61
6/3/2020 18:00,11.25,0.48
6/3/2020 19:00,5.75,0.24
6/3/2020 20:00,1.25,0.05
6/3/2020 21:00,0.25,0.01
6/3/2020 22:00,0.0,0.0
6/3/2020 23:00,0.0,0.0
6/4/2020 0:00,0.0,0.0
6/4/2020 1:00,0.0,0.0
6/4/2020 2:00,0.0,0.0
6/4/2020 3:00,0.0,0.0
6/4/2020 4:00,0.0,0.0
6/4/2020 5:00,0.0,0.0
6/4/2020 6:00,0.0,0.0
6/4/2020 7:00,0.25,0.01
6/4/2020 8:00,1.5,0.06
6/4/2020 9:00,4.25,0.18
6/4/2020 10:00,9.5,0.4
6/4/2020 11:00,9.25,0.39
6/4/2020 12:00,6.0,0.26
6/4/2020 13:00,9.75,0.41
6/4/2020 14:00,9.25,0.39
6/4/2020 15:00,14.5,0.62
6/4/2020 16:00,12.5,0.53
6/4/2020 17:00,13.5,0.57
6/4/2020 18:00,11.0,0.47
6/4/2020 19:00,6.5,0.28
6/4/2020 20:00,1.0,0.04
6/4/2020 21:00,0.25,0.01
6/4/2020 22:00,0.0,0.0
6/4/2020 23:00,0.0,0.0
6/5/2020 0:00,0.0,0.0
6/5/2020 1:00,0.0,0.0
6/5/2020 2:00,0.0,0.0
6/5/2020 3:00,0.0,0.0
6/5/2020 4:00,0.0,0.0
6/5/2020 5:00,0.0,0.0
6/5/2020 6:00,0.0,0.0
6/5/2020 7:00,0.25,0.01
6/5/2020 8:00,1.5,0.06
6/5/2020 9:00,5.5,0.23
6/5/2020 10:00,10.25,0.44
6/5/2020 11:00,13.75,0.58
6/5/2020 12:00,13.0,0.55
6/5/2020 13:00,13.5,0.57
6/5/2020 14:00,13.25,0.56
6/5/2020 15:00,13.75,0.58
6/5/2020 16:00,14.75,0.63
6/5/2020 17:00,14.75,0.63
6/5/2020 18:00,11.5,0.49
6/5/2020 19:00,6.75,0.29
6/5/2020 20:00,1.0,0.04
6/5/2020 21:00,0.25,0.01
6/5/2020 22:00,0.0,0.0
6/5/2020 23:00,0.0,0.0
6/6/2020 0:00,0.0,0.0
6/6/2020 1:00,0.0,0.0
6/6/2020 2:00,0.0,0.0
6/6/2020 3:00,0.0,0.0
6/6/2020 4:00,0.0,0.0
6/6/2020 5:00,0.0,0.0
6/6/2020 6:00,0.0,0.0
6/6/2020 7:00,0.25,0.01
6/6/2020 8:00,1.75,0.07
6/6/2020 9:00,5.5,0.23
6/6/2020 10:00,9.5,0.4
6/6/2020 11:00,13.25,0.56
6/6/2020 12:00,15.5,0.66
6/6/2020 13:00,16.0,0.68
6/6/2020 14:00,15.75,0.67
6/6/2020 15:00,11.5,0.49
6/6/2020 16:00,14.5,0.62
6/6/2020 17:00,9.75,0.41
6/6/2020 18:00,10.75,0.46
6/6/2020 19:00,3.5,0.15
6/6/2020 20:00,1.75,0.07
6/6/2020 21:00,0.25,0.01
6/6/2020 22:00,0.0,0.0
6/6/2020 23:00,0.0,0.0
6/7/2020 0:00,0.0,0.0
6/7/2020 1:00,0.0,0.0
6/7/2020 2:00,0.0,0.0
6/7/2020 3:00,0.0,0.0
6/7/2020 4:00,0.0,0.0
6/7/2020 5:00,0.0,0.0
6/7/2020 6:00,0.0,0.0
6/7/2020 7:00,0.0,0.0
6/7/2020 8:00,1.25,0.05
6/7/2020 9:00,3.5,0.15
6/7/2020 10:00,3.0,0.13
6/7/2020 11:00,7.5,0.32
6/7/2020 12:00,6.75,0.29
6/7/2020 13:00,7.5,0.32
6/7/2020 14:00,9.25,0.39
6/7/2020 15:00,8.75,0.37
6/7/2020 16:00,15.25,0.65
6/7/2020 17:00,15.0,0.64
6/7/2020 18:00,11.0,0.47
6/7/2020 19:00,4.0,0.17
6/7/2020 20:00,1.0,0.04
6/7/2020 21:00,0.25,0.01
6/7/2020 22:00,0.0,0.0
6/7/2020 23:00,0.0,0.0
6/8/2020 0:00,0.0,0.0
6/8/2020 1:00,0.0,0.0
6/8/2020 2:00,0.0,0.0
6/8/2020 3:00,0.0,0.0
6/8/2020 4:00,0.0,0.0
6/8/2020 5:00,0.0,0.0
6/8/2020 6:00,0.0,0.0
6/8/2020 7:00,0.25,0.01
6/8/2020 8:00,1.75,0.07
6/8/2020 9:00,5.25,0.22
6/8/2020 10:00,8.0,0.34
6/8/2020 11:00,10.5,0.45
6/8/2020 12:00,12.5,0.53
6/8/2020 13:00,18.75,0.8
6/8/2020 14:00,18.0,0.77
6/8/2020 15:00,18.75,0.8
6/8/2020 16:00,17.25,0.73
6/8/2020 17:00,15.0,0.64
6/8/2020 18:00,11.5,0.49
6/8/2020 19:00,7.0,0.3
6/8/2020 20:00,0.75,0.03
6/8/2020 21:00,0.5,0.02
6/8/2020 22:00,0.0,0.0
6/8/2020 23:00,0.0,0.0
6/9/2020 0:00,0.0,0.0
6/9/2020 1:00,0.0,0.0
6/9/2020 2:00,0.0,0.0
6/9/2020 3:00,0.0,0.0
6/9/2020 4:00,0.0,0.0
6/9/2020 5:00,0.0,0.0
6/9/2020 6:00,0.0,0.0
6/9/2020 7:00,0.0,0.0
6/9/2020 8:00,1.75,0.07
6/9/2020 9:00,5.5,0.23
6/9/2020 10:00,10.0,0.43
6/9/2020 11:00,13.5,0.57
6/9/2020 12:00,16.25,0.69
6/9/2020 13:00,17.75,0.75
6/9/2020 14:00,17.25,0.73
6/9/2020 15:00,18.25,0.78
6/9/2020 16:00,17.0,0.72
6/9/2020 17:00,15.0,0.64
6/9/2020 18:00,11.5,0.49
6/9/2020 19:00,7.0,0.3
6/9/2020 20:00,1.25,0.05
6/9/2020 21:00,0.25,0.01
6/9/2020 22:00,0.0,0.0
6/9/2020 23:00,0.0,0.0
6/10/2020 0:00,0.0,0.0
6/10/2020 1:00,0.0,0.0
6/10/2020 2:00,0.0,0.0
6/10/2020 3:00,0.0,0.0
6/10/2020 4:00,0.0,0.0
6/10/2020 5:00,0.0,0.0
6/10/2020 6:00,0.0,0.0
6/10/2020 7:00,0.25,0.01
6/10/2020 8:00,1.5,0.06
6/10/2020 9:00,5.75,0.24
6/10/2020 10:00,10.25,0.44
6/10/2020 11:00,13.75,0.58
6/10/2020 12:00,16.25,0.69
6/10/2020 13:00,18.0,0.77
6/10/2020 14:00,18.0,0.77
6/10/2020 15:00,17.25,0.73
6/10/2020 16:00,15.75,0.67
6/10/2020 17:00,14.5,0.62
6/10/2020 18:00,11.5,0.49
6/10/2020 19:00,7.0,0.3
6/10/2020 20:00,1.0,0.04
6/10/2020 21:00,0.25,0.01
6/10/2020 22:00,0.0,0.0
6/10/2020 23:00,0.0,0.0
6/11/2020 0:00,0.0,0.0
6/11/2020 1:00,0.0,0.0
6/11/2020 2:00,0.0,0.0
6/11/2020 3:00,0.0,0.0
6/11/2020 4:00,0.0,0.0
6/11/2020 5:00,0.0,0.0
6/11/2020 6:00,0.0,0.0
6/11/2020 7:00,0.25,0.01
6/11/2020 8:00,1.25,0.05
6/11/2020 9:00,3.25,0.14
6/11/2020 10:00,4.25,0.18
6/11/2020 11:00,9.25,0.39
6/11/2020 12:00,9.0,0.38
6/11/2020 13:00,8.75,0.37
6/11/2020 14:00,13.0,0.55
6/11/2020 15:00,10.0,0.43
6/11/2020 16:00,10.0,0.43
6/11/2020 17:00,10.75,0.46
6/11/2020 18:00,9.75,0.41
6/11/2020 19:00,6.5,0.28
6/11/2020 20:00,1.75,0.07
6/11/2020 21:00,0.5,0.02
6/11/2020 22:00,0.0,0.0
6/11/2020 23:00,0.0,0.0
6/12/2020 0:00,0.0,0.0
6/12/2020 1:00,0.0,0.0
6/12/2020 2:00,0.0,0.0
6/12/2020 3:00,0.0,0.0
6/12/2020 4:00,0.0,0.0
6/12/2020 5:00,0.0,0.0
6/12/2020 6:00,0.0,0.0
6/12/2020 7:00,0.0,0.0
6/12/2020 8:00,1.25,0.05
6/12/2020 9:00,3.25,0.14
6/12/2020 10:00,7.0,0.3
6/12/2020 11:00,6.25,0.27
6/12/2020 12:00,7.25,0.31
6/12/2020 13:00,7.25,0.31
6/12/2020 14:00,10.75,0.46
6/12/2020 15:00,10.5,0.45
6/12/2020 16:00,12.5,0.53
6/12/2020 17:00,5.25,0.22
6/12/2020 18:00,8.5,0.36
6/12/2020 19:00,5.0,0.21
6/12/2020 20:00,1.25,0.05
6/12/2020 21:00,0.25,0.01
6/12/2020 22:00,0.0,0.0
6/12/2020 23:00,0.0,0.0
6/13/2020 0:00,0.0,0.0
6/13/2020 1:00,0.0,0.0
6/13/2020 2:00,0.0,0.0
6/13/2020 3:00,0.0,0.0
6/13/2020 4:00,0.0,0.0
6/13/2020 5:00,0.0,0.0
6/13/2020 6:00,0.0,0.0
6/13/2020 7:00,0.25,0.01
6/13/2020 8:00,1.75,0.07
6/13/2020 9:00,5.75,0.24
6/13/2020 10:00,9.25,0.39
6/13/2020 11:00,9.0,0.38
6/13/2020 12:00,7.25,0.31
6/13/2020 13:00,12.75,0.54
6/13/2020 14:00,15.25,0.65
6/13/2020 15:00,13.75,0.58
6/13/2020 16:00,17.5,0.74
6/13/2020 17:00,13.25,0.56
6/13/2020 18:00,12.0,0.51
6/13/2020 19:00,6.75,0.29
6/13/2020 20:00,1.0,0.04
6/13/2020 21:00,0.25,0.01
6/13/2020 22:00,0.0,0.0
6/13/2020 23:00,0.0,0.0
6/14/2020 0:00,0.0,0.0
6/14/2020 1:00,0.0,0.0
6/14/2020 2:00,0.0,0.0
6/14/2020 3:00,0.0,0.0
6/14/2020 4:00,0.0,0.0
6/14/2020 5:00,0.0,0.0
6/14/2020 6:00,0.0,0.0
6/14/2020 7:00,0.25,0.01
6/14/2020 8:00,1.5,0.06
6/14/2020 9:00,5.75,0.24
6/14/2020 10:00,10.5,0.45
6/14/2020 11:00,11.75,0.5
6/14/2020 12:00,11.0,0.47
6/14/2020 13:00,12.75,0.54
6/14/2020 14:00,13.0,0.55
6/14/2020 15:00,10.75,0.46
6/14/2020 16:00,13.5,0.57
6/14/2020 17:00,15.5,0.66
6/14/2020 18:00,12.25,0.52
6/14/2020 19:00,7.0,0.3
6/14/2020 20:00,1.0,0.04
6/14/2020 21:00,0.25,0.01
6/14/2020 22:00,0.0,0.0
6/14/2020 23:00,0.0,0.0
6/15/2020 0:00,0.0,0.0
6/15/2020 1:00,0.0,0.0
6/15/2020 2:00,0.0,0.0
6/15/2020 3:00,0.0,0.0
6/15/2020 4:00,0.0,0.0
6/15/2020 5:00,0.0,0.0
6/15/2020 6:00,0.0,0.0
6/15/2020 7:00,0.25,0.01
6/15/2020 8:00,1.5,0.06
6/15/2020 9:00,5.75,0.24
6/15/2020 10:00,10.25,0.44
6/15/2020 11:00,10.5,0.45
6/15/2020 12:00,7.25,0.31
6/15/2020 13:00,10.0,0.43
6/15/2020 14:00,10.75,0.46
6/15/2020 15:00,10.0,0.43
6/15/2020 16:00,14.75,0.63
6/15/2020 17:00,15.5,0.66
6/15/2020 18:00,9.75,0.41
6/15/2020 19:00,4.25,0.18
6/15/2020 20:00,2.25,0.1
6/15/2020 21:00,0.75,0.03
6/15/2020 22:00,0.0,0.0
6/15/2020 23:00,0.0,0.0
6/16/2020 0:00,0.0,0.0
6/16/2020 1:00,0.0,0.0
6/16/2020 2:00,0.0,0.0
6/16/2020 3:00,0.0,0.0
6/16/2020 4:00,0.0,0.0
6/16/2020 5:00,0.0,0.0
6/16/2020 6:00,0.0,0.0
6/16/2020 7:00,0.0,0.0
6/16/2020 8:00,1.25,0.05
6/16/2020 9:00,2.75,0.12
6/16/2020 10:00,4.25,0.18
6/16/2020 11:00,5.5,0.23
6/16/2020 12:00,9.25,0.39
6/16/2020 13:00,15.25,0.65
6/16/2020 14:00,17.75,0.75
6/16/2020 15:00,18.5,0.79
6/16/2020 16:00,16.25,0.69
6/16/2020 17:00,14.5,0.62
6/16/2020 18:00,11.75,0.5
6/16/2020 19:00,7.25,0.31
6/16/2020 20:00,1.0,0.04
6/16/2020 21:00,0.25,0.01
6/16/2020 22:00,0.0,0.0
6/16/2020 23:00,0.0,0.0
6/17/2020 0:00,0.0,0.0
6/17/2020 1:00,0.0,0.0
6/17/2020 2:00,0.0,0.0
6/17/2020 3:00,0.0,0.0
6/17/2020 4:00,0.0,0.0
6/17/2020 5:00,0.0,0.0
6/17/2020 6:00,0.0,0.0
6/17/2020 7:00,0.25,0.01
6/17/2020 8:00,1.25,0.05
6/17/2020 9:00,2.75,0.12
6/17/2020 10:00,7.5,0.32
6/17/2020 11:00,7.25,0.31
6/17/2020 12:00,12.0,0.51
6/17/2020 13:00,19.0,0.81
6/17/2020 14:00,19.0,0.81
6/17/2020 15:00,18.5,0.79
6/17/2020 16:00,17.25,0.73
6/17/2020 17:00,15.0,0.64
6/17/2020 18:00,11.75,0.5
6/17/2020 19:00,7.25,0.31
6/17/2020 20:00,0.75,0.03
6/17/2020 21:00,0.25,0.01
6/17/2020 22:00,0.0,0.0
6/17/2020 23:00,0.0,0.0
6/18/2020 0:00,0.0,0.0
6/18/2020 1:00,0.0,0.0
6/18/2020 2:00,0.0,0.0
6/18/2020 3:00,0.0,0.0
6/18/2020 4:00,0.0,0.0
6/18/2020 5:00,0.0,0.0
6/18/2020 6:00,0.0,0.0
6/18/2020 7:00,0.25,0.01
6/18/2020 8:00,1.5,0.06
6/18/2020 9:00,4.75,0.2
6/18/2020 10:00,8.25,0.35
6/18/2020 11:00,14.25,0.61
6/18/2020 12:00,15.25,0.65
6/18/2020 13:00,18.0,0.77
6/18/2020 14:00,19.25,0.82
6/18/2020 15:00,18.25,0.78
6/18/2020 16:00,17.5,0.74
6/18/2020 17:00,15.0,0.64
6/18/2020 18:00,12.0,0.51
6/18/2020 19:00,7.25,0.31
6/18/2020 20:00,0.75,0.03
6/18/2020 21:00,0.25,0.01
6/18/2020 22:00,0.0,0.0
6/18/2020 23:00,0.0,0.0
6/19/2020 0:00,0.0,0.0
6/19/2020 1:00,0.0,0.0
6/19/2020 2:00,0.0,0.0
6/19/2020 3:00,0.0,0.0
6/19/2020 4:00,0.0,0.0
6/19/2020 5:00,0.0,0.0
6/19/2020 6:00,0.0,0.0
6/19/2020 7:00,0.25,0.01
6/19/2020 8:00,1.5,0.06
6/19/2020 9:00,4.5,0.19
6/19/2020 10:00,8.25,0.35
6/19/2020 11:00,14.25,0.61
6/19/2020 12:00,16.5,0.7
6/19/2020 13:00,18.25,0.78
6/19/2020 14:00,18.5,0.79
6/19/2020 15:00,18.25,0.78
6/19/2020 16:00,17.25,0.73
6/19/2020 17:00,15.0,0.64
6/19/2020 18:00,12.0,0.51
6/19/2020 19:00,7.25,0.31
6/19/2020 20:00,0.75,0.03
6/19/2020 21:00,0.5,0.02
6/19/2020 22:00,0.0,0.0
6/19/2020 23:00,0.0,0.0
6/20/2020 0:00,0.0,0.0
6/20/2020 1:00,0.0,0.0
6/20/2020 2:00,0.0,0.0
6/20/2020 3:00,0.0,0.0
6/20/2020 4:00,0.0,0.0
6/20/2020 5:00,0.0,0.0
6/20/2020 6:00,0.0,0.0
6/20/2020 7:00,0.25,0.01
6/20/2020 8:00,1.75,0.07
6/20/2020 9:00,5.5,0.23
6/20/2020 10:00,10.0,0.43
6/20/2020 11:00,13.75,0.58
6/20/2020 12:00,16.25,0.69
6/20/2020 13:00,17.5,0.74
6/20/2020 14:00,18.0,0.77
6/20/2020 15:00,17.75,0.75
6/20/2020 16:00,17.0,0.72
6/20/2020 17:00,14.75,0.63
6/20/2020 18:00,12.0,0.51
6/20/2020 19:00,7.25,0.31
6/20/2020 20:00,0.75,0.03
6/20/2020 21:00,0.25,0.01
6/20/2020 22:00,0.0,0.0
6/20/2020 23:00,0.0,0.0
6/21/2020 0:00,0.0,0.0
6/21/2020 1:00,0.0,0.0
6/21/2020 2:00,0.0,0.0
6/21/2020 3:00,0.0,0.0
6/21/2020 4:00,0.0,0.0
6/21/2020 5:00,0.0,0.0
6/21/2020 6:00,0.0,0.0
6/21/2020 7:00,0.25,0.01
6/21/2020 8:00,1.75,0.07
6/21/2020 9:00,6.0,0.26
6/21/2020 10:00,9.25,0.39
6/21/2020 11:00,14.25,0.61
6/21/2020 12:00,16.25,0.69
6/21/2020 13:00,17.5,0.74
6/21/2020 14:00,18.25,0.78
6/21/2020 15:00,17.75,0.75
6/21/2020 16:00,16.75,0.71
6/21/2020 17:00,14.5,0.62
6/21/2020 18:00,11.25,0.48
6/21/2020 19:00,7.0,0.3
6/21/2020 20:00,1.0,0.04
6/21/2020 21:00,0.25,0.01
6/21/2020 22:00,0.0,0.0
6/21/2020 23:00,0.0,0.0
6/22/2020 0:00,0.0,0.0
6/22/2020 1:00,0.0,0.0
6/22/2020 2:00,0.0,0.0
6/22/2020 3:00,0.0,0.0
6/22/2020 4:00,0.0,0.0
6/22/2020 5:00,0.0,0.0
6/22/2020 6:00,0.0,0.0
6/22/2020 7:00,0.25,0.01
6/22/2020 8:00,1.5,0.06
6/22/2020 9:00,5.25,0.22
6/22/2020 10:00,9.75,0.41
6/22/2020 11:00,13.25,0.56
6/22/2020 12:00,15.5,0.66
6/22/2020 13:00,16.75,0.71
6/22/2020 14:00,16.75,0.71
6/22/2020 15:00,16.25,0.69
6/22/2020 16:00,15.25,0.65
6/22/2020 17:00,13.75,0.58
6/22/2020 18:00,11.25,0.48
6/22/2020 19:00,7.0,0.3
6/22/2020 20:00,0.75,0.03
6/22/2020 21:00,0.25,0.01
6/22/2020 22:00,0.0,0.0
6/22/2020 23:00,0.0,0.0
6/23/2020 0:00,0.0,0.0
6/23/2020 1:00,0.0,0.0
6/23/2020 2:00,0.0,0.0
6/23/2020 3:00,0.0,0.0
6/23/2020 4:00,0.0,0.0
6/23/2020 5:00,0.0,0.0
6/23/2020 6:00,0.0,0.0
6/23/2020 7:00,0.25,0.01
6/23/2020 8:00,1.5,0.06
6/23/2020 9:00,5.5,0.23
6/23/2020 10:00,9.5,0.4
6/23/2020 11:00,13.0,0.55
6/23/2020 12:00,15.5,0.66
6/23/2020 13:00,17.0,0.72
6/23/2020 14:00,17.25,0.73
6/23/2020 15:00,17.0,0.72
6/23/2020 16:00,16.0,0.68
6/23/2020 17:00,14.25,0.61
6/23/2020 18:00,11.25,0.48
6/23/2020 19:00,7.0,0.3
6/23/2020 20:00,1.25,0.05
6/23/2020 21:00,0.25,0.01
6/23/2020 22:00,0.0,0.0
6/23/2020 23:00,0.0,0.0
6/24/2020 0:00,0.0,0.0
6/24/2020 1:00,0.0,0.0
6/24/2020 2:00,0.0,0.0
6/24/2020 3:00,0.0,0.0
6/24/2020 4:00,0.0,0.0
6/24/2020 5:00,0.0,0.0
6/24/2020 6:00,0.0,0.0
6/24/2020 7:00,0.25,0.01
6/24/2020 8:00,1.5,0.06
6/24/2020 9:00,5.25,0.22
6/24/2020 10:00,9.5,0.4
6/24/2020 11:00,13.0,0.55
6/24/2020 12:00,15.5,0.66
6/24/2020 13:00,17.0,0.72
6/24/2020 14:00,17.5,0.74
6/24/2020 15:00,17.0,0.72
6/24/2020 16:00,16.25,0.69
6/24/2020 17:00,14.0,0.6
6/24/2020 18:00,11.25,0.48
6/24/2020 19:00,6.75,0.29
6/24/2020 20:00,1.0,0.04
6/24/2020 21:00,0.25,0.01
6/24/2020 22:00,0.0,0.0
6/24/2020 23:00,0.0,0.0
6/25/2020 0:00,0.0,0.0
6/25/2020 1:00,0.0,0.0
6/25/2020 2:00,0.0,0.0
6/25/2020 3:00,0.0,0.0
6/25/2020 4:00,0.0,0.0
6/25/2020 5:00,0.0,0.0
6/25/2020 6:00,0.0,0.0
6/25/2020 7:00,0.25,0.01
6/25/2020 8:00,2.0,0.09
6/25/2020 9:00,4.25,0.18
6/25/2020 10:00,8.25,0.35
6/25/2020 11:00,13.5,0.57
6/25/2020 12:00,16.5,0.7
6/25/2020 13:00,17.5,0.74
6/25/2020 14:00,18.25,0.78
6/25/2020 15:00,17.0,0.72
6/25/2020 16:00,17.0,0.72
6/25/2020 17:00,13.0,0.55
6/25/2020 18:00,12.0,0.51
6/25/2020 19:00,7.5,0.32
6/25/2020 20:00,1.25,0.05
6/25/2020 21:00,0.5,0.02
6/25/2020 22:00,0.0,0.0
6/25/2020 23:00,0.0,0.0
6/26/2020 0:00,0.0,0.0
6/26/2020 1:00,0.0,0.0
6/26/2020 2:00,0.0,0.0
6/26/2020 3:00,0.0,0.0
6/26/2020 4:00,0.0,0.0
6/26/2020 5:00,0.0,0.0
6/26/2020 6:00,0.0,0.0
6/26/2020 7:00,0.25,0.01
6/26/2020 8:00,1.75,0.07
6/26/2020 9:00,3.25,0.14
6/26/2020 10:00,7.0,0.3
6/26/2020 11:00,9.25,0.39
6/26/2020 12:00,12.25,0.52
6/26/2020 13:00,17.75,0.75
6/26/2020 14:00,18.25,0.78
6/26/2020 15:00,17.75,0.75
6/26/2020 16:00,17.0,0.72
6/26/2020 17:00,14.75,0.63
6/26/2020 18:00,11.5,0.49
6/26/2020 19:00,7.25,0.31
6/26/2020 20:00,1.0,0.04
6/26/2020 21:00,0.5,0.02
6/26/2020 22:00,0.0,0.0
6/26/2020 23:00,0.0,0.0
6/27/2020 0:00,0.0,0.0
6/27/2020 1:00,0.0,0.0
6/27/2020 2:00,0.0,0.0
6/27/2020 3:00,0.0,0.0
6/27/2020 4:00,0.0,0.0
6/27/2020 5:00,0.0,0.0
6/27/2020 6:00,0.0,0.0
6/27/2020 7:00,0.0,0.0
6/27/2020 8:00,1.25,0.05
6/27/2020 9:00,2.0,0.09
6/27/2020 10:00,5.75,0.24
6/27/2020 11:00,5.25,0.22
6/27/2020 12:00,10.25,0.44
6/27/2020 13:00,13.5,0.57
6/27/2020 14:00,17.0,0.72
6/27/2020 15:00,13.0,0.55
6/27/2020 16:00,16.0,0.68
6/27/2020 17:00,14.25,0.61
6/27/2020 18:00,11.25,0.48
6/27/2020 19:00,7.5,0.32
6/27/2020 20:00,0.75,0.03
6/27/2020 21:00,0.25,0.01
6/27/2020 22:00,0.0,0.0
6/27/2020 23:00,0.0,0.0
6/28/2020 0:00,0.0,0.0
6/28/2020 1:00,0.0,0.0
6/28/2020 2:00,0.0,0.0
6/28/2020 3:00,0.0,0.0
6/28/2020 4:00,0.0,0.0
6/28/2020 5:00,0.0,0.0
6/28/2020 6:00,0.0,0.0
6/28/2020 7:00,0.25,0.01
6/28/2020 8:00,1.25,0.05
6/28/2020 9:00,5.25,0.22
6/28/2020 10:00,10.0,0.43
6/28/2020 11:00,13.25,0.56
6/28/2020 12:00,16.0,0.68
6/28/2020 13:00,17.5,0.74
6/28/2020 14:00,17.75,0.75
6/28/2020 15:00,17.5,0.74
6/28/2020 16:00,16.5,0.7
6/28/2020 17:00,14.5,0.62
6/28/2020 18:00,11.75,0.5
6/28/2020 19:00,7.25,0.31
6/28/2020 20:00,0.75,0.03
6/28/2020 21:00,0.25,0.01
6/28/2020 22:00,0.25,0.01
6/28/2020 23:00,0.0,0.0
6/29/2020 0:00,0.0,0.0
6/29/2020 1:00,0.0,0.0
6/29/2020 2:00,0.0,0.0
6/29/2020 3:00,0.0,0.0
6/29/2020 4:00,0.0,0.0
6/29/2020 5:00,0.0,0.0
6/29/2020 6:00,0.0,0.0
6/29/2020 7:00,0.0,0.0
6/29/2020 8:00,1.5,0.06
6/29/2020 9:00,5.5,0.23
6/29/2020 10:00,10.0,0.43
6/29/2020 11:00,13.5,0.57
6/29/2020 12:00,16.0,0.68
6/29/2020 13:00,17.5,0.74
6/29/2020 14:00,18.0,0.77
6/29/2020 15:00,17.75,0.75
6/29/2020 16:00,16.5,0.7
6/29/2020 17:00,14.75,0.63
6/29/2020 18:00,11.5,0.49
6/29/2020 19:00,7.5,0.32
6/29/2020 20:00,0.75,0.03
6/29/2020 21:00,0.25,0.01
6/29/2020 22:00,0.0,0.0
6/29/2020 23:00,0.0,0.0
6/30/2020 0:00,0.0,0.0
6/30/2020 1:00,0.0,0.0
6/30/2020 2:00,0.0,0.0
6/30/2020 3:00,0.0,0.0
6/30/2020 4:00,0.0,0.0
6/30/2020 5:00,0.0,0.0
6/30/2020 6:00,0.0,0.0
6/30/2020 7:00,0.25,0.01
6/30/2020 8:00,1.25,0.05
6/30/2020 9:00,5.5,0.23
6/30/2020 10:00,9.75,0.41
6/30/2020 11:00,13.5,0.57
6/30/2020 12:00,16.0,0.68
6/30/2020 13:00,17.25,0.73
6/30/2020 14:00,17.75,0.75
6/30/2020 15:00,17.75,0.75
6/30/2020 16:00,16.75,0.71
6/30/2020 17:00,14.75,0.63
6/30/2020 18:00,11.75,0.5
6/30/2020 19:00,7.5,0.32
6/30/2020 20:00,0.75,0.03
6/30/2020 21:00,0.25,0.01
6/30/2020 22:00,0.0,0.0
6/30/2020 23:00,0.0,0.0
7/1/2020 0:00,0.0,0.0
7/1/2020 1:00,0.0,0.0
7/1/2020 2:00,0.0,0.0
7/1/2020 3:00,0.0,0.0
7/1/2020 4:00,0.0,0.0
7/1/2020 5:00,0.0,0.0
7/1/2020 6:00,0.0,0.0
7/1/2020 7:00,0.25,0.01
7/1/2020 8:00,1.5,0.06
7/1/2020 9:00,3.75,0.16
7/1/2020 10:00,8.25,0.35
7/1/2020 11:00,11.25,0.48
7/1/2020 12:00,16.0,0.68
7/1/2020 13:00,17.25,0.73
7/1/2020 14:00,18.0,0.77
7/1/2020 15:00,17.75,0.75
7/1/2020 16:00,16.75,0.71
7/1/2020 17:00,14.75,0.63
7/1/2020 18:00,11.5,0.49
7/1/2020 19:00,7.5,0.32
7/1/2020 20:00,0.75,0.03
7/1/2020 21:00,0.25,0.01
7/1/2020 22:00,0.0,0.0
7/1/2020 23:00,0.0,0.0
7/2/2020 0:00,0.0,0.0
7/2/2020 1:00,0.0,0.0
7/2/2020 2:00,0.0,0.0
7/2/2020 3:00,0.0,0.0
7/2/2020 4:00,0.0,0.0
7/2/2020 5:00,0.0,0.0
7/2/2020 6:00,0.0,0.0
7/2/2020 7:00,0.25,0.01
7/2/2020 8:00,1.25,0.05
7/2/2020 9:00,5.5,0.23
7/2/2020 10:00,9.5,0.4
7/2/2020 11:00,13.25,0.56
7/2/2020 12:00,14.25,0.61
7/2/2020 13:00,17.5,0.74
7/2/2020 14:00,18.25,0.78
7/2/2020 15:00,18.0,0.77
7/2/2020 16:00,17.0,0.72
7/2/2020 17:00,15.0,0.64
7/2/2020 18:00,12.0,0.51
7/2/2020 19:00,7.5,0.32
7/2/2020 20:00,1.0,0.04
7/2/2020 21:00,0.25,0.01
7/2/2020 22:00,0.0,0.0
7/2/2020 23:00,0.0,0.0
7/3/2020 0:00,0.0,0.0
7/3/2020 1:00,0.0,0.0
7/3/2020 2:00,0.0,0.0
7/3/2020 3:00,0.0,0.0
7/3/2020 4:00,0.0,0.0
7/3/2020 5:00,0.0,0.0
7/3/2020 6:00,0.0,0.0
7/3/2020 7:00,0.25,0.01
7/3/2020 8:00,1.25,0.05
7/3/2020 9:00,5.5,0.23
7/3/2020 10:00,10.0,0.43
7/3/2020 11:00,13.5,0.57
7/3/2020 12:00,16.5,0.7
7/3/2020 13:00,17.75,0.75
7/3/2020 14:00,18.75,0.8
7/3/2020 15:00,18.5,0.79
7/3/2020 16:00,17.25,0.73
7/3/2020 17:00,15.25,0.65
7/3/2020 18:00,12.25,0.52
7/3/2020 19:00,7.5,0.32
7/3/2020 20:00,1.0,0.04
7/3/2020 21:00,0.5,0.02
7/3/2020 22:00,0.0,0.0
7/3/2020 23:00,0.0,0.0
7/4/2020 0:00,0.0,0.0
7/4/2020 1:00,0.0,0.0
7/4/2020 2:00,0.0,0.0
7/4/2020 3:00,0.0,0.0
7/4/2020 4:00,0.0,0.0
7/4/2020 5:00,0.0,0.0
7/4/2020 6:00,0.0,0.0
7/4/2020 7:00,0.0,0.0
7/4/2020 8:00,1.5,0.06
7/4/2020 9:00,5.25,0.22
7/4/2020 10:00,9.75,0.41
7/4/2020 11:00,13.25,0.56
7/4/2020 12:00,15.75,0.67
7/4/2020 13:00,17.0,0.72
7/4/2020 14:00,17.25,0.73
7/4/2020 15:00,17.0,0.72
7/4/2020 16:00,16.25,0.69
7/4/2020 17:00,14.5,0.62
7/4/2020 18:00,11.5,0.49
7/4/2020 19:00,7.5,0.32
7/4/2020 20:00,1.0,0.04
7/4/2020 21:00,0.25,0.01
7/4/2020 22:00,0.0,0.0
7/4/2020 23:00,0.0,0.0
7/5/2020 0:00,0.0,0.0
7/5/2020 1:00,0.0,0.0
7/5/2020 2:00,0.0,0.0
7/5/2020 3:00,0.0,0.0
7/5/2020 4:00,0.0,0.0
7/5/2020 5:00,0.0,0.0
7/5/2020 6:00,0.0,0.0
7/5/2020 7:00,0.25,0.01
7/5/2020 8:00,1.25,0.05
7/5/2020 9:00,5.25,0.22
7/5/2020 10:00,9.25,0.39
7/5/2020 11:00,12.75,0.54
7/5/2020 12:00,15.0,0.64
7/5/2020 13:00,16.0,0.68
7/5/2020 14:00,15.75,0.67
7/5/2020 15:00,14.75,0.63
7/5/2020 16:00,15.0,0.64
7/5/2020 17:00,13.75,0.58
7/5/2020 18:00,11.25,0.48
7/5/2020 19:00,7.25,0.31
7/5/2020 20:00,1.0,0.04
7/5/2020 21:00,0.25,0.01
7/5/2020 22:00,0.0,0.0
7/5/2020 23:00,0.0,0.0
7/6/2020 0:00,0.0,0.0
7/6/2020 1:00,0.0,0.0
7/6/2020 2:00,0.0,0.0
7/6/2020 3:00,0.0,0.0
7/6/2020 4:00,0.0,0.0
7/6/2020 5:00,0.0,0.0
7/6/2020 6:00,0.0,0.0
7/6/2020 7:00,0.25,0.01
7/6/2020 8:00,1.25,0.05
7/6/2020 9:00,5.25,0.22
7/6/2020 10:00,9.5,0.4
7/6/2020 11:00,12.75,0.54
7/6/2020 12:00,15.5,0.66
7/6/2020 13:00,16.0,0.68
7/6/2020 14:00,16.25,0.69
7/6/2020 15:00,16.75,0.71
7/6/2020 16:00,16.25,0.69
7/6/2020 17:00,14.25,0.61
7/6/2020 18:00,11.5,0.49
7/6/2020 19:00,7.5,0.32
7/6/2020 20:00,1.0,0.04
7/6/2020 21:00,0.5,0.02
7/6/2020 22:00,0.0,0.0
7/6/2020 23:00,0.0,0.0
7/7/2020 0:00,0.0,0.0
7/7/2020 1:00,0.0,0.0
7/7/2020 2:00,0.0,0.0
7/7/2020 3:00,0.0,0.0
7/7/2020 4:00,0.0,0.0
7/7/2020 5:00,0.0,0.0
7/7/2020 6:00,0.0,0.0
7/7/2020 7:00,0.0,0.0
7/7/2020 8:00,1.75,0.07
7/7/2020 9:00,4.5,0.19
7/7/2020 10:00,8.5,0.36
7/7/2020 11:00,12.0,0.51
7/7/2020 12:00,14.25,0.61
7/7/2020 13:00,15.5,0.66
7/7/2020 14:00,15.5,0.66
7/7/2020 15:00,15.5,0.66
7/7/2020 16:00,14.75,0.63
7/7/2020 17:00,12.75,0.54
7/7/2020 18:00,10.0,0.43
7/7/2020 19:00,6.0,0.26
7/7/2020 20:00,2.5,0.11
7/7/2020 21:00,1.0,0.04
7/7/2020 22:00,0.0,0.0
7/7/2020 23:00,0.0,0.0
7/8/2020 0:00,0.0,0.0
7/8/2020 1:00,0.0,0.0
7/8/2020 2:00,0.0,0.0
7/8/2020 3:00,0.0,0.0
7/8/2020 4:00,0.0,0.0
7/8/2020 5:00,0.0,0.0
7/8/2020 6:00,0.0,0.0
7/8/2020 7:00,0.25,0.01
7/8/2020 8:00,1.5,0.06
7/8/2020 9:00,4.0,0.17
7/8/2020 10:00,8.25,0.35
7/8/2020 11:00,11.5,0.49
7/8/2020 12:00,16.25,0.69
7/8/2020 13:00,17.75,0.75
7/8/2020 14:00,18.5,0.79
7/8/2020 15:00,18.25,0.78
7/8/2020 16:00,17.0,0.72
7/8/2020 17:00,14.25,0.61
7/8/2020 18:00,11.75,0.5
7/8/2020 19:00,7.25,0.31
7/8/2020 20:00,1.5,0.06
7/8/2020 21:00,0.25,0.01
7/8/2020 22:00,0.0,0.0
7/8/2020 23:00,0.0,0.0
7/9/2020 0:00,0.0,0.0
7/9/2020 1:00,0.0,0.0
7/9/2020 2:00,0.0,0.0
7/9/2020 3:00,0.0,0.0
7/9/2020 4:00,0.0,0.0
7/9/2020 5:00,0.0,0.0
7/9/2020 6:00,0.0,0.0
7/9/2020 7:00,0.25,0.01
7/9/2020 8:00,0.5,0.02
7/9/2020 9:00,1.5,0.06
7/9/2020 10:00,2.75,0.12
7/9/2020 11:00,4.75,0.2
7/9/2020 12:00,11.75,0.5
7/9/2020 13:00,16.75,0.71
7/9/2020 14:00,17.25,0.73
7/9/2020 15:00,16.75,0.71
7/9/2020 16:00,16.0,0.68
7/9/2020 17:00,14.25,0.61
7/9/2020 18:00,11.0,0.47
7/9/2020 19:00,6.75,0.29
7/9/2020 20:00,1.5,0.06
7/9/2020 21:00,0.5,0.02
7/9/2020 22:00,0.0,0.0
7/9/2020 23:00,0.0,0.0
7/10/2020 0:00,0.0,0.0
7/10/2020 1:00,0.0,0.0
7/10/2020 2:00,0.0,0.0
7/10/2020 3:00,0.0,0.0
7/10/2020 4:00,0.0,0.0
7/10/2020 5:00,0.0,0.0
7/10/2020 6:00,0.0,0.0
7/10/2020 7:00,0.0,0.0
7/10/2020 8:00,1.25,0.05
7/10/2020 9:00,5.0,0.21
7/10/2020 10:00,9.25,0.39
7/10/2020 11:00,13.0,0.55
7/10/2020 12:00,15.5,0.66
7/10/2020 13:00,17.25,0.73
7/10/2020 14:00,17.5,0.74
7/10/2020 15:00,17.0,0.72
7/10/2020 16:00,16.25,0.69
7/10/2020 17:00,14.5,0.62
7/10/2020 18:00,11.5,0.49
7/10/2020 19:00,7.5,0.32
7/10/2020 20:00,1.25,0.05
7/10/2020 21:00,0.25,0.01
7/10/2020 22:00,0.0,0.0
7/10/2020 23:00,0.0,0.0
7/11/2020 0:00,0.0,0.0
7/11/2020 1:00,0.0,0.0
7/11/2020 2:00,0.0,0.0
7/11/2020 3:00,0.0,0.0
7/11/2020 4:00,0.0,0.0
7/11/2020 5:00,0.0,0.0
7/11/2020 6:00,0.0,0.0
7/11/2020 7:00,0.0,0.0
7/11/2020 8:00,1.5,0.06
7/11/2020 9:00,4.0,0.17
7/11/2020 10:00,8.75,0.37
7/11/2020 11:00,12.25,0.52
7/11/2020 12:00,14.75,0.63
7/11/2020 13:00,15.75,0.67
7/11/2020 14:00,15.75,0.67
7/11/2020 15:00,14.75,0.63
7/11/2020 16:00,15.0,0.64
7/11/2020 17:00,13.5,0.57
7/11/2020 18:00,10.25,0.44
7/11/2020 19:00,6.75,0.29
7/11/2020 20:00,1.5,0.06
7/11/2020 21:00,0.25,0.01
7/11/2020 22:00,0.0,0.0
7/11/2020 23:00,0.0,0.0
7/12/2020 0:00,0.0,0.0
7/12/2020 1:00,0.0,0.0
7/12/2020 2:00,0.0,0.0
7/12/2020 3:00,0.0,0.0
7/12/2020 4:00,0.0,0.0
7/12/2020 5:00,0.0,0.0
7/12/2020 6:00,0.0,0.0
7/12/2020 7:00,0.25,0.01
7/12/2020 8:00,1.25,0.05
7/12/2020 9:00,4.5,0.19
7/12/2020 10:00,9.0,0.38
7/12/2020 11:00,12.25,0.52
7/12/2020 12:00,14.75,0.63
7/12/2020 13:00,16.0,0.68
7/12/2020 14:00,16.25,0.69
7/12/2020 15:00,16.25,0.69
7/12/2020 16:00,15.25,0.65
7/12/2020 17:00,13.75,0.58
7/12/2020 18:00,10.75,0.46
7/12/2020 19:00,7.0,0.3
7/12/2020 20:00,1.25,0.05
7/12/2020 21:00,0.5,0.02
7/12/2020 22:00,0.0,0.0
7/12/2020 23:00,0.0,0.0
7/13/2020 0:00,0.0,0.0
7/13/2020 1:00,0.0,0.0
7/13/2020 2:00,0.0,0.0
7/13/2020 3:00,0.0,0.0
7/13/2020 4:00,0.0,0.0
7/13/2020 5:00,0.0,0.0
7/13/2020 6:00,0.0,0.0
7/13/2020 7:00,0.0,0.0
7/13/2020 8:00,1.25,0.05
7/13/2020 9:00,4.5,0.19
7/13/2020 10:00,8.75,0.37
7/13/2020 11:00,12.0,0.51
7/13/2020 12:00,14.5,0.62
7/13/2020 13:00,15.75,0.67
7/13/2020 14:00,15.25,0.65
7/13/2020 15:00,15.75,0.67
7/13/2020 16:00,15.5,0.66
7/13/2020 17:00,13.75,0.58
7/13/2020 18:00,11.0,0.47
7/13/2020 19:00,7.0,0.3
7/13/2020 20:00,1.25,0.05
7/13/2020 21:00,0.25,0.01
7/13/2020 22:00,0.0,0.0
7/13/2020 23:00,0.0,0.0
7/14/2020 0:00,0.0,0.0
7/14/2020 1:00,0.0,0.0
7/14/2020 2:00,0.0,0.0
7/14/2020 3:00,0.0,0.0
7/14/2020 4:00,0.0,0.0
7/14/2020 5:00,0.0,0.0
7/14/2020 6:00,0.0,0.0
7/14/2020 7:00,0.25,0.01
7/14/2020 8:00,1.0,0.04
7/14/2020 9:00,4.5,0.19
7/14/2020 10:00,9.0,0.38
7/14/2020 11:00,12.25,0.52
7/14/2020 12:00,14.75,0.63
7/14/2020 13:00,16.5,0.7
7/14/2020 14:00,17.0,0.72
7/14/2020 15:00,16.75,0.71
7/14/2020 16:00,16.0,0.68
7/14/2020 17:00,14.25,0.61
7/14/2020 18:00,11.5,0.49
7/14/2020 19:00,7.5,0.32
7/14/2020 20:00,1.25,0.05
7/14/2020 21:00,0.25,0.01
7/14/2020 22:00,0.0,0.0
7/14/2020 23:00,0.0,0.0
7/15/2020 0:00,0.0,0.0
7/15/2020 1:00,0.0,0.0
7/15/2020 2:00,0.0,0.0
7/15/2020 3:00,0.0,0.0
7/15/2020 4:00,0.0,0.0
7/15/2020 5:00,0.0,0.0
7/15/2020 6:00,0.0,0.0
7/15/2020 7:00,0.25,0.01
7/15/2020 8:00,1.0,0.04
7/15/2020 9:00,4.75,0.2
7/15/2020 10:00,9.0,0.38
7/15/2020 11:00,12.75,0.54
7/15/2020 12:00,15.0,0.64
7/15/2020 13:00,16.25,0.69
7/15/2020 14:00,16.25,0.69
7/15/2020 15:00,15.75,0.67
7/15/2020 16:00,15.0,0.64
7/15/2020 17:00,13.5,0.57
7/15/2020 18:00,10.75,0.46
7/15/2020 19:00,6.75,0.29
7/15/2020 20:00,1.5,0.06
7/15/2020 21:00,0.25,0.01
7/15/2020 22:00,0.0,0.0
7/15/2020 23:00,0.0,0.0
7/16/2020 0:00,0.0,0.0
7/16/2020 1:00,0.0,0.0
7/16/2020 2:00,0.0,0.0
7/16/2020 3:00,0.0,0.0
7/16/2020 4:00,0.0,0.0
7/16/2020 5:00,0.0,0.0
7/16/2020 6:00,0.0,0.0
7/16/2020 7:00,0.0,0.0
7/16/2020 8:00,1.25,0.05
7/16/2020 9:00,4.25,0.18
7/16/2020 10:00,8.5,0.36
7/16/2020 11:00,12.0,0.51
7/16/2020 12:00,14.5,0.62
7/16/2020 13:00,15.25,0.65
7/16/2020 14:00,15.5,0.66
7/16/2020 15:00,15.25,0.65
7/16/2020 16:00,14.25,0.61
7/16/2020 17:00,13.0,0.55
7/16/2020 18:00,10.5,0.45
7/16/2020 19:00,6.5,0.28
7/16/2020 20:00,1.5,0.06
7/16/2020 21:00,0.25,0.01
7/16/2020 22:00,0.0,0.0
7/16/2020 23:00,0.0,0.0
7/17/2020 0:00,0.0,0.0
7/17/2020 1:00,0.0,0.0
7/17/2020 2:00,0.0,0.0
7/17/2020 3:00,0.0,0.0
7/17/2020 4:00,0.0,0.0
7/17/2020 5:00,0.0,0.0
7/17/2020 6:00,0.0,0.0
7/17/2020 7:00,0.25,0.01
7/17/2020 8:00,1.0,0.04
7/17/2020 9:00,4.25,0.18
7/17/2020 10:00,8.5,0.36
7/17/2020 11:00,11.75,0.5
7/17/2020 12:00,14.25,0.61
7/17/2020 13:00,15.5,0.66
7/17/2020 14:00,15.5,0.66
7/17/2020 15:00,16.25,0.69
7/17/2020 16:00,15.0,0.64
7/17/2020 17:00,13.25,0.56
7/17/2020 18:00,10.5,0.45
7/17/2020 19:00,6.75,0.29
7/17/2020 20:00,1.5,0.06
7/17/2020 21:00,0.25,0.01
7/17/2020 22:00,0.0,0.0
7/17/2020 23:00,0.0,0.0
7/18/2020 0:00,0.0,0.0
7/18/2020 1:00,0.0,0.0
7/18/2020 2:00,0.0,0.0
7/18/2020 3:00,0.0,0.0
7/18/2020 4:00,0.0,0.0
7/18/2020 5:00,0.0,0.0
7/18/2020 6:00,0.0,0.0
7/18/2020 7:00,0.25,0.01
7/18/2020 8:00,1.0,0.04
7/18/2020 9:00,4.5,0.19
7/18/2020 10:00,8.25,0.35
7/18/2020 11:00,12.0,0.51
7/18/2020 12:00,14.25,0.61
7/18/2020 13:00,15.5,0.66
7/18/2020 14:00,16.25,0.69
7/18/2020 15:00,16.5,0.7
7/18/2020 16:00,15.75,0.67
7/18/2020 17:00,14.0,0.6
7/18/2020 18:00,11.25,0.48
7/18/2020 19:00,7.25,0.31
7/18/2020 20:00,1.5,0.06
7/18/2020 21:00,0.25,0.01
7/18/2020 22:00,0.0,0.0
7/18/2020 23:00,0.0,0.0
7/19/2020 0:00,0.0,0.0
7/19/2020 1:00,0.0,0.0
7/19/2020 2:00,0.0,0.0
7/19/2020 3:00,0.0,0.0
7/19/2020 4:00,0.0,0.0
7/19/2020 5:00,0.0,0.0
7/19/2020 6:00,0.0,0.0
7/19/2020 7:00,0.0,0.0
7/19/2020 8:00,1.5,0.06
7/19/2020 9:00,3.25,0.14
7/19/2020 10:00,6.75,0.29
7/19/2020 11:00,12.5,0.53
7/19/2020 12:00,14.75,0.63
7/19/2020 13:00,16.5,0.7
7/19/2020 14:00,16.75,0.71
7/19/2020 15:00,16.5,0.7
7/19/2020 16:00,15.25,0.65
7/19/2020 17:00,13.5,0.57
7/19/2020 18:00,10.5,0.45
7/19/2020 19:00,6.5,0.28
7/19/2020 20:00,2.0,0.09
7/19/2020 21:00,0.5,0.02
7/19/2020 22:00,0.0,0.0
7/19/2020 23:00,0.0,0.0
7/20/2020 0:00,0.0,0.0
7/20/2020 1:00,0.0,0.0
7/20/2020 2:00,0.0,0.0
7/20/2020 3:00,0.0,0.0
7/20/2020 4:00,0.0,0.0
7/20/2020 5:00,0.0,0.0
7/20/2020 6:00,0.0,0.0
7/20/2020 7:00,0.0,0.0
7/20/2020 8:00,1.5,0.06
7/20/2020 9:00,3.75,0.16
7/20/2020 10:00,6.5,0.28
7/20/2020 11:00,6.25,0.27
7/20/2020 12:00,7.75,0.33
7/20/2020 13:00,10.25,0.44
7/20/2020 14:00,10.75,0.46
7/20/2020 15:00,11.0,0.47
7/20/2020 16:00,12.25,0.52
7/20/2020 17:00,7.0,0.3
7/20/2020 18:00,7.5,0.32
7/20/2020 19:00,7.5,0.32
7/20/2020 20:00,2.0,0.09
7/20/2020 21:00,0.5,0.02
7/20/2020 22:00,0.0,0.0
7/20/2020 23:00,0.0,0.0
7/21/2020 0:00,0.0,0.0
7/21/2020 1:00,0.0,0.0
7/21/2020 2:00,0.0,0.0
7/21/2020 3:00,0.0,0.0
7/21/2020 4:00,0.0,0.0
7/21/2020 5:00,0.0,0.0
7/21/2020 6:00,0.0,0.0
7/21/2020 7:00,0.25,0.01
7/21/2020 8:00,1.25,0.05
7/21/2020 9:00,1.75,0.07
7/21/2020 10:00,6.0,0.26
7/21/2020 11:00,11.75,0.5
7/21/2020 12:00,14.5,0.62
7/21/2020 13:00,15.25,0.65
7/21/2020 14:00,15.25,0.65
7/21/2020 15:00,16.0,0.68
7/21/2020 16:00,15.25,0.65
7/21/2020 17:00,4.25,0.18
7/21/2020 18:00,1.5,0.06
7/21/2020 19:00,4.25,0.18
7/21/2020 20:00,2.0,0.09
7/21/2020 21:00,0.25,0.01
7/21/2020 22:00,0.0,0.0
7/21/2020 23:00,0.0,0.0
7/22/2020 0:00,0.0,0.0
7/22/2020 1:00,0.0,0.0
7/22/2020 2:00,0.0,0.0
7/22/2020 3:00,0.0,0.0
7/22/2020 4:00,0.0,0.0
7/22/2020 5:00,0.0,0.0
7/22/2020 6:00,0.0,0.0
7/22/2020 7:00,0.25,0.01
7/22/2020 8:00,1.0,0.04
7/22/2020 9:00,4.25,0.18
7/22/2020 10:00,8.5,0.36
7/22/2020 11:00,11.75,0.5
7/22/2020 12:00,14.25,0.61
7/22/2020 13:00,16.0,0.68
7/22/2020 14:00,16.75,0.71
7/22/2020 15:00,16.75,0.71
7/22/2020 16:00,15.5,0.66
7/22/2020 17:00,13.5,0.57
7/22/2020 18:00,10.75,0.46
7/22/2020 19:00,7.0,0.3
7/22/2020 20:00,1.75,0.07
7/22/2020 21:00,0.25,0.01
7/22/2020 22:00,0.0,0.0
7/22/2020 23:00,0.0,0.0
7/23/2020 0:00,0.0,0.0
7/23/2020 1:00,0.0,0.0
7/23/2020 2:00,0.0,0.0
7/23/2020 3:00,0.0,0.0
7/23/2020 4:00,0.0,0.0
7/23/2020 5:00,0.0,0.0
7/23/2020 6:00,0.0,0.0
7/23/2020 7:00,0.0,0.0
7/23/2020 8:00,1.0,0.04
7/23/2020 9:00,4.5,0.19
7/23/2020 10:00,8.75,0.37
7/23/2020 11:00,12.5,0.53
7/23/2020 12:00,14.75,0.63
7/23/2020 13:00,16.25,0.69
7/23/2020 14:00,16.5,0.7
7/23/2020 15:00,16.5,0.7
7/23/2020 16:00,15.75,0.67
7/23/2020 17:00,14.0,0.6
7/23/2020 18:00,11.0,0.47
7/23/2020 19:00,7.0,0.3
7/23/2020 20:00,1.75,0.07
7/23/2020 21:00,0.25,0.01
7/23/2020 22:00,0.0,0.0
7/23/2020 23:00,0.0,0.0
7/24/2020 0:00,0.0,0.0
7/24/2020 1:00,0.0,0.0
7/24/2020 2:00,0.0,0.0
7/24/2020 3:00,0.0,0.0
7/24/2020 4:00,0.0,0.0
7/24/2020 5:00,0.0,0.0
7/24/2020 6:00,0.0,0.0
7/24/2020 7:00,0.0,0.0
7/24/2020 8:00,1.0,0.04
7/24/2020 9:00,4.75,0.2
7/24/2020 10:00,9.25,0.39
7/24/2020 11:00,13.0,0.55
7/24/2020 12:00,15.75,0.67
7/24/2020 13:00,17.5,0.74
7/24/2020 14:00,17.75,0.75
7/24/2020 15:00,17.0,0.72
7/24/2020 16:00,16.5,0.7
7/24/2020 17:00,14.5,0.62
7/24/2020 18:00,11.5,0.49
7/24/2020 19:00,7.25,0.31
7/24/2020 20:00,1.75,0.07
7/24/2020 21:00,0.25,0.01
7/24/2020 22:00,0.0,0.0
7/24/2020 23:00,0.0,0.0
7/25/2020 0:00,0.0,0.0
7/25/2020 1:00,0.0,0.0
7/25/2020 2:00,0.0,0.0
7/25/2020 3:00,0.0,0.0
7/25/2020 4:00,0.0,0.0
7/25/2020 5:00,0.0,0.0
7/25/2020 6:00,0.0,0.0
7/25/2020 7:00,0.0,0.0
7/25/2020 8:00,1.0,0.04
7/25/2020 9:00,4.5,0.19
7/25/2020 10:00,8.75,0.37
7/25/2020 11:00,12.75,0.54
7/25/2020 12:00,15.25,0.65
7/25/2020 13:00,17.0,0.72
7/25/2020 14:00,17.75,0.75
7/25/2020 15:00,17.25,0.73
7/25/2020 16:00,16.5,0.7
7/25/2020 17:00,14.25,0.61
7/25/2020 18:00,11.25,0.48
7/25/2020 19:00,7.25,0.31
7/25/2020 20:00,2.0,0.09
7/25/2020 21:00,0.0,0.0
7/25/2020 22:00,0.0,0.0
7/25/2020 23:00,0.0,0.0
7/26/2020 0:00,0.0,0.0
7/26/2020 1:00,0.0,0.0
7/26/2020 2:00,0.0,0.0
7/26/2020 3:00,0.0,0.0
7/26/2020 4:00,0.0,0.0
7/26/2020 5:00,0.0,0.0
7/26/2020 6:00,0.0,0.0
7/26/2020 7:00,0.25,0.01
7/26/2020 8:00,0.75,0.03
7/26/2020 9:00,4.0,0.17
7/26/2020 10:00,8.25,0.35
7/26/2020 11:00,12.25,0.52
7/26/2020 12:00,15.0,0.64
7/26/2020 13:00,16.5,0.7
7/26/2020 14:00,17.0,0.72
7/26/2020 15:00,16.5,0.7
7/26/2020 16:00,15.75,0.67
7/26/2020 17:00,14.0,0.6
7/26/2020 18:00,10.75,0.46
7/26/2020 19:00,6.5,0.28
7/26/2020 20:00,2.0,0.09
7/26/2020 21:00,0.25,0.01
7/26/2020 22:00,0.0,0.0
7/26/2020 23:00,0.0,0.0
7/27/2020 0:00,0.0,0.0
7/27/2020 1:00,0.0,0.0
7/27/2020 2:00,0.0,0.0
7/27/2020 3:00,0.0,0.0
7/27/2020 4:00,0.0,0.0
7/27/2020 5:00,0.0,0.0
7/27/2020 6:00,0.0,0.0
7/27/2020 7:00,0.0,0.0
7/27/2020 8:00,1.0,0.04
7/27/2020 9:00,4.25,0.18
7/27/2020 10:00,8.75,0.37
7/27/2020 11:00,12.25,0.52
7/27/2020 12:00,15.25,0.65
7/27/2020 13:00,16.75,0.71
7/27/2020 14:00,17.5,0.74
7/27/2020 15:00,17.25,0.73
7/27/2020 16:00,16.0,0.68
7/27/2020 17:00,14.0,0.6
7/27/2020 18:00,11.0,0.47
7/27/2020 19:00,7.0,0.3
7/27/2020 20:00,2.25,0.1
7/27/2020 21:00,0.5,0.02
7/27/2020 22:00,0.0,0.0
7/27/2020 23:00,0.0,0.0
7/28/2020 0:00,0.0,0.0
7/28/2020 1:00,0.0,0.0
7/28/2020 2:00,0.0,0.0
7/28/2020 3:00,0.0,0.0
7/28/2020 4:00,0.0,0.0
7/28/2020 5:00,0.0,0.0
7/28/2020 6:00,0.0,0.0
7/28/2020 7:00,0.0,0.0
7/28/2020 8:00,0.5,0.02
7/28/2020 9:00,2.0,0.09
7/28/2020 10:00,6.25,0.27
7/28/2020 11:00,13.0,0.55
7/28/2020 12:00,15.5,0.66
7/28/2020 13:00,16.5,0.7
7/28/2020 14:00,17.75,0.75
7/28/2020 15:00,17.25,0.73
7/28/2020 16:00,16.5,0.7
7/28/2020 17:00,14.25,0.61
7/28/2020 18:00,11.5,0.49
7/28/2020 19:00,7.25,0.31
7/28/2020 20:00,2.0,0.09
7/28/2020 21:00,0.25,0.01
7/28/2020 22:00,0.0,0.0
7/28/2020 23:00,0.0,0.0
7/29/2020 0:00,0.0,0.0
7/29/2020 1:00,0.0,0.0
7/29/2020 2:00,0.0,0.0
7/29/2020 3:00,0.0,0.0
7/29/2020 4:00,0.0,0.0
7/29/2020 5:00,0.0,0.0
7/29/2020 6:00,0.0,0.0
7/29/2020 7:00,0.0,0.0
7/29/2020 8:00,1.0,0.04
7/29/2020 9:00,4.75,0.2
7/29/2020 10:00,9.0,0.38
7/29/2020 11:00,12.75,0.54
7/29/2020 12:00,15.25,0.65
7/29/2020 13:00,16.5,0.7
7/29/2020 14:00,16.75,0.71
7/29/2020 15:00,16.25,0.69
7/29/2020 16:00,15.5,0.66
7/29/2020 17:00,14.0,0.6
7/29/2020 18:00,10.75,0.46
7/29/2020 19:00,7.0,0.3
7/29/2020 20:00,2.0,0.09
7/29/2020 21:00,0.25,0.01
7/29/2020 22:00,0.0,0.0
7/29/2020 23:00,0.0,0.0
7/30/2020 0:00,0.0,0.0
7/30/2020 1:00,0.0,0.0
7/30/2020 2:00,0.0,0.0
7/30/2020 3:00,0.0,0.0
7/30/2020 4:00,0.0,0.0
7/30/2020 5:00,0.0,0.0
7/30/2020 6:00,0.0,0.0
7/30/2020 7:00,0.0,0.0
7/30/2020 8:00,1.0,0.04
7/30/2020 9:00,4.25,0.18
7/30/2020 10:00,8.5,0.36
7/30/2020 11:00,12.25,0.52
7/30/2020 12:00,14.75,0.63
7/30/2020 13:00,16.25,0.69
7/30/2020 14:00,16.75,0.71
7/30/2020 15:00,16.5,0.7
7/30/2020 16:00,15.75,0.67
7/30/2020 17:00,13.75,0.58
7/30/2020 18:00,10.75,0.46
7/30/2020 19:00,6.75,0.29
7/30/2020 20:00,2.0,0.09
7/30/2020 21:00,0.25,0.01
7/30/2020 22:00,0.0,0.0
7/30/2020 23:00,0.0,0.0
7/31/2020 0:00,0.0,0.0
7/31/2020 1:00,0.0,0.0
7/31/2020 2:00,0.0,0.0
7/31/2020 3:00,0.0,0.0
7/31/2020 4:00,0.0,0.0
7/31/2020 5:00,0.0,0.0
7/31/2020 6:00,0.0,0.0
7/31/2020 7:00,0.0,0.0
7/31/2020 8:00,0.75,0.03
7/31/2020 9:00,4.5,0.19
7/31/2020 10:00,8.5,0.36
7/31/2020 11:00,12.5,0.53
7/31/2020 12:00,15.0,0.64
7/31/2020 13:00,16.25,0.69
7/31/2020 14:00,16.75,0.71
7/31/2020 15:00,16.5,0.7
7/31/2020 16:00,15.75,0.67
7/31/2020 17:00,14.0,0.6
7/31/2020 18:00,11.0,0.47
7/31/2020 19:00,7.25,0.31
7/31/2020 20:00,2.25,0.1
7/31/2020 21:00,0.0,0.0
7/31/2020 22:00,0.0,0.0
7/31/2020 23:00,0.0,0.0
8/1/2020 0:00,0.0,0.0
8/1/2020 1:00,0.0,0.0
8/1/2020 2:00,0.0,0.0
8/1/2020 3:00,0.0,0.0
8/1/2020 4:00,0.0,0.0
8/1/2020 5:00,0.0,0.0
8/1/2020 6:00,0.0,0.0
8/1/2020 7:00,0.25,0.01
8/1/2020 8:00,0.75,0.03
8/1/2020 9:00,4.25,0.18
8/1/2020 10:00,8.75,0.37
8/1/2020 11:00,12.5,0.53
8/1/2020 12:00,15.0,0.64
8/1/2020 13:00,16.75,0.71
8/1/2020 14:00,17.25,0.73
8/1/2020 15:00,16.75,0.71
8/1/2020 16:00,16.0,0.68
8/1/2020 17:00,14.0,0.6
8/1/2020 18:00,11.0,0.47
8/1/2020 19:00,7.0,0.3
8/1/2020 20:00,2.0,0.09
8/1/2020 21:00,0.25,0.01
8/1/2020 22:00,0.0,0.0
8/1/2020 23:00,0.0,0.0
8/2/2020 0:00,0.0,0.0
8/2/2020 1:00,0.0,0.0
8/2/2020 2:00,0.0,0.0
8/2/2020 3:00,0.0,0.0
8/2/2020 4:00,0.0,0.0
8/2/2020 5:00,0.0,0.0
8/2/2020 6:00,0.0,0.0
8/2/2020 7:00,0.0,0.0
8/2/2020 8:00,1.0,0.04
8/2/2020 9:00,4.25,0.18
8/2/2020 10:00,9.0,0.38
8/2/2020 11:00,13.0,0.55
8/2/2020 12:00,15.5,0.66
8/2/2020 13:00,17.5,0.74
8/2/2020 14:00,18.0,0.77
8/2/2020 15:00,18.0,0.77
8/2/2020 16:00,16.75,0.71
8/2/2020 17:00,14.5,0.62
8/2/2020 18:00,11.25,0.48
8/2/2020 19:00,7.0,0.3
8/2/2020 20:00,2.0,0.09
8/2/2020 21:00,0.25,0.01
8/2/2020 22:00,0.0,0.0
8/2/2020 23:00,0.0,0.0
8/3/2020 0:00,0.0,0.0
8/3/2020 1:00,0.0,0.0
8/3/2020 2:00,0.0,0.0
8/3/2020 3:00,0.0,0.0
8/3/2020 4:00,0.0,0.0
8/3/2020 5:00,0.0,0.0
8/3/2020 6:00,0.0,0.0
8/3/2020 7:00,0.0,0.0
8/3/2020 8:00,0.5,0.02
8/3/2020 9:00,4.0,0.17
8/3/2020 10:00,8.25,0.35
8/3/2020 11:00,12.0,0.51
8/3/2020 12:00,15.25,0.65
8/3/2020 13:00,17.0,0.72
8/3/2020 14:00,17.25,0.73
8/3/2020 15:00,17.5,0.74
8/3/2020 16:00,16.0,0.68
8/3/2020 17:00,14.0,0.6
8/3/2020 18:00,10.0,0.43
8/3/2020 19:00,6.25,0.27
8/3/2020 20:00,2.25,0.1
8/3/2020 21:00,0.5,0.02
8/3/2020 22:00,0.0,0.0
8/3/2020 23:00,0.0,0.0
8/4/2020 0:00,0.0,0.0
8/4/2020 1:00,0.0,0.0
8/4/2020 2:00,0.0,0.0
8/4/2020 3:00,0.0,0.0
8/4/2020 4:00,0.0,0.0
8/4/2020 5:00,0.0,0.0
8/4/2020 6:00,0.0,0.0
8/4/2020 7:00,0.0,0.0
8/4/2020 8:00,0.75,0.03
8/4/2020 9:00,4.0,0.17
8/4/2020 10:00,8.75,0.37
8/4/2020 11:00,12.75,0.54
8/4/2020 12:00,15.0,0.64
8/4/2020 13:00,16.75,0.71
8/4/2020 14:00,17.0,0.72
8/4/2020 15:00,16.75,0.71
8/4/2020 16:00,15.75,0.67
8/4/2020 17:00,13.75,0.58
8/4/2020 18:00,10.75,0.46
8/4/2020 19:00,6.75,0.29
8/4/2020 20:00,2.0,0.09
8/4/2020 21:00,0.25,0.01
8/4/2020 22:00,0.0,0.0
8/4/2020 23:00,0.0,0.0
8/5/2020 0:00,0.0,0.0
8/5/2020 1:00,0.0,0.0
8/5/2020 2:00,0.0,0.0
8/5/2020 3:00,0.0,0.0
8/5/2020 4:00,0.0,0.0
8/5/2020 5:00,0.0,0.0
8/5/2020 6:00,0.0,0.0
8/5/2020 7:00,0.0,0.0
8/5/2020 8:00,0.75,0.03
8/5/2020 9:00,4.0,0.17
8/5/2020 10:00,8.25,0.35
8/5/2020 11:00,12.0,0.51
8/5/2020 12:00,14.75,0.63
8/5/2020 13:00,16.0,0.68
8/5/2020 14:00,16.25,0.69
8/5/2020 15:00,16.0,0.68
8/5/2020 16:00,14.75,0.63
8/5/2020 17:00,13.5,0.57
8/5/2020 18:00,10.25,0.44
8/5/2020 19:00,6.25,0.27
8/5/2020 20:00,2.0,0.09
8/5/2020 21:00,0.0,0.0
8/5/2020 22:00,0.0,0.0
8/5/2020 23:00,0.0,0.0
8/6/2020 0:00,0.0,0.0
8/6/2020 1:00,0.0,0.0
8/6/2020 2:00,0.0,0.0
8/6/2020 3:00,0.0,0.0
8/6/2020 4:00,0.0,0.0
8/6/2020 5:00,0.0,0.0
8/6/2020 6:00,0.0,0.0
8/6/2020 7:00,0.0,0.0
8/6/2020 8:00,0.75,0.03
8/6/2020 9:00,4.0,0.17
8/6/2020 10:00,8.25,0.35
8/6/2020 11:00,11.75,0.5
8/6/2020 12:00,14.5,0.62
8/6/2020 13:00,15.75,0.67
8/6/2020 14:00,16.0,0.68
8/6/2020 15:00,15.75,0.67
8/6/2020 16:00,15.0,0.64
8/6/2020 17:00,13.25,0.56
8/6/2020 18:00,10.0,0.43
8/6/2020 19:00,6.0,0.26
8/6/2020 20:00,2.0,0.09
8/6/2020 21:00,0.25,0.01
8/6/2020 22:00,0.0,0.0
8/6/2020 23:00,0.0,0.0
8/7/2020 0:00,0.0,0.0
8/7/2020 1:00,0.0,0.0
8/7/2020 2:00,0.0,0.0
8/7/2020 3:00,0.0,0.0
8/7/2020 4:00,0.0,0.0
8/7/2020 5:00,0.0,0.0
8/7/2020 6:00,0.0,0.0
8/7/2020 7:00,0.0,0.0
8/7/2020 8:00,0.75,0.03
8/7/2020 9:00,3.75,0.16
8/7/2020 10:00,8.25,0.35
8/7/2020 11:00,12.0,0.51
8/7/2020 12:00,14.5,0.62
8/7/2020 13:00,16.0,0.68
8/7/2020 14:00,16.25,0.69
8/7/2020 15:00,16.25,0.69
8/7/2020 16:00,15.0,0.64
8/7/2020 17:00,13.75,0.58
8/7/2020 18:00,10.5,0.45
8/7/2020 19:00,6.5,0.28
8/7/2020 20:00,1.75,0.07
8/7/2020 21:00,0.25,0.01
8/7/2020 22:00,0.0,0.0
8/7/2020 23:00,0.0,0.0
8/8/2020 0:00,0.0,0.0
8/8/2020 1:00,0.0,0.0
8/8/2020 2:00,0.0,0.0
8/8/2020 3:00,0.0,0.0
8/8/2020 4:00,0.0,0.0
8/8/2020 5:00,0.0,0.0
8/8/2020 6:00,0.0,0.0
8/8/2020 7:00,0.0,0.0
8/8/2020 8:00,0.75,0.03
8/8/2020 9:00,4.0,0.17
8/8/2020 10:00,8.5,0.36
8/8/2020 11:00,12.0,0.51
8/8/2020 12:00,15.0,0.64
8/8/2020 13:00,16.0,0.68
8/8/2020 14:00,16.5,0.7
8/8/2020 15:00,16.25,0.69
8/8/2020 16:00,15.5,0.66
8/8/2020 17:00,13.75,0.58
8/8/2020 18:00,10.5,0.45
8/8/2020 19:00,6.5,0.28
8/8/2020 20:00,2.0,0.09
8/8/2020 21:00,0.0,0.0
8/8/2020 22:00,0.0,0.0
8/8/2020 23:00,0.0,0.0
8/9/2020 0:00,0.0,0.0
8/9/2020 1:00,0.0,0.0
8/9/2020 2:00,0.0,0.0
8/9/2020 3:00,0.0,0.0
8/9/2020 4:00,0.0,0.0
8/9/2020 5:00,0.0,0.0
8/9/2020 6:00,0.0,0.0
8/9/2020 7:00,0.25,0.01
8/9/2020 8:00,0.5,0.02
8/9/2020 9:00,4.0,0.17
8/9/2020 10:00,8.75,0.37
8/9/2020 11:00,12.5,0.53
8/9/2020 12:00,14.25,0.61
8/9/2020 13:00,16.75,0.71
8/9/2020 14:00,13.75,0.58
8/9/2020 15:00,12.5,0.53
8/9/2020 16:00,15.0,0.64
8/9/2020 17:00,13.75,0.58
8/9/2020 18:00,9.75,0.41
8/9/2020 19:00,6.25,0.27
8/9/2020 20:00,2.0,0.09
8/9/2020 21:00,0.25,0.01
8/9/2020 22:00,0.0,0.0
8/9/2020 23:00,0.0,0.0
8/10/2020 0:00,0.0,0.0
8/10/2020 1:00,0.0,0.0
8/10/2020 2:00,0.0,0.0
8/10/2020 3:00,0.0,0.0
8/10/2020 4:00,0.0,0.0
8/10/2020 5:00,0.0,0.0
8/10/2020 6:00,0.0,0.0
8/10/2020 7:00,0.0,0.0
8/10/2020 8:00,0.75,0.03
8/10/2020 9:00,1.25,0.05
8/10/2020 10:00,2.5,0.11
8/10/2020 11:00,4.5,0.19
8/10/2020 12:00,9.25,0.39
8/10/2020 13:00,16.5,0.7
8/10/2020 14:00,17.25,0.73
8/10/2020 15:00,17.25,0.73
8/10/2020 16:00,15.75,0.67
8/10/2020 17:00,12.5,0.53
8/10/2020 18:00,10.25,0.44
8/10/2020 19:00,7.25,0.31
8/10/2020 20:00,2.0,0.09
8/10/2020 21:00,0.25,0.01
8/10/2020 22:00,0.0,0.0
8/10/2020 23:00,0.0,0.0
8/11/2020 0:00,0.0,0.0
8/11/2020 1:00,0.0,0.0
8/11/2020 2:00,0.0,0.0
8/11/2020 3:00,0.0,0.0
8/11/2020 4:00,0.0,0.0
8/11/2020 5:00,0.0,0.0
8/11/2020 6:00,0.0,0.0
8/11/2020 7:00,0.0,0.0
8/11/2020 8:00,0.25,0.01
8/11/2020 9:00,3.0,0.13
8/11/2020 10:00,2.25,0.1
8/11/2020 11:00,5.0,0.21
8/11/2020 12:00,6.5,0.28
8/11/2020 13:00,7.5,0.32
8/11/2020 14:00,8.75,0.37
8/11/2020 15:00,10.5,0.45
8/11/2020 16:00,12.25,0.52
8/11/2020 17:00,13.0,0.55
8/11/2020 18:00,3.25,0.14
8/11/2020 19:00,2.25,0.1
8/11/2020 20:00,0.5,0.02
8/11/2020 21:00,0.25,0.01
8/11/2020 22:00,0.0,0.0
8/11/2020 23:00,0.0,0.0
8/12/2020 0:00,0.0,0.0
8/12/2020 1:00,0.0,0.0
8/12/2020 2:00,0.0,0.0
8/12/2020 3:00,0.0,0.0
8/12/2020 4:00,0.0,0.0
8/12/2020 5:00,0.0,0.0
8/12/2020 6:00,0.0,0.0
8/12/2020 7:00,0.0,0.0
8/12/2020 8:00,0.5,0.02
8/12/2020 9:00,0.75,0.03
8/12/2020 10:00,2.5,0.11
8/12/2020 11:00,5.5,0.23
8/12/2020 12:00,9.0,0.38
8/12/2020 13:00,10.0,0.43
8/12/2020 14:00,13.25,0.56
8/12/2020 15:00,15.5,0.66
8/12/2020 16:00,16.75,0.71
8/12/2020 17:00,13.5,0.57
8/12/2020 18:00,10.0,0.43
8/12/2020 19:00,5.5,0.23
8/12/2020 20:00,1.75,0.07
8/12/2020 21:00,0.25,0.01
8/12/2020 22:00,0.0,0.0
8/12/2020 23:00,0.0,0.0
8/13/2020 0:00,0.0,0.0
8/13/2020 1:00,0.0,0.0
8/13/2020 2:00,0.0,0.0
8/13/2020 3:00,0.0,0.0
8/13/2020 4:00,0.0,0.0
8/13/2020 5:00,0.0,0.0
8/13/2020 6:00,0.0,0.0
8/13/2020 7:00,0.0,0.0
8/13/2020 8:00,0.75,0.03
8/13/2020 9:00,4.0,0.17
8/13/2020 10:00,8.75,0.37
8/13/2020 11:00,12.75,0.54
8/13/2020 12:00,15.5,0.66
8/13/2020 13:00,17.25,0.73
8/13/2020 14:00,17.75,0.75
8/13/2020 15:00,17.5,0.74
8/13/2020 16:00,16.5,0.7
8/13/2020 17:00,14.25,0.61
8/13/2020 18:00,11.0,0.47
8/13/2020 19:00,6.75,0.29
8/13/2020 20:00,1.75,0.07
8/13/2020 21:00,0.25,0.01
8/13/2020 22:00,0.0,0.0
8/13/2020 23:00,0.0,0.0
8/14/2020 0:00,0.0,0.0
8/14/2020 1:00,0.0,0.0
8/14/2020 2:00,0.0,0.0
8/14/2020 3:00,0.0,0.0
8/14/2020 4:00,0.0,0.0
8/14/2020 5:00,0.0,0.0
8/14/2020 6:00,0.0,0.0
8/14/2020 7:00,0.0,0.0
8/14/2020 8:00,1.0,0.04
8/14/2020 9:00,4.0,0.17
8/14/2020 10:00,8.5,0.36
8/14/2020 11:00,13.0,0.55
8/14/2020 12:00,15.5,0.66
8/14/2020 13:00,17.25,0.73
8/14/2020 14:00,18.0,0.77
8/14/2020 15:00,18.25,0.78
8/14/2020 16:00,17.25,0.73
8/14/2020 17:00,15.0,0.64
8/14/2020 18:00,11.5,0.49
8/14/2020 19:00,7.0,0.3
8/14/2020 20:00,2.0,0.09
8/14/2020 21:00,0.0,0.0
8/14/2020 22:00,0.0,0.0
8/14/2020 23:00,0.0,0.0
8/15/2020 0:00,0.0,0.0
8/15/2020 1:00,0.0,0.0
8/15/2020 2:00,0.0,0.0
8/15/2020 3:00,0.0,0.0
8/15/2020 4:00,0.0,0.0
8/15/2020 5:00,0.0,0.0
8/15/2020 6:00,0.0,0.0
8/15/2020 7:00,0.0,0.0
8/15/2020 8:00,0.75,0.03
8/15/2020 9:00,4.0,0.17
8/15/2020 10:00,8.0,0.34
8/15/2020 11:00,6.75,0.29
8/15/2020 12:00,10.25,0.44
8/15/2020 13:00,16.0,0.68
8/15/2020 14:00,14.25,0.61
8/15/2020 15:00,18.25,0.78
8/15/2020 16:00,17.25,0.73
8/15/2020 17:00,15.0,0.64
8/15/2020 18:00,11.5,0.49
8/15/2020 19:00,6.75,0.29
8/15/2020 20:00,2.0,0.09
8/15/2020 21:00,0.0,0.0
8/15/2020 22:00,0.0,0.0
8/15/2020 23:00,0.0,0.0
8/16/2020 0:00,0.0,0.0
8/16/2020 1:00,0.0,0.0
8/16/2020 2:00,0.0,0.0
8/16/2020 3:00,0.0,0.0
8/16/2020 4:00,0.0,0.0
8/16/2020 5:00,0.0,0.0
8/16/2020 6:00,0.0,0.0
8/16/2020 7:00,0.0,0.0
8/16/2020 8:00,0.75,0.03
8/16/2020 9:00,4.25,0.18
8/16/2020 10:00,8.25,0.35
8/16/2020 11:00,13.0,0.55
8/16/2020 12:00,13.0,0.55
8/16/2020 13:00,17.0,0.72
8/16/2020 14:00,17.5,0.74
8/16/2020 15:00,18.5,0.79
8/16/2020 16:00,17.0,0.72
8/16/2020 17:00,15.25,0.65
8/16/2020 18:00,11.25,0.48
8/16/2020 19:00,5.0,0.21
8/16/2020 20:00,0.5,0.02
8/16/2020 21:00,0.25,0.01
8/16/2020 22:00,0.0,0.0
8/16/2020 23:00,0.0,0.0
8/17/2020 0:00,0.0,0.0
8/17/2020 1:00,0.0,0.0
8/17/2020 2:00,0.0,0.0
8/17/2020 3:00,0.0,0.0
8/17/2020 4:00,0.0,0.0
8/17/2020 5:00,0.0,0.0
8/17/2020 6:00,0.0,0.0
8/17/2020 7:00,0.0,0.0
8/17/2020 8:00,0.5,0.02
8/17/2020 9:00,3.75,0.16
8/17/2020 10:00,7.0,0.3
8/17/2020 11:00,8.75,0.37
8/17/2020 12:00,12.5,0.53
8/17/2020 13:00,14.0,0.6
8/17/2020 14:00,13.75,0.58
8/17/2020 15:00,16.25,0.69
8/17/2020 16:00,14.25,0.61
8/17/2020 17:00,10.0,0.43
8/17/2020 18:00,8.0,0.34
8/17/2020 19:00,5.5,0.23
8/17/2020 20:00,1.5,0.06
8/17/2020 21:00,0.0,0.0
8/17/2020 22:00,0.0,0.0
8/17/2020 23:00,0.0,0.0
8/18/2020 0:00,0.0,0.0
8/18/2020 1:00,0.0,0.0
8/18/2020 2:00,0.0,0.0
8/18/2020 3:00,0.0,0.0
8/18/2020 4:00,0.0,0.0
8/18/2020 5:00,0.0,0.0
8/18/2020 6:00,0.0,0.0
8/18/2020 7:00,0.0,0.0
8/18/2020 8:00,0.25,0.01
8/18/2020 9:00,1.75,0.07
8/18/2020 10:00,3.25,0.14
8/18/2020 11:00,5.5,0.23
8/18/2020 12:00,6.75,0.29
8/18/2020 13:00,14.75,0.63
8/18/2020 14:00,15.25,0.65
8/18/2020 15:00,17.75,0.75
8/18/2020 16:00,16.75,0.71
8/18/2020 17:00,14.5,0.62
8/18/2020 18:00,11.0,0.47
8/18/2020 19:00,6.5,0.28
8/18/2020 20:00,1.75,0.07
8/18/2020 21:00,0.0,0.0
8/18/2020 22:00,0.0,0.0
8/18/2020 23:00,0.0,0.0
8/19/2020 0:00,0.0,0.0
8/19/2020 1:00,0.0,0.0
8/19/2020 2:00,0.0,0.0
8/19/2020 3:00,0.0,0.0
8/19/2020 4:00,0.0,0.0
8/19/2020 5:00,0.0,0.0
8/19/2020 6:00,0.0,0.0
8/19/2020 7:00,0.0,0.0
8/19/2020 8:00,0.75,0.03
8/19/2020 9:00,3.0,0.13
8/19/2020 10:00,6.0,0.26
8/19/2020 11:00,12.25,0.52
8/19/2020 12:00,16.0,0.68
8/19/2020 13:00,17.75,0.75
8/19/2020 14:00,18.5,0.79
8/19/2020 15:00,18.25,0.78
8/19/2020 16:00,17.0,0.72
8/19/2020 17:00,14.75,0.63
8/19/2020 18:00,11.25,0.48
8/19/2020 19:00,4.25,0.18
8/19/2020 20:00,0.75,0.03
8/19/2020 21:00,0.25,0.01
8/19/2020 22:00,0.0,0.0
8/19/2020 23:00,0.0,0.0
8/20/2020 0:00,0.0,0.0
8/20/2020 1:00,0.0,0.0
8/20/2020 2:00,0.0,0.0
8/20/2020 3:00,0.0,0.0
8/20/2020 4:00,0.0,0.0
8/20/2020 5:00,0.0,0.0
8/20/2020 6:00,0.0,0.0
8/20/2020 7:00,0.0,0.0
8/20/2020 8:00,0.0,0.0
8/20/2020 9:00,1.0,0.04
8/20/2020 10:00,1.25,0.05
8/20/2020 11:00,1.75,0.07
8/20/2020 12:00,2.25,0.1
8/20/2020 13:00,3.75,0.16
8/20/2020 14:00,6.25,0.27
8/20/2020 15:00,5.75,0.24
8/20/2020 16:00,5.0,0.21
8/20/2020 17:00,3.5,0.15
8/20/2020 18:00,3.5,0.15
8/20/2020 19:00,1.25,0.05
8/20/2020 20:00,0.25,0.01
8/20/2020 21:00,0.0,0.0
8/20/2020 22:00,0.0,0.0
8/20/2020 23:00,0.0,0.0
8/21/2020 0:00,0.0,0.0
8/21/2020 1:00,0.0,0.0
8/21/2020 2:00,0.0,0.0
8/21/2020 3:00,0.0,0.0
8/21/2020 4:00,0.0,0.0
8/21/2020 5:00,0.0,0.0
8/21/2020 6:00,0.0,0.0
8/21/2020 7:00,0.0,0.0
8/21/2020 8:00,0.75,0.03
8/21/2020 9:00,2.5,0.11
8/21/2020 10:00,7.75,0.33
8/21/2020 11:00,11.5,0.49
8/21/2020 12:00,10.5,0.45
8/21/2020 13:00,11.75,0.5
8/21/2020 14:00,14.25,0.61
8/21/2020 15:00,14.0,0.6
8/21/2020 16:00,16.5,0.7
8/21/2020 17:00,14.25,0.61
8/21/2020 18:00,8.25,0.35
8/21/2020 19:00,4.5,0.19
8/21/2020 20:00,1.75,0.07
8/21/2020 21:00,0.0,0.0
8/21/2020 22:00,0.0,0.0
8/21/2020 23:00,0.0,0.0
8/22/2020 0:00,0.0,0.0
8/22/2020 1:00,0.0,0.0
8/22/2020 2:00,0.0,0.0
8/22/2020 3:00,0.0,0.0
8/22/2020 4:00,0.0,0.0
8/22/2020 5:00,0.0,0.0
8/22/2020 6:00,0.0,0.0
8/22/2020 7:00,0.0,0.0
8/22/2020 8:00,0.75,0.03
8/22/2020 9:00,4.0,0.17
8/22/2020 10:00,9.25,0.39
8/22/2020 11:00,13.25,0.56
8/22/2020 12:00,16.25,0.69
8/22/2020 13:00,17.75,0.75
8/22/2020 14:00,18.0,0.77
8/22/2020 15:00,18.0,0.77
8/22/2020 16:00,16.75,0.71
8/22/2020 17:00,14.5,0.62
8/22/2020 18:00,11.25,0.48
8/22/2020 19:00,6.75,0.29
8/22/2020 20:00,1.5,0.06
8/22/2020 21:00,0.0,0.0
8/22/2020 22:00,0.0,0.0
8/22/2020 23:00,0.0,0.0
8/23/2020 0:00,0.0,0.0
8/23/2020 1:00,0.0,0.0
8/23/2020 2:00,0.0,0.0
8/23/2020 3:00,0.0,0.0
8/23/2020 4:00,0.0,0.0
8/23/2020 5:00,0.0,0.0
8/23/2020 6:00,0.0,0.0
8/23/2020 7:00,0.0,0.0
8/23/2020 8:00,0.5,0.02
8/23/2020 9:00,4.0,0.17
8/23/2020 10:00,9.0,0.38
8/23/2020 11:00,13.0,0.55
8/23/2020 12:00,16.0,0.68
8/23/2020 13:00,17.5,0.74
8/23/2020 14:00,18.0,0.77
8/23/2020 15:00,17.5,0.74
8/23/2020 16:00,16.5,0.7
8/23/2020 17:00,14.25,0.61
8/23/2020 18:00,11.0,0.47
8/23/2020 19:00,6.25,0.27
8/23/2020 20:00,1.5,0.06
8/23/2020 21:00,0.0,0.0
8/23/2020 22:00,0.0,0.0
8/23/2020 23:00,0.0,0.0
8/24/2020 0:00,0.0,0.0
8/24/2020 1:00,0.0,0.0
8/24/2020 2:00,0.0,0.0
8/24/2020 3:00,0.0,0.0
8/24/2020 4:00,0.0,0.0
8/24/2020 5:00,0.0,0.0
8/24/2020 6:00,0.0,0.0
8/24/2020 7:00,0.0,0.0
8/24/2020 8:00,0.5,0.02
8/24/2020 9:00,4.0,0.17
8/24/2020 10:00,8.75,0.37
8/24/2020 11:00,12.5,0.53
8/24/2020 12:00,15.25,0.65
8/24/2020 13:00,16.5,0.7
8/24/2020 14:00,16.5,0.7
8/24/2020 15:00,16.25,0.69
8/24/2020 16:00,15.75,0.67
8/24/2020 17:00,13.5,0.57
8/24/2020 18:00,9.0,0.38
8/24/2020 19:00,5.75,0.24
8/24/2020 20:00,1.5,0.06
8/24/2020 21:00,0.0,0.0
8/24/2020 22:00,0.0,0.0
8/24/2020 23:00,0.0,0.0
8/25/2020 0:00,0.0,0.0
8/25/2020 1:00,0.0,0.0
8/25/2020 2:00,0.0,0.0
8/25/2020 3:00,0.0,0.0
8/25/2020 4:00,0.0,0.0
8/25/2020 5:00,0.0,0.0
8/25/2020 6:00,0.0,0.0
8/25/2020 7:00,0.0,0.0
8/25/2020 8:00,0.5,0.02
8/25/2020 9:00,4.0,0.17
8/25/2020 10:00,9.0,0.38
8/25/2020 11:00,12.75,0.54
8/25/2020 12:00,15.75,0.67
8/25/2020 13:00,17.0,0.72
8/25/2020 14:00,17.25,0.73
8/25/2020 15:00,17.25,0.73
8/25/2020 16:00,16.25,0.69
8/25/2020 17:00,14.0,0.6
8/25/2020 18:00,10.5,0.45
8/25/2020 19:00,6.25,0.27
8/25/2020 20:00,1.25,0.05
8/25/2020 21:00,0.0,0.0
8/25/2020 22:00,0.0,0.0
8/25/2020 23:00,0.0,0.0
8/26/2020 0:00,0.0,0.0
8/26/2020 1:00,0.0,0.0
8/26/2020 2:00,0.0,0.0
8/26/2020 3:00,0.0,0.0
8/26/2020 4:00,0.0,0.0
8/26/2020 5:00,0.0,0.0
8/26/2020 6:00,0.0,0.0
8/26/2020 7:00,0.0,0.0
8/26/2020 8:00,0.5,0.02
8/26/2020 9:00,4.0,0.17
8/26/2020 10:00,8.75,0.37
8/26/2020 11:00,12.75,0.54
8/26/2020 12:00,15.5,0.66
8/26/2020 13:00,17.0,0.72
8/26/2020 14:00,17.0,0.72
8/26/2020 15:00,16.5,0.7
8/26/2020 16:00,15.5,0.66
8/26/2020 17:00,13.75,0.58
8/26/2020 18:00,10.25,0.44
8/26/2020 19:00,5.5,0.23
8/26/2020 20:00,1.0,0.04
8/26/2020 21:00,0.0,0.0
8/26/2020 22:00,0.0,0.0
8/26/2020 23:00,0.0,0.0
8/27/2020 0:00,0.0,0.0
8/27/2020 1:00,0.0,0.0
8/27/2020 2:00,0.0,0.0
8/27/2020 3:00,0.0,0.0
8/27/2020 4:00,0.0,0.0
8/27/2020 5:00,0.0,0.0
8/27/2020 6:00,0.0,0.0
8/27/2020 7:00,0.0,0.0
8/27/2020 8:00,0.75,0.03
8/27/2020 9:00,3.75,0.16
8/27/2020 10:00,8.25,0.35
8/27/2020 11:00,12.75,0.54
8/27/2020 12:00,15.75,0.67
8/27/2020 13:00,17.25,0.73
8/27/2020 14:00,17.75,0.75
8/27/2020 15:00,18.0,0.77
8/27/2020 16:00,16.75,0.71
8/27/2020 17:00,14.5,0.62
8/27/2020 18:00,10.75,0.46
8/27/2020 19:00,5.75,0.24
8/27/2020 20:00,1.25,0.05
8/27/2020 21:00,0.0,0.0
8/27/2020 22:00,0.0,0.0
8/27/2020 23:00,0.0,0.0
8/28/2020 0:00,0.0,0.0
8/28/2020 1:00,0.0,0.0
8/28/2020 2:00,0.0,0.0
8/28/2020 3:00,0.0,0.0
8/28/2020 4:00,0.0,0.0
8/28/2020 5:00,0.0,0.0
8/28/2020 6:00,0.0,0.0
8/28/2020 7:00,0.0,0.0
8/28/2020 8:00,0.0,0.0
8/28/2020 9:00,1.5,0.06
8/28/2020 10:00,3.0,0.13
8/28/2020 11:00,6.25,0.27
8/28/2020 12:00,9.25,0.39
8/28/2020 13:00,17.5,0.74
8/28/2020 14:00,18.5,0.79
8/28/2020 15:00,18.0,0.77
8/28/2020 16:00,17.0,0.72
8/28/2020 17:00,14.25,0.61
8/28/2020 18:00,10.5,0.45
8/28/2020 19:00,6.0,0.26
8/28/2020 20:00,1.0,0.04
8/28/2020 21:00,0.0,0.0
8/28/2020 22:00,0.0,0.0
8/28/2020 23:00,0.0,0.0
8/29/2020 0:00,0.0,0.0
8/29/2020 1:00,0.0,0.0
8/29/2020 2:00,0.0,0.0
8/29/2020 3:00,0.0,0.0
8/29/2020 4:00,0.0,0.0
8/29/2020 5:00,0.0,0.0
8/29/2020 6:00,0.0,0.0
8/29/2020 7:00,0.0,0.0
8/29/2020 8:00,0.75,0.03
8/29/2020 9:00,3.75,0.16
8/29/2020 10:00,9.0,0.38
8/29/2020 11:00,13.75,0.58
8/29/2020 12:00,17.0,0.72
8/29/2020 13:00,17.75,0.75
8/29/2020 14:00,18.5,0.79
8/29/2020 15:00,18.5,0.79
8/29/2020 16:00,17.0,0.72
8/29/2020 17:00,14.5,0.62
8/29/2020 18:00,10.75,0.46
8/29/2020 19:00,6.0,0.26
8/29/2020 20:00,0.75,0.03
8/29/2020 21:00,0.0,0.0
8/29/2020 22:00,0.0,0.0
8/29/2020 23:00,0.0,0.0
8/30/2020 0:00,0.0,0.0
8/30/2020 1:00,0.0,0.0
8/30/2020 2:00,0.0,0.0
8/30/2020 3:00,0.0,0.0
8/30/2020 4:00,0.0,0.0
8/30/2020 5:00,0.0,0.0
8/30/2020 6:00,0.0,0.0
8/30/2020 7:00,0.0,0.0
8/30/2020 8:00,0.5,0.02
8/30/2020 9:00,4.0,0.17
8/30/2020 10:00,9.0,0.38
8/30/2020 11:00,13.25,0.56
8/30/2020 12:00,16.0,0.68
8/30/2020 13:00,17.5,0.74
8/30/2020 14:00,17.75,0.75
8/30/2020 15:00,17.25,0.73
8/30/2020 16:00,16.75,0.71
8/30/2020 17:00,14.25,0.61
8/30/2020 18:00,10.5,0.45
8/30/2020 19:00,6.0,0.26
8/30/2020 20:00,0.75,0.03
8/30/2020 21:00,0.0,0.0
8/30/2020 22:00,0.0,0.0
8/30/2020 23:00,0.0,0.0
8/31/2020 0:00,0.0,0.0
8/31/2020 1:00,0.0,0.0
8/31/2020 2:00,0.0,0.0
8/31/2020 3:00,0.0,0.0
8/31/2020 4:00,0.0,0.0
8/31/2020 5:00,0.0,0.0
8/31/2020 6:00,0.0,0.0
8/31/2020 7:00,0.0,0.0
8/31/2020 8:00,0.5,0.02
8/31/2020 9:00,3.75,0.16
8/31/2020 10:00,9.0,0.38
8/31/2020 11:00,13.0,0.55
8/31/2020 12:00,15.75,0.67
8/31/2020 13:00,16.25,0.69
8/31/2020 14:00,17.0,0.72
8/31/2020 15:00,16.75,0.71
8/31/2020 16:00,15.5,0.66
8/31/2020 17:00,13.5,0.57
8/31/2020 18:00,10.0,0.43
8/31/2020 19:00,5.25,0.22
8/31/2020 20:00,0.75,0.03
8/31/2020 21:00,0.0,0.0
8/31/2020 22:00,0.0,0.0
8/31/2020 23:00,0.0,0.0
9/1/2020 0:00,0.0,0.0
9/1/2020 1:00,0.0,0.0
9/1/2020 2:00,0.0,0.0
9/1/2020 3:00,0.0,0.0
9/1/2020 4:00,0.0,0.0
9/1/2020 5:00,0.0,0.0
9/1/2020 6:00,0.0,0.0
9/1/2020 7:00,0.0,0.0
9/1/2020 8:00,0.5,0.02
9/1/2020 9:00,2.25,0.1
9/1/2020 10:00,9.25,0.39
9/1/2020 11:00,8.25,0.35
9/1/2020 12:00,16.0,0.68
9/1/2020 13:00,17.0,0.72
9/1/2020 14:00,17.75,0.75
9/1/2020 15:00,17.25,0.73
9/1/2020 16:00,16.0,0.68
9/1/2020 17:00,13.75,0.58
9/1/2020 18:00,10.25,0.44
9/1/2020 19:00,5.5,0.23
9/1/2020 20:00,0.75,0.03
9/1/2020 21:00,0.0,0.0
9/1/2020 22:00,0.0,0.0
9/1/2020 23:00,0.0,0.0
9/2/2020 0:00,0.0,0.0
9/2/2020 1:00,0.0,0.0
9/2/2020 2:00,0.0,0.0
9/2/2020 3:00,0.0,0.0
9/2/2020 4:00,0.0,0.0
9/2/2020 5:00,0.0,0.0
9/2/2020 6:00,0.0,0.0
9/2/2020 7:00,0.0,0.0
9/2/2020 8:00,0.5,0.02
9/2/2020 9:00,3.5,0.15
9/2/2020 10:00,8.5,0.36
9/2/2020 11:00,12.5,0.53
9/2/2020 12:00,15.5,0.66
9/2/2020 13:00,17.0,0.72
9/2/2020 14:00,16.75,0.71
9/2/2020 15:00,16.5,0.7
9/2/2020 16:00,15.0,0.64
9/2/2020 17:00,12.75,0.54
9/2/2020 18:00,9.5,0.4
9/2/2020 19:00,5.0,0.21
9/2/2020 20:00,0.75,0.03
9/2/2020 21:00,0.0,0.0
9/2/2020 22:00,0.0,0.0
9/2/2020 23:00,0.0,0.0
9/3/2020 0:00,0.0,0.0
9/3/2020 1:00,0.0,0.0
9/3/2020 2:00,0.0,0.0
9/3/2020 3:00,0.0,0.0
9/3/2020 4:00,0.0,0.0
9/3/2020 5:00,0.0,0.0
9/3/2020 6:00,0.0,0.0
9/3/2020 7:00,0.0,0.0
9/3/2020 8:00,0.5,0.02
9/3/2020 9:00,3.25,0.14
9/3/2020 10:00,8.5,0.36
9/3/2020 11:00,12.25,0.52
9/3/2020 12:00,15.0,0.64
9/3/2020 13:00,16.25,0.69
9/3/2020 14:00,16.25,0.69
9/3/2020 15:00,15.75,0.67
9/3/2020 16:00,14.5,0.62
9/3/2020 17:00,12.5,0.53
9/3/2020 18:00,9.25,0.39
9/3/2020 19:00,4.5,0.19
9/3/2020 20:00,0.75,0.03
9/3/2020 21:00,0.0,0.0
9/3/2020 22:00,0.0,0.0
9/3/2020 23:00,0.0,0.0
9/4/2020 0:00,0.0,0.0
9/4/2020 1:00,0.0,0.0
9/4/2020 2:00,0.0,0.0
9/4/2020 3:00,0.0,0.0
9/4/2020 4:00,0.0,0.0
9/4/2020 5:00,0.0,0.0
9/4/2020 6:00,0.0,0.0
9/4/2020 7:00,0.0,0.0
9/4/2020 8:00,0.25,0.01
9/4/2020 9:00,3.5,0.15
9/4/2020 10:00,8.0,0.34
9/4/2020 11:00,12.25,0.52
9/4/2020 12:00,14.5,0.62
9/4/2020 13:00,16.0,0.68
9/4/2020 14:00,16.5,0.7
9/4/2020 15:00,16.0,0.68
9/4/2020 16:00,14.25,0.61
9/4/2020 17:00,12.25,0.52
9/4/2020 18:00,9.25,0.39
9/4/2020 19:00,4.75,0.2
9/4/2020 20:00,0.5,0.02
9/4/2020 21:00,0.0,0.0
9/4/2020 22:00,0.0,0.0
9/4/2020 23:00,0.0,0.0
9/5/2020 0:00,0.0,0.0
9/5/2020 1:00,0.0,0.0
9/5/2020 2:00,0.0,0.0
9/5/2020 3:00,0.0,0.0
9/5/2020 4:00,0.0,0.0
9/5/2020 5:00,0.0,0.0
9/5/2020 6:00,0.0,0.0
9/5/2020 7:00,0.0,0.0
9/5/2020 8:00,0.25,0.01
9/5/2020 9:00,3.5,0.15
9/5/2020 10:00,8.0,0.34
9/5/2020 11:00,12.0,0.51
9/5/2020 12:00,14.75,0.63
9/5/2020 13:00,16.0,0.68
9/5/2020 14:00,16.0,0.68
9/5/2020 15:00,15.75,0.67
9/5/2020 16:00,14.25,0.61
9/5/2020 17:00,12.5,0.53
9/5/2020 18:00,9.0,0.38
9/5/2020 19:00,4.75,0.2
9/5/2020 20:00,0.5,0.02
9/5/2020 21:00,0.0,0.0
9/5/2020 22:00,0.0,0.0
9/5/2020 23:00,0.0,0.0
9/6/2020 0:00,0.0,0.0
9/6/2020 1:00,0.0,0.0
9/6/2020 2:00,0.0,0.0
9/6/2020 3:00,0.0,0.0
9/6/2020 4:00,0.0,0.0
9/6/2020 5:00,0.0,0.0
9/6/2020 6:00,0.0,0.0
9/6/2020 7:00,0.0,0.0
9/6/2020 8:00,0.5,0.02
9/6/2020 9:00,3.0,0.13
9/6/2020 10:00,8.0,0.34
9/6/2020 11:00,11.75,0.5
9/6/2020 12:00,14.5,0.62
9/6/2020 13:00,16.0,0.68
9/6/2020 14:00,15.75,0.67
9/6/2020 15:00,15.75,0.67
9/6/2020 16:00,14.5,0.62
9/6/2020 17:00,12.25,0.52
9/6/2020 18:00,8.75,0.37
9/6/2020 19:00,4.25,0.18
9/6/2020 20:00,0.5,0.02
9/6/2020 21:00,0.0,0.0
9/6/2020 22:00,0.0,0.0
9/6/2020 23:00,0.0,0.0
9/7/2020 0:00,0.0,0.0
9/7/2020 1:00,0.0,0.0
9/7/2020 2:00,0.0,0.0
9/7/2020 3:00,0.0,0.0
9/7/2020 4:00,0.0,0.0
9/7/2020 5:00,0.0,0.0
9/7/2020 6:00,0.0,0.0
9/7/2020 7:00,0.0,0.0
9/7/2020 8:00,0.25,0.01
9/7/2020 9:00,3.25,0.14
9/7/2020 10:00,7.75,0.33
9/7/2020 11:00,11.75,0.5
9/7/2020 12:00,14.75,0.63
9/7/2020 13:00,16.0,0.68
9/7/2020 14:00,16.25,0.69
9/7/2020 15:00,15.5,0.66
9/7/2020 16:00,14.0,0.6
9/7/2020 17:00,12.5,0.53
9/7/2020 18:00,9.25,0.39
9/7/2020 19:00,4.25,0.18
9/7/2020 20:00,0.5,0.02
9/7/2020 21:00,0.0,0.0
9/7/2020 22:00,0.0,0.0
9/7/2020 23:00,0.0,0.0
9/8/2020 0:00,0.0,0.0
9/8/2020 1:00,0.0,0.0
9/8/2020 2:00,0.0,0.0
9/8/2020 3:00,0.0,0.0
9/8/2020 4:00,0.0,0.0
9/8/2020 5:00,0.0,0.0
9/8/2020 6:00,0.0,0.0
9/8/2020 7:00,0.0,0.0
9/8/2020 8:00,0.25,0.01
9/8/2020 9:00,3.25,0.14
9/8/2020 10:00,8.25,0.35
9/8/2020 11:00,12.5,0.53
9/8/2020 12:00,15.0,0.64
9/8/2020 13:00,16.5,0.7
9/8/2020 14:00,16.75,0.71
9/8/2020 15:00,16.0,0.68
9/8/2020 16:00,14.75,0.63
9/8/2020 17:00,12.5,0.53
9/8/2020 18:00,8.75,0.37
9/8/2020 19:00,4.5,0.19
9/8/2020 20:00,0.5,0.02
9/8/2020 21:00,0.0,0.0
9/8/2020 22:00,0.0,0.0
9/8/2020 23:00,0.0,0.0
9/9/2020 0:00,0.0,0.0
9/9/2020 1:00,0.0,0.0
9/9/2020 2:00,0.0,0.0
9/9/2020 3:00,0.0,0.0
9/9/2020 4:00,0.0,0.0
9/9/2020 5:00,0.0,0.0
9/9/2020 6:00,0.0,0.0
9/9/2020 7:00,0.0,0.0
9/9/2020 8:00,0.5,0.02
9/9/2020 9:00,1.25,0.05
9/9/2020 10:00,2.25,0.1
9/9/2020 11:00,8.75,0.37
9/9/2020 12:00,14.5,0.62
9/9/2020 13:00,16.5,0.7
9/9/2020 14:00,17.25,0.73
9/9/2020 15:00,16.5,0.7
9/9/2020 16:00,15.5,0.66
9/9/2020 17:00,12.5,0.53
9/9/2020 18:00,8.75,0.37
9/9/2020 19:00,4.0,0.17
9/9/2020 20:00,0.5,0.02
9/9/2020 21:00,0.0,0.0
9/9/2020 22:00,0.0,0.0
9/9/2020 23:00,0.0,0.0
9/10/2020 0:00,0.0,0.0
9/10/2020 1:00,0.0,0.0
9/10/2020 2:00,0.0,0.0
9/10/2020 3:00,0.0,0.0
9/10/2020 4:00,0.0,0.0
9/10/2020 5:00,0.0,0.0
9/10/2020 6:00,0.0,0.0
9/10/2020 7:00,0.0,0.0
9/10/2020 8:00,0.25,0.01
9/10/2020 9:00,3.75,0.16
9/10/2020 10:00,6.0,0.26
9/10/2020 11:00,10.5,0.45
9/10/2020 12:00,14.25,0.61
9/10/2020 13:00,15.75,0.67
9/10/2020 14:00,15.75,0.67
9/10/2020 15:00,15.75,0.67
9/10/2020 16:00,14.25,0.61
9/10/2020 17:00,12.0,0.51
9/10/2020 18:00,8.25,0.35
9/10/2020 19:00,4.0,0.17
9/10/2020 20:00,0.25,0.01
9/10/2020 21:00,0.0,0.0
9/10/2020 22:00,0.0,0.0
9/10/2020 23:00,0.0,0.0
9/11/2020 0:00,0.0,0.0
9/11/2020 1:00,0.0,0.0
9/11/2020 2:00,0.0,0.0
9/11/2020 3:00,0.0,0.0
9/11/2020 4:00,0.0,0.0
9/11/2020 5:00,0.0,0.0
9/11/2020 6:00,0.0,0.0
9/11/2020 7:00,0.0,0.0
9/11/2020 8:00,0.5,0.02
9/11/2020 9:00,3.5,0.15
9/11/2020 10:00,5.75,0.24
9/11/2020 11:00,10.25,0.44
9/11/2020 12:00,13.75,0.58
9/11/2020 13:00,15.5,0.66
9/11/2020 14:00,15.75,0.67
9/11/2020 15:00,15.75,0.67
9/11/2020 16:00,14.5,0.62
9/11/2020 17:00,12.0,0.51
9/11/2020 18:00,6.25,0.27
9/11/2020 19:00,2.25,0.1
9/11/2020 20:00,0.25,0.01
9/11/2020 21:00,0.0,0.0
9/11/2020 22:00,0.0,0.0
9/11/2020 23:00,0.0,0.0
9/12/2020 0:00,0.0,0.0
9/12/2020 1:00,0.0,0.0
9/12/2020 2:00,0.0,0.0
9/12/2020 3:00,0.0,0.0
9/12/2020 4:00,0.0,0.0
9/12/2020 5:00,0.0,0.0
9/12/2020 6:00,0.0,0.0
9/12/2020 7:00,0.0,0.0
9/12/2020 8:00,0.25,0.01
9/12/2020 9:00,1.75,0.07
9/12/2020 10:00,5.0,0.21
9/12/2020 11:00,9.25,0.39
9/12/2020 12:00,13.0,0.55
9/12/2020 13:00,11.75,0.5
9/12/2020 14:00,10.5,0.45
9/12/2020 15:00,13.75,0.58
9/12/2020 16:00,12.75,0.54
9/12/2020 17:00,8.25,0.35
9/12/2020 18:00,5.25,0.22
9/12/2020 19:00,2.25,0.1
9/12/2020 20:00,0.25,0.01
9/12/2020 21:00,0.0,0.0
9/12/2020 22:00,0.0,0.0
9/12/2020 23:00,0.0,0.0
9/13/2020 0:00,0.0,0.0
9/13/2020 1:00,0.0,0.0
9/13/2020 2:00,0.0,0.0
9/13/2020 3:00,0.0,0.0
9/13/2020 4:00,0.0,0.0
9/13/2020 5:00,0.0,0.0
9/13/2020 6:00,0.0,0.0
9/13/2020 7:00,0.0,0.0
9/13/2020 8:00,0.25,0.01
9/13/2020 9:00,2.25,0.1
9/13/2020 10:00,6.5,0.28
9/13/2020 11:00,11.25,0.48
9/13/2020 12:00,14.25,0.61
9/13/2020 13:00,14.75,0.63
9/13/2020 14:00,12.75,0.54
9/13/2020 15:00,12.25,0.52
9/13/2020 16:00,14.0,0.6
9/13/2020 17:00,10.75,0.46
9/13/2020 18:00,6.0,0.26
9/13/2020 19:00,2.0,0.09
9/13/2020 20:00,0.0,0.0
9/13/2020 21:00,0.0,0.0
9/13/2020 22:00,0.0,0.0
9/13/2020 23:00,0.0,0.0
9/14/2020 0:00,0.0,0.0
9/14/2020 1:00,0.0,0.0
9/14/2020 2:00,0.0,0.0
9/14/2020 3:00,0.0,0.0
9/14/2020 4:00,0.0,0.0
9/14/2020 5:00,0.0,0.0
9/14/2020 6:00,0.0,0.0
9/14/2020 7:00,0.0,0.0
9/14/2020 8:00,0.25,0.01
9/14/2020 9:00,2.75,0.12
9/14/2020 10:00,6.75,0.29
9/14/2020 11:00,11.0,0.47
9/14/2020 12:00,14.75,0.63
9/14/2020 13:00,15.75,0.67
9/14/2020 14:00,16.0,0.68
9/14/2020 15:00,11.25,0.48
9/14/2020 16:00,15.25,0.65
9/14/2020 17:00,12.5,0.53
9/14/2020 18:00,8.75,0.37
9/14/2020 19:00,3.75,0.16
9/14/2020 20:00,0.25,0.01
9/14/2020 21:00,0.0,0.0
9/14/2020 22:00,0.0,0.0
9/14/2020 23:00,0.0,0.0
9/15/2020 0:00,0.0,0.0
9/15/2020 1:00,0.0,0.0
9/15/2020 2:00,0.0,0.0
9/15/2020 3:00,0.0,0.0
9/15/2020 4:00,0.0,0.0
9/15/2020 5:00,0.0,0.0
9/15/2020 6:00,0.0,0.0
9/15/2020 7:00,0.0,0.0
9/15/2020 8:00,0.25,0.01
9/15/2020 9:00,2.25,0.1
9/15/2020 10:00,7.75,0.33
9/15/2020 11:00,11.0,0.47
9/15/2020 12:00,12.0,0.51
9/15/2020 13:00,14.5,0.62
9/15/2020 14:00,16.5,0.7
9/15/2020 15:00,16.75,0.71
9/15/2020 16:00,14.75,0.63
9/15/2020 17:00,12.25,0.52
9/15/2020 18:00,8.25,0.35
9/15/2020 19:00,3.5,0.15
9/15/2020 20:00,0.0,0.0
9/15/2020 21:00,0.0,0.0
9/15/2020 22:00,0.0,0.0
9/15/2020 23:00,0.0,0.0
9/16/2020 0:00,0.0,0.0
9/16/2020 1:00,0.0,0.0
9/16/2020 2:00,0.0,0.0
9/16/2020 3:00,0.0,0.0
9/16/2020 4:00,0.0,0.0
9/16/2020 5:00,0.0,0.0
9/16/2020 6:00,0.0,0.0
9/16/2020 7:00,0.0,0.0
9/16/2020 8:00,0.25,0.01
9/16/2020 9:00,1.5,0.06
9/16/2020 10:00,5.25,0.22
9/16/2020 11:00,7.5,0.32
9/16/2020 12:00,10.5,0.45
9/16/2020 13:00,13.25,0.56
9/16/2020 14:00,14.25,0.61
9/16/2020 15:00,15.0,0.64
9/16/2020 16:00,15.5,0.66
9/16/2020 17:00,12.0,0.51
9/16/2020 18:00,7.75,0.33
9/16/2020 19:00,2.5,0.11
9/16/2020 20:00,0.25,0.01
9/16/2020 21:00,0.0,0.0
9/16/2020 22:00,0.0,0.0
9/16/2020 23:00,0.0,0.0
9/17/2020 0:00,0.0,0.0
9/17/2020 1:00,0.0,0.0
9/17/2020 2:00,0.0,0.0
9/17/2020 3:00,0.0,0.0
9/17/2020 4:00,0.0,0.0
9/17/2020 5:00,0.0,0.0
9/17/2020 6:00,0.0,0.0
9/17/2020 7:00,0.0,0.0
9/17/2020 8:00,0.5,0.02
9/17/2020 9:00,0.75,0.03
9/17/2020 10:00,0.75,0.03
9/17/2020 11:00,2.75,0.12
9/17/2020 12:00,5.75,0.24
9/17/2020 13:00,11.5,0.49
9/17/2020 14:00,17.5,0.74
9/17/2020 15:00,17.0,0.72
9/17/2020 16:00,16.25,0.69
9/17/2020 17:00,11.5,0.49
9/17/2020 18:00,6.75,0.29
9/17/2020 19:00,3.5,0.15
9/17/2020 20:00,0.5,0.02
9/17/2020 21:00,0.0,0.0
9/17/2020 22:00,0.0,0.0
9/17/2020 23:00,0.0,0.0
9/18/2020 0:00,0.0,0.0
9/18/2020 1:00,0.0,0.0
9/18/2020 2:00,0.0,0.0
9/18/2020 3:00,0.0,0.0
9/18/2020 4:00,0.0,0.0
9/18/2020 5:00,0.0,0.0
9/18/2020 6:00,0.0,0.0
9/18/2020 7:00,0.0,0.0
9/18/2020 8:00,0.25,0.01
9/18/2020 9:00,1.0,0.04
9/18/2020 10:00,0.75,0.03
9/18/2020 11:00,2.5,0.11
9/18/2020 12:00,4.25,0.18
9/18/2020 13:00,8.0,0.34
9/18/2020 14:00,6.25,0.27
9/18/2020 15:00,11.5,0.49
9/18/2020 16:00,5.5,0.23
9/18/2020 17:00,3.75,0.16
9/18/2020 18:00,1.75,0.07
9/18/2020 19:00,1.25,0.05
9/18/2020 20:00,0.25,0.01
9/18/2020 21:00,0.0,0.0
9/18/2020 22:00,0.0,0.0
9/18/2020 23:00,0.0,0.0
9/19/2020 0:00,0.0,0.0
9/19/2020 1:00,0.0,0.0
9/19/2020 2:00,0.0,0.0
9/19/2020 3:00,0.0,0.0
9/19/2020 4:00,0.0,0.0
9/19/2020 5:00,0.0,0.0
9/19/2020 6:00,0.0,0.0
9/19/2020 7:00,0.0,0.0
9/19/2020 8:00,0.25,0.01
9/19/2020 9:00,1.75,0.07
9/19/2020 10:00,5.5,0.23
9/19/2020 11:00,7.75,0.33
9/19/2020 12:00,10.5,0.45
9/19/2020 13:00,10.5,0.45
9/19/2020 14:00,8.5,0.36
9/19/2020 15:00,9.0,0.38
9/19/2020 16:00,10.5,0.45
9/19/2020 17:00,6.5,0.28
9/19/2020 18:00,6.25,0.27
9/19/2020 19:00,1.5,0.06
9/19/2020 20:00,0.25,0.01
9/19/2020 21:00,0.0,0.0
9/19/2020 22:00,0.0,0.0
9/19/2020 23:00,0.0,0.0
9/20/2020 0:00,0.0,0.0
9/20/2020 1:00,0.0,0.0
9/20/2020 2:00,0.0,0.0
9/20/2020 3:00,0.0,0.0
9/20/2020 4:00,0.0,0.0
9/20/2020 5:00,0.0,0.0
9/20/2020 6:00,0.0,0.0
9/20/2020 7:00,0.0,0.0
9/20/2020 8:00,0.25,0.01
9/20/2020 9:00,2.75,0.12
9/20/2020 10:00,7.0,0.3
9/20/2020 11:00,8.0,0.34
9/20/2020 12:00,8.75,0.37
9/20/2020 13:00,6.25,0.27
9/20/2020 14:00,11.5,0.49
9/20/2020 15:00,17.25,0.73
9/20/2020 16:00,15.75,0.67
9/20/2020 17:00,11.5,0.49
9/20/2020 18:00,6.25,0.27
9/20/2020 19:00,2.75,0.12
9/20/2020 20:00,0.0,0.0
9/20/2020 21:00,0.0,0.0
9/20/2020 22:00,0.0,0.0
9/20/2020 23:00,0.0,0.0
9/21/2020 0:00,0.0,0.0
9/21/2020 1:00,0.0,0.0
9/21/2020 2:00,0.0,0.0
9/21/2020 3:00,0.0,0.0
9/21/2020 4:00,0.0,0.0
9/21/2020 5:00,0.0,0.0
9/21/2020 6:00,0.0,0.0
9/21/2020 7:00,0.0,0.0
9/21/2020 8:00,0.25,0.01
9/21/2020 9:00,2.5,0.11
9/21/2020 10:00,7.25,0.31
9/21/2020 11:00,11.25,0.48
9/21/2020 12:00,14.75,0.63
9/21/2020 13:00,16.0,0.68
9/21/2020 14:00,16.0,0.68
9/21/2020 15:00,12.75,0.54
9/21/2020 16:00,11.25,0.48
9/21/2020 17:00,12.25,0.52
9/21/2020 18:00,7.75,0.33
9/21/2020 19:00,2.5,0.11
9/21/2020 20:00,0.25,0.01
9/21/2020 21:00,0.0,0.0
9/21/2020 22:00,0.0,0.0
9/21/2020 23:00,0.0,0.0
9/22/2020 0:00,0.0,0.0
9/22/2020 1:00,0.0,0.0
9/22/2020 2:00,0.0,0.0
9/22/2020 3:00,0.0,0.0
9/22/2020 4:00,0.0,0.0
9/22/2020 5:00,0.0,0.0
9/22/2020 6:00,0.0,0.0
9/22/2020 7:00,0.0,0.0
9/22/2020 8:00,0.0,0.0
9/22/2020 9:00,2.0,0.09
9/22/2020 10:00,5.0,0.21
9/22/2020 11:00,7.75,0.33
9/22/2020 12:00,12.25,0.52
9/22/2020 13:00,14.25,0.61
9/22/2020 14:00,14.5,0.62
9/22/2020 15:00,11.5,0.49
9/22/2020 16:00,6.0,0.26
9/22/2020 17:00,6.25,0.27
9/22/2020 18:00,2.0,0.09
9/22/2020 19:00,0.75,0.03
9/22/2020 20:00,0.0,0.0
9/22/2020 21:00,0.0,0.0
9/22/2020 22:00,0.0,0.0
9/22/2020 23:00,0.0,0.0
9/23/2020 0:00,0.0,0.0
9/23/2020 1:00,0.0,0.0
9/23/2020 2:00,0.0,0.0
9/23/2020 3:00,0.0,0.0
9/23/2020 4:00,0.0,0.0
9/23/2020 5:00,0.0,0.0
9/23/2020 6:00,0.0,0.0
9/23/2020 7:00,0.0,0.0
9/23/2020 8:00,0.0,0.0
9/23/2020 9:00,0.5,0.02
9/23/2020 10:00,4.75,0.2
9/23/2020 11:00,6.25,0.27
9/23/2020 12:00,11.5,0.49
9/23/2020 13:00,9.25,0.39
9/23/2020 14:00,10.0,0.43
9/23/2020 15:00,9.75,0.41
9/23/2020 16:00,6.0,0.26
9/23/2020 17:00,7.75,0.33
9/23/2020 18:00,6.75,0.29
9/23/2020 19:00,1.75,0.07
9/23/2020 20:00,0.25,0.01
9/23/2020 21:00,0.0,0.0
9/23/2020 22:00,0.0,0.0
9/23/2020 23:00,0.0,0.0
9/24/2020 0:00,0.0,0.0
9/24/2020 1:00,0.0,0.0
9/24/2020 2:00,0.0,0.0
9/24/2020 3:00,0.0,0.0
9/24/2020 4:00,0.0,0.0
9/24/2020 5:00,0.0,0.0
9/24/2020 6:00,0.0,0.0
9/24/2020 7:00,0.0,0.0
9/24/2020 8:00,0.0,0.0
9/24/2020 9:00,0.75,0.03
9/24/2020 10:00,3.25,0.14
9/24/2020 11:00,3.5,0.15
9/24/2020 12:00,5.0,0.21
9/24/2020 13:00,2.25,0.1
9/24/2020 14:00,3.0,0.13
9/24/2020 15:00,5.5,0.23
9/24/2020 16:00,9.5,0.4
9/24/2020 17:00,7.0,0.3
9/24/2020 18:00,2.5,0.11
9/24/2020 19:00,2.25,0.1
9/24/2020 20:00,0.0,0.0
9/24/2020 21:00,0.0,0.0
9/24/2020 22:00,0.0,0.0
9/24/2020 23:00,0.0,0.0
9/25/2020 0:00,0.0,0.0
9/25/2020 1:00,0.0,0.0
9/25/2020 2:00,0.0,0.0
9/25/2020 3:00,0.0,0.0
9/25/2020 4:00,0.0,0.0
9/25/2020 5:00,0.0,0.0
9/25/2020 6:00,0.0,0.0
9/25/2020 7:00,0.0,0.0
9/25/2020 8:00,0.25,0.01
9/25/2020 9:00,2.5,0.11
9/25/2020 10:00,7.25,0.31
9/25/2020 11:00,11.5,0.49
9/25/2020 12:00,11.75,0.5
9/25/2020 13:00,14.75,0.63
9/25/2020 14:00,17.75,0.75
9/25/2020 15:00,16.75,0.71
9/25/2020 16:00,15.5,0.66
9/25/2020 17:00,12.25,0.52
9/25/2020 18:00,8.25,0.35
9/25/2020 19:00,2.25,0.1
9/25/2020 20:00,0.25,0.01
9/25/2020 21:00,0.0,0.0
9/25/2020 22:00,0.0,0.0
9/25/2020 23:00,0.0,0.0
9/26/2020 0:00,0.0,0.0
9/26/2020 1:00,0.0,0.0
9/26/2020 2:00,0.0,0.0
9/26/2020 3:00,0.0,0.0
9/26/2020 4:00,0.0,0.0
9/26/2020 5:00,0.0,0.0
9/26/2020 6:00,0.0,0.0
9/26/2020 7:00,0.0,0.0
9/26/2020 8:00,0.0,0.0
9/26/2020 9:00,2.75,0.12
9/26/2020 10:00,7.5,0.32
9/26/2020 11:00,12.0,0.51
9/26/2020 12:00,14.75,0.63
9/26/2020 13:00,16.5,0.7
9/26/2020 14:00,17.25,0.73
9/26/2020 15:00,16.5,0.7
9/26/2020 16:00,13.0,0.55
9/26/2020 17:00,11.75,0.5
9/26/2020 18:00,7.5,0.32
9/26/2020 19:00,2.0,0.09
9/26/2020 20:00,0.25,0.01
9/26/2020 21:00,0.0,0.0
9/26/2020 22:00,0.0,0.0
9/26/2020 23:00,0.0,0.0
9/27/2020 0:00,0.0,0.0
9/27/2020 1:00,0.0,0.0
9/27/2020 2:00,0.0,0.0
9/27/2020 3:00,0.0,0.0
9/27/2020 4:00,0.0,0.0
9/27/2020 5:00,0.0,0.0
9/27/2020 6:00,0.0,0.0
9/27/2020 7:00,0.0,0.0
9/27/2020 8:00,0.0,0.0
9/27/2020 9:00,0.75,0.03
9/27/2020 10:00,2.5,0.11
9/27/2020 11:00,10.5,0.45
9/27/2020 12:00,12.0,0.51
9/27/2020 13:00,15.75,0.67
9/27/2020 14:00,15.25,0.65
9/27/2020 15:00,16.25,0.69
9/27/2020 16:00,15.25,0.65
9/27/2020 17:00,12.25,0.52
9/27/2020 18:00,8.0,0.34
9/27/2020 19:00,2.25,0.1
9/27/2020 20:00,0.0,0.0
9/27/2020 21:00,0.0,0.0
9/27/2020 22:00,0.0,0.0
9/27/2020 23:00,0.0,0.0
9/28/2020 0:00,0.0,0.0
9/28/2020 1:00,0.0,0.0
9/28/2020 2:00,0.0,0.0
9/28/2020 3:00,0.0,0.0
9/28/2020 4:00,0.0,0.0
9/28/2020 5:00,0.0,0.0
9/28/2020 6:00,0.0,0.0
9/28/2020 7:00,0.0,0.0
9/28/2020 8:00,0.25,0.01
9/28/2020 9:00,2.75,0.12
9/28/2020 10:00,7.75,0.33
9/28/2020 11:00,11.5,0.49
9/28/2020 12:00,13.5,0.57
9/28/2020 13:00,13.25,0.56
9/28/2020 14:00,13.0,0.55
9/28/2020 15:00,10.75,0.46
9/28/2020 16:00,10.0,0.43
9/28/2020 17:00,6.25,0.27
9/28/2020 18:00,4.75,0.2
9/28/2020 19:00,1.25,0.05
9/28/2020 20:00,0.25,0.01
9/28/2020 21:00,0.0,0.0
9/28/2020 22:00,0.0,0.0
9/28/2020 23:00,0.0,0.0
9/29/2020 0:00,0.0,0.0
9/29/2020 1:00,0.0,0.0
9/29/2020 2:00,0.0,0.0
9/29/2020 3:00,0.0,0.0
9/29/2020 4:00,0.0,0.0
9/29/2020 5:00,0.0,0.0
9/29/2020 6:00,0.0,0.0
9/29/2020 7:00,0.0,0.0
9/29/2020 8:00,0.0,0.0
9/29/2020 9:00,2.5,0.11
9/29/2020 10:00,7.5,0.32
9/29/2020 11:00,11.5,0.49
9/29/2020 12:00,14.25,0.61
9/29/2020 13:00,15.25,0.65
9/29/2020 14:00,15.5,0.66
9/29/2020 15:00,14.75,0.63
9/29/2020 16:00,12.75,0.54
9/29/2020 17:00,9.5,0.4
9/29/2020 18:00,7.0,0.3
9/29/2020 19:00,1.5,0.06
9/29/2020 20:00,0.25,0.01
9/29/2020 21:00,0.0,0.0
9/29/2020 22:00,0.0,0.0
9/29/2020 23:00,0.0,0.0
9/30/2020 0:00,0.0,0.0
9/30/2020 1:00,0.0,0.0
9/30/2020 2:00,0.0,0.0
9/30/2020 3:00,0.0,0.0
9/30/2020 4:00,0.0,0.0
9/30/2020 5:00,0.0,0.0
9/30/2020 6:00,0.0,0.0
9/30/2020 7:00,0.0,0.0
9/30/2020 8:00,0.0,0.0
9/30/2020 9:00,2.5,0.11
9/30/2020 10:00,7.25,0.31
9/30/2020 11:00,11.5,0.49
9/30/2020 12:00,12.75,0.54
9/30/2020 13:00,15.75,0.67
9/30/2020 14:00,17.25,0.73
9/30/2020 15:00,16.25,0.69
9/30/2020 16:00,14.5,0.62
9/30/2020 17:00,11.75,0.5
9/30/2020 18:00,7.5,0.32
9/30/2020 19:00,2.0,0.09
9/30/2020 20:00,0.0,0.0
9/30/2020 21:00,0.0,0.0
9/30/2020 22:00,0.0,0.0
9/30/2020 23:00,0.0,0.0
10/1/2020 0:00,0.0,0.0
10/1/2020 1:00,0.0,0.0
10/1/2020 2:00,0.0,0.0
10/1/2020 3:00,0.0,0.0
10/1/2020 4:00,0.0,0.0
10/1/2020 5:00,0.0,0.0
10/1/2020 6:00,0.0,0.0
10/1/2020 7:00,0.0,0.0
10/1/2020 8:00,0.25,0.01
10/1/2020 9:00,2.5,0.11
10/1/2020 10:00,3.75,0.16
10/1/2020 11:00,6.0,0.26
10/1/2020 12:00,11.0,0.47
10/1/2020 13:00,11.5,0.49
10/1/2020 14:00,8.5,0.36
10/1/2020 15:00,10.75,0.46
10/1/2020 16:00,8.0,0.34
10/1/2020 17:00,11.5,0.49
10/1/2020 18:00,6.25,0.27
10/1/2020 19:00,1.0,0.04
10/1/2020 20:00,0.0,0.0
10/1/2020 21:00,0.0,0.0
10/1/2020 22:00,0.0,0.0
10/1/2020 23:00,0.0,0.0
10/2/2020 0:00,0.0,0.0
10/2/2020 1:00,0.0,0.0
10/2/2020 2:00,0.0,0.0
10/2/2020 3:00,0.0,0.0
10/2/2020 4:00,0.0,0.0
10/2/2020 5:00,0.0,0.0
10/2/2020 6:00,0.0,0.0
10/2/2020 7:00,0.0,0.0
10/2/2020 8:00,0.0,0.0
10/2/2020 9:00,0.75,0.03
10/2/2020 10:00,3.0,0.13
10/2/2020 11:00,4.0,0.17
10/2/2020 12:00,7.0,0.3
10/2/2020 13:00,7.5,0.32
10/2/2020 14:00,6.5,0.28
10/2/2020 15:00,7.5,0.32
10/2/2020 16:00,6.25,0.27
10/2/2020 17:00,4.25,0.18
10/2/2020 18:00,4.0,0.17
10/2/2020 19:00,1.25,0.05
10/2/2020 20:00,0.0,0.0
10/2/2020 21:00,0.0,0.0
10/2/2020 22:00,0.0,0.0
10/2/2020 23:00,0.0,0.0
10/3/2020 0:00,0.0,0.0
10/3/2020 1:00,0.0,0.0
10/3/2020 2:00,0.0,0.0
10/3/2020 3:00,0.0,0.0
10/3/2020 4:00,0.0,0.0
10/3/2020 5:00,0.0,0.0
10/3/2020 6:00,0.0,0.0
10/3/2020 7:00,0.0,0.0
10/3/2020 8:00,0.0,0.0
10/3/2020 9:00,2.5,0.11
10/3/2020 10:00,7.75,0.33
10/3/2020 11:00,11.25,0.48
10/3/2020 12:00,11.5,0.49
10/3/2020 13:00,8.75,0.37
10/3/2020 14:00,8.5,0.36
10/3/2020 15:00,12.25,0.52
10/3/2020 16:00,10.5,0.45
10/3/2020 17:00,7.75,0.33
10/3/2020 18:00,4.5,0.19
10/3/2020 19:00,1.75,0.07
10/3/2020 20:00,0.0,0.0
10/3/2020 21:00,0.0,0.0
10/3/2020 22:00,0.0,0.0
10/3/2020 23:00,0.0,0.0
10/4/2020 0:00,0.0,0.0
10/4/2020 1:00,0.0,0.0
10/4/2020 2:00,0.0,0.0
10/4/2020 3:00,0.0,0.0
10/4/2020 4:00,0.0,0.0
10/4/2020 5:00,0.0,0.0
10/4/2020 6:00,0.0,0.0
10/4/2020 7:00,0.0,0.0
10/4/2020 8:00,0.0,0.0
10/4/2020 9:00,1.0,0.04
10/4/2020 10:00,3.0,0.13
10/4/2020 11:00,9.0,0.38
10/4/2020 12:00,11.5,0.49
10/4/2020 13:00,11.0,0.47
10/4/2020 14:00,12.0,0.51
10/4/2020 15:00,11.25,0.48
10/4/2020 16:00,12.5,0.53
10/4/2020 17:00,9.5,0.4
10/4/2020 18:00,6.5,0.28
10/4/2020 19:00,0.75,0.03
10/4/2020 20:00,0.0,0.0
10/4/2020 21:00,0.0,0.0
10/4/2020 22:00,0.0,0.0
10/4/2020 23:00,0.0,0.0
10/5/2020 0:00,0.0,0.0
10/5/2020 1:00,0.0,0.0
10/5/2020 2:00,0.0,0.0
10/5/2020 3:00,0.0,0.0
10/5/2020 4:00,0.0,0.0
10/5/2020 5:00,0.0,0.0
10/5/2020 6:00,0.0,0.0
10/5/2020 7:00,0.0,0.0
10/5/2020 8:00,0.25,0.01
10/5/2020 9:00,1.25,0.05
10/5/2020 10:00,2.5,0.11
10/5/2020 11:00,6.75,0.29
10/5/2020 12:00,13.75,0.58
10/5/2020 13:00,11.25,0.48
10/5/2020 14:00,9.25,0.39
10/5/2020 15:00,7.75,0.33
10/5/2020 16:00,11.25,0.48
10/5/2020 17:00,9.75,0.41
10/5/2020 18:00,6.25,0.27
10/5/2020 19:00,1.25,0.05
10/5/2020 20:00,0.0,0.0
10/5/2020 21:00,0.0,0.0
10/5/2020 22:00,0.0,0.0
10/5/2020 23:00,0.0,0.0
10/6/2020 0:00,0.0,0.0
10/6/2020 1:00,0.0,0.0
10/6/2020 2:00,0.0,0.0
10/6/2020 3:00,0.0,0.0
10/6/2020 4:00,0.0,0.0
10/6/2020 5:00,0.0,0.0
10/6/2020 6:00,0.0,0.0
10/6/2020 7:00,0.0,0.0
10/6/2020 8:00,0.0,0.0
10/6/2020 9:00,1.5,0.06
10/6/2020 10:00,4.75,0.2
10/6/2020 11:00,8.0,0.34
10/6/2020 12:00,13.25,0.56
10/6/2020 13:00,15.25,0.65
10/6/2020 14:00,15.75,0.67
10/6/2020 15:00,12.75,0.54
10/6/2020 16:00,11.5,0.49
10/6/2020 17:00,11.0,0.47
10/6/2020 18:00,6.75,0.29
10/6/2020 19:00,1.25,0.05
10/6/2020 20:00,0.0,0.0
10/6/2020 21:00,0.0,0.0
10/6/2020 22:00,0.0,0.0
10/6/2020 23:00,0.0,0.0
10/7/2020 0:00,0.0,0.0
10/7/2020 1:00,0.0,0.0
10/7/2020 2:00,0.0,0.0
10/7/2020 3:00,0.0,0.0
10/7/2020 4:00,0.0,0.0
10/7/2020 5:00,0.0,0.0
10/7/2020 6:00,0.0,0.0
10/7/2020 7:00,0.0,0.0
10/7/2020 8:00,0.0,0.0
10/7/2020 9:00,2.25,0.1
10/7/2020 10:00,7.25,0.31
10/7/2020 11:00,11.5,0.49
10/7/2020 12:00,14.5,0.62
10/7/2020 13:00,16.25,0.69
10/7/2020 14:00,16.5,0.7
10/7/2020 15:00,15.75,0.67
10/7/2020 16:00,14.0,0.6
10/7/2020 17:00,10.75,0.46
10/7/2020 18:00,6.0,0.26
10/7/2020 19:00,0.75,0.03
10/7/2020 20:00,0.0,0.0
10/7/2020 21:00,0.0,0.0
10/7/2020 22:00,0.0,0.0
10/7/2020 23:00,0.0,0.0
10/8/2020 0:00,0.0,0.0
10/8/2020 1:00,0.0,0.0
10/8/2020 2:00,0.0,0.0
10/8/2020 3:00,0.0,0.0
10/8/2020 4:00,0.0,0.0
10/8/2020 5:00,0.0,0.0
10/8/2020 6:00,0.0,0.0
10/8/2020 7:00,0.0,0.0
10/8/2020 8:00,0.25,0.01
10/8/2020 9:00,1.5,0.06
10/8/2020 10:00,7.0,0.3
10/8/2020 11:00,11.0,0.47
10/8/2020 12:00,11.25,0.48
10/8/2020 13:00,13.0,0.55
10/8/2020 14:00,16.0,0.68
10/8/2020 15:00,10.5,0.45
10/8/2020 16:00,13.5,0.57
10/8/2020 17:00,10.0,0.43
10/8/2020 18:00,6.0,0.26
10/8/2020 19:00,1.25,0.05
10/8/2020 20:00,0.0,0.0
10/8/2020 21:00,0.0,0.0
10/8/2020 22:00,0.0,0.0
10/8/2020 23:00,0.0,0.0
10/9/2020 0:00,0.0,0.0
10/9/2020 1:00,0.0,0.0
10/9/2020 2:00,0.0,0.0
10/9/2020 3:00,0.0,0.0
10/9/2020 4:00,0.0,0.0
10/9/2020 5:00,0.0,0.0
10/9/2020 6:00,0.0,0.0
10/9/2020 7:00,0.0,0.0
10/9/2020 8:00,0.0,0.0
10/9/2020 9:00,2.25,0.1
10/9/2020 10:00,6.0,0.26
10/9/2020 11:00,10.0,0.43
10/9/2020 12:00,13.5,0.57
10/9/2020 13:00,15.0,0.64
10/9/2020 14:00,14.25,0.61
10/9/2020 15:00,16.0,0.68
10/9/2020 16:00,13.0,0.55
10/9/2020 17:00,8.25,0.35
10/9/2020 18:00,5.5,0.23
10/9/2020 19:00,1.0,0.04
10/9/2020 20:00,0.0,0.0
10/9/2020 21:00,0.0,0.0
10/9/2020 22:00,0.0,0.0
10/9/2020 23:00,0.0,0.0
10/10/2020 0:00,0.0,0.0
10/10/2020 1:00,0.0,0.0
10/10/2020 2:00,0.0,0.0
10/10/2020 3:00,0.0,0.0
10/10/2020 4:00,0.0,0.0
10/10/2020 5:00,0.0,0.0
10/10/2020 6:00,0.0,0.0
10/10/2020 7:00,0.0,0.0
10/10/2020 8:00,0.25,0.01
10/10/2020 9:00,2.25,0.1
10/10/2020 10:00,7.0,0.3
10/10/2020 11:00,11.25,0.48
10/10/2020 12:00,14.25,0.61
10/10/2020 13:00,15.5,0.66
10/10/2020 14:00,16.25,0.69
10/10/2020 15:00,15.5,0.66
10/10/2020 16:00,13.75,0.58
10/10/2020 17:00,10.75,0.46
10/10/2020 18:00,6.75,0.29
10/10/2020 19:00,0.75,0.03
10/10/2020 20:00,0.0,0.0
10/10/2020 21:00,0.0,0.0
10/10/2020 22:00,0.0,0.0
10/10/2020 23:00,0.0,0.0
10/11/2020 0:00,0.0,0.0
10/11/2020 1:00,0.0,0.0
10/11/2020 2:00,0.0,0.0
10/11/2020 3:00,0.0,0.0
10/11/2020 4:00,0.0,0.0
10/11/2020 5:00,0.0,0.0
10/11/2020 6:00,0.0,0.0
10/11/2020 7:00,0.0,0.0
10/11/2020 8:00,0.25,0.01
10/11/2020 9:00,2.0,0.09
10/11/2020 10:00,7.25,0.31
10/11/2020 11:00,11.5,0.49
10/11/2020 12:00,14.5,0.62
10/11/2020 13:00,15.25,0.65
10/11/2020 14:00,16.5,0.7
10/11/2020 15:00,15.75,0.67
10/11/2020 16:00,14.0,0.6
10/11/2020 17:00,11.0,0.47
10/11/2020 18:00,6.5,0.28
10/11/2020 19:00,1.0,0.04
10/11/2020 20:00,0.0,0.0
10/11/2020 21:00,0.0,0.0
10/11/2020 22:00,0.0,0.0
10/11/2020 23:00,0.0,0.0
10/12/2020 0:00,0.0,0.0
10/12/2020 1:00,0.0,0.0
10/12/2020 2:00,0.0,0.0
10/12/2020 3:00,0.0,0.0
10/12/2020 4:00,0.0,0.0
10/12/2020 5:00,0.0,0.0
10/12/2020 6:00,0.0,0.0
10/12/2020 7:00,0.0,0.0
10/12/2020 8:00,0.0,0.0
10/12/2020 9:00,2.25,0.1
10/12/2020 10:00,7.25,0.31
10/12/2020 11:00,11.75,0.5
10/12/2020 12:00,14.75,0.63
10/12/2020 13:00,16.25,0.69
10/12/2020 14:00,16.25,0.69
10/12/2020 15:00,15.75,0.67
10/12/2020 16:00,14.0,0.6
10/12/2020 17:00,10.75,0.46
10/12/2020 18:00,6.25,0.27
10/12/2020 19:00,0.75,0.03
10/12/2020 20:00,0.0,0.0
10/12/2020 21:00,0.0,0.0
10/12/2020 22:00,0.0,0.0
10/12/2020 23:00,0.0,0.0
10/13/2020 0:00,0.0,0.0
10/13/2020 1:00,0.0,0.0
10/13/2020 2:00,0.0,0.0
10/13/2020 3:00,0.0,0.0
10/13/2020 4:00,0.0,0.0
10/13/2020 5:00,0.0,0.0
10/13/2020 6:00,0.0,0.0
10/13/2020 7:00,0.0,0.0
10/13/2020 8:00,0.0,0.0
10/13/2020 9:00,2.0,0.09
10/13/2020 10:00,7.0,0.3
10/13/2020 11:00,11.5,0.49
10/13/2020 12:00,14.0,0.6
10/13/2020 13:00,15.75,0.67
10/13/2020 14:00,16.25,0.69
10/13/2020 15:00,15.75,0.67
10/13/2020 16:00,13.75,0.58
10/13/2020 17:00,10.5,0.45
10/13/2020 18:00,5.5,0.23
10/13/2020 19:00,0.75,0.03
10/13/2020 20:00,0.0,0.0
10/13/2020 21:00,0.0,0.0
10/13/2020 22:00,0.0,0.0
10/13/2020 23:00,0.0,0.0
10/14/2020 0:00,0.0,0.0
10/14/2020 1:00,0.0,0.0
10/14/2020 2:00,0.0,0.0
10/14/2020 3:00,0.0,0.0
10/14/2020 4:00,0.0,0.0
10/14/2020 5:00,0.0,0.0
10/14/2020 6:00,0.0,0.0
10/14/2020 7:00,0.0,0.0
10/14/2020 8:00,0.0,0.0
10/14/2020 9:00,2.0,0.09
10/14/2020 10:00,6.75,0.29
10/14/2020 11:00,11.25,0.48
10/14/2020 12:00,9.0,0.38
10/14/2020 13:00,14.75,0.63
10/14/2020 14:00,17.0,0.72
10/14/2020 15:00,16.25,0.69
10/14/2020 16:00,14.25,0.61
10/14/2020 17:00,11.0,0.47
10/14/2020 18:00,6.25,0.27
10/14/2020 19:00,0.75,0.03
10/14/2020 20:00,0.0,0.0
10/14/2020 21:00,0.0,0.0
10/14/2020 22:00,0.0,0.0
10/14/2020 23:00,0.0,0.0
10/15/2020 0:00,0.0,0.0
10/15/2020 1:00,0.0,0.0
10/15/2020 2:00,0.0,0.0
10/15/2020 3:00,0.0,0.0
10/15/2020 4:00,0.0,0.0
10/15/2020 5:00,0.0,0.0
10/15/2020 6:00,0.0,0.0
10/15/2020 7:00,0.0,0.0
10/15/2020 8:00,0.0,0.0
10/15/2020 9:00,2.0,0.09
10/15/2020 10:00,7.25,0.31
10/15/2020 11:00,11.5,0.49
10/15/2020 12:00,14.75,0.63
10/15/2020 13:00,16.0,0.68
10/15/2020 14:00,16.75,0.71
10/15/2020 15:00,15.75,0.67
10/15/2020 16:00,14.25,0.61
10/15/2020 17:00,11.0,0.47
10/15/2020 18:00,6.25,0.27
10/15/2020 19:00,0.75,0.03
10/15/2020 20:00,0.0,0.0
10/15/2020 21:00,0.0,0.0
10/15/2020 22:00,0.0,0.0
10/15/2020 23:00,0.0,0.0
10/16/2020 0:00,0.0,0.0
10/16/2020 1:00,0.0,0.0
10/16/2020 2:00,0.0,0.0
10/16/2020 3:00,0.0,0.0
10/16/2020 4:00,0.0,0.0
10/16/2020 5:00,0.0,0.0
10/16/2020 6:00,0.0,0.0
10/16/2020 7:00,0.0,0.0
10/16/2020 8:00,0.0,0.0
10/16/2020 9:00,1.75,0.07
10/16/2020 10:00,6.75,0.29
10/16/2020 11:00,11.25,0.48
10/16/2020 12:00,13.25,0.56
10/16/2020 13:00,15.25,0.65
10/16/2020 14:00,15.25,0.65
10/16/2020 15:00,15.0,0.64
10/16/2020 16:00,13.25,0.56
10/16/2020 17:00,10.0,0.43
10/16/2020 18:00,5.75,0.24
10/16/2020 19:00,0.5,0.02
10/16/2020 20:00,0.0,0.0
10/16/2020 21:00,0.0,0.0
10/16/2020 22:00,0.0,0.0
10/16/2020 23:00,0.0,0.0
10/17/2020 0:00,0.0,0.0
10/17/2020 1:00,0.0,0.0
10/17/2020 2:00,0.0,0.0
10/17/2020 3:00,0.0,0.0
10/17/2020 4:00,0.0,0.0
10/17/2020 5:00,0.0,0.0
10/17/2020 6:00,0.0,0.0
10/17/2020 7:00,0.0,0.0
10/17/2020 8:00,0.25,0.01
10/17/2020 9:00,1.5,0.06
10/17/2020 10:00,6.25,0.27
10/17/2020 11:00,9.75,0.41
10/17/2020 12:00,12.5,0.53
10/17/2020 13:00,15.25,0.65
10/17/2020 14:00,15.5,0.66
10/17/2020 15:00,14.75,0.63
10/17/2020 16:00,13.25,0.56
10/17/2020 17:00,10.25,0.44
10/17/2020 18:00,5.5,0.23
10/17/2020 19:00,0.75,0.03
10/17/2020 20:00,0.0,0.0
10/17/2020 21:00,0.0,0.0
10/17/2020 22:00,0.0,0.0
10/17/2020 23:00,0.0,0.0
10/18/2020 0:00,0.0,0.0
10/18/2020 1:00,0.0,0.0
10/18/2020 2:00,0.0,0.0
10/18/2020 3:00,0.0,0.0
10/18/2020 4:00,0.0,0.0
10/18/2020 5:00,0.0,0.0
10/18/2020 6:00,0.0,0.0
10/18/2020 7:00,0.0,0.0
10/18/2020 8:00,0.0,0.0
10/18/2020 9:00,0.25,0.01
10/18/2020 10:00,1.75,0.07
10/18/2020 11:00,6.0,0.26
10/18/2020 12:00,11.75,0.5
10/18/2020 13:00,11.75,0.5
10/18/2020 14:00,15.25,0.65
10/18/2020 15:00,13.5,0.57
10/18/2020 16:00,12.0,0.51
10/18/2020 17:00,8.75,0.37
10/18/2020 18:00,5.0,0.21
10/18/2020 19:00,0.5,0.02
10/18/2020 20:00,0.0,0.0
10/18/2020 21:00,0.0,0.0
10/18/2020 22:00,0.0,0.0
10/18/2020 23:00,0.0,0.0
10/19/2020 0:00,0.0,0.0
10/19/2020 1:00,0.0,0.0
10/19/2020 2:00,0.0,0.0
10/19/2020 3:00,0.0,0.0
10/19/2020 4:00,0.0,0.0
10/19/2020 5:00,0.0,0.0
10/19/2020 6:00,0.0,0.0
10/19/2020 7:00,0.0,0.0
10/19/2020 8:00,0.0,0.0
10/19/2020 9:00,0.5,0.02
10/19/2020 10:00,3.5,0.15
10/19/2020 11:00,3.5,0.15
10/19/2020 12:00,1.5,0.06
10/19/2020 13:00,1.5,0.06
10/19/2020 14:00,0.5,0.02
10/19/2020 15:00,0.5,0.02
10/19/2020 16:00,0.25,0.01
10/19/2020 17:00,0.5,0.02
10/19/2020 18:00,0.25,0.01
10/19/2020 19:00,0.0,0.0
10/19/2020 20:00,0.0,0.0
10/19/2020 21:00,0.0,0.0
10/19/2020 22:00,0.0,0.0
10/19/2020 23:00,0.0,0.0
10/20/2020 0:00,0.0,0.0
10/20/2020 1:00,0.0,0.0
10/20/2020 2:00,0.0,0.0
10/20/2020 3:00,0.0,0.0
10/20/2020 4:00,0.0,0.0
10/20/2020 5:00,0.0,0.0
10/20/2020 6:00,0.0,0.0
10/20/2020 7:00,0.0,0.0
10/20/2020 8:00,0.0,0.0
10/20/2020 9:00,0.0,0.0
10/20/2020 10:00,0.25,0.01
10/20/2020 11:00,1.0,0.04
10/20/2020 12:00,1.5,0.06
10/20/2020 13:00,0.75,0.03
10/20/2020 14:00,1.0,0.04
10/20/2020 15:00,0.5,0.02
10/20/2020 16:00,1.0,0.04
10/20/2020 17:00,0.75,0.03
10/20/2020 18:00,0.5,0.02
10/20/2020 19:00,0.0,0.0
10/20/2020 20:00,0.0,0.0
10/20/2020 21:00,0.0,0.0
10/20/2020 22:00,0.0,0.0
10/20/2020 23:00,0.0,0.0
10/21/2020 0:00,0.0,0.0
10/21/2020 1:00,0.0,0.0
10/21/2020 2:00,0.0,0.0
10/21/2020 3:00,0.0,0.0
10/21/2020 4:00,0.0,0.0
10/21/2020 5:00,0.0,0.0
10/21/2020 6:00,0.0,0.0
10/21/2020 7:00,0.0,0.0
10/21/2020 8:00,0.0,0.0
10/21/2020 9:00,0.75,0.03
10/21/2020 10:00,4.75,0.2
10/21/2020 11:00,6.0,0.26
10/21/2020 12:00,11.0,0.47
10/21/2020 13:00,15.0,0.64
10/21/2020 14:00,8.5,0.36
10/21/2020 15:00,10.0,0.43
10/21/2020 16:00,10.25,0.44
10/21/2020 17:00,7.75,0.33
10/21/2020 18:00,4.25,0.18
10/21/2020 19:00,0.25,0.01
10/21/2020 20:00,0.0,0.0
10/21/2020 21:00,0.0,0.0
10/21/2020 22:00,0.0,0.0
10/21/2020 23:00,0.0,0.0
10/22/2020 0:00,0.0,0.0
10/22/2020 1:00,0.0,0.0
10/22/2020 2:00,0.0,0.0
10/22/2020 3:00,0.0,0.0
10/22/2020 4:00,0.0,0.0
10/22/2020 5:00,0.0,0.0
10/22/2020 6:00,0.0,0.0
10/22/2020 7:00,0.0,0.0
10/22/2020 8:00,0.0,0.0
10/22/2020 9:00,0.5,0.02
10/22/2020 10:00,3.0,0.13
10/22/2020 11:00,8.25,0.35
10/22/2020 12:00,14.0,0.6
10/22/2020 13:00,15.75,0.67
10/22/2020 14:00,16.0,0.68
10/22/2020 15:00,14.75,0.63
10/22/2020 16:00,12.75,0.54
10/22/2020 17:00,9.5,0.4
10/22/2020 18:00,4.5,0.19
10/22/2020 19:00,0.25,0.01
10/22/2020 20:00,0.0,0.0
10/22/2020 21:00,0.0,0.0
10/22/2020 22:00,0.0,0.0
10/22/2020 23:00,0.0,0.0
10/23/2020 0:00,0.0,0.0
10/23/2020 1:00,0.0,0.0
10/23/2020 2:00,0.0,0.0
10/23/2020 3:00,0.0,0.0
10/23/2020 4:00,0.0,0.0
10/23/2020 5:00,0.0,0.0
10/23/2020 6:00,0.0,0.0
10/23/2020 7:00,0.0,0.0
10/23/2020 8:00,0.0,0.0
10/23/2020 9:00,1.5,0.06
10/23/2020 10:00,6.5,0.28
10/23/2020 11:00,10.5,0.45
10/23/2020 12:00,12.25,0.52
10/23/2020 13:00,15.75,0.67
10/23/2020 14:00,14.25,0.61
10/23/2020 15:00,13.25,0.56
10/23/2020 16:00,14.25,0.61
10/23/2020 17:00,10.5,0.45
10/23/2020 18:00,4.75,0.2
10/23/2020 19:00,0.25,0.01
10/23/2020 20:00,0.0,0.0
10/23/2020 21:00,0.0,0.0
10/23/2020 22:00,0.0,0.0
10/23/2020 23:00,0.0,0.0
10/24/2020 0:00,0.0,0.0
10/24/2020 1:00,0.0,0.0
10/24/2020 2:00,0.0,0.0
10/24/2020 3:00,0.0,0.0
10/24/2020 4:00,0.0,0.0
10/24/2020 5:00,0.0,0.0
10/24/2020 6:00,0.0,0.0
10/24/2020 7:00,0.0,0.0
10/24/2020 8:00,0.0,0.0
10/24/2020 9:00,1.5,0.06
10/24/2020 10:00,6.0,0.26
10/24/2020 11:00,9.75,0.41
10/24/2020 12:00,13.0,0.55
10/24/2020 13:00,11.25,0.48
10/24/2020 14:00,5.0,0.21
10/24/2020 15:00,7.25,0.31
10/24/2020 16:00,7.0,0.3
10/24/2020 17:00,4.5,0.19
10/24/2020 18:00,1.5,0.06
10/24/2020 19:00,0.25,0.01
10/24/2020 20:00,0.0,0.0
10/24/2020 21:00,0.0,0.0
10/24/2020 22:00,0.0,0.0
10/24/2020 23:00,0.0,0.0
10/25/2020 0:00,0.0,0.0
10/25/2020 1:00,0.0,0.0
10/25/2020 1:00,0.0,0.0
10/25/2020 2:00,0.0,0.0
10/25/2020 3:00,0.0,0.0
10/25/2020 4:00,0.0,0.0
10/25/2020 5:00,0.0,0.0
10/25/2020 6:00,0.0,0.0
10/25/2020 7:00,0.0,0.0
10/25/2020 8:00,0.5,0.02
10/25/2020 9:00,2.25,0.1
10/25/2020 10:00,3.75,0.16
10/25/2020 11:00,4.75,0.2
10/25/2020 12:00,3.75,0.16
10/25/2020 13:00,5.0,0.21
10/25/2020 14:00,5.25,0.22
10/25/2020 15:00,2.5,0.11
10/25/2020 16:00,6.5,0.28
10/25/2020 17:00,2.25,0.1
10/25/2020 18:00,0.25,0.01
10/25/2020 19:00,0.0,0.0
10/25/2020 20:00,0.0,0.0
10/25/2020 21:00,0.0,0.0
10/25/2020 22:00,0.0,0.0
10/25/2020 23:00,0.0,0.0
10/26/2020 0:00,0.0,0.0
10/26/2020 1:00,0.0,0.0
10/26/2020 2:00,0.0,0.0
10/26/2020 3:00,0.0,0.0
10/26/2020 4:00,0.0,0.0
10/26/2020 5:00,0.0,0.0
10/26/2020 6:00,0.0,0.0
10/26/2020 7:00,0.0,0.0
10/26/2020 8:00,0.5,0.02
10/26/2020 9:00,4.75,0.2
10/26/2020 10:00,9.75,0.41
10/26/2020 11:00,12.5,0.53
10/26/2020 12:00,15.0,0.64
10/26/2020 13:00,14.75,0.63
10/26/2020 14:00,7.25,0.31
10/26/2020 15:00,11.75,0.5
10/26/2020 16:00,8.0,0.34
10/26/2020 17:00,3.25,0.14
10/26/2020 18:00,0.25,0.01
10/26/2020 19:00,0.0,0.0
10/26/2020 20:00,0.0,0.0
10/26/2020 21:00,0.0,0.0
10/26/2020 22:00,0.0,0.0
10/26/2020 23:00,0.0,0.0
10/27/2020 0:00,0.0,0.0
10/27/2020 1:00,0.0,0.0
10/27/2020 2:00,0.0,0.0
10/27/2020 3:00,0.0,0.0
10/27/2020 4:00,0.0,0.0
10/27/2020 5:00,0.0,0.0
10/27/2020 6:00,0.0,0.0
10/27/2020 7:00,0.0,0.0
10/27/2020 8:00,0.5,0.02
10/27/2020 9:00,4.75,0.2
10/27/2020 10:00,7.0,0.3
10/27/2020 11:00,10.5,0.45
10/27/2020 12:00,12.75,0.54
10/27/2020 13:00,11.75,0.5
10/27/2020 14:00,7.25,0.31
10/27/2020 15:00,3.75,0.16
10/27/2020 16:00,3.75,0.16
10/27/2020 17:00,1.5,0.06
10/27/2020 18:00,0.25,0.01
10/27/2020 19:00,0.0,0.0
10/27/2020 20:00,0.0,0.0
10/27/2020 21:00,0.0,0.0
10/27/2020 22:00,0.0,0.0
10/27/2020 23:00,0.0,0.0
10/28/2020 0:00,0.0,0.0
10/28/2020 1:00,0.0,0.0
10/28/2020 2:00,0.0,0.0
10/28/2020 3:00,0.0,0.0
10/28/2020 4:00,0.0,0.0
10/28/2020 5:00,0.0,0.0
10/28/2020 6:00,0.0,0.0
10/28/2020 7:00,0.0,0.0
10/28/2020 8:00,0.5,0.02
10/28/2020 9:00,1.5,0.06
10/28/2020 10:00,2.75,0.12
10/28/2020 11:00,5.25,0.22
10/28/2020 12:00,5.75,0.24
10/28/2020 13:00,8.25,0.35
10/28/2020 14:00,12.75,0.54
10/28/2020 15:00,9.25,0.39
10/28/2020 16:00,5.5,0.23
10/28/2020 17:00,1.0,0.04
10/28/2020 18:00,0.0,0.0
10/28/2020 19:00,0.0,0.0
10/28/2020 20:00,0.0,0.0
10/28/2020 21:00,0.0,0.0
10/28/2020 22:00,0.0,0.0
10/28/2020 23:00,0.0,0.0
10/29/2020 0:00,0.0,0.0
10/29/2020 1:00,0.0,0.0
10/29/2020 2:00,0.0,0.0
10/29/2020 3:00,0.0,0.0
10/29/2020 4:00,0.0,0.0
10/29/2020 5:00,0.0,0.0
10/29/2020 6:00,0.0,0.0
10/29/2020 7:00,0.0,0.0
10/29/2020 8:00,1.25,0.05
10/29/2020 9:00,5.5,0.23
10/29/2020 10:00,10.25,0.44
10/29/2020 11:00,13.25,0.56
10/29/2020 12:00,14.75,0.63
10/29/2020 13:00,15.25,0.65
10/29/2020 14:00,14.25,0.61
10/29/2020 15:00,12.25,0.52
10/29/2020 16:00,9.0,0.38
10/29/2020 17:00,3.0,0.13
10/29/2020 18:00,0.25,0.01
10/29/2020 19:00,0.0,0.0
10/29/2020 20:00,0.0,0.0
10/29/2020 21:00,0.0,0.0
10/29/2020 22:00,0.0,0.0
10/29/2020 23:00,0.0,0.0
10/30/2020 0:00,0.0,0.0
10/30/2020 1:00,0.0,0.0
10/30/2020 2:00,0.0,0.0
10/30/2020 3:00,0.0,0.0
10/30/2020 4:00,0.0,0.0
10/30/2020 5:00,0.0,0.0
10/30/2020 6:00,0.0,0.0
10/30/2020 7:00,0.0,0.0
10/30/2020 8:00,1.0,0.04
10/30/2020 9:00,5.75,0.24
10/30/2020 10:00,10.25,0.44
10/30/2020 11:00,13.25,0.56
10/30/2020 12:00,14.75,0.63
10/30/2020 13:00,15.25,0.65
10/30/2020 14:00,14.25,0.61
10/30/2020 15:00,12.25,0.52
10/30/2020 16:00,8.75,0.37
10/30/2020 17:00,2.75,0.12
10/30/2020 18:00,0.25,0.01
10/30/2020 19:00,0.0,0.0
10/30/2020 20:00,0.0,0.0
10/30/2020 21:00,0.0,0.0
10/30/2020 22:00,0.0,0.0
10/30/2020 23:00,0.0,0.0
10/31/2020 0:00,0.0,0.0
10/31/2020 1:00,0.0,0.0
10/31/2020 2:00,0.0,0.0
10/31/2020 3:00,0.0,0.0
10/31/2020 4:00,0.0,0.0
10/31/2020 5:00,0.0,0.0
10/31/2020 6:00,0.0,0.0
10/31/2020 7:00,0.0,0.0
10/31/2020 8:00,1.0,0.04
10/31/2020 9:00,5.75,0.24
10/31/2020 10:00,9.5,0.4
10/31/2020 11:00,7.25,0.31
10/31/2020 12:00,13.5,0.57
10/31/2020 13:00,10.75,0.46
10/31/2020 14:00,10.75,0.46
10/31/2020 15:00,12.0,0.51
10/31/2020 16:00,8.75,0.37
10/31/2020 17:00,2.75,0.12
10/31/2020 18:00,0.25,0.01
10/31/2020 19:00,0.0,0.0
10/31/2020 20:00,0.0,0.0
10/31/2020 21:00,0.0,0.0
10/31/2020 22:00,0.0,0.0
10/31/2020 23:00,0.0,0.0
11/1/2020 0:00,0.0,0.0
11/1/2020 1:00,0.0,0.0
11/1/2020 2:00,0.0,0.0
11/1/2020 3:00,0.0,0.0
11/1/2020 4:00,0.0,0.0
11/1/2020 5:00,0.0,0.0
11/1/2020 6:00,0.0,0.0
11/1/2020 7:00,0.0,0.0
11/1/2020 8:00,0.25,0.01
11/1/2020 9:00,2.5,0.11
11/1/2020 10:00,4.0,0.17
11/1/2020 11:00,7.0,0.3
11/1/2020 12:00,7.0,0.3
11/1/2020 13:00,5.0,0.21
11/1/2020 14:00,6.25,0.27
11/1/2020 15:00,3.75,0.16
11/1/2020 16:00,2.5,0.11
11/1/2020 17:00,0.75,0.03
11/1/2020 18:00,0.0,0.0
11/1/2020 19:00,0.0,0.0
11/1/2020 20:00,0.0,0.0
11/1/2020 21:00,0.0,0.0
11/1/2020 22:00,0.0,0.0
11/1/2020 23:00,0.0,0.0
11/2/2020 0:00,0.0,0.0
11/2/2020 1:00,0.0,0.0
11/2/2020 2:00,0.0,0.0
11/2/2020 3:00,0.0,0.0
11/2/2020 4:00,0.0,0.0
11/2/2020 5:00,0.0,0.0
11/2/2020 6:00,0.0,0.0
11/2/2020 7:00,0.0,0.0
11/2/2020 8:00,0.5,0.02
11/2/2020 9:00,2.0,0.09
11/2/2020 10:00,6.25,0.27
11/2/2020 11:00,9.0,0.38
11/2/2020 12:00,4.0,0.17
11/2/2020 13:00,2.75,0.12
11/2/2020 14:00,0.75,0.03
11/2/2020 15:00,1.5,0.06
11/2/2020 16:00,1.5,0.06
11/2/2020 17:00,0.75,0.03
11/2/2020 18:00,0.25,0.01
11/2/2020 19:00,0.0,0.0
11/2/2020 20:00,0.0,0.0
11/2/2020 21:00,0.0,0.0
11/2/2020 22:00,0.0,0.0
11/2/2020 23:00,0.0,0.0
11/3/2020 0:00,0.0,0.0
11/3/2020 1:00,0.0,0.0
11/3/2020 2:00,0.0,0.0
11/3/2020 3:00,0.0,0.0
11/3/2020 4:00,0.0,0.0
11/3/2020 5:00,0.0,0.0
11/3/2020 6:00,0.0,0.0
11/3/2020 7:00,0.0,0.0
11/3/2020 8:00,0.75,0.03
11/3/2020 9:00,5.0,0.21
11/3/2020 10:00,10.25,0.44
11/3/2020 11:00,13.75,0.58
11/3/2020 12:00,15.0,0.64
11/3/2020 13:00,16.0,0.68
11/3/2020 14:00,14.75,0.63
11/3/2020 15:00,12.75,0.54
11/3/2020 16:00,9.25,0.39
11/3/2020 17:00,2.25,0.1
11/3/2020 18:00,0.0,0.0
11/3/2020 19:00,0.0,0.0
11/3/2020 20:00,0.0,0.0
11/3/2020 21:00,0.0,0.0
11/3/2020 22:00,0.0,0.0
11/3/2020 23:00,0.0,0.0
11/4/2020 0:00,0.0,0.0
11/4/2020 1:00,0.0,0.0
11/4/2020 2:00,0.0,0.0
11/4/2020 3:00,0.0,0.0
11/4/2020 4:00,0.0,0.0
11/4/2020 5:00,0.0,0.0
11/4/2020 6:00,0.0,0.0
11/4/2020 7:00,0.0,0.0
11/4/2020 8:00,1.25,0.05
11/4/2020 9:00,3.0,0.13
11/4/2020 10:00,3.75,0.16
11/4/2020 11:00,5.5,0.23
11/4/2020 12:00,3.0,0.13
11/4/2020 13:00,3.0,0.13
11/4/2020 14:00,4.25,0.18
11/4/2020 15:00,3.75,0.16
11/4/2020 16:00,4.0,0.17
11/4/2020 17:00,1.5,0.06
11/4/2020 18:00,0.25,0.01
11/4/2020 19:00,0.0,0.0
11/4/2020 20:00,0.0,0.0
11/4/2020 21:00,0.0,0.0
11/4/2020 22:00,0.0,0.0
11/4/2020 23:00,0.0,0.0
11/5/2020 0:00,0.0,0.0
11/5/2020 1:00,0.0,0.0
11/5/2020 2:00,0.0,0.0
11/5/2020 3:00,0.0,0.0
11/5/2020 4:00,0.0,0.0
11/5/2020 5:00,0.0,0.0
11/5/2020 6:00,0.0,0.0
11/5/2020 7:00,0.0,0.0
11/5/2020 8:00,0.0,0.0
11/5/2020 9:00,0.25,0.01
11/5/2020 10:00,1.5,0.06
11/5/2020 11:00,4.25,0.18
11/5/2020 12:00,6.25,0.27
11/5/2020 13:00,7.25,0.31
11/5/2020 14:00,7.5,0.32
11/5/2020 15:00,5.0,0.21
11/5/2020 16:00,2.0,0.09
11/5/2020 17:00,0.5,0.02
11/5/2020 18:00,0.0,0.0
11/5/2020 19:00,0.0,0.0
11/5/2020 20:00,0.0,0.0
11/5/2020 21:00,0.0,0.0
11/5/2020 22:00,0.0,0.0
11/5/2020 23:00,0.0,0.0
11/6/2020 0:00,0.0,0.0
11/6/2020 1:00,0.0,0.0
11/6/2020 2:00,0.0,0.0
11/6/2020 3:00,0.0,0.0
11/6/2020 4:00,0.0,0.0
11/6/2020 5:00,0.0,0.0
11/6/2020 6:00,0.0,0.0
11/6/2020 7:00,0.0,0.0
11/6/2020 8:00,0.0,0.0
11/6/2020 9:00,0.25,0.01
11/6/2020 10:00,2.25,0.1
11/6/2020 11:00,2.0,0.09
11/6/2020 12:00,1.25,0.05
11/6/2020 13:00,2.0,0.09
11/6/2020 14:00,1.75,0.07
11/6/2020 15:00,2.5,0.11
11/6/2020 16:00,5.25,0.22
11/6/2020 17:00,1.0,0.04
11/6/2020 18:00,0.0,0.0
11/6/2020 19:00,0.0,0.0
11/6/2020 20:00,0.0,0.0
11/6/2020 21:00,0.0,0.0
11/6/2020 22:00,0.0,0.0
11/6/2020 23:00,0.0,0.0
11/7/2020 0:00,0.0,0.0
11/7/2020 1:00,0.0,0.0
11/7/2020 2:00,0.0,0.0
11/7/2020 3:00,0.0,0.0
11/7/2020 4:00,0.0,0.0
11/7/2020 5:00,0.0,0.0
11/7/2020 6:00,0.0,0.0
11/7/2020 7:00,0.0,0.0
11/7/2020 8:00,0.75,0.03
11/7/2020 9:00,4.25,0.18
11/7/2020 10:00,9.0,0.38
11/7/2020 11:00,9.0,0.38
11/7/2020 12:00,14.0,0.6
11/7/2020 13:00,5.0,0.21
11/7/2020 14:00,3.25,0.14
11/7/2020 15:00,2.5,0.11
11/7/2020 16:00,1.25,0.05
11/7/2020 17:00,0.75,0.03
11/7/2020 18:00,0.0,0.0
11/7/2020 19:00,0.0,0.0
11/7/2020 20:00,0.0,0.0
11/7/2020 21:00,0.0,0.0
11/7/2020 22:00,0.0,0.0
11/7/2020 23:00,0.0,0.0
11/8/2020 0:00,0.0,0.0
11/8/2020 1:00,0.0,0.0
11/8/2020 2:00,0.0,0.0
11/8/2020 3:00,0.0,0.0
11/8/2020 4:00,0.0,0.0
11/8/2020 5:00,0.0,0.0
11/8/2020 6:00,0.0,0.0
11/8/2020 7:00,0.0,0.0
11/8/2020 8:00,0.25,0.01
11/8/2020 9:00,1.0,0.04
11/8/2020 10:00,1.0,0.04
11/8/2020 11:00,3.0,0.13
11/8/2020 12:00,4.75,0.2
11/8/2020 13:00,6.0,0.26
11/8/2020 14:00,6.75,0.29
11/8/2020 15:00,5.0,0.21
11/8/2020 16:00,4.0,0.17
11/8/2020 17:00,1.75,0.07
11/8/2020 18:00,0.0,0.0
11/8/2020 19:00,0.0,0.0
11/8/2020 20:00,0.0,0.0
11/8/2020 21:00,0.0,0.0
11/8/2020 22:00,0.0,0.0
11/8/2020 23:00,0.0,0.0
11/9/2020 0:00,0.0,0.0
11/9/2020 1:00,0.0,0.0
11/9/2020 2:00,0.0,0.0
11/9/2020 3:00,0.0,0.0
11/9/2020 4:00,0.0,0.0
11/9/2020 5:00,0.0,0.0
11/9/2020 6:00,0.0,0.0
11/9/2020 7:00,0.0,0.0
11/9/2020 8:00,0.5,0.02
11/9/2020 9:00,4.0,0.17
11/9/2020 10:00,8.75,0.37
11/9/2020 11:00,11.75,0.5
11/9/2020 12:00,13.5,0.57
11/9/2020 13:00,3.25,0.14
11/9/2020 14:00,4.75,0.2
11/9/2020 15:00,4.5,0.19
11/9/2020 16:00,9.0,0.38
11/9/2020 17:00,1.5,0.06
11/9/2020 18:00,0.0,0.0
11/9/2020 19:00,0.0,0.0
11/9/2020 20:00,0.0,0.0
11/9/2020 21:00,0.0,0.0
11/9/2020 22:00,0.0,0.0
11/9/2020 23:00,0.0,0.0
11/10/2020 0:00,0.0,0.0
11/10/2020 1:00,0.0,0.0
11/10/2020 2:00,0.0,0.0
11/10/2020 3:00,0.0,0.0
11/10/2020 4:00,0.0,0.0
11/10/2020 5:00,0.0,0.0
11/10/2020 6:00,0.0,0.0
11/10/2020 7:00,0.0,0.0
11/10/2020 8:00,0.5,0.02
11/10/2020 9:00,2.25,0.1
11/10/2020 10:00,4.5,0.19
11/10/2020 11:00,8.25,0.35
11/10/2020 12:00,13.5,0.57
11/10/2020 13:00,10.5,0.45
11/10/2020 14:00,14.0,0.6
11/10/2020 15:00,12.0,0.51
11/10/2020 16:00,8.25,0.35
11/10/2020 17:00,1.25,0.05
11/10/2020 18:00,0.0,0.0
11/10/2020 19:00,0.0,0.0
11/10/2020 20:00,0.0,0.0
11/10/2020 21:00,0.0,0.0
11/10/2020 22:00,0.0,0.0
11/10/2020 23:00,0.0,0.0
11/11/2020 0:00,0.0,0.0
11/11/2020 1:00,0.0,0.0
11/11/2020 2:00,0.0,0.0
11/11/2020 3:00,0.0,0.0
11/11/2020 4:00,0.0,0.0
11/11/2020 5:00,0.0,0.0
11/11/2020 6:00,0.0,0.0
11/11/2020 7:00,0.0,0.0
11/11/2020 8:00,0.75,0.03
11/11/2020 9:00,4.0,0.17
11/11/2020 10:00,6.5,0.28
11/11/2020 11:00,5.5,0.23
11/11/2020 12:00,11.5,0.49
11/11/2020 13:00,12.0,0.51
11/11/2020 14:00,9.5,0.4
11/11/2020 15:00,6.0,0.26
11/11/2020 16:00,4.0,0.17
11/11/2020 17:00,1.5,0.06
11/11/2020 18:00,0.0,0.0
11/11/2020 19:00,0.0,0.0
11/11/2020 20:00,0.0,0.0
11/11/2020 21:00,0.0,0.0
11/11/2020 22:00,0.0,0.0
11/11/2020 23:00,0.0,0.0
11/12/2020 0:00,0.0,0.0
11/12/2020 1:00,0.0,0.0
11/12/2020 2:00,0.0,0.0
11/12/2020 3:00,0.0,0.0
11/12/2020 4:00,0.0,0.0
11/12/2020 5:00,0.0,0.0
11/12/2020 6:00,0.0,0.0
11/12/2020 7:00,0.0,0.0
11/12/2020 8:00,0.25,0.01
11/12/2020 9:00,2.5,0.11
11/12/2020 10:00,7.75,0.33
11/12/2020 11:00,12.5,0.53
11/12/2020 12:00,13.25,0.56
11/12/2020 13:00,13.75,0.58
11/12/2020 14:00,13.0,0.55
11/12/2020 15:00,11.25,0.48
11/12/2020 16:00,7.75,0.33
11/12/2020 17:00,1.0,0.04
11/12/2020 18:00,0.25,0.01
11/12/2020 19:00,0.0,0.0
11/12/2020 20:00,0.0,0.0
11/12/2020 21:00,0.0,0.0
11/12/2020 22:00,0.0,0.0
11/12/2020 23:00,0.0,0.0
11/13/2020 0:00,0.0,0.0
11/13/2020 1:00,0.0,0.0
11/13/2020 2:00,0.0,0.0
11/13/2020 3:00,0.0,0.0
11/13/2020 4:00,0.0,0.0
11/13/2020 5:00,0.0,0.0
11/13/2020 6:00,0.0,0.0
11/13/2020 7:00,0.0,0.0
11/13/2020 8:00,0.0,0.0
11/13/2020 9:00,1.0,0.04
11/13/2020 10:00,1.25,0.05
11/13/2020 11:00,3.25,0.14
11/13/2020 12:00,6.5,0.28
11/13/2020 13:00,5.25,0.22
11/13/2020 14:00,5.0,0.21
11/13/2020 15:00,5.75,0.24
11/13/2020 16:00,2.75,0.12
11/13/2020 17:00,1.25,0.05
11/13/2020 18:00,0.25,0.01
11/13/2020 19:00,0.0,0.0
11/13/2020 20:00,0.0,0.0
11/13/2020 21:00,0.0,0.0
11/13/2020 22:00,0.0,0.0
11/13/2020 23:00,0.0,0.0
11/14/2020 0:00,0.0,0.0
11/14/2020 1:00,0.0,0.0
11/14/2020 2:00,0.0,0.0
11/14/2020 3:00,0.0,0.0
11/14/2020 4:00,0.0,0.0
11/14/2020 5:00,0.0,0.0
11/14/2020 6:00,0.0,0.0
11/14/2020 7:00,0.0,0.0
11/14/2020 8:00,0.0,0.0
11/14/2020 9:00,1.25,0.05
11/14/2020 10:00,2.75,0.12
11/14/2020 11:00,3.75,0.16
11/14/2020 12:00,3.0,0.13
11/14/2020 13:00,3.75,0.16
11/14/2020 14:00,3.25,0.14
11/14/2020 15:00,3.0,0.13
11/14/2020 16:00,2.25,0.1
11/14/2020 17:00,0.75,0.03
11/14/2020 18:00,0.0,0.0
11/14/2020 19:00,0.0,0.0
11/14/2020 20:00,0.0,0.0
11/14/2020 21:00,0.0,0.0
11/14/2020 22:00,0.0,0.0
11/14/2020 23:00,0.0,0.0
11/15/2020 0:00,0.0,0.0
11/15/2020 1:00,0.0,0.0
11/15/2020 2:00,0.0,0.0
11/15/2020 3:00,0.0,0.0
11/15/2020 4:00,0.0,0.0
11/15/2020 5:00,0.0,0.0
11/15/2020 6:00,0.0,0.0
11/15/2020 7:00,0.0,0.0
11/15/2020 8:00,0.25,0.01
11/15/2020 9:00,2.0,0.09
11/15/2020 10:00,5.5,0.23
11/15/2020 11:00,6.0,0.26
11/15/2020 12:00,4.5,0.19
11/15/2020 13:00,5.75,0.24
11/15/2020 14:00,5.0,0.21
11/15/2020 15:00,3.75,0.16
11/15/2020 16:00,2.75,0.12
11/15/2020 17:00,1.25,0.05
11/15/2020 18:00,0.0,0.0
11/15/2020 19:00,0.0,0.0
11/15/2020 20:00,0.0,0.0
11/15/2020 21:00,0.0,0.0
11/15/2020 22:00,0.0,0.0
11/15/2020 23:00,0.0,0.0
11/16/2020 0:00,0.0,0.0
11/16/2020 1:00,0.0,0.0
11/16/2020 2:00,0.0,0.0
11/16/2020 3:00,0.0,0.0
11/16/2020 4:00,0.0,0.0
11/16/2020 5:00,0.0,0.0
11/16/2020 6:00,0.0,0.0
11/16/2020 7:00,0.0,0.0
11/16/2020 8:00,0.5,0.02
11/16/2020 9:00,2.25,0.1
11/16/2020 10:00,8.0,0.34
11/16/2020 11:00,8.75,0.37
11/16/2020 12:00,12.5,0.53
11/16/2020 13:00,6.25,0.27
11/16/2020 14:00,6.5,0.28
11/16/2020 15:00,3.0,0.13
11/16/2020 16:00,5.75,0.24
11/16/2020 17:00,1.5,0.06
11/16/2020 18:00,0.25,0.01
11/16/2020 19:00,0.0,0.0
11/16/2020 20:00,0.0,0.0
11/16/2020 21:00,0.0,0.0
11/16/2020 22:00,0.0,0.0
11/16/2020 23:00,0.0,0.0
11/17/2020 0:00,0.0,0.0
11/17/2020 1:00,0.0,0.0
11/17/2020 2:00,0.0,0.0
11/17/2020 3:00,0.0,0.0
11/17/2020 4:00,0.0,0.0
11/17/2020 5:00,0.0,0.0
11/17/2020 6:00,0.0,0.0
11/17/2020 7:00,0.0,0.0
11/17/2020 8:00,0.0,0.0
11/17/2020 9:00,0.75,0.03
11/17/2020 10:00,1.75,0.07
11/17/2020 11:00,2.25,0.1
11/17/2020 12:00,4.75,0.2
11/17/2020 13:00,6.5,0.28
11/17/2020 14:00,11.0,0.47
11/17/2020 15:00,10.25,0.44
11/17/2020 16:00,6.5,0.28
11/17/2020 17:00,1.0,0.04
11/17/2020 18:00,0.0,0.0
11/17/2020 19:00,0.0,0.0
11/17/2020 20:00,0.0,0.0
11/17/2020 21:00,0.0,0.0
11/17/2020 22:00,0.0,0.0
11/17/2020 23:00,0.0,0.0
11/18/2020 0:00,0.0,0.0
11/18/2020 1:00,0.0,0.0
11/18/2020 2:00,0.0,0.0
11/18/2020 3:00,0.0,0.0
11/18/2020 4:00,0.0,0.0
11/18/2020 5:00,0.0,0.0
11/18/2020 6:00,0.0,0.0
11/18/2020 7:00,0.0,0.0
11/18/2020 8:00,0.25,0.01
11/18/2020 9:00,2.25,0.1
11/18/2020 10:00,3.75,0.16
11/18/2020 11:00,8.75,0.37
11/18/2020 12:00,9.0,0.38
11/18/2020 13:00,5.5,0.23
11/18/2020 14:00,5.75,0.24
11/18/2020 15:00,5.5,0.23
11/18/2020 16:00,1.75,0.07
11/18/2020 17:00,0.5,0.02
11/18/2020 18:00,0.25,0.01
11/18/2020 19:00,0.0,0.0
11/18/2020 20:00,0.0,0.0
11/18/2020 21:00,0.0,0.0
11/18/2020 22:00,0.0,0.0
11/18/2020 23:00,0.0,0.0
11/19/2020 0:00,0.0,0.0
11/19/2020 1:00,0.0,0.0
11/19/2020 2:00,0.0,0.0
11/19/2020 3:00,0.0,0.0
11/19/2020 4:00,0.0,0.0
11/19/2020 5:00,0.0,0.0
11/19/2020 6:00,0.0,0.0
11/19/2020 7:00,0.0,0.0
11/19/2020 8:00,0.25,0.01
11/19/2020 9:00,2.0,0.09
11/19/2020 10:00,5.25,0.22
11/19/2020 11:00,10.5,0.45
11/19/2020 12:00,12.5,0.53
11/19/2020 13:00,13.25,0.56
11/19/2020 14:00,12.0,0.51
11/19/2020 15:00,10.25,0.44
11/19/2020 16:00,6.25,0.27
11/19/2020 17:00,1.0,0.04
11/19/2020 18:00,0.0,0.0
11/19/2020 19:00,0.0,0.0
11/19/2020 20:00,0.0,0.0
11/19/2020 21:00,0.0,0.0
11/19/2020 22:00,0.0,0.0
11/19/2020 23:00,0.0,0.0
11/20/2020 0:00,0.0,0.0
11/20/2020 1:00,0.0,0.0
11/20/2020 2:00,0.0,0.0
11/20/2020 3:00,0.0,0.0
11/20/2020 4:00,0.0,0.0
11/20/2020 5:00,0.0,0.0
11/20/2020 6:00,0.0,0.0
11/20/2020 7:00,0.0,0.0
11/20/2020 8:00,0.25,0.01
11/20/2020 9:00,2.75,0.12
11/20/2020 10:00,7.25,0.31
11/20/2020 11:00,11.0,0.47
11/20/2020 12:00,13.0,0.55
11/20/2020 13:00,13.25,0.56
11/20/2020 14:00,12.5,0.53
11/20/2020 15:00,10.75,0.46
11/20/2020 16:00,6.75,0.29
11/20/2020 17:00,0.75,0.03
11/20/2020 18:00,0.0,0.0
11/20/2020 19:00,0.0,0.0
11/20/2020 20:00,0.0,0.0
11/20/2020 21:00,0.0,0.0
11/20/2020 22:00,0.0,0.0
11/20/2020 23:00,0.0,0.0
11/21/2020 0:00,0.0,0.0
11/21/2020 1:00,0.0,0.0
11/21/2020 2:00,0.0,0.0
11/21/2020 3:00,0.0,0.0
11/21/2020 4:00,0.0,0.0
11/21/2020 5:00,0.0,0.0
11/21/2020 6:00,0.0,0.0
11/21/2020 7:00,0.0,0.0
11/21/2020 8:00,0.25,0.01
11/21/2020 9:00,3.0,0.13
11/21/2020 10:00,7.5,0.32
11/21/2020 11:00,11.25,0.48
11/21/2020 12:00,13.25,0.56
11/21/2020 13:00,13.5,0.57
11/21/2020 14:00,12.75,0.54
11/21/2020 15:00,11.0,0.47
11/21/2020 16:00,7.0,0.3
11/21/2020 17:00,0.75,0.03
11/21/2020 18:00,0.0,0.0
11/21/2020 19:00,0.0,0.0
11/21/2020 20:00,0.0,0.0
11/21/2020 21:00,0.0,0.0
11/21/2020 22:00,0.0,0.0
11/21/2020 23:00,0.0,0.0
11/22/2020 0:00,0.0,0.0
11/22/2020 1:00,0.0,0.0
11/22/2020 2:00,0.0,0.0
11/22/2020 3:00,0.0,0.0
11/22/2020 4:00,0.0,0.0
11/22/2020 5:00,0.0,0.0
11/22/2020 6:00,0.0,0.0
11/22/2020 7:00,0.0,0.0
11/22/2020 8:00,0.25,0.01
11/22/2020 9:00,2.5,0.11
11/22/2020 10:00,7.0,0.3
11/22/2020 11:00,10.75,0.46
11/22/2020 12:00,12.5,0.53
11/22/2020 13:00,13.0,0.55
11/22/2020 14:00,12.5,0.53
11/22/2020 15:00,10.75,0.46
11/22/2020 16:00,6.5,0.28
11/22/2020 17:00,0.5,0.02
11/22/2020 18:00,0.25,0.01
11/22/2020 19:00,0.0,0.0
11/22/2020 20:00,0.0,0.0
11/22/2020 21:00,0.0,0.0
11/22/2020 22:00,0.0,0.0
11/22/2020 23:00,0.0,0.0
11/23/2020 0:00,0.0,0.0
11/23/2020 1:00,0.0,0.0
11/23/2020 2:00,0.0,0.0
11/23/2020 3:00,0.0,0.0
11/23/2020 4:00,0.0,0.0
11/23/2020 5:00,0.0,0.0
11/23/2020 6:00,0.0,0.0
11/23/2020 7:00,0.0,0.0
11/23/2020 8:00,0.0,0.0
11/23/2020 9:00,2.75,0.12
11/23/2020 10:00,6.75,0.29
11/23/2020 11:00,10.5,0.45
11/23/2020 12:00,12.5,0.53
11/23/2020 13:00,13.0,0.55
11/23/2020 14:00,12.25,0.52
11/23/2020 15:00,10.25,0.44
11/23/2020 16:00,6.0,0.26
11/23/2020 17:00,0.75,0.03
11/23/2020 18:00,0.25,0.01
11/23/2020 19:00,0.0,0.0
11/23/2020 20:00,0.0,0.0
11/23/2020 21:00,0.0,0.0
11/23/2020 22:00,0.0,0.0
11/23/2020 23:00,0.0,0.0
11/24/2020 0:00,0.0,0.0
11/24/2020 1:00,0.0,0.0
11/24/2020 2:00,0.0,0.0
11/24/2020 3:00,0.0,0.0
11/24/2020 4:00,0.0,0.0
11/24/2020 5:00,0.0,0.0
11/24/2020 6:00,0.0,0.0
11/24/2020 7:00,0.0,0.0
11/24/2020 8:00,0.0,0.0
11/24/2020 9:00,1.5,0.06
11/24/2020 10:00,2.5,0.11
11/24/2020 11:00,7.0,0.3
11/24/2020 12:00,12.25,0.52
11/24/2020 13:00,12.5,0.53
11/24/2020 14:00,12.0,0.51
11/24/2020 15:00,8.75,0.37
11/24/2020 16:00,4.0,0.17
11/24/2020 17:00,0.75,0.03
11/24/2020 18:00,0.0,0.0
11/24/2020 19:00,0.0,0.0
11/24/2020 20:00,0.0,0.0
11/24/2020 21:00,0.0,0.0
11/24/2020 22:00,0.0,0.0
11/24/2020 23:00,0.0,0.0
11/25/2020 0:00,0.0,0.0
11/25/2020 1:00,0.0,0.0
11/25/2020 2:00,0.0,0.0
11/25/2020 3:00,0.0,0.0
11/25/2020 4:00,0.0,0.0
11/25/2020 5:00,0.0,0.0
11/25/2020 6:00,0.0,0.0
11/25/2020 7:00,0.0,0.0
11/25/2020 8:00,0.0,0.0
11/25/2020 9:00,0.5,0.02
11/25/2020 10:00,0.5,0.02
11/25/2020 11:00,1.75,0.07
11/25/2020 12:00,3.75,0.16
11/25/2020 13:00,5.25,0.22
11/25/2020 14:00,8.0,0.34
11/25/2020 15:00,4.25,0.18
11/25/2020 16:00,1.75,0.07
11/25/2020 17:00,1.0,0.04
11/25/2020 18:00,0.0,0.0
11/25/2020 19:00,0.0,0.0
11/25/2020 20:00,0.0,0.0
11/25/2020 21:00,0.0,0.0
11/25/2020 22:00,0.0,0.0
11/25/2020 23:00,0.0,0.0
11/26/2020 0:00,0.0,0.0
11/26/2020 1:00,0.0,0.0
11/26/2020 2:00,0.0,0.0
11/26/2020 3:00,0.0,0.0
11/26/2020 4:00,0.0,0.0
11/26/2020 5:00,0.0,0.0
11/26/2020 6:00,0.0,0.0
11/26/2020 7:00,0.0,0.0
11/26/2020 8:00,0.0,0.0
11/26/2020 9:00,1.25,0.05
11/26/2020 10:00,3.0,0.13
11/26/2020 11:00,6.25,0.27
11/26/2020 12:00,10.5,0.45
11/26/2020 13:00,9.5,0.4
11/26/2020 14:00,7.75,0.33
11/26/2020 15:00,9.25,0.39
11/26/2020 16:00,2.5,0.11
11/26/2020 17:00,0.5,0.02
11/26/2020 18:00,0.0,0.0
11/26/2020 19:00,0.0,0.0
11/26/2020 20:00,0.0,0.0
11/26/2020 21:00,0.0,0.0
11/26/2020 22:00,0.0,0.0
11/26/2020 23:00,0.0,0.0
11/27/2020 0:00,0.0,0.0
11/27/2020 1:00,0.0,0.0
11/27/2020 2:00,0.0,0.0
11/27/2020 3:00,0.0,0.0
11/27/2020 4:00,0.0,0.0
11/27/2020 5:00,0.0,0.0
11/27/2020 6:00,0.0,0.0
11/27/2020 7:00,0.0,0.0
11/27/2020 8:00,0.0,0.0
11/27/2020 9:00,1.75,0.07
11/27/2020 10:00,4.75,0.2
11/27/2020 11:00,3.25,0.14
11/27/2020 12:00,3.0,0.13
11/27/2020 13:00,12.0,0.51
11/27/2020 14:00,11.0,0.47
11/27/2020 15:00,9.0,0.38
11/27/2020 16:00,5.25,0.22
11/27/2020 17:00,1.0,0.04
11/27/2020 18:00,0.0,0.0
11/27/2020 19:00,0.0,0.0
11/27/2020 20:00,0.0,0.0
11/27/2020 21:00,0.0,0.0
11/27/2020 22:00,0.0,0.0
11/27/2020 23:00,0.0,0.0
11/28/2020 0:00,0.0,0.0
11/28/2020 1:00,0.0,0.0
11/28/2020 2:00,0.0,0.0
11/28/2020 3:00,0.0,0.0
11/28/2020 4:00,0.0,0.0
11/28/2020 5:00,0.0,0.0
11/28/2020 6:00,0.0,0.0
11/28/2020 7:00,0.0,0.0
11/28/2020 8:00,0.25,0.01
11/28/2020 9:00,2.25,0.1
11/28/2020 10:00,4.75,0.2
11/28/2020 11:00,6.75,0.29
11/28/2020 12:00,4.25,0.18
11/28/2020 13:00,2.0,0.09
11/28/2020 14:00,1.0,0.04
11/28/2020 15:00,1.75,0.07
11/28/2020 16:00,1.5,0.06
11/28/2020 17:00,0.5,0.02
11/28/2020 18:00,0.0,0.0
11/28/2020 19:00,0.0,0.0
11/28/2020 20:00,0.0,0.0
11/28/2020 21:00,0.0,0.0
11/28/2020 22:00,0.0,0.0
11/28/2020 23:00,0.0,0.0
11/29/2020 0:00,0.0,0.0
11/29/2020 1:00,0.0,0.0
11/29/2020 2:00,0.0,0.0
11/29/2020 3:00,0.0,0.0
11/29/2020 4:00,0.0,0.0
11/29/2020 5:00,0.0,0.0
11/29/2020 6:00,0.0,0.0
11/29/2020 7:00,0.0,0.0
11/29/2020 8:00,0.0,0.0
11/29/2020 9:00,2.75,0.12
11/29/2020 10:00,6.25,0.27
11/29/2020 11:00,3.75,0.16
11/29/2020 12:00,2.0,0.09
11/29/2020 13:00,3.0,0.13
11/29/2020 14:00,1.0,0.04
11/29/2020 15:00,1.0,0.04
11/29/2020 16:00,5.0,0.21
11/29/2020 17:00,0.75,0.03
11/29/2020 18:00,0.0,0.0
11/29/2020 19:00,0.0,0.0
11/29/2020 20:00,0.0,0.0
11/29/2020 21:00,0.0,0.0
11/29/2020 22:00,0.0,0.0
11/29/2020 23:00,0.0,0.0
11/30/2020 0:00,0.0,0.0
11/30/2020 1:00,0.0,0.0
11/30/2020 2:00,0.0,0.0
11/30/2020 3:00,0.0,0.0
11/30/2020 4:00,0.0,0.0
11/30/2020 5:00,0.0,0.0
11/30/2020 6:00,0.0,0.0
11/30/2020 7:00,0.0,0.0
11/30/2020 8:00,0.0,0.0
11/30/2020 9:00,0.5,0.02
11/30/2020 10:00,3.25,0.14
11/30/2020 11:00,4.25,0.18
11/30/2020 12:00,9.75,0.41
11/30/2020 13:00,6.5,0.28
11/30/2020 14:00,3.75,0.16
11/30/2020 15:00,3.5,0.15
11/30/2020 16:00,2.25,0.1
11/30/2020 17:00,0.25,0.01
11/30/2020 18:00,0.0,0.0
11/30/2020 19:00,0.0,0.0
11/30/2020 20:00,0.0,0.0
11/30/2020 21:00,0.0,0.0
11/30/2020 22:00,0.0,0.0
11/30/2020 23:00,0.0,0.0
12/1/2020 0:00,0.0,0.0
12/1/2020 1:00,0.0,0.0
12/1/2020 2:00,0.0,0.0
12/1/2020 3:00,0.0,0.0
12/1/2020 4:00,0.0,0.0
12/1/2020 5:00,0.0,0.0
12/1/2020 6:00,0.0,0.0
12/1/2020 7:00,0.0,0.0
12/1/2020 8:00,0.0,0.0
12/1/2020 9:00,2.0,0.09
12/1/2020 10:00,6.25,0.27
12/1/2020 11:00,10.0,0.43
12/1/2020 12:00,12.25,0.52
12/1/2020 13:00,12.5,0.53
12/1/2020 14:00,12.25,0.52
12/1/2020 15:00,10.0,0.43
12/1/2020 16:00,6.0,0.26
12/1/2020 17:00,0.5,0.02
12/1/2020 18:00,0.0,0.0
12/1/2020 19:00,0.0,0.0
12/1/2020 20:00,0.0,0.0
12/1/2020 21:00,0.0,0.0
12/1/2020 22:00,0.0,0.0
12/1/2020 23:00,0.0,0.0
12/2/2020 0:00,0.0,0.0
12/2/2020 1:00,0.0,0.0
12/2/2020 2:00,0.0,0.0
12/2/2020 3:00,0.0,0.0
12/2/2020 4:00,0.0,0.0
12/2/2020 5:00,0.0,0.0
12/2/2020 6:00,0.0,0.0
12/2/2020 7:00,0.0,0.0
12/2/2020 8:00,0.0,0.0
12/2/2020 9:00,2.25,0.1
12/2/2020 10:00,6.0,0.26
12/2/2020 11:00,10.0,0.43
12/2/2020 12:00,11.75,0.5
12/2/2020 13:00,12.25,0.52
12/2/2020 14:00,11.5,0.49
12/2/2020 15:00,8.0,0.34
12/2/2020 16:00,3.75,0.16
12/2/2020 17:00,0.5,0.02
12/2/2020 18:00,0.0,0.0
12/2/2020 19:00,0.0,0.0
12/2/2020 20:00,0.0,0.0
12/2/2020 21:00,0.0,0.0
12/2/2020 22:00,0.0,0.0
12/2/2020 23:00,0.0,0.0
12/3/2020 0:00,0.0,0.0
12/3/2020 1:00,0.0,0.0
12/3/2020 2:00,0.0,0.0
12/3/2020 3:00,0.0,0.0
12/3/2020 4:00,0.0,0.0
12/3/2020 5:00,0.0,0.0
12/3/2020 6:00,0.0,0.0
12/3/2020 7:00,0.0,0.0
12/3/2020 8:00,0.25,0.01
12/3/2020 9:00,2.0,0.09
12/3/2020 10:00,6.0,0.26
12/3/2020 11:00,10.25,0.44
12/3/2020 12:00,12.0,0.51
12/3/2020 13:00,12.75,0.54
12/3/2020 14:00,12.25,0.52
12/3/2020 15:00,10.5,0.45
12/3/2020 16:00,5.5,0.23
12/3/2020 17:00,0.75,0.03
12/3/2020 18:00,0.0,0.0
12/3/2020 19:00,0.0,0.0
12/3/2020 20:00,0.0,0.0
12/3/2020 21:00,0.0,0.0
12/3/2020 22:00,0.0,0.0
12/3/2020 23:00,0.0,0.0
12/4/2020 0:00,0.0,0.0
12/4/2020 1:00,0.0,0.0
12/4/2020 2:00,0.0,0.0
12/4/2020 3:00,0.0,0.0
12/4/2020 4:00,0.0,0.0
12/4/2020 5:00,0.0,0.0
12/4/2020 6:00,0.0,0.0
12/4/2020 7:00,0.0,0.0
12/4/2020 8:00,0.0,0.0
12/4/2020 9:00,1.75,0.07
12/4/2020 10:00,3.75,0.16
12/4/2020 11:00,5.25,0.22
12/4/2020 12:00,7.0,0.3
12/4/2020 13:00,4.25,0.18
12/4/2020 14:00,4.5,0.19
12/4/2020 15:00,5.5,0.23
12/4/2020 16:00,2.0,0.09
12/4/2020 17:00,0.5,0.02
12/4/2020 18:00,0.0,0.0
12/4/2020 19:00,0.0,0.0
12/4/2020 20:00,0.0,0.0
12/4/2020 21:00,0.0,0.0
12/4/2020 22:00,0.0,0.0
12/4/2020 23:00,0.0,0.0
12/5/2020 0:00,0.0,0.0
12/5/2020 1:00,0.0,0.0
12/5/2020 2:00,0.0,0.0
12/5/2020 3:00,0.0,0.0
12/5/2020 4:00,0.0,0.0
12/5/2020 5:00,0.0,0.0
12/5/2020 6:00,0.0,0.0
12/5/2020 7:00,0.0,0.0
12/5/2020 8:00,0.0,0.0
12/5/2020 9:00,0.75,0.03
12/5/2020 10:00,6.0,0.26
12/5/2020 11:00,9.5,0.4
12/5/2020 12:00,11.0,0.47
12/5/2020 13:00,13.0,0.55
12/5/2020 14:00,9.5,0.4
12/5/2020 15:00,9.75,0.41
12/5/2020 16:00,4.0,0.17
12/5/2020 17:00,0.5,0.02
12/5/2020 18:00,0.0,0.0
12/5/2020 19:00,0.0,0.0
12/5/2020 20:00,0.0,0.0
12/5/2020 21:00,0.0,0.0
12/5/2020 22:00,0.0,0.0
12/5/2020 23:00,0.0,0.0
12/6/2020 0:00,0.0,0.0
12/6/2020 1:00,0.0,0.0
12/6/2020 2:00,0.0,0.0
12/6/2020 3:00,0.0,0.0
12/6/2020 4:00,0.0,0.0
12/6/2020 5:00,0.0,0.0
12/6/2020 6:00,0.0,0.0
12/6/2020 7:00,0.0,0.0
12/6/2020 8:00,0.0,0.0
12/6/2020 9:00,1.0,0.04
12/6/2020 10:00,5.5,0.23
12/6/2020 11:00,5.0,0.21
12/6/2020 12:00,7.0,0.3
12/6/2020 13:00,4.75,0.2
12/6/2020 14:00,3.0,0.13
12/6/2020 15:00,3.0,0.13
12/6/2020 16:00,1.25,0.05
12/6/2020 17:00,0.75,0.03
12/6/2020 18:00,0.0,0.0
12/6/2020 19:00,0.0,0.0
12/6/2020 20:00,0.0,0.0
12/6/2020 21:00,0.0,0.0
12/6/2020 22:00,0.0,0.0
12/6/2020 23:00,0.0,0.0
12/7/2020 0:00,0.0,0.0
12/7/2020 1:00,0.0,0.0
12/7/2020 2:00,0.0,0.0
12/7/2020 3:00,0.0,0.0
12/7/2020 4:00,0.0,0.0
12/7/2020 5:00,0.0,0.0
12/7/2020 6:00,0.0,0.0
12/7/2020 7:00,0.0,0.0
12/7/2020 8:00,0.0,0.0
12/7/2020 9:00,0.75,0.03
12/7/2020 10:00,2.25,0.1
12/7/2020 11:00,5.5,0.23
12/7/2020 12:00,8.0,0.34
12/7/2020 13:00,5.0,0.21
12/7/2020 14:00,3.75,0.16
12/7/2020 15:00,5.5,0.23
12/7/2020 16:00,4.5,0.19
12/7/2020 17:00,0.75,0.03
12/7/2020 18:00,0.0,0.0
12/7/2020 19:00,0.0,0.0
12/7/2020 20:00,0.0,0.0
12/7/2020 21:00,0.0,0.0
12/7/2020 22:00,0.0,0.0
12/7/2020 23:00,0.0,0.0
12/8/2020 0:00,0.0,0.0
12/8/2020 1:00,0.0,0.0
12/8/2020 2:00,0.0,0.0
12/8/2020 3:00,0.0,0.0
12/8/2020 4:00,0.0,0.0
12/8/2020 5:00,0.0,0.0
12/8/2020 6:00,0.0,0.0
12/8/2020 7:00,0.0,0.0
12/8/2020 8:00,0.0,0.0
12/8/2020 9:00,1.0,0.04
12/8/2020 10:00,5.0,0.21
12/8/2020 11:00,4.0,0.17
12/8/2020 12:00,7.0,0.3
12/8/2020 13:00,7.25,0.31
12/8/2020 14:00,4.75,0.2
12/8/2020 15:00,3.0,0.13
12/8/2020 16:00,1.75,0.07
12/8/2020 17:00,0.75,0.03
12/8/2020 18:00,0.0,0.0
12/8/2020 19:00,0.0,0.0
12/8/2020 20:00,0.0,0.0
12/8/2020 21:00,0.0,0.0
12/8/2020 22:00,0.0,0.0
12/8/2020 23:00,0.0,0.0
12/9/2020 0:00,0.0,0.0
12/9/2020 1:00,0.0,0.0
12/9/2020 2:00,0.0,0.0
12/9/2020 3:00,0.0,0.0
12/9/2020 4:00,0.0,0.0
12/9/2020 5:00,0.0,0.0
12/9/2020 6:00,0.0,0.0
12/9/2020 7:00,0.0,0.0
12/9/2020 8:00,0.0,0.0
12/9/2020 9:00,0.5,0.02
12/9/2020 10:00,1.25,0.05
12/9/2020 11:00,5.0,0.21
12/9/2020 12:00,3.75,0.16
12/9/2020 13:00,4.5,0.19
12/9/2020 14:00,6.0,0.26
12/9/2020 15:00,4.25,0.18
12/9/2020 16:00,3.0,0.13
12/9/2020 17:00,1.0,0.04
12/9/2020 18:00,0.0,0.0
12/9/2020 19:00,0.0,0.0
12/9/2020 20:00,0.0,0.0
12/9/2020 21:00,0.0,0.0
12/9/2020 22:00,0.0,0.0
12/9/2020 23:00,0.0,0.0
12/10/2020 0:00,0.0,0.0
12/10/2020 1:00,0.0,0.0
12/10/2020 2:00,0.0,0.0
12/10/2020 3:00,0.0,0.0
12/10/2020 4:00,0.0,0.0
12/10/2020 5:00,0.0,0.0
12/10/2020 6:00,0.0,0.0
12/10/2020 7:00,0.0,0.0
12/10/2020 8:00,0.0,0.0
12/10/2020 9:00,0.75,0.03
12/10/2020 10:00,4.0,0.17
12/10/2020 11:00,5.5,0.23
12/10/2020 12:00,8.0,0.34
12/10/2020 13:00,2.75,0.12
12/10/2020 14:00,2.0,0.09
12/10/2020 15:00,2.0,0.09
12/10/2020 16:00,1.0,0.04
12/10/2020 17:00,0.25,0.01
12/10/2020 18:00,0.0,0.0
12/10/2020 19:00,0.0,0.0
12/10/2020 20:00,0.0,0.0
12/10/2020 21:00,0.0,0.0
12/10/2020 22:00,0.0,0.0
12/10/2020 23:00,0.0,0.0
12/11/2020 0:00,0.0,0.0
12/11/2020 1:00,0.0,0.0
12/11/2020 2:00,0.0,0.0
12/11/2020 3:00,0.0,0.0
12/11/2020 4:00,0.0,0.0
12/11/2020 5:00,0.0,0.0
12/11/2020 6:00,0.0,0.0
12/11/2020 7:00,0.0,0.0
12/11/2020 8:00,0.0,0.0
12/11/2020 9:00,0.5,0.02
12/11/2020 10:00,2.0,0.09
12/11/2020 11:00,6.0,0.26
12/11/2020 12:00,6.75,0.29
12/11/2020 13:00,5.75,0.24
12/11/2020 14:00,2.75,0.12
12/11/2020 15:00,2.5,0.11
12/11/2020 16:00,1.0,0.04
12/11/2020 17:00,0.25,0.01
12/11/2020 18:00,0.0,0.0
12/11/2020 19:00,0.0,0.0
12/11/2020 20:00,0.0,0.0
12/11/2020 21:00,0.0,0.0
12/11/2020 22:00,0.0,0.0
12/11/2020 23:00,0.0,0.0
12/12/2020 0:00,0.0,0.0
12/12/2020 1:00,0.0,0.0
12/12/2020 2:00,0.0,0.0
12/12/2020 3:00,0.0,0.0
12/12/2020 4:00,0.0,0.0
12/12/2020 5:00,0.0,0.0
12/12/2020 6:00,0.0,0.0
12/12/2020 7:00,0.0,0.0
12/12/2020 8:00,0.0,0.0
12/12/2020 9:00,0.75,0.03
12/12/2020 10:00,2.0,0.09
12/12/2020 11:00,5.75,0.24
12/12/2020 12:00,3.0,0.13
12/12/2020 13:00,3.75,0.16
12/12/2020 14:00,4.75,0.2
12/12/2020 15:00,4.0,0.17
12/12/2020 16:00,1.75,0.07
12/12/2020 17:00,0.75,0.03
12/12/2020 18:00,0.0,0.0
12/12/2020 19:00,0.0,0.0
12/12/2020 20:00,0.0,0.0
12/12/2020 21:00,0.0,0.0
12/12/2020 22:00,0.0,0.0
12/12/2020 23:00,0.0,0.0
12/13/2020 0:00,0.0,0.0
12/13/2020 1:00,0.0,0.0
12/13/2020 2:00,0.0,0.0
12/13/2020 3:00,0.0,0.0
12/13/2020 4:00,0.0,0.0
12/13/2020 5:00,0.0,0.0
12/13/2020 6:00,0.0,0.0
12/13/2020 7:00,0.0,0.0
12/13/2020 8:00,0.0,0.0
12/13/2020 9:00,0.75,0.03
12/13/2020 10:00,2.25,0.1
12/13/2020 11:00,3.25,0.14
12/13/2020 12:00,5.25,0.22
12/13/2020 13:00,4.0,0.17
12/13/2020 14:00,5.0,0.21
12/13/2020 15:00,3.25,0.14
12/13/2020 16:00,2.0,0.09
12/13/2020 17:00,0.5,0.02
12/13/2020 18:00,0.0,0.0
12/13/2020 19:00,0.0,0.0
12/13/2020 20:00,0.0,0.0
12/13/2020 21:00,0.0,0.0
12/13/2020 22:00,0.0,0.0
12/13/2020 23:00,0.0,0.0
12/14/2020 0:00,0.0,0.0
12/14/2020 1:00,0.0,0.0
12/14/2020 2:00,0.0,0.0
12/14/2020 3:00,0.0,0.0
12/14/2020 4:00,0.0,0.0
12/14/2020 5:00,0.0,0.0
12/14/2020 6:00,0.0,0.0
12/14/2020 7:00,0.0,0.0
12/14/2020 8:00,0.0,0.0
12/14/2020 9:00,0.5,0.02
12/14/2020 10:00,1.5,0.06
12/14/2020 11:00,3.0,0.13
12/14/2020 12:00,6.5,0.28
12/14/2020 13:00,9.75,0.41
12/14/2020 14:00,3.25,0.14
12/14/2020 15:00,7.0,0.3
12/14/2020 16:00,3.75,0.16
12/14/2020 17:00,0.75,0.03
12/14/2020 18:00,0.0,0.0
12/14/2020 19:00,0.0,0.0
12/14/2020 20:00,0.0,0.0
12/14/2020 21:00,0.0,0.0
12/14/2020 22:00,0.0,0.0
12/14/2020 23:00,0.0,0.0
12/15/2020 0:00,0.0,0.0
12/15/2020 1:00,0.0,0.0
12/15/2020 2:00,0.0,0.0
12/15/2020 3:00,0.0,0.0
12/15/2020 4:00,0.0,0.0
12/15/2020 5:00,0.0,0.0
12/15/2020 6:00,0.0,0.0
12/15/2020 7:00,0.0,0.0
12/15/2020 8:00,0.0,0.0
12/15/2020 9:00,1.5,0.06
12/15/2020 10:00,5.5,0.23
12/15/2020 11:00,9.25,0.39
12/15/2020 12:00,8.25,0.35
12/15/2020 13:00,11.0,0.47
12/15/2020 14:00,10.75,0.46
12/15/2020 15:00,7.5,0.32
12/15/2020 16:00,5.5,0.23
12/15/2020 17:00,1.0,0.04
12/15/2020 18:00,0.0,0.0
12/15/2020 19:00,0.0,0.0
12/15/2020 20:00,0.0,0.0
12/15/2020 21:00,0.0,0.0
12/15/2020 22:00,0.0,0.0
12/15/2020 23:00,0.0,0.0
12/16/2020 0:00,0.0,0.0
12/16/2020 1:00,0.0,0.0
12/16/2020 2:00,0.0,0.0
12/16/2020 3:00,0.0,0.0
12/16/2020 4:00,0.0,0.0
12/16/2020 5:00,0.0,0.0
12/16/2020 6:00,0.0,0.0
12/16/2020 7:00,0.0,0.0
12/16/2020 8:00,0.0,0.0
12/16/2020 9:00,0.25,0.01
12/16/2020 10:00,0.75,0.03
12/16/2020 11:00,2.0,0.09
12/16/2020 12:00,5.25,0.22
12/16/2020 13:00,10.75,0.46
12/16/2020 14:00,7.25,0.31
12/16/2020 15:00,9.0,0.38
12/16/2020 16:00,2.25,0.1
12/16/2020 17:00,1.0,0.04
12/16/2020 18:00,0.0,0.0
12/16/2020 19:00,0.0,0.0
12/16/2020 20:00,0.0,0.0
12/16/2020 21:00,0.0,0.0
12/16/2020 22:00,0.0,0.0
12/16/2020 23:00,0.0,0.0
12/17/2020 0:00,0.0,0.0
12/17/2020 1:00,0.0,0.0
12/17/2020 2:00,0.0,0.0
12/17/2020 3:00,0.0,0.0
12/17/2020 4:00,0.0,0.0
12/17/2020 5:00,0.0,0.0
12/17/2020 6:00,0.0,0.0
12/17/2020 7:00,0.0,0.0
12/17/2020 8:00,0.0,0.0
12/17/2020 9:00,1.5,0.06
12/17/2020 10:00,5.25,0.22
12/17/2020 11:00,9.25,0.39
12/17/2020 12:00,11.75,0.5
12/17/2020 13:00,12.5,0.53
12/17/2020 14:00,12.0,0.51
12/17/2020 15:00,8.25,0.35
12/17/2020 16:00,2.25,0.1
12/17/2020 17:00,0.75,0.03
12/17/2020 18:00,0.25,0.01
12/17/2020 19:00,0.0,0.0
12/17/2020 20:00,0.0,0.0
12/17/2020 21:00,0.0,0.0
12/17/2020 22:00,0.0,0.0
12/17/2020 23:00,0.0,0.0
12/18/2020 0:00,0.0,0.0
12/18/2020 1:00,0.0,0.0
12/18/2020 2:00,0.0,0.0
12/18/2020 3:00,0.0,0.0
12/18/2020 4:00,0.0,0.0
12/18/2020 5:00,0.0,0.0
12/18/2020 6:00,0.0,0.0
12/18/2020 7:00,0.0,0.0
12/18/2020 8:00,0.0,0.0
12/18/2020 9:00,1.0,0.04
12/18/2020 10:00,2.75,0.12
12/18/2020 11:00,6.0,0.26
12/18/2020 12:00,7.75,0.33
12/18/2020 13:00,9.5,0.4
12/18/2020 14:00,6.75,0.29
12/18/2020 15:00,7.25,0.31
12/18/2020 16:00,2.5,0.11
12/18/2020 17:00,0.25,0.01
12/18/2020 18:00,0.0,0.0
12/18/2020 19:00,0.0,0.0
12/18/2020 20:00,0.0,0.0
12/18/2020 21:00,0.0,0.0
12/18/2020 22:00,0.0,0.0
12/18/2020 23:00,0.0,0.0
12/19/2020 0:00,0.0,0.0
12/19/2020 1:00,0.0,0.0
12/19/2020 2:00,0.0,0.0
12/19/2020 3:00,0.0,0.0
12/19/2020 4:00,0.0,0.0
12/19/2020 5:00,0.0,0.0
12/19/2020 6:00,0.0,0.0
12/19/2020 7:00,0.0,0.0
12/19/2020 8:00,0.0,0.0
12/19/2020 9:00,0.25,0.01
12/19/2020 10:00,1.5,0.06
12/19/2020 11:00,5.0,0.21
12/19/2020 12:00,4.5,0.19
12/19/2020 13:00,6.25,0.27
12/19/2020 14:00,6.5,0.28
12/19/2020 15:00,6.75,0.29
12/19/2020 16:00,4.0,0.17
12/19/2020 17:00,1.0,0.04
12/19/2020 18:00,0.0,0.0
12/19/2020 19:00,0.0,0.0
12/19/2020 20:00,0.0,0.0
12/19/2020 21:00,0.0,0.0
12/19/2020 22:00,0.0,0.0
12/19/2020 23:00,0.0,0.0
12/20/2020 0:00,0.0,0.0
12/20/2020 1:00,0.0,0.0
12/20/2020 2:00,0.0,0.0
12/20/2020 3:00,0.0,0.0
12/20/2020 4:00,0.0,0.0
12/20/2020 5:00,0.0,0.0
12/20/2020 6:00,0.0,0.0
12/20/2020 7:00,0.0,0.0
12/20/2020 8:00,0.0,0.0
12/20/2020 9:00,1.25,0.05
12/20/2020 10:00,4.0,0.17
12/20/2020 11:00,7.75,0.33
12/20/2020 12:00,11.25,0.48
12/20/2020 13:00,13.0,0.55
12/20/2020 14:00,13.75,0.58
12/20/2020 15:00,10.0,0.43
12/20/2020 16:00,5.0,0.21
12/20/2020 17:00,1.0,0.04
12/20/2020 18:00,0.25,0.01
12/20/2020 19:00,0.0,0.0
12/20/2020 20:00,0.0,0.0
12/20/2020 21:00,0.0,0.0
12/20/2020 22:00,0.0,0.0
12/20/2020 23:00,0.0,0.0
12/21/2020 0:00,0.0,0.0
12/21/2020 1:00,0.0,0.0
12/21/2020 2:00,0.0,0.0
12/21/2020 3:00,0.0,0.0
12/21/2020 4:00,0.0,0.0
12/21/2020 5:00,0.0,0.0
12/21/2020 6:00,0.0,0.0
12/21/2020 7:00,0.0,0.0
12/21/2020 8:00,0.0,0.0
12/21/2020 9:00,0.75,0.03
12/21/2020 10:00,1.25,0.05
12/21/2020 11:00,3.75,0.16
12/21/2020 12:00,3.75,0.16
12/21/2020 13:00,7.5,0.32
12/21/2020 14:00,4.75,0.2
12/21/2020 15:00,1.0,0.04
12/21/2020 16:00,1.5,0.06
12/21/2020 17:00,0.5,0.02
12/21/2020 18:00,0.0,0.0
12/21/2020 19:00,0.0,0.0
12/21/2020 20:00,0.0,0.0
12/21/2020 21:00,0.0,0.0
12/21/2020 22:00,0.0,0.0
12/21/2020 23:00,0.0,0.0
12/22/2020 0:00,0.0,0.0
12/22/2020 1:00,0.0,0.0
12/22/2020 2:00,0.0,0.0
12/22/2020 3:00,0.0,0.0
12/22/2020 4:00,0.0,0.0
12/22/2020 5:00,0.0,0.0
12/22/2020 6:00,0.0,0.0
12/22/2020 7:00,0.0,0.0
12/22/2020 8:00,0.0,0.0
12/22/2020 9:00,0.75,0.03
12/22/2020 10:00,5.0,0.21
12/22/2020 11:00,9.0,0.38
12/22/2020 12:00,11.75,0.5
12/22/2020 13:00,12.25,0.52
12/22/2020 14:00,11.75,0.5
12/22/2020 15:00,10.0,0.43
12/22/2020 16:00,5.25,0.22
12/22/2020 17:00,1.25,0.05
12/22/2020 18:00,0.0,0.0
12/22/2020 19:00,0.0,0.0
12/22/2020 20:00,0.0,0.0
12/22/2020 21:00,0.0,0.0
12/22/2020 22:00,0.0,0.0
12/22/2020 23:00,0.0,0.0
12/23/2020 0:00,0.0,0.0
12/23/2020 1:00,0.0,0.0
12/23/2020 2:00,0.0,0.0
12/23/2020 3:00,0.0,0.0
12/23/2020 4:00,0.0,0.0
12/23/2020 5:00,0.0,0.0
12/23/2020 6:00,0.0,0.0
12/23/2020 7:00,0.0,0.0
12/23/2020 8:00,0.0,0.0
12/23/2020 9:00,0.75,0.03
12/23/2020 10:00,3.0,0.13
12/23/2020 11:00,6.0,0.26
12/23/2020 12:00,8.75,0.37
12/23/2020 13:00,6.0,0.26
12/23/2020 14:00,2.25,0.1
12/23/2020 15:00,1.0,0.04
12/23/2020 16:00,1.0,0.04
12/23/2020 17:00,0.25,0.01
12/23/2020 18:00,0.0,0.0
12/23/2020 19:00,0.0,0.0
12/23/2020 20:00,0.0,0.0
12/23/2020 21:00,0.0,0.0
12/23/2020 22:00,0.0,0.0
12/23/2020 23:00,0.0,0.0
12/24/2020 0:00,0.0,0.0
12/24/2020 1:00,0.0,0.0
12/24/2020 2:00,0.0,0.0
12/24/2020 3:00,0.0,0.0
12/24/2020 4:00,0.0,0.0
12/24/2020 5:00,0.0,0.0
12/24/2020 6:00,0.0,0.0
12/24/2020 7:00,0.0,0.0
12/24/2020 8:00,0.0,0.0
12/24/2020 9:00,1.5,0.06
12/24/2020 10:00,5.5,0.23
12/24/2020 11:00,6.5,0.28
12/24/2020 12:00,9.0,0.38
12/24/2020 13:00,10.0,0.43
12/24/2020 14:00,8.75,0.37
12/24/2020 15:00,11.5,0.49
12/24/2020 16:00,5.25,0.22
12/24/2020 17:00,1.0,0.04
12/24/2020 18:00,0.25,0.01
12/24/2020 19:00,0.0,0.0
12/24/2020 20:00,0.0,0.0
12/24/2020 21:00,0.0,0.0
12/24/2020 22:00,0.0,0.0
12/24/2020 23:00,0.0,0.0
12/25/2020 0:00,0.0,0.0
12/25/2020 1:00,0.0,0.0
12/25/2020 2:00,0.0,0.0
12/25/2020 3:00,0.0,0.0
12/25/2020 4:00,0.0,0.0
12/25/2020 5:00,0.0,0.0
12/25/2020 6:00,0.0,0.0
12/25/2020 7:00,0.0,0.0
12/25/2020 8:00,0.0,0.0
12/25/2020 9:00,1.25,0.05
12/25/2020 10:00,5.0,0.21
12/25/2020 11:00,9.75,0.41
12/25/2020 12:00,12.25,0.52
12/25/2020 13:00,12.5,0.53
12/25/2020 14:00,11.75,0.5
12/25/2020 15:00,8.75,0.37
12/25/2020 16:00,5.25,0.22
12/25/2020 17:00,0.75,0.03
12/25/2020 18:00,0.0,0.0
12/25/2020 19:00,0.0,0.0
12/25/2020 20:00,0.0,0.0
12/25/2020 21:00,0.0,0.0
12/25/2020 22:00,0.0,0.0
12/25/2020 23:00,0.0,0.0
12/26/2020 0:00,0.0,0.0
12/26/2020 1:00,0.0,0.0
12/26/2020 2:00,0.0,0.0
12/26/2020 3:00,0.0,0.0
12/26/2020 4:00,0.0,0.0
12/26/2020 5:00,0.0,0.0
12/26/2020 6:00,0.0,0.0
12/26/2020 7:00,0.0,0.0
12/26/2020 8:00,0.0,0.0
12/26/2020 9:00,1.5,0.06
12/26/2020 10:00,5.75,0.24
12/26/2020 11:00,10.0,0.43
12/26/2020 12:00,12.75,0.54
12/26/2020 13:00,13.25,0.56
12/26/2020 14:00,13.0,0.55
12/26/2020 15:00,11.25,0.48
12/26/2020 16:00,7.5,0.32
12/26/2020 17:00,0.5,0.02
12/26/2020 18:00,0.25,0.01
12/26/2020 19:00,0.0,0.0
12/26/2020 20:00,0.0,0.0
12/26/2020 21:00,0.0,0.0
12/26/2020 22:00,0.0,0.0
12/26/2020 23:00,0.0,0.0
12/27/2020 0:00,0.0,0.0
12/27/2020 1:00,0.0,0.0
12/27/2020 2:00,0.0,0.0
12/27/2020 3:00,0.0,0.0
12/27/2020 4:00,0.0,0.0
12/27/2020 5:00,0.0,0.0
12/27/2020 6:00,0.0,0.0
12/27/2020 7:00,0.0,0.0
12/27/2020 8:00,0.0,0.0
12/27/2020 9:00,1.25,0.05
12/27/2020 10:00,5.5,0.23
12/27/2020 11:00,9.25,0.39
12/27/2020 12:00,11.75,0.5
12/27/2020 13:00,12.5,0.53
12/27/2020 14:00,12.0,0.51
12/27/2020 15:00,7.5,0.32
12/27/2020 16:00,2.0,0.09
12/27/2020 17:00,0.75,0.03
12/27/2020 18:00,0.0,0.0
12/27/2020 19:00,0.0,0.0
12/27/2020 20:00,0.0,0.0
12/27/2020 21:00,0.0,0.0
12/27/2020 22:00,0.0,0.0
12/27/2020 23:00,0.0,0.0
12/28/2020 0:00,0.0,0.0
12/28/2020 1:00,0.0,0.0
12/28/2020 2:00,0.0,0.0
12/28/2020 3:00,0.0,0.0
12/28/2020 4:00,0.0,0.0
12/28/2020 5:00,0.0,0.0
12/28/2020 6:00,0.0,0.0
12/28/2020 7:00,0.0,0.0
12/28/2020 8:00,0.0,0.0
12/28/2020 9:00,0.75,0.03
12/28/2020 10:00,4.0,0.17
12/28/2020 11:00,6.25,0.27
12/28/2020 12:00,8.25,0.35
12/28/2020 13:00,7.0,0.3
12/28/2020 14:00,10.0,0.43
12/28/2020 15:00,9.5,0.4
12/28/2020 16:00,3.75,0.16
12/28/2020 17:00,0.75,0.03
12/28/2020 18:00,0.0,0.0
12/28/2020 19:00,0.0,0.0
12/28/2020 20:00,0.0,0.0
12/28/2020 21:00,0.0,0.0
12/28/2020 22:00,0.0,0.0
12/28/2020 23:00,0.0,0.0
12/29/2020 0:00,0.0,0.0
12/29/2020 1:00,0.0,0.0
12/29/2020 2:00,0.0,0.0
12/29/2020 3:00,0.0,0.0
12/29/2020 4:00,0.0,0.0
12/29/2020 5:00,0.0,0.0
12/29/2020 6:00,0.0,0.0
12/29/2020 7:00,0.0,0.0
12/29/2020 8:00,0.0,0.0
12/29/2020 9:00,1.0,0.04
12/29/2020 10:00,3.25,0.14
12/29/2020 11:00,7.5,0.32
12/29/2020 12:00,7.25,0.31
12/29/2020 13:00,11.0,0.47
12/29/2020 14:00,11.75,0.5
12/29/2020 15:00,9.0,0.38
12/29/2020 16:00,6.75,0.29
12/29/2020 17:00,1.5,0.06
12/29/2020 18:00,0.25,0.01
12/29/2020 19:00,0.0,0.0
12/29/2020 20:00,0.0,0.0
12/29/2020 21:00,0.0,0.0
12/29/2020 22:00,0.0,0.0
12/29/2020 23:00,0.0,0.0
12/30/2020 0:00,0.0,0.0
12/30/2020 1:00,0.0,0.0
12/30/2020 2:00,0.0,0.0
12/30/2020 3:00,0.0,0.0
12/30/2020 4:00,0.0,0.0
12/30/2020 5:00,0.0,0.0
12/30/2020 6:00,0.0,0.0
12/30/2020 7:00,0.0,0.0
12/30/2020 8:00,0.0,0.0
12/30/2020 9:00,1.25,0.05
12/30/2020 10:00,4.0,0.17
12/30/2020 11:00,9.25,0.39
12/30/2020 12:00,11.5,0.49
12/30/2020 13:00,7.25,0.31
12/30/2020 14:00,4.5,0.19
12/30/2020 15:00,5.5,0.23
12/30/2020 16:00,5.75,0.24
12/30/2020 17:00,1.25,0.05
12/30/2020 18:00,0.25,0.01
12/30/2020 19:00,0.0,0.0
12/30/2020 20:00,0.0,0.0
12/30/2020 21:00,0.0,0.0
12/30/2020 22:00,0.0,0.0
12/30/2020 23:00,0.0,0.0
12/31/2020 0:00,0.0,0.0
12/31/2020 1:00,0.0,0.0
12/31/2020 2:00,0.0,0.0
12/31/2020 3:00,0.0,0.0
12/31/2020 4:00,0.0,0.0
12/31/2020 5:00,0.0,0.0
12/31/2020 6:00,0.0,0.0
12/31/2020 7:00,0.0,0.0
12/31/2020 8:00,0.0,0.0
12/31/2020 9:00,1.25,0.05
12/31/2020 10:00,2.25,0.1
12/31/2020 11:00,7.75,0.33
12/31/2020 12:00,9.75,0.41
12/31/2020 13:00,12.0,0.51
12/31/2020 14:00,12.5,0.53
12/31/2020 15:00,8.0,0.34
12/31/2020 16:00,2.25,0.1
12/31/2020 17:00,1.0,0.04
12/31/2020 18:00,0.0,0.0
12/31/2020 19:00,0.0,0.0
12/31/2020 20:00,0.0,0.0
12/31/2020 21:00,0.0,0.0
12/31/2020 22:00,0.0,0.0
12/31/2020 23:00,0.0,0.0
1/1/2021 0:00,0.0,0.0
1/1/2021 1:00,0.0,0.0
1/1/2021 2:00,0.0,0.0
1/1/2021 3:00,0.0,0.0
1/1/2021 4:00,0.0,0.0
1/1/2021 5:00,0.0,0.0
1/1/2021 6:00,0.0,0.0
1/1/2021 7:00,0.0,0.0
1/1/2021 8:00,0.0,0.0
1/1/2021 9:00,1.25,0.05
1/1/2021 10:00,3.5,0.15
1/1/2021 11:00,8.0,0.34
1/1/2021 12:00,7.25,0.31
1/1/2021 13:00,6.75,0.29
1/1/2021 14:00,7.0,0.3
1/1/2021 15:00,7.75,0.33
1/1/2021 16:00,6.25,0.27
1/1/2021 17:00,0.75,0.03
1/1/2021 18:00,0.0,0.0
1/1/2021 19:00,0.0,0.0
1/1/2021 20:00,0.0,0.0
1/1/2021 21:00,0.0,0.0
1/1/2021 22:00,0.0,0.0
1/1/2021 23:00,0.0,0.0
1/2/2021 0:00,0.0,0.0
1/2/2021 1:00,0.0,0.0
1/2/2021 2:00,0.0,0.0
1/2/2021 3:00,0.0,0.0
1/2/2021 4:00,0.0,0.0
1/2/2021 5:00,0.0,0.0
1/2/2021 6:00,0.0,0.0
1/2/2021 7:00,0.0,0.0
1/2/2021 8:00,0.0,0.0
1/2/2021 9:00,1.75,0.07
1/2/2021 10:00,4.5,0.19
1/2/2021 11:00,9.5,0.4
1/2/2021 12:00,9.5,0.4
1/2/2021 13:00,4.25,0.18
1/2/2021 14:00,10.5,0.45
1/2/2021 15:00,8.75,0.37
1/2/2021 16:00,5.5,0.23
1/2/2021 17:00,1.0,0.04
1/2/2021 18:00,0.0,0.0
1/2/2021 19:00,0.0,0.0
1/2/2021 20:00,0.0,0.0
1/2/2021 21:00,0.0,0.0
1/2/2021 22:00,0.0,0.0
1/2/2021 23:00,0.0,0.0
1/3/2021 0:00,0.0,0.0
1/3/2021 1:00,0.0,0.0
1/3/2021 2:00,0.0,0.0
1/3/2021 3:00,0.0,0.0
1/3/2021 4:00,0.0,0.0
1/3/2021 5:00,0.0,0.0
1/3/2021 6:00,0.0,0.0
1/3/2021 7:00,0.0,0.0
1/3/2021 8:00,0.0,0.0
1/3/2021 9:00,1.5,0.06
1/3/2021 10:00,5.25,0.22
1/3/2021 11:00,9.75,0.41
1/3/2021 12:00,12.25,0.52
1/3/2021 13:00,10.0,0.43
1/3/2021 14:00,8.25,0.35
1/3/2021 15:00,2.5,0.11
1/3/2021 16:00,3.75,0.16
1/3/2021 17:00,0.75,0.03
1/3/2021 18:00,0.25,0.01
1/3/2021 19:00,0.0,0.0
1/3/2021 20:00,0.0,0.0
1/3/2021 21:00,0.0,0.0
1/3/2021 22:00,0.0,0.0
1/3/2021 23:00,0.0,0.0
1/4/2021 0:00,0.0,0.0
1/4/2021 1:00,0.0,0.0
1/4/2021 2:00,0.0,0.0
1/4/2021 3:00,0.0,0.0
1/4/2021 4:00,0.0,0.0
1/4/2021 5:00,0.0,0.0
1/4/2021 6:00,0.0,0.0
1/4/2021 7:00,0.0,0.0
1/4/2021 8:00,0.0,0.0
1/4/2021 9:00,0.5,0.02
1/4/2021 10:00,2.25,0.1
1/4/2021 11:00,3.25,0.14
1/4/2021 12:00,4.75,0.2
1/4/2021 13:00,7.5,0.32
1/4/2021 14:00,8.25,0.35
1/4/2021 15:00,5.25,0.22
1/4/2021 16:00,3.5,0.15
1/4/2021 17:00,1.0,0.04
1/4/2021 18:00,0.25,0.01
1/4/2021 19:00,0.0,0.0
1/4/2021 20:00,0.0,0.0
1/4/2021 21:00,0.0,0.0
1/4/2021 22:00,0.0,0.0
1/4/2021 23:00,0.0,0.0
1/5/2021 0:00,0.0,0.0
1/5/2021 1:00,0.0,0.0
1/5/2021 2:00,0.0,0.0
1/5/2021 3:00,0.0,0.0
1/5/2021 4:00,0.0,0.0
1/5/2021 5:00,0.0,0.0
1/5/2021 6:00,0.0,0.0
1/5/2021 7:00,0.0,0.0
1/5/2021 8:00,0.0,0.0
1/5/2021 9:00,1.0,0.04
1/5/2021 10:00,5.5,0.23
1/5/2021 11:00,9.25,0.39
1/5/2021 12:00,12.75,0.54
1/5/2021 13:00,13.75,0.58
1/5/2021 14:00,13.0,0.55
1/5/2021 15:00,11.75,0.5
1/5/2021 16:00,8.5,0.36
1/5/2021 17:00,1.25,0.05
1/5/2021 18:00,0.0,0.0
1/5/2021 19:00,0.0,0.0
1/5/2021 20:00,0.0,0.0
1/5/2021 21:00,0.0,0.0
1/5/2021 22:00,0.0,0.0
1/5/2021 23:00,0.0,0.0
1/6/2021 0:00,0.0,0.0
1/6/2021 1:00,0.0,0.0
1/6/2021 2:00,0.0,0.0
1/6/2021 3:00,0.0,0.0
1/6/2021 4:00,0.0,0.0
1/6/2021 5:00,0.0,0.0
1/6/2021 6:00,0.0,0.0
1/6/2021 7:00,0.0,0.0
1/6/2021 8:00,0.0,0.0
1/6/2021 9:00,1.0,0.04
1/6/2021 10:00,2.75,0.12
1/6/2021 11:00,7.75,0.33
1/6/2021 12:00,7.25,0.31
1/6/2021 13:00,6.0,0.26
1/6/2021 14:00,8.0,0.34
1/6/2021 15:00,5.0,0.21
1/6/2021 16:00,2.75,0.12
1/6/2021 17:00,0.75,0.03
1/6/2021 18:00,0.0,0.0
1/6/2021 19:00,0.0,0.0
1/6/2021 20:00,0.0,0.0
1/6/2021 21:00,0.0,0.0
1/6/2021 22:00,0.0,0.0
1/6/2021 23:00,0.0,0.0
1/7/2021 0:00,0.0,0.0
1/7/2021 1:00,0.0,0.0
1/7/2021 2:00,0.0,0.0
1/7/2021 3:00,0.0,0.0
1/7/2021 4:00,0.0,0.0
1/7/2021 5:00,0.0,0.0
1/7/2021 6:00,0.0,0.0
1/7/2021 7:00,0.0,0.0
1/7/2021 8:00,0.0,0.0
1/7/2021 9:00,0.5,0.02
1/7/2021 10:00,2.5,0.11
1/7/2021 11:00,7.25,0.31
1/7/2021 12:00,11.5,0.49
1/7/2021 13:00,13.75,0.58
1/7/2021 14:00,13.5,0.57
1/7/2021 15:00,12.0,0.51
1/7/2021 16:00,7.0,0.3
1/7/2021 17:00,1.25,0.05
1/7/2021 18:00,0.25,0.01
1/7/2021 19:00,0.0,0.0
1/7/2021 20:00,0.0,0.0
1/7/2021 21:00,0.0,0.0
1/7/2021 22:00,0.0,0.0
1/7/2021 23:00,0.0,0.0
1/8/2021 0:00,0.0,0.0
1/8/2021 1:00,0.0,0.0
1/8/2021 2:00,0.0,0.0
1/8/2021 3:00,0.0,0.0
1/8/2021 4:00,0.0,0.0
1/8/2021 5:00,0.0,0.0
1/8/2021 6:00,0.0,0.0
1/8/2021 7:00,0.0,0.0
1/8/2021 8:00,0.0,0.0
1/8/2021 9:00,0.75,0.03
1/8/2021 10:00,4.75,0.2
1/8/2021 11:00,7.0,0.3
1/8/2021 12:00,6.75,0.29
1/8/2021 13:00,8.75,0.37
1/8/2021 14:00,9.25,0.39
1/8/2021 15:00,11.0,0.47
1/8/2021 16:00,4.5,0.19
1/8/2021 17:00,2.0,0.09
1/8/2021 18:00,0.25,0.01
1/8/2021 19:00,0.0,0.0
1/8/2021 20:00,0.0,0.0
1/8/2021 21:00,0.0,0.0
1/8/2021 22:00,0.0,0.0
1/8/2021 23:00,0.0,0.0
1/9/2021 0:00,0.0,0.0
1/9/2021 1:00,0.0,0.0
1/9/2021 2:00,0.0,0.0
1/9/2021 3:00,0.0,0.0
1/9/2021 4:00,0.0,0.0
1/9/2021 5:00,0.0,0.0
1/9/2021 6:00,0.0,0.0
1/9/2021 7:00,0.0,0.0
1/9/2021 8:00,0.0,0.0
1/9/2021 9:00,1.5,0.06
1/9/2021 10:00,4.75,0.2
1/9/2021 11:00,3.5,0.15
1/9/2021 12:00,4.5,0.19
1/9/2021 13:00,5.75,0.24
1/9/2021 14:00,7.25,0.31
1/9/2021 15:00,8.0,0.34
1/9/2021 16:00,4.25,0.18
1/9/2021 17:00,2.0,0.09
1/9/2021 18:00,0.25,0.01
1/9/2021 19:00,0.0,0.0
1/9/2021 20:00,0.0,0.0
1/9/2021 21:00,0.0,0.0
1/9/2021 22:00,0.0,0.0
1/9/2021 23:00,0.0,0.0
1/10/2021 0:00,0.0,0.0
1/10/2021 1:00,0.0,0.0
1/10/2021 2:00,0.0,0.0
1/10/2021 3:00,0.0,0.0
1/10/2021 4:00,0.0,0.0
1/10/2021 5:00,0.0,0.0
1/10/2021 6:00,0.0,0.0
1/10/2021 7:00,0.0,0.0
1/10/2021 8:00,0.0,0.0
1/10/2021 9:00,1.25,0.05
1/10/2021 10:00,5.5,0.23
1/10/2021 11:00,10.25,0.44
1/10/2021 12:00,12.75,0.54
1/10/2021 13:00,13.75,0.58
1/10/2021 14:00,13.25,0.56
1/10/2021 15:00,11.0,0.47
1/10/2021 16:00,8.75,0.37
1/10/2021 17:00,2.0,0.09
1/10/2021 18:00,0.0,0.0
1/10/2021 19:00,0.0,0.0
1/10/2021 20:00,0.0,0.0
1/10/2021 21:00,0.0,0.0
1/10/2021 22:00,0.0,0.0
1/10/2021 23:00,0.0,0.0
1/11/2021 0:00,0.0,0.0
1/11/2021 1:00,0.0,0.0
1/11/2021 2:00,0.0,0.0
1/11/2021 3:00,0.0,0.0
1/11/2021 4:00,0.0,0.0
1/11/2021 5:00,0.0,0.0
1/11/2021 6:00,0.0,0.0
1/11/2021 7:00,0.0,0.0
1/11/2021 8:00,0.0,0.0
1/11/2021 9:00,1.5,0.06
1/11/2021 10:00,5.75,0.24
1/11/2021 11:00,10.25,0.44
1/11/2021 12:00,13.25,0.56
1/11/2021 13:00,14.0,0.6
1/11/2021 14:00,13.5,0.57
1/11/2021 15:00,12.25,0.52
1/11/2021 16:00,8.5,0.36
1/11/2021 17:00,1.75,0.07
1/11/2021 18:00,0.0,0.0
1/11/2021 19:00,0.0,0.0
1/11/2021 20:00,0.0,0.0
1/11/2021 21:00,0.0,0.0
1/11/2021 22:00,0.0,0.0
1/11/2021 23:00,0.0,0.0
1/12/2021 0:00,0.0,0.0
1/12/2021 1:00,0.0,0.0
1/12/2021 2:00,0.0,0.0
1/12/2021 3:00,0.0,0.0
1/12/2021 4:00,0.0,0.0
1/12/2021 5:00,0.0,0.0
1/12/2021 6:00,0.0,0.0
1/12/2021 7:00,0.0,0.0
1/12/2021 8:00,0.0,0.0
1/12/2021 9:00,1.75,0.07
1/12/2021 10:00,5.75,0.24
1/12/2021 11:00,10.25,0.44
1/12/2021 12:00,13.25,0.56
1/12/2021 13:00,14.0,0.6
1/12/2021 14:00,13.5,0.57
1/12/2021 15:00,12.25,0.52
1/12/2021 16:00,9.5,0.4
1/12/2021 17:00,1.75,0.07
1/12/2021 18:00,0.0,0.0
1/12/2021 19:00,0.0,0.0
1/12/2021 20:00,0.0,0.0
1/12/2021 21:00,0.0,0.0
1/12/2021 22:00,0.0,0.0
1/12/2021 23:00,0.0,0.0
1/13/2021 0:00,0.0,0.0
1/13/2021 1:00,0.0,0.0
1/13/2021 2:00,0.0,0.0
1/13/2021 3:00,0.0,0.0
1/13/2021 4:00,0.0,0.0
1/13/2021 5:00,0.0,0.0
1/13/2021 6:00,0.0,0.0
1/13/2021 7:00,0.0,0.0
1/13/2021 8:00,0.25,0.01
1/13/2021 9:00,1.25,0.05
1/13/2021 10:00,5.5,0.23
1/13/2021 11:00,10.0,0.43
1/13/2021 12:00,12.75,0.54
1/13/2021 13:00,13.5,0.57
1/13/2021 14:00,13.0,0.55
1/13/2021 15:00,11.25,0.48
1/13/2021 16:00,8.0,0.34
1/13/2021 17:00,1.75,0.07
1/13/2021 18:00,0.25,0.01
1/13/2021 19:00,0.0,0.0
1/13/2021 20:00,0.0,0.0
1/13/2021 21:00,0.0,0.0
1/13/2021 22:00,0.0,0.0
1/13/2021 23:00,0.0,0.0
1/14/2021 0:00,0.0,0.0
1/14/2021 1:00,0.0,0.0
1/14/2021 2:00,0.0,0.0
1/14/2021 3:00,0.0,0.0
1/14/2021 4:00,0.0,0.0
1/14/2021 5:00,0.0,0.0
1/14/2021 6:00,0.0,0.0
1/14/2021 7:00,0.0,0.0
1/14/2021 8:00,0.0,0.0
1/14/2021 9:00,1.75,0.07
1/14/2021 10:00,5.5,0.23
1/14/2021 11:00,10.25,0.44
1/14/2021 12:00,13.0,0.55
1/14/2021 13:00,15.0,0.64
1/14/2021 14:00,13.25,0.56
1/14/2021 15:00,12.0,0.51
1/14/2021 16:00,9.0,0.38
1/14/2021 17:00,2.0,0.09
1/14/2021 18:00,0.25,0.01
1/14/2021 19:00,0.0,0.0
1/14/2021 20:00,0.0,0.0
1/14/2021 21:00,0.0,0.0
1/14/2021 22:00,0.0,0.0
1/14/2021 23:00,0.0,0.0
1/15/2021 0:00,0.0,0.0
1/15/2021 1:00,0.0,0.0
1/15/2021 2:00,0.0,0.0
1/15/2021 3:00,0.0,0.0
1/15/2021 4:00,0.0,0.0
1/15/2021 5:00,0.0,0.0
1/15/2021 6:00,0.0,0.0
1/15/2021 7:00,0.0,0.0
1/15/2021 8:00,0.0,0.0
1/15/2021 9:00,1.5,0.06
1/15/2021 10:00,5.5,0.23
1/15/2021 11:00,9.5,0.4
1/15/2021 12:00,12.25,0.52
1/15/2021 13:00,13.25,0.56
1/15/2021 14:00,12.75,0.54
1/15/2021 15:00,11.25,0.48
1/15/2021 16:00,8.5,0.36
1/15/2021 17:00,2.25,0.1
1/15/2021 18:00,0.0,0.0
1/15/2021 19:00,0.0,0.0
1/15/2021 20:00,0.0,0.0
1/15/2021 21:00,0.0,0.0
1/15/2021 22:00,0.0,0.0
1/15/2021 23:00,0.0,0.0
1/16/2021 0:00,0.0,0.0
1/16/2021 1:00,0.0,0.0
1/16/2021 2:00,0.0,0.0
1/16/2021 3:00,0.0,0.0
1/16/2021 4:00,0.0,0.0
1/16/2021 5:00,0.0,0.0
1/16/2021 6:00,0.0,0.0
1/16/2021 7:00,0.0,0.0
1/16/2021 8:00,0.0,0.0
1/16/2021 9:00,1.5,0.06
1/16/2021 10:00,5.75,0.24
1/16/2021 11:00,10.25,0.44
1/16/2021 12:00,13.25,0.56
1/16/2021 13:00,14.0,0.6
1/16/2021 14:00,13.5,0.57
1/16/2021 15:00,12.0,0.51
1/16/2021 16:00,9.25,0.39
1/16/2021 17:00,2.5,0.11
1/16/2021 18:00,0.0,0.0
1/16/2021 19:00,0.0,0.0
1/16/2021 20:00,0.0,0.0
1/16/2021 21:00,0.0,0.0
1/16/2021 22:00,0.0,0.0
1/16/2021 23:00,0.0,0.0
1/17/2021 0:00,0.0,0.0
1/17/2021 1:00,0.0,0.0
1/17/2021 2:00,0.0,0.0
1/17/2021 3:00,0.0,0.0
1/17/2021 4:00,0.0,0.0
1/17/2021 5:00,0.0,0.0
1/17/2021 6:00,0.0,0.0
1/17/2021 7:00,0.0,0.0
1/17/2021 8:00,0.0,0.0
1/17/2021 9:00,1.75,0.07
1/17/2021 10:00,5.75,0.24
1/17/2021 11:00,10.5,0.45
1/17/2021 12:00,13.25,0.56
1/17/2021 13:00,13.25,0.56
1/17/2021 14:00,13.25,0.56
1/17/2021 15:00,12.0,0.51
1/17/2021 16:00,9.75,0.41
1/17/2021 17:00,2.25,0.1
1/17/2021 18:00,0.5,0.02
1/17/2021 19:00,0.0,0.0
1/17/2021 20:00,0.0,0.0
1/17/2021 21:00,0.0,0.0
1/17/2021 22:00,0.0,0.0
1/17/2021 23:00,0.0,0.0
1/18/2021 0:00,0.0,0.0
1/18/2021 1:00,0.0,0.0
1/18/2021 2:00,0.0,0.0
1/18/2021 3:00,0.0,0.0
1/18/2021 4:00,0.0,0.0
1/18/2021 5:00,0.0,0.0
1/18/2021 6:00,0.0,0.0
1/18/2021 7:00,0.0,0.0
1/18/2021 8:00,0.0,0.0
1/18/2021 9:00,1.5,0.06
1/18/2021 10:00,5.75,0.24
1/18/2021 11:00,10.5,0.45
1/18/2021 12:00,13.25,0.56
1/18/2021 13:00,14.0,0.6
1/18/2021 14:00,13.5,0.57
1/18/2021 15:00,12.25,0.52
1/18/2021 16:00,9.5,0.4
1/18/2021 17:00,2.5,0.11
1/18/2021 18:00,0.25,0.01
1/18/2021 19:00,0.0,0.0
1/18/2021 20:00,0.0,0.0
1/18/2021 21:00,0.0,0.0
1/18/2021 22:00,0.0,0.0
1/18/2021 23:00,0.0,0.0
1/19/2021 0:00,0.0,0.0
1/19/2021 1:00,0.0,0.0
1/19/2021 2:00,0.0,0.0
1/19/2021 3:00,0.0,0.0
1/19/2021 4:00,0.0,0.0
1/19/2021 5:00,0.0,0.0
1/19/2021 6:00,0.0,0.0
1/19/2021 7:00,0.0,0.0
1/19/2021 8:00,0.0,0.0
1/19/2021 9:00,0.25,0.01
1/19/2021 10:00,0.75,0.03
1/19/2021 11:00,3.0,0.13
1/19/2021 12:00,3.5,0.15
1/19/2021 13:00,4.5,0.19
1/19/2021 14:00,5.0,0.21
1/19/2021 15:00,3.25,0.14
1/19/2021 16:00,1.5,0.06
1/19/2021 17:00,0.75,0.03
1/19/2021 18:00,0.0,0.0
1/19/2021 19:00,0.0,0.0
1/19/2021 20:00,0.0,0.0
1/19/2021 21:00,0.0,0.0
1/19/2021 22:00,0.0,0.0
1/19/2021 23:00,0.0,0.0
1/20/2021 0:00,0.0,0.0
1/20/2021 1:00,0.0,0.0
1/20/2021 2:00,0.0,0.0
1/20/2021 3:00,0.0,0.0
1/20/2021 4:00,0.0,0.0
1/20/2021 5:00,0.0,0.0
1/20/2021 6:00,0.0,0.0
1/20/2021 7:00,0.0,0.0
1/20/2021 8:00,0.0,0.0
1/20/2021 9:00,0.0,0.0
1/20/2021 10:00,2.0,0.09
1/20/2021 11:00,4.75,0.2
1/20/2021 12:00,7.25,0.31
1/20/2021 13:00,8.75,0.37
1/20/2021 14:00,7.75,0.33
1/20/2021 15:00,8.5,0.36
1/20/2021 16:00,3.75,0.16
1/20/2021 17:00,1.75,0.07
1/20/2021 18:00,0.0,0.0
1/20/2021 19:00,0.0,0.0
1/20/2021 20:00,0.0,0.0
1/20/2021 21:00,0.0,0.0
1/20/2021 22:00,0.0,0.0
1/20/2021 23:00,0.0,0.0
1/21/2021 0:00,0.0,0.0
1/21/2021 1:00,0.0,0.0
1/21/2021 2:00,0.0,0.0
1/21/2021 3:00,0.0,0.0
1/21/2021 4:00,0.0,0.0
1/21/2021 5:00,0.0,0.0
1/21/2021 6:00,0.0,0.0
1/21/2021 7:00,0.0,0.0
1/21/2021 8:00,0.0,0.0
1/21/2021 9:00,1.0,0.04
1/21/2021 10:00,2.25,0.1
1/21/2021 11:00,3.25,0.14
1/21/2021 12:00,4.25,0.18
1/21/2021 13:00,4.25,0.18
1/21/2021 14:00,1.75,0.07
1/21/2021 15:00,2.25,0.1
1/21/2021 16:00,1.0,0.04
1/21/2021 17:00,0.5,0.02
1/21/2021 18:00,0.25,0.01
1/21/2021 19:00,0.0,0.0
1/21/2021 20:00,0.0,0.0
1/21/2021 21:00,0.0,0.0
1/21/2021 22:00,0.0,0.0
1/21/2021 23:00,0.0,0.0
1/22/2021 0:00,0.0,0.0
1/22/2021 1:00,0.0,0.0
1/22/2021 2:00,0.0,0.0
1/22/2021 3:00,0.0,0.0
1/22/2021 4:00,0.0,0.0
1/22/2021 5:00,0.0,0.0
1/22/2021 6:00,0.0,0.0
1/22/2021 7:00,0.0,0.0
1/22/2021 8:00,0.0,0.0
1/22/2021 9:00,1.25,0.05
1/22/2021 10:00,4.0,0.17
1/22/2021 11:00,8.5,0.36
1/22/2021 12:00,9.5,0.4
1/22/2021 13:00,10.5,0.45
1/22/2021 14:00,8.25,0.35
1/22/2021 15:00,4.75,0.2
1/22/2021 16:00,3.5,0.15
1/22/2021 17:00,2.25,0.1
1/22/2021 18:00,0.25,0.01
1/22/2021 19:00,0.0,0.0
1/22/2021 20:00,0.0,0.0
1/22/2021 21:00,0.0,0.0
1/22/2021 22:00,0.0,0.0
1/22/2021 23:00,0.0,0.0
1/23/2021 0:00,0.0,0.0
1/23/2021 1:00,0.0,0.0
1/23/2021 2:00,0.0,0.0
1/23/2021 3:00,0.0,0.0
1/23/2021 4:00,0.0,0.0
1/23/2021 5:00,0.0,0.0
1/23/2021 6:00,0.0,0.0
1/23/2021 7:00,0.0,0.0
1/23/2021 8:00,0.0,0.0
1/23/2021 9:00,1.0,0.04
1/23/2021 10:00,1.25,0.05
1/23/2021 11:00,2.0,0.09
1/23/2021 12:00,2.25,0.1
1/23/2021 13:00,2.25,0.1
1/23/2021 14:00,2.25,0.1
1/23/2021 15:00,2.0,0.09
1/23/2021 16:00,1.25,0.05
1/23/2021 17:00,0.5,0.02
1/23/2021 18:00,0.0,0.0
1/23/2021 19:00,0.0,0.0
1/23/2021 20:00,0.0,0.0
1/23/2021 21:00,0.0,0.0
1/23/2021 22:00,0.0,0.0
1/23/2021 23:00,0.0,0.0
1/24/2021 0:00,0.0,0.0
1/24/2021 1:00,0.0,0.0
1/24/2021 2:00,0.0,0.0
1/24/2021 3:00,0.0,0.0
1/24/2021 4:00,0.0,0.0
1/24/2021 5:00,0.0,0.0
1/24/2021 6:00,0.0,0.0
1/24/2021 7:00,0.0,0.0
1/24/2021 8:00,0.0,0.0
1/24/2021 9:00,1.5,0.06
1/24/2021 10:00,4.0,0.17
1/24/2021 11:00,5.25,0.22
1/24/2021 12:00,6.75,0.29
1/24/2021 13:00,7.25,0.31
1/24/2021 14:00,8.0,0.34
1/24/2021 15:00,6.75,0.29
1/24/2021 16:00,3.25,0.14
1/24/2021 17:00,1.25,0.05
1/24/2021 18:00,0.25,0.01
1/24/2021 19:00,0.0,0.0
1/24/2021 20:00,0.0,0.0
1/24/2021 21:00,0.0,0.0
1/24/2021 22:00,0.0,0.0
1/24/2021 23:00,0.0,0.0
1/25/2021 0:00,0.0,0.0
1/25/2021 1:00,0.0,0.0
1/25/2021 2:00,0.0,0.0
1/25/2021 3:00,0.0,0.0
1/25/2021 4:00,0.0,0.0
1/25/2021 5:00,0.0,0.0
1/25/2021 6:00,0.0,0.0
1/25/2021 7:00,0.0,0.0
1/25/2021 8:00,0.0,0.0
1/25/2021 9:00,1.0,0.04
1/25/2021 10:00,4.25,0.18
1/25/2021 11:00,6.0,0.26
1/25/2021 12:00,10.0,0.43
1/25/2021 13:00,6.5,0.28
1/25/2021 14:00,5.5,0.23
1/25/2021 15:00,2.75,0.12
1/25/2021 16:00,1.75,0.07
1/25/2021 17:00,0.75,0.03
1/25/2021 18:00,0.0,0.0
1/25/2021 19:00,0.0,0.0
1/25/2021 20:00,0.0,0.0
1/25/2021 21:00,0.0,0.0
1/25/2021 22:00,0.0,0.0
1/25/2021 23:00,0.0,0.0
1/26/2021 0:00,0.0,0.0
1/26/2021 1:00,0.0,0.0
1/26/2021 2:00,0.0,0.0
1/26/2021 3:00,0.0,0.0
1/26/2021 4:00,0.0,0.0
1/26/2021 5:00,0.0,0.0
1/26/2021 6:00,0.0,0.0
1/26/2021 7:00,0.0,0.0
1/26/2021 8:00,0.0,0.0
1/26/2021 9:00,1.0,0.04
1/26/2021 10:00,1.25,0.05
1/26/2021 11:00,2.75,0.12
1/26/2021 12:00,6.25,0.27
1/26/2021 13:00,6.75,0.29
1/26/2021 14:00,6.0,0.26
1/26/2021 15:00,5.0,0.21
1/26/2021 16:00,1.75,0.07
1/26/2021 17:00,0.75,0.03
1/26/2021 18:00,0.0,0.0
1/26/2021 19:00,0.0,0.0
1/26/2021 20:00,0.0,0.0
1/26/2021 21:00,0.0,0.0
1/26/2021 22:00,0.0,0.0
1/26/2021 23:00,0.0,0.0
1/27/2021 0:00,0.0,0.0
1/27/2021 1:00,0.0,0.0
1/27/2021 2:00,0.0,0.0
1/27/2021 3:00,0.0,0.0
1/27/2021 4:00,0.0,0.0
1/27/2021 5:00,0.0,0.0
1/27/2021 6:00,0.0,0.0
1/27/2021 7:00,0.0,0.0
1/27/2021 8:00,0.0,0.0
1/27/2021 9:00,0.75,0.03
1/27/2021 10:00,1.75,0.07
1/27/2021 11:00,3.25,0.14
1/27/2021 12:00,3.0,0.13
1/27/2021 13:00,2.75,0.12
1/27/2021 14:00,2.75,0.12
1/27/2021 15:00,2.0,0.09
1/27/2021 16:00,1.25,0.05
1/27/2021 17:00,0.5,0.02
1/27/2021 18:00,0.25,0.01
1/27/2021 19:00,0.0,0.0
1/27/2021 20:00,0.0,0.0
1/27/2021 21:00,0.0,0.0
1/27/2021 22:00,0.0,0.0
1/27/2021 23:00,0.0,0.0
1/28/2021 0:00,0.0,0.0
1/28/2021 1:00,0.0,0.0
1/28/2021 2:00,0.0,0.0
1/28/2021 3:00,0.0,0.0
1/28/2021 4:00,0.0,0.0
1/28/2021 5:00,0.0,0.0
1/28/2021 6:00,0.0,0.0
1/28/2021 7:00,0.0,0.0
1/28/2021 8:00,0.0,0.0
1/28/2021 9:00,0.25,0.01
1/28/2021 10:00,1.0,0.04
1/28/2021 11:00,2.5,0.11
1/28/2021 12:00,2.75,0.12
1/28/2021 13:00,3.0,0.13
1/28/2021 14:00,3.0,0.13
1/28/2021 15:00,2.75,0.12
1/28/2021 16:00,2.25,0.1
1/28/2021 17:00,1.0,0.04
1/28/2021 18:00,0.25,0.01
1/28/2021 19:00,0.0,0.0
1/28/2021 20:00,0.0,0.0
1/28/2021 21:00,0.0,0.0
1/28/2021 22:00,0.0,0.0
1/28/2021 23:00,0.0,0.0
1/29/2021 0:00,0.0,0.0
1/29/2021 1:00,0.0,0.0
1/29/2021 2:00,0.0,0.0
1/29/2021 3:00,0.0,0.0
1/29/2021 4:00,0.0,0.0
1/29/2021 5:00,0.0,0.0
1/29/2021 6:00,0.0,0.0
1/29/2021 7:00,0.0,0.0
1/29/2021 8:00,0.0,0.0
1/29/2021 9:00,0.5,0.02
1/29/2021 10:00,1.5,0.06
1/29/2021 11:00,1.75,0.07
1/29/2021 12:00,1.75,0.07
1/29/2021 13:00,2.0,0.09
1/29/2021 14:00,2.25,0.1
1/29/2021 15:00,2.0,0.09
1/29/2021 16:00,1.25,0.05
1/29/2021 17:00,0.75,0.03
1/29/2021 18:00,0.0,0.0
1/29/2021 19:00,0.0,0.0
1/29/2021 20:00,0.0,0.0
1/29/2021 21:00,0.0,0.0
1/29/2021 22:00,0.0,0.0
1/29/2021 23:00,0.0,0.0
1/30/2021 0:00,0.0,0.0
1/30/2021 1:00,0.0,0.0
1/30/2021 2:00,0.0,0.0
1/30/2021 3:00,0.0,0.0
1/30/2021 4:00,0.0,0.0
1/30/2021 5:00,0.0,0.0
1/30/2021 6:00,0.0,0.0
1/30/2021 7:00,0.0,0.0
1/30/2021 8:00,0.0,0.0
1/30/2021 9:00,1.0,0.04
1/30/2021 10:00,5.25,0.22
1/30/2021 11:00,7.0,0.3
1/30/2021 12:00,10.25,0.44
1/30/2021 13:00,10.75,0.46
1/30/2021 14:00,10.75,0.46
1/30/2021 15:00,12.0,0.51
1/30/2021 16:00,7.5,0.32
1/30/2021 17:00,2.5,0.11
1/30/2021 18:00,0.75,0.03
1/30/2021 19:00,0.0,0.0
1/30/2021 20:00,0.0,0.0
1/30/2021 21:00,0.0,0.0
1/30/2021 22:00,0.0,0.0
1/30/2021 23:00,0.0,0.0
1/31/2021 0:00,0.0,0.0
1/31/2021 1:00,0.0,0.0
1/31/2021 2:00,0.0,0.0
1/31/2021 3:00,0.0,0.0
1/31/2021 4:00,0.0,0.0
1/31/2021 5:00,0.0,0.0
1/31/2021 6:00,0.0,0.0
1/31/2021 7:00,0.0,0.0
1/31/2021 8:00,0.0,0.0
1/31/2021 9:00,0.5,0.02
1/31/2021 10:00,1.75,0.07
1/31/2021 11:00,3.25,0.14
1/31/2021 12:00,6.75,0.29
1/31/2021 13:00,7.25,0.31
1/31/2021 14:00,4.25,0.18
1/31/2021 15:00,2.0,0.09
1/31/2021 16:00,0.75,0.03
1/31/2021 17:00,0.5,0.02
1/31/2021 18:00,0.25,0.01
1/31/2021 19:00,0.0,0.0
1/31/2021 20:00,0.0,0.0
1/31/2021 21:00,0.0,0.0
1/31/2021 22:00,0.0,0.0
1/31/2021 23:00,0.0,0.0
2/1/2021 0:00,0.0,0.0
2/1/2021 1:00,0.0,0.0
2/1/2021 2:00,0.0,0.0
2/1/2021 3:00,0.0,0.0
2/1/2021 4:00,0.0,0.0
2/1/2021 5:00,0.0,0.0
2/1/2021 6:00,0.0,0.0
2/1/2021 7:00,0.0,0.0
2/1/2021 8:00,0.0,0.0
2/1/2021 9:00,0.5,0.02
2/1/2021 10:00,1.25,0.05
2/1/2021 11:00,2.25,0.1
2/1/2021 12:00,6.25,0.27
2/1/2021 13:00,4.5,0.19
2/1/2021 14:00,4.75,0.2
2/1/2021 15:00,4.75,0.2
2/1/2021 16:00,3.0,0.13
2/1/2021 17:00,1.75,0.07
2/1/2021 18:00,0.25,0.01
2/1/2021 19:00,0.0,0.0
2/1/2021 20:00,0.0,0.0
2/1/2021 21:00,0.0,0.0
2/1/2021 22:00,0.0,0.0
2/1/2021 23:00,0.0,0.0
2/2/2021 0:00,0.0,0.0
2/2/2021 1:00,0.0,0.0
2/2/2021 2:00,0.0,0.0
2/2/2021 3:00,0.0,0.0
2/2/2021 4:00,0.0,0.0
2/2/2021 5:00,0.0,0.0
2/2/2021 6:00,0.0,0.0
2/2/2021 7:00,0.0,0.0
2/2/2021 8:00,0.0,0.0
2/2/2021 9:00,0.75,0.03
2/2/2021 10:00,2.25,0.1
2/2/2021 11:00,4.0,0.17
2/2/2021 12:00,5.0,0.21
2/2/2021 13:00,6.25,0.27
2/2/2021 14:00,5.5,0.23
2/2/2021 15:00,4.75,0.2
2/2/2021 16:00,2.5,0.11
2/2/2021 17:00,1.25,0.05
2/2/2021 18:00,0.25,0.01
2/2/2021 19:00,0.0,0.0
2/2/2021 20:00,0.0,0.0
2/2/2021 21:00,0.0,0.0
2/2/2021 22:00,0.0,0.0
2/2/2021 23:00,0.0,0.0
2/3/2021 0:00,0.0,0.0
2/3/2021 1:00,0.0,0.0
2/3/2021 2:00,0.0,0.0
2/3/2021 3:00,0.0,0.0
2/3/2021 4:00,0.0,0.0
2/3/2021 5:00,0.0,0.0
2/3/2021 6:00,0.0,0.0
2/3/2021 7:00,0.0,0.0
2/3/2021 8:00,0.0,0.0
2/3/2021 9:00,0.5,0.02
2/3/2021 10:00,2.0,0.09
2/3/2021 11:00,3.5,0.15
2/3/2021 12:00,6.5,0.28
2/3/2021 13:00,9.75,0.41
2/3/2021 14:00,12.0,0.51
2/3/2021 15:00,12.25,0.52
2/3/2021 16:00,5.25,0.22
2/3/2021 17:00,3.5,0.15
2/3/2021 18:00,0.5,0.02
2/3/2021 19:00,0.0,0.0
2/3/2021 20:00,0.0,0.0
2/3/2021 21:00,0.0,0.0
2/3/2021 22:00,0.0,0.0
2/3/2021 23:00,0.0,0.0
2/4/2021 0:00,0.0,0.0
2/4/2021 1:00,0.0,0.0
2/4/2021 2:00,0.0,0.0
2/4/2021 3:00,0.0,0.0
2/4/2021 4:00,0.0,0.0
2/4/2021 5:00,0.0,0.0
2/4/2021 6:00,0.0,0.0
2/4/2021 7:00,0.0,0.0
2/4/2021 8:00,0.0,0.0
2/4/2021 9:00,0.5,0.02
2/4/2021 10:00,1.25,0.05
2/4/2021 11:00,4.5,0.19
2/4/2021 12:00,8.25,0.35
2/4/2021 13:00,4.75,0.2
2/4/2021 14:00,8.75,0.37
2/4/2021 15:00,6.25,0.27
2/4/2021 16:00,5.75,0.24
2/4/2021 17:00,1.75,0.07
2/4/2021 18:00,0.25,0.01
2/4/2021 19:00,0.0,0.0
2/4/2021 20:00,0.0,0.0
2/4/2021 21:00,0.0,0.0
2/4/2021 22:00,0.0,0.0
2/4/2021 23:00,0.0,0.0
2/5/2021 0:00,0.0,0.0
2/5/2021 1:00,0.0,0.0
2/5/2021 2:00,0.0,0.0
2/5/2021 3:00,0.0,0.0
2/5/2021 4:00,0.0,0.0
2/5/2021 5:00,0.0,0.0
2/5/2021 6:00,0.0,0.0
2/5/2021 7:00,0.0,0.0
2/5/2021 8:00,0.0,0.0
2/5/2021 9:00,0.75,0.03
2/5/2021 10:00,2.25,0.1
2/5/2021 11:00,3.75,0.16
2/5/2021 12:00,4.75,0.2
2/5/2021 13:00,4.5,0.19
2/5/2021 14:00,5.25,0.22
2/5/2021 15:00,5.0,0.21
2/5/2021 16:00,3.75,0.16
2/5/2021 17:00,1.75,0.07
2/5/2021 18:00,0.25,0.01
2/5/2021 19:00,0.0,0.0
2/5/2021 20:00,0.0,0.0
2/5/2021 21:00,0.0,0.0
2/5/2021 22:00,0.0,0.0
2/5/2021 23:00,0.0,0.0
2/6/2021 0:00,0.0,0.0
2/6/2021 1:00,0.0,0.0
2/6/2021 2:00,0.0,0.0
2/6/2021 3:00,0.0,0.0
2/6/2021 4:00,0.0,0.0
2/6/2021 5:00,0.0,0.0
2/6/2021 6:00,0.0,0.0
2/6/2021 7:00,0.0,0.0
2/6/2021 8:00,0.25,0.01
2/6/2021 9:00,0.75,0.03
2/6/2021 10:00,1.5,0.06
2/6/2021 11:00,2.5,0.11
2/6/2021 12:00,6.5,0.28
2/6/2021 13:00,7.5,0.32
2/6/2021 14:00,4.75,0.2
2/6/2021 15:00,4.0,0.17
2/6/2021 16:00,3.5,0.15
2/6/2021 17:00,1.25,0.05
2/6/2021 18:00,0.25,0.01
2/6/2021 19:00,0.0,0.0
2/6/2021 20:00,0.0,0.0
2/6/2021 21:00,0.0,0.0
2/6/2021 22:00,0.0,0.0
2/6/2021 23:00,0.0,0.0
2/7/2021 0:00,0.0,0.0
2/7/2021 1:00,0.0,0.0
2/7/2021 2:00,0.0,0.0
2/7/2021 3:00,0.0,0.0
2/7/2021 4:00,0.0,0.0
2/7/2021 5:00,0.0,0.0
2/7/2021 6:00,0.0,0.0
2/7/2021 7:00,0.0,0.0
2/7/2021 8:00,0.0,0.0
2/7/2021 9:00,1.5,0.06
2/7/2021 10:00,3.25,0.14
2/7/2021 11:00,3.75,0.16
2/7/2021 12:00,4.25,0.18
2/7/2021 13:00,7.5,0.32
2/7/2021 14:00,4.75,0.2
2/7/2021 15:00,4.0,0.17
2/7/2021 16:00,3.5,0.15
2/7/2021 17:00,1.25,0.05
2/7/2021 18:00,0.25,0.01
2/7/2021 19:00,0.0,0.0
2/7/2021 20:00,0.0,0.0
2/7/2021 21:00,0.0,0.0
2/7/2021 22:00,0.0,0.0
2/7/2021 23:00,0.0,0.0
2/8/2021 0:00,0.0,0.0
2/8/2021 1:00,0.0,0.0
2/8/2021 2:00,0.0,0.0
2/8/2021 3:00,0.0,0.0
2/8/2021 4:00,0.0,0.0
2/8/2021 5:00,0.0,0.0
2/8/2021 6:00,0.0,0.0
2/8/2021 7:00,0.0,0.0
2/8/2021 8:00,0.0,0.0
2/8/2021 9:00,2.25,0.1
2/8/2021 10:00,7.0,0.3
2/8/2021 11:00,9.25,0.39
2/8/2021 12:00,8.5,0.36
2/8/2021 13:00,13.75,0.58
2/8/2021 14:00,11.5,0.49
2/8/2021 15:00,6.5,0.28
2/8/2021 16:00,4.75,0.2
2/8/2021 17:00,2.75,0.12
2/8/2021 18:00,1.25,0.05
2/8/2021 19:00,0.0,0.0
2/8/2021 20:00,0.0,0.0
2/8/2021 21:00,0.0,0.0
2/8/2021 22:00,0.0,0.0
2/8/2021 23:00,0.0,0.0
2/9/2021 0:00,0.0,0.0
2/9/2021 1:00,0.0,0.0
2/9/2021 2:00,0.0,0.0
2/9/2021 3:00,0.0,0.0
2/9/2021 4:00,0.0,0.0
2/9/2021 5:00,0.0,0.0
2/9/2021 6:00,0.0,0.0
2/9/2021 7:00,0.0,0.0
2/9/2021 8:00,0.0,0.0
2/9/2021 9:00,0.0,0.0
2/9/2021 10:00,0.5,0.02
2/9/2021 11:00,2.0,0.09
2/9/2021 12:00,4.25,0.18
2/9/2021 13:00,7.75,0.33
2/9/2021 14:00,6.5,0.28
2/9/2021 15:00,5.25,0.22
2/9/2021 16:00,9.75,0.41
2/9/2021 17:00,3.0,0.13
2/9/2021 18:00,1.0,0.04
2/9/2021 19:00,0.0,0.0
2/9/2021 20:00,0.0,0.0
2/9/2021 21:00,0.0,0.0
2/9/2021 22:00,0.0,0.0
2/9/2021 23:00,0.0,0.0
2/10/2021 0:00,0.0,0.0
2/10/2021 1:00,0.0,0.0
2/10/2021 2:00,0.0,0.0
2/10/2021 3:00,0.0,0.0
2/10/2021 4:00,0.0,0.0
2/10/2021 5:00,0.0,0.0
2/10/2021 6:00,0.0,0.0
2/10/2021 7:00,0.0,0.0
2/10/2021 8:00,0.25,0.01
2/10/2021 9:00,1.75,0.07
2/10/2021 10:00,4.0,0.17
2/10/2021 11:00,5.25,0.22
2/10/2021 12:00,5.0,0.21
2/10/2021 13:00,4.75,0.2
2/10/2021 14:00,4.0,0.17
2/10/2021 15:00,3.25,0.14
2/10/2021 16:00,4.75,0.2
2/10/2021 17:00,1.5,0.06
2/10/2021 18:00,0.5,0.02
2/10/2021 19:00,0.0,0.0
2/10/2021 20:00,0.0,0.0
2/10/2021 21:00,0.0,0.0
2/10/2021 22:00,0.0,0.0
2/10/2021 23:00,0.0,0.0
2/11/2021 0:00,0.0,0.0
2/11/2021 1:00,0.0,0.0
2/11/2021 2:00,0.0,0.0
2/11/2021 3:00,0.0,0.0
2/11/2021 4:00,0.0,0.0
2/11/2021 5:00,0.0,0.0
2/11/2021 6:00,0.0,0.0
2/11/2021 7:00,0.0,0.0
2/11/2021 8:00,0.0,0.0
2/11/2021 9:00,0.5,0.02
2/11/2021 10:00,1.25,0.05
2/11/2021 11:00,2.75,0.12
2/11/2021 12:00,4.5,0.19
2/11/2021 13:00,4.25,0.18
2/11/2021 14:00,5.5,0.23
2/11/2021 15:00,4.75,0.2
2/11/2021 16:00,3.75,0.16
2/11/2021 17:00,1.0,0.04
2/11/2021 18:00,0.25,0.01
2/11/2021 19:00,0.0,0.0
2/11/2021 20:00,0.0,0.0
2/11/2021 21:00,0.0,0.0
2/11/2021 22:00,0.0,0.0
2/11/2021 23:00,0.0,0.0
2/12/2021 0:00,0.0,0.0
2/12/2021 1:00,0.0,0.0
2/12/2021 2:00,0.0,0.0
2/12/2021 3:00,0.0,0.0
2/12/2021 4:00,0.0,0.0
2/12/2021 5:00,0.0,0.0
2/12/2021 6:00,0.0,0.0
2/12/2021 7:00,0.0,0.0
2/12/2021 8:00,0.25,0.01
2/12/2021 9:00,3.0,0.13
2/12/2021 10:00,8.25,0.35
2/12/2021 11:00,7.25,0.31
2/12/2021 12:00,10.75,0.46
2/12/2021 13:00,14.25,0.61
2/12/2021 14:00,14.0,0.6
2/12/2021 15:00,13.75,0.58
2/12/2021 16:00,10.0,0.43
2/12/2021 17:00,5.0,0.21
2/12/2021 18:00,1.75,0.07
2/12/2021 19:00,0.0,0.0
2/12/2021 20:00,0.0,0.0
2/12/2021 21:00,0.0,0.0
2/12/2021 22:00,0.0,0.0
2/12/2021 23:00,0.0,0.0
2/13/2021 0:00,0.0,0.0
2/13/2021 1:00,0.0,0.0
2/13/2021 2:00,0.0,0.0
2/13/2021 3:00,0.0,0.0
2/13/2021 4:00,0.0,0.0
2/13/2021 5:00,0.0,0.0
2/13/2021 6:00,0.0,0.0
2/13/2021 7:00,0.0,0.0
2/13/2021 8:00,0.0,0.0
2/13/2021 9:00,1.0,0.04
2/13/2021 10:00,2.5,0.11
2/13/2021 11:00,7.25,0.31
2/13/2021 12:00,14.75,0.63
2/13/2021 13:00,15.75,0.67
2/13/2021 14:00,15.5,0.66
2/13/2021 15:00,14.0,0.6
2/13/2021 16:00,11.0,0.47
2/13/2021 17:00,7.0,0.3
2/13/2021 18:00,1.25,0.05
2/13/2021 19:00,0.0,0.0
2/13/2021 20:00,0.0,0.0
2/13/2021 21:00,0.0,0.0
2/13/2021 22:00,0.0,0.0
2/13/2021 23:00,0.0,0.0
2/14/2021 0:00,0.0,0.0
2/14/2021 1:00,0.0,0.0
2/14/2021 2:00,0.0,0.0
2/14/2021 3:00,0.0,0.0
2/14/2021 4:00,0.0,0.0
2/14/2021 5:00,0.0,0.0
2/14/2021 6:00,0.0,0.0
2/14/2021 7:00,0.0,0.0
2/14/2021 8:00,0.25,0.01
2/14/2021 9:00,3.0,0.13
2/14/2021 10:00,9.0,0.38
2/14/2021 11:00,12.5,0.53
2/14/2021 12:00,15.0,0.64
2/14/2021 13:00,16.0,0.68
2/14/2021 14:00,16.0,0.68
2/14/2021 15:00,14.25,0.61
2/14/2021 16:00,11.5,0.49
2/14/2021 17:00,7.75,0.33
2/14/2021 18:00,1.5,0.06
2/14/2021 19:00,0.0,0.0
2/14/2021 20:00,0.0,0.0
2/14/2021 21:00,0.0,0.0
2/14/2021 22:00,0.0,0.0
2/14/2021 23:00,0.0,0.0
2/15/2021 0:00,0.0,0.0
2/15/2021 1:00,0.0,0.0
2/15/2021 2:00,0.0,0.0
2/15/2021 3:00,0.0,0.0
2/15/2021 4:00,0.0,0.0
2/15/2021 5:00,0.0,0.0
2/15/2021 6:00,0.0,0.0
2/15/2021 7:00,0.0,0.0
2/15/2021 8:00,0.25,0.01
2/15/2021 9:00,3.5,0.15
2/15/2021 10:00,8.75,0.37
2/15/2021 11:00,12.75,0.54
2/15/2021 12:00,14.75,0.63
2/15/2021 13:00,16.0,0.68
2/15/2021 14:00,15.25,0.65
2/15/2021 15:00,13.75,0.58
2/15/2021 16:00,11.25,0.48
2/15/2021 17:00,7.25,0.31
2/15/2021 18:00,1.5,0.06
2/15/2021 19:00,0.0,0.0
2/15/2021 20:00,0.0,0.0
2/15/2021 21:00,0.0,0.0
2/15/2021 22:00,0.0,0.0
2/15/2021 23:00,0.0,0.0
2/16/2021 0:00,0.0,0.0
2/16/2021 1:00,0.0,0.0
2/16/2021 2:00,0.0,0.0
2/16/2021 3:00,0.0,0.0
2/16/2021 4:00,0.0,0.0
2/16/2021 5:00,0.0,0.0
2/16/2021 6:00,0.0,0.0
2/16/2021 7:00,0.0,0.0
2/16/2021 8:00,0.0,0.0
2/16/2021 9:00,1.75,0.07
2/16/2021 10:00,3.5,0.15
2/16/2021 11:00,9.0,0.38
2/16/2021 12:00,7.75,0.33
2/16/2021 13:00,7.0,0.3
2/16/2021 14:00,7.25,0.31
2/16/2021 15:00,5.0,0.21
2/16/2021 16:00,2.5,0.11
2/16/2021 17:00,2.25,0.1
2/16/2021 18:00,0.25,0.01
2/16/2021 19:00,0.0,0.0
2/16/2021 20:00,0.0,0.0
2/16/2021 21:00,0.0,0.0
2/16/2021 22:00,0.0,0.0
2/16/2021 23:00,0.0,0.0
2/17/2021 0:00,0.0,0.0
2/17/2021 1:00,0.0,0.0
2/17/2021 2:00,0.0,0.0
2/17/2021 3:00,0.0,0.0
2/17/2021 4:00,0.0,0.0
2/17/2021 5:00,0.0,0.0
2/17/2021 6:00,0.0,0.0
2/17/2021 7:00,0.0,0.0
2/17/2021 8:00,0.5,0.02
2/17/2021 9:00,1.75,0.07
2/17/2021 10:00,2.5,0.11
2/17/2021 11:00,4.0,0.17
2/17/2021 12:00,5.0,0.21
2/17/2021 13:00,6.75,0.29
2/17/2021 14:00,5.5,0.23
2/17/2021 15:00,7.25,0.31
2/17/2021 16:00,3.0,0.13
2/17/2021 17:00,2.75,0.12
2/17/2021 18:00,0.75,0.03
2/17/2021 19:00,0.25,0.01
2/17/2021 20:00,0.0,0.0
2/17/2021 21:00,0.0,0.0
2/17/2021 22:00,0.0,0.0
2/17/2021 23:00,0.0,0.0
2/18/2021 0:00,0.0,0.0
2/18/2021 1:00,0.0,0.0
2/18/2021 2:00,0.0,0.0
2/18/2021 3:00,0.0,0.0
2/18/2021 4:00,0.0,0.0
2/18/2021 5:00,0.0,0.0
2/18/2021 6:00,0.0,0.0
2/18/2021 7:00,0.0,0.0
2/18/2021 8:00,0.0,0.0
2/18/2021 9:00,1.25,0.05
2/18/2021 10:00,3.0,0.13
2/18/2021 11:00,7.75,0.33
2/18/2021 12:00,10.0,0.43
2/18/2021 13:00,8.25,0.35
2/18/2021 14:00,7.75,0.33
2/18/2021 15:00,4.75,0.2
2/18/2021 16:00,3.75,0.16
2/18/2021 17:00,1.75,0.07
2/18/2021 18:00,0.75,0.03
2/18/2021 19:00,0.0,0.0
2/18/2021 20:00,0.0,0.0
2/18/2021 21:00,0.0,0.0
2/18/2021 22:00,0.0,0.0
2/18/2021 23:00,0.0,0.0
2/19/2021 0:00,0.0,0.0
2/19/2021 1:00,0.0,0.0
2/19/2021 2:00,0.0,0.0
2/19/2021 3:00,0.0,0.0
2/19/2021 4:00,0.0,0.0
2/19/2021 5:00,0.0,0.0
2/19/2021 6:00,0.0,0.0
2/19/2021 7:00,0.0,0.0
2/19/2021 8:00,0.0,0.0
2/19/2021 9:00,0.75,0.03
2/19/2021 10:00,1.75,0.07
2/19/2021 11:00,4.0,0.17
2/19/2021 12:00,4.75,0.2
2/19/2021 13:00,4.75,0.2
2/19/2021 14:00,7.5,0.32
2/19/2021 15:00,13.0,0.55
2/19/2021 16:00,4.5,0.19
2/19/2021 17:00,3.5,0.15
2/19/2021 18:00,1.0,0.04
2/19/2021 19:00,0.0,0.0
2/19/2021 20:00,0.0,0.0
2/19/2021 21:00,0.0,0.0
2/19/2021 22:00,0.0,0.0
2/19/2021 23:00,0.0,0.0
2/20/2021 0:00,0.0,0.0
2/20/2021 1:00,0.0,0.0
2/20/2021 2:00,0.0,0.0
2/20/2021 3:00,0.0,0.0
2/20/2021 4:00,0.0,0.0
2/20/2021 5:00,0.0,0.0
2/20/2021 6:00,0.0,0.0
2/20/2021 7:00,0.0,0.0
2/20/2021 8:00,0.0,0.0
2/20/2021 9:00,0.25,0.01
2/20/2021 10:00,0.25,0.01
2/20/2021 11:00,0.75,0.03
2/20/2021 12:00,0.75,0.03
2/20/2021 13:00,0.25,0.01
2/20/2021 14:00,0.5,0.02
2/20/2021 15:00,1.0,0.04
2/20/2021 16:00,1.0,0.04
2/20/2021 17:00,0.75,0.03
2/20/2021 18:00,0.25,0.01
2/20/2021 19:00,0.0,0.0
2/20/2021 20:00,0.0,0.0
2/20/2021 21:00,0.0,0.0
2/20/2021 22:00,0.0,0.0
2/20/2021 23:00,0.0,0.0
2/21/2021 0:00,0.0,0.0
2/21/2021 1:00,0.0,0.0
2/21/2021 2:00,0.0,0.0
2/21/2021 3:00,0.0,0.0
2/21/2021 4:00,0.0,0.0
2/21/2021 5:00,0.0,0.0
2/21/2021 6:00,0.0,0.0
2/21/2021 7:00,0.0,0.0
2/21/2021 8:00,0.25,0.01
2/21/2021 9:00,1.75,0.07
2/21/2021 10:00,4.75,0.2
2/21/2021 11:00,5.5,0.23
2/21/2021 12:00,7.0,0.3
2/21/2021 13:00,10.5,0.45
2/21/2021 14:00,11.25,0.48
2/21/2021 15:00,12.0,0.51
2/21/2021 16:00,8.25,0.35
2/21/2021 17:00,7.25,0.31
2/21/2021 18:00,2.25,0.1
2/21/2021 19:00,0.0,0.0
2/21/2021 20:00,0.0,0.0
2/21/2021 21:00,0.0,0.0
2/21/2021 22:00,0.0,0.0
2/21/2021 23:00,0.0,0.0
2/22/2021 0:00,0.0,0.0
2/22/2021 1:00,0.0,0.0
2/22/2021 2:00,0.0,0.0
2/22/2021 3:00,0.0,0.0
2/22/2021 4:00,0.0,0.0
2/22/2021 5:00,0.0,0.0
2/22/2021 6:00,0.0,0.0
2/22/2021 7:00,0.0,0.0
2/22/2021 8:00,0.5,0.02
2/22/2021 9:00,4.25,0.18
2/22/2021 10:00,9.25,0.39
2/22/2021 11:00,11.0,0.47
2/22/2021 12:00,14.5,0.62
2/22/2021 13:00,16.0,0.68
2/22/2021 14:00,14.0,0.6
2/22/2021 15:00,6.75,0.29
2/22/2021 16:00,9.0,0.38
2/22/2021 17:00,4.5,0.19
2/22/2021 18:00,0.75,0.03
2/22/2021 19:00,0.25,0.01
2/22/2021 20:00,0.0,0.0
2/22/2021 21:00,0.0,0.0
2/22/2021 22:00,0.0,0.0
2/22/2021 23:00,0.0,0.0
2/23/2021 0:00,0.0,0.0
2/23/2021 1:00,0.0,0.0
2/23/2021 2:00,0.0,0.0
2/23/2021 3:00,0.0,0.0
2/23/2021 4:00,0.0,0.0
2/23/2021 5:00,0.0,0.0
2/23/2021 6:00,0.0,0.0
2/23/2021 7:00,0.0,0.0
2/23/2021 8:00,0.0,0.0
2/23/2021 9:00,1.5,0.06
2/23/2021 10:00,3.5,0.15
2/23/2021 11:00,6.5,0.28
2/23/2021 12:00,10.5,0.45
2/23/2021 13:00,7.25,0.31
2/23/2021 14:00,4.75,0.2
2/23/2021 15:00,3.5,0.15
2/23/2021 16:00,2.0,0.09
2/23/2021 17:00,4.0,0.17
2/23/2021 18:00,2.5,0.11
2/23/2021 19:00,0.0,0.0
2/23/2021 20:00,0.0,0.0
2/23/2021 21:00,0.0,0.0
2/23/2021 22:00,0.0,0.0
2/23/2021 23:00,0.0,0.0
2/24/2021 0:00,0.0,0.0
2/24/2021 1:00,0.0,0.0
2/24/2021 2:00,0.0,0.0
2/24/2021 3:00,0.0,0.0
2/24/2021 4:00,0.0,0.0
2/24/2021 5:00,0.0,0.0
2/24/2021 6:00,0.0,0.0
2/24/2021 7:00,0.0,0.0
2/24/2021 8:00,0.5,0.02
2/24/2021 9:00,4.25,0.18
2/24/2021 10:00,9.5,0.4
2/24/2021 11:00,13.25,0.56
2/24/2021 12:00,12.75,0.54
2/24/2021 13:00,15.25,0.65
2/24/2021 14:00,16.25,0.69
2/24/2021 15:00,13.5,0.57
2/24/2021 16:00,12.0,0.51
2/24/2021 17:00,7.5,0.32
2/24/2021 18:00,2.0,0.09
2/24/2021 19:00,0.0,0.0
2/24/2021 20:00,0.0,0.0
2/24/2021 21:00,0.0,0.0
2/24/2021 22:00,0.0,0.0
2/24/2021 23:00,0.0,0.0
2/25/2021 0:00,0.0,0.0
2/25/2021 1:00,0.0,0.0
2/25/2021 2:00,0.0,0.0
2/25/2021 3:00,0.0,0.0
2/25/2021 4:00,0.0,0.0
2/25/2021 5:00,0.0,0.0
2/25/2021 6:00,0.0,0.0
2/25/2021 7:00,0.0,0.0
2/25/2021 8:00,0.0,0.0
2/25/2021 9:00,1.75,0.07
2/25/2021 10:00,4.75,0.2
2/25/2021 11:00,7.25,0.31
2/25/2021 12:00,12.5,0.53
2/25/2021 13:00,11.75,0.5
2/25/2021 14:00,16.75,0.71
2/25/2021 15:00,11.75,0.5
2/25/2021 16:00,4.75,0.2
2/25/2021 17:00,2.0,0.09
2/25/2021 18:00,1.0,0.04
2/25/2021 19:00,0.25,0.01
2/25/2021 20:00,0.0,0.0
2/25/2021 21:00,0.0,0.0
2/25/2021 22:00,0.0,0.0
2/25/2021 23:00,0.0,0.0
2/26/2021 0:00,0.0,0.0
2/26/2021 1:00,0.0,0.0
2/26/2021 2:00,0.0,0.0
2/26/2021 3:00,0.0,0.0
2/26/2021 4:00,0.0,0.0
2/26/2021 5:00,0.0,0.0
2/26/2021 6:00,0.0,0.0
2/26/2021 7:00,0.0,0.0
2/26/2021 8:00,0.0,0.0
2/26/2021 9:00,0.5,0.02
2/26/2021 10:00,1.5,0.06
2/26/2021 11:00,2.5,0.11
2/26/2021 12:00,3.5,0.15
2/26/2021 13:00,4.25,0.18
2/26/2021 14:00,1.25,0.05
2/26/2021 15:00,2.25,0.1
2/26/2021 16:00,1.75,0.07
2/26/2021 17:00,1.75,0.07
2/26/2021 18:00,1.0,0.04
2/26/2021 19:00,0.0,0.0
2/26/2021 20:00,0.0,0.0
2/26/2021 21:00,0.0,0.0
2/26/2021 22:00,0.0,0.0
2/26/2021 23:00,0.0,0.0
2/27/2021 0:00,0.0,0.0
2/27/2021 1:00,0.0,0.0
2/27/2021 2:00,0.0,0.0
2/27/2021 3:00,0.0,0.0
2/27/2021 4:00,0.0,0.0
2/27/2021 5:00,0.0,0.0
2/27/2021 6:00,0.0,0.0
2/27/2021 7:00,0.0,0.0
2/27/2021 8:00,0.5,0.02
2/27/2021 9:00,3.5,0.15
2/27/2021 10:00,8.25,0.35
2/27/2021 11:00,11.75,0.5
2/27/2021 12:00,14.25,0.61
2/27/2021 13:00,15.0,0.64
2/27/2021 14:00,16.25,0.69
2/27/2021 15:00,13.5,0.57
2/27/2021 16:00,10.75,0.46
2/27/2021 17:00,6.0,0.26
2/27/2021 18:00,1.25,0.05
2/27/2021 19:00,0.0,0.0
2/27/2021 20:00,0.0,0.0
2/27/2021 21:00,0.0,0.0
2/27/2021 22:00,0.0,0.0
2/27/2021 23:00,0.0,0.0
2/28/2021 0:00,0.0,0.0
2/28/2021 1:00,0.0,0.0
2/28/2021 2:00,0.0,0.0
2/28/2021 3:00,0.0,0.0
2/28/2021 4:00,0.0,0.0
2/28/2021 5:00,0.0,0.0
2/28/2021 6:00,0.0,0.0
2/28/2021 7:00,0.0,0.0
2/28/2021 8:00,0.5,0.02
2/28/2021 9:00,4.5,0.19
2/28/2021 10:00,9.0,0.38
2/28/2021 11:00,13.0,0.55
2/28/2021 12:00,14.75,0.63
2/28/2021 13:00,16.0,0.68
2/28/2021 14:00,15.25,0.65
2/28/2021 15:00,14.5,0.62
2/28/2021 16:00,11.5,0.49
2/28/2021 17:00,7.75,0.33
2/28/2021 18:00,2.5,0.11
2/28/2021 19:00,0.25,0.01
2/28/2021 20:00,0.0,0.0
2/28/2021 21:00,0.0,0.0
2/28/2021 22:00,0.0,0.0
2/28/2021 23:00,0.0,0.0
3/1/2021 0:00,0.0,0.0
3/1/2021 1:00,0.0,0.0
3/1/2021 2:00,0.0,0.0
3/1/2021 3:00,0.0,0.0
3/1/2021 4:00,0.0,0.0
3/1/2021 5:00,0.0,0.0
3/1/2021 6:00,0.0,0.0
3/1/2021 7:00,0.0,0.0
3/1/2021 8:00,0.25,0.01
3/1/2021 9:00,1.0,0.04
3/1/2021 10:00,3.5,0.15
3/1/2021 11:00,8.0,0.34
3/1/2021 12:00,11.75,0.5
3/1/2021 13:00,12.5,0.53
3/1/2021 14:00,5.75,0.24
3/1/2021 15:00,8.5,0.36
3/1/2021 16:00,12.5,0.53
3/1/2021 17:00,7.75,0.33
3/1/2021 18:00,2.75,0.12
3/1/2021 19:00,0.0,0.0
3/1/2021 20:00,0.0,0.0
3/1/2021 21:00,0.0,0.0
3/1/2021 22:00,0.0,0.0
3/1/2021 23:00,0.0,0.0
3/2/2021 0:00,0.0,0.0
3/2/2021 1:00,0.0,0.0
3/2/2021 2:00,0.0,0.0
3/2/2021 3:00,0.0,0.0
3/2/2021 4:00,0.0,0.0
3/2/2021 5:00,0.0,0.0
3/2/2021 6:00,0.0,0.0
3/2/2021 7:00,0.0,0.0
3/2/2021 8:00,0.5,0.02
3/2/2021 9:00,3.5,0.15
3/2/2021 10:00,8.5,0.36
3/2/2021 11:00,10.0,0.43
3/2/2021 12:00,15.5,0.66
3/2/2021 13:00,16.0,0.68
3/2/2021 14:00,12.0,0.51
3/2/2021 15:00,14.75,0.63
3/2/2021 16:00,10.0,0.43
3/2/2021 17:00,4.0,0.17
3/2/2021 18:00,1.75,0.07
3/2/2021 19:00,0.0,0.0
3/2/2021 20:00,0.0,0.0
3/2/2021 21:00,0.0,0.0
3/2/2021 22:00,0.0,0.0
3/2/2021 23:00,0.0,0.0
3/3/2021 0:00,0.0,0.0
3/3/2021 1:00,0.0,0.0
3/3/2021 2:00,0.0,0.0
3/3/2021 3:00,0.0,0.0
3/3/2021 4:00,0.0,0.0
3/3/2021 5:00,0.0,0.0
3/3/2021 6:00,0.0,0.0
3/3/2021 7:00,0.0,0.0
3/3/2021 8:00,0.75,0.03
3/3/2021 9:00,4.25,0.18
3/3/2021 10:00,8.75,0.37
3/3/2021 11:00,11.75,0.5
3/3/2021 12:00,13.75,0.58
3/3/2021 13:00,14.75,0.63
3/3/2021 14:00,14.5,0.62
3/3/2021 15:00,10.25,0.44
3/3/2021 16:00,7.75,0.33
3/3/2021 17:00,5.25,0.22
3/3/2021 18:00,1.75,0.07
3/3/2021 19:00,0.0,0.0
3/3/2021 20:00,0.0,0.0
3/3/2021 21:00,0.0,0.0
3/3/2021 22:00,0.0,0.0
3/3/2021 23:00,0.0,0.0
3/4/2021 0:00,0.0,0.0
3/4/2021 1:00,0.0,0.0
3/4/2021 2:00,0.0,0.0
3/4/2021 3:00,0.0,0.0
3/4/2021 4:00,0.0,0.0
3/4/2021 5:00,0.0,0.0
3/4/2021 6:00,0.0,0.0
3/4/2021 7:00,0.0,0.0
3/4/2021 8:00,0.0,0.0
3/4/2021 9:00,1.0,0.04
3/4/2021 10:00,4.0,0.17
3/4/2021 11:00,4.75,0.2
3/4/2021 12:00,4.5,0.19
3/4/2021 13:00,8.25,0.35
3/4/2021 14:00,3.25,0.14
3/4/2021 15:00,1.75,0.07
3/4/2021 16:00,0.5,0.02
3/4/2021 17:00,0.25,0.01
3/4/2021 18:00,0.25,0.01
3/4/2021 19:00,0.0,0.0
3/4/2021 20:00,0.0,0.0
3/4/2021 21:00,0.0,0.0
3/4/2021 22:00,0.0,0.0
3/4/2021 23:00,0.0,0.0
3/5/2021 0:00,0.0,0.0
3/5/2021 1:00,0.0,0.0
3/5/2021 2:00,0.0,0.0
3/5/2021 3:00,0.0,0.0
3/5/2021 4:00,0.0,0.0
3/5/2021 5:00,0.0,0.0
3/5/2021 6:00,0.0,0.0
3/5/2021 7:00,0.0,0.0
3/5/2021 8:00,0.5,0.02
3/5/2021 9:00,0.75,0.03
3/5/2021 10:00,2.25,0.1
3/5/2021 11:00,5.75,0.24
3/5/2021 12:00,6.75,0.29
3/5/2021 13:00,9.75,0.41
3/5/2021 14:00,6.25,0.27
3/5/2021 15:00,5.25,0.22
3/5/2021 16:00,6.5,0.28
3/5/2021 17:00,4.0,0.17
3/5/2021 18:00,3.75,0.16
3/5/2021 19:00,0.25,0.01
3/5/2021 20:00,0.0,0.0
3/5/2021 21:00,0.0,0.0
3/5/2021 22:00,0.0,0.0
3/5/2021 23:00,0.0,0.0
3/6/2021 0:00,0.0,0.0
3/6/2021 1:00,0.0,0.0
3/6/2021 2:00,0.0,0.0
3/6/2021 3:00,0.0,0.0
3/6/2021 4:00,0.0,0.0
3/6/2021 5:00,0.0,0.0
3/6/2021 6:00,0.0,0.0
3/6/2021 7:00,0.0,0.0
3/6/2021 8:00,0.75,0.03
3/6/2021 9:00,4.75,0.2
3/6/2021 10:00,9.25,0.39
3/6/2021 11:00,13.25,0.56
3/6/2021 12:00,15.25,0.65
3/6/2021 13:00,16.25,0.69
3/6/2021 14:00,16.0,0.68
3/6/2021 15:00,14.25,0.61
3/6/2021 16:00,11.25,0.48
3/6/2021 17:00,7.0,0.3
3/6/2021 18:00,2.5,0.11
3/6/2021 19:00,0.0,0.0
3/6/2021 20:00,0.0,0.0
3/6/2021 21:00,0.0,0.0
3/6/2021 22:00,0.0,0.0
3/6/2021 23:00,0.0,0.0
3/7/2021 0:00,0.0,0.0
3/7/2021 1:00,0.0,0.0
3/7/2021 2:00,0.0,0.0
3/7/2021 3:00,0.0,0.0
3/7/2021 4:00,0.0,0.0
3/7/2021 5:00,0.0,0.0
3/7/2021 6:00,0.0,0.0
3/7/2021 7:00,0.0,0.0
3/7/2021 8:00,1.0,0.04
3/7/2021 9:00,4.75,0.2
3/7/2021 10:00,9.5,0.4
3/7/2021 11:00,12.25,0.52
3/7/2021 12:00,11.75,0.5
3/7/2021 13:00,7.5,0.32
3/7/2021 14:00,9.0,0.38
3/7/2021 15:00,14.25,0.61
3/7/2021 16:00,13.0,0.55
3/7/2021 17:00,8.25,0.35
3/7/2021 18:00,3.25,0.14
3/7/2021 19:00,0.25,0.01
3/7/2021 20:00,0.0,0.0
3/7/2021 21:00,0.0,0.0
3/7/2021 22:00,0.0,0.0
3/7/2021 23:00,0.0,0.0
3/8/2021 0:00,0.0,0.0
3/8/2021 1:00,0.0,0.0
3/8/2021 2:00,0.0,0.0
3/8/2021 3:00,0.0,0.0
3/8/2021 4:00,0.0,0.0
3/8/2021 5:00,0.0,0.0
3/8/2021 6:00,0.0,0.0
3/8/2021 7:00,0.0,0.0
3/8/2021 8:00,1.0,0.04
3/8/2021 9:00,5.5,0.23
3/8/2021 10:00,11.0,0.47
3/8/2021 11:00,13.75,0.58
3/8/2021 12:00,13.75,0.58
3/8/2021 13:00,14.0,0.6
3/8/2021 14:00,13.75,0.58
3/8/2021 15:00,11.0,0.47
3/8/2021 16:00,10.5,0.45
3/8/2021 17:00,8.25,0.35
3/8/2021 18:00,3.25,0.14
3/8/2021 19:00,0.25,0.01
3/8/2021 20:00,0.0,0.0
3/8/2021 21:00,0.0,0.0
3/8/2021 22:00,0.0,0.0
3/8/2021 23:00,0.0,0.0
3/9/2021 0:00,0.0,0.0
3/9/2021 1:00,0.0,0.0
3/9/2021 2:00,0.0,0.0
3/9/2021 3:00,0.0,0.0
3/9/2021 4:00,0.0,0.0
3/9/2021 5:00,0.0,0.0
3/9/2021 6:00,0.0,0.0
3/9/2021 7:00,0.0,0.0
3/9/2021 8:00,1.25,0.05
3/9/2021 9:00,5.5,0.23
3/9/2021 10:00,10.5,0.45
3/9/2021 11:00,14.25,0.61
3/9/2021 12:00,16.25,0.69
3/9/2021 13:00,17.25,0.73
3/9/2021 14:00,17.0,0.72
3/9/2021 15:00,15.5,0.66
3/9/2021 16:00,12.5,0.53
3/9/2021 17:00,8.75,0.37
3/9/2021 18:00,3.75,0.16
3/9/2021 19:00,0.0,0.0
3/9/2021 20:00,0.0,0.0
3/9/2021 21:00,0.0,0.0
3/9/2021 22:00,0.0,0.0
3/9/2021 23:00,0.0,0.0
3/10/2021 0:00,0.0,0.0
3/10/2021 1:00,0.0,0.0
3/10/2021 2:00,0.0,0.0
3/10/2021 3:00,0.0,0.0
3/10/2021 4:00,0.0,0.0
3/10/2021 5:00,0.0,0.0
3/10/2021 6:00,0.0,0.0
3/10/2021 7:00,0.0,0.0
3/10/2021 8:00,1.25,0.05
3/10/2021 9:00,6.0,0.26
3/10/2021 10:00,10.5,0.45
3/10/2021 11:00,14.25,0.61
3/10/2021 12:00,16.0,0.68
3/10/2021 13:00,16.0,0.68
3/10/2021 14:00,16.0,0.68
3/10/2021 15:00,15.5,0.66
3/10/2021 16:00,12.75,0.54
3/10/2021 17:00,9.0,0.38
3/10/2021 18:00,3.75,0.16
3/10/2021 19:00,0.25,0.01
3/10/2021 20:00,0.0,0.0
3/10/2021 21:00,0.0,0.0
3/10/2021 22:00,0.0,0.0
3/10/2021 23:00,0.0,0.0
3/11/2021 0:00,0.0,0.0
3/11/2021 1:00,0.0,0.0
3/11/2021 2:00,0.0,0.0
3/11/2021 3:00,0.0,0.0
3/11/2021 4:00,0.0,0.0
3/11/2021 5:00,0.0,0.0
3/11/2021 6:00,0.0,0.0
3/11/2021 7:00,0.0,0.0
3/11/2021 8:00,0.75,0.03
3/11/2021 9:00,5.5,0.23
3/11/2021 10:00,6.0,0.26
3/11/2021 11:00,5.0,0.21
3/11/2021 12:00,3.75,0.16
3/11/2021 13:00,4.0,0.17
3/11/2021 14:00,5.75,0.24
3/11/2021 15:00,6.0,0.26
3/11/2021 16:00,8.25,0.35
3/11/2021 17:00,9.5,0.4
3/11/2021 18:00,4.0,0.17
3/11/2021 19:00,0.25,0.01
3/11/2021 20:00,0.0,0.0
3/11/2021 21:00,0.0,0.0
3/11/2021 22:00,0.0,0.0
3/11/2021 23:00,0.0,0.0
3/12/2021 0:00,0.0,0.0
3/12/2021 1:00,0.0,0.0
3/12/2021 2:00,0.0,0.0
3/12/2021 3:00,0.0,0.0
3/12/2021 4:00,0.0,0.0
3/12/2021 5:00,0.0,0.0
3/12/2021 6:00,0.0,0.0
3/12/2021 7:00,0.0,0.0
3/12/2021 8:00,0.75,0.03
3/12/2021 9:00,2.25,0.1
3/12/2021 10:00,4.75,0.2
3/12/2021 11:00,5.0,0.21
3/12/2021 12:00,14.25,0.61
3/12/2021 13:00,12.25,0.52
3/12/2021 14:00,12.0,0.51
3/12/2021 15:00,9.5,0.4
3/12/2021 16:00,8.0,0.34
3/12/2021 17:00,4.75,0.2
3/12/2021 18:00,1.75,0.07
3/12/2021 19:00,0.25,0.01
3/12/2021 20:00,0.0,0.0
3/12/2021 21:00,0.0,0.0
3/12/2021 22:00,0.0,0.0
3/12/2021 23:00,0.0,0.0
3/13/2021 0:00,0.0,0.0
3/13/2021 1:00,0.0,0.0
3/13/2021 2:00,0.0,0.0
3/13/2021 3:00,0.0,0.0
3/13/2021 4:00,0.0,0.0
3/13/2021 5:00,0.0,0.0
3/13/2021 6:00,0.0,0.0
3/13/2021 7:00,0.0,0.0
3/13/2021 8:00,1.25,0.05
3/13/2021 9:00,5.5,0.23
3/13/2021 10:00,8.25,0.35
3/13/2021 11:00,12.75,0.54
3/13/2021 12:00,17.5,0.74
3/13/2021 13:00,17.25,0.73
3/13/2021 14:00,17.5,0.74
3/13/2021 15:00,16.0,0.68
3/13/2021 16:00,13.5,0.57
3/13/2021 17:00,9.75,0.41
3/13/2021 18:00,4.0,0.17
3/13/2021 19:00,0.25,0.01
3/13/2021 20:00,0.0,0.0
3/13/2021 21:00,0.0,0.0
3/13/2021 22:00,0.0,0.0
3/13/2021 23:00,0.0,0.0
3/14/2021 0:00,0.0,0.0
3/14/2021 1:00,0.0,0.0
3/14/2021 2:00,0.0,0.0
3/14/2021 3:00,0.0,0.0
3/14/2021 4:00,0.0,0.0
3/14/2021 5:00,0.0,0.0
3/14/2021 6:00,0.0,0.0
3/14/2021 7:00,0.0,0.0
3/14/2021 8:00,1.5,0.06
3/14/2021 9:00,6.25,0.27
3/14/2021 10:00,10.75,0.46
3/14/2021 11:00,14.5,0.62
3/14/2021 12:00,16.75,0.71
3/14/2021 13:00,17.0,0.72
3/14/2021 14:00,17.0,0.72
3/14/2021 15:00,15.5,0.66
3/14/2021 16:00,13.0,0.55
3/14/2021 17:00,9.0,0.38
3/14/2021 18:00,3.75,0.16
3/14/2021 19:00,0.25,0.01
3/14/2021 20:00,0.0,0.0
3/14/2021 21:00,0.0,0.0
3/14/2021 22:00,0.0,0.0
3/14/2021 23:00,0.0,0.0
3/15/2021 0:00,0.0,0.0
3/15/2021 1:00,0.0,0.0
3/15/2021 2:00,0.0,0.0
3/15/2021 3:00,0.0,0.0
3/15/2021 4:00,0.0,0.0
3/15/2021 5:00,0.0,0.0
3/15/2021 6:00,0.0,0.0
3/15/2021 7:00,0.0,0.0
3/15/2021 8:00,1.75,0.07
3/15/2021 9:00,5.75,0.24
3/15/2021 10:00,11.25,0.48
3/15/2021 11:00,14.25,0.61
3/15/2021 12:00,16.25,0.69
3/15/2021 13:00,16.75,0.71
3/15/2021 14:00,17.0,0.72
3/15/2021 15:00,15.5,0.66
3/15/2021 16:00,12.5,0.53
3/15/2021 17:00,7.25,0.31
3/15/2021 18:00,3.25,0.14
3/15/2021 19:00,0.5,0.02
3/15/2021 20:00,0.0,0.0
3/15/2021 21:00,0.0,0.0
3/15/2021 22:00,0.0,0.0
3/15/2021 23:00,0.0,0.0
3/16/2021 0:00,0.0,0.0
3/16/2021 1:00,0.0,0.0
3/16/2021 2:00,0.0,0.0
3/16/2021 3:00,0.0,0.0
3/16/2021 4:00,0.0,0.0
3/16/2021 5:00,0.0,0.0
3/16/2021 6:00,0.0,0.0
3/16/2021 7:00,0.0,0.0
3/16/2021 8:00,1.5,0.06
3/16/2021 9:00,6.25,0.27
3/16/2021 10:00,11.25,0.48
3/16/2021 11:00,14.5,0.62
3/16/2021 12:00,16.5,0.7
3/16/2021 13:00,17.25,0.73
3/16/2021 14:00,17.0,0.72
3/16/2021 15:00,15.5,0.66
3/16/2021 16:00,13.0,0.55
3/16/2021 17:00,9.25,0.39
3/16/2021 18:00,4.25,0.18
3/16/2021 19:00,0.25,0.01
3/16/2021 20:00,0.0,0.0
3/16/2021 21:00,0.0,0.0
3/16/2021 22:00,0.0,0.0
3/16/2021 23:00,0.0,0.0
3/17/2021 0:00,0.0,0.0
3/17/2021 1:00,0.0,0.0
3/17/2021 2:00,0.0,0.0
3/17/2021 3:00,0.0,0.0
3/17/2021 4:00,0.0,0.0
3/17/2021 5:00,0.0,0.0
3/17/2021 6:00,0.0,0.0
3/17/2021 7:00,0.0,0.0
3/17/2021 8:00,1.75,0.07
3/17/2021 9:00,6.5,0.28
3/17/2021 10:00,11.25,0.48
3/17/2021 11:00,14.75,0.63
3/17/2021 12:00,16.5,0.7
3/17/2021 13:00,17.5,0.74
3/17/2021 14:00,17.0,0.72
3/17/2021 15:00,15.75,0.67
3/17/2021 16:00,13.0,0.55
3/17/2021 17:00,9.25,0.39
3/17/2021 18:00,4.25,0.18
3/17/2021 19:00,0.25,0.01
3/17/2021 20:00,0.0,0.0
3/17/2021 21:00,0.0,0.0
3/17/2021 22:00,0.0,0.0
3/17/2021 23:00,0.0,0.0
3/18/2021 0:00,0.0,0.0
3/18/2021 1:00,0.0,0.0
3/18/2021 2:00,0.0,0.0
3/18/2021 3:00,0.0,0.0
3/18/2021 4:00,0.0,0.0
3/18/2021 5:00,0.0,0.0
3/18/2021 6:00,0.0,0.0
3/18/2021 7:00,0.0,0.0
3/18/2021 8:00,1.75,0.07
3/18/2021 9:00,6.75,0.29
3/18/2021 10:00,11.75,0.5
3/18/2021 11:00,14.75,0.63
3/18/2021 12:00,17.25,0.73
3/18/2021 13:00,17.75,0.75
3/18/2021 14:00,17.75,0.75
3/18/2021 15:00,16.0,0.68
3/18/2021 16:00,13.75,0.58
3/18/2021 17:00,9.75,0.41
3/18/2021 18:00,4.0,0.17
3/18/2021 19:00,0.25,0.01
3/18/2021 20:00,0.0,0.0
3/18/2021 21:00,0.0,0.0
3/18/2021 22:00,0.0,0.0
3/18/2021 23:00,0.0,0.0
3/19/2021 0:00,0.0,0.0
3/19/2021 1:00,0.0,0.0
3/19/2021 2:00,0.0,0.0
3/19/2021 3:00,0.0,0.0
3/19/2021 4:00,0.0,0.0
3/19/2021 5:00,0.0,0.0
3/19/2021 6:00,0.0,0.0
3/19/2021 7:00,0.25,0.01
3/19/2021 8:00,1.75,0.07
3/19/2021 9:00,6.5,0.28
3/19/2021 10:00,10.75,0.46
3/19/2021 11:00,15.0,0.64
3/19/2021 12:00,14.25,0.61
3/19/2021 13:00,17.75,0.75
3/19/2021 14:00,17.0,0.72
3/19/2021 15:00,16.0,0.68
3/19/2021 16:00,13.25,0.56
3/19/2021 17:00,8.25,0.35
3/19/2021 18:00,3.25,0.14
3/19/2021 19:00,0.25,0.01
3/19/2021 20:00,0.0,0.0
3/19/2021 21:00,0.0,0.0
3/19/2021 22:00,0.0,0.0
3/19/2021 23:00,0.0,0.0
3/20/2021 0:00,0.0,0.0
3/20/2021 1:00,0.0,0.0
3/20/2021 2:00,0.0,0.0
3/20/2021 3:00,0.0,0.0
3/20/2021 4:00,0.0,0.0
3/20/2021 5:00,0.0,0.0
3/20/2021 6:00,0.0,0.0
3/20/2021 7:00,0.0,0.0
3/20/2021 8:00,2.0,0.09
3/20/2021 9:00,7.0,0.3
3/20/2021 10:00,12.0,0.51
3/20/2021 11:00,15.5,0.66
3/20/2021 12:00,17.75,0.75
3/20/2021 13:00,18.25,0.78
3/20/2021 14:00,18.0,0.77
3/20/2021 15:00,16.25,0.69
3/20/2021 16:00,14.0,0.6
3/20/2021 17:00,9.75,0.41
3/20/2021 18:00,4.75,0.2
3/20/2021 19:00,0.25,0.01
3/20/2021 20:00,0.0,0.0
3/20/2021 21:00,0.0,0.0
3/20/2021 22:00,0.0,0.0
3/20/2021 23:00,0.0,0.0
3/21/2021 0:00,0.0,0.0
3/21/2021 1:00,0.0,0.0
3/21/2021 2:00,0.0,0.0
3/21/2021 3:00,0.0,0.0
3/21/2021 4:00,0.0,0.0
3/21/2021 5:00,0.0,0.0
3/21/2021 6:00,0.0,0.0
3/21/2021 7:00,0.0,0.0
3/21/2021 8:00,2.25,0.1
3/21/2021 9:00,7.0,0.3
3/21/2021 10:00,12.0,0.51
3/21/2021 11:00,15.5,0.66
3/21/2021 12:00,17.25,0.73
3/21/2021 13:00,18.0,0.77
3/21/2021 14:00,17.5,0.74
3/21/2021 15:00,16.25,0.69
3/21/2021 16:00,13.5,0.57
3/21/2021 17:00,9.5,0.4
3/21/2021 18:00,4.75,0.2
3/21/2021 19:00,0.25,0.01
3/21/2021 20:00,0.0,0.0
3/21/2021 21:00,0.0,0.0
3/21/2021 22:00,0.0,0.0
3/21/2021 23:00,0.0,0.0
3/22/2021 0:00,0.0,0.0
3/22/2021 1:00,0.0,0.0
3/22/2021 2:00,0.0,0.0
3/22/2021 3:00,0.0,0.0
3/22/2021 4:00,0.0,0.0
3/22/2021 5:00,0.0,0.0
3/22/2021 6:00,0.0,0.0
3/22/2021 7:00,0.0,0.0
3/22/2021 8:00,2.25,0.1
3/22/2021 9:00,7.0,0.3
3/22/2021 10:00,11.75,0.5
3/22/2021 11:00,14.75,0.63
3/22/2021 12:00,16.75,0.71
3/22/2021 13:00,17.5,0.74
3/22/2021 14:00,17.0,0.72
3/22/2021 15:00,15.25,0.65
3/22/2021 16:00,12.75,0.54
3/22/2021 17:00,9.0,0.38
3/22/2021 18:00,4.5,0.19
3/22/2021 19:00,0.25,0.01
3/22/2021 20:00,0.0,0.0
3/22/2021 21:00,0.0,0.0
3/22/2021 22:00,0.0,0.0
3/22/2021 23:00,0.0,0.0
3/23/2021 0:00,0.0,0.0
3/23/2021 1:00,0.0,0.0
3/23/2021 2:00,0.0,0.0
3/23/2021 3:00,0.0,0.0
3/23/2021 4:00,0.0,0.0
3/23/2021 5:00,0.0,0.0
3/23/2021 6:00,0.0,0.0
3/23/2021 7:00,0.25,0.01
3/23/2021 8:00,2.25,0.1
3/23/2021 9:00,7.0,0.3
3/23/2021 10:00,11.5,0.49
3/23/2021 11:00,14.5,0.62
3/23/2021 12:00,16.5,0.7
3/23/2021 13:00,17.0,0.72
3/23/2021 14:00,16.75,0.71
3/23/2021 15:00,9.75,0.41
3/23/2021 16:00,12.5,0.53
3/23/2021 17:00,9.5,0.4
3/23/2021 18:00,4.75,0.2
3/23/2021 19:00,0.25,0.01
3/23/2021 20:00,0.0,0.0
3/23/2021 21:00,0.0,0.0
3/23/2021 22:00,0.0,0.0
3/23/2021 23:00,0.0,0.0
3/24/2021 0:00,0.0,0.0
3/24/2021 1:00,0.0,0.0
3/24/2021 2:00,0.0,0.0
3/24/2021 3:00,0.0,0.0
3/24/2021 4:00,0.0,0.0
3/24/2021 5:00,0.0,0.0
3/24/2021 6:00,0.0,0.0
3/24/2021 7:00,0.25,0.01
3/24/2021 8:00,2.25,0.1
3/24/2021 9:00,7.25,0.31
3/24/2021 10:00,12.0,0.51
3/24/2021 11:00,15.0,0.64
3/24/2021 12:00,17.0,0.72
3/24/2021 13:00,17.75,0.75
3/24/2021 14:00,17.25,0.73
3/24/2021 15:00,15.25,0.65
3/24/2021 16:00,13.25,0.56
3/24/2021 17:00,9.5,0.4
3/24/2021 18:00,4.75,0.2
3/24/2021 19:00,0.5,0.02
3/24/2021 20:00,0.0,0.0
3/24/2021 21:00,0.0,0.0
3/24/2021 22:00,0.0,0.0
3/24/2021 23:00,0.0,0.0
3/25/2021 0:00,0.0,0.0
3/25/2021 1:00,0.0,0.0
3/25/2021 2:00,0.0,0.0
3/25/2021 3:00,0.0,0.0
3/25/2021 4:00,0.0,0.0
3/25/2021 5:00,0.0,0.0
3/25/2021 6:00,0.0,0.0
3/25/2021 7:00,0.0,0.0
3/25/2021 8:00,2.5,0.11
3/25/2021 9:00,6.75,0.29
3/25/2021 10:00,10.75,0.46
3/25/2021 11:00,14.75,0.63
3/25/2021 12:00,13.75,0.58
3/25/2021 13:00,15.25,0.65
3/25/2021 14:00,17.0,0.72
3/25/2021 15:00,14.5,0.62
3/25/2021 16:00,11.25,0.48
3/25/2021 17:00,5.5,0.23
3/25/2021 18:00,2.5,0.11
3/25/2021 19:00,0.5,0.02
3/25/2021 20:00,0.0,0.0
3/25/2021 21:00,0.0,0.0
3/25/2021 22:00,0.0,0.0
3/25/2021 23:00,0.0,0.0
3/26/2021 0:00,0.0,0.0
3/26/2021 1:00,0.0,0.0
3/26/2021 2:00,0.0,0.0
3/26/2021 3:00,0.0,0.0
3/26/2021 4:00,0.0,0.0
3/26/2021 5:00,0.0,0.0
3/26/2021 6:00,0.0,0.0
3/26/2021 7:00,0.0,0.0
3/26/2021 8:00,2.25,0.1
3/26/2021 9:00,6.0,0.26
3/26/2021 10:00,10.75,0.46
3/26/2021 11:00,14.25,0.61
3/26/2021 12:00,15.75,0.67
3/26/2021 13:00,15.0,0.64
3/26/2021 14:00,15.0,0.64
3/26/2021 15:00,11.5,0.49
3/26/2021 16:00,10.5,0.45
3/26/2021 17:00,7.75,0.33
3/26/2021 18:00,3.5,0.15
3/26/2021 19:00,0.5,0.02
3/26/2021 20:00,0.0,0.0
3/26/2021 21:00,0.0,0.0
3/26/2021 22:00,0.0,0.0
3/26/2021 23:00,0.0,0.0
3/27/2021 0:00,0.0,0.0
3/27/2021 1:00,0.0,0.0
3/27/2021 2:00,0.0,0.0
3/27/2021 3:00,0.0,0.0
3/27/2021 4:00,0.0,0.0
3/27/2021 5:00,0.0,0.0
3/27/2021 6:00,0.0,0.0
3/27/2021 7:00,0.0,0.0
3/27/2021 8:00,1.25,0.05
3/27/2021 9:00,4.25,0.18
3/27/2021 10:00,8.25,0.35
3/27/2021 11:00,12.5,0.53
3/27/2021 12:00,16.0,0.68
3/27/2021 13:00,16.5,0.7
3/27/2021 14:00,16.25,0.69
3/27/2021 15:00,14.75,0.63
3/27/2021 16:00,12.25,0.52
3/27/2021 17:00,7.5,0.32
3/27/2021 18:00,3.25,0.14
3/27/2021 19:00,0.5,0.02
3/27/2021 20:00,0.0,0.0
3/27/2021 21:00,0.0,0.0
3/27/2021 22:00,0.0,0.0
3/27/2021 23:00,0.0,0.0
3/28/2021 0:00,0.0,0.0
3/28/2021 2:00,0.0,0.0
3/28/2021 3:00,0.0,0.0
3/28/2021 4:00,0.0,0.0
3/28/2021 5:00,0.0,0.0
3/28/2021 6:00,0.0,0.0
3/28/2021 7:00,0.0,0.0
3/28/2021 8:00,0.0,0.0
3/28/2021 9:00,0.0,0.0
3/28/2021 10:00,1.25,0.05
3/28/2021 11:00,3.5,0.15
3/28/2021 12:00,9.0,0.38
3/28/2021 13:00,12.25,0.52
3/28/2021 14:00,15.0,0.64
3/28/2021 15:00,15.75,0.67
3/28/2021 16:00,15.25,0.65
3/28/2021 17:00,14.0,0.6
3/28/2021 18:00,11.5,0.49
3/28/2021 19:00,8.0,0.34
3/28/2021 20:00,3.5,0.15
3/28/2021 21:00,0.5,0.02
3/28/2021 22:00,0.0,0.0
3/28/2021 23:00,0.0,0.0
3/29/2021 0:00,0.0,0.0
3/29/2021 1:00,0.0,0.0
3/29/2021 2:00,0.0,0.0
3/29/2021 3:00,0.0,0.0
3/29/2021 4:00,0.0,0.0
3/29/2021 5:00,0.0,0.0
3/29/2021 6:00,0.0,0.0
3/29/2021 7:00,0.0,0.0
3/29/2021 8:00,0.0,0.0
3/29/2021 9:00,1.5,0.06
3/29/2021 10:00,3.25,0.14
3/29/2021 11:00,6.75,0.29
3/29/2021 12:00,14.25,0.61
3/29/2021 13:00,15.25,0.65
3/29/2021 14:00,11.25,0.48
3/29/2021 15:00,11.0,0.47
3/29/2021 16:00,12.0,0.51
3/29/2021 17:00,8.0,0.34
3/29/2021 18:00,3.5,0.15
3/29/2021 19:00,2.0,0.09
3/29/2021 20:00,0.25,0.01
3/29/2021 21:00,0.0,0.0
3/29/2021 22:00,0.0,0.0
3/29/2021 23:00,0.0,0.0
3/30/2021 0:00,0.0,0.0
3/30/2021 1:00,0.0,0.0
3/30/2021 2:00,0.0,0.0
3/30/2021 3:00,0.0,0.0
3/30/2021 4:00,0.0,0.0
3/30/2021 5:00,0.0,0.0
3/30/2021 6:00,0.0,0.0
3/30/2021 7:00,0.0,0.0
3/30/2021 8:00,0.0,0.0
3/30/2021 9:00,0.75,0.03
3/30/2021 10:00,1.0,0.04
3/30/2021 11:00,2.0,0.09
3/30/2021 12:00,4.5,0.19
3/30/2021 13:00,4.5,0.19
3/30/2021 14:00,7.25,0.31
3/30/2021 15:00,8.0,0.34
3/30/2021 16:00,8.5,0.36
3/30/2021 17:00,6.25,0.27
3/30/2021 18:00,4.25,0.18
3/30/2021 19:00,2.0,0.09
3/30/2021 20:00,0.25,0.01
3/30/2021 21:00,0.0,0.0
3/30/2021 22:00,0.0,0.0
3/30/2021 23:00,0.0,0.0
3/31/2021 0:00,0.0,0.0
3/31/2021 1:00,0.0,0.0
3/31/2021 2:00,0.0,0.0
3/31/2021 3:00,0.0,0.0
3/31/2021 4:00,0.0,0.0
3/31/2021 5:00,0.0,0.0
3/31/2021 6:00,0.0,0.0
3/31/2021 7:00,0.0,0.0
3/31/2021 8:00,0.25,0.01
3/31/2021 9:00,2.25,0.1
3/31/2021 10:00,6.25,0.27
3/31/2021 11:00,10.75,0.46
3/31/2021 12:00,13.75,0.58
3/31/2021 13:00,15.0,0.64
3/31/2021 14:00,16.0,0.68
3/31/2021 15:00,14.75,0.63
3/31/2021 16:00,10.5,0.45
3/31/2021 17:00,8.25,0.35
3/31/2021 18:00,4.25,0.18
3/31/2021 19:00,1.75,0.07
3/31/2021 20:00,0.25,0.01
3/31/2021 21:00,0.0,0.0
3/31/2021 22:00,0.0,0.0
3/31/2021 23:00,0.0,0.0
4/1/2021 0:00,0.0,0.0
4/1/2021 1:00,0.0,0.0
4/1/2021 2:00,0.0,0.0
4/1/2021 3:00,0.0,0.0
4/1/2021 4:00,0.0,0.0
4/1/2021 5:00,0.0,0.0
4/1/2021 6:00,0.0,0.0
4/1/2021 7:00,0.0,0.0
4/1/2021 8:00,0.25,0.01
4/1/2021 9:00,1.0,0.04
4/1/2021 10:00,2.0,0.09
4/1/2021 11:00,5.75,0.24
4/1/2021 12:00,5.0,0.21
4/1/2021 13:00,8.0,0.34
4/1/2021 14:00,7.25,0.31
4/1/2021 15:00,10.0,0.43
4/1/2021 16:00,7.5,0.32
4/1/2021 17:00,11.5,0.49
4/1/2021 18:00,8.0,0.34
4/1/2021 19:00,4.0,0.17
4/1/2021 20:00,0.5,0.02
4/1/2021 21:00,0.0,0.0
4/1/2021 22:00,0.0,0.0
4/1/2021 23:00,0.0,0.0
4/2/2021 0:00,0.0,0.0
4/2/2021 1:00,0.0,0.0
4/2/2021 2:00,0.0,0.0
4/2/2021 3:00,0.0,0.0
4/2/2021 4:00,0.0,0.0
4/2/2021 5:00,0.0,0.0
4/2/2021 6:00,0.0,0.0
4/2/2021 7:00,0.0,0.0
4/2/2021 8:00,0.25,0.01
4/2/2021 9:00,2.25,0.1
4/2/2021 10:00,5.5,0.23
4/2/2021 11:00,10.0,0.43
4/2/2021 12:00,12.0,0.51
4/2/2021 13:00,12.25,0.52
4/2/2021 14:00,8.75,0.37
4/2/2021 15:00,15.0,0.64
4/2/2021 16:00,5.5,0.23
4/2/2021 17:00,3.5,0.15
4/2/2021 18:00,2.5,0.11
4/2/2021 19:00,2.75,0.12
4/2/2021 20:00,0.25,0.01
4/2/2021 21:00,0.0,0.0
4/2/2021 22:00,0.0,0.0
4/2/2021 23:00,0.0,0.0
4/3/2021 0:00,0.0,0.0
4/3/2021 1:00,0.0,0.0
4/3/2021 2:00,0.0,0.0
4/3/2021 3:00,0.0,0.0
4/3/2021 4:00,0.0,0.0
4/3/2021 5:00,0.0,0.0
4/3/2021 6:00,0.0,0.0
4/3/2021 7:00,0.0,0.0
4/3/2021 8:00,0.25,0.01
4/3/2021 9:00,1.75,0.07
4/3/2021 10:00,2.75,0.12
4/3/2021 11:00,5.25,0.22
4/3/2021 12:00,4.5,0.19
4/3/2021 13:00,7.5,0.32
4/3/2021 14:00,12.5,0.53
4/3/2021 15:00,7.25,0.31
4/3/2021 16:00,12.25,0.52
4/3/2021 17:00,13.25,0.56
4/3/2021 18:00,9.25,0.39
4/3/2021 19:00,4.25,0.18
4/3/2021 20:00,0.75,0.03
4/3/2021 21:00,0.0,0.0
4/3/2021 22:00,0.0,0.0
4/3/2021 23:00,0.0,0.0
4/4/2021 0:00,0.0,0.0
4/4/2021 1:00,0.0,0.0
4/4/2021 2:00,0.0,0.0
4/4/2021 3:00,0.0,0.0
4/4/2021 4:00,0.0,0.0
4/4/2021 5:00,0.0,0.0
4/4/2021 6:00,0.0,0.0
4/4/2021 7:00,0.0,0.0
4/4/2021 8:00,0.5,0.02
4/4/2021 9:00,2.5,0.11
4/4/2021 10:00,7.0,0.3
4/4/2021 11:00,11.25,0.48
4/4/2021 12:00,14.25,0.61
4/4/2021 13:00,16.25,0.69
4/4/2021 14:00,16.5,0.7
4/4/2021 15:00,16.5,0.7
4/4/2021 16:00,15.25,0.65
4/4/2021 17:00,13.0,0.55
4/4/2021 18:00,9.25,0.39
4/4/2021 19:00,4.75,0.2
4/4/2021 20:00,0.75,0.03
4/4/2021 21:00,0.0,0.0
4/4/2021 22:00,0.0,0.0
4/4/2021 23:00,0.0,0.0
4/5/2021 0:00,0.0,0.0
4/5/2021 1:00,0.0,0.0
4/5/2021 2:00,0.0,0.0
4/5/2021 3:00,0.0,0.0
4/5/2021 4:00,0.0,0.0
4/5/2021 5:00,0.0,0.0
4/5/2021 6:00,0.0,0.0
4/5/2021 7:00,0.0,0.0
4/5/2021 8:00,0.25,0.01
4/5/2021 9:00,3.25,0.14
4/5/2021 10:00,8.0,0.34
4/5/2021 11:00,12.25,0.52
4/5/2021 12:00,15.25,0.65
4/5/2021 13:00,17.0,0.72
4/5/2021 14:00,17.25,0.73
4/5/2021 15:00,16.75,0.71
4/5/2021 16:00,15.5,0.66
4/5/2021 17:00,13.0,0.55
4/5/2021 18:00,9.5,0.4
4/5/2021 19:00,4.75,0.2
4/5/2021 20:00,0.75,0.03
4/5/2021 21:00,0.0,0.0
4/5/2021 22:00,0.0,0.0
4/5/2021 23:00,0.0,0.0
4/6/2021 0:00,0.0,0.0
4/6/2021 1:00,0.0,0.0
4/6/2021 2:00,0.0,0.0
4/6/2021 3:00,0.0,0.0
4/6/2021 4:00,0.0,0.0
4/6/2021 5:00,0.0,0.0
4/6/2021 6:00,0.0,0.0
4/6/2021 7:00,0.0,0.0
4/6/2021 8:00,0.25,0.01
4/6/2021 9:00,3.25,0.14
4/6/2021 10:00,7.75,0.33
4/6/2021 11:00,11.75,0.5
4/6/2021 12:00,15.25,0.65
4/6/2021 13:00,14.25,0.61
4/6/2021 14:00,15.5,0.66
4/6/2021 15:00,14.25,0.61
4/6/2021 16:00,14.0,0.6
4/6/2021 17:00,13.75,0.58
4/6/2021 18:00,7.75,0.33
4/6/2021 19:00,4.75,0.2
4/6/2021 20:00,0.75,0.03
4/6/2021 21:00,0.0,0.0
4/6/2021 22:00,0.0,0.0
4/6/2021 23:00,0.0,0.0
4/7/2021 0:00,0.0,0.0
4/7/2021 1:00,0.0,0.0
4/7/2021 2:00,0.0,0.0
4/7/2021 3:00,0.0,0.0
4/7/2021 4:00,0.0,0.0
4/7/2021 5:00,0.0,0.0
4/7/2021 6:00,0.0,0.0
4/7/2021 7:00,0.0,0.0
4/7/2021 8:00,0.5,0.02
4/7/2021 9:00,3.25,0.14
4/7/2021 10:00,7.5,0.32
4/7/2021 11:00,12.25,0.52
4/7/2021 12:00,14.25,0.61
4/7/2021 13:00,13.75,0.58
4/7/2021 14:00,15.75,0.67
4/7/2021 15:00,15.0,0.64
4/7/2021 16:00,14.5,0.62
4/7/2021 17:00,13.5,0.57
4/7/2021 18:00,10.0,0.43
4/7/2021 19:00,5.25,0.22
4/7/2021 20:00,0.75,0.03
4/7/2021 21:00,0.0,0.0
4/7/2021 22:00,0.0,0.0
4/7/2021 23:00,0.0,0.0
4/8/2021 0:00,0.0,0.0
4/8/2021 1:00,0.0,0.0
4/8/2021 2:00,0.0,0.0
4/8/2021 3:00,0.0,0.0
4/8/2021 4:00,0.0,0.0
4/8/2021 5:00,0.0,0.0
4/8/2021 6:00,0.0,0.0
4/8/2021 7:00,0.0,0.0
4/8/2021 8:00,0.5,0.02
4/8/2021 9:00,2.75,0.12
4/8/2021 10:00,5.5,0.23
4/8/2021 11:00,9.5,0.4
4/8/2021 12:00,14.75,0.63
4/8/2021 13:00,16.75,0.71
4/8/2021 14:00,16.75,0.71
4/8/2021 15:00,15.25,0.65
4/8/2021 16:00,15.0,0.64
4/8/2021 17:00,9.5,0.4
4/8/2021 18:00,5.0,0.21
4/8/2021 19:00,2.25,0.1
4/8/2021 20:00,0.75,0.03
4/8/2021 21:00,0.0,0.0
4/8/2021 22:00,0.0,0.0
4/8/2021 23:00,0.0,0.0
4/9/2021 0:00,0.0,0.0
4/9/2021 1:00,0.0,0.0
4/9/2021 2:00,0.0,0.0
4/9/2021 3:00,0.0,0.0
4/9/2021 4:00,0.0,0.0
4/9/2021 5:00,0.0,0.0
4/9/2021 6:00,0.0,0.0
4/9/2021 7:00,0.0,0.0
4/9/2021 8:00,0.5,0.02
4/9/2021 9:00,3.0,0.13
4/9/2021 10:00,7.5,0.32
4/9/2021 11:00,6.5,0.28
4/9/2021 12:00,13.25,0.56
4/9/2021 13:00,11.25,0.48
4/9/2021 14:00,10.0,0.43
4/9/2021 15:00,16.0,0.68
4/9/2021 16:00,15.75,0.67
4/9/2021 17:00,13.0,0.55
4/9/2021 18:00,9.25,0.39
4/9/2021 19:00,4.5,0.19
4/9/2021 20:00,0.5,0.02
4/9/2021 21:00,0.0,0.0
4/9/2021 22:00,0.0,0.0
4/9/2021 23:00,0.0,0.0
4/10/2021 0:00,0.0,0.0
4/10/2021 1:00,0.0,0.0
4/10/2021 2:00,0.0,0.0
4/10/2021 3:00,0.0,0.0
4/10/2021 4:00,0.0,0.0
4/10/2021 5:00,0.0,0.0
4/10/2021 6:00,0.0,0.0
4/10/2021 7:00,0.0,0.0
4/10/2021 8:00,0.25,0.01
4/10/2021 9:00,0.25,0.01
4/10/2021 10:00,4.75,0.2
4/10/2021 11:00,12.75,0.54
4/10/2021 12:00,15.25,0.65
4/10/2021 13:00,14.0,0.6
4/10/2021 14:00,12.75,0.54
4/10/2021 15:00,11.0,0.47
4/10/2021 16:00,9.75,0.41
4/10/2021 17:00,5.0,0.21
4/10/2021 18:00,6.0,0.26
4/10/2021 19:00,2.25,0.1
4/10/2021 20:00,0.75,0.03
4/10/2021 21:00,0.0,0.0
4/10/2021 22:00,0.0,0.0
4/10/2021 23:00,0.0,0.0
4/11/2021 0:00,0.0,0.0
4/11/2021 1:00,0.0,0.0
4/11/2021 2:00,0.0,0.0
4/11/2021 3:00,0.0,0.0
4/11/2021 4:00,0.0,0.0
4/11/2021 5:00,0.0,0.0
4/11/2021 6:00,0.0,0.0
4/11/2021 7:00,0.0,0.0
4/11/2021 8:00,0.25,0.01
4/11/2021 9:00,3.25,0.14
4/11/2021 10:00,5.5,0.23
4/11/2021 11:00,8.5,0.36
4/11/2021 12:00,14.75,0.63
4/11/2021 13:00,13.0,0.55
4/11/2021 14:00,15.0,0.64
4/11/2021 15:00,12.75,0.54
4/11/2021 16:00,16.75,0.71
4/11/2021 17:00,14.25,0.61
4/11/2021 18:00,10.5,0.45
4/11/2021 19:00,5.5,0.23
4/11/2021 20:00,0.75,0.03
4/11/2021 21:00,0.0,0.0
4/11/2021 22:00,0.0,0.0
4/11/2021 23:00,0.0,0.0
4/12/2021 0:00,0.0,0.0
4/12/2021 1:00,0.0,0.0
4/12/2021 2:00,0.0,0.0
4/12/2021 3:00,0.0,0.0
4/12/2021 4:00,0.0,0.0
4/12/2021 5:00,0.0,0.0
4/12/2021 6:00,0.0,0.0
4/12/2021 7:00,0.0,0.0
4/12/2021 8:00,0.75,0.03
4/12/2021 9:00,3.25,0.14
4/12/2021 10:00,4.75,0.2
4/12/2021 11:00,7.0,0.3
4/12/2021 12:00,7.0,0.3
4/12/2021 13:00,5.75,0.24
4/12/2021 14:00,10.75,0.46
4/12/2021 15:00,13.5,0.57
4/12/2021 16:00,11.0,0.47
4/12/2021 17:00,5.25,0.22
4/12/2021 18:00,3.25,0.14
4/12/2021 19:00,1.5,0.06
4/12/2021 20:00,0.25,0.01
4/12/2021 21:00,0.0,0.0
4/12/2021 22:00,0.0,0.0
4/12/2021 23:00,0.0,0.0
4/13/2021 0:00,0.0,0.0
4/13/2021 1:00,0.0,0.0
4/13/2021 2:00,0.0,0.0
4/13/2021 3:00,0.0,0.0
4/13/2021 4:00,0.0,0.0
4/13/2021 5:00,0.0,0.0
4/13/2021 6:00,0.0,0.0
4/13/2021 7:00,0.0,0.0
4/13/2021 8:00,0.25,0.01
4/13/2021 9:00,0.75,0.03
4/13/2021 10:00,1.0,0.04
4/13/2021 11:00,6.0,0.26
4/13/2021 12:00,7.75,0.33
4/13/2021 13:00,9.0,0.38
4/13/2021 14:00,10.0,0.43
4/13/2021 15:00,9.75,0.41
4/13/2021 16:00,10.25,0.44
4/13/2021 17:00,10.5,0.45
4/13/2021 18:00,8.25,0.35
4/13/2021 19:00,2.5,0.11
4/13/2021 20:00,0.75,0.03
4/13/2021 21:00,0.0,0.0
4/13/2021 22:00,0.0,0.0
4/13/2021 23:00,0.0,0.0
4/14/2021 0:00,0.0,0.0
4/14/2021 1:00,0.0,0.0
4/14/2021 2:00,0.0,0.0
4/14/2021 3:00,0.0,0.0
4/14/2021 4:00,0.0,0.0
4/14/2021 5:00,0.0,0.0
4/14/2021 6:00,0.0,0.0
4/14/2021 7:00,0.0,0.0
4/14/2021 8:00,0.0,0.0
4/14/2021 9:00,1.0,0.04
4/14/2021 10:00,1.75,0.07
4/14/2021 11:00,3.5,0.15
4/14/2021 12:00,7.75,0.33
4/14/2021 13:00,4.5,0.19
4/14/2021 14:00,5.5,0.23
4/14/2021 15:00,5.5,0.23
4/14/2021 16:00,3.5,0.15
4/14/2021 17:00,1.5,0.06
4/14/2021 18:00,2.0,0.09
4/14/2021 19:00,0.25,0.01
4/14/2021 20:00,0.25,0.01
4/14/2021 21:00,0.0,0.0
4/14/2021 22:00,0.0,0.0
4/14/2021 23:00,0.0,0.0
4/15/2021 0:00,0.0,0.0
4/15/2021 1:00,0.0,0.0
4/15/2021 2:00,0.0,0.0
4/15/2021 3:00,0.0,0.0
4/15/2021 4:00,0.0,0.0
4/15/2021 5:00,0.0,0.0
4/15/2021 6:00,0.0,0.0
4/15/2021 7:00,0.0,0.0
4/15/2021 8:00,0.0,0.0
4/15/2021 9:00,0.5,0.02
4/15/2021 10:00,1.5,0.06
4/15/2021 11:00,3.25,0.14
4/15/2021 12:00,6.75,0.29
4/15/2021 13:00,8.5,0.36
4/15/2021 14:00,9.0,0.38
4/15/2021 15:00,9.5,0.4
4/15/2021 16:00,11.5,0.49
4/15/2021 17:00,4.25,0.18
4/15/2021 18:00,3.75,0.16
4/15/2021 19:00,2.0,0.09
4/15/2021 20:00,0.75,0.03
4/15/2021 21:00,0.0,0.0
4/15/2021 22:00,0.0,0.0
4/15/2021 23:00,0.0,0.0
4/16/2021 0:00,0.0,0.0
4/16/2021 1:00,0.0,0.0
4/16/2021 2:00,0.0,0.0
4/16/2021 3:00,0.0,0.0
4/16/2021 4:00,0.0,0.0
4/16/2021 5:00,0.0,0.0
4/16/2021 6:00,0.0,0.0
4/16/2021 7:00,0.0,0.0
4/16/2021 8:00,0.5,0.02
4/16/2021 9:00,4.0,0.17
4/16/2021 10:00,8.5,0.36
4/16/2021 11:00,12.75,0.54
4/16/2021 12:00,15.25,0.65
4/16/2021 13:00,17.0,0.72
4/16/2021 14:00,13.0,0.55
4/16/2021 15:00,11.25,0.48
4/16/2021 16:00,9.5,0.4
4/16/2021 17:00,14.25,0.61
4/16/2021 18:00,10.5,0.45
4/16/2021 19:00,5.5,0.23
4/16/2021 20:00,1.0,0.04
4/16/2021 21:00,0.0,0.0
4/16/2021 22:00,0.0,0.0
4/16/2021 23:00,0.0,0.0
4/17/2021 0:00,0.0,0.0
4/17/2021 1:00,0.0,0.0
4/17/2021 2:00,0.0,0.0
4/17/2021 3:00,0.0,0.0
4/17/2021 4:00,0.0,0.0
4/17/2021 5:00,0.0,0.0
4/17/2021 6:00,0.0,0.0
4/17/2021 7:00,0.0,0.0
4/17/2021 8:00,0.5,0.02
4/17/2021 9:00,4.0,0.17
4/17/2021 10:00,9.25,0.39
4/17/2021 11:00,13.0,0.55
4/17/2021 12:00,16.25,0.69
4/17/2021 13:00,17.5,0.74
4/17/2021 14:00,17.5,0.74
4/17/2021 15:00,17.0,0.72
4/17/2021 16:00,16.0,0.68
4/17/2021 17:00,11.75,0.5
4/17/2021 18:00,10.0,0.43
4/17/2021 19:00,5.75,0.24
4/17/2021 20:00,1.25,0.05
4/17/2021 21:00,0.0,0.0
4/17/2021 22:00,0.0,0.0
4/17/2021 23:00,0.0,0.0
4/18/2021 0:00,0.0,0.0
4/18/2021 1:00,0.0,0.0
4/18/2021 2:00,0.0,0.0
4/18/2021 3:00,0.0,0.0
4/18/2021 4:00,0.0,0.0
4/18/2021 5:00,0.0,0.0
4/18/2021 6:00,0.0,0.0
4/18/2021 7:00,0.0,0.0
4/18/2021 8:00,0.5,0.02
4/18/2021 9:00,3.25,0.14
4/18/2021 10:00,7.0,0.3
4/18/2021 11:00,12.75,0.54
4/18/2021 12:00,15.75,0.67
4/18/2021 13:00,16.75,0.71
4/18/2021 14:00,17.75,0.75
4/18/2021 15:00,17.5,0.74
4/18/2021 16:00,16.5,0.7
4/18/2021 17:00,14.0,0.6
4/18/2021 18:00,10.0,0.43
4/18/2021 19:00,5.0,0.21
4/18/2021 20:00,1.25,0.05
4/18/2021 21:00,0.0,0.0
4/18/2021 22:00,0.0,0.0
4/18/2021 23:00,0.0,0.0
4/19/2021 0:00,0.0,0.0
4/19/2021 1:00,0.0,0.0
4/19/2021 2:00,0.0,0.0
4/19/2021 3:00,0.0,0.0
4/19/2021 4:00,0.0,0.0
4/19/2021 5:00,0.0,0.0
4/19/2021 6:00,0.0,0.0
4/19/2021 7:00,0.0,0.0
4/19/2021 8:00,0.75,0.03
4/19/2021 9:00,3.75,0.16
4/19/2021 10:00,8.5,0.36
4/19/2021 11:00,12.25,0.52
4/19/2021 12:00,16.0,0.68
4/19/2021 13:00,17.75,0.75
4/19/2021 14:00,18.75,0.8
4/19/2021 15:00,18.75,0.8
4/19/2021 16:00,16.75,0.71
4/19/2021 17:00,12.5,0.53
4/19/2021 18:00,8.5,0.36
4/19/2021 19:00,4.25,0.18
4/19/2021 20:00,1.5,0.06
4/19/2021 21:00,0.25,0.01
4/19/2021 22:00,0.0,0.0
4/19/2021 23:00,0.0,0.0
4/20/2021 0:00,0.0,0.0
4/20/2021 1:00,0.0,0.0
4/20/2021 2:00,0.0,0.0
4/20/2021 3:00,0.0,0.0
4/20/2021 4:00,0.0,0.0
4/20/2021 5:00,0.0,0.0
4/20/2021 6:00,0.0,0.0
4/20/2021 7:00,0.0,0.0
4/20/2021 8:00,0.5,0.02
4/20/2021 9:00,2.75,0.12
4/20/2021 10:00,3.75,0.16
4/20/2021 11:00,8.75,0.37
4/20/2021 12:00,8.5,0.36
4/20/2021 13:00,12.25,0.52
4/20/2021 14:00,15.0,0.64
4/20/2021 15:00,14.0,0.6
4/20/2021 16:00,13.0,0.55
4/20/2021 17:00,13.5,0.57
4/20/2021 18:00,10.25,0.44
4/20/2021 19:00,4.25,0.18
4/20/2021 20:00,1.25,0.05
4/20/2021 21:00,0.0,0.0
4/20/2021 22:00,0.0,0.0
4/20/2021 23:00,0.0,0.0
4/21/2021 0:00,0.0,0.0
4/21/2021 1:00,0.0,0.0
4/21/2021 2:00,0.0,0.0
4/21/2021 3:00,0.0,0.0
4/21/2021 4:00,0.0,0.0
4/21/2021 5:00,0.0,0.0
4/21/2021 6:00,0.0,0.0
4/21/2021 7:00,0.0,0.0
4/21/2021 8:00,0.5,0.02
4/21/2021 9:00,2.75,0.12
4/21/2021 10:00,7.25,0.31
4/21/2021 11:00,10.75,0.46
4/21/2021 12:00,7.75,0.33
4/21/2021 13:00,8.0,0.34
4/21/2021 14:00,7.0,0.3
4/21/2021 15:00,4.5,0.19
4/21/2021 16:00,2.75,0.12
4/21/2021 17:00,1.75,0.07
4/21/2021 18:00,1.75,0.07
4/21/2021 19:00,0.75,0.03
4/21/2021 20:00,1.0,0.04
4/21/2021 21:00,0.0,0.0
4/21/2021 22:00,0.0,0.0
4/21/2021 23:00,0.0,0.0
4/22/2021 0:00,0.0,0.0
4/22/2021 1:00,0.0,0.0
4/22/2021 2:00,0.0,0.0
4/22/2021 3:00,0.0,0.0
4/22/2021 4:00,0.0,0.0
4/22/2021 5:00,0.0,0.0
4/22/2021 6:00,0.0,0.0
4/22/2021 7:00,0.0,0.0
4/22/2021 8:00,0.75,0.03
4/22/2021 9:00,4.5,0.19
4/22/2021 10:00,9.0,0.38
4/22/2021 11:00,12.75,0.54
4/22/2021 12:00,14.25,0.61
4/22/2021 13:00,11.25,0.48
4/22/2021 14:00,14.25,0.61
4/22/2021 15:00,16.75,0.71
4/22/2021 16:00,14.0,0.6
4/22/2021 17:00,11.0,0.47
4/22/2021 18:00,9.25,0.39
4/22/2021 19:00,3.25,0.14
4/22/2021 20:00,1.0,0.04
4/22/2021 21:00,0.25,0.01
4/22/2021 22:00,0.0,0.0
4/22/2021 23:00,0.0,0.0
4/23/2021 0:00,0.0,0.0
4/23/2021 1:00,0.0,0.0
4/23/2021 2:00,0.0,0.0
4/23/2021 3:00,0.0,0.0
4/23/2021 4:00,0.0,0.0
4/23/2021 5:00,0.0,0.0
4/23/2021 6:00,0.0,0.0
4/23/2021 7:00,0.0,0.0
4/23/2021 8:00,0.25,0.01
4/23/2021 9:00,1.75,0.07
4/23/2021 10:00,3.0,0.13
4/23/2021 11:00,8.75,0.37
4/23/2021 12:00,4.75,0.2
4/23/2021 13:00,2.25,0.1
4/23/2021 14:00,4.25,0.18
4/23/2021 15:00,6.0,0.26
4/23/2021 16:00,3.5,0.15
4/23/2021 17:00,2.0,0.09
4/23/2021 18:00,1.0,0.04
4/23/2021 19:00,0.5,0.02
4/23/2021 20:00,1.25,0.05
4/23/2021 21:00,0.25,0.01
4/23/2021 22:00,0.0,0.0
4/23/2021 23:00,0.0,0.0
4/24/2021 0:00,0.0,0.0
4/24/2021 1:00,0.0,0.0
4/24/2021 2:00,0.0,0.0
4/24/2021 3:00,0.0,0.0
4/24/2021 4:00,0.0,0.0
4/24/2021 5:00,0.0,0.0
4/24/2021 6:00,0.0,0.0
4/24/2021 7:00,0.0,0.0
4/24/2021 8:00,0.25,0.01
4/24/2021 9:00,1.25,0.05
4/24/2021 10:00,2.75,0.12
4/24/2021 11:00,6.5,0.28
4/24/2021 12:00,11.25,0.48
4/24/2021 13:00,9.5,0.4
4/24/2021 14:00,14.25,0.61
4/24/2021 15:00,16.0,0.68
4/24/2021 16:00,15.5,0.66
4/24/2021 17:00,9.0,0.38
4/24/2021 18:00,4.5,0.19
4/24/2021 19:00,3.75,0.16
4/24/2021 20:00,1.5,0.06
4/24/2021 21:00,0.0,0.0
4/24/2021 22:00,0.0,0.0
4/24/2021 23:00,0.0,0.0
4/25/2021 0:00,0.0,0.0
4/25/2021 1:00,0.0,0.0
4/25/2021 2:00,0.0,0.0
4/25/2021 3:00,0.0,0.0
4/25/2021 4:00,0.0,0.0
4/25/2021 5:00,0.0,0.0
4/25/2021 6:00,0.0,0.0
4/25/2021 7:00,0.0,0.0
4/25/2021 8:00,0.75,0.03
4/25/2021 9:00,4.25,0.18
4/25/2021 10:00,9.0,0.38
4/25/2021 11:00,9.75,0.41
4/25/2021 12:00,14.25,0.61
4/25/2021 13:00,11.0,0.47
4/25/2021 14:00,13.75,0.58
4/25/2021 15:00,11.5,0.49
4/25/2021 16:00,13.5,0.57
4/25/2021 17:00,14.5,0.62
4/25/2021 18:00,11.0,0.47
4/25/2021 19:00,5.75,0.24
4/25/2021 20:00,1.5,0.06
4/25/2021 21:00,0.0,0.0
4/25/2021 22:00,0.0,0.0
4/25/2021 23:00,0.0,0.0
4/26/2021 0:00,0.0,0.0
4/26/2021 1:00,0.0,0.0
4/26/2021 2:00,0.0,0.0
4/26/2021 3:00,0.0,0.0
4/26/2021 4:00,0.0,0.0
4/26/2021 5:00,0.0,0.0
4/26/2021 6:00,0.0,0.0
4/26/2021 7:00,0.0,0.0
4/26/2021 8:00,0.75,0.03
4/26/2021 9:00,2.0,0.09
4/26/2021 10:00,4.0,0.17
4/26/2021 11:00,7.25,0.31
4/26/2021 12:00,12.5,0.53
4/26/2021 13:00,13.25,0.56
4/26/2021 14:00,11.75,0.5
4/26/2021 15:00,1.0,0.04
4/26/2021 16:00,2.0,0.09
4/26/2021 17:00,7.0,0.3
4/26/2021 18:00,5.5,0.23
4/26/2021 19:00,6.25,0.27
4/26/2021 20:00,2.0,0.09
4/26/2021 21:00,0.0,0.0
4/26/2021 22:00,0.0,0.0
4/26/2021 23:00,0.0,0.0
4/27/2021 0:00,0.0,0.0
4/27/2021 1:00,0.0,0.0
4/27/2021 2:00,0.0,0.0
4/27/2021 3:00,0.0,0.0
4/27/2021 4:00,0.0,0.0
4/27/2021 5:00,0.0,0.0
4/27/2021 6:00,0.0,0.0
4/27/2021 7:00,0.0,0.0
4/27/2021 8:00,0.75,0.03
4/27/2021 9:00,2.25,0.1
4/27/2021 10:00,9.75,0.41
4/27/2021 11:00,8.75,0.37
4/27/2021 12:00,12.25,0.52
4/27/2021 13:00,9.5,0.4
4/27/2021 14:00,7.5,0.32
4/27/2021 15:00,13.5,0.57
4/27/2021 16:00,16.5,0.7
4/27/2021 17:00,9.75,0.41
4/27/2021 18:00,10.5,0.45
4/27/2021 19:00,5.75,0.24
4/27/2021 20:00,1.75,0.07
4/27/2021 21:00,0.0,0.0
4/27/2021 22:00,0.0,0.0
4/27/2021 23:00,0.0,0.0
4/28/2021 0:00,0.0,0.0
4/28/2021 1:00,0.0,0.0
4/28/2021 2:00,0.0,0.0
4/28/2021 3:00,0.0,0.0
4/28/2021 4:00,0.0,0.0
4/28/2021 5:00,0.0,0.0
4/28/2021 6:00,0.0,0.0
4/28/2021 7:00,0.0,0.0
4/28/2021 8:00,1.0,0.04
4/28/2021 9:00,2.0,0.09
4/28/2021 10:00,5.0,0.21
4/28/2021 11:00,8.75,0.37
4/28/2021 12:00,9.0,0.38
4/28/2021 13:00,12.25,0.52
4/28/2021 14:00,13.75,0.58
4/28/2021 15:00,6.75,0.29
4/28/2021 16:00,7.75,0.33
4/28/2021 17:00,9.0,0.38
4/28/2021 18:00,3.75,0.16
4/28/2021 19:00,4.5,0.19
4/28/2021 20:00,2.25,0.1
4/28/2021 21:00,0.0,0.0
4/28/2021 22:00,0.0,0.0
4/28/2021 23:00,0.0,0.0
4/29/2021 0:00,0.0,0.0
4/29/2021 1:00,0.0,0.0
4/29/2021 2:00,0.0,0.0
4/29/2021 3:00,0.0,0.0
4/29/2021 4:00,0.0,0.0
4/29/2021 5:00,0.0,0.0
4/29/2021 6:00,0.0,0.0
4/29/2021 7:00,0.25,0.01
4/29/2021 8:00,1.0,0.04
4/29/2021 9:00,5.0,0.21
4/29/2021 10:00,9.0,0.38
4/29/2021 11:00,9.75,0.41
4/29/2021 12:00,10.75,0.46
4/29/2021 13:00,13.75,0.58
4/29/2021 14:00,17.25,0.73
4/29/2021 15:00,19.5,0.83
4/29/2021 16:00,15.25,0.65
4/29/2021 17:00,6.5,0.28
4/29/2021 18:00,8.5,0.36
4/29/2021 19:00,4.0,0.17
4/29/2021 20:00,1.75,0.07
4/29/2021 21:00,0.25,0.01
4/29/2021 22:00,0.0,0.0
4/29/2021 23:00,0.0,0.0
4/30/2021 0:00,0.0,0.0
4/30/2021 1:00,0.0,0.0
4/30/2021 2:00,0.0,0.0
4/30/2021 3:00,0.0,0.0
4/30/2021 4:00,0.0,0.0
4/30/2021 5:00,0.0,0.0
4/30/2021 6:00,0.0,0.0
4/30/2021 7:00,0.0,0.0
4/30/2021 8:00,1.0,0.04
4/30/2021 9:00,5.25,0.22
4/30/2021 10:00,10.0,0.43
4/30/2021 11:00,13.5,0.57
4/30/2021 12:00,7.75,0.33
4/30/2021 13:00,9.5,0.4
4/30/2021 14:00,16.0,0.68
4/30/2021 15:00,13.0,0.55
4/30/2021 16:00,14.0,0.6
4/30/2021 17:00,13.5,0.57
4/30/2021 18:00,10.0,0.43
4/30/2021 19:00,6.75,0.29
4/30/2021 20:00,0.75,0.03
4/30/2021 21:00,0.0,0.0
4/30/2021 22:00,0.0,0.0
4/30/2021 23:00,0.0,0.0
5/1/2021 0:00,0.0,0.0
5/1/2021 1:00,0.0,0.0
5/1/2021 2:00,0.0,0.0
5/1/2021 3:00,0.0,0.0
5/1/2021 4:00,0.0,0.0
5/1/2021 5:00,0.0,0.0
5/1/2021 6:00,0.0,0.0
5/1/2021 7:00,0.0,0.0
5/1/2021 8:00,1.25,0.05
5/1/2021 9:00,4.75,0.2
5/1/2021 10:00,5.25,0.22
5/1/2021 11:00,14.0,0.6
5/1/2021 12:00,14.5,0.62
5/1/2021 13:00,12.0,0.51
5/1/2021 14:00,11.75,0.5
5/1/2021 15:00,15.5,0.66
5/1/2021 16:00,14.0,0.6
5/1/2021 17:00,15.5,0.66
5/1/2021 18:00,10.5,0.45
5/1/2021 19:00,6.75,0.29
5/1/2021 20:00,1.75,0.07
5/1/2021 21:00,0.0,0.0
5/1/2021 22:00,0.0,0.0
5/1/2021 23:00,0.0,0.0
5/2/2021 0:00,0.0,0.0
5/2/2021 1:00,0.0,0.0
5/2/2021 2:00,0.0,0.0
5/2/2021 3:00,0.0,0.0
5/2/2021 4:00,0.0,0.0
5/2/2021 5:00,0.0,0.0
5/2/2021 6:00,0.0,0.0
5/2/2021 7:00,0.0,0.0
5/2/2021 8:00,1.25,0.05
5/2/2021 9:00,5.5,0.23
5/2/2021 10:00,9.25,0.39
5/2/2021 11:00,13.25,0.56
5/2/2021 12:00,13.0,0.55
5/2/2021 13:00,14.5,0.62
5/2/2021 14:00,12.5,0.53
5/2/2021 15:00,15.0,0.64
5/2/2021 16:00,13.75,0.58
5/2/2021 17:00,11.0,0.47
5/2/2021 18:00,9.25,0.39
5/2/2021 19:00,4.75,0.2
5/2/2021 20:00,2.0,0.09
5/2/2021 21:00,0.0,0.0
5/2/2021 22:00,0.0,0.0
5/2/2021 23:00,0.0,0.0
5/3/2021 0:00,0.0,0.0
5/3/2021 1:00,0.0,0.0
5/3/2021 2:00,0.0,0.0
5/3/2021 3:00,0.0,0.0
5/3/2021 4:00,0.0,0.0
5/3/2021 5:00,0.0,0.0
5/3/2021 6:00,0.0,0.0
5/3/2021 7:00,0.25,0.01
5/3/2021 8:00,1.0,0.04
5/3/2021 9:00,5.25,0.22
5/3/2021 10:00,10.0,0.43
5/3/2021 11:00,14.0,0.6
5/3/2021 12:00,16.75,0.71
5/3/2021 13:00,18.0,0.77
5/3/2021 14:00,18.25,0.78
5/3/2021 15:00,18.25,0.78
5/3/2021 16:00,16.5,0.7
5/3/2021 17:00,13.75,0.58
5/3/2021 18:00,11.0,0.47
5/3/2021 19:00,6.25,0.27
5/3/2021 20:00,1.5,0.06
5/3/2021 21:00,0.25,0.01
5/3/2021 22:00,0.0,0.0
5/3/2021 23:00,0.0,0.0
5/4/2021 0:00,0.0,0.0
5/4/2021 1:00,0.0,0.0
5/4/2021 2:00,0.0,0.0
5/4/2021 3:00,0.0,0.0
5/4/2021 4:00,0.0,0.0
5/4/2021 5:00,0.0,0.0
5/4/2021 6:00,0.0,0.0
5/4/2021 7:00,0.0,0.0
5/4/2021 8:00,1.25,0.05
5/4/2021 9:00,5.25,0.22
5/4/2021 10:00,10.0,0.43
5/4/2021 11:00,14.0,0.6
5/4/2021 12:00,16.5,0.7
5/4/2021 13:00,18.0,0.77
5/4/2021 14:00,18.5,0.79
5/4/2021 15:00,17.75,0.75
5/4/2021 16:00,16.75,0.71
5/4/2021 17:00,14.75,0.63
5/4/2021 18:00,11.25,0.48
5/4/2021 19:00,6.75,0.29
5/4/2021 20:00,1.5,0.06
5/4/2021 21:00,0.25,0.01
5/4/2021 22:00,0.0,0.0
5/4/2021 23:00,0.0,0.0
5/5/2021 0:00,0.0,0.0
5/5/2021 1:00,0.0,0.0
5/5/2021 2:00,0.0,0.0
5/5/2021 3:00,0.0,0.0
5/5/2021 4:00,0.0,0.0
5/5/2021 5:00,0.0,0.0
5/5/2021 6:00,0.0,0.0
5/5/2021 7:00,0.0,0.0
5/5/2021 8:00,1.25,0.05
5/5/2021 9:00,5.25,0.22
5/5/2021 10:00,10.5,0.45
5/5/2021 11:00,14.0,0.6
5/5/2021 12:00,16.75,0.71
5/5/2021 13:00,18.25,0.78
5/5/2021 14:00,18.5,0.79
5/5/2021 15:00,18.5,0.79
5/5/2021 16:00,17.25,0.73
5/5/2021 17:00,14.75,0.63
5/5/2021 18:00,11.25,0.48
5/5/2021 19:00,6.75,0.29
5/5/2021 20:00,1.5,0.06
5/5/2021 21:00,0.25,0.01
5/5/2021 22:00,0.0,0.0
5/5/2021 23:00,0.0,0.0
5/6/2021 0:00,0.0,0.0
5/6/2021 1:00,0.0,0.0
5/6/2021 2:00,0.0,0.0
5/6/2021 3:00,0.0,0.0
5/6/2021 4:00,0.0,0.0
5/6/2021 5:00,0.0,0.0
5/6/2021 6:00,0.0,0.0
5/6/2021 7:00,0.0,0.0
5/6/2021 8:00,1.75,0.07
5/6/2021 9:00,3.5,0.15
5/6/2021 10:00,8.0,0.34
5/6/2021 11:00,12.0,0.51
5/6/2021 12:00,15.5,0.66
5/6/2021 13:00,18.25,0.78
5/6/2021 14:00,18.5,0.79
5/6/2021 15:00,16.0,0.68
5/6/2021 16:00,17.0,0.72
5/6/2021 17:00,14.75,0.63
5/6/2021 18:00,11.5,0.49
5/6/2021 19:00,6.75,0.29
5/6/2021 20:00,1.75,0.07
5/6/2021 21:00,0.0,0.0
5/6/2021 22:00,0.0,0.0
5/6/2021 23:00,0.0,0.0
5/7/2021 0:00,0.0,0.0
5/7/2021 1:00,0.0,0.0
5/7/2021 2:00,0.0,0.0
5/7/2021 3:00,0.0,0.0
5/7/2021 4:00,0.0,0.0
5/7/2021 5:00,0.0,0.0
5/7/2021 6:00,0.0,0.0
5/7/2021 7:00,0.0,0.0
5/7/2021 8:00,1.25,0.05
5/7/2021 9:00,5.5,0.23
5/7/2021 10:00,9.5,0.4
5/7/2021 11:00,14.25,0.61
5/7/2021 12:00,16.75,0.71
5/7/2021 13:00,17.75,0.75
5/7/2021 14:00,18.0,0.77
5/7/2021 15:00,17.75,0.75
5/7/2021 16:00,15.75,0.67
5/7/2021 17:00,13.5,0.57
5/7/2021 18:00,10.25,0.44
5/7/2021 19:00,4.75,0.2
5/7/2021 20:00,1.75,0.07
5/7/2021 21:00,0.0,0.0
5/7/2021 22:00,0.0,0.0
5/7/2021 23:00,0.0,0.0
5/8/2021 0:00,0.0,0.0
5/8/2021 1:00,0.0,0.0
5/8/2021 2:00,0.0,0.0
5/8/2021 3:00,0.0,0.0
5/8/2021 4:00,0.0,0.0
5/8/2021 5:00,0.0,0.0
5/8/2021 6:00,0.0,0.0
5/8/2021 7:00,0.25,0.01
5/8/2021 8:00,1.0,0.04
5/8/2021 9:00,5.75,0.24
5/8/2021 10:00,8.75,0.37
5/8/2021 11:00,13.0,0.55
5/8/2021 12:00,15.75,0.67
5/8/2021 13:00,18.25,0.78
5/8/2021 14:00,18.5,0.79
5/8/2021 15:00,18.25,0.78
5/8/2021 16:00,17.0,0.72
5/8/2021 17:00,15.0,0.64
5/8/2021 18:00,11.5,0.49
5/8/2021 19:00,6.75,0.29
5/8/2021 20:00,1.75,0.07
5/8/2021 21:00,0.25,0.01
5/8/2021 22:00,0.0,0.0
5/8/2021 23:00,0.0,0.0
5/9/2021 0:00,0.0,0.0
5/9/2021 1:00,0.0,0.0
5/9/2021 2:00,0.0,0.0
5/9/2021 3:00,0.0,0.0
5/9/2021 4:00,0.0,0.0
5/9/2021 5:00,0.0,0.0
5/9/2021 6:00,0.0,0.0
5/9/2021 7:00,0.0,0.0
5/9/2021 8:00,0.0,0.0
5/9/2021 9:00,3.0,0.13
5/9/2021 10:00,7.5,0.32
5/9/2021 11:00,14.0,0.6
5/9/2021 12:00,13.25,0.56
5/9/2021 13:00,13.25,0.56
5/9/2021 14:00,14.5,0.62
5/9/2021 15:00,13.75,0.58
5/9/2021 16:00,17.5,0.74
5/9/2021 17:00,12.75,0.54
5/9/2021 18:00,12.0,0.51
5/9/2021 19:00,6.5,0.28
5/9/2021 20:00,2.0,0.09
5/9/2021 21:00,0.0,0.0
5/9/2021 22:00,0.0,0.0
5/9/2021 23:00,0.0,0.0
5/10/2021 0:00,0.0,0.0
5/10/2021 1:00,0.0,0.0
5/10/2021 2:00,0.0,0.0
5/10/2021 3:00,0.0,0.0
5/10/2021 4:00,0.0,0.0
5/10/2021 5:00,0.0,0.0
5/10/2021 6:00,0.0,0.0
5/10/2021 7:00,0.25,0.01
5/10/2021 8:00,1.0,0.04
5/10/2021 9:00,5.0,0.21
5/10/2021 10:00,7.0,0.3
5/10/2021 11:00,11.25,0.48
5/10/2021 12:00,10.5,0.45
5/10/2021 13:00,13.75,0.58
5/10/2021 14:00,7.0,0.3
5/10/2021 15:00,13.5,0.57
5/10/2021 16:00,14.0,0.6
5/10/2021 17:00,13.5,0.57
5/10/2021 18:00,10.25,0.44
5/10/2021 19:00,6.75,0.29
5/10/2021 20:00,1.5,0.06
5/10/2021 21:00,0.0,0.0
5/10/2021 22:00,0.0,0.0
5/10/2021 23:00,0.0,0.0
5/11/2021 0:00,0.0,0.0
5/11/2021 1:00,0.0,0.0
5/11/2021 2:00,0.0,0.0
5/11/2021 3:00,0.0,0.0
5/11/2021 4:00,0.0,0.0
5/11/2021 5:00,0.0,0.0
5/11/2021 6:00,0.0,0.0
5/11/2021 7:00,0.25,0.01
5/11/2021 8:00,1.5,0.06
5/11/2021 9:00,5.5,0.23
5/11/2021 10:00,9.75,0.41
5/11/2021 11:00,8.5,0.36
5/11/2021 12:00,7.75,0.33
5/11/2021 13:00,11.5,0.49
5/11/2021 14:00,13.0,0.55
5/11/2021 15:00,19.25,0.82
5/11/2021 16:00,16.5,0.7
5/11/2021 17:00,14.75,0.63
5/11/2021 18:00,8.75,0.37
5/11/2021 19:00,6.75,0.29
5/11/2021 20:00,1.75,0.07
5/11/2021 21:00,0.25,0.01
5/11/2021 22:00,0.0,0.0
5/11/2021 23:00,0.0,0.0
5/12/2021 0:00,0.0,0.0
5/12/2021 1:00,0.0,0.0
5/12/2021 2:00,0.0,0.0
5/12/2021 3:00,0.0,0.0
5/12/2021 4:00,0.0,0.0
5/12/2021 5:00,0.0,0.0
5/12/2021 6:00,0.0,0.0
5/12/2021 7:00,0.0,0.0
5/12/2021 8:00,1.5,0.06
5/12/2021 9:00,5.5,0.23
5/12/2021 10:00,10.5,0.45
5/12/2021 11:00,12.0,0.51
5/12/2021 12:00,16.0,0.68
5/12/2021 13:00,17.0,0.72
5/12/2021 14:00,12.25,0.52
5/12/2021 15:00,12.25,0.52
5/12/2021 16:00,12.75,0.54
5/12/2021 17:00,14.0,0.6
5/12/2021 18:00,11.0,0.47
5/12/2021 19:00,6.75,0.29
5/12/2021 20:00,1.25,0.05
5/12/2021 21:00,0.25,0.01
5/12/2021 22:00,0.0,0.0
5/12/2021 23:00,0.0,0.0
5/13/2021 0:00,0.0,0.0
5/13/2021 1:00,0.0,0.0
5/13/2021 2:00,0.0,0.0
5/13/2021 3:00,0.0,0.0
5/13/2021 4:00,0.0,0.0
5/13/2021 5:00,0.0,0.0
5/13/2021 6:00,0.0,0.0
5/13/2021 7:00,0.25,0.01
5/13/2021 8:00,1.5,0.06
5/13/2021 9:00,4.0,0.17
5/13/2021 10:00,5.75,0.24
5/13/2021 11:00,8.0,0.34
5/13/2021 12:00,9.75,0.41
5/13/2021 13:00,4.75,0.2
5/13/2021 14:00,4.25,0.18
5/13/2021 15:00,5.75,0.24
5/13/2021 16:00,8.75,0.37
5/13/2021 17:00,5.0,0.21
5/13/2021 18:00,2.5,0.11
5/13/2021 19:00,3.75,0.16
5/13/2021 20:00,1.75,0.07
5/13/2021 21:00,0.25,0.01
5/13/2021 22:00,0.0,0.0
5/13/2021 23:00,0.0,0.0
5/14/2021 0:00,0.0,0.0
5/14/2021 1:00,0.0,0.0
5/14/2021 2:00,0.0,0.0
5/14/2021 3:00,0.0,0.0
5/14/2021 4:00,0.0,0.0
5/14/2021 5:00,0.0,0.0
5/14/2021 6:00,0.0,0.0
5/14/2021 7:00,0.25,0.01
5/14/2021 8:00,1.25,0.05
5/14/2021 9:00,4.25,0.18
5/14/2021 10:00,5.0,0.21
5/14/2021 11:00,6.75,0.29
5/14/2021 12:00,11.0,0.47
5/14/2021 13:00,16.75,0.71
5/14/2021 14:00,18.25,0.78
5/14/2021 15:00,17.5,0.74
5/14/2021 16:00,13.75,0.58
5/14/2021 17:00,10.75,0.46
5/14/2021 18:00,9.5,0.4
5/14/2021 19:00,7.25,0.31
5/14/2021 20:00,1.5,0.06
5/14/2021 21:00,0.5,0.02
5/14/2021 22:00,0.0,0.0
5/14/2021 23:00,0.0,0.0
5/15/2021 0:00,0.0,0.0
5/15/2021 1:00,0.0,0.0
5/15/2021 2:00,0.0,0.0
5/15/2021 3:00,0.0,0.0
5/15/2021 4:00,0.0,0.0
5/15/2021 5:00,0.0,0.0
5/15/2021 6:00,0.0,0.0
5/15/2021 7:00,0.0,0.0
5/15/2021 8:00,1.75,0.07
5/15/2021 9:00,4.0,0.17
5/15/2021 10:00,5.75,0.24
5/15/2021 11:00,8.0,0.34
5/15/2021 12:00,11.75,0.5
5/15/2021 13:00,13.25,0.56
5/15/2021 14:00,13.5,0.57
5/15/2021 15:00,13.75,0.58
5/15/2021 16:00,14.5,0.62
5/15/2021 17:00,14.75,0.63
5/15/2021 18:00,11.0,0.47
5/15/2021 19:00,7.0,0.3
5/15/2021 20:00,1.25,0.05
5/15/2021 21:00,0.25,0.01
5/15/2021 22:00,0.0,0.0
5/15/2021 23:00,0.0,0.0
5/16/2021 0:00,0.0,0.0
5/16/2021 1:00,0.0,0.0
5/16/2021 2:00,0.0,0.0
5/16/2021 3:00,0.0,0.0
5/16/2021 4:00,0.0,0.0
5/16/2021 5:00,0.0,0.0
5/16/2021 6:00,0.0,0.0
5/16/2021 7:00,0.0,0.0
5/16/2021 8:00,1.75,0.07
5/16/2021 9:00,2.75,0.12
5/16/2021 10:00,5.25,0.22
5/16/2021 11:00,9.0,0.38
5/16/2021 12:00,5.25,0.22
5/16/2021 13:00,7.75,0.33
5/16/2021 14:00,9.75,0.41
5/16/2021 15:00,6.75,0.29
5/16/2021 16:00,7.25,0.31
5/16/2021 17:00,7.5,0.32
5/16/2021 18:00,4.0,0.17
5/16/2021 19:00,2.5,0.11
5/16/2021 20:00,1.25,0.05
5/16/2021 21:00,0.25,0.01
5/16/2021 22:00,0.0,0.0
5/16/2021 23:00,0.0,0.0
5/17/2021 0:00,0.0,0.0
5/17/2021 1:00,0.0,0.0
5/17/2021 2:00,0.0,0.0
5/17/2021 3:00,0.0,0.0
5/17/2021 4:00,0.0,0.0
5/17/2021 5:00,0.0,0.0
5/17/2021 6:00,0.0,0.0
5/17/2021 7:00,0.0,0.0
5/17/2021 8:00,1.5,0.06
5/17/2021 9:00,3.75,0.16
5/17/2021 10:00,9.75,0.41
5/17/2021 11:00,14.25,0.61
5/17/2021 12:00,16.5,0.7
5/17/2021 13:00,17.0,0.72
5/17/2021 14:00,18.25,0.78
5/17/2021 15:00,17.5,0.74
5/17/2021 16:00,16.0,0.68
5/17/2021 17:00,14.0,0.6
5/17/2021 18:00,9.75,0.41
5/17/2021 19:00,7.0,0.3
5/17/2021 20:00,1.25,0.05
5/17/2021 21:00,0.25,0.01
5/17/2021 22:00,0.0,0.0
5/17/2021 23:00,0.0,0.0
5/18/2021 0:00,0.0,0.0
5/18/2021 1:00,0.0,0.0
5/18/2021 2:00,0.0,0.0
5/18/2021 3:00,0.0,0.0
5/18/2021 4:00,0.0,0.0
5/18/2021 5:00,0.0,0.0
5/18/2021 6:00,0.0,0.0
5/18/2021 7:00,0.0,0.0
5/18/2021 8:00,1.0,0.04
5/18/2021 9:00,2.5,0.11
5/18/2021 10:00,3.75,0.16
5/18/2021 11:00,7.25,0.31
5/18/2021 12:00,12.75,0.54
5/18/2021 13:00,13.5,0.57
5/18/2021 14:00,12.0,0.51
5/18/2021 15:00,9.0,0.38
5/18/2021 16:00,13.25,0.56
5/18/2021 17:00,11.75,0.5
5/18/2021 18:00,9.0,0.38
5/18/2021 19:00,3.5,0.15
5/18/2021 20:00,1.25,0.05
5/18/2021 21:00,0.5,0.02
5/18/2021 22:00,0.0,0.0
5/18/2021 23:00,0.0,0.0
5/19/2021 0:00,0.0,0.0
5/19/2021 1:00,0.0,0.0
5/19/2021 2:00,0.0,0.0
5/19/2021 3:00,0.0,0.0
5/19/2021 4:00,0.0,0.0
5/19/2021 5:00,0.0,0.0
5/19/2021 6:00,0.0,0.0
5/19/2021 7:00,0.0,0.0
5/19/2021 8:00,1.75,0.07
5/19/2021 9:00,5.5,0.23
5/19/2021 10:00,9.5,0.4
5/19/2021 11:00,13.0,0.55
5/19/2021 12:00,16.5,0.7
5/19/2021 13:00,17.75,0.75
5/19/2021 14:00,18.5,0.79
5/19/2021 15:00,18.0,0.77
5/19/2021 16:00,16.75,0.71
5/19/2021 17:00,14.25,0.61
5/19/2021 18:00,11.75,0.5
5/19/2021 19:00,7.5,0.32
5/19/2021 20:00,1.25,0.05
5/19/2021 21:00,0.25,0.01
5/19/2021 22:00,0.0,0.0
5/19/2021 23:00,0.0,0.0
5/20/2021 0:00,0.0,0.0
5/20/2021 1:00,0.0,0.0
5/20/2021 2:00,0.0,0.0
5/20/2021 3:00,0.0,0.0
5/20/2021 4:00,0.0,0.0
5/20/2021 5:00,0.0,0.0
5/20/2021 6:00,0.0,0.0
5/20/2021 7:00,0.25,0.01
5/20/2021 8:00,1.5,0.06
5/20/2021 9:00,5.75,0.24
5/20/2021 10:00,10.25,0.44
5/20/2021 11:00,14.0,0.6
5/20/2021 12:00,16.25,0.69
5/20/2021 13:00,17.5,0.74
5/20/2021 14:00,17.25,0.73
5/20/2021 15:00,16.25,0.69
5/20/2021 16:00,14.75,0.63
5/20/2021 17:00,13.5,0.57
5/20/2021 18:00,10.5,0.45
5/20/2021 19:00,6.75,0.29
5/20/2021 20:00,1.25,0.05
5/20/2021 21:00,0.0,0.0
5/20/2021 22:00,0.0,0.0
5/20/2021 23:00,0.0,0.0
5/21/2021 0:00,0.0,0.0
5/21/2021 1:00,0.0,0.0
5/21/2021 2:00,0.0,0.0
5/21/2021 3:00,0.0,0.0
5/21/2021 4:00,0.0,0.0
5/21/2021 5:00,0.0,0.0
5/21/2021 6:00,0.0,0.0
5/21/2021 7:00,0.25,0.01
5/21/2021 8:00,1.75,0.07
5/21/2021 9:00,5.75,0.24
5/21/2021 10:00,10.0,0.43
5/21/2021 11:00,13.5,0.57
5/21/2021 12:00,15.75,0.67
5/21/2021 13:00,18.25,0.78
5/21/2021 14:00,16.0,0.68
5/21/2021 15:00,15.25,0.65
5/21/2021 16:00,13.75,0.58
5/21/2021 17:00,14.25,0.61
5/21/2021 18:00,11.0,0.47
5/21/2021 19:00,6.5,0.28
5/21/2021 20:00,1.25,0.05
5/21/2021 21:00,0.25,0.01
5/21/2021 22:00,0.0,0.0
5/21/2021 23:00,0.0,0.0
5/22/2021 0:00,0.0,0.0
5/22/2021 1:00,0.0,0.0
5/22/2021 2:00,0.0,0.0
5/22/2021 3:00,0.0,0.0
5/22/2021 4:00,0.0,0.0
5/22/2021 5:00,0.0,0.0
5/22/2021 6:00,0.0,0.0
5/22/2021 7:00,0.25,0.01
5/22/2021 8:00,1.5,0.06
5/22/2021 9:00,3.75,0.16
5/22/2021 10:00,8.0,0.34
5/22/2021 11:00,9.25,0.39
5/22/2021 12:00,11.5,0.49
5/22/2021 13:00,14.5,0.62
5/22/2021 14:00,15.5,0.66
5/22/2021 15:00,12.25,0.52
5/22/2021 16:00,8.25,0.35
5/22/2021 17:00,5.75,0.24
5/22/2021 18:00,5.25,0.22
5/22/2021 19:00,6.5,0.28
5/22/2021 20:00,2.0,0.09
5/22/2021 21:00,0.25,0.01
5/22/2021 22:00,0.0,0.0
5/22/2021 23:00,0.0,0.0
5/23/2021 0:00,0.0,0.0
5/23/2021 1:00,0.0,0.0
5/23/2021 2:00,0.0,0.0
5/23/2021 3:00,0.0,0.0
5/23/2021 4:00,0.0,0.0
5/23/2021 5:00,0.0,0.0
5/23/2021 6:00,0.0,0.0
5/23/2021 7:00,0.25,0.01
5/23/2021 8:00,1.5,0.06
5/23/2021 9:00,6.0,0.26
5/23/2021 10:00,9.75,0.41
5/23/2021 11:00,14.5,0.62
5/23/2021 12:00,17.75,0.75
5/23/2021 13:00,19.0,0.81
5/23/2021 14:00,19.75,0.84
5/23/2021 15:00,18.75,0.8
5/23/2021 16:00,17.0,0.72
5/23/2021 17:00,11.75,0.5
5/23/2021 18:00,12.5,0.53
5/23/2021 19:00,6.0,0.26
5/23/2021 20:00,1.25,0.05
5/23/2021 21:00,0.25,0.01
5/23/2021 22:00,0.0,0.0
5/23/2021 23:00,0.0,0.0
5/24/2021 0:00,0.0,0.0
5/24/2021 1:00,0.0,0.0
5/24/2021 2:00,0.0,0.0
5/24/2021 3:00,0.0,0.0
5/24/2021 4:00,0.0,0.0
5/24/2021 5:00,0.0,0.0
5/24/2021 6:00,0.0,0.0
5/24/2021 7:00,0.0,0.0
5/24/2021 8:00,1.75,0.07
5/24/2021 9:00,4.25,0.18
5/24/2021 10:00,3.75,0.16
5/24/2021 11:00,9.0,0.38
5/24/2021 12:00,11.25,0.48
5/24/2021 13:00,14.75,0.63
5/24/2021 14:00,12.5,0.53
5/24/2021 15:00,17.5,0.74
5/24/2021 16:00,17.5,0.74
5/24/2021 17:00,15.0,0.64
5/24/2021 18:00,11.75,0.5
5/24/2021 19:00,7.0,0.3
5/24/2021 20:00,1.25,0.05
5/24/2021 21:00,0.25,0.01
5/24/2021 22:00,0.0,0.0
5/24/2021 23:00,0.0,0.0
5/25/2021 0:00,0.0,0.0
5/25/2021 1:00,0.0,0.0
5/25/2021 2:00,0.0,0.0
5/25/2021 3:00,0.0,0.0
5/25/2021 4:00,0.0,0.0
5/25/2021 5:00,0.0,0.0
5/25/2021 6:00,0.0,0.0
5/25/2021 7:00,0.25,0.01
5/25/2021 8:00,1.5,0.06
5/25/2021 9:00,6.0,0.26
5/25/2021 10:00,10.5,0.45
5/25/2021 11:00,14.0,0.6
5/25/2021 12:00,16.5,0.7
5/25/2021 13:00,18.0,0.77
5/25/2021 14:00,18.0,0.77
5/25/2021 15:00,17.0,0.72
5/25/2021 16:00,16.5,0.7
5/25/2021 17:00,13.75,0.58
5/25/2021 18:00,9.75,0.41
5/25/2021 19:00,6.0,0.26
5/25/2021 20:00,1.75,0.07
5/25/2021 21:00,0.25,0.01
5/25/2021 22:00,0.0,0.0
5/25/2021 23:00,0.0,0.0
5/26/2021 0:00,0.0,0.0
5/26/2021 1:00,0.0,0.0
5/26/2021 2:00,0.0,0.0
5/26/2021 3:00,0.0,0.0
5/26/2021 4:00,0.0,0.0
5/26/2021 5:00,0.0,0.0
5/26/2021 6:00,0.0,0.0
5/26/2021 7:00,0.25,0.01
5/26/2021 8:00,1.5,0.06
5/26/2021 9:00,5.75,0.24
5/26/2021 10:00,10.25,0.44
5/26/2021 11:00,13.75,0.58
5/26/2021 12:00,16.0,0.68
5/26/2021 13:00,17.25,0.73
5/26/2021 14:00,17.25,0.73
5/26/2021 15:00,17.25,0.73
5/26/2021 16:00,16.0,0.68
5/26/2021 17:00,14.25,0.61
5/26/2021 18:00,10.75,0.46
5/26/2021 19:00,5.5,0.23
5/26/2021 20:00,1.25,0.05
5/26/2021 21:00,0.25,0.01
5/26/2021 22:00,0.0,0.0
5/26/2021 23:00,0.0,0.0
5/27/2021 0:00,0.0,0.0
5/27/2021 1:00,0.0,0.0
5/27/2021 2:00,0.0,0.0
5/27/2021 3:00,0.0,0.0
5/27/2021 4:00,0.0,0.0
5/27/2021 5:00,0.0,0.0
5/27/2021 6:00,0.0,0.0
5/27/2021 7:00,0.25,0.01
5/27/2021 8:00,2.0,0.09
5/27/2021 9:00,4.25,0.18
5/27/2021 10:00,7.25,0.31
5/27/2021 11:00,12.5,0.53
5/27/2021 12:00,14.75,0.63
5/27/2021 13:00,14.5,0.62
5/27/2021 14:00,17.0,0.72
5/27/2021 15:00,15.5,0.66
5/27/2021 16:00,15.5,0.66
5/27/2021 17:00,9.5,0.4
5/27/2021 18:00,8.5,0.36
5/27/2021 19:00,8.0,0.34
5/27/2021 20:00,2.5,0.11
5/27/2021 21:00,0.5,0.02
5/27/2021 22:00,0.0,0.0
5/27/2021 23:00,0.0,0.0
5/28/2021 0:00,0.0,0.0
5/28/2021 1:00,0.0,0.0
5/28/2021 2:00,0.0,0.0
5/28/2021 3:00,0.0,0.0
5/28/2021 4:00,0.0,0.0
5/28/2021 5:00,0.0,0.0
5/28/2021 6:00,0.0,0.0
5/28/2021 7:00,0.25,0.01
5/28/2021 8:00,1.5,0.06
5/28/2021 9:00,6.0,0.26
5/28/2021 10:00,10.25,0.44
5/28/2021 11:00,13.75,0.58
5/28/2021 12:00,16.25,0.69
5/28/2021 13:00,17.0,0.72
5/28/2021 14:00,17.5,0.74
5/28/2021 15:00,15.5,0.66
5/28/2021 16:00,15.5,0.66
5/28/2021 17:00,14.0,0.6
5/28/2021 18:00,11.5,0.49
5/28/2021 19:00,6.75,0.29
5/28/2021 20:00,1.0,0.04
5/28/2021 21:00,0.25,0.01
5/28/2021 22:00,0.0,0.0
5/28/2021 23:00,0.0,0.0
5/29/2021 0:00,0.0,0.0
5/29/2021 1:00,0.0,0.0
5/29/2021 2:00,0.0,0.0
5/29/2021 3:00,0.0,0.0
5/29/2021 4:00,0.0,0.0
5/29/2021 5:00,0.0,0.0
5/29/2021 6:00,0.0,0.0
5/29/2021 7:00,0.0,0.0
5/29/2021 8:00,1.75,0.07
5/29/2021 9:00,5.75,0.24
5/29/2021 10:00,10.25,0.44
5/29/2021 11:00,13.75,0.58
5/29/2021 12:00,16.5,0.7
5/29/2021 13:00,18.0,0.77
5/29/2021 14:00,18.0,0.77
5/29/2021 15:00,17.75,0.75
5/29/2021 16:00,16.75,0.71
5/29/2021 17:00,14.25,0.61
5/29/2021 18:00,11.25,0.48
5/29/2021 19:00,7.0,0.3
5/29/2021 20:00,1.0,0.04
5/29/2021 21:00,0.25,0.01
5/29/2021 22:00,0.0,0.0
5/29/2021 23:00,0.0,0.0
5/30/2021 0:00,0.0,0.0
5/30/2021 1:00,0.0,0.0
5/30/2021 2:00,0.0,0.0
5/30/2021 3:00,0.0,0.0
5/30/2021 4:00,0.0,0.0
5/30/2021 5:00,0.0,0.0
5/30/2021 6:00,0.0,0.0
5/30/2021 7:00,0.25,0.01
5/30/2021 8:00,1.75,0.07
5/30/2021 9:00,5.5,0.23
5/30/2021 10:00,10.25,0.44
5/30/2021 11:00,13.75,0.58
5/30/2021 12:00,16.0,0.68
5/30/2021 13:00,17.25,0.73
5/30/2021 14:00,17.0,0.72
5/30/2021 15:00,16.75,0.71
5/30/2021 16:00,16.25,0.69
5/30/2021 17:00,13.75,0.58
5/30/2021 18:00,11.5,0.49
5/30/2021 19:00,6.5,0.28
5/30/2021 20:00,1.25,0.05
5/30/2021 21:00,0.5,0.02
5/30/2021 22:00,0.0,0.0
5/30/2021 23:00,0.0,0.0
5/31/2021 0:00,0.0,0.0
5/31/2021 1:00,0.0,0.0
5/31/2021 2:00,0.0,0.0
5/31/2021 3:00,0.0,0.0
5/31/2021 4:00,0.0,0.0
5/31/2021 5:00,0.0,0.0
5/31/2021 6:00,0.0,0.0
5/31/2021 7:00,0.25,0.01
5/31/2021 8:00,1.5,0.06
5/31/2021 9:00,5.5,0.23
5/31/2021 10:00,10.0,0.43
5/31/2021 11:00,13.5,0.57
5/31/2021 12:00,15.75,0.67
5/31/2021 13:00,17.25,0.73
5/31/2021 14:00,16.25,0.69
5/31/2021 15:00,17.0,0.72
5/31/2021 16:00,16.25,0.69
5/31/2021 17:00,14.0,0.6
5/31/2021 18:00,10.75,0.46
5/31/2021 19:00,6.5,0.28
5/31/2021 20:00,1.5,0.06
5/31/2021 21:00,0.25,0.01
5/31/2021 22:00,0.0,0.0
5/31/2021 23:00,0.0,0.0
6/1/2021 0:00,0.0,0.0
6/1/2021 1:00,0.0,0.0
6/1/2021 2:00,0.0,0.0
6/1/2021 3:00,0.0,0.0
6/1/2021 4:00,0.0,0.0
6/1/2021 5:00,0.0,0.0
6/1/2021 6:00,0.0,0.0
6/1/2021 7:00,0.25,0.01
6/1/2021 8:00,0.75,0.03
6/1/2021 9:00,1.75,0.07
6/1/2021 10:00,2.5,0.11
6/1/2021 11:00,2.75,0.12
6/1/2021 12:00,2.25,0.1
6/1/2021 13:00,2.75,0.12
6/1/2021 14:00,4.75,0.2
6/1/2021 15:00,3.0,0.13
6/1/2021 16:00,4.75,0.2
6/1/2021 17:00,4.0,0.17
6/1/2021 18:00,4.0,0.17
6/1/2021 19:00,2.25,0.1
6/1/2021 20:00,1.25,0.05
6/1/2021 21:00,0.25,0.01
6/1/2021 22:00,0.0,0.0
6/1/2021 23:00,0.0,0.0
6/2/2021 0:00,0.0,0.0
6/2/2021 1:00,0.0,0.0
6/2/2021 2:00,0.0,0.0
6/2/2021 3:00,0.0,0.0
6/2/2021 4:00,0.0,0.0
6/2/2021 5:00,0.0,0.0
6/2/2021 6:00,0.0,0.0
6/2/2021 7:00,0.25,0.01
6/2/2021 8:00,1.5,0.06
6/2/2021 9:00,5.75,0.24
6/2/2021 10:00,9.75,0.41
6/2/2021 11:00,11.25,0.48
6/2/2021 12:00,6.75,0.29
6/2/2021 13:00,6.25,0.27
6/2/2021 14:00,7.25,0.31
6/2/2021 15:00,10.25,0.44
6/2/2021 16:00,6.5,0.28
6/2/2021 17:00,0.0,0.0
6/2/2021 18:00,0.0,0.0
6/2/2021 19:00,0.0,0.0
6/2/2021 20:00,0.0,0.0
6/2/2021 21:00,0.0,0.0
6/2/2021 22:00,0.0,0.0
6/2/2021 23:00,0.0,0.0
6/3/2021 0:00,0.0,0.0
6/3/2021 1:00,0.0,0.0
6/3/2021 2:00,0.0,0.0
6/3/2021 3:00,0.0,0.0
6/3/2021 4:00,0.0,0.0
6/3/2021 5:00,0.0,0.0
6/3/2021 6:00,0.0,0.0
6/3/2021 7:00,0.0,0.0
6/3/2021 8:00,0.0,0.0
6/3/2021 9:00,0.0,0.0
6/3/2021 10:00,0.0,0.0
6/3/2021 11:00,0.0,0.0
6/3/2021 12:00,0.0,0.0
6/3/2021 13:00,0.0,0.0
6/3/2021 14:00,0.0,0.0
6/3/2021 15:00,0.0,0.0
6/3/2021 16:00,0.0,0.0
6/3/2021 17:00,0.0,0.0
6/3/2021 18:00,0.0,0.0
6/3/2021 19:00,0.0,0.0
6/3/2021 20:00,0.0,0.0
6/3/2021 21:00,0.0,0.0
6/3/2021 22:00,0.0,0.0
6/3/2021 23:00,0.0,0.0
6/4/2021 0:00,0.0,0.0
6/4/2021 1:00,0.0,0.0
6/4/2021 2:00,0.0,0.0
6/4/2021 3:00,0.0,0.0
6/4/2021 4:00,0.0,0.0
6/4/2021 5:00,0.0,0.0
6/4/2021 6:00,0.0,0.0
6/4/2021 7:00,0.0,0.0
6/4/2021 8:00,0.0,0.0
6/4/2021 9:00,0.0,0.0
6/4/2021 10:00,0.0,0.0
6/4/2021 11:00,0.0,0.0
6/4/2021 12:00,0.0,0.0
6/4/2021 13:00,0.0,0.0
6/4/2021 14:00,0.0,0.0
6/4/2021 15:00,0.0,0.0
6/4/2021 16:00,0.0,0.0
6/4/2021 17:00,0.0,0.0
6/4/2021 18:00,0.0,0.0
6/4/2021 19:00,0.0,0.0
6/4/2021 20:00,0.0,0.0
6/4/2021 21:00,0.0,0.0
6/4/2021 22:00,0.0,0.0
6/4/2021 23:00,0.0,0.0
6/5/2021 0:00,0.0,0.0
6/5/2021 1:00,0.0,0.0
6/5/2021 2:00,0.0,0.0
6/5/2021 3:00,0.0,0.0
6/5/2021 4:00,0.0,0.0
6/5/2021 5:00,0.0,0.0
6/5/2021 6:00,0.0,0.0
6/5/2021 7:00,0.0,0.0
6/5/2021 8:00,0.0,0.0
6/5/2021 9:00,0.0,0.0
6/5/2021 10:00,0.0,0.0
6/5/2021 11:00,0.0,0.0
6/5/2021 12:00,0.0,0.0
6/5/2021 13:00,0.0,0.0
6/5/2021 14:00,0.0,0.0
6/5/2021 15:00,0.0,0.0
6/5/2021 16:00,0.0,0.0
6/5/2021 17:00,0.0,0.0
6/5/2021 18:00,0.0,0.0
6/5/2021 19:00,0.0,0.0
6/5/2021 20:00,0.0,0.0
6/5/2021 21:00,0.0,0.0
6/5/2021 22:00,0.0,0.0
6/5/2021 23:00,0.0,0.0
6/6/2021 0:00,0.0,0.0
6/6/2021 1:00,0.0,0.0
6/6/2021 2:00,0.0,0.0
6/6/2021 3:00,0.0,0.0
6/6/2021 4:00,0.0,0.0
6/6/2021 5:00,0.0,0.0
6/6/2021 6:00,0.0,0.0
6/6/2021 7:00,0.0,0.0
6/6/2021 8:00,0.0,0.0
6/6/2021 9:00,0.0,0.0
6/6/2021 10:00,0.0,0.0
6/6/2021 11:00,0.0,0.0
6/6/2021 12:00,0.0,0.0
6/6/2021 13:00,0.0,0.0
6/6/2021 14:00,0.0,0.0
6/6/2021 15:00,0.0,0.0
6/6/2021 16:00,0.0,0.0
6/6/2021 17:00,0.0,0.0
6/6/2021 18:00,0.0,0.0
6/6/2021 19:00,0.0,0.0
6/6/2021 20:00,0.0,0.0
6/6/2021 21:00,0.0,0.0
6/6/2021 22:00,0.0,0.0
6/6/2021 23:00,0.0,0.0
6/7/2021 0:00,0.0,0.0
6/7/2021 1:00,0.0,0.0
6/7/2021 2:00,0.0,0.0
6/7/2021 3:00,0.0,0.0
6/7/2021 4:00,0.0,0.0
6/7/2021 5:00,0.0,0.0
6/7/2021 6:00,0.0,0.0
6/7/2021 7:00,0.0,0.0
6/7/2021 8:00,0.0,0.0
6/7/2021 9:00,0.0,0.0
6/7/2021 10:00,0.0,0.0
6/7/2021 11:00,0.0,0.0
6/7/2021 12:00,0.0,0.0
6/7/2021 13:00,0.0,0.0
6/7/2021 14:00,0.0,0.0
6/7/2021 15:00,0.0,0.0
6/7/2021 16:00,0.0,0.0
6/7/2021 17:00,0.0,0.0
6/7/2021 18:00,0.0,0.0
6/7/2021 19:00,0.0,0.0
6/7/2021 20:00,0.0,0.0
6/7/2021 21:00,0.0,0.0
6/7/2021 22:00,0.0,0.0
6/7/2021 23:00,0.0,0.0
6/8/2021 0:00,0.0,0.0
6/8/2021 1:00,0.0,0.0
6/8/2021 2:00,0.0,0.0
6/8/2021 3:00,0.0,0.0
6/8/2021 4:00,0.0,0.0
6/8/2021 5:00,0.0,0.0
6/8/2021 6:00,0.0,0.0
6/8/2021 7:00,0.0,0.0
6/8/2021 8:00,0.0,0.0
6/8/2021 9:00,0.0,0.0
6/8/2021 10:00,0.0,0.0
6/8/2021 11:00,0.0,0.0
6/8/2021 12:00,0.0,0.0
6/8/2021 13:00,0.0,0.0
6/8/2021 14:00,0.0,0.0
6/8/2021 15:00,0.0,0.0
6/8/2021 16:00,0.0,0.0
6/8/2021 17:00,0.0,0.0
6/8/2021 18:00,0.0,0.0
6/8/2021 19:00,0.0,0.0
6/8/2021 20:00,0.0,0.0
6/8/2021 21:00,0.0,0.0
6/8/2021 22:00,0.0,0.0
6/8/2021 23:00,0.0,0.0
6/9/2021 0:00,0.0,0.0
6/9/2021 1:00,0.0,0.0
6/9/2021 2:00,0.0,0.0
6/9/2021 3:00,0.0,0.0
6/9/2021 4:00,0.0,0.0
6/9/2021 5:00,0.0,0.0
6/9/2021 6:00,0.0,0.0
6/9/2021 7:00,0.0,0.0
6/9/2021 8:00,0.0,0.0
6/9/2021 9:00,0.0,0.0
6/9/2021 10:00,0.0,0.0
6/9/2021 11:00,0.0,0.0
6/9/2021 12:00,0.0,0.0
6/9/2021 13:00,0.0,0.0
6/9/2021 14:00,0.0,0.0
6/9/2021 15:00,0.0,0.0
6/9/2021 16:00,0.0,0.0
6/9/2021 17:00,0.0,0.0
6/9/2021 18:00,0.0,0.0
6/9/2021 19:00,0.0,0.0
6/9/2021 20:00,0.0,0.0
6/9/2021 21:00,0.0,0.0
6/9/2021 22:00,0.0,0.0
6/9/2021 23:00,0.0,0.0
6/10/2021 0:00,0.0,0.0
6/10/2021 1:00,0.0,0.0
6/10/2021 2:00,0.0,0.0
6/10/2021 3:00,0.0,0.0
6/10/2021 4:00,0.0,0.0
6/10/2021 5:00,0.0,0.0
6/10/2021 6:00,0.0,0.0
6/10/2021 7:00,0.0,0.0
6/10/2021 8:00,0.0,0.0
6/10/2021 9:00,0.0,0.0
6/10/2021 10:00,0.0,0.0
6/10/2021 11:00,0.0,0.0
6/10/2021 12:00,0.0,0.0
6/10/2021 13:00,0.0,0.0
6/10/2021 14:00,0.0,0.0
6/10/2021 15:00,0.0,0.0
6/10/2021 16:00,0.0,0.0
6/10/2021 17:00,0.0,0.0
6/10/2021 18:00,0.0,0.0
6/10/2021 19:00,0.0,0.0
6/10/2021 20:00,0.0,0.0
6/10/2021 21:00,0.0,0.0
6/10/2021 22:00,0.0,0.0
6/10/2021 23:00,0.0,0.0
6/11/2021 0:00,0.0,0.0
6/11/2021 1:00,0.0,0.0
6/11/2021 2:00,0.0,0.0
6/11/2021 3:00,0.0,0.0
6/11/2021 4:00,0.0,0.0
6/11/2021 5:00,0.0,0.0
6/11/2021 6:00,0.0,0.0
6/11/2021 7:00,0.0,0.0
6/11/2021 8:00,0.0,0.0
6/11/2021 9:00,0.0,0.0
6/11/2021 10:00,0.0,0.0
6/11/2021 11:00,0.0,0.0
6/11/2021 12:00,0.0,0.0
6/11/2021 13:00,0.0,0.0
6/11/2021 14:00,0.0,0.0
6/11/2021 15:00,0.0,0.0
6/11/2021 16:00,0.0,0.0
6/11/2021 17:00,0.0,0.0
6/11/2021 18:00,0.0,0.0
6/11/2021 19:00,0.0,0.0
6/11/2021 20:00,0.0,0.0
6/11/2021 21:00,0.0,0.0
6/11/2021 22:00,0.0,0.0
6/11/2021 23:00,0.0,0.0
6/12/2021 0:00,0.0,0.0
6/12/2021 1:00,0.0,0.0
6/12/2021 2:00,0.0,0.0
6/12/2021 3:00,0.0,0.0
6/12/2021 4:00,0.0,0.0
6/12/2021 5:00,0.0,0.0
6/12/2021 6:00,0.0,0.0
6/12/2021 7:00,0.0,0.0
6/12/2021 8:00,0.0,0.0
6/12/2021 9:00,0.0,0.0
6/12/2021 10:00,0.0,0.0
6/12/2021 11:00,0.0,0.0
6/12/2021 12:00,0.0,0.0
6/12/2021 13:00,0.0,0.0
6/12/2021 14:00,0.0,0.0
6/12/2021 15:00,0.0,0.0
6/12/2021 16:00,0.0,0.0
6/12/2021 17:00,0.0,0.0
6/12/2021 18:00,0.0,0.0
6/12/2021 19:00,0.0,0.0
6/12/2021 20:00,0.0,0.0
6/12/2021 21:00,0.0,0.0
6/12/2021 22:00,0.0,0.0
6/12/2021 23:00,0.0,0.0
6/13/2021 0:00,0.0,0.0
6/13/2021 1:00,0.0,0.0
6/13/2021 2:00,0.0,0.0
6/13/2021 3:00,0.0,0.0
6/13/2021 4:00,0.0,0.0
6/13/2021 5:00,0.0,0.0
6/13/2021 6:00,0.0,0.0
6/13/2021 7:00,0.0,0.0
6/13/2021 8:00,0.0,0.0
6/13/2021 9:00,0.0,0.0
6/13/2021 10:00,0.0,0.0
6/13/2021 11:00,0.0,0.0
6/13/2021 12:00,0.0,0.0
6/13/2021 13:00,0.0,0.0
6/13/2021 14:00,0.0,0.0
6/13/2021 15:00,0.0,0.0
6/13/2021 16:00,0.0,0.0
6/13/2021 17:00,0.0,0.0
6/13/2021 18:00,0.0,0.0
6/13/2021 19:00,0.0,0.0
6/13/2021 20:00,0.0,0.0
6/13/2021 21:00,0.0,0.0
6/13/2021 22:00,0.0,0.0
6/13/2021 23:00,0.0,0.0
6/14/2021 0:00,0.0,0.0
6/14/2021 1:00,0.0,0.0
6/14/2021 2:00,0.0,0.0
6/14/2021 3:00,0.0,0.0
6/14/2021 4:00,0.0,0.0
6/14/2021 5:00,0.0,0.0
6/14/2021 6:00,0.0,0.0
6/14/2021 7:00,0.0,0.0
6/14/2021 8:00,0.0,0.0
6/14/2021 9:00,0.0,0.0
6/14/2021 10:00,0.0,0.0
6/14/2021 11:00,0.0,0.0
6/14/2021 12:00,0.0,0.0
6/14/2021 13:00,0.0,0.0
6/14/2021 14:00,0.0,0.0
6/14/2021 15:00,0.0,0.0
6/14/2021 16:00,0.0,0.0
6/14/2021 17:00,0.0,0.0
6/14/2021 18:00,0.0,0.0
6/14/2021 19:00,0.0,0.0
6/14/2021 20:00,0.0,0.0
6/14/2021 21:00,0.0,0.0
6/14/2021 22:00,0.0,0.0
6/14/2021 23:00,0.0,0.0
6/15/2021 0:00,0.0,0.0
6/15/2021 1:00,0.0,0.0
6/15/2021 2:00,0.0,0.0
6/15/2021 3:00,0.0,0.0
6/15/2021 4:00,0.0,0.0
6/15/2021 5:00,0.0,0.0
6/15/2021 6:00,0.0,0.0
6/15/2021 7:00,0.0,0.0
6/15/2021 8:00,0.0,0.0
6/15/2021 9:00,0.0,0.0
6/15/2021 10:00,0.0,0.0
6/15/2021 11:00,0.0,0.0
6/15/2021 12:00,0.0,0.0
6/15/2021 13:00,0.0,0.0
6/15/2021 14:00,0.0,0.0
6/15/2021 15:00,0.0,0.0
6/15/2021 16:00,0.0,0.0
6/15/2021 17:00,0.0,0.0
6/15/2021 18:00,0.0,0.0
6/15/2021 19:00,0.0,0.0
6/15/2021 20:00,0.0,0.0
6/15/2021 21:00,0.0,0.0
6/15/2021 22:00,0.0,0.0
6/15/2021 23:00,0.0,0.0
6/16/2021 0:00,0.0,0.0
6/16/2021 1:00,0.0,0.0
6/16/2021 2:00,0.0,0.0
6/16/2021 3:00,0.0,0.0
6/16/2021 4:00,0.0,0.0
6/16/2021 5:00,0.0,0.0
6/16/2021 6:00,0.0,0.0
6/16/2021 7:00,0.0,0.0
6/16/2021 8:00,0.0,0.0
6/16/2021 9:00,0.0,0.0
6/16/2021 10:00,0.0,0.0
6/16/2021 11:00,0.0,0.0
6/16/2021 12:00,0.0,0.0
6/16/2021 13:00,0.0,0.0
6/16/2021 14:00,0.0,0.0
6/16/2021 15:00,0.0,0.0
6/16/2021 16:00,0.0,0.0
6/16/2021 17:00,0.0,0.0
6/16/2021 18:00,0.0,0.0
6/16/2021 19:00,0.0,0.0
6/16/2021 20:00,0.0,0.0
6/16/2021 21:00,0.0,0.0
6/16/2021 22:00,0.0,0.0
6/16/2021 23:00,0.0,0.0
6/17/2021 0:00,0.0,0.0
6/17/2021 1:00,0.0,0.0
6/17/2021 2:00,0.0,0.0
6/17/2021 3:00,0.0,0.0
6/17/2021 4:00,0.0,0.0
6/17/2021 5:00,0.0,0.0
6/17/2021 6:00,0.0,0.0
6/17/2021 7:00,0.0,0.0
6/17/2021 8:00,0.0,0.0
6/17/2021 9:00,0.0,0.0
6/17/2021 10:00,0.0,0.0
6/17/2021 11:00,0.0,0.0
6/17/2021 12:00,0.0,0.0
6/17/2021 13:00,0.0,0.0
6/17/2021 14:00,0.0,0.0
6/17/2021 15:00,0.0,0.0
6/17/2021 16:00,0.0,0.0
6/17/2021 17:00,0.0,0.0
6/17/2021 18:00,0.0,0.0
6/17/2021 19:00,0.0,0.0
6/17/2021 20:00,0.0,0.0
6/17/2021 21:00,0.0,0.0
6/17/2021 22:00,0.0,0.0
6/17/2021 23:00,0.0,0.0
6/18/2021 0:00,0.0,0.0
6/18/2021 1:00,0.0,0.0
6/18/2021 2:00,0.0,0.0
6/18/2021 3:00,0.0,0.0
6/18/2021 4:00,0.0,0.0
6/18/2021 5:00,0.0,0.0
6/18/2021 6:00,0.0,0.0
6/18/2021 7:00,0.0,0.0
6/18/2021 8:00,0.0,0.0
6/18/2021 9:00,0.0,0.0
6/18/2021 10:00,0.0,0.0
6/18/2021 11:00,0.0,0.0
6/18/2021 12:00,0.0,0.0
6/18/2021 13:00,0.0,0.0
6/18/2021 14:00,0.0,0.0
6/18/2021 15:00,0.0,0.0
6/18/2021 16:00,0.0,0.0
6/18/2021 17:00,0.0,0.0
6/18/2021 18:00,0.0,0.0
6/18/2021 19:00,0.0,0.0
6/18/2021 20:00,0.0,0.0
6/18/2021 21:00,0.0,0.0
6/18/2021 22:00,0.0,0.0
6/18/2021 23:00,0.0,0.0
6/19/2021 0:00,0.0,0.0
6/19/2021 1:00,0.0,0.0
6/19/2021 2:00,0.0,0.0
6/19/2021 3:00,0.0,0.0
6/19/2021 4:00,0.0,0.0
6/19/2021 5:00,0.0,0.0
6/19/2021 6:00,0.0,0.0
6/19/2021 7:00,0.0,0.0
6/19/2021 8:00,0.0,0.0
6/19/2021 9:00,0.0,0.0
6/19/2021 10:00,0.0,0.0
6/19/2021 11:00,0.0,0.0
6/19/2021 12:00,0.0,0.0
6/19/2021 13:00,0.0,0.0
6/19/2021 14:00,0.0,0.0
6/19/2021 15:00,0.0,0.0
6/19/2021 16:00,0.0,0.0
6/19/2021 17:00,0.0,0.0
6/19/2021 18:00,0.0,0.0
6/19/2021 19:00,0.0,0.0
6/19/2021 20:00,0.0,0.0
6/19/2021 21:00,0.0,0.0
6/19/2021 22:00,0.0,0.0
6/19/2021 23:00,0.0,0.0
6/20/2021 0:00,0.0,0.0
6/20/2021 1:00,0.0,0.0
6/20/2021 2:00,0.0,0.0
6/20/2021 3:00,0.0,0.0
6/20/2021 4:00,0.0,0.0
6/20/2021 5:00,0.0,0.0
6/20/2021 6:00,0.0,0.0
6/20/2021 7:00,0.0,0.0
6/20/2021 8:00,0.0,0.0
6/20/2021 9:00,0.0,0.0
6/20/2021 10:00,0.0,0.0
6/20/2021 11:00,0.0,0.0
6/20/2021 12:00,0.0,0.0
6/20/2021 13:00,0.0,0.0
6/20/2021 14:00,0.0,0.0
6/20/2021 15:00,0.0,0.0
6/20/2021 16:00,0.0,0.0
6/20/2021 17:00,0.0,0.0
6/20/2021 18:00,0.0,0.0
6/20/2021 19:00,0.0,0.0
6/20/2021 20:00,0.0,0.0
6/20/2021 21:00,0.0,0.0
6/20/2021 22:00,0.0,0.0
6/20/2021 23:00,0.0,0.0
6/21/2021 0:00,0.0,0.0
6/21/2021 1:00,0.0,0.0
6/21/2021 2:00,0.0,0.0
6/21/2021 3:00,0.0,0.0
6/21/2021 4:00,0.0,0.0
6/21/2021 5:00,0.0,0.0
6/21/2021 6:00,0.0,0.0
6/21/2021 7:00,0.0,0.0
6/21/2021 8:00,0.0,0.0
6/21/2021 9:00,0.0,0.0
6/21/2021 10:00,0.0,0.0
6/21/2021 11:00,0.0,0.0
6/21/2021 12:00,0.0,0.0
6/21/2021 13:00,0.0,0.0
6/21/2021 14:00,0.0,0.0
6/21/2021 15:00,0.0,0.0
6/21/2021 16:00,0.0,0.0
6/21/2021 17:00,0.0,0.0
6/21/2021 18:00,0.0,0.0
6/21/2021 19:00,0.0,0.0
6/21/2021 20:00,0.0,0.0
6/21/2021 21:00,0.0,0.0
6/21/2021 22:00,0.0,0.0
6/21/2021 23:00,0.0,0.0
6/22/2021 0:00,0.0,0.0
6/22/2021 1:00,0.0,0.0
6/22/2021 2:00,0.0,0.0
6/22/2021 3:00,0.0,0.0
6/22/2021 4:00,0.0,0.0
6/22/2021 5:00,0.0,0.0
6/22/2021 6:00,0.0,0.0
6/22/2021 7:00,0.0,0.0
6/22/2021 8:00,0.0,0.0
6/22/2021 9:00,0.0,0.0
6/22/2021 10:00,0.0,0.0
6/22/2021 11:00,0.0,0.0
6/22/2021 12:00,0.0,0.0
6/22/2021 13:00,0.0,0.0
6/22/2021 14:00,0.0,0.0
6/22/2021 15:00,0.0,0.0
6/22/2021 16:00,0.0,0.0
6/22/2021 17:00,0.0,0.0
6/22/2021 18:00,0.0,0.0
6/22/2021 19:00,0.0,0.0
6/22/2021 20:00,0.0,0.0
6/22/2021 21:00,0.0,0.0
6/22/2021 22:00,0.0,0.0
6/22/2021 23:00,0.0,0.0
6/23/2021 0:00,0.0,0.0
6/23/2021 1:00,0.0,0.0
6/23/2021 2:00,0.0,0.0
6/23/2021 3:00,0.0,0.0
6/23/2021 4:00,0.0,0.0
6/23/2021 5:00,0.0,0.0
6/23/2021 6:00,0.0,0.0
6/23/2021 7:00,0.0,0.0
6/23/2021 8:00,0.0,0.0
6/23/2021 9:00,0.0,0.0
6/23/2021 10:00,0.0,0.0
6/23/2021 11:00,0.0,0.0
6/23/2021 12:00,0.0,0.0
6/23/2021 13:00,0.0,0.0
6/23/2021 14:00,0.0,0.0
6/23/2021 15:00,0.0,0.0
6/23/2021 16:00,0.0,0.0
6/23/2021 17:00,0.0,0.0
6/23/2021 18:00,0.0,0.0
6/23/2021 19:00,0.0,0.0
6/23/2021 20:00,0.0,0.0
6/23/2021 21:00,0.0,0.0
6/23/2021 22:00,0.0,0.0
6/23/2021 23:00,0.0,0.0
6/24/2021 0:00,0.0,0.0
6/24/2021 1:00,0.0,0.0
6/24/2021 2:00,0.0,0.0
6/24/2021 3:00,0.0,0.0
6/24/2021 4:00,0.0,0.0
6/24/2021 5:00,0.0,0.0
6/24/2021 6:00,0.0,0.0
6/24/2021 7:00,0.0,0.0
6/24/2021 8:00,0.0,0.0
6/24/2021 9:00,0.0,0.0
6/24/2021 10:00,0.0,0.0
6/24/2021 11:00,0.0,0.0
6/24/2021 12:00,0.0,0.0
6/24/2021 13:00,0.0,0.0
6/24/2021 14:00,0.0,0.0
6/24/2021 15:00,0.0,0.0
6/24/2021 16:00,0.0,0.0
6/24/2021 17:00,0.0,0.0
6/24/2021 18:00,0.0,0.0
6/24/2021 19:00,0.0,0.0
6/24/2021 20:00,0.0,0.0
6/24/2021 21:00,0.0,0.0
6/24/2021 22:00,0.0,0.0
6/24/2021 23:00,0.0,0.0
6/25/2021 0:00,0.0,0.0
6/25/2021 1:00,0.0,0.0
6/25/2021 2:00,0.0,0.0
6/25/2021 3:00,0.0,0.0
6/25/2021 4:00,0.0,0.0
6/25/2021 5:00,0.0,0.0
6/25/2021 6:00,0.0,0.0
6/25/2021 7:00,0.0,0.0
6/25/2021 8:00,0.0,0.0
6/25/2021 9:00,0.0,0.0
6/25/2021 10:00,0.0,0.0
6/25/2021 11:00,0.0,0.0
6/25/2021 12:00,0.0,0.0
6/25/2021 13:00,0.0,0.0
6/25/2021 14:00,0.0,0.0
6/25/2021 15:00,0.0,0.0
6/25/2021 16:00,0.0,0.0
6/25/2021 17:00,0.0,0.0
6/25/2021 18:00,0.0,0.0
6/25/2021 19:00,0.0,0.0
6/25/2021 20:00,0.0,0.0
6/25/2021 21:00,0.0,0.0
6/25/2021 22:00,0.0,0.0
6/25/2021 23:00,0.0,0.0
6/26/2021 0:00,0.0,0.0
6/26/2021 1:00,0.0,0.0
6/26/2021 2:00,0.0,0.0
6/26/2021 3:00,0.0,0.0
6/26/2021 4:00,0.0,0.0
6/26/2021 5:00,0.0,0.0
6/26/2021 6:00,0.0,0.0
6/26/2021 7:00,0.0,0.0
6/26/2021 8:00,0.0,0.0
6/26/2021 9:00,0.0,0.0
6/26/2021 10:00,0.0,0.0
6/26/2021 11:00,0.0,0.0
6/26/2021 12:00,0.0,0.0
6/26/2021 13:00,0.0,0.0
6/26/2021 14:00,0.0,0.0
6/26/2021 15:00,0.0,0.0
6/26/2021 16:00,0.0,0.0
6/26/2021 17:00,0.0,0.0
6/26/2021 18:00,0.0,0.0
6/26/2021 19:00,0.0,0.0
6/26/2021 20:00,0.0,0.0
6/26/2021 21:00,0.0,0.0
6/26/2021 22:00,0.0,0.0
6/26/2021 23:00,0.0,0.0
6/27/2021 0:00,0.0,0.0
6/27/2021 1:00,0.0,0.0
6/27/2021 2:00,0.0,0.0
6/27/2021 3:00,0.0,0.0
6/27/2021 4:00,0.0,0.0
6/27/2021 5:00,0.0,0.0
6/27/2021 6:00,0.0,0.0
6/27/2021 7:00,0.0,0.0
6/27/2021 8:00,0.0,0.0
6/27/2021 9:00,0.0,0.0
6/27/2021 10:00,0.0,0.0
6/27/2021 11:00,0.0,0.0
6/27/2021 12:00,0.0,0.0
6/27/2021 13:00,0.0,0.0
6/27/2021 14:00,0.0,0.0
6/27/2021 15:00,0.0,0.0
6/27/2021 16:00,0.0,0.0
6/27/2021 17:00,0.0,0.0
6/27/2021 18:00,0.0,0.0
6/27/2021 19:00,0.0,0.0
6/27/2021 20:00,0.0,0.0
6/27/2021 21:00,0.0,0.0
6/27/2021 22:00,0.0,0.0
6/27/2021 23:00,0.0,0.0
6/28/2021 0:00,0.0,0.0
6/28/2021 1:00,0.0,0.0
6/28/2021 2:00,0.0,0.0
6/28/2021 3:00,0.0,0.0
6/28/2021 4:00,0.0,0.0
6/28/2021 5:00,0.0,0.0
6/28/2021 6:00,0.0,0.0
6/28/2021 7:00,0.0,0.0
6/28/2021 8:00,0.0,0.0
6/28/2021 9:00,0.0,0.0
6/28/2021 10:00,0.0,0.0
6/28/2021 11:00,0.0,0.0
6/28/2021 12:00,0.0,0.0
6/28/2021 13:00,0.0,0.0
6/28/2021 14:00,0.0,0.0
6/28/2021 15:00,0.0,0.0
6/28/2021 16:00,0.0,0.0
6/28/2021 17:00,0.0,0.0
6/28/2021 18:00,0.0,0.0
6/28/2021 19:00,0.0,0.0
6/28/2021 20:00,0.0,0.0
6/28/2021 21:00,0.0,0.0
6/28/2021 22:00,0.0,0.0
6/28/2021 23:00,0.0,0.0
6/29/2021 0:00,0.0,0.0
6/29/2021 1:00,0.0,0.0
6/29/2021 2:00,0.0,0.0
6/29/2021 3:00,0.0,0.0
6/29/2021 4:00,0.0,0.0
6/29/2021 5:00,0.0,0.0
6/29/2021 6:00,0.0,0.0
6/29/2021 7:00,0.0,0.0
6/29/2021 8:00,0.0,0.0
6/29/2021 9:00,0.0,0.0
6/29/2021 10:00,0.0,0.0
6/29/2021 11:00,0.0,0.0
6/29/2021 12:00,0.0,0.0
6/29/2021 13:00,0.0,0.0
6/29/2021 14:00,0.0,0.0
6/29/2021 15:00,0.0,0.0
6/29/2021 16:00,0.0,0.0
6/29/2021 17:00,0.0,0.0
6/29/2021 18:00,0.0,0.0
6/29/2021 19:00,0.0,0.0
6/29/2021 20:00,0.0,0.0
6/29/2021 21:00,0.0,0.0
6/29/2021 22:00,0.0,0.0
6/29/2021 23:00,0.0,0.0
6/30/2021 0:00,0.0,0.0
6/30/2021 1:00,0.0,0.0
6/30/2021 2:00,0.0,0.0
6/30/2021 3:00,0.0,0.0
6/30/2021 4:00,0.0,0.0
6/30/2021 5:00,0.0,0.0
6/30/2021 6:00,0.0,0.0
6/30/2021 7:00,0.0,0.0
6/30/2021 8:00,0.0,0.0
6/30/2021 9:00,0.0,0.0
6/30/2021 10:00,0.0,0.0
6/30/2021 11:00,0.0,0.0
6/30/2021 12:00,0.0,0.0
6/30/2021 13:00,0.0,0.0
6/30/2021 14:00,0.0,0.0
6/30/2021 15:00,0.0,0.0
6/30/2021 16:00,0.0,0.0
6/30/2021 17:00,0.0,0.0
6/30/2021 18:00,0.0,0.0
6/30/2021 19:00,0.0,0.0
6/30/2021 20:00,0.0,0.0
6/30/2021 21:00,0.0,0.0
6/30/2021 22:00,0.0,0.0
6/30/2021 23:00,0.0,0.0
7/1/2021 0:00,0.0,0.0
7/1/2021 1:00,0.0,0.0
7/1/2021 2:00,0.0,0.0
7/1/2021 3:00,0.0,0.0
7/1/2021 4:00,0.0,0.0
7/1/2021 5:00,0.0,0.0
7/1/2021 6:00,0.0,0.0
7/1/2021 7:00,0.0,0.0
7/1/2021 8:00,0.0,0.0
7/1/2021 9:00,0.0,0.0
7/1/2021 10:00,0.0,0.0
7/1/2021 11:00,0.0,0.0
7/1/2021 12:00,0.0,0.0
7/1/2021 13:00,0.0,0.0
7/1/2021 14:00,0.0,0.0
7/1/2021 15:00,0.0,0.0
7/1/2021 16:00,0.0,0.0
7/1/2021 17:00,0.0,0.0
7/1/2021 18:00,0.0,0.0
7/1/2021 19:00,0.0,0.0
7/1/2021 20:00,0.0,0.0
7/1/2021 21:00,0.0,0.0
7/1/2021 22:00,0.0,0.0
7/1/2021 23:00,0.0,0.0
7/2/2021 0:00,0.0,0.0
7/2/2021 1:00,0.0,0.0
7/2/2021 2:00,0.0,0.0
7/2/2021 3:00,0.0,0.0
7/2/2021 4:00,0.0,0.0
7/2/2021 5:00,0.0,0.0
7/2/2021 6:00,0.0,0.0
7/2/2021 7:00,0.0,0.0
7/2/2021 8:00,0.0,0.0
7/2/2021 9:00,0.0,0.0
7/2/2021 10:00,0.0,0.0
7/2/2021 11:00,0.0,0.0
7/2/2021 12:00,0.0,0.0
7/2/2021 13:00,0.0,0.0
7/2/2021 14:00,0.0,0.0
7/2/2021 15:00,0.0,0.0
7/2/2021 16:00,0.0,0.0
7/2/2021 17:00,0.0,0.0
7/2/2021 18:00,0.0,0.0
7/2/2021 19:00,0.0,0.0
7/2/2021 20:00,0.0,0.0
7/2/2021 21:00,0.0,0.0
7/2/2021 22:00,0.0,0.0
7/2/2021 23:00,0.0,0.0
7/3/2021 0:00,0.0,0.0
7/3/2021 1:00,0.0,0.0
7/3/2021 2:00,0.0,0.0
7/3/2021 3:00,0.0,0.0
7/3/2021 4:00,0.0,0.0
7/3/2021 5:00,0.0,0.0
7/3/2021 6:00,0.0,0.0
7/3/2021 7:00,0.0,0.0
7/3/2021 8:00,0.0,0.0
7/3/2021 9:00,0.0,0.0
7/3/2021 10:00,0.0,0.0
7/3/2021 11:00,0.0,0.0
7/3/2021 12:00,0.0,0.0
7/3/2021 13:00,0.0,0.0
7/3/2021 14:00,0.0,0.0
7/3/2021 15:00,0.0,0.0
7/3/2021 16:00,0.0,0.0
7/3/2021 17:00,0.0,0.0
7/3/2021 18:00,0.0,0.0
7/3/2021 19:00,0.0,0.0
7/3/2021 20:00,0.0,0.0
7/3/2021 21:00,0.0,0.0
7/3/2021 22:00,0.0,0.0
7/3/2021 23:00,0.0,0.0
7/4/2021 0:00,0.0,0.0
7/4/2021 1:00,0.0,0.0
7/4/2021 2:00,0.0,0.0
7/4/2021 3:00,0.0,0.0
7/4/2021 4:00,0.0,0.0
7/4/2021 5:00,0.0,0.0
7/4/2021 6:00,0.0,0.0
7/4/2021 7:00,0.0,0.0
7/4/2021 8:00,0.0,0.0
7/4/2021 9:00,0.0,0.0
7/4/2021 10:00,0.0,0.0
7/4/2021 11:00,0.0,0.0
7/4/2021 12:00,0.0,0.0
7/4/2021 13:00,0.0,0.0
7/4/2021 14:00,0.0,0.0
7/4/2021 15:00,0.0,0.0
7/4/2021 16:00,0.0,0.0
7/4/2021 17:00,0.0,0.0
7/4/2021 18:00,0.0,0.0
7/4/2021 19:00,0.0,0.0
7/4/2021 20:00,0.0,0.0
7/4/2021 21:00,0.0,0.0
7/4/2021 22:00,0.0,0.0
7/4/2021 23:00,0.0,0.0
7/5/2021 0:00,0.0,0.0
7/5/2021 1:00,0.0,0.0
7/5/2021 2:00,0.0,0.0
7/5/2021 3:00,0.0,0.0
7/5/2021 4:00,0.0,0.0
7/5/2021 5:00,0.0,0.0
7/5/2021 6:00,0.0,0.0
7/5/2021 7:00,0.0,0.0
7/5/2021 8:00,0.0,0.0
7/5/2021 9:00,0.0,0.0
7/5/2021 10:00,0.0,0.0
7/5/2021 11:00,0.0,0.0
7/5/2021 12:00,0.0,0.0
7/5/2021 13:00,0.0,0.0
7/5/2021 14:00,0.0,0.0
7/5/2021 15:00,0.0,0.0
7/5/2021 16:00,0.0,0.0
7/5/2021 17:00,0.0,0.0
7/5/2021 18:00,0.0,0.0
7/5/2021 19:00,0.0,0.0
7/5/2021 20:00,0.0,0.0
7/5/2021 21:00,0.0,0.0
7/5/2021 22:00,0.0,0.0
7/5/2021 23:00,0.0,0.0
7/6/2021 0:00,0.0,0.0
7/6/2021 1:00,0.0,0.0
7/6/2021 2:00,0.0,0.0
7/6/2021 3:00,0.0,0.0
7/6/2021 4:00,0.0,0.0
7/6/2021 5:00,0.0,0.0
7/6/2021 6:00,0.0,0.0
7/6/2021 7:00,0.0,0.0
7/6/2021 8:00,0.0,0.0
7/6/2021 9:00,0.0,0.0
7/6/2021 10:00,0.0,0.0
7/6/2021 11:00,0.0,0.0
7/6/2021 12:00,0.0,0.0
7/6/2021 13:00,0.0,0.0
7/6/2021 14:00,0.0,0.0
7/6/2021 15:00,0.0,0.0
7/6/2021 16:00,0.0,0.0
7/6/2021 17:00,0.0,0.0
7/6/2021 18:00,0.0,0.0
7/6/2021 19:00,0.0,0.0
7/6/2021 20:00,0.0,0.0
7/6/2021 21:00,0.0,0.0
7/6/2021 22:00,0.0,0.0
7/6/2021 23:00,0.0,0.0
7/7/2021 0:00,0.0,0.0
7/7/2021 1:00,0.0,0.0
7/7/2021 2:00,0.0,0.0
7/7/2021 3:00,0.0,0.0
7/7/2021 4:00,0.0,0.0
7/7/2021 5:00,0.0,0.0
7/7/2021 6:00,0.0,0.0
7/7/2021 7:00,0.0,0.0
7/7/2021 8:00,0.0,0.0
7/7/2021 9:00,0.0,0.0
7/7/2021 10:00,0.0,0.0
7/7/2021 11:00,0.0,0.0
7/7/2021 12:00,0.0,0.0
7/7/2021 13:00,11.75,0.5
7/7/2021 14:00,13.75,0.58
7/7/2021 15:00,14.5,0.62
7/7/2021 16:00,16.25,0.69
7/7/2021 17:00,14.75,0.63
7/7/2021 18:00,11.5,0.49
7/7/2021 19:00,7.75,0.33
7/7/2021 20:00,1.5,0.06
7/7/2021 21:00,0.25,0.01
7/7/2021 22:00,0.0,0.0
7/7/2021 23:00,0.0,0.0
7/8/2021 0:00,0.0,0.0
7/8/2021 1:00,0.0,0.0
7/8/2021 2:00,0.0,0.0
7/8/2021 3:00,0.0,0.0
7/8/2021 4:00,0.0,0.0
7/8/2021 5:00,0.0,0.0
7/8/2021 6:00,0.0,0.0
7/8/2021 7:00,0.0,0.0
7/8/2021 8:00,1.5,0.06
7/8/2021 9:00,5.25,0.22
7/8/2021 10:00,9.75,0.41
7/8/2021 11:00,13.25,0.56
7/8/2021 12:00,16.0,0.68
7/8/2021 13:00,17.5,0.74
7/8/2021 14:00,18.25,0.78
7/8/2021 15:00,18.0,0.77
7/8/2021 16:00,17.0,0.72
7/8/2021 17:00,14.75,0.63
7/8/2021 18:00,12.0,0.51
7/8/2021 19:00,7.5,0.32
7/8/2021 20:00,1.5,0.06
7/8/2021 21:00,0.25,0.01
7/8/2021 22:00,0.0,0.0
7/8/2021 23:00,0.0,0.0
7/9/2021 0:00,0.0,0.0
7/9/2021 1:00,0.0,0.0
7/9/2021 2:00,0.0,0.0
7/9/2021 3:00,0.0,0.0
7/9/2021 4:00,0.0,0.0
7/9/2021 5:00,0.0,0.0
7/9/2021 6:00,0.0,0.0
7/9/2021 7:00,0.25,0.01
7/9/2021 8:00,1.25,0.05
7/9/2021 9:00,5.0,0.21
7/9/2021 10:00,9.75,0.41
7/9/2021 11:00,13.25,0.56
7/9/2021 12:00,15.5,0.66
7/9/2021 13:00,17.0,0.72
7/9/2021 14:00,17.5,0.74
7/9/2021 15:00,17.25,0.73
7/9/2021 16:00,16.5,0.7
7/9/2021 17:00,14.25,0.61
7/9/2021 18:00,11.75,0.5
7/9/2021 19:00,7.5,0.32
7/9/2021 20:00,1.5,0.06
7/9/2021 21:00,0.25,0.01
7/9/2021 22:00,0.0,0.0
7/9/2021 23:00,0.0,0.0
7/10/2021 0:00,0.0,0.0
7/10/2021 1:00,0.0,0.0
7/10/2021 2:00,0.0,0.0
7/10/2021 3:00,0.0,0.0
7/10/2021 4:00,0.0,0.0
7/10/2021 5:00,0.0,0.0
7/10/2021 6:00,0.0,0.0
7/10/2021 7:00,0.25,0.01
7/10/2021 8:00,1.25,0.05
7/10/2021 9:00,5.0,0.21
7/10/2021 10:00,9.0,0.38
7/10/2021 11:00,12.5,0.53
7/10/2021 12:00,14.5,0.62
7/10/2021 13:00,16.0,0.68
7/10/2021 14:00,16.5,0.7
7/10/2021 15:00,16.25,0.69
7/10/2021 16:00,14.75,0.63
7/10/2021 17:00,12.75,0.54
7/10/2021 18:00,10.0,0.43
7/10/2021 19:00,6.25,0.27
7/10/2021 20:00,2.0,0.09
7/10/2021 21:00,0.5,0.02
7/10/2021 22:00,0.0,0.0
7/10/2021 23:00,0.0,0.0
7/11/2021 0:00,0.0,0.0
7/11/2021 1:00,0.0,0.0
7/11/2021 2:00,0.0,0.0
7/11/2021 3:00,0.0,0.0
7/11/2021 4:00,0.0,0.0
7/11/2021 5:00,0.0,0.0
7/11/2021 6:00,0.0,0.0
7/11/2021 7:00,0.0,0.0
7/11/2021 8:00,1.75,0.07
7/11/2021 9:00,4.75,0.2
7/11/2021 10:00,5.75,0.24
7/11/2021 11:00,8.25,0.35
7/11/2021 12:00,13.0,0.55
7/11/2021 13:00,15.5,0.66
7/11/2021 14:00,16.25,0.69
7/11/2021 15:00,16.25,0.69
7/11/2021 16:00,15.25,0.65
7/11/2021 17:00,13.75,0.58
7/11/2021 18:00,11.0,0.47
7/11/2021 19:00,7.25,0.31
7/11/2021 20:00,1.75,0.07
7/11/2021 21:00,0.25,0.01
7/11/2021 22:00,0.0,0.0
7/11/2021 23:00,0.0,0.0
7/12/2021 0:00,0.0,0.0
7/12/2021 1:00,0.0,0.0
7/12/2021 2:00,0.0,0.0
7/12/2021 3:00,0.0,0.0
7/12/2021 4:00,0.0,0.0
7/12/2021 5:00,0.0,0.0
7/12/2021 6:00,0.0,0.0
7/12/2021 7:00,0.0,0.0
7/12/2021 8:00,1.0,0.04
7/12/2021 9:00,3.5,0.15
7/12/2021 10:00,7.5,0.32
7/12/2021 11:00,13.25,0.56
7/12/2021 12:00,16.25,0.69
7/12/2021 13:00,17.5,0.74
7/12/2021 14:00,16.25,0.69
7/12/2021 15:00,12.0,0.51
7/12/2021 16:00,12.75,0.54
7/12/2021 17:00,9.5,0.4
7/12/2021 18:00,11.25,0.48
7/12/2021 19:00,8.25,0.35
7/12/2021 20:00,1.75,0.07
7/12/2021 21:00,0.25,0.01
7/12/2021 22:00,0.0,0.0
7/12/2021 23:00,0.0,0.0
7/13/2021 0:00,0.0,0.0
7/13/2021 1:00,0.0,0.0
7/13/2021 2:00,0.0,0.0
7/13/2021 3:00,0.0,0.0
7/13/2021 4:00,0.0,0.0
7/13/2021 5:00,0.0,0.0
7/13/2021 6:00,0.0,0.0
7/13/2021 7:00,0.0,0.0
7/13/2021 8:00,1.25,0.05
7/13/2021 9:00,5.0,0.21
7/13/2021 10:00,9.75,0.41
7/13/2021 11:00,13.5,0.57
7/13/2021 12:00,16.0,0.68
7/13/2021 13:00,17.75,0.75
7/13/2021 14:00,18.25,0.78
7/13/2021 15:00,18.0,0.77
7/13/2021 16:00,17.25,0.73
7/13/2021 17:00,14.75,0.63
7/13/2021 18:00,11.75,0.5
7/13/2021 19:00,7.75,0.33
7/13/2021 20:00,1.5,0.06
7/13/2021 21:00,0.25,0.01
7/13/2021 22:00,0.0,0.0
7/13/2021 23:00,0.0,0.0
7/14/2021 0:00,0.0,0.0
7/14/2021 1:00,0.0,0.0
7/14/2021 2:00,0.0,0.0
7/14/2021 3:00,0.0,0.0
7/14/2021 4:00,0.0,0.0
7/14/2021 5:00,0.0,0.0
7/14/2021 6:00,0.0,0.0
7/14/2021 7:00,0.25,0.01
7/14/2021 8:00,1.0,0.04
7/14/2021 9:00,5.0,0.21
7/14/2021 10:00,9.5,0.4
7/14/2021 11:00,13.0,0.55
7/14/2021 12:00,15.25,0.65
7/14/2021 13:00,17.0,0.72
7/14/2021 14:00,17.25,0.73
7/14/2021 15:00,17.0,0.72
7/14/2021 16:00,16.0,0.68
7/14/2021 17:00,13.5,0.57
7/14/2021 18:00,10.25,0.44
7/14/2021 19:00,6.25,0.27
7/14/2021 20:00,1.5,0.06
7/14/2021 21:00,0.25,0.01
7/14/2021 22:00,0.0,0.0
7/14/2021 23:00,0.0,0.0
7/15/2021 0:00,0.0,0.0
7/15/2021 1:00,0.0,0.0
7/15/2021 2:00,0.0,0.0
7/15/2021 3:00,0.0,0.0
7/15/2021 4:00,0.0,0.0
7/15/2021 5:00,0.0,0.0
7/15/2021 6:00,0.0,0.0
7/15/2021 7:00,0.0,0.0
7/15/2021 8:00,1.25,0.05
7/15/2021 9:00,4.75,0.2
7/15/2021 10:00,9.25,0.39
7/15/2021 11:00,12.75,0.54
7/15/2021 12:00,15.0,0.64
7/15/2021 13:00,16.25,0.69
7/15/2021 14:00,17.25,0.73
7/15/2021 15:00,17.25,0.73
7/15/2021 16:00,16.5,0.7
7/15/2021 17:00,14.25,0.61
7/15/2021 18:00,11.5,0.49
7/15/2021 19:00,7.25,0.31
7/15/2021 20:00,1.5,0.06
7/15/2021 21:00,0.25,0.01
7/15/2021 22:00,0.0,0.0
7/15/2021 23:00,0.0,0.0
7/16/2021 0:00,0.0,0.0
7/16/2021 1:00,0.0,0.0
7/16/2021 2:00,0.0,0.0
7/16/2021 3:00,0.0,0.0
7/16/2021 4:00,0.0,0.0
7/16/2021 5:00,0.0,0.0
7/16/2021 6:00,0.0,0.0
7/16/2021 7:00,0.0,0.0
7/16/2021 8:00,1.25,0.05
7/16/2021 9:00,4.75,0.2
7/16/2021 10:00,9.0,0.38
7/16/2021 11:00,12.25,0.52
7/16/2021 12:00,14.75,0.63
7/16/2021 13:00,16.0,0.68
7/16/2021 14:00,16.75,0.71
7/16/2021 15:00,16.5,0.7
7/16/2021 16:00,15.5,0.66
7/16/2021 17:00,13.75,0.58
7/16/2021 18:00,11.0,0.47
7/16/2021 19:00,7.0,0.3
7/16/2021 20:00,1.5,0.06
7/16/2021 21:00,0.25,0.01
7/16/2021 22:00,0.0,0.0
7/16/2021 23:00,0.0,0.0
7/17/2021 0:00,0.0,0.0
7/17/2021 1:00,0.0,0.0
7/17/2021 2:00,0.0,0.0
7/17/2021 3:00,0.0,0.0
7/17/2021 4:00,0.0,0.0
7/17/2021 5:00,0.0,0.0
7/17/2021 6:00,0.0,0.0
7/17/2021 7:00,0.25,0.01
7/17/2021 8:00,1.0,0.04
7/17/2021 9:00,4.75,0.2
7/17/2021 10:00,9.0,0.38
7/17/2021 11:00,12.5,0.53
7/17/2021 12:00,15.0,0.64
7/17/2021 13:00,16.5,0.7
7/17/2021 14:00,17.25,0.73
7/17/2021 15:00,17.25,0.73
7/17/2021 16:00,16.0,0.68
7/17/2021 17:00,14.25,0.61
7/17/2021 18:00,11.5,0.49
7/17/2021 19:00,7.5,0.32
7/17/2021 20:00,1.5,0.06
7/17/2021 21:00,0.25,0.01
7/17/2021 22:00,0.0,0.0
7/17/2021 23:00,0.0,0.0
7/18/2021 0:00,0.0,0.0
7/18/2021 1:00,0.0,0.0
7/18/2021 2:00,0.0,0.0
7/18/2021 3:00,0.0,0.0
7/18/2021 4:00,0.0,0.0
7/18/2021 5:00,0.0,0.0
7/18/2021 6:00,0.0,0.0
7/18/2021 7:00,0.25,0.01
7/18/2021 8:00,1.25,0.05
7/18/2021 9:00,4.75,0.2
7/18/2021 10:00,9.25,0.39
7/18/2021 11:00,13.0,0.55
7/18/2021 12:00,15.5,0.66
7/18/2021 13:00,17.25,0.73
7/18/2021 14:00,18.0,0.77
7/18/2021 15:00,17.75,0.75
7/18/2021 16:00,16.75,0.71
7/18/2021 17:00,15.0,0.64
7/18/2021 18:00,11.5,0.49
7/18/2021 19:00,7.5,0.32
7/18/2021 20:00,2.0,0.09
7/18/2021 21:00,0.25,0.01
7/18/2021 22:00,0.0,0.0
7/18/2021 23:00,0.0,0.0
7/19/2021 0:00,0.0,0.0
7/19/2021 1:00,0.0,0.0
7/19/2021 2:00,0.0,0.0
7/19/2021 3:00,0.0,0.0
7/19/2021 4:00,0.0,0.0
7/19/2021 5:00,0.0,0.0
7/19/2021 6:00,0.0,0.0
7/19/2021 7:00,0.0,0.0
7/19/2021 8:00,2.0,0.09
7/19/2021 9:00,3.75,0.16
7/19/2021 10:00,3.5,0.15
7/19/2021 11:00,4.5,0.19
7/19/2021 12:00,6.25,0.27
7/19/2021 13:00,9.0,0.38
7/19/2021 14:00,11.0,0.47
7/19/2021 15:00,17.5,0.74
7/19/2021 16:00,17.0,0.72
7/19/2021 17:00,14.75,0.63
7/19/2021 18:00,11.5,0.49
7/19/2021 19:00,6.0,0.26
7/19/2021 20:00,2.0,0.09
7/19/2021 21:00,0.25,0.01
7/19/2021 22:00,0.0,0.0
7/19/2021 23:00,0.0,0.0
7/20/2021 0:00,0.0,0.0
7/20/2021 1:00,0.0,0.0
7/20/2021 2:00,0.0,0.0
7/20/2021 3:00,0.0,0.0
7/20/2021 4:00,0.0,0.0
7/20/2021 5:00,0.0,0.0
7/20/2021 6:00,0.0,0.0
7/20/2021 7:00,0.0,0.0
7/20/2021 8:00,1.0,0.04
7/20/2021 9:00,3.0,0.13
7/20/2021 10:00,6.75,0.29
7/20/2021 11:00,11.5,0.49
7/20/2021 12:00,15.25,0.65
7/20/2021 13:00,16.75,0.71
7/20/2021 14:00,17.5,0.74
7/20/2021 15:00,17.0,0.72
7/20/2021 16:00,16.0,0.68
7/20/2021 17:00,14.0,0.6
7/20/2021 18:00,11.0,0.47
7/20/2021 19:00,6.75,0.29
7/20/2021 20:00,2.0,0.09
7/20/2021 21:00,0.25,0.01
7/20/2021 22:00,0.0,0.0
7/20/2021 23:00,0.0,0.0
7/21/2021 0:00,0.0,0.0
7/21/2021 1:00,0.0,0.0
7/21/2021 2:00,0.0,0.0
7/21/2021 3:00,0.0,0.0
7/21/2021 4:00,0.0,0.0
7/21/2021 5:00,0.0,0.0
7/21/2021 6:00,0.0,0.0
7/21/2021 7:00,0.25,0.01
7/21/2021 8:00,1.25,0.05
7/21/2021 9:00,4.5,0.19
7/21/2021 10:00,9.0,0.38
7/21/2021 11:00,12.5,0.53
7/21/2021 12:00,15.5,0.66
7/21/2021 13:00,16.75,0.71
7/21/2021 14:00,17.5,0.74
7/21/2021 15:00,17.25,0.73
7/21/2021 16:00,16.0,0.68
7/21/2021 17:00,14.0,0.6
7/21/2021 18:00,11.0,0.47
7/21/2021 19:00,7.25,0.31
7/21/2021 20:00,1.75,0.07
7/21/2021 21:00,0.5,0.02
7/21/2021 22:00,0.0,0.0
7/21/2021 23:00,0.0,0.0
7/22/2021 0:00,0.0,0.0
7/22/2021 1:00,0.0,0.0
7/22/2021 2:00,0.0,0.0
7/22/2021 3:00,0.0,0.0
7/22/2021 4:00,0.0,0.0
7/22/2021 5:00,0.0,0.0
7/22/2021 6:00,0.0,0.0
7/22/2021 7:00,0.0,0.0
7/22/2021 8:00,1.25,0.05
7/22/2021 9:00,4.75,0.2
7/22/2021 10:00,9.25,0.39
7/22/2021 11:00,13.0,0.55
7/22/2021 12:00,15.75,0.67
7/22/2021 13:00,16.75,0.71
7/22/2021 14:00,17.5,0.74
7/22/2021 15:00,17.25,0.73
7/22/2021 16:00,16.25,0.69
7/22/2021 17:00,14.5,0.62
7/22/2021 18:00,11.5,0.49
7/22/2021 19:00,7.25,0.31
7/22/2021 20:00,1.5,0.06
7/22/2021 21:00,0.5,0.02
7/22/2021 22:00,0.0,0.0
7/22/2021 23:00,0.0,0.0
7/23/2021 0:00,0.0,0.0
7/23/2021 1:00,0.0,0.0
7/23/2021 2:00,0.0,0.0
7/23/2021 3:00,0.0,0.0
7/23/2021 4:00,0.0,0.0
7/23/2021 5:00,0.0,0.0
7/23/2021 6:00,0.0,0.0
7/23/2021 7:00,0.0,0.0
7/23/2021 8:00,1.25,0.05
7/23/2021 9:00,4.75,0.2
7/23/2021 10:00,6.5,0.28
7/23/2021 11:00,12.75,0.54
7/23/2021 12:00,13.75,0.58
7/23/2021 13:00,17.5,0.74
7/23/2021 14:00,16.0,0.68
7/23/2021 15:00,17.25,0.73
7/23/2021 16:00,16.5,0.7
7/23/2021 17:00,14.5,0.62
7/23/2021 18:00,11.25,0.48
7/23/2021 19:00,7.0,0.3
7/23/2021 20:00,2.0,0.09
7/23/2021 21:00,0.25,0.01
7/23/2021 22:00,0.0,0.0
7/23/2021 23:00,0.0,0.0
7/24/2021 0:00,0.0,0.0
7/24/2021 1:00,0.0,0.0
7/24/2021 2:00,0.0,0.0
7/24/2021 3:00,0.0,0.0
7/24/2021 4:00,0.0,0.0
7/24/2021 5:00,0.0,0.0
7/24/2021 6:00,0.0,0.0
7/24/2021 7:00,0.0,0.0
7/24/2021 8:00,1.25,0.05
7/24/2021 9:00,5.0,0.21
7/24/2021 10:00,5.0,0.21
7/24/2021 11:00,7.25,0.31
7/24/2021 12:00,15.0,0.64
7/24/2021 13:00,17.25,0.73
7/24/2021 14:00,17.5,0.74
7/24/2021 15:00,17.75,0.75
7/24/2021 16:00,16.5,0.7
7/24/2021 17:00,14.5,0.62
7/24/2021 18:00,11.25,0.48
7/24/2021 19:00,7.5,0.32
7/24/2021 20:00,1.75,0.07
7/24/2021 21:00,0.25,0.01
7/24/2021 22:00,0.0,0.0
7/24/2021 23:00,0.0,0.0
7/25/2021 0:00,0.0,0.0
7/25/2021 1:00,0.0,0.0
7/25/2021 2:00,0.0,0.0
7/25/2021 3:00,0.0,0.0
7/25/2021 4:00,0.0,0.0
7/25/2021 5:00,0.0,0.0
7/25/2021 6:00,0.0,0.0
7/25/2021 7:00,0.0,0.0
7/25/2021 8:00,1.0,0.04
7/25/2021 9:00,2.5,0.11
7/25/2021 10:00,5.75,0.24
7/25/2021 11:00,8.25,0.35
7/25/2021 12:00,8.5,0.36
7/25/2021 13:00,7.25,0.31
7/25/2021 14:00,6.75,0.29
7/25/2021 15:00,7.5,0.32
7/25/2021 16:00,9.75,0.41
7/25/2021 17:00,9.5,0.4
7/25/2021 18:00,4.0,0.17
7/25/2021 19:00,2.0,0.09
7/25/2021 20:00,0.5,0.02
7/25/2021 21:00,0.0,0.0
7/25/2021 22:00,0.0,0.0
7/25/2021 23:00,0.0,0.0
7/26/2021 0:00,0.0,0.0
7/26/2021 1:00,0.0,0.0
7/26/2021 2:00,0.0,0.0
7/26/2021 3:00,0.0,0.0
7/26/2021 4:00,0.0,0.0
7/26/2021 5:00,0.0,0.0
7/26/2021 6:00,0.0,0.0
7/26/2021 7:00,0.0,0.0
7/26/2021 8:00,1.25,0.05
7/26/2021 9:00,4.25,0.18
7/26/2021 10:00,9.0,0.38
7/26/2021 11:00,13.0,0.55
7/26/2021 12:00,15.5,0.66
7/26/2021 13:00,17.25,0.73
7/26/2021 14:00,17.75,0.75
7/26/2021 15:00,17.75,0.75
7/26/2021 16:00,16.25,0.69
7/26/2021 17:00,14.5,0.62
7/26/2021 18:00,11.25,0.48
7/26/2021 19:00,7.25,0.31
7/26/2021 20:00,2.0,0.09
7/26/2021 21:00,0.25,0.01
7/26/2021 22:00,0.0,0.0
7/26/2021 23:00,0.0,0.0
7/27/2021 0:00,0.0,0.0
7/27/2021 1:00,0.0,0.0
7/27/2021 2:00,0.0,0.0
7/27/2021 3:00,0.0,0.0
7/27/2021 4:00,0.0,0.0
7/27/2021 5:00,0.0,0.0
7/27/2021 6:00,0.0,0.0
7/27/2021 7:00,0.0,0.0
7/27/2021 8:00,1.0,0.04
7/27/2021 9:00,4.5,0.19
7/27/2021 10:00,9.0,0.38
7/27/2021 11:00,13.0,0.55
7/27/2021 12:00,15.25,0.65
7/27/2021 13:00,17.0,0.72
7/27/2021 14:00,17.75,0.75
7/27/2021 15:00,17.5,0.74
7/27/2021 16:00,16.5,0.7
7/27/2021 17:00,14.5,0.62
7/27/2021 18:00,11.25,0.48
7/27/2021 19:00,7.5,0.32
7/27/2021 20:00,2.0,0.09
7/27/2021 21:00,0.0,0.0
7/27/2021 22:00,0.0,0.0
7/27/2021 23:00,0.0,0.0
7/28/2021 0:00,0.0,0.0
7/28/2021 1:00,0.0,0.0
7/28/2021 2:00,0.0,0.0
7/28/2021 3:00,0.0,0.0
7/28/2021 4:00,0.0,0.0
7/28/2021 5:00,0.0,0.0
7/28/2021 6:00,0.0,0.0
7/28/2021 7:00,0.25,0.01
7/28/2021 8:00,1.0,0.04
7/28/2021 9:00,4.5,0.19
7/28/2021 10:00,9.0,0.38
7/28/2021 11:00,12.75,0.54
7/28/2021 12:00,15.5,0.66
7/28/2021 13:00,17.25,0.73
7/28/2021 14:00,17.75,0.75
7/28/2021 15:00,17.5,0.74
7/28/2021 16:00,16.5,0.7
7/28/2021 17:00,14.25,0.61
7/28/2021 18:00,11.5,0.49
7/28/2021 19:00,7.0,0.3
7/28/2021 20:00,2.25,0.1
7/28/2021 21:00,0.0,0.0
7/28/2021 22:00,0.0,0.0
7/28/2021 23:00,0.0,0.0
7/29/2021 0:00,0.0,0.0
7/29/2021 1:00,0.0,0.0
7/29/2021 2:00,0.0,0.0
7/29/2021 3:00,0.0,0.0
7/29/2021 4:00,0.0,0.0
7/29/2021 5:00,0.0,0.0
7/29/2021 6:00,0.0,0.0
7/29/2021 7:00,0.25,0.01
7/29/2021 8:00,1.0,0.04
7/29/2021 9:00,4.5,0.19
7/29/2021 10:00,9.0,0.38
7/29/2021 11:00,12.75,0.54
7/29/2021 12:00,15.5,0.66
7/29/2021 13:00,17.25,0.73
7/29/2021 14:00,17.75,0.75
7/29/2021 15:00,17.5,0.74
7/29/2021 16:00,16.75,0.71
7/29/2021 17:00,14.5,0.62
7/29/2021 18:00,11.5,0.49
7/29/2021 19:00,7.25,0.31
7/29/2021 20:00,2.25,0.1
7/29/2021 21:00,0.25,0.01
7/29/2021 22:00,0.0,0.0
7/29/2021 23:00,0.0,0.0
7/30/2021 0:00,0.0,0.0
7/30/2021 1:00,0.0,0.0
7/30/2021 2:00,0.0,0.0
7/30/2021 3:00,0.0,0.0
7/30/2021 4:00,0.0,0.0
7/30/2021 5:00,0.0,0.0
7/30/2021 6:00,0.0,0.0
7/30/2021 7:00,0.0,0.0
7/30/2021 8:00,1.25,0.05
7/30/2021 9:00,3.75,0.16
7/30/2021 10:00,5.5,0.23
7/30/2021 11:00,8.5,0.36
7/30/2021 12:00,14.75,0.63
7/30/2021 13:00,17.25,0.73
7/30/2021 14:00,17.75,0.75
7/30/2021 15:00,17.5,0.74
7/30/2021 16:00,16.5,0.7
7/30/2021 17:00,14.75,0.63
7/30/2021 18:00,11.5,0.49
7/30/2021 19:00,7.0,0.3
7/30/2021 20:00,2.25,0.1
7/30/2021 21:00,0.0,0.0
7/30/2021 22:00,0.0,0.0
7/30/2021 23:00,0.0,0.0
7/31/2021 0:00,0.0,0.0
7/31/2021 1:00,0.0,0.0
7/31/2021 2:00,0.0,0.0
7/31/2021 3:00,0.0,0.0
7/31/2021 4:00,0.0,0.0
7/31/2021 5:00,0.0,0.0
7/31/2021 6:00,0.0,0.0
7/31/2021 7:00,0.25,0.01
7/31/2021 8:00,1.0,0.04
7/31/2021 9:00,4.25,0.18
7/31/2021 10:00,9.0,0.38
7/31/2021 11:00,11.5,0.49
7/31/2021 12:00,12.75,0.54
7/31/2021 13:00,10.75,0.46
7/31/2021 14:00,15.25,0.65
7/31/2021 15:00,16.0,0.68
7/31/2021 16:00,14.75,0.63
7/31/2021 17:00,13.75,0.58
7/31/2021 18:00,10.5,0.45
7/31/2021 19:00,6.25,0.27
7/31/2021 20:00,2.25,0.1
7/31/2021 21:00,0.25,0.01
7/31/2021 22:00,0.0,0.0
7/31/2021 23:00,0.0,0.0
8/1/2021 0:00,0.0,0.0
8/1/2021 1:00,0.0,0.0
8/1/2021 2:00,0.0,0.0
8/1/2021 3:00,0.0,0.0
8/1/2021 4:00,0.0,0.0
8/1/2021 5:00,0.0,0.0
8/1/2021 6:00,0.0,0.0
8/1/2021 7:00,0.0,0.0
8/1/2021 8:00,1.0,0.04
8/1/2021 9:00,4.0,0.17
8/1/2021 10:00,8.0,0.34
8/1/2021 11:00,11.25,0.48
8/1/2021 12:00,14.5,0.62
8/1/2021 13:00,12.75,0.54
8/1/2021 14:00,15.5,0.66
8/1/2021 15:00,17.5,0.74
8/1/2021 16:00,15.75,0.67
8/1/2021 17:00,13.0,0.55
8/1/2021 18:00,7.5,0.32
8/1/2021 19:00,6.75,0.29
8/1/2021 20:00,2.25,0.1
8/1/2021 21:00,0.25,0.01
8/1/2021 22:00,0.0,0.0
8/1/2021 23:00,0.0,0.0
8/2/2021 0:00,0.0,0.0
8/2/2021 1:00,0.0,0.0
8/2/2021 2:00,0.0,0.0
8/2/2021 3:00,0.0,0.0
8/2/2021 4:00,0.0,0.0
8/2/2021 5:00,0.0,0.0
8/2/2021 6:00,0.0,0.0
8/2/2021 7:00,0.0,0.0
8/2/2021 8:00,1.25,0.05
8/2/2021 9:00,3.25,0.14
8/2/2021 10:00,6.0,0.26
8/2/2021 11:00,10.5,0.45
8/2/2021 12:00,11.25,0.48
8/2/2021 13:00,8.0,0.34
8/2/2021 14:00,14.5,0.62
8/2/2021 15:00,14.0,0.6
8/2/2021 16:00,14.5,0.62
8/2/2021 17:00,14.75,0.63
8/2/2021 18:00,11.25,0.48
8/2/2021 19:00,7.25,0.31
8/2/2021 20:00,2.0,0.09
8/2/2021 21:00,0.25,0.01
8/2/2021 22:00,0.0,0.0
8/2/2021 23:00,0.0,0.0
8/3/2021 0:00,0.0,0.0
8/3/2021 1:00,0.0,0.0
8/3/2021 2:00,0.0,0.0
8/3/2021 3:00,0.0,0.0
8/3/2021 4:00,0.0,0.0
8/3/2021 5:00,0.0,0.0
8/3/2021 6:00,0.0,0.0
8/3/2021 7:00,0.0,0.0
8/3/2021 8:00,0.75,0.03
8/3/2021 9:00,4.5,0.19
8/3/2021 10:00,8.75,0.37
8/3/2021 11:00,12.75,0.54
8/3/2021 12:00,15.5,0.66
8/3/2021 13:00,17.0,0.72
8/3/2021 14:00,17.5,0.74
8/3/2021 15:00,17.5,0.74
8/3/2021 16:00,16.25,0.69
8/3/2021 17:00,14.0,0.6
8/3/2021 18:00,9.75,0.41
8/3/2021 19:00,6.0,0.26
8/3/2021 20:00,1.75,0.07
8/3/2021 21:00,0.25,0.01
8/3/2021 22:00,0.0,0.0
8/3/2021 23:00,0.0,0.0
8/4/2021 0:00,0.0,0.0
8/4/2021 1:00,0.0,0.0
8/4/2021 2:00,0.0,0.0
8/4/2021 3:00,0.0,0.0
8/4/2021 4:00,0.0,0.0
8/4/2021 5:00,0.0,0.0
8/4/2021 6:00,0.0,0.0
8/4/2021 7:00,0.0,0.0
8/4/2021 8:00,0.5,0.02
8/4/2021 9:00,1.75,0.07
8/4/2021 10:00,6.0,0.26
8/4/2021 11:00,10.25,0.44
8/4/2021 12:00,14.0,0.6
8/4/2021 13:00,16.75,0.71
8/4/2021 14:00,17.25,0.73
8/4/2021 15:00,17.5,0.74
8/4/2021 16:00,16.0,0.68
8/4/2021 17:00,14.25,0.61
8/4/2021 18:00,11.0,0.47
8/4/2021 19:00,7.0,0.3
8/4/2021 20:00,2.0,0.09
8/4/2021 21:00,0.25,0.01
8/4/2021 22:00,0.0,0.0
8/4/2021 23:00,0.0,0.0
8/5/2021 0:00,0.0,0.0
8/5/2021 1:00,0.0,0.0
8/5/2021 2:00,0.0,0.0
8/5/2021 3:00,0.0,0.0
8/5/2021 4:00,0.0,0.0
8/5/2021 5:00,0.0,0.0
8/5/2021 6:00,0.0,0.0
8/5/2021 7:00,0.0,0.0
8/5/2021 8:00,0.75,0.03
8/5/2021 9:00,4.25,0.18
8/5/2021 10:00,8.75,0.37
8/5/2021 11:00,12.5,0.53
8/5/2021 12:00,15.25,0.65
8/5/2021 13:00,16.75,0.71
8/5/2021 14:00,17.5,0.74
8/5/2021 15:00,17.0,0.72
8/5/2021 16:00,16.0,0.68
8/5/2021 17:00,14.0,0.6
8/5/2021 18:00,11.0,0.47
8/5/2021 19:00,6.75,0.29
8/5/2021 20:00,2.25,0.1
8/5/2021 21:00,0.25,0.01
8/5/2021 22:00,0.0,0.0
8/5/2021 23:00,0.0,0.0
8/6/2021 0:00,0.0,0.0
8/6/2021 1:00,0.0,0.0
8/6/2021 2:00,0.0,0.0
8/6/2021 3:00,0.0,0.0
8/6/2021 4:00,0.0,0.0
8/6/2021 5:00,0.0,0.0
8/6/2021 6:00,0.0,0.0
8/6/2021 7:00,0.0,0.0
8/6/2021 8:00,0.75,0.03
8/6/2021 9:00,4.5,0.19
8/6/2021 10:00,8.75,0.37
8/6/2021 11:00,12.75,0.54
8/6/2021 12:00,15.25,0.65
8/6/2021 13:00,16.75,0.71
8/6/2021 14:00,17.5,0.74
8/6/2021 15:00,17.25,0.73
8/6/2021 16:00,16.0,0.68
8/6/2021 17:00,13.75,0.58
8/6/2021 18:00,11.25,0.48
8/6/2021 19:00,6.75,0.29
8/6/2021 20:00,2.0,0.09
8/6/2021 21:00,0.25,0.01
8/6/2021 22:00,0.0,0.0
8/6/2021 23:00,0.0,0.0
8/7/2021 0:00,0.0,0.0
8/7/2021 1:00,0.0,0.0
8/7/2021 2:00,0.0,0.0
8/7/2021 3:00,0.0,0.0
8/7/2021 4:00,0.0,0.0
8/7/2021 5:00,0.0,0.0
8/7/2021 6:00,0.0,0.0
8/7/2021 7:00,0.0,0.0
8/7/2021 8:00,1.25,0.05
8/7/2021 9:00,2.75,0.12
8/7/2021 10:00,7.25,0.31
8/7/2021 11:00,9.75,0.41
8/7/2021 12:00,11.75,0.5
8/7/2021 13:00,14.5,0.62
8/7/2021 14:00,16.5,0.7
8/7/2021 15:00,16.75,0.71
8/7/2021 16:00,14.75,0.63
8/7/2021 17:00,13.75,0.58
8/7/2021 18:00,11.0,0.47
8/7/2021 19:00,7.0,0.3
8/7/2021 20:00,2.0,0.09
8/7/2021 21:00,0.25,0.01
8/7/2021 22:00,0.0,0.0
8/7/2021 23:00,0.0,0.0
8/8/2021 0:00,0.0,0.0
8/8/2021 1:00,0.0,0.0
8/8/2021 2:00,0.0,0.0
8/8/2021 3:00,0.0,0.0
8/8/2021 4:00,0.0,0.0
8/8/2021 5:00,0.0,0.0
8/8/2021 6:00,0.0,0.0
8/8/2021 7:00,0.0,0.0
8/8/2021 8:00,0.75,0.03
8/8/2021 9:00,4.25,0.18
8/8/2021 10:00,9.0,0.38
8/8/2021 11:00,13.0,0.55
8/8/2021 12:00,15.75,0.67
8/8/2021 13:00,17.5,0.74
8/8/2021 14:00,17.75,0.75
8/8/2021 15:00,17.75,0.75
8/8/2021 16:00,16.5,0.7
8/8/2021 17:00,14.25,0.61
8/8/2021 18:00,11.0,0.47
8/8/2021 19:00,6.75,0.29
8/8/2021 20:00,2.0,0.09
8/8/2021 21:00,0.0,0.0
8/8/2021 22:00,0.0,0.0
8/8/2021 23:00,0.0,0.0
8/9/2021 0:00,0.0,0.0
8/9/2021 1:00,0.0,0.0
8/9/2021 2:00,0.0,0.0
8/9/2021 3:00,0.0,0.0
8/9/2021 4:00,0.0,0.0
8/9/2021 5:00,0.0,0.0
8/9/2021 6:00,0.0,0.0
8/9/2021 7:00,0.0,0.0
8/9/2021 8:00,1.0,0.04
8/9/2021 9:00,4.25,0.18
8/9/2021 10:00,9.0,0.38
8/9/2021 11:00,12.75,0.54
8/9/2021 12:00,15.25,0.65
8/9/2021 13:00,17.0,0.72
8/9/2021 14:00,17.5,0.74
8/9/2021 15:00,17.25,0.73
8/9/2021 16:00,16.25,0.69
8/9/2021 17:00,14.0,0.6
8/9/2021 18:00,11.0,0.47
8/9/2021 19:00,6.75,0.29
8/9/2021 20:00,2.25,0.1
8/9/2021 21:00,0.0,0.0
8/9/2021 22:00,0.0,0.0
8/9/2021 23:00,0.0,0.0
8/10/2021 0:00,0.0,0.0
8/10/2021 1:00,0.0,0.0
8/10/2021 2:00,0.0,0.0
8/10/2021 3:00,0.0,0.0
8/10/2021 4:00,0.0,0.0
8/10/2021 5:00,0.0,0.0
8/10/2021 6:00,0.0,0.0
8/10/2021 7:00,0.0,0.0
8/10/2021 8:00,1.0,0.04
8/10/2021 9:00,4.25,0.18
8/10/2021 10:00,8.75,0.37
8/10/2021 11:00,13.0,0.55
8/10/2021 12:00,15.25,0.65
8/10/2021 13:00,17.0,0.72
8/10/2021 14:00,17.5,0.74
8/10/2021 15:00,17.0,0.72
8/10/2021 16:00,16.0,0.68
8/10/2021 17:00,14.0,0.6
8/10/2021 18:00,10.75,0.46
8/10/2021 19:00,6.5,0.28
8/10/2021 20:00,1.75,0.07
8/10/2021 21:00,0.25,0.01
8/10/2021 22:00,0.0,0.0
8/10/2021 23:00,0.0,0.0
8/11/2021 0:00,0.0,0.0
8/11/2021 1:00,0.0,0.0
8/11/2021 2:00,0.0,0.0
8/11/2021 3:00,0.0,0.0
8/11/2021 4:00,0.0,0.0
8/11/2021 5:00,0.0,0.0
8/11/2021 6:00,0.0,0.0
8/11/2021 7:00,0.0,0.0
8/11/2021 8:00,0.75,0.03
8/11/2021 9:00,4.0,0.17
8/11/2021 10:00,8.5,0.36
8/11/2021 11:00,12.5,0.53
8/11/2021 12:00,15.0,0.64
8/11/2021 13:00,16.5,0.7
8/11/2021 14:00,17.25,0.73
8/11/2021 15:00,16.75,0.71
8/11/2021 16:00,15.5,0.66
8/11/2021 17:00,13.25,0.56
8/11/2021 18:00,10.0,0.43
8/11/2021 19:00,5.75,0.24
8/11/2021 20:00,2.0,0.09
8/11/2021 21:00,0.0,0.0
8/11/2021 22:00,0.0,0.0
8/11/2021 23:00,0.0,0.0
8/12/2021 0:00,0.0,0.0
8/12/2021 1:00,0.0,0.0
8/12/2021 2:00,0.0,0.0
8/12/2021 3:00,0.0,0.0
8/12/2021 4:00,0.0,0.0
8/12/2021 5:00,0.0,0.0
8/12/2021 6:00,0.0,0.0
8/12/2021 7:00,0.0,0.0
8/12/2021 8:00,0.75,0.03
8/12/2021 9:00,4.25,0.18
8/12/2021 10:00,8.75,0.37
8/12/2021 11:00,12.5,0.53
8/12/2021 12:00,15.5,0.66
8/12/2021 13:00,17.0,0.72
8/12/2021 14:00,17.25,0.73
8/12/2021 15:00,17.0,0.72
8/12/2021 16:00,16.0,0.68
8/12/2021 17:00,14.0,0.6
8/12/2021 18:00,10.75,0.46
8/12/2021 19:00,6.5,0.28
8/12/2021 20:00,2.0,0.09
8/12/2021 21:00,0.0,0.0
8/12/2021 22:00,0.0,0.0
8/12/2021 23:00,0.0,0.0
8/13/2021 0:00,0.0,0.0
8/13/2021 1:00,0.0,0.0
8/13/2021 2:00,0.0,0.0
8/13/2021 3:00,0.0,0.0
8/13/2021 4:00,0.0,0.0
8/13/2021 5:00,0.0,0.0
8/13/2021 6:00,0.0,0.0
8/13/2021 7:00,0.0,0.0
8/13/2021 8:00,0.75,0.03
8/13/2021 9:00,4.0,0.17
8/13/2021 10:00,8.75,0.37
8/13/2021 11:00,12.5,0.53
8/13/2021 12:00,14.75,0.63
8/13/2021 13:00,16.5,0.7
8/13/2021 14:00,17.0,0.72
8/13/2021 15:00,16.5,0.7
8/13/2021 16:00,15.25,0.65
8/13/2021 17:00,13.0,0.55
8/13/2021 18:00,10.0,0.43
8/13/2021 19:00,6.0,0.26
8/13/2021 20:00,2.0,0.09
8/13/2021 21:00,0.25,0.01
8/13/2021 22:00,0.0,0.0
8/13/2021 23:00,0.0,0.0
8/14/2021 0:00,0.0,0.0
8/14/2021 1:00,0.0,0.0
8/14/2021 2:00,0.0,0.0
8/14/2021 3:00,0.0,0.0
8/14/2021 4:00,0.0,0.0
8/14/2021 5:00,0.0,0.0
8/14/2021 6:00,0.0,0.0
8/14/2021 7:00,0.0,0.0
8/14/2021 8:00,1.0,0.04
8/14/2021 9:00,3.25,0.14
8/14/2021 10:00,6.0,0.26
8/14/2021 11:00,9.75,0.41
8/14/2021 12:00,14.25,0.61
8/14/2021 13:00,15.75,0.67
8/14/2021 14:00,16.0,0.68
8/14/2021 15:00,15.75,0.67
8/14/2021 16:00,14.5,0.62
8/14/2021 17:00,12.25,0.52
8/14/2021 18:00,8.75,0.37
8/14/2021 19:00,2.75,0.12
8/14/2021 20:00,1.25,0.05
8/14/2021 21:00,0.25,0.01
8/14/2021 22:00,0.0,0.0
8/14/2021 23:00,0.0,0.0
8/15/2021 0:00,0.0,0.0
8/15/2021 1:00,0.0,0.0
8/15/2021 2:00,0.0,0.0
8/15/2021 3:00,0.0,0.0
8/15/2021 4:00,0.0,0.0
8/15/2021 5:00,0.0,0.0
8/15/2021 6:00,0.0,0.0
8/15/2021 7:00,0.0,0.0
8/15/2021 8:00,0.75,0.03
8/15/2021 9:00,4.25,0.18
8/15/2021 10:00,7.0,0.3
8/15/2021 11:00,12.5,0.53
8/15/2021 12:00,14.75,0.63
8/15/2021 13:00,15.0,0.64
8/15/2021 14:00,16.75,0.71
8/15/2021 15:00,16.5,0.7
8/15/2021 16:00,15.5,0.66
8/15/2021 17:00,13.75,0.58
8/15/2021 18:00,10.5,0.45
8/15/2021 19:00,6.0,0.26
8/15/2021 20:00,1.75,0.07
8/15/2021 21:00,0.25,0.01
8/15/2021 22:00,0.0,0.0
8/15/2021 23:00,0.0,0.0
8/16/2021 0:00,0.0,0.0
8/16/2021 1:00,0.0,0.0
8/16/2021 2:00,0.0,0.0
8/16/2021 3:00,0.0,0.0
8/16/2021 4:00,0.0,0.0
8/16/2021 5:00,0.0,0.0
8/16/2021 6:00,0.0,0.0
8/16/2021 7:00,0.0,0.0
8/16/2021 8:00,0.75,0.03
8/16/2021 9:00,4.0,0.17
8/16/2021 10:00,8.75,0.37
8/16/2021 11:00,12.75,0.54
8/16/2021 12:00,15.5,0.66
8/16/2021 13:00,16.75,0.71
8/16/2021 14:00,17.75,0.75
8/16/2021 15:00,17.5,0.74
8/16/2021 16:00,16.25,0.69
8/16/2021 17:00,14.25,0.61
8/16/2021 18:00,10.75,0.46
8/16/2021 19:00,6.25,0.27
8/16/2021 20:00,1.75,0.07
8/16/2021 21:00,0.0,0.0
8/16/2021 22:00,0.0,0.0
8/16/2021 23:00,0.0,0.0
8/17/2021 0:00,0.0,0.0
8/17/2021 1:00,0.0,0.0
8/17/2021 2:00,0.0,0.0
8/17/2021 3:00,0.0,0.0
8/17/2021 4:00,0.0,0.0
8/17/2021 5:00,0.0,0.0
8/17/2021 6:00,0.0,0.0
8/17/2021 7:00,0.0,0.0
8/17/2021 8:00,0.75,0.03
8/17/2021 9:00,3.75,0.16
8/17/2021 10:00,8.75,0.37
8/17/2021 11:00,12.5,0.53
8/17/2021 12:00,15.25,0.65
8/17/2021 13:00,16.75,0.71
8/17/2021 14:00,17.75,0.75
8/17/2021 15:00,17.25,0.73
8/17/2021 16:00,16.0,0.68
8/17/2021 17:00,13.5,0.57
8/17/2021 18:00,10.5,0.45
8/17/2021 19:00,6.25,0.27
8/17/2021 20:00,1.5,0.06
8/17/2021 21:00,0.0,0.0
8/17/2021 22:00,0.0,0.0
8/17/2021 23:00,0.0,0.0
8/18/2021 0:00,0.0,0.0
8/18/2021 1:00,0.0,0.0
8/18/2021 2:00,0.0,0.0
8/18/2021 3:00,0.0,0.0
8/18/2021 4:00,0.0,0.0
8/18/2021 5:00,0.0,0.0
8/18/2021 6:00,0.0,0.0
8/18/2021 7:00,0.0,0.0
8/18/2021 8:00,0.75,0.03
8/18/2021 9:00,4.0,0.17
8/18/2021 10:00,8.5,0.36
8/18/2021 11:00,12.25,0.52
8/18/2021 12:00,15.0,0.64
8/18/2021 13:00,16.5,0.7
8/18/2021 14:00,17.0,0.72
8/18/2021 15:00,17.0,0.72
8/18/2021 16:00,15.75,0.67
8/18/2021 17:00,13.75,0.58
8/18/2021 18:00,10.75,0.46
8/18/2021 19:00,6.0,0.26
8/18/2021 20:00,1.75,0.07
8/18/2021 21:00,0.0,0.0
8/18/2021 22:00,0.0,0.0
8/18/2021 23:00,0.0,0.0
8/19/2021 0:00,0.0,0.0
8/19/2021 1:00,0.0,0.0
8/19/2021 2:00,0.0,0.0
8/19/2021 3:00,0.0,0.0
8/19/2021 4:00,0.0,0.0
8/19/2021 5:00,0.0,0.0
8/19/2021 6:00,0.0,0.0
8/19/2021 7:00,0.0,0.0
8/19/2021 8:00,0.75,0.03
8/19/2021 9:00,3.5,0.15
8/19/2021 10:00,8.5,0.36
8/19/2021 11:00,12.75,0.54
8/19/2021 12:00,15.25,0.65
8/19/2021 13:00,17.0,0.72
8/19/2021 14:00,17.5,0.74
8/19/2021 15:00,17.5,0.74
8/19/2021 16:00,16.0,0.68
8/19/2021 17:00,14.0,0.6
8/19/2021 18:00,10.75,0.46
8/19/2021 19:00,6.25,0.27
8/19/2021 20:00,1.5,0.06
8/19/2021 21:00,0.0,0.0
8/19/2021 22:00,0.0,0.0
8/19/2021 23:00,0.0,0.0
8/20/2021 0:00,0.0,0.0
8/20/2021 1:00,0.0,0.0
8/20/2021 2:00,0.0,0.0
8/20/2021 3:00,0.0,0.0
8/20/2021 4:00,0.0,0.0
8/20/2021 5:00,0.0,0.0
8/20/2021 6:00,0.0,0.0
8/20/2021 7:00,0.0,0.0
8/20/2021 8:00,0.75,0.03
8/20/2021 9:00,3.75,0.16
8/20/2021 10:00,8.75,0.37
8/20/2021 11:00,12.5,0.53
8/20/2021 12:00,15.0,0.64
8/20/2021 13:00,17.0,0.72
8/20/2021 14:00,17.5,0.74
8/20/2021 15:00,17.0,0.72
8/20/2021 16:00,16.0,0.68
8/20/2021 17:00,13.25,0.56
8/20/2021 18:00,10.5,0.45
8/20/2021 19:00,6.0,0.26
8/20/2021 20:00,1.5,0.06
8/20/2021 21:00,0.0,0.0
8/20/2021 22:00,0.0,0.0
8/20/2021 23:00,0.0,0.0
8/21/2021 0:00,0.0,0.0
8/21/2021 1:00,0.0,0.0
8/21/2021 2:00,0.0,0.0
8/21/2021 3:00,0.0,0.0
8/21/2021 4:00,0.0,0.0
8/21/2021 5:00,0.0,0.0
8/21/2021 6:00,0.0,0.0
8/21/2021 7:00,0.0,0.0
8/21/2021 8:00,0.5,0.02
8/21/2021 9:00,3.75,0.16
8/21/2021 10:00,8.5,0.36
8/21/2021 11:00,12.25,0.52
8/21/2021 12:00,15.0,0.64
8/21/2021 13:00,16.5,0.7
8/21/2021 14:00,17.25,0.73
8/21/2021 15:00,16.5,0.7
8/21/2021 16:00,15.75,0.67
8/21/2021 17:00,13.5,0.57
8/21/2021 18:00,10.25,0.44
8/21/2021 19:00,5.75,0.24
8/21/2021 20:00,1.5,0.06
8/21/2021 21:00,0.0,0.0
8/21/2021 22:00,0.0,0.0
8/21/2021 23:00,0.0,0.0
8/22/2021 0:00,0.0,0.0
8/22/2021 1:00,0.0,0.0
8/22/2021 2:00,0.0,0.0
8/22/2021 3:00,0.0,0.0
8/22/2021 4:00,0.0,0.0
8/22/2021 5:00,0.0,0.0
8/22/2021 6:00,0.0,0.0
8/22/2021 7:00,0.0,0.0
8/22/2021 8:00,0.5,0.02
8/22/2021 9:00,3.75,0.16
8/22/2021 10:00,8.25,0.35
8/22/2021 11:00,12.25,0.52
8/22/2021 12:00,15.0,0.64
8/22/2021 13:00,16.5,0.7
8/22/2021 14:00,17.0,0.72
8/22/2021 15:00,17.25,0.73
8/22/2021 16:00,15.75,0.67
8/22/2021 17:00,13.5,0.57
8/22/2021 18:00,10.25,0.44
8/22/2021 19:00,5.75,0.24
8/22/2021 20:00,1.25,0.05
8/22/2021 21:00,0.25,0.01
8/22/2021 22:00,0.0,0.0
8/22/2021 23:00,0.0,0.0
8/23/2021 0:00,0.0,0.0
8/23/2021 1:00,0.0,0.0
8/23/2021 2:00,0.0,0.0
8/23/2021 3:00,0.0,0.0
8/23/2021 4:00,0.0,0.0
8/23/2021 5:00,0.0,0.0
8/23/2021 6:00,0.0,0.0
8/23/2021 7:00,0.0,0.0
8/23/2021 8:00,0.5,0.02
8/23/2021 9:00,3.5,0.15
8/23/2021 10:00,7.75,0.33
8/23/2021 11:00,11.75,0.5
8/23/2021 12:00,14.0,0.6
8/23/2021 13:00,15.75,0.67
8/23/2021 14:00,16.0,0.68
8/23/2021 15:00,16.25,0.69
8/23/2021 16:00,15.25,0.65
8/23/2021 17:00,12.5,0.53
8/23/2021 18:00,9.25,0.39
8/23/2021 19:00,5.25,0.22
8/23/2021 20:00,1.25,0.05
8/23/2021 21:00,0.0,0.0
8/23/2021 22:00,0.0,0.0
8/23/2021 23:00,0.0,0.0
8/24/2021 0:00,0.0,0.0
8/24/2021 1:00,0.0,0.0
8/24/2021 2:00,0.0,0.0
8/24/2021 3:00,0.0,0.0
8/24/2021 4:00,0.0,0.0
8/24/2021 5:00,0.0,0.0
8/24/2021 6:00,0.0,0.0
8/24/2021 7:00,0.0,0.0
8/24/2021 8:00,0.5,0.02
8/24/2021 9:00,3.5,0.15
8/24/2021 10:00,7.5,0.32
8/24/2021 11:00,9.5,0.4
8/24/2021 12:00,12.5,0.53
8/24/2021 13:00,15.5,0.66
8/24/2021 14:00,16.25,0.69
8/24/2021 15:00,16.25,0.69
8/24/2021 16:00,14.75,0.63
8/24/2021 17:00,12.5,0.53
8/24/2021 18:00,8.75,0.37
8/24/2021 19:00,4.75,0.2
8/24/2021 20:00,1.0,0.04
8/24/2021 21:00,0.0,0.0
8/24/2021 22:00,0.0,0.0
8/24/2021 23:00,0.0,0.0
8/25/2021 0:00,0.0,0.0
8/25/2021 1:00,0.0,0.0
8/25/2021 2:00,0.0,0.0
8/25/2021 3:00,0.0,0.0
8/25/2021 4:00,0.0,0.0
8/25/2021 5:00,0.0,0.0
8/25/2021 6:00,0.0,0.0
8/25/2021 7:00,0.0,0.0
8/25/2021 8:00,0.25,0.01
8/25/2021 9:00,0.5,0.02
8/25/2021 10:00,1.25,0.05
8/25/2021 11:00,2.5,0.11
8/25/2021 12:00,8.25,0.35
8/25/2021 13:00,11.75,0.5
8/25/2021 14:00,12.25,0.52
8/25/2021 15:00,16.5,0.7
8/25/2021 16:00,15.25,0.65
8/25/2021 17:00,12.75,0.54
8/25/2021 18:00,9.5,0.4
8/25/2021 19:00,4.75,0.2
8/25/2021 20:00,1.25,0.05
8/25/2021 21:00,0.0,0.0
8/25/2021 22:00,0.0,0.0
8/25/2021 23:00,0.0,0.0
8/26/2021 0:00,0.0,0.0
8/26/2021 1:00,0.0,0.0
8/26/2021 2:00,0.0,0.0
8/26/2021 3:00,0.0,0.0
8/26/2021 4:00,0.0,0.0
8/26/2021 5:00,0.0,0.0
8/26/2021 6:00,0.0,0.0
8/26/2021 7:00,0.0,0.0
8/26/2021 8:00,0.25,0.01
8/26/2021 9:00,2.25,0.1
8/26/2021 10:00,3.75,0.16
8/26/2021 11:00,9.25,0.39
8/26/2021 12:00,14.25,0.61
8/26/2021 13:00,16.25,0.69
8/26/2021 14:00,17.0,0.72
8/26/2021 15:00,16.5,0.7
8/26/2021 16:00,15.0,0.64
8/26/2021 17:00,12.75,0.54
8/26/2021 18:00,9.5,0.4
8/26/2021 19:00,5.25,0.22
8/26/2021 20:00,1.0,0.04
8/26/2021 21:00,0.0,0.0
8/26/2021 22:00,0.0,0.0
8/26/2021 23:00,0.0,0.0
8/27/2021 0:00,0.0,0.0
8/27/2021 1:00,0.0,0.0
8/27/2021 2:00,0.0,0.0
8/27/2021 3:00,0.0,0.0
8/27/2021 4:00,0.0,0.0
8/27/2021 5:00,0.0,0.0
8/27/2021 6:00,0.0,0.0
8/27/2021 7:00,0.0,0.0
8/27/2021 8:00,0.5,0.02
8/27/2021 9:00,3.5,0.15
8/27/2021 10:00,8.0,0.34
8/27/2021 11:00,11.5,0.49
8/27/2021 12:00,14.25,0.61
8/27/2021 13:00,16.25,0.69
8/27/2021 14:00,17.0,0.72
8/27/2021 15:00,16.75,0.71
8/27/2021 16:00,15.5,0.66
8/27/2021 17:00,13.0,0.55
8/27/2021 18:00,9.5,0.4
8/27/2021 19:00,5.0,0.21
8/27/2021 20:00,1.0,0.04
8/27/2021 21:00,0.0,0.0
8/27/2021 22:00,0.0,0.0
8/27/2021 23:00,0.0,0.0
8/28/2021 0:00,0.0,0.0
8/28/2021 1:00,0.0,0.0
8/28/2021 2:00,0.0,0.0
8/28/2021 3:00,0.0,0.0
8/28/2021 4:00,0.0,0.0
8/28/2021 5:00,0.0,0.0
8/28/2021 6:00,0.0,0.0
8/28/2021 7:00,0.0,0.0
8/28/2021 8:00,0.5,0.02
8/28/2021 9:00,2.25,0.1
8/28/2021 10:00,4.0,0.17
8/28/2021 11:00,6.0,0.26
8/28/2021 12:00,9.0,0.38
8/28/2021 13:00,12.25,0.52
8/28/2021 14:00,7.5,0.32
8/28/2021 15:00,13.5,0.57
8/28/2021 16:00,15.25,0.65
8/28/2021 17:00,13.25,0.56
8/28/2021 18:00,10.0,0.43
8/28/2021 19:00,6.0,0.26
8/28/2021 20:00,1.25,0.05
8/28/2021 21:00,0.0,0.0
8/28/2021 22:00,0.0,0.0
8/28/2021 23:00,0.0,0.0
8/29/2021 0:00,0.0,0.0
8/29/2021 1:00,0.0,0.0
8/29/2021 2:00,0.0,0.0
8/29/2021 3:00,0.0,0.0
8/29/2021 4:00,0.0,0.0
8/29/2021 5:00,0.0,0.0
8/29/2021 6:00,0.0,0.0
8/29/2021 7:00,0.0,0.0
8/29/2021 8:00,0.25,0.01
8/29/2021 9:00,3.25,0.14
8/29/2021 10:00,5.75,0.24
8/29/2021 11:00,11.25,0.48
8/29/2021 12:00,14.0,0.6
8/29/2021 13:00,15.0,0.64
8/29/2021 14:00,17.5,0.74
8/29/2021 15:00,17.0,0.72
8/29/2021 16:00,15.75,0.67
8/29/2021 17:00,13.25,0.56
8/29/2021 18:00,8.5,0.36
8/29/2021 19:00,5.25,0.22
8/29/2021 20:00,0.75,0.03
8/29/2021 21:00,0.25,0.01
8/29/2021 22:00,0.0,0.0
8/29/2021 23:00,0.0,0.0
8/30/2021 0:00,0.0,0.0
8/30/2021 1:00,0.0,0.0
8/30/2021 2:00,0.0,0.0
8/30/2021 3:00,0.0,0.0
8/30/2021 4:00,0.0,0.0
8/30/2021 5:00,0.0,0.0
8/30/2021 6:00,0.0,0.0
8/30/2021 7:00,0.0,0.0
8/30/2021 8:00,0.25,0.01
8/30/2021 9:00,1.75,0.07
8/30/2021 10:00,4.0,0.17
8/30/2021 11:00,7.25,0.31
8/30/2021 12:00,9.5,0.4
8/30/2021 13:00,8.5,0.36
8/30/2021 14:00,12.25,0.52
8/30/2021 15:00,16.75,0.71
8/30/2021 16:00,15.5,0.66
8/30/2021 17:00,13.25,0.56
8/30/2021 18:00,9.75,0.41
8/30/2021 19:00,5.25,0.22
8/30/2021 20:00,0.75,0.03
8/30/2021 21:00,0.0,0.0
8/30/2021 22:00,0.0,0.0
8/30/2021 23:00,0.0,0.0
8/31/2021 0:00,0.0,0.0
8/31/2021 1:00,0.0,0.0
8/31/2021 2:00,0.0,0.0
8/31/2021 3:00,0.0,0.0
8/31/2021 4:00,0.0,0.0
8/31/2021 5:00,0.0,0.0
8/31/2021 6:00,0.0,0.0
8/31/2021 7:00,0.0,0.0
8/31/2021 8:00,0.25,0.01
8/31/2021 9:00,3.25,0.14
8/31/2021 10:00,7.75,0.33
8/31/2021 11:00,11.75,0.5
8/31/2021 12:00,14.5,0.62
8/31/2021 13:00,16.0,0.68
8/31/2021 14:00,16.5,0.7
8/31/2021 15:00,15.75,0.67
8/31/2021 16:00,15.0,0.64
8/31/2021 17:00,13.25,0.56
8/31/2021 18:00,7.75,0.33
8/31/2021 19:00,1.75,0.07
8/31/2021 20:00,0.5,0.02
8/31/2021 21:00,0.0,0.0
8/31/2021 22:00,0.0,0.0
8/31/2021 23:00,0.0,0.0
9/1/2021 0:00,0.0,0.0
9/1/2021 1:00,0.0,0.0
9/1/2021 2:00,0.0,0.0
9/1/2021 3:00,0.0,0.0
9/1/2021 4:00,0.0,0.0
9/1/2021 5:00,0.0,0.0
9/1/2021 6:00,0.0,0.0
9/1/2021 7:00,0.0,0.0
9/1/2021 8:00,0.25,0.01
9/1/2021 9:00,2.0,0.09
9/1/2021 10:00,4.0,0.17
9/1/2021 11:00,6.5,0.28
9/1/2021 12:00,14.5,0.62
9/1/2021 13:00,16.0,0.68
9/1/2021 14:00,16.75,0.71
9/1/2021 15:00,18.5,0.79
9/1/2021 16:00,17.5,0.74
9/1/2021 17:00,13.5,0.57
9/1/2021 18:00,9.75,0.41
9/1/2021 19:00,5.25,0.22
9/1/2021 20:00,0.5,0.02
9/1/2021 21:00,0.0,0.0
9/1/2021 22:00,0.0,0.0
9/1/2021 23:00,0.0,0.0
9/2/2021 0:00,0.0,0.0
9/2/2021 1:00,0.0,0.0
9/2/2021 2:00,0.0,0.0
9/2/2021 3:00,0.0,0.0
9/2/2021 4:00,0.0,0.0
9/2/2021 5:00,0.0,0.0
9/2/2021 6:00,0.0,0.0
9/2/2021 7:00,0.0,0.0
9/2/2021 8:00,0.5,0.02
9/2/2021 9:00,3.5,0.15
9/2/2021 10:00,7.5,0.32
9/2/2021 11:00,5.0,0.21
9/2/2021 12:00,12.25,0.52
9/2/2021 13:00,15.5,0.66
9/2/2021 14:00,15.5,0.66
9/2/2021 15:00,14.0,0.6
9/2/2021 16:00,12.25,0.52
9/2/2021 17:00,13.25,0.56
9/2/2021 18:00,9.5,0.4
9/2/2021 19:00,5.0,0.21
9/2/2021 20:00,0.75,0.03
9/2/2021 21:00,0.0,0.0
9/2/2021 22:00,0.0,0.0
9/2/2021 23:00,0.0,0.0
9/3/2021 0:00,0.0,0.0
9/3/2021 1:00,0.0,0.0
9/3/2021 2:00,0.0,0.0
9/3/2021 3:00,0.0,0.0
9/3/2021 4:00,0.0,0.0
9/3/2021 5:00,0.0,0.0
9/3/2021 6:00,0.0,0.0
9/3/2021 7:00,0.0,0.0
9/3/2021 8:00,0.25,0.01
9/3/2021 9:00,3.0,0.13
9/3/2021 10:00,5.25,0.22
9/3/2021 11:00,11.75,0.5
9/3/2021 12:00,14.25,0.61
9/3/2021 13:00,16.0,0.68
9/3/2021 14:00,16.75,0.71
9/3/2021 15:00,16.5,0.7
9/3/2021 16:00,15.5,0.66
9/3/2021 17:00,13.0,0.55
9/3/2021 18:00,9.25,0.39
9/3/2021 19:00,4.75,0.2
9/3/2021 20:00,0.75,0.03
9/3/2021 21:00,0.0,0.0
9/3/2021 22:00,0.0,0.0
9/3/2021 23:00,0.0,0.0
9/4/2021 0:00,0.0,0.0
9/4/2021 1:00,0.0,0.0
9/4/2021 2:00,0.0,0.0
9/4/2021 3:00,0.0,0.0
9/4/2021 4:00,0.0,0.0
9/4/2021 5:00,0.0,0.0
9/4/2021 6:00,0.0,0.0
9/4/2021 7:00,0.0,0.0
9/4/2021 8:00,0.25,0.01
9/4/2021 9:00,3.5,0.15
9/4/2021 10:00,7.75,0.33
9/4/2021 11:00,12.0,0.51
9/4/2021 12:00,14.5,0.62
9/4/2021 13:00,16.25,0.69
9/4/2021 14:00,16.5,0.7
9/4/2021 15:00,16.0,0.68
9/4/2021 16:00,14.75,0.63
9/4/2021 17:00,12.5,0.53
9/4/2021 18:00,9.0,0.38
9/4/2021 19:00,4.75,0.2
9/4/2021 20:00,0.5,0.02
9/4/2021 21:00,0.0,0.0
9/4/2021 22:00,0.0,0.0
9/4/2021 23:00,0.0,0.0
9/5/2021 0:00,0.0,0.0
9/5/2021 1:00,0.0,0.0
9/5/2021 2:00,0.0,0.0
9/5/2021 3:00,0.0,0.0
9/5/2021 4:00,0.0,0.0
9/5/2021 5:00,0.0,0.0
9/5/2021 6:00,0.0,0.0
9/5/2021 7:00,0.0,0.0
9/5/2021 8:00,0.25,0.01
9/5/2021 9:00,3.25,0.14
9/5/2021 10:00,7.75,0.33
9/5/2021 11:00,11.0,0.47
9/5/2021 12:00,14.0,0.6
9/5/2021 13:00,15.75,0.67
9/5/2021 14:00,16.0,0.68
9/5/2021 15:00,16.0,0.68
9/5/2021 16:00,14.0,0.6
9/5/2021 17:00,10.25,0.44
9/5/2021 18:00,5.0,0.21
9/5/2021 19:00,1.75,0.07
9/5/2021 20:00,0.75,0.03
9/5/2021 21:00,0.0,0.0
9/5/2021 22:00,0.0,0.0
9/5/2021 23:00,0.0,0.0
9/6/2021 0:00,0.0,0.0
9/6/2021 1:00,0.0,0.0
9/6/2021 2:00,0.0,0.0
9/6/2021 3:00,0.0,0.0
9/6/2021 4:00,0.0,0.0
9/6/2021 5:00,0.0,0.0
9/6/2021 6:00,0.0,0.0
9/6/2021 7:00,0.0,0.0
9/6/2021 8:00,0.5,0.02
9/6/2021 9:00,2.5,0.11
9/6/2021 10:00,4.25,0.18
9/6/2021 11:00,10.0,0.43
9/6/2021 12:00,11.25,0.48
9/6/2021 13:00,10.0,0.43
9/6/2021 14:00,14.5,0.62
9/6/2021 15:00,16.25,0.69
9/6/2021 16:00,15.0,0.64
9/6/2021 17:00,12.5,0.53
9/6/2021 18:00,7.5,0.32
9/6/2021 19:00,3.0,0.13
9/6/2021 20:00,0.5,0.02
9/6/2021 21:00,0.0,0.0
9/6/2021 22:00,0.0,0.0
9/6/2021 23:00,0.0,0.0
9/7/2021 0:00,0.0,0.0
9/7/2021 1:00,0.0,0.0
9/7/2021 2:00,0.0,0.0
9/7/2021 3:00,0.0,0.0
9/7/2021 4:00,0.0,0.0
9/7/2021 5:00,0.0,0.0
9/7/2021 6:00,0.0,0.0
9/7/2021 7:00,0.0,0.0
9/7/2021 8:00,0.0,0.0
9/7/2021 9:00,2.0,0.09
9/7/2021 10:00,6.0,0.26
9/7/2021 11:00,6.0,0.26
9/7/2021 12:00,10.0,0.43
9/7/2021 13:00,16.75,0.71
9/7/2021 14:00,10.75,0.46
9/7/2021 15:00,16.75,0.71
9/7/2021 16:00,7.75,0.33
9/7/2021 17:00,8.25,0.35
9/7/2021 18:00,6.0,0.26
9/7/2021 19:00,3.25,0.14
9/7/2021 20:00,0.5,0.02
9/7/2021 21:00,0.0,0.0
9/7/2021 22:00,0.0,0.0
9/7/2021 23:00,0.0,0.0
9/8/2021 0:00,0.0,0.0
9/8/2021 1:00,0.0,0.0
9/8/2021 2:00,0.0,0.0
9/8/2021 3:00,0.0,0.0
9/8/2021 4:00,0.0,0.0
9/8/2021 5:00,0.0,0.0
9/8/2021 6:00,0.0,0.0
9/8/2021 7:00,0.0,0.0
9/8/2021 8:00,0.5,0.02
9/8/2021 9:00,3.75,0.16
9/8/2021 10:00,8.25,0.35
9/8/2021 11:00,8.0,0.34
9/8/2021 12:00,8.0,0.34
9/8/2021 13:00,12.5,0.53
9/8/2021 14:00,12.75,0.54
9/8/2021 15:00,4.25,0.18
9/8/2021 16:00,3.5,0.15
9/8/2021 17:00,5.5,0.23
9/8/2021 18:00,4.5,0.19
9/8/2021 19:00,2.0,0.09
9/8/2021 20:00,0.5,0.02
9/8/2021 21:00,0.0,0.0
9/8/2021 22:00,0.0,0.0
9/8/2021 23:00,0.0,0.0
9/9/2021 0:00,0.0,0.0
9/9/2021 1:00,0.0,0.0
9/9/2021 2:00,0.0,0.0
9/9/2021 3:00,0.0,0.0
9/9/2021 4:00,0.0,0.0
9/9/2021 5:00,0.0,0.0
9/9/2021 6:00,0.0,0.0
9/9/2021 7:00,0.0,0.0
9/9/2021 8:00,0.0,0.0
9/9/2021 9:00,2.0,0.09
9/9/2021 10:00,4.5,0.19
9/9/2021 11:00,7.0,0.3
9/9/2021 12:00,6.25,0.27
9/9/2021 13:00,10.5,0.45
9/9/2021 14:00,9.75,0.41
9/9/2021 15:00,14.25,0.61
9/9/2021 16:00,7.25,0.31
9/9/2021 17:00,6.0,0.26
9/9/2021 18:00,4.5,0.19
9/9/2021 19:00,3.25,0.14
9/9/2021 20:00,0.5,0.02
9/9/2021 21:00,0.0,0.0
9/9/2021 22:00,0.0,0.0
9/9/2021 23:00,0.0,0.0
9/10/2021 0:00,0.0,0.0
9/10/2021 1:00,0.0,0.0
9/10/2021 2:00,0.0,0.0
9/10/2021 3:00,0.0,0.0
9/10/2021 4:00,0.0,0.0
9/10/2021 5:00,0.0,0.0
9/10/2021 6:00,0.0,0.0
9/10/2021 7:00,0.0,0.0
9/10/2021 8:00,0.0,0.0
9/10/2021 9:00,2.75,0.12
9/10/2021 10:00,8.0,0.34
9/10/2021 11:00,11.75,0.5
9/10/2021 12:00,14.5,0.62
9/10/2021 13:00,15.0,0.64
9/10/2021 14:00,15.25,0.65
9/10/2021 15:00,16.25,0.69
9/10/2021 16:00,14.5,0.62
9/10/2021 17:00,12.75,0.54
9/10/2021 18:00,9.0,0.38
9/10/2021 19:00,4.0,0.17
9/10/2021 20:00,0.5,0.02
9/10/2021 21:00,0.0,0.0
9/10/2021 22:00,0.0,0.0
9/10/2021 23:00,0.0,0.0
9/11/2021 0:00,0.0,0.0
9/11/2021 1:00,0.0,0.0
9/11/2021 2:00,0.0,0.0
9/11/2021 3:00,0.0,0.0
9/11/2021 4:00,0.0,0.0
9/11/2021 5:00,0.0,0.0
9/11/2021 6:00,0.0,0.0
9/11/2021 7:00,0.0,0.0
9/11/2021 8:00,0.25,0.01
9/11/2021 9:00,0.75,0.03
9/11/2021 10:00,5.75,0.24
9/11/2021 11:00,8.25,0.35
9/11/2021 12:00,12.25,0.52
9/11/2021 13:00,14.5,0.62
9/11/2021 14:00,14.5,0.62
9/11/2021 15:00,15.75,0.67
9/11/2021 16:00,14.75,0.63
9/11/2021 17:00,12.25,0.52
9/11/2021 18:00,8.75,0.37
9/11/2021 19:00,3.75,0.16
9/11/2021 20:00,0.25,0.01
9/11/2021 21:00,0.0,0.0
9/11/2021 22:00,0.0,0.0
9/11/2021 23:00,0.0,0.0
9/12/2021 0:00,0.0,0.0
9/12/2021 1:00,0.0,0.0
9/12/2021 2:00,0.0,0.0
9/12/2021 3:00,0.0,0.0
9/12/2021 4:00,0.0,0.0
9/12/2021 5:00,0.0,0.0
9/12/2021 6:00,0.0,0.0
9/12/2021 7:00,0.0,0.0
9/12/2021 8:00,0.5,0.02
9/12/2021 9:00,3.25,0.14
9/12/2021 10:00,6.5,0.28
9/12/2021 11:00,11.5,0.49
9/12/2021 12:00,12.25,0.52
9/12/2021 13:00,13.5,0.57
9/12/2021 14:00,11.0,0.47
9/12/2021 15:00,10.75,0.46
9/12/2021 16:00,10.5,0.45
9/12/2021 17:00,7.0,0.3
9/12/2021 18:00,4.0,0.17
9/12/2021 19:00,1.5,0.06
9/12/2021 20:00,0.25,0.01
9/12/2021 21:00,0.0,0.0
9/12/2021 22:00,0.0,0.0
9/12/2021 23:00,0.0,0.0
9/13/2021 0:00,0.0,0.0
9/13/2021 1:00,0.0,0.0
9/13/2021 2:00,0.0,0.0
9/13/2021 3:00,0.0,0.0
9/13/2021 4:00,0.0,0.0
9/13/2021 5:00,0.0,0.0
9/13/2021 6:00,0.0,0.0
9/13/2021 7:00,0.0,0.0
9/13/2021 8:00,0.0,0.0
9/13/2021 9:00,1.0,0.04
9/13/2021 10:00,2.5,0.11
9/13/2021 11:00,3.25,0.14
9/13/2021 12:00,12.75,0.54
9/13/2021 13:00,15.0,0.64
9/13/2021 14:00,15.75,0.67
9/13/2021 15:00,11.0,0.47
9/13/2021 16:00,7.0,0.3
9/13/2021 17:00,6.0,0.26
9/13/2021 18:00,4.0,0.17
9/13/2021 19:00,4.75,0.2
9/13/2021 20:00,0.75,0.03
9/13/2021 21:00,0.0,0.0
9/13/2021 22:00,0.0,0.0
9/13/2021 23:00,0.0,0.0
9/14/2021 0:00,0.0,0.0
9/14/2021 1:00,0.0,0.0
9/14/2021 2:00,0.0,0.0
9/14/2021 3:00,0.0,0.0
9/14/2021 4:00,0.0,0.0
9/14/2021 5:00,0.0,0.0
9/14/2021 6:00,0.0,0.0
9/14/2021 7:00,0.0,0.0
9/14/2021 8:00,0.0,0.0
9/14/2021 9:00,1.25,0.05
9/14/2021 10:00,2.75,0.12
9/14/2021 11:00,7.75,0.33
9/14/2021 12:00,8.5,0.36
9/14/2021 13:00,11.5,0.49
9/14/2021 14:00,14.0,0.6
9/14/2021 15:00,7.75,0.33
9/14/2021 16:00,15.0,0.64
9/14/2021 17:00,9.5,0.4
9/14/2021 18:00,7.0,0.3
9/14/2021 19:00,3.5,0.15
9/14/2021 20:00,0.25,0.01
9/14/2021 21:00,0.0,0.0
9/14/2021 22:00,0.0,0.0
9/14/2021 23:00,0.0,0.0
9/15/2021 0:00,0.0,0.0
9/15/2021 1:00,0.0,0.0
9/15/2021 2:00,0.0,0.0
9/15/2021 3:00,0.0,0.0
9/15/2021 4:00,0.0,0.0
9/15/2021 5:00,0.0,0.0
9/15/2021 6:00,0.0,0.0
9/15/2021 7:00,0.0,0.0
9/15/2021 8:00,0.25,0.01
9/15/2021 9:00,1.5,0.06
9/15/2021 10:00,4.75,0.2
9/15/2021 11:00,8.75,0.37
9/15/2021 12:00,15.0,0.64
9/15/2021 13:00,8.5,0.36
9/15/2021 14:00,4.25,0.18
9/15/2021 15:00,3.0,0.13
9/15/2021 16:00,15.75,0.67
9/15/2021 17:00,13.0,0.55
9/15/2021 18:00,9.25,0.39
9/15/2021 19:00,3.5,0.15
9/15/2021 20:00,0.25,0.01
9/15/2021 21:00,0.0,0.0
9/15/2021 22:00,0.0,0.0
9/15/2021 23:00,0.0,0.0
9/16/2021 0:00,0.0,0.0
9/16/2021 1:00,0.0,0.0
9/16/2021 2:00,0.0,0.0
9/16/2021 3:00,0.0,0.0
9/16/2021 4:00,0.0,0.0
9/16/2021 5:00,0.0,0.0
9/16/2021 6:00,0.0,0.0
9/16/2021 7:00,0.0,0.0
9/16/2021 8:00,0.25,0.01
9/16/2021 9:00,3.0,0.13
9/16/2021 10:00,7.75,0.33
9/16/2021 11:00,11.75,0.5
9/16/2021 12:00,14.5,0.62
9/16/2021 13:00,16.0,0.68
9/16/2021 14:00,16.5,0.7
9/16/2021 15:00,16.25,0.69
9/16/2021 16:00,14.75,0.63
9/16/2021 17:00,12.25,0.52
9/16/2021 18:00,8.75,0.37
9/16/2021 19:00,3.5,0.15
9/16/2021 20:00,0.25,0.01
9/16/2021 21:00,0.0,0.0
9/16/2021 22:00,0.0,0.0
9/16/2021 23:00,0.0,0.0
9/17/2021 0:00,0.0,0.0
9/17/2021 1:00,0.0,0.0
9/17/2021 2:00,0.0,0.0
9/17/2021 3:00,0.0,0.0
9/17/2021 4:00,0.0,0.0
9/17/2021 5:00,0.0,0.0
9/17/2021 6:00,0.0,0.0
9/17/2021 7:00,0.0,0.0
9/17/2021 8:00,0.25,0.01
9/17/2021 9:00,3.0,0.13
9/17/2021 10:00,6.25,0.27
9/17/2021 11:00,10.75,0.46
9/17/2021 12:00,14.5,0.62
9/17/2021 13:00,16.0,0.68
9/17/2021 14:00,16.75,0.71
9/17/2021 15:00,16.25,0.69
9/17/2021 16:00,15.0,0.64
9/17/2021 17:00,12.5,0.53
9/17/2021 18:00,6.25,0.27
9/17/2021 19:00,4.25,0.18
9/17/2021 20:00,0.25,0.01
9/17/2021 21:00,0.0,0.0
9/17/2021 22:00,0.0,0.0
9/17/2021 23:00,0.0,0.0
9/18/2021 0:00,0.0,0.0
9/18/2021 1:00,0.0,0.0
9/18/2021 2:00,0.0,0.0
9/18/2021 3:00,0.0,0.0
9/18/2021 4:00,0.0,0.0
9/18/2021 5:00,0.0,0.0
9/18/2021 6:00,0.0,0.0
9/18/2021 7:00,0.0,0.0
9/18/2021 8:00,0.25,0.01
9/18/2021 9:00,3.0,0.13
9/18/2021 10:00,7.25,0.31
9/18/2021 11:00,12.25,0.52
9/18/2021 12:00,15.25,0.65
9/18/2021 13:00,17.0,0.72
9/18/2021 14:00,17.5,0.74
9/18/2021 15:00,16.75,0.71
9/18/2021 16:00,15.75,0.67
9/18/2021 17:00,12.75,0.54
9/18/2021 18:00,8.75,0.37
9/18/2021 19:00,3.5,0.15
9/18/2021 20:00,0.0,0.0
9/18/2021 21:00,0.0,0.0
9/18/2021 22:00,0.0,0.0
9/18/2021 23:00,0.0,0.0
9/19/2021 0:00,0.0,0.0
9/19/2021 1:00,0.0,0.0
9/19/2021 2:00,0.0,0.0
9/19/2021 3:00,0.0,0.0
9/19/2021 4:00,0.0,0.0
9/19/2021 5:00,0.0,0.0
9/19/2021 6:00,0.0,0.0
9/19/2021 7:00,0.0,0.0
9/19/2021 8:00,0.25,0.01
9/19/2021 9:00,3.0,0.13
9/19/2021 10:00,8.0,0.34
9/19/2021 11:00,12.0,0.51
9/19/2021 12:00,15.0,0.64
9/19/2021 13:00,16.5,0.7
9/19/2021 14:00,17.25,0.73
9/19/2021 15:00,16.5,0.7
9/19/2021 16:00,14.75,0.63
9/19/2021 17:00,12.5,0.53
9/19/2021 18:00,8.5,0.36
9/19/2021 19:00,3.25,0.14
9/19/2021 20:00,0.25,0.01
9/19/2021 21:00,0.0,0.0
9/19/2021 22:00,0.0,0.0
9/19/2021 23:00,0.0,0.0
9/20/2021 0:00,0.0,0.0
9/20/2021 1:00,0.0,0.0
9/20/2021 2:00,0.0,0.0
9/20/2021 3:00,0.0,0.0
9/20/2021 4:00,0.0,0.0
9/20/2021 5:00,0.0,0.0
9/20/2021 6:00,0.0,0.0
9/20/2021 7:00,0.0,0.0
9/20/2021 8:00,0.25,0.01
9/20/2021 9:00,2.75,0.12
9/20/2021 10:00,8.0,0.34
9/20/2021 11:00,12.0,0.51
9/20/2021 12:00,14.75,0.63
9/20/2021 13:00,16.5,0.7
9/20/2021 14:00,17.0,0.72
9/20/2021 15:00,16.75,0.71
9/20/2021 16:00,15.0,0.64
9/20/2021 17:00,12.25,0.52
9/20/2021 18:00,8.25,0.35
9/20/2021 19:00,3.25,0.14
9/20/2021 20:00,0.0,0.0
9/20/2021 21:00,0.0,0.0
9/20/2021 22:00,0.0,0.0
9/20/2021 23:00,0.0,0.0
9/21/2021 0:00,0.0,0.0
9/21/2021 1:00,0.0,0.0
9/21/2021 2:00,0.0,0.0
9/21/2021 3:00,0.0,0.0
9/21/2021 4:00,0.0,0.0
9/21/2021 5:00,0.0,0.0
9/21/2021 6:00,0.0,0.0
9/21/2021 7:00,0.0,0.0
9/21/2021 8:00,0.25,0.01
9/21/2021 9:00,3.0,0.13
9/21/2021 10:00,8.0,0.34
9/21/2021 11:00,12.0,0.51
9/21/2021 12:00,15.0,0.64
9/21/2021 13:00,16.5,0.7
9/21/2021 14:00,17.0,0.72
9/21/2021 15:00,16.25,0.69
9/21/2021 16:00,15.0,0.64
9/21/2021 17:00,12.0,0.51
9/21/2021 18:00,8.0,0.34
9/21/2021 19:00,3.0,0.13
9/21/2021 20:00,0.25,0.01
9/21/2021 21:00,0.0,0.0
9/21/2021 22:00,0.0,0.0
9/21/2021 23:00,0.0,0.0
9/22/2021 0:00,0.0,0.0
9/22/2021 1:00,0.0,0.0
9/22/2021 2:00,0.0,0.0
9/22/2021 3:00,0.0,0.0
9/22/2021 4:00,0.0,0.0
9/22/2021 5:00,0.0,0.0
9/22/2021 6:00,0.0,0.0
9/22/2021 7:00,0.0,0.0
9/22/2021 8:00,0.0,0.0
9/22/2021 9:00,3.0,0.13
9/22/2021 10:00,7.75,0.33
9/22/2021 11:00,12.0,0.51
9/22/2021 12:00,14.75,0.63
9/22/2021 13:00,16.5,0.7
9/22/2021 14:00,16.75,0.71
9/22/2021 15:00,16.0,0.68
9/22/2021 16:00,14.5,0.62
9/22/2021 17:00,11.75,0.5
9/22/2021 18:00,8.0,0.34
9/22/2021 19:00,2.75,0.12
9/22/2021 20:00,0.25,0.01
9/22/2021 21:00,0.0,0.0
9/22/2021 22:00,0.0,0.0
9/22/2021 23:00,0.0,0.0
9/23/2021 0:00,0.0,0.0
9/23/2021 1:00,0.0,0.0
9/23/2021 2:00,0.0,0.0
9/23/2021 3:00,0.0,0.0
9/23/2021 4:00,0.0,0.0
9/23/2021 5:00,0.0,0.0
9/23/2021 6:00,0.0,0.0
9/23/2021 7:00,0.0,0.0
9/23/2021 8:00,0.0,0.0
9/23/2021 9:00,0.5,0.02
9/23/2021 10:00,3.75,0.16
9/23/2021 11:00,11.75,0.5
9/23/2021 12:00,14.75,0.63
9/23/2021 13:00,16.25,0.69
9/23/2021 14:00,16.5,0.7
9/23/2021 15:00,15.5,0.66
9/23/2021 16:00,14.5,0.62
9/23/2021 17:00,12.0,0.51
9/23/2021 18:00,7.75,0.33
9/23/2021 19:00,2.5,0.11
9/23/2021 20:00,0.25,0.01
9/23/2021 21:00,0.0,0.0
9/23/2021 22:00,0.0,0.0
9/23/2021 23:00,0.0,0.0
9/24/2021 0:00,0.0,0.0
9/24/2021 1:00,0.0,0.0
9/24/2021 2:00,0.0,0.0
9/24/2021 3:00,0.0,0.0
9/24/2021 4:00,0.0,0.0
9/24/2021 5:00,0.0,0.0
9/24/2021 6:00,0.0,0.0
9/24/2021 7:00,0.0,0.0
9/24/2021 8:00,0.0,0.0
9/24/2021 9:00,1.25,0.05
9/24/2021 10:00,3.25,0.14
9/24/2021 11:00,9.25,0.39
9/24/2021 12:00,13.0,0.55
9/24/2021 13:00,14.25,0.61
9/24/2021 14:00,16.0,0.68
9/24/2021 15:00,16.75,0.71
9/24/2021 16:00,14.75,0.63
9/24/2021 17:00,12.25,0.52
9/24/2021 18:00,6.0,0.26
9/24/2021 19:00,1.75,0.07
9/24/2021 20:00,0.25,0.01
9/24/2021 21:00,0.0,0.0
9/24/2021 22:00,0.0,0.0
9/24/2021 23:00,0.0,0.0
9/25/2021 0:00,0.0,0.0
9/25/2021 1:00,0.0,0.0
9/25/2021 2:00,0.0,0.0
9/25/2021 3:00,0.0,0.0
9/25/2021 4:00,0.0,0.0
9/25/2021 5:00,0.0,0.0
9/25/2021 6:00,0.0,0.0
9/25/2021 7:00,0.0,0.0
9/25/2021 8:00,0.0,0.0
9/25/2021 9:00,2.0,0.09
9/25/2021 10:00,4.25,0.18
9/25/2021 11:00,8.0,0.34
9/25/2021 12:00,7.75,0.33
9/25/2021 13:00,7.75,0.33
9/25/2021 14:00,10.0,0.43
9/25/2021 15:00,13.75,0.58
9/25/2021 16:00,9.5,0.4
9/25/2021 17:00,10.25,0.44
9/25/2021 18:00,6.5,0.28
9/25/2021 19:00,2.25,0.1
9/25/2021 20:00,0.0,0.0
9/25/2021 21:00,0.0,0.0
9/25/2021 22:00,0.0,0.0
9/25/2021 23:00,0.0,0.0
9/26/2021 0:00,0.0,0.0
9/26/2021 1:00,0.0,0.0
9/26/2021 2:00,0.0,0.0
9/26/2021 3:00,0.0,0.0
9/26/2021 4:00,0.0,0.0
9/26/2021 5:00,0.0,0.0
9/26/2021 6:00,0.0,0.0
9/26/2021 7:00,0.0,0.0
9/26/2021 8:00,0.25,0.01
9/26/2021 9:00,1.5,0.06
9/26/2021 10:00,7.25,0.31
9/26/2021 11:00,8.5,0.36
9/26/2021 12:00,12.5,0.53
9/26/2021 13:00,10.75,0.46
9/26/2021 14:00,11.0,0.47
9/26/2021 15:00,13.25,0.56
9/26/2021 16:00,12.75,0.54
9/26/2021 17:00,11.25,0.48
9/26/2021 18:00,7.0,0.3
9/26/2021 19:00,2.0,0.09
9/26/2021 20:00,0.0,0.0
9/26/2021 21:00,0.0,0.0
9/26/2021 22:00,0.0,0.0
9/26/2021 23:00,0.0,0.0
9/27/2021 0:00,0.0,0.0
9/27/2021 1:00,0.0,0.0
9/27/2021 2:00,0.0,0.0
9/27/2021 3:00,0.0,0.0
9/27/2021 4:00,0.0,0.0
9/27/2021 5:00,0.0,0.0
9/27/2021 6:00,0.0,0.0
9/27/2021 7:00,0.0,0.0
9/27/2021 8:00,0.25,0.01
9/27/2021 9:00,2.75,0.12
9/27/2021 10:00,7.25,0.31
9/27/2021 11:00,11.75,0.5
9/27/2021 12:00,14.25,0.61
9/27/2021 13:00,16.0,0.68
9/27/2021 14:00,16.0,0.68
9/27/2021 15:00,12.25,0.52
9/27/2021 16:00,7.75,0.33
9/27/2021 17:00,7.25,0.31
9/27/2021 18:00,6.75,0.29
9/27/2021 19:00,2.5,0.11
9/27/2021 20:00,0.0,0.0
9/27/2021 21:00,0.0,0.0
9/27/2021 22:00,0.0,0.0
9/27/2021 23:00,0.0,0.0
9/28/2021 0:00,0.0,0.0
9/28/2021 1:00,0.0,0.0
9/28/2021 2:00,0.0,0.0
9/28/2021 3:00,0.0,0.0
9/28/2021 4:00,0.0,0.0
9/28/2021 5:00,0.0,0.0
9/28/2021 6:00,0.0,0.0
9/28/2021 7:00,0.0,0.0
9/28/2021 8:00,0.25,0.01
9/28/2021 9:00,1.75,0.07
9/28/2021 10:00,5.0,0.21
9/28/2021 11:00,12.0,0.51
9/28/2021 12:00,14.25,0.61
9/28/2021 13:00,16.5,0.7
9/28/2021 14:00,17.0,0.72
9/28/2021 15:00,16.5,0.7
9/28/2021 16:00,14.75,0.63
9/28/2021 17:00,12.0,0.51
9/28/2021 18:00,8.0,0.34
9/28/2021 19:00,2.25,0.1
9/28/2021 20:00,0.0,0.0
9/28/2021 21:00,0.0,0.0
9/28/2021 22:00,0.0,0.0
9/28/2021 23:00,0.0,0.0
9/29/2021 0:00,0.0,0.0
9/29/2021 1:00,0.0,0.0
9/29/2021 2:00,0.0,0.0
9/29/2021 3:00,0.0,0.0
9/29/2021 4:00,0.0,0.0
9/29/2021 5:00,0.0,0.0
9/29/2021 6:00,0.0,0.0
9/29/2021 7:00,0.0,0.0
9/29/2021 8:00,0.25,0.01
9/29/2021 9:00,2.5,0.11
9/29/2021 10:00,7.75,0.33
9/29/2021 11:00,12.0,0.51
9/29/2021 12:00,14.75,0.63
9/29/2021 13:00,16.25,0.69
9/29/2021 14:00,16.75,0.71
9/29/2021 15:00,16.0,0.68
9/29/2021 16:00,14.5,0.62
9/29/2021 17:00,11.5,0.49
9/29/2021 18:00,7.5,0.32
9/29/2021 19:00,2.0,0.09
9/29/2021 20:00,0.0,0.0
9/29/2021 21:00,0.0,0.0
9/29/2021 22:00,0.0,0.0
9/29/2021 23:00,0.0,0.0
9/30/2021 0:00,0.0,0.0
9/30/2021 1:00,0.0,0.0
9/30/2021 2:00,0.0,0.0
9/30/2021 3:00,0.0,0.0
9/30/2021 4:00,0.0,0.0
9/30/2021 5:00,0.0,0.0
9/30/2021 6:00,0.0,0.0
9/30/2021 7:00,0.0,0.0
9/30/2021 8:00,0.25,0.01
9/30/2021 9:00,2.75,0.12
9/30/2021 10:00,6.75,0.29
9/30/2021 11:00,11.0,0.47
9/30/2021 12:00,14.5,0.62
9/30/2021 13:00,15.5,0.66
9/30/2021 14:00,15.75,0.67
9/30/2021 15:00,15.25,0.65
9/30/2021 16:00,14.0,0.6
9/30/2021 17:00,11.5,0.49
9/30/2021 18:00,7.25,0.31
9/30/2021 19:00,1.25,0.05
9/30/2021 20:00,0.0,0.0
9/30/2021 21:00,0.0,0.0
9/30/2021 22:00,0.0,0.0
9/30/2021 23:00,0.0,0.0
10/1/2021 0:00,0.0,0.0
10/1/2021 1:00,0.0,0.0
10/1/2021 2:00,0.0,0.0
10/1/2021 3:00,0.0,0.0
10/1/2021 4:00,0.0,0.0
10/1/2021 5:00,0.0,0.0
10/1/2021 6:00,0.0,0.0
10/1/2021 7:00,0.0,0.0
10/1/2021 8:00,0.25,0.01
10/1/2021 9:00,2.25,0.1
10/1/2021 10:00,6.75,0.29
10/1/2021 11:00,4.75,0.2
10/1/2021 12:00,13.0,0.55
10/1/2021 13:00,16.0,0.68
10/1/2021 14:00,15.75,0.67
10/1/2021 15:00,15.5,0.66
10/1/2021 16:00,14.0,0.6
10/1/2021 17:00,10.5,0.45
10/1/2021 18:00,6.0,0.26
10/1/2021 19:00,1.75,0.07
10/1/2021 20:00,0.0,0.0
10/1/2021 21:00,0.0,0.0
10/1/2021 22:00,0.0,0.0
10/1/2021 23:00,0.0,0.0
10/2/2021 0:00,0.0,0.0
10/2/2021 1:00,0.0,0.0
10/2/2021 2:00,0.0,0.0
10/2/2021 3:00,0.0,0.0
10/2/2021 4:00,0.0,0.0
10/2/2021 5:00,0.0,0.0
10/2/2021 6:00,0.0,0.0
10/2/2021 7:00,0.0,0.0
10/2/2021 8:00,0.0,0.0
10/2/2021 9:00,0.75,0.03
10/2/2021 10:00,3.25,0.14
10/2/2021 11:00,7.25,0.31
10/2/2021 12:00,4.5,0.19
10/2/2021 13:00,6.25,0.27
10/2/2021 14:00,8.25,0.35
10/2/2021 15:00,8.25,0.35
10/2/2021 16:00,13.25,0.56
10/2/2021 17:00,4.25,0.18
10/2/2021 18:00,3.75,0.16
10/2/2021 19:00,0.75,0.03
10/2/2021 20:00,0.0,0.0
10/2/2021 21:00,0.0,0.0
10/2/2021 22:00,0.0,0.0
10/2/2021 23:00,0.0,0.0
10/3/2021 0:00,0.0,0.0
10/3/2021 1:00,0.0,0.0
10/3/2021 2:00,0.0,0.0
10/3/2021 3:00,0.0,0.0
10/3/2021 4:00,0.0,0.0
10/3/2021 5:00,0.0,0.0
10/3/2021 6:00,0.0,0.0
10/3/2021 7:00,0.0,0.0
10/3/2021 8:00,0.0,0.0
10/3/2021 9:00,2.0,0.09
10/3/2021 10:00,5.25,0.22
10/3/2021 11:00,11.0,0.47
10/3/2021 12:00,12.5,0.53
10/3/2021 13:00,16.0,0.68
10/3/2021 14:00,17.25,0.73
10/3/2021 15:00,16.5,0.7
10/3/2021 16:00,14.75,0.63
10/3/2021 17:00,10.0,0.43
10/3/2021 18:00,5.25,0.22
10/3/2021 19:00,1.5,0.06
10/3/2021 20:00,0.0,0.0
10/3/2021 21:00,0.0,0.0
10/3/2021 22:00,0.0,0.0
10/3/2021 23:00,0.0,0.0
10/4/2021 0:00,0.0,0.0
10/4/2021 1:00,0.0,0.0
10/4/2021 2:00,0.0,0.0
10/4/2021 3:00,0.0,0.0
10/4/2021 4:00,0.0,0.0
10/4/2021 5:00,0.0,0.0
10/4/2021 6:00,0.0,0.0
10/4/2021 7:00,0.0,0.0
10/4/2021 8:00,0.0,0.0
10/4/2021 9:00,2.5,0.11
10/4/2021 10:00,7.25,0.31
10/4/2021 11:00,9.5,0.4
10/4/2021 12:00,12.75,0.54
10/4/2021 13:00,10.5,0.45
10/4/2021 14:00,8.25,0.35
10/4/2021 15:00,7.25,0.31
10/4/2021 16:00,6.0,0.26
10/4/2021 17:00,8.5,0.36
10/4/2021 18:00,7.0,0.3
10/4/2021 19:00,1.5,0.06
10/4/2021 20:00,0.0,0.0
10/4/2021 21:00,0.0,0.0
10/4/2021 22:00,0.0,0.0
10/4/2021 23:00,0.0,0.0
10/5/2021 0:00,0.0,0.0
10/5/2021 1:00,0.0,0.0
10/5/2021 2:00,0.0,0.0
10/5/2021 3:00,0.0,0.0
10/5/2021 4:00,0.0,0.0
10/5/2021 5:00,0.0,0.0
10/5/2021 6:00,0.0,0.0
10/5/2021 7:00,0.0,0.0
10/5/2021 8:00,0.0,0.0
10/5/2021 9:00,2.0,0.09
10/5/2021 10:00,6.5,0.28
10/5/2021 11:00,7.0,0.3
10/5/2021 12:00,7.25,0.31
10/5/2021 13:00,4.75,0.2
10/5/2021 14:00,8.25,0.35
10/5/2021 15:00,8.0,0.34
10/5/2021 16:00,9.0,0.38
10/5/2021 17:00,6.5,0.28
10/5/2021 18:00,3.0,0.13
10/5/2021 19:00,1.0,0.04
10/5/2021 20:00,0.0,0.0
10/5/2021 21:00,0.0,0.0
10/5/2021 22:00,0.0,0.0
10/5/2021 23:00,0.0,0.0
10/6/2021 0:00,0.0,0.0
10/6/2021 1:00,0.0,0.0
10/6/2021 2:00,0.0,0.0
10/6/2021 3:00,0.0,0.0
10/6/2021 4:00,0.0,0.0
10/6/2021 5:00,0.0,0.0
10/6/2021 6:00,0.0,0.0
10/6/2021 7:00,0.0,0.0
10/6/2021 8:00,0.0,0.0
10/6/2021 9:00,2.25,0.1
10/6/2021 10:00,7.25,0.31
10/6/2021 11:00,11.25,0.48
10/6/2021 12:00,14.0,0.6
10/6/2021 13:00,15.75,0.67
10/6/2021 14:00,16.25,0.69
10/6/2021 15:00,15.25,0.65
10/6/2021 16:00,13.5,0.57
10/6/2021 17:00,10.75,0.46
10/6/2021 18:00,6.5,0.28
10/6/2021 19:00,1.25,0.05
10/6/2021 20:00,0.0,0.0
10/6/2021 21:00,0.0,0.0
10/6/2021 22:00,0.0,0.0
10/6/2021 23:00,0.0,0.0
10/7/2021 0:00,0.0,0.0
10/7/2021 1:00,0.0,0.0
10/7/2021 2:00,0.0,0.0
10/7/2021 3:00,0.0,0.0
10/7/2021 4:00,0.0,0.0
10/7/2021 5:00,0.0,0.0
10/7/2021 6:00,0.0,0.0
10/7/2021 7:00,0.0,0.0
10/7/2021 8:00,0.0,0.0
10/7/2021 9:00,2.25,0.1
10/7/2021 10:00,7.0,0.3
10/7/2021 11:00,11.25,0.48
10/7/2021 12:00,13.75,0.58
10/7/2021 13:00,15.5,0.66
10/7/2021 14:00,15.75,0.67
10/7/2021 15:00,15.0,0.64
10/7/2021 16:00,13.5,0.57
10/7/2021 17:00,10.5,0.45
10/7/2021 18:00,6.25,0.27
10/7/2021 19:00,1.25,0.05
10/7/2021 20:00,0.0,0.0
10/7/2021 21:00,0.0,0.0
10/7/2021 22:00,0.0,0.0
10/7/2021 23:00,0.0,0.0
10/8/2021 0:00,0.0,0.0
10/8/2021 1:00,0.0,0.0
10/8/2021 2:00,0.0,0.0
10/8/2021 3:00,0.0,0.0
10/8/2021 4:00,0.0,0.0
10/8/2021 5:00,0.0,0.0
10/8/2021 6:00,0.0,0.0
10/8/2021 7:00,0.0,0.0
10/8/2021 8:00,0.0,0.0
10/8/2021 9:00,2.25,0.1
10/8/2021 10:00,6.75,0.29
10/8/2021 11:00,11.0,0.47
10/8/2021 12:00,13.75,0.58
10/8/2021 13:00,15.0,0.64
10/8/2021 14:00,15.5,0.66
10/8/2021 15:00,14.5,0.62
10/8/2021 16:00,13.25,0.56
10/8/2021 17:00,10.75,0.46
10/8/2021 18:00,6.5,0.28
10/8/2021 19:00,1.0,0.04
10/8/2021 20:00,0.0,0.0
10/8/2021 21:00,0.0,0.0
10/8/2021 22:00,0.0,0.0
10/8/2021 23:00,0.0,0.0
10/9/2021 0:00,0.0,0.0
10/9/2021 1:00,0.0,0.0
10/9/2021 2:00,0.0,0.0
10/9/2021 3:00,0.0,0.0
10/9/2021 4:00,0.0,0.0
10/9/2021 5:00,0.0,0.0
10/9/2021 6:00,0.0,0.0
10/9/2021 7:00,0.0,0.0
10/9/2021 8:00,0.0,0.0
10/9/2021 9:00,2.25,0.1
10/9/2021 10:00,6.75,0.29
10/9/2021 11:00,9.75,0.41
10/9/2021 12:00,10.75,0.46
10/9/2021 13:00,11.75,0.5
10/9/2021 14:00,12.5,0.53
10/9/2021 15:00,9.25,0.39
10/9/2021 16:00,9.75,0.41
10/9/2021 17:00,9.5,0.4
10/9/2021 18:00,6.25,0.27
10/9/2021 19:00,1.0,0.04
10/9/2021 20:00,0.0,0.0
10/9/2021 21:00,0.0,0.0
10/9/2021 22:00,0.0,0.0
10/9/2021 23:00,0.0,0.0
10/10/2021 0:00,0.0,0.0
10/10/2021 1:00,0.0,0.0
10/10/2021 2:00,0.0,0.0
10/10/2021 3:00,0.0,0.0
10/10/2021 4:00,0.0,0.0
10/10/2021 5:00,0.0,0.0
10/10/2021 6:00,0.0,0.0
10/10/2021 7:00,0.0,0.0
10/10/2021 8:00,0.0,0.0
10/10/2021 9:00,1.5,0.06
10/10/2021 10:00,6.75,0.29
10/10/2021 11:00,11.25,0.48
10/10/2021 12:00,12.5,0.53
10/10/2021 13:00,10.0,0.43
10/10/2021 14:00,14.25,0.61
10/10/2021 15:00,13.5,0.57
10/10/2021 16:00,13.25,0.56
10/10/2021 17:00,10.0,0.43
10/10/2021 18:00,6.0,0.26
10/10/2021 19:00,1.0,0.04
10/10/2021 20:00,0.0,0.0
10/10/2021 21:00,0.0,0.0
10/10/2021 22:00,0.0,0.0
10/10/2021 23:00,0.0,0.0
10/11/2021 0:00,0.0,0.0
10/11/2021 1:00,0.0,0.0
10/11/2021 2:00,0.0,0.0
10/11/2021 3:00,0.0,0.0
10/11/2021 4:00,0.0,0.0
10/11/2021 5:00,0.0,0.0
10/11/2021 6:00,0.0,0.0
10/11/2021 7:00,0.0,0.0
10/11/2021 8:00,0.0,0.0
10/11/2021 9:00,1.25,0.05
10/11/2021 10:00,6.25,0.27
10/11/2021 11:00,10.75,0.46
10/11/2021 12:00,12.25,0.52
10/11/2021 13:00,15.0,0.64
10/11/2021 14:00,15.5,0.66
10/11/2021 15:00,13.75,0.58
10/11/2021 16:00,13.0,0.55
10/11/2021 17:00,10.0,0.43
10/11/2021 18:00,5.5,0.23
10/11/2021 19:00,0.75,0.03
10/11/2021 20:00,0.0,0.0
10/11/2021 21:00,0.0,0.0
10/11/2021 22:00,0.0,0.0
10/11/2021 23:00,0.0,0.0
10/12/2021 0:00,0.0,0.0
10/12/2021 1:00,0.0,0.0
10/12/2021 2:00,0.0,0.0
10/12/2021 3:00,0.0,0.0
10/12/2021 4:00,0.0,0.0
10/12/2021 5:00,0.0,0.0
10/12/2021 6:00,0.0,0.0
10/12/2021 7:00,0.0,0.0
10/12/2021 8:00,0.0,0.0
10/12/2021 9:00,1.75,0.07
10/12/2021 10:00,6.5,0.28
10/12/2021 11:00,10.5,0.45
10/12/2021 12:00,13.5,0.57
10/12/2021 13:00,14.75,0.63
10/12/2021 14:00,15.25,0.65
10/12/2021 15:00,14.5,0.62
10/12/2021 16:00,12.25,0.52
10/12/2021 17:00,9.5,0.4
10/12/2021 18:00,5.75,0.24
10/12/2021 19:00,0.75,0.03
10/12/2021 20:00,0.0,0.0
10/12/2021 21:00,0.0,0.0
10/12/2021 22:00,0.0,0.0
10/12/2021 23:00,0.0,0.0
10/13/2021 0:00,0.0,0.0
10/13/2021 1:00,0.0,0.0
10/13/2021 2:00,0.0,0.0
10/13/2021 3:00,0.0,0.0
10/13/2021 4:00,0.0,0.0
10/13/2021 5:00,0.0,0.0
10/13/2021 6:00,0.0,0.0
10/13/2021 7:00,0.0,0.0
10/13/2021 8:00,0.0,0.0
10/13/2021 9:00,1.75,0.07
10/13/2021 10:00,6.5,0.28
10/13/2021 11:00,10.5,0.45
10/13/2021 12:00,13.5,0.57
10/13/2021 13:00,14.75,0.63
10/13/2021 14:00,15.0,0.64
10/13/2021 15:00,14.0,0.6
10/13/2021 16:00,12.25,0.52
10/13/2021 17:00,9.5,0.4
10/13/2021 18:00,5.5,0.23
10/13/2021 19:00,0.5,0.02
10/13/2021 20:00,0.0,0.0
10/13/2021 21:00,0.0,0.0
10/13/2021 22:00,0.0,0.0
10/13/2021 23:00,0.0,0.0
10/14/2021 0:00,0.0,0.0
10/14/2021 1:00,0.0,0.0
10/14/2021 2:00,0.0,0.0
10/14/2021 3:00,0.0,0.0
10/14/2021 4:00,0.0,0.0
10/14/2021 5:00,0.0,0.0
10/14/2021 6:00,0.0,0.0
10/14/2021 7:00,0.0,0.0
10/14/2021 8:00,0.0,0.0
10/14/2021 9:00,2.0,0.09
10/14/2021 10:00,6.75,0.29
10/14/2021 11:00,9.75,0.41
10/14/2021 12:00,8.25,0.35
10/14/2021 13:00,10.75,0.46
10/14/2021 14:00,14.5,0.62
10/14/2021 15:00,14.25,0.61
10/14/2021 16:00,12.0,0.51
10/14/2021 17:00,8.0,0.34
10/14/2021 18:00,4.0,0.17
10/14/2021 19:00,0.5,0.02
10/14/2021 20:00,0.0,0.0
10/14/2021 21:00,0.0,0.0
10/14/2021 22:00,0.0,0.0
10/14/2021 23:00,0.0,0.0
10/15/2021 0:00,0.0,0.0
10/15/2021 1:00,0.0,0.0
10/15/2021 2:00,0.0,0.0
10/15/2021 3:00,0.0,0.0
10/15/2021 4:00,0.0,0.0
10/15/2021 5:00,0.0,0.0
10/15/2021 6:00,0.0,0.0
10/15/2021 7:00,0.0,0.0
10/15/2021 8:00,0.0,0.0
10/15/2021 9:00,1.0,0.04
10/15/2021 10:00,3.5,0.15
10/15/2021 11:00,8.0,0.34
10/15/2021 12:00,10.75,0.46
10/15/2021 13:00,14.75,0.63
10/15/2021 14:00,15.0,0.64
10/15/2021 15:00,14.25,0.61
10/15/2021 16:00,12.75,0.54
10/15/2021 17:00,9.75,0.41
10/15/2021 18:00,5.75,0.24
10/15/2021 19:00,0.5,0.02
10/15/2021 20:00,0.0,0.0
10/15/2021 21:00,0.0,0.0
10/15/2021 22:00,0.0,0.0
10/15/2021 23:00,0.0,0.0
10/16/2021 0:00,0.0,0.0
10/16/2021 1:00,0.0,0.0
10/16/2021 2:00,0.0,0.0
10/16/2021 3:00,0.0,0.0
10/16/2021 4:00,0.0,0.0
10/16/2021 5:00,0.0,0.0
10/16/2021 6:00,0.0,0.0
10/16/2021 7:00,0.0,0.0
10/16/2021 8:00,0.0,0.0
10/16/2021 9:00,2.0,0.09
10/16/2021 10:00,4.25,0.18
10/16/2021 11:00,10.5,0.45
10/16/2021 12:00,9.5,0.4
10/16/2021 13:00,6.25,0.27
10/16/2021 14:00,6.75,0.29
10/16/2021 15:00,6.0,0.26
10/16/2021 16:00,4.0,0.17
10/16/2021 17:00,3.75,0.16
10/16/2021 18:00,0.75,0.03
10/16/2021 19:00,0.25,0.01
10/16/2021 20:00,0.0,0.0
10/16/2021 21:00,0.0,0.0
10/16/2021 22:00,0.0,0.0
10/16/2021 23:00,0.0,0.0
10/17/2021 0:00,0.0,0.0
10/17/2021 1:00,0.0,0.0
10/17/2021 2:00,0.0,0.0
10/17/2021 3:00,0.0,0.0
10/17/2021 4:00,0.0,0.0
10/17/2021 5:00,0.0,0.0
10/17/2021 6:00,0.0,0.0
10/17/2021 7:00,0.0,0.0
10/17/2021 8:00,0.0,0.0
10/17/2021 9:00,0.75,0.03
10/17/2021 10:00,2.25,0.1
10/17/2021 11:00,3.75,0.16
10/17/2021 12:00,5.25,0.22
10/17/2021 13:00,9.75,0.41
10/17/2021 14:00,9.0,0.38
10/17/2021 15:00,7.25,0.31
10/17/2021 16:00,10.25,0.44
10/17/2021 17:00,3.75,0.16
10/17/2021 18:00,2.25,0.1
10/17/2021 19:00,0.5,0.02
10/17/2021 20:00,0.0,0.0
10/17/2021 21:00,0.0,0.0
10/17/2021 22:00,0.0,0.0
10/17/2021 23:00,0.0,0.0
10/18/2021 0:00,0.0,0.0
10/18/2021 1:00,0.0,0.0
10/18/2021 2:00,0.0,0.0
10/18/2021 3:00,0.0,0.0
10/18/2021 4:00,0.0,0.0
10/18/2021 5:00,0.0,0.0
10/18/2021 6:00,0.0,0.0
10/18/2021 7:00,0.0,0.0
10/18/2021 8:00,0.0,0.0
10/18/2021 9:00,0.75,0.03
10/18/2021 10:00,2.75,0.12
10/18/2021 11:00,9.0,0.38
10/18/2021 12:00,12.5,0.53
10/18/2021 13:00,12.25,0.52
10/18/2021 14:00,10.5,0.45
10/18/2021 15:00,11.25,0.48
10/18/2021 16:00,7.5,0.32
10/18/2021 17:00,7.25,0.31
10/18/2021 18:00,4.5,0.19
10/18/2021 19:00,0.75,0.03
10/18/2021 20:00,0.0,0.0
10/18/2021 21:00,0.0,0.0
10/18/2021 22:00,0.0,0.0
10/18/2021 23:00,0.0,0.0
10/19/2021 0:00,0.0,0.0
10/19/2021 1:00,0.0,0.0
10/19/2021 2:00,0.0,0.0
10/19/2021 3:00,0.0,0.0
10/19/2021 4:00,0.0,0.0
10/19/2021 5:00,0.0,0.0
10/19/2021 6:00,0.0,0.0
10/19/2021 7:00,0.0,0.0
10/19/2021 8:00,0.0,0.0
10/19/2021 9:00,1.5,0.06
10/19/2021 10:00,5.75,0.24
10/19/2021 11:00,10.0,0.43
10/19/2021 12:00,12.5,0.53
10/19/2021 13:00,14.25,0.61
10/19/2021 14:00,14.75,0.63
10/19/2021 15:00,14.0,0.6
10/19/2021 16:00,12.25,0.52
10/19/2021 17:00,9.25,0.39
10/19/2021 18:00,4.5,0.19
10/19/2021 19:00,0.25,0.01
10/19/2021 20:00,0.0,0.0
10/19/2021 21:00,0.0,0.0
10/19/2021 22:00,0.0,0.0
10/19/2021 23:00,0.0,0.0
10/20/2021 0:00,0.0,0.0
10/20/2021 1:00,0.0,0.0
10/20/2021 2:00,0.0,0.0
10/20/2021 3:00,0.0,0.0
10/20/2021 4:00,0.0,0.0
10/20/2021 5:00,0.0,0.0
10/20/2021 6:00,0.0,0.0
10/20/2021 7:00,0.0,0.0
10/20/2021 8:00,0.0,0.0
10/20/2021 9:00,1.0,0.04
10/20/2021 10:00,3.5,0.15
10/20/2021 11:00,9.0,0.38
10/20/2021 12:00,12.5,0.53
10/20/2021 13:00,14.0,0.6
10/20/2021 14:00,14.5,0.62
10/20/2021 15:00,13.25,0.56
10/20/2021 16:00,8.5,0.36
10/20/2021 17:00,7.75,0.33
10/20/2021 18:00,4.25,0.18
10/20/2021 19:00,0.25,0.01
10/20/2021 20:00,0.0,0.0
10/20/2021 21:00,0.0,0.0
10/20/2021 22:00,0.0,0.0
10/20/2021 23:00,0.0,0.0
10/21/2021 0:00,0.0,0.0
10/21/2021 1:00,0.0,0.0
10/21/2021 2:00,0.0,0.0
10/21/2021 3:00,0.0,0.0
10/21/2021 4:00,0.0,0.0
10/21/2021 5:00,0.0,0.0
10/21/2021 6:00,0.0,0.0
10/21/2021 7:00,0.0,0.0
10/21/2021 8:00,0.0,0.0
10/21/2021 9:00,1.0,0.04
10/21/2021 10:00,2.75,0.12
10/21/2021 11:00,6.0,0.26
10/21/2021 12:00,9.25,0.39
10/21/2021 13:00,7.25,0.31
10/21/2021 14:00,11.0,0.47
10/21/2021 15:00,12.5,0.53
10/21/2021 16:00,12.5,0.53
10/21/2021 17:00,7.5,0.32
10/21/2021 18:00,4.25,0.18
10/21/2021 19:00,0.25,0.01
10/21/2021 20:00,0.0,0.0
10/21/2021 21:00,0.0,0.0
10/21/2021 22:00,0.0,0.0
10/21/2021 23:00,0.0,0.0
10/22/2021 0:00,0.0,0.0
10/22/2021 1:00,0.0,0.0
10/22/2021 2:00,0.0,0.0
10/22/2021 3:00,0.0,0.0
10/22/2021 4:00,0.0,0.0
10/22/2021 5:00,0.0,0.0
10/22/2021 6:00,0.0,0.0
10/22/2021 7:00,0.0,0.0
10/22/2021 8:00,0.0,0.0
10/22/2021 9:00,1.5,0.06
10/22/2021 10:00,6.25,0.27
10/22/2021 11:00,10.5,0.45
10/22/2021 12:00,13.5,0.57
10/22/2021 13:00,15.25,0.65
10/22/2021 14:00,15.25,0.65
10/22/2021 15:00,14.5,0.62
10/22/2021 16:00,13.0,0.55
10/22/2021 17:00,9.5,0.4
10/22/2021 18:00,5.0,0.21
10/22/2021 19:00,0.25,0.01
10/22/2021 20:00,0.0,0.0
10/22/2021 21:00,0.0,0.0
10/22/2021 22:00,0.0,0.0
10/22/2021 23:00,0.0,0.0
10/23/2021 0:00,0.0,0.0
10/23/2021 1:00,0.0,0.0
10/23/2021 2:00,0.0,0.0
10/23/2021 3:00,0.0,0.0
10/23/2021 4:00,0.0,0.0
10/23/2021 5:00,0.0,0.0
10/23/2021 6:00,0.0,0.0
10/23/2021 7:00,0.0,0.0
10/23/2021 8:00,0.0,0.0
10/23/2021 9:00,1.25,0.05
10/23/2021 10:00,6.25,0.27
10/23/2021 11:00,10.25,0.44
10/23/2021 12:00,13.0,0.55
10/23/2021 13:00,15.0,0.64
10/23/2021 14:00,13.75,0.58
10/23/2021 15:00,12.75,0.54
10/23/2021 16:00,12.25,0.52
10/23/2021 17:00,9.5,0.4
10/23/2021 18:00,4.5,0.19
10/23/2021 19:00,0.25,0.01
10/23/2021 20:00,0.0,0.0
10/23/2021 21:00,0.0,0.0
10/23/2021 22:00,0.0,0.0
10/23/2021 23:00,0.0,0.0
10/24/2021 0:00,0.0,0.0
10/24/2021 1:00,0.0,0.0
10/24/2021 2:00,0.0,0.0
10/24/2021 3:00,0.0,0.0
10/24/2021 4:00,0.0,0.0
10/24/2021 5:00,0.0,0.0
10/24/2021 6:00,0.0,0.0
10/24/2021 7:00,0.0,0.0
10/24/2021 8:00,0.0,0.0
10/24/2021 9:00,1.25,0.05
10/24/2021 10:00,5.75,0.24
10/24/2021 11:00,10.0,0.43
10/24/2021 12:00,13.0,0.55
10/24/2021 13:00,14.25,0.61
10/24/2021 14:00,14.5,0.62
10/24/2021 15:00,13.75,0.58
10/24/2021 16:00,12.25,0.52
10/24/2021 17:00,9.25,0.39
10/24/2021 18:00,4.25,0.18
10/24/2021 19:00,0.25,0.01
10/24/2021 20:00,0.0,0.0
10/24/2021 21:00,0.0,0.0
10/24/2021 22:00,0.0,0.0
10/24/2021 23:00,0.0,0.0
10/25/2021 0:00,0.0,0.0
10/25/2021 1:00,0.0,0.0
10/25/2021 2:00,0.0,0.0
10/25/2021 3:00,0.0,0.0
10/25/2021 4:00,0.0,0.0
10/25/2021 5:00,0.0,0.0
10/25/2021 6:00,0.0,0.0
10/25/2021 7:00,0.0,0.0
10/25/2021 8:00,0.0,0.0
10/25/2021 9:00,1.5,0.06
10/25/2021 10:00,4.75,0.2
10/25/2021 11:00,10.0,0.43
10/25/2021 12:00,12.25,0.52
10/25/2021 13:00,14.5,0.62
10/25/2021 14:00,10.25,0.44
10/25/2021 15:00,10.75,0.46
10/25/2021 16:00,11.75,0.5
10/25/2021 17:00,9.25,0.39
10/25/2021 18:00,4.0,0.17
10/25/2021 19:00,0.25,0.01
10/25/2021 20:00,0.0,0.0
10/25/2021 21:00,0.0,0.0
10/25/2021 22:00,0.0,0.0
10/25/2021 23:00,0.0,0.0
10/26/2021 0:00,0.0,0.0
10/26/2021 1:00,0.0,0.0
10/26/2021 2:00,0.0,0.0
10/26/2021 3:00,0.0,0.0
10/26/2021 4:00,0.0,0.0
10/26/2021 5:00,0.0,0.0
10/26/2021 6:00,0.0,0.0
10/26/2021 7:00,0.0,0.0
10/26/2021 8:00,0.0,0.0
10/26/2021 9:00,1.25,0.05
10/26/2021 10:00,5.5,0.23
10/26/2021 11:00,10.0,0.43
10/26/2021 12:00,13.0,0.55
10/26/2021 13:00,14.5,0.62
10/26/2021 14:00,14.75,0.63
10/26/2021 15:00,14.0,0.6
10/26/2021 16:00,12.25,0.52
10/26/2021 17:00,9.0,0.38
10/26/2021 18:00,3.5,0.15
10/26/2021 19:00,0.25,0.01
10/26/2021 20:00,0.0,0.0
10/26/2021 21:00,0.0,0.0
10/26/2021 22:00,0.0,0.0
10/26/2021 23:00,0.0,0.0
10/27/2021 0:00,0.0,0.0
10/27/2021 1:00,0.0,0.0
10/27/2021 2:00,0.0,0.0
10/27/2021 3:00,0.0,0.0
10/27/2021 4:00,0.0,0.0
10/27/2021 5:00,0.0,0.0
10/27/2021 6:00,0.0,0.0
10/27/2021 7:00,0.0,0.0
10/27/2021 8:00,0.0,0.0
10/27/2021 9:00,1.0,0.04
10/27/2021 10:00,5.25,0.22
10/27/2021 11:00,9.75,0.41
10/27/2021 12:00,12.5,0.53
10/27/2021 13:00,14.0,0.6
10/27/2021 14:00,14.25,0.61
10/27/2021 15:00,13.5,0.57
10/27/2021 16:00,11.75,0.5
10/27/2021 17:00,8.25,0.35
10/27/2021 18:00,3.25,0.14
10/27/2021 19:00,0.25,0.01
10/27/2021 20:00,0.0,0.0
10/27/2021 21:00,0.0,0.0
10/27/2021 22:00,0.0,0.0
10/27/2021 23:00,0.0,0.0
10/28/2021 0:00,0.0,0.0
10/28/2021 1:00,0.0,0.0
10/28/2021 2:00,0.0,0.0
10/28/2021 3:00,0.0,0.0
10/28/2021 4:00,0.0,0.0
10/28/2021 5:00,0.0,0.0
10/28/2021 6:00,0.0,0.0
10/28/2021 7:00,0.0,0.0
10/28/2021 8:00,0.0,0.0
10/28/2021 9:00,1.0,0.04
10/28/2021 10:00,5.75,0.24
10/28/2021 11:00,7.0,0.3
10/28/2021 12:00,11.75,0.5
10/28/2021 13:00,14.0,0.6
10/28/2021 14:00,14.0,0.6
10/28/2021 15:00,12.0,0.51
10/28/2021 16:00,7.25,0.31
10/28/2021 17:00,4.0,0.17
10/28/2021 18:00,1.0,0.04
10/28/2021 19:00,0.25,0.01
10/28/2021 20:00,0.0,0.0
10/28/2021 21:00,0.0,0.0
10/28/2021 22:00,0.0,0.0
10/28/2021 23:00,0.0,0.0
10/29/2021 0:00,0.0,0.0
10/29/2021 1:00,0.0,0.0
10/29/2021 2:00,0.0,0.0
10/29/2021 3:00,0.0,0.0
10/29/2021 4:00,0.0,0.0
10/29/2021 5:00,0.0,0.0
10/29/2021 6:00,0.0,0.0
10/29/2021 7:00,0.0,0.0
10/29/2021 8:00,0.0,0.0
10/29/2021 9:00,0.25,0.01
10/29/2021 10:00,3.0,0.13
10/29/2021 11:00,2.75,0.12
10/29/2021 12:00,7.25,0.31
10/29/2021 13:00,7.75,0.33
10/29/2021 14:00,4.75,0.2
10/29/2021 15:00,2.5,0.11
10/29/2021 16:00,2.5,0.11
10/29/2021 17:00,1.5,0.06
10/29/2021 18:00,0.25,0.01
10/29/2021 19:00,0.25,0.01
10/29/2021 20:00,0.0,0.0
10/29/2021 21:00,0.0,0.0
10/29/2021 22:00,0.0,0.0
10/29/2021 23:00,0.0,0.0
10/30/2021 0:00,0.0,0.0
10/30/2021 1:00,0.0,0.0
10/30/2021 2:00,0.0,0.0
10/30/2021 3:00,0.0,0.0
10/30/2021 4:00,0.0,0.0
10/30/2021 5:00,0.0,0.0
10/30/2021 6:00,0.0,0.0
10/30/2021 7:00,0.0,0.0
10/30/2021 8:00,0.0,0.0
10/30/2021 9:00,0.0,0.0
10/30/2021 10:00,3.5,0.15
10/30/2021 11:00,4.75,0.2
10/30/2021 12:00,3.25,0.14
10/30/2021 13:00,4.25,0.18
10/30/2021 14:00,4.0,0.17
10/30/2021 15:00,2.5,0.11
10/30/2021 16:00,2.0,0.09
10/30/2021 17:00,0.75,0.03
10/30/2021 18:00,0.25,0.01
10/30/2021 19:00,0.0,0.0
10/30/2021 20:00,0.0,0.0
10/30/2021 21:00,0.0,0.0
10/30/2021 22:00,0.0,0.0
10/30/2021 23:00,0.0,0.0
10/31/2021 0:00,0.0,0.0
10/31/2021 1:00,0.0,0.0
10/31/2021 1:00,0.0,0.0
10/31/2021 2:00,0.0,0.0
10/31/2021 3:00,0.0,0.0
10/31/2021 4:00,0.0,0.0
10/31/2021 5:00,0.0,0.0
10/31/2021 6:00,0.0,0.0
10/31/2021 7:00,0.0,0.0
10/31/2021 8:00,0.0,0.0
10/31/2021 9:00,0.25,0.01
10/31/2021 10:00,0.5,0.02
10/31/2021 11:00,1.25,0.05
10/31/2021 12:00,2.0,0.09
10/31/2021 13:00,3.5,0.15
10/31/2021 14:00,2.75,0.12
10/31/2021 15:00,2.0,0.09
10/31/2021 16:00,1.25,0.05
10/31/2021 17:00,0.5,0.02
10/31/2021 18:00,0.0,0.0
10/31/2021 19:00,0.0,0.0
10/31/2021 20:00,0.0,0.0
10/31/2021 21:00,0.0,0.0
10/31/2021 22:00,0.0,0.0
10/31/2021 23:00,0.0,0.0
11/1/2021 0:00,0.0,0.0
11/1/2021 1:00,0.0,0.0
11/1/2021 2:00,0.0,0.0
11/1/2021 3:00,0.0,0.0
11/1/2021 4:00,0.0,0.0
11/1/2021 5:00,0.0,0.0
11/1/2021 6:00,0.0,0.0
11/1/2021 7:00,0.0,0.0
11/1/2021 8:00,0.5,0.02
11/1/2021 9:00,1.0,0.04
11/1/2021 10:00,3.75,0.16
11/1/2021 11:00,3.25,0.14
11/1/2021 12:00,2.25,0.1
11/1/2021 13:00,2.75,0.12
11/1/2021 14:00,3.75,0.16
11/1/2021 15:00,3.75,0.16
11/1/2021 16:00,3.0,0.13
11/1/2021 17:00,1.25,0.05
11/1/2021 18:00,0.25,0.01
11/1/2021 19:00,0.0,0.0
11/1/2021 20:00,0.0,0.0
11/1/2021 21:00,0.0,0.0
11/1/2021 22:00,0.0,0.0
11/1/2021 23:00,0.0,0.0
11/2/2021 0:00,0.0,0.0
11/2/2021 1:00,0.0,0.0
11/2/2021 2:00,0.0,0.0
11/2/2021 3:00,0.0,0.0
11/2/2021 4:00,0.0,0.0
11/2/2021 5:00,0.0,0.0
11/2/2021 6:00,0.0,0.0
11/2/2021 7:00,0.0,0.0
11/2/2021 8:00,0.75,0.03
11/2/2021 9:00,1.5,0.06
11/2/2021 10:00,4.0,0.17
11/2/2021 11:00,5.75,0.24
11/2/2021 12:00,3.75,0.16
11/2/2021 13:00,2.75,0.12
11/2/2021 14:00,2.5,0.11
11/2/2021 15:00,2.0,0.09
11/2/2021 16:00,1.25,0.05
11/2/2021 17:00,0.5,0.02
11/2/2021 18:00,0.25,0.01
11/2/2021 19:00,0.0,0.0
11/2/2021 20:00,0.0,0.0
11/2/2021 21:00,0.0,0.0
11/2/2021 22:00,0.0,0.0
11/2/2021 23:00,0.0,0.0
11/3/2021 0:00,0.0,0.0
11/3/2021 1:00,0.0,0.0
11/3/2021 2:00,0.0,0.0
11/3/2021 3:00,0.0,0.0
11/3/2021 4:00,0.0,0.0
11/3/2021 5:00,0.0,0.0
11/3/2021 6:00,0.0,0.0
11/3/2021 7:00,0.0,0.0
11/3/2021 8:00,0.75,0.03
11/3/2021 9:00,3.75,0.16
11/3/2021 10:00,6.75,0.29
11/3/2021 11:00,11.5,0.49
11/3/2021 12:00,10.25,0.44
11/3/2021 13:00,11.75,0.5
11/3/2021 14:00,12.5,0.53
11/3/2021 15:00,12.25,0.52
11/3/2021 16:00,4.0,0.17
11/3/2021 17:00,2.25,0.1
11/3/2021 18:00,0.0,0.0
11/3/2021 19:00,0.0,0.0
11/3/2021 20:00,0.0,0.0
11/3/2021 21:00,0.0,0.0
11/3/2021 22:00,0.0,0.0
11/3/2021 23:00,0.0,0.0
11/4/2021 0:00,0.0,0.0
11/4/2021 1:00,0.0,0.0
11/4/2021 2:00,0.0,0.0
11/4/2021 3:00,0.0,0.0
11/4/2021 4:00,0.0,0.0
11/4/2021 5:00,0.0,0.0
11/4/2021 6:00,0.0,0.0
11/4/2021 7:00,0.0,0.0
11/4/2021 8:00,0.75,0.03
11/4/2021 9:00,4.75,0.2
11/4/2021 10:00,9.0,0.38
11/4/2021 11:00,11.75,0.5
11/4/2021 12:00,8.75,0.37
11/4/2021 13:00,11.5,0.49
11/4/2021 14:00,14.25,0.61
11/4/2021 15:00,11.75,0.5
11/4/2021 16:00,9.0,0.38
11/4/2021 17:00,2.0,0.09
11/4/2021 18:00,0.25,0.01
11/4/2021 19:00,0.0,0.0
11/4/2021 20:00,0.0,0.0
11/4/2021 21:00,0.0,0.0
11/4/2021 22:00,0.0,0.0
11/4/2021 23:00,0.0,0.0
11/5/2021 0:00,0.0,0.0
11/5/2021 1:00,0.0,0.0
11/5/2021 2:00,0.0,0.0
11/5/2021 3:00,0.0,0.0
11/5/2021 4:00,0.0,0.0
11/5/2021 5:00,0.0,0.0
11/5/2021 6:00,0.0,0.0
11/5/2021 7:00,0.0,0.0
11/5/2021 8:00,0.75,0.03
11/5/2021 9:00,4.75,0.2
11/5/2021 10:00,9.0,0.38
11/5/2021 11:00,12.75,0.54
11/5/2021 12:00,14.25,0.61
11/5/2021 13:00,14.75,0.63
11/5/2021 14:00,13.75,0.58
11/5/2021 15:00,12.0,0.51
11/5/2021 16:00,8.75,0.37
11/5/2021 17:00,1.75,0.07
11/5/2021 18:00,0.0,0.0
11/5/2021 19:00,0.0,0.0
11/5/2021 20:00,0.0,0.0
11/5/2021 21:00,0.0,0.0
11/5/2021 22:00,0.0,0.0
11/5/2021 23:00,0.0,0.0
11/6/2021 0:00,0.0,0.0
11/6/2021 1:00,0.0,0.0
11/6/2021 2:00,0.0,0.0
11/6/2021 3:00,0.0,0.0
11/6/2021 4:00,0.0,0.0
11/6/2021 5:00,0.0,0.0
11/6/2021 6:00,0.0,0.0
11/6/2021 7:00,0.0,0.0
11/6/2021 8:00,0.75,0.03
11/6/2021 9:00,4.75,0.2
11/6/2021 10:00,9.25,0.39
11/6/2021 11:00,12.75,0.54
11/6/2021 12:00,14.5,0.62
11/6/2021 13:00,14.5,0.62
11/6/2021 14:00,14.0,0.6
11/6/2021 15:00,12.5,0.53
11/6/2021 16:00,8.75,0.37
11/6/2021 17:00,1.75,0.07
11/6/2021 18:00,0.0,0.0
11/6/2021 19:00,0.0,0.0
11/6/2021 20:00,0.0,0.0
11/6/2021 21:00,0.0,0.0
11/6/2021 22:00,0.0,0.0
11/6/2021 23:00,0.0,0.0
11/7/2021 0:00,0.0,0.0
11/7/2021 1:00,0.0,0.0
11/7/2021 2:00,0.0,0.0
11/7/2021 3:00,0.0,0.0
11/7/2021 4:00,0.0,0.0
11/7/2021 5:00,0.0,0.0
11/7/2021 6:00,0.0,0.0
11/7/2021 7:00,0.0,0.0
11/7/2021 8:00,0.75,0.03
11/7/2021 9:00,4.5,0.19
11/7/2021 10:00,9.0,0.38
11/7/2021 11:00,12.25,0.52
11/7/2021 12:00,14.0,0.6
11/7/2021 13:00,14.5,0.62
11/7/2021 14:00,13.75,0.58
11/7/2021 15:00,12.0,0.51
11/7/2021 16:00,8.25,0.35
11/7/2021 17:00,1.5,0.06
11/7/2021 18:00,0.0,0.0
11/7/2021 19:00,0.0,0.0
11/7/2021 20:00,0.0,0.0
11/7/2021 21:00,0.0,0.0
11/7/2021 22:00,0.0,0.0
11/7/2021 23:00,0.0,0.0
11/8/2021 0:00,0.0,0.0
11/8/2021 1:00,0.0,0.0
11/8/2021 2:00,0.0,0.0
11/8/2021 3:00,0.0,0.0
11/8/2021 4:00,0.0,0.0
11/8/2021 5:00,0.0,0.0
11/8/2021 6:00,0.0,0.0
11/8/2021 7:00,0.0,0.0
11/8/2021 8:00,0.75,0.03
11/8/2021 9:00,4.25,0.18
11/8/2021 10:00,8.5,0.36
11/8/2021 11:00,11.75,0.5
11/8/2021 12:00,12.25,0.52
11/8/2021 13:00,11.0,0.47
11/8/2021 14:00,6.25,0.27
11/8/2021 15:00,11.75,0.5
11/8/2021 16:00,7.0,0.3
11/8/2021 17:00,1.25,0.05
11/8/2021 18:00,0.0,0.0
11/8/2021 19:00,0.0,0.0
11/8/2021 20:00,0.0,0.0
11/8/2021 21:00,0.0,0.0
11/8/2021 22:00,0.0,0.0
11/8/2021 23:00,0.0,0.0
11/9/2021 0:00,0.0,0.0
11/9/2021 1:00,0.0,0.0
11/9/2021 2:00,0.0,0.0
11/9/2021 3:00,0.0,0.0
11/9/2021 4:00,0.0,0.0
11/9/2021 5:00,0.0,0.0
11/9/2021 6:00,0.0,0.0
11/9/2021 7:00,0.0,0.0
11/9/2021 8:00,0.75,0.03
11/9/2021 9:00,3.75,0.16
11/9/2021 10:00,8.0,0.34
11/9/2021 11:00,11.5,0.49
11/9/2021 12:00,13.0,0.55
11/9/2021 13:00,13.25,0.56
11/9/2021 14:00,12.75,0.54
11/9/2021 15:00,11.0,0.47
11/9/2021 16:00,7.75,0.33
11/9/2021 17:00,1.0,0.04
11/9/2021 18:00,0.0,0.0
11/9/2021 19:00,0.0,0.0
11/9/2021 20:00,0.0,0.0
11/9/2021 21:00,0.0,0.0
11/9/2021 22:00,0.0,0.0
11/9/2021 23:00,0.0,0.0
11/10/2021 0:00,0.0,0.0
11/10/2021 1:00,0.0,0.0
11/10/2021 2:00,0.0,0.0
11/10/2021 3:00,0.0,0.0
11/10/2021 4:00,0.0,0.0
11/10/2021 5:00,0.0,0.0
11/10/2021 6:00,0.0,0.0
11/10/2021 7:00,0.0,0.0
11/10/2021 8:00,0.5,0.02
11/10/2021 9:00,4.0,0.17
11/10/2021 10:00,8.25,0.35
11/10/2021 11:00,11.5,0.49
11/10/2021 12:00,13.25,0.56
11/10/2021 13:00,13.5,0.57
11/10/2021 14:00,13.0,0.55
11/10/2021 15:00,11.25,0.48
11/10/2021 16:00,7.75,0.33
11/10/2021 17:00,1.0,0.04
11/10/2021 18:00,0.0,0.0
11/10/2021 19:00,0.0,0.0
11/10/2021 20:00,0.0,0.0
11/10/2021 21:00,0.0,0.0
11/10/2021 22:00,0.0,0.0
11/10/2021 23:00,0.0,0.0
11/11/2021 0:00,0.0,0.0
11/11/2021 1:00,0.0,0.0
11/11/2021 2:00,0.0,0.0
11/11/2021 3:00,0.0,0.0
11/11/2021 4:00,0.0,0.0
11/11/2021 5:00,0.0,0.0
11/11/2021 6:00,0.0,0.0
11/11/2021 7:00,0.0,0.0
11/11/2021 8:00,0.25,0.01
11/11/2021 9:00,1.5,0.06
11/11/2021 10:00,7.5,0.32
11/11/2021 11:00,6.0,0.26
11/11/2021 12:00,6.0,0.26
11/11/2021 13:00,12.0,0.51
11/11/2021 14:00,12.25,0.52
11/11/2021 15:00,10.5,0.45
11/11/2021 16:00,7.0,0.3
11/11/2021 17:00,1.25,0.05
11/11/2021 18:00,0.0,0.0
11/11/2021 19:00,0.0,0.0
11/11/2021 20:00,0.0,0.0
11/11/2021 21:00,0.0,0.0
11/11/2021 22:00,0.0,0.0
11/11/2021 23:00,0.0,0.0
11/12/2021 0:00,0.0,0.0
11/12/2021 1:00,0.0,0.0
11/12/2021 2:00,0.0,0.0
11/12/2021 3:00,0.0,0.0
11/12/2021 4:00,0.0,0.0
11/12/2021 5:00,0.0,0.0
11/12/2021 6:00,0.0,0.0
11/12/2021 7:00,0.0,0.0
11/12/2021 8:00,0.25,0.01
11/12/2021 9:00,3.5,0.15
11/12/2021 10:00,7.5,0.32
11/12/2021 11:00,10.75,0.46
11/12/2021 12:00,12.5,0.53
11/12/2021 13:00,12.25,0.52
11/12/2021 14:00,12.25,0.52
11/12/2021 15:00,10.0,0.43
11/12/2021 16:00,6.75,0.29
11/12/2021 17:00,1.0,0.04
11/12/2021 18:00,0.0,0.0
11/12/2021 19:00,0.0,0.0
11/12/2021 20:00,0.0,0.0
11/12/2021 21:00,0.0,0.0
11/12/2021 22:00,0.0,0.0
11/12/2021 23:00,0.0,0.0
11/13/2021 0:00,0.0,0.0
11/13/2021 1:00,0.0,0.0
11/13/2021 2:00,0.0,0.0
11/13/2021 3:00,0.0,0.0
11/13/2021 4:00,0.0,0.0
11/13/2021 5:00,0.0,0.0
11/13/2021 6:00,0.0,0.0
11/13/2021 7:00,0.0,0.0
11/13/2021 8:00,0.5,0.02
11/13/2021 9:00,3.5,0.15
11/13/2021 10:00,7.75,0.33
11/13/2021 11:00,11.25,0.48
11/13/2021 12:00,12.75,0.54
11/13/2021 13:00,13.25,0.56
11/13/2021 14:00,12.75,0.54
11/13/2021 15:00,10.75,0.46
11/13/2021 16:00,6.75,0.29
11/13/2021 17:00,1.25,0.05
11/13/2021 18:00,0.0,0.0
11/13/2021 19:00,0.0,0.0
11/13/2021 20:00,0.0,0.0
11/13/2021 21:00,0.0,0.0
11/13/2021 22:00,0.0,0.0
11/13/2021 23:00,0.0,0.0
11/14/2021 0:00,0.0,0.0
11/14/2021 1:00,0.0,0.0
11/14/2021 2:00,0.0,0.0
11/14/2021 3:00,0.0,0.0
11/14/2021 4:00,0.0,0.0
11/14/2021 5:00,0.0,0.0
11/14/2021 6:00,0.0,0.0
11/14/2021 7:00,0.0,0.0
11/14/2021 8:00,0.25,0.01
11/14/2021 9:00,3.5,0.15
11/14/2021 10:00,7.75,0.33
11/14/2021 11:00,11.25,0.48
11/14/2021 12:00,12.75,0.54
11/14/2021 13:00,13.5,0.57
11/14/2021 14:00,13.0,0.55
11/14/2021 15:00,10.75,0.46
11/14/2021 16:00,7.25,0.31
11/14/2021 17:00,0.75,0.03
11/14/2021 18:00,0.0,0.0
11/14/2021 19:00,0.0,0.0
11/14/2021 20:00,0.0,0.0
11/14/2021 21:00,0.0,0.0
11/14/2021 22:00,0.0,0.0
11/14/2021 23:00,0.0,0.0
11/15/2021 0:00,0.0,0.0
11/15/2021 1:00,0.0,0.0
11/15/2021 2:00,0.0,0.0
11/15/2021 3:00,0.0,0.0
11/15/2021 4:00,0.0,0.0
11/15/2021 5:00,0.0,0.0
11/15/2021 6:00,0.0,0.0
11/15/2021 7:00,0.0,0.0
11/15/2021 8:00,0.5,0.02
11/15/2021 9:00,3.25,0.14
11/15/2021 10:00,7.5,0.32
11/15/2021 11:00,11.0,0.47
11/15/2021 12:00,12.5,0.53
11/15/2021 13:00,13.25,0.56
11/15/2021 14:00,12.25,0.52
11/15/2021 15:00,10.25,0.44
11/15/2021 16:00,6.5,0.28
11/15/2021 17:00,0.75,0.03
11/15/2021 18:00,0.25,0.01
11/15/2021 19:00,0.0,0.0
11/15/2021 20:00,0.0,0.0
11/15/2021 21:00,0.0,0.0
11/15/2021 22:00,0.0,0.0
11/15/2021 23:00,0.0,0.0
11/16/2021 0:00,0.0,0.0
11/16/2021 1:00,0.0,0.0
11/16/2021 2:00,0.0,0.0
11/16/2021 3:00,0.0,0.0
11/16/2021 4:00,0.0,0.0
11/16/2021 5:00,0.0,0.0
11/16/2021 6:00,0.0,0.0
11/16/2021 7:00,0.0,0.0
11/16/2021 8:00,0.25,0.01
11/16/2021 9:00,3.0,0.13
11/16/2021 10:00,7.75,0.33
11/16/2021 11:00,11.0,0.47
11/16/2021 12:00,12.5,0.53
11/16/2021 13:00,13.25,0.56
11/16/2021 14:00,12.75,0.54
11/16/2021 15:00,10.5,0.45
11/16/2021 16:00,6.75,0.29
11/16/2021 17:00,0.75,0.03
11/16/2021 18:00,0.0,0.0
11/16/2021 19:00,0.0,0.0
11/16/2021 20:00,0.0,0.0
11/16/2021 21:00,0.0,0.0
11/16/2021 22:00,0.0,0.0
11/16/2021 23:00,0.0,0.0
11/17/2021 0:00,0.0,0.0
11/17/2021 1:00,0.0,0.0
11/17/2021 2:00,0.0,0.0
11/17/2021 3:00,0.0,0.0
11/17/2021 4:00,0.0,0.0
11/17/2021 5:00,0.0,0.0
11/17/2021 6:00,0.0,0.0
11/17/2021 7:00,0.0,0.0
11/17/2021 8:00,0.25,0.01
11/17/2021 9:00,3.5,0.15
11/17/2021 10:00,7.25,0.31
11/17/2021 11:00,10.5,0.45
11/17/2021 12:00,12.25,0.52
11/17/2021 13:00,11.75,0.5
11/17/2021 14:00,12.75,0.54
11/17/2021 15:00,10.5,0.45
11/17/2021 16:00,6.75,0.29
11/17/2021 17:00,0.75,0.03
11/17/2021 18:00,0.0,0.0
11/17/2021 19:00,0.0,0.0
11/17/2021 20:00,0.0,0.0
11/17/2021 21:00,0.0,0.0
11/17/2021 22:00,0.0,0.0
11/17/2021 23:00,0.0,0.0
11/18/2021 0:00,0.0,0.0
11/18/2021 1:00,0.0,0.0
11/18/2021 2:00,0.0,0.0
11/18/2021 3:00,0.0,0.0
11/18/2021 4:00,0.0,0.0
11/18/2021 5:00,0.0,0.0
11/18/2021 6:00,0.0,0.0
11/18/2021 7:00,0.0,0.0
11/18/2021 8:00,0.25,0.01
11/18/2021 9:00,3.0,0.13
11/18/2021 10:00,7.5,0.32
11/18/2021 11:00,11.0,0.47
11/18/2021 12:00,12.75,0.54
11/18/2021 13:00,13.25,0.56
11/18/2021 14:00,12.5,0.53
11/18/2021 15:00,10.5,0.45
11/18/2021 16:00,6.25,0.27
11/18/2021 17:00,0.75,0.03
11/18/2021 18:00,0.0,0.0
11/18/2021 19:00,0.0,0.0
11/18/2021 20:00,0.0,0.0
11/18/2021 21:00,0.0,0.0
11/18/2021 22:00,0.0,0.0
11/18/2021 23:00,0.0,0.0
11/19/2021 0:00,0.0,0.0
11/19/2021 1:00,0.0,0.0
11/19/2021 2:00,0.0,0.0
11/19/2021 3:00,0.0,0.0
11/19/2021 4:00,0.0,0.0
11/19/2021 5:00,0.0,0.0
11/19/2021 6:00,0.0,0.0
11/19/2021 7:00,0.0,0.0
11/19/2021 8:00,0.25,0.01
11/19/2021 9:00,2.75,0.12
11/19/2021 10:00,6.5,0.28
11/19/2021 11:00,10.0,0.43
11/19/2021 12:00,11.75,0.5
11/19/2021 13:00,12.5,0.53
11/19/2021 14:00,11.75,0.5
11/19/2021 15:00,9.75,0.41
11/19/2021 16:00,4.5,0.19
11/19/2021 17:00,0.75,0.03
11/19/2021 18:00,0.0,0.0
11/19/2021 19:00,0.0,0.0
11/19/2021 20:00,0.0,0.0
11/19/2021 21:00,0.0,0.0
11/19/2021 22:00,0.0,0.0
11/19/2021 23:00,0.0,0.0
11/20/2021 0:00,0.0,0.0
11/20/2021 1:00,0.0,0.0
11/20/2021 2:00,0.0,0.0
11/20/2021 3:00,0.0,0.0
11/20/2021 4:00,0.0,0.0
11/20/2021 5:00,0.0,0.0
11/20/2021 6:00,0.0,0.0
11/20/2021 7:00,0.0,0.0
11/20/2021 8:00,0.0,0.0
11/20/2021 9:00,1.0,0.04
11/20/2021 10:00,5.5,0.23
11/20/2021 11:00,6.5,0.28
11/20/2021 12:00,8.0,0.34
11/20/2021 13:00,5.75,0.24
11/20/2021 14:00,10.75,0.46
11/20/2021 15:00,8.25,0.35
11/20/2021 16:00,1.75,0.07
11/20/2021 17:00,0.5,0.02
11/20/2021 18:00,0.0,0.0
11/20/2021 19:00,0.0,0.0
11/20/2021 20:00,0.0,0.0
11/20/2021 21:00,0.0,0.0
11/20/2021 22:00,0.0,0.0
11/20/2021 23:00,0.0,0.0
11/21/2021 0:00,0.0,0.0
11/21/2021 1:00,0.0,0.0
11/21/2021 2:00,0.0,0.0
11/21/2021 3:00,0.0,0.0
11/21/2021 4:00,0.0,0.0
11/21/2021 5:00,0.0,0.0
11/21/2021 6:00,0.0,0.0
11/21/2021 7:00,0.0,0.0
11/21/2021 8:00,0.0,0.0
11/21/2021 9:00,0.5,0.02
11/21/2021 10:00,2.0,0.09
11/21/2021 11:00,3.0,0.13
11/21/2021 12:00,5.0,0.21
11/21/2021 13:00,6.75,0.29
11/21/2021 14:00,5.75,0.24
11/21/2021 15:00,7.75,0.33
11/21/2021 16:00,4.25,0.18
11/21/2021 17:00,0.5,0.02
11/21/2021 18:00,0.0,0.0
11/21/2021 19:00,0.0,0.0
11/21/2021 20:00,0.0,0.0
11/21/2021 21:00,0.0,0.0
11/21/2021 22:00,0.0,0.0
11/21/2021 23:00,0.0,0.0
11/22/2021 0:00,0.0,0.0
11/22/2021 1:00,0.0,0.0
11/22/2021 2:00,0.0,0.0
11/22/2021 3:00,0.0,0.0
11/22/2021 4:00,0.0,0.0
11/22/2021 5:00,0.0,0.0
11/22/2021 6:00,0.0,0.0
11/22/2021 7:00,0.0,0.0
11/22/2021 8:00,0.25,0.01
11/22/2021 9:00,1.5,0.06
11/22/2021 10:00,6.25,0.27
11/22/2021 11:00,6.75,0.29
11/22/2021 12:00,8.5,0.36
11/22/2021 13:00,10.0,0.43
11/22/2021 14:00,12.75,0.54
11/22/2021 15:00,10.75,0.46
11/22/2021 16:00,6.25,0.27
11/22/2021 17:00,0.75,0.03
11/22/2021 18:00,0.0,0.0
11/22/2021 19:00,0.0,0.0
11/22/2021 20:00,0.0,0.0
11/22/2021 21:00,0.0,0.0
11/22/2021 22:00,0.0,0.0
11/22/2021 23:00,0.0,0.0
11/23/2021 0:00,0.0,0.0
11/23/2021 1:00,0.0,0.0
11/23/2021 2:00,0.0,0.0
11/23/2021 3:00,0.0,0.0
11/23/2021 4:00,0.0,0.0
11/23/2021 5:00,0.0,0.0
11/23/2021 6:00,0.0,0.0
11/23/2021 7:00,0.0,0.0
11/23/2021 8:00,0.25,0.01
11/23/2021 9:00,2.75,0.12
11/23/2021 10:00,6.5,0.28
11/23/2021 11:00,10.25,0.44
11/23/2021 12:00,12.25,0.52
11/23/2021 13:00,13.0,0.55
11/23/2021 14:00,12.0,0.51
11/23/2021 15:00,10.5,0.45
11/23/2021 16:00,6.25,0.27
11/23/2021 17:00,0.5,0.02
11/23/2021 18:00,0.0,0.0
11/23/2021 19:00,0.0,0.0
11/23/2021 20:00,0.0,0.0
11/23/2021 21:00,0.0,0.0
11/23/2021 22:00,0.0,0.0
11/23/2021 23:00,0.0,0.0
11/24/2021 0:00,0.0,0.0
11/24/2021 1:00,0.0,0.0
11/24/2021 2:00,0.0,0.0
11/24/2021 3:00,0.0,0.0
11/24/2021 4:00,0.0,0.0
11/24/2021 5:00,0.0,0.0
11/24/2021 6:00,0.0,0.0
11/24/2021 7:00,0.0,0.0
11/24/2021 8:00,0.25,0.01
11/24/2021 9:00,2.5,0.11
11/24/2021 10:00,6.0,0.26
11/24/2021 11:00,5.5,0.23
11/24/2021 12:00,8.75,0.37
11/24/2021 13:00,12.75,0.54
11/24/2021 14:00,8.75,0.37
11/24/2021 15:00,5.75,0.24
11/24/2021 16:00,4.25,0.18
11/24/2021 17:00,1.0,0.04
11/24/2021 18:00,0.0,0.0
11/24/2021 19:00,0.0,0.0
11/24/2021 20:00,0.0,0.0
11/24/2021 21:00,0.0,0.0
11/24/2021 22:00,0.0,0.0
11/24/2021 23:00,0.0,0.0
11/25/2021 0:00,0.0,0.0
11/25/2021 1:00,0.0,0.0
11/25/2021 2:00,0.0,0.0
11/25/2021 3:00,0.0,0.0
11/25/2021 4:00,0.0,0.0
11/25/2021 5:00,0.0,0.0
11/25/2021 6:00,0.0,0.0
11/25/2021 7:00,0.0,0.0
11/25/2021 8:00,0.0,0.0
11/25/2021 9:00,2.25,0.1
11/25/2021 10:00,2.0,0.09
11/25/2021 11:00,5.25,0.22
11/25/2021 12:00,2.5,0.11
11/25/2021 13:00,12.75,0.54
11/25/2021 14:00,4.75,0.2
11/25/2021 15:00,10.75,0.46
11/25/2021 16:00,4.75,0.2
11/25/2021 17:00,1.0,0.04
11/25/2021 18:00,0.0,0.0
11/25/2021 19:00,0.0,0.0
11/25/2021 20:00,0.0,0.0
11/25/2021 21:00,0.0,0.0
11/25/2021 22:00,0.0,0.0
11/25/2021 23:00,0.0,0.0
11/26/2021 0:00,0.0,0.0
11/26/2021 1:00,0.0,0.0
11/26/2021 2:00,0.0,0.0
11/26/2021 3:00,0.0,0.0
11/26/2021 4:00,0.0,0.0
11/26/2021 5:00,0.0,0.0
11/26/2021 6:00,0.0,0.0
11/26/2021 7:00,0.0,0.0
11/26/2021 8:00,0.25,0.01
11/26/2021 9:00,2.5,0.11
11/26/2021 10:00,6.25,0.27
11/26/2021 11:00,10.0,0.43
11/26/2021 12:00,12.0,0.51
11/26/2021 13:00,13.0,0.55
11/26/2021 14:00,12.0,0.51
11/26/2021 15:00,10.5,0.45
11/26/2021 16:00,5.75,0.24
11/26/2021 17:00,0.5,0.02
11/26/2021 18:00,0.0,0.0
11/26/2021 19:00,0.0,0.0
11/26/2021 20:00,0.0,0.0
11/26/2021 21:00,0.0,0.0
11/26/2021 22:00,0.0,0.0
11/26/2021 23:00,0.0,0.0
11/27/2021 0:00,0.0,0.0
11/27/2021 1:00,0.0,0.0
11/27/2021 2:00,0.0,0.0
11/27/2021 3:00,0.0,0.0
11/27/2021 4:00,0.0,0.0
11/27/2021 5:00,0.0,0.0
11/27/2021 6:00,0.0,0.0
11/27/2021 7:00,0.0,0.0
11/27/2021 8:00,0.0,0.0
11/27/2021 9:00,2.25,0.1
11/27/2021 10:00,5.5,0.23
11/27/2021 11:00,5.25,0.22
11/27/2021 12:00,11.0,0.47
11/27/2021 13:00,7.75,0.33
11/27/2021 14:00,7.75,0.33
11/27/2021 15:00,7.5,0.32
11/27/2021 16:00,5.25,0.22
11/27/2021 17:00,0.75,0.03
11/27/2021 18:00,0.0,0.0
11/27/2021 19:00,0.0,0.0
11/27/2021 20:00,0.0,0.0
11/27/2021 21:00,0.0,0.0
11/27/2021 22:00,0.0,0.0
11/27/2021 23:00,0.0,0.0
11/28/2021 0:00,0.0,0.0
11/28/2021 1:00,0.0,0.0
11/28/2021 2:00,0.0,0.0
11/28/2021 3:00,0.0,0.0
11/28/2021 4:00,0.0,0.0
11/28/2021 5:00,0.0,0.0
11/28/2021 6:00,0.0,0.0
11/28/2021 7:00,0.0,0.0
11/28/2021 8:00,0.25,0.01
11/28/2021 9:00,2.25,0.1
11/28/2021 10:00,6.0,0.26
11/28/2021 11:00,8.0,0.34
11/28/2021 12:00,9.25,0.39
11/28/2021 13:00,4.75,0.2
11/28/2021 14:00,8.5,0.36
11/28/2021 15:00,8.25,0.35
11/28/2021 16:00,3.75,0.16
11/28/2021 17:00,0.75,0.03
11/28/2021 18:00,0.0,0.0
11/28/2021 19:00,0.0,0.0
11/28/2021 20:00,0.0,0.0
11/28/2021 21:00,0.0,0.0
11/28/2021 22:00,0.0,0.0
11/28/2021 23:00,0.0,0.0
11/29/2021 0:00,0.0,0.0
11/29/2021 1:00,0.0,0.0
11/29/2021 2:00,0.0,0.0
11/29/2021 3:00,0.0,0.0
11/29/2021 4:00,0.0,0.0
11/29/2021 5:00,0.0,0.0
11/29/2021 6:00,0.0,0.0
11/29/2021 7:00,0.0,0.0
11/29/2021 8:00,0.25,0.01
11/29/2021 9:00,0.75,0.03
11/29/2021 10:00,4.25,0.18
11/29/2021 11:00,7.75,0.33
11/29/2021 12:00,4.5,0.19
11/29/2021 13:00,6.0,0.26
11/29/2021 14:00,4.75,0.2
11/29/2021 15:00,3.5,0.15
11/29/2021 16:00,2.5,0.11
11/29/2021 17:00,0.5,0.02
11/29/2021 18:00,0.0,0.0
11/29/2021 19:00,0.0,0.0
11/29/2021 20:00,0.0,0.0
11/29/2021 21:00,0.0,0.0
11/29/2021 22:00,0.0,0.0
11/29/2021 23:00,0.0,0.0
11/30/2021 0:00,0.0,0.0
11/30/2021 1:00,0.0,0.0
11/30/2021 2:00,0.0,0.0
11/30/2021 3:00,0.0,0.0
11/30/2021 4:00,0.0,0.0
11/30/2021 5:00,0.0,0.0
11/30/2021 6:00,0.0,0.0
11/30/2021 7:00,0.0,0.0
11/30/2021 8:00,0.25,0.01
11/30/2021 9:00,1.0,0.04
11/30/2021 10:00,3.75,0.16
11/30/2021 11:00,6.5,0.28
11/30/2021 12:00,11.25,0.48
11/30/2021 13:00,12.0,0.51
11/30/2021 14:00,11.5,0.49
11/30/2021 15:00,7.5,0.32
11/30/2021 16:00,1.0,0.04
11/30/2021 17:00,0.5,0.02
11/30/2021 18:00,0.0,0.0
11/30/2021 19:00,0.0,0.0
11/30/2021 20:00,0.0,0.0
11/30/2021 21:00,0.0,0.0
11/30/2021 22:00,0.0,0.0
11/30/2021 23:00,0.0,0.0
12/1/2021 0:00,0.0,0.0
12/1/2021 1:00,0.0,0.0
12/1/2021 2:00,0.0,0.0
12/1/2021 3:00,0.0,0.0
12/1/2021 4:00,0.0,0.0
12/1/2021 5:00,0.0,0.0
12/1/2021 6:00,0.0,0.0
12/1/2021 7:00,0.0,0.0
12/1/2021 8:00,0.0,0.0
12/1/2021 9:00,2.0,0.09
12/1/2021 10:00,4.75,0.2
12/1/2021 11:00,4.75,0.2
12/1/2021 12:00,6.75,0.29
12/1/2021 13:00,3.25,0.14
12/1/2021 14:00,3.0,0.13
12/1/2021 15:00,5.0,0.21
12/1/2021 16:00,2.0,0.09
12/1/2021 17:00,0.75,0.03
12/1/2021 18:00,0.0,0.0
12/1/2021 19:00,0.0,0.0
12/1/2021 20:00,0.0,0.0
12/1/2021 21:00,0.0,0.0
12/1/2021 22:00,0.0,0.0
12/1/2021 23:00,0.0,0.0
12/2/2021 0:00,0.0,0.0
12/2/2021 1:00,0.0,0.0
12/2/2021 2:00,0.0,0.0
12/2/2021 3:00,0.0,0.0
12/2/2021 4:00,0.0,0.0
12/2/2021 5:00,0.0,0.0
12/2/2021 6:00,0.0,0.0
12/2/2021 7:00,0.0,0.0
12/2/2021 8:00,0.25,0.01
12/2/2021 9:00,2.25,0.1
12/2/2021 10:00,5.75,0.24
12/2/2021 11:00,9.5,0.4
12/2/2021 12:00,12.25,0.52
12/2/2021 13:00,12.75,0.54
12/2/2021 14:00,12.25,0.52
12/2/2021 15:00,10.25,0.44
12/2/2021 16:00,5.25,0.22
12/2/2021 17:00,0.5,0.02
12/2/2021 18:00,0.25,0.01
12/2/2021 19:00,0.0,0.0
12/2/2021 20:00,0.0,0.0
12/2/2021 21:00,0.0,0.0
12/2/2021 22:00,0.0,0.0
12/2/2021 23:00,0.0,0.0
12/3/2021 0:00,0.0,0.0
12/3/2021 1:00,0.0,0.0
12/3/2021 2:00,0.0,0.0
12/3/2021 3:00,0.0,0.0
12/3/2021 4:00,0.0,0.0
12/3/2021 5:00,0.0,0.0
12/3/2021 6:00,0.0,0.0
12/3/2021 7:00,0.0,0.0
12/3/2021 8:00,0.0,0.0
12/3/2021 9:00,2.0,0.09
12/3/2021 10:00,5.75,0.24
12/3/2021 11:00,9.25,0.39
12/3/2021 12:00,11.5,0.49
12/3/2021 13:00,12.25,0.52
12/3/2021 14:00,11.5,0.49
12/3/2021 15:00,9.75,0.41
12/3/2021 16:00,5.0,0.21
12/3/2021 17:00,0.5,0.02
12/3/2021 18:00,0.0,0.0
12/3/2021 19:00,0.0,0.0
12/3/2021 20:00,0.0,0.0
12/3/2021 21:00,0.0,0.0
12/3/2021 22:00,0.0,0.0
12/3/2021 23:00,0.0,0.0
12/4/2021 0:00,0.0,0.0
12/4/2021 1:00,0.0,0.0
12/4/2021 2:00,0.0,0.0
12/4/2021 3:00,0.0,0.0
12/4/2021 4:00,0.0,0.0
12/4/2021 5:00,0.0,0.0
12/4/2021 6:00,0.0,0.0
12/4/2021 7:00,0.0,0.0
12/4/2021 8:00,0.0,0.0
12/4/2021 9:00,1.5,0.06
12/4/2021 10:00,3.75,0.16
12/4/2021 11:00,3.75,0.16
12/4/2021 12:00,2.5,0.11
12/4/2021 13:00,2.75,0.12
12/4/2021 14:00,3.25,0.14
12/4/2021 15:00,3.5,0.15
12/4/2021 16:00,4.0,0.17
12/4/2021 17:00,0.5,0.02
12/4/2021 18:00,0.0,0.0
12/4/2021 19:00,0.0,0.0
12/4/2021 20:00,0.0,0.0
12/4/2021 21:00,0.0,0.0
12/4/2021 22:00,0.0,0.0
12/4/2021 23:00,0.0,0.0
12/5/2021 0:00,0.0,0.0
12/5/2021 1:00,0.0,0.0
12/5/2021 2:00,0.0,0.0
12/5/2021 3:00,0.0,0.0
12/5/2021 4:00,0.0,0.0
12/5/2021 5:00,0.0,0.0
12/5/2021 6:00,0.0,0.0
12/5/2021 7:00,0.0,0.0
12/5/2021 8:00,0.25,0.01
12/5/2021 9:00,1.75,0.07
12/5/2021 10:00,5.25,0.22
12/5/2021 11:00,8.5,0.36
12/5/2021 12:00,12.25,0.52
12/5/2021 13:00,8.25,0.35
12/5/2021 14:00,10.25,0.44
12/5/2021 15:00,10.5,0.45
12/5/2021 16:00,2.0,0.09
12/5/2021 17:00,1.0,0.04
12/5/2021 18:00,0.0,0.0
12/5/2021 19:00,0.0,0.0
12/5/2021 20:00,0.0,0.0
12/5/2021 21:00,0.0,0.0
12/5/2021 22:00,0.0,0.0
12/5/2021 23:00,0.0,0.0
12/6/2021 0:00,0.0,0.0
12/6/2021 1:00,0.0,0.0
12/6/2021 2:00,0.0,0.0
12/6/2021 3:00,0.0,0.0
12/6/2021 4:00,0.0,0.0
12/6/2021 5:00,0.0,0.0
12/6/2021 6:00,0.0,0.0
12/6/2021 7:00,0.0,0.0
12/6/2021 8:00,0.0,0.0
12/6/2021 9:00,1.75,0.07
12/6/2021 10:00,3.0,0.13
12/6/2021 11:00,6.0,0.26
12/6/2021 12:00,8.0,0.34
12/6/2021 13:00,9.75,0.41
12/6/2021 14:00,5.75,0.24
12/6/2021 15:00,3.75,0.16
12/6/2021 16:00,4.5,0.19
12/6/2021 17:00,0.5,0.02
12/6/2021 18:00,0.0,0.0
12/6/2021 19:00,0.0,0.0
12/6/2021 20:00,0.0,0.0
12/6/2021 21:00,0.0,0.0
12/6/2021 22:00,0.0,0.0
12/6/2021 23:00,0.0,0.0
12/7/2021 0:00,0.0,0.0
12/7/2021 1:00,0.0,0.0
12/7/2021 2:00,0.0,0.0
12/7/2021 3:00,0.0,0.0
12/7/2021 4:00,0.0,0.0
12/7/2021 5:00,0.0,0.0
12/7/2021 6:00,0.0,0.0
12/7/2021 7:00,0.0,0.0
12/7/2021 8:00,0.0,0.0
12/7/2021 9:00,0.75,0.03
12/7/2021 10:00,1.75,0.07
12/7/2021 11:00,4.25,0.18
12/7/2021 12:00,3.5,0.15
12/7/2021 13:00,4.0,0.17
12/7/2021 14:00,6.25,0.27
12/7/2021 15:00,3.75,0.16
12/7/2021 16:00,2.0,0.09
12/7/2021 17:00,0.5,0.02
12/7/2021 18:00,0.0,0.0
12/7/2021 19:00,0.0,0.0
12/7/2021 20:00,0.0,0.0
12/7/2021 21:00,0.0,0.0
12/7/2021 22:00,0.0,0.0
12/7/2021 23:00,0.0,0.0
12/8/2021 0:00,0.0,0.0
12/8/2021 1:00,0.0,0.0
12/8/2021 2:00,0.0,0.0
12/8/2021 3:00,0.0,0.0
12/8/2021 4:00,0.0,0.0
12/8/2021 5:00,0.0,0.0
12/8/2021 6:00,0.0,0.0
12/8/2021 7:00,0.0,0.0
12/8/2021 8:00,0.0,0.0
12/8/2021 9:00,1.25,0.05
12/8/2021 10:00,3.5,0.15
12/8/2021 11:00,9.25,0.39
12/8/2021 12:00,7.5,0.32
12/8/2021 13:00,7.75,0.33
12/8/2021 14:00,9.25,0.39
12/8/2021 15:00,5.75,0.24
12/8/2021 16:00,2.5,0.11
12/8/2021 17:00,0.75,0.03
12/8/2021 18:00,0.0,0.0
12/8/2021 19:00,0.0,0.0
12/8/2021 20:00,0.0,0.0
12/8/2021 21:00,0.0,0.0
12/8/2021 22:00,0.0,0.0
12/8/2021 23:00,0.0,0.0
12/9/2021 0:00,0.0,0.0
12/9/2021 1:00,0.0,0.0
12/9/2021 2:00,0.0,0.0
12/9/2021 3:00,0.0,0.0
12/9/2021 4:00,0.0,0.0
12/9/2021 5:00,0.0,0.0
12/9/2021 6:00,0.0,0.0
12/9/2021 7:00,0.0,0.0
12/9/2021 8:00,0.0,0.0
12/9/2021 9:00,1.5,0.06
12/9/2021 10:00,4.75,0.2
12/9/2021 11:00,7.0,0.3
12/9/2021 12:00,7.25,0.31
12/9/2021 13:00,7.5,0.32
12/9/2021 14:00,3.0,0.13
12/9/2021 15:00,1.75,0.07
12/9/2021 16:00,2.0,0.09
12/9/2021 17:00,0.5,0.02
12/9/2021 18:00,0.0,0.0
12/9/2021 19:00,0.0,0.0
12/9/2021 20:00,0.0,0.0
12/9/2021 21:00,0.0,0.0
12/9/2021 22:00,0.0,0.0
12/9/2021 23:00,0.0,0.0
12/10/2021 0:00,0.0,0.0
12/10/2021 1:00,0.0,0.0
12/10/2021 2:00,0.0,0.0
12/10/2021 3:00,0.0,0.0
12/10/2021 4:00,0.0,0.0
12/10/2021 5:00,0.0,0.0
12/10/2021 6:00,0.0,0.0
12/10/2021 7:00,0.0,0.0
12/10/2021 8:00,0.0,0.0
12/10/2021 9:00,0.75,0.03
12/10/2021 10:00,2.75,0.12
12/10/2021 11:00,3.25,0.14
12/10/2021 12:00,3.0,0.13
12/10/2021 13:00,2.75,0.12
12/10/2021 14:00,2.5,0.11
12/10/2021 15:00,2.0,0.09
12/10/2021 16:00,0.75,0.03
12/10/2021 17:00,0.5,0.02
12/10/2021 18:00,0.0,0.0
12/10/2021 19:00,0.0,0.0
12/10/2021 20:00,0.0,0.0
12/10/2021 21:00,0.0,0.0
12/10/2021 22:00,0.0,0.0
12/10/2021 23:00,0.0,0.0
12/11/2021 0:00,0.0,0.0
12/11/2021 1:00,0.0,0.0
12/11/2021 2:00,0.0,0.0
12/11/2021 3:00,0.0,0.0
12/11/2021 4:00,0.0,0.0
12/11/2021 5:00,0.0,0.0
12/11/2021 6:00,0.0,0.0
12/11/2021 7:00,0.0,0.0
12/11/2021 8:00,0.25,0.01
12/11/2021 9:00,1.5,0.06
12/11/2021 10:00,5.0,0.21
12/11/2021 11:00,8.5,0.36
12/11/2021 12:00,10.5,0.45
12/11/2021 13:00,11.5,0.49
12/11/2021 14:00,11.25,0.48
12/11/2021 15:00,9.25,0.39
12/11/2021 16:00,5.0,0.21
12/11/2021 17:00,0.5,0.02
12/11/2021 18:00,0.0,0.0
12/11/2021 19:00,0.0,0.0
12/11/2021 20:00,0.0,0.0
12/11/2021 21:00,0.0,0.0
12/11/2021 22:00,0.0,0.0
12/11/2021 23:00,0.0,0.0
12/12/2021 0:00,0.0,0.0
12/12/2021 1:00,0.0,0.0
12/12/2021 2:00,0.0,0.0
12/12/2021 3:00,0.0,0.0
12/12/2021 4:00,0.0,0.0
12/12/2021 5:00,0.0,0.0
12/12/2021 6:00,0.0,0.0
12/12/2021 7:00,0.0,0.0
12/12/2021 8:00,0.0,0.0
12/12/2021 9:00,1.25,0.05
12/12/2021 10:00,5.0,0.21
12/12/2021 11:00,8.5,0.36
12/12/2021 12:00,11.0,0.47
12/12/2021 13:00,12.0,0.51
12/12/2021 14:00,11.25,0.48
12/12/2021 15:00,9.5,0.4
12/12/2021 16:00,5.0,0.21
12/12/2021 17:00,0.5,0.02
12/12/2021 18:00,0.0,0.0
12/12/2021 19:00,0.0,0.0
12/12/2021 20:00,0.0,0.0
12/12/2021 21:00,0.0,0.0
12/12/2021 22:00,0.0,0.0
12/12/2021 23:00,0.0,0.0
12/13/2021 0:00,0.0,0.0
12/13/2021 1:00,0.0,0.0
12/13/2021 2:00,0.0,0.0
12/13/2021 3:00,0.0,0.0
12/13/2021 4:00,0.0,0.0
12/13/2021 5:00,0.0,0.0
12/13/2021 6:00,0.0,0.0
12/13/2021 7:00,0.0,0.0
12/13/2021 8:00,0.0,0.0
12/13/2021 9:00,1.75,0.07
12/13/2021 10:00,5.0,0.21
12/13/2021 11:00,8.75,0.37
12/13/2021 12:00,10.25,0.44
12/13/2021 13:00,7.75,0.33
12/13/2021 14:00,4.25,0.18
12/13/2021 15:00,2.25,0.1
12/13/2021 16:00,0.75,0.03
12/13/2021 17:00,0.25,0.01
12/13/2021 18:00,0.0,0.0
12/13/2021 19:00,0.0,0.0
12/13/2021 20:00,0.0,0.0
12/13/2021 21:00,0.0,0.0
12/13/2021 22:00,0.0,0.0
12/13/2021 23:00,0.0,0.0
12/14/2021 0:00,0.0,0.0
12/14/2021 1:00,0.0,0.0
12/14/2021 2:00,0.0,0.0
12/14/2021 3:00,0.0,0.0
12/14/2021 4:00,0.0,0.0
12/14/2021 5:00,0.0,0.0
12/14/2021 6:00,0.0,0.0
12/14/2021 7:00,0.0,0.0
12/14/2021 8:00,0.0,0.0
12/14/2021 9:00,1.25,0.05
12/14/2021 10:00,4.75,0.2
12/14/2021 11:00,7.25,0.31
12/14/2021 12:00,11.25,0.48
12/14/2021 13:00,10.25,0.44
12/14/2021 14:00,9.75,0.41
12/14/2021 15:00,9.0,0.38
12/14/2021 16:00,4.75,0.2
12/14/2021 17:00,0.5,0.02
12/14/2021 18:00,0.0,0.0
12/14/2021 19:00,0.0,0.0
12/14/2021 20:00,0.0,0.0
12/14/2021 21:00,0.0,0.0
12/14/2021 22:00,0.0,0.0
12/14/2021 23:00,0.0,0.0
12/15/2021 0:00,0.0,0.0
12/15/2021 1:00,0.0,0.0
12/15/2021 2:00,0.0,0.0
12/15/2021 3:00,0.0,0.0
12/15/2021 4:00,0.0,0.0
12/15/2021 5:00,0.0,0.0
12/15/2021 6:00,0.0,0.0
12/15/2021 7:00,0.0,0.0
12/15/2021 8:00,0.0,0.0
12/15/2021 9:00,2.0,0.09
12/15/2021 10:00,4.75,0.2
12/15/2021 11:00,8.75,0.37
12/15/2021 12:00,11.0,0.47
12/15/2021 13:00,11.75,0.5
12/15/2021 14:00,11.5,0.49
12/15/2021 15:00,10.0,0.43
12/15/2021 16:00,5.25,0.22
12/15/2021 17:00,0.5,0.02
12/15/2021 18:00,0.0,0.0
12/15/2021 19:00,0.0,0.0
12/15/2021 20:00,0.0,0.0
12/15/2021 21:00,0.0,0.0
12/15/2021 22:00,0.0,0.0
12/15/2021 23:00,0.0,0.0
12/16/2021 0:00,0.0,0.0
12/16/2021 1:00,0.0,0.0
12/16/2021 2:00,0.0,0.0
12/16/2021 3:00,0.0,0.0
12/16/2021 4:00,0.0,0.0
12/16/2021 5:00,0.0,0.0
12/16/2021 6:00,0.0,0.0
12/16/2021 7:00,0.0,0.0
12/16/2021 8:00,0.0,0.0
12/16/2021 9:00,1.75,0.07
12/16/2021 10:00,5.25,0.22
12/16/2021 11:00,8.75,0.37
12/16/2021 12:00,11.25,0.48
12/16/2021 13:00,12.0,0.51
12/16/2021 14:00,11.5,0.49
12/16/2021 15:00,9.25,0.39
12/16/2021 16:00,5.0,0.21
12/16/2021 17:00,0.75,0.03
12/16/2021 18:00,0.0,0.0
12/16/2021 19:00,0.0,0.0
12/16/2021 20:00,0.0,0.0
12/16/2021 21:00,0.0,0.0
12/16/2021 22:00,0.0,0.0
12/16/2021 23:00,0.0,0.0
12/17/2021 0:00,0.0,0.0
12/17/2021 1:00,0.0,0.0
12/17/2021 2:00,0.0,0.0
12/17/2021 3:00,0.0,0.0
12/17/2021 4:00,0.0,0.0
12/17/2021 5:00,0.0,0.0
12/17/2021 6:00,0.0,0.0
12/17/2021 7:00,0.0,0.0
12/17/2021 8:00,0.0,0.0
12/17/2021 9:00,0.75,0.03
12/17/2021 10:00,4.5,0.19
12/17/2021 11:00,8.25,0.35
12/17/2021 12:00,10.5,0.45
12/17/2021 13:00,11.25,0.48
12/17/2021 14:00,9.25,0.39
12/17/2021 15:00,7.5,0.32
12/17/2021 16:00,1.75,0.07
12/17/2021 17:00,0.75,0.03
12/17/2021 18:00,0.0,0.0
12/17/2021 19:00,0.0,0.0
12/17/2021 20:00,0.0,0.0
12/17/2021 21:00,0.0,0.0
12/17/2021 22:00,0.0,0.0
12/17/2021 23:00,0.0,0.0
12/18/2021 0:00,0.0,0.0
12/18/2021 1:00,0.0,0.0
12/18/2021 2:00,0.0,0.0
12/18/2021 3:00,0.0,0.0
12/18/2021 4:00,0.0,0.0
12/18/2021 5:00,0.0,0.0
12/18/2021 6:00,0.0,0.0
12/18/2021 7:00,0.0,0.0
12/18/2021 8:00,0.0,0.0
12/18/2021 9:00,1.0,0.04
12/18/2021 10:00,3.0,0.13
12/18/2021 11:00,8.0,0.34
12/18/2021 12:00,10.75,0.46
12/18/2021 13:00,11.5,0.49
12/18/2021 14:00,10.25,0.44
12/18/2021 15:00,9.25,0.39
12/18/2021 16:00,5.5,0.23
12/18/2021 17:00,1.25,0.05
12/18/2021 18:00,0.0,0.0
12/18/2021 19:00,0.0,0.0
12/18/2021 20:00,0.0,0.0
12/18/2021 21:00,0.0,0.0
12/18/2021 22:00,0.0,0.0
12/18/2021 23:00,0.0,0.0
12/19/2021 0:00,0.0,0.0
12/19/2021 1:00,0.0,0.0
12/19/2021 2:00,0.0,0.0
12/19/2021 3:00,0.0,0.0
12/19/2021 4:00,0.0,0.0
12/19/2021 5:00,0.0,0.0
12/19/2021 6:00,0.0,0.0
12/19/2021 7:00,0.0,0.0
12/19/2021 8:00,0.0,0.0
12/19/2021 9:00,1.25,0.05
12/19/2021 10:00,5.0,0.21
12/19/2021 11:00,8.5,0.36
12/19/2021 12:00,10.5,0.45
12/19/2021 13:00,10.25,0.44
12/19/2021 14:00,10.0,0.43
12/19/2021 15:00,6.75,0.29
12/19/2021 16:00,2.75,0.12
12/19/2021 17:00,0.75,0.03
12/19/2021 18:00,0.0,0.0
12/19/2021 19:00,0.0,0.0
12/19/2021 20:00,0.0,0.0
12/19/2021 21:00,0.0,0.0
12/19/2021 22:00,0.0,0.0
12/19/2021 23:00,0.0,0.0
12/20/2021 0:00,0.0,0.0
12/20/2021 1:00,0.0,0.0
12/20/2021 2:00,0.0,0.0
12/20/2021 3:00,0.0,0.0
12/20/2021 4:00,0.0,0.0
12/20/2021 5:00,0.0,0.0
12/20/2021 6:00,0.0,0.0
12/20/2021 7:00,0.0,0.0
12/20/2021 8:00,0.0,0.0
12/20/2021 9:00,0.0,0.0
12/20/2021 10:00,0.25,0.01
12/20/2021 11:00,0.5,0.02
12/20/2021 12:00,1.0,0.04
12/20/2021 13:00,0.75,0.03
12/20/2021 14:00,1.25,0.05
12/20/2021 15:00,3.0,0.13
12/20/2021 16:00,1.0,0.04
12/20/2021 17:00,0.25,0.01
12/20/2021 18:00,0.0,0.0
12/20/2021 19:00,0.0,0.0
12/20/2021 20:00,0.0,0.0
12/20/2021 21:00,0.0,0.0
12/20/2021 22:00,0.0,0.0
12/20/2021 23:00,0.0,0.0
12/21/2021 0:00,0.0,0.0
12/21/2021 1:00,0.0,0.0
12/21/2021 2:00,0.0,0.0
12/21/2021 3:00,0.0,0.0
12/21/2021 4:00,0.0,0.0
12/21/2021 5:00,0.0,0.0
12/21/2021 6:00,0.0,0.0
12/21/2021 7:00,0.0,0.0
12/21/2021 8:00,0.0,0.0
12/21/2021 9:00,0.25,0.01
12/21/2021 10:00,2.5,0.11
12/21/2021 11:00,3.0,0.13
12/21/2021 12:00,3.25,0.14
12/21/2021 13:00,1.0,0.04
12/21/2021 14:00,1.25,0.05
12/21/2021 15:00,1.0,0.04
12/21/2021 16:00,2.0,0.09
12/21/2021 17:00,0.5,0.02
12/21/2021 18:00,0.0,0.0
12/21/2021 19:00,0.0,0.0
12/21/2021 20:00,0.0,0.0
12/21/2021 21:00,0.0,0.0
12/21/2021 22:00,0.0,0.0
12/21/2021 23:00,0.0,0.0
12/22/2021 0:00,0.0,0.0
12/22/2021 1:00,0.0,0.0
12/22/2021 2:00,0.0,0.0
12/22/2021 3:00,0.0,0.0
12/22/2021 4:00,0.0,0.0
12/22/2021 5:00,0.0,0.0
12/22/2021 6:00,0.0,0.0
12/22/2021 7:00,0.0,0.0
12/22/2021 8:00,0.0,0.0
12/22/2021 9:00,0.25,0.01
12/22/2021 10:00,0.5,0.02
12/22/2021 11:00,1.75,0.07
12/22/2021 12:00,4.5,0.19
12/22/2021 13:00,2.75,0.12
12/22/2021 14:00,4.25,0.18
12/22/2021 15:00,2.25,0.1
12/22/2021 16:00,1.25,0.05
12/22/2021 17:00,0.5,0.02
12/22/2021 18:00,0.0,0.0
12/22/2021 19:00,0.0,0.0
12/22/2021 20:00,0.0,0.0
12/22/2021 21:00,0.0,0.0
12/22/2021 22:00,0.0,0.0
12/22/2021 23:00,0.0,0.0
12/23/2021 0:00,0.0,0.0
12/23/2021 1:00,0.0,0.0
12/23/2021 2:00,0.0,0.0
12/23/2021 3:00,0.0,0.0
12/23/2021 4:00,0.0,0.0
12/23/2021 5:00,0.0,0.0
12/23/2021 6:00,0.0,0.0
12/23/2021 7:00,0.0,0.0
12/23/2021 8:00,0.0,0.0
12/23/2021 9:00,0.5,0.02
12/23/2021 10:00,1.0,0.04
12/23/2021 11:00,2.75,0.12
12/23/2021 12:00,5.5,0.23
12/23/2021 13:00,6.5,0.28
12/23/2021 14:00,4.75,0.2
12/23/2021 15:00,5.75,0.24
12/23/2021 16:00,3.5,0.15
12/23/2021 17:00,1.0,0.04
12/23/2021 18:00,0.0,0.0
12/23/2021 19:00,0.0,0.0
12/23/2021 20:00,0.0,0.0
12/23/2021 21:00,0.0,0.0
12/23/2021 22:00,0.0,0.0
12/23/2021 23:00,0.0,0.0
12/24/2021 0:00,0.0,0.0
12/24/2021 1:00,0.0,0.0
12/24/2021 2:00,0.0,0.0
12/24/2021 3:00,0.0,0.0
12/24/2021 4:00,0.0,0.0
12/24/2021 5:00,0.0,0.0
12/24/2021 6:00,0.0,0.0
12/24/2021 7:00,0.0,0.0
12/24/2021 8:00,0.0,0.0
12/24/2021 9:00,0.5,0.02
12/24/2021 10:00,2.25,0.1
12/24/2021 11:00,3.5,0.15
12/24/2021 12:00,3.25,0.14
12/24/2021 13:00,2.5,0.11
12/24/2021 14:00,0.5,0.02
12/24/2021 15:00,4.0,0.17
12/24/2021 16:00,3.75,0.16
12/24/2021 17:00,0.75,0.03
12/24/2021 18:00,0.25,0.01
12/24/2021 19:00,0.0,0.0
12/24/2021 20:00,0.0,0.0
12/24/2021 21:00,0.0,0.0
12/24/2021 22:00,0.0,0.0
12/24/2021 23:00,0.0,0.0
12/25/2021 0:00,0.0,0.0
12/25/2021 1:00,0.0,0.0
12/25/2021 2:00,0.0,0.0
12/25/2021 3:00,0.0,0.0
12/25/2021 4:00,0.0,0.0
12/25/2021 5:00,0.0,0.0
12/25/2021 6:00,0.0,0.0
12/25/2021 7:00,0.0,0.0
12/25/2021 8:00,0.0,0.0
12/25/2021 9:00,0.0,0.0
12/25/2021 10:00,1.0,0.04
12/25/2021 11:00,2.75,0.12
12/25/2021 12:00,3.25,0.14
12/25/2021 13:00,4.5,0.19
12/25/2021 14:00,5.75,0.24
12/25/2021 15:00,5.75,0.24
12/25/2021 16:00,1.25,0.05
12/25/2021 17:00,0.75,0.03
12/25/2021 18:00,0.0,0.0
12/25/2021 19:00,0.0,0.0
12/25/2021 20:00,0.0,0.0
12/25/2021 21:00,0.0,0.0
12/25/2021 22:00,0.0,0.0
12/25/2021 23:00,0.0,0.0
12/26/2021 0:00,0.0,0.0
12/26/2021 1:00,0.0,0.0
12/26/2021 2:00,0.0,0.0
12/26/2021 3:00,0.0,0.0
12/26/2021 4:00,0.0,0.0
12/26/2021 5:00,0.0,0.0
12/26/2021 6:00,0.0,0.0
12/26/2021 7:00,0.0,0.0
12/26/2021 8:00,0.0,0.0
12/26/2021 9:00,0.5,0.02
12/26/2021 10:00,0.75,0.03
12/26/2021 11:00,2.25,0.1
12/26/2021 12:00,2.0,0.09
12/26/2021 13:00,3.25,0.14
12/26/2021 14:00,3.5,0.15
12/26/2021 15:00,2.75,0.12
12/26/2021 16:00,1.25,0.05
12/26/2021 17:00,0.5,0.02
12/26/2021 18:00,0.0,0.0
12/26/2021 19:00,0.0,0.0
12/26/2021 20:00,0.0,0.0
12/26/2021 21:00,0.0,0.0
12/26/2021 22:00,0.0,0.0
12/26/2021 23:00,0.0,0.0
12/27/2021 0:00,0.0,0.0
12/27/2021 1:00,0.0,0.0
12/27/2021 2:00,0.0,0.0
12/27/2021 3:00,0.0,0.0
12/27/2021 4:00,0.0,0.0
12/27/2021 5:00,0.0,0.0
12/27/2021 6:00,0.0,0.0
12/27/2021 7:00,0.0,0.0
12/27/2021 8:00,0.0,0.0
12/27/2021 9:00,0.75,0.03
12/27/2021 10:00,1.75,0.07
12/27/2021 11:00,4.25,0.18
12/27/2021 12:00,4.25,0.18
12/27/2021 13:00,6.75,0.29
12/27/2021 14:00,3.75,0.16
12/27/2021 15:00,3.25,0.14
12/27/2021 16:00,2.25,0.1
12/27/2021 17:00,0.75,0.03
12/27/2021 18:00,0.0,0.0
12/27/2021 19:00,0.0,0.0
12/27/2021 20:00,0.0,0.0
12/27/2021 21:00,0.0,0.0
12/27/2021 22:00,0.0,0.0
12/27/2021 23:00,0.0,0.0
12/28/2021 0:00,0.0,0.0
12/28/2021 1:00,0.0,0.0
12/28/2021 2:00,0.0,0.0
12/28/2021 3:00,0.0,0.0
12/28/2021 4:00,0.0,0.0
12/28/2021 5:00,0.0,0.0
12/28/2021 6:00,0.0,0.0
12/28/2021 7:00,0.0,0.0
12/28/2021 8:00,0.0,0.0
12/28/2021 9:00,0.25,0.01
12/28/2021 10:00,1.5,0.06
12/28/2021 11:00,1.75,0.07
12/28/2021 12:00,3.5,0.15
12/28/2021 13:00,3.5,0.15
12/28/2021 14:00,3.5,0.15
12/28/2021 15:00,2.5,0.11
12/28/2021 16:00,2.0,0.09
12/28/2021 17:00,1.0,0.04
12/28/2021 18:00,0.0,0.0
12/28/2021 19:00,0.0,0.0
12/28/2021 20:00,0.0,0.0
12/28/2021 21:00,0.0,0.0
12/28/2021 22:00,0.0,0.0
12/28/2021 23:00,0.0,0.0
12/29/2021 0:00,0.0,0.0
12/29/2021 1:00,0.0,0.0
12/29/2021 2:00,0.0,0.0
12/29/2021 3:00,0.0,0.0
12/29/2021 4:00,0.0,0.0
12/29/2021 5:00,0.0,0.0
12/29/2021 6:00,0.0,0.0
12/29/2021 7:00,0.0,0.0
12/29/2021 8:00,0.0,0.0
12/29/2021 9:00,0.25,0.01
12/29/2021 10:00,2.75,0.12
12/29/2021 11:00,5.25,0.22
12/29/2021 12:00,7.5,0.32
12/29/2021 13:00,8.75,0.37
12/29/2021 14:00,8.5,0.36
12/29/2021 15:00,8.25,0.35
12/29/2021 16:00,4.75,0.2
12/29/2021 17:00,0.75,0.03
12/29/2021 18:00,0.0,0.0
12/29/2021 19:00,0.0,0.0
12/29/2021 20:00,0.0,0.0
12/29/2021 21:00,0.0,0.0
12/29/2021 22:00,0.0,0.0
12/29/2021 23:00,0.0,0.0
12/30/2021 0:00,0.0,0.0
12/30/2021 1:00,0.0,0.0
12/30/2021 2:00,0.0,0.0
12/30/2021 3:00,0.0,0.0
12/30/2021 4:00,0.0,0.0
12/30/2021 5:00,0.0,0.0
12/30/2021 6:00,0.0,0.0
12/30/2021 7:00,0.0,0.0
12/30/2021 8:00,0.0,0.0
12/30/2021 9:00,0.25,0.01
12/30/2021 10:00,0.75,0.03
12/30/2021 11:00,2.0,0.09
12/30/2021 12:00,3.25,0.14
12/30/2021 13:00,8.0,0.34
12/30/2021 14:00,10.0,0.43
12/30/2021 15:00,9.75,0.41
12/30/2021 16:00,6.25,0.27
12/30/2021 17:00,0.5,0.02
12/30/2021 18:00,0.0,0.0
12/30/2021 19:00,0.0,0.0
12/30/2021 20:00,0.0,0.0
12/30/2021 21:00,0.0,0.0
12/30/2021 22:00,0.0,0.0
12/30/2021 23:00,0.0,0.0
12/31/2021 0:00,0.0,0.0
12/31/2021 1:00,0.0,0.0
12/31/2021 2:00,0.0,0.0
12/31/2021 3:00,0.0,0.0
12/31/2021 4:00,0.0,0.0
12/31/2021 5:00,0.0,0.0
12/31/2021 6:00,0.0,0.0
12/31/2021 7:00,0.0,0.0
12/31/2021 8:00,0.0,0.0
12/31/2021 9:00,1.25,0.05
12/31/2021 10:00,4.5,0.19
12/31/2021 11:00,8.25,0.35
12/31/2021 12:00,9.5,0.4
12/31/2021 13:00,11.75,0.5
12/31/2021 14:00,10.5,0.45
12/31/2021 15:00,8.25,0.35
12/31/2021 16:00,4.0,0.17
12/31/2021 17:00,1.0,0.04
12/31/2021 18:00,0.25,0.01
12/31/2021 19:00,0.0,0.0
12/31/2021 20:00,0.0,0.0
12/31/2021 21:00,0.0,0.0
12/31/2021 22:00,0.0,0.0
12/31/2021 23:00,0.0,0.0
1/1/2022 0:00,0.0,0.0
1/1/2022 1:00,0.0,0.0
1/1/2022 2:00,0.0,0.0
1/1/2022 3:00,0.0,0.0
1/1/2022 4:00,0.0,0.0
1/1/2022 5:00,0.0,0.0
1/1/2022 6:00,0.0,0.0
1/1/2022 7:00,0.0,0.0
1/1/2022 8:00,0.0,0.0
1/1/2022 9:00,1.25,0.05
1/1/2022 10:00,3.75,0.16
1/1/2022 11:00,7.5,0.32
1/1/2022 12:00,9.75,0.41
1/1/2022 13:00,7.25,0.31
1/1/2022 14:00,10.0,0.43
1/1/2022 15:00,8.75,0.37
1/1/2022 16:00,6.5,0.28
1/1/2022 17:00,1.0,0.04
1/1/2022 18:00,0.0,0.0
1/1/2022 19:00,0.0,0.0
1/1/2022 20:00,0.0,0.0
1/1/2022 21:00,0.0,0.0
1/1/2022 22:00,0.0,0.0
1/1/2022 23:00,0.0,0.0
1/2/2022 0:00,0.0,0.0
1/2/2022 1:00,0.0,0.0
1/2/2022 2:00,0.0,0.0
1/2/2022 3:00,0.0,0.0
1/2/2022 4:00,0.0,0.0
1/2/2022 5:00,0.0,0.0
1/2/2022 6:00,0.0,0.0
1/2/2022 7:00,0.0,0.0
1/2/2022 8:00,0.0,0.0
1/2/2022 9:00,0.25,0.01
1/2/2022 10:00,1.25,0.05
1/2/2022 11:00,1.5,0.06
1/2/2022 12:00,2.5,0.11
1/2/2022 13:00,4.25,0.18
1/2/2022 14:00,5.5,0.23
1/2/2022 15:00,4.25,0.18
1/2/2022 16:00,2.5,0.11
1/2/2022 17:00,0.5,0.02
1/2/2022 18:00,0.0,0.0
1/2/2022 19:00,0.0,0.0
1/2/2022 20:00,0.0,0.0
1/2/2022 21:00,0.0,0.0
1/2/2022 22:00,0.0,0.0
1/2/2022 23:00,0.0,0.0
1/3/2022 0:00,0.0,0.0
1/3/2022 1:00,0.0,0.0
1/3/2022 2:00,0.0,0.0
1/3/2022 3:00,0.0,0.0
1/3/2022 4:00,0.0,0.0
1/3/2022 5:00,0.0,0.0
1/3/2022 6:00,0.0,0.0
1/3/2022 7:00,0.0,0.0
1/3/2022 8:00,0.0,0.0
1/3/2022 9:00,0.25,0.01
1/3/2022 10:00,1.0,0.04
1/3/2022 11:00,2.25,0.1
1/3/2022 12:00,3.5,0.15
1/3/2022 13:00,4.75,0.2
1/3/2022 14:00,6.5,0.28
1/3/2022 15:00,6.0,0.26
1/3/2022 16:00,2.5,0.11
1/3/2022 17:00,1.25,0.05
1/3/2022 18:00,0.25,0.01
1/3/2022 19:00,0.0,0.0
1/3/2022 20:00,0.0,0.0
1/3/2022 21:00,0.0,0.0
1/3/2022 22:00,0.0,0.0
1/3/2022 23:00,0.0,0.0
1/4/2022 0:00,0.0,0.0
1/4/2022 1:00,0.0,0.0
1/4/2022 2:00,0.0,0.0
1/4/2022 3:00,0.0,0.0
1/4/2022 4:00,0.0,0.0
1/4/2022 5:00,0.0,0.0
1/4/2022 6:00,0.0,0.0
1/4/2022 7:00,0.0,0.0
1/4/2022 8:00,0.0,0.0
1/4/2022 9:00,0.25,0.01
1/4/2022 10:00,0.5,0.02
1/4/2022 11:00,2.0,0.09
1/4/2022 12:00,5.5,0.23
1/4/2022 13:00,10.5,0.45
1/4/2022 14:00,10.25,0.44
1/4/2022 15:00,10.25,0.44
1/4/2022 16:00,5.75,0.24
1/4/2022 17:00,1.25,0.05
1/4/2022 18:00,0.25,0.01
1/4/2022 19:00,0.0,0.0
1/4/2022 20:00,0.0,0.0
1/4/2022 21:00,0.0,0.0
1/4/2022 22:00,0.0,0.0
1/4/2022 23:00,0.0,0.0
1/5/2022 0:00,0.0,0.0
1/5/2022 1:00,0.0,0.0
1/5/2022 2:00,0.0,0.0
1/5/2022 3:00,0.0,0.0
1/5/2022 4:00,0.0,0.0
1/5/2022 5:00,0.0,0.0
1/5/2022 6:00,0.0,0.0
1/5/2022 7:00,0.0,0.0
1/5/2022 8:00,0.0,0.0
1/5/2022 9:00,0.5,0.02
1/5/2022 10:00,4.25,0.18
1/5/2022 11:00,4.75,0.2
1/5/2022 12:00,4.75,0.2
1/5/2022 13:00,9.25,0.39
1/5/2022 14:00,6.75,0.29
1/5/2022 15:00,6.5,0.28
1/5/2022 16:00,6.25,0.27
1/5/2022 17:00,0.75,0.03
1/5/2022 18:00,0.25,0.01
1/5/2022 19:00,0.0,0.0
1/5/2022 20:00,0.0,0.0
1/5/2022 21:00,0.0,0.0
1/5/2022 22:00,0.0,0.0
1/5/2022 23:00,0.0,0.0
1/6/2022 0:00,0.0,0.0
1/6/2022 1:00,0.0,0.0
1/6/2022 2:00,0.0,0.0
1/6/2022 3:00,0.0,0.0
1/6/2022 4:00,0.0,0.0
1/6/2022 5:00,0.0,0.0
1/6/2022 6:00,0.0,0.0
1/6/2022 7:00,0.0,0.0
1/6/2022 8:00,0.0,0.0
1/6/2022 9:00,1.25,0.05
1/6/2022 10:00,4.75,0.2
1/6/2022 11:00,8.25,0.35
1/6/2022 12:00,11.5,0.49
1/6/2022 13:00,6.0,0.26
1/6/2022 14:00,9.75,0.41
1/6/2022 15:00,7.25,0.31
1/6/2022 16:00,5.25,0.22
1/6/2022 17:00,1.25,0.05
1/6/2022 18:00,0.0,0.0
1/6/2022 19:00,0.0,0.0
1/6/2022 20:00,0.0,0.0
1/6/2022 21:00,0.0,0.0
1/6/2022 22:00,0.0,0.0
1/6/2022 23:00,0.0,0.0
1/7/2022 0:00,0.0,0.0
1/7/2022 1:00,0.0,0.0
1/7/2022 2:00,0.0,0.0
1/7/2022 3:00,0.0,0.0
1/7/2022 4:00,0.0,0.0
1/7/2022 5:00,0.0,0.0
1/7/2022 6:00,0.0,0.0
1/7/2022 7:00,0.0,0.0
1/7/2022 8:00,0.0,0.0
1/7/2022 9:00,1.25,0.05
1/7/2022 10:00,5.0,0.21
1/7/2022 11:00,9.0,0.38
1/7/2022 12:00,11.25,0.48
1/7/2022 13:00,12.75,0.54
1/7/2022 14:00,10.5,0.45
1/7/2022 15:00,10.75,0.46
1/7/2022 16:00,7.5,0.32
1/7/2022 17:00,1.0,0.04
1/7/2022 18:00,0.25,0.01
1/7/2022 19:00,0.0,0.0
1/7/2022 20:00,0.0,0.0
1/7/2022 21:00,0.0,0.0
1/7/2022 22:00,0.0,0.0
1/7/2022 23:00,0.0,0.0
1/8/2022 0:00,0.0,0.0
1/8/2022 1:00,0.0,0.0
1/8/2022 2:00,0.0,0.0
1/8/2022 3:00,0.0,0.0
1/8/2022 4:00,0.0,0.0
1/8/2022 5:00,0.0,0.0
1/8/2022 6:00,0.0,0.0
1/8/2022 7:00,0.0,0.0
1/8/2022 8:00,0.0,0.0
1/8/2022 9:00,1.25,0.05
1/8/2022 10:00,5.25,0.22
1/8/2022 11:00,9.0,0.38
1/8/2022 12:00,11.75,0.5
1/8/2022 13:00,12.75,0.54
1/8/2022 14:00,12.75,0.54
1/8/2022 15:00,10.5,0.45
1/8/2022 16:00,5.25,0.22
1/8/2022 17:00,1.25,0.05
1/8/2022 18:00,0.0,0.0
1/8/2022 19:00,0.0,0.0
1/8/2022 20:00,0.0,0.0
1/8/2022 21:00,0.0,0.0
1/8/2022 22:00,0.0,0.0
1/8/2022 23:00,0.0,0.0
1/9/2022 0:00,0.0,0.0
1/9/2022 1:00,0.0,0.0
1/9/2022 2:00,0.0,0.0
1/9/2022 3:00,0.0,0.0
1/9/2022 4:00,0.0,0.0
1/9/2022 5:00,0.0,0.0
1/9/2022 6:00,0.0,0.0
1/9/2022 7:00,0.0,0.0
1/9/2022 8:00,0.0,0.0
1/9/2022 9:00,0.75,0.03
1/9/2022 10:00,2.75,0.12
1/9/2022 11:00,6.25,0.27
1/9/2022 12:00,7.5,0.32
1/9/2022 13:00,10.5,0.45
1/9/2022 14:00,6.5,0.28
1/9/2022 15:00,3.25,0.14
1/9/2022 16:00,1.75,0.07
1/9/2022 17:00,0.25,0.01
1/9/2022 18:00,0.25,0.01
1/9/2022 19:00,0.0,0.0
1/9/2022 20:00,0.0,0.0
1/9/2022 21:00,0.0,0.0
1/9/2022 22:00,0.0,0.0
1/9/2022 23:00,0.0,0.0
1/10/2022 0:00,0.0,0.0
1/10/2022 1:00,0.0,0.0
1/10/2022 2:00,0.0,0.0
1/10/2022 3:00,0.0,0.0
1/10/2022 4:00,0.0,0.0
1/10/2022 5:00,0.0,0.0
1/10/2022 6:00,0.0,0.0
1/10/2022 7:00,0.0,0.0
1/10/2022 8:00,0.0,0.0
1/10/2022 9:00,0.5,0.02
1/10/2022 10:00,2.5,0.11
1/10/2022 11:00,4.25,0.18
1/10/2022 12:00,5.0,0.21
1/10/2022 13:00,3.5,0.15
1/10/2022 14:00,3.5,0.15
1/10/2022 15:00,2.75,0.12
1/10/2022 16:00,1.75,0.07
1/10/2022 17:00,0.75,0.03
1/10/2022 18:00,0.0,0.0
1/10/2022 19:00,0.0,0.0
1/10/2022 20:00,0.0,0.0
1/10/2022 21:00,0.0,0.0
1/10/2022 22:00,0.0,0.0
1/10/2022 23:00,0.0,0.0
1/11/2022 0:00,0.0,0.0
1/11/2022 1:00,0.0,0.0
1/11/2022 2:00,0.0,0.0
1/11/2022 3:00,0.0,0.0
1/11/2022 4:00,0.0,0.0
1/11/2022 5:00,0.0,0.0
1/11/2022 6:00,0.0,0.0
1/11/2022 7:00,0.0,0.0
1/11/2022 8:00,0.0,0.0
1/11/2022 9:00,0.75,0.03
1/11/2022 10:00,2.25,0.1
1/11/2022 11:00,8.5,0.36
1/11/2022 12:00,11.0,0.47
1/11/2022 13:00,12.25,0.52
1/11/2022 14:00,11.5,0.49
1/11/2022 15:00,10.75,0.46
1/11/2022 16:00,7.75,0.33
1/11/2022 17:00,1.25,0.05
1/11/2022 18:00,0.25,0.01
1/11/2022 19:00,0.0,0.0
1/11/2022 20:00,0.0,0.0
1/11/2022 21:00,0.0,0.0
1/11/2022 22:00,0.0,0.0
1/11/2022 23:00,0.0,0.0
1/12/2022 0:00,0.0,0.0
1/12/2022 1:00,0.0,0.0
1/12/2022 2:00,0.0,0.0
1/12/2022 3:00,0.0,0.0
1/12/2022 4:00,0.0,0.0
1/12/2022 5:00,0.0,0.0
1/12/2022 6:00,0.0,0.0
1/12/2022 7:00,0.0,0.0
1/12/2022 8:00,0.0,0.0
1/12/2022 9:00,1.25,0.05
1/12/2022 10:00,5.0,0.21
1/12/2022 11:00,9.0,0.38
1/12/2022 12:00,11.75,0.5
1/12/2022 13:00,12.5,0.53
1/12/2022 14:00,12.25,0.52
1/12/2022 15:00,11.0,0.47
1/12/2022 16:00,8.0,0.34
1/12/2022 17:00,1.5,0.06
1/12/2022 18:00,0.0,0.0
1/12/2022 19:00,0.0,0.0
1/12/2022 20:00,0.0,0.0
1/12/2022 21:00,0.0,0.0
1/12/2022 22:00,0.0,0.0
1/12/2022 23:00,0.0,0.0
1/13/2022 0:00,0.0,0.0
1/13/2022 1:00,0.0,0.0
1/13/2022 2:00,0.0,0.0
1/13/2022 3:00,0.0,0.0
1/13/2022 4:00,0.0,0.0
1/13/2022 5:00,0.0,0.0
1/13/2022 6:00,0.0,0.0
1/13/2022 7:00,0.0,0.0
1/13/2022 8:00,0.0,0.0
1/13/2022 9:00,1.25,0.05
1/13/2022 10:00,5.25,0.22
1/13/2022 11:00,9.25,0.39
1/13/2022 12:00,12.0,0.51
1/13/2022 13:00,12.75,0.54
1/13/2022 14:00,12.5,0.53
1/13/2022 15:00,10.25,0.44
1/13/2022 16:00,8.25,0.35
1/13/2022 17:00,1.5,0.06
1/13/2022 18:00,0.25,0.01
1/13/2022 19:00,0.0,0.0
1/13/2022 20:00,0.0,0.0
1/13/2022 21:00,0.0,0.0
1/13/2022 22:00,0.0,0.0
1/13/2022 23:00,0.0,0.0
1/14/2022 0:00,0.0,0.0
1/14/2022 1:00,0.0,0.0
1/14/2022 2:00,0.0,0.0
1/14/2022 3:00,0.0,0.0
1/14/2022 4:00,0.0,0.0
1/14/2022 5:00,0.0,0.0
1/14/2022 6:00,0.0,0.0
1/14/2022 7:00,0.0,0.0
1/14/2022 8:00,0.0,0.0
1/14/2022 9:00,1.25,0.05
1/14/2022 10:00,5.5,0.23
1/14/2022 11:00,9.0,0.38
1/14/2022 12:00,8.5,0.36
1/14/2022 13:00,12.75,0.54
1/14/2022 14:00,12.5,0.53
1/14/2022 15:00,10.0,0.43
1/14/2022 16:00,4.5,0.19
1/14/2022 17:00,2.5,0.11
1/14/2022 18:00,0.5,0.02
1/14/2022 19:00,0.0,0.0
1/14/2022 20:00,0.0,0.0
1/14/2022 21:00,0.0,0.0
1/14/2022 22:00,0.0,0.0
1/14/2022 23:00,0.0,0.0
1/15/2022 0:00,0.0,0.0
1/15/2022 1:00,0.0,0.0
1/15/2022 2:00,0.0,0.0
1/15/2022 3:00,0.0,0.0
1/15/2022 4:00,0.0,0.0
1/15/2022 5:00,0.0,0.0
1/15/2022 6:00,0.0,0.0
1/15/2022 7:00,0.0,0.0
1/15/2022 8:00,0.0,0.0
1/15/2022 9:00,1.0,0.04
1/15/2022 10:00,5.5,0.23
1/15/2022 11:00,5.25,0.22
1/15/2022 12:00,4.5,0.19
1/15/2022 13:00,7.25,0.31
1/15/2022 14:00,5.5,0.23
1/15/2022 15:00,3.75,0.16
1/15/2022 16:00,2.25,0.1
1/15/2022 17:00,1.0,0.04
1/15/2022 18:00,0.25,0.01
1/15/2022 19:00,0.0,0.0
1/15/2022 20:00,0.0,0.0
1/15/2022 21:00,0.0,0.0
1/15/2022 22:00,0.0,0.0
1/15/2022 23:00,0.0,0.0
1/16/2022 0:00,0.0,0.0
1/16/2022 1:00,0.0,0.0
1/16/2022 2:00,0.0,0.0
1/16/2022 3:00,0.0,0.0
1/16/2022 4:00,0.0,0.0
1/16/2022 5:00,0.0,0.0
1/16/2022 6:00,0.0,0.0
1/16/2022 7:00,0.0,0.0
1/16/2022 8:00,0.0,0.0
1/16/2022 9:00,1.25,0.05
1/16/2022 10:00,5.0,0.21
1/16/2022 11:00,2.0,0.09
1/16/2022 12:00,3.25,0.14
1/16/2022 13:00,8.75,0.37
1/16/2022 14:00,10.75,0.46
1/16/2022 15:00,9.0,0.38
1/16/2022 16:00,7.0,0.3
1/16/2022 17:00,2.0,0.09
1/16/2022 18:00,0.5,0.02
1/16/2022 19:00,0.0,0.0
1/16/2022 20:00,0.0,0.0
1/16/2022 21:00,0.0,0.0
1/16/2022 22:00,0.0,0.0
1/16/2022 23:00,0.0,0.0
1/17/2022 0:00,0.0,0.0
1/17/2022 1:00,0.0,0.0
1/17/2022 2:00,0.0,0.0
1/17/2022 3:00,0.0,0.0
1/17/2022 4:00,0.0,0.0
1/17/2022 5:00,0.0,0.0
1/17/2022 6:00,0.0,0.0
1/17/2022 7:00,0.0,0.0
1/17/2022 8:00,0.0,0.0
1/17/2022 9:00,1.25,0.05
1/17/2022 10:00,5.25,0.22
1/17/2022 11:00,9.0,0.38
1/17/2022 12:00,12.0,0.51
1/17/2022 13:00,13.0,0.55
1/17/2022 14:00,13.0,0.55
1/17/2022 15:00,11.0,0.47
1/17/2022 16:00,7.75,0.33
1/17/2022 17:00,2.0,0.09
1/17/2022 18:00,0.25,0.01
1/17/2022 19:00,0.0,0.0
1/17/2022 20:00,0.0,0.0
1/17/2022 21:00,0.0,0.0
1/17/2022 22:00,0.0,0.0
1/17/2022 23:00,0.0,0.0
1/18/2022 0:00,0.0,0.0
1/18/2022 1:00,0.0,0.0
1/18/2022 2:00,0.0,0.0
1/18/2022 3:00,0.0,0.0
1/18/2022 4:00,0.0,0.0
1/18/2022 5:00,0.0,0.0
1/18/2022 6:00,0.0,0.0
1/18/2022 7:00,0.0,0.0
1/18/2022 8:00,0.0,0.0
1/18/2022 9:00,1.5,0.06
1/18/2022 10:00,5.25,0.22
1/18/2022 11:00,9.5,0.4
1/18/2022 12:00,12.0,0.51
1/18/2022 13:00,12.75,0.54
1/18/2022 14:00,12.5,0.53
1/18/2022 15:00,11.25,0.48
1/18/2022 16:00,8.75,0.37
1/18/2022 17:00,2.25,0.1
1/18/2022 18:00,0.0,0.0
1/18/2022 19:00,0.0,0.0
1/18/2022 20:00,0.0,0.0
1/18/2022 21:00,0.0,0.0
1/18/2022 22:00,0.0,0.0
1/18/2022 23:00,0.0,0.0
1/19/2022 0:00,0.0,0.0
1/19/2022 1:00,0.0,0.0
1/19/2022 2:00,0.0,0.0
1/19/2022 3:00,0.0,0.0
1/19/2022 4:00,0.0,0.0
1/19/2022 5:00,0.0,0.0
1/19/2022 6:00,0.0,0.0
1/19/2022 7:00,0.0,0.0
1/19/2022 8:00,0.0,0.0
1/19/2022 9:00,1.5,0.06
1/19/2022 10:00,5.5,0.23
1/19/2022 11:00,9.25,0.39
1/19/2022 12:00,12.0,0.51
1/19/2022 13:00,13.25,0.56
1/19/2022 14:00,13.0,0.55
1/19/2022 15:00,11.5,0.49
1/19/2022 16:00,8.5,0.36
1/19/2022 17:00,2.25,0.1
1/19/2022 18:00,0.25,0.01
1/19/2022 19:00,0.0,0.0
1/19/2022 20:00,0.0,0.0
1/19/2022 21:00,0.0,0.0
1/19/2022 22:00,0.0,0.0
1/19/2022 23:00,0.0,0.0
1/20/2022 0:00,0.0,0.0
1/20/2022 1:00,0.0,0.0
1/20/2022 2:00,0.0,0.0
1/20/2022 3:00,0.0,0.0
1/20/2022 4:00,0.0,0.0
1/20/2022 5:00,0.0,0.0
1/20/2022 6:00,0.0,0.0
1/20/2022 7:00,0.0,0.0
1/20/2022 8:00,0.0,0.0
1/20/2022 9:00,1.25,0.05
1/20/2022 10:00,5.5,0.23
1/20/2022 11:00,9.5,0.4
1/20/2022 12:00,12.5,0.53
1/20/2022 13:00,13.25,0.56
1/20/2022 14:00,13.25,0.56
1/20/2022 15:00,12.0,0.51
1/20/2022 16:00,9.0,0.38
1/20/2022 17:00,2.5,0.11
1/20/2022 18:00,0.0,0.0
1/20/2022 19:00,0.0,0.0
1/20/2022 20:00,0.0,0.0
1/20/2022 21:00,0.0,0.0
1/20/2022 22:00,0.0,0.0
1/20/2022 23:00,0.0,0.0
1/21/2022 0:00,0.0,0.0
1/21/2022 1:00,0.0,0.0
1/21/2022 2:00,0.0,0.0
1/21/2022 3:00,0.0,0.0
1/21/2022 4:00,0.0,0.0
1/21/2022 5:00,0.0,0.0
1/21/2022 6:00,0.0,0.0
1/21/2022 7:00,0.0,0.0
1/21/2022 8:00,0.0,0.0
1/21/2022 9:00,1.75,0.07
1/21/2022 10:00,5.5,0.23
1/21/2022 11:00,9.5,0.4
1/21/2022 12:00,12.5,0.53
1/21/2022 13:00,13.25,0.56
1/21/2022 14:00,13.25,0.56
1/21/2022 15:00,12.0,0.51
1/21/2022 16:00,9.0,0.38
1/21/2022 17:00,2.75,0.12
1/21/2022 18:00,0.25,0.01
1/21/2022 19:00,0.0,0.0
1/21/2022 20:00,0.0,0.0
1/21/2022 21:00,0.0,0.0
1/21/2022 22:00,0.0,0.0
1/21/2022 23:00,0.0,0.0
1/22/2022 0:00,0.0,0.0
1/22/2022 1:00,0.0,0.0
1/22/2022 2:00,0.0,0.0
1/22/2022 3:00,0.0,0.0
1/22/2022 4:00,0.0,0.0
1/22/2022 5:00,0.0,0.0
1/22/2022 6:00,0.0,0.0
1/22/2022 7:00,0.0,0.0
1/22/2022 8:00,0.0,0.0
1/22/2022 9:00,1.5,0.06
1/22/2022 10:00,5.5,0.23
1/22/2022 11:00,10.0,0.43
1/22/2022 12:00,12.5,0.53
1/22/2022 13:00,13.5,0.57
1/22/2022 14:00,13.5,0.57
1/22/2022 15:00,11.75,0.5
1/22/2022 16:00,9.25,0.39
1/22/2022 17:00,2.75,0.12
1/22/2022 18:00,0.25,0.01
1/22/2022 19:00,0.0,0.0
1/22/2022 20:00,0.0,0.0
1/22/2022 21:00,0.0,0.0
1/22/2022 22:00,0.0,0.0
1/22/2022 23:00,0.0,0.0
1/23/2022 0:00,0.0,0.0
1/23/2022 1:00,0.0,0.0
1/23/2022 2:00,0.0,0.0
1/23/2022 3:00,0.0,0.0
1/23/2022 4:00,0.0,0.0
1/23/2022 5:00,0.0,0.0
1/23/2022 6:00,0.0,0.0
1/23/2022 7:00,0.0,0.0
1/23/2022 8:00,0.0,0.0
1/23/2022 9:00,1.0,0.04
1/23/2022 10:00,4.5,0.19
1/23/2022 11:00,8.25,0.35
1/23/2022 12:00,11.0,0.47
1/23/2022 13:00,11.75,0.5
1/23/2022 14:00,11.5,0.49
1/23/2022 15:00,10.25,0.44
1/23/2022 16:00,7.5,0.32
1/23/2022 17:00,2.75,0.12
1/23/2022 18:00,0.25,0.01
1/23/2022 19:00,0.0,0.0
1/23/2022 20:00,0.0,0.0
1/23/2022 21:00,0.0,0.0
1/23/2022 22:00,0.0,0.0
1/23/2022 23:00,0.0,0.0
1/24/2022 0:00,0.0,0.0
1/24/2022 1:00,0.0,0.0
1/24/2022 2:00,0.0,0.0
1/24/2022 3:00,0.0,0.0
1/24/2022 4:00,0.0,0.0
1/24/2022 5:00,0.0,0.0
1/24/2022 6:00,0.0,0.0
1/24/2022 7:00,0.0,0.0
1/24/2022 8:00,0.0,0.0
1/24/2022 9:00,1.25,0.05
1/24/2022 10:00,4.75,0.2
1/24/2022 11:00,8.75,0.37
1/24/2022 12:00,11.25,0.48
1/24/2022 13:00,12.5,0.53
1/24/2022 14:00,12.0,0.51
1/24/2022 15:00,10.75,0.46
1/24/2022 16:00,8.0,0.34
1/24/2022 17:00,3.0,0.13
1/24/2022 18:00,0.0,0.0
1/24/2022 19:00,0.0,0.0
1/24/2022 20:00,0.0,0.0
1/24/2022 21:00,0.0,0.0
1/24/2022 22:00,0.0,0.0
1/24/2022 23:00,0.0,0.0
1/25/2022 0:00,0.0,0.0
1/25/2022 1:00,0.0,0.0
1/25/2022 2:00,0.0,0.0
1/25/2022 3:00,0.0,0.0
1/25/2022 4:00,0.0,0.0
1/25/2022 5:00,0.0,0.0
1/25/2022 6:00,0.0,0.0
1/25/2022 7:00,0.0,0.0
1/25/2022 8:00,0.25,0.01
1/25/2022 9:00,1.5,0.06
1/25/2022 10:00,5.25,0.22
1/25/2022 11:00,9.25,0.39
1/25/2022 12:00,12.25,0.52
1/25/2022 13:00,13.0,0.55
1/25/2022 14:00,13.0,0.55
1/25/2022 15:00,11.5,0.49
1/25/2022 16:00,9.0,0.38
1/25/2022 17:00,3.25,0.14
1/25/2022 18:00,0.25,0.01
1/25/2022 19:00,0.0,0.0
1/25/2022 20:00,0.0,0.0
1/25/2022 21:00,0.0,0.0
1/25/2022 22:00,0.0,0.0
1/25/2022 23:00,0.0,0.0
1/26/2022 0:00,0.0,0.0
1/26/2022 1:00,0.0,0.0
1/26/2022 2:00,0.0,0.0
1/26/2022 3:00,0.0,0.0
1/26/2022 4:00,0.0,0.0
1/26/2022 5:00,0.0,0.0
1/26/2022 6:00,0.0,0.0
1/26/2022 7:00,0.0,0.0
1/26/2022 8:00,0.0,0.0
1/26/2022 9:00,1.25,0.05
1/26/2022 10:00,5.5,0.23
1/26/2022 11:00,8.5,0.36
1/26/2022 12:00,12.25,0.52
1/26/2022 13:00,9.25,0.39
1/26/2022 14:00,11.75,0.5
1/26/2022 15:00,11.75,0.5
1/26/2022 16:00,8.75,0.37
1/26/2022 17:00,3.25,0.14
1/26/2022 18:00,0.5,0.02
1/26/2022 19:00,0.0,0.0
1/26/2022 20:00,0.0,0.0
1/26/2022 21:00,0.0,0.0
1/26/2022 22:00,0.0,0.0
1/26/2022 23:00,0.0,0.0
1/27/2022 0:00,0.0,0.0
1/27/2022 1:00,0.0,0.0
1/27/2022 2:00,0.0,0.0
1/27/2022 3:00,0.0,0.0
1/27/2022 4:00,0.0,0.0
1/27/2022 5:00,0.0,0.0
1/27/2022 6:00,0.0,0.0
1/27/2022 7:00,0.0,0.0
1/27/2022 8:00,0.0,0.0
1/27/2022 9:00,0.75,0.03
1/27/2022 10:00,3.25,0.14
1/27/2022 11:00,8.75,0.37
1/27/2022 12:00,9.75,0.41
1/27/2022 13:00,12.75,0.54
1/27/2022 14:00,12.5,0.53
1/27/2022 15:00,11.5,0.49
1/27/2022 16:00,8.5,0.36
1/27/2022 17:00,3.25,0.14
1/27/2022 18:00,0.5,0.02
1/27/2022 19:00,0.0,0.0
1/27/2022 20:00,0.0,0.0
1/27/2022 21:00,0.0,0.0
1/27/2022 22:00,0.0,0.0
1/27/2022 23:00,0.0,0.0
1/28/2022 0:00,0.0,0.0
1/28/2022 1:00,0.0,0.0
1/28/2022 2:00,0.0,0.0
1/28/2022 3:00,0.0,0.0
1/28/2022 4:00,0.0,0.0
1/28/2022 5:00,0.0,0.0
1/28/2022 6:00,0.0,0.0
1/28/2022 7:00,0.0,0.0
1/28/2022 8:00,0.0,0.0
1/28/2022 9:00,1.75,0.07
1/28/2022 10:00,5.5,0.23
1/28/2022 11:00,9.75,0.41
1/28/2022 12:00,12.5,0.53
1/28/2022 13:00,13.25,0.56
1/28/2022 14:00,13.0,0.55
1/28/2022 15:00,12.0,0.51
1/28/2022 16:00,9.0,0.38
1/28/2022 17:00,3.75,0.16
1/28/2022 18:00,0.25,0.01
1/28/2022 19:00,0.0,0.0
1/28/2022 20:00,0.0,0.0
1/28/2022 21:00,0.0,0.0
1/28/2022 22:00,0.0,0.0
1/28/2022 23:00,0.0,0.0
1/29/2022 0:00,0.0,0.0
1/29/2022 1:00,0.0,0.0
1/29/2022 2:00,0.0,0.0
1/29/2022 3:00,0.0,0.0
1/29/2022 4:00,0.0,0.0
1/29/2022 5:00,0.0,0.0
1/29/2022 6:00,0.0,0.0
1/29/2022 7:00,0.0,0.0
1/29/2022 8:00,0.0,0.0
1/29/2022 9:00,1.5,0.06
1/29/2022 10:00,5.5,0.23
1/29/2022 11:00,9.25,0.39
1/29/2022 12:00,12.25,0.52
1/29/2022 13:00,13.0,0.55
1/29/2022 14:00,12.5,0.53
1/29/2022 15:00,11.0,0.47
1/29/2022 16:00,7.25,0.31
1/29/2022 17:00,3.25,0.14
1/29/2022 18:00,0.5,0.02
1/29/2022 19:00,0.0,0.0
1/29/2022 20:00,0.0,0.0
1/29/2022 21:00,0.0,0.0
1/29/2022 22:00,0.0,0.0
1/29/2022 23:00,0.0,0.0
1/30/2022 0:00,0.0,0.0
1/30/2022 1:00,0.0,0.0
1/30/2022 2:00,0.0,0.0
1/30/2022 3:00,0.0,0.0
1/30/2022 4:00,0.0,0.0
1/30/2022 5:00,0.0,0.0
1/30/2022 6:00,0.0,0.0
1/30/2022 7:00,0.0,0.0
1/30/2022 8:00,0.25,0.01
1/30/2022 9:00,1.0,0.04
1/30/2022 10:00,4.25,0.18
1/30/2022 11:00,7.0,0.3
1/30/2022 12:00,4.0,0.17
1/30/2022 13:00,7.75,0.33
1/30/2022 14:00,11.75,0.5
1/30/2022 15:00,10.25,0.44
1/30/2022 16:00,7.25,0.31
1/30/2022 17:00,3.0,0.13
1/30/2022 18:00,0.5,0.02
1/30/2022 19:00,0.0,0.0
1/30/2022 20:00,0.0,0.0
1/30/2022 21:00,0.0,0.0
1/30/2022 22:00,0.0,0.0
1/30/2022 23:00,0.0,0.0
1/31/2022 0:00,0.0,0.0
1/31/2022 1:00,0.0,0.0
1/31/2022 2:00,0.0,0.0
1/31/2022 3:00,0.0,0.0
1/31/2022 4:00,0.0,0.0
1/31/2022 5:00,0.0,0.0
1/31/2022 6:00,0.0,0.0
1/31/2022 7:00,0.0,0.0
1/31/2022 8:00,0.0,0.0
1/31/2022 9:00,1.5,0.06
1/31/2022 10:00,5.0,0.21
1/31/2022 11:00,9.25,0.39
1/31/2022 12:00,11.75,0.5
1/31/2022 13:00,12.25,0.52
1/31/2022 14:00,12.0,0.51
1/31/2022 15:00,10.75,0.46
1/31/2022 16:00,8.5,0.36
1/31/2022 17:00,3.75,0.16
1/31/2022 18:00,0.5,0.02
1/31/2022 19:00,0.0,0.0
1/31/2022 20:00,0.0,0.0
1/31/2022 21:00,0.0,0.0
1/31/2022 22:00,0.0,0.0
1/31/2022 23:00,0.0,0.0
2/1/2022 0:00,0.0,0.0
2/1/2022 1:00,0.0,0.0
2/1/2022 2:00,0.0,0.0
2/1/2022 3:00,0.0,0.0
2/1/2022 4:00,0.0,0.0
2/1/2022 5:00,0.0,0.0
2/1/2022 6:00,0.0,0.0
2/1/2022 7:00,0.0,0.0
2/1/2022 8:00,0.25,0.01
2/1/2022 9:00,2.0,0.09
2/1/2022 10:00,6.5,0.28
2/1/2022 11:00,10.5,0.45
2/1/2022 12:00,13.25,0.56
2/1/2022 13:00,14.25,0.61
2/1/2022 14:00,13.75,0.58
2/1/2022 15:00,12.5,0.53
2/1/2022 16:00,10.0,0.43
2/1/2022 17:00,4.5,0.19
2/1/2022 18:00,0.5,0.02
2/1/2022 19:00,0.0,0.0
2/1/2022 20:00,0.0,0.0
2/1/2022 21:00,0.0,0.0
2/1/2022 22:00,0.0,0.0
2/1/2022 23:00,0.0,0.0
2/2/2022 0:00,0.0,0.0
2/2/2022 1:00,0.0,0.0
2/2/2022 2:00,0.0,0.0
2/2/2022 3:00,0.0,0.0
2/2/2022 4:00,0.0,0.0
2/2/2022 5:00,0.0,0.0
2/2/2022 6:00,0.0,0.0
2/2/2022 7:00,0.0,0.0
2/2/2022 8:00,0.0,0.0
2/2/2022 9:00,2.25,0.1
2/2/2022 10:00,6.5,0.28
2/2/2022 11:00,10.75,0.46
2/2/2022 12:00,13.25,0.56
2/2/2022 13:00,14.25,0.61
2/2/2022 14:00,13.5,0.57
2/2/2022 15:00,11.75,0.5
2/2/2022 16:00,9.0,0.38
2/2/2022 17:00,4.0,0.17
2/2/2022 18:00,0.5,0.02
2/2/2022 19:00,0.0,0.0
2/2/2022 20:00,0.0,0.0
2/2/2022 21:00,0.0,0.0
2/2/2022 22:00,0.0,0.0
2/2/2022 23:00,0.0,0.0
2/3/2022 0:00,0.0,0.0
2/3/2022 1:00,0.0,0.0
2/3/2022 2:00,0.0,0.0
2/3/2022 3:00,0.0,0.0
2/3/2022 4:00,0.0,0.0
2/3/2022 5:00,0.0,0.0
2/3/2022 6:00,0.0,0.0
2/3/2022 7:00,0.0,0.0
2/3/2022 8:00,0.0,0.0
2/3/2022 9:00,2.25,0.1
2/3/2022 10:00,3.75,0.16
2/3/2022 11:00,6.25,0.27
2/3/2022 12:00,5.75,0.24
2/3/2022 13:00,5.5,0.23
2/3/2022 14:00,6.5,0.28
2/3/2022 15:00,4.75,0.2
2/3/2022 16:00,3.75,0.16
2/3/2022 17:00,2.0,0.09
2/3/2022 18:00,0.25,0.01
2/3/2022 19:00,0.0,0.0
2/3/2022 20:00,0.0,0.0
2/3/2022 21:00,0.0,0.0
2/3/2022 22:00,0.0,0.0
2/3/2022 23:00,0.0,0.0
2/4/2022 0:00,0.0,0.0
2/4/2022 1:00,0.0,0.0
2/4/2022 2:00,0.0,0.0
2/4/2022 3:00,0.0,0.0
2/4/2022 4:00,0.0,0.0
2/4/2022 5:00,0.0,0.0
2/4/2022 6:00,0.0,0.0
2/4/2022 7:00,0.0,0.0
2/4/2022 8:00,0.0,0.0
2/4/2022 9:00,1.0,0.04
2/4/2022 10:00,3.25,0.14
2/4/2022 11:00,6.5,0.28
2/4/2022 12:00,6.75,0.29
2/4/2022 13:00,6.25,0.27
2/4/2022 14:00,6.25,0.27
2/4/2022 15:00,4.5,0.19
2/4/2022 16:00,3.25,0.14
2/4/2022 17:00,2.0,0.09
2/4/2022 18:00,0.5,0.02
2/4/2022 19:00,0.0,0.0
2/4/2022 20:00,0.0,0.0
2/4/2022 21:00,0.0,0.0
2/4/2022 22:00,0.0,0.0
2/4/2022 23:00,0.0,0.0
2/5/2022 0:00,0.0,0.0
2/5/2022 1:00,0.0,0.0
2/5/2022 2:00,0.0,0.0
2/5/2022 3:00,0.0,0.0
2/5/2022 4:00,0.0,0.0
2/5/2022 5:00,0.0,0.0
2/5/2022 6:00,0.0,0.0
2/5/2022 7:00,0.0,0.0
2/5/2022 8:00,0.0,0.0
2/5/2022 9:00,2.25,0.1
2/5/2022 10:00,6.75,0.29
2/5/2022 11:00,11.25,0.48
2/5/2022 12:00,12.0,0.51
2/5/2022 13:00,14.25,0.61
2/5/2022 14:00,14.0,0.6
2/5/2022 15:00,12.75,0.54
2/5/2022 16:00,10.0,0.43
2/5/2022 17:00,5.25,0.22
2/5/2022 18:00,0.75,0.03
2/5/2022 19:00,0.0,0.0
2/5/2022 20:00,0.0,0.0
2/5/2022 21:00,0.0,0.0
2/5/2022 22:00,0.0,0.0
2/5/2022 23:00,0.0,0.0
2/6/2022 0:00,0.0,0.0
2/6/2022 1:00,0.0,0.0
2/6/2022 2:00,0.0,0.0
2/6/2022 3:00,0.0,0.0
2/6/2022 4:00,0.0,0.0
2/6/2022 5:00,0.0,0.0
2/6/2022 6:00,0.0,0.0
2/6/2022 7:00,0.0,0.0
2/6/2022 8:00,0.0,0.0
2/6/2022 9:00,2.25,0.1
2/6/2022 10:00,6.75,0.29
2/6/2022 11:00,11.0,0.47
2/6/2022 12:00,13.25,0.56
2/6/2022 13:00,14.0,0.6
2/6/2022 14:00,14.0,0.6
2/6/2022 15:00,12.75,0.54
2/6/2022 16:00,10.0,0.43
2/6/2022 17:00,5.5,0.23
2/6/2022 18:00,0.5,0.02
2/6/2022 19:00,0.0,0.0
2/6/2022 20:00,0.0,0.0
2/6/2022 21:00,0.0,0.0
2/6/2022 22:00,0.0,0.0
2/6/2022 23:00,0.0,0.0
2/7/2022 0:00,0.0,0.0
2/7/2022 1:00,0.0,0.0
2/7/2022 2:00,0.0,0.0
2/7/2022 3:00,0.0,0.0
2/7/2022 4:00,0.0,0.0
2/7/2022 5:00,0.0,0.0
2/7/2022 6:00,0.0,0.0
2/7/2022 7:00,0.0,0.0
2/7/2022 8:00,0.25,0.01
2/7/2022 9:00,2.25,0.1
2/7/2022 10:00,7.0,0.3
2/7/2022 11:00,11.25,0.48
2/7/2022 12:00,13.5,0.57
2/7/2022 13:00,14.5,0.62
2/7/2022 14:00,14.25,0.61
2/7/2022 15:00,12.75,0.54
2/7/2022 16:00,10.25,0.44
2/7/2022 17:00,5.75,0.24
2/7/2022 18:00,0.5,0.02
2/7/2022 19:00,0.0,0.0
2/7/2022 20:00,0.0,0.0
2/7/2022 21:00,0.0,0.0
2/7/2022 22:00,0.0,0.0
2/7/2022 23:00,0.0,0.0
2/8/2022 0:00,0.0,0.0
2/8/2022 1:00,0.0,0.0
2/8/2022 2:00,0.0,0.0
2/8/2022 3:00,0.0,0.0
2/8/2022 4:00,0.0,0.0
2/8/2022 5:00,0.0,0.0
2/8/2022 6:00,0.0,0.0
2/8/2022 7:00,0.0,0.0
2/8/2022 8:00,0.25,0.01
2/8/2022 9:00,2.5,0.11
2/8/2022 10:00,7.5,0.32
2/8/2022 11:00,11.5,0.49
2/8/2022 12:00,13.75,0.58
2/8/2022 13:00,14.5,0.62
2/8/2022 14:00,14.25,0.61
2/8/2022 15:00,12.5,0.53
2/8/2022 16:00,10.25,0.44
2/8/2022 17:00,5.5,0.23
2/8/2022 18:00,0.75,0.03
2/8/2022 19:00,0.0,0.0
2/8/2022 20:00,0.0,0.0
2/8/2022 21:00,0.0,0.0
2/8/2022 22:00,0.0,0.0
2/8/2022 23:00,0.0,0.0
2/9/2022 0:00,0.0,0.0
2/9/2022 1:00,0.0,0.0
2/9/2022 2:00,0.0,0.0
2/9/2022 3:00,0.0,0.0
2/9/2022 4:00,0.0,0.0
2/9/2022 5:00,0.0,0.0
2/9/2022 6:00,0.0,0.0
2/9/2022 7:00,0.0,0.0
2/9/2022 8:00,0.0,0.0
2/9/2022 9:00,2.25,0.1
2/9/2022 10:00,6.5,0.28
2/9/2022 11:00,10.25,0.44
2/9/2022 12:00,12.5,0.53
2/9/2022 13:00,13.5,0.57
2/9/2022 14:00,13.25,0.56
2/9/2022 15:00,11.5,0.49
2/9/2022 16:00,8.75,0.37
2/9/2022 17:00,4.75,0.2
2/9/2022 18:00,1.0,0.04
2/9/2022 19:00,0.0,0.0
2/9/2022 20:00,0.0,0.0
2/9/2022 21:00,0.0,0.0
2/9/2022 22:00,0.0,0.0
2/9/2022 23:00,0.0,0.0
2/10/2022 0:00,0.0,0.0
2/10/2022 1:00,0.0,0.0
2/10/2022 2:00,0.0,0.0
2/10/2022 3:00,0.0,0.0
2/10/2022 4:00,0.0,0.0
2/10/2022 5:00,0.0,0.0
2/10/2022 6:00,0.0,0.0
2/10/2022 7:00,0.0,0.0
2/10/2022 8:00,0.0,0.0
2/10/2022 9:00,1.5,0.06
2/10/2022 10:00,2.5,0.11
2/10/2022 11:00,4.25,0.18
2/10/2022 12:00,7.25,0.31
2/10/2022 13:00,10.5,0.45
2/10/2022 14:00,6.75,0.29
2/10/2022 15:00,4.75,0.2
2/10/2022 16:00,3.25,0.14
2/10/2022 17:00,1.75,0.07
2/10/2022 18:00,0.5,0.02
2/10/2022 19:00,0.0,0.0
2/10/2022 20:00,0.0,0.0
2/10/2022 21:00,0.0,0.0
2/10/2022 22:00,0.0,0.0
2/10/2022 23:00,0.0,0.0
2/11/2022 0:00,0.0,0.0
2/11/2022 1:00,0.0,0.0
2/11/2022 2:00,0.0,0.0
2/11/2022 3:00,0.0,0.0
2/11/2022 4:00,0.0,0.0
2/11/2022 5:00,0.0,0.0
2/11/2022 6:00,0.0,0.0
2/11/2022 7:00,0.0,0.0
2/11/2022 8:00,0.25,0.01
2/11/2022 9:00,2.25,0.1
2/11/2022 10:00,6.5,0.28
2/11/2022 11:00,10.25,0.44
2/11/2022 12:00,12.5,0.53
2/11/2022 13:00,13.5,0.57
2/11/2022 14:00,13.5,0.57
2/11/2022 15:00,11.5,0.49
2/11/2022 16:00,8.75,0.37
2/11/2022 17:00,3.5,0.15
2/11/2022 18:00,1.5,0.06
2/11/2022 19:00,0.0,0.0
2/11/2022 20:00,0.0,0.0
2/11/2022 21:00,0.0,0.0
2/11/2022 22:00,0.0,0.0
2/11/2022 23:00,0.0,0.0
2/12/2022 0:00,0.0,0.0
2/12/2022 1:00,0.0,0.0
2/12/2022 2:00,0.0,0.0
2/12/2022 3:00,0.0,0.0
2/12/2022 4:00,0.0,0.0
2/12/2022 5:00,0.0,0.0
2/12/2022 6:00,0.0,0.0
2/12/2022 7:00,0.0,0.0
2/12/2022 8:00,0.25,0.01
2/12/2022 9:00,1.5,0.06
2/12/2022 10:00,1.75,0.07
2/12/2022 11:00,2.75,0.12
2/12/2022 12:00,4.0,0.17
2/12/2022 13:00,7.25,0.31
2/12/2022 14:00,4.5,0.19
2/12/2022 15:00,9.75,0.41
2/12/2022 16:00,4.5,0.19
2/12/2022 17:00,2.5,0.11
2/12/2022 18:00,0.5,0.02
2/12/2022 19:00,0.0,0.0
2/12/2022 20:00,0.0,0.0
2/12/2022 21:00,0.0,0.0
2/12/2022 22:00,0.0,0.0
2/12/2022 23:00,0.0,0.0
2/13/2022 0:00,0.0,0.0
2/13/2022 1:00,0.0,0.0
2/13/2022 2:00,0.0,0.0
2/13/2022 3:00,0.0,0.0
2/13/2022 4:00,0.0,0.0
2/13/2022 5:00,0.0,0.0
2/13/2022 6:00,0.0,0.0
2/13/2022 7:00,0.0,0.0
2/13/2022 8:00,0.0,0.0
2/13/2022 9:00,3.0,0.13
2/13/2022 10:00,6.25,0.27
2/13/2022 11:00,5.75,0.24
2/13/2022 12:00,5.5,0.23
2/13/2022 13:00,2.5,0.11
2/13/2022 14:00,2.75,0.12
2/13/2022 15:00,4.0,0.17
2/13/2022 16:00,3.0,0.13
2/13/2022 17:00,1.25,0.05
2/13/2022 18:00,0.5,0.02
2/13/2022 19:00,0.0,0.0
2/13/2022 20:00,0.0,0.0
2/13/2022 21:00,0.0,0.0
2/13/2022 22:00,0.0,0.0
2/13/2022 23:00,0.0,0.0
2/14/2022 0:00,0.0,0.0
2/14/2022 1:00,0.0,0.0
2/14/2022 2:00,0.0,0.0
2/14/2022 3:00,0.0,0.0
2/14/2022 4:00,0.0,0.0
2/14/2022 5:00,0.0,0.0
2/14/2022 6:00,0.0,0.0
2/14/2022 7:00,0.0,0.0
2/14/2022 8:00,0.0,0.0
2/14/2022 9:00,3.25,0.14
2/14/2022 10:00,7.75,0.33
2/14/2022 11:00,11.25,0.48
2/14/2022 12:00,13.25,0.56
2/14/2022 13:00,11.0,0.47
2/14/2022 14:00,12.75,0.54
2/14/2022 15:00,11.5,0.49
2/14/2022 16:00,10.25,0.44
2/14/2022 17:00,4.25,0.18
2/14/2022 18:00,1.5,0.06
2/14/2022 19:00,0.0,0.0
2/14/2022 20:00,0.0,0.0
2/14/2022 21:00,0.0,0.0
2/14/2022 22:00,0.0,0.0
2/14/2022 23:00,0.0,0.0
2/15/2022 0:00,0.0,0.0
2/15/2022 1:00,0.0,0.0
2/15/2022 2:00,0.0,0.0
2/15/2022 3:00,0.0,0.0
2/15/2022 4:00,0.0,0.0
2/15/2022 5:00,0.0,0.0
2/15/2022 6:00,0.0,0.0
2/15/2022 7:00,0.0,0.0
2/15/2022 8:00,0.25,0.01
2/15/2022 9:00,3.25,0.14
2/15/2022 10:00,8.25,0.35
2/15/2022 11:00,11.75,0.5
2/15/2022 12:00,12.0,0.51
2/15/2022 13:00,11.75,0.5
2/15/2022 14:00,15.5,0.66
2/15/2022 15:00,9.25,0.39
2/15/2022 16:00,8.5,0.36
2/15/2022 17:00,6.25,0.27
2/15/2022 18:00,1.0,0.04
2/15/2022 19:00,0.25,0.01
2/15/2022 20:00,0.0,0.0
2/15/2022 21:00,0.0,0.0
2/15/2022 22:00,0.0,0.0
2/15/2022 23:00,0.0,0.0
2/16/2022 0:00,0.0,0.0
2/16/2022 1:00,0.0,0.0
2/16/2022 2:00,0.0,0.0
2/16/2022 3:00,0.0,0.0
2/16/2022 4:00,0.0,0.0
2/16/2022 5:00,0.0,0.0
2/16/2022 6:00,0.0,0.0
2/16/2022 7:00,0.0,0.0
2/16/2022 8:00,0.25,0.01
2/16/2022 9:00,3.0,0.13
2/16/2022 10:00,5.75,0.24
2/16/2022 11:00,8.25,0.35
2/16/2022 12:00,4.25,0.18
2/16/2022 13:00,4.5,0.19
2/16/2022 14:00,5.0,0.21
2/16/2022 15:00,4.75,0.2
2/16/2022 16:00,3.5,0.15
2/16/2022 17:00,3.5,0.15
2/16/2022 18:00,1.5,0.06
2/16/2022 19:00,0.0,0.0
2/16/2022 20:00,0.0,0.0
2/16/2022 21:00,0.0,0.0
2/16/2022 22:00,0.0,0.0
2/16/2022 23:00,0.0,0.0
2/17/2022 0:00,0.0,0.0
2/17/2022 1:00,0.0,0.0
2/17/2022 2:00,0.0,0.0
2/17/2022 3:00,0.0,0.0
2/17/2022 4:00,0.0,0.0
2/17/2022 5:00,0.0,0.0
2/17/2022 6:00,0.0,0.0
2/17/2022 7:00,0.0,0.0
2/17/2022 8:00,0.25,0.01
2/17/2022 9:00,2.5,0.11
2/17/2022 10:00,4.75,0.2
2/17/2022 11:00,6.75,0.29
2/17/2022 12:00,4.5,0.19
2/17/2022 13:00,6.0,0.26
2/17/2022 14:00,5.25,0.22
2/17/2022 15:00,6.25,0.27
2/17/2022 16:00,3.5,0.15
2/17/2022 17:00,1.5,0.06
2/17/2022 18:00,0.75,0.03
2/17/2022 19:00,0.0,0.0
2/17/2022 20:00,0.0,0.0
2/17/2022 21:00,0.0,0.0
2/17/2022 22:00,0.0,0.0
2/17/2022 23:00,0.0,0.0
2/18/2022 0:00,0.0,0.0
2/18/2022 1:00,0.0,0.0
2/18/2022 2:00,0.0,0.0
2/18/2022 3:00,0.0,0.0
2/18/2022 4:00,0.0,0.0
2/18/2022 5:00,0.0,0.0
2/18/2022 6:00,0.0,0.0
2/18/2022 7:00,0.0,0.0
2/18/2022 8:00,0.0,0.0
2/18/2022 9:00,2.5,0.11
2/18/2022 10:00,4.25,0.18
2/18/2022 11:00,5.75,0.24
2/18/2022 12:00,4.75,0.2
2/18/2022 13:00,4.25,0.18
2/18/2022 14:00,11.25,0.48
2/18/2022 15:00,7.5,0.32
2/18/2022 16:00,6.75,0.29
2/18/2022 17:00,2.25,0.1
2/18/2022 18:00,1.0,0.04
2/18/2022 19:00,0.0,0.0
2/18/2022 20:00,0.0,0.0
2/18/2022 21:00,0.0,0.0
2/18/2022 22:00,0.0,0.0
2/18/2022 23:00,0.0,0.0
2/19/2022 0:00,0.0,0.0
2/19/2022 1:00,0.0,0.0
2/19/2022 2:00,0.0,0.0
2/19/2022 3:00,0.0,0.0
2/19/2022 4:00,0.0,0.0
2/19/2022 5:00,0.0,0.0
2/19/2022 6:00,0.0,0.0
2/19/2022 7:00,0.0,0.0
2/19/2022 8:00,0.25,0.01
2/19/2022 9:00,3.75,0.16
2/19/2022 10:00,8.75,0.37
2/19/2022 11:00,12.75,0.54
2/19/2022 12:00,15.25,0.65
2/19/2022 13:00,16.5,0.7
2/19/2022 14:00,16.25,0.69
2/19/2022 15:00,14.75,0.63
2/19/2022 16:00,11.75,0.5
2/19/2022 17:00,7.75,0.33
2/19/2022 18:00,2.0,0.09
2/19/2022 19:00,0.0,0.0
2/19/2022 20:00,0.0,0.0
2/19/2022 21:00,0.0,0.0
2/19/2022 22:00,0.0,0.0
2/19/2022 23:00,0.0,0.0
2/20/2022 0:00,0.0,0.0
2/20/2022 1:00,0.0,0.0
2/20/2022 2:00,0.0,0.0
2/20/2022 3:00,0.0,0.0
2/20/2022 4:00,0.0,0.0
2/20/2022 5:00,0.0,0.0
2/20/2022 6:00,0.0,0.0
2/20/2022 7:00,0.0,0.0
2/20/2022 8:00,0.25,0.01
2/20/2022 9:00,4.0,0.17
2/20/2022 10:00,8.75,0.37
2/20/2022 11:00,12.75,0.54
2/20/2022 12:00,14.75,0.63
2/20/2022 13:00,16.0,0.68
2/20/2022 14:00,15.5,0.66
2/20/2022 15:00,14.5,0.62
2/20/2022 16:00,11.5,0.49
2/20/2022 17:00,7.75,0.33
2/20/2022 18:00,2.0,0.09
2/20/2022 19:00,0.0,0.0
2/20/2022 20:00,0.0,0.0
2/20/2022 21:00,0.0,0.0
2/20/2022 22:00,0.0,0.0
2/20/2022 23:00,0.0,0.0
2/21/2022 0:00,0.0,0.0
2/21/2022 1:00,0.0,0.0
2/21/2022 2:00,0.0,0.0
2/21/2022 3:00,0.0,0.0
2/21/2022 4:00,0.0,0.0
2/21/2022 5:00,0.0,0.0
2/21/2022 6:00,0.0,0.0
2/21/2022 7:00,0.0,0.0
2/21/2022 8:00,0.5,0.02
2/21/2022 9:00,3.75,0.16
2/21/2022 10:00,9.0,0.38
2/21/2022 11:00,12.5,0.53
2/21/2022 12:00,14.5,0.62
2/21/2022 13:00,15.0,0.64
2/21/2022 14:00,14.0,0.6
2/21/2022 15:00,11.75,0.5
2/21/2022 16:00,11.5,0.49
2/21/2022 17:00,7.5,0.32
2/21/2022 18:00,2.25,0.1
2/21/2022 19:00,0.0,0.0
2/21/2022 20:00,0.0,0.0
2/21/2022 21:00,0.0,0.0
2/21/2022 22:00,0.0,0.0
2/21/2022 23:00,0.0,0.0
2/22/2022 0:00,0.0,0.0
2/22/2022 1:00,0.0,0.0
2/22/2022 2:00,0.0,0.0
2/22/2022 3:00,0.0,0.0
2/22/2022 4:00,0.0,0.0
2/22/2022 5:00,0.0,0.0
2/22/2022 6:00,0.0,0.0
2/22/2022 7:00,0.0,0.0
2/22/2022 8:00,0.5,0.02
2/22/2022 9:00,4.0,0.17
2/22/2022 10:00,9.0,0.38
2/22/2022 11:00,13.0,0.55
2/22/2022 12:00,15.0,0.64
2/22/2022 13:00,16.0,0.68
2/22/2022 14:00,15.75,0.67
2/22/2022 15:00,14.25,0.61
2/22/2022 16:00,11.75,0.5
2/22/2022 17:00,8.0,0.34
2/22/2022 18:00,2.5,0.11
2/22/2022 19:00,0.0,0.0
2/22/2022 20:00,0.0,0.0
2/22/2022 21:00,0.0,0.0
2/22/2022 22:00,0.0,0.0
2/22/2022 23:00,0.0,0.0
2/23/2022 0:00,0.0,0.0
2/23/2022 1:00,0.0,0.0
2/23/2022 2:00,0.0,0.0
2/23/2022 3:00,0.0,0.0
2/23/2022 4:00,0.0,0.0
2/23/2022 5:00,0.0,0.0
2/23/2022 6:00,0.0,0.0
2/23/2022 7:00,0.0,0.0
2/23/2022 8:00,0.0,0.0
2/23/2022 9:00,1.75,0.07
2/23/2022 10:00,3.25,0.14
2/23/2022 11:00,7.75,0.33
2/23/2022 12:00,8.5,0.36
2/23/2022 13:00,6.0,0.26
2/23/2022 14:00,10.0,0.43
2/23/2022 15:00,5.75,0.24
2/23/2022 16:00,8.75,0.37
2/23/2022 17:00,7.5,0.32
2/23/2022 18:00,2.25,0.1
2/23/2022 19:00,0.25,0.01
2/23/2022 20:00,0.0,0.0
2/23/2022 21:00,0.0,0.0
2/23/2022 22:00,0.0,0.0
2/23/2022 23:00,0.0,0.0
2/24/2022 0:00,0.0,0.0
2/24/2022 1:00,0.0,0.0
2/24/2022 2:00,0.0,0.0
2/24/2022 3:00,0.0,0.0
2/24/2022 4:00,0.0,0.0
2/24/2022 5:00,0.0,0.0
2/24/2022 6:00,0.0,0.0
2/24/2022 7:00,0.0,0.0
2/24/2022 8:00,0.0,0.0
2/24/2022 9:00,0.75,0.03
2/24/2022 10:00,2.0,0.09
2/24/2022 11:00,2.5,0.11
2/24/2022 12:00,3.5,0.15
2/24/2022 13:00,5.75,0.24
2/24/2022 14:00,4.0,0.17
2/24/2022 15:00,2.75,0.12
2/24/2022 16:00,2.25,0.1
2/24/2022 17:00,1.25,0.05
2/24/2022 18:00,0.5,0.02
2/24/2022 19:00,0.0,0.0
2/24/2022 20:00,0.0,0.0
2/24/2022 21:00,0.0,0.0
2/24/2022 22:00,0.0,0.0
2/24/2022 23:00,0.0,0.0
2/25/2022 0:00,0.0,0.0
2/25/2022 1:00,0.0,0.0
2/25/2022 2:00,0.0,0.0
2/25/2022 3:00,0.0,0.0
2/25/2022 4:00,0.0,0.0
2/25/2022 5:00,0.0,0.0
2/25/2022 6:00,0.0,0.0
2/25/2022 7:00,0.0,0.0
2/25/2022 8:00,0.25,0.01
2/25/2022 9:00,2.25,0.1
2/25/2022 10:00,8.5,0.36
2/25/2022 11:00,11.75,0.5
2/25/2022 12:00,14.0,0.6
2/25/2022 13:00,15.25,0.65
2/25/2022 14:00,16.0,0.68
2/25/2022 15:00,13.75,0.58
2/25/2022 16:00,6.5,0.28
2/25/2022 17:00,7.0,0.3
2/25/2022 18:00,2.25,0.1
2/25/2022 19:00,0.0,0.0
2/25/2022 20:00,0.0,0.0
2/25/2022 21:00,0.0,0.0
2/25/2022 22:00,0.0,0.0
2/25/2022 23:00,0.0,0.0
2/26/2022 0:00,0.0,0.0
2/26/2022 1:00,0.0,0.0
2/26/2022 2:00,0.0,0.0
2/26/2022 3:00,0.0,0.0
2/26/2022 4:00,0.0,0.0
2/26/2022 5:00,0.0,0.0
2/26/2022 6:00,0.0,0.0
2/26/2022 7:00,0.0,0.0
2/26/2022 8:00,0.5,0.02
2/26/2022 9:00,3.25,0.14
2/26/2022 10:00,4.5,0.19
2/26/2022 11:00,11.75,0.5
2/26/2022 12:00,14.25,0.61
2/26/2022 13:00,14.25,0.61
2/26/2022 14:00,5.0,0.21
2/26/2022 15:00,3.0,0.13
2/26/2022 16:00,7.25,0.31
2/26/2022 17:00,3.75,0.16
2/26/2022 18:00,1.25,0.05
2/26/2022 19:00,0.25,0.01
2/26/2022 20:00,0.0,0.0
2/26/2022 21:00,0.0,0.0
2/26/2022 22:00,0.0,0.0
2/26/2022 23:00,0.0,0.0
2/27/2022 0:00,0.0,0.0
2/27/2022 1:00,0.0,0.0
2/27/2022 2:00,0.0,0.0
2/27/2022 3:00,0.0,0.0
2/27/2022 4:00,0.0,0.0
2/27/2022 5:00,0.0,0.0
2/27/2022 6:00,0.0,0.0
2/27/2022 7:00,0.0,0.0
2/27/2022 8:00,0.5,0.02
2/27/2022 9:00,4.25,0.18
2/27/2022 10:00,8.75,0.37
2/27/2022 11:00,12.25,0.52
2/27/2022 12:00,8.75,0.37
2/27/2022 13:00,13.0,0.55
2/27/2022 14:00,14.75,0.63
2/27/2022 15:00,12.5,0.53
2/27/2022 16:00,10.25,0.44
2/27/2022 17:00,8.0,0.34
2/27/2022 18:00,2.5,0.11
2/27/2022 19:00,0.25,0.01
2/27/2022 20:00,0.0,0.0
2/27/2022 21:00,0.0,0.0
2/27/2022 22:00,0.0,0.0
2/27/2022 23:00,0.0,0.0
2/28/2022 0:00,0.0,0.0
2/28/2022 1:00,0.0,0.0
2/28/2022 2:00,0.0,0.0
2/28/2022 3:00,0.0,0.0
2/28/2022 4:00,0.0,0.0
2/28/2022 5:00,0.0,0.0
2/28/2022 6:00,0.0,0.0
2/28/2022 7:00,0.0,0.0
2/28/2022 8:00,0.5,0.02
2/28/2022 9:00,4.25,0.18
2/28/2022 10:00,9.0,0.38
2/28/2022 11:00,12.25,0.52
2/28/2022 12:00,14.5,0.62
2/28/2022 13:00,15.0,0.64
2/28/2022 14:00,14.25,0.61
2/28/2022 15:00,13.25,0.56
2/28/2022 16:00,11.0,0.47
2/28/2022 17:00,6.75,0.29
2/28/2022 18:00,2.25,0.1
2/28/2022 19:00,0.25,0.01
2/28/2022 20:00,0.0,0.0
2/28/2022 21:00,0.0,0.0
2/28/2022 22:00,0.0,0.0
2/28/2022 23:00,0.0,0.0
3/1/2022 0:00,0.0,0.0
3/1/2022 1:00,0.0,0.0
3/1/2022 2:00,0.0,0.0
3/1/2022 3:00,0.0,0.0
3/1/2022 4:00,0.0,0.0
3/1/2022 5:00,0.0,0.0
3/1/2022 6:00,0.0,0.0
3/1/2022 7:00,0.0,0.0
3/1/2022 8:00,0.5,0.02
3/1/2022 9:00,2.25,0.1
3/1/2022 10:00,4.25,0.18
3/1/2022 11:00,8.75,0.37
3/1/2022 12:00,11.75,0.5
3/1/2022 13:00,15.0,0.64
3/1/2022 14:00,16.0,0.68
3/1/2022 15:00,13.0,0.55
3/1/2022 16:00,10.75,0.46
3/1/2022 17:00,4.0,0.17
3/1/2022 18:00,1.0,0.04
3/1/2022 19:00,0.0,0.0
3/1/2022 20:00,0.0,0.0
3/1/2022 21:00,0.0,0.0
3/1/2022 22:00,0.0,0.0
3/1/2022 23:00,0.0,0.0
3/2/2022 0:00,0.0,0.0
3/2/2022 1:00,0.0,0.0
3/2/2022 2:00,0.0,0.0
3/2/2022 3:00,0.0,0.0
3/2/2022 4:00,0.0,0.0
3/2/2022 5:00,0.0,0.0
3/2/2022 6:00,0.0,0.0
3/2/2022 7:00,0.0,0.0
3/2/2022 8:00,0.75,0.03
3/2/2022 9:00,4.75,0.2
3/2/2022 10:00,9.0,0.38
3/2/2022 11:00,12.75,0.54
3/2/2022 12:00,14.0,0.6
3/2/2022 13:00,12.0,0.51
3/2/2022 14:00,16.0,0.68
3/2/2022 15:00,13.75,0.58
3/2/2022 16:00,8.0,0.34
3/2/2022 17:00,5.0,0.21
3/2/2022 18:00,1.75,0.07
3/2/2022 19:00,0.0,0.0
3/2/2022 20:00,0.0,0.0
3/2/2022 21:00,0.0,0.0
3/2/2022 22:00,0.0,0.0
3/2/2022 23:00,0.0,0.0
3/3/2022 0:00,0.0,0.0
3/3/2022 1:00,0.0,0.0
3/3/2022 2:00,0.0,0.0
3/3/2022 3:00,0.0,0.0
3/3/2022 4:00,0.0,0.0
3/3/2022 5:00,0.0,0.0
3/3/2022 6:00,0.0,0.0
3/3/2022 7:00,0.0,0.0
3/3/2022 8:00,0.25,0.01
3/3/2022 9:00,1.25,0.05
3/3/2022 10:00,2.5,0.11
3/3/2022 11:00,8.5,0.36
3/3/2022 12:00,14.75,0.63
3/3/2022 13:00,12.75,0.54
3/3/2022 14:00,15.75,0.67
3/3/2022 15:00,16.0,0.68
3/3/2022 16:00,12.25,0.52
3/3/2022 17:00,7.75,0.33
3/3/2022 18:00,2.5,0.11
3/3/2022 19:00,0.0,0.0
3/3/2022 20:00,0.0,0.0
3/3/2022 21:00,0.0,0.0
3/3/2022 22:00,0.0,0.0
3/3/2022 23:00,0.0,0.0
3/4/2022 0:00,0.0,0.0
3/4/2022 1:00,0.0,0.0
3/4/2022 2:00,0.0,0.0
3/4/2022 3:00,0.0,0.0
3/4/2022 4:00,0.0,0.0
3/4/2022 5:00,0.0,0.0
3/4/2022 6:00,0.0,0.0
3/4/2022 7:00,0.0,0.0
3/4/2022 8:00,0.5,0.02
3/4/2022 9:00,4.25,0.18
3/4/2022 10:00,10.25,0.44
3/4/2022 11:00,14.0,0.6
3/4/2022 12:00,16.25,0.69
3/4/2022 13:00,17.25,0.73
3/4/2022 14:00,17.0,0.72
3/4/2022 15:00,16.0,0.68
3/4/2022 16:00,13.75,0.58
3/4/2022 17:00,8.5,0.36
3/4/2022 18:00,2.0,0.09
3/4/2022 19:00,0.0,0.0
3/4/2022 20:00,0.0,0.0
3/4/2022 21:00,0.0,0.0
3/4/2022 22:00,0.0,0.0
3/4/2022 23:00,0.0,0.0
3/5/2022 0:00,0.0,0.0
3/5/2022 1:00,0.0,0.0
3/5/2022 2:00,0.0,0.0
3/5/2022 3:00,0.0,0.0
3/5/2022 4:00,0.0,0.0
3/5/2022 5:00,0.0,0.0
3/5/2022 6:00,0.0,0.0
3/5/2022 7:00,0.0,0.0
3/5/2022 8:00,0.75,0.03
3/5/2022 9:00,3.75,0.16
3/5/2022 10:00,5.25,0.22
3/5/2022 11:00,7.5,0.32
3/5/2022 12:00,6.0,0.26
3/5/2022 13:00,8.5,0.36
3/5/2022 14:00,5.5,0.23
3/5/2022 15:00,2.25,0.1
3/5/2022 16:00,1.5,0.06
3/5/2022 17:00,0.5,0.02
3/5/2022 18:00,0.25,0.01
3/5/2022 19:00,0.25,0.01
3/5/2022 20:00,0.0,0.0
3/5/2022 21:00,0.0,0.0
3/5/2022 22:00,0.0,0.0
3/5/2022 23:00,0.0,0.0
3/6/2022 0:00,0.0,0.0
3/6/2022 1:00,0.0,0.0
3/6/2022 2:00,0.0,0.0
3/6/2022 3:00,0.0,0.0
3/6/2022 4:00,0.0,0.0
3/6/2022 5:00,0.0,0.0
3/6/2022 6:00,0.0,0.0
3/6/2022 7:00,0.0,0.0
3/6/2022 8:00,0.75,0.03
3/6/2022 9:00,5.5,0.23
3/6/2022 10:00,10.25,0.44
3/6/2022 11:00,13.75,0.58
3/6/2022 12:00,16.25,0.69
3/6/2022 13:00,16.75,0.71
3/6/2022 14:00,16.75,0.71
3/6/2022 15:00,14.5,0.62
3/6/2022 16:00,12.5,0.53
3/6/2022 17:00,9.0,0.38
3/6/2022 18:00,3.25,0.14
3/6/2022 19:00,0.25,0.01
3/6/2022 20:00,0.0,0.0
3/6/2022 21:00,0.0,0.0
3/6/2022 22:00,0.0,0.0
3/6/2022 23:00,0.0,0.0
3/7/2022 0:00,0.0,0.0
3/7/2022 1:00,0.0,0.0
3/7/2022 2:00,0.0,0.0
3/7/2022 3:00,0.0,0.0
3/7/2022 4:00,0.0,0.0
3/7/2022 5:00,0.0,0.0
3/7/2022 6:00,0.0,0.0
3/7/2022 7:00,0.0,0.0
3/7/2022 8:00,1.0,0.04
3/7/2022 9:00,5.75,0.24
3/7/2022 10:00,7.0,0.3
3/7/2022 11:00,10.75,0.46
3/7/2022 12:00,11.5,0.49
3/7/2022 13:00,10.75,0.46
3/7/2022 14:00,6.75,0.29
3/7/2022 15:00,5.25,0.22
3/7/2022 16:00,4.0,0.17
3/7/2022 17:00,5.0,0.21
3/7/2022 18:00,0.75,0.03
3/7/2022 19:00,0.25,0.01
3/7/2022 20:00,0.0,0.0
3/7/2022 21:00,0.0,0.0
3/7/2022 22:00,0.0,0.0
3/7/2022 23:00,0.0,0.0
3/8/2022 0:00,0.0,0.0
3/8/2022 1:00,0.0,0.0
3/8/2022 2:00,0.0,0.0
3/8/2022 3:00,0.0,0.0
3/8/2022 4:00,0.0,0.0
3/8/2022 5:00,0.0,0.0
3/8/2022 6:00,0.0,0.0
3/8/2022 7:00,0.0,0.0
3/8/2022 8:00,0.5,0.02
3/8/2022 9:00,2.75,0.12
3/8/2022 10:00,7.5,0.32
3/8/2022 11:00,6.75,0.29
3/8/2022 12:00,6.25,0.27
3/8/2022 13:00,7.5,0.32
3/8/2022 14:00,11.5,0.49
3/8/2022 15:00,5.25,0.22
3/8/2022 16:00,3.5,0.15
3/8/2022 17:00,2.25,0.1
3/8/2022 18:00,3.25,0.14
3/8/2022 19:00,0.25,0.01
3/8/2022 20:00,0.0,0.0
3/8/2022 21:00,0.0,0.0
3/8/2022 22:00,0.0,0.0
3/8/2022 23:00,0.0,0.0
3/9/2022 0:00,0.0,0.0
3/9/2022 1:00,0.0,0.0
3/9/2022 2:00,0.0,0.0
3/9/2022 3:00,0.0,0.0
3/9/2022 4:00,0.0,0.0
3/9/2022 5:00,0.0,0.0
3/9/2022 6:00,0.0,0.0
3/9/2022 7:00,0.0,0.0
3/9/2022 8:00,1.0,0.04
3/9/2022 9:00,5.25,0.22
3/9/2022 10:00,5.0,0.21
3/9/2022 11:00,9.75,0.41
3/9/2022 12:00,8.0,0.34
3/9/2022 13:00,7.75,0.33
3/9/2022 14:00,8.75,0.37
3/9/2022 15:00,9.75,0.41
3/9/2022 16:00,6.5,0.28
3/9/2022 17:00,2.75,0.12
3/9/2022 18:00,0.75,0.03
3/9/2022 19:00,0.25,0.01
3/9/2022 20:00,0.0,0.0
3/9/2022 21:00,0.0,0.0
3/9/2022 22:00,0.0,0.0
3/9/2022 23:00,0.0,0.0
3/10/2022 0:00,0.0,0.0
3/10/2022 1:00,0.0,0.0
3/10/2022 2:00,0.0,0.0
3/10/2022 3:00,0.0,0.0
3/10/2022 4:00,0.0,0.0
3/10/2022 5:00,0.0,0.0
3/10/2022 6:00,0.0,0.0
3/10/2022 7:00,0.0,0.0
3/10/2022 8:00,0.5,0.02
3/10/2022 9:00,3.0,0.13
3/10/2022 10:00,5.5,0.23
3/10/2022 11:00,6.75,0.29
3/10/2022 12:00,7.5,0.32
3/10/2022 13:00,9.5,0.4
3/10/2022 14:00,8.0,0.34
3/10/2022 15:00,4.25,0.18
3/10/2022 16:00,3.75,0.16
3/10/2022 17:00,2.5,0.11
3/10/2022 18:00,0.75,0.03
3/10/2022 19:00,0.0,0.0
3/10/2022 20:00,0.0,0.0
3/10/2022 21:00,0.0,0.0
3/10/2022 22:00,0.0,0.0
3/10/2022 23:00,0.0,0.0
3/11/2022 0:00,0.0,0.0
3/11/2022 1:00,0.0,0.0
3/11/2022 2:00,0.0,0.0
3/11/2022 3:00,0.0,0.0
3/11/2022 4:00,0.0,0.0
3/11/2022 5:00,0.0,0.0
3/11/2022 6:00,0.0,0.0
3/11/2022 7:00,0.0,0.0
3/11/2022 8:00,0.75,0.03
3/11/2022 9:00,2.0,0.09
3/11/2022 10:00,2.5,0.11
3/11/2022 11:00,4.0,0.17
3/11/2022 12:00,5.0,0.21
3/11/2022 13:00,6.5,0.28
3/11/2022 14:00,12.0,0.51
3/11/2022 15:00,15.25,0.65
3/11/2022 16:00,7.0,0.3
3/11/2022 17:00,6.25,0.27
3/11/2022 18:00,1.25,0.05
3/11/2022 19:00,0.25,0.01
3/11/2022 20:00,0.0,0.0
3/11/2022 21:00,0.0,0.0
3/11/2022 22:00,0.0,0.0
3/11/2022 23:00,0.0,0.0
3/12/2022 0:00,0.0,0.0
3/12/2022 1:00,0.0,0.0
3/12/2022 2:00,0.0,0.0
3/12/2022 3:00,0.0,0.0
3/12/2022 4:00,0.0,0.0
3/12/2022 5:00,0.0,0.0
3/12/2022 6:00,0.0,0.0
3/12/2022 7:00,0.0,0.0
3/12/2022 8:00,0.25,0.01
3/12/2022 9:00,2.0,0.09
3/12/2022 10:00,3.75,0.16
3/12/2022 11:00,7.5,0.32
3/12/2022 12:00,7.75,0.33
3/12/2022 13:00,8.0,0.34
3/12/2022 14:00,4.25,0.18
3/12/2022 15:00,2.5,0.11
3/12/2022 16:00,1.0,0.04
3/12/2022 17:00,1.0,0.04
3/12/2022 18:00,0.25,0.01
3/12/2022 19:00,0.0,0.0
3/12/2022 20:00,0.0,0.0
3/12/2022 21:00,0.0,0.0
3/12/2022 22:00,0.0,0.0
3/12/2022 23:00,0.0,0.0
3/13/2022 0:00,0.0,0.0
3/13/2022 1:00,0.0,0.0
3/13/2022 2:00,0.0,0.0
3/13/2022 3:00,0.0,0.0
3/13/2022 4:00,0.0,0.0
3/13/2022 5:00,0.0,0.0
3/13/2022 6:00,0.0,0.0
3/13/2022 7:00,0.0,0.0
3/13/2022 8:00,1.25,0.05
3/13/2022 9:00,6.0,0.26
3/13/2022 10:00,10.5,0.45
3/13/2022 11:00,9.5,0.4
3/13/2022 12:00,12.0,0.51
3/13/2022 13:00,14.0,0.6
3/13/2022 14:00,15.5,0.66
3/13/2022 15:00,13.5,0.57
3/13/2022 16:00,8.75,0.37
3/13/2022 17:00,4.75,0.2
3/13/2022 18:00,1.75,0.07
3/13/2022 19:00,0.25,0.01
3/13/2022 20:00,0.0,0.0
3/13/2022 21:00,0.0,0.0
3/13/2022 22:00,0.0,0.0
3/13/2022 23:00,0.0,0.0
3/14/2022 0:00,0.0,0.0
3/14/2022 1:00,0.0,0.0
3/14/2022 2:00,0.0,0.0
3/14/2022 3:00,0.0,0.0
3/14/2022 4:00,0.0,0.0
3/14/2022 5:00,0.0,0.0
3/14/2022 6:00,0.0,0.0
3/14/2022 7:00,0.0,0.0
3/14/2022 8:00,0.5,0.02
3/14/2022 9:00,1.25,0.05
3/14/2022 10:00,3.0,0.13
3/14/2022 11:00,5.0,0.21
3/14/2022 12:00,11.25,0.48
3/14/2022 13:00,14.0,0.6
3/14/2022 14:00,14.5,0.62
3/14/2022 15:00,15.75,0.67
3/14/2022 16:00,9.25,0.39
3/14/2022 17:00,3.75,0.16
3/14/2022 18:00,1.75,0.07
3/14/2022 19:00,0.5,0.02
3/14/2022 20:00,0.0,0.0
3/14/2022 21:00,0.0,0.0
3/14/2022 22:00,0.0,0.0
3/14/2022 23:00,0.0,0.0
3/15/2022 0:00,0.0,0.0
3/15/2022 1:00,0.0,0.0
3/15/2022 2:00,0.0,0.0
3/15/2022 3:00,0.0,0.0
3/15/2022 4:00,0.0,0.0
3/15/2022 5:00,0.0,0.0
3/15/2022 6:00,0.0,0.0
3/15/2022 7:00,0.0,0.0
3/15/2022 8:00,0.75,0.03
3/15/2022 9:00,2.0,0.09
3/15/2022 10:00,5.75,0.24
3/15/2022 11:00,8.75,0.37
3/15/2022 12:00,9.5,0.4
3/15/2022 13:00,11.75,0.5
3/15/2022 14:00,10.25,0.44
3/15/2022 15:00,8.25,0.35
3/15/2022 16:00,4.5,0.19
3/15/2022 17:00,3.0,0.13
3/15/2022 18:00,1.5,0.06
3/15/2022 19:00,0.25,0.01
3/15/2022 20:00,0.0,0.0
3/15/2022 21:00,0.0,0.0
3/15/2022 22:00,0.0,0.0
3/15/2022 23:00,0.0,0.0
3/16/2022 0:00,0.0,0.0
3/16/2022 1:00,0.0,0.0
3/16/2022 2:00,0.0,0.0
3/16/2022 3:00,0.0,0.0
3/16/2022 4:00,0.0,0.0
3/16/2022 5:00,0.0,0.0
3/16/2022 6:00,0.0,0.0
3/16/2022 7:00,0.0,0.0
3/16/2022 8:00,0.25,0.01
3/16/2022 9:00,0.5,0.02
3/16/2022 10:00,1.25,0.05
3/16/2022 11:00,2.5,0.11
3/16/2022 12:00,4.0,0.17
3/16/2022 13:00,4.5,0.19
3/16/2022 14:00,2.75,0.12
3/16/2022 15:00,3.0,0.13
3/16/2022 16:00,1.5,0.06
3/16/2022 17:00,1.0,0.04
3/16/2022 18:00,0.5,0.02
3/16/2022 19:00,0.0,0.0
3/16/2022 20:00,0.0,0.0
3/16/2022 21:00,0.0,0.0
3/16/2022 22:00,0.0,0.0
3/16/2022 23:00,0.0,0.0
3/17/2022 0:00,0.0,0.0
3/17/2022 1:00,0.0,0.0
3/17/2022 2:00,0.0,0.0
3/17/2022 3:00,0.0,0.0
3/17/2022 4:00,0.0,0.0
3/17/2022 5:00,0.0,0.0
3/17/2022 6:00,0.0,0.0
3/17/2022 7:00,0.0,0.0
3/17/2022 8:00,0.5,0.02
3/17/2022 9:00,1.75,0.07
3/17/2022 10:00,3.5,0.15
3/17/2022 11:00,5.5,0.23
3/17/2022 12:00,7.0,0.3
3/17/2022 13:00,7.5,0.32
3/17/2022 14:00,7.75,0.33
3/17/2022 15:00,6.5,0.28
3/17/2022 16:00,5.5,0.23
3/17/2022 17:00,3.75,0.16
3/17/2022 18:00,1.75,0.07
3/17/2022 19:00,0.25,0.01
3/17/2022 20:00,0.0,0.0
3/17/2022 21:00,0.0,0.0
3/17/2022 22:00,0.0,0.0
3/17/2022 23:00,0.0,0.0
3/18/2022 0:00,0.0,0.0
3/18/2022 1:00,0.0,0.0
3/18/2022 2:00,0.0,0.0
3/18/2022 3:00,0.0,0.0
3/18/2022 4:00,0.0,0.0
3/18/2022 5:00,0.0,0.0
3/18/2022 6:00,0.0,0.0
3/18/2022 7:00,0.0,0.0
3/18/2022 8:00,0.25,0.01
3/18/2022 9:00,4.25,0.18
3/18/2022 10:00,10.5,0.45
3/18/2022 11:00,13.75,0.58
3/18/2022 12:00,16.0,0.68
3/18/2022 13:00,16.5,0.7
3/18/2022 14:00,16.25,0.69
3/18/2022 15:00,14.5,0.62
3/18/2022 16:00,12.25,0.52
3/18/2022 17:00,8.25,0.35
3/18/2022 18:00,3.75,0.16
3/18/2022 19:00,0.25,0.01
3/18/2022 20:00,0.0,0.0
3/18/2022 21:00,0.0,0.0
3/18/2022 22:00,0.0,0.0
3/18/2022 23:00,0.0,0.0
3/19/2022 0:00,0.0,0.0
3/19/2022 1:00,0.0,0.0
3/19/2022 2:00,0.0,0.0
3/19/2022 3:00,0.0,0.0
3/19/2022 4:00,0.0,0.0
3/19/2022 5:00,0.0,0.0
3/19/2022 6:00,0.0,0.0
3/19/2022 7:00,0.0,0.0
3/19/2022 8:00,1.75,0.07
3/19/2022 9:00,4.5,0.19
3/19/2022 10:00,8.75,0.37
3/19/2022 11:00,13.0,0.55
3/19/2022 12:00,15.0,0.64
3/19/2022 13:00,15.75,0.67
3/19/2022 14:00,15.5,0.66
3/19/2022 15:00,9.0,0.38
3/19/2022 16:00,8.25,0.35
3/19/2022 17:00,5.5,0.23
3/19/2022 18:00,0.75,0.03
3/19/2022 19:00,0.25,0.01
3/19/2022 20:00,0.0,0.0
3/19/2022 21:00,0.0,0.0
3/19/2022 22:00,0.0,0.0
3/19/2022 23:00,0.0,0.0
3/20/2022 0:00,0.0,0.0
3/20/2022 1:00,0.0,0.0
3/20/2022 2:00,0.0,0.0
3/20/2022 3:00,0.0,0.0
3/20/2022 4:00,0.0,0.0
3/20/2022 5:00,0.0,0.0
3/20/2022 6:00,0.0,0.0
3/20/2022 7:00,0.0,0.0
3/20/2022 8:00,0.25,0.01
3/20/2022 9:00,0.75,0.03
3/20/2022 10:00,1.25,0.05
3/20/2022 11:00,1.75,0.07
3/20/2022 12:00,5.5,0.23
3/20/2022 13:00,7.0,0.3
3/20/2022 14:00,1.75,0.07
3/20/2022 15:00,0.25,0.01
3/20/2022 16:00,1.0,0.04
3/20/2022 17:00,0.5,0.02
3/20/2022 18:00,1.0,0.04
3/20/2022 19:00,0.0,0.0
3/20/2022 20:00,0.0,0.0
3/20/2022 21:00,0.0,0.0
3/20/2022 22:00,0.0,0.0
3/20/2022 23:00,0.0,0.0
3/21/2022 0:00,0.0,0.0
3/21/2022 1:00,0.0,0.0
3/21/2022 2:00,0.0,0.0
3/21/2022 3:00,0.0,0.0
3/21/2022 4:00,0.0,0.0
3/21/2022 5:00,0.0,0.0
3/21/2022 6:00,0.0,0.0
3/21/2022 7:00,0.0,0.0
3/21/2022 8:00,0.25,0.01
3/21/2022 9:00,1.0,0.04
3/21/2022 10:00,3.0,0.13
3/21/2022 11:00,3.0,0.13
3/21/2022 12:00,3.5,0.15
3/21/2022 13:00,8.0,0.34
3/21/2022 14:00,9.75,0.41
3/21/2022 15:00,1.75,0.07
3/21/2022 16:00,6.75,0.29
3/21/2022 17:00,8.5,0.36
3/21/2022 18:00,4.25,0.18
3/21/2022 19:00,0.25,0.01
3/21/2022 20:00,0.0,0.0
3/21/2022 21:00,0.0,0.0
3/21/2022 22:00,0.0,0.0
3/21/2022 23:00,0.0,0.0
3/22/2022 0:00,0.0,0.0
3/22/2022 1:00,0.0,0.0
3/22/2022 2:00,0.0,0.0
3/22/2022 3:00,0.0,0.0
3/22/2022 4:00,0.0,0.0
3/22/2022 5:00,0.0,0.0
3/22/2022 6:00,0.0,0.0
3/22/2022 7:00,0.0,0.0
3/22/2022 8:00,1.5,0.06
3/22/2022 9:00,4.5,0.19
3/22/2022 10:00,4.25,0.18
3/22/2022 11:00,5.0,0.21
3/22/2022 12:00,5.5,0.23
3/22/2022 13:00,11.5,0.49
3/22/2022 14:00,5.5,0.23
3/22/2022 15:00,4.25,0.18
3/22/2022 16:00,2.0,0.09
3/22/2022 17:00,1.0,0.04
3/22/2022 18:00,0.5,0.02
3/22/2022 19:00,0.0,0.0
3/22/2022 20:00,0.0,0.0
3/22/2022 21:00,0.0,0.0
3/22/2022 22:00,0.0,0.0
3/22/2022 23:00,0.0,0.0
3/23/2022 0:00,0.0,0.0
3/23/2022 1:00,0.0,0.0
3/23/2022 2:00,0.0,0.0
3/23/2022 3:00,0.0,0.0
3/23/2022 4:00,0.0,0.0
3/23/2022 5:00,0.0,0.0
3/23/2022 6:00,0.0,0.0
3/23/2022 7:00,0.0,0.0
3/23/2022 8:00,0.75,0.03
3/23/2022 9:00,1.25,0.05
3/23/2022 10:00,3.0,0.13
3/23/2022 11:00,4.25,0.18
3/23/2022 12:00,3.0,0.13
3/23/2022 13:00,3.25,0.14
3/23/2022 14:00,2.0,0.09
3/23/2022 15:00,3.0,0.13
3/23/2022 16:00,6.25,0.27
3/23/2022 17:00,4.75,0.2
3/23/2022 18:00,2.25,0.1
3/23/2022 19:00,0.0,0.0
3/23/2022 20:00,0.0,0.0
3/23/2022 21:00,0.0,0.0
3/23/2022 22:00,0.0,0.0
3/23/2022 23:00,0.0,0.0
3/24/2022 0:00,0.0,0.0
3/24/2022 1:00,0.0,0.0
3/24/2022 2:00,0.0,0.0
3/24/2022 3:00,0.0,0.0
3/24/2022 4:00,0.0,0.0
3/24/2022 5:00,0.0,0.0
3/24/2022 6:00,0.0,0.0
3/24/2022 7:00,0.25,0.01
3/24/2022 8:00,0.75,0.03
3/24/2022 9:00,2.5,0.11
3/24/2022 10:00,3.25,0.14
3/24/2022 11:00,4.75,0.2
3/24/2022 12:00,3.75,0.16
3/24/2022 13:00,7.0,0.3
3/24/2022 14:00,5.25,0.22
3/24/2022 15:00,8.0,0.34
3/24/2022 16:00,10.25,0.44
3/24/2022 17:00,5.75,0.24
3/24/2022 18:00,1.0,0.04
3/24/2022 19:00,0.25,0.01
3/24/2022 20:00,0.0,0.0
3/24/2022 21:00,0.0,0.0
3/24/2022 22:00,0.0,0.0
3/24/2022 23:00,0.0,0.0
3/25/2022 0:00,0.0,0.0
3/25/2022 1:00,0.0,0.0
3/25/2022 2:00,0.0,0.0
3/25/2022 3:00,0.0,0.0
3/25/2022 4:00,0.0,0.0
3/25/2022 5:00,0.0,0.0
3/25/2022 6:00,0.0,0.0
3/25/2022 7:00,0.0,0.0
3/25/2022 8:00,0.5,0.02
3/25/2022 9:00,1.25,0.05
3/25/2022 10:00,3.25,0.14
3/25/2022 11:00,4.5,0.19
3/25/2022 12:00,6.5,0.28
3/25/2022 13:00,9.25,0.39
3/25/2022 14:00,8.5,0.36
3/25/2022 15:00,5.25,0.22
3/25/2022 16:00,5.0,0.21
3/25/2022 17:00,4.25,0.18
3/25/2022 18:00,2.0,0.09
3/25/2022 19:00,0.25,0.01
3/25/2022 20:00,0.0,0.0
3/25/2022 21:00,0.0,0.0
3/25/2022 22:00,0.0,0.0
3/25/2022 23:00,0.0,0.0
3/26/2022 0:00,0.0,0.0
3/26/2022 1:00,0.0,0.0
3/26/2022 2:00,0.0,0.0
3/26/2022 3:00,0.0,0.0
3/26/2022 4:00,0.0,0.0
3/26/2022 5:00,0.0,0.0
3/26/2022 6:00,0.0,0.0
3/26/2022 7:00,0.0,0.0
3/26/2022 8:00,1.75,0.07
3/26/2022 9:00,4.0,0.17
3/26/2022 10:00,6.75,0.29
3/26/2022 11:00,9.75,0.41
3/26/2022 12:00,11.0,0.47
3/26/2022 13:00,12.75,0.54
3/26/2022 14:00,11.75,0.5
3/26/2022 15:00,13.25,0.56
3/26/2022 16:00,11.25,0.48
3/26/2022 17:00,6.75,0.29
3/26/2022 18:00,2.75,0.12
3/26/2022 19:00,0.25,0.01
3/26/2022 20:00,0.0,0.0
3/26/2022 21:00,0.0,0.0
3/26/2022 22:00,0.0,0.0
3/26/2022 23:00,0.0,0.0
3/27/2022 0:00,0.0,0.0
3/27/2022 2:00,0.0,0.0
3/27/2022 3:00,0.0,0.0
3/27/2022 4:00,0.0,0.0
3/27/2022 5:00,0.0,0.0
3/27/2022 6:00,0.0,0.0
3/27/2022 7:00,0.0,0.0
3/27/2022 8:00,0.0,0.0
3/27/2022 9:00,0.25,0.01
3/27/2022 10:00,1.5,0.06
3/27/2022 11:00,5.0,0.21
3/27/2022 12:00,8.0,0.34
3/27/2022 13:00,12.25,0.52
3/27/2022 14:00,13.5,0.57
3/27/2022 15:00,14.25,0.61
3/27/2022 16:00,10.75,0.46
3/27/2022 17:00,12.0,0.51
3/27/2022 18:00,11.25,0.48
3/27/2022 19:00,6.25,0.27
3/27/2022 20:00,2.25,0.1
3/27/2022 21:00,0.25,0.01
3/27/2022 22:00,0.0,0.0
3/27/2022 23:00,0.0,0.0
3/28/2022 0:00,0.0,0.0
3/28/2022 1:00,0.0,0.0
3/28/2022 2:00,0.0,0.0
3/28/2022 3:00,0.0,0.0
3/28/2022 4:00,0.0,0.0
3/28/2022 5:00,0.0,0.0
3/28/2022 6:00,0.0,0.0
3/28/2022 7:00,0.0,0.0
3/28/2022 8:00,0.25,0.01
3/28/2022 9:00,2.25,0.1
3/28/2022 10:00,4.25,0.18
3/28/2022 11:00,6.0,0.26
3/28/2022 12:00,8.5,0.36
3/28/2022 13:00,12.75,0.54
3/28/2022 14:00,14.5,0.62
3/28/2022 15:00,11.75,0.5
3/28/2022 16:00,8.25,0.35
3/28/2022 17:00,4.0,0.17
3/28/2022 18:00,2.75,0.12
3/28/2022 19:00,1.25,0.05
3/28/2022 20:00,0.25,0.01
3/28/2022 21:00,0.0,0.0
3/28/2022 22:00,0.0,0.0
3/28/2022 23:00,0.0,0.0
3/29/2022 0:00,0.0,0.0
3/29/2022 1:00,0.0,0.0
3/29/2022 2:00,0.0,0.0
3/29/2022 3:00,0.0,0.0
3/29/2022 4:00,0.0,0.0
3/29/2022 5:00,0.0,0.0
3/29/2022 6:00,0.0,0.0
3/29/2022 7:00,0.0,0.0
3/29/2022 8:00,0.25,0.01
3/29/2022 9:00,1.25,0.05
3/29/2022 10:00,4.5,0.19
3/29/2022 11:00,5.0,0.21
3/29/2022 12:00,4.75,0.2
3/29/2022 13:00,3.75,0.16
3/29/2022 14:00,3.75,0.16
3/29/2022 15:00,7.0,0.3
3/29/2022 16:00,13.0,0.55
3/29/2022 17:00,11.75,0.5
3/29/2022 18:00,8.5,0.36
3/29/2022 19:00,3.75,0.16
3/29/2022 20:00,0.75,0.03
3/29/2022 21:00,0.0,0.0
3/29/2022 22:00,0.0,0.0
3/29/2022 23:00,0.0,0.0
3/30/2022 0:00,0.0,0.0
3/30/2022 1:00,0.0,0.0
3/30/2022 2:00,0.0,0.0
3/30/2022 3:00,0.0,0.0
3/30/2022 4:00,0.0,0.0
3/30/2022 5:00,0.0,0.0
3/30/2022 6:00,0.0,0.0
3/30/2022 7:00,0.0,0.0
3/30/2022 8:00,0.0,0.0
3/30/2022 9:00,2.75,0.12
3/30/2022 10:00,6.0,0.26
3/30/2022 11:00,9.75,0.41
3/30/2022 12:00,10.25,0.44
3/30/2022 13:00,6.25,0.27
3/30/2022 14:00,17.25,0.73
3/30/2022 15:00,16.75,0.71
3/30/2022 16:00,16.0,0.68
3/30/2022 17:00,14.0,0.6
3/30/2022 18:00,7.75,0.33
3/30/2022 19:00,4.75,0.2
3/30/2022 20:00,0.25,0.01
3/30/2022 21:00,0.0,0.0
3/30/2022 22:00,0.0,0.0
3/30/2022 23:00,0.0,0.0
3/31/2022 0:00,0.0,0.0
3/31/2022 1:00,0.0,0.0
3/31/2022 2:00,0.0,0.0
3/31/2022 3:00,0.0,0.0
3/31/2022 4:00,0.0,0.0
3/31/2022 5:00,0.0,0.0
3/31/2022 6:00,0.0,0.0
3/31/2022 7:00,0.0,0.0
3/31/2022 8:00,0.25,0.01
3/31/2022 9:00,1.5,0.06
3/31/2022 10:00,4.25,0.18
3/31/2022 11:00,8.25,0.35
3/31/2022 12:00,11.0,0.47
3/31/2022 13:00,8.0,0.34
3/31/2022 14:00,8.0,0.34
3/31/2022 15:00,10.25,0.44
3/31/2022 16:00,7.0,0.3
3/31/2022 17:00,6.0,0.26
3/31/2022 18:00,5.25,0.22
3/31/2022 19:00,3.0,0.13
3/31/2022 20:00,0.5,0.02
3/31/2022 21:00,0.0,0.0
3/31/2022 22:00,0.0,0.0
3/31/2022 23:00,0.0,0.0
4/1/2022 0:00,0.0,0.0
4/1/2022 1:00,0.0,0.0
4/1/2022 2:00,0.0,0.0
4/1/2022 3:00,0.0,0.0
4/1/2022 4:00,0.0,0.0
4/1/2022 5:00,0.0,0.0
4/1/2022 6:00,0.0,0.0
4/1/2022 7:00,0.0,0.0
4/1/2022 8:00,0.0,0.0
4/1/2022 9:00,2.75,0.12
4/1/2022 10:00,8.0,0.34
4/1/2022 11:00,11.75,0.5
4/1/2022 12:00,15.75,0.67
4/1/2022 13:00,17.25,0.73
4/1/2022 14:00,17.25,0.73
4/1/2022 15:00,17.75,0.75
4/1/2022 16:00,16.5,0.7
4/1/2022 17:00,13.75,0.58
4/1/2022 18:00,10.25,0.44
4/1/2022 19:00,5.25,0.22
4/1/2022 20:00,0.5,0.02
4/1/2022 21:00,0.0,0.0
4/1/2022 22:00,0.0,0.0
4/1/2022 23:00,0.0,0.0
4/2/2022 0:00,0.0,0.0
4/2/2022 1:00,0.0,0.0
4/2/2022 2:00,0.0,0.0
4/2/2022 3:00,0.0,0.0
4/2/2022 4:00,0.0,0.0
4/2/2022 5:00,0.0,0.0
4/2/2022 6:00,0.0,0.0
4/2/2022 7:00,0.0,0.0
4/2/2022 8:00,0.25,0.01
4/2/2022 9:00,3.0,0.13
4/2/2022 10:00,8.0,0.34
4/2/2022 11:00,12.5,0.53
4/2/2022 12:00,15.0,0.64
4/2/2022 13:00,17.5,0.74
4/2/2022 14:00,18.25,0.78
4/2/2022 15:00,14.75,0.63
4/2/2022 16:00,12.75,0.54
4/2/2022 17:00,10.5,0.45
4/2/2022 18:00,6.0,0.26
4/2/2022 19:00,2.5,0.11
4/2/2022 20:00,0.75,0.03
4/2/2022 21:00,0.0,0.0
4/2/2022 22:00,0.0,0.0
4/2/2022 23:00,0.0,0.0
4/3/2022 0:00,0.0,0.0
4/3/2022 1:00,0.0,0.0
4/3/2022 2:00,0.0,0.0
4/3/2022 3:00,0.0,0.0
4/3/2022 4:00,0.0,0.0
4/3/2022 5:00,0.0,0.0
4/3/2022 6:00,0.0,0.0
4/3/2022 7:00,0.0,0.0
4/3/2022 8:00,0.25,0.01
4/3/2022 9:00,3.0,0.13
4/3/2022 10:00,8.5,0.36
4/3/2022 11:00,12.75,0.54
4/3/2022 12:00,15.75,0.67
4/3/2022 13:00,17.5,0.74
4/3/2022 14:00,18.5,0.79
4/3/2022 15:00,17.75,0.75
4/3/2022 16:00,16.75,0.71
4/3/2022 17:00,14.0,0.6
4/3/2022 18:00,10.25,0.44
4/3/2022 19:00,5.25,0.22
4/3/2022 20:00,0.5,0.02
4/3/2022 21:00,0.0,0.0
4/3/2022 22:00,0.0,0.0
4/3/2022 23:00,0.0,0.0
4/4/2022 0:00,0.0,0.0
4/4/2022 1:00,0.0,0.0
4/4/2022 2:00,0.0,0.0
4/4/2022 3:00,0.0,0.0
4/4/2022 4:00,0.0,0.0
4/4/2022 5:00,0.0,0.0
4/4/2022 6:00,0.0,0.0
4/4/2022 7:00,0.0,0.0
4/4/2022 8:00,0.25,0.01
4/4/2022 9:00,3.0,0.13
4/4/2022 10:00,8.0,0.34
4/4/2022 11:00,9.25,0.39
4/4/2022 12:00,13.75,0.58
4/4/2022 13:00,17.75,0.75
4/4/2022 14:00,18.25,0.78
4/4/2022 15:00,16.25,0.69
4/4/2022 16:00,14.75,0.63
4/4/2022 17:00,10.5,0.45
4/4/2022 18:00,7.0,0.3
4/4/2022 19:00,2.5,0.11
4/4/2022 20:00,0.75,0.03
4/4/2022 21:00,0.0,0.0
4/4/2022 22:00,0.0,0.0
4/4/2022 23:00,0.0,0.0
4/5/2022 0:00,0.0,0.0
4/5/2022 1:00,0.0,0.0
4/5/2022 2:00,0.0,0.0
4/5/2022 3:00,0.0,0.0
4/5/2022 4:00,0.0,0.0
4/5/2022 5:00,0.0,0.0
4/5/2022 6:00,0.0,0.0
4/5/2022 7:00,0.0,0.0
4/5/2022 8:00,0.0,0.0
4/5/2022 9:00,1.75,0.07
4/5/2022 10:00,3.25,0.14
4/5/2022 11:00,3.75,0.16
4/5/2022 12:00,3.75,0.16
4/5/2022 13:00,3.75,0.16
4/5/2022 14:00,5.25,0.22
4/5/2022 15:00,6.25,0.27
4/5/2022 16:00,4.5,0.19
4/5/2022 17:00,3.0,0.13
4/5/2022 18:00,2.75,0.12
4/5/2022 19:00,2.0,0.09
4/5/2022 20:00,0.25,0.01
4/5/2022 21:00,0.0,0.0
4/5/2022 22:00,0.0,0.0
4/5/2022 23:00,0.0,0.0
4/6/2022 0:00,0.0,0.0
4/6/2022 1:00,0.0,0.0
4/6/2022 2:00,0.0,0.0
4/6/2022 3:00,0.0,0.0
4/6/2022 4:00,0.0,0.0
4/6/2022 5:00,0.0,0.0
4/6/2022 6:00,0.0,0.0
4/6/2022 7:00,0.0,0.0
4/6/2022 8:00,0.25,0.01
4/6/2022 9:00,3.25,0.14
4/6/2022 10:00,8.0,0.34
4/6/2022 11:00,11.25,0.48
4/6/2022 12:00,16.0,0.68
4/6/2022 13:00,17.5,0.74
4/6/2022 14:00,19.25,0.82
4/6/2022 15:00,18.25,0.78
4/6/2022 16:00,16.75,0.71
4/6/2022 17:00,14.5,0.62
4/6/2022 18:00,10.5,0.45
4/6/2022 19:00,2.25,0.1
4/6/2022 20:00,0.25,0.01
4/6/2022 21:00,0.0,0.0
4/6/2022 22:00,0.0,0.0
4/6/2022 23:00,0.0,0.0
4/7/2022 0:00,0.0,0.0
4/7/2022 1:00,0.0,0.0
4/7/2022 2:00,0.0,0.0
4/7/2022 3:00,0.0,0.0
4/7/2022 4:00,0.0,0.0
4/7/2022 5:00,0.0,0.0
4/7/2022 6:00,0.0,0.0
4/7/2022 7:00,0.0,0.0
4/7/2022 8:00,0.0,0.0
4/7/2022 9:00,1.25,0.05
4/7/2022 10:00,2.75,0.12
4/7/2022 11:00,4.25,0.18
4/7/2022 12:00,5.75,0.24
4/7/2022 13:00,6.75,0.29
4/7/2022 14:00,9.0,0.38
4/7/2022 15:00,7.25,0.31
4/7/2022 16:00,7.5,0.32
4/7/2022 17:00,6.25,0.27
4/7/2022 18:00,5.25,0.22
4/7/2022 19:00,2.25,0.1
4/7/2022 20:00,0.5,0.02
4/7/2022 21:00,0.0,0.0
4/7/2022 22:00,0.0,0.0
4/7/2022 23:00,0.0,0.0
4/8/2022 0:00,0.0,0.0
4/8/2022 1:00,0.0,0.0
4/8/2022 2:00,0.0,0.0
4/8/2022 3:00,0.0,0.0
4/8/2022 4:00,0.0,0.0
4/8/2022 5:00,0.0,0.0
4/8/2022 6:00,0.0,0.0
4/8/2022 7:00,0.0,0.0
4/8/2022 8:00,0.25,0.01
4/8/2022 9:00,1.0,0.04
4/8/2022 10:00,6.5,0.28
4/8/2022 11:00,7.5,0.32
4/8/2022 12:00,6.0,0.26
4/8/2022 13:00,7.0,0.3
4/8/2022 14:00,7.0,0.3
4/8/2022 15:00,5.0,0.21
4/8/2022 16:00,4.75,0.2
4/8/2022 17:00,5.0,0.21
4/8/2022 18:00,2.75,0.12
4/8/2022 19:00,1.75,0.07
4/8/2022 20:00,1.0,0.04
4/8/2022 21:00,0.0,0.0
4/8/2022 22:00,0.0,0.0
4/8/2022 23:00,0.0,0.0
4/9/2022 0:00,0.0,0.0
4/9/2022 1:00,0.0,0.0
4/9/2022 2:00,0.0,0.0
4/9/2022 3:00,0.0,0.0
4/9/2022 4:00,0.0,0.0
4/9/2022 5:00,0.0,0.0
4/9/2022 6:00,0.0,0.0
4/9/2022 7:00,0.0,0.0
4/9/2022 8:00,0.0,0.0
4/9/2022 9:00,1.0,0.04
4/9/2022 10:00,2.25,0.1
4/9/2022 11:00,4.25,0.18
4/9/2022 12:00,6.5,0.28
4/9/2022 13:00,13.25,0.56
4/9/2022 14:00,10.75,0.46
4/9/2022 15:00,7.75,0.33
4/9/2022 16:00,6.75,0.29
4/9/2022 17:00,4.75,0.2
4/9/2022 18:00,4.0,0.17
4/9/2022 19:00,1.5,0.06
4/9/2022 20:00,0.75,0.03
4/9/2022 21:00,0.0,0.0
4/9/2022 22:00,0.0,0.0
4/9/2022 23:00,0.0,0.0
4/10/2022 0:00,0.0,0.0
4/10/2022 1:00,0.0,0.0
4/10/2022 2:00,0.0,0.0
4/10/2022 3:00,0.0,0.0
4/10/2022 4:00,0.0,0.0
4/10/2022 5:00,0.0,0.0
4/10/2022 6:00,0.0,0.0
4/10/2022 7:00,0.0,0.0
4/10/2022 8:00,0.25,0.01
4/10/2022 9:00,2.0,0.09
4/10/2022 10:00,4.75,0.2
4/10/2022 11:00,8.5,0.36
4/10/2022 12:00,16.25,0.69
4/10/2022 13:00,17.75,0.75
4/10/2022 14:00,18.75,0.8
4/10/2022 15:00,18.5,0.79
4/10/2022 16:00,17.0,0.72
4/10/2022 17:00,14.75,0.63
4/10/2022 18:00,9.5,0.4
4/10/2022 19:00,3.25,0.14
4/10/2022 20:00,0.5,0.02
4/10/2022 21:00,0.0,0.0
4/10/2022 22:00,0.0,0.0
4/10/2022 23:00,0.0,0.0
4/11/2022 0:00,0.0,0.0
4/11/2022 1:00,0.0,0.0
4/11/2022 2:00,0.0,0.0
4/11/2022 3:00,0.0,0.0
4/11/2022 4:00,0.0,0.0
4/11/2022 5:00,0.0,0.0
4/11/2022 6:00,0.0,0.0
4/11/2022 7:00,0.0,0.0
4/11/2022 8:00,0.25,0.01
4/11/2022 9:00,2.5,0.11
4/11/2022 10:00,5.25,0.22
4/11/2022 11:00,5.75,0.24
4/11/2022 12:00,16.0,0.68
4/11/2022 13:00,14.0,0.6
4/11/2022 14:00,15.0,0.64
4/11/2022 15:00,15.25,0.65
4/11/2022 16:00,16.5,0.7
4/11/2022 17:00,12.75,0.54
4/11/2022 18:00,7.25,0.31
4/11/2022 19:00,3.75,0.16
4/11/2022 20:00,0.75,0.03
4/11/2022 21:00,0.0,0.0
4/11/2022 22:00,0.0,0.0
4/11/2022 23:00,0.0,0.0
4/12/2022 0:00,0.0,0.0
4/12/2022 1:00,0.0,0.0
4/12/2022 2:00,0.0,0.0
4/12/2022 3:00,0.0,0.0
4/12/2022 4:00,0.0,0.0
4/12/2022 5:00,0.0,0.0
4/12/2022 6:00,0.0,0.0
4/12/2022 7:00,0.0,0.0
4/12/2022 8:00,0.25,0.01
4/12/2022 9:00,3.5,0.15
4/12/2022 10:00,8.0,0.34
4/12/2022 11:00,6.0,0.26
4/12/2022 12:00,15.0,0.64
4/12/2022 13:00,16.5,0.7
4/12/2022 14:00,15.75,0.67
4/12/2022 15:00,15.5,0.66
4/12/2022 16:00,14.75,0.63
4/12/2022 17:00,15.0,0.64
4/12/2022 18:00,9.75,0.41
4/12/2022 19:00,4.75,0.2
4/12/2022 20:00,0.75,0.03
4/12/2022 21:00,0.0,0.0
4/12/2022 22:00,0.0,0.0
4/12/2022 23:00,0.0,0.0
4/13/2022 0:00,0.0,0.0
4/13/2022 1:00,0.0,0.0
4/13/2022 2:00,0.0,0.0
4/13/2022 3:00,0.0,0.0
4/13/2022 4:00,0.0,0.0
4/13/2022 5:00,0.0,0.0
4/13/2022 6:00,0.0,0.0
4/13/2022 7:00,0.0,0.0
4/13/2022 8:00,0.5,0.02
4/13/2022 9:00,4.25,0.18
4/13/2022 10:00,8.75,0.37
4/13/2022 11:00,9.0,0.38
4/13/2022 12:00,10.25,0.44
4/13/2022 13:00,10.75,0.46
4/13/2022 14:00,11.0,0.47
4/13/2022 15:00,16.25,0.69
4/13/2022 16:00,15.5,0.66
4/13/2022 17:00,14.25,0.61
4/13/2022 18:00,10.75,0.46
4/13/2022 19:00,6.25,0.27
4/13/2022 20:00,1.0,0.04
4/13/2022 21:00,0.0,0.0
4/13/2022 22:00,0.0,0.0
4/13/2022 23:00,0.0,0.0
4/14/2022 0:00,0.0,0.0
4/14/2022 1:00,0.0,0.0
4/14/2022 2:00,0.0,0.0
4/14/2022 3:00,0.0,0.0
4/14/2022 4:00,0.0,0.0
4/14/2022 5:00,0.0,0.0
4/14/2022 6:00,0.0,0.0
4/14/2022 7:00,0.0,0.0
4/14/2022 8:00,0.5,0.02
4/14/2022 9:00,4.0,0.17
4/14/2022 10:00,9.0,0.38
4/14/2022 11:00,13.25,0.56
4/14/2022 12:00,16.0,0.68
4/14/2022 13:00,17.75,0.75
4/14/2022 14:00,18.25,0.78
4/14/2022 15:00,17.75,0.75
4/14/2022 16:00,16.5,0.7
4/14/2022 17:00,14.0,0.6
4/14/2022 18:00,10.75,0.46
4/14/2022 19:00,6.0,0.26
4/14/2022 20:00,1.0,0.04
4/14/2022 21:00,0.0,0.0
4/14/2022 22:00,0.0,0.0
4/14/2022 23:00,0.0,0.0
4/15/2022 0:00,0.0,0.0
4/15/2022 1:00,0.0,0.0
4/15/2022 2:00,0.0,0.0
4/15/2022 3:00,0.0,0.0
4/15/2022 4:00,0.0,0.0
4/15/2022 5:00,0.0,0.0
4/15/2022 6:00,0.0,0.0
4/15/2022 7:00,0.0,0.0
4/15/2022 8:00,0.5,0.02
4/15/2022 9:00,4.25,0.18
4/15/2022 10:00,9.0,0.38
4/15/2022 11:00,13.25,0.56
4/15/2022 12:00,15.75,0.67
4/15/2022 13:00,17.25,0.73
4/15/2022 14:00,18.0,0.77
4/15/2022 15:00,17.5,0.74
4/15/2022 16:00,15.75,0.67
4/15/2022 17:00,13.75,0.58
4/15/2022 18:00,10.5,0.45
4/15/2022 19:00,5.5,0.23
4/15/2022 20:00,1.0,0.04
4/15/2022 21:00,0.0,0.0
4/15/2022 22:00,0.0,0.0
4/15/2022 23:00,0.0,0.0
4/16/2022 0:00,0.0,0.0
4/16/2022 1:00,0.0,0.0
4/16/2022 2:00,0.0,0.0
4/16/2022 3:00,0.0,0.0
4/16/2022 4:00,0.0,0.0
4/16/2022 5:00,0.0,0.0
4/16/2022 6:00,0.0,0.0
4/16/2022 7:00,0.0,0.0
4/16/2022 8:00,0.75,0.03
4/16/2022 9:00,4.0,0.17
4/16/2022 10:00,9.0,0.38
4/16/2022 11:00,12.75,0.54
4/16/2022 12:00,15.5,0.66
4/16/2022 13:00,17.0,0.72
4/16/2022 14:00,17.0,0.72
4/16/2022 15:00,15.75,0.67
4/16/2022 16:00,14.75,0.63
4/16/2022 17:00,13.5,0.57
4/16/2022 18:00,10.0,0.43
4/16/2022 19:00,5.75,0.24
4/16/2022 20:00,1.0,0.04
4/16/2022 21:00,0.0,0.0
4/16/2022 22:00,0.0,0.0
4/16/2022 23:00,0.0,0.0
4/17/2022 0:00,0.0,0.0
4/17/2022 1:00,0.0,0.0
4/17/2022 2:00,0.0,0.0
4/17/2022 3:00,0.0,0.0
4/17/2022 4:00,0.0,0.0
4/17/2022 5:00,0.0,0.0
4/17/2022 6:00,0.0,0.0
4/17/2022 7:00,0.0,0.0
4/17/2022 8:00,1.0,0.04
4/17/2022 9:00,4.25,0.18
4/17/2022 10:00,9.0,0.38
4/17/2022 11:00,11.75,0.5
4/17/2022 12:00,14.5,0.62
4/17/2022 13:00,16.75,0.71
4/17/2022 14:00,17.5,0.74
4/17/2022 15:00,16.0,0.68
4/17/2022 16:00,14.0,0.6
4/17/2022 17:00,13.25,0.56
4/17/2022 18:00,11.0,0.47
4/17/2022 19:00,6.0,0.26
4/17/2022 20:00,1.25,0.05
4/17/2022 21:00,0.0,0.0
4/17/2022 22:00,0.0,0.0
4/17/2022 23:00,0.0,0.0
4/18/2022 0:00,0.0,0.0
4/18/2022 1:00,0.0,0.0
4/18/2022 2:00,0.0,0.0
4/18/2022 3:00,0.0,0.0
4/18/2022 4:00,0.0,0.0
4/18/2022 5:00,0.0,0.0
4/18/2022 6:00,0.0,0.0
4/18/2022 7:00,0.0,0.0
4/18/2022 8:00,0.5,0.02
4/18/2022 9:00,4.25,0.18
4/18/2022 10:00,9.5,0.4
4/18/2022 11:00,13.75,0.58
4/18/2022 12:00,16.5,0.7
4/18/2022 13:00,18.75,0.8
4/18/2022 14:00,19.0,0.81
4/18/2022 15:00,19.0,0.81
4/18/2022 16:00,17.75,0.75
4/18/2022 17:00,15.25,0.65
4/18/2022 18:00,11.0,0.47
4/18/2022 19:00,6.25,0.27
4/18/2022 20:00,1.25,0.05
4/18/2022 21:00,0.25,0.01
4/18/2022 22:00,0.0,0.0
4/18/2022 23:00,0.0,0.0
4/19/2022 0:00,0.0,0.0
4/19/2022 1:00,0.0,0.0
4/19/2022 2:00,0.0,0.0
4/19/2022 3:00,0.0,0.0
4/19/2022 4:00,0.0,0.0
4/19/2022 5:00,0.0,0.0
4/19/2022 6:00,0.0,0.0
4/19/2022 7:00,0.0,0.0
4/19/2022 8:00,0.75,0.03
4/19/2022 9:00,4.0,0.17
4/19/2022 10:00,10.0,0.43
4/19/2022 11:00,14.5,0.62
4/19/2022 12:00,17.25,0.73
4/19/2022 13:00,19.0,0.81
4/19/2022 14:00,19.75,0.84
4/19/2022 15:00,19.25,0.82
4/19/2022 16:00,18.0,0.77
4/19/2022 17:00,15.0,0.64
4/19/2022 18:00,11.25,0.48
4/19/2022 19:00,5.75,0.24
4/19/2022 20:00,1.25,0.05
4/19/2022 21:00,0.0,0.0
4/19/2022 22:00,0.0,0.0
4/19/2022 23:00,0.0,0.0
4/20/2022 0:00,0.0,0.0
4/20/2022 1:00,0.0,0.0
4/20/2022 2:00,0.0,0.0
4/20/2022 3:00,0.0,0.0
4/20/2022 4:00,0.0,0.0
4/20/2022 5:00,0.0,0.0
4/20/2022 6:00,0.0,0.0
4/20/2022 7:00,0.0,0.0
4/20/2022 8:00,0.75,0.03
4/20/2022 9:00,4.5,0.19
4/20/2022 10:00,9.5,0.4
4/20/2022 11:00,12.75,0.54
4/20/2022 12:00,12.0,0.51
4/20/2022 13:00,18.0,0.77
4/20/2022 14:00,19.75,0.84
4/20/2022 15:00,19.5,0.83
4/20/2022 16:00,18.0,0.77
4/20/2022 17:00,15.25,0.65
4/20/2022 18:00,11.5,0.49
4/20/2022 19:00,6.25,0.27
4/20/2022 20:00,1.5,0.06
4/20/2022 21:00,0.0,0.0
4/20/2022 22:00,0.0,0.0
4/20/2022 23:00,0.0,0.0
4/21/2022 0:00,0.0,0.0
4/21/2022 1:00,0.0,0.0
4/21/2022 2:00,0.0,0.0
4/21/2022 3:00,0.0,0.0
4/21/2022 4:00,0.0,0.0
4/21/2022 5:00,0.0,0.0
4/21/2022 6:00,0.0,0.0
4/21/2022 7:00,0.0,0.0
4/21/2022 8:00,0.0,0.0
4/21/2022 9:00,1.0,0.04
4/21/2022 10:00,5.25,0.22
4/21/2022 11:00,6.5,0.28
4/21/2022 12:00,8.5,0.36
4/21/2022 13:00,9.75,0.41
4/21/2022 14:00,4.25,0.18
4/21/2022 15:00,8.75,0.37
4/21/2022 16:00,5.75,0.24
4/21/2022 17:00,7.25,0.31
4/21/2022 18:00,4.0,0.17
4/21/2022 19:00,3.25,0.14
4/21/2022 20:00,1.25,0.05
4/21/2022 21:00,0.0,0.0
4/21/2022 22:00,0.0,0.0
4/21/2022 23:00,0.0,0.0
4/22/2022 0:00,0.0,0.0
4/22/2022 1:00,0.0,0.0
4/22/2022 2:00,0.0,0.0
4/22/2022 3:00,0.0,0.0
4/22/2022 4:00,0.0,0.0
4/22/2022 5:00,0.0,0.0
4/22/2022 6:00,0.0,0.0
4/22/2022 7:00,0.0,0.0
4/22/2022 8:00,0.25,0.01
4/22/2022 9:00,0.75,0.03
4/22/2022 10:00,1.0,0.04
4/22/2022 11:00,3.75,0.16
4/22/2022 12:00,3.25,0.14
4/22/2022 13:00,5.25,0.22
4/22/2022 14:00,12.25,0.52
4/22/2022 15:00,9.75,0.41
4/22/2022 16:00,3.25,0.14
4/22/2022 17:00,4.5,0.19
4/22/2022 18:00,4.25,0.18
4/22/2022 19:00,3.5,0.15
4/22/2022 20:00,1.0,0.04
4/22/2022 21:00,0.0,0.0
4/22/2022 22:00,0.0,0.0
4/22/2022 23:00,0.0,0.0
4/23/2022 0:00,0.0,0.0
4/23/2022 1:00,0.0,0.0
4/23/2022 2:00,0.0,0.0
4/23/2022 3:00,0.0,0.0
4/23/2022 4:00,0.0,0.0
4/23/2022 5:00,0.0,0.0
4/23/2022 6:00,0.0,0.0
4/23/2022 7:00,0.0,0.0
4/23/2022 8:00,0.75,0.03
4/23/2022 9:00,4.5,0.19
4/23/2022 10:00,8.25,0.35
4/23/2022 11:00,10.25,0.44
4/23/2022 12:00,11.5,0.49
4/23/2022 13:00,18.5,0.79
4/23/2022 14:00,15.25,0.65
4/23/2022 15:00,14.0,0.6
4/23/2022 16:00,8.0,0.34
4/23/2022 17:00,8.25,0.35
4/23/2022 18:00,3.5,0.15
4/23/2022 19:00,5.5,0.23
4/23/2022 20:00,1.5,0.06
4/23/2022 21:00,0.0,0.0
4/23/2022 22:00,0.0,0.0
4/23/2022 23:00,0.0,0.0
4/24/2022 0:00,0.0,0.0
4/24/2022 1:00,0.0,0.0
4/24/2022 2:00,0.0,0.0
4/24/2022 3:00,0.0,0.0
4/24/2022 4:00,0.0,0.0
4/24/2022 5:00,0.0,0.0
4/24/2022 6:00,0.0,0.0
4/24/2022 7:00,0.0,0.0
4/24/2022 8:00,1.0,0.04
4/24/2022 9:00,4.75,0.2
4/24/2022 10:00,8.75,0.37
4/24/2022 11:00,6.0,0.26
4/24/2022 12:00,13.0,0.55
4/24/2022 13:00,8.25,0.35
4/24/2022 14:00,7.0,0.3
4/24/2022 15:00,11.0,0.47
4/24/2022 16:00,17.0,0.72
4/24/2022 17:00,9.75,0.41
4/24/2022 18:00,9.25,0.39
4/24/2022 19:00,6.25,0.27
4/24/2022 20:00,1.5,0.06
4/24/2022 21:00,0.0,0.0
4/24/2022 22:00,0.0,0.0
4/24/2022 23:00,0.0,0.0
4/25/2022 0:00,0.0,0.0
4/25/2022 1:00,0.0,0.0
4/25/2022 2:00,0.0,0.0
4/25/2022 3:00,0.0,0.0
4/25/2022 4:00,0.0,0.0
4/25/2022 5:00,0.0,0.0
4/25/2022 6:00,0.0,0.0
4/25/2022 7:00,0.0,0.0
4/25/2022 8:00,1.0,0.04
4/25/2022 9:00,3.25,0.14
4/25/2022 10:00,7.75,0.33
4/25/2022 11:00,12.5,0.53
4/25/2022 12:00,17.75,0.75
4/25/2022 13:00,15.0,0.64
4/25/2022 14:00,18.0,0.77
4/25/2022 15:00,17.25,0.73
4/25/2022 16:00,16.75,0.71
4/25/2022 17:00,14.75,0.63
4/25/2022 18:00,11.0,0.47
4/25/2022 19:00,6.5,0.28
4/25/2022 20:00,1.0,0.04
4/25/2022 21:00,0.0,0.0
4/25/2022 22:00,0.0,0.0
4/25/2022 23:00,0.0,0.0
4/26/2022 0:00,0.0,0.0
4/26/2022 1:00,0.0,0.0
4/26/2022 2:00,0.0,0.0
4/26/2022 3:00,0.0,0.0
4/26/2022 4:00,0.0,0.0
4/26/2022 5:00,0.0,0.0
4/26/2022 6:00,0.0,0.0
4/26/2022 7:00,0.0,0.0
4/26/2022 8:00,0.25,0.01
4/26/2022 9:00,1.0,0.04
4/26/2022 10:00,2.0,0.09
4/26/2022 11:00,7.75,0.33
4/26/2022 12:00,9.25,0.39
4/26/2022 13:00,6.0,0.26
4/26/2022 14:00,17.75,0.75
4/26/2022 15:00,17.75,0.75
4/26/2022 16:00,17.25,0.73
4/26/2022 17:00,14.75,0.63
4/26/2022 18:00,11.25,0.48
4/26/2022 19:00,6.25,0.27
4/26/2022 20:00,1.25,0.05
4/26/2022 21:00,0.25,0.01
4/26/2022 22:00,0.0,0.0
4/26/2022 23:00,0.0,0.0
4/27/2022 0:00,0.0,0.0
4/27/2022 1:00,0.0,0.0
4/27/2022 2:00,0.0,0.0
4/27/2022 3:00,0.0,0.0
4/27/2022 4:00,0.0,0.0
4/27/2022 5:00,0.0,0.0
4/27/2022 6:00,0.0,0.0
4/27/2022 7:00,0.0,0.0
4/27/2022 8:00,1.0,0.04
4/27/2022 9:00,4.5,0.19
4/27/2022 10:00,7.0,0.3
4/27/2022 11:00,7.25,0.31
4/27/2022 12:00,7.5,0.32
4/27/2022 13:00,8.0,0.34
4/27/2022 14:00,13.25,0.56
4/27/2022 15:00,19.75,0.84
4/27/2022 16:00,18.0,0.77
4/27/2022 17:00,15.0,0.64
4/27/2022 18:00,11.0,0.47
4/27/2022 19:00,6.5,0.28
4/27/2022 20:00,1.5,0.06
4/27/2022 21:00,0.0,0.0
4/27/2022 22:00,0.0,0.0
4/27/2022 23:00,0.0,0.0
4/28/2022 0:00,0.0,0.0
4/28/2022 1:00,0.0,0.0
4/28/2022 2:00,0.0,0.0
4/28/2022 3:00,0.0,0.0
4/28/2022 4:00,0.0,0.0
4/28/2022 5:00,0.0,0.0
4/28/2022 6:00,0.0,0.0
4/28/2022 7:00,0.0,0.0
4/28/2022 8:00,1.25,0.05
4/28/2022 9:00,2.75,0.12
4/28/2022 10:00,2.25,0.1
4/28/2022 11:00,14.75,0.63
4/28/2022 12:00,16.25,0.69
4/28/2022 13:00,14.0,0.6
4/28/2022 14:00,15.25,0.65
4/28/2022 15:00,18.0,0.77
4/28/2022 16:00,16.25,0.69
4/28/2022 17:00,13.25,0.56
4/28/2022 18:00,10.75,0.46
4/28/2022 19:00,6.25,0.27
4/28/2022 20:00,1.5,0.06
4/28/2022 21:00,0.0,0.0
4/28/2022 22:00,0.0,0.0
4/28/2022 23:00,0.0,0.0
4/29/2022 0:00,0.0,0.0
4/29/2022 1:00,0.0,0.0
4/29/2022 2:00,0.0,0.0
4/29/2022 3:00,0.0,0.0
4/29/2022 4:00,0.0,0.0
4/29/2022 5:00,0.0,0.0
4/29/2022 6:00,0.0,0.0
4/29/2022 7:00,0.0,0.0
4/29/2022 8:00,1.0,0.04
4/29/2022 9:00,4.75,0.2
4/29/2022 10:00,9.5,0.4
4/29/2022 11:00,13.5,0.57
4/29/2022 12:00,15.75,0.67
4/29/2022 13:00,17.25,0.73
4/29/2022 14:00,18.0,0.77
4/29/2022 15:00,17.5,0.74
4/29/2022 16:00,15.75,0.67
4/29/2022 17:00,13.25,0.56
4/29/2022 18:00,9.5,0.4
4/29/2022 19:00,5.5,0.23
4/29/2022 20:00,1.5,0.06
4/29/2022 21:00,0.0,0.0
4/29/2022 22:00,0.0,0.0
4/29/2022 23:00,0.0,0.0
4/30/2022 0:00,0.0,0.0
4/30/2022 1:00,0.0,0.0
4/30/2022 2:00,0.0,0.0
4/30/2022 3:00,0.0,0.0
4/30/2022 4:00,0.0,0.0
4/30/2022 5:00,0.0,0.0
4/30/2022 6:00,0.0,0.0
4/30/2022 7:00,0.0,0.0
4/30/2022 8:00,1.25,0.05
4/30/2022 9:00,4.75,0.2
4/30/2022 10:00,9.25,0.39
4/30/2022 11:00,13.25,0.56
4/30/2022 12:00,15.5,0.66
4/30/2022 13:00,17.0,0.72
4/30/2022 14:00,17.25,0.73
4/30/2022 15:00,17.0,0.72
4/30/2022 16:00,15.75,0.67
4/30/2022 17:00,13.5,0.57
4/30/2022 18:00,10.5,0.45
4/30/2022 19:00,5.75,0.24
4/30/2022 20:00,1.5,0.06
4/30/2022 21:00,0.0,0.0
4/30/2022 22:00,0.0,0.0
4/30/2022 23:00,0.0,0.0
5/1/2022 0:00,0.0,0.0
5/1/2022 1:00,0.0,0.0
5/1/2022 2:00,0.0,0.0
5/1/2022 3:00,0.0,0.0
5/1/2022 4:00,0.0,0.0
5/1/2022 5:00,0.0,0.0
5/1/2022 6:00,0.0,0.0
5/1/2022 7:00,0.0,0.0
5/1/2022 8:00,1.0,0.04
5/1/2022 9:00,5.25,0.22
5/1/2022 10:00,10.0,0.43
5/1/2022 11:00,14.0,0.6
5/1/2022 12:00,16.5,0.7
5/1/2022 13:00,18.25,0.78
5/1/2022 14:00,19.0,0.81
5/1/2022 15:00,18.25,0.78
5/1/2022 16:00,17.25,0.73
5/1/2022 17:00,14.75,0.63
5/1/2022 18:00,11.25,0.48
5/1/2022 19:00,6.0,0.26
5/1/2022 20:00,1.25,0.05
5/1/2022 21:00,0.25,0.01
5/1/2022 22:00,0.0,0.0
5/1/2022 23:00,0.0,0.0
5/2/2022 0:00,0.0,0.0
5/2/2022 1:00,0.0,0.0
5/2/2022 2:00,0.0,0.0
5/2/2022 3:00,0.0,0.0
5/2/2022 4:00,0.0,0.0
5/2/2022 5:00,0.0,0.0
5/2/2022 6:00,0.0,0.0
5/2/2022 7:00,0.0,0.0
5/2/2022 8:00,0.5,0.02
5/2/2022 9:00,0.75,0.03
5/2/2022 10:00,2.5,0.11
5/2/2022 11:00,5.75,0.24
5/2/2022 12:00,7.75,0.33
5/2/2022 13:00,11.25,0.48
5/2/2022 14:00,13.25,0.56
5/2/2022 15:00,14.0,0.6
5/2/2022 16:00,13.0,0.55
5/2/2022 17:00,12.25,0.52
5/2/2022 18:00,5.5,0.23
5/2/2022 19:00,3.0,0.13
5/2/2022 20:00,1.5,0.06
5/2/2022 21:00,0.0,0.0
5/2/2022 22:00,0.0,0.0
5/2/2022 23:00,0.0,0.0
5/3/2022 0:00,0.0,0.0
5/3/2022 1:00,0.0,0.0
5/3/2022 2:00,0.0,0.0
5/3/2022 3:00,0.0,0.0
5/3/2022 4:00,0.0,0.0
5/3/2022 5:00,0.0,0.0
5/3/2022 6:00,0.0,0.0
5/3/2022 7:00,0.25,0.01
5/3/2022 8:00,1.0,0.04
5/3/2022 9:00,5.0,0.21
5/3/2022 10:00,10.0,0.43
5/3/2022 11:00,13.75,0.58
5/3/2022 12:00,16.5,0.7
5/3/2022 13:00,17.5,0.74
5/3/2022 14:00,12.0,0.51
5/3/2022 15:00,5.5,0.23
5/3/2022 16:00,11.5,0.49
5/3/2022 17:00,13.25,0.56
5/3/2022 18:00,11.25,0.48
5/3/2022 19:00,6.5,0.28
5/3/2022 20:00,1.75,0.07
5/3/2022 21:00,0.0,0.0
5/3/2022 22:00,0.0,0.0
5/3/2022 23:00,0.0,0.0
5/4/2022 0:00,0.0,0.0
5/4/2022 1:00,0.0,0.0
5/4/2022 2:00,0.0,0.0
5/4/2022 3:00,0.0,0.0
5/4/2022 4:00,0.0,0.0
5/4/2022 5:00,0.0,0.0
5/4/2022 6:00,0.0,0.0
5/4/2022 7:00,0.0,0.0
5/4/2022 8:00,1.0,0.04
5/4/2022 9:00,5.25,0.22
5/4/2022 10:00,9.75,0.41
5/4/2022 11:00,13.75,0.58
5/4/2022 12:00,16.25,0.69
5/4/2022 13:00,17.5,0.74
5/4/2022 14:00,18.0,0.77
5/4/2022 15:00,17.75,0.75
5/4/2022 16:00,15.25,0.65
5/4/2022 17:00,14.25,0.61
5/4/2022 18:00,10.0,0.43
5/4/2022 19:00,6.0,0.26
5/4/2022 20:00,1.5,0.06
5/4/2022 21:00,0.25,0.01
5/4/2022 22:00,0.0,0.0
5/4/2022 23:00,0.0,0.0
5/5/2022 0:00,0.0,0.0
5/5/2022 1:00,0.0,0.0
5/5/2022 2:00,0.0,0.0
5/5/2022 3:00,0.0,0.0
5/5/2022 4:00,0.0,0.0
5/5/2022 5:00,0.0,0.0
5/5/2022 6:00,0.0,0.0
5/5/2022 7:00,0.0,0.0
5/5/2022 8:00,1.25,0.05
5/5/2022 9:00,5.0,0.21
5/5/2022 10:00,9.75,0.41
5/5/2022 11:00,13.25,0.56
5/5/2022 12:00,16.0,0.68
5/5/2022 13:00,17.0,0.72
5/5/2022 14:00,17.5,0.74
5/5/2022 15:00,15.0,0.64
5/5/2022 16:00,16.75,0.71
5/5/2022 17:00,14.0,0.6
5/5/2022 18:00,10.5,0.45
5/5/2022 19:00,6.5,0.28
5/5/2022 20:00,1.5,0.06
5/5/2022 21:00,0.0,0.0
5/5/2022 22:00,0.0,0.0
5/5/2022 23:00,0.0,0.0
5/6/2022 0:00,0.0,0.0
5/6/2022 1:00,0.0,0.0
5/6/2022 2:00,0.0,0.0
5/6/2022 3:00,0.0,0.0
5/6/2022 4:00,0.0,0.0
5/6/2022 5:00,0.0,0.0
5/6/2022 6:00,0.0,0.0
5/6/2022 7:00,0.25,0.01
5/6/2022 8:00,1.0,0.04
5/6/2022 9:00,5.25,0.22
5/6/2022 10:00,9.75,0.41
5/6/2022 11:00,13.25,0.56
5/6/2022 12:00,16.0,0.68
5/6/2022 13:00,17.25,0.73
5/6/2022 14:00,17.75,0.75
5/6/2022 15:00,17.75,0.75
5/6/2022 16:00,16.5,0.7
5/6/2022 17:00,13.75,0.58
5/6/2022 18:00,10.0,0.43
5/6/2022 19:00,5.75,0.24
5/6/2022 20:00,2.5,0.11
5/6/2022 21:00,0.0,0.0
5/6/2022 22:00,0.0,0.0
5/6/2022 23:00,0.0,0.0
5/7/2022 0:00,0.0,0.0
5/7/2022 1:00,0.0,0.0
5/7/2022 2:00,0.0,0.0
5/7/2022 3:00,0.0,0.0
5/7/2022 4:00,0.0,0.0
5/7/2022 5:00,0.0,0.0
5/7/2022 6:00,0.0,0.0
5/7/2022 7:00,0.0,0.0
5/7/2022 8:00,1.25,0.05
5/7/2022 9:00,5.25,0.22
5/7/2022 10:00,9.75,0.41
5/7/2022 11:00,13.75,0.58
5/7/2022 12:00,16.0,0.68
5/7/2022 13:00,17.25,0.73
5/7/2022 14:00,17.5,0.74
5/7/2022 15:00,17.0,0.72
5/7/2022 16:00,15.75,0.67
5/7/2022 17:00,13.25,0.56
5/7/2022 18:00,10.25,0.44
5/7/2022 19:00,5.75,0.24
5/7/2022 20:00,1.25,0.05
5/7/2022 21:00,0.25,0.01
5/7/2022 22:00,0.0,0.0
5/7/2022 23:00,0.0,0.0
5/8/2022 0:00,0.0,0.0
5/8/2022 1:00,0.0,0.0
5/8/2022 2:00,0.0,0.0
5/8/2022 3:00,0.0,0.0
5/8/2022 4:00,0.0,0.0
5/8/2022 5:00,0.0,0.0
5/8/2022 6:00,0.0,0.0
5/8/2022 7:00,0.0,0.0
5/8/2022 8:00,1.5,0.06
5/8/2022 9:00,4.0,0.17
5/8/2022 10:00,9.5,0.4
5/8/2022 11:00,13.5,0.57
5/8/2022 12:00,16.0,0.68
5/8/2022 13:00,17.0,0.72
5/8/2022 14:00,17.5,0.74
5/8/2022 15:00,14.25,0.61
5/8/2022 16:00,15.5,0.66
5/8/2022 17:00,13.75,0.58
5/8/2022 18:00,10.75,0.46
5/8/2022 19:00,6.25,0.27
5/8/2022 20:00,1.75,0.07
5/8/2022 21:00,0.0,0.0
5/8/2022 22:00,0.0,0.0
5/8/2022 23:00,0.0,0.0
5/9/2022 0:00,0.0,0.0
5/9/2022 1:00,0.0,0.0
5/9/2022 2:00,0.0,0.0
5/9/2022 3:00,0.0,0.0
5/9/2022 4:00,0.0,0.0
5/9/2022 5:00,0.0,0.0
5/9/2022 6:00,0.0,0.0
5/9/2022 7:00,0.0,0.0
5/9/2022 8:00,1.25,0.05
5/9/2022 9:00,5.25,0.22
5/9/2022 10:00,9.75,0.41
5/9/2022 11:00,13.25,0.56
5/9/2022 12:00,15.5,0.66
5/9/2022 13:00,16.75,0.71
5/9/2022 14:00,17.0,0.72
5/9/2022 15:00,17.0,0.72
5/9/2022 16:00,16.0,0.68
5/9/2022 17:00,14.0,0.6
5/9/2022 18:00,10.75,0.46
5/9/2022 19:00,6.5,0.28
5/9/2022 20:00,1.5,0.06
5/9/2022 21:00,0.25,0.01
5/9/2022 22:00,0.0,0.0
5/9/2022 23:00,0.0,0.0
5/10/2022 0:00,0.0,0.0
5/10/2022 1:00,0.0,0.0
5/10/2022 2:00,0.0,0.0
5/10/2022 3:00,0.0,0.0
5/10/2022 4:00,0.0,0.0
5/10/2022 5:00,0.0,0.0
5/10/2022 6:00,0.0,0.0
5/10/2022 7:00,0.0,0.0
5/10/2022 8:00,1.25,0.05
5/10/2022 9:00,5.25,0.22
5/10/2022 10:00,9.5,0.4
5/10/2022 11:00,13.25,0.56
5/10/2022 12:00,15.25,0.65
5/10/2022 13:00,16.75,0.71
5/10/2022 14:00,17.5,0.74
5/10/2022 15:00,17.25,0.73
5/10/2022 16:00,16.25,0.69
5/10/2022 17:00,14.0,0.6
5/10/2022 18:00,10.5,0.45
5/10/2022 19:00,6.0,0.26
5/10/2022 20:00,1.5,0.06
5/10/2022 21:00,0.25,0.01
5/10/2022 22:00,0.0,0.0
5/10/2022 23:00,0.0,0.0
5/11/2022 0:00,0.0,0.0
5/11/2022 1:00,0.0,0.0
5/11/2022 2:00,0.0,0.0
5/11/2022 3:00,0.0,0.0
5/11/2022 4:00,0.0,0.0
5/11/2022 5:00,0.0,0.0
5/11/2022 6:00,0.0,0.0
5/11/2022 7:00,0.0,0.0
5/11/2022 8:00,1.5,0.06
5/11/2022 9:00,4.75,0.2
5/11/2022 10:00,9.75,0.41
5/11/2022 11:00,13.25,0.56
5/11/2022 12:00,15.25,0.65
5/11/2022 13:00,17.0,0.72
5/11/2022 14:00,17.25,0.73
5/11/2022 15:00,16.25,0.69
5/11/2022 16:00,14.75,0.63
5/11/2022 17:00,13.0,0.55
5/11/2022 18:00,9.25,0.39
5/11/2022 19:00,3.5,0.15
5/11/2022 20:00,1.75,0.07
5/11/2022 21:00,0.25,0.01
5/11/2022 22:00,0.0,0.0
5/11/2022 23:00,0.0,0.0
5/12/2022 0:00,0.0,0.0
5/12/2022 1:00,0.0,0.0
5/12/2022 2:00,0.0,0.0
5/12/2022 3:00,0.0,0.0
5/12/2022 4:00,0.0,0.0
5/12/2022 5:00,0.0,0.0
5/12/2022 6:00,0.0,0.0
5/12/2022 7:00,0.0,0.0
5/12/2022 8:00,1.5,0.06
5/12/2022 9:00,5.25,0.22
5/12/2022 10:00,9.25,0.39
5/12/2022 11:00,11.25,0.48
5/12/2022 12:00,15.75,0.67
5/12/2022 13:00,17.0,0.72
5/12/2022 14:00,17.0,0.72
5/12/2022 15:00,16.75,0.71
5/12/2022 16:00,15.25,0.65
5/12/2022 17:00,13.0,0.55
5/12/2022 18:00,9.5,0.4
5/12/2022 19:00,5.75,0.24
5/12/2022 20:00,1.25,0.05
5/12/2022 21:00,0.25,0.01
5/12/2022 22:00,0.0,0.0
5/12/2022 23:00,0.0,0.0
5/13/2022 0:00,0.0,0.0
5/13/2022 1:00,0.0,0.0
5/13/2022 2:00,0.0,0.0
5/13/2022 3:00,0.0,0.0
5/13/2022 4:00,0.0,0.0
5/13/2022 5:00,0.0,0.0
5/13/2022 6:00,0.0,0.0
5/13/2022 7:00,0.0,0.0
5/13/2022 8:00,1.5,0.06
5/13/2022 9:00,5.0,0.21
5/13/2022 10:00,9.5,0.4
5/13/2022 11:00,12.75,0.54
5/13/2022 12:00,15.25,0.65
5/13/2022 13:00,16.5,0.7
5/13/2022 14:00,16.5,0.7
5/13/2022 15:00,15.75,0.67
5/13/2022 16:00,14.0,0.6
5/13/2022 17:00,9.25,0.39
5/13/2022 18:00,6.0,0.26
5/13/2022 19:00,4.75,0.2
5/13/2022 20:00,2.0,0.09
5/13/2022 21:00,0.25,0.01
5/13/2022 22:00,0.0,0.0
5/13/2022 23:00,0.0,0.0
5/14/2022 0:00,0.0,0.0
5/14/2022 1:00,0.0,0.0
5/14/2022 2:00,0.0,0.0
5/14/2022 3:00,0.0,0.0
5/14/2022 4:00,0.0,0.0
5/14/2022 5:00,0.0,0.0
5/14/2022 6:00,0.0,0.0
5/14/2022 7:00,0.0,0.0
5/14/2022 8:00,1.25,0.05
5/14/2022 9:00,5.0,0.21
5/14/2022 10:00,9.5,0.4
5/14/2022 11:00,13.25,0.56
5/14/2022 12:00,15.5,0.66
5/14/2022 13:00,17.25,0.73
5/14/2022 14:00,17.75,0.75
5/14/2022 15:00,18.0,0.77
5/14/2022 16:00,16.5,0.7
5/14/2022 17:00,11.5,0.49
5/14/2022 18:00,9.5,0.4
5/14/2022 19:00,4.25,0.18
5/14/2022 20:00,1.0,0.04
5/14/2022 21:00,0.0,0.0
5/14/2022 22:00,0.0,0.0
5/14/2022 23:00,0.0,0.0
5/15/2022 0:00,0.0,0.0
5/15/2022 1:00,0.0,0.0
5/15/2022 2:00,0.0,0.0
5/15/2022 3:00,0.0,0.0
5/15/2022 4:00,0.0,0.0
5/15/2022 5:00,0.0,0.0
5/15/2022 6:00,0.0,0.0
5/15/2022 7:00,0.0,0.0
5/15/2022 8:00,2.0,0.09
5/15/2022 9:00,4.75,0.2
5/15/2022 10:00,1.75,0.07
5/15/2022 11:00,12.0,0.51
5/15/2022 12:00,14.0,0.6
5/15/2022 13:00,14.5,0.62
5/15/2022 14:00,10.75,0.46
5/15/2022 15:00,14.75,0.63
5/15/2022 16:00,11.5,0.49
5/15/2022 17:00,7.0,0.3
5/15/2022 18:00,5.0,0.21
5/15/2022 19:00,2.5,0.11
5/15/2022 20:00,0.75,0.03
5/15/2022 21:00,0.25,0.01
5/15/2022 22:00,0.0,0.0
5/15/2022 23:00,0.0,0.0
5/16/2022 0:00,0.0,0.0
5/16/2022 1:00,0.0,0.0
5/16/2022 2:00,0.0,0.0
5/16/2022 3:00,0.0,0.0
5/16/2022 4:00,0.0,0.0
5/16/2022 5:00,0.0,0.0
5/16/2022 6:00,0.0,0.0
5/16/2022 7:00,0.0,0.0
5/16/2022 8:00,1.0,0.04
5/16/2022 9:00,2.5,0.11
5/16/2022 10:00,3.25,0.14
5/16/2022 11:00,5.25,0.22
5/16/2022 12:00,8.0,0.34
5/16/2022 13:00,8.0,0.34
5/16/2022 14:00,8.25,0.35
5/16/2022 15:00,8.5,0.36
5/16/2022 16:00,7.5,0.32
5/16/2022 17:00,6.0,0.26
5/16/2022 18:00,6.0,0.26
5/16/2022 19:00,2.75,0.12
5/16/2022 20:00,1.0,0.04
5/16/2022 21:00,0.25,0.01
5/16/2022 22:00,0.0,0.0
5/16/2022 23:00,0.0,0.0
5/17/2022 0:00,0.0,0.0
5/17/2022 1:00,0.0,0.0
5/17/2022 2:00,0.0,0.0
5/17/2022 3:00,0.0,0.0
5/17/2022 4:00,0.0,0.0
5/17/2022 5:00,0.0,0.0
5/17/2022 6:00,0.0,0.0
5/17/2022 7:00,0.0,0.0
5/17/2022 8:00,1.75,0.07
5/17/2022 9:00,5.5,0.23
5/17/2022 10:00,10.25,0.44
5/17/2022 11:00,13.25,0.56
5/17/2022 12:00,16.25,0.69
5/17/2022 13:00,17.5,0.74
5/17/2022 14:00,14.75,0.63
5/17/2022 15:00,17.5,0.74
5/17/2022 16:00,16.0,0.68
5/17/2022 17:00,13.75,0.58
5/17/2022 18:00,11.0,0.47
5/17/2022 19:00,6.0,0.26
5/17/2022 20:00,1.75,0.07
5/17/2022 21:00,0.25,0.01
5/17/2022 22:00,0.0,0.0
5/17/2022 23:00,0.0,0.0
5/18/2022 0:00,0.0,0.0
5/18/2022 1:00,0.0,0.0
5/18/2022 2:00,0.0,0.0
5/18/2022 3:00,0.0,0.0
5/18/2022 4:00,0.0,0.0
5/18/2022 5:00,0.0,0.0
5/18/2022 6:00,0.0,0.0
5/18/2022 7:00,0.0,0.0
5/18/2022 8:00,1.75,0.07
5/18/2022 9:00,4.25,0.18
5/18/2022 10:00,5.25,0.22
5/18/2022 11:00,9.0,0.38
5/18/2022 12:00,10.25,0.44
5/18/2022 13:00,12.0,0.51
5/18/2022 14:00,12.0,0.51
5/18/2022 15:00,16.25,0.69
5/18/2022 16:00,16.0,0.68
5/18/2022 17:00,14.5,0.62
5/18/2022 18:00,11.0,0.47
5/18/2022 19:00,6.75,0.29
5/18/2022 20:00,1.25,0.05
5/18/2022 21:00,0.25,0.01
5/18/2022 22:00,0.0,0.0
5/18/2022 23:00,0.0,0.0
5/19/2022 0:00,0.0,0.0
5/19/2022 1:00,0.0,0.0
5/19/2022 2:00,0.0,0.0
5/19/2022 3:00,0.0,0.0
5/19/2022 4:00,0.0,0.0
5/19/2022 5:00,0.0,0.0
5/19/2022 6:00,0.0,0.0
5/19/2022 7:00,0.25,0.01
5/19/2022 8:00,1.5,0.06
5/19/2022 9:00,6.0,0.26
5/19/2022 10:00,10.25,0.44
5/19/2022 11:00,12.25,0.52
5/19/2022 12:00,15.25,0.65
5/19/2022 13:00,16.25,0.69
5/19/2022 14:00,15.0,0.64
5/19/2022 15:00,16.5,0.7
5/19/2022 16:00,8.5,0.36
5/19/2022 17:00,0.0,0.0
5/19/2022 18:00,0.0,0.0
5/19/2022 19:00,2.5,0.11
5/19/2022 20:00,1.5,0.06
5/19/2022 21:00,0.25,0.01
5/19/2022 22:00,0.0,0.0
5/19/2022 23:00,0.0,0.0
5/20/2022 0:00,0.0,0.0
5/20/2022 1:00,0.0,0.0
5/20/2022 2:00,0.0,0.0
5/20/2022 3:00,0.0,0.0
5/20/2022 4:00,0.0,0.0
5/20/2022 5:00,0.0,0.0
5/20/2022 6:00,0.0,0.0
5/20/2022 7:00,0.25,0.01
5/20/2022 8:00,1.5,0.06
5/20/2022 9:00,4.75,0.2
5/20/2022 10:00,8.5,0.36
5/20/2022 11:00,13.0,0.55
5/20/2022 12:00,13.0,0.55
5/20/2022 13:00,12.75,0.54
5/20/2022 14:00,11.75,0.5
5/20/2022 15:00,10.75,0.46
5/20/2022 16:00,6.25,0.27
5/20/2022 17:00,6.0,0.26
5/20/2022 18:00,4.25,0.18
5/20/2022 19:00,3.0,0.13
5/20/2022 20:00,1.0,0.04
5/20/2022 21:00,0.0,0.0
5/20/2022 22:00,0.0,0.0
5/20/2022 23:00,0.0,0.0
5/21/2022 0:00,0.0,0.0
5/21/2022 1:00,0.0,0.0
5/21/2022 2:00,0.0,0.0
5/21/2022 3:00,0.0,0.0
5/21/2022 4:00,0.0,0.0
5/21/2022 5:00,0.0,0.0
5/21/2022 6:00,0.0,0.0
5/21/2022 7:00,0.0,0.0
5/21/2022 8:00,0.75,0.03
5/21/2022 9:00,2.75,0.12
5/21/2022 10:00,6.25,0.27
5/21/2022 11:00,7.5,0.32
5/21/2022 12:00,7.5,0.32
5/21/2022 13:00,12.0,0.51
5/21/2022 14:00,15.25,0.65
5/21/2022 15:00,17.5,0.74
5/21/2022 16:00,16.5,0.7
5/21/2022 17:00,14.25,0.61
5/21/2022 18:00,7.25,0.31
5/21/2022 19:00,2.25,0.1
5/21/2022 20:00,0.75,0.03
5/21/2022 21:00,0.25,0.01
5/21/2022 22:00,0.0,0.0
5/21/2022 23:00,0.0,0.0
5/22/2022 0:00,0.0,0.0
5/22/2022 1:00,0.0,0.0
5/22/2022 2:00,0.0,0.0
5/22/2022 3:00,0.0,0.0
5/22/2022 4:00,0.0,0.0
5/22/2022 5:00,0.0,0.0
5/22/2022 6:00,0.0,0.0
5/22/2022 7:00,0.0,0.0
5/22/2022 8:00,0.25,0.01
5/22/2022 9:00,1.0,0.04
5/22/2022 10:00,1.75,0.07
5/22/2022 11:00,4.5,0.19
5/22/2022 12:00,5.75,0.24
5/22/2022 13:00,5.0,0.21
5/22/2022 14:00,6.5,0.28
5/22/2022 15:00,4.5,0.19
5/22/2022 16:00,5.0,0.21
5/22/2022 17:00,5.75,0.24
5/22/2022 18:00,2.75,0.12
5/22/2022 19:00,1.75,0.07
5/22/2022 20:00,0.25,0.01
5/22/2022 21:00,0.25,0.01
5/22/2022 22:00,0.0,0.0
5/22/2022 23:00,0.0,0.0
5/23/2022 0:00,0.0,0.0
5/23/2022 1:00,0.0,0.0
5/23/2022 2:00,0.0,0.0
5/23/2022 3:00,0.0,0.0
5/23/2022 4:00,0.0,0.0
5/23/2022 5:00,0.0,0.0
5/23/2022 6:00,0.0,0.0
5/23/2022 7:00,0.0,0.0
5/23/2022 8:00,2.0,0.09
5/23/2022 9:00,4.0,0.17
5/23/2022 10:00,9.0,0.38
5/23/2022 11:00,12.75,0.54
5/23/2022 12:00,14.0,0.6
5/23/2022 13:00,15.0,0.64
5/23/2022 14:00,17.0,0.72
5/23/2022 15:00,12.25,0.52
5/23/2022 16:00,12.5,0.53
5/23/2022 17:00,10.25,0.44
5/23/2022 18:00,6.0,0.26
5/23/2022 19:00,5.25,0.22
5/23/2022 20:00,1.25,0.05
5/23/2022 21:00,0.25,0.01
5/23/2022 22:00,0.0,0.0
5/23/2022 23:00,0.0,0.0
5/24/2022 0:00,0.0,0.0
5/24/2022 1:00,0.0,0.0
5/24/2022 2:00,0.0,0.0
5/24/2022 3:00,0.0,0.0
5/24/2022 4:00,0.0,0.0
5/24/2022 5:00,0.0,0.0
5/24/2022 6:00,0.0,0.0
5/24/2022 7:00,0.0,0.0
5/24/2022 8:00,1.75,0.07
5/24/2022 9:00,5.25,0.22
5/24/2022 10:00,10.5,0.45
5/24/2022 11:00,14.0,0.6
5/24/2022 12:00,16.25,0.69
5/24/2022 13:00,11.25,0.48
5/24/2022 14:00,13.75,0.58
5/24/2022 15:00,13.25,0.56
5/24/2022 16:00,13.5,0.57
5/24/2022 17:00,9.5,0.4
5/24/2022 18:00,8.5,0.36
5/24/2022 19:00,6.25,0.27
5/24/2022 20:00,2.25,0.1
5/24/2022 21:00,0.25,0.01
5/24/2022 22:00,0.0,0.0
5/24/2022 23:00,0.0,0.0
5/25/2022 0:00,0.0,0.0
5/25/2022 1:00,0.0,0.0
5/25/2022 2:00,0.0,0.0
5/25/2022 3:00,0.0,0.0
5/25/2022 4:00,0.0,0.0
5/25/2022 5:00,0.0,0.0
5/25/2022 6:00,0.0,0.0
5/25/2022 7:00,0.25,0.01
5/25/2022 8:00,1.5,0.06
5/25/2022 9:00,4.0,0.17
5/25/2022 10:00,7.25,0.31
5/25/2022 11:00,9.0,0.38
5/25/2022 12:00,14.0,0.6
5/25/2022 13:00,16.5,0.7
5/25/2022 14:00,17.5,0.74
5/25/2022 15:00,16.5,0.7
5/25/2022 16:00,15.5,0.66
5/25/2022 17:00,14.25,0.61
5/25/2022 18:00,11.25,0.48
5/25/2022 19:00,6.75,0.29
5/25/2022 20:00,1.0,0.04
5/25/2022 21:00,0.25,0.01
5/25/2022 22:00,0.0,0.0
5/25/2022 23:00,0.0,0.0
5/26/2022 0:00,0.0,0.0
5/26/2022 1:00,0.0,0.0
5/26/2022 2:00,0.0,0.0
5/26/2022 3:00,0.0,0.0
5/26/2022 4:00,0.0,0.0
5/26/2022 5:00,0.0,0.0
5/26/2022 6:00,0.0,0.0
5/26/2022 7:00,0.25,0.01
5/26/2022 8:00,1.5,0.06
5/26/2022 9:00,5.75,0.24
5/26/2022 10:00,10.25,0.44
5/26/2022 11:00,13.75,0.58
5/26/2022 12:00,16.25,0.69
5/26/2022 13:00,17.25,0.73
5/26/2022 14:00,17.5,0.74
5/26/2022 15:00,17.5,0.74
5/26/2022 16:00,16.0,0.68
5/26/2022 17:00,13.75,0.58
5/26/2022 18:00,10.75,0.46
5/26/2022 19:00,6.5,0.28
5/26/2022 20:00,1.25,0.05
5/26/2022 21:00,0.0,0.0
5/26/2022 22:00,0.0,0.0
5/26/2022 23:00,0.0,0.0
5/27/2022 0:00,0.0,0.0
5/27/2022 1:00,0.0,0.0
5/27/2022 2:00,0.0,0.0
5/27/2022 3:00,0.0,0.0
5/27/2022 4:00,0.0,0.0
5/27/2022 5:00,0.0,0.0
5/27/2022 6:00,0.0,0.0
5/27/2022 7:00,0.25,0.01
5/27/2022 8:00,1.5,0.06
5/27/2022 9:00,5.75,0.24
5/27/2022 10:00,10.0,0.43
5/27/2022 11:00,13.75,0.58
5/27/2022 12:00,15.75,0.67
5/27/2022 13:00,17.0,0.72
5/27/2022 14:00,17.25,0.73
5/27/2022 15:00,17.0,0.72
5/27/2022 16:00,15.5,0.66
5/27/2022 17:00,13.25,0.56
5/27/2022 18:00,10.5,0.45
5/27/2022 19:00,6.5,0.28
5/27/2022 20:00,1.5,0.06
5/27/2022 21:00,0.25,0.01
5/27/2022 22:00,0.0,0.0
5/27/2022 23:00,0.0,0.0
5/28/2022 0:00,0.0,0.0
5/28/2022 1:00,0.0,0.0
5/28/2022 2:00,0.0,0.0
5/28/2022 3:00,0.0,0.0
5/28/2022 4:00,0.0,0.0
5/28/2022 5:00,0.0,0.0
5/28/2022 6:00,0.0,0.0
5/28/2022 7:00,0.25,0.01
5/28/2022 8:00,1.25,0.05
5/28/2022 9:00,4.75,0.2
5/28/2022 10:00,10.0,0.43
5/28/2022 11:00,13.5,0.57
5/28/2022 12:00,16.0,0.68
5/28/2022 13:00,17.75,0.75
5/28/2022 14:00,18.25,0.78
5/28/2022 15:00,18.25,0.78
5/28/2022 16:00,16.75,0.71
5/28/2022 17:00,14.75,0.63
5/28/2022 18:00,10.0,0.43
5/28/2022 19:00,7.25,0.31
5/28/2022 20:00,1.25,0.05
5/28/2022 21:00,0.25,0.01
5/28/2022 22:00,0.0,0.0
5/28/2022 23:00,0.0,0.0
5/29/2022 0:00,0.0,0.0
5/29/2022 1:00,0.0,0.0
5/29/2022 2:00,0.0,0.0
5/29/2022 3:00,0.0,0.0
5/29/2022 4:00,0.0,0.0
5/29/2022 5:00,0.0,0.0
5/29/2022 6:00,0.0,0.0
5/29/2022 7:00,0.0,0.0
5/29/2022 8:00,0.5,0.02
5/29/2022 9:00,1.5,0.06
5/29/2022 10:00,2.75,0.12
5/29/2022 11:00,2.75,0.12
5/29/2022 12:00,5.0,0.21
5/29/2022 13:00,9.5,0.4
5/29/2022 14:00,10.5,0.45
5/29/2022 15:00,11.5,0.49
5/29/2022 16:00,11.0,0.47
5/29/2022 17:00,8.5,0.36
5/29/2022 18:00,4.25,0.18
5/29/2022 19:00,2.5,0.11
5/29/2022 20:00,1.25,0.05
5/29/2022 21:00,0.25,0.01
5/29/2022 22:00,0.0,0.0
5/29/2022 23:00,0.0,0.0
5/30/2022 0:00,0.0,0.0
5/30/2022 1:00,0.0,0.0
5/30/2022 2:00,0.0,0.0
5/30/2022 3:00,0.0,0.0
5/30/2022 4:00,0.0,0.0
5/30/2022 5:00,0.0,0.0
5/30/2022 6:00,0.0,0.0
5/30/2022 7:00,0.0,0.0
5/30/2022 8:00,1.0,0.04
5/30/2022 9:00,2.5,0.11
5/30/2022 10:00,4.25,0.18
5/30/2022 11:00,6.25,0.27
5/30/2022 12:00,3.25,0.14
5/30/2022 13:00,5.5,0.23
5/30/2022 14:00,8.25,0.35
5/30/2022 15:00,10.75,0.46
5/30/2022 16:00,9.5,0.4
5/30/2022 17:00,4.75,0.2
5/30/2022 18:00,4.0,0.17
5/30/2022 19:00,4.0,0.17
5/30/2022 20:00,1.25,0.05
5/30/2022 21:00,0.25,0.01
5/30/2022 22:00,0.0,0.0
5/30/2022 23:00,0.0,0.0
5/31/2022 0:00,0.0,0.0
5/31/2022 1:00,0.0,0.0
5/31/2022 2:00,0.0,0.0
5/31/2022 3:00,0.0,0.0
5/31/2022 4:00,0.0,0.0
5/31/2022 5:00,0.0,0.0
5/31/2022 6:00,0.0,0.0
5/31/2022 7:00,0.25,0.01
5/31/2022 8:00,1.0,0.04
5/31/2022 9:00,2.25,0.1
5/31/2022 10:00,5.0,0.21
5/31/2022 11:00,7.25,0.31
5/31/2022 12:00,9.25,0.39
5/31/2022 13:00,3.75,0.16
5/31/2022 14:00,6.5,0.28
5/31/2022 15:00,10.5,0.45
5/31/2022 16:00,12.25,0.52
5/31/2022 17:00,12.75,0.54
5/31/2022 18:00,12.25,0.52
5/31/2022 19:00,5.5,0.23
5/31/2022 20:00,1.5,0.06
5/31/2022 21:00,0.25,0.01
5/31/2022 22:00,0.0,0.0
5/31/2022 23:00,0.0,0.0
6/1/2022 1:00,0.0,0.0
6/1/2022 2:00,0.0,0.0
6/1/2022 3:00,0.0,0.0
6/1/2022 4:00,0.0,0.0
6/1/2022 5:00,0.0,0.0
6/1/2022 6:00,0.0,0.0
6/1/2022 7:00,0.25,0.01
6/1/2022 8:00,2.0,0.09
6/1/2022 9:00,3.25,0.14
6/1/2022 10:00,7.75,0.33
6/1/2022 11:00,9.25,0.39
6/1/2022 12:00,11.0,0.47
6/1/2022 13:00,7.5,0.32
6/1/2022 14:00,7.75,0.33
6/1/2022 15:00,9.25,0.39
6/1/2022 16:00,14.75,0.63
6/1/2022 17:00,14.75,0.63
6/1/2022 18:00,7.75,0.33
6/1/2022 19:00,4.5,0.19
6/1/2022 20:00,1.0,0.04
6/1/2022 21:00,0.25,0.01
6/1/2022 22:00,0.0,0.0
6/1/2022 23:00,0.0,0.0
6/2/2022 0:00,0.0,0.0
6/2/2022 1:00,0.0,0.0
6/2/2022 2:00,0.0,0.0
6/2/2022 3:00,0.0,0.0
6/2/2022 4:00,0.0,0.0
6/2/2022 5:00,0.0,0.0
6/2/2022 6:00,0.0,0.0
6/2/2022 7:00,0.25,0.01
6/2/2022 8:00,1.5,0.06
6/2/2022 9:00,3.75,0.16
6/2/2022 10:00,8.75,0.37
6/2/2022 11:00,9.5,0.4
6/2/2022 12:00,9.5,0.4
6/2/2022 13:00,14.0,0.6
6/2/2022 14:00,10.75,0.46
6/2/2022 15:00,10.25,0.44
6/2/2022 16:00,15.0,0.64
6/2/2022 17:00,12.25,0.52
6/2/2022 18:00,8.0,0.34
6/2/2022 19:00,4.75,0.2
6/2/2022 20:00,1.0,0.04
6/2/2022 21:00,0.25,0.01
6/2/2022 22:00,0.0,0.0
6/2/2022 23:00,0.0,0.0
6/3/2022 0:00,0.0,0.0
6/3/2022 1:00,0.0,0.0
6/3/2022 2:00,0.0,0.0
6/3/2022 3:00,0.0,0.0
6/3/2022 4:00,0.0,0.0
6/3/2022 5:00,0.0,0.0
6/3/2022 6:00,0.0,0.0
6/3/2022 7:00,0.25,0.01
6/3/2022 8:00,2.5,0.11
6/3/2022 9:00,4.0,0.17
6/3/2022 10:00,6.0,0.26
6/3/2022 11:00,9.25,0.39
6/3/2022 12:00,9.0,0.38
6/3/2022 13:00,9.25,0.39
6/3/2022 14:00,13.0,0.55
6/3/2022 15:00,13.75,0.58
6/3/2022 16:00,14.5,0.62
6/3/2022 17:00,10.75,0.46
6/3/2022 18:00,9.25,0.39
6/3/2022 19:00,3.25,0.14
6/3/2022 20:00,1.25,0.05
6/3/2022 21:00,0.25,0.01
6/3/2022 22:00,0.0,0.0
6/3/2022 23:00,0.0,0.0
6/4/2022 0:00,0.0,0.0
6/4/2022 1:00,0.0,0.0
6/4/2022 2:00,0.0,0.0
6/4/2022 3:00,0.0,0.0
6/4/2022 4:00,0.0,0.0
6/4/2022 5:00,0.0,0.0
6/4/2022 6:00,0.0,0.0
6/4/2022 7:00,0.75,0.03
6/4/2022 8:00,0.75,0.03
6/4/2022 9:00,2.25,0.1
6/4/2022 10:00,5.0,0.21
6/4/2022 11:00,11.25,0.48
6/4/2022 12:00,16.5,0.7
6/4/2022 13:00,16.5,0.7
6/4/2022 14:00,18.25,0.78
6/4/2022 15:00,16.75,0.71
6/4/2022 16:00,16.5,0.7
6/4/2022 17:00,14.25,0.61
6/4/2022 18:00,11.75,0.5
6/4/2022 19:00,7.0,0.3
6/4/2022 20:00,1.25,0.05
6/4/2022 21:00,0.25,0.01
6/4/2022 22:00,0.0,0.0
6/4/2022 23:00,0.0,0.0
6/5/2022 0:00,0.0,0.0
6/5/2022 1:00,0.0,0.0
6/5/2022 2:00,0.0,0.0
6/5/2022 3:00,0.0,0.0
6/5/2022 4:00,0.0,0.0
6/5/2022 5:00,0.0,0.0
6/5/2022 6:00,0.0,0.0
6/5/2022 7:00,0.25,0.01
6/5/2022 8:00,1.25,0.05
6/5/2022 9:00,4.75,0.2
6/5/2022 10:00,7.75,0.33
6/5/2022 11:00,12.5,0.53
6/5/2022 12:00,15.75,0.67
6/5/2022 13:00,17.0,0.72
6/5/2022 14:00,16.5,0.7
6/5/2022 15:00,17.0,0.72
6/5/2022 16:00,16.75,0.71
6/5/2022 17:00,14.25,0.61
6/5/2022 18:00,11.75,0.5
6/5/2022 19:00,7.0,0.3
6/5/2022 20:00,1.25,0.05
6/5/2022 21:00,0.25,0.01
6/5/2022 22:00,0.0,0.0
6/5/2022 23:00,0.0,0.0
6/6/2022 0:00,0.0,0.0
6/6/2022 1:00,0.0,0.0
6/6/2022 2:00,0.0,0.0
6/6/2022 3:00,0.0,0.0
6/6/2022 4:00,0.0,0.0
6/6/2022 5:00,0.0,0.0
6/6/2022 6:00,0.0,0.0
6/6/2022 7:00,0.25,0.01
6/6/2022 8:00,1.5,0.06
6/6/2022 9:00,2.75,0.12
6/6/2022 10:00,9.0,0.38
6/6/2022 11:00,13.5,0.57
6/6/2022 12:00,15.75,0.67
6/6/2022 13:00,16.75,0.71
6/6/2022 14:00,17.5,0.74
6/6/2022 15:00,16.75,0.71
6/6/2022 16:00,14.75,0.63
6/6/2022 17:00,10.75,0.46
6/6/2022 18:00,10.25,0.44
6/6/2022 19:00,7.25,0.31
6/6/2022 20:00,1.25,0.05
6/6/2022 21:00,0.25,0.01
6/6/2022 22:00,0.0,0.0
6/6/2022 23:00,0.0,0.0
6/7/2022 0:00,0.0,0.0
6/7/2022 1:00,0.0,0.0
6/7/2022 2:00,0.0,0.0
6/7/2022 3:00,0.0,0.0
6/7/2022 4:00,0.0,0.0
6/7/2022 5:00,0.0,0.0
6/7/2022 6:00,0.0,0.0
6/7/2022 7:00,0.25,0.01
6/7/2022 8:00,1.75,0.07
6/7/2022 9:00,5.75,0.24
6/7/2022 10:00,10.25,0.44
6/7/2022 11:00,13.75,0.58
6/7/2022 12:00,16.0,0.68
6/7/2022 13:00,17.5,0.74
6/7/2022 14:00,18.0,0.77
6/7/2022 15:00,18.0,0.77
6/7/2022 16:00,16.75,0.71
6/7/2022 17:00,14.5,0.62
6/7/2022 18:00,11.25,0.48
6/7/2022 19:00,7.0,0.3
6/7/2022 20:00,1.0,0.04
6/7/2022 21:00,0.25,0.01
6/7/2022 22:00,0.0,0.0
6/7/2022 23:00,0.0,0.0
6/8/2022 0:00,0.0,0.0
6/8/2022 1:00,0.0,0.0
6/8/2022 2:00,0.0,0.0
6/8/2022 3:00,0.0,0.0
6/8/2022 4:00,0.0,0.0
6/8/2022 5:00,0.0,0.0
6/8/2022 6:00,0.0,0.0
6/8/2022 7:00,0.25,0.01
6/8/2022 8:00,1.75,0.07
6/8/2022 9:00,2.0,0.09
6/8/2022 10:00,0.0,0.0
6/8/2022 11:00,7.5,0.32
6/8/2022 12:00,15.0,0.64
6/8/2022 13:00,17.0,0.72
6/8/2022 14:00,17.5,0.74
6/8/2022 15:00,16.25,0.69
6/8/2022 16:00,14.0,0.6
6/8/2022 17:00,14.75,0.63
6/8/2022 18:00,11.25,0.48
6/8/2022 19:00,7.0,0.3
6/8/2022 20:00,1.0,0.04
6/8/2022 21:00,0.25,0.01
6/8/2022 22:00,0.0,0.0
6/8/2022 23:00,0.0,0.0
6/9/2022 0:00,0.0,0.0
6/9/2022 1:00,0.0,0.0
6/9/2022 2:00,0.0,0.0
6/9/2022 3:00,0.0,0.0
6/9/2022 4:00,0.0,0.0
6/9/2022 5:00,0.0,0.0
6/9/2022 6:00,0.0,0.0
6/9/2022 7:00,0.25,0.01
6/9/2022 8:00,1.5,0.06
6/9/2022 9:00,5.75,0.24
6/9/2022 10:00,10.0,0.43
6/9/2022 11:00,13.75,0.58
6/9/2022 12:00,16.0,0.68
6/9/2022 13:00,17.25,0.73
6/9/2022 14:00,18.0,0.77
6/9/2022 15:00,17.5,0.74
6/9/2022 16:00,16.5,0.7
6/9/2022 17:00,14.25,0.61
6/9/2022 18:00,11.25,0.48
6/9/2022 19:00,7.0,0.3
6/9/2022 20:00,1.0,0.04
6/9/2022 21:00,0.25,0.01
6/9/2022 22:00,0.0,0.0
6/9/2022 23:00,0.0,0.0
6/10/2022 0:00,0.0,0.0
6/10/2022 1:00,0.0,0.0
6/10/2022 2:00,0.0,0.0
6/10/2022 3:00,0.0,0.0
6/10/2022 4:00,0.0,0.0
6/10/2022 5:00,0.0,0.0
6/10/2022 6:00,0.0,0.0
6/10/2022 7:00,0.25,0.01
6/10/2022 8:00,1.5,0.06
6/10/2022 9:00,5.5,0.23
6/10/2022 10:00,9.75,0.41
6/10/2022 11:00,13.0,0.55
6/10/2022 12:00,15.25,0.65
6/10/2022 13:00,16.5,0.7
6/10/2022 14:00,17.0,0.72
6/10/2022 15:00,17.0,0.72
6/10/2022 16:00,16.0,0.68
6/10/2022 17:00,14.0,0.6
6/10/2022 18:00,11.0,0.47
6/10/2022 19:00,6.5,0.28
6/10/2022 20:00,1.0,0.04
6/10/2022 21:00,0.25,0.01
6/10/2022 22:00,0.0,0.0
6/10/2022 23:00,0.0,0.0
6/11/2022 0:00,0.0,0.0
6/11/2022 1:00,0.0,0.0
6/11/2022 2:00,0.0,0.0
6/11/2022 3:00,0.0,0.0
6/11/2022 4:00,0.0,0.0
6/11/2022 5:00,0.0,0.0
6/11/2022 6:00,0.0,0.0
6/11/2022 7:00,0.25,0.01
6/11/2022 8:00,1.75,0.07
6/11/2022 9:00,5.25,0.22
6/11/2022 10:00,9.5,0.4
6/11/2022 11:00,13.0,0.55
6/11/2022 12:00,15.25,0.65
6/11/2022 13:00,16.5,0.7
6/11/2022 14:00,16.75,0.71
6/11/2022 15:00,16.5,0.7
6/11/2022 16:00,15.25,0.65
6/11/2022 17:00,13.5,0.57
6/11/2022 18:00,10.5,0.45
6/11/2022 19:00,6.25,0.27
6/11/2022 20:00,1.5,0.06
6/11/2022 21:00,0.5,0.02
6/11/2022 22:00,0.0,0.0
6/11/2022 23:00,0.0,0.0
6/12/2022 0:00,0.0,0.0
6/12/2022 1:00,0.0,0.0
6/12/2022 2:00,0.0,0.0
6/12/2022 3:00,0.0,0.0
6/12/2022 4:00,0.0,0.0
6/12/2022 5:00,0.0,0.0
6/12/2022 6:00,0.0,0.0
6/12/2022 7:00,0.25,0.01
6/12/2022 8:00,1.75,0.07
6/12/2022 9:00,5.0,0.21
6/12/2022 10:00,9.25,0.39
6/12/2022 11:00,12.5,0.53
6/12/2022 12:00,14.5,0.62
6/12/2022 13:00,16.0,0.68
6/12/2022 14:00,16.25,0.69
6/12/2022 15:00,16.0,0.68
6/12/2022 16:00,14.5,0.62
6/12/2022 17:00,13.25,0.56
6/12/2022 18:00,10.25,0.44
6/12/2022 19:00,6.0,0.26
6/12/2022 20:00,1.5,0.06
6/12/2022 21:00,0.5,0.02
6/12/2022 22:00,0.0,0.0
6/12/2022 23:00,0.0,0.0
6/13/2022 0:00,0.0,0.0
6/13/2022 1:00,0.0,0.0
6/13/2022 2:00,0.0,0.0
6/13/2022 3:00,0.0,0.0
6/13/2022 4:00,0.0,0.0
6/13/2022 5:00,0.0,0.0
6/13/2022 6:00,0.0,0.0
6/13/2022 7:00,0.25,0.01
6/13/2022 8:00,1.75,0.07
6/13/2022 9:00,5.0,0.21
6/13/2022 10:00,9.25,0.39
6/13/2022 11:00,12.5,0.53
6/13/2022 12:00,14.75,0.63
6/13/2022 13:00,16.0,0.68
6/13/2022 14:00,16.75,0.71
6/13/2022 15:00,16.5,0.7
6/13/2022 16:00,15.25,0.65
6/13/2022 17:00,13.25,0.56
6/13/2022 18:00,10.0,0.43
6/13/2022 19:00,6.0,0.26
6/13/2022 20:00,1.75,0.07
6/13/2022 21:00,0.5,0.02
6/13/2022 22:00,0.0,0.0
6/13/2022 23:00,0.0,0.0
6/14/2022 0:00,0.0,0.0
6/14/2022 1:00,0.0,0.0
6/14/2022 2:00,0.0,0.0
6/14/2022 3:00,0.0,0.0
6/14/2022 4:00,0.0,0.0
6/14/2022 5:00,0.0,0.0
6/14/2022 6:00,0.0,0.0
6/14/2022 7:00,0.0,0.0
6/14/2022 8:00,1.0,0.04
6/14/2022 9:00,3.0,0.13
6/14/2022 10:00,6.5,0.28
6/14/2022 11:00,9.75,0.41
6/14/2022 12:00,14.75,0.63
6/14/2022 13:00,16.75,0.71
6/14/2022 14:00,16.75,0.71
6/14/2022 15:00,16.0,0.68
6/14/2022 16:00,15.5,0.66
6/14/2022 17:00,13.25,0.56
6/14/2022 18:00,10.0,0.43
6/14/2022 19:00,6.0,0.26
6/14/2022 20:00,1.75,0.07
6/14/2022 21:00,0.5,0.02
6/14/2022 22:00,0.0,0.0
6/14/2022 23:00,0.0,0.0
6/15/2022 0:00,0.0,0.0
6/15/2022 1:00,0.0,0.0
6/15/2022 2:00,0.0,0.0
6/15/2022 3:00,0.0,0.0
6/15/2022 4:00,0.0,0.0
6/15/2022 5:00,0.0,0.0
6/15/2022 6:00,0.0,0.0
6/15/2022 7:00,0.25,0.01
6/15/2022 8:00,1.75,0.07
6/15/2022 9:00,4.5,0.19
6/15/2022 10:00,5.75,0.24
6/15/2022 11:00,8.5,0.36
6/15/2022 12:00,12.5,0.53
6/15/2022 13:00,14.5,0.62
6/15/2022 14:00,12.0,0.51
6/15/2022 15:00,15.5,0.66
6/15/2022 16:00,5.5,0.23
6/15/2022 17:00,1.75,0.07
6/15/2022 18:00,1.5,0.06
6/15/2022 19:00,3.5,0.15
6/15/2022 20:00,2.0,0.09
6/15/2022 21:00,0.5,0.02
6/15/2022 22:00,0.0,0.0
6/15/2022 23:00,0.0,0.0
6/16/2022 0:00,0.0,0.0
6/16/2022 1:00,0.0,0.0
6/16/2022 2:00,0.0,0.0
6/16/2022 3:00,0.0,0.0
6/16/2022 4:00,0.0,0.0
6/16/2022 5:00,0.0,0.0
6/16/2022 6:00,0.0,0.0
6/16/2022 7:00,0.25,0.01
6/16/2022 8:00,1.5,0.06
6/16/2022 9:00,1.5,0.06
6/16/2022 10:00,3.25,0.14
6/16/2022 11:00,5.75,0.24
6/16/2022 12:00,4.25,0.18
6/16/2022 13:00,1.25,0.05
6/16/2022 14:00,10.75,0.46
6/16/2022 15:00,14.25,0.61
6/16/2022 16:00,15.0,0.64
6/16/2022 17:00,9.0,0.38
6/16/2022 18:00,6.25,0.27
6/16/2022 19:00,2.75,0.12
6/16/2022 20:00,2.0,0.09
6/16/2022 21:00,0.75,0.03
6/16/2022 22:00,0.0,0.0
6/16/2022 23:00,0.0,0.0
6/17/2022 0:00,0.0,0.0
6/17/2022 1:00,0.0,0.0
6/17/2022 2:00,0.0,0.0
6/17/2022 3:00,0.0,0.0
6/17/2022 4:00,0.0,0.0
6/17/2022 5:00,0.0,0.0
6/17/2022 6:00,0.0,0.0
6/17/2022 7:00,0.0,0.0
6/17/2022 8:00,2.75,0.12
6/17/2022 9:00,6.0,0.26
6/17/2022 10:00,9.25,0.39
6/17/2022 11:00,10.75,0.46
6/17/2022 12:00,10.75,0.46
6/17/2022 13:00,14.75,0.63
6/17/2022 14:00,16.75,0.71
6/17/2022 15:00,16.5,0.7
6/17/2022 16:00,15.5,0.66
6/17/2022 17:00,13.0,0.55
6/17/2022 18:00,8.25,0.35
6/17/2022 19:00,6.5,0.28
6/17/2022 20:00,1.5,0.06
6/17/2022 21:00,0.5,0.02
6/17/2022 22:00,0.0,0.0
6/17/2022 23:00,0.0,0.0
6/18/2022 0:00,0.0,0.0
6/18/2022 1:00,0.0,0.0
6/18/2022 2:00,0.0,0.0
6/18/2022 3:00,0.0,0.0
6/18/2022 4:00,0.0,0.0
6/18/2022 5:00,0.0,0.0
6/18/2022 6:00,0.0,0.0
6/18/2022 7:00,0.25,0.01
6/18/2022 8:00,1.5,0.06
6/18/2022 9:00,5.25,0.22
6/18/2022 10:00,9.75,0.41
6/18/2022 11:00,12.75,0.54
6/18/2022 12:00,15.25,0.65
6/18/2022 13:00,17.25,0.73
6/18/2022 14:00,18.0,0.77
6/18/2022 15:00,17.5,0.74
6/18/2022 16:00,11.0,0.47
6/18/2022 17:00,11.25,0.48
6/18/2022 18:00,7.0,0.3
6/18/2022 19:00,5.0,0.21
6/18/2022 20:00,1.75,0.07
6/18/2022 21:00,0.25,0.01
6/18/2022 22:00,0.0,0.0
6/18/2022 23:00,0.0,0.0
6/19/2022 0:00,0.0,0.0
6/19/2022 1:00,0.0,0.0
6/19/2022 2:00,0.0,0.0
6/19/2022 3:00,0.0,0.0
6/19/2022 4:00,0.0,0.0
6/19/2022 5:00,0.0,0.0
6/19/2022 6:00,0.0,0.0
6/19/2022 7:00,0.25,0.01
6/19/2022 8:00,1.5,0.06
6/19/2022 9:00,4.75,0.2
6/19/2022 10:00,7.5,0.32
6/19/2022 11:00,13.75,0.58
6/19/2022 12:00,5.75,0.24
6/19/2022 13:00,15.0,0.64
6/19/2022 14:00,5.0,0.21
6/19/2022 15:00,7.75,0.33
6/19/2022 16:00,6.25,0.27
6/19/2022 17:00,9.75,0.41
6/19/2022 18:00,10.25,0.44
6/19/2022 19:00,7.25,0.31
6/19/2022 20:00,1.0,0.04
6/19/2022 21:00,0.25,0.01
6/19/2022 22:00,0.0,0.0
6/19/2022 23:00,0.0,0.0
6/20/2022 0:00,0.0,0.0
6/20/2022 1:00,0.0,0.0
6/20/2022 2:00,0.0,0.0
6/20/2022 3:00,0.0,0.0
6/20/2022 4:00,0.0,0.0
6/20/2022 5:00,0.0,0.0
6/20/2022 6:00,0.0,0.0
6/20/2022 7:00,0.25,0.01
6/20/2022 8:00,1.75,0.07
6/20/2022 9:00,5.25,0.22
6/20/2022 10:00,8.0,0.34
6/20/2022 11:00,9.25,0.39
6/20/2022 12:00,13.5,0.57
6/20/2022 13:00,14.0,0.6
6/20/2022 14:00,17.25,0.73
6/20/2022 15:00,14.25,0.61
6/20/2022 16:00,14.5,0.62
6/20/2022 17:00,11.5,0.49
6/20/2022 18:00,11.25,0.48
6/20/2022 19:00,6.75,0.29
6/20/2022 20:00,1.25,0.05
6/20/2022 21:00,0.25,0.01
6/20/2022 22:00,0.0,0.0
6/20/2022 23:00,0.0,0.0
6/21/2022 0:00,0.0,0.0
6/21/2022 1:00,0.0,0.0
6/21/2022 2:00,0.0,0.0
6/21/2022 3:00,0.0,0.0
6/21/2022 4:00,0.0,0.0
6/21/2022 5:00,0.0,0.0
6/21/2022 6:00,0.0,0.0
6/21/2022 7:00,0.0,0.0
6/21/2022 8:00,1.5,0.06
6/21/2022 9:00,3.75,0.16
6/21/2022 10:00,7.0,0.3
6/21/2022 11:00,7.75,0.33
6/21/2022 12:00,6.0,0.26
6/21/2022 13:00,5.5,0.23
6/21/2022 14:00,4.0,0.17
6/21/2022 15:00,5.75,0.24
6/21/2022 16:00,6.75,0.29
6/21/2022 17:00,9.75,0.41
6/21/2022 18:00,11.75,0.5
6/21/2022 19:00,5.75,0.24
6/21/2022 20:00,1.75,0.07
6/21/2022 21:00,0.25,0.01
6/21/2022 22:00,0.0,0.0
6/21/2022 23:00,0.0,0.0
6/22/2022 0:00,0.0,0.0
6/22/2022 1:00,0.0,0.0
6/22/2022 2:00,0.0,0.0
6/22/2022 3:00,0.0,0.0
6/22/2022 4:00,0.0,0.0
6/22/2022 5:00,0.0,0.0
6/22/2022 6:00,0.0,0.0
6/22/2022 7:00,0.25,0.01
6/22/2022 8:00,1.0,0.04
6/22/2022 9:00,3.0,0.13
6/22/2022 10:00,4.75,0.2
6/22/2022 11:00,6.5,0.28
6/22/2022 12:00,7.0,0.3
6/22/2022 13:00,9.0,0.38
6/22/2022 14:00,9.0,0.38
6/22/2022 15:00,15.75,0.67
6/22/2022 16:00,16.75,0.71
6/22/2022 17:00,14.0,0.6
6/22/2022 18:00,8.0,0.34
6/22/2022 19:00,5.0,0.21
6/22/2022 20:00,1.5,0.06
6/22/2022 21:00,0.5,0.02
6/22/2022 22:00,0.0,0.0
6/22/2022 23:00,0.0,0.0
6/23/2022 0:00,0.0,0.0
6/23/2022 1:00,0.0,0.0
6/23/2022 2:00,0.0,0.0
6/23/2022 3:00,0.0,0.0
6/23/2022 4:00,0.0,0.0
6/23/2022 5:00,0.0,0.0
6/23/2022 6:00,0.0,0.0
6/23/2022 7:00,0.25,0.01
6/23/2022 8:00,1.75,0.07
6/23/2022 9:00,3.5,0.15
6/23/2022 10:00,5.5,0.23
6/23/2022 11:00,8.75,0.37
6/23/2022 12:00,9.75,0.41
6/23/2022 13:00,8.5,0.36
6/23/2022 14:00,5.0,0.21
6/23/2022 15:00,10.0,0.43
6/23/2022 16:00,10.25,0.44
6/23/2022 17:00,8.75,0.37
6/23/2022 18:00,12.0,0.51
6/23/2022 19:00,7.25,0.31
6/23/2022 20:00,1.25,0.05
6/23/2022 21:00,0.25,0.01
6/23/2022 22:00,0.0,0.0
6/23/2022 23:00,0.0,0.0
6/24/2022 0:00,0.0,0.0
6/24/2022 1:00,0.0,0.0
6/24/2022 2:00,0.0,0.0
6/24/2022 3:00,0.0,0.0
6/24/2022 4:00,0.0,0.0
6/24/2022 5:00,0.0,0.0
6/24/2022 6:00,0.0,0.0
6/24/2022 7:00,0.25,0.01
6/24/2022 8:00,1.25,0.05
6/24/2022 9:00,3.25,0.14
6/24/2022 10:00,4.75,0.2
6/24/2022 11:00,5.75,0.24
6/24/2022 12:00,6.5,0.28
6/24/2022 13:00,8.0,0.34
6/24/2022 14:00,5.75,0.24
6/24/2022 15:00,11.5,0.49
6/24/2022 16:00,9.75,0.41
6/24/2022 17:00,10.5,0.45
6/24/2022 18:00,12.5,0.53
6/24/2022 19:00,7.5,0.32
6/24/2022 20:00,1.0,0.04
6/24/2022 21:00,0.25,0.01
6/24/2022 22:00,0.0,0.0
6/24/2022 23:00,0.0,0.0
6/25/2022 0:00,0.0,0.0
6/25/2022 1:00,0.0,0.0
6/25/2022 2:00,0.0,0.0
6/25/2022 3:00,0.0,0.0
6/25/2022 4:00,0.0,0.0
6/25/2022 5:00,0.0,0.0
6/25/2022 6:00,0.0,0.0
6/25/2022 7:00,0.25,0.01
6/25/2022 8:00,1.75,0.07
6/25/2022 9:00,3.25,0.14
6/25/2022 10:00,7.0,0.3
6/25/2022 11:00,9.75,0.41
6/25/2022 12:00,14.25,0.61
6/25/2022 13:00,16.75,0.71
6/25/2022 14:00,16.5,0.7
6/25/2022 15:00,18.0,0.77
6/25/2022 16:00,17.25,0.73
6/25/2022 17:00,15.25,0.65
6/25/2022 18:00,12.0,0.51
6/25/2022 19:00,7.5,0.32
6/25/2022 20:00,1.25,0.05
6/25/2022 21:00,0.25,0.01
6/25/2022 22:00,0.0,0.0
6/25/2022 23:00,0.0,0.0
6/26/2022 0:00,0.0,0.0
6/26/2022 1:00,0.0,0.0
6/26/2022 2:00,0.0,0.0
6/26/2022 3:00,0.0,0.0
6/26/2022 4:00,0.0,0.0
6/26/2022 5:00,0.0,0.0
6/26/2022 6:00,0.0,0.0
6/26/2022 7:00,0.25,0.01
6/26/2022 8:00,1.75,0.07
6/26/2022 9:00,5.5,0.23
6/26/2022 10:00,9.25,0.39
6/26/2022 11:00,10.25,0.44
6/26/2022 12:00,12.75,0.54
6/26/2022 13:00,11.25,0.48
6/26/2022 14:00,11.75,0.5
6/26/2022 15:00,17.5,0.74
6/26/2022 16:00,15.0,0.64
6/26/2022 17:00,14.0,0.6
6/26/2022 18:00,8.25,0.35
6/26/2022 19:00,7.5,0.32
6/26/2022 20:00,1.25,0.05
6/26/2022 21:00,0.25,0.01
6/26/2022 22:00,0.0,0.0
6/26/2022 23:00,0.0,0.0
6/27/2022 0:00,0.0,0.0
6/27/2022 1:00,0.0,0.0
6/27/2022 2:00,0.0,0.0
6/27/2022 3:00,0.0,0.0
6/27/2022 4:00,0.0,0.0
6/27/2022 5:00,0.0,0.0
6/27/2022 6:00,0.0,0.0
6/27/2022 7:00,0.25,0.01
6/27/2022 8:00,1.25,0.05
6/27/2022 9:00,5.75,0.24
6/27/2022 10:00,10.25,0.44
6/27/2022 11:00,14.0,0.6
6/27/2022 12:00,16.75,0.71
6/27/2022 13:00,18.25,0.78
6/27/2022 14:00,19.0,0.81
6/27/2022 15:00,18.5,0.79
6/27/2022 16:00,17.5,0.74
6/27/2022 17:00,15.25,0.65
6/27/2022 18:00,12.25,0.52
6/27/2022 19:00,7.75,0.33
6/27/2022 20:00,1.25,0.05
6/27/2022 21:00,0.5,0.02
6/27/2022 22:00,0.0,0.0
6/27/2022 23:00,0.0,0.0
6/28/2022 0:00,0.0,0.0
6/28/2022 1:00,0.0,0.0
6/28/2022 2:00,0.0,0.0
6/28/2022 3:00,0.0,0.0
6/28/2022 4:00,0.0,0.0
6/28/2022 5:00,0.0,0.0
6/28/2022 6:00,0.0,0.0
6/28/2022 7:00,0.0,0.0
6/28/2022 8:00,1.5,0.06
6/28/2022 9:00,5.75,0.24
6/28/2022 10:00,10.0,0.43
6/28/2022 11:00,13.75,0.58
6/28/2022 12:00,16.25,0.69
6/28/2022 13:00,17.75,0.75
6/28/2022 14:00,18.25,0.78
6/28/2022 15:00,18.0,0.77
6/28/2022 16:00,17.0,0.72
6/28/2022 17:00,15.25,0.65
6/28/2022 18:00,12.0,0.51
6/28/2022 19:00,7.75,0.33
6/28/2022 20:00,1.0,0.04
6/28/2022 21:00,0.25,0.01
6/28/2022 22:00,0.0,0.0
6/28/2022 23:00,0.0,0.0
6/29/2022 0:00,0.0,0.0
6/29/2022 1:00,0.0,0.0
6/29/2022 2:00,0.0,0.0
6/29/2022 3:00,0.0,0.0
6/29/2022 4:00,0.0,0.0
6/29/2022 5:00,0.0,0.0
6/29/2022 6:00,0.0,0.0
6/29/2022 7:00,0.25,0.01
6/29/2022 8:00,1.25,0.05
6/29/2022 9:00,2.75,0.12
6/29/2022 10:00,3.5,0.15
6/29/2022 11:00,8.75,0.37
6/29/2022 12:00,14.0,0.6
6/29/2022 13:00,17.25,0.73
6/29/2022 14:00,18.5,0.79
6/29/2022 15:00,18.0,0.77
6/29/2022 16:00,17.25,0.73
6/29/2022 17:00,14.75,0.63
6/29/2022 18:00,12.0,0.51
6/29/2022 19:00,7.25,0.31
6/29/2022 20:00,1.75,0.07
6/29/2022 21:00,0.25,0.01
6/29/2022 22:00,0.0,0.0
6/29/2022 23:00,0.0,0.0
6/30/2022 0:00,0.0,0.0
6/30/2022 1:00,0.0,0.0
6/30/2022 2:00,0.0,0.0
6/30/2022 3:00,0.0,0.0
6/30/2022 4:00,0.0,0.0
6/30/2022 5:00,0.0,0.0
6/30/2022 6:00,0.0,0.0
6/30/2022 7:00,0.25,0.01
6/30/2022 8:00,1.75,0.07
6/30/2022 9:00,5.5,0.23
6/30/2022 10:00,10.0,0.43
6/30/2022 11:00,13.25,0.56
6/30/2022 12:00,15.5,0.66
6/30/2022 13:00,18.0,0.77
6/30/2022 14:00,16.5,0.7
6/30/2022 15:00,19.0,0.81
6/30/2022 16:00,15.25,0.65
6/30/2022 17:00,15.25,0.65
6/30/2022 18:00,11.75,0.5
6/30/2022 19:00,7.5,0.32
6/30/2022 20:00,1.25,0.05
6/30/2022 21:00,0.25,0.01
6/30/2022 22:00,0.0,0.0
6/30/2022 23:00,0.0,0.0
7/1/2022 0:00,0.0,0.0
7/1/2022 1:00,0.0,0.0
7/1/2022 2:00,0.0,0.0
7/1/2022 3:00,0.0,0.0
7/1/2022 4:00,0.0,0.0
7/1/2022 5:00,0.0,0.0
7/1/2022 6:00,0.0,0.0
7/1/2022 7:00,0.25,0.01
7/1/2022 8:00,1.25,0.05
7/1/2022 9:00,5.5,0.23
7/1/2022 10:00,10.0,0.43
7/1/2022 11:00,13.25,0.56
7/1/2022 12:00,16.0,0.68
7/1/2022 13:00,17.25,0.73
7/1/2022 14:00,17.75,0.75
7/1/2022 15:00,17.75,0.75
7/1/2022 16:00,16.75,0.71
7/1/2022 17:00,14.5,0.62
7/1/2022 18:00,11.75,0.5
7/1/2022 19:00,7.25,0.31
7/1/2022 20:00,1.25,0.05
7/1/2022 21:00,0.25,0.01
7/1/2022 22:00,0.0,0.0
7/1/2022 23:00,0.0,0.0
7/2/2022 0:00,0.0,0.0
7/2/2022 1:00,0.0,0.0
7/2/2022 2:00,0.0,0.0
7/2/2022 3:00,0.0,0.0
7/2/2022 4:00,0.0,0.0
7/2/2022 5:00,0.0,0.0
7/2/2022 6:00,0.0,0.0
7/2/2022 7:00,0.25,0.01
7/2/2022 8:00,1.25,0.05
7/2/2022 9:00,5.0,0.21
7/2/2022 10:00,9.5,0.4
7/2/2022 11:00,12.75,0.54
7/2/2022 12:00,15.25,0.65
7/2/2022 13:00,16.5,0.7
7/2/2022 14:00,16.75,0.71
7/2/2022 15:00,16.5,0.7
7/2/2022 16:00,15.5,0.66
7/2/2022 17:00,13.75,0.58
7/2/2022 18:00,11.0,0.47
7/2/2022 19:00,6.75,0.29
7/2/2022 20:00,1.25,0.05
7/2/2022 21:00,0.5,0.02
7/2/2022 22:00,0.0,0.0
7/2/2022 23:00,0.0,0.0
7/3/2022 0:00,0.0,0.0
7/3/2022 1:00,0.0,0.0
7/3/2022 2:00,0.0,0.0
7/3/2022 3:00,0.0,0.0
7/3/2022 4:00,0.0,0.0
7/3/2022 5:00,0.0,0.0
7/3/2022 6:00,0.0,0.0
7/3/2022 7:00,0.0,0.0
7/3/2022 8:00,1.5,0.06
7/3/2022 9:00,5.0,0.21
7/3/2022 10:00,9.0,0.38
7/3/2022 11:00,11.75,0.5
7/3/2022 12:00,14.75,0.63
7/3/2022 13:00,16.5,0.7
7/3/2022 14:00,17.0,0.72
7/3/2022 15:00,16.75,0.71
7/3/2022 16:00,16.0,0.68
7/3/2022 17:00,14.0,0.6
7/3/2022 18:00,11.25,0.48
7/3/2022 19:00,7.0,0.3
7/3/2022 20:00,1.5,0.06
7/3/2022 21:00,0.25,0.01
7/3/2022 22:00,0.0,0.0
7/3/2022 23:00,0.0,0.0
7/4/2022 0:00,0.0,0.0
7/4/2022 1:00,0.0,0.0
7/4/2022 2:00,0.0,0.0
7/4/2022 3:00,0.0,0.0
7/4/2022 4:00,0.0,0.0
7/4/2022 5:00,0.0,0.0
7/4/2022 6:00,0.0,0.0
7/4/2022 7:00,0.0,0.0
7/4/2022 8:00,0.5,0.02
7/4/2022 9:00,1.5,0.06
7/4/2022 10:00,2.25,0.1
7/4/2022 11:00,4.5,0.19
7/4/2022 12:00,7.5,0.32
7/4/2022 13:00,14.0,0.6
7/4/2022 14:00,17.25,0.73
7/4/2022 15:00,17.0,0.72
7/4/2022 16:00,16.0,0.68
7/4/2022 17:00,14.25,0.61
7/4/2022 18:00,11.25,0.48
7/4/2022 19:00,7.25,0.31
7/4/2022 20:00,1.25,0.05
7/4/2022 21:00,0.25,0.01
7/4/2022 22:00,0.0,0.0
7/4/2022 23:00,0.0,0.0
7/5/2022 0:00,0.0,0.0
7/5/2022 1:00,0.0,0.0
7/5/2022 2:00,0.0,0.0
7/5/2022 3:00,0.0,0.0
7/5/2022 4:00,0.0,0.0
7/5/2022 5:00,0.0,0.0
7/5/2022 6:00,0.0,0.0
7/5/2022 7:00,0.25,0.01
7/5/2022 8:00,1.5,0.06
7/5/2022 9:00,2.5,0.11
7/5/2022 10:00,3.5,0.15
7/5/2022 11:00,10.0,0.43
7/5/2022 12:00,13.75,0.58
7/5/2022 13:00,16.75,0.71
7/5/2022 14:00,17.25,0.73
7/5/2022 15:00,17.0,0.72
7/5/2022 16:00,16.25,0.69
7/5/2022 17:00,14.25,0.61
7/5/2022 18:00,11.5,0.49
7/5/2022 19:00,7.5,0.32
7/5/2022 20:00,1.25,0.05
7/5/2022 21:00,0.25,0.01
7/5/2022 22:00,0.0,0.0
7/5/2022 23:00,0.0,0.0
7/6/2022 0:00,0.0,0.0
7/6/2022 1:00,0.0,0.0
7/6/2022 2:00,0.0,0.0
7/6/2022 3:00,0.0,0.0
7/6/2022 4:00,0.0,0.0
7/6/2022 5:00,0.0,0.0
7/6/2022 6:00,0.0,0.0
7/6/2022 7:00,0.0,0.0
7/6/2022 8:00,1.0,0.04
7/6/2022 9:00,2.0,0.09
7/6/2022 10:00,9.25,0.39
7/6/2022 11:00,13.0,0.55
7/6/2022 12:00,15.25,0.65
7/6/2022 13:00,16.75,0.71
7/6/2022 14:00,17.5,0.74
7/6/2022 15:00,17.25,0.73
7/6/2022 16:00,16.25,0.69
7/6/2022 17:00,14.0,0.6
7/6/2022 18:00,11.25,0.48
7/6/2022 19:00,7.25,0.31
7/6/2022 20:00,1.25,0.05
7/6/2022 21:00,0.25,0.01
7/6/2022 22:00,0.0,0.0
7/6/2022 23:00,0.0,0.0
7/7/2022 0:00,0.0,0.0
7/7/2022 1:00,0.0,0.0
7/7/2022 2:00,0.0,0.0
7/7/2022 3:00,0.0,0.0
7/7/2022 4:00,0.0,0.0
7/7/2022 5:00,0.0,0.0
7/7/2022 6:00,0.0,0.0
7/7/2022 7:00,0.25,0.01
7/7/2022 8:00,1.25,0.05
7/7/2022 9:00,5.0,0.21
7/7/2022 10:00,9.0,0.38
7/7/2022 11:00,12.5,0.53
7/7/2022 12:00,15.0,0.64
7/7/2022 13:00,16.0,0.68
7/7/2022 14:00,16.75,0.71
7/7/2022 15:00,16.25,0.69
7/7/2022 16:00,15.0,0.64
7/7/2022 17:00,13.25,0.56
7/7/2022 18:00,10.75,0.46
7/7/2022 19:00,6.75,0.29
7/7/2022 20:00,1.5,0.06
7/7/2022 21:00,0.25,0.01
7/7/2022 22:00,0.0,0.0
7/7/2022 23:00,0.0,0.0
7/8/2022 0:00,0.0,0.0
7/8/2022 1:00,0.0,0.0
7/8/2022 2:00,0.0,0.0
7/8/2022 3:00,0.0,0.0
7/8/2022 4:00,0.0,0.0
7/8/2022 5:00,0.0,0.0
7/8/2022 6:00,0.0,0.0
7/8/2022 7:00,0.25,0.01
7/8/2022 8:00,1.25,0.05
7/8/2022 9:00,4.75,0.2
7/8/2022 10:00,9.25,0.39
7/8/2022 11:00,12.75,0.54
7/8/2022 12:00,14.75,0.63
7/8/2022 13:00,16.25,0.69
7/8/2022 14:00,16.5,0.7
7/8/2022 15:00,16.25,0.69
7/8/2022 16:00,15.0,0.64
7/8/2022 17:00,13.0,0.55
7/8/2022 18:00,10.5,0.45
7/8/2022 19:00,7.0,0.3
7/8/2022 20:00,1.5,0.06
7/8/2022 21:00,0.25,0.01
7/8/2022 22:00,0.0,0.0
7/8/2022 23:00,0.0,0.0
7/9/2022 0:00,0.0,0.0
7/9/2022 1:00,0.0,0.0
7/9/2022 2:00,0.0,0.0
7/9/2022 3:00,0.0,0.0
7/9/2022 4:00,0.0,0.0
7/9/2022 5:00,0.0,0.0
7/9/2022 6:00,0.0,0.0
7/9/2022 7:00,0.0,0.0
7/9/2022 8:00,1.25,0.05
7/9/2022 9:00,4.75,0.2
7/9/2022 10:00,8.75,0.37
7/9/2022 11:00,12.25,0.52
7/9/2022 12:00,14.75,0.63
7/9/2022 13:00,15.75,0.67
7/9/2022 14:00,16.25,0.69
7/9/2022 15:00,16.5,0.7
7/9/2022 16:00,15.75,0.67
7/9/2022 17:00,14.0,0.6
7/9/2022 18:00,11.0,0.47
7/9/2022 19:00,7.0,0.3
7/9/2022 20:00,1.5,0.06
7/9/2022 21:00,0.25,0.01
7/9/2022 22:00,0.0,0.0
7/9/2022 23:00,0.0,0.0
7/10/2022 0:00,0.0,0.0
7/10/2022 1:00,0.0,0.0
7/10/2022 2:00,0.0,0.0
7/10/2022 3:00,0.0,0.0
7/10/2022 4:00,0.0,0.0
7/10/2022 5:00,0.0,0.0
7/10/2022 6:00,0.0,0.0
7/10/2022 7:00,0.25,0.01
7/10/2022 8:00,1.25,0.05
7/10/2022 9:00,4.75,0.2
7/10/2022 10:00,9.0,0.38
7/10/2022 11:00,12.25,0.52
7/10/2022 12:00,14.75,0.63
7/10/2022 13:00,16.0,0.68
7/10/2022 14:00,16.5,0.7
7/10/2022 15:00,16.75,0.71
7/10/2022 16:00,15.25,0.65
7/10/2022 17:00,13.75,0.58
7/10/2022 18:00,10.75,0.46
7/10/2022 19:00,7.0,0.3
7/10/2022 20:00,1.5,0.06
7/10/2022 21:00,0.5,0.02
7/10/2022 22:00,0.0,0.0
7/10/2022 23:00,0.0,0.0
7/11/2022 0:00,0.0,0.0
7/11/2022 1:00,0.0,0.0
7/11/2022 2:00,0.0,0.0
7/11/2022 3:00,0.0,0.0
7/11/2022 4:00,0.0,0.0
7/11/2022 5:00,0.0,0.0
7/11/2022 6:00,0.0,0.0
7/11/2022 7:00,0.25,0.01
7/11/2022 8:00,2.0,0.09
7/11/2022 9:00,4.0,0.17
7/11/2022 10:00,4.75,0.2
7/11/2022 11:00,9.75,0.41
7/11/2022 12:00,12.25,0.52
7/11/2022 13:00,12.0,0.51
7/11/2022 14:00,10.25,0.44
7/11/2022 15:00,10.5,0.45
7/11/2022 16:00,10.25,0.44
7/11/2022 17:00,7.0,0.3
7/11/2022 18:00,6.0,0.26
7/11/2022 19:00,3.5,0.15
7/11/2022 20:00,2.0,0.09
7/11/2022 21:00,0.5,0.02
7/11/2022 22:00,0.0,0.0
7/11/2022 23:00,0.0,0.0
7/12/2022 0:00,0.0,0.0
7/12/2022 1:00,0.0,0.0
7/12/2022 2:00,0.0,0.0
7/12/2022 3:00,0.0,0.0
7/12/2022 4:00,0.0,0.0
7/12/2022 5:00,0.0,0.0
7/12/2022 6:00,0.0,0.0
7/12/2022 7:00,0.0,0.0
7/12/2022 8:00,2.0,0.09
7/12/2022 9:00,4.5,0.19
7/12/2022 10:00,5.25,0.22
7/12/2022 11:00,8.0,0.34
7/12/2022 12:00,11.5,0.49
7/12/2022 13:00,10.0,0.43
7/12/2022 14:00,9.0,0.38
7/12/2022 15:00,9.25,0.39
7/12/2022 16:00,10.5,0.45
7/12/2022 17:00,8.5,0.36
7/12/2022 18:00,7.5,0.32
7/12/2022 19:00,3.25,0.14
7/12/2022 20:00,1.5,0.06
7/12/2022 21:00,0.25,0.01
7/12/2022 22:00,0.0,0.0
7/12/2022 23:00,0.0,0.0
7/13/2022 0:00,0.0,0.0
7/13/2022 1:00,0.0,0.0
7/13/2022 2:00,0.0,0.0
7/13/2022 3:00,0.0,0.0
7/13/2022 4:00,0.0,0.0
7/13/2022 5:00,0.0,0.0
7/13/2022 6:00,0.0,0.0
7/13/2022 7:00,0.0,0.0
7/13/2022 8:00,1.5,0.06
7/13/2022 9:00,1.5,0.06
7/13/2022 10:00,7.5,0.32
7/13/2022 11:00,7.75,0.33
7/13/2022 12:00,12.5,0.53
7/13/2022 13:00,15.5,0.66
7/13/2022 14:00,14.25,0.61
7/13/2022 15:00,12.25,0.52
7/13/2022 16:00,12.75,0.54
7/13/2022 17:00,10.25,0.44
7/13/2022 18:00,6.25,0.27
7/13/2022 19:00,3.0,0.13
7/13/2022 20:00,1.25,0.05
7/13/2022 21:00,0.25,0.01
7/13/2022 22:00,0.0,0.0
7/13/2022 23:00,0.0,0.0
7/14/2022 0:00,0.0,0.0
7/14/2022 1:00,0.0,0.0
7/14/2022 2:00,0.0,0.0
7/14/2022 3:00,0.0,0.0
7/14/2022 4:00,0.0,0.0
7/14/2022 5:00,0.0,0.0
7/14/2022 6:00,0.0,0.0
7/14/2022 7:00,0.25,0.01
7/14/2022 8:00,0.75,0.03
7/14/2022 9:00,1.75,0.07
7/14/2022 10:00,7.25,0.31
7/14/2022 11:00,2.0,0.09
7/14/2022 12:00,10.0,0.43
7/14/2022 13:00,4.5,0.19
7/14/2022 14:00,9.5,0.4
7/14/2022 15:00,15.0,0.64
7/14/2022 16:00,10.75,0.46
7/14/2022 17:00,13.25,0.56
7/14/2022 18:00,9.75,0.41
7/14/2022 19:00,4.0,0.17
7/14/2022 20:00,2.0,0.09
7/14/2022 21:00,0.5,0.02
7/14/2022 22:00,0.0,0.0
7/14/2022 23:00,0.0,0.0
7/15/2022 0:00,0.0,0.0
7/15/2022 1:00,0.0,0.0
7/15/2022 2:00,0.0,0.0
7/15/2022 3:00,0.0,0.0
7/15/2022 4:00,0.0,0.0
7/15/2022 5:00,0.0,0.0
7/15/2022 6:00,0.0,0.0
7/15/2022 7:00,0.0,0.0
7/15/2022 8:00,1.25,0.05
7/15/2022 9:00,4.0,0.17
7/15/2022 10:00,8.0,0.34
7/15/2022 11:00,11.25,0.48
7/15/2022 12:00,12.75,0.54
7/15/2022 13:00,15.5,0.66
7/15/2022 14:00,16.0,0.68
7/15/2022 15:00,15.75,0.67
7/15/2022 16:00,14.75,0.63
7/15/2022 17:00,12.75,0.54
7/15/2022 18:00,10.0,0.43
7/15/2022 19:00,6.0,0.26
7/15/2022 20:00,1.75,0.07
7/15/2022 21:00,0.5,0.02
7/15/2022 22:00,0.0,0.0
7/15/2022 23:00,0.0,0.0
7/16/2022 0:00,0.0,0.0
7/16/2022 1:00,0.0,0.0
7/16/2022 2:00,0.0,0.0
7/16/2022 3:00,0.0,0.0
7/16/2022 4:00,0.0,0.0
7/16/2022 5:00,0.0,0.0
7/16/2022 6:00,0.0,0.0
7/16/2022 7:00,0.0,0.0
7/16/2022 8:00,1.25,0.05
7/16/2022 9:00,4.5,0.19
7/16/2022 10:00,8.25,0.35
7/16/2022 11:00,11.75,0.5
7/16/2022 12:00,14.0,0.6
7/16/2022 13:00,15.75,0.67
7/16/2022 14:00,16.0,0.68
7/16/2022 15:00,16.0,0.68
7/16/2022 16:00,14.75,0.63
7/16/2022 17:00,13.25,0.56
7/16/2022 18:00,10.25,0.44
7/16/2022 19:00,6.5,0.28
7/16/2022 20:00,1.75,0.07
7/16/2022 21:00,0.25,0.01
7/16/2022 22:00,0.0,0.0
7/16/2022 23:00,0.0,0.0
7/17/2022 0:00,0.0,0.0
7/17/2022 1:00,0.0,0.0
7/17/2022 2:00,0.0,0.0
7/17/2022 3:00,0.0,0.0
7/17/2022 4:00,0.0,0.0
7/17/2022 5:00,0.0,0.0
7/17/2022 6:00,0.0,0.0
7/17/2022 7:00,0.25,0.01
7/17/2022 8:00,1.0,0.04
7/17/2022 9:00,4.75,0.2
7/17/2022 10:00,8.75,0.37
7/17/2022 11:00,12.5,0.53
7/17/2022 12:00,14.75,0.63
7/17/2022 13:00,16.0,0.68
7/17/2022 14:00,16.75,0.71
7/17/2022 15:00,16.5,0.7
7/17/2022 16:00,15.5,0.66
7/17/2022 17:00,13.5,0.57
7/17/2022 18:00,10.5,0.45
7/17/2022 19:00,6.5,0.28
7/17/2022 20:00,1.75,0.07
7/17/2022 21:00,0.5,0.02
7/17/2022 22:00,0.0,0.0
7/17/2022 23:00,0.0,0.0
7/18/2022 0:00,0.0,0.0
7/18/2022 1:00,0.0,0.0
7/18/2022 2:00,0.0,0.0
7/18/2022 3:00,0.0,0.0
7/18/2022 4:00,0.0,0.0
7/18/2022 5:00,0.0,0.0
7/18/2022 6:00,0.0,0.0
7/18/2022 7:00,0.0,0.0
7/18/2022 8:00,1.5,0.06
7/18/2022 9:00,4.0,0.17
7/18/2022 10:00,6.5,0.28
7/18/2022 11:00,10.5,0.45
7/18/2022 12:00,10.75,0.46
7/18/2022 13:00,15.5,0.66
7/18/2022 14:00,17.75,0.75
7/18/2022 15:00,17.5,0.74
7/18/2022 16:00,16.5,0.7
7/18/2022 17:00,14.25,0.61
7/18/2022 18:00,11.5,0.49
7/18/2022 19:00,7.25,0.31
7/18/2022 20:00,1.75,0.07
7/18/2022 21:00,0.25,0.01
7/18/2022 22:00,0.0,0.0
7/18/2022 23:00,0.0,0.0
7/19/2022 0:00,0.0,0.0
7/19/2022 1:00,0.0,0.0
7/19/2022 2:00,0.0,0.0
7/19/2022 3:00,0.0,0.0
7/19/2022 4:00,0.0,0.0
7/19/2022 5:00,0.0,0.0
7/19/2022 6:00,0.0,0.0
7/19/2022 7:00,0.0,0.0
7/19/2022 8:00,1.25,0.05
7/19/2022 9:00,4.75,0.2
7/19/2022 10:00,7.0,0.3
7/19/2022 11:00,12.0,0.51
7/19/2022 12:00,15.0,0.64
7/19/2022 13:00,17.0,0.72
7/19/2022 14:00,17.5,0.74
7/19/2022 15:00,17.0,0.72
7/19/2022 16:00,16.25,0.69
7/19/2022 17:00,14.25,0.61
7/19/2022 18:00,11.0,0.47
7/19/2022 19:00,7.25,0.31
7/19/2022 20:00,1.75,0.07
7/19/2022 21:00,0.25,0.01
7/19/2022 22:00,0.0,0.0
7/19/2022 23:00,0.0,0.0
7/20/2022 0:00,0.0,0.0
7/20/2022 1:00,0.0,0.0
7/20/2022 2:00,0.0,0.0
7/20/2022 3:00,0.0,0.0
7/20/2022 4:00,0.0,0.0
7/20/2022 5:00,0.0,0.0
7/20/2022 6:00,0.0,0.0
7/20/2022 7:00,0.0,0.0
7/20/2022 8:00,1.0,0.04
7/20/2022 9:00,4.75,0.2
7/20/2022 10:00,9.25,0.39
7/20/2022 11:00,12.5,0.53
7/20/2022 12:00,15.25,0.65
7/20/2022 13:00,16.5,0.7
7/20/2022 14:00,17.25,0.73
7/20/2022 15:00,16.75,0.71
7/20/2022 16:00,16.0,0.68
7/20/2022 17:00,14.0,0.6
7/20/2022 18:00,11.0,0.47
7/20/2022 19:00,7.25,0.31
7/20/2022 20:00,1.75,0.07
7/20/2022 21:00,0.25,0.01
7/20/2022 22:00,0.0,0.0
7/20/2022 23:00,0.0,0.0
7/21/2022 0:00,0.0,0.0
7/21/2022 1:00,0.0,0.0
7/21/2022 2:00,0.0,0.0
7/21/2022 3:00,0.0,0.0
7/21/2022 4:00,0.0,0.0
7/21/2022 5:00,0.0,0.0
7/21/2022 6:00,0.0,0.0
7/21/2022 7:00,0.25,0.01
7/21/2022 8:00,1.0,0.04
7/21/2022 9:00,4.75,0.2
7/21/2022 10:00,9.0,0.38
7/21/2022 11:00,12.75,0.54
7/21/2022 12:00,15.25,0.65
7/21/2022 13:00,16.25,0.69
7/21/2022 14:00,16.25,0.69
7/21/2022 15:00,16.0,0.68
7/21/2022 16:00,13.5,0.57
7/21/2022 17:00,13.25,0.56
7/21/2022 18:00,11.5,0.49
7/21/2022 19:00,7.5,0.32
7/21/2022 20:00,2.0,0.09
7/21/2022 21:00,0.5,0.02
7/21/2022 22:00,0.0,0.0
7/21/2022 23:00,0.0,0.0
7/22/2022 0:00,0.0,0.0
7/22/2022 1:00,0.0,0.0
7/22/2022 2:00,0.0,0.0
7/22/2022 3:00,0.0,0.0
7/22/2022 4:00,0.0,0.0
7/22/2022 5:00,0.0,0.0
7/22/2022 6:00,0.0,0.0
7/22/2022 7:00,0.0,0.0
7/22/2022 8:00,1.0,0.04
7/22/2022 9:00,4.75,0.2
7/22/2022 10:00,9.0,0.38
7/22/2022 11:00,12.75,0.54
7/22/2022 12:00,15.25,0.65
7/22/2022 13:00,16.25,0.69
7/22/2022 14:00,17.0,0.72
7/22/2022 15:00,16.5,0.7
7/22/2022 16:00,15.0,0.64
7/22/2022 17:00,13.75,0.58
7/22/2022 18:00,11.0,0.47
7/22/2022 19:00,7.25,0.31
7/22/2022 20:00,1.75,0.07
7/22/2022 21:00,0.0,0.0
7/22/2022 22:00,0.0,0.0
7/22/2022 23:00,0.0,0.0
7/23/2022 0:00,0.0,0.0
7/23/2022 1:00,0.0,0.0
7/23/2022 2:00,0.0,0.0
7/23/2022 3:00,0.0,0.0
7/23/2022 4:00,0.0,0.0
7/23/2022 5:00,0.0,0.0
7/23/2022 6:00,0.0,0.0
7/23/2022 7:00,0.25,0.01
7/23/2022 8:00,1.0,0.04
7/23/2022 9:00,4.5,0.19
7/23/2022 10:00,9.0,0.38
7/23/2022 11:00,12.5,0.53
7/23/2022 12:00,15.0,0.64
7/23/2022 13:00,16.25,0.69
7/23/2022 14:00,16.5,0.7
7/23/2022 15:00,16.5,0.7
7/23/2022 16:00,15.75,0.67
7/23/2022 17:00,14.0,0.6
7/23/2022 18:00,11.25,0.48
7/23/2022 19:00,7.0,0.3
7/23/2022 20:00,1.75,0.07
7/23/2022 21:00,0.25,0.01
7/23/2022 22:00,0.0,0.0
7/23/2022 23:00,0.0,0.0
7/24/2022 0:00,0.0,0.0
7/24/2022 1:00,0.0,0.0
7/24/2022 2:00,0.0,0.0
7/24/2022 3:00,0.0,0.0
7/24/2022 4:00,0.0,0.0
7/24/2022 5:00,0.0,0.0
7/24/2022 6:00,0.0,0.0
7/24/2022 7:00,0.25,0.01
7/24/2022 8:00,0.75,0.03
7/24/2022 9:00,4.25,0.18
7/24/2022 10:00,5.5,0.23
7/24/2022 11:00,6.5,0.28
7/24/2022 12:00,13.25,0.56
7/24/2022 13:00,15.25,0.65
7/24/2022 14:00,16.5,0.7
7/24/2022 15:00,15.0,0.64
7/24/2022 16:00,11.75,0.5
7/24/2022 17:00,9.75,0.41
7/24/2022 18:00,6.25,0.27
7/24/2022 19:00,3.75,0.16
7/24/2022 20:00,1.75,0.07
7/24/2022 21:00,0.25,0.01
7/24/2022 22:00,0.0,0.0
7/24/2022 23:00,0.0,0.0
7/25/2022 0:00,0.0,0.0
7/25/2022 1:00,0.0,0.0
7/25/2022 2:00,0.0,0.0
7/25/2022 3:00,0.0,0.0
7/25/2022 4:00,0.0,0.0
7/25/2022 5:00,0.0,0.0
7/25/2022 6:00,0.0,0.0
7/25/2022 7:00,0.25,0.01
7/25/2022 8:00,1.0,0.04
7/25/2022 9:00,4.5,0.19
7/25/2022 10:00,8.5,0.36
7/25/2022 11:00,12.25,0.52
7/25/2022 12:00,14.5,0.62
7/25/2022 13:00,16.25,0.69
7/25/2022 14:00,16.75,0.71
7/25/2022 15:00,16.5,0.7
7/25/2022 16:00,15.5,0.66
7/25/2022 17:00,13.5,0.57
7/25/2022 18:00,10.75,0.46
7/25/2022 19:00,6.75,0.29
7/25/2022 20:00,2.0,0.09
7/25/2022 21:00,0.25,0.01
7/25/2022 22:00,0.0,0.0
7/25/2022 23:00,0.0,0.0
7/26/2022 0:00,0.0,0.0
7/26/2022 1:00,0.0,0.0
7/26/2022 2:00,0.0,0.0
7/26/2022 3:00,0.0,0.0
7/26/2022 4:00,0.0,0.0
7/26/2022 5:00,0.0,0.0
7/26/2022 6:00,0.0,0.0
7/26/2022 7:00,0.0,0.0
7/26/2022 8:00,0.75,0.03
7/26/2022 9:00,4.5,0.19
7/26/2022 10:00,8.75,0.37
7/26/2022 11:00,12.5,0.53
7/26/2022 12:00,15.0,0.64
7/26/2022 13:00,16.5,0.7
7/26/2022 14:00,17.0,0.72
7/26/2022 15:00,17.0,0.72
7/26/2022 16:00,16.0,0.68
7/26/2022 17:00,14.0,0.6
7/26/2022 18:00,11.0,0.47
7/26/2022 19:00,7.25,0.31
7/26/2022 20:00,1.75,0.07
7/26/2022 21:00,0.25,0.01
7/26/2022 22:00,0.0,0.0
7/26/2022 23:00,0.0,0.0
7/27/2022 0:00,0.0,0.0
7/27/2022 1:00,0.0,0.0
7/27/2022 2:00,0.0,0.0
7/27/2022 3:00,0.0,0.0
7/27/2022 4:00,0.0,0.0
7/27/2022 5:00,0.0,0.0
7/27/2022 6:00,0.0,0.0
7/27/2022 7:00,0.0,0.0
7/27/2022 8:00,1.0,0.04
7/27/2022 9:00,4.75,0.2
7/27/2022 10:00,8.0,0.34
7/27/2022 11:00,12.5,0.53
7/27/2022 12:00,15.25,0.65
7/27/2022 13:00,17.0,0.72
7/27/2022 14:00,17.5,0.74
7/27/2022 15:00,17.25,0.73
7/27/2022 16:00,16.25,0.69
7/27/2022 17:00,14.25,0.61
7/27/2022 18:00,11.0,0.47
7/27/2022 19:00,7.25,0.31
7/27/2022 20:00,2.0,0.09
7/27/2022 21:00,0.25,0.01
7/27/2022 22:00,0.0,0.0
7/27/2022 23:00,0.0,0.0
7/28/2022 0:00,0.0,0.0
7/28/2022 1:00,0.0,0.0
7/28/2022 2:00,0.0,0.0
7/28/2022 3:00,0.0,0.0
7/28/2022 4:00,0.0,0.0
7/28/2022 5:00,0.0,0.0
7/28/2022 6:00,0.0,0.0
7/28/2022 7:00,0.0,0.0
7/28/2022 8:00,1.0,0.04
7/28/2022 9:00,4.25,0.18
7/28/2022 10:00,8.25,0.35
7/28/2022 11:00,12.25,0.52
7/28/2022 12:00,14.75,0.63
7/28/2022 13:00,16.0,0.68
7/28/2022 14:00,17.25,0.73
7/28/2022 15:00,17.0,0.72
7/28/2022 16:00,16.0,0.68
7/28/2022 17:00,14.0,0.6
7/28/2022 18:00,11.0,0.47
7/28/2022 19:00,7.0,0.3
7/28/2022 20:00,1.75,0.07
7/28/2022 21:00,0.25,0.01
7/28/2022 22:00,0.0,0.0
7/28/2022 23:00,0.0,0.0
7/29/2022 0:00,0.0,0.0
7/29/2022 1:00,0.0,0.0
7/29/2022 2:00,0.0,0.0
7/29/2022 3:00,0.0,0.0
7/29/2022 4:00,0.0,0.0
7/29/2022 5:00,0.0,0.0
7/29/2022 6:00,0.0,0.0
7/29/2022 7:00,0.0,0.0
7/29/2022 8:00,0.75,0.03
7/29/2022 9:00,4.25,0.18
7/29/2022 10:00,8.75,0.37
7/29/2022 11:00,12.5,0.53
7/29/2022 12:00,15.0,0.64
7/29/2022 13:00,16.5,0.7
7/29/2022 14:00,17.25,0.73
7/29/2022 15:00,17.0,0.72
7/29/2022 16:00,16.0,0.68
7/29/2022 17:00,14.0,0.6
7/29/2022 18:00,11.0,0.47
7/29/2022 19:00,6.75,0.29
7/29/2022 20:00,2.0,0.09
7/29/2022 21:00,0.0,0.0
7/29/2022 22:00,0.0,0.0
7/29/2022 23:00,0.0,0.0
7/30/2022 0:00,0.0,0.0
7/30/2022 1:00,0.0,0.0
7/30/2022 2:00,0.0,0.0
7/30/2022 3:00,0.0,0.0
7/30/2022 4:00,0.0,0.0
7/30/2022 5:00,0.0,0.0
7/30/2022 6:00,0.0,0.0
7/30/2022 7:00,0.25,0.01
7/30/2022 8:00,0.75,0.03
7/30/2022 9:00,4.5,0.19
7/30/2022 10:00,8.5,0.36
7/30/2022 11:00,12.0,0.51
7/30/2022 12:00,14.25,0.61
7/30/2022 13:00,16.0,0.68
7/30/2022 14:00,16.5,0.7
7/30/2022 15:00,16.25,0.69
7/30/2022 16:00,15.25,0.65
7/30/2022 17:00,13.5,0.57
7/30/2022 18:00,10.25,0.44
7/30/2022 19:00,6.5,0.28
7/30/2022 20:00,2.0,0.09
7/30/2022 21:00,0.25,0.01
7/30/2022 22:00,0.0,0.0
7/30/2022 23:00,0.0,0.0
7/31/2022 0:00,0.0,0.0
7/31/2022 1:00,0.0,0.0
7/31/2022 2:00,0.0,0.0
7/31/2022 3:00,0.0,0.0
7/31/2022 4:00,0.0,0.0
7/31/2022 5:00,0.0,0.0
7/31/2022 6:00,0.0,0.0
7/31/2022 7:00,0.0,0.0
7/31/2022 8:00,0.75,0.03
7/31/2022 9:00,4.25,0.18
7/31/2022 10:00,8.25,0.35
7/31/2022 11:00,11.5,0.49
7/31/2022 12:00,14.25,0.61
7/31/2022 13:00,16.0,0.68
7/31/2022 14:00,16.5,0.7
7/31/2022 15:00,16.25,0.69
7/31/2022 16:00,15.5,0.66
7/31/2022 17:00,13.5,0.57
7/31/2022 18:00,10.25,0.44
7/31/2022 19:00,6.5,0.28
7/31/2022 20:00,1.75,0.07
7/31/2022 21:00,0.25,0.01
7/31/2022 22:00,0.0,0.0
7/31/2022 23:00,0.0,0.0
8/1/2022 0:00,0.0,0.0
8/1/2022 1:00,0.0,0.0
8/1/2022 2:00,0.0,0.0
8/1/2022 3:00,0.0,0.0
8/1/2022 4:00,0.0,0.0
8/1/2022 5:00,0.0,0.0
8/1/2022 6:00,0.0,0.0
8/1/2022 7:00,0.0,0.0
8/1/2022 8:00,0.75,0.03
8/1/2022 9:00,4.25,0.18
8/1/2022 10:00,8.5,0.36
8/1/2022 11:00,11.75,0.5
8/1/2022 12:00,14.75,0.63
8/1/2022 13:00,15.75,0.67
8/1/2022 14:00,16.5,0.7
8/1/2022 15:00,16.5,0.7
8/1/2022 16:00,15.5,0.66
8/1/2022 17:00,13.5,0.57
8/1/2022 18:00,10.5,0.45
8/1/2022 19:00,6.75,0.29
8/1/2022 20:00,2.25,0.1
8/1/2022 21:00,0.0,0.0
8/1/2022 22:00,0.0,0.0
8/1/2022 23:00,0.0,0.0
8/2/2022 0:00,0.0,0.0
8/2/2022 1:00,0.0,0.0
8/2/2022 2:00,0.0,0.0
8/2/2022 3:00,0.0,0.0
8/2/2022 4:00,0.0,0.0
8/2/2022 5:00,0.0,0.0
8/2/2022 6:00,0.0,0.0
8/2/2022 7:00,0.0,0.0
8/2/2022 8:00,1.0,0.04
8/2/2022 9:00,3.75,0.16
8/2/2022 10:00,8.5,0.36
8/2/2022 11:00,12.0,0.51
8/2/2022 12:00,14.75,0.63
8/2/2022 13:00,16.25,0.69
8/2/2022 14:00,16.75,0.71
8/2/2022 15:00,16.25,0.69
8/2/2022 16:00,15.5,0.66
8/2/2022 17:00,13.25,0.56
8/2/2022 18:00,10.75,0.46
8/2/2022 19:00,6.75,0.29
8/2/2022 20:00,2.0,0.09
8/2/2022 21:00,0.25,0.01
8/2/2022 22:00,0.0,0.0
8/2/2022 23:00,0.0,0.0
8/3/2022 0:00,0.0,0.0
8/3/2022 1:00,0.0,0.0
8/3/2022 2:00,0.0,0.0
8/3/2022 3:00,0.0,0.0
8/3/2022 4:00,0.0,0.0
8/3/2022 5:00,0.0,0.0
8/3/2022 6:00,0.0,0.0
8/3/2022 7:00,0.0,0.0
8/3/2022 8:00,0.75,0.03
8/3/2022 9:00,2.5,0.11
8/3/2022 10:00,8.5,0.36
8/3/2022 11:00,12.0,0.51
8/3/2022 12:00,14.75,0.63
8/3/2022 13:00,16.5,0.7
8/3/2022 14:00,17.0,0.72
8/3/2022 15:00,16.75,0.71
8/3/2022 16:00,15.75,0.67
8/3/2022 17:00,13.75,0.58
8/3/2022 18:00,10.75,0.46
8/3/2022 19:00,6.5,0.28
8/3/2022 20:00,2.0,0.09
8/3/2022 21:00,0.25,0.01
8/3/2022 22:00,0.0,0.0
8/3/2022 23:00,0.0,0.0
8/4/2022 0:00,0.0,0.0
8/4/2022 1:00,0.0,0.0
8/4/2022 2:00,0.0,0.0
8/4/2022 3:00,0.0,0.0
8/4/2022 4:00,0.0,0.0
8/4/2022 5:00,0.0,0.0
8/4/2022 6:00,0.0,0.0
8/4/2022 7:00,0.0,0.0
8/4/2022 8:00,0.5,0.02
8/4/2022 9:00,1.25,0.05
8/4/2022 10:00,2.25,0.1
8/4/2022 11:00,4.25,0.18
8/4/2022 12:00,4.75,0.2
8/4/2022 13:00,7.0,0.3
8/4/2022 14:00,6.5,0.28
8/4/2022 15:00,12.0,0.51
8/4/2022 16:00,15.5,0.66
8/4/2022 17:00,14.0,0.6
8/4/2022 18:00,10.5,0.45
8/4/2022 19:00,6.5,0.28
8/4/2022 20:00,2.0,0.09
8/4/2022 21:00,0.25,0.01
8/4/2022 22:00,0.0,0.0
8/4/2022 23:00,0.0,0.0
8/5/2022 0:00,0.0,0.0
8/5/2022 1:00,0.0,0.0
8/5/2022 2:00,0.0,0.0
8/5/2022 3:00,0.0,0.0
8/5/2022 4:00,0.0,0.0
8/5/2022 5:00,0.0,0.0
8/5/2022 6:00,0.0,0.0
8/5/2022 7:00,0.0,0.0
8/5/2022 8:00,0.25,0.01
8/5/2022 9:00,1.0,0.04
8/5/2022 10:00,2.25,0.1
8/5/2022 11:00,3.5,0.15
8/5/2022 12:00,6.75,0.29
8/5/2022 13:00,9.25,0.39
8/5/2022 14:00,15.75,0.67
8/5/2022 15:00,16.5,0.7
8/5/2022 16:00,15.5,0.66
8/5/2022 17:00,13.75,0.58
8/5/2022 18:00,10.5,0.45
8/5/2022 19:00,6.5,0.28
8/5/2022 20:00,2.0,0.09
8/5/2022 21:00,0.0,0.0
8/5/2022 22:00,0.0,0.0
8/5/2022 23:00,0.0,0.0
8/6/2022 0:00,0.0,0.0
8/6/2022 1:00,0.0,0.0
8/6/2022 2:00,0.0,0.0
8/6/2022 3:00,0.0,0.0
8/6/2022 4:00,0.0,0.0
8/6/2022 5:00,0.0,0.0
8/6/2022 6:00,0.0,0.0
8/6/2022 7:00,0.0,0.0
8/6/2022 8:00,0.25,0.01
8/6/2022 9:00,0.75,0.03
8/6/2022 10:00,1.25,0.05
8/6/2022 11:00,2.5,0.11
8/6/2022 12:00,3.75,0.16
8/6/2022 13:00,5.0,0.21
8/6/2022 14:00,10.0,0.43
8/6/2022 15:00,16.5,0.7
8/6/2022 16:00,15.75,0.67
8/6/2022 17:00,14.0,0.6
8/6/2022 18:00,10.75,0.46
8/6/2022 19:00,6.5,0.28
8/6/2022 20:00,2.0,0.09
8/6/2022 21:00,0.0,0.0
8/6/2022 22:00,0.0,0.0
8/6/2022 23:00,0.0,0.0
8/7/2022 0:00,0.0,0.0
8/7/2022 1:00,0.0,0.0
8/7/2022 2:00,0.0,0.0
8/7/2022 3:00,0.0,0.0
8/7/2022 4:00,0.0,0.0
8/7/2022 5:00,0.0,0.0
8/7/2022 6:00,0.0,0.0
8/7/2022 7:00,0.0,0.0
8/7/2022 8:00,0.5,0.02
8/7/2022 9:00,2.25,0.1
8/7/2022 10:00,3.5,0.15
8/7/2022 11:00,6.0,0.26
8/7/2022 12:00,13.75,0.58
8/7/2022 13:00,16.0,0.68
8/7/2022 14:00,16.75,0.71
8/7/2022 15:00,16.75,0.71
8/7/2022 16:00,15.25,0.65
8/7/2022 17:00,13.25,0.56
8/7/2022 18:00,10.25,0.44
8/7/2022 19:00,6.25,0.27
8/7/2022 20:00,1.75,0.07
8/7/2022 21:00,0.25,0.01
8/7/2022 22:00,0.0,0.0
8/7/2022 23:00,0.0,0.0
8/8/2022 0:00,0.0,0.0
8/8/2022 1:00,0.0,0.0
8/8/2022 2:00,0.0,0.0
8/8/2022 3:00,0.0,0.0
8/8/2022 4:00,0.0,0.0
8/8/2022 5:00,0.0,0.0
8/8/2022 6:00,0.0,0.0
8/8/2022 7:00,0.0,0.0
8/8/2022 8:00,0.75,0.03
8/8/2022 9:00,3.75,0.16
8/8/2022 10:00,5.0,0.21
8/8/2022 11:00,11.5,0.49
8/8/2022 12:00,14.25,0.61
8/8/2022 13:00,16.25,0.69
8/8/2022 14:00,17.0,0.72
8/8/2022 15:00,16.75,0.71
8/8/2022 16:00,15.75,0.67
8/8/2022 17:00,13.5,0.57
8/8/2022 18:00,10.5,0.45
8/8/2022 19:00,6.25,0.27
8/8/2022 20:00,1.75,0.07
8/8/2022 21:00,0.25,0.01
8/8/2022 22:00,0.0,0.0
8/8/2022 23:00,0.0,0.0
8/9/2022 0:00,0.0,0.0
8/9/2022 1:00,0.0,0.0
8/9/2022 2:00,0.0,0.0
8/9/2022 3:00,0.0,0.0
8/9/2022 4:00,0.0,0.0
8/9/2022 5:00,0.0,0.0
8/9/2022 6:00,0.0,0.0
8/9/2022 7:00,0.0,0.0
8/9/2022 8:00,0.75,0.03
8/9/2022 9:00,4.0,0.17
8/9/2022 10:00,6.0,0.26
8/9/2022 11:00,11.5,0.49
8/9/2022 12:00,14.5,0.62
8/9/2022 13:00,16.0,0.68
8/9/2022 14:00,16.5,0.7
8/9/2022 15:00,16.25,0.69
8/9/2022 16:00,15.25,0.65
8/9/2022 17:00,13.25,0.56
8/9/2022 18:00,10.25,0.44
8/9/2022 19:00,6.25,0.27
8/9/2022 20:00,1.75,0.07
8/9/2022 21:00,0.25,0.01
8/9/2022 22:00,0.0,0.0
8/9/2022 23:00,0.0,0.0
8/10/2022 0:00,0.0,0.0
8/10/2022 1:00,0.0,0.0
8/10/2022 2:00,0.0,0.0
8/10/2022 3:00,0.0,0.0
8/10/2022 4:00,0.0,0.0
8/10/2022 5:00,0.0,0.0
8/10/2022 6:00,0.0,0.0
8/10/2022 7:00,0.0,0.0
8/10/2022 8:00,0.75,0.03
8/10/2022 9:00,3.75,0.16
8/10/2022 10:00,8.0,0.34
8/10/2022 11:00,12.0,0.51
8/10/2022 12:00,14.75,0.63
8/10/2022 13:00,16.25,0.69
8/10/2022 14:00,17.0,0.72
8/10/2022 15:00,16.75,0.71
8/10/2022 16:00,15.75,0.67
8/10/2022 17:00,13.5,0.57
8/10/2022 18:00,10.25,0.44
8/10/2022 19:00,6.0,0.26
8/10/2022 20:00,1.75,0.07
8/10/2022 21:00,0.0,0.0
8/10/2022 22:00,0.0,0.0
8/10/2022 23:00,0.0,0.0
8/11/2022 0:00,0.0,0.0
8/11/2022 1:00,0.0,0.0
8/11/2022 2:00,0.0,0.0
8/11/2022 3:00,0.0,0.0
8/11/2022 4:00,0.0,0.0
8/11/2022 5:00,0.0,0.0
8/11/2022 6:00,0.0,0.0
8/11/2022 7:00,0.0,0.0
8/11/2022 8:00,1.0,0.04
8/11/2022 9:00,2.5,0.11
8/11/2022 10:00,3.5,0.15
8/11/2022 11:00,5.0,0.21
8/11/2022 12:00,6.0,0.26
8/11/2022 13:00,7.75,0.33
8/11/2022 14:00,8.75,0.37
8/11/2022 15:00,12.5,0.53
8/11/2022 16:00,15.75,0.67
8/11/2022 17:00,13.25,0.56
8/11/2022 18:00,10.25,0.44
8/11/2022 19:00,6.0,0.26
8/11/2022 20:00,1.75,0.07
8/11/2022 21:00,0.0,0.0
8/11/2022 22:00,0.0,0.0
8/11/2022 23:00,0.0,0.0
8/12/2022 0:00,0.0,0.0
8/12/2022 1:00,0.0,0.0
8/12/2022 2:00,0.0,0.0
8/12/2022 3:00,0.0,0.0
8/12/2022 4:00,0.0,0.0
8/12/2022 5:00,0.0,0.0
8/12/2022 6:00,0.0,0.0
8/12/2022 7:00,0.0,0.0
8/12/2022 8:00,0.75,0.03
8/12/2022 9:00,3.75,0.16
8/12/2022 10:00,8.0,0.34
8/12/2022 11:00,11.25,0.48
8/12/2022 12:00,14.25,0.61
8/12/2022 13:00,16.0,0.68
8/12/2022 14:00,16.25,0.69
8/12/2022 15:00,16.25,0.69
8/12/2022 16:00,15.0,0.64
8/12/2022 17:00,13.0,0.55
8/12/2022 18:00,10.0,0.43
8/12/2022 19:00,6.0,0.26
8/12/2022 20:00,1.75,0.07
8/12/2022 21:00,0.25,0.01
8/12/2022 22:00,0.0,0.0
8/12/2022 23:00,0.0,0.0
8/13/2022 0:00,0.0,0.0
8/13/2022 1:00,0.0,0.0
8/13/2022 2:00,0.0,0.0
8/13/2022 3:00,0.0,0.0
8/13/2022 4:00,0.0,0.0
8/13/2022 5:00,0.0,0.0
8/13/2022 6:00,0.0,0.0
8/13/2022 7:00,0.0,0.0
8/13/2022 8:00,0.5,0.02
8/13/2022 9:00,3.5,0.15
8/13/2022 10:00,8.25,0.35
8/13/2022 11:00,10.0,0.43
8/13/2022 12:00,14.25,0.61
8/13/2022 13:00,16.0,0.68
8/13/2022 14:00,16.5,0.7
8/13/2022 15:00,16.5,0.7
8/13/2022 16:00,15.5,0.66
8/13/2022 17:00,13.5,0.57
8/13/2022 18:00,10.0,0.43
8/13/2022 19:00,6.0,0.26
8/13/2022 20:00,1.75,0.07
8/13/2022 21:00,0.0,0.0
8/13/2022 22:00,0.0,0.0
8/13/2022 23:00,0.0,0.0
8/14/2022 0:00,0.0,0.0
8/14/2022 1:00,0.0,0.0
8/14/2022 2:00,0.0,0.0
8/14/2022 3:00,0.0,0.0
8/14/2022 4:00,0.0,0.0
8/14/2022 5:00,0.0,0.0
8/14/2022 6:00,0.0,0.0
8/14/2022 7:00,0.0,0.0
8/14/2022 8:00,0.75,0.03
8/14/2022 9:00,3.5,0.15
8/14/2022 10:00,7.75,0.33
8/14/2022 11:00,12.0,0.51
8/14/2022 12:00,14.5,0.62
8/14/2022 13:00,16.25,0.69
8/14/2022 14:00,17.25,0.73
8/14/2022 15:00,16.5,0.7
8/14/2022 16:00,15.5,0.66
8/14/2022 17:00,13.25,0.56
8/14/2022 18:00,10.25,0.44
8/14/2022 19:00,6.0,0.26
8/14/2022 20:00,1.75,0.07
8/14/2022 21:00,0.0,0.0
8/14/2022 22:00,0.0,0.0
8/14/2022 23:00,0.0,0.0
8/15/2022 0:00,0.0,0.0
8/15/2022 1:00,0.0,0.0
8/15/2022 2:00,0.0,0.0
8/15/2022 3:00,0.0,0.0
8/15/2022 4:00,0.0,0.0
8/15/2022 5:00,0.0,0.0
8/15/2022 6:00,0.0,0.0
8/15/2022 7:00,0.0,0.0
8/15/2022 8:00,0.75,0.03
8/15/2022 9:00,3.5,0.15
8/15/2022 10:00,8.0,0.34
8/15/2022 11:00,11.75,0.5
8/15/2022 12:00,14.5,0.62
8/15/2022 13:00,16.0,0.68
8/15/2022 14:00,16.5,0.7
8/15/2022 15:00,16.5,0.7
8/15/2022 16:00,15.5,0.66
8/15/2022 17:00,13.25,0.56
8/15/2022 18:00,10.25,0.44
8/15/2022 19:00,5.75,0.24
8/15/2022 20:00,1.75,0.07
8/15/2022 21:00,0.0,0.0
8/15/2022 22:00,0.0,0.0
8/15/2022 23:00,0.0,0.0
8/16/2022 0:00,0.0,0.0
8/16/2022 1:00,0.0,0.0
8/16/2022 2:00,0.0,0.0
8/16/2022 3:00,0.0,0.0
8/16/2022 4:00,0.0,0.0
8/16/2022 5:00,0.0,0.0
8/16/2022 6:00,0.0,0.0
8/16/2022 7:00,0.0,0.0
8/16/2022 8:00,0.5,0.02
8/16/2022 9:00,2.0,0.09
8/16/2022 10:00,7.25,0.31
8/16/2022 11:00,11.75,0.5
8/16/2022 12:00,13.0,0.55
8/16/2022 13:00,12.75,0.54
8/16/2022 14:00,15.25,0.65
8/16/2022 15:00,17.5,0.74
8/16/2022 16:00,15.25,0.65
8/16/2022 17:00,12.75,0.54
8/16/2022 18:00,10.75,0.46
8/16/2022 19:00,6.75,0.29
8/16/2022 20:00,1.5,0.06
8/16/2022 21:00,0.25,0.01
8/16/2022 22:00,0.0,0.0
8/16/2022 23:00,0.0,0.0
8/17/2022 0:00,0.0,0.0
8/17/2022 1:00,0.0,0.0
8/17/2022 2:00,0.0,0.0
8/17/2022 3:00,0.0,0.0
8/17/2022 4:00,0.0,0.0
8/17/2022 5:00,0.0,0.0
8/17/2022 6:00,0.0,0.0
8/17/2022 7:00,0.0,0.0
8/17/2022 8:00,1.0,0.04
8/17/2022 9:00,3.25,0.14
8/17/2022 10:00,7.5,0.32
8/17/2022 11:00,13.0,0.55
8/17/2022 12:00,15.25,0.65
8/17/2022 13:00,16.75,0.71
8/17/2022 14:00,17.75,0.75
8/17/2022 15:00,17.25,0.73
8/17/2022 16:00,16.25,0.69
8/17/2022 17:00,14.0,0.6
8/17/2022 18:00,10.75,0.46
8/17/2022 19:00,6.25,0.27
8/17/2022 20:00,1.75,0.07
8/17/2022 21:00,0.0,0.0
8/17/2022 22:00,0.0,0.0
8/17/2022 23:00,0.0,0.0
8/18/2022 0:00,0.0,0.0
8/18/2022 1:00,0.0,0.0
8/18/2022 2:00,0.0,0.0
8/18/2022 3:00,0.0,0.0
8/18/2022 4:00,0.0,0.0
8/18/2022 5:00,0.0,0.0
8/18/2022 6:00,0.0,0.0
8/18/2022 7:00,0.0,0.0
8/18/2022 8:00,0.5,0.02
8/18/2022 9:00,4.0,0.17
8/18/2022 10:00,8.5,0.36
8/18/2022 11:00,12.5,0.53
8/18/2022 12:00,14.75,0.63
8/18/2022 13:00,16.25,0.69
8/18/2022 14:00,16.75,0.71
8/18/2022 15:00,16.5,0.7
8/18/2022 16:00,15.25,0.65
8/18/2022 17:00,13.25,0.56
8/18/2022 18:00,10.0,0.43
8/18/2022 19:00,6.0,0.26
8/18/2022 20:00,1.5,0.06
8/18/2022 21:00,0.25,0.01
8/18/2022 22:00,0.0,0.0
8/18/2022 23:00,0.0,0.0
8/19/2022 0:00,0.0,0.0
8/19/2022 1:00,0.0,0.0
8/19/2022 2:00,0.0,0.0
8/19/2022 3:00,0.0,0.0
8/19/2022 4:00,0.0,0.0
8/19/2022 5:00,0.0,0.0
8/19/2022 6:00,0.0,0.0
8/19/2022 7:00,0.0,0.0
8/19/2022 8:00,0.5,0.02
8/19/2022 9:00,3.75,0.16
8/19/2022 10:00,8.5,0.36
8/19/2022 11:00,12.0,0.51
8/19/2022 12:00,14.75,0.63
8/19/2022 13:00,16.0,0.68
8/19/2022 14:00,16.25,0.69
8/19/2022 15:00,16.0,0.68
8/19/2022 16:00,14.75,0.63
8/19/2022 17:00,12.75,0.54
8/19/2022 18:00,10.0,0.43
8/19/2022 19:00,5.75,0.24
8/19/2022 20:00,1.25,0.05
8/19/2022 21:00,0.25,0.01
8/19/2022 22:00,0.0,0.0
8/19/2022 23:00,0.0,0.0
8/20/2022 0:00,0.0,0.0
8/20/2022 1:00,0.0,0.0
8/20/2022 2:00,0.0,0.0
8/20/2022 3:00,0.0,0.0
8/20/2022 4:00,0.0,0.0
8/20/2022 5:00,0.0,0.0
8/20/2022 6:00,0.0,0.0
8/20/2022 7:00,0.0,0.0
8/20/2022 8:00,0.5,0.02
8/20/2022 9:00,3.25,0.14
8/20/2022 10:00,8.0,0.34
8/20/2022 11:00,11.5,0.49
8/20/2022 12:00,14.0,0.6
8/20/2022 13:00,15.5,0.66
8/20/2022 14:00,16.0,0.68
8/20/2022 15:00,16.0,0.68
8/20/2022 16:00,15.25,0.65
8/20/2022 17:00,13.25,0.56
8/20/2022 18:00,10.0,0.43
8/20/2022 19:00,5.75,0.24
8/20/2022 20:00,1.5,0.06
8/20/2022 21:00,0.0,0.0
8/20/2022 22:00,0.0,0.0
8/20/2022 23:00,0.0,0.0
8/21/2022 0:00,0.0,0.0
8/21/2022 1:00,0.0,0.0
8/21/2022 2:00,0.0,0.0
8/21/2022 3:00,0.0,0.0
8/21/2022 4:00,0.0,0.0
8/21/2022 5:00,0.0,0.0
8/21/2022 6:00,0.0,0.0
8/21/2022 7:00,0.0,0.0
8/21/2022 8:00,0.5,0.02
8/21/2022 9:00,3.75,0.16
8/21/2022 10:00,8.75,0.37
8/21/2022 11:00,12.25,0.52
8/21/2022 12:00,15.0,0.64
8/21/2022 13:00,16.75,0.71
8/21/2022 14:00,17.25,0.73
8/21/2022 15:00,17.0,0.72
8/21/2022 16:00,15.5,0.66
8/21/2022 17:00,13.5,0.57
8/21/2022 18:00,10.0,0.43
8/21/2022 19:00,6.0,0.26
8/21/2022 20:00,1.25,0.05
8/21/2022 21:00,0.0,0.0
8/21/2022 22:00,0.0,0.0
8/21/2022 23:00,0.0,0.0
8/22/2022 0:00,0.0,0.0
8/22/2022 1:00,0.0,0.0
8/22/2022 2:00,0.0,0.0
8/22/2022 3:00,0.0,0.0
8/22/2022 4:00,0.0,0.0
8/22/2022 5:00,0.0,0.0
8/22/2022 6:00,0.0,0.0
8/22/2022 7:00,0.0,0.0
8/22/2022 8:00,0.5,0.02
8/22/2022 9:00,3.0,0.13
8/22/2022 10:00,7.0,0.3
8/22/2022 11:00,11.25,0.48
8/22/2022 12:00,13.75,0.58
8/22/2022 13:00,15.25,0.65
8/22/2022 14:00,16.0,0.68
8/22/2022 15:00,16.0,0.68
8/22/2022 16:00,14.75,0.63
8/22/2022 17:00,12.75,0.54
8/22/2022 18:00,9.5,0.4
8/22/2022 19:00,5.25,0.22
8/22/2022 20:00,1.25,0.05
8/22/2022 21:00,0.0,0.0
8/22/2022 22:00,0.0,0.0
8/22/2022 23:00,0.0,0.0
8/23/2022 0:00,0.0,0.0
8/23/2022 1:00,0.0,0.0
8/23/2022 2:00,0.0,0.0
8/23/2022 3:00,0.0,0.0
8/23/2022 4:00,0.0,0.0
8/23/2022 5:00,0.0,0.0
8/23/2022 6:00,0.0,0.0
8/23/2022 7:00,0.0,0.0
8/23/2022 8:00,0.5,0.02
8/23/2022 9:00,3.5,0.15
8/23/2022 10:00,7.5,0.32
8/23/2022 11:00,11.5,0.49
8/23/2022 12:00,14.25,0.61
8/23/2022 13:00,14.75,0.63
8/23/2022 14:00,15.5,0.66
8/23/2022 15:00,15.0,0.64
8/23/2022 16:00,13.75,0.58
8/23/2022 17:00,12.0,0.51
8/23/2022 18:00,9.25,0.39
8/23/2022 19:00,5.25,0.22
8/23/2022 20:00,1.0,0.04
8/23/2022 21:00,0.0,0.0
8/23/2022 22:00,0.0,0.0
8/23/2022 23:00,0.0,0.0
8/24/2022 0:00,0.0,0.0
8/24/2022 1:00,0.0,0.0
8/24/2022 2:00,0.0,0.0
8/24/2022 3:00,0.0,0.0
8/24/2022 4:00,0.0,0.0
8/24/2022 5:00,0.0,0.0
8/24/2022 6:00,0.0,0.0
8/24/2022 7:00,0.0,0.0
8/24/2022 8:00,0.5,0.02
8/24/2022 9:00,2.75,0.12
8/24/2022 10:00,6.5,0.28
8/24/2022 11:00,9.0,0.38
8/24/2022 12:00,11.75,0.5
8/24/2022 13:00,15.5,0.66
8/24/2022 14:00,16.5,0.7
8/24/2022 15:00,16.5,0.7
8/24/2022 16:00,15.0,0.64
8/24/2022 17:00,10.75,0.46
8/24/2022 18:00,8.0,0.34
8/24/2022 19:00,5.0,0.21
8/24/2022 20:00,1.5,0.06
8/24/2022 21:00,0.0,0.0
8/24/2022 22:00,0.0,0.0
8/24/2022 23:00,0.0,0.0
8/25/2022 0:00,0.0,0.0
8/25/2022 1:00,0.0,0.0
8/25/2022 2:00,0.0,0.0
8/25/2022 3:00,0.0,0.0
8/25/2022 4:00,0.0,0.0
8/25/2022 5:00,0.0,0.0
8/25/2022 6:00,0.0,0.0
8/25/2022 7:00,0.0,0.0
8/25/2022 8:00,0.25,0.01
8/25/2022 9:00,1.25,0.05
8/25/2022 10:00,2.5,0.11
8/25/2022 11:00,4.0,0.17
8/25/2022 12:00,10.5,0.45
8/25/2022 13:00,17.0,0.72
8/25/2022 14:00,17.5,0.74
8/25/2022 15:00,17.0,0.72
8/25/2022 16:00,15.75,0.67
8/25/2022 17:00,13.25,0.56
8/25/2022 18:00,10.25,0.44
8/25/2022 19:00,5.75,0.24
8/25/2022 20:00,1.0,0.04
8/25/2022 21:00,0.0,0.0
8/25/2022 22:00,0.0,0.0
8/25/2022 23:00,0.0,0.0
8/26/2022 0:00,0.0,0.0
8/26/2022 1:00,0.0,0.0
8/26/2022 2:00,0.0,0.0
8/26/2022 3:00,0.0,0.0
8/26/2022 4:00,0.0,0.0
8/26/2022 5:00,0.0,0.0
8/26/2022 6:00,0.0,0.0
8/26/2022 7:00,0.0,0.0
8/26/2022 8:00,0.5,0.02
8/26/2022 9:00,1.5,0.06
8/26/2022 10:00,4.5,0.19
8/26/2022 11:00,11.75,0.5
8/26/2022 12:00,14.75,0.63
8/26/2022 13:00,16.25,0.69
8/26/2022 14:00,17.0,0.72
8/26/2022 15:00,16.5,0.7
8/26/2022 16:00,15.5,0.66
8/26/2022 17:00,13.5,0.57
8/26/2022 18:00,10.0,0.43
8/26/2022 19:00,5.75,0.24
8/26/2022 20:00,1.0,0.04
8/26/2022 21:00,0.0,0.0
8/26/2022 22:00,0.0,0.0
8/26/2022 23:00,0.0,0.0
8/27/2022 0:00,0.0,0.0
8/27/2022 1:00,0.0,0.0
8/27/2022 2:00,0.0,0.0
8/27/2022 3:00,0.0,0.0
8/27/2022 4:00,0.0,0.0
8/27/2022 5:00,0.0,0.0
8/27/2022 6:00,0.0,0.0
8/27/2022 7:00,0.0,0.0
8/27/2022 8:00,0.0,0.0
8/27/2022 9:00,0.75,0.03
8/27/2022 10:00,2.0,0.09
8/27/2022 11:00,4.5,0.19
8/27/2022 12:00,12.0,0.51
8/27/2022 13:00,16.25,0.69
8/27/2022 14:00,16.75,0.71
8/27/2022 15:00,16.5,0.7
8/27/2022 16:00,15.25,0.65
8/27/2022 17:00,13.25,0.56
8/27/2022 18:00,9.75,0.41
8/27/2022 19:00,5.5,0.23
8/27/2022 20:00,1.0,0.04
8/27/2022 21:00,0.0,0.0
8/27/2022 22:00,0.0,0.0
8/27/2022 23:00,0.0,0.0
8/28/2022 0:00,0.0,0.0
8/28/2022 1:00,0.0,0.0
8/28/2022 2:00,0.0,0.0
8/28/2022 3:00,0.0,0.0
8/28/2022 4:00,0.0,0.0
8/28/2022 5:00,0.0,0.0
8/28/2022 6:00,0.0,0.0
8/28/2022 7:00,0.0,0.0
8/28/2022 8:00,0.25,0.01
8/28/2022 9:00,1.75,0.07
8/28/2022 10:00,6.0,0.26
8/28/2022 11:00,11.75,0.5
8/28/2022 12:00,14.5,0.62
8/28/2022 13:00,16.0,0.68
8/28/2022 14:00,16.5,0.7
8/28/2022 15:00,16.5,0.7
8/28/2022 16:00,15.0,0.64
8/28/2022 17:00,12.75,0.54
8/28/2022 18:00,9.0,0.38
8/28/2022 19:00,3.0,0.13
8/28/2022 20:00,1.25,0.05
8/28/2022 21:00,0.0,0.0
8/28/2022 22:00,0.0,0.0
8/28/2022 23:00,0.0,0.0
8/29/2022 0:00,0.0,0.0
8/29/2022 1:00,0.0,0.0
8/29/2022 2:00,0.0,0.0
8/29/2022 3:00,0.0,0.0
8/29/2022 4:00,0.0,0.0
8/29/2022 5:00,0.0,0.0
8/29/2022 6:00,0.0,0.0
8/29/2022 7:00,0.0,0.0
8/29/2022 8:00,0.5,0.02
8/29/2022 9:00,2.25,0.1
8/29/2022 10:00,4.75,0.2
8/29/2022 11:00,6.5,0.28
8/29/2022 12:00,9.25,0.39
8/29/2022 13:00,12.0,0.51
8/29/2022 14:00,15.75,0.67
8/29/2022 15:00,16.75,0.71
8/29/2022 16:00,15.25,0.65
8/29/2022 17:00,12.75,0.54
8/29/2022 18:00,9.5,0.4
8/29/2022 19:00,5.25,0.22
8/29/2022 20:00,0.75,0.03
8/29/2022 21:00,0.0,0.0
8/29/2022 22:00,0.0,0.0
8/29/2022 23:00,0.0,0.0
8/30/2022 0:00,0.0,0.0
8/30/2022 1:00,0.0,0.0
8/30/2022 2:00,0.0,0.0
8/30/2022 3:00,0.0,0.0
8/30/2022 4:00,0.0,0.0
8/30/2022 5:00,0.0,0.0
8/30/2022 6:00,0.0,0.0
8/30/2022 7:00,0.0,0.0
8/30/2022 8:00,0.5,0.02
8/30/2022 9:00,3.5,0.15
8/30/2022 10:00,8.0,0.34
8/30/2022 11:00,11.25,0.48
8/30/2022 12:00,14.5,0.62
8/30/2022 13:00,14.25,0.61
8/30/2022 14:00,16.25,0.69
8/30/2022 15:00,16.25,0.69
8/30/2022 16:00,15.25,0.65
8/30/2022 17:00,13.0,0.55
8/30/2022 18:00,9.5,0.4
8/30/2022 19:00,5.25,0.22
8/30/2022 20:00,0.75,0.03
8/30/2022 21:00,0.0,0.0
8/30/2022 22:00,0.0,0.0
8/30/2022 23:00,0.0,0.0
8/31/2022 0:00,0.0,0.0
8/31/2022 1:00,0.0,0.0
8/31/2022 2:00,0.0,0.0
8/31/2022 3:00,0.0,0.0
8/31/2022 4:00,0.0,0.0
8/31/2022 5:00,0.0,0.0
8/31/2022 6:00,0.0,0.0
8/31/2022 7:00,0.0,0.0
8/31/2022 8:00,0.5,0.02
8/31/2022 9:00,3.25,0.14
8/31/2022 10:00,7.75,0.33
8/31/2022 11:00,11.75,0.5
8/31/2022 12:00,14.0,0.6
8/31/2022 13:00,16.0,0.68
8/31/2022 14:00,16.5,0.7
8/31/2022 15:00,16.0,0.68
8/31/2022 16:00,14.75,0.63
8/31/2022 17:00,12.5,0.53
8/31/2022 18:00,9.25,0.39
8/31/2022 19:00,5.25,0.22
8/31/2022 20:00,0.75,0.03
8/31/2022 21:00,0.0,0.0
8/31/2022 22:00,0.0,0.0
8/31/2022 23:00,0.0,0.0
9/1/2022 0:00,0.0,0.0
9/1/2022 1:00,0.0,0.0
9/1/2022 2:00,0.0,0.0
9/1/2022 3:00,0.0,0.0
9/1/2022 4:00,0.0,0.0
9/1/2022 5:00,0.0,0.0
9/1/2022 6:00,0.0,0.0
9/1/2022 7:00,0.0,0.0
9/1/2022 8:00,0.25,0.01
9/1/2022 9:00,3.5,0.15
9/1/2022 10:00,7.75,0.33
9/1/2022 11:00,11.25,0.48
9/1/2022 12:00,14.5,0.62
9/1/2022 13:00,15.75,0.67
9/1/2022 14:00,13.75,0.58
9/1/2022 15:00,15.0,0.64
9/1/2022 16:00,15.0,0.64
9/1/2022 17:00,13.0,0.55
9/1/2022 18:00,9.75,0.41
9/1/2022 19:00,5.0,0.21
9/1/2022 20:00,0.5,0.02
9/1/2022 21:00,0.0,0.0
9/1/2022 22:00,0.0,0.0
9/1/2022 23:00,0.0,0.0
9/2/2022 0:00,0.0,0.0
9/2/2022 1:00,0.0,0.0
9/2/2022 2:00,0.0,0.0
9/2/2022 3:00,0.0,0.0
9/2/2022 4:00,0.0,0.0
9/2/2022 5:00,0.0,0.0
9/2/2022 6:00,0.0,0.0
9/2/2022 7:00,0.0,0.0
9/2/2022 8:00,0.5,0.02
9/2/2022 9:00,3.5,0.15
9/2/2022 10:00,7.25,0.31
9/2/2022 11:00,11.25,0.48
9/2/2022 12:00,11.75,0.5
9/2/2022 13:00,11.75,0.5
9/2/2022 14:00,10.0,0.43
9/2/2022 15:00,17.0,0.72
9/2/2022 16:00,14.0,0.6
9/2/2022 17:00,11.5,0.49
9/2/2022 18:00,7.0,0.3
9/2/2022 19:00,3.5,0.15
9/2/2022 20:00,0.75,0.03
9/2/2022 21:00,0.0,0.0
9/2/2022 22:00,0.0,0.0
9/2/2022 23:00,0.0,0.0
9/3/2022 0:00,0.0,0.0
9/3/2022 1:00,0.0,0.0
9/3/2022 2:00,0.0,0.0
9/3/2022 3:00,0.0,0.0
9/3/2022 4:00,0.0,0.0
9/3/2022 5:00,0.0,0.0
9/3/2022 6:00,0.0,0.0
9/3/2022 7:00,0.0,0.0
9/3/2022 8:00,0.25,0.01
9/3/2022 9:00,3.25,0.14
9/3/2022 10:00,7.75,0.33
9/3/2022 11:00,11.75,0.5
9/3/2022 12:00,14.75,0.63
9/3/2022 13:00,16.0,0.68
9/3/2022 14:00,16.75,0.71
9/3/2022 15:00,16.5,0.7
9/3/2022 16:00,15.0,0.64
9/3/2022 17:00,13.0,0.55
9/3/2022 18:00,9.0,0.38
9/3/2022 19:00,5.0,0.21
9/3/2022 20:00,0.5,0.02
9/3/2022 21:00,0.0,0.0
9/3/2022 22:00,0.0,0.0
9/3/2022 23:00,0.0,0.0
9/4/2022 0:00,0.0,0.0
9/4/2022 1:00,0.0,0.0
9/4/2022 2:00,0.0,0.0
9/4/2022 3:00,0.0,0.0
9/4/2022 4:00,0.0,0.0
9/4/2022 5:00,0.0,0.0
9/4/2022 6:00,0.0,0.0
9/4/2022 7:00,0.0,0.0
9/4/2022 8:00,0.25,0.01
9/4/2022 9:00,3.25,0.14
9/4/2022 10:00,5.25,0.22
9/4/2022 11:00,11.25,0.48
9/4/2022 12:00,14.5,0.62
9/4/2022 13:00,15.25,0.65
9/4/2022 14:00,16.25,0.69
9/4/2022 15:00,15.5,0.66
9/4/2022 16:00,15.0,0.64
9/4/2022 17:00,12.75,0.54
9/4/2022 18:00,9.25,0.39
9/4/2022 19:00,4.5,0.19
9/4/2022 20:00,0.5,0.02
9/4/2022 21:00,0.0,0.0
9/4/2022 22:00,0.0,0.0
9/4/2022 23:00,0.0,0.0
9/5/2022 0:00,0.0,0.0
9/5/2022 1:00,0.0,0.0
9/5/2022 2:00,0.0,0.0
9/5/2022 3:00,0.0,0.0
9/5/2022 4:00,0.0,0.0
9/5/2022 5:00,0.0,0.0
9/5/2022 6:00,0.0,0.0
9/5/2022 7:00,0.0,0.0
9/5/2022 8:00,0.5,0.02
9/5/2022 9:00,1.25,0.05
9/5/2022 10:00,3.0,0.13
9/5/2022 11:00,6.75,0.29
9/5/2022 12:00,14.75,0.63
9/5/2022 13:00,15.75,0.67
9/5/2022 14:00,17.0,0.72
9/5/2022 15:00,16.5,0.7
9/5/2022 16:00,15.25,0.65
9/5/2022 17:00,12.75,0.54
9/5/2022 18:00,7.25,0.31
9/5/2022 19:00,3.25,0.14
9/5/2022 20:00,0.25,0.01
9/5/2022 21:00,0.0,0.0
9/5/2022 22:00,0.0,0.0
9/5/2022 23:00,0.0,0.0
9/6/2022 0:00,0.0,0.0
9/6/2022 1:00,0.0,0.0
9/6/2022 2:00,0.0,0.0
9/6/2022 3:00,0.0,0.0
9/6/2022 4:00,0.0,0.0
9/6/2022 5:00,0.0,0.0
9/6/2022 6:00,0.0,0.0
9/6/2022 7:00,0.0,0.0
9/6/2022 8:00,0.5,0.02
9/6/2022 9:00,3.25,0.14
9/6/2022 10:00,8.0,0.34
9/6/2022 11:00,11.0,0.47
9/6/2022 12:00,12.75,0.54
9/6/2022 13:00,15.5,0.66
9/6/2022 14:00,16.5,0.7
9/6/2022 15:00,16.75,0.71
9/6/2022 16:00,15.25,0.65
9/6/2022 17:00,12.75,0.54
9/6/2022 18:00,9.5,0.4
9/6/2022 19:00,5.0,0.21
9/6/2022 20:00,0.25,0.01
9/6/2022 21:00,0.0,0.0
9/6/2022 22:00,0.0,0.0
9/6/2022 23:00,0.0,0.0
9/7/2022 0:00,0.0,0.0
9/7/2022 1:00,0.0,0.0
9/7/2022 2:00,0.0,0.0
9/7/2022 3:00,0.0,0.0
9/7/2022 4:00,0.0,0.0
9/7/2022 5:00,0.0,0.0
9/7/2022 6:00,0.0,0.0
9/7/2022 7:00,0.0,0.0
9/7/2022 8:00,0.25,0.01
9/7/2022 9:00,1.0,0.04
9/7/2022 10:00,4.75,0.2
9/7/2022 11:00,9.0,0.38
9/7/2022 12:00,10.0,0.43
9/7/2022 13:00,11.75,0.5
9/7/2022 14:00,15.0,0.64
9/7/2022 15:00,14.5,0.62
9/7/2022 16:00,12.25,0.52
9/7/2022 17:00,12.0,0.51
9/7/2022 18:00,8.5,0.36
9/7/2022 19:00,4.5,0.19
9/7/2022 20:00,0.25,0.01
9/7/2022 21:00,0.0,0.0
9/7/2022 22:00,0.0,0.0
9/7/2022 23:00,0.0,0.0
9/8/2022 0:00,0.0,0.0
9/8/2022 1:00,0.0,0.0
9/8/2022 2:00,0.0,0.0
9/8/2022 3:00,0.0,0.0
9/8/2022 4:00,0.0,0.0
9/8/2022 5:00,0.0,0.0
9/8/2022 6:00,0.0,0.0
9/8/2022 7:00,0.0,0.0
9/8/2022 8:00,0.5,0.02
9/8/2022 9:00,1.75,0.07
9/8/2022 10:00,3.25,0.14
9/8/2022 11:00,6.0,0.26
9/8/2022 12:00,4.5,0.19
9/8/2022 13:00,5.0,0.21
9/8/2022 14:00,8.0,0.34
9/8/2022 15:00,7.25,0.31
9/8/2022 16:00,5.5,0.23
9/8/2022 17:00,2.75,0.12
9/8/2022 18:00,2.0,0.09
9/8/2022 19:00,0.75,0.03
9/8/2022 20:00,0.25,0.01
9/8/2022 21:00,0.0,0.0
9/8/2022 22:00,0.0,0.0
9/8/2022 23:00,0.0,0.0
9/9/2022 0:00,0.0,0.0
9/9/2022 1:00,0.0,0.0
9/9/2022 2:00,0.0,0.0
9/9/2022 3:00,0.0,0.0
9/9/2022 4:00,0.0,0.0
9/9/2022 5:00,0.0,0.0
9/9/2022 6:00,0.0,0.0
9/9/2022 7:00,0.0,0.0
9/9/2022 8:00,0.25,0.01
9/9/2022 9:00,1.5,0.06
9/9/2022 10:00,6.5,0.28
9/9/2022 11:00,10.0,0.43
9/9/2022 12:00,12.75,0.54
9/9/2022 13:00,15.25,0.65
9/9/2022 14:00,15.75,0.67
9/9/2022 15:00,15.75,0.67
9/9/2022 16:00,14.5,0.62
9/9/2022 17:00,12.5,0.53
9/9/2022 18:00,9.0,0.38
9/9/2022 19:00,4.5,0.19
9/9/2022 20:00,0.0,0.0
9/9/2022 21:00,0.0,0.0
9/9/2022 22:00,0.0,0.0
9/9/2022 23:00,0.0,0.0
9/10/2022 0:00,0.0,0.0
9/10/2022 1:00,0.0,0.0
9/10/2022 2:00,0.0,0.0
9/10/2022 3:00,0.0,0.0
9/10/2022 4:00,0.0,0.0
9/10/2022 5:00,0.0,0.0
9/10/2022 6:00,0.0,0.0
9/10/2022 7:00,0.0,0.0
9/10/2022 8:00,0.5,0.02
9/10/2022 9:00,3.0,0.13
9/10/2022 10:00,8.0,0.34
9/10/2022 11:00,11.5,0.49
9/10/2022 12:00,14.25,0.61
9/10/2022 13:00,15.5,0.66
9/10/2022 14:00,16.25,0.69
9/10/2022 15:00,15.75,0.67
9/10/2022 16:00,14.5,0.62
9/10/2022 17:00,12.25,0.52
9/10/2022 18:00,8.75,0.37
9/10/2022 19:00,4.25,0.18
9/10/2022 20:00,0.25,0.01
9/10/2022 21:00,0.0,0.0
9/10/2022 22:00,0.0,0.0
9/10/2022 23:00,0.0,0.0
9/11/2022 0:00,0.0,0.0
9/11/2022 1:00,0.0,0.0
9/11/2022 2:00,0.0,0.0
9/11/2022 3:00,0.0,0.0
9/11/2022 4:00,0.0,0.0
9/11/2022 5:00,0.0,0.0
9/11/2022 6:00,0.0,0.0
9/11/2022 7:00,0.0,0.0
9/11/2022 8:00,0.25,0.01
9/11/2022 9:00,2.5,0.11
9/11/2022 10:00,5.5,0.23
9/11/2022 11:00,11.75,0.5
9/11/2022 12:00,14.25,0.61
9/11/2022 13:00,15.75,0.67
9/11/2022 14:00,16.5,0.7
9/11/2022 15:00,16.0,0.68
9/11/2022 16:00,7.0,0.3
9/11/2022 17:00,3.5,0.15
9/11/2022 18:00,3.0,0.13
9/11/2022 19:00,1.25,0.05
9/11/2022 20:00,0.25,0.01
9/11/2022 21:00,0.0,0.0
9/11/2022 22:00,0.0,0.0
9/11/2022 23:00,0.0,0.0
9/12/2022 0:00,0.0,0.0
9/12/2022 1:00,0.0,0.0
9/12/2022 2:00,0.0,0.0
9/12/2022 3:00,0.0,0.0
9/12/2022 4:00,0.0,0.0
9/12/2022 5:00,0.0,0.0
9/12/2022 6:00,0.0,0.0
9/12/2022 7:00,0.0,0.0
9/12/2022 8:00,0.0,0.0
9/12/2022 9:00,1.25,0.05
9/12/2022 10:00,3.0,0.13
9/12/2022 11:00,1.0,0.04
9/12/2022 12:00,0.75,0.03
9/12/2022 13:00,3.5,0.15
9/12/2022 14:00,5.0,0.21
9/12/2022 15:00,3.25,0.14
9/12/2022 16:00,3.25,0.14
9/12/2022 17:00,2.0,0.09
9/12/2022 18:00,2.25,0.1
9/12/2022 19:00,3.0,0.13
9/12/2022 20:00,0.5,0.02
9/12/2022 21:00,0.0,0.0
9/12/2022 22:00,0.0,0.0
9/12/2022 23:00,0.0,0.0
9/13/2022 0:00,0.0,0.0
9/13/2022 1:00,0.0,0.0
9/13/2022 2:00,0.0,0.0
9/13/2022 3:00,0.0,0.0
9/13/2022 4:00,0.0,0.0
9/13/2022 5:00,0.0,0.0
9/13/2022 6:00,0.0,0.0
9/13/2022 7:00,0.0,0.0
9/13/2022 8:00,0.0,0.0
9/13/2022 9:00,3.75,0.16
9/13/2022 10:00,1.5,0.06
9/13/2022 11:00,4.5,0.19
9/13/2022 12:00,10.75,0.46
9/13/2022 13:00,11.75,0.5
9/13/2022 14:00,12.75,0.54
9/13/2022 15:00,10.75,0.46
9/13/2022 16:00,9.0,0.38
9/13/2022 17:00,5.5,0.23
9/13/2022 18:00,5.75,0.24
9/13/2022 19:00,1.75,0.07
9/13/2022 20:00,0.0,0.0
9/13/2022 21:00,0.0,0.0
9/13/2022 22:00,0.0,0.0
9/13/2022 23:00,0.0,0.0
9/14/2022 0:00,0.0,0.0
9/14/2022 1:00,0.0,0.0
9/14/2022 2:00,0.0,0.0
9/14/2022 3:00,0.0,0.0
9/14/2022 4:00,0.0,0.0
9/14/2022 5:00,0.0,0.0
9/14/2022 6:00,0.0,0.0
9/14/2022 7:00,0.0,0.0
9/14/2022 8:00,0.5,0.02
9/14/2022 9:00,1.75,0.07
9/14/2022 10:00,4.25,0.18
9/14/2022 11:00,7.0,0.3
9/14/2022 12:00,12.75,0.54
9/14/2022 13:00,17.0,0.72
9/14/2022 14:00,17.25,0.73
9/14/2022 15:00,15.75,0.67
9/14/2022 16:00,9.25,0.39
9/14/2022 17:00,7.5,0.32
9/14/2022 18:00,4.25,0.18
9/14/2022 19:00,2.0,0.09
9/14/2022 20:00,0.25,0.01
9/14/2022 21:00,0.0,0.0
9/14/2022 22:00,0.0,0.0
9/14/2022 23:00,0.0,0.0
9/15/2022 0:00,0.0,0.0
9/15/2022 1:00,0.0,0.0
9/15/2022 2:00,0.0,0.0
9/15/2022 3:00,0.0,0.0
9/15/2022 4:00,0.0,0.0
9/15/2022 5:00,0.0,0.0
9/15/2022 6:00,0.0,0.0
9/15/2022 7:00,0.0,0.0
9/15/2022 8:00,0.0,0.0
9/15/2022 9:00,1.25,0.05
9/15/2022 10:00,3.25,0.14
9/15/2022 11:00,5.75,0.24
9/15/2022 12:00,9.25,0.39
9/15/2022 13:00,11.25,0.48
9/15/2022 14:00,13.5,0.57
9/15/2022 15:00,6.0,0.26
9/15/2022 16:00,9.0,0.38
9/15/2022 17:00,12.0,0.51
9/15/2022 18:00,3.25,0.14
9/15/2022 19:00,2.25,0.1
9/15/2022 20:00,0.25,0.01
9/15/2022 21:00,0.0,0.0
9/15/2022 22:00,0.0,0.0
9/15/2022 23:00,0.0,0.0
9/16/2022 0:00,0.0,0.0
9/16/2022 1:00,0.0,0.0
9/16/2022 2:00,0.0,0.0
9/16/2022 3:00,0.0,0.0
9/16/2022 4:00,0.0,0.0
9/16/2022 5:00,0.0,0.0
9/16/2022 6:00,0.0,0.0
9/16/2022 7:00,0.0,0.0
9/16/2022 8:00,0.5,0.02
9/16/2022 9:00,3.5,0.15
9/16/2022 10:00,4.75,0.2
9/16/2022 11:00,10.5,0.45
9/16/2022 12:00,10.75,0.46
9/16/2022 13:00,16.0,0.68
9/16/2022 14:00,12.25,0.52
9/16/2022 15:00,9.25,0.39
9/16/2022 16:00,7.0,0.3
9/16/2022 17:00,6.75,0.29
9/16/2022 18:00,7.5,0.32
9/16/2022 19:00,3.5,0.15
9/16/2022 20:00,0.0,0.0
9/16/2022 21:00,0.0,0.0
9/16/2022 22:00,0.0,0.0
9/16/2022 23:00,0.0,0.0
9/17/2022 0:00,0.0,0.0
9/17/2022 1:00,0.0,0.0
9/17/2022 2:00,0.0,0.0
9/17/2022 3:00,0.0,0.0
9/17/2022 4:00,0.0,0.0
9/17/2022 5:00,0.0,0.0
9/17/2022 6:00,0.0,0.0
9/17/2022 7:00,0.0,0.0
9/17/2022 8:00,0.25,0.01
9/17/2022 9:00,3.0,0.13
9/17/2022 10:00,7.75,0.33
9/17/2022 11:00,11.25,0.48
9/17/2022 12:00,14.25,0.61
9/17/2022 13:00,15.5,0.66
9/17/2022 14:00,16.0,0.68
9/17/2022 15:00,15.5,0.66
9/17/2022 16:00,14.0,0.6
9/17/2022 17:00,11.75,0.5
9/17/2022 18:00,7.75,0.33
9/17/2022 19:00,3.0,0.13
9/17/2022 20:00,0.25,0.01
9/17/2022 21:00,0.0,0.0
9/17/2022 22:00,0.0,0.0
9/17/2022 23:00,0.0,0.0
9/18/2022 0:00,0.0,0.0
9/18/2022 1:00,0.0,0.0
9/18/2022 2:00,0.0,0.0
9/18/2022 3:00,0.0,0.0
9/18/2022 4:00,0.0,0.0
9/18/2022 5:00,0.0,0.0
9/18/2022 6:00,0.0,0.0
9/18/2022 7:00,0.0,0.0
9/18/2022 8:00,0.0,0.0
9/18/2022 9:00,1.5,0.06
9/18/2022 10:00,5.5,0.23
9/18/2022 11:00,10.5,0.45
9/18/2022 12:00,13.75,0.58
9/18/2022 13:00,14.25,0.61
9/18/2022 14:00,14.0,0.6
9/18/2022 15:00,12.25,0.52
9/18/2022 16:00,13.5,0.57
9/18/2022 17:00,7.25,0.31
9/18/2022 18:00,6.25,0.27
9/18/2022 19:00,2.75,0.12
9/18/2022 20:00,0.25,0.01
9/18/2022 21:00,0.0,0.0
9/18/2022 22:00,0.0,0.0
9/18/2022 23:00,0.0,0.0
9/19/2022 0:00,0.0,0.0
9/19/2022 1:00,0.0,0.0
9/19/2022 2:00,0.0,0.0
9/19/2022 3:00,0.0,0.0
9/19/2022 4:00,0.0,0.0
9/19/2022 5:00,0.0,0.0
9/19/2022 6:00,0.0,0.0
9/19/2022 7:00,0.0,0.0
9/19/2022 8:00,0.25,0.01
9/19/2022 9:00,2.5,0.11
9/19/2022 10:00,6.75,0.29
9/19/2022 11:00,10.25,0.44
9/19/2022 12:00,13.75,0.58
9/19/2022 13:00,13.0,0.55
9/19/2022 14:00,12.5,0.53
9/19/2022 15:00,8.25,0.35
9/19/2022 16:00,11.5,0.49
9/19/2022 17:00,7.5,0.32
9/19/2022 18:00,6.5,0.28
9/19/2022 19:00,2.5,0.11
9/19/2022 20:00,0.25,0.01
9/19/2022 21:00,0.0,0.0
9/19/2022 22:00,0.0,0.0
9/19/2022 23:00,0.0,0.0
9/20/2022 0:00,0.0,0.0
9/20/2022 1:00,0.0,0.0
9/20/2022 2:00,0.0,0.0
9/20/2022 3:00,0.0,0.0
9/20/2022 4:00,0.0,0.0
9/20/2022 5:00,0.0,0.0
9/20/2022 6:00,0.0,0.0
9/20/2022 7:00,0.0,0.0
9/20/2022 8:00,0.25,0.01
9/20/2022 9:00,2.5,0.11
9/20/2022 10:00,6.75,0.29
9/20/2022 11:00,10.5,0.45
9/20/2022 12:00,13.25,0.56
9/20/2022 13:00,14.75,0.63
9/20/2022 14:00,15.25,0.65
9/20/2022 15:00,13.75,0.58
9/20/2022 16:00,13.5,0.57
9/20/2022 17:00,11.0,0.47
9/20/2022 18:00,8.5,0.36
9/20/2022 19:00,3.5,0.15
9/20/2022 20:00,0.0,0.0
9/20/2022 21:00,0.0,0.0
9/20/2022 22:00,0.0,0.0
9/20/2022 23:00,0.0,0.0
9/21/2022 0:00,0.0,0.0
9/21/2022 1:00,0.0,0.0
9/21/2022 2:00,0.0,0.0
9/21/2022 3:00,0.0,0.0
9/21/2022 4:00,0.0,0.0
9/21/2022 5:00,0.0,0.0
9/21/2022 6:00,0.0,0.0
9/21/2022 7:00,0.0,0.0
9/21/2022 8:00,0.25,0.01
9/21/2022 9:00,3.5,0.15
9/21/2022 10:00,7.5,0.32
9/21/2022 11:00,10.75,0.46
9/21/2022 12:00,14.0,0.6
9/21/2022 13:00,15.25,0.65
9/21/2022 14:00,11.0,0.47
9/21/2022 15:00,13.75,0.58
9/21/2022 16:00,14.25,0.61
9/21/2022 17:00,11.5,0.49
9/21/2022 18:00,7.5,0.32
9/21/2022 19:00,2.5,0.11
9/21/2022 20:00,0.25,0.01
9/21/2022 21:00,0.0,0.0
9/21/2022 22:00,0.0,0.0
9/21/2022 23:00,0.0,0.0
9/22/2022 0:00,0.0,0.0
9/22/2022 1:00,0.0,0.0
9/22/2022 2:00,0.0,0.0
9/22/2022 3:00,0.0,0.0
9/22/2022 4:00,0.0,0.0
9/22/2022 5:00,0.0,0.0
9/22/2022 6:00,0.0,0.0
9/22/2022 7:00,0.0,0.0
9/22/2022 8:00,0.25,0.01
9/22/2022 9:00,2.75,0.12
9/22/2022 10:00,7.25,0.31
9/22/2022 11:00,11.25,0.48
9/22/2022 12:00,14.0,0.6
9/22/2022 13:00,15.25,0.65
9/22/2022 14:00,15.5,0.66
9/22/2022 15:00,15.5,0.66
9/22/2022 16:00,14.0,0.6
9/22/2022 17:00,11.75,0.5
9/22/2022 18:00,8.0,0.34
9/22/2022 19:00,3.0,0.13
9/22/2022 20:00,0.0,0.0
9/22/2022 21:00,0.0,0.0
9/22/2022 22:00,0.0,0.0
9/22/2022 23:00,0.0,0.0
9/23/2022 0:00,0.0,0.0
9/23/2022 1:00,0.0,0.0
9/23/2022 2:00,0.0,0.0
9/23/2022 3:00,0.0,0.0
9/23/2022 4:00,0.0,0.0
9/23/2022 5:00,0.0,0.0
9/23/2022 6:00,0.0,0.0
9/23/2022 7:00,0.0,0.0
9/23/2022 8:00,0.25,0.01
9/23/2022 9:00,2.5,0.11
9/23/2022 10:00,7.0,0.3
9/23/2022 11:00,11.25,0.48
9/23/2022 12:00,14.0,0.6
9/23/2022 13:00,15.5,0.66
9/23/2022 14:00,16.0,0.68
9/23/2022 15:00,16.0,0.68
9/23/2022 16:00,14.25,0.61
9/23/2022 17:00,11.75,0.5
9/23/2022 18:00,7.5,0.32
9/23/2022 19:00,2.25,0.1
9/23/2022 20:00,0.25,0.01
9/23/2022 21:00,0.0,0.0
9/23/2022 22:00,0.0,0.0
9/23/2022 23:00,0.0,0.0
9/24/2022 0:00,0.0,0.0
9/24/2022 1:00,0.0,0.0
9/24/2022 2:00,0.0,0.0
9/24/2022 3:00,0.0,0.0
9/24/2022 4:00,0.0,0.0
9/24/2022 5:00,0.0,0.0
9/24/2022 6:00,0.0,0.0
9/24/2022 7:00,0.0,0.0
9/24/2022 8:00,0.0,0.0
9/24/2022 9:00,2.5,0.11
9/24/2022 10:00,5.0,0.21
9/24/2022 11:00,8.0,0.34
9/24/2022 12:00,12.5,0.53
9/24/2022 13:00,13.25,0.56
9/24/2022 14:00,14.25,0.61
9/24/2022 15:00,16.25,0.69
9/24/2022 16:00,13.5,0.57
9/24/2022 17:00,12.5,0.53
9/24/2022 18:00,7.75,0.33
9/24/2022 19:00,2.75,0.12
9/24/2022 20:00,0.0,0.0
9/24/2022 21:00,0.0,0.0
9/24/2022 22:00,0.0,0.0
9/24/2022 23:00,0.0,0.0
9/25/2022 0:00,0.0,0.0
9/25/2022 1:00,0.0,0.0
9/25/2022 2:00,0.0,0.0
9/25/2022 3:00,0.0,0.0
9/25/2022 4:00,0.0,0.0
9/25/2022 5:00,0.0,0.0
9/25/2022 6:00,0.0,0.0
9/25/2022 7:00,0.0,0.0
9/25/2022 8:00,0.25,0.01
9/25/2022 9:00,2.75,0.12
9/25/2022 10:00,8.0,0.34
9/25/2022 11:00,12.0,0.51
9/25/2022 12:00,15.0,0.64
9/25/2022 13:00,16.5,0.7
9/25/2022 14:00,17.25,0.73
9/25/2022 15:00,16.75,0.71
9/25/2022 16:00,14.75,0.63
9/25/2022 17:00,12.25,0.52
9/25/2022 18:00,8.0,0.34
9/25/2022 19:00,2.5,0.11
9/25/2022 20:00,0.0,0.0
9/25/2022 21:00,0.0,0.0
9/25/2022 22:00,0.0,0.0
9/25/2022 23:00,0.0,0.0
9/26/2022 0:00,0.0,0.0
9/26/2022 1:00,0.0,0.0
9/26/2022 2:00,0.0,0.0
9/26/2022 3:00,0.0,0.0
9/26/2022 4:00,0.0,0.0
9/26/2022 5:00,0.0,0.0
9/26/2022 6:00,0.0,0.0
9/26/2022 7:00,0.0,0.0
9/26/2022 8:00,0.25,0.01
9/26/2022 9:00,2.75,0.12
9/26/2022 10:00,7.5,0.32
9/26/2022 11:00,11.75,0.5
9/26/2022 12:00,14.5,0.62
9/26/2022 13:00,16.0,0.68
9/26/2022 14:00,16.25,0.69
9/26/2022 15:00,16.0,0.68
9/26/2022 16:00,14.5,0.62
9/26/2022 17:00,11.75,0.5
9/26/2022 18:00,8.0,0.34
9/26/2022 19:00,2.5,0.11
9/26/2022 20:00,0.0,0.0
9/26/2022 21:00,0.0,0.0
9/26/2022 22:00,0.0,0.0
9/26/2022 23:00,0.0,0.0
9/27/2022 0:00,0.0,0.0
9/27/2022 1:00,0.0,0.0
9/27/2022 2:00,0.0,0.0
9/27/2022 3:00,0.0,0.0
9/27/2022 4:00,0.0,0.0
9/27/2022 5:00,0.0,0.0
9/27/2022 6:00,0.0,0.0
9/27/2022 7:00,0.0,0.0
9/27/2022 8:00,0.0,0.0
9/27/2022 9:00,2.75,0.12
9/27/2022 10:00,7.75,0.33
9/27/2022 11:00,11.75,0.5
9/27/2022 12:00,14.5,0.62
9/27/2022 13:00,16.5,0.7
9/27/2022 14:00,16.75,0.71
9/27/2022 15:00,16.25,0.69
9/27/2022 16:00,15.0,0.64
9/27/2022 17:00,11.75,0.5
9/27/2022 18:00,7.75,0.33
9/27/2022 19:00,2.5,0.11
9/27/2022 20:00,0.0,0.0
9/27/2022 21:00,0.0,0.0
9/27/2022 22:00,0.0,0.0
9/27/2022 23:00,0.0,0.0
9/28/2022 0:00,0.0,0.0
9/28/2022 1:00,0.0,0.0
9/28/2022 2:00,0.0,0.0
9/28/2022 3:00,0.0,0.0
9/28/2022 4:00,0.0,0.0
9/28/2022 5:00,0.0,0.0
9/28/2022 6:00,0.0,0.0
9/28/2022 7:00,0.0,0.0
9/28/2022 8:00,0.0,0.0
9/28/2022 9:00,2.75,0.12
9/28/2022 10:00,7.25,0.31
9/28/2022 11:00,8.0,0.34
9/28/2022 12:00,6.5,0.28
9/28/2022 13:00,11.5,0.49
9/28/2022 14:00,15.25,0.65
9/28/2022 15:00,15.25,0.65
9/28/2022 16:00,11.25,0.48
9/28/2022 17:00,6.25,0.27
9/28/2022 18:00,7.25,0.31
9/28/2022 19:00,3.25,0.14
9/28/2022 20:00,0.0,0.0
9/28/2022 21:00,0.0,0.0
9/28/2022 22:00,0.0,0.0
9/28/2022 23:00,0.0,0.0
9/29/2022 0:00,0.0,0.0
9/29/2022 1:00,0.0,0.0
9/29/2022 2:00,0.0,0.0
9/29/2022 3:00,0.0,0.0
9/29/2022 4:00,0.0,0.0
9/29/2022 5:00,0.0,0.0
9/29/2022 6:00,0.0,0.0
9/29/2022 7:00,0.0,0.0
9/29/2022 8:00,0.0,0.0
9/29/2022 9:00,1.25,0.05
9/29/2022 10:00,5.5,0.23
9/29/2022 11:00,4.5,0.19
9/29/2022 12:00,5.25,0.22
9/29/2022 13:00,7.25,0.31
9/29/2022 14:00,4.0,0.17
9/29/2022 15:00,5.5,0.23
9/29/2022 16:00,10.5,0.45
9/29/2022 17:00,6.5,0.28
9/29/2022 18:00,3.25,0.14
9/29/2022 19:00,2.0,0.09
9/29/2022 20:00,0.25,0.01
9/29/2022 21:00,0.0,0.0
9/29/2022 22:00,0.0,0.0
9/29/2022 23:00,0.0,0.0
9/30/2022 0:00,0.0,0.0
9/30/2022 1:00,0.0,0.0
9/30/2022 2:00,0.0,0.0
9/30/2022 3:00,0.0,0.0
9/30/2022 4:00,0.0,0.0
9/30/2022 5:00,0.0,0.0
9/30/2022 6:00,0.0,0.0
9/30/2022 7:00,0.0,0.0
9/30/2022 8:00,0.0,0.0
9/30/2022 9:00,2.75,0.12
9/30/2022 10:00,7.75,0.33
9/30/2022 11:00,12.25,0.52
9/30/2022 12:00,15.0,0.64
9/30/2022 13:00,16.25,0.69
9/30/2022 14:00,16.75,0.71
9/30/2022 15:00,16.5,0.7
9/30/2022 16:00,14.5,0.62
9/30/2022 17:00,9.0,0.38
9/30/2022 18:00,6.0,0.26
9/30/2022 19:00,1.5,0.06
9/30/2022 20:00,0.0,0.0
9/30/2022 21:00,0.0,0.0
9/30/2022 22:00,0.0,0.0
9/30/2022 23:00,0.0,0.0
10/1/2022 0:00,0.0,0.0
10/1/2022 1:00,0.0,0.0
10/1/2022 2:00,0.0,0.0
10/1/2022 3:00,0.0,0.0
10/1/2022 4:00,0.0,0.0
10/1/2022 5:00,0.0,0.0
10/1/2022 6:00,0.0,0.0
10/1/2022 7:00,0.0,0.0
10/1/2022 8:00,0.0,0.0
10/1/2022 9:00,2.0,0.09
10/1/2022 10:00,5.75,0.24
10/1/2022 11:00,8.75,0.37
10/1/2022 12:00,10.75,0.46
10/1/2022 13:00,12.0,0.51
10/1/2022 14:00,12.25,0.52
10/1/2022 15:00,11.75,0.5
10/1/2022 16:00,10.5,0.45
10/1/2022 17:00,8.25,0.35
10/1/2022 18:00,5.5,0.23
10/1/2022 19:00,1.25,0.05
10/1/2022 20:00,0.0,0.0
10/1/2022 21:00,0.0,0.0
10/1/2022 22:00,0.0,0.0
10/1/2022 23:00,0.0,0.0
10/2/2022 0:00,0.0,0.0
10/2/2022 1:00,0.0,0.0
10/2/2022 2:00,0.0,0.0
10/2/2022 3:00,0.0,0.0
10/2/2022 4:00,0.0,0.0
10/2/2022 5:00,0.0,0.0
10/2/2022 6:00,0.0,0.0
10/2/2022 7:00,0.0,0.0
10/2/2022 8:00,0.0,0.0
10/2/2022 9:00,2.0,0.09
10/2/2022 10:00,5.75,0.24
10/2/2022 11:00,8.75,0.37
10/2/2022 12:00,10.75,0.46
10/2/2022 13:00,11.75,0.5
10/2/2022 14:00,12.25,0.52
10/2/2022 15:00,11.25,0.48
10/2/2022 16:00,9.5,0.4
10/2/2022 17:00,7.25,0.31
10/2/2022 18:00,4.0,0.17
10/2/2022 19:00,1.0,0.04
10/2/2022 20:00,0.0,0.0
10/2/2022 21:00,0.0,0.0
10/2/2022 22:00,0.0,0.0
10/2/2022 23:00,0.0,0.0
10/3/2022 0:00,0.0,0.0
10/3/2022 1:00,0.0,0.0
10/3/2022 2:00,0.0,0.0
10/3/2022 3:00,0.0,0.0
10/3/2022 4:00,0.0,0.0
10/3/2022 5:00,0.0,0.0
10/3/2022 6:00,0.0,0.0
10/3/2022 7:00,0.0,0.0
10/3/2022 8:00,0.0,0.0
10/3/2022 9:00,1.0,0.04
10/3/2022 10:00,3.5,0.15
10/3/2022 11:00,6.25,0.27
10/3/2022 12:00,8.5,0.36
10/3/2022 13:00,9.75,0.41
10/3/2022 14:00,10.0,0.43
10/3/2022 15:00,9.5,0.4
10/3/2022 16:00,7.75,0.33
10/3/2022 17:00,6.25,0.27
10/3/2022 18:00,3.25,0.14
10/3/2022 19:00,1.0,0.04
10/3/2022 20:00,0.0,0.0
10/3/2022 21:00,0.0,0.0
10/3/2022 22:00,0.0,0.0
10/3/2022 23:00,0.0,0.0
10/4/2022 0:00,0.0,0.0
10/4/2022 1:00,0.0,0.0
10/4/2022 2:00,0.0,0.0
10/4/2022 3:00,0.0,0.0
10/4/2022 4:00,0.0,0.0
10/4/2022 5:00,0.0,0.0
10/4/2022 6:00,0.0,0.0
10/4/2022 7:00,0.0,0.0
10/4/2022 8:00,0.0,0.0
10/4/2022 9:00,1.25,0.05
10/4/2022 10:00,3.75,0.16
10/4/2022 11:00,7.0,0.3
10/4/2022 12:00,9.0,0.38
10/4/2022 13:00,10.25,0.44
10/4/2022 14:00,10.5,0.45
10/4/2022 15:00,9.75,0.41
10/4/2022 16:00,8.75,0.37
10/4/2022 17:00,6.25,0.27
10/4/2022 18:00,3.5,0.15
10/4/2022 19:00,0.75,0.03
10/4/2022 20:00,0.0,0.0
10/4/2022 21:00,0.0,0.0
10/4/2022 22:00,0.0,0.0
10/4/2022 23:00,0.0,0.0
10/5/2022 0:00,0.0,0.0
10/5/2022 1:00,0.0,0.0
10/5/2022 2:00,0.0,0.0
10/5/2022 3:00,0.0,0.0
10/5/2022 4:00,0.0,0.0
10/5/2022 5:00,0.0,0.0
10/5/2022 6:00,0.0,0.0
10/5/2022 7:00,0.0,0.0
10/5/2022 8:00,0.0,0.0
10/5/2022 9:00,1.5,0.06
10/5/2022 10:00,4.0,0.17
10/5/2022 11:00,7.0,0.3
10/5/2022 12:00,9.0,0.38
10/5/2022 13:00,10.25,0.44
10/5/2022 14:00,10.75,0.46
10/5/2022 15:00,10.0,0.43
10/5/2022 16:00,8.75,0.37
10/5/2022 17:00,6.75,0.29
10/5/2022 18:00,3.5,0.15
10/5/2022 19:00,0.75,0.03
10/5/2022 20:00,0.0,0.0
10/5/2022 21:00,0.0,0.0
10/5/2022 22:00,0.0,0.0
10/5/2022 23:00,0.0,0.0
10/6/2022 0:00,0.0,0.0
10/6/2022 1:00,0.0,0.0
10/6/2022 2:00,0.0,0.0
10/6/2022 3:00,0.0,0.0
10/6/2022 4:00,0.0,0.0
10/6/2022 5:00,0.0,0.0
10/6/2022 6:00,0.0,0.0
10/6/2022 7:00,0.0,0.0
10/6/2022 8:00,0.25,0.01
10/6/2022 9:00,0.75,0.03
10/6/2022 10:00,4.0,0.17
10/6/2022 11:00,7.25,0.31
10/6/2022 12:00,9.0,0.38
10/6/2022 13:00,10.0,0.43
10/6/2022 14:00,9.5,0.4
10/6/2022 15:00,6.0,0.26
10/6/2022 16:00,6.25,0.27
10/6/2022 17:00,5.75,0.24
10/6/2022 18:00,2.25,0.1
10/6/2022 19:00,1.0,0.04
10/6/2022 20:00,0.0,0.0
10/6/2022 21:00,0.0,0.0
10/6/2022 22:00,0.0,0.0
10/6/2022 23:00,0.0,0.0
10/7/2022 0:00,0.0,0.0
10/7/2022 1:00,0.0,0.0
10/7/2022 2:00,0.0,0.0
10/7/2022 3:00,0.0,0.0
10/7/2022 4:00,0.0,0.0
10/7/2022 5:00,0.0,0.0
10/7/2022 6:00,0.0,0.0
10/7/2022 7:00,0.0,0.0
10/7/2022 8:00,0.0,0.0
10/7/2022 9:00,1.25,0.05
10/7/2022 10:00,4.0,0.17
10/7/2022 11:00,7.25,0.31
10/7/2022 12:00,9.0,0.38
10/7/2022 13:00,10.5,0.45
10/7/2022 14:00,10.75,0.46
10/7/2022 15:00,10.0,0.43
10/7/2022 16:00,9.0,0.38
10/7/2022 17:00,6.5,0.28
10/7/2022 18:00,3.5,0.15
10/7/2022 19:00,0.75,0.03
10/7/2022 20:00,0.0,0.0
10/7/2022 21:00,0.0,0.0
10/7/2022 22:00,0.0,0.0
10/7/2022 23:00,0.0,0.0
10/8/2022 0:00,0.0,0.0
10/8/2022 1:00,0.0,0.0
10/8/2022 2:00,0.0,0.0
10/8/2022 3:00,0.0,0.0
10/8/2022 4:00,0.0,0.0
10/8/2022 5:00,0.0,0.0
10/8/2022 6:00,0.0,0.0
10/8/2022 7:00,0.0,0.0
10/8/2022 8:00,0.0,0.0
10/8/2022 9:00,1.25,0.05
10/8/2022 10:00,4.5,0.19
10/8/2022 11:00,7.25,0.31
10/8/2022 12:00,9.5,0.4
10/8/2022 13:00,10.5,0.45
10/8/2022 14:00,10.75,0.46
10/8/2022 15:00,10.5,0.45
10/8/2022 16:00,9.0,0.38
10/8/2022 17:00,6.75,0.29
10/8/2022 18:00,4.25,0.18
10/8/2022 19:00,0.75,0.03
10/8/2022 20:00,0.0,0.0
10/8/2022 21:00,0.0,0.0
10/8/2022 22:00,0.0,0.0
10/8/2022 23:00,0.0,0.0
10/9/2022 0:00,0.0,0.0
10/9/2022 1:00,0.0,0.0
10/9/2022 2:00,0.0,0.0
10/9/2022 3:00,0.0,0.0
10/9/2022 4:00,0.0,0.0
10/9/2022 5:00,0.0,0.0
10/9/2022 6:00,0.0,0.0
10/9/2022 7:00,0.0,0.0
10/9/2022 8:00,0.0,0.0
10/9/2022 9:00,1.25,0.05
10/9/2022 10:00,3.75,0.16
10/9/2022 11:00,7.0,0.3
10/9/2022 12:00,8.5,0.36
10/9/2022 13:00,7.75,0.33
10/9/2022 14:00,6.5,0.28
10/9/2022 15:00,7.5,0.32
10/9/2022 16:00,6.5,0.28
10/9/2022 17:00,3.25,0.14
10/9/2022 18:00,1.5,0.06
10/9/2022 19:00,0.25,0.01
10/9/2022 20:00,0.0,0.0
10/9/2022 21:00,0.0,0.0
10/9/2022 22:00,0.0,0.0
10/9/2022 23:00,0.0,0.0
10/10/2022 0:00,0.0,0.0
10/10/2022 1:00,0.0,0.0
10/10/2022 2:00,0.0,0.0
10/10/2022 3:00,0.0,0.0
10/10/2022 4:00,0.0,0.0
10/10/2022 5:00,0.0,0.0
10/10/2022 6:00,0.0,0.0
10/10/2022 7:00,0.0,0.0
10/10/2022 8:00,0.0,0.0
10/10/2022 9:00,1.25,0.05
10/10/2022 10:00,4.25,0.18
10/10/2022 11:00,3.5,0.15
10/10/2022 12:00,3.5,0.15
10/10/2022 13:00,3.75,0.16
10/10/2022 14:00,1.25,0.05
10/10/2022 15:00,0.5,0.02
10/10/2022 16:00,0.75,0.03
10/10/2022 17:00,1.25,0.05
10/10/2022 18:00,0.5,0.02
10/10/2022 19:00,0.5,0.02
10/10/2022 20:00,0.0,0.0
10/10/2022 21:00,0.0,0.0
10/10/2022 22:00,0.0,0.0
10/10/2022 23:00,0.0,0.0
10/11/2022 0:00,0.0,0.0
10/11/2022 1:00,0.0,0.0
10/11/2022 2:00,0.0,0.0
10/11/2022 3:00,0.0,0.0
10/11/2022 4:00,0.0,0.0
10/11/2022 5:00,0.0,0.0
10/11/2022 6:00,0.0,0.0
10/11/2022 7:00,0.0,0.0
10/11/2022 8:00,0.0,0.0
10/11/2022 9:00,0.75,0.03
10/11/2022 10:00,1.0,0.04
10/11/2022 11:00,4.0,0.17
10/11/2022 12:00,8.5,0.36
10/11/2022 13:00,11.25,0.48
10/11/2022 14:00,11.5,0.49
10/11/2022 15:00,11.0,0.47
10/11/2022 16:00,9.5,0.4
10/11/2022 17:00,7.25,0.31
10/11/2022 18:00,4.25,0.18
10/11/2022 19:00,0.75,0.03
10/11/2022 20:00,0.0,0.0
10/11/2022 21:00,0.0,0.0
10/11/2022 22:00,0.0,0.0
10/11/2022 23:00,0.0,0.0
10/12/2022 0:00,0.0,0.0
10/12/2022 1:00,0.0,0.0
10/12/2022 2:00,0.0,0.0
10/12/2022 3:00,0.0,0.0
10/12/2022 4:00,0.0,0.0
10/12/2022 5:00,0.0,0.0
10/12/2022 6:00,0.0,0.0
10/12/2022 7:00,0.0,0.0
10/12/2022 8:00,0.0,0.0
10/12/2022 9:00,1.75,0.07
10/12/2022 10:00,5.0,0.21
10/12/2022 11:00,7.75,0.33
10/12/2022 12:00,10.0,0.43
10/12/2022 13:00,11.0,0.47
10/12/2022 14:00,11.25,0.48
10/12/2022 15:00,11.0,0.47
10/12/2022 16:00,9.5,0.4
10/12/2022 17:00,7.5,0.32
10/12/2022 18:00,4.25,0.18
10/12/2022 19:00,0.5,0.02
10/12/2022 20:00,0.0,0.0
10/12/2022 21:00,0.0,0.0
10/12/2022 22:00,0.0,0.0
10/12/2022 23:00,0.0,0.0
10/13/2022 0:00,0.0,0.0
10/13/2022 1:00,0.0,0.0
10/13/2022 2:00,0.0,0.0
10/13/2022 3:00,0.0,0.0
10/13/2022 4:00,0.0,0.0
10/13/2022 5:00,0.0,0.0
10/13/2022 6:00,0.0,0.0
10/13/2022 7:00,0.0,0.0
10/13/2022 8:00,0.0,0.0
10/13/2022 9:00,1.5,0.06
10/13/2022 10:00,4.75,0.2
10/13/2022 11:00,8.0,0.34
10/13/2022 12:00,10.0,0.43
10/13/2022 13:00,10.75,0.46
10/13/2022 14:00,11.25,0.48
10/13/2022 15:00,10.75,0.46
10/13/2022 16:00,9.5,0.4
10/13/2022 17:00,6.0,0.26
10/13/2022 18:00,3.0,0.13
10/13/2022 19:00,0.5,0.02
10/13/2022 20:00,0.0,0.0
10/13/2022 21:00,0.0,0.0
10/13/2022 22:00,0.0,0.0
10/13/2022 23:00,0.0,0.0
10/14/2022 0:00,0.0,0.0
10/14/2022 1:00,0.0,0.0
10/14/2022 2:00,0.0,0.0
10/14/2022 3:00,0.0,0.0
10/14/2022 4:00,0.0,0.0
10/14/2022 5:00,0.0,0.0
10/14/2022 6:00,0.0,0.0
10/14/2022 7:00,0.0,0.0
10/14/2022 8:00,0.0,0.0
10/14/2022 9:00,1.5,0.06
10/14/2022 10:00,4.75,0.2
10/14/2022 11:00,8.0,0.34
10/14/2022 12:00,10.0,0.43
10/14/2022 13:00,11.0,0.47
10/14/2022 14:00,11.25,0.48
10/14/2022 15:00,11.0,0.47
10/14/2022 16:00,9.25,0.39
10/14/2022 17:00,7.25,0.31
10/14/2022 18:00,4.25,0.18
10/14/2022 19:00,0.5,0.02
10/14/2022 20:00,0.0,0.0
10/14/2022 21:00,0.0,0.0
10/14/2022 22:00,0.0,0.0
10/14/2022 23:00,0.0,0.0
10/15/2022 0:00,0.0,0.0
10/15/2022 1:00,0.0,0.0
10/15/2022 2:00,0.0,0.0
10/15/2022 3:00,0.0,0.0
10/15/2022 4:00,0.0,0.0
10/15/2022 5:00,0.0,0.0
10/15/2022 6:00,0.0,0.0
10/15/2022 7:00,0.0,0.0
10/15/2022 8:00,0.0,0.0
10/15/2022 9:00,1.5,0.06
10/15/2022 10:00,5.0,0.21
10/15/2022 11:00,8.0,0.34
10/15/2022 12:00,10.0,0.43
10/15/2022 13:00,11.25,0.48
10/15/2022 14:00,11.5,0.49
10/15/2022 15:00,11.0,0.47
10/15/2022 16:00,10.0,0.43
10/15/2022 17:00,7.75,0.33
10/15/2022 18:00,4.5,0.19
10/15/2022 19:00,0.5,0.02
10/15/2022 20:00,0.0,0.0
10/15/2022 21:00,0.0,0.0
10/15/2022 22:00,0.0,0.0
10/15/2022 23:00,0.0,0.0
10/16/2022 0:00,0.0,0.0
10/16/2022 1:00,0.0,0.0
10/16/2022 2:00,0.0,0.0
10/16/2022 3:00,0.0,0.0
10/16/2022 4:00,0.0,0.0
10/16/2022 5:00,0.0,0.0
10/16/2022 6:00,0.0,0.0
10/16/2022 7:00,0.0,0.0
10/16/2022 8:00,0.0,0.0
10/16/2022 9:00,0.0,0.0
10/16/2022 10:00,1.0,0.04
10/16/2022 11:00,2.0,0.09
10/16/2022 12:00,4.25,0.18
10/16/2022 13:00,7.0,0.3
10/16/2022 14:00,6.75,0.29
10/16/2022 15:00,6.0,0.26
10/16/2022 16:00,3.25,0.14
10/16/2022 17:00,2.5,0.11
10/16/2022 18:00,0.75,0.03
10/16/2022 19:00,0.25,0.01
10/16/2022 20:00,0.0,0.0
10/16/2022 21:00,0.0,0.0
10/16/2022 22:00,0.0,0.0
10/16/2022 23:00,0.0,0.0
10/17/2022 0:00,0.0,0.0
10/17/2022 1:00,0.0,0.0
10/17/2022 2:00,0.0,0.0
10/17/2022 3:00,0.0,0.0
10/17/2022 4:00,0.0,0.0
10/17/2022 5:00,0.0,0.0
10/17/2022 6:00,0.0,0.0
10/17/2022 7:00,0.0,0.0
10/17/2022 8:00,0.0,0.0
10/17/2022 9:00,0.5,0.02
10/17/2022 10:00,2.75,0.12
10/17/2022 11:00,7.5,0.32
10/17/2022 12:00,9.75,0.41
10/17/2022 13:00,10.0,0.43
10/17/2022 14:00,10.75,0.46
10/17/2022 15:00,10.5,0.45
10/17/2022 16:00,9.25,0.39
10/17/2022 17:00,7.0,0.3
10/17/2022 18:00,3.5,0.15
10/17/2022 19:00,0.5,0.02
10/17/2022 20:00,0.0,0.0
10/17/2022 21:00,0.0,0.0
10/17/2022 22:00,0.0,0.0
10/17/2022 23:00,0.0,0.0
10/18/2022 0:00,0.0,0.0
10/18/2022 1:00,0.0,0.0
10/18/2022 2:00,0.0,0.0
10/18/2022 3:00,0.0,0.0
10/18/2022 4:00,0.0,0.0
10/18/2022 5:00,0.0,0.0
10/18/2022 6:00,0.0,0.0
10/18/2022 7:00,0.0,0.0
10/18/2022 8:00,0.0,0.0
10/18/2022 9:00,0.25,0.01
10/18/2022 10:00,2.5,0.11
10/18/2022 11:00,2.25,0.1
10/18/2022 12:00,5.0,0.21
10/18/2022 13:00,6.75,0.29
10/18/2022 14:00,6.5,0.28
10/18/2022 15:00,5.75,0.24
10/18/2022 16:00,5.5,0.23
10/18/2022 17:00,3.0,0.13
10/18/2022 18:00,1.25,0.05
10/18/2022 19:00,0.25,0.01
10/18/2022 20:00,0.0,0.0
10/18/2022 21:00,0.0,0.0
10/18/2022 22:00,0.0,0.0
10/18/2022 23:00,0.0,0.0
10/19/2022 0:00,0.0,0.0
10/19/2022 1:00,0.0,0.0
10/19/2022 2:00,0.0,0.0
10/19/2022 3:00,0.0,0.0
10/19/2022 4:00,0.0,0.0
10/19/2022 5:00,0.0,0.0
10/19/2022 6:00,0.0,0.0
10/19/2022 7:00,0.0,0.0
10/19/2022 8:00,0.0,0.0
10/19/2022 9:00,0.25,0.01
10/19/2022 10:00,0.75,0.03
10/19/2022 11:00,2.5,0.11
10/19/2022 12:00,1.75,0.07
10/19/2022 13:00,2.5,0.11
10/19/2022 14:00,3.25,0.14
10/19/2022 15:00,3.5,0.15
10/19/2022 16:00,3.0,0.13
10/19/2022 17:00,2.0,0.09
10/19/2022 18:00,0.5,0.02
10/19/2022 19:00,0.0,0.0
10/19/2022 20:00,0.0,0.0
10/19/2022 21:00,0.0,0.0
10/19/2022 22:00,0.0,0.0
10/19/2022 23:00,0.0,0.0
10/20/2022 0:00,0.0,0.0
10/20/2022 1:00,0.0,0.0
10/20/2022 2:00,0.0,0.0
10/20/2022 3:00,0.0,0.0
10/20/2022 4:00,0.0,0.0
10/20/2022 5:00,0.0,0.0
10/20/2022 6:00,0.0,0.0
10/20/2022 7:00,0.0,0.0
10/20/2022 8:00,0.0,0.0
10/20/2022 9:00,0.25,0.01
10/20/2022 10:00,0.75,0.03
10/20/2022 11:00,1.0,0.04
10/20/2022 12:00,2.5,0.11
10/20/2022 13:00,4.5,0.19
10/20/2022 14:00,7.75,0.33
10/20/2022 15:00,7.0,0.3
10/20/2022 16:00,3.5,0.15
10/20/2022 17:00,1.5,0.06
10/20/2022 18:00,0.75,0.03
10/20/2022 19:00,0.0,0.0
10/20/2022 20:00,0.0,0.0
10/20/2022 21:00,0.0,0.0
10/20/2022 22:00,0.0,0.0
10/20/2022 23:00,0.0,0.0
10/21/2022 0:00,0.0,0.0
10/21/2022 1:00,0.0,0.0
10/21/2022 2:00,0.0,0.0
10/21/2022 3:00,0.0,0.0
10/21/2022 4:00,0.0,0.0
10/21/2022 5:00,0.0,0.0
10/21/2022 6:00,0.0,0.0
10/21/2022 7:00,0.0,0.0
10/21/2022 8:00,0.0,0.0
10/21/2022 9:00,0.5,0.02
10/21/2022 10:00,1.25,0.05
10/21/2022 11:00,3.25,0.14
10/21/2022 12:00,3.75,0.16
10/21/2022 13:00,5.0,0.21
10/21/2022 14:00,5.25,0.22
10/21/2022 15:00,3.25,0.14
10/21/2022 16:00,2.0,0.09
10/21/2022 17:00,1.25,0.05
10/21/2022 18:00,0.75,0.03
10/21/2022 19:00,0.0,0.0
10/21/2022 20:00,0.0,0.0
10/21/2022 21:00,0.0,0.0
10/21/2022 22:00,0.0,0.0
10/21/2022 23:00,0.0,0.0
10/22/2022 0:00,0.0,0.0
10/22/2022 1:00,0.0,0.0
10/22/2022 2:00,0.0,0.0
10/22/2022 3:00,0.0,0.0
10/22/2022 4:00,0.0,0.0
10/22/2022 5:00,0.0,0.0
10/22/2022 6:00,0.0,0.0
10/22/2022 7:00,0.0,0.0
10/22/2022 8:00,0.0,0.0
10/22/2022 9:00,1.0,0.04
10/22/2022 10:00,1.25,0.05
10/22/2022 11:00,0.75,0.03
10/22/2022 12:00,3.0,0.13
10/22/2022 13:00,9.0,0.38
10/22/2022 14:00,11.25,0.48
10/22/2022 15:00,5.25,0.22
10/22/2022 16:00,4.0,0.17
10/22/2022 17:00,2.25,0.1
10/22/2022 18:00,0.75,0.03
10/22/2022 19:00,0.25,0.01
10/22/2022 20:00,0.0,0.0
10/22/2022 21:00,0.0,0.0
10/22/2022 22:00,0.0,0.0
10/22/2022 23:00,0.0,0.0
10/23/2022 0:00,0.0,0.0
10/23/2022 1:00,0.0,0.0
10/23/2022 2:00,0.0,0.0
10/23/2022 3:00,0.0,0.0
10/23/2022 4:00,0.0,0.0
10/23/2022 5:00,0.0,0.0
10/23/2022 6:00,0.0,0.0
10/23/2022 7:00,0.0,0.0
10/23/2022 8:00,0.0,0.0
10/23/2022 9:00,1.0,0.04
10/23/2022 10:00,4.0,0.17
10/23/2022 11:00,7.25,0.31
10/23/2022 12:00,9.25,0.39
10/23/2022 13:00,7.75,0.33
10/23/2022 14:00,6.75,0.29
10/23/2022 15:00,4.0,0.17
10/23/2022 16:00,5.25,0.22
10/23/2022 17:00,3.0,0.13
10/23/2022 18:00,1.0,0.04
10/23/2022 19:00,0.0,0.0
10/23/2022 20:00,0.0,0.0
10/23/2022 21:00,0.0,0.0
10/23/2022 22:00,0.0,0.0
10/23/2022 23:00,0.0,0.0
10/24/2022 0:00,0.0,0.0
10/24/2022 1:00,0.0,0.0
10/24/2022 2:00,0.0,0.0
10/24/2022 3:00,0.0,0.0
10/24/2022 4:00,0.0,0.0
10/24/2022 5:00,0.0,0.0
10/24/2022 6:00,0.0,0.0
10/24/2022 7:00,0.0,0.0
10/24/2022 8:00,0.0,0.0
10/24/2022 9:00,0.25,0.01
10/24/2022 10:00,1.0,0.04
10/24/2022 11:00,2.75,0.12
10/24/2022 12:00,3.0,0.13
10/24/2022 13:00,3.0,0.13
10/24/2022 14:00,7.5,0.32
10/24/2022 15:00,6.5,0.28
10/24/2022 16:00,4.5,0.19
10/24/2022 17:00,2.25,0.1
10/24/2022 18:00,2.25,0.1
10/24/2022 19:00,0.25,0.01
10/24/2022 20:00,0.0,0.0
10/24/2022 21:00,0.0,0.0
10/24/2022 22:00,0.0,0.0
10/24/2022 23:00,0.0,0.0
10/25/2022 0:00,0.0,0.0
10/25/2022 1:00,0.0,0.0
10/25/2022 2:00,0.0,0.0
10/25/2022 3:00,0.0,0.0
10/25/2022 4:00,0.0,0.0
10/25/2022 5:00,0.0,0.0
10/25/2022 6:00,0.0,0.0
10/25/2022 7:00,0.0,0.0
10/25/2022 8:00,0.0,0.0
10/25/2022 9:00,0.0,0.0
10/25/2022 10:00,1.75,0.07
10/25/2022 11:00,6.25,0.27
10/25/2022 12:00,9.25,0.39
10/25/2022 13:00,10.5,0.45
10/25/2022 14:00,10.0,0.43
10/25/2022 15:00,9.25,0.39
10/25/2022 16:00,5.75,0.24
10/25/2022 17:00,5.5,0.23
10/25/2022 18:00,1.75,0.07
10/25/2022 19:00,0.25,0.01
10/25/2022 20:00,0.0,0.0
10/25/2022 21:00,0.0,0.0
10/25/2022 22:00,0.0,0.0
10/25/2022 23:00,0.0,0.0
10/26/2022 0:00,0.0,0.0
10/26/2022 1:00,0.0,0.0
10/26/2022 2:00,0.0,0.0
10/26/2022 3:00,0.0,0.0
10/26/2022 4:00,0.0,0.0
10/26/2022 5:00,0.0,0.0
10/26/2022 6:00,0.0,0.0
10/26/2022 7:00,0.0,0.0
10/26/2022 8:00,0.0,0.0
10/26/2022 9:00,0.0,0.0
10/26/2022 10:00,2.5,0.11
10/26/2022 11:00,3.25,0.14
10/26/2022 12:00,6.0,0.26
10/26/2022 13:00,7.25,0.31
10/26/2022 14:00,7.75,0.33
10/26/2022 15:00,8.0,0.34
10/26/2022 16:00,5.0,0.21
10/26/2022 17:00,3.5,0.15
10/26/2022 18:00,1.0,0.04
10/26/2022 19:00,0.25,0.01
10/26/2022 20:00,0.0,0.0
10/26/2022 21:00,0.0,0.0
10/26/2022 22:00,0.0,0.0
10/26/2022 23:00,0.0,0.0
10/27/2022 0:00,0.0,0.0
10/27/2022 1:00,0.0,0.0
10/27/2022 2:00,0.0,0.0
10/27/2022 3:00,0.0,0.0
10/27/2022 4:00,0.0,0.0
10/27/2022 5:00,0.0,0.0
10/27/2022 6:00,0.0,0.0
10/27/2022 7:00,0.0,0.0
10/27/2022 8:00,0.0,0.0
10/27/2022 9:00,0.75,0.03
10/27/2022 10:00,1.25,0.05
10/27/2022 11:00,2.25,0.1
10/27/2022 12:00,1.25,0.05
10/27/2022 13:00,2.0,0.09
10/27/2022 14:00,2.75,0.12
10/27/2022 15:00,3.5,0.15
10/27/2022 16:00,2.25,0.1
10/27/2022 17:00,1.75,0.07
10/27/2022 18:00,1.25,0.05
10/27/2022 19:00,0.0,0.0
10/27/2022 20:00,0.0,0.0
10/27/2022 21:00,0.0,0.0
10/27/2022 22:00,0.0,0.0
10/27/2022 23:00,0.0,0.0
10/28/2022 0:00,0.0,0.0
10/28/2022 1:00,0.0,0.0
10/28/2022 2:00,0.0,0.0
10/28/2022 3:00,0.0,0.0
10/28/2022 4:00,0.0,0.0
10/28/2022 5:00,0.0,0.0
10/28/2022 6:00,0.0,0.0
10/28/2022 7:00,0.0,0.0
10/28/2022 8:00,0.0,0.0
10/28/2022 9:00,0.0,0.0
10/28/2022 10:00,0.5,0.02
10/28/2022 11:00,2.0,0.09
10/28/2022 12:00,2.75,0.12
10/28/2022 13:00,4.25,0.18
10/28/2022 14:00,7.0,0.3
10/28/2022 15:00,5.5,0.23
10/28/2022 16:00,6.75,0.29
10/28/2022 17:00,4.75,0.2
10/28/2022 18:00,2.0,0.09
10/28/2022 19:00,0.25,0.01
10/28/2022 20:00,0.0,0.0
10/28/2022 21:00,0.0,0.0
10/28/2022 22:00,0.0,0.0
10/28/2022 23:00,0.0,0.0
10/29/2022 0:00,0.0,0.0
10/29/2022 1:00,0.0,0.0
10/29/2022 2:00,0.0,0.0
10/29/2022 3:00,0.0,0.0
10/29/2022 4:00,0.0,0.0
10/29/2022 5:00,0.0,0.0
10/29/2022 6:00,0.0,0.0
10/29/2022 7:00,0.0,0.0
10/29/2022 8:00,0.0,0.0
10/29/2022 9:00,0.0,0.0
10/29/2022 10:00,0.75,0.03
10/29/2022 11:00,1.0,0.04
10/29/2022 12:00,0.5,0.02
10/29/2022 13:00,2.75,0.12
10/29/2022 14:00,5.75,0.24
10/29/2022 15:00,4.75,0.2
10/29/2022 16:00,5.0,0.21
10/29/2022 17:00,2.25,0.1
10/29/2022 18:00,0.75,0.03
10/29/2022 19:00,0.0,0.0
10/29/2022 20:00,0.0,0.0
10/29/2022 21:00,0.0,0.0
10/29/2022 22:00,0.0,0.0
10/29/2022 23:00,0.0,0.0
10/30/2022 0:00,0.0,0.0
10/30/2022 1:00,0.0,0.0
10/30/2022 1:00,0.0,0.0
10/30/2022 2:00,0.0,0.0
10/30/2022 3:00,0.0,0.0
10/30/2022 4:00,0.0,0.0
10/30/2022 5:00,0.0,0.0
10/30/2022 6:00,0.0,0.0
10/30/2022 7:00,0.0,0.0
10/30/2022 8:00,0.5,0.02
10/30/2022 9:00,3.25,0.14
10/30/2022 10:00,6.5,0.28
10/30/2022 11:00,6.75,0.29
10/30/2022 12:00,9.75,0.41
10/30/2022 13:00,8.5,0.36
10/30/2022 14:00,9.0,0.38
10/30/2022 15:00,6.5,0.28
10/30/2022 16:00,5.0,0.21
10/30/2022 17:00,1.75,0.07
10/30/2022 18:00,0.25,0.01
10/30/2022 19:00,0.0,0.0
10/30/2022 20:00,0.0,0.0
10/30/2022 21:00,0.0,0.0
10/30/2022 22:00,0.0,0.0
10/30/2022 23:00,0.0,0.0
10/31/2022 0:00,0.0,0.0
10/31/2022 1:00,0.0,0.0
10/31/2022 2:00,0.0,0.0
10/31/2022 3:00,0.0,0.0
10/31/2022 4:00,0.0,0.0
10/31/2022 5:00,0.0,0.0
10/31/2022 6:00,0.0,0.0
10/31/2022 7:00,0.0,0.0
10/31/2022 8:00,0.0,0.0
10/31/2022 9:00,0.5,0.02
10/31/2022 10:00,1.5,0.06
10/31/2022 11:00,3.5,0.15
10/31/2022 12:00,4.75,0.2
10/31/2022 13:00,7.0,0.3
10/31/2022 14:00,7.5,0.32
10/31/2022 15:00,6.0,0.26
10/31/2022 16:00,1.5,0.06
10/31/2022 17:00,0.75,0.03
10/31/2022 18:00,0.0,0.0
10/31/2022 19:00,0.0,0.0
10/31/2022 20:00,0.0,0.0
10/31/2022 21:00,0.0,0.0
10/31/2022 22:00,0.0,0.0
10/31/2022 23:00,0.0,0.0
11/1/2022 0:00,0.0,0.0
11/1/2022 1:00,0.0,0.0
11/1/2022 2:00,0.0,0.0
11/1/2022 3:00,0.0,0.0
11/1/2022 4:00,0.0,0.0
11/1/2022 5:00,0.0,0.0
11/1/2022 6:00,0.0,0.0
11/1/2022 7:00,0.0,0.0
11/1/2022 8:00,0.75,0.03
11/1/2022 9:00,3.5,0.15
11/1/2022 10:00,7.25,0.31
11/1/2022 11:00,8.75,0.37
11/1/2022 12:00,6.5,0.28
11/1/2022 13:00,8.0,0.34
11/1/2022 14:00,7.5,0.32
11/1/2022 15:00,7.5,0.32
11/1/2022 16:00,3.75,0.16
11/1/2022 17:00,1.25,0.05
11/1/2022 18:00,0.25,0.01
11/1/2022 19:00,0.0,0.0
11/1/2022 20:00,0.0,0.0
11/1/2022 21:00,0.0,0.0
11/1/2022 22:00,0.0,0.0
11/1/2022 23:00,0.0,0.0
11/2/2022 0:00,0.0,0.0
11/2/2022 1:00,0.0,0.0
11/2/2022 2:00,0.0,0.0
11/2/2022 3:00,0.0,0.0
11/2/2022 4:00,0.0,0.0
11/2/2022 5:00,0.0,0.0
11/2/2022 6:00,0.0,0.0
11/2/2022 7:00,0.0,0.0
11/2/2022 8:00,0.75,0.03
11/2/2022 9:00,3.5,0.15
11/2/2022 10:00,5.75,0.24
11/2/2022 11:00,6.25,0.27
11/2/2022 12:00,4.25,0.18
11/2/2022 13:00,8.0,0.34
11/2/2022 14:00,8.75,0.37
11/2/2022 15:00,9.0,0.38
11/2/2022 16:00,6.0,0.26
11/2/2022 17:00,1.5,0.06
11/2/2022 18:00,0.25,0.01
11/2/2022 19:00,0.0,0.0
11/2/2022 20:00,0.0,0.0
11/2/2022 21:00,0.0,0.0
11/2/2022 22:00,0.0,0.0
11/2/2022 23:00,0.0,0.0
11/3/2022 0:00,0.0,0.0
11/3/2022 1:00,0.0,0.0
11/3/2022 2:00,0.0,0.0
11/3/2022 3:00,0.0,0.0
11/3/2022 4:00,0.0,0.0
11/3/2022 5:00,0.0,0.0
11/3/2022 6:00,0.0,0.0
11/3/2022 7:00,0.0,0.0
11/3/2022 8:00,0.0,0.0
11/3/2022 9:00,0.75,0.03
11/3/2022 10:00,1.0,0.04
11/3/2022 11:00,2.0,0.09
11/3/2022 12:00,4.0,0.17
11/3/2022 13:00,3.0,0.13
11/3/2022 14:00,2.5,0.11
11/3/2022 15:00,3.25,0.14
11/3/2022 16:00,1.25,0.05
11/3/2022 17:00,0.5,0.02
11/3/2022 18:00,0.0,0.0
11/3/2022 19:00,0.0,0.0
11/3/2022 20:00,0.0,0.0
11/3/2022 21:00,0.0,0.0
11/3/2022 22:00,0.0,0.0
11/3/2022 23:00,0.0,0.0
11/4/2022 0:00,0.0,0.0
11/4/2022 1:00,0.0,0.0
11/4/2022 2:00,0.0,0.0
11/4/2022 3:00,0.0,0.0
11/4/2022 4:00,0.0,0.0
11/4/2022 5:00,0.0,0.0
11/4/2022 6:00,0.0,0.0
11/4/2022 7:00,0.0,0.0
11/4/2022 8:00,0.5,0.02
11/4/2022 9:00,3.5,0.15
11/4/2022 10:00,7.0,0.3
11/4/2022 11:00,9.0,0.38
11/4/2022 12:00,9.75,0.41
11/4/2022 13:00,10.25,0.44
11/4/2022 14:00,10.25,0.44
11/4/2022 15:00,8.5,0.36
11/4/2022 16:00,5.75,0.24
11/4/2022 17:00,1.25,0.05
11/4/2022 18:00,0.25,0.01
11/4/2022 19:00,0.0,0.0
11/4/2022 20:00,0.0,0.0
11/4/2022 21:00,0.0,0.0
11/4/2022 22:00,0.0,0.0
11/4/2022 23:00,0.0,0.0
11/5/2022 0:00,0.0,0.0
11/5/2022 1:00,0.0,0.0
11/5/2022 2:00,0.0,0.0
11/5/2022 3:00,0.0,0.0
11/5/2022 4:00,0.0,0.0
11/5/2022 5:00,0.0,0.0
11/5/2022 6:00,0.0,0.0
11/5/2022 7:00,0.0,0.0
11/5/2022 8:00,0.5,0.02
11/5/2022 9:00,3.25,0.14
11/5/2022 10:00,7.25,0.31
11/5/2022 11:00,8.75,0.37
11/5/2022 12:00,9.75,0.41
11/5/2022 13:00,10.25,0.44
11/5/2022 14:00,9.75,0.41
11/5/2022 15:00,8.5,0.36
11/5/2022 16:00,6.25,0.27
11/5/2022 17:00,1.25,0.05
11/5/2022 18:00,0.0,0.0
11/5/2022 19:00,0.0,0.0
11/5/2022 20:00,0.0,0.0
11/5/2022 21:00,0.0,0.0
11/5/2022 22:00,0.0,0.0
11/5/2022 23:00,0.0,0.0
11/6/2022 0:00,0.0,0.0
11/6/2022 1:00,0.0,0.0
11/6/2022 2:00,0.0,0.0
11/6/2022 3:00,0.0,0.0
11/6/2022 4:00,0.0,0.0
11/6/2022 5:00,0.0,0.0
11/6/2022 6:00,0.0,0.0
11/6/2022 7:00,0.0,0.0
11/6/2022 8:00,0.25,0.01
11/6/2022 9:00,2.5,0.11
11/6/2022 10:00,6.0,0.26
11/6/2022 11:00,6.75,0.29
11/6/2022 12:00,7.25,0.31
11/6/2022 13:00,5.0,0.21
11/6/2022 14:00,5.75,0.24
11/6/2022 15:00,5.25,0.22
11/6/2022 16:00,2.75,0.12
11/6/2022 17:00,1.0,0.04
11/6/2022 18:00,0.25,0.01
11/6/2022 19:00,0.0,0.0
11/6/2022 20:00,0.0,0.0
11/6/2022 21:00,0.0,0.0
11/6/2022 22:00,0.0,0.0
11/6/2022 23:00,0.0,0.0
11/7/2022 0:00,0.0,0.0
11/7/2022 1:00,0.0,0.0
11/7/2022 2:00,0.0,0.0
11/7/2022 3:00,0.0,0.0
11/7/2022 4:00,0.0,0.0
11/7/2022 5:00,0.0,0.0
11/7/2022 6:00,0.0,0.0
11/7/2022 7:00,0.0,0.0
11/7/2022 8:00,0.0,0.0
11/7/2022 9:00,0.75,0.03
11/7/2022 10:00,2.5,0.11
11/7/2022 11:00,6.75,0.29
11/7/2022 12:00,5.5,0.23
11/7/2022 13:00,5.0,0.21
11/7/2022 14:00,7.5,0.32
11/7/2022 15:00,4.25,0.18
11/7/2022 16:00,1.75,0.07
11/7/2022 17:00,0.5,0.02
11/7/2022 18:00,0.25,0.01
11/7/2022 19:00,0.0,0.0
11/7/2022 20:00,0.0,0.0
11/7/2022 21:00,0.0,0.0
11/7/2022 22:00,0.0,0.0
11/7/2022 23:00,0.0,0.0
11/8/2022 0:00,0.0,0.0
11/8/2022 1:00,0.0,0.0
11/8/2022 2:00,0.0,0.0
11/8/2022 3:00,0.0,0.0
11/8/2022 4:00,0.0,0.0
11/8/2022 5:00,0.0,0.0
11/8/2022 6:00,0.0,0.0
11/8/2022 7:00,0.0,0.0
11/8/2022 8:00,0.5,0.02
11/8/2022 9:00,2.25,0.1
11/8/2022 10:00,3.5,0.15
11/8/2022 11:00,3.0,0.13
11/8/2022 12:00,1.5,0.06
11/8/2022 13:00,0.25,0.01
11/8/2022 14:00,0.5,0.02
11/8/2022 15:00,2.0,0.09
11/8/2022 16:00,3.75,0.16
11/8/2022 17:00,1.0,0.04
11/8/2022 18:00,0.0,0.0
11/8/2022 19:00,0.0,0.0
11/8/2022 20:00,0.0,0.0
11/8/2022 21:00,0.0,0.0
11/8/2022 22:00,0.0,0.0
11/8/2022 23:00,0.0,0.0
11/9/2022 0:00,0.0,0.0
11/9/2022 1:00,0.0,0.0
11/9/2022 2:00,0.0,0.0
11/9/2022 3:00,0.0,0.0
11/9/2022 4:00,0.0,0.0
11/9/2022 5:00,0.0,0.0
11/9/2022 6:00,0.0,0.0
11/9/2022 7:00,0.0,0.0
11/9/2022 8:00,0.25,0.01
11/9/2022 9:00,2.25,0.1
11/9/2022 10:00,6.25,0.27
11/9/2022 11:00,5.75,0.24
11/9/2022 12:00,6.75,0.29
11/9/2022 13:00,5.75,0.24
11/9/2022 14:00,7.25,0.31
11/9/2022 15:00,5.0,0.21
11/9/2022 16:00,5.0,0.21
11/9/2022 17:00,1.0,0.04
11/9/2022 18:00,0.25,0.01
11/9/2022 19:00,0.0,0.0
11/9/2022 20:00,0.0,0.0
11/9/2022 21:00,0.0,0.0
11/9/2022 22:00,0.0,0.0
11/9/2022 23:00,0.0,0.0
11/10/2022 0:00,0.0,0.0
11/10/2022 1:00,0.0,0.0
11/10/2022 2:00,0.0,0.0
11/10/2022 3:00,0.0,0.0
11/10/2022 4:00,0.0,0.0
11/10/2022 5:00,0.0,0.0
11/10/2022 6:00,0.0,0.0
11/10/2022 7:00,0.0,0.0
11/10/2022 8:00,0.0,0.0
11/10/2022 9:00,1.75,0.07
11/10/2022 10:00,6.25,0.27
11/10/2022 11:00,8.0,0.34
11/10/2022 12:00,9.25,0.39
11/10/2022 13:00,9.75,0.41
11/10/2022 14:00,9.0,0.38
11/10/2022 15:00,7.75,0.33
11/10/2022 16:00,5.25,0.22
11/10/2022 17:00,0.75,0.03
11/10/2022 18:00,0.0,0.0
11/10/2022 19:00,0.0,0.0
11/10/2022 20:00,0.0,0.0
11/10/2022 21:00,0.0,0.0
11/10/2022 22:00,0.0,0.0
11/10/2022 23:00,0.0,0.0
11/11/2022 0:00,0.0,0.0
11/11/2022 1:00,0.0,0.0
11/11/2022 2:00,0.0,0.0
11/11/2022 3:00,0.0,0.0
11/11/2022 4:00,0.0,0.0
11/11/2022 5:00,0.0,0.0
11/11/2022 6:00,0.0,0.0
11/11/2022 7:00,0.0,0.0
11/11/2022 8:00,0.5,0.02
11/11/2022 9:00,3.0,0.13
11/11/2022 10:00,6.25,0.27
11/11/2022 11:00,8.5,0.36
11/11/2022 12:00,9.25,0.39
11/11/2022 13:00,9.75,0.41
11/11/2022 14:00,9.0,0.38
11/11/2022 15:00,7.75,0.33
11/11/2022 16:00,4.75,0.2
11/11/2022 17:00,0.75,0.03
11/11/2022 18:00,0.25,0.01
11/11/2022 19:00,0.0,0.0
11/11/2022 20:00,0.0,0.0
11/11/2022 21:00,0.0,0.0
11/11/2022 22:00,0.0,0.0
11/11/2022 23:00,0.0,0.0
11/12/2022 0:00,0.0,0.0
11/12/2022 1:00,0.0,0.0
11/12/2022 2:00,0.0,0.0
11/12/2022 3:00,0.0,0.0
11/12/2022 4:00,0.0,0.0
11/12/2022 5:00,0.0,0.0
11/12/2022 6:00,0.0,0.0
11/12/2022 7:00,0.0,0.0
11/12/2022 8:00,0.25,0.01
11/12/2022 9:00,2.75,0.12
11/12/2022 10:00,6.0,0.26
11/12/2022 11:00,8.0,0.34
11/12/2022 12:00,8.75,0.37
11/12/2022 13:00,9.5,0.4
11/12/2022 14:00,8.5,0.36
11/12/2022 15:00,7.5,0.32
11/12/2022 16:00,4.5,0.19
11/12/2022 17:00,0.75,0.03
11/12/2022 18:00,0.0,0.0
11/12/2022 19:00,0.0,0.0
11/12/2022 20:00,0.0,0.0
11/12/2022 21:00,0.0,0.0
11/12/2022 22:00,0.0,0.0
11/12/2022 23:00,0.0,0.0
11/13/2022 0:00,0.0,0.0
11/13/2022 1:00,0.0,0.0
11/13/2022 2:00,0.0,0.0
11/13/2022 3:00,0.0,0.0
11/13/2022 4:00,0.0,0.0
11/13/2022 5:00,0.0,0.0
11/13/2022 6:00,0.0,0.0
11/13/2022 7:00,0.0,0.0
11/13/2022 8:00,0.5,0.02
11/13/2022 9:00,1.0,0.04
11/13/2022 10:00,2.0,0.09
11/13/2022 11:00,4.5,0.19
11/13/2022 12:00,4.25,0.18
11/13/2022 13:00,4.5,0.19
11/13/2022 14:00,4.0,0.17
11/13/2022 15:00,2.75,0.12
11/13/2022 16:00,2.0,0.09
11/13/2022 17:00,0.75,0.03
11/13/2022 18:00,0.0,0.0
11/13/2022 19:00,0.0,0.0
11/13/2022 20:00,0.0,0.0
11/13/2022 21:00,0.0,0.0
11/13/2022 22:00,0.0,0.0
11/13/2022 23:00,0.0,0.0
11/14/2022 0:00,0.0,0.0
11/14/2022 1:00,0.0,0.0
11/14/2022 2:00,0.0,0.0
11/14/2022 3:00,0.0,0.0
11/14/2022 4:00,0.0,0.0
11/14/2022 5:00,0.0,0.0
11/14/2022 6:00,0.0,0.0
11/14/2022 7:00,0.0,0.0
11/14/2022 8:00,0.0,0.0
11/14/2022 9:00,0.75,0.03
11/14/2022 10:00,2.5,0.11
11/14/2022 11:00,4.5,0.19
11/14/2022 12:00,4.25,0.18
11/14/2022 13:00,6.0,0.26
11/14/2022 14:00,5.25,0.22
11/14/2022 15:00,2.0,0.09
11/14/2022 16:00,1.5,0.06
11/14/2022 17:00,0.25,0.01
11/14/2022 18:00,0.0,0.0
11/14/2022 19:00,0.0,0.0
11/14/2022 20:00,0.0,0.0
11/14/2022 21:00,0.0,0.0
11/14/2022 22:00,0.0,0.0
11/14/2022 23:00,0.0,0.0
11/15/2022 0:00,0.0,0.0
11/15/2022 1:00,0.0,0.0
11/15/2022 2:00,0.0,0.0
11/15/2022 3:00,0.0,0.0
11/15/2022 4:00,0.0,0.0
11/15/2022 5:00,0.0,0.0
11/15/2022 6:00,0.0,0.0
11/15/2022 7:00,0.0,0.0
11/15/2022 8:00,0.25,0.01
11/15/2022 9:00,1.5,0.06
11/15/2022 10:00,1.0,0.04
11/15/2022 11:00,1.5,0.06
11/15/2022 12:00,1.25,0.05
11/15/2022 13:00,1.25,0.05
11/15/2022 14:00,1.5,0.06
11/15/2022 15:00,1.0,0.04
11/15/2022 16:00,0.75,0.03
11/15/2022 17:00,0.5,0.02
11/15/2022 18:00,0.0,0.0
11/15/2022 19:00,0.0,0.0
11/15/2022 20:00,0.0,0.0
11/15/2022 21:00,0.0,0.0
11/15/2022 22:00,0.0,0.0
11/15/2022 23:00,0.0,0.0
11/16/2022 0:00,0.0,0.0
11/16/2022 1:00,0.0,0.0
11/16/2022 2:00,0.0,0.0
11/16/2022 3:00,0.0,0.0
11/16/2022 4:00,0.0,0.0
11/16/2022 5:00,0.0,0.0
11/16/2022 6:00,0.0,0.0
11/16/2022 7:00,0.0,0.0
11/16/2022 8:00,0.0,0.0
11/16/2022 9:00,0.25,0.01
11/16/2022 10:00,1.0,0.04
11/16/2022 11:00,2.25,0.1
11/16/2022 12:00,2.0,0.09
11/16/2022 13:00,2.0,0.09
11/16/2022 14:00,1.75,0.07
11/16/2022 15:00,2.5,0.11
11/16/2022 16:00,2.5,0.11
11/16/2022 17:00,1.0,0.04
11/16/2022 18:00,0.0,0.0
11/16/2022 19:00,0.0,0.0
11/16/2022 20:00,0.0,0.0
11/16/2022 21:00,0.0,0.0
11/16/2022 22:00,0.0,0.0
11/16/2022 23:00,0.0,0.0
11/17/2022 0:00,0.0,0.0
11/17/2022 1:00,0.0,0.0
11/17/2022 2:00,0.0,0.0
11/17/2022 3:00,0.0,0.0
11/17/2022 4:00,0.0,0.0
11/17/2022 5:00,0.0,0.0
11/17/2022 6:00,0.0,0.0
11/17/2022 7:00,0.0,0.0
11/17/2022 8:00,0.0,0.0
11/17/2022 9:00,0.25,0.01
11/17/2022 10:00,1.75,0.07
11/17/2022 11:00,2.75,0.12
11/17/2022 12:00,2.25,0.1
11/17/2022 13:00,3.5,0.15
11/17/2022 14:00,3.0,0.13
11/17/2022 15:00,3.75,0.16
11/17/2022 16:00,3.5,0.15
11/17/2022 17:00,0.5,0.02
11/17/2022 18:00,0.0,0.0
11/17/2022 19:00,0.0,0.0
11/17/2022 20:00,0.0,0.0
11/17/2022 21:00,0.0,0.0
11/17/2022 22:00,0.0,0.0
11/17/2022 23:00,0.0,0.0
11/18/2022 0:00,0.0,0.0
11/18/2022 1:00,0.0,0.0
11/18/2022 2:00,0.0,0.0
11/18/2022 3:00,0.0,0.0
11/18/2022 4:00,0.0,0.0
11/18/2022 5:00,0.0,0.0
11/18/2022 6:00,0.0,0.0
11/18/2022 7:00,0.0,0.0
11/18/2022 8:00,0.25,0.01
11/18/2022 9:00,2.25,0.1
11/18/2022 10:00,5.75,0.24
11/18/2022 11:00,7.75,0.33
11/18/2022 12:00,7.75,0.33
11/18/2022 13:00,7.0,0.3
11/18/2022 14:00,7.0,0.3
11/18/2022 15:00,5.0,0.21
11/18/2022 16:00,2.5,0.11
11/18/2022 17:00,0.5,0.02
11/18/2022 18:00,0.0,0.0
11/18/2022 19:00,0.0,0.0
11/18/2022 20:00,0.0,0.0
11/18/2022 21:00,0.0,0.0
11/18/2022 22:00,0.0,0.0
11/18/2022 23:00,0.0,0.0
11/19/2022 0:00,0.0,0.0
11/19/2022 1:00,0.0,0.0
11/19/2022 2:00,0.0,0.0
11/19/2022 3:00,0.0,0.0
11/19/2022 4:00,0.0,0.0
11/19/2022 5:00,0.0,0.0
11/19/2022 6:00,0.0,0.0
11/19/2022 7:00,0.0,0.0
11/19/2022 8:00,0.25,0.01
11/19/2022 9:00,1.75,0.07
11/19/2022 10:00,5.75,0.24
11/19/2022 11:00,6.25,0.27
11/19/2022 12:00,8.0,0.34
11/19/2022 13:00,5.5,0.23
11/19/2022 14:00,6.75,0.29
11/19/2022 15:00,5.0,0.21
11/19/2022 16:00,2.0,0.09
11/19/2022 17:00,0.75,0.03
11/19/2022 18:00,0.0,0.0
11/19/2022 19:00,0.0,0.0
11/19/2022 20:00,0.0,0.0
11/19/2022 21:00,0.0,0.0
11/19/2022 22:00,0.0,0.0
11/19/2022 23:00,0.0,0.0
11/20/2022 0:00,0.0,0.0
11/20/2022 1:00,0.0,0.0
11/20/2022 2:00,0.0,0.0
11/20/2022 3:00,0.0,0.0
11/20/2022 4:00,0.0,0.0
11/20/2022 5:00,0.0,0.0
11/20/2022 6:00,0.0,0.0
11/20/2022 7:00,0.0,0.0
11/20/2022 8:00,0.0,0.0
11/20/2022 9:00,1.25,0.05
11/20/2022 10:00,3.5,0.15
11/20/2022 11:00,6.0,0.26
11/20/2022 12:00,7.25,0.31
11/20/2022 13:00,4.25,0.18
11/20/2022 14:00,3.0,0.13
11/20/2022 15:00,3.5,0.15
11/20/2022 16:00,2.5,0.11
11/20/2022 17:00,0.5,0.02
11/20/2022 18:00,0.0,0.0
11/20/2022 19:00,0.0,0.0
11/20/2022 20:00,0.0,0.0
11/20/2022 21:00,0.0,0.0
11/20/2022 22:00,0.0,0.0
11/20/2022 23:00,0.0,0.0
11/21/2022 0:00,0.0,0.0
11/21/2022 1:00,0.0,0.0
11/21/2022 2:00,0.0,0.0
11/21/2022 3:00,0.0,0.0
11/21/2022 4:00,0.0,0.0
11/21/2022 5:00,0.0,0.0
11/21/2022 6:00,0.0,0.0
11/21/2022 7:00,0.0,0.0
11/21/2022 8:00,0.0,0.0
11/21/2022 9:00,0.75,0.03
11/21/2022 10:00,0.5,0.02
11/21/2022 11:00,1.75,0.07
11/21/2022 12:00,1.5,0.06
11/21/2022 13:00,2.0,0.09
11/21/2022 14:00,6.0,0.26
11/21/2022 15:00,5.25,0.22
11/21/2022 16:00,2.75,0.12
11/21/2022 17:00,0.75,0.03
11/21/2022 18:00,0.0,0.0
11/21/2022 19:00,0.0,0.0
11/21/2022 20:00,0.0,0.0
11/21/2022 21:00,0.0,0.0
11/21/2022 22:00,0.0,0.0
11/21/2022 23:00,0.0,0.0
11/22/2022 0:00,0.0,0.0
11/22/2022 1:00,0.0,0.0
11/22/2022 2:00,0.0,0.0
11/22/2022 3:00,0.0,0.0
11/22/2022 4:00,0.0,0.0
11/22/2022 5:00,0.0,0.0
11/22/2022 6:00,0.0,0.0
11/22/2022 7:00,0.0,0.0
11/22/2022 8:00,0.0,0.0
11/22/2022 9:00,0.75,0.03
11/22/2022 10:00,1.25,0.05
11/22/2022 11:00,1.5,0.06
11/22/2022 12:00,1.0,0.04
11/22/2022 13:00,1.25,0.05
11/22/2022 14:00,2.0,0.09
11/22/2022 15:00,2.0,0.09
11/22/2022 16:00,1.0,0.04
11/22/2022 17:00,0.25,0.01
11/22/2022 18:00,0.0,0.0
11/22/2022 19:00,0.0,0.0
11/22/2022 20:00,0.0,0.0
11/22/2022 21:00,0.0,0.0
11/22/2022 22:00,0.0,0.0
11/22/2022 23:00,0.0,0.0
11/23/2022 0:00,0.0,0.0
11/23/2022 1:00,0.0,0.0
11/23/2022 2:00,0.0,0.0
11/23/2022 3:00,0.0,0.0
11/23/2022 4:00,0.0,0.0
11/23/2022 5:00,0.0,0.0
11/23/2022 6:00,0.0,0.0
11/23/2022 7:00,0.0,0.0
11/23/2022 8:00,0.25,0.01
11/23/2022 9:00,0.25,0.01
11/23/2022 10:00,1.0,0.04
11/23/2022 11:00,2.5,0.11
11/23/2022 12:00,4.0,0.17
11/23/2022 13:00,5.5,0.23
11/23/2022 14:00,6.75,0.29
11/23/2022 15:00,3.0,0.13
11/23/2022 16:00,1.0,0.04
11/23/2022 17:00,0.5,0.02
11/23/2022 18:00,0.0,0.0
11/23/2022 19:00,0.0,0.0
11/23/2022 20:00,0.0,0.0
11/23/2022 21:00,0.0,0.0
11/23/2022 22:00,0.0,0.0
11/23/2022 23:00,0.0,0.0
11/24/2022 0:00,0.0,0.0
11/24/2022 1:00,0.0,0.0
11/24/2022 2:00,0.0,0.0
11/24/2022 3:00,0.0,0.0
11/24/2022 4:00,0.0,0.0
11/24/2022 5:00,0.0,0.0
11/24/2022 6:00,0.0,0.0
11/24/2022 7:00,0.0,0.0
11/24/2022 8:00,0.0,0.0
11/24/2022 9:00,1.25,0.05
11/24/2022 10:00,2.0,0.09
11/24/2022 11:00,3.0,0.13
11/24/2022 12:00,1.5,0.06
11/24/2022 13:00,1.75,0.07
11/24/2022 14:00,2.25,0.1
11/24/2022 15:00,1.75,0.07
11/24/2022 16:00,1.75,0.07
11/24/2022 17:00,0.5,0.02
11/24/2022 18:00,0.0,0.0
11/24/2022 19:00,0.0,0.0
11/24/2022 20:00,0.0,0.0
11/24/2022 21:00,0.0,0.0
11/24/2022 22:00,0.0,0.0
11/24/2022 23:00,0.0,0.0
11/25/2022 0:00,0.0,0.0
11/25/2022 1:00,0.0,0.0
11/25/2022 2:00,0.0,0.0
11/25/2022 3:00,0.0,0.0
11/25/2022 4:00,0.0,0.0
11/25/2022 5:00,0.0,0.0
11/25/2022 6:00,0.0,0.0
11/25/2022 7:00,0.0,0.0
11/25/2022 8:00,0.25,0.01
11/25/2022 9:00,1.75,0.07
11/25/2022 10:00,4.75,0.2
11/25/2022 11:00,6.75,0.29
11/25/2022 12:00,7.25,0.31
11/25/2022 13:00,8.5,0.36
11/25/2022 14:00,8.25,0.35
11/25/2022 15:00,6.25,0.27
11/25/2022 16:00,3.25,0.14
11/25/2022 17:00,0.75,0.03
11/25/2022 18:00,0.0,0.0
11/25/2022 19:00,0.0,0.0
11/25/2022 20:00,0.0,0.0
11/25/2022 21:00,0.0,0.0
11/25/2022 22:00,0.0,0.0
11/25/2022 23:00,0.0,0.0
11/26/2022 0:00,0.0,0.0
11/26/2022 1:00,0.0,0.0
11/26/2022 2:00,0.0,0.0
11/26/2022 3:00,0.0,0.0
11/26/2022 4:00,0.0,0.0
11/26/2022 5:00,0.0,0.0
11/26/2022 6:00,0.0,0.0
11/26/2022 7:00,0.0,0.0
11/26/2022 8:00,0.0,0.0
11/26/2022 9:00,2.0,0.09
11/26/2022 10:00,5.5,0.23
11/26/2022 11:00,6.75,0.29
11/26/2022 12:00,7.5,0.32
11/26/2022 13:00,7.5,0.32
11/26/2022 14:00,7.5,0.32
11/26/2022 15:00,5.25,0.22
11/26/2022 16:00,2.5,0.11
11/26/2022 17:00,0.75,0.03
11/26/2022 18:00,0.0,0.0
11/26/2022 19:00,0.0,0.0
11/26/2022 20:00,0.0,0.0
11/26/2022 21:00,0.0,0.0
11/26/2022 22:00,0.0,0.0
11/26/2022 23:00,0.0,0.0
11/27/2022 0:00,0.0,0.0
11/27/2022 1:00,0.0,0.0
11/27/2022 2:00,0.0,0.0
11/27/2022 3:00,0.0,0.0
11/27/2022 4:00,0.0,0.0
11/27/2022 5:00,0.0,0.0
11/27/2022 6:00,0.0,0.0
11/27/2022 7:00,0.0,0.0
11/27/2022 8:00,0.0,0.0
11/27/2022 9:00,1.75,0.07
11/27/2022 10:00,3.75,0.16
11/27/2022 11:00,6.0,0.26
11/27/2022 12:00,7.0,0.3
11/27/2022 13:00,6.25,0.27
11/27/2022 14:00,4.75,0.2
11/27/2022 15:00,2.5,0.11
11/27/2022 16:00,0.5,0.02
11/27/2022 17:00,0.25,0.01
11/27/2022 18:00,0.0,0.0
11/27/2022 19:00,0.0,0.0
11/27/2022 20:00,0.0,0.0
11/27/2022 21:00,0.0,0.0
11/27/2022 22:00,0.0,0.0
11/27/2022 23:00,0.0,0.0
11/28/2022 0:00,0.0,0.0
11/28/2022 1:00,0.0,0.0
11/28/2022 2:00,0.0,0.0
11/28/2022 3:00,0.0,0.0
11/28/2022 4:00,0.0,0.0
11/28/2022 5:00,0.0,0.0
11/28/2022 6:00,0.0,0.0
11/28/2022 7:00,0.0,0.0
11/28/2022 8:00,0.0,0.0
11/28/2022 9:00,1.75,0.07
11/28/2022 10:00,4.75,0.2
11/28/2022 11:00,6.5,0.28
11/28/2022 12:00,5.75,0.24
11/28/2022 13:00,3.25,0.14
11/28/2022 14:00,4.0,0.17
11/28/2022 15:00,5.5,0.23
11/28/2022 16:00,2.75,0.12
11/28/2022 17:00,0.5,0.02
11/28/2022 18:00,0.0,0.0
11/28/2022 19:00,0.0,0.0
11/28/2022 20:00,0.0,0.0
11/28/2022 21:00,0.0,0.0
11/28/2022 22:00,0.0,0.0
11/28/2022 23:00,0.0,0.0
11/29/2022 0:00,0.0,0.0
11/29/2022 1:00,0.0,0.0
11/29/2022 2:00,0.0,0.0
11/29/2022 3:00,0.0,0.0
11/29/2022 4:00,0.0,0.0
11/29/2022 5:00,0.0,0.0
11/29/2022 6:00,0.0,0.0
11/29/2022 7:00,0.0,0.0
11/29/2022 8:00,0.0,0.0
11/29/2022 9:00,1.5,0.06
11/29/2022 10:00,5.0,0.21
11/29/2022 11:00,6.5,0.28
11/29/2022 12:00,6.25,0.27
11/29/2022 13:00,6.75,0.29
11/29/2022 14:00,6.75,0.29
11/29/2022 15:00,5.75,0.24
11/29/2022 16:00,3.25,0.14
11/29/2022 17:00,0.5,0.02
11/29/2022 18:00,0.0,0.0
11/29/2022 19:00,0.0,0.0
11/29/2022 20:00,0.0,0.0
11/29/2022 21:00,0.0,0.0
11/29/2022 22:00,0.0,0.0
11/29/2022 23:00,0.0,0.0
11/30/2022 0:00,0.0,0.0
11/30/2022 1:00,0.0,0.0
11/30/2022 2:00,0.0,0.0
11/30/2022 3:00,0.0,0.0
11/30/2022 4:00,0.0,0.0
11/30/2022 5:00,0.0,0.0
11/30/2022 6:00,0.0,0.0
11/30/2022 7:00,0.0,0.0
11/30/2022 8:00,0.0,0.0
11/30/2022 9:00,0.25,0.01
11/30/2022 10:00,1.5,0.06
11/30/2022 11:00,2.5,0.11
11/30/2022 12:00,1.25,0.05
11/30/2022 13:00,2.0,0.09
11/30/2022 14:00,1.5,0.06
11/30/2022 15:00,0.75,0.03
11/30/2022 16:00,0.5,0.02
11/30/2022 17:00,0.25,0.01
11/30/2022 18:00,0.0,0.0
11/30/2022 19:00,0.0,0.0
11/30/2022 20:00,0.0,0.0
11/30/2022 21:00,0.0,0.0
11/30/2022 22:00,0.0,0.0
11/30/2022 23:00,0.0,0.0
12/1/2022 0:00,0.0,0.0
12/1/2022 1:00,0.0,0.0
12/1/2022 2:00,0.0,0.0
12/1/2022 3:00,0.0,0.0
12/1/2022 4:00,0.0,0.0
12/1/2022 5:00,0.0,0.0
12/1/2022 6:00,0.0,0.0
12/1/2022 7:00,0.0,0.0
12/1/2022 8:00,0.0,0.0
12/1/2022 9:00,1.5,0.06
12/1/2022 10:00,4.75,0.2
12/1/2022 11:00,6.5,0.28
12/1/2022 12:00,7.25,0.31
12/1/2022 13:00,8.25,0.35
12/1/2022 14:00,8.25,0.35
12/1/2022 15:00,6.25,0.27
12/1/2022 16:00,2.75,0.12
12/1/2022 17:00,0.5,0.02
12/1/2022 18:00,0.0,0.0
12/1/2022 19:00,0.0,0.0
12/1/2022 20:00,0.0,0.0
12/1/2022 21:00,0.0,0.0
12/1/2022 22:00,0.0,0.0
12/1/2022 23:00,0.0,0.0
12/2/2022 0:00,0.0,0.0
12/2/2022 1:00,0.0,0.0
12/2/2022 2:00,0.0,0.0
12/2/2022 3:00,0.0,0.0
12/2/2022 4:00,0.0,0.0
12/2/2022 5:00,0.0,0.0
12/2/2022 6:00,0.0,0.0
12/2/2022 7:00,0.0,0.0
12/2/2022 8:00,0.0,0.0
12/2/2022 9:00,1.5,0.06
12/2/2022 10:00,4.75,0.2
12/2/2022 11:00,7.0,0.3
12/2/2022 12:00,7.25,0.31
12/2/2022 13:00,8.5,0.36
12/2/2022 14:00,8.0,0.34
12/2/2022 15:00,6.25,0.27
12/2/2022 16:00,3.0,0.13
12/2/2022 17:00,0.25,0.01
12/2/2022 18:00,0.0,0.0
12/2/2022 19:00,0.0,0.0
12/2/2022 20:00,0.0,0.0
12/2/2022 21:00,0.0,0.0
12/2/2022 22:00,0.0,0.0
12/2/2022 23:00,0.0,0.0
12/3/2022 0:00,0.0,0.0
12/3/2022 1:00,0.0,0.0
12/3/2022 2:00,0.0,0.0
12/3/2022 3:00,0.0,0.0
12/3/2022 4:00,0.0,0.0
12/3/2022 5:00,0.0,0.0
12/3/2022 6:00,0.0,0.0
12/3/2022 7:00,0.0,0.0
12/3/2022 8:00,0.0,0.0
12/3/2022 9:00,1.5,0.06
12/3/2022 10:00,1.0,0.04
12/3/2022 11:00,3.0,0.13
12/3/2022 12:00,4.5,0.19
12/3/2022 13:00,4.75,0.2
12/3/2022 14:00,2.75,0.12
12/3/2022 15:00,1.75,0.07
12/3/2022 16:00,0.5,0.02
12/3/2022 17:00,0.0,0.0
12/3/2022 18:00,0.0,0.0
12/3/2022 19:00,0.0,0.0
12/3/2022 20:00,0.0,0.0
12/3/2022 21:00,0.0,0.0
12/3/2022 22:00,0.0,0.0
12/3/2022 23:00,0.0,0.0
12/4/2022 0:00,0.0,0.0
12/4/2022 1:00,0.0,0.0
12/4/2022 2:00,0.0,0.0
12/4/2022 3:00,0.0,0.0
12/4/2022 4:00,0.0,0.0
12/4/2022 5:00,0.0,0.0
12/4/2022 6:00,0.0,0.0
12/4/2022 7:00,0.0,0.0
12/4/2022 8:00,0.25,0.01
12/4/2022 9:00,0.75,0.03
12/4/2022 10:00,1.25,0.05
12/4/2022 11:00,2.5,0.11
12/4/2022 12:00,2.25,0.1
12/4/2022 13:00,3.25,0.14
12/4/2022 14:00,3.75,0.16
12/4/2022 15:00,4.0,0.17
12/4/2022 16:00,1.5,0.06
12/4/2022 17:00,0.25,0.01
12/4/2022 18:00,0.0,0.0
12/4/2022 19:00,0.0,0.0
12/4/2022 20:00,0.0,0.0
12/4/2022 21:00,0.0,0.0
12/4/2022 22:00,0.0,0.0
12/4/2022 23:00,0.0,0.0
12/5/2022 0:00,0.0,0.0
12/5/2022 1:00,0.0,0.0
12/5/2022 2:00,0.0,0.0
12/5/2022 3:00,0.0,0.0
12/5/2022 4:00,0.0,0.0
12/5/2022 5:00,0.0,0.0
12/5/2022 6:00,0.0,0.0
12/5/2022 7:00,0.0,0.0
12/5/2022 8:00,0.0,0.0
12/5/2022 9:00,0.25,0.01
12/5/2022 10:00,1.0,0.04
12/5/2022 11:00,2.0,0.09
12/5/2022 12:00,1.0,0.04
12/5/2022 13:00,1.5,0.06
12/5/2022 14:00,2.5,0.11
12/5/2022 15:00,2.0,0.09
12/5/2022 16:00,2.0,0.09
12/5/2022 17:00,0.75,0.03
12/5/2022 18:00,0.0,0.0
12/5/2022 19:00,0.0,0.0
12/5/2022 20:00,0.0,0.0
12/5/2022 21:00,0.0,0.0
12/5/2022 22:00,0.0,0.0
12/5/2022 23:00,0.0,0.0
12/6/2022 0:00,0.0,0.0
12/6/2022 1:00,0.0,0.0
12/6/2022 2:00,0.0,0.0
12/6/2022 3:00,0.0,0.0
12/6/2022 4:00,0.0,0.0
12/6/2022 5:00,0.0,0.0
12/6/2022 6:00,0.0,0.0
12/6/2022 7:00,0.0,0.0
12/6/2022 8:00,0.0,0.0
12/6/2022 9:00,1.25,0.05
12/6/2022 10:00,3.5,0.15
12/6/2022 11:00,4.25,0.18
12/6/2022 12:00,6.0,0.26
12/6/2022 13:00,2.75,0.12
12/6/2022 14:00,2.0,0.09
12/6/2022 15:00,2.75,0.12
12/6/2022 16:00,2.0,0.09
12/6/2022 17:00,0.5,0.02
12/6/2022 18:00,0.0,0.0
12/6/2022 19:00,0.0,0.0
12/6/2022 20:00,0.0,0.0
12/6/2022 21:00,0.0,0.0
12/6/2022 22:00,0.0,0.0
12/6/2022 23:00,0.0,0.0
12/7/2022 0:00,0.0,0.0
12/7/2022 1:00,0.0,0.0
12/7/2022 2:00,0.0,0.0
12/7/2022 3:00,0.0,0.0
12/7/2022 4:00,0.0,0.0
12/7/2022 5:00,0.0,0.0
12/7/2022 6:00,0.0,0.0
12/7/2022 7:00,0.0,0.0
12/7/2022 8:00,0.0,0.0
12/7/2022 9:00,0.5,0.02
12/7/2022 10:00,0.75,0.03
12/7/2022 11:00,1.75,0.07
12/7/2022 12:00,2.0,0.09
12/7/2022 13:00,0.5,0.02
12/7/2022 14:00,0.5,0.02
12/7/2022 15:00,0.5,0.02
12/7/2022 16:00,0.5,0.02
12/7/2022 17:00,0.0,0.0
12/7/2022 18:00,0.0,0.0
12/7/2022 19:00,0.0,0.0
12/7/2022 20:00,0.0,0.0
12/7/2022 21:00,0.0,0.0
12/7/2022 22:00,0.0,0.0
12/7/2022 23:00,0.0,0.0
12/8/2022 0:00,0.0,0.0
12/8/2022 1:00,0.0,0.0
12/8/2022 2:00,0.0,0.0
12/8/2022 3:00,0.0,0.0
12/8/2022 4:00,0.0,0.0
12/8/2022 5:00,0.0,0.0
12/8/2022 6:00,0.0,0.0
12/8/2022 7:00,0.0,0.0
12/8/2022 8:00,0.0,0.0
12/8/2022 9:00,0.75,0.03
12/8/2022 10:00,3.25,0.14
12/8/2022 11:00,3.25,0.14
12/8/2022 12:00,6.5,0.28
12/8/2022 13:00,5.25,0.22
12/8/2022 14:00,7.75,0.33
12/8/2022 15:00,4.0,0.17
12/8/2022 16:00,2.75,0.12
12/8/2022 17:00,0.5,0.02
12/8/2022 18:00,0.0,0.0
12/8/2022 19:00,0.0,0.0
12/8/2022 20:00,0.0,0.0
12/8/2022 21:00,0.0,0.0
12/8/2022 22:00,0.0,0.0
12/8/2022 23:00,0.0,0.0
12/9/2022 0:00,0.0,0.0
12/9/2022 1:00,0.0,0.0
12/9/2022 2:00,0.0,0.0
12/9/2022 3:00,0.0,0.0
12/9/2022 4:00,0.0,0.0
12/9/2022 5:00,0.0,0.0
12/9/2022 6:00,0.0,0.0
12/9/2022 7:00,0.0,0.0
12/9/2022 8:00,0.0,0.0
12/9/2022 9:00,0.25,0.01
12/9/2022 10:00,2.5,0.11
12/9/2022 11:00,5.25,0.22
12/9/2022 12:00,6.0,0.26
12/9/2022 13:00,6.0,0.26
12/9/2022 14:00,6.0,0.26
12/9/2022 15:00,5.25,0.22
12/9/2022 16:00,2.5,0.11
12/9/2022 17:00,0.25,0.01
12/9/2022 18:00,0.0,0.0
12/9/2022 19:00,0.0,0.0
12/9/2022 20:00,0.0,0.0
12/9/2022 21:00,0.0,0.0
12/9/2022 22:00,0.0,0.0
12/9/2022 23:00,0.0,0.0
12/10/2022 0:00,0.0,0.0
12/10/2022 1:00,0.0,0.0
12/10/2022 2:00,0.0,0.0
12/10/2022 3:00,0.0,0.0
12/10/2022 4:00,0.0,0.0
12/10/2022 5:00,0.0,0.0
12/10/2022 6:00,0.0,0.0
12/10/2022 7:00,0.0,0.0
12/10/2022 8:00,0.0,0.0
12/10/2022 9:00,1.25,0.05
12/10/2022 10:00,4.25,0.18
12/10/2022 11:00,2.5,0.11
12/10/2022 12:00,3.25,0.14
12/10/2022 13:00,4.5,0.19
12/10/2022 14:00,4.25,0.18
12/10/2022 15:00,2.25,0.1
12/10/2022 16:00,1.25,0.05
12/10/2022 17:00,0.25,0.01
12/10/2022 18:00,0.0,0.0
12/10/2022 19:00,0.0,0.0
12/10/2022 20:00,0.0,0.0
12/10/2022 21:00,0.0,0.0
12/10/2022 22:00,0.0,0.0
12/10/2022 23:00,0.0,0.0
12/11/2022 0:00,0.0,0.0
12/11/2022 1:00,0.0,0.0
12/11/2022 2:00,0.0,0.0
12/11/2022 3:00,0.0,0.0
12/11/2022 4:00,0.0,0.0
12/11/2022 5:00,0.0,0.0
12/11/2022 6:00,0.0,0.0
12/11/2022 7:00,0.0,0.0
12/11/2022 8:00,0.0,0.0
12/11/2022 9:00,0.25,0.01
12/11/2022 10:00,1.5,0.06
12/11/2022 11:00,3.75,0.16
12/11/2022 12:00,4.0,0.17
12/11/2022 13:00,3.75,0.16
12/11/2022 14:00,3.75,0.16
12/11/2022 15:00,3.25,0.14
12/11/2022 16:00,1.75,0.07
12/11/2022 17:00,0.75,0.03
12/11/2022 18:00,0.0,0.0
12/11/2022 19:00,0.0,0.0
12/11/2022 20:00,0.0,0.0
12/11/2022 21:00,0.0,0.0
12/11/2022 22:00,0.0,0.0
12/11/2022 23:00,0.0,0.0
12/12/2022 0:00,0.0,0.0
12/12/2022 1:00,0.0,0.0
12/12/2022 2:00,0.0,0.0
12/12/2022 3:00,0.0,0.0
12/12/2022 4:00,0.0,0.0
12/12/2022 5:00,0.0,0.0
12/12/2022 6:00,0.0,0.0
12/12/2022 7:00,0.0,0.0
12/12/2022 8:00,0.0,0.0
12/12/2022 9:00,0.0,0.0
12/12/2022 10:00,0.75,0.03
12/12/2022 11:00,0.5,0.02
12/12/2022 12:00,0.75,0.03
12/12/2022 13:00,0.5,0.02
12/12/2022 14:00,0.5,0.02
12/12/2022 15:00,0.5,0.02
12/12/2022 16:00,0.25,0.01
12/12/2022 17:00,0.0,0.0
12/12/2022 18:00,0.0,0.0
12/12/2022 19:00,0.0,0.0
12/12/2022 20:00,0.0,0.0
12/12/2022 21:00,0.0,0.0
12/12/2022 22:00,0.0,0.0
12/12/2022 23:00,0.0,0.0
12/13/2022 0:00,0.0,0.0
12/13/2022 1:00,0.0,0.0
12/13/2022 2:00,0.0,0.0
12/13/2022 3:00,0.0,0.0
12/13/2022 4:00,0.0,0.0
12/13/2022 5:00,0.0,0.0
12/13/2022 6:00,0.0,0.0
12/13/2022 7:00,0.0,0.0
12/13/2022 8:00,0.0,0.0
12/13/2022 9:00,0.5,0.02
12/13/2022 10:00,0.75,0.03
12/13/2022 11:00,1.5,0.06
12/13/2022 12:00,1.0,0.04
12/13/2022 13:00,1.25,0.05
12/13/2022 14:00,1.25,0.05
12/13/2022 15:00,1.5,0.06
12/13/2022 16:00,0.5,0.02
12/13/2022 17:00,0.5,0.02
12/13/2022 18:00,0.0,0.0
12/13/2022 19:00,0.0,0.0
12/13/2022 20:00,0.0,0.0
12/13/2022 21:00,0.0,0.0
12/13/2022 22:00,0.0,0.0
12/13/2022 23:00,0.0,0.0
12/14/2022 0:00,0.0,0.0
12/14/2022 1:00,0.0,0.0
12/14/2022 2:00,0.0,0.0
12/14/2022 3:00,0.0,0.0
12/14/2022 4:00,0.0,0.0
12/14/2022 5:00,0.0,0.0
12/14/2022 6:00,0.0,0.0
12/14/2022 7:00,0.0,0.0
12/14/2022 8:00,0.0,0.0
12/14/2022 9:00,1.0,0.04
12/14/2022 10:00,0.25,0.01
12/14/2022 11:00,0.25,0.01
12/14/2022 12:00,2.75,0.12
12/14/2022 13:00,1.75,0.07
12/14/2022 14:00,4.0,0.17
12/14/2022 15:00,3.75,0.16
12/14/2022 16:00,2.25,0.1
12/14/2022 17:00,0.25,0.01
12/14/2022 18:00,0.0,0.0
12/14/2022 19:00,0.0,0.0
12/14/2022 20:00,0.0,0.0
12/14/2022 21:00,0.0,0.0
12/14/2022 22:00,0.0,0.0
12/14/2022 23:00,0.0,0.0
12/15/2022 0:00,0.0,0.0
12/15/2022 1:00,0.0,0.0
12/15/2022 2:00,0.0,0.0
12/15/2022 3:00,0.0,0.0
12/15/2022 4:00,0.0,0.0
12/15/2022 5:00,0.0,0.0
12/15/2022 6:00,0.0,0.0
12/15/2022 7:00,0.0,0.0
12/15/2022 8:00,0.0,0.0
12/15/2022 9:00,0.75,0.03
12/15/2022 10:00,3.0,0.13
12/15/2022 11:00,5.0,0.21
12/15/2022 12:00,7.0,0.3
12/15/2022 13:00,7.5,0.32
12/15/2022 14:00,6.5,0.28
12/15/2022 15:00,5.75,0.24
12/15/2022 16:00,2.75,0.12
12/15/2022 17:00,0.5,0.02
12/15/2022 18:00,0.0,0.0
12/15/2022 19:00,0.0,0.0
12/15/2022 20:00,0.0,0.0
12/15/2022 21:00,0.0,0.0
12/15/2022 22:00,0.0,0.0
12/15/2022 23:00,0.0,0.0
12/16/2022 0:00,0.0,0.0
12/16/2022 1:00,0.0,0.0
12/16/2022 2:00,0.0,0.0
12/16/2022 3:00,0.0,0.0
12/16/2022 4:00,0.0,0.0
12/16/2022 5:00,0.0,0.0
12/16/2022 6:00,0.0,0.0
12/16/2022 7:00,0.0,0.0
12/16/2022 8:00,0.0,0.0
12/16/2022 9:00,1.0,0.04
12/16/2022 10:00,2.25,0.1
12/16/2022 11:00,6.0,0.26
12/16/2022 12:00,6.5,0.28
12/16/2022 13:00,5.75,0.24
12/16/2022 14:00,7.0,0.3
12/16/2022 15:00,4.75,0.2
12/16/2022 16:00,1.0,0.04
12/16/2022 17:00,0.75,0.03
12/16/2022 18:00,0.0,0.0
12/16/2022 19:00,0.0,0.0
12/16/2022 20:00,0.0,0.0
12/16/2022 21:00,0.0,0.0
12/16/2022 22:00,0.0,0.0
12/16/2022 23:00,0.0,0.0
12/17/2022 0:00,0.0,0.0
12/17/2022 1:00,0.0,0.0
12/17/2022 2:00,0.0,0.0
12/17/2022 3:00,0.0,0.0
12/17/2022 4:00,0.0,0.0
12/17/2022 5:00,0.0,0.0
12/17/2022 6:00,0.0,0.0
12/17/2022 7:00,0.0,0.0
12/17/2022 8:00,0.0,0.0
12/17/2022 9:00,0.75,0.03
12/17/2022 10:00,2.5,0.11
12/17/2022 11:00,4.0,0.17
12/17/2022 12:00,4.0,0.17
12/17/2022 13:00,4.5,0.19
12/17/2022 14:00,4.75,0.2
12/17/2022 15:00,6.25,0.27
12/17/2022 16:00,3.0,0.13
12/17/2022 17:00,0.5,0.02
12/17/2022 18:00,0.0,0.0
12/17/2022 19:00,0.0,0.0
12/17/2022 20:00,0.0,0.0
12/17/2022 21:00,0.0,0.0
12/17/2022 22:00,0.0,0.0
12/17/2022 23:00,0.0,0.0
12/18/2022 0:00,0.0,0.0
12/18/2022 1:00,0.0,0.0
12/18/2022 2:00,0.0,0.0
12/18/2022 3:00,0.0,0.0
12/18/2022 4:00,0.0,0.0
12/18/2022 5:00,0.0,0.0
12/18/2022 6:00,0.0,0.0
12/18/2022 7:00,0.0,0.0
12/18/2022 8:00,0.0,0.0
12/18/2022 9:00,0.5,0.02
12/18/2022 10:00,1.0,0.04
12/18/2022 11:00,2.5,0.11
12/18/2022 12:00,1.75,0.07
12/18/2022 13:00,1.5,0.06
12/18/2022 14:00,1.75,0.07
12/18/2022 15:00,1.5,0.06
12/18/2022 16:00,0.75,0.03
12/18/2022 17:00,0.25,0.01
12/18/2022 18:00,0.0,0.0
12/18/2022 19:00,0.0,0.0
12/18/2022 20:00,0.0,0.0
12/18/2022 21:00,0.0,0.0
12/18/2022 22:00,0.0,0.0
12/18/2022 23:00,0.0,0.0
12/19/2022 0:00,0.0,0.0
12/19/2022 1:00,0.0,0.0
12/19/2022 2:00,0.0,0.0
12/19/2022 3:00,0.0,0.0
12/19/2022 4:00,0.0,0.0
12/19/2022 5:00,0.0,0.0
12/19/2022 6:00,0.0,0.0
12/19/2022 7:00,0.0,0.0
12/19/2022 8:00,0.0,0.0
12/19/2022 9:00,0.25,0.01
12/19/2022 10:00,1.75,0.07
12/19/2022 11:00,1.75,0.07
12/19/2022 12:00,1.5,0.06
12/19/2022 13:00,1.25,0.05
12/19/2022 14:00,1.75,0.07
12/19/2022 15:00,1.5,0.06
12/19/2022 16:00,0.25,0.01
12/19/2022 17:00,0.0,0.0
12/19/2022 18:00,0.0,0.0
12/19/2022 19:00,0.0,0.0
12/19/2022 20:00,0.0,0.0
12/19/2022 21:00,0.0,0.0
12/19/2022 22:00,0.0,0.0
12/19/2022 23:00,0.0,0.0
12/20/2022 0:00,0.0,0.0
12/20/2022 1:00,0.0,0.0
12/20/2022 2:00,0.0,0.0
12/20/2022 3:00,0.0,0.0
12/20/2022 4:00,0.0,0.0
12/20/2022 5:00,0.0,0.0
12/20/2022 6:00,0.0,0.0
12/20/2022 7:00,0.0,0.0
12/20/2022 8:00,0.0,0.0
12/20/2022 9:00,0.25,0.01
12/20/2022 10:00,0.5,0.02
12/20/2022 11:00,1.5,0.06
12/20/2022 12:00,5.25,0.22
12/20/2022 13:00,5.5,0.23
12/20/2022 14:00,2.5,0.11
12/20/2022 15:00,3.75,0.16
12/20/2022 16:00,2.25,0.1
12/20/2022 17:00,0.5,0.02
12/20/2022 18:00,0.0,0.0
12/20/2022 19:00,0.0,0.0
12/20/2022 20:00,0.0,0.0
12/20/2022 21:00,0.0,0.0
12/20/2022 22:00,0.0,0.0
12/20/2022 23:00,0.0,0.0
12/21/2022 0:00,0.0,0.0
12/21/2022 1:00,0.0,0.0
12/21/2022 2:00,0.0,0.0
12/21/2022 3:00,0.0,0.0
12/21/2022 4:00,0.0,0.0
12/21/2022 5:00,0.0,0.0
12/21/2022 6:00,0.0,0.0
12/21/2022 7:00,0.0,0.0
12/21/2022 8:00,0.0,0.0
12/21/2022 9:00,0.5,0.02
12/21/2022 10:00,1.0,0.04
12/21/2022 11:00,2.25,0.1
12/21/2022 12:00,2.25,0.1
12/21/2022 13:00,3.0,0.13
12/21/2022 14:00,4.0,0.17
12/21/2022 15:00,4.75,0.2
12/21/2022 16:00,1.75,0.07
12/21/2022 17:00,0.5,0.02
12/21/2022 18:00,0.0,0.0
12/21/2022 19:00,0.0,0.0
12/21/2022 20:00,0.0,0.0
12/21/2022 21:00,0.0,0.0
12/21/2022 22:00,0.0,0.0
12/21/2022 23:00,0.0,0.0
12/22/2022 0:00,0.0,0.0
12/22/2022 1:00,0.0,0.0
12/22/2022 2:00,0.0,0.0
12/22/2022 3:00,0.0,0.0
12/22/2022 4:00,0.0,0.0
12/22/2022 5:00,0.0,0.0
12/22/2022 6:00,0.0,0.0
12/22/2022 7:00,0.0,0.0
12/22/2022 8:00,0.0,0.0
12/22/2022 9:00,0.25,0.01
12/22/2022 10:00,1.0,0.04
12/22/2022 11:00,2.0,0.09
12/22/2022 12:00,3.0,0.13
12/22/2022 13:00,4.25,0.18
12/22/2022 14:00,3.0,0.13
12/22/2022 15:00,1.75,0.07
12/22/2022 16:00,0.5,0.02
12/22/2022 17:00,0.25,0.01
12/22/2022 18:00,0.0,0.0
12/22/2022 19:00,0.0,0.0
12/22/2022 20:00,0.0,0.0
12/22/2022 21:00,0.0,0.0
12/22/2022 22:00,0.0,0.0
12/22/2022 23:00,0.0,0.0
12/23/2022 0:00,0.0,0.0
12/23/2022 1:00,0.0,0.0
12/23/2022 2:00,0.0,0.0
12/23/2022 3:00,0.0,0.0
12/23/2022 4:00,0.0,0.0
12/23/2022 5:00,0.0,0.0
12/23/2022 6:00,0.0,0.0
12/23/2022 7:00,0.0,0.0
12/23/2022 8:00,0.0,0.0
12/23/2022 9:00,0.25,0.01
12/23/2022 10:00,1.25,0.05
12/23/2022 11:00,1.75,0.07
12/23/2022 12:00,3.25,0.14
12/23/2022 13:00,3.75,0.16
12/23/2022 14:00,3.25,0.14
12/23/2022 15:00,3.75,0.16
12/23/2022 16:00,2.75,0.12
12/23/2022 17:00,0.75,0.03
12/23/2022 18:00,0.0,0.0
12/23/2022 19:00,0.0,0.0
12/23/2022 20:00,0.0,0.0
12/23/2022 21:00,0.0,0.0
12/23/2022 22:00,0.0,0.0
12/23/2022 23:00,0.0,0.0
12/24/2022 0:00,0.0,0.0
12/24/2022 1:00,0.0,0.0
12/24/2022 2:00,0.0,0.0
12/24/2022 3:00,0.0,0.0
12/24/2022 4:00,0.0,0.0
12/24/2022 5:00,0.0,0.0
12/24/2022 6:00,0.0,0.0
12/24/2022 7:00,0.0,0.0
12/24/2022 8:00,0.0,0.0
12/24/2022 9:00,0.5,0.02
12/24/2022 10:00,3.75,0.16
12/24/2022 11:00,5.75,0.24
12/24/2022 12:00,7.0,0.3
12/24/2022 13:00,6.0,0.26
12/24/2022 14:00,3.75,0.16
12/24/2022 15:00,3.0,0.13
12/24/2022 16:00,1.5,0.06
12/24/2022 17:00,0.5,0.02
12/24/2022 18:00,0.0,0.0
12/24/2022 19:00,0.0,0.0
12/24/2022 20:00,0.0,0.0
12/24/2022 21:00,0.0,0.0
12/24/2022 22:00,0.0,0.0
12/24/2022 23:00,0.0,0.0
12/25/2022 0:00,0.0,0.0
12/25/2022 1:00,0.0,0.0
12/25/2022 2:00,0.0,0.0
12/25/2022 3:00,0.0,0.0
12/25/2022 4:00,0.0,0.0
12/25/2022 5:00,0.0,0.0
12/25/2022 6:00,0.0,0.0
12/25/2022 7:00,0.0,0.0
12/25/2022 8:00,0.0,0.0
12/25/2022 9:00,0.25,0.01
12/25/2022 10:00,0.5,0.02
12/25/2022 11:00,0.5,0.02
12/25/2022 12:00,0.75,0.03
12/25/2022 13:00,0.75,0.03
12/25/2022 14:00,1.5,0.06
12/25/2022 15:00,0.75,0.03
12/25/2022 16:00,0.5,0.02
12/25/2022 17:00,0.25,0.01
12/25/2022 18:00,0.0,0.0
12/25/2022 19:00,0.0,0.0
12/25/2022 20:00,0.0,0.0
12/25/2022 21:00,0.0,0.0
12/25/2022 22:00,0.0,0.0
12/25/2022 23:00,0.0,0.0
12/26/2022 0:00,0.0,0.0
12/26/2022 1:00,0.0,0.0
12/26/2022 2:00,0.0,0.0
12/26/2022 3:00,0.0,0.0
12/26/2022 4:00,0.0,0.0
12/26/2022 5:00,0.0,0.0
12/26/2022 6:00,0.0,0.0
12/26/2022 7:00,0.0,0.0
12/26/2022 8:00,0.0,0.0
12/26/2022 9:00,1.75,0.07
12/26/2022 10:00,1.75,0.07
12/26/2022 11:00,1.0,0.04
12/26/2022 12:00,2.25,0.1
12/26/2022 13:00,3.75,0.16
12/26/2022 14:00,3.75,0.16
12/26/2022 15:00,3.25,0.14
12/26/2022 16:00,1.75,0.07
12/26/2022 17:00,0.5,0.02
12/26/2022 18:00,0.0,0.0
12/26/2022 19:00,0.0,0.0
12/26/2022 20:00,0.0,0.0
12/26/2022 21:00,0.0,0.0
12/26/2022 22:00,0.0,0.0
12/26/2022 23:00,0.0,0.0
12/27/2022 0:00,0.0,0.0
12/27/2022 1:00,0.0,0.0
12/27/2022 2:00,0.0,0.0
12/27/2022 3:00,0.0,0.0
12/27/2022 4:00,0.0,0.0
12/27/2022 5:00,0.0,0.0
12/27/2022 6:00,0.0,0.0
12/27/2022 7:00,0.0,0.0
12/27/2022 8:00,0.0,0.0
12/27/2022 9:00,0.25,0.01
12/27/2022 10:00,2.0,0.09
12/27/2022 11:00,5.75,0.24
12/27/2022 12:00,6.75,0.29
12/27/2022 13:00,7.25,0.31
12/27/2022 14:00,7.5,0.32
12/27/2022 15:00,6.25,0.27
12/27/2022 16:00,3.25,0.14
12/27/2022 17:00,0.5,0.02
12/27/2022 18:00,0.0,0.0
12/27/2022 19:00,0.0,0.0
12/27/2022 20:00,0.0,0.0
12/27/2022 21:00,0.0,0.0
12/27/2022 22:00,0.0,0.0
12/27/2022 23:00,0.0,0.0
12/28/2022 0:00,0.0,0.0
12/28/2022 1:00,0.0,0.0
12/28/2022 2:00,0.0,0.0
12/28/2022 3:00,0.0,0.0
12/28/2022 4:00,0.0,0.0
12/28/2022 5:00,0.0,0.0
12/28/2022 6:00,0.0,0.0
12/28/2022 7:00,0.0,0.0
12/28/2022 8:00,0.0,0.0
12/28/2022 9:00,0.25,0.01
12/28/2022 10:00,1.5,0.06
12/28/2022 11:00,2.75,0.12
12/28/2022 12:00,4.5,0.19
12/28/2022 13:00,6.75,0.29
12/28/2022 14:00,3.75,0.16
12/28/2022 15:00,5.0,0.21
12/28/2022 16:00,2.0,0.09
12/28/2022 17:00,0.75,0.03
12/28/2022 18:00,0.0,0.0
12/28/2022 19:00,0.0,0.0
12/28/2022 20:00,0.0,0.0
12/28/2022 21:00,0.0,0.0
12/28/2022 22:00,0.0,0.0
12/28/2022 23:00,0.0,0.0
12/29/2022 0:00,0.0,0.0
12/29/2022 1:00,0.0,0.0
12/29/2022 2:00,0.0,0.0
12/29/2022 3:00,0.0,0.0
12/29/2022 4:00,0.0,0.0
12/29/2022 5:00,0.0,0.0
12/29/2022 6:00,0.0,0.0
12/29/2022 7:00,0.0,0.0
12/29/2022 8:00,0.0,0.0
12/29/2022 9:00,0.5,0.02
12/29/2022 10:00,2.0,0.09
12/29/2022 11:00,3.25,0.14
12/29/2022 12:00,3.75,0.16
12/29/2022 13:00,3.5,0.15
12/29/2022 14:00,3.75,0.16
12/29/2022 15:00,2.25,0.1
12/29/2022 16:00,1.0,0.04
12/29/2022 17:00,0.5,0.02
12/29/2022 18:00,0.0,0.0
12/29/2022 19:00,0.0,0.0
12/29/2022 20:00,0.0,0.0
12/29/2022 21:00,0.0,0.0
12/29/2022 22:00,0.0,0.0
12/29/2022 23:00,0.0,0.0
12/30/2022 0:00,0.0,0.0
12/30/2022 1:00,0.0,0.0
12/30/2022 2:00,0.0,0.0
12/30/2022 3:00,0.0,0.0
12/30/2022 4:00,0.0,0.0
12/30/2022 5:00,0.0,0.0
12/30/2022 6:00,0.0,0.0
12/30/2022 7:00,0.0,0.0
12/30/2022 8:00,0.0,0.0
12/30/2022 9:00,0.5,0.02
12/30/2022 10:00,2.75,0.12
12/30/2022 11:00,3.25,0.14
12/30/2022 12:00,5.0,0.21
12/30/2022 13:00,5.0,0.21
12/30/2022 14:00,3.75,0.16
12/30/2022 15:00,3.5,0.15
12/30/2022 16:00,0.25,0.01
12/30/2022 17:00,0.0,0.0
12/30/2022 18:00,0.0,0.0
12/30/2022 19:00,0.0,0.0
12/30/2022 20:00,0.0,0.0
12/30/2022 21:00,0.0,0.0
12/30/2022 22:00,0.0,0.0
12/30/2022 23:00,0.0,0.0
12/31/2022 0:00,0.0,0.0
12/31/2022 1:00,0.0,0.0
12/31/2022 2:00,0.0,0.0
12/31/2022 3:00,0.0,0.0
12/31/2022 4:00,0.0,0.0
12/31/2022 5:00,0.0,0.0
12/31/2022 6:00,0.0,0.0
12/31/2022 7:00,0.0,0.0
12/31/2022 8:00,0.0,0.0
12/31/2022 9:00,0.25,0.01
12/31/2022 10:00,2.75,0.12
12/31/2022 11:00,1.75,0.07
12/31/2022 12:00,1.5,0.06
12/31/2022 13:00,2.0,0.09
12/31/2022 14:00,1.5,0.06
12/31/2022 15:00,1.75,0.07
12/31/2022 16:00,1.5,0.06
12/31/2022 17:00,0.5,0.02
12/31/2022 18:00,0.0,0.0
12/31/2022 19:00,0.0,0.0
12/31/2022 20:00,0.0,0.0
12/31/2022 21:00,0.0,0.0
12/31/2022 22:00,0.0,0.0
12/31/2022 23:00,0.0,0.0
