Date,Produced Energy (kWh),Specific Energy (kWh/kWp)
1/1/2019 0:00,0.0,0.0
1/1/2019 1:00,0.0,0.0
1/1/2019 2:00,0.0,0.0
1/1/2019 3:00,0.0,0.0
1/1/2019 4:00,0.0,0.0
1/1/2019 5:00,0.0,0.0
1/1/2019 6:00,0.0,0.0
1/1/2019 7:00,0.0,0.0
1/1/2019 8:00,0.0,0.0
1/1/2019 9:00,0.5,0.03
1/1/2019 10:00,1.0,0.06
1/1/2019 11:00,4.0,0.25
1/1/2019 12:00,7.75,0.47
1/1/2019 13:00,9.0,0.55
1/1/2019 14:00,9.0,0.55
1/1/2019 15:00,7.5,0.46
1/1/2019 16:00,5.5,0.34
1/1/2019 17:00,2.0,0.12
1/1/2019 18:00,0.0,0.0
1/1/2019 19:00,0.0,0.0
1/1/2019 20:00,0.0,0.0
1/1/2019 21:00,0.0,0.0
1/1/2019 22:00,0.0,0.0
1/1/2019 23:00,0.0,0.0
1/2/2019 0:00,0.0,0.0
1/2/2019 1:00,0.0,0.0
1/2/2019 2:00,0.0,0.0
1/2/2019 3:00,0.0,0.0
1/2/2019 4:00,0.0,0.0
1/2/2019 5:00,0.0,0.0
1/2/2019 6:00,0.0,0.0
1/2/2019 7:00,0.0,0.0
1/2/2019 8:00,0.0,0.0
1/2/2019 9:00,0.5,0.03
1/2/2019 10:00,0.75,0.05
1/2/2019 11:00,4.0,0.25
1/2/2019 12:00,7.75,0.47
1/2/2019 13:00,9.0,0.55
1/2/2019 14:00,9.25,0.57
1/2/2019 15:00,8.0,0.49
1/2/2019 16:00,5.5,0.34
1/2/2019 17:00,2.25,0.14
1/2/2019 18:00,0.0,0.0
1/2/2019 19:00,0.0,0.0
1/2/2019 20:00,0.0,0.0
1/2/2019 21:00,0.0,0.0
1/2/2019 22:00,0.0,0.0
1/2/2019 23:00,0.0,0.0
1/3/2019 0:00,0.0,0.0
1/3/2019 1:00,0.0,0.0
1/3/2019 2:00,0.0,0.0
1/3/2019 3:00,0.0,0.0
1/3/2019 4:00,0.0,0.0
1/3/2019 5:00,0.0,0.0
1/3/2019 6:00,0.0,0.0
1/3/2019 7:00,0.0,0.0
1/3/2019 8:00,0.0,0.0
1/3/2019 9:00,0.25,0.02
1/3/2019 10:00,1.25,0.08
1/3/2019 11:00,2.75,0.17
1/3/2019 12:00,2.75,0.17
1/3/2019 13:00,2.75,0.17
1/3/2019 14:00,4.25,0.26
1/3/2019 15:00,5.0,0.31
1/3/2019 16:00,4.0,0.25
1/3/2019 17:00,1.0,0.06
1/3/2019 18:00,0.0,0.0
1/3/2019 19:00,0.0,0.0
1/3/2019 20:00,0.0,0.0
1/3/2019 21:00,0.0,0.0
1/3/2019 22:00,0.0,0.0
1/3/2019 23:00,0.0,0.0
1/4/2019 0:00,0.0,0.0
1/4/2019 1:00,0.0,0.0
1/4/2019 2:00,0.0,0.0
1/4/2019 3:00,0.0,0.0
1/4/2019 4:00,0.0,0.0
1/4/2019 5:00,0.0,0.0
1/4/2019 6:00,0.0,0.0
1/4/2019 7:00,0.0,0.0
1/4/2019 8:00,0.0,0.0
1/4/2019 9:00,0.5,0.03
1/4/2019 10:00,1.0,0.06
1/4/2019 11:00,3.75,0.23
1/4/2019 12:00,7.75,0.47
1/4/2019 13:00,9.0,0.55
1/4/2019 14:00,8.5,0.52
1/4/2019 15:00,7.75,0.47
1/4/2019 16:00,5.25,0.32
1/4/2019 17:00,2.0,0.12
1/4/2019 18:00,0.0,0.0
1/4/2019 19:00,0.0,0.0
1/4/2019 20:00,0.0,0.0
1/4/2019 21:00,0.0,0.0
1/4/2019 22:00,0.0,0.0
1/4/2019 23:00,0.0,0.0
1/5/2019 0:00,0.0,0.0
1/5/2019 1:00,0.0,0.0
1/5/2019 2:00,0.0,0.0
1/5/2019 3:00,0.0,0.0
1/5/2019 4:00,0.0,0.0
1/5/2019 5:00,0.0,0.0
1/5/2019 6:00,0.0,0.0
1/5/2019 7:00,0.0,0.0
1/5/2019 8:00,0.0,0.0
1/5/2019 9:00,0.5,0.03
1/5/2019 10:00,0.75,0.05
1/5/2019 11:00,4.0,0.25
1/5/2019 12:00,8.0,0.49
1/5/2019 13:00,9.25,0.57
1/5/2019 14:00,9.0,0.55
1/5/2019 15:00,8.0,0.49
1/5/2019 16:00,5.5,0.34
1/5/2019 17:00,2.5,0.15
1/5/2019 18:00,0.0,0.0
1/5/2019 19:00,0.0,0.0
1/5/2019 20:00,0.0,0.0
1/5/2019 21:00,0.0,0.0
1/5/2019 22:00,0.0,0.0
1/5/2019 23:00,0.0,0.0
1/6/2019 0:00,0.0,0.0
1/6/2019 1:00,0.0,0.0
1/6/2019 2:00,0.0,0.0
1/6/2019 3:00,0.0,0.0
1/6/2019 4:00,0.0,0.0
1/6/2019 5:00,0.0,0.0
1/6/2019 6:00,0.0,0.0
1/6/2019 7:00,0.0,0.0
1/6/2019 8:00,0.0,0.0
1/6/2019 9:00,0.5,0.03
1/6/2019 10:00,0.75,0.05
1/6/2019 11:00,4.0,0.25
1/6/2019 12:00,7.75,0.47
1/6/2019 13:00,9.25,0.57
1/6/2019 14:00,9.0,0.55
1/6/2019 15:00,8.0,0.49
1/6/2019 16:00,5.75,0.35
1/6/2019 17:00,2.25,0.14
1/6/2019 18:00,0.25,0.02
1/6/2019 19:00,0.0,0.0
1/6/2019 20:00,0.0,0.0
1/6/2019 21:00,0.0,0.0
1/6/2019 22:00,0.0,0.0
1/6/2019 23:00,0.0,0.0
1/7/2019 0:00,0.0,0.0
1/7/2019 1:00,0.0,0.0
1/7/2019 2:00,0.0,0.0
1/7/2019 3:00,0.0,0.0
1/7/2019 4:00,0.0,0.0
1/7/2019 5:00,0.0,0.0
1/7/2019 6:00,0.0,0.0
1/7/2019 7:00,0.0,0.0
1/7/2019 8:00,0.0,0.0
1/7/2019 9:00,0.25,0.02
1/7/2019 10:00,0.75,0.05
1/7/2019 11:00,4.0,0.25
1/7/2019 12:00,8.0,0.49
1/7/2019 13:00,9.25,0.57
1/7/2019 14:00,9.25,0.57
1/7/2019 15:00,8.0,0.49
1/7/2019 16:00,5.75,0.35
1/7/2019 17:00,2.5,0.15
1/7/2019 18:00,0.0,0.0
1/7/2019 19:00,0.0,0.0
1/7/2019 20:00,0.0,0.0
1/7/2019 21:00,0.0,0.0
1/7/2019 22:00,0.0,0.0
1/7/2019 23:00,0.0,0.0
1/8/2019 0:00,0.0,0.0
1/8/2019 1:00,0.0,0.0
1/8/2019 2:00,0.0,0.0
1/8/2019 3:00,0.0,0.0
1/8/2019 4:00,0.0,0.0
1/8/2019 5:00,0.0,0.0
1/8/2019 6:00,0.0,0.0
1/8/2019 7:00,0.0,0.0
1/8/2019 8:00,0.0,0.0
1/8/2019 9:00,0.25,0.02
1/8/2019 10:00,1.0,0.06
1/8/2019 11:00,4.0,0.25
1/8/2019 12:00,7.75,0.47
1/8/2019 13:00,9.0,0.55
1/8/2019 14:00,9.0,0.55
1/8/2019 15:00,8.0,0.49
1/8/2019 16:00,5.75,0.35
1/8/2019 17:00,2.5,0.15
1/8/2019 18:00,0.0,0.0
1/8/2019 19:00,0.0,0.0
1/8/2019 20:00,0.0,0.0
1/8/2019 21:00,0.0,0.0
1/8/2019 22:00,0.0,0.0
1/8/2019 23:00,0.0,0.0
1/9/2019 0:00,0.0,0.0
1/9/2019 1:00,0.0,0.0
1/9/2019 2:00,0.0,0.0
1/9/2019 3:00,0.0,0.0
1/9/2019 4:00,0.0,0.0
1/9/2019 5:00,0.0,0.0
1/9/2019 6:00,0.0,0.0
1/9/2019 7:00,0.0,0.0
1/9/2019 8:00,0.0,0.0
1/9/2019 9:00,0.5,0.03
1/9/2019 10:00,0.75,0.05
1/9/2019 11:00,3.75,0.23
1/9/2019 12:00,8.0,0.49
1/9/2019 13:00,8.75,0.54
1/9/2019 14:00,9.0,0.55
1/9/2019 15:00,8.0,0.49
1/9/2019 16:00,5.5,0.34
1/9/2019 17:00,2.5,0.15
1/9/2019 18:00,0.0,0.0
1/9/2019 19:00,0.0,0.0
1/9/2019 20:00,0.0,0.0
1/9/2019 21:00,0.0,0.0
1/9/2019 22:00,0.0,0.0
1/9/2019 23:00,0.0,0.0
1/10/2019 0:00,0.0,0.0
1/10/2019 1:00,0.0,0.0
1/10/2019 2:00,0.0,0.0
1/10/2019 3:00,0.0,0.0
1/10/2019 4:00,0.0,0.0
1/10/2019 5:00,0.0,0.0
1/10/2019 6:00,0.0,0.0
1/10/2019 7:00,0.0,0.0
1/10/2019 8:00,0.0,0.0
1/10/2019 9:00,0.5,0.03
1/10/2019 10:00,0.75,0.05
1/10/2019 11:00,4.0,0.25
1/10/2019 12:00,7.75,0.47
1/10/2019 13:00,8.75,0.54
1/10/2019 14:00,9.0,0.55
1/10/2019 15:00,7.75,0.47
1/10/2019 16:00,5.5,0.34
1/10/2019 17:00,2.75,0.17
1/10/2019 18:00,0.0,0.0
1/10/2019 19:00,0.0,0.0
1/10/2019 20:00,0.0,0.0
1/10/2019 21:00,0.0,0.0
1/10/2019 22:00,0.0,0.0
1/10/2019 23:00,0.0,0.0
1/11/2019 0:00,0.0,0.0
1/11/2019 1:00,0.0,0.0
1/11/2019 2:00,0.0,0.0
1/11/2019 3:00,0.0,0.0
1/11/2019 4:00,0.0,0.0
1/11/2019 5:00,0.0,0.0
1/11/2019 6:00,0.0,0.0
1/11/2019 7:00,0.0,0.0
1/11/2019 8:00,0.0,0.0
1/11/2019 9:00,0.25,0.02
1/11/2019 10:00,0.75,0.05
1/11/2019 11:00,4.25,0.26
1/11/2019 12:00,8.25,0.51
1/11/2019 13:00,9.5,0.58
1/11/2019 14:00,9.5,0.58
1/11/2019 15:00,8.25,0.51
1/11/2019 16:00,6.25,0.38
1/11/2019 17:00,2.75,0.17
1/11/2019 18:00,0.0,0.0
1/11/2019 19:00,0.0,0.0
1/11/2019 20:00,0.0,0.0
1/11/2019 21:00,0.0,0.0
1/11/2019 22:00,0.0,0.0
1/11/2019 23:00,0.0,0.0
1/12/2019 0:00,0.0,0.0
1/12/2019 1:00,0.0,0.0
1/12/2019 2:00,0.0,0.0
1/12/2019 3:00,0.0,0.0
1/12/2019 4:00,0.0,0.0
1/12/2019 5:00,0.0,0.0
1/12/2019 6:00,0.0,0.0
1/12/2019 7:00,0.0,0.0
1/12/2019 8:00,0.0,0.0
1/12/2019 9:00,0.5,0.03
1/12/2019 10:00,0.75,0.05
1/12/2019 11:00,4.0,0.25
1/12/2019 12:00,8.25,0.51
1/12/2019 13:00,9.25,0.57
1/12/2019 14:00,9.25,0.57
1/12/2019 15:00,8.25,0.51
1/12/2019 16:00,6.0,0.37
1/12/2019 17:00,2.75,0.17
1/12/2019 18:00,0.0,0.0
1/12/2019 19:00,0.0,0.0
1/12/2019 20:00,0.0,0.0
1/12/2019 21:00,0.0,0.0
1/12/2019 22:00,0.0,0.0
1/12/2019 23:00,0.0,0.0
1/13/2019 0:00,0.0,0.0
1/13/2019 1:00,0.0,0.0
1/13/2019 2:00,0.0,0.0
1/13/2019 3:00,0.0,0.0
1/13/2019 4:00,0.0,0.0
1/13/2019 5:00,0.0,0.0
1/13/2019 6:00,0.0,0.0
1/13/2019 7:00,0.0,0.0
1/13/2019 8:00,0.0,0.0
1/13/2019 9:00,0.5,0.03
1/13/2019 10:00,0.75,0.05
1/13/2019 11:00,4.0,0.25
1/13/2019 12:00,8.25,0.51
1/13/2019 13:00,9.5,0.58
1/13/2019 14:00,9.25,0.57
1/13/2019 15:00,8.25,0.51
1/13/2019 16:00,6.0,0.37
1/13/2019 17:00,3.0,0.18
1/13/2019 18:00,0.0,0.0
1/13/2019 19:00,0.0,0.0
1/13/2019 20:00,0.0,0.0
1/13/2019 21:00,0.0,0.0
1/13/2019 22:00,0.0,0.0
1/13/2019 23:00,0.0,0.0
1/14/2019 0:00,0.0,0.0
1/14/2019 1:00,0.0,0.0
1/14/2019 2:00,0.0,0.0
1/14/2019 3:00,0.0,0.0
1/14/2019 4:00,0.0,0.0
1/14/2019 5:00,0.0,0.0
1/14/2019 6:00,0.0,0.0
1/14/2019 7:00,0.0,0.0
1/14/2019 8:00,0.0,0.0
1/14/2019 9:00,0.5,0.03
1/14/2019 10:00,0.75,0.05
1/14/2019 11:00,4.0,0.25
1/14/2019 12:00,8.0,0.49
1/14/2019 13:00,9.25,0.57
1/14/2019 14:00,9.5,0.58
1/14/2019 15:00,8.25,0.51
1/14/2019 16:00,6.0,0.37
1/14/2019 17:00,2.75,0.17
1/14/2019 18:00,0.25,0.02
1/14/2019 19:00,0.0,0.0
1/14/2019 20:00,0.0,0.0
1/14/2019 21:00,0.0,0.0
1/14/2019 22:00,0.0,0.0
1/14/2019 23:00,0.0,0.0
1/15/2019 0:00,0.0,0.0
1/15/2019 1:00,0.0,0.0
1/15/2019 2:00,0.0,0.0
1/15/2019 3:00,0.0,0.0
1/15/2019 4:00,0.0,0.0
1/15/2019 5:00,0.0,0.0
1/15/2019 6:00,0.0,0.0
1/15/2019 7:00,0.0,0.0
1/15/2019 8:00,0.0,0.0
1/15/2019 9:00,0.25,0.02
1/15/2019 10:00,1.0,0.06
1/15/2019 11:00,4.0,0.25
1/15/2019 12:00,7.75,0.47
1/15/2019 13:00,9.0,0.55
1/15/2019 14:00,9.0,0.55
1/15/2019 15:00,7.25,0.44
1/15/2019 16:00,4.5,0.28
1/15/2019 17:00,1.0,0.06
1/15/2019 18:00,0.25,0.02
1/15/2019 19:00,0.0,0.0
1/15/2019 20:00,0.0,0.0
1/15/2019 21:00,0.0,0.0
1/15/2019 22:00,0.0,0.0
1/15/2019 23:00,0.0,0.0
1/16/2019 0:00,0.0,0.0
1/16/2019 1:00,0.0,0.0
1/16/2019 2:00,0.0,0.0
1/16/2019 3:00,0.0,0.0
1/16/2019 4:00,0.0,0.0
1/16/2019 5:00,0.0,0.0
1/16/2019 6:00,0.0,0.0
1/16/2019 7:00,0.0,0.0
1/16/2019 8:00,0.0,0.0
1/16/2019 9:00,0.5,0.03
1/16/2019 10:00,1.0,0.06
1/16/2019 11:00,4.0,0.25
1/16/2019 12:00,7.75,0.47
1/16/2019 13:00,9.25,0.57
1/16/2019 14:00,9.0,0.55
1/16/2019 15:00,7.75,0.47
1/16/2019 16:00,5.25,0.32
1/16/2019 17:00,2.25,0.14
1/16/2019 18:00,0.0,0.0
1/16/2019 19:00,0.0,0.0
1/16/2019 20:00,0.0,0.0
1/16/2019 21:00,0.0,0.0
1/16/2019 22:00,0.0,0.0
1/16/2019 23:00,0.0,0.0
1/17/2019 0:00,0.0,0.0
1/17/2019 1:00,0.0,0.0
1/17/2019 2:00,0.0,0.0
1/17/2019 3:00,0.0,0.0
1/17/2019 4:00,0.0,0.0
1/17/2019 5:00,0.0,0.0
1/17/2019 6:00,0.0,0.0
1/17/2019 7:00,0.0,0.0
1/17/2019 8:00,0.0,0.0
1/17/2019 9:00,0.5,0.03
1/17/2019 10:00,1.0,0.06
1/17/2019 11:00,4.25,0.26
1/17/2019 12:00,4.5,0.28
1/17/2019 13:00,5.0,0.31
1/17/2019 14:00,4.5,0.28
1/17/2019 15:00,5.5,0.34
1/17/2019 16:00,3.75,0.23
1/17/2019 17:00,1.0,0.06
1/17/2019 18:00,0.0,0.0
1/17/2019 19:00,0.0,0.0
1/17/2019 20:00,0.0,0.0
1/17/2019 21:00,0.0,0.0
1/17/2019 22:00,0.0,0.0
1/17/2019 23:00,0.0,0.0
1/18/2019 0:00,0.0,0.0
1/18/2019 1:00,0.0,0.0
1/18/2019 2:00,0.0,0.0
1/18/2019 3:00,0.0,0.0
1/18/2019 4:00,0.0,0.0
1/18/2019 5:00,0.0,0.0
1/18/2019 6:00,0.0,0.0
1/18/2019 7:00,0.0,0.0
1/18/2019 8:00,0.0,0.0
1/18/2019 9:00,0.25,0.02
1/18/2019 10:00,1.0,0.06
1/18/2019 11:00,4.25,0.26
1/18/2019 12:00,8.25,0.51
1/18/2019 13:00,8.75,0.54
1/18/2019 14:00,9.0,0.55
1/18/2019 15:00,8.5,0.52
1/18/2019 16:00,6.0,0.37
1/18/2019 17:00,3.0,0.18
1/18/2019 18:00,0.25,0.02
1/18/2019 19:00,0.0,0.0
1/18/2019 20:00,0.0,0.0
1/18/2019 21:00,0.0,0.0
1/18/2019 22:00,0.0,0.0
1/18/2019 23:00,0.0,0.0
1/19/2019 0:00,0.0,0.0
1/19/2019 1:00,0.0,0.0
1/19/2019 2:00,0.0,0.0
1/19/2019 3:00,0.0,0.0
1/19/2019 4:00,0.0,0.0
1/19/2019 5:00,0.0,0.0
1/19/2019 6:00,0.0,0.0
1/19/2019 7:00,0.0,0.0
1/19/2019 8:00,0.0,0.0
1/19/2019 9:00,1.0,0.06
1/19/2019 10:00,1.75,0.11
1/19/2019 11:00,2.0,0.12
1/19/2019 12:00,2.0,0.12
1/19/2019 13:00,3.5,0.21
1/19/2019 14:00,5.5,0.34
1/19/2019 15:00,5.5,0.34
1/19/2019 16:00,1.75,0.11
1/19/2019 17:00,1.5,0.09
1/19/2019 18:00,0.0,0.0
1/19/2019 19:00,0.0,0.0
1/19/2019 20:00,0.0,0.0
1/19/2019 21:00,0.0,0.0
1/19/2019 22:00,0.0,0.0
1/19/2019 23:00,0.0,0.0
1/20/2019 0:00,0.0,0.0
1/20/2019 1:00,0.0,0.0
1/20/2019 2:00,0.0,0.0
1/20/2019 3:00,0.0,0.0
1/20/2019 4:00,0.0,0.0
1/20/2019 5:00,0.0,0.0
1/20/2019 6:00,0.0,0.0
1/20/2019 7:00,0.0,0.0
1/20/2019 8:00,0.0,0.0
1/20/2019 9:00,0.25,0.02
1/20/2019 10:00,1.0,0.06
1/20/2019 11:00,4.5,0.28
1/20/2019 12:00,8.5,0.52
1/20/2019 13:00,10.0,0.61
1/20/2019 14:00,10.5,0.64
1/20/2019 15:00,9.0,0.55
1/20/2019 16:00,7.25,0.44
1/20/2019 17:00,3.25,0.2
1/20/2019 18:00,0.25,0.02
1/20/2019 19:00,0.0,0.0
1/20/2019 20:00,0.0,0.0
1/20/2019 21:00,0.0,0.0
1/20/2019 22:00,0.0,0.0
1/20/2019 23:00,0.0,0.0
1/21/2019 0:00,0.0,0.0
1/21/2019 1:00,0.0,0.0
1/21/2019 2:00,0.0,0.0
1/21/2019 3:00,0.0,0.0
1/21/2019 4:00,0.0,0.0
1/21/2019 5:00,0.0,0.0
1/21/2019 6:00,0.0,0.0
1/21/2019 7:00,0.0,0.0
1/21/2019 8:00,0.0,0.0
1/21/2019 9:00,0.25,0.02
1/21/2019 10:00,1.0,0.06
1/21/2019 11:00,4.75,0.29
1/21/2019 12:00,8.5,0.52
1/21/2019 13:00,10.0,0.61
1/21/2019 14:00,10.0,0.61
1/21/2019 15:00,9.0,0.55
1/21/2019 16:00,6.75,0.41
1/21/2019 17:00,3.0,0.18
1/21/2019 18:00,0.25,0.02
1/21/2019 19:00,0.0,0.0
1/21/2019 20:00,0.0,0.0
1/21/2019 21:00,0.0,0.0
1/21/2019 22:00,0.0,0.0
1/21/2019 23:00,0.0,0.0
1/22/2019 0:00,0.0,0.0
1/22/2019 1:00,0.0,0.0
1/22/2019 2:00,0.0,0.0
1/22/2019 3:00,0.0,0.0
1/22/2019 4:00,0.0,0.0
1/22/2019 5:00,0.0,0.0
1/22/2019 6:00,0.0,0.0
1/22/2019 7:00,0.0,0.0
1/22/2019 8:00,0.0,0.0
1/22/2019 9:00,1.0,0.06
1/22/2019 10:00,1.0,0.06
1/22/2019 11:00,1.75,0.11
1/22/2019 12:00,2.5,0.15
1/22/2019 13:00,5.5,0.34
1/22/2019 14:00,5.0,0.31
1/22/2019 15:00,6.75,0.41
1/22/2019 16:00,1.75,0.11
1/22/2019 17:00,1.75,0.11
1/22/2019 18:00,0.25,0.02
1/22/2019 19:00,0.0,0.0
1/22/2019 20:00,0.0,0.0
1/22/2019 21:00,0.0,0.0
1/22/2019 22:00,0.0,0.0
1/22/2019 23:00,0.0,0.0
1/23/2019 0:00,0.0,0.0
1/23/2019 1:00,0.0,0.0
1/23/2019 2:00,0.0,0.0
1/23/2019 3:00,0.0,0.0
1/23/2019 4:00,0.0,0.0
1/23/2019 5:00,0.0,0.0
1/23/2019 6:00,0.0,0.0
1/23/2019 7:00,0.0,0.0
1/23/2019 8:00,0.0,0.0
1/23/2019 9:00,0.5,0.03
1/23/2019 10:00,1.5,0.09
1/23/2019 11:00,4.0,0.25
1/23/2019 12:00,8.25,0.51
1/23/2019 13:00,9.25,0.57
1/23/2019 14:00,5.5,0.34
1/23/2019 15:00,2.5,0.15
1/23/2019 16:00,2.0,0.12
1/23/2019 17:00,2.0,0.12
1/23/2019 18:00,0.25,0.02
1/23/2019 19:00,0.0,0.0
1/23/2019 20:00,0.0,0.0
1/23/2019 21:00,0.0,0.0
1/23/2019 22:00,0.0,0.0
1/23/2019 23:00,0.0,0.0
1/24/2019 0:00,0.0,0.0
1/24/2019 1:00,0.0,0.0
1/24/2019 2:00,0.0,0.0
1/24/2019 3:00,0.0,0.0
1/24/2019 4:00,0.0,0.0
1/24/2019 5:00,0.0,0.0
1/24/2019 6:00,0.0,0.0
1/24/2019 7:00,0.0,0.0
1/24/2019 8:00,0.0,0.0
1/24/2019 9:00,0.5,0.03
1/24/2019 10:00,1.25,0.08
1/24/2019 11:00,4.0,0.25
1/24/2019 12:00,7.75,0.47
1/24/2019 13:00,9.75,0.6
1/24/2019 14:00,9.5,0.58
1/24/2019 15:00,8.0,0.49
1/24/2019 16:00,5.0,0.31
1/24/2019 17:00,3.0,0.18
1/24/2019 18:00,0.25,0.02
1/24/2019 19:00,0.0,0.0
1/24/2019 20:00,0.0,0.0
1/24/2019 21:00,0.0,0.0
1/24/2019 22:00,0.0,0.0
1/24/2019 23:00,0.0,0.0
1/25/2019 0:00,0.0,0.0
1/25/2019 1:00,0.0,0.0
1/25/2019 2:00,0.0,0.0
1/25/2019 3:00,0.0,0.0
1/25/2019 4:00,0.0,0.0
1/25/2019 5:00,0.0,0.0
1/25/2019 6:00,0.0,0.0
1/25/2019 7:00,0.0,0.0
1/25/2019 8:00,0.0,0.0
1/25/2019 9:00,0.5,0.03
1/25/2019 10:00,0.75,0.05
1/25/2019 11:00,4.75,0.29
1/25/2019 12:00,8.25,0.51
1/25/2019 13:00,9.25,0.57
1/25/2019 14:00,9.75,0.6
1/25/2019 15:00,8.5,0.52
1/25/2019 16:00,6.75,0.41
1/25/2019 17:00,3.5,0.21
1/25/2019 18:00,0.25,0.02
1/25/2019 19:00,0.0,0.0
1/25/2019 20:00,0.0,0.0
1/25/2019 21:00,0.0,0.0
1/25/2019 22:00,0.0,0.0
1/25/2019 23:00,0.0,0.0
1/26/2019 0:00,0.0,0.0
1/26/2019 1:00,0.0,0.0
1/26/2019 2:00,0.0,0.0
1/26/2019 3:00,0.0,0.0
1/26/2019 4:00,0.0,0.0
1/26/2019 5:00,0.0,0.0
1/26/2019 6:00,0.0,0.0
1/26/2019 7:00,0.0,0.0
1/26/2019 8:00,0.0,0.0
1/26/2019 9:00,0.5,0.03
1/26/2019 10:00,1.0,0.06
1/26/2019 11:00,4.75,0.29
1/26/2019 12:00,8.5,0.52
1/26/2019 13:00,9.5,0.58
1/26/2019 14:00,9.75,0.6
1/26/2019 15:00,9.0,0.55
1/26/2019 16:00,6.75,0.41
1/26/2019 17:00,3.75,0.23
1/26/2019 18:00,0.25,0.02
1/26/2019 19:00,0.0,0.0
1/26/2019 20:00,0.0,0.0
1/26/2019 21:00,0.0,0.0
1/26/2019 22:00,0.0,0.0
1/26/2019 23:00,0.0,0.0
1/27/2019 0:00,0.0,0.0
1/27/2019 1:00,0.0,0.0
1/27/2019 2:00,0.0,0.0
1/27/2019 3:00,0.0,0.0
1/27/2019 4:00,0.0,0.0
1/27/2019 5:00,0.0,0.0
1/27/2019 6:00,0.0,0.0
1/27/2019 7:00,0.0,0.0
1/27/2019 8:00,0.0,0.0
1/27/2019 9:00,0.5,0.03
1/27/2019 10:00,1.0,0.06
1/27/2019 11:00,5.0,0.31
1/27/2019 12:00,5.75,0.35
1/27/2019 13:00,4.5,0.28
1/27/2019 14:00,5.5,0.34
1/27/2019 15:00,8.75,0.54
1/27/2019 16:00,7.5,0.46
1/27/2019 17:00,3.25,0.2
1/27/2019 18:00,0.5,0.03
1/27/2019 19:00,0.0,0.0
1/27/2019 20:00,0.0,0.0
1/27/2019 21:00,0.0,0.0
1/27/2019 22:00,0.0,0.0
1/27/2019 23:00,0.0,0.0
1/28/2019 0:00,0.0,0.0
1/28/2019 1:00,0.0,0.0
1/28/2019 2:00,0.0,0.0
1/28/2019 3:00,0.0,0.0
1/28/2019 4:00,0.0,0.0
1/28/2019 5:00,0.0,0.0
1/28/2019 6:00,0.0,0.0
1/28/2019 7:00,0.0,0.0
1/28/2019 8:00,0.0,0.0
1/28/2019 9:00,0.25,0.02
1/28/2019 10:00,1.0,0.06
1/28/2019 11:00,5.0,0.31
1/28/2019 12:00,8.0,0.49
1/28/2019 13:00,7.75,0.47
1/28/2019 14:00,9.0,0.55
1/28/2019 15:00,4.5,0.28
1/28/2019 16:00,0.75,0.05
1/28/2019 17:00,1.5,0.09
1/28/2019 18:00,0.25,0.02
1/28/2019 19:00,0.0,0.0
1/28/2019 20:00,0.0,0.0
1/28/2019 21:00,0.0,0.0
1/28/2019 22:00,0.0,0.0
1/28/2019 23:00,0.0,0.0
1/29/2019 0:00,0.0,0.0
1/29/2019 1:00,0.0,0.0
1/29/2019 2:00,0.0,0.0
1/29/2019 3:00,0.0,0.0
1/29/2019 4:00,0.0,0.0
1/29/2019 5:00,0.0,0.0
1/29/2019 6:00,0.0,0.0
1/29/2019 7:00,0.0,0.0
1/29/2019 8:00,0.0,0.0
1/29/2019 9:00,0.75,0.05
1/29/2019 10:00,1.75,0.11
1/29/2019 11:00,2.75,0.17
1/29/2019 12:00,5.75,0.35
1/29/2019 13:00,5.75,0.35
1/29/2019 14:00,7.25,0.44
1/29/2019 15:00,7.5,0.46
1/29/2019 16:00,2.5,0.15
1/29/2019 17:00,1.5,0.09
1/29/2019 18:00,0.25,0.02
1/29/2019 19:00,0.0,0.0
1/29/2019 20:00,0.0,0.0
1/29/2019 21:00,0.0,0.0
1/29/2019 22:00,0.0,0.0
1/29/2019 23:00,0.0,0.0
1/30/2019 0:00,0.0,0.0
1/30/2019 1:00,0.0,0.0
1/30/2019 2:00,0.0,0.0
1/30/2019 3:00,0.0,0.0
1/30/2019 4:00,0.0,0.0
1/30/2019 5:00,0.0,0.0
1/30/2019 6:00,0.0,0.0
1/30/2019 7:00,0.0,0.0
1/30/2019 8:00,0.0,0.0
1/30/2019 9:00,0.5,0.03
1/30/2019 10:00,1.75,0.11
1/30/2019 11:00,2.5,0.15
1/30/2019 12:00,2.0,0.12
1/30/2019 13:00,2.75,0.17
1/30/2019 14:00,3.0,0.18
1/30/2019 15:00,2.0,0.12
1/30/2019 16:00,1.25,0.08
1/30/2019 17:00,0.75,0.05
1/30/2019 18:00,0.0,0.0
1/30/2019 19:00,0.0,0.0
1/30/2019 20:00,0.0,0.0
1/30/2019 21:00,0.0,0.0
1/30/2019 22:00,0.0,0.0
1/30/2019 23:00,0.0,0.0
1/31/2019 0:00,0.0,0.0
1/31/2019 1:00,0.0,0.0
1/31/2019 2:00,0.0,0.0
1/31/2019 3:00,0.0,0.0
1/31/2019 4:00,0.0,0.0
1/31/2019 5:00,0.0,0.0
1/31/2019 6:00,0.0,0.0
1/31/2019 7:00,0.0,0.0
1/31/2019 8:00,0.0,0.0
1/31/2019 9:00,0.75,0.05
1/31/2019 10:00,1.75,0.11
1/31/2019 11:00,3.25,0.2
1/31/2019 12:00,2.0,0.12
1/31/2019 13:00,2.25,0.14
1/31/2019 14:00,3.25,0.2
1/31/2019 15:00,6.25,0.38
1/31/2019 16:00,2.25,0.14
1/31/2019 17:00,2.25,0.14
1/31/2019 18:00,0.5,0.03
1/31/2019 19:00,0.0,0.0
1/31/2019 20:00,0.0,0.0
1/31/2019 21:00,0.0,0.0
1/31/2019 22:00,0.0,0.0
1/31/2019 23:00,0.0,0.0
2/1/2019 0:00,0.0,0.0
2/1/2019 1:00,0.0,0.0
2/1/2019 2:00,0.0,0.0
2/1/2019 3:00,0.0,0.0
2/1/2019 4:00,0.0,0.0
2/1/2019 5:00,0.0,0.0
2/1/2019 6:00,0.0,0.0
2/1/2019 7:00,0.0,0.0
2/1/2019 8:00,0.0,0.0
2/1/2019 9:00,0.75,0.05
2/1/2019 10:00,1.5,0.09
2/1/2019 11:00,5.25,0.32
2/1/2019 12:00,9.0,0.55
2/1/2019 13:00,9.25,0.57
2/1/2019 14:00,9.75,0.6
2/1/2019 15:00,9.75,0.6
2/1/2019 16:00,5.75,0.35
2/1/2019 17:00,2.75,0.17
2/1/2019 18:00,0.75,0.05
2/1/2019 19:00,0.0,0.0
2/1/2019 20:00,0.0,0.0
2/1/2019 21:00,0.0,0.0
2/1/2019 22:00,0.0,0.0
2/1/2019 23:00,0.0,0.0
2/2/2019 0:00,0.0,0.0
2/2/2019 1:00,0.0,0.0
2/2/2019 2:00,0.0,0.0
2/2/2019 3:00,0.0,0.0
2/2/2019 4:00,0.0,0.0
2/2/2019 5:00,0.0,0.0
2/2/2019 6:00,0.0,0.0
2/2/2019 7:00,0.0,0.0
2/2/2019 8:00,0.0,0.0
2/2/2019 9:00,0.5,0.03
2/2/2019 10:00,1.5,0.09
2/2/2019 11:00,6.0,0.37
2/2/2019 12:00,9.25,0.57
2/2/2019 13:00,10.5,0.64
2/2/2019 14:00,11.0,0.67
2/2/2019 15:00,9.25,0.57
2/2/2019 16:00,7.75,0.47
2/2/2019 17:00,4.0,0.25
2/2/2019 18:00,0.5,0.03
2/2/2019 19:00,0.0,0.0
2/2/2019 20:00,0.0,0.0
2/2/2019 21:00,0.0,0.0
2/2/2019 22:00,0.0,0.0
2/2/2019 23:00,0.0,0.0
2/3/2019 0:00,0.0,0.0
2/3/2019 1:00,0.0,0.0
2/3/2019 2:00,0.0,0.0
2/3/2019 3:00,0.0,0.0
2/3/2019 4:00,0.0,0.0
2/3/2019 5:00,0.0,0.0
2/3/2019 6:00,0.0,0.0
2/3/2019 7:00,0.0,0.0
2/3/2019 8:00,0.25,0.02
2/3/2019 9:00,0.25,0.02
2/3/2019 10:00,1.75,0.11
2/3/2019 11:00,5.75,0.35
2/3/2019 12:00,9.5,0.58
2/3/2019 13:00,10.5,0.64
2/3/2019 14:00,11.0,0.67
2/3/2019 15:00,9.75,0.6
2/3/2019 16:00,7.5,0.46
2/3/2019 17:00,4.25,0.26
2/3/2019 18:00,0.75,0.05
2/3/2019 19:00,0.0,0.0
2/3/2019 20:00,0.0,0.0
2/3/2019 21:00,0.0,0.0
2/3/2019 22:00,0.0,0.0
2/3/2019 23:00,0.0,0.0
2/4/2019 0:00,0.0,0.0
2/4/2019 1:00,0.0,0.0
2/4/2019 2:00,0.0,0.0
2/4/2019 3:00,0.0,0.0
2/4/2019 4:00,0.0,0.0
2/4/2019 5:00,0.0,0.0
2/4/2019 6:00,0.0,0.0
2/4/2019 7:00,0.0,0.0
2/4/2019 8:00,0.0,0.0
2/4/2019 9:00,0.5,0.03
2/4/2019 10:00,1.5,0.09
2/4/2019 11:00,6.0,0.37
2/4/2019 12:00,9.0,0.55
2/4/2019 13:00,10.5,0.64
2/4/2019 14:00,10.5,0.64
2/4/2019 15:00,9.5,0.58
2/4/2019 16:00,7.0,0.43
2/4/2019 17:00,4.0,0.25
2/4/2019 18:00,0.5,0.03
2/4/2019 19:00,0.0,0.0
2/4/2019 20:00,0.0,0.0
2/4/2019 21:00,0.0,0.0
2/4/2019 22:00,0.0,0.0
2/4/2019 23:00,0.0,0.0
2/5/2019 0:00,0.0,0.0
2/5/2019 1:00,0.0,0.0
2/5/2019 2:00,0.0,0.0
2/5/2019 3:00,0.0,0.0
2/5/2019 4:00,0.0,0.0
2/5/2019 5:00,0.0,0.0
2/5/2019 6:00,0.0,0.0
2/5/2019 7:00,0.0,0.0
2/5/2019 8:00,0.25,0.02
2/5/2019 9:00,0.25,0.02
2/5/2019 10:00,1.75,0.11
2/5/2019 11:00,5.75,0.35
2/5/2019 12:00,9.0,0.55
2/5/2019 13:00,10.25,0.63
2/5/2019 14:00,10.25,0.63
2/5/2019 15:00,9.5,0.58
2/5/2019 16:00,7.5,0.46
2/5/2019 17:00,4.25,0.26
2/5/2019 18:00,0.75,0.05
2/5/2019 19:00,0.0,0.0
2/5/2019 20:00,0.0,0.0
2/5/2019 21:00,0.0,0.0
2/5/2019 22:00,0.0,0.0
2/5/2019 23:00,0.0,0.0
2/6/2019 0:00,0.0,0.0
2/6/2019 1:00,0.0,0.0
2/6/2019 2:00,0.0,0.0
2/6/2019 3:00,0.0,0.0
2/6/2019 4:00,0.0,0.0
2/6/2019 5:00,0.0,0.0
2/6/2019 6:00,0.0,0.0
2/6/2019 7:00,0.0,0.0
2/6/2019 8:00,0.0,0.0
2/6/2019 9:00,0.5,0.03
2/6/2019 10:00,2.0,0.12
2/6/2019 11:00,5.5,0.34
2/6/2019 12:00,9.0,0.55
2/6/2019 13:00,9.5,0.58
2/6/2019 14:00,9.75,0.6
2/6/2019 15:00,9.5,0.58
2/6/2019 16:00,7.0,0.43
2/6/2019 17:00,3.25,0.2
2/6/2019 18:00,0.75,0.05
2/6/2019 19:00,0.0,0.0
2/6/2019 20:00,0.0,0.0
2/6/2019 21:00,0.0,0.0
2/6/2019 22:00,0.0,0.0
2/6/2019 23:00,0.0,0.0
2/7/2019 0:00,0.0,0.0
2/7/2019 1:00,0.0,0.0
2/7/2019 2:00,0.0,0.0
2/7/2019 3:00,0.0,0.0
2/7/2019 4:00,0.0,0.0
2/7/2019 5:00,0.0,0.0
2/7/2019 6:00,0.0,0.0
2/7/2019 7:00,0.0,0.0
2/7/2019 8:00,0.0,0.0
2/7/2019 9:00,0.5,0.03
2/7/2019 10:00,1.75,0.11
2/7/2019 11:00,6.0,0.37
2/7/2019 12:00,9.0,0.55
2/7/2019 13:00,10.5,0.64
2/7/2019 14:00,10.5,0.64
2/7/2019 15:00,9.75,0.6
2/7/2019 16:00,7.5,0.46
2/7/2019 17:00,4.5,0.28
2/7/2019 18:00,0.75,0.05
2/7/2019 19:00,0.0,0.0
2/7/2019 20:00,0.0,0.0
2/7/2019 21:00,0.0,0.0
2/7/2019 22:00,0.0,0.0
2/7/2019 23:00,0.0,0.0
2/8/2019 0:00,0.0,0.0
2/8/2019 1:00,0.0,0.0
2/8/2019 2:00,0.0,0.0
2/8/2019 3:00,0.0,0.0
2/8/2019 4:00,0.0,0.0
2/8/2019 5:00,0.0,0.0
2/8/2019 6:00,0.0,0.0
2/8/2019 7:00,0.0,0.0
2/8/2019 8:00,0.0,0.0
2/8/2019 9:00,0.5,0.03
2/8/2019 10:00,2.0,0.12
2/8/2019 11:00,6.0,0.37
2/8/2019 12:00,9.0,0.55
2/8/2019 13:00,10.25,0.63
2/8/2019 14:00,10.5,0.64
2/8/2019 15:00,9.75,0.6
2/8/2019 16:00,7.5,0.46
2/8/2019 17:00,4.5,0.28
2/8/2019 18:00,0.75,0.05
2/8/2019 19:00,0.0,0.0
2/8/2019 20:00,0.0,0.0
2/8/2019 21:00,0.0,0.0
2/8/2019 22:00,0.0,0.0
2/8/2019 23:00,0.0,0.0
2/9/2019 0:00,0.0,0.0
2/9/2019 1:00,0.0,0.0
2/9/2019 2:00,0.0,0.0
2/9/2019 3:00,0.0,0.0
2/9/2019 4:00,0.0,0.0
2/9/2019 5:00,0.0,0.0
2/9/2019 6:00,0.0,0.0
2/9/2019 7:00,0.0,0.0
2/9/2019 8:00,0.0,0.0
2/9/2019 9:00,0.75,0.05
2/9/2019 10:00,2.25,0.14
2/9/2019 11:00,4.5,0.28
2/9/2019 12:00,9.25,0.57
2/9/2019 13:00,10.25,0.63
2/9/2019 14:00,10.5,0.64
2/9/2019 15:00,9.5,0.58
2/9/2019 16:00,7.5,0.46
2/9/2019 17:00,4.5,0.28
2/9/2019 18:00,0.75,0.05
2/9/2019 19:00,0.0,0.0
2/9/2019 20:00,0.0,0.0
2/9/2019 21:00,0.0,0.0
2/9/2019 22:00,0.0,0.0
2/9/2019 23:00,0.0,0.0
2/10/2019 0:00,0.0,0.0
2/10/2019 1:00,0.0,0.0
2/10/2019 2:00,0.0,0.0
2/10/2019 3:00,0.0,0.0
2/10/2019 4:00,0.0,0.0
2/10/2019 5:00,0.0,0.0
2/10/2019 6:00,0.0,0.0
2/10/2019 7:00,0.0,0.0
2/10/2019 8:00,0.25,0.02
2/10/2019 9:00,0.75,0.05
2/10/2019 10:00,2.0,0.12
2/10/2019 11:00,6.0,0.37
2/10/2019 12:00,8.5,0.52
2/10/2019 13:00,9.25,0.57
2/10/2019 14:00,9.0,0.55
2/10/2019 15:00,3.75,0.23
2/10/2019 16:00,1.25,0.08
2/10/2019 17:00,1.0,0.06
2/10/2019 18:00,0.5,0.03
2/10/2019 19:00,0.0,0.0
2/10/2019 20:00,0.0,0.0
2/10/2019 21:00,0.0,0.0
2/10/2019 22:00,0.0,0.0
2/10/2019 23:00,0.0,0.0
2/11/2019 0:00,0.0,0.0
2/11/2019 1:00,0.0,0.0
2/11/2019 2:00,0.0,0.0
2/11/2019 3:00,0.0,0.0
2/11/2019 4:00,0.0,0.0
2/11/2019 5:00,0.0,0.0
2/11/2019 6:00,0.0,0.0
2/11/2019 7:00,0.0,0.0
2/11/2019 8:00,0.25,0.02
2/11/2019 9:00,0.5,0.03
2/11/2019 10:00,2.0,0.12
2/11/2019 11:00,6.25,0.38
2/11/2019 12:00,9.25,0.57
2/11/2019 13:00,10.25,0.63
2/11/2019 14:00,10.75,0.66
2/11/2019 15:00,9.75,0.6
2/11/2019 16:00,8.0,0.49
2/11/2019 17:00,4.75,0.29
2/11/2019 18:00,0.75,0.05
2/11/2019 19:00,0.0,0.0
2/11/2019 20:00,0.0,0.0
2/11/2019 21:00,0.0,0.0
2/11/2019 22:00,0.0,0.0
2/11/2019 23:00,0.0,0.0
2/12/2019 0:00,0.0,0.0
2/12/2019 1:00,0.0,0.0
2/12/2019 2:00,0.0,0.0
2/12/2019 3:00,0.0,0.0
2/12/2019 4:00,0.0,0.0
2/12/2019 5:00,0.0,0.0
2/12/2019 6:00,0.0,0.0
2/12/2019 7:00,0.0,0.0
2/12/2019 8:00,0.25,0.02
2/12/2019 9:00,0.5,0.03
2/12/2019 10:00,2.25,0.14
2/12/2019 11:00,6.0,0.37
2/12/2019 12:00,9.0,0.55
2/12/2019 13:00,10.25,0.63
2/12/2019 14:00,10.25,0.63
2/12/2019 15:00,9.5,0.58
2/12/2019 16:00,7.25,0.44
2/12/2019 17:00,4.25,0.26
2/12/2019 18:00,1.0,0.06
2/12/2019 19:00,0.0,0.0
2/12/2019 20:00,0.0,0.0
2/12/2019 21:00,0.0,0.0
2/12/2019 22:00,0.0,0.0
2/12/2019 23:00,0.0,0.0
2/13/2019 0:00,0.0,0.0
2/13/2019 1:00,0.0,0.0
2/13/2019 2:00,0.0,0.0
2/13/2019 3:00,0.0,0.0
2/13/2019 4:00,0.0,0.0
2/13/2019 5:00,0.0,0.0
2/13/2019 6:00,0.0,0.0
2/13/2019 7:00,0.0,0.0
2/13/2019 8:00,0.0,0.0
2/13/2019 9:00,0.75,0.05
2/13/2019 10:00,2.25,0.14
2/13/2019 11:00,6.25,0.38
2/13/2019 12:00,9.5,0.58
2/13/2019 13:00,10.5,0.64
2/13/2019 14:00,10.75,0.66
2/13/2019 15:00,9.75,0.6
2/13/2019 16:00,7.75,0.47
2/13/2019 17:00,4.5,0.28
2/13/2019 18:00,1.0,0.06
2/13/2019 19:00,0.0,0.0
2/13/2019 20:00,0.0,0.0
2/13/2019 21:00,0.0,0.0
2/13/2019 22:00,0.0,0.0
2/13/2019 23:00,0.0,0.0
2/14/2019 0:00,0.0,0.0
2/14/2019 1:00,0.0,0.0
2/14/2019 2:00,0.0,0.0
2/14/2019 3:00,0.0,0.0
2/14/2019 4:00,0.0,0.0
2/14/2019 5:00,0.0,0.0
2/14/2019 6:00,0.0,0.0
2/14/2019 7:00,0.0,0.0
2/14/2019 8:00,0.25,0.02
2/14/2019 9:00,0.75,0.05
2/14/2019 10:00,2.25,0.14
2/14/2019 11:00,6.5,0.4
2/14/2019 12:00,9.25,0.57
2/14/2019 13:00,10.75,0.66
2/14/2019 14:00,10.75,0.66
2/14/2019 15:00,9.75,0.6
2/14/2019 16:00,7.5,0.46
2/14/2019 17:00,4.75,0.29
2/14/2019 18:00,1.0,0.06
2/14/2019 19:00,0.0,0.0
2/14/2019 20:00,0.0,0.0
2/14/2019 21:00,0.0,0.0
2/14/2019 22:00,0.0,0.0
2/14/2019 23:00,0.0,0.0
2/15/2019 0:00,0.0,0.0
2/15/2019 1:00,0.0,0.0
2/15/2019 2:00,0.0,0.0
2/15/2019 3:00,0.0,0.0
2/15/2019 4:00,0.0,0.0
2/15/2019 5:00,0.0,0.0
2/15/2019 6:00,0.0,0.0
2/15/2019 7:00,0.0,0.0
2/15/2019 8:00,0.0,0.0
2/15/2019 9:00,0.75,0.05
2/15/2019 10:00,2.75,0.17
2/15/2019 11:00,6.5,0.4
2/15/2019 12:00,8.0,0.49
2/15/2019 13:00,9.0,0.55
2/15/2019 14:00,10.25,0.63
2/15/2019 15:00,8.5,0.52
2/15/2019 16:00,5.75,0.35
2/15/2019 17:00,4.0,0.25
2/15/2019 18:00,0.75,0.05
2/15/2019 19:00,0.0,0.0
2/15/2019 20:00,0.0,0.0
2/15/2019 21:00,0.0,0.0
2/15/2019 22:00,0.0,0.0
2/15/2019 23:00,0.0,0.0
2/16/2019 0:00,0.0,0.0
2/16/2019 1:00,0.0,0.0
2/16/2019 2:00,0.0,0.0
2/16/2019 3:00,0.0,0.0
2/16/2019 4:00,0.0,0.0
2/16/2019 5:00,0.0,0.0
2/16/2019 6:00,0.0,0.0
2/16/2019 7:00,0.0,0.0
2/16/2019 8:00,0.25,0.02
2/16/2019 9:00,1.0,0.06
2/16/2019 10:00,2.5,0.15
2/16/2019 11:00,6.25,0.38
2/16/2019 12:00,8.5,0.52
2/16/2019 13:00,10.75,0.66
2/16/2019 14:00,10.25,0.63
2/16/2019 15:00,8.75,0.54
2/16/2019 16:00,7.5,0.46
2/16/2019 17:00,4.0,0.25
2/16/2019 18:00,1.0,0.06
2/16/2019 19:00,0.0,0.0
2/16/2019 20:00,0.0,0.0
2/16/2019 21:00,0.0,0.0
2/16/2019 22:00,0.0,0.0
2/16/2019 23:00,0.0,0.0
2/17/2019 0:00,0.0,0.0
2/17/2019 1:00,0.0,0.0
2/17/2019 2:00,0.0,0.0
2/17/2019 3:00,0.0,0.0
2/17/2019 4:00,0.0,0.0
2/17/2019 5:00,0.0,0.0
2/17/2019 6:00,0.0,0.0
2/17/2019 7:00,0.0,0.0
2/17/2019 8:00,0.25,0.02
2/17/2019 9:00,1.0,0.06
2/17/2019 10:00,2.5,0.15
2/17/2019 11:00,2.75,0.17
2/17/2019 12:00,2.5,0.15
2/17/2019 13:00,3.25,0.2
2/17/2019 14:00,4.5,0.28
2/17/2019 15:00,2.5,0.15
2/17/2019 16:00,3.25,0.2
2/17/2019 17:00,2.0,0.12
2/17/2019 18:00,0.75,0.05
2/17/2019 19:00,0.0,0.0
2/17/2019 20:00,0.0,0.0
2/17/2019 21:00,0.0,0.0
2/17/2019 22:00,0.0,0.0
2/17/2019 23:00,0.0,0.0
2/18/2019 0:00,0.0,0.0
2/18/2019 1:00,0.0,0.0
2/18/2019 2:00,0.0,0.0
2/18/2019 3:00,0.0,0.0
2/18/2019 4:00,0.0,0.0
2/18/2019 5:00,0.0,0.0
2/18/2019 6:00,0.0,0.0
2/18/2019 7:00,0.0,0.0
2/18/2019 8:00,0.0,0.0
2/18/2019 9:00,0.25,0.02
2/18/2019 10:00,0.75,0.05
2/18/2019 11:00,2.0,0.12
2/18/2019 12:00,1.75,0.11
2/18/2019 13:00,2.0,0.12
2/18/2019 14:00,3.75,0.23
2/18/2019 15:00,2.75,0.17
2/18/2019 16:00,1.5,0.09
2/18/2019 17:00,0.5,0.03
2/18/2019 18:00,0.5,0.03
2/18/2019 19:00,0.0,0.0
2/18/2019 20:00,0.0,0.0
2/18/2019 21:00,0.0,0.0
2/18/2019 22:00,0.0,0.0
2/18/2019 23:00,0.0,0.0
2/19/2019 0:00,0.0,0.0
2/19/2019 1:00,0.0,0.0
2/19/2019 2:00,0.0,0.0
2/19/2019 3:00,0.0,0.0
2/19/2019 4:00,0.0,0.0
2/19/2019 5:00,0.0,0.0
2/19/2019 6:00,0.0,0.0
2/19/2019 7:00,0.0,0.0
2/19/2019 8:00,0.25,0.02
2/19/2019 9:00,1.0,0.06
2/19/2019 10:00,2.75,0.17
2/19/2019 11:00,6.25,0.38
2/19/2019 12:00,8.75,0.54
2/19/2019 13:00,10.25,0.63
2/19/2019 14:00,10.25,0.63
2/19/2019 15:00,9.5,0.58
2/19/2019 16:00,7.25,0.44
2/19/2019 17:00,4.25,0.26
2/19/2019 18:00,1.25,0.08
2/19/2019 19:00,0.0,0.0
2/19/2019 20:00,0.0,0.0
2/19/2019 21:00,0.0,0.0
2/19/2019 22:00,0.0,0.0
2/19/2019 23:00,0.0,0.0
2/20/2019 0:00,0.0,0.0
2/20/2019 1:00,0.0,0.0
2/20/2019 2:00,0.0,0.0
2/20/2019 3:00,0.0,0.0
2/20/2019 4:00,0.0,0.0
2/20/2019 5:00,0.0,0.0
2/20/2019 6:00,0.0,0.0
2/20/2019 7:00,0.0,0.0
2/20/2019 8:00,0.0,0.0
2/20/2019 9:00,0.0,0.0
2/20/2019 10:00,0.0,0.0
2/20/2019 11:00,0.0,0.0
2/20/2019 12:00,0.0,0.0
2/20/2019 13:00,0.0,0.0
2/20/2019 14:00,0.0,0.0
2/20/2019 15:00,0.0,0.0
2/20/2019 16:00,0.0,0.0
2/20/2019 17:00,0.0,0.0
2/20/2019 18:00,0.0,0.0
2/20/2019 19:00,0.0,0.0
2/20/2019 20:00,0.0,0.0
2/20/2019 21:00,0.0,0.0
2/20/2019 22:00,0.0,0.0
2/20/2019 23:00,0.0,0.0
2/21/2019 0:00,0.0,0.0
2/21/2019 1:00,0.0,0.0
2/21/2019 2:00,0.0,0.0
2/21/2019 3:00,0.0,0.0
2/21/2019 4:00,0.0,0.0
2/21/2019 5:00,0.0,0.0
2/21/2019 6:00,0.0,0.0
2/21/2019 7:00,0.0,0.0
2/21/2019 8:00,0.25,0.02
2/21/2019 9:00,1.5,0.09
2/21/2019 10:00,3.0,0.18
2/21/2019 11:00,6.25,0.38
2/21/2019 12:00,9.0,0.55
2/21/2019 13:00,10.0,0.61
2/21/2019 14:00,10.25,0.63
2/21/2019 15:00,9.5,0.58
2/21/2019 16:00,7.5,0.46
2/21/2019 17:00,4.25,0.26
2/21/2019 18:00,0.75,0.05
2/21/2019 19:00,0.0,0.0
2/21/2019 20:00,0.0,0.0
2/21/2019 21:00,0.0,0.0
2/21/2019 22:00,0.0,0.0
2/21/2019 23:00,0.0,0.0
2/22/2019 0:00,0.0,0.0
2/22/2019 1:00,0.0,0.0
2/22/2019 2:00,0.0,0.0
2/22/2019 3:00,0.0,0.0
2/22/2019 4:00,0.0,0.0
2/22/2019 5:00,0.0,0.0
2/22/2019 6:00,0.0,0.0
2/22/2019 7:00,0.0,0.0
2/22/2019 8:00,0.5,0.03
2/22/2019 9:00,1.75,0.11
2/22/2019 10:00,3.25,0.2
2/22/2019 11:00,6.25,0.38
2/22/2019 12:00,9.25,0.57
2/22/2019 13:00,10.25,0.63
2/22/2019 14:00,10.0,0.61
2/22/2019 15:00,10.0,0.61
2/22/2019 16:00,7.5,0.46
2/22/2019 17:00,4.0,0.25
2/22/2019 18:00,0.75,0.05
2/22/2019 19:00,0.0,0.0
2/22/2019 20:00,0.0,0.0
2/22/2019 21:00,0.0,0.0
2/22/2019 22:00,0.0,0.0
2/22/2019 23:00,0.0,0.0
2/23/2019 0:00,0.0,0.0
2/23/2019 1:00,0.0,0.0
2/23/2019 2:00,0.0,0.0
2/23/2019 3:00,0.0,0.0
2/23/2019 4:00,0.0,0.0
2/23/2019 5:00,0.0,0.0
2/23/2019 6:00,0.0,0.0
2/23/2019 7:00,0.0,0.0
2/23/2019 8:00,0.5,0.03
2/23/2019 9:00,1.5,0.09
2/23/2019 10:00,2.75,0.17
2/23/2019 11:00,6.5,0.4
2/23/2019 12:00,9.0,0.55
2/23/2019 13:00,9.25,0.57
2/23/2019 14:00,8.0,0.49
2/23/2019 15:00,8.0,0.49
2/23/2019 16:00,7.0,0.43
2/23/2019 17:00,3.0,0.18
2/23/2019 18:00,1.5,0.09
2/23/2019 19:00,0.0,0.0
2/23/2019 20:00,0.0,0.0
2/23/2019 21:00,0.0,0.0
2/23/2019 22:00,0.0,0.0
2/23/2019 23:00,0.0,0.0
2/24/2019 0:00,0.0,0.0
2/24/2019 1:00,0.0,0.0
2/24/2019 2:00,0.0,0.0
2/24/2019 3:00,0.0,0.0
2/24/2019 4:00,0.0,0.0
2/24/2019 5:00,0.0,0.0
2/24/2019 6:00,0.0,0.0
2/24/2019 7:00,0.0,0.0
2/24/2019 8:00,0.25,0.02
2/24/2019 9:00,1.0,0.06
2/24/2019 10:00,3.5,0.21
2/24/2019 11:00,7.25,0.44
2/24/2019 12:00,10.0,0.61
2/24/2019 13:00,10.75,0.66
2/24/2019 14:00,11.0,0.67
2/24/2019 15:00,10.25,0.63
2/24/2019 16:00,8.0,0.49
2/24/2019 17:00,5.25,0.32
2/24/2019 18:00,1.0,0.06
2/24/2019 19:00,0.0,0.0
2/24/2019 20:00,0.0,0.0
2/24/2019 21:00,0.0,0.0
2/24/2019 22:00,0.0,0.0
2/24/2019 23:00,0.0,0.0
2/25/2019 0:00,0.0,0.0
2/25/2019 1:00,0.0,0.0
2/25/2019 2:00,0.0,0.0
2/25/2019 3:00,0.0,0.0
2/25/2019 4:00,0.0,0.0
2/25/2019 5:00,0.0,0.0
2/25/2019 6:00,0.0,0.0
2/25/2019 7:00,0.0,0.0
2/25/2019 8:00,0.25,0.02
2/25/2019 9:00,1.25,0.08
2/25/2019 10:00,3.5,0.21
2/25/2019 11:00,7.5,0.46
2/25/2019 12:00,10.25,0.63
2/25/2019 13:00,11.25,0.69
2/25/2019 14:00,11.25,0.69
2/25/2019 15:00,10.25,0.63
2/25/2019 16:00,8.25,0.51
2/25/2019 17:00,5.25,0.32
2/25/2019 18:00,1.0,0.06
2/25/2019 19:00,0.25,0.02
2/25/2019 20:00,0.0,0.0
2/25/2019 21:00,0.0,0.0
2/25/2019 22:00,0.0,0.0
2/25/2019 23:00,0.0,0.0
2/26/2019 0:00,0.0,0.0
2/26/2019 1:00,0.0,0.0
2/26/2019 2:00,0.0,0.0
2/26/2019 3:00,0.0,0.0
2/26/2019 4:00,0.0,0.0
2/26/2019 5:00,0.0,0.0
2/26/2019 6:00,0.0,0.0
2/26/2019 7:00,0.0,0.0
2/26/2019 8:00,0.25,0.02
2/26/2019 9:00,1.0,0.06
2/26/2019 10:00,3.75,0.23
2/26/2019 11:00,7.0,0.43
2/26/2019 12:00,9.25,0.57
2/26/2019 13:00,10.5,0.64
2/26/2019 14:00,11.25,0.69
2/26/2019 15:00,10.5,0.64
2/26/2019 16:00,6.25,0.38
2/26/2019 17:00,2.5,0.15
2/26/2019 18:00,1.0,0.06
2/26/2019 19:00,0.0,0.0
2/26/2019 20:00,0.0,0.0
2/26/2019 21:00,0.0,0.0
2/26/2019 22:00,0.0,0.0
2/26/2019 23:00,0.0,0.0
2/27/2019 0:00,0.0,0.0
2/27/2019 1:00,0.0,0.0
2/27/2019 2:00,0.0,0.0
2/27/2019 3:00,0.0,0.0
2/27/2019 4:00,0.0,0.0
2/27/2019 5:00,0.0,0.0
2/27/2019 6:00,0.0,0.0
2/27/2019 7:00,0.0,0.0
2/27/2019 8:00,0.25,0.02
2/27/2019 9:00,1.0,0.06
2/27/2019 10:00,3.5,0.21
2/27/2019 11:00,7.0,0.43
2/27/2019 12:00,8.25,0.51
2/27/2019 13:00,9.25,0.57
2/27/2019 14:00,8.5,0.52
2/27/2019 15:00,8.75,0.54
2/27/2019 16:00,6.25,0.38
2/27/2019 17:00,4.5,0.28
2/27/2019 18:00,1.25,0.08
2/27/2019 19:00,0.0,0.0
2/27/2019 20:00,0.0,0.0
2/27/2019 21:00,0.0,0.0
2/27/2019 22:00,0.0,0.0
2/27/2019 23:00,0.0,0.0
2/28/2019 0:00,0.0,0.0
2/28/2019 1:00,0.0,0.0
2/28/2019 2:00,0.0,0.0
2/28/2019 3:00,0.0,0.0
2/28/2019 4:00,0.0,0.0
2/28/2019 5:00,0.0,0.0
2/28/2019 6:00,0.0,0.0
2/28/2019 7:00,0.0,0.0
2/28/2019 8:00,0.25,0.02
2/28/2019 9:00,1.25,0.08
2/28/2019 10:00,3.75,0.23
2/28/2019 11:00,8.0,0.49
2/28/2019 12:00,10.25,0.63
2/28/2019 13:00,11.25,0.69
2/28/2019 14:00,11.0,0.67
2/28/2019 15:00,9.75,0.6
2/28/2019 16:00,6.75,0.41
2/28/2019 17:00,4.5,0.28
2/28/2019 18:00,1.25,0.08
2/28/2019 19:00,0.0,0.0
2/28/2019 20:00,0.0,0.0
2/28/2019 21:00,0.0,0.0
2/28/2019 22:00,0.0,0.0
2/28/2019 23:00,0.0,0.0
3/1/2019 0:00,0.0,0.0
3/1/2019 1:00,0.0,0.0
3/1/2019 2:00,0.0,0.0
3/1/2019 3:00,0.0,0.0
3/1/2019 4:00,0.0,0.0
3/1/2019 5:00,0.0,0.0
3/1/2019 6:00,0.0,0.0
3/1/2019 7:00,0.0,0.0
3/1/2019 8:00,0.5,0.03
3/1/2019 9:00,1.75,0.11
3/1/2019 10:00,3.0,0.18
3/1/2019 11:00,7.0,0.43
3/1/2019 12:00,10.25,0.63
3/1/2019 13:00,9.25,0.57
3/1/2019 14:00,9.0,0.55
3/1/2019 15:00,10.25,0.63
3/1/2019 16:00,8.25,0.51
3/1/2019 17:00,5.0,0.31
3/1/2019 18:00,1.75,0.11
3/1/2019 19:00,0.0,0.0
3/1/2019 20:00,0.0,0.0
3/1/2019 21:00,0.0,0.0
3/1/2019 22:00,0.0,0.0
3/1/2019 23:00,0.0,0.0
3/2/2019 0:00,0.0,0.0
3/2/2019 1:00,0.0,0.0
3/2/2019 2:00,0.0,0.0
3/2/2019 3:00,0.0,0.0
3/2/2019 4:00,0.0,0.0
3/2/2019 5:00,0.0,0.0
3/2/2019 6:00,0.0,0.0
3/2/2019 7:00,0.0,0.0
3/2/2019 8:00,0.25,0.02
3/2/2019 9:00,1.5,0.09
3/2/2019 10:00,4.5,0.28
3/2/2019 11:00,4.5,0.28
3/2/2019 12:00,10.25,0.63
3/2/2019 13:00,11.5,0.7
3/2/2019 14:00,11.25,0.69
3/2/2019 15:00,10.75,0.66
3/2/2019 16:00,8.5,0.52
3/2/2019 17:00,5.5,0.34
3/2/2019 18:00,1.5,0.09
3/2/2019 19:00,0.0,0.0
3/2/2019 20:00,0.0,0.0
3/2/2019 21:00,0.0,0.0
3/2/2019 22:00,0.0,0.0
3/2/2019 23:00,0.0,0.0
3/3/2019 0:00,0.0,0.0
3/3/2019 1:00,0.0,0.0
3/3/2019 2:00,0.0,0.0
3/3/2019 3:00,0.0,0.0
3/3/2019 4:00,0.0,0.0
3/3/2019 5:00,0.0,0.0
3/3/2019 6:00,0.0,0.0
3/3/2019 7:00,0.0,0.0
3/3/2019 8:00,0.25,0.02
3/3/2019 9:00,1.5,0.09
3/3/2019 10:00,4.0,0.25
3/3/2019 11:00,8.0,0.49
3/3/2019 12:00,10.25,0.63
3/3/2019 13:00,11.25,0.69
3/3/2019 14:00,11.25,0.69
3/3/2019 15:00,10.25,0.63
3/3/2019 16:00,8.25,0.51
3/3/2019 17:00,5.25,0.32
3/3/2019 18:00,1.25,0.08
3/3/2019 19:00,0.25,0.02
3/3/2019 20:00,0.0,0.0
3/3/2019 21:00,0.0,0.0
3/3/2019 22:00,0.0,0.0
3/3/2019 23:00,0.0,0.0
3/4/2019 0:00,0.0,0.0
3/4/2019 1:00,0.0,0.0
3/4/2019 2:00,0.0,0.0
3/4/2019 3:00,0.0,0.0
3/4/2019 4:00,0.0,0.0
3/4/2019 5:00,0.0,0.0
3/4/2019 6:00,0.0,0.0
3/4/2019 7:00,0.0,0.0
3/4/2019 8:00,0.5,0.03
3/4/2019 9:00,2.0,0.12
3/4/2019 10:00,3.0,0.18
3/4/2019 11:00,3.25,0.2
3/4/2019 12:00,6.0,0.37
3/4/2019 13:00,6.25,0.38
3/4/2019 14:00,3.5,0.21
3/4/2019 15:00,2.5,0.15
3/4/2019 16:00,1.75,0.11
3/4/2019 17:00,3.75,0.23
3/4/2019 18:00,0.75,0.05
3/4/2019 19:00,0.25,0.02
3/4/2019 20:00,0.0,0.0
3/4/2019 21:00,0.0,0.0
3/4/2019 22:00,0.0,0.0
3/4/2019 23:00,0.0,0.0
3/5/2019 0:00,0.0,0.0
3/5/2019 1:00,0.0,0.0
3/5/2019 2:00,0.0,0.0
3/5/2019 3:00,0.0,0.0
3/5/2019 4:00,0.0,0.0
3/5/2019 5:00,0.0,0.0
3/5/2019 6:00,0.0,0.0
3/5/2019 7:00,0.0,0.0
3/5/2019 8:00,0.25,0.02
3/5/2019 9:00,1.0,0.06
3/5/2019 10:00,0.75,0.05
3/5/2019 11:00,2.5,0.15
3/5/2019 12:00,3.5,0.21
3/5/2019 13:00,4.25,0.26
3/5/2019 14:00,4.5,0.28
3/5/2019 15:00,4.25,0.26
3/5/2019 16:00,4.25,0.26
3/5/2019 17:00,2.75,0.17
3/5/2019 18:00,0.75,0.05
3/5/2019 19:00,0.0,0.0
3/5/2019 20:00,0.0,0.0
3/5/2019 21:00,0.0,0.0
3/5/2019 22:00,0.0,0.0
3/5/2019 23:00,0.0,0.0
3/6/2019 0:00,0.0,0.0
3/6/2019 1:00,0.0,0.0
3/6/2019 2:00,0.0,0.0
3/6/2019 3:00,0.0,0.0
3/6/2019 4:00,0.0,0.0
3/6/2019 5:00,0.0,0.0
3/6/2019 6:00,0.0,0.0
3/6/2019 7:00,0.0,0.0
3/6/2019 8:00,0.0,0.0
3/6/2019 9:00,1.25,0.08
3/6/2019 10:00,4.0,0.25
3/6/2019 11:00,6.25,0.38
3/6/2019 12:00,9.25,0.57
3/6/2019 13:00,9.25,0.57
3/6/2019 14:00,10.75,0.66
3/6/2019 15:00,10.5,0.64
3/6/2019 16:00,8.25,0.51
3/6/2019 17:00,6.0,0.37
3/6/2019 18:00,1.5,0.09
3/6/2019 19:00,0.0,0.0
3/6/2019 20:00,0.0,0.0
3/6/2019 21:00,0.0,0.0
3/6/2019 22:00,0.0,0.0
3/6/2019 23:00,0.0,0.0
3/7/2019 0:00,0.0,0.0
3/7/2019 1:00,0.0,0.0
3/7/2019 2:00,0.0,0.0
3/7/2019 3:00,0.0,0.0
3/7/2019 4:00,0.0,0.0
3/7/2019 5:00,0.0,0.0
3/7/2019 6:00,0.0,0.0
3/7/2019 7:00,0.0,0.0
3/7/2019 8:00,0.5,0.03
3/7/2019 9:00,1.5,0.09
3/7/2019 10:00,4.75,0.29
3/7/2019 11:00,7.0,0.43
3/7/2019 12:00,9.0,0.55
3/7/2019 13:00,8.5,0.52
3/7/2019 14:00,9.25,0.57
3/7/2019 15:00,11.75,0.72
3/7/2019 16:00,6.75,0.41
3/7/2019 17:00,5.25,0.32
3/7/2019 18:00,1.75,0.11
3/7/2019 19:00,0.0,0.0
3/7/2019 20:00,0.0,0.0
3/7/2019 21:00,0.0,0.0
3/7/2019 22:00,0.0,0.0
3/7/2019 23:00,0.0,0.0
3/8/2019 0:00,0.0,0.0
3/8/2019 1:00,0.0,0.0
3/8/2019 2:00,0.0,0.0
3/8/2019 3:00,0.0,0.0
3/8/2019 4:00,0.0,0.0
3/8/2019 5:00,0.0,0.0
3/8/2019 6:00,0.0,0.0
3/8/2019 7:00,0.0,0.0
3/8/2019 8:00,0.25,0.02
3/8/2019 9:00,2.0,0.12
3/8/2019 10:00,4.75,0.29
3/8/2019 11:00,9.0,0.55
3/8/2019 12:00,11.25,0.69
3/8/2019 13:00,12.5,0.77
3/8/2019 14:00,12.25,0.75
3/8/2019 15:00,11.25,0.69
3/8/2019 16:00,9.0,0.55
3/8/2019 17:00,6.0,0.37
3/8/2019 18:00,1.5,0.09
3/8/2019 19:00,0.25,0.02
3/8/2019 20:00,0.0,0.0
3/8/2019 21:00,0.0,0.0
3/8/2019 22:00,0.0,0.0
3/8/2019 23:00,0.0,0.0
3/9/2019 0:00,0.0,0.0
3/9/2019 1:00,0.0,0.0
3/9/2019 2:00,0.0,0.0
3/9/2019 3:00,0.0,0.0
3/9/2019 4:00,0.0,0.0
3/9/2019 5:00,0.0,0.0
3/9/2019 6:00,0.0,0.0
3/9/2019 7:00,0.0,0.0
3/9/2019 8:00,0.25,0.02
3/9/2019 9:00,1.75,0.11
3/9/2019 10:00,5.0,0.31
3/9/2019 11:00,8.75,0.54
3/9/2019 12:00,10.75,0.66
3/9/2019 13:00,11.75,0.72
3/9/2019 14:00,11.5,0.7
3/9/2019 15:00,10.75,0.66
3/9/2019 16:00,8.75,0.54
3/9/2019 17:00,6.0,0.37
3/9/2019 18:00,1.75,0.11
3/9/2019 19:00,0.0,0.0
3/9/2019 20:00,0.0,0.0
3/9/2019 21:00,0.0,0.0
3/9/2019 22:00,0.0,0.0
3/9/2019 23:00,0.0,0.0
3/10/2019 0:00,0.0,0.0
3/10/2019 1:00,0.0,0.0
3/10/2019 2:00,0.0,0.0
3/10/2019 3:00,0.0,0.0
3/10/2019 4:00,0.0,0.0
3/10/2019 5:00,0.0,0.0
3/10/2019 6:00,0.0,0.0
3/10/2019 7:00,0.0,0.0
3/10/2019 8:00,0.5,0.03
3/10/2019 9:00,1.75,0.11
3/10/2019 10:00,5.25,0.32
3/10/2019 11:00,8.5,0.52
3/10/2019 12:00,10.5,0.64
3/10/2019 13:00,11.5,0.7
3/10/2019 14:00,11.5,0.7
3/10/2019 15:00,10.5,0.64
3/10/2019 16:00,8.75,0.54
3/10/2019 17:00,6.0,0.37
3/10/2019 18:00,2.0,0.12
3/10/2019 19:00,0.0,0.0
3/10/2019 20:00,0.0,0.0
3/10/2019 21:00,0.0,0.0
3/10/2019 22:00,0.0,0.0
3/10/2019 23:00,0.0,0.0
3/11/2019 0:00,0.0,0.0
3/11/2019 1:00,0.0,0.0
3/11/2019 2:00,0.0,0.0
3/11/2019 3:00,0.0,0.0
3/11/2019 4:00,0.0,0.0
3/11/2019 5:00,0.0,0.0
3/11/2019 6:00,0.0,0.0
3/11/2019 7:00,0.0,0.0
3/11/2019 8:00,0.5,0.03
3/11/2019 9:00,2.0,0.12
3/11/2019 10:00,5.25,0.32
3/11/2019 11:00,8.75,0.54
3/11/2019 12:00,10.5,0.64
3/11/2019 13:00,11.75,0.72
3/11/2019 14:00,11.75,0.72
3/11/2019 15:00,11.0,0.67
3/11/2019 16:00,8.75,0.54
3/11/2019 17:00,6.0,0.37
3/11/2019 18:00,2.0,0.12
3/11/2019 19:00,0.0,0.0
3/11/2019 20:00,0.0,0.0
3/11/2019 21:00,0.0,0.0
3/11/2019 22:00,0.0,0.0
3/11/2019 23:00,0.0,0.0
3/12/2019 0:00,0.0,0.0
3/12/2019 1:00,0.0,0.0
3/12/2019 2:00,0.0,0.0
3/12/2019 3:00,0.0,0.0
3/12/2019 4:00,0.0,0.0
3/12/2019 5:00,0.0,0.0
3/12/2019 6:00,0.0,0.0
3/12/2019 7:00,0.0,0.0
3/12/2019 8:00,0.75,0.05
3/12/2019 9:00,2.0,0.12
3/12/2019 10:00,5.5,0.34
3/12/2019 11:00,8.5,0.52
3/12/2019 12:00,10.75,0.66
3/12/2019 13:00,11.75,0.72
3/12/2019 14:00,12.0,0.74
3/12/2019 15:00,11.25,0.69
3/12/2019 16:00,9.0,0.55
3/12/2019 17:00,5.75,0.35
3/12/2019 18:00,2.0,0.12
3/12/2019 19:00,0.25,0.02
3/12/2019 20:00,0.0,0.0
3/12/2019 21:00,0.0,0.0
3/12/2019 22:00,0.0,0.0
3/12/2019 23:00,0.0,0.0
3/13/2019 0:00,0.0,0.0
3/13/2019 1:00,0.0,0.0
3/13/2019 2:00,0.0,0.0
3/13/2019 3:00,0.0,0.0
3/13/2019 4:00,0.0,0.0
3/13/2019 5:00,0.0,0.0
3/13/2019 6:00,0.0,0.0
3/13/2019 7:00,0.0,0.0
3/13/2019 8:00,0.5,0.03
3/13/2019 9:00,2.5,0.15
3/13/2019 10:00,6.25,0.38
3/13/2019 11:00,9.75,0.6
3/13/2019 12:00,11.0,0.67
3/13/2019 13:00,13.0,0.8
3/13/2019 14:00,12.5,0.77
3/13/2019 15:00,11.5,0.7
3/13/2019 16:00,9.25,0.57
3/13/2019 17:00,6.5,0.4
3/13/2019 18:00,2.5,0.15
3/13/2019 19:00,0.0,0.0
3/13/2019 20:00,0.0,0.0
3/13/2019 21:00,0.0,0.0
3/13/2019 22:00,0.0,0.0
3/13/2019 23:00,0.0,0.0
3/14/2019 0:00,0.0,0.0
3/14/2019 1:00,0.0,0.0
3/14/2019 2:00,0.0,0.0
3/14/2019 3:00,0.0,0.0
3/14/2019 4:00,0.0,0.0
3/14/2019 5:00,0.0,0.0
3/14/2019 6:00,0.0,0.0
3/14/2019 7:00,0.0,0.0
3/14/2019 8:00,0.75,0.05
3/14/2019 9:00,2.5,0.15
3/14/2019 10:00,6.25,0.38
3/14/2019 11:00,9.25,0.57
3/14/2019 12:00,11.0,0.67
3/14/2019 13:00,12.0,0.74
3/14/2019 14:00,11.75,0.72
3/14/2019 15:00,10.75,0.66
3/14/2019 16:00,9.0,0.55
3/14/2019 17:00,6.25,0.38
3/14/2019 18:00,2.25,0.14
3/14/2019 19:00,0.25,0.02
3/14/2019 20:00,0.0,0.0
3/14/2019 21:00,0.0,0.0
3/14/2019 22:00,0.0,0.0
3/14/2019 23:00,0.0,0.0
3/15/2019 0:00,0.0,0.0
3/15/2019 1:00,0.0,0.0
3/15/2019 2:00,0.0,0.0
3/15/2019 3:00,0.0,0.0
3/15/2019 4:00,0.0,0.0
3/15/2019 5:00,0.0,0.0
3/15/2019 6:00,0.0,0.0
3/15/2019 7:00,0.0,0.0
3/15/2019 8:00,0.5,0.03
3/15/2019 9:00,2.75,0.17
3/15/2019 10:00,6.25,0.38
3/15/2019 11:00,9.5,0.58
3/15/2019 12:00,11.25,0.69
3/15/2019 13:00,12.0,0.74
3/15/2019 14:00,12.0,0.74
3/15/2019 15:00,11.25,0.69
3/15/2019 16:00,9.0,0.55
3/15/2019 17:00,6.25,0.38
3/15/2019 18:00,2.75,0.17
3/15/2019 19:00,0.0,0.0
3/15/2019 20:00,0.0,0.0
3/15/2019 21:00,0.0,0.0
3/15/2019 22:00,0.0,0.0
3/15/2019 23:00,0.0,0.0
3/16/2019 0:00,0.0,0.0
3/16/2019 1:00,0.0,0.0
3/16/2019 2:00,0.0,0.0
3/16/2019 3:00,0.0,0.0
3/16/2019 4:00,0.0,0.0
3/16/2019 5:00,0.0,0.0
3/16/2019 6:00,0.0,0.0
3/16/2019 7:00,0.25,0.02
3/16/2019 8:00,0.5,0.03
3/16/2019 9:00,2.75,0.17
3/16/2019 10:00,6.5,0.4
3/16/2019 11:00,9.25,0.57
3/16/2019 12:00,11.0,0.67
3/16/2019 13:00,12.25,0.75
3/16/2019 14:00,12.0,0.74
3/16/2019 15:00,11.0,0.67
3/16/2019 16:00,9.25,0.57
3/16/2019 17:00,6.25,0.38
3/16/2019 18:00,2.5,0.15
3/16/2019 19:00,0.25,0.02
3/16/2019 20:00,0.0,0.0
3/16/2019 21:00,0.0,0.0
3/16/2019 22:00,0.0,0.0
3/16/2019 23:00,0.0,0.0
3/17/2019 0:00,0.0,0.0
3/17/2019 1:00,0.0,0.0
3/17/2019 2:00,0.0,0.0
3/17/2019 3:00,0.0,0.0
3/17/2019 4:00,0.0,0.0
3/17/2019 5:00,0.0,0.0
3/17/2019 6:00,0.0,0.0
3/17/2019 7:00,0.0,0.0
3/17/2019 8:00,0.75,0.05
3/17/2019 9:00,2.75,0.17
3/17/2019 10:00,6.0,0.37
3/17/2019 11:00,9.0,0.55
3/17/2019 12:00,11.0,0.67
3/17/2019 13:00,11.75,0.72
3/17/2019 14:00,11.0,0.67
3/17/2019 15:00,10.0,0.61
3/17/2019 16:00,8.0,0.49
3/17/2019 17:00,6.25,0.38
3/17/2019 18:00,2.75,0.17
3/17/2019 19:00,0.0,0.0
3/17/2019 20:00,0.0,0.0
3/17/2019 21:00,0.0,0.0
3/17/2019 22:00,0.0,0.0
3/17/2019 23:00,0.0,0.0
3/18/2019 0:00,0.0,0.0
3/18/2019 1:00,0.0,0.0
3/18/2019 2:00,0.0,0.0
3/18/2019 3:00,0.0,0.0
3/18/2019 4:00,0.0,0.0
3/18/2019 5:00,0.0,0.0
3/18/2019 6:00,0.0,0.0
3/18/2019 7:00,0.0,0.0
3/18/2019 8:00,1.0,0.06
3/18/2019 9:00,2.75,0.17
3/18/2019 10:00,6.75,0.41
3/18/2019 11:00,9.5,0.58
3/18/2019 12:00,11.5,0.7
3/18/2019 13:00,12.0,0.74
3/18/2019 14:00,12.25,0.75
3/18/2019 15:00,11.5,0.7
3/18/2019 16:00,9.25,0.57
3/18/2019 17:00,6.5,0.4
3/18/2019 18:00,2.25,0.14
3/18/2019 19:00,0.25,0.02
3/18/2019 20:00,0.0,0.0
3/18/2019 21:00,0.0,0.0
3/18/2019 22:00,0.0,0.0
3/18/2019 23:00,0.0,0.0
3/19/2019 0:00,0.0,0.0
3/19/2019 1:00,0.0,0.0
3/19/2019 2:00,0.0,0.0
3/19/2019 3:00,0.0,0.0
3/19/2019 4:00,0.0,0.0
3/19/2019 5:00,0.0,0.0
3/19/2019 6:00,0.0,0.0
3/19/2019 7:00,0.0,0.0
3/19/2019 8:00,0.75,0.05
3/19/2019 9:00,3.0,0.18
3/19/2019 10:00,6.5,0.4
3/19/2019 11:00,9.5,0.58
3/19/2019 12:00,11.0,0.67
3/19/2019 13:00,12.0,0.74
3/19/2019 14:00,12.0,0.74
3/19/2019 15:00,11.25,0.69
3/19/2019 16:00,9.25,0.57
3/19/2019 17:00,6.25,0.38
3/19/2019 18:00,2.75,0.17
3/19/2019 19:00,0.0,0.0
3/19/2019 20:00,0.0,0.0
3/19/2019 21:00,0.0,0.0
3/19/2019 22:00,0.0,0.0
3/19/2019 23:00,0.0,0.0
3/20/2019 0:00,0.0,0.0
3/20/2019 1:00,0.0,0.0
3/20/2019 2:00,0.0,0.0
3/20/2019 3:00,0.0,0.0
3/20/2019 4:00,0.0,0.0
3/20/2019 5:00,0.0,0.0
3/20/2019 6:00,0.0,0.0
3/20/2019 7:00,0.0,0.0
3/20/2019 8:00,1.0,0.06
3/20/2019 9:00,3.0,0.18
3/20/2019 10:00,7.0,0.43
3/20/2019 11:00,9.5,0.58
3/20/2019 12:00,11.25,0.69
3/20/2019 13:00,12.25,0.75
3/20/2019 14:00,12.0,0.74
3/20/2019 15:00,11.25,0.69
3/20/2019 16:00,9.25,0.57
3/20/2019 17:00,6.5,0.4
3/20/2019 18:00,2.5,0.15
3/20/2019 19:00,0.25,0.02
3/20/2019 20:00,0.0,0.0
3/20/2019 21:00,0.0,0.0
3/20/2019 22:00,0.0,0.0
3/20/2019 23:00,0.0,0.0
3/21/2019 0:00,0.0,0.0
3/21/2019 1:00,0.0,0.0
3/21/2019 2:00,0.0,0.0
3/21/2019 3:00,0.0,0.0
3/21/2019 4:00,0.0,0.0
3/21/2019 5:00,0.0,0.0
3/21/2019 6:00,0.0,0.0
3/21/2019 7:00,0.0,0.0
3/21/2019 8:00,1.0,0.06
3/21/2019 9:00,3.0,0.18
3/21/2019 10:00,7.0,0.43
3/21/2019 11:00,9.75,0.6
3/21/2019 12:00,11.5,0.7
3/21/2019 13:00,12.5,0.77
3/21/2019 14:00,12.25,0.75
3/21/2019 15:00,11.25,0.69
3/21/2019 16:00,9.5,0.58
3/21/2019 17:00,6.25,0.38
3/21/2019 18:00,2.75,0.17
3/21/2019 19:00,0.25,0.02
3/21/2019 20:00,0.0,0.0
3/21/2019 21:00,0.0,0.0
3/21/2019 22:00,0.0,0.0
3/21/2019 23:00,0.0,0.0
3/22/2019 0:00,0.0,0.0
3/22/2019 1:00,0.0,0.0
3/22/2019 2:00,0.0,0.0
3/22/2019 3:00,0.0,0.0
3/22/2019 4:00,0.0,0.0
3/22/2019 5:00,0.0,0.0
3/22/2019 6:00,0.0,0.0
3/22/2019 7:00,0.0,0.0
3/22/2019 8:00,1.0,0.06
3/22/2019 9:00,3.25,0.2
3/22/2019 10:00,6.75,0.41
3/22/2019 11:00,9.75,0.6
3/22/2019 12:00,11.5,0.7
3/22/2019 13:00,12.25,0.75
3/22/2019 14:00,12.25,0.75
3/22/2019 15:00,11.25,0.69
3/22/2019 16:00,9.0,0.55
3/22/2019 17:00,6.25,0.38
3/22/2019 18:00,2.75,0.17
3/22/2019 19:00,0.25,0.02
3/22/2019 20:00,0.0,0.0
3/22/2019 21:00,0.0,0.0
3/22/2019 22:00,0.0,0.0
3/22/2019 23:00,0.0,0.0
3/23/2019 0:00,0.0,0.0
3/23/2019 1:00,0.0,0.0
3/23/2019 2:00,0.0,0.0
3/23/2019 3:00,0.0,0.0
3/23/2019 4:00,0.0,0.0
3/23/2019 5:00,0.0,0.0
3/23/2019 6:00,0.0,0.0
3/23/2019 7:00,0.25,0.02
3/23/2019 8:00,0.75,0.05
3/23/2019 9:00,3.25,0.2
3/23/2019 10:00,6.75,0.41
3/23/2019 11:00,9.75,0.6
3/23/2019 12:00,11.5,0.7
3/23/2019 13:00,12.0,0.74
3/23/2019 14:00,12.0,0.74
3/23/2019 15:00,10.75,0.66
3/23/2019 16:00,8.75,0.54
3/23/2019 17:00,5.75,0.35
3/23/2019 18:00,2.75,0.17
3/23/2019 19:00,0.25,0.02
3/23/2019 20:00,0.0,0.0
3/23/2019 21:00,0.0,0.0
3/23/2019 22:00,0.0,0.0
3/23/2019 23:00,0.0,0.0
3/24/2019 0:00,0.0,0.0
3/24/2019 1:00,0.0,0.0
3/24/2019 2:00,0.0,0.0
3/24/2019 3:00,0.0,0.0
3/24/2019 4:00,0.0,0.0
3/24/2019 5:00,0.0,0.0
3/24/2019 6:00,0.0,0.0
3/24/2019 7:00,0.0,0.0
3/24/2019 8:00,1.0,0.06
3/24/2019 9:00,3.25,0.2
3/24/2019 10:00,6.5,0.4
3/24/2019 11:00,9.25,0.57
3/24/2019 12:00,11.0,0.67
3/24/2019 13:00,11.25,0.69
3/24/2019 14:00,12.0,0.74
3/24/2019 15:00,10.75,0.66
3/24/2019 16:00,8.75,0.54
3/24/2019 17:00,5.75,0.35
3/24/2019 18:00,2.75,0.17
3/24/2019 19:00,0.25,0.02
3/24/2019 20:00,0.0,0.0
3/24/2019 21:00,0.0,0.0
3/24/2019 22:00,0.0,0.0
3/24/2019 23:00,0.0,0.0
3/25/2019 0:00,0.0,0.0
3/25/2019 1:00,0.0,0.0
3/25/2019 2:00,0.0,0.0
3/25/2019 3:00,0.0,0.0
3/25/2019 4:00,0.0,0.0
3/25/2019 5:00,0.0,0.0
3/25/2019 6:00,0.0,0.0
3/25/2019 7:00,0.0,0.0
3/25/2019 8:00,1.0,0.06
3/25/2019 9:00,3.25,0.2
3/25/2019 10:00,6.5,0.4
3/25/2019 11:00,9.75,0.6
3/25/2019 12:00,11.25,0.69
3/25/2019 13:00,12.0,0.74
3/25/2019 14:00,12.0,0.74
3/25/2019 15:00,10.75,0.66
3/25/2019 16:00,9.0,0.55
3/25/2019 17:00,6.25,0.38
3/25/2019 18:00,2.75,0.17
3/25/2019 19:00,0.25,0.02
3/25/2019 20:00,0.0,0.0
3/25/2019 21:00,0.0,0.0
3/25/2019 22:00,0.0,0.0
3/25/2019 23:00,0.0,0.0
3/26/2019 0:00,0.0,0.0
3/26/2019 1:00,0.0,0.0
3/26/2019 2:00,0.0,0.0
3/26/2019 3:00,0.0,0.0
3/26/2019 4:00,0.0,0.0
3/26/2019 5:00,0.0,0.0
3/26/2019 6:00,0.0,0.0
3/26/2019 7:00,0.0,0.0
3/26/2019 8:00,1.25,0.08
3/26/2019 9:00,3.25,0.2
3/26/2019 10:00,6.5,0.4
3/26/2019 11:00,6.75,0.41
3/26/2019 12:00,10.75,0.66
3/26/2019 13:00,8.75,0.54
3/26/2019 14:00,3.75,0.23
3/26/2019 15:00,5.5,0.34
3/26/2019 16:00,5.25,0.32
3/26/2019 17:00,1.5,0.09
3/26/2019 18:00,1.25,0.08
3/26/2019 19:00,0.25,0.02
3/26/2019 20:00,0.0,0.0
3/26/2019 21:00,0.0,0.0
3/26/2019 22:00,0.0,0.0
3/26/2019 23:00,0.0,0.0
3/27/2019 0:00,0.0,0.0
3/27/2019 1:00,0.0,0.0
3/27/2019 2:00,0.0,0.0
3/27/2019 3:00,0.0,0.0
3/27/2019 4:00,0.0,0.0
3/27/2019 5:00,0.0,0.0
3/27/2019 6:00,0.0,0.0
3/27/2019 7:00,0.25,0.02
3/27/2019 8:00,1.0,0.06
3/27/2019 9:00,3.5,0.21
3/27/2019 10:00,6.75,0.41
3/27/2019 11:00,9.75,0.6
3/27/2019 12:00,11.75,0.72
3/27/2019 13:00,12.75,0.78
3/27/2019 14:00,10.0,0.61
3/27/2019 15:00,11.25,0.69
3/27/2019 16:00,9.25,0.57
3/27/2019 17:00,6.5,0.4
3/27/2019 18:00,2.75,0.17
3/27/2019 19:00,0.25,0.02
3/27/2019 20:00,0.0,0.0
3/27/2019 21:00,0.0,0.0
3/27/2019 22:00,0.0,0.0
3/27/2019 23:00,0.0,0.0
3/28/2019 0:00,0.0,0.0
3/28/2019 1:00,0.0,0.0
3/28/2019 2:00,0.0,0.0
3/28/2019 3:00,0.0,0.0
3/28/2019 4:00,0.0,0.0
3/28/2019 5:00,0.0,0.0
3/28/2019 6:00,0.0,0.0
3/28/2019 7:00,0.25,0.02
3/28/2019 8:00,1.0,0.06
3/28/2019 9:00,3.75,0.23
3/28/2019 10:00,7.25,0.44
3/28/2019 11:00,10.25,0.63
3/28/2019 12:00,11.75,0.72
3/28/2019 13:00,12.5,0.77
3/28/2019 14:00,12.5,0.77
3/28/2019 15:00,11.25,0.69
3/28/2019 16:00,9.5,0.58
3/28/2019 17:00,6.5,0.4
3/28/2019 18:00,2.75,0.17
3/28/2019 19:00,0.5,0.03
3/28/2019 20:00,0.0,0.0
3/28/2019 21:00,0.0,0.0
3/28/2019 22:00,0.0,0.0
3/28/2019 23:00,0.0,0.0
3/29/2019 0:00,0.0,0.0
3/29/2019 1:00,0.0,0.0
3/29/2019 2:00,0.0,0.0
3/29/2019 3:00,0.0,0.0
3/29/2019 4:00,0.0,0.0
3/29/2019 5:00,0.0,0.0
3/29/2019 6:00,0.0,0.0
3/29/2019 7:00,0.0,0.0
3/29/2019 8:00,1.25,0.08
3/29/2019 9:00,3.5,0.21
3/29/2019 10:00,7.0,0.43
3/29/2019 11:00,9.5,0.58
3/29/2019 12:00,11.5,0.7
3/29/2019 13:00,11.0,0.67
3/29/2019 14:00,10.75,0.66
3/29/2019 15:00,10.0,0.61
3/29/2019 16:00,8.5,0.52
3/29/2019 17:00,4.25,0.26
3/29/2019 18:00,1.5,0.09
3/29/2019 19:00,0.25,0.02
3/29/2019 20:00,0.0,0.0
3/29/2019 21:00,0.0,0.0
3/29/2019 22:00,0.0,0.0
3/29/2019 23:00,0.0,0.0
3/30/2019 0:00,0.0,0.0
3/30/2019 1:00,0.0,0.0
3/30/2019 2:00,0.0,0.0
3/30/2019 3:00,0.0,0.0
3/30/2019 4:00,0.0,0.0
3/30/2019 5:00,0.0,0.0
3/30/2019 6:00,0.0,0.0
3/30/2019 7:00,0.25,0.02
3/30/2019 8:00,1.0,0.06
3/30/2019 9:00,3.75,0.23
3/30/2019 10:00,7.0,0.43
3/30/2019 11:00,9.5,0.58
3/30/2019 12:00,11.25,0.69
3/30/2019 13:00,11.25,0.69
3/30/2019 14:00,10.75,0.66
3/30/2019 15:00,6.75,0.41
3/30/2019 16:00,5.5,0.34
3/30/2019 17:00,3.25,0.2
3/30/2019 18:00,1.25,0.08
3/30/2019 19:00,0.5,0.03
3/30/2019 20:00,0.0,0.0
3/30/2019 21:00,0.0,0.0
3/30/2019 22:00,0.0,0.0
3/30/2019 23:00,0.0,0.0
3/31/2019 0:00,0.0,0.0
3/31/2019 2:00,0.0,0.0
3/31/2019 3:00,0.0,0.0
3/31/2019 4:00,0.0,0.0
3/31/2019 5:00,0.0,0.0
3/31/2019 6:00,0.0,0.0
3/31/2019 7:00,0.0,0.0
3/31/2019 8:00,0.0,0.0
3/31/2019 9:00,0.25,0.02
3/31/2019 10:00,1.25,0.08
3/31/2019 11:00,3.5,0.21
3/31/2019 12:00,5.25,0.32
3/31/2019 13:00,7.25,0.44
3/31/2019 14:00,8.0,0.49
3/31/2019 15:00,11.25,0.69
3/31/2019 16:00,12.25,0.75
3/31/2019 17:00,8.25,0.51
3/31/2019 18:00,4.5,0.28
3/31/2019 19:00,2.75,0.17
3/31/2019 20:00,1.0,0.06
3/31/2019 21:00,0.25,0.02
3/31/2019 22:00,0.0,0.0
3/31/2019 23:00,0.0,0.0
4/1/2019 0:00,0.0,0.0
4/1/2019 1:00,0.0,0.0
4/1/2019 2:00,0.0,0.0
4/1/2019 3:00,0.0,0.0
4/1/2019 4:00,0.0,0.0
4/1/2019 5:00,0.0,0.0
4/1/2019 6:00,0.0,0.0
4/1/2019 7:00,0.0,0.0
4/1/2019 8:00,0.25,0.02
4/1/2019 9:00,1.25,0.08
4/1/2019 10:00,3.75,0.23
4/1/2019 11:00,7.25,0.44
4/1/2019 12:00,10.25,0.63
4/1/2019 13:00,12.0,0.74
4/1/2019 14:00,2.75,0.17
4/1/2019 15:00,7.0,0.43
4/1/2019 16:00,12.0,0.74
4/1/2019 17:00,9.25,0.57
4/1/2019 18:00,6.25,0.38
4/1/2019 19:00,2.75,0.17
4/1/2019 20:00,0.5,0.03
4/1/2019 21:00,0.0,0.0
4/1/2019 22:00,0.0,0.0
4/1/2019 23:00,0.0,0.0
4/2/2019 0:00,0.0,0.0
4/2/2019 1:00,0.0,0.0
4/2/2019 2:00,0.0,0.0
4/2/2019 3:00,0.0,0.0
4/2/2019 4:00,0.0,0.0
4/2/2019 5:00,0.0,0.0
4/2/2019 6:00,0.0,0.0
4/2/2019 7:00,0.0,0.0
4/2/2019 8:00,0.25,0.02
4/2/2019 9:00,1.25,0.08
4/2/2019 10:00,3.75,0.23
4/2/2019 11:00,6.0,0.37
4/2/2019 12:00,8.25,0.51
4/2/2019 13:00,8.5,0.52
4/2/2019 14:00,12.25,0.75
4/2/2019 15:00,12.5,0.77
4/2/2019 16:00,10.75,0.66
4/2/2019 17:00,7.25,0.44
4/2/2019 18:00,5.25,0.32
4/2/2019 19:00,2.75,0.17
4/2/2019 20:00,0.5,0.03
4/2/2019 21:00,0.0,0.0
4/2/2019 22:00,0.0,0.0
4/2/2019 23:00,0.0,0.0
4/3/2019 0:00,0.0,0.0
4/3/2019 1:00,0.0,0.0
4/3/2019 2:00,0.0,0.0
4/3/2019 3:00,0.0,0.0
4/3/2019 4:00,0.0,0.0
4/3/2019 5:00,0.0,0.0
4/3/2019 6:00,0.0,0.0
4/3/2019 7:00,0.0,0.0
4/3/2019 8:00,0.25,0.02
4/3/2019 9:00,1.25,0.08
4/3/2019 10:00,4.25,0.26
4/3/2019 11:00,7.75,0.47
4/3/2019 12:00,10.75,0.66
4/3/2019 13:00,12.25,0.75
4/3/2019 14:00,12.75,0.78
4/3/2019 15:00,12.5,0.77
4/3/2019 16:00,11.5,0.7
4/3/2019 17:00,9.75,0.6
4/3/2019 18:00,6.75,0.41
4/3/2019 19:00,3.0,0.18
4/3/2019 20:00,0.25,0.02
4/3/2019 21:00,0.0,0.0
4/3/2019 22:00,0.0,0.0
4/3/2019 23:00,0.0,0.0
4/4/2019 0:00,0.0,0.0
4/4/2019 1:00,0.0,0.0
4/4/2019 2:00,0.0,0.0
4/4/2019 3:00,0.0,0.0
4/4/2019 4:00,0.0,0.0
4/4/2019 5:00,0.0,0.0
4/4/2019 6:00,0.0,0.0
4/4/2019 7:00,0.0,0.0
4/4/2019 8:00,0.25,0.02
4/4/2019 9:00,1.5,0.09
4/4/2019 10:00,4.5,0.28
4/4/2019 11:00,8.0,0.49
4/4/2019 12:00,10.75,0.66
4/4/2019 13:00,12.25,0.75
4/4/2019 14:00,13.0,0.8
4/4/2019 15:00,13.0,0.8
4/4/2019 16:00,11.75,0.72
4/4/2019 17:00,10.0,0.61
4/4/2019 18:00,7.0,0.43
4/4/2019 19:00,3.25,0.2
4/4/2019 20:00,0.5,0.03
4/4/2019 21:00,0.0,0.0
4/4/2019 22:00,0.0,0.0
4/4/2019 23:00,0.0,0.0
4/5/2019 0:00,0.0,0.0
4/5/2019 1:00,0.0,0.0
4/5/2019 2:00,0.0,0.0
4/5/2019 3:00,0.0,0.0
4/5/2019 4:00,0.0,0.0
4/5/2019 5:00,0.0,0.0
4/5/2019 6:00,0.0,0.0
4/5/2019 7:00,0.0,0.0
4/5/2019 8:00,0.25,0.02
4/5/2019 9:00,1.5,0.09
4/5/2019 10:00,4.0,0.25
4/5/2019 11:00,7.5,0.46
4/5/2019 12:00,10.5,0.64
4/5/2019 13:00,12.25,0.75
4/5/2019 14:00,9.5,0.58
4/5/2019 15:00,10.0,0.61
4/5/2019 16:00,7.0,0.43
4/5/2019 17:00,8.0,0.49
4/5/2019 18:00,6.0,0.37
4/5/2019 19:00,1.75,0.11
4/5/2019 20:00,0.75,0.05
4/5/2019 21:00,0.0,0.0
4/5/2019 22:00,0.0,0.0
4/5/2019 23:00,0.0,0.0
4/6/2019 0:00,0.0,0.0
4/6/2019 1:00,0.0,0.0
4/6/2019 2:00,0.0,0.0
4/6/2019 3:00,0.0,0.0
4/6/2019 4:00,0.0,0.0
4/6/2019 5:00,0.0,0.0
4/6/2019 6:00,0.0,0.0
4/6/2019 7:00,0.0,0.0
4/6/2019 8:00,0.25,0.02
4/6/2019 9:00,1.5,0.09
4/6/2019 10:00,2.75,0.17
4/6/2019 11:00,6.75,0.41
4/6/2019 12:00,9.0,0.55
4/6/2019 13:00,8.0,0.49
4/6/2019 14:00,10.0,0.61
4/6/2019 15:00,8.25,0.51
4/6/2019 16:00,6.75,0.41
4/6/2019 17:00,5.75,0.35
4/6/2019 18:00,7.0,0.43
4/6/2019 19:00,2.75,0.17
4/6/2019 20:00,0.5,0.03
4/6/2019 21:00,0.0,0.0
4/6/2019 22:00,0.0,0.0
4/6/2019 23:00,0.0,0.0
4/7/2019 0:00,0.0,0.0
4/7/2019 1:00,0.0,0.0
4/7/2019 2:00,0.0,0.0
4/7/2019 3:00,0.0,0.0
4/7/2019 4:00,0.0,0.0
4/7/2019 5:00,0.0,0.0
4/7/2019 6:00,0.0,0.0
4/7/2019 7:00,0.0,0.0
4/7/2019 8:00,0.0,0.0
4/7/2019 9:00,1.25,0.08
4/7/2019 10:00,3.0,0.18
4/7/2019 11:00,4.5,0.28
4/7/2019 12:00,4.75,0.29
4/7/2019 13:00,3.0,0.18
4/7/2019 14:00,2.75,0.17
4/7/2019 15:00,4.75,0.29
4/7/2019 16:00,7.75,0.47
4/7/2019 17:00,6.75,0.41
4/7/2019 18:00,5.75,0.35
4/7/2019 19:00,2.0,0.12
4/7/2019 20:00,0.75,0.05
4/7/2019 21:00,0.0,0.0
4/7/2019 22:00,0.0,0.0
4/7/2019 23:00,0.0,0.0
4/8/2019 0:00,0.0,0.0
4/8/2019 1:00,0.0,0.0
4/8/2019 2:00,0.0,0.0
4/8/2019 3:00,0.0,0.0
4/8/2019 4:00,0.0,0.0
4/8/2019 5:00,0.0,0.0
4/8/2019 6:00,0.0,0.0
4/8/2019 7:00,0.0,0.0
4/8/2019 8:00,0.0,0.0
4/8/2019 9:00,1.5,0.09
4/8/2019 10:00,2.5,0.15
4/8/2019 11:00,4.0,0.25
4/8/2019 12:00,7.25,0.44
4/8/2019 13:00,6.0,0.37
4/8/2019 14:00,6.25,0.38
4/8/2019 15:00,8.25,0.51
4/8/2019 16:00,10.5,0.64
4/8/2019 17:00,10.5,0.64
4/8/2019 18:00,7.0,0.43
4/8/2019 19:00,2.25,0.14
4/8/2019 20:00,0.5,0.03
4/8/2019 21:00,0.0,0.0
4/8/2019 22:00,0.0,0.0
4/8/2019 23:00,0.0,0.0
4/9/2019 0:00,0.0,0.0
4/9/2019 1:00,0.0,0.0
4/9/2019 2:00,0.0,0.0
4/9/2019 3:00,0.0,0.0
4/9/2019 4:00,0.0,0.0
4/9/2019 5:00,0.0,0.0
4/9/2019 6:00,0.0,0.0
4/9/2019 7:00,0.0,0.0
4/9/2019 8:00,0.25,0.02
4/9/2019 9:00,1.25,0.08
4/9/2019 10:00,4.75,0.29
4/9/2019 11:00,8.5,0.52
4/9/2019 12:00,4.75,0.29
4/9/2019 13:00,9.75,0.6
4/9/2019 14:00,12.0,0.74
4/9/2019 15:00,7.25,0.44
4/9/2019 16:00,9.75,0.6
4/9/2019 17:00,9.25,0.57
4/9/2019 18:00,4.0,0.25
4/9/2019 19:00,3.0,0.18
4/9/2019 20:00,0.25,0.02
4/9/2019 21:00,0.0,0.0
4/9/2019 22:00,0.0,0.0
4/9/2019 23:00,0.0,0.0
4/10/2019 0:00,0.0,0.0
4/10/2019 1:00,0.0,0.0
4/10/2019 2:00,0.0,0.0
4/10/2019 3:00,0.0,0.0
4/10/2019 4:00,0.0,0.0
4/10/2019 5:00,0.0,0.0
4/10/2019 6:00,0.0,0.0
4/10/2019 7:00,0.0,0.0
4/10/2019 8:00,0.25,0.02
4/10/2019 9:00,1.75,0.11
4/10/2019 10:00,4.25,0.26
4/10/2019 11:00,6.75,0.41
4/10/2019 12:00,8.25,0.51
4/10/2019 13:00,10.0,0.61
4/10/2019 14:00,7.25,0.44
4/10/2019 15:00,9.75,0.6
4/10/2019 16:00,10.25,0.63
4/10/2019 17:00,8.25,0.51
4/10/2019 18:00,4.0,0.25
4/10/2019 19:00,2.25,0.14
4/10/2019 20:00,0.5,0.03
4/10/2019 21:00,0.0,0.0
4/10/2019 22:00,0.0,0.0
4/10/2019 23:00,0.0,0.0
4/11/2019 0:00,0.0,0.0
4/11/2019 1:00,0.0,0.0
4/11/2019 2:00,0.0,0.0
4/11/2019 3:00,0.0,0.0
4/11/2019 4:00,0.0,0.0
4/11/2019 5:00,0.0,0.0
4/11/2019 6:00,0.0,0.0
4/11/2019 7:00,0.0,0.0
4/11/2019 8:00,0.25,0.02
4/11/2019 9:00,1.75,0.11
4/11/2019 10:00,5.0,0.31
4/11/2019 11:00,8.25,0.51
4/11/2019 12:00,10.5,0.64
4/11/2019 13:00,12.25,0.75
4/11/2019 14:00,12.75,0.78
4/11/2019 15:00,13.0,0.8
4/11/2019 16:00,10.25,0.63
4/11/2019 17:00,9.25,0.57
4/11/2019 18:00,6.75,0.41
4/11/2019 19:00,2.5,0.15
4/11/2019 20:00,0.5,0.03
4/11/2019 21:00,0.0,0.0
4/11/2019 22:00,0.0,0.0
4/11/2019 23:00,0.0,0.0
4/12/2019 0:00,0.0,0.0
4/12/2019 1:00,0.0,0.0
4/12/2019 2:00,0.0,0.0
4/12/2019 3:00,0.0,0.0
4/12/2019 4:00,0.0,0.0
4/12/2019 5:00,0.0,0.0
4/12/2019 6:00,0.0,0.0
4/12/2019 7:00,0.0,0.0
4/12/2019 8:00,0.25,0.02
4/12/2019 9:00,1.75,0.11
4/12/2019 10:00,4.5,0.28
4/12/2019 11:00,8.25,0.51
4/12/2019 12:00,10.75,0.66
4/12/2019 13:00,12.25,0.75
4/12/2019 14:00,13.5,0.83
4/12/2019 15:00,13.25,0.81
4/12/2019 16:00,12.25,0.75
4/12/2019 17:00,10.0,0.61
4/12/2019 18:00,7.0,0.43
4/12/2019 19:00,3.5,0.21
4/12/2019 20:00,0.5,0.03
4/12/2019 21:00,0.0,0.0
4/12/2019 22:00,0.0,0.0
4/12/2019 23:00,0.0,0.0
4/13/2019 0:00,0.0,0.0
4/13/2019 1:00,0.0,0.0
4/13/2019 2:00,0.0,0.0
4/13/2019 3:00,0.0,0.0
4/13/2019 4:00,0.0,0.0
4/13/2019 5:00,0.0,0.0
4/13/2019 6:00,0.0,0.0
4/13/2019 7:00,0.0,0.0
4/13/2019 8:00,0.5,0.03
4/13/2019 9:00,1.75,0.11
4/13/2019 10:00,4.75,0.29
4/13/2019 11:00,8.0,0.49
4/13/2019 12:00,10.5,0.64
4/13/2019 13:00,12.5,0.77
4/13/2019 14:00,13.25,0.81
4/13/2019 15:00,13.25,0.81
4/13/2019 16:00,12.0,0.74
4/13/2019 17:00,10.0,0.61
4/13/2019 18:00,7.0,0.43
4/13/2019 19:00,3.25,0.2
4/13/2019 20:00,0.75,0.05
4/13/2019 21:00,0.0,0.0
4/13/2019 22:00,0.0,0.0
4/13/2019 23:00,0.0,0.0
4/14/2019 0:00,0.0,0.0
4/14/2019 1:00,0.0,0.0
4/14/2019 2:00,0.0,0.0
4/14/2019 3:00,0.0,0.0
4/14/2019 4:00,0.0,0.0
4/14/2019 5:00,0.0,0.0
4/14/2019 6:00,0.0,0.0
4/14/2019 7:00,0.0,0.0
4/14/2019 8:00,0.25,0.02
4/14/2019 9:00,2.25,0.14
4/14/2019 10:00,4.75,0.29
4/14/2019 11:00,7.75,0.47
4/14/2019 12:00,10.5,0.64
4/14/2019 13:00,12.0,0.74
4/14/2019 14:00,11.75,0.72
4/14/2019 15:00,11.75,0.72
4/14/2019 16:00,10.25,0.63
4/14/2019 17:00,8.0,0.49
4/14/2019 18:00,4.0,0.25
4/14/2019 19:00,1.5,0.09
4/14/2019 20:00,0.75,0.05
4/14/2019 21:00,0.0,0.0
4/14/2019 22:00,0.0,0.0
4/14/2019 23:00,0.0,0.0
4/15/2019 0:00,0.0,0.0
4/15/2019 1:00,0.0,0.0
4/15/2019 2:00,0.0,0.0
4/15/2019 3:00,0.0,0.0
4/15/2019 4:00,0.0,0.0
4/15/2019 5:00,0.0,0.0
4/15/2019 6:00,0.0,0.0
4/15/2019 7:00,0.0,0.0
4/15/2019 8:00,0.25,0.02
4/15/2019 9:00,2.0,0.12
4/15/2019 10:00,4.75,0.29
4/15/2019 11:00,8.25,0.51
4/15/2019 12:00,9.75,0.6
4/15/2019 13:00,12.0,0.74
4/15/2019 14:00,11.0,0.67
4/15/2019 15:00,10.5,0.64
4/15/2019 16:00,12.0,0.74
4/15/2019 17:00,10.25,0.63
4/15/2019 18:00,7.25,0.44
4/15/2019 19:00,3.5,0.21
4/15/2019 20:00,0.5,0.03
4/15/2019 21:00,0.0,0.0
4/15/2019 22:00,0.0,0.0
4/15/2019 23:00,0.0,0.0
4/16/2019 0:00,0.0,0.0
4/16/2019 1:00,0.0,0.0
4/16/2019 2:00,0.0,0.0
4/16/2019 3:00,0.0,0.0
4/16/2019 4:00,0.0,0.0
4/16/2019 5:00,0.0,0.0
4/16/2019 6:00,0.0,0.0
4/16/2019 7:00,0.0,0.0
4/16/2019 8:00,0.25,0.02
4/16/2019 9:00,2.0,0.12
4/16/2019 10:00,5.25,0.32
4/16/2019 11:00,8.25,0.51
4/16/2019 12:00,10.75,0.66
4/16/2019 13:00,12.25,0.75
4/16/2019 14:00,13.0,0.8
4/16/2019 15:00,13.0,0.8
4/16/2019 16:00,12.0,0.74
4/16/2019 17:00,10.25,0.63
4/16/2019 18:00,7.25,0.44
4/16/2019 19:00,3.0,0.18
4/16/2019 20:00,0.5,0.03
4/16/2019 21:00,0.0,0.0
4/16/2019 22:00,0.0,0.0
4/16/2019 23:00,0.0,0.0
4/17/2019 0:00,0.0,0.0
4/17/2019 1:00,0.0,0.0
4/17/2019 2:00,0.0,0.0
4/17/2019 3:00,0.0,0.0
4/17/2019 4:00,0.0,0.0
4/17/2019 5:00,0.0,0.0
4/17/2019 6:00,0.0,0.0
4/17/2019 7:00,0.0,0.0
4/17/2019 8:00,0.5,0.03
4/17/2019 9:00,1.5,0.09
4/17/2019 10:00,3.25,0.2
4/17/2019 11:00,3.0,0.18
4/17/2019 12:00,5.5,0.34
4/17/2019 13:00,5.5,0.34
4/17/2019 14:00,2.5,0.15
4/17/2019 15:00,2.5,0.15
4/17/2019 16:00,2.25,0.14
4/17/2019 17:00,1.0,0.06
4/17/2019 18:00,0.5,0.03
4/17/2019 19:00,0.75,0.05
4/17/2019 20:00,0.5,0.03
4/17/2019 21:00,0.0,0.0
4/17/2019 22:00,0.0,0.0
4/17/2019 23:00,0.0,0.0
4/18/2019 0:00,0.0,0.0
4/18/2019 1:00,0.0,0.0
4/18/2019 2:00,0.0,0.0
4/18/2019 3:00,0.0,0.0
4/18/2019 4:00,0.0,0.0
4/18/2019 5:00,0.0,0.0
4/18/2019 6:00,0.0,0.0
4/18/2019 7:00,0.0,0.0
4/18/2019 8:00,0.25,0.02
4/18/2019 9:00,2.0,0.12
4/18/2019 10:00,5.25,0.32
4/18/2019 11:00,7.75,0.47
4/18/2019 12:00,2.5,0.15
4/18/2019 13:00,1.0,0.06
4/18/2019 14:00,1.5,0.09
4/18/2019 15:00,2.5,0.15
4/18/2019 16:00,10.0,0.61
4/18/2019 17:00,5.0,0.31
4/18/2019 18:00,4.25,0.26
4/18/2019 19:00,2.5,0.15
4/18/2019 20:00,0.25,0.02
4/18/2019 21:00,0.0,0.0
4/18/2019 22:00,0.0,0.0
4/18/2019 23:00,0.0,0.0
4/19/2019 0:00,0.0,0.0
4/19/2019 1:00,0.0,0.0
4/19/2019 2:00,0.0,0.0
4/19/2019 3:00,0.0,0.0
4/19/2019 4:00,0.0,0.0
4/19/2019 5:00,0.0,0.0
4/19/2019 6:00,0.0,0.0
4/19/2019 7:00,0.0,0.0
4/19/2019 8:00,0.5,0.03
4/19/2019 9:00,2.0,0.12
4/19/2019 10:00,5.5,0.34
4/19/2019 11:00,8.5,0.52
4/19/2019 12:00,10.5,0.64
4/19/2019 13:00,9.0,0.55
4/19/2019 14:00,10.5,0.64
4/19/2019 15:00,4.75,0.29
4/19/2019 16:00,5.25,0.32
4/19/2019 17:00,1.5,0.09
4/19/2019 18:00,2.0,0.12
4/19/2019 19:00,1.5,0.09
4/19/2019 20:00,0.5,0.03
4/19/2019 21:00,0.0,0.0
4/19/2019 22:00,0.0,0.0
4/19/2019 23:00,0.0,0.0
4/20/2019 0:00,0.0,0.0
4/20/2019 1:00,0.0,0.0
4/20/2019 2:00,0.0,0.0
4/20/2019 3:00,0.0,0.0
4/20/2019 4:00,0.0,0.0
4/20/2019 5:00,0.0,0.0
4/20/2019 6:00,0.0,0.0
4/20/2019 7:00,0.0,0.0
4/20/2019 8:00,0.5,0.03
4/20/2019 9:00,1.75,0.11
4/20/2019 10:00,2.25,0.14
4/20/2019 11:00,4.0,0.25
4/20/2019 12:00,6.25,0.38
4/20/2019 13:00,7.25,0.44
4/20/2019 14:00,7.75,0.47
4/20/2019 15:00,5.5,0.34
4/20/2019 16:00,5.5,0.34
4/20/2019 17:00,5.0,0.31
4/20/2019 18:00,4.5,0.28
4/20/2019 19:00,1.75,0.11
4/20/2019 20:00,0.5,0.03
4/20/2019 21:00,0.0,0.0
4/20/2019 22:00,0.0,0.0
4/20/2019 23:00,0.0,0.0
4/21/2019 0:00,0.0,0.0
4/21/2019 1:00,0.0,0.0
4/21/2019 2:00,0.0,0.0
4/21/2019 3:00,0.0,0.0
4/21/2019 4:00,0.0,0.0
4/21/2019 5:00,0.0,0.0
4/21/2019 6:00,0.0,0.0
4/21/2019 7:00,0.0,0.0
4/21/2019 8:00,0.5,0.03
4/21/2019 9:00,2.25,0.14
4/21/2019 10:00,5.25,0.32
4/21/2019 11:00,8.5,0.52
4/21/2019 12:00,10.75,0.66
4/21/2019 13:00,12.25,0.75
4/21/2019 14:00,12.5,0.77
4/21/2019 15:00,11.75,0.72
4/21/2019 16:00,7.5,0.46
4/21/2019 17:00,4.5,0.28
4/21/2019 18:00,3.25,0.2
4/21/2019 19:00,3.75,0.23
4/21/2019 20:00,0.5,0.03
4/21/2019 21:00,0.0,0.0
4/21/2019 22:00,0.0,0.0
4/21/2019 23:00,0.0,0.0
4/22/2019 0:00,0.0,0.0
4/22/2019 1:00,0.0,0.0
4/22/2019 2:00,0.0,0.0
4/22/2019 3:00,0.0,0.0
4/22/2019 4:00,0.0,0.0
4/22/2019 5:00,0.0,0.0
4/22/2019 6:00,0.0,0.0
4/22/2019 7:00,0.0,0.0
4/22/2019 8:00,0.5,0.03
4/22/2019 9:00,2.25,0.14
4/22/2019 10:00,5.25,0.32
4/22/2019 11:00,8.5,0.52
4/22/2019 12:00,10.5,0.64
4/22/2019 13:00,11.75,0.72
4/22/2019 14:00,13.25,0.81
4/22/2019 15:00,12.5,0.77
4/22/2019 16:00,10.25,0.63
4/22/2019 17:00,8.75,0.54
4/22/2019 18:00,6.75,0.41
4/22/2019 19:00,2.75,0.17
4/22/2019 20:00,0.5,0.03
4/22/2019 21:00,0.0,0.0
4/22/2019 22:00,0.0,0.0
4/22/2019 23:00,0.0,0.0
4/23/2019 0:00,0.0,0.0
4/23/2019 1:00,0.0,0.0
4/23/2019 2:00,0.0,0.0
4/23/2019 3:00,0.0,0.0
4/23/2019 4:00,0.0,0.0
4/23/2019 5:00,0.0,0.0
4/23/2019 6:00,0.0,0.0
4/23/2019 7:00,0.0,0.0
4/23/2019 8:00,0.5,0.03
4/23/2019 9:00,2.5,0.15
4/23/2019 10:00,5.75,0.35
4/23/2019 11:00,8.75,0.54
4/23/2019 12:00,9.0,0.55
4/23/2019 13:00,10.5,0.64
4/23/2019 14:00,9.5,0.58
4/23/2019 15:00,10.0,0.61
4/23/2019 16:00,9.5,0.58
4/23/2019 17:00,9.5,0.58
4/23/2019 18:00,5.25,0.32
4/23/2019 19:00,3.75,0.23
4/23/2019 20:00,1.0,0.06
4/23/2019 21:00,0.0,0.0
4/23/2019 22:00,0.0,0.0
4/23/2019 23:00,0.0,0.0
4/24/2019 0:00,0.0,0.0
4/24/2019 1:00,0.0,0.0
4/24/2019 2:00,0.0,0.0
4/24/2019 3:00,0.0,0.0
4/24/2019 4:00,0.0,0.0
4/24/2019 5:00,0.0,0.0
4/24/2019 6:00,0.0,0.0
4/24/2019 7:00,0.0,0.0
4/24/2019 8:00,0.25,0.02
4/24/2019 9:00,1.0,0.06
4/24/2019 10:00,3.75,0.23
4/24/2019 11:00,6.5,0.4
4/24/2019 12:00,6.5,0.4
4/24/2019 13:00,5.25,0.32
4/24/2019 14:00,6.25,0.38
4/24/2019 15:00,8.5,0.52
4/24/2019 16:00,5.0,0.31
4/24/2019 17:00,2.75,0.17
4/24/2019 18:00,2.5,0.15
4/24/2019 19:00,1.5,0.09
4/24/2019 20:00,0.25,0.02
4/24/2019 21:00,0.0,0.0
4/24/2019 22:00,0.0,0.0
4/24/2019 23:00,0.0,0.0
4/25/2019 0:00,0.0,0.0
4/25/2019 1:00,0.0,0.0
4/25/2019 2:00,0.0,0.0
4/25/2019 3:00,0.0,0.0
4/25/2019 4:00,0.0,0.0
4/25/2019 5:00,0.0,0.0
4/25/2019 6:00,0.0,0.0
4/25/2019 7:00,0.0,0.0
4/25/2019 8:00,0.5,0.03
4/25/2019 9:00,2.0,0.12
4/25/2019 10:00,4.75,0.29
4/25/2019 11:00,4.25,0.26
4/25/2019 12:00,6.5,0.4
4/25/2019 13:00,10.0,0.61
4/25/2019 14:00,12.25,0.75
4/25/2019 15:00,12.75,0.78
4/25/2019 16:00,10.0,0.61
4/25/2019 17:00,7.75,0.47
4/25/2019 18:00,7.25,0.44
4/25/2019 19:00,3.25,0.2
4/25/2019 20:00,0.5,0.03
4/25/2019 21:00,0.0,0.0
4/25/2019 22:00,0.0,0.0
4/25/2019 23:00,0.0,0.0
4/26/2019 0:00,0.0,0.0
4/26/2019 1:00,0.0,0.0
4/26/2019 2:00,0.0,0.0
4/26/2019 3:00,0.0,0.0
4/26/2019 4:00,0.0,0.0
4/26/2019 5:00,0.0,0.0
4/26/2019 6:00,0.0,0.0
4/26/2019 7:00,0.25,0.02
4/26/2019 8:00,0.5,0.03
4/26/2019 9:00,2.5,0.15
4/26/2019 10:00,6.0,0.37
4/26/2019 11:00,9.0,0.55
4/26/2019 12:00,11.75,0.72
4/26/2019 13:00,11.5,0.7
4/26/2019 14:00,13.0,0.8
4/26/2019 15:00,13.25,0.81
4/26/2019 16:00,12.5,0.77
4/26/2019 17:00,10.25,0.63
4/26/2019 18:00,7.5,0.46
4/26/2019 19:00,3.75,0.23
4/26/2019 20:00,0.75,0.05
4/26/2019 21:00,0.0,0.0
4/26/2019 22:00,0.0,0.0
4/26/2019 23:00,0.0,0.0
4/27/2019 0:00,0.0,0.0
4/27/2019 1:00,0.0,0.0
4/27/2019 2:00,0.0,0.0
4/27/2019 3:00,0.0,0.0
4/27/2019 4:00,0.0,0.0
4/27/2019 5:00,0.0,0.0
4/27/2019 6:00,0.0,0.0
4/27/2019 7:00,0.0,0.0
4/27/2019 8:00,0.5,0.03
4/27/2019 9:00,2.5,0.15
4/27/2019 10:00,6.0,0.37
4/27/2019 11:00,8.75,0.54
4/27/2019 12:00,11.0,0.67
4/27/2019 13:00,12.5,0.77
4/27/2019 14:00,12.75,0.78
4/27/2019 15:00,12.75,0.78
4/27/2019 16:00,11.5,0.7
4/27/2019 17:00,9.75,0.6
4/27/2019 18:00,7.25,0.44
4/27/2019 19:00,3.5,0.21
4/27/2019 20:00,0.75,0.05
4/27/2019 21:00,0.0,0.0
4/27/2019 22:00,0.0,0.0
4/27/2019 23:00,0.0,0.0
4/28/2019 0:00,0.0,0.0
4/28/2019 1:00,0.0,0.0
4/28/2019 2:00,0.0,0.0
4/28/2019 3:00,0.0,0.0
4/28/2019 4:00,0.0,0.0
4/28/2019 5:00,0.0,0.0
4/28/2019 6:00,0.0,0.0
4/28/2019 7:00,0.0,0.0
4/28/2019 8:00,0.5,0.03
4/28/2019 9:00,2.5,0.15
4/28/2019 10:00,5.5,0.34
4/28/2019 11:00,8.0,0.49
4/28/2019 12:00,10.75,0.66
4/28/2019 13:00,12.25,0.75
4/28/2019 14:00,12.5,0.77
4/28/2019 15:00,9.0,0.55
4/28/2019 16:00,10.0,0.61
4/28/2019 17:00,8.75,0.54
4/28/2019 18:00,5.0,0.31
4/28/2019 19:00,2.0,0.12
4/28/2019 20:00,0.75,0.05
4/28/2019 21:00,0.0,0.0
4/28/2019 22:00,0.0,0.0
4/28/2019 23:00,0.0,0.0
4/29/2019 0:00,0.0,0.0
4/29/2019 1:00,0.0,0.0
4/29/2019 2:00,0.0,0.0
4/29/2019 3:00,0.0,0.0
4/29/2019 4:00,0.0,0.0
4/29/2019 5:00,0.0,0.0
4/29/2019 6:00,0.0,0.0
4/29/2019 7:00,0.0,0.0
4/29/2019 8:00,0.5,0.03
4/29/2019 9:00,2.75,0.17
4/29/2019 10:00,5.75,0.35
4/29/2019 11:00,8.5,0.52
4/29/2019 12:00,10.75,0.66
4/29/2019 13:00,12.0,0.74
4/29/2019 14:00,12.5,0.77
4/29/2019 15:00,13.0,0.8
4/29/2019 16:00,12.0,0.74
4/29/2019 17:00,10.0,0.61
4/29/2019 18:00,7.25,0.44
4/29/2019 19:00,3.75,0.23
4/29/2019 20:00,0.75,0.05
4/29/2019 21:00,0.0,0.0
4/29/2019 22:00,0.0,0.0
4/29/2019 23:00,0.0,0.0
4/30/2019 0:00,0.0,0.0
4/30/2019 1:00,0.0,0.0
4/30/2019 2:00,0.0,0.0
4/30/2019 3:00,0.0,0.0
4/30/2019 4:00,0.0,0.0
4/30/2019 5:00,0.0,0.0
4/30/2019 6:00,0.0,0.0
4/30/2019 7:00,0.0,0.0
4/30/2019 8:00,0.5,0.03
4/30/2019 9:00,2.75,0.17
4/30/2019 10:00,5.5,0.34
4/30/2019 11:00,8.5,0.52
4/30/2019 12:00,11.25,0.69
4/30/2019 13:00,12.25,0.75
4/30/2019 14:00,13.25,0.81
4/30/2019 15:00,13.0,0.8
4/30/2019 16:00,11.75,0.72
4/30/2019 17:00,10.0,0.61
4/30/2019 18:00,7.0,0.43
4/30/2019 19:00,3.75,0.23
4/30/2019 20:00,0.75,0.05
4/30/2019 21:00,0.0,0.0
4/30/2019 22:00,0.0,0.0
4/30/2019 23:00,0.0,0.0
5/1/2019 0:00,0.0,0.0
5/1/2019 1:00,0.0,0.0
5/1/2019 2:00,0.0,0.0
5/1/2019 3:00,0.0,0.0
5/1/2019 4:00,0.0,0.0
5/1/2019 5:00,0.0,0.0
5/1/2019 6:00,0.0,0.0
5/1/2019 7:00,0.0,0.0
5/1/2019 8:00,0.75,0.05
5/1/2019 9:00,2.5,0.15
5/1/2019 10:00,5.5,0.34
5/1/2019 11:00,8.75,0.54
5/1/2019 12:00,10.5,0.64
5/1/2019 13:00,12.0,0.74
5/1/2019 14:00,13.25,0.81
5/1/2019 15:00,13.0,0.8
5/1/2019 16:00,12.0,0.74
5/1/2019 17:00,10.0,0.61
5/1/2019 18:00,7.0,0.43
5/1/2019 19:00,3.5,0.21
5/1/2019 20:00,1.0,0.06
5/1/2019 21:00,0.0,0.0
5/1/2019 22:00,0.0,0.0
5/1/2019 23:00,0.0,0.0
5/2/2019 0:00,0.0,0.0
5/2/2019 1:00,0.0,0.0
5/2/2019 2:00,0.0,0.0
5/2/2019 3:00,0.0,0.0
5/2/2019 4:00,0.0,0.0
5/2/2019 5:00,0.0,0.0
5/2/2019 6:00,0.0,0.0
5/2/2019 7:00,0.0,0.0
5/2/2019 8:00,0.5,0.03
5/2/2019 9:00,2.75,0.17
5/2/2019 10:00,5.75,0.35
5/2/2019 11:00,8.5,0.52
5/2/2019 12:00,10.5,0.64
5/2/2019 13:00,11.75,0.72
5/2/2019 14:00,12.75,0.78
5/2/2019 15:00,13.0,0.8
5/2/2019 16:00,11.75,0.72
5/2/2019 17:00,10.0,0.61
5/2/2019 18:00,7.0,0.43
5/2/2019 19:00,3.75,0.23
5/2/2019 20:00,0.75,0.05
5/2/2019 21:00,0.0,0.0
5/2/2019 22:00,0.0,0.0
5/2/2019 23:00,0.0,0.0
5/3/2019 0:00,0.0,0.0
5/3/2019 1:00,0.0,0.0
5/3/2019 2:00,0.0,0.0
5/3/2019 3:00,0.0,0.0
5/3/2019 4:00,0.0,0.0
5/3/2019 5:00,0.0,0.0
5/3/2019 6:00,0.0,0.0
5/3/2019 7:00,0.0,0.0
5/3/2019 8:00,0.75,0.05
5/3/2019 9:00,2.5,0.15
5/3/2019 10:00,5.5,0.34
5/3/2019 11:00,8.5,0.52
5/3/2019 12:00,10.5,0.64
5/3/2019 13:00,12.0,0.74
5/3/2019 14:00,12.5,0.77
5/3/2019 15:00,12.5,0.77
5/3/2019 16:00,11.0,0.67
5/3/2019 17:00,10.0,0.61
5/3/2019 18:00,7.0,0.43
5/3/2019 19:00,3.5,0.21
5/3/2019 20:00,0.75,0.05
5/3/2019 21:00,0.25,0.02
5/3/2019 22:00,0.0,0.0
5/3/2019 23:00,0.0,0.0
5/4/2019 0:00,0.0,0.0
5/4/2019 1:00,0.0,0.0
5/4/2019 2:00,0.0,0.0
5/4/2019 3:00,0.0,0.0
5/4/2019 4:00,0.0,0.0
5/4/2019 5:00,0.0,0.0
5/4/2019 6:00,0.0,0.0
5/4/2019 7:00,0.0,0.0
5/4/2019 8:00,0.5,0.03
5/4/2019 9:00,2.5,0.15
5/4/2019 10:00,5.0,0.31
5/4/2019 11:00,3.0,0.18
5/4/2019 12:00,4.25,0.26
5/4/2019 13:00,8.0,0.49
5/4/2019 14:00,11.25,0.69
5/4/2019 15:00,11.0,0.67
5/4/2019 16:00,9.25,0.57
5/4/2019 17:00,10.0,0.61
5/4/2019 18:00,6.5,0.4
5/4/2019 19:00,3.25,0.2
5/4/2019 20:00,1.0,0.06
5/4/2019 21:00,0.0,0.0
5/4/2019 22:00,0.0,0.0
5/4/2019 23:00,0.0,0.0
5/5/2019 0:00,0.0,0.0
5/5/2019 1:00,0.0,0.0
5/5/2019 2:00,0.0,0.0
5/5/2019 3:00,0.0,0.0
5/5/2019 4:00,0.0,0.0
5/5/2019 5:00,0.0,0.0
5/5/2019 6:00,0.0,0.0
5/5/2019 7:00,0.0,0.0
5/5/2019 8:00,0.75,0.05
5/5/2019 9:00,1.25,0.08
5/5/2019 10:00,2.75,0.17
5/5/2019 11:00,4.25,0.26
5/5/2019 12:00,9.75,0.6
5/5/2019 13:00,13.0,0.8
5/5/2019 14:00,13.5,0.83
5/5/2019 15:00,13.5,0.83
5/5/2019 16:00,12.25,0.75
5/5/2019 17:00,10.5,0.64
5/5/2019 18:00,7.5,0.46
5/5/2019 19:00,3.75,0.23
5/5/2019 20:00,0.75,0.05
5/5/2019 21:00,0.0,0.0
5/5/2019 22:00,0.0,0.0
5/5/2019 23:00,0.0,0.0
5/6/2019 0:00,0.0,0.0
5/6/2019 1:00,0.0,0.0
5/6/2019 2:00,0.0,0.0
5/6/2019 3:00,0.0,0.0
5/6/2019 4:00,0.0,0.0
5/6/2019 5:00,0.0,0.0
5/6/2019 6:00,0.0,0.0
5/6/2019 7:00,0.25,0.02
5/6/2019 8:00,0.75,0.05
5/6/2019 9:00,3.0,0.18
5/6/2019 10:00,5.0,0.31
5/6/2019 11:00,7.5,0.46
5/6/2019 12:00,10.25,0.63
5/6/2019 13:00,11.25,0.69
5/6/2019 14:00,13.0,0.8
5/6/2019 15:00,11.75,0.72
5/6/2019 16:00,12.0,0.74
5/6/2019 17:00,10.25,0.63
5/6/2019 18:00,7.25,0.44
5/6/2019 19:00,4.0,0.25
5/6/2019 20:00,0.75,0.05
5/6/2019 21:00,0.0,0.0
5/6/2019 22:00,0.0,0.0
5/6/2019 23:00,0.0,0.0
5/7/2019 0:00,0.0,0.0
5/7/2019 1:00,0.0,0.0
5/7/2019 2:00,0.0,0.0
5/7/2019 3:00,0.0,0.0
5/7/2019 4:00,0.0,0.0
5/7/2019 5:00,0.0,0.0
5/7/2019 6:00,0.0,0.0
5/7/2019 7:00,0.0,0.0
5/7/2019 8:00,0.75,0.05
5/7/2019 9:00,3.0,0.18
5/7/2019 10:00,6.0,0.37
5/7/2019 11:00,9.0,0.55
5/7/2019 12:00,11.25,0.69
5/7/2019 13:00,13.0,0.8
5/7/2019 14:00,13.5,0.83
5/7/2019 15:00,13.25,0.81
5/7/2019 16:00,12.0,0.74
5/7/2019 17:00,9.75,0.6
5/7/2019 18:00,6.75,0.41
5/7/2019 19:00,2.5,0.15
5/7/2019 20:00,1.0,0.06
5/7/2019 21:00,0.0,0.0
5/7/2019 22:00,0.0,0.0
5/7/2019 23:00,0.0,0.0
5/8/2019 0:00,0.0,0.0
5/8/2019 1:00,0.0,0.0
5/8/2019 2:00,0.0,0.0
5/8/2019 3:00,0.0,0.0
5/8/2019 4:00,0.0,0.0
5/8/2019 5:00,0.0,0.0
5/8/2019 6:00,0.0,0.0
5/8/2019 7:00,0.0,0.0
5/8/2019 8:00,1.0,0.06
5/8/2019 9:00,3.0,0.18
5/8/2019 10:00,5.0,0.31
5/8/2019 11:00,7.75,0.47
5/8/2019 12:00,9.75,0.6
5/8/2019 13:00,13.0,0.8
5/8/2019 14:00,12.75,0.78
5/8/2019 15:00,11.0,0.67
5/8/2019 16:00,11.25,0.69
5/8/2019 17:00,9.75,0.6
5/8/2019 18:00,7.25,0.44
5/8/2019 19:00,3.25,0.2
5/8/2019 20:00,1.0,0.06
5/8/2019 21:00,0.0,0.0
5/8/2019 22:00,0.0,0.0
5/8/2019 23:00,0.0,0.0
5/9/2019 0:00,0.0,0.0
5/9/2019 1:00,0.0,0.0
5/9/2019 2:00,0.0,0.0
5/9/2019 3:00,0.0,0.0
5/9/2019 4:00,0.0,0.0
5/9/2019 5:00,0.0,0.0
5/9/2019 6:00,0.0,0.0
5/9/2019 7:00,0.0,0.0
5/9/2019 8:00,0.75,0.05
5/9/2019 9:00,2.25,0.14
5/9/2019 10:00,3.5,0.21
5/9/2019 11:00,3.75,0.23
5/9/2019 12:00,3.0,0.18
5/9/2019 13:00,2.75,0.17
5/9/2019 14:00,4.75,0.29
5/9/2019 15:00,6.75,0.41
5/9/2019 16:00,4.25,0.26
5/9/2019 17:00,6.5,0.4
5/9/2019 18:00,5.75,0.35
5/9/2019 19:00,3.5,0.21
5/9/2019 20:00,0.75,0.05
5/9/2019 21:00,0.0,0.0
5/9/2019 22:00,0.0,0.0
5/9/2019 23:00,0.0,0.0
5/10/2019 0:00,0.0,0.0
5/10/2019 1:00,0.0,0.0
5/10/2019 2:00,0.0,0.0
5/10/2019 3:00,0.0,0.0
5/10/2019 4:00,0.0,0.0
5/10/2019 5:00,0.0,0.0
5/10/2019 6:00,0.0,0.0
5/10/2019 7:00,0.25,0.02
5/10/2019 8:00,0.75,0.05
5/10/2019 9:00,3.25,0.2
5/10/2019 10:00,5.5,0.34
5/10/2019 11:00,7.0,0.43
5/10/2019 12:00,6.25,0.38
5/10/2019 13:00,9.0,0.55
5/10/2019 14:00,12.25,0.75
5/10/2019 15:00,12.0,0.74
5/10/2019 16:00,10.0,0.61
5/10/2019 17:00,9.75,0.6
5/10/2019 18:00,7.25,0.44
5/10/2019 19:00,3.25,0.2
5/10/2019 20:00,1.0,0.06
5/10/2019 21:00,0.0,0.0
5/10/2019 22:00,0.0,0.0
5/10/2019 23:00,0.0,0.0
5/11/2019 0:00,0.0,0.0
5/11/2019 1:00,0.0,0.0
5/11/2019 2:00,0.0,0.0
5/11/2019 3:00,0.0,0.0
5/11/2019 4:00,0.0,0.0
5/11/2019 5:00,0.0,0.0
5/11/2019 6:00,0.0,0.0
5/11/2019 7:00,0.0,0.0
5/11/2019 8:00,0.75,0.05
5/11/2019 9:00,3.25,0.2
5/11/2019 10:00,6.0,0.37
5/11/2019 11:00,9.0,0.55
5/11/2019 12:00,11.0,0.67
5/11/2019 13:00,11.75,0.72
5/11/2019 14:00,12.75,0.78
5/11/2019 15:00,12.25,0.75
5/11/2019 16:00,11.5,0.7
5/11/2019 17:00,9.75,0.6
5/11/2019 18:00,7.25,0.44
5/11/2019 19:00,3.5,0.21
5/11/2019 20:00,0.75,0.05
5/11/2019 21:00,0.25,0.02
5/11/2019 22:00,0.0,0.0
5/11/2019 23:00,0.0,0.0
5/12/2019 0:00,0.0,0.0
5/12/2019 1:00,0.0,0.0
5/12/2019 2:00,0.0,0.0
5/12/2019 3:00,0.0,0.0
5/12/2019 4:00,0.0,0.0
5/12/2019 5:00,0.0,0.0
5/12/2019 6:00,0.0,0.0
5/12/2019 7:00,0.0,0.0
5/12/2019 8:00,0.75,0.05
5/12/2019 9:00,3.0,0.18
5/12/2019 10:00,6.0,0.37
5/12/2019 11:00,9.0,0.55
5/12/2019 12:00,10.75,0.66
5/12/2019 13:00,12.0,0.74
5/12/2019 14:00,12.5,0.77
5/12/2019 15:00,12.25,0.75
5/12/2019 16:00,11.25,0.69
5/12/2019 17:00,9.75,0.6
5/12/2019 18:00,7.25,0.44
5/12/2019 19:00,3.5,0.21
5/12/2019 20:00,0.75,0.05
5/12/2019 21:00,0.0,0.0
5/12/2019 22:00,0.0,0.0
5/12/2019 23:00,0.0,0.0
5/13/2019 0:00,0.0,0.0
5/13/2019 1:00,0.0,0.0
5/13/2019 2:00,0.0,0.0
5/13/2019 3:00,0.0,0.0
5/13/2019 4:00,0.0,0.0
5/13/2019 5:00,0.0,0.0
5/13/2019 6:00,0.0,0.0
5/13/2019 7:00,0.25,0.02
5/13/2019 8:00,0.75,0.05
5/13/2019 9:00,3.0,0.18
5/13/2019 10:00,6.25,0.38
5/13/2019 11:00,8.75,0.54
5/13/2019 12:00,10.75,0.66
5/13/2019 13:00,11.75,0.72
5/13/2019 14:00,12.5,0.77
5/13/2019 15:00,12.25,0.75
5/13/2019 16:00,11.25,0.69
5/13/2019 17:00,9.75,0.6
5/13/2019 18:00,7.25,0.44
5/13/2019 19:00,3.0,0.18
5/13/2019 20:00,1.0,0.06
5/13/2019 21:00,0.25,0.02
5/13/2019 22:00,0.0,0.0
5/13/2019 23:00,0.0,0.0
5/14/2019 0:00,0.0,0.0
5/14/2019 1:00,0.0,0.0
5/14/2019 2:00,0.0,0.0
5/14/2019 3:00,0.0,0.0
5/14/2019 4:00,0.0,0.0
5/14/2019 5:00,0.0,0.0
5/14/2019 6:00,0.0,0.0
5/14/2019 7:00,0.0,0.0
5/14/2019 8:00,0.75,0.05
5/14/2019 9:00,3.25,0.2
5/14/2019 10:00,6.25,0.38
5/14/2019 11:00,9.0,0.55
5/14/2019 12:00,10.75,0.66
5/14/2019 13:00,12.25,0.75
5/14/2019 14:00,12.5,0.77
5/14/2019 15:00,12.5,0.77
5/14/2019 16:00,11.5,0.7
5/14/2019 17:00,10.0,0.61
5/14/2019 18:00,7.25,0.44
5/14/2019 19:00,3.5,0.21
5/14/2019 20:00,1.0,0.06
5/14/2019 21:00,0.0,0.0
5/14/2019 22:00,0.0,0.0
5/14/2019 23:00,0.0,0.0
5/15/2019 0:00,0.0,0.0
5/15/2019 1:00,0.0,0.0
5/15/2019 2:00,0.0,0.0
5/15/2019 3:00,0.0,0.0
5/15/2019 4:00,0.0,0.0
5/15/2019 5:00,0.0,0.0
5/15/2019 6:00,0.0,0.0
5/15/2019 7:00,0.0,0.0
5/15/2019 8:00,1.0,0.06
5/15/2019 9:00,3.0,0.18
5/15/2019 10:00,6.25,0.38
5/15/2019 11:00,9.0,0.55
5/15/2019 12:00,11.0,0.67
5/15/2019 13:00,12.5,0.77
5/15/2019 14:00,13.25,0.81
5/15/2019 15:00,12.75,0.78
5/15/2019 16:00,12.0,0.74
5/15/2019 17:00,10.0,0.61
5/15/2019 18:00,7.0,0.43
5/15/2019 19:00,3.5,0.21
5/15/2019 20:00,1.0,0.06
5/15/2019 21:00,0.0,0.0
5/15/2019 22:00,0.0,0.0
5/15/2019 23:00,0.0,0.0
5/16/2019 0:00,0.0,0.0
5/16/2019 1:00,0.0,0.0
5/16/2019 2:00,0.0,0.0
5/16/2019 3:00,0.0,0.0
5/16/2019 4:00,0.0,0.0
5/16/2019 5:00,0.0,0.0
5/16/2019 6:00,0.0,0.0
5/16/2019 7:00,0.25,0.02
5/16/2019 8:00,0.75,0.05
5/16/2019 9:00,3.25,0.2
5/16/2019 10:00,6.25,0.38
5/16/2019 11:00,8.75,0.54
5/16/2019 12:00,10.75,0.66
5/16/2019 13:00,10.75,0.66
5/16/2019 14:00,12.0,0.74
5/16/2019 15:00,12.25,0.75
5/16/2019 16:00,11.25,0.69
5/16/2019 17:00,9.75,0.6
5/16/2019 18:00,7.25,0.44
5/16/2019 19:00,3.75,0.23
5/16/2019 20:00,0.75,0.05
5/16/2019 21:00,0.0,0.0
5/16/2019 22:00,0.0,0.0
5/16/2019 23:00,0.0,0.0
5/17/2019 0:00,0.0,0.0
5/17/2019 1:00,0.0,0.0
5/17/2019 2:00,0.0,0.0
5/17/2019 3:00,0.0,0.0
5/17/2019 4:00,0.0,0.0
5/17/2019 5:00,0.0,0.0
5/17/2019 6:00,0.0,0.0
5/17/2019 7:00,0.25,0.02
5/17/2019 8:00,1.0,0.06
5/17/2019 9:00,3.25,0.2
5/17/2019 10:00,5.5,0.34
5/17/2019 11:00,8.75,0.54
5/17/2019 12:00,8.75,0.54
5/17/2019 13:00,9.75,0.6
5/17/2019 14:00,13.0,0.8
5/17/2019 15:00,12.75,0.78
5/17/2019 16:00,10.25,0.63
5/17/2019 17:00,9.0,0.55
5/17/2019 18:00,7.25,0.44
5/17/2019 19:00,3.75,0.23
5/17/2019 20:00,1.0,0.06
5/17/2019 21:00,0.0,0.0
5/17/2019 22:00,0.0,0.0
5/17/2019 23:00,0.0,0.0
5/18/2019 0:00,0.0,0.0
5/18/2019 1:00,0.0,0.0
5/18/2019 2:00,0.0,0.0
5/18/2019 3:00,0.0,0.0
5/18/2019 4:00,0.0,0.0
5/18/2019 5:00,0.0,0.0
5/18/2019 6:00,0.0,0.0
5/18/2019 7:00,0.25,0.02
5/18/2019 8:00,1.0,0.06
5/18/2019 9:00,3.5,0.21
5/18/2019 10:00,6.0,0.37
5/18/2019 11:00,8.25,0.51
5/18/2019 12:00,10.5,0.64
5/18/2019 13:00,11.75,0.72
5/18/2019 14:00,12.5,0.77
5/18/2019 15:00,11.75,0.72
5/18/2019 16:00,11.25,0.69
5/18/2019 17:00,9.25,0.57
5/18/2019 18:00,6.5,0.4
5/18/2019 19:00,3.5,0.21
5/18/2019 20:00,1.25,0.08
5/18/2019 21:00,0.25,0.02
5/18/2019 22:00,0.0,0.0
5/18/2019 23:00,0.0,0.0
5/19/2019 0:00,0.0,0.0
5/19/2019 1:00,0.0,0.0
5/19/2019 2:00,0.0,0.0
5/19/2019 3:00,0.0,0.0
5/19/2019 4:00,0.0,0.0
5/19/2019 5:00,0.0,0.0
5/19/2019 6:00,0.0,0.0
5/19/2019 7:00,0.0,0.0
5/19/2019 8:00,0.75,0.05
5/19/2019 9:00,2.75,0.17
5/19/2019 10:00,4.0,0.25
5/19/2019 11:00,6.0,0.37
5/19/2019 12:00,10.0,0.61
5/19/2019 13:00,12.0,0.74
5/19/2019 14:00,9.5,0.58
5/19/2019 15:00,9.25,0.57
5/19/2019 16:00,9.25,0.57
5/19/2019 17:00,8.75,0.54
5/19/2019 18:00,2.0,0.12
5/19/2019 19:00,2.5,0.15
5/19/2019 20:00,1.0,0.06
5/19/2019 21:00,0.25,0.02
5/19/2019 22:00,0.0,0.0
5/19/2019 23:00,0.0,0.0
5/20/2019 0:00,0.0,0.0
5/20/2019 1:00,0.0,0.0
5/20/2019 2:00,0.0,0.0
5/20/2019 3:00,0.0,0.0
5/20/2019 4:00,0.0,0.0
5/20/2019 5:00,0.0,0.0
5/20/2019 6:00,0.0,0.0
5/20/2019 7:00,0.0,0.0
5/20/2019 8:00,0.75,0.05
5/20/2019 9:00,3.5,0.21
5/20/2019 10:00,6.25,0.38
5/20/2019 11:00,9.0,0.55
5/20/2019 12:00,11.25,0.69
5/20/2019 13:00,13.0,0.8
5/20/2019 14:00,13.25,0.81
5/20/2019 15:00,13.5,0.83
5/20/2019 16:00,12.25,0.75
5/20/2019 17:00,10.5,0.64
5/20/2019 18:00,7.0,0.43
5/20/2019 19:00,4.25,0.26
5/20/2019 20:00,1.0,0.06
5/20/2019 21:00,0.25,0.02
5/20/2019 22:00,0.0,0.0
5/20/2019 23:00,0.0,0.0
5/21/2019 0:00,0.0,0.0
5/21/2019 1:00,0.0,0.0
5/21/2019 2:00,0.0,0.0
5/21/2019 3:00,0.0,0.0
5/21/2019 4:00,0.0,0.0
5/21/2019 5:00,0.0,0.0
5/21/2019 6:00,0.0,0.0
5/21/2019 7:00,0.0,0.0
5/21/2019 8:00,1.0,0.06
5/21/2019 9:00,3.25,0.2
5/21/2019 10:00,6.5,0.4
5/21/2019 11:00,8.5,0.52
5/21/2019 12:00,11.0,0.67
5/21/2019 13:00,12.25,0.75
5/21/2019 14:00,11.5,0.7
5/21/2019 15:00,12.5,0.77
5/21/2019 16:00,12.25,0.75
5/21/2019 17:00,9.75,0.6
5/21/2019 18:00,7.25,0.44
5/21/2019 19:00,4.0,0.25
5/21/2019 20:00,1.0,0.06
5/21/2019 21:00,0.25,0.02
5/21/2019 22:00,0.0,0.0
5/21/2019 23:00,0.0,0.0
5/22/2019 0:00,0.0,0.0
5/22/2019 1:00,0.0,0.0
5/22/2019 2:00,0.0,0.0
5/22/2019 3:00,0.0,0.0
5/22/2019 4:00,0.0,0.0
5/22/2019 5:00,0.0,0.0
5/22/2019 6:00,0.0,0.0
5/22/2019 7:00,0.0,0.0
5/22/2019 8:00,1.0,0.06
5/22/2019 9:00,3.25,0.2
5/22/2019 10:00,6.25,0.38
5/22/2019 11:00,8.75,0.54
5/22/2019 12:00,10.75,0.66
5/22/2019 13:00,12.25,0.75
5/22/2019 14:00,12.75,0.78
5/22/2019 15:00,12.75,0.78
5/22/2019 16:00,12.0,0.74
5/22/2019 17:00,10.25,0.63
5/22/2019 18:00,7.5,0.46
5/22/2019 19:00,4.0,0.25
5/22/2019 20:00,1.0,0.06
5/22/2019 21:00,0.0,0.0
5/22/2019 22:00,0.0,0.0
5/22/2019 23:00,0.0,0.0
5/23/2019 0:00,0.0,0.0
5/23/2019 1:00,0.0,0.0
5/23/2019 2:00,0.0,0.0
5/23/2019 3:00,0.0,0.0
5/23/2019 4:00,0.0,0.0
5/23/2019 5:00,0.0,0.0
5/23/2019 6:00,0.0,0.0
5/23/2019 7:00,0.25,0.02
5/23/2019 8:00,1.0,0.06
5/23/2019 9:00,3.0,0.18
5/23/2019 10:00,5.75,0.35
5/23/2019 11:00,8.75,0.54
5/23/2019 12:00,11.0,0.67
5/23/2019 13:00,12.0,0.74
5/23/2019 14:00,12.75,0.78
5/23/2019 15:00,12.75,0.78
5/23/2019 16:00,11.75,0.72
5/23/2019 17:00,9.5,0.58
5/23/2019 18:00,6.0,0.37
5/23/2019 19:00,3.75,0.23
5/23/2019 20:00,1.25,0.08
5/23/2019 21:00,0.0,0.0
5/23/2019 22:00,0.0,0.0
5/23/2019 23:00,0.0,0.0
5/24/2019 0:00,0.0,0.0
5/24/2019 1:00,0.0,0.0
5/24/2019 2:00,0.0,0.0
5/24/2019 3:00,0.0,0.0
5/24/2019 4:00,0.0,0.0
5/24/2019 5:00,0.0,0.0
5/24/2019 6:00,0.0,0.0
5/24/2019 7:00,0.25,0.02
5/24/2019 8:00,0.75,0.05
5/24/2019 9:00,3.25,0.2
5/24/2019 10:00,6.0,0.37
5/24/2019 11:00,9.0,0.55
5/24/2019 12:00,11.0,0.67
5/24/2019 13:00,12.0,0.74
5/24/2019 14:00,12.25,0.75
5/24/2019 15:00,12.0,0.74
5/24/2019 16:00,11.25,0.69
5/24/2019 17:00,8.75,0.54
5/24/2019 18:00,6.5,0.4
5/24/2019 19:00,3.5,0.21
5/24/2019 20:00,1.25,0.08
5/24/2019 21:00,0.25,0.02
5/24/2019 22:00,0.0,0.0
5/24/2019 23:00,0.0,0.0
5/25/2019 0:00,0.0,0.0
5/25/2019 1:00,0.0,0.0
5/25/2019 2:00,0.0,0.0
5/25/2019 3:00,0.0,0.0
5/25/2019 4:00,0.0,0.0
5/25/2019 5:00,0.0,0.0
5/25/2019 6:00,0.0,0.0
5/25/2019 7:00,0.0,0.0
5/25/2019 8:00,1.0,0.06
5/25/2019 9:00,3.0,0.18
5/25/2019 10:00,6.0,0.37
5/25/2019 11:00,8.5,0.52
5/25/2019 12:00,10.75,0.66
5/25/2019 13:00,11.5,0.7
5/25/2019 14:00,12.5,0.77
5/25/2019 15:00,12.5,0.77
5/25/2019 16:00,11.75,0.72
5/25/2019 17:00,9.75,0.6
5/25/2019 18:00,7.25,0.44
5/25/2019 19:00,4.0,0.25
5/25/2019 20:00,1.0,0.06
5/25/2019 21:00,0.0,0.0
5/25/2019 22:00,0.0,0.0
5/25/2019 23:00,0.0,0.0
5/26/2019 0:00,0.0,0.0
5/26/2019 1:00,0.0,0.0
5/26/2019 2:00,0.0,0.0
5/26/2019 3:00,0.0,0.0
5/26/2019 4:00,0.0,0.0
5/26/2019 5:00,0.0,0.0
5/26/2019 6:00,0.0,0.0
5/26/2019 7:00,0.25,0.02
5/26/2019 8:00,1.0,0.06
5/26/2019 9:00,3.25,0.2
5/26/2019 10:00,6.25,0.38
5/26/2019 11:00,8.75,0.54
5/26/2019 12:00,11.0,0.67
5/26/2019 13:00,12.0,0.74
5/26/2019 14:00,12.75,0.78
5/26/2019 15:00,12.75,0.78
5/26/2019 16:00,11.75,0.72
5/26/2019 17:00,10.25,0.63
5/26/2019 18:00,7.5,0.46
5/26/2019 19:00,3.75,0.23
5/26/2019 20:00,1.25,0.08
5/26/2019 21:00,0.0,0.0
5/26/2019 22:00,0.0,0.0
5/26/2019 23:00,0.0,0.0
5/27/2019 0:00,0.0,0.0
5/27/2019 1:00,0.0,0.0
5/27/2019 2:00,0.0,0.0
5/27/2019 3:00,0.0,0.0
5/27/2019 4:00,0.0,0.0
5/27/2019 5:00,0.0,0.0
5/27/2019 6:00,0.0,0.0
5/27/2019 7:00,0.25,0.02
5/27/2019 8:00,1.0,0.06
5/27/2019 9:00,3.25,0.2
5/27/2019 10:00,6.25,0.38
5/27/2019 11:00,8.75,0.54
5/27/2019 12:00,11.0,0.67
5/27/2019 13:00,12.25,0.75
5/27/2019 14:00,12.75,0.78
5/27/2019 15:00,12.5,0.77
5/27/2019 16:00,10.5,0.64
5/27/2019 17:00,9.0,0.55
5/27/2019 18:00,7.25,0.44
5/27/2019 19:00,4.0,0.25
5/27/2019 20:00,1.0,0.06
5/27/2019 21:00,0.0,0.0
5/27/2019 22:00,0.0,0.0
5/27/2019 23:00,0.0,0.0
5/28/2019 0:00,0.0,0.0
5/28/2019 1:00,0.0,0.0
5/28/2019 2:00,0.0,0.0
5/28/2019 3:00,0.0,0.0
5/28/2019 4:00,0.0,0.0
5/28/2019 5:00,0.0,0.0
5/28/2019 6:00,0.0,0.0
5/28/2019 7:00,0.25,0.02
5/28/2019 8:00,1.0,0.06
5/28/2019 9:00,3.25,0.2
5/28/2019 10:00,6.0,0.37
5/28/2019 11:00,8.75,0.54
5/28/2019 12:00,10.5,0.64
5/28/2019 13:00,12.0,0.74
5/28/2019 14:00,12.25,0.75
5/28/2019 15:00,12.25,0.75
5/28/2019 16:00,11.75,0.72
5/28/2019 17:00,9.75,0.6
5/28/2019 18:00,7.25,0.44
5/28/2019 19:00,4.0,0.25
5/28/2019 20:00,1.25,0.08
5/28/2019 21:00,0.0,0.0
5/28/2019 22:00,0.0,0.0
5/28/2019 23:00,0.0,0.0
5/29/2019 0:00,0.0,0.0
5/29/2019 1:00,0.0,0.0
5/29/2019 2:00,0.0,0.0
5/29/2019 3:00,0.0,0.0
5/29/2019 4:00,0.0,0.0
5/29/2019 5:00,0.0,0.0
5/29/2019 6:00,0.0,0.0
5/29/2019 7:00,0.0,0.0
5/29/2019 8:00,1.0,0.06
5/29/2019 9:00,3.25,0.2
5/29/2019 10:00,6.25,0.38
5/29/2019 11:00,8.5,0.52
5/29/2019 12:00,10.5,0.64
5/29/2019 13:00,11.5,0.7
5/29/2019 14:00,12.25,0.75
5/29/2019 15:00,12.0,0.74
5/29/2019 16:00,11.25,0.69
5/29/2019 17:00,9.75,0.6
5/29/2019 18:00,7.25,0.44
5/29/2019 19:00,4.0,0.25
5/29/2019 20:00,1.0,0.06
5/29/2019 21:00,0.25,0.02
5/29/2019 22:00,0.0,0.0
5/29/2019 23:00,0.0,0.0
5/30/2019 0:00,0.0,0.0
5/30/2019 1:00,0.0,0.0
5/30/2019 2:00,0.0,0.0
5/30/2019 3:00,0.0,0.0
5/30/2019 4:00,0.0,0.0
5/30/2019 5:00,0.0,0.0
5/30/2019 6:00,0.0,0.0
5/30/2019 7:00,0.0,0.0
5/30/2019 8:00,1.0,0.06
5/30/2019 9:00,3.5,0.21
5/30/2019 10:00,6.25,0.38
5/30/2019 11:00,8.75,0.54
5/30/2019 12:00,11.0,0.67
5/30/2019 13:00,11.75,0.72
5/30/2019 14:00,12.25,0.75
5/30/2019 15:00,12.0,0.74
5/30/2019 16:00,11.25,0.69
5/30/2019 17:00,9.75,0.6
5/30/2019 18:00,7.25,0.44
5/30/2019 19:00,4.5,0.28
5/30/2019 20:00,1.25,0.08
5/30/2019 21:00,0.0,0.0
5/30/2019 22:00,0.0,0.0
5/30/2019 23:00,0.0,0.0
5/31/2019 0:00,0.0,0.0
5/31/2019 1:00,0.0,0.0
5/31/2019 2:00,0.0,0.0
5/31/2019 3:00,0.0,0.0
5/31/2019 4:00,0.0,0.0
5/31/2019 5:00,0.0,0.0
5/31/2019 6:00,0.0,0.0
5/31/2019 7:00,0.25,0.02
5/31/2019 8:00,0.75,0.05
5/31/2019 9:00,3.5,0.21
5/31/2019 10:00,6.5,0.4
5/31/2019 11:00,9.0,0.55
5/31/2019 12:00,10.75,0.66
5/31/2019 13:00,11.75,0.72
5/31/2019 14:00,12.25,0.75
5/31/2019 15:00,12.0,0.74
5/31/2019 16:00,11.25,0.69
5/31/2019 17:00,9.75,0.6
5/31/2019 18:00,7.25,0.44
5/31/2019 19:00,4.5,0.28
5/31/2019 20:00,1.0,0.06
5/31/2019 21:00,0.25,0.02
5/31/2019 22:00,0.0,0.0
5/31/2019 23:00,0.0,0.0
6/1/2019 0:00,0.0,0.0
6/1/2019 1:00,0.0,0.0
6/1/2019 2:00,0.0,0.0
6/1/2019 3:00,0.0,0.0
6/1/2019 4:00,0.0,0.0
6/1/2019 5:00,0.0,0.0
6/1/2019 6:00,0.0,0.0
6/1/2019 7:00,0.0,0.0
6/1/2019 8:00,1.0,0.06
6/1/2019 9:00,3.5,0.21
6/1/2019 10:00,6.0,0.37
6/1/2019 11:00,9.0,0.55
6/1/2019 12:00,10.75,0.66
6/1/2019 13:00,12.0,0.74
6/1/2019 14:00,12.25,0.75
6/1/2019 15:00,12.0,0.74
6/1/2019 16:00,11.5,0.7
6/1/2019 17:00,9.75,0.6
6/1/2019 18:00,6.0,0.37
6/1/2019 19:00,3.25,0.2
6/1/2019 20:00,1.25,0.08
6/1/2019 21:00,0.0,0.0
6/1/2019 22:00,0.0,0.0
6/1/2019 23:00,0.0,0.0
6/2/2019 0:00,0.0,0.0
6/2/2019 1:00,0.0,0.0
6/2/2019 2:00,0.0,0.0
6/2/2019 3:00,0.0,0.0
6/2/2019 4:00,0.0,0.0
6/2/2019 5:00,0.0,0.0
6/2/2019 6:00,0.0,0.0
6/2/2019 7:00,0.25,0.02
6/2/2019 8:00,0.75,0.05
6/2/2019 9:00,2.75,0.17
6/2/2019 10:00,6.0,0.37
6/2/2019 11:00,8.5,0.52
6/2/2019 12:00,10.5,0.64
6/2/2019 13:00,11.5,0.7
6/2/2019 14:00,12.0,0.74
6/2/2019 15:00,12.0,0.74
6/2/2019 16:00,11.25,0.69
6/2/2019 17:00,9.75,0.6
6/2/2019 18:00,7.25,0.44
6/2/2019 19:00,4.5,0.28
6/2/2019 20:00,1.0,0.06
6/2/2019 21:00,0.25,0.02
6/2/2019 22:00,0.0,0.0
6/2/2019 23:00,0.0,0.0
6/3/2019 0:00,0.0,0.0
6/3/2019 1:00,0.0,0.0
6/3/2019 2:00,0.0,0.0
6/3/2019 3:00,0.0,0.0
6/3/2019 4:00,0.0,0.0
6/3/2019 5:00,0.0,0.0
6/3/2019 6:00,0.0,0.0
6/3/2019 7:00,0.25,0.02
6/3/2019 8:00,0.75,0.05
6/3/2019 9:00,3.25,0.2
6/3/2019 10:00,5.75,0.35
6/3/2019 11:00,8.5,0.52
6/3/2019 12:00,10.25,0.63
6/3/2019 13:00,11.75,0.72
6/3/2019 14:00,12.5,0.77
6/3/2019 15:00,12.5,0.77
6/3/2019 16:00,11.5,0.7
6/3/2019 17:00,9.5,0.58
6/3/2019 18:00,7.0,0.43
6/3/2019 19:00,4.0,0.25
6/3/2019 20:00,1.25,0.08
6/3/2019 21:00,0.25,0.02
6/3/2019 22:00,0.0,0.0
6/3/2019 23:00,0.0,0.0
6/4/2019 0:00,0.0,0.0
6/4/2019 1:00,0.0,0.0
6/4/2019 2:00,0.0,0.0
6/4/2019 3:00,0.0,0.0
6/4/2019 4:00,0.0,0.0
6/4/2019 5:00,0.0,0.0
6/4/2019 6:00,0.0,0.0
6/4/2019 7:00,0.25,0.02
6/4/2019 8:00,1.0,0.06
6/4/2019 9:00,3.25,0.2
6/4/2019 10:00,6.0,0.37
6/4/2019 11:00,8.5,0.52
6/4/2019 12:00,10.75,0.66
6/4/2019 13:00,12.5,0.77
6/4/2019 14:00,12.75,0.78
6/4/2019 15:00,11.5,0.7
6/4/2019 16:00,5.0,0.31
6/4/2019 17:00,7.25,0.44
6/4/2019 18:00,6.75,0.41
6/4/2019 19:00,3.5,0.21
6/4/2019 20:00,1.5,0.09
6/4/2019 21:00,0.25,0.02
6/4/2019 22:00,0.0,0.0
6/4/2019 23:00,0.0,0.0
6/5/2019 0:00,0.0,0.0
6/5/2019 1:00,0.0,0.0
6/5/2019 2:00,0.0,0.0
6/5/2019 3:00,0.0,0.0
6/5/2019 4:00,0.0,0.0
6/5/2019 5:00,0.0,0.0
6/5/2019 6:00,0.0,0.0
6/5/2019 7:00,0.0,0.0
6/5/2019 8:00,1.25,0.08
6/5/2019 9:00,3.5,0.21
6/5/2019 10:00,6.25,0.38
6/5/2019 11:00,8.25,0.51
6/5/2019 12:00,9.75,0.6
6/5/2019 13:00,10.5,0.64
6/5/2019 14:00,12.25,0.75
6/5/2019 15:00,12.0,0.74
6/5/2019 16:00,9.25,0.57
6/5/2019 17:00,9.5,0.58
6/5/2019 18:00,7.5,0.46
6/5/2019 19:00,4.5,0.28
6/5/2019 20:00,1.25,0.08
6/5/2019 21:00,0.25,0.02
6/5/2019 22:00,0.0,0.0
6/5/2019 23:00,0.0,0.0
6/6/2019 0:00,0.0,0.0
6/6/2019 1:00,0.0,0.0
6/6/2019 2:00,0.0,0.0
6/6/2019 3:00,0.0,0.0
6/6/2019 4:00,0.0,0.0
6/6/2019 5:00,0.0,0.0
6/6/2019 6:00,0.0,0.0
6/6/2019 7:00,0.0,0.0
6/6/2019 8:00,1.0,0.06
6/6/2019 9:00,3.5,0.21
6/6/2019 10:00,6.25,0.38
6/6/2019 11:00,9.0,0.55
6/6/2019 12:00,11.25,0.69
6/6/2019 13:00,12.5,0.77
6/6/2019 14:00,13.5,0.83
6/6/2019 15:00,13.0,0.8
6/6/2019 16:00,12.0,0.74
6/6/2019 17:00,10.25,0.63
6/6/2019 18:00,7.75,0.47
6/6/2019 19:00,4.0,0.25
6/6/2019 20:00,1.5,0.09
6/6/2019 21:00,0.0,0.0
6/6/2019 22:00,0.0,0.0
6/6/2019 23:00,0.0,0.0
6/7/2019 0:00,0.0,0.0
6/7/2019 1:00,0.0,0.0
6/7/2019 2:00,0.0,0.0
6/7/2019 3:00,0.0,0.0
6/7/2019 4:00,0.0,0.0
6/7/2019 5:00,0.0,0.0
6/7/2019 6:00,0.0,0.0
6/7/2019 7:00,0.25,0.02
6/7/2019 8:00,1.0,0.06
6/7/2019 9:00,3.5,0.21
6/7/2019 10:00,6.25,0.38
6/7/2019 11:00,9.25,0.57
6/7/2019 12:00,11.25,0.69
6/7/2019 13:00,12.25,0.75
6/7/2019 14:00,12.75,0.78
6/7/2019 15:00,13.0,0.8
6/7/2019 16:00,12.0,0.74
6/7/2019 17:00,10.25,0.63
6/7/2019 18:00,7.75,0.47
6/7/2019 19:00,4.5,0.28
6/7/2019 20:00,1.25,0.08
6/7/2019 21:00,0.25,0.02
6/7/2019 22:00,0.0,0.0
6/7/2019 23:00,0.0,0.0
6/8/2019 0:00,0.0,0.0
6/8/2019 1:00,0.0,0.0
6/8/2019 2:00,0.0,0.0
6/8/2019 3:00,0.0,0.0
6/8/2019 4:00,0.0,0.0
6/8/2019 5:00,0.0,0.0
6/8/2019 6:00,0.0,0.0
6/8/2019 7:00,0.0,0.0
6/8/2019 8:00,1.25,0.08
6/8/2019 9:00,3.25,0.2
6/8/2019 10:00,6.5,0.4
6/8/2019 11:00,8.75,0.54
6/8/2019 12:00,10.5,0.64
6/8/2019 13:00,12.25,0.75
6/8/2019 14:00,12.75,0.78
6/8/2019 15:00,12.25,0.75
6/8/2019 16:00,12.0,0.74
6/8/2019 17:00,10.5,0.64
6/8/2019 18:00,7.5,0.46
6/8/2019 19:00,4.5,0.28
6/8/2019 20:00,1.5,0.09
6/8/2019 21:00,0.25,0.02
6/8/2019 22:00,0.0,0.0
6/8/2019 23:00,0.0,0.0
6/9/2019 0:00,0.0,0.0
6/9/2019 1:00,0.0,0.0
6/9/2019 2:00,0.0,0.0
6/9/2019 3:00,0.0,0.0
6/9/2019 4:00,0.0,0.0
6/9/2019 5:00,0.0,0.0
6/9/2019 6:00,0.0,0.0
6/9/2019 7:00,0.0,0.0
6/9/2019 8:00,1.0,0.06
6/9/2019 9:00,3.75,0.23
6/9/2019 10:00,6.25,0.38
6/9/2019 11:00,9.0,0.55
6/9/2019 12:00,10.75,0.66
6/9/2019 13:00,12.25,0.75
6/9/2019 14:00,13.0,0.8
6/9/2019 15:00,13.0,0.8
6/9/2019 16:00,11.75,0.72
6/9/2019 17:00,10.25,0.63
6/9/2019 18:00,7.5,0.46
6/9/2019 19:00,4.5,0.28
6/9/2019 20:00,1.5,0.09
6/9/2019 21:00,0.25,0.02
6/9/2019 22:00,0.0,0.0
6/9/2019 23:00,0.0,0.0
6/10/2019 0:00,0.0,0.0
6/10/2019 1:00,0.0,0.0
6/10/2019 2:00,0.0,0.0
6/10/2019 3:00,0.0,0.0
6/10/2019 4:00,0.0,0.0
6/10/2019 5:00,0.0,0.0
6/10/2019 6:00,0.0,0.0
6/10/2019 7:00,0.0,0.0
6/10/2019 8:00,1.0,0.06
6/10/2019 9:00,3.5,0.21
6/10/2019 10:00,6.25,0.38
6/10/2019 11:00,7.75,0.47
6/10/2019 12:00,10.5,0.64
6/10/2019 13:00,12.5,0.77
6/10/2019 14:00,13.25,0.81
6/10/2019 15:00,13.25,0.81
6/10/2019 16:00,12.0,0.74
6/10/2019 17:00,10.5,0.64
6/10/2019 18:00,7.75,0.47
6/10/2019 19:00,4.5,0.28
6/10/2019 20:00,1.25,0.08
6/10/2019 21:00,0.25,0.02
6/10/2019 22:00,0.0,0.0
6/10/2019 23:00,0.0,0.0
6/11/2019 0:00,0.0,0.0
6/11/2019 1:00,0.0,0.0
6/11/2019 2:00,0.0,0.0
6/11/2019 3:00,0.0,0.0
6/11/2019 4:00,0.0,0.0
6/11/2019 5:00,0.0,0.0
6/11/2019 6:00,0.0,0.0
6/11/2019 7:00,0.0,0.0
6/11/2019 8:00,1.0,0.06
6/11/2019 9:00,3.5,0.21
6/11/2019 10:00,6.25,0.38
6/11/2019 11:00,9.0,0.55
6/11/2019 12:00,10.75,0.66
6/11/2019 13:00,12.0,0.74
6/11/2019 14:00,12.5,0.77
6/11/2019 15:00,12.5,0.77
6/11/2019 16:00,11.5,0.7
6/11/2019 17:00,10.0,0.61
6/11/2019 18:00,7.25,0.44
6/11/2019 19:00,4.75,0.29
6/11/2019 20:00,1.25,0.08
6/11/2019 21:00,0.25,0.02
6/11/2019 22:00,0.0,0.0
6/11/2019 23:00,0.0,0.0
6/12/2019 0:00,0.0,0.0
6/12/2019 1:00,0.0,0.0
6/12/2019 2:00,0.0,0.0
6/12/2019 3:00,0.0,0.0
6/12/2019 4:00,0.0,0.0
6/12/2019 5:00,0.0,0.0
6/12/2019 6:00,0.0,0.0
6/12/2019 7:00,0.25,0.02
6/12/2019 8:00,1.0,0.06
6/12/2019 9:00,3.5,0.21
6/12/2019 10:00,6.0,0.37
6/12/2019 11:00,8.75,0.54
6/12/2019 12:00,10.5,0.64
6/12/2019 13:00,11.5,0.7
6/12/2019 14:00,12.75,0.78
6/12/2019 15:00,12.5,0.77
6/12/2019 16:00,11.5,0.7
6/12/2019 17:00,10.0,0.61
6/12/2019 18:00,7.5,0.46
6/12/2019 19:00,4.5,0.28
6/12/2019 20:00,1.25,0.08
6/12/2019 21:00,0.25,0.02
6/12/2019 22:00,0.0,0.0
6/12/2019 23:00,0.0,0.0
6/13/2019 0:00,0.0,0.0
6/13/2019 1:00,0.0,0.0
6/13/2019 2:00,0.0,0.0
6/13/2019 3:00,0.0,0.0
6/13/2019 4:00,0.0,0.0
6/13/2019 5:00,0.0,0.0
6/13/2019 6:00,0.0,0.0
6/13/2019 7:00,0.0,0.0
6/13/2019 8:00,1.0,0.06
6/13/2019 9:00,3.75,0.23
6/13/2019 10:00,6.25,0.38
6/13/2019 11:00,9.25,0.57
6/13/2019 12:00,10.75,0.66
6/13/2019 13:00,12.5,0.77
6/13/2019 14:00,13.5,0.83
6/13/2019 15:00,9.5,0.58
6/13/2019 16:00,11.75,0.72
6/13/2019 17:00,10.5,0.64
6/13/2019 18:00,7.75,0.47
6/13/2019 19:00,4.25,0.26
6/13/2019 20:00,1.5,0.09
6/13/2019 21:00,0.5,0.03
6/13/2019 22:00,0.0,0.0
6/13/2019 23:00,0.0,0.0
6/14/2019 0:00,0.0,0.0
6/14/2019 1:00,0.0,0.0
6/14/2019 2:00,0.0,0.0
6/14/2019 3:00,0.0,0.0
6/14/2019 4:00,0.0,0.0
6/14/2019 5:00,0.0,0.0
6/14/2019 6:00,0.0,0.0
6/14/2019 7:00,0.0,0.0
6/14/2019 8:00,1.0,0.06
6/14/2019 9:00,3.5,0.21
6/14/2019 10:00,5.75,0.35
6/14/2019 11:00,6.5,0.4
6/14/2019 12:00,7.5,0.46
6/14/2019 13:00,7.0,0.43
6/14/2019 14:00,9.75,0.6
6/14/2019 15:00,7.0,0.43
6/14/2019 16:00,12.25,0.75
6/14/2019 17:00,10.25,0.63
6/14/2019 18:00,8.0,0.49
6/14/2019 19:00,4.5,0.28
6/14/2019 20:00,1.5,0.09
6/14/2019 21:00,0.25,0.02
6/14/2019 22:00,0.0,0.0
6/14/2019 23:00,0.0,0.0
6/15/2019 0:00,0.0,0.0
6/15/2019 1:00,0.0,0.0
6/15/2019 2:00,0.0,0.0
6/15/2019 3:00,0.0,0.0
6/15/2019 4:00,0.0,0.0
6/15/2019 5:00,0.0,0.0
6/15/2019 6:00,0.0,0.0
6/15/2019 7:00,0.25,0.02
6/15/2019 8:00,1.0,0.06
6/15/2019 9:00,3.5,0.21
6/15/2019 10:00,6.25,0.38
6/15/2019 11:00,8.75,0.54
6/15/2019 12:00,11.0,0.67
6/15/2019 13:00,12.5,0.77
6/15/2019 14:00,13.0,0.8
6/15/2019 15:00,13.0,0.8
6/15/2019 16:00,12.0,0.74
6/15/2019 17:00,10.25,0.63
6/15/2019 18:00,7.75,0.47
6/15/2019 19:00,4.25,0.26
6/15/2019 20:00,1.5,0.09
6/15/2019 21:00,0.25,0.02
6/15/2019 22:00,0.0,0.0
6/15/2019 23:00,0.0,0.0
6/16/2019 0:00,0.0,0.0
6/16/2019 1:00,0.0,0.0
6/16/2019 2:00,0.0,0.0
6/16/2019 3:00,0.0,0.0
6/16/2019 4:00,0.0,0.0
6/16/2019 5:00,0.0,0.0
6/16/2019 6:00,0.0,0.0
6/16/2019 7:00,0.25,0.02
6/16/2019 8:00,1.0,0.06
6/16/2019 9:00,2.0,0.12
6/16/2019 10:00,4.0,0.25
6/16/2019 11:00,5.25,0.32
6/16/2019 12:00,10.0,0.61
6/16/2019 13:00,12.25,0.75
6/16/2019 14:00,13.0,0.8
6/16/2019 15:00,12.25,0.75
6/16/2019 16:00,11.75,0.72
6/16/2019 17:00,10.25,0.63
6/16/2019 18:00,7.75,0.47
6/16/2019 19:00,4.25,0.26
6/16/2019 20:00,1.5,0.09
6/16/2019 21:00,0.0,0.0
6/16/2019 22:00,0.0,0.0
6/16/2019 23:00,0.0,0.0
6/17/2019 0:00,0.0,0.0
6/17/2019 1:00,0.0,0.0
6/17/2019 2:00,0.0,0.0
6/17/2019 3:00,0.0,0.0
6/17/2019 4:00,0.0,0.0
6/17/2019 5:00,0.0,0.0
6/17/2019 6:00,0.0,0.0
6/17/2019 7:00,0.25,0.02
6/17/2019 8:00,1.0,0.06
6/17/2019 9:00,3.5,0.21
6/17/2019 10:00,6.25,0.38
6/17/2019 11:00,8.75,0.54
6/17/2019 12:00,10.5,0.64
6/17/2019 13:00,12.25,0.75
6/17/2019 14:00,12.5,0.77
6/17/2019 15:00,12.25,0.75
6/17/2019 16:00,12.0,0.74
6/17/2019 17:00,10.25,0.63
6/17/2019 18:00,8.0,0.49
6/17/2019 19:00,4.75,0.29
6/17/2019 20:00,1.5,0.09
6/17/2019 21:00,0.0,0.0
6/17/2019 22:00,0.0,0.0
6/17/2019 23:00,0.0,0.0
6/18/2019 0:00,0.0,0.0
6/18/2019 1:00,0.0,0.0
6/18/2019 2:00,0.0,0.0
6/18/2019 3:00,0.0,0.0
6/18/2019 4:00,0.0,0.0
6/18/2019 5:00,0.0,0.0
6/18/2019 6:00,0.0,0.0
6/18/2019 7:00,0.25,0.02
6/18/2019 8:00,1.0,0.06
6/18/2019 9:00,1.5,0.09
6/18/2019 10:00,1.75,0.11
6/18/2019 11:00,3.5,0.21
6/18/2019 12:00,4.5,0.28
6/18/2019 13:00,4.5,0.28
6/18/2019 14:00,3.5,0.21
6/18/2019 15:00,10.0,0.61
6/18/2019 16:00,11.5,0.7
6/18/2019 17:00,8.25,0.51
6/18/2019 18:00,5.0,0.31
6/18/2019 19:00,2.75,0.17
6/18/2019 20:00,1.0,0.06
6/18/2019 21:00,0.25,0.02
6/18/2019 22:00,0.0,0.0
6/18/2019 23:00,0.0,0.0
6/19/2019 0:00,0.0,0.0
6/19/2019 1:00,0.0,0.0
6/19/2019 2:00,0.0,0.0
6/19/2019 3:00,0.0,0.0
6/19/2019 4:00,0.0,0.0
6/19/2019 5:00,0.0,0.0
6/19/2019 6:00,0.0,0.0
6/19/2019 7:00,0.0,0.0
6/19/2019 8:00,1.0,0.06
6/19/2019 9:00,2.5,0.15
6/19/2019 10:00,5.25,0.32
6/19/2019 11:00,5.0,0.31
6/19/2019 12:00,2.0,0.12
6/19/2019 13:00,11.0,0.67
6/19/2019 14:00,13.0,0.8
6/19/2019 15:00,11.25,0.69
6/19/2019 16:00,11.75,0.72
6/19/2019 17:00,10.0,0.61
6/19/2019 18:00,7.75,0.47
6/19/2019 19:00,4.25,0.26
6/19/2019 20:00,1.5,0.09
6/19/2019 21:00,0.25,0.02
6/19/2019 22:00,0.0,0.0
6/19/2019 23:00,0.0,0.0
6/20/2019 0:00,0.0,0.0
6/20/2019 1:00,0.0,0.0
6/20/2019 2:00,0.0,0.0
6/20/2019 3:00,0.0,0.0
6/20/2019 4:00,0.0,0.0
6/20/2019 5:00,0.0,0.0
6/20/2019 6:00,0.0,0.0
6/20/2019 7:00,0.0,0.0
6/20/2019 8:00,1.0,0.06
6/20/2019 9:00,2.5,0.15
6/20/2019 10:00,6.25,0.38
6/20/2019 11:00,5.75,0.35
6/20/2019 12:00,9.0,0.55
6/20/2019 13:00,12.75,0.78
6/20/2019 14:00,13.5,0.83
6/20/2019 15:00,11.25,0.69
6/20/2019 16:00,11.25,0.69
6/20/2019 17:00,9.75,0.6
6/20/2019 18:00,7.5,0.46
6/20/2019 19:00,4.5,0.28
6/20/2019 20:00,1.75,0.11
6/20/2019 21:00,0.0,0.0
6/20/2019 22:00,0.0,0.0
6/20/2019 23:00,0.0,0.0
6/21/2019 0:00,0.0,0.0
6/21/2019 1:00,0.0,0.0
6/21/2019 2:00,0.0,0.0
6/21/2019 3:00,0.0,0.0
6/21/2019 4:00,0.0,0.0
6/21/2019 5:00,0.0,0.0
6/21/2019 6:00,0.0,0.0
6/21/2019 7:00,0.25,0.02
6/21/2019 8:00,0.75,0.05
6/21/2019 9:00,3.5,0.21
6/21/2019 10:00,6.25,0.38
6/21/2019 11:00,8.75,0.54
6/21/2019 12:00,11.0,0.67
6/21/2019 13:00,12.75,0.78
6/21/2019 14:00,13.25,0.81
6/21/2019 15:00,13.0,0.8
6/21/2019 16:00,12.0,0.74
6/21/2019 17:00,9.75,0.6
6/21/2019 18:00,7.75,0.47
6/21/2019 19:00,4.5,0.28
6/21/2019 20:00,1.25,0.08
6/21/2019 21:00,0.25,0.02
6/21/2019 22:00,0.0,0.0
6/21/2019 23:00,0.0,0.0
6/22/2019 0:00,0.0,0.0
6/22/2019 1:00,0.0,0.0
6/22/2019 2:00,0.0,0.0
6/22/2019 3:00,0.0,0.0
6/22/2019 4:00,0.0,0.0
6/22/2019 5:00,0.0,0.0
6/22/2019 6:00,0.0,0.0
6/22/2019 7:00,0.25,0.02
6/22/2019 8:00,1.0,0.06
6/22/2019 9:00,3.25,0.2
6/22/2019 10:00,5.5,0.34
6/22/2019 11:00,8.5,0.52
6/22/2019 12:00,10.25,0.63
6/22/2019 13:00,11.75,0.72
6/22/2019 14:00,12.25,0.75
6/22/2019 15:00,12.25,0.75
6/22/2019 16:00,11.5,0.7
6/22/2019 17:00,10.0,0.61
6/22/2019 18:00,7.5,0.46
6/22/2019 19:00,4.75,0.29
6/22/2019 20:00,1.75,0.11
6/22/2019 21:00,0.0,0.0
6/22/2019 22:00,0.0,0.0
6/22/2019 23:00,0.0,0.0
6/23/2019 0:00,0.0,0.0
6/23/2019 1:00,0.0,0.0
6/23/2019 2:00,0.0,0.0
6/23/2019 3:00,0.0,0.0
6/23/2019 4:00,0.0,0.0
6/23/2019 5:00,0.0,0.0
6/23/2019 6:00,0.0,0.0
6/23/2019 7:00,0.25,0.02
6/23/2019 8:00,1.25,0.08
6/23/2019 9:00,3.0,0.18
6/23/2019 10:00,6.0,0.37
6/23/2019 11:00,8.5,0.52
6/23/2019 12:00,10.5,0.64
6/23/2019 13:00,12.0,0.74
6/23/2019 14:00,11.5,0.7
6/23/2019 15:00,12.75,0.78
6/23/2019 16:00,9.5,0.58
6/23/2019 17:00,7.0,0.43
6/23/2019 18:00,4.75,0.29
6/23/2019 19:00,2.75,0.17
6/23/2019 20:00,1.0,0.06
6/23/2019 21:00,0.25,0.02
6/23/2019 22:00,0.0,0.0
6/23/2019 23:00,0.0,0.0
6/24/2019 0:00,0.0,0.0
6/24/2019 1:00,0.0,0.0
6/24/2019 2:00,0.0,0.0
6/24/2019 3:00,0.0,0.0
6/24/2019 4:00,0.0,0.0
6/24/2019 5:00,0.0,0.0
6/24/2019 6:00,0.0,0.0
6/24/2019 7:00,0.25,0.02
6/24/2019 8:00,1.0,0.06
6/24/2019 9:00,3.0,0.18
6/24/2019 10:00,6.0,0.37
6/24/2019 11:00,7.0,0.43
6/24/2019 12:00,10.5,0.64
6/24/2019 13:00,11.5,0.7
6/24/2019 14:00,12.25,0.75
6/24/2019 15:00,12.5,0.77
6/24/2019 16:00,11.0,0.67
6/24/2019 17:00,10.0,0.61
6/24/2019 18:00,7.5,0.46
6/24/2019 19:00,4.25,0.26
6/24/2019 20:00,1.75,0.11
6/24/2019 21:00,0.0,0.0
6/24/2019 22:00,0.0,0.0
6/24/2019 23:00,0.0,0.0
6/25/2019 0:00,0.0,0.0
6/25/2019 1:00,0.0,0.0
6/25/2019 2:00,0.0,0.0
6/25/2019 3:00,0.0,0.0
6/25/2019 4:00,0.0,0.0
6/25/2019 5:00,0.0,0.0
6/25/2019 6:00,0.0,0.0
6/25/2019 7:00,0.25,0.02
6/25/2019 8:00,0.75,0.05
6/25/2019 9:00,3.25,0.2
6/25/2019 10:00,5.75,0.35
6/25/2019 11:00,8.25,0.51
6/25/2019 12:00,10.25,0.63
6/25/2019 13:00,12.0,0.74
6/25/2019 14:00,12.75,0.78
6/25/2019 15:00,12.25,0.75
6/25/2019 16:00,11.5,0.7
6/25/2019 17:00,9.75,0.6
6/25/2019 18:00,7.5,0.46
6/25/2019 19:00,4.25,0.26
6/25/2019 20:00,1.25,0.08
6/25/2019 21:00,0.25,0.02
6/25/2019 22:00,0.0,0.0
6/25/2019 23:00,0.0,0.0
6/26/2019 0:00,0.0,0.0
6/26/2019 1:00,0.0,0.0
6/26/2019 2:00,0.0,0.0
6/26/2019 3:00,0.0,0.0
6/26/2019 4:00,0.0,0.0
6/26/2019 5:00,0.0,0.0
6/26/2019 6:00,0.0,0.0
6/26/2019 7:00,0.25,0.02
6/26/2019 8:00,0.75,0.05
6/26/2019 9:00,1.5,0.09
6/26/2019 10:00,3.5,0.21
6/26/2019 11:00,4.25,0.26
6/26/2019 12:00,7.25,0.44
6/26/2019 13:00,9.5,0.58
6/26/2019 14:00,10.75,0.66
6/26/2019 15:00,12.0,0.74
6/26/2019 16:00,11.0,0.67
6/26/2019 17:00,9.75,0.6
6/26/2019 18:00,7.75,0.47
6/26/2019 19:00,4.75,0.29
6/26/2019 20:00,1.25,0.08
6/26/2019 21:00,0.25,0.02
6/26/2019 22:00,0.0,0.0
6/26/2019 23:00,0.0,0.0
6/27/2019 0:00,0.0,0.0
6/27/2019 1:00,0.0,0.0
6/27/2019 2:00,0.0,0.0
6/27/2019 3:00,0.0,0.0
6/27/2019 4:00,0.0,0.0
6/27/2019 5:00,0.0,0.0
6/27/2019 6:00,0.0,0.0
6/27/2019 7:00,0.0,0.0
6/27/2019 8:00,1.0,0.06
6/27/2019 9:00,3.25,0.2
6/27/2019 10:00,5.75,0.35
6/27/2019 11:00,8.5,0.52
6/27/2019 12:00,10.75,0.66
6/27/2019 13:00,12.25,0.75
6/27/2019 14:00,13.0,0.8
6/27/2019 15:00,12.75,0.78
6/27/2019 16:00,11.5,0.7
6/27/2019 17:00,9.75,0.6
6/27/2019 18:00,7.5,0.46
6/27/2019 19:00,4.25,0.26
6/27/2019 20:00,1.5,0.09
6/27/2019 21:00,0.0,0.0
6/27/2019 22:00,0.0,0.0
6/27/2019 23:00,0.0,0.0
6/28/2019 0:00,0.0,0.0
6/28/2019 1:00,0.0,0.0
6/28/2019 2:00,0.0,0.0
6/28/2019 3:00,0.0,0.0
6/28/2019 4:00,0.0,0.0
6/28/2019 5:00,0.0,0.0
6/28/2019 6:00,0.0,0.0
6/28/2019 7:00,0.25,0.02
6/28/2019 8:00,1.0,0.06
6/28/2019 9:00,2.75,0.17
6/28/2019 10:00,5.25,0.32
6/28/2019 11:00,7.75,0.47
6/28/2019 12:00,9.5,0.58
6/28/2019 13:00,11.0,0.67
6/28/2019 14:00,11.75,0.72
6/28/2019 15:00,11.5,0.7
6/28/2019 16:00,10.5,0.64
6/28/2019 17:00,9.25,0.57
6/28/2019 18:00,7.0,0.43
6/28/2019 19:00,4.0,0.25
6/28/2019 20:00,1.5,0.09
6/28/2019 21:00,0.25,0.02
6/28/2019 22:00,0.0,0.0
6/28/2019 23:00,0.0,0.0
6/29/2019 0:00,0.0,0.0
6/29/2019 1:00,0.0,0.0
6/29/2019 2:00,0.0,0.0
6/29/2019 3:00,0.0,0.0
6/29/2019 4:00,0.0,0.0
6/29/2019 5:00,0.0,0.0
6/29/2019 6:00,0.0,0.0
6/29/2019 7:00,0.0,0.0
6/29/2019 8:00,1.0,0.06
6/29/2019 9:00,2.75,0.17
6/29/2019 10:00,5.25,0.32
6/29/2019 11:00,7.5,0.46
6/29/2019 12:00,9.75,0.6
6/29/2019 13:00,11.0,0.67
6/29/2019 14:00,11.75,0.72
6/29/2019 15:00,11.5,0.7
6/29/2019 16:00,10.5,0.64
6/29/2019 17:00,9.0,0.55
6/29/2019 18:00,7.0,0.43
6/29/2019 19:00,4.25,0.26
6/29/2019 20:00,1.5,0.09
6/29/2019 21:00,0.0,0.0
6/29/2019 22:00,0.0,0.0
6/29/2019 23:00,0.0,0.0
6/30/2019 0:00,0.0,0.0
6/30/2019 1:00,0.0,0.0
6/30/2019 2:00,0.0,0.0
6/30/2019 3:00,0.0,0.0
6/30/2019 4:00,0.0,0.0
6/30/2019 5:00,0.0,0.0
6/30/2019 6:00,0.0,0.0
6/30/2019 7:00,0.25,0.02
6/30/2019 8:00,1.0,0.06
6/30/2019 9:00,3.0,0.18
6/30/2019 10:00,5.5,0.34
6/30/2019 11:00,7.75,0.47
6/30/2019 12:00,10.0,0.61
6/30/2019 13:00,11.25,0.69
6/30/2019 14:00,11.75,0.72
6/30/2019 15:00,10.75,0.66
6/30/2019 16:00,10.75,0.66
6/30/2019 17:00,9.5,0.58
6/30/2019 18:00,7.25,0.44
6/30/2019 19:00,4.5,0.28
6/30/2019 20:00,1.25,0.08
6/30/2019 21:00,0.25,0.02
6/30/2019 22:00,0.0,0.0
6/30/2019 23:00,0.0,0.0
7/1/2019 0:00,0.0,0.0
7/1/2019 1:00,0.0,0.0
7/1/2019 2:00,0.0,0.0
7/1/2019 3:00,0.0,0.0
7/1/2019 4:00,0.0,0.0
7/1/2019 5:00,0.0,0.0
7/1/2019 6:00,0.0,0.0
7/1/2019 7:00,0.25,0.02
7/1/2019 8:00,0.75,0.05
7/1/2019 9:00,3.25,0.2
7/1/2019 10:00,5.5,0.34
7/1/2019 11:00,8.25,0.51
7/1/2019 12:00,10.25,0.63
7/1/2019 13:00,12.0,0.74
7/1/2019 14:00,13.0,0.8
7/1/2019 15:00,12.5,0.77
7/1/2019 16:00,11.5,0.7
7/1/2019 17:00,10.0,0.61
7/1/2019 18:00,7.5,0.46
7/1/2019 19:00,4.25,0.26
7/1/2019 20:00,1.5,0.09
7/1/2019 21:00,0.25,0.02
7/1/2019 22:00,0.0,0.0
7/1/2019 23:00,0.0,0.0
7/2/2019 0:00,0.0,0.0
7/2/2019 1:00,0.0,0.0
7/2/2019 2:00,0.0,0.0
7/2/2019 3:00,0.0,0.0
7/2/2019 4:00,0.0,0.0
7/2/2019 5:00,0.0,0.0
7/2/2019 6:00,0.0,0.0
7/2/2019 7:00,0.0,0.0
7/2/2019 8:00,1.0,0.06
7/2/2019 9:00,3.0,0.18
7/2/2019 10:00,5.5,0.34
7/2/2019 11:00,8.5,0.52
7/2/2019 12:00,10.5,0.64
7/2/2019 13:00,12.25,0.75
7/2/2019 14:00,12.75,0.78
7/2/2019 15:00,13.0,0.8
7/2/2019 16:00,11.75,0.72
7/2/2019 17:00,10.25,0.63
7/2/2019 18:00,7.5,0.46
7/2/2019 19:00,4.75,0.29
7/2/2019 20:00,1.25,0.08
7/2/2019 21:00,0.25,0.02
7/2/2019 22:00,0.0,0.0
7/2/2019 23:00,0.0,0.0
7/3/2019 0:00,0.0,0.0
7/3/2019 1:00,0.0,0.0
7/3/2019 2:00,0.0,0.0
7/3/2019 3:00,0.0,0.0
7/3/2019 4:00,0.0,0.0
7/3/2019 5:00,0.0,0.0
7/3/2019 6:00,0.0,0.0
7/3/2019 7:00,0.0,0.0
7/3/2019 8:00,0.75,0.05
7/3/2019 9:00,1.0,0.06
7/3/2019 10:00,2.25,0.14
7/3/2019 11:00,5.25,0.32
7/3/2019 12:00,10.25,0.63
7/3/2019 13:00,11.5,0.7
7/3/2019 14:00,11.75,0.72
7/3/2019 15:00,11.25,0.69
7/3/2019 16:00,9.75,0.6
7/3/2019 17:00,9.0,0.55
7/3/2019 18:00,7.5,0.46
7/3/2019 19:00,4.5,0.28
7/3/2019 20:00,1.25,0.08
7/3/2019 21:00,0.25,0.02
7/3/2019 22:00,0.0,0.0
7/3/2019 23:00,0.0,0.0
7/4/2019 0:00,0.0,0.0
7/4/2019 1:00,0.0,0.0
7/4/2019 2:00,0.0,0.0
7/4/2019 3:00,0.0,0.0
7/4/2019 4:00,0.0,0.0
7/4/2019 5:00,0.0,0.0
7/4/2019 6:00,0.0,0.0
7/4/2019 7:00,0.0,0.0
7/4/2019 8:00,1.0,0.06
7/4/2019 9:00,1.75,0.11
7/4/2019 10:00,4.25,0.26
7/4/2019 11:00,9.0,0.55
7/4/2019 12:00,10.5,0.64
7/4/2019 13:00,11.75,0.72
7/4/2019 14:00,12.75,0.78
7/4/2019 15:00,13.0,0.8
7/4/2019 16:00,11.75,0.72
7/4/2019 17:00,10.0,0.61
7/4/2019 18:00,7.5,0.46
7/4/2019 19:00,4.25,0.26
7/4/2019 20:00,1.5,0.09
7/4/2019 21:00,0.0,0.0
7/4/2019 22:00,0.0,0.0
7/4/2019 23:00,0.0,0.0
7/5/2019 0:00,0.0,0.0
7/5/2019 1:00,0.0,0.0
7/5/2019 2:00,0.0,0.0
7/5/2019 3:00,0.0,0.0
7/5/2019 4:00,0.0,0.0
7/5/2019 5:00,0.0,0.0
7/5/2019 6:00,0.0,0.0
7/5/2019 7:00,0.25,0.02
7/5/2019 8:00,0.75,0.05
7/5/2019 9:00,3.0,0.18
7/5/2019 10:00,5.5,0.34
7/5/2019 11:00,8.25,0.51
7/5/2019 12:00,10.25,0.63
7/5/2019 13:00,12.0,0.74
7/5/2019 14:00,13.0,0.8
7/5/2019 15:00,12.75,0.78
7/5/2019 16:00,11.75,0.72
7/5/2019 17:00,10.25,0.63
7/5/2019 18:00,7.5,0.46
7/5/2019 19:00,4.75,0.29
7/5/2019 20:00,1.25,0.08
7/5/2019 21:00,0.25,0.02
7/5/2019 22:00,0.0,0.0
7/5/2019 23:00,0.0,0.0
7/6/2019 0:00,0.0,0.0
7/6/2019 1:00,0.0,0.0
7/6/2019 2:00,0.0,0.0
7/6/2019 3:00,0.0,0.0
7/6/2019 4:00,0.0,0.0
7/6/2019 5:00,0.0,0.0
7/6/2019 6:00,0.0,0.0
7/6/2019 7:00,0.0,0.0
7/6/2019 8:00,1.0,0.06
7/6/2019 9:00,2.75,0.17
7/6/2019 10:00,5.5,0.34
7/6/2019 11:00,7.75,0.47
7/6/2019 12:00,10.25,0.63
7/6/2019 13:00,12.0,0.74
7/6/2019 14:00,12.75,0.78
7/6/2019 15:00,12.25,0.75
7/6/2019 16:00,11.25,0.69
7/6/2019 17:00,9.5,0.58
7/6/2019 18:00,7.5,0.46
7/6/2019 19:00,4.25,0.26
7/6/2019 20:00,1.5,0.09
7/6/2019 21:00,0.25,0.02
7/6/2019 22:00,0.0,0.0
7/6/2019 23:00,0.0,0.0
7/7/2019 0:00,0.0,0.0
7/7/2019 1:00,0.0,0.0
7/7/2019 2:00,0.0,0.0
7/7/2019 3:00,0.0,0.0
7/7/2019 4:00,0.0,0.0
7/7/2019 5:00,0.0,0.0
7/7/2019 6:00,0.0,0.0
7/7/2019 7:00,0.0,0.0
7/7/2019 8:00,0.75,0.05
7/7/2019 9:00,3.0,0.18
7/7/2019 10:00,5.5,0.34
7/7/2019 11:00,8.25,0.51
7/7/2019 12:00,10.5,0.64
7/7/2019 13:00,12.0,0.74
7/7/2019 14:00,12.75,0.78
7/7/2019 15:00,12.5,0.77
7/7/2019 16:00,11.5,0.7
7/7/2019 17:00,9.5,0.58
7/7/2019 18:00,7.5,0.46
7/7/2019 19:00,4.25,0.26
7/7/2019 20:00,1.5,0.09
7/7/2019 21:00,0.0,0.0
7/7/2019 22:00,0.0,0.0
7/7/2019 23:00,0.0,0.0
7/8/2019 0:00,0.0,0.0
7/8/2019 1:00,0.0,0.0
7/8/2019 2:00,0.0,0.0
7/8/2019 3:00,0.0,0.0
7/8/2019 4:00,0.0,0.0
7/8/2019 5:00,0.0,0.0
7/8/2019 6:00,0.0,0.0
7/8/2019 7:00,0.25,0.02
7/8/2019 8:00,0.75,0.05
7/8/2019 9:00,2.75,0.17
7/8/2019 10:00,4.25,0.26
7/8/2019 11:00,7.25,0.44
7/8/2019 12:00,7.25,0.44
7/8/2019 13:00,12.0,0.74
7/8/2019 14:00,12.5,0.77
7/8/2019 15:00,12.5,0.77
7/8/2019 16:00,11.75,0.72
7/8/2019 17:00,9.75,0.6
7/8/2019 18:00,7.5,0.46
7/8/2019 19:00,4.5,0.28
7/8/2019 20:00,1.25,0.08
7/8/2019 21:00,0.25,0.02
7/8/2019 22:00,0.0,0.0
7/8/2019 23:00,0.0,0.0
7/9/2019 0:00,0.0,0.0
7/9/2019 1:00,0.0,0.0
7/9/2019 2:00,0.0,0.0
7/9/2019 3:00,0.0,0.0
7/9/2019 4:00,0.0,0.0
7/9/2019 5:00,0.0,0.0
7/9/2019 6:00,0.0,0.0
7/9/2019 7:00,0.0,0.0
7/9/2019 8:00,1.0,0.06
7/9/2019 9:00,2.75,0.17
7/9/2019 10:00,5.5,0.34
7/9/2019 11:00,8.0,0.49
7/9/2019 12:00,10.5,0.64
7/9/2019 13:00,12.0,0.74
7/9/2019 14:00,12.0,0.74
7/9/2019 15:00,11.5,0.7
7/9/2019 16:00,11.25,0.69
7/9/2019 17:00,9.75,0.6
7/9/2019 18:00,6.75,0.41
7/9/2019 19:00,3.25,0.2
7/9/2019 20:00,1.0,0.06
7/9/2019 21:00,0.25,0.02
7/9/2019 22:00,0.0,0.0
7/9/2019 23:00,0.0,0.0
7/10/2019 0:00,0.0,0.0
7/10/2019 1:00,0.0,0.0
7/10/2019 2:00,0.0,0.0
7/10/2019 3:00,0.0,0.0
7/10/2019 4:00,0.0,0.0
7/10/2019 5:00,0.0,0.0
7/10/2019 6:00,0.0,0.0
7/10/2019 7:00,0.25,0.02
7/10/2019 8:00,1.0,0.06
7/10/2019 9:00,2.25,0.14
7/10/2019 10:00,2.75,0.17
7/10/2019 11:00,7.5,0.46
7/10/2019 12:00,8.0,0.49
7/10/2019 13:00,10.75,0.66
7/10/2019 14:00,11.25,0.69
7/10/2019 15:00,11.25,0.69
7/10/2019 16:00,9.25,0.57
7/10/2019 17:00,7.5,0.46
7/10/2019 18:00,6.0,0.37
7/10/2019 19:00,4.25,0.26
7/10/2019 20:00,1.75,0.11
7/10/2019 21:00,0.25,0.02
7/10/2019 22:00,0.0,0.0
7/10/2019 23:00,0.0,0.0
7/11/2019 0:00,0.0,0.0
7/11/2019 1:00,0.0,0.0
7/11/2019 2:00,0.0,0.0
7/11/2019 3:00,0.0,0.0
7/11/2019 4:00,0.0,0.0
7/11/2019 5:00,0.0,0.0
7/11/2019 6:00,0.0,0.0
7/11/2019 7:00,0.0,0.0
7/11/2019 8:00,1.0,0.06
7/11/2019 9:00,2.5,0.15
7/11/2019 10:00,5.0,0.31
7/11/2019 11:00,7.5,0.46
7/11/2019 12:00,9.75,0.6
7/11/2019 13:00,10.75,0.66
7/11/2019 14:00,11.5,0.7
7/11/2019 15:00,11.5,0.7
7/11/2019 16:00,11.0,0.67
7/11/2019 17:00,9.25,0.57
7/11/2019 18:00,7.0,0.43
7/11/2019 19:00,4.25,0.26
7/11/2019 20:00,1.25,0.08
7/11/2019 21:00,0.25,0.02
7/11/2019 22:00,0.0,0.0
7/11/2019 23:00,0.0,0.0
7/12/2019 0:00,0.0,0.0
7/12/2019 1:00,0.0,0.0
7/12/2019 2:00,0.0,0.0
7/12/2019 3:00,0.0,0.0
7/12/2019 4:00,0.0,0.0
7/12/2019 5:00,0.0,0.0
7/12/2019 6:00,0.0,0.0
7/12/2019 7:00,0.0,0.0
7/12/2019 8:00,0.25,0.02
7/12/2019 9:00,0.75,0.05
7/12/2019 10:00,3.5,0.21
7/12/2019 11:00,6.25,0.38
7/12/2019 12:00,6.0,0.37
7/12/2019 13:00,8.25,0.51
7/12/2019 14:00,9.5,0.58
7/12/2019 15:00,11.5,0.7
7/12/2019 16:00,10.5,0.64
7/12/2019 17:00,8.75,0.54
7/12/2019 18:00,6.75,0.41
7/12/2019 19:00,4.0,0.25
7/12/2019 20:00,1.25,0.08
7/12/2019 21:00,0.25,0.02
7/12/2019 22:00,0.0,0.0
7/12/2019 23:00,0.0,0.0
7/13/2019 0:00,0.0,0.0
7/13/2019 1:00,0.0,0.0
7/13/2019 2:00,0.0,0.0
7/13/2019 3:00,0.0,0.0
7/13/2019 4:00,0.0,0.0
7/13/2019 5:00,0.0,0.0
7/13/2019 6:00,0.0,0.0
7/13/2019 7:00,0.0,0.0
7/13/2019 8:00,0.5,0.03
7/13/2019 9:00,1.0,0.06
7/13/2019 10:00,1.5,0.09
7/13/2019 11:00,5.75,0.35
7/13/2019 12:00,6.5,0.4
7/13/2019 13:00,7.0,0.43
7/13/2019 14:00,10.75,0.66
7/13/2019 15:00,12.0,0.74
7/13/2019 16:00,11.25,0.69
7/13/2019 17:00,9.75,0.6
7/13/2019 18:00,7.0,0.43
7/13/2019 19:00,4.25,0.26
7/13/2019 20:00,1.25,0.08
7/13/2019 21:00,0.25,0.02
7/13/2019 22:00,0.0,0.0
7/13/2019 23:00,0.0,0.0
7/14/2019 0:00,0.0,0.0
7/14/2019 1:00,0.0,0.0
7/14/2019 2:00,0.0,0.0
7/14/2019 3:00,0.0,0.0
7/14/2019 4:00,0.0,0.0
7/14/2019 5:00,0.0,0.0
7/14/2019 6:00,0.0,0.0
7/14/2019 7:00,0.0,0.0
7/14/2019 8:00,0.75,0.05
7/14/2019 9:00,2.75,0.17
7/14/2019 10:00,5.0,0.31
7/14/2019 11:00,7.75,0.47
7/14/2019 12:00,10.0,0.61
7/14/2019 13:00,11.75,0.72
7/14/2019 14:00,12.25,0.75
7/14/2019 15:00,12.0,0.74
7/14/2019 16:00,11.0,0.67
7/14/2019 17:00,9.25,0.57
7/14/2019 18:00,6.75,0.41
7/14/2019 19:00,4.25,0.26
7/14/2019 20:00,1.25,0.08
7/14/2019 21:00,0.25,0.02
7/14/2019 22:00,0.0,0.0
7/14/2019 23:00,0.0,0.0
7/15/2019 0:00,0.0,0.0
7/15/2019 1:00,0.0,0.0
7/15/2019 2:00,0.0,0.0
7/15/2019 3:00,0.0,0.0
7/15/2019 4:00,0.0,0.0
7/15/2019 5:00,0.0,0.0
7/15/2019 6:00,0.0,0.0
7/15/2019 7:00,0.0,0.0
7/15/2019 8:00,0.75,0.05
7/15/2019 9:00,2.75,0.17
7/15/2019 10:00,5.0,0.31
7/15/2019 11:00,7.75,0.47
7/15/2019 12:00,10.0,0.61
7/15/2019 13:00,11.75,0.72
7/15/2019 14:00,12.5,0.77
7/15/2019 15:00,12.25,0.75
7/15/2019 16:00,11.25,0.69
7/15/2019 17:00,9.5,0.58
7/15/2019 18:00,7.25,0.44
7/15/2019 19:00,4.0,0.25
7/15/2019 20:00,1.25,0.08
7/15/2019 21:00,0.25,0.02
7/15/2019 22:00,0.0,0.0
7/15/2019 23:00,0.0,0.0
7/16/2019 0:00,0.0,0.0
7/16/2019 1:00,0.0,0.0
7/16/2019 2:00,0.0,0.0
7/16/2019 3:00,0.0,0.0
7/16/2019 4:00,0.0,0.0
7/16/2019 5:00,0.0,0.0
7/16/2019 6:00,0.0,0.0
7/16/2019 7:00,0.0,0.0
7/16/2019 8:00,0.75,0.05
7/16/2019 9:00,2.5,0.15
7/16/2019 10:00,5.0,0.31
7/16/2019 11:00,7.75,0.47
7/16/2019 12:00,10.0,0.61
7/16/2019 13:00,11.75,0.72
7/16/2019 14:00,12.5,0.77
7/16/2019 15:00,12.25,0.75
7/16/2019 16:00,11.25,0.69
7/16/2019 17:00,9.75,0.6
7/16/2019 18:00,7.0,0.43
7/16/2019 19:00,4.25,0.26
7/16/2019 20:00,1.25,0.08
7/16/2019 21:00,0.25,0.02
7/16/2019 22:00,0.0,0.0
7/16/2019 23:00,0.0,0.0
7/17/2019 0:00,0.0,0.0
7/17/2019 1:00,0.0,0.0
7/17/2019 2:00,0.0,0.0
7/17/2019 3:00,0.0,0.0
7/17/2019 4:00,0.0,0.0
7/17/2019 5:00,0.0,0.0
7/17/2019 6:00,0.0,0.0
7/17/2019 7:00,0.0,0.0
7/17/2019 8:00,0.75,0.05
7/17/2019 9:00,2.5,0.15
7/17/2019 10:00,5.0,0.31
7/17/2019 11:00,7.5,0.46
7/17/2019 12:00,10.0,0.61
7/17/2019 13:00,11.5,0.7
7/17/2019 14:00,12.25,0.75
7/17/2019 15:00,12.25,0.75
7/17/2019 16:00,11.25,0.69
7/17/2019 17:00,9.25,0.57
7/17/2019 18:00,7.0,0.43
7/17/2019 19:00,4.0,0.25
7/17/2019 20:00,1.25,0.08
7/17/2019 21:00,0.25,0.02
7/17/2019 22:00,0.0,0.0
7/17/2019 23:00,0.0,0.0
7/18/2019 0:00,0.0,0.0
7/18/2019 1:00,0.0,0.0
7/18/2019 2:00,0.0,0.0
7/18/2019 3:00,0.0,0.0
7/18/2019 4:00,0.0,0.0
7/18/2019 5:00,0.0,0.0
7/18/2019 6:00,0.0,0.0
7/18/2019 7:00,0.0,0.0
7/18/2019 8:00,0.75,0.05
7/18/2019 9:00,2.5,0.15
7/18/2019 10:00,4.75,0.29
7/18/2019 11:00,7.5,0.46
7/18/2019 12:00,9.5,0.58
7/18/2019 13:00,11.25,0.69
7/18/2019 14:00,12.25,0.75
7/18/2019 15:00,12.25,0.75
7/18/2019 16:00,11.0,0.67
7/18/2019 17:00,9.25,0.57
7/18/2019 18:00,7.0,0.43
7/18/2019 19:00,4.0,0.25
7/18/2019 20:00,1.25,0.08
7/18/2019 21:00,0.0,0.0
7/18/2019 22:00,0.0,0.0
7/18/2019 23:00,0.0,0.0
7/19/2019 0:00,0.0,0.0
7/19/2019 1:00,0.0,0.0
7/19/2019 2:00,0.0,0.0
7/19/2019 3:00,0.0,0.0
7/19/2019 4:00,0.0,0.0
7/19/2019 5:00,0.0,0.0
7/19/2019 6:00,0.0,0.0
7/19/2019 7:00,0.0,0.0
7/19/2019 8:00,0.75,0.05
7/19/2019 9:00,2.5,0.15
7/19/2019 10:00,4.75,0.29
7/19/2019 11:00,7.25,0.44
7/19/2019 12:00,9.25,0.57
7/19/2019 13:00,11.0,0.67
7/19/2019 14:00,12.0,0.74
7/19/2019 15:00,11.75,0.72
7/19/2019 16:00,10.75,0.66
7/19/2019 17:00,9.0,0.55
7/19/2019 18:00,7.0,0.43
7/19/2019 19:00,4.0,0.25
7/19/2019 20:00,1.25,0.08
7/19/2019 21:00,0.0,0.0
7/19/2019 22:00,0.0,0.0
7/19/2019 23:00,0.0,0.0
7/20/2019 0:00,0.0,0.0
7/20/2019 1:00,0.0,0.0
7/20/2019 2:00,0.0,0.0
7/20/2019 3:00,0.0,0.0
7/20/2019 4:00,0.0,0.0
7/20/2019 5:00,0.0,0.0
7/20/2019 6:00,0.0,0.0
7/20/2019 7:00,0.0,0.0
7/20/2019 8:00,0.75,0.05
7/20/2019 9:00,2.25,0.14
7/20/2019 10:00,4.5,0.28
7/20/2019 11:00,6.75,0.41
7/20/2019 12:00,9.25,0.57
7/20/2019 13:00,10.5,0.64
7/20/2019 14:00,11.5,0.7
7/20/2019 15:00,11.5,0.7
7/20/2019 16:00,10.25,0.63
7/20/2019 17:00,8.5,0.52
7/20/2019 18:00,6.5,0.4
7/20/2019 19:00,3.5,0.21
7/20/2019 20:00,1.25,0.08
7/20/2019 21:00,0.25,0.02
7/20/2019 22:00,0.0,0.0
7/20/2019 23:00,0.0,0.0
7/21/2019 0:00,0.0,0.0
7/21/2019 1:00,0.0,0.0
7/21/2019 2:00,0.0,0.0
7/21/2019 3:00,0.0,0.0
7/21/2019 4:00,0.0,0.0
7/21/2019 5:00,0.0,0.0
7/21/2019 6:00,0.0,0.0
7/21/2019 7:00,0.0,0.0
7/21/2019 8:00,0.75,0.05
7/21/2019 9:00,2.25,0.14
7/21/2019 10:00,4.5,0.28
7/21/2019 11:00,6.75,0.41
7/21/2019 12:00,9.0,0.55
7/21/2019 13:00,10.75,0.66
7/21/2019 14:00,11.5,0.7
7/21/2019 15:00,11.25,0.69
7/21/2019 16:00,10.25,0.63
7/21/2019 17:00,8.5,0.52
7/21/2019 18:00,6.25,0.38
7/21/2019 19:00,3.5,0.21
7/21/2019 20:00,1.25,0.08
7/21/2019 21:00,0.25,0.02
7/21/2019 22:00,0.0,0.0
7/21/2019 23:00,0.0,0.0
7/22/2019 0:00,0.0,0.0
7/22/2019 1:00,0.0,0.0
7/22/2019 2:00,0.0,0.0
7/22/2019 3:00,0.0,0.0
7/22/2019 4:00,0.0,0.0
7/22/2019 5:00,0.0,0.0
7/22/2019 6:00,0.0,0.0
7/22/2019 7:00,0.0,0.0
7/22/2019 8:00,0.75,0.05
7/22/2019 9:00,2.0,0.12
7/22/2019 10:00,4.25,0.26
7/22/2019 11:00,6.75,0.41
7/22/2019 12:00,8.5,0.52
7/22/2019 13:00,10.25,0.63
7/22/2019 14:00,10.75,0.66
7/22/2019 15:00,10.25,0.63
7/22/2019 16:00,9.25,0.57
7/22/2019 17:00,8.25,0.51
7/22/2019 18:00,6.25,0.38
7/22/2019 19:00,3.5,0.21
7/22/2019 20:00,1.25,0.08
7/22/2019 21:00,0.0,0.0
7/22/2019 22:00,0.0,0.0
7/22/2019 23:00,0.0,0.0
7/23/2019 0:00,0.0,0.0
7/23/2019 1:00,0.0,0.0
7/23/2019 2:00,0.0,0.0
7/23/2019 3:00,0.0,0.0
7/23/2019 4:00,0.0,0.0
7/23/2019 5:00,0.0,0.0
7/23/2019 6:00,0.0,0.0
7/23/2019 7:00,0.0,0.0
7/23/2019 8:00,0.75,0.05
7/23/2019 9:00,1.5,0.09
7/23/2019 10:00,3.5,0.21
7/23/2019 11:00,3.0,0.18
7/23/2019 12:00,5.0,0.31
7/23/2019 13:00,7.0,0.43
7/23/2019 14:00,10.75,0.66
7/23/2019 15:00,11.0,0.67
7/23/2019 16:00,10.0,0.61
7/23/2019 17:00,8.75,0.54
7/23/2019 18:00,6.25,0.38
7/23/2019 19:00,3.75,0.23
7/23/2019 20:00,1.0,0.06
7/23/2019 21:00,0.25,0.02
7/23/2019 22:00,0.0,0.0
7/23/2019 23:00,0.0,0.0
7/24/2019 0:00,0.0,0.0
7/24/2019 1:00,0.0,0.0
7/24/2019 2:00,0.0,0.0
7/24/2019 3:00,0.0,0.0
7/24/2019 4:00,0.0,0.0
7/24/2019 5:00,0.0,0.0
7/24/2019 6:00,0.0,0.0
7/24/2019 7:00,0.0,0.0
7/24/2019 8:00,0.75,0.05
7/24/2019 9:00,2.0,0.12
7/24/2019 10:00,4.75,0.29
7/24/2019 11:00,7.0,0.43
7/24/2019 12:00,9.25,0.57
7/24/2019 13:00,10.5,0.64
7/24/2019 14:00,11.5,0.7
7/24/2019 15:00,11.5,0.7
7/24/2019 16:00,10.75,0.66
7/24/2019 17:00,9.0,0.55
7/24/2019 18:00,6.5,0.4
7/24/2019 19:00,3.5,0.21
7/24/2019 20:00,1.25,0.08
7/24/2019 21:00,0.0,0.0
7/24/2019 22:00,0.0,0.0
7/24/2019 23:00,0.0,0.0
7/25/2019 0:00,0.0,0.0
7/25/2019 1:00,0.0,0.0
7/25/2019 2:00,0.0,0.0
7/25/2019 3:00,0.0,0.0
7/25/2019 4:00,0.0,0.0
7/25/2019 5:00,0.0,0.0
7/25/2019 6:00,0.0,0.0
7/25/2019 7:00,0.0,0.0
7/25/2019 8:00,0.75,0.05
7/25/2019 9:00,2.25,0.14
7/25/2019 10:00,4.25,0.26
7/25/2019 11:00,7.0,0.43
7/25/2019 12:00,9.0,0.55
7/25/2019 13:00,10.75,0.66
7/25/2019 14:00,12.0,0.74
7/25/2019 15:00,11.75,0.72
7/25/2019 16:00,10.75,0.66
7/25/2019 17:00,9.0,0.55
7/25/2019 18:00,7.0,0.43
7/25/2019 19:00,3.75,0.23
7/25/2019 20:00,1.0,0.06
7/25/2019 21:00,0.0,0.0
7/25/2019 22:00,0.0,0.0
7/25/2019 23:00,0.0,0.0
7/26/2019 0:00,0.0,0.0
7/26/2019 1:00,0.0,0.0
7/26/2019 2:00,0.0,0.0
7/26/2019 3:00,0.0,0.0
7/26/2019 4:00,0.0,0.0
7/26/2019 5:00,0.0,0.0
7/26/2019 6:00,0.0,0.0
7/26/2019 7:00,0.0,0.0
7/26/2019 8:00,0.75,0.05
7/26/2019 9:00,2.5,0.15
7/26/2019 10:00,4.5,0.28
7/26/2019 11:00,7.5,0.46
7/26/2019 12:00,9.5,0.58
7/26/2019 13:00,10.75,0.66
7/26/2019 14:00,12.0,0.74
7/26/2019 15:00,11.5,0.7
7/26/2019 16:00,10.25,0.63
7/26/2019 17:00,9.0,0.55
7/26/2019 18:00,6.5,0.4
7/26/2019 19:00,3.75,0.23
7/26/2019 20:00,1.25,0.08
7/26/2019 21:00,0.0,0.0
7/26/2019 22:00,0.0,0.0
7/26/2019 23:00,0.0,0.0
7/27/2019 0:00,0.0,0.0
7/27/2019 1:00,0.0,0.0
7/27/2019 2:00,0.0,0.0
7/27/2019 3:00,0.0,0.0
7/27/2019 4:00,0.0,0.0
7/27/2019 5:00,0.0,0.0
7/27/2019 6:00,0.0,0.0
7/27/2019 7:00,0.0,0.0
7/27/2019 8:00,0.5,0.03
7/27/2019 9:00,2.25,0.14
7/27/2019 10:00,3.75,0.23
7/27/2019 11:00,4.5,0.28
7/27/2019 12:00,5.25,0.32
7/27/2019 13:00,8.75,0.54
7/27/2019 14:00,10.75,0.66
7/27/2019 15:00,10.5,0.64
7/27/2019 16:00,9.25,0.57
7/27/2019 17:00,4.75,0.29
7/27/2019 18:00,6.0,0.37
7/27/2019 19:00,3.75,0.23
7/27/2019 20:00,1.25,0.08
7/27/2019 21:00,0.0,0.0
7/27/2019 22:00,0.0,0.0
7/27/2019 23:00,0.0,0.0
7/28/2019 0:00,0.0,0.0
7/28/2019 1:00,0.0,0.0
7/28/2019 2:00,0.0,0.0
7/28/2019 3:00,0.0,0.0
7/28/2019 4:00,0.0,0.0
7/28/2019 5:00,0.0,0.0
7/28/2019 6:00,0.0,0.0
7/28/2019 7:00,0.0,0.0
7/28/2019 8:00,0.75,0.05
7/28/2019 9:00,2.25,0.14
7/28/2019 10:00,4.5,0.28
7/28/2019 11:00,7.5,0.46
7/28/2019 12:00,9.5,0.58
7/28/2019 13:00,11.25,0.69
7/28/2019 14:00,12.25,0.75
7/28/2019 15:00,11.75,0.72
7/28/2019 16:00,11.0,0.67
7/28/2019 17:00,9.0,0.55
7/28/2019 18:00,7.0,0.43
7/28/2019 19:00,3.75,0.23
7/28/2019 20:00,1.0,0.06
7/28/2019 21:00,0.0,0.0
7/28/2019 22:00,0.0,0.0
7/28/2019 23:00,0.0,0.0
7/29/2019 0:00,0.0,0.0
7/29/2019 1:00,0.0,0.0
7/29/2019 2:00,0.0,0.0
7/29/2019 3:00,0.0,0.0
7/29/2019 4:00,0.0,0.0
7/29/2019 5:00,0.0,0.0
7/29/2019 6:00,0.0,0.0
7/29/2019 7:00,0.0,0.0
7/29/2019 8:00,0.5,0.03
7/29/2019 9:00,2.25,0.14
7/29/2019 10:00,4.75,0.29
7/29/2019 11:00,7.5,0.46
7/29/2019 12:00,9.25,0.57
7/29/2019 13:00,11.0,0.67
7/29/2019 14:00,12.0,0.74
7/29/2019 15:00,12.0,0.74
7/29/2019 16:00,10.75,0.66
7/29/2019 17:00,9.25,0.57
7/29/2019 18:00,6.75,0.41
7/29/2019 19:00,3.5,0.21
7/29/2019 20:00,1.0,0.06
7/29/2019 21:00,0.0,0.0
7/29/2019 22:00,0.0,0.0
7/29/2019 23:00,0.0,0.0
7/30/2019 0:00,0.0,0.0
7/30/2019 1:00,0.0,0.0
7/30/2019 2:00,0.0,0.0
7/30/2019 3:00,0.0,0.0
7/30/2019 4:00,0.0,0.0
7/30/2019 5:00,0.0,0.0
7/30/2019 6:00,0.0,0.0
7/30/2019 7:00,0.0,0.0
7/30/2019 8:00,0.75,0.05
7/30/2019 9:00,2.25,0.14
7/30/2019 10:00,5.0,0.31
7/30/2019 11:00,8.0,0.49
7/30/2019 12:00,10.0,0.61
7/30/2019 13:00,11.5,0.7
7/30/2019 14:00,12.25,0.75
7/30/2019 15:00,11.75,0.72
7/30/2019 16:00,10.75,0.66
7/30/2019 17:00,9.25,0.57
7/30/2019 18:00,6.75,0.41
7/30/2019 19:00,3.75,0.23
7/30/2019 20:00,1.0,0.06
7/30/2019 21:00,0.0,0.0
7/30/2019 22:00,0.0,0.0
7/30/2019 23:00,0.0,0.0
7/31/2019 0:00,0.0,0.0
7/31/2019 1:00,0.0,0.0
7/31/2019 2:00,0.0,0.0
7/31/2019 3:00,0.0,0.0
7/31/2019 4:00,0.0,0.0
7/31/2019 5:00,0.0,0.0
7/31/2019 6:00,0.0,0.0
7/31/2019 7:00,0.0,0.0
7/31/2019 8:00,0.5,0.03
7/31/2019 9:00,2.25,0.14
7/31/2019 10:00,4.5,0.28
7/31/2019 11:00,7.0,0.43
7/31/2019 12:00,9.0,0.55
7/31/2019 13:00,10.5,0.64
7/31/2019 14:00,11.25,0.69
7/31/2019 15:00,11.75,0.72
7/31/2019 16:00,10.5,0.64
7/31/2019 17:00,8.75,0.54
7/31/2019 18:00,6.75,0.41
7/31/2019 19:00,3.5,0.21
7/31/2019 20:00,1.0,0.06
7/31/2019 21:00,0.0,0.0
7/31/2019 22:00,0.0,0.0
7/31/2019 23:00,0.0,0.0
8/1/2019 0:00,0.0,0.0
8/1/2019 1:00,0.0,0.0
8/1/2019 2:00,0.0,0.0
8/1/2019 3:00,0.0,0.0
8/1/2019 4:00,0.0,0.0
8/1/2019 5:00,0.0,0.0
8/1/2019 6:00,0.0,0.0
8/1/2019 7:00,0.0,0.0
8/1/2019 8:00,0.5,0.03
8/1/2019 9:00,2.0,0.12
8/1/2019 10:00,4.5,0.28
8/1/2019 11:00,7.0,0.43
8/1/2019 12:00,9.0,0.55
8/1/2019 13:00,10.75,0.66
8/1/2019 14:00,12.0,0.74
8/1/2019 15:00,11.5,0.7
8/1/2019 16:00,11.0,0.67
8/1/2019 17:00,9.0,0.55
8/1/2019 18:00,6.5,0.4
8/1/2019 19:00,3.75,0.23
8/1/2019 20:00,0.75,0.05
8/1/2019 21:00,0.0,0.0
8/1/2019 22:00,0.0,0.0
8/1/2019 23:00,0.0,0.0
8/2/2019 0:00,0.0,0.0
8/2/2019 1:00,0.0,0.0
8/2/2019 2:00,0.0,0.0
8/2/2019 3:00,0.0,0.0
8/2/2019 4:00,0.0,0.0
8/2/2019 5:00,0.0,0.0
8/2/2019 6:00,0.0,0.0
8/2/2019 7:00,0.25,0.02
8/2/2019 8:00,0.5,0.03
8/2/2019 9:00,2.0,0.12
8/2/2019 10:00,4.75,0.29
8/2/2019 11:00,7.25,0.44
8/2/2019 12:00,9.25,0.57
8/2/2019 13:00,11.25,0.69
8/2/2019 14:00,12.25,0.75
8/2/2019 15:00,12.0,0.74
8/2/2019 16:00,10.75,0.66
8/2/2019 17:00,9.25,0.57
8/2/2019 18:00,6.75,0.41
8/2/2019 19:00,3.5,0.21
8/2/2019 20:00,0.75,0.05
8/2/2019 21:00,0.0,0.0
8/2/2019 22:00,0.0,0.0
8/2/2019 23:00,0.0,0.0
8/3/2019 0:00,0.0,0.0
8/3/2019 1:00,0.0,0.0
8/3/2019 2:00,0.0,0.0
8/3/2019 3:00,0.0,0.0
8/3/2019 4:00,0.0,0.0
8/3/2019 5:00,0.0,0.0
8/3/2019 6:00,0.0,0.0
8/3/2019 7:00,0.0,0.0
8/3/2019 8:00,0.5,0.03
8/3/2019 9:00,2.25,0.14
8/3/2019 10:00,4.5,0.28
8/3/2019 11:00,7.0,0.43
8/3/2019 12:00,9.25,0.57
8/3/2019 13:00,11.25,0.69
8/3/2019 14:00,12.0,0.74
8/3/2019 15:00,11.75,0.72
8/3/2019 16:00,10.75,0.66
8/3/2019 17:00,9.0,0.55
8/3/2019 18:00,6.75,0.41
8/3/2019 19:00,3.5,0.21
8/3/2019 20:00,0.75,0.05
8/3/2019 21:00,0.0,0.0
8/3/2019 22:00,0.0,0.0
8/3/2019 23:00,0.0,0.0
8/4/2019 0:00,0.0,0.0
8/4/2019 1:00,0.0,0.0
8/4/2019 2:00,0.0,0.0
8/4/2019 3:00,0.0,0.0
8/4/2019 4:00,0.0,0.0
8/4/2019 5:00,0.0,0.0
8/4/2019 6:00,0.0,0.0
8/4/2019 7:00,0.0,0.0
8/4/2019 8:00,0.5,0.03
8/4/2019 9:00,2.0,0.12
8/4/2019 10:00,4.5,0.28
8/4/2019 11:00,7.0,0.43
8/4/2019 12:00,9.25,0.57
8/4/2019 13:00,11.0,0.67
8/4/2019 14:00,12.0,0.74
8/4/2019 15:00,11.75,0.72
8/4/2019 16:00,10.75,0.66
8/4/2019 17:00,9.0,0.55
8/4/2019 18:00,6.5,0.4
8/4/2019 19:00,3.5,0.21
8/4/2019 20:00,0.75,0.05
8/4/2019 21:00,0.0,0.0
8/4/2019 22:00,0.0,0.0
8/4/2019 23:00,0.0,0.0
8/5/2019 0:00,0.0,0.0
8/5/2019 1:00,0.0,0.0
8/5/2019 2:00,0.0,0.0
8/5/2019 3:00,0.0,0.0
8/5/2019 4:00,0.0,0.0
8/5/2019 5:00,0.0,0.0
8/5/2019 6:00,0.0,0.0
8/5/2019 7:00,0.25,0.02
8/5/2019 8:00,0.25,0.02
8/5/2019 9:00,2.25,0.14
8/5/2019 10:00,4.25,0.26
8/5/2019 11:00,7.25,0.44
8/5/2019 12:00,9.25,0.57
8/5/2019 13:00,11.25,0.69
8/5/2019 14:00,12.0,0.74
8/5/2019 15:00,11.75,0.72
8/5/2019 16:00,11.0,0.67
8/5/2019 17:00,9.25,0.57
8/5/2019 18:00,6.5,0.4
8/5/2019 19:00,3.5,0.21
8/5/2019 20:00,0.75,0.05
8/5/2019 21:00,0.25,0.02
8/5/2019 22:00,0.0,0.0
8/5/2019 23:00,0.0,0.0
8/6/2019 0:00,0.0,0.0
8/6/2019 1:00,0.0,0.0
8/6/2019 2:00,0.0,0.0
8/6/2019 3:00,0.0,0.0
8/6/2019 4:00,0.0,0.0
8/6/2019 5:00,0.0,0.0
8/6/2019 6:00,0.0,0.0
8/6/2019 7:00,0.0,0.0
8/6/2019 8:00,0.25,0.02
8/6/2019 9:00,2.25,0.14
8/6/2019 10:00,4.25,0.26
8/6/2019 11:00,7.25,0.44
8/6/2019 12:00,9.25,0.57
8/6/2019 13:00,11.25,0.69
8/6/2019 14:00,11.75,0.72
8/6/2019 15:00,11.5,0.7
8/6/2019 16:00,10.75,0.66
8/6/2019 17:00,9.0,0.55
8/6/2019 18:00,5.75,0.35
8/6/2019 19:00,3.5,0.21
8/6/2019 20:00,1.0,0.06
8/6/2019 21:00,0.0,0.0
8/6/2019 22:00,0.0,0.0
8/6/2019 23:00,0.0,0.0
8/7/2019 0:00,0.0,0.0
8/7/2019 1:00,0.0,0.0
8/7/2019 2:00,0.0,0.0
8/7/2019 3:00,0.0,0.0
8/7/2019 4:00,0.0,0.0
8/7/2019 5:00,0.0,0.0
8/7/2019 6:00,0.0,0.0
8/7/2019 7:00,0.0,0.0
8/7/2019 8:00,0.5,0.03
8/7/2019 9:00,1.75,0.11
8/7/2019 10:00,4.25,0.26
8/7/2019 11:00,4.5,0.28
8/7/2019 12:00,7.0,0.43
8/7/2019 13:00,8.0,0.49
8/7/2019 14:00,8.5,0.52
8/7/2019 15:00,6.5,0.4
8/7/2019 16:00,5.75,0.35
8/7/2019 17:00,6.75,0.41
8/7/2019 18:00,4.75,0.29
8/7/2019 19:00,3.75,0.23
8/7/2019 20:00,1.25,0.08
8/7/2019 21:00,0.0,0.0
8/7/2019 22:00,0.0,0.0
8/7/2019 23:00,0.0,0.0
8/8/2019 0:00,0.0,0.0
8/8/2019 1:00,0.0,0.0
8/8/2019 2:00,0.0,0.0
8/8/2019 3:00,0.0,0.0
8/8/2019 4:00,0.0,0.0
8/8/2019 5:00,0.0,0.0
8/8/2019 6:00,0.0,0.0
8/8/2019 7:00,0.0,0.0
8/8/2019 8:00,0.5,0.03
8/8/2019 9:00,2.0,0.12
8/8/2019 10:00,4.25,0.26
8/8/2019 11:00,7.25,0.44
8/8/2019 12:00,9.25,0.57
8/8/2019 13:00,11.0,0.67
8/8/2019 14:00,12.0,0.74
8/8/2019 15:00,12.0,0.74
8/8/2019 16:00,11.0,0.67
8/8/2019 17:00,9.0,0.55
8/8/2019 18:00,6.75,0.41
8/8/2019 19:00,3.25,0.2
8/8/2019 20:00,0.75,0.05
8/8/2019 21:00,0.25,0.02
8/8/2019 22:00,0.0,0.0
8/8/2019 23:00,0.0,0.0
8/9/2019 0:00,0.0,0.0
8/9/2019 1:00,0.0,0.0
8/9/2019 2:00,0.0,0.0
8/9/2019 3:00,0.0,0.0
8/9/2019 4:00,0.0,0.0
8/9/2019 5:00,0.0,0.0
8/9/2019 6:00,0.0,0.0
8/9/2019 7:00,0.0,0.0
8/9/2019 8:00,0.75,0.05
8/9/2019 9:00,1.5,0.09
8/9/2019 10:00,3.75,0.23
8/9/2019 11:00,5.75,0.35
8/9/2019 12:00,9.25,0.57
8/9/2019 13:00,11.0,0.67
8/9/2019 14:00,11.75,0.72
8/9/2019 15:00,11.5,0.7
8/9/2019 16:00,10.5,0.64
8/9/2019 17:00,8.75,0.54
8/9/2019 18:00,6.5,0.4
8/9/2019 19:00,3.25,0.2
8/9/2019 20:00,0.75,0.05
8/9/2019 21:00,0.0,0.0
8/9/2019 22:00,0.0,0.0
8/9/2019 23:00,0.0,0.0
8/10/2019 0:00,0.0,0.0
8/10/2019 1:00,0.0,0.0
8/10/2019 2:00,0.0,0.0
8/10/2019 3:00,0.0,0.0
8/10/2019 4:00,0.0,0.0
8/10/2019 5:00,0.0,0.0
8/10/2019 6:00,0.0,0.0
8/10/2019 7:00,0.0,0.0
8/10/2019 8:00,0.25,0.02
8/10/2019 9:00,2.0,0.12
8/10/2019 10:00,4.25,0.26
8/10/2019 11:00,7.0,0.43
8/10/2019 12:00,9.0,0.55
8/10/2019 13:00,10.75,0.66
8/10/2019 14:00,12.0,0.74
8/10/2019 15:00,11.75,0.72
8/10/2019 16:00,10.75,0.66
8/10/2019 17:00,8.75,0.54
8/10/2019 18:00,6.5,0.4
8/10/2019 19:00,3.25,0.2
8/10/2019 20:00,0.5,0.03
8/10/2019 21:00,0.25,0.02
8/10/2019 22:00,0.0,0.0
8/10/2019 23:00,0.0,0.0
8/11/2019 0:00,0.0,0.0
8/11/2019 1:00,0.0,0.0
8/11/2019 2:00,0.0,0.0
8/11/2019 3:00,0.0,0.0
8/11/2019 4:00,0.0,0.0
8/11/2019 5:00,0.0,0.0
8/11/2019 6:00,0.0,0.0
8/11/2019 7:00,0.0,0.0
8/11/2019 8:00,0.5,0.03
8/11/2019 9:00,1.75,0.11
8/11/2019 10:00,4.25,0.26
8/11/2019 11:00,7.25,0.44
8/11/2019 12:00,9.25,0.57
8/11/2019 13:00,11.0,0.67
8/11/2019 14:00,9.75,0.6
8/11/2019 15:00,10.0,0.61
8/11/2019 16:00,9.75,0.6
8/11/2019 17:00,8.75,0.54
8/11/2019 18:00,6.25,0.38
8/11/2019 19:00,3.25,0.2
8/11/2019 20:00,0.75,0.05
8/11/2019 21:00,0.0,0.0
8/11/2019 22:00,0.0,0.0
8/11/2019 23:00,0.0,0.0
8/12/2019 0:00,0.0,0.0
8/12/2019 1:00,0.0,0.0
8/12/2019 2:00,0.0,0.0
8/12/2019 3:00,0.0,0.0
8/12/2019 4:00,0.0,0.0
8/12/2019 5:00,0.0,0.0
8/12/2019 6:00,0.0,0.0
8/12/2019 7:00,0.0,0.0
8/12/2019 8:00,0.5,0.03
8/12/2019 9:00,1.75,0.11
8/12/2019 10:00,4.5,0.28
8/12/2019 11:00,7.25,0.44
8/12/2019 12:00,9.5,0.58
8/12/2019 13:00,11.0,0.67
8/12/2019 14:00,11.75,0.72
8/12/2019 15:00,11.75,0.72
8/12/2019 16:00,10.75,0.66
8/12/2019 17:00,9.0,0.55
8/12/2019 18:00,6.0,0.37
8/12/2019 19:00,3.25,0.2
8/12/2019 20:00,0.75,0.05
8/12/2019 21:00,0.0,0.0
8/12/2019 22:00,0.0,0.0
8/12/2019 23:00,0.0,0.0
8/13/2019 0:00,0.0,0.0
8/13/2019 1:00,0.0,0.0
8/13/2019 2:00,0.0,0.0
8/13/2019 3:00,0.0,0.0
8/13/2019 4:00,0.0,0.0
8/13/2019 5:00,0.0,0.0
8/13/2019 6:00,0.0,0.0
8/13/2019 7:00,0.0,0.0
8/13/2019 8:00,0.5,0.03
8/13/2019 9:00,1.75,0.11
8/13/2019 10:00,4.25,0.26
8/13/2019 11:00,6.75,0.41
8/13/2019 12:00,9.0,0.55
8/13/2019 13:00,10.75,0.66
8/13/2019 14:00,11.5,0.7
8/13/2019 15:00,11.5,0.7
8/13/2019 16:00,10.0,0.61
8/13/2019 17:00,8.75,0.54
8/13/2019 18:00,6.25,0.38
8/13/2019 19:00,3.25,0.2
8/13/2019 20:00,0.5,0.03
8/13/2019 21:00,0.0,0.0
8/13/2019 22:00,0.0,0.0
8/13/2019 23:00,0.0,0.0
8/14/2019 0:00,0.0,0.0
8/14/2019 1:00,0.0,0.0
8/14/2019 2:00,0.0,0.0
8/14/2019 3:00,0.0,0.0
8/14/2019 4:00,0.0,0.0
8/14/2019 5:00,0.0,0.0
8/14/2019 6:00,0.0,0.0
8/14/2019 7:00,0.0,0.0
8/14/2019 8:00,0.5,0.03
8/14/2019 9:00,1.75,0.11
8/14/2019 10:00,4.0,0.25
8/14/2019 11:00,6.5,0.4
8/14/2019 12:00,8.5,0.52
8/14/2019 13:00,10.0,0.61
8/14/2019 14:00,11.0,0.67
8/14/2019 15:00,11.0,0.67
8/14/2019 16:00,10.25,0.63
8/14/2019 17:00,8.5,0.52
8/14/2019 18:00,6.0,0.37
8/14/2019 19:00,3.0,0.18
8/14/2019 20:00,0.5,0.03
8/14/2019 21:00,0.0,0.0
8/14/2019 22:00,0.0,0.0
8/14/2019 23:00,0.0,0.0
8/15/2019 0:00,0.0,0.0
8/15/2019 1:00,0.0,0.0
8/15/2019 2:00,0.0,0.0
8/15/2019 3:00,0.0,0.0
8/15/2019 4:00,0.0,0.0
8/15/2019 5:00,0.0,0.0
8/15/2019 6:00,0.0,0.0
8/15/2019 7:00,0.0,0.0
8/15/2019 8:00,0.5,0.03
8/15/2019 9:00,1.5,0.09
8/15/2019 10:00,4.0,0.25
8/15/2019 11:00,6.5,0.4
8/15/2019 12:00,8.75,0.54
8/15/2019 13:00,10.0,0.61
8/15/2019 14:00,11.0,0.67
8/15/2019 15:00,11.0,0.67
8/15/2019 16:00,10.5,0.64
8/15/2019 17:00,8.5,0.52
8/15/2019 18:00,6.0,0.37
8/15/2019 19:00,3.0,0.18
8/15/2019 20:00,0.5,0.03
8/15/2019 21:00,0.0,0.0
8/15/2019 22:00,0.0,0.0
8/15/2019 23:00,0.0,0.0
8/16/2019 0:00,0.0,0.0
8/16/2019 1:00,0.0,0.0
8/16/2019 2:00,0.0,0.0
8/16/2019 3:00,0.0,0.0
8/16/2019 4:00,0.0,0.0
8/16/2019 5:00,0.0,0.0
8/16/2019 6:00,0.0,0.0
8/16/2019 7:00,0.0,0.0
8/16/2019 8:00,0.25,0.02
8/16/2019 9:00,1.75,0.11
8/16/2019 10:00,4.0,0.25
8/16/2019 11:00,6.5,0.4
8/16/2019 12:00,8.75,0.54
8/16/2019 13:00,10.5,0.64
8/16/2019 14:00,11.5,0.7
8/16/2019 15:00,11.25,0.69
8/16/2019 16:00,10.5,0.64
8/16/2019 17:00,8.75,0.54
8/16/2019 18:00,6.0,0.37
8/16/2019 19:00,3.0,0.18
8/16/2019 20:00,0.5,0.03
8/16/2019 21:00,0.0,0.0
8/16/2019 22:00,0.0,0.0
8/16/2019 23:00,0.0,0.0
8/17/2019 0:00,0.0,0.0
8/17/2019 1:00,0.0,0.0
8/17/2019 2:00,0.0,0.0
8/17/2019 3:00,0.0,0.0
8/17/2019 4:00,0.0,0.0
8/17/2019 5:00,0.0,0.0
8/17/2019 6:00,0.0,0.0
8/17/2019 7:00,0.0,0.0
8/17/2019 8:00,0.25,0.02
8/17/2019 9:00,1.75,0.11
8/17/2019 10:00,4.0,0.25
8/17/2019 11:00,6.5,0.4
8/17/2019 12:00,8.75,0.54
8/17/2019 13:00,10.5,0.64
8/17/2019 14:00,11.25,0.69
8/17/2019 15:00,11.5,0.7
8/17/2019 16:00,10.25,0.63
8/17/2019 17:00,8.25,0.51
8/17/2019 18:00,6.25,0.38
8/17/2019 19:00,3.0,0.18
8/17/2019 20:00,0.5,0.03
8/17/2019 21:00,0.0,0.0
8/17/2019 22:00,0.0,0.0
8/17/2019 23:00,0.0,0.0
8/18/2019 0:00,0.0,0.0
8/18/2019 1:00,0.0,0.0
8/18/2019 2:00,0.0,0.0
8/18/2019 3:00,0.0,0.0
8/18/2019 4:00,0.0,0.0
8/18/2019 5:00,0.0,0.0
8/18/2019 6:00,0.0,0.0
8/18/2019 7:00,0.0,0.0
8/18/2019 8:00,0.25,0.02
8/18/2019 9:00,1.75,0.11
8/18/2019 10:00,4.0,0.25
8/18/2019 11:00,6.75,0.41
8/18/2019 12:00,9.0,0.55
8/18/2019 13:00,10.75,0.66
8/18/2019 14:00,11.5,0.7
8/18/2019 15:00,11.5,0.7
8/18/2019 16:00,10.25,0.63
8/18/2019 17:00,8.75,0.54
8/18/2019 18:00,6.0,0.37
8/18/2019 19:00,3.0,0.18
8/18/2019 20:00,0.5,0.03
8/18/2019 21:00,0.0,0.0
8/18/2019 22:00,0.0,0.0
8/18/2019 23:00,0.0,0.0
8/19/2019 0:00,0.0,0.0
8/19/2019 1:00,0.0,0.0
8/19/2019 2:00,0.0,0.0
8/19/2019 3:00,0.0,0.0
8/19/2019 4:00,0.0,0.0
8/19/2019 5:00,0.0,0.0
8/19/2019 6:00,0.0,0.0
8/19/2019 7:00,0.0,0.0
8/19/2019 8:00,0.25,0.02
8/19/2019 9:00,1.5,0.09
8/19/2019 10:00,4.0,0.25
8/19/2019 11:00,6.5,0.4
8/19/2019 12:00,8.75,0.54
8/19/2019 13:00,10.75,0.66
8/19/2019 14:00,11.25,0.69
8/19/2019 15:00,11.5,0.7
8/19/2019 16:00,10.25,0.63
8/19/2019 17:00,8.5,0.52
8/19/2019 18:00,6.25,0.38
8/19/2019 19:00,2.75,0.17
8/19/2019 20:00,0.5,0.03
8/19/2019 21:00,0.0,0.0
8/19/2019 22:00,0.0,0.0
8/19/2019 23:00,0.0,0.0
8/20/2019 0:00,0.0,0.0
8/20/2019 1:00,0.0,0.0
8/20/2019 2:00,0.0,0.0
8/20/2019 3:00,0.0,0.0
8/20/2019 4:00,0.0,0.0
8/20/2019 5:00,0.0,0.0
8/20/2019 6:00,0.0,0.0
8/20/2019 7:00,0.0,0.0
8/20/2019 8:00,0.25,0.02
8/20/2019 9:00,1.75,0.11
8/20/2019 10:00,3.75,0.23
8/20/2019 11:00,6.75,0.41
8/20/2019 12:00,9.0,0.55
8/20/2019 13:00,11.0,0.67
8/20/2019 14:00,11.75,0.72
8/20/2019 15:00,11.75,0.72
8/20/2019 16:00,10.5,0.64
8/20/2019 17:00,8.75,0.54
8/20/2019 18:00,6.0,0.37
8/20/2019 19:00,3.0,0.18
8/20/2019 20:00,0.5,0.03
8/20/2019 21:00,0.0,0.0
8/20/2019 22:00,0.0,0.0
8/20/2019 23:00,0.0,0.0
8/21/2019 0:00,0.0,0.0
8/21/2019 1:00,0.0,0.0
8/21/2019 2:00,0.0,0.0
8/21/2019 3:00,0.0,0.0
8/21/2019 4:00,0.0,0.0
8/21/2019 5:00,0.0,0.0
8/21/2019 6:00,0.0,0.0
8/21/2019 7:00,0.0,0.0
8/21/2019 8:00,0.25,0.02
8/21/2019 9:00,1.5,0.09
8/21/2019 10:00,3.75,0.23
8/21/2019 11:00,6.0,0.37
8/21/2019 12:00,8.5,0.52
8/21/2019 13:00,9.75,0.6
8/21/2019 14:00,10.5,0.64
8/21/2019 15:00,10.75,0.66
8/21/2019 16:00,9.5,0.58
8/21/2019 17:00,8.0,0.49
8/21/2019 18:00,5.75,0.35
8/21/2019 19:00,2.5,0.15
8/21/2019 20:00,0.75,0.05
8/21/2019 21:00,0.0,0.0
8/21/2019 22:00,0.0,0.0
8/21/2019 23:00,0.0,0.0
8/22/2019 0:00,0.0,0.0
8/22/2019 1:00,0.0,0.0
8/22/2019 2:00,0.0,0.0
8/22/2019 3:00,0.0,0.0
8/22/2019 4:00,0.0,0.0
8/22/2019 5:00,0.0,0.0
8/22/2019 6:00,0.0,0.0
8/22/2019 7:00,0.0,0.0
8/22/2019 8:00,0.25,0.02
8/22/2019 9:00,1.5,0.09
8/22/2019 10:00,3.5,0.21
8/22/2019 11:00,6.25,0.38
8/22/2019 12:00,8.25,0.51
8/22/2019 13:00,9.75,0.6
8/22/2019 14:00,10.25,0.63
8/22/2019 15:00,10.25,0.63
8/22/2019 16:00,9.5,0.58
8/22/2019 17:00,7.75,0.47
8/22/2019 18:00,5.5,0.34
8/22/2019 19:00,2.5,0.15
8/22/2019 20:00,0.5,0.03
8/22/2019 21:00,0.0,0.0
8/22/2019 22:00,0.0,0.0
8/22/2019 23:00,0.0,0.0
8/23/2019 0:00,0.0,0.0
8/23/2019 1:00,0.0,0.0
8/23/2019 2:00,0.0,0.0
8/23/2019 3:00,0.0,0.0
8/23/2019 4:00,0.0,0.0
8/23/2019 5:00,0.0,0.0
8/23/2019 6:00,0.0,0.0
8/23/2019 7:00,0.0,0.0
8/23/2019 8:00,0.5,0.03
8/23/2019 9:00,1.25,0.08
8/23/2019 10:00,3.75,0.23
8/23/2019 11:00,6.5,0.4
8/23/2019 12:00,8.5,0.52
8/23/2019 13:00,10.0,0.61
8/23/2019 14:00,10.75,0.66
8/23/2019 15:00,10.75,0.66
8/23/2019 16:00,9.75,0.6
8/23/2019 17:00,8.0,0.49
8/23/2019 18:00,5.75,0.35
8/23/2019 19:00,2.5,0.15
8/23/2019 20:00,0.5,0.03
8/23/2019 21:00,0.0,0.0
8/23/2019 22:00,0.0,0.0
8/23/2019 23:00,0.0,0.0
8/24/2019 0:00,0.0,0.0
8/24/2019 1:00,0.0,0.0
8/24/2019 2:00,0.0,0.0
8/24/2019 3:00,0.0,0.0
8/24/2019 4:00,0.0,0.0
8/24/2019 5:00,0.0,0.0
8/24/2019 6:00,0.0,0.0
8/24/2019 7:00,0.0,0.0
8/24/2019 8:00,0.0,0.0
8/24/2019 9:00,0.0,0.0
8/24/2019 10:00,0.0,0.0
8/24/2019 11:00,0.0,0.0
8/24/2019 12:00,0.0,0.0
8/24/2019 13:00,0.0,0.0
8/24/2019 14:00,0.0,0.0
8/24/2019 15:00,0.0,0.0
8/24/2019 16:00,0.0,0.0
8/24/2019 17:00,0.0,0.0
8/24/2019 18:00,0.0,0.0
8/24/2019 19:00,0.0,0.0
8/24/2019 20:00,0.0,0.0
8/24/2019 21:00,0.0,0.0
8/24/2019 22:00,0.0,0.0
8/24/2019 23:00,0.0,0.0
8/25/2019 0:00,0.0,0.0
8/25/2019 1:00,0.0,0.0
8/25/2019 2:00,0.0,0.0
8/25/2019 3:00,0.0,0.0
8/25/2019 4:00,0.0,0.0
8/25/2019 5:00,0.0,0.0
8/25/2019 6:00,0.0,0.0
8/25/2019 7:00,0.0,0.0
8/25/2019 8:00,0.75,0.05
8/25/2019 9:00,1.25,0.08
8/25/2019 10:00,3.25,0.2
8/25/2019 11:00,6.25,0.38
8/25/2019 12:00,8.5,0.52
8/25/2019 13:00,10.0,0.61
8/25/2019 14:00,10.75,0.66
8/25/2019 15:00,7.75,0.47
8/25/2019 16:00,9.0,0.55
8/25/2019 17:00,5.75,0.35
8/25/2019 18:00,5.5,0.34
8/25/2019 19:00,1.5,0.09
8/25/2019 20:00,0.75,0.05
8/25/2019 21:00,0.0,0.0
8/25/2019 22:00,0.0,0.0
8/25/2019 23:00,0.0,0.0
8/26/2019 0:00,0.0,0.0
8/26/2019 1:00,0.0,0.0
8/26/2019 2:00,0.0,0.0
8/26/2019 3:00,0.0,0.0
8/26/2019 4:00,0.0,0.0
8/26/2019 5:00,0.0,0.0
8/26/2019 6:00,0.0,0.0
8/26/2019 7:00,0.0,0.0
8/26/2019 8:00,0.0,0.0
8/26/2019 9:00,1.25,0.08
8/26/2019 10:00,1.5,0.09
8/26/2019 11:00,2.5,0.15
8/26/2019 12:00,6.75,0.41
8/26/2019 13:00,9.75,0.6
8/26/2019 14:00,10.75,0.66
8/26/2019 15:00,9.25,0.57
8/26/2019 16:00,9.25,0.57
8/26/2019 17:00,7.5,0.46
8/26/2019 18:00,1.25,0.08
8/26/2019 19:00,1.75,0.11
8/26/2019 20:00,0.5,0.03
8/26/2019 21:00,0.0,0.0
8/26/2019 22:00,0.0,0.0
8/26/2019 23:00,0.0,0.0
8/27/2019 0:00,0.0,0.0
8/27/2019 1:00,0.0,0.0
8/27/2019 2:00,0.0,0.0
8/27/2019 3:00,0.0,0.0
8/27/2019 4:00,0.0,0.0
8/27/2019 5:00,0.0,0.0
8/27/2019 6:00,0.0,0.0
8/27/2019 7:00,0.0,0.0
8/27/2019 8:00,0.25,0.02
8/27/2019 9:00,1.25,0.08
8/27/2019 10:00,3.5,0.21
8/27/2019 11:00,6.25,0.38
8/27/2019 12:00,8.25,0.51
8/27/2019 13:00,9.75,0.6
8/27/2019 14:00,10.5,0.64
8/27/2019 15:00,10.5,0.64
8/27/2019 16:00,9.5,0.58
8/27/2019 17:00,8.0,0.49
8/27/2019 18:00,5.25,0.32
8/27/2019 19:00,2.25,0.14
8/27/2019 20:00,0.5,0.03
8/27/2019 21:00,0.0,0.0
8/27/2019 22:00,0.0,0.0
8/27/2019 23:00,0.0,0.0
8/28/2019 0:00,0.0,0.0
8/28/2019 1:00,0.0,0.0
8/28/2019 2:00,0.0,0.0
8/28/2019 3:00,0.0,0.0
8/28/2019 4:00,0.0,0.0
8/28/2019 5:00,0.0,0.0
8/28/2019 6:00,0.0,0.0
8/28/2019 7:00,0.0,0.0
8/28/2019 8:00,0.25,0.02
8/28/2019 9:00,1.25,0.08
8/28/2019 10:00,3.5,0.21
8/28/2019 11:00,6.0,0.37
8/28/2019 12:00,8.25,0.51
8/28/2019 13:00,9.5,0.58
8/28/2019 14:00,10.5,0.64
8/28/2019 15:00,10.75,0.66
8/28/2019 16:00,9.75,0.6
8/28/2019 17:00,7.0,0.43
8/28/2019 18:00,3.5,0.21
8/28/2019 19:00,1.5,0.09
8/28/2019 20:00,0.5,0.03
8/28/2019 21:00,0.0,0.0
8/28/2019 22:00,0.0,0.0
8/28/2019 23:00,0.0,0.0
8/29/2019 0:00,0.0,0.0
8/29/2019 1:00,0.0,0.0
8/29/2019 2:00,0.0,0.0
8/29/2019 3:00,0.0,0.0
8/29/2019 4:00,0.0,0.0
8/29/2019 5:00,0.0,0.0
8/29/2019 6:00,0.0,0.0
8/29/2019 7:00,0.0,0.0
8/29/2019 8:00,0.25,0.02
8/29/2019 9:00,1.0,0.06
8/29/2019 10:00,3.5,0.21
8/29/2019 11:00,6.25,0.38
8/29/2019 12:00,6.75,0.41
8/29/2019 13:00,9.5,0.58
8/29/2019 14:00,10.25,0.63
8/29/2019 15:00,10.5,0.64
8/29/2019 16:00,9.5,0.58
8/29/2019 17:00,7.5,0.46
8/29/2019 18:00,5.25,0.32
8/29/2019 19:00,2.25,0.14
8/29/2019 20:00,0.5,0.03
8/29/2019 21:00,0.0,0.0
8/29/2019 22:00,0.0,0.0
8/29/2019 23:00,0.0,0.0
8/30/2019 0:00,0.0,0.0
8/30/2019 1:00,0.0,0.0
8/30/2019 2:00,0.0,0.0
8/30/2019 3:00,0.0,0.0
8/30/2019 4:00,0.0,0.0
8/30/2019 5:00,0.0,0.0
8/30/2019 6:00,0.0,0.0
8/30/2019 7:00,0.0,0.0
8/30/2019 8:00,0.25,0.02
8/30/2019 9:00,1.25,0.08
8/30/2019 10:00,3.25,0.2
8/30/2019 11:00,5.75,0.35
8/30/2019 12:00,7.75,0.47
8/30/2019 13:00,9.5,0.58
8/30/2019 14:00,10.0,0.61
8/30/2019 15:00,10.0,0.61
8/30/2019 16:00,9.0,0.55
8/30/2019 17:00,7.5,0.46
8/30/2019 18:00,5.0,0.31
8/30/2019 19:00,2.25,0.14
8/30/2019 20:00,0.25,0.02
8/30/2019 21:00,0.0,0.0
8/30/2019 22:00,0.0,0.0
8/30/2019 23:00,0.0,0.0
8/31/2019 0:00,0.0,0.0
8/31/2019 1:00,0.0,0.0
8/31/2019 2:00,0.0,0.0
8/31/2019 3:00,0.0,0.0
8/31/2019 4:00,0.0,0.0
8/31/2019 5:00,0.0,0.0
8/31/2019 6:00,0.0,0.0
8/31/2019 7:00,0.0,0.0
8/31/2019 8:00,0.25,0.02
8/31/2019 9:00,1.25,0.08
8/31/2019 10:00,3.25,0.2
8/31/2019 11:00,5.75,0.35
8/31/2019 12:00,7.75,0.47
8/31/2019 13:00,9.5,0.58
8/31/2019 14:00,10.25,0.63
8/31/2019 15:00,10.25,0.63
8/31/2019 16:00,9.25,0.57
8/31/2019 17:00,7.25,0.44
8/31/2019 18:00,5.0,0.31
8/31/2019 19:00,2.0,0.12
8/31/2019 20:00,0.5,0.03
8/31/2019 21:00,0.0,0.0
8/31/2019 22:00,0.0,0.0
8/31/2019 23:00,0.0,0.0
9/1/2019 0:00,0.0,0.0
9/1/2019 1:00,0.0,0.0
9/1/2019 2:00,0.0,0.0
9/1/2019 3:00,0.0,0.0
9/1/2019 4:00,0.0,0.0
9/1/2019 5:00,0.0,0.0
9/1/2019 6:00,0.0,0.0
9/1/2019 7:00,0.0,0.0
9/1/2019 8:00,0.25,0.02
9/1/2019 9:00,1.25,0.08
9/1/2019 10:00,3.25,0.2
9/1/2019 11:00,5.75,0.35
9/1/2019 12:00,8.25,0.51
9/1/2019 13:00,9.5,0.58
9/1/2019 14:00,10.5,0.64
9/1/2019 15:00,10.5,0.64
9/1/2019 16:00,9.75,0.6
9/1/2019 17:00,7.75,0.47
9/1/2019 18:00,5.25,0.32
9/1/2019 19:00,2.5,0.15
9/1/2019 20:00,0.25,0.02
9/1/2019 21:00,0.0,0.0
9/1/2019 22:00,0.0,0.0
9/1/2019 23:00,0.0,0.0
9/2/2019 0:00,0.0,0.0
9/2/2019 1:00,0.0,0.0
9/2/2019 2:00,0.0,0.0
9/2/2019 3:00,0.0,0.0
9/2/2019 4:00,0.0,0.0
9/2/2019 5:00,0.0,0.0
9/2/2019 6:00,0.0,0.0
9/2/2019 7:00,0.0,0.0
9/2/2019 8:00,0.25,0.02
9/2/2019 9:00,1.25,0.08
9/2/2019 10:00,3.25,0.2
9/2/2019 11:00,6.0,0.37
9/2/2019 12:00,8.25,0.51
9/2/2019 13:00,9.5,0.58
9/2/2019 14:00,10.25,0.63
9/2/2019 15:00,10.5,0.64
9/2/2019 16:00,9.5,0.58
9/2/2019 17:00,7.75,0.47
9/2/2019 18:00,5.25,0.32
9/2/2019 19:00,2.0,0.12
9/2/2019 20:00,0.25,0.02
9/2/2019 21:00,0.0,0.0
9/2/2019 22:00,0.0,0.0
9/2/2019 23:00,0.0,0.0
9/3/2019 0:00,0.0,0.0
9/3/2019 1:00,0.0,0.0
9/3/2019 2:00,0.0,0.0
9/3/2019 3:00,0.0,0.0
9/3/2019 4:00,0.0,0.0
9/3/2019 5:00,0.0,0.0
9/3/2019 6:00,0.0,0.0
9/3/2019 7:00,0.0,0.0
9/3/2019 8:00,0.25,0.02
9/3/2019 9:00,1.25,0.08
9/3/2019 10:00,3.25,0.2
9/3/2019 11:00,5.5,0.34
9/3/2019 12:00,8.0,0.49
9/3/2019 13:00,9.5,0.58
9/3/2019 14:00,10.0,0.61
9/3/2019 15:00,9.75,0.6
9/3/2019 16:00,9.0,0.55
9/3/2019 17:00,7.5,0.46
9/3/2019 18:00,4.75,0.29
9/3/2019 19:00,2.0,0.12
9/3/2019 20:00,0.5,0.03
9/3/2019 21:00,0.0,0.0
9/3/2019 22:00,0.0,0.0
9/3/2019 23:00,0.0,0.0
9/4/2019 0:00,0.0,0.0
9/4/2019 1:00,0.0,0.0
9/4/2019 2:00,0.0,0.0
9/4/2019 3:00,0.0,0.0
9/4/2019 4:00,0.0,0.0
9/4/2019 5:00,0.0,0.0
9/4/2019 6:00,0.0,0.0
9/4/2019 7:00,0.0,0.0
9/4/2019 8:00,0.0,0.0
9/4/2019 9:00,1.25,0.08
9/4/2019 10:00,3.0,0.18
9/4/2019 11:00,5.5,0.34
9/4/2019 12:00,7.75,0.47
9/4/2019 13:00,9.25,0.57
9/4/2019 14:00,10.25,0.63
9/4/2019 15:00,10.0,0.61
9/4/2019 16:00,9.0,0.55
9/4/2019 17:00,7.25,0.44
9/4/2019 18:00,4.75,0.29
9/4/2019 19:00,2.0,0.12
9/4/2019 20:00,0.0,0.0
9/4/2019 21:00,0.0,0.0
9/4/2019 22:00,0.0,0.0
9/4/2019 23:00,0.0,0.0
9/5/2019 0:00,0.0,0.0
9/5/2019 1:00,0.0,0.0
9/5/2019 2:00,0.0,0.0
9/5/2019 3:00,0.0,0.0
9/5/2019 4:00,0.0,0.0
9/5/2019 5:00,0.0,0.0
9/5/2019 6:00,0.0,0.0
9/5/2019 7:00,0.0,0.0
9/5/2019 8:00,0.25,0.02
9/5/2019 9:00,1.25,0.08
9/5/2019 10:00,3.0,0.18
9/5/2019 11:00,5.75,0.35
9/5/2019 12:00,7.75,0.47
9/5/2019 13:00,9.25,0.57
9/5/2019 14:00,10.25,0.63
9/5/2019 15:00,10.0,0.61
9/5/2019 16:00,9.25,0.57
9/5/2019 17:00,7.25,0.44
9/5/2019 18:00,4.75,0.29
9/5/2019 19:00,2.0,0.12
9/5/2019 20:00,0.25,0.02
9/5/2019 21:00,0.0,0.0
9/5/2019 22:00,0.0,0.0
9/5/2019 23:00,0.0,0.0
9/6/2019 0:00,0.0,0.0
9/6/2019 1:00,0.0,0.0
9/6/2019 2:00,0.0,0.0
9/6/2019 3:00,0.0,0.0
9/6/2019 4:00,0.0,0.0
9/6/2019 5:00,0.0,0.0
9/6/2019 6:00,0.0,0.0
9/6/2019 7:00,0.0,0.0
9/6/2019 8:00,0.25,0.02
9/6/2019 9:00,1.25,0.08
9/6/2019 10:00,3.0,0.18
9/6/2019 11:00,5.5,0.34
9/6/2019 12:00,7.75,0.47
9/6/2019 13:00,9.0,0.55
9/6/2019 14:00,10.0,0.61
9/6/2019 15:00,9.75,0.6
9/6/2019 16:00,8.75,0.54
9/6/2019 17:00,7.0,0.43
9/6/2019 18:00,4.5,0.28
9/6/2019 19:00,2.0,0.12
9/6/2019 20:00,0.0,0.0
9/6/2019 21:00,0.0,0.0
9/6/2019 22:00,0.0,0.0
9/6/2019 23:00,0.0,0.0
9/7/2019 0:00,0.0,0.0
9/7/2019 1:00,0.0,0.0
9/7/2019 2:00,0.0,0.0
9/7/2019 3:00,0.0,0.0
9/7/2019 4:00,0.0,0.0
9/7/2019 5:00,0.0,0.0
9/7/2019 6:00,0.0,0.0
9/7/2019 7:00,0.0,0.0
9/7/2019 8:00,0.25,0.02
9/7/2019 9:00,1.25,0.08
9/7/2019 10:00,3.0,0.18
9/7/2019 11:00,5.5,0.34
9/7/2019 12:00,7.5,0.46
9/7/2019 13:00,9.25,0.57
9/7/2019 14:00,10.0,0.61
9/7/2019 15:00,10.0,0.61
9/7/2019 16:00,9.0,0.55
9/7/2019 17:00,7.0,0.43
9/7/2019 18:00,4.5,0.28
9/7/2019 19:00,1.75,0.11
9/7/2019 20:00,0.25,0.02
9/7/2019 21:00,0.0,0.0
9/7/2019 22:00,0.0,0.0
9/7/2019 23:00,0.0,0.0
9/8/2019 0:00,0.0,0.0
9/8/2019 1:00,0.0,0.0
9/8/2019 2:00,0.0,0.0
9/8/2019 3:00,0.0,0.0
9/8/2019 4:00,0.0,0.0
9/8/2019 5:00,0.0,0.0
9/8/2019 6:00,0.0,0.0
9/8/2019 7:00,0.0,0.0
9/8/2019 8:00,0.25,0.02
9/8/2019 9:00,1.0,0.06
9/8/2019 10:00,2.75,0.17
9/8/2019 11:00,5.5,0.34
9/8/2019 12:00,7.5,0.46
9/8/2019 13:00,9.25,0.57
9/8/2019 14:00,9.75,0.6
9/8/2019 15:00,9.75,0.6
9/8/2019 16:00,8.75,0.54
9/8/2019 17:00,5.5,0.34
9/8/2019 18:00,3.75,0.23
9/8/2019 19:00,2.0,0.12
9/8/2019 20:00,0.25,0.02
9/8/2019 21:00,0.0,0.0
9/8/2019 22:00,0.0,0.0
9/8/2019 23:00,0.0,0.0
9/9/2019 0:00,0.0,0.0
9/9/2019 1:00,0.0,0.0
9/9/2019 2:00,0.0,0.0
9/9/2019 3:00,0.0,0.0
9/9/2019 4:00,0.0,0.0
9/9/2019 5:00,0.0,0.0
9/9/2019 6:00,0.0,0.0
9/9/2019 7:00,0.0,0.0
9/9/2019 8:00,0.0,0.0
9/9/2019 9:00,1.25,0.08
9/9/2019 10:00,2.75,0.17
9/9/2019 11:00,5.5,0.34
9/9/2019 12:00,7.75,0.47
9/9/2019 13:00,9.5,0.58
9/9/2019 14:00,10.5,0.64
9/9/2019 15:00,10.5,0.64
9/9/2019 16:00,9.25,0.57
9/9/2019 17:00,7.0,0.43
9/9/2019 18:00,4.5,0.28
9/9/2019 19:00,1.75,0.11
9/9/2019 20:00,0.25,0.02
9/9/2019 21:00,0.0,0.0
9/9/2019 22:00,0.0,0.0
9/9/2019 23:00,0.0,0.0
9/10/2019 0:00,0.0,0.0
9/10/2019 1:00,0.0,0.0
9/10/2019 2:00,0.0,0.0
9/10/2019 3:00,0.0,0.0
9/10/2019 4:00,0.0,0.0
9/10/2019 5:00,0.0,0.0
9/10/2019 6:00,0.0,0.0
9/10/2019 7:00,0.0,0.0
9/10/2019 8:00,0.25,0.02
9/10/2019 9:00,1.0,0.06
9/10/2019 10:00,3.0,0.18
9/10/2019 11:00,5.75,0.35
9/10/2019 12:00,7.75,0.47
9/10/2019 13:00,9.25,0.57
9/10/2019 14:00,8.75,0.54
9/10/2019 15:00,10.25,0.63
9/10/2019 16:00,9.75,0.6
9/10/2019 17:00,7.5,0.46
9/10/2019 18:00,4.75,0.29
9/10/2019 19:00,1.75,0.11
9/10/2019 20:00,0.25,0.02
9/10/2019 21:00,0.0,0.0
9/10/2019 22:00,0.0,0.0
9/10/2019 23:00,0.0,0.0
9/11/2019 0:00,0.0,0.0
9/11/2019 1:00,0.0,0.0
9/11/2019 2:00,0.0,0.0
9/11/2019 3:00,0.0,0.0
9/11/2019 4:00,0.0,0.0
9/11/2019 5:00,0.0,0.0
9/11/2019 6:00,0.0,0.0
9/11/2019 7:00,0.0,0.0
9/11/2019 8:00,0.0,0.0
9/11/2019 9:00,1.25,0.08
9/11/2019 10:00,3.0,0.18
9/11/2019 11:00,6.0,0.37
9/11/2019 12:00,8.0,0.49
9/11/2019 13:00,9.75,0.6
9/11/2019 14:00,10.5,0.64
9/11/2019 15:00,10.75,0.66
9/11/2019 16:00,9.5,0.58
9/11/2019 17:00,7.5,0.46
9/11/2019 18:00,4.75,0.29
9/11/2019 19:00,2.0,0.12
9/11/2019 20:00,0.0,0.0
9/11/2019 21:00,0.0,0.0
9/11/2019 22:00,0.0,0.0
9/11/2019 23:00,0.0,0.0
9/12/2019 0:00,0.0,0.0
9/12/2019 1:00,0.0,0.0
9/12/2019 2:00,0.0,0.0
9/12/2019 3:00,0.0,0.0
9/12/2019 4:00,0.0,0.0
9/12/2019 5:00,0.0,0.0
9/12/2019 6:00,0.0,0.0
9/12/2019 7:00,0.0,0.0
9/12/2019 8:00,0.25,0.02
9/12/2019 9:00,1.0,0.06
9/12/2019 10:00,3.0,0.18
9/12/2019 11:00,5.5,0.34
9/12/2019 12:00,7.75,0.47
9/12/2019 13:00,9.5,0.58
9/12/2019 14:00,10.25,0.63
9/12/2019 15:00,9.75,0.6
9/12/2019 16:00,8.75,0.54
9/12/2019 17:00,6.25,0.38
9/12/2019 18:00,4.25,0.26
9/12/2019 19:00,1.5,0.09
9/12/2019 20:00,0.25,0.02
9/12/2019 21:00,0.0,0.0
9/12/2019 22:00,0.0,0.0
9/12/2019 23:00,0.0,0.0
9/13/2019 0:00,0.0,0.0
9/13/2019 1:00,0.0,0.0
9/13/2019 2:00,0.0,0.0
9/13/2019 3:00,0.0,0.0
9/13/2019 4:00,0.0,0.0
9/13/2019 5:00,0.0,0.0
9/13/2019 6:00,0.0,0.0
9/13/2019 7:00,0.0,0.0
9/13/2019 8:00,0.0,0.0
9/13/2019 9:00,1.0,0.06
9/13/2019 10:00,3.0,0.18
9/13/2019 11:00,5.5,0.34
9/13/2019 12:00,7.75,0.47
9/13/2019 13:00,8.75,0.54
9/13/2019 14:00,7.5,0.46
9/13/2019 15:00,8.25,0.51
9/13/2019 16:00,8.75,0.54
9/13/2019 17:00,6.25,0.38
9/13/2019 18:00,3.75,0.23
9/13/2019 19:00,0.5,0.03
9/13/2019 20:00,0.0,0.0
9/13/2019 21:00,0.0,0.0
9/13/2019 22:00,0.0,0.0
9/13/2019 23:00,0.0,0.0
9/14/2019 0:00,0.0,0.0
9/14/2019 1:00,0.0,0.0
9/14/2019 2:00,0.0,0.0
9/14/2019 3:00,0.0,0.0
9/14/2019 4:00,0.0,0.0
9/14/2019 5:00,0.0,0.0
9/14/2019 6:00,0.0,0.0
9/14/2019 7:00,0.0,0.0
9/14/2019 8:00,0.25,0.02
9/14/2019 9:00,1.0,0.06
9/14/2019 10:00,3.25,0.2
9/14/2019 11:00,4.75,0.29
9/14/2019 12:00,8.25,0.51
9/14/2019 13:00,8.0,0.49
9/14/2019 14:00,4.5,0.28
9/14/2019 15:00,6.0,0.37
9/14/2019 16:00,5.5,0.34
9/14/2019 17:00,7.5,0.46
9/14/2019 18:00,4.5,0.28
9/14/2019 19:00,1.5,0.09
9/14/2019 20:00,0.25,0.02
9/14/2019 21:00,0.0,0.0
9/14/2019 22:00,0.0,0.0
9/14/2019 23:00,0.0,0.0
9/15/2019 0:00,0.0,0.0
9/15/2019 1:00,0.0,0.0
9/15/2019 2:00,0.0,0.0
9/15/2019 3:00,0.0,0.0
9/15/2019 4:00,0.0,0.0
9/15/2019 5:00,0.0,0.0
9/15/2019 6:00,0.0,0.0
9/15/2019 7:00,0.0,0.0
9/15/2019 8:00,0.25,0.02
9/15/2019 9:00,1.0,0.06
9/15/2019 10:00,3.0,0.18
9/15/2019 11:00,5.75,0.35
9/15/2019 12:00,8.25,0.51
9/15/2019 13:00,10.0,0.61
9/15/2019 14:00,10.75,0.66
9/15/2019 15:00,11.0,0.67
9/15/2019 16:00,9.5,0.58
9/15/2019 17:00,7.75,0.47
9/15/2019 18:00,4.75,0.29
9/15/2019 19:00,1.75,0.11
9/15/2019 20:00,0.25,0.02
9/15/2019 21:00,0.0,0.0
9/15/2019 22:00,0.0,0.0
9/15/2019 23:00,0.0,0.0
9/16/2019 0:00,0.0,0.0
9/16/2019 1:00,0.0,0.0
9/16/2019 2:00,0.0,0.0
9/16/2019 3:00,0.0,0.0
9/16/2019 4:00,0.0,0.0
9/16/2019 5:00,0.0,0.0
9/16/2019 6:00,0.0,0.0
9/16/2019 7:00,0.0,0.0
9/16/2019 8:00,0.0,0.0
9/16/2019 9:00,1.25,0.08
9/16/2019 10:00,3.0,0.18
9/16/2019 11:00,6.0,0.37
9/16/2019 12:00,8.0,0.49
9/16/2019 13:00,9.75,0.6
9/16/2019 14:00,10.75,0.66
9/16/2019 15:00,10.5,0.64
9/16/2019 16:00,9.0,0.55
9/16/2019 17:00,7.5,0.46
9/16/2019 18:00,3.5,0.21
9/16/2019 19:00,0.75,0.05
9/16/2019 20:00,0.0,0.0
9/16/2019 21:00,0.0,0.0
9/16/2019 22:00,0.0,0.0
9/16/2019 23:00,0.0,0.0
9/17/2019 0:00,0.0,0.0
9/17/2019 1:00,0.0,0.0
9/17/2019 2:00,0.0,0.0
9/17/2019 3:00,0.0,0.0
9/17/2019 4:00,0.0,0.0
9/17/2019 5:00,0.0,0.0
9/17/2019 6:00,0.0,0.0
9/17/2019 7:00,0.0,0.0
9/17/2019 8:00,0.25,0.02
9/17/2019 9:00,1.0,0.06
9/17/2019 10:00,3.5,0.21
9/17/2019 11:00,5.75,0.35
9/17/2019 12:00,7.25,0.44
9/17/2019 13:00,9.75,0.6
9/17/2019 14:00,10.5,0.64
9/17/2019 15:00,10.5,0.64
9/17/2019 16:00,9.5,0.58
9/17/2019 17:00,7.25,0.44
9/17/2019 18:00,4.75,0.29
9/17/2019 19:00,1.5,0.09
9/17/2019 20:00,0.25,0.02
9/17/2019 21:00,0.0,0.0
9/17/2019 22:00,0.0,0.0
9/17/2019 23:00,0.0,0.0
9/18/2019 0:00,0.0,0.0
9/18/2019 1:00,0.0,0.0
9/18/2019 2:00,0.0,0.0
9/18/2019 3:00,0.0,0.0
9/18/2019 4:00,0.0,0.0
9/18/2019 5:00,0.0,0.0
9/18/2019 6:00,0.0,0.0
9/18/2019 7:00,0.0,0.0
9/18/2019 8:00,0.25,0.02
9/18/2019 9:00,1.0,0.06
9/18/2019 10:00,3.0,0.18
9/18/2019 11:00,5.75,0.35
9/18/2019 12:00,8.0,0.49
9/18/2019 13:00,9.25,0.57
9/18/2019 14:00,11.0,0.67
9/18/2019 15:00,9.25,0.57
9/18/2019 16:00,9.25,0.57
9/18/2019 17:00,7.5,0.46
9/18/2019 18:00,4.75,0.29
9/18/2019 19:00,1.5,0.09
9/18/2019 20:00,0.25,0.02
9/18/2019 21:00,0.0,0.0
9/18/2019 22:00,0.0,0.0
9/18/2019 23:00,0.0,0.0
9/19/2019 0:00,0.0,0.0
9/19/2019 1:00,0.0,0.0
9/19/2019 2:00,0.0,0.0
9/19/2019 3:00,0.0,0.0
9/19/2019 4:00,0.0,0.0
9/19/2019 5:00,0.0,0.0
9/19/2019 6:00,0.0,0.0
9/19/2019 7:00,0.0,0.0
9/19/2019 8:00,0.0,0.0
9/19/2019 9:00,1.0,0.06
9/19/2019 10:00,3.0,0.18
9/19/2019 11:00,6.0,0.37
9/19/2019 12:00,8.0,0.49
9/19/2019 13:00,10.0,0.61
9/19/2019 14:00,11.0,0.67
9/19/2019 15:00,10.25,0.63
9/19/2019 16:00,8.0,0.49
9/19/2019 17:00,7.0,0.43
9/19/2019 18:00,3.0,0.18
9/19/2019 19:00,1.5,0.09
9/19/2019 20:00,0.25,0.02
9/19/2019 21:00,0.0,0.0
9/19/2019 22:00,0.0,0.0
9/19/2019 23:00,0.0,0.0
9/20/2019 0:00,0.0,0.0
9/20/2019 1:00,0.0,0.0
9/20/2019 2:00,0.0,0.0
9/20/2019 3:00,0.0,0.0
9/20/2019 4:00,0.0,0.0
9/20/2019 5:00,0.0,0.0
9/20/2019 6:00,0.0,0.0
9/20/2019 7:00,0.0,0.0
9/20/2019 8:00,0.0,0.0
9/20/2019 9:00,0.75,0.05
9/20/2019 10:00,2.25,0.14
9/20/2019 11:00,3.0,0.18
9/20/2019 12:00,4.75,0.29
9/20/2019 13:00,7.5,0.46
9/20/2019 14:00,6.0,0.37
9/20/2019 15:00,3.25,0.2
9/20/2019 16:00,1.75,0.11
9/20/2019 17:00,2.75,0.17
9/20/2019 18:00,4.0,0.25
9/20/2019 19:00,1.25,0.08
9/20/2019 20:00,0.25,0.02
9/20/2019 21:00,0.0,0.0
9/20/2019 22:00,0.0,0.0
9/20/2019 23:00,0.0,0.0
9/21/2019 0:00,0.0,0.0
9/21/2019 1:00,0.0,0.0
9/21/2019 2:00,0.0,0.0
9/21/2019 3:00,0.0,0.0
9/21/2019 4:00,0.0,0.0
9/21/2019 5:00,0.0,0.0
9/21/2019 6:00,0.0,0.0
9/21/2019 7:00,0.0,0.0
9/21/2019 8:00,0.0,0.0
9/21/2019 9:00,0.5,0.03
9/21/2019 10:00,1.75,0.11
9/21/2019 11:00,2.25,0.14
9/21/2019 12:00,1.5,0.09
9/21/2019 13:00,1.75,0.11
9/21/2019 14:00,3.25,0.2
9/21/2019 15:00,4.25,0.26
9/21/2019 16:00,1.0,0.06
9/21/2019 17:00,1.75,0.11
9/21/2019 18:00,3.0,0.18
9/21/2019 19:00,1.0,0.06
9/21/2019 20:00,0.0,0.0
9/21/2019 21:00,0.0,0.0
9/21/2019 22:00,0.0,0.0
9/21/2019 23:00,0.0,0.0
9/22/2019 0:00,0.0,0.0
9/22/2019 1:00,0.0,0.0
9/22/2019 2:00,0.0,0.0
9/22/2019 3:00,0.0,0.0
9/22/2019 4:00,0.0,0.0
9/22/2019 5:00,0.0,0.0
9/22/2019 6:00,0.0,0.0
9/22/2019 7:00,0.0,0.0
9/22/2019 8:00,0.25,0.02
9/22/2019 9:00,1.0,0.06
9/22/2019 10:00,3.0,0.18
9/22/2019 11:00,5.25,0.32
9/22/2019 12:00,8.25,0.51
9/22/2019 13:00,8.0,0.49
9/22/2019 14:00,9.5,0.58
9/22/2019 15:00,7.0,0.43
9/22/2019 16:00,6.25,0.38
9/22/2019 17:00,3.5,0.21
9/22/2019 18:00,4.5,0.28
9/22/2019 19:00,1.0,0.06
9/22/2019 20:00,0.25,0.02
9/22/2019 21:00,0.0,0.0
9/22/2019 22:00,0.0,0.0
9/22/2019 23:00,0.0,0.0
9/23/2019 0:00,0.0,0.0
9/23/2019 1:00,0.0,0.0
9/23/2019 2:00,0.0,0.0
9/23/2019 3:00,0.0,0.0
9/23/2019 4:00,0.0,0.0
9/23/2019 5:00,0.0,0.0
9/23/2019 6:00,0.0,0.0
9/23/2019 7:00,0.0,0.0
9/23/2019 8:00,0.0,0.0
9/23/2019 9:00,1.0,0.06
9/23/2019 10:00,3.5,0.21
9/23/2019 11:00,6.25,0.38
9/23/2019 12:00,9.0,0.55
9/23/2019 13:00,10.25,0.63
9/23/2019 14:00,11.25,0.69
9/23/2019 15:00,11.5,0.7
9/23/2019 16:00,10.25,0.63
9/23/2019 17:00,8.0,0.49
9/23/2019 18:00,4.75,0.29
9/23/2019 19:00,1.75,0.11
9/23/2019 20:00,0.0,0.0
9/23/2019 21:00,0.0,0.0
9/23/2019 22:00,0.0,0.0
9/23/2019 23:00,0.0,0.0
9/24/2019 0:00,0.0,0.0
9/24/2019 1:00,0.0,0.0
9/24/2019 2:00,0.0,0.0
9/24/2019 3:00,0.0,0.0
9/24/2019 4:00,0.0,0.0
9/24/2019 5:00,0.0,0.0
9/24/2019 6:00,0.0,0.0
9/24/2019 7:00,0.0,0.0
9/24/2019 8:00,0.25,0.02
9/24/2019 9:00,0.75,0.05
9/24/2019 10:00,3.25,0.2
9/24/2019 11:00,6.75,0.41
9/24/2019 12:00,8.75,0.54
9/24/2019 13:00,10.75,0.66
9/24/2019 14:00,11.75,0.72
9/24/2019 15:00,11.5,0.7
9/24/2019 16:00,10.0,0.61
9/24/2019 17:00,8.25,0.51
9/24/2019 18:00,4.75,0.29
9/24/2019 19:00,1.5,0.09
9/24/2019 20:00,0.0,0.0
9/24/2019 21:00,0.0,0.0
9/24/2019 22:00,0.0,0.0
9/24/2019 23:00,0.0,0.0
9/25/2019 0:00,0.0,0.0
9/25/2019 1:00,0.0,0.0
9/25/2019 2:00,0.0,0.0
9/25/2019 3:00,0.0,0.0
9/25/2019 4:00,0.0,0.0
9/25/2019 5:00,0.0,0.0
9/25/2019 6:00,0.0,0.0
9/25/2019 7:00,0.0,0.0
9/25/2019 8:00,0.25,0.02
9/25/2019 9:00,0.75,0.05
9/25/2019 10:00,3.25,0.2
9/25/2019 11:00,6.75,0.41
9/25/2019 12:00,9.25,0.57
9/25/2019 13:00,10.75,0.66
9/25/2019 14:00,11.25,0.69
9/25/2019 15:00,11.5,0.7
9/25/2019 16:00,10.25,0.63
9/25/2019 17:00,8.0,0.49
9/25/2019 18:00,4.75,0.29
9/25/2019 19:00,1.5,0.09
9/25/2019 20:00,0.0,0.0
9/25/2019 21:00,0.0,0.0
9/25/2019 22:00,0.0,0.0
9/25/2019 23:00,0.0,0.0
9/26/2019 0:00,0.0,0.0
9/26/2019 1:00,0.0,0.0
9/26/2019 2:00,0.0,0.0
9/26/2019 3:00,0.0,0.0
9/26/2019 4:00,0.0,0.0
9/26/2019 5:00,0.0,0.0
9/26/2019 6:00,0.0,0.0
9/26/2019 7:00,0.0,0.0
9/26/2019 8:00,0.25,0.02
9/26/2019 9:00,0.75,0.05
9/26/2019 10:00,3.25,0.2
9/26/2019 11:00,6.25,0.38
9/26/2019 12:00,8.75,0.54
9/26/2019 13:00,10.75,0.66
9/26/2019 14:00,11.5,0.7
9/26/2019 15:00,11.5,0.7
9/26/2019 16:00,10.0,0.61
9/26/2019 17:00,7.75,0.47
9/26/2019 18:00,4.75,0.29
9/26/2019 19:00,1.25,0.08
9/26/2019 20:00,0.0,0.0
9/26/2019 21:00,0.0,0.0
9/26/2019 22:00,0.0,0.0
9/26/2019 23:00,0.0,0.0
9/27/2019 0:00,0.0,0.0
9/27/2019 1:00,0.0,0.0
9/27/2019 2:00,0.0,0.0
9/27/2019 3:00,0.0,0.0
9/27/2019 4:00,0.0,0.0
9/27/2019 5:00,0.0,0.0
9/27/2019 6:00,0.0,0.0
9/27/2019 7:00,0.0,0.0
9/27/2019 8:00,0.0,0.0
9/27/2019 9:00,0.75,0.05
9/27/2019 10:00,3.0,0.18
9/27/2019 11:00,6.25,0.38
9/27/2019 12:00,8.75,0.54
9/27/2019 13:00,10.5,0.64
9/27/2019 14:00,11.5,0.7
9/27/2019 15:00,11.25,0.69
9/27/2019 16:00,10.0,0.61
9/27/2019 17:00,7.75,0.47
9/27/2019 18:00,4.75,0.29
9/27/2019 19:00,1.25,0.08
9/27/2019 20:00,0.0,0.0
9/27/2019 21:00,0.0,0.0
9/27/2019 22:00,0.0,0.0
9/27/2019 23:00,0.0,0.0
9/28/2019 0:00,0.0,0.0
9/28/2019 1:00,0.0,0.0
9/28/2019 2:00,0.0,0.0
9/28/2019 3:00,0.0,0.0
9/28/2019 4:00,0.0,0.0
9/28/2019 5:00,0.0,0.0
9/28/2019 6:00,0.0,0.0
9/28/2019 7:00,0.0,0.0
9/28/2019 8:00,0.0,0.0
9/28/2019 9:00,0.75,0.05
9/28/2019 10:00,3.0,0.18
9/28/2019 11:00,6.0,0.37
9/28/2019 12:00,8.75,0.54
9/28/2019 13:00,10.25,0.63
9/28/2019 14:00,11.0,0.67
9/28/2019 15:00,11.25,0.69
9/28/2019 16:00,10.0,0.61
9/28/2019 17:00,7.75,0.47
9/28/2019 18:00,4.5,0.28
9/28/2019 19:00,1.25,0.08
9/28/2019 20:00,0.0,0.0
9/28/2019 21:00,0.0,0.0
9/28/2019 22:00,0.0,0.0
9/28/2019 23:00,0.0,0.0
9/29/2019 0:00,0.0,0.0
9/29/2019 1:00,0.0,0.0
9/29/2019 2:00,0.0,0.0
9/29/2019 3:00,0.0,0.0
9/29/2019 4:00,0.0,0.0
9/29/2019 5:00,0.0,0.0
9/29/2019 6:00,0.0,0.0
9/29/2019 7:00,0.0,0.0
9/29/2019 8:00,0.0,0.0
9/29/2019 9:00,1.0,0.06
9/29/2019 10:00,2.75,0.17
9/29/2019 11:00,5.75,0.35
9/29/2019 12:00,8.5,0.52
9/29/2019 13:00,10.25,0.63
9/29/2019 14:00,11.0,0.67
9/29/2019 15:00,10.75,0.66
9/29/2019 16:00,9.5,0.58
9/29/2019 17:00,7.5,0.46
9/29/2019 18:00,4.25,0.26
9/29/2019 19:00,1.0,0.06
9/29/2019 20:00,0.0,0.0
9/29/2019 21:00,0.0,0.0
9/29/2019 22:00,0.0,0.0
9/29/2019 23:00,0.0,0.0
9/30/2019 0:00,0.0,0.0
9/30/2019 1:00,0.0,0.0
9/30/2019 2:00,0.0,0.0
9/30/2019 3:00,0.0,0.0
9/30/2019 4:00,0.0,0.0
9/30/2019 5:00,0.0,0.0
9/30/2019 6:00,0.0,0.0
9/30/2019 7:00,0.0,0.0
9/30/2019 8:00,0.25,0.02
9/30/2019 9:00,0.75,0.05
9/30/2019 10:00,2.75,0.17
9/30/2019 11:00,5.5,0.34
9/30/2019 12:00,8.5,0.52
9/30/2019 13:00,9.25,0.57
9/30/2019 14:00,10.75,0.66
9/30/2019 15:00,10.25,0.63
9/30/2019 16:00,9.0,0.55
9/30/2019 17:00,7.25,0.44
9/30/2019 18:00,4.0,0.25
9/30/2019 19:00,1.0,0.06
9/30/2019 20:00,0.0,0.0
9/30/2019 21:00,0.0,0.0
9/30/2019 22:00,0.0,0.0
9/30/2019 23:00,0.0,0.0
10/1/2019 0:00,0.0,0.0
10/1/2019 1:00,0.0,0.0
10/1/2019 2:00,0.0,0.0
10/1/2019 3:00,0.0,0.0
10/1/2019 4:00,0.0,0.0
10/1/2019 5:00,0.0,0.0
10/1/2019 6:00,0.0,0.0
10/1/2019 7:00,0.0,0.0
10/1/2019 8:00,0.25,0.02
10/1/2019 9:00,0.75,0.05
10/1/2019 10:00,2.5,0.15
10/1/2019 11:00,5.75,0.35
10/1/2019 12:00,8.5,0.52
10/1/2019 13:00,10.0,0.61
10/1/2019 14:00,10.75,0.66
10/1/2019 15:00,10.25,0.63
10/1/2019 16:00,9.0,0.55
10/1/2019 17:00,7.0,0.43
10/1/2019 18:00,4.0,0.25
10/1/2019 19:00,1.0,0.06
10/1/2019 20:00,0.0,0.0
10/1/2019 21:00,0.0,0.0
10/1/2019 22:00,0.0,0.0
10/1/2019 23:00,0.0,0.0
10/2/2019 0:00,0.0,0.0
10/2/2019 1:00,0.0,0.0
10/2/2019 2:00,0.0,0.0
10/2/2019 3:00,0.0,0.0
10/2/2019 4:00,0.0,0.0
10/2/2019 5:00,0.0,0.0
10/2/2019 6:00,0.0,0.0
10/2/2019 7:00,0.0,0.0
10/2/2019 8:00,0.0,0.0
10/2/2019 9:00,1.0,0.06
10/2/2019 10:00,2.5,0.15
10/2/2019 11:00,5.75,0.35
10/2/2019 12:00,8.75,0.54
10/2/2019 13:00,10.0,0.61
10/2/2019 14:00,11.0,0.67
10/2/2019 15:00,10.75,0.66
10/2/2019 16:00,9.5,0.58
10/2/2019 17:00,7.25,0.44
10/2/2019 18:00,4.0,0.25
10/2/2019 19:00,1.0,0.06
10/2/2019 20:00,0.0,0.0
10/2/2019 21:00,0.0,0.0
10/2/2019 22:00,0.0,0.0
10/2/2019 23:00,0.0,0.0
10/3/2019 0:00,0.0,0.0
10/3/2019 1:00,0.0,0.0
10/3/2019 2:00,0.0,0.0
10/3/2019 3:00,0.0,0.0
10/3/2019 4:00,0.0,0.0
10/3/2019 5:00,0.0,0.0
10/3/2019 6:00,0.0,0.0
10/3/2019 7:00,0.0,0.0
10/3/2019 8:00,0.0,0.0
10/3/2019 9:00,0.75,0.05
10/3/2019 10:00,2.5,0.15
10/3/2019 11:00,5.75,0.35
10/3/2019 12:00,8.5,0.52
10/3/2019 13:00,10.5,0.64
10/3/2019 14:00,11.75,0.72
10/3/2019 15:00,11.5,0.7
10/3/2019 16:00,9.5,0.58
10/3/2019 17:00,7.0,0.43
10/3/2019 18:00,4.25,0.26
10/3/2019 19:00,0.75,0.05
10/3/2019 20:00,0.0,0.0
10/3/2019 21:00,0.0,0.0
10/3/2019 22:00,0.0,0.0
10/3/2019 23:00,0.0,0.0
10/4/2019 0:00,0.0,0.0
10/4/2019 1:00,0.0,0.0
10/4/2019 2:00,0.0,0.0
10/4/2019 3:00,0.0,0.0
10/4/2019 4:00,0.0,0.0
10/4/2019 5:00,0.0,0.0
10/4/2019 6:00,0.0,0.0
10/4/2019 7:00,0.0,0.0
10/4/2019 8:00,0.0,0.0
10/4/2019 9:00,0.75,0.05
10/4/2019 10:00,2.25,0.14
10/4/2019 11:00,5.25,0.32
10/4/2019 12:00,8.0,0.49
10/4/2019 13:00,7.75,0.47
10/4/2019 14:00,10.75,0.66
10/4/2019 15:00,11.0,0.67
10/4/2019 16:00,9.25,0.57
10/4/2019 17:00,7.0,0.43
10/4/2019 18:00,3.75,0.23
10/4/2019 19:00,0.75,0.05
10/4/2019 20:00,0.0,0.0
10/4/2019 21:00,0.0,0.0
10/4/2019 22:00,0.0,0.0
10/4/2019 23:00,0.0,0.0
10/5/2019 0:00,0.0,0.0
10/5/2019 1:00,0.0,0.0
10/5/2019 2:00,0.0,0.0
10/5/2019 3:00,0.0,0.0
10/5/2019 4:00,0.0,0.0
10/5/2019 5:00,0.0,0.0
10/5/2019 6:00,0.0,0.0
10/5/2019 7:00,0.0,0.0
10/5/2019 8:00,0.0,0.0
10/5/2019 9:00,1.0,0.06
10/5/2019 10:00,2.0,0.12
10/5/2019 11:00,4.25,0.26
10/5/2019 12:00,5.5,0.34
10/5/2019 13:00,7.25,0.44
10/5/2019 14:00,10.0,0.61
10/5/2019 15:00,11.0,0.67
10/5/2019 16:00,8.75,0.54
10/5/2019 17:00,7.5,0.46
10/5/2019 18:00,4.0,0.25
10/5/2019 19:00,0.5,0.03
10/5/2019 20:00,0.0,0.0
10/5/2019 21:00,0.0,0.0
10/5/2019 22:00,0.0,0.0
10/5/2019 23:00,0.0,0.0
10/6/2019 0:00,0.0,0.0
10/6/2019 1:00,0.0,0.0
10/6/2019 2:00,0.0,0.0
10/6/2019 3:00,0.0,0.0
10/6/2019 4:00,0.0,0.0
10/6/2019 5:00,0.0,0.0
10/6/2019 6:00,0.0,0.0
10/6/2019 7:00,0.0,0.0
10/6/2019 8:00,0.25,0.02
10/6/2019 9:00,0.5,0.03
10/6/2019 10:00,2.25,0.14
10/6/2019 11:00,5.5,0.34
10/6/2019 12:00,8.25,0.51
10/6/2019 13:00,10.25,0.63
10/6/2019 14:00,11.25,0.69
10/6/2019 15:00,10.75,0.66
10/6/2019 16:00,9.75,0.6
10/6/2019 17:00,7.25,0.44
10/6/2019 18:00,3.75,0.23
10/6/2019 19:00,0.5,0.03
10/6/2019 20:00,0.0,0.0
10/6/2019 21:00,0.0,0.0
10/6/2019 22:00,0.0,0.0
10/6/2019 23:00,0.0,0.0
10/7/2019 0:00,0.0,0.0
10/7/2019 1:00,0.0,0.0
10/7/2019 2:00,0.0,0.0
10/7/2019 3:00,0.0,0.0
10/7/2019 4:00,0.0,0.0
10/7/2019 5:00,0.0,0.0
10/7/2019 6:00,0.0,0.0
10/7/2019 7:00,0.0,0.0
10/7/2019 8:00,0.25,0.02
10/7/2019 9:00,0.75,0.05
10/7/2019 10:00,2.0,0.12
10/7/2019 11:00,5.0,0.31
10/7/2019 12:00,8.0,0.49
10/7/2019 13:00,9.5,0.58
10/7/2019 14:00,10.5,0.64
10/7/2019 15:00,10.25,0.63
10/7/2019 16:00,9.0,0.55
10/7/2019 17:00,6.5,0.4
10/7/2019 18:00,3.5,0.21
10/7/2019 19:00,0.75,0.05
10/7/2019 20:00,0.0,0.0
10/7/2019 21:00,0.0,0.0
10/7/2019 22:00,0.0,0.0
10/7/2019 23:00,0.0,0.0
10/8/2019 0:00,0.0,0.0
10/8/2019 1:00,0.0,0.0
10/8/2019 2:00,0.0,0.0
10/8/2019 3:00,0.0,0.0
10/8/2019 4:00,0.0,0.0
10/8/2019 5:00,0.0,0.0
10/8/2019 6:00,0.0,0.0
10/8/2019 7:00,0.0,0.0
10/8/2019 8:00,0.0,0.0
10/8/2019 9:00,0.5,0.03
10/8/2019 10:00,2.0,0.12
10/8/2019 11:00,5.0,0.31
10/8/2019 12:00,7.75,0.47
10/8/2019 13:00,9.25,0.57
10/8/2019 14:00,10.5,0.64
10/8/2019 15:00,10.0,0.61
10/8/2019 16:00,8.75,0.54
10/8/2019 17:00,6.5,0.4
10/8/2019 18:00,3.5,0.21
10/8/2019 19:00,0.5,0.03
10/8/2019 20:00,0.0,0.0
10/8/2019 21:00,0.0,0.0
10/8/2019 22:00,0.0,0.0
10/8/2019 23:00,0.0,0.0
10/9/2019 0:00,0.0,0.0
10/9/2019 1:00,0.0,0.0
10/9/2019 2:00,0.0,0.0
10/9/2019 3:00,0.0,0.0
10/9/2019 4:00,0.0,0.0
10/9/2019 5:00,0.0,0.0
10/9/2019 6:00,0.0,0.0
10/9/2019 7:00,0.0,0.0
10/9/2019 8:00,0.0,0.0
10/9/2019 9:00,0.75,0.05
10/9/2019 10:00,1.75,0.11
10/9/2019 11:00,5.0,0.31
10/9/2019 12:00,7.75,0.47
10/9/2019 13:00,9.25,0.57
10/9/2019 14:00,10.25,0.63
10/9/2019 15:00,10.0,0.61
10/9/2019 16:00,8.75,0.54
10/9/2019 17:00,6.5,0.4
10/9/2019 18:00,3.5,0.21
10/9/2019 19:00,0.5,0.03
10/9/2019 20:00,0.0,0.0
10/9/2019 21:00,0.0,0.0
10/9/2019 22:00,0.0,0.0
10/9/2019 23:00,0.0,0.0
10/10/2019 0:00,0.0,0.0
10/10/2019 1:00,0.0,0.0
10/10/2019 2:00,0.0,0.0
10/10/2019 3:00,0.0,0.0
10/10/2019 4:00,0.0,0.0
10/10/2019 5:00,0.0,0.0
10/10/2019 6:00,0.0,0.0
10/10/2019 7:00,0.0,0.0
10/10/2019 8:00,0.0,0.0
10/10/2019 9:00,0.5,0.03
10/10/2019 10:00,2.0,0.12
10/10/2019 11:00,4.75,0.29
10/10/2019 12:00,7.75,0.47
10/10/2019 13:00,9.25,0.57
10/10/2019 14:00,10.0,0.61
10/10/2019 15:00,9.75,0.6
10/10/2019 16:00,8.25,0.51
10/10/2019 17:00,6.5,0.4
10/10/2019 18:00,3.25,0.2
10/10/2019 19:00,0.25,0.02
10/10/2019 20:00,0.0,0.0
10/10/2019 21:00,0.0,0.0
10/10/2019 22:00,0.0,0.0
10/10/2019 23:00,0.0,0.0
10/11/2019 0:00,0.0,0.0
10/11/2019 1:00,0.0,0.0
10/11/2019 2:00,0.0,0.0
10/11/2019 3:00,0.0,0.0
10/11/2019 4:00,0.0,0.0
10/11/2019 5:00,0.0,0.0
10/11/2019 6:00,0.0,0.0
10/11/2019 7:00,0.0,0.0
10/11/2019 8:00,0.0,0.0
10/11/2019 9:00,1.0,0.06
10/11/2019 10:00,1.5,0.09
10/11/2019 11:00,2.75,0.17
10/11/2019 12:00,4.5,0.28
10/11/2019 13:00,3.0,0.18
10/11/2019 14:00,3.0,0.18
10/11/2019 15:00,3.75,0.23
10/11/2019 16:00,3.0,0.18
10/11/2019 17:00,2.0,0.12
10/11/2019 18:00,1.0,0.06
10/11/2019 19:00,0.0,0.0
10/11/2019 20:00,0.0,0.0
10/11/2019 21:00,0.0,0.0
10/11/2019 22:00,0.0,0.0
10/11/2019 23:00,0.0,0.0
10/12/2019 0:00,0.0,0.0
10/12/2019 1:00,0.0,0.0
10/12/2019 2:00,0.0,0.0
10/12/2019 3:00,0.0,0.0
10/12/2019 4:00,0.0,0.0
10/12/2019 5:00,0.0,0.0
10/12/2019 6:00,0.0,0.0
10/12/2019 7:00,0.0,0.0
10/12/2019 8:00,0.0,0.0
10/12/2019 9:00,1.0,0.06
10/12/2019 10:00,1.25,0.08
10/12/2019 11:00,3.0,0.18
10/12/2019 12:00,3.75,0.23
10/12/2019 13:00,3.75,0.23
10/12/2019 14:00,6.25,0.38
10/12/2019 15:00,9.5,0.58
10/12/2019 16:00,8.5,0.52
10/12/2019 17:00,6.0,0.37
10/12/2019 18:00,3.0,0.18
10/12/2019 19:00,0.5,0.03
10/12/2019 20:00,0.0,0.0
10/12/2019 21:00,0.0,0.0
10/12/2019 22:00,0.0,0.0
10/12/2019 23:00,0.0,0.0
10/13/2019 0:00,0.0,0.0
10/13/2019 1:00,0.0,0.0
10/13/2019 2:00,0.0,0.0
10/13/2019 3:00,0.0,0.0
10/13/2019 4:00,0.0,0.0
10/13/2019 5:00,0.0,0.0
10/13/2019 6:00,0.0,0.0
10/13/2019 7:00,0.0,0.0
10/13/2019 8:00,0.0,0.0
10/13/2019 9:00,0.75,0.05
10/13/2019 10:00,1.5,0.09
10/13/2019 11:00,2.5,0.15
10/13/2019 12:00,4.0,0.25
10/13/2019 13:00,5.5,0.34
10/13/2019 14:00,7.5,0.46
10/13/2019 15:00,9.5,0.58
10/13/2019 16:00,8.0,0.49
10/13/2019 17:00,5.75,0.35
10/13/2019 18:00,2.75,0.17
10/13/2019 19:00,0.5,0.03
10/13/2019 20:00,0.0,0.0
10/13/2019 21:00,0.0,0.0
10/13/2019 22:00,0.0,0.0
10/13/2019 23:00,0.0,0.0
10/14/2019 0:00,0.0,0.0
10/14/2019 1:00,0.0,0.0
10/14/2019 2:00,0.0,0.0
10/14/2019 3:00,0.0,0.0
10/14/2019 4:00,0.0,0.0
10/14/2019 5:00,0.0,0.0
10/14/2019 6:00,0.0,0.0
10/14/2019 7:00,0.0,0.0
10/14/2019 8:00,0.0,0.0
10/14/2019 9:00,0.5,0.03
10/14/2019 10:00,1.75,0.11
10/14/2019 11:00,4.25,0.26
10/14/2019 12:00,6.75,0.41
10/14/2019 13:00,8.5,0.52
10/14/2019 14:00,10.75,0.66
10/14/2019 15:00,9.5,0.58
10/14/2019 16:00,4.25,0.26
10/14/2019 17:00,2.75,0.17
10/14/2019 18:00,1.5,0.09
10/14/2019 19:00,0.25,0.02
10/14/2019 20:00,0.0,0.0
10/14/2019 21:00,0.0,0.0
10/14/2019 22:00,0.0,0.0
10/14/2019 23:00,0.0,0.0
10/15/2019 0:00,0.0,0.0
10/15/2019 1:00,0.0,0.0
10/15/2019 2:00,0.0,0.0
10/15/2019 3:00,0.0,0.0
10/15/2019 4:00,0.0,0.0
10/15/2019 5:00,0.0,0.0
10/15/2019 6:00,0.0,0.0
10/15/2019 7:00,0.0,0.0
10/15/2019 8:00,0.0,0.0
10/15/2019 9:00,0.75,0.05
10/15/2019 10:00,1.75,0.11
10/15/2019 11:00,4.5,0.28
10/15/2019 12:00,7.5,0.46
10/15/2019 13:00,9.75,0.6
10/15/2019 14:00,10.5,0.64
10/15/2019 15:00,10.75,0.66
10/15/2019 16:00,9.0,0.55
10/15/2019 17:00,6.0,0.37
10/15/2019 18:00,3.5,0.21
10/15/2019 19:00,0.25,0.02
10/15/2019 20:00,0.0,0.0
10/15/2019 21:00,0.0,0.0
10/15/2019 22:00,0.0,0.0
10/15/2019 23:00,0.0,0.0
10/16/2019 0:00,0.0,0.0
10/16/2019 1:00,0.0,0.0
10/16/2019 2:00,0.0,0.0
10/16/2019 3:00,0.0,0.0
10/16/2019 4:00,0.0,0.0
10/16/2019 5:00,0.0,0.0
10/16/2019 6:00,0.0,0.0
10/16/2019 7:00,0.0,0.0
10/16/2019 8:00,0.0,0.0
10/16/2019 9:00,0.5,0.03
10/16/2019 10:00,1.5,0.09
10/16/2019 11:00,4.5,0.28
10/16/2019 12:00,8.0,0.49
10/16/2019 13:00,9.5,0.58
10/16/2019 14:00,10.5,0.64
10/16/2019 15:00,10.5,0.64
10/16/2019 16:00,9.0,0.55
10/16/2019 17:00,6.75,0.41
10/16/2019 18:00,2.5,0.15
10/16/2019 19:00,0.5,0.03
10/16/2019 20:00,0.0,0.0
10/16/2019 21:00,0.0,0.0
10/16/2019 22:00,0.0,0.0
10/16/2019 23:00,0.0,0.0
10/17/2019 0:00,0.0,0.0
10/17/2019 1:00,0.0,0.0
10/17/2019 2:00,0.0,0.0
10/17/2019 3:00,0.0,0.0
10/17/2019 4:00,0.0,0.0
10/17/2019 5:00,0.0,0.0
10/17/2019 6:00,0.0,0.0
10/17/2019 7:00,0.0,0.0
10/17/2019 8:00,0.25,0.02
10/17/2019 9:00,0.5,0.03
10/17/2019 10:00,1.5,0.09
10/17/2019 11:00,4.0,0.25
10/17/2019 12:00,6.25,0.38
10/17/2019 13:00,5.75,0.35
10/17/2019 14:00,5.5,0.34
10/17/2019 15:00,4.75,0.29
10/17/2019 16:00,5.5,0.34
10/17/2019 17:00,3.5,0.21
10/17/2019 18:00,1.75,0.11
10/17/2019 19:00,0.25,0.02
10/17/2019 20:00,0.0,0.0
10/17/2019 21:00,0.0,0.0
10/17/2019 22:00,0.0,0.0
10/17/2019 23:00,0.0,0.0
10/18/2019 0:00,0.0,0.0
10/18/2019 1:00,0.0,0.0
10/18/2019 2:00,0.0,0.0
10/18/2019 3:00,0.0,0.0
10/18/2019 4:00,0.0,0.0
10/18/2019 5:00,0.0,0.0
10/18/2019 6:00,0.0,0.0
10/18/2019 7:00,0.0,0.0
10/18/2019 8:00,0.0,0.0
10/18/2019 9:00,0.25,0.02
10/18/2019 10:00,1.25,0.08
10/18/2019 11:00,1.25,0.08
10/18/2019 12:00,2.75,0.17
10/18/2019 13:00,2.5,0.15
10/18/2019 14:00,2.5,0.15
10/18/2019 15:00,6.75,0.41
10/18/2019 16:00,8.0,0.49
10/18/2019 17:00,6.25,0.38
10/18/2019 18:00,2.75,0.17
10/18/2019 19:00,0.25,0.02
10/18/2019 20:00,0.0,0.0
10/18/2019 21:00,0.0,0.0
10/18/2019 22:00,0.0,0.0
10/18/2019 23:00,0.0,0.0
10/19/2019 0:00,0.0,0.0
10/19/2019 1:00,0.0,0.0
10/19/2019 2:00,0.0,0.0
10/19/2019 3:00,0.0,0.0
10/19/2019 4:00,0.0,0.0
10/19/2019 5:00,0.0,0.0
10/19/2019 6:00,0.0,0.0
10/19/2019 7:00,0.0,0.0
10/19/2019 8:00,0.0,0.0
10/19/2019 9:00,0.0,0.0
10/19/2019 10:00,1.25,0.08
10/19/2019 11:00,4.0,0.25
10/19/2019 12:00,7.75,0.47
10/19/2019 13:00,8.25,0.51
10/19/2019 14:00,5.25,0.32
10/19/2019 15:00,1.0,0.06
10/19/2019 16:00,2.0,0.12
10/19/2019 17:00,4.0,0.25
10/19/2019 18:00,2.25,0.14
10/19/2019 19:00,0.0,0.0
10/19/2019 20:00,0.0,0.0
10/19/2019 21:00,0.0,0.0
10/19/2019 22:00,0.0,0.0
10/19/2019 23:00,0.0,0.0
10/20/2019 0:00,0.0,0.0
10/20/2019 1:00,0.0,0.0
10/20/2019 2:00,0.0,0.0
10/20/2019 3:00,0.0,0.0
10/20/2019 4:00,0.0,0.0
10/20/2019 5:00,0.0,0.0
10/20/2019 6:00,0.0,0.0
10/20/2019 7:00,0.0,0.0
10/20/2019 8:00,0.0,0.0
10/20/2019 9:00,0.5,0.03
10/20/2019 10:00,1.25,0.08
10/20/2019 11:00,3.75,0.23
10/20/2019 12:00,5.25,0.32
10/20/2019 13:00,8.25,0.51
10/20/2019 14:00,10.0,0.61
10/20/2019 15:00,6.25,0.38
10/20/2019 16:00,2.25,0.14
10/20/2019 17:00,4.0,0.25
10/20/2019 18:00,1.25,0.08
10/20/2019 19:00,0.25,0.02
10/20/2019 20:00,0.0,0.0
10/20/2019 21:00,0.0,0.0
10/20/2019 22:00,0.0,0.0
10/20/2019 23:00,0.0,0.0
10/21/2019 0:00,0.0,0.0
10/21/2019 1:00,0.0,0.0
10/21/2019 2:00,0.0,0.0
10/21/2019 3:00,0.0,0.0
10/21/2019 4:00,0.0,0.0
10/21/2019 5:00,0.0,0.0
10/21/2019 6:00,0.0,0.0
10/21/2019 7:00,0.0,0.0
10/21/2019 8:00,0.0,0.0
10/21/2019 9:00,0.5,0.03
10/21/2019 10:00,1.25,0.08
10/21/2019 11:00,4.5,0.28
10/21/2019 12:00,7.75,0.47
10/21/2019 13:00,9.75,0.6
10/21/2019 14:00,10.75,0.66
10/21/2019 15:00,10.5,0.64
10/21/2019 16:00,9.0,0.55
10/21/2019 17:00,6.5,0.4
10/21/2019 18:00,2.5,0.15
10/21/2019 19:00,0.25,0.02
10/21/2019 20:00,0.0,0.0
10/21/2019 21:00,0.0,0.0
10/21/2019 22:00,0.0,0.0
10/21/2019 23:00,0.0,0.0
10/22/2019 0:00,0.0,0.0
10/22/2019 1:00,0.0,0.0
10/22/2019 2:00,0.0,0.0
10/22/2019 3:00,0.0,0.0
10/22/2019 4:00,0.0,0.0
10/22/2019 5:00,0.0,0.0
10/22/2019 6:00,0.0,0.0
10/22/2019 7:00,0.0,0.0
10/22/2019 8:00,0.0,0.0
10/22/2019 9:00,0.5,0.03
10/22/2019 10:00,1.25,0.08
10/22/2019 11:00,2.5,0.15
10/22/2019 12:00,3.0,0.18
10/22/2019 13:00,4.0,0.25
10/22/2019 14:00,6.25,0.38
10/22/2019 15:00,6.25,0.38
10/22/2019 16:00,7.5,0.46
10/22/2019 17:00,6.25,0.38
10/22/2019 18:00,1.25,0.08
10/22/2019 19:00,0.25,0.02
10/22/2019 20:00,0.0,0.0
10/22/2019 21:00,0.0,0.0
10/22/2019 22:00,0.0,0.0
10/22/2019 23:00,0.0,0.0
10/23/2019 0:00,0.0,0.0
10/23/2019 1:00,0.0,0.0
10/23/2019 2:00,0.0,0.0
10/23/2019 3:00,0.0,0.0
10/23/2019 4:00,0.0,0.0
10/23/2019 5:00,0.0,0.0
10/23/2019 6:00,0.0,0.0
10/23/2019 7:00,0.0,0.0
10/23/2019 8:00,0.0,0.0
10/23/2019 9:00,0.25,0.02
10/23/2019 10:00,1.25,0.08
10/23/2019 11:00,3.25,0.2
10/23/2019 12:00,6.0,0.37
10/23/2019 13:00,7.5,0.46
10/23/2019 14:00,11.0,0.67
10/23/2019 15:00,9.25,0.57
10/23/2019 16:00,4.75,0.29
10/23/2019 17:00,5.0,0.31
10/23/2019 18:00,2.75,0.17
10/23/2019 19:00,0.25,0.02
10/23/2019 20:00,0.0,0.0
10/23/2019 21:00,0.0,0.0
10/23/2019 22:00,0.0,0.0
10/23/2019 23:00,0.0,0.0
10/24/2019 0:00,0.0,0.0
10/24/2019 1:00,0.0,0.0
10/24/2019 2:00,0.0,0.0
10/24/2019 3:00,0.0,0.0
10/24/2019 4:00,0.0,0.0
10/24/2019 5:00,0.0,0.0
10/24/2019 6:00,0.0,0.0
10/24/2019 7:00,0.0,0.0
10/24/2019 8:00,0.0,0.0
10/24/2019 9:00,0.25,0.02
10/24/2019 10:00,1.0,0.06
10/24/2019 11:00,4.25,0.26
10/24/2019 12:00,7.75,0.47
10/24/2019 13:00,9.5,0.58
10/24/2019 14:00,10.5,0.64
10/24/2019 15:00,10.5,0.64
10/24/2019 16:00,8.75,0.54
10/24/2019 17:00,6.25,0.38
10/24/2019 18:00,2.25,0.14
10/24/2019 19:00,0.0,0.0
10/24/2019 20:00,0.0,0.0
10/24/2019 21:00,0.0,0.0
10/24/2019 22:00,0.0,0.0
10/24/2019 23:00,0.0,0.0
10/25/2019 0:00,0.0,0.0
10/25/2019 1:00,0.0,0.0
10/25/2019 2:00,0.0,0.0
10/25/2019 3:00,0.0,0.0
10/25/2019 4:00,0.0,0.0
10/25/2019 5:00,0.0,0.0
10/25/2019 6:00,0.0,0.0
10/25/2019 7:00,0.0,0.0
10/25/2019 8:00,0.0,0.0
10/25/2019 9:00,0.5,0.03
10/25/2019 10:00,1.0,0.06
10/25/2019 11:00,4.0,0.25
10/25/2019 12:00,7.75,0.47
10/25/2019 13:00,9.75,0.6
10/25/2019 14:00,10.5,0.64
10/25/2019 15:00,10.25,0.63
10/25/2019 16:00,8.25,0.51
10/25/2019 17:00,4.75,0.29
10/25/2019 18:00,1.75,0.11
10/25/2019 19:00,0.0,0.0
10/25/2019 20:00,0.0,0.0
10/25/2019 21:00,0.0,0.0
10/25/2019 22:00,0.0,0.0
10/25/2019 23:00,0.0,0.0
10/26/2019 0:00,0.0,0.0
10/26/2019 1:00,0.0,0.0
10/26/2019 2:00,0.0,0.0
10/26/2019 3:00,0.0,0.0
10/26/2019 4:00,0.0,0.0
10/26/2019 5:00,0.0,0.0
10/26/2019 6:00,0.0,0.0
10/26/2019 7:00,0.0,0.0
10/26/2019 8:00,0.0,0.0
10/26/2019 9:00,0.75,0.05
10/26/2019 10:00,1.5,0.09
10/26/2019 11:00,3.75,0.23
10/26/2019 12:00,7.5,0.46
10/26/2019 13:00,9.25,0.57
10/26/2019 14:00,10.25,0.63
10/26/2019 15:00,9.75,0.6
10/26/2019 16:00,8.25,0.51
10/26/2019 17:00,5.75,0.35
10/26/2019 18:00,2.0,0.12
10/26/2019 19:00,0.0,0.0
10/26/2019 20:00,0.0,0.0
10/26/2019 21:00,0.0,0.0
10/26/2019 22:00,0.0,0.0
10/26/2019 23:00,0.0,0.0
10/27/2019 0:00,0.0,0.0
10/27/2019 1:00,0.0,0.0
10/27/2019 1:00,0.0,0.0
10/27/2019 2:00,0.0,0.0
10/27/2019 3:00,0.0,0.0
10/27/2019 4:00,0.0,0.0
10/27/2019 5:00,0.0,0.0
10/27/2019 6:00,0.0,0.0
10/27/2019 7:00,0.0,0.0
10/27/2019 8:00,0.5,0.03
10/27/2019 9:00,1.5,0.09
10/27/2019 10:00,3.0,0.18
10/27/2019 11:00,5.5,0.34
10/27/2019 12:00,5.5,0.34
10/27/2019 13:00,4.75,0.29
10/27/2019 14:00,4.5,0.28
10/27/2019 15:00,3.5,0.21
10/27/2019 16:00,2.0,0.12
10/27/2019 17:00,1.5,0.09
10/27/2019 18:00,0.0,0.0
10/27/2019 19:00,0.0,0.0
10/27/2019 20:00,0.0,0.0
10/27/2019 21:00,0.0,0.0
10/27/2019 22:00,0.0,0.0
10/27/2019 23:00,0.0,0.0
10/28/2019 0:00,0.0,0.0
10/28/2019 1:00,0.0,0.0
10/28/2019 2:00,0.0,0.0
10/28/2019 3:00,0.0,0.0
10/28/2019 4:00,0.0,0.0
10/28/2019 5:00,0.0,0.0
10/28/2019 6:00,0.0,0.0
10/28/2019 7:00,0.0,0.0
10/28/2019 8:00,0.25,0.02
10/28/2019 9:00,0.75,0.05
10/28/2019 10:00,1.5,0.09
10/28/2019 11:00,5.0,0.31
10/28/2019 12:00,2.0,0.12
10/28/2019 13:00,3.75,0.23
10/28/2019 14:00,3.0,0.18
10/28/2019 15:00,5.0,0.31
10/28/2019 16:00,2.0,0.12
10/28/2019 17:00,1.0,0.06
10/28/2019 18:00,0.25,0.02
10/28/2019 19:00,0.0,0.0
10/28/2019 20:00,0.0,0.0
10/28/2019 21:00,0.0,0.0
10/28/2019 22:00,0.0,0.0
10/28/2019 23:00,0.0,0.0
10/29/2019 0:00,0.0,0.0
10/29/2019 1:00,0.0,0.0
10/29/2019 2:00,0.0,0.0
10/29/2019 3:00,0.0,0.0
10/29/2019 4:00,0.0,0.0
10/29/2019 5:00,0.0,0.0
10/29/2019 6:00,0.0,0.0
10/29/2019 7:00,0.0,0.0
10/29/2019 8:00,0.25,0.02
10/29/2019 9:00,1.0,0.06
10/29/2019 10:00,3.25,0.2
10/29/2019 11:00,4.75,0.29
10/29/2019 12:00,5.5,0.34
10/29/2019 13:00,4.0,0.25
10/29/2019 14:00,4.0,0.25
10/29/2019 15:00,3.5,0.21
10/29/2019 16:00,4.75,0.29
10/29/2019 17:00,2.25,0.14
10/29/2019 18:00,0.0,0.0
10/29/2019 19:00,0.0,0.0
10/29/2019 20:00,0.0,0.0
10/29/2019 21:00,0.0,0.0
10/29/2019 22:00,0.0,0.0
10/29/2019 23:00,0.0,0.0
10/30/2019 0:00,0.0,0.0
10/30/2019 1:00,0.0,0.0
10/30/2019 2:00,0.0,0.0
10/30/2019 3:00,0.0,0.0
10/30/2019 4:00,0.0,0.0
10/30/2019 5:00,0.0,0.0
10/30/2019 6:00,0.0,0.0
10/30/2019 7:00,0.0,0.0
10/30/2019 8:00,0.5,0.03
10/30/2019 9:00,1.5,0.09
10/30/2019 10:00,2.75,0.17
10/30/2019 11:00,3.5,0.21
10/30/2019 12:00,6.0,0.37
10/30/2019 13:00,8.25,0.51
10/30/2019 14:00,7.25,0.44
10/30/2019 15:00,5.25,0.32
10/30/2019 16:00,4.25,0.26
10/30/2019 17:00,1.25,0.08
10/30/2019 18:00,0.25,0.02
10/30/2019 19:00,0.0,0.0
10/30/2019 20:00,0.0,0.0
10/30/2019 21:00,0.0,0.0
10/30/2019 22:00,0.0,0.0
10/30/2019 23:00,0.0,0.0
10/31/2019 0:00,0.0,0.0
10/31/2019 1:00,0.0,0.0
10/31/2019 2:00,0.0,0.0
10/31/2019 3:00,0.0,0.0
10/31/2019 4:00,0.0,0.0
10/31/2019 5:00,0.0,0.0
10/31/2019 6:00,0.0,0.0
10/31/2019 7:00,0.0,0.0
10/31/2019 8:00,0.25,0.02
10/31/2019 9:00,1.25,0.08
10/31/2019 10:00,2.0,0.12
10/31/2019 11:00,2.75,0.17
10/31/2019 12:00,4.5,0.28
10/31/2019 13:00,3.75,0.23
10/31/2019 14:00,6.25,0.38
10/31/2019 15:00,3.75,0.23
10/31/2019 16:00,3.0,0.18
10/31/2019 17:00,1.0,0.06
10/31/2019 18:00,0.25,0.02
10/31/2019 19:00,0.0,0.0
10/31/2019 20:00,0.0,0.0
10/31/2019 21:00,0.0,0.0
10/31/2019 22:00,0.0,0.0
10/31/2019 23:00,0.0,0.0
11/1/2019 0:00,0.0,0.0
11/1/2019 1:00,0.0,0.0
11/1/2019 2:00,0.0,0.0
11/1/2019 3:00,0.0,0.0
11/1/2019 4:00,0.0,0.0
11/1/2019 5:00,0.0,0.0
11/1/2019 6:00,0.0,0.0
11/1/2019 7:00,0.0,0.0
11/1/2019 8:00,0.25,0.02
11/1/2019 9:00,1.0,0.06
11/1/2019 10:00,2.75,0.17
11/1/2019 11:00,6.5,0.4
11/1/2019 12:00,6.0,0.37
11/1/2019 13:00,7.5,0.46
11/1/2019 14:00,9.0,0.55
11/1/2019 15:00,5.5,0.34
11/1/2019 16:00,3.75,0.23
11/1/2019 17:00,1.75,0.11
11/1/2019 18:00,0.0,0.0
11/1/2019 19:00,0.0,0.0
11/1/2019 20:00,0.0,0.0
11/1/2019 21:00,0.0,0.0
11/1/2019 22:00,0.0,0.0
11/1/2019 23:00,0.0,0.0
11/2/2019 0:00,0.0,0.0
11/2/2019 1:00,0.0,0.0
11/2/2019 2:00,0.0,0.0
11/2/2019 3:00,0.0,0.0
11/2/2019 4:00,0.0,0.0
11/2/2019 5:00,0.0,0.0
11/2/2019 6:00,0.0,0.0
11/2/2019 7:00,0.0,0.0
11/2/2019 8:00,0.5,0.03
11/2/2019 9:00,0.75,0.05
11/2/2019 10:00,3.25,0.2
11/2/2019 11:00,7.25,0.44
11/2/2019 12:00,8.0,0.49
11/2/2019 13:00,8.0,0.49
11/2/2019 14:00,6.75,0.41
11/2/2019 15:00,5.0,0.31
11/2/2019 16:00,3.75,0.23
11/2/2019 17:00,1.5,0.09
11/2/2019 18:00,0.0,0.0
11/2/2019 19:00,0.0,0.0
11/2/2019 20:00,0.0,0.0
11/2/2019 21:00,0.0,0.0
11/2/2019 22:00,0.0,0.0
11/2/2019 23:00,0.0,0.0
11/3/2019 0:00,0.0,0.0
11/3/2019 1:00,0.0,0.0
11/3/2019 2:00,0.0,0.0
11/3/2019 3:00,0.0,0.0
11/3/2019 4:00,0.0,0.0
11/3/2019 5:00,0.0,0.0
11/3/2019 6:00,0.0,0.0
11/3/2019 7:00,0.0,0.0
11/3/2019 8:00,0.25,0.02
11/3/2019 9:00,0.75,0.05
11/3/2019 10:00,3.0,0.18
11/3/2019 11:00,4.25,0.26
11/3/2019 12:00,5.5,0.34
11/3/2019 13:00,9.0,0.55
11/3/2019 14:00,7.0,0.43
11/3/2019 15:00,2.0,0.12
11/3/2019 16:00,3.5,0.21
11/3/2019 17:00,0.75,0.05
11/3/2019 18:00,0.25,0.02
11/3/2019 19:00,0.0,0.0
11/3/2019 20:00,0.0,0.0
11/3/2019 21:00,0.0,0.0
11/3/2019 22:00,0.0,0.0
11/3/2019 23:00,0.0,0.0
11/4/2019 0:00,0.0,0.0
11/4/2019 1:00,0.0,0.0
11/4/2019 2:00,0.0,0.0
11/4/2019 3:00,0.0,0.0
11/4/2019 4:00,0.0,0.0
11/4/2019 5:00,0.0,0.0
11/4/2019 6:00,0.0,0.0
11/4/2019 7:00,0.0,0.0
11/4/2019 8:00,0.25,0.02
11/4/2019 9:00,1.5,0.09
11/4/2019 10:00,1.75,0.11
11/4/2019 11:00,2.75,0.17
11/4/2019 12:00,4.5,0.28
11/4/2019 13:00,2.75,0.17
11/4/2019 14:00,4.75,0.29
11/4/2019 15:00,3.25,0.2
11/4/2019 16:00,2.0,0.12
11/4/2019 17:00,1.5,0.09
11/4/2019 18:00,0.0,0.0
11/4/2019 19:00,0.0,0.0
11/4/2019 20:00,0.0,0.0
11/4/2019 21:00,0.0,0.0
11/4/2019 22:00,0.0,0.0
11/4/2019 23:00,0.0,0.0
11/5/2019 0:00,0.0,0.0
11/5/2019 1:00,0.0,0.0
11/5/2019 2:00,0.0,0.0
11/5/2019 3:00,0.0,0.0
11/5/2019 4:00,0.0,0.0
11/5/2019 5:00,0.0,0.0
11/5/2019 6:00,0.0,0.0
11/5/2019 7:00,0.0,0.0
11/5/2019 8:00,0.5,0.03
11/5/2019 9:00,0.75,0.05
11/5/2019 10:00,3.0,0.18
11/5/2019 11:00,6.75,0.41
11/5/2019 12:00,7.75,0.47
11/5/2019 13:00,9.0,0.55
11/5/2019 14:00,7.0,0.43
11/5/2019 15:00,4.75,0.29
11/5/2019 16:00,3.25,0.2
11/5/2019 17:00,1.25,0.08
11/5/2019 18:00,0.0,0.0
11/5/2019 19:00,0.0,0.0
11/5/2019 20:00,0.0,0.0
11/5/2019 21:00,0.0,0.0
11/5/2019 22:00,0.0,0.0
11/5/2019 23:00,0.0,0.0
11/6/2019 0:00,0.0,0.0
11/6/2019 1:00,0.0,0.0
11/6/2019 2:00,0.0,0.0
11/6/2019 3:00,0.0,0.0
11/6/2019 4:00,0.0,0.0
11/6/2019 5:00,0.0,0.0
11/6/2019 6:00,0.0,0.0
11/6/2019 7:00,0.0,0.0
11/6/2019 8:00,0.25,0.02
11/6/2019 9:00,0.75,0.05
11/6/2019 10:00,3.0,0.18
11/6/2019 11:00,6.5,0.4
11/6/2019 12:00,6.25,0.38
11/6/2019 13:00,8.0,0.49
11/6/2019 14:00,6.75,0.41
11/6/2019 15:00,2.5,0.15
11/6/2019 16:00,2.25,0.14
11/6/2019 17:00,0.25,0.02
11/6/2019 18:00,0.25,0.02
11/6/2019 19:00,0.0,0.0
11/6/2019 20:00,0.0,0.0
11/6/2019 21:00,0.0,0.0
11/6/2019 22:00,0.0,0.0
11/6/2019 23:00,0.0,0.0
11/7/2019 0:00,0.0,0.0
11/7/2019 1:00,0.0,0.0
11/7/2019 2:00,0.0,0.0
11/7/2019 3:00,0.0,0.0
11/7/2019 4:00,0.0,0.0
11/7/2019 5:00,0.0,0.0
11/7/2019 6:00,0.0,0.0
11/7/2019 7:00,0.0,0.0
11/7/2019 8:00,0.0,0.0
11/7/2019 9:00,0.75,0.05
11/7/2019 10:00,3.0,0.18
11/7/2019 11:00,7.0,0.43
11/7/2019 12:00,9.25,0.57
11/7/2019 13:00,10.25,0.63
11/7/2019 14:00,10.0,0.61
11/7/2019 15:00,8.5,0.52
11/7/2019 16:00,5.5,0.34
11/7/2019 17:00,1.25,0.08
11/7/2019 18:00,0.0,0.0
11/7/2019 19:00,0.0,0.0
11/7/2019 20:00,0.0,0.0
11/7/2019 21:00,0.0,0.0
11/7/2019 22:00,0.0,0.0
11/7/2019 23:00,0.0,0.0
11/8/2019 0:00,0.0,0.0
11/8/2019 1:00,0.0,0.0
11/8/2019 2:00,0.0,0.0
11/8/2019 3:00,0.0,0.0
11/8/2019 4:00,0.0,0.0
11/8/2019 5:00,0.0,0.0
11/8/2019 6:00,0.0,0.0
11/8/2019 7:00,0.0,0.0
11/8/2019 8:00,0.25,0.02
11/8/2019 9:00,0.5,0.03
11/8/2019 10:00,3.0,0.18
11/8/2019 11:00,7.0,0.43
11/8/2019 12:00,9.5,0.58
11/8/2019 13:00,10.0,0.61
11/8/2019 14:00,10.0,0.61
11/8/2019 15:00,8.25,0.51
11/8/2019 16:00,5.5,0.34
11/8/2019 17:00,1.0,0.06
11/8/2019 18:00,0.0,0.0
11/8/2019 19:00,0.0,0.0
11/8/2019 20:00,0.0,0.0
11/8/2019 21:00,0.0,0.0
11/8/2019 22:00,0.0,0.0
11/8/2019 23:00,0.0,0.0
11/9/2019 0:00,0.0,0.0
11/9/2019 1:00,0.0,0.0
11/9/2019 2:00,0.0,0.0
11/9/2019 3:00,0.0,0.0
11/9/2019 4:00,0.0,0.0
11/9/2019 5:00,0.0,0.0
11/9/2019 6:00,0.0,0.0
11/9/2019 7:00,0.0,0.0
11/9/2019 8:00,0.25,0.02
11/9/2019 9:00,0.75,0.05
11/9/2019 10:00,2.75,0.17
11/9/2019 11:00,6.75,0.41
11/9/2019 12:00,8.5,0.52
11/9/2019 13:00,9.75,0.6
11/9/2019 14:00,9.5,0.58
11/9/2019 15:00,7.75,0.47
11/9/2019 16:00,3.0,0.18
11/9/2019 17:00,1.0,0.06
11/9/2019 18:00,0.0,0.0
11/9/2019 19:00,0.0,0.0
11/9/2019 20:00,0.0,0.0
11/9/2019 21:00,0.0,0.0
11/9/2019 22:00,0.0,0.0
11/9/2019 23:00,0.0,0.0
11/10/2019 0:00,0.0,0.0
11/10/2019 1:00,0.0,0.0
11/10/2019 2:00,0.0,0.0
11/10/2019 3:00,0.0,0.0
11/10/2019 4:00,0.0,0.0
11/10/2019 5:00,0.0,0.0
11/10/2019 6:00,0.0,0.0
11/10/2019 7:00,0.0,0.0
11/10/2019 8:00,0.25,0.02
11/10/2019 9:00,1.0,0.06
11/10/2019 10:00,2.75,0.17
11/10/2019 11:00,6.0,0.37
11/10/2019 12:00,8.25,0.51
11/10/2019 13:00,8.0,0.49
11/10/2019 14:00,7.0,0.43
11/10/2019 15:00,3.75,0.23
11/10/2019 16:00,2.0,0.12
11/10/2019 17:00,0.5,0.03
11/10/2019 18:00,0.0,0.0
11/10/2019 19:00,0.0,0.0
11/10/2019 20:00,0.0,0.0
11/10/2019 21:00,0.0,0.0
11/10/2019 22:00,0.0,0.0
11/10/2019 23:00,0.0,0.0
11/11/2019 0:00,0.0,0.0
11/11/2019 1:00,0.0,0.0
11/11/2019 2:00,0.0,0.0
11/11/2019 3:00,0.0,0.0
11/11/2019 4:00,0.0,0.0
11/11/2019 5:00,0.0,0.0
11/11/2019 6:00,0.0,0.0
11/11/2019 7:00,0.0,0.0
11/11/2019 8:00,0.25,0.02
11/11/2019 9:00,1.0,0.06
11/11/2019 10:00,2.25,0.14
11/11/2019 11:00,2.25,0.14
11/11/2019 12:00,3.25,0.2
11/11/2019 13:00,2.75,0.17
11/11/2019 14:00,3.0,0.18
11/11/2019 15:00,1.5,0.09
11/11/2019 16:00,4.0,0.25
11/11/2019 17:00,1.25,0.08
11/11/2019 18:00,0.0,0.0
11/11/2019 19:00,0.0,0.0
11/11/2019 20:00,0.0,0.0
11/11/2019 21:00,0.0,0.0
11/11/2019 22:00,0.0,0.0
11/11/2019 23:00,0.0,0.0
11/12/2019 0:00,0.0,0.0
11/12/2019 1:00,0.0,0.0
11/12/2019 2:00,0.0,0.0
11/12/2019 3:00,0.0,0.0
11/12/2019 4:00,0.0,0.0
11/12/2019 5:00,0.0,0.0
11/12/2019 6:00,0.0,0.0
11/12/2019 7:00,0.0,0.0
11/12/2019 8:00,0.25,0.02
11/12/2019 9:00,0.5,0.03
11/12/2019 10:00,2.5,0.15
11/12/2019 11:00,6.75,0.41
11/12/2019 12:00,8.75,0.54
11/12/2019 13:00,9.5,0.58
11/12/2019 14:00,9.25,0.57
11/12/2019 15:00,7.75,0.47
11/12/2019 16:00,5.0,0.31
11/12/2019 17:00,1.0,0.06
11/12/2019 18:00,0.0,0.0
11/12/2019 19:00,0.0,0.0
11/12/2019 20:00,0.0,0.0
11/12/2019 21:00,0.0,0.0
11/12/2019 22:00,0.0,0.0
11/12/2019 23:00,0.0,0.0
11/13/2019 0:00,0.0,0.0
11/13/2019 1:00,0.0,0.0
11/13/2019 2:00,0.0,0.0
11/13/2019 3:00,0.0,0.0
11/13/2019 4:00,0.0,0.0
11/13/2019 5:00,0.0,0.0
11/13/2019 6:00,0.0,0.0
11/13/2019 7:00,0.0,0.0
11/13/2019 8:00,0.25,0.02
11/13/2019 9:00,0.75,0.05
11/13/2019 10:00,1.75,0.11
11/13/2019 11:00,5.0,0.31
11/13/2019 12:00,7.75,0.47
11/13/2019 13:00,9.5,0.58
11/13/2019 14:00,8.5,0.52
11/13/2019 15:00,7.75,0.47
11/13/2019 16:00,4.75,0.29
11/13/2019 17:00,0.75,0.05
11/13/2019 18:00,0.0,0.0
11/13/2019 19:00,0.0,0.0
11/13/2019 20:00,0.0,0.0
11/13/2019 21:00,0.0,0.0
11/13/2019 22:00,0.0,0.0
11/13/2019 23:00,0.0,0.0
11/14/2019 0:00,0.0,0.0
11/14/2019 1:00,0.0,0.0
11/14/2019 2:00,0.0,0.0
11/14/2019 3:00,0.0,0.0
11/14/2019 4:00,0.0,0.0
11/14/2019 5:00,0.0,0.0
11/14/2019 6:00,0.0,0.0
11/14/2019 7:00,0.0,0.0
11/14/2019 8:00,0.25,0.02
11/14/2019 9:00,1.0,0.06
11/14/2019 10:00,2.25,0.14
11/14/2019 11:00,2.5,0.15
11/14/2019 12:00,3.5,0.21
11/14/2019 13:00,3.75,0.23
11/14/2019 14:00,3.75,0.23
11/14/2019 15:00,3.5,0.21
11/14/2019 16:00,3.75,0.23
11/14/2019 17:00,0.75,0.05
11/14/2019 18:00,0.25,0.02
11/14/2019 19:00,0.0,0.0
11/14/2019 20:00,0.0,0.0
11/14/2019 21:00,0.0,0.0
11/14/2019 22:00,0.0,0.0
11/14/2019 23:00,0.0,0.0
11/15/2019 0:00,0.0,0.0
11/15/2019 1:00,0.0,0.0
11/15/2019 2:00,0.0,0.0
11/15/2019 3:00,0.0,0.0
11/15/2019 4:00,0.0,0.0
11/15/2019 5:00,0.0,0.0
11/15/2019 6:00,0.0,0.0
11/15/2019 7:00,0.0,0.0
11/15/2019 8:00,0.0,0.0
11/15/2019 9:00,0.75,0.05
11/15/2019 10:00,2.25,0.14
11/15/2019 11:00,6.5,0.4
11/15/2019 12:00,9.25,0.57
11/15/2019 13:00,10.0,0.61
11/15/2019 14:00,9.25,0.57
11/15/2019 15:00,7.0,0.43
11/15/2019 16:00,4.75,0.29
11/15/2019 17:00,0.75,0.05
11/15/2019 18:00,0.0,0.0
11/15/2019 19:00,0.0,0.0
11/15/2019 20:00,0.0,0.0
11/15/2019 21:00,0.0,0.0
11/15/2019 22:00,0.0,0.0
11/15/2019 23:00,0.0,0.0
11/16/2019 0:00,0.0,0.0
11/16/2019 1:00,0.0,0.0
11/16/2019 2:00,0.0,0.0
11/16/2019 3:00,0.0,0.0
11/16/2019 4:00,0.0,0.0
11/16/2019 5:00,0.0,0.0
11/16/2019 6:00,0.0,0.0
11/16/2019 7:00,0.0,0.0
11/16/2019 8:00,0.25,0.02
11/16/2019 9:00,0.5,0.03
11/16/2019 10:00,2.25,0.14
11/16/2019 11:00,6.5,0.4
11/16/2019 12:00,9.0,0.55
11/16/2019 13:00,9.75,0.6
11/16/2019 14:00,9.75,0.6
11/16/2019 15:00,8.0,0.49
11/16/2019 16:00,4.75,0.29
11/16/2019 17:00,0.75,0.05
11/16/2019 18:00,0.0,0.0
11/16/2019 19:00,0.0,0.0
11/16/2019 20:00,0.0,0.0
11/16/2019 21:00,0.0,0.0
11/16/2019 22:00,0.0,0.0
11/16/2019 23:00,0.0,0.0
11/17/2019 0:00,0.0,0.0
11/17/2019 1:00,0.0,0.0
11/17/2019 2:00,0.0,0.0
11/17/2019 3:00,0.0,0.0
11/17/2019 4:00,0.0,0.0
11/17/2019 5:00,0.0,0.0
11/17/2019 6:00,0.0,0.0
11/17/2019 7:00,0.0,0.0
11/17/2019 8:00,0.25,0.02
11/17/2019 9:00,1.0,0.06
11/17/2019 10:00,2.25,0.14
11/17/2019 11:00,4.5,0.28
11/17/2019 12:00,7.75,0.47
11/17/2019 13:00,9.0,0.55
11/17/2019 14:00,5.75,0.35
11/17/2019 15:00,3.5,0.21
11/17/2019 16:00,3.25,0.2
11/17/2019 17:00,0.75,0.05
11/17/2019 18:00,0.0,0.0
11/17/2019 19:00,0.0,0.0
11/17/2019 20:00,0.0,0.0
11/17/2019 21:00,0.0,0.0
11/17/2019 22:00,0.0,0.0
11/17/2019 23:00,0.0,0.0
11/18/2019 0:00,0.0,0.0
11/18/2019 1:00,0.0,0.0
11/18/2019 2:00,0.0,0.0
11/18/2019 3:00,0.0,0.0
11/18/2019 4:00,0.0,0.0
11/18/2019 5:00,0.0,0.0
11/18/2019 6:00,0.0,0.0
11/18/2019 7:00,0.0,0.0
11/18/2019 8:00,0.0,0.0
11/18/2019 9:00,0.5,0.03
11/18/2019 10:00,2.25,0.14
11/18/2019 11:00,6.25,0.38
11/18/2019 12:00,7.75,0.47
11/18/2019 13:00,10.0,0.61
11/18/2019 14:00,9.25,0.57
11/18/2019 15:00,7.75,0.47
11/18/2019 16:00,4.75,0.29
11/18/2019 17:00,0.75,0.05
11/18/2019 18:00,0.0,0.0
11/18/2019 19:00,0.0,0.0
11/18/2019 20:00,0.0,0.0
11/18/2019 21:00,0.0,0.0
11/18/2019 22:00,0.0,0.0
11/18/2019 23:00,0.0,0.0
11/19/2019 0:00,0.0,0.0
11/19/2019 1:00,0.0,0.0
11/19/2019 2:00,0.0,0.0
11/19/2019 3:00,0.0,0.0
11/19/2019 4:00,0.0,0.0
11/19/2019 5:00,0.0,0.0
11/19/2019 6:00,0.0,0.0
11/19/2019 7:00,0.0,0.0
11/19/2019 8:00,0.25,0.02
11/19/2019 9:00,0.75,0.05
11/19/2019 10:00,2.5,0.15
11/19/2019 11:00,5.5,0.34
11/19/2019 12:00,6.25,0.38
11/19/2019 13:00,5.0,0.31
11/19/2019 14:00,8.25,0.51
11/19/2019 15:00,7.0,0.43
11/19/2019 16:00,4.25,0.26
11/19/2019 17:00,0.75,0.05
11/19/2019 18:00,0.0,0.0
11/19/2019 19:00,0.0,0.0
11/19/2019 20:00,0.0,0.0
11/19/2019 21:00,0.0,0.0
11/19/2019 22:00,0.0,0.0
11/19/2019 23:00,0.0,0.0
11/20/2019 0:00,0.0,0.0
11/20/2019 1:00,0.0,0.0
11/20/2019 2:00,0.0,0.0
11/20/2019 3:00,0.0,0.0
11/20/2019 4:00,0.0,0.0
11/20/2019 5:00,0.0,0.0
11/20/2019 6:00,0.0,0.0
11/20/2019 7:00,0.0,0.0
11/20/2019 8:00,0.0,0.0
11/20/2019 9:00,0.0,0.0
11/20/2019 10:00,1.5,0.09
11/20/2019 11:00,5.0,0.31
11/20/2019 12:00,5.5,0.34
11/20/2019 13:00,7.75,0.47
11/20/2019 14:00,6.75,0.41
11/20/2019 15:00,6.75,0.41
11/20/2019 16:00,4.0,0.25
11/20/2019 17:00,1.0,0.06
11/20/2019 18:00,0.0,0.0
11/20/2019 19:00,0.0,0.0
11/20/2019 20:00,0.0,0.0
11/20/2019 21:00,0.0,0.0
11/20/2019 22:00,0.0,0.0
11/20/2019 23:00,0.0,0.0
11/21/2019 0:00,0.0,0.0
11/21/2019 1:00,0.0,0.0
11/21/2019 2:00,0.0,0.0
11/21/2019 3:00,0.0,0.0
11/21/2019 4:00,0.0,0.0
11/21/2019 5:00,0.0,0.0
11/21/2019 6:00,0.0,0.0
11/21/2019 7:00,0.0,0.0
11/21/2019 8:00,0.0,0.0
11/21/2019 9:00,1.0,0.06
11/21/2019 10:00,2.5,0.15
11/21/2019 11:00,2.5,0.15
11/21/2019 12:00,3.5,0.21
11/21/2019 13:00,3.25,0.2
11/21/2019 14:00,4.5,0.28
11/21/2019 15:00,1.25,0.08
11/21/2019 16:00,1.0,0.06
11/21/2019 17:00,1.0,0.06
11/21/2019 18:00,0.0,0.0
11/21/2019 19:00,0.0,0.0
11/21/2019 20:00,0.0,0.0
11/21/2019 21:00,0.0,0.0
11/21/2019 22:00,0.0,0.0
11/21/2019 23:00,0.0,0.0
11/22/2019 0:00,0.0,0.0
11/22/2019 1:00,0.0,0.0
11/22/2019 2:00,0.0,0.0
11/22/2019 3:00,0.0,0.0
11/22/2019 4:00,0.0,0.0
11/22/2019 5:00,0.0,0.0
11/22/2019 6:00,0.0,0.0
11/22/2019 7:00,0.0,0.0
11/22/2019 8:00,0.0,0.0
11/22/2019 9:00,0.25,0.02
11/22/2019 10:00,0.75,0.05
11/22/2019 11:00,2.5,0.15
11/22/2019 12:00,1.5,0.09
11/22/2019 13:00,2.75,0.17
11/22/2019 14:00,1.75,0.11
11/22/2019 15:00,1.25,0.08
11/22/2019 16:00,1.25,0.08
11/22/2019 17:00,0.5,0.03
11/22/2019 18:00,0.0,0.0
11/22/2019 19:00,0.0,0.0
11/22/2019 20:00,0.0,0.0
11/22/2019 21:00,0.0,0.0
11/22/2019 22:00,0.0,0.0
11/22/2019 23:00,0.0,0.0
11/23/2019 0:00,0.0,0.0
11/23/2019 1:00,0.0,0.0
11/23/2019 2:00,0.0,0.0
11/23/2019 3:00,0.0,0.0
11/23/2019 4:00,0.0,0.0
11/23/2019 5:00,0.0,0.0
11/23/2019 6:00,0.0,0.0
11/23/2019 7:00,0.0,0.0
11/23/2019 8:00,0.25,0.02
11/23/2019 9:00,0.5,0.03
11/23/2019 10:00,1.75,0.11
11/23/2019 11:00,5.0,0.31
11/23/2019 12:00,6.75,0.41
11/23/2019 13:00,8.75,0.54
11/23/2019 14:00,9.0,0.55
11/23/2019 15:00,7.5,0.46
11/23/2019 16:00,4.75,0.29
11/23/2019 17:00,0.75,0.05
11/23/2019 18:00,0.0,0.0
11/23/2019 19:00,0.0,0.0
11/23/2019 20:00,0.0,0.0
11/23/2019 21:00,0.0,0.0
11/23/2019 22:00,0.0,0.0
11/23/2019 23:00,0.0,0.0
11/24/2019 0:00,0.0,0.0
11/24/2019 1:00,0.0,0.0
11/24/2019 2:00,0.0,0.0
11/24/2019 3:00,0.0,0.0
11/24/2019 4:00,0.0,0.0
11/24/2019 5:00,0.0,0.0
11/24/2019 6:00,0.0,0.0
11/24/2019 7:00,0.0,0.0
11/24/2019 8:00,0.25,0.02
11/24/2019 9:00,0.5,0.03
11/24/2019 10:00,2.0,0.12
11/24/2019 11:00,4.0,0.25
11/24/2019 12:00,7.75,0.47
11/24/2019 13:00,6.5,0.4
11/24/2019 14:00,3.5,0.21
11/24/2019 15:00,2.75,0.17
11/24/2019 16:00,3.75,0.23
11/24/2019 17:00,0.75,0.05
11/24/2019 18:00,0.0,0.0
11/24/2019 19:00,0.0,0.0
11/24/2019 20:00,0.0,0.0
11/24/2019 21:00,0.0,0.0
11/24/2019 22:00,0.0,0.0
11/24/2019 23:00,0.0,0.0
11/25/2019 0:00,0.0,0.0
11/25/2019 1:00,0.0,0.0
11/25/2019 2:00,0.0,0.0
11/25/2019 3:00,0.0,0.0
11/25/2019 4:00,0.0,0.0
11/25/2019 5:00,0.0,0.0
11/25/2019 6:00,0.0,0.0
11/25/2019 7:00,0.0,0.0
11/25/2019 8:00,0.0,0.0
11/25/2019 9:00,1.0,0.06
11/25/2019 10:00,2.25,0.14
11/25/2019 11:00,2.25,0.14
11/25/2019 12:00,3.0,0.18
11/25/2019 13:00,3.25,0.2
11/25/2019 14:00,6.75,0.41
11/25/2019 15:00,5.0,0.31
11/25/2019 16:00,2.75,0.17
11/25/2019 17:00,0.5,0.03
11/25/2019 18:00,0.25,0.02
11/25/2019 19:00,0.0,0.0
11/25/2019 20:00,0.0,0.0
11/25/2019 21:00,0.0,0.0
11/25/2019 22:00,0.0,0.0
11/25/2019 23:00,0.0,0.0
11/26/2019 0:00,0.0,0.0
11/26/2019 1:00,0.0,0.0
11/26/2019 2:00,0.0,0.0
11/26/2019 3:00,0.0,0.0
11/26/2019 4:00,0.0,0.0
11/26/2019 5:00,0.0,0.0
11/26/2019 6:00,0.0,0.0
11/26/2019 7:00,0.0,0.0
11/26/2019 8:00,0.0,0.0
11/26/2019 9:00,0.5,0.03
11/26/2019 10:00,2.5,0.15
11/26/2019 11:00,3.5,0.21
11/26/2019 12:00,5.75,0.35
11/26/2019 13:00,7.75,0.47
11/26/2019 14:00,4.25,0.26
11/26/2019 15:00,2.5,0.15
11/26/2019 16:00,1.75,0.11
11/26/2019 17:00,0.25,0.02
11/26/2019 18:00,0.0,0.0
11/26/2019 19:00,0.0,0.0
11/26/2019 20:00,0.0,0.0
11/26/2019 21:00,0.0,0.0
11/26/2019 22:00,0.0,0.0
11/26/2019 23:00,0.0,0.0
11/27/2019 0:00,0.0,0.0
11/27/2019 1:00,0.0,0.0
11/27/2019 2:00,0.0,0.0
11/27/2019 3:00,0.0,0.0
11/27/2019 4:00,0.0,0.0
11/27/2019 5:00,0.0,0.0
11/27/2019 6:00,0.0,0.0
11/27/2019 7:00,0.0,0.0
11/27/2019 8:00,0.25,0.02
11/27/2019 9:00,0.75,0.05
11/27/2019 10:00,1.5,0.09
11/27/2019 11:00,2.0,0.12
11/27/2019 12:00,3.25,0.2
11/27/2019 13:00,3.75,0.23
11/27/2019 14:00,4.5,0.28
11/27/2019 15:00,5.25,0.32
11/27/2019 16:00,1.25,0.08
11/27/2019 17:00,0.5,0.03
11/27/2019 18:00,0.0,0.0
11/27/2019 19:00,0.0,0.0
11/27/2019 20:00,0.0,0.0
11/27/2019 21:00,0.0,0.0
11/27/2019 22:00,0.0,0.0
11/27/2019 23:00,0.0,0.0
11/28/2019 0:00,0.0,0.0
11/28/2019 1:00,0.0,0.0
11/28/2019 2:00,0.0,0.0
11/28/2019 3:00,0.0,0.0
11/28/2019 4:00,0.0,0.0
11/28/2019 5:00,0.0,0.0
11/28/2019 6:00,0.0,0.0
11/28/2019 7:00,0.0,0.0
11/28/2019 8:00,0.0,0.0
11/28/2019 9:00,0.5,0.03
11/28/2019 10:00,1.5,0.09
11/28/2019 11:00,5.25,0.32
11/28/2019 12:00,7.0,0.43
11/28/2019 13:00,8.25,0.51
11/28/2019 14:00,8.75,0.54
11/28/2019 15:00,6.25,0.38
11/28/2019 16:00,4.0,0.25
11/28/2019 17:00,0.75,0.05
11/28/2019 18:00,0.0,0.0
11/28/2019 19:00,0.0,0.0
11/28/2019 20:00,0.0,0.0
11/28/2019 21:00,0.0,0.0
11/28/2019 22:00,0.0,0.0
11/28/2019 23:00,0.0,0.0
11/29/2019 0:00,0.0,0.0
11/29/2019 1:00,0.0,0.0
11/29/2019 2:00,0.0,0.0
11/29/2019 3:00,0.0,0.0
11/29/2019 4:00,0.0,0.0
11/29/2019 5:00,0.0,0.0
11/29/2019 6:00,0.0,0.0
11/29/2019 7:00,0.0,0.0
11/29/2019 8:00,0.0,0.0
11/29/2019 9:00,0.75,0.05
11/29/2019 10:00,1.5,0.09
11/29/2019 11:00,5.0,0.31
11/29/2019 12:00,7.75,0.47
11/29/2019 13:00,8.25,0.51
11/29/2019 14:00,7.0,0.43
11/29/2019 15:00,7.0,0.43
11/29/2019 16:00,3.0,0.18
11/29/2019 17:00,1.0,0.06
11/29/2019 18:00,0.0,0.0
11/29/2019 19:00,0.0,0.0
11/29/2019 20:00,0.0,0.0
11/29/2019 21:00,0.0,0.0
11/29/2019 22:00,0.0,0.0
11/29/2019 23:00,0.0,0.0
11/30/2019 0:00,0.0,0.0
11/30/2019 1:00,0.0,0.0
11/30/2019 2:00,0.0,0.0
11/30/2019 3:00,0.0,0.0
11/30/2019 4:00,0.0,0.0
11/30/2019 5:00,0.0,0.0
11/30/2019 6:00,0.0,0.0
11/30/2019 7:00,0.0,0.0
11/30/2019 8:00,0.0,0.0
11/30/2019 9:00,0.75,0.05
11/30/2019 10:00,2.0,0.12
11/30/2019 11:00,3.75,0.23
11/30/2019 12:00,3.0,0.18
11/30/2019 13:00,3.0,0.18
11/30/2019 14:00,4.5,0.28
11/30/2019 15:00,2.5,0.15
11/30/2019 16:00,1.75,0.11
11/30/2019 17:00,0.5,0.03
11/30/2019 18:00,0.0,0.0
11/30/2019 19:00,0.0,0.0
11/30/2019 20:00,0.0,0.0
11/30/2019 21:00,0.0,0.0
11/30/2019 22:00,0.0,0.0
11/30/2019 23:00,0.0,0.0
12/1/2019 0:00,0.0,0.0
12/1/2019 1:00,0.0,0.0
12/1/2019 2:00,0.0,0.0
12/1/2019 3:00,0.0,0.0
12/1/2019 4:00,0.0,0.0
12/1/2019 5:00,0.0,0.0
12/1/2019 6:00,0.0,0.0
12/1/2019 7:00,0.0,0.0
12/1/2019 8:00,0.25,0.02
12/1/2019 9:00,0.5,0.03
12/1/2019 10:00,2.0,0.12
12/1/2019 11:00,4.0,0.25
12/1/2019 12:00,1.5,0.09
12/1/2019 13:00,6.0,0.37
12/1/2019 14:00,7.5,0.46
12/1/2019 15:00,3.75,0.23
12/1/2019 16:00,3.5,0.21
12/1/2019 17:00,0.5,0.03
12/1/2019 18:00,0.0,0.0
12/1/2019 19:00,0.0,0.0
12/1/2019 20:00,0.0,0.0
12/1/2019 21:00,0.0,0.0
12/1/2019 22:00,0.0,0.0
12/1/2019 23:00,0.0,0.0
12/2/2019 0:00,0.0,0.0
12/2/2019 1:00,0.0,0.0
12/2/2019 2:00,0.0,0.0
12/2/2019 3:00,0.0,0.0
12/2/2019 4:00,0.0,0.0
12/2/2019 5:00,0.0,0.0
12/2/2019 6:00,0.0,0.0
12/2/2019 7:00,0.0,0.0
12/2/2019 8:00,0.25,0.02
12/2/2019 9:00,1.0,0.06
12/2/2019 10:00,1.75,0.11
12/2/2019 11:00,3.25,0.2
12/2/2019 12:00,3.5,0.21
12/2/2019 13:00,3.5,0.21
12/2/2019 14:00,2.5,0.15
12/2/2019 15:00,2.5,0.15
12/2/2019 16:00,1.75,0.11
12/2/2019 17:00,0.75,0.05
12/2/2019 18:00,0.0,0.0
12/2/2019 19:00,0.0,0.0
12/2/2019 20:00,0.0,0.0
12/2/2019 21:00,0.0,0.0
12/2/2019 22:00,0.0,0.0
12/2/2019 23:00,0.0,0.0
12/3/2019 0:00,0.0,0.0
12/3/2019 1:00,0.0,0.0
12/3/2019 2:00,0.0,0.0
12/3/2019 3:00,0.0,0.0
12/3/2019 4:00,0.0,0.0
12/3/2019 5:00,0.0,0.0
12/3/2019 6:00,0.0,0.0
12/3/2019 7:00,0.0,0.0
12/3/2019 8:00,0.0,0.0
12/3/2019 9:00,0.25,0.02
12/3/2019 10:00,1.25,0.08
12/3/2019 11:00,5.0,0.31
12/3/2019 12:00,7.75,0.47
12/3/2019 13:00,8.75,0.54
12/3/2019 14:00,8.5,0.52
12/3/2019 15:00,7.0,0.43
12/3/2019 16:00,4.25,0.26
12/3/2019 17:00,0.5,0.03
12/3/2019 18:00,0.0,0.0
12/3/2019 19:00,0.0,0.0
12/3/2019 20:00,0.0,0.0
12/3/2019 21:00,0.0,0.0
12/3/2019 22:00,0.0,0.0
12/3/2019 23:00,0.0,0.0
12/4/2019 0:00,0.0,0.0
12/4/2019 1:00,0.0,0.0
12/4/2019 2:00,0.0,0.0
12/4/2019 3:00,0.0,0.0
12/4/2019 4:00,0.0,0.0
12/4/2019 5:00,0.0,0.0
12/4/2019 6:00,0.0,0.0
12/4/2019 7:00,0.0,0.0
12/4/2019 8:00,0.0,0.0
12/4/2019 9:00,0.5,0.03
12/4/2019 10:00,1.25,0.08
12/4/2019 11:00,3.5,0.21
12/4/2019 12:00,4.0,0.25
12/4/2019 13:00,3.25,0.2
12/4/2019 14:00,2.5,0.15
12/4/2019 15:00,2.25,0.14
12/4/2019 16:00,2.0,0.12
12/4/2019 17:00,1.0,0.06
12/4/2019 18:00,0.0,0.0
12/4/2019 19:00,0.0,0.0
12/4/2019 20:00,0.0,0.0
12/4/2019 21:00,0.0,0.0
12/4/2019 22:00,0.0,0.0
12/4/2019 23:00,0.0,0.0
12/5/2019 0:00,0.0,0.0
12/5/2019 1:00,0.0,0.0
12/5/2019 2:00,0.0,0.0
12/5/2019 3:00,0.0,0.0
12/5/2019 4:00,0.0,0.0
12/5/2019 5:00,0.0,0.0
12/5/2019 6:00,0.0,0.0
12/5/2019 7:00,0.0,0.0
12/5/2019 8:00,0.0,0.0
12/5/2019 9:00,0.5,0.03
12/5/2019 10:00,1.25,0.08
12/5/2019 11:00,4.75,0.29
12/5/2019 12:00,7.75,0.47
12/5/2019 13:00,8.5,0.52
12/5/2019 14:00,8.25,0.51
12/5/2019 15:00,3.75,0.23
12/5/2019 16:00,3.25,0.2
12/5/2019 17:00,0.5,0.03
12/5/2019 18:00,0.0,0.0
12/5/2019 19:00,0.0,0.0
12/5/2019 20:00,0.0,0.0
12/5/2019 21:00,0.0,0.0
12/5/2019 22:00,0.0,0.0
12/5/2019 23:00,0.0,0.0
12/6/2019 0:00,0.0,0.0
12/6/2019 1:00,0.0,0.0
12/6/2019 2:00,0.0,0.0
12/6/2019 3:00,0.0,0.0
12/6/2019 4:00,0.0,0.0
12/6/2019 5:00,0.0,0.0
12/6/2019 6:00,0.0,0.0
12/6/2019 7:00,0.0,0.0
12/6/2019 8:00,0.0,0.0
12/6/2019 9:00,0.5,0.03
12/6/2019 10:00,1.0,0.06
12/6/2019 11:00,4.75,0.29
12/6/2019 12:00,7.5,0.46
12/6/2019 13:00,8.5,0.52
12/6/2019 14:00,8.25,0.51
12/6/2019 15:00,6.75,0.41
12/6/2019 16:00,4.0,0.25
12/6/2019 17:00,0.5,0.03
12/6/2019 18:00,0.0,0.0
12/6/2019 19:00,0.0,0.0
12/6/2019 20:00,0.0,0.0
12/6/2019 21:00,0.0,0.0
12/6/2019 22:00,0.0,0.0
12/6/2019 23:00,0.0,0.0
12/7/2019 0:00,0.0,0.0
12/7/2019 1:00,0.0,0.0
12/7/2019 2:00,0.0,0.0
12/7/2019 3:00,0.0,0.0
12/7/2019 4:00,0.0,0.0
12/7/2019 5:00,0.0,0.0
12/7/2019 6:00,0.0,0.0
12/7/2019 7:00,0.0,0.0
12/7/2019 8:00,0.0,0.0
12/7/2019 9:00,0.5,0.03
12/7/2019 10:00,1.25,0.08
12/7/2019 11:00,4.5,0.28
12/7/2019 12:00,7.5,0.46
12/7/2019 13:00,8.5,0.52
12/7/2019 14:00,8.25,0.51
12/7/2019 15:00,6.5,0.4
12/7/2019 16:00,3.5,0.21
12/7/2019 17:00,0.75,0.05
12/7/2019 18:00,0.0,0.0
12/7/2019 19:00,0.0,0.0
12/7/2019 20:00,0.0,0.0
12/7/2019 21:00,0.0,0.0
12/7/2019 22:00,0.0,0.0
12/7/2019 23:00,0.0,0.0
12/8/2019 0:00,0.0,0.0
12/8/2019 1:00,0.0,0.0
12/8/2019 2:00,0.0,0.0
12/8/2019 3:00,0.0,0.0
12/8/2019 4:00,0.0,0.0
12/8/2019 5:00,0.0,0.0
12/8/2019 6:00,0.0,0.0
12/8/2019 7:00,0.0,0.0
12/8/2019 8:00,0.0,0.0
12/8/2019 9:00,0.5,0.03
12/8/2019 10:00,1.0,0.06
12/8/2019 11:00,4.75,0.29
12/8/2019 12:00,7.25,0.44
12/8/2019 13:00,8.75,0.54
12/8/2019 14:00,8.0,0.49
12/8/2019 15:00,5.25,0.32
12/8/2019 16:00,1.25,0.08
12/8/2019 17:00,0.5,0.03
12/8/2019 18:00,0.0,0.0
12/8/2019 19:00,0.0,0.0
12/8/2019 20:00,0.0,0.0
12/8/2019 21:00,0.0,0.0
12/8/2019 22:00,0.0,0.0
12/8/2019 23:00,0.0,0.0
12/9/2019 0:00,0.0,0.0
12/9/2019 1:00,0.0,0.0
12/9/2019 2:00,0.0,0.0
12/9/2019 3:00,0.0,0.0
12/9/2019 4:00,0.0,0.0
12/9/2019 5:00,0.0,0.0
12/9/2019 6:00,0.0,0.0
12/9/2019 7:00,0.0,0.0
12/9/2019 8:00,0.0,0.0
12/9/2019 9:00,0.25,0.02
12/9/2019 10:00,1.75,0.11
12/9/2019 11:00,1.0,0.06
12/9/2019 12:00,1.0,0.06
12/9/2019 13:00,5.25,0.32
12/9/2019 14:00,8.25,0.51
12/9/2019 15:00,7.5,0.46
12/9/2019 16:00,4.0,0.25
12/9/2019 17:00,0.5,0.03
12/9/2019 18:00,0.0,0.0
12/9/2019 19:00,0.0,0.0
12/9/2019 20:00,0.0,0.0
12/9/2019 21:00,0.0,0.0
12/9/2019 22:00,0.0,0.0
12/9/2019 23:00,0.0,0.0
12/10/2019 0:00,0.0,0.0
12/10/2019 1:00,0.0,0.0
12/10/2019 2:00,0.0,0.0
12/10/2019 3:00,0.0,0.0
12/10/2019 4:00,0.0,0.0
12/10/2019 5:00,0.0,0.0
12/10/2019 6:00,0.0,0.0
12/10/2019 7:00,0.0,0.0
12/10/2019 8:00,0.0,0.0
12/10/2019 9:00,0.25,0.02
12/10/2019 10:00,1.25,0.08
12/10/2019 11:00,4.75,0.29
12/10/2019 12:00,7.5,0.46
12/10/2019 13:00,8.25,0.51
12/10/2019 14:00,7.0,0.43
12/10/2019 15:00,5.75,0.35
12/10/2019 16:00,3.5,0.21
12/10/2019 17:00,0.75,0.05
12/10/2019 18:00,0.0,0.0
12/10/2019 19:00,0.0,0.0
12/10/2019 20:00,0.0,0.0
12/10/2019 21:00,0.0,0.0
12/10/2019 22:00,0.0,0.0
12/10/2019 23:00,0.0,0.0
12/11/2019 0:00,0.0,0.0
12/11/2019 1:00,0.0,0.0
12/11/2019 2:00,0.0,0.0
12/11/2019 3:00,0.0,0.0
12/11/2019 4:00,0.0,0.0
12/11/2019 5:00,0.0,0.0
12/11/2019 6:00,0.0,0.0
12/11/2019 7:00,0.0,0.0
12/11/2019 8:00,0.0,0.0
12/11/2019 9:00,0.75,0.05
12/11/2019 10:00,1.25,0.08
12/11/2019 11:00,3.0,0.18
12/11/2019 12:00,2.25,0.14
12/11/2019 13:00,5.0,0.31
12/11/2019 14:00,8.0,0.49
12/11/2019 15:00,7.0,0.43
12/11/2019 16:00,4.25,0.26
12/11/2019 17:00,0.75,0.05
12/11/2019 18:00,0.0,0.0
12/11/2019 19:00,0.0,0.0
12/11/2019 20:00,0.0,0.0
12/11/2019 21:00,0.0,0.0
12/11/2019 22:00,0.0,0.0
12/11/2019 23:00,0.0,0.0
12/12/2019 0:00,0.0,0.0
12/12/2019 1:00,0.0,0.0
12/12/2019 2:00,0.0,0.0
12/12/2019 3:00,0.0,0.0
12/12/2019 4:00,0.0,0.0
12/12/2019 5:00,0.0,0.0
12/12/2019 6:00,0.0,0.0
12/12/2019 7:00,0.0,0.0
12/12/2019 8:00,0.0,0.0
12/12/2019 9:00,0.5,0.03
12/12/2019 10:00,1.25,0.08
12/12/2019 11:00,4.0,0.25
12/12/2019 12:00,7.5,0.46
12/12/2019 13:00,7.5,0.46
12/12/2019 14:00,2.5,0.15
12/12/2019 15:00,5.5,0.34
12/12/2019 16:00,3.25,0.2
12/12/2019 17:00,1.0,0.06
12/12/2019 18:00,0.0,0.0
12/12/2019 19:00,0.0,0.0
12/12/2019 20:00,0.0,0.0
12/12/2019 21:00,0.0,0.0
12/12/2019 22:00,0.0,0.0
12/12/2019 23:00,0.0,0.0
12/13/2019 0:00,0.0,0.0
12/13/2019 1:00,0.0,0.0
12/13/2019 2:00,0.0,0.0
12/13/2019 3:00,0.0,0.0
12/13/2019 4:00,0.0,0.0
12/13/2019 5:00,0.0,0.0
12/13/2019 6:00,0.0,0.0
12/13/2019 7:00,0.0,0.0
12/13/2019 8:00,0.0,0.0
12/13/2019 9:00,0.5,0.03
12/13/2019 10:00,1.75,0.11
12/13/2019 11:00,2.25,0.14
12/13/2019 12:00,3.0,0.18
12/13/2019 13:00,2.75,0.17
12/13/2019 14:00,2.5,0.15
12/13/2019 15:00,1.75,0.11
12/13/2019 16:00,1.5,0.09
12/13/2019 17:00,0.5,0.03
12/13/2019 18:00,0.0,0.0
12/13/2019 19:00,0.0,0.0
12/13/2019 20:00,0.0,0.0
12/13/2019 21:00,0.0,0.0
12/13/2019 22:00,0.0,0.0
12/13/2019 23:00,0.0,0.0
12/14/2019 0:00,0.0,0.0
12/14/2019 1:00,0.0,0.0
12/14/2019 2:00,0.0,0.0
12/14/2019 3:00,0.0,0.0
12/14/2019 4:00,0.0,0.0
12/14/2019 5:00,0.0,0.0
12/14/2019 6:00,0.0,0.0
12/14/2019 7:00,0.0,0.0
12/14/2019 8:00,0.0,0.0
12/14/2019 9:00,0.75,0.05
12/14/2019 10:00,1.5,0.09
12/14/2019 11:00,2.75,0.17
12/14/2019 12:00,2.75,0.17
12/14/2019 13:00,2.25,0.14
12/14/2019 14:00,1.25,0.08
12/14/2019 15:00,1.75,0.11
12/14/2019 16:00,1.75,0.11
12/14/2019 17:00,0.75,0.05
12/14/2019 18:00,0.0,0.0
12/14/2019 19:00,0.0,0.0
12/14/2019 20:00,0.0,0.0
12/14/2019 21:00,0.0,0.0
12/14/2019 22:00,0.0,0.0
12/14/2019 23:00,0.0,0.0
12/15/2019 0:00,0.0,0.0
12/15/2019 1:00,0.0,0.0
12/15/2019 2:00,0.0,0.0
12/15/2019 3:00,0.0,0.0
12/15/2019 4:00,0.0,0.0
12/15/2019 5:00,0.0,0.0
12/15/2019 6:00,0.0,0.0
12/15/2019 7:00,0.0,0.0
12/15/2019 8:00,0.0,0.0
12/15/2019 9:00,0.75,0.05
12/15/2019 10:00,1.75,0.11
12/15/2019 11:00,2.5,0.15
12/15/2019 12:00,2.0,0.12
12/15/2019 13:00,2.0,0.12
12/15/2019 14:00,1.0,0.06
12/15/2019 15:00,1.75,0.11
12/15/2019 16:00,1.0,0.06
12/15/2019 17:00,0.25,0.02
12/15/2019 18:00,0.0,0.0
12/15/2019 19:00,0.0,0.0
12/15/2019 20:00,0.0,0.0
12/15/2019 21:00,0.0,0.0
12/15/2019 22:00,0.0,0.0
12/15/2019 23:00,0.0,0.0
12/16/2019 0:00,0.0,0.0
12/16/2019 1:00,0.0,0.0
12/16/2019 2:00,0.0,0.0
12/16/2019 3:00,0.0,0.0
12/16/2019 4:00,0.0,0.0
12/16/2019 5:00,0.0,0.0
12/16/2019 6:00,0.0,0.0
12/16/2019 7:00,0.0,0.0
12/16/2019 8:00,0.25,0.02
12/16/2019 9:00,0.0,0.0
12/16/2019 10:00,0.25,0.02
12/16/2019 11:00,2.5,0.15
12/16/2019 12:00,4.0,0.25
12/16/2019 13:00,1.25,0.08
12/16/2019 14:00,1.0,0.06
12/16/2019 15:00,1.5,0.09
12/16/2019 16:00,1.0,0.06
12/16/2019 17:00,0.5,0.03
12/16/2019 18:00,0.0,0.0
12/16/2019 19:00,0.0,0.0
12/16/2019 20:00,0.0,0.0
12/16/2019 21:00,0.0,0.0
12/16/2019 22:00,0.0,0.0
12/16/2019 23:00,0.0,0.0
12/17/2019 0:00,0.0,0.0
12/17/2019 1:00,0.0,0.0
12/17/2019 2:00,0.0,0.0
12/17/2019 3:00,0.0,0.0
12/17/2019 4:00,0.0,0.0
12/17/2019 5:00,0.0,0.0
12/17/2019 6:00,0.0,0.0
12/17/2019 7:00,0.0,0.0
12/17/2019 8:00,0.0,0.0
12/17/2019 9:00,0.5,0.03
12/17/2019 10:00,1.0,0.06
12/17/2019 11:00,4.5,0.28
12/17/2019 12:00,7.5,0.46
12/17/2019 13:00,8.5,0.52
12/17/2019 14:00,8.25,0.51
12/17/2019 15:00,7.0,0.43
12/17/2019 16:00,4.5,0.28
12/17/2019 17:00,0.5,0.03
12/17/2019 18:00,0.0,0.0
12/17/2019 19:00,0.0,0.0
12/17/2019 20:00,0.0,0.0
12/17/2019 21:00,0.0,0.0
12/17/2019 22:00,0.0,0.0
12/17/2019 23:00,0.0,0.0
12/18/2019 0:00,0.0,0.0
12/18/2019 1:00,0.0,0.0
12/18/2019 2:00,0.0,0.0
12/18/2019 3:00,0.0,0.0
12/18/2019 4:00,0.0,0.0
12/18/2019 5:00,0.0,0.0
12/18/2019 6:00,0.0,0.0
12/18/2019 7:00,0.0,0.0
12/18/2019 8:00,0.0,0.0
12/18/2019 9:00,0.75,0.05
12/18/2019 10:00,1.75,0.11
12/18/2019 11:00,1.5,0.09
12/18/2019 12:00,1.25,0.08
12/18/2019 13:00,2.25,0.14
12/18/2019 14:00,1.75,0.11
12/18/2019 15:00,1.5,0.09
12/18/2019 16:00,0.75,0.05
12/18/2019 17:00,0.25,0.02
12/18/2019 18:00,0.25,0.02
12/18/2019 19:00,0.0,0.0
12/18/2019 20:00,0.0,0.0
12/18/2019 21:00,0.0,0.0
12/18/2019 22:00,0.0,0.0
12/18/2019 23:00,0.0,0.0
12/19/2019 0:00,0.0,0.0
12/19/2019 1:00,0.0,0.0
12/19/2019 2:00,0.0,0.0
12/19/2019 3:00,0.0,0.0
12/19/2019 4:00,0.0,0.0
12/19/2019 5:00,0.0,0.0
12/19/2019 6:00,0.0,0.0
12/19/2019 7:00,0.0,0.0
12/19/2019 8:00,0.0,0.0
12/19/2019 9:00,0.25,0.02
12/19/2019 10:00,0.75,0.05
12/19/2019 11:00,1.75,0.11
12/19/2019 12:00,1.25,0.08
12/19/2019 13:00,2.75,0.17
12/19/2019 14:00,2.25,0.14
12/19/2019 15:00,1.0,0.06
12/19/2019 16:00,0.75,0.05
12/19/2019 17:00,0.25,0.02
12/19/2019 18:00,0.0,0.0
12/19/2019 19:00,0.0,0.0
12/19/2019 20:00,0.0,0.0
12/19/2019 21:00,0.0,0.0
12/19/2019 22:00,0.0,0.0
12/19/2019 23:00,0.0,0.0
12/20/2019 0:00,0.0,0.0
12/20/2019 1:00,0.0,0.0
12/20/2019 2:00,0.0,0.0
12/20/2019 3:00,0.0,0.0
12/20/2019 4:00,0.0,0.0
12/20/2019 5:00,0.0,0.0
12/20/2019 6:00,0.0,0.0
12/20/2019 7:00,0.0,0.0
12/20/2019 8:00,0.0,0.0
12/20/2019 9:00,0.0,0.0
12/20/2019 10:00,0.25,0.02
12/20/2019 11:00,0.75,0.05
12/20/2019 12:00,0.75,0.05
12/20/2019 13:00,0.75,0.05
12/20/2019 14:00,1.0,0.06
12/20/2019 15:00,1.0,0.06
12/20/2019 16:00,0.5,0.03
12/20/2019 17:00,0.25,0.02
12/20/2019 18:00,0.0,0.0
12/20/2019 19:00,0.0,0.0
12/20/2019 20:00,0.0,0.0
12/20/2019 21:00,0.0,0.0
12/20/2019 22:00,0.0,0.0
12/20/2019 23:00,0.0,0.0
12/21/2019 0:00,0.0,0.0
12/21/2019 1:00,0.0,0.0
12/21/2019 2:00,0.0,0.0
12/21/2019 3:00,0.0,0.0
12/21/2019 4:00,0.0,0.0
12/21/2019 5:00,0.0,0.0
12/21/2019 6:00,0.0,0.0
12/21/2019 7:00,0.0,0.0
12/21/2019 8:00,0.0,0.0
12/21/2019 9:00,0.25,0.02
12/21/2019 10:00,0.5,0.03
12/21/2019 11:00,1.0,0.06
12/21/2019 12:00,1.0,0.06
12/21/2019 13:00,0.75,0.05
12/21/2019 14:00,1.0,0.06
12/21/2019 15:00,2.25,0.14
12/21/2019 16:00,1.75,0.11
12/21/2019 17:00,1.25,0.08
12/21/2019 18:00,0.0,0.0
12/21/2019 19:00,0.0,0.0
12/21/2019 20:00,0.0,0.0
12/21/2019 21:00,0.0,0.0
12/21/2019 22:00,0.0,0.0
12/21/2019 23:00,0.0,0.0
12/22/2019 0:00,0.0,0.0
12/22/2019 1:00,0.0,0.0
12/22/2019 2:00,0.0,0.0
12/22/2019 3:00,0.0,0.0
12/22/2019 4:00,0.0,0.0
12/22/2019 5:00,0.0,0.0
12/22/2019 6:00,0.0,0.0
12/22/2019 7:00,0.0,0.0
12/22/2019 8:00,0.0,0.0
12/22/2019 9:00,0.5,0.03
12/22/2019 10:00,1.0,0.06
12/22/2019 11:00,4.25,0.26
12/22/2019 12:00,7.0,0.43
12/22/2019 13:00,8.25,0.51
12/22/2019 14:00,8.0,0.49
12/22/2019 15:00,7.5,0.46
12/22/2019 16:00,4.0,0.25
12/22/2019 17:00,0.75,0.05
12/22/2019 18:00,0.0,0.0
12/22/2019 19:00,0.0,0.0
12/22/2019 20:00,0.0,0.0
12/22/2019 21:00,0.0,0.0
12/22/2019 22:00,0.0,0.0
12/22/2019 23:00,0.0,0.0
12/23/2019 0:00,0.0,0.0
12/23/2019 1:00,0.0,0.0
12/23/2019 2:00,0.0,0.0
12/23/2019 3:00,0.0,0.0
12/23/2019 4:00,0.0,0.0
12/23/2019 5:00,0.0,0.0
12/23/2019 6:00,0.0,0.0
12/23/2019 7:00,0.0,0.0
12/23/2019 8:00,0.0,0.0
12/23/2019 9:00,0.5,0.03
12/23/2019 10:00,0.75,0.05
12/23/2019 11:00,2.75,0.17
12/23/2019 12:00,4.0,0.25
12/23/2019 13:00,6.5,0.4
12/23/2019 14:00,5.25,0.32
12/23/2019 15:00,7.25,0.44
12/23/2019 16:00,4.5,0.28
12/23/2019 17:00,1.0,0.06
12/23/2019 18:00,0.0,0.0
12/23/2019 19:00,0.0,0.0
12/23/2019 20:00,0.0,0.0
12/23/2019 21:00,0.0,0.0
12/23/2019 22:00,0.0,0.0
12/23/2019 23:00,0.0,0.0
12/24/2019 0:00,0.0,0.0
12/24/2019 1:00,0.0,0.0
12/24/2019 2:00,0.0,0.0
12/24/2019 3:00,0.0,0.0
12/24/2019 4:00,0.0,0.0
12/24/2019 5:00,0.0,0.0
12/24/2019 6:00,0.0,0.0
12/24/2019 7:00,0.0,0.0
12/24/2019 8:00,0.0,0.0
12/24/2019 9:00,0.25,0.02
12/24/2019 10:00,1.0,0.06
12/24/2019 11:00,4.0,0.25
12/24/2019 12:00,7.25,0.44
12/24/2019 13:00,8.5,0.52
12/24/2019 14:00,8.75,0.54
12/24/2019 15:00,7.25,0.44
12/24/2019 16:00,4.75,0.29
12/24/2019 17:00,0.75,0.05
12/24/2019 18:00,0.0,0.0
12/24/2019 19:00,0.0,0.0
12/24/2019 20:00,0.0,0.0
12/24/2019 21:00,0.0,0.0
12/24/2019 22:00,0.0,0.0
12/24/2019 23:00,0.0,0.0
12/25/2019 0:00,0.0,0.0
12/25/2019 1:00,0.0,0.0
12/25/2019 2:00,0.0,0.0
12/25/2019 3:00,0.0,0.0
12/25/2019 4:00,0.0,0.0
12/25/2019 5:00,0.0,0.0
12/25/2019 6:00,0.0,0.0
12/25/2019 7:00,0.0,0.0
12/25/2019 8:00,0.0,0.0
12/25/2019 9:00,0.25,0.02
12/25/2019 10:00,1.0,0.06
12/25/2019 11:00,3.25,0.2
12/25/2019 12:00,5.25,0.32
12/25/2019 13:00,7.75,0.47
12/25/2019 14:00,7.5,0.46
12/25/2019 15:00,5.0,0.31
12/25/2019 16:00,3.25,0.2
12/25/2019 17:00,0.75,0.05
12/25/2019 18:00,0.0,0.0
12/25/2019 19:00,0.0,0.0
12/25/2019 20:00,0.0,0.0
12/25/2019 21:00,0.0,0.0
12/25/2019 22:00,0.0,0.0
12/25/2019 23:00,0.0,0.0
12/26/2019 0:00,0.0,0.0
12/26/2019 1:00,0.0,0.0
12/26/2019 2:00,0.0,0.0
12/26/2019 3:00,0.0,0.0
12/26/2019 4:00,0.0,0.0
12/26/2019 5:00,0.0,0.0
12/26/2019 6:00,0.0,0.0
12/26/2019 7:00,0.0,0.0
12/26/2019 8:00,0.0,0.0
12/26/2019 9:00,0.5,0.03
12/26/2019 10:00,2.0,0.12
12/26/2019 11:00,4.75,0.29
12/26/2019 12:00,6.75,0.41
12/26/2019 13:00,7.0,0.43
12/26/2019 14:00,6.5,0.4
12/26/2019 15:00,5.5,0.34
12/26/2019 16:00,3.0,0.18
12/26/2019 17:00,1.0,0.06
12/26/2019 18:00,0.0,0.0
12/26/2019 19:00,0.0,0.0
12/26/2019 20:00,0.0,0.0
12/26/2019 21:00,0.0,0.0
12/26/2019 22:00,0.0,0.0
12/26/2019 23:00,0.0,0.0
12/27/2019 0:00,0.0,0.0
12/27/2019 1:00,0.0,0.0
12/27/2019 2:00,0.0,0.0
12/27/2019 3:00,0.0,0.0
12/27/2019 4:00,0.0,0.0
12/27/2019 5:00,0.0,0.0
12/27/2019 6:00,0.0,0.0
12/27/2019 7:00,0.0,0.0
12/27/2019 8:00,0.0,0.0
12/27/2019 9:00,0.25,0.02
12/27/2019 10:00,0.75,0.05
12/27/2019 11:00,4.0,0.25
12/27/2019 12:00,7.0,0.43
12/27/2019 13:00,8.5,0.52
12/27/2019 14:00,8.5,0.52
12/27/2019 15:00,7.0,0.43
12/27/2019 16:00,4.75,0.29
12/27/2019 17:00,0.75,0.05
12/27/2019 18:00,0.0,0.0
12/27/2019 19:00,0.0,0.0
12/27/2019 20:00,0.0,0.0
12/27/2019 21:00,0.0,0.0
12/27/2019 22:00,0.0,0.0
12/27/2019 23:00,0.0,0.0
12/28/2019 0:00,0.0,0.0
12/28/2019 1:00,0.0,0.0
12/28/2019 2:00,0.0,0.0
12/28/2019 3:00,0.0,0.0
12/28/2019 4:00,0.0,0.0
12/28/2019 5:00,0.0,0.0
12/28/2019 6:00,0.0,0.0
12/28/2019 7:00,0.0,0.0
12/28/2019 8:00,0.0,0.0
12/28/2019 9:00,0.25,0.02
12/28/2019 10:00,1.0,0.06
12/28/2019 11:00,4.0,0.25
12/28/2019 12:00,7.0,0.43
12/28/2019 13:00,8.5,0.52
12/28/2019 14:00,8.75,0.54
12/28/2019 15:00,7.25,0.44
12/28/2019 16:00,4.75,0.29
12/28/2019 17:00,0.75,0.05
12/28/2019 18:00,0.0,0.0
12/28/2019 19:00,0.0,0.0
12/28/2019 20:00,0.0,0.0
12/28/2019 21:00,0.0,0.0
12/28/2019 22:00,0.0,0.0
12/28/2019 23:00,0.0,0.0
12/29/2019 0:00,0.0,0.0
12/29/2019 1:00,0.0,0.0
12/29/2019 2:00,0.0,0.0
12/29/2019 3:00,0.0,0.0
12/29/2019 4:00,0.0,0.0
12/29/2019 5:00,0.0,0.0
12/29/2019 6:00,0.0,0.0
12/29/2019 7:00,0.0,0.0
12/29/2019 8:00,0.25,0.02
12/29/2019 9:00,0.25,0.02
12/29/2019 10:00,0.75,0.05
12/29/2019 11:00,4.0,0.25
12/29/2019 12:00,7.25,0.44
12/29/2019 13:00,8.75,0.54
12/29/2019 14:00,8.5,0.52
12/29/2019 15:00,7.5,0.46
12/29/2019 16:00,4.75,0.29
12/29/2019 17:00,1.0,0.06
12/29/2019 18:00,0.0,0.0
12/29/2019 19:00,0.0,0.0
12/29/2019 20:00,0.0,0.0
12/29/2019 21:00,0.0,0.0
12/29/2019 22:00,0.0,0.0
12/29/2019 23:00,0.0,0.0
12/30/2019 0:00,0.0,0.0
12/30/2019 1:00,0.0,0.0
12/30/2019 2:00,0.0,0.0
12/30/2019 3:00,0.0,0.0
12/30/2019 4:00,0.0,0.0
12/30/2019 5:00,0.0,0.0
12/30/2019 6:00,0.0,0.0
12/30/2019 7:00,0.0,0.0
12/30/2019 8:00,0.0,0.0
12/30/2019 9:00,0.25,0.02
12/30/2019 10:00,1.0,0.06
12/30/2019 11:00,4.0,0.25
12/30/2019 12:00,7.25,0.44
12/30/2019 13:00,8.5,0.52
12/30/2019 14:00,8.75,0.54
12/30/2019 15:00,7.25,0.44
12/30/2019 16:00,5.0,0.31
12/30/2019 17:00,1.0,0.06
12/30/2019 18:00,0.0,0.0
12/30/2019 19:00,0.0,0.0
12/30/2019 20:00,0.0,0.0
12/30/2019 21:00,0.0,0.0
12/30/2019 22:00,0.0,0.0
12/30/2019 23:00,0.0,0.0
12/31/2019 0:00,0.0,0.0
12/31/2019 1:00,0.0,0.0
12/31/2019 2:00,0.0,0.0
12/31/2019 3:00,0.0,0.0
12/31/2019 4:00,0.0,0.0
12/31/2019 5:00,0.0,0.0
12/31/2019 6:00,0.0,0.0
12/31/2019 7:00,0.0,0.0
12/31/2019 8:00,0.0,0.0
12/31/2019 9:00,0.25,0.02
12/31/2019 10:00,0.75,0.05
12/31/2019 11:00,4.0,0.25
12/31/2019 12:00,7.5,0.46
12/31/2019 13:00,8.5,0.52
12/31/2019 14:00,8.75,0.54
12/31/2019 15:00,7.5,0.46
12/31/2019 16:00,5.0,0.31
12/31/2019 17:00,1.0,0.06
12/31/2019 18:00,0.0,0.0
12/31/2019 19:00,0.0,0.0
12/31/2019 20:00,0.0,0.0
12/31/2019 21:00,0.0,0.0
12/31/2019 22:00,0.0,0.0
12/31/2019 23:00,0.0,0.0
1/1/2020 0:00,0.0,0.0
1/1/2020 1:00,0.0,0.0
1/1/2020 2:00,0.0,0.0
1/1/2020 3:00,0.0,0.0
1/1/2020 4:00,0.0,0.0
1/1/2020 5:00,0.0,0.0
1/1/2020 6:00,0.0,0.0
1/1/2020 7:00,0.0,0.0
1/1/2020 8:00,0.0,0.0
1/1/2020 9:00,0.25,0.02
1/1/2020 10:00,1.0,0.06
1/1/2020 11:00,4.0,0.25
1/1/2020 12:00,7.0,0.43
1/1/2020 13:00,8.5,0.52
1/1/2020 14:00,8.75,0.54
1/1/2020 15:00,7.25,0.44
1/1/2020 16:00,5.0,0.31
1/1/2020 17:00,0.75,0.05
1/1/2020 18:00,0.25,0.02
1/1/2020 19:00,0.0,0.0
1/1/2020 20:00,0.0,0.0
1/1/2020 21:00,0.0,0.0
1/1/2020 22:00,0.0,0.0
1/1/2020 23:00,0.0,0.0
1/2/2020 0:00,0.0,0.0
1/2/2020 1:00,0.0,0.0
1/2/2020 2:00,0.0,0.0
1/2/2020 3:00,0.0,0.0
1/2/2020 4:00,0.0,0.0
1/2/2020 5:00,0.0,0.0
1/2/2020 6:00,0.0,0.0
1/2/2020 7:00,0.0,0.0
1/2/2020 8:00,0.0,0.0
1/2/2020 9:00,0.25,0.02
1/2/2020 10:00,1.25,0.08
1/2/2020 11:00,3.0,0.18
1/2/2020 12:00,3.0,0.18
1/2/2020 13:00,2.25,0.14
1/2/2020 14:00,2.0,0.12
1/2/2020 15:00,1.25,0.08
1/2/2020 16:00,1.0,0.06
1/2/2020 17:00,0.0,0.0
1/2/2020 18:00,0.0,0.0
1/2/2020 19:00,0.0,0.0
1/2/2020 20:00,0.0,0.0
1/2/2020 21:00,0.0,0.0
1/2/2020 22:00,0.0,0.0
1/2/2020 23:00,0.0,0.0
1/3/2020 0:00,0.0,0.0
1/3/2020 1:00,0.0,0.0
1/3/2020 2:00,0.0,0.0
1/3/2020 3:00,0.0,0.0
1/3/2020 4:00,0.0,0.0
1/3/2020 5:00,0.0,0.0
1/3/2020 6:00,0.0,0.0
1/3/2020 7:00,0.0,0.0
1/3/2020 8:00,0.0,0.0
1/3/2020 9:00,0.5,0.03
1/3/2020 10:00,1.0,0.06
1/3/2020 11:00,2.5,0.15
1/3/2020 12:00,6.0,0.37
1/3/2020 13:00,2.25,0.14
1/3/2020 14:00,2.25,0.14
1/3/2020 15:00,1.0,0.06
1/3/2020 16:00,0.75,0.05
1/3/2020 17:00,0.25,0.02
1/3/2020 18:00,0.0,0.0
1/3/2020 19:00,0.0,0.0
1/3/2020 20:00,0.0,0.0
1/3/2020 21:00,0.0,0.0
1/3/2020 22:00,0.0,0.0
1/3/2020 23:00,0.0,0.0
1/4/2020 0:00,0.0,0.0
1/4/2020 1:00,0.0,0.0
1/4/2020 2:00,0.0,0.0
1/4/2020 3:00,0.0,0.0
1/4/2020 4:00,0.0,0.0
1/4/2020 5:00,0.0,0.0
1/4/2020 6:00,0.0,0.0
1/4/2020 7:00,0.0,0.0
1/4/2020 8:00,0.0,0.0
1/4/2020 9:00,0.5,0.03
1/4/2020 10:00,0.75,0.05
1/4/2020 11:00,3.75,0.23
1/4/2020 12:00,7.25,0.44
1/4/2020 13:00,8.25,0.51
1/4/2020 14:00,8.75,0.54
1/4/2020 15:00,7.25,0.44
1/4/2020 16:00,4.75,0.29
1/4/2020 17:00,1.25,0.08
1/4/2020 18:00,0.0,0.0
1/4/2020 19:00,0.0,0.0
1/4/2020 20:00,0.0,0.0
1/4/2020 21:00,0.0,0.0
1/4/2020 22:00,0.0,0.0
1/4/2020 23:00,0.0,0.0
1/5/2020 0:00,0.0,0.0
1/5/2020 1:00,0.0,0.0
1/5/2020 2:00,0.0,0.0
1/5/2020 3:00,0.0,0.0
1/5/2020 4:00,0.0,0.0
1/5/2020 5:00,0.0,0.0
1/5/2020 6:00,0.0,0.0
1/5/2020 7:00,0.0,0.0
1/5/2020 8:00,0.0,0.0
1/5/2020 9:00,0.25,0.02
1/5/2020 10:00,1.25,0.08
1/5/2020 11:00,2.5,0.15
1/5/2020 12:00,4.75,0.29
1/5/2020 13:00,7.5,0.46
1/5/2020 14:00,8.25,0.51
1/5/2020 15:00,7.0,0.43
1/5/2020 16:00,4.5,0.28
1/5/2020 17:00,1.25,0.08
1/5/2020 18:00,0.0,0.0
1/5/2020 19:00,0.0,0.0
1/5/2020 20:00,0.0,0.0
1/5/2020 21:00,0.0,0.0
1/5/2020 22:00,0.0,0.0
1/5/2020 23:00,0.0,0.0
1/6/2020 0:00,0.0,0.0
1/6/2020 1:00,0.0,0.0
1/6/2020 2:00,0.0,0.0
1/6/2020 3:00,0.0,0.0
1/6/2020 4:00,0.0,0.0
1/6/2020 5:00,0.0,0.0
1/6/2020 6:00,0.0,0.0
1/6/2020 7:00,0.0,0.0
1/6/2020 8:00,0.0,0.0
1/6/2020 9:00,0.5,0.03
1/6/2020 10:00,1.0,0.06
1/6/2020 11:00,3.5,0.21
1/6/2020 12:00,7.0,0.43
1/6/2020 13:00,8.5,0.52
1/6/2020 14:00,8.5,0.52
1/6/2020 15:00,7.5,0.46
1/6/2020 16:00,5.0,0.31
1/6/2020 17:00,1.25,0.08
1/6/2020 18:00,0.0,0.0
1/6/2020 19:00,0.0,0.0
1/6/2020 20:00,0.0,0.0
1/6/2020 21:00,0.0,0.0
1/6/2020 22:00,0.0,0.0
1/6/2020 23:00,0.0,0.0
1/7/2020 0:00,0.0,0.0
1/7/2020 1:00,0.0,0.0
1/7/2020 2:00,0.0,0.0
1/7/2020 3:00,0.0,0.0
1/7/2020 4:00,0.0,0.0
1/7/2020 5:00,0.0,0.0
1/7/2020 6:00,0.0,0.0
1/7/2020 7:00,0.0,0.0
1/7/2020 8:00,0.0,0.0
1/7/2020 9:00,0.5,0.03
1/7/2020 10:00,0.75,0.05
1/7/2020 11:00,3.75,0.23
1/7/2020 12:00,7.25,0.44
1/7/2020 13:00,8.5,0.52
1/7/2020 14:00,9.0,0.55
1/7/2020 15:00,7.5,0.46
1/7/2020 16:00,5.25,0.32
1/7/2020 17:00,1.25,0.08
1/7/2020 18:00,0.0,0.0
1/7/2020 19:00,0.0,0.0
1/7/2020 20:00,0.0,0.0
1/7/2020 21:00,0.0,0.0
1/7/2020 22:00,0.0,0.0
1/7/2020 23:00,0.0,0.0
1/8/2020 0:00,0.0,0.0
1/8/2020 1:00,0.0,0.0
1/8/2020 2:00,0.0,0.0
1/8/2020 3:00,0.0,0.0
1/8/2020 4:00,0.0,0.0
1/8/2020 5:00,0.0,0.0
1/8/2020 6:00,0.0,0.0
1/8/2020 7:00,0.0,0.0
1/8/2020 8:00,0.0,0.0
1/8/2020 9:00,0.25,0.02
1/8/2020 10:00,0.75,0.05
1/8/2020 11:00,4.0,0.25
1/8/2020 12:00,7.25,0.44
1/8/2020 13:00,8.5,0.52
1/8/2020 14:00,8.25,0.51
1/8/2020 15:00,7.25,0.44
1/8/2020 16:00,5.5,0.34
1/8/2020 17:00,1.25,0.08
1/8/2020 18:00,0.0,0.0
1/8/2020 19:00,0.0,0.0
1/8/2020 20:00,0.0,0.0
1/8/2020 21:00,0.0,0.0
1/8/2020 22:00,0.0,0.0
1/8/2020 23:00,0.0,0.0
1/9/2020 0:00,0.0,0.0
1/9/2020 1:00,0.0,0.0
1/9/2020 2:00,0.0,0.0
1/9/2020 3:00,0.0,0.0
1/9/2020 4:00,0.0,0.0
1/9/2020 5:00,0.0,0.0
1/9/2020 6:00,0.0,0.0
1/9/2020 7:00,0.0,0.0
1/9/2020 8:00,0.0,0.0
1/9/2020 9:00,0.25,0.02
1/9/2020 10:00,0.75,0.05
1/9/2020 11:00,3.75,0.23
1/9/2020 12:00,6.75,0.41
1/9/2020 13:00,8.25,0.51
1/9/2020 14:00,6.25,0.38
1/9/2020 15:00,6.0,0.37
1/9/2020 16:00,5.25,0.32
1/9/2020 17:00,1.25,0.08
1/9/2020 18:00,0.0,0.0
1/9/2020 19:00,0.0,0.0
1/9/2020 20:00,0.0,0.0
1/9/2020 21:00,0.0,0.0
1/9/2020 22:00,0.0,0.0
1/9/2020 23:00,0.0,0.0
1/10/2020 0:00,0.0,0.0
1/10/2020 1:00,0.0,0.0
1/10/2020 2:00,0.0,0.0
1/10/2020 3:00,0.0,0.0
1/10/2020 4:00,0.0,0.0
1/10/2020 5:00,0.0,0.0
1/10/2020 6:00,0.0,0.0
1/10/2020 7:00,0.0,0.0
1/10/2020 8:00,0.0,0.0
1/10/2020 9:00,0.5,0.03
1/10/2020 10:00,0.75,0.05
1/10/2020 11:00,3.75,0.23
1/10/2020 12:00,7.5,0.46
1/10/2020 13:00,9.0,0.55
1/10/2020 14:00,9.25,0.57
1/10/2020 15:00,7.75,0.47
1/10/2020 16:00,5.75,0.35
1/10/2020 17:00,1.25,0.08
1/10/2020 18:00,0.0,0.0
1/10/2020 19:00,0.0,0.0
1/10/2020 20:00,0.0,0.0
1/10/2020 21:00,0.0,0.0
1/10/2020 22:00,0.0,0.0
1/10/2020 23:00,0.0,0.0
1/11/2020 0:00,0.0,0.0
1/11/2020 1:00,0.0,0.0
1/11/2020 2:00,0.0,0.0
1/11/2020 3:00,0.0,0.0
1/11/2020 4:00,0.0,0.0
1/11/2020 5:00,0.0,0.0
1/11/2020 6:00,0.0,0.0
1/11/2020 7:00,0.0,0.0
1/11/2020 8:00,0.0,0.0
1/11/2020 9:00,0.25,0.02
1/11/2020 10:00,0.75,0.05
1/11/2020 11:00,4.0,0.25
1/11/2020 12:00,7.5,0.46
1/11/2020 13:00,9.0,0.55
1/11/2020 14:00,9.0,0.55
1/11/2020 15:00,7.5,0.46
1/11/2020 16:00,5.5,0.34
1/11/2020 17:00,1.25,0.08
1/11/2020 18:00,0.25,0.02
1/11/2020 19:00,0.0,0.0
1/11/2020 20:00,0.0,0.0
1/11/2020 21:00,0.0,0.0
1/11/2020 22:00,0.0,0.0
1/11/2020 23:00,0.0,0.0
1/12/2020 0:00,0.0,0.0
1/12/2020 1:00,0.0,0.0
1/12/2020 2:00,0.0,0.0
1/12/2020 3:00,0.0,0.0
1/12/2020 4:00,0.0,0.0
1/12/2020 5:00,0.0,0.0
1/12/2020 6:00,0.0,0.0
1/12/2020 7:00,0.0,0.0
1/12/2020 8:00,0.0,0.0
1/12/2020 9:00,0.25,0.02
1/12/2020 10:00,0.75,0.05
1/12/2020 11:00,3.75,0.23
1/12/2020 12:00,7.5,0.46
1/12/2020 13:00,8.75,0.54
1/12/2020 14:00,9.0,0.55
1/12/2020 15:00,8.0,0.49
1/12/2020 16:00,5.5,0.34
1/12/2020 17:00,1.5,0.09
1/12/2020 18:00,0.0,0.0
1/12/2020 19:00,0.0,0.0
1/12/2020 20:00,0.0,0.0
1/12/2020 21:00,0.0,0.0
1/12/2020 22:00,0.0,0.0
1/12/2020 23:00,0.0,0.0
1/13/2020 0:00,0.0,0.0
1/13/2020 1:00,0.0,0.0
1/13/2020 2:00,0.0,0.0
1/13/2020 3:00,0.0,0.0
1/13/2020 4:00,0.0,0.0
1/13/2020 5:00,0.0,0.0
1/13/2020 6:00,0.0,0.0
1/13/2020 7:00,0.0,0.0
1/13/2020 8:00,0.0,0.0
1/13/2020 9:00,0.5,0.03
1/13/2020 10:00,1.25,0.08
1/13/2020 11:00,3.5,0.21
1/13/2020 12:00,6.75,0.41
1/13/2020 13:00,7.75,0.47
1/13/2020 14:00,8.25,0.51
1/13/2020 15:00,7.75,0.47
1/13/2020 16:00,5.5,0.34
1/13/2020 17:00,1.25,0.08
1/13/2020 18:00,0.25,0.02
1/13/2020 19:00,0.0,0.0
1/13/2020 20:00,0.0,0.0
1/13/2020 21:00,0.0,0.0
1/13/2020 22:00,0.0,0.0
1/13/2020 23:00,0.0,0.0
1/14/2020 0:00,0.0,0.0
1/14/2020 1:00,0.0,0.0
1/14/2020 2:00,0.0,0.0
1/14/2020 3:00,0.0,0.0
1/14/2020 4:00,0.0,0.0
1/14/2020 5:00,0.0,0.0
1/14/2020 6:00,0.0,0.0
1/14/2020 7:00,0.0,0.0
1/14/2020 8:00,0.0,0.0
1/14/2020 9:00,0.5,0.03
1/14/2020 10:00,1.0,0.06
1/14/2020 11:00,1.0,0.06
1/14/2020 12:00,0.5,0.03
1/14/2020 13:00,3.25,0.2
1/14/2020 14:00,0.75,0.05
1/14/2020 15:00,0.75,0.05
1/14/2020 16:00,0.75,0.05
1/14/2020 17:00,1.0,0.06
1/14/2020 18:00,0.0,0.0
1/14/2020 19:00,0.0,0.0
1/14/2020 20:00,0.0,0.0
1/14/2020 21:00,0.0,0.0
1/14/2020 22:00,0.0,0.0
1/14/2020 23:00,0.0,0.0
1/15/2020 0:00,0.0,0.0
1/15/2020 1:00,0.0,0.0
1/15/2020 2:00,0.0,0.0
1/15/2020 3:00,0.0,0.0
1/15/2020 4:00,0.0,0.0
1/15/2020 5:00,0.0,0.0
1/15/2020 6:00,0.0,0.0
1/15/2020 7:00,0.0,0.0
1/15/2020 8:00,0.0,0.0
1/15/2020 9:00,0.5,0.03
1/15/2020 10:00,2.25,0.14
1/15/2020 11:00,3.25,0.2
1/15/2020 12:00,4.5,0.28
1/15/2020 13:00,6.5,0.4
1/15/2020 14:00,8.5,0.52
1/15/2020 15:00,6.5,0.4
1/15/2020 16:00,5.5,0.34
1/15/2020 17:00,1.75,0.11
1/15/2020 18:00,0.25,0.02
1/15/2020 19:00,0.0,0.0
1/15/2020 20:00,0.0,0.0
1/15/2020 21:00,0.0,0.0
1/15/2020 22:00,0.0,0.0
1/15/2020 23:00,0.0,0.0
1/16/2020 0:00,0.0,0.0
1/16/2020 1:00,0.0,0.0
1/16/2020 2:00,0.0,0.0
1/16/2020 3:00,0.0,0.0
1/16/2020 4:00,0.0,0.0
1/16/2020 5:00,0.0,0.0
1/16/2020 6:00,0.0,0.0
1/16/2020 7:00,0.0,0.0
1/16/2020 8:00,0.0,0.0
1/16/2020 9:00,0.5,0.03
1/16/2020 10:00,1.25,0.08
1/16/2020 11:00,1.5,0.09
1/16/2020 12:00,3.75,0.23
1/16/2020 13:00,5.0,0.31
1/16/2020 14:00,8.75,0.54
1/16/2020 15:00,7.75,0.47
1/16/2020 16:00,4.75,0.29
1/16/2020 17:00,1.75,0.11
1/16/2020 18:00,0.25,0.02
1/16/2020 19:00,0.0,0.0
1/16/2020 20:00,0.0,0.0
1/16/2020 21:00,0.0,0.0
1/16/2020 22:00,0.0,0.0
1/16/2020 23:00,0.0,0.0
1/17/2020 0:00,0.0,0.0
1/17/2020 1:00,0.0,0.0
1/17/2020 2:00,0.0,0.0
1/17/2020 3:00,0.0,0.0
1/17/2020 4:00,0.0,0.0
1/17/2020 5:00,0.0,0.0
1/17/2020 6:00,0.0,0.0
1/17/2020 7:00,0.0,0.0
1/17/2020 8:00,0.0,0.0
1/17/2020 9:00,0.75,0.05
1/17/2020 10:00,1.5,0.09
1/17/2020 11:00,3.5,0.21
1/17/2020 12:00,6.0,0.37
1/17/2020 13:00,5.5,0.34
1/17/2020 14:00,6.75,0.41
1/17/2020 15:00,7.5,0.46
1/17/2020 16:00,5.25,0.32
1/17/2020 17:00,1.5,0.09
1/17/2020 18:00,0.25,0.02
1/17/2020 19:00,0.0,0.0
1/17/2020 20:00,0.0,0.0
1/17/2020 21:00,0.0,0.0
1/17/2020 22:00,0.0,0.0
1/17/2020 23:00,0.0,0.0
1/18/2020 0:00,0.0,0.0
1/18/2020 1:00,0.0,0.0
1/18/2020 2:00,0.0,0.0
1/18/2020 3:00,0.0,0.0
1/18/2020 4:00,0.0,0.0
1/18/2020 5:00,0.0,0.0
1/18/2020 6:00,0.0,0.0
1/18/2020 7:00,0.0,0.0
1/18/2020 8:00,0.0,0.0
1/18/2020 9:00,0.25,0.02
1/18/2020 10:00,1.5,0.09
1/18/2020 11:00,1.75,0.11
1/18/2020 12:00,2.25,0.14
1/18/2020 13:00,1.75,0.11
1/18/2020 14:00,1.75,0.11
1/18/2020 15:00,3.75,0.23
1/18/2020 16:00,4.5,0.28
1/18/2020 17:00,1.0,0.06
1/18/2020 18:00,0.25,0.02
1/18/2020 19:00,0.0,0.0
1/18/2020 20:00,0.0,0.0
1/18/2020 21:00,0.0,0.0
1/18/2020 22:00,0.0,0.0
1/18/2020 23:00,0.0,0.0
1/19/2020 0:00,0.0,0.0
1/19/2020 1:00,0.0,0.0
1/19/2020 2:00,0.0,0.0
1/19/2020 3:00,0.0,0.0
1/19/2020 4:00,0.0,0.0
1/19/2020 5:00,0.0,0.0
1/19/2020 6:00,0.0,0.0
1/19/2020 7:00,0.0,0.0
1/19/2020 8:00,0.0,0.0
1/19/2020 9:00,0.25,0.02
1/19/2020 10:00,1.0,0.06
1/19/2020 11:00,4.0,0.25
1/19/2020 12:00,8.25,0.51
1/19/2020 13:00,9.25,0.57
1/19/2020 14:00,9.75,0.6
1/19/2020 15:00,8.25,0.51
1/19/2020 16:00,6.25,0.38
1/19/2020 17:00,1.75,0.11
1/19/2020 18:00,0.25,0.02
1/19/2020 19:00,0.0,0.0
1/19/2020 20:00,0.0,0.0
1/19/2020 21:00,0.0,0.0
1/19/2020 22:00,0.0,0.0
1/19/2020 23:00,0.0,0.0
1/20/2020 0:00,0.0,0.0
1/20/2020 1:00,0.0,0.0
1/20/2020 2:00,0.0,0.0
1/20/2020 3:00,0.0,0.0
1/20/2020 4:00,0.0,0.0
1/20/2020 5:00,0.0,0.0
1/20/2020 6:00,0.0,0.0
1/20/2020 7:00,0.0,0.0
1/20/2020 8:00,0.0,0.0
1/20/2020 9:00,0.25,0.02
1/20/2020 10:00,0.75,0.05
1/20/2020 11:00,4.5,0.28
1/20/2020 12:00,8.0,0.49
1/20/2020 13:00,9.25,0.57
1/20/2020 14:00,10.0,0.61
1/20/2020 15:00,7.25,0.44
1/20/2020 16:00,3.5,0.21
1/20/2020 17:00,0.5,0.03
1/20/2020 18:00,0.25,0.02
1/20/2020 19:00,0.0,0.0
1/20/2020 20:00,0.0,0.0
1/20/2020 21:00,0.0,0.0
1/20/2020 22:00,0.0,0.0
1/20/2020 23:00,0.0,0.0
1/21/2020 0:00,0.0,0.0
1/21/2020 1:00,0.0,0.0
1/21/2020 2:00,0.0,0.0
1/21/2020 3:00,0.0,0.0
1/21/2020 4:00,0.0,0.0
1/21/2020 5:00,0.0,0.0
1/21/2020 6:00,0.0,0.0
1/21/2020 7:00,0.0,0.0
1/21/2020 8:00,0.0,0.0
1/21/2020 9:00,0.25,0.02
1/21/2020 10:00,0.75,0.05
1/21/2020 11:00,4.25,0.26
1/21/2020 12:00,7.5,0.46
1/21/2020 13:00,7.0,0.43
1/21/2020 14:00,8.25,0.51
1/21/2020 15:00,7.75,0.47
1/21/2020 16:00,6.25,0.38
1/21/2020 17:00,1.75,0.11
1/21/2020 18:00,0.0,0.0
1/21/2020 19:00,0.0,0.0
1/21/2020 20:00,0.0,0.0
1/21/2020 21:00,0.0,0.0
1/21/2020 22:00,0.0,0.0
1/21/2020 23:00,0.0,0.0
1/22/2020 0:00,0.0,0.0
1/22/2020 1:00,0.0,0.0
1/22/2020 2:00,0.0,0.0
1/22/2020 3:00,0.0,0.0
1/22/2020 4:00,0.0,0.0
1/22/2020 5:00,0.0,0.0
1/22/2020 6:00,0.0,0.0
1/22/2020 7:00,0.0,0.0
1/22/2020 8:00,0.0,0.0
1/22/2020 9:00,0.25,0.02
1/22/2020 10:00,0.75,0.05
1/22/2020 11:00,0.75,0.05
1/22/2020 12:00,0.75,0.05
1/22/2020 13:00,3.0,0.18
1/22/2020 14:00,1.75,0.11
1/22/2020 15:00,1.5,0.09
1/22/2020 16:00,1.0,0.06
1/22/2020 17:00,0.75,0.05
1/22/2020 18:00,0.0,0.0
1/22/2020 19:00,0.0,0.0
1/22/2020 20:00,0.0,0.0
1/22/2020 21:00,0.0,0.0
1/22/2020 22:00,0.0,0.0
1/22/2020 23:00,0.0,0.0
1/23/2020 0:00,0.0,0.0
1/23/2020 1:00,0.0,0.0
1/23/2020 2:00,0.0,0.0
1/23/2020 3:00,0.0,0.0
1/23/2020 4:00,0.0,0.0
1/23/2020 5:00,0.0,0.0
1/23/2020 6:00,0.0,0.0
1/23/2020 7:00,0.0,0.0
1/23/2020 8:00,0.25,0.02
1/23/2020 9:00,0.25,0.02
1/23/2020 10:00,1.25,0.08
1/23/2020 11:00,3.0,0.18
1/23/2020 12:00,5.0,0.31
1/23/2020 13:00,7.25,0.44
1/23/2020 14:00,8.5,0.52
1/23/2020 15:00,6.75,0.41
1/23/2020 16:00,3.75,0.23
1/23/2020 17:00,1.0,0.06
1/23/2020 18:00,0.25,0.02
1/23/2020 19:00,0.0,0.0
1/23/2020 20:00,0.0,0.0
1/23/2020 21:00,0.0,0.0
1/23/2020 22:00,0.0,0.0
1/23/2020 23:00,0.0,0.0
1/24/2020 0:00,0.0,0.0
1/24/2020 1:00,0.0,0.0
1/24/2020 2:00,0.0,0.0
1/24/2020 3:00,0.0,0.0
1/24/2020 4:00,0.0,0.0
1/24/2020 5:00,0.0,0.0
1/24/2020 6:00,0.0,0.0
1/24/2020 7:00,0.0,0.0
1/24/2020 8:00,0.0,0.0
1/24/2020 9:00,0.25,0.02
1/24/2020 10:00,0.75,0.05
1/24/2020 11:00,1.0,0.06
1/24/2020 12:00,0.75,0.05
1/24/2020 13:00,0.5,0.03
1/24/2020 14:00,1.0,0.06
1/24/2020 15:00,1.0,0.06
1/24/2020 16:00,0.5,0.03
1/24/2020 17:00,0.25,0.02
1/24/2020 18:00,0.0,0.0
1/24/2020 19:00,0.0,0.0
1/24/2020 20:00,0.0,0.0
1/24/2020 21:00,0.0,0.0
1/24/2020 22:00,0.0,0.0
1/24/2020 23:00,0.0,0.0
1/25/2020 0:00,0.0,0.0
1/25/2020 1:00,0.0,0.0
1/25/2020 2:00,0.0,0.0
1/25/2020 3:00,0.0,0.0
1/25/2020 4:00,0.0,0.0
1/25/2020 5:00,0.0,0.0
1/25/2020 6:00,0.0,0.0
1/25/2020 7:00,0.0,0.0
1/25/2020 8:00,0.0,0.0
1/25/2020 9:00,1.0,0.06
1/25/2020 10:00,2.0,0.12
1/25/2020 11:00,5.25,0.32
1/25/2020 12:00,7.0,0.43
1/25/2020 13:00,9.75,0.6
1/25/2020 14:00,6.0,0.37
1/25/2020 15:00,2.75,0.17
1/25/2020 16:00,1.0,0.06
1/25/2020 17:00,1.25,0.08
1/25/2020 18:00,0.25,0.02
1/25/2020 19:00,0.0,0.0
1/25/2020 20:00,0.0,0.0
1/25/2020 21:00,0.0,0.0
1/25/2020 22:00,0.0,0.0
1/25/2020 23:00,0.0,0.0
1/26/2020 0:00,0.0,0.0
1/26/2020 1:00,0.0,0.0
1/26/2020 2:00,0.0,0.0
1/26/2020 3:00,0.0,0.0
1/26/2020 4:00,0.0,0.0
1/26/2020 5:00,0.0,0.0
1/26/2020 6:00,0.0,0.0
1/26/2020 7:00,0.0,0.0
1/26/2020 8:00,0.0,0.0
1/26/2020 9:00,0.5,0.03
1/26/2020 10:00,1.25,0.08
1/26/2020 11:00,4.0,0.25
1/26/2020 12:00,7.25,0.44
1/26/2020 13:00,6.5,0.4
1/26/2020 14:00,4.25,0.26
1/26/2020 15:00,4.75,0.29
1/26/2020 16:00,6.25,0.38
1/26/2020 17:00,1.0,0.06
1/26/2020 18:00,0.25,0.02
1/26/2020 19:00,0.0,0.0
1/26/2020 20:00,0.0,0.0
1/26/2020 21:00,0.0,0.0
1/26/2020 22:00,0.0,0.0
1/26/2020 23:00,0.0,0.0
1/27/2020 0:00,0.0,0.0
1/27/2020 1:00,0.0,0.0
1/27/2020 2:00,0.0,0.0
1/27/2020 3:00,0.0,0.0
1/27/2020 4:00,0.0,0.0
1/27/2020 5:00,0.0,0.0
1/27/2020 6:00,0.0,0.0
1/27/2020 7:00,0.0,0.0
1/27/2020 8:00,0.0,0.0
1/27/2020 9:00,0.75,0.05
1/27/2020 10:00,2.25,0.14
1/27/2020 11:00,2.25,0.14
1/27/2020 12:00,2.5,0.15
1/27/2020 13:00,5.25,0.32
1/27/2020 14:00,7.75,0.47
1/27/2020 15:00,6.75,0.41
1/27/2020 16:00,4.5,0.28
1/27/2020 17:00,2.5,0.15
1/27/2020 18:00,0.25,0.02
1/27/2020 19:00,0.0,0.0
1/27/2020 20:00,0.0,0.0
1/27/2020 21:00,0.0,0.0
1/27/2020 22:00,0.0,0.0
1/27/2020 23:00,0.0,0.0
1/28/2020 0:00,0.0,0.0
1/28/2020 1:00,0.0,0.0
1/28/2020 2:00,0.0,0.0
1/28/2020 3:00,0.0,0.0
1/28/2020 4:00,0.0,0.0
1/28/2020 5:00,0.0,0.0
1/28/2020 6:00,0.0,0.0
1/28/2020 7:00,0.0,0.0
1/28/2020 8:00,0.0,0.0
1/28/2020 9:00,0.5,0.03
1/28/2020 10:00,2.0,0.12
1/28/2020 11:00,2.75,0.17
1/28/2020 12:00,2.25,0.14
1/28/2020 13:00,2.25,0.14
1/28/2020 14:00,1.5,0.09
1/28/2020 15:00,1.25,0.08
1/28/2020 16:00,1.0,0.06
1/28/2020 17:00,0.25,0.02
1/28/2020 18:00,0.25,0.02
1/28/2020 19:00,0.0,0.0
1/28/2020 20:00,0.0,0.0
1/28/2020 21:00,0.0,0.0
1/28/2020 22:00,0.0,0.0
1/28/2020 23:00,0.0,0.0
1/29/2020 0:00,0.0,0.0
1/29/2020 1:00,0.0,0.0
1/29/2020 2:00,0.0,0.0
1/29/2020 3:00,0.0,0.0
1/29/2020 4:00,0.0,0.0
1/29/2020 5:00,0.0,0.0
1/29/2020 6:00,0.0,0.0
1/29/2020 7:00,0.0,0.0
1/29/2020 8:00,0.0,0.0
1/29/2020 9:00,1.0,0.06
1/29/2020 10:00,1.75,0.11
1/29/2020 11:00,2.25,0.14
1/29/2020 12:00,2.25,0.14
1/29/2020 13:00,3.0,0.18
1/29/2020 14:00,3.5,0.21
1/29/2020 15:00,5.0,0.31
1/29/2020 16:00,5.25,0.32
1/29/2020 17:00,2.75,0.17
1/29/2020 18:00,0.25,0.02
1/29/2020 19:00,0.0,0.0
1/29/2020 20:00,0.0,0.0
1/29/2020 21:00,0.0,0.0
1/29/2020 22:00,0.0,0.0
1/29/2020 23:00,0.0,0.0
1/30/2020 0:00,0.0,0.0
1/30/2020 1:00,0.0,0.0
1/30/2020 2:00,0.0,0.0
1/30/2020 3:00,0.0,0.0
1/30/2020 4:00,0.0,0.0
1/30/2020 5:00,0.0,0.0
1/30/2020 6:00,0.0,0.0
1/30/2020 7:00,0.0,0.0
1/30/2020 8:00,0.25,0.02
1/30/2020 9:00,0.25,0.02
1/30/2020 10:00,1.75,0.11
1/30/2020 11:00,3.25,0.2
1/30/2020 12:00,5.5,0.34
1/30/2020 13:00,7.25,0.44
1/30/2020 14:00,9.0,0.55
1/30/2020 15:00,8.75,0.54
1/30/2020 16:00,4.5,0.28
1/30/2020 17:00,3.0,0.18
1/30/2020 18:00,0.5,0.03
1/30/2020 19:00,0.0,0.0
1/30/2020 20:00,0.0,0.0
1/30/2020 21:00,0.0,0.0
1/30/2020 22:00,0.0,0.0
1/30/2020 23:00,0.0,0.0
1/31/2020 0:00,0.0,0.0
1/31/2020 1:00,0.0,0.0
1/31/2020 2:00,0.0,0.0
1/31/2020 3:00,0.0,0.0
1/31/2020 4:00,0.0,0.0
1/31/2020 5:00,0.0,0.0
1/31/2020 6:00,0.0,0.0
1/31/2020 7:00,0.0,0.0
1/31/2020 8:00,0.0,0.0
1/31/2020 9:00,0.75,0.05
1/31/2020 10:00,1.25,0.08
1/31/2020 11:00,1.5,0.09
1/31/2020 12:00,3.5,0.21
1/31/2020 13:00,5.25,0.32
1/31/2020 14:00,2.75,0.17
1/31/2020 15:00,2.5,0.15
1/31/2020 16:00,3.75,0.23
1/31/2020 17:00,1.0,0.06
1/31/2020 18:00,0.25,0.02
1/31/2020 19:00,0.0,0.0
1/31/2020 20:00,0.0,0.0
1/31/2020 21:00,0.0,0.0
1/31/2020 22:00,0.0,0.0
1/31/2020 23:00,0.0,0.0
2/1/2020 0:00,0.0,0.0
2/1/2020 1:00,0.0,0.0
2/1/2020 2:00,0.0,0.0
2/1/2020 3:00,0.0,0.0
2/1/2020 4:00,0.0,0.0
2/1/2020 5:00,0.0,0.0
2/1/2020 6:00,0.0,0.0
2/1/2020 7:00,0.0,0.0
2/1/2020 8:00,0.0,0.0
2/1/2020 9:00,0.75,0.05
2/1/2020 10:00,1.5,0.09
2/1/2020 11:00,4.75,0.29
2/1/2020 12:00,8.0,0.49
2/1/2020 13:00,9.0,0.55
2/1/2020 14:00,9.5,0.58
2/1/2020 15:00,8.5,0.52
2/1/2020 16:00,6.25,0.38
2/1/2020 17:00,2.75,0.17
2/1/2020 18:00,0.25,0.02
2/1/2020 19:00,0.0,0.0
2/1/2020 20:00,0.0,0.0
2/1/2020 21:00,0.0,0.0
2/1/2020 22:00,0.0,0.0
2/1/2020 23:00,0.0,0.0
2/2/2020 0:00,0.0,0.0
2/2/2020 1:00,0.0,0.0
2/2/2020 2:00,0.0,0.0
2/2/2020 3:00,0.0,0.0
2/2/2020 4:00,0.0,0.0
2/2/2020 5:00,0.0,0.0
2/2/2020 6:00,0.0,0.0
2/2/2020 7:00,0.0,0.0
2/2/2020 8:00,0.25,0.02
2/2/2020 9:00,0.25,0.02
2/2/2020 10:00,1.25,0.08
2/2/2020 11:00,5.0,0.31
2/2/2020 12:00,8.5,0.52
2/2/2020 13:00,9.5,0.58
2/2/2020 14:00,9.5,0.58
2/2/2020 15:00,8.75,0.54
2/2/2020 16:00,6.75,0.41
2/2/2020 17:00,2.75,0.17
2/2/2020 18:00,0.25,0.02
2/2/2020 19:00,0.0,0.0
2/2/2020 20:00,0.0,0.0
2/2/2020 21:00,0.0,0.0
2/2/2020 22:00,0.0,0.0
2/2/2020 23:00,0.0,0.0
2/3/2020 0:00,0.0,0.0
2/3/2020 1:00,0.0,0.0
2/3/2020 2:00,0.0,0.0
2/3/2020 3:00,0.0,0.0
2/3/2020 4:00,0.0,0.0
2/3/2020 5:00,0.0,0.0
2/3/2020 6:00,0.0,0.0
2/3/2020 7:00,0.0,0.0
2/3/2020 8:00,0.25,0.02
2/3/2020 9:00,0.25,0.02
2/3/2020 10:00,1.25,0.08
2/3/2020 11:00,5.0,0.31
2/3/2020 12:00,8.25,0.51
2/3/2020 13:00,9.5,0.58
2/3/2020 14:00,9.75,0.6
2/3/2020 15:00,8.75,0.54
2/3/2020 16:00,7.0,0.43
2/3/2020 17:00,3.0,0.18
2/3/2020 18:00,0.25,0.02
2/3/2020 19:00,0.0,0.0
2/3/2020 20:00,0.0,0.0
2/3/2020 21:00,0.0,0.0
2/3/2020 22:00,0.0,0.0
2/3/2020 23:00,0.0,0.0
2/4/2020 0:00,0.0,0.0
2/4/2020 1:00,0.0,0.0
2/4/2020 2:00,0.0,0.0
2/4/2020 3:00,0.0,0.0
2/4/2020 4:00,0.0,0.0
2/4/2020 5:00,0.0,0.0
2/4/2020 6:00,0.0,0.0
2/4/2020 7:00,0.0,0.0
2/4/2020 8:00,0.0,0.0
2/4/2020 9:00,0.5,0.03
2/4/2020 10:00,1.25,0.08
2/4/2020 11:00,5.0,0.31
2/4/2020 12:00,8.5,0.52
2/4/2020 13:00,9.75,0.6
2/4/2020 14:00,10.0,0.61
2/4/2020 15:00,9.0,0.55
2/4/2020 16:00,7.0,0.43
2/4/2020 17:00,3.25,0.2
2/4/2020 18:00,0.25,0.02
2/4/2020 19:00,0.0,0.0
2/4/2020 20:00,0.0,0.0
2/4/2020 21:00,0.0,0.0
2/4/2020 22:00,0.0,0.0
2/4/2020 23:00,0.0,0.0
2/5/2020 0:00,0.0,0.0
2/5/2020 1:00,0.0,0.0
2/5/2020 2:00,0.0,0.0
2/5/2020 3:00,0.0,0.0
2/5/2020 4:00,0.0,0.0
2/5/2020 5:00,0.0,0.0
2/5/2020 6:00,0.0,0.0
2/5/2020 7:00,0.0,0.0
2/5/2020 8:00,0.0,0.0
2/5/2020 9:00,0.75,0.05
2/5/2020 10:00,1.75,0.11
2/5/2020 11:00,5.0,0.31
2/5/2020 12:00,4.75,0.29
2/5/2020 13:00,5.25,0.32
2/5/2020 14:00,8.75,0.54
2/5/2020 15:00,6.75,0.41
2/5/2020 16:00,6.75,0.41
2/5/2020 17:00,3.25,0.2
2/5/2020 18:00,0.25,0.02
2/5/2020 19:00,0.0,0.0
2/5/2020 20:00,0.0,0.0
2/5/2020 21:00,0.0,0.0
2/5/2020 22:00,0.0,0.0
2/5/2020 23:00,0.0,0.0
2/6/2020 0:00,0.0,0.0
2/6/2020 1:00,0.0,0.0
2/6/2020 2:00,0.0,0.0
2/6/2020 3:00,0.0,0.0
2/6/2020 4:00,0.0,0.0
2/6/2020 5:00,0.0,0.0
2/6/2020 6:00,0.0,0.0
2/6/2020 7:00,0.0,0.0
2/6/2020 8:00,0.25,0.02
2/6/2020 9:00,0.5,0.03
2/6/2020 10:00,1.75,0.11
2/6/2020 11:00,4.25,0.26
2/6/2020 12:00,7.0,0.43
2/6/2020 13:00,9.0,0.55
2/6/2020 14:00,8.25,0.51
2/6/2020 15:00,7.0,0.43
2/6/2020 16:00,6.0,0.37
2/6/2020 17:00,2.75,0.17
2/6/2020 18:00,0.5,0.03
2/6/2020 19:00,0.0,0.0
2/6/2020 20:00,0.0,0.0
2/6/2020 21:00,0.0,0.0
2/6/2020 22:00,0.0,0.0
2/6/2020 23:00,0.0,0.0
2/7/2020 0:00,0.0,0.0
2/7/2020 1:00,0.0,0.0
2/7/2020 2:00,0.0,0.0
2/7/2020 3:00,0.0,0.0
2/7/2020 4:00,0.0,0.0
2/7/2020 5:00,0.0,0.0
2/7/2020 6:00,0.0,0.0
2/7/2020 7:00,0.0,0.0
2/7/2020 8:00,0.0,0.0
2/7/2020 9:00,0.75,0.05
2/7/2020 10:00,1.75,0.11
2/7/2020 11:00,3.75,0.23
2/7/2020 12:00,8.0,0.49
2/7/2020 13:00,9.0,0.55
2/7/2020 14:00,5.25,0.32
2/7/2020 15:00,2.5,0.15
2/7/2020 16:00,0.75,0.05
2/7/2020 17:00,0.5,0.03
2/7/2020 18:00,0.0,0.0
2/7/2020 19:00,0.0,0.0
2/7/2020 20:00,0.0,0.0
2/7/2020 21:00,0.0,0.0
2/7/2020 22:00,0.0,0.0
2/7/2020 23:00,0.0,0.0
2/8/2020 0:00,0.0,0.0
2/8/2020 1:00,0.0,0.0
2/8/2020 2:00,0.0,0.0
2/8/2020 3:00,0.0,0.0
2/8/2020 4:00,0.0,0.0
2/8/2020 5:00,0.0,0.0
2/8/2020 6:00,0.0,0.0
2/8/2020 7:00,0.0,0.0
2/8/2020 8:00,0.25,0.02
2/8/2020 9:00,0.75,0.05
2/8/2020 10:00,1.75,0.11
2/8/2020 11:00,4.25,0.26
2/8/2020 12:00,5.5,0.34
2/8/2020 13:00,4.0,0.25
2/8/2020 14:00,7.5,0.46
2/8/2020 15:00,7.25,0.44
2/8/2020 16:00,6.5,0.4
2/8/2020 17:00,2.5,0.15
2/8/2020 18:00,0.25,0.02
2/8/2020 19:00,0.0,0.0
2/8/2020 20:00,0.0,0.0
2/8/2020 21:00,0.0,0.0
2/8/2020 22:00,0.0,0.0
2/8/2020 23:00,0.0,0.0
2/9/2020 0:00,0.0,0.0
2/9/2020 1:00,0.0,0.0
2/9/2020 2:00,0.0,0.0
2/9/2020 3:00,0.0,0.0
2/9/2020 4:00,0.0,0.0
2/9/2020 5:00,0.0,0.0
2/9/2020 6:00,0.0,0.0
2/9/2020 7:00,0.0,0.0
2/9/2020 8:00,0.25,0.02
2/9/2020 9:00,0.25,0.02
2/9/2020 10:00,1.75,0.11
2/9/2020 11:00,5.0,0.31
2/9/2020 12:00,6.75,0.41
2/9/2020 13:00,8.25,0.51
2/9/2020 14:00,9.75,0.6
2/9/2020 15:00,8.0,0.49
2/9/2020 16:00,6.0,0.37
2/9/2020 17:00,2.5,0.15
2/9/2020 18:00,0.5,0.03
2/9/2020 19:00,0.0,0.0
2/9/2020 20:00,0.0,0.0
2/9/2020 21:00,0.0,0.0
2/9/2020 22:00,0.0,0.0
2/9/2020 23:00,0.0,0.0
2/10/2020 0:00,0.0,0.0
2/10/2020 1:00,0.0,0.0
2/10/2020 2:00,0.0,0.0
2/10/2020 3:00,0.0,0.0
2/10/2020 4:00,0.0,0.0
2/10/2020 5:00,0.0,0.0
2/10/2020 6:00,0.0,0.0
2/10/2020 7:00,0.0,0.0
2/10/2020 8:00,0.25,0.02
2/10/2020 9:00,0.5,0.03
2/10/2020 10:00,1.5,0.09
2/10/2020 11:00,5.25,0.32
2/10/2020 12:00,8.25,0.51
2/10/2020 13:00,9.5,0.58
2/10/2020 14:00,10.0,0.61
2/10/2020 15:00,8.75,0.54
2/10/2020 16:00,7.25,0.44
2/10/2020 17:00,3.5,0.21
2/10/2020 18:00,0.25,0.02
2/10/2020 19:00,0.0,0.0
2/10/2020 20:00,0.0,0.0
2/10/2020 21:00,0.0,0.0
2/10/2020 22:00,0.0,0.0
2/10/2020 23:00,0.0,0.0
2/11/2020 0:00,0.0,0.0
2/11/2020 1:00,0.0,0.0
2/11/2020 2:00,0.0,0.0
2/11/2020 3:00,0.0,0.0
2/11/2020 4:00,0.0,0.0
2/11/2020 5:00,0.0,0.0
2/11/2020 6:00,0.0,0.0
2/11/2020 7:00,0.0,0.0
2/11/2020 8:00,0.25,0.02
2/11/2020 9:00,0.5,0.03
2/11/2020 10:00,1.0,0.06
2/11/2020 11:00,4.5,0.28
2/11/2020 12:00,8.25,0.51
2/11/2020 13:00,9.75,0.6
2/11/2020 14:00,10.25,0.63
2/11/2020 15:00,9.25,0.57
2/11/2020 16:00,7.25,0.44
2/11/2020 17:00,3.75,0.23
2/11/2020 18:00,0.5,0.03
2/11/2020 19:00,0.0,0.0
2/11/2020 20:00,0.0,0.0
2/11/2020 21:00,0.0,0.0
2/11/2020 22:00,0.0,0.0
2/11/2020 23:00,0.0,0.0
2/12/2020 0:00,0.0,0.0
2/12/2020 1:00,0.0,0.0
2/12/2020 2:00,0.0,0.0
2/12/2020 3:00,0.0,0.0
2/12/2020 4:00,0.0,0.0
2/12/2020 5:00,0.0,0.0
2/12/2020 6:00,0.0,0.0
2/12/2020 7:00,0.0,0.0
2/12/2020 8:00,0.0,0.0
2/12/2020 9:00,1.5,0.09
2/12/2020 10:00,2.5,0.15
2/12/2020 11:00,4.0,0.25
2/12/2020 12:00,6.5,0.4
2/12/2020 13:00,9.0,0.55
2/12/2020 14:00,7.75,0.47
2/12/2020 15:00,7.75,0.47
2/12/2020 16:00,3.5,0.21
2/12/2020 17:00,1.25,0.08
2/12/2020 18:00,0.25,0.02
2/12/2020 19:00,0.0,0.0
2/12/2020 20:00,0.0,0.0
2/12/2020 21:00,0.0,0.0
2/12/2020 22:00,0.0,0.0
2/12/2020 23:00,0.0,0.0
2/13/2020 0:00,0.0,0.0
2/13/2020 1:00,0.0,0.0
2/13/2020 2:00,0.0,0.0
2/13/2020 3:00,0.0,0.0
2/13/2020 4:00,0.0,0.0
2/13/2020 5:00,0.0,0.0
2/13/2020 6:00,0.0,0.0
2/13/2020 7:00,0.0,0.0
2/13/2020 8:00,0.25,0.02
2/13/2020 9:00,1.0,0.06
2/13/2020 10:00,2.0,0.12
2/13/2020 11:00,5.5,0.34
2/13/2020 12:00,8.0,0.49
2/13/2020 13:00,8.5,0.52
2/13/2020 14:00,7.5,0.46
2/13/2020 15:00,7.25,0.44
2/13/2020 16:00,6.5,0.4
2/13/2020 17:00,4.0,0.25
2/13/2020 18:00,0.5,0.03
2/13/2020 19:00,0.0,0.0
2/13/2020 20:00,0.0,0.0
2/13/2020 21:00,0.0,0.0
2/13/2020 22:00,0.0,0.0
2/13/2020 23:00,0.0,0.0
2/14/2020 0:00,0.0,0.0
2/14/2020 1:00,0.0,0.0
2/14/2020 2:00,0.0,0.0
2/14/2020 3:00,0.0,0.0
2/14/2020 4:00,0.0,0.0
2/14/2020 5:00,0.0,0.0
2/14/2020 6:00,0.0,0.0
2/14/2020 7:00,0.0,0.0
2/14/2020 8:00,0.0,0.0
2/14/2020 9:00,0.5,0.03
2/14/2020 10:00,2.0,0.12
2/14/2020 11:00,5.75,0.35
2/14/2020 12:00,8.5,0.52
2/14/2020 13:00,9.75,0.6
2/14/2020 14:00,10.0,0.61
2/14/2020 15:00,9.0,0.55
2/14/2020 16:00,7.0,0.43
2/14/2020 17:00,4.25,0.26
2/14/2020 18:00,0.5,0.03
2/14/2020 19:00,0.0,0.0
2/14/2020 20:00,0.0,0.0
2/14/2020 21:00,0.0,0.0
2/14/2020 22:00,0.0,0.0
2/14/2020 23:00,0.0,0.0
2/15/2020 0:00,0.0,0.0
2/15/2020 1:00,0.0,0.0
2/15/2020 2:00,0.0,0.0
2/15/2020 3:00,0.0,0.0
2/15/2020 4:00,0.0,0.0
2/15/2020 5:00,0.0,0.0
2/15/2020 6:00,0.0,0.0
2/15/2020 7:00,0.0,0.0
2/15/2020 8:00,0.0,0.0
2/15/2020 9:00,0.5,0.03
2/15/2020 10:00,2.0,0.12
2/15/2020 11:00,5.75,0.35
2/15/2020 12:00,8.5,0.52
2/15/2020 13:00,9.75,0.6
2/15/2020 14:00,9.75,0.6
2/15/2020 15:00,9.25,0.57
2/15/2020 16:00,7.25,0.44
2/15/2020 17:00,3.75,0.23
2/15/2020 18:00,0.5,0.03
2/15/2020 19:00,0.0,0.0
2/15/2020 20:00,0.0,0.0
2/15/2020 21:00,0.0,0.0
2/15/2020 22:00,0.0,0.0
2/15/2020 23:00,0.0,0.0
2/16/2020 0:00,0.0,0.0
2/16/2020 1:00,0.0,0.0
2/16/2020 2:00,0.0,0.0
2/16/2020 3:00,0.0,0.0
2/16/2020 4:00,0.0,0.0
2/16/2020 5:00,0.0,0.0
2/16/2020 6:00,0.0,0.0
2/16/2020 7:00,0.0,0.0
2/16/2020 8:00,0.0,0.0
2/16/2020 9:00,0.75,0.05
2/16/2020 10:00,2.0,0.12
2/16/2020 11:00,6.0,0.37
2/16/2020 12:00,8.5,0.52
2/16/2020 13:00,10.25,0.63
2/16/2020 14:00,10.25,0.63
2/16/2020 15:00,9.25,0.57
2/16/2020 16:00,7.25,0.44
2/16/2020 17:00,4.0,0.25
2/16/2020 18:00,0.5,0.03
2/16/2020 19:00,0.0,0.0
2/16/2020 20:00,0.0,0.0
2/16/2020 21:00,0.0,0.0
2/16/2020 22:00,0.0,0.0
2/16/2020 23:00,0.0,0.0
2/17/2020 0:00,0.0,0.0
2/17/2020 1:00,0.0,0.0
2/17/2020 2:00,0.0,0.0
2/17/2020 3:00,0.0,0.0
2/17/2020 4:00,0.0,0.0
2/17/2020 5:00,0.0,0.0
2/17/2020 6:00,0.0,0.0
2/17/2020 7:00,0.0,0.0
2/17/2020 8:00,0.0,0.0
2/17/2020 9:00,0.0,0.0
2/17/2020 10:00,0.0,0.0
2/17/2020 11:00,0.0,0.0
2/17/2020 12:00,0.0,0.0
2/17/2020 13:00,0.0,0.0
2/17/2020 14:00,0.0,0.0
2/17/2020 15:00,0.0,0.0
2/17/2020 16:00,0.0,0.0
2/17/2020 17:00,0.0,0.0
2/17/2020 18:00,0.0,0.0
2/17/2020 19:00,0.0,0.0
2/17/2020 20:00,0.0,0.0
2/17/2020 21:00,0.0,0.0
2/17/2020 22:00,0.0,0.0
2/17/2020 23:00,0.0,0.0
2/18/2020 0:00,0.0,0.0
2/18/2020 1:00,0.0,0.0
2/18/2020 2:00,0.0,0.0
2/18/2020 3:00,0.0,0.0
2/18/2020 4:00,0.0,0.0
2/18/2020 5:00,0.0,0.0
2/18/2020 6:00,0.0,0.0
2/18/2020 7:00,0.0,0.0
2/18/2020 8:00,0.0,0.0
2/18/2020 9:00,0.5,0.03
2/18/2020 10:00,2.5,0.15
2/18/2020 11:00,6.75,0.41
2/18/2020 12:00,9.5,0.58
2/18/2020 13:00,10.75,0.66
2/18/2020 14:00,11.0,0.67
2/18/2020 15:00,10.0,0.61
2/18/2020 16:00,7.75,0.47
2/18/2020 17:00,4.5,0.28
2/18/2020 18:00,0.5,0.03
2/18/2020 19:00,0.0,0.0
2/18/2020 20:00,0.0,0.0
2/18/2020 21:00,0.0,0.0
2/18/2020 22:00,0.0,0.0
2/18/2020 23:00,0.0,0.0
2/19/2020 0:00,0.0,0.0
2/19/2020 1:00,0.0,0.0
2/19/2020 2:00,0.0,0.0
2/19/2020 3:00,0.0,0.0
2/19/2020 4:00,0.0,0.0
2/19/2020 5:00,0.0,0.0
2/19/2020 6:00,0.0,0.0
2/19/2020 7:00,0.0,0.0
2/19/2020 8:00,0.0,0.0
2/19/2020 9:00,1.0,0.06
2/19/2020 10:00,2.5,0.15
2/19/2020 11:00,6.25,0.38
2/19/2020 12:00,8.5,0.52
2/19/2020 13:00,10.0,0.61
2/19/2020 14:00,10.0,0.61
2/19/2020 15:00,9.25,0.57
2/19/2020 16:00,7.25,0.44
2/19/2020 17:00,4.0,0.25
2/19/2020 18:00,0.5,0.03
2/19/2020 19:00,0.25,0.02
2/19/2020 20:00,0.0,0.0
2/19/2020 21:00,0.0,0.0
2/19/2020 22:00,0.0,0.0
2/19/2020 23:00,0.0,0.0
2/20/2020 0:00,0.0,0.0
2/20/2020 1:00,0.0,0.0
2/20/2020 2:00,0.0,0.0
2/20/2020 3:00,0.0,0.0
2/20/2020 4:00,0.0,0.0
2/20/2020 5:00,0.0,0.0
2/20/2020 6:00,0.0,0.0
2/20/2020 7:00,0.0,0.0
2/20/2020 8:00,0.0,0.0
2/20/2020 9:00,0.75,0.05
2/20/2020 10:00,2.5,0.15
2/20/2020 11:00,6.25,0.38
2/20/2020 12:00,8.5,0.52
2/20/2020 13:00,10.25,0.63
2/20/2020 14:00,10.25,0.63
2/20/2020 15:00,9.0,0.55
2/20/2020 16:00,7.25,0.44
2/20/2020 17:00,4.25,0.26
2/20/2020 18:00,0.75,0.05
2/20/2020 19:00,0.0,0.0
2/20/2020 20:00,0.0,0.0
2/20/2020 21:00,0.0,0.0
2/20/2020 22:00,0.0,0.0
2/20/2020 23:00,0.0,0.0
2/21/2020 0:00,0.0,0.0
2/21/2020 1:00,0.0,0.0
2/21/2020 2:00,0.0,0.0
2/21/2020 3:00,0.0,0.0
2/21/2020 4:00,0.0,0.0
2/21/2020 5:00,0.0,0.0
2/21/2020 6:00,0.0,0.0
2/21/2020 7:00,0.0,0.0
2/21/2020 8:00,0.0,0.0
2/21/2020 9:00,1.0,0.06
2/21/2020 10:00,2.5,0.15
2/21/2020 11:00,6.25,0.38
2/21/2020 12:00,8.75,0.54
2/21/2020 13:00,10.0,0.61
2/21/2020 14:00,10.25,0.63
2/21/2020 15:00,9.0,0.55
2/21/2020 16:00,7.5,0.46
2/21/2020 17:00,4.25,0.26
2/21/2020 18:00,0.75,0.05
2/21/2020 19:00,0.0,0.0
2/21/2020 20:00,0.0,0.0
2/21/2020 21:00,0.0,0.0
2/21/2020 22:00,0.0,0.0
2/21/2020 23:00,0.0,0.0
2/22/2020 0:00,0.0,0.0
2/22/2020 1:00,0.0,0.0
2/22/2020 2:00,0.0,0.0
2/22/2020 3:00,0.0,0.0
2/22/2020 4:00,0.0,0.0
2/22/2020 5:00,0.0,0.0
2/22/2020 6:00,0.0,0.0
2/22/2020 7:00,0.0,0.0
2/22/2020 8:00,0.25,0.02
2/22/2020 9:00,0.75,0.05
2/22/2020 10:00,2.75,0.17
2/22/2020 11:00,6.5,0.4
2/22/2020 12:00,9.25,0.57
2/22/2020 13:00,10.25,0.63
2/22/2020 14:00,10.5,0.64
2/22/2020 15:00,9.75,0.6
2/22/2020 16:00,7.5,0.46
2/22/2020 17:00,3.5,0.21
2/22/2020 18:00,1.0,0.06
2/22/2020 19:00,0.0,0.0
2/22/2020 20:00,0.0,0.0
2/22/2020 21:00,0.0,0.0
2/22/2020 22:00,0.0,0.0
2/22/2020 23:00,0.0,0.0
2/23/2020 0:00,0.0,0.0
2/23/2020 1:00,0.0,0.0
2/23/2020 2:00,0.0,0.0
2/23/2020 3:00,0.0,0.0
2/23/2020 4:00,0.0,0.0
2/23/2020 5:00,0.0,0.0
2/23/2020 6:00,0.0,0.0
2/23/2020 7:00,0.0,0.0
2/23/2020 8:00,0.25,0.02
2/23/2020 9:00,0.75,0.05
2/23/2020 10:00,3.0,0.18
2/23/2020 11:00,6.75,0.41
2/23/2020 12:00,9.25,0.57
2/23/2020 13:00,10.75,0.66
2/23/2020 14:00,10.75,0.66
2/23/2020 15:00,9.75,0.6
2/23/2020 16:00,7.75,0.47
2/23/2020 17:00,4.75,0.29
2/23/2020 18:00,0.75,0.05
2/23/2020 19:00,0.25,0.02
2/23/2020 20:00,0.0,0.0
2/23/2020 21:00,0.0,0.0
2/23/2020 22:00,0.0,0.0
2/23/2020 23:00,0.0,0.0
2/24/2020 0:00,0.0,0.0
2/24/2020 1:00,0.0,0.0
2/24/2020 2:00,0.0,0.0
2/24/2020 3:00,0.0,0.0
2/24/2020 4:00,0.0,0.0
2/24/2020 5:00,0.0,0.0
2/24/2020 6:00,0.0,0.0
2/24/2020 7:00,0.0,0.0
2/24/2020 8:00,0.0,0.0
2/24/2020 9:00,0.75,0.05
2/24/2020 10:00,3.0,0.18
2/24/2020 11:00,6.75,0.41
2/24/2020 12:00,9.0,0.55
2/24/2020 13:00,10.5,0.64
2/24/2020 14:00,10.5,0.64
2/24/2020 15:00,10.0,0.61
2/24/2020 16:00,7.75,0.47
2/24/2020 17:00,4.75,0.29
2/24/2020 18:00,0.75,0.05
2/24/2020 19:00,0.0,0.0
2/24/2020 20:00,0.0,0.0
2/24/2020 21:00,0.0,0.0
2/24/2020 22:00,0.0,0.0
2/24/2020 23:00,0.0,0.0
2/25/2020 0:00,0.0,0.0
2/25/2020 1:00,0.0,0.0
2/25/2020 2:00,0.0,0.0
2/25/2020 3:00,0.0,0.0
2/25/2020 4:00,0.0,0.0
2/25/2020 5:00,0.0,0.0
2/25/2020 6:00,0.0,0.0
2/25/2020 7:00,0.0,0.0
2/25/2020 8:00,0.25,0.02
2/25/2020 9:00,1.0,0.06
2/25/2020 10:00,3.0,0.18
2/25/2020 11:00,7.0,0.43
2/25/2020 12:00,9.5,0.58
2/25/2020 13:00,10.75,0.66
2/25/2020 14:00,10.0,0.61
2/25/2020 15:00,9.25,0.57
2/25/2020 16:00,7.0,0.43
2/25/2020 17:00,3.5,0.21
2/25/2020 18:00,1.25,0.08
2/25/2020 19:00,0.0,0.0
2/25/2020 20:00,0.0,0.0
2/25/2020 21:00,0.0,0.0
2/25/2020 22:00,0.0,0.0
2/25/2020 23:00,0.0,0.0
2/26/2020 0:00,0.0,0.0
2/26/2020 1:00,0.0,0.0
2/26/2020 2:00,0.0,0.0
2/26/2020 3:00,0.0,0.0
2/26/2020 4:00,0.0,0.0
2/26/2020 5:00,0.0,0.0
2/26/2020 6:00,0.0,0.0
2/26/2020 7:00,0.0,0.0
2/26/2020 8:00,0.25,0.02
2/26/2020 9:00,1.0,0.06
2/26/2020 10:00,3.25,0.2
2/26/2020 11:00,7.25,0.44
2/26/2020 12:00,9.5,0.58
2/26/2020 13:00,10.75,0.66
2/26/2020 14:00,10.25,0.63
2/26/2020 15:00,9.75,0.6
2/26/2020 16:00,8.0,0.49
2/26/2020 17:00,5.0,0.31
2/26/2020 18:00,1.0,0.06
2/26/2020 19:00,0.0,0.0
2/26/2020 20:00,0.0,0.0
2/26/2020 21:00,0.0,0.0
2/26/2020 22:00,0.0,0.0
2/26/2020 23:00,0.0,0.0
2/27/2020 0:00,0.0,0.0
2/27/2020 1:00,0.0,0.0
2/27/2020 2:00,0.0,0.0
2/27/2020 3:00,0.0,0.0
2/27/2020 4:00,0.0,0.0
2/27/2020 5:00,0.0,0.0
2/27/2020 6:00,0.0,0.0
2/27/2020 7:00,0.0,0.0
2/27/2020 8:00,0.25,0.02
2/27/2020 9:00,1.0,0.06
2/27/2020 10:00,3.5,0.21
2/27/2020 11:00,7.5,0.46
2/27/2020 12:00,10.0,0.61
2/27/2020 13:00,11.0,0.67
2/27/2020 14:00,11.25,0.69
2/27/2020 15:00,10.0,0.61
2/27/2020 16:00,8.25,0.51
2/27/2020 17:00,4.5,0.28
2/27/2020 18:00,1.25,0.08
2/27/2020 19:00,0.0,0.0
2/27/2020 20:00,0.0,0.0
2/27/2020 21:00,0.0,0.0
2/27/2020 22:00,0.0,0.0
2/27/2020 23:00,0.0,0.0
2/28/2020 0:00,0.0,0.0
2/28/2020 1:00,0.0,0.0
2/28/2020 2:00,0.0,0.0
2/28/2020 3:00,0.0,0.0
2/28/2020 4:00,0.0,0.0
2/28/2020 5:00,0.0,0.0
2/28/2020 6:00,0.0,0.0
2/28/2020 7:00,0.0,0.0
2/28/2020 8:00,0.5,0.03
2/28/2020 9:00,1.25,0.08
2/28/2020 10:00,3.0,0.18
2/28/2020 11:00,6.0,0.37
2/28/2020 12:00,8.5,0.52
2/28/2020 13:00,10.25,0.63
2/28/2020 14:00,9.75,0.6
2/28/2020 15:00,9.0,0.55
2/28/2020 16:00,6.75,0.41
2/28/2020 17:00,4.5,0.28
2/28/2020 18:00,1.25,0.08
2/28/2020 19:00,0.25,0.02
2/28/2020 20:00,0.0,0.0
2/28/2020 21:00,0.0,0.0
2/28/2020 22:00,0.0,0.0
2/28/2020 23:00,0.0,0.0
2/29/2020 0:00,0.0,0.0
2/29/2020 1:00,0.0,0.0
2/29/2020 2:00,0.0,0.0
2/29/2020 3:00,0.0,0.0
2/29/2020 4:00,0.0,0.0
2/29/2020 5:00,0.0,0.0
2/29/2020 6:00,0.0,0.0
2/29/2020 7:00,0.0,0.0
2/29/2020 8:00,0.0,0.0
2/29/2020 9:00,1.25,0.08
2/29/2020 10:00,2.5,0.15
2/29/2020 11:00,3.0,0.18
2/29/2020 12:00,7.25,0.44
2/29/2020 13:00,6.75,0.41
2/29/2020 14:00,4.25,0.26
2/29/2020 15:00,2.0,0.12
2/29/2020 16:00,1.5,0.09
2/29/2020 17:00,0.75,0.05
2/29/2020 18:00,0.25,0.02
2/29/2020 19:00,0.0,0.0
2/29/2020 20:00,0.0,0.0
2/29/2020 21:00,0.0,0.0
2/29/2020 22:00,0.0,0.0
2/29/2020 23:00,0.0,0.0
3/1/2020 0:00,0.0,0.0
3/1/2020 1:00,0.0,0.0
3/1/2020 2:00,0.0,0.0
3/1/2020 3:00,0.0,0.0
3/1/2020 4:00,0.0,0.0
3/1/2020 5:00,0.0,0.0
3/1/2020 6:00,0.0,0.0
3/1/2020 7:00,0.0,0.0
3/1/2020 8:00,0.5,0.03
3/1/2020 9:00,1.75,0.11
3/1/2020 10:00,2.75,0.17
3/1/2020 11:00,2.75,0.17
3/1/2020 12:00,4.25,0.26
3/1/2020 13:00,7.25,0.44
3/1/2020 14:00,8.0,0.49
3/1/2020 15:00,4.25,0.26
3/1/2020 16:00,4.25,0.26
3/1/2020 17:00,3.25,0.2
3/1/2020 18:00,0.75,0.05
3/1/2020 19:00,0.0,0.0
3/1/2020 20:00,0.0,0.0
3/1/2020 21:00,0.0,0.0
3/1/2020 22:00,0.0,0.0
3/1/2020 23:00,0.0,0.0
3/2/2020 0:00,0.0,0.0
3/2/2020 1:00,0.0,0.0
3/2/2020 2:00,0.0,0.0
3/2/2020 3:00,0.0,0.0
3/2/2020 4:00,0.0,0.0
3/2/2020 5:00,0.0,0.0
3/2/2020 6:00,0.0,0.0
3/2/2020 7:00,0.0,0.0
3/2/2020 8:00,0.25,0.02
3/2/2020 9:00,1.5,0.09
3/2/2020 10:00,3.25,0.2
3/2/2020 11:00,6.25,0.38
3/2/2020 12:00,7.5,0.46
3/2/2020 13:00,9.0,0.55
3/2/2020 14:00,9.5,0.58
3/2/2020 15:00,9.0,0.55
3/2/2020 16:00,8.25,0.51
3/2/2020 17:00,5.25,0.32
3/2/2020 18:00,1.5,0.09
3/2/2020 19:00,0.0,0.0
3/2/2020 20:00,0.0,0.0
3/2/2020 21:00,0.0,0.0
3/2/2020 22:00,0.0,0.0
3/2/2020 23:00,0.0,0.0
3/3/2020 0:00,0.0,0.0
3/3/2020 1:00,0.0,0.0
3/3/2020 2:00,0.0,0.0
3/3/2020 3:00,0.0,0.0
3/3/2020 4:00,0.0,0.0
3/3/2020 5:00,0.0,0.0
3/3/2020 6:00,0.0,0.0
3/3/2020 7:00,0.0,0.0
3/3/2020 8:00,0.5,0.03
3/3/2020 9:00,1.5,0.09
3/3/2020 10:00,3.75,0.23
3/3/2020 11:00,6.5,0.4
3/3/2020 12:00,9.5,0.58
3/3/2020 13:00,6.25,0.38
3/3/2020 14:00,6.25,0.38
3/3/2020 15:00,5.25,0.32
3/3/2020 16:00,2.25,0.14
3/3/2020 17:00,1.5,0.09
3/3/2020 18:00,0.75,0.05
3/3/2020 19:00,0.25,0.02
3/3/2020 20:00,0.0,0.0
3/3/2020 21:00,0.0,0.0
3/3/2020 22:00,0.0,0.0
3/3/2020 23:00,0.0,0.0
3/4/2020 0:00,0.0,0.0
3/4/2020 1:00,0.0,0.0
3/4/2020 2:00,0.0,0.0
3/4/2020 3:00,0.0,0.0
3/4/2020 4:00,0.0,0.0
3/4/2020 5:00,0.0,0.0
3/4/2020 6:00,0.0,0.0
3/4/2020 7:00,0.0,0.0
3/4/2020 8:00,0.5,0.03
3/4/2020 9:00,1.75,0.11
3/4/2020 10:00,3.5,0.21
3/4/2020 11:00,4.25,0.26
3/4/2020 12:00,6.0,0.37
3/4/2020 13:00,9.75,0.6
3/4/2020 14:00,9.5,0.58
3/4/2020 15:00,9.75,0.6
3/4/2020 16:00,8.25,0.51
3/4/2020 17:00,5.5,0.34
3/4/2020 18:00,1.25,0.08
3/4/2020 19:00,0.25,0.02
3/4/2020 20:00,0.0,0.0
3/4/2020 21:00,0.0,0.0
3/4/2020 22:00,0.0,0.0
3/4/2020 23:00,0.0,0.0
3/5/2020 0:00,0.0,0.0
3/5/2020 1:00,0.0,0.0
3/5/2020 2:00,0.0,0.0
3/5/2020 3:00,0.0,0.0
3/5/2020 4:00,0.0,0.0
3/5/2020 5:00,0.0,0.0
3/5/2020 6:00,0.0,0.0
3/5/2020 7:00,0.0,0.0
3/5/2020 8:00,0.5,0.03
3/5/2020 9:00,2.25,0.14
3/5/2020 10:00,3.25,0.2
3/5/2020 11:00,3.0,0.18
3/5/2020 12:00,3.75,0.23
3/5/2020 13:00,8.75,0.54
3/5/2020 14:00,7.25,0.44
3/5/2020 15:00,10.25,0.63
3/5/2020 16:00,8.5,0.52
3/5/2020 17:00,5.25,0.32
3/5/2020 18:00,1.75,0.11
3/5/2020 19:00,0.0,0.0
3/5/2020 20:00,0.0,0.0
3/5/2020 21:00,0.0,0.0
3/5/2020 22:00,0.0,0.0
3/5/2020 23:00,0.0,0.0
3/6/2020 0:00,0.0,0.0
3/6/2020 1:00,0.0,0.0
3/6/2020 2:00,0.0,0.0
3/6/2020 3:00,0.0,0.0
3/6/2020 4:00,0.0,0.0
3/6/2020 5:00,0.0,0.0
3/6/2020 6:00,0.0,0.0
3/6/2020 7:00,0.0,0.0
3/6/2020 8:00,0.5,0.03
3/6/2020 9:00,1.5,0.09
3/6/2020 10:00,3.5,0.21
3/6/2020 11:00,7.75,0.47
3/6/2020 12:00,10.25,0.63
3/6/2020 13:00,11.5,0.7
3/6/2020 14:00,11.75,0.72
3/6/2020 15:00,10.75,0.66
3/6/2020 16:00,8.25,0.51
3/6/2020 17:00,5.5,0.34
3/6/2020 18:00,1.75,0.11
3/6/2020 19:00,0.0,0.0
3/6/2020 20:00,0.0,0.0
3/6/2020 21:00,0.0,0.0
3/6/2020 22:00,0.0,0.0
3/6/2020 23:00,0.0,0.0
3/7/2020 0:00,0.0,0.0
3/7/2020 1:00,0.0,0.0
3/7/2020 2:00,0.0,0.0
3/7/2020 3:00,0.0,0.0
3/7/2020 4:00,0.0,0.0
3/7/2020 5:00,0.0,0.0
3/7/2020 6:00,0.0,0.0
3/7/2020 7:00,0.0,0.0
3/7/2020 8:00,0.5,0.03
3/7/2020 9:00,1.5,0.09
3/7/2020 10:00,4.5,0.28
3/7/2020 11:00,8.0,0.49
3/7/2020 12:00,10.0,0.61
3/7/2020 13:00,11.5,0.7
3/7/2020 14:00,11.25,0.69
3/7/2020 15:00,10.5,0.64
3/7/2020 16:00,8.5,0.52
3/7/2020 17:00,5.5,0.34
3/7/2020 18:00,1.75,0.11
3/7/2020 19:00,0.0,0.0
3/7/2020 20:00,0.0,0.0
3/7/2020 21:00,0.0,0.0
3/7/2020 22:00,0.0,0.0
3/7/2020 23:00,0.0,0.0
3/8/2020 0:00,0.0,0.0
3/8/2020 1:00,0.0,0.0
3/8/2020 2:00,0.0,0.0
3/8/2020 3:00,0.0,0.0
3/8/2020 4:00,0.0,0.0
3/8/2020 5:00,0.0,0.0
3/8/2020 6:00,0.0,0.0
3/8/2020 7:00,0.0,0.0
3/8/2020 8:00,0.5,0.03
3/8/2020 9:00,1.75,0.11
3/8/2020 10:00,4.25,0.26
3/8/2020 11:00,8.25,0.51
3/8/2020 12:00,10.0,0.61
3/8/2020 13:00,11.25,0.69
3/8/2020 14:00,11.5,0.7
3/8/2020 15:00,10.5,0.64
3/8/2020 16:00,8.75,0.54
3/8/2020 17:00,5.75,0.35
3/8/2020 18:00,1.75,0.11
3/8/2020 19:00,0.0,0.0
3/8/2020 20:00,0.0,0.0
3/8/2020 21:00,0.0,0.0
3/8/2020 22:00,0.0,0.0
3/8/2020 23:00,0.0,0.0
3/9/2020 0:00,0.0,0.0
3/9/2020 1:00,0.0,0.0
3/9/2020 2:00,0.0,0.0
3/9/2020 3:00,0.0,0.0
3/9/2020 4:00,0.0,0.0
3/9/2020 5:00,0.0,0.0
3/9/2020 6:00,0.0,0.0
3/9/2020 7:00,0.0,0.0
3/9/2020 8:00,0.5,0.03
3/9/2020 9:00,1.75,0.11
3/9/2020 10:00,4.75,0.29
3/9/2020 11:00,8.25,0.51
3/9/2020 12:00,10.5,0.64
3/9/2020 13:00,11.5,0.7
3/9/2020 14:00,11.75,0.72
3/9/2020 15:00,10.5,0.64
3/9/2020 16:00,8.5,0.52
3/9/2020 17:00,5.5,0.34
3/9/2020 18:00,2.0,0.12
3/9/2020 19:00,0.0,0.0
3/9/2020 20:00,0.0,0.0
3/9/2020 21:00,0.0,0.0
3/9/2020 22:00,0.0,0.0
3/9/2020 23:00,0.0,0.0
3/10/2020 0:00,0.0,0.0
3/10/2020 1:00,0.0,0.0
3/10/2020 2:00,0.0,0.0
3/10/2020 3:00,0.0,0.0
3/10/2020 4:00,0.0,0.0
3/10/2020 5:00,0.0,0.0
3/10/2020 6:00,0.0,0.0
3/10/2020 7:00,0.0,0.0
3/10/2020 8:00,0.5,0.03
3/10/2020 9:00,1.5,0.09
3/10/2020 10:00,4.75,0.29
3/10/2020 11:00,7.75,0.47
3/10/2020 12:00,9.75,0.6
3/10/2020 13:00,10.75,0.66
3/10/2020 14:00,11.0,0.67
3/10/2020 15:00,10.0,0.61
3/10/2020 16:00,8.25,0.51
3/10/2020 17:00,5.5,0.34
3/10/2020 18:00,1.75,0.11
3/10/2020 19:00,0.0,0.0
3/10/2020 20:00,0.0,0.0
3/10/2020 21:00,0.0,0.0
3/10/2020 22:00,0.0,0.0
3/10/2020 23:00,0.0,0.0
3/11/2020 0:00,0.0,0.0
3/11/2020 1:00,0.0,0.0
3/11/2020 2:00,0.0,0.0
3/11/2020 3:00,0.0,0.0
3/11/2020 4:00,0.0,0.0
3/11/2020 5:00,0.0,0.0
3/11/2020 6:00,0.0,0.0
3/11/2020 7:00,0.25,0.02
3/11/2020 8:00,0.25,0.02
3/11/2020 9:00,1.75,0.11
3/11/2020 10:00,3.5,0.21
3/11/2020 11:00,6.25,0.38
3/11/2020 12:00,8.5,0.52
3/11/2020 13:00,7.0,0.43
3/11/2020 14:00,5.0,0.31
3/11/2020 15:00,4.5,0.28
3/11/2020 16:00,7.25,0.44
3/11/2020 17:00,3.5,0.21
3/11/2020 18:00,1.25,0.08
3/11/2020 19:00,0.0,0.0
3/11/2020 20:00,0.0,0.0
3/11/2020 21:00,0.0,0.0
3/11/2020 22:00,0.0,0.0
3/11/2020 23:00,0.0,0.0
3/12/2020 0:00,0.0,0.0
3/12/2020 1:00,0.0,0.0
3/12/2020 2:00,0.0,0.0
3/12/2020 3:00,0.0,0.0
3/12/2020 4:00,0.0,0.0
3/12/2020 5:00,0.0,0.0
3/12/2020 6:00,0.0,0.0
3/12/2020 7:00,0.0,0.0
3/12/2020 8:00,0.5,0.03
3/12/2020 9:00,1.5,0.09
3/12/2020 10:00,3.5,0.21
3/12/2020 11:00,5.75,0.35
3/12/2020 12:00,7.25,0.44
3/12/2020 13:00,11.0,0.67
3/12/2020 14:00,11.25,0.69
3/12/2020 15:00,9.0,0.55
3/12/2020 16:00,7.75,0.47
3/12/2020 17:00,5.25,0.32
3/12/2020 18:00,2.0,0.12
3/12/2020 19:00,0.0,0.0
3/12/2020 20:00,0.0,0.0
3/12/2020 21:00,0.0,0.0
3/12/2020 22:00,0.0,0.0
3/12/2020 23:00,0.0,0.0
3/13/2020 0:00,0.0,0.0
3/13/2020 1:00,0.0,0.0
3/13/2020 2:00,0.0,0.0
3/13/2020 3:00,0.0,0.0
3/13/2020 4:00,0.0,0.0
3/13/2020 5:00,0.0,0.0
3/13/2020 6:00,0.0,0.0
3/13/2020 7:00,0.0,0.0
3/13/2020 8:00,0.75,0.05
3/13/2020 9:00,2.0,0.12
3/13/2020 10:00,4.0,0.25
3/13/2020 11:00,6.25,0.38
3/13/2020 12:00,7.5,0.46
3/13/2020 13:00,8.5,0.52
3/13/2020 14:00,8.75,0.54
3/13/2020 15:00,8.0,0.49
3/13/2020 16:00,8.25,0.51
3/13/2020 17:00,5.75,0.35
3/13/2020 18:00,2.0,0.12
3/13/2020 19:00,0.0,0.0
3/13/2020 20:00,0.0,0.0
3/13/2020 21:00,0.0,0.0
3/13/2020 22:00,0.0,0.0
3/13/2020 23:00,0.0,0.0
3/14/2020 0:00,0.0,0.0
3/14/2020 1:00,0.0,0.0
3/14/2020 2:00,0.0,0.0
3/14/2020 3:00,0.0,0.0
3/14/2020 4:00,0.0,0.0
3/14/2020 5:00,0.0,0.0
3/14/2020 6:00,0.0,0.0
3/14/2020 7:00,0.0,0.0
3/14/2020 8:00,0.75,0.05
3/14/2020 9:00,2.25,0.14
3/14/2020 10:00,5.25,0.32
3/14/2020 11:00,7.25,0.44
3/14/2020 12:00,9.75,0.6
3/14/2020 13:00,11.0,0.67
3/14/2020 14:00,10.0,0.61
3/14/2020 15:00,6.5,0.4
3/14/2020 16:00,7.75,0.47
3/14/2020 17:00,5.5,0.34
3/14/2020 18:00,2.0,0.12
3/14/2020 19:00,0.0,0.0
3/14/2020 20:00,0.0,0.0
3/14/2020 21:00,0.0,0.0
3/14/2020 22:00,0.0,0.0
3/14/2020 23:00,0.0,0.0
3/15/2020 0:00,0.0,0.0
3/15/2020 1:00,0.0,0.0
3/15/2020 2:00,0.0,0.0
3/15/2020 3:00,0.0,0.0
3/15/2020 4:00,0.0,0.0
3/15/2020 5:00,0.0,0.0
3/15/2020 6:00,0.0,0.0
3/15/2020 7:00,0.0,0.0
3/15/2020 8:00,1.0,0.06
3/15/2020 9:00,2.0,0.12
3/15/2020 10:00,5.25,0.32
3/15/2020 11:00,8.25,0.51
3/15/2020 12:00,9.25,0.57
3/15/2020 13:00,11.0,0.67
3/15/2020 14:00,11.75,0.72
3/15/2020 15:00,10.5,0.64
3/15/2020 16:00,8.5,0.52
3/15/2020 17:00,4.5,0.28
3/15/2020 18:00,1.75,0.11
3/15/2020 19:00,0.25,0.02
3/15/2020 20:00,0.0,0.0
3/15/2020 21:00,0.0,0.0
3/15/2020 22:00,0.0,0.0
3/15/2020 23:00,0.0,0.0
3/16/2020 0:00,0.0,0.0
3/16/2020 1:00,0.0,0.0
3/16/2020 2:00,0.0,0.0
3/16/2020 3:00,0.0,0.0
3/16/2020 4:00,0.0,0.0
3/16/2020 5:00,0.0,0.0
3/16/2020 6:00,0.0,0.0
3/16/2020 7:00,0.0,0.0
3/16/2020 8:00,0.5,0.03
3/16/2020 9:00,2.5,0.15
3/16/2020 10:00,6.25,0.38
3/16/2020 11:00,9.25,0.57
3/16/2020 12:00,11.0,0.67
3/16/2020 13:00,12.5,0.77
3/16/2020 14:00,12.0,0.74
3/16/2020 15:00,11.25,0.69
3/16/2020 16:00,8.25,0.51
3/16/2020 17:00,6.25,0.38
3/16/2020 18:00,2.0,0.12
3/16/2020 19:00,0.25,0.02
3/16/2020 20:00,0.0,0.0
3/16/2020 21:00,0.0,0.0
3/16/2020 22:00,0.0,0.0
3/16/2020 23:00,0.0,0.0
3/17/2020 0:00,0.0,0.0
3/17/2020 1:00,0.0,0.0
3/17/2020 2:00,0.0,0.0
3/17/2020 3:00,0.0,0.0
3/17/2020 4:00,0.0,0.0
3/17/2020 5:00,0.0,0.0
3/17/2020 6:00,0.0,0.0
3/17/2020 7:00,0.0,0.0
3/17/2020 8:00,1.0,0.06
3/17/2020 9:00,2.5,0.15
3/17/2020 10:00,3.0,0.18
3/17/2020 11:00,2.25,0.14
3/17/2020 12:00,1.25,0.08
3/17/2020 13:00,3.0,0.18
3/17/2020 14:00,1.75,0.11
3/17/2020 15:00,1.0,0.06
3/17/2020 16:00,0.75,0.05
3/17/2020 17:00,2.0,0.12
3/17/2020 18:00,1.0,0.06
3/17/2020 19:00,0.0,0.0
3/17/2020 20:00,0.0,0.0
3/17/2020 21:00,0.0,0.0
3/17/2020 22:00,0.0,0.0
3/17/2020 23:00,0.0,0.0
3/18/2020 0:00,0.0,0.0
3/18/2020 1:00,0.0,0.0
3/18/2020 2:00,0.0,0.0
3/18/2020 3:00,0.0,0.0
3/18/2020 4:00,0.0,0.0
3/18/2020 5:00,0.0,0.0
3/18/2020 6:00,0.0,0.0
3/18/2020 7:00,0.0,0.0
3/18/2020 8:00,0.5,0.03
3/18/2020 9:00,1.5,0.09
3/18/2020 10:00,2.75,0.17
3/18/2020 11:00,5.5,0.34
3/18/2020 12:00,7.25,0.44
3/18/2020 13:00,10.5,0.64
3/18/2020 14:00,10.25,0.63
3/18/2020 15:00,9.25,0.57
3/18/2020 16:00,7.5,0.46
3/18/2020 17:00,4.5,0.28
3/18/2020 18:00,1.75,0.11
3/18/2020 19:00,0.25,0.02
3/18/2020 20:00,0.0,0.0
3/18/2020 21:00,0.0,0.0
3/18/2020 22:00,0.0,0.0
3/18/2020 23:00,0.0,0.0
3/19/2020 0:00,0.0,0.0
3/19/2020 1:00,0.0,0.0
3/19/2020 2:00,0.0,0.0
3/19/2020 3:00,0.0,0.0
3/19/2020 4:00,0.0,0.0
3/19/2020 5:00,0.0,0.0
3/19/2020 6:00,0.0,0.0
3/19/2020 7:00,0.0,0.0
3/19/2020 8:00,0.5,0.03
3/19/2020 9:00,1.75,0.11
3/19/2020 10:00,3.0,0.18
3/19/2020 11:00,2.25,0.14
3/19/2020 12:00,6.5,0.4
3/19/2020 13:00,9.0,0.55
3/19/2020 14:00,5.75,0.35
3/19/2020 15:00,5.5,0.34
3/19/2020 16:00,5.5,0.34
3/19/2020 17:00,4.25,0.26
3/19/2020 18:00,1.75,0.11
3/19/2020 19:00,0.0,0.0
3/19/2020 20:00,0.0,0.0
3/19/2020 21:00,0.0,0.0
3/19/2020 22:00,0.0,0.0
3/19/2020 23:00,0.0,0.0
3/20/2020 0:00,0.0,0.0
3/20/2020 1:00,0.0,0.0
3/20/2020 2:00,0.0,0.0
3/20/2020 3:00,0.0,0.0
3/20/2020 4:00,0.0,0.0
3/20/2020 5:00,0.0,0.0
3/20/2020 6:00,0.0,0.0
3/20/2020 7:00,0.0,0.0
3/20/2020 8:00,0.25,0.02
3/20/2020 9:00,1.0,0.06
3/20/2020 10:00,0.5,0.03
3/20/2020 11:00,0.5,0.03
3/20/2020 12:00,1.0,0.06
3/20/2020 13:00,0.75,0.05
3/20/2020 14:00,0.75,0.05
3/20/2020 15:00,0.5,0.03
3/20/2020 16:00,0.0,0.0
3/20/2020 17:00,0.25,0.02
3/20/2020 18:00,0.25,0.02
3/20/2020 19:00,0.0,0.0
3/20/2020 20:00,0.0,0.0
3/20/2020 21:00,0.0,0.0
3/20/2020 22:00,0.0,0.0
3/20/2020 23:00,0.0,0.0
3/21/2020 0:00,0.0,0.0
3/21/2020 1:00,0.0,0.0
3/21/2020 2:00,0.0,0.0
3/21/2020 3:00,0.0,0.0
3/21/2020 4:00,0.0,0.0
3/21/2020 5:00,0.0,0.0
3/21/2020 6:00,0.0,0.0
3/21/2020 7:00,0.0,0.0
3/21/2020 8:00,0.5,0.03
3/21/2020 9:00,2.0,0.12
3/21/2020 10:00,5.5,0.34
3/21/2020 11:00,5.0,0.31
3/21/2020 12:00,7.25,0.44
3/21/2020 13:00,8.25,0.51
3/21/2020 14:00,11.75,0.72
3/21/2020 15:00,9.75,0.6
3/21/2020 16:00,4.0,0.25
3/21/2020 17:00,4.75,0.29
3/21/2020 18:00,1.5,0.09
3/21/2020 19:00,0.25,0.02
3/21/2020 20:00,0.0,0.0
3/21/2020 21:00,0.0,0.0
3/21/2020 22:00,0.0,0.0
3/21/2020 23:00,0.0,0.0
3/22/2020 0:00,0.0,0.0
3/22/2020 1:00,0.0,0.0
3/22/2020 2:00,0.0,0.0
3/22/2020 3:00,0.0,0.0
3/22/2020 4:00,0.0,0.0
3/22/2020 5:00,0.0,0.0
3/22/2020 6:00,0.0,0.0
3/22/2020 7:00,0.25,0.02
3/22/2020 8:00,0.75,0.05
3/22/2020 9:00,3.0,0.18
3/22/2020 10:00,6.0,0.37
3/22/2020 11:00,5.75,0.35
3/22/2020 12:00,6.0,0.37
3/22/2020 13:00,5.75,0.35
3/22/2020 14:00,7.75,0.47
3/22/2020 15:00,10.0,0.61
3/22/2020 16:00,8.75,0.54
3/22/2020 17:00,6.0,0.37
3/22/2020 18:00,2.0,0.12
3/22/2020 19:00,0.25,0.02
3/22/2020 20:00,0.0,0.0
3/22/2020 21:00,0.0,0.0
3/22/2020 22:00,0.0,0.0
3/22/2020 23:00,0.0,0.0
3/23/2020 0:00,0.0,0.0
3/23/2020 1:00,0.0,0.0
3/23/2020 2:00,0.0,0.0
3/23/2020 3:00,0.0,0.0
3/23/2020 4:00,0.0,0.0
3/23/2020 5:00,0.0,0.0
3/23/2020 6:00,0.0,0.0
3/23/2020 7:00,0.0,0.0
3/23/2020 8:00,1.0,0.06
3/23/2020 9:00,3.0,0.18
3/23/2020 10:00,5.75,0.35
3/23/2020 11:00,7.5,0.46
3/23/2020 12:00,11.0,0.67
3/23/2020 13:00,11.0,0.67
3/23/2020 14:00,5.75,0.35
3/23/2020 15:00,11.25,0.69
3/23/2020 16:00,9.0,0.55
3/23/2020 17:00,3.0,0.18
3/23/2020 18:00,3.0,0.18
3/23/2020 19:00,0.0,0.0
3/23/2020 20:00,0.0,0.0
3/23/2020 21:00,0.0,0.0
3/23/2020 22:00,0.0,0.0
3/23/2020 23:00,0.0,0.0
3/24/2020 0:00,0.0,0.0
3/24/2020 1:00,0.0,0.0
3/24/2020 2:00,0.0,0.0
3/24/2020 3:00,0.0,0.0
3/24/2020 4:00,0.0,0.0
3/24/2020 5:00,0.0,0.0
3/24/2020 6:00,0.0,0.0
3/24/2020 7:00,0.0,0.0
3/24/2020 8:00,0.75,0.05
3/24/2020 9:00,2.5,0.15
3/24/2020 10:00,5.75,0.35
3/24/2020 11:00,5.0,0.31
3/24/2020 12:00,5.5,0.34
3/24/2020 13:00,8.5,0.52
3/24/2020 14:00,11.5,0.7
3/24/2020 15:00,11.25,0.69
3/24/2020 16:00,7.75,0.47
3/24/2020 17:00,3.75,0.23
3/24/2020 18:00,1.0,0.06
3/24/2020 19:00,0.25,0.02
3/24/2020 20:00,0.0,0.0
3/24/2020 21:00,0.0,0.0
3/24/2020 22:00,0.0,0.0
3/24/2020 23:00,0.0,0.0
3/25/2020 0:00,0.0,0.0
3/25/2020 1:00,0.0,0.0
3/25/2020 2:00,0.0,0.0
3/25/2020 3:00,0.0,0.0
3/25/2020 4:00,0.0,0.0
3/25/2020 5:00,0.0,0.0
3/25/2020 6:00,0.0,0.0
3/25/2020 7:00,0.0,0.0
3/25/2020 8:00,0.5,0.03
3/25/2020 9:00,2.75,0.17
3/25/2020 10:00,2.75,0.17
3/25/2020 11:00,5.0,0.31
3/25/2020 12:00,6.75,0.41
3/25/2020 13:00,8.25,0.51
3/25/2020 14:00,8.75,0.54
3/25/2020 15:00,4.5,0.28
3/25/2020 16:00,2.0,0.12
3/25/2020 17:00,1.75,0.11
3/25/2020 18:00,0.75,0.05
3/25/2020 19:00,0.25,0.02
3/25/2020 20:00,0.0,0.0
3/25/2020 21:00,0.0,0.0
3/25/2020 22:00,0.0,0.0
3/25/2020 23:00,0.0,0.0
3/26/2020 0:00,0.0,0.0
3/26/2020 1:00,0.0,0.0
3/26/2020 2:00,0.0,0.0
3/26/2020 3:00,0.0,0.0
3/26/2020 4:00,0.0,0.0
3/26/2020 5:00,0.0,0.0
3/26/2020 6:00,0.0,0.0
3/26/2020 7:00,0.0,0.0
3/26/2020 8:00,1.0,0.06
3/26/2020 9:00,3.25,0.2
3/26/2020 10:00,6.75,0.41
3/26/2020 11:00,9.25,0.57
3/26/2020 12:00,11.0,0.67
3/26/2020 13:00,11.5,0.7
3/26/2020 14:00,11.25,0.69
3/26/2020 15:00,8.25,0.51
3/26/2020 16:00,4.0,0.25
3/26/2020 17:00,6.0,0.37
3/26/2020 18:00,2.5,0.15
3/26/2020 19:00,0.25,0.02
3/26/2020 20:00,0.0,0.0
3/26/2020 21:00,0.0,0.0
3/26/2020 22:00,0.0,0.0
3/26/2020 23:00,0.0,0.0
3/27/2020 0:00,0.0,0.0
3/27/2020 1:00,0.0,0.0
3/27/2020 2:00,0.0,0.0
3/27/2020 3:00,0.0,0.0
3/27/2020 4:00,0.0,0.0
3/27/2020 5:00,0.0,0.0
3/27/2020 6:00,0.0,0.0
3/27/2020 7:00,0.0,0.0
3/27/2020 8:00,1.25,0.08
3/27/2020 9:00,3.5,0.21
3/27/2020 10:00,6.0,0.37
3/27/2020 11:00,9.75,0.6
3/27/2020 12:00,11.25,0.69
3/27/2020 13:00,12.5,0.77
3/27/2020 14:00,12.25,0.75
3/27/2020 15:00,11.5,0.7
3/27/2020 16:00,9.25,0.57
3/27/2020 17:00,6.25,0.38
3/27/2020 18:00,2.75,0.17
3/27/2020 19:00,0.25,0.02
3/27/2020 20:00,0.0,0.0
3/27/2020 21:00,0.0,0.0
3/27/2020 22:00,0.0,0.0
3/27/2020 23:00,0.0,0.0
3/28/2020 0:00,0.0,0.0
3/28/2020 1:00,0.0,0.0
3/28/2020 2:00,0.0,0.0
3/28/2020 3:00,0.0,0.0
3/28/2020 4:00,0.0,0.0
3/28/2020 5:00,0.0,0.0
3/28/2020 6:00,0.0,0.0
3/28/2020 7:00,0.25,0.02
3/28/2020 8:00,1.0,0.06
3/28/2020 9:00,2.25,0.14
3/28/2020 10:00,4.0,0.25
3/28/2020 11:00,7.5,0.46
3/28/2020 12:00,10.75,0.66
3/28/2020 13:00,12.25,0.75
3/28/2020 14:00,12.0,0.74
3/28/2020 15:00,10.25,0.63
3/28/2020 16:00,9.0,0.55
3/28/2020 17:00,6.25,0.38
3/28/2020 18:00,2.5,0.15
3/28/2020 19:00,0.25,0.02
3/28/2020 20:00,0.0,0.0
3/28/2020 21:00,0.0,0.0
3/28/2020 22:00,0.0,0.0
3/28/2020 23:00,0.0,0.0
3/29/2020 0:00,0.0,0.0
3/29/2020 2:00,0.0,0.0
3/29/2020 3:00,0.0,0.0
3/29/2020 4:00,0.0,0.0
3/29/2020 5:00,0.0,0.0
3/29/2020 6:00,0.0,0.0
3/29/2020 7:00,0.0,0.0
3/29/2020 8:00,0.0,0.0
3/29/2020 9:00,0.0,0.0
3/29/2020 10:00,1.25,0.08
3/29/2020 11:00,3.0,0.18
3/29/2020 12:00,6.75,0.41
3/29/2020 13:00,9.25,0.57
3/29/2020 14:00,10.25,0.63
3/29/2020 15:00,11.5,0.7
3/29/2020 16:00,10.0,0.61
3/29/2020 17:00,9.5,0.58
3/29/2020 18:00,7.75,0.47
3/29/2020 19:00,2.75,0.17
3/29/2020 20:00,2.5,0.15
3/29/2020 21:00,0.5,0.03
3/29/2020 22:00,0.0,0.0
3/29/2020 23:00,0.0,0.0
3/30/2020 0:00,0.0,0.0
3/30/2020 1:00,0.0,0.0
3/30/2020 2:00,0.0,0.0
3/30/2020 3:00,0.0,0.0
3/30/2020 4:00,0.0,0.0
3/30/2020 5:00,0.0,0.0
3/30/2020 6:00,0.0,0.0
3/30/2020 7:00,0.0,0.0
3/30/2020 8:00,0.0,0.0
3/30/2020 9:00,1.0,0.06
3/30/2020 10:00,2.75,0.17
3/30/2020 11:00,5.0,0.31
3/30/2020 12:00,4.5,0.28
3/30/2020 13:00,0.5,0.03
3/30/2020 14:00,1.0,0.06
3/30/2020 15:00,2.75,0.17
3/30/2020 16:00,3.25,0.2
3/30/2020 17:00,1.5,0.09
3/30/2020 18:00,2.5,0.15
3/30/2020 19:00,1.75,0.11
3/30/2020 20:00,0.0,0.0
3/30/2020 21:00,0.0,0.0
3/30/2020 22:00,0.0,0.0
3/30/2020 23:00,0.0,0.0
3/31/2020 0:00,0.0,0.0
3/31/2020 1:00,0.0,0.0
3/31/2020 2:00,0.0,0.0
3/31/2020 3:00,0.0,0.0
3/31/2020 4:00,0.0,0.0
3/31/2020 5:00,0.0,0.0
3/31/2020 6:00,0.0,0.0
3/31/2020 7:00,0.0,0.0
3/31/2020 8:00,0.25,0.02
3/31/2020 9:00,1.25,0.08
3/31/2020 10:00,3.5,0.21
3/31/2020 11:00,6.75,0.41
3/31/2020 12:00,9.0,0.55
3/31/2020 13:00,10.5,0.64
3/31/2020 14:00,9.0,0.55
3/31/2020 15:00,6.5,0.4
3/31/2020 16:00,7.5,0.46
3/31/2020 17:00,8.75,0.54
3/31/2020 18:00,5.25,0.32
3/31/2020 19:00,2.5,0.15
3/31/2020 20:00,0.25,0.02
3/31/2020 21:00,0.0,0.0
3/31/2020 22:00,0.0,0.0
3/31/2020 23:00,0.0,0.0
4/1/2020 0:00,0.0,0.0
4/1/2020 1:00,0.0,0.0
4/1/2020 2:00,0.0,0.0
4/1/2020 3:00,0.0,0.0
4/1/2020 4:00,0.0,0.0
4/1/2020 5:00,0.0,0.0
4/1/2020 6:00,0.0,0.0
4/1/2020 7:00,0.0,0.0
4/1/2020 8:00,0.25,0.02
4/1/2020 9:00,1.0,0.06
4/1/2020 10:00,2.25,0.14
4/1/2020 11:00,5.5,0.34
4/1/2020 12:00,7.0,0.43
4/1/2020 13:00,9.75,0.6
4/1/2020 14:00,7.5,0.46
4/1/2020 15:00,9.5,0.58
4/1/2020 16:00,8.5,0.52
4/1/2020 17:00,8.75,0.54
4/1/2020 18:00,3.5,0.21
4/1/2020 19:00,2.0,0.12
4/1/2020 20:00,0.25,0.02
4/1/2020 21:00,0.0,0.0
4/1/2020 22:00,0.0,0.0
4/1/2020 23:00,0.0,0.0
4/2/2020 0:00,0.0,0.0
4/2/2020 1:00,0.0,0.0
4/2/2020 2:00,0.0,0.0
4/2/2020 3:00,0.0,0.0
4/2/2020 4:00,0.0,0.0
4/2/2020 5:00,0.0,0.0
4/2/2020 6:00,0.0,0.0
4/2/2020 7:00,0.0,0.0
4/2/2020 8:00,0.0,0.0
4/2/2020 9:00,1.25,0.08
4/2/2020 10:00,4.0,0.25
4/2/2020 11:00,7.5,0.46
4/2/2020 12:00,9.25,0.57
4/2/2020 13:00,10.5,0.64
4/2/2020 14:00,11.25,0.69
4/2/2020 15:00,9.75,0.6
4/2/2020 16:00,7.25,0.44
4/2/2020 17:00,6.75,0.41
4/2/2020 18:00,5.25,0.32
4/2/2020 19:00,3.25,0.2
4/2/2020 20:00,0.5,0.03
4/2/2020 21:00,0.0,0.0
4/2/2020 22:00,0.0,0.0
4/2/2020 23:00,0.0,0.0
4/3/2020 0:00,0.0,0.0
4/3/2020 1:00,0.0,0.0
4/3/2020 2:00,0.0,0.0
4/3/2020 3:00,0.0,0.0
4/3/2020 4:00,0.0,0.0
4/3/2020 5:00,0.0,0.0
4/3/2020 6:00,0.0,0.0
4/3/2020 7:00,0.0,0.0
4/3/2020 8:00,0.0,0.0
4/3/2020 9:00,1.25,0.08
4/3/2020 10:00,4.0,0.25
4/3/2020 11:00,7.0,0.43
4/3/2020 12:00,9.75,0.6
4/3/2020 13:00,11.25,0.69
4/3/2020 14:00,12.25,0.75
4/3/2020 15:00,12.5,0.77
4/3/2020 16:00,11.25,0.69
4/3/2020 17:00,9.5,0.58
4/3/2020 18:00,6.5,0.4
4/3/2020 19:00,2.75,0.17
4/3/2020 20:00,0.5,0.03
4/3/2020 21:00,0.0,0.0
4/3/2020 22:00,0.0,0.0
4/3/2020 23:00,0.0,0.0
4/4/2020 0:00,0.0,0.0
4/4/2020 1:00,0.0,0.0
4/4/2020 2:00,0.0,0.0
4/4/2020 3:00,0.0,0.0
4/4/2020 4:00,0.0,0.0
4/4/2020 5:00,0.0,0.0
4/4/2020 6:00,0.0,0.0
4/4/2020 7:00,0.0,0.0
4/4/2020 8:00,0.25,0.02
4/4/2020 9:00,1.0,0.06
4/4/2020 10:00,0.75,0.05
4/4/2020 11:00,1.75,0.11
4/4/2020 12:00,3.75,0.23
4/4/2020 13:00,4.5,0.28
4/4/2020 14:00,4.75,0.29
4/4/2020 15:00,7.5,0.46
4/4/2020 16:00,6.0,0.37
4/4/2020 17:00,4.25,0.26
4/4/2020 18:00,2.75,0.17
4/4/2020 19:00,1.25,0.08
4/4/2020 20:00,0.25,0.02
4/4/2020 21:00,0.0,0.0
4/4/2020 22:00,0.0,0.0
4/4/2020 23:00,0.0,0.0
4/5/2020 0:00,0.0,0.0
4/5/2020 1:00,0.0,0.0
4/5/2020 2:00,0.0,0.0
4/5/2020 3:00,0.0,0.0
4/5/2020 4:00,0.0,0.0
4/5/2020 5:00,0.0,0.0
4/5/2020 6:00,0.0,0.0
4/5/2020 7:00,0.0,0.0
4/5/2020 8:00,0.0,0.0
4/5/2020 9:00,1.0,0.06
4/5/2020 10:00,2.0,0.12
4/5/2020 11:00,1.75,0.11
4/5/2020 12:00,2.5,0.15
4/5/2020 13:00,3.75,0.23
4/5/2020 14:00,3.0,0.18
4/5/2020 15:00,3.25,0.2
4/5/2020 16:00,3.0,0.18
4/5/2020 17:00,2.25,0.14
4/5/2020 18:00,2.0,0.12
4/5/2020 19:00,1.0,0.06
4/5/2020 20:00,0.25,0.02
4/5/2020 21:00,0.0,0.0
4/5/2020 22:00,0.0,0.0
4/5/2020 23:00,0.0,0.0
4/6/2020 0:00,0.0,0.0
4/6/2020 1:00,0.0,0.0
4/6/2020 2:00,0.0,0.0
4/6/2020 3:00,0.0,0.0
4/6/2020 4:00,0.0,0.0
4/6/2020 5:00,0.0,0.0
4/6/2020 6:00,0.0,0.0
4/6/2020 7:00,0.0,0.0
4/6/2020 8:00,0.25,0.02
4/6/2020 9:00,1.5,0.09
4/6/2020 10:00,2.25,0.14
4/6/2020 11:00,3.5,0.21
4/6/2020 12:00,6.75,0.41
4/6/2020 13:00,8.5,0.52
4/6/2020 14:00,11.0,0.67
4/6/2020 15:00,12.25,0.75
4/6/2020 16:00,11.75,0.72
4/6/2020 17:00,9.75,0.6
4/6/2020 18:00,6.5,0.4
4/6/2020 19:00,2.5,0.15
4/6/2020 20:00,0.25,0.02
4/6/2020 21:00,0.0,0.0
4/6/2020 22:00,0.0,0.0
4/6/2020 23:00,0.0,0.0
4/7/2020 0:00,0.0,0.0
4/7/2020 1:00,0.0,0.0
4/7/2020 2:00,0.0,0.0
4/7/2020 3:00,0.0,0.0
4/7/2020 4:00,0.0,0.0
4/7/2020 5:00,0.0,0.0
4/7/2020 6:00,0.0,0.0
4/7/2020 7:00,0.0,0.0
4/7/2020 8:00,0.0,0.0
4/7/2020 9:00,0.25,0.02
4/7/2020 10:00,1.0,0.06
4/7/2020 11:00,1.25,0.08
4/7/2020 12:00,0.75,0.05
4/7/2020 13:00,1.25,0.08
4/7/2020 14:00,2.0,0.12
4/7/2020 15:00,3.75,0.23
4/7/2020 16:00,7.0,0.43
4/7/2020 17:00,4.75,0.29
4/7/2020 18:00,2.25,0.14
4/7/2020 19:00,2.5,0.15
4/7/2020 20:00,0.25,0.02
4/7/2020 21:00,0.0,0.0
4/7/2020 22:00,0.0,0.0
4/7/2020 23:00,0.0,0.0
4/8/2020 0:00,0.0,0.0
4/8/2020 1:00,0.0,0.0
4/8/2020 2:00,0.0,0.0
4/8/2020 3:00,0.0,0.0
4/8/2020 4:00,0.0,0.0
4/8/2020 5:00,0.0,0.0
4/8/2020 6:00,0.0,0.0
4/8/2020 7:00,0.0,0.0
4/8/2020 8:00,0.5,0.03
4/8/2020 9:00,1.5,0.09
4/8/2020 10:00,2.75,0.17
4/8/2020 11:00,3.0,0.18
4/8/2020 12:00,5.75,0.35
4/8/2020 13:00,5.5,0.34
4/8/2020 14:00,9.25,0.57
4/8/2020 15:00,6.75,0.41
4/8/2020 16:00,3.5,0.21
4/8/2020 17:00,4.5,0.28
4/8/2020 18:00,4.25,0.26
4/8/2020 19:00,2.25,0.14
4/8/2020 20:00,0.5,0.03
4/8/2020 21:00,0.0,0.0
4/8/2020 22:00,0.0,0.0
4/8/2020 23:00,0.0,0.0
4/9/2020 0:00,0.0,0.0
4/9/2020 1:00,0.0,0.0
4/9/2020 2:00,0.0,0.0
4/9/2020 3:00,0.0,0.0
4/9/2020 4:00,0.0,0.0
4/9/2020 5:00,0.0,0.0
4/9/2020 6:00,0.0,0.0
4/9/2020 7:00,0.0,0.0
4/9/2020 8:00,0.0,0.0
4/9/2020 9:00,1.0,0.06
4/9/2020 10:00,1.0,0.06
4/9/2020 11:00,2.75,0.17
4/9/2020 12:00,3.5,0.21
4/9/2020 13:00,5.0,0.31
4/9/2020 14:00,7.5,0.46
4/9/2020 15:00,10.5,0.64
4/9/2020 16:00,9.5,0.58
4/9/2020 17:00,7.75,0.47
4/9/2020 18:00,2.75,0.17
4/9/2020 19:00,1.25,0.08
4/9/2020 20:00,0.25,0.02
4/9/2020 21:00,0.0,0.0
4/9/2020 22:00,0.0,0.0
4/9/2020 23:00,0.0,0.0
4/10/2020 0:00,0.0,0.0
4/10/2020 1:00,0.0,0.0
4/10/2020 2:00,0.0,0.0
4/10/2020 3:00,0.0,0.0
4/10/2020 4:00,0.0,0.0
4/10/2020 5:00,0.0,0.0
4/10/2020 6:00,0.0,0.0
4/10/2020 7:00,0.0,0.0
4/10/2020 8:00,0.25,0.02
4/10/2020 9:00,0.75,0.05
4/10/2020 10:00,2.0,0.12
4/10/2020 11:00,2.5,0.15
4/10/2020 12:00,9.0,0.55
4/10/2020 13:00,9.75,0.6
4/10/2020 14:00,12.5,0.77
4/10/2020 15:00,12.25,0.75
4/10/2020 16:00,11.75,0.72
4/10/2020 17:00,9.25,0.57
4/10/2020 18:00,6.0,0.37
4/10/2020 19:00,2.75,0.17
4/10/2020 20:00,0.5,0.03
4/10/2020 21:00,0.0,0.0
4/10/2020 22:00,0.0,0.0
4/10/2020 23:00,0.0,0.0
4/11/2020 0:00,0.0,0.0
4/11/2020 1:00,0.0,0.0
4/11/2020 2:00,0.0,0.0
4/11/2020 3:00,0.0,0.0
4/11/2020 4:00,0.0,0.0
4/11/2020 5:00,0.0,0.0
4/11/2020 6:00,0.0,0.0
4/11/2020 7:00,0.0,0.0
4/11/2020 8:00,0.25,0.02
4/11/2020 9:00,1.75,0.11
4/11/2020 10:00,3.0,0.18
4/11/2020 11:00,5.0,0.31
4/11/2020 12:00,7.25,0.44
4/11/2020 13:00,7.25,0.44
4/11/2020 14:00,8.0,0.49
4/11/2020 15:00,8.0,0.49
4/11/2020 16:00,10.75,0.66
4/11/2020 17:00,7.75,0.47
4/11/2020 18:00,6.5,0.4
4/11/2020 19:00,2.75,0.17
4/11/2020 20:00,0.75,0.05
4/11/2020 21:00,0.0,0.0
4/11/2020 22:00,0.0,0.0
4/11/2020 23:00,0.0,0.0
4/12/2020 0:00,0.0,0.0
4/12/2020 1:00,0.0,0.0
4/12/2020 2:00,0.0,0.0
4/12/2020 3:00,0.0,0.0
4/12/2020 4:00,0.0,0.0
4/12/2020 5:00,0.0,0.0
4/12/2020 6:00,0.0,0.0
4/12/2020 7:00,0.0,0.0
4/12/2020 8:00,0.25,0.02
4/12/2020 9:00,2.0,0.12
4/12/2020 10:00,3.0,0.18
4/12/2020 11:00,4.5,0.28
4/12/2020 12:00,8.75,0.54
4/12/2020 13:00,7.25,0.44
4/12/2020 14:00,8.25,0.51
4/12/2020 15:00,5.75,0.35
4/12/2020 16:00,7.25,0.44
4/12/2020 17:00,5.75,0.35
4/12/2020 18:00,6.25,0.38
4/12/2020 19:00,2.75,0.17
4/12/2020 20:00,0.5,0.03
4/12/2020 21:00,0.0,0.0
4/12/2020 22:00,0.0,0.0
4/12/2020 23:00,0.0,0.0
4/13/2020 0:00,0.0,0.0
4/13/2020 1:00,0.0,0.0
4/13/2020 2:00,0.0,0.0
4/13/2020 3:00,0.0,0.0
4/13/2020 4:00,0.0,0.0
4/13/2020 5:00,0.0,0.0
4/13/2020 6:00,0.0,0.0
4/13/2020 7:00,0.0,0.0
4/13/2020 8:00,0.5,0.03
4/13/2020 9:00,1.25,0.08
4/13/2020 10:00,1.75,0.11
4/13/2020 11:00,4.25,0.26
4/13/2020 12:00,7.5,0.46
4/13/2020 13:00,11.25,0.69
4/13/2020 14:00,12.5,0.77
4/13/2020 15:00,13.0,0.8
4/13/2020 16:00,12.25,0.75
4/13/2020 17:00,8.25,0.51
4/13/2020 18:00,5.5,0.34
4/13/2020 19:00,3.0,0.18
4/13/2020 20:00,0.5,0.03
4/13/2020 21:00,0.0,0.0
4/13/2020 22:00,0.0,0.0
4/13/2020 23:00,0.0,0.0
4/14/2020 0:00,0.0,0.0
4/14/2020 1:00,0.0,0.0
4/14/2020 2:00,0.0,0.0
4/14/2020 3:00,0.0,0.0
4/14/2020 4:00,0.0,0.0
4/14/2020 5:00,0.0,0.0
4/14/2020 6:00,0.0,0.0
4/14/2020 7:00,0.0,0.0
4/14/2020 8:00,0.25,0.02
4/14/2020 9:00,1.5,0.09
4/14/2020 10:00,4.5,0.28
4/14/2020 11:00,4.5,0.28
4/14/2020 12:00,7.0,0.43
4/14/2020 13:00,2.5,0.15
4/14/2020 14:00,5.75,0.35
4/14/2020 15:00,7.75,0.47
4/14/2020 16:00,11.0,0.67
4/14/2020 17:00,8.75,0.54
4/14/2020 18:00,3.5,0.21
4/14/2020 19:00,1.5,0.09
4/14/2020 20:00,0.25,0.02
4/14/2020 21:00,0.0,0.0
4/14/2020 22:00,0.0,0.0
4/14/2020 23:00,0.0,0.0
4/15/2020 0:00,0.0,0.0
4/15/2020 1:00,0.0,0.0
4/15/2020 2:00,0.0,0.0
4/15/2020 3:00,0.0,0.0
4/15/2020 4:00,0.0,0.0
4/15/2020 5:00,0.0,0.0
4/15/2020 6:00,0.0,0.0
4/15/2020 7:00,0.0,0.0
4/15/2020 8:00,0.0,0.0
4/15/2020 9:00,1.75,0.11
4/15/2020 10:00,3.75,0.23
4/15/2020 11:00,5.0,0.31
4/15/2020 12:00,10.5,0.64
4/15/2020 13:00,10.5,0.64
4/15/2020 14:00,11.75,0.72
4/15/2020 15:00,14.0,0.86
4/15/2020 16:00,10.75,0.66
4/15/2020 17:00,6.0,0.37
4/15/2020 18:00,4.25,0.26
4/15/2020 19:00,3.25,0.2
4/15/2020 20:00,0.5,0.03
4/15/2020 21:00,0.0,0.0
4/15/2020 22:00,0.0,0.0
4/15/2020 23:00,0.0,0.0
4/16/2020 0:00,0.0,0.0
4/16/2020 1:00,0.0,0.0
4/16/2020 2:00,0.0,0.0
4/16/2020 3:00,0.0,0.0
4/16/2020 4:00,0.0,0.0
4/16/2020 5:00,0.0,0.0
4/16/2020 6:00,0.0,0.0
4/16/2020 7:00,0.0,0.0
4/16/2020 8:00,0.0,0.0
4/16/2020 9:00,1.25,0.08
4/16/2020 10:00,1.25,0.08
4/16/2020 11:00,2.25,0.14
4/16/2020 12:00,2.75,0.17
4/16/2020 13:00,4.5,0.28
4/16/2020 14:00,10.0,0.61
4/16/2020 15:00,11.0,0.67
4/16/2020 16:00,11.0,0.67
4/16/2020 17:00,6.75,0.41
4/16/2020 18:00,4.0,0.25
4/16/2020 19:00,1.75,0.11
4/16/2020 20:00,0.5,0.03
4/16/2020 21:00,0.0,0.0
4/16/2020 22:00,0.0,0.0
4/16/2020 23:00,0.0,0.0
4/17/2020 0:00,0.0,0.0
4/17/2020 1:00,0.0,0.0
4/17/2020 2:00,0.0,0.0
4/17/2020 3:00,0.0,0.0
4/17/2020 4:00,0.0,0.0
4/17/2020 5:00,0.0,0.0
4/17/2020 6:00,0.0,0.0
4/17/2020 7:00,0.0,0.0
4/17/2020 8:00,0.25,0.02
4/17/2020 9:00,1.0,0.06
4/17/2020 10:00,2.0,0.12
4/17/2020 11:00,3.25,0.2
4/17/2020 12:00,5.25,0.32
4/17/2020 13:00,8.0,0.49
4/17/2020 14:00,9.0,0.55
4/17/2020 15:00,11.25,0.69
4/17/2020 16:00,9.0,0.55
4/17/2020 17:00,8.0,0.49
4/17/2020 18:00,5.75,0.35
4/17/2020 19:00,3.25,0.2
4/17/2020 20:00,0.75,0.05
4/17/2020 21:00,0.0,0.0
4/17/2020 22:00,0.0,0.0
4/17/2020 23:00,0.0,0.0
4/18/2020 0:00,0.0,0.0
4/18/2020 1:00,0.0,0.0
4/18/2020 2:00,0.0,0.0
4/18/2020 3:00,0.0,0.0
4/18/2020 4:00,0.0,0.0
4/18/2020 5:00,0.0,0.0
4/18/2020 6:00,0.0,0.0
4/18/2020 7:00,0.0,0.0
4/18/2020 8:00,0.25,0.02
4/18/2020 9:00,2.0,0.12
4/18/2020 10:00,3.75,0.23
4/18/2020 11:00,4.5,0.28
4/18/2020 12:00,6.25,0.38
4/18/2020 13:00,7.75,0.47
4/18/2020 14:00,12.25,0.75
4/18/2020 15:00,12.0,0.74
4/18/2020 16:00,9.0,0.55
4/18/2020 17:00,9.75,0.6
4/18/2020 18:00,5.5,0.34
4/18/2020 19:00,2.75,0.17
4/18/2020 20:00,0.25,0.02
4/18/2020 21:00,0.0,0.0
4/18/2020 22:00,0.0,0.0
4/18/2020 23:00,0.0,0.0
4/19/2020 0:00,0.0,0.0
4/19/2020 1:00,0.0,0.0
4/19/2020 2:00,0.0,0.0
4/19/2020 3:00,0.0,0.0
4/19/2020 4:00,0.0,0.0
4/19/2020 5:00,0.0,0.0
4/19/2020 6:00,0.0,0.0
4/19/2020 7:00,0.0,0.0
4/19/2020 8:00,0.5,0.03
4/19/2020 9:00,2.0,0.12
4/19/2020 10:00,5.0,0.31
4/19/2020 11:00,8.0,0.49
4/19/2020 12:00,10.5,0.64
4/19/2020 13:00,12.25,0.75
4/19/2020 14:00,11.5,0.7
4/19/2020 15:00,9.0,0.55
4/19/2020 16:00,10.75,0.66
4/19/2020 17:00,9.25,0.57
4/19/2020 18:00,7.25,0.44
4/19/2020 19:00,3.25,0.2
4/19/2020 20:00,0.5,0.03
4/19/2020 21:00,0.0,0.0
4/19/2020 22:00,0.0,0.0
4/19/2020 23:00,0.0,0.0
4/20/2020 0:00,0.0,0.0
4/20/2020 1:00,0.0,0.0
4/20/2020 2:00,0.0,0.0
4/20/2020 3:00,0.0,0.0
4/20/2020 4:00,0.0,0.0
4/20/2020 5:00,0.0,0.0
4/20/2020 6:00,0.0,0.0
4/20/2020 7:00,0.0,0.0
4/20/2020 8:00,0.5,0.03
4/20/2020 9:00,2.0,0.12
4/20/2020 10:00,4.5,0.28
4/20/2020 11:00,5.0,0.31
4/20/2020 12:00,5.0,0.31
4/20/2020 13:00,6.75,0.41
4/20/2020 14:00,7.0,0.43
4/20/2020 15:00,4.25,0.26
4/20/2020 16:00,2.75,0.17
4/20/2020 17:00,3.25,0.2
4/20/2020 18:00,0.75,0.05
4/20/2020 19:00,2.75,0.17
4/20/2020 20:00,0.5,0.03
4/20/2020 21:00,0.0,0.0
4/20/2020 22:00,0.0,0.0
4/20/2020 23:00,0.0,0.0
4/21/2020 0:00,0.0,0.0
4/21/2020 1:00,0.0,0.0
4/21/2020 2:00,0.0,0.0
4/21/2020 3:00,0.0,0.0
4/21/2020 4:00,0.0,0.0
4/21/2020 5:00,0.0,0.0
4/21/2020 6:00,0.0,0.0
4/21/2020 7:00,0.0,0.0
4/21/2020 8:00,0.5,0.03
4/21/2020 9:00,1.75,0.11
4/21/2020 10:00,4.0,0.25
4/21/2020 11:00,6.75,0.41
4/21/2020 12:00,7.0,0.43
4/21/2020 13:00,9.5,0.58
4/21/2020 14:00,10.0,0.61
4/21/2020 15:00,12.25,0.75
4/21/2020 16:00,11.25,0.69
4/21/2020 17:00,9.75,0.6
4/21/2020 18:00,6.5,0.4
4/21/2020 19:00,3.0,0.18
4/21/2020 20:00,0.5,0.03
4/21/2020 21:00,0.0,0.0
4/21/2020 22:00,0.0,0.0
4/21/2020 23:00,0.0,0.0
4/22/2020 0:00,0.0,0.0
4/22/2020 1:00,0.0,0.0
4/22/2020 2:00,0.0,0.0
4/22/2020 3:00,0.0,0.0
4/22/2020 4:00,0.0,0.0
4/22/2020 5:00,0.0,0.0
4/22/2020 6:00,0.0,0.0
4/22/2020 7:00,0.0,0.0
4/22/2020 8:00,0.5,0.03
4/22/2020 9:00,2.25,0.14
4/22/2020 10:00,5.25,0.32
4/22/2020 11:00,8.0,0.49
4/22/2020 12:00,9.75,0.6
4/22/2020 13:00,11.25,0.69
4/22/2020 14:00,12.0,0.74
4/22/2020 15:00,11.75,0.72
4/22/2020 16:00,10.5,0.64
4/22/2020 17:00,10.0,0.61
4/22/2020 18:00,6.0,0.37
4/22/2020 19:00,3.25,0.2
4/22/2020 20:00,0.75,0.05
4/22/2020 21:00,0.0,0.0
4/22/2020 22:00,0.0,0.0
4/22/2020 23:00,0.0,0.0
4/23/2020 0:00,0.0,0.0
4/23/2020 1:00,0.0,0.0
4/23/2020 2:00,0.0,0.0
4/23/2020 3:00,0.0,0.0
4/23/2020 4:00,0.0,0.0
4/23/2020 5:00,0.0,0.0
4/23/2020 6:00,0.0,0.0
4/23/2020 7:00,0.0,0.0
4/23/2020 8:00,0.75,0.05
4/23/2020 9:00,2.75,0.17
4/23/2020 10:00,4.75,0.29
4/23/2020 11:00,7.0,0.43
4/23/2020 12:00,9.5,0.58
4/23/2020 13:00,10.75,0.66
4/23/2020 14:00,12.0,0.74
4/23/2020 15:00,12.0,0.74
4/23/2020 16:00,9.25,0.57
4/23/2020 17:00,7.5,0.46
4/23/2020 18:00,5.5,0.34
4/23/2020 19:00,3.0,0.18
4/23/2020 20:00,0.5,0.03
4/23/2020 21:00,0.0,0.0
4/23/2020 22:00,0.0,0.0
4/23/2020 23:00,0.0,0.0
4/24/2020 0:00,0.0,0.0
4/24/2020 1:00,0.0,0.0
4/24/2020 2:00,0.0,0.0
4/24/2020 3:00,0.0,0.0
4/24/2020 4:00,0.0,0.0
4/24/2020 5:00,0.0,0.0
4/24/2020 6:00,0.0,0.0
4/24/2020 7:00,0.0,0.0
4/24/2020 8:00,0.5,0.03
4/24/2020 9:00,2.5,0.15
4/24/2020 10:00,4.5,0.28
4/24/2020 11:00,6.5,0.4
4/24/2020 12:00,7.25,0.44
4/24/2020 13:00,10.0,0.61
4/24/2020 14:00,10.5,0.64
4/24/2020 15:00,11.25,0.69
4/24/2020 16:00,9.25,0.57
4/24/2020 17:00,8.0,0.49
4/24/2020 18:00,3.5,0.21
4/24/2020 19:00,1.75,0.11
4/24/2020 20:00,0.75,0.05
4/24/2020 21:00,0.0,0.0
4/24/2020 22:00,0.0,0.0
4/24/2020 23:00,0.0,0.0
4/25/2020 0:00,0.0,0.0
4/25/2020 1:00,0.0,0.0
4/25/2020 2:00,0.0,0.0
4/25/2020 3:00,0.0,0.0
4/25/2020 4:00,0.0,0.0
4/25/2020 5:00,0.0,0.0
4/25/2020 6:00,0.0,0.0
4/25/2020 7:00,0.0,0.0
4/25/2020 8:00,0.0,0.0
4/25/2020 9:00,0.0,0.0
4/25/2020 10:00,1.75,0.11
4/25/2020 11:00,4.0,0.25
4/25/2020 12:00,3.25,0.2
4/25/2020 13:00,4.25,0.26
4/25/2020 14:00,4.0,0.25
4/25/2020 15:00,2.5,0.15
4/25/2020 16:00,2.75,0.17
4/25/2020 17:00,1.75,0.11
4/25/2020 18:00,1.25,0.08
4/25/2020 19:00,0.5,0.03
4/25/2020 20:00,0.25,0.02
4/25/2020 21:00,0.0,0.0
4/25/2020 22:00,0.0,0.0
4/25/2020 23:00,0.0,0.0
4/26/2020 0:00,0.0,0.0
4/26/2020 1:00,0.0,0.0
4/26/2020 2:00,0.0,0.0
4/26/2020 3:00,0.0,0.0
4/26/2020 4:00,0.0,0.0
4/26/2020 5:00,0.0,0.0
4/26/2020 6:00,0.0,0.0
4/26/2020 7:00,0.0,0.0
4/26/2020 8:00,0.5,0.03
4/26/2020 9:00,2.5,0.15
4/26/2020 10:00,5.25,0.32
4/26/2020 11:00,8.0,0.49
4/26/2020 12:00,10.25,0.63
4/26/2020 13:00,10.25,0.63
4/26/2020 14:00,7.5,0.46
4/26/2020 15:00,7.75,0.47
4/26/2020 16:00,8.5,0.52
4/26/2020 17:00,9.5,0.58
4/26/2020 18:00,7.0,0.43
4/26/2020 19:00,3.0,0.18
4/26/2020 20:00,0.75,0.05
4/26/2020 21:00,0.0,0.0
4/26/2020 22:00,0.0,0.0
4/26/2020 23:00,0.0,0.0
4/27/2020 0:00,0.0,0.0
4/27/2020 1:00,0.0,0.0
4/27/2020 2:00,0.0,0.0
4/27/2020 3:00,0.0,0.0
4/27/2020 4:00,0.0,0.0
4/27/2020 5:00,0.0,0.0
4/27/2020 6:00,0.0,0.0
4/27/2020 7:00,0.0,0.0
4/27/2020 8:00,0.0,0.0
4/27/2020 9:00,1.5,0.09
4/27/2020 10:00,2.75,0.17
4/27/2020 11:00,5.0,0.31
4/27/2020 12:00,8.75,0.54
4/27/2020 13:00,5.5,0.34
4/27/2020 14:00,5.5,0.34
4/27/2020 15:00,5.75,0.35
4/27/2020 16:00,2.75,0.17
4/27/2020 17:00,5.75,0.35
4/27/2020 18:00,7.25,0.44
4/27/2020 19:00,3.25,0.2
4/27/2020 20:00,0.5,0.03
4/27/2020 21:00,0.0,0.0
4/27/2020 22:00,0.0,0.0
4/27/2020 23:00,0.0,0.0
4/28/2020 0:00,0.0,0.0
4/28/2020 1:00,0.0,0.0
4/28/2020 2:00,0.0,0.0
4/28/2020 3:00,0.0,0.0
4/28/2020 4:00,0.0,0.0
4/28/2020 5:00,0.0,0.0
4/28/2020 6:00,0.0,0.0
4/28/2020 7:00,0.0,0.0
4/28/2020 8:00,0.5,0.03
4/28/2020 9:00,2.75,0.17
4/28/2020 10:00,4.75,0.29
4/28/2020 11:00,8.25,0.51
4/28/2020 12:00,9.75,0.6
4/28/2020 13:00,11.25,0.69
4/28/2020 14:00,12.75,0.78
4/28/2020 15:00,13.25,0.81
4/28/2020 16:00,12.0,0.74
4/28/2020 17:00,10.0,0.61
4/28/2020 18:00,7.25,0.44
4/28/2020 19:00,3.0,0.18
4/28/2020 20:00,0.75,0.05
4/28/2020 21:00,0.0,0.0
4/28/2020 22:00,0.0,0.0
4/28/2020 23:00,0.0,0.0
4/29/2020 0:00,0.0,0.0
4/29/2020 1:00,0.0,0.0
4/29/2020 2:00,0.0,0.0
4/29/2020 3:00,0.0,0.0
4/29/2020 4:00,0.0,0.0
4/29/2020 5:00,0.0,0.0
4/29/2020 6:00,0.0,0.0
4/29/2020 7:00,0.0,0.0
4/29/2020 8:00,0.5,0.03
4/29/2020 9:00,2.5,0.15
4/29/2020 10:00,5.75,0.35
4/29/2020 11:00,8.5,0.52
4/29/2020 12:00,10.5,0.64
4/29/2020 13:00,12.0,0.74
4/29/2020 14:00,13.5,0.83
4/29/2020 15:00,13.5,0.83
4/29/2020 16:00,10.0,0.61
4/29/2020 17:00,10.0,0.61
4/29/2020 18:00,7.25,0.44
4/29/2020 19:00,3.25,0.2
4/29/2020 20:00,0.75,0.05
4/29/2020 21:00,0.0,0.0
4/29/2020 22:00,0.0,0.0
4/29/2020 23:00,0.0,0.0
4/30/2020 0:00,0.0,0.0
4/30/2020 1:00,0.0,0.0
4/30/2020 2:00,0.0,0.0
4/30/2020 3:00,0.0,0.0
4/30/2020 4:00,0.0,0.0
4/30/2020 5:00,0.0,0.0
4/30/2020 6:00,0.0,0.0
4/30/2020 7:00,0.0,0.0
4/30/2020 8:00,0.5,0.03
4/30/2020 9:00,2.25,0.14
4/30/2020 10:00,4.5,0.28
4/30/2020 11:00,5.0,0.31
4/30/2020 12:00,6.5,0.4
4/30/2020 13:00,8.25,0.51
4/30/2020 14:00,8.25,0.51
4/30/2020 15:00,8.5,0.52
4/30/2020 16:00,8.0,0.49
4/30/2020 17:00,9.25,0.57
4/30/2020 18:00,6.25,0.38
4/30/2020 19:00,3.25,0.2
4/30/2020 20:00,0.75,0.05
4/30/2020 21:00,0.0,0.0
4/30/2020 22:00,0.0,0.0
4/30/2020 23:00,0.0,0.0
5/1/2020 0:00,0.0,0.0
5/1/2020 1:00,0.0,0.0
5/1/2020 2:00,0.0,0.0
5/1/2020 3:00,0.0,0.0
5/1/2020 4:00,0.0,0.0
5/1/2020 5:00,0.0,0.0
5/1/2020 6:00,0.0,0.0
5/1/2020 7:00,0.0,0.0
5/1/2020 8:00,0.75,0.05
5/1/2020 9:00,2.5,0.15
5/1/2020 10:00,5.5,0.34
5/1/2020 11:00,8.0,0.49
5/1/2020 12:00,10.5,0.64
5/1/2020 13:00,12.0,0.74
5/1/2020 14:00,12.5,0.77
5/1/2020 15:00,12.25,0.75
5/1/2020 16:00,11.5,0.7
5/1/2020 17:00,9.5,0.58
5/1/2020 18:00,7.0,0.43
5/1/2020 19:00,3.25,0.2
5/1/2020 20:00,0.75,0.05
5/1/2020 21:00,0.0,0.0
5/1/2020 22:00,0.0,0.0
5/1/2020 23:00,0.0,0.0
5/2/2020 0:00,0.0,0.0
5/2/2020 1:00,0.0,0.0
5/2/2020 2:00,0.0,0.0
5/2/2020 3:00,0.0,0.0
5/2/2020 4:00,0.0,0.0
5/2/2020 5:00,0.0,0.0
5/2/2020 6:00,0.0,0.0
5/2/2020 7:00,0.0,0.0
5/2/2020 8:00,0.75,0.05
5/2/2020 9:00,2.5,0.15
5/2/2020 10:00,5.5,0.34
5/2/2020 11:00,8.25,0.51
5/2/2020 12:00,10.0,0.61
5/2/2020 13:00,11.75,0.72
5/2/2020 14:00,12.5,0.77
5/2/2020 15:00,12.5,0.77
5/2/2020 16:00,11.75,0.72
5/2/2020 17:00,10.0,0.61
5/2/2020 18:00,7.0,0.43
5/2/2020 19:00,3.0,0.18
5/2/2020 20:00,0.75,0.05
5/2/2020 21:00,0.0,0.0
5/2/2020 22:00,0.0,0.0
5/2/2020 23:00,0.0,0.0
5/3/2020 0:00,0.0,0.0
5/3/2020 1:00,0.0,0.0
5/3/2020 2:00,0.0,0.0
5/3/2020 3:00,0.0,0.0
5/3/2020 4:00,0.0,0.0
5/3/2020 5:00,0.0,0.0
5/3/2020 6:00,0.0,0.0
5/3/2020 7:00,0.0,0.0
5/3/2020 8:00,0.75,0.05
5/3/2020 9:00,2.5,0.15
5/3/2020 10:00,5.25,0.32
5/3/2020 11:00,8.0,0.49
5/3/2020 12:00,9.75,0.6
5/3/2020 13:00,11.0,0.67
5/3/2020 14:00,11.75,0.72
5/3/2020 15:00,11.5,0.7
5/3/2020 16:00,10.75,0.66
5/3/2020 17:00,8.5,0.52
5/3/2020 18:00,6.0,0.37
5/3/2020 19:00,3.25,0.2
5/3/2020 20:00,0.75,0.05
5/3/2020 21:00,0.0,0.0
5/3/2020 22:00,0.0,0.0
5/3/2020 23:00,0.0,0.0
5/4/2020 0:00,0.0,0.0
5/4/2020 1:00,0.0,0.0
5/4/2020 2:00,0.0,0.0
5/4/2020 3:00,0.0,0.0
5/4/2020 4:00,0.0,0.0
5/4/2020 5:00,0.0,0.0
5/4/2020 6:00,0.0,0.0
5/4/2020 7:00,0.25,0.02
5/4/2020 8:00,0.75,0.05
5/4/2020 9:00,2.25,0.14
5/4/2020 10:00,4.75,0.29
5/4/2020 11:00,8.0,0.49
5/4/2020 12:00,10.5,0.64
5/4/2020 13:00,12.25,0.75
5/4/2020 14:00,13.0,0.8
5/4/2020 15:00,11.0,0.67
5/4/2020 16:00,9.5,0.58
5/4/2020 17:00,9.75,0.6
5/4/2020 18:00,7.25,0.44
5/4/2020 19:00,4.0,0.25
5/4/2020 20:00,1.0,0.06
5/4/2020 21:00,0.0,0.0
5/4/2020 22:00,0.0,0.0
5/4/2020 23:00,0.0,0.0
5/5/2020 0:00,0.0,0.0
5/5/2020 1:00,0.0,0.0
5/5/2020 2:00,0.0,0.0
5/5/2020 3:00,0.0,0.0
5/5/2020 4:00,0.0,0.0
5/5/2020 5:00,0.0,0.0
5/5/2020 6:00,0.0,0.0
5/5/2020 7:00,0.25,0.02
5/5/2020 8:00,0.75,0.05
5/5/2020 9:00,2.75,0.17
5/5/2020 10:00,5.25,0.32
5/5/2020 11:00,8.5,0.52
5/5/2020 12:00,10.5,0.64
5/5/2020 13:00,12.5,0.77
5/5/2020 14:00,13.25,0.81
5/5/2020 15:00,13.25,0.81
5/5/2020 16:00,12.0,0.74
5/5/2020 17:00,10.0,0.61
5/5/2020 18:00,7.25,0.44
5/5/2020 19:00,3.25,0.2
5/5/2020 20:00,0.75,0.05
5/5/2020 21:00,0.0,0.0
5/5/2020 22:00,0.0,0.0
5/5/2020 23:00,0.0,0.0
5/6/2020 0:00,0.0,0.0
5/6/2020 1:00,0.0,0.0
5/6/2020 2:00,0.0,0.0
5/6/2020 3:00,0.0,0.0
5/6/2020 4:00,0.0,0.0
5/6/2020 5:00,0.0,0.0
5/6/2020 6:00,0.0,0.0
5/6/2020 7:00,0.0,0.0
5/6/2020 8:00,1.0,0.06
5/6/2020 9:00,3.0,0.18
5/6/2020 10:00,6.0,0.37
5/6/2020 11:00,8.25,0.51
5/6/2020 12:00,10.5,0.64
5/6/2020 13:00,11.25,0.69
5/6/2020 14:00,12.75,0.78
5/6/2020 15:00,12.5,0.77
5/6/2020 16:00,11.25,0.69
5/6/2020 17:00,9.5,0.58
5/6/2020 18:00,6.75,0.41
5/6/2020 19:00,2.75,0.17
5/6/2020 20:00,0.75,0.05
5/6/2020 21:00,0.0,0.0
5/6/2020 22:00,0.0,0.0
5/6/2020 23:00,0.0,0.0
5/7/2020 0:00,0.0,0.0
5/7/2020 1:00,0.0,0.0
5/7/2020 2:00,0.0,0.0
5/7/2020 3:00,0.0,0.0
5/7/2020 4:00,0.0,0.0
5/7/2020 5:00,0.0,0.0
5/7/2020 6:00,0.0,0.0
5/7/2020 7:00,0.0,0.0
5/7/2020 8:00,0.5,0.03
5/7/2020 9:00,2.25,0.14
5/7/2020 10:00,4.25,0.26
5/7/2020 11:00,4.5,0.28
5/7/2020 12:00,9.5,0.58
5/7/2020 13:00,10.75,0.66
5/7/2020 14:00,11.75,0.72
5/7/2020 15:00,12.0,0.74
5/7/2020 16:00,11.25,0.69
5/7/2020 17:00,9.25,0.57
5/7/2020 18:00,6.25,0.38
5/7/2020 19:00,2.5,0.15
5/7/2020 20:00,1.5,0.09
5/7/2020 21:00,0.0,0.0
5/7/2020 22:00,0.0,0.0
5/7/2020 23:00,0.0,0.0
5/8/2020 0:00,0.0,0.0
5/8/2020 1:00,0.0,0.0
5/8/2020 2:00,0.0,0.0
5/8/2020 3:00,0.0,0.0
5/8/2020 4:00,0.0,0.0
5/8/2020 5:00,0.0,0.0
5/8/2020 6:00,0.0,0.0
5/8/2020 7:00,0.0,0.0
5/8/2020 8:00,0.75,0.05
5/8/2020 9:00,2.0,0.12
5/8/2020 10:00,2.75,0.17
5/8/2020 11:00,6.25,0.38
5/8/2020 12:00,9.25,0.57
5/8/2020 13:00,12.25,0.75
5/8/2020 14:00,13.25,0.81
5/8/2020 15:00,13.25,0.81
5/8/2020 16:00,12.25,0.75
5/8/2020 17:00,9.25,0.57
5/8/2020 18:00,5.0,0.31
5/8/2020 19:00,3.0,0.18
5/8/2020 20:00,1.25,0.08
5/8/2020 21:00,0.0,0.0
5/8/2020 22:00,0.0,0.0
5/8/2020 23:00,0.0,0.0
5/9/2020 0:00,0.0,0.0
5/9/2020 1:00,0.0,0.0
5/9/2020 2:00,0.0,0.0
5/9/2020 3:00,0.0,0.0
5/9/2020 4:00,0.0,0.0
5/9/2020 5:00,0.0,0.0
5/9/2020 6:00,0.0,0.0
5/9/2020 7:00,0.0,0.0
5/9/2020 8:00,1.0,0.06
5/9/2020 9:00,2.5,0.15
5/9/2020 10:00,5.75,0.35
5/9/2020 11:00,9.0,0.55
5/9/2020 12:00,10.75,0.66
5/9/2020 13:00,9.75,0.6
5/9/2020 14:00,6.25,0.38
5/9/2020 15:00,1.25,0.08
5/9/2020 16:00,6.25,0.38
5/9/2020 17:00,10.5,0.64
5/9/2020 18:00,7.5,0.46
5/9/2020 19:00,3.5,0.21
5/9/2020 20:00,1.25,0.08
5/9/2020 21:00,0.0,0.0
5/9/2020 22:00,0.0,0.0
5/9/2020 23:00,0.0,0.0
5/10/2020 0:00,0.0,0.0
5/10/2020 1:00,0.0,0.0
5/10/2020 2:00,0.0,0.0
5/10/2020 3:00,0.0,0.0
5/10/2020 4:00,0.0,0.0
5/10/2020 5:00,0.0,0.0
5/10/2020 6:00,0.0,0.0
5/10/2020 7:00,0.0,0.0
5/10/2020 8:00,0.75,0.05
5/10/2020 9:00,3.0,0.18
5/10/2020 10:00,5.25,0.32
5/10/2020 11:00,7.25,0.44
5/10/2020 12:00,9.5,0.58
5/10/2020 13:00,8.25,0.51
5/10/2020 14:00,11.75,0.72
5/10/2020 15:00,9.0,0.55
5/10/2020 16:00,8.5,0.52
5/10/2020 17:00,7.0,0.43
5/10/2020 18:00,3.25,0.2
5/10/2020 19:00,1.75,0.11
5/10/2020 20:00,1.25,0.08
5/10/2020 21:00,0.0,0.0
5/10/2020 22:00,0.0,0.0
5/10/2020 23:00,0.0,0.0
5/11/2020 0:00,0.0,0.0
5/11/2020 1:00,0.0,0.0
5/11/2020 2:00,0.0,0.0
5/11/2020 3:00,0.0,0.0
5/11/2020 4:00,0.0,0.0
5/11/2020 5:00,0.0,0.0
5/11/2020 6:00,0.0,0.0
5/11/2020 7:00,0.0,0.0
5/11/2020 8:00,1.0,0.06
5/11/2020 9:00,2.75,0.17
5/11/2020 10:00,4.25,0.26
5/11/2020 11:00,5.25,0.32
5/11/2020 12:00,9.75,0.6
5/11/2020 13:00,11.25,0.69
5/11/2020 14:00,10.5,0.64
5/11/2020 15:00,11.5,0.7
5/11/2020 16:00,9.5,0.58
5/11/2020 17:00,5.25,0.32
5/11/2020 18:00,6.25,0.38
5/11/2020 19:00,4.0,0.25
5/11/2020 20:00,1.25,0.08
5/11/2020 21:00,0.0,0.0
5/11/2020 22:00,0.0,0.0
5/11/2020 23:00,0.0,0.0
5/12/2020 0:00,0.0,0.0
5/12/2020 1:00,0.0,0.0
5/12/2020 2:00,0.0,0.0
5/12/2020 3:00,0.0,0.0
5/12/2020 4:00,0.0,0.0
5/12/2020 5:00,0.0,0.0
5/12/2020 6:00,0.0,0.0
5/12/2020 7:00,0.0,0.0
5/12/2020 8:00,1.0,0.06
5/12/2020 9:00,3.25,0.2
5/12/2020 10:00,6.5,0.4
5/12/2020 11:00,9.0,0.55
5/12/2020 12:00,9.25,0.57
5/12/2020 13:00,12.25,0.75
5/12/2020 14:00,4.75,0.29
5/12/2020 15:00,7.0,0.43
5/12/2020 16:00,11.5,0.7
5/12/2020 17:00,10.5,0.64
5/12/2020 18:00,7.5,0.46
5/12/2020 19:00,3.5,0.21
5/12/2020 20:00,0.75,0.05
5/12/2020 21:00,0.0,0.0
5/12/2020 22:00,0.0,0.0
5/12/2020 23:00,0.0,0.0
5/13/2020 0:00,0.0,0.0
5/13/2020 1:00,0.0,0.0
5/13/2020 2:00,0.0,0.0
5/13/2020 3:00,0.0,0.0
5/13/2020 4:00,0.0,0.0
5/13/2020 5:00,0.0,0.0
5/13/2020 6:00,0.0,0.0
5/13/2020 7:00,0.25,0.02
5/13/2020 8:00,0.75,0.05
5/13/2020 9:00,2.5,0.15
5/13/2020 10:00,3.75,0.23
5/13/2020 11:00,7.5,0.46
5/13/2020 12:00,9.0,0.55
5/13/2020 13:00,8.75,0.54
5/13/2020 14:00,2.0,0.12
5/13/2020 15:00,1.75,0.11
5/13/2020 16:00,0.75,0.05
5/13/2020 17:00,2.0,0.12
5/13/2020 18:00,2.0,0.12
5/13/2020 19:00,2.0,0.12
5/13/2020 20:00,1.25,0.08
5/13/2020 21:00,0.0,0.0
5/13/2020 22:00,0.0,0.0
5/13/2020 23:00,0.0,0.0
5/14/2020 0:00,0.0,0.0
5/14/2020 1:00,0.0,0.0
5/14/2020 2:00,0.0,0.0
5/14/2020 3:00,0.0,0.0
5/14/2020 4:00,0.0,0.0
5/14/2020 5:00,0.0,0.0
5/14/2020 6:00,0.0,0.0
5/14/2020 7:00,0.0,0.0
5/14/2020 8:00,1.25,0.08
5/14/2020 9:00,2.5,0.15
5/14/2020 10:00,1.0,0.06
5/14/2020 11:00,1.5,0.09
5/14/2020 12:00,4.75,0.29
5/14/2020 13:00,10.25,0.63
5/14/2020 14:00,10.75,0.66
5/14/2020 15:00,12.5,0.77
5/14/2020 16:00,10.5,0.64
5/14/2020 17:00,6.25,0.38
5/14/2020 18:00,1.0,0.06
5/14/2020 19:00,1.5,0.09
5/14/2020 20:00,1.0,0.06
5/14/2020 21:00,0.0,0.0
5/14/2020 22:00,0.0,0.0
5/14/2020 23:00,0.0,0.0
5/15/2020 0:00,0.0,0.0
5/15/2020 1:00,0.0,0.0
5/15/2020 2:00,0.0,0.0
5/15/2020 3:00,0.0,0.0
5/15/2020 4:00,0.0,0.0
5/15/2020 5:00,0.0,0.0
5/15/2020 6:00,0.0,0.0
5/15/2020 7:00,0.25,0.02
5/15/2020 8:00,0.75,0.05
5/15/2020 9:00,2.0,0.12
5/15/2020 10:00,3.0,0.18
5/15/2020 11:00,5.0,0.31
5/15/2020 12:00,7.75,0.47
5/15/2020 13:00,11.25,0.69
5/15/2020 14:00,12.5,0.77
5/15/2020 15:00,12.25,0.75
5/15/2020 16:00,11.0,0.67
5/15/2020 17:00,8.0,0.49
5/15/2020 18:00,4.25,0.26
5/15/2020 19:00,3.0,0.18
5/15/2020 20:00,1.0,0.06
5/15/2020 21:00,0.0,0.0
5/15/2020 22:00,0.0,0.0
5/15/2020 23:00,0.0,0.0
5/16/2020 0:00,0.0,0.0
5/16/2020 1:00,0.0,0.0
5/16/2020 2:00,0.0,0.0
5/16/2020 3:00,0.0,0.0
5/16/2020 4:00,0.0,0.0
5/16/2020 5:00,0.0,0.0
5/16/2020 6:00,0.0,0.0
5/16/2020 7:00,0.25,0.02
5/16/2020 8:00,0.75,0.05
5/16/2020 9:00,2.0,0.12
5/16/2020 10:00,6.25,0.38
5/16/2020 11:00,8.75,0.54
5/16/2020 12:00,11.25,0.69
5/16/2020 13:00,12.25,0.75
5/16/2020 14:00,12.25,0.75
5/16/2020 15:00,13.25,0.81
5/16/2020 16:00,11.75,0.72
5/16/2020 17:00,2.25,0.14
5/16/2020 18:00,2.5,0.15
5/16/2020 19:00,3.0,0.18
5/16/2020 20:00,1.0,0.06
5/16/2020 21:00,0.0,0.0
5/16/2020 22:00,0.0,0.0
5/16/2020 23:00,0.0,0.0
5/17/2020 0:00,0.0,0.0
5/17/2020 1:00,0.0,0.0
5/17/2020 2:00,0.0,0.0
5/17/2020 3:00,0.0,0.0
5/17/2020 4:00,0.0,0.0
5/17/2020 5:00,0.0,0.0
5/17/2020 6:00,0.0,0.0
5/17/2020 7:00,0.0,0.0
5/17/2020 8:00,1.0,0.06
5/17/2020 9:00,3.25,0.2
5/17/2020 10:00,5.75,0.35
5/17/2020 11:00,8.5,0.52
5/17/2020 12:00,10.25,0.63
5/17/2020 13:00,11.75,0.72
5/17/2020 14:00,12.5,0.77
5/17/2020 15:00,12.5,0.77
5/17/2020 16:00,11.5,0.7
5/17/2020 17:00,10.0,0.61
5/17/2020 18:00,7.0,0.43
5/17/2020 19:00,3.75,0.23
5/17/2020 20:00,0.75,0.05
5/17/2020 21:00,0.0,0.0
5/17/2020 22:00,0.0,0.0
5/17/2020 23:00,0.0,0.0
5/18/2020 0:00,0.0,0.0
5/18/2020 1:00,0.0,0.0
5/18/2020 2:00,0.0,0.0
5/18/2020 3:00,0.0,0.0
5/18/2020 4:00,0.0,0.0
5/18/2020 5:00,0.0,0.0
5/18/2020 6:00,0.0,0.0
5/18/2020 7:00,0.25,0.02
5/18/2020 8:00,1.0,0.06
5/18/2020 9:00,3.0,0.18
5/18/2020 10:00,6.0,0.37
5/18/2020 11:00,8.5,0.52
5/18/2020 12:00,10.25,0.63
5/18/2020 13:00,11.75,0.72
5/18/2020 14:00,12.75,0.78
5/18/2020 15:00,12.5,0.77
5/18/2020 16:00,11.5,0.7
5/18/2020 17:00,10.0,0.61
5/18/2020 18:00,7.0,0.43
5/18/2020 19:00,3.5,0.21
5/18/2020 20:00,1.0,0.06
5/18/2020 21:00,0.0,0.0
5/18/2020 22:00,0.0,0.0
5/18/2020 23:00,0.0,0.0
5/19/2020 0:00,0.0,0.0
5/19/2020 1:00,0.0,0.0
5/19/2020 2:00,0.0,0.0
5/19/2020 3:00,0.0,0.0
5/19/2020 4:00,0.0,0.0
5/19/2020 5:00,0.0,0.0
5/19/2020 6:00,0.0,0.0
5/19/2020 7:00,0.25,0.02
5/19/2020 8:00,0.5,0.03
5/19/2020 9:00,3.0,0.18
5/19/2020 10:00,6.0,0.37
5/19/2020 11:00,8.25,0.51
5/19/2020 12:00,10.25,0.63
5/19/2020 13:00,11.0,0.67
5/19/2020 14:00,10.75,0.66
5/19/2020 15:00,12.75,0.78
5/19/2020 16:00,11.5,0.7
5/19/2020 17:00,10.0,0.61
5/19/2020 18:00,6.5,0.4
5/19/2020 19:00,3.5,0.21
5/19/2020 20:00,0.75,0.05
5/19/2020 21:00,0.25,0.02
5/19/2020 22:00,0.0,0.0
5/19/2020 23:00,0.0,0.0
5/20/2020 0:00,0.0,0.0
5/20/2020 1:00,0.0,0.0
5/20/2020 2:00,0.0,0.0
5/20/2020 3:00,0.0,0.0
5/20/2020 4:00,0.0,0.0
5/20/2020 5:00,0.0,0.0
5/20/2020 6:00,0.0,0.0
5/20/2020 7:00,0.0,0.0
5/20/2020 8:00,0.75,0.05
5/20/2020 9:00,3.25,0.2
5/20/2020 10:00,5.75,0.35
5/20/2020 11:00,8.5,0.52
5/20/2020 12:00,10.25,0.63
5/20/2020 13:00,11.75,0.72
5/20/2020 14:00,12.5,0.77
5/20/2020 15:00,12.5,0.77
5/20/2020 16:00,11.75,0.72
5/20/2020 17:00,9.75,0.6
5/20/2020 18:00,6.75,0.41
5/20/2020 19:00,3.5,0.21
5/20/2020 20:00,1.0,0.06
5/20/2020 21:00,0.0,0.0
5/20/2020 22:00,0.0,0.0
5/20/2020 23:00,0.0,0.0
5/21/2020 0:00,0.0,0.0
5/21/2020 1:00,0.0,0.0
5/21/2020 2:00,0.0,0.0
5/21/2020 3:00,0.0,0.0
5/21/2020 4:00,0.0,0.0
5/21/2020 5:00,0.0,0.0
5/21/2020 6:00,0.0,0.0
5/21/2020 7:00,0.0,0.0
5/21/2020 8:00,0.5,0.03
5/21/2020 9:00,3.0,0.18
5/21/2020 10:00,5.75,0.35
5/21/2020 11:00,8.25,0.51
5/21/2020 12:00,10.0,0.61
5/21/2020 13:00,11.25,0.69
5/21/2020 14:00,11.75,0.72
5/21/2020 15:00,12.0,0.74
5/21/2020 16:00,10.25,0.63
5/21/2020 17:00,9.0,0.55
5/21/2020 18:00,7.25,0.44
5/21/2020 19:00,4.0,0.25
5/21/2020 20:00,1.0,0.06
5/21/2020 21:00,0.0,0.0
5/21/2020 22:00,0.0,0.0
5/21/2020 23:00,0.0,0.0
5/22/2020 0:00,0.0,0.0
5/22/2020 1:00,0.0,0.0
5/22/2020 2:00,0.0,0.0
5/22/2020 3:00,0.0,0.0
5/22/2020 4:00,0.0,0.0
5/22/2020 5:00,0.0,0.0
5/22/2020 6:00,0.0,0.0
5/22/2020 7:00,0.0,0.0
5/22/2020 8:00,0.25,0.02
5/22/2020 9:00,3.25,0.2
5/22/2020 10:00,6.0,0.37
5/22/2020 11:00,8.5,0.52
5/22/2020 12:00,10.25,0.63
5/22/2020 13:00,11.25,0.69
5/22/2020 14:00,11.75,0.72
5/22/2020 15:00,12.25,0.75
5/22/2020 16:00,11.25,0.69
5/22/2020 17:00,9.5,0.58
5/22/2020 18:00,7.0,0.43
5/22/2020 19:00,3.5,0.21
5/22/2020 20:00,1.0,0.06
5/22/2020 21:00,0.25,0.02
5/22/2020 22:00,0.0,0.0
5/22/2020 23:00,0.0,0.0
5/23/2020 0:00,0.0,0.0
5/23/2020 1:00,0.0,0.0
5/23/2020 2:00,0.0,0.0
5/23/2020 3:00,0.0,0.0
5/23/2020 4:00,0.0,0.0
5/23/2020 5:00,0.0,0.0
5/23/2020 6:00,0.0,0.0
5/23/2020 7:00,0.0,0.0
5/23/2020 8:00,0.0,0.0
5/23/2020 9:00,0.0,0.0
5/23/2020 10:00,0.0,0.0
5/23/2020 11:00,0.0,0.0
5/23/2020 12:00,0.0,0.0
5/23/2020 13:00,0.0,0.0
5/23/2020 14:00,0.0,0.0
5/23/2020 15:00,0.0,0.0
5/23/2020 16:00,0.0,0.0
5/23/2020 17:00,0.0,0.0
5/23/2020 18:00,0.0,0.0
5/23/2020 19:00,0.0,0.0
5/23/2020 20:00,0.0,0.0
5/23/2020 21:00,0.0,0.0
5/23/2020 22:00,0.0,0.0
5/23/2020 23:00,0.0,0.0
5/24/2020 0:00,0.0,0.0
5/24/2020 1:00,0.0,0.0
5/24/2020 2:00,0.0,0.0
5/24/2020 3:00,0.0,0.0
5/24/2020 4:00,0.0,0.0
5/24/2020 5:00,0.0,0.0
5/24/2020 6:00,0.0,0.0
5/24/2020 7:00,0.0,0.0
5/24/2020 8:00,0.0,0.0
5/24/2020 9:00,0.0,0.0
5/24/2020 10:00,0.0,0.0
5/24/2020 11:00,0.0,0.0
5/24/2020 12:00,0.0,0.0
5/24/2020 13:00,3.0,0.18
5/24/2020 14:00,12.0,0.74
5/24/2020 15:00,11.75,0.72
5/24/2020 16:00,11.0,0.67
5/24/2020 17:00,9.25,0.57
5/24/2020 18:00,7.0,0.43
5/24/2020 19:00,3.75,0.23
5/24/2020 20:00,0.75,0.05
5/24/2020 21:00,0.25,0.02
5/24/2020 22:00,0.0,0.0
5/24/2020 23:00,0.0,0.0
5/25/2020 0:00,0.0,0.0
5/25/2020 1:00,0.0,0.0
5/25/2020 2:00,0.0,0.0
5/25/2020 3:00,0.0,0.0
5/25/2020 4:00,0.0,0.0
5/25/2020 5:00,0.0,0.0
5/25/2020 6:00,0.0,0.0
5/25/2020 7:00,0.0,0.0
5/25/2020 8:00,0.0,0.0
5/25/2020 9:00,0.0,0.0
5/25/2020 10:00,0.0,0.0
5/25/2020 11:00,0.0,0.0
5/25/2020 12:00,0.0,0.0
5/25/2020 13:00,0.0,0.0
5/25/2020 14:00,0.0,0.0
5/25/2020 15:00,0.0,0.0
5/25/2020 16:00,0.0,0.0
5/25/2020 17:00,0.0,0.0
5/25/2020 18:00,0.0,0.0
5/25/2020 19:00,0.0,0.0
5/25/2020 20:00,0.0,0.0
5/25/2020 21:00,0.0,0.0
5/25/2020 22:00,0.0,0.0
5/25/2020 23:00,0.0,0.0
5/26/2020 0:00,0.0,0.0
5/26/2020 1:00,0.0,0.0
5/26/2020 2:00,0.0,0.0
5/26/2020 3:00,0.0,0.0
5/26/2020 4:00,0.0,0.0
5/26/2020 5:00,0.0,0.0
5/26/2020 6:00,0.0,0.0
5/26/2020 7:00,0.0,0.0
5/26/2020 8:00,0.0,0.0
5/26/2020 9:00,0.0,0.0
5/26/2020 10:00,0.0,0.0
5/26/2020 11:00,0.0,0.0
5/26/2020 12:00,2.0,0.12
5/26/2020 13:00,11.5,0.7
5/26/2020 14:00,12.0,0.74
5/26/2020 15:00,12.0,0.74
5/26/2020 16:00,11.25,0.69
5/26/2020 17:00,9.25,0.57
5/26/2020 18:00,7.0,0.43
5/26/2020 19:00,3.75,0.23
5/26/2020 20:00,1.0,0.06
5/26/2020 21:00,0.25,0.02
5/26/2020 22:00,0.0,0.0
5/26/2020 23:00,0.0,0.0
5/27/2020 0:00,0.0,0.0
5/27/2020 1:00,0.0,0.0
5/27/2020 2:00,0.0,0.0
5/27/2020 3:00,0.0,0.0
5/27/2020 4:00,0.0,0.0
5/27/2020 5:00,0.0,0.0
5/27/2020 6:00,0.0,0.0
5/27/2020 7:00,0.0,0.0
5/27/2020 8:00,0.0,0.0
5/27/2020 9:00,0.0,0.0
5/27/2020 10:00,0.0,0.0
5/27/2020 11:00,0.0,0.0
5/27/2020 12:00,0.0,0.0
5/27/2020 13:00,0.0,0.0
5/27/2020 14:00,0.0,0.0
5/27/2020 15:00,0.0,0.0
5/27/2020 16:00,0.0,0.0
5/27/2020 17:00,0.0,0.0
5/27/2020 18:00,0.0,0.0
5/27/2020 19:00,0.0,0.0
5/27/2020 20:00,0.0,0.0
5/27/2020 21:00,0.0,0.0
5/27/2020 22:00,0.0,0.0
5/27/2020 23:00,0.0,0.0
5/28/2020 0:00,0.0,0.0
5/28/2020 1:00,0.0,0.0
5/28/2020 2:00,0.0,0.0
5/28/2020 3:00,0.0,0.0
5/28/2020 4:00,0.0,0.0
5/28/2020 5:00,0.0,0.0
5/28/2020 6:00,0.0,0.0
5/28/2020 7:00,0.0,0.0
5/28/2020 8:00,0.0,0.0
5/28/2020 9:00,0.0,0.0
5/28/2020 10:00,0.0,0.0
5/28/2020 11:00,0.0,0.0
5/28/2020 12:00,0.0,0.0
5/28/2020 13:00,0.0,0.0
5/28/2020 14:00,0.0,0.0
5/28/2020 15:00,0.0,0.0
5/28/2020 16:00,0.0,0.0
5/28/2020 17:00,0.0,0.0
5/28/2020 18:00,0.0,0.0
5/28/2020 19:00,0.0,0.0
5/28/2020 20:00,0.0,0.0
5/28/2020 21:00,0.0,0.0
5/28/2020 22:00,0.0,0.0
5/28/2020 23:00,0.0,0.0
5/29/2020 0:00,0.0,0.0
5/29/2020 1:00,0.0,0.0
5/29/2020 2:00,0.0,0.0
5/29/2020 3:00,0.0,0.0
5/29/2020 4:00,0.0,0.0
5/29/2020 5:00,0.0,0.0
5/29/2020 6:00,0.0,0.0
5/29/2020 7:00,0.0,0.0
5/29/2020 8:00,0.0,0.0
5/29/2020 9:00,0.0,0.0
5/29/2020 10:00,0.0,0.0
5/29/2020 11:00,0.0,0.0
5/29/2020 12:00,0.0,0.0
5/29/2020 13:00,0.0,0.0
5/29/2020 14:00,0.0,0.0
5/29/2020 15:00,0.0,0.0
5/29/2020 16:00,0.0,0.0
5/29/2020 17:00,0.0,0.0
5/29/2020 18:00,0.0,0.0
5/29/2020 19:00,0.0,0.0
5/29/2020 20:00,0.0,0.0
5/29/2020 21:00,0.0,0.0
5/29/2020 22:00,0.0,0.0
5/29/2020 23:00,0.0,0.0
5/30/2020 0:00,0.0,0.0
5/30/2020 1:00,0.0,0.0
5/30/2020 2:00,0.0,0.0
5/30/2020 3:00,0.0,0.0
5/30/2020 4:00,0.0,0.0
5/30/2020 5:00,0.0,0.0
5/30/2020 6:00,0.0,0.0
5/30/2020 7:00,0.0,0.0
5/30/2020 8:00,0.0,0.0
5/30/2020 9:00,0.0,0.0
5/30/2020 10:00,0.0,0.0
5/30/2020 11:00,0.0,0.0
5/30/2020 12:00,0.0,0.0
5/30/2020 13:00,0.0,0.0
5/30/2020 14:00,0.0,0.0
5/30/2020 15:00,0.0,0.0
5/30/2020 16:00,0.0,0.0
5/30/2020 17:00,0.0,0.0
5/30/2020 18:00,0.0,0.0
5/30/2020 19:00,0.0,0.0
5/30/2020 20:00,0.0,0.0
5/30/2020 21:00,0.0,0.0
5/30/2020 22:00,0.0,0.0
5/30/2020 23:00,0.0,0.0
5/31/2020 0:00,0.0,0.0
5/31/2020 1:00,0.0,0.0
5/31/2020 2:00,0.0,0.0
5/31/2020 3:00,0.0,0.0
5/31/2020 4:00,0.0,0.0
5/31/2020 5:00,0.0,0.0
5/31/2020 6:00,0.0,0.0
5/31/2020 7:00,0.0,0.0
5/31/2020 8:00,0.0,0.0
5/31/2020 9:00,0.0,0.0
5/31/2020 10:00,0.0,0.0
5/31/2020 11:00,0.0,0.0
5/31/2020 12:00,0.0,0.0
5/31/2020 13:00,0.0,0.0
5/31/2020 14:00,0.0,0.0
5/31/2020 15:00,0.0,0.0
5/31/2020 16:00,0.0,0.0
5/31/2020 17:00,0.0,0.0
5/31/2020 18:00,0.0,0.0
5/31/2020 19:00,0.0,0.0
5/31/2020 20:00,0.0,0.0
5/31/2020 21:00,0.0,0.0
5/31/2020 22:00,0.0,0.0
5/31/2020 23:00,0.0,0.0
6/1/2020 0:00,0.0,0.0
6/1/2020 1:00,0.0,0.0
6/1/2020 2:00,0.0,0.0
6/1/2020 3:00,0.0,0.0
6/1/2020 4:00,0.0,0.0
6/1/2020 5:00,0.0,0.0
6/1/2020 6:00,0.0,0.0
6/1/2020 7:00,0.0,0.0
6/1/2020 8:00,0.0,0.0
6/1/2020 9:00,0.0,0.0
6/1/2020 10:00,0.0,0.0
6/1/2020 11:00,0.0,0.0
6/1/2020 12:00,0.0,0.0
6/1/2020 13:00,0.0,0.0
6/1/2020 14:00,0.0,0.0
6/1/2020 15:00,0.0,0.0
6/1/2020 16:00,0.0,0.0
6/1/2020 17:00,0.0,0.0
6/1/2020 18:00,0.0,0.0
6/1/2020 19:00,0.0,0.0
6/1/2020 20:00,0.0,0.0
6/1/2020 21:00,0.0,0.0
6/1/2020 22:00,0.0,0.0
6/1/2020 23:00,0.0,0.0
6/2/2020 0:00,0.0,0.0
6/2/2020 1:00,0.0,0.0
6/2/2020 2:00,0.0,0.0
6/2/2020 3:00,0.0,0.0
6/2/2020 4:00,0.0,0.0
6/2/2020 5:00,0.0,0.0
6/2/2020 6:00,0.0,0.0
6/2/2020 7:00,0.0,0.0
6/2/2020 8:00,0.0,0.0
6/2/2020 9:00,0.0,0.0
6/2/2020 10:00,0.0,0.0
6/2/2020 11:00,0.0,0.0
6/2/2020 12:00,0.0,0.0
6/2/2020 13:00,0.0,0.0
6/2/2020 14:00,0.0,0.0
6/2/2020 15:00,0.0,0.0
6/2/2020 16:00,0.0,0.0
6/2/2020 17:00,0.0,0.0
6/2/2020 18:00,0.0,0.0
6/2/2020 19:00,0.0,0.0
6/2/2020 20:00,0.0,0.0
6/2/2020 21:00,0.0,0.0
6/2/2020 22:00,0.0,0.0
6/2/2020 23:00,0.0,0.0
6/3/2020 0:00,0.0,0.0
6/3/2020 1:00,0.0,0.0
6/3/2020 2:00,0.0,0.0
6/3/2020 3:00,0.0,0.0
6/3/2020 4:00,0.0,0.0
6/3/2020 5:00,0.0,0.0
6/3/2020 6:00,0.0,0.0
6/3/2020 7:00,0.0,0.0
6/3/2020 8:00,0.0,0.0
6/3/2020 9:00,0.0,0.0
6/3/2020 10:00,0.0,0.0
6/3/2020 11:00,0.0,0.0
6/3/2020 12:00,0.0,0.0
6/3/2020 13:00,0.0,0.0
6/3/2020 14:00,0.0,0.0
6/3/2020 15:00,0.0,0.0
6/3/2020 16:00,0.0,0.0
6/3/2020 17:00,0.0,0.0
6/3/2020 18:00,0.0,0.0
6/3/2020 19:00,0.0,0.0
6/3/2020 20:00,0.0,0.0
6/3/2020 21:00,0.0,0.0
6/3/2020 22:00,0.0,0.0
6/3/2020 23:00,0.0,0.0
6/4/2020 0:00,0.0,0.0
6/4/2020 1:00,0.0,0.0
6/4/2020 2:00,0.0,0.0
6/4/2020 3:00,0.0,0.0
6/4/2020 4:00,0.0,0.0
6/4/2020 5:00,0.0,0.0
6/4/2020 6:00,0.0,0.0
6/4/2020 7:00,0.0,0.0
6/4/2020 8:00,0.0,0.0
6/4/2020 9:00,0.0,0.0
6/4/2020 10:00,0.5,0.03
6/4/2020 11:00,4.5,0.28
6/4/2020 12:00,4.75,0.29
6/4/2020 13:00,7.0,0.43
6/4/2020 14:00,10.0,0.61
6/4/2020 15:00,11.75,0.72
6/4/2020 16:00,11.75,0.72
6/4/2020 17:00,10.25,0.63
6/4/2020 18:00,7.75,0.47
6/4/2020 19:00,4.0,0.25
6/4/2020 20:00,1.25,0.08
6/4/2020 21:00,0.25,0.02
6/4/2020 22:00,0.0,0.0
6/4/2020 23:00,0.0,0.0
6/5/2020 0:00,0.0,0.0
6/5/2020 1:00,0.0,0.0
6/5/2020 2:00,0.0,0.0
6/5/2020 3:00,0.0,0.0
6/5/2020 4:00,0.0,0.0
6/5/2020 5:00,0.0,0.0
6/5/2020 6:00,0.0,0.0
6/5/2020 7:00,0.0,0.0
6/5/2020 8:00,1.0,0.06
6/5/2020 9:00,3.5,0.21
6/5/2020 10:00,6.0,0.37
6/5/2020 11:00,8.75,0.54
6/5/2020 12:00,10.75,0.66
6/5/2020 13:00,12.0,0.74
6/5/2020 14:00,13.25,0.81
6/5/2020 15:00,13.25,0.81
6/5/2020 16:00,12.0,0.74
6/5/2020 17:00,10.25,0.63
6/5/2020 18:00,7.5,0.46
6/5/2020 19:00,4.0,0.25
6/5/2020 20:00,1.25,0.08
6/5/2020 21:00,0.0,0.0
6/5/2020 22:00,0.0,0.0
6/5/2020 23:00,0.0,0.0
6/6/2020 0:00,0.0,0.0
6/6/2020 1:00,0.0,0.0
6/6/2020 2:00,0.0,0.0
6/6/2020 3:00,0.0,0.0
6/6/2020 4:00,0.0,0.0
6/6/2020 5:00,0.0,0.0
6/6/2020 6:00,0.0,0.0
6/6/2020 7:00,0.0,0.0
6/6/2020 8:00,0.0,0.0
6/6/2020 9:00,0.0,0.0
6/6/2020 10:00,0.0,0.0
6/6/2020 11:00,4.25,0.26
6/6/2020 12:00,10.5,0.64
6/6/2020 13:00,12.0,0.74
6/6/2020 14:00,13.0,0.8
6/6/2020 15:00,12.75,0.78
6/6/2020 16:00,12.25,0.75
6/6/2020 17:00,10.25,0.63
6/6/2020 18:00,7.0,0.43
6/6/2020 19:00,4.25,0.26
6/6/2020 20:00,1.5,0.09
6/6/2020 21:00,0.25,0.02
6/6/2020 22:00,0.0,0.0
6/6/2020 23:00,0.0,0.0
6/7/2020 0:00,0.0,0.0
6/7/2020 1:00,0.0,0.0
6/7/2020 2:00,0.0,0.0
6/7/2020 3:00,0.0,0.0
6/7/2020 4:00,0.0,0.0
6/7/2020 5:00,0.0,0.0
6/7/2020 6:00,0.0,0.0
6/7/2020 7:00,0.0,0.0
6/7/2020 8:00,0.0,0.0
6/7/2020 9:00,0.0,0.0
6/7/2020 10:00,0.0,0.0
6/7/2020 11:00,0.0,0.0
6/7/2020 12:00,0.0,0.0
6/7/2020 13:00,0.0,0.0
6/7/2020 14:00,0.0,0.0
6/7/2020 15:00,0.0,0.0
6/7/2020 16:00,0.0,0.0
6/7/2020 17:00,0.0,0.0
6/7/2020 18:00,0.0,0.0
6/7/2020 19:00,0.0,0.0
6/7/2020 20:00,0.0,0.0
6/7/2020 21:00,0.0,0.0
6/7/2020 22:00,0.0,0.0
6/7/2020 23:00,0.0,0.0
6/8/2020 0:00,0.0,0.0
6/8/2020 1:00,0.0,0.0
6/8/2020 2:00,0.0,0.0
6/8/2020 3:00,0.0,0.0
6/8/2020 4:00,0.0,0.0
6/8/2020 5:00,0.0,0.0
6/8/2020 6:00,0.0,0.0
6/8/2020 7:00,0.0,0.0
6/8/2020 8:00,0.0,0.0
6/8/2020 9:00,0.0,0.0
6/8/2020 10:00,0.0,0.0
6/8/2020 11:00,0.0,0.0
6/8/2020 12:00,0.0,0.0
6/8/2020 13:00,0.0,0.0
6/8/2020 14:00,0.0,0.0
6/8/2020 15:00,0.0,0.0
6/8/2020 16:00,0.0,0.0
6/8/2020 17:00,0.0,0.0
6/8/2020 18:00,0.0,0.0
6/8/2020 19:00,0.0,0.0
6/8/2020 20:00,0.0,0.0
6/8/2020 21:00,0.0,0.0
6/8/2020 22:00,0.0,0.0
6/8/2020 23:00,0.0,0.0
6/9/2020 0:00,0.0,0.0
6/9/2020 1:00,0.0,0.0
6/9/2020 2:00,0.0,0.0
6/9/2020 3:00,0.0,0.0
6/9/2020 4:00,0.0,0.0
6/9/2020 5:00,0.0,0.0
6/9/2020 6:00,0.0,0.0
6/9/2020 7:00,0.0,0.0
6/9/2020 8:00,0.0,0.0
6/9/2020 9:00,0.0,0.0
6/9/2020 10:00,0.0,0.0
6/9/2020 11:00,0.0,0.0
6/9/2020 12:00,0.0,0.0
6/9/2020 13:00,0.0,0.0
6/9/2020 14:00,0.0,0.0
6/9/2020 15:00,0.0,0.0
6/9/2020 16:00,0.0,0.0
6/9/2020 17:00,0.0,0.0
6/9/2020 18:00,0.0,0.0
6/9/2020 19:00,0.0,0.0
6/9/2020 20:00,0.0,0.0
6/9/2020 21:00,0.0,0.0
6/9/2020 22:00,0.0,0.0
6/9/2020 23:00,0.0,0.0
6/10/2020 0:00,0.0,0.0
6/10/2020 1:00,0.0,0.0
6/10/2020 2:00,0.0,0.0
6/10/2020 3:00,0.0,0.0
6/10/2020 4:00,0.0,0.0
6/10/2020 5:00,0.0,0.0
6/10/2020 6:00,0.0,0.0
6/10/2020 7:00,0.0,0.0
6/10/2020 8:00,0.0,0.0
6/10/2020 9:00,0.0,0.0
6/10/2020 10:00,0.0,0.0
6/10/2020 11:00,0.0,0.0
6/10/2020 12:00,0.0,0.0
6/10/2020 13:00,0.0,0.0
6/10/2020 14:00,0.0,0.0
6/10/2020 15:00,0.0,0.0
6/10/2020 16:00,0.0,0.0
6/10/2020 17:00,0.0,0.0
6/10/2020 18:00,0.0,0.0
6/10/2020 19:00,0.0,0.0
6/10/2020 20:00,0.0,0.0
6/10/2020 21:00,0.0,0.0
6/10/2020 22:00,0.0,0.0
6/10/2020 23:00,0.0,0.0
6/11/2020 0:00,0.0,0.0
6/11/2020 1:00,0.0,0.0
6/11/2020 2:00,0.0,0.0
6/11/2020 3:00,0.0,0.0
6/11/2020 4:00,0.0,0.0
6/11/2020 5:00,0.0,0.0
6/11/2020 6:00,0.0,0.0
6/11/2020 7:00,0.0,0.0
6/11/2020 8:00,0.0,0.0
6/11/2020 9:00,0.0,0.0
6/11/2020 10:00,0.0,0.0
6/11/2020 11:00,0.0,0.0
6/11/2020 12:00,0.0,0.0
6/11/2020 13:00,0.5,0.03
6/11/2020 14:00,9.25,0.57
6/11/2020 15:00,10.0,0.61
6/11/2020 16:00,7.75,0.47
6/11/2020 17:00,6.75,0.41
6/11/2020 18:00,5.25,0.32
6/11/2020 19:00,3.25,0.2
6/11/2020 20:00,1.25,0.08
6/11/2020 21:00,0.25,0.02
6/11/2020 22:00,0.0,0.0
6/11/2020 23:00,0.0,0.0
6/12/2020 0:00,0.0,0.0
6/12/2020 1:00,0.0,0.0
6/12/2020 2:00,0.0,0.0
6/12/2020 3:00,0.0,0.0
6/12/2020 4:00,0.0,0.0
6/12/2020 5:00,0.0,0.0
6/12/2020 6:00,0.0,0.0
6/12/2020 7:00,0.0,0.0
6/12/2020 8:00,1.0,0.06
6/12/2020 9:00,2.75,0.17
6/12/2020 10:00,3.5,0.21
6/12/2020 11:00,5.5,0.34
6/12/2020 12:00,6.25,0.38
6/12/2020 13:00,6.5,0.4
6/12/2020 14:00,8.25,0.51
6/12/2020 15:00,11.75,0.72
6/12/2020 16:00,12.5,0.77
6/12/2020 17:00,10.25,0.63
6/12/2020 18:00,8.0,0.49
6/12/2020 19:00,4.0,0.25
6/12/2020 20:00,1.0,0.06
6/12/2020 21:00,0.25,0.02
6/12/2020 22:00,0.0,0.0
6/12/2020 23:00,0.0,0.0
6/13/2020 0:00,0.0,0.0
6/13/2020 1:00,0.0,0.0
6/13/2020 2:00,0.0,0.0
6/13/2020 3:00,0.0,0.0
6/13/2020 4:00,0.0,0.0
6/13/2020 5:00,0.0,0.0
6/13/2020 6:00,0.0,0.0
6/13/2020 7:00,0.0,0.0
6/13/2020 8:00,1.25,0.08
6/13/2020 9:00,3.0,0.18
6/13/2020 10:00,5.25,0.32
6/13/2020 11:00,7.75,0.47
6/13/2020 12:00,9.75,0.6
6/13/2020 13:00,11.0,0.67
6/13/2020 14:00,11.5,0.7
6/13/2020 15:00,13.0,0.8
6/13/2020 16:00,12.25,0.75
6/13/2020 17:00,10.5,0.64
6/13/2020 18:00,6.75,0.41
6/13/2020 19:00,4.25,0.26
6/13/2020 20:00,1.75,0.11
6/13/2020 21:00,0.5,0.03
6/13/2020 22:00,0.0,0.0
6/13/2020 23:00,0.0,0.0
6/14/2020 0:00,0.0,0.0
6/14/2020 1:00,0.0,0.0
6/14/2020 2:00,0.0,0.0
6/14/2020 3:00,0.0,0.0
6/14/2020 4:00,0.0,0.0
6/14/2020 5:00,0.0,0.0
6/14/2020 6:00,0.0,0.0
6/14/2020 7:00,0.0,0.0
6/14/2020 8:00,0.0,0.0
6/14/2020 9:00,2.25,0.14
6/14/2020 10:00,5.0,0.31
6/14/2020 11:00,7.75,0.47
6/14/2020 12:00,9.5,0.58
6/14/2020 13:00,11.25,0.69
6/14/2020 14:00,12.25,0.75
6/14/2020 15:00,13.0,0.8
6/14/2020 16:00,12.25,0.75
6/14/2020 17:00,10.25,0.63
6/14/2020 18:00,8.0,0.49
6/14/2020 19:00,4.25,0.26
6/14/2020 20:00,1.25,0.08
6/14/2020 21:00,0.25,0.02
6/14/2020 22:00,0.0,0.0
6/14/2020 23:00,0.0,0.0
6/15/2020 0:00,0.0,0.0
6/15/2020 1:00,0.0,0.0
6/15/2020 2:00,0.0,0.0
6/15/2020 3:00,0.0,0.0
6/15/2020 4:00,0.0,0.0
6/15/2020 5:00,0.0,0.0
6/15/2020 6:00,0.0,0.0
6/15/2020 7:00,0.0,0.0
6/15/2020 8:00,0.0,0.0
6/15/2020 9:00,0.0,0.0
6/15/2020 10:00,0.0,0.0
6/15/2020 11:00,0.0,0.0
6/15/2020 12:00,0.0,0.0
6/15/2020 13:00,0.0,0.0
6/15/2020 14:00,0.0,0.0
6/15/2020 15:00,0.0,0.0
6/15/2020 16:00,0.0,0.0
6/15/2020 17:00,0.0,0.0
6/15/2020 18:00,0.0,0.0
6/15/2020 19:00,0.0,0.0
6/15/2020 20:00,0.0,0.0
6/15/2020 21:00,0.0,0.0
6/15/2020 22:00,0.0,0.0
6/15/2020 23:00,0.0,0.0
6/16/2020 0:00,0.0,0.0
6/16/2020 1:00,0.0,0.0
6/16/2020 2:00,0.0,0.0
6/16/2020 3:00,0.0,0.0
6/16/2020 4:00,0.0,0.0
6/16/2020 5:00,0.0,0.0
6/16/2020 6:00,0.0,0.0
6/16/2020 7:00,0.0,0.0
6/16/2020 8:00,0.0,0.0
6/16/2020 9:00,0.0,0.0
6/16/2020 10:00,0.0,0.0
6/16/2020 11:00,0.0,0.0
6/16/2020 12:00,0.0,0.0
6/16/2020 13:00,0.75,0.05
6/16/2020 14:00,7.25,0.44
6/16/2020 15:00,9.25,0.57
6/16/2020 16:00,10.75,0.66
6/16/2020 17:00,8.5,0.52
6/16/2020 18:00,7.5,0.46
6/16/2020 19:00,4.25,0.26
6/16/2020 20:00,1.25,0.08
6/16/2020 21:00,0.25,0.02
6/16/2020 22:00,0.0,0.0
6/16/2020 23:00,0.0,0.0
6/17/2020 0:00,0.0,0.0
6/17/2020 1:00,0.0,0.0
6/17/2020 2:00,0.0,0.0
6/17/2020 3:00,0.0,0.0
6/17/2020 4:00,0.0,0.0
6/17/2020 5:00,0.0,0.0
6/17/2020 6:00,0.0,0.0
6/17/2020 7:00,0.0,0.0
6/17/2020 8:00,0.75,0.05
6/17/2020 9:00,3.0,0.18
6/17/2020 10:00,5.0,0.31
6/17/2020 11:00,7.25,0.44
6/17/2020 12:00,8.75,0.54
6/17/2020 13:00,10.75,0.66
6/17/2020 14:00,12.0,0.74
6/17/2020 15:00,12.75,0.78
6/17/2020 16:00,12.25,0.75
6/17/2020 17:00,10.25,0.63
6/17/2020 18:00,6.5,0.4
6/17/2020 19:00,4.5,0.28
6/17/2020 20:00,1.25,0.08
6/17/2020 21:00,0.0,0.0
6/17/2020 22:00,0.0,0.0
6/17/2020 23:00,0.0,0.0
6/18/2020 0:00,0.0,0.0
6/18/2020 1:00,0.0,0.0
6/18/2020 2:00,0.0,0.0
6/18/2020 3:00,0.0,0.0
6/18/2020 4:00,0.0,0.0
6/18/2020 5:00,0.0,0.0
6/18/2020 6:00,0.0,0.0
6/18/2020 7:00,0.0,0.0
6/18/2020 8:00,0.0,0.0
6/18/2020 9:00,0.0,0.0
6/18/2020 10:00,0.0,0.0
6/18/2020 11:00,0.0,0.0
6/18/2020 12:00,0.0,0.0
6/18/2020 13:00,0.0,0.0
6/18/2020 14:00,0.0,0.0
6/18/2020 15:00,0.0,0.0
6/18/2020 16:00,0.0,0.0
6/18/2020 17:00,0.0,0.0
6/18/2020 18:00,0.0,0.0
6/18/2020 19:00,0.0,0.0
6/18/2020 20:00,0.0,0.0
6/18/2020 21:00,0.0,0.0
6/18/2020 22:00,0.0,0.0
6/18/2020 23:00,0.0,0.0
6/19/2020 0:00,0.0,0.0
6/19/2020 1:00,0.0,0.0
6/19/2020 2:00,0.0,0.0
6/19/2020 3:00,0.0,0.0
6/19/2020 4:00,0.0,0.0
6/19/2020 5:00,0.0,0.0
6/19/2020 6:00,0.0,0.0
6/19/2020 7:00,0.0,0.0
6/19/2020 8:00,0.0,0.0
6/19/2020 9:00,0.0,0.0
6/19/2020 10:00,0.0,0.0
6/19/2020 11:00,0.0,0.0
6/19/2020 12:00,0.0,0.0
6/19/2020 13:00,0.0,0.0
6/19/2020 14:00,0.0,0.0
6/19/2020 15:00,0.0,0.0
6/19/2020 16:00,0.0,0.0
6/19/2020 17:00,0.0,0.0
6/19/2020 18:00,0.0,0.0
6/19/2020 19:00,0.0,0.0
6/19/2020 20:00,0.0,0.0
6/19/2020 21:00,0.0,0.0
6/19/2020 22:00,0.0,0.0
6/19/2020 23:00,0.0,0.0
6/20/2020 0:00,0.0,0.0
6/20/2020 1:00,0.0,0.0
6/20/2020 2:00,0.0,0.0
6/20/2020 3:00,0.0,0.0
6/20/2020 4:00,0.0,0.0
6/20/2020 5:00,0.0,0.0
6/20/2020 6:00,0.0,0.0
6/20/2020 7:00,0.0,0.0
6/20/2020 8:00,0.0,0.0
6/20/2020 9:00,0.0,0.0
6/20/2020 10:00,0.0,0.0
6/20/2020 11:00,0.0,0.0
6/20/2020 12:00,0.0,0.0
6/20/2020 13:00,0.0,0.0
6/20/2020 14:00,0.0,0.0
6/20/2020 15:00,0.0,0.0
6/20/2020 16:00,0.0,0.0
6/20/2020 17:00,0.0,0.0
6/20/2020 18:00,0.0,0.0
6/20/2020 19:00,0.0,0.0
6/20/2020 20:00,0.0,0.0
6/20/2020 21:00,0.0,0.0
6/20/2020 22:00,0.0,0.0
6/20/2020 23:00,0.0,0.0
6/21/2020 0:00,0.0,0.0
6/21/2020 1:00,0.0,0.0
6/21/2020 2:00,0.0,0.0
6/21/2020 3:00,0.0,0.0
6/21/2020 4:00,0.0,0.0
6/21/2020 5:00,0.0,0.0
6/21/2020 6:00,0.0,0.0
6/21/2020 7:00,0.0,0.0
6/21/2020 8:00,0.0,0.0
6/21/2020 9:00,0.0,0.0
6/21/2020 10:00,0.0,0.0
6/21/2020 11:00,0.0,0.0
6/21/2020 12:00,0.0,0.0
6/21/2020 13:00,0.0,0.0
6/21/2020 14:00,0.0,0.0
6/21/2020 15:00,10.25,0.63
6/21/2020 16:00,11.25,0.69
6/21/2020 17:00,10.0,0.61
6/21/2020 18:00,7.5,0.46
6/21/2020 19:00,4.0,0.25
6/21/2020 20:00,1.25,0.08
6/21/2020 21:00,0.25,0.02
6/21/2020 22:00,0.0,0.0
6/21/2020 23:00,0.0,0.0
6/22/2020 0:00,0.0,0.0
6/22/2020 1:00,0.0,0.0
6/22/2020 2:00,0.0,0.0
6/22/2020 3:00,0.0,0.0
6/22/2020 4:00,0.0,0.0
6/22/2020 5:00,0.0,0.0
6/22/2020 6:00,0.0,0.0
6/22/2020 7:00,0.0,0.0
6/22/2020 8:00,0.0,0.0
6/22/2020 9:00,0.0,0.0
6/22/2020 10:00,0.0,0.0
6/22/2020 11:00,1.75,0.11
6/22/2020 12:00,8.25,0.51
6/22/2020 13:00,9.5,0.58
6/22/2020 14:00,11.0,0.67
6/22/2020 15:00,6.25,0.38
6/22/2020 16:00,0.0,0.0
6/22/2020 17:00,0.0,0.0
6/22/2020 18:00,6.25,0.38
6/22/2020 19:00,4.25,0.26
6/22/2020 20:00,1.5,0.09
6/22/2020 21:00,0.0,0.0
6/22/2020 22:00,0.0,0.0
6/22/2020 23:00,0.0,0.0
6/23/2020 0:00,0.0,0.0
6/23/2020 1:00,0.0,0.0
6/23/2020 2:00,0.0,0.0
6/23/2020 3:00,0.0,0.0
6/23/2020 4:00,0.0,0.0
6/23/2020 5:00,0.0,0.0
6/23/2020 6:00,0.0,0.0
6/23/2020 7:00,0.25,0.02
6/23/2020 8:00,1.0,0.06
6/23/2020 9:00,3.0,0.18
6/23/2020 10:00,5.25,0.32
6/23/2020 11:00,7.75,0.47
6/23/2020 12:00,9.5,0.58
6/23/2020 13:00,11.0,0.67
6/23/2020 14:00,10.5,0.64
6/23/2020 15:00,6.75,0.41
6/23/2020 16:00,6.5,0.4
6/23/2020 17:00,8.5,0.52
6/23/2020 18:00,7.0,0.43
6/23/2020 19:00,4.0,0.25
6/23/2020 20:00,1.5,0.09
6/23/2020 21:00,0.25,0.02
6/23/2020 22:00,0.0,0.0
6/23/2020 23:00,0.0,0.0
6/24/2020 0:00,0.0,0.0
6/24/2020 1:00,0.0,0.0
6/24/2020 2:00,0.0,0.0
6/24/2020 3:00,0.0,0.0
6/24/2020 4:00,0.0,0.0
6/24/2020 5:00,0.0,0.0
6/24/2020 6:00,0.0,0.0
6/24/2020 7:00,0.0,0.0
6/24/2020 8:00,1.0,0.06
6/24/2020 9:00,3.0,0.18
6/24/2020 10:00,5.25,0.32
6/24/2020 11:00,7.75,0.47
6/24/2020 12:00,9.5,0.58
6/24/2020 13:00,11.0,0.67
6/24/2020 14:00,11.25,0.69
6/24/2020 15:00,11.5,0.7
6/24/2020 16:00,10.75,0.66
6/24/2020 17:00,9.0,0.55
6/24/2020 18:00,7.0,0.43
6/24/2020 19:00,4.0,0.25
6/24/2020 20:00,1.5,0.09
6/24/2020 21:00,0.25,0.02
6/24/2020 22:00,0.0,0.0
6/24/2020 23:00,0.0,0.0
6/25/2020 0:00,0.0,0.0
6/25/2020 1:00,0.0,0.0
6/25/2020 2:00,0.0,0.0
6/25/2020 3:00,0.0,0.0
6/25/2020 4:00,0.0,0.0
6/25/2020 5:00,0.0,0.0
6/25/2020 6:00,0.0,0.0
6/25/2020 7:00,0.0,0.0
6/25/2020 8:00,1.0,0.06
6/25/2020 9:00,3.0,0.18
6/25/2020 10:00,6.0,0.37
6/25/2020 11:00,6.25,0.38
6/25/2020 12:00,8.75,0.54
6/25/2020 13:00,11.0,0.67
6/25/2020 14:00,11.5,0.7
6/25/2020 15:00,11.75,0.72
6/25/2020 16:00,11.0,0.67
6/25/2020 17:00,9.5,0.58
6/25/2020 18:00,7.25,0.44
6/25/2020 19:00,4.25,0.26
6/25/2020 20:00,1.5,0.09
6/25/2020 21:00,0.0,0.0
6/25/2020 22:00,0.0,0.0
6/25/2020 23:00,0.0,0.0
6/26/2020 0:00,0.0,0.0
6/26/2020 1:00,0.0,0.0
6/26/2020 2:00,0.0,0.0
6/26/2020 3:00,0.0,0.0
6/26/2020 4:00,0.0,0.0
6/26/2020 5:00,0.0,0.0
6/26/2020 6:00,0.0,0.0
6/26/2020 7:00,0.25,0.02
6/26/2020 8:00,1.0,0.06
6/26/2020 9:00,3.25,0.2
6/26/2020 10:00,5.75,0.35
6/26/2020 11:00,8.25,0.51
6/26/2020 12:00,10.25,0.63
6/26/2020 13:00,11.75,0.72
6/26/2020 14:00,12.5,0.77
6/26/2020 15:00,12.5,0.77
6/26/2020 16:00,9.75,0.6
6/26/2020 17:00,6.75,0.41
6/26/2020 18:00,7.75,0.47
6/26/2020 19:00,4.25,0.26
6/26/2020 20:00,1.5,0.09
6/26/2020 21:00,0.0,0.0
6/26/2020 22:00,0.0,0.0
6/26/2020 23:00,0.0,0.0
6/27/2020 0:00,0.0,0.0
6/27/2020 1:00,0.0,0.0
6/27/2020 2:00,0.0,0.0
6/27/2020 3:00,0.0,0.0
6/27/2020 4:00,0.0,0.0
6/27/2020 5:00,0.0,0.0
6/27/2020 6:00,0.0,0.0
6/27/2020 7:00,0.25,0.02
6/27/2020 8:00,1.0,0.06
6/27/2020 9:00,3.0,0.18
6/27/2020 10:00,5.5,0.34
6/27/2020 11:00,8.0,0.49
6/27/2020 12:00,9.75,0.6
6/27/2020 13:00,11.5,0.7
6/27/2020 14:00,12.25,0.75
6/27/2020 15:00,12.25,0.75
6/27/2020 16:00,11.25,0.69
6/27/2020 17:00,9.75,0.6
6/27/2020 18:00,7.25,0.44
6/27/2020 19:00,4.25,0.26
6/27/2020 20:00,1.25,0.08
6/27/2020 21:00,0.25,0.02
6/27/2020 22:00,0.0,0.0
6/27/2020 23:00,0.0,0.0
6/28/2020 0:00,0.0,0.0
6/28/2020 1:00,0.0,0.0
6/28/2020 2:00,0.0,0.0
6/28/2020 3:00,0.0,0.0
6/28/2020 4:00,0.0,0.0
6/28/2020 5:00,0.0,0.0
6/28/2020 6:00,0.0,0.0
6/28/2020 7:00,0.0,0.0
6/28/2020 8:00,1.0,0.06
6/28/2020 9:00,3.0,0.18
6/28/2020 10:00,5.5,0.34
6/28/2020 11:00,8.0,0.49
6/28/2020 12:00,10.0,0.61
6/28/2020 13:00,11.25,0.69
6/28/2020 14:00,11.75,0.72
6/28/2020 15:00,12.0,0.74
6/28/2020 16:00,11.0,0.67
6/28/2020 17:00,9.5,0.58
6/28/2020 18:00,7.0,0.43
6/28/2020 19:00,4.25,0.26
6/28/2020 20:00,1.25,0.08
6/28/2020 21:00,0.0,0.0
6/28/2020 22:00,0.0,0.0
6/28/2020 23:00,0.0,0.0
6/29/2020 0:00,0.0,0.0
6/29/2020 1:00,0.0,0.0
6/29/2020 2:00,0.0,0.0
6/29/2020 3:00,0.0,0.0
6/29/2020 4:00,0.0,0.0
6/29/2020 5:00,0.0,0.0
6/29/2020 6:00,0.0,0.0
6/29/2020 7:00,0.25,0.02
6/29/2020 8:00,0.75,0.05
6/29/2020 9:00,3.0,0.18
6/29/2020 10:00,5.5,0.34
6/29/2020 11:00,7.75,0.47
6/29/2020 12:00,10.0,0.61
6/29/2020 13:00,11.25,0.69
6/29/2020 14:00,11.75,0.72
6/29/2020 15:00,12.0,0.74
6/29/2020 16:00,11.0,0.67
6/29/2020 17:00,9.5,0.58
6/29/2020 18:00,7.25,0.44
6/29/2020 19:00,3.75,0.23
6/29/2020 20:00,1.5,0.09
6/29/2020 21:00,0.0,0.0
6/29/2020 22:00,0.0,0.0
6/29/2020 23:00,0.0,0.0
6/30/2020 0:00,0.0,0.0
6/30/2020 1:00,0.0,0.0
6/30/2020 2:00,0.0,0.0
6/30/2020 3:00,0.0,0.0
6/30/2020 4:00,0.0,0.0
6/30/2020 5:00,0.0,0.0
6/30/2020 6:00,0.0,0.0
6/30/2020 7:00,0.25,0.02
6/30/2020 8:00,1.0,0.06
6/30/2020 9:00,2.75,0.17
6/30/2020 10:00,5.5,0.34
6/30/2020 11:00,7.75,0.47
6/30/2020 12:00,9.75,0.6
6/30/2020 13:00,10.75,0.66
6/30/2020 14:00,11.5,0.7
6/30/2020 15:00,11.5,0.7
6/30/2020 16:00,10.75,0.66
6/30/2020 17:00,9.25,0.57
6/30/2020 18:00,7.5,0.46
6/30/2020 19:00,4.25,0.26
6/30/2020 20:00,1.5,0.09
6/30/2020 21:00,0.0,0.0
6/30/2020 22:00,0.0,0.0
6/30/2020 23:00,0.0,0.0
7/1/2020 0:00,0.0,0.0
7/1/2020 1:00,0.0,0.0
7/1/2020 2:00,0.0,0.0
7/1/2020 3:00,0.0,0.0
7/1/2020 4:00,0.0,0.0
7/1/2020 5:00,0.0,0.0
7/1/2020 6:00,0.0,0.0
7/1/2020 7:00,0.25,0.02
7/1/2020 8:00,1.0,0.06
7/1/2020 9:00,3.0,0.18
7/1/2020 10:00,5.5,0.34
7/1/2020 11:00,8.0,0.49
7/1/2020 12:00,10.0,0.61
7/1/2020 13:00,11.5,0.7
7/1/2020 14:00,12.25,0.75
7/1/2020 15:00,12.25,0.75
7/1/2020 16:00,11.5,0.7
7/1/2020 17:00,9.5,0.58
7/1/2020 18:00,7.0,0.43
7/1/2020 19:00,4.25,0.26
7/1/2020 20:00,1.5,0.09
7/1/2020 21:00,0.25,0.02
7/1/2020 22:00,0.0,0.0
7/1/2020 23:00,0.0,0.0
7/2/2020 0:00,0.0,0.0
7/2/2020 1:00,0.0,0.0
7/2/2020 2:00,0.0,0.0
7/2/2020 3:00,0.0,0.0
7/2/2020 4:00,0.0,0.0
7/2/2020 5:00,0.0,0.0
7/2/2020 6:00,0.0,0.0
7/2/2020 7:00,0.0,0.0
7/2/2020 8:00,0.75,0.05
7/2/2020 9:00,3.25,0.2
7/2/2020 10:00,5.5,0.34
7/2/2020 11:00,7.75,0.47
7/2/2020 12:00,10.0,0.61
7/2/2020 13:00,11.25,0.69
7/2/2020 14:00,12.0,0.74
7/2/2020 15:00,12.25,0.75
7/2/2020 16:00,11.0,0.67
7/2/2020 17:00,9.25,0.57
7/2/2020 18:00,7.0,0.43
7/2/2020 19:00,4.25,0.26
7/2/2020 20:00,1.5,0.09
7/2/2020 21:00,0.0,0.0
7/2/2020 22:00,0.0,0.0
7/2/2020 23:00,0.0,0.0
7/3/2020 0:00,0.0,0.0
7/3/2020 1:00,0.0,0.0
7/3/2020 2:00,0.0,0.0
7/3/2020 3:00,0.0,0.0
7/3/2020 4:00,0.0,0.0
7/3/2020 5:00,0.0,0.0
7/3/2020 6:00,0.0,0.0
7/3/2020 7:00,0.0,0.0
7/3/2020 8:00,1.0,0.06
7/3/2020 9:00,3.25,0.2
7/3/2020 10:00,5.5,0.34
7/3/2020 11:00,8.25,0.51
7/3/2020 12:00,10.25,0.63
7/3/2020 13:00,11.75,0.72
7/3/2020 14:00,12.5,0.77
7/3/2020 15:00,12.5,0.77
7/3/2020 16:00,11.25,0.69
7/3/2020 17:00,9.75,0.6
7/3/2020 18:00,7.25,0.44
7/3/2020 19:00,4.25,0.26
7/3/2020 20:00,1.5,0.09
7/3/2020 21:00,0.25,0.02
7/3/2020 22:00,0.0,0.0
7/3/2020 23:00,0.0,0.0
7/4/2020 0:00,0.0,0.0
7/4/2020 1:00,0.0,0.0
7/4/2020 2:00,0.0,0.0
7/4/2020 3:00,0.0,0.0
7/4/2020 4:00,0.0,0.0
7/4/2020 5:00,0.0,0.0
7/4/2020 6:00,0.0,0.0
7/4/2020 7:00,0.0,0.0
7/4/2020 8:00,0.75,0.05
7/4/2020 9:00,3.0,0.18
7/4/2020 10:00,5.5,0.34
7/4/2020 11:00,7.75,0.47
7/4/2020 12:00,9.75,0.6
7/4/2020 13:00,11.0,0.67
7/4/2020 14:00,11.5,0.7
7/4/2020 15:00,12.0,0.74
7/4/2020 16:00,11.25,0.69
7/4/2020 17:00,9.5,0.58
7/4/2020 18:00,7.25,0.44
7/4/2020 19:00,4.25,0.26
7/4/2020 20:00,1.25,0.08
7/4/2020 21:00,0.25,0.02
7/4/2020 22:00,0.0,0.0
7/4/2020 23:00,0.0,0.0
7/5/2020 0:00,0.0,0.0
7/5/2020 1:00,0.0,0.0
7/5/2020 2:00,0.0,0.0
7/5/2020 3:00,0.0,0.0
7/5/2020 4:00,0.0,0.0
7/5/2020 5:00,0.0,0.0
7/5/2020 6:00,0.0,0.0
7/5/2020 7:00,0.0,0.0
7/5/2020 8:00,1.0,0.06
7/5/2020 9:00,2.75,0.17
7/5/2020 10:00,5.25,0.32
7/5/2020 11:00,7.5,0.46
7/5/2020 12:00,9.5,0.58
7/5/2020 13:00,10.5,0.64
7/5/2020 14:00,11.25,0.69
7/5/2020 15:00,11.5,0.7
7/5/2020 16:00,10.75,0.66
7/5/2020 17:00,9.25,0.57
7/5/2020 18:00,7.0,0.43
7/5/2020 19:00,4.0,0.25
7/5/2020 20:00,1.5,0.09
7/5/2020 21:00,0.0,0.0
7/5/2020 22:00,0.0,0.0
7/5/2020 23:00,0.0,0.0
7/6/2020 0:00,0.0,0.0
7/6/2020 1:00,0.0,0.0
7/6/2020 2:00,0.0,0.0
7/6/2020 3:00,0.0,0.0
7/6/2020 4:00,0.0,0.0
7/6/2020 5:00,0.0,0.0
7/6/2020 6:00,0.0,0.0
7/6/2020 7:00,0.25,0.02
7/6/2020 8:00,0.75,0.05
7/6/2020 9:00,3.0,0.18
7/6/2020 10:00,5.0,0.31
7/6/2020 11:00,7.75,0.47
7/6/2020 12:00,9.75,0.6
7/6/2020 13:00,11.0,0.67
7/6/2020 14:00,11.75,0.72
7/6/2020 15:00,12.0,0.74
7/6/2020 16:00,10.75,0.66
7/6/2020 17:00,9.25,0.57
7/6/2020 18:00,6.5,0.4
7/6/2020 19:00,4.0,0.25
7/6/2020 20:00,1.25,0.08
7/6/2020 21:00,0.25,0.02
7/6/2020 22:00,0.0,0.0
7/6/2020 23:00,0.0,0.0
7/7/2020 0:00,0.0,0.0
7/7/2020 1:00,0.0,0.0
7/7/2020 2:00,0.0,0.0
7/7/2020 3:00,0.0,0.0
7/7/2020 4:00,0.0,0.0
7/7/2020 5:00,0.0,0.0
7/7/2020 6:00,0.0,0.0
7/7/2020 7:00,0.25,0.02
7/7/2020 8:00,0.75,0.05
7/7/2020 9:00,2.75,0.17
7/7/2020 10:00,4.5,0.28
7/7/2020 11:00,7.0,0.43
7/7/2020 12:00,8.75,0.54
7/7/2020 13:00,10.0,0.61
7/7/2020 14:00,9.5,0.58
7/7/2020 15:00,10.5,0.64
7/7/2020 16:00,9.75,0.6
7/7/2020 17:00,8.25,0.51
7/7/2020 18:00,5.0,0.31
7/7/2020 19:00,3.25,0.2
7/7/2020 20:00,1.25,0.08
7/7/2020 21:00,0.0,0.0
7/7/2020 22:00,0.0,0.0
7/7/2020 23:00,0.0,0.0
7/8/2020 0:00,0.0,0.0
7/8/2020 1:00,0.0,0.0
7/8/2020 2:00,0.0,0.0
7/8/2020 3:00,0.0,0.0
7/8/2020 4:00,0.0,0.0
7/8/2020 5:00,0.0,0.0
7/8/2020 6:00,0.0,0.0
7/8/2020 7:00,0.25,0.02
7/8/2020 8:00,0.75,0.05
7/8/2020 9:00,2.75,0.17
7/8/2020 10:00,5.25,0.32
7/8/2020 11:00,8.0,0.49
7/8/2020 12:00,9.75,0.6
7/8/2020 13:00,11.25,0.69
7/8/2020 14:00,11.75,0.72
7/8/2020 15:00,12.0,0.74
7/8/2020 16:00,11.0,0.67
7/8/2020 17:00,9.5,0.58
7/8/2020 18:00,7.25,0.44
7/8/2020 19:00,4.25,0.26
7/8/2020 20:00,1.5,0.09
7/8/2020 21:00,0.0,0.0
7/8/2020 22:00,0.0,0.0
7/8/2020 23:00,0.0,0.0
7/9/2020 0:00,0.0,0.0
7/9/2020 1:00,0.0,0.0
7/9/2020 2:00,0.0,0.0
7/9/2020 3:00,0.0,0.0
7/9/2020 4:00,0.0,0.0
7/9/2020 5:00,0.0,0.0
7/9/2020 6:00,0.0,0.0
7/9/2020 7:00,0.25,0.02
7/9/2020 8:00,0.75,0.05
7/9/2020 9:00,3.0,0.18
7/9/2020 10:00,5.0,0.31
7/9/2020 11:00,7.5,0.46
7/9/2020 12:00,9.5,0.58
7/9/2020 13:00,11.0,0.67
7/9/2020 14:00,11.75,0.72
7/9/2020 15:00,12.25,0.75
7/9/2020 16:00,10.75,0.66
7/9/2020 17:00,9.5,0.58
7/9/2020 18:00,7.25,0.44
7/9/2020 19:00,4.0,0.25
7/9/2020 20:00,1.5,0.09
7/9/2020 21:00,0.25,0.02
7/9/2020 22:00,0.0,0.0
7/9/2020 23:00,0.0,0.0
7/10/2020 0:00,0.0,0.0
7/10/2020 1:00,0.0,0.0
7/10/2020 2:00,0.0,0.0
7/10/2020 3:00,0.0,0.0
7/10/2020 4:00,0.0,0.0
7/10/2020 5:00,0.0,0.0
7/10/2020 6:00,0.0,0.0
7/10/2020 7:00,0.0,0.0
7/10/2020 8:00,1.0,0.06
7/10/2020 9:00,2.75,0.17
7/10/2020 10:00,5.0,0.31
7/10/2020 11:00,7.75,0.47
7/10/2020 12:00,9.5,0.58
7/10/2020 13:00,11.0,0.67
7/10/2020 14:00,11.75,0.72
7/10/2020 15:00,11.5,0.7
7/10/2020 16:00,11.0,0.67
7/10/2020 17:00,9.25,0.57
7/10/2020 18:00,7.0,0.43
7/10/2020 19:00,4.0,0.25
7/10/2020 20:00,1.25,0.08
7/10/2020 21:00,0.25,0.02
7/10/2020 22:00,0.0,0.0
7/10/2020 23:00,0.0,0.0
7/11/2020 0:00,0.0,0.0
7/11/2020 1:00,0.0,0.0
7/11/2020 2:00,0.0,0.0
7/11/2020 3:00,0.0,0.0
7/11/2020 4:00,0.0,0.0
7/11/2020 5:00,0.0,0.0
7/11/2020 6:00,0.0,0.0
7/11/2020 7:00,0.0,0.0
7/11/2020 8:00,1.0,0.06
7/11/2020 9:00,2.5,0.15
7/11/2020 10:00,5.0,0.31
7/11/2020 11:00,7.5,0.46
7/11/2020 12:00,9.25,0.57
7/11/2020 13:00,10.5,0.64
7/11/2020 14:00,11.25,0.69
7/11/2020 15:00,11.0,0.67
7/11/2020 16:00,10.5,0.64
7/11/2020 17:00,8.5,0.52
7/11/2020 18:00,6.75,0.41
7/11/2020 19:00,4.0,0.25
7/11/2020 20:00,1.25,0.08
7/11/2020 21:00,0.25,0.02
7/11/2020 22:00,0.0,0.0
7/11/2020 23:00,0.0,0.0
7/12/2020 0:00,0.0,0.0
7/12/2020 1:00,0.0,0.0
7/12/2020 2:00,0.0,0.0
7/12/2020 3:00,0.0,0.0
7/12/2020 4:00,0.0,0.0
7/12/2020 5:00,0.0,0.0
7/12/2020 6:00,0.0,0.0
7/12/2020 7:00,0.0,0.0
7/12/2020 8:00,0.75,0.05
7/12/2020 9:00,2.5,0.15
7/12/2020 10:00,5.0,0.31
7/12/2020 11:00,7.5,0.46
7/12/2020 12:00,9.25,0.57
7/12/2020 13:00,10.75,0.66
7/12/2020 14:00,11.5,0.7
7/12/2020 15:00,11.5,0.7
7/12/2020 16:00,10.5,0.64
7/12/2020 17:00,9.0,0.55
7/12/2020 18:00,6.75,0.41
7/12/2020 19:00,4.0,0.25
7/12/2020 20:00,1.25,0.08
7/12/2020 21:00,0.25,0.02
7/12/2020 22:00,0.0,0.0
7/12/2020 23:00,0.0,0.0
7/13/2020 0:00,0.0,0.0
7/13/2020 1:00,0.0,0.0
7/13/2020 2:00,0.0,0.0
7/13/2020 3:00,0.0,0.0
7/13/2020 4:00,0.0,0.0
7/13/2020 5:00,0.0,0.0
7/13/2020 6:00,0.0,0.0
7/13/2020 7:00,0.0,0.0
7/13/2020 8:00,0.75,0.05
7/13/2020 9:00,2.5,0.15
7/13/2020 10:00,4.75,0.29
7/13/2020 11:00,7.5,0.46
7/13/2020 12:00,9.25,0.57
7/13/2020 13:00,10.75,0.66
7/13/2020 14:00,11.75,0.72
7/13/2020 15:00,11.5,0.7
7/13/2020 16:00,11.0,0.67
7/13/2020 17:00,9.0,0.55
7/13/2020 18:00,6.75,0.41
7/13/2020 19:00,4.0,0.25
7/13/2020 20:00,1.0,0.06
7/13/2020 21:00,0.25,0.02
7/13/2020 22:00,0.0,0.0
7/13/2020 23:00,0.0,0.0
7/14/2020 0:00,0.0,0.0
7/14/2020 1:00,0.0,0.0
7/14/2020 2:00,0.0,0.0
7/14/2020 3:00,0.0,0.0
7/14/2020 4:00,0.0,0.0
7/14/2020 5:00,0.0,0.0
7/14/2020 6:00,0.0,0.0
7/14/2020 7:00,0.0,0.0
7/14/2020 8:00,1.0,0.06
7/14/2020 9:00,2.5,0.15
7/14/2020 10:00,4.5,0.28
7/14/2020 11:00,7.25,0.44
7/14/2020 12:00,9.25,0.57
7/14/2020 13:00,10.5,0.64
7/14/2020 14:00,11.25,0.69
7/14/2020 15:00,11.75,0.72
7/14/2020 16:00,10.5,0.64
7/14/2020 17:00,9.0,0.55
7/14/2020 18:00,6.75,0.41
7/14/2020 19:00,4.0,0.25
7/14/2020 20:00,1.0,0.06
7/14/2020 21:00,0.25,0.02
7/14/2020 22:00,0.0,0.0
7/14/2020 23:00,0.0,0.0
7/15/2020 0:00,0.0,0.0
7/15/2020 1:00,0.0,0.0
7/15/2020 2:00,0.0,0.0
7/15/2020 3:00,0.0,0.0
7/15/2020 4:00,0.0,0.0
7/15/2020 5:00,0.0,0.0
7/15/2020 6:00,0.0,0.0
7/15/2020 7:00,0.0,0.0
7/15/2020 8:00,0.75,0.05
7/15/2020 9:00,2.5,0.15
7/15/2020 10:00,4.75,0.29
7/15/2020 11:00,7.0,0.43
7/15/2020 12:00,3.25,0.2
7/15/2020 13:00,0.0,0.0
7/15/2020 14:00,0.0,0.0
7/15/2020 15:00,7.75,0.47
7/15/2020 16:00,8.0,0.49
7/15/2020 17:00,7.5,0.46
7/15/2020 18:00,7.0,0.43
7/15/2020 19:00,3.75,0.23
7/15/2020 20:00,1.5,0.09
7/15/2020 21:00,0.0,0.0
7/15/2020 22:00,0.0,0.0
7/15/2020 23:00,0.0,0.0
7/16/2020 0:00,0.0,0.0
7/16/2020 1:00,0.0,0.0
7/16/2020 2:00,0.0,0.0
7/16/2020 3:00,0.0,0.0
7/16/2020 4:00,0.0,0.0
7/16/2020 5:00,0.0,0.0
7/16/2020 6:00,0.0,0.0
7/16/2020 7:00,0.25,0.02
7/16/2020 8:00,0.75,0.05
7/16/2020 9:00,2.5,0.15
7/16/2020 10:00,5.0,0.31
7/16/2020 11:00,7.5,0.46
7/16/2020 12:00,9.25,0.57
7/16/2020 13:00,10.5,0.64
7/16/2020 14:00,11.25,0.69
7/16/2020 15:00,11.25,0.69
7/16/2020 16:00,10.5,0.64
7/16/2020 17:00,9.25,0.57
7/16/2020 18:00,7.0,0.43
7/16/2020 19:00,3.75,0.23
7/16/2020 20:00,1.25,0.08
7/16/2020 21:00,0.25,0.02
7/16/2020 22:00,0.0,0.0
7/16/2020 23:00,0.0,0.0
7/17/2020 0:00,0.0,0.0
7/17/2020 1:00,0.0,0.0
7/17/2020 2:00,0.0,0.0
7/17/2020 3:00,0.0,0.0
7/17/2020 4:00,0.0,0.0
7/17/2020 5:00,0.0,0.0
7/17/2020 6:00,0.0,0.0
7/17/2020 7:00,0.0,0.0
7/17/2020 8:00,0.75,0.05
7/17/2020 9:00,2.5,0.15
7/17/2020 10:00,4.75,0.29
7/17/2020 11:00,7.5,0.46
7/17/2020 12:00,9.0,0.55
7/17/2020 13:00,10.25,0.63
7/17/2020 14:00,11.0,0.67
7/17/2020 15:00,11.0,0.67
7/17/2020 16:00,10.25,0.63
7/17/2020 17:00,9.0,0.55
7/17/2020 18:00,6.5,0.4
7/17/2020 19:00,3.75,0.23
7/17/2020 20:00,1.25,0.08
7/17/2020 21:00,0.25,0.02
7/17/2020 22:00,0.0,0.0
7/17/2020 23:00,0.0,0.0
7/18/2020 0:00,0.0,0.0
7/18/2020 1:00,0.0,0.0
7/18/2020 2:00,0.0,0.0
7/18/2020 3:00,0.0,0.0
7/18/2020 4:00,0.0,0.0
7/18/2020 5:00,0.0,0.0
7/18/2020 6:00,0.0,0.0
7/18/2020 7:00,0.25,0.02
7/18/2020 8:00,0.75,0.05
7/18/2020 9:00,2.25,0.14
7/18/2020 10:00,4.75,0.29
7/18/2020 11:00,7.5,0.46
7/18/2020 12:00,9.25,0.57
7/18/2020 13:00,10.25,0.63
7/18/2020 14:00,11.0,0.67
7/18/2020 15:00,11.25,0.69
7/18/2020 16:00,10.75,0.66
7/18/2020 17:00,9.25,0.57
7/18/2020 18:00,6.75,0.41
7/18/2020 19:00,3.75,0.23
7/18/2020 20:00,1.25,0.08
7/18/2020 21:00,0.25,0.02
7/18/2020 22:00,0.0,0.0
7/18/2020 23:00,0.0,0.0
7/19/2020 0:00,0.0,0.0
7/19/2020 1:00,0.0,0.0
7/19/2020 2:00,0.0,0.0
7/19/2020 3:00,0.0,0.0
7/19/2020 4:00,0.0,0.0
7/19/2020 5:00,0.0,0.0
7/19/2020 6:00,0.0,0.0
7/19/2020 7:00,0.0,0.0
7/19/2020 8:00,0.75,0.05
7/19/2020 9:00,2.5,0.15
7/19/2020 10:00,5.0,0.31
7/19/2020 11:00,7.25,0.44
7/19/2020 12:00,9.25,0.57
7/19/2020 13:00,10.5,0.64
7/19/2020 14:00,11.5,0.7
7/19/2020 15:00,10.75,0.66
7/19/2020 16:00,11.0,0.67
7/19/2020 17:00,9.25,0.57
7/19/2020 18:00,7.0,0.43
7/19/2020 19:00,3.75,0.23
7/19/2020 20:00,1.5,0.09
7/19/2020 21:00,0.0,0.0
7/19/2020 22:00,0.0,0.0
7/19/2020 23:00,0.0,0.0
7/20/2020 0:00,0.0,0.0
7/20/2020 1:00,0.0,0.0
7/20/2020 2:00,0.0,0.0
7/20/2020 3:00,0.0,0.0
7/20/2020 4:00,0.0,0.0
7/20/2020 5:00,0.0,0.0
7/20/2020 6:00,0.0,0.0
7/20/2020 7:00,0.25,0.02
7/20/2020 8:00,0.75,0.05
7/20/2020 9:00,2.25,0.14
7/20/2020 10:00,5.0,0.31
7/20/2020 11:00,7.25,0.44
7/20/2020 12:00,9.25,0.57
7/20/2020 13:00,10.25,0.63
7/20/2020 14:00,10.5,0.64
7/20/2020 15:00,9.25,0.57
7/20/2020 16:00,10.25,0.63
7/20/2020 17:00,8.5,0.52
7/20/2020 18:00,6.5,0.4
7/20/2020 19:00,3.25,0.2
7/20/2020 20:00,1.0,0.06
7/20/2020 21:00,0.25,0.02
7/20/2020 22:00,0.0,0.0
7/20/2020 23:00,0.0,0.0
7/21/2020 0:00,0.0,0.0
7/21/2020 1:00,0.0,0.0
7/21/2020 2:00,0.0,0.0
7/21/2020 3:00,0.0,0.0
7/21/2020 4:00,0.0,0.0
7/21/2020 5:00,0.0,0.0
7/21/2020 6:00,0.0,0.0
7/21/2020 7:00,0.0,0.0
7/21/2020 8:00,0.75,0.05
7/21/2020 9:00,2.0,0.12
7/21/2020 10:00,5.25,0.32
7/21/2020 11:00,6.75,0.41
7/21/2020 12:00,9.25,0.57
7/21/2020 13:00,10.5,0.64
7/21/2020 14:00,11.0,0.67
7/21/2020 15:00,11.5,0.7
7/21/2020 16:00,11.0,0.67
7/21/2020 17:00,9.75,0.6
7/21/2020 18:00,7.25,0.44
7/21/2020 19:00,4.0,0.25
7/21/2020 20:00,1.25,0.08
7/21/2020 21:00,0.25,0.02
7/21/2020 22:00,0.0,0.0
7/21/2020 23:00,0.0,0.0
7/22/2020 0:00,0.0,0.0
7/22/2020 1:00,0.0,0.0
7/22/2020 2:00,0.0,0.0
7/22/2020 3:00,0.0,0.0
7/22/2020 4:00,0.0,0.0
7/22/2020 5:00,0.0,0.0
7/22/2020 6:00,0.0,0.0
7/22/2020 7:00,0.0,0.0
7/22/2020 8:00,0.75,0.05
7/22/2020 9:00,2.5,0.15
7/22/2020 10:00,4.75,0.29
7/22/2020 11:00,7.5,0.46
7/22/2020 12:00,9.0,0.55
7/22/2020 13:00,10.5,0.64
7/22/2020 14:00,11.25,0.69
7/22/2020 15:00,11.75,0.72
7/22/2020 16:00,11.0,0.67
7/22/2020 17:00,9.0,0.55
7/22/2020 18:00,7.0,0.43
7/22/2020 19:00,3.5,0.21
7/22/2020 20:00,1.25,0.08
7/22/2020 21:00,0.0,0.0
7/22/2020 22:00,0.0,0.0
7/22/2020 23:00,0.0,0.0
7/23/2020 0:00,0.0,0.0
7/23/2020 1:00,0.0,0.0
7/23/2020 2:00,0.0,0.0
7/23/2020 3:00,0.0,0.0
7/23/2020 4:00,0.0,0.0
7/23/2020 5:00,0.0,0.0
7/23/2020 6:00,0.0,0.0
7/23/2020 7:00,0.0,0.0
7/23/2020 8:00,0.75,0.05
7/23/2020 9:00,2.25,0.14
7/23/2020 10:00,4.75,0.29
7/23/2020 11:00,7.5,0.46
7/23/2020 12:00,9.25,0.57
7/23/2020 13:00,10.75,0.66
7/23/2020 14:00,11.5,0.7
7/23/2020 15:00,11.25,0.69
7/23/2020 16:00,11.0,0.67
7/23/2020 17:00,9.0,0.55
7/23/2020 18:00,6.75,0.41
7/23/2020 19:00,3.75,0.23
7/23/2020 20:00,1.0,0.06
7/23/2020 21:00,0.25,0.02
7/23/2020 22:00,0.0,0.0
7/23/2020 23:00,0.0,0.0
7/24/2020 0:00,0.0,0.0
7/24/2020 1:00,0.0,0.0
7/24/2020 2:00,0.0,0.0
7/24/2020 3:00,0.0,0.0
7/24/2020 4:00,0.0,0.0
7/24/2020 5:00,0.0,0.0
7/24/2020 6:00,0.0,0.0
7/24/2020 7:00,0.0,0.0
7/24/2020 8:00,0.5,0.03
7/24/2020 9:00,2.5,0.15
7/24/2020 10:00,5.0,0.31
7/24/2020 11:00,7.75,0.47
7/24/2020 12:00,9.5,0.58
7/24/2020 13:00,10.75,0.66
7/24/2020 14:00,11.75,0.72
7/24/2020 15:00,11.75,0.72
7/24/2020 16:00,11.25,0.69
7/24/2020 17:00,9.25,0.57
7/24/2020 18:00,7.25,0.44
7/24/2020 19:00,3.75,0.23
7/24/2020 20:00,1.0,0.06
7/24/2020 21:00,0.25,0.02
7/24/2020 22:00,0.0,0.0
7/24/2020 23:00,0.0,0.0
7/25/2020 0:00,0.0,0.0
7/25/2020 1:00,0.0,0.0
7/25/2020 2:00,0.0,0.0
7/25/2020 3:00,0.0,0.0
7/25/2020 4:00,0.0,0.0
7/25/2020 5:00,0.0,0.0
7/25/2020 6:00,0.0,0.0
7/25/2020 7:00,0.0,0.0
7/25/2020 8:00,0.5,0.03
7/25/2020 9:00,2.5,0.15
7/25/2020 10:00,5.0,0.31
7/25/2020 11:00,7.5,0.46
7/25/2020 12:00,9.25,0.57
7/25/2020 13:00,10.75,0.66
7/25/2020 14:00,11.5,0.7
7/25/2020 15:00,11.75,0.72
7/25/2020 16:00,10.75,0.66
7/25/2020 17:00,9.5,0.58
7/25/2020 18:00,7.0,0.43
7/25/2020 19:00,3.75,0.23
7/25/2020 20:00,1.0,0.06
7/25/2020 21:00,0.0,0.0
7/25/2020 22:00,0.0,0.0
7/25/2020 23:00,0.0,0.0
7/26/2020 0:00,0.0,0.0
7/26/2020 1:00,0.0,0.0
7/26/2020 2:00,0.0,0.0
7/26/2020 3:00,0.0,0.0
7/26/2020 4:00,0.0,0.0
7/26/2020 5:00,0.0,0.0
7/26/2020 6:00,0.0,0.0
7/26/2020 7:00,0.0,0.0
7/26/2020 8:00,0.75,0.05
7/26/2020 9:00,2.25,0.14
7/26/2020 10:00,4.75,0.29
7/26/2020 11:00,7.25,0.44
7/26/2020 12:00,8.75,0.54
7/26/2020 13:00,10.5,0.64
7/26/2020 14:00,11.25,0.69
7/26/2020 15:00,11.5,0.7
7/26/2020 16:00,10.75,0.66
7/26/2020 17:00,9.0,0.55
7/26/2020 18:00,6.5,0.4
7/26/2020 19:00,3.5,0.21
7/26/2020 20:00,1.0,0.06
7/26/2020 21:00,0.25,0.02
7/26/2020 22:00,0.0,0.0
7/26/2020 23:00,0.0,0.0
7/27/2020 0:00,0.0,0.0
7/27/2020 1:00,0.0,0.0
7/27/2020 2:00,0.0,0.0
7/27/2020 3:00,0.0,0.0
7/27/2020 4:00,0.0,0.0
7/27/2020 5:00,0.0,0.0
7/27/2020 6:00,0.0,0.0
7/27/2020 7:00,0.0,0.0
7/27/2020 8:00,0.5,0.03
7/27/2020 9:00,2.25,0.14
7/27/2020 10:00,4.75,0.29
7/27/2020 11:00,8.0,0.49
7/27/2020 12:00,10.5,0.64
7/27/2020 13:00,11.5,0.7
7/27/2020 14:00,12.0,0.74
7/27/2020 15:00,11.75,0.72
7/27/2020 16:00,10.75,0.66
7/27/2020 17:00,9.0,0.55
7/27/2020 18:00,6.5,0.4
7/27/2020 19:00,3.5,0.21
7/27/2020 20:00,1.0,0.06
7/27/2020 21:00,0.25,0.02
7/27/2020 22:00,0.0,0.0
7/27/2020 23:00,0.0,0.0
7/28/2020 0:00,0.0,0.0
7/28/2020 1:00,0.0,0.0
7/28/2020 2:00,0.0,0.0
7/28/2020 3:00,0.0,0.0
7/28/2020 4:00,0.0,0.0
7/28/2020 5:00,0.0,0.0
7/28/2020 6:00,0.0,0.0
7/28/2020 7:00,0.0,0.0
7/28/2020 8:00,0.75,0.05
7/28/2020 9:00,3.0,0.18
7/28/2020 10:00,6.5,0.4
7/28/2020 11:00,9.0,0.55
7/28/2020 12:00,10.75,0.66
7/28/2020 13:00,12.25,0.75
7/28/2020 14:00,12.75,0.78
7/28/2020 15:00,12.5,0.77
7/28/2020 16:00,11.5,0.7
7/28/2020 17:00,9.75,0.6
7/28/2020 18:00,7.0,0.43
7/28/2020 19:00,3.5,0.21
7/28/2020 20:00,1.0,0.06
7/28/2020 21:00,0.25,0.02
7/28/2020 22:00,0.0,0.0
7/28/2020 23:00,0.0,0.0
7/29/2020 0:00,0.0,0.0
7/29/2020 1:00,0.0,0.0
7/29/2020 2:00,0.0,0.0
7/29/2020 3:00,0.0,0.0
7/29/2020 4:00,0.0,0.0
7/29/2020 5:00,0.0,0.0
7/29/2020 6:00,0.0,0.0
7/29/2020 7:00,0.0,0.0
7/29/2020 8:00,0.75,0.05
7/29/2020 9:00,3.0,0.18
7/29/2020 10:00,6.5,0.4
7/29/2020 11:00,9.0,0.55
7/29/2020 12:00,11.0,0.67
7/29/2020 13:00,12.25,0.75
7/29/2020 14:00,12.75,0.78
7/29/2020 15:00,12.25,0.75
7/29/2020 16:00,11.5,0.7
7/29/2020 17:00,9.75,0.6
7/29/2020 18:00,7.0,0.43
7/29/2020 19:00,3.5,0.21
7/29/2020 20:00,1.0,0.06
7/29/2020 21:00,0.25,0.02
7/29/2020 22:00,0.0,0.0
7/29/2020 23:00,0.0,0.0
7/30/2020 0:00,0.0,0.0
7/30/2020 1:00,0.0,0.0
7/30/2020 2:00,0.0,0.0
7/30/2020 3:00,0.0,0.0
7/30/2020 4:00,0.0,0.0
7/30/2020 5:00,0.0,0.0
7/30/2020 6:00,0.0,0.0
7/30/2020 7:00,0.0,0.0
7/30/2020 8:00,0.25,0.02
7/30/2020 9:00,0.75,0.05
7/30/2020 10:00,1.75,0.11
7/30/2020 11:00,3.25,0.2
7/30/2020 12:00,4.0,0.25
7/30/2020 13:00,4.75,0.29
7/30/2020 14:00,10.0,0.61
7/30/2020 15:00,12.25,0.75
7/30/2020 16:00,11.25,0.69
7/30/2020 17:00,9.5,0.58
7/30/2020 18:00,7.0,0.43
7/30/2020 19:00,3.5,0.21
7/30/2020 20:00,1.0,0.06
7/30/2020 21:00,0.0,0.0
7/30/2020 22:00,0.0,0.0
7/30/2020 23:00,0.0,0.0
7/31/2020 0:00,0.0,0.0
7/31/2020 1:00,0.0,0.0
7/31/2020 2:00,0.0,0.0
7/31/2020 3:00,0.0,0.0
7/31/2020 4:00,0.0,0.0
7/31/2020 5:00,0.0,0.0
7/31/2020 6:00,0.0,0.0
7/31/2020 7:00,0.0,0.0
7/31/2020 8:00,1.0,0.06
7/31/2020 9:00,2.75,0.17
7/31/2020 10:00,4.5,0.28
7/31/2020 11:00,6.0,0.37
7/31/2020 12:00,6.75,0.41
7/31/2020 13:00,10.25,0.63
7/31/2020 14:00,11.25,0.69
7/31/2020 15:00,10.5,0.64
7/31/2020 16:00,10.25,0.63
7/31/2020 17:00,8.5,0.52
7/31/2020 18:00,5.75,0.35
7/31/2020 19:00,3.0,0.18
7/31/2020 20:00,1.25,0.08
7/31/2020 21:00,0.25,0.02
7/31/2020 22:00,0.0,0.0
7/31/2020 23:00,0.0,0.0
8/1/2020 0:00,0.0,0.0
8/1/2020 1:00,0.0,0.0
8/1/2020 2:00,0.0,0.0
8/1/2020 3:00,0.0,0.0
8/1/2020 4:00,0.0,0.0
8/1/2020 5:00,0.0,0.0
8/1/2020 6:00,0.0,0.0
8/1/2020 7:00,0.0,0.0
8/1/2020 8:00,1.0,0.06
8/1/2020 9:00,2.5,0.15
8/1/2020 10:00,5.5,0.34
8/1/2020 11:00,8.25,0.51
8/1/2020 12:00,10.25,0.63
8/1/2020 13:00,11.0,0.67
8/1/2020 14:00,11.5,0.7
8/1/2020 15:00,11.5,0.7
8/1/2020 16:00,10.25,0.63
8/1/2020 17:00,8.75,0.54
8/1/2020 18:00,6.0,0.37
8/1/2020 19:00,3.25,0.2
8/1/2020 20:00,1.0,0.06
8/1/2020 21:00,0.25,0.02
8/1/2020 22:00,0.0,0.0
8/1/2020 23:00,0.0,0.0
8/2/2020 0:00,0.0,0.0
8/2/2020 1:00,0.0,0.0
8/2/2020 2:00,0.0,0.0
8/2/2020 3:00,0.0,0.0
8/2/2020 4:00,0.0,0.0
8/2/2020 5:00,0.0,0.0
8/2/2020 6:00,0.0,0.0
8/2/2020 7:00,0.0,0.0
8/2/2020 8:00,0.75,0.05
8/2/2020 9:00,2.75,0.17
8/2/2020 10:00,6.0,0.37
8/2/2020 11:00,8.75,0.54
8/2/2020 12:00,10.75,0.66
8/2/2020 13:00,12.25,0.75
8/2/2020 14:00,12.5,0.77
8/2/2020 15:00,12.5,0.77
8/2/2020 16:00,11.5,0.7
8/2/2020 17:00,9.5,0.58
8/2/2020 18:00,7.0,0.43
8/2/2020 19:00,3.25,0.2
8/2/2020 20:00,1.0,0.06
8/2/2020 21:00,0.0,0.0
8/2/2020 22:00,0.0,0.0
8/2/2020 23:00,0.0,0.0
8/3/2020 0:00,0.0,0.0
8/3/2020 1:00,0.0,0.0
8/3/2020 2:00,0.0,0.0
8/3/2020 3:00,0.0,0.0
8/3/2020 4:00,0.0,0.0
8/3/2020 5:00,0.0,0.0
8/3/2020 6:00,0.0,0.0
8/3/2020 7:00,0.0,0.0
8/3/2020 8:00,0.75,0.05
8/3/2020 9:00,2.5,0.15
8/3/2020 10:00,5.25,0.32
8/3/2020 11:00,8.75,0.54
8/3/2020 12:00,9.75,0.6
8/3/2020 13:00,11.25,0.69
8/3/2020 14:00,12.0,0.74
8/3/2020 15:00,11.25,0.69
8/3/2020 16:00,6.75,0.41
8/3/2020 17:00,5.0,0.31
8/3/2020 18:00,5.0,0.31
8/3/2020 19:00,3.0,0.18
8/3/2020 20:00,1.0,0.06
8/3/2020 21:00,0.0,0.0
8/3/2020 22:00,0.0,0.0
8/3/2020 23:00,0.0,0.0
8/4/2020 0:00,0.0,0.0
8/4/2020 1:00,0.0,0.0
8/4/2020 2:00,0.0,0.0
8/4/2020 3:00,0.0,0.0
8/4/2020 4:00,0.0,0.0
8/4/2020 5:00,0.0,0.0
8/4/2020 6:00,0.0,0.0
8/4/2020 7:00,0.0,0.0
8/4/2020 8:00,1.0,0.06
8/4/2020 9:00,3.0,0.18
8/4/2020 10:00,5.75,0.35
8/4/2020 11:00,8.5,0.52
8/4/2020 12:00,10.25,0.63
8/4/2020 13:00,12.0,0.74
8/4/2020 14:00,12.0,0.74
8/4/2020 15:00,12.0,0.74
8/4/2020 16:00,10.5,0.64
8/4/2020 17:00,9.25,0.57
8/4/2020 18:00,6.25,0.38
8/4/2020 19:00,3.25,0.2
8/4/2020 20:00,0.75,0.05
8/4/2020 21:00,0.25,0.02
8/4/2020 22:00,0.0,0.0
8/4/2020 23:00,0.0,0.0
8/5/2020 0:00,0.0,0.0
8/5/2020 1:00,0.0,0.0
8/5/2020 2:00,0.0,0.0
8/5/2020 3:00,0.0,0.0
8/5/2020 4:00,0.0,0.0
8/5/2020 5:00,0.0,0.0
8/5/2020 6:00,0.0,0.0
8/5/2020 7:00,0.0,0.0
8/5/2020 8:00,0.5,0.03
8/5/2020 9:00,2.75,0.17
8/5/2020 10:00,5.75,0.35
8/5/2020 11:00,8.5,0.52
8/5/2020 12:00,10.25,0.63
8/5/2020 13:00,11.25,0.69
8/5/2020 14:00,11.5,0.7
8/5/2020 15:00,11.25,0.69
8/5/2020 16:00,10.5,0.64
8/5/2020 17:00,8.75,0.54
8/5/2020 18:00,6.5,0.4
8/5/2020 19:00,3.25,0.2
8/5/2020 20:00,0.75,0.05
8/5/2020 21:00,0.0,0.0
8/5/2020 22:00,0.0,0.0
8/5/2020 23:00,0.0,0.0
8/6/2020 0:00,0.0,0.0
8/6/2020 1:00,0.0,0.0
8/6/2020 2:00,0.0,0.0
8/6/2020 3:00,0.0,0.0
8/6/2020 4:00,0.0,0.0
8/6/2020 5:00,0.0,0.0
8/6/2020 6:00,0.0,0.0
8/6/2020 7:00,0.0,0.0
8/6/2020 8:00,0.75,0.05
8/6/2020 9:00,2.5,0.15
8/6/2020 10:00,5.75,0.35
8/6/2020 11:00,8.5,0.52
8/6/2020 12:00,10.0,0.61
8/6/2020 13:00,11.25,0.69
8/6/2020 14:00,11.5,0.7
8/6/2020 15:00,11.25,0.69
8/6/2020 16:00,10.25,0.63
8/6/2020 17:00,8.5,0.52
8/6/2020 18:00,6.0,0.37
8/6/2020 19:00,3.0,0.18
8/6/2020 20:00,1.0,0.06
8/6/2020 21:00,0.0,0.0
8/6/2020 22:00,0.0,0.0
8/6/2020 23:00,0.0,0.0
8/7/2020 0:00,0.0,0.0
8/7/2020 1:00,0.0,0.0
8/7/2020 2:00,0.0,0.0
8/7/2020 3:00,0.0,0.0
8/7/2020 4:00,0.0,0.0
8/7/2020 5:00,0.0,0.0
8/7/2020 6:00,0.0,0.0
8/7/2020 7:00,0.0,0.0
8/7/2020 8:00,0.25,0.02
8/7/2020 9:00,1.0,0.06
8/7/2020 10:00,2.5,0.15
8/7/2020 11:00,2.25,0.14
8/7/2020 12:00,5.0,0.31
8/7/2020 13:00,8.0,0.49
8/7/2020 14:00,10.5,0.64
8/7/2020 15:00,9.25,0.57
8/7/2020 16:00,10.5,0.64
8/7/2020 17:00,8.75,0.54
8/7/2020 18:00,6.5,0.4
8/7/2020 19:00,3.0,0.18
8/7/2020 20:00,1.0,0.06
8/7/2020 21:00,0.25,0.02
8/7/2020 22:00,0.0,0.0
8/7/2020 23:00,0.0,0.0
8/8/2020 0:00,0.0,0.0
8/8/2020 1:00,0.0,0.0
8/8/2020 2:00,0.0,0.0
8/8/2020 3:00,0.0,0.0
8/8/2020 4:00,0.0,0.0
8/8/2020 5:00,0.0,0.0
8/8/2020 6:00,0.0,0.0
8/8/2020 7:00,0.0,0.0
8/8/2020 8:00,0.75,0.05
8/8/2020 9:00,2.25,0.14
8/8/2020 10:00,5.5,0.34
8/8/2020 11:00,8.0,0.49
8/8/2020 12:00,10.0,0.61
8/8/2020 13:00,11.0,0.67
8/8/2020 14:00,11.5,0.7
8/8/2020 15:00,11.25,0.69
8/8/2020 16:00,10.25,0.63
8/8/2020 17:00,8.75,0.54
8/8/2020 18:00,6.25,0.38
8/8/2020 19:00,2.75,0.17
8/8/2020 20:00,0.75,0.05
8/8/2020 21:00,0.25,0.02
8/8/2020 22:00,0.0,0.0
8/8/2020 23:00,0.0,0.0
8/9/2020 0:00,0.0,0.0
8/9/2020 1:00,0.0,0.0
8/9/2020 2:00,0.0,0.0
8/9/2020 3:00,0.0,0.0
8/9/2020 4:00,0.0,0.0
8/9/2020 5:00,0.0,0.0
8/9/2020 6:00,0.0,0.0
8/9/2020 7:00,0.0,0.0
8/9/2020 8:00,0.5,0.03
8/9/2020 9:00,2.75,0.17
8/9/2020 10:00,6.0,0.37
8/9/2020 11:00,8.25,0.51
8/9/2020 12:00,10.25,0.63
8/9/2020 13:00,11.25,0.69
8/9/2020 14:00,11.75,0.72
8/9/2020 15:00,11.25,0.69
8/9/2020 16:00,10.0,0.61
8/9/2020 17:00,8.5,0.52
8/9/2020 18:00,6.0,0.37
8/9/2020 19:00,2.75,0.17
8/9/2020 20:00,1.0,0.06
8/9/2020 21:00,0.0,0.0
8/9/2020 22:00,0.0,0.0
8/9/2020 23:00,0.0,0.0
8/10/2020 0:00,0.0,0.0
8/10/2020 1:00,0.0,0.0
8/10/2020 2:00,0.0,0.0
8/10/2020 3:00,0.0,0.0
8/10/2020 4:00,0.0,0.0
8/10/2020 5:00,0.0,0.0
8/10/2020 6:00,0.0,0.0
8/10/2020 7:00,0.0,0.0
8/10/2020 8:00,0.5,0.03
8/10/2020 9:00,2.75,0.17
8/10/2020 10:00,6.0,0.37
8/10/2020 11:00,8.75,0.54
8/10/2020 12:00,10.5,0.64
8/10/2020 13:00,11.75,0.72
8/10/2020 14:00,12.25,0.75
8/10/2020 15:00,12.25,0.75
8/10/2020 16:00,11.25,0.69
8/10/2020 17:00,9.25,0.57
8/10/2020 18:00,6.5,0.4
8/10/2020 19:00,2.75,0.17
8/10/2020 20:00,0.75,0.05
8/10/2020 21:00,0.0,0.0
8/10/2020 22:00,0.0,0.0
8/10/2020 23:00,0.0,0.0
8/11/2020 0:00,0.0,0.0
8/11/2020 1:00,0.0,0.0
8/11/2020 2:00,0.0,0.0
8/11/2020 3:00,0.0,0.0
8/11/2020 4:00,0.0,0.0
8/11/2020 5:00,0.0,0.0
8/11/2020 6:00,0.0,0.0
8/11/2020 7:00,0.0,0.0
8/11/2020 8:00,0.75,0.05
8/11/2020 9:00,1.75,0.11
8/11/2020 10:00,4.5,0.28
8/11/2020 11:00,8.75,0.54
8/11/2020 12:00,10.5,0.64
8/11/2020 13:00,11.75,0.72
8/11/2020 14:00,12.25,0.75
8/11/2020 15:00,12.25,0.75
8/11/2020 16:00,11.0,0.67
8/11/2020 17:00,9.25,0.57
8/11/2020 18:00,6.5,0.4
8/11/2020 19:00,3.0,0.18
8/11/2020 20:00,0.75,0.05
8/11/2020 21:00,0.0,0.0
8/11/2020 22:00,0.0,0.0
8/11/2020 23:00,0.0,0.0
8/12/2020 0:00,0.0,0.0
8/12/2020 1:00,0.0,0.0
8/12/2020 2:00,0.0,0.0
8/12/2020 3:00,0.0,0.0
8/12/2020 4:00,0.0,0.0
8/12/2020 5:00,0.0,0.0
8/12/2020 6:00,0.0,0.0
8/12/2020 7:00,0.0,0.0
8/12/2020 8:00,0.5,0.03
8/12/2020 9:00,2.5,0.15
8/12/2020 10:00,6.25,0.38
8/12/2020 11:00,6.75,0.41
8/12/2020 12:00,7.75,0.47
8/12/2020 13:00,8.75,0.54
8/12/2020 14:00,10.5,0.64
8/12/2020 15:00,11.5,0.7
8/12/2020 16:00,10.0,0.61
8/12/2020 17:00,9.25,0.57
8/12/2020 18:00,6.25,0.38
8/12/2020 19:00,2.75,0.17
8/12/2020 20:00,0.5,0.03
8/12/2020 21:00,0.0,0.0
8/12/2020 22:00,0.0,0.0
8/12/2020 23:00,0.0,0.0
8/13/2020 0:00,0.0,0.0
8/13/2020 1:00,0.0,0.0
8/13/2020 2:00,0.0,0.0
8/13/2020 3:00,0.0,0.0
8/13/2020 4:00,0.0,0.0
8/13/2020 5:00,0.0,0.0
8/13/2020 6:00,0.0,0.0
8/13/2020 7:00,0.0,0.0
8/13/2020 8:00,0.75,0.05
8/13/2020 9:00,2.5,0.15
8/13/2020 10:00,5.75,0.35
8/13/2020 11:00,8.75,0.54
8/13/2020 12:00,10.5,0.64
8/13/2020 13:00,11.75,0.72
8/13/2020 14:00,12.5,0.77
8/13/2020 15:00,12.0,0.74
8/13/2020 16:00,11.0,0.67
8/13/2020 17:00,8.75,0.54
8/13/2020 18:00,6.0,0.37
8/13/2020 19:00,3.0,0.18
8/13/2020 20:00,0.5,0.03
8/13/2020 21:00,0.0,0.0
8/13/2020 22:00,0.0,0.0
8/13/2020 23:00,0.0,0.0
8/14/2020 0:00,0.0,0.0
8/14/2020 1:00,0.0,0.0
8/14/2020 2:00,0.0,0.0
8/14/2020 3:00,0.0,0.0
8/14/2020 4:00,0.0,0.0
8/14/2020 5:00,0.0,0.0
8/14/2020 6:00,0.0,0.0
8/14/2020 7:00,0.0,0.0
8/14/2020 8:00,0.5,0.03
8/14/2020 9:00,2.75,0.17
8/14/2020 10:00,6.0,0.37
8/14/2020 11:00,8.75,0.54
8/14/2020 12:00,11.0,0.67
8/14/2020 13:00,12.25,0.75
8/14/2020 14:00,12.75,0.78
8/14/2020 15:00,12.25,0.75
8/14/2020 16:00,11.0,0.67
8/14/2020 17:00,9.0,0.55
8/14/2020 18:00,6.5,0.4
8/14/2020 19:00,2.75,0.17
8/14/2020 20:00,0.5,0.03
8/14/2020 21:00,0.25,0.02
8/14/2020 22:00,0.0,0.0
8/14/2020 23:00,0.0,0.0
8/15/2020 0:00,0.0,0.0
8/15/2020 1:00,0.0,0.0
8/15/2020 2:00,0.0,0.0
8/15/2020 3:00,0.0,0.0
8/15/2020 4:00,0.0,0.0
8/15/2020 5:00,0.0,0.0
8/15/2020 6:00,0.0,0.0
8/15/2020 7:00,0.0,0.0
8/15/2020 8:00,0.25,0.02
8/15/2020 9:00,2.75,0.17
8/15/2020 10:00,6.25,0.38
8/15/2020 11:00,9.0,0.55
8/15/2020 12:00,10.75,0.66
8/15/2020 13:00,12.0,0.74
8/15/2020 14:00,12.5,0.77
8/15/2020 15:00,12.25,0.75
8/15/2020 16:00,11.0,0.67
8/15/2020 17:00,8.75,0.54
8/15/2020 18:00,6.25,0.38
8/15/2020 19:00,2.75,0.17
8/15/2020 20:00,0.5,0.03
8/15/2020 21:00,0.0,0.0
8/15/2020 22:00,0.0,0.0
8/15/2020 23:00,0.0,0.0
8/16/2020 0:00,0.0,0.0
8/16/2020 1:00,0.0,0.0
8/16/2020 2:00,0.0,0.0
8/16/2020 3:00,0.0,0.0
8/16/2020 4:00,0.0,0.0
8/16/2020 5:00,0.0,0.0
8/16/2020 6:00,0.0,0.0
8/16/2020 7:00,0.0,0.0
8/16/2020 8:00,0.5,0.03
8/16/2020 9:00,2.5,0.15
8/16/2020 10:00,6.25,0.38
8/16/2020 11:00,9.0,0.55
8/16/2020 12:00,10.75,0.66
8/16/2020 13:00,11.75,0.72
8/16/2020 14:00,12.5,0.77
8/16/2020 15:00,12.0,0.74
8/16/2020 16:00,10.75,0.66
8/16/2020 17:00,8.75,0.54
8/16/2020 18:00,6.0,0.37
8/16/2020 19:00,2.5,0.15
8/16/2020 20:00,0.5,0.03
8/16/2020 21:00,0.0,0.0
8/16/2020 22:00,0.0,0.0
8/16/2020 23:00,0.0,0.0
8/17/2020 0:00,0.0,0.0
8/17/2020 1:00,0.0,0.0
8/17/2020 2:00,0.0,0.0
8/17/2020 3:00,0.0,0.0
8/17/2020 4:00,0.0,0.0
8/17/2020 5:00,0.0,0.0
8/17/2020 6:00,0.0,0.0
8/17/2020 7:00,0.0,0.0
8/17/2020 8:00,0.5,0.03
8/17/2020 9:00,2.25,0.14
8/17/2020 10:00,5.5,0.34
8/17/2020 11:00,7.25,0.44
8/17/2020 12:00,10.5,0.64
8/17/2020 13:00,11.75,0.72
8/17/2020 14:00,12.5,0.77
8/17/2020 15:00,12.25,0.75
8/17/2020 16:00,10.75,0.66
8/17/2020 17:00,8.75,0.54
8/17/2020 18:00,6.0,0.37
8/17/2020 19:00,2.75,0.17
8/17/2020 20:00,0.25,0.02
8/17/2020 21:00,0.25,0.02
8/17/2020 22:00,0.0,0.0
8/17/2020 23:00,0.0,0.0
8/18/2020 0:00,0.0,0.0
8/18/2020 1:00,0.0,0.0
8/18/2020 2:00,0.0,0.0
8/18/2020 3:00,0.0,0.0
8/18/2020 4:00,0.0,0.0
8/18/2020 5:00,0.0,0.0
8/18/2020 6:00,0.0,0.0
8/18/2020 7:00,0.0,0.0
8/18/2020 8:00,0.25,0.02
8/18/2020 9:00,2.5,0.15
8/18/2020 10:00,5.75,0.35
8/18/2020 11:00,8.75,0.54
8/18/2020 12:00,10.5,0.64
8/18/2020 13:00,11.75,0.72
8/18/2020 14:00,12.0,0.74
8/18/2020 15:00,11.5,0.7
8/18/2020 16:00,10.75,0.66
8/18/2020 17:00,8.5,0.52
8/18/2020 18:00,6.0,0.37
8/18/2020 19:00,2.75,0.17
8/18/2020 20:00,0.5,0.03
8/18/2020 21:00,0.0,0.0
8/18/2020 22:00,0.0,0.0
8/18/2020 23:00,0.0,0.0
8/19/2020 0:00,0.0,0.0
8/19/2020 1:00,0.0,0.0
8/19/2020 2:00,0.0,0.0
8/19/2020 3:00,0.0,0.0
8/19/2020 4:00,0.0,0.0
8/19/2020 5:00,0.0,0.0
8/19/2020 6:00,0.0,0.0
8/19/2020 7:00,0.0,0.0
8/19/2020 8:00,0.25,0.02
8/19/2020 9:00,2.75,0.17
8/19/2020 10:00,6.0,0.37
8/19/2020 11:00,8.75,0.54
8/19/2020 12:00,10.75,0.66
8/19/2020 13:00,12.0,0.74
8/19/2020 14:00,12.25,0.75
8/19/2020 15:00,12.25,0.75
8/19/2020 16:00,11.0,0.67
8/19/2020 17:00,9.0,0.55
8/19/2020 18:00,6.25,0.38
8/19/2020 19:00,2.75,0.17
8/19/2020 20:00,0.5,0.03
8/19/2020 21:00,0.0,0.0
8/19/2020 22:00,0.0,0.0
8/19/2020 23:00,0.0,0.0
8/20/2020 0:00,0.0,0.0
8/20/2020 1:00,0.0,0.0
8/20/2020 2:00,0.0,0.0
8/20/2020 3:00,0.0,0.0
8/20/2020 4:00,0.0,0.0
8/20/2020 5:00,0.0,0.0
8/20/2020 6:00,0.0,0.0
8/20/2020 7:00,0.0,0.0
8/20/2020 8:00,0.5,0.03
8/20/2020 9:00,2.5,0.15
8/20/2020 10:00,6.0,0.37
8/20/2020 11:00,9.0,0.55
8/20/2020 12:00,11.0,0.67
8/20/2020 13:00,12.0,0.74
8/20/2020 14:00,12.5,0.77
8/20/2020 15:00,12.0,0.74
8/20/2020 16:00,11.0,0.67
8/20/2020 17:00,9.0,0.55
8/20/2020 18:00,6.0,0.37
8/20/2020 19:00,2.75,0.17
8/20/2020 20:00,0.5,0.03
8/20/2020 21:00,0.0,0.0
8/20/2020 22:00,0.0,0.0
8/20/2020 23:00,0.0,0.0
8/21/2020 0:00,0.0,0.0
8/21/2020 1:00,0.0,0.0
8/21/2020 2:00,0.0,0.0
8/21/2020 3:00,0.0,0.0
8/21/2020 4:00,0.0,0.0
8/21/2020 5:00,0.0,0.0
8/21/2020 6:00,0.0,0.0
8/21/2020 7:00,0.0,0.0
8/21/2020 8:00,0.5,0.03
8/21/2020 9:00,2.25,0.14
8/21/2020 10:00,5.75,0.35
8/21/2020 11:00,8.5,0.52
8/21/2020 12:00,10.75,0.66
8/21/2020 13:00,11.75,0.72
8/21/2020 14:00,12.0,0.74
8/21/2020 15:00,12.0,0.74
8/21/2020 16:00,10.5,0.64
8/21/2020 17:00,8.0,0.49
8/21/2020 18:00,5.75,0.35
8/21/2020 19:00,2.25,0.14
8/21/2020 20:00,0.5,0.03
8/21/2020 21:00,0.0,0.0
8/21/2020 22:00,0.0,0.0
8/21/2020 23:00,0.0,0.0
8/22/2020 0:00,0.0,0.0
8/22/2020 1:00,0.0,0.0
8/22/2020 2:00,0.0,0.0
8/22/2020 3:00,0.0,0.0
8/22/2020 4:00,0.0,0.0
8/22/2020 5:00,0.0,0.0
8/22/2020 6:00,0.0,0.0
8/22/2020 7:00,0.0,0.0
8/22/2020 8:00,0.25,0.02
8/22/2020 9:00,2.5,0.15
8/22/2020 10:00,5.5,0.34
8/22/2020 11:00,8.75,0.54
8/22/2020 12:00,10.25,0.63
8/22/2020 13:00,11.5,0.7
8/22/2020 14:00,12.0,0.74
8/22/2020 15:00,11.75,0.72
8/22/2020 16:00,10.5,0.64
8/22/2020 17:00,8.5,0.52
8/22/2020 18:00,5.75,0.35
8/22/2020 19:00,2.75,0.17
8/22/2020 20:00,0.25,0.02
8/22/2020 21:00,0.0,0.0
8/22/2020 22:00,0.0,0.0
8/22/2020 23:00,0.0,0.0
8/23/2020 0:00,0.0,0.0
8/23/2020 1:00,0.0,0.0
8/23/2020 2:00,0.0,0.0
8/23/2020 3:00,0.0,0.0
8/23/2020 4:00,0.0,0.0
8/23/2020 5:00,0.0,0.0
8/23/2020 6:00,0.0,0.0
8/23/2020 7:00,0.0,0.0
8/23/2020 8:00,0.5,0.03
8/23/2020 9:00,2.25,0.14
8/23/2020 10:00,6.0,0.37
8/23/2020 11:00,8.5,0.52
8/23/2020 12:00,10.5,0.64
8/23/2020 13:00,11.25,0.69
8/23/2020 14:00,12.0,0.74
8/23/2020 15:00,11.5,0.7
8/23/2020 16:00,10.5,0.64
8/23/2020 17:00,8.5,0.52
8/23/2020 18:00,5.75,0.35
8/23/2020 19:00,2.5,0.15
8/23/2020 20:00,0.25,0.02
8/23/2020 21:00,0.0,0.0
8/23/2020 22:00,0.0,0.0
8/23/2020 23:00,0.0,0.0
8/24/2020 0:00,0.0,0.0
8/24/2020 1:00,0.0,0.0
8/24/2020 2:00,0.0,0.0
8/24/2020 3:00,0.0,0.0
8/24/2020 4:00,0.0,0.0
8/24/2020 5:00,0.0,0.0
8/24/2020 6:00,0.0,0.0
8/24/2020 7:00,0.0,0.0
8/24/2020 8:00,0.5,0.03
8/24/2020 9:00,2.25,0.14
8/24/2020 10:00,5.75,0.35
8/24/2020 11:00,8.5,0.52
8/24/2020 12:00,10.5,0.64
8/24/2020 13:00,11.5,0.7
8/24/2020 14:00,12.25,0.75
8/24/2020 15:00,11.5,0.7
8/24/2020 16:00,10.75,0.66
8/24/2020 17:00,8.5,0.52
8/24/2020 18:00,5.75,0.35
8/24/2020 19:00,2.5,0.15
8/24/2020 20:00,0.25,0.02
8/24/2020 21:00,0.0,0.0
8/24/2020 22:00,0.0,0.0
8/24/2020 23:00,0.0,0.0
8/25/2020 0:00,0.0,0.0
8/25/2020 1:00,0.0,0.0
8/25/2020 2:00,0.0,0.0
8/25/2020 3:00,0.0,0.0
8/25/2020 4:00,0.0,0.0
8/25/2020 5:00,0.0,0.0
8/25/2020 6:00,0.0,0.0
8/25/2020 7:00,0.0,0.0
8/25/2020 8:00,0.5,0.03
8/25/2020 9:00,2.0,0.12
8/25/2020 10:00,5.5,0.34
8/25/2020 11:00,8.0,0.49
8/25/2020 12:00,10.0,0.61
8/25/2020 13:00,11.0,0.67
8/25/2020 14:00,11.75,0.72
8/25/2020 15:00,11.25,0.69
8/25/2020 16:00,10.0,0.61
8/25/2020 17:00,8.25,0.51
8/25/2020 18:00,5.5,0.34
8/25/2020 19:00,2.25,0.14
8/25/2020 20:00,0.5,0.03
8/25/2020 21:00,0.0,0.0
8/25/2020 22:00,0.0,0.0
8/25/2020 23:00,0.0,0.0
8/26/2020 0:00,0.0,0.0
8/26/2020 1:00,0.0,0.0
8/26/2020 2:00,0.0,0.0
8/26/2020 3:00,0.0,0.0
8/26/2020 4:00,0.0,0.0
8/26/2020 5:00,0.0,0.0
8/26/2020 6:00,0.0,0.0
8/26/2020 7:00,0.0,0.0
8/26/2020 8:00,0.25,0.02
8/26/2020 9:00,2.25,0.14
8/26/2020 10:00,5.75,0.35
8/26/2020 11:00,8.0,0.49
8/26/2020 12:00,10.0,0.61
8/26/2020 13:00,11.0,0.67
8/26/2020 14:00,11.25,0.69
8/26/2020 15:00,11.0,0.67
8/26/2020 16:00,9.75,0.6
8/26/2020 17:00,8.0,0.49
8/26/2020 18:00,5.0,0.31
8/26/2020 19:00,2.0,0.12
8/26/2020 20:00,0.5,0.03
8/26/2020 21:00,0.0,0.0
8/26/2020 22:00,0.0,0.0
8/26/2020 23:00,0.0,0.0
8/27/2020 0:00,0.0,0.0
8/27/2020 1:00,0.0,0.0
8/27/2020 2:00,0.0,0.0
8/27/2020 3:00,0.0,0.0
8/27/2020 4:00,0.0,0.0
8/27/2020 5:00,0.0,0.0
8/27/2020 6:00,0.0,0.0
8/27/2020 7:00,0.0,0.0
8/27/2020 8:00,0.25,0.02
8/27/2020 9:00,2.0,0.12
8/27/2020 10:00,5.5,0.34
8/27/2020 11:00,8.0,0.49
8/27/2020 12:00,9.75,0.6
8/27/2020 13:00,11.5,0.7
8/27/2020 14:00,11.5,0.7
8/27/2020 15:00,11.25,0.69
8/27/2020 16:00,9.75,0.6
8/27/2020 17:00,8.0,0.49
8/27/2020 18:00,5.25,0.32
8/27/2020 19:00,2.0,0.12
8/27/2020 20:00,0.5,0.03
8/27/2020 21:00,0.0,0.0
8/27/2020 22:00,0.0,0.0
8/27/2020 23:00,0.0,0.0
8/28/2020 0:00,0.0,0.0
8/28/2020 1:00,0.0,0.0
8/28/2020 2:00,0.0,0.0
8/28/2020 3:00,0.0,0.0
8/28/2020 4:00,0.0,0.0
8/28/2020 5:00,0.0,0.0
8/28/2020 6:00,0.0,0.0
8/28/2020 7:00,0.0,0.0
8/28/2020 8:00,0.25,0.02
8/28/2020 9:00,2.0,0.12
8/28/2020 10:00,5.5,0.34
8/28/2020 11:00,8.5,0.52
8/28/2020 12:00,10.0,0.61
8/28/2020 13:00,11.0,0.67
8/28/2020 14:00,11.25,0.69
8/28/2020 15:00,10.75,0.66
8/28/2020 16:00,9.25,0.57
8/28/2020 17:00,6.0,0.37
8/28/2020 18:00,4.75,0.29
8/28/2020 19:00,2.0,0.12
8/28/2020 20:00,0.5,0.03
8/28/2020 21:00,0.0,0.0
8/28/2020 22:00,0.0,0.0
8/28/2020 23:00,0.0,0.0
8/29/2020 0:00,0.0,0.0
8/29/2020 1:00,0.0,0.0
8/29/2020 2:00,0.0,0.0
8/29/2020 3:00,0.0,0.0
8/29/2020 4:00,0.0,0.0
8/29/2020 5:00,0.0,0.0
8/29/2020 6:00,0.0,0.0
8/29/2020 7:00,0.0,0.0
8/29/2020 8:00,0.25,0.02
8/29/2020 9:00,2.25,0.14
8/29/2020 10:00,5.75,0.35
8/29/2020 11:00,9.0,0.55
8/29/2020 12:00,11.0,0.67
8/29/2020 13:00,12.0,0.74
8/29/2020 14:00,12.5,0.77
8/29/2020 15:00,11.75,0.72
8/29/2020 16:00,10.75,0.66
8/29/2020 17:00,8.5,0.52
8/29/2020 18:00,5.5,0.34
8/29/2020 19:00,2.25,0.14
8/29/2020 20:00,0.25,0.02
8/29/2020 21:00,0.0,0.0
8/29/2020 22:00,0.0,0.0
8/29/2020 23:00,0.0,0.0
8/30/2020 0:00,0.0,0.0
8/30/2020 1:00,0.0,0.0
8/30/2020 2:00,0.0,0.0
8/30/2020 3:00,0.0,0.0
8/30/2020 4:00,0.0,0.0
8/30/2020 5:00,0.0,0.0
8/30/2020 6:00,0.0,0.0
8/30/2020 7:00,0.0,0.0
8/30/2020 8:00,0.5,0.03
8/30/2020 9:00,2.0,0.12
8/30/2020 10:00,5.0,0.31
8/30/2020 11:00,8.5,0.52
8/30/2020 12:00,10.5,0.64
8/30/2020 13:00,11.5,0.7
8/30/2020 14:00,11.75,0.72
8/30/2020 15:00,11.25,0.69
8/30/2020 16:00,10.25,0.63
8/30/2020 17:00,8.25,0.51
8/30/2020 18:00,5.25,0.32
8/30/2020 19:00,2.25,0.14
8/30/2020 20:00,0.5,0.03
8/30/2020 21:00,0.0,0.0
8/30/2020 22:00,0.0,0.0
8/30/2020 23:00,0.0,0.0
8/31/2020 0:00,0.0,0.0
8/31/2020 1:00,0.0,0.0
8/31/2020 2:00,0.0,0.0
8/31/2020 3:00,0.0,0.0
8/31/2020 4:00,0.0,0.0
8/31/2020 5:00,0.0,0.0
8/31/2020 6:00,0.0,0.0
8/31/2020 7:00,0.0,0.0
8/31/2020 8:00,0.25,0.02
8/31/2020 9:00,2.0,0.12
8/31/2020 10:00,5.25,0.32
8/31/2020 11:00,8.5,0.52
8/31/2020 12:00,10.0,0.61
8/31/2020 13:00,11.25,0.69
8/31/2020 14:00,11.5,0.7
8/31/2020 15:00,11.25,0.69
8/31/2020 16:00,10.0,0.61
8/31/2020 17:00,8.25,0.51
8/31/2020 18:00,5.25,0.32
8/31/2020 19:00,2.0,0.12
8/31/2020 20:00,0.25,0.02
8/31/2020 21:00,0.0,0.0
8/31/2020 22:00,0.0,0.0
8/31/2020 23:00,0.0,0.0
9/1/2020 0:00,0.0,0.0
9/1/2020 1:00,0.0,0.0
9/1/2020 2:00,0.0,0.0
9/1/2020 3:00,0.0,0.0
9/1/2020 4:00,0.0,0.0
9/1/2020 5:00,0.0,0.0
9/1/2020 6:00,0.0,0.0
9/1/2020 7:00,0.0,0.0
9/1/2020 8:00,0.5,0.03
9/1/2020 9:00,1.25,0.08
9/1/2020 10:00,4.0,0.25
9/1/2020 11:00,8.0,0.49
9/1/2020 12:00,10.5,0.64
9/1/2020 13:00,11.25,0.69
9/1/2020 14:00,12.0,0.74
9/1/2020 15:00,11.5,0.7
9/1/2020 16:00,11.0,0.67
9/1/2020 17:00,8.0,0.49
9/1/2020 18:00,5.25,0.32
9/1/2020 19:00,2.0,0.12
9/1/2020 20:00,0.25,0.02
9/1/2020 21:00,0.0,0.0
9/1/2020 22:00,0.0,0.0
9/1/2020 23:00,0.0,0.0
9/2/2020 0:00,0.0,0.0
9/2/2020 1:00,0.0,0.0
9/2/2020 2:00,0.0,0.0
9/2/2020 3:00,0.0,0.0
9/2/2020 4:00,0.0,0.0
9/2/2020 5:00,0.0,0.0
9/2/2020 6:00,0.0,0.0
9/2/2020 7:00,0.0,0.0
9/2/2020 8:00,0.25,0.02
9/2/2020 9:00,2.0,0.12
9/2/2020 10:00,5.25,0.32
9/2/2020 11:00,8.25,0.51
9/2/2020 12:00,10.25,0.63
9/2/2020 13:00,11.25,0.69
9/2/2020 14:00,11.5,0.7
9/2/2020 15:00,11.25,0.69
9/2/2020 16:00,10.0,0.61
9/2/2020 17:00,8.0,0.49
9/2/2020 18:00,5.0,0.31
9/2/2020 19:00,2.0,0.12
9/2/2020 20:00,0.25,0.02
9/2/2020 21:00,0.0,0.0
9/2/2020 22:00,0.0,0.0
9/2/2020 23:00,0.0,0.0
9/3/2020 0:00,0.0,0.0
9/3/2020 1:00,0.0,0.0
9/3/2020 2:00,0.0,0.0
9/3/2020 3:00,0.0,0.0
9/3/2020 4:00,0.0,0.0
9/3/2020 5:00,0.0,0.0
9/3/2020 6:00,0.0,0.0
9/3/2020 7:00,0.0,0.0
9/3/2020 8:00,0.25,0.02
9/3/2020 9:00,1.75,0.11
9/3/2020 10:00,5.25,0.32
9/3/2020 11:00,8.0,0.49
9/3/2020 12:00,10.0,0.61
9/3/2020 13:00,11.25,0.69
9/3/2020 14:00,11.25,0.69
9/3/2020 15:00,10.75,0.66
9/3/2020 16:00,9.75,0.6
9/3/2020 17:00,7.75,0.47
9/3/2020 18:00,4.75,0.29
9/3/2020 19:00,1.75,0.11
9/3/2020 20:00,0.25,0.02
9/3/2020 21:00,0.0,0.0
9/3/2020 22:00,0.0,0.0
9/3/2020 23:00,0.0,0.0
9/4/2020 0:00,0.0,0.0
9/4/2020 1:00,0.0,0.0
9/4/2020 2:00,0.0,0.0
9/4/2020 3:00,0.0,0.0
9/4/2020 4:00,0.0,0.0
9/4/2020 5:00,0.0,0.0
9/4/2020 6:00,0.0,0.0
9/4/2020 7:00,0.0,0.0
9/4/2020 8:00,0.25,0.02
9/4/2020 9:00,2.0,0.12
9/4/2020 10:00,5.25,0.32
9/4/2020 11:00,8.25,0.51
9/4/2020 12:00,10.25,0.63
9/4/2020 13:00,11.25,0.69
9/4/2020 14:00,11.5,0.7
9/4/2020 15:00,11.0,0.67
9/4/2020 16:00,9.75,0.6
9/4/2020 17:00,8.0,0.49
9/4/2020 18:00,4.75,0.29
9/4/2020 19:00,1.75,0.11
9/4/2020 20:00,0.25,0.02
9/4/2020 21:00,0.0,0.0
9/4/2020 22:00,0.0,0.0
9/4/2020 23:00,0.0,0.0
9/5/2020 0:00,0.0,0.0
9/5/2020 1:00,0.0,0.0
9/5/2020 2:00,0.0,0.0
9/5/2020 3:00,0.0,0.0
9/5/2020 4:00,0.0,0.0
9/5/2020 5:00,0.0,0.0
9/5/2020 6:00,0.0,0.0
9/5/2020 7:00,0.0,0.0
9/5/2020 8:00,0.25,0.02
9/5/2020 9:00,1.75,0.11
9/5/2020 10:00,5.0,0.31
9/5/2020 11:00,8.0,0.49
9/5/2020 12:00,9.75,0.6
9/5/2020 13:00,10.75,0.66
9/5/2020 14:00,11.0,0.67
9/5/2020 15:00,10.75,0.66
9/5/2020 16:00,9.5,0.58
9/5/2020 17:00,7.75,0.47
9/5/2020 18:00,4.5,0.28
9/5/2020 19:00,1.75,0.11
9/5/2020 20:00,0.25,0.02
9/5/2020 21:00,0.0,0.0
9/5/2020 22:00,0.0,0.0
9/5/2020 23:00,0.0,0.0
9/6/2020 0:00,0.0,0.0
9/6/2020 1:00,0.0,0.0
9/6/2020 2:00,0.0,0.0
9/6/2020 3:00,0.0,0.0
9/6/2020 4:00,0.0,0.0
9/6/2020 5:00,0.0,0.0
9/6/2020 6:00,0.0,0.0
9/6/2020 7:00,0.0,0.0
9/6/2020 8:00,0.25,0.02
9/6/2020 9:00,1.5,0.09
9/6/2020 10:00,5.0,0.31
9/6/2020 11:00,8.0,0.49
9/6/2020 12:00,9.75,0.6
9/6/2020 13:00,10.75,0.66
9/6/2020 14:00,11.25,0.69
9/6/2020 15:00,10.5,0.64
9/6/2020 16:00,9.5,0.58
9/6/2020 17:00,7.5,0.46
9/6/2020 18:00,4.75,0.29
9/6/2020 19:00,1.75,0.11
9/6/2020 20:00,0.25,0.02
9/6/2020 21:00,0.0,0.0
9/6/2020 22:00,0.0,0.0
9/6/2020 23:00,0.0,0.0
9/7/2020 0:00,0.0,0.0
9/7/2020 1:00,0.0,0.0
9/7/2020 2:00,0.0,0.0
9/7/2020 3:00,0.0,0.0
9/7/2020 4:00,0.0,0.0
9/7/2020 5:00,0.0,0.0
9/7/2020 6:00,0.0,0.0
9/7/2020 7:00,0.0,0.0
9/7/2020 8:00,0.25,0.02
9/7/2020 9:00,1.75,0.11
9/7/2020 10:00,4.75,0.29
9/7/2020 11:00,7.75,0.47
9/7/2020 12:00,9.75,0.6
9/7/2020 13:00,11.0,0.67
9/7/2020 14:00,11.5,0.7
9/7/2020 15:00,11.0,0.67
9/7/2020 16:00,9.75,0.6
9/7/2020 17:00,7.75,0.47
9/7/2020 18:00,4.5,0.28
9/7/2020 19:00,1.75,0.11
9/7/2020 20:00,0.25,0.02
9/7/2020 21:00,0.0,0.0
9/7/2020 22:00,0.0,0.0
9/7/2020 23:00,0.0,0.0
9/8/2020 0:00,0.0,0.0
9/8/2020 1:00,0.0,0.0
9/8/2020 2:00,0.0,0.0
9/8/2020 3:00,0.0,0.0
9/8/2020 4:00,0.0,0.0
9/8/2020 5:00,0.0,0.0
9/8/2020 6:00,0.0,0.0
9/8/2020 7:00,0.0,0.0
9/8/2020 8:00,0.25,0.02
9/8/2020 9:00,1.5,0.09
9/8/2020 10:00,4.75,0.29
9/8/2020 11:00,7.75,0.47
9/8/2020 12:00,9.5,0.58
9/8/2020 13:00,10.5,0.64
9/8/2020 14:00,11.0,0.67
9/8/2020 15:00,10.5,0.64
9/8/2020 16:00,9.0,0.55
9/8/2020 17:00,7.5,0.46
9/8/2020 18:00,4.25,0.26
9/8/2020 19:00,1.5,0.09
9/8/2020 20:00,0.25,0.02
9/8/2020 21:00,0.0,0.0
9/8/2020 22:00,0.0,0.0
9/8/2020 23:00,0.0,0.0
9/9/2020 0:00,0.0,0.0
9/9/2020 1:00,0.0,0.0
9/9/2020 2:00,0.0,0.0
9/9/2020 3:00,0.0,0.0
9/9/2020 4:00,0.0,0.0
9/9/2020 5:00,0.0,0.0
9/9/2020 6:00,0.0,0.0
9/9/2020 7:00,0.0,0.0
9/9/2020 8:00,0.25,0.02
9/9/2020 9:00,1.5,0.09
9/9/2020 10:00,4.75,0.29
9/9/2020 11:00,8.0,0.49
9/9/2020 12:00,9.5,0.58
9/9/2020 13:00,10.75,0.66
9/9/2020 14:00,11.0,0.67
9/9/2020 15:00,10.5,0.64
9/9/2020 16:00,9.0,0.55
9/9/2020 17:00,7.25,0.44
9/9/2020 18:00,4.75,0.29
9/9/2020 19:00,1.75,0.11
9/9/2020 20:00,0.25,0.02
9/9/2020 21:00,0.0,0.0
9/9/2020 22:00,0.0,0.0
9/9/2020 23:00,0.0,0.0
9/10/2020 0:00,0.0,0.0
9/10/2020 1:00,0.0,0.0
9/10/2020 2:00,0.0,0.0
9/10/2020 3:00,0.0,0.0
9/10/2020 4:00,0.0,0.0
9/10/2020 5:00,0.0,0.0
9/10/2020 6:00,0.0,0.0
9/10/2020 7:00,0.0,0.0
9/10/2020 8:00,0.25,0.02
9/10/2020 9:00,1.5,0.09
9/10/2020 10:00,4.5,0.28
9/10/2020 11:00,7.75,0.47
9/10/2020 12:00,8.75,0.54
9/10/2020 13:00,10.5,0.64
9/10/2020 14:00,10.75,0.66
9/10/2020 15:00,10.75,0.66
9/10/2020 16:00,9.5,0.58
9/10/2020 17:00,7.25,0.44
9/10/2020 18:00,4.25,0.26
9/10/2020 19:00,1.25,0.08
9/10/2020 20:00,0.25,0.02
9/10/2020 21:00,0.0,0.0
9/10/2020 22:00,0.0,0.0
9/10/2020 23:00,0.0,0.0
9/11/2020 0:00,0.0,0.0
9/11/2020 1:00,0.0,0.0
9/11/2020 2:00,0.0,0.0
9/11/2020 3:00,0.0,0.0
9/11/2020 4:00,0.0,0.0
9/11/2020 5:00,0.0,0.0
9/11/2020 6:00,0.0,0.0
9/11/2020 7:00,0.0,0.0
9/11/2020 8:00,0.25,0.02
9/11/2020 9:00,1.5,0.09
9/11/2020 10:00,3.75,0.23
9/11/2020 11:00,7.75,0.47
9/11/2020 12:00,8.75,0.54
9/11/2020 13:00,9.5,0.58
9/11/2020 14:00,10.75,0.66
9/11/2020 15:00,10.5,0.64
9/11/2020 16:00,9.0,0.55
9/11/2020 17:00,7.25,0.44
9/11/2020 18:00,3.75,0.23
9/11/2020 19:00,1.25,0.08
9/11/2020 20:00,0.0,0.0
9/11/2020 21:00,0.0,0.0
9/11/2020 22:00,0.0,0.0
9/11/2020 23:00,0.0,0.0
9/12/2020 0:00,0.0,0.0
9/12/2020 1:00,0.0,0.0
9/12/2020 2:00,0.0,0.0
9/12/2020 3:00,0.0,0.0
9/12/2020 4:00,0.0,0.0
9/12/2020 5:00,0.0,0.0
9/12/2020 6:00,0.0,0.0
9/12/2020 7:00,0.0,0.0
9/12/2020 8:00,0.5,0.03
9/12/2020 9:00,1.75,0.11
9/12/2020 10:00,3.5,0.21
9/12/2020 11:00,7.0,0.43
9/12/2020 12:00,9.25,0.57
9/12/2020 13:00,9.75,0.6
9/12/2020 14:00,9.5,0.58
9/12/2020 15:00,10.25,0.63
9/12/2020 16:00,8.5,0.52
9/12/2020 17:00,5.5,0.34
9/12/2020 18:00,3.25,0.2
9/12/2020 19:00,0.75,0.05
9/12/2020 20:00,0.25,0.02
9/12/2020 21:00,0.0,0.0
9/12/2020 22:00,0.0,0.0
9/12/2020 23:00,0.0,0.0
9/13/2020 0:00,0.0,0.0
9/13/2020 1:00,0.0,0.0
9/13/2020 2:00,0.0,0.0
9/13/2020 3:00,0.0,0.0
9/13/2020 4:00,0.0,0.0
9/13/2020 5:00,0.0,0.0
9/13/2020 6:00,0.0,0.0
9/13/2020 7:00,0.0,0.0
9/13/2020 8:00,0.0,0.0
9/13/2020 9:00,1.0,0.06
9/13/2020 10:00,4.5,0.28
9/13/2020 11:00,7.5,0.46
9/13/2020 12:00,6.5,0.4
9/13/2020 13:00,7.25,0.44
9/13/2020 14:00,10.0,0.61
9/13/2020 15:00,9.25,0.57
9/13/2020 16:00,6.75,0.41
9/13/2020 17:00,6.75,0.41
9/13/2020 18:00,3.75,0.23
9/13/2020 19:00,1.0,0.06
9/13/2020 20:00,0.0,0.0
9/13/2020 21:00,0.0,0.0
9/13/2020 22:00,0.0,0.0
9/13/2020 23:00,0.0,0.0
9/14/2020 0:00,0.0,0.0
9/14/2020 1:00,0.0,0.0
9/14/2020 2:00,0.0,0.0
9/14/2020 3:00,0.0,0.0
9/14/2020 4:00,0.0,0.0
9/14/2020 5:00,0.0,0.0
9/14/2020 6:00,0.0,0.0
9/14/2020 7:00,0.0,0.0
9/14/2020 8:00,0.0,0.0
9/14/2020 9:00,0.75,0.05
9/14/2020 10:00,2.5,0.15
9/14/2020 11:00,4.75,0.29
9/14/2020 12:00,5.75,0.35
9/14/2020 13:00,9.0,0.55
9/14/2020 14:00,11.0,0.67
9/14/2020 15:00,10.5,0.64
9/14/2020 16:00,9.75,0.6
9/14/2020 17:00,7.5,0.46
9/14/2020 18:00,4.25,0.26
9/14/2020 19:00,1.5,0.09
9/14/2020 20:00,0.0,0.0
9/14/2020 21:00,0.0,0.0
9/14/2020 22:00,0.0,0.0
9/14/2020 23:00,0.0,0.0
9/15/2020 0:00,0.0,0.0
9/15/2020 1:00,0.0,0.0
9/15/2020 2:00,0.0,0.0
9/15/2020 3:00,0.0,0.0
9/15/2020 4:00,0.0,0.0
9/15/2020 5:00,0.0,0.0
9/15/2020 6:00,0.0,0.0
9/15/2020 7:00,0.0,0.0
9/15/2020 8:00,0.25,0.02
9/15/2020 9:00,1.5,0.09
9/15/2020 10:00,4.5,0.28
9/15/2020 11:00,7.5,0.46
9/15/2020 12:00,9.5,0.58
9/15/2020 13:00,10.75,0.66
9/15/2020 14:00,11.25,0.69
9/15/2020 15:00,10.75,0.66
9/15/2020 16:00,9.5,0.58
9/15/2020 17:00,7.25,0.44
9/15/2020 18:00,4.0,0.25
9/15/2020 19:00,1.5,0.09
9/15/2020 20:00,0.0,0.0
9/15/2020 21:00,0.0,0.0
9/15/2020 22:00,0.0,0.0
9/15/2020 23:00,0.0,0.0
9/16/2020 0:00,0.0,0.0
9/16/2020 1:00,0.0,0.0
9/16/2020 2:00,0.0,0.0
9/16/2020 3:00,0.0,0.0
9/16/2020 4:00,0.0,0.0
9/16/2020 5:00,0.0,0.0
9/16/2020 6:00,0.0,0.0
9/16/2020 7:00,0.0,0.0
9/16/2020 8:00,0.25,0.02
9/16/2020 9:00,1.25,0.08
9/16/2020 10:00,4.25,0.26
9/16/2020 11:00,5.25,0.32
9/16/2020 12:00,7.0,0.43
9/16/2020 13:00,9.75,0.6
9/16/2020 14:00,10.0,0.61
9/16/2020 15:00,6.0,0.37
9/16/2020 16:00,2.75,0.17
9/16/2020 17:00,1.5,0.09
9/16/2020 18:00,1.25,0.08
9/16/2020 19:00,1.0,0.06
9/16/2020 20:00,0.25,0.02
9/16/2020 21:00,0.0,0.0
9/16/2020 22:00,0.0,0.0
9/16/2020 23:00,0.0,0.0
9/17/2020 0:00,0.0,0.0
9/17/2020 1:00,0.0,0.0
9/17/2020 2:00,0.0,0.0
9/17/2020 3:00,0.0,0.0
9/17/2020 4:00,0.0,0.0
9/17/2020 5:00,0.0,0.0
9/17/2020 6:00,0.0,0.0
9/17/2020 7:00,0.0,0.0
9/17/2020 8:00,0.0,0.0
9/17/2020 9:00,0.5,0.03
9/17/2020 10:00,2.5,0.15
9/17/2020 11:00,2.0,0.12
9/17/2020 12:00,4.0,0.25
9/17/2020 13:00,8.75,0.54
9/17/2020 14:00,7.75,0.47
9/17/2020 15:00,2.75,0.17
9/17/2020 16:00,6.0,0.37
9/17/2020 17:00,3.25,0.2
9/17/2020 18:00,2.0,0.12
9/17/2020 19:00,1.25,0.08
9/17/2020 20:00,0.0,0.0
9/17/2020 21:00,0.0,0.0
9/17/2020 22:00,0.0,0.0
9/17/2020 23:00,0.0,0.0
9/18/2020 0:00,0.0,0.0
9/18/2020 1:00,0.0,0.0
9/18/2020 2:00,0.0,0.0
9/18/2020 3:00,0.0,0.0
9/18/2020 4:00,0.0,0.0
9/18/2020 5:00,0.0,0.0
9/18/2020 6:00,0.0,0.0
9/18/2020 7:00,0.0,0.0
9/18/2020 8:00,0.0,0.0
9/18/2020 9:00,1.25,0.08
9/18/2020 10:00,4.5,0.28
9/18/2020 11:00,1.5,0.09
9/18/2020 12:00,7.25,0.44
9/18/2020 13:00,10.75,0.66
9/18/2020 14:00,10.25,0.63
9/18/2020 15:00,9.75,0.6
9/18/2020 16:00,9.25,0.57
9/18/2020 17:00,7.5,0.46
9/18/2020 18:00,3.5,0.21
9/18/2020 19:00,1.0,0.06
9/18/2020 20:00,0.0,0.0
9/18/2020 21:00,0.0,0.0
9/18/2020 22:00,0.0,0.0
9/18/2020 23:00,0.0,0.0
9/19/2020 0:00,0.0,0.0
9/19/2020 1:00,0.0,0.0
9/19/2020 2:00,0.0,0.0
9/19/2020 3:00,0.0,0.0
9/19/2020 4:00,0.0,0.0
9/19/2020 5:00,0.0,0.0
9/19/2020 6:00,0.0,0.0
9/19/2020 7:00,0.0,0.0
9/19/2020 8:00,0.25,0.02
9/19/2020 9:00,1.5,0.09
9/19/2020 10:00,5.0,0.31
9/19/2020 11:00,7.75,0.47
9/19/2020 12:00,10.75,0.66
9/19/2020 13:00,9.0,0.55
9/19/2020 14:00,12.25,0.75
9/19/2020 15:00,11.75,0.72
9/19/2020 16:00,10.0,0.61
9/19/2020 17:00,7.75,0.47
9/19/2020 18:00,4.5,0.28
9/19/2020 19:00,1.5,0.09
9/19/2020 20:00,0.0,0.0
9/19/2020 21:00,0.0,0.0
9/19/2020 22:00,0.0,0.0
9/19/2020 23:00,0.0,0.0
9/20/2020 0:00,0.0,0.0
9/20/2020 1:00,0.0,0.0
9/20/2020 2:00,0.0,0.0
9/20/2020 3:00,0.0,0.0
9/20/2020 4:00,0.0,0.0
9/20/2020 5:00,0.0,0.0
9/20/2020 6:00,0.0,0.0
9/20/2020 7:00,0.0,0.0
9/20/2020 8:00,0.25,0.02
9/20/2020 9:00,1.5,0.09
9/20/2020 10:00,4.75,0.29
9/20/2020 11:00,8.0,0.49
9/20/2020 12:00,10.25,0.63
9/20/2020 13:00,11.5,0.7
9/20/2020 14:00,11.5,0.7
9/20/2020 15:00,10.75,0.66
9/20/2020 16:00,9.25,0.57
9/20/2020 17:00,6.0,0.37
9/20/2020 18:00,4.0,0.25
9/20/2020 19:00,1.5,0.09
9/20/2020 20:00,0.0,0.0
9/20/2020 21:00,0.0,0.0
9/20/2020 22:00,0.0,0.0
9/20/2020 23:00,0.0,0.0
9/21/2020 0:00,0.0,0.0
9/21/2020 1:00,0.0,0.0
9/21/2020 2:00,0.0,0.0
9/21/2020 3:00,0.0,0.0
9/21/2020 4:00,0.0,0.0
9/21/2020 5:00,0.0,0.0
9/21/2020 6:00,0.0,0.0
9/21/2020 7:00,0.0,0.0
9/21/2020 8:00,0.25,0.02
9/21/2020 9:00,1.0,0.06
9/21/2020 10:00,3.75,0.23
9/21/2020 11:00,6.0,0.37
9/21/2020 12:00,10.0,0.61
9/21/2020 13:00,10.75,0.66
9/21/2020 14:00,11.5,0.7
9/21/2020 15:00,11.0,0.67
9/21/2020 16:00,10.0,0.61
9/21/2020 17:00,7.5,0.46
9/21/2020 18:00,4.0,0.25
9/21/2020 19:00,1.25,0.08
9/21/2020 20:00,0.25,0.02
9/21/2020 21:00,0.0,0.0
9/21/2020 22:00,0.0,0.0
9/21/2020 23:00,0.0,0.0
9/22/2020 0:00,0.0,0.0
9/22/2020 1:00,0.0,0.0
9/22/2020 2:00,0.0,0.0
9/22/2020 3:00,0.0,0.0
9/22/2020 4:00,0.0,0.0
9/22/2020 5:00,0.0,0.0
9/22/2020 6:00,0.0,0.0
9/22/2020 7:00,0.0,0.0
9/22/2020 8:00,0.25,0.02
9/22/2020 9:00,1.5,0.09
9/22/2020 10:00,3.75,0.23
9/22/2020 11:00,7.5,0.46
9/22/2020 12:00,9.75,0.6
9/22/2020 13:00,11.0,0.67
9/22/2020 14:00,9.5,0.58
9/22/2020 15:00,11.25,0.69
9/22/2020 16:00,9.0,0.55
9/22/2020 17:00,7.0,0.43
9/22/2020 18:00,3.25,0.2
9/22/2020 19:00,1.5,0.09
9/22/2020 20:00,0.0,0.0
9/22/2020 21:00,0.0,0.0
9/22/2020 22:00,0.0,0.0
9/22/2020 23:00,0.0,0.0
9/23/2020 0:00,0.0,0.0
9/23/2020 1:00,0.0,0.0
9/23/2020 2:00,0.0,0.0
9/23/2020 3:00,0.0,0.0
9/23/2020 4:00,0.0,0.0
9/23/2020 5:00,0.0,0.0
9/23/2020 6:00,0.0,0.0
9/23/2020 7:00,0.0,0.0
9/23/2020 8:00,0.25,0.02
9/23/2020 9:00,1.5,0.09
9/23/2020 10:00,3.75,0.23
9/23/2020 11:00,4.5,0.28
9/23/2020 12:00,4.5,0.28
9/23/2020 13:00,6.75,0.41
9/23/2020 14:00,11.0,0.67
9/23/2020 15:00,11.25,0.69
9/23/2020 16:00,9.5,0.58
9/23/2020 17:00,4.75,0.29
9/23/2020 18:00,3.25,0.2
9/23/2020 19:00,1.25,0.08
9/23/2020 20:00,0.0,0.0
9/23/2020 21:00,0.0,0.0
9/23/2020 22:00,0.0,0.0
9/23/2020 23:00,0.0,0.0
9/24/2020 0:00,0.0,0.0
9/24/2020 1:00,0.0,0.0
9/24/2020 2:00,0.0,0.0
9/24/2020 3:00,0.0,0.0
9/24/2020 4:00,0.0,0.0
9/24/2020 5:00,0.0,0.0
9/24/2020 6:00,0.0,0.0
9/24/2020 7:00,0.0,0.0
9/24/2020 8:00,0.0,0.0
9/24/2020 9:00,1.75,0.11
9/24/2020 10:00,3.75,0.23
9/24/2020 11:00,5.0,0.31
9/24/2020 12:00,6.0,0.37
9/24/2020 13:00,6.75,0.41
9/24/2020 14:00,10.75,0.66
9/24/2020 15:00,10.25,0.63
9/24/2020 16:00,7.5,0.46
9/24/2020 17:00,3.75,0.23
9/24/2020 18:00,2.25,0.14
9/24/2020 19:00,0.75,0.05
9/24/2020 20:00,0.25,0.02
9/24/2020 21:00,0.0,0.0
9/24/2020 22:00,0.0,0.0
9/24/2020 23:00,0.0,0.0
9/25/2020 0:00,0.0,0.0
9/25/2020 1:00,0.0,0.0
9/25/2020 2:00,0.0,0.0
9/25/2020 3:00,0.0,0.0
9/25/2020 4:00,0.0,0.0
9/25/2020 5:00,0.0,0.0
9/25/2020 6:00,0.0,0.0
9/25/2020 7:00,0.0,0.0
9/25/2020 8:00,0.0,0.0
9/25/2020 9:00,1.25,0.08
9/25/2020 10:00,4.5,0.28
9/25/2020 11:00,7.75,0.47
9/25/2020 12:00,10.5,0.64
9/25/2020 13:00,11.75,0.72
9/25/2020 14:00,12.25,0.75
9/25/2020 15:00,11.5,0.7
9/25/2020 16:00,9.75,0.6
9/25/2020 17:00,7.5,0.46
9/25/2020 18:00,4.25,0.26
9/25/2020 19:00,1.0,0.06
9/25/2020 20:00,0.0,0.0
9/25/2020 21:00,0.0,0.0
9/25/2020 22:00,0.0,0.0
9/25/2020 23:00,0.0,0.0
9/26/2020 0:00,0.0,0.0
9/26/2020 1:00,0.0,0.0
9/26/2020 2:00,0.0,0.0
9/26/2020 3:00,0.0,0.0
9/26/2020 4:00,0.0,0.0
9/26/2020 5:00,0.0,0.0
9/26/2020 6:00,0.0,0.0
9/26/2020 7:00,0.0,0.0
9/26/2020 8:00,0.25,0.02
9/26/2020 9:00,1.25,0.08
9/26/2020 10:00,5.0,0.31
9/26/2020 11:00,8.25,0.51
9/26/2020 12:00,10.25,0.63
9/26/2020 13:00,11.75,0.72
9/26/2020 14:00,11.75,0.72
9/26/2020 15:00,11.0,0.67
9/26/2020 16:00,9.75,0.6
9/26/2020 17:00,7.25,0.44
9/26/2020 18:00,4.25,0.26
9/26/2020 19:00,1.0,0.06
9/26/2020 20:00,0.0,0.0
9/26/2020 21:00,0.0,0.0
9/26/2020 22:00,0.0,0.0
9/26/2020 23:00,0.0,0.0
9/27/2020 0:00,0.0,0.0
9/27/2020 1:00,0.0,0.0
9/27/2020 2:00,0.0,0.0
9/27/2020 3:00,0.0,0.0
9/27/2020 4:00,0.0,0.0
9/27/2020 5:00,0.0,0.0
9/27/2020 6:00,0.0,0.0
9/27/2020 7:00,0.0,0.0
9/27/2020 8:00,0.25,0.02
9/27/2020 9:00,1.5,0.09
9/27/2020 10:00,4.5,0.28
9/27/2020 11:00,8.0,0.49
9/27/2020 12:00,10.25,0.63
9/27/2020 13:00,11.5,0.7
9/27/2020 14:00,11.75,0.72
9/27/2020 15:00,11.25,0.69
9/27/2020 16:00,9.75,0.6
9/27/2020 17:00,7.5,0.46
9/27/2020 18:00,4.0,0.25
9/27/2020 19:00,1.0,0.06
9/27/2020 20:00,0.0,0.0
9/27/2020 21:00,0.0,0.0
9/27/2020 22:00,0.0,0.0
9/27/2020 23:00,0.0,0.0
9/28/2020 0:00,0.0,0.0
9/28/2020 1:00,0.0,0.0
9/28/2020 2:00,0.0,0.0
9/28/2020 3:00,0.0,0.0
9/28/2020 4:00,0.0,0.0
9/28/2020 5:00,0.0,0.0
9/28/2020 6:00,0.0,0.0
9/28/2020 7:00,0.0,0.0
9/28/2020 8:00,0.25,0.02
9/28/2020 9:00,1.0,0.06
9/28/2020 10:00,4.5,0.28
9/28/2020 11:00,7.0,0.43
9/28/2020 12:00,10.0,0.61
9/28/2020 13:00,11.25,0.69
9/28/2020 14:00,11.5,0.7
9/28/2020 15:00,10.25,0.63
9/28/2020 16:00,8.0,0.49
9/28/2020 17:00,4.0,0.25
9/28/2020 18:00,2.5,0.15
9/28/2020 19:00,1.0,0.06
9/28/2020 20:00,0.0,0.0
9/28/2020 21:00,0.0,0.0
9/28/2020 22:00,0.0,0.0
9/28/2020 23:00,0.0,0.0
9/29/2020 0:00,0.0,0.0
9/29/2020 1:00,0.0,0.0
9/29/2020 2:00,0.0,0.0
9/29/2020 3:00,0.0,0.0
9/29/2020 4:00,0.0,0.0
9/29/2020 5:00,0.0,0.0
9/29/2020 6:00,0.0,0.0
9/29/2020 7:00,0.0,0.0
9/29/2020 8:00,0.25,0.02
9/29/2020 9:00,1.0,0.06
9/29/2020 10:00,4.0,0.25
9/29/2020 11:00,7.0,0.43
9/29/2020 12:00,9.75,0.6
9/29/2020 13:00,11.0,0.67
9/29/2020 14:00,11.25,0.69
9/29/2020 15:00,10.75,0.66
9/29/2020 16:00,9.25,0.57
9/29/2020 17:00,7.0,0.43
9/29/2020 18:00,3.0,0.18
9/29/2020 19:00,0.75,0.05
9/29/2020 20:00,0.0,0.0
9/29/2020 21:00,0.0,0.0
9/29/2020 22:00,0.0,0.0
9/29/2020 23:00,0.0,0.0
9/30/2020 0:00,0.0,0.0
9/30/2020 1:00,0.0,0.0
9/30/2020 2:00,0.0,0.0
9/30/2020 3:00,0.0,0.0
9/30/2020 4:00,0.0,0.0
9/30/2020 5:00,0.0,0.0
9/30/2020 6:00,0.0,0.0
9/30/2020 7:00,0.0,0.0
9/30/2020 8:00,0.0,0.0
9/30/2020 9:00,1.25,0.08
9/30/2020 10:00,3.0,0.18
9/30/2020 11:00,4.0,0.25
9/30/2020 12:00,7.0,0.43
9/30/2020 13:00,10.75,0.66
9/30/2020 14:00,11.25,0.69
9/30/2020 15:00,7.75,0.47
9/30/2020 16:00,7.75,0.47
9/30/2020 17:00,3.5,0.21
9/30/2020 18:00,2.5,0.15
9/30/2020 19:00,0.75,0.05
9/30/2020 20:00,0.0,0.0
9/30/2020 21:00,0.0,0.0
9/30/2020 22:00,0.0,0.0
9/30/2020 23:00,0.0,0.0
10/1/2020 0:00,0.0,0.0
10/1/2020 1:00,0.0,0.0
10/1/2020 2:00,0.0,0.0
10/1/2020 3:00,0.0,0.0
10/1/2020 4:00,0.0,0.0
10/1/2020 5:00,0.0,0.0
10/1/2020 6:00,0.0,0.0
10/1/2020 7:00,0.0,0.0
10/1/2020 8:00,0.0,0.0
10/1/2020 9:00,1.25,0.08
10/1/2020 10:00,3.75,0.23
10/1/2020 11:00,6.5,0.4
10/1/2020 12:00,9.5,0.58
10/1/2020 13:00,10.75,0.66
10/1/2020 14:00,9.75,0.6
10/1/2020 15:00,10.25,0.63
10/1/2020 16:00,7.25,0.44
10/1/2020 17:00,6.0,0.37
10/1/2020 18:00,2.75,0.17
10/1/2020 19:00,1.0,0.06
10/1/2020 20:00,0.0,0.0
10/1/2020 21:00,0.0,0.0
10/1/2020 22:00,0.0,0.0
10/1/2020 23:00,0.0,0.0
10/2/2020 0:00,0.0,0.0
10/2/2020 1:00,0.0,0.0
10/2/2020 2:00,0.0,0.0
10/2/2020 3:00,0.0,0.0
10/2/2020 4:00,0.0,0.0
10/2/2020 5:00,0.0,0.0
10/2/2020 6:00,0.0,0.0
10/2/2020 7:00,0.0,0.0
10/2/2020 8:00,0.0,0.0
10/2/2020 9:00,0.75,0.05
10/2/2020 10:00,2.25,0.14
10/2/2020 11:00,4.5,0.28
10/2/2020 12:00,6.0,0.37
10/2/2020 13:00,6.0,0.37
10/2/2020 14:00,6.25,0.38
10/2/2020 15:00,5.75,0.35
10/2/2020 16:00,7.25,0.44
10/2/2020 17:00,6.25,0.38
10/2/2020 18:00,2.0,0.12
10/2/2020 19:00,0.75,0.05
10/2/2020 20:00,0.0,0.0
10/2/2020 21:00,0.0,0.0
10/2/2020 22:00,0.0,0.0
10/2/2020 23:00,0.0,0.0
10/3/2020 0:00,0.0,0.0
10/3/2020 1:00,0.0,0.0
10/3/2020 2:00,0.0,0.0
10/3/2020 3:00,0.0,0.0
10/3/2020 4:00,0.0,0.0
10/3/2020 5:00,0.0,0.0
10/3/2020 6:00,0.0,0.0
10/3/2020 7:00,0.0,0.0
10/3/2020 8:00,0.25,0.02
10/3/2020 9:00,1.0,0.06
10/3/2020 10:00,4.0,0.25
10/3/2020 11:00,6.75,0.41
10/3/2020 12:00,10.0,0.61
10/3/2020 13:00,8.5,0.52
10/3/2020 14:00,8.5,0.52
10/3/2020 15:00,9.5,0.58
10/3/2020 16:00,7.25,0.44
10/3/2020 17:00,6.75,0.41
10/3/2020 18:00,4.0,0.25
10/3/2020 19:00,0.75,0.05
10/3/2020 20:00,0.0,0.0
10/3/2020 21:00,0.0,0.0
10/3/2020 22:00,0.0,0.0
10/3/2020 23:00,0.0,0.0
10/4/2020 0:00,0.0,0.0
10/4/2020 1:00,0.0,0.0
10/4/2020 2:00,0.0,0.0
10/4/2020 3:00,0.0,0.0
10/4/2020 4:00,0.0,0.0
10/4/2020 5:00,0.0,0.0
10/4/2020 6:00,0.0,0.0
10/4/2020 7:00,0.0,0.0
10/4/2020 8:00,0.0,0.0
10/4/2020 9:00,1.25,0.08
10/4/2020 10:00,4.0,0.25
10/4/2020 11:00,6.5,0.4
10/4/2020 12:00,10.0,0.61
10/4/2020 13:00,10.75,0.66
10/4/2020 14:00,9.25,0.57
10/4/2020 15:00,10.0,0.61
10/4/2020 16:00,8.0,0.49
10/4/2020 17:00,3.25,0.2
10/4/2020 18:00,2.5,0.15
10/4/2020 19:00,0.5,0.03
10/4/2020 20:00,0.0,0.0
10/4/2020 21:00,0.0,0.0
10/4/2020 22:00,0.0,0.0
10/4/2020 23:00,0.0,0.0
10/5/2020 0:00,0.0,0.0
10/5/2020 1:00,0.0,0.0
10/5/2020 2:00,0.0,0.0
10/5/2020 3:00,0.0,0.0
10/5/2020 4:00,0.0,0.0
10/5/2020 5:00,0.0,0.0
10/5/2020 6:00,0.0,0.0
10/5/2020 7:00,0.0,0.0
10/5/2020 8:00,0.25,0.02
10/5/2020 9:00,0.75,0.05
10/5/2020 10:00,3.25,0.2
10/5/2020 11:00,6.5,0.4
10/5/2020 12:00,9.5,0.58
10/5/2020 13:00,11.5,0.7
10/5/2020 14:00,12.0,0.74
10/5/2020 15:00,11.0,0.67
10/5/2020 16:00,9.5,0.58
10/5/2020 17:00,7.0,0.43
10/5/2020 18:00,3.25,0.2
10/5/2020 19:00,0.75,0.05
10/5/2020 20:00,0.0,0.0
10/5/2020 21:00,0.0,0.0
10/5/2020 22:00,0.0,0.0
10/5/2020 23:00,0.0,0.0
10/6/2020 0:00,0.0,0.0
10/6/2020 1:00,0.0,0.0
10/6/2020 2:00,0.0,0.0
10/6/2020 3:00,0.0,0.0
10/6/2020 4:00,0.0,0.0
10/6/2020 5:00,0.0,0.0
10/6/2020 6:00,0.0,0.0
10/6/2020 7:00,0.0,0.0
10/6/2020 8:00,0.0,0.0
10/6/2020 9:00,1.0,0.06
10/6/2020 10:00,3.5,0.21
10/6/2020 11:00,6.5,0.4
10/6/2020 12:00,9.25,0.57
10/6/2020 13:00,10.75,0.66
10/6/2020 14:00,11.0,0.67
10/6/2020 15:00,10.5,0.64
10/6/2020 16:00,9.25,0.57
10/6/2020 17:00,7.0,0.43
10/6/2020 18:00,3.5,0.21
10/6/2020 19:00,0.5,0.03
10/6/2020 20:00,0.0,0.0
10/6/2020 21:00,0.0,0.0
10/6/2020 22:00,0.0,0.0
10/6/2020 23:00,0.0,0.0
10/7/2020 0:00,0.0,0.0
10/7/2020 1:00,0.0,0.0
10/7/2020 2:00,0.0,0.0
10/7/2020 3:00,0.0,0.0
10/7/2020 4:00,0.0,0.0
10/7/2020 5:00,0.0,0.0
10/7/2020 6:00,0.0,0.0
10/7/2020 7:00,0.0,0.0
10/7/2020 8:00,0.0,0.0
10/7/2020 9:00,1.0,0.06
10/7/2020 10:00,3.25,0.2
10/7/2020 11:00,6.25,0.38
10/7/2020 12:00,9.25,0.57
10/7/2020 13:00,10.75,0.66
10/7/2020 14:00,11.0,0.67
10/7/2020 15:00,10.25,0.63
10/7/2020 16:00,9.0,0.55
10/7/2020 17:00,6.5,0.4
10/7/2020 18:00,3.25,0.2
10/7/2020 19:00,0.25,0.02
10/7/2020 20:00,0.0,0.0
10/7/2020 21:00,0.0,0.0
10/7/2020 22:00,0.0,0.0
10/7/2020 23:00,0.0,0.0
10/8/2020 0:00,0.0,0.0
10/8/2020 1:00,0.0,0.0
10/8/2020 2:00,0.0,0.0
10/8/2020 3:00,0.0,0.0
10/8/2020 4:00,0.0,0.0
10/8/2020 5:00,0.0,0.0
10/8/2020 6:00,0.0,0.0
10/8/2020 7:00,0.0,0.0
10/8/2020 8:00,0.25,0.02
10/8/2020 9:00,1.0,0.06
10/8/2020 10:00,3.25,0.2
10/8/2020 11:00,6.0,0.37
10/8/2020 12:00,9.0,0.55
10/8/2020 13:00,9.5,0.58
10/8/2020 14:00,10.0,0.61
10/8/2020 15:00,10.0,0.61
10/8/2020 16:00,8.25,0.51
10/8/2020 17:00,5.0,0.31
10/8/2020 18:00,3.0,0.18
10/8/2020 19:00,0.5,0.03
10/8/2020 20:00,0.0,0.0
10/8/2020 21:00,0.0,0.0
10/8/2020 22:00,0.0,0.0
10/8/2020 23:00,0.0,0.0
10/9/2020 0:00,0.0,0.0
10/9/2020 1:00,0.0,0.0
10/9/2020 2:00,0.0,0.0
10/9/2020 3:00,0.0,0.0
10/9/2020 4:00,0.0,0.0
10/9/2020 5:00,0.0,0.0
10/9/2020 6:00,0.0,0.0
10/9/2020 7:00,0.0,0.0
10/9/2020 8:00,0.0,0.0
10/9/2020 9:00,1.0,0.06
10/9/2020 10:00,3.25,0.2
10/9/2020 11:00,5.25,0.32
10/9/2020 12:00,8.0,0.49
10/9/2020 13:00,10.0,0.61
10/9/2020 14:00,10.75,0.66
10/9/2020 15:00,9.75,0.6
10/9/2020 16:00,8.75,0.54
10/9/2020 17:00,6.5,0.4
10/9/2020 18:00,3.0,0.18
10/9/2020 19:00,0.5,0.03
10/9/2020 20:00,0.0,0.0
10/9/2020 21:00,0.0,0.0
10/9/2020 22:00,0.0,0.0
10/9/2020 23:00,0.0,0.0
10/10/2020 0:00,0.0,0.0
10/10/2020 1:00,0.0,0.0
10/10/2020 2:00,0.0,0.0
10/10/2020 3:00,0.0,0.0
10/10/2020 4:00,0.0,0.0
10/10/2020 5:00,0.0,0.0
10/10/2020 6:00,0.0,0.0
10/10/2020 7:00,0.0,0.0
10/10/2020 8:00,0.0,0.0
10/10/2020 9:00,0.75,0.05
10/10/2020 10:00,3.0,0.18
10/10/2020 11:00,5.75,0.35
10/10/2020 12:00,8.75,0.54
10/10/2020 13:00,10.25,0.63
10/10/2020 14:00,10.5,0.64
10/10/2020 15:00,10.25,0.63
10/10/2020 16:00,9.25,0.57
10/10/2020 17:00,6.5,0.4
10/10/2020 18:00,3.0,0.18
10/10/2020 19:00,0.5,0.03
10/10/2020 20:00,0.0,0.0
10/10/2020 21:00,0.0,0.0
10/10/2020 22:00,0.0,0.0
10/10/2020 23:00,0.0,0.0
10/11/2020 0:00,0.0,0.0
10/11/2020 1:00,0.0,0.0
10/11/2020 2:00,0.0,0.0
10/11/2020 3:00,0.0,0.0
10/11/2020 4:00,0.0,0.0
10/11/2020 5:00,0.0,0.0
10/11/2020 6:00,0.0,0.0
10/11/2020 7:00,0.0,0.0
10/11/2020 8:00,0.0,0.0
10/11/2020 9:00,0.75,0.05
10/11/2020 10:00,3.25,0.2
10/11/2020 11:00,5.5,0.34
10/11/2020 12:00,9.0,0.55
10/11/2020 13:00,11.0,0.67
10/11/2020 14:00,10.75,0.66
10/11/2020 15:00,10.25,0.63
10/11/2020 16:00,8.75,0.54
10/11/2020 17:00,6.5,0.4
10/11/2020 18:00,3.0,0.18
10/11/2020 19:00,0.25,0.02
10/11/2020 20:00,0.0,0.0
10/11/2020 21:00,0.0,0.0
10/11/2020 22:00,0.0,0.0
10/11/2020 23:00,0.0,0.0
10/12/2020 0:00,0.0,0.0
10/12/2020 1:00,0.0,0.0
10/12/2020 2:00,0.0,0.0
10/12/2020 3:00,0.0,0.0
10/12/2020 4:00,0.0,0.0
10/12/2020 5:00,0.0,0.0
10/12/2020 6:00,0.0,0.0
10/12/2020 7:00,0.0,0.0
10/12/2020 8:00,0.0,0.0
10/12/2020 9:00,0.75,0.05
10/12/2020 10:00,3.25,0.2
10/12/2020 11:00,5.75,0.35
10/12/2020 12:00,9.25,0.57
10/12/2020 13:00,11.25,0.69
10/12/2020 14:00,11.25,0.69
10/12/2020 15:00,10.75,0.66
10/12/2020 16:00,9.0,0.55
10/12/2020 17:00,6.5,0.4
10/12/2020 18:00,3.25,0.2
10/12/2020 19:00,0.25,0.02
10/12/2020 20:00,0.0,0.0
10/12/2020 21:00,0.0,0.0
10/12/2020 22:00,0.0,0.0
10/12/2020 23:00,0.0,0.0
10/13/2020 0:00,0.0,0.0
10/13/2020 1:00,0.0,0.0
10/13/2020 2:00,0.0,0.0
10/13/2020 3:00,0.0,0.0
10/13/2020 4:00,0.0,0.0
10/13/2020 5:00,0.0,0.0
10/13/2020 6:00,0.0,0.0
10/13/2020 7:00,0.0,0.0
10/13/2020 8:00,0.0,0.0
10/13/2020 9:00,0.75,0.05
10/13/2020 10:00,3.0,0.18
10/13/2020 11:00,5.75,0.35
10/13/2020 12:00,9.0,0.55
10/13/2020 13:00,11.0,0.67
10/13/2020 14:00,11.25,0.69
10/13/2020 15:00,10.75,0.66
10/13/2020 16:00,9.0,0.55
10/13/2020 17:00,6.75,0.41
10/13/2020 18:00,3.0,0.18
10/13/2020 19:00,0.25,0.02
10/13/2020 20:00,0.0,0.0
10/13/2020 21:00,0.0,0.0
10/13/2020 22:00,0.0,0.0
10/13/2020 23:00,0.0,0.0
10/14/2020 0:00,0.0,0.0
10/14/2020 1:00,0.0,0.0
10/14/2020 2:00,0.0,0.0
10/14/2020 3:00,0.0,0.0
10/14/2020 4:00,0.0,0.0
10/14/2020 5:00,0.0,0.0
10/14/2020 6:00,0.0,0.0
10/14/2020 7:00,0.0,0.0
10/14/2020 8:00,0.0,0.0
10/14/2020 9:00,0.5,0.03
10/14/2020 10:00,3.0,0.18
10/14/2020 11:00,5.75,0.35
10/14/2020 12:00,9.25,0.57
10/14/2020 13:00,11.0,0.67
10/14/2020 14:00,11.5,0.7
10/14/2020 15:00,10.5,0.64
10/14/2020 16:00,9.0,0.55
10/14/2020 17:00,6.5,0.4
10/14/2020 18:00,2.75,0.17
10/14/2020 19:00,0.25,0.02
10/14/2020 20:00,0.0,0.0
10/14/2020 21:00,0.0,0.0
10/14/2020 22:00,0.0,0.0
10/14/2020 23:00,0.0,0.0
10/15/2020 0:00,0.0,0.0
10/15/2020 1:00,0.0,0.0
10/15/2020 2:00,0.0,0.0
10/15/2020 3:00,0.0,0.0
10/15/2020 4:00,0.0,0.0
10/15/2020 5:00,0.0,0.0
10/15/2020 6:00,0.0,0.0
10/15/2020 7:00,0.0,0.0
10/15/2020 8:00,0.0,0.0
10/15/2020 9:00,0.75,0.05
10/15/2020 10:00,3.0,0.18
10/15/2020 11:00,5.5,0.34
10/15/2020 12:00,9.25,0.57
10/15/2020 13:00,11.0,0.67
10/15/2020 14:00,11.0,0.67
10/15/2020 15:00,10.75,0.66
10/15/2020 16:00,8.75,0.54
10/15/2020 17:00,6.25,0.38
10/15/2020 18:00,2.25,0.14
10/15/2020 19:00,0.25,0.02
10/15/2020 20:00,0.0,0.0
10/15/2020 21:00,0.0,0.0
10/15/2020 22:00,0.0,0.0
10/15/2020 23:00,0.0,0.0
10/16/2020 0:00,0.0,0.0
10/16/2020 1:00,0.0,0.0
10/16/2020 2:00,0.0,0.0
10/16/2020 3:00,0.0,0.0
10/16/2020 4:00,0.0,0.0
10/16/2020 5:00,0.0,0.0
10/16/2020 6:00,0.0,0.0
10/16/2020 7:00,0.0,0.0
10/16/2020 8:00,0.0,0.0
10/16/2020 9:00,0.5,0.03
10/16/2020 10:00,2.75,0.17
10/16/2020 11:00,5.5,0.34
10/16/2020 12:00,8.75,0.54
10/16/2020 13:00,11.0,0.67
10/16/2020 14:00,11.0,0.67
10/16/2020 15:00,10.5,0.64
10/16/2020 16:00,9.0,0.55
10/16/2020 17:00,6.25,0.38
10/16/2020 18:00,2.75,0.17
10/16/2020 19:00,0.25,0.02
10/16/2020 20:00,0.0,0.0
10/16/2020 21:00,0.0,0.0
10/16/2020 22:00,0.0,0.0
10/16/2020 23:00,0.0,0.0
10/17/2020 0:00,0.0,0.0
10/17/2020 1:00,0.0,0.0
10/17/2020 2:00,0.0,0.0
10/17/2020 3:00,0.0,0.0
10/17/2020 4:00,0.0,0.0
10/17/2020 5:00,0.0,0.0
10/17/2020 6:00,0.0,0.0
10/17/2020 7:00,0.0,0.0
10/17/2020 8:00,0.0,0.0
10/17/2020 9:00,0.5,0.03
10/17/2020 10:00,2.75,0.17
10/17/2020 11:00,5.0,0.31
10/17/2020 12:00,8.5,0.52
10/17/2020 13:00,10.5,0.64
10/17/2020 14:00,10.5,0.64
10/17/2020 15:00,10.0,0.61
10/17/2020 16:00,8.25,0.51
10/17/2020 17:00,5.75,0.35
10/17/2020 18:00,2.5,0.15
10/17/2020 19:00,0.25,0.02
10/17/2020 20:00,0.0,0.0
10/17/2020 21:00,0.0,0.0
10/17/2020 22:00,0.0,0.0
10/17/2020 23:00,0.0,0.0
10/18/2020 0:00,0.0,0.0
10/18/2020 1:00,0.0,0.0
10/18/2020 2:00,0.0,0.0
10/18/2020 3:00,0.0,0.0
10/18/2020 4:00,0.0,0.0
10/18/2020 5:00,0.0,0.0
10/18/2020 6:00,0.0,0.0
10/18/2020 7:00,0.0,0.0
10/18/2020 8:00,0.0,0.0
10/18/2020 9:00,1.0,0.06
10/18/2020 10:00,2.25,0.14
10/18/2020 11:00,5.0,0.31
10/18/2020 12:00,8.5,0.52
10/18/2020 13:00,10.75,0.66
10/18/2020 14:00,10.75,0.66
10/18/2020 15:00,10.0,0.61
10/18/2020 16:00,8.5,0.52
10/18/2020 17:00,5.75,0.35
10/18/2020 18:00,2.25,0.14
10/18/2020 19:00,0.25,0.02
10/18/2020 20:00,0.0,0.0
10/18/2020 21:00,0.0,0.0
10/18/2020 22:00,0.0,0.0
10/18/2020 23:00,0.0,0.0
10/19/2020 0:00,0.0,0.0
10/19/2020 1:00,0.0,0.0
10/19/2020 2:00,0.0,0.0
10/19/2020 3:00,0.0,0.0
10/19/2020 4:00,0.0,0.0
10/19/2020 5:00,0.0,0.0
10/19/2020 6:00,0.0,0.0
10/19/2020 7:00,0.0,0.0
10/19/2020 8:00,0.0,0.0
10/19/2020 9:00,1.0,0.06
10/19/2020 10:00,2.5,0.15
10/19/2020 11:00,4.5,0.28
10/19/2020 12:00,7.75,0.47
10/19/2020 13:00,7.75,0.47
10/19/2020 14:00,5.25,0.32
10/19/2020 15:00,4.5,0.28
10/19/2020 16:00,3.5,0.21
10/19/2020 17:00,2.25,0.14
10/19/2020 18:00,1.25,0.08
10/19/2020 19:00,0.0,0.0
10/19/2020 20:00,0.0,0.0
10/19/2020 21:00,0.0,0.0
10/19/2020 22:00,0.0,0.0
10/19/2020 23:00,0.0,0.0
10/20/2020 0:00,0.0,0.0
10/20/2020 1:00,0.0,0.0
10/20/2020 2:00,0.0,0.0
10/20/2020 3:00,0.0,0.0
10/20/2020 4:00,0.0,0.0
10/20/2020 5:00,0.0,0.0
10/20/2020 6:00,0.0,0.0
10/20/2020 7:00,0.0,0.0
10/20/2020 8:00,0.0,0.0
10/20/2020 9:00,0.25,0.02
10/20/2020 10:00,0.25,0.02
10/20/2020 11:00,1.0,0.06
10/20/2020 12:00,1.25,0.08
10/20/2020 13:00,1.5,0.09
10/20/2020 14:00,1.0,0.06
10/20/2020 15:00,0.75,0.05
10/20/2020 16:00,0.5,0.03
10/20/2020 17:00,0.25,0.02
10/20/2020 18:00,0.5,0.03
10/20/2020 19:00,0.0,0.0
10/20/2020 20:00,0.0,0.0
10/20/2020 21:00,0.0,0.0
10/20/2020 22:00,0.0,0.0
10/20/2020 23:00,0.0,0.0
10/21/2020 0:00,0.0,0.0
10/21/2020 1:00,0.0,0.0
10/21/2020 2:00,0.0,0.0
10/21/2020 3:00,0.0,0.0
10/21/2020 4:00,0.0,0.0
10/21/2020 5:00,0.0,0.0
10/21/2020 6:00,0.0,0.0
10/21/2020 7:00,0.0,0.0
10/21/2020 8:00,0.0,0.0
10/21/2020 9:00,0.25,0.02
10/21/2020 10:00,2.0,0.12
10/21/2020 11:00,5.25,0.32
10/21/2020 12:00,8.75,0.54
10/21/2020 13:00,9.5,0.58
10/21/2020 14:00,10.25,0.63
10/21/2020 15:00,7.5,0.46
10/21/2020 16:00,7.0,0.43
10/21/2020 17:00,3.5,0.21
10/21/2020 18:00,0.75,0.05
10/21/2020 19:00,0.0,0.0
10/21/2020 20:00,0.0,0.0
10/21/2020 21:00,0.0,0.0
10/21/2020 22:00,0.0,0.0
10/21/2020 23:00,0.0,0.0
10/22/2020 0:00,0.0,0.0
10/22/2020 1:00,0.0,0.0
10/22/2020 2:00,0.0,0.0
10/22/2020 3:00,0.0,0.0
10/22/2020 4:00,0.0,0.0
10/22/2020 5:00,0.0,0.0
10/22/2020 6:00,0.0,0.0
10/22/2020 7:00,0.0,0.0
10/22/2020 8:00,0.0,0.0
10/22/2020 9:00,0.5,0.03
10/22/2020 10:00,2.25,0.14
10/22/2020 11:00,5.0,0.31
10/22/2020 12:00,8.75,0.54
10/22/2020 13:00,10.5,0.64
10/22/2020 14:00,11.25,0.69
10/22/2020 15:00,10.5,0.64
10/22/2020 16:00,8.75,0.54
10/22/2020 17:00,6.0,0.37
10/22/2020 18:00,2.0,0.12
10/22/2020 19:00,0.25,0.02
10/22/2020 20:00,0.0,0.0
10/22/2020 21:00,0.0,0.0
10/22/2020 22:00,0.0,0.0
10/22/2020 23:00,0.0,0.0
10/23/2020 0:00,0.0,0.0
10/23/2020 1:00,0.0,0.0
10/23/2020 2:00,0.0,0.0
10/23/2020 3:00,0.0,0.0
10/23/2020 4:00,0.0,0.0
10/23/2020 5:00,0.0,0.0
10/23/2020 6:00,0.0,0.0
10/23/2020 7:00,0.0,0.0
10/23/2020 8:00,0.0,0.0
10/23/2020 9:00,0.5,0.03
10/23/2020 10:00,2.25,0.14
10/23/2020 11:00,4.75,0.29
10/23/2020 12:00,8.5,0.52
10/23/2020 13:00,10.5,0.64
10/23/2020 14:00,11.0,0.67
10/23/2020 15:00,10.25,0.63
10/23/2020 16:00,8.75,0.54
10/23/2020 17:00,6.5,0.4
10/23/2020 18:00,2.25,0.14
10/23/2020 19:00,0.25,0.02
10/23/2020 20:00,0.0,0.0
10/23/2020 21:00,0.0,0.0
10/23/2020 22:00,0.0,0.0
10/23/2020 23:00,0.0,0.0
10/24/2020 0:00,0.0,0.0
10/24/2020 1:00,0.0,0.0
10/24/2020 2:00,0.0,0.0
10/24/2020 3:00,0.0,0.0
10/24/2020 4:00,0.0,0.0
10/24/2020 5:00,0.0,0.0
10/24/2020 6:00,0.0,0.0
10/24/2020 7:00,0.0,0.0
10/24/2020 8:00,0.0,0.0
10/24/2020 9:00,0.5,0.03
10/24/2020 10:00,2.0,0.12
10/24/2020 11:00,4.75,0.29
10/24/2020 12:00,8.5,0.52
10/24/2020 13:00,10.5,0.64
10/24/2020 14:00,11.0,0.67
10/24/2020 15:00,10.5,0.64
10/24/2020 16:00,8.5,0.52
10/24/2020 17:00,5.25,0.32
10/24/2020 18:00,1.75,0.11
10/24/2020 19:00,0.25,0.02
10/24/2020 20:00,0.0,0.0
10/24/2020 21:00,0.0,0.0
10/24/2020 22:00,0.0,0.0
10/24/2020 23:00,0.0,0.0
10/25/2020 0:00,0.0,0.0
10/25/2020 1:00,0.0,0.0
10/25/2020 1:00,0.0,0.0
10/25/2020 2:00,0.0,0.0
10/25/2020 3:00,0.0,0.0
10/25/2020 4:00,0.0,0.0
10/25/2020 5:00,0.0,0.0
10/25/2020 6:00,0.0,0.0
10/25/2020 7:00,0.0,0.0
10/25/2020 8:00,0.75,0.05
10/25/2020 9:00,2.5,0.15
10/25/2020 10:00,4.0,0.25
10/25/2020 11:00,5.75,0.35
10/25/2020 12:00,3.25,0.2
10/25/2020 13:00,6.25,0.38
10/25/2020 14:00,5.5,0.34
10/25/2020 15:00,4.75,0.29
10/25/2020 16:00,1.75,0.11
10/25/2020 17:00,0.75,0.05
10/25/2020 18:00,0.0,0.0
10/25/2020 19:00,0.0,0.0
10/25/2020 20:00,0.0,0.0
10/25/2020 21:00,0.0,0.0
10/25/2020 22:00,0.0,0.0
10/25/2020 23:00,0.0,0.0
10/26/2020 0:00,0.0,0.0
10/26/2020 1:00,0.0,0.0
10/26/2020 2:00,0.0,0.0
10/26/2020 3:00,0.0,0.0
10/26/2020 4:00,0.0,0.0
10/26/2020 5:00,0.0,0.0
10/26/2020 6:00,0.0,0.0
10/26/2020 7:00,0.0,0.0
10/26/2020 8:00,1.0,0.06
10/26/2020 9:00,2.5,0.15
10/26/2020 10:00,4.25,0.26
10/26/2020 11:00,8.5,0.52
10/26/2020 12:00,11.0,0.67
10/26/2020 13:00,11.0,0.67
10/26/2020 14:00,10.5,0.64
10/26/2020 15:00,6.25,0.38
10/26/2020 16:00,4.0,0.25
10/26/2020 17:00,1.75,0.11
10/26/2020 18:00,0.25,0.02
10/26/2020 19:00,0.0,0.0
10/26/2020 20:00,0.0,0.0
10/26/2020 21:00,0.0,0.0
10/26/2020 22:00,0.0,0.0
10/26/2020 23:00,0.0,0.0
10/27/2020 0:00,0.0,0.0
10/27/2020 1:00,0.0,0.0
10/27/2020 2:00,0.0,0.0
10/27/2020 3:00,0.0,0.0
10/27/2020 4:00,0.0,0.0
10/27/2020 5:00,0.0,0.0
10/27/2020 6:00,0.0,0.0
10/27/2020 7:00,0.0,0.0
10/27/2020 8:00,0.5,0.03
10/27/2020 9:00,2.25,0.14
10/27/2020 10:00,4.5,0.28
10/27/2020 11:00,7.75,0.47
10/27/2020 12:00,8.5,0.52
10/27/2020 13:00,10.75,0.66
10/27/2020 14:00,10.25,0.63
10/27/2020 15:00,8.25,0.51
10/27/2020 16:00,5.5,0.34
10/27/2020 17:00,1.75,0.11
10/27/2020 18:00,0.0,0.0
10/27/2020 19:00,0.0,0.0
10/27/2020 20:00,0.0,0.0
10/27/2020 21:00,0.0,0.0
10/27/2020 22:00,0.0,0.0
10/27/2020 23:00,0.0,0.0
10/28/2020 0:00,0.0,0.0
10/28/2020 1:00,0.0,0.0
10/28/2020 2:00,0.0,0.0
10/28/2020 3:00,0.0,0.0
10/28/2020 4:00,0.0,0.0
10/28/2020 5:00,0.0,0.0
10/28/2020 6:00,0.0,0.0
10/28/2020 7:00,0.0,0.0
10/28/2020 8:00,0.5,0.03
10/28/2020 9:00,1.5,0.09
10/28/2020 10:00,3.5,0.21
10/28/2020 11:00,7.0,0.43
10/28/2020 12:00,9.0,0.55
10/28/2020 13:00,8.75,0.54
10/28/2020 14:00,9.0,0.55
10/28/2020 15:00,6.75,0.41
10/28/2020 16:00,5.75,0.35
10/28/2020 17:00,1.75,0.11
10/28/2020 18:00,0.0,0.0
10/28/2020 19:00,0.0,0.0
10/28/2020 20:00,0.0,0.0
10/28/2020 21:00,0.0,0.0
10/28/2020 22:00,0.0,0.0
10/28/2020 23:00,0.0,0.0
10/29/2020 0:00,0.0,0.0
10/29/2020 1:00,0.0,0.0
10/29/2020 2:00,0.0,0.0
10/29/2020 3:00,0.0,0.0
10/29/2020 4:00,0.0,0.0
10/29/2020 5:00,0.0,0.0
10/29/2020 6:00,0.0,0.0
10/29/2020 7:00,0.0,0.0
10/29/2020 8:00,0.25,0.02
10/29/2020 9:00,1.75,0.11
10/29/2020 10:00,4.25,0.26
10/29/2020 11:00,8.0,0.49
10/29/2020 12:00,10.0,0.61
10/29/2020 13:00,10.5,0.64
10/29/2020 14:00,9.75,0.6
10/29/2020 15:00,8.0,0.49
10/29/2020 16:00,5.25,0.32
10/29/2020 17:00,1.5,0.09
10/29/2020 18:00,0.0,0.0
10/29/2020 19:00,0.0,0.0
10/29/2020 20:00,0.0,0.0
10/29/2020 21:00,0.0,0.0
10/29/2020 22:00,0.0,0.0
10/29/2020 23:00,0.0,0.0
10/30/2020 0:00,0.0,0.0
10/30/2020 1:00,0.0,0.0
10/30/2020 2:00,0.0,0.0
10/30/2020 3:00,0.0,0.0
10/30/2020 4:00,0.0,0.0
10/30/2020 5:00,0.0,0.0
10/30/2020 6:00,0.0,0.0
10/30/2020 7:00,0.0,0.0
10/30/2020 8:00,0.5,0.03
10/30/2020 9:00,1.5,0.09
10/30/2020 10:00,4.25,0.26
10/30/2020 11:00,8.25,0.51
10/30/2020 12:00,9.5,0.58
10/30/2020 13:00,10.5,0.64
10/30/2020 14:00,9.5,0.58
10/30/2020 15:00,4.75,0.29
10/30/2020 16:00,3.25,0.2
10/30/2020 17:00,1.25,0.08
10/30/2020 18:00,0.0,0.0
10/30/2020 19:00,0.0,0.0
10/30/2020 20:00,0.0,0.0
10/30/2020 21:00,0.0,0.0
10/30/2020 22:00,0.0,0.0
10/30/2020 23:00,0.0,0.0
10/31/2020 0:00,0.0,0.0
10/31/2020 1:00,0.0,0.0
10/31/2020 2:00,0.0,0.0
10/31/2020 3:00,0.0,0.0
10/31/2020 4:00,0.0,0.0
10/31/2020 5:00,0.0,0.0
10/31/2020 6:00,0.0,0.0
10/31/2020 7:00,0.0,0.0
10/31/2020 8:00,0.25,0.02
10/31/2020 9:00,1.5,0.09
10/31/2020 10:00,4.0,0.25
10/31/2020 11:00,7.75,0.47
10/31/2020 12:00,10.0,0.61
10/31/2020 13:00,10.25,0.63
10/31/2020 14:00,9.5,0.58
10/31/2020 15:00,7.75,0.47
10/31/2020 16:00,5.0,0.31
10/31/2020 17:00,0.75,0.05
10/31/2020 18:00,0.25,0.02
10/31/2020 19:00,0.0,0.0
10/31/2020 20:00,0.0,0.0
10/31/2020 21:00,0.0,0.0
10/31/2020 22:00,0.0,0.0
10/31/2020 23:00,0.0,0.0
11/1/2020 0:00,0.0,0.0
11/1/2020 1:00,0.0,0.0
11/1/2020 2:00,0.0,0.0
11/1/2020 3:00,0.0,0.0
11/1/2020 4:00,0.0,0.0
11/1/2020 5:00,0.0,0.0
11/1/2020 6:00,0.0,0.0
11/1/2020 7:00,0.0,0.0
11/1/2020 8:00,0.25,0.02
11/1/2020 9:00,1.5,0.09
11/1/2020 10:00,3.75,0.23
11/1/2020 11:00,6.25,0.38
11/1/2020 12:00,5.75,0.35
11/1/2020 13:00,5.0,0.31
11/1/2020 14:00,8.75,0.54
11/1/2020 15:00,8.0,0.49
11/1/2020 16:00,6.0,0.37
11/1/2020 17:00,1.5,0.09
11/1/2020 18:00,0.25,0.02
11/1/2020 19:00,0.0,0.0
11/1/2020 20:00,0.0,0.0
11/1/2020 21:00,0.0,0.0
11/1/2020 22:00,0.0,0.0
11/1/2020 23:00,0.0,0.0
11/2/2020 0:00,0.0,0.0
11/2/2020 1:00,0.0,0.0
11/2/2020 2:00,0.0,0.0
11/2/2020 3:00,0.0,0.0
11/2/2020 4:00,0.0,0.0
11/2/2020 5:00,0.0,0.0
11/2/2020 6:00,0.0,0.0
11/2/2020 7:00,0.0,0.0
11/2/2020 8:00,0.25,0.02
11/2/2020 9:00,1.0,0.06
11/2/2020 10:00,3.5,0.21
11/2/2020 11:00,8.0,0.49
11/2/2020 12:00,9.0,0.55
11/2/2020 13:00,7.25,0.44
11/2/2020 14:00,7.25,0.44
11/2/2020 15:00,8.0,0.49
11/2/2020 16:00,5.0,0.31
11/2/2020 17:00,1.0,0.06
11/2/2020 18:00,0.0,0.0
11/2/2020 19:00,0.0,0.0
11/2/2020 20:00,0.0,0.0
11/2/2020 21:00,0.0,0.0
11/2/2020 22:00,0.0,0.0
11/2/2020 23:00,0.0,0.0
11/3/2020 0:00,0.0,0.0
11/3/2020 1:00,0.0,0.0
11/3/2020 2:00,0.0,0.0
11/3/2020 3:00,0.0,0.0
11/3/2020 4:00,0.0,0.0
11/3/2020 5:00,0.0,0.0
11/3/2020 6:00,0.0,0.0
11/3/2020 7:00,0.0,0.0
11/3/2020 8:00,0.25,0.02
11/3/2020 9:00,1.0,0.06
11/3/2020 10:00,2.0,0.12
11/3/2020 11:00,4.25,0.26
11/3/2020 12:00,5.5,0.34
11/3/2020 13:00,6.0,0.37
11/3/2020 14:00,3.5,0.21
11/3/2020 15:00,5.25,0.32
11/3/2020 16:00,3.0,0.18
11/3/2020 17:00,1.25,0.08
11/3/2020 18:00,0.0,0.0
11/3/2020 19:00,0.0,0.0
11/3/2020 20:00,0.0,0.0
11/3/2020 21:00,0.0,0.0
11/3/2020 22:00,0.0,0.0
11/3/2020 23:00,0.0,0.0
11/4/2020 0:00,0.0,0.0
11/4/2020 1:00,0.0,0.0
11/4/2020 2:00,0.0,0.0
11/4/2020 3:00,0.0,0.0
11/4/2020 4:00,0.0,0.0
11/4/2020 5:00,0.0,0.0
11/4/2020 6:00,0.0,0.0
11/4/2020 7:00,0.0,0.0
11/4/2020 8:00,0.5,0.03
11/4/2020 9:00,2.0,0.12
11/4/2020 10:00,2.75,0.17
11/4/2020 11:00,3.25,0.2
11/4/2020 12:00,6.0,0.37
11/4/2020 13:00,5.5,0.34
11/4/2020 14:00,5.75,0.35
11/4/2020 15:00,3.0,0.18
11/4/2020 16:00,2.5,0.15
11/4/2020 17:00,0.75,0.05
11/4/2020 18:00,0.25,0.02
11/4/2020 19:00,0.0,0.0
11/4/2020 20:00,0.0,0.0
11/4/2020 21:00,0.0,0.0
11/4/2020 22:00,0.0,0.0
11/4/2020 23:00,0.0,0.0
11/5/2020 0:00,0.0,0.0
11/5/2020 1:00,0.0,0.0
11/5/2020 2:00,0.0,0.0
11/5/2020 3:00,0.0,0.0
11/5/2020 4:00,0.0,0.0
11/5/2020 5:00,0.0,0.0
11/5/2020 6:00,0.0,0.0
11/5/2020 7:00,0.0,0.0
11/5/2020 8:00,0.25,0.02
11/5/2020 9:00,0.75,0.05
11/5/2020 10:00,1.5,0.09
11/5/2020 11:00,0.75,0.05
11/5/2020 12:00,0.5,0.03
11/5/2020 13:00,0.5,0.03
11/5/2020 14:00,0.25,0.02
11/5/2020 15:00,0.25,0.02
11/5/2020 16:00,0.75,0.05
11/5/2020 17:00,0.25,0.02
11/5/2020 18:00,0.0,0.0
11/5/2020 19:00,0.0,0.0
11/5/2020 20:00,0.0,0.0
11/5/2020 21:00,0.0,0.0
11/5/2020 22:00,0.0,0.0
11/5/2020 23:00,0.0,0.0
11/6/2020 0:00,0.0,0.0
11/6/2020 1:00,0.0,0.0
11/6/2020 2:00,0.0,0.0
11/6/2020 3:00,0.0,0.0
11/6/2020 4:00,0.0,0.0
11/6/2020 5:00,0.0,0.0
11/6/2020 6:00,0.0,0.0
11/6/2020 7:00,0.0,0.0
11/6/2020 8:00,0.25,0.02
11/6/2020 9:00,1.5,0.09
11/6/2020 10:00,3.0,0.18
11/6/2020 11:00,3.0,0.18
11/6/2020 12:00,4.0,0.25
11/6/2020 13:00,3.0,0.18
11/6/2020 14:00,0.5,0.03
11/6/2020 15:00,1.0,0.06
11/6/2020 16:00,0.75,0.05
11/6/2020 17:00,0.25,0.02
11/6/2020 18:00,0.0,0.0
11/6/2020 19:00,0.0,0.0
11/6/2020 20:00,0.0,0.0
11/6/2020 21:00,0.0,0.0
11/6/2020 22:00,0.0,0.0
11/6/2020 23:00,0.0,0.0
11/7/2020 0:00,0.0,0.0
11/7/2020 1:00,0.0,0.0
11/7/2020 2:00,0.0,0.0
11/7/2020 3:00,0.0,0.0
11/7/2020 4:00,0.0,0.0
11/7/2020 5:00,0.0,0.0
11/7/2020 6:00,0.0,0.0
11/7/2020 7:00,0.0,0.0
11/7/2020 8:00,0.25,0.02
11/7/2020 9:00,1.0,0.06
11/7/2020 10:00,3.75,0.23
11/7/2020 11:00,7.25,0.44
11/7/2020 12:00,10.5,0.64
11/7/2020 13:00,10.0,0.61
11/7/2020 14:00,9.75,0.6
11/7/2020 15:00,8.0,0.49
11/7/2020 16:00,5.0,0.31
11/7/2020 17:00,1.0,0.06
11/7/2020 18:00,0.25,0.02
11/7/2020 19:00,0.0,0.0
11/7/2020 20:00,0.0,0.0
11/7/2020 21:00,0.0,0.0
11/7/2020 22:00,0.0,0.0
11/7/2020 23:00,0.0,0.0
11/8/2020 0:00,0.0,0.0
11/8/2020 1:00,0.0,0.0
11/8/2020 2:00,0.0,0.0
11/8/2020 3:00,0.0,0.0
11/8/2020 4:00,0.0,0.0
11/8/2020 5:00,0.0,0.0
11/8/2020 6:00,0.0,0.0
11/8/2020 7:00,0.0,0.0
11/8/2020 8:00,0.0,0.0
11/8/2020 9:00,1.0,0.06
11/8/2020 10:00,3.25,0.2
11/8/2020 11:00,7.5,0.46
11/8/2020 12:00,9.0,0.55
11/8/2020 13:00,8.0,0.49
11/8/2020 14:00,9.5,0.58
11/8/2020 15:00,6.25,0.38
11/8/2020 16:00,3.5,0.21
11/8/2020 17:00,1.0,0.06
11/8/2020 18:00,0.0,0.0
11/8/2020 19:00,0.0,0.0
11/8/2020 20:00,0.0,0.0
11/8/2020 21:00,0.0,0.0
11/8/2020 22:00,0.0,0.0
11/8/2020 23:00,0.0,0.0
11/9/2020 0:00,0.0,0.0
11/9/2020 1:00,0.0,0.0
11/9/2020 2:00,0.0,0.0
11/9/2020 3:00,0.0,0.0
11/9/2020 4:00,0.0,0.0
11/9/2020 5:00,0.0,0.0
11/9/2020 6:00,0.0,0.0
11/9/2020 7:00,0.0,0.0
11/9/2020 8:00,0.25,0.02
11/9/2020 9:00,1.25,0.08
11/9/2020 10:00,3.25,0.2
11/9/2020 11:00,7.25,0.44
11/9/2020 12:00,9.75,0.6
11/9/2020 13:00,7.25,0.44
11/9/2020 14:00,7.5,0.46
11/9/2020 15:00,7.75,0.47
11/9/2020 16:00,4.0,0.25
11/9/2020 17:00,1.0,0.06
11/9/2020 18:00,0.25,0.02
11/9/2020 19:00,0.0,0.0
11/9/2020 20:00,0.0,0.0
11/9/2020 21:00,0.0,0.0
11/9/2020 22:00,0.0,0.0
11/9/2020 23:00,0.0,0.0
11/10/2020 0:00,0.0,0.0
11/10/2020 1:00,0.0,0.0
11/10/2020 2:00,0.0,0.0
11/10/2020 3:00,0.0,0.0
11/10/2020 4:00,0.0,0.0
11/10/2020 5:00,0.0,0.0
11/10/2020 6:00,0.0,0.0
11/10/2020 7:00,0.0,0.0
11/10/2020 8:00,0.0,0.0
11/10/2020 9:00,1.0,0.06
11/10/2020 10:00,3.5,0.21
11/10/2020 11:00,7.0,0.43
11/10/2020 12:00,10.0,0.61
11/10/2020 13:00,10.0,0.61
11/10/2020 14:00,9.0,0.55
11/10/2020 15:00,7.5,0.46
11/10/2020 16:00,4.25,0.26
11/10/2020 17:00,1.0,0.06
11/10/2020 18:00,0.25,0.02
11/10/2020 19:00,0.0,0.0
11/10/2020 20:00,0.0,0.0
11/10/2020 21:00,0.0,0.0
11/10/2020 22:00,0.0,0.0
11/10/2020 23:00,0.0,0.0
11/11/2020 0:00,0.0,0.0
11/11/2020 1:00,0.0,0.0
11/11/2020 2:00,0.0,0.0
11/11/2020 3:00,0.0,0.0
11/11/2020 4:00,0.0,0.0
11/11/2020 5:00,0.0,0.0
11/11/2020 6:00,0.0,0.0
11/11/2020 7:00,0.0,0.0
11/11/2020 8:00,0.25,0.02
11/11/2020 9:00,1.0,0.06
11/11/2020 10:00,3.0,0.18
11/11/2020 11:00,7.0,0.43
11/11/2020 12:00,9.5,0.58
11/11/2020 13:00,8.0,0.49
11/11/2020 14:00,6.0,0.37
11/11/2020 15:00,5.75,0.35
11/11/2020 16:00,3.25,0.2
11/11/2020 17:00,0.75,0.05
11/11/2020 18:00,0.0,0.0
11/11/2020 19:00,0.0,0.0
11/11/2020 20:00,0.0,0.0
11/11/2020 21:00,0.0,0.0
11/11/2020 22:00,0.0,0.0
11/11/2020 23:00,0.0,0.0
11/12/2020 0:00,0.0,0.0
11/12/2020 1:00,0.0,0.0
11/12/2020 2:00,0.0,0.0
11/12/2020 3:00,0.0,0.0
11/12/2020 4:00,0.0,0.0
11/12/2020 5:00,0.0,0.0
11/12/2020 6:00,0.0,0.0
11/12/2020 7:00,0.0,0.0
11/12/2020 8:00,0.5,0.03
11/12/2020 9:00,2.0,0.12
11/12/2020 10:00,4.5,0.28
11/12/2020 11:00,5.25,0.32
11/12/2020 12:00,8.5,0.52
11/12/2020 13:00,10.25,0.63
11/12/2020 14:00,8.75,0.54
11/12/2020 15:00,7.25,0.44
11/12/2020 16:00,4.75,0.29
11/12/2020 17:00,0.75,0.05
11/12/2020 18:00,0.0,0.0
11/12/2020 19:00,0.0,0.0
11/12/2020 20:00,0.0,0.0
11/12/2020 21:00,0.0,0.0
11/12/2020 22:00,0.0,0.0
11/12/2020 23:00,0.0,0.0
11/13/2020 0:00,0.0,0.0
11/13/2020 1:00,0.0,0.0
11/13/2020 2:00,0.0,0.0
11/13/2020 3:00,0.0,0.0
11/13/2020 4:00,0.0,0.0
11/13/2020 5:00,0.0,0.0
11/13/2020 6:00,0.0,0.0
11/13/2020 7:00,0.0,0.0
11/13/2020 8:00,0.25,0.02
11/13/2020 9:00,1.0,0.06
11/13/2020 10:00,2.75,0.17
11/13/2020 11:00,3.25,0.2
11/13/2020 12:00,6.25,0.38
11/13/2020 13:00,6.0,0.37
11/13/2020 14:00,5.0,0.31
11/13/2020 15:00,3.25,0.2
11/13/2020 16:00,0.75,0.05
11/13/2020 17:00,0.25,0.02
11/13/2020 18:00,0.0,0.0
11/13/2020 19:00,0.0,0.0
11/13/2020 20:00,0.0,0.0
11/13/2020 21:00,0.0,0.0
11/13/2020 22:00,0.0,0.0
11/13/2020 23:00,0.0,0.0
11/14/2020 0:00,0.0,0.0
11/14/2020 1:00,0.0,0.0
11/14/2020 2:00,0.0,0.0
11/14/2020 3:00,0.0,0.0
11/14/2020 4:00,0.0,0.0
11/14/2020 5:00,0.0,0.0
11/14/2020 6:00,0.0,0.0
11/14/2020 7:00,0.0,0.0
11/14/2020 8:00,0.0,0.0
11/14/2020 9:00,0.75,0.05
11/14/2020 10:00,2.5,0.15
11/14/2020 11:00,4.25,0.26
11/14/2020 12:00,5.25,0.32
11/14/2020 13:00,5.25,0.32
11/14/2020 14:00,5.0,0.31
11/14/2020 15:00,3.0,0.18
11/14/2020 16:00,2.0,0.12
11/14/2020 17:00,0.5,0.03
11/14/2020 18:00,0.0,0.0
11/14/2020 19:00,0.0,0.0
11/14/2020 20:00,0.0,0.0
11/14/2020 21:00,0.0,0.0
11/14/2020 22:00,0.0,0.0
11/14/2020 23:00,0.0,0.0
11/15/2020 0:00,0.0,0.0
11/15/2020 1:00,0.0,0.0
11/15/2020 2:00,0.0,0.0
11/15/2020 3:00,0.0,0.0
11/15/2020 4:00,0.0,0.0
11/15/2020 5:00,0.0,0.0
11/15/2020 6:00,0.0,0.0
11/15/2020 7:00,0.0,0.0
11/15/2020 8:00,0.25,0.02
11/15/2020 9:00,1.25,0.08
11/15/2020 10:00,3.25,0.2
11/15/2020 11:00,6.0,0.37
11/15/2020 12:00,9.0,0.55
11/15/2020 13:00,9.25,0.57
11/15/2020 14:00,9.0,0.55
11/15/2020 15:00,6.75,0.41
11/15/2020 16:00,4.0,0.25
11/15/2020 17:00,1.0,0.06
11/15/2020 18:00,0.0,0.0
11/15/2020 19:00,0.0,0.0
11/15/2020 20:00,0.0,0.0
11/15/2020 21:00,0.0,0.0
11/15/2020 22:00,0.0,0.0
11/15/2020 23:00,0.0,0.0
11/16/2020 0:00,0.0,0.0
11/16/2020 1:00,0.0,0.0
11/16/2020 2:00,0.0,0.0
11/16/2020 3:00,0.0,0.0
11/16/2020 4:00,0.0,0.0
11/16/2020 5:00,0.0,0.0
11/16/2020 6:00,0.0,0.0
11/16/2020 7:00,0.0,0.0
11/16/2020 8:00,0.25,0.02
11/16/2020 9:00,1.25,0.08
11/16/2020 10:00,2.75,0.17
11/16/2020 11:00,6.0,0.37
11/16/2020 12:00,7.75,0.47
11/16/2020 13:00,8.75,0.54
11/16/2020 14:00,8.75,0.54
11/16/2020 15:00,6.75,0.41
11/16/2020 16:00,4.0,0.25
11/16/2020 17:00,1.0,0.06
11/16/2020 18:00,0.0,0.0
11/16/2020 19:00,0.0,0.0
11/16/2020 20:00,0.0,0.0
11/16/2020 21:00,0.0,0.0
11/16/2020 22:00,0.0,0.0
11/16/2020 23:00,0.0,0.0
11/17/2020 0:00,0.0,0.0
11/17/2020 1:00,0.0,0.0
11/17/2020 2:00,0.0,0.0
11/17/2020 3:00,0.0,0.0
11/17/2020 4:00,0.0,0.0
11/17/2020 5:00,0.0,0.0
11/17/2020 6:00,0.0,0.0
11/17/2020 7:00,0.0,0.0
11/17/2020 8:00,0.25,0.02
11/17/2020 9:00,0.5,0.03
11/17/2020 10:00,1.0,0.06
11/17/2020 11:00,2.0,0.12
11/17/2020 12:00,2.0,0.12
11/17/2020 13:00,2.25,0.14
11/17/2020 14:00,3.0,0.18
11/17/2020 15:00,3.5,0.21
11/17/2020 16:00,4.0,0.25
11/17/2020 17:00,0.75,0.05
11/17/2020 18:00,0.0,0.0
11/17/2020 19:00,0.0,0.0
11/17/2020 20:00,0.0,0.0
11/17/2020 21:00,0.0,0.0
11/17/2020 22:00,0.0,0.0
11/17/2020 23:00,0.0,0.0
11/18/2020 0:00,0.0,0.0
11/18/2020 1:00,0.0,0.0
11/18/2020 2:00,0.0,0.0
11/18/2020 3:00,0.0,0.0
11/18/2020 4:00,0.0,0.0
11/18/2020 5:00,0.0,0.0
11/18/2020 6:00,0.0,0.0
11/18/2020 7:00,0.0,0.0
11/18/2020 8:00,0.25,0.02
11/18/2020 9:00,1.25,0.08
11/18/2020 10:00,2.5,0.15
11/18/2020 11:00,5.75,0.35
11/18/2020 12:00,8.5,0.52
11/18/2020 13:00,9.25,0.57
11/18/2020 14:00,8.25,0.51
11/18/2020 15:00,6.75,0.41
11/18/2020 16:00,4.25,0.26
11/18/2020 17:00,0.75,0.05
11/18/2020 18:00,0.0,0.0
11/18/2020 19:00,0.0,0.0
11/18/2020 20:00,0.0,0.0
11/18/2020 21:00,0.0,0.0
11/18/2020 22:00,0.0,0.0
11/18/2020 23:00,0.0,0.0
11/19/2020 0:00,0.0,0.0
11/19/2020 1:00,0.0,0.0
11/19/2020 2:00,0.0,0.0
11/19/2020 3:00,0.0,0.0
11/19/2020 4:00,0.0,0.0
11/19/2020 5:00,0.0,0.0
11/19/2020 6:00,0.0,0.0
11/19/2020 7:00,0.0,0.0
11/19/2020 8:00,0.25,0.02
11/19/2020 9:00,0.75,0.05
11/19/2020 10:00,2.5,0.15
11/19/2020 11:00,5.75,0.35
11/19/2020 12:00,9.0,0.55
11/19/2020 13:00,9.25,0.57
11/19/2020 14:00,8.5,0.52
11/19/2020 15:00,6.75,0.41
11/19/2020 16:00,3.5,0.21
11/19/2020 17:00,0.75,0.05
11/19/2020 18:00,0.0,0.0
11/19/2020 19:00,0.0,0.0
11/19/2020 20:00,0.0,0.0
11/19/2020 21:00,0.0,0.0
11/19/2020 22:00,0.0,0.0
11/19/2020 23:00,0.0,0.0
11/20/2020 0:00,0.0,0.0
11/20/2020 1:00,0.0,0.0
11/20/2020 2:00,0.0,0.0
11/20/2020 3:00,0.0,0.0
11/20/2020 4:00,0.0,0.0
11/20/2020 5:00,0.0,0.0
11/20/2020 6:00,0.0,0.0
11/20/2020 7:00,0.0,0.0
11/20/2020 8:00,0.25,0.02
11/20/2020 9:00,0.75,0.05
11/20/2020 10:00,2.25,0.14
11/20/2020 11:00,6.0,0.37
11/20/2020 12:00,9.25,0.57
11/20/2020 13:00,9.5,0.58
11/20/2020 14:00,8.75,0.54
11/20/2020 15:00,7.0,0.43
11/20/2020 16:00,4.25,0.26
11/20/2020 17:00,0.75,0.05
11/20/2020 18:00,0.0,0.0
11/20/2020 19:00,0.0,0.0
11/20/2020 20:00,0.0,0.0
11/20/2020 21:00,0.0,0.0
11/20/2020 22:00,0.0,0.0
11/20/2020 23:00,0.0,0.0
11/21/2020 0:00,0.0,0.0
11/21/2020 1:00,0.0,0.0
11/21/2020 2:00,0.0,0.0
11/21/2020 3:00,0.0,0.0
11/21/2020 4:00,0.0,0.0
11/21/2020 5:00,0.0,0.0
11/21/2020 6:00,0.0,0.0
11/21/2020 7:00,0.0,0.0
11/21/2020 8:00,0.0,0.0
11/21/2020 9:00,0.75,0.05
11/21/2020 10:00,2.25,0.14
11/21/2020 11:00,5.75,0.35
11/21/2020 12:00,9.0,0.55
11/21/2020 13:00,9.5,0.58
11/21/2020 14:00,8.75,0.54
11/21/2020 15:00,7.0,0.43
11/21/2020 16:00,4.0,0.25
11/21/2020 17:00,0.5,0.03
11/21/2020 18:00,0.25,0.02
11/21/2020 19:00,0.0,0.0
11/21/2020 20:00,0.0,0.0
11/21/2020 21:00,0.0,0.0
11/21/2020 22:00,0.0,0.0
11/21/2020 23:00,0.0,0.0
11/22/2020 0:00,0.0,0.0
11/22/2020 1:00,0.0,0.0
11/22/2020 2:00,0.0,0.0
11/22/2020 3:00,0.0,0.0
11/22/2020 4:00,0.0,0.0
11/22/2020 5:00,0.0,0.0
11/22/2020 6:00,0.0,0.0
11/22/2020 7:00,0.0,0.0
11/22/2020 8:00,0.0,0.0
11/22/2020 9:00,0.75,0.05
11/22/2020 10:00,2.0,0.12
11/22/2020 11:00,6.0,0.37
11/22/2020 12:00,9.0,0.55
11/22/2020 13:00,9.75,0.6
11/22/2020 14:00,8.75,0.54
11/22/2020 15:00,7.0,0.43
11/22/2020 16:00,4.25,0.26
11/22/2020 17:00,0.5,0.03
11/22/2020 18:00,0.0,0.0
11/22/2020 19:00,0.0,0.0
11/22/2020 20:00,0.0,0.0
11/22/2020 21:00,0.0,0.0
11/22/2020 22:00,0.0,0.0
11/22/2020 23:00,0.0,0.0
11/23/2020 0:00,0.0,0.0
11/23/2020 1:00,0.0,0.0
11/23/2020 2:00,0.0,0.0
11/23/2020 3:00,0.0,0.0
11/23/2020 4:00,0.0,0.0
11/23/2020 5:00,0.0,0.0
11/23/2020 6:00,0.0,0.0
11/23/2020 7:00,0.0,0.0
11/23/2020 8:00,0.25,0.02
11/23/2020 9:00,0.5,0.03
11/23/2020 10:00,2.0,0.12
11/23/2020 11:00,6.0,0.37
11/23/2020 12:00,9.25,0.57
11/23/2020 13:00,9.5,0.58
11/23/2020 14:00,8.75,0.54
11/23/2020 15:00,7.25,0.44
11/23/2020 16:00,4.25,0.26
11/23/2020 17:00,0.5,0.03
11/23/2020 18:00,0.0,0.0
11/23/2020 19:00,0.0,0.0
11/23/2020 20:00,0.0,0.0
11/23/2020 21:00,0.0,0.0
11/23/2020 22:00,0.0,0.0
11/23/2020 23:00,0.0,0.0
11/24/2020 0:00,0.0,0.0
11/24/2020 1:00,0.0,0.0
11/24/2020 2:00,0.0,0.0
11/24/2020 3:00,0.0,0.0
11/24/2020 4:00,0.0,0.0
11/24/2020 5:00,0.0,0.0
11/24/2020 6:00,0.0,0.0
11/24/2020 7:00,0.0,0.0
11/24/2020 8:00,0.25,0.02
11/24/2020 9:00,0.75,0.05
11/24/2020 10:00,2.25,0.14
11/24/2020 11:00,3.0,0.18
11/24/2020 12:00,4.5,0.28
11/24/2020 13:00,3.25,0.2
11/24/2020 14:00,3.25,0.2
11/24/2020 15:00,4.75,0.29
11/24/2020 16:00,4.0,0.25
11/24/2020 17:00,0.5,0.03
11/24/2020 18:00,0.0,0.0
11/24/2020 19:00,0.0,0.0
11/24/2020 20:00,0.0,0.0
11/24/2020 21:00,0.0,0.0
11/24/2020 22:00,0.0,0.0
11/24/2020 23:00,0.0,0.0
11/25/2020 0:00,0.0,0.0
11/25/2020 1:00,0.0,0.0
11/25/2020 2:00,0.0,0.0
11/25/2020 3:00,0.0,0.0
11/25/2020 4:00,0.0,0.0
11/25/2020 5:00,0.0,0.0
11/25/2020 6:00,0.0,0.0
11/25/2020 7:00,0.0,0.0
11/25/2020 8:00,0.0,0.0
11/25/2020 9:00,0.25,0.02
11/25/2020 10:00,0.75,0.05
11/25/2020 11:00,2.0,0.12
11/25/2020 12:00,3.0,0.18
11/25/2020 13:00,2.0,0.12
11/25/2020 14:00,2.75,0.17
11/25/2020 15:00,3.25,0.2
11/25/2020 16:00,1.75,0.11
11/25/2020 17:00,0.25,0.02
11/25/2020 18:00,0.0,0.0
11/25/2020 19:00,0.0,0.0
11/25/2020 20:00,0.0,0.0
11/25/2020 21:00,0.0,0.0
11/25/2020 22:00,0.0,0.0
11/25/2020 23:00,0.0,0.0
11/26/2020 0:00,0.0,0.0
11/26/2020 1:00,0.0,0.0
11/26/2020 2:00,0.0,0.0
11/26/2020 3:00,0.0,0.0
11/26/2020 4:00,0.0,0.0
11/26/2020 5:00,0.0,0.0
11/26/2020 6:00,0.0,0.0
11/26/2020 7:00,0.0,0.0
11/26/2020 8:00,0.0,0.0
11/26/2020 9:00,0.25,0.02
11/26/2020 10:00,0.75,0.05
11/26/2020 11:00,1.5,0.09
11/26/2020 12:00,1.25,0.08
11/26/2020 13:00,1.25,0.08
11/26/2020 14:00,0.75,0.05
11/26/2020 15:00,0.75,0.05
11/26/2020 16:00,0.25,0.02
11/26/2020 17:00,0.0,0.0
11/26/2020 18:00,0.0,0.0
11/26/2020 19:00,0.0,0.0
11/26/2020 20:00,0.0,0.0
11/26/2020 21:00,0.0,0.0
11/26/2020 22:00,0.0,0.0
11/26/2020 23:00,0.0,0.0
11/27/2020 0:00,0.0,0.0
11/27/2020 1:00,0.0,0.0
11/27/2020 2:00,0.0,0.0
11/27/2020 3:00,0.0,0.0
11/27/2020 4:00,0.0,0.0
11/27/2020 5:00,0.0,0.0
11/27/2020 6:00,0.0,0.0
11/27/2020 7:00,0.0,0.0
11/27/2020 8:00,0.0,0.0
11/27/2020 9:00,1.0,0.06
11/27/2020 10:00,1.75,0.11
11/27/2020 11:00,4.0,0.25
11/27/2020 12:00,6.0,0.37
11/27/2020 13:00,5.25,0.32
11/27/2020 14:00,4.5,0.28
11/27/2020 15:00,4.0,0.25
11/27/2020 16:00,4.0,0.25
11/27/2020 17:00,0.75,0.05
11/27/2020 18:00,0.0,0.0
11/27/2020 19:00,0.0,0.0
11/27/2020 20:00,0.0,0.0
11/27/2020 21:00,0.0,0.0
11/27/2020 22:00,0.0,0.0
11/27/2020 23:00,0.0,0.0
11/28/2020 0:00,0.0,0.0
11/28/2020 1:00,0.0,0.0
11/28/2020 2:00,0.0,0.0
11/28/2020 3:00,0.0,0.0
11/28/2020 4:00,0.0,0.0
11/28/2020 5:00,0.0,0.0
11/28/2020 6:00,0.0,0.0
11/28/2020 7:00,0.0,0.0
11/28/2020 8:00,0.0,0.0
11/28/2020 9:00,0.75,0.05
11/28/2020 10:00,1.75,0.11
11/28/2020 11:00,5.25,0.32
11/28/2020 12:00,6.0,0.37
11/28/2020 13:00,5.25,0.32
11/28/2020 14:00,5.75,0.35
11/28/2020 15:00,2.5,0.15
11/28/2020 16:00,2.0,0.12
11/28/2020 17:00,0.25,0.02
11/28/2020 18:00,0.0,0.0
11/28/2020 19:00,0.0,0.0
11/28/2020 20:00,0.0,0.0
11/28/2020 21:00,0.0,0.0
11/28/2020 22:00,0.0,0.0
11/28/2020 23:00,0.0,0.0
11/29/2020 0:00,0.0,0.0
11/29/2020 1:00,0.0,0.0
11/29/2020 2:00,0.0,0.0
11/29/2020 3:00,0.0,0.0
11/29/2020 4:00,0.0,0.0
11/29/2020 5:00,0.0,0.0
11/29/2020 6:00,0.0,0.0
11/29/2020 7:00,0.0,0.0
11/29/2020 8:00,0.25,0.02
11/29/2020 9:00,0.5,0.03
11/29/2020 10:00,2.0,0.12
11/29/2020 11:00,3.5,0.21
11/29/2020 12:00,4.25,0.26
11/29/2020 13:00,4.5,0.28
11/29/2020 14:00,4.75,0.29
11/29/2020 15:00,1.75,0.11
11/29/2020 16:00,3.0,0.18
11/29/2020 17:00,0.5,0.03
11/29/2020 18:00,0.0,0.0
11/29/2020 19:00,0.0,0.0
11/29/2020 20:00,0.0,0.0
11/29/2020 21:00,0.0,0.0
11/29/2020 22:00,0.0,0.0
11/29/2020 23:00,0.0,0.0
11/30/2020 0:00,0.0,0.0
11/30/2020 1:00,0.0,0.0
11/30/2020 2:00,0.0,0.0
11/30/2020 3:00,0.0,0.0
11/30/2020 4:00,0.0,0.0
11/30/2020 5:00,0.0,0.0
11/30/2020 6:00,0.0,0.0
11/30/2020 7:00,0.0,0.0
11/30/2020 8:00,0.25,0.02
11/30/2020 9:00,0.5,0.03
11/30/2020 10:00,0.75,0.05
11/30/2020 11:00,0.75,0.05
11/30/2020 12:00,0.5,0.03
11/30/2020 13:00,3.75,0.23
11/30/2020 14:00,6.75,0.41
11/30/2020 15:00,2.5,0.15
11/30/2020 16:00,1.75,0.11
11/30/2020 17:00,0.25,0.02
11/30/2020 18:00,0.0,0.0
11/30/2020 19:00,0.0,0.0
11/30/2020 20:00,0.0,0.0
11/30/2020 21:00,0.0,0.0
11/30/2020 22:00,0.0,0.0
11/30/2020 23:00,0.0,0.0
12/1/2020 0:00,0.0,0.0
12/1/2020 1:00,0.0,0.0
12/1/2020 2:00,0.0,0.0
12/1/2020 3:00,0.0,0.0
12/1/2020 4:00,0.0,0.0
12/1/2020 5:00,0.0,0.0
12/1/2020 6:00,0.0,0.0
12/1/2020 7:00,0.0,0.0
12/1/2020 8:00,0.25,0.02
12/1/2020 9:00,0.75,0.05
12/1/2020 10:00,1.25,0.08
12/1/2020 11:00,5.25,0.32
12/1/2020 12:00,8.75,0.54
12/1/2020 13:00,9.0,0.55
12/1/2020 14:00,8.25,0.51
12/1/2020 15:00,6.75,0.41
12/1/2020 16:00,4.0,0.25
12/1/2020 17:00,0.5,0.03
12/1/2020 18:00,0.25,0.02
12/1/2020 19:00,0.0,0.0
12/1/2020 20:00,0.0,0.0
12/1/2020 21:00,0.0,0.0
12/1/2020 22:00,0.0,0.0
12/1/2020 23:00,0.0,0.0
12/2/2020 0:00,0.0,0.0
12/2/2020 1:00,0.0,0.0
12/2/2020 2:00,0.0,0.0
12/2/2020 3:00,0.0,0.0
12/2/2020 4:00,0.0,0.0
12/2/2020 5:00,0.0,0.0
12/2/2020 6:00,0.0,0.0
12/2/2020 7:00,0.0,0.0
12/2/2020 8:00,0.0,0.0
12/2/2020 9:00,0.5,0.03
12/2/2020 10:00,1.5,0.09
12/2/2020 11:00,5.25,0.32
12/2/2020 12:00,8.5,0.52
12/2/2020 13:00,9.25,0.57
12/2/2020 14:00,8.75,0.54
12/2/2020 15:00,7.0,0.43
12/2/2020 16:00,4.25,0.26
12/2/2020 17:00,0.5,0.03
12/2/2020 18:00,0.0,0.0
12/2/2020 19:00,0.0,0.0
12/2/2020 20:00,0.0,0.0
12/2/2020 21:00,0.0,0.0
12/2/2020 22:00,0.0,0.0
12/2/2020 23:00,0.0,0.0
12/3/2020 0:00,0.0,0.0
12/3/2020 1:00,0.0,0.0
12/3/2020 2:00,0.0,0.0
12/3/2020 3:00,0.0,0.0
12/3/2020 4:00,0.0,0.0
12/3/2020 5:00,0.0,0.0
12/3/2020 6:00,0.0,0.0
12/3/2020 7:00,0.0,0.0
12/3/2020 8:00,0.0,0.0
12/3/2020 9:00,0.5,0.03
12/3/2020 10:00,1.5,0.09
12/3/2020 11:00,5.25,0.32
12/3/2020 12:00,8.75,0.54
12/3/2020 13:00,9.25,0.57
12/3/2020 14:00,8.5,0.52
12/3/2020 15:00,6.75,0.41
12/3/2020 16:00,4.25,0.26
12/3/2020 17:00,0.5,0.03
12/3/2020 18:00,0.0,0.0
12/3/2020 19:00,0.0,0.0
12/3/2020 20:00,0.0,0.0
12/3/2020 21:00,0.0,0.0
12/3/2020 22:00,0.0,0.0
12/3/2020 23:00,0.0,0.0
12/4/2020 0:00,0.0,0.0
12/4/2020 1:00,0.0,0.0
12/4/2020 2:00,0.0,0.0
12/4/2020 3:00,0.0,0.0
12/4/2020 4:00,0.0,0.0
12/4/2020 5:00,0.0,0.0
12/4/2020 6:00,0.0,0.0
12/4/2020 7:00,0.0,0.0
12/4/2020 8:00,0.0,0.0
12/4/2020 9:00,1.0,0.06
12/4/2020 10:00,2.0,0.12
12/4/2020 11:00,4.75,0.29
12/4/2020 12:00,8.75,0.54
12/4/2020 13:00,8.0,0.49
12/4/2020 14:00,6.25,0.38
12/4/2020 15:00,3.5,0.21
12/4/2020 16:00,2.5,0.15
12/4/2020 17:00,0.5,0.03
12/4/2020 18:00,0.0,0.0
12/4/2020 19:00,0.0,0.0
12/4/2020 20:00,0.0,0.0
12/4/2020 21:00,0.0,0.0
12/4/2020 22:00,0.0,0.0
12/4/2020 23:00,0.0,0.0
12/5/2020 0:00,0.0,0.0
12/5/2020 1:00,0.0,0.0
12/5/2020 2:00,0.0,0.0
12/5/2020 3:00,0.0,0.0
12/5/2020 4:00,0.0,0.0
12/5/2020 5:00,0.0,0.0
12/5/2020 6:00,0.0,0.0
12/5/2020 7:00,0.0,0.0
12/5/2020 8:00,0.0,0.0
12/5/2020 9:00,0.5,0.03
12/5/2020 10:00,1.5,0.09
12/5/2020 11:00,5.5,0.34
12/5/2020 12:00,9.0,0.55
12/5/2020 13:00,9.75,0.6
12/5/2020 14:00,9.0,0.55
12/5/2020 15:00,6.5,0.4
12/5/2020 16:00,3.25,0.2
12/5/2020 17:00,0.5,0.03
12/5/2020 18:00,0.0,0.0
12/5/2020 19:00,0.0,0.0
12/5/2020 20:00,0.0,0.0
12/5/2020 21:00,0.0,0.0
12/5/2020 22:00,0.0,0.0
12/5/2020 23:00,0.0,0.0
12/6/2020 0:00,0.0,0.0
12/6/2020 1:00,0.0,0.0
12/6/2020 2:00,0.0,0.0
12/6/2020 3:00,0.0,0.0
12/6/2020 4:00,0.0,0.0
12/6/2020 5:00,0.0,0.0
12/6/2020 6:00,0.0,0.0
12/6/2020 7:00,0.0,0.0
12/6/2020 8:00,0.0,0.0
12/6/2020 9:00,0.5,0.03
12/6/2020 10:00,1.75,0.11
12/6/2020 11:00,4.75,0.29
12/6/2020 12:00,6.25,0.38
12/6/2020 13:00,3.75,0.23
12/6/2020 14:00,2.25,0.14
12/6/2020 15:00,2.0,0.12
12/6/2020 16:00,1.25,0.08
12/6/2020 17:00,0.75,0.05
12/6/2020 18:00,0.0,0.0
12/6/2020 19:00,0.0,0.0
12/6/2020 20:00,0.0,0.0
12/6/2020 21:00,0.0,0.0
12/6/2020 22:00,0.0,0.0
12/6/2020 23:00,0.0,0.0
12/7/2020 0:00,0.0,0.0
12/7/2020 1:00,0.0,0.0
12/7/2020 2:00,0.0,0.0
12/7/2020 3:00,0.0,0.0
12/7/2020 4:00,0.0,0.0
12/7/2020 5:00,0.0,0.0
12/7/2020 6:00,0.0,0.0
12/7/2020 7:00,0.0,0.0
12/7/2020 8:00,0.0,0.0
12/7/2020 9:00,0.75,0.05
12/7/2020 10:00,1.75,0.11
12/7/2020 11:00,3.5,0.21
12/7/2020 12:00,5.75,0.35
12/7/2020 13:00,5.75,0.35
12/7/2020 14:00,4.25,0.26
12/7/2020 15:00,5.25,0.32
12/7/2020 16:00,2.25,0.14
12/7/2020 17:00,0.75,0.05
12/7/2020 18:00,0.0,0.0
12/7/2020 19:00,0.0,0.0
12/7/2020 20:00,0.0,0.0
12/7/2020 21:00,0.0,0.0
12/7/2020 22:00,0.0,0.0
12/7/2020 23:00,0.0,0.0
12/8/2020 0:00,0.0,0.0
12/8/2020 1:00,0.0,0.0
12/8/2020 2:00,0.0,0.0
12/8/2020 3:00,0.0,0.0
12/8/2020 4:00,0.0,0.0
12/8/2020 5:00,0.0,0.0
12/8/2020 6:00,0.0,0.0
12/8/2020 7:00,0.0,0.0
12/8/2020 8:00,0.0,0.0
12/8/2020 9:00,0.5,0.03
12/8/2020 10:00,1.75,0.11
12/8/2020 11:00,4.5,0.28
12/8/2020 12:00,7.75,0.47
12/8/2020 13:00,3.5,0.21
12/8/2020 14:00,6.0,0.37
12/8/2020 15:00,3.75,0.23
12/8/2020 16:00,3.75,0.23
12/8/2020 17:00,0.5,0.03
12/8/2020 18:00,0.0,0.0
12/8/2020 19:00,0.0,0.0
12/8/2020 20:00,0.0,0.0
12/8/2020 21:00,0.0,0.0
12/8/2020 22:00,0.0,0.0
12/8/2020 23:00,0.0,0.0
12/9/2020 0:00,0.0,0.0
12/9/2020 1:00,0.0,0.0
12/9/2020 2:00,0.0,0.0
12/9/2020 3:00,0.0,0.0
12/9/2020 4:00,0.0,0.0
12/9/2020 5:00,0.0,0.0
12/9/2020 6:00,0.0,0.0
12/9/2020 7:00,0.0,0.0
12/9/2020 8:00,0.0,0.0
12/9/2020 9:00,0.75,0.05
12/9/2020 10:00,2.5,0.15
12/9/2020 11:00,4.75,0.29
12/9/2020 12:00,7.75,0.47
12/9/2020 13:00,4.5,0.28
12/9/2020 14:00,5.25,0.32
12/9/2020 15:00,3.0,0.18
12/9/2020 16:00,1.25,0.08
12/9/2020 17:00,0.25,0.02
12/9/2020 18:00,0.0,0.0
12/9/2020 19:00,0.0,0.0
12/9/2020 20:00,0.0,0.0
12/9/2020 21:00,0.0,0.0
12/9/2020 22:00,0.0,0.0
12/9/2020 23:00,0.0,0.0
12/10/2020 0:00,0.0,0.0
12/10/2020 1:00,0.0,0.0
12/10/2020 2:00,0.0,0.0
12/10/2020 3:00,0.0,0.0
12/10/2020 4:00,0.0,0.0
12/10/2020 5:00,0.0,0.0
12/10/2020 6:00,0.0,0.0
12/10/2020 7:00,0.0,0.0
12/10/2020 8:00,0.0,0.0
12/10/2020 9:00,0.75,0.05
12/10/2020 10:00,1.25,0.08
12/10/2020 11:00,4.5,0.28
12/10/2020 12:00,5.5,0.34
12/10/2020 13:00,6.0,0.37
12/10/2020 14:00,7.0,0.43
12/10/2020 15:00,3.0,0.18
12/10/2020 16:00,2.25,0.14
12/10/2020 17:00,0.5,0.03
12/10/2020 18:00,0.0,0.0
12/10/2020 19:00,0.0,0.0
12/10/2020 20:00,0.0,0.0
12/10/2020 21:00,0.0,0.0
12/10/2020 22:00,0.0,0.0
12/10/2020 23:00,0.0,0.0
12/11/2020 0:00,0.0,0.0
12/11/2020 1:00,0.0,0.0
12/11/2020 2:00,0.0,0.0
12/11/2020 3:00,0.0,0.0
12/11/2020 4:00,0.0,0.0
12/11/2020 5:00,0.0,0.0
12/11/2020 6:00,0.0,0.0
12/11/2020 7:00,0.0,0.0
12/11/2020 8:00,0.0,0.0
12/11/2020 9:00,0.75,0.05
12/11/2020 10:00,2.0,0.12
12/11/2020 11:00,3.75,0.23
12/11/2020 12:00,7.0,0.43
12/11/2020 13:00,9.5,0.58
12/11/2020 14:00,8.0,0.49
12/11/2020 15:00,5.5,0.34
12/11/2020 16:00,2.5,0.15
12/11/2020 17:00,0.5,0.03
12/11/2020 18:00,0.0,0.0
12/11/2020 19:00,0.0,0.0
12/11/2020 20:00,0.0,0.0
12/11/2020 21:00,0.0,0.0
12/11/2020 22:00,0.0,0.0
12/11/2020 23:00,0.0,0.0
12/12/2020 0:00,0.0,0.0
12/12/2020 1:00,0.0,0.0
12/12/2020 2:00,0.0,0.0
12/12/2020 3:00,0.0,0.0
12/12/2020 4:00,0.0,0.0
12/12/2020 5:00,0.0,0.0
12/12/2020 6:00,0.0,0.0
12/12/2020 7:00,0.0,0.0
12/12/2020 8:00,0.0,0.0
12/12/2020 9:00,0.5,0.03
12/12/2020 10:00,1.75,0.11
12/12/2020 11:00,4.0,0.25
12/12/2020 12:00,4.5,0.28
12/12/2020 13:00,3.75,0.23
12/12/2020 14:00,3.0,0.18
12/12/2020 15:00,3.5,0.21
12/12/2020 16:00,1.75,0.11
12/12/2020 17:00,0.25,0.02
12/12/2020 18:00,0.0,0.0
12/12/2020 19:00,0.0,0.0
12/12/2020 20:00,0.0,0.0
12/12/2020 21:00,0.0,0.0
12/12/2020 22:00,0.0,0.0
12/12/2020 23:00,0.0,0.0
12/13/2020 0:00,0.0,0.0
12/13/2020 1:00,0.0,0.0
12/13/2020 2:00,0.0,0.0
12/13/2020 3:00,0.0,0.0
12/13/2020 4:00,0.0,0.0
12/13/2020 5:00,0.0,0.0
12/13/2020 6:00,0.0,0.0
12/13/2020 7:00,0.0,0.0
12/13/2020 8:00,0.0,0.0
12/13/2020 9:00,0.5,0.03
12/13/2020 10:00,1.5,0.09
12/13/2020 11:00,1.75,0.11
12/13/2020 12:00,1.75,0.11
12/13/2020 13:00,2.5,0.15
12/13/2020 14:00,2.5,0.15
12/13/2020 15:00,1.0,0.06
12/13/2020 16:00,1.0,0.06
12/13/2020 17:00,0.25,0.02
12/13/2020 18:00,0.0,0.0
12/13/2020 19:00,0.0,0.0
12/13/2020 20:00,0.0,0.0
12/13/2020 21:00,0.0,0.0
12/13/2020 22:00,0.0,0.0
12/13/2020 23:00,0.0,0.0
12/14/2020 0:00,0.0,0.0
12/14/2020 1:00,0.0,0.0
12/14/2020 2:00,0.0,0.0
12/14/2020 3:00,0.0,0.0
12/14/2020 4:00,0.0,0.0
12/14/2020 5:00,0.0,0.0
12/14/2020 6:00,0.0,0.0
12/14/2020 7:00,0.0,0.0
12/14/2020 8:00,0.0,0.0
12/14/2020 9:00,0.75,0.05
12/14/2020 10:00,1.75,0.11
12/14/2020 11:00,3.75,0.23
12/14/2020 12:00,6.25,0.38
12/14/2020 13:00,7.0,0.43
12/14/2020 14:00,3.25,0.2
12/14/2020 15:00,4.25,0.26
12/14/2020 16:00,2.5,0.15
12/14/2020 17:00,0.75,0.05
12/14/2020 18:00,0.0,0.0
12/14/2020 19:00,0.0,0.0
12/14/2020 20:00,0.0,0.0
12/14/2020 21:00,0.0,0.0
12/14/2020 22:00,0.0,0.0
12/14/2020 23:00,0.0,0.0
12/15/2020 0:00,0.0,0.0
12/15/2020 1:00,0.0,0.0
12/15/2020 2:00,0.0,0.0
12/15/2020 3:00,0.0,0.0
12/15/2020 4:00,0.0,0.0
12/15/2020 5:00,0.0,0.0
12/15/2020 6:00,0.0,0.0
12/15/2020 7:00,0.0,0.0
12/15/2020 8:00,0.0,0.0
12/15/2020 9:00,1.0,0.06
12/15/2020 10:00,1.5,0.09
12/15/2020 11:00,3.75,0.23
12/15/2020 12:00,7.25,0.44
12/15/2020 13:00,8.25,0.51
12/15/2020 14:00,5.75,0.35
12/15/2020 15:00,7.0,0.43
12/15/2020 16:00,4.0,0.25
12/15/2020 17:00,0.75,0.05
12/15/2020 18:00,0.0,0.0
12/15/2020 19:00,0.0,0.0
12/15/2020 20:00,0.0,0.0
12/15/2020 21:00,0.0,0.0
12/15/2020 22:00,0.0,0.0
12/15/2020 23:00,0.0,0.0
12/16/2020 0:00,0.0,0.0
12/16/2020 1:00,0.0,0.0
12/16/2020 2:00,0.0,0.0
12/16/2020 3:00,0.0,0.0
12/16/2020 4:00,0.0,0.0
12/16/2020 5:00,0.0,0.0
12/16/2020 6:00,0.0,0.0
12/16/2020 7:00,0.0,0.0
12/16/2020 8:00,0.0,0.0
12/16/2020 9:00,0.5,0.03
12/16/2020 10:00,0.75,0.05
12/16/2020 11:00,2.25,0.14
12/16/2020 12:00,2.75,0.17
12/16/2020 13:00,2.25,0.14
12/16/2020 14:00,2.0,0.12
12/16/2020 15:00,1.25,0.08
12/16/2020 16:00,0.75,0.05
12/16/2020 17:00,0.25,0.02
12/16/2020 18:00,0.0,0.0
12/16/2020 19:00,0.0,0.0
12/16/2020 20:00,0.0,0.0
12/16/2020 21:00,0.0,0.0
12/16/2020 22:00,0.0,0.0
12/16/2020 23:00,0.0,0.0
12/17/2020 0:00,0.0,0.0
12/17/2020 1:00,0.0,0.0
12/17/2020 2:00,0.0,0.0
12/17/2020 3:00,0.0,0.0
12/17/2020 4:00,0.0,0.0
12/17/2020 5:00,0.0,0.0
12/17/2020 6:00,0.0,0.0
12/17/2020 7:00,0.0,0.0
12/17/2020 8:00,0.0,0.0
12/17/2020 9:00,0.5,0.03
12/17/2020 10:00,1.25,0.08
12/17/2020 11:00,4.75,0.29
12/17/2020 12:00,8.25,0.51
12/17/2020 13:00,9.5,0.58
12/17/2020 14:00,9.0,0.55
12/17/2020 15:00,7.0,0.43
12/17/2020 16:00,4.5,0.28
12/17/2020 17:00,0.75,0.05
12/17/2020 18:00,0.0,0.0
12/17/2020 19:00,0.0,0.0
12/17/2020 20:00,0.0,0.0
12/17/2020 21:00,0.0,0.0
12/17/2020 22:00,0.0,0.0
12/17/2020 23:00,0.0,0.0
12/18/2020 0:00,0.0,0.0
12/18/2020 1:00,0.0,0.0
12/18/2020 2:00,0.0,0.0
12/18/2020 3:00,0.0,0.0
12/18/2020 4:00,0.0,0.0
12/18/2020 5:00,0.0,0.0
12/18/2020 6:00,0.0,0.0
12/18/2020 7:00,0.0,0.0
12/18/2020 8:00,0.0,0.0
12/18/2020 9:00,0.5,0.03
12/18/2020 10:00,1.25,0.08
12/18/2020 11:00,4.25,0.26
12/18/2020 12:00,7.25,0.44
12/18/2020 13:00,5.75,0.35
12/18/2020 14:00,6.5,0.4
12/18/2020 15:00,5.75,0.35
12/18/2020 16:00,4.0,0.25
12/18/2020 17:00,0.75,0.05
12/18/2020 18:00,0.0,0.0
12/18/2020 19:00,0.0,0.0
12/18/2020 20:00,0.0,0.0
12/18/2020 21:00,0.0,0.0
12/18/2020 22:00,0.0,0.0
12/18/2020 23:00,0.0,0.0
12/19/2020 0:00,0.0,0.0
12/19/2020 1:00,0.0,0.0
12/19/2020 2:00,0.0,0.0
12/19/2020 3:00,0.0,0.0
12/19/2020 4:00,0.0,0.0
12/19/2020 5:00,0.0,0.0
12/19/2020 6:00,0.0,0.0
12/19/2020 7:00,0.0,0.0
12/19/2020 8:00,0.0,0.0
12/19/2020 9:00,0.0,0.0
12/19/2020 10:00,0.5,0.03
12/19/2020 11:00,0.75,0.05
12/19/2020 12:00,1.25,0.08
12/19/2020 13:00,1.5,0.09
12/19/2020 14:00,1.0,0.06
12/19/2020 15:00,1.25,0.08
12/19/2020 16:00,0.5,0.03
12/19/2020 17:00,0.25,0.02
12/19/2020 18:00,0.0,0.0
12/19/2020 19:00,0.0,0.0
12/19/2020 20:00,0.0,0.0
12/19/2020 21:00,0.0,0.0
12/19/2020 22:00,0.0,0.0
12/19/2020 23:00,0.0,0.0
12/20/2020 0:00,0.0,0.0
12/20/2020 1:00,0.0,0.0
12/20/2020 2:00,0.0,0.0
12/20/2020 3:00,0.0,0.0
12/20/2020 4:00,0.0,0.0
12/20/2020 5:00,0.0,0.0
12/20/2020 6:00,0.0,0.0
12/20/2020 7:00,0.0,0.0
12/20/2020 8:00,0.0,0.0
12/20/2020 9:00,0.5,0.03
12/20/2020 10:00,1.25,0.08
12/20/2020 11:00,4.25,0.26
12/20/2020 12:00,7.75,0.47
12/20/2020 13:00,9.0,0.55
12/20/2020 14:00,8.25,0.51
12/20/2020 15:00,6.75,0.41
12/20/2020 16:00,4.25,0.26
12/20/2020 17:00,0.75,0.05
12/20/2020 18:00,0.0,0.0
12/20/2020 19:00,0.0,0.0
12/20/2020 20:00,0.0,0.0
12/20/2020 21:00,0.0,0.0
12/20/2020 22:00,0.0,0.0
12/20/2020 23:00,0.0,0.0
12/21/2020 0:00,0.0,0.0
12/21/2020 1:00,0.0,0.0
12/21/2020 2:00,0.0,0.0
12/21/2020 3:00,0.0,0.0
12/21/2020 4:00,0.0,0.0
12/21/2020 5:00,0.0,0.0
12/21/2020 6:00,0.0,0.0
12/21/2020 7:00,0.0,0.0
12/21/2020 8:00,0.0,0.0
12/21/2020 9:00,0.5,0.03
12/21/2020 10:00,1.0,0.06
12/21/2020 11:00,4.25,0.26
12/21/2020 12:00,7.5,0.46
12/21/2020 13:00,8.75,0.54
12/21/2020 14:00,8.0,0.49
12/21/2020 15:00,6.75,0.41
12/21/2020 16:00,4.5,0.28
12/21/2020 17:00,0.75,0.05
12/21/2020 18:00,0.0,0.0
12/21/2020 19:00,0.0,0.0
12/21/2020 20:00,0.0,0.0
12/21/2020 21:00,0.0,0.0
12/21/2020 22:00,0.0,0.0
12/21/2020 23:00,0.0,0.0
12/22/2020 0:00,0.0,0.0
12/22/2020 1:00,0.0,0.0
12/22/2020 2:00,0.0,0.0
12/22/2020 3:00,0.0,0.0
12/22/2020 4:00,0.0,0.0
12/22/2020 5:00,0.0,0.0
12/22/2020 6:00,0.0,0.0
12/22/2020 7:00,0.0,0.0
12/22/2020 8:00,0.0,0.0
12/22/2020 9:00,0.25,0.02
12/22/2020 10:00,1.0,0.06
12/22/2020 11:00,4.25,0.26
12/22/2020 12:00,7.75,0.47
12/22/2020 13:00,8.0,0.49
12/22/2020 14:00,3.5,0.21
12/22/2020 15:00,6.25,0.38
12/22/2020 16:00,2.75,0.17
12/22/2020 17:00,0.75,0.05
12/22/2020 18:00,0.0,0.0
12/22/2020 19:00,0.0,0.0
12/22/2020 20:00,0.0,0.0
12/22/2020 21:00,0.0,0.0
12/22/2020 22:00,0.0,0.0
12/22/2020 23:00,0.0,0.0
12/23/2020 0:00,0.0,0.0
12/23/2020 1:00,0.0,0.0
12/23/2020 2:00,0.0,0.0
12/23/2020 3:00,0.0,0.0
12/23/2020 4:00,0.0,0.0
12/23/2020 5:00,0.0,0.0
12/23/2020 6:00,0.0,0.0
12/23/2020 7:00,0.0,0.0
12/23/2020 8:00,0.0,0.0
12/23/2020 9:00,0.25,0.02
12/23/2020 10:00,2.25,0.14
12/23/2020 11:00,3.75,0.23
12/23/2020 12:00,7.75,0.47
12/23/2020 13:00,7.75,0.47
12/23/2020 14:00,7.0,0.43
12/23/2020 15:00,2.5,0.15
12/23/2020 16:00,0.75,0.05
12/23/2020 17:00,0.25,0.02
12/23/2020 18:00,0.0,0.0
12/23/2020 19:00,0.0,0.0
12/23/2020 20:00,0.0,0.0
12/23/2020 21:00,0.0,0.0
12/23/2020 22:00,0.0,0.0
12/23/2020 23:00,0.0,0.0
12/24/2020 0:00,0.0,0.0
12/24/2020 1:00,0.0,0.0
12/24/2020 2:00,0.0,0.0
12/24/2020 3:00,0.0,0.0
12/24/2020 4:00,0.0,0.0
12/24/2020 5:00,0.0,0.0
12/24/2020 6:00,0.0,0.0
12/24/2020 7:00,0.0,0.0
12/24/2020 8:00,0.0,0.0
12/24/2020 9:00,0.5,0.03
12/24/2020 10:00,1.5,0.09
12/24/2020 11:00,4.0,0.25
12/24/2020 12:00,7.75,0.47
12/24/2020 13:00,9.0,0.55
12/24/2020 14:00,8.0,0.49
12/24/2020 15:00,6.0,0.37
12/24/2020 16:00,3.25,0.2
12/24/2020 17:00,1.0,0.06
12/24/2020 18:00,0.0,0.0
12/24/2020 19:00,0.0,0.0
12/24/2020 20:00,0.0,0.0
12/24/2020 21:00,0.0,0.0
12/24/2020 22:00,0.0,0.0
12/24/2020 23:00,0.0,0.0
12/25/2020 0:00,0.0,0.0
12/25/2020 1:00,0.0,0.0
12/25/2020 2:00,0.0,0.0
12/25/2020 3:00,0.0,0.0
12/25/2020 4:00,0.0,0.0
12/25/2020 5:00,0.0,0.0
12/25/2020 6:00,0.0,0.0
12/25/2020 7:00,0.0,0.0
12/25/2020 8:00,0.0,0.0
12/25/2020 9:00,1.0,0.06
12/25/2020 10:00,2.0,0.12
12/25/2020 11:00,4.25,0.26
12/25/2020 12:00,5.5,0.34
12/25/2020 13:00,5.75,0.35
12/25/2020 14:00,5.75,0.35
12/25/2020 15:00,6.0,0.37
12/25/2020 16:00,3.75,0.23
12/25/2020 17:00,0.5,0.03
12/25/2020 18:00,0.0,0.0
12/25/2020 19:00,0.0,0.0
12/25/2020 20:00,0.0,0.0
12/25/2020 21:00,0.0,0.0
12/25/2020 22:00,0.0,0.0
12/25/2020 23:00,0.0,0.0
12/26/2020 0:00,0.0,0.0
12/26/2020 1:00,0.0,0.0
12/26/2020 2:00,0.0,0.0
12/26/2020 3:00,0.0,0.0
12/26/2020 4:00,0.0,0.0
12/26/2020 5:00,0.0,0.0
12/26/2020 6:00,0.0,0.0
12/26/2020 7:00,0.0,0.0
12/26/2020 8:00,0.0,0.0
12/26/2020 9:00,0.5,0.03
12/26/2020 10:00,1.0,0.06
12/26/2020 11:00,4.5,0.28
12/26/2020 12:00,8.25,0.51
12/26/2020 13:00,10.0,0.61
12/26/2020 14:00,9.25,0.57
12/26/2020 15:00,7.75,0.47
12/26/2020 16:00,5.0,0.31
12/26/2020 17:00,0.75,0.05
12/26/2020 18:00,0.0,0.0
12/26/2020 19:00,0.0,0.0
12/26/2020 20:00,0.0,0.0
12/26/2020 21:00,0.0,0.0
12/26/2020 22:00,0.0,0.0
12/26/2020 23:00,0.0,0.0
12/27/2020 0:00,0.0,0.0
12/27/2020 1:00,0.0,0.0
12/27/2020 2:00,0.0,0.0
12/27/2020 3:00,0.0,0.0
12/27/2020 4:00,0.0,0.0
12/27/2020 5:00,0.0,0.0
12/27/2020 6:00,0.0,0.0
12/27/2020 7:00,0.0,0.0
12/27/2020 8:00,0.25,0.02
12/27/2020 9:00,0.25,0.02
12/27/2020 10:00,1.0,0.06
12/27/2020 11:00,4.5,0.28
12/27/2020 12:00,8.25,0.51
12/27/2020 13:00,9.75,0.6
12/27/2020 14:00,9.0,0.55
12/27/2020 15:00,7.25,0.44
12/27/2020 16:00,5.0,0.31
12/27/2020 17:00,1.0,0.06
12/27/2020 18:00,0.0,0.0
12/27/2020 19:00,0.0,0.0
12/27/2020 20:00,0.0,0.0
12/27/2020 21:00,0.0,0.0
12/27/2020 22:00,0.0,0.0
12/27/2020 23:00,0.0,0.0
12/28/2020 0:00,0.0,0.0
12/28/2020 1:00,0.0,0.0
12/28/2020 2:00,0.0,0.0
12/28/2020 3:00,0.0,0.0
12/28/2020 4:00,0.0,0.0
12/28/2020 5:00,0.0,0.0
12/28/2020 6:00,0.0,0.0
12/28/2020 7:00,0.0,0.0
12/28/2020 8:00,0.0,0.0
12/28/2020 9:00,0.5,0.03
12/28/2020 10:00,1.5,0.09
12/28/2020 11:00,2.25,0.14
12/28/2020 12:00,2.25,0.14
12/28/2020 13:00,3.25,0.2
12/28/2020 14:00,3.75,0.23
12/28/2020 15:00,2.75,0.17
12/28/2020 16:00,2.0,0.12
12/28/2020 17:00,0.75,0.05
12/28/2020 18:00,0.0,0.0
12/28/2020 19:00,0.0,0.0
12/28/2020 20:00,0.0,0.0
12/28/2020 21:00,0.0,0.0
12/28/2020 22:00,0.0,0.0
12/28/2020 23:00,0.0,0.0
12/29/2020 0:00,0.0,0.0
12/29/2020 1:00,0.0,0.0
12/29/2020 2:00,0.0,0.0
12/29/2020 3:00,0.0,0.0
12/29/2020 4:00,0.0,0.0
12/29/2020 5:00,0.0,0.0
12/29/2020 6:00,0.0,0.0
12/29/2020 7:00,0.0,0.0
12/29/2020 8:00,0.0,0.0
12/29/2020 9:00,0.5,0.03
12/29/2020 10:00,1.25,0.08
12/29/2020 11:00,3.0,0.18
12/29/2020 12:00,5.5,0.34
12/29/2020 13:00,6.25,0.38
12/29/2020 14:00,5.0,0.31
12/29/2020 15:00,5.75,0.35
12/29/2020 16:00,4.0,0.25
12/29/2020 17:00,0.75,0.05
12/29/2020 18:00,0.0,0.0
12/29/2020 19:00,0.0,0.0
12/29/2020 20:00,0.0,0.0
12/29/2020 21:00,0.0,0.0
12/29/2020 22:00,0.0,0.0
12/29/2020 23:00,0.0,0.0
12/30/2020 0:00,0.0,0.0
12/30/2020 1:00,0.0,0.0
12/30/2020 2:00,0.0,0.0
12/30/2020 3:00,0.0,0.0
12/30/2020 4:00,0.0,0.0
12/30/2020 5:00,0.0,0.0
12/30/2020 6:00,0.0,0.0
12/30/2020 7:00,0.0,0.0
12/30/2020 8:00,0.0,0.0
12/30/2020 9:00,0.25,0.02
12/30/2020 10:00,1.0,0.06
12/30/2020 11:00,4.5,0.28
12/30/2020 12:00,8.25,0.51
12/30/2020 13:00,9.75,0.6
12/30/2020 14:00,9.0,0.55
12/30/2020 15:00,7.5,0.46
12/30/2020 16:00,5.0,0.31
12/30/2020 17:00,1.0,0.06
12/30/2020 18:00,0.25,0.02
12/30/2020 19:00,0.0,0.0
12/30/2020 20:00,0.0,0.0
12/30/2020 21:00,0.0,0.0
12/30/2020 22:00,0.0,0.0
12/30/2020 23:00,0.0,0.0
12/31/2020 0:00,0.0,0.0
12/31/2020 1:00,0.0,0.0
12/31/2020 2:00,0.0,0.0
12/31/2020 3:00,0.0,0.0
12/31/2020 4:00,0.0,0.0
12/31/2020 5:00,0.0,0.0
12/31/2020 6:00,0.0,0.0
12/31/2020 7:00,0.0,0.0
12/31/2020 8:00,0.0,0.0
12/31/2020 9:00,0.25,0.02
12/31/2020 10:00,1.0,0.06
12/31/2020 11:00,4.25,0.26
12/31/2020 12:00,8.0,0.49
12/31/2020 13:00,7.25,0.44
12/31/2020 14:00,4.5,0.28
12/31/2020 15:00,1.75,0.11
12/31/2020 16:00,3.5,0.21
12/31/2020 17:00,0.75,0.05
12/31/2020 18:00,0.25,0.02
12/31/2020 19:00,0.0,0.0
12/31/2020 20:00,0.0,0.0
12/31/2020 21:00,0.0,0.0
12/31/2020 22:00,0.0,0.0
12/31/2020 23:00,0.0,0.0
1/1/2021 0:00,0.0,0.0
1/1/2021 1:00,0.0,0.0
1/1/2021 2:00,0.0,0.0
1/1/2021 3:00,0.0,0.0
1/1/2021 4:00,0.0,0.0
1/1/2021 5:00,0.0,0.0
1/1/2021 6:00,0.0,0.0
1/1/2021 7:00,0.0,0.0
1/1/2021 8:00,0.0,0.0
1/1/2021 9:00,0.25,0.02
1/1/2021 10:00,1.0,0.06
1/1/2021 11:00,4.25,0.26
1/1/2021 12:00,8.25,0.51
1/1/2021 13:00,7.25,0.44
1/1/2021 14:00,3.75,0.23
1/1/2021 15:00,2.5,0.15
1/1/2021 16:00,3.5,0.21
1/1/2021 17:00,0.75,0.05
1/1/2021 18:00,0.0,0.0
1/1/2021 19:00,0.0,0.0
1/1/2021 20:00,0.0,0.0
1/1/2021 21:00,0.0,0.0
1/1/2021 22:00,0.0,0.0
1/1/2021 23:00,0.0,0.0
1/2/2021 0:00,0.0,0.0
1/2/2021 1:00,0.0,0.0
1/2/2021 2:00,0.0,0.0
1/2/2021 3:00,0.0,0.0
1/2/2021 4:00,0.0,0.0
1/2/2021 5:00,0.0,0.0
1/2/2021 6:00,0.0,0.0
1/2/2021 7:00,0.0,0.0
1/2/2021 8:00,0.0,0.0
1/2/2021 9:00,0.25,0.02
1/2/2021 10:00,1.0,0.06
1/2/2021 11:00,4.25,0.26
1/2/2021 12:00,8.5,0.52
1/2/2021 13:00,9.75,0.6
1/2/2021 14:00,9.5,0.58
1/2/2021 15:00,7.5,0.46
1/2/2021 16:00,5.5,0.34
1/2/2021 17:00,1.0,0.06
1/2/2021 18:00,0.0,0.0
1/2/2021 19:00,0.0,0.0
1/2/2021 20:00,0.0,0.0
1/2/2021 21:00,0.0,0.0
1/2/2021 22:00,0.0,0.0
1/2/2021 23:00,0.0,0.0
1/3/2021 0:00,0.0,0.0
1/3/2021 1:00,0.0,0.0
1/3/2021 2:00,0.0,0.0
1/3/2021 3:00,0.0,0.0
1/3/2021 4:00,0.0,0.0
1/3/2021 5:00,0.0,0.0
1/3/2021 6:00,0.0,0.0
1/3/2021 7:00,0.0,0.0
1/3/2021 8:00,0.0,0.0
1/3/2021 9:00,0.25,0.02
1/3/2021 10:00,1.0,0.06
1/3/2021 11:00,4.5,0.28
1/3/2021 12:00,8.25,0.51
1/3/2021 13:00,9.5,0.58
1/3/2021 14:00,9.25,0.57
1/3/2021 15:00,7.75,0.47
1/3/2021 16:00,5.25,0.32
1/3/2021 17:00,1.0,0.06
1/3/2021 18:00,0.0,0.0
1/3/2021 19:00,0.0,0.0
1/3/2021 20:00,0.0,0.0
1/3/2021 21:00,0.0,0.0
1/3/2021 22:00,0.0,0.0
1/3/2021 23:00,0.0,0.0
1/4/2021 0:00,0.0,0.0
1/4/2021 1:00,0.0,0.0
1/4/2021 2:00,0.0,0.0
1/4/2021 3:00,0.0,0.0
1/4/2021 4:00,0.0,0.0
1/4/2021 5:00,0.0,0.0
1/4/2021 6:00,0.0,0.0
1/4/2021 7:00,0.0,0.0
1/4/2021 8:00,0.0,0.0
1/4/2021 9:00,0.5,0.03
1/4/2021 10:00,1.5,0.09
1/4/2021 11:00,3.75,0.23
1/4/2021 12:00,6.0,0.37
1/4/2021 13:00,7.0,0.43
1/4/2021 14:00,5.5,0.34
1/4/2021 15:00,3.5,0.21
1/4/2021 16:00,3.75,0.23
1/4/2021 17:00,0.75,0.05
1/4/2021 18:00,0.0,0.0
1/4/2021 19:00,0.0,0.0
1/4/2021 20:00,0.0,0.0
1/4/2021 21:00,0.0,0.0
1/4/2021 22:00,0.0,0.0
1/4/2021 23:00,0.0,0.0
1/5/2021 0:00,0.0,0.0
1/5/2021 1:00,0.0,0.0
1/5/2021 2:00,0.0,0.0
1/5/2021 3:00,0.0,0.0
1/5/2021 4:00,0.0,0.0
1/5/2021 5:00,0.0,0.0
1/5/2021 6:00,0.0,0.0
1/5/2021 7:00,0.0,0.0
1/5/2021 8:00,0.0,0.0
1/5/2021 9:00,0.5,0.03
1/5/2021 10:00,2.0,0.12
1/5/2021 11:00,3.75,0.23
1/5/2021 12:00,5.75,0.35
1/5/2021 13:00,5.0,0.31
1/5/2021 14:00,3.75,0.23
1/5/2021 15:00,2.5,0.15
1/5/2021 16:00,1.75,0.11
1/5/2021 17:00,0.75,0.05
1/5/2021 18:00,0.0,0.0
1/5/2021 19:00,0.0,0.0
1/5/2021 20:00,0.0,0.0
1/5/2021 21:00,0.0,0.0
1/5/2021 22:00,0.0,0.0
1/5/2021 23:00,0.0,0.0
1/6/2021 0:00,0.0,0.0
1/6/2021 1:00,0.0,0.0
1/6/2021 2:00,0.0,0.0
1/6/2021 3:00,0.0,0.0
1/6/2021 4:00,0.0,0.0
1/6/2021 5:00,0.0,0.0
1/6/2021 6:00,0.0,0.0
1/6/2021 7:00,0.0,0.0
1/6/2021 8:00,0.0,0.0
1/6/2021 9:00,0.75,0.05
1/6/2021 10:00,2.25,0.14
1/6/2021 11:00,2.5,0.15
1/6/2021 12:00,3.0,0.18
1/6/2021 13:00,3.5,0.21
1/6/2021 14:00,3.0,0.18
1/6/2021 15:00,2.0,0.12
1/6/2021 16:00,0.5,0.03
1/6/2021 17:00,0.0,0.0
1/6/2021 18:00,0.0,0.0
1/6/2021 19:00,0.0,0.0
1/6/2021 20:00,0.0,0.0
1/6/2021 21:00,0.0,0.0
1/6/2021 22:00,0.0,0.0
1/6/2021 23:00,0.0,0.0
1/7/2021 0:00,0.0,0.0
1/7/2021 1:00,0.0,0.0
1/7/2021 2:00,0.0,0.0
1/7/2021 3:00,0.0,0.0
1/7/2021 4:00,0.0,0.0
1/7/2021 5:00,0.0,0.0
1/7/2021 6:00,0.0,0.0
1/7/2021 7:00,0.0,0.0
1/7/2021 8:00,0.25,0.02
1/7/2021 9:00,0.5,0.03
1/7/2021 10:00,2.0,0.12
1/7/2021 11:00,4.0,0.25
1/7/2021 12:00,7.0,0.43
1/7/2021 13:00,6.0,0.37
1/7/2021 14:00,4.25,0.26
1/7/2021 15:00,2.5,0.15
1/7/2021 16:00,0.75,0.05
1/7/2021 17:00,0.25,0.02
1/7/2021 18:00,0.0,0.0
1/7/2021 19:00,0.0,0.0
1/7/2021 20:00,0.0,0.0
1/7/2021 21:00,0.0,0.0
1/7/2021 22:00,0.0,0.0
1/7/2021 23:00,0.0,0.0
1/8/2021 0:00,0.0,0.0
1/8/2021 1:00,0.0,0.0
1/8/2021 2:00,0.0,0.0
1/8/2021 3:00,0.0,0.0
1/8/2021 4:00,0.0,0.0
1/8/2021 5:00,0.0,0.0
1/8/2021 6:00,0.0,0.0
1/8/2021 7:00,0.0,0.0
1/8/2021 8:00,0.0,0.0
1/8/2021 9:00,0.25,0.02
1/8/2021 10:00,0.75,0.05
1/8/2021 11:00,1.0,0.06
1/8/2021 12:00,2.25,0.14
1/8/2021 13:00,2.0,0.12
1/8/2021 14:00,2.25,0.14
1/8/2021 15:00,2.25,0.14
1/8/2021 16:00,1.75,0.11
1/8/2021 17:00,0.75,0.05
1/8/2021 18:00,0.0,0.0
1/8/2021 19:00,0.0,0.0
1/8/2021 20:00,0.0,0.0
1/8/2021 21:00,0.0,0.0
1/8/2021 22:00,0.0,0.0
1/8/2021 23:00,0.0,0.0
1/9/2021 0:00,0.0,0.0
1/9/2021 1:00,0.0,0.0
1/9/2021 2:00,0.0,0.0
1/9/2021 3:00,0.0,0.0
1/9/2021 4:00,0.0,0.0
1/9/2021 5:00,0.0,0.0
1/9/2021 6:00,0.0,0.0
1/9/2021 7:00,0.0,0.0
1/9/2021 8:00,0.0,0.0
1/9/2021 9:00,0.25,0.02
1/9/2021 10:00,1.25,0.08
1/9/2021 11:00,4.25,0.26
1/9/2021 12:00,8.75,0.54
1/9/2021 13:00,9.0,0.55
1/9/2021 14:00,8.0,0.49
1/9/2021 15:00,7.75,0.47
1/9/2021 16:00,6.5,0.4
1/9/2021 17:00,1.5,0.09
1/9/2021 18:00,0.0,0.0
1/9/2021 19:00,0.0,0.0
1/9/2021 20:00,0.0,0.0
1/9/2021 21:00,0.0,0.0
1/9/2021 22:00,0.0,0.0
1/9/2021 23:00,0.0,0.0
1/10/2021 0:00,0.0,0.0
1/10/2021 1:00,0.0,0.0
1/10/2021 2:00,0.0,0.0
1/10/2021 3:00,0.0,0.0
1/10/2021 4:00,0.0,0.0
1/10/2021 5:00,0.0,0.0
1/10/2021 6:00,0.0,0.0
1/10/2021 7:00,0.0,0.0
1/10/2021 8:00,0.0,0.0
1/10/2021 9:00,0.75,0.05
1/10/2021 10:00,1.75,0.11
1/10/2021 11:00,3.75,0.23
1/10/2021 12:00,7.0,0.43
1/10/2021 13:00,9.5,0.58
1/10/2021 14:00,7.75,0.47
1/10/2021 15:00,6.5,0.4
1/10/2021 16:00,4.25,0.26
1/10/2021 17:00,1.25,0.08
1/10/2021 18:00,0.0,0.0
1/10/2021 19:00,0.0,0.0
1/10/2021 20:00,0.0,0.0
1/10/2021 21:00,0.0,0.0
1/10/2021 22:00,0.0,0.0
1/10/2021 23:00,0.0,0.0
1/11/2021 0:00,0.0,0.0
1/11/2021 1:00,0.0,0.0
1/11/2021 2:00,0.0,0.0
1/11/2021 3:00,0.0,0.0
1/11/2021 4:00,0.0,0.0
1/11/2021 5:00,0.0,0.0
1/11/2021 6:00,0.0,0.0
1/11/2021 7:00,0.0,0.0
1/11/2021 8:00,0.0,0.0
1/11/2021 9:00,0.5,0.03
1/11/2021 10:00,1.0,0.06
1/11/2021 11:00,4.5,0.28
1/11/2021 12:00,8.25,0.51
1/11/2021 13:00,9.75,0.6
1/11/2021 14:00,9.25,0.57
1/11/2021 15:00,8.0,0.49
1/11/2021 16:00,5.5,0.34
1/11/2021 17:00,1.5,0.09
1/11/2021 18:00,0.0,0.0
1/11/2021 19:00,0.0,0.0
1/11/2021 20:00,0.0,0.0
1/11/2021 21:00,0.0,0.0
1/11/2021 22:00,0.0,0.0
1/11/2021 23:00,0.0,0.0
1/12/2021 0:00,0.0,0.0
1/12/2021 1:00,0.0,0.0
1/12/2021 2:00,0.0,0.0
1/12/2021 3:00,0.0,0.0
1/12/2021 4:00,0.0,0.0
1/12/2021 5:00,0.0,0.0
1/12/2021 6:00,0.0,0.0
1/12/2021 7:00,0.0,0.0
1/12/2021 8:00,0.0,0.0
1/12/2021 9:00,0.5,0.03
1/12/2021 10:00,1.0,0.06
1/12/2021 11:00,4.5,0.28
1/12/2021 12:00,8.25,0.51
1/12/2021 13:00,10.0,0.61
1/12/2021 14:00,9.5,0.58
1/12/2021 15:00,8.25,0.51
1/12/2021 16:00,5.75,0.35
1/12/2021 17:00,1.25,0.08
1/12/2021 18:00,0.25,0.02
1/12/2021 19:00,0.0,0.0
1/12/2021 20:00,0.0,0.0
1/12/2021 21:00,0.0,0.0
1/12/2021 22:00,0.0,0.0
1/12/2021 23:00,0.0,0.0
1/13/2021 0:00,0.0,0.0
1/13/2021 1:00,0.0,0.0
1/13/2021 2:00,0.0,0.0
1/13/2021 3:00,0.0,0.0
1/13/2021 4:00,0.0,0.0
1/13/2021 5:00,0.0,0.0
1/13/2021 6:00,0.0,0.0
1/13/2021 7:00,0.0,0.0
1/13/2021 8:00,0.0,0.0
1/13/2021 9:00,0.25,0.02
1/13/2021 10:00,1.0,0.06
1/13/2021 11:00,4.5,0.28
1/13/2021 12:00,8.25,0.51
1/13/2021 13:00,10.0,0.61
1/13/2021 14:00,9.5,0.58
1/13/2021 15:00,8.0,0.49
1/13/2021 16:00,5.75,0.35
1/13/2021 17:00,1.5,0.09
1/13/2021 18:00,0.25,0.02
1/13/2021 19:00,0.0,0.0
1/13/2021 20:00,0.0,0.0
1/13/2021 21:00,0.0,0.0
1/13/2021 22:00,0.0,0.0
1/13/2021 23:00,0.0,0.0
1/14/2021 0:00,0.0,0.0
1/14/2021 1:00,0.0,0.0
1/14/2021 2:00,0.0,0.0
1/14/2021 3:00,0.0,0.0
1/14/2021 4:00,0.0,0.0
1/14/2021 5:00,0.0,0.0
1/14/2021 6:00,0.0,0.0
1/14/2021 7:00,0.0,0.0
1/14/2021 8:00,0.0,0.0
1/14/2021 9:00,0.5,0.03
1/14/2021 10:00,1.0,0.06
1/14/2021 11:00,4.5,0.28
1/14/2021 12:00,8.25,0.51
1/14/2021 13:00,10.0,0.61
1/14/2021 14:00,9.5,0.58
1/14/2021 15:00,8.0,0.49
1/14/2021 16:00,5.75,0.35
1/14/2021 17:00,1.5,0.09
1/14/2021 18:00,0.0,0.0
1/14/2021 19:00,0.0,0.0
1/14/2021 20:00,0.0,0.0
1/14/2021 21:00,0.0,0.0
1/14/2021 22:00,0.0,0.0
1/14/2021 23:00,0.0,0.0
1/15/2021 0:00,0.0,0.0
1/15/2021 1:00,0.0,0.0
1/15/2021 2:00,0.0,0.0
1/15/2021 3:00,0.0,0.0
1/15/2021 4:00,0.0,0.0
1/15/2021 5:00,0.0,0.0
1/15/2021 6:00,0.0,0.0
1/15/2021 7:00,0.0,0.0
1/15/2021 8:00,0.25,0.02
1/15/2021 9:00,0.25,0.02
1/15/2021 10:00,1.25,0.08
1/15/2021 11:00,4.5,0.28
1/15/2021 12:00,8.25,0.51
1/15/2021 13:00,9.75,0.6
1/15/2021 14:00,9.5,0.58
1/15/2021 15:00,8.0,0.49
1/15/2021 16:00,5.75,0.35
1/15/2021 17:00,1.5,0.09
1/15/2021 18:00,0.25,0.02
1/15/2021 19:00,0.0,0.0
1/15/2021 20:00,0.0,0.0
1/15/2021 21:00,0.0,0.0
1/15/2021 22:00,0.0,0.0
1/15/2021 23:00,0.0,0.0
1/16/2021 0:00,0.0,0.0
1/16/2021 1:00,0.0,0.0
1/16/2021 2:00,0.0,0.0
1/16/2021 3:00,0.0,0.0
1/16/2021 4:00,0.0,0.0
1/16/2021 5:00,0.0,0.0
1/16/2021 6:00,0.0,0.0
1/16/2021 7:00,0.0,0.0
1/16/2021 8:00,0.0,0.0
1/16/2021 9:00,0.25,0.02
1/16/2021 10:00,1.25,0.08
1/16/2021 11:00,4.5,0.28
1/16/2021 12:00,8.25,0.51
1/16/2021 13:00,9.75,0.6
1/16/2021 14:00,9.5,0.58
1/16/2021 15:00,8.25,0.51
1/16/2021 16:00,5.75,0.35
1/16/2021 17:00,1.5,0.09
1/16/2021 18:00,0.25,0.02
1/16/2021 19:00,0.0,0.0
1/16/2021 20:00,0.0,0.0
1/16/2021 21:00,0.0,0.0
1/16/2021 22:00,0.0,0.0
1/16/2021 23:00,0.0,0.0
1/17/2021 0:00,0.0,0.0
1/17/2021 1:00,0.0,0.0
1/17/2021 2:00,0.0,0.0
1/17/2021 3:00,0.0,0.0
1/17/2021 4:00,0.0,0.0
1/17/2021 5:00,0.0,0.0
1/17/2021 6:00,0.0,0.0
1/17/2021 7:00,0.0,0.0
1/17/2021 8:00,0.0,0.0
1/17/2021 9:00,0.25,0.02
1/17/2021 10:00,1.25,0.08
1/17/2021 11:00,4.5,0.28
1/17/2021 12:00,8.5,0.52
1/17/2021 13:00,9.75,0.6
1/17/2021 14:00,9.25,0.57
1/17/2021 15:00,7.75,0.47
1/17/2021 16:00,5.25,0.32
1/17/2021 17:00,1.75,0.11
1/17/2021 18:00,0.25,0.02
1/17/2021 19:00,0.0,0.0
1/17/2021 20:00,0.0,0.0
1/17/2021 21:00,0.0,0.0
1/17/2021 22:00,0.0,0.0
1/17/2021 23:00,0.0,0.0
1/18/2021 0:00,0.0,0.0
1/18/2021 1:00,0.0,0.0
1/18/2021 2:00,0.0,0.0
1/18/2021 3:00,0.0,0.0
1/18/2021 4:00,0.0,0.0
1/18/2021 5:00,0.0,0.0
1/18/2021 6:00,0.0,0.0
1/18/2021 7:00,0.0,0.0
1/18/2021 8:00,0.0,0.0
1/18/2021 9:00,0.75,0.05
1/18/2021 10:00,1.0,0.06
1/18/2021 11:00,4.25,0.26
1/18/2021 12:00,8.75,0.54
1/18/2021 13:00,9.25,0.57
1/18/2021 14:00,9.0,0.55
1/18/2021 15:00,8.0,0.49
1/18/2021 16:00,5.75,0.35
1/18/2021 17:00,1.75,0.11
1/18/2021 18:00,0.25,0.02
1/18/2021 19:00,0.0,0.0
1/18/2021 20:00,0.0,0.0
1/18/2021 21:00,0.0,0.0
1/18/2021 22:00,0.0,0.0
1/18/2021 23:00,0.0,0.0
1/19/2021 0:00,0.0,0.0
1/19/2021 1:00,0.0,0.0
1/19/2021 2:00,0.0,0.0
1/19/2021 3:00,0.0,0.0
1/19/2021 4:00,0.0,0.0
1/19/2021 5:00,0.0,0.0
1/19/2021 6:00,0.0,0.0
1/19/2021 7:00,0.0,0.0
1/19/2021 8:00,0.0,0.0
1/19/2021 9:00,0.25,0.02
1/19/2021 10:00,0.75,0.05
1/19/2021 11:00,1.5,0.09
1/19/2021 12:00,3.0,0.18
1/19/2021 13:00,4.25,0.26
1/19/2021 14:00,3.5,0.21
1/19/2021 15:00,2.5,0.15
1/19/2021 16:00,1.25,0.08
1/19/2021 17:00,0.5,0.03
1/19/2021 18:00,0.0,0.0
1/19/2021 19:00,0.0,0.0
1/19/2021 20:00,0.0,0.0
1/19/2021 21:00,0.0,0.0
1/19/2021 22:00,0.0,0.0
1/19/2021 23:00,0.0,0.0
1/20/2021 0:00,0.0,0.0
1/20/2021 1:00,0.0,0.0
1/20/2021 2:00,0.0,0.0
1/20/2021 3:00,0.0,0.0
1/20/2021 4:00,0.0,0.0
1/20/2021 5:00,0.0,0.0
1/20/2021 6:00,0.0,0.0
1/20/2021 7:00,0.0,0.0
1/20/2021 8:00,0.0,0.0
1/20/2021 9:00,0.0,0.0
1/20/2021 10:00,0.75,0.05
1/20/2021 11:00,1.75,0.11
1/20/2021 12:00,5.5,0.34
1/20/2021 13:00,7.5,0.46
1/20/2021 14:00,7.0,0.43
1/20/2021 15:00,5.5,0.34
1/20/2021 16:00,4.25,0.26
1/20/2021 17:00,1.25,0.08
1/20/2021 18:00,0.25,0.02
1/20/2021 19:00,0.0,0.0
1/20/2021 20:00,0.0,0.0
1/20/2021 21:00,0.0,0.0
1/20/2021 22:00,0.0,0.0
1/20/2021 23:00,0.0,0.0
1/21/2021 0:00,0.0,0.0
1/21/2021 1:00,0.0,0.0
1/21/2021 2:00,0.0,0.0
1/21/2021 3:00,0.0,0.0
1/21/2021 4:00,0.0,0.0
1/21/2021 5:00,0.0,0.0
1/21/2021 6:00,0.0,0.0
1/21/2021 7:00,0.0,0.0
1/21/2021 8:00,0.25,0.02
1/21/2021 9:00,0.5,0.03
1/21/2021 10:00,1.75,0.11
1/21/2021 11:00,3.5,0.21
1/21/2021 12:00,5.0,0.31
1/21/2021 13:00,5.5,0.34
1/21/2021 14:00,5.75,0.35
1/21/2021 15:00,3.25,0.2
1/21/2021 16:00,2.0,0.12
1/21/2021 17:00,1.75,0.11
1/21/2021 18:00,0.25,0.02
1/21/2021 19:00,0.0,0.0
1/21/2021 20:00,0.0,0.0
1/21/2021 21:00,0.0,0.0
1/21/2021 22:00,0.0,0.0
1/21/2021 23:00,0.0,0.0
1/22/2021 0:00,0.0,0.0
1/22/2021 1:00,0.0,0.0
1/22/2021 2:00,0.0,0.0
1/22/2021 3:00,0.0,0.0
1/22/2021 4:00,0.0,0.0
1/22/2021 5:00,0.0,0.0
1/22/2021 6:00,0.0,0.0
1/22/2021 7:00,0.0,0.0
1/22/2021 8:00,0.25,0.02
1/22/2021 9:00,0.5,0.03
1/22/2021 10:00,1.75,0.11
1/22/2021 11:00,4.5,0.28
1/22/2021 12:00,5.5,0.34
1/22/2021 13:00,8.0,0.49
1/22/2021 14:00,6.0,0.37
1/22/2021 15:00,7.5,0.46
1/22/2021 16:00,5.5,0.34
1/22/2021 17:00,2.25,0.14
1/22/2021 18:00,0.0,0.0
1/22/2021 19:00,0.0,0.0
1/22/2021 20:00,0.0,0.0
1/22/2021 21:00,0.0,0.0
1/22/2021 22:00,0.0,0.0
1/22/2021 23:00,0.0,0.0
1/23/2021 0:00,0.0,0.0
1/23/2021 1:00,0.0,0.0
1/23/2021 2:00,0.0,0.0
1/23/2021 3:00,0.0,0.0
1/23/2021 4:00,0.0,0.0
1/23/2021 5:00,0.0,0.0
1/23/2021 6:00,0.0,0.0
1/23/2021 7:00,0.0,0.0
1/23/2021 8:00,0.0,0.0
1/23/2021 9:00,1.0,0.06
1/23/2021 10:00,1.75,0.11
1/23/2021 11:00,4.0,0.25
1/23/2021 12:00,6.0,0.37
1/23/2021 13:00,6.25,0.38
1/23/2021 14:00,8.25,0.51
1/23/2021 15:00,4.0,0.25
1/23/2021 16:00,1.5,0.09
1/23/2021 17:00,1.0,0.06
1/23/2021 18:00,0.25,0.02
1/23/2021 19:00,0.0,0.0
1/23/2021 20:00,0.0,0.0
1/23/2021 21:00,0.0,0.0
1/23/2021 22:00,0.0,0.0
1/23/2021 23:00,0.0,0.0
1/24/2021 0:00,0.0,0.0
1/24/2021 1:00,0.0,0.0
1/24/2021 2:00,0.0,0.0
1/24/2021 3:00,0.0,0.0
1/24/2021 4:00,0.0,0.0
1/24/2021 5:00,0.0,0.0
1/24/2021 6:00,0.0,0.0
1/24/2021 7:00,0.0,0.0
1/24/2021 8:00,0.0,0.0
1/24/2021 9:00,0.75,0.05
1/24/2021 10:00,1.75,0.11
1/24/2021 11:00,4.0,0.25
1/24/2021 12:00,6.0,0.37
1/24/2021 13:00,6.75,0.41
1/24/2021 14:00,5.5,0.34
1/24/2021 15:00,5.5,0.34
1/24/2021 16:00,3.25,0.2
1/24/2021 17:00,1.25,0.08
1/24/2021 18:00,0.25,0.02
1/24/2021 19:00,0.0,0.0
1/24/2021 20:00,0.0,0.0
1/24/2021 21:00,0.0,0.0
1/24/2021 22:00,0.0,0.0
1/24/2021 23:00,0.0,0.0
1/25/2021 0:00,0.0,0.0
1/25/2021 1:00,0.0,0.0
1/25/2021 2:00,0.0,0.0
1/25/2021 3:00,0.0,0.0
1/25/2021 4:00,0.0,0.0
1/25/2021 5:00,0.0,0.0
1/25/2021 6:00,0.0,0.0
1/25/2021 7:00,0.0,0.0
1/25/2021 8:00,0.0,0.0
1/25/2021 9:00,0.5,0.03
1/25/2021 10:00,2.25,0.14
1/25/2021 11:00,3.5,0.21
1/25/2021 12:00,3.75,0.23
1/25/2021 13:00,4.75,0.29
1/25/2021 14:00,7.75,0.47
1/25/2021 15:00,6.25,0.38
1/25/2021 16:00,4.5,0.28
1/25/2021 17:00,1.25,0.08
1/25/2021 18:00,0.25,0.02
1/25/2021 19:00,0.0,0.0
1/25/2021 20:00,0.0,0.0
1/25/2021 21:00,0.0,0.0
1/25/2021 22:00,0.0,0.0
1/25/2021 23:00,0.0,0.0
1/26/2021 0:00,0.0,0.0
1/26/2021 1:00,0.0,0.0
1/26/2021 2:00,0.0,0.0
1/26/2021 3:00,0.0,0.0
1/26/2021 4:00,0.0,0.0
1/26/2021 5:00,0.0,0.0
1/26/2021 6:00,0.0,0.0
1/26/2021 7:00,0.0,0.0
1/26/2021 8:00,0.0,0.0
1/26/2021 9:00,0.5,0.03
1/26/2021 10:00,1.5,0.09
1/26/2021 11:00,3.25,0.2
1/26/2021 12:00,3.5,0.21
1/26/2021 13:00,4.75,0.29
1/26/2021 14:00,5.75,0.35
1/26/2021 15:00,6.5,0.4
1/26/2021 16:00,2.75,0.17
1/26/2021 17:00,1.25,0.08
1/26/2021 18:00,0.25,0.02
1/26/2021 19:00,0.0,0.0
1/26/2021 20:00,0.0,0.0
1/26/2021 21:00,0.0,0.0
1/26/2021 22:00,0.0,0.0
1/26/2021 23:00,0.0,0.0
1/27/2021 0:00,0.0,0.0
1/27/2021 1:00,0.0,0.0
1/27/2021 2:00,0.0,0.0
1/27/2021 3:00,0.0,0.0
1/27/2021 4:00,0.0,0.0
1/27/2021 5:00,0.0,0.0
1/27/2021 6:00,0.0,0.0
1/27/2021 7:00,0.0,0.0
1/27/2021 8:00,0.0,0.0
1/27/2021 9:00,0.75,0.05
1/27/2021 10:00,1.5,0.09
1/27/2021 11:00,5.0,0.31
1/27/2021 12:00,8.25,0.51
1/27/2021 13:00,9.5,0.58
1/27/2021 14:00,9.25,0.57
1/27/2021 15:00,8.0,0.49
1/27/2021 16:00,5.25,0.32
1/27/2021 17:00,2.25,0.14
1/27/2021 18:00,0.25,0.02
1/27/2021 19:00,0.0,0.0
1/27/2021 20:00,0.0,0.0
1/27/2021 21:00,0.0,0.0
1/27/2021 22:00,0.0,0.0
1/27/2021 23:00,0.0,0.0
1/28/2021 0:00,0.0,0.0
1/28/2021 1:00,0.0,0.0
1/28/2021 2:00,0.0,0.0
1/28/2021 3:00,0.0,0.0
1/28/2021 4:00,0.0,0.0
1/28/2021 5:00,0.0,0.0
1/28/2021 6:00,0.0,0.0
1/28/2021 7:00,0.0,0.0
1/28/2021 8:00,0.0,0.0
1/28/2021 9:00,0.5,0.03
1/28/2021 10:00,1.75,0.11
1/28/2021 11:00,5.25,0.32
1/28/2021 12:00,8.25,0.51
1/28/2021 13:00,9.25,0.57
1/28/2021 14:00,8.75,0.54
1/28/2021 15:00,7.5,0.46
1/28/2021 16:00,5.5,0.34
1/28/2021 17:00,2.5,0.15
1/28/2021 18:00,0.25,0.02
1/28/2021 19:00,0.0,0.0
1/28/2021 20:00,0.0,0.0
1/28/2021 21:00,0.0,0.0
1/28/2021 22:00,0.0,0.0
1/28/2021 23:00,0.0,0.0
1/29/2021 0:00,0.0,0.0
1/29/2021 1:00,0.0,0.0
1/29/2021 2:00,0.0,0.0
1/29/2021 3:00,0.0,0.0
1/29/2021 4:00,0.0,0.0
1/29/2021 5:00,0.0,0.0
1/29/2021 6:00,0.0,0.0
1/29/2021 7:00,0.0,0.0
1/29/2021 8:00,0.0,0.0
1/29/2021 9:00,0.0,0.0
1/29/2021 10:00,1.0,0.06
1/29/2021 11:00,1.25,0.08
1/29/2021 12:00,1.25,0.08
1/29/2021 13:00,1.75,0.11
1/29/2021 14:00,1.75,0.11
1/29/2021 15:00,1.25,0.08
1/29/2021 16:00,0.75,0.05
1/29/2021 17:00,0.5,0.03
1/29/2021 18:00,0.0,0.0
1/29/2021 19:00,0.0,0.0
1/29/2021 20:00,0.0,0.0
1/29/2021 21:00,0.0,0.0
1/29/2021 22:00,0.0,0.0
1/29/2021 23:00,0.0,0.0
1/30/2021 0:00,0.0,0.0
1/30/2021 1:00,0.0,0.0
1/30/2021 2:00,0.0,0.0
1/30/2021 3:00,0.0,0.0
1/30/2021 4:00,0.0,0.0
1/30/2021 5:00,0.0,0.0
1/30/2021 6:00,0.0,0.0
1/30/2021 7:00,0.0,0.0
1/30/2021 8:00,0.0,0.0
1/30/2021 9:00,1.25,0.08
1/30/2021 10:00,2.5,0.15
1/30/2021 11:00,5.0,0.31
1/30/2021 12:00,8.0,0.49
1/30/2021 13:00,10.25,0.63
1/30/2021 14:00,9.0,0.55
1/30/2021 15:00,8.0,0.49
1/30/2021 16:00,6.0,0.37
1/30/2021 17:00,2.75,0.17
1/30/2021 18:00,0.5,0.03
1/30/2021 19:00,0.0,0.0
1/30/2021 20:00,0.0,0.0
1/30/2021 21:00,0.0,0.0
1/30/2021 22:00,0.0,0.0
1/30/2021 23:00,0.0,0.0
1/31/2021 0:00,0.0,0.0
1/31/2021 1:00,0.0,0.0
1/31/2021 2:00,0.0,0.0
1/31/2021 3:00,0.0,0.0
1/31/2021 4:00,0.0,0.0
1/31/2021 5:00,0.0,0.0
1/31/2021 6:00,0.0,0.0
1/31/2021 7:00,0.0,0.0
1/31/2021 8:00,0.0,0.0
1/31/2021 9:00,0.5,0.03
1/31/2021 10:00,1.5,0.09
1/31/2021 11:00,4.25,0.26
1/31/2021 12:00,8.75,0.54
1/31/2021 13:00,6.5,0.4
1/31/2021 14:00,8.25,0.51
1/31/2021 15:00,6.25,0.38
1/31/2021 16:00,3.0,0.18
1/31/2021 17:00,2.25,0.14
1/31/2021 18:00,0.0,0.0
1/31/2021 19:00,0.0,0.0
1/31/2021 20:00,0.0,0.0
1/31/2021 21:00,0.0,0.0
1/31/2021 22:00,0.0,0.0
1/31/2021 23:00,0.0,0.0
2/1/2021 0:00,0.0,0.0
2/1/2021 1:00,0.0,0.0
2/1/2021 2:00,0.0,0.0
2/1/2021 3:00,0.0,0.0
2/1/2021 4:00,0.0,0.0
2/1/2021 5:00,0.0,0.0
2/1/2021 6:00,0.0,0.0
2/1/2021 7:00,0.0,0.0
2/1/2021 8:00,0.0,0.0
2/1/2021 9:00,1.5,0.09
2/1/2021 10:00,2.5,0.15
2/1/2021 11:00,3.5,0.21
2/1/2021 12:00,5.25,0.32
2/1/2021 13:00,9.5,0.58
2/1/2021 14:00,8.5,0.52
2/1/2021 15:00,8.75,0.54
2/1/2021 16:00,6.5,0.4
2/1/2021 17:00,3.25,0.2
2/1/2021 18:00,0.5,0.03
2/1/2021 19:00,0.0,0.0
2/1/2021 20:00,0.0,0.0
2/1/2021 21:00,0.0,0.0
2/1/2021 22:00,0.0,0.0
2/1/2021 23:00,0.0,0.0
2/2/2021 0:00,0.0,0.0
2/2/2021 1:00,0.0,0.0
2/2/2021 2:00,0.0,0.0
2/2/2021 3:00,0.0,0.0
2/2/2021 4:00,0.0,0.0
2/2/2021 5:00,0.0,0.0
2/2/2021 6:00,0.0,0.0
2/2/2021 7:00,0.0,0.0
2/2/2021 8:00,0.0,0.0
2/2/2021 9:00,1.0,0.06
2/2/2021 10:00,2.25,0.14
2/2/2021 11:00,4.5,0.28
2/2/2021 12:00,3.75,0.23
2/2/2021 13:00,8.25,0.51
2/2/2021 14:00,5.0,0.31
2/2/2021 15:00,6.25,0.38
2/2/2021 16:00,2.5,0.15
2/2/2021 17:00,1.75,0.11
2/2/2021 18:00,0.5,0.03
2/2/2021 19:00,0.0,0.0
2/2/2021 20:00,0.0,0.0
2/2/2021 21:00,0.0,0.0
2/2/2021 22:00,0.0,0.0
2/2/2021 23:00,0.0,0.0
2/3/2021 0:00,0.0,0.0
2/3/2021 1:00,0.0,0.0
2/3/2021 2:00,0.0,0.0
2/3/2021 3:00,0.0,0.0
2/3/2021 4:00,0.0,0.0
2/3/2021 5:00,0.0,0.0
2/3/2021 6:00,0.0,0.0
2/3/2021 7:00,0.0,0.0
2/3/2021 8:00,0.0,0.0
2/3/2021 9:00,0.75,0.05
2/3/2021 10:00,2.0,0.12
2/3/2021 11:00,6.0,0.37
2/3/2021 12:00,9.0,0.55
2/3/2021 13:00,9.0,0.55
2/3/2021 14:00,8.75,0.54
2/3/2021 15:00,8.0,0.49
2/3/2021 16:00,5.0,0.31
2/3/2021 17:00,2.0,0.12
2/3/2021 18:00,0.5,0.03
2/3/2021 19:00,0.0,0.0
2/3/2021 20:00,0.0,0.0
2/3/2021 21:00,0.0,0.0
2/3/2021 22:00,0.0,0.0
2/3/2021 23:00,0.0,0.0
2/4/2021 0:00,0.0,0.0
2/4/2021 1:00,0.0,0.0
2/4/2021 2:00,0.0,0.0
2/4/2021 3:00,0.0,0.0
2/4/2021 4:00,0.0,0.0
2/4/2021 5:00,0.0,0.0
2/4/2021 6:00,0.0,0.0
2/4/2021 7:00,0.0,0.0
2/4/2021 8:00,0.0,0.0
2/4/2021 9:00,1.0,0.06
2/4/2021 10:00,1.0,0.06
2/4/2021 11:00,2.0,0.12
2/4/2021 12:00,4.0,0.25
2/4/2021 13:00,4.5,0.28
2/4/2021 14:00,2.75,0.17
2/4/2021 15:00,4.75,0.29
2/4/2021 16:00,2.5,0.15
2/4/2021 17:00,2.25,0.14
2/4/2021 18:00,0.5,0.03
2/4/2021 19:00,0.0,0.0
2/4/2021 20:00,0.0,0.0
2/4/2021 21:00,0.0,0.0
2/4/2021 22:00,0.0,0.0
2/4/2021 23:00,0.0,0.0
2/5/2021 0:00,0.0,0.0
2/5/2021 1:00,0.0,0.0
2/5/2021 2:00,0.0,0.0
2/5/2021 3:00,0.0,0.0
2/5/2021 4:00,0.0,0.0
2/5/2021 5:00,0.0,0.0
2/5/2021 6:00,0.0,0.0
2/5/2021 7:00,0.0,0.0
2/5/2021 8:00,0.0,0.0
2/5/2021 9:00,0.0,0.0
2/5/2021 10:00,0.5,0.03
2/5/2021 11:00,0.75,0.05
2/5/2021 12:00,0.25,0.02
2/5/2021 13:00,1.25,0.08
2/5/2021 14:00,3.75,0.23
2/5/2021 15:00,5.0,0.31
2/5/2021 16:00,3.0,0.18
2/5/2021 17:00,1.25,0.08
2/5/2021 18:00,0.5,0.03
2/5/2021 19:00,0.0,0.0
2/5/2021 20:00,0.0,0.0
2/5/2021 21:00,0.0,0.0
2/5/2021 22:00,0.0,0.0
2/5/2021 23:00,0.0,0.0
2/6/2021 0:00,0.0,0.0
2/6/2021 1:00,0.0,0.0
2/6/2021 2:00,0.0,0.0
2/6/2021 3:00,0.0,0.0
2/6/2021 4:00,0.0,0.0
2/6/2021 5:00,0.0,0.0
2/6/2021 6:00,0.0,0.0
2/6/2021 7:00,0.0,0.0
2/6/2021 8:00,0.0,0.0
2/6/2021 9:00,1.0,0.06
2/6/2021 10:00,2.5,0.15
2/6/2021 11:00,4.25,0.26
2/6/2021 12:00,5.75,0.35
2/6/2021 13:00,5.75,0.35
2/6/2021 14:00,5.75,0.35
2/6/2021 15:00,3.0,0.18
2/6/2021 16:00,2.75,0.17
2/6/2021 17:00,1.25,0.08
2/6/2021 18:00,0.25,0.02
2/6/2021 19:00,0.0,0.0
2/6/2021 20:00,0.0,0.0
2/6/2021 21:00,0.0,0.0
2/6/2021 22:00,0.0,0.0
2/6/2021 23:00,0.0,0.0
2/7/2021 0:00,0.0,0.0
2/7/2021 1:00,0.0,0.0
2/7/2021 2:00,0.0,0.0
2/7/2021 3:00,0.0,0.0
2/7/2021 4:00,0.0,0.0
2/7/2021 5:00,0.0,0.0
2/7/2021 6:00,0.0,0.0
2/7/2021 7:00,0.0,0.0
2/7/2021 8:00,0.0,0.0
2/7/2021 9:00,0.75,0.05
2/7/2021 10:00,3.0,0.18
2/7/2021 11:00,4.25,0.26
2/7/2021 12:00,5.75,0.35
2/7/2021 13:00,5.0,0.31
2/7/2021 14:00,3.75,0.23
2/7/2021 15:00,3.25,0.2
2/7/2021 16:00,2.25,0.14
2/7/2021 17:00,1.5,0.09
2/7/2021 18:00,0.25,0.02
2/7/2021 19:00,0.0,0.0
2/7/2021 20:00,0.0,0.0
2/7/2021 21:00,0.0,0.0
2/7/2021 22:00,0.0,0.0
2/7/2021 23:00,0.0,0.0
2/8/2021 0:00,0.0,0.0
2/8/2021 1:00,0.0,0.0
2/8/2021 2:00,0.0,0.0
2/8/2021 3:00,0.0,0.0
2/8/2021 4:00,0.0,0.0
2/8/2021 5:00,0.0,0.0
2/8/2021 6:00,0.0,0.0
2/8/2021 7:00,0.0,0.0
2/8/2021 8:00,0.0,0.0
2/8/2021 9:00,1.0,0.06
2/8/2021 10:00,2.5,0.15
2/8/2021 11:00,6.0,0.37
2/8/2021 12:00,7.25,0.44
2/8/2021 13:00,5.25,0.32
2/8/2021 14:00,5.5,0.34
2/8/2021 15:00,5.5,0.34
2/8/2021 16:00,2.75,0.17
2/8/2021 17:00,2.5,0.15
2/8/2021 18:00,0.5,0.03
2/8/2021 19:00,0.0,0.0
2/8/2021 20:00,0.0,0.0
2/8/2021 21:00,0.0,0.0
2/8/2021 22:00,0.0,0.0
2/8/2021 23:00,0.0,0.0
2/9/2021 0:00,0.0,0.0
2/9/2021 1:00,0.0,0.0
2/9/2021 2:00,0.0,0.0
2/9/2021 3:00,0.0,0.0
2/9/2021 4:00,0.0,0.0
2/9/2021 5:00,0.0,0.0
2/9/2021 6:00,0.0,0.0
2/9/2021 7:00,0.0,0.0
2/9/2021 8:00,0.0,0.0
2/9/2021 9:00,0.75,0.05
2/9/2021 10:00,1.75,0.11
2/9/2021 11:00,2.5,0.15
2/9/2021 12:00,2.0,0.12
2/9/2021 13:00,2.5,0.15
2/9/2021 14:00,3.0,0.18
2/9/2021 15:00,2.0,0.12
2/9/2021 16:00,1.0,0.06
2/9/2021 17:00,0.75,0.05
2/9/2021 18:00,0.25,0.02
2/9/2021 19:00,0.0,0.0
2/9/2021 20:00,0.0,0.0
2/9/2021 21:00,0.0,0.0
2/9/2021 22:00,0.0,0.0
2/9/2021 23:00,0.0,0.0
2/10/2021 0:00,0.0,0.0
2/10/2021 1:00,0.0,0.0
2/10/2021 2:00,0.0,0.0
2/10/2021 3:00,0.0,0.0
2/10/2021 4:00,0.0,0.0
2/10/2021 5:00,0.0,0.0
2/10/2021 6:00,0.0,0.0
2/10/2021 7:00,0.0,0.0
2/10/2021 8:00,0.0,0.0
2/10/2021 9:00,1.25,0.08
2/10/2021 10:00,2.75,0.17
2/10/2021 11:00,3.25,0.2
2/10/2021 12:00,3.75,0.23
2/10/2021 13:00,3.75,0.23
2/10/2021 14:00,6.25,0.38
2/10/2021 15:00,4.5,0.28
2/10/2021 16:00,2.25,0.14
2/10/2021 17:00,1.0,0.06
2/10/2021 18:00,0.5,0.03
2/10/2021 19:00,0.0,0.0
2/10/2021 20:00,0.0,0.0
2/10/2021 21:00,0.0,0.0
2/10/2021 22:00,0.0,0.0
2/10/2021 23:00,0.0,0.0
2/11/2021 0:00,0.0,0.0
2/11/2021 1:00,0.0,0.0
2/11/2021 2:00,0.0,0.0
2/11/2021 3:00,0.0,0.0
2/11/2021 4:00,0.0,0.0
2/11/2021 5:00,0.0,0.0
2/11/2021 6:00,0.0,0.0
2/11/2021 7:00,0.0,0.0
2/11/2021 8:00,0.25,0.02
2/11/2021 9:00,0.75,0.05
2/11/2021 10:00,2.25,0.14
2/11/2021 11:00,4.25,0.26
2/11/2021 12:00,6.75,0.41
2/11/2021 13:00,2.75,0.17
2/11/2021 14:00,4.25,0.26
2/11/2021 15:00,2.5,0.15
2/11/2021 16:00,2.5,0.15
2/11/2021 17:00,1.25,0.08
2/11/2021 18:00,0.5,0.03
2/11/2021 19:00,0.0,0.0
2/11/2021 20:00,0.0,0.0
2/11/2021 21:00,0.0,0.0
2/11/2021 22:00,0.0,0.0
2/11/2021 23:00,0.0,0.0
2/12/2021 0:00,0.0,0.0
2/12/2021 1:00,0.0,0.0
2/12/2021 2:00,0.0,0.0
2/12/2021 3:00,0.0,0.0
2/12/2021 4:00,0.0,0.0
2/12/2021 5:00,0.0,0.0
2/12/2021 6:00,0.0,0.0
2/12/2021 7:00,0.0,0.0
2/12/2021 8:00,0.25,0.02
2/12/2021 9:00,0.75,0.05
2/12/2021 10:00,3.0,0.18
2/12/2021 11:00,6.5,0.4
2/12/2021 12:00,9.5,0.58
2/12/2021 13:00,10.5,0.64
2/12/2021 14:00,10.5,0.64
2/12/2021 15:00,9.75,0.6
2/12/2021 16:00,7.25,0.44
2/12/2021 17:00,3.75,0.23
2/12/2021 18:00,0.5,0.03
2/12/2021 19:00,0.0,0.0
2/12/2021 20:00,0.0,0.0
2/12/2021 21:00,0.0,0.0
2/12/2021 22:00,0.0,0.0
2/12/2021 23:00,0.0,0.0
2/13/2021 0:00,0.0,0.0
2/13/2021 1:00,0.0,0.0
2/13/2021 2:00,0.0,0.0
2/13/2021 3:00,0.0,0.0
2/13/2021 4:00,0.0,0.0
2/13/2021 5:00,0.0,0.0
2/13/2021 6:00,0.0,0.0
2/13/2021 7:00,0.0,0.0
2/13/2021 8:00,0.25,0.02
2/13/2021 9:00,1.5,0.09
2/13/2021 10:00,2.75,0.17
2/13/2021 11:00,6.25,0.38
2/13/2021 12:00,8.0,0.49
2/13/2021 13:00,11.25,0.69
2/13/2021 14:00,10.75,0.66
2/13/2021 15:00,9.75,0.6
2/13/2021 16:00,7.5,0.46
2/13/2021 17:00,4.0,0.25
2/13/2021 18:00,0.5,0.03
2/13/2021 19:00,0.0,0.0
2/13/2021 20:00,0.0,0.0
2/13/2021 21:00,0.0,0.0
2/13/2021 22:00,0.0,0.0
2/13/2021 23:00,0.0,0.0
2/14/2021 0:00,0.0,0.0
2/14/2021 1:00,0.0,0.0
2/14/2021 2:00,0.0,0.0
2/14/2021 3:00,0.0,0.0
2/14/2021 4:00,0.0,0.0
2/14/2021 5:00,0.0,0.0
2/14/2021 6:00,0.0,0.0
2/14/2021 7:00,0.0,0.0
2/14/2021 8:00,0.0,0.0
2/14/2021 9:00,1.0,0.06
2/14/2021 10:00,3.25,0.2
2/14/2021 11:00,7.0,0.43
2/14/2021 12:00,9.75,0.6
2/14/2021 13:00,11.0,0.67
2/14/2021 14:00,11.0,0.67
2/14/2021 15:00,9.75,0.6
2/14/2021 16:00,7.25,0.44
2/14/2021 17:00,4.25,0.26
2/14/2021 18:00,0.25,0.02
2/14/2021 19:00,0.0,0.0
2/14/2021 20:00,0.0,0.0
2/14/2021 21:00,0.0,0.0
2/14/2021 22:00,0.0,0.0
2/14/2021 23:00,0.0,0.0
2/15/2021 0:00,0.0,0.0
2/15/2021 1:00,0.0,0.0
2/15/2021 2:00,0.0,0.0
2/15/2021 3:00,0.0,0.0
2/15/2021 4:00,0.0,0.0
2/15/2021 5:00,0.0,0.0
2/15/2021 6:00,0.0,0.0
2/15/2021 7:00,0.0,0.0
2/15/2021 8:00,0.25,0.02
2/15/2021 9:00,1.0,0.06
2/15/2021 10:00,3.25,0.2
2/15/2021 11:00,7.0,0.43
2/15/2021 12:00,10.0,0.61
2/15/2021 13:00,11.0,0.67
2/15/2021 14:00,10.75,0.66
2/15/2021 15:00,9.5,0.58
2/15/2021 16:00,7.5,0.46
2/15/2021 17:00,4.0,0.25
2/15/2021 18:00,0.5,0.03
2/15/2021 19:00,0.0,0.0
2/15/2021 20:00,0.0,0.0
2/15/2021 21:00,0.0,0.0
2/15/2021 22:00,0.0,0.0
2/15/2021 23:00,0.0,0.0
2/16/2021 0:00,0.0,0.0
2/16/2021 1:00,0.0,0.0
2/16/2021 2:00,0.0,0.0
2/16/2021 3:00,0.0,0.0
2/16/2021 4:00,0.0,0.0
2/16/2021 5:00,0.0,0.0
2/16/2021 6:00,0.0,0.0
2/16/2021 7:00,0.0,0.0
2/16/2021 8:00,0.25,0.02
2/16/2021 9:00,1.25,0.08
2/16/2021 10:00,3.5,0.21
2/16/2021 11:00,6.5,0.4
2/16/2021 12:00,10.0,0.61
2/16/2021 13:00,10.75,0.66
2/16/2021 14:00,9.75,0.6
2/16/2021 15:00,8.75,0.54
2/16/2021 16:00,6.5,0.4
2/16/2021 17:00,3.5,0.21
2/16/2021 18:00,0.75,0.05
2/16/2021 19:00,0.0,0.0
2/16/2021 20:00,0.0,0.0
2/16/2021 21:00,0.0,0.0
2/16/2021 22:00,0.0,0.0
2/16/2021 23:00,0.0,0.0
2/17/2021 0:00,0.0,0.0
2/17/2021 1:00,0.0,0.0
2/17/2021 2:00,0.0,0.0
2/17/2021 3:00,0.0,0.0
2/17/2021 4:00,0.0,0.0
2/17/2021 5:00,0.0,0.0
2/17/2021 6:00,0.0,0.0
2/17/2021 7:00,0.0,0.0
2/17/2021 8:00,0.25,0.02
2/17/2021 9:00,1.5,0.09
2/17/2021 10:00,3.25,0.2
2/17/2021 11:00,6.5,0.4
2/17/2021 12:00,9.25,0.57
2/17/2021 13:00,10.5,0.64
2/17/2021 14:00,10.5,0.64
2/17/2021 15:00,8.75,0.54
2/17/2021 16:00,6.5,0.4
2/17/2021 17:00,4.25,0.26
2/17/2021 18:00,0.75,0.05
2/17/2021 19:00,0.0,0.0
2/17/2021 20:00,0.0,0.0
2/17/2021 21:00,0.0,0.0
2/17/2021 22:00,0.0,0.0
2/17/2021 23:00,0.0,0.0
2/18/2021 0:00,0.0,0.0
2/18/2021 1:00,0.0,0.0
2/18/2021 2:00,0.0,0.0
2/18/2021 3:00,0.0,0.0
2/18/2021 4:00,0.0,0.0
2/18/2021 5:00,0.0,0.0
2/18/2021 6:00,0.0,0.0
2/18/2021 7:00,0.0,0.0
2/18/2021 8:00,0.0,0.0
2/18/2021 9:00,1.0,0.06
2/18/2021 10:00,2.75,0.17
2/18/2021 11:00,4.75,0.29
2/18/2021 12:00,9.25,0.57
2/18/2021 13:00,10.75,0.66
2/18/2021 14:00,10.5,0.64
2/18/2021 15:00,9.0,0.55
2/18/2021 16:00,6.5,0.4
2/18/2021 17:00,3.75,0.23
2/18/2021 18:00,0.75,0.05
2/18/2021 19:00,0.0,0.0
2/18/2021 20:00,0.0,0.0
2/18/2021 21:00,0.0,0.0
2/18/2021 22:00,0.0,0.0
2/18/2021 23:00,0.0,0.0
2/19/2021 0:00,0.0,0.0
2/19/2021 1:00,0.0,0.0
2/19/2021 2:00,0.0,0.0
2/19/2021 3:00,0.0,0.0
2/19/2021 4:00,0.0,0.0
2/19/2021 5:00,0.0,0.0
2/19/2021 6:00,0.0,0.0
2/19/2021 7:00,0.0,0.0
2/19/2021 8:00,0.0,0.0
2/19/2021 9:00,1.25,0.08
2/19/2021 10:00,2.5,0.15
2/19/2021 11:00,4.0,0.25
2/19/2021 12:00,6.25,0.38
2/19/2021 13:00,6.25,0.38
2/19/2021 14:00,8.25,0.51
2/19/2021 15:00,5.0,0.31
2/19/2021 16:00,3.5,0.21
2/19/2021 17:00,2.0,0.12
2/19/2021 18:00,1.0,0.06
2/19/2021 19:00,0.0,0.0
2/19/2021 20:00,0.0,0.0
2/19/2021 21:00,0.0,0.0
2/19/2021 22:00,0.0,0.0
2/19/2021 23:00,0.0,0.0
2/20/2021 0:00,0.0,0.0
2/20/2021 1:00,0.0,0.0
2/20/2021 2:00,0.0,0.0
2/20/2021 3:00,0.0,0.0
2/20/2021 4:00,0.0,0.0
2/20/2021 5:00,0.0,0.0
2/20/2021 6:00,0.0,0.0
2/20/2021 7:00,0.0,0.0
2/20/2021 8:00,0.25,0.02
2/20/2021 9:00,2.0,0.12
2/20/2021 10:00,3.75,0.23
2/20/2021 11:00,6.0,0.37
2/20/2021 12:00,7.75,0.47
2/20/2021 13:00,6.25,0.38
2/20/2021 14:00,4.0,0.25
2/20/2021 15:00,3.0,0.18
2/20/2021 16:00,3.0,0.18
2/20/2021 17:00,1.25,0.08
2/20/2021 18:00,0.25,0.02
2/20/2021 19:00,0.0,0.0
2/20/2021 20:00,0.0,0.0
2/20/2021 21:00,0.0,0.0
2/20/2021 22:00,0.0,0.0
2/20/2021 23:00,0.0,0.0
2/21/2021 0:00,0.0,0.0
2/21/2021 1:00,0.0,0.0
2/21/2021 2:00,0.0,0.0
2/21/2021 3:00,0.0,0.0
2/21/2021 4:00,0.0,0.0
2/21/2021 5:00,0.0,0.0
2/21/2021 6:00,0.0,0.0
2/21/2021 7:00,0.0,0.0
2/21/2021 8:00,0.0,0.0
2/21/2021 9:00,0.75,0.05
2/21/2021 10:00,1.0,0.06
2/21/2021 11:00,2.25,0.14
2/21/2021 12:00,6.5,0.4
2/21/2021 13:00,10.0,0.61
2/21/2021 14:00,8.25,0.51
2/21/2021 15:00,4.25,0.26
2/21/2021 16:00,2.0,0.12
2/21/2021 17:00,4.25,0.26
2/21/2021 18:00,0.75,0.05
2/21/2021 19:00,0.0,0.0
2/21/2021 20:00,0.0,0.0
2/21/2021 21:00,0.0,0.0
2/21/2021 22:00,0.0,0.0
2/21/2021 23:00,0.0,0.0
2/22/2021 0:00,0.0,0.0
2/22/2021 1:00,0.0,0.0
2/22/2021 2:00,0.0,0.0
2/22/2021 3:00,0.0,0.0
2/22/2021 4:00,0.0,0.0
2/22/2021 5:00,0.0,0.0
2/22/2021 6:00,0.0,0.0
2/22/2021 7:00,0.0,0.0
2/22/2021 8:00,0.5,0.03
2/22/2021 9:00,1.5,0.09
2/22/2021 10:00,3.75,0.23
2/22/2021 11:00,7.5,0.46
2/22/2021 12:00,10.5,0.64
2/22/2021 13:00,12.0,0.74
2/22/2021 14:00,11.75,0.72
2/22/2021 15:00,9.5,0.58
2/22/2021 16:00,3.5,0.21
2/22/2021 17:00,2.0,0.12
2/22/2021 18:00,0.75,0.05
2/22/2021 19:00,0.0,0.0
2/22/2021 20:00,0.0,0.0
2/22/2021 21:00,0.0,0.0
2/22/2021 22:00,0.0,0.0
2/22/2021 23:00,0.0,0.0
2/23/2021 0:00,0.0,0.0
2/23/2021 1:00,0.0,0.0
2/23/2021 2:00,0.0,0.0
2/23/2021 3:00,0.0,0.0
2/23/2021 4:00,0.0,0.0
2/23/2021 5:00,0.0,0.0
2/23/2021 6:00,0.0,0.0
2/23/2021 7:00,0.0,0.0
2/23/2021 8:00,0.25,0.02
2/23/2021 9:00,2.5,0.15
2/23/2021 10:00,4.5,0.28
2/23/2021 11:00,7.75,0.47
2/23/2021 12:00,10.5,0.64
2/23/2021 13:00,11.75,0.72
2/23/2021 14:00,11.25,0.69
2/23/2021 15:00,10.25,0.63
2/23/2021 16:00,8.0,0.49
2/23/2021 17:00,4.75,0.29
2/23/2021 18:00,0.75,0.05
2/23/2021 19:00,0.0,0.0
2/23/2021 20:00,0.0,0.0
2/23/2021 21:00,0.0,0.0
2/23/2021 22:00,0.0,0.0
2/23/2021 23:00,0.0,0.0
2/24/2021 0:00,0.0,0.0
2/24/2021 1:00,0.0,0.0
2/24/2021 2:00,0.0,0.0
2/24/2021 3:00,0.0,0.0
2/24/2021 4:00,0.0,0.0
2/24/2021 5:00,0.0,0.0
2/24/2021 6:00,0.0,0.0
2/24/2021 7:00,0.0,0.0
2/24/2021 8:00,0.25,0.02
2/24/2021 9:00,1.75,0.11
2/24/2021 10:00,3.75,0.23
2/24/2021 11:00,6.25,0.38
2/24/2021 12:00,9.0,0.55
2/24/2021 13:00,11.0,0.67
2/24/2021 14:00,10.5,0.64
2/24/2021 15:00,9.25,0.57
2/24/2021 16:00,7.0,0.43
2/24/2021 17:00,3.75,0.23
2/24/2021 18:00,1.0,0.06
2/24/2021 19:00,0.0,0.0
2/24/2021 20:00,0.0,0.0
2/24/2021 21:00,0.0,0.0
2/24/2021 22:00,0.0,0.0
2/24/2021 23:00,0.0,0.0
2/25/2021 0:00,0.0,0.0
2/25/2021 1:00,0.0,0.0
2/25/2021 2:00,0.0,0.0
2/25/2021 3:00,0.0,0.0
2/25/2021 4:00,0.0,0.0
2/25/2021 5:00,0.0,0.0
2/25/2021 6:00,0.0,0.0
2/25/2021 7:00,0.0,0.0
2/25/2021 8:00,0.25,0.02
2/25/2021 9:00,0.25,0.02
2/25/2021 10:00,1.0,0.06
2/25/2021 11:00,1.0,0.06
2/25/2021 12:00,2.75,0.17
2/25/2021 13:00,5.0,0.31
2/25/2021 14:00,6.0,0.37
2/25/2021 15:00,4.75,0.29
2/25/2021 16:00,3.25,0.2
2/25/2021 17:00,1.5,0.09
2/25/2021 18:00,0.5,0.03
2/25/2021 19:00,0.0,0.0
2/25/2021 20:00,0.0,0.0
2/25/2021 21:00,0.0,0.0
2/25/2021 22:00,0.0,0.0
2/25/2021 23:00,0.0,0.0
2/26/2021 0:00,0.0,0.0
2/26/2021 1:00,0.0,0.0
2/26/2021 2:00,0.0,0.0
2/26/2021 3:00,0.0,0.0
2/26/2021 4:00,0.0,0.0
2/26/2021 5:00,0.0,0.0
2/26/2021 6:00,0.0,0.0
2/26/2021 7:00,0.0,0.0
2/26/2021 8:00,0.25,0.02
2/26/2021 9:00,0.25,0.02
2/26/2021 10:00,0.75,0.05
2/26/2021 11:00,1.5,0.09
2/26/2021 12:00,4.5,0.28
2/26/2021 13:00,5.75,0.35
2/26/2021 14:00,6.5,0.4
2/26/2021 15:00,5.75,0.35
2/26/2021 16:00,1.5,0.09
2/26/2021 17:00,0.5,0.03
2/26/2021 18:00,0.25,0.02
2/26/2021 19:00,0.0,0.0
2/26/2021 20:00,0.0,0.0
2/26/2021 21:00,0.0,0.0
2/26/2021 22:00,0.0,0.0
2/26/2021 23:00,0.0,0.0
2/27/2021 0:00,0.0,0.0
2/27/2021 1:00,0.0,0.0
2/27/2021 2:00,0.0,0.0
2/27/2021 3:00,0.0,0.0
2/27/2021 4:00,0.0,0.0
2/27/2021 5:00,0.0,0.0
2/27/2021 6:00,0.0,0.0
2/27/2021 7:00,0.0,0.0
2/27/2021 8:00,0.25,0.02
2/27/2021 9:00,1.75,0.11
2/27/2021 10:00,4.0,0.25
2/27/2021 11:00,7.25,0.44
2/27/2021 12:00,6.5,0.4
2/27/2021 13:00,5.0,0.31
2/27/2021 14:00,5.25,0.32
2/27/2021 15:00,5.75,0.35
2/27/2021 16:00,3.0,0.18
2/27/2021 17:00,1.75,0.11
2/27/2021 18:00,0.75,0.05
2/27/2021 19:00,0.0,0.0
2/27/2021 20:00,0.0,0.0
2/27/2021 21:00,0.0,0.0
2/27/2021 22:00,0.0,0.0
2/27/2021 23:00,0.0,0.0
2/28/2021 0:00,0.0,0.0
2/28/2021 1:00,0.0,0.0
2/28/2021 2:00,0.0,0.0
2/28/2021 3:00,0.0,0.0
2/28/2021 4:00,0.0,0.0
2/28/2021 5:00,0.0,0.0
2/28/2021 6:00,0.0,0.0
2/28/2021 7:00,0.0,0.0
2/28/2021 8:00,0.5,0.03
2/28/2021 9:00,2.0,0.12
2/28/2021 10:00,4.25,0.26
2/28/2021 11:00,7.75,0.47
2/28/2021 12:00,10.25,0.63
2/28/2021 13:00,10.25,0.63
2/28/2021 14:00,10.5,0.64
2/28/2021 15:00,7.0,0.43
2/28/2021 16:00,5.75,0.35
2/28/2021 17:00,1.5,0.09
2/28/2021 18:00,1.0,0.06
2/28/2021 19:00,0.0,0.0
2/28/2021 20:00,0.0,0.0
2/28/2021 21:00,0.0,0.0
2/28/2021 22:00,0.0,0.0
2/28/2021 23:00,0.0,0.0
3/1/2021 0:00,0.0,0.0
3/1/2021 1:00,0.0,0.0
3/1/2021 2:00,0.0,0.0
3/1/2021 3:00,0.0,0.0
3/1/2021 4:00,0.0,0.0
3/1/2021 5:00,0.0,0.0
3/1/2021 6:00,0.0,0.0
3/1/2021 7:00,0.0,0.0
3/1/2021 8:00,0.25,0.02
3/1/2021 9:00,1.0,0.06
3/1/2021 10:00,2.0,0.12
3/1/2021 11:00,3.75,0.23
3/1/2021 12:00,6.5,0.4
3/1/2021 13:00,1.75,0.11
3/1/2021 14:00,4.5,0.28
3/1/2021 15:00,6.25,0.38
3/1/2021 16:00,6.5,0.4
3/1/2021 17:00,3.75,0.23
3/1/2021 18:00,1.25,0.08
3/1/2021 19:00,0.0,0.0
3/1/2021 20:00,0.0,0.0
3/1/2021 21:00,0.0,0.0
3/1/2021 22:00,0.0,0.0
3/1/2021 23:00,0.0,0.0
3/2/2021 0:00,0.0,0.0
3/2/2021 1:00,0.0,0.0
3/2/2021 2:00,0.0,0.0
3/2/2021 3:00,0.0,0.0
3/2/2021 4:00,0.0,0.0
3/2/2021 5:00,0.0,0.0
3/2/2021 6:00,0.0,0.0
3/2/2021 7:00,0.0,0.0
3/2/2021 8:00,0.5,0.03
3/2/2021 9:00,1.75,0.11
3/2/2021 10:00,4.5,0.28
3/2/2021 11:00,7.25,0.44
3/2/2021 12:00,10.25,0.63
3/2/2021 13:00,10.75,0.66
3/2/2021 14:00,10.5,0.64
3/2/2021 15:00,9.25,0.57
3/2/2021 16:00,7.0,0.43
3/2/2021 17:00,4.0,0.25
3/2/2021 18:00,1.25,0.08
3/2/2021 19:00,0.25,0.02
3/2/2021 20:00,0.0,0.0
3/2/2021 21:00,0.0,0.0
3/2/2021 22:00,0.0,0.0
3/2/2021 23:00,0.0,0.0
3/3/2021 0:00,0.0,0.0
3/3/2021 1:00,0.0,0.0
3/3/2021 2:00,0.0,0.0
3/3/2021 3:00,0.0,0.0
3/3/2021 4:00,0.0,0.0
3/3/2021 5:00,0.0,0.0
3/3/2021 6:00,0.0,0.0
3/3/2021 7:00,0.0,0.0
3/3/2021 8:00,0.5,0.03
3/3/2021 9:00,2.0,0.12
3/3/2021 10:00,4.5,0.28
3/3/2021 11:00,7.0,0.43
3/3/2021 12:00,9.75,0.6
3/3/2021 13:00,10.5,0.64
3/3/2021 14:00,10.25,0.63
3/3/2021 15:00,8.75,0.54
3/3/2021 16:00,6.75,0.41
3/3/2021 17:00,3.75,0.23
3/3/2021 18:00,1.25,0.08
3/3/2021 19:00,0.25,0.02
3/3/2021 20:00,0.0,0.0
3/3/2021 21:00,0.0,0.0
3/3/2021 22:00,0.0,0.0
3/3/2021 23:00,0.0,0.0
3/4/2021 0:00,0.0,0.0
3/4/2021 1:00,0.0,0.0
3/4/2021 2:00,0.0,0.0
3/4/2021 3:00,0.0,0.0
3/4/2021 4:00,0.0,0.0
3/4/2021 5:00,0.0,0.0
3/4/2021 6:00,0.0,0.0
3/4/2021 7:00,0.0,0.0
3/4/2021 8:00,0.25,0.02
3/4/2021 9:00,1.5,0.09
3/4/2021 10:00,2.0,0.12
3/4/2021 11:00,3.0,0.18
3/4/2021 12:00,4.5,0.28
3/4/2021 13:00,4.25,0.26
3/4/2021 14:00,3.25,0.2
3/4/2021 15:00,4.25,0.26
3/4/2021 16:00,4.0,0.25
3/4/2021 17:00,2.5,0.15
3/4/2021 18:00,1.0,0.06
3/4/2021 19:00,0.0,0.0
3/4/2021 20:00,0.0,0.0
3/4/2021 21:00,0.0,0.0
3/4/2021 22:00,0.0,0.0
3/4/2021 23:00,0.0,0.0
3/5/2021 0:00,0.0,0.0
3/5/2021 1:00,0.0,0.0
3/5/2021 2:00,0.0,0.0
3/5/2021 3:00,0.0,0.0
3/5/2021 4:00,0.0,0.0
3/5/2021 5:00,0.0,0.0
3/5/2021 6:00,0.0,0.0
3/5/2021 7:00,0.0,0.0
3/5/2021 8:00,0.5,0.03
3/5/2021 9:00,2.0,0.12
3/5/2021 10:00,5.25,0.32
3/5/2021 11:00,8.5,0.52
3/5/2021 12:00,10.75,0.66
3/5/2021 13:00,11.25,0.69
3/5/2021 14:00,6.25,0.38
3/5/2021 15:00,6.0,0.37
3/5/2021 16:00,5.25,0.32
3/5/2021 17:00,4.0,0.25
3/5/2021 18:00,1.0,0.06
3/5/2021 19:00,0.0,0.0
3/5/2021 20:00,0.0,0.0
3/5/2021 21:00,0.0,0.0
3/5/2021 22:00,0.0,0.0
3/5/2021 23:00,0.0,0.0
3/6/2021 0:00,0.0,0.0
3/6/2021 1:00,0.0,0.0
3/6/2021 2:00,0.0,0.0
3/6/2021 3:00,0.0,0.0
3/6/2021 4:00,0.0,0.0
3/6/2021 5:00,0.0,0.0
3/6/2021 6:00,0.0,0.0
3/6/2021 7:00,0.0,0.0
3/6/2021 8:00,0.5,0.03
3/6/2021 9:00,2.25,0.14
3/6/2021 10:00,5.0,0.31
3/6/2021 11:00,7.5,0.46
3/6/2021 12:00,10.75,0.66
3/6/2021 13:00,11.0,0.67
3/6/2021 14:00,8.75,0.54
3/6/2021 15:00,6.25,0.38
3/6/2021 16:00,7.0,0.43
3/6/2021 17:00,4.0,0.25
3/6/2021 18:00,0.75,0.05
3/6/2021 19:00,0.25,0.02
3/6/2021 20:00,0.0,0.0
3/6/2021 21:00,0.0,0.0
3/6/2021 22:00,0.0,0.0
3/6/2021 23:00,0.0,0.0
3/7/2021 0:00,0.0,0.0
3/7/2021 1:00,0.0,0.0
3/7/2021 2:00,0.0,0.0
3/7/2021 3:00,0.0,0.0
3/7/2021 4:00,0.0,0.0
3/7/2021 5:00,0.0,0.0
3/7/2021 6:00,0.0,0.0
3/7/2021 7:00,0.0,0.0
3/7/2021 8:00,0.5,0.03
3/7/2021 9:00,2.25,0.14
3/7/2021 10:00,5.5,0.34
3/7/2021 11:00,8.25,0.51
3/7/2021 12:00,10.75,0.66
3/7/2021 13:00,11.5,0.7
3/7/2021 14:00,11.0,0.67
3/7/2021 15:00,5.75,0.35
3/7/2021 16:00,5.0,0.31
3/7/2021 17:00,3.5,0.21
3/7/2021 18:00,1.25,0.08
3/7/2021 19:00,0.25,0.02
3/7/2021 20:00,0.0,0.0
3/7/2021 21:00,0.0,0.0
3/7/2021 22:00,0.0,0.0
3/7/2021 23:00,0.0,0.0
3/8/2021 0:00,0.0,0.0
3/8/2021 1:00,0.0,0.0
3/8/2021 2:00,0.0,0.0
3/8/2021 3:00,0.0,0.0
3/8/2021 4:00,0.0,0.0
3/8/2021 5:00,0.0,0.0
3/8/2021 6:00,0.0,0.0
3/8/2021 7:00,0.0,0.0
3/8/2021 8:00,0.5,0.03
3/8/2021 9:00,2.75,0.17
3/8/2021 10:00,4.25,0.26
3/8/2021 11:00,7.0,0.43
3/8/2021 12:00,7.75,0.47
3/8/2021 13:00,10.25,0.63
3/8/2021 14:00,9.5,0.58
3/8/2021 15:00,9.0,0.55
3/8/2021 16:00,6.5,0.4
3/8/2021 17:00,4.0,0.25
3/8/2021 18:00,1.5,0.09
3/8/2021 19:00,0.25,0.02
3/8/2021 20:00,0.0,0.0
3/8/2021 21:00,0.0,0.0
3/8/2021 22:00,0.0,0.0
3/8/2021 23:00,0.0,0.0
3/9/2021 0:00,0.0,0.0
3/9/2021 1:00,0.0,0.0
3/9/2021 2:00,0.0,0.0
3/9/2021 3:00,0.0,0.0
3/9/2021 4:00,0.0,0.0
3/9/2021 5:00,0.0,0.0
3/9/2021 6:00,0.0,0.0
3/9/2021 7:00,0.0,0.0
3/9/2021 8:00,0.5,0.03
3/9/2021 9:00,2.75,0.17
3/9/2021 10:00,5.75,0.35
3/9/2021 11:00,9.0,0.55
3/9/2021 12:00,11.75,0.72
3/9/2021 13:00,12.25,0.75
3/9/2021 14:00,11.0,0.67
3/9/2021 15:00,10.25,0.63
3/9/2021 16:00,8.5,0.52
3/9/2021 17:00,5.0,0.31
3/9/2021 18:00,1.5,0.09
3/9/2021 19:00,0.25,0.02
3/9/2021 20:00,0.0,0.0
3/9/2021 21:00,0.0,0.0
3/9/2021 22:00,0.0,0.0
3/9/2021 23:00,0.0,0.0
3/10/2021 0:00,0.0,0.0
3/10/2021 1:00,0.0,0.0
3/10/2021 2:00,0.0,0.0
3/10/2021 3:00,0.0,0.0
3/10/2021 4:00,0.0,0.0
3/10/2021 5:00,0.0,0.0
3/10/2021 6:00,0.0,0.0
3/10/2021 7:00,0.0,0.0
3/10/2021 8:00,0.5,0.03
3/10/2021 9:00,2.75,0.17
3/10/2021 10:00,5.75,0.35
3/10/2021 11:00,9.0,0.55
3/10/2021 12:00,11.25,0.69
3/10/2021 13:00,12.0,0.74
3/10/2021 14:00,11.75,0.72
3/10/2021 15:00,10.5,0.64
3/10/2021 16:00,8.5,0.52
3/10/2021 17:00,5.25,0.32
3/10/2021 18:00,1.5,0.09
3/10/2021 19:00,0.0,0.0
3/10/2021 20:00,0.0,0.0
3/10/2021 21:00,0.0,0.0
3/10/2021 22:00,0.0,0.0
3/10/2021 23:00,0.0,0.0
3/11/2021 0:00,0.0,0.0
3/11/2021 1:00,0.0,0.0
3/11/2021 2:00,0.0,0.0
3/11/2021 3:00,0.0,0.0
3/11/2021 4:00,0.0,0.0
3/11/2021 5:00,0.0,0.0
3/11/2021 6:00,0.0,0.0
3/11/2021 7:00,0.0,0.0
3/11/2021 8:00,0.75,0.05
3/11/2021 9:00,3.0,0.18
3/11/2021 10:00,5.5,0.34
3/11/2021 11:00,9.0,0.55
3/11/2021 12:00,11.0,0.67
3/11/2021 13:00,12.0,0.74
3/11/2021 14:00,11.75,0.72
3/11/2021 15:00,10.75,0.66
3/11/2021 16:00,8.25,0.51
3/11/2021 17:00,5.5,0.34
3/11/2021 18:00,1.75,0.11
3/11/2021 19:00,0.0,0.0
3/11/2021 20:00,0.0,0.0
3/11/2021 21:00,0.0,0.0
3/11/2021 22:00,0.0,0.0
3/11/2021 23:00,0.0,0.0
3/12/2021 0:00,0.0,0.0
3/12/2021 1:00,0.0,0.0
3/12/2021 2:00,0.0,0.0
3/12/2021 3:00,0.0,0.0
3/12/2021 4:00,0.0,0.0
3/12/2021 5:00,0.0,0.0
3/12/2021 6:00,0.0,0.0
3/12/2021 7:00,0.0,0.0
3/12/2021 8:00,0.5,0.03
3/12/2021 9:00,2.75,0.17
3/12/2021 10:00,4.5,0.28
3/12/2021 11:00,9.5,0.58
3/12/2021 12:00,11.75,0.72
3/12/2021 13:00,11.0,0.67
3/12/2021 14:00,11.75,0.72
3/12/2021 15:00,9.25,0.57
3/12/2021 16:00,8.75,0.54
3/12/2021 17:00,4.0,0.25
3/12/2021 18:00,1.5,0.09
3/12/2021 19:00,0.25,0.02
3/12/2021 20:00,0.0,0.0
3/12/2021 21:00,0.0,0.0
3/12/2021 22:00,0.0,0.0
3/12/2021 23:00,0.0,0.0
3/13/2021 0:00,0.0,0.0
3/13/2021 1:00,0.0,0.0
3/13/2021 2:00,0.0,0.0
3/13/2021 3:00,0.0,0.0
3/13/2021 4:00,0.0,0.0
3/13/2021 5:00,0.0,0.0
3/13/2021 6:00,0.0,0.0
3/13/2021 7:00,0.0,0.0
3/13/2021 8:00,0.5,0.03
3/13/2021 9:00,3.25,0.2
3/13/2021 10:00,6.5,0.4
3/13/2021 11:00,9.75,0.6
3/13/2021 12:00,12.25,0.75
3/13/2021 13:00,12.75,0.78
3/13/2021 14:00,12.0,0.74
3/13/2021 15:00,11.0,0.67
3/13/2021 16:00,8.5,0.52
3/13/2021 17:00,5.5,0.34
3/13/2021 18:00,1.75,0.11
3/13/2021 19:00,0.0,0.0
3/13/2021 20:00,0.0,0.0
3/13/2021 21:00,0.0,0.0
3/13/2021 22:00,0.0,0.0
3/13/2021 23:00,0.0,0.0
3/14/2021 0:00,0.0,0.0
3/14/2021 1:00,0.0,0.0
3/14/2021 2:00,0.0,0.0
3/14/2021 3:00,0.0,0.0
3/14/2021 4:00,0.0,0.0
3/14/2021 5:00,0.0,0.0
3/14/2021 6:00,0.0,0.0
3/14/2021 7:00,0.0,0.0
3/14/2021 8:00,0.75,0.05
3/14/2021 9:00,3.25,0.2
3/14/2021 10:00,6.5,0.4
3/14/2021 11:00,9.75,0.6
3/14/2021 12:00,12.0,0.74
3/14/2021 13:00,12.75,0.78
3/14/2021 14:00,10.5,0.64
3/14/2021 15:00,10.5,0.64
3/14/2021 16:00,7.5,0.46
3/14/2021 17:00,5.0,0.31
3/14/2021 18:00,1.5,0.09
3/14/2021 19:00,0.25,0.02
3/14/2021 20:00,0.0,0.0
3/14/2021 21:00,0.0,0.0
3/14/2021 22:00,0.0,0.0
3/14/2021 23:00,0.0,0.0
3/15/2021 0:00,0.0,0.0
3/15/2021 1:00,0.0,0.0
3/15/2021 2:00,0.0,0.0
3/15/2021 3:00,0.0,0.0
3/15/2021 4:00,0.0,0.0
3/15/2021 5:00,0.0,0.0
3/15/2021 6:00,0.0,0.0
3/15/2021 7:00,0.0,0.0
3/15/2021 8:00,0.75,0.05
3/15/2021 9:00,3.25,0.2
3/15/2021 10:00,6.25,0.38
3/15/2021 11:00,9.25,0.57
3/15/2021 12:00,11.25,0.69
3/15/2021 13:00,11.75,0.72
3/15/2021 14:00,11.0,0.67
3/15/2021 15:00,10.0,0.61
3/15/2021 16:00,7.5,0.46
3/15/2021 17:00,4.25,0.26
3/15/2021 18:00,1.75,0.11
3/15/2021 19:00,0.25,0.02
3/15/2021 20:00,0.0,0.0
3/15/2021 21:00,0.0,0.0
3/15/2021 22:00,0.0,0.0
3/15/2021 23:00,0.0,0.0
3/16/2021 0:00,0.0,0.0
3/16/2021 1:00,0.0,0.0
3/16/2021 2:00,0.0,0.0
3/16/2021 3:00,0.0,0.0
3/16/2021 4:00,0.0,0.0
3/16/2021 5:00,0.0,0.0
3/16/2021 6:00,0.0,0.0
3/16/2021 7:00,0.0,0.0
3/16/2021 8:00,1.25,0.08
3/16/2021 9:00,3.5,0.21
3/16/2021 10:00,5.5,0.34
3/16/2021 11:00,8.5,0.52
3/16/2021 12:00,9.25,0.57
3/16/2021 13:00,11.0,0.67
3/16/2021 14:00,11.5,0.7
3/16/2021 15:00,9.75,0.6
3/16/2021 16:00,6.0,0.37
3/16/2021 17:00,5.0,0.31
3/16/2021 18:00,2.0,0.12
3/16/2021 19:00,0.0,0.0
3/16/2021 20:00,0.0,0.0
3/16/2021 21:00,0.0,0.0
3/16/2021 22:00,0.0,0.0
3/16/2021 23:00,0.0,0.0
3/17/2021 0:00,0.0,0.0
3/17/2021 1:00,0.0,0.0
3/17/2021 2:00,0.0,0.0
3/17/2021 3:00,0.0,0.0
3/17/2021 4:00,0.0,0.0
3/17/2021 5:00,0.0,0.0
3/17/2021 6:00,0.0,0.0
3/17/2021 7:00,0.0,0.0
3/17/2021 8:00,0.75,0.05
3/17/2021 9:00,4.0,0.25
3/17/2021 10:00,7.25,0.44
3/17/2021 11:00,10.0,0.61
3/17/2021 12:00,11.75,0.72
3/17/2021 13:00,12.25,0.75
3/17/2021 14:00,11.75,0.72
3/17/2021 15:00,10.5,0.64
3/17/2021 16:00,8.5,0.52
3/17/2021 17:00,5.25,0.32
3/17/2021 18:00,1.75,0.11
3/17/2021 19:00,0.0,0.0
3/17/2021 20:00,0.0,0.0
3/17/2021 21:00,0.0,0.0
3/17/2021 22:00,0.0,0.0
3/17/2021 23:00,0.0,0.0
3/18/2021 0:00,0.0,0.0
3/18/2021 1:00,0.0,0.0
3/18/2021 2:00,0.0,0.0
3/18/2021 3:00,0.0,0.0
3/18/2021 4:00,0.0,0.0
3/18/2021 5:00,0.0,0.0
3/18/2021 6:00,0.0,0.0
3/18/2021 7:00,0.25,0.02
3/18/2021 8:00,0.75,0.05
3/18/2021 9:00,4.0,0.25
3/18/2021 10:00,7.75,0.47
3/18/2021 11:00,10.5,0.64
3/18/2021 12:00,12.0,0.74
3/18/2021 13:00,12.25,0.75
3/18/2021 14:00,12.0,0.74
3/18/2021 15:00,10.5,0.64
3/18/2021 16:00,8.5,0.52
3/18/2021 17:00,5.5,0.34
3/18/2021 18:00,1.75,0.11
3/18/2021 19:00,0.25,0.02
3/18/2021 20:00,0.0,0.0
3/18/2021 21:00,0.0,0.0
3/18/2021 22:00,0.0,0.0
3/18/2021 23:00,0.0,0.0
3/19/2021 0:00,0.0,0.0
3/19/2021 1:00,0.0,0.0
3/19/2021 2:00,0.0,0.0
3/19/2021 3:00,0.0,0.0
3/19/2021 4:00,0.0,0.0
3/19/2021 5:00,0.0,0.0
3/19/2021 6:00,0.0,0.0
3/19/2021 7:00,0.0,0.0
3/19/2021 8:00,0.75,0.05
3/19/2021 9:00,4.25,0.26
3/19/2021 10:00,8.5,0.52
3/19/2021 11:00,10.5,0.64
3/19/2021 12:00,11.75,0.72
3/19/2021 13:00,9.5,0.58
3/19/2021 14:00,8.25,0.51
3/19/2021 15:00,9.75,0.6
3/19/2021 16:00,8.25,0.51
3/19/2021 17:00,4.25,0.26
3/19/2021 18:00,1.5,0.09
3/19/2021 19:00,0.25,0.02
3/19/2021 20:00,0.0,0.0
3/19/2021 21:00,0.0,0.0
3/19/2021 22:00,0.0,0.0
3/19/2021 23:00,0.0,0.0
3/20/2021 0:00,0.0,0.0
3/20/2021 1:00,0.0,0.0
3/20/2021 2:00,0.0,0.0
3/20/2021 3:00,0.0,0.0
3/20/2021 4:00,0.0,0.0
3/20/2021 5:00,0.0,0.0
3/20/2021 6:00,0.0,0.0
3/20/2021 7:00,0.0,0.0
3/20/2021 8:00,0.75,0.05
3/20/2021 9:00,4.5,0.28
3/20/2021 10:00,8.75,0.54
3/20/2021 11:00,10.75,0.66
3/20/2021 12:00,12.75,0.78
3/20/2021 13:00,13.25,0.81
3/20/2021 14:00,12.5,0.77
3/20/2021 15:00,11.25,0.69
3/20/2021 16:00,7.5,0.46
3/20/2021 17:00,5.25,0.32
3/20/2021 18:00,2.0,0.12
3/20/2021 19:00,0.25,0.02
3/20/2021 20:00,0.0,0.0
3/20/2021 21:00,0.0,0.0
3/20/2021 22:00,0.0,0.0
3/20/2021 23:00,0.0,0.0
3/21/2021 0:00,0.0,0.0
3/21/2021 1:00,0.0,0.0
3/21/2021 2:00,0.0,0.0
3/21/2021 3:00,0.0,0.0
3/21/2021 4:00,0.0,0.0
3/21/2021 5:00,0.0,0.0
3/21/2021 6:00,0.0,0.0
3/21/2021 7:00,0.0,0.0
3/21/2021 8:00,1.0,0.06
3/21/2021 9:00,4.25,0.26
3/21/2021 10:00,8.5,0.52
3/21/2021 11:00,11.0,0.67
3/21/2021 12:00,12.0,0.74
3/21/2021 13:00,12.75,0.78
3/21/2021 14:00,12.0,0.74
3/21/2021 15:00,11.25,0.69
3/21/2021 16:00,9.0,0.55
3/21/2021 17:00,5.75,0.35
3/21/2021 18:00,2.0,0.12
3/21/2021 19:00,0.0,0.0
3/21/2021 20:00,0.0,0.0
3/21/2021 21:00,0.0,0.0
3/21/2021 22:00,0.0,0.0
3/21/2021 23:00,0.0,0.0
3/22/2021 0:00,0.0,0.0
3/22/2021 1:00,0.0,0.0
3/22/2021 2:00,0.0,0.0
3/22/2021 3:00,0.0,0.0
3/22/2021 4:00,0.0,0.0
3/22/2021 5:00,0.0,0.0
3/22/2021 6:00,0.0,0.0
3/22/2021 7:00,0.25,0.02
3/22/2021 8:00,0.75,0.05
3/22/2021 9:00,4.5,0.28
3/22/2021 10:00,8.5,0.52
3/22/2021 11:00,10.75,0.66
3/22/2021 12:00,11.75,0.72
3/22/2021 13:00,12.5,0.77
3/22/2021 14:00,12.25,0.75
3/22/2021 15:00,11.25,0.69
3/22/2021 16:00,8.75,0.54
3/22/2021 17:00,5.75,0.35
3/22/2021 18:00,2.0,0.12
3/22/2021 19:00,0.25,0.02
3/22/2021 20:00,0.0,0.0
3/22/2021 21:00,0.0,0.0
3/22/2021 22:00,0.0,0.0
3/22/2021 23:00,0.0,0.0
3/23/2021 0:00,0.0,0.0
3/23/2021 1:00,0.0,0.0
3/23/2021 2:00,0.0,0.0
3/23/2021 3:00,0.0,0.0
3/23/2021 4:00,0.0,0.0
3/23/2021 5:00,0.0,0.0
3/23/2021 6:00,0.0,0.0
3/23/2021 7:00,0.0,0.0
3/23/2021 8:00,1.0,0.06
3/23/2021 9:00,4.5,0.28
3/23/2021 10:00,8.25,0.51
3/23/2021 11:00,10.5,0.64
3/23/2021 12:00,12.0,0.74
3/23/2021 13:00,12.5,0.77
3/23/2021 14:00,12.5,0.77
3/23/2021 15:00,11.25,0.69
3/23/2021 16:00,9.0,0.55
3/23/2021 17:00,5.75,0.35
3/23/2021 18:00,2.0,0.12
3/23/2021 19:00,0.25,0.02
3/23/2021 20:00,0.0,0.0
3/23/2021 21:00,0.0,0.0
3/23/2021 22:00,0.0,0.0
3/23/2021 23:00,0.0,0.0
3/24/2021 0:00,0.0,0.0
3/24/2021 1:00,0.0,0.0
3/24/2021 2:00,0.0,0.0
3/24/2021 3:00,0.0,0.0
3/24/2021 4:00,0.0,0.0
3/24/2021 5:00,0.0,0.0
3/24/2021 6:00,0.0,0.0
3/24/2021 7:00,0.0,0.0
3/24/2021 8:00,1.0,0.06
3/24/2021 9:00,4.5,0.28
3/24/2021 10:00,8.25,0.51
3/24/2021 11:00,10.5,0.64
3/24/2021 12:00,12.0,0.74
3/24/2021 13:00,12.25,0.75
3/24/2021 14:00,12.25,0.75
3/24/2021 15:00,11.0,0.67
3/24/2021 16:00,8.75,0.54
3/24/2021 17:00,5.75,0.35
3/24/2021 18:00,2.0,0.12
3/24/2021 19:00,0.25,0.02
3/24/2021 20:00,0.0,0.0
3/24/2021 21:00,0.0,0.0
3/24/2021 22:00,0.0,0.0
3/24/2021 23:00,0.0,0.0
3/25/2021 0:00,0.0,0.0
3/25/2021 1:00,0.0,0.0
3/25/2021 2:00,0.0,0.0
3/25/2021 3:00,0.0,0.0
3/25/2021 4:00,0.0,0.0
3/25/2021 5:00,0.0,0.0
3/25/2021 6:00,0.0,0.0
3/25/2021 7:00,0.0,0.0
3/25/2021 8:00,1.25,0.08
3/25/2021 9:00,4.75,0.29
3/25/2021 10:00,8.5,0.52
3/25/2021 11:00,10.75,0.66
3/25/2021 12:00,12.0,0.74
3/25/2021 13:00,12.25,0.75
3/25/2021 14:00,11.75,0.72
3/25/2021 15:00,10.5,0.64
3/25/2021 16:00,8.5,0.52
3/25/2021 17:00,4.75,0.29
3/25/2021 18:00,2.0,0.12
3/25/2021 19:00,0.25,0.02
3/25/2021 20:00,0.0,0.0
3/25/2021 21:00,0.0,0.0
3/25/2021 22:00,0.0,0.0
3/25/2021 23:00,0.0,0.0
3/26/2021 0:00,0.0,0.0
3/26/2021 1:00,0.0,0.0
3/26/2021 2:00,0.0,0.0
3/26/2021 3:00,0.0,0.0
3/26/2021 4:00,0.0,0.0
3/26/2021 5:00,0.0,0.0
3/26/2021 6:00,0.0,0.0
3/26/2021 7:00,0.25,0.02
3/26/2021 8:00,1.5,0.09
3/26/2021 9:00,3.25,0.2
3/26/2021 10:00,6.75,0.41
3/26/2021 11:00,8.75,0.54
3/26/2021 12:00,9.75,0.6
3/26/2021 13:00,10.5,0.64
3/26/2021 14:00,10.75,0.66
3/26/2021 15:00,9.75,0.6
3/26/2021 16:00,7.75,0.47
3/26/2021 17:00,4.0,0.25
3/26/2021 18:00,1.25,0.08
3/26/2021 19:00,0.25,0.02
3/26/2021 20:00,0.0,0.0
3/26/2021 21:00,0.0,0.0
3/26/2021 22:00,0.0,0.0
3/26/2021 23:00,0.0,0.0
3/27/2021 0:00,0.0,0.0
3/27/2021 1:00,0.0,0.0
3/27/2021 2:00,0.0,0.0
3/27/2021 3:00,0.0,0.0
3/27/2021 4:00,0.0,0.0
3/27/2021 5:00,0.0,0.0
3/27/2021 6:00,0.0,0.0
3/27/2021 7:00,0.0,0.0
3/27/2021 8:00,1.5,0.09
3/27/2021 9:00,3.5,0.21
3/27/2021 10:00,6.5,0.4
3/27/2021 11:00,8.75,0.54
3/27/2021 12:00,9.5,0.58
3/27/2021 13:00,7.25,0.44
3/27/2021 14:00,8.0,0.49
3/27/2021 15:00,8.5,0.52
3/27/2021 16:00,6.75,0.41
3/27/2021 17:00,4.25,0.26
3/27/2021 18:00,1.75,0.11
3/27/2021 19:00,0.25,0.02
3/27/2021 20:00,0.0,0.0
3/27/2021 21:00,0.0,0.0
3/27/2021 22:00,0.0,0.0
3/27/2021 23:00,0.0,0.0
3/28/2021 0:00,0.0,0.0
3/28/2021 2:00,0.0,0.0
3/28/2021 3:00,0.0,0.0
3/28/2021 4:00,0.0,0.0
3/28/2021 5:00,0.0,0.0
3/28/2021 6:00,0.0,0.0
3/28/2021 7:00,0.0,0.0
3/28/2021 8:00,0.0,0.0
3/28/2021 9:00,0.0,0.0
3/28/2021 10:00,1.25,0.08
3/28/2021 11:00,4.5,0.28
3/28/2021 12:00,8.0,0.49
3/28/2021 13:00,9.5,0.58
3/28/2021 14:00,11.25,0.69
3/28/2021 15:00,11.75,0.72
3/28/2021 16:00,11.5,0.7
3/28/2021 17:00,10.25,0.63
3/28/2021 18:00,5.75,0.35
3/28/2021 19:00,2.75,0.17
3/28/2021 20:00,1.25,0.08
3/28/2021 21:00,0.25,0.02
3/28/2021 22:00,0.0,0.0
3/28/2021 23:00,0.0,0.0
3/29/2021 0:00,0.0,0.0
3/29/2021 1:00,0.0,0.0
3/29/2021 2:00,0.0,0.0
3/29/2021 3:00,0.0,0.0
3/29/2021 4:00,0.0,0.0
3/29/2021 5:00,0.0,0.0
3/29/2021 6:00,0.0,0.0
3/29/2021 7:00,0.0,0.0
3/29/2021 8:00,0.0,0.0
3/29/2021 9:00,1.0,0.06
3/29/2021 10:00,3.5,0.21
3/29/2021 11:00,7.25,0.44
3/29/2021 12:00,5.5,0.34
3/29/2021 13:00,4.0,0.25
3/29/2021 14:00,6.0,0.37
3/29/2021 15:00,3.0,0.18
3/29/2021 16:00,1.25,0.08
3/29/2021 17:00,3.25,0.2
3/29/2021 18:00,2.25,0.14
3/29/2021 19:00,1.75,0.11
3/29/2021 20:00,0.25,0.02
3/29/2021 21:00,0.0,0.0
3/29/2021 22:00,0.0,0.0
3/29/2021 23:00,0.0,0.0
3/30/2021 0:00,0.0,0.0
3/30/2021 1:00,0.0,0.0
3/30/2021 2:00,0.0,0.0
3/30/2021 3:00,0.0,0.0
3/30/2021 4:00,0.0,0.0
3/30/2021 5:00,0.0,0.0
3/30/2021 6:00,0.0,0.0
3/30/2021 7:00,0.0,0.0
3/30/2021 8:00,0.0,0.0
3/30/2021 9:00,0.0,0.0
3/30/2021 10:00,1.0,0.06
3/30/2021 11:00,2.25,0.14
3/30/2021 12:00,4.5,0.28
3/30/2021 13:00,4.0,0.25
3/30/2021 14:00,4.75,0.29
3/30/2021 15:00,4.25,0.26
3/30/2021 16:00,4.75,0.29
3/30/2021 17:00,5.75,0.35
3/30/2021 18:00,4.5,0.28
3/30/2021 19:00,1.75,0.11
3/30/2021 20:00,0.25,0.02
3/30/2021 21:00,0.0,0.0
3/30/2021 22:00,0.0,0.0
3/30/2021 23:00,0.0,0.0
3/31/2021 0:00,0.0,0.0
3/31/2021 1:00,0.0,0.0
3/31/2021 2:00,0.0,0.0
3/31/2021 3:00,0.0,0.0
3/31/2021 4:00,0.0,0.0
3/31/2021 5:00,0.0,0.0
3/31/2021 6:00,0.0,0.0
3/31/2021 7:00,0.0,0.0
3/31/2021 8:00,0.25,0.02
3/31/2021 9:00,1.25,0.08
3/31/2021 10:00,3.75,0.23
3/31/2021 11:00,6.5,0.4
3/31/2021 12:00,8.5,0.52
3/31/2021 13:00,9.75,0.6
3/31/2021 14:00,10.25,0.63
3/31/2021 15:00,8.25,0.51
3/31/2021 16:00,6.0,0.37
3/31/2021 17:00,4.25,0.26
3/31/2021 18:00,3.0,0.18
3/31/2021 19:00,1.25,0.08
3/31/2021 20:00,0.25,0.02
3/31/2021 21:00,0.0,0.0
3/31/2021 22:00,0.0,0.0
3/31/2021 23:00,0.0,0.0
4/1/2021 0:00,0.0,0.0
4/1/2021 1:00,0.0,0.0
4/1/2021 2:00,0.0,0.0
4/1/2021 3:00,0.0,0.0
4/1/2021 4:00,0.0,0.0
4/1/2021 5:00,0.0,0.0
4/1/2021 6:00,0.0,0.0
4/1/2021 7:00,0.0,0.0
4/1/2021 8:00,0.25,0.02
4/1/2021 9:00,1.5,0.09
4/1/2021 10:00,4.75,0.29
4/1/2021 11:00,6.5,0.4
4/1/2021 12:00,4.5,0.28
4/1/2021 13:00,8.5,0.52
4/1/2021 14:00,7.25,0.44
4/1/2021 15:00,8.75,0.54
4/1/2021 16:00,9.5,0.58
4/1/2021 17:00,5.0,0.31
4/1/2021 18:00,2.5,0.15
4/1/2021 19:00,1.75,0.11
4/1/2021 20:00,0.25,0.02
4/1/2021 21:00,0.0,0.0
4/1/2021 22:00,0.0,0.0
4/1/2021 23:00,0.0,0.0
4/2/2021 0:00,0.0,0.0
4/2/2021 1:00,0.0,0.0
4/2/2021 2:00,0.0,0.0
4/2/2021 3:00,0.0,0.0
4/2/2021 4:00,0.0,0.0
4/2/2021 5:00,0.0,0.0
4/2/2021 6:00,0.0,0.0
4/2/2021 7:00,0.0,0.0
4/2/2021 8:00,0.25,0.02
4/2/2021 9:00,1.5,0.09
4/2/2021 10:00,4.5,0.28
4/2/2021 11:00,7.5,0.46
4/2/2021 12:00,10.0,0.61
4/2/2021 13:00,7.5,0.46
4/2/2021 14:00,8.75,0.54
4/2/2021 15:00,10.75,0.66
4/2/2021 16:00,10.0,0.61
4/2/2021 17:00,5.75,0.35
4/2/2021 18:00,3.75,0.23
4/2/2021 19:00,1.75,0.11
4/2/2021 20:00,0.5,0.03
4/2/2021 21:00,0.0,0.0
4/2/2021 22:00,0.0,0.0
4/2/2021 23:00,0.0,0.0
4/3/2021 0:00,0.0,0.0
4/3/2021 1:00,0.0,0.0
4/3/2021 2:00,0.0,0.0
4/3/2021 3:00,0.0,0.0
4/3/2021 4:00,0.0,0.0
4/3/2021 5:00,0.0,0.0
4/3/2021 6:00,0.0,0.0
4/3/2021 7:00,0.0,0.0
4/3/2021 8:00,0.25,0.02
4/3/2021 9:00,1.5,0.09
4/3/2021 10:00,4.25,0.26
4/3/2021 11:00,7.75,0.47
4/3/2021 12:00,7.5,0.46
4/3/2021 13:00,9.25,0.57
4/3/2021 14:00,9.0,0.55
4/3/2021 15:00,11.25,0.69
4/3/2021 16:00,10.0,0.61
4/3/2021 17:00,7.75,0.47
4/3/2021 18:00,4.75,0.29
4/3/2021 19:00,1.75,0.11
4/3/2021 20:00,0.25,0.02
4/3/2021 21:00,0.0,0.0
4/3/2021 22:00,0.0,0.0
4/3/2021 23:00,0.0,0.0
4/4/2021 0:00,0.0,0.0
4/4/2021 1:00,0.0,0.0
4/4/2021 2:00,0.0,0.0
4/4/2021 3:00,0.0,0.0
4/4/2021 4:00,0.0,0.0
4/4/2021 5:00,0.0,0.0
4/4/2021 6:00,0.0,0.0
4/4/2021 7:00,0.0,0.0
4/4/2021 8:00,0.25,0.02
4/4/2021 9:00,1.5,0.09
4/4/2021 10:00,4.25,0.26
4/4/2021 11:00,7.25,0.44
4/4/2021 12:00,9.25,0.57
4/4/2021 13:00,10.5,0.64
4/4/2021 14:00,11.25,0.69
4/4/2021 15:00,10.75,0.66
4/4/2021 16:00,9.5,0.58
4/4/2021 17:00,6.5,0.4
4/4/2021 18:00,3.75,0.23
4/4/2021 19:00,1.5,0.09
4/4/2021 20:00,0.5,0.03
4/4/2021 21:00,0.0,0.0
4/4/2021 22:00,0.0,0.0
4/4/2021 23:00,0.0,0.0
4/5/2021 0:00,0.0,0.0
4/5/2021 1:00,0.0,0.0
4/5/2021 2:00,0.0,0.0
4/5/2021 3:00,0.0,0.0
4/5/2021 4:00,0.0,0.0
4/5/2021 5:00,0.0,0.0
4/5/2021 6:00,0.0,0.0
4/5/2021 7:00,0.0,0.0
4/5/2021 8:00,0.0,0.0
4/5/2021 9:00,0.75,0.05
4/5/2021 10:00,3.25,0.2
4/5/2021 11:00,5.5,0.34
4/5/2021 12:00,9.0,0.55
4/5/2021 13:00,7.0,0.43
4/5/2021 14:00,11.0,0.67
4/5/2021 15:00,10.75,0.66
4/5/2021 16:00,9.5,0.58
4/5/2021 17:00,7.5,0.46
4/5/2021 18:00,4.75,0.29
4/5/2021 19:00,2.0,0.12
4/5/2021 20:00,0.25,0.02
4/5/2021 21:00,0.0,0.0
4/5/2021 22:00,0.0,0.0
4/5/2021 23:00,0.0,0.0
4/6/2021 0:00,0.0,0.0
4/6/2021 1:00,0.0,0.0
4/6/2021 2:00,0.0,0.0
4/6/2021 3:00,0.0,0.0
4/6/2021 4:00,0.0,0.0
4/6/2021 5:00,0.0,0.0
4/6/2021 6:00,0.0,0.0
4/6/2021 7:00,0.0,0.0
4/6/2021 8:00,0.25,0.02
4/6/2021 9:00,1.5,0.09
4/6/2021 10:00,3.75,0.23
4/6/2021 11:00,7.5,0.46
4/6/2021 12:00,9.5,0.58
4/6/2021 13:00,9.5,0.58
4/6/2021 14:00,10.25,0.63
4/6/2021 15:00,10.0,0.61
4/6/2021 16:00,7.0,0.43
4/6/2021 17:00,5.75,0.35
4/6/2021 18:00,3.0,0.18
4/6/2021 19:00,2.5,0.15
4/6/2021 20:00,0.25,0.02
4/6/2021 21:00,0.0,0.0
4/6/2021 22:00,0.0,0.0
4/6/2021 23:00,0.0,0.0
4/7/2021 0:00,0.0,0.0
4/7/2021 1:00,0.0,0.0
4/7/2021 2:00,0.0,0.0
4/7/2021 3:00,0.0,0.0
4/7/2021 4:00,0.0,0.0
4/7/2021 5:00,0.0,0.0
4/7/2021 6:00,0.0,0.0
4/7/2021 7:00,0.0,0.0
4/7/2021 8:00,0.25,0.02
4/7/2021 9:00,1.5,0.09
4/7/2021 10:00,4.75,0.29
4/7/2021 11:00,7.75,0.47
4/7/2021 12:00,8.75,0.54
4/7/2021 13:00,10.5,0.64
4/7/2021 14:00,10.75,0.66
4/7/2021 15:00,11.0,0.67
4/7/2021 16:00,9.75,0.6
4/7/2021 17:00,8.0,0.49
4/7/2021 18:00,5.0,0.31
4/7/2021 19:00,1.75,0.11
4/7/2021 20:00,0.5,0.03
4/7/2021 21:00,0.0,0.0
4/7/2021 22:00,0.0,0.0
4/7/2021 23:00,0.0,0.0
4/8/2021 0:00,0.0,0.0
4/8/2021 1:00,0.0,0.0
4/8/2021 2:00,0.0,0.0
4/8/2021 3:00,0.0,0.0
4/8/2021 4:00,0.0,0.0
4/8/2021 5:00,0.0,0.0
4/8/2021 6:00,0.0,0.0
4/8/2021 7:00,0.0,0.0
4/8/2021 8:00,0.0,0.0
4/8/2021 9:00,0.5,0.03
4/8/2021 10:00,1.0,0.06
4/8/2021 11:00,1.0,0.06
4/8/2021 12:00,1.0,0.06
4/8/2021 13:00,2.0,0.12
4/8/2021 14:00,3.75,0.23
4/8/2021 15:00,6.25,0.38
4/8/2021 16:00,2.5,0.15
4/8/2021 17:00,2.0,0.12
4/8/2021 18:00,1.5,0.09
4/8/2021 19:00,1.5,0.09
4/8/2021 20:00,0.5,0.03
4/8/2021 21:00,0.0,0.0
4/8/2021 22:00,0.0,0.0
4/8/2021 23:00,0.0,0.0
4/9/2021 0:00,0.0,0.0
4/9/2021 1:00,0.0,0.0
4/9/2021 2:00,0.0,0.0
4/9/2021 3:00,0.0,0.0
4/9/2021 4:00,0.0,0.0
4/9/2021 5:00,0.0,0.0
4/9/2021 6:00,0.0,0.0
4/9/2021 7:00,0.0,0.0
4/9/2021 8:00,0.25,0.02
4/9/2021 9:00,0.5,0.03
4/9/2021 10:00,1.5,0.09
4/9/2021 11:00,2.75,0.17
4/9/2021 12:00,3.5,0.21
4/9/2021 13:00,6.75,0.41
4/9/2021 14:00,5.25,0.32
4/9/2021 15:00,3.75,0.23
4/9/2021 16:00,7.0,0.43
4/9/2021 17:00,7.25,0.44
4/9/2021 18:00,5.25,0.32
4/9/2021 19:00,2.0,0.12
4/9/2021 20:00,0.5,0.03
4/9/2021 21:00,0.0,0.0
4/9/2021 22:00,0.0,0.0
4/9/2021 23:00,0.0,0.0
4/10/2021 0:00,0.0,0.0
4/10/2021 1:00,0.0,0.0
4/10/2021 2:00,0.0,0.0
4/10/2021 3:00,0.0,0.0
4/10/2021 4:00,0.0,0.0
4/10/2021 5:00,0.0,0.0
4/10/2021 6:00,0.0,0.0
4/10/2021 7:00,0.0,0.0
4/10/2021 8:00,0.25,0.02
4/10/2021 9:00,1.75,0.11
4/10/2021 10:00,4.0,0.25
4/10/2021 11:00,5.5,0.34
4/10/2021 12:00,8.5,0.52
4/10/2021 13:00,11.25,0.69
4/10/2021 14:00,12.0,0.74
4/10/2021 15:00,9.25,0.57
4/10/2021 16:00,10.0,0.61
4/10/2021 17:00,8.0,0.49
4/10/2021 18:00,4.25,0.26
4/10/2021 19:00,1.25,0.08
4/10/2021 20:00,0.5,0.03
4/10/2021 21:00,0.0,0.0
4/10/2021 22:00,0.0,0.0
4/10/2021 23:00,0.0,0.0
4/11/2021 0:00,0.0,0.0
4/11/2021 1:00,0.0,0.0
4/11/2021 2:00,0.0,0.0
4/11/2021 3:00,0.0,0.0
4/11/2021 4:00,0.0,0.0
4/11/2021 5:00,0.0,0.0
4/11/2021 6:00,0.0,0.0
4/11/2021 7:00,0.0,0.0
4/11/2021 8:00,0.25,0.02
4/11/2021 9:00,1.75,0.11
4/11/2021 10:00,6.25,0.38
4/11/2021 11:00,5.0,0.31
4/11/2021 12:00,6.0,0.37
4/11/2021 13:00,8.0,0.49
4/11/2021 14:00,8.5,0.52
4/11/2021 15:00,12.0,0.74
4/11/2021 16:00,8.0,0.49
4/11/2021 17:00,8.25,0.51
4/11/2021 18:00,5.25,0.32
4/11/2021 19:00,1.75,0.11
4/11/2021 20:00,0.5,0.03
4/11/2021 21:00,0.0,0.0
4/11/2021 22:00,0.0,0.0
4/11/2021 23:00,0.0,0.0
4/12/2021 0:00,0.0,0.0
4/12/2021 1:00,0.0,0.0
4/12/2021 2:00,0.0,0.0
4/12/2021 3:00,0.0,0.0
4/12/2021 4:00,0.0,0.0
4/12/2021 5:00,0.0,0.0
4/12/2021 6:00,0.0,0.0
4/12/2021 7:00,0.0,0.0
4/12/2021 8:00,0.5,0.03
4/12/2021 9:00,2.25,0.14
4/12/2021 10:00,3.75,0.23
4/12/2021 11:00,6.0,0.37
4/12/2021 12:00,8.75,0.54
4/12/2021 13:00,5.75,0.35
4/12/2021 14:00,9.25,0.57
4/12/2021 15:00,11.75,0.72
4/12/2021 16:00,10.5,0.64
4/12/2021 17:00,8.5,0.52
4/12/2021 18:00,5.5,0.34
4/12/2021 19:00,2.25,0.14
4/12/2021 20:00,0.25,0.02
4/12/2021 21:00,0.0,0.0
4/12/2021 22:00,0.0,0.0
4/12/2021 23:00,0.0,0.0
4/13/2021 0:00,0.0,0.0
4/13/2021 1:00,0.0,0.0
4/13/2021 2:00,0.0,0.0
4/13/2021 3:00,0.0,0.0
4/13/2021 4:00,0.0,0.0
4/13/2021 5:00,0.0,0.0
4/13/2021 6:00,0.0,0.0
4/13/2021 7:00,0.0,0.0
4/13/2021 8:00,0.5,0.03
4/13/2021 9:00,2.25,0.14
4/13/2021 10:00,5.5,0.34
4/13/2021 11:00,8.5,0.52
4/13/2021 12:00,10.75,0.66
4/13/2021 13:00,11.5,0.7
4/13/2021 14:00,11.75,0.72
4/13/2021 15:00,11.0,0.67
4/13/2021 16:00,10.0,0.61
4/13/2021 17:00,7.75,0.47
4/13/2021 18:00,4.25,0.26
4/13/2021 19:00,1.75,0.11
4/13/2021 20:00,0.5,0.03
4/13/2021 21:00,0.0,0.0
4/13/2021 22:00,0.0,0.0
4/13/2021 23:00,0.0,0.0
4/14/2021 0:00,0.0,0.0
4/14/2021 1:00,0.0,0.0
4/14/2021 2:00,0.0,0.0
4/14/2021 3:00,0.0,0.0
4/14/2021 4:00,0.0,0.0
4/14/2021 5:00,0.0,0.0
4/14/2021 6:00,0.0,0.0
4/14/2021 7:00,0.0,0.0
4/14/2021 8:00,0.25,0.02
4/14/2021 9:00,1.5,0.09
4/14/2021 10:00,2.75,0.17
4/14/2021 11:00,2.5,0.15
4/14/2021 12:00,5.25,0.32
4/14/2021 13:00,9.5,0.58
4/14/2021 14:00,6.0,0.37
4/14/2021 15:00,4.25,0.26
4/14/2021 16:00,2.0,0.12
4/14/2021 17:00,1.25,0.08
4/14/2021 18:00,1.75,0.11
4/14/2021 19:00,1.0,0.06
4/14/2021 20:00,0.0,0.0
4/14/2021 21:00,0.0,0.0
4/14/2021 22:00,0.0,0.0
4/14/2021 23:00,0.0,0.0
4/15/2021 0:00,0.0,0.0
4/15/2021 1:00,0.0,0.0
4/15/2021 2:00,0.0,0.0
4/15/2021 3:00,0.0,0.0
4/15/2021 4:00,0.0,0.0
4/15/2021 5:00,0.0,0.0
4/15/2021 6:00,0.0,0.0
4/15/2021 7:00,0.0,0.0
4/15/2021 8:00,0.0,0.0
4/15/2021 9:00,0.75,0.05
4/15/2021 10:00,2.0,0.12
4/15/2021 11:00,4.25,0.26
4/15/2021 12:00,6.5,0.4
4/15/2021 13:00,10.75,0.66
4/15/2021 14:00,12.25,0.75
4/15/2021 15:00,12.0,0.74
4/15/2021 16:00,10.5,0.64
4/15/2021 17:00,8.75,0.54
4/15/2021 18:00,5.5,0.34
4/15/2021 19:00,2.0,0.12
4/15/2021 20:00,0.5,0.03
4/15/2021 21:00,0.0,0.0
4/15/2021 22:00,0.0,0.0
4/15/2021 23:00,0.0,0.0
4/16/2021 0:00,0.0,0.0
4/16/2021 1:00,0.0,0.0
4/16/2021 2:00,0.0,0.0
4/16/2021 3:00,0.0,0.0
4/16/2021 4:00,0.0,0.0
4/16/2021 5:00,0.0,0.0
4/16/2021 6:00,0.0,0.0
4/16/2021 7:00,0.0,0.0
4/16/2021 8:00,0.5,0.03
4/16/2021 9:00,1.5,0.09
4/16/2021 10:00,3.0,0.18
4/16/2021 11:00,5.0,0.31
4/16/2021 12:00,6.75,0.41
4/16/2021 13:00,10.25,0.63
4/16/2021 14:00,10.0,0.61
4/16/2021 15:00,11.5,0.7
4/16/2021 16:00,9.5,0.58
4/16/2021 17:00,4.0,0.25
4/16/2021 18:00,2.75,0.17
4/16/2021 19:00,1.5,0.09
4/16/2021 20:00,0.5,0.03
4/16/2021 21:00,0.0,0.0
4/16/2021 22:00,0.0,0.0
4/16/2021 23:00,0.0,0.0
4/17/2021 0:00,0.0,0.0
4/17/2021 1:00,0.0,0.0
4/17/2021 2:00,0.0,0.0
4/17/2021 3:00,0.0,0.0
4/17/2021 4:00,0.0,0.0
4/17/2021 5:00,0.0,0.0
4/17/2021 6:00,0.0,0.0
4/17/2021 7:00,0.0,0.0
4/17/2021 8:00,0.25,0.02
4/17/2021 9:00,2.5,0.15
4/17/2021 10:00,6.0,0.37
4/17/2021 11:00,7.5,0.46
4/17/2021 12:00,10.25,0.63
4/17/2021 13:00,12.25,0.75
4/17/2021 14:00,12.75,0.78
4/17/2021 15:00,12.5,0.77
4/17/2021 16:00,11.0,0.67
4/17/2021 17:00,8.75,0.54
4/17/2021 18:00,5.75,0.35
4/17/2021 19:00,2.5,0.15
4/17/2021 20:00,0.25,0.02
4/17/2021 21:00,0.0,0.0
4/17/2021 22:00,0.0,0.0
4/17/2021 23:00,0.0,0.0
4/18/2021 0:00,0.0,0.0
4/18/2021 1:00,0.0,0.0
4/18/2021 2:00,0.0,0.0
4/18/2021 3:00,0.0,0.0
4/18/2021 4:00,0.0,0.0
4/18/2021 5:00,0.0,0.0
4/18/2021 6:00,0.0,0.0
4/18/2021 7:00,0.0,0.0
4/18/2021 8:00,0.75,0.05
4/18/2021 9:00,2.5,0.15
4/18/2021 10:00,6.0,0.37
4/18/2021 11:00,9.0,0.55
4/18/2021 12:00,11.25,0.69
4/18/2021 13:00,12.0,0.74
4/18/2021 14:00,12.5,0.77
4/18/2021 15:00,12.0,0.74
4/18/2021 16:00,11.25,0.69
4/18/2021 17:00,8.75,0.54
4/18/2021 18:00,5.75,0.35
4/18/2021 19:00,2.25,0.14
4/18/2021 20:00,0.5,0.03
4/18/2021 21:00,0.0,0.0
4/18/2021 22:00,0.0,0.0
4/18/2021 23:00,0.0,0.0
4/19/2021 0:00,0.0,0.0
4/19/2021 1:00,0.0,0.0
4/19/2021 2:00,0.0,0.0
4/19/2021 3:00,0.0,0.0
4/19/2021 4:00,0.0,0.0
4/19/2021 5:00,0.0,0.0
4/19/2021 6:00,0.0,0.0
4/19/2021 7:00,0.0,0.0
4/19/2021 8:00,0.5,0.03
4/19/2021 9:00,3.0,0.18
4/19/2021 10:00,6.0,0.37
4/19/2021 11:00,8.75,0.54
4/19/2021 12:00,11.25,0.69
4/19/2021 13:00,12.5,0.77
4/19/2021 14:00,13.0,0.8
4/19/2021 15:00,12.75,0.78
4/19/2021 16:00,11.25,0.69
4/19/2021 17:00,9.0,0.55
4/19/2021 18:00,5.75,0.35
4/19/2021 19:00,2.5,0.15
4/19/2021 20:00,0.5,0.03
4/19/2021 21:00,0.0,0.0
4/19/2021 22:00,0.0,0.0
4/19/2021 23:00,0.0,0.0
4/20/2021 0:00,0.0,0.0
4/20/2021 1:00,0.0,0.0
4/20/2021 2:00,0.0,0.0
4/20/2021 3:00,0.0,0.0
4/20/2021 4:00,0.0,0.0
4/20/2021 5:00,0.0,0.0
4/20/2021 6:00,0.0,0.0
4/20/2021 7:00,0.0,0.0
4/20/2021 8:00,0.5,0.03
4/20/2021 9:00,3.0,0.18
4/20/2021 10:00,4.25,0.26
4/20/2021 11:00,5.75,0.35
4/20/2021 12:00,8.0,0.49
4/20/2021 13:00,7.5,0.46
4/20/2021 14:00,9.75,0.6
4/20/2021 15:00,11.0,0.67
4/20/2021 16:00,9.5,0.58
4/20/2021 17:00,6.25,0.38
4/20/2021 18:00,5.0,0.31
4/20/2021 19:00,2.5,0.15
4/20/2021 20:00,0.5,0.03
4/20/2021 21:00,0.0,0.0
4/20/2021 22:00,0.0,0.0
4/20/2021 23:00,0.0,0.0
4/21/2021 0:00,0.0,0.0
4/21/2021 1:00,0.0,0.0
4/21/2021 2:00,0.0,0.0
4/21/2021 3:00,0.0,0.0
4/21/2021 4:00,0.0,0.0
4/21/2021 5:00,0.0,0.0
4/21/2021 6:00,0.0,0.0
4/21/2021 7:00,0.0,0.0
4/21/2021 8:00,0.25,0.02
4/21/2021 9:00,2.25,0.14
4/21/2021 10:00,3.75,0.23
4/21/2021 11:00,7.0,0.43
4/21/2021 12:00,7.5,0.46
4/21/2021 13:00,11.25,0.69
4/21/2021 14:00,6.0,0.37
4/21/2021 15:00,6.5,0.4
4/21/2021 16:00,5.75,0.35
4/21/2021 17:00,6.0,0.37
4/21/2021 18:00,3.0,0.18
4/21/2021 19:00,0.75,0.05
4/21/2021 20:00,0.5,0.03
4/21/2021 21:00,0.0,0.0
4/21/2021 22:00,0.0,0.0
4/21/2021 23:00,0.0,0.0
4/22/2021 0:00,0.0,0.0
4/22/2021 1:00,0.0,0.0
4/22/2021 2:00,0.0,0.0
4/22/2021 3:00,0.0,0.0
4/22/2021 4:00,0.0,0.0
4/22/2021 5:00,0.0,0.0
4/22/2021 6:00,0.0,0.0
4/22/2021 7:00,0.0,0.0
4/22/2021 8:00,0.25,0.02
4/22/2021 9:00,2.25,0.14
4/22/2021 10:00,4.25,0.26
4/22/2021 11:00,7.25,0.44
4/22/2021 12:00,11.25,0.69
4/22/2021 13:00,12.0,0.74
4/22/2021 14:00,12.0,0.74
4/22/2021 15:00,12.75,0.78
4/22/2021 16:00,11.75,0.72
4/22/2021 17:00,8.75,0.54
4/22/2021 18:00,4.25,0.26
4/22/2021 19:00,2.75,0.17
4/22/2021 20:00,0.5,0.03
4/22/2021 21:00,0.0,0.0
4/22/2021 22:00,0.0,0.0
4/22/2021 23:00,0.0,0.0
4/23/2021 0:00,0.0,0.0
4/23/2021 1:00,0.0,0.0
4/23/2021 2:00,0.0,0.0
4/23/2021 3:00,0.0,0.0
4/23/2021 4:00,0.0,0.0
4/23/2021 5:00,0.0,0.0
4/23/2021 6:00,0.0,0.0
4/23/2021 7:00,0.0,0.0
4/23/2021 8:00,0.5,0.03
4/23/2021 9:00,1.5,0.09
4/23/2021 10:00,2.25,0.14
4/23/2021 11:00,3.25,0.2
4/23/2021 12:00,5.5,0.34
4/23/2021 13:00,8.5,0.52
4/23/2021 14:00,8.75,0.54
4/23/2021 15:00,11.75,0.72
4/23/2021 16:00,10.5,0.64
4/23/2021 17:00,9.25,0.57
4/23/2021 18:00,5.5,0.34
4/23/2021 19:00,2.75,0.17
4/23/2021 20:00,0.5,0.03
4/23/2021 21:00,0.0,0.0
4/23/2021 22:00,0.0,0.0
4/23/2021 23:00,0.0,0.0
4/24/2021 0:00,0.0,0.0
4/24/2021 1:00,0.0,0.0
4/24/2021 2:00,0.0,0.0
4/24/2021 3:00,0.0,0.0
4/24/2021 4:00,0.0,0.0
4/24/2021 5:00,0.0,0.0
4/24/2021 6:00,0.0,0.0
4/24/2021 7:00,0.0,0.0
4/24/2021 8:00,0.25,0.02
4/24/2021 9:00,0.75,0.05
4/24/2021 10:00,2.25,0.14
4/24/2021 11:00,3.75,0.23
4/24/2021 12:00,11.75,0.72
4/24/2021 13:00,5.75,0.35
4/24/2021 14:00,11.0,0.67
4/24/2021 15:00,9.25,0.57
4/24/2021 16:00,9.25,0.57
4/24/2021 17:00,9.75,0.6
4/24/2021 18:00,5.5,0.34
4/24/2021 19:00,3.5,0.21
4/24/2021 20:00,1.0,0.06
4/24/2021 21:00,0.0,0.0
4/24/2021 22:00,0.0,0.0
4/24/2021 23:00,0.0,0.0
4/25/2021 0:00,0.0,0.0
4/25/2021 1:00,0.0,0.0
4/25/2021 2:00,0.0,0.0
4/25/2021 3:00,0.0,0.0
4/25/2021 4:00,0.0,0.0
4/25/2021 5:00,0.0,0.0
4/25/2021 6:00,0.0,0.0
4/25/2021 7:00,0.0,0.0
4/25/2021 8:00,0.5,0.03
4/25/2021 9:00,3.25,0.2
4/25/2021 10:00,4.75,0.29
4/25/2021 11:00,7.75,0.47
4/25/2021 12:00,6.0,0.37
4/25/2021 13:00,5.5,0.34
4/25/2021 14:00,6.5,0.4
4/25/2021 15:00,11.5,0.7
4/25/2021 16:00,9.5,0.58
4/25/2021 17:00,9.0,0.55
4/25/2021 18:00,5.25,0.32
4/25/2021 19:00,2.75,0.17
4/25/2021 20:00,0.5,0.03
4/25/2021 21:00,0.0,0.0
4/25/2021 22:00,0.0,0.0
4/25/2021 23:00,0.0,0.0
4/26/2021 0:00,0.0,0.0
4/26/2021 1:00,0.0,0.0
4/26/2021 2:00,0.0,0.0
4/26/2021 3:00,0.0,0.0
4/26/2021 4:00,0.0,0.0
4/26/2021 5:00,0.0,0.0
4/26/2021 6:00,0.0,0.0
4/26/2021 7:00,0.0,0.0
4/26/2021 8:00,0.75,0.05
4/26/2021 9:00,0.75,0.05
4/26/2021 10:00,4.0,0.25
4/26/2021 11:00,7.5,0.46
4/26/2021 12:00,7.0,0.43
4/26/2021 13:00,10.25,0.63
4/26/2021 14:00,10.25,0.63
4/26/2021 15:00,7.75,0.47
4/26/2021 16:00,10.5,0.64
4/26/2021 17:00,6.0,0.37
4/26/2021 18:00,4.75,0.29
4/26/2021 19:00,2.25,0.14
4/26/2021 20:00,0.5,0.03
4/26/2021 21:00,0.0,0.0
4/26/2021 22:00,0.0,0.0
4/26/2021 23:00,0.0,0.0
4/27/2021 0:00,0.0,0.0
4/27/2021 1:00,0.0,0.0
4/27/2021 2:00,0.0,0.0
4/27/2021 3:00,0.0,0.0
4/27/2021 4:00,0.0,0.0
4/27/2021 5:00,0.0,0.0
4/27/2021 6:00,0.0,0.0
4/27/2021 7:00,0.0,0.0
4/27/2021 8:00,0.75,0.05
4/27/2021 9:00,3.5,0.21
4/27/2021 10:00,6.75,0.41
4/27/2021 11:00,7.0,0.43
4/27/2021 12:00,7.5,0.46
4/27/2021 13:00,6.75,0.41
4/27/2021 14:00,8.25,0.51
4/27/2021 15:00,4.25,0.26
4/27/2021 16:00,8.5,0.52
4/27/2021 17:00,6.25,0.38
4/27/2021 18:00,6.0,0.37
4/27/2021 19:00,3.25,0.2
4/27/2021 20:00,0.5,0.03
4/27/2021 21:00,0.0,0.0
4/27/2021 22:00,0.0,0.0
4/27/2021 23:00,0.0,0.0
4/28/2021 0:00,0.0,0.0
4/28/2021 1:00,0.0,0.0
4/28/2021 2:00,0.0,0.0
4/28/2021 3:00,0.0,0.0
4/28/2021 4:00,0.0,0.0
4/28/2021 5:00,0.0,0.0
4/28/2021 6:00,0.0,0.0
4/28/2021 7:00,0.25,0.02
4/28/2021 8:00,0.5,0.03
4/28/2021 9:00,3.5,0.21
4/28/2021 10:00,6.75,0.41
4/28/2021 11:00,9.25,0.57
4/28/2021 12:00,10.0,0.61
4/28/2021 13:00,3.25,0.2
4/28/2021 14:00,8.75,0.54
4/28/2021 15:00,8.25,0.51
4/28/2021 16:00,7.0,0.43
4/28/2021 17:00,6.0,0.37
4/28/2021 18:00,6.0,0.37
4/28/2021 19:00,3.0,0.18
4/28/2021 20:00,0.5,0.03
4/28/2021 21:00,0.0,0.0
4/28/2021 22:00,0.0,0.0
4/28/2021 23:00,0.0,0.0
4/29/2021 0:00,0.0,0.0
4/29/2021 1:00,0.0,0.0
4/29/2021 2:00,0.0,0.0
4/29/2021 3:00,0.0,0.0
4/29/2021 4:00,0.0,0.0
4/29/2021 5:00,0.0,0.0
4/29/2021 6:00,0.0,0.0
4/29/2021 7:00,0.0,0.0
4/29/2021 8:00,0.75,0.05
4/29/2021 9:00,2.75,0.17
4/29/2021 10:00,5.75,0.35
4/29/2021 11:00,8.5,0.52
4/29/2021 12:00,11.0,0.67
4/29/2021 13:00,11.0,0.67
4/29/2021 14:00,7.5,0.46
4/29/2021 15:00,6.0,0.37
4/29/2021 16:00,1.75,0.11
4/29/2021 17:00,5.5,0.34
4/29/2021 18:00,3.75,0.23
4/29/2021 19:00,1.5,0.09
4/29/2021 20:00,0.5,0.03
4/29/2021 21:00,0.0,0.0
4/29/2021 22:00,0.0,0.0
4/29/2021 23:00,0.0,0.0
4/30/2021 0:00,0.0,0.0
4/30/2021 1:00,0.0,0.0
4/30/2021 2:00,0.0,0.0
4/30/2021 3:00,0.0,0.0
4/30/2021 4:00,0.0,0.0
4/30/2021 5:00,0.0,0.0
4/30/2021 6:00,0.0,0.0
4/30/2021 7:00,0.25,0.02
4/30/2021 8:00,0.75,0.05
4/30/2021 9:00,4.0,0.25
4/30/2021 10:00,5.25,0.32
4/30/2021 11:00,10.5,0.64
4/30/2021 12:00,12.25,0.75
4/30/2021 13:00,10.5,0.64
4/30/2021 14:00,11.0,0.67
4/30/2021 15:00,9.75,0.6
4/30/2021 16:00,10.0,0.61
4/30/2021 17:00,9.5,0.58
4/30/2021 18:00,6.0,0.37
4/30/2021 19:00,3.25,0.2
4/30/2021 20:00,0.5,0.03
4/30/2021 21:00,0.25,0.02
4/30/2021 22:00,0.0,0.0
4/30/2021 23:00,0.0,0.0
5/1/2021 0:00,0.0,0.0
5/1/2021 1:00,0.0,0.0
5/1/2021 2:00,0.0,0.0
5/1/2021 3:00,0.0,0.0
5/1/2021 4:00,0.0,0.0
5/1/2021 5:00,0.0,0.0
5/1/2021 6:00,0.0,0.0
5/1/2021 7:00,0.0,0.0
5/1/2021 8:00,0.75,0.05
5/1/2021 9:00,3.5,0.21
5/1/2021 10:00,7.5,0.46
5/1/2021 11:00,9.25,0.57
5/1/2021 12:00,7.75,0.47
5/1/2021 13:00,8.25,0.51
5/1/2021 14:00,8.0,0.49
5/1/2021 15:00,7.25,0.44
5/1/2021 16:00,6.75,0.41
5/1/2021 17:00,3.75,0.23
5/1/2021 18:00,2.75,0.17
5/1/2021 19:00,2.25,0.14
5/1/2021 20:00,0.5,0.03
5/1/2021 21:00,0.0,0.0
5/1/2021 22:00,0.0,0.0
5/1/2021 23:00,0.0,0.0
5/2/2021 0:00,0.0,0.0
5/2/2021 1:00,0.0,0.0
5/2/2021 2:00,0.0,0.0
5/2/2021 3:00,0.0,0.0
5/2/2021 4:00,0.0,0.0
5/2/2021 5:00,0.0,0.0
5/2/2021 6:00,0.0,0.0
5/2/2021 7:00,0.25,0.02
5/2/2021 8:00,0.75,0.05
5/2/2021 9:00,3.75,0.23
5/2/2021 10:00,7.75,0.47
5/2/2021 11:00,10.75,0.66
5/2/2021 12:00,12.0,0.74
5/2/2021 13:00,13.25,0.81
5/2/2021 14:00,14.0,0.86
5/2/2021 15:00,13.5,0.83
5/2/2021 16:00,11.75,0.72
5/2/2021 17:00,7.75,0.47
5/2/2021 18:00,6.75,0.41
5/2/2021 19:00,2.75,0.17
5/2/2021 20:00,0.75,0.05
5/2/2021 21:00,0.0,0.0
5/2/2021 22:00,0.0,0.0
5/2/2021 23:00,0.0,0.0
5/3/2021 0:00,0.0,0.0
5/3/2021 1:00,0.0,0.0
5/3/2021 2:00,0.0,0.0
5/3/2021 3:00,0.0,0.0
5/3/2021 4:00,0.0,0.0
5/3/2021 5:00,0.0,0.0
5/3/2021 6:00,0.0,0.0
5/3/2021 7:00,0.0,0.0
5/3/2021 8:00,1.0,0.06
5/3/2021 9:00,4.0,0.25
5/3/2021 10:00,5.75,0.35
5/3/2021 11:00,8.5,0.52
5/3/2021 12:00,11.25,0.69
5/3/2021 13:00,13.0,0.8
5/3/2021 14:00,13.0,0.8
5/3/2021 15:00,12.0,0.74
5/3/2021 16:00,11.5,0.7
5/3/2021 17:00,9.25,0.57
5/3/2021 18:00,6.5,0.4
5/3/2021 19:00,3.0,0.18
5/3/2021 20:00,0.75,0.05
5/3/2021 21:00,0.0,0.0
5/3/2021 22:00,0.0,0.0
5/3/2021 23:00,0.0,0.0
5/4/2021 0:00,0.0,0.0
5/4/2021 1:00,0.0,0.0
5/4/2021 2:00,0.0,0.0
5/4/2021 3:00,0.0,0.0
5/4/2021 4:00,0.0,0.0
5/4/2021 5:00,0.0,0.0
5/4/2021 6:00,0.0,0.0
5/4/2021 7:00,0.0,0.0
5/4/2021 8:00,1.0,0.06
5/4/2021 9:00,3.5,0.21
5/4/2021 10:00,7.0,0.43
5/4/2021 11:00,9.75,0.6
5/4/2021 12:00,11.5,0.7
5/4/2021 13:00,12.5,0.77
5/4/2021 14:00,12.75,0.78
5/4/2021 15:00,12.75,0.78
5/4/2021 16:00,11.5,0.7
5/4/2021 17:00,9.25,0.57
5/4/2021 18:00,6.25,0.38
5/4/2021 19:00,3.0,0.18
5/4/2021 20:00,0.75,0.05
5/4/2021 21:00,0.0,0.0
5/4/2021 22:00,0.0,0.0
5/4/2021 23:00,0.0,0.0
5/5/2021 0:00,0.0,0.0
5/5/2021 1:00,0.0,0.0
5/5/2021 2:00,0.0,0.0
5/5/2021 3:00,0.0,0.0
5/5/2021 4:00,0.0,0.0
5/5/2021 5:00,0.0,0.0
5/5/2021 6:00,0.0,0.0
5/5/2021 7:00,0.0,0.0
5/5/2021 8:00,0.75,0.05
5/5/2021 9:00,3.25,0.2
5/5/2021 10:00,6.75,0.41
5/5/2021 11:00,10.0,0.61
5/5/2021 12:00,11.75,0.72
5/5/2021 13:00,12.75,0.78
5/5/2021 14:00,13.25,0.81
5/5/2021 15:00,12.75,0.78
5/5/2021 16:00,11.5,0.7
5/5/2021 17:00,9.0,0.55
5/5/2021 18:00,6.5,0.4
5/5/2021 19:00,3.0,0.18
5/5/2021 20:00,0.5,0.03
5/5/2021 21:00,0.0,0.0
5/5/2021 22:00,0.0,0.0
5/5/2021 23:00,0.0,0.0
5/6/2021 0:00,0.0,0.0
5/6/2021 1:00,0.0,0.0
5/6/2021 2:00,0.0,0.0
5/6/2021 3:00,0.0,0.0
5/6/2021 4:00,0.0,0.0
5/6/2021 5:00,0.0,0.0
5/6/2021 6:00,0.0,0.0
5/6/2021 7:00,0.25,0.02
5/6/2021 8:00,0.75,0.05
5/6/2021 9:00,3.75,0.23
5/6/2021 10:00,7.5,0.46
5/6/2021 11:00,10.0,0.61
5/6/2021 12:00,12.0,0.74
5/6/2021 13:00,13.25,0.81
5/6/2021 14:00,13.5,0.83
5/6/2021 15:00,12.75,0.78
5/6/2021 16:00,11.75,0.72
5/6/2021 17:00,9.75,0.6
5/6/2021 18:00,6.5,0.4
5/6/2021 19:00,3.0,0.18
5/6/2021 20:00,0.5,0.03
5/6/2021 21:00,0.0,0.0
5/6/2021 22:00,0.0,0.0
5/6/2021 23:00,0.0,0.0
5/7/2021 0:00,0.0,0.0
5/7/2021 1:00,0.0,0.0
5/7/2021 2:00,0.0,0.0
5/7/2021 3:00,0.0,0.0
5/7/2021 4:00,0.0,0.0
5/7/2021 5:00,0.0,0.0
5/7/2021 6:00,0.0,0.0
5/7/2021 7:00,0.25,0.02
5/7/2021 8:00,0.75,0.05
5/7/2021 9:00,3.75,0.23
5/7/2021 10:00,7.5,0.46
5/7/2021 11:00,10.0,0.61
5/7/2021 12:00,11.75,0.72
5/7/2021 13:00,12.5,0.77
5/7/2021 14:00,13.25,0.81
5/7/2021 15:00,12.75,0.78
5/7/2021 16:00,11.75,0.72
5/7/2021 17:00,8.5,0.52
5/7/2021 18:00,6.5,0.4
5/7/2021 19:00,3.25,0.2
5/7/2021 20:00,0.75,0.05
5/7/2021 21:00,0.25,0.02
5/7/2021 22:00,0.0,0.0
5/7/2021 23:00,0.0,0.0
5/8/2021 0:00,0.0,0.0
5/8/2021 1:00,0.0,0.0
5/8/2021 2:00,0.0,0.0
5/8/2021 3:00,0.0,0.0
5/8/2021 4:00,0.0,0.0
5/8/2021 5:00,0.0,0.0
5/8/2021 6:00,0.0,0.0
5/8/2021 7:00,0.0,0.0
5/8/2021 8:00,1.0,0.06
5/8/2021 9:00,3.25,0.2
5/8/2021 10:00,6.0,0.37
5/8/2021 11:00,9.25,0.57
5/8/2021 12:00,10.75,0.66
5/8/2021 13:00,13.0,0.8
5/8/2021 14:00,13.25,0.81
5/8/2021 15:00,12.75,0.78
5/8/2021 16:00,11.5,0.7
5/8/2021 17:00,9.0,0.55
5/8/2021 18:00,2.5,0.15
5/8/2021 19:00,2.5,0.15
5/8/2021 20:00,1.0,0.06
5/8/2021 21:00,0.0,0.0
5/8/2021 22:00,0.0,0.0
5/8/2021 23:00,0.0,0.0
5/9/2021 0:00,0.0,0.0
5/9/2021 1:00,0.0,0.0
5/9/2021 2:00,0.0,0.0
5/9/2021 3:00,0.0,0.0
5/9/2021 4:00,0.0,0.0
5/9/2021 5:00,0.0,0.0
5/9/2021 6:00,0.0,0.0
5/9/2021 7:00,0.0,0.0
5/9/2021 8:00,1.0,0.06
5/9/2021 9:00,1.75,0.11
5/9/2021 10:00,1.25,0.08
5/9/2021 11:00,1.75,0.11
5/9/2021 12:00,6.0,0.37
5/9/2021 13:00,9.5,0.58
5/9/2021 14:00,10.5,0.64
5/9/2021 15:00,9.5,0.58
5/9/2021 16:00,10.25,0.63
5/9/2021 17:00,9.25,0.57
5/9/2021 18:00,4.5,0.28
5/9/2021 19:00,2.75,0.17
5/9/2021 20:00,0.75,0.05
5/9/2021 21:00,0.0,0.0
5/9/2021 22:00,0.0,0.0
5/9/2021 23:00,0.0,0.0
5/10/2021 0:00,0.0,0.0
5/10/2021 1:00,0.0,0.0
5/10/2021 2:00,0.0,0.0
5/10/2021 3:00,0.0,0.0
5/10/2021 4:00,0.0,0.0
5/10/2021 5:00,0.0,0.0
5/10/2021 6:00,0.0,0.0
5/10/2021 7:00,0.25,0.02
5/10/2021 8:00,0.75,0.05
5/10/2021 9:00,3.25,0.2
5/10/2021 10:00,5.5,0.34
5/10/2021 11:00,8.0,0.49
5/10/2021 12:00,9.75,0.6
5/10/2021 13:00,5.5,0.34
5/10/2021 14:00,12.25,0.75
5/10/2021 15:00,12.75,0.78
5/10/2021 16:00,12.0,0.74
5/10/2021 17:00,8.5,0.52
5/10/2021 18:00,6.0,0.37
5/10/2021 19:00,3.0,0.18
5/10/2021 20:00,0.75,0.05
5/10/2021 21:00,0.0,0.0
5/10/2021 22:00,0.0,0.0
5/10/2021 23:00,0.0,0.0
5/11/2021 0:00,0.0,0.0
5/11/2021 1:00,0.0,0.0
5/11/2021 2:00,0.0,0.0
5/11/2021 3:00,0.0,0.0
5/11/2021 4:00,0.0,0.0
5/11/2021 5:00,0.0,0.0
5/11/2021 6:00,0.0,0.0
5/11/2021 7:00,0.25,0.02
5/11/2021 8:00,1.0,0.06
5/11/2021 9:00,4.25,0.26
5/11/2021 10:00,7.5,0.46
5/11/2021 11:00,10.5,0.64
5/11/2021 12:00,8.25,0.51
5/11/2021 13:00,10.75,0.66
5/11/2021 14:00,13.5,0.83
5/11/2021 15:00,13.5,0.83
5/11/2021 16:00,12.5,0.77
5/11/2021 17:00,10.25,0.63
5/11/2021 18:00,7.0,0.43
5/11/2021 19:00,3.25,0.2
5/11/2021 20:00,0.75,0.05
5/11/2021 21:00,0.0,0.0
5/11/2021 22:00,0.0,0.0
5/11/2021 23:00,0.0,0.0
5/12/2021 0:00,0.0,0.0
5/12/2021 1:00,0.0,0.0
5/12/2021 2:00,0.0,0.0
5/12/2021 3:00,0.0,0.0
5/12/2021 4:00,0.0,0.0
5/12/2021 5:00,0.0,0.0
5/12/2021 6:00,0.0,0.0
5/12/2021 7:00,0.25,0.02
5/12/2021 8:00,1.0,0.06
5/12/2021 9:00,3.75,0.23
5/12/2021 10:00,6.0,0.37
5/12/2021 11:00,8.5,0.52
5/12/2021 12:00,7.5,0.46
5/12/2021 13:00,7.25,0.44
5/12/2021 14:00,11.75,0.72
5/12/2021 15:00,13.5,0.83
5/12/2021 16:00,12.25,0.75
5/12/2021 17:00,10.0,0.61
5/12/2021 18:00,7.0,0.43
5/12/2021 19:00,3.25,0.2
5/12/2021 20:00,0.75,0.05
5/12/2021 21:00,0.0,0.0
5/12/2021 22:00,0.0,0.0
5/12/2021 23:00,0.0,0.0
5/13/2021 0:00,0.0,0.0
5/13/2021 1:00,0.0,0.0
5/13/2021 2:00,0.0,0.0
5/13/2021 3:00,0.0,0.0
5/13/2021 4:00,0.0,0.0
5/13/2021 5:00,0.0,0.0
5/13/2021 6:00,0.0,0.0
5/13/2021 7:00,0.0,0.0
5/13/2021 8:00,1.0,0.06
5/13/2021 9:00,4.0,0.25
5/13/2021 10:00,7.75,0.47
5/13/2021 11:00,10.0,0.61
5/13/2021 12:00,12.0,0.74
5/13/2021 13:00,13.25,0.81
5/13/2021 14:00,13.75,0.84
5/13/2021 15:00,12.25,0.75
5/13/2021 16:00,11.25,0.69
5/13/2021 17:00,9.5,0.58
5/13/2021 18:00,6.5,0.4
5/13/2021 19:00,3.25,0.2
5/13/2021 20:00,1.0,0.06
5/13/2021 21:00,0.0,0.0
5/13/2021 22:00,0.0,0.0
5/13/2021 23:00,0.0,0.0
5/14/2021 0:00,0.0,0.0
5/14/2021 1:00,0.0,0.0
5/14/2021 2:00,0.0,0.0
5/14/2021 3:00,0.0,0.0
5/14/2021 4:00,0.0,0.0
5/14/2021 5:00,0.0,0.0
5/14/2021 6:00,0.0,0.0
5/14/2021 7:00,0.25,0.02
5/14/2021 8:00,1.0,0.06
5/14/2021 9:00,4.0,0.25
5/14/2021 10:00,8.0,0.49
5/14/2021 11:00,10.5,0.64
5/14/2021 12:00,11.75,0.72
5/14/2021 13:00,13.25,0.81
5/14/2021 14:00,13.75,0.84
5/14/2021 15:00,12.5,0.77
5/14/2021 16:00,12.0,0.74
5/14/2021 17:00,10.0,0.61
5/14/2021 18:00,7.0,0.43
5/14/2021 19:00,3.25,0.2
5/14/2021 20:00,1.0,0.06
5/14/2021 21:00,0.25,0.02
5/14/2021 22:00,0.0,0.0
5/14/2021 23:00,0.0,0.0
5/15/2021 0:00,0.0,0.0
5/15/2021 1:00,0.0,0.0
5/15/2021 2:00,0.0,0.0
5/15/2021 3:00,0.0,0.0
5/15/2021 4:00,0.0,0.0
5/15/2021 5:00,0.0,0.0
5/15/2021 6:00,0.0,0.0
5/15/2021 7:00,0.0,0.0
5/15/2021 8:00,1.0,0.06
5/15/2021 9:00,4.25,0.26
5/15/2021 10:00,8.0,0.49
5/15/2021 11:00,10.25,0.63
5/15/2021 12:00,11.0,0.67
5/15/2021 13:00,13.25,0.81
5/15/2021 14:00,13.25,0.81
5/15/2021 15:00,13.0,0.8
5/15/2021 16:00,11.5,0.7
5/15/2021 17:00,9.75,0.6
5/15/2021 18:00,6.75,0.41
5/15/2021 19:00,3.25,0.2
5/15/2021 20:00,0.75,0.05
5/15/2021 21:00,0.0,0.0
5/15/2021 22:00,0.0,0.0
5/15/2021 23:00,0.0,0.0
5/16/2021 0:00,0.0,0.0
5/16/2021 1:00,0.0,0.0
5/16/2021 2:00,0.0,0.0
5/16/2021 3:00,0.0,0.0
5/16/2021 4:00,0.0,0.0
5/16/2021 5:00,0.0,0.0
5/16/2021 6:00,0.0,0.0
5/16/2021 7:00,0.0,0.0
5/16/2021 8:00,1.25,0.08
5/16/2021 9:00,4.0,0.25
5/16/2021 10:00,8.0,0.49
5/16/2021 11:00,10.25,0.63
5/16/2021 12:00,11.75,0.72
5/16/2021 13:00,13.0,0.8
5/16/2021 14:00,13.25,0.81
5/16/2021 15:00,12.75,0.78
5/16/2021 16:00,11.75,0.72
5/16/2021 17:00,6.25,0.38
5/16/2021 18:00,5.5,0.34
5/16/2021 19:00,3.5,0.21
5/16/2021 20:00,1.0,0.06
5/16/2021 21:00,0.0,0.0
5/16/2021 22:00,0.0,0.0
5/16/2021 23:00,0.0,0.0
5/17/2021 0:00,0.0,0.0
5/17/2021 1:00,0.0,0.0
5/17/2021 2:00,0.0,0.0
5/17/2021 3:00,0.0,0.0
5/17/2021 4:00,0.0,0.0
5/17/2021 5:00,0.0,0.0
5/17/2021 6:00,0.0,0.0
5/17/2021 7:00,0.0,0.0
5/17/2021 8:00,1.0,0.06
5/17/2021 9:00,4.0,0.25
5/17/2021 10:00,7.5,0.46
5/17/2021 11:00,10.0,0.61
5/17/2021 12:00,11.5,0.7
5/17/2021 13:00,12.5,0.77
5/17/2021 14:00,13.0,0.8
5/17/2021 15:00,12.25,0.75
5/17/2021 16:00,11.5,0.7
5/17/2021 17:00,9.5,0.58
5/17/2021 18:00,6.75,0.41
5/17/2021 19:00,3.25,0.2
5/17/2021 20:00,0.75,0.05
5/17/2021 21:00,0.25,0.02
5/17/2021 22:00,0.0,0.0
5/17/2021 23:00,0.0,0.0
5/18/2021 0:00,0.0,0.0
5/18/2021 1:00,0.0,0.0
5/18/2021 2:00,0.0,0.0
5/18/2021 3:00,0.0,0.0
5/18/2021 4:00,0.0,0.0
5/18/2021 5:00,0.0,0.0
5/18/2021 6:00,0.0,0.0
5/18/2021 7:00,0.0,0.0
5/18/2021 8:00,1.25,0.08
5/18/2021 9:00,3.75,0.23
5/18/2021 10:00,8.0,0.49
5/18/2021 11:00,10.25,0.63
5/18/2021 12:00,12.0,0.74
5/18/2021 13:00,13.0,0.8
5/18/2021 14:00,13.5,0.83
5/18/2021 15:00,13.0,0.8
5/18/2021 16:00,11.75,0.72
5/18/2021 17:00,9.75,0.6
5/18/2021 18:00,6.75,0.41
5/18/2021 19:00,3.25,0.2
5/18/2021 20:00,0.75,0.05
5/18/2021 21:00,0.0,0.0
5/18/2021 22:00,0.0,0.0
5/18/2021 23:00,0.0,0.0
5/19/2021 0:00,0.0,0.0
5/19/2021 1:00,0.0,0.0
5/19/2021 2:00,0.0,0.0
5/19/2021 3:00,0.0,0.0
5/19/2021 4:00,0.0,0.0
5/19/2021 5:00,0.0,0.0
5/19/2021 6:00,0.0,0.0
5/19/2021 7:00,0.25,0.02
5/19/2021 8:00,1.0,0.06
5/19/2021 9:00,4.5,0.28
5/19/2021 10:00,8.0,0.49
5/19/2021 11:00,10.5,0.64
5/19/2021 12:00,12.0,0.74
5/19/2021 13:00,13.0,0.8
5/19/2021 14:00,12.75,0.78
5/19/2021 15:00,12.25,0.75
5/19/2021 16:00,11.5,0.7
5/19/2021 17:00,9.75,0.6
5/19/2021 18:00,6.75,0.41
5/19/2021 19:00,3.25,0.2
5/19/2021 20:00,1.0,0.06
5/19/2021 21:00,0.0,0.0
5/19/2021 22:00,0.0,0.0
5/19/2021 23:00,0.0,0.0
5/20/2021 0:00,0.0,0.0
5/20/2021 1:00,0.0,0.0
5/20/2021 2:00,0.0,0.0
5/20/2021 3:00,0.0,0.0
5/20/2021 4:00,0.0,0.0
5/20/2021 5:00,0.0,0.0
5/20/2021 6:00,0.0,0.0
5/20/2021 7:00,0.25,0.02
5/20/2021 8:00,1.0,0.06
5/20/2021 9:00,4.25,0.26
5/20/2021 10:00,7.25,0.44
5/20/2021 11:00,10.0,0.61
5/20/2021 12:00,11.5,0.7
5/20/2021 13:00,12.5,0.77
5/20/2021 14:00,12.75,0.78
5/20/2021 15:00,12.5,0.77
5/20/2021 16:00,11.0,0.67
5/20/2021 17:00,9.5,0.58
5/20/2021 18:00,6.5,0.4
5/20/2021 19:00,3.0,0.18
5/20/2021 20:00,1.0,0.06
5/20/2021 21:00,0.0,0.0
5/20/2021 22:00,0.0,0.0
5/20/2021 23:00,0.0,0.0
5/21/2021 0:00,0.0,0.0
5/21/2021 1:00,0.0,0.0
5/21/2021 2:00,0.0,0.0
5/21/2021 3:00,0.0,0.0
5/21/2021 4:00,0.0,0.0
5/21/2021 5:00,0.0,0.0
5/21/2021 6:00,0.0,0.0
5/21/2021 7:00,0.25,0.02
5/21/2021 8:00,1.5,0.09
5/21/2021 9:00,3.5,0.21
5/21/2021 10:00,7.25,0.44
5/21/2021 11:00,9.75,0.6
5/21/2021 12:00,12.0,0.74
5/21/2021 13:00,13.25,0.81
5/21/2021 14:00,13.5,0.83
5/21/2021 15:00,12.75,0.78
5/21/2021 16:00,11.75,0.72
5/21/2021 17:00,9.5,0.58
5/21/2021 18:00,6.0,0.37
5/21/2021 19:00,3.5,0.21
5/21/2021 20:00,1.0,0.06
5/21/2021 21:00,0.0,0.0
5/21/2021 22:00,0.0,0.0
5/21/2021 23:00,0.0,0.0
5/22/2021 0:00,0.0,0.0
5/22/2021 1:00,0.0,0.0
5/22/2021 2:00,0.0,0.0
5/22/2021 3:00,0.0,0.0
5/22/2021 4:00,0.0,0.0
5/22/2021 5:00,0.0,0.0
5/22/2021 6:00,0.0,0.0
5/22/2021 7:00,0.25,0.02
5/22/2021 8:00,1.75,0.11
5/22/2021 9:00,3.0,0.18
5/22/2021 10:00,6.75,0.41
5/22/2021 11:00,10.0,0.61
5/22/2021 12:00,12.5,0.77
5/22/2021 13:00,13.5,0.83
5/22/2021 14:00,13.75,0.84
5/22/2021 15:00,12.75,0.78
5/22/2021 16:00,12.0,0.74
5/22/2021 17:00,8.25,0.51
5/22/2021 18:00,4.25,0.26
5/22/2021 19:00,2.5,0.15
5/22/2021 20:00,0.75,0.05
5/22/2021 21:00,0.0,0.0
5/22/2021 22:00,0.0,0.0
5/22/2021 23:00,0.0,0.0
5/23/2021 0:00,0.0,0.0
5/23/2021 1:00,0.0,0.0
5/23/2021 2:00,0.0,0.0
5/23/2021 3:00,0.0,0.0
5/23/2021 4:00,0.0,0.0
5/23/2021 5:00,0.0,0.0
5/23/2021 6:00,0.0,0.0
5/23/2021 7:00,0.0,0.0
5/23/2021 8:00,1.25,0.08
5/23/2021 9:00,4.5,0.28
5/23/2021 10:00,8.0,0.49
5/23/2021 11:00,10.5,0.64
5/23/2021 12:00,12.5,0.77
5/23/2021 13:00,13.5,0.83
5/23/2021 14:00,13.5,0.83
5/23/2021 15:00,13.25,0.81
5/23/2021 16:00,12.0,0.74
5/23/2021 17:00,10.0,0.61
5/23/2021 18:00,6.75,0.41
5/23/2021 19:00,3.5,0.21
5/23/2021 20:00,1.0,0.06
5/23/2021 21:00,0.0,0.0
5/23/2021 22:00,0.0,0.0
5/23/2021 23:00,0.0,0.0
5/24/2021 0:00,0.0,0.0
5/24/2021 1:00,0.0,0.0
5/24/2021 2:00,0.0,0.0
5/24/2021 3:00,0.0,0.0
5/24/2021 4:00,0.0,0.0
5/24/2021 5:00,0.0,0.0
5/24/2021 6:00,0.0,0.0
5/24/2021 7:00,0.25,0.02
5/24/2021 8:00,1.25,0.08
5/24/2021 9:00,4.25,0.26
5/24/2021 10:00,7.75,0.47
5/24/2021 11:00,10.25,0.63
5/24/2021 12:00,12.0,0.74
5/24/2021 13:00,12.25,0.75
5/24/2021 14:00,9.75,0.6
5/24/2021 15:00,12.5,0.77
5/24/2021 16:00,12.25,0.75
5/24/2021 17:00,10.0,0.61
5/24/2021 18:00,7.0,0.43
5/24/2021 19:00,3.25,0.2
5/24/2021 20:00,1.0,0.06
5/24/2021 21:00,0.25,0.02
5/24/2021 22:00,0.0,0.0
5/24/2021 23:00,0.0,0.0
5/25/2021 0:00,0.0,0.0
5/25/2021 1:00,0.0,0.0
5/25/2021 2:00,0.0,0.0
5/25/2021 3:00,0.0,0.0
5/25/2021 4:00,0.0,0.0
5/25/2021 5:00,0.0,0.0
5/25/2021 6:00,0.0,0.0
5/25/2021 7:00,0.0,0.0
5/25/2021 8:00,1.25,0.08
5/25/2021 9:00,4.25,0.26
5/25/2021 10:00,7.75,0.47
5/25/2021 11:00,10.0,0.61
5/25/2021 12:00,11.75,0.72
5/25/2021 13:00,12.25,0.75
5/25/2021 14:00,12.5,0.77
5/25/2021 15:00,12.75,0.78
5/25/2021 16:00,11.5,0.7
5/25/2021 17:00,9.75,0.6
5/25/2021 18:00,6.75,0.41
5/25/2021 19:00,3.5,0.21
5/25/2021 20:00,1.0,0.06
5/25/2021 21:00,0.0,0.0
5/25/2021 22:00,0.0,0.0
5/25/2021 23:00,0.0,0.0
5/26/2021 0:00,0.0,0.0
5/26/2021 1:00,0.0,0.0
5/26/2021 2:00,0.0,0.0
5/26/2021 3:00,0.0,0.0
5/26/2021 4:00,0.0,0.0
5/26/2021 5:00,0.0,0.0
5/26/2021 6:00,0.0,0.0
5/26/2021 7:00,0.0,0.0
5/26/2021 8:00,1.25,0.08
5/26/2021 9:00,4.0,0.25
5/26/2021 10:00,7.5,0.46
5/26/2021 11:00,9.75,0.6
5/26/2021 12:00,11.25,0.69
5/26/2021 13:00,12.5,0.77
5/26/2021 14:00,12.75,0.78
5/26/2021 15:00,12.5,0.77
5/26/2021 16:00,11.5,0.7
5/26/2021 17:00,9.75,0.6
5/26/2021 18:00,7.0,0.43
5/26/2021 19:00,3.5,0.21
5/26/2021 20:00,1.25,0.08
5/26/2021 21:00,0.25,0.02
5/26/2021 22:00,0.0,0.0
5/26/2021 23:00,0.0,0.0
5/27/2021 0:00,0.0,0.0
5/27/2021 1:00,0.0,0.0
5/27/2021 2:00,0.0,0.0
5/27/2021 3:00,0.0,0.0
5/27/2021 4:00,0.0,0.0
5/27/2021 5:00,0.0,0.0
5/27/2021 6:00,0.0,0.0
5/27/2021 7:00,0.0,0.0
5/27/2021 8:00,0.5,0.03
5/27/2021 9:00,1.25,0.08
5/27/2021 10:00,3.25,0.2
5/27/2021 11:00,4.0,0.25
5/27/2021 12:00,4.0,0.25
5/27/2021 13:00,5.25,0.32
5/27/2021 14:00,5.5,0.34
5/27/2021 15:00,5.0,0.31
5/27/2021 16:00,6.0,0.37
5/27/2021 17:00,5.75,0.35
5/27/2021 18:00,3.75,0.23
5/27/2021 19:00,3.5,0.21
5/27/2021 20:00,1.25,0.08
5/27/2021 21:00,0.25,0.02
5/27/2021 22:00,0.0,0.0
5/27/2021 23:00,0.0,0.0
5/28/2021 0:00,0.0,0.0
5/28/2021 1:00,0.0,0.0
5/28/2021 2:00,0.0,0.0
5/28/2021 3:00,0.0,0.0
5/28/2021 4:00,0.0,0.0
5/28/2021 5:00,0.0,0.0
5/28/2021 6:00,0.0,0.0
5/28/2021 7:00,0.0,0.0
5/28/2021 8:00,1.5,0.09
5/28/2021 9:00,4.0,0.25
5/28/2021 10:00,7.25,0.44
5/28/2021 11:00,9.5,0.58
5/28/2021 12:00,11.5,0.7
5/28/2021 13:00,12.5,0.77
5/28/2021 14:00,13.0,0.8
5/28/2021 15:00,12.75,0.78
5/28/2021 16:00,10.0,0.61
5/28/2021 17:00,8.25,0.51
5/28/2021 18:00,6.75,0.41
5/28/2021 19:00,3.25,0.2
5/28/2021 20:00,1.25,0.08
5/28/2021 21:00,0.0,0.0
5/28/2021 22:00,0.0,0.0
5/28/2021 23:00,0.0,0.0
5/29/2021 0:00,0.0,0.0
5/29/2021 1:00,0.0,0.0
5/29/2021 2:00,0.0,0.0
5/29/2021 3:00,0.0,0.0
5/29/2021 4:00,0.0,0.0
5/29/2021 5:00,0.0,0.0
5/29/2021 6:00,0.0,0.0
5/29/2021 7:00,0.25,0.02
5/29/2021 8:00,1.25,0.08
5/29/2021 9:00,4.0,0.25
5/29/2021 10:00,7.25,0.44
5/29/2021 11:00,9.75,0.6
5/29/2021 12:00,11.0,0.67
5/29/2021 13:00,12.25,0.75
5/29/2021 14:00,12.25,0.75
5/29/2021 15:00,12.25,0.75
5/29/2021 16:00,11.0,0.67
5/29/2021 17:00,9.5,0.58
5/29/2021 18:00,6.75,0.41
5/29/2021 19:00,3.25,0.2
5/29/2021 20:00,1.0,0.06
5/29/2021 21:00,0.25,0.02
5/29/2021 22:00,0.0,0.0
5/29/2021 23:00,0.0,0.0
5/30/2021 0:00,0.0,0.0
5/30/2021 1:00,0.0,0.0
5/30/2021 2:00,0.0,0.0
5/30/2021 3:00,0.0,0.0
5/30/2021 4:00,0.0,0.0
5/30/2021 5:00,0.0,0.0
5/30/2021 6:00,0.0,0.0
5/30/2021 7:00,0.0,0.0
5/30/2021 8:00,1.25,0.08
5/30/2021 9:00,4.0,0.25
5/30/2021 10:00,7.25,0.44
5/30/2021 11:00,9.5,0.58
5/30/2021 12:00,8.5,0.52
5/30/2021 13:00,9.0,0.55
5/30/2021 14:00,12.25,0.75
5/30/2021 15:00,12.0,0.74
5/30/2021 16:00,11.0,0.67
5/30/2021 17:00,9.5,0.58
5/30/2021 18:00,6.75,0.41
5/30/2021 19:00,3.75,0.23
5/30/2021 20:00,1.0,0.06
5/30/2021 21:00,0.25,0.02
5/30/2021 22:00,0.0,0.0
5/30/2021 23:00,0.0,0.0
5/31/2021 0:00,0.0,0.0
5/31/2021 1:00,0.0,0.0
5/31/2021 2:00,0.0,0.0
5/31/2021 3:00,0.0,0.0
5/31/2021 4:00,0.0,0.0
5/31/2021 5:00,0.0,0.0
5/31/2021 6:00,0.0,0.0
5/31/2021 7:00,0.0,0.0
5/31/2021 8:00,0.75,0.05
5/31/2021 9:00,2.0,0.12
5/31/2021 10:00,4.5,0.28
5/31/2021 11:00,7.25,0.44
5/31/2021 12:00,9.25,0.57
5/31/2021 13:00,9.0,0.55
5/31/2021 14:00,7.75,0.47
5/31/2021 15:00,9.0,0.55
5/31/2021 16:00,12.0,0.74
5/31/2021 17:00,10.0,0.61
5/31/2021 18:00,6.75,0.41
5/31/2021 19:00,3.75,0.23
5/31/2021 20:00,1.5,0.09
5/31/2021 21:00,0.25,0.02
5/31/2021 22:00,0.0,0.0
5/31/2021 23:00,0.0,0.0
6/1/2021 0:00,0.0,0.0
6/1/2021 1:00,0.0,0.0
6/1/2021 2:00,0.0,0.0
6/1/2021 3:00,0.0,0.0
6/1/2021 4:00,0.0,0.0
6/1/2021 5:00,0.0,0.0
6/1/2021 6:00,0.0,0.0
6/1/2021 7:00,0.0,0.0
6/1/2021 8:00,1.25,0.08
6/1/2021 9:00,2.25,0.14
6/1/2021 10:00,2.5,0.15
6/1/2021 11:00,3.75,0.23
6/1/2021 12:00,5.0,0.31
6/1/2021 13:00,6.5,0.4
6/1/2021 14:00,11.25,0.69
6/1/2021 15:00,13.25,0.81
6/1/2021 16:00,12.25,0.75
6/1/2021 17:00,10.0,0.61
6/1/2021 18:00,7.0,0.43
6/1/2021 19:00,3.75,0.23
6/1/2021 20:00,1.0,0.06
6/1/2021 21:00,0.25,0.02
6/1/2021 22:00,0.0,0.0
6/1/2021 23:00,0.0,0.0
6/2/2021 0:00,0.0,0.0
6/2/2021 1:00,0.0,0.0
6/2/2021 2:00,0.0,0.0
6/2/2021 3:00,0.0,0.0
6/2/2021 4:00,0.0,0.0
6/2/2021 5:00,0.0,0.0
6/2/2021 6:00,0.0,0.0
6/2/2021 7:00,0.0,0.0
6/2/2021 8:00,1.25,0.08
6/2/2021 9:00,4.25,0.26
6/2/2021 10:00,7.5,0.46
6/2/2021 11:00,9.75,0.6
6/2/2021 12:00,11.75,0.72
6/2/2021 13:00,13.25,0.81
6/2/2021 14:00,13.25,0.81
6/2/2021 15:00,13.0,0.8
6/2/2021 16:00,12.0,0.74
6/2/2021 17:00,9.75,0.6
6/2/2021 18:00,6.75,0.41
6/2/2021 19:00,3.75,0.23
6/2/2021 20:00,1.0,0.06
6/2/2021 21:00,0.0,0.0
6/2/2021 22:00,0.0,0.0
6/2/2021 23:00,0.0,0.0
6/3/2021 0:00,0.0,0.0
6/3/2021 1:00,0.0,0.0
6/3/2021 2:00,0.0,0.0
6/3/2021 3:00,0.0,0.0
6/3/2021 4:00,0.0,0.0
6/3/2021 5:00,0.0,0.0
6/3/2021 6:00,0.0,0.0
6/3/2021 7:00,0.25,0.02
6/3/2021 8:00,1.25,0.08
6/3/2021 9:00,4.25,0.26
6/3/2021 10:00,7.5,0.46
6/3/2021 11:00,9.75,0.6
6/3/2021 12:00,12.0,0.74
6/3/2021 13:00,13.0,0.8
6/3/2021 14:00,13.25,0.81
6/3/2021 15:00,13.0,0.8
6/3/2021 16:00,11.75,0.72
6/3/2021 17:00,9.75,0.6
6/3/2021 18:00,7.0,0.43
6/3/2021 19:00,3.5,0.21
6/3/2021 20:00,1.0,0.06
6/3/2021 21:00,0.0,0.0
6/3/2021 22:00,0.0,0.0
6/3/2021 23:00,0.0,0.0
6/4/2021 0:00,0.0,0.0
6/4/2021 1:00,0.0,0.0
6/4/2021 2:00,0.0,0.0
6/4/2021 3:00,0.0,0.0
6/4/2021 4:00,0.0,0.0
6/4/2021 5:00,0.0,0.0
6/4/2021 6:00,0.0,0.0
6/4/2021 7:00,0.25,0.02
6/4/2021 8:00,1.25,0.08
6/4/2021 9:00,4.5,0.28
6/4/2021 10:00,7.75,0.47
6/4/2021 11:00,10.0,0.61
6/4/2021 12:00,11.75,0.72
6/4/2021 13:00,12.75,0.78
6/4/2021 14:00,13.25,0.81
6/4/2021 15:00,12.75,0.78
6/4/2021 16:00,11.5,0.7
6/4/2021 17:00,9.75,0.6
6/4/2021 18:00,6.75,0.41
6/4/2021 19:00,3.5,0.21
6/4/2021 20:00,1.25,0.08
6/4/2021 21:00,0.0,0.0
6/4/2021 22:00,0.0,0.0
6/4/2021 23:00,0.0,0.0
6/5/2021 0:00,0.0,0.0
6/5/2021 1:00,0.0,0.0
6/5/2021 2:00,0.0,0.0
6/5/2021 3:00,0.0,0.0
6/5/2021 4:00,0.0,0.0
6/5/2021 5:00,0.0,0.0
6/5/2021 6:00,0.0,0.0
6/5/2021 7:00,0.25,0.02
6/5/2021 8:00,1.25,0.08
6/5/2021 9:00,4.0,0.25
6/5/2021 10:00,7.25,0.44
6/5/2021 11:00,9.75,0.6
6/5/2021 12:00,9.5,0.58
6/5/2021 13:00,12.25,0.75
6/5/2021 14:00,13.0,0.8
6/5/2021 15:00,12.5,0.77
6/5/2021 16:00,11.5,0.7
6/5/2021 17:00,9.5,0.58
6/5/2021 18:00,6.75,0.41
6/5/2021 19:00,3.5,0.21
6/5/2021 20:00,1.25,0.08
6/5/2021 21:00,0.25,0.02
6/5/2021 22:00,0.0,0.0
6/5/2021 23:00,0.0,0.0
6/6/2021 0:00,0.0,0.0
6/6/2021 1:00,0.0,0.0
6/6/2021 2:00,0.0,0.0
6/6/2021 3:00,0.0,0.0
6/6/2021 4:00,0.0,0.0
6/6/2021 5:00,0.0,0.0
6/6/2021 6:00,0.0,0.0
6/6/2021 7:00,0.0,0.0
6/6/2021 8:00,1.5,0.09
6/6/2021 9:00,4.0,0.25
6/6/2021 10:00,7.25,0.44
6/6/2021 11:00,9.75,0.6
6/6/2021 12:00,11.25,0.69
6/6/2021 13:00,12.25,0.75
6/6/2021 14:00,12.75,0.78
6/6/2021 15:00,12.25,0.75
6/6/2021 16:00,11.0,0.67
6/6/2021 17:00,9.5,0.58
6/6/2021 18:00,6.75,0.41
6/6/2021 19:00,3.5,0.21
6/6/2021 20:00,1.0,0.06
6/6/2021 21:00,0.25,0.02
6/6/2021 22:00,0.0,0.0
6/6/2021 23:00,0.0,0.0
6/7/2021 0:00,0.0,0.0
6/7/2021 1:00,0.0,0.0
6/7/2021 2:00,0.0,0.0
6/7/2021 3:00,0.0,0.0
6/7/2021 4:00,0.0,0.0
6/7/2021 5:00,0.0,0.0
6/7/2021 6:00,0.0,0.0
6/7/2021 7:00,0.0,0.0
6/7/2021 8:00,1.25,0.08
6/7/2021 9:00,4.25,0.26
6/7/2021 10:00,7.25,0.44
6/7/2021 11:00,9.5,0.58
6/7/2021 12:00,11.0,0.67
6/7/2021 13:00,11.75,0.72
6/7/2021 14:00,12.0,0.74
6/7/2021 15:00,12.0,0.74
6/7/2021 16:00,11.0,0.67
6/7/2021 17:00,9.25,0.57
6/7/2021 18:00,6.75,0.41
6/7/2021 19:00,3.5,0.21
6/7/2021 20:00,1.0,0.06
6/7/2021 21:00,0.25,0.02
6/7/2021 22:00,0.0,0.0
6/7/2021 23:00,0.0,0.0
6/8/2021 0:00,0.0,0.0
6/8/2021 1:00,0.0,0.0
6/8/2021 2:00,0.0,0.0
6/8/2021 3:00,0.0,0.0
6/8/2021 4:00,0.0,0.0
6/8/2021 5:00,0.0,0.0
6/8/2021 6:00,0.0,0.0
6/8/2021 7:00,0.0,0.0
6/8/2021 8:00,1.25,0.08
6/8/2021 9:00,4.25,0.26
6/8/2021 10:00,7.0,0.43
6/8/2021 11:00,9.5,0.58
6/8/2021 12:00,11.0,0.67
6/8/2021 13:00,11.75,0.72
6/8/2021 14:00,12.25,0.75
6/8/2021 15:00,12.0,0.74
6/8/2021 16:00,11.0,0.67
6/8/2021 17:00,9.5,0.58
6/8/2021 18:00,6.5,0.4
6/8/2021 19:00,3.0,0.18
6/8/2021 20:00,1.5,0.09
6/8/2021 21:00,0.25,0.02
6/8/2021 22:00,0.0,0.0
6/8/2021 23:00,0.0,0.0
6/9/2021 0:00,0.0,0.0
6/9/2021 1:00,0.0,0.0
6/9/2021 2:00,0.0,0.0
6/9/2021 3:00,0.0,0.0
6/9/2021 4:00,0.0,0.0
6/9/2021 5:00,0.0,0.0
6/9/2021 6:00,0.0,0.0
6/9/2021 7:00,0.25,0.02
6/9/2021 8:00,1.5,0.09
6/9/2021 9:00,3.75,0.23
6/9/2021 10:00,4.25,0.26
6/9/2021 11:00,8.0,0.49
6/9/2021 12:00,11.25,0.69
6/9/2021 13:00,12.25,0.75
6/9/2021 14:00,12.5,0.77
6/9/2021 15:00,12.25,0.75
6/9/2021 16:00,11.25,0.69
6/9/2021 17:00,9.5,0.58
6/9/2021 18:00,6.75,0.41
6/9/2021 19:00,3.5,0.21
6/9/2021 20:00,1.0,0.06
6/9/2021 21:00,0.25,0.02
6/9/2021 22:00,0.0,0.0
6/9/2021 23:00,0.0,0.0
6/10/2021 0:00,0.0,0.0
6/10/2021 1:00,0.0,0.0
6/10/2021 2:00,0.0,0.0
6/10/2021 3:00,0.0,0.0
6/10/2021 4:00,0.0,0.0
6/10/2021 5:00,0.0,0.0
6/10/2021 6:00,0.0,0.0
6/10/2021 7:00,0.25,0.02
6/10/2021 8:00,1.25,0.08
6/10/2021 9:00,3.75,0.23
6/10/2021 10:00,7.0,0.43
6/10/2021 11:00,9.25,0.57
6/10/2021 12:00,11.0,0.67
6/10/2021 13:00,12.0,0.74
6/10/2021 14:00,12.5,0.77
6/10/2021 15:00,12.0,0.74
6/10/2021 16:00,11.5,0.7
6/10/2021 17:00,9.5,0.58
6/10/2021 18:00,6.75,0.41
6/10/2021 19:00,3.5,0.21
6/10/2021 20:00,1.25,0.08
6/10/2021 21:00,0.25,0.02
6/10/2021 22:00,0.0,0.0
6/10/2021 23:00,0.0,0.0
6/11/2021 0:00,0.0,0.0
6/11/2021 1:00,0.0,0.0
6/11/2021 2:00,0.0,0.0
6/11/2021 3:00,0.0,0.0
6/11/2021 4:00,0.0,0.0
6/11/2021 5:00,0.0,0.0
6/11/2021 6:00,0.0,0.0
6/11/2021 7:00,0.0,0.0
6/11/2021 8:00,1.5,0.09
6/11/2021 9:00,4.0,0.25
6/11/2021 10:00,7.5,0.46
6/11/2021 11:00,9.5,0.58
6/11/2021 12:00,11.75,0.72
6/11/2021 13:00,12.75,0.78
6/11/2021 14:00,13.25,0.81
6/11/2021 15:00,12.75,0.78
6/11/2021 16:00,11.75,0.72
6/11/2021 17:00,9.75,0.6
6/11/2021 18:00,6.75,0.41
6/11/2021 19:00,3.75,0.23
6/11/2021 20:00,1.0,0.06
6/11/2021 21:00,0.25,0.02
6/11/2021 22:00,0.0,0.0
6/11/2021 23:00,0.0,0.0
6/12/2021 0:00,0.0,0.0
6/12/2021 1:00,0.0,0.0
6/12/2021 2:00,0.0,0.0
6/12/2021 3:00,0.0,0.0
6/12/2021 4:00,0.0,0.0
6/12/2021 5:00,0.0,0.0
6/12/2021 6:00,0.0,0.0
6/12/2021 7:00,0.0,0.0
6/12/2021 8:00,0.75,0.05
6/12/2021 9:00,2.0,0.12
6/12/2021 10:00,3.75,0.23
6/12/2021 11:00,7.25,0.44
6/12/2021 12:00,8.0,0.49
6/12/2021 13:00,9.0,0.55
6/12/2021 14:00,11.0,0.67
6/12/2021 15:00,8.75,0.54
6/12/2021 16:00,5.0,0.31
6/12/2021 17:00,9.5,0.58
6/12/2021 18:00,5.75,0.35
6/12/2021 19:00,3.5,0.21
6/12/2021 20:00,1.25,0.08
6/12/2021 21:00,0.25,0.02
6/12/2021 22:00,0.0,0.0
6/12/2021 23:00,0.0,0.0
6/13/2021 0:00,0.0,0.0
6/13/2021 1:00,0.0,0.0
6/13/2021 2:00,0.0,0.0
6/13/2021 3:00,0.0,0.0
6/13/2021 4:00,0.0,0.0
6/13/2021 5:00,0.0,0.0
6/13/2021 6:00,0.0,0.0
6/13/2021 7:00,0.25,0.02
6/13/2021 8:00,0.75,0.05
6/13/2021 9:00,3.0,0.18
6/13/2021 10:00,5.25,0.32
6/13/2021 11:00,9.25,0.57
6/13/2021 12:00,11.25,0.69
6/13/2021 13:00,12.0,0.74
6/13/2021 14:00,12.75,0.78
6/13/2021 15:00,12.0,0.74
6/13/2021 16:00,11.25,0.69
6/13/2021 17:00,9.25,0.57
6/13/2021 18:00,7.0,0.43
6/13/2021 19:00,3.5,0.21
6/13/2021 20:00,1.25,0.08
6/13/2021 21:00,0.25,0.02
6/13/2021 22:00,0.0,0.0
6/13/2021 23:00,0.0,0.0
6/14/2021 0:00,0.0,0.0
6/14/2021 1:00,0.0,0.0
6/14/2021 2:00,0.0,0.0
6/14/2021 3:00,0.0,0.0
6/14/2021 4:00,0.0,0.0
6/14/2021 5:00,0.0,0.0
6/14/2021 6:00,0.0,0.0
6/14/2021 7:00,0.0,0.0
6/14/2021 8:00,1.5,0.09
6/14/2021 9:00,4.0,0.25
6/14/2021 10:00,7.25,0.44
6/14/2021 11:00,9.75,0.6
6/14/2021 12:00,11.5,0.7
6/14/2021 13:00,12.5,0.77
6/14/2021 14:00,13.0,0.8
6/14/2021 15:00,12.75,0.78
6/14/2021 16:00,11.75,0.72
6/14/2021 17:00,9.75,0.6
6/14/2021 18:00,7.0,0.43
6/14/2021 19:00,3.5,0.21
6/14/2021 20:00,1.25,0.08
6/14/2021 21:00,0.25,0.02
6/14/2021 22:00,0.0,0.0
6/14/2021 23:00,0.0,0.0
6/15/2021 0:00,0.0,0.0
6/15/2021 1:00,0.0,0.0
6/15/2021 2:00,0.0,0.0
6/15/2021 3:00,0.0,0.0
6/15/2021 4:00,0.0,0.0
6/15/2021 5:00,0.0,0.0
6/15/2021 6:00,0.0,0.0
6/15/2021 7:00,0.0,0.0
6/15/2021 8:00,0.75,0.05
6/15/2021 9:00,1.75,0.11
6/15/2021 10:00,2.5,0.15
6/15/2021 11:00,5.5,0.34
6/15/2021 12:00,6.75,0.41
6/15/2021 13:00,7.25,0.44
6/15/2021 14:00,11.25,0.69
6/15/2021 15:00,10.75,0.66
6/15/2021 16:00,11.25,0.69
6/15/2021 17:00,9.75,0.6
6/15/2021 18:00,6.75,0.41
6/15/2021 19:00,3.75,0.23
6/15/2021 20:00,1.25,0.08
6/15/2021 21:00,0.25,0.02
6/15/2021 22:00,0.0,0.0
6/15/2021 23:00,0.0,0.0
6/16/2021 0:00,0.0,0.0
6/16/2021 1:00,0.0,0.0
6/16/2021 2:00,0.0,0.0
6/16/2021 3:00,0.0,0.0
6/16/2021 4:00,0.0,0.0
6/16/2021 5:00,0.0,0.0
6/16/2021 6:00,0.0,0.0
6/16/2021 7:00,0.0,0.0
6/16/2021 8:00,1.0,0.06
6/16/2021 9:00,2.5,0.15
6/16/2021 10:00,6.25,0.38
6/16/2021 11:00,3.5,0.21
6/16/2021 12:00,4.5,0.28
6/16/2021 13:00,10.5,0.64
6/16/2021 14:00,8.5,0.52
6/16/2021 15:00,10.25,0.63
6/16/2021 16:00,10.0,0.61
6/16/2021 17:00,7.25,0.44
6/16/2021 18:00,2.5,0.15
6/16/2021 19:00,2.75,0.17
6/16/2021 20:00,0.5,0.03
6/16/2021 21:00,0.25,0.02
6/16/2021 22:00,0.0,0.0
6/16/2021 23:00,0.0,0.0
6/17/2021 0:00,0.0,0.0
6/17/2021 1:00,0.0,0.0
6/17/2021 2:00,0.0,0.0
6/17/2021 3:00,0.0,0.0
6/17/2021 4:00,0.0,0.0
6/17/2021 5:00,0.0,0.0
6/17/2021 6:00,0.0,0.0
6/17/2021 7:00,0.0,0.0
6/17/2021 8:00,1.25,0.08
6/17/2021 9:00,2.5,0.15
6/17/2021 10:00,3.5,0.21
6/17/2021 11:00,5.0,0.31
6/17/2021 12:00,7.5,0.46
6/17/2021 13:00,7.5,0.46
6/17/2021 14:00,8.5,0.52
6/17/2021 15:00,11.25,0.69
6/17/2021 16:00,11.25,0.69
6/17/2021 17:00,10.0,0.61
6/17/2021 18:00,7.0,0.43
6/17/2021 19:00,3.75,0.23
6/17/2021 20:00,1.75,0.11
6/17/2021 21:00,0.0,0.0
6/17/2021 22:00,0.0,0.0
6/17/2021 23:00,0.0,0.0
6/18/2021 0:00,0.0,0.0
6/18/2021 1:00,0.0,0.0
6/18/2021 2:00,0.0,0.0
6/18/2021 3:00,0.0,0.0
6/18/2021 4:00,0.0,0.0
6/18/2021 5:00,0.0,0.0
6/18/2021 6:00,0.0,0.0
6/18/2021 7:00,0.25,0.02
6/18/2021 8:00,1.25,0.08
6/18/2021 9:00,2.75,0.17
6/18/2021 10:00,5.0,0.31
6/18/2021 11:00,8.5,0.52
6/18/2021 12:00,10.5,0.64
6/18/2021 13:00,10.75,0.66
6/18/2021 14:00,13.5,0.83
6/18/2021 15:00,13.0,0.8
6/18/2021 16:00,12.25,0.75
6/18/2021 17:00,10.25,0.63
6/18/2021 18:00,7.0,0.43
6/18/2021 19:00,3.75,0.23
6/18/2021 20:00,1.5,0.09
6/18/2021 21:00,0.0,0.0
6/18/2021 22:00,0.0,0.0
6/18/2021 23:00,0.0,0.0
6/19/2021 0:00,0.0,0.0
6/19/2021 1:00,0.0,0.0
6/19/2021 2:00,0.0,0.0
6/19/2021 3:00,0.0,0.0
6/19/2021 4:00,0.0,0.0
6/19/2021 5:00,0.0,0.0
6/19/2021 6:00,0.0,0.0
6/19/2021 7:00,0.25,0.02
6/19/2021 8:00,1.5,0.09
6/19/2021 9:00,4.0,0.25
6/19/2021 10:00,7.0,0.43
6/19/2021 11:00,8.75,0.54
6/19/2021 12:00,3.75,0.23
6/19/2021 13:00,4.75,0.29
6/19/2021 14:00,7.5,0.46
6/19/2021 15:00,6.5,0.4
6/19/2021 16:00,3.5,0.21
6/19/2021 17:00,3.5,0.21
6/19/2021 18:00,1.25,0.08
6/19/2021 19:00,0.5,0.03
6/19/2021 20:00,0.75,0.05
6/19/2021 21:00,0.0,0.0
6/19/2021 22:00,0.0,0.0
6/19/2021 23:00,0.0,0.0
6/20/2021 0:00,0.0,0.0
6/20/2021 1:00,0.0,0.0
6/20/2021 2:00,0.0,0.0
6/20/2021 3:00,0.0,0.0
6/20/2021 4:00,0.0,0.0
6/20/2021 5:00,0.0,0.0
6/20/2021 6:00,0.0,0.0
6/20/2021 7:00,0.25,0.02
6/20/2021 8:00,1.25,0.08
6/20/2021 9:00,2.75,0.17
6/20/2021 10:00,4.75,0.29
6/20/2021 11:00,6.25,0.38
6/20/2021 12:00,2.75,0.17
6/20/2021 13:00,2.25,0.14
6/20/2021 14:00,5.5,0.34
6/20/2021 15:00,5.75,0.35
6/20/2021 16:00,2.5,0.15
6/20/2021 17:00,5.5,0.34
6/20/2021 18:00,3.5,0.21
6/20/2021 19:00,3.0,0.18
6/20/2021 20:00,1.75,0.11
6/20/2021 21:00,0.0,0.0
6/20/2021 22:00,0.0,0.0
6/20/2021 23:00,0.0,0.0
6/21/2021 0:00,0.0,0.0
6/21/2021 1:00,0.0,0.0
6/21/2021 2:00,0.0,0.0
6/21/2021 3:00,0.0,0.0
6/21/2021 4:00,0.0,0.0
6/21/2021 5:00,0.0,0.0
6/21/2021 6:00,0.0,0.0
6/21/2021 7:00,0.25,0.02
6/21/2021 8:00,1.0,0.06
6/21/2021 9:00,2.0,0.12
6/21/2021 10:00,5.25,0.32
6/21/2021 11:00,5.0,0.31
6/21/2021 12:00,4.0,0.25
6/21/2021 13:00,5.5,0.34
6/21/2021 14:00,2.75,0.17
6/21/2021 15:00,5.5,0.34
6/21/2021 16:00,5.5,0.34
6/21/2021 17:00,9.25,0.57
6/21/2021 18:00,4.75,0.29
6/21/2021 19:00,2.75,0.17
6/21/2021 20:00,1.25,0.08
6/21/2021 21:00,0.25,0.02
6/21/2021 22:00,0.0,0.0
6/21/2021 23:00,0.0,0.0
6/22/2021 0:00,0.0,0.0
6/22/2021 1:00,0.0,0.0
6/22/2021 2:00,0.0,0.0
6/22/2021 3:00,0.0,0.0
6/22/2021 4:00,0.0,0.0
6/22/2021 5:00,0.0,0.0
6/22/2021 6:00,0.0,0.0
6/22/2021 7:00,0.25,0.02
6/22/2021 8:00,1.25,0.08
6/22/2021 9:00,4.25,0.26
6/22/2021 10:00,6.75,0.41
6/22/2021 11:00,10.5,0.64
6/22/2021 12:00,11.75,0.72
6/22/2021 13:00,13.0,0.8
6/22/2021 14:00,13.25,0.81
6/22/2021 15:00,13.25,0.81
6/22/2021 16:00,12.0,0.74
6/22/2021 17:00,8.75,0.54
6/22/2021 18:00,6.0,0.37
6/22/2021 19:00,4.0,0.25
6/22/2021 20:00,1.25,0.08
6/22/2021 21:00,0.25,0.02
6/22/2021 22:00,0.0,0.0
6/22/2021 23:00,0.0,0.0
6/23/2021 0:00,0.0,0.0
6/23/2021 1:00,0.0,0.0
6/23/2021 2:00,0.0,0.0
6/23/2021 3:00,0.0,0.0
6/23/2021 4:00,0.0,0.0
6/23/2021 5:00,0.0,0.0
6/23/2021 6:00,0.0,0.0
6/23/2021 7:00,0.0,0.0
6/23/2021 8:00,1.25,0.08
6/23/2021 9:00,4.25,0.26
6/23/2021 10:00,7.25,0.44
6/23/2021 11:00,10.0,0.61
6/23/2021 12:00,11.5,0.7
6/23/2021 13:00,13.0,0.8
6/23/2021 14:00,13.25,0.81
6/23/2021 15:00,12.5,0.77
6/23/2021 16:00,11.75,0.72
6/23/2021 17:00,10.0,0.61
6/23/2021 18:00,7.25,0.44
6/23/2021 19:00,3.75,0.23
6/23/2021 20:00,1.25,0.08
6/23/2021 21:00,0.25,0.02
6/23/2021 22:00,0.0,0.0
6/23/2021 23:00,0.0,0.0
6/24/2021 0:00,0.0,0.0
6/24/2021 1:00,0.0,0.0
6/24/2021 2:00,0.0,0.0
6/24/2021 3:00,0.0,0.0
6/24/2021 4:00,0.0,0.0
6/24/2021 5:00,0.0,0.0
6/24/2021 6:00,0.0,0.0
6/24/2021 7:00,0.0,0.0
6/24/2021 8:00,1.25,0.08
6/24/2021 9:00,4.0,0.25
6/24/2021 10:00,7.25,0.44
6/24/2021 11:00,9.75,0.6
6/24/2021 12:00,11.5,0.7
6/24/2021 13:00,12.25,0.75
6/24/2021 14:00,12.5,0.77
6/24/2021 15:00,12.25,0.75
6/24/2021 16:00,11.25,0.69
6/24/2021 17:00,9.75,0.6
6/24/2021 18:00,7.25,0.44
6/24/2021 19:00,3.75,0.23
6/24/2021 20:00,1.25,0.08
6/24/2021 21:00,0.25,0.02
6/24/2021 22:00,0.0,0.0
6/24/2021 23:00,0.0,0.0
6/25/2021 0:00,0.0,0.0
6/25/2021 1:00,0.0,0.0
6/25/2021 2:00,0.0,0.0
6/25/2021 3:00,0.0,0.0
6/25/2021 4:00,0.0,0.0
6/25/2021 5:00,0.0,0.0
6/25/2021 6:00,0.0,0.0
6/25/2021 7:00,0.25,0.02
6/25/2021 8:00,1.0,0.06
6/25/2021 9:00,4.0,0.25
6/25/2021 10:00,7.25,0.44
6/25/2021 11:00,9.75,0.6
6/25/2021 12:00,11.25,0.69
6/25/2021 13:00,12.25,0.75
6/25/2021 14:00,13.0,0.8
6/25/2021 15:00,12.25,0.75
6/25/2021 16:00,11.75,0.72
6/25/2021 17:00,9.75,0.6
6/25/2021 18:00,7.25,0.44
6/25/2021 19:00,3.75,0.23
6/25/2021 20:00,1.25,0.08
6/25/2021 21:00,0.25,0.02
6/25/2021 22:00,0.0,0.0
6/25/2021 23:00,0.0,0.0
6/26/2021 0:00,0.0,0.0
6/26/2021 1:00,0.0,0.0
6/26/2021 2:00,0.0,0.0
6/26/2021 3:00,0.0,0.0
6/26/2021 4:00,0.0,0.0
6/26/2021 5:00,0.0,0.0
6/26/2021 6:00,0.0,0.0
6/26/2021 7:00,0.25,0.02
6/26/2021 8:00,1.25,0.08
6/26/2021 9:00,3.75,0.23
6/26/2021 10:00,7.0,0.43
6/26/2021 11:00,9.5,0.58
6/26/2021 12:00,11.5,0.7
6/26/2021 13:00,12.0,0.74
6/26/2021 14:00,12.75,0.78
6/26/2021 15:00,12.25,0.75
6/26/2021 16:00,11.75,0.72
6/26/2021 17:00,9.75,0.6
6/26/2021 18:00,7.0,0.43
6/26/2021 19:00,3.75,0.23
6/26/2021 20:00,1.25,0.08
6/26/2021 21:00,0.25,0.02
6/26/2021 22:00,0.0,0.0
6/26/2021 23:00,0.0,0.0
6/27/2021 0:00,0.0,0.0
6/27/2021 1:00,0.0,0.0
6/27/2021 2:00,0.0,0.0
6/27/2021 3:00,0.0,0.0
6/27/2021 4:00,0.0,0.0
6/27/2021 5:00,0.0,0.0
6/27/2021 6:00,0.0,0.0
6/27/2021 7:00,0.25,0.02
6/27/2021 8:00,1.25,0.08
6/27/2021 9:00,4.0,0.25
6/27/2021 10:00,7.5,0.46
6/27/2021 11:00,10.0,0.61
6/27/2021 12:00,12.0,0.74
6/27/2021 13:00,13.0,0.8
6/27/2021 14:00,13.5,0.83
6/27/2021 15:00,13.25,0.81
6/27/2021 16:00,12.0,0.74
6/27/2021 17:00,10.0,0.61
6/27/2021 18:00,7.0,0.43
6/27/2021 19:00,4.0,0.25
6/27/2021 20:00,1.25,0.08
6/27/2021 21:00,0.0,0.0
6/27/2021 22:00,0.0,0.0
6/27/2021 23:00,0.0,0.0
6/28/2021 0:00,0.0,0.0
6/28/2021 1:00,0.0,0.0
6/28/2021 2:00,0.0,0.0
6/28/2021 3:00,0.0,0.0
6/28/2021 4:00,0.0,0.0
6/28/2021 5:00,0.0,0.0
6/28/2021 6:00,0.0,0.0
6/28/2021 7:00,0.25,0.02
6/28/2021 8:00,1.25,0.08
6/28/2021 9:00,4.0,0.25
6/28/2021 10:00,7.5,0.46
6/28/2021 11:00,10.25,0.63
6/28/2021 12:00,11.5,0.7
6/28/2021 13:00,12.75,0.78
6/28/2021 14:00,13.25,0.81
6/28/2021 15:00,13.0,0.8
6/28/2021 16:00,11.75,0.72
6/28/2021 17:00,9.75,0.6
6/28/2021 18:00,7.25,0.44
6/28/2021 19:00,4.0,0.25
6/28/2021 20:00,1.25,0.08
6/28/2021 21:00,0.25,0.02
6/28/2021 22:00,0.0,0.0
6/28/2021 23:00,0.0,0.0
6/29/2021 0:00,0.0,0.0
6/29/2021 1:00,0.0,0.0
6/29/2021 2:00,0.0,0.0
6/29/2021 3:00,0.0,0.0
6/29/2021 4:00,0.0,0.0
6/29/2021 5:00,0.0,0.0
6/29/2021 6:00,0.0,0.0
6/29/2021 7:00,0.25,0.02
6/29/2021 8:00,1.25,0.08
6/29/2021 9:00,4.0,0.25
6/29/2021 10:00,7.25,0.44
6/29/2021 11:00,10.0,0.61
6/29/2021 12:00,11.5,0.7
6/29/2021 13:00,12.75,0.78
6/29/2021 14:00,13.25,0.81
6/29/2021 15:00,12.75,0.78
6/29/2021 16:00,11.75,0.72
6/29/2021 17:00,10.0,0.61
6/29/2021 18:00,7.25,0.44
6/29/2021 19:00,3.75,0.23
6/29/2021 20:00,1.5,0.09
6/29/2021 21:00,0.0,0.0
6/29/2021 22:00,0.0,0.0
6/29/2021 23:00,0.0,0.0
6/30/2021 0:00,0.0,0.0
6/30/2021 1:00,0.0,0.0
6/30/2021 2:00,0.0,0.0
6/30/2021 3:00,0.0,0.0
6/30/2021 4:00,0.0,0.0
6/30/2021 5:00,0.0,0.0
6/30/2021 6:00,0.0,0.0
6/30/2021 7:00,0.25,0.02
6/30/2021 8:00,1.25,0.08
6/30/2021 9:00,4.0,0.25
6/30/2021 10:00,7.25,0.44
6/30/2021 11:00,10.0,0.61
6/30/2021 12:00,12.0,0.74
6/30/2021 13:00,12.75,0.78
6/30/2021 14:00,13.5,0.83
6/30/2021 15:00,13.0,0.8
6/30/2021 16:00,12.25,0.75
6/30/2021 17:00,10.0,0.61
6/30/2021 18:00,7.25,0.44
6/30/2021 19:00,4.0,0.25
6/30/2021 20:00,1.25,0.08
6/30/2021 21:00,0.25,0.02
6/30/2021 22:00,0.0,0.0
6/30/2021 23:00,0.0,0.0
7/1/2021 0:00,0.0,0.0
7/1/2021 1:00,0.0,0.0
7/1/2021 2:00,0.0,0.0
7/1/2021 3:00,0.0,0.0
7/1/2021 4:00,0.0,0.0
7/1/2021 5:00,0.0,0.0
7/1/2021 6:00,0.0,0.0
7/1/2021 7:00,0.0,0.0
7/1/2021 8:00,1.25,0.08
7/1/2021 9:00,4.0,0.25
7/1/2021 10:00,7.0,0.43
7/1/2021 11:00,9.75,0.6
7/1/2021 12:00,11.5,0.7
7/1/2021 13:00,12.75,0.78
7/1/2021 14:00,13.25,0.81
7/1/2021 15:00,12.75,0.78
7/1/2021 16:00,11.75,0.72
7/1/2021 17:00,10.0,0.61
7/1/2021 18:00,7.0,0.43
7/1/2021 19:00,4.0,0.25
7/1/2021 20:00,1.25,0.08
7/1/2021 21:00,0.25,0.02
7/1/2021 22:00,0.0,0.0
7/1/2021 23:00,0.0,0.0
7/2/2021 0:00,0.0,0.0
7/2/2021 1:00,0.0,0.0
7/2/2021 2:00,0.0,0.0
7/2/2021 3:00,0.0,0.0
7/2/2021 4:00,0.0,0.0
7/2/2021 5:00,0.0,0.0
7/2/2021 6:00,0.0,0.0
7/2/2021 7:00,0.0,0.0
7/2/2021 8:00,1.25,0.08
7/2/2021 9:00,4.0,0.25
7/2/2021 10:00,7.25,0.44
7/2/2021 11:00,10.0,0.61
7/2/2021 12:00,11.75,0.72
7/2/2021 13:00,12.75,0.78
7/2/2021 14:00,13.25,0.81
7/2/2021 15:00,12.75,0.78
7/2/2021 16:00,11.75,0.72
7/2/2021 17:00,10.0,0.61
7/2/2021 18:00,7.25,0.44
7/2/2021 19:00,3.75,0.23
7/2/2021 20:00,1.25,0.08
7/2/2021 21:00,0.25,0.02
7/2/2021 22:00,0.0,0.0
7/2/2021 23:00,0.0,0.0
7/3/2021 0:00,0.0,0.0
7/3/2021 1:00,0.0,0.0
7/3/2021 2:00,0.0,0.0
7/3/2021 3:00,0.0,0.0
7/3/2021 4:00,0.0,0.0
7/3/2021 5:00,0.0,0.0
7/3/2021 6:00,0.0,0.0
7/3/2021 7:00,0.25,0.02
7/3/2021 8:00,1.0,0.06
7/3/2021 9:00,4.0,0.25
7/3/2021 10:00,7.0,0.43
7/3/2021 11:00,9.75,0.6
7/3/2021 12:00,11.25,0.69
7/3/2021 13:00,12.25,0.75
7/3/2021 14:00,12.75,0.78
7/3/2021 15:00,12.5,0.77
7/3/2021 16:00,11.5,0.7
7/3/2021 17:00,9.75,0.6
7/3/2021 18:00,6.75,0.41
7/3/2021 19:00,3.5,0.21
7/3/2021 20:00,1.25,0.08
7/3/2021 21:00,0.25,0.02
7/3/2021 22:00,0.0,0.0
7/3/2021 23:00,0.0,0.0
7/4/2021 0:00,0.0,0.0
7/4/2021 1:00,0.0,0.0
7/4/2021 2:00,0.0,0.0
7/4/2021 3:00,0.0,0.0
7/4/2021 4:00,0.0,0.0
7/4/2021 5:00,0.0,0.0
7/4/2021 6:00,0.0,0.0
7/4/2021 7:00,0.0,0.0
7/4/2021 8:00,1.25,0.08
7/4/2021 9:00,3.75,0.23
7/4/2021 10:00,7.25,0.44
7/4/2021 11:00,9.75,0.6
7/4/2021 12:00,11.75,0.72
7/4/2021 13:00,12.75,0.78
7/4/2021 14:00,13.25,0.81
7/4/2021 15:00,12.75,0.78
7/4/2021 16:00,11.5,0.7
7/4/2021 17:00,9.75,0.6
7/4/2021 18:00,7.0,0.43
7/4/2021 19:00,3.75,0.23
7/4/2021 20:00,1.25,0.08
7/4/2021 21:00,0.0,0.0
7/4/2021 22:00,0.0,0.0
7/4/2021 23:00,0.0,0.0
7/5/2021 0:00,0.0,0.0
7/5/2021 1:00,0.0,0.0
7/5/2021 2:00,0.0,0.0
7/5/2021 3:00,0.0,0.0
7/5/2021 4:00,0.0,0.0
7/5/2021 5:00,0.0,0.0
7/5/2021 6:00,0.0,0.0
7/5/2021 7:00,0.25,0.02
7/5/2021 8:00,1.0,0.06
7/5/2021 9:00,3.75,0.23
7/5/2021 10:00,7.0,0.43
7/5/2021 11:00,9.5,0.58
7/5/2021 12:00,11.5,0.7
7/5/2021 13:00,12.5,0.77
7/5/2021 14:00,13.0,0.8
7/5/2021 15:00,12.5,0.77
7/5/2021 16:00,11.5,0.7
7/5/2021 17:00,9.5,0.58
7/5/2021 18:00,7.0,0.43
7/5/2021 19:00,3.5,0.21
7/5/2021 20:00,1.25,0.08
7/5/2021 21:00,0.0,0.0
7/5/2021 22:00,0.0,0.0
7/5/2021 23:00,0.0,0.0
7/6/2021 0:00,0.0,0.0
7/6/2021 1:00,0.0,0.0
7/6/2021 2:00,0.0,0.0
7/6/2021 3:00,0.0,0.0
7/6/2021 4:00,0.0,0.0
7/6/2021 5:00,0.0,0.0
7/6/2021 6:00,0.0,0.0
7/6/2021 7:00,0.25,0.02
7/6/2021 8:00,1.25,0.08
7/6/2021 9:00,3.5,0.21
7/6/2021 10:00,7.0,0.43
7/6/2021 11:00,9.25,0.57
7/6/2021 12:00,11.25,0.69
7/6/2021 13:00,12.5,0.77
7/6/2021 14:00,13.0,0.8
7/6/2021 15:00,12.75,0.78
7/6/2021 16:00,11.75,0.72
7/6/2021 17:00,9.75,0.6
7/6/2021 18:00,5.25,0.32
7/6/2021 19:00,4.0,0.25
7/6/2021 20:00,1.25,0.08
7/6/2021 21:00,0.25,0.02
7/6/2021 22:00,0.0,0.0
7/6/2021 23:00,0.0,0.0
7/7/2021 0:00,0.0,0.0
7/7/2021 1:00,0.0,0.0
7/7/2021 2:00,0.0,0.0
7/7/2021 3:00,0.0,0.0
7/7/2021 4:00,0.0,0.0
7/7/2021 5:00,0.0,0.0
7/7/2021 6:00,0.0,0.0
7/7/2021 7:00,0.0,0.0
7/7/2021 8:00,1.0,0.06
7/7/2021 9:00,4.0,0.25
7/7/2021 10:00,7.25,0.44
7/7/2021 11:00,10.0,0.61
7/7/2021 12:00,11.75,0.72
7/7/2021 13:00,12.75,0.78
7/7/2021 14:00,12.75,0.78
7/7/2021 15:00,12.25,0.75
7/7/2021 16:00,11.5,0.7
7/7/2021 17:00,9.25,0.57
7/7/2021 18:00,7.0,0.43
7/7/2021 19:00,3.75,0.23
7/7/2021 20:00,1.5,0.09
7/7/2021 21:00,0.0,0.0
7/7/2021 22:00,0.0,0.0
7/7/2021 23:00,0.0,0.0
7/8/2021 0:00,0.0,0.0
7/8/2021 1:00,0.0,0.0
7/8/2021 2:00,0.0,0.0
7/8/2021 3:00,0.0,0.0
7/8/2021 4:00,0.0,0.0
7/8/2021 5:00,0.0,0.0
7/8/2021 6:00,0.0,0.0
7/8/2021 7:00,0.25,0.02
7/8/2021 8:00,1.0,0.06
7/8/2021 9:00,3.75,0.23
7/8/2021 10:00,7.0,0.43
7/8/2021 11:00,9.75,0.6
7/8/2021 12:00,11.5,0.7
7/8/2021 13:00,12.25,0.75
7/8/2021 14:00,12.25,0.75
7/8/2021 15:00,12.0,0.74
7/8/2021 16:00,11.5,0.7
7/8/2021 17:00,9.75,0.6
7/8/2021 18:00,7.0,0.43
7/8/2021 19:00,3.75,0.23
7/8/2021 20:00,1.25,0.08
7/8/2021 21:00,0.25,0.02
7/8/2021 22:00,0.0,0.0
7/8/2021 23:00,0.0,0.0
7/9/2021 0:00,0.0,0.0
7/9/2021 1:00,0.0,0.0
7/9/2021 2:00,0.0,0.0
7/9/2021 3:00,0.0,0.0
7/9/2021 4:00,0.0,0.0
7/9/2021 5:00,0.0,0.0
7/9/2021 6:00,0.0,0.0
7/9/2021 7:00,0.0,0.0
7/9/2021 8:00,1.0,0.06
7/9/2021 9:00,3.5,0.21
7/9/2021 10:00,6.5,0.4
7/9/2021 11:00,9.0,0.55
7/9/2021 12:00,10.75,0.66
7/9/2021 13:00,11.5,0.7
7/9/2021 14:00,11.75,0.72
7/9/2021 15:00,11.75,0.72
7/9/2021 16:00,10.75,0.66
7/9/2021 17:00,9.0,0.55
7/9/2021 18:00,6.25,0.38
7/9/2021 19:00,3.5,0.21
7/9/2021 20:00,1.25,0.08
7/9/2021 21:00,0.25,0.02
7/9/2021 22:00,0.0,0.0
7/9/2021 23:00,0.0,0.0
7/10/2021 0:00,0.0,0.0
7/10/2021 1:00,0.0,0.0
7/10/2021 2:00,0.0,0.0
7/10/2021 3:00,0.0,0.0
7/10/2021 4:00,0.0,0.0
7/10/2021 5:00,0.0,0.0
7/10/2021 6:00,0.0,0.0
7/10/2021 7:00,0.25,0.02
7/10/2021 8:00,1.0,0.06
7/10/2021 9:00,2.75,0.17
7/10/2021 10:00,5.75,0.35
7/10/2021 11:00,8.5,0.52
7/10/2021 12:00,8.75,0.54
7/10/2021 13:00,9.5,0.58
7/10/2021 14:00,11.25,0.69
7/10/2021 15:00,10.25,0.63
7/10/2021 16:00,9.5,0.58
7/10/2021 17:00,7.5,0.46
7/10/2021 18:00,5.25,0.32
7/10/2021 19:00,3.0,0.18
7/10/2021 20:00,1.25,0.08
7/10/2021 21:00,0.25,0.02
7/10/2021 22:00,0.0,0.0
7/10/2021 23:00,0.0,0.0
7/11/2021 0:00,0.0,0.0
7/11/2021 1:00,0.0,0.0
7/11/2021 2:00,0.0,0.0
7/11/2021 3:00,0.0,0.0
7/11/2021 4:00,0.0,0.0
7/11/2021 5:00,0.0,0.0
7/11/2021 6:00,0.0,0.0
7/11/2021 7:00,0.0,0.0
7/11/2021 8:00,0.75,0.05
7/11/2021 9:00,2.25,0.14
7/11/2021 10:00,5.0,0.31
7/11/2021 11:00,7.0,0.43
7/11/2021 12:00,8.5,0.52
7/11/2021 13:00,9.5,0.58
7/11/2021 14:00,9.5,0.58
7/11/2021 15:00,9.75,0.6
7/11/2021 16:00,8.75,0.54
7/11/2021 17:00,6.5,0.4
7/11/2021 18:00,5.0,0.31
7/11/2021 19:00,2.5,0.15
7/11/2021 20:00,1.0,0.06
7/11/2021 21:00,0.25,0.02
7/11/2021 22:00,0.0,0.0
7/11/2021 23:00,0.0,0.0
7/12/2021 0:00,0.0,0.0
7/12/2021 1:00,0.0,0.0
7/12/2021 2:00,0.0,0.0
7/12/2021 3:00,0.0,0.0
7/12/2021 4:00,0.0,0.0
7/12/2021 5:00,0.0,0.0
7/12/2021 6:00,0.0,0.0
7/12/2021 7:00,0.0,0.0
7/12/2021 8:00,1.0,0.06
7/12/2021 9:00,3.5,0.21
7/12/2021 10:00,6.75,0.41
7/12/2021 11:00,9.5,0.58
7/12/2021 12:00,11.25,0.69
7/12/2021 13:00,12.25,0.75
7/12/2021 14:00,12.5,0.77
7/12/2021 15:00,11.75,0.72
7/12/2021 16:00,11.25,0.69
7/12/2021 17:00,9.25,0.57
7/12/2021 18:00,7.0,0.43
7/12/2021 19:00,3.5,0.21
7/12/2021 20:00,1.25,0.08
7/12/2021 21:00,0.25,0.02
7/12/2021 22:00,0.0,0.0
7/12/2021 23:00,0.0,0.0
7/13/2021 0:00,0.0,0.0
7/13/2021 1:00,0.0,0.0
7/13/2021 2:00,0.0,0.0
7/13/2021 3:00,0.0,0.0
7/13/2021 4:00,0.0,0.0
7/13/2021 5:00,0.0,0.0
7/13/2021 6:00,0.0,0.0
7/13/2021 7:00,0.0,0.0
7/13/2021 8:00,1.0,0.06
7/13/2021 9:00,3.75,0.23
7/13/2021 10:00,7.0,0.43
7/13/2021 11:00,9.75,0.6
7/13/2021 12:00,11.5,0.7
7/13/2021 13:00,12.5,0.77
7/13/2021 14:00,12.5,0.77
7/13/2021 15:00,12.5,0.77
7/13/2021 16:00,11.5,0.7
7/13/2021 17:00,9.75,0.6
7/13/2021 18:00,7.0,0.43
7/13/2021 19:00,3.5,0.21
7/13/2021 20:00,1.25,0.08
7/13/2021 21:00,0.25,0.02
7/13/2021 22:00,0.0,0.0
7/13/2021 23:00,0.0,0.0
7/14/2021 0:00,0.0,0.0
7/14/2021 1:00,0.0,0.0
7/14/2021 2:00,0.0,0.0
7/14/2021 3:00,0.0,0.0
7/14/2021 4:00,0.0,0.0
7/14/2021 5:00,0.0,0.0
7/14/2021 6:00,0.0,0.0
7/14/2021 7:00,0.0,0.0
7/14/2021 8:00,1.0,0.06
7/14/2021 9:00,3.25,0.2
7/14/2021 10:00,6.75,0.41
7/14/2021 11:00,9.25,0.57
7/14/2021 12:00,11.0,0.67
7/14/2021 13:00,12.0,0.74
7/14/2021 14:00,12.5,0.77
7/14/2021 15:00,12.0,0.74
7/14/2021 16:00,11.25,0.69
7/14/2021 17:00,9.75,0.6
7/14/2021 18:00,6.75,0.41
7/14/2021 19:00,3.75,0.23
7/14/2021 20:00,1.0,0.06
7/14/2021 21:00,0.25,0.02
7/14/2021 22:00,0.0,0.0
7/14/2021 23:00,0.0,0.0
7/15/2021 0:00,0.0,0.0
7/15/2021 1:00,0.0,0.0
7/15/2021 2:00,0.0,0.0
7/15/2021 3:00,0.0,0.0
7/15/2021 4:00,0.0,0.0
7/15/2021 5:00,0.0,0.0
7/15/2021 6:00,0.0,0.0
7/15/2021 7:00,0.0,0.0
7/15/2021 8:00,1.0,0.06
7/15/2021 9:00,3.25,0.2
7/15/2021 10:00,6.5,0.4
7/15/2021 11:00,9.0,0.55
7/15/2021 12:00,11.0,0.67
7/15/2021 13:00,11.75,0.72
7/15/2021 14:00,12.0,0.74
7/15/2021 15:00,11.75,0.72
7/15/2021 16:00,10.75,0.66
7/15/2021 17:00,9.25,0.57
7/15/2021 18:00,6.5,0.4
7/15/2021 19:00,3.25,0.2
7/15/2021 20:00,1.25,0.08
7/15/2021 21:00,0.25,0.02
7/15/2021 22:00,0.0,0.0
7/15/2021 23:00,0.0,0.0
7/16/2021 0:00,0.0,0.0
7/16/2021 1:00,0.0,0.0
7/16/2021 2:00,0.0,0.0
7/16/2021 3:00,0.0,0.0
7/16/2021 4:00,0.0,0.0
7/16/2021 5:00,0.0,0.0
7/16/2021 6:00,0.0,0.0
7/16/2021 7:00,0.0,0.0
7/16/2021 8:00,1.0,0.06
7/16/2021 9:00,3.25,0.2
7/16/2021 10:00,6.5,0.4
7/16/2021 11:00,9.25,0.57
7/16/2021 12:00,10.75,0.66
7/16/2021 13:00,11.75,0.72
7/16/2021 14:00,11.75,0.72
7/16/2021 15:00,11.5,0.7
7/16/2021 16:00,10.5,0.64
7/16/2021 17:00,9.0,0.55
7/16/2021 18:00,6.5,0.4
7/16/2021 19:00,3.25,0.2
7/16/2021 20:00,1.25,0.08
7/16/2021 21:00,0.25,0.02
7/16/2021 22:00,0.0,0.0
7/16/2021 23:00,0.0,0.0
7/17/2021 0:00,0.0,0.0
7/17/2021 1:00,0.0,0.0
7/17/2021 2:00,0.0,0.0
7/17/2021 3:00,0.0,0.0
7/17/2021 4:00,0.0,0.0
7/17/2021 5:00,0.0,0.0
7/17/2021 6:00,0.0,0.0
7/17/2021 7:00,0.0,0.0
7/17/2021 8:00,1.0,0.06
7/17/2021 9:00,3.25,0.2
7/17/2021 10:00,6.5,0.4
7/17/2021 11:00,9.25,0.57
7/17/2021 12:00,11.0,0.67
7/17/2021 13:00,12.0,0.74
7/17/2021 14:00,12.75,0.78
7/17/2021 15:00,12.5,0.77
7/17/2021 16:00,11.5,0.7
7/17/2021 17:00,9.5,0.58
7/17/2021 18:00,6.75,0.41
7/17/2021 19:00,3.25,0.2
7/17/2021 20:00,1.25,0.08
7/17/2021 21:00,0.0,0.0
7/17/2021 22:00,0.0,0.0
7/17/2021 23:00,0.0,0.0
7/18/2021 0:00,0.0,0.0
7/18/2021 1:00,0.0,0.0
7/18/2021 2:00,0.0,0.0
7/18/2021 3:00,0.0,0.0
7/18/2021 4:00,0.0,0.0
7/18/2021 5:00,0.0,0.0
7/18/2021 6:00,0.0,0.0
7/18/2021 7:00,0.25,0.02
7/18/2021 8:00,1.0,0.06
7/18/2021 9:00,3.0,0.18
7/18/2021 10:00,6.5,0.4
7/18/2021 11:00,9.25,0.57
7/18/2021 12:00,10.75,0.66
7/18/2021 13:00,11.75,0.72
7/18/2021 14:00,12.0,0.74
7/18/2021 15:00,12.0,0.74
7/18/2021 16:00,11.0,0.67
7/18/2021 17:00,9.0,0.55
7/18/2021 18:00,6.5,0.4
7/18/2021 19:00,3.25,0.2
7/18/2021 20:00,1.25,0.08
7/18/2021 21:00,0.25,0.02
7/18/2021 22:00,0.0,0.0
7/18/2021 23:00,0.0,0.0
7/19/2021 0:00,0.0,0.0
7/19/2021 1:00,0.0,0.0
7/19/2021 2:00,0.0,0.0
7/19/2021 3:00,0.0,0.0
7/19/2021 4:00,0.0,0.0
7/19/2021 5:00,0.0,0.0
7/19/2021 6:00,0.0,0.0
7/19/2021 7:00,0.0,0.0
7/19/2021 8:00,1.0,0.06
7/19/2021 9:00,3.25,0.2
7/19/2021 10:00,6.5,0.4
7/19/2021 11:00,9.5,0.58
7/19/2021 12:00,11.25,0.69
7/19/2021 13:00,12.25,0.75
7/19/2021 14:00,12.75,0.78
7/19/2021 15:00,12.25,0.75
7/19/2021 16:00,11.25,0.69
7/19/2021 17:00,9.25,0.57
7/19/2021 18:00,6.5,0.4
7/19/2021 19:00,3.5,0.21
7/19/2021 20:00,1.0,0.06
7/19/2021 21:00,0.25,0.02
7/19/2021 22:00,0.0,0.0
7/19/2021 23:00,0.0,0.0
7/20/2021 0:00,0.0,0.0
7/20/2021 1:00,0.0,0.0
7/20/2021 2:00,0.0,0.0
7/20/2021 3:00,0.0,0.0
7/20/2021 4:00,0.0,0.0
7/20/2021 5:00,0.0,0.0
7/20/2021 6:00,0.0,0.0
7/20/2021 7:00,0.0,0.0
7/20/2021 8:00,1.0,0.06
7/20/2021 9:00,3.0,0.18
7/20/2021 10:00,6.25,0.38
7/20/2021 11:00,9.0,0.55
7/20/2021 12:00,11.0,0.67
7/20/2021 13:00,12.25,0.75
7/20/2021 14:00,12.75,0.78
7/20/2021 15:00,12.25,0.75
7/20/2021 16:00,11.5,0.7
7/20/2021 17:00,9.25,0.57
7/20/2021 18:00,6.75,0.41
7/20/2021 19:00,3.25,0.2
7/20/2021 20:00,1.25,0.08
7/20/2021 21:00,0.0,0.0
7/20/2021 22:00,0.0,0.0
7/20/2021 23:00,0.0,0.0
7/21/2021 0:00,0.0,0.0
7/21/2021 1:00,0.0,0.0
7/21/2021 2:00,0.0,0.0
7/21/2021 3:00,0.0,0.0
7/21/2021 4:00,0.0,0.0
7/21/2021 5:00,0.0,0.0
7/21/2021 6:00,0.0,0.0
7/21/2021 7:00,0.25,0.02
7/21/2021 8:00,0.75,0.05
7/21/2021 9:00,3.0,0.18
7/21/2021 10:00,6.5,0.4
7/21/2021 11:00,9.0,0.55
7/21/2021 12:00,10.75,0.66
7/21/2021 13:00,12.0,0.74
7/21/2021 14:00,12.5,0.77
7/21/2021 15:00,12.25,0.75
7/21/2021 16:00,11.25,0.69
7/21/2021 17:00,9.0,0.55
7/21/2021 18:00,6.5,0.4
7/21/2021 19:00,3.25,0.2
7/21/2021 20:00,1.0,0.06
7/21/2021 21:00,0.25,0.02
7/21/2021 22:00,0.0,0.0
7/21/2021 23:00,0.0,0.0
7/22/2021 0:00,0.0,0.0
7/22/2021 1:00,0.0,0.0
7/22/2021 2:00,0.0,0.0
7/22/2021 3:00,0.0,0.0
7/22/2021 4:00,0.0,0.0
7/22/2021 5:00,0.0,0.0
7/22/2021 6:00,0.0,0.0
7/22/2021 7:00,0.0,0.0
7/22/2021 8:00,1.0,0.06
7/22/2021 9:00,3.0,0.18
7/22/2021 10:00,6.25,0.38
7/22/2021 11:00,8.75,0.54
7/22/2021 12:00,10.5,0.64
7/22/2021 13:00,11.75,0.72
7/22/2021 14:00,12.0,0.74
7/22/2021 15:00,11.75,0.72
7/22/2021 16:00,10.5,0.64
7/22/2021 17:00,8.25,0.51
7/22/2021 18:00,6.0,0.37
7/22/2021 19:00,3.25,0.2
7/22/2021 20:00,1.0,0.06
7/22/2021 21:00,0.25,0.02
7/22/2021 22:00,0.0,0.0
7/22/2021 23:00,0.0,0.0
7/23/2021 0:00,0.0,0.0
7/23/2021 1:00,0.0,0.0
7/23/2021 2:00,0.0,0.0
7/23/2021 3:00,0.0,0.0
7/23/2021 4:00,0.0,0.0
7/23/2021 5:00,0.0,0.0
7/23/2021 6:00,0.0,0.0
7/23/2021 7:00,0.0,0.0
7/23/2021 8:00,1.25,0.08
7/23/2021 9:00,2.0,0.12
7/23/2021 10:00,5.25,0.32
7/23/2021 11:00,8.25,0.51
7/23/2021 12:00,9.75,0.6
7/23/2021 13:00,9.0,0.55
7/23/2021 14:00,7.0,0.43
7/23/2021 15:00,10.5,0.64
7/23/2021 16:00,10.0,0.61
7/23/2021 17:00,8.5,0.52
7/23/2021 18:00,5.75,0.35
7/23/2021 19:00,3.25,0.2
7/23/2021 20:00,1.25,0.08
7/23/2021 21:00,0.0,0.0
7/23/2021 22:00,0.0,0.0
7/23/2021 23:00,0.0,0.0
7/24/2021 0:00,0.0,0.0
7/24/2021 1:00,0.0,0.0
7/24/2021 2:00,0.0,0.0
7/24/2021 3:00,0.0,0.0
7/24/2021 4:00,0.0,0.0
7/24/2021 5:00,0.0,0.0
7/24/2021 6:00,0.0,0.0
7/24/2021 7:00,0.0,0.0
7/24/2021 8:00,1.0,0.06
7/24/2021 9:00,3.0,0.18
7/24/2021 10:00,6.75,0.41
7/24/2021 11:00,9.5,0.58
7/24/2021 12:00,11.0,0.67
7/24/2021 13:00,11.75,0.72
7/24/2021 14:00,12.25,0.75
7/24/2021 15:00,12.25,0.75
7/24/2021 16:00,11.25,0.69
7/24/2021 17:00,9.0,0.55
7/24/2021 18:00,6.5,0.4
7/24/2021 19:00,3.25,0.2
7/24/2021 20:00,1.0,0.06
7/24/2021 21:00,0.25,0.02
7/24/2021 22:00,0.0,0.0
7/24/2021 23:00,0.0,0.0
7/25/2021 0:00,0.0,0.0
7/25/2021 1:00,0.0,0.0
7/25/2021 2:00,0.0,0.0
7/25/2021 3:00,0.0,0.0
7/25/2021 4:00,0.0,0.0
7/25/2021 5:00,0.0,0.0
7/25/2021 6:00,0.0,0.0
7/25/2021 7:00,0.0,0.0
7/25/2021 8:00,0.75,0.05
7/25/2021 9:00,2.75,0.17
7/25/2021 10:00,6.25,0.38
7/25/2021 11:00,9.0,0.55
7/25/2021 12:00,10.5,0.64
7/25/2021 13:00,11.5,0.7
7/25/2021 14:00,12.0,0.74
7/25/2021 15:00,11.5,0.7
7/25/2021 16:00,8.25,0.51
7/25/2021 17:00,6.75,0.41
7/25/2021 18:00,6.0,0.37
7/25/2021 19:00,3.25,0.2
7/25/2021 20:00,1.0,0.06
7/25/2021 21:00,0.25,0.02
7/25/2021 22:00,0.0,0.0
7/25/2021 23:00,0.0,0.0
7/26/2021 0:00,0.0,0.0
7/26/2021 1:00,0.0,0.0
7/26/2021 2:00,0.0,0.0
7/26/2021 3:00,0.0,0.0
7/26/2021 4:00,0.0,0.0
7/26/2021 5:00,0.0,0.0
7/26/2021 6:00,0.0,0.0
7/26/2021 7:00,0.0,0.0
7/26/2021 8:00,0.5,0.03
7/26/2021 9:00,1.75,0.11
7/26/2021 10:00,3.25,0.2
7/26/2021 11:00,6.5,0.4
7/26/2021 12:00,10.0,0.61
7/26/2021 13:00,11.0,0.67
7/26/2021 14:00,12.75,0.78
7/26/2021 15:00,12.25,0.75
7/26/2021 16:00,11.25,0.69
7/26/2021 17:00,9.5,0.58
7/26/2021 18:00,6.5,0.4
7/26/2021 19:00,3.25,0.2
7/26/2021 20:00,1.0,0.06
7/26/2021 21:00,0.25,0.02
7/26/2021 22:00,0.0,0.0
7/26/2021 23:00,0.0,0.0
7/27/2021 0:00,0.0,0.0
7/27/2021 1:00,0.0,0.0
7/27/2021 2:00,0.0,0.0
7/27/2021 3:00,0.0,0.0
7/27/2021 4:00,0.0,0.0
7/27/2021 5:00,0.0,0.0
7/27/2021 6:00,0.0,0.0
7/27/2021 7:00,0.0,0.0
7/27/2021 8:00,0.75,0.05
7/27/2021 9:00,2.75,0.17
7/27/2021 10:00,6.0,0.37
7/27/2021 11:00,8.75,0.54
7/27/2021 12:00,10.25,0.63
7/27/2021 13:00,11.5,0.7
7/27/2021 14:00,11.75,0.72
7/27/2021 15:00,11.75,0.72
7/27/2021 16:00,10.75,0.66
7/27/2021 17:00,9.0,0.55
7/27/2021 18:00,6.25,0.38
7/27/2021 19:00,3.25,0.2
7/27/2021 20:00,1.0,0.06
7/27/2021 21:00,0.0,0.0
7/27/2021 22:00,0.0,0.0
7/27/2021 23:00,0.0,0.0
7/28/2021 0:00,0.0,0.0
7/28/2021 1:00,0.0,0.0
7/28/2021 2:00,0.0,0.0
7/28/2021 3:00,0.0,0.0
7/28/2021 4:00,0.0,0.0
7/28/2021 5:00,0.0,0.0
7/28/2021 6:00,0.0,0.0
7/28/2021 7:00,0.0,0.0
7/28/2021 8:00,0.75,0.05
7/28/2021 9:00,2.75,0.17
7/28/2021 10:00,6.0,0.37
7/28/2021 11:00,9.0,0.55
7/28/2021 12:00,10.75,0.66
7/28/2021 13:00,12.0,0.74
7/28/2021 14:00,12.0,0.74
7/28/2021 15:00,12.0,0.74
7/28/2021 16:00,10.75,0.66
7/28/2021 17:00,9.25,0.57
7/28/2021 18:00,6.25,0.38
7/28/2021 19:00,3.25,0.2
7/28/2021 20:00,0.75,0.05
7/28/2021 21:00,0.25,0.02
7/28/2021 22:00,0.0,0.0
7/28/2021 23:00,0.0,0.0
7/29/2021 0:00,0.0,0.0
7/29/2021 1:00,0.0,0.0
7/29/2021 2:00,0.0,0.0
7/29/2021 3:00,0.0,0.0
7/29/2021 4:00,0.0,0.0
7/29/2021 5:00,0.0,0.0
7/29/2021 6:00,0.0,0.0
7/29/2021 7:00,0.0,0.0
7/29/2021 8:00,0.75,0.05
7/29/2021 9:00,2.75,0.17
7/29/2021 10:00,5.75,0.35
7/29/2021 11:00,8.75,0.54
7/29/2021 12:00,10.5,0.64
7/29/2021 13:00,11.5,0.7
7/29/2021 14:00,12.0,0.74
7/29/2021 15:00,11.75,0.72
7/29/2021 16:00,10.75,0.66
7/29/2021 17:00,9.0,0.55
7/29/2021 18:00,6.25,0.38
7/29/2021 19:00,3.0,0.18
7/29/2021 20:00,1.0,0.06
7/29/2021 21:00,0.25,0.02
7/29/2021 22:00,0.0,0.0
7/29/2021 23:00,0.0,0.0
7/30/2021 0:00,0.0,0.0
7/30/2021 1:00,0.0,0.0
7/30/2021 2:00,0.0,0.0
7/30/2021 3:00,0.0,0.0
7/30/2021 4:00,0.0,0.0
7/30/2021 5:00,0.0,0.0
7/30/2021 6:00,0.0,0.0
7/30/2021 7:00,0.0,0.0
7/30/2021 8:00,0.5,0.03
7/30/2021 9:00,3.0,0.18
7/30/2021 10:00,6.25,0.38
7/30/2021 11:00,9.25,0.57
7/30/2021 12:00,11.0,0.67
7/30/2021 13:00,12.5,0.77
7/30/2021 14:00,12.5,0.77
7/30/2021 15:00,12.5,0.77
7/30/2021 16:00,11.0,0.67
7/30/2021 17:00,9.0,0.55
7/30/2021 18:00,6.25,0.38
7/30/2021 19:00,3.25,0.2
7/30/2021 20:00,0.75,0.05
7/30/2021 21:00,0.25,0.02
7/30/2021 22:00,0.0,0.0
7/30/2021 23:00,0.0,0.0
7/31/2021 0:00,0.0,0.0
7/31/2021 1:00,0.0,0.0
7/31/2021 2:00,0.0,0.0
7/31/2021 3:00,0.0,0.0
7/31/2021 4:00,0.0,0.0
7/31/2021 5:00,0.0,0.0
7/31/2021 6:00,0.0,0.0
7/31/2021 7:00,0.0,0.0
7/31/2021 8:00,0.5,0.03
7/31/2021 9:00,3.0,0.18
7/31/2021 10:00,6.0,0.37
7/31/2021 11:00,9.25,0.57
7/31/2021 12:00,11.25,0.69
7/31/2021 13:00,12.25,0.75
7/31/2021 14:00,12.5,0.77
7/31/2021 15:00,12.25,0.75
7/31/2021 16:00,10.5,0.64
7/31/2021 17:00,8.5,0.52
7/31/2021 18:00,6.0,0.37
7/31/2021 19:00,3.0,0.18
7/31/2021 20:00,1.0,0.06
7/31/2021 21:00,0.25,0.02
7/31/2021 22:00,0.0,0.0
7/31/2021 23:00,0.0,0.0
8/1/2021 0:00,0.0,0.0
8/1/2021 1:00,0.0,0.0
8/1/2021 2:00,0.0,0.0
8/1/2021 3:00,0.0,0.0
8/1/2021 4:00,0.0,0.0
8/1/2021 5:00,0.0,0.0
8/1/2021 6:00,0.0,0.0
8/1/2021 7:00,0.0,0.0
8/1/2021 8:00,0.75,0.05
8/1/2021 9:00,2.75,0.17
8/1/2021 10:00,5.5,0.34
8/1/2021 11:00,8.75,0.54
8/1/2021 12:00,9.0,0.55
8/1/2021 13:00,11.5,0.7
8/1/2021 14:00,12.0,0.74
8/1/2021 15:00,11.75,0.72
8/1/2021 16:00,10.0,0.61
8/1/2021 17:00,8.75,0.54
8/1/2021 18:00,6.0,0.37
8/1/2021 19:00,3.0,0.18
8/1/2021 20:00,0.75,0.05
8/1/2021 21:00,0.25,0.02
8/1/2021 22:00,0.0,0.0
8/1/2021 23:00,0.0,0.0
8/2/2021 0:00,0.0,0.0
8/2/2021 1:00,0.0,0.0
8/2/2021 2:00,0.0,0.0
8/2/2021 3:00,0.0,0.0
8/2/2021 4:00,0.0,0.0
8/2/2021 5:00,0.0,0.0
8/2/2021 6:00,0.0,0.0
8/2/2021 7:00,0.0,0.0
8/2/2021 8:00,0.5,0.03
8/2/2021 9:00,2.75,0.17
8/2/2021 10:00,5.75,0.35
8/2/2021 11:00,9.0,0.55
8/2/2021 12:00,10.75,0.66
8/2/2021 13:00,12.0,0.74
8/2/2021 14:00,12.25,0.75
8/2/2021 15:00,12.0,0.74
8/2/2021 16:00,11.0,0.67
8/2/2021 17:00,8.5,0.52
8/2/2021 18:00,6.25,0.38
8/2/2021 19:00,2.75,0.17
8/2/2021 20:00,0.75,0.05
8/2/2021 21:00,0.25,0.02
8/2/2021 22:00,0.0,0.0
8/2/2021 23:00,0.0,0.0
8/3/2021 0:00,0.0,0.0
8/3/2021 1:00,0.0,0.0
8/3/2021 2:00,0.0,0.0
8/3/2021 3:00,0.0,0.0
8/3/2021 4:00,0.0,0.0
8/3/2021 5:00,0.0,0.0
8/3/2021 6:00,0.0,0.0
8/3/2021 7:00,0.0,0.0
8/3/2021 8:00,0.5,0.03
8/3/2021 9:00,2.5,0.15
8/3/2021 10:00,5.75,0.35
8/3/2021 11:00,8.5,0.52
8/3/2021 12:00,10.5,0.64
8/3/2021 13:00,11.5,0.7
8/3/2021 14:00,12.0,0.74
8/3/2021 15:00,12.0,0.74
8/3/2021 16:00,10.75,0.66
8/3/2021 17:00,9.0,0.55
8/3/2021 18:00,6.0,0.37
8/3/2021 19:00,3.0,0.18
8/3/2021 20:00,0.75,0.05
8/3/2021 21:00,0.0,0.0
8/3/2021 22:00,0.0,0.0
8/3/2021 23:00,0.0,0.0
8/4/2021 0:00,0.0,0.0
8/4/2021 1:00,0.0,0.0
8/4/2021 2:00,0.0,0.0
8/4/2021 3:00,0.0,0.0
8/4/2021 4:00,0.0,0.0
8/4/2021 5:00,0.0,0.0
8/4/2021 6:00,0.0,0.0
8/4/2021 7:00,0.0,0.0
8/4/2021 8:00,0.75,0.05
8/4/2021 9:00,2.5,0.15
8/4/2021 10:00,5.75,0.35
8/4/2021 11:00,8.5,0.52
8/4/2021 12:00,10.75,0.66
8/4/2021 13:00,11.5,0.7
8/4/2021 14:00,11.5,0.7
8/4/2021 15:00,12.0,0.74
8/4/2021 16:00,10.75,0.66
8/4/2021 17:00,8.75,0.54
8/4/2021 18:00,5.75,0.35
8/4/2021 19:00,2.75,0.17
8/4/2021 20:00,0.75,0.05
8/4/2021 21:00,0.25,0.02
8/4/2021 22:00,0.0,0.0
8/4/2021 23:00,0.0,0.0
8/5/2021 0:00,0.0,0.0
8/5/2021 1:00,0.0,0.0
8/5/2021 2:00,0.0,0.0
8/5/2021 3:00,0.0,0.0
8/5/2021 4:00,0.0,0.0
8/5/2021 5:00,0.0,0.0
8/5/2021 6:00,0.0,0.0
8/5/2021 7:00,0.0,0.0
8/5/2021 8:00,0.5,0.03
8/5/2021 9:00,2.75,0.17
8/5/2021 10:00,6.0,0.37
8/5/2021 11:00,8.75,0.54
8/5/2021 12:00,10.75,0.66
8/5/2021 13:00,12.0,0.74
8/5/2021 14:00,12.25,0.75
8/5/2021 15:00,11.75,0.72
8/5/2021 16:00,10.75,0.66
8/5/2021 17:00,8.75,0.54
8/5/2021 18:00,6.0,0.37
8/5/2021 19:00,3.0,0.18
8/5/2021 20:00,0.5,0.03
8/5/2021 21:00,0.25,0.02
8/5/2021 22:00,0.0,0.0
8/5/2021 23:00,0.0,0.0
8/6/2021 0:00,0.0,0.0
8/6/2021 1:00,0.0,0.0
8/6/2021 2:00,0.0,0.0
8/6/2021 3:00,0.0,0.0
8/6/2021 4:00,0.0,0.0
8/6/2021 5:00,0.0,0.0
8/6/2021 6:00,0.0,0.0
8/6/2021 7:00,0.0,0.0
8/6/2021 8:00,0.5,0.03
8/6/2021 9:00,2.5,0.15
8/6/2021 10:00,5.75,0.35
8/6/2021 11:00,8.75,0.54
8/6/2021 12:00,10.5,0.64
8/6/2021 13:00,12.0,0.74
8/6/2021 14:00,12.25,0.75
8/6/2021 15:00,12.0,0.74
8/6/2021 16:00,11.0,0.67
8/6/2021 17:00,8.75,0.54
8/6/2021 18:00,6.0,0.37
8/6/2021 19:00,2.75,0.17
8/6/2021 20:00,0.75,0.05
8/6/2021 21:00,0.0,0.0
8/6/2021 22:00,0.0,0.0
8/6/2021 23:00,0.0,0.0
8/7/2021 0:00,0.0,0.0
8/7/2021 1:00,0.0,0.0
8/7/2021 2:00,0.0,0.0
8/7/2021 3:00,0.0,0.0
8/7/2021 4:00,0.0,0.0
8/7/2021 5:00,0.0,0.0
8/7/2021 6:00,0.0,0.0
8/7/2021 7:00,0.0,0.0
8/7/2021 8:00,0.5,0.03
8/7/2021 9:00,2.5,0.15
8/7/2021 10:00,5.25,0.32
8/7/2021 11:00,4.0,0.25
8/7/2021 12:00,6.5,0.4
8/7/2021 13:00,9.25,0.57
8/7/2021 14:00,12.25,0.75
8/7/2021 15:00,12.0,0.74
8/7/2021 16:00,11.0,0.67
8/7/2021 17:00,9.0,0.55
8/7/2021 18:00,6.0,0.37
8/7/2021 19:00,3.0,0.18
8/7/2021 20:00,0.5,0.03
8/7/2021 21:00,0.25,0.02
8/7/2021 22:00,0.0,0.0
8/7/2021 23:00,0.0,0.0
8/8/2021 0:00,0.0,0.0
8/8/2021 1:00,0.0,0.0
8/8/2021 2:00,0.0,0.0
8/8/2021 3:00,0.0,0.0
8/8/2021 4:00,0.0,0.0
8/8/2021 5:00,0.0,0.0
8/8/2021 6:00,0.0,0.0
8/8/2021 7:00,0.0,0.0
8/8/2021 8:00,0.5,0.03
8/8/2021 9:00,2.5,0.15
8/8/2021 10:00,6.25,0.38
8/8/2021 11:00,9.0,0.55
8/8/2021 12:00,11.25,0.69
8/8/2021 13:00,12.25,0.75
8/8/2021 14:00,12.75,0.78
8/8/2021 15:00,12.25,0.75
8/8/2021 16:00,11.25,0.69
8/8/2021 17:00,9.25,0.57
8/8/2021 18:00,6.0,0.37
8/8/2021 19:00,3.0,0.18
8/8/2021 20:00,0.75,0.05
8/8/2021 21:00,0.0,0.0
8/8/2021 22:00,0.0,0.0
8/8/2021 23:00,0.0,0.0
8/9/2021 0:00,0.0,0.0
8/9/2021 1:00,0.0,0.0
8/9/2021 2:00,0.0,0.0
8/9/2021 3:00,0.0,0.0
8/9/2021 4:00,0.0,0.0
8/9/2021 5:00,0.0,0.0
8/9/2021 6:00,0.0,0.0
8/9/2021 7:00,0.0,0.0
8/9/2021 8:00,0.5,0.03
8/9/2021 9:00,2.5,0.15
8/9/2021 10:00,5.75,0.35
8/9/2021 11:00,8.75,0.54
8/9/2021 12:00,10.75,0.66
8/9/2021 13:00,11.5,0.7
8/9/2021 14:00,11.75,0.72
8/9/2021 15:00,11.25,0.69
8/9/2021 16:00,10.5,0.64
8/9/2021 17:00,8.25,0.51
8/9/2021 18:00,5.75,0.35
8/9/2021 19:00,2.75,0.17
8/9/2021 20:00,0.75,0.05
8/9/2021 21:00,0.0,0.0
8/9/2021 22:00,0.0,0.0
8/9/2021 23:00,0.0,0.0
8/10/2021 0:00,0.0,0.0
8/10/2021 1:00,0.0,0.0
8/10/2021 2:00,0.0,0.0
8/10/2021 3:00,0.0,0.0
8/10/2021 4:00,0.0,0.0
8/10/2021 5:00,0.0,0.0
8/10/2021 6:00,0.0,0.0
8/10/2021 7:00,0.0,0.0
8/10/2021 8:00,0.5,0.03
8/10/2021 9:00,2.25,0.14
8/10/2021 10:00,5.25,0.32
8/10/2021 11:00,8.0,0.49
8/10/2021 12:00,10.0,0.61
8/10/2021 13:00,11.0,0.67
8/10/2021 14:00,11.5,0.7
8/10/2021 15:00,11.5,0.7
8/10/2021 16:00,10.25,0.63
8/10/2021 17:00,8.0,0.49
8/10/2021 18:00,5.5,0.34
8/10/2021 19:00,2.75,0.17
8/10/2021 20:00,0.75,0.05
8/10/2021 21:00,0.0,0.0
8/10/2021 22:00,0.0,0.0
8/10/2021 23:00,0.0,0.0
8/11/2021 0:00,0.0,0.0
8/11/2021 1:00,0.0,0.0
8/11/2021 2:00,0.0,0.0
8/11/2021 3:00,0.0,0.0
8/11/2021 4:00,0.0,0.0
8/11/2021 5:00,0.0,0.0
8/11/2021 6:00,0.0,0.0
8/11/2021 7:00,0.0,0.0
8/11/2021 8:00,0.5,0.03
8/11/2021 9:00,2.25,0.14
8/11/2021 10:00,4.75,0.29
8/11/2021 11:00,7.5,0.46
8/11/2021 12:00,9.25,0.57
8/11/2021 13:00,10.5,0.64
8/11/2021 14:00,10.75,0.66
8/11/2021 15:00,10.75,0.66
8/11/2021 16:00,9.5,0.58
8/11/2021 17:00,7.75,0.47
8/11/2021 18:00,5.25,0.32
8/11/2021 19:00,2.5,0.15
8/11/2021 20:00,0.75,0.05
8/11/2021 21:00,0.0,0.0
8/11/2021 22:00,0.0,0.0
8/11/2021 23:00,0.0,0.0
8/12/2021 0:00,0.0,0.0
8/12/2021 1:00,0.0,0.0
8/12/2021 2:00,0.0,0.0
8/12/2021 3:00,0.0,0.0
8/12/2021 4:00,0.0,0.0
8/12/2021 5:00,0.0,0.0
8/12/2021 6:00,0.0,0.0
8/12/2021 7:00,0.0,0.0
8/12/2021 8:00,0.5,0.03
8/12/2021 9:00,2.25,0.14
8/12/2021 10:00,5.0,0.31
8/12/2021 11:00,8.0,0.49
8/12/2021 12:00,9.75,0.6
8/12/2021 13:00,10.75,0.66
8/12/2021 14:00,11.0,0.67
8/12/2021 15:00,11.0,0.67
8/12/2021 16:00,9.5,0.58
8/12/2021 17:00,8.0,0.49
8/12/2021 18:00,5.25,0.32
8/12/2021 19:00,2.5,0.15
8/12/2021 20:00,0.75,0.05
8/12/2021 21:00,0.0,0.0
8/12/2021 22:00,0.0,0.0
8/12/2021 23:00,0.0,0.0
8/13/2021 0:00,0.0,0.0
8/13/2021 1:00,0.0,0.0
8/13/2021 2:00,0.0,0.0
8/13/2021 3:00,0.0,0.0
8/13/2021 4:00,0.0,0.0
8/13/2021 5:00,0.0,0.0
8/13/2021 6:00,0.0,0.0
8/13/2021 7:00,0.0,0.0
8/13/2021 8:00,0.75,0.05
8/13/2021 9:00,2.25,0.14
8/13/2021 10:00,4.5,0.28
8/13/2021 11:00,7.25,0.44
8/13/2021 12:00,9.25,0.57
8/13/2021 13:00,10.5,0.64
8/13/2021 14:00,10.5,0.64
8/13/2021 15:00,10.25,0.63
8/13/2021 16:00,9.25,0.57
8/13/2021 17:00,7.25,0.44
8/13/2021 18:00,4.25,0.26
8/13/2021 19:00,2.0,0.12
8/13/2021 20:00,0.5,0.03
8/13/2021 21:00,0.0,0.0
8/13/2021 22:00,0.0,0.0
8/13/2021 23:00,0.0,0.0
8/14/2021 0:00,0.0,0.0
8/14/2021 1:00,0.0,0.0
8/14/2021 2:00,0.0,0.0
8/14/2021 3:00,0.0,0.0
8/14/2021 4:00,0.0,0.0
8/14/2021 5:00,0.0,0.0
8/14/2021 6:00,0.0,0.0
8/14/2021 7:00,0.25,0.02
8/14/2021 8:00,0.75,0.05
8/14/2021 9:00,1.75,0.11
8/14/2021 10:00,4.5,0.28
8/14/2021 11:00,7.5,0.46
8/14/2021 12:00,9.25,0.57
8/14/2021 13:00,10.25,0.63
8/14/2021 14:00,9.75,0.6
8/14/2021 15:00,10.0,0.61
8/14/2021 16:00,4.5,0.28
8/14/2021 17:00,7.25,0.44
8/14/2021 18:00,4.25,0.26
8/14/2021 19:00,2.5,0.15
8/14/2021 20:00,0.75,0.05
8/14/2021 21:00,0.0,0.0
8/14/2021 22:00,0.0,0.0
8/14/2021 23:00,0.0,0.0
8/15/2021 0:00,0.0,0.0
8/15/2021 1:00,0.0,0.0
8/15/2021 2:00,0.0,0.0
8/15/2021 3:00,0.0,0.0
8/15/2021 4:00,0.0,0.0
8/15/2021 5:00,0.0,0.0
8/15/2021 6:00,0.0,0.0
8/15/2021 7:00,0.0,0.0
8/15/2021 8:00,0.5,0.03
8/15/2021 9:00,1.75,0.11
8/15/2021 10:00,4.25,0.26
8/15/2021 11:00,6.75,0.41
8/15/2021 12:00,9.0,0.55
8/15/2021 13:00,10.0,0.61
8/15/2021 14:00,10.75,0.66
8/15/2021 15:00,10.0,0.61
8/15/2021 16:00,9.25,0.57
8/15/2021 17:00,7.0,0.43
8/15/2021 18:00,4.5,0.28
8/15/2021 19:00,2.5,0.15
8/15/2021 20:00,0.75,0.05
8/15/2021 21:00,0.0,0.0
8/15/2021 22:00,0.0,0.0
8/15/2021 23:00,0.0,0.0
8/16/2021 0:00,0.0,0.0
8/16/2021 1:00,0.0,0.0
8/16/2021 2:00,0.0,0.0
8/16/2021 3:00,0.0,0.0
8/16/2021 4:00,0.0,0.0
8/16/2021 5:00,0.0,0.0
8/16/2021 6:00,0.0,0.0
8/16/2021 7:00,0.0,0.0
8/16/2021 8:00,0.5,0.03
8/16/2021 9:00,2.0,0.12
8/16/2021 10:00,5.25,0.32
8/16/2021 11:00,8.5,0.52
8/16/2021 12:00,10.25,0.63
8/16/2021 13:00,11.0,0.67
8/16/2021 14:00,11.25,0.69
8/16/2021 15:00,11.25,0.69
8/16/2021 16:00,10.25,0.63
8/16/2021 17:00,8.0,0.49
8/16/2021 18:00,5.5,0.34
8/16/2021 19:00,2.25,0.14
8/16/2021 20:00,0.75,0.05
8/16/2021 21:00,0.0,0.0
8/16/2021 22:00,0.0,0.0
8/16/2021 23:00,0.0,0.0
8/17/2021 0:00,0.0,0.0
8/17/2021 1:00,0.0,0.0
8/17/2021 2:00,0.0,0.0
8/17/2021 3:00,0.0,0.0
8/17/2021 4:00,0.0,0.0
8/17/2021 5:00,0.0,0.0
8/17/2021 6:00,0.0,0.0
8/17/2021 7:00,0.0,0.0
8/17/2021 8:00,0.25,0.02
8/17/2021 9:00,2.25,0.14
8/17/2021 10:00,5.25,0.32
8/17/2021 11:00,8.75,0.54
8/17/2021 12:00,10.25,0.63
8/17/2021 13:00,11.5,0.7
8/17/2021 14:00,11.75,0.72
8/17/2021 15:00,11.25,0.69
8/17/2021 16:00,10.25,0.63
8/17/2021 17:00,8.25,0.51
8/17/2021 18:00,5.25,0.32
8/17/2021 19:00,2.25,0.14
8/17/2021 20:00,0.75,0.05
8/17/2021 21:00,0.0,0.0
8/17/2021 22:00,0.0,0.0
8/17/2021 23:00,0.0,0.0
8/18/2021 0:00,0.0,0.0
8/18/2021 1:00,0.0,0.0
8/18/2021 2:00,0.0,0.0
8/18/2021 3:00,0.0,0.0
8/18/2021 4:00,0.0,0.0
8/18/2021 5:00,0.0,0.0
8/18/2021 6:00,0.0,0.0
8/18/2021 7:00,0.0,0.0
8/18/2021 8:00,0.25,0.02
8/18/2021 9:00,1.75,0.11
8/18/2021 10:00,4.25,0.26
8/18/2021 11:00,7.75,0.47
8/18/2021 12:00,9.25,0.57
8/18/2021 13:00,11.0,0.67
8/18/2021 14:00,10.0,0.61
8/18/2021 15:00,5.75,0.35
8/18/2021 16:00,6.5,0.4
8/18/2021 17:00,7.75,0.47
8/18/2021 18:00,5.0,0.31
8/18/2021 19:00,2.25,0.14
8/18/2021 20:00,0.5,0.03
8/18/2021 21:00,0.25,0.02
8/18/2021 22:00,0.0,0.0
8/18/2021 23:00,0.0,0.0
8/19/2021 0:00,0.0,0.0
8/19/2021 1:00,0.0,0.0
8/19/2021 2:00,0.0,0.0
8/19/2021 3:00,0.0,0.0
8/19/2021 4:00,0.0,0.0
8/19/2021 5:00,0.0,0.0
8/19/2021 6:00,0.0,0.0
8/19/2021 7:00,0.0,0.0
8/19/2021 8:00,0.25,0.02
8/19/2021 9:00,2.0,0.12
8/19/2021 10:00,5.25,0.32
8/19/2021 11:00,8.5,0.52
8/19/2021 12:00,10.25,0.63
8/19/2021 13:00,11.5,0.7
8/19/2021 14:00,11.75,0.72
8/19/2021 15:00,11.5,0.7
8/19/2021 16:00,10.25,0.63
8/19/2021 17:00,8.25,0.51
8/19/2021 18:00,5.25,0.32
8/19/2021 19:00,2.25,0.14
8/19/2021 20:00,0.5,0.03
8/19/2021 21:00,0.0,0.0
8/19/2021 22:00,0.0,0.0
8/19/2021 23:00,0.0,0.0
8/20/2021 0:00,0.0,0.0
8/20/2021 1:00,0.0,0.0
8/20/2021 2:00,0.0,0.0
8/20/2021 3:00,0.0,0.0
8/20/2021 4:00,0.0,0.0
8/20/2021 5:00,0.0,0.0
8/20/2021 6:00,0.0,0.0
8/20/2021 7:00,0.0,0.0
8/20/2021 8:00,0.5,0.03
8/20/2021 9:00,2.0,0.12
8/20/2021 10:00,5.25,0.32
8/20/2021 11:00,8.5,0.52
8/20/2021 12:00,10.25,0.63
8/20/2021 13:00,11.25,0.69
8/20/2021 14:00,11.5,0.7
8/20/2021 15:00,11.5,0.7
8/20/2021 16:00,10.25,0.63
8/20/2021 17:00,8.25,0.51
8/20/2021 18:00,5.25,0.32
8/20/2021 19:00,2.25,0.14
8/20/2021 20:00,0.5,0.03
8/20/2021 21:00,0.0,0.0
8/20/2021 22:00,0.0,0.0
8/20/2021 23:00,0.0,0.0
8/21/2021 0:00,0.0,0.0
8/21/2021 1:00,0.0,0.0
8/21/2021 2:00,0.0,0.0
8/21/2021 3:00,0.0,0.0
8/21/2021 4:00,0.0,0.0
8/21/2021 5:00,0.0,0.0
8/21/2021 6:00,0.0,0.0
8/21/2021 7:00,0.0,0.0
8/21/2021 8:00,0.25,0.02
8/21/2021 9:00,2.0,0.12
8/21/2021 10:00,5.25,0.32
8/21/2021 11:00,8.5,0.52
8/21/2021 12:00,10.25,0.63
8/21/2021 13:00,11.25,0.69
8/21/2021 14:00,11.75,0.72
8/21/2021 15:00,11.5,0.7
8/21/2021 16:00,10.25,0.63
8/21/2021 17:00,8.0,0.49
8/21/2021 18:00,5.25,0.32
8/21/2021 19:00,2.25,0.14
8/21/2021 20:00,0.25,0.02
8/21/2021 21:00,0.0,0.0
8/21/2021 22:00,0.0,0.0
8/21/2021 23:00,0.0,0.0
8/22/2021 0:00,0.0,0.0
8/22/2021 1:00,0.0,0.0
8/22/2021 2:00,0.0,0.0
8/22/2021 3:00,0.0,0.0
8/22/2021 4:00,0.0,0.0
8/22/2021 5:00,0.0,0.0
8/22/2021 6:00,0.0,0.0
8/22/2021 7:00,0.0,0.0
8/22/2021 8:00,0.5,0.03
8/22/2021 9:00,1.75,0.11
8/22/2021 10:00,4.75,0.29
8/22/2021 11:00,7.5,0.46
8/22/2021 12:00,9.5,0.58
8/22/2021 13:00,10.5,0.64
8/22/2021 14:00,11.0,0.67
8/22/2021 15:00,10.0,0.61
8/22/2021 16:00,9.5,0.58
8/22/2021 17:00,7.5,0.46
8/22/2021 18:00,4.75,0.29
8/22/2021 19:00,2.0,0.12
8/22/2021 20:00,0.5,0.03
8/22/2021 21:00,0.0,0.0
8/22/2021 22:00,0.0,0.0
8/22/2021 23:00,0.0,0.0
8/23/2021 0:00,0.0,0.0
8/23/2021 1:00,0.0,0.0
8/23/2021 2:00,0.0,0.0
8/23/2021 3:00,0.0,0.0
8/23/2021 4:00,0.0,0.0
8/23/2021 5:00,0.0,0.0
8/23/2021 6:00,0.0,0.0
8/23/2021 7:00,0.0,0.0
8/23/2021 8:00,0.5,0.03
8/23/2021 9:00,1.75,0.11
8/23/2021 10:00,4.75,0.29
8/23/2021 11:00,7.75,0.47
8/23/2021 12:00,9.75,0.6
8/23/2021 13:00,10.5,0.64
8/23/2021 14:00,11.0,0.67
8/23/2021 15:00,10.5,0.64
8/23/2021 16:00,9.5,0.58
8/23/2021 17:00,7.5,0.46
8/23/2021 18:00,4.75,0.29
8/23/2021 19:00,2.0,0.12
8/23/2021 20:00,0.5,0.03
8/23/2021 21:00,0.0,0.0
8/23/2021 22:00,0.0,0.0
8/23/2021 23:00,0.0,0.0
8/24/2021 0:00,0.0,0.0
8/24/2021 1:00,0.0,0.0
8/24/2021 2:00,0.0,0.0
8/24/2021 3:00,0.0,0.0
8/24/2021 4:00,0.0,0.0
8/24/2021 5:00,0.0,0.0
8/24/2021 6:00,0.0,0.0
8/24/2021 7:00,0.0,0.0
8/24/2021 8:00,0.25,0.02
8/24/2021 9:00,0.5,0.03
8/24/2021 10:00,1.5,0.09
8/24/2021 11:00,2.25,0.14
8/24/2021 12:00,3.25,0.2
8/24/2021 13:00,6.5,0.4
8/24/2021 14:00,8.0,0.49
8/24/2021 15:00,10.25,0.63
8/24/2021 16:00,9.75,0.6
8/24/2021 17:00,6.0,0.37
8/24/2021 18:00,4.5,0.28
8/24/2021 19:00,2.0,0.12
8/24/2021 20:00,0.5,0.03
8/24/2021 21:00,0.0,0.0
8/24/2021 22:00,0.0,0.0
8/24/2021 23:00,0.0,0.0
8/25/2021 0:00,0.0,0.0
8/25/2021 1:00,0.0,0.0
8/25/2021 2:00,0.0,0.0
8/25/2021 3:00,0.0,0.0
8/25/2021 4:00,0.0,0.0
8/25/2021 5:00,0.0,0.0
8/25/2021 6:00,0.0,0.0
8/25/2021 7:00,0.0,0.0
8/25/2021 8:00,0.25,0.02
8/25/2021 9:00,0.75,0.05
8/25/2021 10:00,1.5,0.09
8/25/2021 11:00,3.5,0.21
8/25/2021 12:00,5.75,0.35
8/25/2021 13:00,8.25,0.51
8/25/2021 14:00,11.75,0.72
8/25/2021 15:00,11.5,0.7
8/25/2021 16:00,10.25,0.63
8/25/2021 17:00,8.25,0.51
8/25/2021 18:00,5.25,0.32
8/25/2021 19:00,2.0,0.12
8/25/2021 20:00,0.5,0.03
8/25/2021 21:00,0.0,0.0
8/25/2021 22:00,0.0,0.0
8/25/2021 23:00,0.0,0.0
8/26/2021 0:00,0.0,0.0
8/26/2021 1:00,0.0,0.0
8/26/2021 2:00,0.0,0.0
8/26/2021 3:00,0.0,0.0
8/26/2021 4:00,0.0,0.0
8/26/2021 5:00,0.0,0.0
8/26/2021 6:00,0.0,0.0
8/26/2021 7:00,0.0,0.0
8/26/2021 8:00,0.5,0.03
8/26/2021 9:00,1.75,0.11
8/26/2021 10:00,5.0,0.31
8/26/2021 11:00,7.75,0.47
8/26/2021 12:00,9.75,0.6
8/26/2021 13:00,10.75,0.66
8/26/2021 14:00,11.25,0.69
8/26/2021 15:00,11.25,0.69
8/26/2021 16:00,9.75,0.6
8/26/2021 17:00,7.75,0.47
8/26/2021 18:00,5.0,0.31
8/26/2021 19:00,2.0,0.12
8/26/2021 20:00,0.5,0.03
8/26/2021 21:00,0.0,0.0
8/26/2021 22:00,0.0,0.0
8/26/2021 23:00,0.0,0.0
8/27/2021 0:00,0.0,0.0
8/27/2021 1:00,0.0,0.0
8/27/2021 2:00,0.0,0.0
8/27/2021 3:00,0.0,0.0
8/27/2021 4:00,0.0,0.0
8/27/2021 5:00,0.0,0.0
8/27/2021 6:00,0.0,0.0
8/27/2021 7:00,0.0,0.0
8/27/2021 8:00,0.5,0.03
8/27/2021 9:00,1.75,0.11
8/27/2021 10:00,5.0,0.31
8/27/2021 11:00,8.25,0.51
8/27/2021 12:00,10.0,0.61
8/27/2021 13:00,11.25,0.69
8/27/2021 14:00,11.75,0.72
8/27/2021 15:00,11.5,0.7
8/27/2021 16:00,10.25,0.63
8/27/2021 17:00,8.0,0.49
8/27/2021 18:00,5.0,0.31
8/27/2021 19:00,2.0,0.12
8/27/2021 20:00,0.5,0.03
8/27/2021 21:00,0.0,0.0
8/27/2021 22:00,0.0,0.0
8/27/2021 23:00,0.0,0.0
8/28/2021 0:00,0.0,0.0
8/28/2021 1:00,0.0,0.0
8/28/2021 2:00,0.0,0.0
8/28/2021 3:00,0.0,0.0
8/28/2021 4:00,0.0,0.0
8/28/2021 5:00,0.0,0.0
8/28/2021 6:00,0.0,0.0
8/28/2021 7:00,0.0,0.0
8/28/2021 8:00,0.25,0.02
8/28/2021 9:00,1.75,0.11
8/28/2021 10:00,5.0,0.31
8/28/2021 11:00,8.25,0.51
8/28/2021 12:00,10.25,0.63
8/28/2021 13:00,11.5,0.7
8/28/2021 14:00,11.75,0.72
8/28/2021 15:00,11.5,0.7
8/28/2021 16:00,10.5,0.64
8/28/2021 17:00,8.0,0.49
8/28/2021 18:00,5.0,0.31
8/28/2021 19:00,2.0,0.12
8/28/2021 20:00,0.25,0.02
8/28/2021 21:00,0.0,0.0
8/28/2021 22:00,0.0,0.0
8/28/2021 23:00,0.0,0.0
8/29/2021 0:00,0.0,0.0
8/29/2021 1:00,0.0,0.0
8/29/2021 2:00,0.0,0.0
8/29/2021 3:00,0.0,0.0
8/29/2021 4:00,0.0,0.0
8/29/2021 5:00,0.0,0.0
8/29/2021 6:00,0.0,0.0
8/29/2021 7:00,0.0,0.0
8/29/2021 8:00,0.5,0.03
8/29/2021 9:00,1.75,0.11
8/29/2021 10:00,5.25,0.32
8/29/2021 11:00,8.25,0.51
8/29/2021 12:00,9.75,0.6
8/29/2021 13:00,11.0,0.67
8/29/2021 14:00,12.0,0.74
8/29/2021 15:00,11.75,0.72
8/29/2021 16:00,10.25,0.63
8/29/2021 17:00,8.25,0.51
8/29/2021 18:00,5.0,0.31
8/29/2021 19:00,1.75,0.11
8/29/2021 20:00,0.5,0.03
8/29/2021 21:00,0.0,0.0
8/29/2021 22:00,0.0,0.0
8/29/2021 23:00,0.0,0.0
8/30/2021 0:00,0.0,0.0
8/30/2021 1:00,0.0,0.0
8/30/2021 2:00,0.0,0.0
8/30/2021 3:00,0.0,0.0
8/30/2021 4:00,0.0,0.0
8/30/2021 5:00,0.0,0.0
8/30/2021 6:00,0.0,0.0
8/30/2021 7:00,0.0,0.0
8/30/2021 8:00,0.25,0.02
8/30/2021 9:00,1.75,0.11
8/30/2021 10:00,4.5,0.28
8/30/2021 11:00,8.5,0.52
8/30/2021 12:00,10.25,0.63
8/30/2021 13:00,11.25,0.69
8/30/2021 14:00,12.0,0.74
8/30/2021 15:00,11.5,0.7
8/30/2021 16:00,10.0,0.61
8/30/2021 17:00,8.0,0.49
8/30/2021 18:00,4.75,0.29
8/30/2021 19:00,1.75,0.11
8/30/2021 20:00,0.5,0.03
8/30/2021 21:00,0.0,0.0
8/30/2021 22:00,0.0,0.0
8/30/2021 23:00,0.0,0.0
8/31/2021 0:00,0.0,0.0
8/31/2021 1:00,0.0,0.0
8/31/2021 2:00,0.0,0.0
8/31/2021 3:00,0.0,0.0
8/31/2021 4:00,0.0,0.0
8/31/2021 5:00,0.0,0.0
8/31/2021 6:00,0.0,0.0
8/31/2021 7:00,0.0,0.0
8/31/2021 8:00,0.25,0.02
8/31/2021 9:00,1.75,0.11
8/31/2021 10:00,5.0,0.31
8/31/2021 11:00,8.0,0.49
8/31/2021 12:00,10.0,0.61
8/31/2021 13:00,11.25,0.69
8/31/2021 14:00,11.5,0.7
8/31/2021 15:00,11.5,0.7
8/31/2021 16:00,10.0,0.61
8/31/2021 17:00,7.75,0.47
8/31/2021 18:00,5.0,0.31
8/31/2021 19:00,1.75,0.11
8/31/2021 20:00,0.25,0.02
8/31/2021 21:00,0.0,0.0
8/31/2021 22:00,0.0,0.0
8/31/2021 23:00,0.0,0.0
9/1/2021 0:00,0.0,0.0
9/1/2021 1:00,0.0,0.0
9/1/2021 2:00,0.0,0.0
9/1/2021 3:00,0.0,0.0
9/1/2021 4:00,0.0,0.0
9/1/2021 5:00,0.0,0.0
9/1/2021 6:00,0.0,0.0
9/1/2021 7:00,0.0,0.0
9/1/2021 8:00,0.5,0.03
9/1/2021 9:00,1.0,0.06
9/1/2021 10:00,2.5,0.15
9/1/2021 11:00,6.25,0.38
9/1/2021 12:00,6.5,0.4
9/1/2021 13:00,6.0,0.37
9/1/2021 14:00,8.0,0.49
9/1/2021 15:00,8.0,0.49
9/1/2021 16:00,10.0,0.61
9/1/2021 17:00,7.25,0.44
9/1/2021 18:00,4.5,0.28
9/1/2021 19:00,1.25,0.08
9/1/2021 20:00,0.25,0.02
9/1/2021 21:00,0.0,0.0
9/1/2021 22:00,0.0,0.0
9/1/2021 23:00,0.0,0.0
9/2/2021 0:00,0.0,0.0
9/2/2021 1:00,0.0,0.0
9/2/2021 2:00,0.0,0.0
9/2/2021 3:00,0.0,0.0
9/2/2021 4:00,0.0,0.0
9/2/2021 5:00,0.0,0.0
9/2/2021 6:00,0.0,0.0
9/2/2021 7:00,0.0,0.0
9/2/2021 8:00,0.25,0.02
9/2/2021 9:00,1.75,0.11
9/2/2021 10:00,4.75,0.29
9/2/2021 11:00,8.25,0.51
9/2/2021 12:00,10.0,0.61
9/2/2021 13:00,11.25,0.69
9/2/2021 14:00,11.75,0.72
9/2/2021 15:00,11.25,0.69
9/2/2021 16:00,10.25,0.63
9/2/2021 17:00,7.75,0.47
9/2/2021 18:00,4.75,0.29
9/2/2021 19:00,1.75,0.11
9/2/2021 20:00,0.25,0.02
9/2/2021 21:00,0.0,0.0
9/2/2021 22:00,0.0,0.0
9/2/2021 23:00,0.0,0.0
9/3/2021 0:00,0.0,0.0
9/3/2021 1:00,0.0,0.0
9/3/2021 2:00,0.0,0.0
9/3/2021 3:00,0.0,0.0
9/3/2021 4:00,0.0,0.0
9/3/2021 5:00,0.0,0.0
9/3/2021 6:00,0.0,0.0
9/3/2021 7:00,0.0,0.0
9/3/2021 8:00,0.25,0.02
9/3/2021 9:00,1.5,0.09
9/3/2021 10:00,4.75,0.29
9/3/2021 11:00,8.0,0.49
9/3/2021 12:00,10.0,0.61
9/3/2021 13:00,11.25,0.69
9/3/2021 14:00,11.5,0.7
9/3/2021 15:00,11.5,0.7
9/3/2021 16:00,9.75,0.6
9/3/2021 17:00,7.75,0.47
9/3/2021 18:00,4.5,0.28
9/3/2021 19:00,1.75,0.11
9/3/2021 20:00,0.25,0.02
9/3/2021 21:00,0.0,0.0
9/3/2021 22:00,0.0,0.0
9/3/2021 23:00,0.0,0.0
9/4/2021 0:00,0.0,0.0
9/4/2021 1:00,0.0,0.0
9/4/2021 2:00,0.0,0.0
9/4/2021 3:00,0.0,0.0
9/4/2021 4:00,0.0,0.0
9/4/2021 5:00,0.0,0.0
9/4/2021 6:00,0.0,0.0
9/4/2021 7:00,0.0,0.0
9/4/2021 8:00,0.0,0.0
9/4/2021 9:00,1.75,0.11
9/4/2021 10:00,4.75,0.29
9/4/2021 11:00,7.75,0.47
9/4/2021 12:00,10.0,0.61
9/4/2021 13:00,11.0,0.67
9/4/2021 14:00,11.5,0.7
9/4/2021 15:00,11.0,0.67
9/4/2021 16:00,9.75,0.6
9/4/2021 17:00,7.75,0.47
9/4/2021 18:00,4.5,0.28
9/4/2021 19:00,1.75,0.11
9/4/2021 20:00,0.25,0.02
9/4/2021 21:00,0.0,0.0
9/4/2021 22:00,0.0,0.0
9/4/2021 23:00,0.0,0.0
9/5/2021 0:00,0.0,0.0
9/5/2021 1:00,0.0,0.0
9/5/2021 2:00,0.0,0.0
9/5/2021 3:00,0.0,0.0
9/5/2021 4:00,0.0,0.0
9/5/2021 5:00,0.0,0.0
9/5/2021 6:00,0.0,0.0
9/5/2021 7:00,0.0,0.0
9/5/2021 8:00,0.25,0.02
9/5/2021 9:00,1.5,0.09
9/5/2021 10:00,4.75,0.29
9/5/2021 11:00,8.0,0.49
9/5/2021 12:00,9.75,0.6
9/5/2021 13:00,10.75,0.66
9/5/2021 14:00,11.25,0.69
9/5/2021 15:00,10.5,0.64
9/5/2021 16:00,9.0,0.55
9/5/2021 17:00,6.5,0.4
9/5/2021 18:00,3.25,0.2
9/5/2021 19:00,1.0,0.06
9/5/2021 20:00,0.0,0.0
9/5/2021 21:00,0.0,0.0
9/5/2021 22:00,0.0,0.0
9/5/2021 23:00,0.0,0.0
9/6/2021 0:00,0.0,0.0
9/6/2021 1:00,0.0,0.0
9/6/2021 2:00,0.0,0.0
9/6/2021 3:00,0.0,0.0
9/6/2021 4:00,0.0,0.0
9/6/2021 5:00,0.0,0.0
9/6/2021 6:00,0.0,0.0
9/6/2021 7:00,0.0,0.0
9/6/2021 8:00,0.25,0.02
9/6/2021 9:00,1.5,0.09
9/6/2021 10:00,3.75,0.23
9/6/2021 11:00,5.25,0.32
9/6/2021 12:00,7.25,0.44
9/6/2021 13:00,6.75,0.41
9/6/2021 14:00,11.0,0.67
9/6/2021 15:00,10.5,0.64
9/6/2021 16:00,9.25,0.57
9/6/2021 17:00,7.25,0.44
9/6/2021 18:00,4.0,0.25
9/6/2021 19:00,1.5,0.09
9/6/2021 20:00,0.25,0.02
9/6/2021 21:00,0.0,0.0
9/6/2021 22:00,0.0,0.0
9/6/2021 23:00,0.0,0.0
9/7/2021 0:00,0.0,0.0
9/7/2021 1:00,0.0,0.0
9/7/2021 2:00,0.0,0.0
9/7/2021 3:00,0.0,0.0
9/7/2021 4:00,0.0,0.0
9/7/2021 5:00,0.0,0.0
9/7/2021 6:00,0.0,0.0
9/7/2021 7:00,0.0,0.0
9/7/2021 8:00,0.5,0.03
9/7/2021 9:00,1.5,0.09
9/7/2021 10:00,3.75,0.23
9/7/2021 11:00,3.25,0.2
9/7/2021 12:00,9.75,0.6
9/7/2021 13:00,11.0,0.67
9/7/2021 14:00,11.75,0.72
9/7/2021 15:00,11.25,0.69
9/7/2021 16:00,9.75,0.6
9/7/2021 17:00,7.75,0.47
9/7/2021 18:00,4.5,0.28
9/7/2021 19:00,1.5,0.09
9/7/2021 20:00,0.0,0.0
9/7/2021 21:00,0.0,0.0
9/7/2021 22:00,0.0,0.0
9/7/2021 23:00,0.0,0.0
9/8/2021 0:00,0.0,0.0
9/8/2021 1:00,0.0,0.0
9/8/2021 2:00,0.0,0.0
9/8/2021 3:00,0.0,0.0
9/8/2021 4:00,0.0,0.0
9/8/2021 5:00,0.0,0.0
9/8/2021 6:00,0.0,0.0
9/8/2021 7:00,0.0,0.0
9/8/2021 8:00,0.25,0.02
9/8/2021 9:00,1.5,0.09
9/8/2021 10:00,4.75,0.29
9/8/2021 11:00,7.75,0.47
9/8/2021 12:00,10.5,0.64
9/8/2021 13:00,11.0,0.67
9/8/2021 14:00,11.75,0.72
9/8/2021 15:00,11.25,0.69
9/8/2021 16:00,9.75,0.6
9/8/2021 17:00,7.0,0.43
9/8/2021 18:00,4.5,0.28
9/8/2021 19:00,1.5,0.09
9/8/2021 20:00,0.25,0.02
9/8/2021 21:00,0.0,0.0
9/8/2021 22:00,0.0,0.0
9/8/2021 23:00,0.0,0.0
9/9/2021 0:00,0.0,0.0
9/9/2021 1:00,0.0,0.0
9/9/2021 2:00,0.0,0.0
9/9/2021 3:00,0.0,0.0
9/9/2021 4:00,0.0,0.0
9/9/2021 5:00,0.0,0.0
9/9/2021 6:00,0.0,0.0
9/9/2021 7:00,0.0,0.0
9/9/2021 8:00,0.25,0.02
9/9/2021 9:00,1.25,0.08
9/9/2021 10:00,4.5,0.28
9/9/2021 11:00,4.5,0.28
9/9/2021 12:00,5.25,0.32
9/9/2021 13:00,7.0,0.43
9/9/2021 14:00,11.0,0.67
9/9/2021 15:00,8.5,0.52
9/9/2021 16:00,9.0,0.55
9/9/2021 17:00,6.0,0.37
9/9/2021 18:00,4.0,0.25
9/9/2021 19:00,1.75,0.11
9/9/2021 20:00,0.0,0.0
9/9/2021 21:00,0.0,0.0
9/9/2021 22:00,0.0,0.0
9/9/2021 23:00,0.0,0.0
9/10/2021 0:00,0.0,0.0
9/10/2021 1:00,0.0,0.0
9/10/2021 2:00,0.0,0.0
9/10/2021 3:00,0.0,0.0
9/10/2021 4:00,0.0,0.0
9/10/2021 5:00,0.0,0.0
9/10/2021 6:00,0.0,0.0
9/10/2021 7:00,0.0,0.0
9/10/2021 8:00,0.25,0.02
9/10/2021 9:00,1.25,0.08
9/10/2021 10:00,4.5,0.28
9/10/2021 11:00,7.75,0.47
9/10/2021 12:00,9.75,0.6
9/10/2021 13:00,11.0,0.67
9/10/2021 14:00,11.5,0.7
9/10/2021 15:00,11.0,0.67
9/10/2021 16:00,9.5,0.58
9/10/2021 17:00,7.25,0.44
9/10/2021 18:00,4.0,0.25
9/10/2021 19:00,1.25,0.08
9/10/2021 20:00,0.25,0.02
9/10/2021 21:00,0.0,0.0
9/10/2021 22:00,0.0,0.0
9/10/2021 23:00,0.0,0.0
9/11/2021 0:00,0.0,0.0
9/11/2021 1:00,0.0,0.0
9/11/2021 2:00,0.0,0.0
9/11/2021 3:00,0.0,0.0
9/11/2021 4:00,0.0,0.0
9/11/2021 5:00,0.0,0.0
9/11/2021 6:00,0.0,0.0
9/11/2021 7:00,0.0,0.0
9/11/2021 8:00,0.25,0.02
9/11/2021 9:00,1.25,0.08
9/11/2021 10:00,4.25,0.26
9/11/2021 11:00,7.5,0.46
9/11/2021 12:00,9.5,0.58
9/11/2021 13:00,10.5,0.64
9/11/2021 14:00,11.0,0.67
9/11/2021 15:00,10.5,0.64
9/11/2021 16:00,9.25,0.57
9/11/2021 17:00,7.0,0.43
9/11/2021 18:00,4.0,0.25
9/11/2021 19:00,1.5,0.09
9/11/2021 20:00,0.0,0.0
9/11/2021 21:00,0.0,0.0
9/11/2021 22:00,0.0,0.0
9/11/2021 23:00,0.0,0.0
9/12/2021 0:00,0.0,0.0
9/12/2021 1:00,0.0,0.0
9/12/2021 2:00,0.0,0.0
9/12/2021 3:00,0.0,0.0
9/12/2021 4:00,0.0,0.0
9/12/2021 5:00,0.0,0.0
9/12/2021 6:00,0.0,0.0
9/12/2021 7:00,0.0,0.0
9/12/2021 8:00,0.25,0.02
9/12/2021 9:00,1.25,0.08
9/12/2021 10:00,4.5,0.28
9/12/2021 11:00,7.5,0.46
9/12/2021 12:00,9.5,0.58
9/12/2021 13:00,10.5,0.64
9/12/2021 14:00,9.75,0.6
9/12/2021 15:00,9.5,0.58
9/12/2021 16:00,7.75,0.47
9/12/2021 17:00,5.5,0.34
9/12/2021 18:00,4.0,0.25
9/12/2021 19:00,1.5,0.09
9/12/2021 20:00,0.25,0.02
9/12/2021 21:00,0.0,0.0
9/12/2021 22:00,0.0,0.0
9/12/2021 23:00,0.0,0.0
9/13/2021 0:00,0.0,0.0
9/13/2021 1:00,0.0,0.0
9/13/2021 2:00,0.0,0.0
9/13/2021 3:00,0.0,0.0
9/13/2021 4:00,0.0,0.0
9/13/2021 5:00,0.0,0.0
9/13/2021 6:00,0.0,0.0
9/13/2021 7:00,0.0,0.0
9/13/2021 8:00,0.0,0.0
9/13/2021 9:00,1.0,0.06
9/13/2021 10:00,2.75,0.17
9/13/2021 11:00,4.25,0.26
9/13/2021 12:00,5.75,0.35
9/13/2021 13:00,8.25,0.51
9/13/2021 14:00,4.0,0.25
9/13/2021 15:00,3.5,0.21
9/13/2021 16:00,3.0,0.18
9/13/2021 17:00,3.25,0.2
9/13/2021 18:00,2.0,0.12
9/13/2021 19:00,0.75,0.05
9/13/2021 20:00,0.25,0.02
9/13/2021 21:00,0.0,0.0
9/13/2021 22:00,0.0,0.0
9/13/2021 23:00,0.0,0.0
9/14/2021 0:00,0.0,0.0
9/14/2021 1:00,0.0,0.0
9/14/2021 2:00,0.0,0.0
9/14/2021 3:00,0.0,0.0
9/14/2021 4:00,0.0,0.0
9/14/2021 5:00,0.0,0.0
9/14/2021 6:00,0.0,0.0
9/14/2021 7:00,0.0,0.0
9/14/2021 8:00,0.0,0.0
9/14/2021 9:00,0.0,0.0
9/14/2021 10:00,2.0,0.12
9/14/2021 11:00,3.0,0.18
9/14/2021 12:00,7.0,0.43
9/14/2021 13:00,1.75,0.11
9/14/2021 14:00,3.25,0.2
9/14/2021 15:00,6.25,0.38
9/14/2021 16:00,8.75,0.54
9/14/2021 17:00,7.75,0.47
9/14/2021 18:00,5.0,0.31
9/14/2021 19:00,1.5,0.09
9/14/2021 20:00,0.0,0.0
9/14/2021 21:00,0.0,0.0
9/14/2021 22:00,0.0,0.0
9/14/2021 23:00,0.0,0.0
9/15/2021 0:00,0.0,0.0
9/15/2021 1:00,0.0,0.0
9/15/2021 2:00,0.0,0.0
9/15/2021 3:00,0.0,0.0
9/15/2021 4:00,0.0,0.0
9/15/2021 5:00,0.0,0.0
9/15/2021 6:00,0.0,0.0
9/15/2021 7:00,0.0,0.0
9/15/2021 8:00,0.25,0.02
9/15/2021 9:00,1.5,0.09
9/15/2021 10:00,5.0,0.31
9/15/2021 11:00,8.75,0.54
9/15/2021 12:00,10.75,0.66
9/15/2021 13:00,11.5,0.7
9/15/2021 14:00,11.25,0.69
9/15/2021 15:00,3.25,0.2
9/15/2021 16:00,3.25,0.2
9/15/2021 17:00,2.25,0.14
9/15/2021 18:00,0.75,0.05
9/15/2021 19:00,1.75,0.11
9/15/2021 20:00,0.5,0.03
9/15/2021 21:00,0.0,0.0
9/15/2021 22:00,0.0,0.0
9/15/2021 23:00,0.0,0.0
9/16/2021 0:00,0.0,0.0
9/16/2021 1:00,0.0,0.0
9/16/2021 2:00,0.0,0.0
9/16/2021 3:00,0.0,0.0
9/16/2021 4:00,0.0,0.0
9/16/2021 5:00,0.0,0.0
9/16/2021 6:00,0.0,0.0
9/16/2021 7:00,0.0,0.0
9/16/2021 8:00,0.0,0.0
9/16/2021 9:00,1.5,0.09
9/16/2021 10:00,4.75,0.29
9/16/2021 11:00,8.0,0.49
9/16/2021 12:00,10.25,0.63
9/16/2021 13:00,11.25,0.69
9/16/2021 14:00,11.75,0.72
9/16/2021 15:00,11.25,0.69
9/16/2021 16:00,10.0,0.61
9/16/2021 17:00,7.5,0.46
9/16/2021 18:00,4.25,0.26
9/16/2021 19:00,1.25,0.08
9/16/2021 20:00,0.25,0.02
9/16/2021 21:00,0.0,0.0
9/16/2021 22:00,0.0,0.0
9/16/2021 23:00,0.0,0.0
9/17/2021 0:00,0.0,0.0
9/17/2021 1:00,0.0,0.0
9/17/2021 2:00,0.0,0.0
9/17/2021 3:00,0.0,0.0
9/17/2021 4:00,0.0,0.0
9/17/2021 5:00,0.0,0.0
9/17/2021 6:00,0.0,0.0
9/17/2021 7:00,0.0,0.0
9/17/2021 8:00,0.0,0.0
9/17/2021 9:00,1.25,0.08
9/17/2021 10:00,4.75,0.29
9/17/2021 11:00,8.0,0.49
9/17/2021 12:00,10.0,0.61
9/17/2021 13:00,11.5,0.7
9/17/2021 14:00,11.75,0.72
9/17/2021 15:00,11.25,0.69
9/17/2021 16:00,9.75,0.6
9/17/2021 17:00,7.5,0.46
9/17/2021 18:00,4.0,0.25
9/17/2021 19:00,1.25,0.08
9/17/2021 20:00,0.0,0.0
9/17/2021 21:00,0.0,0.0
9/17/2021 22:00,0.0,0.0
9/17/2021 23:00,0.0,0.0
9/18/2021 0:00,0.0,0.0
9/18/2021 1:00,0.0,0.0
9/18/2021 2:00,0.0,0.0
9/18/2021 3:00,0.0,0.0
9/18/2021 4:00,0.0,0.0
9/18/2021 5:00,0.0,0.0
9/18/2021 6:00,0.0,0.0
9/18/2021 7:00,0.0,0.0
9/18/2021 8:00,0.25,0.02
9/18/2021 9:00,1.25,0.08
9/18/2021 10:00,5.0,0.31
9/18/2021 11:00,8.75,0.54
9/18/2021 12:00,10.75,0.66
9/18/2021 13:00,11.75,0.72
9/18/2021 14:00,12.0,0.74
9/18/2021 15:00,11.75,0.72
9/18/2021 16:00,10.0,0.61
9/18/2021 17:00,7.5,0.46
9/18/2021 18:00,4.5,0.28
9/18/2021 19:00,1.25,0.08
9/18/2021 20:00,0.0,0.0
9/18/2021 21:00,0.0,0.0
9/18/2021 22:00,0.0,0.0
9/18/2021 23:00,0.0,0.0
9/19/2021 0:00,0.0,0.0
9/19/2021 1:00,0.0,0.0
9/19/2021 2:00,0.0,0.0
9/19/2021 3:00,0.0,0.0
9/19/2021 4:00,0.0,0.0
9/19/2021 5:00,0.0,0.0
9/19/2021 6:00,0.0,0.0
9/19/2021 7:00,0.0,0.0
9/19/2021 8:00,0.25,0.02
9/19/2021 9:00,1.25,0.08
9/19/2021 10:00,4.75,0.29
9/19/2021 11:00,8.5,0.52
9/19/2021 12:00,10.25,0.63
9/19/2021 13:00,11.5,0.7
9/19/2021 14:00,11.75,0.72
9/19/2021 15:00,11.25,0.69
9/19/2021 16:00,10.0,0.61
9/19/2021 17:00,7.25,0.44
9/19/2021 18:00,4.0,0.25
9/19/2021 19:00,1.25,0.08
9/19/2021 20:00,0.0,0.0
9/19/2021 21:00,0.0,0.0
9/19/2021 22:00,0.0,0.0
9/19/2021 23:00,0.0,0.0
9/20/2021 0:00,0.0,0.0
9/20/2021 1:00,0.0,0.0
9/20/2021 2:00,0.0,0.0
9/20/2021 3:00,0.0,0.0
9/20/2021 4:00,0.0,0.0
9/20/2021 5:00,0.0,0.0
9/20/2021 6:00,0.0,0.0
9/20/2021 7:00,0.0,0.0
9/20/2021 8:00,0.25,0.02
9/20/2021 9:00,1.25,0.08
9/20/2021 10:00,4.75,0.29
9/20/2021 11:00,8.25,0.51
9/20/2021 12:00,10.0,0.61
9/20/2021 13:00,11.25,0.69
9/20/2021 14:00,11.5,0.7
9/20/2021 15:00,11.0,0.67
9/20/2021 16:00,9.75,0.6
9/20/2021 17:00,7.5,0.46
9/20/2021 18:00,4.0,0.25
9/20/2021 19:00,1.0,0.06
9/20/2021 20:00,0.25,0.02
9/20/2021 21:00,0.0,0.0
9/20/2021 22:00,0.0,0.0
9/20/2021 23:00,0.0,0.0
9/21/2021 0:00,0.0,0.0
9/21/2021 1:00,0.0,0.0
9/21/2021 2:00,0.0,0.0
9/21/2021 3:00,0.0,0.0
9/21/2021 4:00,0.0,0.0
9/21/2021 5:00,0.0,0.0
9/21/2021 6:00,0.0,0.0
9/21/2021 7:00,0.0,0.0
9/21/2021 8:00,0.0,0.0
9/21/2021 9:00,1.25,0.08
9/21/2021 10:00,4.5,0.28
9/21/2021 11:00,8.25,0.51
9/21/2021 12:00,9.5,0.58
9/21/2021 13:00,11.0,0.67
9/21/2021 14:00,11.5,0.7
9/21/2021 15:00,10.5,0.64
9/21/2021 16:00,9.5,0.58
9/21/2021 17:00,7.0,0.43
9/21/2021 18:00,3.75,0.23
9/21/2021 19:00,0.75,0.05
9/21/2021 20:00,0.0,0.0
9/21/2021 21:00,0.0,0.0
9/21/2021 22:00,0.0,0.0
9/21/2021 23:00,0.0,0.0
9/22/2021 0:00,0.0,0.0
9/22/2021 1:00,0.0,0.0
9/22/2021 2:00,0.0,0.0
9/22/2021 3:00,0.0,0.0
9/22/2021 4:00,0.0,0.0
9/22/2021 5:00,0.0,0.0
9/22/2021 6:00,0.0,0.0
9/22/2021 7:00,0.0,0.0
9/22/2021 8:00,0.25,0.02
9/22/2021 9:00,1.25,0.08
9/22/2021 10:00,4.25,0.26
9/22/2021 11:00,7.5,0.46
9/22/2021 12:00,9.5,0.58
9/22/2021 13:00,11.25,0.69
9/22/2021 14:00,10.25,0.63
9/22/2021 15:00,5.75,0.35
9/22/2021 16:00,3.25,0.2
9/22/2021 17:00,4.75,0.29
9/22/2021 18:00,2.5,0.15
9/22/2021 19:00,0.75,0.05
9/22/2021 20:00,0.0,0.0
9/22/2021 21:00,0.0,0.0
9/22/2021 22:00,0.0,0.0
9/22/2021 23:00,0.0,0.0
9/23/2021 0:00,0.0,0.0
9/23/2021 1:00,0.0,0.0
9/23/2021 2:00,0.0,0.0
9/23/2021 3:00,0.0,0.0
9/23/2021 4:00,0.0,0.0
9/23/2021 5:00,0.0,0.0
9/23/2021 6:00,0.0,0.0
9/23/2021 7:00,0.0,0.0
9/23/2021 8:00,0.0,0.0
9/23/2021 9:00,0.25,0.02
9/23/2021 10:00,3.0,0.18
9/23/2021 11:00,4.75,0.29
9/23/2021 12:00,9.25,0.57
9/23/2021 13:00,11.25,0.69
9/23/2021 14:00,11.75,0.72
9/23/2021 15:00,10.75,0.66
9/23/2021 16:00,9.5,0.58
9/23/2021 17:00,7.0,0.43
9/23/2021 18:00,4.0,0.25
9/23/2021 19:00,1.0,0.06
9/23/2021 20:00,0.0,0.0
9/23/2021 21:00,0.0,0.0
9/23/2021 22:00,0.0,0.0
9/23/2021 23:00,0.0,0.0
9/24/2021 0:00,0.0,0.0
9/24/2021 1:00,0.0,0.0
9/24/2021 2:00,0.0,0.0
9/24/2021 3:00,0.0,0.0
9/24/2021 4:00,0.0,0.0
9/24/2021 5:00,0.0,0.0
9/24/2021 6:00,0.0,0.0
9/24/2021 7:00,0.0,0.0
9/24/2021 8:00,0.25,0.02
9/24/2021 9:00,1.0,0.06
9/24/2021 10:00,4.0,0.25
9/24/2021 11:00,5.25,0.32
9/24/2021 12:00,8.75,0.54
9/24/2021 13:00,10.25,0.63
9/24/2021 14:00,12.5,0.77
9/24/2021 15:00,11.75,0.72
9/24/2021 16:00,9.5,0.58
9/24/2021 17:00,4.75,0.29
9/24/2021 18:00,4.0,0.25
9/24/2021 19:00,1.0,0.06
9/24/2021 20:00,0.0,0.0
9/24/2021 21:00,0.0,0.0
9/24/2021 22:00,0.0,0.0
9/24/2021 23:00,0.0,0.0
9/25/2021 0:00,0.0,0.0
9/25/2021 1:00,0.0,0.0
9/25/2021 2:00,0.0,0.0
9/25/2021 3:00,0.0,0.0
9/25/2021 4:00,0.0,0.0
9/25/2021 5:00,0.0,0.0
9/25/2021 6:00,0.0,0.0
9/25/2021 7:00,0.0,0.0
9/25/2021 8:00,0.25,0.02
9/25/2021 9:00,1.0,0.06
9/25/2021 10:00,4.0,0.25
9/25/2021 11:00,5.75,0.35
9/25/2021 12:00,8.75,0.54
9/25/2021 13:00,11.75,0.72
9/25/2021 14:00,12.0,0.74
9/25/2021 15:00,11.5,0.7
9/25/2021 16:00,10.0,0.61
9/25/2021 17:00,7.25,0.44
9/25/2021 18:00,3.75,0.23
9/25/2021 19:00,1.0,0.06
9/25/2021 20:00,0.0,0.0
9/25/2021 21:00,0.0,0.0
9/25/2021 22:00,0.0,0.0
9/25/2021 23:00,0.0,0.0
9/26/2021 0:00,0.0,0.0
9/26/2021 1:00,0.0,0.0
9/26/2021 2:00,0.0,0.0
9/26/2021 3:00,0.0,0.0
9/26/2021 4:00,0.0,0.0
9/26/2021 5:00,0.0,0.0
9/26/2021 6:00,0.0,0.0
9/26/2021 7:00,0.0,0.0
9/26/2021 8:00,0.0,0.0
9/26/2021 9:00,1.0,0.06
9/26/2021 10:00,4.0,0.25
9/26/2021 11:00,6.75,0.41
9/26/2021 12:00,9.5,0.58
9/26/2021 13:00,11.25,0.69
9/26/2021 14:00,11.75,0.72
9/26/2021 15:00,11.25,0.69
9/26/2021 16:00,9.5,0.58
9/26/2021 17:00,7.0,0.43
9/26/2021 18:00,4.0,0.25
9/26/2021 19:00,0.75,0.05
9/26/2021 20:00,0.0,0.0
9/26/2021 21:00,0.0,0.0
9/26/2021 22:00,0.0,0.0
9/26/2021 23:00,0.0,0.0
9/27/2021 0:00,0.0,0.0
9/27/2021 1:00,0.0,0.0
9/27/2021 2:00,0.0,0.0
9/27/2021 3:00,0.0,0.0
9/27/2021 4:00,0.0,0.0
9/27/2021 5:00,0.0,0.0
9/27/2021 6:00,0.0,0.0
9/27/2021 7:00,0.0,0.0
9/27/2021 8:00,0.0,0.0
9/27/2021 9:00,1.25,0.08
9/27/2021 10:00,3.75,0.23
9/27/2021 11:00,6.75,0.41
9/27/2021 12:00,9.75,0.6
9/27/2021 13:00,11.25,0.69
9/27/2021 14:00,11.25,0.69
9/27/2021 15:00,11.0,0.67
9/27/2021 16:00,9.5,0.58
9/27/2021 17:00,7.0,0.43
9/27/2021 18:00,3.75,0.23
9/27/2021 19:00,0.75,0.05
9/27/2021 20:00,0.0,0.0
9/27/2021 21:00,0.0,0.0
9/27/2021 22:00,0.0,0.0
9/27/2021 23:00,0.0,0.0
9/28/2021 0:00,0.0,0.0
9/28/2021 1:00,0.0,0.0
9/28/2021 2:00,0.0,0.0
9/28/2021 3:00,0.0,0.0
9/28/2021 4:00,0.0,0.0
9/28/2021 5:00,0.0,0.0
9/28/2021 6:00,0.0,0.0
9/28/2021 7:00,0.0,0.0
9/28/2021 8:00,0.0,0.0
9/28/2021 9:00,1.0,0.06
9/28/2021 10:00,3.75,0.23
9/28/2021 11:00,6.5,0.4
9/28/2021 12:00,9.5,0.58
9/28/2021 13:00,11.25,0.69
9/28/2021 14:00,11.5,0.7
9/28/2021 15:00,10.75,0.66
9/28/2021 16:00,9.25,0.57
9/28/2021 17:00,6.75,0.41
9/28/2021 18:00,3.75,0.23
9/28/2021 19:00,0.5,0.03
9/28/2021 20:00,0.0,0.0
9/28/2021 21:00,0.0,0.0
9/28/2021 22:00,0.0,0.0
9/28/2021 23:00,0.0,0.0
9/29/2021 0:00,0.0,0.0
9/29/2021 1:00,0.0,0.0
9/29/2021 2:00,0.0,0.0
9/29/2021 3:00,0.0,0.0
9/29/2021 4:00,0.0,0.0
9/29/2021 5:00,0.0,0.0
9/29/2021 6:00,0.0,0.0
9/29/2021 7:00,0.0,0.0
9/29/2021 8:00,0.25,0.02
9/29/2021 9:00,0.75,0.05
9/29/2021 10:00,4.0,0.25
9/29/2021 11:00,6.5,0.4
9/29/2021 12:00,9.75,0.6
9/29/2021 13:00,11.0,0.67
9/29/2021 14:00,11.25,0.69
9/29/2021 15:00,10.5,0.64
9/29/2021 16:00,9.25,0.57
9/29/2021 17:00,6.5,0.4
9/29/2021 18:00,3.75,0.23
9/29/2021 19:00,0.75,0.05
9/29/2021 20:00,0.0,0.0
9/29/2021 21:00,0.0,0.0
9/29/2021 22:00,0.0,0.0
9/29/2021 23:00,0.0,0.0
9/30/2021 0:00,0.0,0.0
9/30/2021 1:00,0.0,0.0
9/30/2021 2:00,0.0,0.0
9/30/2021 3:00,0.0,0.0
9/30/2021 4:00,0.0,0.0
9/30/2021 5:00,0.0,0.0
9/30/2021 6:00,0.0,0.0
9/30/2021 7:00,0.0,0.0
9/30/2021 8:00,0.0,0.0
9/30/2021 9:00,0.75,0.05
9/30/2021 10:00,3.5,0.21
9/30/2021 11:00,6.0,0.37
9/30/2021 12:00,9.25,0.57
9/30/2021 13:00,10.75,0.66
9/30/2021 14:00,11.0,0.67
9/30/2021 15:00,10.5,0.64
9/30/2021 16:00,9.75,0.6
9/30/2021 17:00,6.25,0.38
9/30/2021 18:00,2.25,0.14
9/30/2021 19:00,0.75,0.05
9/30/2021 20:00,0.0,0.0
9/30/2021 21:00,0.0,0.0
9/30/2021 22:00,0.0,0.0
9/30/2021 23:00,0.0,0.0
10/1/2021 0:00,0.0,0.0
10/1/2021 1:00,0.0,0.0
10/1/2021 2:00,0.0,0.0
10/1/2021 3:00,0.0,0.0
10/1/2021 4:00,0.0,0.0
10/1/2021 5:00,0.0,0.0
10/1/2021 6:00,0.0,0.0
10/1/2021 7:00,0.0,0.0
10/1/2021 8:00,0.25,0.02
10/1/2021 9:00,0.75,0.05
10/1/2021 10:00,3.25,0.2
10/1/2021 11:00,5.75,0.35
10/1/2021 12:00,9.25,0.57
10/1/2021 13:00,10.75,0.66
10/1/2021 14:00,11.0,0.67
10/1/2021 15:00,10.25,0.63
10/1/2021 16:00,9.0,0.55
10/1/2021 17:00,6.5,0.4
10/1/2021 18:00,2.75,0.17
10/1/2021 19:00,0.75,0.05
10/1/2021 20:00,0.0,0.0
10/1/2021 21:00,0.0,0.0
10/1/2021 22:00,0.0,0.0
10/1/2021 23:00,0.0,0.0
10/2/2021 0:00,0.0,0.0
10/2/2021 1:00,0.0,0.0
10/2/2021 2:00,0.0,0.0
10/2/2021 3:00,0.0,0.0
10/2/2021 4:00,0.0,0.0
10/2/2021 5:00,0.0,0.0
10/2/2021 6:00,0.0,0.0
10/2/2021 7:00,0.0,0.0
10/2/2021 8:00,0.25,0.02
10/2/2021 9:00,0.75,0.05
10/2/2021 10:00,3.25,0.2
10/2/2021 11:00,6.0,0.37
10/2/2021 12:00,9.25,0.57
10/2/2021 13:00,10.5,0.64
10/2/2021 14:00,11.5,0.7
10/2/2021 15:00,9.75,0.6
10/2/2021 16:00,9.0,0.55
10/2/2021 17:00,6.0,0.37
10/2/2021 18:00,3.25,0.2
10/2/2021 19:00,0.5,0.03
10/2/2021 20:00,0.0,0.0
10/2/2021 21:00,0.0,0.0
10/2/2021 22:00,0.0,0.0
10/2/2021 23:00,0.0,0.0
10/3/2021 0:00,0.0,0.0
10/3/2021 1:00,0.0,0.0
10/3/2021 2:00,0.0,0.0
10/3/2021 3:00,0.0,0.0
10/3/2021 4:00,0.0,0.0
10/3/2021 5:00,0.0,0.0
10/3/2021 6:00,0.0,0.0
10/3/2021 7:00,0.0,0.0
10/3/2021 8:00,0.25,0.02
10/3/2021 9:00,1.25,0.08
10/3/2021 10:00,1.25,0.08
10/3/2021 11:00,1.75,0.11
10/3/2021 12:00,3.25,0.2
10/3/2021 13:00,4.5,0.28
10/3/2021 14:00,6.5,0.4
10/3/2021 15:00,10.5,0.64
10/3/2021 16:00,9.5,0.58
10/3/2021 17:00,5.5,0.34
10/3/2021 18:00,2.0,0.12
10/3/2021 19:00,0.5,0.03
10/3/2021 20:00,0.0,0.0
10/3/2021 21:00,0.0,0.0
10/3/2021 22:00,0.0,0.0
10/3/2021 23:00,0.0,0.0
10/4/2021 0:00,0.0,0.0
10/4/2021 1:00,0.0,0.0
10/4/2021 2:00,0.0,0.0
10/4/2021 3:00,0.0,0.0
10/4/2021 4:00,0.0,0.0
10/4/2021 5:00,0.0,0.0
10/4/2021 6:00,0.0,0.0
10/4/2021 7:00,0.0,0.0
10/4/2021 8:00,0.25,0.02
10/4/2021 9:00,0.75,0.05
10/4/2021 10:00,3.75,0.23
10/4/2021 11:00,6.5,0.4
10/4/2021 12:00,10.0,0.61
10/4/2021 13:00,11.75,0.72
10/4/2021 14:00,11.75,0.72
10/4/2021 15:00,11.0,0.67
10/4/2021 16:00,9.5,0.58
10/4/2021 17:00,6.75,0.41
10/4/2021 18:00,3.0,0.18
10/4/2021 19:00,0.5,0.03
10/4/2021 20:00,0.0,0.0
10/4/2021 21:00,0.0,0.0
10/4/2021 22:00,0.0,0.0
10/4/2021 23:00,0.0,0.0
10/5/2021 0:00,0.0,0.0
10/5/2021 1:00,0.0,0.0
10/5/2021 2:00,0.0,0.0
10/5/2021 3:00,0.0,0.0
10/5/2021 4:00,0.0,0.0
10/5/2021 5:00,0.0,0.0
10/5/2021 6:00,0.0,0.0
10/5/2021 7:00,0.0,0.0
10/5/2021 8:00,0.0,0.0
10/5/2021 9:00,0.75,0.05
10/5/2021 10:00,3.0,0.18
10/5/2021 11:00,6.0,0.37
10/5/2021 12:00,9.5,0.58
10/5/2021 13:00,10.75,0.66
10/5/2021 14:00,9.75,0.6
10/5/2021 15:00,8.5,0.52
10/5/2021 16:00,5.0,0.31
10/5/2021 17:00,3.0,0.18
10/5/2021 18:00,2.75,0.17
10/5/2021 19:00,0.75,0.05
10/5/2021 20:00,0.0,0.0
10/5/2021 21:00,0.0,0.0
10/5/2021 22:00,0.0,0.0
10/5/2021 23:00,0.0,0.0
10/6/2021 0:00,0.0,0.0
10/6/2021 1:00,0.0,0.0
10/6/2021 2:00,0.0,0.0
10/6/2021 3:00,0.0,0.0
10/6/2021 4:00,0.0,0.0
10/6/2021 5:00,0.0,0.0
10/6/2021 6:00,0.0,0.0
10/6/2021 7:00,0.0,0.0
10/6/2021 8:00,0.0,0.0
10/6/2021 9:00,1.25,0.08
10/6/2021 10:00,2.5,0.15
10/6/2021 11:00,5.0,0.31
10/6/2021 12:00,9.25,0.57
10/6/2021 13:00,10.75,0.66
10/6/2021 14:00,11.0,0.67
10/6/2021 15:00,10.25,0.63
10/6/2021 16:00,8.75,0.54
10/6/2021 17:00,6.25,0.38
10/6/2021 18:00,3.0,0.18
10/6/2021 19:00,0.25,0.02
10/6/2021 20:00,0.0,0.0
10/6/2021 21:00,0.0,0.0
10/6/2021 22:00,0.0,0.0
10/6/2021 23:00,0.0,0.0
10/7/2021 0:00,0.0,0.0
10/7/2021 1:00,0.0,0.0
10/7/2021 2:00,0.0,0.0
10/7/2021 3:00,0.0,0.0
10/7/2021 4:00,0.0,0.0
10/7/2021 5:00,0.0,0.0
10/7/2021 6:00,0.0,0.0
10/7/2021 7:00,0.0,0.0
10/7/2021 8:00,0.25,0.02
10/7/2021 9:00,0.5,0.03
10/7/2021 10:00,2.75,0.17
10/7/2021 11:00,6.0,0.37
10/7/2021 12:00,8.75,0.54
10/7/2021 13:00,10.75,0.66
10/7/2021 14:00,11.0,0.67
10/7/2021 15:00,10.0,0.61
10/7/2021 16:00,8.75,0.54
10/7/2021 17:00,6.25,0.38
10/7/2021 18:00,3.0,0.18
10/7/2021 19:00,0.25,0.02
10/7/2021 20:00,0.0,0.0
10/7/2021 21:00,0.0,0.0
10/7/2021 22:00,0.0,0.0
10/7/2021 23:00,0.0,0.0
10/8/2021 0:00,0.0,0.0
10/8/2021 1:00,0.0,0.0
10/8/2021 2:00,0.0,0.0
10/8/2021 3:00,0.0,0.0
10/8/2021 4:00,0.0,0.0
10/8/2021 5:00,0.0,0.0
10/8/2021 6:00,0.0,0.0
10/8/2021 7:00,0.0,0.0
10/8/2021 8:00,0.25,0.02
10/8/2021 9:00,0.5,0.03
10/8/2021 10:00,2.75,0.17
10/8/2021 11:00,5.5,0.34
10/8/2021 12:00,8.75,0.54
10/8/2021 13:00,10.75,0.66
10/8/2021 14:00,11.0,0.67
10/8/2021 15:00,10.5,0.64
10/8/2021 16:00,9.0,0.55
10/8/2021 17:00,6.25,0.38
10/8/2021 18:00,2.75,0.17
10/8/2021 19:00,0.5,0.03
10/8/2021 20:00,0.0,0.0
10/8/2021 21:00,0.0,0.0
10/8/2021 22:00,0.0,0.0
10/8/2021 23:00,0.0,0.0
10/9/2021 0:00,0.0,0.0
10/9/2021 1:00,0.0,0.0
10/9/2021 2:00,0.0,0.0
10/9/2021 3:00,0.0,0.0
10/9/2021 4:00,0.0,0.0
10/9/2021 5:00,0.0,0.0
10/9/2021 6:00,0.0,0.0
10/9/2021 7:00,0.0,0.0
10/9/2021 8:00,0.0,0.0
10/9/2021 9:00,0.5,0.03
10/9/2021 10:00,2.75,0.17
10/9/2021 11:00,5.5,0.34
10/9/2021 12:00,8.5,0.52
10/9/2021 13:00,10.5,0.64
10/9/2021 14:00,11.0,0.67
10/9/2021 15:00,10.5,0.64
10/9/2021 16:00,8.5,0.52
10/9/2021 17:00,6.0,0.37
10/9/2021 18:00,2.75,0.17
10/9/2021 19:00,0.5,0.03
10/9/2021 20:00,0.0,0.0
10/9/2021 21:00,0.0,0.0
10/9/2021 22:00,0.0,0.0
10/9/2021 23:00,0.0,0.0
10/10/2021 0:00,0.0,0.0
10/10/2021 1:00,0.0,0.0
10/10/2021 2:00,0.0,0.0
10/10/2021 3:00,0.0,0.0
10/10/2021 4:00,0.0,0.0
10/10/2021 5:00,0.0,0.0
10/10/2021 6:00,0.0,0.0
10/10/2021 7:00,0.0,0.0
10/10/2021 8:00,0.0,0.0
10/10/2021 9:00,0.5,0.03
10/10/2021 10:00,2.5,0.15
10/10/2021 11:00,5.25,0.32
10/10/2021 12:00,8.5,0.52
10/10/2021 13:00,10.5,0.64
10/10/2021 14:00,11.0,0.67
10/10/2021 15:00,10.0,0.61
10/10/2021 16:00,8.25,0.51
10/10/2021 17:00,6.0,0.37
10/10/2021 18:00,2.5,0.15
10/10/2021 19:00,0.25,0.02
10/10/2021 20:00,0.0,0.0
10/10/2021 21:00,0.0,0.0
10/10/2021 22:00,0.0,0.0
10/10/2021 23:00,0.0,0.0
10/11/2021 0:00,0.0,0.0
10/11/2021 1:00,0.0,0.0
10/11/2021 2:00,0.0,0.0
10/11/2021 3:00,0.0,0.0
10/11/2021 4:00,0.0,0.0
10/11/2021 5:00,0.0,0.0
10/11/2021 6:00,0.0,0.0
10/11/2021 7:00,0.0,0.0
10/11/2021 8:00,0.0,0.0
10/11/2021 9:00,0.5,0.03
10/11/2021 10:00,2.5,0.15
10/11/2021 11:00,5.25,0.32
10/11/2021 12:00,8.75,0.54
10/11/2021 13:00,10.75,0.66
10/11/2021 14:00,10.75,0.66
10/11/2021 15:00,10.0,0.61
10/11/2021 16:00,8.25,0.51
10/11/2021 17:00,5.5,0.34
10/11/2021 18:00,2.25,0.14
10/11/2021 19:00,0.5,0.03
10/11/2021 20:00,0.0,0.0
10/11/2021 21:00,0.0,0.0
10/11/2021 22:00,0.0,0.0
10/11/2021 23:00,0.0,0.0
10/12/2021 0:00,0.0,0.0
10/12/2021 1:00,0.0,0.0
10/12/2021 2:00,0.0,0.0
10/12/2021 3:00,0.0,0.0
10/12/2021 4:00,0.0,0.0
10/12/2021 5:00,0.0,0.0
10/12/2021 6:00,0.0,0.0
10/12/2021 7:00,0.0,0.0
10/12/2021 8:00,0.0,0.0
10/12/2021 9:00,0.25,0.02
10/12/2021 10:00,2.0,0.12
10/12/2021 11:00,4.5,0.28
10/12/2021 12:00,7.5,0.46
10/12/2021 13:00,10.0,0.61
10/12/2021 14:00,10.25,0.63
10/12/2021 15:00,9.25,0.57
10/12/2021 16:00,7.75,0.47
10/12/2021 17:00,5.25,0.32
10/12/2021 18:00,2.0,0.12
10/12/2021 19:00,0.5,0.03
10/12/2021 20:00,0.0,0.0
10/12/2021 21:00,0.0,0.0
10/12/2021 22:00,0.0,0.0
10/12/2021 23:00,0.0,0.0
10/13/2021 0:00,0.0,0.0
10/13/2021 1:00,0.0,0.0
10/13/2021 2:00,0.0,0.0
10/13/2021 3:00,0.0,0.0
10/13/2021 4:00,0.0,0.0
10/13/2021 5:00,0.0,0.0
10/13/2021 6:00,0.0,0.0
10/13/2021 7:00,0.0,0.0
10/13/2021 8:00,0.0,0.0
10/13/2021 9:00,0.75,0.05
10/13/2021 10:00,2.25,0.14
10/13/2021 11:00,4.5,0.28
10/13/2021 12:00,8.0,0.49
10/13/2021 13:00,10.0,0.61
10/13/2021 14:00,10.5,0.64
10/13/2021 15:00,9.75,0.6
10/13/2021 16:00,8.0,0.49
10/13/2021 17:00,5.5,0.34
10/13/2021 18:00,2.25,0.14
10/13/2021 19:00,0.5,0.03
10/13/2021 20:00,0.0,0.0
10/13/2021 21:00,0.0,0.0
10/13/2021 22:00,0.0,0.0
10/13/2021 23:00,0.0,0.0
10/14/2021 0:00,0.0,0.0
10/14/2021 1:00,0.0,0.0
10/14/2021 2:00,0.0,0.0
10/14/2021 3:00,0.0,0.0
10/14/2021 4:00,0.0,0.0
10/14/2021 5:00,0.0,0.0
10/14/2021 6:00,0.0,0.0
10/14/2021 7:00,0.0,0.0
10/14/2021 8:00,0.0,0.0
10/14/2021 9:00,0.5,0.03
10/14/2021 10:00,2.25,0.14
10/14/2021 11:00,4.5,0.28
10/14/2021 12:00,8.25,0.51
10/14/2021 13:00,10.25,0.63
10/14/2021 14:00,10.5,0.64
10/14/2021 15:00,9.5,0.58
10/14/2021 16:00,6.75,0.41
10/14/2021 17:00,5.75,0.35
10/14/2021 18:00,2.25,0.14
10/14/2021 19:00,0.25,0.02
10/14/2021 20:00,0.0,0.0
10/14/2021 21:00,0.0,0.0
10/14/2021 22:00,0.0,0.0
10/14/2021 23:00,0.0,0.0
10/15/2021 0:00,0.0,0.0
10/15/2021 1:00,0.0,0.0
10/15/2021 2:00,0.0,0.0
10/15/2021 3:00,0.0,0.0
10/15/2021 4:00,0.0,0.0
10/15/2021 5:00,0.0,0.0
10/15/2021 6:00,0.0,0.0
10/15/2021 7:00,0.0,0.0
10/15/2021 8:00,0.0,0.0
10/15/2021 9:00,0.5,0.03
10/15/2021 10:00,2.25,0.14
10/15/2021 11:00,4.25,0.26
10/15/2021 12:00,8.0,0.49
10/15/2021 13:00,9.75,0.6
10/15/2021 14:00,10.25,0.63
10/15/2021 15:00,9.75,0.6
10/15/2021 16:00,8.0,0.49
10/15/2021 17:00,5.25,0.32
10/15/2021 18:00,2.25,0.14
10/15/2021 19:00,0.25,0.02
10/15/2021 20:00,0.0,0.0
10/15/2021 21:00,0.0,0.0
10/15/2021 22:00,0.0,0.0
10/15/2021 23:00,0.0,0.0
10/16/2021 0:00,0.0,0.0
10/16/2021 1:00,0.0,0.0
10/16/2021 2:00,0.0,0.0
10/16/2021 3:00,0.0,0.0
10/16/2021 4:00,0.0,0.0
10/16/2021 5:00,0.0,0.0
10/16/2021 6:00,0.0,0.0
10/16/2021 7:00,0.0,0.0
10/16/2021 8:00,0.0,0.0
10/16/2021 9:00,0.5,0.03
10/16/2021 10:00,2.0,0.12
10/16/2021 11:00,4.75,0.29
10/16/2021 12:00,6.75,0.41
10/16/2021 13:00,8.75,0.54
10/16/2021 14:00,6.5,0.4
10/16/2021 15:00,9.75,0.6
10/16/2021 16:00,5.5,0.34
10/16/2021 17:00,3.5,0.21
10/16/2021 18:00,1.5,0.09
10/16/2021 19:00,0.25,0.02
10/16/2021 20:00,0.0,0.0
10/16/2021 21:00,0.0,0.0
10/16/2021 22:00,0.0,0.0
10/16/2021 23:00,0.0,0.0
10/17/2021 0:00,0.0,0.0
10/17/2021 1:00,0.0,0.0
10/17/2021 2:00,0.0,0.0
10/17/2021 3:00,0.0,0.0
10/17/2021 4:00,0.0,0.0
10/17/2021 5:00,0.0,0.0
10/17/2021 6:00,0.0,0.0
10/17/2021 7:00,0.0,0.0
10/17/2021 8:00,0.0,0.0
10/17/2021 9:00,0.75,0.05
10/17/2021 10:00,2.25,0.14
10/17/2021 11:00,4.0,0.25
10/17/2021 12:00,6.0,0.37
10/17/2021 13:00,7.5,0.46
10/17/2021 14:00,5.5,0.34
10/17/2021 15:00,5.5,0.34
10/17/2021 16:00,6.75,0.41
10/17/2021 17:00,5.25,0.32
10/17/2021 18:00,1.75,0.11
10/17/2021 19:00,0.25,0.02
10/17/2021 20:00,0.0,0.0
10/17/2021 21:00,0.0,0.0
10/17/2021 22:00,0.0,0.0
10/17/2021 23:00,0.0,0.0
10/18/2021 0:00,0.0,0.0
10/18/2021 1:00,0.0,0.0
10/18/2021 2:00,0.0,0.0
10/18/2021 3:00,0.0,0.0
10/18/2021 4:00,0.0,0.0
10/18/2021 5:00,0.0,0.0
10/18/2021 6:00,0.0,0.0
10/18/2021 7:00,0.0,0.0
10/18/2021 8:00,0.0,0.0
10/18/2021 9:00,0.75,0.05
10/18/2021 10:00,1.75,0.11
10/18/2021 11:00,4.25,0.26
10/18/2021 12:00,7.75,0.47
10/18/2021 13:00,10.0,0.61
10/18/2021 14:00,10.0,0.61
10/18/2021 15:00,9.25,0.57
10/18/2021 16:00,7.5,0.46
10/18/2021 17:00,5.0,0.31
10/18/2021 18:00,1.5,0.09
10/18/2021 19:00,0.5,0.03
10/18/2021 20:00,0.0,0.0
10/18/2021 21:00,0.0,0.0
10/18/2021 22:00,0.0,0.0
10/18/2021 23:00,0.0,0.0
10/19/2021 0:00,0.0,0.0
10/19/2021 1:00,0.0,0.0
10/19/2021 2:00,0.0,0.0
10/19/2021 3:00,0.0,0.0
10/19/2021 4:00,0.0,0.0
10/19/2021 5:00,0.0,0.0
10/19/2021 6:00,0.0,0.0
10/19/2021 7:00,0.0,0.0
10/19/2021 8:00,0.0,0.0
10/19/2021 9:00,0.25,0.02
10/19/2021 10:00,1.75,0.11
10/19/2021 11:00,4.25,0.26
10/19/2021 12:00,7.75,0.47
10/19/2021 13:00,10.0,0.61
10/19/2021 14:00,10.0,0.61
10/19/2021 15:00,9.25,0.57
10/19/2021 16:00,7.75,0.47
10/19/2021 17:00,5.25,0.32
10/19/2021 18:00,1.75,0.11
10/19/2021 19:00,0.25,0.02
10/19/2021 20:00,0.0,0.0
10/19/2021 21:00,0.0,0.0
10/19/2021 22:00,0.0,0.0
10/19/2021 23:00,0.0,0.0
10/20/2021 0:00,0.0,0.0
10/20/2021 1:00,0.0,0.0
10/20/2021 2:00,0.0,0.0
10/20/2021 3:00,0.0,0.0
10/20/2021 4:00,0.0,0.0
10/20/2021 5:00,0.0,0.0
10/20/2021 6:00,0.0,0.0
10/20/2021 7:00,0.0,0.0
10/20/2021 8:00,0.0,0.0
10/20/2021 9:00,0.5,0.03
10/20/2021 10:00,1.75,0.11
10/20/2021 11:00,4.0,0.25
10/20/2021 12:00,7.25,0.44
10/20/2021 13:00,9.25,0.57
10/20/2021 14:00,10.0,0.61
10/20/2021 15:00,9.0,0.55
10/20/2021 16:00,7.75,0.47
10/20/2021 17:00,5.0,0.31
10/20/2021 18:00,2.0,0.12
10/20/2021 19:00,0.25,0.02
10/20/2021 20:00,0.0,0.0
10/20/2021 21:00,0.0,0.0
10/20/2021 22:00,0.0,0.0
10/20/2021 23:00,0.0,0.0
10/21/2021 0:00,0.0,0.0
10/21/2021 1:00,0.0,0.0
10/21/2021 2:00,0.0,0.0
10/21/2021 3:00,0.0,0.0
10/21/2021 4:00,0.0,0.0
10/21/2021 5:00,0.0,0.0
10/21/2021 6:00,0.0,0.0
10/21/2021 7:00,0.0,0.0
10/21/2021 8:00,0.0,0.0
10/21/2021 9:00,0.25,0.02
10/21/2021 10:00,1.75,0.11
10/21/2021 11:00,4.25,0.26
10/21/2021 12:00,8.25,0.51
10/21/2021 13:00,9.75,0.6
10/21/2021 14:00,10.5,0.64
10/21/2021 15:00,10.0,0.61
10/21/2021 16:00,8.0,0.49
10/21/2021 17:00,5.25,0.32
10/21/2021 18:00,1.75,0.11
10/21/2021 19:00,0.25,0.02
10/21/2021 20:00,0.0,0.0
10/21/2021 21:00,0.0,0.0
10/21/2021 22:00,0.0,0.0
10/21/2021 23:00,0.0,0.0
10/22/2021 0:00,0.0,0.0
10/22/2021 1:00,0.0,0.0
10/22/2021 2:00,0.0,0.0
10/22/2021 3:00,0.0,0.0
10/22/2021 4:00,0.0,0.0
10/22/2021 5:00,0.0,0.0
10/22/2021 6:00,0.0,0.0
10/22/2021 7:00,0.0,0.0
10/22/2021 8:00,0.0,0.0
10/22/2021 9:00,0.25,0.02
10/22/2021 10:00,1.75,0.11
10/22/2021 11:00,4.5,0.28
10/22/2021 12:00,8.25,0.51
10/22/2021 13:00,10.75,0.66
10/22/2021 14:00,10.75,0.66
10/22/2021 15:00,9.75,0.6
10/22/2021 16:00,8.0,0.49
10/22/2021 17:00,5.5,0.34
10/22/2021 18:00,1.75,0.11
10/22/2021 19:00,0.25,0.02
10/22/2021 20:00,0.0,0.0
10/22/2021 21:00,0.0,0.0
10/22/2021 22:00,0.0,0.0
10/22/2021 23:00,0.0,0.0
10/23/2021 0:00,0.0,0.0
10/23/2021 1:00,0.0,0.0
10/23/2021 2:00,0.0,0.0
10/23/2021 3:00,0.0,0.0
10/23/2021 4:00,0.0,0.0
10/23/2021 5:00,0.0,0.0
10/23/2021 6:00,0.0,0.0
10/23/2021 7:00,0.0,0.0
10/23/2021 8:00,0.0,0.0
10/23/2021 9:00,0.25,0.02
10/23/2021 10:00,1.75,0.11
10/23/2021 11:00,4.0,0.25
10/23/2021 12:00,7.5,0.46
10/23/2021 13:00,10.0,0.61
10/23/2021 14:00,10.25,0.63
10/23/2021 15:00,9.5,0.58
10/23/2021 16:00,7.75,0.47
10/23/2021 17:00,5.0,0.31
10/23/2021 18:00,1.75,0.11
10/23/2021 19:00,0.0,0.0
10/23/2021 20:00,0.0,0.0
10/23/2021 21:00,0.0,0.0
10/23/2021 22:00,0.0,0.0
10/23/2021 23:00,0.0,0.0
10/24/2021 0:00,0.0,0.0
10/24/2021 1:00,0.0,0.0
10/24/2021 2:00,0.0,0.0
10/24/2021 3:00,0.0,0.0
10/24/2021 4:00,0.0,0.0
10/24/2021 5:00,0.0,0.0
10/24/2021 6:00,0.0,0.0
10/24/2021 7:00,0.0,0.0
10/24/2021 8:00,0.0,0.0
10/24/2021 9:00,0.5,0.03
10/24/2021 10:00,1.5,0.09
10/24/2021 11:00,4.0,0.25
10/24/2021 12:00,7.0,0.43
10/24/2021 13:00,9.75,0.6
10/24/2021 14:00,10.0,0.61
10/24/2021 15:00,9.25,0.57
10/24/2021 16:00,7.25,0.44
10/24/2021 17:00,5.25,0.32
10/24/2021 18:00,1.5,0.09
10/24/2021 19:00,0.25,0.02
10/24/2021 20:00,0.0,0.0
10/24/2021 21:00,0.0,0.0
10/24/2021 22:00,0.0,0.0
10/24/2021 23:00,0.0,0.0
10/25/2021 0:00,0.0,0.0
10/25/2021 1:00,0.0,0.0
10/25/2021 2:00,0.0,0.0
10/25/2021 3:00,0.0,0.0
10/25/2021 4:00,0.0,0.0
10/25/2021 5:00,0.0,0.0
10/25/2021 6:00,0.0,0.0
10/25/2021 7:00,0.0,0.0
10/25/2021 8:00,0.0,0.0
10/25/2021 9:00,0.25,0.02
10/25/2021 10:00,1.5,0.09
10/25/2021 11:00,4.0,0.25
10/25/2021 12:00,7.25,0.44
10/25/2021 13:00,9.75,0.6
10/25/2021 14:00,8.75,0.54
10/25/2021 15:00,8.5,0.52
10/25/2021 16:00,7.5,0.46
10/25/2021 17:00,4.75,0.29
10/25/2021 18:00,1.5,0.09
10/25/2021 19:00,0.0,0.0
10/25/2021 20:00,0.0,0.0
10/25/2021 21:00,0.0,0.0
10/25/2021 22:00,0.0,0.0
10/25/2021 23:00,0.0,0.0
10/26/2021 0:00,0.0,0.0
10/26/2021 1:00,0.0,0.0
10/26/2021 2:00,0.0,0.0
10/26/2021 3:00,0.0,0.0
10/26/2021 4:00,0.0,0.0
10/26/2021 5:00,0.0,0.0
10/26/2021 6:00,0.0,0.0
10/26/2021 7:00,0.0,0.0
10/26/2021 8:00,0.0,0.0
10/26/2021 9:00,0.5,0.03
10/26/2021 10:00,1.25,0.08
10/26/2021 11:00,3.75,0.23
10/26/2021 12:00,7.25,0.44
10/26/2021 13:00,9.75,0.6
10/26/2021 14:00,9.75,0.6
10/26/2021 15:00,9.0,0.55
10/26/2021 16:00,7.5,0.46
10/26/2021 17:00,4.5,0.28
10/26/2021 18:00,1.5,0.09
10/26/2021 19:00,0.25,0.02
10/26/2021 20:00,0.0,0.0
10/26/2021 21:00,0.0,0.0
10/26/2021 22:00,0.0,0.0
10/26/2021 23:00,0.0,0.0
10/27/2021 0:00,0.0,0.0
10/27/2021 1:00,0.0,0.0
10/27/2021 2:00,0.0,0.0
10/27/2021 3:00,0.0,0.0
10/27/2021 4:00,0.0,0.0
10/27/2021 5:00,0.0,0.0
10/27/2021 6:00,0.0,0.0
10/27/2021 7:00,0.0,0.0
10/27/2021 8:00,0.0,0.0
10/27/2021 9:00,0.25,0.02
10/27/2021 10:00,1.25,0.08
10/27/2021 11:00,3.75,0.23
10/27/2021 12:00,7.5,0.46
10/27/2021 13:00,9.75,0.6
10/27/2021 14:00,10.0,0.61
10/27/2021 15:00,9.0,0.55
10/27/2021 16:00,7.25,0.44
10/27/2021 17:00,5.0,0.31
10/27/2021 18:00,1.25,0.08
10/27/2021 19:00,0.25,0.02
10/27/2021 20:00,0.0,0.0
10/27/2021 21:00,0.0,0.0
10/27/2021 22:00,0.0,0.0
10/27/2021 23:00,0.0,0.0
10/28/2021 0:00,0.0,0.0
10/28/2021 1:00,0.0,0.0
10/28/2021 2:00,0.0,0.0
10/28/2021 3:00,0.0,0.0
10/28/2021 4:00,0.0,0.0
10/28/2021 5:00,0.0,0.0
10/28/2021 6:00,0.0,0.0
10/28/2021 7:00,0.0,0.0
10/28/2021 8:00,0.0,0.0
10/28/2021 9:00,0.25,0.02
10/28/2021 10:00,1.25,0.08
10/28/2021 11:00,3.5,0.21
10/28/2021 12:00,7.25,0.44
10/28/2021 13:00,9.75,0.6
10/28/2021 14:00,9.25,0.57
10/28/2021 15:00,9.0,0.55
10/28/2021 16:00,7.5,0.46
10/28/2021 17:00,4.0,0.25
10/28/2021 18:00,1.25,0.08
10/28/2021 19:00,0.25,0.02
10/28/2021 20:00,0.0,0.0
10/28/2021 21:00,0.0,0.0
10/28/2021 22:00,0.0,0.0
10/28/2021 23:00,0.0,0.0
10/29/2021 0:00,0.0,0.0
10/29/2021 1:00,0.0,0.0
10/29/2021 2:00,0.0,0.0
10/29/2021 3:00,0.0,0.0
10/29/2021 4:00,0.0,0.0
10/29/2021 5:00,0.0,0.0
10/29/2021 6:00,0.0,0.0
10/29/2021 7:00,0.0,0.0
10/29/2021 8:00,0.0,0.0
10/29/2021 9:00,0.5,0.03
10/29/2021 10:00,1.5,0.09
10/29/2021 11:00,2.25,0.14
10/29/2021 12:00,3.5,0.21
10/29/2021 13:00,5.75,0.35
10/29/2021 14:00,7.0,0.43
10/29/2021 15:00,6.5,0.4
10/29/2021 16:00,3.0,0.18
10/29/2021 17:00,2.75,0.17
10/29/2021 18:00,1.25,0.08
10/29/2021 19:00,0.0,0.0
10/29/2021 20:00,0.0,0.0
10/29/2021 21:00,0.0,0.0
10/29/2021 22:00,0.0,0.0
10/29/2021 23:00,0.0,0.0
10/30/2021 0:00,0.0,0.0
10/30/2021 1:00,0.0,0.0
10/30/2021 2:00,0.0,0.0
10/30/2021 3:00,0.0,0.0
10/30/2021 4:00,0.0,0.0
10/30/2021 5:00,0.0,0.0
10/30/2021 6:00,0.0,0.0
10/30/2021 7:00,0.0,0.0
10/30/2021 8:00,0.0,0.0
10/30/2021 9:00,0.25,0.02
10/30/2021 10:00,1.75,0.11
10/30/2021 11:00,3.25,0.2
10/30/2021 12:00,3.75,0.23
10/30/2021 13:00,3.0,0.18
10/30/2021 14:00,2.0,0.12
10/30/2021 15:00,2.5,0.15
10/30/2021 16:00,2.25,0.14
10/30/2021 17:00,1.25,0.08
10/30/2021 18:00,0.75,0.05
10/30/2021 19:00,0.25,0.02
10/30/2021 20:00,0.0,0.0
10/30/2021 21:00,0.0,0.0
10/30/2021 22:00,0.0,0.0
10/30/2021 23:00,0.0,0.0
10/31/2021 0:00,0.0,0.0
10/31/2021 1:00,0.0,0.0
10/31/2021 1:00,0.0,0.0
10/31/2021 2:00,0.0,0.0
10/31/2021 3:00,0.0,0.0
10/31/2021 4:00,0.0,0.0
10/31/2021 5:00,0.0,0.0
10/31/2021 6:00,0.0,0.0
10/31/2021 7:00,0.0,0.0
10/31/2021 8:00,0.0,0.0
10/31/2021 9:00,1.75,0.11
10/31/2021 10:00,3.25,0.2
10/31/2021 11:00,3.5,0.21
10/31/2021 12:00,3.0,0.18
10/31/2021 13:00,2.25,0.14
10/31/2021 14:00,6.25,0.38
10/31/2021 15:00,4.0,0.25
10/31/2021 16:00,1.75,0.11
10/31/2021 17:00,0.5,0.03
10/31/2021 18:00,0.0,0.0
10/31/2021 19:00,0.0,0.0
10/31/2021 20:00,0.0,0.0
10/31/2021 21:00,0.0,0.0
10/31/2021 22:00,0.0,0.0
10/31/2021 23:00,0.0,0.0
11/1/2021 0:00,0.0,0.0
11/1/2021 1:00,0.0,0.0
11/1/2021 2:00,0.0,0.0
11/1/2021 3:00,0.0,0.0
11/1/2021 4:00,0.0,0.0
11/1/2021 5:00,0.0,0.0
11/1/2021 6:00,0.0,0.0
11/1/2021 7:00,0.0,0.0
11/1/2021 8:00,0.25,0.02
11/1/2021 9:00,1.75,0.11
11/1/2021 10:00,2.75,0.17
11/1/2021 11:00,5.0,0.31
11/1/2021 12:00,8.5,0.52
11/1/2021 13:00,9.25,0.57
11/1/2021 14:00,9.0,0.55
11/1/2021 15:00,4.0,0.25
11/1/2021 16:00,4.0,0.25
11/1/2021 17:00,1.0,0.06
11/1/2021 18:00,0.0,0.0
11/1/2021 19:00,0.0,0.0
11/1/2021 20:00,0.0,0.0
11/1/2021 21:00,0.0,0.0
11/1/2021 22:00,0.0,0.0
11/1/2021 23:00,0.0,0.0
11/2/2021 0:00,0.0,0.0
11/2/2021 1:00,0.0,0.0
11/2/2021 2:00,0.0,0.0
11/2/2021 3:00,0.0,0.0
11/2/2021 4:00,0.0,0.0
11/2/2021 5:00,0.0,0.0
11/2/2021 6:00,0.0,0.0
11/2/2021 7:00,0.0,0.0
11/2/2021 8:00,0.5,0.03
11/2/2021 9:00,1.25,0.08
11/2/2021 10:00,3.25,0.2
11/2/2021 11:00,4.25,0.26
11/2/2021 12:00,7.0,0.43
11/2/2021 13:00,6.5,0.4
11/2/2021 14:00,8.0,0.49
11/2/2021 15:00,4.0,0.25
11/2/2021 16:00,3.25,0.2
11/2/2021 17:00,0.75,0.05
11/2/2021 18:00,0.0,0.0
11/2/2021 19:00,0.0,0.0
11/2/2021 20:00,0.0,0.0
11/2/2021 21:00,0.0,0.0
11/2/2021 22:00,0.0,0.0
11/2/2021 23:00,0.0,0.0
11/3/2021 0:00,0.0,0.0
11/3/2021 1:00,0.0,0.0
11/3/2021 2:00,0.0,0.0
11/3/2021 3:00,0.0,0.0
11/3/2021 4:00,0.0,0.0
11/3/2021 5:00,0.0,0.0
11/3/2021 6:00,0.0,0.0
11/3/2021 7:00,0.0,0.0
11/3/2021 8:00,0.25,0.02
11/3/2021 9:00,1.0,0.06
11/3/2021 10:00,3.25,0.2
11/3/2021 11:00,7.5,0.46
11/3/2021 12:00,9.0,0.55
11/3/2021 13:00,9.25,0.57
11/3/2021 14:00,8.75,0.54
11/3/2021 15:00,7.0,0.43
11/3/2021 16:00,5.0,0.31
11/3/2021 17:00,1.25,0.08
11/3/2021 18:00,0.0,0.0
11/3/2021 19:00,0.0,0.0
11/3/2021 20:00,0.0,0.0
11/3/2021 21:00,0.0,0.0
11/3/2021 22:00,0.0,0.0
11/3/2021 23:00,0.0,0.0
11/4/2021 0:00,0.0,0.0
11/4/2021 1:00,0.0,0.0
11/4/2021 2:00,0.0,0.0
11/4/2021 3:00,0.0,0.0
11/4/2021 4:00,0.0,0.0
11/4/2021 5:00,0.0,0.0
11/4/2021 6:00,0.0,0.0
11/4/2021 7:00,0.0,0.0
11/4/2021 8:00,0.25,0.02
11/4/2021 9:00,1.0,0.06
11/4/2021 10:00,3.25,0.2
11/4/2021 11:00,7.25,0.44
11/4/2021 12:00,8.75,0.54
11/4/2021 13:00,7.75,0.47
11/4/2021 14:00,4.5,0.28
11/4/2021 15:00,7.25,0.44
11/4/2021 16:00,4.0,0.25
11/4/2021 17:00,1.25,0.08
11/4/2021 18:00,0.0,0.0
11/4/2021 19:00,0.0,0.0
11/4/2021 20:00,0.0,0.0
11/4/2021 21:00,0.0,0.0
11/4/2021 22:00,0.0,0.0
11/4/2021 23:00,0.0,0.0
11/5/2021 0:00,0.0,0.0
11/5/2021 1:00,0.0,0.0
11/5/2021 2:00,0.0,0.0
11/5/2021 3:00,0.0,0.0
11/5/2021 4:00,0.0,0.0
11/5/2021 5:00,0.0,0.0
11/5/2021 6:00,0.0,0.0
11/5/2021 7:00,0.0,0.0
11/5/2021 8:00,0.25,0.02
11/5/2021 9:00,0.75,0.05
11/5/2021 10:00,3.25,0.2
11/5/2021 11:00,7.25,0.44
11/5/2021 12:00,10.0,0.61
11/5/2021 13:00,10.0,0.61
11/5/2021 14:00,9.25,0.57
11/5/2021 15:00,7.5,0.46
11/5/2021 16:00,5.0,0.31
11/5/2021 17:00,1.0,0.06
11/5/2021 18:00,0.0,0.0
11/5/2021 19:00,0.0,0.0
11/5/2021 20:00,0.0,0.0
11/5/2021 21:00,0.0,0.0
11/5/2021 22:00,0.0,0.0
11/5/2021 23:00,0.0,0.0
11/6/2021 0:00,0.0,0.0
11/6/2021 1:00,0.0,0.0
11/6/2021 2:00,0.0,0.0
11/6/2021 3:00,0.0,0.0
11/6/2021 4:00,0.0,0.0
11/6/2021 5:00,0.0,0.0
11/6/2021 6:00,0.0,0.0
11/6/2021 7:00,0.0,0.0
11/6/2021 8:00,0.25,0.02
11/6/2021 9:00,0.75,0.05
11/6/2021 10:00,3.25,0.2
11/6/2021 11:00,7.25,0.44
11/6/2021 12:00,10.25,0.63
11/6/2021 13:00,10.25,0.63
11/6/2021 14:00,9.5,0.58
11/6/2021 15:00,7.75,0.47
11/6/2021 16:00,4.75,0.29
11/6/2021 17:00,1.0,0.06
11/6/2021 18:00,0.0,0.0
11/6/2021 19:00,0.0,0.0
11/6/2021 20:00,0.0,0.0
11/6/2021 21:00,0.0,0.0
11/6/2021 22:00,0.0,0.0
11/6/2021 23:00,0.0,0.0
11/7/2021 0:00,0.0,0.0
11/7/2021 1:00,0.0,0.0
11/7/2021 2:00,0.0,0.0
11/7/2021 3:00,0.0,0.0
11/7/2021 4:00,0.0,0.0
11/7/2021 5:00,0.0,0.0
11/7/2021 6:00,0.0,0.0
11/7/2021 7:00,0.0,0.0
11/7/2021 8:00,0.25,0.02
11/7/2021 9:00,0.75,0.05
11/7/2021 10:00,3.0,0.18
11/7/2021 11:00,7.0,0.43
11/7/2021 12:00,10.25,0.63
11/7/2021 13:00,10.25,0.63
11/7/2021 14:00,9.0,0.55
11/7/2021 15:00,7.5,0.46
11/7/2021 16:00,4.75,0.29
11/7/2021 17:00,1.0,0.06
11/7/2021 18:00,0.0,0.0
11/7/2021 19:00,0.0,0.0
11/7/2021 20:00,0.0,0.0
11/7/2021 21:00,0.0,0.0
11/7/2021 22:00,0.0,0.0
11/7/2021 23:00,0.0,0.0
11/8/2021 0:00,0.0,0.0
11/8/2021 1:00,0.0,0.0
11/8/2021 2:00,0.0,0.0
11/8/2021 3:00,0.0,0.0
11/8/2021 4:00,0.0,0.0
11/8/2021 5:00,0.0,0.0
11/8/2021 6:00,0.0,0.0
11/8/2021 7:00,0.0,0.0
11/8/2021 8:00,0.25,0.02
11/8/2021 9:00,0.5,0.03
11/8/2021 10:00,2.75,0.17
11/8/2021 11:00,6.75,0.41
11/8/2021 12:00,9.5,0.58
11/8/2021 13:00,9.75,0.6
11/8/2021 14:00,9.25,0.57
11/8/2021 15:00,7.25,0.44
11/8/2021 16:00,4.75,0.29
11/8/2021 17:00,0.75,0.05
11/8/2021 18:00,0.0,0.0
11/8/2021 19:00,0.0,0.0
11/8/2021 20:00,0.0,0.0
11/8/2021 21:00,0.0,0.0
11/8/2021 22:00,0.0,0.0
11/8/2021 23:00,0.0,0.0
11/9/2021 0:00,0.0,0.0
11/9/2021 1:00,0.0,0.0
11/9/2021 2:00,0.0,0.0
11/9/2021 3:00,0.0,0.0
11/9/2021 4:00,0.0,0.0
11/9/2021 5:00,0.0,0.0
11/9/2021 6:00,0.0,0.0
11/9/2021 7:00,0.0,0.0
11/9/2021 8:00,0.25,0.02
11/9/2021 9:00,0.75,0.05
11/9/2021 10:00,2.25,0.14
11/9/2021 11:00,6.5,0.4
11/9/2021 12:00,9.25,0.57
11/9/2021 13:00,9.75,0.6
11/9/2021 14:00,8.75,0.54
11/9/2021 15:00,7.25,0.44
11/9/2021 16:00,4.25,0.26
11/9/2021 17:00,0.75,0.05
11/9/2021 18:00,0.0,0.0
11/9/2021 19:00,0.0,0.0
11/9/2021 20:00,0.0,0.0
11/9/2021 21:00,0.0,0.0
11/9/2021 22:00,0.0,0.0
11/9/2021 23:00,0.0,0.0
11/10/2021 0:00,0.0,0.0
11/10/2021 1:00,0.0,0.0
11/10/2021 2:00,0.0,0.0
11/10/2021 3:00,0.0,0.0
11/10/2021 4:00,0.0,0.0
11/10/2021 5:00,0.0,0.0
11/10/2021 6:00,0.0,0.0
11/10/2021 7:00,0.0,0.0
11/10/2021 8:00,0.25,0.02
11/10/2021 9:00,1.75,0.11
11/10/2021 10:00,2.5,0.15
11/10/2021 11:00,5.75,0.35
11/10/2021 12:00,8.5,0.52
11/10/2021 13:00,8.5,0.52
11/10/2021 14:00,8.75,0.54
11/10/2021 15:00,6.5,0.4
11/10/2021 16:00,4.25,0.26
11/10/2021 17:00,0.75,0.05
11/10/2021 18:00,0.0,0.0
11/10/2021 19:00,0.0,0.0
11/10/2021 20:00,0.0,0.0
11/10/2021 21:00,0.0,0.0
11/10/2021 22:00,0.0,0.0
11/10/2021 23:00,0.0,0.0
11/11/2021 0:00,0.0,0.0
11/11/2021 1:00,0.0,0.0
11/11/2021 2:00,0.0,0.0
11/11/2021 3:00,0.0,0.0
11/11/2021 4:00,0.0,0.0
11/11/2021 5:00,0.0,0.0
11/11/2021 6:00,0.0,0.0
11/11/2021 7:00,0.0,0.0
11/11/2021 8:00,0.25,0.02
11/11/2021 9:00,0.75,0.05
11/11/2021 10:00,2.0,0.12
11/11/2021 11:00,6.0,0.37
11/11/2021 12:00,9.5,0.58
11/11/2021 13:00,7.25,0.44
11/11/2021 14:00,8.0,0.49
11/11/2021 15:00,6.75,0.41
11/11/2021 16:00,4.5,0.28
11/11/2021 17:00,0.75,0.05
11/11/2021 18:00,0.25,0.02
11/11/2021 19:00,0.0,0.0
11/11/2021 20:00,0.0,0.0
11/11/2021 21:00,0.0,0.0
11/11/2021 22:00,0.0,0.0
11/11/2021 23:00,0.0,0.0
11/12/2021 0:00,0.0,0.0
11/12/2021 1:00,0.0,0.0
11/12/2021 2:00,0.0,0.0
11/12/2021 3:00,0.0,0.0
11/12/2021 4:00,0.0,0.0
11/12/2021 5:00,0.0,0.0
11/12/2021 6:00,0.0,0.0
11/12/2021 7:00,0.0,0.0
11/12/2021 8:00,0.25,0.02
11/12/2021 9:00,0.75,0.05
11/12/2021 10:00,2.0,0.12
11/12/2021 11:00,6.0,0.37
11/12/2021 12:00,8.75,0.54
11/12/2021 13:00,9.5,0.58
11/12/2021 14:00,8.5,0.52
11/12/2021 15:00,6.5,0.4
11/12/2021 16:00,3.75,0.23
11/12/2021 17:00,0.75,0.05
11/12/2021 18:00,0.0,0.0
11/12/2021 19:00,0.0,0.0
11/12/2021 20:00,0.0,0.0
11/12/2021 21:00,0.0,0.0
11/12/2021 22:00,0.0,0.0
11/12/2021 23:00,0.0,0.0
11/13/2021 0:00,0.0,0.0
11/13/2021 1:00,0.0,0.0
11/13/2021 2:00,0.0,0.0
11/13/2021 3:00,0.0,0.0
11/13/2021 4:00,0.0,0.0
11/13/2021 5:00,0.0,0.0
11/13/2021 6:00,0.0,0.0
11/13/2021 7:00,0.0,0.0
11/13/2021 8:00,0.25,0.02
11/13/2021 9:00,0.5,0.03
11/13/2021 10:00,2.25,0.14
11/13/2021 11:00,6.0,0.37
11/13/2021 12:00,9.0,0.55
11/13/2021 13:00,9.5,0.58
11/13/2021 14:00,8.5,0.52
11/13/2021 15:00,6.75,0.41
11/13/2021 16:00,4.25,0.26
11/13/2021 17:00,0.5,0.03
11/13/2021 18:00,0.0,0.0
11/13/2021 19:00,0.0,0.0
11/13/2021 20:00,0.0,0.0
11/13/2021 21:00,0.0,0.0
11/13/2021 22:00,0.0,0.0
11/13/2021 23:00,0.0,0.0
11/14/2021 0:00,0.0,0.0
11/14/2021 1:00,0.0,0.0
11/14/2021 2:00,0.0,0.0
11/14/2021 3:00,0.0,0.0
11/14/2021 4:00,0.0,0.0
11/14/2021 5:00,0.0,0.0
11/14/2021 6:00,0.0,0.0
11/14/2021 7:00,0.0,0.0
11/14/2021 8:00,0.25,0.02
11/14/2021 9:00,0.5,0.03
11/14/2021 10:00,2.0,0.12
11/14/2021 11:00,6.0,0.37
11/14/2021 12:00,9.0,0.55
11/14/2021 13:00,9.25,0.57
11/14/2021 14:00,8.5,0.52
11/14/2021 15:00,7.0,0.43
11/14/2021 16:00,4.0,0.25
11/14/2021 17:00,0.75,0.05
11/14/2021 18:00,0.0,0.0
11/14/2021 19:00,0.0,0.0
11/14/2021 20:00,0.0,0.0
11/14/2021 21:00,0.0,0.0
11/14/2021 22:00,0.0,0.0
11/14/2021 23:00,0.0,0.0
11/15/2021 0:00,0.0,0.0
11/15/2021 1:00,0.0,0.0
11/15/2021 2:00,0.0,0.0
11/15/2021 3:00,0.0,0.0
11/15/2021 4:00,0.0,0.0
11/15/2021 5:00,0.0,0.0
11/15/2021 6:00,0.0,0.0
11/15/2021 7:00,0.0,0.0
11/15/2021 8:00,0.25,0.02
11/15/2021 9:00,0.5,0.03
11/15/2021 10:00,2.0,0.12
11/15/2021 11:00,5.75,0.35
11/15/2021 12:00,9.25,0.57
11/15/2021 13:00,9.75,0.6
11/15/2021 14:00,8.75,0.54
11/15/2021 15:00,7.0,0.43
11/15/2021 16:00,4.0,0.25
11/15/2021 17:00,0.75,0.05
11/15/2021 18:00,0.0,0.0
11/15/2021 19:00,0.0,0.0
11/15/2021 20:00,0.0,0.0
11/15/2021 21:00,0.0,0.0
11/15/2021 22:00,0.0,0.0
11/15/2021 23:00,0.0,0.0
11/16/2021 0:00,0.0,0.0
11/16/2021 1:00,0.0,0.0
11/16/2021 2:00,0.0,0.0
11/16/2021 3:00,0.0,0.0
11/16/2021 4:00,0.0,0.0
11/16/2021 5:00,0.0,0.0
11/16/2021 6:00,0.0,0.0
11/16/2021 7:00,0.0,0.0
11/16/2021 8:00,0.25,0.02
11/16/2021 9:00,0.5,0.03
11/16/2021 10:00,2.0,0.12
11/16/2021 11:00,5.75,0.35
11/16/2021 12:00,9.0,0.55
11/16/2021 13:00,9.5,0.58
11/16/2021 14:00,8.5,0.52
11/16/2021 15:00,7.0,0.43
11/16/2021 16:00,4.25,0.26
11/16/2021 17:00,0.5,0.03
11/16/2021 18:00,0.0,0.0
11/16/2021 19:00,0.0,0.0
11/16/2021 20:00,0.0,0.0
11/16/2021 21:00,0.0,0.0
11/16/2021 22:00,0.0,0.0
11/16/2021 23:00,0.0,0.0
11/17/2021 0:00,0.0,0.0
11/17/2021 1:00,0.0,0.0
11/17/2021 2:00,0.0,0.0
11/17/2021 3:00,0.0,0.0
11/17/2021 4:00,0.0,0.0
11/17/2021 5:00,0.0,0.0
11/17/2021 6:00,0.0,0.0
11/17/2021 7:00,0.0,0.0
11/17/2021 8:00,0.25,0.02
11/17/2021 9:00,0.5,0.03
11/17/2021 10:00,2.0,0.12
11/17/2021 11:00,5.75,0.35
11/17/2021 12:00,9.0,0.55
11/17/2021 13:00,9.5,0.58
11/17/2021 14:00,8.75,0.54
11/17/2021 15:00,6.75,0.41
11/17/2021 16:00,4.0,0.25
11/17/2021 17:00,0.5,0.03
11/17/2021 18:00,0.0,0.0
11/17/2021 19:00,0.0,0.0
11/17/2021 20:00,0.0,0.0
11/17/2021 21:00,0.0,0.0
11/17/2021 22:00,0.0,0.0
11/17/2021 23:00,0.0,0.0
11/18/2021 0:00,0.0,0.0
11/18/2021 1:00,0.0,0.0
11/18/2021 2:00,0.0,0.0
11/18/2021 3:00,0.0,0.0
11/18/2021 4:00,0.0,0.0
11/18/2021 5:00,0.0,0.0
11/18/2021 6:00,0.0,0.0
11/18/2021 7:00,0.0,0.0
11/18/2021 8:00,0.25,0.02
11/18/2021 9:00,0.5,0.03
11/18/2021 10:00,1.75,0.11
11/18/2021 11:00,5.5,0.34
11/18/2021 12:00,8.75,0.54
11/18/2021 13:00,9.25,0.57
11/18/2021 14:00,8.5,0.52
11/18/2021 15:00,6.5,0.4
11/18/2021 16:00,3.75,0.23
11/18/2021 17:00,0.75,0.05
11/18/2021 18:00,0.0,0.0
11/18/2021 19:00,0.0,0.0
11/18/2021 20:00,0.0,0.0
11/18/2021 21:00,0.0,0.0
11/18/2021 22:00,0.0,0.0
11/18/2021 23:00,0.0,0.0
11/19/2021 0:00,0.0,0.0
11/19/2021 1:00,0.0,0.0
11/19/2021 2:00,0.0,0.0
11/19/2021 3:00,0.0,0.0
11/19/2021 4:00,0.0,0.0
11/19/2021 5:00,0.0,0.0
11/19/2021 6:00,0.0,0.0
11/19/2021 7:00,0.0,0.0
11/19/2021 8:00,0.25,0.02
11/19/2021 9:00,1.5,0.09
11/19/2021 10:00,2.25,0.14
11/19/2021 11:00,4.5,0.28
11/19/2021 12:00,5.0,0.31
11/19/2021 13:00,5.0,0.31
11/19/2021 14:00,4.25,0.26
11/19/2021 15:00,3.5,0.21
11/19/2021 16:00,1.5,0.09
11/19/2021 17:00,0.5,0.03
11/19/2021 18:00,0.0,0.0
11/19/2021 19:00,0.0,0.0
11/19/2021 20:00,0.0,0.0
11/19/2021 21:00,0.0,0.0
11/19/2021 22:00,0.0,0.0
11/19/2021 23:00,0.0,0.0
11/20/2021 0:00,0.0,0.0
11/20/2021 1:00,0.0,0.0
11/20/2021 2:00,0.0,0.0
11/20/2021 3:00,0.0,0.0
11/20/2021 4:00,0.0,0.0
11/20/2021 5:00,0.0,0.0
11/20/2021 6:00,0.0,0.0
11/20/2021 7:00,0.0,0.0
11/20/2021 8:00,0.0,0.0
11/20/2021 9:00,0.0,0.0
11/20/2021 10:00,1.75,0.11
11/20/2021 11:00,3.25,0.2
11/20/2021 12:00,1.75,0.11
11/20/2021 13:00,5.75,0.35
11/20/2021 14:00,3.75,0.23
11/20/2021 15:00,1.25,0.08
11/20/2021 16:00,2.0,0.12
11/20/2021 17:00,0.25,0.02
11/20/2021 18:00,0.0,0.0
11/20/2021 19:00,0.0,0.0
11/20/2021 20:00,0.0,0.0
11/20/2021 21:00,0.0,0.0
11/20/2021 22:00,0.0,0.0
11/20/2021 23:00,0.0,0.0
11/21/2021 0:00,0.0,0.0
11/21/2021 1:00,0.0,0.0
11/21/2021 2:00,0.0,0.0
11/21/2021 3:00,0.0,0.0
11/21/2021 4:00,0.0,0.0
11/21/2021 5:00,0.0,0.0
11/21/2021 6:00,0.0,0.0
11/21/2021 7:00,0.0,0.0
11/21/2021 8:00,0.25,0.02
11/21/2021 9:00,0.5,0.03
11/21/2021 10:00,1.75,0.11
11/21/2021 11:00,5.25,0.32
11/21/2021 12:00,8.5,0.52
11/21/2021 13:00,9.25,0.57
11/21/2021 14:00,9.75,0.6
11/21/2021 15:00,1.5,0.09
11/21/2021 16:00,0.75,0.05
11/21/2021 17:00,0.5,0.03
11/21/2021 18:00,0.25,0.02
11/21/2021 19:00,0.0,0.0
11/21/2021 20:00,0.0,0.0
11/21/2021 21:00,0.0,0.0
11/21/2021 22:00,0.0,0.0
11/21/2021 23:00,0.0,0.0
11/22/2021 0:00,0.0,0.0
11/22/2021 1:00,0.0,0.0
11/22/2021 2:00,0.0,0.0
11/22/2021 3:00,0.0,0.0
11/22/2021 4:00,0.0,0.0
11/22/2021 5:00,0.0,0.0
11/22/2021 6:00,0.0,0.0
11/22/2021 7:00,0.0,0.0
11/22/2021 8:00,0.0,0.0
11/22/2021 9:00,0.75,0.05
11/22/2021 10:00,1.75,0.11
11/22/2021 11:00,3.5,0.21
11/22/2021 12:00,2.25,0.14
11/22/2021 13:00,1.0,0.06
11/22/2021 14:00,3.5,0.21
11/22/2021 15:00,3.75,0.23
11/22/2021 16:00,4.0,0.25
11/22/2021 17:00,0.75,0.05
11/22/2021 18:00,0.0,0.0
11/22/2021 19:00,0.0,0.0
11/22/2021 20:00,0.0,0.0
11/22/2021 21:00,0.0,0.0
11/22/2021 22:00,0.0,0.0
11/22/2021 23:00,0.0,0.0
11/23/2021 0:00,0.0,0.0
11/23/2021 1:00,0.0,0.0
11/23/2021 2:00,0.0,0.0
11/23/2021 3:00,0.0,0.0
11/23/2021 4:00,0.0,0.0
11/23/2021 5:00,0.0,0.0
11/23/2021 6:00,0.0,0.0
11/23/2021 7:00,0.0,0.0
11/23/2021 8:00,0.0,0.0
11/23/2021 9:00,0.5,0.03
11/23/2021 10:00,1.5,0.09
11/23/2021 11:00,5.25,0.32
11/23/2021 12:00,8.0,0.49
11/23/2021 13:00,7.25,0.44
11/23/2021 14:00,7.25,0.44
11/23/2021 15:00,7.75,0.47
11/23/2021 16:00,4.25,0.26
11/23/2021 17:00,0.5,0.03
11/23/2021 18:00,0.0,0.0
11/23/2021 19:00,0.0,0.0
11/23/2021 20:00,0.0,0.0
11/23/2021 21:00,0.0,0.0
11/23/2021 22:00,0.0,0.0
11/23/2021 23:00,0.0,0.0
11/24/2021 0:00,0.0,0.0
11/24/2021 1:00,0.0,0.0
11/24/2021 2:00,0.0,0.0
11/24/2021 3:00,0.0,0.0
11/24/2021 4:00,0.0,0.0
11/24/2021 5:00,0.0,0.0
11/24/2021 6:00,0.0,0.0
11/24/2021 7:00,0.0,0.0
11/24/2021 8:00,0.25,0.02
11/24/2021 9:00,1.0,0.06
11/24/2021 10:00,1.5,0.09
11/24/2021 11:00,3.25,0.2
11/24/2021 12:00,5.5,0.34
11/24/2021 13:00,5.25,0.32
11/24/2021 14:00,4.25,0.26
11/24/2021 15:00,2.25,0.14
11/24/2021 16:00,2.25,0.14
11/24/2021 17:00,0.5,0.03
11/24/2021 18:00,0.0,0.0
11/24/2021 19:00,0.0,0.0
11/24/2021 20:00,0.0,0.0
11/24/2021 21:00,0.0,0.0
11/24/2021 22:00,0.0,0.0
11/24/2021 23:00,0.0,0.0
11/25/2021 0:00,0.0,0.0
11/25/2021 1:00,0.0,0.0
11/25/2021 2:00,0.0,0.0
11/25/2021 3:00,0.0,0.0
11/25/2021 4:00,0.0,0.0
11/25/2021 5:00,0.0,0.0
11/25/2021 6:00,0.0,0.0
11/25/2021 7:00,0.0,0.0
11/25/2021 8:00,0.25,0.02
11/25/2021 9:00,0.5,0.03
11/25/2021 10:00,1.25,0.08
11/25/2021 11:00,5.25,0.32
11/25/2021 12:00,8.75,0.54
11/25/2021 13:00,7.75,0.47
11/25/2021 14:00,1.0,0.06
11/25/2021 15:00,0.75,0.05
11/25/2021 16:00,2.25,0.14
11/25/2021 17:00,0.5,0.03
11/25/2021 18:00,0.0,0.0
11/25/2021 19:00,0.0,0.0
11/25/2021 20:00,0.0,0.0
11/25/2021 21:00,0.0,0.0
11/25/2021 22:00,0.0,0.0
11/25/2021 23:00,0.0,0.0
11/26/2021 0:00,0.0,0.0
11/26/2021 1:00,0.0,0.0
11/26/2021 2:00,0.0,0.0
11/26/2021 3:00,0.0,0.0
11/26/2021 4:00,0.0,0.0
11/26/2021 5:00,0.0,0.0
11/26/2021 6:00,0.0,0.0
11/26/2021 7:00,0.0,0.0
11/26/2021 8:00,0.0,0.0
11/26/2021 9:00,0.5,0.03
11/26/2021 10:00,1.5,0.09
11/26/2021 11:00,5.25,0.32
11/26/2021 12:00,8.75,0.54
11/26/2021 13:00,9.5,0.58
11/26/2021 14:00,8.5,0.52
11/26/2021 15:00,7.0,0.43
11/26/2021 16:00,4.0,0.25
11/26/2021 17:00,0.5,0.03
11/26/2021 18:00,0.0,0.0
11/26/2021 19:00,0.0,0.0
11/26/2021 20:00,0.0,0.0
11/26/2021 21:00,0.0,0.0
11/26/2021 22:00,0.0,0.0
11/26/2021 23:00,0.0,0.0
11/27/2021 0:00,0.0,0.0
11/27/2021 1:00,0.0,0.0
11/27/2021 2:00,0.0,0.0
11/27/2021 3:00,0.0,0.0
11/27/2021 4:00,0.0,0.0
11/27/2021 5:00,0.0,0.0
11/27/2021 6:00,0.0,0.0
11/27/2021 7:00,0.0,0.0
11/27/2021 8:00,0.0,0.0
11/27/2021 9:00,0.5,0.03
11/27/2021 10:00,1.25,0.08
11/27/2021 11:00,5.0,0.31
11/27/2021 12:00,8.0,0.49
11/27/2021 13:00,3.5,0.21
11/27/2021 14:00,2.5,0.15
11/27/2021 15:00,6.25,0.38
11/27/2021 16:00,3.75,0.23
11/27/2021 17:00,0.5,0.03
11/27/2021 18:00,0.25,0.02
11/27/2021 19:00,0.0,0.0
11/27/2021 20:00,0.0,0.0
11/27/2021 21:00,0.0,0.0
11/27/2021 22:00,0.0,0.0
11/27/2021 23:00,0.0,0.0
11/28/2021 0:00,0.0,0.0
11/28/2021 1:00,0.0,0.0
11/28/2021 2:00,0.0,0.0
11/28/2021 3:00,0.0,0.0
11/28/2021 4:00,0.0,0.0
11/28/2021 5:00,0.0,0.0
11/28/2021 6:00,0.0,0.0
11/28/2021 7:00,0.0,0.0
11/28/2021 8:00,0.0,0.0
11/28/2021 9:00,0.5,0.03
11/28/2021 10:00,1.25,0.08
11/28/2021 11:00,5.25,0.32
11/28/2021 12:00,9.0,0.55
11/28/2021 13:00,9.5,0.58
11/28/2021 14:00,9.0,0.55
11/28/2021 15:00,6.75,0.41
11/28/2021 16:00,4.0,0.25
11/28/2021 17:00,0.75,0.05
11/28/2021 18:00,0.0,0.0
11/28/2021 19:00,0.0,0.0
11/28/2021 20:00,0.0,0.0
11/28/2021 21:00,0.0,0.0
11/28/2021 22:00,0.0,0.0
11/28/2021 23:00,0.0,0.0
11/29/2021 0:00,0.0,0.0
11/29/2021 1:00,0.0,0.0
11/29/2021 2:00,0.0,0.0
11/29/2021 3:00,0.0,0.0
11/29/2021 4:00,0.0,0.0
11/29/2021 5:00,0.0,0.0
11/29/2021 6:00,0.0,0.0
11/29/2021 7:00,0.0,0.0
11/29/2021 8:00,0.0,0.0
11/29/2021 9:00,0.5,0.03
11/29/2021 10:00,2.25,0.14
11/29/2021 11:00,3.25,0.2
11/29/2021 12:00,7.0,0.43
11/29/2021 13:00,6.0,0.37
11/29/2021 14:00,5.75,0.35
11/29/2021 15:00,3.25,0.2
11/29/2021 16:00,2.25,0.14
11/29/2021 17:00,0.5,0.03
11/29/2021 18:00,0.0,0.0
11/29/2021 19:00,0.0,0.0
11/29/2021 20:00,0.0,0.0
11/29/2021 21:00,0.0,0.0
11/29/2021 22:00,0.0,0.0
11/29/2021 23:00,0.0,0.0
11/30/2021 0:00,0.0,0.0
11/30/2021 1:00,0.0,0.0
11/30/2021 2:00,0.0,0.0
11/30/2021 3:00,0.0,0.0
11/30/2021 4:00,0.0,0.0
11/30/2021 5:00,0.0,0.0
11/30/2021 6:00,0.0,0.0
11/30/2021 7:00,0.0,0.0
11/30/2021 8:00,0.0,0.0
11/30/2021 9:00,0.75,0.05
11/30/2021 10:00,2.5,0.15
11/30/2021 11:00,4.0,0.25
11/30/2021 12:00,6.0,0.37
11/30/2021 13:00,7.5,0.46
11/30/2021 14:00,8.25,0.51
11/30/2021 15:00,6.0,0.37
11/30/2021 16:00,3.75,0.23
11/30/2021 17:00,0.5,0.03
11/30/2021 18:00,0.0,0.0
11/30/2021 19:00,0.0,0.0
11/30/2021 20:00,0.0,0.0
11/30/2021 21:00,0.0,0.0
11/30/2021 22:00,0.0,0.0
11/30/2021 23:00,0.0,0.0
12/1/2021 0:00,0.0,0.0
12/1/2021 1:00,0.0,0.0
12/1/2021 2:00,0.0,0.0
12/1/2021 3:00,0.0,0.0
12/1/2021 4:00,0.0,0.0
12/1/2021 5:00,0.0,0.0
12/1/2021 6:00,0.0,0.0
12/1/2021 7:00,0.0,0.0
12/1/2021 8:00,0.25,0.02
12/1/2021 9:00,0.25,0.02
12/1/2021 10:00,1.25,0.08
12/1/2021 11:00,4.5,0.28
12/1/2021 12:00,8.25,0.51
12/1/2021 13:00,9.0,0.55
12/1/2021 14:00,7.75,0.47
12/1/2021 15:00,6.5,0.4
12/1/2021 16:00,3.5,0.21
12/1/2021 17:00,0.5,0.03
12/1/2021 18:00,0.0,0.0
12/1/2021 19:00,0.0,0.0
12/1/2021 20:00,0.0,0.0
12/1/2021 21:00,0.0,0.0
12/1/2021 22:00,0.0,0.0
12/1/2021 23:00,0.0,0.0
12/2/2021 0:00,0.0,0.0
12/2/2021 1:00,0.0,0.0
12/2/2021 2:00,0.0,0.0
12/2/2021 3:00,0.0,0.0
12/2/2021 4:00,0.0,0.0
12/2/2021 5:00,0.0,0.0
12/2/2021 6:00,0.0,0.0
12/2/2021 7:00,0.0,0.0
12/2/2021 8:00,0.25,0.02
12/2/2021 9:00,0.5,0.03
12/2/2021 10:00,1.25,0.08
12/2/2021 11:00,4.75,0.29
12/2/2021 12:00,8.75,0.54
12/2/2021 13:00,9.5,0.58
12/2/2021 14:00,8.75,0.54
12/2/2021 15:00,7.0,0.43
12/2/2021 16:00,4.0,0.25
12/2/2021 17:00,0.5,0.03
12/2/2021 18:00,0.0,0.0
12/2/2021 19:00,0.0,0.0
12/2/2021 20:00,0.0,0.0
12/2/2021 21:00,0.0,0.0
12/2/2021 22:00,0.0,0.0
12/2/2021 23:00,0.0,0.0
12/3/2021 0:00,0.0,0.0
12/3/2021 1:00,0.0,0.0
12/3/2021 2:00,0.0,0.0
12/3/2021 3:00,0.0,0.0
12/3/2021 4:00,0.0,0.0
12/3/2021 5:00,0.0,0.0
12/3/2021 6:00,0.0,0.0
12/3/2021 7:00,0.0,0.0
12/3/2021 8:00,0.0,0.0
12/3/2021 9:00,0.5,0.03
12/3/2021 10:00,1.0,0.06
12/3/2021 11:00,4.75,0.29
12/3/2021 12:00,8.25,0.51
12/3/2021 13:00,9.5,0.58
12/3/2021 14:00,8.5,0.52
12/3/2021 15:00,6.75,0.41
12/3/2021 16:00,3.75,0.23
12/3/2021 17:00,0.5,0.03
12/3/2021 18:00,0.0,0.0
12/3/2021 19:00,0.0,0.0
12/3/2021 20:00,0.0,0.0
12/3/2021 21:00,0.0,0.0
12/3/2021 22:00,0.0,0.0
12/3/2021 23:00,0.0,0.0
12/4/2021 0:00,0.0,0.0
12/4/2021 1:00,0.0,0.0
12/4/2021 2:00,0.0,0.0
12/4/2021 3:00,0.0,0.0
12/4/2021 4:00,0.0,0.0
12/4/2021 5:00,0.0,0.0
12/4/2021 6:00,0.0,0.0
12/4/2021 7:00,0.0,0.0
12/4/2021 8:00,0.0,0.0
12/4/2021 9:00,0.5,0.03
12/4/2021 10:00,1.0,0.06
12/4/2021 11:00,4.5,0.28
12/4/2021 12:00,5.25,0.32
12/4/2021 13:00,7.0,0.43
12/4/2021 14:00,3.75,0.23
12/4/2021 15:00,3.5,0.21
12/4/2021 16:00,1.75,0.11
12/4/2021 17:00,0.25,0.02
12/4/2021 18:00,0.0,0.0
12/4/2021 19:00,0.0,0.0
12/4/2021 20:00,0.0,0.0
12/4/2021 21:00,0.0,0.0
12/4/2021 22:00,0.0,0.0
12/4/2021 23:00,0.0,0.0
12/5/2021 0:00,0.0,0.0
12/5/2021 1:00,0.0,0.0
12/5/2021 2:00,0.0,0.0
12/5/2021 3:00,0.0,0.0
12/5/2021 4:00,0.0,0.0
12/5/2021 5:00,0.0,0.0
12/5/2021 6:00,0.0,0.0
12/5/2021 7:00,0.0,0.0
12/5/2021 8:00,0.0,0.0
12/5/2021 9:00,0.75,0.05
12/5/2021 10:00,1.0,0.06
12/5/2021 11:00,4.5,0.28
12/5/2021 12:00,8.0,0.49
12/5/2021 13:00,8.75,0.54
12/5/2021 14:00,8.5,0.52
12/5/2021 15:00,6.5,0.4
12/5/2021 16:00,3.75,0.23
12/5/2021 17:00,0.5,0.03
12/5/2021 18:00,0.0,0.0
12/5/2021 19:00,0.0,0.0
12/5/2021 20:00,0.0,0.0
12/5/2021 21:00,0.0,0.0
12/5/2021 22:00,0.0,0.0
12/5/2021 23:00,0.0,0.0
12/6/2021 0:00,0.0,0.0
12/6/2021 1:00,0.0,0.0
12/6/2021 2:00,0.0,0.0
12/6/2021 3:00,0.0,0.0
12/6/2021 4:00,0.0,0.0
12/6/2021 5:00,0.0,0.0
12/6/2021 6:00,0.0,0.0
12/6/2021 7:00,0.0,0.0
12/6/2021 8:00,0.0,0.0
12/6/2021 9:00,0.25,0.02
12/6/2021 10:00,1.0,0.06
12/6/2021 11:00,4.5,0.28
12/6/2021 12:00,8.25,0.51
12/6/2021 13:00,9.0,0.55
12/6/2021 14:00,8.0,0.49
12/6/2021 15:00,6.5,0.4
12/6/2021 16:00,3.75,0.23
12/6/2021 17:00,0.5,0.03
12/6/2021 18:00,0.0,0.0
12/6/2021 19:00,0.0,0.0
12/6/2021 20:00,0.0,0.0
12/6/2021 21:00,0.0,0.0
12/6/2021 22:00,0.0,0.0
12/6/2021 23:00,0.0,0.0
12/7/2021 0:00,0.0,0.0
12/7/2021 1:00,0.0,0.0
12/7/2021 2:00,0.0,0.0
12/7/2021 3:00,0.0,0.0
12/7/2021 4:00,0.0,0.0
12/7/2021 5:00,0.0,0.0
12/7/2021 6:00,0.0,0.0
12/7/2021 7:00,0.0,0.0
12/7/2021 8:00,0.0,0.0
12/7/2021 9:00,0.25,0.02
12/7/2021 10:00,1.0,0.06
12/7/2021 11:00,4.25,0.26
12/7/2021 12:00,7.5,0.46
12/7/2021 13:00,7.25,0.44
12/7/2021 14:00,8.25,0.51
12/7/2021 15:00,6.75,0.41
12/7/2021 16:00,3.25,0.2
12/7/2021 17:00,0.5,0.03
12/7/2021 18:00,0.0,0.0
12/7/2021 19:00,0.0,0.0
12/7/2021 20:00,0.0,0.0
12/7/2021 21:00,0.0,0.0
12/7/2021 22:00,0.0,0.0
12/7/2021 23:00,0.0,0.0
12/8/2021 0:00,0.0,0.0
12/8/2021 1:00,0.0,0.0
12/8/2021 2:00,0.0,0.0
12/8/2021 3:00,0.0,0.0
12/8/2021 4:00,0.0,0.0
12/8/2021 5:00,0.0,0.0
12/8/2021 6:00,0.0,0.0
12/8/2021 7:00,0.0,0.0
12/8/2021 8:00,0.0,0.0
12/8/2021 9:00,0.75,0.05
12/8/2021 10:00,1.25,0.08
12/8/2021 11:00,4.25,0.26
12/8/2021 12:00,8.0,0.49
12/8/2021 13:00,6.75,0.41
12/8/2021 14:00,8.25,0.51
12/8/2021 15:00,6.5,0.4
12/8/2021 16:00,3.25,0.2
12/8/2021 17:00,0.5,0.03
12/8/2021 18:00,0.0,0.0
12/8/2021 19:00,0.0,0.0
12/8/2021 20:00,0.0,0.0
12/8/2021 21:00,0.0,0.0
12/8/2021 22:00,0.0,0.0
12/8/2021 23:00,0.0,0.0
12/9/2021 0:00,0.0,0.0
12/9/2021 1:00,0.0,0.0
12/9/2021 2:00,0.0,0.0
12/9/2021 3:00,0.0,0.0
12/9/2021 4:00,0.0,0.0
12/9/2021 5:00,0.0,0.0
12/9/2021 6:00,0.0,0.0
12/9/2021 7:00,0.0,0.0
12/9/2021 8:00,0.25,0.02
12/9/2021 9:00,0.25,0.02
12/9/2021 10:00,1.0,0.06
12/9/2021 11:00,4.0,0.25
12/9/2021 12:00,6.0,0.37
12/9/2021 13:00,4.75,0.29
12/9/2021 14:00,3.0,0.18
12/9/2021 15:00,2.5,0.15
12/9/2021 16:00,1.5,0.09
12/9/2021 17:00,0.25,0.02
12/9/2021 18:00,0.25,0.02
12/9/2021 19:00,0.0,0.0
12/9/2021 20:00,0.0,0.0
12/9/2021 21:00,0.0,0.0
12/9/2021 22:00,0.0,0.0
12/9/2021 23:00,0.0,0.0
12/10/2021 0:00,0.0,0.0
12/10/2021 1:00,0.0,0.0
12/10/2021 2:00,0.0,0.0
12/10/2021 3:00,0.0,0.0
12/10/2021 4:00,0.0,0.0
12/10/2021 5:00,0.0,0.0
12/10/2021 6:00,0.0,0.0
12/10/2021 7:00,0.0,0.0
12/10/2021 8:00,0.0,0.0
12/10/2021 9:00,0.5,0.03
12/10/2021 10:00,2.0,0.12
12/10/2021 11:00,2.5,0.15
12/10/2021 12:00,5.25,0.32
12/10/2021 13:00,4.25,0.26
12/10/2021 14:00,6.0,0.37
12/10/2021 15:00,3.5,0.21
12/10/2021 16:00,1.5,0.09
12/10/2021 17:00,0.5,0.03
12/10/2021 18:00,0.0,0.0
12/10/2021 19:00,0.0,0.0
12/10/2021 20:00,0.0,0.0
12/10/2021 21:00,0.0,0.0
12/10/2021 22:00,0.0,0.0
12/10/2021 23:00,0.0,0.0
12/11/2021 0:00,0.0,0.0
12/11/2021 1:00,0.0,0.0
12/11/2021 2:00,0.0,0.0
12/11/2021 3:00,0.0,0.0
12/11/2021 4:00,0.0,0.0
12/11/2021 5:00,0.0,0.0
12/11/2021 6:00,0.0,0.0
12/11/2021 7:00,0.0,0.0
12/11/2021 8:00,0.0,0.0
12/11/2021 9:00,0.25,0.02
12/11/2021 10:00,0.75,0.05
12/11/2021 11:00,4.0,0.25
12/11/2021 12:00,7.75,0.47
12/11/2021 13:00,8.75,0.54
12/11/2021 14:00,8.0,0.49
12/11/2021 15:00,6.25,0.38
12/11/2021 16:00,3.75,0.23
12/11/2021 17:00,0.5,0.03
12/11/2021 18:00,0.0,0.0
12/11/2021 19:00,0.0,0.0
12/11/2021 20:00,0.0,0.0
12/11/2021 21:00,0.0,0.0
12/11/2021 22:00,0.0,0.0
12/11/2021 23:00,0.0,0.0
12/12/2021 0:00,0.0,0.0
12/12/2021 1:00,0.0,0.0
12/12/2021 2:00,0.0,0.0
12/12/2021 3:00,0.0,0.0
12/12/2021 4:00,0.0,0.0
12/12/2021 5:00,0.0,0.0
12/12/2021 6:00,0.0,0.0
12/12/2021 7:00,0.0,0.0
12/12/2021 8:00,0.0,0.0
12/12/2021 9:00,0.5,0.03
12/12/2021 10:00,0.75,0.05
12/12/2021 11:00,4.0,0.25
12/12/2021 12:00,7.5,0.46
12/12/2021 13:00,8.5,0.52
12/12/2021 14:00,8.0,0.49
12/12/2021 15:00,6.25,0.38
12/12/2021 16:00,3.75,0.23
12/12/2021 17:00,0.5,0.03
12/12/2021 18:00,0.0,0.0
12/12/2021 19:00,0.0,0.0
12/12/2021 20:00,0.0,0.0
12/12/2021 21:00,0.0,0.0
12/12/2021 22:00,0.0,0.0
12/12/2021 23:00,0.0,0.0
12/13/2021 0:00,0.0,0.0
12/13/2021 1:00,0.0,0.0
12/13/2021 2:00,0.0,0.0
12/13/2021 3:00,0.0,0.0
12/13/2021 4:00,0.0,0.0
12/13/2021 5:00,0.0,0.0
12/13/2021 6:00,0.0,0.0
12/13/2021 7:00,0.0,0.0
12/13/2021 8:00,0.0,0.0
12/13/2021 9:00,0.75,0.05
12/13/2021 10:00,1.75,0.11
12/13/2021 11:00,3.5,0.21
12/13/2021 12:00,6.0,0.37
12/13/2021 13:00,6.5,0.4
12/13/2021 14:00,2.75,0.17
12/13/2021 15:00,2.5,0.15
12/13/2021 16:00,3.75,0.23
12/13/2021 17:00,0.5,0.03
12/13/2021 18:00,0.0,0.0
12/13/2021 19:00,0.0,0.0
12/13/2021 20:00,0.0,0.0
12/13/2021 21:00,0.0,0.0
12/13/2021 22:00,0.0,0.0
12/13/2021 23:00,0.0,0.0
12/14/2021 0:00,0.0,0.0
12/14/2021 1:00,0.0,0.0
12/14/2021 2:00,0.0,0.0
12/14/2021 3:00,0.0,0.0
12/14/2021 4:00,0.0,0.0
12/14/2021 5:00,0.0,0.0
12/14/2021 6:00,0.0,0.0
12/14/2021 7:00,0.0,0.0
12/14/2021 8:00,0.0,0.0
12/14/2021 9:00,0.75,0.05
12/14/2021 10:00,2.25,0.14
12/14/2021 11:00,3.75,0.23
12/14/2021 12:00,7.25,0.44
12/14/2021 13:00,8.75,0.54
12/14/2021 14:00,7.0,0.43
12/14/2021 15:00,6.5,0.4
12/14/2021 16:00,4.0,0.25
12/14/2021 17:00,0.75,0.05
12/14/2021 18:00,0.0,0.0
12/14/2021 19:00,0.0,0.0
12/14/2021 20:00,0.0,0.0
12/14/2021 21:00,0.0,0.0
12/14/2021 22:00,0.0,0.0
12/14/2021 23:00,0.0,0.0
12/15/2021 0:00,0.0,0.0
12/15/2021 1:00,0.0,0.0
12/15/2021 2:00,0.0,0.0
12/15/2021 3:00,0.0,0.0
12/15/2021 4:00,0.0,0.0
12/15/2021 5:00,0.0,0.0
12/15/2021 6:00,0.0,0.0
12/15/2021 7:00,0.0,0.0
12/15/2021 8:00,0.0,0.0
12/15/2021 9:00,0.5,0.03
12/15/2021 10:00,1.25,0.08
12/15/2021 11:00,3.75,0.23
12/15/2021 12:00,7.0,0.43
12/15/2021 13:00,8.75,0.54
12/15/2021 14:00,7.5,0.46
12/15/2021 15:00,6.25,0.38
12/15/2021 16:00,3.75,0.23
12/15/2021 17:00,0.5,0.03
12/15/2021 18:00,0.0,0.0
12/15/2021 19:00,0.0,0.0
12/15/2021 20:00,0.0,0.0
12/15/2021 21:00,0.0,0.0
12/15/2021 22:00,0.0,0.0
12/15/2021 23:00,0.0,0.0
12/16/2021 0:00,0.0,0.0
12/16/2021 1:00,0.0,0.0
12/16/2021 2:00,0.0,0.0
12/16/2021 3:00,0.0,0.0
12/16/2021 4:00,0.0,0.0
12/16/2021 5:00,0.0,0.0
12/16/2021 6:00,0.0,0.0
12/16/2021 7:00,0.0,0.0
12/16/2021 8:00,0.0,0.0
12/16/2021 9:00,0.5,0.03
12/16/2021 10:00,0.75,0.05
12/16/2021 11:00,2.75,0.17
12/16/2021 12:00,4.25,0.26
12/16/2021 13:00,5.0,0.31
12/16/2021 14:00,6.75,0.41
12/16/2021 15:00,6.25,0.38
12/16/2021 16:00,4.0,0.25
12/16/2021 17:00,0.5,0.03
12/16/2021 18:00,0.0,0.0
12/16/2021 19:00,0.0,0.0
12/16/2021 20:00,0.0,0.0
12/16/2021 21:00,0.0,0.0
12/16/2021 22:00,0.0,0.0
12/16/2021 23:00,0.0,0.0
12/17/2021 0:00,0.0,0.0
12/17/2021 1:00,0.0,0.0
12/17/2021 2:00,0.0,0.0
12/17/2021 3:00,0.0,0.0
12/17/2021 4:00,0.0,0.0
12/17/2021 5:00,0.0,0.0
12/17/2021 6:00,0.0,0.0
12/17/2021 7:00,0.0,0.0
12/17/2021 8:00,0.0,0.0
12/17/2021 9:00,0.25,0.02
12/17/2021 10:00,0.75,0.05
12/17/2021 11:00,3.25,0.2
12/17/2021 12:00,6.25,0.38
12/17/2021 13:00,5.0,0.31
12/17/2021 14:00,6.5,0.4
12/17/2021 15:00,5.25,0.32
12/17/2021 16:00,2.5,0.15
12/17/2021 17:00,0.75,0.05
12/17/2021 18:00,0.0,0.0
12/17/2021 19:00,0.0,0.0
12/17/2021 20:00,0.0,0.0
12/17/2021 21:00,0.0,0.0
12/17/2021 22:00,0.0,0.0
12/17/2021 23:00,0.0,0.0
12/18/2021 0:00,0.0,0.0
12/18/2021 1:00,0.0,0.0
12/18/2021 2:00,0.0,0.0
12/18/2021 3:00,0.0,0.0
12/18/2021 4:00,0.0,0.0
12/18/2021 5:00,0.0,0.0
12/18/2021 6:00,0.0,0.0
12/18/2021 7:00,0.0,0.0
12/18/2021 8:00,0.0,0.0
12/18/2021 9:00,0.75,0.05
12/18/2021 10:00,1.0,0.06
12/18/2021 11:00,3.5,0.21
12/18/2021 12:00,7.25,0.44
12/18/2021 13:00,8.5,0.52
12/18/2021 14:00,7.75,0.47
12/18/2021 15:00,6.5,0.4
12/18/2021 16:00,3.5,0.21
12/18/2021 17:00,0.75,0.05
12/18/2021 18:00,0.0,0.0
12/18/2021 19:00,0.0,0.0
12/18/2021 20:00,0.0,0.0
12/18/2021 21:00,0.0,0.0
12/18/2021 22:00,0.0,0.0
12/18/2021 23:00,0.0,0.0
12/19/2021 0:00,0.0,0.0
12/19/2021 1:00,0.0,0.0
12/19/2021 2:00,0.0,0.0
12/19/2021 3:00,0.0,0.0
12/19/2021 4:00,0.0,0.0
12/19/2021 5:00,0.0,0.0
12/19/2021 6:00,0.0,0.0
12/19/2021 7:00,0.0,0.0
12/19/2021 8:00,0.0,0.0
12/19/2021 9:00,0.75,0.05
12/19/2021 10:00,1.25,0.08
12/19/2021 11:00,3.5,0.21
12/19/2021 12:00,7.0,0.43
12/19/2021 13:00,8.25,0.51
12/19/2021 14:00,7.75,0.47
12/19/2021 15:00,5.5,0.34
12/19/2021 16:00,2.75,0.17
12/19/2021 17:00,0.5,0.03
12/19/2021 18:00,0.0,0.0
12/19/2021 19:00,0.0,0.0
12/19/2021 20:00,0.0,0.0
12/19/2021 21:00,0.0,0.0
12/19/2021 22:00,0.0,0.0
12/19/2021 23:00,0.0,0.0
12/20/2021 0:00,0.0,0.0
12/20/2021 1:00,0.0,0.0
12/20/2021 2:00,0.0,0.0
12/20/2021 3:00,0.0,0.0
12/20/2021 4:00,0.0,0.0
12/20/2021 5:00,0.0,0.0
12/20/2021 6:00,0.0,0.0
12/20/2021 7:00,0.0,0.0
12/20/2021 8:00,0.0,0.0
12/20/2021 9:00,0.5,0.03
12/20/2021 10:00,1.25,0.08
12/20/2021 11:00,1.0,0.06
12/20/2021 12:00,5.0,0.31
12/20/2021 13:00,5.25,0.32
12/20/2021 14:00,3.75,0.23
12/20/2021 15:00,2.25,0.14
12/20/2021 16:00,1.25,0.08
12/20/2021 17:00,0.25,0.02
12/20/2021 18:00,0.0,0.0
12/20/2021 19:00,0.0,0.0
12/20/2021 20:00,0.0,0.0
12/20/2021 21:00,0.0,0.0
12/20/2021 22:00,0.0,0.0
12/20/2021 23:00,0.0,0.0
12/21/2021 0:00,0.0,0.0
12/21/2021 1:00,0.0,0.0
12/21/2021 2:00,0.0,0.0
12/21/2021 3:00,0.0,0.0
12/21/2021 4:00,0.0,0.0
12/21/2021 5:00,0.0,0.0
12/21/2021 6:00,0.0,0.0
12/21/2021 7:00,0.0,0.0
12/21/2021 8:00,0.0,0.0
12/21/2021 9:00,0.25,0.02
12/21/2021 10:00,1.5,0.09
12/21/2021 11:00,1.5,0.09
12/21/2021 12:00,1.75,0.11
12/21/2021 13:00,3.0,0.18
12/21/2021 14:00,5.5,0.34
12/21/2021 15:00,1.0,0.06
12/21/2021 16:00,0.0,0.0
12/21/2021 17:00,0.0,0.0
12/21/2021 18:00,0.0,0.0
12/21/2021 19:00,0.0,0.0
12/21/2021 20:00,0.0,0.0
12/21/2021 21:00,0.0,0.0
12/21/2021 22:00,0.0,0.0
12/21/2021 23:00,0.0,0.0
12/22/2021 0:00,0.0,0.0
12/22/2021 1:00,0.0,0.0
12/22/2021 2:00,0.0,0.0
12/22/2021 3:00,0.0,0.0
12/22/2021 4:00,0.0,0.0
12/22/2021 5:00,0.0,0.0
12/22/2021 6:00,0.0,0.0
12/22/2021 7:00,0.0,0.0
12/22/2021 8:00,0.0,0.0
12/22/2021 9:00,1.0,0.06
12/22/2021 10:00,1.5,0.09
12/22/2021 11:00,0.75,0.05
12/22/2021 12:00,3.75,0.23
12/22/2021 13:00,7.25,0.44
12/22/2021 14:00,7.0,0.43
12/22/2021 15:00,1.25,0.08
12/22/2021 16:00,0.75,0.05
12/22/2021 17:00,0.0,0.0
12/22/2021 18:00,0.0,0.0
12/22/2021 19:00,0.0,0.0
12/22/2021 20:00,0.0,0.0
12/22/2021 21:00,0.0,0.0
12/22/2021 22:00,0.0,0.0
12/22/2021 23:00,0.0,0.0
12/23/2021 0:00,0.0,0.0
12/23/2021 1:00,0.0,0.0
12/23/2021 2:00,0.0,0.0
12/23/2021 3:00,0.0,0.0
12/23/2021 4:00,0.0,0.0
12/23/2021 5:00,0.0,0.0
12/23/2021 6:00,0.0,0.0
12/23/2021 7:00,0.0,0.0
12/23/2021 8:00,0.0,0.0
12/23/2021 9:00,0.25,0.02
12/23/2021 10:00,1.75,0.11
12/23/2021 11:00,2.25,0.14
12/23/2021 12:00,3.0,0.18
12/23/2021 13:00,2.75,0.17
12/23/2021 14:00,1.75,0.11
12/23/2021 15:00,1.25,0.08
12/23/2021 16:00,0.75,0.05
12/23/2021 17:00,0.5,0.03
12/23/2021 18:00,0.0,0.0
12/23/2021 19:00,0.0,0.0
12/23/2021 20:00,0.0,0.0
12/23/2021 21:00,0.0,0.0
12/23/2021 22:00,0.0,0.0
12/23/2021 23:00,0.0,0.0
12/24/2021 0:00,0.0,0.0
12/24/2021 1:00,0.0,0.0
12/24/2021 2:00,0.0,0.0
12/24/2021 3:00,0.0,0.0
12/24/2021 4:00,0.0,0.0
12/24/2021 5:00,0.0,0.0
12/24/2021 6:00,0.0,0.0
12/24/2021 7:00,0.0,0.0
12/24/2021 8:00,0.0,0.0
12/24/2021 9:00,0.25,0.02
12/24/2021 10:00,1.75,0.11
12/24/2021 11:00,3.0,0.18
12/24/2021 12:00,6.0,0.37
12/24/2021 13:00,7.75,0.47
12/24/2021 14:00,4.5,0.28
12/24/2021 15:00,6.75,0.41
12/24/2021 16:00,3.25,0.2
12/24/2021 17:00,0.75,0.05
12/24/2021 18:00,0.0,0.0
12/24/2021 19:00,0.0,0.0
12/24/2021 20:00,0.0,0.0
12/24/2021 21:00,0.0,0.0
12/24/2021 22:00,0.0,0.0
12/24/2021 23:00,0.0,0.0
12/25/2021 0:00,0.0,0.0
12/25/2021 1:00,0.0,0.0
12/25/2021 2:00,0.0,0.0
12/25/2021 3:00,0.0,0.0
12/25/2021 4:00,0.0,0.0
12/25/2021 5:00,0.0,0.0
12/25/2021 6:00,0.0,0.0
12/25/2021 7:00,0.0,0.0
12/25/2021 8:00,0.0,0.0
12/25/2021 9:00,0.25,0.02
12/25/2021 10:00,0.75,0.05
12/25/2021 11:00,1.25,0.08
12/25/2021 12:00,6.5,0.4
12/25/2021 13:00,7.5,0.46
12/25/2021 14:00,6.5,0.4
12/25/2021 15:00,4.75,0.29
12/25/2021 16:00,4.25,0.26
12/25/2021 17:00,0.75,0.05
12/25/2021 18:00,0.0,0.0
12/25/2021 19:00,0.0,0.0
12/25/2021 20:00,0.0,0.0
12/25/2021 21:00,0.0,0.0
12/25/2021 22:00,0.0,0.0
12/25/2021 23:00,0.0,0.0
12/26/2021 0:00,0.0,0.0
12/26/2021 1:00,0.0,0.0
12/26/2021 2:00,0.0,0.0
12/26/2021 3:00,0.0,0.0
12/26/2021 4:00,0.0,0.0
12/26/2021 5:00,0.0,0.0
12/26/2021 6:00,0.0,0.0
12/26/2021 7:00,0.0,0.0
12/26/2021 8:00,0.0,0.0
12/26/2021 9:00,0.75,0.05
12/26/2021 10:00,1.5,0.09
12/26/2021 11:00,2.5,0.15
12/26/2021 12:00,2.25,0.14
12/26/2021 13:00,2.5,0.15
12/26/2021 14:00,3.5,0.21
12/26/2021 15:00,4.0,0.25
12/26/2021 16:00,2.5,0.15
12/26/2021 17:00,0.75,0.05
12/26/2021 18:00,0.0,0.0
12/26/2021 19:00,0.0,0.0
12/26/2021 20:00,0.0,0.0
12/26/2021 21:00,0.0,0.0
12/26/2021 22:00,0.0,0.0
12/26/2021 23:00,0.0,0.0
12/27/2021 0:00,0.0,0.0
12/27/2021 1:00,0.0,0.0
12/27/2021 2:00,0.0,0.0
12/27/2021 3:00,0.0,0.0
12/27/2021 4:00,0.0,0.0
12/27/2021 5:00,0.0,0.0
12/27/2021 6:00,0.0,0.0
12/27/2021 7:00,0.0,0.0
12/27/2021 8:00,0.0,0.0
12/27/2021 9:00,0.25,0.02
12/27/2021 10:00,1.75,0.11
12/27/2021 11:00,4.0,0.25
12/27/2021 12:00,4.0,0.25
12/27/2021 13:00,6.25,0.38
12/27/2021 14:00,7.0,0.43
12/27/2021 15:00,2.5,0.15
12/27/2021 16:00,1.5,0.09
12/27/2021 17:00,0.5,0.03
12/27/2021 18:00,0.0,0.0
12/27/2021 19:00,0.0,0.0
12/27/2021 20:00,0.0,0.0
12/27/2021 21:00,0.0,0.0
12/27/2021 22:00,0.0,0.0
12/27/2021 23:00,0.0,0.0
12/28/2021 0:00,0.0,0.0
12/28/2021 1:00,0.0,0.0
12/28/2021 2:00,0.0,0.0
12/28/2021 3:00,0.0,0.0
12/28/2021 4:00,0.0,0.0
12/28/2021 5:00,0.0,0.0
12/28/2021 6:00,0.0,0.0
12/28/2021 7:00,0.0,0.0
12/28/2021 8:00,0.0,0.0
12/28/2021 9:00,0.75,0.05
12/28/2021 10:00,1.0,0.06
12/28/2021 11:00,2.0,0.12
12/28/2021 12:00,7.25,0.44
12/28/2021 13:00,5.75,0.35
12/28/2021 14:00,6.5,0.4
12/28/2021 15:00,6.75,0.41
12/28/2021 16:00,4.0,0.25
12/28/2021 17:00,1.0,0.06
12/28/2021 18:00,0.25,0.02
12/28/2021 19:00,0.0,0.0
12/28/2021 20:00,0.0,0.0
12/28/2021 21:00,0.0,0.0
12/28/2021 22:00,0.0,0.0
12/28/2021 23:00,0.0,0.0
12/29/2021 0:00,0.0,0.0
12/29/2021 1:00,0.0,0.0
12/29/2021 2:00,0.0,0.0
12/29/2021 3:00,0.0,0.0
12/29/2021 4:00,0.0,0.0
12/29/2021 5:00,0.0,0.0
12/29/2021 6:00,0.0,0.0
12/29/2021 7:00,0.0,0.0
12/29/2021 8:00,0.0,0.0
12/29/2021 9:00,0.25,0.02
12/29/2021 10:00,0.75,0.05
12/29/2021 11:00,3.5,0.21
12/29/2021 12:00,7.25,0.44
12/29/2021 13:00,8.75,0.54
12/29/2021 14:00,8.25,0.51
12/29/2021 15:00,6.75,0.41
12/29/2021 16:00,4.0,0.25
12/29/2021 17:00,1.0,0.06
12/29/2021 18:00,0.0,0.0
12/29/2021 19:00,0.0,0.0
12/29/2021 20:00,0.0,0.0
12/29/2021 21:00,0.0,0.0
12/29/2021 22:00,0.0,0.0
12/29/2021 23:00,0.0,0.0
12/30/2021 0:00,0.0,0.0
12/30/2021 1:00,0.0,0.0
12/30/2021 2:00,0.0,0.0
12/30/2021 3:00,0.0,0.0
12/30/2021 4:00,0.0,0.0
12/30/2021 5:00,0.0,0.0
12/30/2021 6:00,0.0,0.0
12/30/2021 7:00,0.0,0.0
12/30/2021 8:00,0.0,0.0
12/30/2021 9:00,0.25,0.02
12/30/2021 10:00,1.0,0.06
12/30/2021 11:00,2.25,0.14
12/30/2021 12:00,2.5,0.15
12/30/2021 13:00,2.25,0.14
12/30/2021 14:00,2.75,0.17
12/30/2021 15:00,5.0,0.31
12/30/2021 16:00,4.25,0.26
12/30/2021 17:00,0.75,0.05
12/30/2021 18:00,0.0,0.0
12/30/2021 19:00,0.0,0.0
12/30/2021 20:00,0.0,0.0
12/30/2021 21:00,0.0,0.0
12/30/2021 22:00,0.0,0.0
12/30/2021 23:00,0.0,0.0
12/31/2021 0:00,0.0,0.0
12/31/2021 1:00,0.0,0.0
12/31/2021 2:00,0.0,0.0
12/31/2021 3:00,0.0,0.0
12/31/2021 4:00,0.0,0.0
12/31/2021 5:00,0.0,0.0
12/31/2021 6:00,0.0,0.0
12/31/2021 7:00,0.0,0.0
12/31/2021 8:00,0.0,0.0
12/31/2021 9:00,0.5,0.03
12/31/2021 10:00,0.75,0.05
12/31/2021 11:00,3.25,0.2
12/31/2021 12:00,7.5,0.46
12/31/2021 13:00,8.75,0.54
12/31/2021 14:00,8.0,0.49
12/31/2021 15:00,6.75,0.41
12/31/2021 16:00,4.25,0.26
12/31/2021 17:00,0.75,0.05
12/31/2021 18:00,0.0,0.0
12/31/2021 19:00,0.0,0.0
12/31/2021 20:00,0.0,0.0
12/31/2021 21:00,0.0,0.0
12/31/2021 22:00,0.0,0.0
12/31/2021 23:00,0.0,0.0
1/1/2022 0:00,0.0,0.0
1/1/2022 1:00,0.0,0.0
1/1/2022 2:00,0.0,0.0
1/1/2022 3:00,0.0,0.0
1/1/2022 4:00,0.0,0.0
1/1/2022 5:00,0.0,0.0
1/1/2022 6:00,0.0,0.0
1/1/2022 7:00,0.0,0.0
1/1/2022 8:00,0.0,0.0
1/1/2022 9:00,0.5,0.03
1/1/2022 10:00,1.25,0.08
1/1/2022 11:00,3.0,0.18
1/1/2022 12:00,7.25,0.44
1/1/2022 13:00,8.5,0.52
1/1/2022 14:00,7.75,0.47
1/1/2022 15:00,6.25,0.38
1/1/2022 16:00,3.75,0.23
1/1/2022 17:00,1.0,0.06
1/1/2022 18:00,0.0,0.0
1/1/2022 19:00,0.0,0.0
1/1/2022 20:00,0.0,0.0
1/1/2022 21:00,0.0,0.0
1/1/2022 22:00,0.0,0.0
1/1/2022 23:00,0.0,0.0
1/2/2022 0:00,0.0,0.0
1/2/2022 1:00,0.0,0.0
1/2/2022 2:00,0.0,0.0
1/2/2022 3:00,0.0,0.0
1/2/2022 4:00,0.0,0.0
1/2/2022 5:00,0.0,0.0
1/2/2022 6:00,0.0,0.0
1/2/2022 7:00,0.0,0.0
1/2/2022 8:00,0.25,0.02
1/2/2022 9:00,0.5,0.03
1/2/2022 10:00,0.75,0.05
1/2/2022 11:00,3.0,0.18
1/2/2022 12:00,3.25,0.2
1/2/2022 13:00,4.75,0.29
1/2/2022 14:00,8.5,0.52
1/2/2022 15:00,6.75,0.41
1/2/2022 16:00,4.25,0.26
1/2/2022 17:00,0.75,0.05
1/2/2022 18:00,0.0,0.0
1/2/2022 19:00,0.0,0.0
1/2/2022 20:00,0.0,0.0
1/2/2022 21:00,0.0,0.0
1/2/2022 22:00,0.0,0.0
1/2/2022 23:00,0.0,0.0
1/3/2022 0:00,0.0,0.0
1/3/2022 1:00,0.0,0.0
1/3/2022 2:00,0.0,0.0
1/3/2022 3:00,0.0,0.0
1/3/2022 4:00,0.0,0.0
1/3/2022 5:00,0.0,0.0
1/3/2022 6:00,0.0,0.0
1/3/2022 7:00,0.0,0.0
1/3/2022 8:00,0.0,0.0
1/3/2022 9:00,0.5,0.03
1/3/2022 10:00,0.5,0.03
1/3/2022 11:00,3.25,0.2
1/3/2022 12:00,7.0,0.43
1/3/2022 13:00,8.5,0.52
1/3/2022 14:00,8.0,0.49
1/3/2022 15:00,6.75,0.41
1/3/2022 16:00,4.0,0.25
1/3/2022 17:00,1.0,0.06
1/3/2022 18:00,0.0,0.0
1/3/2022 19:00,0.0,0.0
1/3/2022 20:00,0.0,0.0
1/3/2022 21:00,0.0,0.0
1/3/2022 22:00,0.0,0.0
1/3/2022 23:00,0.0,0.0
1/4/2022 0:00,0.0,0.0
1/4/2022 1:00,0.0,0.0
1/4/2022 2:00,0.0,0.0
1/4/2022 3:00,0.0,0.0
1/4/2022 4:00,0.0,0.0
1/4/2022 5:00,0.0,0.0
1/4/2022 6:00,0.0,0.0
1/4/2022 7:00,0.0,0.0
1/4/2022 8:00,0.0,0.0
1/4/2022 9:00,0.25,0.02
1/4/2022 10:00,1.5,0.09
1/4/2022 11:00,2.25,0.14
1/4/2022 12:00,5.25,0.32
1/4/2022 13:00,2.25,0.14
1/4/2022 14:00,2.5,0.15
1/4/2022 15:00,5.5,0.34
1/4/2022 16:00,3.75,0.23
1/4/2022 17:00,0.75,0.05
1/4/2022 18:00,0.25,0.02
1/4/2022 19:00,0.0,0.0
1/4/2022 20:00,0.0,0.0
1/4/2022 21:00,0.0,0.0
1/4/2022 22:00,0.0,0.0
1/4/2022 23:00,0.0,0.0
1/5/2022 0:00,0.0,0.0
1/5/2022 1:00,0.0,0.0
1/5/2022 2:00,0.0,0.0
1/5/2022 3:00,0.0,0.0
1/5/2022 4:00,0.0,0.0
1/5/2022 5:00,0.0,0.0
1/5/2022 6:00,0.0,0.0
1/5/2022 7:00,0.0,0.0
1/5/2022 8:00,0.0,0.0
1/5/2022 9:00,0.25,0.02
1/5/2022 10:00,0.75,0.05
1/5/2022 11:00,3.25,0.2
1/5/2022 12:00,7.25,0.44
1/5/2022 13:00,7.75,0.47
1/5/2022 14:00,5.5,0.34
1/5/2022 15:00,2.25,0.14
1/5/2022 16:00,2.0,0.12
1/5/2022 17:00,0.75,0.05
1/5/2022 18:00,0.0,0.0
1/5/2022 19:00,0.0,0.0
1/5/2022 20:00,0.0,0.0
1/5/2022 21:00,0.0,0.0
1/5/2022 22:00,0.0,0.0
1/5/2022 23:00,0.0,0.0
1/6/2022 0:00,0.0,0.0
1/6/2022 1:00,0.0,0.0
1/6/2022 2:00,0.0,0.0
1/6/2022 3:00,0.0,0.0
1/6/2022 4:00,0.0,0.0
1/6/2022 5:00,0.0,0.0
1/6/2022 6:00,0.0,0.0
1/6/2022 7:00,0.0,0.0
1/6/2022 8:00,0.0,0.0
1/6/2022 9:00,0.25,0.02
1/6/2022 10:00,0.75,0.05
1/6/2022 11:00,3.5,0.21
1/6/2022 12:00,7.5,0.46
1/6/2022 13:00,9.25,0.57
1/6/2022 14:00,8.75,0.54
1/6/2022 15:00,7.25,0.44
1/6/2022 16:00,4.75,0.29
1/6/2022 17:00,1.25,0.08
1/6/2022 18:00,0.0,0.0
1/6/2022 19:00,0.0,0.0
1/6/2022 20:00,0.0,0.0
1/6/2022 21:00,0.0,0.0
1/6/2022 22:00,0.0,0.0
1/6/2022 23:00,0.0,0.0
1/7/2022 0:00,0.0,0.0
1/7/2022 1:00,0.0,0.0
1/7/2022 2:00,0.0,0.0
1/7/2022 3:00,0.0,0.0
1/7/2022 4:00,0.0,0.0
1/7/2022 5:00,0.0,0.0
1/7/2022 6:00,0.0,0.0
1/7/2022 7:00,0.0,0.0
1/7/2022 8:00,0.0,0.0
1/7/2022 9:00,0.5,0.03
1/7/2022 10:00,1.25,0.08
1/7/2022 11:00,3.25,0.2
1/7/2022 12:00,7.75,0.47
1/7/2022 13:00,9.25,0.57
1/7/2022 14:00,8.75,0.54
1/7/2022 15:00,7.5,0.46
1/7/2022 16:00,4.75,0.29
1/7/2022 17:00,1.25,0.08
1/7/2022 18:00,0.0,0.0
1/7/2022 19:00,0.0,0.0
1/7/2022 20:00,0.0,0.0
1/7/2022 21:00,0.0,0.0
1/7/2022 22:00,0.0,0.0
1/7/2022 23:00,0.0,0.0
1/8/2022 0:00,0.0,0.0
1/8/2022 1:00,0.0,0.0
1/8/2022 2:00,0.0,0.0
1/8/2022 3:00,0.0,0.0
1/8/2022 4:00,0.0,0.0
1/8/2022 5:00,0.0,0.0
1/8/2022 6:00,0.0,0.0
1/8/2022 7:00,0.0,0.0
1/8/2022 8:00,0.0,0.0
1/8/2022 9:00,0.25,0.02
1/8/2022 10:00,0.75,0.05
1/8/2022 11:00,3.25,0.2
1/8/2022 12:00,7.75,0.47
1/8/2022 13:00,9.5,0.58
1/8/2022 14:00,8.75,0.54
1/8/2022 15:00,7.5,0.46
1/8/2022 16:00,5.0,0.31
1/8/2022 17:00,1.0,0.06
1/8/2022 18:00,0.0,0.0
1/8/2022 19:00,0.0,0.0
1/8/2022 20:00,0.0,0.0
1/8/2022 21:00,0.0,0.0
1/8/2022 22:00,0.0,0.0
1/8/2022 23:00,0.0,0.0
1/9/2022 0:00,0.0,0.0
1/9/2022 1:00,0.0,0.0
1/9/2022 2:00,0.0,0.0
1/9/2022 3:00,0.0,0.0
1/9/2022 4:00,0.0,0.0
1/9/2022 5:00,0.0,0.0
1/9/2022 6:00,0.0,0.0
1/9/2022 7:00,0.0,0.0
1/9/2022 8:00,0.0,0.0
1/9/2022 9:00,0.5,0.03
1/9/2022 10:00,0.75,0.05
1/9/2022 11:00,3.25,0.2
1/9/2022 12:00,7.75,0.47
1/9/2022 13:00,9.25,0.57
1/9/2022 14:00,8.75,0.54
1/9/2022 15:00,7.5,0.46
1/9/2022 16:00,4.75,0.29
1/9/2022 17:00,1.25,0.08
1/9/2022 18:00,0.0,0.0
1/9/2022 19:00,0.0,0.0
1/9/2022 20:00,0.0,0.0
1/9/2022 21:00,0.0,0.0
1/9/2022 22:00,0.0,0.0
1/9/2022 23:00,0.0,0.0
1/10/2022 0:00,0.0,0.0
1/10/2022 1:00,0.0,0.0
1/10/2022 2:00,0.0,0.0
1/10/2022 3:00,0.0,0.0
1/10/2022 4:00,0.0,0.0
1/10/2022 5:00,0.0,0.0
1/10/2022 6:00,0.0,0.0
1/10/2022 7:00,0.0,0.0
1/10/2022 8:00,0.0,0.0
1/10/2022 9:00,0.5,0.03
1/10/2022 10:00,2.0,0.12
1/10/2022 11:00,4.0,0.25
1/10/2022 12:00,5.25,0.32
1/10/2022 13:00,5.0,0.31
1/10/2022 14:00,6.75,0.41
1/10/2022 15:00,4.5,0.28
1/10/2022 16:00,4.5,0.28
1/10/2022 17:00,1.25,0.08
1/10/2022 18:00,0.0,0.0
1/10/2022 19:00,0.0,0.0
1/10/2022 20:00,0.0,0.0
1/10/2022 21:00,0.0,0.0
1/10/2022 22:00,0.0,0.0
1/10/2022 23:00,0.0,0.0
1/11/2022 0:00,0.0,0.0
1/11/2022 1:00,0.0,0.0
1/11/2022 2:00,0.0,0.0
1/11/2022 3:00,0.0,0.0
1/11/2022 4:00,0.0,0.0
1/11/2022 5:00,0.0,0.0
1/11/2022 6:00,0.0,0.0
1/11/2022 7:00,0.0,0.0
1/11/2022 8:00,0.0,0.0
1/11/2022 9:00,0.5,0.03
1/11/2022 10:00,0.75,0.05
1/11/2022 11:00,3.5,0.21
1/11/2022 12:00,7.5,0.46
1/11/2022 13:00,9.25,0.57
1/11/2022 14:00,8.0,0.49
1/11/2022 15:00,6.25,0.38
1/11/2022 16:00,4.75,0.29
1/11/2022 17:00,1.0,0.06
1/11/2022 18:00,0.0,0.0
1/11/2022 19:00,0.0,0.0
1/11/2022 20:00,0.0,0.0
1/11/2022 21:00,0.0,0.0
1/11/2022 22:00,0.0,0.0
1/11/2022 23:00,0.0,0.0
1/12/2022 0:00,0.0,0.0
1/12/2022 1:00,0.0,0.0
1/12/2022 2:00,0.0,0.0
1/12/2022 3:00,0.0,0.0
1/12/2022 4:00,0.0,0.0
1/12/2022 5:00,0.0,0.0
1/12/2022 6:00,0.0,0.0
1/12/2022 7:00,0.0,0.0
1/12/2022 8:00,0.0,0.0
1/12/2022 9:00,0.25,0.02
1/12/2022 10:00,0.75,0.05
1/12/2022 11:00,3.5,0.21
1/12/2022 12:00,7.25,0.44
1/12/2022 13:00,9.0,0.55
1/12/2022 14:00,8.75,0.54
1/12/2022 15:00,7.25,0.44
1/12/2022 16:00,4.75,0.29
1/12/2022 17:00,1.25,0.08
1/12/2022 18:00,0.0,0.0
1/12/2022 19:00,0.0,0.0
1/12/2022 20:00,0.0,0.0
1/12/2022 21:00,0.0,0.0
1/12/2022 22:00,0.0,0.0
1/12/2022 23:00,0.0,0.0
1/13/2022 0:00,0.0,0.0
1/13/2022 1:00,0.0,0.0
1/13/2022 2:00,0.0,0.0
1/13/2022 3:00,0.0,0.0
1/13/2022 4:00,0.0,0.0
1/13/2022 5:00,0.0,0.0
1/13/2022 6:00,0.0,0.0
1/13/2022 7:00,0.0,0.0
1/13/2022 8:00,0.0,0.0
1/13/2022 9:00,0.5,0.03
1/13/2022 10:00,0.75,0.05
1/13/2022 11:00,3.25,0.2
1/13/2022 12:00,7.5,0.46
1/13/2022 13:00,9.25,0.57
1/13/2022 14:00,9.0,0.55
1/13/2022 15:00,7.25,0.44
1/13/2022 16:00,5.0,0.31
1/13/2022 17:00,1.25,0.08
1/13/2022 18:00,0.0,0.0
1/13/2022 19:00,0.0,0.0
1/13/2022 20:00,0.0,0.0
1/13/2022 21:00,0.0,0.0
1/13/2022 22:00,0.0,0.0
1/13/2022 23:00,0.0,0.0
1/14/2022 0:00,0.0,0.0
1/14/2022 1:00,0.0,0.0
1/14/2022 2:00,0.0,0.0
1/14/2022 3:00,0.0,0.0
1/14/2022 4:00,0.0,0.0
1/14/2022 5:00,0.0,0.0
1/14/2022 6:00,0.0,0.0
1/14/2022 7:00,0.0,0.0
1/14/2022 8:00,0.0,0.0
1/14/2022 9:00,0.5,0.03
1/14/2022 10:00,1.25,0.08
1/14/2022 11:00,3.75,0.23
1/14/2022 12:00,7.0,0.43
1/14/2022 13:00,7.0,0.43
1/14/2022 14:00,7.5,0.46
1/14/2022 15:00,7.25,0.44
1/14/2022 16:00,4.75,0.29
1/14/2022 17:00,1.25,0.08
1/14/2022 18:00,0.0,0.0
1/14/2022 19:00,0.0,0.0
1/14/2022 20:00,0.0,0.0
1/14/2022 21:00,0.0,0.0
1/14/2022 22:00,0.0,0.0
1/14/2022 23:00,0.0,0.0
1/15/2022 0:00,0.0,0.0
1/15/2022 1:00,0.0,0.0
1/15/2022 2:00,0.0,0.0
1/15/2022 3:00,0.0,0.0
1/15/2022 4:00,0.0,0.0
1/15/2022 5:00,0.0,0.0
1/15/2022 6:00,0.0,0.0
1/15/2022 7:00,0.0,0.0
1/15/2022 8:00,0.0,0.0
1/15/2022 9:00,0.5,0.03
1/15/2022 10:00,2.25,0.14
1/15/2022 11:00,3.25,0.2
1/15/2022 12:00,7.0,0.43
1/15/2022 13:00,7.75,0.47
1/15/2022 14:00,6.75,0.41
1/15/2022 15:00,2.5,0.15
1/15/2022 16:00,1.75,0.11
1/15/2022 17:00,1.25,0.08
1/15/2022 18:00,0.0,0.0
1/15/2022 19:00,0.0,0.0
1/15/2022 20:00,0.0,0.0
1/15/2022 21:00,0.0,0.0
1/15/2022 22:00,0.0,0.0
1/15/2022 23:00,0.0,0.0
1/16/2022 0:00,0.0,0.0
1/16/2022 1:00,0.0,0.0
1/16/2022 2:00,0.0,0.0
1/16/2022 3:00,0.0,0.0
1/16/2022 4:00,0.0,0.0
1/16/2022 5:00,0.0,0.0
1/16/2022 6:00,0.0,0.0
1/16/2022 7:00,0.0,0.0
1/16/2022 8:00,0.0,0.0
1/16/2022 9:00,0.75,0.05
1/16/2022 10:00,1.25,0.08
1/16/2022 11:00,3.25,0.2
1/16/2022 12:00,7.0,0.43
1/16/2022 13:00,9.0,0.55
1/16/2022 14:00,8.5,0.52
1/16/2022 15:00,7.0,0.43
1/16/2022 16:00,5.0,0.31
1/16/2022 17:00,1.25,0.08
1/16/2022 18:00,0.25,0.02
1/16/2022 19:00,0.0,0.0
1/16/2022 20:00,0.0,0.0
1/16/2022 21:00,0.0,0.0
1/16/2022 22:00,0.0,0.0
1/16/2022 23:00,0.0,0.0
1/17/2022 0:00,0.0,0.0
1/17/2022 1:00,0.0,0.0
1/17/2022 2:00,0.0,0.0
1/17/2022 3:00,0.0,0.0
1/17/2022 4:00,0.0,0.0
1/17/2022 5:00,0.0,0.0
1/17/2022 6:00,0.0,0.0
1/17/2022 7:00,0.0,0.0
1/17/2022 8:00,0.0,0.0
1/17/2022 9:00,0.25,0.02
1/17/2022 10:00,0.75,0.05
1/17/2022 11:00,3.5,0.21
1/17/2022 12:00,7.5,0.46
1/17/2022 13:00,9.25,0.57
1/17/2022 14:00,8.5,0.52
1/17/2022 15:00,7.25,0.44
1/17/2022 16:00,5.25,0.32
1/17/2022 17:00,1.25,0.08
1/17/2022 18:00,0.25,0.02
1/17/2022 19:00,0.0,0.0
1/17/2022 20:00,0.0,0.0
1/17/2022 21:00,0.0,0.0
1/17/2022 22:00,0.0,0.0
1/17/2022 23:00,0.0,0.0
1/18/2022 0:00,0.0,0.0
1/18/2022 1:00,0.0,0.0
1/18/2022 2:00,0.0,0.0
1/18/2022 3:00,0.0,0.0
1/18/2022 4:00,0.0,0.0
1/18/2022 5:00,0.0,0.0
1/18/2022 6:00,0.0,0.0
1/18/2022 7:00,0.0,0.0
1/18/2022 8:00,0.0,0.0
1/18/2022 9:00,0.75,0.05
1/18/2022 10:00,1.5,0.09
1/18/2022 11:00,2.75,0.17
1/18/2022 12:00,5.5,0.34
1/18/2022 13:00,6.75,0.41
1/18/2022 14:00,7.5,0.46
1/18/2022 15:00,6.5,0.4
1/18/2022 16:00,4.5,0.28
1/18/2022 17:00,1.25,0.08
1/18/2022 18:00,0.25,0.02
1/18/2022 19:00,0.0,0.0
1/18/2022 20:00,0.0,0.0
1/18/2022 21:00,0.0,0.0
1/18/2022 22:00,0.0,0.0
1/18/2022 23:00,0.0,0.0
1/19/2022 0:00,0.0,0.0
1/19/2022 1:00,0.0,0.0
1/19/2022 2:00,0.0,0.0
1/19/2022 3:00,0.0,0.0
1/19/2022 4:00,0.0,0.0
1/19/2022 5:00,0.0,0.0
1/19/2022 6:00,0.0,0.0
1/19/2022 7:00,0.0,0.0
1/19/2022 8:00,0.0,0.0
1/19/2022 9:00,0.5,0.03
1/19/2022 10:00,0.75,0.05
1/19/2022 11:00,3.25,0.2
1/19/2022 12:00,7.5,0.46
1/19/2022 13:00,9.25,0.57
1/19/2022 14:00,8.75,0.54
1/19/2022 15:00,7.5,0.46
1/19/2022 16:00,5.25,0.32
1/19/2022 17:00,1.5,0.09
1/19/2022 18:00,0.0,0.0
1/19/2022 19:00,0.0,0.0
1/19/2022 20:00,0.0,0.0
1/19/2022 21:00,0.0,0.0
1/19/2022 22:00,0.0,0.0
1/19/2022 23:00,0.0,0.0
1/20/2022 0:00,0.0,0.0
1/20/2022 1:00,0.0,0.0
1/20/2022 2:00,0.0,0.0
1/20/2022 3:00,0.0,0.0
1/20/2022 4:00,0.0,0.0
1/20/2022 5:00,0.0,0.0
1/20/2022 6:00,0.0,0.0
1/20/2022 7:00,0.0,0.0
1/20/2022 8:00,0.0,0.0
1/20/2022 9:00,0.5,0.03
1/20/2022 10:00,1.0,0.06
1/20/2022 11:00,3.5,0.21
1/20/2022 12:00,7.75,0.47
1/20/2022 13:00,9.25,0.57
1/20/2022 14:00,9.0,0.55
1/20/2022 15:00,7.5,0.46
1/20/2022 16:00,5.5,0.34
1/20/2022 17:00,1.5,0.09
1/20/2022 18:00,0.0,0.0
1/20/2022 19:00,0.0,0.0
1/20/2022 20:00,0.0,0.0
1/20/2022 21:00,0.0,0.0
1/20/2022 22:00,0.0,0.0
1/20/2022 23:00,0.0,0.0
1/21/2022 0:00,0.0,0.0
1/21/2022 1:00,0.0,0.0
1/21/2022 2:00,0.0,0.0
1/21/2022 3:00,0.0,0.0
1/21/2022 4:00,0.0,0.0
1/21/2022 5:00,0.0,0.0
1/21/2022 6:00,0.0,0.0
1/21/2022 7:00,0.0,0.0
1/21/2022 8:00,0.0,0.0
1/21/2022 9:00,0.5,0.03
1/21/2022 10:00,0.75,0.05
1/21/2022 11:00,3.75,0.23
1/21/2022 12:00,7.5,0.46
1/21/2022 13:00,9.5,0.58
1/21/2022 14:00,9.25,0.57
1/21/2022 15:00,7.75,0.47
1/21/2022 16:00,5.25,0.32
1/21/2022 17:00,1.5,0.09
1/21/2022 18:00,0.25,0.02
1/21/2022 19:00,0.0,0.0
1/21/2022 20:00,0.0,0.0
1/21/2022 21:00,0.0,0.0
1/21/2022 22:00,0.0,0.0
1/21/2022 23:00,0.0,0.0
1/22/2022 0:00,0.0,0.0
1/22/2022 1:00,0.0,0.0
1/22/2022 2:00,0.0,0.0
1/22/2022 3:00,0.0,0.0
1/22/2022 4:00,0.0,0.0
1/22/2022 5:00,0.0,0.0
1/22/2022 6:00,0.0,0.0
1/22/2022 7:00,0.0,0.0
1/22/2022 8:00,0.0,0.0
1/22/2022 9:00,0.5,0.03
1/22/2022 10:00,0.75,0.05
1/22/2022 11:00,3.75,0.23
1/22/2022 12:00,7.75,0.47
1/22/2022 13:00,7.5,0.46
1/22/2022 14:00,9.0,0.55
1/22/2022 15:00,6.5,0.4
1/22/2022 16:00,5.0,0.31
1/22/2022 17:00,1.5,0.09
1/22/2022 18:00,0.25,0.02
1/22/2022 19:00,0.0,0.0
1/22/2022 20:00,0.0,0.0
1/22/2022 21:00,0.0,0.0
1/22/2022 22:00,0.0,0.0
1/22/2022 23:00,0.0,0.0
1/23/2022 0:00,0.0,0.0
1/23/2022 1:00,0.0,0.0
1/23/2022 2:00,0.0,0.0
1/23/2022 3:00,0.0,0.0
1/23/2022 4:00,0.0,0.0
1/23/2022 5:00,0.0,0.0
1/23/2022 6:00,0.0,0.0
1/23/2022 7:00,0.0,0.0
1/23/2022 8:00,0.0,0.0
1/23/2022 9:00,0.5,0.03
1/23/2022 10:00,1.75,0.11
1/23/2022 11:00,3.25,0.2
1/23/2022 12:00,7.25,0.44
1/23/2022 13:00,8.25,0.51
1/23/2022 14:00,6.5,0.4
1/23/2022 15:00,4.25,0.26
1/23/2022 16:00,3.0,0.18
1/23/2022 17:00,1.25,0.08
1/23/2022 18:00,0.25,0.02
1/23/2022 19:00,0.0,0.0
1/23/2022 20:00,0.0,0.0
1/23/2022 21:00,0.0,0.0
1/23/2022 22:00,0.0,0.0
1/23/2022 23:00,0.0,0.0
1/24/2022 0:00,0.0,0.0
1/24/2022 1:00,0.0,0.0
1/24/2022 2:00,0.0,0.0
1/24/2022 3:00,0.0,0.0
1/24/2022 4:00,0.0,0.0
1/24/2022 5:00,0.0,0.0
1/24/2022 6:00,0.0,0.0
1/24/2022 7:00,0.0,0.0
1/24/2022 8:00,0.0,0.0
1/24/2022 9:00,0.5,0.03
1/24/2022 10:00,1.75,0.11
1/24/2022 11:00,3.0,0.18
1/24/2022 12:00,3.0,0.18
1/24/2022 13:00,3.75,0.23
1/24/2022 14:00,8.25,0.51
1/24/2022 15:00,4.0,0.25
1/24/2022 16:00,2.0,0.12
1/24/2022 17:00,0.5,0.03
1/24/2022 18:00,0.0,0.0
1/24/2022 19:00,0.0,0.0
1/24/2022 20:00,0.0,0.0
1/24/2022 21:00,0.0,0.0
1/24/2022 22:00,0.0,0.0
1/24/2022 23:00,0.0,0.0
1/25/2022 0:00,0.0,0.0
1/25/2022 1:00,0.0,0.0
1/25/2022 2:00,0.0,0.0
1/25/2022 3:00,0.0,0.0
1/25/2022 4:00,0.0,0.0
1/25/2022 5:00,0.0,0.0
1/25/2022 6:00,0.0,0.0
1/25/2022 7:00,0.0,0.0
1/25/2022 8:00,0.0,0.0
1/25/2022 9:00,0.5,0.03
1/25/2022 10:00,1.25,0.08
1/25/2022 11:00,3.5,0.21
1/25/2022 12:00,7.5,0.46
1/25/2022 13:00,9.0,0.55
1/25/2022 14:00,9.0,0.55
1/25/2022 15:00,7.0,0.43
1/25/2022 16:00,4.25,0.26
1/25/2022 17:00,1.75,0.11
1/25/2022 18:00,0.25,0.02
1/25/2022 19:00,0.0,0.0
1/25/2022 20:00,0.0,0.0
1/25/2022 21:00,0.0,0.0
1/25/2022 22:00,0.0,0.0
1/25/2022 23:00,0.0,0.0
1/26/2022 0:00,0.0,0.0
1/26/2022 1:00,0.0,0.0
1/26/2022 2:00,0.0,0.0
1/26/2022 3:00,0.0,0.0
1/26/2022 4:00,0.0,0.0
1/26/2022 5:00,0.0,0.0
1/26/2022 6:00,0.0,0.0
1/26/2022 7:00,0.0,0.0
1/26/2022 8:00,0.0,0.0
1/26/2022 9:00,0.25,0.02
1/26/2022 10:00,2.0,0.12
1/26/2022 11:00,3.0,0.18
1/26/2022 12:00,6.25,0.38
1/26/2022 13:00,4.5,0.28
1/26/2022 14:00,4.75,0.29
1/26/2022 15:00,6.5,0.4
1/26/2022 16:00,5.0,0.31
1/26/2022 17:00,2.0,0.12
1/26/2022 18:00,0.0,0.0
1/26/2022 19:00,0.0,0.0
1/26/2022 20:00,0.0,0.0
1/26/2022 21:00,0.0,0.0
1/26/2022 22:00,0.0,0.0
1/26/2022 23:00,0.0,0.0
1/27/2022 0:00,0.0,0.0
1/27/2022 1:00,0.0,0.0
1/27/2022 2:00,0.0,0.0
1/27/2022 3:00,0.0,0.0
1/27/2022 4:00,0.0,0.0
1/27/2022 5:00,0.0,0.0
1/27/2022 6:00,0.0,0.0
1/27/2022 7:00,0.0,0.0
1/27/2022 8:00,0.0,0.0
1/27/2022 9:00,0.75,0.05
1/27/2022 10:00,2.0,0.12
1/27/2022 11:00,3.75,0.23
1/27/2022 12:00,7.25,0.44
1/27/2022 13:00,9.5,0.58
1/27/2022 14:00,9.0,0.55
1/27/2022 15:00,7.5,0.46
1/27/2022 16:00,5.25,0.32
1/27/2022 17:00,2.0,0.12
1/27/2022 18:00,0.25,0.02
1/27/2022 19:00,0.0,0.0
1/27/2022 20:00,0.0,0.0
1/27/2022 21:00,0.0,0.0
1/27/2022 22:00,0.0,0.0
1/27/2022 23:00,0.0,0.0
1/28/2022 0:00,0.0,0.0
1/28/2022 1:00,0.0,0.0
1/28/2022 2:00,0.0,0.0
1/28/2022 3:00,0.0,0.0
1/28/2022 4:00,0.0,0.0
1/28/2022 5:00,0.0,0.0
1/28/2022 6:00,0.0,0.0
1/28/2022 7:00,0.0,0.0
1/28/2022 8:00,0.25,0.02
1/28/2022 9:00,0.5,0.03
1/28/2022 10:00,1.0,0.06
1/28/2022 11:00,4.0,0.25
1/28/2022 12:00,7.75,0.47
1/28/2022 13:00,9.5,0.58
1/28/2022 14:00,9.0,0.55
1/28/2022 15:00,7.75,0.47
1/28/2022 16:00,5.5,0.34
1/28/2022 17:00,2.0,0.12
1/28/2022 18:00,0.25,0.02
1/28/2022 19:00,0.0,0.0
1/28/2022 20:00,0.0,0.0
1/28/2022 21:00,0.0,0.0
1/28/2022 22:00,0.0,0.0
1/28/2022 23:00,0.0,0.0
1/29/2022 0:00,0.0,0.0
1/29/2022 1:00,0.0,0.0
1/29/2022 2:00,0.0,0.0
1/29/2022 3:00,0.0,0.0
1/29/2022 4:00,0.0,0.0
1/29/2022 5:00,0.0,0.0
1/29/2022 6:00,0.0,0.0
1/29/2022 7:00,0.0,0.0
1/29/2022 8:00,0.0,0.0
1/29/2022 9:00,0.5,0.03
1/29/2022 10:00,1.75,0.11
1/29/2022 11:00,3.75,0.23
1/29/2022 12:00,7.0,0.43
1/29/2022 13:00,9.0,0.55
1/29/2022 14:00,9.25,0.57
1/29/2022 15:00,7.25,0.44
1/29/2022 16:00,4.0,0.25
1/29/2022 17:00,1.25,0.08
1/29/2022 18:00,0.25,0.02
1/29/2022 19:00,0.0,0.0
1/29/2022 20:00,0.0,0.0
1/29/2022 21:00,0.0,0.0
1/29/2022 22:00,0.0,0.0
1/29/2022 23:00,0.0,0.0
1/30/2022 0:00,0.0,0.0
1/30/2022 1:00,0.0,0.0
1/30/2022 2:00,0.0,0.0
1/30/2022 3:00,0.0,0.0
1/30/2022 4:00,0.0,0.0
1/30/2022 5:00,0.0,0.0
1/30/2022 6:00,0.0,0.0
1/30/2022 7:00,0.0,0.0
1/30/2022 8:00,0.0,0.0
1/30/2022 9:00,0.5,0.03
1/30/2022 10:00,2.5,0.15
1/30/2022 11:00,3.5,0.21
1/30/2022 12:00,6.75,0.41
1/30/2022 13:00,8.5,0.52
1/30/2022 14:00,8.0,0.49
1/30/2022 15:00,6.75,0.41
1/30/2022 16:00,4.5,0.28
1/30/2022 17:00,1.75,0.11
1/30/2022 18:00,0.5,0.03
1/30/2022 19:00,0.0,0.0
1/30/2022 20:00,0.0,0.0
1/30/2022 21:00,0.0,0.0
1/30/2022 22:00,0.0,0.0
1/30/2022 23:00,0.0,0.0
1/31/2022 0:00,0.0,0.0
1/31/2022 1:00,0.0,0.0
1/31/2022 2:00,0.0,0.0
1/31/2022 3:00,0.0,0.0
1/31/2022 4:00,0.0,0.0
1/31/2022 5:00,0.0,0.0
1/31/2022 6:00,0.0,0.0
1/31/2022 7:00,0.0,0.0
1/31/2022 8:00,0.0,0.0
1/31/2022 9:00,1.0,0.06
1/31/2022 10:00,2.0,0.12
1/31/2022 11:00,4.0,0.25
1/31/2022 12:00,7.25,0.44
1/31/2022 13:00,8.75,0.54
1/31/2022 14:00,8.25,0.51
1/31/2022 15:00,7.25,0.44
1/31/2022 16:00,5.0,0.31
1/31/2022 17:00,2.0,0.12
1/31/2022 18:00,0.5,0.03
1/31/2022 19:00,0.0,0.0
1/31/2022 20:00,0.0,0.0
1/31/2022 21:00,0.0,0.0
1/31/2022 22:00,0.0,0.0
1/31/2022 23:00,0.0,0.0
2/1/2022 0:00,0.0,0.0
2/1/2022 1:00,0.0,0.0
2/1/2022 2:00,0.0,0.0
2/1/2022 3:00,0.0,0.0
2/1/2022 4:00,0.0,0.0
2/1/2022 5:00,0.0,0.0
2/1/2022 6:00,0.0,0.0
2/1/2022 7:00,0.0,0.0
2/1/2022 8:00,0.0,0.0
2/1/2022 9:00,0.5,0.03
2/1/2022 10:00,1.0,0.06
2/1/2022 11:00,4.75,0.29
2/1/2022 12:00,8.25,0.51
2/1/2022 13:00,10.0,0.61
2/1/2022 14:00,9.5,0.58
2/1/2022 15:00,8.25,0.51
2/1/2022 16:00,5.75,0.35
2/1/2022 17:00,2.5,0.15
2/1/2022 18:00,0.25,0.02
2/1/2022 19:00,0.0,0.0
2/1/2022 20:00,0.0,0.0
2/1/2022 21:00,0.0,0.0
2/1/2022 22:00,0.0,0.0
2/1/2022 23:00,0.0,0.0
2/2/2022 0:00,0.0,0.0
2/2/2022 1:00,0.0,0.0
2/2/2022 2:00,0.0,0.0
2/2/2022 3:00,0.0,0.0
2/2/2022 4:00,0.0,0.0
2/2/2022 5:00,0.0,0.0
2/2/2022 6:00,0.0,0.0
2/2/2022 7:00,0.0,0.0
2/2/2022 8:00,0.0,0.0
2/2/2022 9:00,0.5,0.03
2/2/2022 10:00,1.25,0.08
2/2/2022 11:00,4.75,0.29
2/2/2022 12:00,8.25,0.51
2/2/2022 13:00,10.0,0.61
2/2/2022 14:00,9.5,0.58
2/2/2022 15:00,8.0,0.49
2/2/2022 16:00,5.75,0.35
2/2/2022 17:00,2.75,0.17
2/2/2022 18:00,0.25,0.02
2/2/2022 19:00,0.0,0.0
2/2/2022 20:00,0.0,0.0
2/2/2022 21:00,0.0,0.0
2/2/2022 22:00,0.0,0.0
2/2/2022 23:00,0.0,0.0
2/3/2022 0:00,0.0,0.0
2/3/2022 1:00,0.0,0.0
2/3/2022 2:00,0.0,0.0
2/3/2022 3:00,0.0,0.0
2/3/2022 4:00,0.0,0.0
2/3/2022 5:00,0.0,0.0
2/3/2022 6:00,0.0,0.0
2/3/2022 7:00,0.0,0.0
2/3/2022 8:00,0.0,0.0
2/3/2022 9:00,1.0,0.06
2/3/2022 10:00,2.25,0.14
2/3/2022 11:00,4.0,0.25
2/3/2022 12:00,8.0,0.49
2/3/2022 13:00,6.5,0.4
2/3/2022 14:00,6.25,0.38
2/3/2022 15:00,7.75,0.47
2/3/2022 16:00,5.25,0.32
2/3/2022 17:00,1.5,0.09
2/3/2022 18:00,0.25,0.02
2/3/2022 19:00,0.0,0.0
2/3/2022 20:00,0.0,0.0
2/3/2022 21:00,0.0,0.0
2/3/2022 22:00,0.0,0.0
2/3/2022 23:00,0.0,0.0
2/4/2022 0:00,0.0,0.0
2/4/2022 1:00,0.0,0.0
2/4/2022 2:00,0.0,0.0
2/4/2022 3:00,0.0,0.0
2/4/2022 4:00,0.0,0.0
2/4/2022 5:00,0.0,0.0
2/4/2022 6:00,0.0,0.0
2/4/2022 7:00,0.0,0.0
2/4/2022 8:00,0.0,0.0
2/4/2022 9:00,0.5,0.03
2/4/2022 10:00,0.5,0.03
2/4/2022 11:00,1.25,0.08
2/4/2022 12:00,2.25,0.14
2/4/2022 13:00,2.25,0.14
2/4/2022 14:00,2.75,0.17
2/4/2022 15:00,1.75,0.11
2/4/2022 16:00,1.25,0.08
2/4/2022 17:00,0.25,0.02
2/4/2022 18:00,0.0,0.0
2/4/2022 19:00,0.0,0.0
2/4/2022 20:00,0.0,0.0
2/4/2022 21:00,0.0,0.0
2/4/2022 22:00,0.0,0.0
2/4/2022 23:00,0.0,0.0
2/5/2022 0:00,0.0,0.0
2/5/2022 1:00,0.0,0.0
2/5/2022 2:00,0.0,0.0
2/5/2022 3:00,0.0,0.0
2/5/2022 4:00,0.0,0.0
2/5/2022 5:00,0.0,0.0
2/5/2022 6:00,0.0,0.0
2/5/2022 7:00,0.0,0.0
2/5/2022 8:00,0.25,0.02
2/5/2022 9:00,0.75,0.05
2/5/2022 10:00,1.75,0.11
2/5/2022 11:00,4.75,0.29
2/5/2022 12:00,8.25,0.51
2/5/2022 13:00,10.0,0.61
2/5/2022 14:00,9.25,0.57
2/5/2022 15:00,8.25,0.51
2/5/2022 16:00,6.25,0.38
2/5/2022 17:00,2.75,0.17
2/5/2022 18:00,0.25,0.02
2/5/2022 19:00,0.0,0.0
2/5/2022 20:00,0.0,0.0
2/5/2022 21:00,0.0,0.0
2/5/2022 22:00,0.0,0.0
2/5/2022 23:00,0.0,0.0
2/6/2022 0:00,0.0,0.0
2/6/2022 1:00,0.0,0.0
2/6/2022 2:00,0.0,0.0
2/6/2022 3:00,0.0,0.0
2/6/2022 4:00,0.0,0.0
2/6/2022 5:00,0.0,0.0
2/6/2022 6:00,0.0,0.0
2/6/2022 7:00,0.0,0.0
2/6/2022 8:00,0.0,0.0
2/6/2022 9:00,1.0,0.06
2/6/2022 10:00,2.25,0.14
2/6/2022 11:00,5.0,0.31
2/6/2022 12:00,8.0,0.49
2/6/2022 13:00,10.0,0.61
2/6/2022 14:00,9.25,0.57
2/6/2022 15:00,8.25,0.51
2/6/2022 16:00,6.0,0.37
2/6/2022 17:00,2.5,0.15
2/6/2022 18:00,0.5,0.03
2/6/2022 19:00,0.0,0.0
2/6/2022 20:00,0.0,0.0
2/6/2022 21:00,0.0,0.0
2/6/2022 22:00,0.0,0.0
2/6/2022 23:00,0.0,0.0
2/7/2022 0:00,0.0,0.0
2/7/2022 1:00,0.0,0.0
2/7/2022 2:00,0.0,0.0
2/7/2022 3:00,0.0,0.0
2/7/2022 4:00,0.0,0.0
2/7/2022 5:00,0.0,0.0
2/7/2022 6:00,0.0,0.0
2/7/2022 7:00,0.0,0.0
2/7/2022 8:00,0.0,0.0
2/7/2022 9:00,0.75,0.05
2/7/2022 10:00,1.75,0.11
2/7/2022 11:00,5.25,0.32
2/7/2022 12:00,8.75,0.54
2/7/2022 13:00,10.25,0.63
2/7/2022 14:00,9.75,0.6
2/7/2022 15:00,8.5,0.52
2/7/2022 16:00,6.25,0.38
2/7/2022 17:00,3.0,0.18
2/7/2022 18:00,0.25,0.02
2/7/2022 19:00,0.0,0.0
2/7/2022 20:00,0.0,0.0
2/7/2022 21:00,0.0,0.0
2/7/2022 22:00,0.0,0.0
2/7/2022 23:00,0.0,0.0
2/8/2022 0:00,0.0,0.0
2/8/2022 1:00,0.0,0.0
2/8/2022 2:00,0.0,0.0
2/8/2022 3:00,0.0,0.0
2/8/2022 4:00,0.0,0.0
2/8/2022 5:00,0.0,0.0
2/8/2022 6:00,0.0,0.0
2/8/2022 7:00,0.0,0.0
2/8/2022 8:00,0.0,0.0
2/8/2022 9:00,0.75,0.05
2/8/2022 10:00,1.75,0.11
2/8/2022 11:00,5.25,0.32
2/8/2022 12:00,8.75,0.54
2/8/2022 13:00,10.0,0.61
2/8/2022 14:00,9.75,0.6
2/8/2022 15:00,8.25,0.51
2/8/2022 16:00,6.0,0.37
2/8/2022 17:00,3.0,0.18
2/8/2022 18:00,0.25,0.02
2/8/2022 19:00,0.0,0.0
2/8/2022 20:00,0.0,0.0
2/8/2022 21:00,0.0,0.0
2/8/2022 22:00,0.0,0.0
2/8/2022 23:00,0.0,0.0
2/9/2022 0:00,0.0,0.0
2/9/2022 1:00,0.0,0.0
2/9/2022 2:00,0.0,0.0
2/9/2022 3:00,0.0,0.0
2/9/2022 4:00,0.0,0.0
2/9/2022 5:00,0.0,0.0
2/9/2022 6:00,0.0,0.0
2/9/2022 7:00,0.0,0.0
2/9/2022 8:00,0.25,0.02
2/9/2022 9:00,0.5,0.03
2/9/2022 10:00,2.0,0.12
2/9/2022 11:00,5.5,0.34
2/9/2022 12:00,8.75,0.54
2/9/2022 13:00,10.0,0.61
2/9/2022 14:00,9.75,0.6
2/9/2022 15:00,8.5,0.52
2/9/2022 16:00,5.75,0.35
2/9/2022 17:00,3.0,0.18
2/9/2022 18:00,0.25,0.02
2/9/2022 19:00,0.0,0.0
2/9/2022 20:00,0.0,0.0
2/9/2022 21:00,0.0,0.0
2/9/2022 22:00,0.0,0.0
2/9/2022 23:00,0.0,0.0
2/10/2022 0:00,0.0,0.0
2/10/2022 1:00,0.0,0.0
2/10/2022 2:00,0.0,0.0
2/10/2022 3:00,0.0,0.0
2/10/2022 4:00,0.0,0.0
2/10/2022 5:00,0.0,0.0
2/10/2022 6:00,0.0,0.0
2/10/2022 7:00,0.0,0.0
2/10/2022 8:00,0.25,0.02
2/10/2022 9:00,1.0,0.06
2/10/2022 10:00,2.25,0.14
2/10/2022 11:00,5.25,0.32
2/10/2022 12:00,8.0,0.49
2/10/2022 13:00,7.25,0.44
2/10/2022 14:00,7.5,0.46
2/10/2022 15:00,5.5,0.34
2/10/2022 16:00,4.75,0.29
2/10/2022 17:00,2.25,0.14
2/10/2022 18:00,0.25,0.02
2/10/2022 19:00,0.0,0.0
2/10/2022 20:00,0.0,0.0
2/10/2022 21:00,0.0,0.0
2/10/2022 22:00,0.0,0.0
2/10/2022 23:00,0.0,0.0
2/11/2022 0:00,0.0,0.0
2/11/2022 1:00,0.0,0.0
2/11/2022 2:00,0.0,0.0
2/11/2022 3:00,0.0,0.0
2/11/2022 4:00,0.0,0.0
2/11/2022 5:00,0.0,0.0
2/11/2022 6:00,0.0,0.0
2/11/2022 7:00,0.0,0.0
2/11/2022 8:00,0.0,0.0
2/11/2022 9:00,1.0,0.06
2/11/2022 10:00,2.25,0.14
2/11/2022 11:00,4.75,0.29
2/11/2022 12:00,6.25,0.38
2/11/2022 13:00,9.5,0.58
2/11/2022 14:00,9.25,0.57
2/11/2022 15:00,8.25,0.51
2/11/2022 16:00,5.75,0.35
2/11/2022 17:00,2.75,0.17
2/11/2022 18:00,0.5,0.03
2/11/2022 19:00,0.0,0.0
2/11/2022 20:00,0.0,0.0
2/11/2022 21:00,0.0,0.0
2/11/2022 22:00,0.0,0.0
2/11/2022 23:00,0.0,0.0
2/12/2022 0:00,0.0,0.0
2/12/2022 1:00,0.0,0.0
2/12/2022 2:00,0.0,0.0
2/12/2022 3:00,0.0,0.0
2/12/2022 4:00,0.0,0.0
2/12/2022 5:00,0.0,0.0
2/12/2022 6:00,0.0,0.0
2/12/2022 7:00,0.0,0.0
2/12/2022 8:00,0.0,0.0
2/12/2022 9:00,0.5,0.03
2/12/2022 10:00,3.0,0.18
2/12/2022 11:00,4.75,0.29
2/12/2022 12:00,6.25,0.38
2/12/2022 13:00,9.25,0.57
2/12/2022 14:00,7.0,0.43
2/12/2022 15:00,6.75,0.41
2/12/2022 16:00,4.25,0.26
2/12/2022 17:00,2.5,0.15
2/12/2022 18:00,0.5,0.03
2/12/2022 19:00,0.0,0.0
2/12/2022 20:00,0.0,0.0
2/12/2022 21:00,0.0,0.0
2/12/2022 22:00,0.0,0.0
2/12/2022 23:00,0.0,0.0
2/13/2022 0:00,0.0,0.0
2/13/2022 1:00,0.0,0.0
2/13/2022 2:00,0.0,0.0
2/13/2022 3:00,0.0,0.0
2/13/2022 4:00,0.0,0.0
2/13/2022 5:00,0.0,0.0
2/13/2022 6:00,0.0,0.0
2/13/2022 7:00,0.0,0.0
2/13/2022 8:00,0.25,0.02
2/13/2022 9:00,1.25,0.08
2/13/2022 10:00,2.75,0.17
2/13/2022 11:00,3.25,0.2
2/13/2022 12:00,4.75,0.29
2/13/2022 13:00,4.75,0.29
2/13/2022 14:00,4.25,0.26
2/13/2022 15:00,8.0,0.49
2/13/2022 16:00,5.5,0.34
2/13/2022 17:00,2.25,0.14
2/13/2022 18:00,0.5,0.03
2/13/2022 19:00,0.0,0.0
2/13/2022 20:00,0.0,0.0
2/13/2022 21:00,0.0,0.0
2/13/2022 22:00,0.0,0.0
2/13/2022 23:00,0.0,0.0
2/14/2022 0:00,0.0,0.0
2/14/2022 1:00,0.0,0.0
2/14/2022 2:00,0.0,0.0
2/14/2022 3:00,0.0,0.0
2/14/2022 4:00,0.0,0.0
2/14/2022 5:00,0.0,0.0
2/14/2022 6:00,0.0,0.0
2/14/2022 7:00,0.0,0.0
2/14/2022 8:00,0.0,0.0
2/14/2022 9:00,0.75,0.05
2/14/2022 10:00,2.5,0.15
2/14/2022 11:00,6.0,0.37
2/14/2022 12:00,6.75,0.41
2/14/2022 13:00,10.25,0.63
2/14/2022 14:00,7.75,0.47
2/14/2022 15:00,8.5,0.52
2/14/2022 16:00,6.75,0.41
2/14/2022 17:00,3.5,0.21
2/14/2022 18:00,0.5,0.03
2/14/2022 19:00,0.0,0.0
2/14/2022 20:00,0.0,0.0
2/14/2022 21:00,0.0,0.0
2/14/2022 22:00,0.0,0.0
2/14/2022 23:00,0.0,0.0
2/15/2022 0:00,0.0,0.0
2/15/2022 1:00,0.0,0.0
2/15/2022 2:00,0.0,0.0
2/15/2022 3:00,0.0,0.0
2/15/2022 4:00,0.0,0.0
2/15/2022 5:00,0.0,0.0
2/15/2022 6:00,0.0,0.0
2/15/2022 7:00,0.0,0.0
2/15/2022 8:00,0.0,0.0
2/15/2022 9:00,0.75,0.05
2/15/2022 10:00,2.5,0.15
2/15/2022 11:00,6.25,0.38
2/15/2022 12:00,9.5,0.58
2/15/2022 13:00,10.75,0.66
2/15/2022 14:00,10.5,0.64
2/15/2022 15:00,9.25,0.57
2/15/2022 16:00,6.75,0.41
2/15/2022 17:00,3.5,0.21
2/15/2022 18:00,0.5,0.03
2/15/2022 19:00,0.0,0.0
2/15/2022 20:00,0.0,0.0
2/15/2022 21:00,0.0,0.0
2/15/2022 22:00,0.0,0.0
2/15/2022 23:00,0.0,0.0
2/16/2022 0:00,0.0,0.0
2/16/2022 1:00,0.0,0.0
2/16/2022 2:00,0.0,0.0
2/16/2022 3:00,0.0,0.0
2/16/2022 4:00,0.0,0.0
2/16/2022 5:00,0.0,0.0
2/16/2022 6:00,0.0,0.0
2/16/2022 7:00,0.0,0.0
2/16/2022 8:00,0.25,0.02
2/16/2022 9:00,0.75,0.05
2/16/2022 10:00,2.5,0.15
2/16/2022 11:00,6.25,0.38
2/16/2022 12:00,9.5,0.58
2/16/2022 13:00,10.5,0.64
2/16/2022 14:00,10.0,0.61
2/16/2022 15:00,7.5,0.46
2/16/2022 16:00,6.0,0.37
2/16/2022 17:00,4.0,0.25
2/16/2022 18:00,0.75,0.05
2/16/2022 19:00,0.0,0.0
2/16/2022 20:00,0.0,0.0
2/16/2022 21:00,0.0,0.0
2/16/2022 22:00,0.0,0.0
2/16/2022 23:00,0.0,0.0
2/17/2022 0:00,0.0,0.0
2/17/2022 1:00,0.0,0.0
2/17/2022 2:00,0.0,0.0
2/17/2022 3:00,0.0,0.0
2/17/2022 4:00,0.0,0.0
2/17/2022 5:00,0.0,0.0
2/17/2022 6:00,0.0,0.0
2/17/2022 7:00,0.0,0.0
2/17/2022 8:00,0.0,0.0
2/17/2022 9:00,1.0,0.06
2/17/2022 10:00,3.0,0.18
2/17/2022 11:00,6.0,0.37
2/17/2022 12:00,9.5,0.58
2/17/2022 13:00,10.5,0.64
2/17/2022 14:00,10.25,0.63
2/17/2022 15:00,9.0,0.55
2/17/2022 16:00,6.75,0.41
2/17/2022 17:00,3.75,0.23
2/17/2022 18:00,0.25,0.02
2/17/2022 19:00,0.0,0.0
2/17/2022 20:00,0.0,0.0
2/17/2022 21:00,0.0,0.0
2/17/2022 22:00,0.0,0.0
2/17/2022 23:00,0.0,0.0
2/18/2022 0:00,0.0,0.0
2/18/2022 1:00,0.0,0.0
2/18/2022 2:00,0.0,0.0
2/18/2022 3:00,0.0,0.0
2/18/2022 4:00,0.0,0.0
2/18/2022 5:00,0.0,0.0
2/18/2022 6:00,0.0,0.0
2/18/2022 7:00,0.0,0.0
2/18/2022 8:00,0.25,0.02
2/18/2022 9:00,0.75,0.05
2/18/2022 10:00,2.75,0.17
2/18/2022 11:00,6.25,0.38
2/18/2022 12:00,9.25,0.57
2/18/2022 13:00,8.5,0.52
2/18/2022 14:00,5.25,0.32
2/18/2022 15:00,1.75,0.11
2/18/2022 16:00,2.25,0.14
2/18/2022 17:00,1.5,0.09
2/18/2022 18:00,0.75,0.05
2/18/2022 19:00,0.0,0.0
2/18/2022 20:00,0.0,0.0
2/18/2022 21:00,0.0,0.0
2/18/2022 22:00,0.0,0.0
2/18/2022 23:00,0.0,0.0
2/19/2022 0:00,0.0,0.0
2/19/2022 1:00,0.0,0.0
2/19/2022 2:00,0.0,0.0
2/19/2022 3:00,0.0,0.0
2/19/2022 4:00,0.0,0.0
2/19/2022 5:00,0.0,0.0
2/19/2022 6:00,0.0,0.0
2/19/2022 7:00,0.0,0.0
2/19/2022 8:00,0.25,0.02
2/19/2022 9:00,1.75,0.11
2/19/2022 10:00,3.75,0.23
2/19/2022 11:00,7.5,0.46
2/19/2022 12:00,9.75,0.6
2/19/2022 13:00,10.75,0.66
2/19/2022 14:00,10.25,0.63
2/19/2022 15:00,9.25,0.57
2/19/2022 16:00,7.0,0.43
2/19/2022 17:00,3.75,0.23
2/19/2022 18:00,0.5,0.03
2/19/2022 19:00,0.0,0.0
2/19/2022 20:00,0.0,0.0
2/19/2022 21:00,0.0,0.0
2/19/2022 22:00,0.0,0.0
2/19/2022 23:00,0.0,0.0
2/20/2022 0:00,0.0,0.0
2/20/2022 1:00,0.0,0.0
2/20/2022 2:00,0.0,0.0
2/20/2022 3:00,0.0,0.0
2/20/2022 4:00,0.0,0.0
2/20/2022 5:00,0.0,0.0
2/20/2022 6:00,0.0,0.0
2/20/2022 7:00,0.0,0.0
2/20/2022 8:00,0.25,0.02
2/20/2022 9:00,1.0,0.06
2/20/2022 10:00,3.0,0.18
2/20/2022 11:00,6.0,0.37
2/20/2022 12:00,9.25,0.57
2/20/2022 13:00,10.5,0.64
2/20/2022 14:00,10.0,0.61
2/20/2022 15:00,8.5,0.52
2/20/2022 16:00,6.5,0.4
2/20/2022 17:00,3.5,0.21
2/20/2022 18:00,0.5,0.03
2/20/2022 19:00,0.0,0.0
2/20/2022 20:00,0.0,0.0
2/20/2022 21:00,0.0,0.0
2/20/2022 22:00,0.0,0.0
2/20/2022 23:00,0.0,0.0
2/21/2022 0:00,0.0,0.0
2/21/2022 1:00,0.0,0.0
2/21/2022 2:00,0.0,0.0
2/21/2022 3:00,0.0,0.0
2/21/2022 4:00,0.0,0.0
2/21/2022 5:00,0.0,0.0
2/21/2022 6:00,0.0,0.0
2/21/2022 7:00,0.0,0.0
2/21/2022 8:00,0.25,0.02
2/21/2022 9:00,1.0,0.06
2/21/2022 10:00,3.0,0.18
2/21/2022 11:00,5.25,0.32
2/21/2022 12:00,9.5,0.58
2/21/2022 13:00,11.0,0.67
2/21/2022 14:00,10.75,0.66
2/21/2022 15:00,9.0,0.55
2/21/2022 16:00,7.0,0.43
2/21/2022 17:00,4.0,0.25
2/21/2022 18:00,0.5,0.03
2/21/2022 19:00,0.0,0.0
2/21/2022 20:00,0.0,0.0
2/21/2022 21:00,0.0,0.0
2/21/2022 22:00,0.0,0.0
2/21/2022 23:00,0.0,0.0
2/22/2022 0:00,0.0,0.0
2/22/2022 1:00,0.0,0.0
2/22/2022 2:00,0.0,0.0
2/22/2022 3:00,0.0,0.0
2/22/2022 4:00,0.0,0.0
2/22/2022 5:00,0.0,0.0
2/22/2022 6:00,0.0,0.0
2/22/2022 7:00,0.0,0.0
2/22/2022 8:00,0.25,0.02
2/22/2022 9:00,0.75,0.05
2/22/2022 10:00,3.25,0.2
2/22/2022 11:00,6.75,0.41
2/22/2022 12:00,9.75,0.6
2/22/2022 13:00,11.0,0.67
2/22/2022 14:00,10.5,0.64
2/22/2022 15:00,9.25,0.57
2/22/2022 16:00,6.75,0.41
2/22/2022 17:00,3.25,0.2
2/22/2022 18:00,0.5,0.03
2/22/2022 19:00,0.0,0.0
2/22/2022 20:00,0.0,0.0
2/22/2022 21:00,0.0,0.0
2/22/2022 22:00,0.0,0.0
2/22/2022 23:00,0.0,0.0
2/23/2022 0:00,0.0,0.0
2/23/2022 1:00,0.0,0.0
2/23/2022 2:00,0.0,0.0
2/23/2022 3:00,0.0,0.0
2/23/2022 4:00,0.0,0.0
2/23/2022 5:00,0.0,0.0
2/23/2022 6:00,0.0,0.0
2/23/2022 7:00,0.0,0.0
2/23/2022 8:00,0.25,0.02
2/23/2022 9:00,1.75,0.11
2/23/2022 10:00,4.75,0.29
2/23/2022 11:00,6.0,0.37
2/23/2022 12:00,9.25,0.57
2/23/2022 13:00,10.75,0.66
2/23/2022 14:00,10.5,0.64
2/23/2022 15:00,9.0,0.55
2/23/2022 16:00,6.75,0.41
2/23/2022 17:00,3.5,0.21
2/23/2022 18:00,0.75,0.05
2/23/2022 19:00,0.0,0.0
2/23/2022 20:00,0.0,0.0
2/23/2022 21:00,0.0,0.0
2/23/2022 22:00,0.0,0.0
2/23/2022 23:00,0.0,0.0
2/24/2022 0:00,0.0,0.0
2/24/2022 1:00,0.0,0.0
2/24/2022 2:00,0.0,0.0
2/24/2022 3:00,0.0,0.0
2/24/2022 4:00,0.0,0.0
2/24/2022 5:00,0.0,0.0
2/24/2022 6:00,0.0,0.0
2/24/2022 7:00,0.0,0.0
2/24/2022 8:00,0.25,0.02
2/24/2022 9:00,0.5,0.03
2/24/2022 10:00,1.25,0.08
2/24/2022 11:00,3.0,0.18
2/24/2022 12:00,6.75,0.41
2/24/2022 13:00,4.25,0.26
2/24/2022 14:00,4.0,0.25
2/24/2022 15:00,4.25,0.26
2/24/2022 16:00,4.0,0.25
2/24/2022 17:00,2.0,0.12
2/24/2022 18:00,1.0,0.06
2/24/2022 19:00,0.0,0.0
2/24/2022 20:00,0.0,0.0
2/24/2022 21:00,0.0,0.0
2/24/2022 22:00,0.0,0.0
2/24/2022 23:00,0.0,0.0
2/25/2022 0:00,0.0,0.0
2/25/2022 1:00,0.0,0.0
2/25/2022 2:00,0.0,0.0
2/25/2022 3:00,0.0,0.0
2/25/2022 4:00,0.0,0.0
2/25/2022 5:00,0.0,0.0
2/25/2022 6:00,0.0,0.0
2/25/2022 7:00,0.0,0.0
2/25/2022 8:00,0.25,0.02
2/25/2022 9:00,1.25,0.08
2/25/2022 10:00,2.5,0.15
2/25/2022 11:00,3.75,0.23
2/25/2022 12:00,6.0,0.37
2/25/2022 13:00,3.25,0.2
2/25/2022 14:00,2.25,0.14
2/25/2022 15:00,1.75,0.11
2/25/2022 16:00,5.25,0.32
2/25/2022 17:00,3.5,0.21
2/25/2022 18:00,0.75,0.05
2/25/2022 19:00,0.0,0.0
2/25/2022 20:00,0.0,0.0
2/25/2022 21:00,0.0,0.0
2/25/2022 22:00,0.0,0.0
2/25/2022 23:00,0.0,0.0
2/26/2022 0:00,0.0,0.0
2/26/2022 1:00,0.0,0.0
2/26/2022 2:00,0.0,0.0
2/26/2022 3:00,0.0,0.0
2/26/2022 4:00,0.0,0.0
2/26/2022 5:00,0.0,0.0
2/26/2022 6:00,0.0,0.0
2/26/2022 7:00,0.0,0.0
2/26/2022 8:00,0.0,0.0
2/26/2022 9:00,0.75,0.05
2/26/2022 10:00,2.25,0.14
2/26/2022 11:00,2.75,0.17
2/26/2022 12:00,1.75,0.11
2/26/2022 13:00,2.25,0.14
2/26/2022 14:00,2.5,0.15
2/26/2022 15:00,3.25,0.2
2/26/2022 16:00,5.75,0.35
2/26/2022 17:00,2.5,0.15
2/26/2022 18:00,0.5,0.03
2/26/2022 19:00,0.0,0.0
2/26/2022 20:00,0.0,0.0
2/26/2022 21:00,0.0,0.0
2/26/2022 22:00,0.0,0.0
2/26/2022 23:00,0.0,0.0
2/27/2022 0:00,0.0,0.0
2/27/2022 1:00,0.0,0.0
2/27/2022 2:00,0.0,0.0
2/27/2022 3:00,0.0,0.0
2/27/2022 4:00,0.0,0.0
2/27/2022 5:00,0.0,0.0
2/27/2022 6:00,0.0,0.0
2/27/2022 7:00,0.0,0.0
2/27/2022 8:00,0.25,0.02
2/27/2022 9:00,1.25,0.08
2/27/2022 10:00,3.5,0.21
2/27/2022 11:00,6.75,0.41
2/27/2022 12:00,9.75,0.6
2/27/2022 13:00,10.5,0.64
2/27/2022 14:00,8.75,0.54
2/27/2022 15:00,9.5,0.58
2/27/2022 16:00,6.75,0.41
2/27/2022 17:00,3.5,0.21
2/27/2022 18:00,1.0,0.06
2/27/2022 19:00,0.0,0.0
2/27/2022 20:00,0.0,0.0
2/27/2022 21:00,0.0,0.0
2/27/2022 22:00,0.0,0.0
2/27/2022 23:00,0.0,0.0
2/28/2022 0:00,0.0,0.0
2/28/2022 1:00,0.0,0.0
2/28/2022 2:00,0.0,0.0
2/28/2022 3:00,0.0,0.0
2/28/2022 4:00,0.0,0.0
2/28/2022 5:00,0.0,0.0
2/28/2022 6:00,0.0,0.0
2/28/2022 7:00,0.0,0.0
2/28/2022 8:00,0.25,0.02
2/28/2022 9:00,1.25,0.08
2/28/2022 10:00,3.5,0.21
2/28/2022 11:00,6.75,0.41
2/28/2022 12:00,6.75,0.41
2/28/2022 13:00,5.75,0.35
2/28/2022 14:00,8.5,0.52
2/28/2022 15:00,9.25,0.57
2/28/2022 16:00,7.0,0.43
2/28/2022 17:00,3.75,0.23
2/28/2022 18:00,1.0,0.06
2/28/2022 19:00,0.0,0.0
2/28/2022 20:00,0.0,0.0
2/28/2022 21:00,0.0,0.0
2/28/2022 22:00,0.0,0.0
2/28/2022 23:00,0.0,0.0
3/1/2022 0:00,0.0,0.0
3/1/2022 1:00,0.0,0.0
3/1/2022 2:00,0.0,0.0
3/1/2022 3:00,0.0,0.0
3/1/2022 4:00,0.0,0.0
3/1/2022 5:00,0.0,0.0
3/1/2022 6:00,0.0,0.0
3/1/2022 7:00,0.0,0.0
3/1/2022 8:00,0.5,0.03
3/1/2022 9:00,1.5,0.09
3/1/2022 10:00,3.5,0.21
3/1/2022 11:00,7.0,0.43
3/1/2022 12:00,10.0,0.61
3/1/2022 13:00,11.0,0.67
3/1/2022 14:00,10.5,0.64
3/1/2022 15:00,6.75,0.41
3/1/2022 16:00,4.25,0.26
3/1/2022 17:00,2.0,0.12
3/1/2022 18:00,0.5,0.03
3/1/2022 19:00,0.0,0.0
3/1/2022 20:00,0.0,0.0
3/1/2022 21:00,0.0,0.0
3/1/2022 22:00,0.0,0.0
3/1/2022 23:00,0.0,0.0
3/2/2022 0:00,0.0,0.0
3/2/2022 1:00,0.0,0.0
3/2/2022 2:00,0.0,0.0
3/2/2022 3:00,0.0,0.0
3/2/2022 4:00,0.0,0.0
3/2/2022 5:00,0.0,0.0
3/2/2022 6:00,0.0,0.0
3/2/2022 7:00,0.0,0.0
3/2/2022 8:00,0.25,0.02
3/2/2022 9:00,1.5,0.09
3/2/2022 10:00,4.0,0.25
3/2/2022 11:00,4.75,0.29
3/2/2022 12:00,9.75,0.6
3/2/2022 13:00,10.75,0.66
3/2/2022 14:00,11.0,0.67
3/2/2022 15:00,8.5,0.52
3/2/2022 16:00,6.5,0.4
3/2/2022 17:00,4.0,0.25
3/2/2022 18:00,1.0,0.06
3/2/2022 19:00,0.0,0.0
3/2/2022 20:00,0.0,0.0
3/2/2022 21:00,0.0,0.0
3/2/2022 22:00,0.0,0.0
3/2/2022 23:00,0.0,0.0
3/3/2022 0:00,0.0,0.0
3/3/2022 1:00,0.0,0.0
3/3/2022 2:00,0.0,0.0
3/3/2022 3:00,0.0,0.0
3/3/2022 4:00,0.0,0.0
3/3/2022 5:00,0.0,0.0
3/3/2022 6:00,0.0,0.0
3/3/2022 7:00,0.0,0.0
3/3/2022 8:00,0.25,0.02
3/3/2022 9:00,1.5,0.09
3/3/2022 10:00,3.25,0.2
3/3/2022 11:00,3.25,0.2
3/3/2022 12:00,5.0,0.31
3/3/2022 13:00,2.75,0.17
3/3/2022 14:00,4.25,0.26
3/3/2022 15:00,9.5,0.58
3/3/2022 16:00,8.0,0.49
3/3/2022 17:00,4.5,0.28
3/3/2022 18:00,1.0,0.06
3/3/2022 19:00,0.0,0.0
3/3/2022 20:00,0.0,0.0
3/3/2022 21:00,0.0,0.0
3/3/2022 22:00,0.0,0.0
3/3/2022 23:00,0.0,0.0
3/4/2022 0:00,0.0,0.0
3/4/2022 1:00,0.0,0.0
3/4/2022 2:00,0.0,0.0
3/4/2022 3:00,0.0,0.0
3/4/2022 4:00,0.0,0.0
3/4/2022 5:00,0.0,0.0
3/4/2022 6:00,0.0,0.0
3/4/2022 7:00,0.0,0.0
3/4/2022 8:00,0.5,0.03
3/4/2022 9:00,1.75,0.11
3/4/2022 10:00,4.75,0.29
3/4/2022 11:00,8.25,0.51
3/4/2022 12:00,11.5,0.7
3/4/2022 13:00,12.25,0.75
3/4/2022 14:00,11.75,0.72
3/4/2022 15:00,10.25,0.63
3/4/2022 16:00,7.75,0.47
3/4/2022 17:00,4.5,0.28
3/4/2022 18:00,1.0,0.06
3/4/2022 19:00,0.0,0.0
3/4/2022 20:00,0.0,0.0
3/4/2022 21:00,0.0,0.0
3/4/2022 22:00,0.0,0.0
3/4/2022 23:00,0.0,0.0
3/5/2022 0:00,0.0,0.0
3/5/2022 1:00,0.0,0.0
3/5/2022 2:00,0.0,0.0
3/5/2022 3:00,0.0,0.0
3/5/2022 4:00,0.0,0.0
3/5/2022 5:00,0.0,0.0
3/5/2022 6:00,0.0,0.0
3/5/2022 7:00,0.0,0.0
3/5/2022 8:00,0.25,0.02
3/5/2022 9:00,1.75,0.11
3/5/2022 10:00,4.25,0.26
3/5/2022 11:00,7.5,0.46
3/5/2022 12:00,11.0,0.67
3/5/2022 13:00,12.0,0.74
3/5/2022 14:00,11.5,0.7
3/5/2022 15:00,8.0,0.49
3/5/2022 16:00,6.25,0.38
3/5/2022 17:00,1.0,0.06
3/5/2022 18:00,0.25,0.02
3/5/2022 19:00,0.0,0.0
3/5/2022 20:00,0.0,0.0
3/5/2022 21:00,0.0,0.0
3/5/2022 22:00,0.0,0.0
3/5/2022 23:00,0.0,0.0
3/6/2022 0:00,0.0,0.0
3/6/2022 1:00,0.0,0.0
3/6/2022 2:00,0.0,0.0
3/6/2022 3:00,0.0,0.0
3/6/2022 4:00,0.0,0.0
3/6/2022 5:00,0.0,0.0
3/6/2022 6:00,0.0,0.0
3/6/2022 7:00,0.0,0.0
3/6/2022 8:00,0.5,0.03
3/6/2022 9:00,1.75,0.11
3/6/2022 10:00,5.0,0.31
3/6/2022 11:00,7.75,0.47
3/6/2022 12:00,10.75,0.66
3/6/2022 13:00,11.75,0.72
3/6/2022 14:00,12.0,0.74
3/6/2022 15:00,10.5,0.64
3/6/2022 16:00,6.25,0.38
3/6/2022 17:00,3.5,0.21
3/6/2022 18:00,1.25,0.08
3/6/2022 19:00,0.25,0.02
3/6/2022 20:00,0.0,0.0
3/6/2022 21:00,0.0,0.0
3/6/2022 22:00,0.0,0.0
3/6/2022 23:00,0.0,0.0
3/7/2022 0:00,0.0,0.0
3/7/2022 1:00,0.0,0.0
3/7/2022 2:00,0.0,0.0
3/7/2022 3:00,0.0,0.0
3/7/2022 4:00,0.0,0.0
3/7/2022 5:00,0.0,0.0
3/7/2022 6:00,0.0,0.0
3/7/2022 7:00,0.0,0.0
3/7/2022 8:00,0.25,0.02
3/7/2022 9:00,2.0,0.12
3/7/2022 10:00,5.0,0.31
3/7/2022 11:00,8.0,0.49
3/7/2022 12:00,11.0,0.67
3/7/2022 13:00,9.0,0.55
3/7/2022 14:00,8.0,0.49
3/7/2022 15:00,10.5,0.64
3/7/2022 16:00,8.0,0.49
3/7/2022 17:00,4.5,0.28
3/7/2022 18:00,1.0,0.06
3/7/2022 19:00,0.25,0.02
3/7/2022 20:00,0.0,0.0
3/7/2022 21:00,0.0,0.0
3/7/2022 22:00,0.0,0.0
3/7/2022 23:00,0.0,0.0
3/8/2022 0:00,0.0,0.0
3/8/2022 1:00,0.0,0.0
3/8/2022 2:00,0.0,0.0
3/8/2022 3:00,0.0,0.0
3/8/2022 4:00,0.0,0.0
3/8/2022 5:00,0.0,0.0
3/8/2022 6:00,0.0,0.0
3/8/2022 7:00,0.0,0.0
3/8/2022 8:00,0.5,0.03
3/8/2022 9:00,2.5,0.15
3/8/2022 10:00,4.0,0.25
3/8/2022 11:00,7.75,0.47
3/8/2022 12:00,10.75,0.66
3/8/2022 13:00,11.75,0.72
3/8/2022 14:00,11.25,0.69
3/8/2022 15:00,10.0,0.61
3/8/2022 16:00,7.75,0.47
3/8/2022 17:00,4.5,0.28
3/8/2022 18:00,1.0,0.06
3/8/2022 19:00,0.25,0.02
3/8/2022 20:00,0.0,0.0
3/8/2022 21:00,0.0,0.0
3/8/2022 22:00,0.0,0.0
3/8/2022 23:00,0.0,0.0
3/9/2022 0:00,0.0,0.0
3/9/2022 1:00,0.0,0.0
3/9/2022 2:00,0.0,0.0
3/9/2022 3:00,0.0,0.0
3/9/2022 4:00,0.0,0.0
3/9/2022 5:00,0.0,0.0
3/9/2022 6:00,0.0,0.0
3/9/2022 7:00,0.0,0.0
3/9/2022 8:00,0.5,0.03
3/9/2022 9:00,2.0,0.12
3/9/2022 10:00,5.0,0.31
3/9/2022 11:00,8.0,0.49
3/9/2022 12:00,10.5,0.64
3/9/2022 13:00,10.5,0.64
3/9/2022 14:00,10.0,0.61
3/9/2022 15:00,6.75,0.41
3/9/2022 16:00,4.25,0.26
3/9/2022 17:00,3.5,0.21
3/9/2022 18:00,1.0,0.06
3/9/2022 19:00,0.0,0.0
3/9/2022 20:00,0.0,0.0
3/9/2022 21:00,0.0,0.0
3/9/2022 22:00,0.0,0.0
3/9/2022 23:00,0.0,0.0
3/10/2022 0:00,0.0,0.0
3/10/2022 1:00,0.0,0.0
3/10/2022 2:00,0.0,0.0
3/10/2022 3:00,0.0,0.0
3/10/2022 4:00,0.0,0.0
3/10/2022 5:00,0.0,0.0
3/10/2022 6:00,0.0,0.0
3/10/2022 7:00,0.0,0.0
3/10/2022 8:00,0.5,0.03
3/10/2022 9:00,2.25,0.14
3/10/2022 10:00,5.25,0.32
3/10/2022 11:00,8.5,0.52
3/10/2022 12:00,11.0,0.67
3/10/2022 13:00,11.75,0.72
3/10/2022 14:00,11.5,0.7
3/10/2022 15:00,10.0,0.61
3/10/2022 16:00,8.0,0.49
3/10/2022 17:00,4.5,0.28
3/10/2022 18:00,1.25,0.08
3/10/2022 19:00,0.25,0.02
3/10/2022 20:00,0.0,0.0
3/10/2022 21:00,0.0,0.0
3/10/2022 22:00,0.0,0.0
3/10/2022 23:00,0.0,0.0
3/11/2022 0:00,0.0,0.0
3/11/2022 1:00,0.0,0.0
3/11/2022 2:00,0.0,0.0
3/11/2022 3:00,0.0,0.0
3/11/2022 4:00,0.0,0.0
3/11/2022 5:00,0.0,0.0
3/11/2022 6:00,0.0,0.0
3/11/2022 7:00,0.0,0.0
3/11/2022 8:00,0.25,0.02
3/11/2022 9:00,1.25,0.08
3/11/2022 10:00,1.75,0.11
3/11/2022 11:00,2.0,0.12
3/11/2022 12:00,2.0,0.12
3/11/2022 13:00,2.25,0.14
3/11/2022 14:00,2.75,0.17
3/11/2022 15:00,2.25,0.14
3/11/2022 16:00,2.5,0.15
3/11/2022 17:00,3.25,0.2
3/11/2022 18:00,1.25,0.08
3/11/2022 19:00,0.25,0.02
3/11/2022 20:00,0.0,0.0
3/11/2022 21:00,0.0,0.0
3/11/2022 22:00,0.0,0.0
3/11/2022 23:00,0.0,0.0
3/12/2022 0:00,0.0,0.0
3/12/2022 1:00,0.0,0.0
3/12/2022 2:00,0.0,0.0
3/12/2022 3:00,0.0,0.0
3/12/2022 4:00,0.0,0.0
3/12/2022 5:00,0.0,0.0
3/12/2022 6:00,0.0,0.0
3/12/2022 7:00,0.0,0.0
3/12/2022 8:00,1.0,0.06
3/12/2022 9:00,2.75,0.17
3/12/2022 10:00,4.5,0.28
3/12/2022 11:00,6.25,0.38
3/12/2022 12:00,6.5,0.4
3/12/2022 13:00,5.75,0.35
3/12/2022 14:00,8.5,0.52
3/12/2022 15:00,4.25,0.26
3/12/2022 16:00,3.0,0.18
3/12/2022 17:00,1.5,0.09
3/12/2022 18:00,0.5,0.03
3/12/2022 19:00,0.0,0.0
3/12/2022 20:00,0.0,0.0
3/12/2022 21:00,0.0,0.0
3/12/2022 22:00,0.0,0.0
3/12/2022 23:00,0.0,0.0
3/13/2022 0:00,0.0,0.0
3/13/2022 1:00,0.0,0.0
3/13/2022 2:00,0.0,0.0
3/13/2022 3:00,0.0,0.0
3/13/2022 4:00,0.0,0.0
3/13/2022 5:00,0.0,0.0
3/13/2022 6:00,0.0,0.0
3/13/2022 7:00,0.0,0.0
3/13/2022 8:00,0.75,0.05
3/13/2022 9:00,2.25,0.14
3/13/2022 10:00,5.75,0.35
3/13/2022 11:00,8.0,0.49
3/13/2022 12:00,6.5,0.4
3/13/2022 13:00,10.5,0.64
3/13/2022 14:00,10.5,0.64
3/13/2022 15:00,7.0,0.43
3/13/2022 16:00,5.0,0.31
3/13/2022 17:00,3.25,0.2
3/13/2022 18:00,1.25,0.08
3/13/2022 19:00,0.0,0.0
3/13/2022 20:00,0.0,0.0
3/13/2022 21:00,0.0,0.0
3/13/2022 22:00,0.0,0.0
3/13/2022 23:00,0.0,0.0
3/14/2022 0:00,0.0,0.0
3/14/2022 1:00,0.0,0.0
3/14/2022 2:00,0.0,0.0
3/14/2022 3:00,0.0,0.0
3/14/2022 4:00,0.0,0.0
3/14/2022 5:00,0.0,0.0
3/14/2022 6:00,0.0,0.0
3/14/2022 7:00,0.0,0.0
3/14/2022 8:00,0.5,0.03
3/14/2022 9:00,1.5,0.09
3/14/2022 10:00,2.75,0.17
3/14/2022 11:00,5.25,0.32
3/14/2022 12:00,4.75,0.29
3/14/2022 13:00,7.25,0.44
3/14/2022 14:00,3.0,0.18
3/14/2022 15:00,4.75,0.29
3/14/2022 16:00,6.5,0.4
3/14/2022 17:00,4.25,0.26
3/14/2022 18:00,1.25,0.08
3/14/2022 19:00,0.0,0.0
3/14/2022 20:00,0.0,0.0
3/14/2022 21:00,0.0,0.0
3/14/2022 22:00,0.0,0.0
3/14/2022 23:00,0.0,0.0
3/15/2022 0:00,0.0,0.0
3/15/2022 1:00,0.0,0.0
3/15/2022 2:00,0.0,0.0
3/15/2022 3:00,0.0,0.0
3/15/2022 4:00,0.0,0.0
3/15/2022 5:00,0.0,0.0
3/15/2022 6:00,0.0,0.0
3/15/2022 7:00,0.0,0.0
3/15/2022 8:00,0.25,0.02
3/15/2022 9:00,0.25,0.02
3/15/2022 10:00,0.75,0.05
3/15/2022 11:00,1.0,0.06
3/15/2022 12:00,1.75,0.11
3/15/2022 13:00,1.75,0.11
3/15/2022 14:00,2.0,0.12
3/15/2022 15:00,1.25,0.08
3/15/2022 16:00,2.25,0.14
3/15/2022 17:00,0.5,0.03
3/15/2022 18:00,0.5,0.03
3/15/2022 19:00,0.0,0.0
3/15/2022 20:00,0.0,0.0
3/15/2022 21:00,0.0,0.0
3/15/2022 22:00,0.0,0.0
3/15/2022 23:00,0.0,0.0
3/16/2022 0:00,0.0,0.0
3/16/2022 1:00,0.0,0.0
3/16/2022 2:00,0.0,0.0
3/16/2022 3:00,0.0,0.0
3/16/2022 4:00,0.0,0.0
3/16/2022 5:00,0.0,0.0
3/16/2022 6:00,0.0,0.0
3/16/2022 7:00,0.0,0.0
3/16/2022 8:00,0.25,0.02
3/16/2022 9:00,0.5,0.03
3/16/2022 10:00,1.25,0.08
3/16/2022 11:00,1.75,0.11
3/16/2022 12:00,1.5,0.09
3/16/2022 13:00,2.0,0.12
3/16/2022 14:00,1.75,0.11
3/16/2022 15:00,1.25,0.08
3/16/2022 16:00,1.25,0.08
3/16/2022 17:00,0.75,0.05
3/16/2022 18:00,0.25,0.02
3/16/2022 19:00,0.0,0.0
3/16/2022 20:00,0.0,0.0
3/16/2022 21:00,0.0,0.0
3/16/2022 22:00,0.0,0.0
3/16/2022 23:00,0.0,0.0
3/17/2022 0:00,0.0,0.0
3/17/2022 1:00,0.0,0.0
3/17/2022 2:00,0.0,0.0
3/17/2022 3:00,0.0,0.0
3/17/2022 4:00,0.0,0.0
3/17/2022 5:00,0.0,0.0
3/17/2022 6:00,0.0,0.0
3/17/2022 7:00,0.0,0.0
3/17/2022 8:00,0.5,0.03
3/17/2022 9:00,1.5,0.09
3/17/2022 10:00,2.5,0.15
3/17/2022 11:00,4.0,0.25
3/17/2022 12:00,5.5,0.34
3/17/2022 13:00,6.0,0.37
3/17/2022 14:00,5.5,0.34
3/17/2022 15:00,4.5,0.28
3/17/2022 16:00,3.0,0.18
3/17/2022 17:00,1.5,0.09
3/17/2022 18:00,0.75,0.05
3/17/2022 19:00,0.25,0.02
3/17/2022 20:00,0.0,0.0
3/17/2022 21:00,0.0,0.0
3/17/2022 22:00,0.0,0.0
3/17/2022 23:00,0.0,0.0
3/18/2022 0:00,0.0,0.0
3/18/2022 1:00,0.0,0.0
3/18/2022 2:00,0.0,0.0
3/18/2022 3:00,0.0,0.0
3/18/2022 4:00,0.0,0.0
3/18/2022 5:00,0.0,0.0
3/18/2022 6:00,0.0,0.0
3/18/2022 7:00,0.0,0.0
3/18/2022 8:00,0.75,0.05
3/18/2022 9:00,2.0,0.12
3/18/2022 10:00,3.5,0.21
3/18/2022 11:00,6.75,0.41
3/18/2022 12:00,7.5,0.46
3/18/2022 13:00,8.25,0.51
3/18/2022 14:00,6.5,0.4
3/18/2022 15:00,5.0,0.31
3/18/2022 16:00,3.75,0.23
3/18/2022 17:00,2.25,0.14
3/18/2022 18:00,1.25,0.08
3/18/2022 19:00,0.25,0.02
3/18/2022 20:00,0.0,0.0
3/18/2022 21:00,0.0,0.0
3/18/2022 22:00,0.0,0.0
3/18/2022 23:00,0.0,0.0
3/19/2022 0:00,0.0,0.0
3/19/2022 1:00,0.0,0.0
3/19/2022 2:00,0.0,0.0
3/19/2022 3:00,0.0,0.0
3/19/2022 4:00,0.0,0.0
3/19/2022 5:00,0.0,0.0
3/19/2022 6:00,0.0,0.0
3/19/2022 7:00,0.0,0.0
3/19/2022 8:00,0.75,0.05
3/19/2022 9:00,2.75,0.17
3/19/2022 10:00,5.75,0.35
3/19/2022 11:00,8.25,0.51
3/19/2022 12:00,10.5,0.64
3/19/2022 13:00,10.75,0.66
3/19/2022 14:00,10.75,0.66
3/19/2022 15:00,9.0,0.55
3/19/2022 16:00,7.0,0.43
3/19/2022 17:00,3.25,0.2
3/19/2022 18:00,1.5,0.09
3/19/2022 19:00,0.0,0.0
3/19/2022 20:00,0.0,0.0
3/19/2022 21:00,0.0,0.0
3/19/2022 22:00,0.0,0.0
3/19/2022 23:00,0.0,0.0
3/20/2022 0:00,0.0,0.0
3/20/2022 1:00,0.0,0.0
3/20/2022 2:00,0.0,0.0
3/20/2022 3:00,0.0,0.0
3/20/2022 4:00,0.0,0.0
3/20/2022 5:00,0.0,0.0
3/20/2022 6:00,0.0,0.0
3/20/2022 7:00,0.0,0.0
3/20/2022 8:00,0.25,0.02
3/20/2022 9:00,1.0,0.06
3/20/2022 10:00,2.5,0.15
3/20/2022 11:00,2.25,0.14
3/20/2022 12:00,1.75,0.11
3/20/2022 13:00,5.0,0.31
3/20/2022 14:00,7.0,0.43
3/20/2022 15:00,1.0,0.06
3/20/2022 16:00,1.75,0.11
3/20/2022 17:00,4.0,0.25
3/20/2022 18:00,1.0,0.06
3/20/2022 19:00,0.0,0.0
3/20/2022 20:00,0.0,0.0
3/20/2022 21:00,0.0,0.0
3/20/2022 22:00,0.0,0.0
3/20/2022 23:00,0.0,0.0
3/21/2022 0:00,0.0,0.0
3/21/2022 1:00,0.0,0.0
3/21/2022 2:00,0.0,0.0
3/21/2022 3:00,0.0,0.0
3/21/2022 4:00,0.0,0.0
3/21/2022 5:00,0.0,0.0
3/21/2022 6:00,0.0,0.0
3/21/2022 7:00,0.0,0.0
3/21/2022 8:00,0.5,0.03
3/21/2022 9:00,2.5,0.15
3/21/2022 10:00,7.0,0.43
3/21/2022 11:00,9.75,0.6
3/21/2022 12:00,10.75,0.66
3/21/2022 13:00,4.5,0.28
3/21/2022 14:00,8.0,0.49
3/21/2022 15:00,5.5,0.34
3/21/2022 16:00,5.75,0.35
3/21/2022 17:00,4.0,0.25
3/21/2022 18:00,1.5,0.09
3/21/2022 19:00,0.25,0.02
3/21/2022 20:00,0.0,0.0
3/21/2022 21:00,0.0,0.0
3/21/2022 22:00,0.0,0.0
3/21/2022 23:00,0.0,0.0
3/22/2022 0:00,0.0,0.0
3/22/2022 1:00,0.0,0.0
3/22/2022 2:00,0.0,0.0
3/22/2022 3:00,0.0,0.0
3/22/2022 4:00,0.0,0.0
3/22/2022 5:00,0.0,0.0
3/22/2022 6:00,0.0,0.0
3/22/2022 7:00,0.0,0.0
3/22/2022 8:00,1.0,0.06
3/22/2022 9:00,2.25,0.14
3/22/2022 10:00,5.0,0.31
3/22/2022 11:00,7.25,0.44
3/22/2022 12:00,7.75,0.47
3/22/2022 13:00,11.25,0.69
3/22/2022 14:00,11.5,0.7
3/22/2022 15:00,10.0,0.61
3/22/2022 16:00,7.75,0.47
3/22/2022 17:00,4.0,0.25
3/22/2022 18:00,1.75,0.11
3/22/2022 19:00,0.0,0.0
3/22/2022 20:00,0.0,0.0
3/22/2022 21:00,0.0,0.0
3/22/2022 22:00,0.0,0.0
3/22/2022 23:00,0.0,0.0
3/23/2022 0:00,0.0,0.0
3/23/2022 1:00,0.0,0.0
3/23/2022 2:00,0.0,0.0
3/23/2022 3:00,0.0,0.0
3/23/2022 4:00,0.0,0.0
3/23/2022 5:00,0.0,0.0
3/23/2022 6:00,0.0,0.0
3/23/2022 7:00,0.0,0.0
3/23/2022 8:00,0.25,0.02
3/23/2022 9:00,0.75,0.05
3/23/2022 10:00,0.25,0.02
3/23/2022 11:00,0.75,0.05
3/23/2022 12:00,3.75,0.23
3/23/2022 13:00,6.25,0.38
3/23/2022 14:00,3.25,0.2
3/23/2022 15:00,0.75,0.05
3/23/2022 16:00,0.75,0.05
3/23/2022 17:00,0.5,0.03
3/23/2022 18:00,0.0,0.0
3/23/2022 19:00,0.25,0.02
3/23/2022 20:00,0.0,0.0
3/23/2022 21:00,0.0,0.0
3/23/2022 22:00,0.0,0.0
3/23/2022 23:00,0.0,0.0
3/24/2022 0:00,0.0,0.0
3/24/2022 1:00,0.0,0.0
3/24/2022 2:00,0.0,0.0
3/24/2022 3:00,0.0,0.0
3/24/2022 4:00,0.0,0.0
3/24/2022 5:00,0.0,0.0
3/24/2022 6:00,0.0,0.0
3/24/2022 7:00,0.0,0.0
3/24/2022 8:00,1.25,0.08
3/24/2022 9:00,1.75,0.11
3/24/2022 10:00,3.75,0.23
3/24/2022 11:00,2.5,0.15
3/24/2022 12:00,3.75,0.23
3/24/2022 13:00,3.25,0.2
3/24/2022 14:00,2.0,0.12
3/24/2022 15:00,2.25,0.14
3/24/2022 16:00,2.5,0.15
3/24/2022 17:00,1.75,0.11
3/24/2022 18:00,0.5,0.03
3/24/2022 19:00,0.25,0.02
3/24/2022 20:00,0.0,0.0
3/24/2022 21:00,0.0,0.0
3/24/2022 22:00,0.0,0.0
3/24/2022 23:00,0.0,0.0
3/25/2022 0:00,0.0,0.0
3/25/2022 1:00,0.0,0.0
3/25/2022 2:00,0.0,0.0
3/25/2022 3:00,0.0,0.0
3/25/2022 4:00,0.0,0.0
3/25/2022 5:00,0.0,0.0
3/25/2022 6:00,0.0,0.0
3/25/2022 7:00,0.0,0.0
3/25/2022 8:00,1.5,0.09
3/25/2022 9:00,1.0,0.06
3/25/2022 10:00,5.25,0.32
3/25/2022 11:00,7.0,0.43
3/25/2022 12:00,5.0,0.31
3/25/2022 13:00,9.25,0.57
3/25/2022 14:00,11.0,0.67
3/25/2022 15:00,9.75,0.6
3/25/2022 16:00,8.0,0.49
3/25/2022 17:00,4.75,0.29
3/25/2022 18:00,1.5,0.09
3/25/2022 19:00,0.25,0.02
3/25/2022 20:00,0.0,0.0
3/25/2022 21:00,0.0,0.0
3/25/2022 22:00,0.0,0.0
3/25/2022 23:00,0.0,0.0
3/26/2022 0:00,0.0,0.0
3/26/2022 1:00,0.0,0.0
3/26/2022 2:00,0.0,0.0
3/26/2022 3:00,0.0,0.0
3/26/2022 4:00,0.0,0.0
3/26/2022 5:00,0.0,0.0
3/26/2022 6:00,0.0,0.0
3/26/2022 7:00,0.25,0.02
3/26/2022 8:00,1.25,0.08
3/26/2022 9:00,3.25,0.2
3/26/2022 10:00,6.5,0.4
3/26/2022 11:00,8.75,0.54
3/26/2022 12:00,10.25,0.63
3/26/2022 13:00,10.25,0.63
3/26/2022 14:00,10.5,0.64
3/26/2022 15:00,9.25,0.57
3/26/2022 16:00,7.0,0.43
3/26/2022 17:00,4.25,0.26
3/26/2022 18:00,1.5,0.09
3/26/2022 19:00,0.25,0.02
3/26/2022 20:00,0.0,0.0
3/26/2022 21:00,0.0,0.0
3/26/2022 22:00,0.0,0.0
3/26/2022 23:00,0.0,0.0
3/27/2022 0:00,0.0,0.0
3/27/2022 2:00,0.0,0.0
3/27/2022 3:00,0.0,0.0
3/27/2022 4:00,0.0,0.0
3/27/2022 5:00,0.0,0.0
3/27/2022 6:00,0.0,0.0
3/27/2022 7:00,0.0,0.0
3/27/2022 8:00,0.0,0.0
3/27/2022 9:00,0.25,0.02
3/27/2022 10:00,0.75,0.05
3/27/2022 11:00,4.0,0.25
3/27/2022 12:00,7.0,0.43
3/27/2022 13:00,8.0,0.49
3/27/2022 14:00,8.25,0.51
3/27/2022 15:00,10.0,0.61
3/27/2022 16:00,9.75,0.6
3/27/2022 17:00,8.25,0.51
3/27/2022 18:00,4.75,0.29
3/27/2022 19:00,3.5,0.21
3/27/2022 20:00,1.5,0.09
3/27/2022 21:00,0.0,0.0
3/27/2022 22:00,0.0,0.0
3/27/2022 23:00,0.0,0.0
3/28/2022 0:00,0.0,0.0
3/28/2022 1:00,0.0,0.0
3/28/2022 2:00,0.0,0.0
3/28/2022 3:00,0.0,0.0
3/28/2022 4:00,0.0,0.0
3/28/2022 5:00,0.0,0.0
3/28/2022 6:00,0.0,0.0
3/28/2022 7:00,0.0,0.0
3/28/2022 8:00,0.25,0.02
3/28/2022 9:00,0.75,0.05
3/28/2022 10:00,1.75,0.11
3/28/2022 11:00,2.5,0.15
3/28/2022 12:00,2.5,0.15
3/28/2022 13:00,5.0,0.31
3/28/2022 14:00,2.75,0.17
3/28/2022 15:00,2.75,0.17
3/28/2022 16:00,1.25,0.08
3/28/2022 17:00,2.0,0.12
3/28/2022 18:00,0.75,0.05
3/28/2022 19:00,1.25,0.08
3/28/2022 20:00,0.25,0.02
3/28/2022 21:00,0.0,0.0
3/28/2022 22:00,0.0,0.0
3/28/2022 23:00,0.0,0.0
3/29/2022 0:00,0.0,0.0
3/29/2022 1:00,0.0,0.0
3/29/2022 2:00,0.0,0.0
3/29/2022 3:00,0.0,0.0
3/29/2022 4:00,0.0,0.0
3/29/2022 5:00,0.0,0.0
3/29/2022 6:00,0.0,0.0
3/29/2022 7:00,0.0,0.0
3/29/2022 8:00,0.0,0.0
3/29/2022 9:00,1.5,0.09
3/29/2022 10:00,2.0,0.12
3/29/2022 11:00,3.25,0.2
3/29/2022 12:00,8.5,0.52
3/29/2022 13:00,8.25,0.51
3/29/2022 14:00,6.5,0.4
3/29/2022 15:00,2.5,0.15
3/29/2022 16:00,4.75,0.29
3/29/2022 17:00,2.5,0.15
3/29/2022 18:00,0.75,0.05
3/29/2022 19:00,1.0,0.06
3/29/2022 20:00,0.5,0.03
3/29/2022 21:00,0.0,0.0
3/29/2022 22:00,0.0,0.0
3/29/2022 23:00,0.0,0.0
3/30/2022 0:00,0.0,0.0
3/30/2022 1:00,0.0,0.0
3/30/2022 2:00,0.0,0.0
3/30/2022 3:00,0.0,0.0
3/30/2022 4:00,0.0,0.0
3/30/2022 5:00,0.0,0.0
3/30/2022 6:00,0.0,0.0
3/30/2022 7:00,0.0,0.0
3/30/2022 8:00,0.25,0.02
3/30/2022 9:00,1.25,0.08
3/30/2022 10:00,4.0,0.25
3/30/2022 11:00,7.5,0.46
3/30/2022 12:00,10.75,0.66
3/30/2022 13:00,11.75,0.72
3/30/2022 14:00,12.5,0.77
3/30/2022 15:00,11.75,0.72
3/30/2022 16:00,10.0,0.61
3/30/2022 17:00,8.0,0.49
3/30/2022 18:00,5.0,0.31
3/30/2022 19:00,1.75,0.11
3/30/2022 20:00,0.25,0.02
3/30/2022 21:00,0.0,0.0
3/30/2022 22:00,0.0,0.0
3/30/2022 23:00,0.0,0.0
3/31/2022 0:00,0.0,0.0
3/31/2022 1:00,0.0,0.0
3/31/2022 2:00,0.0,0.0
3/31/2022 3:00,0.0,0.0
3/31/2022 4:00,0.0,0.0
3/31/2022 5:00,0.0,0.0
3/31/2022 6:00,0.0,0.0
3/31/2022 7:00,0.0,0.0
3/31/2022 8:00,0.25,0.02
3/31/2022 9:00,1.0,0.06
3/31/2022 10:00,4.75,0.29
3/31/2022 11:00,7.0,0.43
3/31/2022 12:00,5.5,0.34
3/31/2022 13:00,7.75,0.47
3/31/2022 14:00,8.75,0.54
3/31/2022 15:00,7.25,0.44
3/31/2022 16:00,9.5,0.58
3/31/2022 17:00,7.75,0.47
3/31/2022 18:00,4.75,0.29
3/31/2022 19:00,1.75,0.11
3/31/2022 20:00,0.25,0.02
3/31/2022 21:00,0.0,0.0
3/31/2022 22:00,0.0,0.0
3/31/2022 23:00,0.0,0.0
4/1/2022 0:00,0.0,0.0
4/1/2022 1:00,0.0,0.0
4/1/2022 2:00,0.0,0.0
4/1/2022 3:00,0.0,0.0
4/1/2022 4:00,0.0,0.0
4/1/2022 5:00,0.0,0.0
4/1/2022 6:00,0.0,0.0
4/1/2022 7:00,0.0,0.0
4/1/2022 8:00,0.25,0.02
4/1/2022 9:00,1.25,0.08
4/1/2022 10:00,4.75,0.29
4/1/2022 11:00,8.75,0.54
4/1/2022 12:00,10.25,0.63
4/1/2022 13:00,10.75,0.66
4/1/2022 14:00,8.75,0.54
4/1/2022 15:00,11.75,0.72
4/1/2022 16:00,10.25,0.63
4/1/2022 17:00,8.25,0.51
4/1/2022 18:00,5.0,0.31
4/1/2022 19:00,1.75,0.11
4/1/2022 20:00,0.25,0.02
4/1/2022 21:00,0.0,0.0
4/1/2022 22:00,0.0,0.0
4/1/2022 23:00,0.0,0.0
4/2/2022 0:00,0.0,0.0
4/2/2022 1:00,0.0,0.0
4/2/2022 2:00,0.0,0.0
4/2/2022 3:00,0.0,0.0
4/2/2022 4:00,0.0,0.0
4/2/2022 5:00,0.0,0.0
4/2/2022 6:00,0.0,0.0
4/2/2022 7:00,0.0,0.0
4/2/2022 8:00,0.25,0.02
4/2/2022 9:00,1.5,0.09
4/2/2022 10:00,5.0,0.31
4/2/2022 11:00,8.75,0.54
4/2/2022 12:00,11.25,0.69
4/2/2022 13:00,11.75,0.72
4/2/2022 14:00,10.75,0.66
4/2/2022 15:00,10.75,0.66
4/2/2022 16:00,10.5,0.64
4/2/2022 17:00,8.75,0.54
4/2/2022 18:00,5.0,0.31
4/2/2022 19:00,1.5,0.09
4/2/2022 20:00,0.25,0.02
4/2/2022 21:00,0.0,0.0
4/2/2022 22:00,0.0,0.0
4/2/2022 23:00,0.0,0.0
4/3/2022 0:00,0.0,0.0
4/3/2022 1:00,0.0,0.0
4/3/2022 2:00,0.0,0.0
4/3/2022 3:00,0.0,0.0
4/3/2022 4:00,0.0,0.0
4/3/2022 5:00,0.0,0.0
4/3/2022 6:00,0.0,0.0
4/3/2022 7:00,0.0,0.0
4/3/2022 8:00,0.25,0.02
4/3/2022 9:00,1.5,0.09
4/3/2022 10:00,4.25,0.26
4/3/2022 11:00,7.5,0.46
4/3/2022 12:00,8.0,0.49
4/3/2022 13:00,9.75,0.6
4/3/2022 14:00,11.25,0.69
4/3/2022 15:00,11.0,0.67
4/3/2022 16:00,6.75,0.41
4/3/2022 17:00,6.5,0.4
4/3/2022 18:00,4.25,0.26
4/3/2022 19:00,1.75,0.11
4/3/2022 20:00,0.25,0.02
4/3/2022 21:00,0.0,0.0
4/3/2022 22:00,0.0,0.0
4/3/2022 23:00,0.0,0.0
4/4/2022 0:00,0.0,0.0
4/4/2022 1:00,0.0,0.0
4/4/2022 2:00,0.0,0.0
4/4/2022 3:00,0.0,0.0
4/4/2022 4:00,0.0,0.0
4/4/2022 5:00,0.0,0.0
4/4/2022 6:00,0.0,0.0
4/4/2022 7:00,0.0,0.0
4/4/2022 8:00,0.25,0.02
4/4/2022 9:00,1.5,0.09
4/4/2022 10:00,2.75,0.17
4/4/2022 11:00,3.5,0.21
4/4/2022 12:00,3.5,0.21
4/4/2022 13:00,2.25,0.14
4/4/2022 14:00,3.0,0.18
4/4/2022 15:00,2.5,0.15
4/4/2022 16:00,1.75,0.11
4/4/2022 17:00,1.5,0.09
4/4/2022 18:00,1.0,0.06
4/4/2022 19:00,0.5,0.03
4/4/2022 20:00,0.0,0.0
4/4/2022 21:00,0.0,0.0
4/4/2022 22:00,0.0,0.0
4/4/2022 23:00,0.0,0.0
4/5/2022 0:00,0.0,0.0
4/5/2022 1:00,0.0,0.0
4/5/2022 2:00,0.0,0.0
4/5/2022 3:00,0.0,0.0
4/5/2022 4:00,0.0,0.0
4/5/2022 5:00,0.0,0.0
4/5/2022 6:00,0.0,0.0
4/5/2022 7:00,0.0,0.0
4/5/2022 8:00,0.0,0.0
4/5/2022 9:00,1.0,0.06
4/5/2022 10:00,2.75,0.17
4/5/2022 11:00,6.0,0.37
4/5/2022 12:00,9.25,0.57
4/5/2022 13:00,5.25,0.32
4/5/2022 14:00,7.25,0.44
4/5/2022 15:00,10.25,0.63
4/5/2022 16:00,10.25,0.63
4/5/2022 17:00,7.75,0.47
4/5/2022 18:00,5.25,0.32
4/5/2022 19:00,2.25,0.14
4/5/2022 20:00,0.0,0.0
4/5/2022 21:00,0.0,0.0
4/5/2022 22:00,0.0,0.0
4/5/2022 23:00,0.0,0.0
4/6/2022 0:00,0.0,0.0
4/6/2022 1:00,0.0,0.0
4/6/2022 2:00,0.0,0.0
4/6/2022 3:00,0.0,0.0
4/6/2022 4:00,0.0,0.0
4/6/2022 5:00,0.0,0.0
4/6/2022 6:00,0.0,0.0
4/6/2022 7:00,0.0,0.0
4/6/2022 8:00,0.25,0.02
4/6/2022 9:00,1.75,0.11
4/6/2022 10:00,4.0,0.25
4/6/2022 11:00,8.75,0.54
4/6/2022 12:00,11.0,0.67
4/6/2022 13:00,12.0,0.74
4/6/2022 14:00,12.75,0.78
4/6/2022 15:00,12.25,0.75
4/6/2022 16:00,11.25,0.69
4/6/2022 17:00,8.5,0.52
4/6/2022 18:00,5.0,0.31
4/6/2022 19:00,2.0,0.12
4/6/2022 20:00,0.25,0.02
4/6/2022 21:00,0.0,0.0
4/6/2022 22:00,0.0,0.0
4/6/2022 23:00,0.0,0.0
4/7/2022 0:00,0.0,0.0
4/7/2022 1:00,0.0,0.0
4/7/2022 2:00,0.0,0.0
4/7/2022 3:00,0.0,0.0
4/7/2022 4:00,0.0,0.0
4/7/2022 5:00,0.0,0.0
4/7/2022 6:00,0.0,0.0
4/7/2022 7:00,0.0,0.0
4/7/2022 8:00,0.25,0.02
4/7/2022 9:00,1.75,0.11
4/7/2022 10:00,5.25,0.32
4/7/2022 11:00,8.75,0.54
4/7/2022 12:00,11.0,0.67
4/7/2022 13:00,12.5,0.77
4/7/2022 14:00,12.5,0.77
4/7/2022 15:00,12.5,0.77
4/7/2022 16:00,11.0,0.67
4/7/2022 17:00,8.5,0.52
4/7/2022 18:00,5.25,0.32
4/7/2022 19:00,2.0,0.12
4/7/2022 20:00,0.25,0.02
4/7/2022 21:00,0.0,0.0
4/7/2022 22:00,0.0,0.0
4/7/2022 23:00,0.0,0.0
4/8/2022 0:00,0.0,0.0
4/8/2022 1:00,0.0,0.0
4/8/2022 2:00,0.0,0.0
4/8/2022 3:00,0.0,0.0
4/8/2022 4:00,0.0,0.0
4/8/2022 5:00,0.0,0.0
4/8/2022 6:00,0.0,0.0
4/8/2022 7:00,0.0,0.0
4/8/2022 8:00,0.25,0.02
4/8/2022 9:00,1.5,0.09
4/8/2022 10:00,5.5,0.34
4/8/2022 11:00,8.0,0.49
4/8/2022 12:00,11.0,0.67
4/8/2022 13:00,12.25,0.75
4/8/2022 14:00,12.0,0.74
4/8/2022 15:00,11.25,0.69
4/8/2022 16:00,9.25,0.57
4/8/2022 17:00,6.75,0.41
4/8/2022 18:00,3.75,0.23
4/8/2022 19:00,2.5,0.15
4/8/2022 20:00,0.25,0.02
4/8/2022 21:00,0.0,0.0
4/8/2022 22:00,0.0,0.0
4/8/2022 23:00,0.0,0.0
4/9/2022 0:00,0.0,0.0
4/9/2022 1:00,0.0,0.0
4/9/2022 2:00,0.0,0.0
4/9/2022 3:00,0.0,0.0
4/9/2022 4:00,0.0,0.0
4/9/2022 5:00,0.0,0.0
4/9/2022 6:00,0.0,0.0
4/9/2022 7:00,0.0,0.0
4/9/2022 8:00,0.25,0.02
4/9/2022 9:00,1.75,0.11
4/9/2022 10:00,5.25,0.32
4/9/2022 11:00,9.25,0.57
4/9/2022 12:00,11.0,0.67
4/9/2022 13:00,12.0,0.74
4/9/2022 14:00,12.5,0.77
4/9/2022 15:00,12.0,0.74
4/9/2022 16:00,10.5,0.64
4/9/2022 17:00,8.25,0.51
4/9/2022 18:00,5.25,0.32
4/9/2022 19:00,2.0,0.12
4/9/2022 20:00,0.5,0.03
4/9/2022 21:00,0.0,0.0
4/9/2022 22:00,0.0,0.0
4/9/2022 23:00,0.0,0.0
4/10/2022 0:00,0.0,0.0
4/10/2022 1:00,0.0,0.0
4/10/2022 2:00,0.0,0.0
4/10/2022 3:00,0.0,0.0
4/10/2022 4:00,0.0,0.0
4/10/2022 5:00,0.0,0.0
4/10/2022 6:00,0.0,0.0
4/10/2022 7:00,0.0,0.0
4/10/2022 8:00,0.25,0.02
4/10/2022 9:00,1.75,0.11
4/10/2022 10:00,3.5,0.21
4/10/2022 11:00,6.25,0.38
4/10/2022 12:00,9.0,0.55
4/10/2022 13:00,11.0,0.67
4/10/2022 14:00,12.5,0.77
4/10/2022 15:00,11.75,0.72
4/10/2022 16:00,10.5,0.64
4/10/2022 17:00,8.25,0.51
4/10/2022 18:00,4.75,0.29
4/10/2022 19:00,1.75,0.11
4/10/2022 20:00,0.5,0.03
4/10/2022 21:00,0.0,0.0
4/10/2022 22:00,0.0,0.0
4/10/2022 23:00,0.0,0.0
4/11/2022 0:00,0.0,0.0
4/11/2022 1:00,0.0,0.0
4/11/2022 2:00,0.0,0.0
4/11/2022 3:00,0.0,0.0
4/11/2022 4:00,0.0,0.0
4/11/2022 5:00,0.0,0.0
4/11/2022 6:00,0.0,0.0
4/11/2022 7:00,0.0,0.0
4/11/2022 8:00,1.0,0.06
4/11/2022 9:00,0.75,0.05
4/11/2022 10:00,2.0,0.12
4/11/2022 11:00,4.25,0.26
4/11/2022 12:00,7.5,0.46
4/11/2022 13:00,4.25,0.26
4/11/2022 14:00,8.5,0.52
4/11/2022 15:00,6.75,0.41
4/11/2022 16:00,3.25,0.2
4/11/2022 17:00,3.25,0.2
4/11/2022 18:00,2.25,0.14
4/11/2022 19:00,1.75,0.11
4/11/2022 20:00,0.5,0.03
4/11/2022 21:00,0.0,0.0
4/11/2022 22:00,0.0,0.0
4/11/2022 23:00,0.0,0.0
4/12/2022 0:00,0.0,0.0
4/12/2022 1:00,0.0,0.0
4/12/2022 2:00,0.0,0.0
4/12/2022 3:00,0.0,0.0
4/12/2022 4:00,0.0,0.0
4/12/2022 5:00,0.0,0.0
4/12/2022 6:00,0.0,0.0
4/12/2022 7:00,0.0,0.0
4/12/2022 8:00,0.75,0.05
4/12/2022 9:00,1.75,0.11
4/12/2022 10:00,5.75,0.35
4/12/2022 11:00,3.25,0.2
4/12/2022 12:00,9.0,0.55
4/12/2022 13:00,8.75,0.54
4/12/2022 14:00,7.75,0.47
4/12/2022 15:00,7.0,0.43
4/12/2022 16:00,6.25,0.38
4/12/2022 17:00,4.75,0.29
4/12/2022 18:00,2.0,0.12
4/12/2022 19:00,2.0,0.12
4/12/2022 20:00,0.5,0.03
4/12/2022 21:00,0.0,0.0
4/12/2022 22:00,0.0,0.0
4/12/2022 23:00,0.0,0.0
4/13/2022 0:00,0.0,0.0
4/13/2022 1:00,0.0,0.0
4/13/2022 2:00,0.0,0.0
4/13/2022 3:00,0.0,0.0
4/13/2022 4:00,0.0,0.0
4/13/2022 5:00,0.0,0.0
4/13/2022 6:00,0.0,0.0
4/13/2022 7:00,0.0,0.0
4/13/2022 8:00,0.25,0.02
4/13/2022 9:00,2.0,0.12
4/13/2022 10:00,4.25,0.26
4/13/2022 11:00,5.75,0.35
4/13/2022 12:00,6.75,0.41
4/13/2022 13:00,12.5,0.77
4/13/2022 14:00,10.0,0.61
4/13/2022 15:00,7.25,0.44
4/13/2022 16:00,6.75,0.41
4/13/2022 17:00,5.0,0.31
4/13/2022 18:00,4.75,0.29
4/13/2022 19:00,2.25,0.14
4/13/2022 20:00,0.5,0.03
4/13/2022 21:00,0.0,0.0
4/13/2022 22:00,0.0,0.0
4/13/2022 23:00,0.0,0.0
4/14/2022 0:00,0.0,0.0
4/14/2022 1:00,0.0,0.0
4/14/2022 2:00,0.0,0.0
4/14/2022 3:00,0.0,0.0
4/14/2022 4:00,0.0,0.0
4/14/2022 5:00,0.0,0.0
4/14/2022 6:00,0.0,0.0
4/14/2022 7:00,0.0,0.0
4/14/2022 8:00,0.5,0.03
4/14/2022 9:00,1.25,0.08
4/14/2022 10:00,5.75,0.35
4/14/2022 11:00,9.25,0.57
4/14/2022 12:00,11.25,0.69
4/14/2022 13:00,12.25,0.75
4/14/2022 14:00,12.5,0.77
4/14/2022 15:00,12.25,0.75
4/14/2022 16:00,10.75,0.66
4/14/2022 17:00,8.75,0.54
4/14/2022 18:00,5.25,0.32
4/14/2022 19:00,2.0,0.12
4/14/2022 20:00,0.5,0.03
4/14/2022 21:00,0.0,0.0
4/14/2022 22:00,0.0,0.0
4/14/2022 23:00,0.0,0.0
4/15/2022 0:00,0.0,0.0
4/15/2022 1:00,0.0,0.0
4/15/2022 2:00,0.0,0.0
4/15/2022 3:00,0.0,0.0
4/15/2022 4:00,0.0,0.0
4/15/2022 5:00,0.0,0.0
4/15/2022 6:00,0.0,0.0
4/15/2022 7:00,0.0,0.0
4/15/2022 8:00,0.25,0.02
4/15/2022 9:00,2.0,0.12
4/15/2022 10:00,5.5,0.34
4/15/2022 11:00,9.0,0.55
4/15/2022 12:00,10.75,0.66
4/15/2022 13:00,11.75,0.72
4/15/2022 14:00,12.0,0.74
4/15/2022 15:00,11.5,0.7
4/15/2022 16:00,10.75,0.66
4/15/2022 17:00,8.25,0.51
4/15/2022 18:00,5.0,0.31
4/15/2022 19:00,2.25,0.14
4/15/2022 20:00,0.5,0.03
4/15/2022 21:00,0.0,0.0
4/15/2022 22:00,0.0,0.0
4/15/2022 23:00,0.0,0.0
4/16/2022 0:00,0.0,0.0
4/16/2022 1:00,0.0,0.0
4/16/2022 2:00,0.0,0.0
4/16/2022 3:00,0.0,0.0
4/16/2022 4:00,0.0,0.0
4/16/2022 5:00,0.0,0.0
4/16/2022 6:00,0.0,0.0
4/16/2022 7:00,0.0,0.0
4/16/2022 8:00,0.25,0.02
4/16/2022 9:00,2.0,0.12
4/16/2022 10:00,5.5,0.34
4/16/2022 11:00,8.75,0.54
4/16/2022 12:00,10.5,0.64
4/16/2022 13:00,11.75,0.72
4/16/2022 14:00,12.0,0.74
4/16/2022 15:00,11.75,0.72
4/16/2022 16:00,10.5,0.64
4/16/2022 17:00,8.0,0.49
4/16/2022 18:00,5.0,0.31
4/16/2022 19:00,2.25,0.14
4/16/2022 20:00,0.25,0.02
4/16/2022 21:00,0.0,0.0
4/16/2022 22:00,0.0,0.0
4/16/2022 23:00,0.0,0.0
4/17/2022 0:00,0.0,0.0
4/17/2022 1:00,0.0,0.0
4/17/2022 2:00,0.0,0.0
4/17/2022 3:00,0.0,0.0
4/17/2022 4:00,0.0,0.0
4/17/2022 5:00,0.0,0.0
4/17/2022 6:00,0.0,0.0
4/17/2022 7:00,0.0,0.0
4/17/2022 8:00,0.5,0.03
4/17/2022 9:00,2.25,0.14
4/17/2022 10:00,5.5,0.34
4/17/2022 11:00,8.25,0.51
4/17/2022 12:00,9.25,0.57
4/17/2022 13:00,11.0,0.67
4/17/2022 14:00,9.5,0.58
4/17/2022 15:00,10.0,0.61
4/17/2022 16:00,8.75,0.54
4/17/2022 17:00,7.25,0.44
4/17/2022 18:00,4.0,0.25
4/17/2022 19:00,2.0,0.12
4/17/2022 20:00,0.5,0.03
4/17/2022 21:00,0.0,0.0
4/17/2022 22:00,0.0,0.0
4/17/2022 23:00,0.0,0.0
4/18/2022 0:00,0.0,0.0
4/18/2022 1:00,0.0,0.0
4/18/2022 2:00,0.0,0.0
4/18/2022 3:00,0.0,0.0
4/18/2022 4:00,0.0,0.0
4/18/2022 5:00,0.0,0.0
4/18/2022 6:00,0.0,0.0
4/18/2022 7:00,0.0,0.0
4/18/2022 8:00,0.25,0.02
4/18/2022 9:00,2.5,0.15
4/18/2022 10:00,5.25,0.32
4/18/2022 11:00,9.0,0.55
4/18/2022 12:00,10.75,0.66
4/18/2022 13:00,12.25,0.75
4/18/2022 14:00,12.5,0.77
4/18/2022 15:00,12.0,0.74
4/18/2022 16:00,10.75,0.66
4/18/2022 17:00,8.5,0.52
4/18/2022 18:00,5.0,0.31
4/18/2022 19:00,2.25,0.14
4/18/2022 20:00,0.25,0.02
4/18/2022 21:00,0.0,0.0
4/18/2022 22:00,0.0,0.0
4/18/2022 23:00,0.0,0.0
4/19/2022 0:00,0.0,0.0
4/19/2022 1:00,0.0,0.0
4/19/2022 2:00,0.0,0.0
4/19/2022 3:00,0.0,0.0
4/19/2022 4:00,0.0,0.0
4/19/2022 5:00,0.0,0.0
4/19/2022 6:00,0.0,0.0
4/19/2022 7:00,0.0,0.0
4/19/2022 8:00,0.5,0.03
4/19/2022 9:00,2.5,0.15
4/19/2022 10:00,6.25,0.38
4/19/2022 11:00,9.75,0.6
4/19/2022 12:00,12.0,0.74
4/19/2022 13:00,12.75,0.78
4/19/2022 14:00,12.75,0.78
4/19/2022 15:00,11.5,0.7
4/19/2022 16:00,10.5,0.64
4/19/2022 17:00,8.25,0.51
4/19/2022 18:00,4.75,0.29
4/19/2022 19:00,2.25,0.14
4/19/2022 20:00,0.5,0.03
4/19/2022 21:00,0.0,0.0
4/19/2022 22:00,0.0,0.0
4/19/2022 23:00,0.0,0.0
4/20/2022 0:00,0.0,0.0
4/20/2022 1:00,0.0,0.0
4/20/2022 2:00,0.0,0.0
4/20/2022 3:00,0.0,0.0
4/20/2022 4:00,0.0,0.0
4/20/2022 5:00,0.0,0.0
4/20/2022 6:00,0.0,0.0
4/20/2022 7:00,0.0,0.0
4/20/2022 8:00,0.5,0.03
4/20/2022 9:00,2.5,0.15
4/20/2022 10:00,6.5,0.4
4/20/2022 11:00,10.0,0.61
4/20/2022 12:00,12.0,0.74
4/20/2022 13:00,13.25,0.81
4/20/2022 14:00,13.0,0.8
4/20/2022 15:00,12.5,0.77
4/20/2022 16:00,10.75,0.66
4/20/2022 17:00,8.25,0.51
4/20/2022 18:00,4.5,0.28
4/20/2022 19:00,2.25,0.14
4/20/2022 20:00,0.5,0.03
4/20/2022 21:00,0.0,0.0
4/20/2022 22:00,0.0,0.0
4/20/2022 23:00,0.0,0.0
4/21/2022 0:00,0.0,0.0
4/21/2022 1:00,0.0,0.0
4/21/2022 2:00,0.0,0.0
4/21/2022 3:00,0.0,0.0
4/21/2022 4:00,0.0,0.0
4/21/2022 5:00,0.0,0.0
4/21/2022 6:00,0.0,0.0
4/21/2022 7:00,0.0,0.0
4/21/2022 8:00,0.5,0.03
4/21/2022 9:00,2.25,0.14
4/21/2022 10:00,6.5,0.4
4/21/2022 11:00,7.25,0.44
4/21/2022 12:00,7.5,0.46
4/21/2022 13:00,6.25,0.38
4/21/2022 14:00,4.25,0.26
4/21/2022 15:00,3.75,0.23
4/21/2022 16:00,5.75,0.35
4/21/2022 17:00,3.25,0.2
4/21/2022 18:00,2.0,0.12
4/21/2022 19:00,1.5,0.09
4/21/2022 20:00,0.5,0.03
4/21/2022 21:00,0.0,0.0
4/21/2022 22:00,0.0,0.0
4/21/2022 23:00,0.0,0.0
4/22/2022 0:00,0.0,0.0
4/22/2022 1:00,0.0,0.0
4/22/2022 2:00,0.0,0.0
4/22/2022 3:00,0.0,0.0
4/22/2022 4:00,0.0,0.0
4/22/2022 5:00,0.0,0.0
4/22/2022 6:00,0.0,0.0
4/22/2022 7:00,0.0,0.0
4/22/2022 8:00,0.25,0.02
4/22/2022 9:00,1.25,0.08
4/22/2022 10:00,2.75,0.17
4/22/2022 11:00,3.25,0.2
4/22/2022 12:00,2.75,0.17
4/22/2022 13:00,8.25,0.51
4/22/2022 14:00,7.0,0.43
4/22/2022 15:00,4.25,0.26
4/22/2022 16:00,8.25,0.51
4/22/2022 17:00,4.75,0.29
4/22/2022 18:00,2.25,0.14
4/22/2022 19:00,0.75,0.05
4/22/2022 20:00,0.25,0.02
4/22/2022 21:00,0.0,0.0
4/22/2022 22:00,0.0,0.0
4/22/2022 23:00,0.0,0.0
4/23/2022 0:00,0.0,0.0
4/23/2022 1:00,0.0,0.0
4/23/2022 2:00,0.0,0.0
4/23/2022 3:00,0.0,0.0
4/23/2022 4:00,0.0,0.0
4/23/2022 5:00,0.0,0.0
4/23/2022 6:00,0.0,0.0
4/23/2022 7:00,0.0,0.0
4/23/2022 8:00,0.5,0.03
4/23/2022 9:00,2.75,0.17
4/23/2022 10:00,4.25,0.26
4/23/2022 11:00,3.0,0.18
4/23/2022 12:00,6.5,0.4
4/23/2022 13:00,5.75,0.35
4/23/2022 14:00,10.0,0.61
4/23/2022 15:00,5.5,0.34
4/23/2022 16:00,8.0,0.49
4/23/2022 17:00,4.0,0.25
4/23/2022 18:00,5.0,0.31
4/23/2022 19:00,2.0,0.12
4/23/2022 20:00,0.25,0.02
4/23/2022 21:00,0.0,0.0
4/23/2022 22:00,0.0,0.0
4/23/2022 23:00,0.0,0.0
4/24/2022 0:00,0.0,0.0
4/24/2022 1:00,0.0,0.0
4/24/2022 2:00,0.0,0.0
4/24/2022 3:00,0.0,0.0
4/24/2022 4:00,0.0,0.0
4/24/2022 5:00,0.0,0.0
4/24/2022 6:00,0.0,0.0
4/24/2022 7:00,0.25,0.02
4/24/2022 8:00,0.5,0.03
4/24/2022 9:00,2.5,0.15
4/24/2022 10:00,5.75,0.35
4/24/2022 11:00,9.25,0.57
4/24/2022 12:00,6.0,0.37
4/24/2022 13:00,8.75,0.54
4/24/2022 14:00,10.5,0.64
4/24/2022 15:00,10.5,0.64
4/24/2022 16:00,10.25,0.63
4/24/2022 17:00,4.0,0.25
4/24/2022 18:00,5.5,0.34
4/24/2022 19:00,2.25,0.14
4/24/2022 20:00,0.5,0.03
4/24/2022 21:00,0.0,0.0
4/24/2022 22:00,0.0,0.0
4/24/2022 23:00,0.0,0.0
4/25/2022 0:00,0.0,0.0
4/25/2022 1:00,0.0,0.0
4/25/2022 2:00,0.0,0.0
4/25/2022 3:00,0.0,0.0
4/25/2022 4:00,0.0,0.0
4/25/2022 5:00,0.0,0.0
4/25/2022 6:00,0.0,0.0
4/25/2022 7:00,0.0,0.0
4/25/2022 8:00,0.75,0.05
4/25/2022 9:00,2.75,0.17
4/25/2022 10:00,6.25,0.38
4/25/2022 11:00,9.5,0.58
4/25/2022 12:00,11.5,0.7
4/25/2022 13:00,12.75,0.78
4/25/2022 14:00,13.0,0.8
4/25/2022 15:00,12.75,0.78
4/25/2022 16:00,11.0,0.67
4/25/2022 17:00,8.75,0.54
4/25/2022 18:00,4.75,0.29
4/25/2022 19:00,2.5,0.15
4/25/2022 20:00,0.75,0.05
4/25/2022 21:00,0.0,0.0
4/25/2022 22:00,0.0,0.0
4/25/2022 23:00,0.0,0.0
4/26/2022 0:00,0.0,0.0
4/26/2022 1:00,0.0,0.0
4/26/2022 2:00,0.0,0.0
4/26/2022 3:00,0.0,0.0
4/26/2022 4:00,0.0,0.0
4/26/2022 5:00,0.0,0.0
4/26/2022 6:00,0.0,0.0
4/26/2022 7:00,0.0,0.0
4/26/2022 8:00,0.5,0.03
4/26/2022 9:00,2.5,0.15
4/26/2022 10:00,6.0,0.37
4/26/2022 11:00,9.75,0.6
4/26/2022 12:00,7.5,0.46
4/26/2022 13:00,5.5,0.34
4/26/2022 14:00,9.0,0.55
4/26/2022 15:00,8.0,0.49
4/26/2022 16:00,6.75,0.41
4/26/2022 17:00,9.0,0.55
4/26/2022 18:00,6.25,0.38
4/26/2022 19:00,2.5,0.15
4/26/2022 20:00,0.5,0.03
4/26/2022 21:00,0.0,0.0
4/26/2022 22:00,0.0,0.0
4/26/2022 23:00,0.0,0.0
4/27/2022 0:00,0.0,0.0
4/27/2022 1:00,0.0,0.0
4/27/2022 2:00,0.0,0.0
4/27/2022 3:00,0.0,0.0
4/27/2022 4:00,0.0,0.0
4/27/2022 5:00,0.0,0.0
4/27/2022 6:00,0.0,0.0
4/27/2022 7:00,0.0,0.0
4/27/2022 8:00,0.75,0.05
4/27/2022 9:00,2.75,0.17
4/27/2022 10:00,6.5,0.4
4/27/2022 11:00,5.25,0.32
4/27/2022 12:00,10.75,0.66
4/27/2022 13:00,10.0,0.61
4/27/2022 14:00,9.75,0.6
4/27/2022 15:00,10.0,0.61
4/27/2022 16:00,5.0,0.31
4/27/2022 17:00,8.75,0.54
4/27/2022 18:00,5.0,0.31
4/27/2022 19:00,2.0,0.12
4/27/2022 20:00,0.5,0.03
4/27/2022 21:00,0.0,0.0
4/27/2022 22:00,0.0,0.0
4/27/2022 23:00,0.0,0.0
4/28/2022 0:00,0.0,0.0
4/28/2022 1:00,0.0,0.0
4/28/2022 2:00,0.0,0.0
4/28/2022 3:00,0.0,0.0
4/28/2022 4:00,0.0,0.0
4/28/2022 5:00,0.0,0.0
4/28/2022 6:00,0.0,0.0
4/28/2022 7:00,0.0,0.0
4/28/2022 8:00,0.75,0.05
4/28/2022 9:00,2.75,0.17
4/28/2022 10:00,7.0,0.43
4/28/2022 11:00,10.25,0.63
4/28/2022 12:00,12.0,0.74
4/28/2022 13:00,13.0,0.8
4/28/2022 14:00,10.25,0.63
4/28/2022 15:00,11.25,0.69
4/28/2022 16:00,11.25,0.69
4/28/2022 17:00,9.0,0.55
4/28/2022 18:00,5.5,0.34
4/28/2022 19:00,2.5,0.15
4/28/2022 20:00,0.5,0.03
4/28/2022 21:00,0.0,0.0
4/28/2022 22:00,0.0,0.0
4/28/2022 23:00,0.0,0.0
4/29/2022 0:00,0.0,0.0
4/29/2022 1:00,0.0,0.0
4/29/2022 2:00,0.0,0.0
4/29/2022 3:00,0.0,0.0
4/29/2022 4:00,0.0,0.0
4/29/2022 5:00,0.0,0.0
4/29/2022 6:00,0.0,0.0
4/29/2022 7:00,0.0,0.0
4/29/2022 8:00,0.75,0.05
4/29/2022 9:00,2.75,0.17
4/29/2022 10:00,6.5,0.4
4/29/2022 11:00,10.0,0.61
4/29/2022 12:00,11.75,0.72
4/29/2022 13:00,12.25,0.75
4/29/2022 14:00,12.5,0.77
4/29/2022 15:00,11.75,0.72
4/29/2022 16:00,10.25,0.63
4/29/2022 17:00,8.0,0.49
4/29/2022 18:00,5.25,0.32
4/29/2022 19:00,2.5,0.15
4/29/2022 20:00,0.5,0.03
4/29/2022 21:00,0.0,0.0
4/29/2022 22:00,0.0,0.0
4/29/2022 23:00,0.0,0.0
4/30/2022 0:00,0.0,0.0
4/30/2022 1:00,0.0,0.0
4/30/2022 2:00,0.0,0.0
4/30/2022 3:00,0.0,0.0
4/30/2022 4:00,0.0,0.0
4/30/2022 5:00,0.0,0.0
4/30/2022 6:00,0.0,0.0
4/30/2022 7:00,0.0,0.0
4/30/2022 8:00,1.0,0.06
4/30/2022 9:00,2.75,0.17
4/30/2022 10:00,6.25,0.38
4/30/2022 11:00,9.5,0.58
4/30/2022 12:00,11.25,0.69
4/30/2022 13:00,12.25,0.75
4/30/2022 14:00,12.5,0.77
4/30/2022 15:00,11.75,0.72
4/30/2022 16:00,10.5,0.64
4/30/2022 17:00,8.5,0.52
4/30/2022 18:00,5.5,0.34
4/30/2022 19:00,2.5,0.15
4/30/2022 20:00,0.5,0.03
4/30/2022 21:00,0.0,0.0
4/30/2022 22:00,0.0,0.0
4/30/2022 23:00,0.0,0.0
5/1/2022 0:00,0.0,0.0
5/1/2022 1:00,0.0,0.0
5/1/2022 2:00,0.0,0.0
5/1/2022 3:00,0.0,0.0
5/1/2022 4:00,0.0,0.0
5/1/2022 5:00,0.0,0.0
5/1/2022 6:00,0.0,0.0
5/1/2022 7:00,0.0,0.0
5/1/2022 8:00,1.0,0.06
5/1/2022 9:00,2.75,0.17
5/1/2022 10:00,6.25,0.38
5/1/2022 11:00,9.25,0.57
5/1/2022 12:00,11.0,0.67
5/1/2022 13:00,12.0,0.74
5/1/2022 14:00,12.25,0.75
5/1/2022 15:00,12.0,0.74
5/1/2022 16:00,10.25,0.63
5/1/2022 17:00,8.25,0.51
5/1/2022 18:00,5.25,0.32
5/1/2022 19:00,2.5,0.15
5/1/2022 20:00,0.5,0.03
5/1/2022 21:00,0.0,0.0
5/1/2022 22:00,0.0,0.0
5/1/2022 23:00,0.0,0.0
5/2/2022 0:00,0.0,0.0
5/2/2022 1:00,0.0,0.0
5/2/2022 2:00,0.0,0.0
5/2/2022 3:00,0.0,0.0
5/2/2022 4:00,0.0,0.0
5/2/2022 5:00,0.0,0.0
5/2/2022 6:00,0.0,0.0
5/2/2022 7:00,0.0,0.0
5/2/2022 8:00,0.75,0.05
5/2/2022 9:00,3.25,0.2
5/2/2022 10:00,6.5,0.4
5/2/2022 11:00,10.0,0.61
5/2/2022 12:00,4.0,0.25
5/2/2022 13:00,3.75,0.23
5/2/2022 14:00,8.0,0.49
5/2/2022 15:00,9.25,0.57
5/2/2022 16:00,6.75,0.41
5/2/2022 17:00,8.25,0.51
5/2/2022 18:00,4.25,0.26
5/2/2022 19:00,2.75,0.17
5/2/2022 20:00,0.5,0.03
5/2/2022 21:00,0.0,0.0
5/2/2022 22:00,0.0,0.0
5/2/2022 23:00,0.0,0.0
5/3/2022 0:00,0.0,0.0
5/3/2022 1:00,0.0,0.0
5/3/2022 2:00,0.0,0.0
5/3/2022 3:00,0.0,0.0
5/3/2022 4:00,0.0,0.0
5/3/2022 5:00,0.0,0.0
5/3/2022 6:00,0.0,0.0
5/3/2022 7:00,0.0,0.0
5/3/2022 8:00,0.75,0.05
5/3/2022 9:00,2.75,0.17
5/3/2022 10:00,5.25,0.32
5/3/2022 11:00,5.75,0.35
5/3/2022 12:00,11.25,0.69
5/3/2022 13:00,6.5,0.4
5/3/2022 14:00,8.75,0.54
5/3/2022 15:00,9.25,0.57
5/3/2022 16:00,7.25,0.44
5/3/2022 17:00,5.5,0.34
5/3/2022 18:00,1.75,0.11
5/3/2022 19:00,1.25,0.08
5/3/2022 20:00,0.75,0.05
5/3/2022 21:00,0.0,0.0
5/3/2022 22:00,0.0,0.0
5/3/2022 23:00,0.0,0.0
5/4/2022 0:00,0.0,0.0
5/4/2022 1:00,0.0,0.0
5/4/2022 2:00,0.0,0.0
5/4/2022 3:00,0.0,0.0
5/4/2022 4:00,0.0,0.0
5/4/2022 5:00,0.0,0.0
5/4/2022 6:00,0.0,0.0
5/4/2022 7:00,0.0,0.0
5/4/2022 8:00,0.75,0.05
5/4/2022 9:00,3.25,0.2
5/4/2022 10:00,6.5,0.4
5/4/2022 11:00,9.75,0.6
5/4/2022 12:00,11.5,0.7
5/4/2022 13:00,12.0,0.74
5/4/2022 14:00,9.5,0.58
5/4/2022 15:00,12.0,0.74
5/4/2022 16:00,9.0,0.55
5/4/2022 17:00,5.25,0.32
5/4/2022 18:00,2.0,0.12
5/4/2022 19:00,2.5,0.15
5/4/2022 20:00,0.5,0.03
5/4/2022 21:00,0.0,0.0
5/4/2022 22:00,0.0,0.0
5/4/2022 23:00,0.0,0.0
5/5/2022 0:00,0.0,0.0
5/5/2022 1:00,0.0,0.0
5/5/2022 2:00,0.0,0.0
5/5/2022 3:00,0.0,0.0
5/5/2022 4:00,0.0,0.0
5/5/2022 5:00,0.0,0.0
5/5/2022 6:00,0.0,0.0
5/5/2022 7:00,0.0,0.0
5/5/2022 8:00,0.75,0.05
5/5/2022 9:00,3.25,0.2
5/5/2022 10:00,6.75,0.41
5/5/2022 11:00,9.5,0.58
5/5/2022 12:00,11.5,0.7
5/5/2022 13:00,12.25,0.75
5/5/2022 14:00,12.5,0.77
5/5/2022 15:00,12.25,0.75
5/5/2022 16:00,11.0,0.67
5/5/2022 17:00,8.75,0.54
5/5/2022 18:00,5.5,0.34
5/5/2022 19:00,2.5,0.15
5/5/2022 20:00,0.75,0.05
5/5/2022 21:00,0.0,0.0
5/5/2022 22:00,0.0,0.0
5/5/2022 23:00,0.0,0.0
5/6/2022 0:00,0.0,0.0
5/6/2022 1:00,0.0,0.0
5/6/2022 2:00,0.0,0.0
5/6/2022 3:00,0.0,0.0
5/6/2022 4:00,0.0,0.0
5/6/2022 5:00,0.0,0.0
5/6/2022 6:00,0.0,0.0
5/6/2022 7:00,0.0,0.0
5/6/2022 8:00,0.75,0.05
5/6/2022 9:00,3.25,0.2
5/6/2022 10:00,6.5,0.4
5/6/2022 11:00,9.75,0.6
5/6/2022 12:00,11.25,0.69
5/6/2022 13:00,12.5,0.77
5/6/2022 14:00,13.0,0.8
5/6/2022 15:00,12.0,0.74
5/6/2022 16:00,10.75,0.66
5/6/2022 17:00,8.75,0.54
5/6/2022 18:00,5.5,0.34
5/6/2022 19:00,2.75,0.17
5/6/2022 20:00,0.5,0.03
5/6/2022 21:00,0.0,0.0
5/6/2022 22:00,0.0,0.0
5/6/2022 23:00,0.0,0.0
5/7/2022 0:00,0.0,0.0
5/7/2022 1:00,0.0,0.0
5/7/2022 2:00,0.0,0.0
5/7/2022 3:00,0.0,0.0
5/7/2022 4:00,0.0,0.0
5/7/2022 5:00,0.0,0.0
5/7/2022 6:00,0.0,0.0
5/7/2022 7:00,0.0,0.0
5/7/2022 8:00,0.75,0.05
5/7/2022 9:00,3.25,0.2
5/7/2022 10:00,6.5,0.4
5/7/2022 11:00,9.25,0.57
5/7/2022 12:00,11.25,0.69
5/7/2022 13:00,11.75,0.72
5/7/2022 14:00,12.25,0.75
5/7/2022 15:00,11.5,0.7
5/7/2022 16:00,10.25,0.63
5/7/2022 17:00,8.5,0.52
5/7/2022 18:00,5.5,0.34
5/7/2022 19:00,2.5,0.15
5/7/2022 20:00,0.75,0.05
5/7/2022 21:00,0.0,0.0
5/7/2022 22:00,0.0,0.0
5/7/2022 23:00,0.0,0.0
5/8/2022 0:00,0.0,0.0
5/8/2022 1:00,0.0,0.0
5/8/2022 2:00,0.0,0.0
5/8/2022 3:00,0.0,0.0
5/8/2022 4:00,0.0,0.0
5/8/2022 5:00,0.0,0.0
5/8/2022 6:00,0.0,0.0
5/8/2022 7:00,0.0,0.0
5/8/2022 8:00,0.75,0.05
5/8/2022 9:00,3.25,0.2
5/8/2022 10:00,6.5,0.4
5/8/2022 11:00,9.5,0.58
5/8/2022 12:00,11.25,0.69
5/8/2022 13:00,12.25,0.75
5/8/2022 14:00,12.25,0.75
5/8/2022 15:00,11.75,0.72
5/8/2022 16:00,10.5,0.64
5/8/2022 17:00,8.5,0.52
5/8/2022 18:00,5.5,0.34
5/8/2022 19:00,2.5,0.15
5/8/2022 20:00,0.75,0.05
5/8/2022 21:00,0.0,0.0
5/8/2022 22:00,0.0,0.0
5/8/2022 23:00,0.0,0.0
5/9/2022 0:00,0.0,0.0
5/9/2022 1:00,0.0,0.0
5/9/2022 2:00,0.0,0.0
5/9/2022 3:00,0.0,0.0
5/9/2022 4:00,0.0,0.0
5/9/2022 5:00,0.0,0.0
5/9/2022 6:00,0.0,0.0
5/9/2022 7:00,0.0,0.0
5/9/2022 8:00,1.0,0.06
5/9/2022 9:00,3.0,0.18
5/9/2022 10:00,6.75,0.41
5/9/2022 11:00,9.25,0.57
5/9/2022 12:00,11.0,0.67
5/9/2022 13:00,11.75,0.72
5/9/2022 14:00,11.75,0.72
5/9/2022 15:00,11.5,0.7
5/9/2022 16:00,10.25,0.63
5/9/2022 17:00,8.25,0.51
5/9/2022 18:00,5.25,0.32
5/9/2022 19:00,2.5,0.15
5/9/2022 20:00,0.75,0.05
5/9/2022 21:00,0.0,0.0
5/9/2022 22:00,0.0,0.0
5/9/2022 23:00,0.0,0.0
5/10/2022 0:00,0.0,0.0
5/10/2022 1:00,0.0,0.0
5/10/2022 2:00,0.0,0.0
5/10/2022 3:00,0.0,0.0
5/10/2022 4:00,0.0,0.0
5/10/2022 5:00,0.0,0.0
5/10/2022 6:00,0.0,0.0
5/10/2022 7:00,0.25,0.02
5/10/2022 8:00,0.75,0.05
5/10/2022 9:00,3.25,0.2
5/10/2022 10:00,6.75,0.41
5/10/2022 11:00,9.5,0.58
5/10/2022 12:00,11.5,0.7
5/10/2022 13:00,12.25,0.75
5/10/2022 14:00,12.5,0.77
5/10/2022 15:00,11.75,0.72
5/10/2022 16:00,10.75,0.66
5/10/2022 17:00,8.5,0.52
5/10/2022 18:00,5.5,0.34
5/10/2022 19:00,2.5,0.15
5/10/2022 20:00,0.75,0.05
5/10/2022 21:00,0.0,0.0
5/10/2022 22:00,0.0,0.0
5/10/2022 23:00,0.0,0.0
5/11/2022 0:00,0.0,0.0
5/11/2022 1:00,0.0,0.0
5/11/2022 2:00,0.0,0.0
5/11/2022 3:00,0.0,0.0
5/11/2022 4:00,0.0,0.0
5/11/2022 5:00,0.0,0.0
5/11/2022 6:00,0.0,0.0
5/11/2022 7:00,0.0,0.0
5/11/2022 8:00,1.0,0.06
5/11/2022 9:00,3.25,0.2
5/11/2022 10:00,6.25,0.38
5/11/2022 11:00,9.25,0.57
5/11/2022 12:00,10.5,0.64
5/11/2022 13:00,9.75,0.6
5/11/2022 14:00,10.0,0.61
5/11/2022 15:00,11.25,0.69
5/11/2022 16:00,10.5,0.64
5/11/2022 17:00,8.5,0.52
5/11/2022 18:00,5.5,0.34
5/11/2022 19:00,2.75,0.17
5/11/2022 20:00,0.75,0.05
5/11/2022 21:00,0.0,0.0
5/11/2022 22:00,0.0,0.0
5/11/2022 23:00,0.0,0.0
5/12/2022 0:00,0.0,0.0
5/12/2022 1:00,0.0,0.0
5/12/2022 2:00,0.0,0.0
5/12/2022 3:00,0.0,0.0
5/12/2022 4:00,0.0,0.0
5/12/2022 5:00,0.0,0.0
5/12/2022 6:00,0.0,0.0
5/12/2022 7:00,0.0,0.0
5/12/2022 8:00,1.5,0.09
5/12/2022 9:00,3.0,0.18
5/12/2022 10:00,5.75,0.35
5/12/2022 11:00,7.75,0.47
5/12/2022 12:00,10.5,0.64
5/12/2022 13:00,10.5,0.64
5/12/2022 14:00,12.25,0.75
5/12/2022 15:00,10.5,0.64
5/12/2022 16:00,9.5,0.58
5/12/2022 17:00,8.5,0.52
5/12/2022 18:00,5.5,0.34
5/12/2022 19:00,2.75,0.17
5/12/2022 20:00,0.5,0.03
5/12/2022 21:00,0.25,0.02
5/12/2022 22:00,0.0,0.0
5/12/2022 23:00,0.0,0.0
5/13/2022 0:00,0.0,0.0
5/13/2022 1:00,0.0,0.0
5/13/2022 2:00,0.0,0.0
5/13/2022 3:00,0.0,0.0
5/13/2022 4:00,0.0,0.0
5/13/2022 5:00,0.0,0.0
5/13/2022 6:00,0.0,0.0
5/13/2022 7:00,0.0,0.0
5/13/2022 8:00,1.0,0.06
5/13/2022 9:00,3.25,0.2
5/13/2022 10:00,6.5,0.4
5/13/2022 11:00,9.25,0.57
5/13/2022 12:00,11.0,0.67
5/13/2022 13:00,11.75,0.72
5/13/2022 14:00,12.25,0.75
5/13/2022 15:00,11.0,0.67
5/13/2022 16:00,8.5,0.52
5/13/2022 17:00,7.0,0.43
5/13/2022 18:00,4.5,0.28
5/13/2022 19:00,2.25,0.14
5/13/2022 20:00,1.0,0.06
5/13/2022 21:00,0.0,0.0
5/13/2022 22:00,0.0,0.0
5/13/2022 23:00,0.0,0.0
5/14/2022 0:00,0.0,0.0
5/14/2022 1:00,0.0,0.0
5/14/2022 2:00,0.0,0.0
5/14/2022 3:00,0.0,0.0
5/14/2022 4:00,0.0,0.0
5/14/2022 5:00,0.0,0.0
5/14/2022 6:00,0.0,0.0
5/14/2022 7:00,0.0,0.0
5/14/2022 8:00,0.5,0.03
5/14/2022 9:00,2.0,0.12
5/14/2022 10:00,4.5,0.28
5/14/2022 11:00,8.0,0.49
5/14/2022 12:00,9.25,0.57
5/14/2022 13:00,11.25,0.69
5/14/2022 14:00,7.0,0.43
5/14/2022 15:00,9.25,0.57
5/14/2022 16:00,10.5,0.64
5/14/2022 17:00,7.25,0.44
5/14/2022 18:00,4.0,0.25
5/14/2022 19:00,1.25,0.08
5/14/2022 20:00,0.75,0.05
5/14/2022 21:00,0.0,0.0
5/14/2022 22:00,0.0,0.0
5/14/2022 23:00,0.0,0.0
5/15/2022 0:00,0.0,0.0
5/15/2022 1:00,0.0,0.0
5/15/2022 2:00,0.0,0.0
5/15/2022 3:00,0.0,0.0
5/15/2022 4:00,0.0,0.0
5/15/2022 5:00,0.0,0.0
5/15/2022 6:00,0.0,0.0
5/15/2022 7:00,0.25,0.02
5/15/2022 8:00,1.25,0.08
5/15/2022 9:00,2.0,0.12
5/15/2022 10:00,3.75,0.23
5/15/2022 11:00,3.5,0.21
5/15/2022 12:00,8.0,0.49
5/15/2022 13:00,12.25,0.75
5/15/2022 14:00,13.25,0.81
5/15/2022 15:00,13.0,0.8
5/15/2022 16:00,10.5,0.64
5/15/2022 17:00,9.0,0.55
5/15/2022 18:00,6.0,0.37
5/15/2022 19:00,2.75,0.17
5/15/2022 20:00,0.75,0.05
5/15/2022 21:00,0.25,0.02
5/15/2022 22:00,0.0,0.0
5/15/2022 23:00,0.0,0.0
5/16/2022 0:00,0.0,0.0
5/16/2022 1:00,0.0,0.0
5/16/2022 2:00,0.0,0.0
5/16/2022 3:00,0.0,0.0
5/16/2022 4:00,0.0,0.0
5/16/2022 5:00,0.0,0.0
5/16/2022 6:00,0.0,0.0
5/16/2022 7:00,0.0,0.0
5/16/2022 8:00,1.0,0.06
5/16/2022 9:00,3.5,0.21
5/16/2022 10:00,7.25,0.44
5/16/2022 11:00,9.5,0.58
5/16/2022 12:00,11.5,0.7
5/16/2022 13:00,12.5,0.77
5/16/2022 14:00,12.75,0.78
5/16/2022 15:00,12.5,0.77
5/16/2022 16:00,11.0,0.67
5/16/2022 17:00,8.5,0.52
5/16/2022 18:00,6.0,0.37
5/16/2022 19:00,2.75,0.17
5/16/2022 20:00,0.5,0.03
5/16/2022 21:00,0.0,0.0
5/16/2022 22:00,0.0,0.0
5/16/2022 23:00,0.0,0.0
5/17/2022 0:00,0.0,0.0
5/17/2022 1:00,0.0,0.0
5/17/2022 2:00,0.0,0.0
5/17/2022 3:00,0.0,0.0
5/17/2022 4:00,0.0,0.0
5/17/2022 5:00,0.0,0.0
5/17/2022 6:00,0.0,0.0
5/17/2022 7:00,0.25,0.02
5/17/2022 8:00,0.75,0.05
5/17/2022 9:00,3.5,0.21
5/17/2022 10:00,6.75,0.41
5/17/2022 11:00,9.75,0.6
5/17/2022 12:00,11.25,0.69
5/17/2022 13:00,12.25,0.75
5/17/2022 14:00,12.5,0.77
5/17/2022 15:00,11.75,0.72
5/17/2022 16:00,10.75,0.66
5/17/2022 17:00,8.75,0.54
5/17/2022 18:00,5.5,0.34
5/17/2022 19:00,2.75,0.17
5/17/2022 20:00,0.75,0.05
5/17/2022 21:00,0.0,0.0
5/17/2022 22:00,0.0,0.0
5/17/2022 23:00,0.0,0.0
5/18/2022 0:00,0.0,0.0
5/18/2022 1:00,0.0,0.0
5/18/2022 2:00,0.0,0.0
5/18/2022 3:00,0.0,0.0
5/18/2022 4:00,0.0,0.0
5/18/2022 5:00,0.0,0.0
5/18/2022 6:00,0.0,0.0
5/18/2022 7:00,0.25,0.02
5/18/2022 8:00,0.75,0.05
5/18/2022 9:00,3.5,0.21
5/18/2022 10:00,6.5,0.4
5/18/2022 11:00,9.25,0.57
5/18/2022 12:00,10.5,0.64
5/18/2022 13:00,11.75,0.72
5/18/2022 14:00,11.5,0.7
5/18/2022 15:00,9.75,0.6
5/18/2022 16:00,8.75,0.54
5/18/2022 17:00,5.5,0.34
5/18/2022 18:00,4.75,0.29
5/18/2022 19:00,2.75,0.17
5/18/2022 20:00,0.75,0.05
5/18/2022 21:00,0.0,0.0
5/18/2022 22:00,0.0,0.0
5/18/2022 23:00,0.0,0.0
5/19/2022 0:00,0.0,0.0
5/19/2022 1:00,0.0,0.0
5/19/2022 2:00,0.0,0.0
5/19/2022 3:00,0.0,0.0
5/19/2022 4:00,0.0,0.0
5/19/2022 5:00,0.0,0.0
5/19/2022 6:00,0.0,0.0
5/19/2022 7:00,0.25,0.02
5/19/2022 8:00,1.0,0.06
5/19/2022 9:00,3.25,0.2
5/19/2022 10:00,6.25,0.38
5/19/2022 11:00,9.25,0.57
5/19/2022 12:00,9.75,0.6
5/19/2022 13:00,9.0,0.55
5/19/2022 14:00,10.5,0.64
5/19/2022 15:00,10.25,0.63
5/19/2022 16:00,7.75,0.47
5/19/2022 17:00,7.5,0.46
5/19/2022 18:00,5.0,0.31
5/19/2022 19:00,2.75,0.17
5/19/2022 20:00,1.0,0.06
5/19/2022 21:00,0.0,0.0
5/19/2022 22:00,0.0,0.0
5/19/2022 23:00,0.0,0.0
5/20/2022 0:00,0.0,0.0
5/20/2022 1:00,0.0,0.0
5/20/2022 2:00,0.0,0.0
5/20/2022 3:00,0.0,0.0
5/20/2022 4:00,0.0,0.0
5/20/2022 5:00,0.0,0.0
5/20/2022 6:00,0.0,0.0
5/20/2022 7:00,0.0,0.0
5/20/2022 8:00,1.25,0.08
5/20/2022 9:00,3.0,0.18
5/20/2022 10:00,3.75,0.23
5/20/2022 11:00,4.75,0.29
5/20/2022 12:00,5.75,0.35
5/20/2022 13:00,6.5,0.4
5/20/2022 14:00,6.5,0.4
5/20/2022 15:00,6.5,0.4
5/20/2022 16:00,5.25,0.32
5/20/2022 17:00,4.5,0.28
5/20/2022 18:00,3.75,0.23
5/20/2022 19:00,2.5,0.15
5/20/2022 20:00,0.75,0.05
5/20/2022 21:00,0.25,0.02
5/20/2022 22:00,0.0,0.0
5/20/2022 23:00,0.0,0.0
5/21/2022 0:00,0.0,0.0
5/21/2022 1:00,0.0,0.0
5/21/2022 2:00,0.0,0.0
5/21/2022 3:00,0.0,0.0
5/21/2022 4:00,0.0,0.0
5/21/2022 5:00,0.0,0.0
5/21/2022 6:00,0.0,0.0
5/21/2022 7:00,0.0,0.0
5/21/2022 8:00,0.5,0.03
5/21/2022 9:00,2.0,0.12
5/21/2022 10:00,2.75,0.17
5/21/2022 11:00,5.75,0.35
5/21/2022 12:00,9.25,0.57
5/21/2022 13:00,10.75,0.66
5/21/2022 14:00,9.75,0.6
5/21/2022 15:00,6.5,0.4
5/21/2022 16:00,9.0,0.55
5/21/2022 17:00,8.0,0.49
5/21/2022 18:00,5.5,0.34
5/21/2022 19:00,3.0,0.18
5/21/2022 20:00,0.75,0.05
5/21/2022 21:00,0.25,0.02
5/21/2022 22:00,0.0,0.0
5/21/2022 23:00,0.0,0.0
5/22/2022 0:00,0.0,0.0
5/22/2022 1:00,0.0,0.0
5/22/2022 2:00,0.0,0.0
5/22/2022 3:00,0.0,0.0
5/22/2022 4:00,0.0,0.0
5/22/2022 5:00,0.0,0.0
5/22/2022 6:00,0.0,0.0
5/22/2022 7:00,0.25,0.02
5/22/2022 8:00,0.75,0.05
5/22/2022 9:00,3.25,0.2
5/22/2022 10:00,5.25,0.32
5/22/2022 11:00,6.5,0.4
5/22/2022 12:00,8.5,0.52
5/22/2022 13:00,8.0,0.49
5/22/2022 14:00,12.0,0.74
5/22/2022 15:00,11.75,0.72
5/22/2022 16:00,11.0,0.67
5/22/2022 17:00,8.5,0.52
5/22/2022 18:00,5.75,0.35
5/22/2022 19:00,3.0,0.18
5/22/2022 20:00,0.75,0.05
5/22/2022 21:00,0.0,0.0
5/22/2022 22:00,0.0,0.0
5/22/2022 23:00,0.0,0.0
5/23/2022 0:00,0.0,0.0
5/23/2022 1:00,0.0,0.0
5/23/2022 2:00,0.0,0.0
5/23/2022 3:00,0.0,0.0
5/23/2022 4:00,0.0,0.0
5/23/2022 5:00,0.0,0.0
5/23/2022 6:00,0.0,0.0
5/23/2022 7:00,0.25,0.02
5/23/2022 8:00,1.25,0.08
5/23/2022 9:00,3.25,0.2
5/23/2022 10:00,6.5,0.4
5/23/2022 11:00,9.5,0.58
5/23/2022 12:00,11.25,0.69
5/23/2022 13:00,12.25,0.75
5/23/2022 14:00,13.0,0.8
5/23/2022 15:00,12.25,0.75
5/23/2022 16:00,11.0,0.67
5/23/2022 17:00,8.75,0.54
5/23/2022 18:00,5.75,0.35
5/23/2022 19:00,2.75,0.17
5/23/2022 20:00,1.0,0.06
5/23/2022 21:00,0.0,0.0
5/23/2022 22:00,0.0,0.0
5/23/2022 23:00,0.0,0.0
5/24/2022 0:00,0.0,0.0
5/24/2022 1:00,0.0,0.0
5/24/2022 2:00,0.0,0.0
5/24/2022 3:00,0.0,0.0
5/24/2022 4:00,0.0,0.0
5/24/2022 5:00,0.0,0.0
5/24/2022 6:00,0.0,0.0
5/24/2022 7:00,0.0,0.0
5/24/2022 8:00,1.25,0.08
5/24/2022 9:00,3.75,0.23
5/24/2022 10:00,7.5,0.46
5/24/2022 11:00,10.0,0.61
5/24/2022 12:00,11.75,0.72
5/24/2022 13:00,12.5,0.77
5/24/2022 14:00,12.75,0.78
5/24/2022 15:00,12.0,0.74
5/24/2022 16:00,11.0,0.67
5/24/2022 17:00,8.75,0.54
5/24/2022 18:00,5.25,0.32
5/24/2022 19:00,3.0,0.18
5/24/2022 20:00,1.0,0.06
5/24/2022 21:00,0.25,0.02
5/24/2022 22:00,0.0,0.0
5/24/2022 23:00,0.0,0.0
5/25/2022 0:00,0.0,0.0
5/25/2022 1:00,0.0,0.0
5/25/2022 2:00,0.0,0.0
5/25/2022 3:00,0.0,0.0
5/25/2022 4:00,0.0,0.0
5/25/2022 5:00,0.0,0.0
5/25/2022 6:00,0.0,0.0
5/25/2022 7:00,0.0,0.0
5/25/2022 8:00,1.25,0.08
5/25/2022 9:00,3.25,0.2
5/25/2022 10:00,6.0,0.37
5/25/2022 11:00,8.25,0.51
5/25/2022 12:00,10.25,0.63
5/25/2022 13:00,8.75,0.54
5/25/2022 14:00,9.75,0.6
5/25/2022 15:00,9.5,0.58
5/25/2022 16:00,11.0,0.67
5/25/2022 17:00,8.75,0.54
5/25/2022 18:00,6.0,0.37
5/25/2022 19:00,3.0,0.18
5/25/2022 20:00,0.75,0.05
5/25/2022 21:00,0.25,0.02
5/25/2022 22:00,0.0,0.0
5/25/2022 23:00,0.0,0.0
5/26/2022 0:00,0.0,0.0
5/26/2022 1:00,0.0,0.0
5/26/2022 2:00,0.0,0.0
5/26/2022 3:00,0.0,0.0
5/26/2022 4:00,0.0,0.0
5/26/2022 5:00,0.0,0.0
5/26/2022 6:00,0.0,0.0
5/26/2022 7:00,0.0,0.0
5/26/2022 8:00,1.0,0.06
5/26/2022 9:00,3.75,0.23
5/26/2022 10:00,7.0,0.43
5/26/2022 11:00,9.75,0.6
5/26/2022 12:00,11.25,0.69
5/26/2022 13:00,12.0,0.74
5/26/2022 14:00,12.5,0.77
5/26/2022 15:00,11.5,0.7
5/26/2022 16:00,10.75,0.66
5/26/2022 17:00,8.5,0.52
5/26/2022 18:00,5.75,0.35
5/26/2022 19:00,3.0,0.18
5/26/2022 20:00,0.75,0.05
5/26/2022 21:00,0.25,0.02
5/26/2022 22:00,0.0,0.0
5/26/2022 23:00,0.0,0.0
5/27/2022 0:00,0.0,0.0
5/27/2022 1:00,0.0,0.0
5/27/2022 2:00,0.0,0.0
5/27/2022 3:00,0.0,0.0
5/27/2022 4:00,0.0,0.0
5/27/2022 5:00,0.0,0.0
5/27/2022 6:00,0.0,0.0
5/27/2022 7:00,0.0,0.0
5/27/2022 8:00,1.0,0.06
5/27/2022 9:00,3.75,0.23
5/27/2022 10:00,7.0,0.43
5/27/2022 11:00,9.5,0.58
5/27/2022 12:00,11.25,0.69
5/27/2022 13:00,12.25,0.75
5/27/2022 14:00,12.25,0.75
5/27/2022 15:00,11.25,0.69
5/27/2022 16:00,10.5,0.64
5/27/2022 17:00,8.5,0.52
5/27/2022 18:00,5.75,0.35
5/27/2022 19:00,3.0,0.18
5/27/2022 20:00,0.75,0.05
5/27/2022 21:00,0.25,0.02
5/27/2022 22:00,0.0,0.0
5/27/2022 23:00,0.0,0.0
5/28/2022 0:00,0.0,0.0
5/28/2022 1:00,0.0,0.0
5/28/2022 2:00,0.0,0.0
5/28/2022 3:00,0.0,0.0
5/28/2022 4:00,0.0,0.0
5/28/2022 5:00,0.0,0.0
5/28/2022 6:00,0.0,0.0
5/28/2022 7:00,0.0,0.0
5/28/2022 8:00,1.0,0.06
5/28/2022 9:00,3.25,0.2
5/28/2022 10:00,6.75,0.41
5/28/2022 11:00,9.5,0.58
5/28/2022 12:00,11.25,0.69
5/28/2022 13:00,12.25,0.75
5/28/2022 14:00,12.5,0.77
5/28/2022 15:00,12.25,0.75
5/28/2022 16:00,11.25,0.69
5/28/2022 17:00,9.0,0.55
5/28/2022 18:00,6.0,0.37
5/28/2022 19:00,3.0,0.18
5/28/2022 20:00,1.0,0.06
5/28/2022 21:00,0.0,0.0
5/28/2022 22:00,0.0,0.0
5/28/2022 23:00,0.0,0.0
5/29/2022 0:00,0.0,0.0
5/29/2022 1:00,0.0,0.0
5/29/2022 2:00,0.0,0.0
5/29/2022 3:00,0.0,0.0
5/29/2022 4:00,0.0,0.0
5/29/2022 5:00,0.0,0.0
5/29/2022 6:00,0.0,0.0
5/29/2022 7:00,0.0,0.0
5/29/2022 8:00,0.75,0.05
5/29/2022 9:00,1.75,0.11
5/29/2022 10:00,2.5,0.15
5/29/2022 11:00,4.5,0.28
5/29/2022 12:00,7.5,0.46
5/29/2022 13:00,10.5,0.64
5/29/2022 14:00,12.5,0.77
5/29/2022 15:00,12.5,0.77
5/29/2022 16:00,10.0,0.61
5/29/2022 17:00,7.5,0.46
5/29/2022 18:00,4.0,0.25
5/29/2022 19:00,3.0,0.18
5/29/2022 20:00,1.0,0.06
5/29/2022 21:00,0.0,0.0
5/29/2022 22:00,0.0,0.0
5/29/2022 23:00,0.0,0.0
5/30/2022 0:00,0.0,0.0
5/30/2022 1:00,0.0,0.0
5/30/2022 2:00,0.0,0.0
5/30/2022 3:00,0.0,0.0
5/30/2022 4:00,0.0,0.0
5/30/2022 5:00,0.0,0.0
5/30/2022 6:00,0.0,0.0
5/30/2022 7:00,0.25,0.02
5/30/2022 8:00,1.25,0.08
5/30/2022 9:00,3.0,0.18
5/30/2022 10:00,3.5,0.21
5/30/2022 11:00,8.5,0.52
5/30/2022 12:00,10.75,0.66
5/30/2022 13:00,11.75,0.72
5/30/2022 14:00,12.5,0.77
5/30/2022 15:00,11.75,0.72
5/30/2022 16:00,10.0,0.61
5/30/2022 17:00,6.5,0.4
5/30/2022 18:00,3.5,0.21
5/30/2022 19:00,2.5,0.15
5/30/2022 20:00,0.75,0.05
5/30/2022 21:00,0.0,0.0
5/30/2022 22:00,0.0,0.0
5/30/2022 23:00,0.0,0.0
5/31/2022 0:00,0.0,0.0
5/31/2022 1:00,0.0,0.0
5/31/2022 2:00,0.0,0.0
5/31/2022 3:00,0.0,0.0
5/31/2022 4:00,0.0,0.0
5/31/2022 5:00,0.0,0.0
5/31/2022 6:00,0.0,0.0
5/31/2022 7:00,0.25,0.02
5/31/2022 8:00,1.25,0.08
5/31/2022 9:00,4.0,0.25
5/31/2022 10:00,6.5,0.4
5/31/2022 11:00,9.5,0.58
5/31/2022 12:00,11.0,0.67
5/31/2022 13:00,12.25,0.75
5/31/2022 14:00,13.0,0.8
5/31/2022 15:00,12.0,0.74
5/31/2022 16:00,10.75,0.66
5/31/2022 17:00,9.0,0.55
5/31/2022 18:00,5.5,0.34
5/31/2022 19:00,2.5,0.15
5/31/2022 20:00,1.0,0.06
5/31/2022 21:00,0.0,0.0
5/31/2022 22:00,0.0,0.0
5/31/2022 23:00,0.0,0.0
6/1/2022 1:00,0.0,0.0
6/1/2022 2:00,0.0,0.0
6/1/2022 3:00,0.0,0.0
6/1/2022 4:00,0.0,0.0
6/1/2022 5:00,0.0,0.0
6/1/2022 6:00,0.0,0.0
6/1/2022 7:00,0.0,0.0
6/1/2022 8:00,0.75,0.05
6/1/2022 9:00,2.75,0.17
6/1/2022 10:00,3.5,0.21
6/1/2022 11:00,5.5,0.34
6/1/2022 12:00,8.25,0.51
6/1/2022 13:00,10.0,0.61
6/1/2022 14:00,10.25,0.63
6/1/2022 15:00,6.0,0.37
6/1/2022 16:00,5.75,0.35
6/1/2022 17:00,5.5,0.34
6/1/2022 18:00,5.75,0.35
6/1/2022 19:00,2.75,0.17
6/1/2022 20:00,1.0,0.06
6/1/2022 21:00,0.0,0.0
6/1/2022 22:00,0.0,0.0
6/1/2022 23:00,0.0,0.0
6/2/2022 0:00,0.0,0.0
6/2/2022 1:00,0.0,0.0
6/2/2022 2:00,0.0,0.0
6/2/2022 3:00,0.0,0.0
6/2/2022 4:00,0.0,0.0
6/2/2022 5:00,0.0,0.0
6/2/2022 6:00,0.0,0.0
6/2/2022 7:00,0.25,0.02
6/2/2022 8:00,1.5,0.09
6/2/2022 9:00,3.25,0.2
6/2/2022 10:00,6.75,0.41
6/2/2022 11:00,9.25,0.57
6/2/2022 12:00,11.25,0.69
6/2/2022 13:00,10.25,0.63
6/2/2022 14:00,12.5,0.77
6/2/2022 15:00,11.75,0.72
6/2/2022 16:00,10.25,0.63
6/2/2022 17:00,9.0,0.55
6/2/2022 18:00,6.25,0.38
6/2/2022 19:00,3.0,0.18
6/2/2022 20:00,1.0,0.06
6/2/2022 21:00,0.25,0.02
6/2/2022 22:00,0.0,0.0
6/2/2022 23:00,0.0,0.0
6/3/2022 0:00,0.0,0.0
6/3/2022 1:00,0.0,0.0
6/3/2022 2:00,0.0,0.0
6/3/2022 3:00,0.0,0.0
6/3/2022 4:00,0.0,0.0
6/3/2022 5:00,0.0,0.0
6/3/2022 6:00,0.0,0.0
6/3/2022 7:00,0.25,0.02
6/3/2022 8:00,1.25,0.08
6/3/2022 9:00,3.25,0.2
6/3/2022 10:00,6.5,0.4
6/3/2022 11:00,9.75,0.6
6/3/2022 12:00,10.5,0.64
6/3/2022 13:00,13.0,0.8
6/3/2022 14:00,13.25,0.81
6/3/2022 15:00,12.75,0.78
6/3/2022 16:00,11.25,0.69
6/3/2022 17:00,9.0,0.55
6/3/2022 18:00,5.0,0.31
6/3/2022 19:00,2.5,0.15
6/3/2022 20:00,1.25,0.08
6/3/2022 21:00,0.25,0.02
6/3/2022 22:00,0.0,0.0
6/3/2022 23:00,0.0,0.0
6/4/2022 0:00,0.0,0.0
6/4/2022 1:00,0.0,0.0
6/4/2022 2:00,0.0,0.0
6/4/2022 3:00,0.0,0.0
6/4/2022 4:00,0.0,0.0
6/4/2022 5:00,0.0,0.0
6/4/2022 6:00,0.0,0.0
6/4/2022 7:00,0.25,0.02
6/4/2022 8:00,1.25,0.08
6/4/2022 9:00,3.75,0.23
6/4/2022 10:00,4.75,0.29
6/4/2022 11:00,6.75,0.41
6/4/2022 12:00,6.75,0.41
6/4/2022 13:00,6.75,0.41
6/4/2022 14:00,11.25,0.69
6/4/2022 15:00,11.25,0.69
6/4/2022 16:00,10.25,0.63
6/4/2022 17:00,9.0,0.55
6/4/2022 18:00,6.25,0.38
6/4/2022 19:00,3.25,0.2
6/4/2022 20:00,1.0,0.06
6/4/2022 21:00,0.0,0.0
6/4/2022 22:00,0.0,0.0
6/4/2022 23:00,0.0,0.0
6/5/2022 0:00,0.0,0.0
6/5/2022 1:00,0.0,0.0
6/5/2022 2:00,0.0,0.0
6/5/2022 3:00,0.0,0.0
6/5/2022 4:00,0.0,0.0
6/5/2022 5:00,0.0,0.0
6/5/2022 6:00,0.0,0.0
6/5/2022 7:00,0.25,0.02
6/5/2022 8:00,1.25,0.08
6/5/2022 9:00,4.0,0.25
6/5/2022 10:00,7.0,0.43
6/5/2022 11:00,9.75,0.6
6/5/2022 12:00,11.0,0.67
6/5/2022 13:00,12.25,0.75
6/5/2022 14:00,12.75,0.78
6/5/2022 15:00,12.25,0.75
6/5/2022 16:00,11.0,0.67
6/5/2022 17:00,9.0,0.55
6/5/2022 18:00,6.25,0.38
6/5/2022 19:00,3.25,0.2
6/5/2022 20:00,1.0,0.06
6/5/2022 21:00,0.0,0.0
6/5/2022 22:00,0.0,0.0
6/5/2022 23:00,0.0,0.0
6/6/2022 0:00,0.0,0.0
6/6/2022 1:00,0.0,0.0
6/6/2022 2:00,0.0,0.0
6/6/2022 3:00,0.0,0.0
6/6/2022 4:00,0.0,0.0
6/6/2022 5:00,0.0,0.0
6/6/2022 6:00,0.0,0.0
6/6/2022 7:00,0.25,0.02
6/6/2022 8:00,1.0,0.06
6/6/2022 9:00,4.0,0.25
6/6/2022 10:00,7.0,0.43
6/6/2022 11:00,9.5,0.58
6/6/2022 12:00,10.75,0.66
6/6/2022 13:00,10.0,0.61
6/6/2022 14:00,10.25,0.63
6/6/2022 15:00,12.25,0.75
6/6/2022 16:00,11.0,0.67
6/6/2022 17:00,8.75,0.54
6/6/2022 18:00,6.25,0.38
6/6/2022 19:00,3.0,0.18
6/6/2022 20:00,1.0,0.06
6/6/2022 21:00,0.25,0.02
6/6/2022 22:00,0.0,0.0
6/6/2022 23:00,0.0,0.0
6/7/2022 0:00,0.0,0.0
6/7/2022 1:00,0.0,0.0
6/7/2022 2:00,0.0,0.0
6/7/2022 3:00,0.0,0.0
6/7/2022 4:00,0.0,0.0
6/7/2022 5:00,0.0,0.0
6/7/2022 6:00,0.0,0.0
6/7/2022 7:00,0.0,0.0
6/7/2022 8:00,1.25,0.08
6/7/2022 9:00,3.75,0.23
6/7/2022 10:00,7.0,0.43
6/7/2022 11:00,9.5,0.58
6/7/2022 12:00,11.0,0.67
6/7/2022 13:00,12.25,0.75
6/7/2022 14:00,12.25,0.75
6/7/2022 15:00,12.0,0.74
6/7/2022 16:00,10.75,0.66
6/7/2022 17:00,8.75,0.54
6/7/2022 18:00,6.0,0.37
6/7/2022 19:00,3.0,0.18
6/7/2022 20:00,1.0,0.06
6/7/2022 21:00,0.0,0.0
6/7/2022 22:00,0.0,0.0
6/7/2022 23:00,0.0,0.0
6/8/2022 0:00,0.0,0.0
6/8/2022 1:00,0.0,0.0
6/8/2022 2:00,0.0,0.0
6/8/2022 3:00,0.0,0.0
6/8/2022 4:00,0.0,0.0
6/8/2022 5:00,0.0,0.0
6/8/2022 6:00,0.0,0.0
6/8/2022 7:00,0.25,0.02
6/8/2022 8:00,1.25,0.08
6/8/2022 9:00,4.0,0.25
6/8/2022 10:00,6.5,0.4
6/8/2022 11:00,9.25,0.57
6/8/2022 12:00,11.25,0.69
6/8/2022 13:00,11.75,0.72
6/8/2022 14:00,12.0,0.74
6/8/2022 15:00,11.5,0.7
6/8/2022 16:00,10.0,0.61
6/8/2022 17:00,8.0,0.49
6/8/2022 18:00,5.5,0.34
6/8/2022 19:00,3.75,0.23
6/8/2022 20:00,1.5,0.09
6/8/2022 21:00,0.25,0.02
6/8/2022 22:00,0.0,0.0
6/8/2022 23:00,0.0,0.0
6/9/2022 0:00,0.0,0.0
6/9/2022 1:00,0.0,0.0
6/9/2022 2:00,0.0,0.0
6/9/2022 3:00,0.0,0.0
6/9/2022 4:00,0.0,0.0
6/9/2022 5:00,0.0,0.0
6/9/2022 6:00,0.0,0.0
6/9/2022 7:00,0.25,0.02
6/9/2022 8:00,1.0,0.06
6/9/2022 9:00,4.0,0.25
6/9/2022 10:00,6.75,0.41
6/9/2022 11:00,9.5,0.58
6/9/2022 12:00,11.0,0.67
6/9/2022 13:00,11.75,0.72
6/9/2022 14:00,12.25,0.75
6/9/2022 15:00,11.5,0.7
6/9/2022 16:00,10.5,0.64
6/9/2022 17:00,8.5,0.52
6/9/2022 18:00,6.0,0.37
6/9/2022 19:00,3.0,0.18
6/9/2022 20:00,1.25,0.08
6/9/2022 21:00,0.0,0.0
6/9/2022 22:00,0.0,0.0
6/9/2022 23:00,0.0,0.0
6/10/2022 0:00,0.0,0.0
6/10/2022 1:00,0.0,0.0
6/10/2022 2:00,0.0,0.0
6/10/2022 3:00,0.0,0.0
6/10/2022 4:00,0.0,0.0
6/10/2022 5:00,0.0,0.0
6/10/2022 6:00,0.0,0.0
6/10/2022 7:00,0.25,0.02
6/10/2022 8:00,1.0,0.06
6/10/2022 9:00,3.5,0.21
6/10/2022 10:00,6.25,0.38
6/10/2022 11:00,9.0,0.55
6/10/2022 12:00,10.5,0.64
6/10/2022 13:00,11.25,0.69
6/10/2022 14:00,11.25,0.69
6/10/2022 15:00,11.0,0.67
6/10/2022 16:00,10.0,0.61
6/10/2022 17:00,8.0,0.49
6/10/2022 18:00,5.75,0.35
6/10/2022 19:00,3.0,0.18
6/10/2022 20:00,1.0,0.06
6/10/2022 21:00,0.0,0.0
6/10/2022 22:00,0.0,0.0
6/10/2022 23:00,0.0,0.0
6/11/2022 0:00,0.0,0.0
6/11/2022 1:00,0.0,0.0
6/11/2022 2:00,0.0,0.0
6/11/2022 3:00,0.0,0.0
6/11/2022 4:00,0.0,0.0
6/11/2022 5:00,0.0,0.0
6/11/2022 6:00,0.0,0.0
6/11/2022 7:00,0.25,0.02
6/11/2022 8:00,1.25,0.08
6/11/2022 9:00,4.0,0.25
6/11/2022 10:00,5.5,0.34
6/11/2022 11:00,8.75,0.54
6/11/2022 12:00,10.5,0.64
6/11/2022 13:00,11.25,0.69
6/11/2022 14:00,10.75,0.66
6/11/2022 15:00,10.75,0.66
6/11/2022 16:00,9.5,0.58
6/11/2022 17:00,7.75,0.47
6/11/2022 18:00,5.25,0.32
6/11/2022 19:00,2.75,0.17
6/11/2022 20:00,1.25,0.08
6/11/2022 21:00,0.0,0.0
6/11/2022 22:00,0.0,0.0
6/11/2022 23:00,0.0,0.0
6/12/2022 0:00,0.0,0.0
6/12/2022 1:00,0.0,0.0
6/12/2022 2:00,0.0,0.0
6/12/2022 3:00,0.0,0.0
6/12/2022 4:00,0.0,0.0
6/12/2022 5:00,0.0,0.0
6/12/2022 6:00,0.0,0.0
6/12/2022 7:00,0.25,0.02
6/12/2022 8:00,1.25,0.08
6/12/2022 9:00,3.25,0.2
6/12/2022 10:00,6.0,0.37
6/12/2022 11:00,8.75,0.54
6/12/2022 12:00,10.25,0.63
6/12/2022 13:00,11.25,0.69
6/12/2022 14:00,11.25,0.69
6/12/2022 15:00,10.75,0.66
6/12/2022 16:00,9.5,0.58
6/12/2022 17:00,7.75,0.47
6/12/2022 18:00,5.5,0.34
6/12/2022 19:00,2.75,0.17
6/12/2022 20:00,1.25,0.08
6/12/2022 21:00,0.25,0.02
6/12/2022 22:00,0.0,0.0
6/12/2022 23:00,0.0,0.0
6/13/2022 0:00,0.0,0.0
6/13/2022 1:00,0.0,0.0
6/13/2022 2:00,0.0,0.0
6/13/2022 3:00,0.0,0.0
6/13/2022 4:00,0.0,0.0
6/13/2022 5:00,0.0,0.0
6/13/2022 6:00,0.0,0.0
6/13/2022 7:00,0.25,0.02
6/13/2022 8:00,1.25,0.08
6/13/2022 9:00,3.0,0.18
6/13/2022 10:00,5.5,0.34
6/13/2022 11:00,8.25,0.51
6/13/2022 12:00,10.0,0.61
6/13/2022 13:00,11.0,0.67
6/13/2022 14:00,11.0,0.67
6/13/2022 15:00,10.5,0.64
6/13/2022 16:00,9.25,0.57
6/13/2022 17:00,7.5,0.46
6/13/2022 18:00,5.0,0.31
6/13/2022 19:00,2.75,0.17
6/13/2022 20:00,1.25,0.08
6/13/2022 21:00,0.25,0.02
6/13/2022 22:00,0.0,0.0
6/13/2022 23:00,0.0,0.0
6/14/2022 0:00,0.0,0.0
6/14/2022 1:00,0.0,0.0
6/14/2022 2:00,0.0,0.0
6/14/2022 3:00,0.0,0.0
6/14/2022 4:00,0.0,0.0
6/14/2022 5:00,0.0,0.0
6/14/2022 6:00,0.0,0.0
6/14/2022 7:00,0.25,0.02
6/14/2022 8:00,1.25,0.08
6/14/2022 9:00,2.75,0.17
6/14/2022 10:00,5.75,0.35
6/14/2022 11:00,8.0,0.49
6/14/2022 12:00,9.5,0.58
6/14/2022 13:00,10.5,0.64
6/14/2022 14:00,10.75,0.66
6/14/2022 15:00,10.5,0.64
6/14/2022 16:00,9.5,0.58
6/14/2022 17:00,7.0,0.43
6/14/2022 18:00,4.75,0.29
6/14/2022 19:00,2.75,0.17
6/14/2022 20:00,1.25,0.08
6/14/2022 21:00,0.25,0.02
6/14/2022 22:00,0.0,0.0
6/14/2022 23:00,0.0,0.0
6/15/2022 0:00,0.0,0.0
6/15/2022 1:00,0.0,0.0
6/15/2022 2:00,0.0,0.0
6/15/2022 3:00,0.0,0.0
6/15/2022 4:00,0.0,0.0
6/15/2022 5:00,0.0,0.0
6/15/2022 6:00,0.0,0.0
6/15/2022 7:00,0.25,0.02
6/15/2022 8:00,1.25,0.08
6/15/2022 9:00,2.75,0.17
6/15/2022 10:00,4.0,0.25
6/15/2022 11:00,6.5,0.4
6/15/2022 12:00,9.0,0.55
6/15/2022 13:00,10.25,0.63
6/15/2022 14:00,10.5,0.64
6/15/2022 15:00,8.25,0.51
6/15/2022 16:00,2.5,0.15
6/15/2022 17:00,2.25,0.14
6/15/2022 18:00,2.0,0.12
6/15/2022 19:00,3.25,0.2
6/15/2022 20:00,1.5,0.09
6/15/2022 21:00,0.25,0.02
6/15/2022 22:00,0.0,0.0
6/15/2022 23:00,0.0,0.0
6/16/2022 0:00,0.0,0.0
6/16/2022 1:00,0.0,0.0
6/16/2022 2:00,0.0,0.0
6/16/2022 3:00,0.0,0.0
6/16/2022 4:00,0.0,0.0
6/16/2022 5:00,0.0,0.0
6/16/2022 6:00,0.0,0.0
6/16/2022 7:00,0.25,0.02
6/16/2022 8:00,0.75,0.05
6/16/2022 9:00,2.0,0.12
6/16/2022 10:00,6.0,0.37
6/16/2022 11:00,8.5,0.52
6/16/2022 12:00,10.25,0.63
6/16/2022 13:00,11.25,0.69
6/16/2022 14:00,11.5,0.7
6/16/2022 15:00,11.0,0.67
6/16/2022 16:00,8.75,0.54
6/16/2022 17:00,7.0,0.43
6/16/2022 18:00,5.25,0.32
6/16/2022 19:00,2.75,0.17
6/16/2022 20:00,1.5,0.09
6/16/2022 21:00,0.25,0.02
6/16/2022 22:00,0.0,0.0
6/16/2022 23:00,0.0,0.0
6/17/2022 0:00,0.0,0.0
6/17/2022 1:00,0.0,0.0
6/17/2022 2:00,0.0,0.0
6/17/2022 3:00,0.0,0.0
6/17/2022 4:00,0.0,0.0
6/17/2022 5:00,0.0,0.0
6/17/2022 6:00,0.0,0.0
6/17/2022 7:00,0.0,0.0
6/17/2022 8:00,1.5,0.09
6/17/2022 9:00,3.0,0.18
6/17/2022 10:00,5.0,0.31
6/17/2022 11:00,7.75,0.47
6/17/2022 12:00,9.75,0.6
6/17/2022 13:00,11.0,0.67
6/17/2022 14:00,11.5,0.7
6/17/2022 15:00,10.5,0.64
6/17/2022 16:00,8.5,0.52
6/17/2022 17:00,7.25,0.44
6/17/2022 18:00,5.25,0.32
6/17/2022 19:00,2.75,0.17
6/17/2022 20:00,1.25,0.08
6/17/2022 21:00,0.0,0.0
6/17/2022 22:00,0.0,0.0
6/17/2022 23:00,0.0,0.0
6/18/2022 0:00,0.0,0.0
6/18/2022 1:00,0.0,0.0
6/18/2022 2:00,0.0,0.0
6/18/2022 3:00,0.0,0.0
6/18/2022 4:00,0.0,0.0
6/18/2022 5:00,0.0,0.0
6/18/2022 6:00,0.0,0.0
6/18/2022 7:00,0.25,0.02
6/18/2022 8:00,1.25,0.08
6/18/2022 9:00,2.5,0.15
6/18/2022 10:00,5.0,0.31
6/18/2022 11:00,8.25,0.51
6/18/2022 12:00,10.5,0.64
6/18/2022 13:00,11.75,0.72
6/18/2022 14:00,12.0,0.74
6/18/2022 15:00,11.75,0.72
6/18/2022 16:00,10.75,0.66
6/18/2022 17:00,8.75,0.54
6/18/2022 18:00,6.25,0.38
6/18/2022 19:00,3.25,0.2
6/18/2022 20:00,1.0,0.06
6/18/2022 21:00,0.25,0.02
6/18/2022 22:00,0.0,0.0
6/18/2022 23:00,0.0,0.0
6/19/2022 0:00,0.0,0.0
6/19/2022 1:00,0.0,0.0
6/19/2022 2:00,0.0,0.0
6/19/2022 3:00,0.0,0.0
6/19/2022 4:00,0.0,0.0
6/19/2022 5:00,0.0,0.0
6/19/2022 6:00,0.0,0.0
6/19/2022 7:00,0.25,0.02
6/19/2022 8:00,1.0,0.06
6/19/2022 9:00,3.25,0.2
6/19/2022 10:00,5.75,0.35
6/19/2022 11:00,8.5,0.52
6/19/2022 12:00,10.75,0.66
6/19/2022 13:00,12.25,0.75
6/19/2022 14:00,12.5,0.77
6/19/2022 15:00,12.0,0.74
6/19/2022 16:00,11.0,0.67
6/19/2022 17:00,8.75,0.54
6/19/2022 18:00,6.0,0.37
6/19/2022 19:00,3.25,0.2
6/19/2022 20:00,1.0,0.06
6/19/2022 21:00,0.25,0.02
6/19/2022 22:00,0.0,0.0
6/19/2022 23:00,0.0,0.0
6/20/2022 0:00,0.0,0.0
6/20/2022 1:00,0.0,0.0
6/20/2022 2:00,0.0,0.0
6/20/2022 3:00,0.0,0.0
6/20/2022 4:00,0.0,0.0
6/20/2022 5:00,0.0,0.0
6/20/2022 6:00,0.0,0.0
6/20/2022 7:00,0.0,0.0
6/20/2022 8:00,1.25,0.08
6/20/2022 9:00,3.75,0.23
6/20/2022 10:00,6.75,0.41
6/20/2022 11:00,9.75,0.6
6/20/2022 12:00,10.5,0.64
6/20/2022 13:00,11.0,0.67
6/20/2022 14:00,11.75,0.72
6/20/2022 15:00,11.0,0.67
6/20/2022 16:00,9.75,0.6
6/20/2022 17:00,8.75,0.54
6/20/2022 18:00,6.0,0.37
6/20/2022 19:00,3.25,0.2
6/20/2022 20:00,1.25,0.08
6/20/2022 21:00,0.0,0.0
6/20/2022 22:00,0.0,0.0
6/20/2022 23:00,0.0,0.0
6/21/2022 0:00,0.0,0.0
6/21/2022 1:00,0.0,0.0
6/21/2022 2:00,0.0,0.0
6/21/2022 3:00,0.0,0.0
6/21/2022 4:00,0.0,0.0
6/21/2022 5:00,0.0,0.0
6/21/2022 6:00,0.0,0.0
6/21/2022 7:00,0.25,0.02
6/21/2022 8:00,1.0,0.06
6/21/2022 9:00,3.5,0.21
6/21/2022 10:00,6.75,0.41
6/21/2022 11:00,9.5,0.58
6/21/2022 12:00,11.5,0.7
6/21/2022 13:00,12.5,0.77
6/21/2022 14:00,12.75,0.78
6/21/2022 15:00,12.0,0.74
6/21/2022 16:00,11.0,0.67
6/21/2022 17:00,9.0,0.55
6/21/2022 18:00,6.25,0.38
6/21/2022 19:00,3.5,0.21
6/21/2022 20:00,1.0,0.06
6/21/2022 21:00,0.0,0.0
6/21/2022 22:00,0.0,0.0
6/21/2022 23:00,0.0,0.0
6/22/2022 0:00,0.0,0.0
6/22/2022 1:00,0.0,0.0
6/22/2022 2:00,0.0,0.0
6/22/2022 3:00,0.0,0.0
6/22/2022 4:00,0.0,0.0
6/22/2022 5:00,0.0,0.0
6/22/2022 6:00,0.0,0.0
6/22/2022 7:00,0.25,0.02
6/22/2022 8:00,1.25,0.08
6/22/2022 9:00,3.5,0.21
6/22/2022 10:00,6.5,0.4
6/22/2022 11:00,7.25,0.44
6/22/2022 12:00,6.25,0.38
6/22/2022 13:00,4.75,0.29
6/22/2022 14:00,11.0,0.67
6/22/2022 15:00,9.5,0.58
6/22/2022 16:00,11.0,0.67
6/22/2022 17:00,9.0,0.55
6/22/2022 18:00,6.25,0.38
6/22/2022 19:00,4.0,0.25
6/22/2022 20:00,1.0,0.06
6/22/2022 21:00,0.0,0.0
6/22/2022 22:00,0.0,0.0
6/22/2022 23:00,0.0,0.0
6/23/2022 0:00,0.0,0.0
6/23/2022 1:00,0.0,0.0
6/23/2022 2:00,0.0,0.0
6/23/2022 3:00,0.0,0.0
6/23/2022 4:00,0.0,0.0
6/23/2022 5:00,0.0,0.0
6/23/2022 6:00,0.0,0.0
6/23/2022 7:00,0.25,0.02
6/23/2022 8:00,1.0,0.06
6/23/2022 9:00,3.75,0.23
6/23/2022 10:00,6.5,0.4
6/23/2022 11:00,9.0,0.55
6/23/2022 12:00,8.25,0.51
6/23/2022 13:00,10.75,0.66
6/23/2022 14:00,10.75,0.66
6/23/2022 15:00,10.25,0.63
6/23/2022 16:00,10.5,0.64
6/23/2022 17:00,8.0,0.49
6/23/2022 18:00,6.25,0.38
6/23/2022 19:00,3.25,0.2
6/23/2022 20:00,1.0,0.06
6/23/2022 21:00,0.25,0.02
6/23/2022 22:00,0.0,0.0
6/23/2022 23:00,0.0,0.0
6/24/2022 0:00,0.0,0.0
6/24/2022 1:00,0.0,0.0
6/24/2022 2:00,0.0,0.0
6/24/2022 3:00,0.0,0.0
6/24/2022 4:00,0.0,0.0
6/24/2022 5:00,0.0,0.0
6/24/2022 6:00,0.0,0.0
6/24/2022 7:00,0.0,0.0
6/24/2022 8:00,1.25,0.08
6/24/2022 9:00,3.5,0.21
6/24/2022 10:00,6.5,0.4
6/24/2022 11:00,9.0,0.55
6/24/2022 12:00,11.25,0.69
6/24/2022 13:00,12.25,0.75
6/24/2022 14:00,12.75,0.78
6/24/2022 15:00,12.5,0.77
6/24/2022 16:00,11.25,0.69
6/24/2022 17:00,9.25,0.57
6/24/2022 18:00,6.25,0.38
6/24/2022 19:00,3.25,0.2
6/24/2022 20:00,1.0,0.06
6/24/2022 21:00,0.25,0.02
6/24/2022 22:00,0.0,0.0
6/24/2022 23:00,0.0,0.0
6/25/2022 0:00,0.0,0.0
6/25/2022 1:00,0.0,0.0
6/25/2022 2:00,0.0,0.0
6/25/2022 3:00,0.0,0.0
6/25/2022 4:00,0.0,0.0
6/25/2022 5:00,0.0,0.0
6/25/2022 6:00,0.0,0.0
6/25/2022 7:00,0.0,0.0
6/25/2022 8:00,1.25,0.08
6/25/2022 9:00,3.0,0.18
6/25/2022 10:00,6.5,0.4
6/25/2022 11:00,9.5,0.58
6/25/2022 12:00,11.25,0.69
6/25/2022 13:00,12.5,0.77
6/25/2022 14:00,12.5,0.77
6/25/2022 15:00,12.5,0.77
6/25/2022 16:00,11.0,0.67
6/25/2022 17:00,9.0,0.55
6/25/2022 18:00,5.75,0.35
6/25/2022 19:00,3.0,0.18
6/25/2022 20:00,1.0,0.06
6/25/2022 21:00,0.25,0.02
6/25/2022 22:00,0.0,0.0
6/25/2022 23:00,0.0,0.0
6/26/2022 0:00,0.0,0.0
6/26/2022 1:00,0.0,0.0
6/26/2022 2:00,0.0,0.0
6/26/2022 3:00,0.0,0.0
6/26/2022 4:00,0.0,0.0
6/26/2022 5:00,0.0,0.0
6/26/2022 6:00,0.0,0.0
6/26/2022 7:00,0.0,0.0
6/26/2022 8:00,1.25,0.08
6/26/2022 9:00,3.75,0.23
6/26/2022 10:00,7.0,0.43
6/26/2022 11:00,9.75,0.6
6/26/2022 12:00,11.5,0.7
6/26/2022 13:00,12.25,0.75
6/26/2022 14:00,12.25,0.75
6/26/2022 15:00,12.0,0.74
6/26/2022 16:00,11.0,0.67
6/26/2022 17:00,8.75,0.54
6/26/2022 18:00,6.25,0.38
6/26/2022 19:00,3.25,0.2
6/26/2022 20:00,1.0,0.06
6/26/2022 21:00,0.25,0.02
6/26/2022 22:00,0.0,0.0
6/26/2022 23:00,0.0,0.0
6/27/2022 0:00,0.0,0.0
6/27/2022 1:00,0.0,0.0
6/27/2022 2:00,0.0,0.0
6/27/2022 3:00,0.0,0.0
6/27/2022 4:00,0.0,0.0
6/27/2022 5:00,0.0,0.0
6/27/2022 6:00,0.0,0.0
6/27/2022 7:00,0.0,0.0
6/27/2022 8:00,1.25,0.08
6/27/2022 9:00,3.75,0.23
6/27/2022 10:00,6.75,0.41
6/27/2022 11:00,9.75,0.6
6/27/2022 12:00,11.25,0.69
6/27/2022 13:00,12.25,0.75
6/27/2022 14:00,12.5,0.77
6/27/2022 15:00,12.0,0.74
6/27/2022 16:00,11.0,0.67
6/27/2022 17:00,9.0,0.55
6/27/2022 18:00,6.0,0.37
6/27/2022 19:00,3.5,0.21
6/27/2022 20:00,1.0,0.06
6/27/2022 21:00,0.25,0.02
6/27/2022 22:00,0.0,0.0
6/27/2022 23:00,0.0,0.0
6/28/2022 0:00,0.0,0.0
6/28/2022 1:00,0.0,0.0
6/28/2022 2:00,0.0,0.0
6/28/2022 3:00,0.0,0.0
6/28/2022 4:00,0.0,0.0
6/28/2022 5:00,0.0,0.0
6/28/2022 6:00,0.0,0.0
6/28/2022 7:00,0.0,0.0
6/28/2022 8:00,1.25,0.08
6/28/2022 9:00,3.5,0.21
6/28/2022 10:00,6.5,0.4
6/28/2022 11:00,9.5,0.58
6/28/2022 12:00,11.25,0.69
6/28/2022 13:00,12.25,0.75
6/28/2022 14:00,12.0,0.74
6/28/2022 15:00,12.0,0.74
6/28/2022 16:00,11.0,0.67
6/28/2022 17:00,9.0,0.55
6/28/2022 18:00,6.0,0.37
6/28/2022 19:00,3.25,0.2
6/28/2022 20:00,1.25,0.08
6/28/2022 21:00,0.0,0.0
6/28/2022 22:00,0.0,0.0
6/28/2022 23:00,0.0,0.0
6/29/2022 0:00,0.0,0.0
6/29/2022 1:00,0.0,0.0
6/29/2022 2:00,0.0,0.0
6/29/2022 3:00,0.0,0.0
6/29/2022 4:00,0.0,0.0
6/29/2022 5:00,0.0,0.0
6/29/2022 6:00,0.0,0.0
6/29/2022 7:00,0.25,0.02
6/29/2022 8:00,1.0,0.06
6/29/2022 9:00,3.5,0.21
6/29/2022 10:00,6.5,0.4
6/29/2022 11:00,9.25,0.57
6/29/2022 12:00,11.0,0.67
6/29/2022 13:00,12.0,0.74
6/29/2022 14:00,12.25,0.75
6/29/2022 15:00,12.25,0.75
6/29/2022 16:00,11.0,0.67
6/29/2022 17:00,9.0,0.55
6/29/2022 18:00,6.0,0.37
6/29/2022 19:00,3.25,0.2
6/29/2022 20:00,1.0,0.06
6/29/2022 21:00,0.25,0.02
6/29/2022 22:00,0.0,0.0
6/29/2022 23:00,0.0,0.0
6/30/2022 0:00,0.0,0.0
6/30/2022 1:00,0.0,0.0
6/30/2022 2:00,0.0,0.0
6/30/2022 3:00,0.0,0.0
6/30/2022 4:00,0.0,0.0
6/30/2022 5:00,0.0,0.0
6/30/2022 6:00,0.0,0.0
6/30/2022 7:00,0.0,0.0
6/30/2022 8:00,1.0,0.06
6/30/2022 9:00,3.75,0.23
6/30/2022 10:00,6.75,0.41
6/30/2022 11:00,9.25,0.57
6/30/2022 12:00,10.75,0.66
6/30/2022 13:00,12.25,0.75
6/30/2022 14:00,12.75,0.78
6/30/2022 15:00,12.5,0.77
6/30/2022 16:00,11.0,0.67
6/30/2022 17:00,9.0,0.55
6/30/2022 18:00,5.5,0.34
6/30/2022 19:00,3.0,0.18
6/30/2022 20:00,1.75,0.11
6/30/2022 21:00,0.25,0.02
6/30/2022 22:00,0.0,0.0
6/30/2022 23:00,0.0,0.0
7/1/2022 0:00,0.0,0.0
7/1/2022 1:00,0.0,0.0
7/1/2022 2:00,0.0,0.0
7/1/2022 3:00,0.0,0.0
7/1/2022 4:00,0.0,0.0
7/1/2022 5:00,0.0,0.0
7/1/2022 6:00,0.0,0.0
7/1/2022 7:00,0.25,0.02
7/1/2022 8:00,1.0,0.06
7/1/2022 9:00,3.5,0.21
7/1/2022 10:00,6.25,0.38
7/1/2022 11:00,8.75,0.54
7/1/2022 12:00,10.5,0.64
7/1/2022 13:00,11.75,0.72
7/1/2022 14:00,12.25,0.75
7/1/2022 15:00,12.0,0.74
7/1/2022 16:00,11.0,0.67
7/1/2022 17:00,8.75,0.54
7/1/2022 18:00,6.0,0.37
7/1/2022 19:00,3.5,0.21
7/1/2022 20:00,1.0,0.06
7/1/2022 21:00,0.0,0.0
7/1/2022 22:00,0.0,0.0
7/1/2022 23:00,0.0,0.0
7/2/2022 0:00,0.0,0.0
7/2/2022 1:00,0.0,0.0
7/2/2022 2:00,0.0,0.0
7/2/2022 3:00,0.0,0.0
7/2/2022 4:00,0.0,0.0
7/2/2022 5:00,0.0,0.0
7/2/2022 6:00,0.0,0.0
7/2/2022 7:00,0.25,0.02
7/2/2022 8:00,1.0,0.06
7/2/2022 9:00,3.0,0.18
7/2/2022 10:00,5.25,0.32
7/2/2022 11:00,8.0,0.49
7/2/2022 12:00,8.5,0.52
7/2/2022 13:00,4.75,0.29
7/2/2022 14:00,7.25,0.44
7/2/2022 15:00,11.25,0.69
7/2/2022 16:00,10.25,0.63
7/2/2022 17:00,8.5,0.52
7/2/2022 18:00,5.75,0.35
7/2/2022 19:00,3.25,0.2
7/2/2022 20:00,1.0,0.06
7/2/2022 21:00,0.25,0.02
7/2/2022 22:00,0.0,0.0
7/2/2022 23:00,0.0,0.0
7/3/2022 0:00,0.0,0.0
7/3/2022 1:00,0.0,0.0
7/3/2022 2:00,0.0,0.0
7/3/2022 3:00,0.0,0.0
7/3/2022 4:00,0.0,0.0
7/3/2022 5:00,0.0,0.0
7/3/2022 6:00,0.0,0.0
7/3/2022 7:00,0.0,0.0
7/3/2022 8:00,0.75,0.05
7/3/2022 9:00,2.25,0.14
7/3/2022 10:00,3.5,0.21
7/3/2022 11:00,4.25,0.26
7/3/2022 12:00,5.5,0.34
7/3/2022 13:00,7.5,0.46
7/3/2022 14:00,12.0,0.74
7/3/2022 15:00,12.5,0.77
7/3/2022 16:00,11.5,0.7
7/3/2022 17:00,9.25,0.57
7/3/2022 18:00,6.25,0.38
7/3/2022 19:00,3.25,0.2
7/3/2022 20:00,1.25,0.08
7/3/2022 21:00,0.0,0.0
7/3/2022 22:00,0.0,0.0
7/3/2022 23:00,0.0,0.0
7/4/2022 0:00,0.0,0.0
7/4/2022 1:00,0.0,0.0
7/4/2022 2:00,0.0,0.0
7/4/2022 3:00,0.0,0.0
7/4/2022 4:00,0.0,0.0
7/4/2022 5:00,0.0,0.0
7/4/2022 6:00,0.0,0.0
7/4/2022 7:00,0.25,0.02
7/4/2022 8:00,1.0,0.06
7/4/2022 9:00,3.5,0.21
7/4/2022 10:00,6.0,0.37
7/4/2022 11:00,9.0,0.55
7/4/2022 12:00,10.75,0.66
7/4/2022 13:00,11.75,0.72
7/4/2022 14:00,12.25,0.75
7/4/2022 15:00,12.0,0.74
7/4/2022 16:00,11.0,0.67
7/4/2022 17:00,9.0,0.55
7/4/2022 18:00,6.0,0.37
7/4/2022 19:00,3.25,0.2
7/4/2022 20:00,1.0,0.06
7/4/2022 21:00,0.25,0.02
7/4/2022 22:00,0.0,0.0
7/4/2022 23:00,0.0,0.0
7/5/2022 0:00,0.0,0.0
7/5/2022 1:00,0.0,0.0
7/5/2022 2:00,0.0,0.0
7/5/2022 3:00,0.0,0.0
7/5/2022 4:00,0.0,0.0
7/5/2022 5:00,0.0,0.0
7/5/2022 6:00,0.0,0.0
7/5/2022 7:00,0.0,0.0
7/5/2022 8:00,1.25,0.08
7/5/2022 9:00,3.25,0.2
7/5/2022 10:00,6.0,0.37
7/5/2022 11:00,9.25,0.57
7/5/2022 12:00,11.0,0.67
7/5/2022 13:00,12.0,0.74
7/5/2022 14:00,12.5,0.77
7/5/2022 15:00,12.25,0.75
7/5/2022 16:00,11.0,0.67
7/5/2022 17:00,9.25,0.57
7/5/2022 18:00,6.25,0.38
7/5/2022 19:00,3.25,0.2
7/5/2022 20:00,1.0,0.06
7/5/2022 21:00,0.25,0.02
7/5/2022 22:00,0.0,0.0
7/5/2022 23:00,0.0,0.0
7/6/2022 0:00,0.0,0.0
7/6/2022 1:00,0.0,0.0
7/6/2022 2:00,0.0,0.0
7/6/2022 3:00,0.0,0.0
7/6/2022 4:00,0.0,0.0
7/6/2022 5:00,0.0,0.0
7/6/2022 6:00,0.0,0.0
7/6/2022 7:00,0.0,0.0
7/6/2022 8:00,1.0,0.06
7/6/2022 9:00,3.25,0.2
7/6/2022 10:00,6.0,0.37
7/6/2022 11:00,9.0,0.55
7/6/2022 12:00,10.75,0.66
7/6/2022 13:00,11.75,0.72
7/6/2022 14:00,12.0,0.74
7/6/2022 15:00,12.0,0.74
7/6/2022 16:00,10.75,0.66
7/6/2022 17:00,8.75,0.54
7/6/2022 18:00,6.0,0.37
7/6/2022 19:00,3.0,0.18
7/6/2022 20:00,1.25,0.08
7/6/2022 21:00,0.0,0.0
7/6/2022 22:00,0.0,0.0
7/6/2022 23:00,0.0,0.0
7/7/2022 0:00,0.0,0.0
7/7/2022 1:00,0.0,0.0
7/7/2022 2:00,0.0,0.0
7/7/2022 3:00,0.0,0.0
7/7/2022 4:00,0.0,0.0
7/7/2022 5:00,0.0,0.0
7/7/2022 6:00,0.0,0.0
7/7/2022 7:00,0.25,0.02
7/7/2022 8:00,0.75,0.05
7/7/2022 9:00,3.25,0.2
7/7/2022 10:00,5.75,0.35
7/7/2022 11:00,8.5,0.52
7/7/2022 12:00,10.25,0.63
7/7/2022 13:00,11.5,0.7
7/7/2022 14:00,12.0,0.74
7/7/2022 15:00,11.25,0.69
7/7/2022 16:00,10.5,0.64
7/7/2022 17:00,8.5,0.52
7/7/2022 18:00,6.0,0.37
7/7/2022 19:00,3.0,0.18
7/7/2022 20:00,1.0,0.06
7/7/2022 21:00,0.25,0.02
7/7/2022 22:00,0.0,0.0
7/7/2022 23:00,0.0,0.0
7/8/2022 0:00,0.0,0.0
7/8/2022 1:00,0.0,0.0
7/8/2022 2:00,0.0,0.0
7/8/2022 3:00,0.0,0.0
7/8/2022 4:00,0.0,0.0
7/8/2022 5:00,0.0,0.0
7/8/2022 6:00,0.0,0.0
7/8/2022 7:00,0.0,0.0
7/8/2022 8:00,1.0,0.06
7/8/2022 9:00,3.0,0.18
7/8/2022 10:00,5.5,0.34
7/8/2022 11:00,8.5,0.52
7/8/2022 12:00,10.25,0.63
7/8/2022 13:00,11.0,0.67
7/8/2022 14:00,11.25,0.69
7/8/2022 15:00,11.0,0.67
7/8/2022 16:00,10.0,0.61
7/8/2022 17:00,8.5,0.52
7/8/2022 18:00,5.5,0.34
7/8/2022 19:00,3.0,0.18
7/8/2022 20:00,1.25,0.08
7/8/2022 21:00,0.0,0.0
7/8/2022 22:00,0.0,0.0
7/8/2022 23:00,0.0,0.0
7/9/2022 0:00,0.0,0.0
7/9/2022 1:00,0.0,0.0
7/9/2022 2:00,0.0,0.0
7/9/2022 3:00,0.0,0.0
7/9/2022 4:00,0.0,0.0
7/9/2022 5:00,0.0,0.0
7/9/2022 6:00,0.0,0.0
7/9/2022 7:00,0.25,0.02
7/9/2022 8:00,0.75,0.05
7/9/2022 9:00,3.0,0.18
7/9/2022 10:00,5.75,0.35
7/9/2022 11:00,8.25,0.51
7/9/2022 12:00,10.25,0.63
7/9/2022 13:00,11.0,0.67
7/9/2022 14:00,11.25,0.69
7/9/2022 15:00,11.25,0.69
7/9/2022 16:00,10.0,0.61
7/9/2022 17:00,8.5,0.52
7/9/2022 18:00,5.75,0.35
7/9/2022 19:00,3.0,0.18
7/9/2022 20:00,1.0,0.06
7/9/2022 21:00,0.25,0.02
7/9/2022 22:00,0.0,0.0
7/9/2022 23:00,0.0,0.0
7/10/2022 0:00,0.0,0.0
7/10/2022 1:00,0.0,0.0
7/10/2022 2:00,0.0,0.0
7/10/2022 3:00,0.0,0.0
7/10/2022 4:00,0.0,0.0
7/10/2022 5:00,0.0,0.0
7/10/2022 6:00,0.0,0.0
7/10/2022 7:00,0.0,0.0
7/10/2022 8:00,1.0,0.06
7/10/2022 9:00,2.75,0.17
7/10/2022 10:00,5.5,0.34
7/10/2022 11:00,8.25,0.51
7/10/2022 12:00,9.75,0.6
7/10/2022 13:00,11.0,0.67
7/10/2022 14:00,11.25,0.69
7/10/2022 15:00,11.0,0.67
7/10/2022 16:00,10.25,0.63
7/10/2022 17:00,8.25,0.51
7/10/2022 18:00,5.5,0.34
7/10/2022 19:00,3.25,0.2
7/10/2022 20:00,1.0,0.06
7/10/2022 21:00,0.0,0.0
7/10/2022 22:00,0.0,0.0
7/10/2022 23:00,0.0,0.0
7/11/2022 0:00,0.0,0.0
7/11/2022 1:00,0.0,0.0
7/11/2022 2:00,0.0,0.0
7/11/2022 3:00,0.0,0.0
7/11/2022 4:00,0.0,0.0
7/11/2022 5:00,0.0,0.0
7/11/2022 6:00,0.0,0.0
7/11/2022 7:00,0.25,0.02
7/11/2022 8:00,0.75,0.05
7/11/2022 9:00,3.0,0.18
7/11/2022 10:00,5.5,0.34
7/11/2022 11:00,8.25,0.51
7/11/2022 12:00,10.25,0.63
7/11/2022 13:00,11.0,0.67
7/11/2022 14:00,11.5,0.7
7/11/2022 15:00,11.0,0.67
7/11/2022 16:00,10.25,0.63
7/11/2022 17:00,6.75,0.41
7/11/2022 18:00,3.75,0.23
7/11/2022 19:00,2.25,0.14
7/11/2022 20:00,1.0,0.06
7/11/2022 21:00,0.25,0.02
7/11/2022 22:00,0.0,0.0
7/11/2022 23:00,0.0,0.0
7/12/2022 0:00,0.0,0.0
7/12/2022 1:00,0.0,0.0
7/12/2022 2:00,0.0,0.0
7/12/2022 3:00,0.0,0.0
7/12/2022 4:00,0.0,0.0
7/12/2022 5:00,0.0,0.0
7/12/2022 6:00,0.0,0.0
7/12/2022 7:00,0.0,0.0
7/12/2022 8:00,0.75,0.05
7/12/2022 9:00,2.25,0.14
7/12/2022 10:00,4.75,0.29
7/12/2022 11:00,6.5,0.4
7/12/2022 12:00,7.25,0.44
7/12/2022 13:00,11.5,0.7
7/12/2022 14:00,12.25,0.75
7/12/2022 15:00,12.0,0.74
7/12/2022 16:00,7.0,0.43
7/12/2022 17:00,5.5,0.34
7/12/2022 18:00,4.25,0.26
7/12/2022 19:00,2.75,0.17
7/12/2022 20:00,1.0,0.06
7/12/2022 21:00,0.0,0.0
7/12/2022 22:00,0.0,0.0
7/12/2022 23:00,0.0,0.0
7/13/2022 0:00,0.0,0.0
7/13/2022 1:00,0.0,0.0
7/13/2022 2:00,0.0,0.0
7/13/2022 3:00,0.0,0.0
7/13/2022 4:00,0.0,0.0
7/13/2022 5:00,0.0,0.0
7/13/2022 6:00,0.0,0.0
7/13/2022 7:00,0.25,0.02
7/13/2022 8:00,0.75,0.05
7/13/2022 9:00,2.75,0.17
7/13/2022 10:00,5.25,0.32
7/13/2022 11:00,8.0,0.49
7/13/2022 12:00,9.75,0.6
7/13/2022 13:00,10.75,0.66
7/13/2022 14:00,11.25,0.69
7/13/2022 15:00,10.75,0.66
7/13/2022 16:00,9.5,0.58
7/13/2022 17:00,6.25,0.38
7/13/2022 18:00,5.0,0.31
7/13/2022 19:00,3.0,0.18
7/13/2022 20:00,1.0,0.06
7/13/2022 21:00,0.0,0.0
7/13/2022 22:00,0.0,0.0
7/13/2022 23:00,0.0,0.0
7/14/2022 0:00,0.0,0.0
7/14/2022 1:00,0.0,0.0
7/14/2022 2:00,0.0,0.0
7/14/2022 3:00,0.0,0.0
7/14/2022 4:00,0.0,0.0
7/14/2022 5:00,0.0,0.0
7/14/2022 6:00,0.0,0.0
7/14/2022 7:00,0.25,0.02
7/14/2022 8:00,1.25,0.08
7/14/2022 9:00,2.5,0.15
7/14/2022 10:00,5.5,0.34
7/14/2022 11:00,8.0,0.49
7/14/2022 12:00,10.0,0.61
7/14/2022 13:00,11.0,0.67
7/14/2022 14:00,11.25,0.69
7/14/2022 15:00,10.75,0.66
7/14/2022 16:00,9.0,0.55
7/14/2022 17:00,7.0,0.43
7/14/2022 18:00,4.5,0.28
7/14/2022 19:00,2.75,0.17
7/14/2022 20:00,0.5,0.03
7/14/2022 21:00,0.25,0.02
7/14/2022 22:00,0.0,0.0
7/14/2022 23:00,0.0,0.0
7/15/2022 0:00,0.0,0.0
7/15/2022 1:00,0.0,0.0
7/15/2022 2:00,0.0,0.0
7/15/2022 3:00,0.0,0.0
7/15/2022 4:00,0.0,0.0
7/15/2022 5:00,0.0,0.0
7/15/2022 6:00,0.0,0.0
7/15/2022 7:00,0.0,0.0
7/15/2022 8:00,0.75,0.05
7/15/2022 9:00,2.75,0.17
7/15/2022 10:00,5.25,0.32
7/15/2022 11:00,7.75,0.47
7/15/2022 12:00,9.5,0.58
7/15/2022 13:00,10.75,0.66
7/15/2022 14:00,10.75,0.66
7/15/2022 15:00,10.5,0.64
7/15/2022 16:00,10.0,0.61
7/15/2022 17:00,8.25,0.51
7/15/2022 18:00,5.5,0.34
7/15/2022 19:00,3.5,0.21
7/15/2022 20:00,1.0,0.06
7/15/2022 21:00,0.25,0.02
7/15/2022 22:00,0.0,0.0
7/15/2022 23:00,0.0,0.0
7/16/2022 0:00,0.0,0.0
7/16/2022 1:00,0.0,0.0
7/16/2022 2:00,0.0,0.0
7/16/2022 3:00,0.0,0.0
7/16/2022 4:00,0.0,0.0
7/16/2022 5:00,0.0,0.0
7/16/2022 6:00,0.0,0.0
7/16/2022 7:00,0.0,0.0
7/16/2022 8:00,1.0,0.06
7/16/2022 9:00,2.75,0.17
7/16/2022 10:00,5.25,0.32
7/16/2022 11:00,8.25,0.51
7/16/2022 12:00,10.0,0.61
7/16/2022 13:00,11.25,0.69
7/16/2022 14:00,11.25,0.69
7/16/2022 15:00,11.25,0.69
7/16/2022 16:00,10.5,0.64
7/16/2022 17:00,8.5,0.52
7/16/2022 18:00,5.75,0.35
7/16/2022 19:00,3.25,0.2
7/16/2022 20:00,1.25,0.08
7/16/2022 21:00,0.25,0.02
7/16/2022 22:00,0.0,0.0
7/16/2022 23:00,0.0,0.0
7/17/2022 0:00,0.0,0.0
7/17/2022 1:00,0.0,0.0
7/17/2022 2:00,0.0,0.0
7/17/2022 3:00,0.0,0.0
7/17/2022 4:00,0.0,0.0
7/17/2022 5:00,0.0,0.0
7/17/2022 6:00,0.0,0.0
7/17/2022 7:00,0.25,0.02
7/17/2022 8:00,1.0,0.06
7/17/2022 9:00,2.75,0.17
7/17/2022 10:00,3.25,0.2
7/17/2022 11:00,4.75,0.29
7/17/2022 12:00,8.0,0.49
7/17/2022 13:00,10.25,0.63
7/17/2022 14:00,11.25,0.69
7/17/2022 15:00,10.25,0.63
7/17/2022 16:00,9.75,0.6
7/17/2022 17:00,8.25,0.51
7/17/2022 18:00,5.75,0.35
7/17/2022 19:00,3.0,0.18
7/17/2022 20:00,1.0,0.06
7/17/2022 21:00,0.25,0.02
7/17/2022 22:00,0.0,0.0
7/17/2022 23:00,0.0,0.0
7/18/2022 0:00,0.0,0.0
7/18/2022 1:00,0.0,0.0
7/18/2022 2:00,0.0,0.0
7/18/2022 3:00,0.0,0.0
7/18/2022 4:00,0.0,0.0
7/18/2022 5:00,0.0,0.0
7/18/2022 6:00,0.0,0.0
7/18/2022 7:00,0.25,0.02
7/18/2022 8:00,0.75,0.05
7/18/2022 9:00,2.75,0.17
7/18/2022 10:00,5.25,0.32
7/18/2022 11:00,8.25,0.51
7/18/2022 12:00,10.25,0.63
7/18/2022 13:00,11.25,0.69
7/18/2022 14:00,12.0,0.74
7/18/2022 15:00,11.75,0.72
7/18/2022 16:00,11.0,0.67
7/18/2022 17:00,8.75,0.54
7/18/2022 18:00,6.0,0.37
7/18/2022 19:00,3.25,0.2
7/18/2022 20:00,1.25,0.08
7/18/2022 21:00,0.0,0.0
7/18/2022 22:00,0.0,0.0
7/18/2022 23:00,0.0,0.0
7/19/2022 0:00,0.0,0.0
7/19/2022 1:00,0.0,0.0
7/19/2022 2:00,0.0,0.0
7/19/2022 3:00,0.0,0.0
7/19/2022 4:00,0.0,0.0
7/19/2022 5:00,0.0,0.0
7/19/2022 6:00,0.0,0.0
7/19/2022 7:00,0.25,0.02
7/19/2022 8:00,0.75,0.05
7/19/2022 9:00,3.0,0.18
7/19/2022 10:00,6.25,0.38
7/19/2022 11:00,9.0,0.55
7/19/2022 12:00,11.0,0.67
7/19/2022 13:00,11.75,0.72
7/19/2022 14:00,12.25,0.75
7/19/2022 15:00,12.0,0.74
7/19/2022 16:00,11.25,0.69
7/19/2022 17:00,9.0,0.55
7/19/2022 18:00,6.0,0.37
7/19/2022 19:00,3.25,0.2
7/19/2022 20:00,1.25,0.08
7/19/2022 21:00,0.0,0.0
7/19/2022 22:00,0.0,0.0
7/19/2022 23:00,0.0,0.0
7/20/2022 0:00,0.0,0.0
7/20/2022 1:00,0.0,0.0
7/20/2022 2:00,0.0,0.0
7/20/2022 3:00,0.0,0.0
7/20/2022 4:00,0.0,0.0
7/20/2022 5:00,0.0,0.0
7/20/2022 6:00,0.0,0.0
7/20/2022 7:00,0.0,0.0
7/20/2022 8:00,0.75,0.05
7/20/2022 9:00,3.0,0.18
7/20/2022 10:00,5.75,0.35
7/20/2022 11:00,8.5,0.52
7/20/2022 12:00,10.25,0.63
7/20/2022 13:00,11.5,0.7
7/20/2022 14:00,11.75,0.72
7/20/2022 15:00,12.0,0.74
7/20/2022 16:00,11.0,0.67
7/20/2022 17:00,8.5,0.52
7/20/2022 18:00,6.0,0.37
7/20/2022 19:00,3.25,0.2
7/20/2022 20:00,1.0,0.06
7/20/2022 21:00,0.25,0.02
7/20/2022 22:00,0.0,0.0
7/20/2022 23:00,0.0,0.0
7/21/2022 0:00,0.0,0.0
7/21/2022 1:00,0.0,0.0
7/21/2022 2:00,0.0,0.0
7/21/2022 3:00,0.0,0.0
7/21/2022 4:00,0.0,0.0
7/21/2022 5:00,0.0,0.0
7/21/2022 6:00,0.0,0.0
7/21/2022 7:00,0.0,0.0
7/21/2022 8:00,0.75,0.05
7/21/2022 9:00,2.75,0.17
7/21/2022 10:00,5.5,0.34
7/21/2022 11:00,8.25,0.51
7/21/2022 12:00,10.25,0.63
7/21/2022 13:00,11.25,0.69
7/21/2022 14:00,11.5,0.7
7/21/2022 15:00,11.0,0.67
7/21/2022 16:00,9.75,0.6
7/21/2022 17:00,8.0,0.49
7/21/2022 18:00,4.75,0.29
7/21/2022 19:00,3.0,0.18
7/21/2022 20:00,1.0,0.06
7/21/2022 21:00,0.0,0.0
7/21/2022 22:00,0.0,0.0
7/21/2022 23:00,0.0,0.0
7/22/2022 0:00,0.0,0.0
7/22/2022 1:00,0.0,0.0
7/22/2022 2:00,0.0,0.0
7/22/2022 3:00,0.0,0.0
7/22/2022 4:00,0.0,0.0
7/22/2022 5:00,0.0,0.0
7/22/2022 6:00,0.0,0.0
7/22/2022 7:00,0.25,0.02
7/22/2022 8:00,0.75,0.05
7/22/2022 9:00,2.5,0.15
7/22/2022 10:00,5.0,0.31
7/22/2022 11:00,7.75,0.47
7/22/2022 12:00,9.75,0.6
7/22/2022 13:00,10.75,0.66
7/22/2022 14:00,11.25,0.69
7/22/2022 15:00,11.25,0.69
7/22/2022 16:00,10.0,0.61
7/22/2022 17:00,8.25,0.51
7/22/2022 18:00,5.5,0.34
7/22/2022 19:00,3.0,0.18
7/22/2022 20:00,1.0,0.06
7/22/2022 21:00,0.25,0.02
7/22/2022 22:00,0.0,0.0
7/22/2022 23:00,0.0,0.0
7/23/2022 0:00,0.0,0.0
7/23/2022 1:00,0.0,0.0
7/23/2022 2:00,0.0,0.0
7/23/2022 3:00,0.0,0.0
7/23/2022 4:00,0.0,0.0
7/23/2022 5:00,0.0,0.0
7/23/2022 6:00,0.0,0.0
7/23/2022 7:00,0.0,0.0
7/23/2022 8:00,0.75,0.05
7/23/2022 9:00,2.75,0.17
7/23/2022 10:00,5.0,0.31
7/23/2022 11:00,8.0,0.49
7/23/2022 12:00,10.0,0.61
7/23/2022 13:00,11.0,0.67
7/23/2022 14:00,11.25,0.69
7/23/2022 15:00,11.25,0.69
7/23/2022 16:00,10.25,0.63
7/23/2022 17:00,8.0,0.49
7/23/2022 18:00,5.5,0.34
7/23/2022 19:00,3.25,0.2
7/23/2022 20:00,1.0,0.06
7/23/2022 21:00,0.25,0.02
7/23/2022 22:00,0.0,0.0
7/23/2022 23:00,0.0,0.0
7/24/2022 0:00,0.0,0.0
7/24/2022 1:00,0.0,0.0
7/24/2022 2:00,0.0,0.0
7/24/2022 3:00,0.0,0.0
7/24/2022 4:00,0.0,0.0
7/24/2022 5:00,0.0,0.0
7/24/2022 6:00,0.0,0.0
7/24/2022 7:00,0.0,0.0
7/24/2022 8:00,0.75,0.05
7/24/2022 9:00,2.5,0.15
7/24/2022 10:00,5.25,0.32
7/24/2022 11:00,7.5,0.46
7/24/2022 12:00,7.5,0.46
7/24/2022 13:00,9.5,0.58
7/24/2022 14:00,11.0,0.67
7/24/2022 15:00,10.75,0.66
7/24/2022 16:00,8.5,0.52
7/24/2022 17:00,8.0,0.49
7/24/2022 18:00,4.75,0.29
7/24/2022 19:00,1.75,0.11
7/24/2022 20:00,0.75,0.05
7/24/2022 21:00,0.25,0.02
7/24/2022 22:00,0.0,0.0
7/24/2022 23:00,0.0,0.0
7/25/2022 0:00,0.0,0.0
7/25/2022 1:00,0.0,0.0
7/25/2022 2:00,0.0,0.0
7/25/2022 3:00,0.0,0.0
7/25/2022 4:00,0.0,0.0
7/25/2022 5:00,0.0,0.0
7/25/2022 6:00,0.0,0.0
7/25/2022 7:00,0.0,0.0
7/25/2022 8:00,0.75,0.05
7/25/2022 9:00,2.25,0.14
7/25/2022 10:00,5.0,0.31
7/25/2022 11:00,7.75,0.47
7/25/2022 12:00,9.5,0.58
7/25/2022 13:00,11.0,0.67
7/25/2022 14:00,11.25,0.69
7/25/2022 15:00,11.25,0.69
7/25/2022 16:00,10.25,0.63
7/25/2022 17:00,8.25,0.51
7/25/2022 18:00,5.5,0.34
7/25/2022 19:00,2.75,0.17
7/25/2022 20:00,0.75,0.05
7/25/2022 21:00,0.25,0.02
7/25/2022 22:00,0.0,0.0
7/25/2022 23:00,0.0,0.0
7/26/2022 0:00,0.0,0.0
7/26/2022 1:00,0.0,0.0
7/26/2022 2:00,0.0,0.0
7/26/2022 3:00,0.0,0.0
7/26/2022 4:00,0.0,0.0
7/26/2022 5:00,0.0,0.0
7/26/2022 6:00,0.0,0.0
7/26/2022 7:00,0.0,0.0
7/26/2022 8:00,0.75,0.05
7/26/2022 9:00,2.5,0.15
7/26/2022 10:00,5.5,0.34
7/26/2022 11:00,8.25,0.51
7/26/2022 12:00,10.5,0.64
7/26/2022 13:00,11.0,0.67
7/26/2022 14:00,11.75,0.72
7/26/2022 15:00,11.5,0.7
7/26/2022 16:00,10.25,0.63
7/26/2022 17:00,8.25,0.51
7/26/2022 18:00,5.5,0.34
7/26/2022 19:00,3.25,0.2
7/26/2022 20:00,0.75,0.05
7/26/2022 21:00,0.25,0.02
7/26/2022 22:00,0.0,0.0
7/26/2022 23:00,0.0,0.0
7/27/2022 0:00,0.0,0.0
7/27/2022 1:00,0.0,0.0
7/27/2022 2:00,0.0,0.0
7/27/2022 3:00,0.0,0.0
7/27/2022 4:00,0.0,0.0
7/27/2022 5:00,0.0,0.0
7/27/2022 6:00,0.0,0.0
7/27/2022 7:00,0.0,0.0
7/27/2022 8:00,0.5,0.03
7/27/2022 9:00,2.75,0.17
7/27/2022 10:00,5.75,0.35
7/27/2022 11:00,8.75,0.54
7/27/2022 12:00,10.75,0.66
7/27/2022 13:00,12.0,0.74
7/27/2022 14:00,12.5,0.77
7/27/2022 15:00,12.0,0.74
7/27/2022 16:00,11.25,0.69
7/27/2022 17:00,8.75,0.54
7/27/2022 18:00,5.75,0.35
7/27/2022 19:00,3.25,0.2
7/27/2022 20:00,0.75,0.05
7/27/2022 21:00,0.25,0.02
7/27/2022 22:00,0.0,0.0
7/27/2022 23:00,0.0,0.0
7/28/2022 0:00,0.0,0.0
7/28/2022 1:00,0.0,0.0
7/28/2022 2:00,0.0,0.0
7/28/2022 3:00,0.0,0.0
7/28/2022 4:00,0.0,0.0
7/28/2022 5:00,0.0,0.0
7/28/2022 6:00,0.0,0.0
7/28/2022 7:00,0.0,0.0
7/28/2022 8:00,0.5,0.03
7/28/2022 9:00,2.75,0.17
7/28/2022 10:00,5.5,0.34
7/28/2022 11:00,8.25,0.51
7/28/2022 12:00,10.75,0.66
7/28/2022 13:00,11.5,0.7
7/28/2022 14:00,12.25,0.75
7/28/2022 15:00,12.0,0.74
7/28/2022 16:00,10.5,0.64
7/28/2022 17:00,8.75,0.54
7/28/2022 18:00,5.5,0.34
7/28/2022 19:00,3.0,0.18
7/28/2022 20:00,1.0,0.06
7/28/2022 21:00,0.0,0.0
7/28/2022 22:00,0.0,0.0
7/28/2022 23:00,0.0,0.0
7/29/2022 0:00,0.0,0.0
7/29/2022 1:00,0.0,0.0
7/29/2022 2:00,0.0,0.0
7/29/2022 3:00,0.0,0.0
7/29/2022 4:00,0.0,0.0
7/29/2022 5:00,0.0,0.0
7/29/2022 6:00,0.0,0.0
7/29/2022 7:00,0.0,0.0
7/29/2022 8:00,0.75,0.05
7/29/2022 9:00,2.5,0.15
7/29/2022 10:00,5.5,0.34
7/29/2022 11:00,8.25,0.51
7/29/2022 12:00,10.5,0.64
7/29/2022 13:00,11.75,0.72
7/29/2022 14:00,12.0,0.74
7/29/2022 15:00,11.5,0.7
7/29/2022 16:00,10.5,0.64
7/29/2022 17:00,8.25,0.51
7/29/2022 18:00,5.5,0.34
7/29/2022 19:00,3.0,0.18
7/29/2022 20:00,1.0,0.06
7/29/2022 21:00,0.0,0.0
7/29/2022 22:00,0.0,0.0
7/29/2022 23:00,0.0,0.0
7/30/2022 0:00,0.0,0.0
7/30/2022 1:00,0.0,0.0
7/30/2022 2:00,0.0,0.0
7/30/2022 3:00,0.0,0.0
7/30/2022 4:00,0.0,0.0
7/30/2022 5:00,0.0,0.0
7/30/2022 6:00,0.0,0.0
7/30/2022 7:00,0.0,0.0
7/30/2022 8:00,0.5,0.03
7/30/2022 9:00,2.5,0.15
7/30/2022 10:00,5.25,0.32
7/30/2022 11:00,8.25,0.51
7/30/2022 12:00,10.25,0.63
7/30/2022 13:00,11.25,0.69
7/30/2022 14:00,11.5,0.7
7/30/2022 15:00,11.5,0.7
7/30/2022 16:00,10.5,0.64
7/30/2022 17:00,8.5,0.52
7/30/2022 18:00,5.75,0.35
7/30/2022 19:00,3.0,0.18
7/30/2022 20:00,1.0,0.06
7/30/2022 21:00,0.0,0.0
7/30/2022 22:00,0.0,0.0
7/30/2022 23:00,0.0,0.0
7/31/2022 0:00,0.0,0.0
7/31/2022 1:00,0.0,0.0
7/31/2022 2:00,0.0,0.0
7/31/2022 3:00,0.0,0.0
7/31/2022 4:00,0.0,0.0
7/31/2022 5:00,0.0,0.0
7/31/2022 6:00,0.0,0.0
7/31/2022 7:00,0.0,0.0
7/31/2022 8:00,0.5,0.03
7/31/2022 9:00,2.5,0.15
7/31/2022 10:00,5.25,0.32
7/31/2022 11:00,8.0,0.49
7/31/2022 12:00,10.0,0.61
7/31/2022 13:00,11.0,0.67
7/31/2022 14:00,11.75,0.72
7/31/2022 15:00,11.25,0.69
7/31/2022 16:00,10.5,0.64
7/31/2022 17:00,8.25,0.51
7/31/2022 18:00,5.5,0.34
7/31/2022 19:00,2.75,0.17
7/31/2022 20:00,1.0,0.06
7/31/2022 21:00,0.0,0.0
7/31/2022 22:00,0.0,0.0
7/31/2022 23:00,0.0,0.0
8/1/2022 0:00,0.0,0.0
8/1/2022 1:00,0.0,0.0
8/1/2022 2:00,0.0,0.0
8/1/2022 3:00,0.0,0.0
8/1/2022 4:00,0.0,0.0
8/1/2022 5:00,0.0,0.0
8/1/2022 6:00,0.0,0.0
8/1/2022 7:00,0.0,0.0
8/1/2022 8:00,0.5,0.03
8/1/2022 9:00,2.5,0.15
8/1/2022 10:00,5.25,0.32
8/1/2022 11:00,8.0,0.49
8/1/2022 12:00,10.25,0.63
8/1/2022 13:00,11.0,0.67
8/1/2022 14:00,11.5,0.7
8/1/2022 15:00,11.25,0.69
8/1/2022 16:00,10.75,0.66
8/1/2022 17:00,8.25,0.51
8/1/2022 18:00,5.75,0.35
8/1/2022 19:00,2.75,0.17
8/1/2022 20:00,1.0,0.06
8/1/2022 21:00,0.0,0.0
8/1/2022 22:00,0.0,0.0
8/1/2022 23:00,0.0,0.0
8/2/2022 0:00,0.0,0.0
8/2/2022 1:00,0.0,0.0
8/2/2022 2:00,0.0,0.0
8/2/2022 3:00,0.0,0.0
8/2/2022 4:00,0.0,0.0
8/2/2022 5:00,0.0,0.0
8/2/2022 6:00,0.0,0.0
8/2/2022 7:00,0.0,0.0
8/2/2022 8:00,0.75,0.05
8/2/2022 9:00,2.25,0.14
8/2/2022 10:00,5.0,0.31
8/2/2022 11:00,7.75,0.47
8/2/2022 12:00,9.75,0.6
8/2/2022 13:00,11.0,0.67
8/2/2022 14:00,11.25,0.69
8/2/2022 15:00,11.0,0.67
8/2/2022 16:00,10.25,0.63
8/2/2022 17:00,8.25,0.51
8/2/2022 18:00,5.5,0.34
8/2/2022 19:00,3.0,0.18
8/2/2022 20:00,0.75,0.05
8/2/2022 21:00,0.25,0.02
8/2/2022 22:00,0.0,0.0
8/2/2022 23:00,0.0,0.0
8/3/2022 0:00,0.0,0.0
8/3/2022 1:00,0.0,0.0
8/3/2022 2:00,0.0,0.0
8/3/2022 3:00,0.0,0.0
8/3/2022 4:00,0.0,0.0
8/3/2022 5:00,0.0,0.0
8/3/2022 6:00,0.0,0.0
8/3/2022 7:00,0.0,0.0
8/3/2022 8:00,0.5,0.03
8/3/2022 9:00,2.25,0.14
8/3/2022 10:00,5.5,0.34
8/3/2022 11:00,8.0,0.49
8/3/2022 12:00,10.25,0.63
8/3/2022 13:00,11.5,0.7
8/3/2022 14:00,11.75,0.72
8/3/2022 15:00,12.0,0.74
8/3/2022 16:00,10.75,0.66
8/3/2022 17:00,8.75,0.54
8/3/2022 18:00,5.5,0.34
8/3/2022 19:00,2.75,0.17
8/3/2022 20:00,1.0,0.06
8/3/2022 21:00,0.0,0.0
8/3/2022 22:00,0.0,0.0
8/3/2022 23:00,0.0,0.0
8/4/2022 0:00,0.0,0.0
8/4/2022 1:00,0.0,0.0
8/4/2022 2:00,0.0,0.0
8/4/2022 3:00,0.0,0.0
8/4/2022 4:00,0.0,0.0
8/4/2022 5:00,0.0,0.0
8/4/2022 6:00,0.0,0.0
8/4/2022 7:00,0.0,0.0
8/4/2022 8:00,0.5,0.03
8/4/2022 9:00,2.25,0.14
8/4/2022 10:00,4.5,0.28
8/4/2022 11:00,6.75,0.41
8/4/2022 12:00,10.25,0.63
8/4/2022 13:00,11.0,0.67
8/4/2022 14:00,11.75,0.72
8/4/2022 15:00,11.25,0.69
8/4/2022 16:00,10.25,0.63
8/4/2022 17:00,8.0,0.49
8/4/2022 18:00,5.5,0.34
8/4/2022 19:00,2.75,0.17
8/4/2022 20:00,0.75,0.05
8/4/2022 21:00,0.0,0.0
8/4/2022 22:00,0.0,0.0
8/4/2022 23:00,0.0,0.0
8/5/2022 0:00,0.0,0.0
8/5/2022 1:00,0.0,0.0
8/5/2022 2:00,0.0,0.0
8/5/2022 3:00,0.0,0.0
8/5/2022 4:00,0.0,0.0
8/5/2022 5:00,0.0,0.0
8/5/2022 6:00,0.0,0.0
8/5/2022 7:00,0.0,0.0
8/5/2022 8:00,0.5,0.03
8/5/2022 9:00,2.25,0.14
8/5/2022 10:00,5.25,0.32
8/5/2022 11:00,8.0,0.49
8/5/2022 12:00,10.0,0.61
8/5/2022 13:00,11.5,0.7
8/5/2022 14:00,11.75,0.72
8/5/2022 15:00,11.75,0.72
8/5/2022 16:00,10.5,0.64
8/5/2022 17:00,8.5,0.52
8/5/2022 18:00,5.5,0.34
8/5/2022 19:00,2.75,0.17
8/5/2022 20:00,0.75,0.05
8/5/2022 21:00,0.0,0.0
8/5/2022 22:00,0.0,0.0
8/5/2022 23:00,0.0,0.0
8/6/2022 0:00,0.0,0.0
8/6/2022 1:00,0.0,0.0
8/6/2022 2:00,0.0,0.0
8/6/2022 3:00,0.0,0.0
8/6/2022 4:00,0.0,0.0
8/6/2022 5:00,0.0,0.0
8/6/2022 6:00,0.0,0.0
8/6/2022 7:00,0.0,0.0
8/6/2022 8:00,0.75,0.05
8/6/2022 9:00,2.25,0.14
8/6/2022 10:00,5.0,0.31
8/6/2022 11:00,8.0,0.49
8/6/2022 12:00,10.25,0.63
8/6/2022 13:00,11.25,0.69
8/6/2022 14:00,11.75,0.72
8/6/2022 15:00,11.25,0.69
8/6/2022 16:00,10.5,0.64
8/6/2022 17:00,8.5,0.52
8/6/2022 18:00,5.5,0.34
8/6/2022 19:00,2.75,0.17
8/6/2022 20:00,0.75,0.05
8/6/2022 21:00,0.0,0.0
8/6/2022 22:00,0.0,0.0
8/6/2022 23:00,0.0,0.0
8/7/2022 0:00,0.0,0.0
8/7/2022 1:00,0.0,0.0
8/7/2022 2:00,0.0,0.0
8/7/2022 3:00,0.0,0.0
8/7/2022 4:00,0.0,0.0
8/7/2022 5:00,0.0,0.0
8/7/2022 6:00,0.0,0.0
8/7/2022 7:00,0.25,0.02
8/7/2022 8:00,0.5,0.03
8/7/2022 9:00,2.25,0.14
8/7/2022 10:00,5.0,0.31
8/7/2022 11:00,8.0,0.49
8/7/2022 12:00,10.5,0.64
8/7/2022 13:00,11.5,0.7
8/7/2022 14:00,12.0,0.74
8/7/2022 15:00,12.0,0.74
8/7/2022 16:00,10.75,0.66
8/7/2022 17:00,8.75,0.54
8/7/2022 18:00,5.5,0.34
8/7/2022 19:00,2.75,0.17
8/7/2022 20:00,0.75,0.05
8/7/2022 21:00,0.0,0.0
8/7/2022 22:00,0.0,0.0
8/7/2022 23:00,0.0,0.0
8/8/2022 0:00,0.0,0.0
8/8/2022 1:00,0.0,0.0
8/8/2022 2:00,0.0,0.0
8/8/2022 3:00,0.0,0.0
8/8/2022 4:00,0.0,0.0
8/8/2022 5:00,0.0,0.0
8/8/2022 6:00,0.0,0.0
8/8/2022 7:00,0.0,0.0
8/8/2022 8:00,0.5,0.03
8/8/2022 9:00,1.75,0.11
8/8/2022 10:00,4.75,0.29
8/8/2022 11:00,8.5,0.52
8/8/2022 12:00,10.25,0.63
8/8/2022 13:00,11.5,0.7
8/8/2022 14:00,11.0,0.67
8/8/2022 15:00,12.0,0.74
8/8/2022 16:00,10.75,0.66
8/8/2022 17:00,8.75,0.54
8/8/2022 18:00,5.5,0.34
8/8/2022 19:00,2.75,0.17
8/8/2022 20:00,0.75,0.05
8/8/2022 21:00,0.0,0.0
8/8/2022 22:00,0.0,0.0
8/8/2022 23:00,0.0,0.0
8/9/2022 0:00,0.0,0.0
8/9/2022 1:00,0.0,0.0
8/9/2022 2:00,0.0,0.0
8/9/2022 3:00,0.0,0.0
8/9/2022 4:00,0.0,0.0
8/9/2022 5:00,0.0,0.0
8/9/2022 6:00,0.0,0.0
8/9/2022 7:00,0.0,0.0
8/9/2022 8:00,0.5,0.03
8/9/2022 9:00,2.0,0.12
8/9/2022 10:00,5.0,0.31
8/9/2022 11:00,7.75,0.47
8/9/2022 12:00,10.0,0.61
8/9/2022 13:00,11.0,0.67
8/9/2022 14:00,11.5,0.7
8/9/2022 15:00,11.25,0.69
8/9/2022 16:00,9.75,0.6
8/9/2022 17:00,7.75,0.47
8/9/2022 18:00,5.0,0.31
8/9/2022 19:00,2.5,0.15
8/9/2022 20:00,0.75,0.05
8/9/2022 21:00,0.25,0.02
8/9/2022 22:00,0.0,0.0
8/9/2022 23:00,0.0,0.0
8/10/2022 0:00,0.0,0.0
8/10/2022 1:00,0.0,0.0
8/10/2022 2:00,0.0,0.0
8/10/2022 3:00,0.0,0.0
8/10/2022 4:00,0.0,0.0
8/10/2022 5:00,0.0,0.0
8/10/2022 6:00,0.0,0.0
8/10/2022 7:00,0.0,0.0
8/10/2022 8:00,0.5,0.03
8/10/2022 9:00,2.25,0.14
8/10/2022 10:00,3.0,0.18
8/10/2022 11:00,5.75,0.35
8/10/2022 12:00,9.0,0.55
8/10/2022 13:00,9.0,0.55
8/10/2022 14:00,11.5,0.7
8/10/2022 15:00,11.75,0.72
8/10/2022 16:00,10.5,0.64
8/10/2022 17:00,8.5,0.52
8/10/2022 18:00,5.5,0.34
8/10/2022 19:00,2.75,0.17
8/10/2022 20:00,0.75,0.05
8/10/2022 21:00,0.0,0.0
8/10/2022 22:00,0.0,0.0
8/10/2022 23:00,0.0,0.0
8/11/2022 0:00,0.0,0.0
8/11/2022 1:00,0.0,0.0
8/11/2022 2:00,0.0,0.0
8/11/2022 3:00,0.0,0.0
8/11/2022 4:00,0.0,0.0
8/11/2022 5:00,0.0,0.0
8/11/2022 6:00,0.0,0.0
8/11/2022 7:00,0.0,0.0
8/11/2022 8:00,0.5,0.03
8/11/2022 9:00,2.0,0.12
8/11/2022 10:00,5.0,0.31
8/11/2022 11:00,8.0,0.49
8/11/2022 12:00,10.5,0.64
8/11/2022 13:00,11.5,0.7
8/11/2022 14:00,12.0,0.74
8/11/2022 15:00,11.75,0.72
8/11/2022 16:00,10.5,0.64
8/11/2022 17:00,8.25,0.51
8/11/2022 18:00,5.5,0.34
8/11/2022 19:00,2.5,0.15
8/11/2022 20:00,0.75,0.05
8/11/2022 21:00,0.0,0.0
8/11/2022 22:00,0.0,0.0
8/11/2022 23:00,0.0,0.0
8/12/2022 0:00,0.0,0.0
8/12/2022 1:00,0.0,0.0
8/12/2022 2:00,0.0,0.0
8/12/2022 3:00,0.0,0.0
8/12/2022 4:00,0.0,0.0
8/12/2022 5:00,0.0,0.0
8/12/2022 6:00,0.0,0.0
8/12/2022 7:00,0.0,0.0
8/12/2022 8:00,0.5,0.03
8/12/2022 9:00,2.0,0.12
8/12/2022 10:00,3.75,0.23
8/12/2022 11:00,5.0,0.31
8/12/2022 12:00,8.75,0.54
8/12/2022 13:00,9.5,0.58
8/12/2022 14:00,10.75,0.66
8/12/2022 15:00,10.25,0.63
8/12/2022 16:00,9.25,0.57
8/12/2022 17:00,7.0,0.43
8/12/2022 18:00,4.75,0.29
8/12/2022 19:00,2.25,0.14
8/12/2022 20:00,1.0,0.06
8/12/2022 21:00,0.0,0.0
8/12/2022 22:00,0.0,0.0
8/12/2022 23:00,0.0,0.0
8/13/2022 0:00,0.0,0.0
8/13/2022 1:00,0.0,0.0
8/13/2022 2:00,0.0,0.0
8/13/2022 3:00,0.0,0.0
8/13/2022 4:00,0.0,0.0
8/13/2022 5:00,0.0,0.0
8/13/2022 6:00,0.0,0.0
8/13/2022 7:00,0.0,0.0
8/13/2022 8:00,0.5,0.03
8/13/2022 9:00,1.25,0.08
8/13/2022 10:00,1.25,0.08
8/13/2022 11:00,1.25,0.08
8/13/2022 12:00,0.25,0.02
8/13/2022 13:00,1.0,0.06
8/13/2022 14:00,3.25,0.2
8/13/2022 15:00,4.25,0.26
8/13/2022 16:00,3.75,0.23
8/13/2022 17:00,6.0,0.37
8/13/2022 18:00,4.5,0.28
8/13/2022 19:00,2.0,0.12
8/13/2022 20:00,0.75,0.05
8/13/2022 21:00,0.25,0.02
8/13/2022 22:00,0.0,0.0
8/13/2022 23:00,0.0,0.0
8/14/2022 0:00,0.0,0.0
8/14/2022 1:00,0.0,0.0
8/14/2022 2:00,0.0,0.0
8/14/2022 3:00,0.0,0.0
8/14/2022 4:00,0.0,0.0
8/14/2022 5:00,0.0,0.0
8/14/2022 6:00,0.0,0.0
8/14/2022 7:00,0.0,0.0
8/14/2022 8:00,0.25,0.02
8/14/2022 9:00,2.25,0.14
8/14/2022 10:00,5.5,0.34
8/14/2022 11:00,8.5,0.52
8/14/2022 12:00,10.75,0.66
8/14/2022 13:00,12.0,0.74
8/14/2022 14:00,12.5,0.77
8/14/2022 15:00,12.0,0.74
8/14/2022 16:00,10.75,0.66
8/14/2022 17:00,8.5,0.52
8/14/2022 18:00,5.5,0.34
8/14/2022 19:00,2.5,0.15
8/14/2022 20:00,0.75,0.05
8/14/2022 21:00,0.0,0.0
8/14/2022 22:00,0.0,0.0
8/14/2022 23:00,0.0,0.0
8/15/2022 0:00,0.0,0.0
8/15/2022 1:00,0.0,0.0
8/15/2022 2:00,0.0,0.0
8/15/2022 3:00,0.0,0.0
8/15/2022 4:00,0.0,0.0
8/15/2022 5:00,0.0,0.0
8/15/2022 6:00,0.0,0.0
8/15/2022 7:00,0.0,0.0
8/15/2022 8:00,0.5,0.03
8/15/2022 9:00,2.0,0.12
8/15/2022 10:00,5.25,0.32
8/15/2022 11:00,8.25,0.51
8/15/2022 12:00,10.75,0.66
8/15/2022 13:00,11.75,0.72
8/15/2022 14:00,12.5,0.77
8/15/2022 15:00,12.25,0.75
8/15/2022 16:00,10.75,0.66
8/15/2022 17:00,8.5,0.52
8/15/2022 18:00,5.75,0.35
8/15/2022 19:00,2.5,0.15
8/15/2022 20:00,0.75,0.05
8/15/2022 21:00,0.0,0.0
8/15/2022 22:00,0.0,0.0
8/15/2022 23:00,0.0,0.0
8/16/2022 0:00,0.0,0.0
8/16/2022 1:00,0.0,0.0
8/16/2022 2:00,0.0,0.0
8/16/2022 3:00,0.0,0.0
8/16/2022 4:00,0.0,0.0
8/16/2022 5:00,0.0,0.0
8/16/2022 6:00,0.0,0.0
8/16/2022 7:00,0.0,0.0
8/16/2022 8:00,0.25,0.02
8/16/2022 9:00,2.25,0.14
8/16/2022 10:00,5.25,0.32
8/16/2022 11:00,8.25,0.51
8/16/2022 12:00,10.5,0.64
8/16/2022 13:00,12.0,0.74
8/16/2022 14:00,12.25,0.75
8/16/2022 15:00,12.0,0.74
8/16/2022 16:00,10.75,0.66
8/16/2022 17:00,7.25,0.44
8/16/2022 18:00,4.0,0.25
8/16/2022 19:00,3.0,0.18
8/16/2022 20:00,0.75,0.05
8/16/2022 21:00,0.0,0.0
8/16/2022 22:00,0.0,0.0
8/16/2022 23:00,0.0,0.0
8/17/2022 0:00,0.0,0.0
8/17/2022 1:00,0.0,0.0
8/17/2022 2:00,0.0,0.0
8/17/2022 3:00,0.0,0.0
8/17/2022 4:00,0.0,0.0
8/17/2022 5:00,0.0,0.0
8/17/2022 6:00,0.0,0.0
8/17/2022 7:00,0.0,0.0
8/17/2022 8:00,0.25,0.02
8/17/2022 9:00,2.25,0.14
8/17/2022 10:00,5.25,0.32
8/17/2022 11:00,8.5,0.52
8/17/2022 12:00,10.5,0.64
8/17/2022 13:00,12.0,0.74
8/17/2022 14:00,12.5,0.77
8/17/2022 15:00,11.75,0.72
8/17/2022 16:00,10.75,0.66
8/17/2022 17:00,8.5,0.52
8/17/2022 18:00,5.25,0.32
8/17/2022 19:00,2.75,0.17
8/17/2022 20:00,0.5,0.03
8/17/2022 21:00,0.0,0.0
8/17/2022 22:00,0.0,0.0
8/17/2022 23:00,0.0,0.0
8/18/2022 0:00,0.0,0.0
8/18/2022 1:00,0.0,0.0
8/18/2022 2:00,0.0,0.0
8/18/2022 3:00,0.0,0.0
8/18/2022 4:00,0.0,0.0
8/18/2022 5:00,0.0,0.0
8/18/2022 6:00,0.0,0.0
8/18/2022 7:00,0.0,0.0
8/18/2022 8:00,0.25,0.02
8/18/2022 9:00,2.25,0.14
8/18/2022 10:00,5.0,0.31
8/18/2022 11:00,8.25,0.51
8/18/2022 12:00,10.75,0.66
8/18/2022 13:00,11.5,0.7
8/18/2022 14:00,11.75,0.72
8/18/2022 15:00,11.5,0.7
8/18/2022 16:00,10.5,0.64
8/18/2022 17:00,8.25,0.51
8/18/2022 18:00,5.25,0.32
8/18/2022 19:00,2.5,0.15
8/18/2022 20:00,0.5,0.03
8/18/2022 21:00,0.0,0.0
8/18/2022 22:00,0.0,0.0
8/18/2022 23:00,0.0,0.0
8/19/2022 0:00,0.0,0.0
8/19/2022 1:00,0.0,0.0
8/19/2022 2:00,0.0,0.0
8/19/2022 3:00,0.0,0.0
8/19/2022 4:00,0.0,0.0
8/19/2022 5:00,0.0,0.0
8/19/2022 6:00,0.0,0.0
8/19/2022 7:00,0.0,0.0
8/19/2022 8:00,0.5,0.03
8/19/2022 9:00,2.0,0.12
8/19/2022 10:00,5.0,0.31
8/19/2022 11:00,8.0,0.49
8/19/2022 12:00,10.25,0.63
8/19/2022 13:00,11.25,0.69
8/19/2022 14:00,11.75,0.72
8/19/2022 15:00,11.0,0.67
8/19/2022 16:00,10.0,0.61
8/19/2022 17:00,8.0,0.49
8/19/2022 18:00,5.25,0.32
8/19/2022 19:00,2.5,0.15
8/19/2022 20:00,0.5,0.03
8/19/2022 21:00,0.0,0.0
8/19/2022 22:00,0.0,0.0
8/19/2022 23:00,0.0,0.0
8/20/2022 0:00,0.0,0.0
8/20/2022 1:00,0.0,0.0
8/20/2022 2:00,0.0,0.0
8/20/2022 3:00,0.0,0.0
8/20/2022 4:00,0.0,0.0
8/20/2022 5:00,0.0,0.0
8/20/2022 6:00,0.0,0.0
8/20/2022 7:00,0.0,0.0
8/20/2022 8:00,0.25,0.02
8/20/2022 9:00,2.0,0.12
8/20/2022 10:00,5.0,0.31
8/20/2022 11:00,8.0,0.49
8/20/2022 12:00,10.0,0.61
8/20/2022 13:00,11.0,0.67
8/20/2022 14:00,11.5,0.7
8/20/2022 15:00,11.0,0.67
8/20/2022 16:00,10.0,0.61
8/20/2022 17:00,8.0,0.49
8/20/2022 18:00,5.25,0.32
8/20/2022 19:00,2.25,0.14
8/20/2022 20:00,0.5,0.03
8/20/2022 21:00,0.0,0.0
8/20/2022 22:00,0.0,0.0
8/20/2022 23:00,0.0,0.0
8/21/2022 0:00,0.0,0.0
8/21/2022 1:00,0.0,0.0
8/21/2022 2:00,0.0,0.0
8/21/2022 3:00,0.0,0.0
8/21/2022 4:00,0.0,0.0
8/21/2022 5:00,0.0,0.0
8/21/2022 6:00,0.0,0.0
8/21/2022 7:00,0.0,0.0
8/21/2022 8:00,0.25,0.02
8/21/2022 9:00,2.0,0.12
8/21/2022 10:00,5.0,0.31
8/21/2022 11:00,8.0,0.49
8/21/2022 12:00,10.5,0.64
8/21/2022 13:00,11.75,0.72
8/21/2022 14:00,12.25,0.75
8/21/2022 15:00,11.25,0.69
8/21/2022 16:00,10.5,0.64
8/21/2022 17:00,8.25,0.51
8/21/2022 18:00,5.25,0.32
8/21/2022 19:00,2.25,0.14
8/21/2022 20:00,0.5,0.03
8/21/2022 21:00,0.0,0.0
8/21/2022 22:00,0.0,0.0
8/21/2022 23:00,0.0,0.0
8/22/2022 0:00,0.0,0.0
8/22/2022 1:00,0.0,0.0
8/22/2022 2:00,0.0,0.0
8/22/2022 3:00,0.0,0.0
8/22/2022 4:00,0.0,0.0
8/22/2022 5:00,0.0,0.0
8/22/2022 6:00,0.0,0.0
8/22/2022 7:00,0.0,0.0
8/22/2022 8:00,0.25,0.02
8/22/2022 9:00,2.0,0.12
8/22/2022 10:00,4.75,0.29
8/22/2022 11:00,8.0,0.49
8/22/2022 12:00,10.5,0.64
8/22/2022 13:00,11.75,0.72
8/22/2022 14:00,11.75,0.72
8/22/2022 15:00,11.5,0.7
8/22/2022 16:00,10.0,0.61
8/22/2022 17:00,8.0,0.49
8/22/2022 18:00,5.0,0.31
8/22/2022 19:00,2.25,0.14
8/22/2022 20:00,0.5,0.03
8/22/2022 21:00,0.0,0.0
8/22/2022 22:00,0.0,0.0
8/22/2022 23:00,0.0,0.0
8/23/2022 0:00,0.0,0.0
8/23/2022 1:00,0.0,0.0
8/23/2022 2:00,0.0,0.0
8/23/2022 3:00,0.0,0.0
8/23/2022 4:00,0.0,0.0
8/23/2022 5:00,0.0,0.0
8/23/2022 6:00,0.0,0.0
8/23/2022 7:00,0.0,0.0
8/23/2022 8:00,0.25,0.02
8/23/2022 9:00,1.75,0.11
8/23/2022 10:00,3.0,0.18
8/23/2022 11:00,4.5,0.28
8/23/2022 12:00,7.0,0.43
8/23/2022 13:00,8.25,0.51
8/23/2022 14:00,9.5,0.58
8/23/2022 15:00,11.0,0.67
8/23/2022 16:00,9.5,0.58
8/23/2022 17:00,7.5,0.46
8/23/2022 18:00,5.0,0.31
8/23/2022 19:00,2.25,0.14
8/23/2022 20:00,0.5,0.03
8/23/2022 21:00,0.0,0.0
8/23/2022 22:00,0.0,0.0
8/23/2022 23:00,0.0,0.0
8/24/2022 0:00,0.0,0.0
8/24/2022 1:00,0.0,0.0
8/24/2022 2:00,0.0,0.0
8/24/2022 3:00,0.0,0.0
8/24/2022 4:00,0.0,0.0
8/24/2022 5:00,0.0,0.0
8/24/2022 6:00,0.0,0.0
8/24/2022 7:00,0.0,0.0
8/24/2022 8:00,0.25,0.02
8/24/2022 9:00,1.0,0.06
8/24/2022 10:00,2.25,0.14
8/24/2022 11:00,4.0,0.25
8/24/2022 12:00,4.75,0.29
8/24/2022 13:00,10.5,0.64
8/24/2022 14:00,10.0,0.61
8/24/2022 15:00,6.25,0.38
8/24/2022 16:00,6.25,0.38
8/24/2022 17:00,7.0,0.43
8/24/2022 18:00,5.0,0.31
8/24/2022 19:00,2.5,0.15
8/24/2022 20:00,0.25,0.02
8/24/2022 21:00,0.0,0.0
8/24/2022 22:00,0.0,0.0
8/24/2022 23:00,0.0,0.0
8/25/2022 0:00,0.0,0.0
8/25/2022 1:00,0.0,0.0
8/25/2022 2:00,0.0,0.0
8/25/2022 3:00,0.0,0.0
8/25/2022 4:00,0.0,0.0
8/25/2022 5:00,0.0,0.0
8/25/2022 6:00,0.0,0.0
8/25/2022 7:00,0.0,0.0
8/25/2022 8:00,0.5,0.03
8/25/2022 9:00,1.75,0.11
8/25/2022 10:00,4.75,0.29
8/25/2022 11:00,8.0,0.49
8/25/2022 12:00,10.5,0.64
8/25/2022 13:00,12.0,0.74
8/25/2022 14:00,12.25,0.75
8/25/2022 15:00,11.75,0.72
8/25/2022 16:00,10.25,0.63
8/25/2022 17:00,8.0,0.49
8/25/2022 18:00,5.25,0.32
8/25/2022 19:00,2.0,0.12
8/25/2022 20:00,0.5,0.03
8/25/2022 21:00,0.0,0.0
8/25/2022 22:00,0.0,0.0
8/25/2022 23:00,0.0,0.0
8/26/2022 0:00,0.0,0.0
8/26/2022 1:00,0.0,0.0
8/26/2022 2:00,0.0,0.0
8/26/2022 3:00,0.0,0.0
8/26/2022 4:00,0.0,0.0
8/26/2022 5:00,0.0,0.0
8/26/2022 6:00,0.0,0.0
8/26/2022 7:00,0.0,0.0
8/26/2022 8:00,0.25,0.02
8/26/2022 9:00,1.75,0.11
8/26/2022 10:00,4.75,0.29
8/26/2022 11:00,8.25,0.51
8/26/2022 12:00,10.25,0.63
8/26/2022 13:00,11.75,0.72
8/26/2022 14:00,12.0,0.74
8/26/2022 15:00,11.75,0.72
8/26/2022 16:00,10.5,0.64
8/26/2022 17:00,8.25,0.51
8/26/2022 18:00,5.0,0.31
8/26/2022 19:00,2.25,0.14
8/26/2022 20:00,0.5,0.03
8/26/2022 21:00,0.0,0.0
8/26/2022 22:00,0.0,0.0
8/26/2022 23:00,0.0,0.0
8/27/2022 0:00,0.0,0.0
8/27/2022 1:00,0.0,0.0
8/27/2022 2:00,0.0,0.0
8/27/2022 3:00,0.0,0.0
8/27/2022 4:00,0.0,0.0
8/27/2022 5:00,0.0,0.0
8/27/2022 6:00,0.0,0.0
8/27/2022 7:00,0.0,0.0
8/27/2022 8:00,0.25,0.02
8/27/2022 9:00,1.75,0.11
8/27/2022 10:00,4.75,0.29
8/27/2022 11:00,7.75,0.47
8/27/2022 12:00,9.5,0.58
8/27/2022 13:00,10.75,0.66
8/27/2022 14:00,11.0,0.67
8/27/2022 15:00,10.75,0.66
8/27/2022 16:00,10.0,0.61
8/27/2022 17:00,7.75,0.47
8/27/2022 18:00,4.75,0.29
8/27/2022 19:00,2.25,0.14
8/27/2022 20:00,0.25,0.02
8/27/2022 21:00,0.0,0.0
8/27/2022 22:00,0.0,0.0
8/27/2022 23:00,0.0,0.0
8/28/2022 0:00,0.0,0.0
8/28/2022 1:00,0.0,0.0
8/28/2022 2:00,0.0,0.0
8/28/2022 3:00,0.0,0.0
8/28/2022 4:00,0.0,0.0
8/28/2022 5:00,0.0,0.0
8/28/2022 6:00,0.0,0.0
8/28/2022 7:00,0.0,0.0
8/28/2022 8:00,0.25,0.02
8/28/2022 9:00,1.0,0.06
8/28/2022 10:00,1.5,0.09
8/28/2022 11:00,2.5,0.15
8/28/2022 12:00,3.5,0.21
8/28/2022 13:00,5.0,0.31
8/28/2022 14:00,6.75,0.41
8/28/2022 15:00,5.5,0.34
8/28/2022 16:00,6.5,0.4
8/28/2022 17:00,6.25,0.38
8/28/2022 18:00,4.25,0.26
8/28/2022 19:00,1.75,0.11
8/28/2022 20:00,0.25,0.02
8/28/2022 21:00,0.0,0.0
8/28/2022 22:00,0.0,0.0
8/28/2022 23:00,0.0,0.0
8/29/2022 0:00,0.0,0.0
8/29/2022 1:00,0.0,0.0
8/29/2022 2:00,0.0,0.0
8/29/2022 3:00,0.0,0.0
8/29/2022 4:00,0.0,0.0
8/29/2022 5:00,0.0,0.0
8/29/2022 6:00,0.0,0.0
8/29/2022 7:00,0.0,0.0
8/29/2022 8:00,0.25,0.02
8/29/2022 9:00,1.5,0.09
8/29/2022 10:00,4.5,0.28
8/29/2022 11:00,7.75,0.47
8/29/2022 12:00,10.0,0.61
8/29/2022 13:00,11.25,0.69
8/29/2022 14:00,11.75,0.72
8/29/2022 15:00,11.0,0.67
8/29/2022 16:00,10.0,0.61
8/29/2022 17:00,7.5,0.46
8/29/2022 18:00,4.5,0.28
8/29/2022 19:00,2.0,0.12
8/29/2022 20:00,0.5,0.03
8/29/2022 21:00,0.0,0.0
8/29/2022 22:00,0.0,0.0
8/29/2022 23:00,0.0,0.0
8/30/2022 0:00,0.0,0.0
8/30/2022 1:00,0.0,0.0
8/30/2022 2:00,0.0,0.0
8/30/2022 3:00,0.0,0.0
8/30/2022 4:00,0.0,0.0
8/30/2022 5:00,0.0,0.0
8/30/2022 6:00,0.0,0.0
8/30/2022 7:00,0.0,0.0
8/30/2022 8:00,0.5,0.03
8/30/2022 9:00,1.5,0.09
8/30/2022 10:00,4.0,0.25
8/30/2022 11:00,6.25,0.38
8/30/2022 12:00,9.25,0.57
8/30/2022 13:00,10.75,0.66
8/30/2022 14:00,11.5,0.7
8/30/2022 15:00,10.75,0.66
8/30/2022 16:00,7.5,0.46
8/30/2022 17:00,2.75,0.17
8/30/2022 18:00,1.0,0.06
8/30/2022 19:00,0.25,0.02
8/30/2022 20:00,0.75,0.05
8/30/2022 21:00,0.0,0.0
8/30/2022 22:00,0.0,0.0
8/30/2022 23:00,0.0,0.0
8/31/2022 0:00,0.0,0.0
8/31/2022 1:00,0.0,0.0
8/31/2022 2:00,0.0,0.0
8/31/2022 3:00,0.0,0.0
8/31/2022 4:00,0.0,0.0
8/31/2022 5:00,0.0,0.0
8/31/2022 6:00,0.0,0.0
8/31/2022 7:00,0.0,0.0
8/31/2022 8:00,0.25,0.02
8/31/2022 9:00,1.75,0.11
8/31/2022 10:00,5.0,0.31
8/31/2022 11:00,8.75,0.54
8/31/2022 12:00,10.5,0.64
8/31/2022 13:00,11.75,0.72
8/31/2022 14:00,12.5,0.77
8/31/2022 15:00,12.0,0.74
8/31/2022 16:00,10.5,0.64
8/31/2022 17:00,8.25,0.51
8/31/2022 18:00,5.0,0.31
8/31/2022 19:00,2.0,0.12
8/31/2022 20:00,0.25,0.02
8/31/2022 21:00,0.0,0.0
8/31/2022 22:00,0.0,0.0
8/31/2022 23:00,0.0,0.0
9/1/2022 0:00,0.0,0.0
9/1/2022 1:00,0.0,0.0
9/1/2022 2:00,0.0,0.0
9/1/2022 3:00,0.0,0.0
9/1/2022 4:00,0.0,0.0
9/1/2022 5:00,0.0,0.0
9/1/2022 6:00,0.0,0.0
9/1/2022 7:00,0.0,0.0
9/1/2022 8:00,0.5,0.03
9/1/2022 9:00,1.75,0.11
9/1/2022 10:00,2.75,0.17
9/1/2022 11:00,4.75,0.29
9/1/2022 12:00,7.0,0.43
9/1/2022 13:00,11.75,0.72
9/1/2022 14:00,11.0,0.67
9/1/2022 15:00,7.0,0.43
9/1/2022 16:00,4.75,0.29
9/1/2022 17:00,4.75,0.29
9/1/2022 18:00,3.5,0.21
9/1/2022 19:00,1.75,0.11
9/1/2022 20:00,0.25,0.02
9/1/2022 21:00,0.0,0.0
9/1/2022 22:00,0.0,0.0
9/1/2022 23:00,0.0,0.0
9/2/2022 0:00,0.0,0.0
9/2/2022 1:00,0.0,0.0
9/2/2022 2:00,0.0,0.0
9/2/2022 3:00,0.0,0.0
9/2/2022 4:00,0.0,0.0
9/2/2022 5:00,0.0,0.0
9/2/2022 6:00,0.0,0.0
9/2/2022 7:00,0.0,0.0
9/2/2022 8:00,0.25,0.02
9/2/2022 9:00,1.5,0.09
9/2/2022 10:00,5.0,0.31
9/2/2022 11:00,8.5,0.52
9/2/2022 12:00,10.5,0.64
9/2/2022 13:00,12.0,0.74
9/2/2022 14:00,12.25,0.75
9/2/2022 15:00,12.0,0.74
9/2/2022 16:00,10.5,0.64
9/2/2022 17:00,8.0,0.49
9/2/2022 18:00,4.75,0.29
9/2/2022 19:00,2.0,0.12
9/2/2022 20:00,0.25,0.02
9/2/2022 21:00,0.0,0.0
9/2/2022 22:00,0.0,0.0
9/2/2022 23:00,0.0,0.0
9/3/2022 0:00,0.0,0.0
9/3/2022 1:00,0.0,0.0
9/3/2022 2:00,0.0,0.0
9/3/2022 3:00,0.0,0.0
9/3/2022 4:00,0.0,0.0
9/3/2022 5:00,0.0,0.0
9/3/2022 6:00,0.0,0.0
9/3/2022 7:00,0.0,0.0
9/3/2022 8:00,0.25,0.02
9/3/2022 9:00,1.5,0.09
9/3/2022 10:00,5.0,0.31
9/3/2022 11:00,8.25,0.51
9/3/2022 12:00,10.75,0.66
9/3/2022 13:00,12.25,0.75
9/3/2022 14:00,12.5,0.77
9/3/2022 15:00,11.75,0.72
9/3/2022 16:00,10.25,0.63
9/3/2022 17:00,8.0,0.49
9/3/2022 18:00,4.5,0.28
9/3/2022 19:00,1.75,0.11
9/3/2022 20:00,0.5,0.03
9/3/2022 21:00,0.0,0.0
9/3/2022 22:00,0.0,0.0
9/3/2022 23:00,0.0,0.0
9/4/2022 0:00,0.0,0.0
9/4/2022 1:00,0.0,0.0
9/4/2022 2:00,0.0,0.0
9/4/2022 3:00,0.0,0.0
9/4/2022 4:00,0.0,0.0
9/4/2022 5:00,0.0,0.0
9/4/2022 6:00,0.0,0.0
9/4/2022 7:00,0.0,0.0
9/4/2022 8:00,0.0,0.0
9/4/2022 9:00,1.75,0.11
9/4/2022 10:00,4.75,0.29
9/4/2022 11:00,8.25,0.51
9/4/2022 12:00,10.75,0.66
9/4/2022 13:00,12.0,0.74
9/4/2022 14:00,12.5,0.77
9/4/2022 15:00,11.75,0.72
9/4/2022 16:00,10.5,0.64
9/4/2022 17:00,7.75,0.47
9/4/2022 18:00,4.75,0.29
9/4/2022 19:00,2.0,0.12
9/4/2022 20:00,0.25,0.02
9/4/2022 21:00,0.0,0.0
9/4/2022 22:00,0.0,0.0
9/4/2022 23:00,0.0,0.0
9/5/2022 0:00,0.0,0.0
9/5/2022 1:00,0.0,0.0
9/5/2022 2:00,0.0,0.0
9/5/2022 3:00,0.0,0.0
9/5/2022 4:00,0.0,0.0
9/5/2022 5:00,0.0,0.0
9/5/2022 6:00,0.0,0.0
9/5/2022 7:00,0.0,0.0
9/5/2022 8:00,0.25,0.02
9/5/2022 9:00,1.5,0.09
9/5/2022 10:00,4.75,0.29
9/5/2022 11:00,8.0,0.49
9/5/2022 12:00,10.5,0.64
9/5/2022 13:00,11.75,0.72
9/5/2022 14:00,12.0,0.74
9/5/2022 15:00,11.75,0.72
9/5/2022 16:00,10.5,0.64
9/5/2022 17:00,7.75,0.47
9/5/2022 18:00,4.75,0.29
9/5/2022 19:00,1.75,0.11
9/5/2022 20:00,0.25,0.02
9/5/2022 21:00,0.0,0.0
9/5/2022 22:00,0.0,0.0
9/5/2022 23:00,0.0,0.0
9/6/2022 0:00,0.0,0.0
9/6/2022 1:00,0.0,0.0
9/6/2022 2:00,0.0,0.0
9/6/2022 3:00,0.0,0.0
9/6/2022 4:00,0.0,0.0
9/6/2022 5:00,0.0,0.0
9/6/2022 6:00,0.0,0.0
9/6/2022 7:00,0.0,0.0
9/6/2022 8:00,0.25,0.02
9/6/2022 9:00,1.5,0.09
9/6/2022 10:00,4.75,0.29
9/6/2022 11:00,8.0,0.49
9/6/2022 12:00,10.25,0.63
9/6/2022 13:00,11.75,0.72
9/6/2022 14:00,12.25,0.75
9/6/2022 15:00,11.25,0.69
9/6/2022 16:00,10.25,0.63
9/6/2022 17:00,7.75,0.47
9/6/2022 18:00,4.0,0.25
9/6/2022 19:00,1.75,0.11
9/6/2022 20:00,0.25,0.02
9/6/2022 21:00,0.0,0.0
9/6/2022 22:00,0.0,0.0
9/6/2022 23:00,0.0,0.0
9/7/2022 0:00,0.0,0.0
9/7/2022 1:00,0.0,0.0
9/7/2022 2:00,0.0,0.0
9/7/2022 3:00,0.0,0.0
9/7/2022 4:00,0.0,0.0
9/7/2022 5:00,0.0,0.0
9/7/2022 6:00,0.0,0.0
9/7/2022 7:00,0.0,0.0
9/7/2022 8:00,0.5,0.03
9/7/2022 9:00,1.25,0.08
9/7/2022 10:00,4.75,0.29
9/7/2022 11:00,7.5,0.46
9/7/2022 12:00,9.5,0.58
9/7/2022 13:00,11.25,0.69
9/7/2022 14:00,12.0,0.74
9/7/2022 15:00,11.0,0.67
9/7/2022 16:00,10.5,0.64
9/7/2022 17:00,6.25,0.38
9/7/2022 18:00,4.0,0.25
9/7/2022 19:00,1.75,0.11
9/7/2022 20:00,0.5,0.03
9/7/2022 21:00,0.0,0.0
9/7/2022 22:00,0.0,0.0
9/7/2022 23:00,0.0,0.0
9/8/2022 0:00,0.0,0.0
9/8/2022 1:00,0.0,0.0
9/8/2022 2:00,0.0,0.0
9/8/2022 3:00,0.0,0.0
9/8/2022 4:00,0.0,0.0
9/8/2022 5:00,0.0,0.0
9/8/2022 6:00,0.0,0.0
9/8/2022 7:00,0.0,0.0
9/8/2022 8:00,0.0,0.0
9/8/2022 9:00,1.5,0.09
9/8/2022 10:00,4.5,0.28
9/8/2022 11:00,8.0,0.49
9/8/2022 12:00,10.25,0.63
9/8/2022 13:00,11.75,0.72
9/8/2022 14:00,11.75,0.72
9/8/2022 15:00,11.25,0.69
9/8/2022 16:00,10.0,0.61
9/8/2022 17:00,7.5,0.46
9/8/2022 18:00,4.25,0.26
9/8/2022 19:00,1.5,0.09
9/8/2022 20:00,0.25,0.02
9/8/2022 21:00,0.0,0.0
9/8/2022 22:00,0.0,0.0
9/8/2022 23:00,0.0,0.0
9/9/2022 0:00,0.0,0.0
9/9/2022 1:00,0.0,0.0
9/9/2022 2:00,0.0,0.0
9/9/2022 3:00,0.0,0.0
9/9/2022 4:00,0.0,0.0
9/9/2022 5:00,0.0,0.0
9/9/2022 6:00,0.0,0.0
9/9/2022 7:00,0.0,0.0
9/9/2022 8:00,0.25,0.02
9/9/2022 9:00,1.25,0.08
9/9/2022 10:00,4.5,0.28
9/9/2022 11:00,7.75,0.47
9/9/2022 12:00,10.0,0.61
9/9/2022 13:00,11.25,0.69
9/9/2022 14:00,11.75,0.72
9/9/2022 15:00,11.25,0.69
9/9/2022 16:00,9.75,0.6
9/9/2022 17:00,7.5,0.46
9/9/2022 18:00,4.0,0.25
9/9/2022 19:00,1.5,0.09
9/9/2022 20:00,0.25,0.02
9/9/2022 21:00,0.0,0.0
9/9/2022 22:00,0.0,0.0
9/9/2022 23:00,0.0,0.0
9/10/2022 0:00,0.0,0.0
9/10/2022 1:00,0.0,0.0
9/10/2022 2:00,0.0,0.0
9/10/2022 3:00,0.0,0.0
9/10/2022 4:00,0.0,0.0
9/10/2022 5:00,0.0,0.0
9/10/2022 6:00,0.0,0.0
9/10/2022 7:00,0.0,0.0
9/10/2022 8:00,0.0,0.0
9/10/2022 9:00,1.5,0.09
9/10/2022 10:00,4.5,0.28
9/10/2022 11:00,7.75,0.47
9/10/2022 12:00,10.25,0.63
9/10/2022 13:00,11.5,0.7
9/10/2022 14:00,11.75,0.72
9/10/2022 15:00,10.75,0.66
9/10/2022 16:00,9.75,0.6
9/10/2022 17:00,7.25,0.44
9/10/2022 18:00,4.25,0.26
9/10/2022 19:00,1.5,0.09
9/10/2022 20:00,0.25,0.02
9/10/2022 21:00,0.0,0.0
9/10/2022 22:00,0.0,0.0
9/10/2022 23:00,0.0,0.0
9/11/2022 0:00,0.0,0.0
9/11/2022 1:00,0.0,0.0
9/11/2022 2:00,0.0,0.0
9/11/2022 3:00,0.0,0.0
9/11/2022 4:00,0.0,0.0
9/11/2022 5:00,0.0,0.0
9/11/2022 6:00,0.0,0.0
9/11/2022 7:00,0.0,0.0
9/11/2022 8:00,0.0,0.0
9/11/2022 9:00,1.5,0.09
9/11/2022 10:00,4.25,0.26
9/11/2022 11:00,7.25,0.44
9/11/2022 12:00,10.0,0.61
9/11/2022 13:00,10.75,0.66
9/11/2022 14:00,11.0,0.67
9/11/2022 15:00,11.0,0.67
9/11/2022 16:00,7.0,0.43
9/11/2022 17:00,5.25,0.32
9/11/2022 18:00,2.5,0.15
9/11/2022 19:00,0.75,0.05
9/11/2022 20:00,0.0,0.0
9/11/2022 21:00,0.0,0.0
9/11/2022 22:00,0.0,0.0
9/11/2022 23:00,0.0,0.0
9/12/2022 0:00,0.0,0.0
9/12/2022 1:00,0.0,0.0
9/12/2022 2:00,0.0,0.0
9/12/2022 3:00,0.0,0.0
9/12/2022 4:00,0.0,0.0
9/12/2022 5:00,0.0,0.0
9/12/2022 6:00,0.0,0.0
9/12/2022 7:00,0.0,0.0
9/12/2022 8:00,0.0,0.0
9/12/2022 9:00,0.75,0.05
9/12/2022 10:00,1.25,0.08
9/12/2022 11:00,1.5,0.09
9/12/2022 12:00,1.5,0.09
9/12/2022 13:00,1.25,0.08
9/12/2022 14:00,1.0,0.06
9/12/2022 15:00,4.0,0.25
9/12/2022 16:00,5.75,0.35
9/12/2022 17:00,2.75,0.17
9/12/2022 18:00,0.75,0.05
9/12/2022 19:00,0.75,0.05
9/12/2022 20:00,0.0,0.0
9/12/2022 21:00,0.0,0.0
9/12/2022 22:00,0.0,0.0
9/12/2022 23:00,0.0,0.0
9/13/2022 0:00,0.0,0.0
9/13/2022 1:00,0.0,0.0
9/13/2022 2:00,0.0,0.0
9/13/2022 3:00,0.0,0.0
9/13/2022 4:00,0.0,0.0
9/13/2022 5:00,0.0,0.0
9/13/2022 6:00,0.0,0.0
9/13/2022 7:00,0.0,0.0
9/13/2022 8:00,0.25,0.02
9/13/2022 9:00,1.25,0.08
9/13/2022 10:00,3.75,0.23
9/13/2022 11:00,8.0,0.49
9/13/2022 12:00,10.75,0.66
9/13/2022 13:00,12.25,0.75
9/13/2022 14:00,12.5,0.77
9/13/2022 15:00,12.0,0.74
9/13/2022 16:00,9.75,0.6
9/13/2022 17:00,7.25,0.44
9/13/2022 18:00,3.75,0.23
9/13/2022 19:00,1.0,0.06
9/13/2022 20:00,0.25,0.02
9/13/2022 21:00,0.0,0.0
9/13/2022 22:00,0.0,0.0
9/13/2022 23:00,0.0,0.0
9/14/2022 0:00,0.0,0.0
9/14/2022 1:00,0.0,0.0
9/14/2022 2:00,0.0,0.0
9/14/2022 3:00,0.0,0.0
9/14/2022 4:00,0.0,0.0
9/14/2022 5:00,0.0,0.0
9/14/2022 6:00,0.0,0.0
9/14/2022 7:00,0.0,0.0
9/14/2022 8:00,0.25,0.02
9/14/2022 9:00,1.5,0.09
9/14/2022 10:00,3.0,0.18
9/14/2022 11:00,7.25,0.44
9/14/2022 12:00,10.75,0.66
9/14/2022 13:00,10.5,0.64
9/14/2022 14:00,11.5,0.7
9/14/2022 15:00,8.75,0.54
9/14/2022 16:00,5.5,0.34
9/14/2022 17:00,7.25,0.44
9/14/2022 18:00,2.75,0.17
9/14/2022 19:00,1.0,0.06
9/14/2022 20:00,0.25,0.02
9/14/2022 21:00,0.0,0.0
9/14/2022 22:00,0.0,0.0
9/14/2022 23:00,0.0,0.0
9/15/2022 0:00,0.0,0.0
9/15/2022 1:00,0.0,0.0
9/15/2022 2:00,0.0,0.0
9/15/2022 3:00,0.0,0.0
9/15/2022 4:00,0.0,0.0
9/15/2022 5:00,0.0,0.0
9/15/2022 6:00,0.0,0.0
9/15/2022 7:00,0.0,0.0
9/15/2022 8:00,0.0,0.0
9/15/2022 9:00,1.5,0.09
9/15/2022 10:00,4.5,0.28
9/15/2022 11:00,8.25,0.51
9/15/2022 12:00,6.25,0.38
9/15/2022 13:00,7.25,0.44
9/15/2022 14:00,11.0,0.67
9/15/2022 15:00,3.75,0.23
9/15/2022 16:00,2.0,0.12
9/15/2022 17:00,6.25,0.38
9/15/2022 18:00,3.75,0.23
9/15/2022 19:00,1.5,0.09
9/15/2022 20:00,0.25,0.02
9/15/2022 21:00,0.0,0.0
9/15/2022 22:00,0.0,0.0
9/15/2022 23:00,0.0,0.0
9/16/2022 0:00,0.0,0.0
9/16/2022 1:00,0.0,0.0
9/16/2022 2:00,0.0,0.0
9/16/2022 3:00,0.0,0.0
9/16/2022 4:00,0.0,0.0
9/16/2022 5:00,0.0,0.0
9/16/2022 6:00,0.0,0.0
9/16/2022 7:00,0.0,0.0
9/16/2022 8:00,0.25,0.02
9/16/2022 9:00,1.25,0.08
9/16/2022 10:00,4.5,0.28
9/16/2022 11:00,8.0,0.49
9/16/2022 12:00,10.25,0.63
9/16/2022 13:00,11.75,0.72
9/16/2022 14:00,11.75,0.72
9/16/2022 15:00,11.5,0.7
9/16/2022 16:00,10.0,0.61
9/16/2022 17:00,7.5,0.46
9/16/2022 18:00,4.25,0.26
9/16/2022 19:00,1.25,0.08
9/16/2022 20:00,0.0,0.0
9/16/2022 21:00,0.0,0.0
9/16/2022 22:00,0.0,0.0
9/16/2022 23:00,0.0,0.0
9/17/2022 0:00,0.0,0.0
9/17/2022 1:00,0.0,0.0
9/17/2022 2:00,0.0,0.0
9/17/2022 3:00,0.0,0.0
9/17/2022 4:00,0.0,0.0
9/17/2022 5:00,0.0,0.0
9/17/2022 6:00,0.0,0.0
9/17/2022 7:00,0.0,0.0
9/17/2022 8:00,0.25,0.02
9/17/2022 9:00,1.25,0.08
9/17/2022 10:00,4.25,0.26
9/17/2022 11:00,7.75,0.47
9/17/2022 12:00,10.25,0.63
9/17/2022 13:00,11.5,0.7
9/17/2022 14:00,11.75,0.72
9/17/2022 15:00,11.25,0.69
9/17/2022 16:00,9.75,0.6
9/17/2022 17:00,7.5,0.46
9/17/2022 18:00,4.0,0.25
9/17/2022 19:00,1.25,0.08
9/17/2022 20:00,0.0,0.0
9/17/2022 21:00,0.0,0.0
9/17/2022 22:00,0.0,0.0
9/17/2022 23:00,0.0,0.0
9/18/2022 0:00,0.0,0.0
9/18/2022 1:00,0.0,0.0
9/18/2022 2:00,0.0,0.0
9/18/2022 3:00,0.0,0.0
9/18/2022 4:00,0.0,0.0
9/18/2022 5:00,0.0,0.0
9/18/2022 6:00,0.0,0.0
9/18/2022 7:00,0.0,0.0
9/18/2022 8:00,0.25,0.02
9/18/2022 9:00,1.75,0.11
9/18/2022 10:00,4.0,0.25
9/18/2022 11:00,7.5,0.46
9/18/2022 12:00,9.75,0.6
9/18/2022 13:00,10.75,0.66
9/18/2022 14:00,11.25,0.69
9/18/2022 15:00,10.5,0.64
9/18/2022 16:00,7.75,0.47
9/18/2022 17:00,2.5,0.15
9/18/2022 18:00,2.25,0.14
9/18/2022 19:00,2.0,0.12
9/18/2022 20:00,0.0,0.0
9/18/2022 21:00,0.0,0.0
9/18/2022 22:00,0.0,0.0
9/18/2022 23:00,0.0,0.0
9/19/2022 0:00,0.0,0.0
9/19/2022 1:00,0.0,0.0
9/19/2022 2:00,0.0,0.0
9/19/2022 3:00,0.0,0.0
9/19/2022 4:00,0.0,0.0
9/19/2022 5:00,0.0,0.0
9/19/2022 6:00,0.0,0.0
9/19/2022 7:00,0.0,0.0
9/19/2022 8:00,0.25,0.02
9/19/2022 9:00,0.5,0.03
9/19/2022 10:00,1.25,0.08
9/19/2022 11:00,1.5,0.09
9/19/2022 12:00,2.5,0.15
9/19/2022 13:00,4.75,0.29
9/19/2022 14:00,9.5,0.58
9/19/2022 15:00,10.5,0.64
9/19/2022 16:00,9.0,0.55
9/19/2022 17:00,6.5,0.4
9/19/2022 18:00,3.0,0.18
9/19/2022 19:00,1.25,0.08
9/19/2022 20:00,0.0,0.0
9/19/2022 21:00,0.0,0.0
9/19/2022 22:00,0.0,0.0
9/19/2022 23:00,0.0,0.0
9/20/2022 0:00,0.0,0.0
9/20/2022 1:00,0.0,0.0
9/20/2022 2:00,0.0,0.0
9/20/2022 3:00,0.0,0.0
9/20/2022 4:00,0.0,0.0
9/20/2022 5:00,0.0,0.0
9/20/2022 6:00,0.0,0.0
9/20/2022 7:00,0.0,0.0
9/20/2022 8:00,0.25,0.02
9/20/2022 9:00,1.25,0.08
9/20/2022 10:00,3.25,0.2
9/20/2022 11:00,6.5,0.4
9/20/2022 12:00,6.75,0.41
9/20/2022 13:00,10.0,0.61
9/20/2022 14:00,11.25,0.69
9/20/2022 15:00,10.5,0.64
9/20/2022 16:00,6.75,0.41
9/20/2022 17:00,4.25,0.26
9/20/2022 18:00,3.5,0.21
9/20/2022 19:00,0.75,0.05
9/20/2022 20:00,0.0,0.0
9/20/2022 21:00,0.0,0.0
9/20/2022 22:00,0.0,0.0
9/20/2022 23:00,0.0,0.0
9/21/2022 0:00,0.0,0.0
9/21/2022 1:00,0.0,0.0
9/21/2022 2:00,0.0,0.0
9/21/2022 3:00,0.0,0.0
9/21/2022 4:00,0.0,0.0
9/21/2022 5:00,0.0,0.0
9/21/2022 6:00,0.0,0.0
9/21/2022 7:00,0.0,0.0
9/21/2022 8:00,0.25,0.02
9/21/2022 9:00,1.25,0.08
9/21/2022 10:00,4.0,0.25
9/21/2022 11:00,6.0,0.37
9/21/2022 12:00,7.5,0.46
9/21/2022 13:00,11.0,0.67
9/21/2022 14:00,11.25,0.69
9/21/2022 15:00,10.5,0.64
9/21/2022 16:00,9.5,0.58
9/21/2022 17:00,1.75,0.11
9/21/2022 18:00,2.0,0.12
9/21/2022 19:00,1.25,0.08
9/21/2022 20:00,0.25,0.02
9/21/2022 21:00,0.0,0.0
9/21/2022 22:00,0.0,0.0
9/21/2022 23:00,0.0,0.0
9/22/2022 0:00,0.0,0.0
9/22/2022 1:00,0.0,0.0
9/22/2022 2:00,0.0,0.0
9/22/2022 3:00,0.0,0.0
9/22/2022 4:00,0.0,0.0
9/22/2022 5:00,0.0,0.0
9/22/2022 6:00,0.0,0.0
9/22/2022 7:00,0.0,0.0
9/22/2022 8:00,0.0,0.0
9/22/2022 9:00,1.25,0.08
9/22/2022 10:00,4.0,0.25
9/22/2022 11:00,7.25,0.44
9/22/2022 12:00,9.5,0.58
9/22/2022 13:00,11.25,0.69
9/22/2022 14:00,11.5,0.7
9/22/2022 15:00,11.0,0.67
9/22/2022 16:00,9.5,0.58
9/22/2022 17:00,7.0,0.43
9/22/2022 18:00,3.5,0.21
9/22/2022 19:00,1.0,0.06
9/22/2022 20:00,0.0,0.0
9/22/2022 21:00,0.0,0.0
9/22/2022 22:00,0.0,0.0
9/22/2022 23:00,0.0,0.0
9/23/2022 0:00,0.0,0.0
9/23/2022 1:00,0.0,0.0
9/23/2022 2:00,0.0,0.0
9/23/2022 3:00,0.0,0.0
9/23/2022 4:00,0.0,0.0
9/23/2022 5:00,0.0,0.0
9/23/2022 6:00,0.0,0.0
9/23/2022 7:00,0.0,0.0
9/23/2022 8:00,0.0,0.0
9/23/2022 9:00,1.25,0.08
9/23/2022 10:00,3.75,0.23
9/23/2022 11:00,6.75,0.41
9/23/2022 12:00,9.5,0.58
9/23/2022 13:00,11.0,0.67
9/23/2022 14:00,11.75,0.72
9/23/2022 15:00,11.0,0.67
9/23/2022 16:00,9.25,0.57
9/23/2022 17:00,7.0,0.43
9/23/2022 18:00,3.5,0.21
9/23/2022 19:00,0.75,0.05
9/23/2022 20:00,0.25,0.02
9/23/2022 21:00,0.0,0.0
9/23/2022 22:00,0.0,0.0
9/23/2022 23:00,0.0,0.0
9/24/2022 0:00,0.0,0.0
9/24/2022 1:00,0.0,0.0
9/24/2022 2:00,0.0,0.0
9/24/2022 3:00,0.0,0.0
9/24/2022 4:00,0.0,0.0
9/24/2022 5:00,0.0,0.0
9/24/2022 6:00,0.0,0.0
9/24/2022 7:00,0.0,0.0
9/24/2022 8:00,0.0,0.0
9/24/2022 9:00,1.25,0.08
9/24/2022 10:00,3.75,0.23
9/24/2022 11:00,7.0,0.43
9/24/2022 12:00,9.5,0.58
9/24/2022 13:00,11.0,0.67
9/24/2022 14:00,11.5,0.7
9/24/2022 15:00,10.75,0.66
9/24/2022 16:00,9.25,0.57
9/24/2022 17:00,7.0,0.43
9/24/2022 18:00,3.75,0.23
9/24/2022 19:00,0.75,0.05
9/24/2022 20:00,0.0,0.0
9/24/2022 21:00,0.0,0.0
9/24/2022 22:00,0.0,0.0
9/24/2022 23:00,0.0,0.0
9/25/2022 0:00,0.0,0.0
9/25/2022 1:00,0.0,0.0
9/25/2022 2:00,0.0,0.0
9/25/2022 3:00,0.0,0.0
9/25/2022 4:00,0.0,0.0
9/25/2022 5:00,0.0,0.0
9/25/2022 6:00,0.0,0.0
9/25/2022 7:00,0.0,0.0
9/25/2022 8:00,0.0,0.0
9/25/2022 9:00,1.25,0.08
9/25/2022 10:00,3.75,0.23
9/25/2022 11:00,6.75,0.41
9/25/2022 12:00,10.0,0.61
9/25/2022 13:00,11.5,0.7
9/25/2022 14:00,12.25,0.75
9/25/2022 15:00,11.25,0.69
9/25/2022 16:00,9.75,0.6
9/25/2022 17:00,7.0,0.43
9/25/2022 18:00,3.75,0.23
9/25/2022 19:00,0.75,0.05
9/25/2022 20:00,0.0,0.0
9/25/2022 21:00,0.0,0.0
9/25/2022 22:00,0.0,0.0
9/25/2022 23:00,0.0,0.0
9/26/2022 0:00,0.0,0.0
9/26/2022 1:00,0.0,0.0
9/26/2022 2:00,0.0,0.0
9/26/2022 3:00,0.0,0.0
9/26/2022 4:00,0.0,0.0
9/26/2022 5:00,0.0,0.0
9/26/2022 6:00,0.0,0.0
9/26/2022 7:00,0.0,0.0
9/26/2022 8:00,0.25,0.02
9/26/2022 9:00,1.0,0.06
9/26/2022 10:00,3.5,0.21
9/26/2022 11:00,6.5,0.4
9/26/2022 12:00,9.75,0.6
9/26/2022 13:00,11.5,0.7
9/26/2022 14:00,12.0,0.74
9/26/2022 15:00,11.5,0.7
9/26/2022 16:00,9.75,0.6
9/26/2022 17:00,7.0,0.43
9/26/2022 18:00,3.5,0.21
9/26/2022 19:00,0.75,0.05
9/26/2022 20:00,0.0,0.0
9/26/2022 21:00,0.0,0.0
9/26/2022 22:00,0.0,0.0
9/26/2022 23:00,0.0,0.0
9/27/2022 0:00,0.0,0.0
9/27/2022 1:00,0.0,0.0
9/27/2022 2:00,0.0,0.0
9/27/2022 3:00,0.0,0.0
9/27/2022 4:00,0.0,0.0
9/27/2022 5:00,0.0,0.0
9/27/2022 6:00,0.0,0.0
9/27/2022 7:00,0.0,0.0
9/27/2022 8:00,0.25,0.02
9/27/2022 9:00,0.75,0.05
9/27/2022 10:00,3.5,0.21
9/27/2022 11:00,6.25,0.38
9/27/2022 12:00,9.75,0.6
9/27/2022 13:00,11.5,0.7
9/27/2022 14:00,11.75,0.72
9/27/2022 15:00,10.75,0.66
9/27/2022 16:00,9.5,0.58
9/27/2022 17:00,7.0,0.43
9/27/2022 18:00,3.5,0.21
9/27/2022 19:00,0.75,0.05
9/27/2022 20:00,0.0,0.0
9/27/2022 21:00,0.0,0.0
9/27/2022 22:00,0.0,0.0
9/27/2022 23:00,0.0,0.0
9/28/2022 0:00,0.0,0.0
9/28/2022 1:00,0.0,0.0
9/28/2022 2:00,0.0,0.0
9/28/2022 3:00,0.0,0.0
9/28/2022 4:00,0.0,0.0
9/28/2022 5:00,0.0,0.0
9/28/2022 6:00,0.0,0.0
9/28/2022 7:00,0.0,0.0
9/28/2022 8:00,0.0,0.0
9/28/2022 9:00,1.0,0.06
9/28/2022 10:00,3.25,0.2
9/28/2022 11:00,6.25,0.38
9/28/2022 12:00,9.5,0.58
9/28/2022 13:00,11.75,0.72
9/28/2022 14:00,11.75,0.72
9/28/2022 15:00,11.5,0.7
9/28/2022 16:00,9.5,0.58
9/28/2022 17:00,6.75,0.41
9/28/2022 18:00,3.25,0.2
9/28/2022 19:00,0.75,0.05
9/28/2022 20:00,0.0,0.0
9/28/2022 21:00,0.0,0.0
9/28/2022 22:00,0.0,0.0
9/28/2022 23:00,0.0,0.0
9/29/2022 0:00,0.0,0.0
9/29/2022 1:00,0.0,0.0
9/29/2022 2:00,0.0,0.0
9/29/2022 3:00,0.0,0.0
9/29/2022 4:00,0.0,0.0
9/29/2022 5:00,0.0,0.0
9/29/2022 6:00,0.0,0.0
9/29/2022 7:00,0.0,0.0
9/29/2022 8:00,0.25,0.02
9/29/2022 9:00,1.0,0.06
9/29/2022 10:00,3.5,0.21
9/29/2022 11:00,5.75,0.35
9/29/2022 12:00,9.5,0.58
9/29/2022 13:00,11.5,0.7
9/29/2022 14:00,6.75,0.41
9/29/2022 15:00,4.75,0.29
9/29/2022 16:00,6.25,0.38
9/29/2022 17:00,3.5,0.21
9/29/2022 18:00,2.0,0.12
9/29/2022 19:00,1.0,0.06
9/29/2022 20:00,0.0,0.0
9/29/2022 21:00,0.0,0.0
9/29/2022 22:00,0.0,0.0
9/29/2022 23:00,0.0,0.0
9/30/2022 0:00,0.0,0.0
9/30/2022 1:00,0.0,0.0
9/30/2022 2:00,0.0,0.0
9/30/2022 3:00,0.0,0.0
9/30/2022 4:00,0.0,0.0
9/30/2022 5:00,0.0,0.0
9/30/2022 6:00,0.0,0.0
9/30/2022 7:00,0.0,0.0
9/30/2022 8:00,0.25,0.02
9/30/2022 9:00,0.75,0.05
9/30/2022 10:00,3.25,0.2
9/30/2022 11:00,6.25,0.38
9/30/2022 12:00,10.0,0.61
9/30/2022 13:00,11.5,0.7
9/30/2022 14:00,11.75,0.72
9/30/2022 15:00,11.25,0.69
9/30/2022 16:00,9.5,0.58
9/30/2022 17:00,7.0,0.43
9/30/2022 18:00,3.25,0.2
9/30/2022 19:00,0.75,0.05
9/30/2022 20:00,0.0,0.0
9/30/2022 21:00,0.0,0.0
9/30/2022 22:00,0.0,0.0
9/30/2022 23:00,0.0,0.0
10/1/2022 0:00,0.0,0.0
10/1/2022 1:00,0.0,0.0
10/1/2022 2:00,0.0,0.0
10/1/2022 3:00,0.0,0.0
10/1/2022 4:00,0.0,0.0
10/1/2022 5:00,0.0,0.0
10/1/2022 6:00,0.0,0.0
10/1/2022 7:00,0.0,0.0
10/1/2022 8:00,0.0,0.0
10/1/2022 9:00,0.75,0.05
10/1/2022 10:00,3.25,0.2
10/1/2022 11:00,6.0,0.37
10/1/2022 12:00,9.5,0.58
10/1/2022 13:00,11.5,0.7
10/1/2022 14:00,11.25,0.69
10/1/2022 15:00,10.75,0.66
10/1/2022 16:00,9.0,0.55
10/1/2022 17:00,6.5,0.4
10/1/2022 18:00,3.25,0.2
10/1/2022 19:00,0.5,0.03
10/1/2022 20:00,0.0,0.0
10/1/2022 21:00,0.0,0.0
10/1/2022 22:00,0.0,0.0
10/1/2022 23:00,0.0,0.0
10/2/2022 0:00,0.0,0.0
10/2/2022 1:00,0.0,0.0
10/2/2022 2:00,0.0,0.0
10/2/2022 3:00,0.0,0.0
10/2/2022 4:00,0.0,0.0
10/2/2022 5:00,0.0,0.0
10/2/2022 6:00,0.0,0.0
10/2/2022 7:00,0.0,0.0
10/2/2022 8:00,0.25,0.02
10/2/2022 9:00,1.0,0.06
10/2/2022 10:00,2.75,0.17
10/2/2022 11:00,5.5,0.34
10/2/2022 12:00,8.5,0.52
10/2/2022 13:00,9.75,0.6
10/2/2022 14:00,10.25,0.63
10/2/2022 15:00,9.25,0.57
10/2/2022 16:00,7.25,0.44
10/2/2022 17:00,5.0,0.31
10/2/2022 18:00,2.5,0.15
10/2/2022 19:00,0.5,0.03
10/2/2022 20:00,0.0,0.0
10/2/2022 21:00,0.0,0.0
10/2/2022 22:00,0.0,0.0
10/2/2022 23:00,0.0,0.0
10/3/2022 0:00,0.0,0.0
10/3/2022 1:00,0.0,0.0
10/3/2022 2:00,0.0,0.0
10/3/2022 3:00,0.0,0.0
10/3/2022 4:00,0.0,0.0
10/3/2022 5:00,0.0,0.0
10/3/2022 6:00,0.0,0.0
10/3/2022 7:00,0.0,0.0
10/3/2022 8:00,0.0,0.0
10/3/2022 9:00,1.25,0.08
10/3/2022 10:00,2.75,0.17
10/3/2022 11:00,5.0,0.31
10/3/2022 12:00,7.5,0.46
10/3/2022 13:00,9.75,0.6
10/3/2022 14:00,10.0,0.61
10/3/2022 15:00,9.25,0.57
10/3/2022 16:00,7.75,0.47
10/3/2022 17:00,5.25,0.32
10/3/2022 18:00,2.5,0.15
10/3/2022 19:00,0.75,0.05
10/3/2022 20:00,0.0,0.0
10/3/2022 21:00,0.0,0.0
10/3/2022 22:00,0.0,0.0
10/3/2022 23:00,0.0,0.0
10/4/2022 0:00,0.0,0.0
10/4/2022 1:00,0.0,0.0
10/4/2022 2:00,0.0,0.0
10/4/2022 3:00,0.0,0.0
10/4/2022 4:00,0.0,0.0
10/4/2022 5:00,0.0,0.0
10/4/2022 6:00,0.0,0.0
10/4/2022 7:00,0.0,0.0
10/4/2022 8:00,0.0,0.0
10/4/2022 9:00,1.0,0.06
10/4/2022 10:00,2.75,0.17
10/4/2022 11:00,5.25,0.32
10/4/2022 12:00,8.0,0.49
10/4/2022 13:00,10.0,0.61
10/4/2022 14:00,10.0,0.61
10/4/2022 15:00,9.25,0.57
10/4/2022 16:00,7.75,0.47
10/4/2022 17:00,5.0,0.31
10/4/2022 18:00,2.5,0.15
10/4/2022 19:00,0.75,0.05
10/4/2022 20:00,0.0,0.0
10/4/2022 21:00,0.0,0.0
10/4/2022 22:00,0.0,0.0
10/4/2022 23:00,0.0,0.0
10/5/2022 0:00,0.0,0.0
10/5/2022 1:00,0.0,0.0
10/5/2022 2:00,0.0,0.0
10/5/2022 3:00,0.0,0.0
10/5/2022 4:00,0.0,0.0
10/5/2022 5:00,0.0,0.0
10/5/2022 6:00,0.0,0.0
10/5/2022 7:00,0.0,0.0
10/5/2022 8:00,0.0,0.0
10/5/2022 9:00,1.0,0.06
10/5/2022 10:00,2.5,0.15
10/5/2022 11:00,5.0,0.31
10/5/2022 12:00,8.0,0.49
10/5/2022 13:00,10.0,0.61
10/5/2022 14:00,10.25,0.63
10/5/2022 15:00,9.25,0.57
10/5/2022 16:00,7.75,0.47
10/5/2022 17:00,5.5,0.34
10/5/2022 18:00,2.25,0.14
10/5/2022 19:00,0.75,0.05
10/5/2022 20:00,0.0,0.0
10/5/2022 21:00,0.0,0.0
10/5/2022 22:00,0.0,0.0
10/5/2022 23:00,0.0,0.0
10/6/2022 0:00,0.0,0.0
10/6/2022 1:00,0.0,0.0
10/6/2022 2:00,0.0,0.0
10/6/2022 3:00,0.0,0.0
10/6/2022 4:00,0.0,0.0
10/6/2022 5:00,0.0,0.0
10/6/2022 6:00,0.0,0.0
10/6/2022 7:00,0.0,0.0
10/6/2022 8:00,0.0,0.0
10/6/2022 9:00,1.0,0.06
10/6/2022 10:00,2.5,0.15
10/6/2022 11:00,5.0,0.31
10/6/2022 12:00,8.0,0.49
10/6/2022 13:00,10.0,0.61
10/6/2022 14:00,10.0,0.61
10/6/2022 15:00,9.25,0.57
10/6/2022 16:00,7.25,0.44
10/6/2022 17:00,5.25,0.32
10/6/2022 18:00,2.0,0.12
10/6/2022 19:00,0.75,0.05
10/6/2022 20:00,0.0,0.0
10/6/2022 21:00,0.0,0.0
10/6/2022 22:00,0.0,0.0
10/6/2022 23:00,0.0,0.0
10/7/2022 0:00,0.0,0.0
10/7/2022 1:00,0.0,0.0
10/7/2022 2:00,0.0,0.0
10/7/2022 3:00,0.0,0.0
10/7/2022 4:00,0.0,0.0
10/7/2022 5:00,0.0,0.0
10/7/2022 6:00,0.0,0.0
10/7/2022 7:00,0.0,0.0
10/7/2022 8:00,0.0,0.0
10/7/2022 9:00,0.75,0.05
10/7/2022 10:00,2.5,0.15
10/7/2022 11:00,4.0,0.25
10/7/2022 12:00,8.25,0.51
10/7/2022 13:00,10.0,0.61
10/7/2022 14:00,10.25,0.63
10/7/2022 15:00,9.75,0.6
10/7/2022 16:00,8.0,0.49
10/7/2022 17:00,5.75,0.35
10/7/2022 18:00,2.25,0.14
10/7/2022 19:00,0.5,0.03
10/7/2022 20:00,0.0,0.0
10/7/2022 21:00,0.0,0.0
10/7/2022 22:00,0.0,0.0
10/7/2022 23:00,0.0,0.0
10/8/2022 0:00,0.0,0.0
10/8/2022 1:00,0.0,0.0
10/8/2022 2:00,0.0,0.0
10/8/2022 3:00,0.0,0.0
10/8/2022 4:00,0.0,0.0
10/8/2022 5:00,0.0,0.0
10/8/2022 6:00,0.0,0.0
10/8/2022 7:00,0.0,0.0
10/8/2022 8:00,0.0,0.0
10/8/2022 9:00,0.75,0.05
10/8/2022 10:00,2.5,0.15
10/8/2022 11:00,4.75,0.29
10/8/2022 12:00,8.5,0.52
10/8/2022 13:00,10.25,0.63
10/8/2022 14:00,10.5,0.64
10/8/2022 15:00,9.25,0.57
10/8/2022 16:00,7.5,0.46
10/8/2022 17:00,5.75,0.35
10/8/2022 18:00,2.5,0.15
10/8/2022 19:00,0.5,0.03
10/8/2022 20:00,0.0,0.0
10/8/2022 21:00,0.0,0.0
10/8/2022 22:00,0.0,0.0
10/8/2022 23:00,0.0,0.0
10/9/2022 0:00,0.0,0.0
10/9/2022 1:00,0.0,0.0
10/9/2022 2:00,0.0,0.0
10/9/2022 3:00,0.0,0.0
10/9/2022 4:00,0.0,0.0
10/9/2022 5:00,0.0,0.0
10/9/2022 6:00,0.0,0.0
10/9/2022 7:00,0.0,0.0
10/9/2022 8:00,0.0,0.0
10/9/2022 9:00,0.75,0.05
10/9/2022 10:00,2.5,0.15
10/9/2022 11:00,4.5,0.28
10/9/2022 12:00,7.5,0.46
10/9/2022 13:00,9.0,0.55
10/9/2022 14:00,8.0,0.49
10/9/2022 15:00,9.75,0.6
10/9/2022 16:00,7.25,0.44
10/9/2022 17:00,3.25,0.2
10/9/2022 18:00,2.5,0.15
10/9/2022 19:00,0.5,0.03
10/9/2022 20:00,0.0,0.0
10/9/2022 21:00,0.0,0.0
10/9/2022 22:00,0.0,0.0
10/9/2022 23:00,0.0,0.0
10/10/2022 0:00,0.0,0.0
10/10/2022 1:00,0.0,0.0
10/10/2022 2:00,0.0,0.0
10/10/2022 3:00,0.0,0.0
10/10/2022 4:00,0.0,0.0
10/10/2022 5:00,0.0,0.0
10/10/2022 6:00,0.0,0.0
10/10/2022 7:00,0.0,0.0
10/10/2022 8:00,0.0,0.0
10/10/2022 9:00,0.5,0.03
10/10/2022 10:00,2.5,0.15
10/10/2022 11:00,4.5,0.28
10/10/2022 12:00,8.0,0.49
10/10/2022 13:00,9.5,0.58
10/10/2022 14:00,10.25,0.63
10/10/2022 15:00,9.0,0.55
10/10/2022 16:00,5.75,0.35
10/10/2022 17:00,3.5,0.21
10/10/2022 18:00,1.75,0.11
10/10/2022 19:00,0.25,0.02
10/10/2022 20:00,0.0,0.0
10/10/2022 21:00,0.0,0.0
10/10/2022 22:00,0.0,0.0
10/10/2022 23:00,0.0,0.0
10/11/2022 0:00,0.0,0.0
10/11/2022 1:00,0.0,0.0
10/11/2022 2:00,0.0,0.0
10/11/2022 3:00,0.0,0.0
10/11/2022 4:00,0.0,0.0
10/11/2022 5:00,0.0,0.0
10/11/2022 6:00,0.0,0.0
10/11/2022 7:00,0.0,0.0
10/11/2022 8:00,0.25,0.02
10/11/2022 9:00,0.75,0.05
10/11/2022 10:00,2.25,0.14
10/11/2022 11:00,4.5,0.28
10/11/2022 12:00,7.75,0.47
10/11/2022 13:00,3.75,0.23
10/11/2022 14:00,8.25,0.51
10/11/2022 15:00,3.75,0.23
10/11/2022 16:00,5.75,0.35
10/11/2022 17:00,3.0,0.18
10/11/2022 18:00,1.25,0.08
10/11/2022 19:00,0.5,0.03
10/11/2022 20:00,0.0,0.0
10/11/2022 21:00,0.0,0.0
10/11/2022 22:00,0.0,0.0
10/11/2022 23:00,0.0,0.0
10/12/2022 0:00,0.0,0.0
10/12/2022 1:00,0.0,0.0
10/12/2022 2:00,0.0,0.0
10/12/2022 3:00,0.0,0.0
10/12/2022 4:00,0.0,0.0
10/12/2022 5:00,0.0,0.0
10/12/2022 6:00,0.0,0.0
10/12/2022 7:00,0.0,0.0
10/12/2022 8:00,0.0,0.0
10/12/2022 9:00,0.75,0.05
10/12/2022 10:00,2.0,0.12
10/12/2022 11:00,4.5,0.28
10/12/2022 12:00,8.0,0.49
10/12/2022 13:00,10.5,0.64
10/12/2022 14:00,10.5,0.64
10/12/2022 15:00,10.0,0.61
10/12/2022 16:00,8.25,0.51
10/12/2022 17:00,5.75,0.35
10/12/2022 18:00,2.25,0.14
10/12/2022 19:00,0.25,0.02
10/12/2022 20:00,0.0,0.0
10/12/2022 21:00,0.0,0.0
10/12/2022 22:00,0.0,0.0
10/12/2022 23:00,0.0,0.0
10/13/2022 0:00,0.0,0.0
10/13/2022 1:00,0.0,0.0
10/13/2022 2:00,0.0,0.0
10/13/2022 3:00,0.0,0.0
10/13/2022 4:00,0.0,0.0
10/13/2022 5:00,0.0,0.0
10/13/2022 6:00,0.0,0.0
10/13/2022 7:00,0.0,0.0
10/13/2022 8:00,0.25,0.02
10/13/2022 9:00,0.5,0.03
10/13/2022 10:00,2.0,0.12
10/13/2022 11:00,4.5,0.28
10/13/2022 12:00,8.25,0.51
10/13/2022 13:00,10.5,0.64
10/13/2022 14:00,10.5,0.64
10/13/2022 15:00,10.0,0.61
10/13/2022 16:00,8.25,0.51
10/13/2022 17:00,5.5,0.34
10/13/2022 18:00,2.25,0.14
10/13/2022 19:00,0.5,0.03
10/13/2022 20:00,0.0,0.0
10/13/2022 21:00,0.0,0.0
10/13/2022 22:00,0.0,0.0
10/13/2022 23:00,0.0,0.0
10/14/2022 0:00,0.0,0.0
10/14/2022 1:00,0.0,0.0
10/14/2022 2:00,0.0,0.0
10/14/2022 3:00,0.0,0.0
10/14/2022 4:00,0.0,0.0
10/14/2022 5:00,0.0,0.0
10/14/2022 6:00,0.0,0.0
10/14/2022 7:00,0.0,0.0
10/14/2022 8:00,0.0,0.0
10/14/2022 9:00,0.5,0.03
10/14/2022 10:00,2.25,0.14
10/14/2022 11:00,4.25,0.26
10/14/2022 12:00,8.25,0.51
10/14/2022 13:00,10.25,0.63
10/14/2022 14:00,10.25,0.63
10/14/2022 15:00,9.75,0.6
10/14/2022 16:00,8.0,0.49
10/14/2022 17:00,5.75,0.35
10/14/2022 18:00,2.25,0.14
10/14/2022 19:00,0.25,0.02
10/14/2022 20:00,0.0,0.0
10/14/2022 21:00,0.0,0.0
10/14/2022 22:00,0.0,0.0
10/14/2022 23:00,0.0,0.0
10/15/2022 0:00,0.0,0.0
10/15/2022 1:00,0.0,0.0
10/15/2022 2:00,0.0,0.0
10/15/2022 3:00,0.0,0.0
10/15/2022 4:00,0.0,0.0
10/15/2022 5:00,0.0,0.0
10/15/2022 6:00,0.0,0.0
10/15/2022 7:00,0.0,0.0
10/15/2022 8:00,0.0,0.0
10/15/2022 9:00,0.5,0.03
10/15/2022 10:00,2.0,0.12
10/15/2022 11:00,4.25,0.26
10/15/2022 12:00,8.0,0.49
10/15/2022 13:00,10.25,0.63
10/15/2022 14:00,10.75,0.66
10/15/2022 15:00,9.75,0.6
10/15/2022 16:00,8.5,0.52
10/15/2022 17:00,5.5,0.34
10/15/2022 18:00,2.25,0.14
10/15/2022 19:00,0.25,0.02
10/15/2022 20:00,0.0,0.0
10/15/2022 21:00,0.0,0.0
10/15/2022 22:00,0.0,0.0
10/15/2022 23:00,0.0,0.0
10/16/2022 0:00,0.0,0.0
10/16/2022 1:00,0.0,0.0
10/16/2022 2:00,0.0,0.0
10/16/2022 3:00,0.0,0.0
10/16/2022 4:00,0.0,0.0
10/16/2022 5:00,0.0,0.0
10/16/2022 6:00,0.0,0.0
10/16/2022 7:00,0.0,0.0
10/16/2022 8:00,0.0,0.0
10/16/2022 9:00,0.5,0.03
10/16/2022 10:00,1.5,0.09
10/16/2022 11:00,3.0,0.18
10/16/2022 12:00,5.75,0.35
10/16/2022 13:00,6.0,0.37
10/16/2022 14:00,2.75,0.17
10/16/2022 15:00,5.25,0.32
10/16/2022 16:00,2.75,0.17
10/16/2022 17:00,1.75,0.11
10/16/2022 18:00,1.25,0.08
10/16/2022 19:00,0.25,0.02
10/16/2022 20:00,0.0,0.0
10/16/2022 21:00,0.0,0.0
10/16/2022 22:00,0.0,0.0
10/16/2022 23:00,0.0,0.0
10/17/2022 0:00,0.0,0.0
10/17/2022 1:00,0.0,0.0
10/17/2022 2:00,0.0,0.0
10/17/2022 3:00,0.0,0.0
10/17/2022 4:00,0.0,0.0
10/17/2022 5:00,0.0,0.0
10/17/2022 6:00,0.0,0.0
10/17/2022 7:00,0.0,0.0
10/17/2022 8:00,0.0,0.0
10/17/2022 9:00,0.75,0.05
10/17/2022 10:00,2.25,0.14
10/17/2022 11:00,4.0,0.25
10/17/2022 12:00,7.75,0.47
10/17/2022 13:00,9.75,0.6
10/17/2022 14:00,10.25,0.63
10/17/2022 15:00,9.25,0.57
10/17/2022 16:00,7.75,0.47
10/17/2022 17:00,5.25,0.32
10/17/2022 18:00,2.0,0.12
10/17/2022 19:00,0.25,0.02
10/17/2022 20:00,0.0,0.0
10/17/2022 21:00,0.0,0.0
10/17/2022 22:00,0.0,0.0
10/17/2022 23:00,0.0,0.0
10/18/2022 0:00,0.0,0.0
10/18/2022 1:00,0.0,0.0
10/18/2022 2:00,0.0,0.0
10/18/2022 3:00,0.0,0.0
10/18/2022 4:00,0.0,0.0
10/18/2022 5:00,0.0,0.0
10/18/2022 6:00,0.0,0.0
10/18/2022 7:00,0.0,0.0
10/18/2022 8:00,0.0,0.0
10/18/2022 9:00,1.0,0.06
10/18/2022 10:00,2.0,0.12
10/18/2022 11:00,3.5,0.21
10/18/2022 12:00,5.75,0.35
10/18/2022 13:00,9.0,0.55
10/18/2022 14:00,9.5,0.58
10/18/2022 15:00,9.75,0.6
10/18/2022 16:00,8.0,0.49
10/18/2022 17:00,5.25,0.32
10/18/2022 18:00,1.75,0.11
10/18/2022 19:00,0.25,0.02
10/18/2022 20:00,0.0,0.0
10/18/2022 21:00,0.0,0.0
10/18/2022 22:00,0.0,0.0
10/18/2022 23:00,0.0,0.0
10/19/2022 0:00,0.0,0.0
10/19/2022 1:00,0.0,0.0
10/19/2022 2:00,0.0,0.0
10/19/2022 3:00,0.0,0.0
10/19/2022 4:00,0.0,0.0
10/19/2022 5:00,0.0,0.0
10/19/2022 6:00,0.0,0.0
10/19/2022 7:00,0.0,0.0
10/19/2022 8:00,0.0,0.0
10/19/2022 9:00,0.5,0.03
10/19/2022 10:00,1.0,0.06
10/19/2022 11:00,2.75,0.17
10/19/2022 12:00,2.25,0.14
10/19/2022 13:00,3.0,0.18
10/19/2022 14:00,2.0,0.12
10/19/2022 15:00,2.5,0.15
10/19/2022 16:00,2.75,0.17
10/19/2022 17:00,2.0,0.12
10/19/2022 18:00,0.25,0.02
10/19/2022 19:00,0.25,0.02
10/19/2022 20:00,0.0,0.0
10/19/2022 21:00,0.0,0.0
10/19/2022 22:00,0.0,0.0
10/19/2022 23:00,0.0,0.0
10/20/2022 0:00,0.0,0.0
10/20/2022 1:00,0.0,0.0
10/20/2022 2:00,0.0,0.0
10/20/2022 3:00,0.0,0.0
10/20/2022 4:00,0.0,0.0
10/20/2022 5:00,0.0,0.0
10/20/2022 6:00,0.0,0.0
10/20/2022 7:00,0.0,0.0
10/20/2022 8:00,0.0,0.0
10/20/2022 9:00,0.0,0.0
10/20/2022 10:00,0.5,0.03
10/20/2022 11:00,1.25,0.08
10/20/2022 12:00,0.75,0.05
10/20/2022 13:00,1.0,0.06
10/20/2022 14:00,1.75,0.11
10/20/2022 15:00,1.0,0.06
10/20/2022 16:00,1.5,0.09
10/20/2022 17:00,1.0,0.06
10/20/2022 18:00,0.0,0.0
10/20/2022 19:00,0.0,0.0
10/20/2022 20:00,0.0,0.0
10/20/2022 21:00,0.0,0.0
10/20/2022 22:00,0.0,0.0
10/20/2022 23:00,0.0,0.0
10/21/2022 0:00,0.0,0.0
10/21/2022 1:00,0.0,0.0
10/21/2022 2:00,0.0,0.0
10/21/2022 3:00,0.0,0.0
10/21/2022 4:00,0.0,0.0
10/21/2022 5:00,0.0,0.0
10/21/2022 6:00,0.0,0.0
10/21/2022 7:00,0.0,0.0
10/21/2022 8:00,0.0,0.0
10/21/2022 9:00,0.5,0.03
10/21/2022 10:00,1.0,0.06
10/21/2022 11:00,3.75,0.23
10/21/2022 12:00,5.75,0.35
10/21/2022 13:00,5.25,0.32
10/21/2022 14:00,8.75,0.54
10/21/2022 15:00,9.5,0.58
10/21/2022 16:00,7.0,0.43
10/21/2022 17:00,2.5,0.15
10/21/2022 18:00,1.0,0.06
10/21/2022 19:00,0.0,0.0
10/21/2022 20:00,0.0,0.0
10/21/2022 21:00,0.0,0.0
10/21/2022 22:00,0.0,0.0
10/21/2022 23:00,0.0,0.0
10/22/2022 0:00,0.0,0.0
10/22/2022 1:00,0.0,0.0
10/22/2022 2:00,0.0,0.0
10/22/2022 3:00,0.0,0.0
10/22/2022 4:00,0.0,0.0
10/22/2022 5:00,0.0,0.0
10/22/2022 6:00,0.0,0.0
10/22/2022 7:00,0.0,0.0
10/22/2022 8:00,0.0,0.0
10/22/2022 9:00,0.5,0.03
10/22/2022 10:00,2.0,0.12
10/22/2022 11:00,3.75,0.23
10/22/2022 12:00,6.0,0.37
10/22/2022 13:00,6.25,0.38
10/22/2022 14:00,4.75,0.29
10/22/2022 15:00,3.5,0.21
10/22/2022 16:00,1.75,0.11
10/22/2022 17:00,3.0,0.18
10/22/2022 18:00,1.25,0.08
10/22/2022 19:00,0.0,0.0
10/22/2022 20:00,0.0,0.0
10/22/2022 21:00,0.0,0.0
10/22/2022 22:00,0.0,0.0
10/22/2022 23:00,0.0,0.0
10/23/2022 0:00,0.0,0.0
10/23/2022 1:00,0.0,0.0
10/23/2022 2:00,0.0,0.0
10/23/2022 3:00,0.0,0.0
10/23/2022 4:00,0.0,0.0
10/23/2022 5:00,0.0,0.0
10/23/2022 6:00,0.0,0.0
10/23/2022 7:00,0.0,0.0
10/23/2022 8:00,0.0,0.0
10/23/2022 9:00,0.5,0.03
10/23/2022 10:00,1.25,0.08
10/23/2022 11:00,2.5,0.15
10/23/2022 12:00,4.75,0.29
10/23/2022 13:00,5.75,0.35
10/23/2022 14:00,6.5,0.4
10/23/2022 15:00,7.0,0.43
10/23/2022 16:00,4.5,0.28
10/23/2022 17:00,2.5,0.15
10/23/2022 18:00,0.75,0.05
10/23/2022 19:00,0.0,0.0
10/23/2022 20:00,0.0,0.0
10/23/2022 21:00,0.0,0.0
10/23/2022 22:00,0.0,0.0
10/23/2022 23:00,0.0,0.0
10/24/2022 0:00,0.0,0.0
10/24/2022 1:00,0.0,0.0
10/24/2022 2:00,0.0,0.0
10/24/2022 3:00,0.0,0.0
10/24/2022 4:00,0.0,0.0
10/24/2022 5:00,0.0,0.0
10/24/2022 6:00,0.0,0.0
10/24/2022 7:00,0.0,0.0
10/24/2022 8:00,0.0,0.0
10/24/2022 9:00,0.25,0.02
10/24/2022 10:00,1.25,0.08
10/24/2022 11:00,3.25,0.2
10/24/2022 12:00,6.5,0.4
10/24/2022 13:00,7.5,0.46
10/24/2022 14:00,6.25,0.38
10/24/2022 15:00,6.0,0.37
10/24/2022 16:00,4.75,0.29
10/24/2022 17:00,2.5,0.15
10/24/2022 18:00,1.75,0.11
10/24/2022 19:00,0.25,0.02
10/24/2022 20:00,0.0,0.0
10/24/2022 21:00,0.0,0.0
10/24/2022 22:00,0.0,0.0
10/24/2022 23:00,0.0,0.0
10/25/2022 0:00,0.0,0.0
10/25/2022 1:00,0.0,0.0
10/25/2022 2:00,0.0,0.0
10/25/2022 3:00,0.0,0.0
10/25/2022 4:00,0.0,0.0
10/25/2022 5:00,0.0,0.0
10/25/2022 6:00,0.0,0.0
10/25/2022 7:00,0.0,0.0
10/25/2022 8:00,0.0,0.0
10/25/2022 9:00,0.25,0.02
10/25/2022 10:00,1.25,0.08
10/25/2022 11:00,2.75,0.17
10/25/2022 12:00,3.75,0.23
10/25/2022 13:00,5.5,0.34
10/25/2022 14:00,5.0,0.31
10/25/2022 15:00,6.25,0.38
10/25/2022 16:00,4.0,0.25
10/25/2022 17:00,2.75,0.17
10/25/2022 18:00,1.25,0.08
10/25/2022 19:00,0.25,0.02
10/25/2022 20:00,0.0,0.0
10/25/2022 21:00,0.0,0.0
10/25/2022 22:00,0.0,0.0
10/25/2022 23:00,0.0,0.0
10/26/2022 0:00,0.0,0.0
10/26/2022 1:00,0.0,0.0
10/26/2022 2:00,0.0,0.0
10/26/2022 3:00,0.0,0.0
10/26/2022 4:00,0.0,0.0
10/26/2022 5:00,0.0,0.0
10/26/2022 6:00,0.0,0.0
10/26/2022 7:00,0.0,0.0
10/26/2022 8:00,0.0,0.0
10/26/2022 9:00,0.25,0.02
10/26/2022 10:00,1.0,0.06
10/26/2022 11:00,2.75,0.17
10/26/2022 12:00,5.5,0.34
10/26/2022 13:00,7.75,0.47
10/26/2022 14:00,9.75,0.6
10/26/2022 15:00,7.5,0.46
10/26/2022 16:00,5.75,0.35
10/26/2022 17:00,2.25,0.14
10/26/2022 18:00,0.75,0.05
10/26/2022 19:00,0.25,0.02
10/26/2022 20:00,0.0,0.0
10/26/2022 21:00,0.0,0.0
10/26/2022 22:00,0.0,0.0
10/26/2022 23:00,0.0,0.0
10/27/2022 0:00,0.0,0.0
10/27/2022 1:00,0.0,0.0
10/27/2022 2:00,0.0,0.0
10/27/2022 3:00,0.0,0.0
10/27/2022 4:00,0.0,0.0
10/27/2022 5:00,0.0,0.0
10/27/2022 6:00,0.0,0.0
10/27/2022 7:00,0.0,0.0
10/27/2022 8:00,0.0,0.0
10/27/2022 9:00,0.75,0.05
10/27/2022 10:00,1.25,0.08
10/27/2022 11:00,3.75,0.23
10/27/2022 12:00,5.0,0.31
10/27/2022 13:00,4.75,0.29
10/27/2022 14:00,3.5,0.21
10/27/2022 15:00,7.0,0.43
10/27/2022 16:00,7.0,0.43
10/27/2022 17:00,4.5,0.28
10/27/2022 18:00,1.25,0.08
10/27/2022 19:00,0.25,0.02
10/27/2022 20:00,0.0,0.0
10/27/2022 21:00,0.0,0.0
10/27/2022 22:00,0.0,0.0
10/27/2022 23:00,0.0,0.0
10/28/2022 0:00,0.0,0.0
10/28/2022 1:00,0.0,0.0
10/28/2022 2:00,0.0,0.0
10/28/2022 3:00,0.0,0.0
10/28/2022 4:00,0.0,0.0
10/28/2022 5:00,0.0,0.0
10/28/2022 6:00,0.0,0.0
10/28/2022 7:00,0.0,0.0
10/28/2022 8:00,0.0,0.0
10/28/2022 9:00,0.75,0.05
10/28/2022 10:00,1.75,0.11
10/28/2022 11:00,3.5,0.21
10/28/2022 12:00,5.25,0.32
10/28/2022 13:00,6.75,0.41
10/28/2022 14:00,9.25,0.57
10/28/2022 15:00,9.0,0.55
10/28/2022 16:00,7.0,0.43
10/28/2022 17:00,3.5,0.21
10/28/2022 18:00,1.5,0.09
10/28/2022 19:00,0.0,0.0
10/28/2022 20:00,0.0,0.0
10/28/2022 21:00,0.0,0.0
10/28/2022 22:00,0.0,0.0
10/28/2022 23:00,0.0,0.0
10/29/2022 0:00,0.0,0.0
10/29/2022 1:00,0.0,0.0
10/29/2022 2:00,0.0,0.0
10/29/2022 3:00,0.0,0.0
10/29/2022 4:00,0.0,0.0
10/29/2022 5:00,0.0,0.0
10/29/2022 6:00,0.0,0.0
10/29/2022 7:00,0.0,0.0
10/29/2022 8:00,0.0,0.0
10/29/2022 9:00,0.5,0.03
10/29/2022 10:00,2.0,0.12
10/29/2022 11:00,3.75,0.23
10/29/2022 12:00,6.25,0.38
10/29/2022 13:00,8.25,0.51
10/29/2022 14:00,8.5,0.52
10/29/2022 15:00,8.25,0.51
10/29/2022 16:00,6.5,0.4
10/29/2022 17:00,3.5,0.21
10/29/2022 18:00,1.25,0.08
10/29/2022 19:00,0.0,0.0
10/29/2022 20:00,0.0,0.0
10/29/2022 21:00,0.0,0.0
10/29/2022 22:00,0.0,0.0
10/29/2022 23:00,0.0,0.0
10/30/2022 0:00,0.0,0.0
10/30/2022 1:00,0.0,0.0
10/30/2022 1:00,0.0,0.0
10/30/2022 2:00,0.0,0.0
10/30/2022 3:00,0.0,0.0
10/30/2022 4:00,0.0,0.0
10/30/2022 5:00,0.0,0.0
10/30/2022 6:00,0.0,0.0
10/30/2022 7:00,0.0,0.0
10/30/2022 8:00,0.25,0.02
10/30/2022 9:00,1.0,0.06
10/30/2022 10:00,3.25,0.2
10/30/2022 11:00,7.25,0.44
10/30/2022 12:00,9.25,0.57
10/30/2022 13:00,9.5,0.58
10/30/2022 14:00,9.0,0.55
10/30/2022 15:00,7.25,0.44
10/30/2022 16:00,3.75,0.23
10/30/2022 17:00,1.25,0.08
10/30/2022 18:00,0.0,0.0
10/30/2022 19:00,0.0,0.0
10/30/2022 20:00,0.0,0.0
10/30/2022 21:00,0.0,0.0
10/30/2022 22:00,0.0,0.0
10/30/2022 23:00,0.0,0.0
10/31/2022 0:00,0.0,0.0
10/31/2022 1:00,0.0,0.0
10/31/2022 2:00,0.0,0.0
10/31/2022 3:00,0.0,0.0
10/31/2022 4:00,0.0,0.0
10/31/2022 5:00,0.0,0.0
10/31/2022 6:00,0.0,0.0
10/31/2022 7:00,0.0,0.0
10/31/2022 8:00,0.25,0.02
10/31/2022 9:00,1.5,0.09
10/31/2022 10:00,1.25,0.08
10/31/2022 11:00,1.75,0.11
10/31/2022 12:00,1.0,0.06
10/31/2022 13:00,1.25,0.08
10/31/2022 14:00,2.0,0.12
10/31/2022 15:00,1.0,0.06
10/31/2022 16:00,0.75,0.05
10/31/2022 17:00,0.75,0.05
10/31/2022 18:00,0.0,0.0
10/31/2022 19:00,0.0,0.0
10/31/2022 20:00,0.0,0.0
10/31/2022 21:00,0.0,0.0
10/31/2022 22:00,0.0,0.0
10/31/2022 23:00,0.0,0.0
11/1/2022 0:00,0.0,0.0
11/1/2022 1:00,0.0,0.0
11/1/2022 2:00,0.0,0.0
11/1/2022 3:00,0.0,0.0
11/1/2022 4:00,0.0,0.0
11/1/2022 5:00,0.0,0.0
11/1/2022 6:00,0.0,0.0
11/1/2022 7:00,0.0,0.0
11/1/2022 8:00,0.5,0.03
11/1/2022 9:00,1.0,0.06
11/1/2022 10:00,3.25,0.2
11/1/2022 11:00,7.0,0.43
11/1/2022 12:00,8.25,0.51
11/1/2022 13:00,8.5,0.52
11/1/2022 14:00,4.25,0.26
11/1/2022 15:00,5.75,0.35
11/1/2022 16:00,1.5,0.09
11/1/2022 17:00,1.25,0.08
11/1/2022 18:00,0.0,0.0
11/1/2022 19:00,0.0,0.0
11/1/2022 20:00,0.0,0.0
11/1/2022 21:00,0.0,0.0
11/1/2022 22:00,0.0,0.0
11/1/2022 23:00,0.0,0.0
11/2/2022 0:00,0.0,0.0
11/2/2022 1:00,0.0,0.0
11/2/2022 2:00,0.0,0.0
11/2/2022 3:00,0.0,0.0
11/2/2022 4:00,0.0,0.0
11/2/2022 5:00,0.0,0.0
11/2/2022 6:00,0.0,0.0
11/2/2022 7:00,0.0,0.0
11/2/2022 8:00,0.5,0.03
11/2/2022 9:00,0.75,0.05
11/2/2022 10:00,3.0,0.18
11/2/2022 11:00,7.0,0.43
11/2/2022 12:00,9.5,0.58
11/2/2022 13:00,10.0,0.61
11/2/2022 14:00,7.25,0.44
11/2/2022 15:00,6.75,0.41
11/2/2022 16:00,4.75,0.29
11/2/2022 17:00,1.25,0.08
11/2/2022 18:00,0.0,0.0
11/2/2022 19:00,0.0,0.0
11/2/2022 20:00,0.0,0.0
11/2/2022 21:00,0.0,0.0
11/2/2022 22:00,0.0,0.0
11/2/2022 23:00,0.0,0.0
11/3/2022 0:00,0.0,0.0
11/3/2022 1:00,0.0,0.0
11/3/2022 2:00,0.0,0.0
11/3/2022 3:00,0.0,0.0
11/3/2022 4:00,0.0,0.0
11/3/2022 5:00,0.0,0.0
11/3/2022 6:00,0.0,0.0
11/3/2022 7:00,0.0,0.0
11/3/2022 8:00,0.25,0.02
11/3/2022 9:00,1.5,0.09
11/3/2022 10:00,2.75,0.17
11/3/2022 11:00,3.25,0.2
11/3/2022 12:00,3.5,0.21
11/3/2022 13:00,5.25,0.32
11/3/2022 14:00,5.75,0.35
11/3/2022 15:00,6.0,0.37
11/3/2022 16:00,3.0,0.18
11/3/2022 17:00,1.5,0.09
11/3/2022 18:00,0.0,0.0
11/3/2022 19:00,0.0,0.0
11/3/2022 20:00,0.0,0.0
11/3/2022 21:00,0.0,0.0
11/3/2022 22:00,0.0,0.0
11/3/2022 23:00,0.0,0.0
11/4/2022 0:00,0.0,0.0
11/4/2022 1:00,0.0,0.0
11/4/2022 2:00,0.0,0.0
11/4/2022 3:00,0.0,0.0
11/4/2022 4:00,0.0,0.0
11/4/2022 5:00,0.0,0.0
11/4/2022 6:00,0.0,0.0
11/4/2022 7:00,0.0,0.0
11/4/2022 8:00,0.25,0.02
11/4/2022 9:00,1.5,0.09
11/4/2022 10:00,2.75,0.17
11/4/2022 11:00,6.75,0.41
11/4/2022 12:00,5.5,0.34
11/4/2022 13:00,2.0,0.12
11/4/2022 14:00,2.75,0.17
11/4/2022 15:00,2.25,0.14
11/4/2022 16:00,1.25,0.08
11/4/2022 17:00,1.25,0.08
11/4/2022 18:00,0.0,0.0
11/4/2022 19:00,0.0,0.0
11/4/2022 20:00,0.0,0.0
11/4/2022 21:00,0.0,0.0
11/4/2022 22:00,0.0,0.0
11/4/2022 23:00,0.0,0.0
11/5/2022 0:00,0.0,0.0
11/5/2022 1:00,0.0,0.0
11/5/2022 2:00,0.0,0.0
11/5/2022 3:00,0.0,0.0
11/5/2022 4:00,0.0,0.0
11/5/2022 5:00,0.0,0.0
11/5/2022 6:00,0.0,0.0
11/5/2022 7:00,0.0,0.0
11/5/2022 8:00,0.25,0.02
11/5/2022 9:00,0.75,0.05
11/5/2022 10:00,2.75,0.17
11/5/2022 11:00,6.75,0.41
11/5/2022 12:00,9.75,0.6
11/5/2022 13:00,10.0,0.61
11/5/2022 14:00,9.0,0.55
11/5/2022 15:00,7.25,0.44
11/5/2022 16:00,4.75,0.29
11/5/2022 17:00,0.75,0.05
11/5/2022 18:00,0.25,0.02
11/5/2022 19:00,0.0,0.0
11/5/2022 20:00,0.0,0.0
11/5/2022 21:00,0.0,0.0
11/5/2022 22:00,0.0,0.0
11/5/2022 23:00,0.0,0.0
11/6/2022 0:00,0.0,0.0
11/6/2022 1:00,0.0,0.0
11/6/2022 2:00,0.0,0.0
11/6/2022 3:00,0.0,0.0
11/6/2022 4:00,0.0,0.0
11/6/2022 5:00,0.0,0.0
11/6/2022 6:00,0.0,0.0
11/6/2022 7:00,0.0,0.0
11/6/2022 8:00,0.0,0.0
11/6/2022 9:00,0.75,0.05
11/6/2022 10:00,2.75,0.17
11/6/2022 11:00,6.5,0.4
11/6/2022 12:00,9.75,0.6
11/6/2022 13:00,10.0,0.61
11/6/2022 14:00,9.0,0.55
11/6/2022 15:00,7.25,0.44
11/6/2022 16:00,4.75,0.29
11/6/2022 17:00,0.75,0.05
11/6/2022 18:00,0.25,0.02
11/6/2022 19:00,0.0,0.0
11/6/2022 20:00,0.0,0.0
11/6/2022 21:00,0.0,0.0
11/6/2022 22:00,0.0,0.0
11/6/2022 23:00,0.0,0.0
11/7/2022 0:00,0.0,0.0
11/7/2022 1:00,0.0,0.0
11/7/2022 2:00,0.0,0.0
11/7/2022 3:00,0.0,0.0
11/7/2022 4:00,0.0,0.0
11/7/2022 5:00,0.0,0.0
11/7/2022 6:00,0.0,0.0
11/7/2022 7:00,0.0,0.0
11/7/2022 8:00,0.0,0.0
11/7/2022 9:00,0.75,0.05
11/7/2022 10:00,2.5,0.15
11/7/2022 11:00,6.5,0.4
11/7/2022 12:00,9.25,0.57
11/7/2022 13:00,9.75,0.6
11/7/2022 14:00,8.75,0.54
11/7/2022 15:00,7.0,0.43
11/7/2022 16:00,4.5,0.28
11/7/2022 17:00,0.75,0.05
11/7/2022 18:00,0.0,0.0
11/7/2022 19:00,0.0,0.0
11/7/2022 20:00,0.0,0.0
11/7/2022 21:00,0.0,0.0
11/7/2022 22:00,0.0,0.0
11/7/2022 23:00,0.0,0.0
11/8/2022 0:00,0.0,0.0
11/8/2022 1:00,0.0,0.0
11/8/2022 2:00,0.0,0.0
11/8/2022 3:00,0.0,0.0
11/8/2022 4:00,0.0,0.0
11/8/2022 5:00,0.0,0.0
11/8/2022 6:00,0.0,0.0
11/8/2022 7:00,0.0,0.0
11/8/2022 8:00,0.25,0.02
11/8/2022 9:00,1.5,0.09
11/8/2022 10:00,2.5,0.15
11/8/2022 11:00,6.5,0.4
11/8/2022 12:00,7.75,0.47
11/8/2022 13:00,9.75,0.6
11/8/2022 14:00,8.0,0.49
11/8/2022 15:00,3.75,0.23
11/8/2022 16:00,3.0,0.18
11/8/2022 17:00,0.75,0.05
11/8/2022 18:00,0.0,0.0
11/8/2022 19:00,0.0,0.0
11/8/2022 20:00,0.0,0.0
11/8/2022 21:00,0.0,0.0
11/8/2022 22:00,0.0,0.0
11/8/2022 23:00,0.0,0.0
11/9/2022 0:00,0.0,0.0
11/9/2022 1:00,0.0,0.0
11/9/2022 2:00,0.0,0.0
11/9/2022 3:00,0.0,0.0
11/9/2022 4:00,0.0,0.0
11/9/2022 5:00,0.0,0.0
11/9/2022 6:00,0.0,0.0
11/9/2022 7:00,0.0,0.0
11/9/2022 8:00,0.0,0.0
11/9/2022 9:00,1.25,0.08
11/9/2022 10:00,2.75,0.17
11/9/2022 11:00,2.25,0.14
11/9/2022 12:00,1.25,0.08
11/9/2022 13:00,2.0,0.12
11/9/2022 14:00,4.0,0.25
11/9/2022 15:00,2.5,0.15
11/9/2022 16:00,2.0,0.12
11/9/2022 17:00,0.5,0.03
11/9/2022 18:00,0.25,0.02
11/9/2022 19:00,0.0,0.0
11/9/2022 20:00,0.0,0.0
11/9/2022 21:00,0.0,0.0
11/9/2022 22:00,0.0,0.0
11/9/2022 23:00,0.0,0.0
11/10/2022 0:00,0.0,0.0
11/10/2022 1:00,0.0,0.0
11/10/2022 2:00,0.0,0.0
11/10/2022 3:00,0.0,0.0
11/10/2022 4:00,0.0,0.0
11/10/2022 5:00,0.0,0.0
11/10/2022 6:00,0.0,0.0
11/10/2022 7:00,0.0,0.0
11/10/2022 8:00,0.0,0.0
11/10/2022 9:00,0.75,0.05
11/10/2022 10:00,2.25,0.14
11/10/2022 11:00,6.0,0.37
11/10/2022 12:00,9.25,0.57
11/10/2022 13:00,9.5,0.58
11/10/2022 14:00,9.0,0.55
11/10/2022 15:00,6.75,0.41
11/10/2022 16:00,4.5,0.28
11/10/2022 17:00,0.5,0.03
11/10/2022 18:00,0.25,0.02
11/10/2022 19:00,0.0,0.0
11/10/2022 20:00,0.0,0.0
11/10/2022 21:00,0.0,0.0
11/10/2022 22:00,0.0,0.0
11/10/2022 23:00,0.0,0.0
11/11/2022 0:00,0.0,0.0
11/11/2022 1:00,0.0,0.0
11/11/2022 2:00,0.0,0.0
11/11/2022 3:00,0.0,0.0
11/11/2022 4:00,0.0,0.0
11/11/2022 5:00,0.0,0.0
11/11/2022 6:00,0.0,0.0
11/11/2022 7:00,0.0,0.0
11/11/2022 8:00,0.0,0.0
11/11/2022 9:00,0.75,0.05
11/11/2022 10:00,2.0,0.12
11/11/2022 11:00,6.0,0.37
11/11/2022 12:00,9.0,0.55
11/11/2022 13:00,9.75,0.6
11/11/2022 14:00,8.75,0.54
11/11/2022 15:00,6.75,0.41
11/11/2022 16:00,4.25,0.26
11/11/2022 17:00,0.75,0.05
11/11/2022 18:00,0.0,0.0
11/11/2022 19:00,0.0,0.0
11/11/2022 20:00,0.0,0.0
11/11/2022 21:00,0.0,0.0
11/11/2022 22:00,0.0,0.0
11/11/2022 23:00,0.0,0.0
11/12/2022 0:00,0.0,0.0
11/12/2022 1:00,0.0,0.0
11/12/2022 2:00,0.0,0.0
11/12/2022 3:00,0.0,0.0
11/12/2022 4:00,0.0,0.0
11/12/2022 5:00,0.0,0.0
11/12/2022 6:00,0.0,0.0
11/12/2022 7:00,0.0,0.0
11/12/2022 8:00,0.25,0.02
11/12/2022 9:00,0.75,0.05
11/12/2022 10:00,2.0,0.12
11/12/2022 11:00,5.75,0.35
11/12/2022 12:00,9.0,0.55
11/12/2022 13:00,9.5,0.58
11/12/2022 14:00,7.75,0.47
11/12/2022 15:00,6.5,0.4
11/12/2022 16:00,4.0,0.25
11/12/2022 17:00,0.75,0.05
11/12/2022 18:00,0.0,0.0
11/12/2022 19:00,0.0,0.0
11/12/2022 20:00,0.0,0.0
11/12/2022 21:00,0.0,0.0
11/12/2022 22:00,0.0,0.0
11/12/2022 23:00,0.0,0.0
11/13/2022 0:00,0.0,0.0
11/13/2022 1:00,0.0,0.0
11/13/2022 2:00,0.0,0.0
11/13/2022 3:00,0.0,0.0
11/13/2022 4:00,0.0,0.0
11/13/2022 5:00,0.0,0.0
11/13/2022 6:00,0.0,0.0
11/13/2022 7:00,0.0,0.0
11/13/2022 8:00,0.25,0.02
11/13/2022 9:00,1.25,0.08
11/13/2022 10:00,2.0,0.12
11/13/2022 11:00,5.75,0.35
11/13/2022 12:00,8.25,0.51
11/13/2022 13:00,8.75,0.54
11/13/2022 14:00,8.25,0.51
11/13/2022 15:00,6.0,0.37
11/13/2022 16:00,3.25,0.2
11/13/2022 17:00,0.75,0.05
11/13/2022 18:00,0.0,0.0
11/13/2022 19:00,0.0,0.0
11/13/2022 20:00,0.0,0.0
11/13/2022 21:00,0.0,0.0
11/13/2022 22:00,0.0,0.0
11/13/2022 23:00,0.0,0.0
11/14/2022 0:00,0.0,0.0
11/14/2022 1:00,0.0,0.0
11/14/2022 2:00,0.0,0.0
11/14/2022 3:00,0.0,0.0
11/14/2022 4:00,0.0,0.0
11/14/2022 5:00,0.0,0.0
11/14/2022 6:00,0.0,0.0
11/14/2022 7:00,0.0,0.0
11/14/2022 8:00,0.5,0.03
11/14/2022 9:00,1.5,0.09
11/14/2022 10:00,2.75,0.17
11/14/2022 11:00,2.0,0.12
11/14/2022 12:00,3.75,0.23
11/14/2022 13:00,4.75,0.29
11/14/2022 14:00,2.5,0.15
11/14/2022 15:00,1.5,0.09
11/14/2022 16:00,2.0,0.12
11/14/2022 17:00,0.75,0.05
11/14/2022 18:00,0.0,0.0
11/14/2022 19:00,0.0,0.0
11/14/2022 20:00,0.0,0.0
11/14/2022 21:00,0.0,0.0
11/14/2022 22:00,0.0,0.0
11/14/2022 23:00,0.0,0.0
11/15/2022 0:00,0.0,0.0
11/15/2022 1:00,0.0,0.0
11/15/2022 2:00,0.0,0.0
11/15/2022 3:00,0.0,0.0
11/15/2022 4:00,0.0,0.0
11/15/2022 5:00,0.0,0.0
11/15/2022 6:00,0.0,0.0
11/15/2022 7:00,0.0,0.0
11/15/2022 8:00,0.25,0.02
11/15/2022 9:00,1.5,0.09
11/15/2022 10:00,2.5,0.15
11/15/2022 11:00,5.75,0.35
11/15/2022 12:00,7.5,0.46
11/15/2022 13:00,6.75,0.41
11/15/2022 14:00,4.5,0.28
11/15/2022 15:00,2.25,0.14
11/15/2022 16:00,1.75,0.11
11/15/2022 17:00,0.75,0.05
11/15/2022 18:00,0.0,0.0
11/15/2022 19:00,0.0,0.0
11/15/2022 20:00,0.0,0.0
11/15/2022 21:00,0.0,0.0
11/15/2022 22:00,0.0,0.0
11/15/2022 23:00,0.0,0.0
11/16/2022 0:00,0.0,0.0
11/16/2022 1:00,0.0,0.0
11/16/2022 2:00,0.0,0.0
11/16/2022 3:00,0.0,0.0
11/16/2022 4:00,0.0,0.0
11/16/2022 5:00,0.0,0.0
11/16/2022 6:00,0.0,0.0
11/16/2022 7:00,0.0,0.0
11/16/2022 8:00,0.0,0.0
11/16/2022 9:00,1.0,0.06
11/16/2022 10:00,1.5,0.09
11/16/2022 11:00,1.5,0.09
11/16/2022 12:00,1.75,0.11
11/16/2022 13:00,1.75,0.11
11/16/2022 14:00,1.5,0.09
11/16/2022 15:00,1.5,0.09
11/16/2022 16:00,0.75,0.05
11/16/2022 17:00,0.25,0.02
11/16/2022 18:00,0.0,0.0
11/16/2022 19:00,0.0,0.0
11/16/2022 20:00,0.0,0.0
11/16/2022 21:00,0.0,0.0
11/16/2022 22:00,0.0,0.0
11/16/2022 23:00,0.0,0.0
11/17/2022 0:00,0.0,0.0
11/17/2022 1:00,0.0,0.0
11/17/2022 2:00,0.0,0.0
11/17/2022 3:00,0.0,0.0
11/17/2022 4:00,0.0,0.0
11/17/2022 5:00,0.0,0.0
11/17/2022 6:00,0.0,0.0
11/17/2022 7:00,0.0,0.0
11/17/2022 8:00,0.25,0.02
11/17/2022 9:00,1.25,0.08
11/17/2022 10:00,1.5,0.09
11/17/2022 11:00,5.75,0.35
11/17/2022 12:00,4.25,0.26
11/17/2022 13:00,4.25,0.26
11/17/2022 14:00,6.0,0.37
11/17/2022 15:00,5.0,0.31
11/17/2022 16:00,3.75,0.23
11/17/2022 17:00,0.5,0.03
11/17/2022 18:00,0.0,0.0
11/17/2022 19:00,0.0,0.0
11/17/2022 20:00,0.0,0.0
11/17/2022 21:00,0.0,0.0
11/17/2022 22:00,0.0,0.0
11/17/2022 23:00,0.0,0.0
11/18/2022 0:00,0.0,0.0
11/18/2022 1:00,0.0,0.0
11/18/2022 2:00,0.0,0.0
11/18/2022 3:00,0.0,0.0
11/18/2022 4:00,0.0,0.0
11/18/2022 5:00,0.0,0.0
11/18/2022 6:00,0.0,0.0
11/18/2022 7:00,0.0,0.0
11/18/2022 8:00,0.0,0.0
11/18/2022 9:00,0.75,0.05
11/18/2022 10:00,1.5,0.09
11/18/2022 11:00,5.25,0.32
11/18/2022 12:00,7.75,0.47
11/18/2022 13:00,9.0,0.55
11/18/2022 14:00,8.5,0.52
11/18/2022 15:00,6.75,0.41
11/18/2022 16:00,4.25,0.26
11/18/2022 17:00,0.75,0.05
11/18/2022 18:00,0.0,0.0
11/18/2022 19:00,0.0,0.0
11/18/2022 20:00,0.0,0.0
11/18/2022 21:00,0.0,0.0
11/18/2022 22:00,0.0,0.0
11/18/2022 23:00,0.0,0.0
11/19/2022 0:00,0.0,0.0
11/19/2022 1:00,0.0,0.0
11/19/2022 2:00,0.0,0.0
11/19/2022 3:00,0.0,0.0
11/19/2022 4:00,0.0,0.0
11/19/2022 5:00,0.0,0.0
11/19/2022 6:00,0.0,0.0
11/19/2022 7:00,0.0,0.0
11/19/2022 8:00,0.0,0.0
11/19/2022 9:00,1.5,0.09
11/19/2022 10:00,1.5,0.09
11/19/2022 11:00,5.25,0.32
11/19/2022 12:00,9.0,0.55
11/19/2022 13:00,9.75,0.6
11/19/2022 14:00,5.25,0.32
11/19/2022 15:00,3.5,0.21
11/19/2022 16:00,1.25,0.08
11/19/2022 17:00,0.75,0.05
11/19/2022 18:00,0.0,0.0
11/19/2022 19:00,0.0,0.0
11/19/2022 20:00,0.0,0.0
11/19/2022 21:00,0.0,0.0
11/19/2022 22:00,0.0,0.0
11/19/2022 23:00,0.0,0.0
11/20/2022 0:00,0.0,0.0
11/20/2022 1:00,0.0,0.0
11/20/2022 2:00,0.0,0.0
11/20/2022 3:00,0.0,0.0
11/20/2022 4:00,0.0,0.0
11/20/2022 5:00,0.0,0.0
11/20/2022 6:00,0.0,0.0
11/20/2022 7:00,0.0,0.0
11/20/2022 8:00,0.25,0.02
11/20/2022 9:00,0.5,0.03
11/20/2022 10:00,1.5,0.09
11/20/2022 11:00,5.0,0.31
11/20/2022 12:00,8.5,0.52
11/20/2022 13:00,8.0,0.49
11/20/2022 14:00,7.5,0.46
11/20/2022 15:00,6.75,0.41
11/20/2022 16:00,3.0,0.18
11/20/2022 17:00,0.75,0.05
11/20/2022 18:00,0.0,0.0
11/20/2022 19:00,0.0,0.0
11/20/2022 20:00,0.0,0.0
11/20/2022 21:00,0.0,0.0
11/20/2022 22:00,0.0,0.0
11/20/2022 23:00,0.0,0.0
11/21/2022 0:00,0.0,0.0
11/21/2022 1:00,0.0,0.0
11/21/2022 2:00,0.0,0.0
11/21/2022 3:00,0.0,0.0
11/21/2022 4:00,0.0,0.0
11/21/2022 5:00,0.0,0.0
11/21/2022 6:00,0.0,0.0
11/21/2022 7:00,0.0,0.0
11/21/2022 8:00,0.0,0.0
11/21/2022 9:00,1.25,0.08
11/21/2022 10:00,3.0,0.18
11/21/2022 11:00,3.5,0.21
11/21/2022 12:00,4.0,0.25
11/21/2022 13:00,4.5,0.28
11/21/2022 14:00,7.0,0.43
11/21/2022 15:00,3.25,0.2
11/21/2022 16:00,2.75,0.17
11/21/2022 17:00,0.75,0.05
11/21/2022 18:00,0.0,0.0
11/21/2022 19:00,0.0,0.0
11/21/2022 20:00,0.0,0.0
11/21/2022 21:00,0.0,0.0
11/21/2022 22:00,0.0,0.0
11/21/2022 23:00,0.0,0.0
11/22/2022 0:00,0.0,0.0
11/22/2022 1:00,0.0,0.0
11/22/2022 2:00,0.0,0.0
11/22/2022 3:00,0.0,0.0
11/22/2022 4:00,0.0,0.0
11/22/2022 5:00,0.0,0.0
11/22/2022 6:00,0.0,0.0
11/22/2022 7:00,0.0,0.0
11/22/2022 8:00,0.0,0.0
11/22/2022 9:00,1.25,0.08
11/22/2022 10:00,2.5,0.15
11/22/2022 11:00,2.5,0.15
11/22/2022 12:00,2.75,0.17
11/22/2022 13:00,3.25,0.2
11/22/2022 14:00,5.0,0.31
11/22/2022 15:00,2.0,0.12
11/22/2022 16:00,1.25,0.08
11/22/2022 17:00,0.25,0.02
11/22/2022 18:00,0.0,0.0
11/22/2022 19:00,0.0,0.0
11/22/2022 20:00,0.0,0.0
11/22/2022 21:00,0.0,0.0
11/22/2022 22:00,0.0,0.0
11/22/2022 23:00,0.0,0.0
11/23/2022 0:00,0.0,0.0
11/23/2022 1:00,0.0,0.0
11/23/2022 2:00,0.0,0.0
11/23/2022 3:00,0.0,0.0
11/23/2022 4:00,0.0,0.0
11/23/2022 5:00,0.0,0.0
11/23/2022 6:00,0.0,0.0
11/23/2022 7:00,0.0,0.0
11/23/2022 8:00,0.25,0.02
11/23/2022 9:00,0.75,0.05
11/23/2022 10:00,2.0,0.12
11/23/2022 11:00,3.5,0.21
11/23/2022 12:00,5.5,0.34
11/23/2022 13:00,7.5,0.46
11/23/2022 14:00,8.0,0.49
11/23/2022 15:00,6.5,0.4
11/23/2022 16:00,2.75,0.17
11/23/2022 17:00,0.5,0.03
11/23/2022 18:00,0.0,0.0
11/23/2022 19:00,0.0,0.0
11/23/2022 20:00,0.0,0.0
11/23/2022 21:00,0.0,0.0
11/23/2022 22:00,0.0,0.0
11/23/2022 23:00,0.0,0.0
11/24/2022 0:00,0.0,0.0
11/24/2022 1:00,0.0,0.0
11/24/2022 2:00,0.0,0.0
11/24/2022 3:00,0.0,0.0
11/24/2022 4:00,0.0,0.0
11/24/2022 5:00,0.0,0.0
11/24/2022 6:00,0.0,0.0
11/24/2022 7:00,0.0,0.0
11/24/2022 8:00,0.25,0.02
11/24/2022 9:00,1.0,0.06
11/24/2022 10:00,1.75,0.11
11/24/2022 11:00,3.75,0.23
11/24/2022 12:00,4.75,0.29
11/24/2022 13:00,3.5,0.21
11/24/2022 14:00,3.0,0.18
11/24/2022 15:00,2.5,0.15
11/24/2022 16:00,1.5,0.09
11/24/2022 17:00,0.5,0.03
11/24/2022 18:00,0.25,0.02
11/24/2022 19:00,0.0,0.0
11/24/2022 20:00,0.0,0.0
11/24/2022 21:00,0.0,0.0
11/24/2022 22:00,0.0,0.0
11/24/2022 23:00,0.0,0.0
11/25/2022 0:00,0.0,0.0
11/25/2022 1:00,0.0,0.0
11/25/2022 2:00,0.0,0.0
11/25/2022 3:00,0.0,0.0
11/25/2022 4:00,0.0,0.0
11/25/2022 5:00,0.0,0.0
11/25/2022 6:00,0.0,0.0
11/25/2022 7:00,0.0,0.0
11/25/2022 8:00,0.0,0.0
11/25/2022 9:00,1.0,0.06
11/25/2022 10:00,1.25,0.08
11/25/2022 11:00,4.5,0.28
11/25/2022 12:00,8.5,0.52
11/25/2022 13:00,9.5,0.58
11/25/2022 14:00,8.5,0.52
11/25/2022 15:00,7.0,0.43
11/25/2022 16:00,3.75,0.23
11/25/2022 17:00,0.5,0.03
11/25/2022 18:00,0.0,0.0
11/25/2022 19:00,0.0,0.0
11/25/2022 20:00,0.0,0.0
11/25/2022 21:00,0.0,0.0
11/25/2022 22:00,0.0,0.0
11/25/2022 23:00,0.0,0.0
11/26/2022 0:00,0.0,0.0
11/26/2022 1:00,0.0,0.0
11/26/2022 2:00,0.0,0.0
11/26/2022 3:00,0.0,0.0
11/26/2022 4:00,0.0,0.0
11/26/2022 5:00,0.0,0.0
11/26/2022 6:00,0.0,0.0
11/26/2022 7:00,0.0,0.0
11/26/2022 8:00,0.0,0.0
11/26/2022 9:00,0.5,0.03
11/26/2022 10:00,1.25,0.08
11/26/2022 11:00,4.75,0.29
11/26/2022 12:00,8.25,0.51
11/26/2022 13:00,9.5,0.58
11/26/2022 14:00,8.5,0.52
11/26/2022 15:00,6.5,0.4
11/26/2022 16:00,3.5,0.21
11/26/2022 17:00,0.75,0.05
11/26/2022 18:00,0.0,0.0
11/26/2022 19:00,0.0,0.0
11/26/2022 20:00,0.0,0.0
11/26/2022 21:00,0.0,0.0
11/26/2022 22:00,0.0,0.0
11/26/2022 23:00,0.0,0.0
11/27/2022 0:00,0.0,0.0
11/27/2022 1:00,0.0,0.0
11/27/2022 2:00,0.0,0.0
11/27/2022 3:00,0.0,0.0
11/27/2022 4:00,0.0,0.0
11/27/2022 5:00,0.0,0.0
11/27/2022 6:00,0.0,0.0
11/27/2022 7:00,0.0,0.0
11/27/2022 8:00,0.0,0.0
11/27/2022 9:00,0.75,0.05
11/27/2022 10:00,1.25,0.08
11/27/2022 11:00,4.5,0.28
11/27/2022 12:00,8.0,0.49
11/27/2022 13:00,9.25,0.57
11/27/2022 14:00,8.25,0.51
11/27/2022 15:00,6.25,0.38
11/27/2022 16:00,3.0,0.18
11/27/2022 17:00,0.75,0.05
11/27/2022 18:00,0.0,0.0
11/27/2022 19:00,0.0,0.0
11/27/2022 20:00,0.0,0.0
11/27/2022 21:00,0.0,0.0
11/27/2022 22:00,0.0,0.0
11/27/2022 23:00,0.0,0.0
11/28/2022 0:00,0.0,0.0
11/28/2022 1:00,0.0,0.0
11/28/2022 2:00,0.0,0.0
11/28/2022 3:00,0.0,0.0
11/28/2022 4:00,0.0,0.0
11/28/2022 5:00,0.0,0.0
11/28/2022 6:00,0.0,0.0
11/28/2022 7:00,0.0,0.0
11/28/2022 8:00,0.0,0.0
11/28/2022 9:00,0.5,0.03
11/28/2022 10:00,1.0,0.06
11/28/2022 11:00,4.75,0.29
11/28/2022 12:00,8.75,0.54
11/28/2022 13:00,9.75,0.6
11/28/2022 14:00,8.75,0.54
11/28/2022 15:00,6.75,0.41
11/28/2022 16:00,3.75,0.23
11/28/2022 17:00,0.5,0.03
11/28/2022 18:00,0.0,0.0
11/28/2022 19:00,0.0,0.0
11/28/2022 20:00,0.0,0.0
11/28/2022 21:00,0.0,0.0
11/28/2022 22:00,0.0,0.0
11/28/2022 23:00,0.0,0.0
11/29/2022 0:00,0.0,0.0
11/29/2022 1:00,0.0,0.0
11/29/2022 2:00,0.0,0.0
11/29/2022 3:00,0.0,0.0
11/29/2022 4:00,0.0,0.0
11/29/2022 5:00,0.0,0.0
11/29/2022 6:00,0.0,0.0
11/29/2022 7:00,0.0,0.0
11/29/2022 8:00,0.0,0.0
11/29/2022 9:00,0.5,0.03
11/29/2022 10:00,1.0,0.06
11/29/2022 11:00,4.75,0.29
11/29/2022 12:00,8.25,0.51
11/29/2022 13:00,9.5,0.58
11/29/2022 14:00,8.75,0.54
11/29/2022 15:00,7.0,0.43
11/29/2022 16:00,3.5,0.21
11/29/2022 17:00,0.75,0.05
11/29/2022 18:00,0.0,0.0
11/29/2022 19:00,0.0,0.0
11/29/2022 20:00,0.0,0.0
11/29/2022 21:00,0.0,0.0
11/29/2022 22:00,0.0,0.0
11/29/2022 23:00,0.0,0.0
11/30/2022 0:00,0.0,0.0
11/30/2022 1:00,0.0,0.0
11/30/2022 2:00,0.0,0.0
11/30/2022 3:00,0.0,0.0
11/30/2022 4:00,0.0,0.0
11/30/2022 5:00,0.0,0.0
11/30/2022 6:00,0.0,0.0
11/30/2022 7:00,0.0,0.0
11/30/2022 8:00,0.0,0.0
11/30/2022 9:00,0.75,0.05
11/30/2022 10:00,1.75,0.11
11/30/2022 11:00,3.75,0.23
11/30/2022 12:00,5.75,0.35
11/30/2022 13:00,5.5,0.34
11/30/2022 14:00,8.25,0.51
11/30/2022 15:00,6.0,0.37
11/30/2022 16:00,1.25,0.08
11/30/2022 17:00,0.75,0.05
11/30/2022 18:00,0.0,0.0
11/30/2022 19:00,0.0,0.0
11/30/2022 20:00,0.0,0.0
11/30/2022 21:00,0.0,0.0
11/30/2022 22:00,0.0,0.0
11/30/2022 23:00,0.0,0.0
12/1/2022 0:00,0.0,0.0
12/1/2022 1:00,0.0,0.0
12/1/2022 2:00,0.0,0.0
12/1/2022 3:00,0.0,0.0
12/1/2022 4:00,0.0,0.0
12/1/2022 5:00,0.0,0.0
12/1/2022 6:00,0.0,0.0
12/1/2022 7:00,0.0,0.0
12/1/2022 8:00,0.0,0.0
12/1/2022 9:00,0.25,0.02
12/1/2022 10:00,0.75,0.05
12/1/2022 11:00,1.5,0.09
12/1/2022 12:00,2.0,0.12
12/1/2022 13:00,2.75,0.17
12/1/2022 14:00,3.5,0.21
12/1/2022 15:00,1.5,0.09
12/1/2022 16:00,0.75,0.05
12/1/2022 17:00,0.25,0.02
12/1/2022 18:00,0.0,0.0
12/1/2022 19:00,0.0,0.0
12/1/2022 20:00,0.0,0.0
12/1/2022 21:00,0.0,0.0
12/1/2022 22:00,0.0,0.0
12/1/2022 23:00,0.0,0.0
12/2/2022 0:00,0.0,0.0
12/2/2022 1:00,0.0,0.0
12/2/2022 2:00,0.0,0.0
12/2/2022 3:00,0.0,0.0
12/2/2022 4:00,0.0,0.0
12/2/2022 5:00,0.0,0.0
12/2/2022 6:00,0.0,0.0
12/2/2022 7:00,0.0,0.0
12/2/2022 8:00,0.25,0.02
12/2/2022 9:00,0.5,0.03
12/2/2022 10:00,2.0,0.12
12/2/2022 11:00,2.75,0.17
12/2/2022 12:00,3.25,0.2
12/2/2022 13:00,4.5,0.28
12/2/2022 14:00,7.75,0.47
12/2/2022 15:00,6.5,0.4
12/2/2022 16:00,3.25,0.2
12/2/2022 17:00,0.5,0.03
12/2/2022 18:00,0.0,0.0
12/2/2022 19:00,0.0,0.0
12/2/2022 20:00,0.0,0.0
12/2/2022 21:00,0.0,0.0
12/2/2022 22:00,0.0,0.0
12/2/2022 23:00,0.0,0.0
12/3/2022 0:00,0.0,0.0
12/3/2022 1:00,0.0,0.0
12/3/2022 2:00,0.0,0.0
12/3/2022 3:00,0.0,0.0
12/3/2022 4:00,0.0,0.0
12/3/2022 5:00,0.0,0.0
12/3/2022 6:00,0.0,0.0
12/3/2022 7:00,0.0,0.0
12/3/2022 8:00,0.0,0.0
12/3/2022 9:00,0.75,0.05
12/3/2022 10:00,1.0,0.06
12/3/2022 11:00,1.25,0.08
12/3/2022 12:00,2.25,0.14
12/3/2022 13:00,1.5,0.09
12/3/2022 14:00,1.5,0.09
12/3/2022 15:00,2.25,0.14
12/3/2022 16:00,1.75,0.11
12/3/2022 17:00,0.75,0.05
12/3/2022 18:00,0.0,0.0
12/3/2022 19:00,0.0,0.0
12/3/2022 20:00,0.0,0.0
12/3/2022 21:00,0.0,0.0
12/3/2022 22:00,0.0,0.0
12/3/2022 23:00,0.0,0.0
12/4/2022 0:00,0.0,0.0
12/4/2022 1:00,0.0,0.0
12/4/2022 2:00,0.0,0.0
12/4/2022 3:00,0.0,0.0
12/4/2022 4:00,0.0,0.0
12/4/2022 5:00,0.0,0.0
12/4/2022 6:00,0.0,0.0
12/4/2022 7:00,0.0,0.0
12/4/2022 8:00,0.25,0.02
12/4/2022 9:00,0.5,0.03
12/4/2022 10:00,1.0,0.06
12/4/2022 11:00,4.0,0.25
12/4/2022 12:00,7.5,0.46
12/4/2022 13:00,6.25,0.38
12/4/2022 14:00,1.5,0.09
12/4/2022 15:00,1.25,0.08
12/4/2022 16:00,1.0,0.06
12/4/2022 17:00,0.25,0.02
12/4/2022 18:00,0.0,0.0
12/4/2022 19:00,0.0,0.0
12/4/2022 20:00,0.0,0.0
12/4/2022 21:00,0.0,0.0
12/4/2022 22:00,0.0,0.0
12/4/2022 23:00,0.0,0.0
12/5/2022 0:00,0.0,0.0
12/5/2022 1:00,0.0,0.0
12/5/2022 2:00,0.0,0.0
12/5/2022 3:00,0.0,0.0
12/5/2022 4:00,0.0,0.0
12/5/2022 5:00,0.0,0.0
12/5/2022 6:00,0.0,0.0
12/5/2022 7:00,0.0,0.0
12/5/2022 8:00,0.0,0.0
12/5/2022 9:00,0.0,0.0
12/5/2022 10:00,2.0,0.12
12/5/2022 11:00,1.5,0.09
12/5/2022 12:00,1.75,0.11
12/5/2022 13:00,0.5,0.03
12/5/2022 14:00,0.25,0.02
12/5/2022 15:00,0.0,0.0
12/5/2022 16:00,0.0,0.0
12/5/2022 17:00,0.75,0.05
12/5/2022 18:00,0.0,0.0
12/5/2022 19:00,0.0,0.0
12/5/2022 20:00,0.0,0.0
12/5/2022 21:00,0.0,0.0
12/5/2022 22:00,0.0,0.0
12/5/2022 23:00,0.0,0.0
12/6/2022 0:00,0.0,0.0
12/6/2022 1:00,0.0,0.0
12/6/2022 2:00,0.0,0.0
12/6/2022 3:00,0.0,0.0
12/6/2022 4:00,0.0,0.0
12/6/2022 5:00,0.0,0.0
12/6/2022 6:00,0.0,0.0
12/6/2022 7:00,0.0,0.0
12/6/2022 8:00,0.0,0.0
12/6/2022 9:00,1.25,0.08
12/6/2022 10:00,2.25,0.14
12/6/2022 11:00,2.25,0.14
12/6/2022 12:00,6.5,0.4
12/6/2022 13:00,9.0,0.55
12/6/2022 14:00,8.0,0.49
12/6/2022 15:00,6.0,0.37
12/6/2022 16:00,2.5,0.15
12/6/2022 17:00,0.75,0.05
12/6/2022 18:00,0.0,0.0
12/6/2022 19:00,0.0,0.0
12/6/2022 20:00,0.0,0.0
12/6/2022 21:00,0.0,0.0
12/6/2022 22:00,0.0,0.0
12/6/2022 23:00,0.0,0.0
12/7/2022 0:00,0.0,0.0
12/7/2022 1:00,0.0,0.0
12/7/2022 2:00,0.0,0.0
12/7/2022 3:00,0.0,0.0
12/7/2022 4:00,0.0,0.0
12/7/2022 5:00,0.0,0.0
12/7/2022 6:00,0.0,0.0
12/7/2022 7:00,0.0,0.0
12/7/2022 8:00,0.0,0.0
12/7/2022 9:00,0.25,0.02
12/7/2022 10:00,0.5,0.03
12/7/2022 11:00,0.25,0.02
12/7/2022 12:00,0.5,0.03
12/7/2022 13:00,0.75,0.05
12/7/2022 14:00,1.0,0.06
12/7/2022 15:00,1.0,0.06
12/7/2022 16:00,0.5,0.03
12/7/2022 17:00,0.0,0.0
12/7/2022 18:00,0.0,0.0
12/7/2022 19:00,0.0,0.0
12/7/2022 20:00,0.0,0.0
12/7/2022 21:00,0.0,0.0
12/7/2022 22:00,0.0,0.0
12/7/2022 23:00,0.0,0.0
12/8/2022 0:00,0.0,0.0
12/8/2022 1:00,0.0,0.0
12/8/2022 2:00,0.0,0.0
12/8/2022 3:00,0.0,0.0
12/8/2022 4:00,0.0,0.0
12/8/2022 5:00,0.0,0.0
12/8/2022 6:00,0.0,0.0
12/8/2022 7:00,0.0,0.0
12/8/2022 8:00,0.0,0.0
12/8/2022 9:00,0.75,0.05
12/8/2022 10:00,1.75,0.11
12/8/2022 11:00,2.75,0.17
12/8/2022 12:00,2.75,0.17
12/8/2022 13:00,2.75,0.17
12/8/2022 14:00,7.5,0.46
12/8/2022 15:00,3.75,0.23
12/8/2022 16:00,1.75,0.11
12/8/2022 17:00,0.5,0.03
12/8/2022 18:00,0.0,0.0
12/8/2022 19:00,0.0,0.0
12/8/2022 20:00,0.0,0.0
12/8/2022 21:00,0.0,0.0
12/8/2022 22:00,0.0,0.0
12/8/2022 23:00,0.0,0.0
12/9/2022 0:00,0.0,0.0
12/9/2022 1:00,0.0,0.0
12/9/2022 2:00,0.0,0.0
12/9/2022 3:00,0.0,0.0
12/9/2022 4:00,0.0,0.0
12/9/2022 5:00,0.0,0.0
12/9/2022 6:00,0.0,0.0
12/9/2022 7:00,0.0,0.0
12/9/2022 8:00,0.0,0.0
12/9/2022 9:00,0.5,0.03
12/9/2022 10:00,1.5,0.09
12/9/2022 11:00,2.5,0.15
12/9/2022 12:00,3.25,0.2
12/9/2022 13:00,7.25,0.44
12/9/2022 14:00,6.75,0.41
12/9/2022 15:00,5.0,0.31
12/9/2022 16:00,1.75,0.11
12/9/2022 17:00,0.5,0.03
12/9/2022 18:00,0.0,0.0
12/9/2022 19:00,0.0,0.0
12/9/2022 20:00,0.0,0.0
12/9/2022 21:00,0.0,0.0
12/9/2022 22:00,0.0,0.0
12/9/2022 23:00,0.0,0.0
12/10/2022 0:00,0.0,0.0
12/10/2022 1:00,0.0,0.0
12/10/2022 2:00,0.0,0.0
12/10/2022 3:00,0.0,0.0
12/10/2022 4:00,0.0,0.0
12/10/2022 5:00,0.0,0.0
12/10/2022 6:00,0.0,0.0
12/10/2022 7:00,0.0,0.0
12/10/2022 8:00,0.0,0.0
12/10/2022 9:00,0.5,0.03
12/10/2022 10:00,1.75,0.11
12/10/2022 11:00,3.0,0.18
12/10/2022 12:00,6.75,0.41
12/10/2022 13:00,8.5,0.52
12/10/2022 14:00,6.25,0.38
12/10/2022 15:00,4.75,0.29
12/10/2022 16:00,2.5,0.15
12/10/2022 17:00,0.25,0.02
12/10/2022 18:00,0.0,0.0
12/10/2022 19:00,0.0,0.0
12/10/2022 20:00,0.0,0.0
12/10/2022 21:00,0.0,0.0
12/10/2022 22:00,0.0,0.0
12/10/2022 23:00,0.0,0.0
12/11/2022 0:00,0.0,0.0
12/11/2022 1:00,0.0,0.0
12/11/2022 2:00,0.0,0.0
12/11/2022 3:00,0.0,0.0
12/11/2022 4:00,0.0,0.0
12/11/2022 5:00,0.0,0.0
12/11/2022 6:00,0.0,0.0
12/11/2022 7:00,0.0,0.0
12/11/2022 8:00,0.0,0.0
12/11/2022 9:00,0.5,0.03
12/11/2022 10:00,1.5,0.09
12/11/2022 11:00,3.5,0.21
12/11/2022 12:00,7.0,0.43
12/11/2022 13:00,8.5,0.52
12/11/2022 14:00,7.75,0.47
12/11/2022 15:00,5.25,0.32
12/11/2022 16:00,1.5,0.09
12/11/2022 17:00,0.75,0.05
12/11/2022 18:00,0.0,0.0
12/11/2022 19:00,0.0,0.0
12/11/2022 20:00,0.0,0.0
12/11/2022 21:00,0.0,0.0
12/11/2022 22:00,0.0,0.0
12/11/2022 23:00,0.0,0.0
12/12/2022 0:00,0.0,0.0
12/12/2022 1:00,0.0,0.0
12/12/2022 2:00,0.0,0.0
12/12/2022 3:00,0.0,0.0
12/12/2022 4:00,0.0,0.0
12/12/2022 5:00,0.0,0.0
12/12/2022 6:00,0.0,0.0
12/12/2022 7:00,0.0,0.0
12/12/2022 8:00,0.0,0.0
12/12/2022 9:00,0.75,0.05
12/12/2022 10:00,1.75,0.11
12/12/2022 11:00,3.25,0.2
12/12/2022 12:00,5.5,0.34
12/12/2022 13:00,3.75,0.23
12/12/2022 14:00,1.5,0.09
12/12/2022 15:00,1.0,0.06
12/12/2022 16:00,0.5,0.03
12/12/2022 17:00,0.25,0.02
12/12/2022 18:00,0.0,0.0
12/12/2022 19:00,0.0,0.0
12/12/2022 20:00,0.0,0.0
12/12/2022 21:00,0.0,0.0
12/12/2022 22:00,0.0,0.0
12/12/2022 23:00,0.0,0.0
12/13/2022 0:00,0.0,0.0
12/13/2022 1:00,0.0,0.0
12/13/2022 2:00,0.0,0.0
12/13/2022 3:00,0.0,0.0
12/13/2022 4:00,0.0,0.0
12/13/2022 5:00,0.0,0.0
12/13/2022 6:00,0.0,0.0
12/13/2022 7:00,0.0,0.0
12/13/2022 8:00,0.0,0.0
12/13/2022 9:00,0.25,0.02
12/13/2022 10:00,0.75,0.05
12/13/2022 11:00,1.5,0.09
12/13/2022 12:00,2.0,0.12
12/13/2022 13:00,1.75,0.11
12/13/2022 14:00,2.5,0.15
12/13/2022 15:00,3.5,0.21
12/13/2022 16:00,2.0,0.12
12/13/2022 17:00,0.5,0.03
12/13/2022 18:00,0.0,0.0
12/13/2022 19:00,0.0,0.0
12/13/2022 20:00,0.0,0.0
12/13/2022 21:00,0.0,0.0
12/13/2022 22:00,0.0,0.0
12/13/2022 23:00,0.0,0.0
12/14/2022 0:00,0.0,0.0
12/14/2022 1:00,0.0,0.0
12/14/2022 2:00,0.0,0.0
12/14/2022 3:00,0.0,0.0
12/14/2022 4:00,0.0,0.0
12/14/2022 5:00,0.0,0.0
12/14/2022 6:00,0.0,0.0
12/14/2022 7:00,0.0,0.0
12/14/2022 8:00,0.0,0.0
12/14/2022 9:00,0.75,0.05
12/14/2022 10:00,2.0,0.12
12/14/2022 11:00,2.5,0.15
12/14/2022 12:00,2.5,0.15
12/14/2022 13:00,5.5,0.34
12/14/2022 14:00,5.25,0.32
12/14/2022 15:00,5.25,0.32
12/14/2022 16:00,2.0,0.12
12/14/2022 17:00,0.5,0.03
12/14/2022 18:00,0.25,0.02
12/14/2022 19:00,0.0,0.0
12/14/2022 20:00,0.0,0.0
12/14/2022 21:00,0.0,0.0
12/14/2022 22:00,0.0,0.0
12/14/2022 23:00,0.0,0.0
12/15/2022 0:00,0.0,0.0
12/15/2022 1:00,0.0,0.0
12/15/2022 2:00,0.0,0.0
12/15/2022 3:00,0.0,0.0
12/15/2022 4:00,0.0,0.0
12/15/2022 5:00,0.0,0.0
12/15/2022 6:00,0.0,0.0
12/15/2022 7:00,0.0,0.0
12/15/2022 8:00,0.0,0.0
12/15/2022 9:00,0.25,0.02
12/15/2022 10:00,1.25,0.08
12/15/2022 11:00,4.25,0.26
12/15/2022 12:00,7.25,0.44
12/15/2022 13:00,7.0,0.43
12/15/2022 14:00,4.75,0.29
12/15/2022 15:00,7.25,0.44
12/15/2022 16:00,3.25,0.2
12/15/2022 17:00,0.5,0.03
12/15/2022 18:00,0.0,0.0
12/15/2022 19:00,0.0,0.0
12/15/2022 20:00,0.0,0.0
12/15/2022 21:00,0.0,0.0
12/15/2022 22:00,0.0,0.0
12/15/2022 23:00,0.0,0.0
12/16/2022 0:00,0.0,0.0
12/16/2022 1:00,0.0,0.0
12/16/2022 2:00,0.0,0.0
12/16/2022 3:00,0.0,0.0
12/16/2022 4:00,0.0,0.0
12/16/2022 5:00,0.0,0.0
12/16/2022 6:00,0.0,0.0
12/16/2022 7:00,0.0,0.0
12/16/2022 8:00,0.0,0.0
12/16/2022 9:00,0.5,0.03
12/16/2022 10:00,1.0,0.06
12/16/2022 11:00,3.75,0.23
12/16/2022 12:00,6.75,0.41
12/16/2022 13:00,5.5,0.34
12/16/2022 14:00,5.75,0.35
12/16/2022 15:00,4.75,0.29
12/16/2022 16:00,4.0,0.25
12/16/2022 17:00,0.5,0.03
12/16/2022 18:00,0.0,0.0
12/16/2022 19:00,0.0,0.0
12/16/2022 20:00,0.0,0.0
12/16/2022 21:00,0.0,0.0
12/16/2022 22:00,0.0,0.0
12/16/2022 23:00,0.0,0.0
12/17/2022 0:00,0.0,0.0
12/17/2022 1:00,0.0,0.0
12/17/2022 2:00,0.0,0.0
12/17/2022 3:00,0.0,0.0
12/17/2022 4:00,0.0,0.0
12/17/2022 5:00,0.0,0.0
12/17/2022 6:00,0.0,0.0
12/17/2022 7:00,0.0,0.0
12/17/2022 8:00,0.0,0.0
12/17/2022 9:00,1.0,0.06
12/17/2022 10:00,2.0,0.12
12/17/2022 11:00,3.25,0.2
12/17/2022 12:00,7.5,0.46
12/17/2022 13:00,8.75,0.54
12/17/2022 14:00,8.0,0.49
12/17/2022 15:00,6.5,0.4
12/17/2022 16:00,3.5,0.21
12/17/2022 17:00,0.5,0.03
12/17/2022 18:00,0.0,0.0
12/17/2022 19:00,0.0,0.0
12/17/2022 20:00,0.0,0.0
12/17/2022 21:00,0.0,0.0
12/17/2022 22:00,0.0,0.0
12/17/2022 23:00,0.0,0.0
12/18/2022 0:00,0.0,0.0
12/18/2022 1:00,0.0,0.0
12/18/2022 2:00,0.0,0.0
12/18/2022 3:00,0.0,0.0
12/18/2022 4:00,0.0,0.0
12/18/2022 5:00,0.0,0.0
12/18/2022 6:00,0.0,0.0
12/18/2022 7:00,0.0,0.0
12/18/2022 8:00,0.0,0.0
12/18/2022 9:00,0.5,0.03
12/18/2022 10:00,1.0,0.06
12/18/2022 11:00,3.5,0.21
12/18/2022 12:00,7.75,0.47
12/18/2022 13:00,7.5,0.46
12/18/2022 14:00,4.25,0.26
12/18/2022 15:00,6.5,0.4
12/18/2022 16:00,1.75,0.11
12/18/2022 17:00,0.5,0.03
12/18/2022 18:00,0.0,0.0
12/18/2022 19:00,0.0,0.0
12/18/2022 20:00,0.0,0.0
12/18/2022 21:00,0.0,0.0
12/18/2022 22:00,0.0,0.0
12/18/2022 23:00,0.0,0.0
12/19/2022 0:00,0.0,0.0
12/19/2022 1:00,0.0,0.0
12/19/2022 2:00,0.0,0.0
12/19/2022 3:00,0.0,0.0
12/19/2022 4:00,0.0,0.0
12/19/2022 5:00,0.0,0.0
12/19/2022 6:00,0.0,0.0
12/19/2022 7:00,0.0,0.0
12/19/2022 8:00,0.0,0.0
12/19/2022 9:00,0.75,0.05
12/19/2022 10:00,2.25,0.14
12/19/2022 11:00,2.75,0.17
12/19/2022 12:00,5.0,0.31
12/19/2022 13:00,5.5,0.34
12/19/2022 14:00,5.0,0.31
12/19/2022 15:00,2.5,0.15
12/19/2022 16:00,1.0,0.06
12/19/2022 17:00,0.25,0.02
12/19/2022 18:00,0.0,0.0
12/19/2022 19:00,0.0,0.0
12/19/2022 20:00,0.0,0.0
12/19/2022 21:00,0.0,0.0
12/19/2022 22:00,0.0,0.0
12/19/2022 23:00,0.0,0.0
12/20/2022 0:00,0.0,0.0
12/20/2022 1:00,0.0,0.0
12/20/2022 2:00,0.0,0.0
12/20/2022 3:00,0.0,0.0
12/20/2022 4:00,0.0,0.0
12/20/2022 5:00,0.0,0.0
12/20/2022 6:00,0.0,0.0
12/20/2022 7:00,0.0,0.0
12/20/2022 8:00,0.0,0.0
12/20/2022 9:00,0.75,0.05
12/20/2022 10:00,0.75,0.05
12/20/2022 11:00,1.0,0.06
12/20/2022 12:00,1.0,0.06
12/20/2022 13:00,3.0,0.18
12/20/2022 14:00,2.25,0.14
12/20/2022 15:00,1.75,0.11
12/20/2022 16:00,1.25,0.08
12/20/2022 17:00,0.5,0.03
12/20/2022 18:00,0.0,0.0
12/20/2022 19:00,0.0,0.0
12/20/2022 20:00,0.0,0.0
12/20/2022 21:00,0.0,0.0
12/20/2022 22:00,0.0,0.0
12/20/2022 23:00,0.0,0.0
12/21/2022 0:00,0.0,0.0
12/21/2022 1:00,0.0,0.0
12/21/2022 2:00,0.0,0.0
12/21/2022 3:00,0.0,0.0
12/21/2022 4:00,0.0,0.0
12/21/2022 5:00,0.0,0.0
12/21/2022 6:00,0.0,0.0
12/21/2022 7:00,0.0,0.0
12/21/2022 8:00,0.0,0.0
12/21/2022 9:00,0.75,0.05
12/21/2022 10:00,1.25,0.08
12/21/2022 11:00,3.5,0.21
12/21/2022 12:00,4.0,0.25
12/21/2022 13:00,7.5,0.46
12/21/2022 14:00,6.25,0.38
12/21/2022 15:00,5.0,0.31
12/21/2022 16:00,2.0,0.12
12/21/2022 17:00,0.5,0.03
12/21/2022 18:00,0.0,0.0
12/21/2022 19:00,0.0,0.0
12/21/2022 20:00,0.0,0.0
12/21/2022 21:00,0.0,0.0
12/21/2022 22:00,0.0,0.0
12/21/2022 23:00,0.0,0.0
12/22/2022 0:00,0.0,0.0
12/22/2022 1:00,0.0,0.0
12/22/2022 2:00,0.0,0.0
12/22/2022 3:00,0.0,0.0
12/22/2022 4:00,0.0,0.0
12/22/2022 5:00,0.0,0.0
12/22/2022 6:00,0.0,0.0
12/22/2022 7:00,0.0,0.0
12/22/2022 8:00,0.0,0.0
12/22/2022 9:00,0.5,0.03
12/22/2022 10:00,0.75,0.05
12/22/2022 11:00,3.5,0.21
12/22/2022 12:00,7.0,0.43
12/22/2022 13:00,8.5,0.52
12/22/2022 14:00,7.75,0.47
12/22/2022 15:00,6.25,0.38
12/22/2022 16:00,3.5,0.21
12/22/2022 17:00,0.75,0.05
12/22/2022 18:00,0.0,0.0
12/22/2022 19:00,0.0,0.0
12/22/2022 20:00,0.0,0.0
12/22/2022 21:00,0.0,0.0
12/22/2022 22:00,0.0,0.0
12/22/2022 23:00,0.0,0.0
12/23/2022 0:00,0.0,0.0
12/23/2022 1:00,0.0,0.0
12/23/2022 2:00,0.0,0.0
12/23/2022 3:00,0.0,0.0
12/23/2022 4:00,0.0,0.0
12/23/2022 5:00,0.0,0.0
12/23/2022 6:00,0.0,0.0
12/23/2022 7:00,0.0,0.0
12/23/2022 8:00,0.0,0.0
12/23/2022 9:00,0.25,0.02
12/23/2022 10:00,1.0,0.06
12/23/2022 11:00,3.25,0.2
12/23/2022 12:00,6.75,0.41
12/23/2022 13:00,5.75,0.35
12/23/2022 14:00,7.75,0.47
12/23/2022 15:00,6.5,0.4
12/23/2022 16:00,3.75,0.23
12/23/2022 17:00,0.75,0.05
12/23/2022 18:00,0.0,0.0
12/23/2022 19:00,0.0,0.0
12/23/2022 20:00,0.0,0.0
12/23/2022 21:00,0.0,0.0
12/23/2022 22:00,0.0,0.0
12/23/2022 23:00,0.0,0.0
12/24/2022 0:00,0.0,0.0
12/24/2022 1:00,0.0,0.0
12/24/2022 2:00,0.0,0.0
12/24/2022 3:00,0.0,0.0
12/24/2022 4:00,0.0,0.0
12/24/2022 5:00,0.0,0.0
12/24/2022 6:00,0.0,0.0
12/24/2022 7:00,0.0,0.0
12/24/2022 8:00,0.0,0.0
12/24/2022 9:00,0.5,0.03
12/24/2022 10:00,0.75,0.05
12/24/2022 11:00,2.25,0.14
12/24/2022 12:00,3.5,0.21
12/24/2022 13:00,3.5,0.21
12/24/2022 14:00,1.75,0.11
12/24/2022 15:00,3.5,0.21
12/24/2022 16:00,1.75,0.11
12/24/2022 17:00,0.5,0.03
12/24/2022 18:00,0.0,0.0
12/24/2022 19:00,0.0,0.0
12/24/2022 20:00,0.0,0.0
12/24/2022 21:00,0.0,0.0
12/24/2022 22:00,0.0,0.0
12/24/2022 23:00,0.0,0.0
12/25/2022 0:00,0.0,0.0
12/25/2022 1:00,0.0,0.0
12/25/2022 2:00,0.0,0.0
12/25/2022 3:00,0.0,0.0
12/25/2022 4:00,0.0,0.0
12/25/2022 5:00,0.0,0.0
12/25/2022 6:00,0.0,0.0
12/25/2022 7:00,0.0,0.0
12/25/2022 8:00,0.25,0.02
12/25/2022 9:00,0.25,0.02
12/25/2022 10:00,1.0,0.06
12/25/2022 11:00,3.25,0.2
12/25/2022 12:00,6.75,0.41
12/25/2022 13:00,8.75,0.54
12/25/2022 14:00,7.75,0.47
12/25/2022 15:00,6.25,0.38
12/25/2022 16:00,3.5,0.21
12/25/2022 17:00,0.75,0.05
12/25/2022 18:00,0.0,0.0
12/25/2022 19:00,0.0,0.0
12/25/2022 20:00,0.0,0.0
12/25/2022 21:00,0.0,0.0
12/25/2022 22:00,0.0,0.0
12/25/2022 23:00,0.0,0.0
12/26/2022 0:00,0.0,0.0
12/26/2022 1:00,0.0,0.0
12/26/2022 2:00,0.0,0.0
12/26/2022 3:00,0.0,0.0
12/26/2022 4:00,0.0,0.0
12/26/2022 5:00,0.0,0.0
12/26/2022 6:00,0.0,0.0
12/26/2022 7:00,0.0,0.0
12/26/2022 8:00,0.0,0.0
12/26/2022 9:00,0.5,0.03
12/26/2022 10:00,1.0,0.06
12/26/2022 11:00,3.25,0.2
12/26/2022 12:00,7.0,0.43
12/26/2022 13:00,8.5,0.52
12/26/2022 14:00,8.0,0.49
12/26/2022 15:00,6.5,0.4
12/26/2022 16:00,3.75,0.23
12/26/2022 17:00,0.75,0.05
12/26/2022 18:00,0.0,0.0
12/26/2022 19:00,0.0,0.0
12/26/2022 20:00,0.0,0.0
12/26/2022 21:00,0.0,0.0
12/26/2022 22:00,0.0,0.0
12/26/2022 23:00,0.0,0.0
12/27/2022 0:00,0.0,0.0
12/27/2022 1:00,0.0,0.0
12/27/2022 2:00,0.0,0.0
12/27/2022 3:00,0.0,0.0
12/27/2022 4:00,0.0,0.0
12/27/2022 5:00,0.0,0.0
12/27/2022 6:00,0.0,0.0
12/27/2022 7:00,0.0,0.0
12/27/2022 8:00,0.0,0.0
12/27/2022 9:00,0.25,0.02
12/27/2022 10:00,0.75,0.05
12/27/2022 11:00,3.25,0.2
12/27/2022 12:00,7.0,0.43
12/27/2022 13:00,8.5,0.52
12/27/2022 14:00,8.25,0.51
12/27/2022 15:00,6.5,0.4
12/27/2022 16:00,3.75,0.23
12/27/2022 17:00,0.75,0.05
12/27/2022 18:00,0.0,0.0
12/27/2022 19:00,0.0,0.0
12/27/2022 20:00,0.0,0.0
12/27/2022 21:00,0.0,0.0
12/27/2022 22:00,0.0,0.0
12/27/2022 23:00,0.0,0.0
12/28/2022 0:00,0.0,0.0
12/28/2022 1:00,0.0,0.0
12/28/2022 2:00,0.0,0.0
12/28/2022 3:00,0.0,0.0
12/28/2022 4:00,0.0,0.0
12/28/2022 5:00,0.0,0.0
12/28/2022 6:00,0.0,0.0
12/28/2022 7:00,0.0,0.0
12/28/2022 8:00,0.0,0.0
12/28/2022 9:00,0.25,0.02
12/28/2022 10:00,0.75,0.05
12/28/2022 11:00,3.25,0.2
12/28/2022 12:00,7.0,0.43
12/28/2022 13:00,8.75,0.54
12/28/2022 14:00,8.25,0.51
12/28/2022 15:00,6.5,0.4
12/28/2022 16:00,4.0,0.25
12/28/2022 17:00,0.75,0.05
12/28/2022 18:00,0.0,0.0
12/28/2022 19:00,0.0,0.0
12/28/2022 20:00,0.0,0.0
12/28/2022 21:00,0.0,0.0
12/28/2022 22:00,0.0,0.0
12/28/2022 23:00,0.0,0.0
12/29/2022 0:00,0.0,0.0
12/29/2022 1:00,0.0,0.0
12/29/2022 2:00,0.0,0.0
12/29/2022 3:00,0.0,0.0
12/29/2022 4:00,0.0,0.0
12/29/2022 5:00,0.0,0.0
12/29/2022 6:00,0.0,0.0
12/29/2022 7:00,0.0,0.0
12/29/2022 8:00,0.0,0.0
12/29/2022 9:00,0.75,0.05
12/29/2022 10:00,1.25,0.08
12/29/2022 11:00,3.0,0.18
12/29/2022 12:00,6.5,0.4
12/29/2022 13:00,8.5,0.52
12/29/2022 14:00,8.0,0.49
12/29/2022 15:00,6.5,0.4
12/29/2022 16:00,3.5,0.21
12/29/2022 17:00,0.75,0.05
12/29/2022 18:00,0.0,0.0
12/29/2022 19:00,0.0,0.0
12/29/2022 20:00,0.0,0.0
12/29/2022 21:00,0.0,0.0
12/29/2022 22:00,0.0,0.0
12/29/2022 23:00,0.0,0.0
12/30/2022 0:00,0.0,0.0
12/30/2022 1:00,0.0,0.0
12/30/2022 2:00,0.0,0.0
12/30/2022 3:00,0.0,0.0
12/30/2022 4:00,0.0,0.0
12/30/2022 5:00,0.0,0.0
12/30/2022 6:00,0.0,0.0
12/30/2022 7:00,0.0,0.0
12/30/2022 8:00,0.25,0.02
12/30/2022 9:00,0.5,0.03
12/30/2022 10:00,1.75,0.11
12/30/2022 11:00,3.0,0.18
12/30/2022 12:00,4.0,0.25
12/30/2022 13:00,5.25,0.32
12/30/2022 14:00,7.5,0.46
12/30/2022 15:00,6.75,0.41
12/30/2022 16:00,3.75,0.23
12/30/2022 17:00,0.75,0.05
12/30/2022 18:00,0.0,0.0
12/30/2022 19:00,0.0,0.0
12/30/2022 20:00,0.0,0.0
12/30/2022 21:00,0.0,0.0
12/30/2022 22:00,0.0,0.0
12/30/2022 23:00,0.0,0.0
12/31/2022 0:00,0.0,0.0
12/31/2022 1:00,0.0,0.0
12/31/2022 2:00,0.0,0.0
12/31/2022 3:00,0.0,0.0
12/31/2022 4:00,0.0,0.0
12/31/2022 5:00,0.0,0.0
12/31/2022 6:00,0.0,0.0
12/31/2022 7:00,0.0,0.0
12/31/2022 8:00,0.0,0.0
12/31/2022 9:00,0.5,0.03
12/31/2022 10:00,1.25,0.08
12/31/2022 11:00,3.0,0.18
12/31/2022 12:00,6.75,0.41
12/31/2022 13:00,8.25,0.51
12/31/2022 14:00,7.75,0.47
12/31/2022 15:00,4.5,0.28
12/31/2022 16:00,2.0,0.12
12/31/2022 17:00,0.5,0.03
12/31/2022 18:00,0.0,0.0
12/31/2022 19:00,0.0,0.0
12/31/2022 20:00,0.0,0.0
12/31/2022 21:00,0.0,0.0
12/31/2022 22:00,0.0,0.0
12/31/2022 23:00,0.0,0.0
