time,temperature(C),cloud_cover(pc),shortwave_radiation(W/m2)
01/01/19 12:00 AM,6.8,0,0
01/01/19 01:00 AM,5.4,1,0
01/01/19 02:00 AM,5.2,0,0
01/01/19 03:00 AM,5.1,9,0
01/01/19 04:00 AM,4.7,6,0
01/01/19 05:00 AM,4.3,0,0
01/01/19 06:00 AM,4.0,0,0
01/01/19 07:00 AM,3.8,0,0
01/01/19 08:00 AM,3.3,12,0
01/01/19 09:00 AM,5.6,26,61
01/01/19 10:00 AM,8.0,27,198
01/01/19 11:00 AM,10.3,23,320
01/01/19 12:00 PM,12.3,0,425
01/01/19 01:00 PM,14.0,0,479
01/01/19 02:00 PM,15.0,0,459
01/01/19 03:00 PM,15.3,0,382
01/01/19 04:00 PM,14.7,0,256
01/01/19 05:00 PM,11.5,0,105
01/01/19 06:00 PM,8.5,0,5
01/01/19 07:00 PM,7.5,0,0
01/01/19 08:00 PM,7.1,0,0
01/01/19 09:00 PM,7.0,0,0
01/01/19 10:00 PM,6.9,0,0
01/01/19 11:00 PM,6.8,0,0
01/02/19 12:00 AM,7.9,0,0
01/02/19 01:00 AM,7.5,0,0
01/02/19 02:00 AM,7.0,0,0
01/02/19 03:00 AM,6.8,0,0
01/02/19 04:00 AM,6.8,0,0
01/02/19 05:00 AM,6.5,0,0
01/02/19 06:00 AM,5.9,0,0
01/02/19 07:00 AM,5.3,1,0
01/02/19 08:00 AM,4.9,1,0
01/02/19 09:00 AM,6.8,0,63
01/02/19 10:00 AM,9.4,0,215
01/02/19 11:00 AM,11.5,1,353
01/02/19 12:00 PM,13.4,5,447
01/02/19 01:00 PM,14.5,4,478
01/02/19 02:00 PM,15.0,4,453
01/02/19 03:00 PM,15.1,2,376
01/02/19 04:00 PM,14.6,1,256
01/02/19 05:00 PM,12.6,2,106
01/02/19 06:00 PM,10.7,1,5
01/02/19 07:00 PM,10.0,0,0
01/02/19 08:00 PM,9.5,0,0
01/02/19 09:00 PM,9.1,0,0
01/02/19 10:00 PM,8.6,0,0
01/02/19 11:00 PM,7.9,1,0
01/03/19 12:00 AM,8.0,16,0
01/03/19 01:00 AM,7.8,4,0
01/03/19 02:00 AM,7.1,24,0
01/03/19 03:00 AM,6.9,90,0
01/03/19 04:00 AM,6.5,90,0
01/03/19 05:00 AM,5.1,90,0
01/03/19 06:00 AM,4.1,90,0
01/03/19 07:00 AM,3.0,90,0
01/03/19 08:00 AM,2.7,65,0
01/03/19 09:00 AM,3.3,90,47
01/03/19 10:00 AM,4.7,90,145
01/03/19 11:00 AM,6.3,90,219
01/03/19 12:00 PM,6.7,90,274
01/03/19 01:00 PM,8.5,90,373
01/03/19 02:00 PM,9.5,90,352
01/03/19 03:00 PM,10.1,58,319
01/03/19 04:00 PM,10.3,14,241
01/03/19 05:00 PM,8.9,0,106
01/03/19 06:00 PM,5.9,0,6
01/03/19 07:00 PM,5.9,0,0
01/03/19 08:00 PM,7.9,0,0
01/03/19 09:00 PM,8.0,0,0
01/03/19 10:00 PM,5.2,1,0
01/03/19 11:00 PM,4.3,12,0
01/04/19 12:00 AM,4.5,24,0
01/04/19 01:00 AM,4.0,45,0
01/04/19 02:00 AM,5.1,43,0
01/04/19 03:00 AM,4.1,51,0
01/04/19 04:00 AM,4.9,37,0
01/04/19 05:00 AM,5.3,27,0
01/04/19 06:00 AM,5.3,32,0
01/04/19 07:00 AM,6.4,32,0
01/04/19 08:00 AM,6.5,58,0
01/04/19 09:00 AM,8.5,50,44
01/04/19 10:00 AM,10.2,65,152
01/04/19 11:00 AM,11.6,38,254
01/04/19 12:00 PM,12.8,41,354
01/04/19 01:00 PM,14.2,28,410
01/04/19 02:00 PM,15.1,25,434
01/04/19 03:00 PM,15.2,27,348
01/04/19 04:00 PM,14.9,36,235
01/04/19 05:00 PM,11.9,39,96
01/04/19 06:00 PM,10.8,40,6
01/04/19 07:00 PM,10.0,34,0
01/04/19 08:00 PM,9.0,12,0
01/04/19 09:00 PM,8.2,0,0
01/04/19 10:00 PM,7.4,0,0
01/04/19 11:00 PM,6.2,0,0
01/05/19 12:00 AM,5.5,0,0
01/05/19 01:00 AM,5.3,0,0
01/05/19 02:00 AM,5.2,0,0
01/05/19 03:00 AM,4.9,0,0
01/05/19 04:00 AM,4.5,0,0
01/05/19 05:00 AM,4.1,0,0
01/05/19 06:00 AM,3.8,0,0
01/05/19 07:00 AM,3.5,0,0
01/05/19 08:00 AM,3.2,0,0
01/05/19 09:00 AM,4.7,0,61
01/05/19 10:00 AM,7.1,0,212
01/05/19 11:00 AM,9.5,0,352
01/05/19 12:00 PM,11.2,0,450
01/05/19 01:00 PM,12.9,0,492
01/05/19 02:00 PM,13.8,0,475
01/05/19 03:00 PM,14.1,0,399
01/05/19 04:00 PM,13.7,0,272
01/05/19 05:00 PM,11.5,0,117
01/05/19 06:00 PM,9.5,0,7
01/05/19 07:00 PM,9.0,0,0
01/05/19 08:00 PM,8.2,0,0
01/05/19 09:00 PM,7.4,0,0
01/05/19 10:00 PM,6.5,0,0
01/05/19 11:00 PM,5.7,0,0
01/06/19 12:00 AM,5.9,0,0
01/06/19 01:00 AM,5.5,0,0
01/06/19 02:00 AM,4.8,0,0
01/06/19 03:00 AM,3.8,0,0
01/06/19 04:00 AM,3.2,0,0
01/06/19 05:00 AM,2.4,0,0
01/06/19 06:00 AM,1.7,1,0
01/06/19 07:00 AM,1.4,0,0
01/06/19 08:00 AM,1.7,4,0
01/06/19 09:00 AM,4.0,4,62
01/06/19 10:00 AM,6.3,2,217
01/06/19 11:00 AM,9.0,1,358
01/06/19 12:00 PM,10.7,0,458
01/06/19 01:00 PM,12.0,0,500
01/06/19 02:00 PM,12.8,0,482
01/06/19 03:00 PM,12.8,0,406
01/06/19 04:00 PM,12.2,0,280
01/06/19 05:00 PM,10.3,0,122
01/06/19 06:00 PM,8.3,0,8
01/06/19 07:00 PM,7.2,0,0
01/06/19 08:00 PM,6.7,0,0
01/06/19 09:00 PM,6.1,0,0
01/06/19 10:00 PM,5.4,0,0
01/06/19 11:00 PM,5.5,7,0
01/07/19 12:00 AM,6.0,0,0
01/07/19 01:00 AM,5.7,0,0
01/07/19 02:00 AM,4.9,0,0
01/07/19 03:00 AM,4.1,0,0
01/07/19 04:00 AM,3.4,0,0
01/07/19 05:00 AM,2.7,0,0
01/07/19 06:00 AM,2.2,0,0
01/07/19 07:00 AM,1.4,0,0
01/07/19 08:00 AM,0.8,0,0
01/07/19 09:00 AM,2.3,0,65
01/07/19 10:00 AM,5.1,0,221
01/07/19 11:00 AM,8.0,0,363
01/07/19 12:00 PM,10.9,0,460
01/07/19 01:00 PM,12.9,0,500
01/07/19 02:00 PM,14.0,0,482
01/07/19 03:00 PM,14.3,0,406
01/07/19 04:00 PM,13.6,0,280
01/07/19 05:00 PM,11.4,0,124
01/07/19 06:00 PM,9.2,0,9
01/07/19 07:00 PM,8.3,0,0
01/07/19 08:00 PM,7.6,0,0
01/07/19 09:00 PM,6.7,0,0
01/07/19 10:00 PM,5.7,0,0
01/07/19 11:00 PM,4.9,0,0
01/08/19 12:00 AM,4.9,0,0
01/08/19 01:00 AM,3.9,0,0
01/08/19 02:00 AM,3.3,0,0
01/08/19 03:00 AM,2.8,0,0
01/08/19 04:00 AM,2.3,0,0
01/08/19 05:00 AM,1.8,0,0
01/08/19 06:00 AM,1.2,0,0
01/08/19 07:00 AM,1.0,0,0
01/08/19 08:00 AM,0.7,0,0
01/08/19 09:00 AM,2.9,0,65
01/08/19 10:00 AM,5.7,0,220
01/08/19 11:00 AM,8.4,0,362
01/08/19 12:00 PM,10.8,0,460
01/08/19 01:00 PM,12.8,0,500
01/08/19 02:00 PM,14.1,0,482
01/08/19 03:00 PM,14.7,0,406
01/08/19 04:00 PM,14.6,0,280
01/08/19 05:00 PM,11.3,0,124
01/08/19 06:00 PM,8.7,0,9
01/08/19 07:00 PM,8.0,0,0
01/08/19 08:00 PM,7.9,0,0
01/08/19 09:00 PM,7.4,0,0
01/08/19 10:00 PM,6.3,0,0
01/08/19 11:00 PM,5.5,0,0
01/09/19 12:00 AM,5.6,0,0
01/09/19 01:00 AM,5.1,0,0
01/09/19 02:00 AM,4.7,0,0
01/09/19 03:00 AM,4.3,0,0
01/09/19 04:00 AM,4.2,0,0
01/09/19 05:00 AM,3.9,0,0
01/09/19 06:00 AM,3.6,0,0
01/09/19 07:00 AM,3.5,0,0
01/09/19 08:00 AM,3.5,0,0
01/09/19 09:00 AM,5.0,0,62
01/09/19 10:00 AM,7.4,0,211
01/09/19 11:00 AM,9.8,0,349
01/09/19 12:00 PM,12.3,0,445
01/09/19 01:00 PM,13.6,0,489
01/09/19 02:00 PM,14.3,0,472
01/09/19 03:00 PM,14.5,0,398
01/09/19 04:00 PM,14.0,0,275
01/09/19 05:00 PM,12.0,0,123
01/09/19 06:00 PM,10.3,0,10
01/09/19 07:00 PM,9.9,0,0
01/09/19 08:00 PM,9.2,0,0
01/09/19 09:00 PM,8.3,0,0
01/09/19 10:00 PM,7.9,0,0
01/09/19 11:00 PM,7.4,0,0
01/10/19 12:00 AM,7.6,0,0
01/10/19 01:00 AM,7.0,0,0
01/10/19 02:00 AM,6.3,0,0
01/10/19 03:00 AM,6.0,0,0
01/10/19 04:00 AM,6.0,0,0
01/10/19 05:00 AM,5.9,0,0
01/10/19 06:00 AM,5.5,0,0
01/10/19 07:00 AM,5.0,0,0
01/10/19 08:00 AM,4.7,0,0
01/10/19 09:00 AM,6.0,0,62
01/10/19 10:00 AM,8.0,0,213
01/10/19 11:00 AM,10.1,0,353
01/10/19 12:00 PM,12.1,0,450
01/10/19 01:00 PM,13.7,0,492
01/10/19 02:00 PM,14.7,0,474
01/10/19 03:00 PM,15.4,0,401
01/10/19 04:00 PM,15.5,0,278
01/10/19 05:00 PM,13.3,0,126
01/10/19 06:00 PM,11.0,0,11
01/10/19 07:00 PM,9.8,0,0
01/10/19 08:00 PM,9.1,0,0
01/10/19 09:00 PM,8.4,0,0
01/10/19 10:00 PM,7.6,0,0
01/10/19 11:00 PM,7.2,0,0
01/11/19 12:00 AM,6.6,0,0
01/11/19 01:00 AM,6.4,0,0
01/11/19 02:00 AM,6.0,0,0
01/11/19 03:00 AM,5.6,0,0
01/11/19 04:00 AM,5.1,0,0
01/11/19 05:00 AM,4.8,0,0
01/11/19 06:00 AM,4.6,0,0
01/11/19 07:00 AM,4.2,0,0
01/11/19 08:00 AM,4.0,0,0
01/11/19 09:00 AM,5.5,0,64
01/11/19 10:00 AM,7.5,0,218
01/11/19 11:00 AM,9.4,0,359
01/11/19 12:00 PM,11.2,0,458
01/11/19 01:00 PM,12.4,0,501
01/11/19 02:00 PM,13.0,0,484
01/11/19 03:00 PM,13.0,0,410
01/11/19 04:00 PM,12.5,0,286
01/11/19 05:00 PM,10.6,0,131
01/11/19 06:00 PM,8.6,0,12
01/11/19 07:00 PM,7.8,0,0
01/11/19 08:00 PM,7.1,0,0
01/11/19 09:00 PM,6.4,0,0
01/11/19 10:00 PM,5.8,0,0
01/11/19 11:00 PM,5.5,0,0
01/12/19 12:00 AM,5.0,0,0
01/12/19 01:00 AM,4.5,0,0
01/12/19 02:00 AM,4.0,0,0
01/12/19 03:00 AM,3.6,0,0
01/12/19 04:00 AM,3.2,0,0
01/12/19 05:00 AM,3.0,0,0
01/12/19 06:00 AM,2.7,0,0
01/12/19 07:00 AM,2.5,0,0
01/12/19 08:00 AM,2.5,0,0
01/12/19 09:00 AM,4.2,0,65
01/12/19 10:00 AM,6.9,0,220
01/12/19 11:00 AM,9.6,0,362
01/12/19 12:00 PM,11.6,0,462
01/12/19 01:00 PM,12.9,0,505
01/12/19 02:00 PM,13.5,0,488
01/12/19 03:00 PM,13.7,0,412
01/12/19 04:00 PM,13.4,0,288
01/12/19 05:00 PM,11.6,0,134
01/12/19 06:00 PM,9.4,0,13
01/12/19 07:00 PM,8.3,0,0
01/12/19 08:00 PM,7.6,0,0
01/12/19 09:00 PM,6.9,0,0
01/12/19 10:00 PM,6.1,0,0
01/12/19 11:00 PM,5.5,0,0
01/13/19 12:00 AM,5.1,0,0
01/13/19 01:00 AM,4.6,0,0
01/13/19 02:00 AM,4.1,0,0
01/13/19 03:00 AM,3.6,0,0
01/13/19 04:00 AM,3.2,0,0
01/13/19 05:00 AM,2.9,0,0
01/13/19 06:00 AM,2.4,0,0
01/13/19 07:00 AM,2.0,0,0
01/13/19 08:00 AM,1.8,0,0
01/13/19 09:00 AM,3.2,0,66
01/13/19 10:00 AM,5.7,0,221
01/13/19 11:00 AM,8.2,0,363
01/13/19 12:00 PM,10.1,0,464
01/13/19 01:00 PM,11.8,0,508
01/13/19 02:00 PM,13.0,0,493
01/13/19 03:00 PM,13.3,0,419
01/13/19 04:00 PM,13.1,0,294
01/13/19 05:00 PM,11.4,0,138
01/13/19 06:00 PM,9.3,0,14
01/13/19 07:00 PM,8.7,0,0
01/13/19 08:00 PM,8.0,0,0
01/13/19 09:00 PM,7.2,0,0
01/13/19 10:00 PM,6.2,0,0
01/13/19 11:00 PM,5.4,0,0
01/14/19 12:00 AM,5.3,0,0
01/14/19 01:00 AM,5.3,0,0
01/14/19 02:00 AM,4.8,0,0
01/14/19 03:00 AM,3.7,0,0
01/14/19 04:00 AM,3.3,0,0
01/14/19 05:00 AM,3.3,0,0
01/14/19 06:00 AM,2.7,1,0
01/14/19 07:00 AM,1.6,0,0
01/14/19 08:00 AM,1.3,0,0
01/14/19 09:00 AM,4.3,0,66
01/14/19 10:00 AM,7.6,0,221
01/14/19 11:00 AM,10.4,0,365
01/14/19 12:00 PM,12.3,0,465
01/14/19 01:00 PM,13.7,0,507
01/14/19 02:00 PM,14.4,0,490
01/14/19 03:00 PM,14.5,0,416
01/14/19 04:00 PM,14.1,0,292
01/14/19 05:00 PM,11.7,0,137
01/14/19 06:00 PM,10.2,0,15
01/14/19 07:00 PM,7.7,0,0
01/14/19 08:00 PM,8.4,0,0
01/14/19 09:00 PM,7.6,7,0
01/14/19 10:00 PM,6.5,28,0
01/14/19 11:00 PM,6.0,12,0
01/15/19 12:00 AM,6.1,1,0
01/15/19 01:00 AM,5.5,3,0
01/15/19 02:00 AM,5.1,98,0
01/15/19 03:00 AM,5.5,94,0
01/15/19 04:00 AM,5.3,92,0
01/15/19 05:00 AM,5.3,92,0
01/15/19 06:00 AM,5.2,93,0
01/15/19 07:00 AM,5.6,100,0
01/15/19 08:00 AM,5.8,100,0
01/15/19 09:00 AM,6.9,100,28
01/15/19 10:00 AM,8.1,100,90
01/15/19 11:00 AM,9.0,100,125
01/15/19 12:00 PM,9.5,100,191
01/15/19 01:00 PM,11.1,100,255
01/15/19 02:00 PM,12.2,100,255
01/15/19 03:00 PM,12.5,100,189
01/15/19 04:00 PM,12.3,100,119
01/15/19 05:00 PM,11.6,100,61
01/15/19 06:00 PM,10.4,100,7
01/15/19 07:00 PM,10.9,100,0
01/15/19 08:00 PM,10.1,84,0
01/15/19 09:00 PM,8.8,65,0
01/15/19 10:00 PM,8.7,60,0
01/15/19 11:00 PM,9.7,80,0
01/16/19 12:00 AM,9.6,62,0
01/16/19 01:00 AM,10.5,78,0
01/16/19 02:00 AM,10.4,100,0
01/16/19 03:00 AM,8.8,100,0
01/16/19 04:00 AM,8.7,100,0
01/16/19 05:00 AM,9.1,100,0
01/16/19 06:00 AM,8.7,100,0
01/16/19 07:00 AM,8.5,100,0
01/16/19 08:00 AM,8.3,100,0
01/16/19 09:00 AM,9.0,100,25
01/16/19 10:00 AM,10.0,100,50
01/16/19 11:00 AM,11.4,100,103
01/16/19 12:00 PM,11.7,100,141
01/16/19 01:00 PM,12.2,100,125
01/16/19 02:00 PM,12.0,100,170
01/16/19 03:00 PM,11.8,100,95
01/16/19 04:00 PM,11.3,100,46
01/16/19 05:00 PM,10.9,100,22
01/16/19 06:00 PM,10.2,100,3
01/16/19 07:00 PM,10.0,100,0
01/16/19 08:00 PM,9.8,100,0
01/16/19 09:00 PM,9.7,100,0
01/16/19 10:00 PM,9.8,100,0
01/16/19 11:00 PM,9.9,100,0
01/17/19 12:00 AM,9.5,100,0
01/17/19 01:00 AM,9.4,100,0
01/17/19 02:00 AM,9.6,100,0
01/17/19 03:00 AM,9.4,100,0
01/17/19 04:00 AM,9.0,100,0
01/17/19 05:00 AM,8.5,20,0
01/17/19 06:00 AM,7.6,7,0
01/17/19 07:00 AM,7.1,12,0
01/17/19 08:00 AM,6.8,17,0
01/17/19 09:00 AM,8.4,14,58
01/17/19 10:00 AM,10.4,8,203
01/17/19 11:00 AM,11.5,5,342
01/17/19 12:00 PM,12.5,8,459
01/17/19 01:00 PM,13.3,9,486
01/17/19 02:00 PM,13.6,14,468
01/17/19 03:00 PM,13.5,18,397
01/17/19 04:00 PM,12.9,16,285
01/17/19 05:00 PM,11.4,3,152
01/17/19 06:00 PM,9.8,4,19
01/17/19 07:00 PM,9.1,4,0
01/17/19 08:00 PM,8.6,22,0
01/17/19 09:00 PM,8.5,25,0
01/17/19 10:00 PM,8.0,18,0
01/17/19 11:00 PM,7.8,10,0
01/18/19 12:00 AM,7.4,5,0
01/18/19 01:00 AM,6.9,11,0
01/18/19 02:00 AM,6.5,0,0
01/18/19 03:00 AM,5.9,0,0
01/18/19 04:00 AM,5.3,29,0
01/18/19 05:00 AM,5.1,27,0
01/18/19 06:00 AM,3.2,29,0
01/18/19 07:00 AM,2.9,8,0
01/18/19 08:00 AM,3.4,0,0
01/18/19 09:00 AM,6.1,0,69
01/18/19 10:00 AM,8.9,12,221
01/18/19 11:00 AM,11.0,28,365
01/18/19 12:00 PM,12.9,21,450
01/18/19 01:00 PM,13.8,100,489
01/18/19 02:00 PM,13.5,100,285
01/18/19 03:00 PM,13.0,100,136
01/18/19 04:00 PM,12.8,100,122
01/18/19 05:00 PM,11.7,100,35
01/18/19 06:00 PM,11.0,100,2
01/18/19 07:00 PM,11.4,100,0
01/18/19 08:00 PM,12.2,100,0
01/18/19 09:00 PM,12.6,100,0
01/18/19 10:00 PM,11.9,58,0
01/18/19 11:00 PM,10.9,49,0
01/19/19 12:00 AM,11.4,38,0
01/19/19 01:00 AM,11.0,48,0
01/19/19 02:00 AM,10.6,56,0
01/19/19 03:00 AM,10.3,84,0
01/19/19 04:00 AM,10.5,79,0
01/19/19 05:00 AM,10.4,58,0
01/19/19 06:00 AM,10.2,90,0
01/19/19 07:00 AM,10.7,100,0
01/19/19 08:00 AM,10.7,100,0
01/19/19 09:00 AM,11.9,100,17
01/19/19 10:00 AM,13.9,58,119
01/19/19 11:00 AM,14.8,56,240
01/19/19 12:00 PM,14.3,87,326
01/19/19 01:00 PM,14.1,51,181
01/19/19 02:00 PM,15.2,53,330
01/19/19 03:00 PM,14.2,100,233
01/19/19 04:00 PM,13.6,100,55
01/19/19 05:00 PM,13.6,100,24
01/19/19 06:00 PM,13.9,19,7
01/19/19 07:00 PM,13.0,28,0
01/19/19 08:00 PM,12.6,28,0
01/19/19 09:00 PM,12.5,35,0
01/19/19 10:00 PM,12.2,46,0
01/19/19 11:00 PM,12.2,100,0
01/20/19 12:00 AM,12.5,100,0
01/20/19 01:00 AM,12.3,0,0
01/20/19 02:00 AM,11.3,1,0
01/20/19 03:00 AM,11.4,28,0
01/20/19 04:00 AM,11.4,6,0
01/20/19 05:00 AM,11.1,10,0
01/20/19 06:00 AM,10.7,6,0
01/20/19 07:00 AM,10.4,3,0
01/20/19 08:00 AM,10.1,20,0
01/20/19 09:00 AM,11.0,2,67
01/20/19 10:00 AM,12.3,0,225
01/20/19 11:00 AM,13.1,2,375
01/20/19 12:00 PM,14.0,43,477
01/20/19 01:00 PM,13.8,29,390
01/20/19 02:00 PM,13.9,28,438
01/20/19 03:00 PM,13.8,16,373
01/20/19 04:00 PM,13.4,11,297
01/20/19 05:00 PM,12.3,0,153
01/20/19 06:00 PM,11.0,1,22
01/20/19 07:00 PM,10.3,0,0
01/20/19 08:00 PM,10.0,1,0
01/20/19 09:00 PM,9.9,0,0
01/20/19 10:00 PM,9.7,1,0
01/20/19 11:00 PM,9.6,1,0
01/21/19 12:00 AM,9.6,0,0
01/21/19 01:00 AM,9.4,0,0
01/21/19 02:00 AM,9.3,0,0
01/21/19 03:00 AM,9.0,0,0
01/21/19 04:00 AM,8.8,0,0
01/21/19 05:00 AM,8.5,0,0
01/21/19 06:00 AM,8.0,0,0
01/21/19 07:00 AM,7.5,0,0
01/21/19 08:00 AM,7.2,0,0
01/21/19 09:00 AM,8.6,0,74
01/21/19 10:00 AM,10.2,0,235
01/21/19 11:00 AM,11.4,0,384
01/21/19 12:00 PM,12.9,4,485
01/21/19 01:00 PM,13.6,15,522
01/21/19 02:00 PM,13.9,7,493
01/21/19 03:00 PM,14.0,1,443
01/21/19 04:00 PM,13.3,1,319
01/21/19 05:00 PM,12.1,0,162
01/21/19 06:00 PM,10.4,0,24
01/21/19 07:00 PM,9.6,0,0
01/21/19 08:00 PM,9.3,0,0
01/21/19 09:00 PM,8.9,0,0
01/21/19 10:00 PM,8.5,14,0
01/21/19 11:00 PM,7.9,29,0
01/22/19 12:00 AM,8.2,29,0
01/22/19 01:00 AM,7.9,31,0
01/22/19 02:00 AM,7.9,21,0
01/22/19 03:00 AM,7.6,39,0
01/22/19 04:00 AM,8.3,100,0
01/22/19 05:00 AM,9.0,95,0
01/22/19 06:00 AM,9.6,92,0
01/22/19 07:00 AM,9.3,100,0
01/22/19 08:00 AM,9.6,64,0
01/22/19 09:00 AM,10.5,100,48
01/22/19 10:00 AM,11.5,87,109
01/22/19 11:00 AM,12.8,100,270
01/22/19 12:00 PM,12.0,100,195
01/22/19 01:00 PM,12.8,100,199
01/22/19 02:00 PM,13.3,100,202
01/22/19 03:00 PM,12.9,100,98
01/22/19 04:00 PM,12.7,100,90
01/22/19 05:00 PM,12.6,100,62
01/22/19 06:00 PM,12.0,72,6
01/22/19 07:00 PM,11.0,40,0
01/22/19 08:00 PM,10.9,36,0
01/22/19 09:00 PM,10.5,42,0
01/22/19 10:00 PM,10.2,100,0
01/22/19 11:00 PM,10.8,63,0
01/23/19 12:00 AM,10.6,28,0
01/23/19 01:00 AM,10.6,12,0
01/23/19 02:00 AM,10.8,29,0
01/23/19 03:00 AM,11.0,38,0
01/23/19 04:00 AM,10.9,100,0
01/23/19 05:00 AM,11.4,32,0
01/23/19 06:00 AM,10.9,37,0
01/23/19 07:00 AM,11.4,5,0
01/23/19 08:00 AM,11.5,0,1
01/23/19 09:00 AM,12.5,4,74
01/23/19 10:00 AM,13.6,7,223
01/23/19 11:00 AM,14.5,56,361
01/23/19 12:00 PM,14.6,6,387
01/23/19 01:00 PM,15.2,31,512
01/23/19 02:00 PM,15.2,84,396
01/23/19 03:00 PM,14.4,93,189
01/23/19 04:00 PM,14.3,100,131
01/23/19 05:00 PM,13.6,98,60
01/23/19 06:00 PM,13.0,97,11
01/23/19 07:00 PM,12.6,90,0
01/23/19 08:00 PM,12.9,90,0
01/23/19 09:00 PM,13.1,2,0
01/23/19 10:00 PM,12.5,3,0
01/23/19 11:00 PM,12.5,1,0
01/24/19 12:00 AM,12.5,12,0
01/24/19 01:00 AM,12.5,33,0
01/24/19 02:00 AM,12.4,43,0
01/24/19 03:00 AM,12.4,90,0
01/24/19 04:00 AM,12.9,89,0
01/24/19 05:00 AM,12.7,1,0
01/24/19 06:00 AM,11.7,90,0
01/24/19 07:00 AM,12.4,90,0
01/24/19 08:00 AM,12.8,76,0
01/24/19 09:00 AM,13.0,80,64
01/24/19 10:00 AM,13.9,14,200
01/24/19 11:00 AM,15.0,64,356
01/24/19 12:00 PM,15.9,54,303
01/24/19 01:00 PM,16.3,80,451
01/24/19 02:00 PM,15.7,76,352
01/24/19 03:00 PM,15.8,68,292
01/24/19 04:00 PM,15.3,2,286
01/24/19 05:00 PM,14.5,53,164
01/24/19 06:00 PM,13.5,5,24
01/24/19 07:00 PM,12.5,1,0
01/24/19 08:00 PM,11.8,0,0
01/24/19 09:00 PM,11.5,0,0
01/24/19 10:00 PM,11.2,0,0
01/24/19 11:00 PM,10.9,0,0
01/25/19 12:00 AM,10.8,0,0
01/25/19 01:00 AM,10.4,0,0
01/25/19 02:00 AM,10.0,0,0
01/25/19 03:00 AM,9.6,0,0
01/25/19 04:00 AM,9.2,0,0
01/25/19 05:00 AM,8.9,0,0
01/25/19 06:00 AM,8.5,0,0
01/25/19 07:00 AM,8.3,0,0
01/25/19 08:00 AM,8.1,0,1
01/25/19 09:00 AM,9.5,0,79
01/25/19 10:00 AM,11.7,0,240
01/25/19 11:00 AM,13.8,0,387
01/25/19 12:00 PM,16.0,0,492
01/25/19 01:00 PM,17.2,0,544
01/25/19 02:00 PM,17.8,0,532
01/25/19 03:00 PM,17.9,0,460
01/25/19 04:00 PM,17.6,0,336
01/25/19 05:00 PM,16.1,0,177
01/25/19 06:00 PM,13.5,0,31
01/25/19 07:00 PM,12.3,0,0
01/25/19 08:00 PM,11.4,0,0
01/25/19 09:00 PM,10.9,0,0
01/25/19 10:00 PM,10.3,0,0
01/25/19 11:00 PM,9.7,0,0
01/26/19 12:00 AM,9.7,0,0
01/26/19 01:00 AM,9.5,0,0
01/26/19 02:00 AM,9.1,0,0
01/26/19 03:00 AM,8.5,0,0
01/26/19 04:00 AM,7.8,0,0
01/26/19 05:00 AM,7.2,4,0
01/26/19 06:00 AM,6.6,42,0
01/26/19 07:00 AM,5.9,63,0
01/26/19 08:00 AM,5.4,72,1
01/26/19 09:00 AM,6.8,2,78
01/26/19 10:00 AM,9.5,0,246
01/26/19 11:00 AM,12.3,0,395
01/26/19 12:00 PM,14.2,0,500
01/26/19 01:00 PM,15.9,0,551
01/26/19 02:00 PM,16.9,0,539
01/26/19 03:00 PM,17.3,1,467
01/26/19 04:00 PM,16.9,0,342
01/26/19 05:00 PM,15.2,0,182
01/26/19 06:00 PM,12.0,0,33
01/26/19 07:00 PM,10.6,0,0
01/26/19 08:00 PM,10.5,0,0
01/26/19 09:00 PM,9.9,1,0
01/26/19 10:00 PM,9.9,7,0
01/26/19 11:00 PM,9.9,38,0
01/27/19 12:00 AM,9.9,12,0
01/27/19 01:00 AM,9.9,4,0
01/27/19 02:00 AM,9.6,21,0
01/27/19 03:00 AM,9.7,59,0
01/27/19 04:00 AM,10.2,83,0
01/27/19 05:00 AM,10.8,60,0
01/27/19 06:00 AM,10.1,12,0
01/27/19 07:00 AM,9.4,91,0
01/27/19 08:00 AM,11.2,91,1
01/27/19 09:00 AM,11.9,25,30
01/27/19 10:00 AM,12.6,70,214
01/27/19 11:00 AM,13.0,100,240
01/27/19 12:00 PM,13.2,47,204
01/27/19 01:00 PM,13.6,100,425
01/27/19 02:00 PM,13.5,16,310
01/27/19 03:00 PM,13.7,35,470
01/27/19 04:00 PM,13.4,48,307
01/27/19 05:00 PM,12.4,26,165
01/27/19 06:00 PM,11.4,26,32
01/27/19 07:00 PM,10.8,0,0
01/27/19 08:00 PM,10.4,26,0
01/27/19 09:00 PM,10.2,16,0
01/27/19 10:00 PM,10.1,16,0
01/27/19 11:00 PM,10.1,16,0
01/28/19 12:00 AM,9.5,0,0
01/28/19 01:00 AM,9.7,1,0
01/28/19 02:00 AM,9.7,12,0
01/28/19 03:00 AM,10.2,4,0
01/28/19 04:00 AM,9.9,5,0
01/28/19 05:00 AM,10.0,0,0
01/28/19 06:00 AM,9.8,4,0
01/28/19 07:00 AM,9.6,4,0
01/28/19 08:00 AM,9.6,10,1
01/28/19 09:00 AM,11.0,10,79
01/28/19 10:00 AM,12.8,16,234
01/28/19 11:00 AM,13.9,47,370
01/28/19 12:00 PM,14.1,90,404
01/28/19 01:00 PM,14.6,99,330
01/28/19 02:00 PM,14.2,100,223
01/28/19 03:00 PM,14.6,98,271
01/28/19 04:00 PM,14.0,56,190
01/28/19 05:00 PM,13.4,91,111
01/28/19 06:00 PM,12.6,19,19
01/28/19 07:00 PM,11.5,29,0
01/28/19 08:00 PM,11.2,30,0
01/28/19 09:00 PM,10.9,42,0
01/28/19 10:00 PM,10.6,38,0
01/28/19 11:00 PM,10.3,30,0
01/29/19 12:00 AM,10.4,1,0
01/29/19 01:00 AM,10.6,1,0
01/29/19 02:00 AM,10.7,4,0
01/29/19 03:00 AM,10.6,19,0
01/29/19 04:00 AM,10.6,58,0
01/29/19 05:00 AM,10.6,42,0
01/29/19 06:00 AM,10.3,55,0
01/29/19 07:00 AM,10.4,27,0
01/29/19 08:00 AM,10.5,40,1
01/29/19 09:00 AM,12.1,90,66
01/29/19 10:00 AM,13.3,97,152
01/29/19 11:00 AM,13.8,71,196
01/29/19 12:00 PM,14.0,95,395
01/29/19 01:00 PM,14.1,85,297
01/29/19 02:00 PM,14.4,100,367
01/29/19 03:00 PM,13.6,100,208
01/29/19 04:00 PM,13.7,38,175
01/29/19 05:00 PM,13.5,100,169
01/29/19 06:00 PM,12.9,100,23
01/29/19 07:00 PM,12.7,100,0
01/29/19 08:00 PM,12.9,100,0
01/29/19 09:00 PM,12.7,100,0
01/29/19 10:00 PM,12.3,100,0
01/29/19 11:00 PM,11.7,100,0
01/30/19 12:00 AM,11.9,100,0
01/30/19 01:00 AM,11.7,100,0
01/30/19 02:00 AM,11.0,94,0
01/30/19 03:00 AM,10.3,28,0
01/30/19 04:00 AM,9.5,62,0
01/30/19 05:00 AM,9.9,90,0
01/30/19 06:00 AM,9.7,100,0
01/30/19 07:00 AM,9.7,15,0
01/30/19 08:00 AM,8.7,22,1
01/30/19 09:00 AM,11.1,98,72
01/30/19 10:00 AM,12.0,100,83
01/30/19 11:00 AM,11.8,100,51
01/30/19 12:00 PM,12.6,100,97
01/30/19 01:00 PM,13.0,100,78
01/30/19 02:00 PM,13.4,100,99
01/30/19 03:00 PM,13.6,96,114
01/30/19 04:00 PM,13.5,100,103
01/30/19 05:00 PM,13.2,97,36
01/30/19 06:00 PM,12.8,95,12
01/30/19 07:00 PM,12.7,83,0
01/30/19 08:00 PM,12.8,100,0
01/30/19 09:00 PM,13.1,100,0
01/30/19 10:00 PM,13.4,89,0
01/30/19 11:00 PM,13.5,100,0
01/31/19 12:00 AM,13.5,100,0
01/31/19 01:00 AM,13.7,100,0
01/31/19 02:00 AM,13.3,100,0
01/31/19 03:00 AM,13.3,100,0
01/31/19 04:00 AM,13.2,100,0
01/31/19 05:00 AM,13.0,100,0
01/31/19 06:00 AM,12.8,66,0
01/31/19 07:00 AM,12.7,58,0
01/31/19 08:00 AM,12.9,40,1
01/31/19 09:00 AM,13.7,69,69
01/31/19 10:00 AM,14.9,63,206
01/31/19 11:00 AM,15.5,59,314
01/31/19 12:00 PM,14.9,100,422
01/31/19 01:00 PM,14.7,92,232
01/31/19 02:00 PM,15.0,100,265
01/31/19 03:00 PM,15.0,100,177
01/31/19 04:00 PM,14.7,100,104
01/31/19 05:00 PM,14.2,100,23
01/31/19 06:00 PM,14.2,100,6
01/31/19 07:00 PM,14.1,100,0
01/31/19 08:00 PM,14.4,100,0
01/31/19 09:00 PM,14.3,100,0
01/31/19 10:00 PM,14.0,100,0
01/31/19 11:00 PM,13.1,90,0
02/01/19 12:00 AM,13.1,87,0
02/01/19 01:00 AM,12.8,75,0
02/01/19 02:00 AM,12.1,22,0
02/01/19 03:00 AM,11.7,85,0
02/01/19 04:00 AM,11.7,54,0
02/01/19 05:00 AM,11.2,32,0
02/01/19 06:00 AM,11.3,41,0
02/01/19 07:00 AM,11.2,40,0
02/01/19 08:00 AM,11.4,34,2
02/01/19 09:00 AM,11.7,40,75
02/01/19 10:00 AM,11.8,52,195
02/01/19 11:00 AM,12.6,38,321
02/01/19 12:00 PM,12.3,38,395
02/01/19 01:00 PM,13.1,53,395
02/01/19 02:00 PM,13.0,28,412
02/01/19 03:00 PM,13.3,25,400
02/01/19 04:00 PM,12.8,20,302
02/01/19 05:00 PM,12.1,27,178
02/01/19 06:00 PM,10.7,30,39
02/01/19 07:00 PM,11.0,67,0
02/01/19 08:00 PM,11.5,60,0
02/01/19 09:00 PM,10.3,100,0
02/01/19 10:00 PM,10.5,41,0
02/01/19 11:00 PM,10.2,40,0
02/02/19 12:00 AM,10.3,17,0
02/02/19 01:00 AM,10.4,22,0
02/02/19 02:00 AM,10.0,22,0
02/02/19 03:00 AM,9.5,24,0
02/02/19 04:00 AM,9.1,29,0
02/02/19 05:00 AM,9.0,16,0
02/02/19 06:00 AM,8.6,22,0
02/02/19 07:00 AM,8.3,2,0
02/02/19 08:00 AM,8.4,6,3
02/02/19 09:00 AM,9.5,20,95
02/02/19 10:00 AM,10.5,15,241
02/02/19 11:00 AM,11.2,11,386
02/02/19 12:00 PM,12.3,80,512
02/02/19 01:00 PM,12.5,67,489
02/02/19 02:00 PM,12.6,90,551
02/02/19 03:00 PM,12.5,100,398
02/02/19 04:00 PM,11.8,31,196
02/02/19 05:00 PM,11.0,16,187
02/02/19 06:00 PM,9.5,22,47
02/02/19 07:00 PM,8.9,1,0
02/02/19 08:00 PM,8.5,1,0
02/02/19 09:00 PM,8.0,0,0
02/02/19 10:00 PM,6.9,0,0
02/02/19 11:00 PM,6.6,1,0
02/03/19 12:00 AM,6.3,1,0
02/03/19 01:00 AM,6.5,0,0
02/03/19 02:00 AM,6.5,1,0
02/03/19 03:00 AM,6.2,0,0
02/03/19 04:00 AM,5.3,0,0
02/03/19 05:00 AM,4.6,2,0
02/03/19 06:00 AM,4.2,8,0
02/03/19 07:00 AM,4.0,1,0
02/03/19 08:00 AM,4.1,0,3
02/03/19 09:00 AM,6.8,0,100
02/03/19 10:00 AM,9.1,0,269
02/03/19 11:00 AM,10.6,0,422
02/03/19 12:00 PM,12.0,0,532
02/03/19 01:00 PM,12.6,0,584
02/03/19 02:00 PM,13.1,0,574
02/03/19 03:00 PM,13.1,0,503
02/03/19 04:00 PM,12.7,0,377
02/03/19 05:00 PM,11.8,0,213
02/03/19 06:00 PM,8.6,0,51
02/03/19 07:00 PM,8.3,0,0
02/03/19 08:00 PM,7.6,0,0
02/03/19 09:00 PM,6.7,0,0
02/03/19 10:00 PM,6.1,0,0
02/03/19 11:00 PM,5.4,0,0
02/04/19 12:00 AM,5.8,0,0
02/04/19 01:00 AM,4.7,0,0
02/04/19 02:00 AM,3.0,0,0
02/04/19 03:00 AM,2.2,0,0
02/04/19 04:00 AM,2.0,0,0
02/04/19 05:00 AM,2.3,0,0
02/04/19 06:00 AM,2.5,0,0
02/04/19 07:00 AM,2.3,4,0
02/04/19 08:00 AM,2.2,9,3
02/04/19 09:00 AM,4.2,10,103
02/04/19 10:00 AM,7.0,9,276
02/04/19 11:00 AM,9.6,10,429
02/04/19 12:00 PM,11.2,21,538
02/04/19 01:00 PM,12.8,26,576
02/04/19 02:00 PM,13.5,26,562
02/04/19 03:00 PM,13.7,29,486
02/04/19 04:00 PM,13.2,29,351
02/04/19 05:00 PM,11.8,29,172
02/04/19 06:00 PM,8.0,27,42
02/04/19 07:00 PM,6.9,26,0
02/04/19 08:00 PM,6.9,1,0
02/04/19 09:00 PM,7.4,29,0
02/04/19 10:00 PM,6.8,4,0
02/04/19 11:00 PM,6.1,5,0
02/05/19 12:00 AM,6.0,0,0
02/05/19 01:00 AM,5.4,2,0
02/05/19 02:00 AM,4.9,2,0
02/05/19 03:00 AM,4.5,12,0
02/05/19 04:00 AM,4.2,11,0
02/05/19 05:00 AM,3.8,8,0
02/05/19 06:00 AM,3.2,4,0
02/05/19 07:00 AM,2.8,9,0
02/05/19 08:00 AM,3.0,3,4
02/05/19 09:00 AM,5.4,3,104
02/05/19 10:00 AM,8.4,10,277
02/05/19 11:00 AM,11.1,19,428
02/05/19 12:00 PM,13.1,27,525
02/05/19 01:00 PM,14.7,21,567
02/05/19 02:00 PM,15.6,14,559
02/05/19 03:00 PM,16.0,8,506
02/05/19 04:00 PM,15.9,0,383
02/05/19 05:00 PM,14.6,1,219
02/05/19 06:00 PM,11.0,0,55
02/05/19 07:00 PM,10.3,0,0
02/05/19 08:00 PM,9.5,2,0
02/05/19 09:00 PM,8.6,4,0
02/05/19 10:00 PM,8.0,5,0
02/05/19 11:00 PM,7.2,2,0
02/06/19 12:00 AM,7.2,2,0
02/06/19 01:00 AM,6.6,5,0
02/06/19 02:00 AM,5.9,4,0
02/06/19 03:00 AM,5.4,7,0
02/06/19 04:00 AM,5.3,10,0
02/06/19 05:00 AM,4.9,19,0
02/06/19 06:00 AM,4.4,28,0
02/06/19 07:00 AM,3.3,19,0
02/06/19 08:00 AM,3.4,20,4
02/06/19 09:00 AM,6.7,27,100
02/06/19 10:00 AM,9.8,28,266
02/06/19 11:00 AM,12.2,26,398
02/06/19 12:00 PM,14.2,26,528
02/06/19 01:00 PM,16.0,23,587
02/06/19 02:00 PM,16.9,26,580
02/06/19 03:00 PM,17.2,25,503
02/06/19 04:00 PM,16.9,23,364
02/06/19 05:00 PM,15.6,26,215
02/06/19 06:00 PM,11.9,29,54
02/06/19 07:00 PM,10.7,29,0
02/06/19 08:00 PM,9.5,29,0
02/06/19 09:00 PM,8.9,29,0
02/06/19 10:00 PM,8.5,20,0
02/06/19 11:00 PM,8.2,32,0
02/07/19 12:00 AM,8.7,28,0
02/07/19 01:00 AM,8.3,29,0
02/07/19 02:00 AM,8.1,25,0
02/07/19 03:00 AM,7.2,1,0
02/07/19 04:00 AM,6.9,30,0
02/07/19 05:00 AM,6.9,6,0
02/07/19 06:00 AM,6.9,0,0
02/07/19 07:00 AM,6.9,12,0
02/07/19 08:00 AM,6.9,3,5
02/07/19 09:00 AM,9.1,11,104
02/07/19 10:00 AM,11.2,16,272
02/07/19 11:00 AM,13.3,1,406
02/07/19 12:00 PM,14.4,14,539
02/07/19 01:00 PM,15.2,48,538
02/07/19 02:00 PM,15.4,26,405
02/07/19 03:00 PM,15.7,24,483
02/07/19 04:00 PM,16.1,24,342
02/07/19 05:00 PM,14.3,10,209
02/07/19 06:00 PM,11.8,7,59
02/07/19 07:00 PM,11.0,0,0
02/07/19 08:00 PM,10.1,0,0
02/07/19 09:00 PM,9.6,0,0
02/07/19 10:00 PM,9.2,0,0
02/07/19 11:00 PM,8.9,0,0
02/08/19 12:00 AM,8.9,0,0
02/08/19 01:00 AM,8.5,0,0
02/08/19 02:00 AM,8.3,0,0
02/08/19 03:00 AM,8.1,4,0
02/08/19 04:00 AM,7.4,3,0
02/08/19 05:00 AM,6.5,90,0
02/08/19 06:00 AM,6.1,90,0
02/08/19 07:00 AM,7.0,90,0
02/08/19 08:00 AM,7.3,90,3
02/08/19 09:00 AM,8.3,90,56
02/08/19 10:00 AM,9.2,90,133
02/08/19 11:00 AM,10.1,90,233
02/08/19 12:00 PM,12.5,47,303
02/08/19 01:00 PM,14.3,62,503
02/08/19 02:00 PM,14.7,90,442
02/08/19 03:00 PM,14.7,86,386
02/08/19 04:00 PM,14.5,17,268
02/08/19 05:00 PM,13.7,33,225
02/08/19 06:00 PM,11.2,51,56
02/08/19 07:00 PM,10.9,47,0
02/08/19 08:00 PM,9.6,29,0
02/08/19 09:00 PM,8.9,28,0
02/08/19 10:00 PM,7.6,28,0
02/08/19 11:00 PM,7.4,30,0
02/09/19 12:00 AM,8.1,47,0
02/09/19 01:00 AM,9.4,41,0
02/09/19 02:00 AM,8.8,33,0
02/09/19 03:00 AM,8.8,38,0
02/09/19 04:00 AM,8.4,38,0
02/09/19 05:00 AM,8.2,41,0
02/09/19 06:00 AM,6.2,44,0
02/09/19 07:00 AM,6.3,94,0
02/09/19 08:00 AM,7.3,100,4
02/09/19 09:00 AM,8.3,100,77
02/09/19 10:00 AM,9.2,100,176
02/09/19 11:00 AM,10.4,86,286
02/09/19 12:00 PM,13.1,29,466
02/09/19 01:00 PM,14.4,31,586
02/09/19 02:00 PM,14.8,46,544
02/09/19 03:00 PM,14.6,22,426
02/09/19 04:00 PM,14.5,26,380
02/09/19 05:00 PM,13.8,11,205
02/09/19 06:00 PM,11.6,11,61
02/09/19 07:00 PM,11.0,26,0
02/09/19 08:00 PM,10.8,10,0
02/09/19 09:00 PM,10.4,29,0
02/09/19 10:00 PM,10.3,29,0
02/09/19 11:00 PM,10.5,29,0
02/10/19 12:00 AM,11.2,37,0
02/10/19 01:00 AM,11.6,34,0
02/10/19 02:00 AM,11.5,34,0
02/10/19 03:00 AM,11.6,40,0
02/10/19 04:00 AM,11.6,33,0
02/10/19 05:00 AM,11.8,46,0
02/10/19 06:00 AM,11.9,43,0
02/10/19 07:00 AM,12.1,61,0
02/10/19 08:00 AM,12.3,100,5
02/10/19 09:00 AM,13.7,69,55
02/10/19 10:00 AM,14.9,92,211
02/10/19 11:00 AM,15.6,56,295
02/10/19 12:00 PM,15.5,87,377
02/10/19 01:00 PM,15.6,100,357
02/10/19 02:00 PM,15.0,100,130
02/10/19 03:00 PM,15.3,100,145
02/10/19 04:00 PM,15.6,85,149
02/10/19 05:00 PM,15.2,54,118
02/10/19 06:00 PM,14.2,100,47
02/10/19 07:00 PM,14.3,96,0
02/10/19 08:00 PM,14.3,95,0
02/10/19 09:00 PM,14.2,100,0
02/10/19 10:00 PM,13.4,100,0
02/10/19 11:00 PM,12.3,93,0
02/11/19 12:00 AM,11.3,3,0
02/11/19 01:00 AM,10.2,1,0
02/11/19 02:00 AM,9.5,1,0
02/11/19 03:00 AM,8.6,0,0
02/11/19 04:00 AM,8.0,0,0
02/11/19 05:00 AM,7.5,0,0
02/11/19 06:00 AM,7.1,0,0
02/11/19 07:00 AM,6.9,0,0
02/11/19 08:00 AM,7.2,0,8
02/11/19 09:00 AM,9.0,0,127
02/11/19 10:00 AM,10.5,0,306
02/11/19 11:00 AM,11.7,0,463
02/11/19 12:00 PM,13.4,0,574
02/11/19 01:00 PM,14.3,0,624
02/11/19 02:00 PM,14.9,0,612
02/11/19 03:00 PM,15.2,0,540
02/11/19 04:00 PM,15.2,0,413
02/11/19 05:00 PM,14.7,0,245
02/11/19 06:00 PM,12.4,0,73
02/11/19 07:00 PM,10.9,0,0
02/11/19 08:00 PM,9.9,0,0
02/11/19 09:00 PM,9.3,0,0
02/11/19 10:00 PM,8.8,0,0
02/11/19 11:00 PM,8.4,0,0
02/12/19 12:00 AM,8.3,0,0
02/12/19 01:00 AM,7.8,0,0
02/12/19 02:00 AM,7.4,0,0
02/12/19 03:00 AM,7.1,0,0
02/12/19 04:00 AM,6.8,0,0
02/12/19 05:00 AM,6.4,0,0
02/12/19 06:00 AM,5.9,0,0
02/12/19 07:00 AM,5.7,0,0
02/12/19 08:00 AM,5.9,0,8
02/12/19 09:00 AM,8.0,0,127
02/12/19 10:00 AM,10.6,0,303
02/12/19 11:00 AM,13.1,0,458
02/12/19 12:00 PM,15.6,0,567
02/12/19 01:00 PM,17.3,0,620
02/12/19 02:00 PM,18.0,0,607
02/12/19 03:00 PM,18.2,0,534
02/12/19 04:00 PM,18.2,0,408
02/12/19 05:00 PM,17.8,1,242
02/12/19 06:00 PM,14.0,4,73
02/12/19 07:00 PM,12.4,10,0
02/12/19 08:00 PM,12.3,10,0
02/12/19 09:00 PM,10.8,8,0
02/12/19 10:00 PM,11.0,5,0
02/12/19 11:00 PM,10.8,4,0
02/13/19 12:00 AM,10.4,0,0
02/13/19 01:00 AM,9.3,0,0
02/13/19 02:00 AM,8.2,0,0
02/13/19 03:00 AM,7.7,1,0
02/13/19 04:00 AM,6.9,0,0
02/13/19 05:00 AM,6.4,1,0
02/13/19 06:00 AM,6.1,0,0
02/13/19 07:00 AM,5.7,0,0
02/13/19 08:00 AM,6.0,0,9
02/13/19 09:00 AM,8.7,0,128
02/13/19 10:00 AM,11.7,0,301
02/13/19 11:00 AM,14.1,0,456
02/13/19 12:00 PM,15.6,0,565
02/13/19 01:00 PM,16.8,0,619
02/13/19 02:00 PM,17.7,0,608
02/13/19 03:00 PM,18.3,0,535
02/13/19 04:00 PM,18.6,0,410
02/13/19 05:00 PM,18.0,0,246
02/13/19 06:00 PM,17.3,0,77
02/13/19 07:00 PM,15.8,0,0
02/13/19 08:00 PM,14.9,0,0
02/13/19 09:00 PM,14.5,0,0
02/13/19 10:00 PM,10.4,0,0
02/13/19 11:00 PM,10.6,0,0
02/14/19 12:00 AM,11.1,0,0
02/14/19 01:00 AM,10.7,1,0
02/14/19 02:00 AM,10.1,1,0
02/14/19 03:00 AM,9.4,0,0
02/14/19 04:00 AM,9.2,1,0
02/14/19 05:00 AM,9.3,0,0
02/14/19 06:00 AM,9.4,0,0
02/14/19 07:00 AM,9.4,0,0
02/14/19 08:00 AM,9.6,0,10
02/14/19 09:00 AM,10.9,0,135
02/14/19 10:00 AM,12.3,0,314
02/14/19 11:00 AM,13.9,0,471
02/14/19 12:00 PM,15.6,0,584
02/14/19 01:00 PM,17.3,0,638
02/14/19 02:00 PM,18.5,0,626
02/14/19 03:00 PM,19.6,0,553
02/14/19 04:00 PM,19.1,0,422
02/14/19 05:00 PM,18.1,0,254
02/14/19 06:00 PM,16.7,0,81
02/14/19 07:00 PM,15.8,0,1
02/14/19 08:00 PM,14.7,10,0
02/14/19 09:00 PM,13.6,20,0
02/14/19 10:00 PM,12.8,19,0
02/14/19 11:00 PM,12.2,26,0
02/15/19 12:00 AM,12.0,29,0
02/15/19 01:00 AM,11.6,27,0
02/15/19 02:00 AM,11.1,28,0
02/15/19 03:00 AM,10.6,28,0
02/15/19 04:00 AM,10.2,27,0
02/15/19 05:00 AM,9.8,27,0
02/15/19 06:00 AM,9.5,25,0
02/15/19 07:00 AM,9.3,26,0
02/15/19 08:00 AM,9.6,27,11
02/15/19 09:00 AM,11.1,22,128
02/15/19 10:00 AM,12.7,25,296
02/15/19 11:00 AM,14.2,29,408
02/15/19 12:00 PM,15.7,29,439
02/15/19 01:00 PM,17.1,29,501
02/15/19 02:00 PM,18.2,29,456
02/15/19 03:00 PM,18.7,29,377
02/15/19 04:00 PM,18.9,29,306
02/15/19 05:00 PM,17.8,30,185
02/15/19 06:00 PM,15.5,30,61
02/15/19 07:00 PM,14.4,30,1
02/15/19 08:00 PM,14.0,30,0
02/15/19 09:00 PM,13.1,29,0
02/15/19 10:00 PM,12.5,29,0
02/15/19 11:00 PM,12.3,29,0
02/16/19 12:00 AM,12.0,29,0
02/16/19 01:00 AM,11.4,29,0
02/16/19 02:00 AM,10.5,29,0
02/16/19 03:00 AM,9.8,30,0
02/16/19 04:00 AM,9.1,30,0
02/16/19 05:00 AM,8.6,29,0
02/16/19 06:00 AM,8.1,26,0
02/16/19 07:00 AM,7.6,5,0
02/16/19 08:00 AM,7.9,0,13
02/16/19 09:00 AM,10.4,29,142
02/16/19 10:00 AM,12.6,28,306
02/16/19 11:00 AM,14.2,22,421
02/16/19 12:00 PM,16.2,1,507
02/16/19 01:00 PM,17.0,0,640
02/16/19 02:00 PM,17.4,0,629
02/16/19 03:00 PM,17.5,0,559
02/16/19 04:00 PM,17.4,0,430
02/16/19 05:00 PM,16.4,0,262
02/16/19 06:00 PM,13.9,0,86
02/16/19 07:00 PM,11.9,12,1
02/16/19 08:00 PM,11.0,16,0
02/16/19 09:00 PM,10.8,1,0
02/16/19 10:00 PM,11.1,0,0
02/16/19 11:00 PM,11.0,0,0
02/17/19 12:00 AM,10.6,9,0
02/17/19 01:00 AM,9.1,30,0
02/17/19 02:00 AM,8.2,33,0
02/17/19 03:00 AM,7.3,32,0
02/17/19 04:00 AM,7.2,30,0
02/17/19 05:00 AM,7.1,27,0
02/17/19 06:00 AM,6.9,10,0
02/17/19 07:00 AM,7.2,3,0
02/17/19 08:00 AM,7.8,28,13
02/17/19 09:00 AM,9.5,30,129
02/17/19 10:00 AM,11.5,10,315
02/17/19 11:00 AM,13.3,27,476
02/17/19 12:00 PM,14.9,28,580
02/17/19 01:00 PM,15.8,99,577
02/17/19 02:00 PM,15.6,91,373
02/17/19 03:00 PM,16.1,100,355
02/17/19 04:00 PM,15.5,100,219
02/17/19 05:00 PM,14.9,100,92
02/17/19 06:00 PM,14.0,100,45
02/17/19 07:00 PM,13.3,100,0
02/17/19 08:00 PM,13.2,100,0
02/17/19 09:00 PM,12.7,100,0
02/17/19 10:00 PM,12.2,100,0
02/17/19 11:00 PM,11.5,100,0
02/18/19 12:00 AM,12.1,100,0
02/18/19 01:00 AM,12.1,100,0
02/18/19 02:00 AM,11.7,100,0
02/18/19 03:00 AM,10.8,100,0
02/18/19 04:00 AM,10.9,100,0
02/18/19 05:00 AM,11.0,98,0
02/18/19 06:00 AM,10.8,100,0
02/18/19 07:00 AM,10.7,100,0
02/18/19 08:00 AM,10.4,100,4
02/18/19 09:00 AM,10.5,100,34
02/18/19 10:00 AM,10.8,100,89
02/18/19 11:00 AM,11.4,100,166
02/18/19 12:00 PM,11.9,100,168
02/18/19 01:00 PM,12.9,100,361
02/18/19 02:00 PM,12.5,100,136
02/18/19 03:00 PM,12.9,100,198
02/18/19 04:00 PM,12.3,100,109
02/18/19 05:00 PM,11.9,100,100
02/18/19 06:00 PM,11.5,71,53
02/18/19 07:00 PM,10.7,87,1
02/18/19 08:00 PM,10.9,76,0
02/18/19 09:00 PM,10.5,100,0
02/18/19 10:00 PM,10.2,100,0
02/18/19 11:00 PM,10.3,100,0
02/19/19 12:00 AM,10.1,43,0
02/19/19 01:00 AM,9.9,43,0
02/19/19 02:00 AM,9.8,51,0
02/19/19 03:00 AM,9.7,53,0
02/19/19 04:00 AM,9.6,47,0
02/19/19 05:00 AM,9.3,1,0
02/19/19 06:00 AM,8.4,3,0
02/19/19 07:00 AM,8.0,17,0
02/19/19 08:00 AM,8.1,18,15
02/19/19 09:00 AM,9.7,23,138
02/19/19 10:00 AM,11.2,27,288
02/19/19 11:00 AM,12.5,22,425
02/19/19 12:00 PM,14.2,1,558
02/19/19 01:00 PM,15.1,9,648
02/19/19 02:00 PM,15.5,13,639
02/19/19 03:00 PM,15.8,13,566
02/19/19 04:00 PM,15.8,25,427
02/19/19 05:00 PM,15.2,26,258
02/19/19 06:00 PM,13.4,28,83
02/19/19 07:00 PM,11.5,8,2
02/19/19 08:00 PM,10.2,14,0
02/19/19 09:00 PM,9.4,14,0
02/19/19 10:00 PM,8.8,13,0
02/19/19 11:00 PM,8.3,14,0
02/20/19 12:00 AM,7.9,17,0
02/20/19 01:00 AM,7.3,29,0
02/20/19 02:00 AM,6.9,28,0
02/20/19 03:00 AM,6.7,28,0
02/20/19 04:00 AM,6.3,29,0
02/20/19 05:00 AM,6.1,25,0
02/20/19 06:00 AM,5.8,35,0
02/20/19 07:00 AM,5.6,29,0
02/20/19 08:00 AM,5.9,32,16
02/20/19 09:00 AM,8.3,26,136
02/20/19 10:00 AM,10.9,37,316
02/20/19 11:00 AM,13.2,42,470
02/20/19 12:00 PM,14.3,71,562
02/20/19 01:00 PM,15.9,50,579
02/20/19 02:00 PM,16.1,41,578
02/20/19 03:00 PM,16.4,25,539
02/20/19 04:00 PM,16.5,61,425
02/20/19 05:00 PM,15.8,60,220
02/20/19 06:00 PM,13.7,49,75
02/20/19 07:00 PM,12.6,16,2
02/20/19 08:00 PM,12.0,0,0
02/20/19 09:00 PM,11.2,0,0
02/20/19 10:00 PM,10.1,0,0
02/20/19 11:00 PM,12.3,0,0
02/21/19 12:00 AM,9.2,0,0
02/21/19 01:00 AM,8.0,0,0
02/21/19 02:00 AM,8.2,0,0
02/21/19 03:00 AM,9.0,0,0
02/21/19 04:00 AM,9.2,0,0
02/21/19 05:00 AM,9.2,4,0
02/21/19 06:00 AM,9.1,1,0
02/21/19 07:00 AM,9.2,22,0
02/21/19 08:00 AM,9.8,18,19
02/21/19 09:00 AM,11.1,18,159
02/21/19 10:00 AM,12.3,24,332
02/21/19 11:00 AM,13.9,25,493
02/21/19 12:00 PM,15.3,25,494
02/21/19 01:00 PM,16.6,28,648
02/21/19 02:00 PM,17.3,31,641
02/21/19 03:00 PM,17.3,18,570
02/21/19 04:00 PM,17.5,31,434
02/21/19 05:00 PM,16.9,35,273
02/21/19 06:00 PM,15.0,17,90
02/21/19 07:00 PM,14.0,29,3
02/21/19 08:00 PM,13.5,27,0
02/21/19 09:00 PM,12.7,24,0
02/21/19 10:00 PM,12.1,14,0
02/21/19 11:00 PM,11.6,23,0
02/22/19 12:00 AM,11.1,27,0
02/22/19 01:00 AM,11.1,23,0
02/22/19 02:00 AM,11.0,26,0
02/22/19 03:00 AM,10.7,15,0
02/22/19 04:00 AM,10.6,1,0
02/22/19 05:00 AM,10.5,16,0
02/22/19 06:00 AM,10.4,27,0
02/22/19 07:00 AM,10.5,25,0
02/22/19 08:00 AM,10.9,19,21
02/22/19 09:00 AM,12.2,6,167
02/22/19 10:00 AM,13.7,20,349
02/22/19 11:00 AM,15.6,29,504
02/22/19 12:00 PM,17.1,29,607
02/22/19 01:00 PM,18.5,29,651
02/22/19 02:00 PM,19.4,29,624
02/22/19 03:00 PM,19.9,28,550
02/22/19 04:00 PM,19.5,27,447
02/22/19 05:00 PM,17.9,30,271
02/22/19 06:00 PM,15.8,29,86
02/22/19 07:00 PM,14.9,27,3
02/22/19 08:00 PM,14.5,28,0
02/22/19 09:00 PM,13.7,27,0
02/22/19 10:00 PM,12.9,26,0
02/22/19 11:00 PM,12.2,24,0
02/23/19 12:00 AM,11.5,27,0
02/23/19 01:00 AM,10.8,28,0
02/23/19 02:00 AM,9.9,28,0
02/23/19 03:00 AM,9.3,26,0
02/23/19 04:00 AM,8.4,10,0
02/23/19 05:00 AM,7.6,27,0
02/23/19 06:00 AM,7.8,29,0
02/23/19 07:00 AM,8.5,29,0
02/23/19 08:00 AM,9.2,30,22
02/23/19 09:00 AM,11.2,30,162
02/23/19 10:00 AM,13.2,29,282
02/23/19 11:00 AM,15.5,29,440
02/23/19 12:00 PM,17.6,25,501
02/23/19 01:00 PM,19.6,18,675
02/23/19 02:00 PM,20.6,10,670
02/23/19 03:00 PM,21.0,24,593
02/23/19 04:00 PM,20.9,14,454
02/23/19 05:00 PM,20.1,2,292
02/23/19 06:00 PM,16.4,0,110
02/23/19 07:00 PM,13.9,0,4
02/23/19 08:00 PM,11.7,0,0
02/23/19 09:00 PM,10.7,0,0
02/23/19 10:00 PM,11.1,0,0
02/23/19 11:00 PM,11.0,1,0
02/24/19 12:00 AM,9.9,0,0
02/24/19 01:00 AM,9.1,0,0
02/24/19 02:00 AM,8.9,0,0
02/24/19 03:00 AM,8.2,0,0
02/24/19 04:00 AM,8.0,0,0
02/24/19 05:00 AM,7.6,0,0
02/24/19 06:00 AM,7.4,0,0
02/24/19 07:00 AM,8.2,0,0
02/24/19 08:00 AM,8.9,0,25
02/24/19 09:00 AM,11.7,0,176
02/24/19 10:00 AM,14.6,0,359
02/24/19 11:00 AM,17.0,0,518
02/24/19 12:00 PM,18.8,0,630
02/24/19 01:00 PM,20.1,0,684
02/24/19 02:00 PM,20.7,3,672
02/24/19 03:00 PM,21.3,22,596
02/24/19 04:00 PM,22.0,27,465
02/24/19 05:00 PM,21.6,27,286
02/24/19 06:00 PM,20.5,23,110
02/24/19 07:00 PM,17.7,20,5
02/24/19 08:00 PM,16.0,3,0
02/24/19 09:00 PM,12.5,0,0
02/24/19 10:00 PM,13.7,0,0
02/24/19 11:00 PM,13.5,0,0
02/25/19 12:00 AM,12.0,0,0
02/25/19 01:00 AM,10.9,0,0
02/25/19 02:00 AM,9.7,0,0
02/25/19 03:00 AM,9.7,0,0
02/25/19 04:00 AM,9.3,0,0
02/25/19 05:00 AM,8.8,0,0
02/25/19 06:00 AM,8.7,0,0
02/25/19 07:00 AM,8.5,0,0
02/25/19 08:00 AM,9.4,0,28
02/25/19 09:00 AM,11.6,0,186
02/25/19 10:00 AM,14.0,0,375
02/25/19 11:00 AM,16.3,0,536
02/25/19 12:00 PM,18.5,0,649
02/25/19 01:00 PM,20.1,0,697
02/25/19 02:00 PM,21.4,0,685
02/25/19 03:00 PM,21.8,7,608
02/25/19 04:00 PM,21.8,12,475
02/25/19 05:00 PM,21.3,16,300
02/25/19 06:00 PM,17.2,20,115
02/25/19 07:00 PM,15.4,21,5
02/25/19 08:00 PM,13.1,22,0
02/25/19 09:00 PM,14.6,20,0
02/25/19 10:00 PM,11.9,11,0
02/25/19 11:00 PM,12.9,13,0
02/26/19 12:00 AM,12.6,12,0
02/26/19 01:00 AM,11.9,12,0
02/26/19 02:00 AM,11.1,12,0
02/26/19 03:00 AM,10.6,22,0
02/26/19 04:00 AM,10.1,20,0
02/26/19 05:00 AM,9.8,11,0
02/26/19 06:00 AM,9.6,13,0
02/26/19 07:00 AM,9.4,15,0
02/26/19 08:00 AM,10.2,26,29
02/26/19 09:00 AM,11.8,26,178
02/26/19 10:00 AM,13.5,28,335
02/26/19 11:00 AM,15.3,29,484
02/26/19 12:00 PM,17.3,28,542
02/26/19 01:00 PM,18.7,25,674
02/26/19 02:00 PM,19.8,29,678
02/26/19 03:00 PM,20.4,30,498
02/26/19 04:00 PM,20.5,30,380
02/26/19 05:00 PM,18.7,30,170
02/26/19 06:00 PM,17.4,30,67
02/26/19 07:00 PM,16.6,31,4
02/26/19 08:00 PM,15.5,29,0
02/26/19 09:00 PM,14.8,29,0
02/26/19 10:00 PM,14.1,29,0
02/26/19 11:00 PM,13.7,28,0
02/27/19 12:00 AM,13.8,29,0
02/27/19 01:00 AM,13.4,29,0
02/27/19 02:00 AM,12.8,27,0
02/27/19 03:00 AM,12.6,30,0
02/27/19 04:00 AM,12.5,46,0
02/27/19 05:00 AM,12.2,65,0
02/27/19 06:00 AM,12.3,89,0
02/27/19 07:00 AM,12.2,62,0
02/27/19 08:00 AM,12.5,44,24
02/27/19 09:00 AM,13.4,48,142
02/27/19 10:00 AM,14.8,67,353
02/27/19 11:00 AM,15.8,84,448
02/27/19 12:00 PM,16.9,83,483
02/27/19 01:00 PM,17.7,100,539
02/27/19 02:00 PM,17.9,100,543
02/27/19 03:00 PM,17.2,96,293
02/27/19 04:00 PM,17.8,83,388
02/27/19 05:00 PM,17.8,100,255
02/27/19 06:00 PM,16.3,47,83
02/27/19 07:00 PM,14.1,34,6
02/27/19 08:00 PM,13.0,34,0
02/27/19 09:00 PM,12.4,39,0
02/27/19 10:00 PM,11.9,29,0
02/27/19 11:00 PM,11.3,27,0
02/28/19 12:00 AM,10.9,18,0
02/28/19 01:00 AM,10.5,30,0
02/28/19 02:00 AM,10.0,28,0
02/28/19 03:00 AM,9.6,29,0
02/28/19 04:00 AM,9.4,29,0
02/28/19 05:00 AM,9.0,29,0
02/28/19 06:00 AM,8.6,29,0
02/28/19 07:00 AM,8.5,29,0
02/28/19 08:00 AM,9.4,29,30
02/28/19 09:00 AM,11.5,29,153
02/28/19 10:00 AM,13.2,28,319
02/28/19 11:00 AM,14.5,28,442
02/28/19 12:00 PM,15.8,29,542
02/28/19 01:00 PM,16.7,30,553
02/28/19 02:00 PM,17.2,29,515
02/28/19 03:00 PM,17.2,29,370
02/28/19 04:00 PM,17.4,30,415
02/28/19 05:00 PM,16.0,30,252
02/28/19 06:00 PM,14.3,30,82
02/28/19 07:00 PM,13.0,30,6
02/28/19 08:00 PM,12.0,30,0
02/28/19 09:00 PM,11.4,30,0
02/28/19 10:00 PM,11.0,30,0
02/28/19 11:00 PM,10.8,35,0
03/01/19 12:00 AM,10.8,31,0
03/01/19 01:00 AM,10.4,46,0
03/01/19 02:00 AM,10.3,59,0
03/01/19 03:00 AM,10.2,57,0
03/01/19 04:00 AM,9.9,29,0
03/01/19 05:00 AM,10.0,32,0
03/01/19 06:00 AM,10.3,50,0
03/01/19 07:00 AM,10.5,79,0
03/01/19 08:00 AM,11.2,90,25
03/01/19 09:00 AM,12.9,80,140
03/01/19 10:00 AM,14.4,100,327
03/01/19 11:00 AM,16.1,99,472
03/01/19 12:00 PM,16.4,9,596
03/01/19 01:00 PM,17.7,4,700
03/01/19 02:00 PM,18.7,3,691
03/01/19 03:00 PM,17.8,17,608
03/01/19 04:00 PM,17.3,62,450
03/01/19 05:00 PM,15.7,8,248
03/01/19 06:00 PM,14.9,43,115
03/01/19 07:00 PM,14.0,34,6
03/01/19 08:00 PM,12.8,27,0
03/01/19 09:00 PM,12.0,28,0
03/01/19 10:00 PM,11.9,24,0
03/01/19 11:00 PM,12.0,32,0
03/02/19 12:00 AM,12.1,25,0
03/02/19 01:00 AM,12.0,19,0
03/02/19 02:00 AM,11.9,37,0
03/02/19 03:00 AM,11.8,39,0
03/02/19 04:00 AM,11.7,70,0
03/02/19 05:00 AM,11.8,90,0
03/02/19 06:00 AM,12.5,90,0
03/02/19 07:00 AM,12.3,16,0
03/02/19 08:00 AM,12.4,89,36
03/02/19 09:00 AM,13.7,81,130
03/02/19 10:00 AM,14.5,42,260
03/02/19 11:00 AM,16.1,25,488
03/02/19 12:00 PM,18.1,0,653
03/02/19 01:00 PM,19.1,0,720
03/02/19 02:00 PM,20.0,6,706
03/02/19 03:00 PM,20.4,7,616
03/02/19 04:00 PM,19.9,4,496
03/02/19 05:00 PM,18.7,14,321
03/02/19 06:00 PM,17.0,0,132
03/02/19 07:00 PM,14.6,0,9
03/02/19 08:00 PM,13.0,0,0
03/02/19 09:00 PM,12.0,0,0
03/02/19 10:00 PM,11.4,0,0
03/02/19 11:00 PM,10.8,1,0
03/03/19 12:00 AM,10.7,19,0
03/03/19 01:00 AM,10.4,29,0
03/03/19 02:00 AM,10.0,90,0
03/03/19 03:00 AM,10.4,90,0
03/03/19 04:00 AM,10.3,91,0
03/03/19 05:00 AM,10.1,100,0
03/03/19 06:00 AM,9.9,100,0
03/03/19 07:00 AM,9.7,100,0
03/03/19 08:00 AM,9.9,100,22
03/03/19 09:00 AM,10.8,100,117
03/03/19 10:00 AM,12.1,100,246
03/03/19 11:00 AM,13.3,100,399
03/03/19 12:00 PM,15.0,26,519
03/03/19 01:00 PM,17.4,38,704
03/03/19 02:00 PM,17.6,43,692
03/03/19 03:00 PM,17.6,28,589
03/03/19 04:00 PM,17.2,24,483
03/03/19 05:00 PM,16.4,4,319
03/03/19 06:00 PM,14.9,17,136
03/03/19 07:00 PM,13.1,26,9
03/03/19 08:00 PM,12.8,1,0
03/03/19 09:00 PM,12.9,24,0
03/03/19 10:00 PM,13.1,27,0
03/03/19 11:00 PM,13.2,31,0
03/04/19 12:00 AM,13.4,16,0
03/04/19 01:00 AM,13.5,100,0
03/04/19 02:00 AM,13.9,100,0
03/04/19 03:00 AM,14.5,100,0
03/04/19 04:00 AM,14.5,100,0
03/04/19 05:00 AM,14.2,100,0
03/04/19 06:00 AM,13.7,100,0
03/04/19 07:00 AM,13.5,100,0
03/04/19 08:00 AM,13.7,100,20
03/04/19 09:00 AM,14.2,33,128
03/04/19 10:00 AM,15.2,37,402
03/04/19 11:00 AM,16.2,26,514
03/04/19 12:00 PM,17.3,36,574
03/04/19 01:00 PM,17.6,35,573
03/04/19 02:00 PM,17.5,37,591
03/04/19 03:00 PM,17.4,45,623
03/04/19 04:00 PM,16.7,38,427
03/04/19 05:00 PM,15.9,33,310
03/04/19 06:00 PM,14.6,32,121
03/04/19 07:00 PM,12.9,44,9
03/04/19 08:00 PM,12.4,88,0
03/04/19 09:00 PM,12.3,51,0
03/04/19 10:00 PM,12.6,77,0
03/04/19 11:00 PM,12.3,62,0
03/05/19 12:00 AM,12.9,92,0
03/05/19 01:00 AM,13.0,100,0
03/05/19 02:00 AM,13.5,74,0
03/05/19 03:00 AM,13.0,61,0
03/05/19 04:00 AM,12.6,40,0
03/05/19 05:00 AM,12.5,27,0
03/05/19 06:00 AM,12.7,52,0
03/05/19 07:00 AM,13.1,100,0
03/05/19 08:00 AM,14.0,100,14
03/05/19 09:00 AM,14.6,100,81
03/05/19 10:00 AM,15.0,93,187
03/05/19 11:00 AM,15.6,100,288
03/05/19 12:00 PM,15.8,100,340
03/05/19 01:00 PM,15.8,100,198
03/05/19 02:00 PM,16.1,100,200
03/05/19 03:00 PM,16.6,100,336
03/05/19 04:00 PM,16.0,93,200
03/05/19 05:00 PM,15.7,73,171
03/05/19 06:00 PM,15.2,100,57
03/05/19 07:00 PM,15.1,100,7
03/05/19 08:00 PM,15.0,100,0
03/05/19 09:00 PM,15.0,88,0
03/05/19 10:00 PM,14.6,100,0
03/05/19 11:00 PM,14.5,74,0
03/06/19 12:00 AM,14.4,100,0
03/06/19 01:00 AM,14.0,100,0
03/06/19 02:00 AM,14.2,100,0
03/06/19 03:00 AM,14.2,93,0
03/06/19 04:00 AM,14.2,77,0
03/06/19 05:00 AM,13.4,68,0
03/06/19 06:00 AM,13.6,35,0
03/06/19 07:00 AM,12.6,100,0
03/06/19 08:00 AM,12.3,62,13
03/06/19 09:00 AM,11.9,100,120
03/06/19 10:00 AM,12.5,49,123
03/06/19 11:00 AM,13.8,21,377
03/06/19 12:00 PM,14.8,5,587
03/06/19 01:00 PM,14.8,28,714
03/06/19 02:00 PM,14.8,38,638
03/06/19 03:00 PM,14.6,53,508
03/06/19 04:00 PM,13.4,34,386
03/06/19 05:00 PM,13.2,30,273
03/06/19 06:00 PM,12.2,34,114
03/06/19 07:00 PM,11.3,18,10
03/06/19 08:00 PM,11.0,15,0
03/06/19 09:00 PM,10.6,17,0
03/06/19 10:00 PM,10.4,21,0
03/06/19 11:00 PM,10.0,16,0
03/07/19 12:00 AM,10.2,31,0
03/07/19 01:00 AM,10.3,16,0
03/07/19 02:00 AM,9.8,24,0
03/07/19 03:00 AM,9.6,21,0
03/07/19 04:00 AM,9.3,25,0
03/07/19 05:00 AM,9.4,21,0
03/07/19 06:00 AM,9.1,28,0
03/07/19 07:00 AM,9.1,29,0
03/07/19 08:00 AM,10.3,27,44
03/07/19 09:00 AM,12.1,53,192
03/07/19 10:00 AM,13.4,34,288
03/07/19 11:00 AM,14.4,100,494
03/07/19 12:00 PM,14.0,100,349
03/07/19 01:00 PM,13.4,41,283
03/07/19 02:00 PM,13.6,100,541
03/07/19 03:00 PM,13.3,100,233
03/07/19 04:00 PM,13.2,100,151
03/07/19 05:00 PM,12.9,86,35
03/07/19 06:00 PM,12.7,27,71
03/07/19 07:00 PM,11.4,31,11
03/07/19 08:00 PM,11.1,13,0
03/07/19 09:00 PM,10.6,3,0
03/07/19 10:00 PM,10.0,6,0
03/07/19 11:00 PM,9.5,90,0
03/08/19 12:00 AM,11.2,64,0
03/08/19 01:00 AM,11.3,10,0
03/08/19 02:00 AM,10.6,35,0
03/08/19 03:00 AM,11.0,46,0
03/08/19 04:00 AM,11.0,61,0
03/08/19 05:00 AM,11.2,29,0
03/08/19 06:00 AM,10.8,20,0
03/08/19 07:00 AM,10.4,2,0
03/08/19 08:00 AM,10.9,14,56
03/08/19 09:00 AM,12.3,4,224
03/08/19 10:00 AM,13.5,22,419
03/08/19 11:00 AM,14.6,20,553
03/08/19 12:00 PM,15.6,20,667
03/08/19 01:00 PM,16.6,13,709
03/08/19 02:00 PM,17.3,4,711
03/08/19 03:00 PM,17.5,21,629
03/08/19 04:00 PM,16.9,30,480
03/08/19 05:00 PM,15.6,27,320
03/08/19 06:00 PM,13.9,24,144
03/08/19 07:00 PM,12.5,3,14
03/08/19 08:00 PM,11.8,2,0
03/08/19 09:00 PM,11.2,5,0
03/08/19 10:00 PM,10.7,1,0
03/08/19 11:00 PM,10.2,0,0
03/09/19 12:00 AM,9.9,0,0
03/09/19 01:00 AM,9.7,0,0
03/09/19 02:00 AM,9.4,0,0
03/09/19 03:00 AM,9.0,0,0
03/09/19 04:00 AM,8.8,0,0
03/09/19 05:00 AM,8.6,0,0
03/09/19 06:00 AM,8.5,4,0
03/09/19 07:00 AM,8.2,8,0
03/09/19 08:00 AM,9.5,0,58
03/09/19 09:00 AM,11.7,0,233
03/09/19 10:00 AM,13.9,0,420
03/09/19 11:00 AM,15.9,0,578
03/09/19 12:00 PM,18.0,0,688
03/09/19 01:00 PM,19.2,0,737
03/09/19 02:00 PM,19.8,0,723
03/09/19 03:00 PM,20.1,0,646
03/09/19 04:00 PM,20.1,0,513
03/09/19 05:00 PM,19.7,0,340
03/09/19 06:00 PM,17.8,0,150
03/09/19 07:00 PM,15.5,0,15
03/09/19 08:00 PM,14.4,1,0
03/09/19 09:00 PM,13.3,2,0
03/09/19 10:00 PM,12.7,2,0
03/09/19 11:00 PM,12.2,1,0
03/10/19 12:00 AM,11.9,1,0
03/10/19 01:00 AM,11.6,1,0
03/10/19 02:00 AM,11.2,0,0
03/10/19 03:00 AM,10.9,0,0
03/10/19 04:00 AM,10.6,1,0
03/10/19 05:00 AM,10.4,1,0
03/10/19 06:00 AM,10.3,1,0
03/10/19 07:00 AM,10.3,1,0
03/10/19 08:00 AM,11.4,17,63
03/10/19 09:00 AM,12.8,60,231
03/10/19 10:00 AM,14.2,49,406
03/10/19 11:00 AM,15.9,6,531
03/10/19 12:00 PM,17.7,0,687
03/10/19 01:00 PM,18.8,0,747
03/10/19 02:00 PM,19.6,0,732
03/10/19 03:00 PM,20.2,0,655
03/10/19 04:00 PM,19.4,0,520
03/10/19 05:00 PM,18.0,0,346
03/10/19 06:00 PM,16.2,0,155
03/10/19 07:00 PM,14.4,0,16
03/10/19 08:00 PM,13.3,0,0
03/10/19 09:00 PM,12.8,0,0
03/10/19 10:00 PM,12.4,0,0
03/10/19 11:00 PM,12.3,3,0
03/11/19 12:00 AM,12.2,7,0
03/11/19 01:00 AM,12.2,13,0
03/11/19 02:00 AM,12.1,32,0
03/11/19 03:00 AM,12.0,65,0
03/11/19 04:00 AM,12.0,52,0
03/11/19 05:00 AM,12.1,48,0
03/11/19 06:00 AM,11.7,18,0
03/11/19 07:00 AM,11.1,13,0
03/11/19 08:00 AM,11.9,13,63
03/11/19 09:00 AM,13.4,4,236
03/11/19 10:00 AM,15.0,1,429
03/11/19 11:00 AM,16.8,0,593
03/11/19 12:00 PM,18.7,0,704
03/11/19 01:00 PM,20.1,0,755
03/11/19 02:00 PM,21.0,0,740
03/11/19 03:00 PM,21.5,0,663
03/11/19 04:00 PM,21.2,0,529
03/11/19 05:00 PM,19.6,0,354
03/11/19 06:00 PM,17.1,0,161
03/11/19 07:00 PM,14.5,0,17
03/11/19 08:00 PM,12.9,0,0
03/11/19 09:00 PM,11.8,0,0
03/11/19 10:00 PM,11.2,0,0
03/11/19 11:00 PM,10.9,0,0
03/12/19 12:00 AM,10.9,0,0
03/12/19 01:00 AM,10.6,0,0
03/12/19 02:00 AM,10.3,0,0
03/12/19 03:00 AM,10.0,0,0
03/12/19 04:00 AM,9.7,0,0
03/12/19 05:00 AM,9.2,0,0
03/12/19 06:00 AM,8.3,12,0
03/12/19 07:00 AM,8.2,90,0
03/12/19 08:00 AM,9.3,90,56
03/12/19 09:00 AM,11.5,90,204
03/12/19 10:00 AM,13.6,12,356
03/12/19 11:00 AM,15.7,0,612
03/12/19 12:00 PM,16.6,0,720
03/12/19 01:00 PM,18.2,11,764
03/12/19 02:00 PM,18.7,10,746
03/12/19 03:00 PM,18.0,9,666
03/12/19 04:00 PM,17.3,7,530
03/12/19 05:00 PM,15.8,6,355
03/12/19 06:00 PM,14.5,3,160
03/12/19 07:00 PM,13.6,14,18
03/12/19 08:00 PM,13.0,33,0
03/12/19 09:00 PM,12.3,30,0
03/12/19 10:00 PM,12.0,27,0
03/12/19 11:00 PM,11.7,58,0
03/13/19 12:00 AM,11.8,60,0
03/13/19 01:00 AM,12.3,80,0
03/13/19 02:00 AM,12.2,81,0
03/13/19 03:00 AM,11.7,47,0
03/13/19 04:00 AM,11.1,54,0
03/13/19 05:00 AM,10.7,6,0
03/13/19 06:00 AM,10.3,0,0
03/13/19 07:00 AM,9.9,0,0
03/13/19 08:00 AM,10.3,0,80
03/13/19 09:00 AM,11.4,0,271
03/13/19 10:00 AM,12.9,0,466
03/13/19 11:00 AM,14.0,0,631
03/13/19 12:00 PM,15.3,0,730
03/13/19 01:00 PM,15.9,0,788
03/13/19 02:00 PM,16.2,7,767
03/13/19 03:00 PM,16.1,0,668
03/13/19 04:00 PM,15.4,0,548
03/13/19 05:00 PM,14.6,1,368
03/13/19 06:00 PM,13.1,0,170
03/13/19 07:00 PM,11.5,0,20
03/13/19 08:00 PM,10.9,0,0
03/13/19 09:00 PM,10.5,0,0
03/13/19 10:00 PM,10.1,0,0
03/13/19 11:00 PM,9.7,0,0
03/14/19 12:00 AM,9.7,0,0
03/14/19 01:00 AM,9.2,0,0
03/14/19 02:00 AM,8.7,0,0
03/14/19 03:00 AM,8.4,0,0
03/14/19 04:00 AM,8.1,0,0
03/14/19 05:00 AM,7.6,0,0
03/14/19 06:00 AM,7.3,0,0
03/14/19 07:00 AM,6.9,0,0
03/14/19 08:00 AM,8.2,0,82
03/14/19 09:00 AM,10.7,0,273
03/14/19 10:00 AM,13.4,0,467
03/14/19 11:00 AM,15.8,0,629
03/14/19 12:00 PM,18.1,0,739
03/14/19 01:00 PM,19.7,0,788
03/14/19 02:00 PM,20.3,0,772
03/14/19 03:00 PM,20.6,0,692
03/14/19 04:00 PM,20.3,0,554
03/14/19 05:00 PM,19.5,0,374
03/14/19 06:00 PM,17.6,0,175
03/14/19 07:00 PM,15.5,0,22
03/14/19 08:00 PM,14.1,0,0
03/14/19 09:00 PM,12.2,0,0
03/14/19 10:00 PM,11.2,0,0
03/14/19 11:00 PM,10.4,0,0
03/15/19 12:00 AM,10.2,0,0
03/15/19 01:00 AM,9.5,0,0
03/15/19 02:00 AM,8.8,0,0
03/15/19 03:00 AM,8.1,0,0
03/15/19 04:00 AM,7.6,0,0
03/15/19 05:00 AM,7.1,0,0
03/15/19 06:00 AM,6.6,0,0
03/15/19 07:00 AM,6.3,0,1
03/15/19 08:00 AM,8.1,0,89
03/15/19 09:00 AM,11.2,0,284
03/15/19 10:00 AM,14.5,0,482
03/15/19 11:00 AM,17.4,0,646
03/15/19 12:00 PM,19.5,0,757
03/15/19 01:00 PM,21.1,0,805
03/15/19 02:00 PM,22.0,0,787
03/15/19 03:00 PM,22.6,0,705
03/15/19 04:00 PM,22.7,4,564
03/15/19 05:00 PM,22.1,15,380
03/15/19 06:00 PM,20.0,10,169
03/15/19 07:00 PM,17.6,10,23
03/15/19 08:00 PM,16.4,6,0
03/15/19 09:00 PM,14.8,8,0
03/15/19 10:00 PM,13.5,1,0
03/15/19 11:00 PM,12.5,7,0
03/16/19 12:00 AM,11.7,8,0
03/16/19 01:00 AM,11.0,9,0
03/16/19 02:00 AM,10.3,4,0
03/16/19 03:00 AM,9.7,3,0
03/16/19 04:00 AM,9.1,0,0
03/16/19 05:00 AM,7.6,0,0
03/16/19 06:00 AM,6.8,0,0
03/16/19 07:00 AM,6.5,4,1
03/16/19 08:00 AM,9.7,0,91
03/16/19 09:00 AM,12.9,0,283
03/16/19 10:00 AM,15.7,0,477
03/16/19 11:00 AM,18.2,0,637
03/16/19 12:00 PM,19.6,0,747
03/16/19 01:00 PM,20.8,0,796
03/16/19 02:00 PM,21.0,0,778
03/16/19 03:00 PM,21.0,0,696
03/16/19 04:00 PM,20.8,0,558
03/16/19 05:00 PM,20.0,0,380
03/16/19 06:00 PM,17.4,0,180
03/16/19 07:00 PM,14.3,0,24
03/16/19 08:00 PM,12.8,0,0
03/16/19 09:00 PM,11.6,2,0
03/16/19 10:00 PM,10.9,2,0
03/16/19 11:00 PM,10.5,3,0
03/17/19 12:00 AM,10.3,1,0
03/17/19 01:00 AM,10.0,0,0
03/17/19 02:00 AM,9.7,3,0
03/17/19 03:00 AM,9.7,3,0
03/17/19 04:00 AM,9.7,2,0
03/17/19 05:00 AM,9.5,0,0
03/17/19 06:00 AM,8.7,3,0
03/17/19 07:00 AM,7.7,18,1
03/17/19 08:00 AM,10.5,38,89
03/17/19 09:00 AM,12.7,35,237
03/17/19 10:00 AM,15.0,52,430
03/17/19 11:00 AM,16.8,57,566
03/17/19 12:00 PM,16.3,90,587
03/17/19 01:00 PM,17.7,95,473
03/17/19 02:00 PM,16.9,96,238
03/17/19 03:00 PM,17.3,80,366
03/17/19 04:00 PM,17.5,91,397
03/17/19 05:00 PM,16.5,85,177
03/17/19 06:00 PM,15.2,91,117
03/17/19 07:00 PM,13.3,46,9
03/17/19 08:00 PM,11.9,32,0
03/17/19 09:00 PM,11.3,29,0
03/17/19 10:00 PM,10.9,29,0
03/17/19 11:00 PM,10.4,24,0
03/18/19 12:00 AM,10.3,30,0
03/18/19 01:00 AM,10.6,46,0
03/18/19 02:00 AM,11.0,20,0
03/18/19 03:00 AM,10.5,14,0
03/18/19 04:00 AM,9.9,1,0
03/18/19 05:00 AM,9.3,0,0
03/18/19 06:00 AM,9.0,0,0
03/18/19 07:00 AM,8.5,0,2
03/18/19 08:00 AM,9.8,0,97
03/18/19 09:00 AM,11.9,0,292
03/18/19 10:00 AM,13.7,0,487
03/18/19 11:00 AM,16.1,0,645
03/18/19 12:00 PM,17.4,0,753
03/18/19 01:00 PM,19.2,0,798
03/18/19 02:00 PM,20.5,23,778
03/18/19 03:00 PM,21.3,26,695
03/18/19 04:00 PM,21.0,22,555
03/18/19 05:00 PM,20.1,8,354
03/18/19 06:00 PM,19.1,14,182
03/18/19 07:00 PM,15.5,20,26
03/18/19 08:00 PM,13.7,20,0
03/18/19 09:00 PM,12.8,0,0
03/18/19 10:00 PM,12.1,0,0
03/18/19 11:00 PM,11.5,0,0
03/19/19 12:00 AM,10.9,0,0
03/19/19 01:00 AM,10.3,0,0
03/19/19 02:00 AM,9.6,0,0
03/19/19 03:00 AM,9.1,0,0
03/19/19 04:00 AM,8.5,0,0
03/19/19 05:00 AM,8.1,0,0
03/19/19 06:00 AM,7.9,0,0
03/19/19 07:00 AM,7.8,0,2
03/19/19 08:00 AM,9.7,0,103
03/19/19 09:00 AM,12.2,0,298
03/19/19 10:00 AM,14.6,0,490
03/19/19 11:00 AM,17.1,0,648
03/19/19 12:00 PM,20.0,0,756
03/19/19 01:00 PM,21.2,0,802
03/19/19 02:00 PM,21.7,0,785
03/19/19 03:00 PM,21.8,0,703
03/19/19 04:00 PM,21.5,0,565
03/19/19 05:00 PM,20.8,0,384
03/19/19 06:00 PM,19.6,0,186
03/19/19 07:00 PM,17.5,0,28
03/19/19 08:00 PM,14.8,0,0
03/19/19 09:00 PM,13.9,0,0
03/19/19 10:00 PM,13.3,0,0
03/19/19 11:00 PM,12.7,0,0
03/20/19 12:00 AM,12.1,0,0
03/20/19 01:00 AM,11.4,0,0
03/20/19 02:00 AM,11.0,0,0
03/20/19 03:00 AM,10.1,0,0
03/20/19 04:00 AM,9.6,0,0
03/20/19 05:00 AM,9.5,0,0
03/20/19 06:00 AM,9.3,0,0
03/20/19 07:00 AM,9.0,0,3
03/20/19 08:00 AM,10.9,0,108
03/20/19 09:00 AM,13.5,0,305
03/20/19 10:00 AM,15.9,0,499
03/20/19 11:00 AM,17.8,0,660
03/20/19 12:00 PM,19.3,0,772
03/20/19 01:00 PM,20.3,0,822
03/20/19 02:00 PM,20.7,0,803
03/20/19 03:00 PM,20.9,0,720
03/20/19 04:00 PM,20.6,0,580
03/20/19 05:00 PM,19.9,0,398
03/20/19 06:00 PM,18.6,0,195
03/20/19 07:00 PM,16.1,0,30
03/20/19 08:00 PM,14.5,0,0
03/20/19 09:00 PM,13.5,0,0
03/20/19 10:00 PM,12.8,0,0
03/20/19 11:00 PM,11.8,0,0
03/21/19 12:00 AM,10.7,0,0
03/21/19 01:00 AM,9.9,0,0
03/21/19 02:00 AM,7.9,0,0
03/21/19 03:00 AM,7.5,0,0
03/21/19 04:00 AM,7.9,0,0
03/21/19 05:00 AM,6.7,0,0
03/21/19 06:00 AM,5.6,0,0
03/21/19 07:00 AM,6.2,0,4
03/21/19 08:00 AM,9.0,4,114
03/21/19 09:00 AM,11.5,8,313
03/21/19 10:00 AM,13.9,2,506
03/21/19 11:00 AM,15.9,0,666
03/21/19 12:00 PM,17.5,0,773
03/21/19 01:00 PM,18.9,30,816
03/21/19 02:00 PM,19.3,47,613
03/21/19 03:00 PM,19.7,59,459
03/21/19 04:00 PM,19.0,37,301
03/21/19 05:00 PM,18.3,0,325
03/21/19 06:00 PM,16.6,0,194
03/21/19 07:00 PM,14.8,1,31
03/21/19 08:00 PM,13.6,0,0
03/21/19 09:00 PM,13.0,0,0
03/21/19 10:00 PM,12.6,0,0
03/21/19 11:00 PM,12.1,0,0
03/22/19 12:00 AM,10.5,1,0
03/22/19 01:00 AM,9.4,0,0
03/22/19 02:00 AM,8.6,0,0
03/22/19 03:00 AM,7.3,0,0
03/22/19 04:00 AM,6.5,0,0
03/22/19 05:00 AM,6.9,0,0
03/22/19 06:00 AM,5.9,3,0
03/22/19 07:00 AM,6.1,6,5
03/22/19 08:00 AM,8.5,0,116
03/22/19 09:00 AM,11.9,0,317
03/22/19 10:00 AM,14.6,0,513
03/22/19 11:00 AM,17.2,0,675
03/22/19 12:00 PM,19.3,0,785
03/22/19 01:00 PM,20.4,0,833
03/22/19 02:00 PM,21.0,0,812
03/22/19 03:00 PM,21.1,0,729
03/22/19 04:00 PM,21.3,0,588
03/22/19 05:00 PM,21.3,0,404
03/22/19 06:00 PM,20.3,0,201
03/22/19 07:00 PM,18.0,0,33
03/22/19 08:00 PM,16.6,0,0
03/22/19 09:00 PM,15.5,0,0
03/22/19 10:00 PM,14.1,0,0
03/22/19 11:00 PM,13.5,0,0
03/23/19 12:00 AM,12.7,0,0
03/23/19 01:00 AM,12.0,0,0
03/23/19 02:00 AM,9.3,0,0
03/23/19 03:00 AM,10.2,0,0
03/23/19 04:00 AM,8.5,0,0
03/23/19 05:00 AM,8.9,0,0
03/23/19 06:00 AM,7.6,0,0
03/23/19 07:00 AM,8.2,0,6
03/23/19 08:00 AM,10.9,0,123
03/23/19 09:00 AM,13.5,0,324
03/23/19 10:00 AM,16.5,0,515
03/23/19 11:00 AM,19.2,0,673
03/23/19 12:00 PM,21.4,0,780
03/23/19 01:00 PM,22.3,0,825
03/23/19 02:00 PM,22.8,14,806
03/23/19 03:00 PM,23.6,54,666
03/23/19 04:00 PM,23.6,60,376
03/23/19 05:00 PM,22.7,50,125
03/23/19 06:00 PM,22.6,45,85
03/23/19 07:00 PM,21.2,30,19
03/23/19 08:00 PM,20.0,23,0
03/23/19 09:00 PM,18.7,25,0
03/23/19 10:00 PM,16.4,20,0
03/23/19 11:00 PM,15.2,16,0
03/24/19 12:00 AM,15.8,1,0
03/24/19 01:00 AM,14.7,8,0
03/24/19 02:00 AM,13.8,0,0
03/24/19 03:00 AM,12.4,0,0
03/24/19 04:00 AM,11.4,0,0
03/24/19 05:00 AM,10.5,0,0
03/24/19 06:00 AM,10.4,0,0
03/24/19 07:00 AM,11.1,0,6
03/24/19 08:00 AM,13.3,0,122
03/24/19 09:00 AM,15.9,0,318
03/24/19 10:00 AM,18.1,0,511
03/24/19 11:00 AM,19.3,2,672
03/24/19 12:00 PM,20.7,27,765
03/24/19 01:00 PM,21.5,22,706
03/24/19 02:00 PM,21.9,38,657
03/24/19 03:00 PM,22.0,20,516
03/24/19 04:00 PM,22.0,46,512
03/24/19 05:00 PM,18.0,32,263
03/24/19 06:00 PM,16.9,49,162
03/24/19 07:00 PM,15.5,37,26
03/24/19 08:00 PM,14.2,35,0
03/24/19 09:00 PM,14.3,4,0
03/24/19 10:00 PM,13.3,15,0
03/24/19 11:00 PM,13.1,6,0
03/25/19 12:00 AM,13.3,1,0
03/25/19 01:00 AM,12.3,0,0
03/25/19 02:00 AM,11.1,0,0
03/25/19 03:00 AM,10.3,0,0
03/25/19 04:00 AM,12.6,0,0
03/25/19 05:00 AM,9.2,0,0
03/25/19 06:00 AM,9.0,3,0
03/25/19 07:00 AM,9.6,0,7
03/25/19 08:00 AM,11.9,0,128
03/25/19 09:00 AM,15.4,0,327
03/25/19 10:00 AM,18.8,0,520
03/25/19 11:00 AM,21.8,0,677
03/25/19 12:00 PM,23.9,1,784
03/25/19 01:00 PM,25.0,20,824
03/25/19 02:00 PM,25.2,0,683
03/25/19 03:00 PM,25.8,0,730
03/25/19 04:00 PM,25.8,0,597
03/25/19 05:00 PM,25.6,0,414
03/25/19 06:00 PM,24.5,0,209
03/25/19 07:00 PM,22.1,0,38
03/25/19 08:00 PM,21.0,0,0
03/25/19 09:00 PM,20.2,0,0
03/25/19 10:00 PM,18.6,0,0
03/25/19 11:00 PM,17.5,0,0
03/26/19 12:00 AM,16.3,7,0
03/26/19 01:00 AM,16.5,8,0
03/26/19 02:00 AM,16.1,9,0
03/26/19 03:00 AM,15.3,15,0
03/26/19 04:00 AM,14.7,2,0
03/26/19 05:00 AM,14.0,24,0
03/26/19 06:00 AM,13.3,30,0
03/26/19 07:00 AM,13.5,28,8
03/26/19 08:00 AM,15.3,25,120
03/26/19 09:00 AM,17.3,26,313
03/26/19 10:00 AM,19.6,25,523
03/26/19 11:00 AM,21.8,26,686
03/26/19 12:00 PM,22.8,6,755
03/26/19 01:00 PM,24.4,2,842
03/26/19 02:00 PM,25.2,11,816
03/26/19 03:00 PM,25.3,12,730
03/26/19 04:00 PM,25.4,16,588
03/26/19 05:00 PM,25.6,12,407
03/26/19 06:00 PM,21.3,5,208
03/26/19 07:00 PM,17.8,2,38
03/26/19 08:00 PM,17.0,2,0
03/26/19 09:00 PM,16.6,7,0
03/26/19 10:00 PM,15.9,1,0
03/26/19 11:00 PM,15.3,4,0
03/27/19 12:00 AM,14.5,3,0
03/27/19 01:00 AM,13.9,4,0
03/27/19 02:00 AM,12.5,0,0
03/27/19 03:00 AM,11.9,0,0
03/27/19 04:00 AM,12.0,0,0
03/27/19 05:00 AM,12.1,0,0
03/27/19 06:00 AM,12.6,0,0
03/27/19 07:00 AM,12.5,2,10
03/27/19 08:00 AM,13.7,0,137
03/27/19 09:00 AM,15.6,0,336
03/27/19 10:00 AM,18.0,0,536
03/27/19 11:00 AM,19.8,0,699
03/27/19 12:00 PM,21.4,2,800
03/27/19 01:00 PM,22.5,0,837
03/27/19 02:00 PM,23.2,0,825
03/27/19 03:00 PM,23.6,0,748
03/27/19 04:00 PM,24.0,0,609
03/27/19 05:00 PM,24.1,0,423
03/27/19 06:00 PM,22.8,0,222
03/27/19 07:00 PM,18.9,0,43
03/27/19 08:00 PM,18.1,0,0
03/27/19 09:00 PM,16.9,0,0
03/27/19 10:00 PM,15.5,0,0
03/27/19 11:00 PM,14.1,1,0
03/28/19 12:00 AM,13.5,0,0
03/28/19 01:00 AM,13.4,1,0
03/28/19 02:00 AM,12.9,1,0
03/28/19 03:00 AM,12.2,0,0
03/28/19 04:00 AM,11.4,0,0
03/28/19 05:00 AM,10.4,0,0
03/28/19 06:00 AM,9.2,0,0
03/28/19 07:00 AM,10.1,0,11
03/28/19 08:00 AM,12.4,0,146
03/28/19 09:00 AM,14.7,0,349
03/28/19 10:00 AM,16.8,0,545
03/28/19 11:00 AM,18.7,0,703
03/28/19 12:00 PM,20.0,0,809
03/28/19 01:00 PM,21.7,0,851
03/28/19 02:00 PM,22.8,0,831
03/28/19 03:00 PM,23.0,0,746
03/28/19 04:00 PM,23.0,0,604
03/28/19 05:00 PM,23.1,1,420
03/28/19 06:00 PM,21.9,5,216
03/28/19 07:00 PM,18.5,2,42
03/28/19 08:00 PM,16.5,0,0
03/28/19 09:00 PM,16.1,0,0
03/28/19 10:00 PM,14.5,0,0
03/28/19 11:00 PM,14.5,0,0
03/29/19 12:00 AM,12.7,0,0
03/29/19 01:00 AM,12.2,0,0
03/29/19 02:00 AM,11.1,0,0
03/29/19 03:00 AM,10.8,0,0
03/29/19 04:00 AM,10.2,0,0
03/29/19 05:00 AM,9.6,0,0
03/29/19 06:00 AM,8.6,0,0
03/29/19 07:00 AM,9.2,0,13
03/29/19 08:00 AM,11.7,1,152
03/29/19 09:00 AM,14.2,0,356
03/29/19 10:00 AM,16.4,2,554
03/29/19 11:00 AM,18.2,2,713
03/29/19 12:00 PM,19.4,0,818
03/29/19 01:00 PM,20.7,2,855
03/29/19 02:00 PM,21.6,1,834
03/29/19 03:00 PM,22.1,7,749
03/29/19 04:00 PM,22.5,0,611
03/29/19 05:00 PM,22.1,0,428
03/29/19 06:00 PM,19.2,0,223
03/29/19 07:00 PM,16.2,0,45
03/29/19 08:00 PM,15.2,0,0
03/29/19 09:00 PM,14.1,0,0
03/29/19 10:00 PM,13.1,0,0
03/29/19 11:00 PM,12.6,0,0
03/30/19 12:00 AM,12.7,0,0
03/30/19 01:00 AM,11.2,0,0
03/30/19 02:00 AM,12.9,1,0
03/30/19 03:00 AM,10.0,5,0
03/30/19 04:00 AM,9.4,8,0
03/30/19 05:00 AM,8.9,6,0
03/30/19 06:00 AM,9.7,2,0
03/30/19 07:00 AM,8.6,1,14
03/30/19 08:00 AM,12.0,1,150
03/30/19 09:00 AM,14.9,0,351
03/30/19 10:00 AM,17.3,1,545
03/30/19 11:00 AM,19.1,2,700
03/30/19 12:00 PM,19.1,40,801
03/30/19 01:00 PM,20.8,52,604
03/30/19 02:00 PM,21.3,34,518
03/30/19 03:00 PM,22.2,26,643
03/30/19 04:00 PM,21.8,18,504
03/30/19 05:00 PM,21.7,41,319
03/30/19 06:00 PM,19.7,40,142
03/30/19 07:00 PM,17.8,23,24
03/30/19 08:00 PM,16.0,12,0
03/30/19 09:00 PM,16.4,14,0
03/30/19 10:00 PM,17.0,7,0
03/30/19 11:00 PM,15.7,2,0
03/31/19 12:00 AM,14.2,1,0
03/31/19 01:00 AM,13.4,1,0
03/31/19 02:00 AM,12.9,6,0
03/31/19 03:00 AM,12.3,8,0
03/31/19 04:00 AM,11.5,14,0
03/31/19 05:00 AM,10.7,30,0
03/31/19 06:00 AM,10.3,28,0
03/31/19 07:00 AM,10.6,5,14
03/31/19 08:00 AM,13.2,2,150
03/31/19 09:00 AM,15.5,12,348
03/31/19 10:00 AM,17.3,21,541
03/31/19 11:00 AM,18.6,24,689
03/31/19 12:00 PM,18.4,36,794
03/31/19 01:00 PM,19.7,32,748
03/31/19 02:00 PM,19.5,66,792
03/31/19 03:00 PM,19.6,29,695
03/31/19 04:00 PM,18.6,32,584
03/31/19 05:00 PM,18.1,32,384
03/31/19 06:00 PM,17.1,48,186
03/31/19 07:00 PM,15.7,37,34
03/31/19 08:00 PM,14.8,42,0
03/31/19 09:00 PM,14.3,36,0
03/31/19 10:00 PM,13.5,34,0
03/31/19 11:00 PM,12.3,80,0
04/01/19 12:00 AM,13.7,92,0
04/01/19 01:00 AM,13.9,86,0
04/01/19 02:00 AM,13.1,82,0
04/01/19 03:00 AM,12.3,57,0
04/01/19 04:00 AM,12.2,35,0
04/01/19 05:00 AM,11.5,43,0
04/01/19 06:00 AM,10.7,46,0
04/01/19 07:00 AM,11.7,36,13
04/01/19 08:00 AM,12.9,32,119
04/01/19 09:00 AM,14.5,65,278
04/01/19 10:00 AM,16.0,64,368
04/01/19 11:00 AM,17.2,56,528
04/01/19 12:00 PM,19.4,71,651
04/01/19 01:00 PM,16.5,41,558
04/01/19 02:00 PM,18.8,24,662
04/01/19 03:00 PM,19.6,18,696
04/01/19 04:00 PM,19.6,25,570
04/01/19 05:00 PM,18.7,42,370
04/01/19 06:00 PM,17.8,36,186
04/01/19 07:00 PM,16.3,21,41
04/01/19 08:00 PM,14.9,10,0
04/01/19 09:00 PM,13.7,8,0
04/01/19 10:00 PM,12.7,7,0
04/01/19 11:00 PM,12.2,5,0
04/02/19 12:00 AM,12.1,18,0
04/02/19 01:00 AM,11.6,29,0
04/02/19 02:00 AM,11.2,29,0
04/02/19 03:00 AM,10.3,29,0
04/02/19 04:00 AM,10.0,100,0
04/02/19 05:00 AM,10.3,100,0
04/02/19 06:00 AM,10.5,100,0
04/02/19 07:00 AM,10.8,90,14
04/02/19 08:00 AM,11.5,91,91
04/02/19 09:00 AM,13.2,64,257
04/02/19 10:00 AM,15.6,2,495
04/02/19 11:00 AM,17.8,16,718
04/02/19 12:00 PM,18.6,18,819
04/02/19 01:00 PM,19.7,3,857
04/02/19 02:00 PM,20.1,4,816
04/02/19 03:00 PM,20.2,4,681
04/02/19 04:00 PM,20.7,5,547
04/02/19 05:00 PM,19.6,16,402
04/02/19 06:00 PM,17.9,52,198
04/02/19 07:00 PM,16.2,38,38
04/02/19 08:00 PM,14.5,23,0
04/02/19 09:00 PM,13.3,17,0
04/02/19 10:00 PM,12.6,8,0
04/02/19 11:00 PM,11.9,4,0
04/03/19 12:00 AM,11.6,1,0
04/03/19 01:00 AM,11.3,2,0
04/03/19 02:00 AM,11.0,8,0
04/03/19 03:00 AM,10.7,0,0
04/03/19 04:00 AM,10.4,9,0
04/03/19 05:00 AM,10.1,4,0
04/03/19 06:00 AM,10.0,2,0
04/03/19 07:00 AM,10.7,10,21
04/03/19 08:00 AM,12.3,15,162
04/03/19 09:00 AM,13.5,4,361
04/03/19 10:00 AM,14.7,91,540
04/03/19 11:00 AM,15.4,90,670
04/03/19 12:00 PM,14.9,90,528
04/03/19 01:00 PM,15.8,34,703
04/03/19 02:00 PM,15.9,90,765
04/03/19 03:00 PM,14.8,58,539
04/03/19 04:00 PM,15.3,58,483
04/03/19 05:00 PM,13.7,3,333
04/03/19 06:00 PM,13.2,6,236
04/03/19 07:00 PM,11.9,25,53
04/03/19 08:00 PM,11.3,0,0
04/03/19 09:00 PM,10.7,0,0
04/03/19 10:00 PM,10.2,2,0
04/03/19 11:00 PM,9.9,0,0
04/04/19 12:00 AM,10.1,0,0
04/04/19 01:00 AM,9.7,1,0
04/04/19 02:00 AM,9.4,1,0
04/04/19 03:00 AM,9.1,0,0
04/04/19 04:00 AM,8.6,0,0
04/04/19 05:00 AM,8.0,0,0
04/04/19 06:00 AM,7.4,0,0
04/04/19 07:00 AM,7.8,2,24
04/04/19 08:00 AM,9.9,5,180
04/04/19 09:00 AM,11.7,0,387
04/04/19 10:00 AM,13.2,2,581
04/04/19 11:00 AM,14.7,92,711
04/04/19 12:00 PM,15.4,100,525
04/04/19 01:00 PM,15.6,68,457
04/04/19 02:00 PM,16.1,100,620
04/04/19 03:00 PM,15.4,100,652
04/04/19 04:00 PM,14.5,100,325
04/04/19 05:00 PM,13.8,100,240
04/04/19 06:00 PM,13.0,90,92
04/04/19 07:00 PM,11.9,100,13
04/04/19 08:00 PM,11.9,100,0
04/04/19 09:00 PM,11.4,100,0
04/04/19 10:00 PM,11.0,100,0
04/04/19 11:00 PM,11.0,100,0
04/05/19 12:00 AM,10.5,36,0
04/05/19 01:00 AM,10.5,52,0
04/05/19 02:00 AM,10.1,51,0
04/05/19 03:00 AM,9.3,73,0
04/05/19 04:00 AM,8.7,100,0
04/05/19 05:00 AM,8.3,100,0
04/05/19 06:00 AM,8.6,78,0
04/05/19 07:00 AM,8.5,35,10
04/05/19 08:00 AM,9.8,16,155
04/05/19 09:00 AM,11.2,21,353
04/05/19 10:00 AM,12.3,38,529
04/05/19 11:00 AM,12.6,56,635
04/05/19 12:00 PM,11.8,61,648
04/05/19 01:00 PM,12.4,100,729
04/05/19 02:00 PM,12.7,61,533
04/05/19 03:00 PM,12.8,64,583
04/05/19 04:00 PM,11.8,58,506
04/05/19 05:00 PM,12.0,56,321
04/05/19 06:00 PM,11.7,45,182
04/05/19 07:00 PM,10.4,40,43
04/05/19 08:00 PM,10.3,51,0
04/05/19 09:00 PM,10.7,58,0
04/05/19 10:00 PM,10.4,28,0
04/05/19 11:00 PM,9.9,26,0
04/06/19 12:00 AM,10.1,25,0
04/06/19 01:00 AM,9.7,27,0
04/06/19 02:00 AM,9.3,33,0
04/06/19 03:00 AM,9.1,100,0
04/06/19 04:00 AM,9.8,48,0
04/06/19 05:00 AM,9.5,55,0
04/06/19 06:00 AM,9.8,100,0
04/06/19 07:00 AM,9.8,49,18
04/06/19 08:00 AM,10.4,67,138
04/06/19 09:00 AM,11.6,50,238
04/06/19 10:00 AM,11.9,44,406
04/06/19 11:00 AM,12.2,34,555
04/06/19 12:00 PM,12.7,46,665
04/06/19 01:00 PM,13.8,88,572
04/06/19 02:00 PM,13.9,50,358
04/06/19 03:00 PM,14.6,38,516
04/06/19 04:00 PM,14.5,52,462
04/06/19 05:00 PM,14.0,64,332
04/06/19 06:00 PM,12.7,50,165
04/06/19 07:00 PM,11.5,42,43
04/06/19 08:00 PM,10.9,43,0
04/06/19 09:00 PM,10.6,41,0
04/06/19 10:00 PM,10.3,34,0
04/06/19 11:00 PM,9.8,40,0
04/07/19 12:00 AM,10.5,43,0
04/07/19 01:00 AM,11.4,38,0
04/07/19 02:00 AM,11.4,26,0
04/07/19 03:00 AM,11.1,58,0
04/07/19 04:00 AM,11.2,88,0
04/07/19 05:00 AM,11.2,70,0
04/07/19 06:00 AM,12.2,95,0
04/07/19 07:00 AM,12.4,100,6
04/07/19 08:00 AM,12.5,100,29
04/07/19 09:00 AM,13.5,100,96
04/07/19 10:00 AM,14.5,100,128
04/07/19 11:00 AM,14.7,100,211
04/07/19 12:00 PM,15.6,39,253
04/07/19 01:00 PM,17.4,84,628
04/07/19 02:00 PM,16.4,100,513
04/07/19 03:00 PM,16.0,98,309
04/07/19 04:00 PM,16.5,88,304
04/07/19 05:00 PM,16.0,83,208
04/07/19 06:00 PM,15.5,87,122
04/07/19 07:00 PM,14.5,82,34
04/07/19 08:00 PM,14.2,98,0
04/07/19 09:00 PM,14.3,100,0
04/07/19 10:00 PM,14.0,82,0
04/07/19 11:00 PM,13.7,100,0
04/08/19 12:00 AM,13.6,100,0
04/08/19 01:00 AM,13.5,67,0
04/08/19 02:00 AM,12.8,100,0
04/08/19 03:00 AM,12.7,71,0
04/08/19 04:00 AM,12.2,45,0
04/08/19 05:00 AM,11.5,19,0
04/08/19 06:00 AM,10.6,23,0
04/08/19 07:00 AM,11.3,24,28
04/08/19 08:00 AM,13.0,23,173
04/08/19 09:00 AM,14.3,31,334
04/08/19 10:00 AM,15.2,46,483
04/08/19 11:00 AM,15.7,40,541
04/08/19 12:00 PM,17.0,41,658
04/08/19 01:00 PM,16.9,30,644
04/08/19 02:00 PM,16.7,37,694
04/08/19 03:00 PM,16.1,38,533
04/08/19 04:00 PM,15.9,31,528
04/08/19 05:00 PM,15.1,19,363
04/08/19 06:00 PM,14.4,26,220
04/08/19 07:00 PM,13.2,21,56
04/08/19 08:00 PM,12.4,11,0
04/08/19 09:00 PM,12.2,30,0
04/08/19 10:00 PM,12.4,52,0
04/08/19 11:00 PM,12.3,28,0
04/09/19 12:00 AM,12.4,20,0
04/09/19 01:00 AM,12.4,26,0
04/09/19 02:00 AM,12.2,37,0
04/09/19 03:00 AM,12.1,33,0
04/09/19 04:00 AM,11.8,46,0
04/09/19 05:00 AM,11.9,55,0
04/09/19 06:00 AM,11.7,46,0
04/09/19 07:00 AM,12.4,30,26
04/09/19 08:00 AM,13.4,28,163
04/09/19 09:00 AM,14.4,29,330
04/09/19 10:00 AM,14.6,28,497
04/09/19 11:00 AM,15.8,35,596
04/09/19 12:00 PM,15.5,66,662
04/09/19 01:00 PM,16.7,37,623
04/09/19 02:00 PM,17.0,32,707
04/09/19 03:00 PM,16.6,26,641
04/09/19 04:00 PM,16.2,24,546
04/09/19 05:00 PM,15.4,20,394
04/09/19 06:00 PM,14.5,12,227
04/09/19 07:00 PM,13.2,14,62
04/09/19 08:00 PM,12.4,12,0
04/09/19 09:00 PM,11.9,14,0
04/09/19 10:00 PM,11.6,12,0
04/09/19 11:00 PM,11.3,18,0
04/10/19 12:00 AM,11.2,10,0
04/10/19 01:00 AM,11.0,16,0
04/10/19 02:00 AM,11.0,46,0
04/10/19 03:00 AM,11.3,61,0
04/10/19 04:00 AM,11.4,56,0
04/10/19 05:00 AM,11.8,71,0
04/10/19 06:00 AM,11.7,63,0
04/10/19 07:00 AM,12.0,60,21
04/10/19 08:00 AM,12.9,64,129
04/10/19 09:00 AM,13.8,83,287
04/10/19 10:00 AM,13.9,71,296
04/10/19 11:00 AM,14.9,93,455
04/10/19 12:00 PM,14.6,100,666
04/10/19 01:00 PM,14.4,61,345
04/10/19 02:00 PM,15.0,68,454
04/10/19 03:00 PM,16.0,56,567
04/10/19 04:00 PM,16.4,27,584
04/10/19 05:00 PM,15.8,5,437
04/10/19 06:00 PM,14.9,57,245
04/10/19 07:00 PM,13.9,22,57
04/10/19 08:00 PM,12.6,2,0
04/10/19 09:00 PM,12.0,2,0
04/10/19 10:00 PM,11.3,1,0
04/10/19 11:00 PM,10.7,0,0
04/11/19 12:00 AM,10.8,1,0
04/11/19 01:00 AM,10.6,0,0
04/11/19 02:00 AM,10.3,0,0
04/11/19 03:00 AM,10.2,0,0
04/11/19 04:00 AM,10.1,7,0
04/11/19 05:00 AM,9.9,10,0
04/11/19 06:00 AM,9.9,9,0
04/11/19 07:00 AM,10.8,1,38
04/11/19 08:00 AM,12.8,5,208
04/11/19 09:00 AM,14.2,16,410
04/11/19 10:00 AM,15.4,58,566
04/11/19 11:00 AM,16.8,64,669
04/11/19 12:00 PM,17.7,65,604
04/11/19 01:00 PM,18.2,91,595
04/11/19 02:00 PM,18.8,100,522
04/11/19 03:00 PM,19.3,84,571
04/11/19 04:00 PM,18.0,46,544
04/11/19 05:00 PM,16.3,39,396
04/11/19 06:00 PM,14.9,41,210
04/11/19 07:00 PM,13.4,37,60
04/11/19 08:00 PM,12.5,37,0
04/11/19 09:00 PM,11.9,18,0
04/11/19 10:00 PM,11.2,1,0
04/11/19 11:00 PM,10.7,3,0
04/12/19 12:00 AM,10.7,4,0
04/12/19 01:00 AM,10.5,30,0
04/12/19 02:00 AM,10.2,29,0
04/12/19 03:00 AM,10.0,30,0
04/12/19 04:00 AM,9.9,30,0
04/12/19 05:00 AM,9.8,29,0
04/12/19 06:00 AM,9.6,28,0
04/12/19 07:00 AM,10.5,1,40
04/12/19 08:00 AM,12.4,3,213
04/12/19 09:00 AM,14.3,0,419
04/12/19 10:00 AM,16.1,0,610
04/12/19 11:00 AM,17.8,0,763
04/12/19 12:00 PM,18.7,13,862
04/12/19 01:00 PM,19.7,50,885
04/12/19 02:00 PM,19.9,44,793
04/12/19 03:00 PM,19.6,34,652
04/12/19 04:00 PM,19.2,30,604
04/12/19 05:00 PM,18.2,24,426
04/12/19 06:00 PM,17.3,11,246
04/12/19 07:00 PM,15.2,19,72
04/12/19 08:00 PM,13.5,40,0
04/12/19 09:00 PM,12.8,81,0
04/12/19 10:00 PM,12.5,84,0
04/12/19 11:00 PM,12.2,23,0
04/13/19 12:00 AM,10.8,50,0
04/13/19 01:00 AM,10.9,70,0
04/13/19 02:00 AM,10.6,56,0
04/13/19 03:00 AM,11.9,57,0
04/13/19 04:00 AM,11.4,59,0
04/13/19 05:00 AM,11.3,43,0
04/13/19 06:00 AM,11.6,27,0
04/13/19 07:00 AM,11.9,38,37
04/13/19 08:00 AM,14.3,33,197
04/13/19 09:00 AM,15.8,31,395
04/13/19 10:00 AM,17.3,72,569
04/13/19 11:00 AM,18.8,92,718
04/13/19 12:00 PM,17.2,50,714
04/13/19 01:00 PM,19.0,79,645
04/13/19 02:00 PM,18.7,35,589
04/13/19 03:00 PM,18.4,100,575
04/13/19 04:00 PM,17.5,100,220
04/13/19 05:00 PM,17.2,100,159
04/13/19 06:00 PM,16.7,100,76
04/13/19 07:00 PM,16.1,100,22
04/13/19 08:00 PM,15.7,100,0
04/13/19 09:00 PM,15.9,100,0
04/13/19 10:00 PM,15.6,100,0
04/13/19 11:00 PM,15.3,100,0
04/14/19 12:00 AM,15.1,100,0
04/14/19 01:00 AM,15.2,100,0
04/14/19 02:00 AM,15.3,100,0
04/14/19 03:00 AM,14.5,100,0
04/14/19 04:00 AM,14.5,100,0
04/14/19 05:00 AM,14.7,98,0
04/14/19 06:00 AM,14.7,90,0
04/14/19 07:00 AM,14.8,90,13
04/14/19 08:00 AM,15.5,90,76
04/14/19 09:00 AM,16.5,90,214
04/14/19 10:00 AM,17.3,91,325
04/14/19 11:00 AM,18.3,85,423
04/14/19 12:00 PM,19.1,73,601
04/14/19 01:00 PM,20.6,39,658
04/14/19 02:00 PM,21.5,31,758
04/14/19 03:00 PM,20.6,34,577
04/14/19 04:00 PM,20.0,24,470
04/14/19 05:00 PM,19.8,26,397
04/14/19 06:00 PM,18.4,23,195
04/14/19 07:00 PM,16.9,22,58
04/14/19 08:00 PM,15.5,8,0
04/14/19 09:00 PM,14.6,1,0
04/14/19 10:00 PM,14.0,2,0
04/14/19 11:00 PM,13.7,18,0
04/15/19 12:00 AM,13.1,91,0
04/15/19 01:00 AM,13.5,100,0
04/15/19 02:00 AM,13.8,100,0
04/15/19 03:00 AM,13.9,100,0
04/15/19 04:00 AM,13.9,68,0
04/15/19 05:00 AM,14.0,94,0
04/15/19 06:00 AM,14.5,100,0
04/15/19 07:00 AM,14.7,24,27
04/15/19 08:00 AM,15.6,94,189
04/15/19 09:00 AM,15.6,100,198
04/15/19 10:00 AM,15.4,100,143
04/15/19 11:00 AM,16.9,65,342
04/15/19 12:00 PM,17.1,40,687
04/15/19 01:00 PM,18.6,22,683
04/15/19 02:00 PM,19.4,26,797
04/15/19 03:00 PM,18.9,45,754
04/15/19 04:00 PM,18.1,31,536
04/15/19 05:00 PM,17.5,37,422
04/15/19 06:00 PM,16.5,35,257
04/15/19 07:00 PM,14.9,1,74
04/15/19 08:00 PM,13.3,9,1
04/15/19 09:00 PM,12.5,0,0
04/15/19 10:00 PM,11.4,2,0
04/15/19 11:00 PM,10.4,0,0
04/16/19 12:00 AM,10.2,0,0
04/16/19 01:00 AM,11.1,2,0
04/16/19 02:00 AM,10.3,4,0
04/16/19 03:00 AM,10.0,90,0
04/16/19 04:00 AM,8.5,90,0
04/16/19 05:00 AM,8.5,90,0
04/16/19 06:00 AM,8.6,90,0
04/16/19 07:00 AM,9.2,90,28
04/16/19 08:00 AM,10.5,90,149
04/16/19 09:00 AM,13.0,21,354
04/16/19 10:00 AM,15.4,13,619
04/16/19 11:00 AM,16.7,12,782
04/16/19 12:00 PM,18.2,28,883
04/16/19 01:00 PM,18.6,26,891
04/16/19 02:00 PM,19.1,27,870
04/16/19 03:00 PM,19.1,30,801
04/16/19 04:00 PM,17.7,30,619
04/16/19 05:00 PM,16.5,30,401
04/16/19 06:00 PM,15.1,29,191
04/16/19 07:00 PM,14.3,31,54
04/16/19 08:00 PM,14.0,30,1
04/16/19 09:00 PM,13.7,29,0
04/16/19 10:00 PM,13.9,22,0
04/16/19 11:00 PM,13.8,62,0
04/17/19 12:00 AM,14.1,67,0
04/17/19 01:00 AM,13.8,82,0
04/17/19 02:00 AM,14.0,48,0
04/17/19 03:00 AM,14.0,57,0
04/17/19 04:00 AM,13.7,94,0
04/17/19 05:00 AM,13.7,83,0
04/17/19 06:00 AM,13.8,100,0
04/17/19 07:00 AM,14.2,100,19
04/17/19 08:00 AM,13.9,100,61
04/17/19 09:00 AM,14.0,100,45
04/17/19 10:00 AM,14.0,100,121
04/17/19 11:00 AM,13.7,100,110
04/17/19 12:00 PM,13.5,100,124
04/17/19 01:00 PM,14.4,100,263
04/17/19 02:00 PM,14.8,97,245
04/17/19 03:00 PM,15.1,68,384
04/17/19 04:00 PM,14.0,100,347
04/17/19 05:00 PM,13.8,29,280
04/17/19 06:00 PM,13.7,95,230
04/17/19 07:00 PM,13.1,100,42
04/17/19 08:00 PM,12.5,100,1
04/17/19 09:00 PM,12.7,66,0
04/17/19 10:00 PM,12.3,64,0
04/17/19 11:00 PM,12.7,53,0
04/18/19 12:00 AM,12.4,34,0
04/18/19 01:00 AM,12.2,46,0
04/18/19 02:00 AM,11.8,36,0
04/18/19 03:00 AM,11.6,43,0
04/18/19 04:00 AM,11.0,35,0
04/18/19 05:00 AM,10.3,47,0
04/18/19 06:00 AM,10.9,68,0
04/18/19 07:00 AM,12.3,46,43
04/18/19 08:00 AM,13.6,35,184
04/18/19 09:00 AM,14.7,36,370
04/18/19 10:00 AM,15.6,36,526
04/18/19 11:00 AM,16.5,55,668
04/18/19 12:00 PM,16.0,38,703
04/18/19 01:00 PM,17.1,40,694
04/18/19 02:00 PM,15.3,48,595
04/18/19 03:00 PM,15.7,70,491
04/18/19 04:00 PM,16.4,46,487
04/18/19 05:00 PM,16.4,44,393
04/18/19 06:00 PM,15.3,41,208
04/18/19 07:00 PM,14.0,26,70
04/18/19 08:00 PM,12.6,5,1
04/18/19 09:00 PM,12.0,3,0
04/18/19 10:00 PM,11.3,3,0
04/18/19 11:00 PM,10.6,4,0
04/19/19 12:00 AM,10.5,9,0
04/19/19 01:00 AM,11.5,17,0
04/19/19 02:00 AM,11.0,4,0
04/19/19 03:00 AM,9.3,3,0
04/19/19 04:00 AM,8.8,100,0
04/19/19 05:00 AM,8.9,100,0
04/19/19 06:00 AM,10.1,100,0
04/19/19 07:00 AM,11.3,100,31
04/19/19 08:00 AM,13.2,80,115
04/19/19 09:00 AM,14.9,100,257
04/19/19 10:00 AM,14.9,100,174
04/19/19 11:00 AM,15.3,100,288
04/19/19 12:00 PM,15.0,89,234
04/19/19 01:00 PM,16.2,100,432
04/19/19 02:00 PM,16.6,100,341
04/19/19 03:00 PM,16.4,83,353
04/19/19 04:00 PM,16.7,81,362
04/19/19 05:00 PM,16.9,46,399
04/19/19 06:00 PM,16.5,27,220
04/19/19 07:00 PM,14.9,39,77
04/19/19 08:00 PM,13.5,31,1
04/19/19 09:00 PM,12.7,1,0
04/19/19 10:00 PM,13.1,1,0
04/19/19 11:00 PM,13.1,32,0
04/20/19 12:00 AM,13.3,72,0
04/20/19 01:00 AM,13.5,68,0
04/20/19 02:00 AM,13.3,69,0
04/20/19 03:00 AM,13.2,6,0
04/20/19 04:00 AM,11.8,32,0
04/20/19 05:00 AM,11.6,69,0
04/20/19 06:00 AM,11.3,19,0
04/20/19 07:00 AM,11.8,29,59
04/20/19 08:00 AM,13.2,64,173
04/20/19 09:00 AM,14.4,41,247
04/20/19 10:00 AM,16.7,24,406
04/20/19 11:00 AM,19.4,0,771
04/20/19 12:00 PM,21.1,16,870
04/20/19 01:00 PM,23.0,91,826
04/20/19 02:00 PM,23.7,57,613
04/20/19 03:00 PM,24.5,60,547
04/20/19 04:00 PM,24.4,34,339
04/20/19 05:00 PM,24.6,5,397
04/20/19 06:00 PM,23.4,3,265
04/20/19 07:00 PM,20.1,1,87
04/20/19 08:00 PM,17.3,29,2
04/20/19 09:00 PM,16.9,27,0
04/20/19 10:00 PM,17.4,40,0
04/20/19 11:00 PM,16.4,41,0
04/21/19 12:00 AM,17.6,9,0
04/21/19 01:00 AM,15.2,8,0
04/21/19 02:00 AM,14.1,18,0
04/21/19 03:00 AM,13.7,13,0
04/21/19 04:00 AM,12.6,17,0
04/21/19 05:00 AM,11.9,5,0
04/21/19 06:00 AM,11.1,16,0
04/21/19 07:00 AM,12.6,47,57
04/21/19 08:00 AM,14.1,19,156
04/21/19 09:00 AM,16.0,12,374
04/21/19 10:00 AM,17.8,10,585
04/21/19 11:00 AM,19.6,10,752
04/21/19 12:00 PM,21.1,0,842
04/21/19 01:00 PM,21.8,20,925
04/21/19 02:00 PM,21.7,18,699
04/21/19 03:00 PM,22.1,23,596
04/21/19 04:00 PM,20.9,37,543
04/21/19 05:00 PM,20.0,19,362
04/21/19 06:00 PM,19.4,20,226
04/21/19 07:00 PM,17.7,14,82
04/21/19 08:00 PM,16.9,10,2
04/21/19 09:00 PM,16.2,7,0
04/21/19 10:00 PM,15.1,7,0
04/21/19 11:00 PM,14.3,1,0
04/22/19 12:00 AM,14.4,1,0
04/22/19 01:00 AM,13.7,1,0
04/22/19 02:00 AM,13.0,2,0
04/22/19 03:00 AM,12.6,2,0
04/22/19 04:00 AM,12.3,2,0
04/22/19 05:00 AM,12.1,2,0
04/22/19 06:00 AM,12.0,2,0
04/22/19 07:00 AM,13.5,6,71
04/22/19 08:00 AM,15.3,6,257
04/22/19 09:00 AM,17.1,8,463
04/22/19 10:00 AM,18.9,17,647
04/22/19 11:00 AM,19.9,18,786
04/22/19 12:00 PM,20.4,34,863
04/22/19 01:00 PM,19.8,50,777
04/22/19 02:00 PM,18.6,51,669
04/22/19 03:00 PM,17.7,72,581
04/22/19 04:00 PM,16.7,100,415
04/22/19 05:00 PM,15.6,100,263
04/22/19 06:00 PM,14.8,90,136
04/22/19 07:00 PM,14.2,100,56
04/22/19 08:00 PM,13.5,100,1
04/22/19 09:00 PM,11.4,100,0
04/22/19 10:00 PM,11.7,100,0
04/22/19 11:00 PM,11.6,68,0
04/23/19 12:00 AM,11.1,38,0
04/23/19 01:00 AM,10.9,29,0
04/23/19 02:00 AM,10.6,22,0
04/23/19 03:00 AM,10.3,22,0
04/23/19 04:00 AM,9.9,30,0
04/23/19 05:00 AM,9.2,43,0
04/23/19 06:00 AM,8.9,54,0
04/23/19 07:00 AM,9.9,65,59
04/23/19 08:00 AM,10.6,61,181
04/23/19 09:00 AM,11.3,65,403
04/23/19 10:00 AM,12.6,57,538
04/23/19 11:00 AM,12.4,54,718
04/23/19 12:00 PM,12.0,89,670
04/23/19 01:00 PM,14.0,45,594
04/23/19 02:00 PM,13.8,40,725
04/23/19 03:00 PM,13.8,40,700
04/23/19 04:00 PM,13.6,22,556
04/23/19 05:00 PM,13.2,28,452
04/23/19 06:00 PM,12.6,72,257
04/23/19 07:00 PM,11.8,41,70
04/23/19 08:00 PM,11.1,34,2
04/23/19 09:00 PM,11.1,77,0
04/23/19 10:00 PM,11.5,83,0
04/23/19 11:00 PM,11.7,98,0
04/24/19 12:00 AM,12.6,100,0
04/24/19 01:00 AM,13.0,100,0
04/24/19 02:00 AM,13.4,98,0
04/24/19 03:00 AM,13.2,100,0
04/24/19 04:00 AM,13.4,94,0
04/24/19 05:00 AM,13.6,100,0
04/24/19 06:00 AM,13.5,100,0
04/24/19 07:00 AM,14.0,100,11
04/24/19 08:00 AM,14.0,100,34
04/24/19 09:00 AM,14.9,43,102
04/24/19 10:00 AM,16.5,56,477
04/24/19 11:00 AM,15.8,100,414
04/24/19 12:00 PM,14.4,100,220
04/24/19 01:00 PM,14.8,66,126
04/24/19 02:00 PM,16.2,52,454
04/24/19 03:00 PM,16.5,69,481
04/24/19 04:00 PM,16.1,90,362
04/24/19 05:00 PM,15.0,100,159
04/24/19 06:00 PM,13.9,100,63
04/24/19 07:00 PM,13.6,100,20
04/24/19 08:00 PM,13.4,61,1
04/24/19 09:00 PM,13.4,49,0
04/24/19 10:00 PM,12.8,62,0
04/24/19 11:00 PM,12.8,29,0
04/25/19 12:00 AM,12.8,20,0
04/25/19 01:00 AM,12.8,28,0
04/25/19 02:00 AM,12.7,31,0
04/25/19 03:00 AM,12.7,34,0
04/25/19 04:00 AM,12.3,59,0
04/25/19 05:00 AM,12.3,64,0
04/25/19 06:00 AM,12.0,50,1
04/25/19 07:00 AM,12.6,37,56
04/25/19 08:00 AM,13.7,45,196
04/25/19 09:00 AM,14.3,26,335
04/25/19 10:00 AM,15.2,24,559
04/25/19 11:00 AM,15.6,22,711
04/25/19 12:00 PM,13.5,74,778
04/25/19 01:00 PM,14.5,69,321
04/25/19 02:00 PM,15.3,39,506
04/25/19 03:00 PM,16.0,19,677
04/25/19 04:00 PM,15.6,32,620
04/25/19 05:00 PM,15.2,15,418
04/25/19 06:00 PM,14.6,27,274
04/25/19 07:00 PM,13.4,21,93
04/25/19 08:00 PM,12.4,6,3
04/25/19 09:00 PM,11.6,1,0
04/25/19 10:00 PM,11.0,1,0
04/25/19 11:00 PM,10.7,5,0
04/26/19 12:00 AM,10.4,12,0
04/26/19 01:00 AM,10.9,16,0
04/26/19 02:00 AM,10.8,11,0
04/26/19 03:00 AM,10.6,16,0
04/26/19 04:00 AM,10.6,24,0
04/26/19 05:00 AM,10.6,31,0
04/26/19 06:00 AM,10.6,35,1
04/26/19 07:00 AM,12.2,33,70
04/26/19 08:00 AM,13.6,37,244
04/26/19 09:00 AM,14.5,50,386
04/26/19 10:00 AM,15.1,53,457
04/26/19 11:00 AM,16.2,43,646
04/26/19 12:00 PM,16.9,74,683
04/26/19 01:00 PM,17.7,90,742
04/26/19 02:00 PM,17.9,90,687
04/26/19 03:00 PM,18.0,68,649
04/26/19 04:00 PM,17.9,42,643
04/26/19 05:00 PM,16.8,0,465
04/26/19 06:00 PM,15.9,0,296
04/26/19 07:00 PM,14.1,0,104
04/26/19 08:00 PM,12.8,0,4
04/26/19 09:00 PM,12.1,0,0
04/26/19 10:00 PM,11.7,0,0
04/26/19 11:00 PM,11.1,0,0
04/27/19 12:00 AM,11.1,0,0
04/27/19 01:00 AM,10.7,9,0
04/27/19 02:00 AM,10.3,0,0
04/27/19 03:00 AM,10.0,0,0
04/27/19 04:00 AM,9.8,0,0
04/27/19 05:00 AM,9.5,0,0
04/27/19 06:00 AM,9.3,0,1
04/27/19 07:00 AM,10.5,0,86
04/27/19 08:00 AM,12.3,0,272
04/27/19 09:00 AM,14.6,6,475
04/27/19 10:00 AM,16.8,7,659
04/27/19 11:00 AM,18.7,8,805
04/27/19 12:00 PM,20.9,9,900
04/27/19 01:00 PM,22.1,10,933
04/27/19 02:00 PM,23.0,12,905
04/27/19 03:00 PM,23.4,10,817
04/27/19 04:00 PM,23.4,8,676
04/27/19 05:00 PM,23.2,2,496
04/27/19 06:00 PM,21.2,0,295
04/27/19 07:00 PM,18.1,4,105
04/27/19 08:00 PM,16.4,5,4
04/27/19 09:00 PM,15.4,4,0
04/27/19 10:00 PM,14.6,4,0
04/27/19 11:00 PM,14.0,13,0
04/28/19 12:00 AM,14.1,27,0
04/28/19 01:00 AM,13.7,29,0
04/28/19 02:00 AM,13.1,29,0
04/28/19 03:00 AM,12.6,29,0
04/28/19 04:00 AM,12.3,21,0
04/28/19 05:00 AM,12.2,19,0
04/28/19 06:00 AM,12.0,27,2
04/28/19 07:00 AM,13.4,29,86
04/28/19 08:00 AM,15.9,29,269
04/28/19 09:00 AM,18.6,29,464
04/28/19 10:00 AM,21.3,29,642
04/28/19 11:00 AM,23.3,29,755
04/28/19 12:00 PM,24.8,29,869
04/28/19 01:00 PM,25.7,29,927
04/28/19 02:00 PM,26.2,29,890
04/28/19 03:00 PM,26.5,29,791
04/28/19 04:00 PM,26.6,29,635
04/28/19 05:00 PM,26.5,29,472
04/28/19 06:00 PM,25.2,28,285
04/28/19 07:00 PM,21.7,10,103
04/28/19 08:00 PM,19.5,1,4
04/28/19 09:00 PM,18.1,0,0
04/28/19 10:00 PM,17.1,0,0
04/28/19 11:00 PM,16.4,0,0
04/29/19 12:00 AM,15.8,0,0
04/29/19 01:00 AM,15.4,4,0
04/29/19 02:00 AM,15.0,12,0
04/29/19 03:00 AM,14.7,8,0
04/29/19 04:00 AM,14.4,5,0
04/29/19 05:00 AM,14.0,0,0
04/29/19 06:00 AM,13.8,0,2
04/29/19 07:00 AM,15.2,4,91
04/29/19 08:00 AM,17.1,8,277
04/29/19 09:00 AM,19.2,3,477
04/29/19 10:00 AM,21.3,0,662
04/29/19 11:00 AM,23.2,0,808
04/29/19 12:00 PM,25.0,2,902
04/29/19 01:00 PM,26.1,18,939
04/29/19 02:00 PM,26.5,17,910
04/29/19 03:00 PM,26.2,16,824
04/29/19 04:00 PM,24.3,18,684
04/29/19 05:00 PM,22.3,13,504
04/29/19 06:00 PM,20.3,14,306
04/29/19 07:00 PM,18.1,0,114
04/29/19 08:00 PM,15.8,1,5
04/29/19 09:00 PM,14.6,1,0
04/29/19 10:00 PM,13.8,1,0
04/29/19 11:00 PM,13.4,2,0
04/30/19 12:00 AM,13.1,2,0
04/30/19 01:00 AM,12.8,2,0
04/30/19 02:00 AM,12.5,2,0
04/30/19 03:00 AM,12.3,3,0
04/30/19 04:00 AM,12.1,4,0
04/30/19 05:00 AM,12.0,10,0
04/30/19 06:00 AM,12.0,12,3
04/30/19 07:00 AM,13.3,13,92
04/30/19 08:00 AM,14.9,18,272
04/30/19 09:00 AM,16.6,5,455
04/30/19 10:00 AM,18.5,3,668
04/30/19 11:00 AM,20.1,18,825
04/30/19 12:00 PM,21.8,24,915
04/30/19 01:00 PM,23.2,27,936
04/30/19 02:00 PM,23.7,29,898
04/30/19 03:00 PM,23.4,29,812
04/30/19 04:00 PM,22.3,28,675
04/30/19 05:00 PM,21.1,28,484
04/30/19 06:00 PM,19.4,28,295
04/30/19 07:00 PM,17.4,25,109
04/30/19 08:00 PM,15.6,13,6
04/30/19 09:00 PM,14.4,24,0
04/30/19 10:00 PM,13.7,27,0
04/30/19 11:00 PM,13.4,29,0
05/01/19 12:00 AM,13.2,29,0
05/01/19 01:00 AM,12.8,30,0
05/01/19 02:00 AM,12.7,28,0
05/01/19 03:00 AM,12.7,19,0
05/01/19 04:00 AM,12.6,91,0
05/01/19 05:00 AM,12.6,73,0
05/01/19 06:00 AM,12.6,75,3
05/01/19 07:00 AM,13.9,86,93
05/01/19 08:00 AM,15.7,80,248
05/01/19 09:00 AM,17.7,0,434
05/01/19 10:00 AM,19.3,4,676
05/01/19 11:00 AM,20.5,2,818
05/01/19 12:00 PM,22.4,0,912
05/01/19 01:00 PM,23.7,0,942
05/01/19 02:00 PM,24.5,0,912
05/01/19 03:00 PM,23.9,0,823
05/01/19 04:00 PM,22.5,0,684
05/01/19 05:00 PM,20.8,0,507
05/01/19 06:00 PM,19.1,0,306
05/01/19 07:00 PM,17.3,0,115
05/01/19 08:00 PM,15.8,1,6
05/01/19 09:00 PM,14.8,0,0
05/01/19 10:00 PM,14.3,0,0
05/01/19 11:00 PM,14.0,1,0
05/02/19 12:00 AM,13.5,1,0
05/02/19 01:00 AM,13.2,1,0
05/02/19 02:00 AM,13.0,2,0
05/02/19 03:00 AM,12.8,1,0
05/02/19 04:00 AM,12.7,1,0
05/02/19 05:00 AM,12.4,2,0
05/02/19 06:00 AM,12.3,1,4
05/02/19 07:00 AM,13.9,1,101
05/02/19 08:00 AM,16.3,0,289
05/02/19 09:00 AM,19.1,0,491
05/02/19 10:00 AM,21.6,14,674
05/02/19 11:00 AM,24.2,17,816
05/02/19 12:00 PM,24.1,18,908
05/02/19 01:00 PM,25.6,11,943
05/02/19 02:00 PM,26.6,9,912
05/02/19 03:00 PM,27.5,1,825
05/02/19 04:00 PM,28.1,5,683
05/02/19 05:00 PM,26.4,5,483
05/02/19 06:00 PM,25.3,5,290
05/02/19 07:00 PM,23.2,2,111
05/02/19 08:00 PM,21.0,2,6
05/02/19 09:00 PM,19.8,2,0
05/02/19 10:00 PM,18.7,2,0
05/02/19 11:00 PM,18.2,1,0
05/03/19 12:00 AM,17.6,1,0
05/03/19 01:00 AM,17.3,1,0
05/03/19 02:00 AM,16.8,1,0
05/03/19 03:00 AM,16.4,1,0
05/03/19 04:00 AM,15.7,0,0
05/03/19 05:00 AM,14.9,0,0
05/03/19 06:00 AM,14.4,0,4
05/03/19 07:00 AM,16.1,0,103
05/03/19 08:00 AM,19.0,0,291
05/03/19 09:00 AM,21.4,0,495
05/03/19 10:00 AM,23.1,0,680
05/03/19 11:00 AM,24.3,0,825
05/03/19 12:00 PM,25.7,0,919
05/03/19 01:00 PM,26.1,0,953
05/03/19 02:00 PM,26.7,0,922
05/03/19 03:00 PM,27.3,7,830
05/03/19 04:00 PM,27.3,2,678
05/03/19 05:00 PM,26.3,0,513
05/03/19 06:00 PM,24.2,0,318
05/03/19 07:00 PM,21.0,0,123
05/03/19 08:00 PM,18.6,0,7
05/03/19 09:00 PM,17.3,0,0
05/03/19 10:00 PM,16.6,0,0
05/03/19 11:00 PM,15.8,0,0
05/04/19 12:00 AM,15.2,0,0
05/04/19 01:00 AM,14.6,0,0
05/04/19 02:00 AM,14.1,0,0
05/04/19 03:00 AM,13.9,0,0
05/04/19 04:00 AM,13.6,0,0
05/04/19 05:00 AM,13.3,0,0
05/04/19 06:00 AM,13.0,0,5
05/04/19 07:00 AM,14.6,0,107
05/04/19 08:00 AM,17.1,0,299
05/04/19 09:00 AM,19.7,0,505
05/04/19 10:00 AM,21.9,0,690
05/04/19 11:00 AM,23.4,0,835
05/04/19 12:00 PM,25.1,0,928
05/04/19 01:00 PM,25.8,0,960
05/04/19 02:00 PM,26.2,0,929
05/04/19 03:00 PM,26.3,0,838
05/04/19 04:00 PM,25.8,0,693
05/04/19 05:00 PM,25.2,0,513
05/04/19 06:00 PM,24.3,0,312
05/04/19 07:00 PM,22.5,0,121
05/04/19 08:00 PM,20.8,0,8
05/04/19 09:00 PM,19.6,0,0
05/04/19 10:00 PM,18.6,0,0
05/04/19 11:00 PM,17.7,0,0
05/05/19 12:00 AM,17.8,0,0
05/05/19 01:00 AM,14.6,0,0
05/05/19 02:00 AM,13.8,0,0
05/05/19 03:00 AM,13.3,0,0
05/05/19 04:00 AM,13.0,0,0
05/05/19 05:00 AM,12.4,0,0
05/05/19 06:00 AM,12.2,0,5
05/05/19 07:00 AM,15.1,0,110
05/05/19 08:00 AM,18.0,0,302
05/05/19 09:00 AM,20.2,0,504
05/05/19 10:00 AM,22.0,0,688
05/05/19 11:00 AM,23.5,11,832
05/05/19 12:00 PM,22.7,12,920
05/05/19 01:00 PM,22.3,9,944
05/05/19 02:00 PM,21.9,10,897
05/05/19 03:00 PM,21.1,16,791
05/05/19 04:00 PM,20.3,12,670
05/05/19 05:00 PM,19.4,11,494
05/05/19 06:00 PM,17.9,8,302
05/05/19 07:00 PM,16.0,3,122
05/05/19 08:00 PM,14.4,1,9
05/05/19 09:00 PM,13.6,4,0
05/05/19 10:00 PM,12.9,9,0
05/05/19 11:00 PM,12.6,10,0
05/06/19 12:00 AM,13.4,85,0
05/06/19 01:00 AM,13.5,95,0
05/06/19 02:00 AM,13.6,100,0
05/06/19 03:00 AM,13.4,100,0
05/06/19 04:00 AM,13.6,100,0
05/06/19 05:00 AM,13.4,100,0
05/06/19 06:00 AM,13.5,100,2
05/06/19 07:00 AM,14.0,100,46
05/06/19 08:00 AM,14.5,100,112
05/06/19 09:00 AM,14.9,100,165
05/06/19 10:00 AM,15.7,100,294
05/06/19 11:00 AM,17.0,87,470
05/06/19 12:00 PM,18.4,36,631
05/06/19 01:00 PM,19.4,82,795
05/06/19 02:00 PM,19.5,71,674
05/06/19 03:00 PM,20.1,41,712
05/06/19 04:00 PM,20.1,61,645
05/06/19 05:00 PM,18.5,62,460
05/06/19 06:00 PM,17.5,13,265
05/06/19 07:00 PM,16.4,5,118
05/06/19 08:00 PM,15.4,8,9
05/06/19 09:00 PM,15.0,2,0
05/06/19 10:00 PM,14.5,14,0
05/06/19 11:00 PM,14.2,38,0
05/07/19 12:00 AM,14.6,29,0
05/07/19 01:00 AM,14.6,21,0
05/07/19 02:00 AM,14.3,100,0
05/07/19 03:00 AM,15.2,100,0
05/07/19 04:00 AM,15.5,100,0
05/07/19 05:00 AM,15.5,100,0
05/07/19 06:00 AM,15.5,100,3
05/07/19 07:00 AM,16.0,100,53
05/07/19 08:00 AM,16.8,100,120
05/07/19 09:00 AM,17.5,100,196
05/07/19 10:00 AM,18.1,100,307
05/07/19 11:00 AM,18.3,100,292
05/07/19 12:00 PM,16.9,100,441
05/07/19 01:00 PM,18.0,100,463
05/07/19 02:00 PM,17.9,82,263
05/07/19 03:00 PM,18.8,65,536
05/07/19 04:00 PM,18.8,92,366
05/07/19 05:00 PM,17.8,100,131
05/07/19 06:00 PM,17.7,100,107
05/07/19 07:00 PM,17.2,100,31
05/07/19 08:00 PM,16.7,100,5
05/07/19 09:00 PM,16.4,100,0
05/07/19 10:00 PM,16.4,100,0
05/07/19 11:00 PM,16.2,100,0
05/08/19 12:00 AM,16.2,100,0
05/08/19 01:00 AM,16.2,100,0
05/08/19 02:00 AM,16.0,100,0
05/08/19 03:00 AM,15.9,100,0
05/08/19 04:00 AM,15.7,100,0
05/08/19 05:00 AM,15.7,100,0
05/08/19 06:00 AM,15.8,100,3
05/08/19 07:00 AM,16.0,100,19
05/08/19 08:00 AM,15.9,100,36
05/08/19 09:00 AM,16.2,100,70
05/08/19 10:00 AM,16.5,100,86
05/08/19 11:00 AM,16.8,100,117
05/08/19 12:00 PM,16.9,100,192
05/08/19 01:00 PM,16.7,100,139
05/08/19 02:00 PM,17.4,100,204
05/08/19 03:00 PM,17.1,100,125
05/08/19 04:00 PM,17.1,100,150
05/08/19 05:00 PM,16.7,100,90
05/08/19 06:00 PM,16.4,100,67
05/08/19 07:00 PM,15.8,100,18
05/08/19 08:00 PM,15.5,100,2
05/08/19 09:00 PM,15.3,100,0
05/08/19 10:00 PM,15.2,100,0
05/08/19 11:00 PM,15.1,100,0
05/09/19 12:00 AM,15.1,100,0
05/09/19 01:00 AM,15.1,100,0
05/09/19 02:00 AM,15.2,100,0
05/09/19 03:00 AM,15.2,97,0
05/09/19 04:00 AM,15.2,100,0
05/09/19 05:00 AM,15.4,100,0
05/09/19 06:00 AM,15.9,100,3
05/09/19 07:00 AM,16.3,100,29
05/09/19 08:00 AM,16.6,100,57
05/09/19 09:00 AM,17.1,100,115
05/09/19 10:00 AM,17.3,96,151
05/09/19 11:00 AM,18.4,100,285
05/09/19 12:00 PM,17.2,100,330
05/09/19 01:00 PM,17.5,100,199
05/09/19 02:00 PM,17.9,100,239
05/09/19 03:00 PM,18.8,100,418
05/09/19 04:00 PM,19.2,100,527
05/09/19 05:00 PM,18.2,84,357
05/09/19 06:00 PM,17.6,100,228
05/09/19 07:00 PM,17.2,100,64
05/09/19 08:00 PM,16.8,100,4
05/09/19 09:00 PM,16.8,100,0
05/09/19 10:00 PM,16.8,100,0
05/09/19 11:00 PM,16.7,89,0
05/10/19 12:00 AM,16.5,89,0
05/10/19 01:00 AM,16.4,90,0
05/10/19 02:00 AM,16.3,90,0
05/10/19 03:00 AM,16.2,90,0
05/10/19 04:00 AM,16.2,90,0
05/10/19 05:00 AM,16.2,89,0
05/10/19 06:00 AM,16.3,90,4
05/10/19 07:00 AM,17.1,90,45
05/10/19 08:00 AM,17.6,90,120
05/10/19 09:00 AM,18.0,90,147
05/10/19 10:00 AM,18.7,90,194
05/10/19 11:00 AM,20.3,89,447
05/10/19 12:00 PM,20.1,90,448
05/10/19 01:00 PM,19.8,90,361
05/10/19 02:00 PM,20.3,29,434
05/10/19 03:00 PM,21.5,21,736
05/10/19 04:00 PM,21.5,5,686
05/10/19 05:00 PM,21.0,0,505
05/10/19 06:00 PM,19.9,0,321
05/10/19 07:00 PM,18.3,2,132
05/10/19 08:00 PM,16.7,0,11
05/10/19 09:00 PM,15.9,0,0
05/10/19 10:00 PM,15.3,0,0
05/10/19 11:00 PM,14.5,5,0
05/11/19 12:00 AM,14.3,13,0
05/11/19 01:00 AM,14.1,9,0
05/11/19 02:00 AM,13.8,10,0
05/11/19 03:00 AM,13.4,28,0
05/11/19 04:00 AM,13.1,32,0
05/11/19 05:00 AM,12.9,36,0
05/11/19 06:00 AM,12.9,19,8
05/11/19 07:00 AM,13.8,25,119
05/11/19 08:00 AM,15.1,11,305
05/11/19 09:00 AM,17.0,1,519
05/11/19 10:00 AM,19.2,0,708
05/11/19 11:00 AM,21.5,0,855
05/11/19 12:00 PM,24.1,0,948
05/11/19 01:00 PM,25.8,0,979
05/11/19 02:00 PM,26.9,0,949
05/11/19 03:00 PM,27.5,0,862
05/11/19 04:00 PM,27.6,0,723
05/11/19 05:00 PM,27.4,0,543
05/11/19 06:00 PM,26.0,0,339
05/11/19 07:00 PM,23.2,0,140
05/11/19 08:00 PM,20.8,0,13
05/11/19 09:00 PM,19.6,0,0
05/11/19 10:00 PM,18.6,0,0
05/11/19 11:00 PM,18.1,0,0
05/12/19 12:00 AM,17.8,0,0
05/12/19 01:00 AM,17.3,0,0
05/12/19 02:00 AM,16.9,0,0
05/12/19 03:00 AM,16.3,0,0
05/12/19 04:00 AM,15.7,0,0
05/12/19 05:00 AM,15.4,0,0
05/12/19 06:00 AM,15.8,0,10
05/12/19 07:00 AM,18.2,0,128
05/12/19 08:00 AM,21.6,0,321
05/12/19 09:00 AM,24.5,0,523
05/12/19 10:00 AM,26.9,0,702
05/12/19 11:00 AM,28.6,0,842
05/12/19 12:00 PM,30.3,0,933
05/12/19 01:00 PM,31.6,0,966
05/12/19 02:00 PM,32.4,0,937
05/12/19 03:00 PM,32.7,0,850
05/12/19 04:00 PM,32.9,0,710
05/12/19 05:00 PM,33.0,0,531
05/12/19 06:00 PM,32.1,0,331
05/12/19 07:00 PM,29.6,0,138
05/12/19 08:00 PM,27.6,0,13
05/12/19 09:00 PM,26.6,0,0
05/12/19 10:00 PM,24.7,0,0
05/12/19 11:00 PM,22.8,0,0
05/13/19 12:00 AM,20.2,0,0
05/13/19 01:00 AM,20.4,0,0
05/13/19 02:00 AM,19.8,0,0
05/13/19 03:00 AM,18.7,0,0
05/13/19 04:00 AM,17.8,0,0
05/13/19 05:00 AM,17.1,0,0
05/13/19 06:00 AM,17.2,0,11
05/13/19 07:00 AM,19.3,0,132
05/13/19 08:00 AM,22.2,0,327
05/13/19 09:00 AM,25.4,0,531
05/13/19 10:00 AM,28.2,0,715
05/13/19 11:00 AM,30.5,0,860
05/13/19 12:00 PM,32.6,0,954
05/13/19 01:00 PM,33.7,0,984
05/13/19 02:00 PM,34.3,0,955
05/13/19 03:00 PM,34.7,0,868
05/13/19 04:00 PM,34.6,0,727
05/13/19 05:00 PM,34.0,0,545
05/13/19 06:00 PM,32.7,0,342
05/13/19 07:00 PM,30.2,0,145
05/13/19 08:00 PM,28.1,0,15
05/13/19 09:00 PM,26.6,0,0
05/13/19 10:00 PM,24.4,0,0
05/13/19 11:00 PM,23.0,0,0
05/14/19 12:00 AM,22.1,0,0
05/14/19 01:00 AM,21.3,0,0
05/14/19 02:00 AM,19.8,0,0
05/14/19 03:00 AM,18.0,0,0
05/14/19 04:00 AM,16.8,0,0
05/14/19 05:00 AM,17.4,1,0
05/14/19 06:00 AM,17.4,1,11
05/14/19 07:00 AM,19.1,0,131
05/14/19 08:00 AM,20.6,0,323
05/14/19 09:00 AM,22.2,0,524
05/14/19 10:00 AM,24.0,0,706
05/14/19 11:00 AM,25.9,0,849
05/14/19 12:00 PM,29.0,0,941
05/14/19 01:00 PM,29.9,0,970
05/14/19 02:00 PM,30.1,0,941
05/14/19 03:00 PM,30.2,0,852
05/14/19 04:00 PM,29.4,0,714
05/14/19 05:00 PM,27.8,0,541
05/14/19 06:00 PM,25.7,0,340
05/14/19 07:00 PM,23.4,0,145
05/14/19 08:00 PM,21.4,0,15
05/14/19 09:00 PM,20.1,0,0
05/14/19 10:00 PM,19.0,0,0
05/14/19 11:00 PM,18.2,0,0
05/15/19 12:00 AM,17.5,0,0
05/15/19 01:00 AM,16.1,0,0
05/15/19 02:00 AM,17.6,0,0
05/15/19 03:00 AM,17.1,1,0
05/15/19 04:00 AM,16.4,4,0
05/15/19 05:00 AM,13.7,14,0
05/15/19 06:00 AM,14.9,8,12
05/15/19 07:00 AM,17.8,1,133
05/15/19 08:00 AM,20.7,0,327
05/15/19 09:00 AM,23.6,0,527
05/15/19 10:00 AM,26.0,0,707
05/15/19 11:00 AM,28.0,0,851
05/15/19 12:00 PM,29.3,0,943
05/15/19 01:00 PM,30.6,0,975
05/15/19 02:00 PM,31.0,0,948
05/15/19 03:00 PM,29.9,0,860
05/15/19 04:00 PM,29.0,0,722
05/15/19 05:00 PM,27.4,0,545
05/15/19 06:00 PM,24.4,0,345
05/15/19 07:00 PM,21.7,0,147
05/15/19 08:00 PM,19.6,0,16
05/15/19 09:00 PM,18.0,1,0
05/15/19 10:00 PM,16.9,1,0
05/15/19 11:00 PM,16.3,1,0
05/16/19 12:00 AM,15.5,4,0
05/16/19 01:00 AM,15.2,2,0
05/16/19 02:00 AM,14.8,4,0
05/16/19 03:00 AM,14.6,4,0
05/16/19 04:00 AM,14.3,10,0
05/16/19 05:00 AM,14.3,4,0
05/16/19 06:00 AM,14.5,8,12
05/16/19 07:00 AM,15.6,11,132
05/16/19 08:00 AM,17.0,16,322
05/16/19 09:00 AM,18.1,7,496
05/16/19 10:00 AM,19.2,0,659
05/16/19 11:00 AM,20.4,22,812
05/16/19 12:00 PM,21.2,4,916
05/16/19 01:00 PM,21.4,20,930
05/16/19 02:00 PM,22.5,19,883
05/16/19 03:00 PM,21.1,27,803
05/16/19 04:00 PM,20.0,52,666
05/16/19 05:00 PM,18.5,24,390
05/16/19 06:00 PM,17.3,20,325
05/16/19 07:00 PM,15.8,41,142
05/16/19 08:00 PM,15.0,28,16
05/16/19 09:00 PM,14.9,14,0
05/16/19 10:00 PM,14.4,39,0
05/16/19 11:00 PM,14.2,49,0
05/17/19 12:00 AM,14.4,81,0
05/17/19 01:00 AM,14.3,91,0
05/17/19 02:00 AM,14.1,40,0
05/17/19 03:00 AM,13.5,24,0
05/17/19 04:00 AM,13.4,28,0
05/17/19 05:00 AM,13.4,30,0
05/17/19 06:00 AM,13.6,29,12
05/17/19 07:00 AM,14.7,30,119
05/17/19 08:00 AM,15.7,30,249
05/17/19 09:00 AM,17.1,65,331
05/17/19 10:00 AM,17.3,51,362
05/17/19 11:00 AM,17.9,100,501
05/17/19 12:00 PM,17.9,87,575
05/17/19 01:00 PM,18.9,38,660
05/17/19 02:00 PM,20.4,21,893
05/17/19 03:00 PM,19.8,14,851
05/17/19 04:00 PM,19.4,60,718
05/17/19 05:00 PM,17.5,23,431
05/17/19 06:00 PM,16.3,10,322
05/17/19 07:00 PM,15.1,17,148
05/17/19 08:00 PM,14.6,10,17
05/17/19 09:00 PM,13.9,29,0
05/17/19 10:00 PM,13.5,28,0
05/17/19 11:00 PM,13.4,50,0
05/18/19 12:00 AM,12.9,23,0
05/18/19 01:00 AM,12.7,1,0
05/18/19 02:00 AM,12.4,3,0
05/18/19 03:00 AM,12.2,6,0
05/18/19 04:00 AM,12.1,8,0
05/18/19 05:00 AM,12.0,14,0
05/18/19 06:00 AM,12.3,8,12
05/18/19 07:00 AM,13.9,6,131
05/18/19 08:00 AM,15.0,70,313
05/18/19 09:00 AM,15.9,100,392
05/18/19 10:00 AM,16.4,100,347
05/18/19 11:00 AM,17.3,100,434
05/18/19 12:00 PM,19.2,100,491
05/18/19 01:00 PM,18.8,100,483
05/18/19 02:00 PM,18.5,100,448
05/18/19 03:00 PM,18.4,100,408
05/18/19 04:00 PM,17.8,81,353
05/18/19 05:00 PM,17.6,100,387
05/18/19 06:00 PM,17.0,92,151
05/18/19 07:00 PM,16.0,56,71
05/18/19 08:00 PM,15.1,42,16
05/18/19 09:00 PM,14.1,29,0
05/18/19 10:00 PM,14.0,88,0
05/18/19 11:00 PM,13.5,72,0
05/19/19 12:00 AM,14.1,78,0
05/19/19 01:00 AM,13.8,98,0
05/19/19 02:00 AM,13.7,98,0
05/19/19 03:00 AM,13.5,91,0
05/19/19 04:00 AM,13.5,42,0
05/19/19 05:00 AM,12.5,19,0
05/19/19 06:00 AM,12.6,12,13
05/19/19 07:00 AM,14.5,0,131
05/19/19 08:00 AM,15.9,1,321
05/19/19 09:00 AM,17.4,2,508
05/19/19 10:00 AM,19.2,32,668
05/19/19 11:00 AM,21.0,70,812
05/19/19 12:00 PM,19.8,100,690
05/19/19 01:00 PM,20.6,100,546
05/19/19 02:00 PM,21.4,100,581
05/19/19 03:00 PM,20.4,97,483
05/19/19 04:00 PM,20.1,44,510
05/19/19 05:00 PM,19.8,43,408
05/19/19 06:00 PM,19.1,42,295
05/19/19 07:00 PM,17.9,19,130
05/19/19 08:00 PM,16.4,5,17
05/19/19 09:00 PM,15.2,12,0
05/19/19 10:00 PM,14.3,20,0
05/19/19 11:00 PM,13.7,7,0
05/20/19 12:00 AM,13.4,0,0
05/20/19 01:00 AM,13.0,5,0
05/20/19 02:00 AM,12.7,14,0
05/20/19 03:00 AM,12.6,15,0
05/20/19 04:00 AM,12.2,8,0
05/20/19 05:00 AM,11.8,7,0
05/20/19 06:00 AM,12.2,4,14
05/20/19 07:00 AM,14.1,2,135
05/20/19 08:00 AM,15.8,1,319
05/20/19 09:00 AM,17.4,1,517
05/20/19 10:00 AM,19.0,1,691
05/20/19 11:00 AM,21.2,37,831
05/20/19 12:00 PM,21.7,68,842
05/20/19 01:00 PM,22.6,69,728
05/20/19 02:00 PM,23.1,29,823
05/20/19 03:00 PM,22.8,6,795
05/20/19 04:00 PM,21.1,0,637
05/20/19 05:00 PM,20.6,2,539
05/20/19 06:00 PM,19.3,1,339
05/20/19 07:00 PM,17.9,0,151
05/20/19 08:00 PM,16.5,1,20
05/20/19 09:00 PM,15.6,1,0
05/20/19 10:00 PM,15.1,1,0
05/20/19 11:00 PM,14.7,2,0
05/21/19 12:00 AM,14.5,40,0
05/21/19 01:00 AM,14.2,34,0
05/21/19 02:00 AM,14.1,39,0
05/21/19 03:00 AM,14.3,73,0
05/21/19 04:00 AM,14.4,91,0
05/21/19 05:00 AM,14.0,92,0
05/21/19 06:00 AM,15.2,100,8
05/21/19 07:00 AM,16.4,100,63
05/21/19 08:00 AM,17.4,86,139
05/21/19 09:00 AM,18.5,81,262
05/21/19 10:00 AM,19.8,71,465
05/21/19 11:00 AM,20.5,64,559
05/21/19 12:00 PM,21.5,89,652
05/21/19 01:00 PM,22.4,90,574
05/21/19 02:00 PM,23.3,83,821
05/21/19 03:00 PM,23.0,51,786
05/21/19 04:00 PM,21.9,14,680
05/21/19 05:00 PM,20.4,7,473
05/21/19 06:00 PM,20.0,2,344
05/21/19 07:00 PM,19.0,4,154
05/21/19 08:00 PM,17.3,1,21
05/21/19 09:00 PM,16.4,1,0
05/21/19 10:00 PM,16.0,11,0
05/21/19 11:00 PM,15.6,8,0
05/22/19 12:00 AM,15.2,6,0
05/22/19 01:00 AM,14.8,4,0
05/22/19 02:00 AM,14.4,4,0
05/22/19 03:00 AM,14.0,5,0
05/22/19 04:00 AM,13.7,7,0
05/22/19 05:00 AM,13.5,5,0
05/22/19 06:00 AM,14.0,4,16
05/22/19 07:00 AM,16.1,4,142
05/22/19 08:00 AM,18.0,0,329
05/22/19 09:00 AM,19.8,0,527
05/22/19 10:00 AM,21.6,8,705
05/22/19 11:00 AM,23.0,14,846
05/22/19 12:00 PM,24.1,0,931
05/22/19 01:00 PM,25.7,4,967
05/22/19 02:00 PM,26.3,4,936
05/22/19 03:00 PM,26.6,10,843
05/22/19 04:00 PM,25.5,4,697
05/22/19 05:00 PM,24.0,0,538
05/22/19 06:00 PM,22.3,0,350
05/22/19 07:00 PM,20.1,0,159
05/22/19 08:00 PM,18.0,0,22
05/22/19 09:00 PM,16.9,2,0
05/22/19 10:00 PM,16.0,3,0
05/22/19 11:00 PM,15.3,14,0
05/23/19 12:00 AM,14.9,51,0
05/23/19 01:00 AM,15.0,52,0
05/23/19 02:00 AM,14.6,27,0
05/23/19 03:00 AM,14.2,30,0
05/23/19 04:00 AM,14.1,24,0
05/23/19 05:00 AM,13.9,8,0
05/23/19 06:00 AM,14.4,2,16
05/23/19 07:00 AM,16.3,24,142
05/23/19 08:00 AM,18.0,0,316
05/23/19 09:00 AM,19.6,16,523
05/23/19 10:00 AM,21.6,2,696
05/23/19 11:00 AM,23.3,14,843
05/23/19 12:00 PM,25.1,21,929
05/23/19 01:00 PM,26.2,30,959
05/23/19 02:00 PM,25.7,33,887
05/23/19 03:00 PM,25.6,96,743
05/23/19 04:00 PM,22.3,30,346
05/23/19 05:00 PM,21.1,30,261
05/23/19 06:00 PM,19.8,29,182
05/23/19 07:00 PM,18.5,29,122
05/23/19 08:00 PM,17.1,30,17
05/23/19 09:00 PM,15.8,30,0
05/23/19 10:00 PM,15.1,31,0
05/23/19 11:00 PM,14.9,30,0
05/24/19 12:00 AM,14.9,39,0
05/24/19 01:00 AM,14.9,30,0
05/24/19 02:00 AM,14.9,62,0
05/24/19 03:00 AM,14.7,31,0
05/24/19 04:00 AM,14.7,29,0
05/24/19 05:00 AM,14.5,30,0
05/24/19 06:00 AM,14.8,31,16
05/24/19 07:00 AM,16.0,28,128
05/24/19 08:00 AM,17.7,29,316
05/24/19 09:00 AM,19.4,28,500
05/24/19 10:00 AM,20.8,27,655
05/24/19 11:00 AM,22.2,21,806
05/24/19 12:00 PM,23.0,21,936
05/24/19 01:00 PM,23.4,29,969
05/24/19 02:00 PM,23.7,28,921
05/24/19 03:00 PM,23.6,29,838
05/24/19 04:00 PM,23.1,28,712
05/24/19 05:00 PM,22.0,26,532
05/24/19 06:00 PM,20.7,25,336
05/24/19 07:00 PM,18.9,22,156
05/24/19 08:00 PM,17.5,20,23
05/24/19 09:00 PM,16.9,12,0
05/24/19 10:00 PM,16.6,0,0
05/24/19 11:00 PM,16.5,0,0
05/25/19 12:00 AM,16.0,0,0
05/25/19 01:00 AM,15.8,4,0
05/25/19 02:00 AM,15.6,0,0
05/25/19 03:00 AM,15.4,19,0
05/25/19 04:00 AM,15.2,24,0
05/25/19 05:00 AM,15.3,24,0
05/25/19 06:00 AM,16.0,22,18
05/25/19 07:00 AM,18.4,25,144
05/25/19 08:00 AM,20.7,17,331
05/25/19 09:00 AM,22.6,18,531
05/25/19 10:00 AM,24.5,22,710
05/25/19 11:00 AM,26.2,20,849
05/25/19 12:00 PM,27.0,10,937
05/25/19 01:00 PM,28.4,0,970
05/25/19 02:00 PM,29.3,3,944
05/25/19 03:00 PM,29.9,5,859
05/25/19 04:00 PM,30.0,7,724
05/25/19 05:00 PM,25.7,0,551
05/25/19 06:00 PM,25.1,0,352
05/25/19 07:00 PM,23.4,0,163
05/25/19 08:00 PM,21.1,0,25
05/25/19 09:00 PM,20.2,0,0
05/25/19 10:00 PM,19.4,0,0
05/25/19 11:00 PM,18.7,0,0
05/26/19 12:00 AM,18.2,0,0
05/26/19 01:00 AM,17.7,0,0
05/26/19 02:00 AM,17.2,0,0
05/26/19 03:00 AM,16.7,0,0
05/26/19 04:00 AM,16.3,0,0
05/26/19 05:00 AM,16.0,0,0
05/26/19 06:00 AM,16.3,0,19
05/26/19 07:00 AM,18.4,0,149
05/26/19 08:00 AM,21.7,0,338
05/26/19 09:00 AM,24.8,0,534
05/26/19 10:00 AM,27.3,0,712
05/26/19 11:00 AM,29.1,0,852
05/26/19 12:00 PM,29.9,0,944
05/26/19 01:00 PM,31.3,0,976
05/26/19 02:00 PM,31.7,0,948
05/26/19 03:00 PM,30.4,0,860
05/26/19 04:00 PM,29.4,0,719
05/26/19 05:00 PM,27.8,0,550
05/26/19 06:00 PM,25.3,0,358
05/26/19 07:00 PM,22.6,0,168
05/26/19 08:00 PM,20.2,0,26
05/26/19 09:00 PM,18.8,0,0
05/26/19 10:00 PM,18.3,0,0
05/26/19 11:00 PM,17.8,0,0
05/27/19 12:00 AM,16.8,1,0
05/27/19 01:00 AM,16.3,6,0
05/27/19 02:00 AM,16.0,1,0
05/27/19 03:00 AM,15.9,10,0
05/27/19 04:00 AM,15.3,5,0
05/27/19 05:00 AM,15.0,5,0
05/27/19 06:00 AM,15.4,12,19
05/27/19 07:00 AM,16.8,4,147
05/27/19 08:00 AM,18.7,1,336
05/27/19 09:00 AM,21.0,0,530
05/27/19 10:00 AM,23.4,0,706
05/27/19 11:00 AM,25.4,0,843
05/27/19 12:00 PM,26.0,0,931
05/27/19 01:00 PM,27.0,10,958
05/27/19 02:00 PM,26.2,9,931
05/27/19 03:00 PM,25.4,0,847
05/27/19 04:00 PM,24.3,9,715
05/27/19 05:00 PM,22.8,0,547
05/27/19 06:00 PM,21.2,0,360
05/27/19 07:00 PM,18.8,0,169
05/27/19 08:00 PM,17.3,1,27
05/27/19 09:00 PM,16.3,2,0
05/27/19 10:00 PM,15.8,1,0
05/27/19 11:00 PM,15.6,22,0
05/28/19 12:00 AM,14.9,19,0
05/28/19 01:00 AM,14.8,13,0
05/28/19 02:00 AM,14.7,2,0
05/28/19 03:00 AM,14.6,23,0
05/28/19 04:00 AM,14.4,21,0
05/28/19 05:00 AM,14.2,4,0
05/28/19 06:00 AM,14.5,2,20
05/28/19 07:00 AM,15.9,0,154
05/28/19 08:00 AM,18.1,0,347
05/28/19 09:00 AM,20.9,7,543
05/28/19 10:00 AM,23.6,0,719
05/28/19 11:00 AM,26.3,0,857
05/28/19 12:00 PM,27.6,0,945
05/28/19 01:00 PM,30.0,0,973
05/28/19 02:00 PM,31.4,0,945
05/28/19 03:00 PM,31.2,0,859
05/28/19 04:00 PM,29.1,0,722
05/28/19 05:00 PM,27.8,0,550
05/28/19 06:00 PM,26.2,0,359
05/28/19 07:00 PM,24.2,0,170
05/28/19 08:00 PM,21.9,0,28
05/28/19 09:00 PM,20.6,0,0
05/28/19 10:00 PM,19.8,0,0
05/28/19 11:00 PM,19.3,0,0
05/29/19 12:00 AM,18.8,0,0
05/29/19 01:00 AM,18.4,0,0
05/29/19 02:00 AM,18.1,0,0
05/29/19 03:00 AM,18.0,0,0
05/29/19 04:00 AM,18.4,0,0
05/29/19 05:00 AM,18.6,0,0
05/29/19 06:00 AM,19.0,0,21
05/29/19 07:00 AM,21.3,0,158
05/29/19 08:00 AM,23.9,0,351
05/29/19 09:00 AM,26.4,0,548
05/29/19 10:00 AM,28.6,0,723
05/29/19 11:00 AM,30.3,0,862
05/29/19 12:00 PM,31.5,0,953
05/29/19 01:00 PM,32.7,0,982
05/29/19 02:00 PM,33.3,0,957
05/29/19 03:00 PM,33.7,0,873
05/29/19 04:00 PM,34.2,0,740
05/29/19 05:00 PM,33.9,0,567
05/29/19 06:00 PM,33.0,0,371
05/29/19 07:00 PM,31.5,0,176
05/29/19 08:00 PM,28.0,0,30
05/29/19 09:00 PM,25.2,0,0
05/29/19 10:00 PM,24.1,0,0
05/29/19 11:00 PM,23.4,0,0
05/30/19 12:00 AM,23.1,0,0
05/30/19 01:00 AM,22.6,0,0
05/30/19 02:00 AM,22.1,0,0
05/30/19 03:00 AM,21.5,0,0
05/30/19 04:00 AM,20.9,0,0
05/30/19 05:00 AM,19.7,0,0
05/30/19 06:00 AM,20.4,0,22
05/30/19 07:00 AM,22.9,0,158
05/30/19 08:00 AM,25.1,0,351
05/30/19 09:00 AM,27.2,0,549
05/30/19 10:00 AM,29.2,0,725
05/30/19 11:00 AM,31.1,0,863
05/30/19 12:00 PM,33.4,0,952
05/30/19 01:00 PM,34.8,0,984
05/30/19 02:00 PM,35.8,0,957
05/30/19 03:00 PM,35.5,0,873
05/30/19 04:00 PM,34.7,0,742
05/30/19 05:00 PM,33.7,0,569
05/30/19 06:00 PM,32.4,0,371
05/30/19 07:00 PM,31.2,0,176
05/30/19 08:00 PM,27.2,0,30
05/30/19 09:00 PM,21.7,0,0
05/30/19 10:00 PM,19.6,0,0
05/30/19 11:00 PM,18.3,1,0
05/31/19 12:00 AM,18.1,0,0
05/31/19 01:00 AM,17.7,0,0
05/31/19 02:00 AM,17.6,0,0
05/31/19 03:00 AM,17.6,0,0
05/31/19 04:00 AM,17.2,0,0
05/31/19 05:00 AM,16.8,0,0
05/31/19 06:00 AM,17.2,0,22
05/31/19 07:00 AM,19.3,0,157
05/31/19 08:00 AM,22.0,0,347
05/31/19 09:00 AM,25.1,0,543
05/31/19 10:00 AM,28.0,0,718
05/31/19 11:00 AM,30.3,0,856
05/31/19 12:00 PM,31.4,0,946
05/31/19 01:00 PM,33.3,0,979
05/31/19 02:00 PM,34.4,0,951
05/31/19 03:00 PM,35.0,0,867
05/31/19 04:00 PM,35.4,0,733
05/31/19 05:00 PM,33.6,0,562
05/31/19 06:00 PM,30.6,0,367
05/31/19 07:00 PM,29.0,0,175
05/31/19 08:00 PM,26.5,0,31
05/31/19 09:00 PM,25.2,0,0
05/31/19 10:00 PM,24.9,0,0
05/31/19 11:00 PM,24.3,0,0
06/01/19 12:00 AM,22.8,0,0
06/01/19 01:00 AM,24.2,0,0
06/01/19 02:00 AM,23.7,0,0
06/01/19 03:00 AM,19.3,0,0
06/01/19 04:00 AM,17.2,1,0
06/01/19 05:00 AM,16.7,1,0
06/01/19 06:00 AM,17.8,0,22
06/01/19 07:00 AM,20.4,0,156
06/01/19 08:00 AM,22.9,0,345
06/01/19 09:00 AM,25.3,0,540
06/01/19 10:00 AM,27.1,0,714
06/01/19 11:00 AM,28.4,0,852
06/01/19 12:00 PM,29.1,0,941
06/01/19 01:00 PM,30.6,0,973
06/01/19 02:00 PM,31.6,0,946
06/01/19 03:00 PM,32.2,0,864
06/01/19 04:00 PM,32.2,0,734
06/01/19 05:00 PM,32.1,0,566
06/01/19 06:00 PM,31.3,0,373
06/01/19 07:00 PM,29.5,0,177
06/01/19 08:00 PM,27.3,0,32
06/01/19 09:00 PM,25.7,0,0
06/01/19 10:00 PM,24.7,0,0
06/01/19 11:00 PM,23.6,0,0
06/02/19 12:00 AM,22.9,19,0
06/02/19 01:00 AM,22.2,23,0
06/02/19 02:00 AM,21.7,26,0
06/02/19 03:00 AM,21.0,30,0
06/02/19 04:00 AM,20.9,30,0
06/02/19 05:00 AM,20.6,26,0
06/02/19 06:00 AM,20.5,17,21
06/02/19 07:00 AM,22.5,10,155
06/02/19 08:00 AM,24.9,12,349
06/02/19 09:00 AM,27.5,3,545
06/02/19 10:00 AM,29.8,15,720
06/02/19 11:00 AM,31.6,23,858
06/02/19 12:00 PM,32.6,0,943
06/02/19 01:00 PM,33.8,15,981
06/02/19 02:00 PM,34.2,21,955
06/02/19 03:00 PM,34.0,26,863
06/02/19 04:00 PM,33.0,29,685
06/02/19 05:00 PM,30.8,29,499
06/02/19 06:00 PM,27.7,29,292
06/02/19 07:00 PM,24.9,29,132
06/02/19 08:00 PM,22.8,29,26
06/02/19 09:00 PM,21.3,29,0
06/02/19 10:00 PM,20.3,29,0
06/02/19 11:00 PM,19.5,24,0
06/03/19 12:00 AM,19.1,28,0
06/03/19 01:00 AM,18.3,30,0
06/03/19 02:00 AM,17.7,30,0
06/03/19 03:00 AM,17.1,30,0
06/03/19 04:00 AM,16.5,23,0
06/03/19 05:00 AM,16.2,10,0
06/03/19 06:00 AM,16.6,11,22
06/03/19 07:00 AM,18.4,14,151
06/03/19 08:00 AM,20.2,4,328
06/03/19 09:00 AM,22.1,1,525
06/03/19 10:00 AM,24.1,0,702
06/03/19 11:00 AM,25.7,0,850
06/03/19 12:00 PM,26.5,0,937
06/03/19 01:00 PM,27.7,0,969
06/03/19 02:00 PM,27.8,0,937
06/03/19 03:00 PM,27.2,0,851
06/03/19 04:00 PM,26.2,0,720
06/03/19 05:00 PM,24.8,0,552
06/03/19 06:00 PM,23.3,0,365
06/03/19 07:00 PM,21.4,0,177
06/03/19 08:00 PM,19.4,0,33
06/03/19 09:00 PM,18.5,1,0
06/03/19 10:00 PM,18.0,4,0
06/03/19 11:00 PM,17.4,1,0
06/04/19 12:00 AM,17.8,22,0
06/04/19 01:00 AM,17.5,31,0
06/04/19 02:00 AM,17.4,41,0
06/04/19 03:00 AM,17.5,34,0
06/04/19 04:00 AM,17.4,80,0
06/04/19 05:00 AM,17.5,34,0
06/04/19 06:00 AM,17.4,30,18
06/04/19 07:00 AM,18.3,9,132
06/04/19 08:00 AM,19.6,28,313
06/04/19 09:00 AM,21.0,33,470
06/04/19 10:00 AM,22.5,96,588
06/04/19 11:00 AM,22.4,100,418
06/04/19 12:00 PM,19.9,100,446
06/04/19 01:00 PM,18.9,100,237
06/04/19 02:00 PM,18.4,100,143
06/04/19 03:00 PM,19.9,29,340
06/04/19 04:00 PM,21.1,23,620
06/04/19 05:00 PM,20.4,7,528
06/04/19 06:00 PM,19.0,8,368
06/04/19 07:00 PM,17.7,29,182
06/04/19 08:00 PM,16.8,24,35
06/04/19 09:00 PM,15.7,5,0
06/04/19 10:00 PM,15.5,10,0
06/04/19 11:00 PM,15.2,20,0
06/05/19 12:00 AM,15.3,14,0
06/05/19 01:00 AM,14.8,8,0
06/05/19 02:00 AM,14.6,21,0
06/05/19 03:00 AM,14.5,10,0
06/05/19 04:00 AM,14.3,12,0
06/05/19 05:00 AM,14.0,35,0
06/05/19 06:00 AM,14.6,51,21
06/05/19 07:00 AM,16.0,29,142
06/05/19 08:00 AM,16.9,50,293
06/05/19 09:00 AM,17.9,50,410
06/05/19 10:00 AM,19.0,77,520
06/05/19 11:00 AM,19.7,100,641
06/05/19 12:00 PM,19.6,100,755
06/05/19 01:00 PM,20.1,87,584
06/05/19 02:00 PM,21.2,5,799
06/05/19 03:00 PM,21.5,4,870
06/05/19 04:00 PM,20.5,6,750
06/05/19 05:00 PM,19.4,8,577
06/05/19 06:00 PM,18.6,4,380
06/05/19 07:00 PM,17.3,3,181
06/05/19 08:00 PM,16.0,0,35
06/05/19 09:00 PM,15.3,0,0
06/05/19 10:00 PM,14.6,0,0
06/05/19 11:00 PM,14.0,1,0
06/06/19 12:00 AM,13.6,0,0
06/06/19 01:00 AM,13.1,1,0
06/06/19 02:00 AM,12.4,12,0
06/06/19 03:00 AM,11.8,26,0
06/06/19 04:00 AM,11.4,15,0
06/06/19 05:00 AM,12.6,14,0
06/06/19 06:00 AM,12.9,6,23
06/06/19 07:00 AM,15.5,3,155
06/06/19 08:00 AM,17.1,33,343
06/06/19 09:00 AM,18.0,66,461
06/06/19 10:00 AM,18.6,59,544
06/06/19 11:00 AM,19.3,89,772
06/06/19 12:00 PM,17.6,100,687
06/06/19 01:00 PM,18.7,85,553
06/06/19 02:00 PM,19.2,84,547
06/06/19 03:00 PM,19.4,44,553
06/06/19 04:00 PM,19.3,100,582
06/06/19 05:00 PM,17.6,100,125
06/06/19 06:00 PM,17.4,100,84
06/06/19 07:00 PM,16.2,100,17
06/06/19 08:00 PM,15.5,100,7
06/06/19 09:00 PM,15.2,21,0
06/06/19 10:00 PM,14.3,18,0
06/06/19 11:00 PM,13.6,19,0
06/07/19 12:00 AM,13.4,1,0
06/07/19 01:00 AM,12.9,0,0
06/07/19 02:00 AM,12.5,1,0
06/07/19 03:00 AM,12.0,15,0
06/07/19 04:00 AM,12.1,15,0
06/07/19 05:00 AM,11.9,11,0
06/07/19 06:00 AM,13.0,14,23
06/07/19 07:00 AM,14.8,23,146
06/07/19 08:00 AM,16.0,42,301
06/07/19 09:00 AM,17.0,65,410
06/07/19 10:00 AM,18.1,100,511
06/07/19 11:00 AM,19.1,100,601
06/07/19 12:00 PM,19.7,100,650
06/07/19 01:00 PM,20.8,41,779
06/07/19 02:00 PM,21.6,14,871
06/07/19 03:00 PM,22.1,5,859
06/07/19 04:00 PM,21.6,3,737
06/07/19 05:00 PM,20.6,0,575
06/07/19 06:00 PM,19.1,0,385
06/07/19 07:00 PM,17.4,0,191
06/07/19 08:00 PM,15.9,0,38
06/07/19 09:00 PM,15.1,0,0
06/07/19 10:00 PM,14.4,0,0
06/07/19 11:00 PM,13.8,2,0
06/08/19 12:00 AM,13.7,1,0
06/08/19 01:00 AM,13.2,2,0
06/08/19 02:00 AM,12.7,1,0
06/08/19 03:00 AM,12.3,1,0
06/08/19 04:00 AM,12.0,0,0
06/08/19 05:00 AM,11.8,1,0
06/08/19 06:00 AM,12.2,19,25
06/08/19 07:00 AM,13.7,17,156
06/08/19 08:00 AM,15.1,19,289
06/08/19 09:00 AM,17.3,26,528
06/08/19 10:00 AM,18.8,15,611
06/08/19 11:00 AM,20.7,27,839
06/08/19 12:00 PM,22.2,25,865
06/08/19 01:00 PM,23.2,27,920
06/08/19 02:00 PM,23.4,16,897
06/08/19 03:00 PM,22.5,20,832
06/08/19 04:00 PM,21.3,12,708
06/08/19 05:00 PM,20.1,6,566
06/08/19 06:00 PM,18.7,0,384
06/08/19 07:00 PM,17.1,0,193
06/08/19 08:00 PM,15.6,0,40
06/08/19 09:00 PM,14.7,1,0
06/08/19 10:00 PM,14.1,1,0
06/08/19 11:00 PM,13.7,1,0
06/09/19 12:00 AM,13.5,1,0
06/09/19 01:00 AM,13.2,1,0
06/09/19 02:00 AM,13.1,0,0
06/09/19 03:00 AM,12.9,0,0
06/09/19 04:00 AM,12.7,0,0
06/09/19 05:00 AM,12.3,0,0
06/09/19 06:00 AM,13.0,0,24
06/09/19 07:00 AM,15.1,0,161
06/09/19 08:00 AM,16.6,8,349
06/09/19 09:00 AM,18.1,3,534
06/09/19 10:00 AM,19.6,1,711
06/09/19 11:00 AM,21.0,1,852
06/09/19 12:00 PM,22.1,72,944
06/09/19 01:00 PM,23.0,25,744
06/09/19 02:00 PM,22.2,2,831
06/09/19 03:00 PM,21.6,2,862
06/09/19 04:00 PM,21.3,8,738
06/09/19 05:00 PM,21.0,66,549
06/09/19 06:00 PM,19.4,6,303
06/09/19 07:00 PM,18.5,6,182
06/09/19 08:00 PM,17.4,9,38
06/09/19 09:00 PM,16.6,2,0
06/09/19 10:00 PM,15.9,0,0
06/09/19 11:00 PM,15.0,4,0
06/10/19 12:00 AM,14.8,10,0
06/10/19 01:00 AM,14.6,6,0
06/10/19 02:00 AM,14.3,4,0
06/10/19 03:00 AM,14.1,21,0
06/10/19 04:00 AM,14.0,37,0
06/10/19 05:00 AM,13.8,17,0
06/10/19 06:00 AM,14.1,3,24
06/10/19 07:00 AM,15.4,8,161
06/10/19 08:00 AM,16.8,26,352
06/10/19 09:00 AM,18.5,13,537
06/10/19 10:00 AM,20.3,15,719
06/10/19 11:00 AM,21.8,9,858
06/10/19 12:00 PM,22.8,19,949
06/10/19 01:00 PM,23.8,24,978
06/10/19 02:00 PM,24.0,20,956
06/10/19 03:00 PM,23.3,17,876
06/10/19 04:00 PM,21.8,18,747
06/10/19 05:00 PM,20.6,13,579
06/10/19 06:00 PM,18.9,14,384
06/10/19 07:00 PM,17.2,0,190
06/10/19 08:00 PM,16.0,0,40
06/10/19 09:00 PM,15.3,0,0
06/10/19 10:00 PM,14.9,0,0
06/10/19 11:00 PM,14.7,1,0
06/11/19 12:00 AM,14.5,1,0
06/11/19 01:00 AM,14.4,2,0
06/11/19 02:00 AM,14.3,18,0
06/11/19 03:00 AM,14.3,31,0
06/11/19 04:00 AM,14.7,24,0
06/11/19 05:00 AM,14.6,8,0
06/11/19 06:00 AM,15.1,9,22
06/11/19 07:00 AM,16.3,17,147
06/11/19 08:00 AM,17.7,1,327
06/11/19 09:00 AM,18.8,0,534
06/11/19 10:00 AM,20.4,0,711
06/11/19 11:00 AM,21.7,0,861
06/11/19 12:00 PM,22.5,1,958
06/11/19 01:00 PM,23.8,0,986
06/11/19 02:00 PM,24.2,0,964
06/11/19 03:00 PM,23.9,0,886
06/11/19 04:00 PM,22.5,0,755
06/11/19 05:00 PM,21.6,13,583
06/11/19 06:00 PM,20.0,0,392
06/11/19 07:00 PM,18.4,0,198
06/11/19 08:00 PM,16.9,0,42
06/11/19 09:00 PM,15.7,0,0
06/11/19 10:00 PM,15.3,0,0
06/11/19 11:00 PM,14.9,0,0
06/12/19 12:00 AM,14.8,4,0
06/12/19 01:00 AM,14.5,0,0
06/12/19 02:00 AM,14.1,1,0
06/12/19 03:00 AM,13.9,1,0
06/12/19 04:00 AM,13.7,0,0
06/12/19 05:00 AM,13.4,0,0
06/12/19 06:00 AM,13.6,0,26
06/12/19 07:00 AM,15.0,0,168
06/12/19 08:00 AM,16.6,0,364
06/12/19 09:00 AM,18.6,0,566
06/12/19 10:00 AM,20.5,0,746
06/12/19 11:00 AM,22.0,0,888
06/12/19 12:00 PM,23.3,0,979
06/12/19 01:00 PM,24.3,0,1014
06/12/19 02:00 PM,24.1,0,986
06/12/19 03:00 PM,23.5,0,900
06/12/19 04:00 PM,22.4,0,768
06/12/19 05:00 PM,21.1,0,598
06/12/19 06:00 PM,19.4,0,405
06/12/19 07:00 PM,17.5,0,205
06/12/19 08:00 PM,16.0,0,44
06/12/19 09:00 PM,15.0,1,0
06/12/19 10:00 PM,14.2,4,0
06/12/19 11:00 PM,13.8,1,0
06/13/19 12:00 AM,13.9,28,0
06/13/19 01:00 AM,13.8,34,0
06/13/19 02:00 AM,13.7,25,0
06/13/19 03:00 AM,13.4,10,0
06/13/19 04:00 AM,13.1,4,0
06/13/19 05:00 AM,12.8,5,0
06/13/19 06:00 AM,13.4,11,25
06/13/19 07:00 AM,14.9,25,160
06/13/19 08:00 AM,16.2,35,336
06/13/19 09:00 AM,17.5,50,491
06/13/19 10:00 AM,18.9,39,648
06/13/19 11:00 AM,20.2,19,835
06/13/19 12:00 PM,21.4,16,914
06/13/19 01:00 PM,22.3,10,988
06/13/19 02:00 PM,22.2,16,954
06/13/19 03:00 PM,22.1,10,880
06/13/19 04:00 PM,21.5,0,722
06/13/19 05:00 PM,20.1,0,587
06/13/19 06:00 PM,18.7,0,394
06/13/19 07:00 PM,17.5,0,200
06/13/19 08:00 PM,16.1,0,44
06/13/19 09:00 PM,15.4,1,0
06/13/19 10:00 PM,14.7,1,0
06/13/19 11:00 PM,14.0,0,0
06/14/19 12:00 AM,13.5,29,0
06/14/19 01:00 AM,13.3,44,0
06/14/19 02:00 AM,13.3,28,0
06/14/19 03:00 AM,13.0,18,0
06/14/19 04:00 AM,12.6,14,0
06/14/19 05:00 AM,12.2,8,0
06/14/19 06:00 AM,13.0,15,24
06/14/19 07:00 AM,15.0,19,156
06/14/19 08:00 AM,16.1,62,303
06/14/19 09:00 AM,17.3,40,381
06/14/19 10:00 AM,18.7,78,556
06/14/19 11:00 AM,18.7,86,489
06/14/19 12:00 PM,18.0,100,418
06/14/19 01:00 PM,18.6,100,474
06/14/19 02:00 PM,18.6,100,350
06/14/19 03:00 PM,18.9,100,332
06/14/19 04:00 PM,18.7,70,271
06/14/19 05:00 PM,18.9,50,378
06/14/19 06:00 PM,18.3,29,288
06/14/19 07:00 PM,17.4,9,165
06/14/19 08:00 PM,16.0,4,42
06/14/19 09:00 PM,15.0,2,0
06/14/19 10:00 PM,14.3,1,0
06/14/19 11:00 PM,13.7,1,0
06/15/19 12:00 AM,13.6,2,0
06/15/19 01:00 AM,13.3,2,0
06/15/19 02:00 AM,12.9,3,0
06/15/19 03:00 AM,12.4,2,0
06/15/19 04:00 AM,11.5,1,0
06/15/19 05:00 AM,11.2,1,0
06/15/19 06:00 AM,12.1,1,24
06/15/19 07:00 AM,14.3,1,147
06/15/19 08:00 AM,16.6,30,349
06/15/19 09:00 AM,18.4,30,525
06/15/19 10:00 AM,19.9,21,682
06/15/19 11:00 AM,21.0,24,805
06/15/19 12:00 PM,21.0,58,895
06/15/19 01:00 PM,21.8,84,740
06/15/19 02:00 PM,22.5,90,749
06/15/19 03:00 PM,23.2,51,764
06/15/19 04:00 PM,23.3,86,746
06/15/19 05:00 PM,21.7,1,469
06/15/19 06:00 PM,20.8,2,389
06/15/19 07:00 PM,19.3,7,197
06/15/19 08:00 PM,17.8,25,44
06/15/19 09:00 PM,16.8,30,0
06/15/19 10:00 PM,15.9,30,0
06/15/19 11:00 PM,15.3,30,0
06/16/19 12:00 AM,15.0,30,0
06/16/19 01:00 AM,14.8,29,0
06/16/19 02:00 AM,14.4,27,0
06/16/19 03:00 AM,14.1,22,0
06/16/19 04:00 AM,13.3,28,0
06/16/19 05:00 AM,12.9,27,0
06/16/19 06:00 AM,13.4,30,23
06/16/19 07:00 AM,15.1,30,136
06/16/19 08:00 AM,16.7,30,273
06/16/19 09:00 AM,18.6,30,438
06/16/19 10:00 AM,20.3,30,582
06/16/19 11:00 AM,21.9,30,722
06/16/19 12:00 PM,22.9,30,819
06/16/19 01:00 PM,24.3,29,882
06/16/19 02:00 PM,25.3,23,903
06/16/19 03:00 PM,25.9,0,862
06/16/19 04:00 PM,25.4,0,754
06/16/19 05:00 PM,23.3,0,584
06/16/19 06:00 PM,21.6,0,392
06/16/19 07:00 PM,19.8,0,201
06/16/19 08:00 PM,18.0,0,45
06/16/19 09:00 PM,16.9,0,0
06/16/19 10:00 PM,15.8,0,0
06/16/19 11:00 PM,14.9,1,0
06/17/19 12:00 AM,14.1,3,0
06/17/19 01:00 AM,13.5,14,0
06/17/19 02:00 AM,13.1,34,0
06/17/19 03:00 AM,12.5,35,0
06/17/19 04:00 AM,12.2,38,0
06/17/19 05:00 AM,11.9,43,0
06/17/19 06:00 AM,13.1,32,21
06/17/19 07:00 AM,14.5,45,156
06/17/19 08:00 AM,16.2,9,331
06/17/19 09:00 AM,18.4,11,543
06/17/19 10:00 AM,20.2,25,686
06/17/19 11:00 AM,21.6,44,790
06/17/19 12:00 PM,22.2,26,775
06/17/19 01:00 PM,22.7,14,802
06/17/19 02:00 PM,23.3,27,939
06/17/19 03:00 PM,23.0,33,806
06/17/19 04:00 PM,22.0,82,698
06/17/19 05:00 PM,19.0,47,230
06/17/19 06:00 PM,18.6,13,242
06/17/19 07:00 PM,17.6,2,186
06/17/19 08:00 PM,16.2,0,45
06/17/19 09:00 PM,15.5,0,0
06/17/19 10:00 PM,15.3,0,0
06/17/19 11:00 PM,15.2,0,0
06/18/19 12:00 AM,15.6,1,0
06/18/19 01:00 AM,15.6,12,0
06/18/19 02:00 AM,15.8,59,0
06/18/19 03:00 AM,16.2,100,0
06/18/19 04:00 AM,16.6,100,0
06/18/19 05:00 AM,16.6,100,0
06/18/19 06:00 AM,16.7,94,6
06/18/19 07:00 AM,17.2,72,75
06/18/19 08:00 AM,18.3,47,270
06/18/19 09:00 AM,19.2,57,407
06/18/19 10:00 AM,19.7,46,509
06/18/19 11:00 AM,20.5,40,665
06/18/19 12:00 PM,20.7,99,729
06/18/19 01:00 PM,21.4,41,680
06/18/19 02:00 PM,21.7,26,731
06/18/19 03:00 PM,21.6,16,736
06/18/19 04:00 PM,21.4,36,668
06/18/19 05:00 PM,20.8,50,508
06/18/19 06:00 PM,19.6,60,292
06/18/19 07:00 PM,18.7,58,137
06/18/19 08:00 PM,17.8,65,32
06/18/19 09:00 PM,17.5,87,0
06/18/19 10:00 PM,17.4,93,0
06/18/19 11:00 PM,17.6,91,0
06/19/19 12:00 AM,17.5,100,0
06/19/19 01:00 AM,17.6,100,0
06/19/19 02:00 AM,17.5,100,0
06/19/19 03:00 AM,17.3,100,0
06/19/19 04:00 AM,17.2,100,0
06/19/19 05:00 AM,17.1,92,0
06/19/19 06:00 AM,17.2,93,9
06/19/19 07:00 AM,17.9,75,58
06/19/19 08:00 AM,18.8,91,161
06/19/19 09:00 AM,19.5,68,225
06/19/19 10:00 AM,20.8,44,493
06/19/19 11:00 AM,21.4,10,622
06/19/19 12:00 PM,22.8,7,809
06/19/19 01:00 PM,23.6,17,947
06/19/19 02:00 PM,23.5,46,903
06/19/19 03:00 PM,23.4,86,831
06/19/19 04:00 PM,22.7,97,551
06/19/19 05:00 PM,22.2,66,411
06/19/19 06:00 PM,21.6,83,309
06/19/19 07:00 PM,21.0,100,125
06/19/19 08:00 PM,19.8,47,32
06/19/19 09:00 PM,18.3,21,0
06/19/19 10:00 PM,17.4,6,0
06/19/19 11:00 PM,16.7,10,0
06/20/19 12:00 AM,16.7,38,0
06/20/19 01:00 AM,16.4,46,0
06/20/19 02:00 AM,15.9,39,0
06/20/19 03:00 AM,15.6,30,0
06/20/19 04:00 AM,15.1,15,0
06/20/19 05:00 AM,14.8,40,0
06/20/19 06:00 AM,15.4,49,20
06/20/19 07:00 AM,16.8,38,130
06/20/19 08:00 AM,18.3,30,312
06/20/19 09:00 AM,19.9,90,458
06/20/19 10:00 AM,20.4,90,375
06/20/19 11:00 AM,20.6,90,335
06/20/19 12:00 PM,20.6,90,266
06/20/19 01:00 PM,22.0,75,451
06/20/19 02:00 PM,22.7,92,595
06/20/19 03:00 PM,22.9,100,490
06/20/19 04:00 PM,21.9,90,487
06/20/19 05:00 PM,22.0,30,464
06/20/19 06:00 PM,20.8,35,332
06/20/19 07:00 PM,19.1,10,184
06/20/19 08:00 PM,17.5,12,42
06/20/19 09:00 PM,16.7,7,0
06/20/19 10:00 PM,16.0,5,0
06/20/19 11:00 PM,15.5,10,0
06/21/19 12:00 AM,15.6,19,0
06/21/19 01:00 AM,15.3,28,0
06/21/19 02:00 AM,15.1,34,0
06/21/19 03:00 AM,14.8,24,0
06/21/19 04:00 AM,14.6,14,0
06/21/19 05:00 AM,14.3,26,0
06/21/19 06:00 AM,15.1,100,22
06/21/19 07:00 AM,16.5,29,136
06/21/19 08:00 AM,17.9,7,341
06/21/19 09:00 AM,19.4,1,538
06/21/19 10:00 AM,21.1,0,712
06/21/19 11:00 AM,22.7,0,852
06/21/19 12:00 PM,24.5,10,944
06/21/19 01:00 PM,25.5,14,982
06/21/19 02:00 PM,25.9,10,960
06/21/19 03:00 PM,25.5,28,880
06/21/19 04:00 PM,24.7,20,731
06/21/19 05:00 PM,23.9,20,563
06/21/19 06:00 PM,22.8,13,386
06/21/19 07:00 PM,21.0,1,205
06/21/19 08:00 PM,18.9,0,48
06/21/19 09:00 PM,17.4,2,0
06/21/19 10:00 PM,16.3,19,0
06/21/19 11:00 PM,15.5,19,0
06/22/19 12:00 AM,15.2,25,0
06/22/19 01:00 AM,14.7,27,0
06/22/19 02:00 AM,14.2,22,0
06/22/19 03:00 AM,13.6,4,0
06/22/19 04:00 AM,13.3,22,0
06/22/19 05:00 AM,13.0,26,0
06/22/19 06:00 AM,13.9,19,23
06/22/19 07:00 AM,15.9,32,154
06/22/19 08:00 AM,17.9,29,304
06/22/19 09:00 AM,20.1,29,453
06/22/19 10:00 AM,22.6,29,675
06/22/19 11:00 AM,24.1,29,810
06/22/19 12:00 PM,24.8,29,911
06/22/19 01:00 PM,25.6,29,920
06/22/19 02:00 PM,26.4,28,946
06/22/19 03:00 PM,25.8,29,871
06/22/19 04:00 PM,24.8,28,729
06/22/19 05:00 PM,23.6,28,575
06/22/19 06:00 PM,22.1,13,383
06/22/19 07:00 PM,20.2,27,192
06/22/19 08:00 PM,18.3,24,46
06/22/19 09:00 PM,17.4,26,0
06/22/19 10:00 PM,17.0,28,0
06/22/19 11:00 PM,16.6,29,0
06/23/19 12:00 AM,16.8,29,0
06/23/19 01:00 AM,16.6,31,0
06/23/19 02:00 AM,16.6,52,0
06/23/19 03:00 AM,16.8,100,0
06/23/19 04:00 AM,17.3,100,0
06/23/19 05:00 AM,17.4,100,0
06/23/19 06:00 AM,17.6,100,7
06/23/19 07:00 AM,17.8,100,30
06/23/19 08:00 AM,18.3,100,90
06/23/19 09:00 AM,18.2,100,75
06/23/19 10:00 AM,18.4,100,133
06/23/19 11:00 AM,19.4,100,253
06/23/19 12:00 PM,20.0,100,423
06/23/19 01:00 PM,19.9,100,185
06/23/19 02:00 PM,20.2,100,207
06/23/19 03:00 PM,21.0,100,253
06/23/19 04:00 PM,22.1,100,357
06/23/19 05:00 PM,21.5,100,220
06/23/19 06:00 PM,21.1,100,134
06/23/19 07:00 PM,20.2,70,94
06/23/19 08:00 PM,19.7,74,27
06/23/19 09:00 PM,19.2,65,0
06/23/19 10:00 PM,18.6,78,0
06/23/19 11:00 PM,18.1,69,0
06/24/19 12:00 AM,18.6,100,0
06/24/19 01:00 AM,18.5,100,0
06/24/19 02:00 AM,18.2,94,0
06/24/19 03:00 AM,17.8,89,0
06/24/19 04:00 AM,17.4,85,0
06/24/19 05:00 AM,16.9,46,0
06/24/19 06:00 AM,17.1,63,13
06/24/19 07:00 AM,18.0,44,71
06/24/19 08:00 AM,18.8,58,171
06/24/19 09:00 AM,19.4,24,182
06/24/19 10:00 AM,21.5,29,511
06/24/19 11:00 AM,23.0,43,711
06/24/19 12:00 PM,22.0,49,734
06/24/19 01:00 PM,22.5,61,615
06/24/19 02:00 PM,20.4,60,182
06/24/19 03:00 PM,21.2,59,266
06/24/19 04:00 PM,22.2,35,445
06/24/19 05:00 PM,22.3,20,411
06/24/19 06:00 PM,21.8,29,313
06/24/19 07:00 PM,21.1,47,136
06/24/19 08:00 PM,20.1,59,25
06/24/19 09:00 PM,19.6,58,0
06/24/19 10:00 PM,18.8,48,0
06/24/19 11:00 PM,18.1,44,0
06/25/19 12:00 AM,18.2,58,0
06/25/19 01:00 AM,18.1,43,0
06/25/19 02:00 AM,17.3,56,0
06/25/19 03:00 AM,17.1,26,0
06/25/19 04:00 AM,15.8,26,0
06/25/19 05:00 AM,15.5,50,0
06/25/19 06:00 AM,16.6,51,12
06/25/19 07:00 AM,17.4,54,53
06/25/19 08:00 AM,18.6,76,120
06/25/19 09:00 AM,19.3,43,161
06/25/19 10:00 AM,21.3,11,479
06/25/19 11:00 AM,23.2,25,734
06/25/19 12:00 PM,22.5,100,739
06/25/19 01:00 PM,23.8,38,457
06/25/19 02:00 PM,26.3,19,828
06/25/19 03:00 PM,27.1,17,813
06/25/19 04:00 PM,26.6,25,658
06/25/19 05:00 PM,25.3,32,477
06/25/19 06:00 PM,23.9,23,317
06/25/19 07:00 PM,22.9,20,157
06/25/19 08:00 PM,21.7,30,39
06/25/19 09:00 PM,20.7,21,0
06/25/19 10:00 PM,19.9,12,0
06/25/19 11:00 PM,18.8,9,0
06/26/19 12:00 AM,19.0,78,0
06/26/19 01:00 AM,18.4,80,0
06/26/19 02:00 AM,17.8,100,0
06/26/19 03:00 AM,17.4,100,0
06/26/19 04:00 AM,18.0,100,0
06/26/19 05:00 AM,18.1,100,0
06/26/19 06:00 AM,18.2,100,7
06/26/19 07:00 AM,18.5,100,43
06/26/19 08:00 AM,19.2,100,127
06/26/19 09:00 AM,19.5,100,200
06/26/19 10:00 AM,19.7,97,202
06/26/19 11:00 AM,21.7,82,546
06/26/19 12:00 PM,22.4,55,681
06/26/19 01:00 PM,24.6,14,874
06/26/19 02:00 PM,25.0,8,854
06/26/19 03:00 PM,24.9,4,751
06/26/19 04:00 PM,24.7,7,714
06/26/19 05:00 PM,23.8,6,534
06/26/19 06:00 PM,22.4,4,342
06/26/19 07:00 PM,20.7,4,193
06/26/19 08:00 PM,18.8,4,47
06/26/19 09:00 PM,17.6,3,0
06/26/19 10:00 PM,16.8,2,0
06/26/19 11:00 PM,16.1,1,0
06/27/19 12:00 AM,16.0,0,0
06/27/19 01:00 AM,15.3,0,0
06/27/19 02:00 AM,14.5,0,0
06/27/19 03:00 AM,14.0,1,0
06/27/19 04:00 AM,14.0,88,0
06/27/19 05:00 AM,14.7,90,0
06/27/19 06:00 AM,15.3,90,16
06/27/19 07:00 AM,16.5,18,130
06/27/19 08:00 AM,18.7,0,289
06/27/19 09:00 AM,20.5,6,535
06/27/19 10:00 AM,21.7,43,687
06/27/19 11:00 AM,22.6,70,750
06/27/19 12:00 PM,23.3,0,743
06/27/19 01:00 PM,24.0,2,966
06/27/19 02:00 PM,24.5,2,945
06/27/19 03:00 PM,24.7,1,871
06/27/19 04:00 PM,24.4,0,753
06/27/19 05:00 PM,23.6,0,589
06/27/19 06:00 PM,22.4,0,401
06/27/19 07:00 PM,21.2,0,209
06/27/19 08:00 PM,19.6,0,50
06/27/19 09:00 PM,18.5,0,0
06/27/19 10:00 PM,17.5,0,0
06/27/19 11:00 PM,17.0,1,0
06/28/19 12:00 AM,16.9,1,0
06/28/19 01:00 AM,16.5,2,0
06/28/19 02:00 AM,16.3,2,0
06/28/19 03:00 AM,16.3,4,0
06/28/19 04:00 AM,16.2,12,0
06/28/19 05:00 AM,15.9,26,0
06/28/19 06:00 AM,16.0,33,20
06/28/19 07:00 AM,17.3,22,132
06/28/19 08:00 AM,19.1,0,328
06/28/19 09:00 AM,21.5,0,523
06/28/19 10:00 AM,23.9,0,693
06/28/19 11:00 AM,26.0,0,828
06/28/19 12:00 PM,27.4,0,917
06/28/19 01:00 PM,28.9,0,950
06/28/19 02:00 PM,29.7,0,931
06/28/19 03:00 PM,29.2,0,856
06/28/19 04:00 PM,28.1,0,730
06/28/19 05:00 PM,26.6,0,569
06/28/19 06:00 PM,24.7,0,385
06/28/19 07:00 PM,22.5,0,199
06/28/19 08:00 PM,20.4,0,47
06/28/19 09:00 PM,19.2,0,0
06/28/19 10:00 PM,18.6,0,0
06/28/19 11:00 PM,18.1,1,0
06/29/19 12:00 AM,17.7,0,0
06/29/19 01:00 AM,17.5,0,0
06/29/19 02:00 AM,17.1,2,0
06/29/19 03:00 AM,17.0,1,0
06/29/19 04:00 AM,16.8,1,0
06/29/19 05:00 AM,16.6,2,0
06/29/19 06:00 AM,17.0,3,20
06/29/19 07:00 AM,18.5,1,147
06/29/19 08:00 AM,20.3,18,332
06/29/19 09:00 AM,22.2,21,490
06/29/19 10:00 AM,23.8,33,598
06/29/19 11:00 AM,25.1,18,633
06/29/19 12:00 PM,27.1,11,885
06/29/19 01:00 PM,28.2,23,935
06/29/19 02:00 PM,27.0,0,862
06/29/19 03:00 PM,27.4,0,858
06/29/19 04:00 PM,26.9,0,735
06/29/19 05:00 PM,26.0,0,573
06/29/19 06:00 PM,23.8,0,388
06/29/19 07:00 PM,22.2,0,200
06/29/19 08:00 PM,20.3,0,47
06/29/19 09:00 PM,19.0,2,0
06/29/19 10:00 PM,18.2,4,0
06/29/19 11:00 PM,17.8,0,0
06/30/19 12:00 AM,17.5,2,0
06/30/19 01:00 AM,17.4,2,0
06/30/19 02:00 AM,17.2,1,0
06/30/19 03:00 AM,16.9,1,0
06/30/19 04:00 AM,16.8,8,0
06/30/19 05:00 AM,16.7,3,0
06/30/19 06:00 AM,17.2,3,19
06/30/19 07:00 AM,18.6,4,145
06/30/19 08:00 AM,20.1,4,322
06/30/19 09:00 AM,21.7,2,515
06/30/19 10:00 AM,23.2,4,693
06/30/19 11:00 AM,24.5,7,831
06/30/19 12:00 PM,25.2,11,928
06/30/19 01:00 PM,26.0,11,960
06/30/19 02:00 PM,26.2,12,939
06/30/19 03:00 PM,26.3,8,868
06/30/19 04:00 PM,25.7,1,745
06/30/19 05:00 PM,24.4,0,584
06/30/19 06:00 PM,22.7,0,397
06/30/19 07:00 PM,20.9,0,206
06/30/19 08:00 PM,19.4,0,49
06/30/19 09:00 PM,18.3,1,0
06/30/19 10:00 PM,17.8,1,0
06/30/19 11:00 PM,17.4,0,0
07/01/19 12:00 AM,17.0,19,0
07/01/19 01:00 AM,16.8,32,0
07/01/19 02:00 AM,16.8,24,0
07/01/19 03:00 AM,16.9,46,0
07/01/19 04:00 AM,17.0,55,0
07/01/19 05:00 AM,16.9,38,0
07/01/19 06:00 AM,17.0,38,18
07/01/19 07:00 AM,18.2,33,134
07/01/19 08:00 AM,19.4,60,289
07/01/19 09:00 AM,20.8,48,439
07/01/19 10:00 AM,22.3,3,674
07/01/19 11:00 AM,23.5,0,838
07/01/19 12:00 PM,24.6,8,939
07/01/19 01:00 PM,25.1,4,966
07/01/19 02:00 PM,25.3,1,939
07/01/19 03:00 PM,25.0,0,862
07/01/19 04:00 PM,24.3,0,743
07/01/19 05:00 PM,23.2,0,591
07/01/19 06:00 PM,21.8,1,394
07/01/19 07:00 PM,20.6,0,204
07/01/19 08:00 PM,19.0,0,48
07/01/19 09:00 PM,18.4,87,0
07/01/19 10:00 PM,18.7,90,0
07/01/19 11:00 PM,18.7,86,0
07/02/19 12:00 AM,18.4,90,0
07/02/19 01:00 AM,17.9,90,0
07/02/19 02:00 AM,18.3,90,0
07/02/19 03:00 AM,18.3,90,0
07/02/19 04:00 AM,18.1,89,0
07/02/19 05:00 AM,17.8,90,0
07/02/19 06:00 AM,18.0,85,13
07/02/19 07:00 AM,19.0,90,104
07/02/19 08:00 AM,19.7,90,174
07/02/19 09:00 AM,20.9,87,350
07/02/19 10:00 AM,21.9,67,456
07/02/19 11:00 AM,22.9,58,570
07/02/19 12:00 PM,24.5,76,797
07/02/19 01:00 PM,25.8,6,849
07/02/19 02:00 PM,26.6,3,925
07/02/19 03:00 PM,26.3,0,879
07/02/19 04:00 PM,25.1,0,751
07/02/19 05:00 PM,24.0,0,588
07/02/19 06:00 PM,22.7,0,400
07/02/19 07:00 PM,21.0,0,208
07/02/19 08:00 PM,19.4,0,49
07/02/19 09:00 PM,18.4,1,0
07/02/19 10:00 PM,18.0,3,0
07/02/19 11:00 PM,17.5,14,0
07/03/19 12:00 AM,17.3,79,0
07/03/19 01:00 AM,16.9,83,0
07/03/19 02:00 AM,17.0,85,0
07/03/19 03:00 AM,17.2,38,0
07/03/19 04:00 AM,16.3,46,0
07/03/19 05:00 AM,15.9,65,0
07/03/19 06:00 AM,17.4,78,13
07/03/19 07:00 AM,18.5,76,81
07/03/19 08:00 AM,19.6,75,207
07/03/19 09:00 AM,21.0,96,389
07/03/19 10:00 AM,21.7,86,449
07/03/19 11:00 AM,23.2,66,725
07/03/19 12:00 PM,22.7,98,830
07/03/19 01:00 PM,22.2,100,521
07/03/19 02:00 PM,23.3,100,701
07/03/19 03:00 PM,23.2,100,582
07/03/19 04:00 PM,22.5,94,349
07/03/19 05:00 PM,22.5,9,344
07/03/19 06:00 PM,21.7,3,384
07/03/19 07:00 PM,20.0,5,200
07/03/19 08:00 PM,18.4,9,47
07/03/19 09:00 PM,17.6,4,0
07/03/19 10:00 PM,16.9,20,0
07/03/19 11:00 PM,16.4,38,0
07/04/19 12:00 AM,16.8,58,0
07/04/19 01:00 AM,16.8,54,0
07/04/19 02:00 AM,16.5,28,0
07/04/19 03:00 AM,16.4,30,0
07/04/19 04:00 AM,16.2,33,0
07/04/19 05:00 AM,16.3,37,0
07/04/19 06:00 AM,16.7,69,15
07/04/19 07:00 AM,17.8,66,107
07/04/19 08:00 AM,19.1,100,215
07/04/19 09:00 AM,19.7,64,289
07/04/19 10:00 AM,20.3,53,464
07/04/19 11:00 AM,21.0,47,664
07/04/19 12:00 PM,21.7,60,806
07/04/19 01:00 PM,22.1,25,699
07/04/19 02:00 PM,22.8,27,861
07/04/19 03:00 PM,22.8,59,675
07/04/19 04:00 PM,22.7,22,631
07/04/19 05:00 PM,22.3,36,539
07/04/19 06:00 PM,21.6,5,365
07/04/19 07:00 PM,20.2,2,196
07/04/19 08:00 PM,18.8,1,47
07/04/19 09:00 PM,17.7,0,0
07/04/19 10:00 PM,16.9,0,0
07/04/19 11:00 PM,16.5,1,0
07/05/19 12:00 AM,16.2,0,0
07/05/19 01:00 AM,15.9,0,0
07/05/19 02:00 AM,15.3,0,0
07/05/19 03:00 AM,14.7,1,0
07/05/19 04:00 AM,15.5,4,0
07/05/19 05:00 AM,15.3,7,0
07/05/19 06:00 AM,16.2,22,17
07/05/19 07:00 AM,17.8,34,126
07/05/19 08:00 AM,19.1,48,258
07/05/19 09:00 AM,19.9,40,368
07/05/19 10:00 AM,20.4,17,453
07/05/19 11:00 AM,21.9,26,810
07/05/19 12:00 PM,22.8,25,900
07/05/19 01:00 PM,23.3,7,942
07/05/19 02:00 PM,23.2,3,931
07/05/19 03:00 PM,23.1,0,855
07/05/19 04:00 PM,23.1,0,747
07/05/19 05:00 PM,22.6,4,584
07/05/19 06:00 PM,21.8,0,392
07/05/19 07:00 PM,20.8,0,204
07/05/19 08:00 PM,19.3,0,48
07/05/19 09:00 PM,18.3,0,0
07/05/19 10:00 PM,17.6,0,0
07/05/19 11:00 PM,17.0,0,0
07/06/19 12:00 AM,17.4,1,0
07/06/19 01:00 AM,16.6,10,0
07/06/19 02:00 AM,15.5,17,0
07/06/19 03:00 AM,15.7,32,0
07/06/19 04:00 AM,15.5,74,0
07/06/19 05:00 AM,16.1,90,0
07/06/19 06:00 AM,17.2,66,12
07/06/19 07:00 AM,18.4,41,91
07/06/19 08:00 AM,19.9,39,277
07/06/19 09:00 AM,21.2,59,396
07/06/19 10:00 AM,21.7,65,475
07/06/19 11:00 AM,22.5,59,698
07/06/19 12:00 PM,22.9,31,764
07/06/19 01:00 PM,23.8,8,908
07/06/19 02:00 PM,24.6,2,893
07/06/19 03:00 PM,24.6,0,856
07/06/19 04:00 PM,24.2,0,739
07/06/19 05:00 PM,23.4,0,577
07/06/19 06:00 PM,22.2,0,391
07/06/19 07:00 PM,21.1,0,203
07/06/19 08:00 PM,19.7,0,47
07/06/19 09:00 PM,18.8,1,0
07/06/19 10:00 PM,17.9,1,0
07/06/19 11:00 PM,17.3,0,0
07/07/19 12:00 AM,17.1,2,0
07/07/19 01:00 AM,16.9,10,0
07/07/19 02:00 AM,16.6,23,0
07/07/19 03:00 AM,16.6,36,0
07/07/19 04:00 AM,16.7,35,0
07/07/19 05:00 AM,16.3,44,0
07/07/19 06:00 AM,17.1,43,14
07/07/19 07:00 AM,18.4,47,113
07/07/19 08:00 AM,19.9,53,269
07/07/19 09:00 AM,21.2,58,412
07/07/19 10:00 AM,22.8,80,616
07/07/19 11:00 AM,23.4,100,593
07/07/19 12:00 PM,21.6,85,558
07/07/19 01:00 PM,22.2,57,476
07/07/19 02:00 PM,23.3,49,621
07/07/19 03:00 PM,23.9,47,696
07/07/19 04:00 PM,23.7,20,552
07/07/19 05:00 PM,23.5,12,496
07/07/19 06:00 PM,22.5,12,359
07/07/19 07:00 PM,21.6,7,175
07/07/19 08:00 PM,20.2,4,45
07/07/19 09:00 PM,19.2,3,0
07/07/19 10:00 PM,18.4,4,0
07/07/19 11:00 PM,17.7,5,0
07/08/19 12:00 AM,17.3,7,0
07/08/19 01:00 AM,16.9,10,0
07/08/19 02:00 AM,16.5,18,0
07/08/19 03:00 AM,16.4,22,0
07/08/19 04:00 AM,16.3,27,0
07/08/19 05:00 AM,16.1,28,0
07/08/19 06:00 AM,16.5,25,13
07/08/19 07:00 AM,17.9,21,116
07/08/19 08:00 AM,19.3,33,273
07/08/19 09:00 AM,20.4,54,418
07/08/19 10:00 AM,21.4,56,510
07/08/19 11:00 AM,22.5,98,630
07/08/19 12:00 PM,23.3,99,597
07/08/19 01:00 PM,23.5,82,590
07/08/19 02:00 PM,24.5,59,704
07/08/19 03:00 PM,25.0,90,723
07/08/19 04:00 PM,25.0,88,582
07/08/19 05:00 PM,23.8,51,351
07/08/19 06:00 PM,22.7,7,388
07/08/19 07:00 PM,21.3,0,186
07/08/19 08:00 PM,19.9,1,46
07/08/19 09:00 PM,19.0,1,0
07/08/19 10:00 PM,18.4,1,0
07/08/19 11:00 PM,17.9,18,0
07/09/19 12:00 AM,17.5,39,0
07/09/19 01:00 AM,17.9,79,0
07/09/19 02:00 AM,18.1,72,0
07/09/19 03:00 AM,18.1,77,0
07/09/19 04:00 AM,17.7,87,0
07/09/19 05:00 AM,18.1,90,0
07/09/19 06:00 AM,18.5,90,6
07/09/19 07:00 AM,19.2,100,58
07/09/19 08:00 AM,20.0,100,128
07/09/19 09:00 AM,20.8,97,208
07/09/19 10:00 AM,22.8,63,493
07/09/19 11:00 AM,25.2,0,690
07/09/19 12:00 PM,24.8,24,900
07/09/19 01:00 PM,27.0,29,953
07/09/19 02:00 PM,28.0,29,910
07/09/19 03:00 PM,28.6,30,789
07/09/19 04:00 PM,28.6,29,624
07/09/19 05:00 PM,26.7,19,432
07/09/19 06:00 PM,25.3,29,352
07/09/19 07:00 PM,23.8,30,144
07/09/19 08:00 PM,22.3,30,28
07/09/19 09:00 PM,21.7,30,0
07/09/19 10:00 PM,21.1,17,0
07/09/19 11:00 PM,20.4,7,0
07/10/19 12:00 AM,19.4,1,0
07/10/19 01:00 AM,19.0,2,0
07/10/19 02:00 AM,18.8,2,0
07/10/19 03:00 AM,18.6,2,0
07/10/19 04:00 AM,18.3,11,0
07/10/19 05:00 AM,18.0,11,0
07/10/19 06:00 AM,18.3,24,14
07/10/19 07:00 AM,20.1,4,129
07/10/19 08:00 AM,22.7,29,314
07/10/19 09:00 AM,25.2,29,433
07/10/19 10:00 AM,27.8,30,552
07/10/19 11:00 AM,29.7,30,623
07/10/19 12:00 PM,30.0,29,566
07/10/19 01:00 PM,32.0,31,735
07/10/19 02:00 PM,33.3,30,767
07/10/19 03:00 PM,33.2,30,632
07/10/19 04:00 PM,31.7,11,542
07/10/19 05:00 PM,31.3,21,543
07/10/19 06:00 PM,29.1,31,377
07/10/19 07:00 PM,27.4,38,167
07/10/19 08:00 PM,25.0,10,35
07/10/19 09:00 PM,24.0,0,0
07/10/19 10:00 PM,23.8,0,0
07/10/19 11:00 PM,23.7,0,0
07/11/19 12:00 AM,23.5,0,0
07/11/19 01:00 AM,22.8,0,0
07/11/19 02:00 AM,22.0,0,0
07/11/19 03:00 AM,21.5,0,0
07/11/19 04:00 AM,21.1,0,0
07/11/19 05:00 AM,20.8,0,0
07/11/19 06:00 AM,20.7,0,14
07/11/19 07:00 AM,22.9,0,135
07/11/19 08:00 AM,26.0,0,320
07/11/19 09:00 AM,28.7,0,512
07/11/19 10:00 AM,31.0,0,686
07/11/19 11:00 AM,33.1,0,826
07/11/19 12:00 PM,33.9,0,919
07/11/19 01:00 PM,35.2,0,955
07/11/19 02:00 PM,36.4,0,936
07/11/19 03:00 PM,36.8,0,860
07/11/19 04:00 PM,36.9,0,735
07/11/19 05:00 PM,36.4,1,573
07/11/19 06:00 PM,31.9,6,386
07/11/19 07:00 PM,28.5,28,197
07/11/19 08:00 PM,27.0,22,41
07/11/19 09:00 PM,26.3,5,0
07/11/19 10:00 PM,24.9,3,0
07/11/19 11:00 PM,23.0,18,0
07/12/19 12:00 AM,22.2,28,0
07/12/19 01:00 AM,20.0,29,0
07/12/19 02:00 AM,19.7,29,0
07/12/19 03:00 AM,19.9,29,0
07/12/19 04:00 AM,20.3,29,0
07/12/19 05:00 AM,20.3,30,0
07/12/19 06:00 AM,20.1,31,8
07/12/19 07:00 AM,21.6,62,80
07/12/19 08:00 AM,22.2,31,129
07/12/19 09:00 AM,22.9,37,159
07/12/19 10:00 AM,22.6,38,406
07/12/19 11:00 AM,22.3,100,605
07/12/19 12:00 PM,23.5,41,618
07/12/19 01:00 PM,24.8,10,842
07/12/19 02:00 PM,25.8,0,900
07/12/19 03:00 PM,27.1,13,846
07/12/19 04:00 PM,26.3,0,664
07/12/19 05:00 PM,24.9,0,550
07/12/19 06:00 PM,23.9,0,379
07/12/19 07:00 PM,22.6,0,192
07/12/19 08:00 PM,20.9,21,42
07/12/19 09:00 PM,20.1,15,0
07/12/19 10:00 PM,19.3,29,0
07/12/19 11:00 PM,18.9,16,0
07/13/19 12:00 AM,19.2,17,0
07/13/19 01:00 AM,18.6,11,0
07/13/19 02:00 AM,18.4,31,0
07/13/19 03:00 AM,18.3,41,0
07/13/19 04:00 AM,18.5,57,0
07/13/19 05:00 AM,18.6,58,0
07/13/19 06:00 AM,18.8,45,10
07/13/19 07:00 AM,20.0,40,90
07/13/19 08:00 AM,21.0,39,211
07/13/19 09:00 AM,22.1,72,378
07/13/19 10:00 AM,23.2,85,516
07/13/19 11:00 AM,23.4,64,610
07/13/19 12:00 PM,24.2,91,703
07/13/19 01:00 PM,24.2,91,523
07/13/19 02:00 PM,24.6,59,429
07/13/19 03:00 PM,25.9,4,659
07/13/19 04:00 PM,26.0,0,701
07/13/19 05:00 PM,25.2,0,542
07/13/19 06:00 PM,24.5,0,381
07/13/19 07:00 PM,22.6,0,194
07/13/19 08:00 PM,20.5,8,42
07/13/19 09:00 PM,19.6,30,0
07/13/19 10:00 PM,19.6,24,0
07/13/19 11:00 PM,19.1,76,0
07/14/19 12:00 AM,18.9,83,0
07/14/19 01:00 AM,18.8,87,0
07/14/19 02:00 AM,18.8,87,0
07/14/19 03:00 AM,18.8,90,0
07/14/19 04:00 AM,19.0,86,0
07/14/19 05:00 AM,18.7,86,0
07/14/19 06:00 AM,19.3,85,8
07/14/19 07:00 AM,19.8,79,63
07/14/19 08:00 AM,21.2,90,209
07/14/19 09:00 AM,22.7,28,331
07/14/19 10:00 AM,24.7,0,640
07/14/19 11:00 AM,25.9,0,804
07/14/19 12:00 PM,25.7,0,903
07/14/19 01:00 PM,25.6,0,938
07/14/19 02:00 PM,25.4,0,922
07/14/19 03:00 PM,25.7,0,854
07/14/19 04:00 PM,25.7,0,727
07/14/19 05:00 PM,25.3,0,568
07/14/19 06:00 PM,24.3,0,381
07/14/19 07:00 PM,22.7,1,193
07/14/19 08:00 PM,21.0,3,41
07/14/19 09:00 PM,20.1,4,0
07/14/19 10:00 PM,19.5,31,0
07/14/19 11:00 PM,19.2,56,0
07/15/19 12:00 AM,19.0,25,0
07/15/19 01:00 AM,18.8,78,0
07/15/19 02:00 AM,19.1,84,0
07/15/19 03:00 AM,19.1,86,0
07/15/19 04:00 AM,19.1,83,0
07/15/19 05:00 AM,19.0,86,0
07/15/19 06:00 AM,19.1,90,8
07/15/19 07:00 AM,19.7,90,72
07/15/19 08:00 AM,20.4,90,164
07/15/19 09:00 AM,21.6,75,330
07/15/19 10:00 AM,23.8,25,541
07/15/19 11:00 AM,25.6,0,791
07/15/19 12:00 PM,25.4,36,911
07/15/19 01:00 PM,26.4,1,937
07/15/19 02:00 PM,26.7,0,939
07/15/19 03:00 PM,26.5,0,860
07/15/19 04:00 PM,25.6,0,742
07/15/19 05:00 PM,24.6,0,575
07/15/19 06:00 PM,22.9,2,379
07/15/19 07:00 PM,21.4,12,188
07/15/19 08:00 PM,20.1,22,39
07/15/19 09:00 PM,19.6,24,0
07/15/19 10:00 PM,19.1,17,0
07/15/19 11:00 PM,18.9,50,0
07/16/19 12:00 AM,18.8,77,0
07/16/19 01:00 AM,18.6,90,0
07/16/19 02:00 AM,18.6,85,0
07/16/19 03:00 AM,18.4,90,0
07/16/19 04:00 AM,18.4,90,0
07/16/19 05:00 AM,18.5,89,0
07/16/19 06:00 AM,18.8,90,6
07/16/19 07:00 AM,19.4,90,67
07/16/19 08:00 AM,20.3,90,176
07/16/19 09:00 AM,21.1,90,267
07/16/19 10:00 AM,22.4,79,433
07/16/19 11:00 AM,23.7,42,600
07/16/19 12:00 PM,23.7,80,803
07/16/19 01:00 PM,24.9,68,775
07/16/19 02:00 PM,25.6,33,828
07/16/19 03:00 PM,26.4,6,814
07/16/19 04:00 PM,25.4,0,728
07/16/19 05:00 PM,24.1,0,572
07/16/19 06:00 PM,22.1,9,379
07/16/19 07:00 PM,20.8,16,184
07/16/19 08:00 PM,19.9,4,38
07/16/19 09:00 PM,19.2,66,0
07/16/19 10:00 PM,18.8,89,0
07/16/19 11:00 PM,18.8,86,0
07/17/19 12:00 AM,19.0,90,0
07/17/19 01:00 AM,18.9,90,0
07/17/19 02:00 AM,18.8,88,0
07/17/19 03:00 AM,18.7,100,0
07/17/19 04:00 AM,18.8,94,0
07/17/19 05:00 AM,18.9,88,0
07/17/19 06:00 AM,18.9,90,6
07/17/19 07:00 AM,19.1,90,67
07/17/19 08:00 AM,19.9,89,197
07/17/19 09:00 AM,20.8,69,332
07/17/19 10:00 AM,22.4,40,591
07/17/19 11:00 AM,23.4,37,598
07/17/19 12:00 PM,23.0,90,843
07/17/19 01:00 PM,24.1,83,726
07/17/19 02:00 PM,25.6,1,845
07/17/19 03:00 PM,25.1,0,834
07/17/19 04:00 PM,24.2,0,717
07/17/19 05:00 PM,23.5,1,570
07/17/19 06:00 PM,22.0,0,381
07/17/19 07:00 PM,20.6,0,189
07/17/19 08:00 PM,19.2,0,40
07/17/19 09:00 PM,18.3,0,0
07/17/19 10:00 PM,17.9,1,0
07/17/19 11:00 PM,17.5,0,0
07/18/19 12:00 AM,17.2,11,0
07/18/19 01:00 AM,16.9,3,0
07/18/19 02:00 AM,16.7,0,0
07/18/19 03:00 AM,16.5,0,0
07/18/19 04:00 AM,16.4,1,0
07/18/19 05:00 AM,16.4,1,0
07/18/19 06:00 AM,16.6,3,10
07/18/19 07:00 AM,18.1,1,123
07/18/19 08:00 AM,19.8,1,309
07/18/19 09:00 AM,22.0,0,504
07/18/19 10:00 AM,24.2,0,682
07/18/19 11:00 AM,26.0,0,826
07/18/19 12:00 PM,27.2,0,921
07/18/19 01:00 PM,28.8,0,958
07/18/19 02:00 PM,29.9,0,940
07/18/19 03:00 PM,30.5,0,866
07/18/19 04:00 PM,29.6,0,744
07/18/19 05:00 PM,27.5,0,583
07/18/19 06:00 PM,25.0,0,393
07/18/19 07:00 PM,22.8,0,197
07/18/19 08:00 PM,21.0,0,40
07/18/19 09:00 PM,19.8,1,0
07/18/19 10:00 PM,19.0,1,0
07/18/19 11:00 PM,18.6,2,0
07/19/19 12:00 AM,18.2,2,0
07/19/19 01:00 AM,17.9,1,0
07/19/19 02:00 AM,17.7,1,0
07/19/19 03:00 AM,17.5,10,0
07/19/19 04:00 AM,17.4,90,0
07/19/19 05:00 AM,17.5,90,0
07/19/19 06:00 AM,17.8,84,7
07/19/19 07:00 AM,19.1,37,92
07/19/19 08:00 AM,20.9,2,281
07/19/19 09:00 AM,23.1,0,490
07/19/19 10:00 AM,25.3,0,673
07/19/19 11:00 AM,27.3,0,814
07/19/19 12:00 PM,27.8,0,910
07/19/19 01:00 PM,28.7,0,947
07/19/19 02:00 PM,29.2,0,932
07/19/19 03:00 PM,29.5,0,860
07/19/19 04:00 PM,28.6,0,737
07/19/19 05:00 PM,26.9,0,574
07/19/19 06:00 PM,25.0,0,386
07/19/19 07:00 PM,22.9,0,194
07/19/19 08:00 PM,20.9,2,39
07/19/19 09:00 PM,19.5,9,0
07/19/19 10:00 PM,18.8,88,0
07/19/19 11:00 PM,18.7,37,0
07/20/19 12:00 AM,18.9,90,0
07/20/19 01:00 AM,18.8,90,0
07/20/19 02:00 AM,18.7,86,0
07/20/19 03:00 AM,18.5,34,0
07/20/19 04:00 AM,18.1,38,0
07/20/19 05:00 AM,17.9,50,0
07/20/19 06:00 AM,18.0,31,7
07/20/19 07:00 AM,18.9,6,98
07/20/19 08:00 AM,20.3,3,290
07/20/19 09:00 AM,22.2,1,491
07/20/19 10:00 AM,24.3,0,673
07/20/19 11:00 AM,26.4,0,821
07/20/19 12:00 PM,28.2,0,915
07/20/19 01:00 PM,29.5,0,954
07/20/19 02:00 PM,30.0,0,933
07/20/19 03:00 PM,30.1,0,858
07/20/19 04:00 PM,29.2,0,732
07/20/19 05:00 PM,27.2,0,567
07/20/19 06:00 PM,25.0,0,378
07/20/19 07:00 PM,23.1,0,189
07/20/19 08:00 PM,21.2,0,37
07/20/19 09:00 PM,19.9,0,0
07/20/19 10:00 PM,19.0,2,0
07/20/19 11:00 PM,18.0,4,0
07/21/19 12:00 AM,17.5,1,0
07/21/19 01:00 AM,17.3,1,0
07/21/19 02:00 AM,17.0,0,0
07/21/19 03:00 AM,16.8,3,0
07/21/19 04:00 AM,16.6,4,0
07/21/19 05:00 AM,16.5,7,0
07/21/19 06:00 AM,16.8,27,8
07/21/19 07:00 AM,18.3,8,110
07/21/19 08:00 AM,20.2,1,303
07/21/19 09:00 AM,22.3,0,504
07/21/19 10:00 AM,24.6,0,684
07/21/19 11:00 AM,26.8,0,828
07/21/19 12:00 PM,29.2,0,925
07/21/19 01:00 PM,30.5,0,962
07/21/19 02:00 PM,31.3,0,944
07/21/19 03:00 PM,31.0,0,868
07/21/19 04:00 PM,29.8,0,741
07/21/19 05:00 PM,28.3,0,577
07/21/19 06:00 PM,26.4,0,387
07/21/19 07:00 PM,24.3,0,192
07/21/19 08:00 PM,22.0,0,37
07/21/19 09:00 PM,20.7,0,0
07/21/19 10:00 PM,19.8,0,0
07/21/19 11:00 PM,19.2,0,0
07/22/19 12:00 AM,18.4,0,0
07/22/19 01:00 AM,18.0,0,0
07/22/19 02:00 AM,17.7,0,0
07/22/19 03:00 AM,17.4,0,0
07/22/19 04:00 AM,17.1,0,0
07/22/19 05:00 AM,17.0,0,0
07/22/19 06:00 AM,17.1,0,8
07/22/19 07:00 AM,18.9,0,116
07/22/19 08:00 AM,21.3,0,299
07/22/19 09:00 AM,24.0,0,492
07/22/19 10:00 AM,26.4,0,668
07/22/19 11:00 AM,28.5,0,808
07/22/19 12:00 PM,28.5,0,902
07/22/19 01:00 PM,29.4,1,940
07/22/19 02:00 PM,30.3,0,921
07/22/19 03:00 PM,30.9,0,845
07/22/19 04:00 PM,31.3,0,719
07/22/19 05:00 PM,31.6,0,556
07/22/19 06:00 PM,30.1,0,370
07/22/19 07:00 PM,27.1,0,181
07/22/19 08:00 PM,23.0,0,34
07/22/19 09:00 PM,21.3,0,0
07/22/19 10:00 PM,20.2,3,0
07/22/19 11:00 PM,19.7,2,0
07/23/19 12:00 AM,19.2,24,0
07/23/19 01:00 AM,18.8,26,0
07/23/19 02:00 AM,18.6,26,0
07/23/19 03:00 AM,18.4,17,0
07/23/19 04:00 AM,18.6,20,0
07/23/19 05:00 AM,18.7,34,0
07/23/19 06:00 AM,18.9,100,6
07/23/19 07:00 AM,19.7,70,58
07/23/19 08:00 AM,21.0,47,205
07/23/19 09:00 AM,22.9,30,405
07/23/19 10:00 AM,24.5,16,547
07/23/19 11:00 AM,26.4,10,686
07/23/19 12:00 PM,27.9,4,825
07/23/19 01:00 PM,29.4,13,897
07/23/19 02:00 PM,30.4,17,841
07/23/19 03:00 PM,30.6,13,752
07/23/19 04:00 PM,29.6,4,678
07/23/19 05:00 PM,28.2,2,552
07/23/19 06:00 PM,26.8,0,368
07/23/19 07:00 PM,25.0,0,183
07/23/19 08:00 PM,23.0,0,34
07/23/19 09:00 PM,21.9,0,0
07/23/19 10:00 PM,21.0,0,0
07/23/19 11:00 PM,20.3,0,0
07/24/19 12:00 AM,20.1,0,0
07/24/19 01:00 AM,19.3,1,0
07/24/19 02:00 AM,18.6,1,0
07/24/19 03:00 AM,17.9,1,0
07/24/19 04:00 AM,17.1,0,0
07/24/19 05:00 AM,16.7,0,0
07/24/19 06:00 AM,16.9,0,7
07/24/19 07:00 AM,19.0,1,113
07/24/19 08:00 AM,21.1,1,294
07/24/19 09:00 AM,23.4,0,481
07/24/19 10:00 AM,25.9,0,670
07/24/19 11:00 AM,28.2,0,815
07/24/19 12:00 PM,29.6,0,910
07/24/19 01:00 PM,30.7,0,949
07/24/19 02:00 PM,31.4,0,927
07/24/19 03:00 PM,31.7,0,852
07/24/19 04:00 PM,30.5,1,729
07/24/19 05:00 PM,28.8,0,563
07/24/19 06:00 PM,26.9,0,373
07/24/19 07:00 PM,24.7,0,179
07/24/19 08:00 PM,22.1,0,32
07/24/19 09:00 PM,20.9,3,0
07/24/19 10:00 PM,20.7,61,0
07/24/19 11:00 PM,20.7,58,0
07/25/19 12:00 AM,21.1,30,0
07/25/19 01:00 AM,20.5,16,0
07/25/19 02:00 AM,20.2,19,0
07/25/19 03:00 AM,19.6,82,0
07/25/19 04:00 AM,19.3,100,0
07/25/19 05:00 AM,19.6,100,0
07/25/19 06:00 AM,19.8,94,2
07/25/19 07:00 AM,20.5,66,43
07/25/19 08:00 AM,21.8,90,159
07/25/19 09:00 AM,22.7,27,249
07/25/19 10:00 AM,24.3,24,614
07/25/19 11:00 AM,25.0,17,718
07/25/19 12:00 PM,26.7,23,660
07/25/19 01:00 PM,27.7,1,908
07/25/19 02:00 PM,27.6,1,906
07/25/19 03:00 PM,26.6,6,814
07/25/19 04:00 PM,25.8,15,678
07/25/19 05:00 PM,25.2,18,469
07/25/19 06:00 PM,24.7,14,317
07/25/19 07:00 PM,23.2,4,152
07/25/19 08:00 PM,21.9,9,29
07/25/19 09:00 PM,20.7,8,0
07/25/19 10:00 PM,19.7,6,0
07/25/19 11:00 PM,19.0,10,0
07/26/19 12:00 AM,18.9,22,0
07/26/19 01:00 AM,18.6,35,0
07/26/19 02:00 AM,18.5,31,0
07/26/19 03:00 AM,18.1,14,0
07/26/19 04:00 AM,17.6,28,0
07/26/19 05:00 AM,17.8,44,0
07/26/19 06:00 AM,18.0,33,5
07/26/19 07:00 AM,19.2,50,92
07/26/19 08:00 AM,20.4,58,234
07/26/19 09:00 AM,21.4,63,330
07/26/19 10:00 AM,23.2,39,529
07/26/19 11:00 AM,24.7,34,715
07/26/19 12:00 PM,25.2,38,838
07/26/19 01:00 PM,25.9,31,872
07/26/19 02:00 PM,25.9,28,891
07/26/19 03:00 PM,25.5,10,838
07/26/19 04:00 PM,24.8,8,720
07/26/19 05:00 PM,23.7,0,558
07/26/19 06:00 PM,22.4,0,366
07/26/19 07:00 PM,21.1,2,174
07/26/19 08:00 PM,19.8,1,29
07/26/19 09:00 PM,19.1,1,0
07/26/19 10:00 PM,18.5,2,0
07/26/19 11:00 PM,18.2,3,0
07/27/19 12:00 AM,17.9,0,0
07/27/19 01:00 AM,17.7,2,0
07/27/19 02:00 AM,17.7,24,0
07/27/19 03:00 AM,17.9,100,0
07/27/19 04:00 AM,18.5,100,0
07/27/19 05:00 AM,18.7,100,0
07/27/19 06:00 AM,19.0,100,2
07/27/19 07:00 AM,19.2,100,16
07/27/19 08:00 AM,20.0,100,57
07/27/19 09:00 AM,21.9,100,271
07/27/19 10:00 AM,21.6,100,161
07/27/19 11:00 AM,23.1,100,369
07/27/19 12:00 PM,23.4,91,481
07/27/19 01:00 PM,23.4,90,366
07/27/19 02:00 PM,23.8,90,414
07/27/19 03:00 PM,24.0,86,391
07/27/19 04:00 PM,24.0,89,424
07/27/19 05:00 PM,23.8,87,394
07/27/19 06:00 PM,23.1,90,220
07/27/19 07:00 PM,22.1,51,104
07/27/19 08:00 PM,21.0,15,24
07/27/19 09:00 PM,19.9,3,0
07/27/19 10:00 PM,19.3,3,0
07/27/19 11:00 PM,18.8,4,0
07/28/19 12:00 AM,18.2,18,0
07/28/19 01:00 AM,17.9,30,0
07/28/19 02:00 AM,17.7,68,0
07/28/19 03:00 AM,17.6,89,0
07/28/19 04:00 AM,17.4,76,0
07/28/19 05:00 AM,17.3,60,0
07/28/19 06:00 AM,17.3,49,4
07/28/19 07:00 AM,18.6,49,86
07/28/19 08:00 AM,19.9,66,249
07/28/19 09:00 AM,21.5,4,426
07/28/19 10:00 AM,23.5,1,650
07/28/19 11:00 AM,25.1,1,795
07/28/19 12:00 PM,26.4,39,892
07/28/19 01:00 PM,27.7,28,891
07/28/19 02:00 PM,28.3,4,890
07/28/19 03:00 PM,28.2,0,825
07/28/19 04:00 PM,27.9,0,717
07/28/19 05:00 PM,26.8,0,553
07/28/19 06:00 PM,25.0,0,364
07/28/19 07:00 PM,21.9,0,174
07/28/19 08:00 PM,19.8,0,28
07/28/19 09:00 PM,19.0,0,0
07/28/19 10:00 PM,18.4,1,0
07/28/19 11:00 PM,18.0,0,0
07/29/19 12:00 AM,17.7,0,0
07/29/19 01:00 AM,17.3,2,0
07/29/19 02:00 AM,17.3,90,0
07/29/19 03:00 AM,18.7,90,0
07/29/19 04:00 AM,19.3,90,0
07/29/19 05:00 AM,19.4,90,0
07/29/19 06:00 AM,19.9,40,2
07/29/19 07:00 AM,20.1,15,78
07/29/19 08:00 AM,20.9,38,237
07/29/19 09:00 AM,21.9,70,378
07/29/19 10:00 AM,23.1,51,512
07/29/19 11:00 AM,23.7,1,700
07/29/19 12:00 PM,25.4,12,895
07/29/19 01:00 PM,26.2,2,933
07/29/19 02:00 PM,26.5,0,927
07/29/19 03:00 PM,25.9,0,853
07/29/19 04:00 PM,25.1,0,729
07/29/19 05:00 PM,24.0,0,562
07/29/19 06:00 PM,22.6,0,369
07/29/19 07:00 PM,21.0,0,175
07/29/19 08:00 PM,19.5,0,28
07/29/19 09:00 PM,18.5,4,0
07/29/19 10:00 PM,17.8,3,0
07/29/19 11:00 PM,17.4,2,0
07/30/19 12:00 AM,17.2,1,0
07/30/19 01:00 AM,17.0,0,0
07/30/19 02:00 AM,16.8,1,0
07/30/19 03:00 AM,16.6,2,0
07/30/19 04:00 AM,16.5,1,0
07/30/19 05:00 AM,16.5,1,0
07/30/19 06:00 AM,16.4,1,4
07/30/19 07:00 AM,17.3,0,103
07/30/19 08:00 AM,18.8,0,288
07/30/19 09:00 AM,20.6,0,487
07/30/19 10:00 AM,22.4,0,669
07/30/19 11:00 AM,24.0,0,816
07/30/19 12:00 PM,25.4,0,915
07/30/19 01:00 PM,26.4,0,959
07/30/19 02:00 PM,26.4,0,938
07/30/19 03:00 PM,26.2,0,860
07/30/19 04:00 PM,25.6,0,732
07/30/19 05:00 PM,24.3,0,563
07/30/19 06:00 PM,22.6,0,368
07/30/19 07:00 PM,20.7,0,173
07/30/19 08:00 PM,19.2,0,26
07/30/19 09:00 PM,18.0,1,0
07/30/19 10:00 PM,17.5,1,0
07/30/19 11:00 PM,17.2,1,0
07/31/19 12:00 AM,16.8,1,0
07/31/19 01:00 AM,16.7,1,0
07/31/19 02:00 AM,16.6,1,0
07/31/19 03:00 AM,16.5,0,0
07/31/19 04:00 AM,16.3,0,0
07/31/19 05:00 AM,16.2,1,0
07/31/19 06:00 AM,16.3,1,4
07/31/19 07:00 AM,17.7,0,101
07/31/19 08:00 AM,19.6,0,285
07/31/19 09:00 AM,21.8,1,483
07/31/19 10:00 AM,24.3,10,665
07/31/19 11:00 AM,26.6,22,811
07/31/19 12:00 PM,28.3,21,900
07/31/19 01:00 PM,28.8,21,899
07/31/19 02:00 PM,28.4,27,864
07/31/19 03:00 PM,27.9,29,756
07/31/19 04:00 PM,27.2,29,564
07/31/19 05:00 PM,26.4,14,381
07/31/19 06:00 PM,25.4,0,363
07/31/19 07:00 PM,23.3,0,169
07/31/19 08:00 PM,21.1,0,25
07/31/19 09:00 PM,19.5,0,0
07/31/19 10:00 PM,18.8,1,0
07/31/19 11:00 PM,18.4,0,0
08/01/19 12:00 AM,18.1,0,0
08/01/19 01:00 AM,17.7,0,0
08/01/19 02:00 AM,17.4,0,0
08/01/19 03:00 AM,17.1,1,0
08/01/19 04:00 AM,16.9,1,0
08/01/19 05:00 AM,16.6,1,0
08/01/19 06:00 AM,16.7,1,4
08/01/19 07:00 AM,18.3,1,96
08/01/19 08:00 AM,20.1,0,277
08/01/19 09:00 AM,22.2,0,473
08/01/19 10:00 AM,24.2,0,653
08/01/19 11:00 AM,25.9,0,798
08/01/19 12:00 PM,27.5,0,896
08/01/19 01:00 PM,28.5,0,939
08/01/19 02:00 PM,28.6,0,921
08/01/19 03:00 PM,28.1,0,847
08/01/19 04:00 PM,27.2,0,722
08/01/19 05:00 PM,25.4,0,555
08/01/19 06:00 PM,23.5,0,361
08/01/19 07:00 PM,21.4,0,166
08/01/19 08:00 PM,19.6,0,24
08/01/19 09:00 PM,18.7,0,0
08/01/19 10:00 PM,18.0,0,0
08/01/19 11:00 PM,17.6,0,0
08/02/19 12:00 AM,17.3,40,0
08/02/19 01:00 AM,17.2,72,0
08/02/19 02:00 AM,17.1,86,0
08/02/19 03:00 AM,17.5,74,0
08/02/19 04:00 AM,17.3,68,0
08/02/19 05:00 AM,17.4,61,0
08/02/19 06:00 AM,17.4,84,2
08/02/19 07:00 AM,18.3,86,66
08/02/19 08:00 AM,19.2,57,191
08/02/19 09:00 AM,20.9,17,396
08/02/19 10:00 AM,23.1,0,643
08/02/19 11:00 AM,25.1,0,794
08/02/19 12:00 PM,26.8,0,893
08/02/19 01:00 PM,28.3,0,938
08/02/19 02:00 PM,29.2,0,918
08/02/19 03:00 PM,29.1,0,841
08/02/19 04:00 PM,28.2,0,716
08/02/19 05:00 PM,26.7,0,549
08/02/19 06:00 PM,24.4,0,356
08/02/19 07:00 PM,21.9,0,163
08/02/19 08:00 PM,20.0,0,22
08/02/19 09:00 PM,18.9,0,0
08/02/19 10:00 PM,18.3,0,0
08/02/19 11:00 PM,17.9,2,0
08/03/19 12:00 AM,17.6,3,0
08/03/19 01:00 AM,17.3,2,0
08/03/19 02:00 AM,17.1,6,0
08/03/19 03:00 AM,16.8,14,0
08/03/19 04:00 AM,16.7,13,0
08/03/19 05:00 AM,16.7,6,0
08/03/19 06:00 AM,16.8,4,3
08/03/19 07:00 AM,18.4,2,93
08/03/19 08:00 AM,20.3,1,276
08/03/19 09:00 AM,22.3,1,473
08/03/19 10:00 AM,24.6,0,655
08/03/19 11:00 AM,26.5,0,795
08/03/19 12:00 PM,28.3,0,894
08/03/19 01:00 PM,29.4,0,931
08/03/19 02:00 PM,29.4,0,917
08/03/19 03:00 PM,29.2,0,838
08/03/19 04:00 PM,28.0,0,707
08/03/19 05:00 PM,26.5,0,534
08/03/19 06:00 PM,24.9,1,342
08/03/19 07:00 PM,23.0,4,149
08/03/19 08:00 PM,21.6,1,19
08/03/19 09:00 PM,20.7,4,0
08/03/19 10:00 PM,19.7,12,0
08/03/19 11:00 PM,19.0,21,0
08/04/19 12:00 AM,18.7,22,0
08/04/19 01:00 AM,18.4,14,0
08/04/19 02:00 AM,18.1,17,0
08/04/19 03:00 AM,18.0,37,0
08/04/19 04:00 AM,18.1,79,0
08/04/19 05:00 AM,18.1,83,0
08/04/19 06:00 AM,18.3,81,2
08/04/19 07:00 AM,18.9,62,57
08/04/19 08:00 AM,19.9,57,211
08/04/19 09:00 AM,21.3,20,402
08/04/19 10:00 AM,23.2,1,619
08/04/19 11:00 AM,25.3,0,783
08/04/19 12:00 PM,26.8,0,882
08/04/19 01:00 PM,27.7,0,923
08/04/19 02:00 PM,27.7,0,905
08/04/19 03:00 PM,27.4,0,830
08/04/19 04:00 PM,26.8,0,706
08/04/19 05:00 PM,25.7,0,541
08/04/19 06:00 PM,24.0,0,350
08/04/19 07:00 PM,22.0,0,157
08/04/19 08:00 PM,20.3,0,20
08/04/19 09:00 PM,19.0,0,0
08/04/19 10:00 PM,18.4,0,0
08/04/19 11:00 PM,17.6,0,0
08/05/19 12:00 AM,17.5,1,0
08/05/19 01:00 AM,17.2,1,0
08/05/19 02:00 AM,17.1,1,0
08/05/19 03:00 AM,16.8,1,0
08/05/19 04:00 AM,16.6,0,0
08/05/19 05:00 AM,16.5,0,0
08/05/19 06:00 AM,16.6,0,2
08/05/19 07:00 AM,18.2,0,88
08/05/19 08:00 AM,20.0,1,268
08/05/19 09:00 AM,21.8,0,464
08/05/19 10:00 AM,24.0,0,644
08/05/19 11:00 AM,26.2,0,789
08/05/19 12:00 PM,28.1,0,886
08/05/19 01:00 PM,29.6,0,923
08/05/19 02:00 PM,30.0,0,904
08/05/19 03:00 PM,29.8,0,828
08/05/19 04:00 PM,29.2,0,700
08/05/19 05:00 PM,27.7,0,533
08/05/19 06:00 PM,25.6,0,340
08/05/19 07:00 PM,23.5,0,150
08/05/19 08:00 PM,22.0,0,18
08/05/19 09:00 PM,21.1,0,0
08/05/19 10:00 PM,20.4,0,0
08/05/19 11:00 PM,20.0,18,0
08/06/19 12:00 AM,19.6,69,0
08/06/19 01:00 AM,20.1,90,0
08/06/19 02:00 AM,20.5,90,0
08/06/19 03:00 AM,20.5,90,0
08/06/19 04:00 AM,20.3,90,0
08/06/19 05:00 AM,20.4,100,0
08/06/19 06:00 AM,20.2,87,1
08/06/19 07:00 AM,20.5,90,47
08/06/19 08:00 AM,21.4,90,129
08/06/19 09:00 AM,22.8,62,263
08/06/19 10:00 AM,25.1,67,488
08/06/19 11:00 AM,27.2,82,679
08/06/19 12:00 PM,27.2,29,807
08/06/19 01:00 PM,28.6,25,913
08/06/19 02:00 PM,28.4,30,875
08/06/19 03:00 PM,28.1,29,784
08/06/19 04:00 PM,27.4,26,629
08/06/19 05:00 PM,26.6,30,451
08/06/19 06:00 PM,25.2,30,237
08/06/19 07:00 PM,23.5,29,76
08/06/19 08:00 PM,22.2,21,13
08/06/19 09:00 PM,21.6,30,0
08/06/19 10:00 PM,20.8,28,0
08/06/19 11:00 PM,20.2,36,0
08/07/19 12:00 AM,20.1,81,0
08/07/19 01:00 AM,20.2,78,0
08/07/19 02:00 AM,20.2,68,0
08/07/19 03:00 AM,20.3,100,0
08/07/19 04:00 AM,20.3,100,0
08/07/19 05:00 AM,20.0,100,0
08/07/19 06:00 AM,19.8,48,1
08/07/19 07:00 AM,19.8,83,14
08/07/19 08:00 AM,20.5,52,49
08/07/19 09:00 AM,21.9,100,184
08/07/19 10:00 AM,22.8,94,238
08/07/19 11:00 AM,23.6,84,320
08/07/19 12:00 PM,24.0,78,639
08/07/19 01:00 PM,23.1,83,271
08/07/19 02:00 PM,24.1,25,520
08/07/19 03:00 PM,24.7,10,701
08/07/19 04:00 PM,24.6,14,625
08/07/19 05:00 PM,23.7,16,460
08/07/19 06:00 PM,23.0,11,291
08/07/19 07:00 PM,21.9,22,126
08/07/19 08:00 PM,20.7,59,13
08/07/19 09:00 PM,20.2,91,0
08/07/19 10:00 PM,20.1,90,0
08/07/19 11:00 PM,20.1,90,0
08/08/19 12:00 AM,19.7,90,0
08/08/19 01:00 AM,19.6,90,0
08/08/19 02:00 AM,19.6,90,0
08/08/19 03:00 AM,19.8,90,0
08/08/19 04:00 AM,19.9,90,0
08/08/19 05:00 AM,19.8,90,0
08/08/19 06:00 AM,19.8,90,1
08/08/19 07:00 AM,20.3,90,25
08/08/19 08:00 AM,21.1,90,98
08/08/19 09:00 AM,21.6,90,173
08/08/19 10:00 AM,22.4,86,265
08/08/19 11:00 AM,23.3,90,427
08/08/19 12:00 PM,23.3,90,469
08/08/19 01:00 PM,23.1,61,325
08/08/19 02:00 PM,24.3,65,646
08/08/19 03:00 PM,24.3,65,639
08/08/19 04:00 PM,23.9,90,555
08/08/19 05:00 PM,23.1,90,323
08/08/19 06:00 PM,22.4,41,168
08/08/19 07:00 PM,21.7,87,112
08/08/19 08:00 PM,21.1,90,10
08/08/19 09:00 PM,21.1,90,0
08/08/19 10:00 PM,21.1,90,0
08/08/19 11:00 PM,21.0,91,0
08/09/19 12:00 AM,20.9,91,0
08/09/19 01:00 AM,20.9,92,0
08/09/19 02:00 AM,20.8,97,0
08/09/19 03:00 AM,21.0,100,0
08/09/19 04:00 AM,20.9,100,0
08/09/19 05:00 AM,20.8,100,0
08/09/19 06:00 AM,20.7,100,0
08/09/19 07:00 AM,20.8,100,18
08/09/19 08:00 AM,20.8,100,63
08/09/19 09:00 AM,21.5,100,128
08/09/19 10:00 AM,22.7,100,335
08/09/19 11:00 AM,23.0,40,229
08/09/19 12:00 PM,19.7,100,629
08/09/19 01:00 PM,20.4,85,188
08/09/19 02:00 PM,22.4,100,376
08/09/19 03:00 PM,23.4,100,343
08/09/19 04:00 PM,23.9,48,467
08/09/19 05:00 PM,24.0,25,475
08/09/19 06:00 PM,23.4,18,312
08/09/19 07:00 PM,21.8,10,125
08/09/19 08:00 PM,20.5,2,14
08/09/19 09:00 PM,19.8,0,0
08/09/19 10:00 PM,19.2,5,0
08/09/19 11:00 PM,18.7,14,0
08/10/19 12:00 AM,18.9,8,0
08/10/19 01:00 AM,18.6,4,0
08/10/19 02:00 AM,18.3,3,0
08/10/19 03:00 AM,18.0,9,0
08/10/19 04:00 AM,18.0,18,0
08/10/19 05:00 AM,17.9,31,0
08/10/19 06:00 AM,17.8,32,1
08/10/19 07:00 AM,19.1,39,68
08/10/19 08:00 AM,20.7,53,208
08/10/19 09:00 AM,21.8,69,355
08/10/19 10:00 AM,23.1,62,546
08/10/19 11:00 AM,24.1,50,648
08/10/19 12:00 PM,23.7,100,808
08/10/19 01:00 PM,25.7,67,637
08/10/19 02:00 PM,27.1,26,819
08/10/19 03:00 PM,27.3,28,780
08/10/19 04:00 PM,26.1,37,617
08/10/19 05:00 PM,23.5,30,290
08/10/19 06:00 PM,22.2,32,244
08/10/19 07:00 PM,21.1,41,102
08/10/19 08:00 PM,20.3,44,8
08/10/19 09:00 PM,19.8,58,0
08/10/19 10:00 PM,19.4,92,0
08/10/19 11:00 PM,19.0,80,0
08/11/19 12:00 AM,18.8,5,0
08/11/19 01:00 AM,18.5,28,0
08/11/19 02:00 AM,18.2,1,0
08/11/19 03:00 AM,17.6,6,0
08/11/19 04:00 AM,17.4,4,0
08/11/19 05:00 AM,17.3,9,0
08/11/19 06:00 AM,17.2,4,1
08/11/19 07:00 AM,18.4,32,75
08/11/19 08:00 AM,19.6,38,232
08/11/19 09:00 AM,20.8,22,399
08/11/19 10:00 AM,22.3,25,615
08/11/19 11:00 AM,23.5,46,767
08/11/19 12:00 PM,24.2,19,870
08/11/19 01:00 PM,24.8,9,911
08/11/19 02:00 PM,25.1,20,891
08/11/19 03:00 PM,24.9,18,789
08/11/19 04:00 PM,24.5,6,663
08/11/19 05:00 PM,23.6,0,518
08/11/19 06:00 PM,22.2,0,325
08/11/19 07:00 PM,20.8,0,134
08/11/19 08:00 PM,19.4,0,12
08/11/19 09:00 PM,18.6,0,0
08/11/19 10:00 PM,18.0,0,0
08/11/19 11:00 PM,17.6,2,0
08/12/19 12:00 AM,17.3,0,0
08/12/19 01:00 AM,17.1,0,0
08/12/19 02:00 AM,16.8,0,0
08/12/19 03:00 AM,16.5,0,0
08/12/19 04:00 AM,16.1,1,0
08/12/19 05:00 AM,15.8,1,0
08/12/19 06:00 AM,15.6,1,1
08/12/19 07:00 AM,16.8,1,77
08/12/19 08:00 AM,18.6,9,257
08/12/19 09:00 AM,20.5,0,457
08/12/19 10:00 AM,22.5,0,644
08/12/19 11:00 AM,24.3,0,794
08/12/19 12:00 PM,26.0,0,895
08/12/19 01:00 PM,27.2,0,936
08/12/19 02:00 PM,28.1,12,917
08/12/19 03:00 PM,28.4,20,836
08/12/19 04:00 PM,26.3,25,695
08/12/19 05:00 PM,24.5,17,514
08/12/19 06:00 PM,23.3,1,319
08/12/19 07:00 PM,21.1,1,131
08/12/19 08:00 PM,19.7,0,11
08/12/19 09:00 PM,18.7,0,0
08/12/19 10:00 PM,18.0,0,0
08/12/19 11:00 PM,17.5,1,0
08/13/19 12:00 AM,17.3,0,0
08/13/19 01:00 AM,16.9,0,0
08/13/19 02:00 AM,16.7,0,0
08/13/19 03:00 AM,16.6,0,0
08/13/19 04:00 AM,16.4,0,0
08/13/19 05:00 AM,16.2,0,0
08/13/19 06:00 AM,16.1,7,1
08/13/19 07:00 AM,17.6,0,74
08/13/19 08:00 AM,19.5,9,251
08/13/19 09:00 AM,21.7,0,450
08/13/19 10:00 AM,23.9,13,633
08/13/19 11:00 AM,25.8,16,779
08/13/19 12:00 PM,27.6,24,873
08/13/19 01:00 PM,28.9,0,916
08/13/19 02:00 PM,29.5,0,896
08/13/19 03:00 PM,28.9,0,815
08/13/19 04:00 PM,28.2,0,682
08/13/19 05:00 PM,26.3,0,513
08/13/19 06:00 PM,23.9,0,319
08/13/19 07:00 PM,21.3,0,128
08/13/19 08:00 PM,19.6,7,10
08/13/19 09:00 PM,18.6,2,0
08/13/19 10:00 PM,18.1,1,0
08/13/19 11:00 PM,17.6,1,0
08/14/19 12:00 AM,17.3,0,0
08/14/19 01:00 AM,17.1,0,0
08/14/19 02:00 AM,16.9,0,0
08/14/19 03:00 AM,16.8,1,0
08/14/19 04:00 AM,16.7,1,0
08/14/19 05:00 AM,16.5,0,0
08/14/19 06:00 AM,16.6,0,0
08/14/19 07:00 AM,17.8,0,70
08/14/19 08:00 AM,19.8,0,243
08/14/19 09:00 AM,22.4,0,439
08/14/19 10:00 AM,25.2,0,619
08/14/19 11:00 AM,27.8,0,765
08/14/19 12:00 PM,30.5,0,861
08/14/19 01:00 PM,31.9,0,896
08/14/19 02:00 PM,31.3,0,876
08/14/19 03:00 PM,31.8,0,797
08/14/19 04:00 PM,31.5,0,667
08/14/19 05:00 PM,28.4,0,498
08/14/19 06:00 PM,26.1,0,304
08/14/19 07:00 PM,24.2,0,119
08/14/19 08:00 PM,22.5,0,9
08/14/19 09:00 PM,21.3,0,0
08/14/19 10:00 PM,20.4,1,0
08/14/19 11:00 PM,20.0,3,0
08/15/19 12:00 AM,19.8,16,0
08/15/19 01:00 AM,19.7,45,0
08/15/19 02:00 AM,19.7,38,0
08/15/19 03:00 AM,19.5,12,0
08/15/19 04:00 AM,19.2,2,0
08/15/19 05:00 AM,18.9,1,0
08/15/19 06:00 AM,18.7,1,0
08/15/19 07:00 AM,19.9,1,66
08/15/19 08:00 AM,21.6,2,235
08/15/19 09:00 AM,23.6,2,426
08/15/19 10:00 AM,25.9,0,605
08/15/19 11:00 AM,28.5,0,755
08/15/19 12:00 PM,30.9,0,855
08/15/19 01:00 PM,32.8,0,890
08/15/19 02:00 PM,33.1,0,873
08/15/19 03:00 PM,32.6,0,796
08/15/19 04:00 PM,31.6,0,668
08/15/19 05:00 PM,29.6,0,499
08/15/19 06:00 PM,27.5,0,306
08/15/19 07:00 PM,25.1,0,119
08/15/19 08:00 PM,23.0,0,8
08/15/19 09:00 PM,21.7,0,0
08/15/19 10:00 PM,21.0,0,0
08/15/19 11:00 PM,20.4,0,0
08/16/19 12:00 AM,19.8,0,0
08/16/19 01:00 AM,19.4,0,0
08/16/19 02:00 AM,19.1,0,0
08/16/19 03:00 AM,18.9,0,0
08/16/19 04:00 AM,18.6,0,0
08/16/19 05:00 AM,18.3,0,0
08/16/19 06:00 AM,18.2,0,0
08/16/19 07:00 AM,19.5,0,66
08/16/19 08:00 AM,21.3,0,239
08/16/19 09:00 AM,23.2,0,436
08/16/19 10:00 AM,25.1,0,619
08/16/19 11:00 AM,27.0,0,763
08/16/19 12:00 PM,29.5,0,858
08/16/19 01:00 PM,31.0,0,902
08/16/19 02:00 PM,31.1,0,882
08/16/19 03:00 PM,30.8,0,804
08/16/19 04:00 PM,29.6,0,674
08/16/19 05:00 PM,27.7,0,502
08/16/19 06:00 PM,25.9,0,307
08/16/19 07:00 PM,23.5,0,118
08/16/19 08:00 PM,21.5,0,7
08/16/19 09:00 PM,20.6,1,0
08/16/19 10:00 PM,19.8,2,0
08/16/19 11:00 PM,19.0,2,0
08/17/19 12:00 AM,18.9,0,0
08/17/19 01:00 AM,18.6,14,0
08/17/19 02:00 AM,18.5,90,0
08/17/19 03:00 AM,18.8,90,0
08/17/19 04:00 AM,19.3,85,0
08/17/19 05:00 AM,19.0,82,0
08/17/19 06:00 AM,18.8,76,0
08/17/19 07:00 AM,19.0,35,44
08/17/19 08:00 AM,20.1,6,191
08/17/19 09:00 AM,22.2,4,415
08/17/19 10:00 AM,24.3,1,607
08/17/19 11:00 AM,26.5,0,768
08/17/19 12:00 PM,28.3,0,868
08/17/19 01:00 PM,30.1,0,910
08/17/19 02:00 PM,31.6,0,890
08/17/19 03:00 PM,32.4,0,808
08/17/19 04:00 PM,30.9,0,672
08/17/19 05:00 PM,28.8,0,495
08/17/19 06:00 PM,26.2,0,302
08/17/19 07:00 PM,23.5,0,114
08/17/19 08:00 PM,22.0,0,6
08/17/19 09:00 PM,21.0,1,0
08/17/19 10:00 PM,20.3,1,0
08/17/19 11:00 PM,19.8,1,0
08/18/19 12:00 AM,19.5,1,0
08/18/19 01:00 AM,19.2,13,0
08/18/19 02:00 AM,19.0,54,0
08/18/19 03:00 AM,19.5,90,0
08/18/19 04:00 AM,19.6,90,0
08/18/19 05:00 AM,19.8,90,0
08/18/19 06:00 AM,20.5,55,0
08/18/19 07:00 AM,21.0,47,36
08/18/19 08:00 AM,22.6,79,177
08/18/19 09:00 AM,23.7,44,280
08/18/19 10:00 AM,25.3,27,534
08/18/19 11:00 AM,27.1,11,651
08/18/19 12:00 PM,28.7,69,839
08/18/19 01:00 PM,28.4,77,724
08/18/19 02:00 PM,27.4,90,588
08/18/19 03:00 PM,26.7,93,516
08/18/19 04:00 PM,26.9,90,384
08/18/19 05:00 PM,26.8,87,318
08/18/19 06:00 PM,25.3,2,189
08/18/19 07:00 PM,22.9,0,103
08/18/19 08:00 PM,20.9,0,5
08/18/19 09:00 PM,19.8,0,0
08/18/19 10:00 PM,19.0,1,0
08/18/19 11:00 PM,18.3,10,0
08/19/19 12:00 AM,17.9,1,0
08/19/19 01:00 AM,17.4,0,0
08/19/19 02:00 AM,17.0,1,0
08/19/19 03:00 AM,16.8,1,0
08/19/19 04:00 AM,16.6,1,0
08/19/19 05:00 AM,16.4,4,0
08/19/19 06:00 AM,16.2,16,0
08/19/19 07:00 AM,17.4,28,59
08/19/19 08:00 AM,18.9,25,189
08/19/19 09:00 AM,20.4,28,358
08/19/19 10:00 AM,22.3,22,557
08/19/19 11:00 AM,23.8,20,684
08/19/19 12:00 PM,25.8,9,847
08/19/19 01:00 PM,27.2,5,893
08/19/19 02:00 PM,27.0,23,867
08/19/19 03:00 PM,25.9,18,751
08/19/19 04:00 PM,24.8,17,640
08/19/19 05:00 PM,23.1,10,467
08/19/19 06:00 PM,21.5,17,280
08/19/19 07:00 PM,20.1,10,100
08/19/19 08:00 PM,19.1,29,5
08/19/19 09:00 PM,18.7,38,0
08/19/19 10:00 PM,18.4,9,0
08/19/19 11:00 PM,18.0,26,0
08/20/19 12:00 AM,17.6,29,0
08/20/19 01:00 AM,17.5,31,0
08/20/19 02:00 AM,17.3,30,0
08/20/19 03:00 AM,17.0,1,0
08/20/19 04:00 AM,16.6,1,0
08/20/19 05:00 AM,16.3,1,0
08/20/19 06:00 AM,16.2,1,0
08/20/19 07:00 AM,17.5,1,61
08/20/19 08:00 AM,19.3,0,236
08/20/19 09:00 AM,21.5,0,437
08/20/19 10:00 AM,23.8,0,622
08/20/19 11:00 AM,26.2,0,770
08/20/19 12:00 PM,27.9,0,870
08/20/19 01:00 PM,29.6,0,911
08/20/19 02:00 PM,30.9,0,887
08/20/19 03:00 PM,32.0,0,803
08/20/19 04:00 PM,32.6,0,669
08/20/19 05:00 PM,30.0,0,493
08/20/19 06:00 PM,27.7,0,293
08/20/19 07:00 PM,24.7,0,105
08/20/19 08:00 PM,23.2,0,4
08/20/19 09:00 PM,22.2,0,0
08/20/19 10:00 PM,21.6,4,0
08/20/19 11:00 PM,21.3,13,0
08/21/19 12:00 AM,20.3,10,0
08/21/19 01:00 AM,19.7,15,0
08/21/19 02:00 AM,19.2,1,0
08/21/19 03:00 AM,19.1,0,0
08/21/19 04:00 AM,18.7,0,0
08/21/19 05:00 AM,18.2,0,0
08/21/19 06:00 AM,17.7,0,0
08/21/19 07:00 AM,19.0,0,59
08/21/19 08:00 AM,21.6,0,232
08/21/19 09:00 AM,24.1,0,430
08/21/19 10:00 AM,26.8,0,615
08/21/19 11:00 AM,28.6,0,763
08/21/19 12:00 PM,29.6,0,860
08/21/19 01:00 PM,31.0,0,896
08/21/19 02:00 PM,31.8,0,876
08/21/19 03:00 PM,32.2,0,795
08/21/19 04:00 PM,32.2,0,662
08/21/19 05:00 PM,31.5,0,487
08/21/19 06:00 PM,30.3,0,286
08/21/19 07:00 PM,28.3,0,100
08/21/19 08:00 PM,25.8,0,4
08/21/19 09:00 PM,24.8,0,0
08/21/19 10:00 PM,24.3,0,0
08/21/19 11:00 PM,23.9,0,0
08/22/19 12:00 AM,23.3,0,0
08/22/19 01:00 AM,22.4,0,0
08/22/19 02:00 AM,22.0,0,0
08/22/19 03:00 AM,21.5,0,0
08/22/19 04:00 AM,21.0,0,0
08/22/19 05:00 AM,20.4,0,0
08/22/19 06:00 AM,19.8,0,0
08/22/19 07:00 AM,20.6,0,56
08/22/19 08:00 AM,23.4,0,225
08/22/19 09:00 AM,25.9,0,422
08/22/19 10:00 AM,27.3,0,602
08/22/19 11:00 AM,28.4,1,746
08/22/19 12:00 PM,29.7,5,841
08/22/19 01:00 PM,30.7,8,847
08/22/19 02:00 PM,31.6,2,830
08/22/19 03:00 PM,32.3,1,770
08/22/19 04:00 PM,31.5,0,643
08/22/19 05:00 PM,30.4,0,471
08/22/19 06:00 PM,29.2,0,278
08/22/19 07:00 PM,28.8,1,95
08/22/19 08:00 PM,27.3,1,3
08/22/19 09:00 PM,25.8,7,0
08/22/19 10:00 PM,25.4,6,0
08/22/19 11:00 PM,25.6,2,0
08/23/19 12:00 AM,23.0,5,0
08/23/19 01:00 AM,23.7,0,0
08/23/19 02:00 AM,23.6,0,0
08/23/19 03:00 AM,22.2,0,0
08/23/19 04:00 AM,22.8,3,0
08/23/19 05:00 AM,20.0,3,0
08/23/19 06:00 AM,18.8,1,0
08/23/19 07:00 AM,20.2,0,52
08/23/19 08:00 AM,23.4,0,218
08/23/19 09:00 AM,25.7,0,412
08/23/19 10:00 AM,27.7,0,592
08/23/19 11:00 AM,29.2,1,735
08/23/19 12:00 PM,30.1,0,830
08/23/19 01:00 PM,31.2,0,869
08/23/19 02:00 PM,31.5,0,846
08/23/19 03:00 PM,31.9,0,766
08/23/19 04:00 PM,32.6,0,634
08/23/19 05:00 PM,33.1,0,463
08/23/19 06:00 PM,30.8,0,271
08/23/19 07:00 PM,27.6,0,92
08/23/19 08:00 PM,25.3,0,2
08/23/19 09:00 PM,23.8,0,0
08/23/19 10:00 PM,22.8,0,0
08/23/19 11:00 PM,22.1,0,0
08/24/19 12:00 AM,22.2,0,0
08/24/19 01:00 AM,21.9,0,0
08/24/19 02:00 AM,21.8,0,0
08/24/19 03:00 AM,21.7,0,0
08/24/19 04:00 AM,21.5,1,0
08/24/19 05:00 AM,21.2,1,0
08/24/19 06:00 AM,20.6,3,0
08/24/19 07:00 AM,20.9,7,50
08/24/19 08:00 AM,22.5,3,213
08/24/19 09:00 AM,24.7,9,402
08/24/19 10:00 AM,27.1,3,585
08/24/19 11:00 AM,29.6,4,733
08/24/19 12:00 PM,31.4,2,827
08/24/19 01:00 PM,32.7,2,858
08/24/19 02:00 PM,33.0,4,836
08/24/19 03:00 PM,33.2,2,751
08/24/19 04:00 PM,32.4,0,627
08/24/19 05:00 PM,29.5,0,462
08/24/19 06:00 PM,26.2,1,268
08/24/19 07:00 PM,23.5,0,88
08/24/19 08:00 PM,21.6,1,2
08/24/19 09:00 PM,20.3,0,0
08/24/19 10:00 PM,19.5,0,0
08/24/19 11:00 PM,18.8,0,0
08/25/19 12:00 AM,18.4,3,0
08/25/19 01:00 AM,18.2,6,0
08/25/19 02:00 AM,17.9,10,0
08/25/19 03:00 AM,17.6,19,0
08/25/19 04:00 AM,17.3,30,0
08/25/19 05:00 AM,17.2,30,0
08/25/19 06:00 AM,17.2,29,0
08/25/19 07:00 AM,18.0,39,43
08/25/19 08:00 AM,19.6,38,197
08/25/19 09:00 AM,21.1,31,379
08/25/19 10:00 AM,22.7,30,499
08/25/19 11:00 AM,24.1,32,544
08/25/19 12:00 PM,24.3,21,487
08/25/19 01:00 PM,26.7,34,781
08/25/19 02:00 PM,27.7,28,775
08/25/19 03:00 PM,27.9,17,677
08/25/19 04:00 PM,27.1,20,554
08/25/19 05:00 PM,26.6,8,372
08/25/19 06:00 PM,24.9,4,258
08/25/19 07:00 PM,23.1,17,84
08/25/19 08:00 PM,21.4,22,2
08/25/19 09:00 PM,20.5,11,0
08/25/19 10:00 PM,20.0,6,0
08/25/19 11:00 PM,19.4,9,0
08/26/19 12:00 AM,18.6,47,0
08/26/19 01:00 AM,18.1,56,0
08/26/19 02:00 AM,18.0,8,0
08/26/19 03:00 AM,17.3,25,0
08/26/19 04:00 AM,16.6,2,0
08/26/19 05:00 AM,16.8,17,0
08/26/19 06:00 AM,16.7,49,0
08/26/19 07:00 AM,17.8,32,39
08/26/19 08:00 AM,19.9,31,203
08/26/19 09:00 AM,22.1,22,344
08/26/19 10:00 AM,24.4,0,560
08/26/19 11:00 AM,25.7,4,721
08/26/19 12:00 PM,26.2,64,820
08/26/19 01:00 PM,26.0,43,693
08/26/19 02:00 PM,26.5,37,660
08/26/19 03:00 PM,27.3,57,605
08/26/19 04:00 PM,27.2,41,454
08/26/19 05:00 PM,27.5,25,401
08/26/19 06:00 PM,27.9,20,246
08/26/19 07:00 PM,26.7,8,77
08/26/19 08:00 PM,24.7,11,1
08/26/19 09:00 PM,22.7,0,0
08/26/19 10:00 PM,21.5,0,0
08/26/19 11:00 PM,21.0,0,0
08/27/19 12:00 AM,20.1,0,0
08/27/19 01:00 AM,19.4,0,0
08/27/19 02:00 AM,19.0,1,0
08/27/19 03:00 AM,18.6,4,0
08/27/19 04:00 AM,18.2,27,0
08/27/19 05:00 AM,18.0,58,0
08/27/19 06:00 AM,18.1,62,0
08/27/19 07:00 AM,19.1,78,35
08/27/19 08:00 AM,20.6,67,144
08/27/19 09:00 AM,22.1,24,338
08/27/19 10:00 AM,23.9,4,564
08/27/19 11:00 AM,25.7,0,727
08/27/19 12:00 PM,26.2,0,828
08/27/19 01:00 PM,27.7,0,862
08/27/19 02:00 PM,28.3,0,840
08/27/19 03:00 PM,28.1,0,760
08/27/19 04:00 PM,27.3,0,626
08/27/19 05:00 PM,25.6,1,453
08/27/19 06:00 PM,23.8,1,258
08/27/19 07:00 PM,21.9,2,78
08/27/19 08:00 PM,20.8,2,1
08/27/19 09:00 PM,20.1,3,0
08/27/19 10:00 PM,19.4,4,0
08/27/19 11:00 PM,18.9,9,0
08/28/19 12:00 AM,18.9,22,0
08/28/19 01:00 AM,18.6,16,0
08/28/19 02:00 AM,18.3,28,0
08/28/19 03:00 AM,18.4,39,0
08/28/19 04:00 AM,18.5,39,0
08/28/19 05:00 AM,18.5,38,0
08/28/19 06:00 AM,18.3,36,0
08/28/19 07:00 AM,18.7,31,35
08/28/19 08:00 AM,19.7,37,174
08/28/19 09:00 AM,21.3,12,359
08/28/19 10:00 AM,23.3,2,575
08/28/19 11:00 AM,25.3,0,732
08/28/19 12:00 PM,25.9,0,828
08/28/19 01:00 PM,27.5,0,868
08/28/19 02:00 PM,28.7,0,844
08/28/19 03:00 PM,29.5,0,763
08/28/19 04:00 PM,29.9,0,628
08/28/19 05:00 PM,29.5,0,453
08/28/19 06:00 PM,26.9,1,256
08/28/19 07:00 PM,23.5,30,76
08/28/19 08:00 PM,21.6,30,1
08/28/19 09:00 PM,20.1,30,0
08/28/19 10:00 PM,19.4,27,0
08/28/19 11:00 PM,18.7,24,0
08/29/19 12:00 AM,18.4,26,0
08/29/19 01:00 AM,17.8,22,0
08/29/19 02:00 AM,17.4,12,0
08/29/19 03:00 AM,17.1,1,0
08/29/19 04:00 AM,16.8,0,0
08/29/19 05:00 AM,16.7,0,0
08/29/19 06:00 AM,16.5,2,0
08/29/19 07:00 AM,17.5,2,43
08/29/19 08:00 AM,19.6,0,206
08/29/19 09:00 AM,22.1,2,400
08/29/19 10:00 AM,24.7,12,582
08/29/19 11:00 AM,26.9,19,722
08/29/19 12:00 PM,28.1,18,813
08/29/19 01:00 PM,30.0,15,862
08/29/19 02:00 PM,31.3,6,839
08/29/19 03:00 PM,32.1,7,757
08/29/19 04:00 PM,32.3,10,618
08/29/19 05:00 PM,30.4,1,443
08/29/19 06:00 PM,26.7,0,249
08/29/19 07:00 PM,23.8,0,72
08/29/19 08:00 PM,22.1,0,0
08/29/19 09:00 PM,20.9,0,0
08/29/19 10:00 PM,20.0,0,0
08/29/19 11:00 PM,19.4,0,0
08/30/19 12:00 AM,18.9,0,0
08/30/19 01:00 AM,18.5,1,0
08/30/19 02:00 AM,17.9,3,0
08/30/19 03:00 AM,17.3,3,0
08/30/19 04:00 AM,16.9,1,0
08/30/19 05:00 AM,16.6,1,0
08/30/19 06:00 AM,16.1,0,0
08/30/19 07:00 AM,17.5,0,43
08/30/19 08:00 AM,20.2,0,208
08/30/19 09:00 AM,23.5,0,403
08/30/19 10:00 AM,26.6,0,585
08/30/19 11:00 AM,29.0,0,730
08/30/19 12:00 PM,30.7,0,823
08/30/19 01:00 PM,32.0,0,860
08/30/19 02:00 PM,32.9,0,836
08/30/19 03:00 PM,33.2,0,752
08/30/19 04:00 PM,32.9,0,617
08/30/19 05:00 PM,32.0,0,442
08/30/19 06:00 PM,29.4,0,247
08/30/19 07:00 PM,26.4,0,70
08/30/19 08:00 PM,24.2,0,0
08/30/19 09:00 PM,22.7,0,0
08/30/19 10:00 PM,21.5,0,0
08/30/19 11:00 PM,20.6,0,0
08/31/19 12:00 AM,20.0,1,0
08/31/19 01:00 AM,19.1,3,0
08/31/19 02:00 AM,18.5,4,0
08/31/19 03:00 AM,18.1,4,0
08/31/19 04:00 AM,17.7,14,0
08/31/19 05:00 AM,17.4,8,0
08/31/19 06:00 AM,17.1,7,0
08/31/19 07:00 AM,18.0,11,38
08/31/19 08:00 AM,19.6,7,187
08/31/19 09:00 AM,21.6,3,381
08/31/19 10:00 AM,23.7,2,568
08/31/19 11:00 AM,25.9,1,716
08/31/19 12:00 PM,28.4,0,814
08/31/19 01:00 PM,29.7,0,854
08/31/19 02:00 PM,30.3,0,829
08/31/19 03:00 PM,30.0,0,744
08/31/19 04:00 PM,28.7,0,609
08/31/19 05:00 PM,27.0,0,435
08/31/19 06:00 PM,24.3,0,241
08/31/19 07:00 PM,22.0,0,66
08/31/19 08:00 PM,20.2,0,0
08/31/19 09:00 PM,19.1,1,0
08/31/19 10:00 PM,18.8,4,0
08/31/19 11:00 PM,18.3,4,0
09/01/19 12:00 AM,17.9,4,0
09/01/19 01:00 AM,17.7,4,0
09/01/19 02:00 AM,17.4,0,0
09/01/19 03:00 AM,17.1,0,0
09/01/19 04:00 AM,17.0,1,0
09/01/19 05:00 AM,16.8,4,0
09/01/19 06:00 AM,16.7,5,0
09/01/19 07:00 AM,17.7,1,39
09/01/19 08:00 AM,19.7,0,201
09/01/19 09:00 AM,22.1,0,397
09/01/19 10:00 AM,24.6,0,578
09/01/19 11:00 AM,27.2,0,723
09/01/19 12:00 PM,28.7,0,818
09/01/19 01:00 PM,30.4,0,855
09/01/19 02:00 PM,31.1,0,831
09/01/19 03:00 PM,30.9,6,746
09/01/19 04:00 PM,30.4,21,608
09/01/19 05:00 PM,28.3,14,432
09/01/19 06:00 PM,25.9,22,238
09/01/19 07:00 PM,23.3,20,63
09/01/19 08:00 PM,22.0,15,0
09/01/19 09:00 PM,21.0,11,0
09/01/19 10:00 PM,20.5,7,0
09/01/19 11:00 PM,19.9,0,0
09/02/19 12:00 AM,19.2,0,0
09/02/19 01:00 AM,18.6,0,0
09/02/19 02:00 AM,18.1,0,0
09/02/19 03:00 AM,17.5,0,0
09/02/19 04:00 AM,17.1,0,0
09/02/19 05:00 AM,16.8,0,0
09/02/19 06:00 AM,16.3,0,0
09/02/19 07:00 AM,17.4,0,39
09/02/19 08:00 AM,19.9,0,202
09/02/19 09:00 AM,22.9,0,399
09/02/19 10:00 AM,25.8,0,581
09/02/19 11:00 AM,28.3,0,728
09/02/19 12:00 PM,29.6,0,825
09/02/19 01:00 PM,31.3,0,862
09/02/19 02:00 PM,31.9,0,837
09/02/19 03:00 PM,31.9,0,751
09/02/19 04:00 PM,31.5,0,614
09/02/19 05:00 PM,30.6,0,438
09/02/19 06:00 PM,28.3,0,241
09/02/19 07:00 PM,25.3,0,62
09/02/19 08:00 PM,23.7,0,0
09/02/19 09:00 PM,22.4,0,0
09/02/19 10:00 PM,20.4,0,0
09/02/19 11:00 PM,19.7,0,0
09/03/19 12:00 AM,19.8,0,0
09/03/19 01:00 AM,20.1,0,0
09/03/19 02:00 AM,17.6,0,0
09/03/19 03:00 AM,17.3,0,0
09/03/19 04:00 AM,17.8,0,0
09/03/19 05:00 AM,17.1,0,0
09/03/19 06:00 AM,16.5,0,0
09/03/19 07:00 AM,18.7,0,37
09/03/19 08:00 AM,22.3,0,198
09/03/19 09:00 AM,25.5,0,394
09/03/19 10:00 AM,28.5,0,576
09/03/19 11:00 AM,30.4,0,722
09/03/19 12:00 PM,31.4,0,816
09/03/19 01:00 PM,32.5,0,850
09/03/19 02:00 PM,33.1,0,825
09/03/19 03:00 PM,33.4,0,739
09/03/19 04:00 PM,32.9,0,601
09/03/19 05:00 PM,31.6,0,426
09/03/19 06:00 PM,30.5,2,230
09/03/19 07:00 PM,29.0,1,56
09/03/19 08:00 PM,27.1,1,0
09/03/19 09:00 PM,25.6,1,0
09/03/19 10:00 PM,24.6,1,0
09/03/19 11:00 PM,24.0,1,0
09/04/19 12:00 AM,23.6,1,0
09/04/19 01:00 AM,23.1,1,0
09/04/19 02:00 AM,22.2,1,0
09/04/19 03:00 AM,22.0,1,0
09/04/19 04:00 AM,22.1,1,0
09/04/19 05:00 AM,21.8,1,0
09/04/19 06:00 AM,21.4,1,0
09/04/19 07:00 AM,22.3,0,35
09/04/19 08:00 AM,25.1,0,193
09/04/19 09:00 AM,28.1,0,387
09/04/19 10:00 AM,30.9,0,568
09/04/19 11:00 AM,33.3,0,714
09/04/19 12:00 PM,34.6,0,810
09/04/19 01:00 PM,35.8,0,842
09/04/19 02:00 PM,36.4,1,819
09/04/19 03:00 PM,36.1,10,712
09/04/19 04:00 PM,34.3,14,541
09/04/19 05:00 PM,31.8,14,354
09/04/19 06:00 PM,28.7,7,192
09/04/19 07:00 PM,26.2,4,49
09/04/19 08:00 PM,24.4,1,0
09/04/19 09:00 PM,22.7,0,0
09/04/19 10:00 PM,21.7,0,0
09/04/19 11:00 PM,21.1,0,0
09/05/19 12:00 AM,20.6,0,0
09/05/19 01:00 AM,19.7,0,0
09/05/19 02:00 AM,19.2,0,0
09/05/19 03:00 AM,18.7,0,0
09/05/19 04:00 AM,17.9,0,0
09/05/19 05:00 AM,17.0,0,0
09/05/19 06:00 AM,16.5,0,0
09/05/19 07:00 AM,17.4,0,35
09/05/19 08:00 AM,20.2,0,199
09/05/19 09:00 AM,23.2,0,399
09/05/19 10:00 AM,26.7,0,585
09/05/19 11:00 AM,29.9,0,733
09/05/19 12:00 PM,28.0,0,830
09/05/19 01:00 PM,29.6,0,859
09/05/19 02:00 PM,30.3,0,835
09/05/19 03:00 PM,30.7,0,750
09/05/19 04:00 PM,31.1,0,612
09/05/19 05:00 PM,30.5,0,432
09/05/19 06:00 PM,28.6,0,232
09/05/19 07:00 PM,25.9,0,54
09/05/19 08:00 PM,24.1,0,0
09/05/19 09:00 PM,22.2,0,0
09/05/19 10:00 PM,20.4,0,0
09/05/19 11:00 PM,19.7,0,0
09/06/19 12:00 AM,18.9,1,0
09/06/19 01:00 AM,19.9,0,0
09/06/19 02:00 AM,21.5,0,0
09/06/19 03:00 AM,21.6,0,0
09/06/19 04:00 AM,21.2,0,0
09/06/19 05:00 AM,20.9,0,0
09/06/19 06:00 AM,20.5,0,0
09/06/19 07:00 AM,21.2,0,34
09/06/19 08:00 AM,23.9,0,195
09/06/19 09:00 AM,26.7,0,393
09/06/19 10:00 AM,29.2,0,576
09/06/19 11:00 AM,31.1,0,722
09/06/19 12:00 PM,31.0,0,816
09/06/19 01:00 PM,32.6,0,849
09/06/19 02:00 PM,32.8,0,822
09/06/19 03:00 PM,33.4,0,735
09/06/19 04:00 PM,33.7,0,596
09/06/19 05:00 PM,33.7,0,419
09/06/19 06:00 PM,31.5,0,221
09/06/19 07:00 PM,27.4,0,49
09/06/19 08:00 PM,25.9,0,0
09/06/19 09:00 PM,24.4,0,0
09/06/19 10:00 PM,23.4,0,0
09/06/19 11:00 PM,22.6,0,0
09/07/19 12:00 AM,22.1,0,0
09/07/19 01:00 AM,21.4,0,0
09/07/19 02:00 AM,20.6,0,0
09/07/19 03:00 AM,19.8,0,0
09/07/19 04:00 AM,19.5,0,0
09/07/19 05:00 AM,19.3,0,0
09/07/19 06:00 AM,18.6,0,0
09/07/19 07:00 AM,19.2,0,33
09/07/19 08:00 AM,21.7,0,196
09/07/19 09:00 AM,24.7,0,396
09/07/19 10:00 AM,27.3,0,581
09/07/19 11:00 AM,29.2,0,727
09/07/19 12:00 PM,28.7,0,820
09/07/19 01:00 PM,29.1,0,848
09/07/19 02:00 PM,30.3,0,818
09/07/19 03:00 PM,30.5,0,730
09/07/19 04:00 PM,30.4,0,590
09/07/19 05:00 PM,30.1,0,412
09/07/19 06:00 PM,29.1,0,215
09/07/19 07:00 PM,26.9,0,45
09/07/19 08:00 PM,25.4,0,0
09/07/19 09:00 PM,24.3,0,0
09/07/19 10:00 PM,23.4,0,0
09/07/19 11:00 PM,22.5,0,0
09/08/19 12:00 AM,20.7,1,0
09/08/19 01:00 AM,20.3,1,0
09/08/19 02:00 AM,19.1,2,0
09/08/19 03:00 AM,18.1,0,0
09/08/19 04:00 AM,17.9,0,0
09/08/19 05:00 AM,17.7,0,0
09/08/19 06:00 AM,18.0,0,0
09/08/19 07:00 AM,19.3,0,30
09/08/19 08:00 AM,22.1,0,186
09/08/19 09:00 AM,24.9,0,380
09/08/19 10:00 AM,27.0,0,561
09/08/19 11:00 AM,28.5,0,706
09/08/19 12:00 PM,28.6,10,800
09/08/19 01:00 PM,29.4,7,767
09/08/19 02:00 PM,30.0,3,775
09/08/19 03:00 PM,30.2,0,703
09/08/19 04:00 PM,29.6,2,579
09/08/19 05:00 PM,28.0,3,391
09/08/19 06:00 PM,25.9,3,199
09/08/19 07:00 PM,23.8,3,40
09/08/19 08:00 PM,23.1,3,0
09/08/19 09:00 PM,22.7,2,0
09/08/19 10:00 PM,22.1,2,0
09/08/19 11:00 PM,21.1,1,0
09/09/19 12:00 AM,20.3,1,0
09/09/19 01:00 AM,19.0,0,0
09/09/19 02:00 AM,18.6,0,0
09/09/19 03:00 AM,18.1,0,0
09/09/19 04:00 AM,17.3,0,0
09/09/19 05:00 AM,16.4,0,0
09/09/19 06:00 AM,15.7,0,0
09/09/19 07:00 AM,17.6,0,29
09/09/19 08:00 AM,20.0,0,183
09/09/19 09:00 AM,22.1,1,378
09/09/19 10:00 AM,24.3,0,558
09/09/19 11:00 AM,26.1,0,705
09/09/19 12:00 PM,26.8,8,800
09/09/19 01:00 PM,28.0,29,834
09/09/19 02:00 PM,27.8,27,800
09/09/19 03:00 PM,27.1,29,705
09/09/19 04:00 PM,25.7,30,526
09/09/19 05:00 PM,22.1,29,293
09/09/19 06:00 PM,20.0,27,133
09/09/19 07:00 PM,18.9,6,27
09/09/19 08:00 PM,17.9,1,0
09/09/19 09:00 PM,17.3,0,0
09/09/19 10:00 PM,17.2,1,0
09/09/19 11:00 PM,17.2,31,0
09/10/19 12:00 AM,17.5,77,0
09/10/19 01:00 AM,17.8,19,0
09/10/19 02:00 AM,16.9,57,0
09/10/19 03:00 AM,17.1,44,0
09/10/19 04:00 AM,17.2,22,0
09/10/19 05:00 AM,17.0,22,0
09/10/19 06:00 AM,16.3,17,0
09/10/19 07:00 AM,16.4,11,28
09/10/19 08:00 AM,17.3,21,181
09/10/19 09:00 AM,18.7,23,372
09/10/19 10:00 AM,20.3,23,559
09/10/19 11:00 AM,21.8,24,698
09/10/19 12:00 PM,22.9,23,791
09/10/19 01:00 PM,24.0,7,839
09/10/19 02:00 PM,23.9,4,818
09/10/19 03:00 PM,23.7,0,728
09/10/19 04:00 PM,22.5,0,587
09/10/19 05:00 PM,21.2,0,405
09/10/19 06:00 PM,19.5,0,205
09/10/19 07:00 PM,18.0,0,38
09/10/19 08:00 PM,17.2,0,0
09/10/19 09:00 PM,17.0,0,0
09/10/19 10:00 PM,16.8,0,0
09/10/19 11:00 PM,16.6,0,0
09/11/19 12:00 AM,16.3,3,0
09/11/19 01:00 AM,15.8,8,0
09/11/19 02:00 AM,15.5,10,0
09/11/19 03:00 AM,15.1,15,0
09/11/19 04:00 AM,15.1,9,0
09/11/19 05:00 AM,15.0,2,0
09/11/19 06:00 AM,15.0,5,0
09/11/19 07:00 AM,15.9,7,27
09/11/19 08:00 AM,18.6,3,183
09/11/19 09:00 AM,21.2,0,385
09/11/19 10:00 AM,23.3,8,572
09/11/19 11:00 AM,25.2,0,716
09/11/19 12:00 PM,26.8,0,810
09/11/19 01:00 PM,28.3,0,843
09/11/19 02:00 PM,29.1,0,813
09/11/19 03:00 PM,29.4,0,721
09/11/19 04:00 PM,29.7,0,578
09/11/19 05:00 PM,29.5,16,396
09/11/19 06:00 PM,25.8,1,197
09/11/19 07:00 PM,23.3,0,34
09/11/19 08:00 PM,22.5,7,0
09/11/19 09:00 PM,21.4,5,0
09/11/19 10:00 PM,21.0,2,0
09/11/19 11:00 PM,20.8,8,0
09/12/19 12:00 AM,20.3,17,0
09/12/19 01:00 AM,20.2,0,0
09/12/19 02:00 AM,20.4,0,0
09/12/19 03:00 AM,20.2,0,0
09/12/19 04:00 AM,21.1,0,0
09/12/19 05:00 AM,21.7,2,0
09/12/19 06:00 AM,20.5,0,0
09/12/19 07:00 AM,20.3,0,25
09/12/19 08:00 AM,22.4,0,177
09/12/19 09:00 AM,25.0,0,374
09/12/19 10:00 AM,27.5,0,557
09/12/19 11:00 AM,29.6,0,700
09/12/19 12:00 PM,30.9,0,786
09/12/19 01:00 PM,32.6,0,815
09/12/19 02:00 PM,33.3,0,789
09/12/19 03:00 PM,33.6,3,701
09/12/19 04:00 PM,34.3,48,556
09/12/19 05:00 PM,32.4,19,246
09/12/19 06:00 PM,32.0,35,159
09/12/19 07:00 PM,30.8,55,23
09/12/19 08:00 PM,29.7,0,0
09/12/19 09:00 PM,27.4,1,0
09/12/19 10:00 PM,26.5,11,0
09/12/19 11:00 PM,25.4,22,0
09/13/19 12:00 AM,24.7,60,0
09/13/19 01:00 AM,24.6,15,0
09/13/19 02:00 AM,23.2,5,0
09/13/19 03:00 AM,22.6,0,0
09/13/19 04:00 AM,22.0,0,0
09/13/19 05:00 AM,20.8,1,0
09/13/19 06:00 AM,20.5,0,0
09/13/19 07:00 AM,21.1,6,24
09/13/19 08:00 AM,23.5,14,170
09/13/19 09:00 AM,26.2,0,362
09/13/19 10:00 AM,28.8,19,543
09/13/19 11:00 AM,30.5,14,690
09/13/19 12:00 PM,30.8,11,781
09/13/19 01:00 PM,31.6,12,781
09/13/19 02:00 PM,32.3,55,731
09/13/19 03:00 PM,30.5,23,359
09/13/19 04:00 PM,30.5,14,491
09/13/19 05:00 PM,29.9,33,361
09/13/19 06:00 PM,28.7,42,126
09/13/19 07:00 PM,27.1,55,17
09/13/19 08:00 PM,26.7,47,0
09/13/19 09:00 PM,25.4,7,0
09/13/19 10:00 PM,24.0,1,0
09/13/19 11:00 PM,22.9,3,0
09/14/19 12:00 AM,25.0,59,0
09/14/19 01:00 AM,24.3,4,0
09/14/19 02:00 AM,22.4,3,0
09/14/19 03:00 AM,21.0,1,0
09/14/19 04:00 AM,19.8,0,0
09/14/19 05:00 AM,19.2,0,0
09/14/19 06:00 AM,18.8,0,0
09/14/19 07:00 AM,19.2,0,23
09/14/19 08:00 AM,21.5,0,169
09/14/19 09:00 AM,23.8,0,361
09/14/19 10:00 AM,26.0,0,540
09/14/19 11:00 AM,27.7,1,683
09/14/19 12:00 PM,28.5,22,767
09/14/19 01:00 PM,29.5,19,637
09/14/19 02:00 PM,30.1,16,618
09/14/19 03:00 PM,30.3,25,588
09/14/19 04:00 PM,29.8,31,400
09/14/19 05:00 PM,29.5,25,239
09/14/19 06:00 PM,28.4,19,133
09/14/19 07:00 PM,26.5,14,22
09/14/19 08:00 PM,25.3,2,0
09/14/19 09:00 PM,24.8,4,0
09/14/19 10:00 PM,24.4,6,0
09/14/19 11:00 PM,23.2,1,0
09/15/19 12:00 AM,20.8,2,0
09/15/19 01:00 AM,18.7,12,0
09/15/19 02:00 AM,18.4,16,0
09/15/19 03:00 AM,18.0,4,0
09/15/19 04:00 AM,19.4,16,0
09/15/19 05:00 AM,19.6,18,0
09/15/19 06:00 AM,17.9,20,0
09/15/19 07:00 AM,19.2,12,19
09/15/19 08:00 AM,21.3,19,147
09/15/19 09:00 AM,23.7,13,313
09/15/19 10:00 AM,25.7,17,480
09/15/19 11:00 AM,27.1,28,599
09/15/19 12:00 PM,27.5,19,642
09/15/19 01:00 PM,28.5,11,740
09/15/19 02:00 PM,29.1,35,743
09/15/19 03:00 PM,28.9,29,613
09/15/19 04:00 PM,28.6,34,429
09/15/19 05:00 PM,27.3,6,283
09/15/19 06:00 PM,25.6,5,160
09/15/19 07:00 PM,23.1,6,22
09/15/19 08:00 PM,22.1,2,0
09/15/19 09:00 PM,21.7,2,0
09/15/19 10:00 PM,21.3,1,0
09/15/19 11:00 PM,20.6,1,0
09/16/19 12:00 AM,19.6,2,0
09/16/19 01:00 AM,18.6,7,0
09/16/19 02:00 AM,17.9,26,0
09/16/19 03:00 AM,17.4,50,0
09/16/19 04:00 AM,17.1,64,0
09/16/19 05:00 AM,16.9,50,0
09/16/19 06:00 AM,16.6,96,0
09/16/19 07:00 AM,16.9,75,16
09/16/19 08:00 AM,18.5,14,122
09/16/19 09:00 AM,20.2,3,323
09/16/19 10:00 AM,21.8,1,500
09/16/19 11:00 AM,23.0,6,632
09/16/19 12:00 PM,23.5,10,698
09/16/19 01:00 PM,24.5,2,769
09/16/19 02:00 PM,24.6,9,758
09/16/19 03:00 PM,24.1,17,671
09/16/19 04:00 PM,23.4,1,510
09/16/19 05:00 PM,22.6,0,354
09/16/19 06:00 PM,21.5,0,165
09/16/19 07:00 PM,20.3,0,21
09/16/19 08:00 PM,19.6,0,0
09/16/19 09:00 PM,18.2,28,0
09/16/19 10:00 PM,18.2,31,0
09/16/19 11:00 PM,18.7,30,0
09/17/19 12:00 AM,18.5,32,0
09/17/19 01:00 AM,18.3,40,0
09/17/19 02:00 AM,18.2,100,0
09/17/19 03:00 AM,17.9,92,0
09/17/19 04:00 AM,16.7,90,0
09/17/19 05:00 AM,17.5,100,0
09/17/19 06:00 AM,17.6,100,0
09/17/19 07:00 AM,17.9,94,13
09/17/19 08:00 AM,18.6,18,87
09/17/19 09:00 AM,20.6,15,308
09/17/19 10:00 AM,22.5,5,494
09/17/19 11:00 AM,24.4,0,648
09/17/19 12:00 PM,24.7,22,758
09/17/19 01:00 PM,25.8,2,734
09/17/19 02:00 PM,26.3,0,761
09/17/19 03:00 PM,25.7,0,669
09/17/19 04:00 PM,24.9,0,521
09/17/19 05:00 PM,23.6,0,354
09/17/19 06:00 PM,21.6,0,162
09/17/19 07:00 PM,19.9,0,20
09/17/19 08:00 PM,19.6,1,0
09/17/19 09:00 PM,19.1,0,0
09/17/19 10:00 PM,18.6,0,0
09/17/19 11:00 PM,17.8,1,0
09/18/19 12:00 AM,17.2,0,0
09/18/19 01:00 AM,16.5,0,0
09/18/19 02:00 AM,16.2,3,0
09/18/19 03:00 AM,15.7,1,0
09/18/19 04:00 AM,15.5,2,0
09/18/19 05:00 AM,15.5,4,0
09/18/19 06:00 AM,15.4,12,0
09/18/19 07:00 AM,16.0,28,18
09/18/19 08:00 AM,18.2,28,151
09/18/19 09:00 AM,20.2,8,331
09/18/19 10:00 AM,22.0,10,516
09/18/19 11:00 AM,23.4,9,661
09/18/19 12:00 PM,24.2,62,752
09/18/19 01:00 PM,24.6,29,734
09/18/19 02:00 PM,25.0,32,757
09/18/19 03:00 PM,24.3,30,609
09/18/19 04:00 PM,23.0,29,425
09/18/19 05:00 PM,21.9,29,234
09/18/19 06:00 PM,20.5,29,107
09/18/19 07:00 PM,19.5,30,13
09/18/19 08:00 PM,19.2,32,0
09/18/19 09:00 PM,18.6,41,0
09/18/19 10:00 PM,17.8,31,0
09/18/19 11:00 PM,17.0,42,0
09/19/19 12:00 AM,17.4,20,0
09/19/19 01:00 AM,17.1,58,0
09/19/19 02:00 AM,17.4,89,0
09/19/19 03:00 AM,17.0,78,0
09/19/19 04:00 AM,16.6,91,0
09/19/19 05:00 AM,16.9,83,0
09/19/19 06:00 AM,16.9,100,0
09/19/19 07:00 AM,17.7,83,12
09/19/19 08:00 AM,18.9,52,121
09/19/19 09:00 AM,20.9,95,308
09/19/19 10:00 AM,22.4,23,473
09/19/19 11:00 AM,24.1,29,663
09/19/19 12:00 PM,22.1,59,747
09/19/19 01:00 PM,24.4,18,739
09/19/19 02:00 PM,25.3,20,742
09/19/19 03:00 PM,25.5,31,662
09/19/19 04:00 PM,24.2,30,415
09/19/19 05:00 PM,22.5,53,229
09/19/19 06:00 PM,21.0,85,70
09/19/19 07:00 PM,20.5,41,5
09/19/19 08:00 PM,19.6,44,0
09/19/19 09:00 PM,19.3,54,0
09/19/19 10:00 PM,18.9,46,0
09/19/19 11:00 PM,18.7,45,0
09/20/19 12:00 AM,17.6,84,0
09/20/19 01:00 AM,17.4,100,0
09/20/19 02:00 AM,17.7,100,0
09/20/19 03:00 AM,17.9,96,0
09/20/19 04:00 AM,17.0,100,0
09/20/19 05:00 AM,17.6,59,0
09/20/19 06:00 AM,16.6,57,0
09/20/19 07:00 AM,17.2,53,12
09/20/19 08:00 AM,18.5,54,112
09/20/19 09:00 AM,19.2,73,220
09/20/19 10:00 AM,19.5,94,254
09/20/19 11:00 AM,20.5,52,364
09/20/19 12:00 PM,21.6,65,527
09/20/19 01:00 PM,22.2,89,565
09/20/19 02:00 PM,22.2,82,522
09/20/19 03:00 PM,22.7,63,580
09/20/19 04:00 PM,22.2,22,502
09/20/19 05:00 PM,21.3,5,318
09/20/19 06:00 PM,20.0,14,140
09/20/19 07:00 PM,18.9,39,13
09/20/19 08:00 PM,18.7,37,0
09/20/19 09:00 PM,18.1,69,0
09/20/19 10:00 PM,17.7,100,0
09/20/19 11:00 PM,18.0,100,0
09/21/19 12:00 AM,18.1,100,0
09/21/19 01:00 AM,18.4,100,0
09/21/19 02:00 AM,18.9,100,0
09/21/19 03:00 AM,19.0,91,0
09/21/19 04:00 AM,18.9,77,0
09/21/19 05:00 AM,18.7,96,0
09/21/19 06:00 AM,18.8,100,0
09/21/19 07:00 AM,18.9,100,5
09/21/19 08:00 AM,19.2,100,19
09/21/19 09:00 AM,20.1,93,102
09/21/19 10:00 AM,21.1,70,332
09/21/19 11:00 AM,21.6,78,353
09/21/19 12:00 PM,20.1,73,320
09/21/19 01:00 PM,20.7,100,321
09/21/19 02:00 PM,21.2,100,484
09/21/19 03:00 PM,20.6,100,342
09/21/19 04:00 PM,20.0,100,170
09/21/19 05:00 PM,19.7,100,98
09/21/19 06:00 PM,19.6,100,37
09/21/19 07:00 PM,19.2,8,4
09/21/19 08:00 PM,17.8,2,0
09/21/19 09:00 PM,17.2,1,0
09/21/19 10:00 PM,16.4,0,0
09/21/19 11:00 PM,16.2,0,0
09/22/19 12:00 AM,16.0,0,0
09/22/19 01:00 AM,15.6,2,0
09/22/19 02:00 AM,15.6,6,0
09/22/19 03:00 AM,15.5,14,0
09/22/19 04:00 AM,15.9,21,0
09/22/19 05:00 AM,16.2,30,0
09/22/19 06:00 AM,16.1,41,0
09/22/19 07:00 AM,16.7,36,14
09/22/19 08:00 AM,18.2,48,124
09/22/19 09:00 AM,19.5,65,272
09/22/19 10:00 AM,20.5,76,376
09/22/19 11:00 AM,21.8,58,513
09/22/19 12:00 PM,22.4,68,592
09/22/19 01:00 PM,22.7,52,538
09/22/19 02:00 PM,22.9,40,623
09/22/19 03:00 PM,22.9,51,571
09/22/19 04:00 PM,22.7,61,468
09/22/19 05:00 PM,21.8,52,249
09/22/19 06:00 PM,20.4,21,86
09/22/19 07:00 PM,18.8,24,11
09/22/19 08:00 PM,17.8,2,0
09/22/19 09:00 PM,17.0,4,0
09/22/19 10:00 PM,16.5,9,0
09/22/19 11:00 PM,16.1,29,0
09/23/19 12:00 AM,16.1,29,0
09/23/19 01:00 AM,15.7,27,0
09/23/19 02:00 AM,14.5,29,0
09/23/19 03:00 AM,14.8,28,0
09/23/19 04:00 AM,15.3,79,0
09/23/19 05:00 AM,14.8,100,0
09/23/19 06:00 AM,13.9,100,0
09/23/19 07:00 AM,14.1,100,10
09/23/19 08:00 AM,15.2,100,93
09/23/19 09:00 AM,17.1,100,244
09/23/19 10:00 AM,19.7,41,496
09/23/19 11:00 AM,21.2,69,622
09/23/19 12:00 PM,21.9,62,642
09/23/19 01:00 PM,22.5,88,702
09/23/19 02:00 PM,22.7,30,696
09/23/19 03:00 PM,23.0,7,643
09/23/19 04:00 PM,22.4,4,503
09/23/19 05:00 PM,21.6,0,325
09/23/19 06:00 PM,20.0,0,136
09/23/19 07:00 PM,18.4,0,10
09/23/19 08:00 PM,17.9,0,0
09/23/19 09:00 PM,17.4,1,0
09/23/19 10:00 PM,16.9,9,0
09/23/19 11:00 PM,16.5,6,0
09/24/19 12:00 AM,16.6,0,0
09/24/19 01:00 AM,16.5,0,0
09/24/19 02:00 AM,16.2,0,0
09/24/19 03:00 AM,15.5,0,0
09/24/19 04:00 AM,15.3,0,0
09/24/19 05:00 AM,16.2,0,0
09/24/19 06:00 AM,16.7,3,0
09/24/19 07:00 AM,16.2,32,12
09/24/19 08:00 AM,19.0,90,118
09/24/19 09:00 AM,20.4,90,161
09/24/19 10:00 AM,21.3,90,243
09/24/19 11:00 AM,22.1,91,356
09/24/19 12:00 PM,21.7,97,186
09/24/19 01:00 PM,21.4,100,207
09/24/19 02:00 PM,21.4,100,168
09/24/19 03:00 PM,21.6,94,143
09/24/19 04:00 PM,22.8,73,193
09/24/19 05:00 PM,23.4,6,207
09/24/19 06:00 PM,22.4,28,122
09/24/19 07:00 PM,20.4,4,8
09/24/19 08:00 PM,19.1,1,0
09/24/19 09:00 PM,18.5,26,0
09/24/19 10:00 PM,17.9,32,0
09/24/19 11:00 PM,17.4,18,0
09/25/19 12:00 AM,17.2,19,0
09/25/19 01:00 AM,16.8,7,0
09/25/19 02:00 AM,16.4,4,0
09/25/19 03:00 AM,16.0,4,0
09/25/19 04:00 AM,15.7,2,0
09/25/19 05:00 AM,15.5,2,0
09/25/19 06:00 AM,15.4,1,0
09/25/19 07:00 AM,15.7,1,12
09/25/19 08:00 AM,17.5,0,144
09/25/19 09:00 AM,19.1,1,336
09/25/19 10:00 AM,20.5,0,516
09/25/19 11:00 AM,21.9,4,656
09/25/19 12:00 PM,22.9,1,740
09/25/19 01:00 PM,23.8,0,768
09/25/19 02:00 PM,24.2,0,735
09/25/19 03:00 PM,24.1,0,640
09/25/19 04:00 PM,23.8,0,493
09/25/19 05:00 PM,22.9,0,315
09/25/19 06:00 PM,20.9,0,127
09/25/19 07:00 PM,19.3,0,8
09/25/19 08:00 PM,18.3,0,0
09/25/19 09:00 PM,17.6,0,0
09/25/19 10:00 PM,17.1,0,0
09/25/19 11:00 PM,16.7,1,0
09/26/19 12:00 AM,16.7,1,0
09/26/19 01:00 AM,16.6,1,0
09/26/19 02:00 AM,16.4,0,0
09/26/19 03:00 AM,16.2,0,0
09/26/19 04:00 AM,15.9,0,0
09/26/19 05:00 AM,15.7,0,0
09/26/19 06:00 AM,15.6,0,0
09/26/19 07:00 AM,15.8,0,12
09/26/19 08:00 AM,17.8,0,141
09/26/19 09:00 AM,19.7,0,332
09/26/19 10:00 AM,21.3,0,511
09/26/19 11:00 AM,22.9,0,652
09/26/19 12:00 PM,24.1,0,740
09/26/19 01:00 PM,25.4,0,772
09/26/19 02:00 PM,26.1,0,738
09/26/19 03:00 PM,25.9,0,644
09/26/19 04:00 PM,25.1,0,497
09/26/19 05:00 PM,23.9,0,315
09/26/19 06:00 PM,21.9,0,125
09/26/19 07:00 PM,19.6,0,7
09/26/19 08:00 PM,18.2,0,0
09/26/19 09:00 PM,17.5,1,0
09/26/19 10:00 PM,17.0,1,0
09/26/19 11:00 PM,16.5,0,0
09/27/19 12:00 AM,16.3,1,0
09/27/19 01:00 AM,16.1,1,0
09/27/19 02:00 AM,16.0,1,0
09/27/19 03:00 AM,15.9,3,0
09/27/19 04:00 AM,15.9,5,0
09/27/19 05:00 AM,15.8,7,0
09/27/19 06:00 AM,15.8,12,0
09/27/19 07:00 AM,15.8,8,11
09/27/19 08:00 AM,17.5,3,138
09/27/19 09:00 AM,19.1,2,334
09/27/19 10:00 AM,20.9,0,515
09/27/19 11:00 AM,22.9,0,657
09/27/19 12:00 PM,24.6,0,746
09/27/19 01:00 PM,26.0,0,774
09/27/19 02:00 PM,26.8,0,740
09/27/19 03:00 PM,26.8,0,646
09/27/19 04:00 PM,25.9,0,496
09/27/19 05:00 PM,24.3,0,312
09/27/19 06:00 PM,22.0,0,121
09/27/19 07:00 PM,20.0,0,6
09/27/19 08:00 PM,19.0,0,0
09/27/19 09:00 PM,18.3,0,0
09/27/19 10:00 PM,17.8,1,0
09/27/19 11:00 PM,17.5,0,0
09/28/19 12:00 AM,17.3,1,0
09/28/19 01:00 AM,17.1,0,0
09/28/19 02:00 AM,16.8,0,0
09/28/19 03:00 AM,16.4,0,0
09/28/19 04:00 AM,16.0,1,0
09/28/19 05:00 AM,15.7,1,0
09/28/19 06:00 AM,15.4,1,0
09/28/19 07:00 AM,15.4,1,10
09/28/19 08:00 AM,17.0,0,139
09/28/19 09:00 AM,19.0,0,331
09/28/19 10:00 AM,21.2,0,513
09/28/19 11:00 AM,23.2,0,656
09/28/19 12:00 PM,23.9,0,746
09/28/19 01:00 PM,24.9,0,769
09/28/19 02:00 PM,25.6,0,735
09/28/19 03:00 PM,26.0,0,641
09/28/19 04:00 PM,26.1,0,494
09/28/19 05:00 PM,26.0,0,311
09/28/19 06:00 PM,23.4,0,119
09/28/19 07:00 PM,20.0,0,5
09/28/19 08:00 PM,18.3,0,0
09/28/19 09:00 PM,17.2,0,0
09/28/19 10:00 PM,16.4,0,0
09/28/19 11:00 PM,16.0,1,0
09/29/19 12:00 AM,16.0,3,0
09/29/19 01:00 AM,15.7,3,0
09/29/19 02:00 AM,15.4,4,0
09/29/19 03:00 AM,15.0,1,0
09/29/19 04:00 AM,14.7,1,0
09/29/19 05:00 AM,14.5,1,0
09/29/19 06:00 AM,14.1,0,0
09/29/19 07:00 AM,14.1,0,10
09/29/19 08:00 AM,16.4,1,138
09/29/19 09:00 AM,18.7,0,333
09/29/19 10:00 AM,21.0,0,515
09/29/19 11:00 AM,23.1,0,660
09/29/19 12:00 PM,23.7,0,750
09/29/19 01:00 PM,25.2,0,767
09/29/19 02:00 PM,26.1,0,730
09/29/19 03:00 PM,26.6,0,633
09/29/19 04:00 PM,26.7,0,484
09/29/19 05:00 PM,26.2,0,301
09/29/19 06:00 PM,24.0,0,111
09/29/19 07:00 PM,21.0,0,4
09/29/19 08:00 PM,19.5,0,0
09/29/19 09:00 PM,18.7,0,0
09/29/19 10:00 PM,18.0,0,0
09/29/19 11:00 PM,17.7,1,0
09/30/19 12:00 AM,17.5,0,0
09/30/19 01:00 AM,17.2,3,0
09/30/19 02:00 AM,16.8,16,0
09/30/19 03:00 AM,16.7,25,0
09/30/19 04:00 AM,16.7,33,0
09/30/19 05:00 AM,16.6,35,0
09/30/19 06:00 AM,16.7,25,0
09/30/19 07:00 AM,16.7,90,8
09/30/19 08:00 AM,17.9,72,103
09/30/19 09:00 AM,20.2,72,268
09/30/19 10:00 AM,22.1,0,464
09/30/19 11:00 AM,24.3,0,642
09/30/19 12:00 PM,25.0,0,726
09/30/19 01:00 PM,25.9,0,751
09/30/19 02:00 PM,25.6,0,708
09/30/19 03:00 PM,25.3,0,616
09/30/19 04:00 PM,25.2,0,470
09/30/19 05:00 PM,24.3,0,296
09/30/19 06:00 PM,22.3,0,108
09/30/19 07:00 PM,20.6,0,3
09/30/19 08:00 PM,19.1,9,0
09/30/19 09:00 PM,18.5,48,0
09/30/19 10:00 PM,18.2,22,0
09/30/19 11:00 PM,17.8,33,0
10/01/19 12:00 AM,18.3,33,0
10/01/19 01:00 AM,18.0,9,0
10/01/19 02:00 AM,17.7,29,0
10/01/19 03:00 AM,17.7,36,0
10/01/19 04:00 AM,17.7,39,0
10/01/19 05:00 AM,17.4,34,0
10/01/19 06:00 AM,17.2,53,0
10/01/19 07:00 AM,17.5,43,5
10/01/19 08:00 AM,19.4,76,103
10/01/19 09:00 AM,21.0,100,226
10/01/19 10:00 AM,21.6,49,233
10/01/19 11:00 AM,23.8,70,511
10/01/19 12:00 PM,23.6,88,589
10/01/19 01:00 PM,25.1,42,454
10/01/19 02:00 PM,25.8,25,657
10/01/19 03:00 PM,25.7,5,569
10/01/19 04:00 PM,25.2,0,457
10/01/19 05:00 PM,24.1,0,289
10/01/19 06:00 PM,22.2,0,103
10/01/19 07:00 PM,20.3,0,3
10/01/19 08:00 PM,18.9,0,0
10/01/19 09:00 PM,18.2,15,0
10/01/19 10:00 PM,17.9,15,0
10/01/19 11:00 PM,17.4,12,0
10/02/19 12:00 AM,17.3,5,0
10/02/19 01:00 AM,16.8,7,0
10/02/19 02:00 AM,16.5,15,0
10/02/19 03:00 AM,16.1,15,0
10/02/19 04:00 AM,15.7,32,0
10/02/19 05:00 AM,15.8,100,0
10/02/19 06:00 AM,16.1,40,0
10/02/19 07:00 AM,15.3,30,7
10/02/19 08:00 AM,17.1,28,125
10/02/19 09:00 AM,18.8,41,307
10/02/19 10:00 AM,20.2,67,491
10/02/19 11:00 AM,21.6,30,600
10/02/19 12:00 PM,23.0,28,722
10/02/19 01:00 PM,24.1,24,750
10/02/19 02:00 PM,24.7,21,703
10/02/19 03:00 PM,24.9,27,600
10/02/19 04:00 PM,24.4,29,464
10/02/19 05:00 PM,23.0,29,269
10/02/19 06:00 PM,20.4,29,95
10/02/19 07:00 PM,18.4,29,2
10/02/19 08:00 PM,17.3,27,0
10/02/19 09:00 PM,16.6,26,0
10/02/19 10:00 PM,15.9,14,0
10/02/19 11:00 PM,15.4,24,0
10/03/19 12:00 AM,14.8,25,0
10/03/19 01:00 AM,14.6,27,0
10/03/19 02:00 AM,14.6,27,0
10/03/19 03:00 AM,14.5,28,0
10/03/19 04:00 AM,14.3,27,0
10/03/19 05:00 AM,14.3,26,0
10/03/19 06:00 AM,14.2,26,0
10/03/19 07:00 AM,14.5,28,7
10/03/19 08:00 AM,16.5,28,120
10/03/19 09:00 AM,18.4,28,301
10/03/19 10:00 AM,20.3,27,479
10/03/19 11:00 AM,22.3,26,617
10/03/19 12:00 PM,24.0,28,703
10/03/19 01:00 PM,25.4,25,719
10/03/19 02:00 PM,26.8,27,684
10/03/19 03:00 PM,26.0,0,593
10/03/19 04:00 PM,24.3,0,447
10/03/19 05:00 PM,23.6,1,270
10/03/19 06:00 PM,21.7,0,90
10/03/19 07:00 PM,20.0,0,2
10/03/19 08:00 PM,19.0,1,0
10/03/19 09:00 PM,18.3,1,0
10/03/19 10:00 PM,17.9,2,0
10/03/19 11:00 PM,17.8,2,0
10/04/19 12:00 AM,17.6,7,0
10/04/19 01:00 AM,17.7,69,0
10/04/19 02:00 AM,18.2,90,0
10/04/19 03:00 AM,19.1,90,0
10/04/19 04:00 AM,19.5,90,0
10/04/19 05:00 AM,19.1,90,0
10/04/19 06:00 AM,18.9,90,0
10/04/19 07:00 AM,19.1,88,3
10/04/19 08:00 AM,20.1,51,53
10/04/19 09:00 AM,21.6,47,188
10/04/19 10:00 AM,22.8,74,371
10/04/19 11:00 AM,23.2,63,493
10/04/19 12:00 PM,23.8,89,446
10/04/19 01:00 PM,24.1,90,582
10/04/19 02:00 PM,23.7,90,441
10/04/19 03:00 PM,24.2,3,466
10/04/19 04:00 PM,24.7,1,446
10/04/19 05:00 PM,24.7,0,271
10/04/19 06:00 PM,22.9,0,89
10/04/19 07:00 PM,20.3,0,1
10/04/19 08:00 PM,19.0,0,0
10/04/19 09:00 PM,18.3,0,0
10/04/19 10:00 PM,17.5,2,0
10/04/19 11:00 PM,16.7,4,0
10/05/19 12:00 AM,16.4,3,0
10/05/19 01:00 AM,16.1,27,0
10/05/19 02:00 AM,16.0,12,0
10/05/19 03:00 AM,15.5,4,0
10/05/19 04:00 AM,15.2,18,0
10/05/19 05:00 AM,15.0,31,0
10/05/19 06:00 AM,15.1,35,0
10/05/19 07:00 AM,15.4,42,5
10/05/19 08:00 AM,16.9,40,98
10/05/19 09:00 AM,18.1,41,267
10/05/19 10:00 AM,19.6,15,427
10/05/19 11:00 AM,21.3,10,607
10/05/19 12:00 PM,22.4,7,705
10/05/19 01:00 PM,23.3,10,732
10/05/19 02:00 PM,23.8,0,680
10/05/19 03:00 PM,24.2,1,604
10/05/19 04:00 PM,23.8,0,455
10/05/19 05:00 PM,21.9,0,272
10/05/19 06:00 PM,19.3,0,87
10/05/19 07:00 PM,17.9,24,1
10/05/19 08:00 PM,17.1,30,0
10/05/19 09:00 PM,16.7,0,0
10/05/19 10:00 PM,16.3,1,0
10/05/19 11:00 PM,16.0,0,0
10/06/19 12:00 AM,15.6,1,0
10/06/19 01:00 AM,15.5,1,0
10/06/19 02:00 AM,15.4,0,0
10/06/19 03:00 AM,15.2,0,0
10/06/19 04:00 AM,15.1,0,0
10/06/19 05:00 AM,15.1,0,0
10/06/19 06:00 AM,15.1,0,0
10/06/19 07:00 AM,15.3,0,5
10/06/19 08:00 AM,17.3,9,117
10/06/19 09:00 AM,19.2,0,302
10/06/19 10:00 AM,21.2,0,478
10/06/19 11:00 AM,23.3,0,618
10/06/19 12:00 PM,25.6,8,705
10/06/19 01:00 PM,27.0,7,728
10/06/19 02:00 PM,27.9,19,690
10/06/19 03:00 PM,27.9,20,588
10/06/19 04:00 PM,27.2,20,439
10/06/19 05:00 PM,25.5,16,258
10/06/19 06:00 PM,22.5,4,80
10/06/19 07:00 PM,20.6,0,1
10/06/19 08:00 PM,19.2,0,0
10/06/19 09:00 PM,18.2,25,0
10/06/19 10:00 PM,17.4,30,0
10/06/19 11:00 PM,17.0,46,0
10/07/19 12:00 AM,16.9,37,0
10/07/19 01:00 AM,16.5,29,0
10/07/19 02:00 AM,16.0,27,0
10/07/19 03:00 AM,15.8,23,0
10/07/19 04:00 AM,15.5,17,0
10/07/19 05:00 AM,15.4,14,0
10/07/19 06:00 AM,15.2,11,0
10/07/19 07:00 AM,15.3,1,4
10/07/19 08:00 AM,17.2,1,112
10/07/19 09:00 AM,19.5,0,297
10/07/19 10:00 AM,21.9,0,472
10/07/19 11:00 AM,24.3,6,609
10/07/19 12:00 PM,26.7,0,694
10/07/19 01:00 PM,28.1,4,720
10/07/19 02:00 PM,29.4,23,681
10/07/19 03:00 PM,29.8,23,583
10/07/19 04:00 PM,28.9,5,434
10/07/19 05:00 PM,26.4,13,253
10/07/19 06:00 PM,23.9,0,76
10/07/19 07:00 PM,21.6,14,0
10/07/19 08:00 PM,20.3,28,0
10/07/19 09:00 PM,19.4,19,0
10/07/19 10:00 PM,18.8,20,0
10/07/19 11:00 PM,18.3,27,0
10/08/19 12:00 AM,18.5,19,0
10/08/19 01:00 AM,18.3,12,0
10/08/19 02:00 AM,18.2,17,0
10/08/19 03:00 AM,18.2,10,0
10/08/19 04:00 AM,18.2,11,0
10/08/19 05:00 AM,18.1,24,0
10/08/19 06:00 AM,18.1,25,0
10/08/19 07:00 AM,18.3,25,4
10/08/19 08:00 AM,20.1,16,105
10/08/19 09:00 AM,22.2,13,285
10/08/19 10:00 AM,24.3,11,456
10/08/19 11:00 AM,26.2,1,589
10/08/19 12:00 PM,27.4,0,673
10/08/19 01:00 PM,28.9,0,699
10/08/19 02:00 PM,29.4,0,660
10/08/19 03:00 PM,28.5,6,564
10/08/19 04:00 PM,26.6,10,421
10/08/19 05:00 PM,24.6,1,245
10/08/19 06:00 PM,22.5,0,71
10/08/19 07:00 PM,20.5,2,0
10/08/19 08:00 PM,19.3,0,0
10/08/19 09:00 PM,18.4,1,0
10/08/19 10:00 PM,18.0,1,0
10/08/19 11:00 PM,17.5,2,0
10/09/19 12:00 AM,17.0,1,0
10/09/19 01:00 AM,16.7,1,0
10/09/19 02:00 AM,16.4,0,0
10/09/19 03:00 AM,16.2,0,0
10/09/19 04:00 AM,15.9,0,0
10/09/19 05:00 AM,15.8,1,0
10/09/19 06:00 AM,15.7,0,0
10/09/19 07:00 AM,15.8,0,4
10/09/19 08:00 AM,17.0,0,108
10/09/19 09:00 AM,18.4,1,294
10/09/19 10:00 AM,20.1,0,470
10/09/19 11:00 AM,21.6,0,609
10/09/19 12:00 PM,23.0,12,696
10/09/19 01:00 PM,23.7,16,723
10/09/19 02:00 PM,23.8,8,680
10/09/19 03:00 PM,23.3,2,583
10/09/19 04:00 PM,22.4,0,436
10/09/19 05:00 PM,20.6,0,254
10/09/19 06:00 PM,18.5,0,72
10/09/19 07:00 PM,17.1,0,0
10/09/19 08:00 PM,16.5,0,0
10/09/19 09:00 PM,16.1,0,0
10/09/19 10:00 PM,15.9,0,0
10/09/19 11:00 PM,15.5,0,0
10/10/19 12:00 AM,15.4,0,0
10/10/19 01:00 AM,15.2,0,0
10/10/19 02:00 AM,15.0,0,0
10/10/19 03:00 AM,14.8,0,0
10/10/19 04:00 AM,14.6,0,0
10/10/19 05:00 AM,14.4,0,0
10/10/19 06:00 AM,14.0,0,0
10/10/19 07:00 AM,13.9,0,3
10/10/19 08:00 AM,15.6,0,107
10/10/19 09:00 AM,17.9,0,293
10/10/19 10:00 AM,20.4,0,470
10/10/19 11:00 AM,22.9,0,609
10/10/19 12:00 PM,24.5,0,695
10/10/19 01:00 PM,26.2,0,715
10/10/19 02:00 PM,27.0,0,674
10/10/19 03:00 PM,27.4,0,575
10/10/19 04:00 PM,27.4,0,426
10/10/19 05:00 PM,26.3,0,244
10/10/19 06:00 PM,23.2,0,66
10/10/19 07:00 PM,21.1,0,0
10/10/19 08:00 PM,20.0,0,0
10/10/19 09:00 PM,18.6,0,0
10/10/19 10:00 PM,17.5,0,0
10/10/19 11:00 PM,17.3,0,0
10/11/19 12:00 AM,18.9,0,0
10/11/19 01:00 AM,15.9,0,0
10/11/19 02:00 AM,15.5,0,0
10/11/19 03:00 AM,15.6,1,0
10/11/19 04:00 AM,15.5,0,0
10/11/19 05:00 AM,15.5,0,0
10/11/19 06:00 AM,14.7,4,0
10/11/19 07:00 AM,15.2,28,3
10/11/19 08:00 AM,18.3,30,93
10/11/19 09:00 AM,21.0,29,249
10/11/19 10:00 AM,22.4,29,324
10/11/19 11:00 AM,23.3,29,345
10/11/19 12:00 PM,24.9,60,419
10/11/19 01:00 PM,25.7,85,479
10/11/19 02:00 PM,26.7,81,470
10/11/19 03:00 PM,27.1,75,391
10/11/19 04:00 PM,26.6,72,192
10/11/19 05:00 PM,23.8,46,98
10/11/19 06:00 PM,22.0,67,39
10/11/19 07:00 PM,20.8,41,0
10/11/19 08:00 PM,20.2,41,0
10/11/19 09:00 PM,18.4,52,0
10/11/19 10:00 PM,19.1,53,0
10/11/19 11:00 PM,19.3,32,0
10/12/19 12:00 AM,18.2,27,0
10/12/19 01:00 AM,17.2,92,0
10/12/19 02:00 AM,18.0,100,0
10/12/19 03:00 AM,18.5,100,0
10/12/19 04:00 AM,18.8,96,0
10/12/19 05:00 AM,18.4,100,0
10/12/19 06:00 AM,17.9,94,0
10/12/19 07:00 AM,17.8,92,1
10/12/19 08:00 AM,17.9,88,35
10/12/19 09:00 AM,18.2,94,136
10/12/19 10:00 AM,18.6,70,230
10/12/19 11:00 AM,19.2,75,336
10/12/19 12:00 PM,20.6,29,533
10/12/19 01:00 PM,20.8,17,593
10/12/19 02:00 PM,21.0,17,608
10/12/19 03:00 PM,20.6,38,533
10/12/19 04:00 PM,19.7,49,344
10/12/19 05:00 PM,18.7,32,169
10/12/19 06:00 PM,17.7,23,46
10/12/19 07:00 PM,17.2,14,0
10/12/19 08:00 PM,16.8,24,0
10/12/19 09:00 PM,16.8,21,0
10/12/19 10:00 PM,16.9,22,0
10/12/19 11:00 PM,17.0,22,0
10/13/19 12:00 AM,17.7,26,0
10/13/19 01:00 AM,17.5,11,0
10/13/19 02:00 AM,17.4,14,0
10/13/19 03:00 AM,17.3,10,0
10/13/19 04:00 AM,17.2,20,0
10/13/19 05:00 AM,17.3,26,0
10/13/19 06:00 AM,17.3,22,0
10/13/19 07:00 AM,17.2,14,2
10/13/19 08:00 AM,18.2,15,87
10/13/19 09:00 AM,19.1,14,243
10/13/19 10:00 AM,20.0,10,403
10/13/19 11:00 AM,20.9,7,551
10/13/19 12:00 PM,21.8,6,646
10/13/19 01:00 PM,22.0,2,671
10/13/19 02:00 PM,22.2,0,645
10/13/19 03:00 PM,21.8,0,550
10/13/19 04:00 PM,21.1,21,407
10/13/19 05:00 PM,20.0,28,196
10/13/19 06:00 PM,19.0,27,43
10/13/19 07:00 PM,18.6,30,0
10/13/19 08:00 PM,18.5,30,0
10/13/19 09:00 PM,18.2,55,0
10/13/19 10:00 PM,18.2,85,0
10/13/19 11:00 PM,18.0,100,0
10/14/19 12:00 AM,17.7,100,0
10/14/19 01:00 AM,16.6,100,0
10/14/19 02:00 AM,15.1,66,0
10/14/19 03:00 AM,14.8,42,0
10/14/19 04:00 AM,14.6,5,0
10/14/19 05:00 AM,14.2,22,0
10/14/19 06:00 AM,15.0,28,0
10/14/19 07:00 AM,15.9,56,1
10/14/19 08:00 AM,16.2,94,60
10/14/19 09:00 AM,15.8,100,128
10/14/19 10:00 AM,15.5,79,62
10/14/19 11:00 AM,16.4,78,151
10/14/19 12:00 PM,16.3,90,201
10/14/19 01:00 PM,17.9,34,168
10/14/19 02:00 PM,19.8,23,507
10/14/19 03:00 PM,19.6,21,489
10/14/19 04:00 PM,19.2,13,375
10/14/19 05:00 PM,18.1,8,210
10/14/19 06:00 PM,16.5,6,50
10/14/19 07:00 PM,15.4,5,0
10/14/19 08:00 PM,14.0,1,0
10/14/19 09:00 PM,13.3,0,0
10/14/19 10:00 PM,13.0,0,0
10/14/19 11:00 PM,12.5,5,0
10/15/19 12:00 AM,12.8,15,0
10/15/19 01:00 AM,12.5,16,0
10/15/19 02:00 AM,11.9,4,0
10/15/19 03:00 AM,11.5,11,0
10/15/19 04:00 AM,11.3,29,0
10/15/19 05:00 AM,11.1,32,0
10/15/19 06:00 AM,12.0,32,0
10/15/19 07:00 AM,12.8,31,1
10/15/19 08:00 AM,14.6,30,64
10/15/19 09:00 AM,17.1,29,237
10/15/19 10:00 AM,18.3,52,417
10/15/19 11:00 AM,19.2,100,539
10/15/19 12:00 PM,18.8,100,519
10/15/19 01:00 PM,18.8,100,470
10/15/19 02:00 PM,18.8,100,419
10/15/19 03:00 PM,18.6,100,308
10/15/19 04:00 PM,18.5,40,333
10/15/19 05:00 PM,17.4,30,184
10/15/19 06:00 PM,15.7,27,45
10/15/19 07:00 PM,14.8,24,0
10/15/19 08:00 PM,14.4,16,0
10/15/19 09:00 PM,14.5,16,0
10/15/19 10:00 PM,13.9,0,0
10/15/19 11:00 PM,13.1,0,0
10/16/19 12:00 AM,14.1,0,0
10/16/19 01:00 AM,13.9,5,0
10/16/19 02:00 AM,14.3,24,0
10/16/19 03:00 AM,14.8,57,0
10/16/19 04:00 AM,15.4,92,0
10/16/19 05:00 AM,15.3,50,0
10/16/19 06:00 AM,15.2,88,0
10/16/19 07:00 AM,15.9,94,1
10/16/19 08:00 AM,16.7,62,35
10/16/19 09:00 AM,17.8,64,160
10/16/19 10:00 AM,18.6,51,328
10/16/19 11:00 AM,18.8,100,443
10/16/19 12:00 PM,18.6,100,527
10/16/19 01:00 PM,18.7,100,320
10/16/19 02:00 PM,18.2,100,210
10/16/19 03:00 PM,18.3,75,248
10/16/19 04:00 PM,18.3,22,232
10/16/19 05:00 PM,17.8,51,181
10/16/19 06:00 PM,16.8,91,38
10/16/19 07:00 PM,17.2,61,0
10/16/19 08:00 PM,17.2,100,0
10/16/19 09:00 PM,17.7,72,0
10/16/19 10:00 PM,17.4,30,0
10/16/19 11:00 PM,17.0,44,0
10/17/19 12:00 AM,17.6,100,0
10/17/19 01:00 AM,17.9,100,0
10/17/19 02:00 AM,17.9,100,0
10/17/19 03:00 AM,18.0,100,0
10/17/19 04:00 AM,18.0,100,0
10/17/19 05:00 AM,17.9,100,0
10/17/19 06:00 AM,17.8,100,0
10/17/19 07:00 AM,17.8,100,0
10/17/19 08:00 AM,18.1,100,20
10/17/19 09:00 AM,18.6,100,53
10/17/19 10:00 AM,19.3,100,143
10/17/19 11:00 AM,19.3,74,144
10/17/19 12:00 PM,19.9,100,418
10/17/19 01:00 PM,19.7,100,138
10/17/19 02:00 PM,20.2,100,213
10/17/19 03:00 PM,20.4,48,194
10/17/19 04:00 PM,20.7,39,292
10/17/19 05:00 PM,19.9,45,159
10/17/19 06:00 PM,19.0,95,35
10/17/19 07:00 PM,19.1,100,0
10/17/19 08:00 PM,19.0,100,0
10/17/19 09:00 PM,18.7,100,0
10/17/19 10:00 PM,18.5,100,0
10/17/19 11:00 PM,18.4,100,0
10/18/19 12:00 AM,18.6,100,0
10/18/19 01:00 AM,18.5,100,0
10/18/19 02:00 AM,18.2,54,0
10/18/19 03:00 AM,16.9,94,0
10/18/19 04:00 AM,16.4,58,0
10/18/19 05:00 AM,15.8,64,0
10/18/19 06:00 AM,15.4,55,0
10/18/19 07:00 AM,15.1,87,1
10/18/19 08:00 AM,16.4,48,62
10/18/19 09:00 AM,17.7,45,224
10/18/19 10:00 AM,18.8,61,402
10/18/19 11:00 AM,19.7,98,484
10/18/19 12:00 PM,19.4,100,332
10/18/19 01:00 PM,19.5,95,351
10/18/19 02:00 PM,19.4,80,306
10/18/19 03:00 PM,19.5,59,344
10/18/19 04:00 PM,18.9,28,286
10/18/19 05:00 PM,18.0,14,174
10/18/19 06:00 PM,16.4,22,38
10/18/19 07:00 PM,15.4,14,0
10/18/19 08:00 PM,15.1,23,0
10/18/19 09:00 PM,15.1,20,0
10/18/19 10:00 PM,15.0,12,0
10/18/19 11:00 PM,15.0,10,0
10/19/19 12:00 AM,15.7,82,0
10/19/19 01:00 AM,15.8,52,0
10/19/19 02:00 AM,15.9,62,0
10/19/19 03:00 AM,16.0,66,0
10/19/19 04:00 AM,16.1,78,0
10/19/19 05:00 AM,16.1,96,0
10/19/19 06:00 AM,16.4,90,0
10/19/19 07:00 AM,16.3,97,0
10/19/19 08:00 AM,16.6,82,23
10/19/19 09:00 AM,17.3,52,84
10/19/19 10:00 AM,18.5,62,330
10/19/19 11:00 AM,19.2,100,418
10/19/19 12:00 PM,17.5,100,337
10/19/19 01:00 PM,17.9,100,133
10/19/19 02:00 PM,17.3,100,139
10/19/19 03:00 PM,17.6,44,161
10/19/19 04:00 PM,18.0,28,260
10/19/19 05:00 PM,17.0,19,173
10/19/19 06:00 PM,15.7,14,34
10/19/19 07:00 PM,15.0,19,0
10/19/19 08:00 PM,14.2,9,0
10/19/19 09:00 PM,13.8,23,0
10/19/19 10:00 PM,13.7,18,0
10/19/19 11:00 PM,13.3,24,0
10/20/19 12:00 AM,13.3,15,0
10/20/19 01:00 AM,13.5,21,0
10/20/19 02:00 AM,13.0,22,0
10/20/19 03:00 AM,12.6,26,0
10/20/19 04:00 AM,12.4,9,0
10/20/19 05:00 AM,11.9,16,0
10/20/19 06:00 AM,11.7,20,0
10/20/19 07:00 AM,11.8,20,0
10/20/19 08:00 AM,13.3,40,73
10/20/19 09:00 AM,14.7,29,224
10/20/19 10:00 AM,16.0,26,378
10/20/19 11:00 AM,16.7,48,466
10/20/19 12:00 PM,17.4,84,518
10/20/19 01:00 PM,18.2,51,402
10/20/19 02:00 PM,17.6,74,444
10/20/19 03:00 PM,17.9,54,351
10/20/19 04:00 PM,17.1,50,270
10/20/19 05:00 PM,16.2,32,139
10/20/19 06:00 PM,14.5,13,29
10/20/19 07:00 PM,13.8,6,0
10/20/19 08:00 PM,13.1,4,0
10/20/19 09:00 PM,12.5,2,0
10/20/19 10:00 PM,11.9,2,0
10/20/19 11:00 PM,11.1,1,0
10/21/19 12:00 AM,11.8,2,0
10/21/19 01:00 AM,11.8,0,0
10/21/19 02:00 AM,11.5,0,0
10/21/19 03:00 AM,11.2,0,0
10/21/19 04:00 AM,11.0,1,0
10/21/19 05:00 AM,10.6,1,0
10/21/19 06:00 AM,9.7,5,0
10/21/19 07:00 AM,8.9,8,0
10/21/19 08:00 AM,11.5,3,74
10/21/19 09:00 AM,13.8,7,248
10/21/19 10:00 AM,15.6,12,422
10/21/19 11:00 AM,16.9,30,549
10/21/19 12:00 PM,17.2,71,604
10/21/19 01:00 PM,16.3,81,487
10/21/19 02:00 PM,15.8,44,295
10/21/19 03:00 PM,16.8,38,400
10/21/19 04:00 PM,16.8,49,277
10/21/19 05:00 PM,16.1,44,138
10/21/19 06:00 PM,14.5,35,28
10/21/19 07:00 PM,13.8,32,0
10/21/19 08:00 PM,13.3,24,0
10/21/19 09:00 PM,12.6,25,0
10/21/19 10:00 PM,12.1,33,0
10/21/19 11:00 PM,11.6,34,0
10/22/19 12:00 AM,11.9,34,0
10/22/19 01:00 AM,11.7,39,0
10/22/19 02:00 AM,11.0,37,0
10/22/19 03:00 AM,10.5,32,0
10/22/19 04:00 AM,10.4,32,0
10/22/19 05:00 AM,9.9,29,0
10/22/19 06:00 AM,9.5,27,0
10/22/19 07:00 AM,9.1,29,0
10/22/19 08:00 AM,10.2,21,63
10/22/19 09:00 AM,12.2,15,239
10/22/19 10:00 AM,14.4,8,413
10/22/19 11:00 AM,16.4,10,542
10/22/19 12:00 PM,17.8,12,634
10/22/19 01:00 PM,18.5,13,596
10/22/19 02:00 PM,19.1,13,569
10/22/19 03:00 PM,19.3,7,486
10/22/19 04:00 PM,19.0,4,344
10/22/19 05:00 PM,17.7,8,178
10/22/19 06:00 PM,15.6,2,30
10/22/19 07:00 PM,14.6,0,0
10/22/19 08:00 PM,13.6,1,0
10/22/19 09:00 PM,13.2,1,0
10/22/19 10:00 PM,13.0,1,0
10/22/19 11:00 PM,12.7,1,0
10/23/19 12:00 AM,12.2,0,0
10/23/19 01:00 AM,12.3,0,0
10/23/19 02:00 AM,12.5,0,0
10/23/19 03:00 AM,12.6,29,0
10/23/19 04:00 AM,13.3,56,0
10/23/19 05:00 AM,14.1,81,0
10/23/19 06:00 AM,14.1,80,0
10/23/19 07:00 AM,14.0,16,0
10/23/19 08:00 AM,14.8,30,66
10/23/19 09:00 AM,16.2,50,223
10/23/19 10:00 AM,17.2,61,367
10/23/19 11:00 AM,18.2,47,479
10/23/19 12:00 PM,17.6,69,534
10/23/19 01:00 PM,17.7,58,448
10/23/19 02:00 PM,17.8,42,439
10/23/19 03:00 PM,18.0,26,408
10/23/19 04:00 PM,17.4,8,311
10/23/19 05:00 PM,16.5,14,173
10/23/19 06:00 PM,15.2,39,29
10/23/19 07:00 PM,14.7,34,0
10/23/19 08:00 PM,14.1,24,0
10/23/19 09:00 PM,13.5,14,0
10/23/19 10:00 PM,12.9,96,0
10/23/19 11:00 PM,13.4,59,0
10/24/19 12:00 AM,13.4,47,0
10/24/19 01:00 AM,13.4,32,0
10/24/19 02:00 AM,13.0,13,0
10/24/19 03:00 AM,12.7,14,0
10/24/19 04:00 AM,12.5,10,0
10/24/19 05:00 AM,12.3,14,0
10/24/19 06:00 AM,12.3,13,0
10/24/19 07:00 AM,11.6,7,0
10/24/19 08:00 AM,14.3,3,65
10/24/19 09:00 AM,16.8,1,235
10/24/19 10:00 AM,18.2,1,404
10/24/19 11:00 AM,19.1,51,536
10/24/19 12:00 PM,18.4,90,535
10/24/19 01:00 PM,18.1,86,330
10/24/19 02:00 PM,18.0,90,330
10/24/19 03:00 PM,18.0,79,312
10/24/19 04:00 PM,17.9,39,318
10/24/19 05:00 PM,17.0,27,164
10/24/19 06:00 PM,14.9,14,25
10/24/19 07:00 PM,14.5,23,0
10/24/19 08:00 PM,12.8,3,0
10/24/19 09:00 PM,13.5,2,0
10/24/19 10:00 PM,13.1,26,0
10/24/19 11:00 PM,12.7,16,0
10/25/19 12:00 AM,11.6,11,0
10/25/19 01:00 AM,10.6,8,0
10/25/19 02:00 AM,12.6,9,0
10/25/19 03:00 AM,10.7,25,0
10/25/19 04:00 AM,9.9,22,0
10/25/19 05:00 AM,9.5,38,0
10/25/19 06:00 AM,9.6,36,0
10/25/19 07:00 AM,9.2,22,0
10/25/19 08:00 AM,12.0,8,63
10/25/19 09:00 AM,14.5,4,237
10/25/19 10:00 AM,16.9,0,409
10/25/19 11:00 AM,19.2,0,543
10/25/19 12:00 PM,20.8,0,625
10/25/19 01:00 PM,21.8,0,643
10/25/19 02:00 PM,22.4,0,601
10/25/19 03:00 PM,22.6,3,502
10/25/19 04:00 PM,22.0,19,353
10/25/19 05:00 PM,19.4,15,171
10/25/19 06:00 PM,16.8,9,25
10/25/19 07:00 PM,15.5,8,0
10/25/19 08:00 PM,14.6,0,0
10/25/19 09:00 PM,13.4,0,0
10/25/19 10:00 PM,14.7,0,0
10/25/19 11:00 PM,12.5,0,0
10/26/19 12:00 AM,12.4,0,0
10/26/19 01:00 AM,12.7,4,0
10/26/19 02:00 AM,12.7,12,0
10/26/19 03:00 AM,12.1,19,0
10/26/19 04:00 AM,12.0,23,0
10/26/19 05:00 AM,12.0,8,0
10/26/19 06:00 AM,12.0,4,0
10/26/19 07:00 AM,11.9,0,0
10/26/19 08:00 AM,13.5,0,63
10/26/19 09:00 AM,15.6,0,232
10/26/19 10:00 AM,17.6,0,398
10/26/19 11:00 AM,19.4,0,530
10/26/19 12:00 PM,19.9,15,608
10/26/19 01:00 PM,20.7,26,612
10/26/19 02:00 PM,21.2,20,579
10/26/19 03:00 PM,21.2,22,485
10/26/19 04:00 PM,20.9,21,340
10/26/19 05:00 PM,19.6,26,166
10/26/19 06:00 PM,16.1,19,23
10/26/19 07:00 PM,15.1,29,0
10/26/19 08:00 PM,15.1,22,0
10/26/19 09:00 PM,14.9,18,0
10/26/19 10:00 PM,14.1,25,0
10/26/19 11:00 PM,13.6,23,0
10/27/19 12:00 AM,13.9,23,0
10/27/19 01:00 AM,12.5,16,0
10/27/19 02:00 AM,13.9,27,0
10/27/19 03:00 AM,12.5,100,0
10/27/19 04:00 AM,12.6,100,0
10/27/19 05:00 AM,12.0,42,0
10/27/19 06:00 AM,12.8,20,0
10/27/19 07:00 AM,12.9,29,0
10/27/19 08:00 AM,14.0,21,42
10/27/19 09:00 AM,15.9,21,189
10/27/19 10:00 AM,17.3,28,341
10/27/19 11:00 AM,18.0,100,466
10/27/19 12:00 PM,18.4,100,380
10/27/19 01:00 PM,18.1,100,397
10/27/19 02:00 PM,18.4,36,471
10/27/19 03:00 PM,18.3,35,342
10/27/19 04:00 PM,17.5,43,195
10/27/19 05:00 PM,16.6,54,70
10/27/19 06:00 PM,16.5,56,10
10/27/19 07:00 PM,16.5,67,0
10/27/19 08:00 PM,16.7,89,0
10/27/19 09:00 PM,16.8,51,0
10/27/19 10:00 PM,16.2,62,0
10/27/19 11:00 PM,16.3,100,0
10/28/19 12:00 AM,16.6,90,0
10/28/19 01:00 AM,16.5,54,0
10/28/19 02:00 AM,16.5,43,0
10/28/19 03:00 AM,16.4,61,0
10/28/19 04:00 AM,16.6,90,0
10/28/19 05:00 AM,16.8,90,0
10/28/19 06:00 AM,17.1,91,0
10/28/19 07:00 AM,17.1,100,0
10/28/19 08:00 AM,17.4,100,13
10/28/19 09:00 AM,17.7,100,45
10/28/19 10:00 AM,18.1,100,104
10/28/19 11:00 AM,18.2,100,151
10/28/19 12:00 PM,18.8,100,200
10/28/19 01:00 PM,19.4,100,279
10/28/19 02:00 PM,19.7,100,316
10/28/19 03:00 PM,19.6,100,241
10/28/19 04:00 PM,19.6,83,150
10/28/19 05:00 PM,19.0,71,96
10/28/19 06:00 PM,18.1,100,12
10/28/19 07:00 PM,18.3,99,0
10/28/19 08:00 PM,18.1,36,0
10/28/19 09:00 PM,17.1,16,0
10/28/19 10:00 PM,16.5,34,0
10/28/19 11:00 PM,16.5,100,0
10/29/19 12:00 AM,16.9,26,0
10/29/19 01:00 AM,16.7,16,0
10/29/19 02:00 AM,16.1,95,0
10/29/19 03:00 AM,16.1,93,0
10/29/19 04:00 AM,16.6,94,0
10/29/19 05:00 AM,16.9,95,0
10/29/19 06:00 AM,16.9,94,0
10/29/19 07:00 AM,17.2,94,0
10/29/19 08:00 AM,17.6,94,18
10/29/19 09:00 AM,18.0,100,52
10/29/19 10:00 AM,18.4,97,133
10/29/19 11:00 AM,18.9,73,238
10/29/19 12:00 PM,19.8,62,346
10/29/19 01:00 PM,19.8,70,371
10/29/19 02:00 PM,20.4,62,372
10/29/19 03:00 PM,20.1,82,275
10/29/19 04:00 PM,19.6,41,228
10/29/19 05:00 PM,18.7,72,113
10/29/19 06:00 PM,17.5,60,15
10/29/19 07:00 PM,17.3,100,0
10/29/19 08:00 PM,17.3,100,0
10/29/19 09:00 PM,17.3,100,0
10/29/19 10:00 PM,17.2,100,0
10/29/19 11:00 PM,17.2,100,0
10/30/19 12:00 AM,17.5,100,0
10/30/19 01:00 AM,17.6,100,0
10/30/19 02:00 AM,17.6,100,0
10/30/19 03:00 AM,17.5,100,0
10/30/19 04:00 AM,17.2,100,0
10/30/19 05:00 AM,17.1,100,0
10/30/19 06:00 AM,16.9,100,0
10/30/19 07:00 AM,16.9,100,0
10/30/19 08:00 AM,17.1,100,15
10/30/19 09:00 AM,17.4,100,57
10/30/19 10:00 AM,17.7,100,103
10/30/19 11:00 AM,18.2,100,165
10/30/19 12:00 PM,18.6,100,208
10/30/19 01:00 PM,18.8,100,132
10/30/19 02:00 PM,19.8,100,289
10/30/19 03:00 PM,19.7,100,216
10/30/19 04:00 PM,19.3,100,83
10/30/19 05:00 PM,19.4,100,41
10/30/19 06:00 PM,19.5,100,6
10/30/19 07:00 PM,19.3,100,0
10/30/19 08:00 PM,19.1,100,0
10/30/19 09:00 PM,19.1,100,0
10/30/19 10:00 PM,19.1,76,0
10/30/19 11:00 PM,18.4,81,0
10/31/19 12:00 AM,18.5,100,0
10/31/19 01:00 AM,18.7,100,0
10/31/19 02:00 AM,18.7,100,0
10/31/19 03:00 AM,18.8,100,0
10/31/19 04:00 AM,18.9,100,0
10/31/19 05:00 AM,18.9,100,0
10/31/19 06:00 AM,18.9,100,0
10/31/19 07:00 AM,18.9,100,0
10/31/19 08:00 AM,19.0,100,8
10/31/19 09:00 AM,19.7,100,52
10/31/19 10:00 AM,20.1,100,115
10/31/19 11:00 AM,20.4,100,162
10/31/19 12:00 PM,20.5,100,164
10/31/19 01:00 PM,21.8,100,220
10/31/19 02:00 PM,22.3,50,223
10/31/19 03:00 PM,22.6,73,280
10/31/19 04:00 PM,22.3,100,216
10/31/19 05:00 PM,20.8,100,37
10/31/19 06:00 PM,19.7,94,10
10/31/19 07:00 PM,19.2,68,0
10/31/19 08:00 PM,18.8,66,0
10/31/19 09:00 PM,18.6,54,0
10/31/19 10:00 PM,18.5,68,0
10/31/19 11:00 PM,18.7,94,0
11/01/19 12:00 AM,19.1,91,0
11/01/19 01:00 AM,19.1,100,0
11/01/19 02:00 AM,19.4,88,0
11/01/19 03:00 AM,19.2,100,0
11/01/19 04:00 AM,19.1,100,0
11/01/19 05:00 AM,19.0,100,0
11/01/19 06:00 AM,18.9,100,0
11/01/19 07:00 AM,18.8,100,0
11/01/19 08:00 AM,19.0,100,16
11/01/19 09:00 AM,19.6,100,68
11/01/19 10:00 AM,20.0,100,119
11/01/19 11:00 AM,20.9,100,289
11/01/19 12:00 PM,22.6,63,413
11/01/19 01:00 PM,22.8,53,505
11/01/19 02:00 PM,22.5,32,452
11/01/19 03:00 PM,21.9,59,353
11/01/19 04:00 PM,21.1,58,264
11/01/19 05:00 PM,19.9,9,94
11/01/19 06:00 PM,18.7,46,13
11/01/19 07:00 PM,18.8,58,0
11/01/19 08:00 PM,18.8,100,0
11/01/19 09:00 PM,19.0,100,0
11/01/19 10:00 PM,19.2,100,0
11/01/19 11:00 PM,19.0,100,0
11/02/19 12:00 AM,18.7,100,0
11/02/19 01:00 AM,18.1,100,0
11/02/19 02:00 AM,18.7,62,0
11/02/19 03:00 AM,18.1,15,0
11/02/19 04:00 AM,17.7,18,0
11/02/19 05:00 AM,17.3,19,0
11/02/19 06:00 AM,17.0,33,0
11/02/19 07:00 AM,17.0,45,0
11/02/19 08:00 AM,17.5,97,33
11/02/19 09:00 AM,18.4,30,144
11/02/19 10:00 AM,19.4,44,310
11/02/19 11:00 AM,19.6,35,290
11/02/19 12:00 PM,18.8,100,463
11/02/19 01:00 PM,18.9,84,324
11/02/19 02:00 PM,19.8,64,424
11/02/19 03:00 PM,19.5,52,289
11/02/19 04:00 PM,19.1,78,188
11/02/19 05:00 PM,18.1,94,47
11/02/19 06:00 PM,17.3,82,7
11/02/19 07:00 PM,17.2,93,0
11/02/19 08:00 PM,17.0,68,0
11/02/19 09:00 PM,16.8,47,0
11/02/19 10:00 PM,16.5,56,0
11/02/19 11:00 PM,16.8,52,0
11/03/19 12:00 AM,17.1,97,0
11/03/19 01:00 AM,17.6,55,0
11/03/19 02:00 AM,17.2,100,0
11/03/19 03:00 AM,17.6,100,0
11/03/19 04:00 AM,17.5,100,0
11/03/19 05:00 AM,17.6,87,0
11/03/19 06:00 AM,17.2,100,0
11/03/19 07:00 AM,17.3,100,0
11/03/19 08:00 AM,17.3,58,19
11/03/19 09:00 AM,18.3,62,138
11/03/19 10:00 AM,19.2,48,228
11/03/19 11:00 AM,19.9,90,335
11/03/19 12:00 PM,19.2,90,209
11/03/19 01:00 PM,19.6,90,316
11/03/19 02:00 PM,19.1,90,187
11/03/19 03:00 PM,18.9,87,179
11/03/19 04:00 PM,18.7,86,139
11/03/19 05:00 PM,18.1,42,66
11/03/19 06:00 PM,17.1,41,9
11/03/19 07:00 PM,16.7,89,0
11/03/19 08:00 PM,17.1,100,0
11/03/19 09:00 PM,17.2,66,0
11/03/19 10:00 PM,16.9,98,0
11/03/19 11:00 PM,17.3,100,0
11/04/19 12:00 AM,17.3,57,0
11/04/19 01:00 AM,16.8,24,0
11/04/19 02:00 AM,16.4,22,0
11/04/19 03:00 AM,16.1,32,0
11/04/19 04:00 AM,16.2,34,0
11/04/19 05:00 AM,16.4,76,0
11/04/19 06:00 AM,16.6,79,0
11/04/19 07:00 AM,16.3,35,0
11/04/19 08:00 AM,16.7,35,30
11/04/19 09:00 AM,18.0,12,157
11/04/19 10:00 AM,19.2,28,340
11/04/19 11:00 AM,20.0,58,454
11/04/19 12:00 PM,19.9,70,423
11/04/19 01:00 PM,20.3,100,434
11/04/19 02:00 PM,18.8,100,175
11/04/19 03:00 PM,17.9,100,130
11/04/19 04:00 PM,17.0,72,49
11/04/19 05:00 PM,16.6,100,64
11/04/19 06:00 PM,15.8,56,8
11/04/19 07:00 PM,15.0,42,0
11/04/19 08:00 PM,14.5,52,0
11/04/19 09:00 PM,14.3,72,0
11/04/19 10:00 PM,14.3,30,0
11/04/19 11:00 PM,13.8,52,0
11/05/19 12:00 AM,14.4,34,0
11/05/19 01:00 AM,14.4,16,0
11/05/19 02:00 AM,14.2,15,0
11/05/19 03:00 AM,14.0,14,0
11/05/19 04:00 AM,13.9,4,0
11/05/19 05:00 AM,14.1,9,0
11/05/19 06:00 AM,14.4,17,0
11/05/19 07:00 AM,14.4,17,0
11/05/19 08:00 AM,15.0,28,35
11/05/19 09:00 AM,16.3,24,158
11/05/19 10:00 AM,17.0,37,286
11/05/19 11:00 AM,17.6,31,398
11/05/19 12:00 PM,15.3,100,481
11/05/19 01:00 PM,15.9,47,144
11/05/19 02:00 PM,17.1,34,348
11/05/19 03:00 PM,18.1,6,360
11/05/19 04:00 PM,17.6,5,298
11/05/19 05:00 PM,16.4,13,126
11/05/19 06:00 PM,15.4,3,10
11/05/19 07:00 PM,14.9,2,0
11/05/19 08:00 PM,14.4,1,0
11/05/19 09:00 PM,13.8,0,0
11/05/19 10:00 PM,13.4,1,0
11/05/19 11:00 PM,12.9,1,0
11/06/19 12:00 AM,13.0,9,0
11/06/19 01:00 AM,12.7,3,0
11/06/19 02:00 AM,12.5,6,0
11/06/19 03:00 AM,12.3,14,0
11/06/19 04:00 AM,12.0,15,0
11/06/19 05:00 AM,11.7,21,0
11/06/19 06:00 AM,11.8,24,0
11/06/19 07:00 AM,11.7,15,0
11/06/19 08:00 AM,13.2,34,33
11/06/19 09:00 AM,14.8,26,158
11/06/19 10:00 AM,16.0,50,295
11/06/19 11:00 AM,16.7,62,335
11/06/19 12:00 PM,17.1,100,390
11/06/19 01:00 PM,17.6,89,277
11/06/19 02:00 PM,17.9,100,357
11/06/19 03:00 PM,17.1,100,124
11/06/19 04:00 PM,16.3,100,85
11/06/19 05:00 PM,15.7,63,24
11/06/19 06:00 PM,15.0,73,6
11/06/19 07:00 PM,14.8,38,0
11/06/19 08:00 PM,14.5,39,0
11/06/19 09:00 PM,14.9,76,0
11/06/19 10:00 PM,15.0,100,0
11/06/19 11:00 PM,15.5,68,0
11/07/19 12:00 AM,16.1,100,0
11/07/19 01:00 AM,16.2,100,0
11/07/19 02:00 AM,16.2,100,0
11/07/19 03:00 AM,15.9,100,0
11/07/19 04:00 AM,15.2,100,0
11/07/19 05:00 AM,14.8,22,0
11/07/19 06:00 AM,13.8,10,0
11/07/19 07:00 AM,13.2,13,0
11/07/19 08:00 AM,13.5,20,34
11/07/19 09:00 AM,14.7,21,181
11/07/19 10:00 AM,15.7,35,328
11/07/19 11:00 AM,16.4,11,397
11/07/19 12:00 PM,17.6,46,557
11/07/19 01:00 PM,17.3,70,503
11/07/19 02:00 PM,17.2,14,375
11/07/19 03:00 PM,17.1,57,426
11/07/19 04:00 PM,15.7,22,267
11/07/19 05:00 PM,14.9,4,117
11/07/19 06:00 PM,14.5,43,9
11/07/19 07:00 PM,13.5,28,0
11/07/19 08:00 PM,13.0,36,0
11/07/19 09:00 PM,12.8,39,0
11/07/19 10:00 PM,12.7,42,0
11/07/19 11:00 PM,12.2,25,0
11/08/19 12:00 AM,12.5,45,0
11/08/19 01:00 AM,12.7,33,0
11/08/19 02:00 AM,12.5,25,0
11/08/19 03:00 AM,12.1,27,0
11/08/19 04:00 AM,12.0,38,0
11/08/19 05:00 AM,11.8,25,0
11/08/19 06:00 AM,11.6,62,0
11/08/19 07:00 AM,11.2,47,0
11/08/19 08:00 AM,11.1,32,28
11/08/19 09:00 AM,12.1,7,153
11/08/19 10:00 AM,13.4,1,341
11/08/19 11:00 AM,14.3,18,469
11/08/19 12:00 PM,15.2,44,517
11/08/19 01:00 PM,15.7,74,469
11/08/19 02:00 PM,15.7,51,358
11/08/19 03:00 PM,15.6,41,332
11/08/19 04:00 PM,15.3,40,199
11/08/19 05:00 PM,14.1,26,101
11/08/19 06:00 PM,12.4,0,8
11/08/19 07:00 PM,11.3,1,0
11/08/19 08:00 PM,10.2,0,0
11/08/19 09:00 PM,9.4,0,0
11/08/19 10:00 PM,9.0,0,0
11/08/19 11:00 PM,8.6,0,0
11/09/19 12:00 AM,9.2,17,0
11/09/19 01:00 AM,8.8,7,0
11/09/19 02:00 AM,7.9,4,0
11/09/19 03:00 AM,8.3,14,0
11/09/19 04:00 AM,8.1,3,0
11/09/19 05:00 AM,8.7,5,0
11/09/19 06:00 AM,8.5,5,0
11/09/19 07:00 AM,8.6,14,0
11/09/19 08:00 AM,11.7,6,28
11/09/19 09:00 AM,14.8,4,170
11/09/19 10:00 AM,16.5,28,321
11/09/19 11:00 AM,17.7,87,435
11/09/19 12:00 PM,16.9,66,378
11/09/19 01:00 PM,17.6,100,362
11/09/19 02:00 PM,16.4,100,82
11/09/19 03:00 PM,15.7,100,78
11/09/19 04:00 PM,16.1,100,44
11/09/19 05:00 PM,15.9,100,60
11/09/19 06:00 PM,15.3,49,3
11/09/19 07:00 PM,14.1,22,0
11/09/19 08:00 PM,13.4,44,0
11/09/19 09:00 PM,13.0,35,0
11/09/19 10:00 PM,13.0,34,0
11/09/19 11:00 PM,12.7,32,0
11/10/19 12:00 AM,13.1,31,0
11/10/19 01:00 AM,13.2,29,0
11/10/19 02:00 AM,13.5,29,0
11/10/19 03:00 AM,13.2,30,0
11/10/19 04:00 AM,13.2,44,0
11/10/19 05:00 AM,13.4,29,0
11/10/19 06:00 AM,12.9,28,0
11/10/19 07:00 AM,12.7,40,0
11/10/19 08:00 AM,13.3,51,28
11/10/19 09:00 AM,14.7,67,142
11/10/19 10:00 AM,15.4,100,245
11/10/19 11:00 AM,15.2,100,281
11/10/19 12:00 PM,14.3,84,277
11/10/19 01:00 PM,15.9,100,432
11/10/19 02:00 PM,14.7,100,120
11/10/19 03:00 PM,14.5,100,125
11/10/19 04:00 PM,14.4,98,39
11/10/19 05:00 PM,14.5,91,47
11/10/19 06:00 PM,14.0,28,3
11/10/19 07:00 PM,13.5,100,0
11/10/19 08:00 PM,13.8,100,0
11/10/19 09:00 PM,14.3,100,0
11/10/19 10:00 PM,14.4,100,0
11/10/19 11:00 PM,14.5,100,0
11/11/19 12:00 AM,15.7,100,0
11/11/19 01:00 AM,16.0,100,0
11/11/19 02:00 AM,16.0,68,0
11/11/19 03:00 AM,15.6,95,0
11/11/19 04:00 AM,15.5,100,0
11/11/19 05:00 AM,15.7,87,0
11/11/19 06:00 AM,15.4,88,0
11/11/19 07:00 AM,15.4,54,0
11/11/19 08:00 AM,15.4,100,18
11/11/19 09:00 AM,16.7,77,126
11/11/19 10:00 AM,18.2,100,262
11/11/19 11:00 AM,18.2,100,144
11/11/19 12:00 PM,18.7,100,194
11/11/19 01:00 PM,18.2,100,195
11/11/19 02:00 PM,18.3,50,213
11/11/19 03:00 PM,17.9,32,369
11/11/19 04:00 PM,17.1,28,256
11/11/19 05:00 PM,15.2,27,99
11/11/19 06:00 PM,14.3,29,6
11/11/19 07:00 PM,13.7,27,0
11/11/19 08:00 PM,13.1,27,0
11/11/19 09:00 PM,12.8,22,0
11/11/19 10:00 PM,12.7,22,0
11/11/19 11:00 PM,12.6,25,0
11/12/19 12:00 AM,12.5,28,0
11/12/19 01:00 AM,12.5,29,0
11/12/19 02:00 AM,12.2,27,0
11/12/19 03:00 AM,12.0,27,0
11/12/19 04:00 AM,11.8,27,0
11/12/19 05:00 AM,11.5,22,0
11/12/19 06:00 AM,11.1,14,0
11/12/19 07:00 AM,10.9,0,0
11/12/19 08:00 AM,11.3,0,26
11/12/19 09:00 AM,13.2,0,166
11/12/19 10:00 AM,14.6,7,323
11/12/19 11:00 AM,15.3,31,428
11/12/19 12:00 PM,16.1,90,504
11/12/19 01:00 PM,16.5,90,259
11/12/19 02:00 PM,16.6,91,205
11/12/19 03:00 PM,17.1,94,250
11/12/19 04:00 PM,16.6,94,119
11/12/19 05:00 PM,15.8,54,59
11/12/19 06:00 PM,14.7,53,3
11/12/19 07:00 PM,14.4,42,0
11/12/19 08:00 PM,14.4,61,0
11/12/19 09:00 PM,14.9,33,0
11/12/19 10:00 PM,14.8,18,0
11/12/19 11:00 PM,14.8,78,0
11/13/19 12:00 AM,15.4,74,0
11/13/19 01:00 AM,15.6,17,0
11/13/19 02:00 AM,15.3,92,0
11/13/19 03:00 AM,16.1,100,0
11/13/19 04:00 AM,15.9,100,0
11/13/19 05:00 AM,16.3,32,0
11/13/19 06:00 AM,16.0,17,0
11/13/19 07:00 AM,15.5,14,0
11/13/19 08:00 AM,15.5,27,23
11/13/19 09:00 AM,16.9,38,134
11/13/19 10:00 AM,17.9,43,230
11/13/19 11:00 AM,19.0,43,345
11/13/19 12:00 PM,18.1,90,372
11/13/19 01:00 PM,18.6,86,234
11/13/19 02:00 PM,18.8,52,298
11/13/19 03:00 PM,18.1,22,290
11/13/19 04:00 PM,17.3,10,263
11/13/19 05:00 PM,15.8,3,108
11/13/19 06:00 PM,14.3,22,5
11/13/19 07:00 PM,13.5,15,0
11/13/19 08:00 PM,12.7,16,0
11/13/19 09:00 PM,12.6,48,0
11/13/19 10:00 PM,13.2,73,0
11/13/19 11:00 PM,13.6,16,0
11/14/19 12:00 AM,12.7,100,0
11/14/19 01:00 AM,13.7,43,0
11/14/19 02:00 AM,13.9,34,0
11/14/19 03:00 AM,13.6,62,0
11/14/19 04:00 AM,13.8,100,0
11/14/19 05:00 AM,13.9,75,0
11/14/19 06:00 AM,13.6,72,0
11/14/19 07:00 AM,12.7,100,0
11/14/19 08:00 AM,12.2,100,7
11/14/19 09:00 AM,12.1,100,62
11/14/19 10:00 AM,12.8,74,150
11/14/19 11:00 AM,14.0,27,338
11/14/19 12:00 PM,14.6,27,437
11/14/19 01:00 PM,14.9,37,462
11/14/19 02:00 PM,14.1,47,383
11/14/19 03:00 PM,14.2,33,292
11/14/19 04:00 PM,12.4,74,228
11/14/19 05:00 PM,11.1,100,65
11/14/19 06:00 PM,11.1,68,2
11/14/19 07:00 PM,10.6,38,0
11/14/19 08:00 PM,10.7,35,0
11/14/19 09:00 PM,9.9,93,0
11/14/19 10:00 PM,10.1,52,0
11/14/19 11:00 PM,9.8,50,0
11/15/19 12:00 AM,9.7,36,0
11/15/19 01:00 AM,9.4,40,0
11/15/19 02:00 AM,9.3,32,0
11/15/19 03:00 AM,9.1,36,0
11/15/19 04:00 AM,8.7,49,0
11/15/19 05:00 AM,8.7,44,0
11/15/19 06:00 AM,8.4,30,0
11/15/19 07:00 AM,8.3,32,0
11/15/19 08:00 AM,8.9,19,20
11/15/19 09:00 AM,10.1,12,153
11/15/19 10:00 AM,11.2,11,316
11/15/19 11:00 AM,12.2,24,441
11/15/19 12:00 PM,12.1,16,496
11/15/19 01:00 PM,12.7,15,535
11/15/19 02:00 PM,13.0,19,496
11/15/19 03:00 PM,12.4,13,397
11/15/19 04:00 PM,11.6,5,259
11/15/19 05:00 PM,10.4,20,101
11/15/19 06:00 PM,9.4,13,4
11/15/19 07:00 PM,9.4,2,0
11/15/19 08:00 PM,9.0,6,0
11/15/19 09:00 PM,8.8,9,0
11/15/19 10:00 PM,8.6,5,0
11/15/19 11:00 PM,8.7,1,0
11/16/19 12:00 AM,9.4,1,0
11/16/19 01:00 AM,8.9,0,0
11/16/19 02:00 AM,8.7,0,0
11/16/19 03:00 AM,8.5,0,0
11/16/19 04:00 AM,8.3,0,0
11/16/19 05:00 AM,8.1,0,0
11/16/19 06:00 AM,7.8,0,0
11/16/19 07:00 AM,7.4,0,0
11/16/19 08:00 AM,8.0,0,21
11/16/19 09:00 AM,10.0,0,160
11/16/19 10:00 AM,11.5,0,322
11/16/19 11:00 AM,12.7,0,451
11/16/19 12:00 PM,13.6,1,531
11/16/19 01:00 PM,14.3,0,550
11/16/19 02:00 PM,14.7,1,508
11/16/19 03:00 PM,14.5,28,408
11/16/19 04:00 PM,13.9,68,243
11/16/19 05:00 PM,12.8,2,80
11/16/19 06:00 PM,10.3,0,4
11/16/19 07:00 PM,8.7,1,0
11/16/19 08:00 PM,8.7,60,0
11/16/19 09:00 PM,11.1,60,0
11/16/19 10:00 PM,11.1,100,0
11/16/19 11:00 PM,11.7,100,0
11/17/19 12:00 AM,12.2,100,0
11/17/19 01:00 AM,12.9,100,0
11/17/19 02:00 AM,13.2,100,0
11/17/19 03:00 AM,13.2,100,0
11/17/19 04:00 AM,14.1,73,0
11/17/19 05:00 AM,13.9,72,0
11/17/19 06:00 AM,13.9,50,0
11/17/19 07:00 AM,13.6,46,0
11/17/19 08:00 AM,13.8,46,15
11/17/19 09:00 AM,14.9,60,111
11/17/19 10:00 AM,16.0,50,232
11/17/19 11:00 AM,16.5,70,285
11/17/19 12:00 PM,15.7,46,215
11/17/19 01:00 PM,16.2,86,301
11/17/19 02:00 PM,15.5,99,141
11/17/19 03:00 PM,15.6,82,139
11/17/19 04:00 PM,15.3,92,124
11/17/19 05:00 PM,14.8,80,49
11/17/19 06:00 PM,14.3,100,1
11/17/19 07:00 PM,14.7,100,0
11/17/19 08:00 PM,14.0,100,0
11/17/19 09:00 PM,12.8,100,0
11/17/19 10:00 PM,12.4,6,0
11/17/19 11:00 PM,11.5,18,0
11/18/19 12:00 AM,11.1,15,0
11/18/19 01:00 AM,10.8,3,0
11/18/19 02:00 AM,10.4,2,0
11/18/19 03:00 AM,10.2,2,0
11/18/19 04:00 AM,10.1,11,0
11/18/19 05:00 AM,10.1,1,0
11/18/19 06:00 AM,10.1,1,0
11/18/19 07:00 AM,10.3,2,0
11/18/19 08:00 AM,10.7,2,17
11/18/19 09:00 AM,12.0,0,148
11/18/19 10:00 AM,12.9,0,309
11/18/19 11:00 AM,14.0,2,439
11/18/19 12:00 PM,14.7,17,517
11/18/19 01:00 PM,15.1,7,478
11/18/19 02:00 PM,15.3,9,482
11/18/19 03:00 PM,15.0,13,396
11/18/19 04:00 PM,14.3,9,261
11/18/19 05:00 PM,12.7,27,101
11/18/19 06:00 PM,11.2,23,3
11/18/19 07:00 PM,10.3,23,0
11/18/19 08:00 PM,9.8,29,0
11/18/19 09:00 PM,9.5,29,0
11/18/19 10:00 PM,9.2,29,0
11/18/19 11:00 PM,8.8,27,0
11/19/19 12:00 AM,8.9,38,0
11/19/19 01:00 AM,8.0,36,0
11/19/19 02:00 AM,7.7,25,0
11/19/19 03:00 AM,7.5,83,0
11/19/19 04:00 AM,9.3,89,0
11/19/19 05:00 AM,8.9,82,0
11/19/19 06:00 AM,7.9,89,0
11/19/19 07:00 AM,9.0,89,0
11/19/19 08:00 AM,9.9,90,6
11/19/19 09:00 AM,11.1,89,46
11/19/19 10:00 AM,11.9,89,101
11/19/19 11:00 AM,11.9,89,82
11/19/19 12:00 PM,10.9,100,140
11/19/19 01:00 PM,11.1,92,98
11/19/19 02:00 PM,11.2,89,109
11/19/19 03:00 PM,11.3,90,114
11/19/19 04:00 PM,11.4,100,85
11/19/19 05:00 PM,11.6,100,32
11/19/19 06:00 PM,11.9,100,1
11/19/19 07:00 PM,12.2,100,0
11/19/19 08:00 PM,12.4,100,0
11/19/19 09:00 PM,12.2,100,0
11/19/19 10:00 PM,12.3,65,0
11/19/19 11:00 PM,12.6,71,0
11/20/19 12:00 AM,12.7,100,0
11/20/19 01:00 AM,12.4,92,0
11/20/19 02:00 AM,12.4,100,0
11/20/19 03:00 AM,12.4,100,0
11/20/19 04:00 AM,12.8,100,0
11/20/19 05:00 AM,12.2,100,0
11/20/19 06:00 AM,12.3,58,0
11/20/19 07:00 AM,11.9,47,0
11/20/19 08:00 AM,11.9,23,12
11/20/19 09:00 AM,13.0,14,124
11/20/19 10:00 AM,14.3,27,283
11/20/19 11:00 AM,15.3,45,378
11/20/19 12:00 PM,15.7,31,394
11/20/19 01:00 PM,15.1,36,444
11/20/19 02:00 PM,14.7,100,356
11/20/19 03:00 PM,14.7,77,177
11/20/19 04:00 PM,13.9,46,161
11/20/19 05:00 PM,13.3,49,68
11/20/19 06:00 PM,12.6,72,2
11/20/19 07:00 PM,12.3,54,0
11/20/19 08:00 PM,11.9,48,0
11/20/19 09:00 PM,11.8,65,0
11/20/19 10:00 PM,11.8,64,0
11/20/19 11:00 PM,11.9,59,0
11/21/19 12:00 AM,12.7,73,0
11/21/19 01:00 AM,13.0,98,0
11/21/19 02:00 AM,13.0,96,0
11/21/19 03:00 AM,12.5,96,0
11/21/19 04:00 AM,12.5,100,0
11/21/19 05:00 AM,12.4,63,0
11/21/19 06:00 AM,12.1,93,0
11/21/19 07:00 AM,12.1,74,0
11/21/19 08:00 AM,12.1,56,4
11/21/19 09:00 AM,12.8,45,45
11/21/19 10:00 AM,14.3,69,229
11/21/19 11:00 AM,14.7,86,220
11/21/19 12:00 PM,13.8,100,86
11/21/19 01:00 PM,15.3,44,295
11/21/19 02:00 PM,15.8,43,355
11/21/19 03:00 PM,15.0,38,291
11/21/19 04:00 PM,15.0,26,174
11/21/19 05:00 PM,13.9,23,76
11/21/19 06:00 PM,12.1,30,2
11/21/19 07:00 PM,11.6,20,0
11/21/19 08:00 PM,11.1,8,0
11/21/19 09:00 PM,11.4,32,0
11/21/19 10:00 PM,11.9,34,0
11/21/19 11:00 PM,12.8,100,0
11/22/19 12:00 AM,14.3,100,0
11/22/19 01:00 AM,14.4,93,0
11/22/19 02:00 AM,14.5,100,0
11/22/19 03:00 AM,14.5,90,0
11/22/19 04:00 AM,14.8,48,0
11/22/19 05:00 AM,14.9,100,0
11/22/19 06:00 AM,15.3,100,0
11/22/19 07:00 AM,15.7,100,0
11/22/19 08:00 AM,15.7,79,0
11/22/19 09:00 AM,15.8,100,44
11/22/19 10:00 AM,16.3,100,40
11/22/19 11:00 AM,16.4,100,110
11/22/19 12:00 PM,16.8,100,93
11/22/19 01:00 PM,17.1,68,94
11/22/19 02:00 PM,17.5,72,345
11/22/19 03:00 PM,17.1,82,193
11/22/19 04:00 PM,16.4,38,124
11/22/19 05:00 PM,15.6,35,72
11/22/19 06:00 PM,15.4,85,2
11/22/19 07:00 PM,15.6,100,0
11/22/19 08:00 PM,15.4,100,0
11/22/19 09:00 PM,15.1,16,0
11/22/19 10:00 PM,14.3,59,0
11/22/19 11:00 PM,14.2,35,0
11/23/19 12:00 AM,14.3,47,0
11/23/19 01:00 AM,13.7,48,0
11/23/19 02:00 AM,13.3,48,0
11/23/19 03:00 AM,13.1,62,0
11/23/19 04:00 AM,12.8,50,0
11/23/19 05:00 AM,12.2,32,0
11/23/19 06:00 AM,11.9,23,0
11/23/19 07:00 AM,11.7,22,0
11/23/19 08:00 AM,11.8,34,10
11/23/19 09:00 AM,13.1,25,104
11/23/19 10:00 AM,14.0,34,239
11/23/19 11:00 AM,14.5,34,342
11/23/19 12:00 PM,15.4,18,396
11/23/19 01:00 PM,15.9,28,463
11/23/19 02:00 PM,15.8,36,412
11/23/19 03:00 PM,15.5,30,323
11/23/19 04:00 PM,14.8,28,199
11/23/19 05:00 PM,13.6,13,75
11/23/19 06:00 PM,12.4,15,2
11/23/19 07:00 PM,11.4,14,0
11/23/19 08:00 PM,11.0,14,0
11/23/19 09:00 PM,10.7,33,0
11/23/19 10:00 PM,10.2,25,0
11/23/19 11:00 PM,10.0,16,0
11/24/19 12:00 AM,10.6,20,0
11/24/19 01:00 AM,10.5,32,0
11/24/19 02:00 AM,10.6,42,0
11/24/19 03:00 AM,10.7,28,0
11/24/19 04:00 AM,10.4,40,0
11/24/19 05:00 AM,10.1,42,0
11/24/19 06:00 AM,10.4,55,0
11/24/19 07:00 AM,10.7,58,0
11/24/19 08:00 AM,12.3,54,9
11/24/19 09:00 AM,14.0,50,86
11/24/19 10:00 AM,15.8,56,203
11/24/19 11:00 AM,16.6,68,317
11/24/19 12:00 PM,16.4,100,345
11/24/19 01:00 PM,16.3,100,270
11/24/19 02:00 PM,15.9,100,208
11/24/19 03:00 PM,15.5,100,113
11/24/19 04:00 PM,15.4,100,89
11/24/19 05:00 PM,15.3,100,20
11/24/19 06:00 PM,15.6,100,1
11/24/19 07:00 PM,15.9,79,0
11/24/19 08:00 PM,15.8,45,0
11/24/19 09:00 PM,15.9,66,0
11/24/19 10:00 PM,16.2,100,0
11/24/19 11:00 PM,16.4,100,0
11/25/19 12:00 AM,16.5,100,0
11/25/19 01:00 AM,16.5,100,0
11/25/19 02:00 AM,16.6,100,0
11/25/19 03:00 AM,16.7,100,0
11/25/19 04:00 AM,16.9,100,0
11/25/19 05:00 AM,16.8,100,0
11/25/19 06:00 AM,16.6,90,0
11/25/19 07:00 AM,16.2,71,0
11/25/19 08:00 AM,15.6,85,6
11/25/19 09:00 AM,16.3,48,71
11/25/19 10:00 AM,17.2,60,209
11/25/19 11:00 AM,17.8,83,303
11/25/19 12:00 PM,18.7,41,314
11/25/19 01:00 PM,18.7,62,438
11/25/19 02:00 PM,18.2,70,360
11/25/19 03:00 PM,17.7,80,241
11/25/19 04:00 PM,17.0,56,142
11/25/19 05:00 PM,15.7,32,73
11/25/19 06:00 PM,14.9,100,2
11/25/19 07:00 PM,15.6,100,0
11/25/19 08:00 PM,15.8,100,0
11/25/19 09:00 PM,16.2,100,0
11/25/19 10:00 PM,16.1,100,0
11/25/19 11:00 PM,16.9,100,0
11/26/19 12:00 AM,16.6,99,0
11/26/19 01:00 AM,16.5,100,0
11/26/19 02:00 AM,16.6,100,0
11/26/19 03:00 AM,16.7,100,0
11/26/19 04:00 AM,16.5,99,0
11/26/19 05:00 AM,16.3,100,0
11/26/19 06:00 AM,16.4,100,0
11/26/19 07:00 AM,16.3,100,0
11/26/19 08:00 AM,16.6,100,3
11/26/19 09:00 AM,16.7,100,28
11/26/19 10:00 AM,17.2,100,143
11/26/19 11:00 AM,16.7,100,59
11/26/19 12:00 PM,16.7,100,116
11/26/19 01:00 PM,16.9,100,74
11/26/19 02:00 PM,17.1,100,90
11/26/19 03:00 PM,17.2,100,43
11/26/19 04:00 PM,17.7,20,84
11/26/19 05:00 PM,16.8,28,71
11/26/19 06:00 PM,16.3,31,1
11/26/19 07:00 PM,16.0,34,0
11/26/19 08:00 PM,15.7,56,0
11/26/19 09:00 PM,15.4,49,0
11/26/19 10:00 PM,15.4,51,0
11/26/19 11:00 PM,15.2,48,0
11/27/19 12:00 AM,14.7,22,0
11/27/19 01:00 AM,14.2,22,0
11/27/19 02:00 AM,13.7,9,0
11/27/19 03:00 AM,13.3,5,0
11/27/19 04:00 AM,12.8,8,0
11/27/19 05:00 AM,12.5,26,0
11/27/19 06:00 AM,11.8,33,0
11/27/19 07:00 AM,12.5,25,0
11/27/19 08:00 AM,13.1,45,7
11/27/19 09:00 AM,15.0,47,97
11/27/19 10:00 AM,16.1,25,239
11/27/19 11:00 AM,16.7,46,318
11/27/19 12:00 PM,15.7,90,362
11/27/19 01:00 PM,16.1,99,193
11/27/19 02:00 PM,16.5,58,217
11/27/19 03:00 PM,16.7,43,284
11/27/19 04:00 PM,16.3,85,181
11/27/19 05:00 PM,15.3,58,52
11/27/19 06:00 PM,14.1,37,1
11/27/19 07:00 PM,13.5,29,0
11/27/19 08:00 PM,13.3,3,0
11/27/19 09:00 PM,13.1,0,0
11/27/19 10:00 PM,13.1,27,0
11/27/19 11:00 PM,13.3,4,0
11/28/19 12:00 AM,13.4,6,0
11/28/19 01:00 AM,13.6,7,0
11/28/19 02:00 AM,13.7,20,0
11/28/19 03:00 AM,14.3,99,0
11/28/19 04:00 AM,14.9,85,0
11/28/19 05:00 AM,15.0,57,0
11/28/19 06:00 AM,14.7,62,0
11/28/19 07:00 AM,14.8,78,0
11/28/19 08:00 AM,15.1,73,5
11/28/19 09:00 AM,15.9,74,69
11/28/19 10:00 AM,16.7,46,180
11/28/19 11:00 AM,17.6,58,287
11/28/19 12:00 PM,16.0,100,298
11/28/19 01:00 PM,16.4,100,137
11/28/19 02:00 PM,16.5,100,156
11/28/19 03:00 PM,15.9,100,60
11/28/19 04:00 PM,16.2,55,45
11/28/19 05:00 PM,16.0,28,54
11/28/19 06:00 PM,15.5,14,1
11/28/19 07:00 PM,15.3,74,0
11/28/19 08:00 PM,15.5,75,0
11/28/19 09:00 PM,15.6,64,0
11/28/19 10:00 PM,15.3,53,0
11/28/19 11:00 PM,15.1,52,0
11/29/19 12:00 AM,15.6,49,0
11/29/19 01:00 AM,15.7,95,0
11/29/19 02:00 AM,15.6,97,0
11/29/19 03:00 AM,15.4,100,0
11/29/19 04:00 AM,15.5,100,0
11/29/19 05:00 AM,15.7,100,0
11/29/19 06:00 AM,15.6,100,0
11/29/19 07:00 AM,15.7,100,0
11/29/19 08:00 AM,15.7,100,4
11/29/19 09:00 AM,16.1,100,41
11/29/19 10:00 AM,16.8,86,137
11/29/19 11:00 AM,17.1,74,196
11/29/19 12:00 PM,17.2,100,238
11/29/19 01:00 PM,17.3,100,136
11/29/19 02:00 PM,17.2,100,116
11/29/19 03:00 PM,17.3,89,146
11/29/19 04:00 PM,17.0,68,117
11/29/19 05:00 PM,16.3,43,52
11/29/19 06:00 PM,15.3,42,1
11/29/19 07:00 PM,15.1,100,0
11/29/19 08:00 PM,15.3,100,0
11/29/19 09:00 PM,15.6,100,0
11/29/19 10:00 PM,15.6,91,0
11/29/19 11:00 PM,15.2,90,0
11/30/19 12:00 AM,15.1,22,0
11/30/19 01:00 AM,15.0,45,0
11/30/19 02:00 AM,15.0,78,0
11/30/19 03:00 AM,15.3,61,0
11/30/19 04:00 AM,15.2,73,0
11/30/19 05:00 AM,15.2,49,0
11/30/19 06:00 AM,15.0,57,0
11/30/19 07:00 AM,15.0,41,0
11/30/19 08:00 AM,15.1,40,5
11/30/19 09:00 AM,16.2,56,83
11/30/19 10:00 AM,16.9,45,202
11/30/19 11:00 AM,17.6,88,255
11/30/19 12:00 PM,16.2,100,165
11/30/19 01:00 PM,16.4,100,102
11/30/19 02:00 PM,17.0,100,145
11/30/19 03:00 PM,16.5,100,162
11/30/19 04:00 PM,16.3,92,84
11/30/19 05:00 PM,15.7,40,52
11/30/19 06:00 PM,14.7,9,1
11/30/19 07:00 PM,13.8,30,0
11/30/19 08:00 PM,12.9,17,0
11/30/19 09:00 PM,12.4,19,0
11/30/19 10:00 PM,12.5,20,0
11/30/19 11:00 PM,12.5,11,0
12/01/19 12:00 AM,13.0,20,0
12/01/19 01:00 AM,13.0,4,0
12/01/19 02:00 AM,13.3,47,0
12/01/19 03:00 AM,13.3,67,0
12/01/19 04:00 AM,13.5,88,0
12/01/19 05:00 AM,13.5,48,0
12/01/19 06:00 AM,13.0,97,0
12/01/19 07:00 AM,13.0,61,0
12/01/19 08:00 AM,12.8,43,3
12/01/19 09:00 AM,13.6,38,69
12/01/19 10:00 AM,14.6,21,179
12/01/19 11:00 AM,14.9,31,335
12/01/19 12:00 PM,14.5,70,377
12/01/19 01:00 PM,14.7,55,302
12/01/19 02:00 PM,13.9,57,294
12/01/19 03:00 PM,14.4,34,237
12/01/19 04:00 PM,14.1,17,185
12/01/19 05:00 PM,13.3,77,74
12/01/19 06:00 PM,13.1,41,1
12/01/19 07:00 PM,13.0,7,0
12/01/19 08:00 PM,12.5,2,0
12/01/19 09:00 PM,12.2,1,0
12/01/19 10:00 PM,11.9,1,0
12/01/19 11:00 PM,11.6,0,0
12/02/19 12:00 AM,11.7,2,0
12/02/19 01:00 AM,11.4,0,0
12/02/19 02:00 AM,11.0,6,0
12/02/19 03:00 AM,10.7,3,0
12/02/19 04:00 AM,10.4,0,0
12/02/19 05:00 AM,10.1,28,0
12/02/19 06:00 AM,10.3,18,0
12/02/19 07:00 AM,9.8,21,0
12/02/19 08:00 AM,9.6,73,5
12/02/19 09:00 AM,10.3,2,88
12/02/19 10:00 AM,11.4,1,253
12/02/19 11:00 AM,12.9,0,378
12/02/19 12:00 PM,14.2,0,459
12/02/19 01:00 PM,15.1,59,488
12/02/19 02:00 PM,15.4,78,337
12/02/19 03:00 PM,15.5,1,273
12/02/19 04:00 PM,15.0,0,231
12/02/19 05:00 PM,14.0,0,79
12/02/19 06:00 PM,13.4,0,1
12/02/19 07:00 PM,12.7,0,0
12/02/19 08:00 PM,12.1,1,0
12/02/19 09:00 PM,11.3,2,0
12/02/19 10:00 PM,10.4,0,0
12/02/19 11:00 PM,9.7,4,0
12/03/19 12:00 AM,9.7,0,0
12/03/19 01:00 AM,9.5,0,0
12/03/19 02:00 AM,9.1,0,0
12/03/19 03:00 AM,8.9,0,0
12/03/19 04:00 AM,8.7,0,0
12/03/19 05:00 AM,8.4,0,0
12/03/19 06:00 AM,8.0,0,0
12/03/19 07:00 AM,7.6,0,0
12/03/19 08:00 AM,7.4,0,4
12/03/19 09:00 AM,8.7,4,102
12/03/19 10:00 AM,10.2,5,248
12/03/19 11:00 AM,11.7,1,372
12/03/19 12:00 PM,13.4,0,459
12/03/19 01:00 PM,14.4,0,485
12/03/19 02:00 PM,15.0,0,452
12/03/19 03:00 PM,14.9,0,364
12/03/19 04:00 PM,14.1,0,231
12/03/19 05:00 PM,12.4,0,80
12/03/19 06:00 PM,10.6,0,1
12/03/19 07:00 PM,10.3,0,0
12/03/19 08:00 PM,9.7,0,0
12/03/19 09:00 PM,9.1,0,0
12/03/19 10:00 PM,8.8,0,0
12/03/19 11:00 PM,8.5,0,0
12/04/19 12:00 AM,8.5,0,0
12/04/19 01:00 AM,8.2,0,0
12/04/19 02:00 AM,8.1,0,0
12/04/19 03:00 AM,7.7,0,0
12/04/19 04:00 AM,7.0,1,0
12/04/19 05:00 AM,6.0,8,0
12/04/19 06:00 AM,5.7,18,0
12/04/19 07:00 AM,4.6,29,0
12/04/19 08:00 AM,4.8,29,4
12/04/19 09:00 AM,6.4,29,93
12/04/19 10:00 AM,8.5,28,219
12/04/19 11:00 AM,10.0,31,281
12/04/19 12:00 PM,10.7,100,380
12/04/19 01:00 PM,11.0,99,170
12/04/19 02:00 PM,12.0,58,299
12/04/19 03:00 PM,12.3,34,290
12/04/19 04:00 PM,12.3,77,196
12/04/19 05:00 PM,11.7,61,54
12/04/19 06:00 PM,10.8,21,1
12/04/19 07:00 PM,9.9,4,0
12/04/19 08:00 PM,9.4,45,0
12/04/19 09:00 PM,9.5,20,0
12/04/19 10:00 PM,9.1,22,0
12/04/19 11:00 PM,9.2,60,0
12/05/19 12:00 AM,10.3,83,0
12/05/19 01:00 AM,9.9,12,0
12/05/19 02:00 AM,8.8,16,0
12/05/19 03:00 AM,8.6,24,0
12/05/19 04:00 AM,8.4,14,0
12/05/19 05:00 AM,8.3,5,0
12/05/19 06:00 AM,8.2,1,0
12/05/19 07:00 AM,8.0,0,0
12/05/19 08:00 AM,7.9,1,3
12/05/19 09:00 AM,9.4,1,96
12/05/19 10:00 AM,11.1,0,246
12/05/19 11:00 AM,12.6,15,373
12/05/19 12:00 PM,14.3,13,439
12/05/19 01:00 PM,15.3,0,476
12/05/19 02:00 PM,15.9,1,442
12/05/19 03:00 PM,16.1,0,353
12/05/19 04:00 PM,15.9,2,224
12/05/19 05:00 PM,14.3,2,76
12/05/19 06:00 PM,13.1,0,1
12/05/19 07:00 PM,12.0,5,0
12/05/19 08:00 PM,11.7,13,0
12/05/19 09:00 PM,11.8,0,0
12/05/19 10:00 PM,11.2,0,0
12/05/19 11:00 PM,10.4,1,0
12/06/19 12:00 AM,10.1,0,0
12/06/19 01:00 AM,9.7,0,0
12/06/19 02:00 AM,9.4,0,0
12/06/19 03:00 AM,9.0,0,0
12/06/19 04:00 AM,8.7,0,0
12/06/19 05:00 AM,8.2,0,0
12/06/19 06:00 AM,7.9,0,0
12/06/19 07:00 AM,7.8,0,0
12/06/19 08:00 AM,7.8,0,3
12/06/19 09:00 AM,9.5,6,95
12/06/19 10:00 AM,11.4,22,243
12/06/19 11:00 AM,13.1,13,353
12/06/19 12:00 PM,15.2,20,449
12/06/19 01:00 PM,16.1,23,457
12/06/19 02:00 PM,16.4,22,418
12/06/19 03:00 PM,16.5,20,327
12/06/19 04:00 PM,16.2,0,217
12/06/19 05:00 PM,14.4,0,77
12/06/19 06:00 PM,13.2,11,1
12/06/19 07:00 PM,12.3,0,0
12/06/19 08:00 PM,11.5,0,0
12/06/19 09:00 PM,11.0,0,0
12/06/19 10:00 PM,10.2,0,0
12/06/19 11:00 PM,9.5,0,0
12/07/19 12:00 AM,9.3,0,0
12/07/19 01:00 AM,9.0,1,0
12/07/19 02:00 AM,8.9,6,0
12/07/19 03:00 AM,8.5,0,0
12/07/19 04:00 AM,8.1,0,0
12/07/19 05:00 AM,7.7,1,0
12/07/19 06:00 AM,7.2,7,0
12/07/19 07:00 AM,7.2,4,0
12/07/19 08:00 AM,7.3,10,3
12/07/19 09:00 AM,8.6,29,86
12/07/19 10:00 AM,10.4,29,188
12/07/19 11:00 AM,12.0,28,294
12/07/19 12:00 PM,13.2,38,378
12/07/19 01:00 PM,14.0,63,295
12/07/19 02:00 PM,14.5,42,307
12/07/19 03:00 PM,14.7,3,259
12/07/19 04:00 PM,14.6,7,219
12/07/19 05:00 PM,12.4,7,72
12/07/19 06:00 PM,11.9,9,1
12/07/19 07:00 PM,11.6,5,0
12/07/19 08:00 PM,11.0,2,0
12/07/19 09:00 PM,10.4,6,0
12/07/19 10:00 PM,10.3,30,0
12/07/19 11:00 PM,9.8,40,0
12/08/19 12:00 AM,10.1,13,0
12/08/19 01:00 AM,9.1,17,0
12/08/19 02:00 AM,10.3,27,0
12/08/19 03:00 AM,10.3,43,0
12/08/19 04:00 AM,10.8,100,0
12/08/19 05:00 AM,10.7,91,0
12/08/19 06:00 AM,11.3,92,0
12/08/19 07:00 AM,11.5,91,0
12/08/19 08:00 AM,11.2,94,2
12/08/19 09:00 AM,12.9,100,55
12/08/19 10:00 AM,14.1,100,157
12/08/19 11:00 AM,15.1,100,213
12/08/19 12:00 PM,15.3,100,113
12/08/19 01:00 PM,15.1,100,60
12/08/19 02:00 PM,15.6,100,111
12/08/19 03:00 PM,16.0,100,109
12/08/19 04:00 PM,15.7,100,45
12/08/19 05:00 PM,15.4,100,27
12/08/19 06:00 PM,14.7,100,0
12/08/19 07:00 PM,15.0,97,0
12/08/19 08:00 PM,15.1,92,0
12/08/19 09:00 PM,15.2,90,0
12/08/19 10:00 PM,15.1,92,0
12/08/19 11:00 PM,14.9,100,0
12/09/19 12:00 AM,14.8,100,0
12/09/19 01:00 AM,14.6,100,0
12/09/19 02:00 AM,14.0,100,0
12/09/19 03:00 AM,13.1,100,0
12/09/19 04:00 AM,12.6,100,0
12/09/19 05:00 AM,12.1,93,0
12/09/19 06:00 AM,11.6,90,0
12/09/19 07:00 AM,11.0,88,0
12/09/19 08:00 AM,11.0,71,1
12/09/19 09:00 AM,11.6,53,62
12/09/19 10:00 AM,12.4,72,174
12/09/19 11:00 AM,13.3,48,312
12/09/19 12:00 PM,14.2,82,415
12/09/19 01:00 PM,15.0,78,275
12/09/19 02:00 PM,15.3,18,279
12/09/19 03:00 PM,15.7,4,339
12/09/19 04:00 PM,15.4,1,224
12/09/19 05:00 PM,12.8,5,77
12/09/19 06:00 PM,12.2,1,1
12/09/19 07:00 PM,11.7,0,0
12/09/19 08:00 PM,10.8,0,0
12/09/19 09:00 PM,10.1,0,0
12/09/19 10:00 PM,9.5,0,0
12/09/19 11:00 PM,9.2,0,0
12/10/19 12:00 AM,9.2,0,0
12/10/19 01:00 AM,8.5,0,0
12/10/19 02:00 AM,7.9,0,0
12/10/19 03:00 AM,7.6,0,0
12/10/19 04:00 AM,7.0,0,0
12/10/19 05:00 AM,6.0,15,0
12/10/19 06:00 AM,6.2,33,0
12/10/19 07:00 AM,6.1,90,0
12/10/19 08:00 AM,6.3,90,2
12/10/19 09:00 AM,7.4,100,57
12/10/19 10:00 AM,8.4,93,165
12/10/19 11:00 AM,10.2,100,264
12/10/19 12:00 PM,10.9,64,381
12/10/19 01:00 PM,12.4,28,381
12/10/19 02:00 PM,13.6,28,383
12/10/19 03:00 PM,14.2,29,333
12/10/19 04:00 PM,14.0,28,211
12/10/19 05:00 PM,11.6,28,73
12/10/19 06:00 PM,10.0,26,1
12/10/19 07:00 PM,9.3,0,0
12/10/19 08:00 PM,9.3,0,0
12/10/19 09:00 PM,8.2,0,0
12/10/19 10:00 PM,8.4,0,0
12/10/19 11:00 PM,7.3,0,0
12/11/19 12:00 AM,8.3,3,0
12/11/19 01:00 AM,7.1,66,0
12/11/19 02:00 AM,9.2,75,0
12/11/19 03:00 AM,10.4,64,0
12/11/19 04:00 AM,10.3,73,0
12/11/19 05:00 AM,11.7,87,0
12/11/19 06:00 AM,12.7,76,0
12/11/19 07:00 AM,13.1,100,0
12/11/19 08:00 AM,12.9,100,0
12/11/19 09:00 AM,12.0,89,17
12/11/19 10:00 AM,12.2,28,73
12/11/19 11:00 AM,13.1,28,312
12/11/19 12:00 PM,13.9,80,424
12/11/19 01:00 PM,14.2,92,386
12/11/19 02:00 PM,13.9,23,259
12/11/19 03:00 PM,14.2,0,358
12/11/19 04:00 PM,13.2,1,232
12/11/19 05:00 PM,11.9,0,80
12/11/19 06:00 PM,10.9,0,1
12/11/19 07:00 PM,10.1,0,0
12/11/19 08:00 PM,9.3,0,0
12/11/19 09:00 PM,8.9,0,0
12/11/19 10:00 PM,8.6,8,0
12/11/19 11:00 PM,9.0,21,0
12/12/19 12:00 AM,9.7,8,0
12/12/19 01:00 AM,9.4,38,0
12/12/19 02:00 AM,9.9,11,0
12/12/19 03:00 AM,9.6,31,0
12/12/19 04:00 AM,9.8,61,0
12/12/19 05:00 AM,10.2,79,0
12/12/19 06:00 AM,10.4,19,0
12/12/19 07:00 AM,10.5,53,0
12/12/19 08:00 AM,11.4,54,1
12/12/19 09:00 AM,12.5,70,58
12/12/19 10:00 AM,13.3,89,127
12/12/19 11:00 AM,13.8,77,151
12/12/19 12:00 PM,14.2,79,286
12/12/19 01:00 PM,14.5,97,314
12/12/19 02:00 PM,14.9,100,258
12/12/19 03:00 PM,14.7,100,105
12/12/19 04:00 PM,14.5,100,80
12/12/19 05:00 PM,14.4,100,22
12/12/19 06:00 PM,14.2,100,0
12/12/19 07:00 PM,14.3,100,0
12/12/19 08:00 PM,14.6,91,0
12/12/19 09:00 PM,14.7,100,0
12/12/19 10:00 PM,14.8,100,0
12/12/19 11:00 PM,14.8,100,0
12/13/19 12:00 AM,14.3,100,0
12/13/19 01:00 AM,14.5,83,0
12/13/19 02:00 AM,14.2,91,0
12/13/19 03:00 AM,14.4,88,0
12/13/19 04:00 AM,14.4,73,0
12/13/19 05:00 AM,14.3,83,0
12/13/19 06:00 AM,14.2,93,0
12/13/19 07:00 AM,14.1,61,0
12/13/19 08:00 AM,13.8,54,1
12/13/19 09:00 AM,14.6,43,62
12/13/19 10:00 AM,15.5,67,193
12/13/19 11:00 AM,16.4,74,278
12/13/19 12:00 PM,15.1,100,313
12/13/19 01:00 PM,16.0,96,212
12/13/19 02:00 PM,16.1,100,229
12/13/19 03:00 PM,16.2,68,200
12/13/19 04:00 PM,15.6,56,147
12/13/19 05:00 PM,14.4,58,53
12/13/19 06:00 PM,13.4,55,1
12/13/19 07:00 PM,13.1,52,0
12/13/19 08:00 PM,12.9,45,0
12/13/19 09:00 PM,12.9,43,0
12/13/19 10:00 PM,12.5,54,0
12/13/19 11:00 PM,12.2,94,0
12/14/19 12:00 AM,13.4,61,0
12/14/19 01:00 AM,12.7,39,0
12/14/19 02:00 AM,12.7,51,0
12/14/19 03:00 AM,12.6,75,0
12/14/19 04:00 AM,12.8,61,0
12/14/19 05:00 AM,13.1,61,0
12/14/19 06:00 AM,12.8,52,0
12/14/19 07:00 AM,12.6,46,0
12/14/19 08:00 AM,12.4,34,1
12/14/19 09:00 AM,13.6,39,66
12/14/19 10:00 AM,15.1,34,198
12/14/19 11:00 AM,16.1,91,326
12/14/19 12:00 PM,15.7,80,258
12/14/19 01:00 PM,16.3,61,316
12/14/19 02:00 PM,16.3,93,293
12/14/19 03:00 PM,15.7,67,201
12/14/19 04:00 PM,15.5,41,143
12/14/19 05:00 PM,14.4,28,56
12/14/19 06:00 PM,13.3,44,1
12/14/19 07:00 PM,13.2,67,0
12/14/19 08:00 PM,13.5,61,0
12/14/19 09:00 PM,13.6,38,0
12/14/19 10:00 PM,13.0,67,0
12/14/19 11:00 PM,13.4,36,0
12/15/19 12:00 AM,13.5,27,0
12/15/19 01:00 AM,13.3,100,0
12/15/19 02:00 AM,13.9,60,0
12/15/19 03:00 AM,13.5,40,0
12/15/19 04:00 AM,13.6,25,0
12/15/19 05:00 AM,13.6,32,0
12/15/19 06:00 AM,13.7,56,0
12/15/19 07:00 AM,13.8,47,0
12/15/19 08:00 AM,13.6,67,1
12/15/19 09:00 AM,14.5,70,56
12/15/19 10:00 AM,15.0,86,121
12/15/19 11:00 AM,15.3,96,176
12/15/19 12:00 PM,14.9,85,192
12/15/19 01:00 PM,14.7,100,128
12/15/19 02:00 PM,14.8,100,161
12/15/19 03:00 PM,14.6,78,110
12/15/19 04:00 PM,14.5,91,85
12/15/19 05:00 PM,14.2,100,27
12/15/19 06:00 PM,14.2,100,0
12/15/19 07:00 PM,14.1,98,0
12/15/19 08:00 PM,14.1,100,0
12/15/19 09:00 PM,14.1,100,0
12/15/19 10:00 PM,14.1,100,0
12/15/19 11:00 PM,13.8,100,0
12/16/19 12:00 AM,13.7,100,0
12/16/19 01:00 AM,13.6,100,0
12/16/19 02:00 AM,13.5,100,0
12/16/19 03:00 AM,13.6,100,0
12/16/19 04:00 AM,14.0,96,0
12/16/19 05:00 AM,13.6,100,0
12/16/19 06:00 AM,13.5,100,0
12/16/19 07:00 AM,13.7,100,0
12/16/19 08:00 AM,13.7,100,0
12/16/19 09:00 AM,13.7,100,13
12/16/19 10:00 AM,12.7,100,30
12/16/19 11:00 AM,12.1,100,47
12/16/19 12:00 PM,11.5,100,67
12/16/19 01:00 PM,11.9,100,60
12/16/19 02:00 PM,12.4,100,139
12/16/19 03:00 PM,12.1,100,95
12/16/19 04:00 PM,12.1,100,104
12/16/19 05:00 PM,11.1,100,9
12/16/19 06:00 PM,10.7,100,0
12/16/19 07:00 PM,10.4,100,0
12/16/19 08:00 PM,10.4,100,0
12/16/19 09:00 PM,10.3,86,0
12/16/19 10:00 PM,10.2,100,0
12/16/19 11:00 PM,10.1,100,0
12/17/19 12:00 AM,9.8,32,0
12/17/19 01:00 AM,10.0,34,0
12/17/19 02:00 AM,9.8,22,0
12/17/19 03:00 AM,9.7,6,0
12/17/19 04:00 AM,9.4,28,0
12/17/19 05:00 AM,9.3,11,0
12/17/19 06:00 AM,8.9,2,0
12/17/19 07:00 AM,8.4,0,0
12/17/19 08:00 AM,7.8,2,1
12/17/19 09:00 AM,9.6,9,74
12/17/19 10:00 AM,11.3,1,200
12/17/19 11:00 AM,12.6,0,355
12/17/19 12:00 PM,13.1,63,441
12/17/19 01:00 PM,13.7,40,332
12/17/19 02:00 PM,13.9,24,346
12/17/19 03:00 PM,13.7,8,287
12/17/19 04:00 PM,13.3,63,219
12/17/19 05:00 PM,11.0,98,65
12/17/19 06:00 PM,10.8,100,1
12/17/19 07:00 PM,11.9,100,0
12/17/19 08:00 PM,12.3,97,0
12/17/19 09:00 PM,12.3,90,0
12/17/19 10:00 PM,12.3,92,0
12/17/19 11:00 PM,12.8,89,0
12/18/19 12:00 AM,13.4,71,0
12/18/19 01:00 AM,13.0,100,0
12/18/19 02:00 AM,13.1,35,0
12/18/19 03:00 AM,13.1,20,0
12/18/19 04:00 AM,13.1,93,0
12/18/19 05:00 AM,13.8,86,0
12/18/19 06:00 AM,14.3,100,0
12/18/19 07:00 AM,14.4,100,0
12/18/19 08:00 AM,14.2,100,0
12/18/19 09:00 AM,14.7,100,19
12/18/19 10:00 AM,15.2,100,59
12/18/19 11:00 AM,15.4,100,111
12/18/19 12:00 PM,15.5,100,239
12/18/19 01:00 PM,15.8,100,185
12/18/19 02:00 PM,16.0,67,236
12/18/19 03:00 PM,16.1,46,227
12/18/19 04:00 PM,16.1,100,184
12/18/19 05:00 PM,15.9,100,32
12/18/19 06:00 PM,15.8,100,0
12/18/19 07:00 PM,15.6,100,0
12/18/19 08:00 PM,15.3,100,0
12/18/19 09:00 PM,15.2,100,0
12/18/19 10:00 PM,15.4,100,0
12/18/19 11:00 PM,15.5,100,0
12/19/19 12:00 AM,15.1,100,0
12/19/19 01:00 AM,14.2,100,0
12/19/19 02:00 AM,14.8,100,0
12/19/19 03:00 AM,15.4,90,0
12/19/19 04:00 AM,15.9,51,0
12/19/19 05:00 AM,15.9,64,0
12/19/19 06:00 AM,15.8,86,0
12/19/19 07:00 AM,15.5,76,0
12/19/19 08:00 AM,16.0,82,0
12/19/19 09:00 AM,16.1,97,28
12/19/19 10:00 AM,14.8,100,39
12/19/19 11:00 AM,15.1,100,43
12/19/19 12:00 PM,16.1,100,39
12/19/19 01:00 PM,16.0,100,31
12/19/19 02:00 PM,16.5,100,62
12/19/19 03:00 PM,16.5,95,48
12/19/19 04:00 PM,16.5,100,26
12/19/19 05:00 PM,16.6,100,11
12/19/19 06:00 PM,16.7,100,0
12/19/19 07:00 PM,16.6,100,0
12/19/19 08:00 PM,17.0,100,0
12/19/19 09:00 PM,16.7,100,0
12/19/19 10:00 PM,17.0,100,0
12/19/19 11:00 PM,16.9,100,0
12/20/19 12:00 AM,16.8,100,0
12/20/19 01:00 AM,17.0,100,0
12/20/19 02:00 AM,16.9,100,0
12/20/19 03:00 AM,16.8,100,0
12/20/19 04:00 AM,16.2,100,0
12/20/19 05:00 AM,16.0,68,0
12/20/19 06:00 AM,15.8,100,0
12/20/19 07:00 AM,16.0,100,0
12/20/19 08:00 AM,15.9,100,0
12/20/19 09:00 AM,16.2,100,5
12/20/19 10:00 AM,16.2,100,15
12/20/19 11:00 AM,16.7,100,45
12/20/19 12:00 PM,17.0,100,77
12/20/19 01:00 PM,17.4,94,45
12/20/19 02:00 PM,17.9,90,111
12/20/19 03:00 PM,17.6,100,120
12/20/19 04:00 PM,17.5,100,39
12/20/19 05:00 PM,17.2,100,6
12/20/19 06:00 PM,17.1,100,0
12/20/19 07:00 PM,17.0,100,0
12/20/19 08:00 PM,17.0,100,0
12/20/19 09:00 PM,17.0,100,0
12/20/19 10:00 PM,16.8,100,0
12/20/19 11:00 PM,17.0,100,0
12/21/19 12:00 AM,17.1,100,0
12/21/19 01:00 AM,17.0,100,0
12/21/19 02:00 AM,17.0,100,0
12/21/19 03:00 AM,17.0,100,0
12/21/19 04:00 AM,17.2,100,0
12/21/19 05:00 AM,16.9,100,0
12/21/19 06:00 AM,16.9,100,0
12/21/19 07:00 AM,17.0,100,0
12/21/19 08:00 AM,17.1,93,0
12/21/19 09:00 AM,17.4,41,41
12/21/19 10:00 AM,18.0,52,183
12/21/19 11:00 AM,18.6,81,267
12/21/19 12:00 PM,17.5,100,252
12/21/19 01:00 PM,17.9,100,188
12/21/19 02:00 PM,17.9,67,292
12/21/19 03:00 PM,17.6,92,233
12/21/19 04:00 PM,16.9,30,165
12/21/19 05:00 PM,16.0,27,72
12/21/19 06:00 PM,15.7,28,2
12/21/19 07:00 PM,15.6,29,0
12/21/19 08:00 PM,15.5,13,0
12/21/19 09:00 PM,15.4,0,0
12/21/19 10:00 PM,15.2,0,0
12/21/19 11:00 PM,15.1,0,0
12/22/19 12:00 AM,15.0,0,0
12/22/19 01:00 AM,14.7,0,0
12/22/19 02:00 AM,14.4,0,0
12/22/19 03:00 AM,14.0,0,0
12/22/19 04:00 AM,13.8,0,0
12/22/19 05:00 AM,13.8,0,0
12/22/19 06:00 AM,13.8,0,0
12/22/19 07:00 AM,13.8,1,0
12/22/19 08:00 AM,13.9,1,0
12/22/19 09:00 AM,15.2,8,65
12/22/19 10:00 AM,16.5,4,204
12/22/19 11:00 AM,17.3,14,324
12/22/19 12:00 PM,17.6,63,402
12/22/19 01:00 PM,17.6,52,302
12/22/19 02:00 PM,17.5,85,294
12/22/19 03:00 PM,16.9,69,170
12/22/19 04:00 PM,16.8,52,132
12/22/19 05:00 PM,15.9,25,62
12/22/19 06:00 PM,14.8,23,2
12/22/19 07:00 PM,14.4,8,0
12/22/19 08:00 PM,13.9,16,0
12/22/19 09:00 PM,13.3,42,0
12/22/19 10:00 PM,12.3,27,0
12/22/19 11:00 PM,11.3,14,0
12/23/19 12:00 AM,11.9,100,0
12/23/19 01:00 AM,12.2,100,0
12/23/19 02:00 AM,12.0,100,0
12/23/19 03:00 AM,12.4,91,0
12/23/19 04:00 AM,12.3,90,0
12/23/19 05:00 AM,12.6,94,0
12/23/19 06:00 AM,13.0,100,0
12/23/19 07:00 AM,13.4,100,0
12/23/19 08:00 AM,13.8,70,0
12/23/19 09:00 AM,14.3,78,36
12/23/19 10:00 AM,14.9,100,123
12/23/19 11:00 AM,15.2,100,160
12/23/19 12:00 PM,14.2,94,241
12/23/19 01:00 PM,14.9,90,349
12/23/19 02:00 PM,15.3,33,371
12/23/19 03:00 PM,15.4,13,292
12/23/19 04:00 PM,15.4,10,223
12/23/19 05:00 PM,14.9,3,84
12/23/19 06:00 PM,12.9,0,2
12/23/19 07:00 PM,11.3,0,0
12/23/19 08:00 PM,11.9,0,0
12/23/19 09:00 PM,11.3,3,0
12/23/19 10:00 PM,10.8,5,0
12/23/19 11:00 PM,10.3,7,0
12/24/19 12:00 AM,10.3,21,0
12/24/19 01:00 AM,9.5,16,0
12/24/19 02:00 AM,9.2,13,0
12/24/19 03:00 AM,9.0,0,0
12/24/19 04:00 AM,9.1,1,0
12/24/19 05:00 AM,8.9,14,0
12/24/19 06:00 AM,8.7,26,0
12/24/19 07:00 AM,8.6,30,0
12/24/19 08:00 AM,8.7,29,0
12/24/19 09:00 AM,10.2,29,60
12/24/19 10:00 AM,12.3,29,188
12/24/19 11:00 AM,14.5,28,318
12/24/19 12:00 PM,15.7,29,408
12/24/19 01:00 PM,17.0,29,409
12/24/19 02:00 PM,18.2,29,403
12/24/19 03:00 PM,18.9,29,338
12/24/19 04:00 PM,18.7,17,233
12/24/19 05:00 PM,17.0,16,88
12/24/19 06:00 PM,15.7,23,2
12/24/19 07:00 PM,15.1,14,0
12/24/19 08:00 PM,14.2,7,0
12/24/19 09:00 PM,13.4,13,0
12/24/19 10:00 PM,12.8,21,0
12/24/19 11:00 PM,12.2,30,0
12/25/19 12:00 AM,12.2,29,0
12/25/19 01:00 AM,11.9,28,0
12/25/19 02:00 AM,11.7,30,0
12/25/19 03:00 AM,12.1,30,0
12/25/19 04:00 AM,11.7,37,0
12/25/19 05:00 AM,11.4,34,0
12/25/19 06:00 AM,11.4,29,0
12/25/19 07:00 AM,11.3,29,0
12/25/19 08:00 AM,11.1,29,0
12/25/19 09:00 AM,12.2,29,55
12/25/19 10:00 AM,13.7,29,186
12/25/19 11:00 AM,15.3,32,303
12/25/19 12:00 PM,16.6,40,380
12/25/19 01:00 PM,17.2,29,282
12/25/19 02:00 PM,17.9,29,371
12/25/19 03:00 PM,17.3,27,291
12/25/19 04:00 PM,16.8,29,172
12/25/19 05:00 PM,15.6,27,60
12/25/19 06:00 PM,14.9,41,2
12/25/19 07:00 PM,14.8,49,0
12/25/19 08:00 PM,14.7,86,0
12/25/19 09:00 PM,14.9,51,0
12/25/19 10:00 PM,14.4,34,0
12/25/19 11:00 PM,14.2,34,0
12/26/19 12:00 AM,14.2,50,0
12/26/19 01:00 AM,13.5,22,0
12/26/19 02:00 AM,12.8,0,0
12/26/19 03:00 AM,12.2,1,0
12/26/19 04:00 AM,11.7,14,0
12/26/19 05:00 AM,11.1,30,0
12/26/19 06:00 AM,10.7,41,0
12/26/19 07:00 AM,10.4,31,0
12/26/19 08:00 AM,10.0,26,0
12/26/19 09:00 AM,11.0,27,63
12/26/19 10:00 AM,12.6,28,210
12/26/19 11:00 AM,14.0,28,342
12/26/19 12:00 PM,14.0,45,414
12/26/19 01:00 PM,14.6,52,281
12/26/19 02:00 PM,15.4,23,370
12/26/19 03:00 PM,15.8,39,343
12/26/19 04:00 PM,15.4,43,224
12/26/19 05:00 PM,13.6,28,91
12/26/19 06:00 PM,12.4,28,3
12/26/19 07:00 PM,11.8,29,0
12/26/19 08:00 PM,11.3,28,0
12/26/19 09:00 PM,11.0,27,0
12/26/19 10:00 PM,10.6,19,0
12/26/19 11:00 PM,10.1,31,0
12/27/19 12:00 AM,10.5,57,0
12/27/19 01:00 AM,10.2,65,0
12/27/19 02:00 AM,10.3,68,0
12/27/19 03:00 AM,9.6,48,0
12/27/19 04:00 AM,9.1,30,0
12/27/19 05:00 AM,8.7,26,0
12/27/19 06:00 AM,8.6,24,0
12/27/19 07:00 AM,8.5,18,0
12/27/19 08:00 AM,8.4,12,0
12/27/19 09:00 AM,9.7,17,62
12/27/19 10:00 AM,11.7,22,184
12/27/19 11:00 AM,13.3,11,257
12/27/19 12:00 PM,14.6,11,404
12/27/19 01:00 PM,16.5,14,458
12/27/19 02:00 PM,17.6,0,442
12/27/19 03:00 PM,18.1,0,366
12/27/19 04:00 PM,17.8,0,242
12/27/19 05:00 PM,15.1,0,94
12/27/19 06:00 PM,13.7,0,3
12/27/19 07:00 PM,12.9,0,0
12/27/19 08:00 PM,12.1,0,0
12/27/19 09:00 PM,11.2,0,0
12/27/19 10:00 PM,10.8,0,0
12/27/19 11:00 PM,10.1,0,0
12/28/19 12:00 AM,10.2,0,0
12/28/19 01:00 AM,9.5,0,0
12/28/19 02:00 AM,9.2,0,0
12/28/19 03:00 AM,8.9,0,0
12/28/19 04:00 AM,8.7,0,0
12/28/19 05:00 AM,8.5,0,0
12/28/19 06:00 AM,8.2,0,0
12/28/19 07:00 AM,7.8,0,0
12/28/19 08:00 AM,7.8,0,0
12/28/19 09:00 AM,9.6,0,63
12/28/19 10:00 AM,11.8,0,210
12/28/19 11:00 AM,13.9,0,343
12/28/19 12:00 PM,15.5,0,433
12/28/19 01:00 PM,17.0,0,470
12/28/19 02:00 PM,18.0,0,446
12/28/19 03:00 PM,18.6,0,368
12/28/19 04:00 PM,18.5,0,243
12/28/19 05:00 PM,17.9,0,95
12/28/19 06:00 PM,14.0,0,3
12/28/19 07:00 PM,11.9,0,0
12/28/19 08:00 PM,10.7,0,0
12/28/19 09:00 PM,10.0,0,0
12/28/19 10:00 PM,9.8,0,0
12/28/19 11:00 PM,8.9,0,0
12/29/19 12:00 AM,10.4,0,0
12/29/19 01:00 AM,8.5,0,0
12/29/19 02:00 AM,8.6,0,0
12/29/19 03:00 AM,8.2,0,0
12/29/19 04:00 AM,7.7,0,0
12/29/19 05:00 AM,7.3,0,0
12/29/19 06:00 AM,8.0,0,0
12/29/19 07:00 AM,8.5,0,0
12/29/19 08:00 AM,8.5,0,0
12/29/19 09:00 AM,10.0,0,64
12/29/19 10:00 AM,12.0,0,212
12/29/19 11:00 AM,13.7,0,347
12/29/19 12:00 PM,15.1,0,439
12/29/19 01:00 PM,16.1,0,477
12/29/19 02:00 PM,16.9,0,454
12/29/19 03:00 PM,17.3,0,375
12/29/19 04:00 PM,17.1,0,250
12/29/19 05:00 PM,13.9,0,99
12/29/19 06:00 PM,11.8,0,4
12/29/19 07:00 PM,10.4,0,0
12/29/19 08:00 PM,11.0,0,0
12/29/19 09:00 PM,10.1,0,0
12/29/19 10:00 PM,8.8,0,0
12/29/19 11:00 PM,9.5,4,0
12/30/19 12:00 AM,9.3,2,0
12/30/19 01:00 AM,9.2,3,0
12/30/19 02:00 AM,7.1,3,0
12/30/19 03:00 AM,5.6,3,0
12/30/19 04:00 AM,5.6,90,0
12/30/19 05:00 AM,5.9,90,0
12/30/19 06:00 AM,5.6,90,0
12/30/19 07:00 AM,5.4,90,0
12/30/19 08:00 AM,5.3,90,0
12/30/19 09:00 AM,6.2,90,43
12/30/19 10:00 AM,7.9,90,147
12/30/19 11:00 AM,10.6,4,315
12/30/19 12:00 PM,12.2,0,439
12/30/19 01:00 PM,14.2,0,477
12/30/19 02:00 PM,15.1,0,455
12/30/19 03:00 PM,15.4,0,377
12/30/19 04:00 PM,15.1,0,252
12/30/19 05:00 PM,11.8,0,101
12/30/19 06:00 PM,10.8,0,4
12/30/19 07:00 PM,10.2,0,0
12/30/19 08:00 PM,10.2,0,0
12/30/19 09:00 PM,9.6,0,0
12/30/19 10:00 PM,9.3,0,0
12/30/19 11:00 PM,8.7,0,0
12/31/19 12:00 AM,8.6,0,0
12/31/19 01:00 AM,8.3,0,0
12/31/19 02:00 AM,8.0,0,0
12/31/19 03:00 AM,7.5,0,0
12/31/19 04:00 AM,7.0,0,0
12/31/19 05:00 AM,6.5,0,0
12/31/19 06:00 AM,6.2,0,0
12/31/19 07:00 AM,5.9,0,0
12/31/19 08:00 AM,5.7,0,0
12/31/19 09:00 AM,7.0,0,64
12/31/19 10:00 AM,8.9,0,213
12/31/19 11:00 AM,10.8,0,349
12/31/19 12:00 PM,10.7,5,442
12/31/19 01:00 PM,12.1,0,480
12/31/19 02:00 PM,13.0,0,459
12/31/19 03:00 PM,13.2,1,382
12/31/19 04:00 PM,12.8,0,255
12/31/19 05:00 PM,11.1,0,104
12/31/19 06:00 PM,9.6,0,5
12/31/19 07:00 PM,9.2,0,0
12/31/19 08:00 PM,8.6,0,0
12/31/19 09:00 PM,8.0,0,0
12/31/19 10:00 PM,7.5,8,0
12/31/19 11:00 PM,7.0,8,0
01/01/20 12:00 AM,7.1,0,0
01/01/20 01:00 AM,6.6,0,0
01/01/20 02:00 AM,6.0,23,0
01/01/20 03:00 AM,4.9,52,0
01/01/20 04:00 AM,4.7,56,0
01/01/20 05:00 AM,4.5,37,0
01/01/20 06:00 AM,4.1,36,0
01/01/20 07:00 AM,4.6,42,0
01/01/20 08:00 AM,4.0,42,0
01/01/20 09:00 AM,6.3,23,59
01/01/20 10:00 AM,8.6,25,210
01/01/20 11:00 AM,10.8,26,348
01/01/20 12:00 PM,11.4,22,440
01/01/20 01:00 PM,12.9,25,476
01/01/20 02:00 PM,13.9,27,452
01/01/20 03:00 PM,14.2,26,370
01/01/20 04:00 PM,14.0,21,247
01/01/20 05:00 PM,13.3,14,101
01/01/20 06:00 PM,12.0,23,5
01/01/20 07:00 PM,10.5,24,0
01/01/20 08:00 PM,7.6,40,0
01/01/20 09:00 PM,6.7,100,0
01/01/20 10:00 PM,7.1,100,0
01/01/20 11:00 PM,7.8,95,0
01/02/20 12:00 AM,6.3,100,0
01/02/20 01:00 AM,6.9,100,0
01/02/20 02:00 AM,6.8,100,0
01/02/20 03:00 AM,7.1,97,0
01/02/20 04:00 AM,7.3,90,0
01/02/20 05:00 AM,7.1,90,0
01/02/20 06:00 AM,7.2,90,0
01/02/20 07:00 AM,7.0,90,0
01/02/20 08:00 AM,6.9,90,0
01/02/20 09:00 AM,7.2,90,28
01/02/20 10:00 AM,7.9,90,115
01/02/20 11:00 AM,8.7,90,167
01/02/20 12:00 PM,10.0,98,272
01/02/20 01:00 PM,11.4,94,291
01/02/20 02:00 PM,12.7,76,352
01/02/20 03:00 PM,13.3,84,293
01/02/20 04:00 PM,13.4,100,189
01/02/20 05:00 PM,12.6,100,46
01/02/20 06:00 PM,12.1,100,2
01/02/20 07:00 PM,11.8,100,0
01/02/20 08:00 PM,11.6,92,0
01/02/20 09:00 PM,10.9,81,0
01/02/20 10:00 PM,11.6,70,0
01/02/20 11:00 PM,10.0,100,0
01/03/20 12:00 AM,11.0,100,0
01/03/20 01:00 AM,11.7,100,0
01/03/20 02:00 AM,11.4,86,0
01/03/20 03:00 AM,10.6,57,0
01/03/20 04:00 AM,9.1,39,0
01/03/20 05:00 AM,9.2,28,0
01/03/20 06:00 AM,11.2,41,0
01/03/20 07:00 AM,10.9,56,0
01/03/20 08:00 AM,10.2,44,0
01/03/20 09:00 AM,10.0,40,41
01/03/20 10:00 AM,11.7,39,148
01/03/20 11:00 AM,13.2,37,291
01/03/20 12:00 PM,14.2,41,382
01/03/20 01:00 PM,15.1,37,379
01/03/20 02:00 PM,15.3,32,295
01/03/20 03:00 PM,15.8,27,362
01/03/20 04:00 PM,15.5,44,233
01/03/20 05:00 PM,13.4,47,98
01/03/20 06:00 PM,12.0,44,4
01/03/20 07:00 PM,11.9,82,0
01/03/20 08:00 PM,12.2,45,0
01/03/20 09:00 PM,11.3,4,0
01/03/20 10:00 PM,10.6,0,0
01/03/20 11:00 PM,10.4,1,0
01/04/20 12:00 AM,10.1,0,0
01/04/20 01:00 AM,9.8,0,0
01/04/20 02:00 AM,9.7,6,0
01/04/20 03:00 AM,9.6,4,0
01/04/20 04:00 AM,9.3,2,0
01/04/20 05:00 AM,8.9,2,0
01/04/20 06:00 AM,8.6,2,0
01/04/20 07:00 AM,8.2,2,0
01/04/20 08:00 AM,7.7,7,0
01/04/20 09:00 AM,8.4,2,59
01/04/20 10:00 AM,9.9,1,205
01/04/20 11:00 AM,11.7,0,340
01/04/20 12:00 PM,13.1,4,433
01/04/20 01:00 PM,14.3,15,463
01/04/20 02:00 PM,14.8,8,405
01/04/20 03:00 PM,15.0,2,375
01/04/20 04:00 PM,14.8,0,259
01/04/20 05:00 PM,13.1,0,110
01/04/20 06:00 PM,11.3,0,6
01/04/20 07:00 PM,10.5,0,0
01/04/20 08:00 PM,9.5,0,0
01/04/20 09:00 PM,8.5,0,0
01/04/20 10:00 PM,7.7,0,0
01/04/20 11:00 PM,7.1,0,0
01/05/20 12:00 AM,6.9,0,0
01/05/20 01:00 AM,6.5,0,0
01/05/20 02:00 AM,6.2,0,0
01/05/20 03:00 AM,5.8,0,0
01/05/20 04:00 AM,5.3,0,0
01/05/20 05:00 AM,4.8,0,0
01/05/20 06:00 AM,4.7,0,0
01/05/20 07:00 AM,4.5,0,0
01/05/20 08:00 AM,4.2,0,0
01/05/20 09:00 AM,5.5,0,62
01/05/20 10:00 AM,7.6,0,213
01/05/20 11:00 AM,9.7,1,350
01/05/20 12:00 PM,11.3,3,442
01/05/20 01:00 PM,12.8,3,478
01/05/20 02:00 PM,13.7,2,456
01/05/20 03:00 PM,14.1,0,386
01/05/20 04:00 PM,14.0,0,264
01/05/20 05:00 PM,13.6,0,113
01/05/20 06:00 PM,10.1,0,7
01/05/20 07:00 PM,7.9,0,0
01/05/20 08:00 PM,7.8,0,0
01/05/20 09:00 PM,8.0,0,0
01/05/20 10:00 PM,6.7,0,0
01/05/20 11:00 PM,6.7,0,0
01/06/20 12:00 AM,7.0,0,0
01/06/20 01:00 AM,6.6,0,0
01/06/20 02:00 AM,6.3,1,0
01/06/20 03:00 AM,5.5,1,0
01/06/20 04:00 AM,4.7,4,0
01/06/20 05:00 AM,4.5,2,0
01/06/20 06:00 AM,4.5,4,0
01/06/20 07:00 AM,4.0,22,0
01/06/20 08:00 AM,3.4,54,0
01/06/20 09:00 AM,5.2,18,61
01/06/20 10:00 AM,7.8,0,210
01/06/20 11:00 AM,10.3,0,352
01/06/20 12:00 PM,11.4,0,447
01/06/20 01:00 PM,12.8,10,486
01/06/20 02:00 PM,13.5,0,467
01/06/20 03:00 PM,13.6,0,392
01/06/20 04:00 PM,13.1,0,268
01/06/20 05:00 PM,11.4,0,116
01/06/20 06:00 PM,9.2,0,8
01/06/20 07:00 PM,8.5,0,0
01/06/20 08:00 PM,7.3,0,0
01/06/20 09:00 PM,7.3,0,0
01/06/20 10:00 PM,8.0,0,0
01/06/20 11:00 PM,7.5,0,0
01/07/20 12:00 AM,6.9,0,0
01/07/20 01:00 AM,6.3,0,0
01/07/20 02:00 AM,5.8,0,0
01/07/20 03:00 AM,5.5,0,0
01/07/20 04:00 AM,5.4,0,0
01/07/20 05:00 AM,5.1,7,0
01/07/20 06:00 AM,4.9,12,0
01/07/20 07:00 AM,4.4,38,0
01/07/20 08:00 AM,4.1,59,0
01/07/20 09:00 AM,5.3,36,55
01/07/20 10:00 AM,7.3,21,206
01/07/20 11:00 AM,9.5,10,350
01/07/20 12:00 PM,11.2,14,448
01/07/20 01:00 PM,12.8,14,490
01/07/20 02:00 PM,13.6,0,471
01/07/20 03:00 PM,13.6,0,398
01/07/20 04:00 PM,13.0,0,274
01/07/20 05:00 PM,11.4,1,120
01/07/20 06:00 PM,10.1,4,8
01/07/20 07:00 PM,9.5,0,0
01/07/20 08:00 PM,8.8,0,0
01/07/20 09:00 PM,8.3,0,0
01/07/20 10:00 PM,7.9,0,0
01/07/20 11:00 PM,7.6,0,0
01/08/20 12:00 AM,7.3,0,0
01/08/20 01:00 AM,6.6,0,0
01/08/20 02:00 AM,5.9,0,0
01/08/20 03:00 AM,5.6,4,0
01/08/20 04:00 AM,5.6,0,0
01/08/20 05:00 AM,5.5,0,0
01/08/20 06:00 AM,5.3,0,0
01/08/20 07:00 AM,5.0,3,0
01/08/20 08:00 AM,4.9,10,0
01/08/20 09:00 AM,6.4,4,65
01/08/20 10:00 AM,8.5,1,219
01/08/20 11:00 AM,10.3,1,361
01/08/20 12:00 PM,11.7,2,460
01/08/20 01:00 PM,12.7,2,498
01/08/20 02:00 PM,13.3,1,480
01/08/20 03:00 PM,13.6,0,406
01/08/20 04:00 PM,13.7,0,280
01/08/20 05:00 PM,12.4,0,123
01/08/20 06:00 PM,11.0,0,9
01/08/20 07:00 PM,11.1,0,0
01/08/20 08:00 PM,11.0,5,0
01/08/20 09:00 PM,10.7,1,0
01/08/20 10:00 PM,10.5,7,0
01/08/20 11:00 PM,10.3,15,0
01/09/20 12:00 AM,10.4,73,0
01/09/20 01:00 AM,11.5,100,0
01/09/20 02:00 AM,12.3,100,0
01/09/20 03:00 AM,12.8,100,0
01/09/20 04:00 AM,12.7,95,0
01/09/20 05:00 AM,12.7,86,0
01/09/20 06:00 AM,12.6,89,0
01/09/20 07:00 AM,12.4,91,0
01/09/20 08:00 AM,11.9,50,0
01/09/20 09:00 AM,12.5,90,48
01/09/20 10:00 AM,13.7,90,116
01/09/20 11:00 AM,14.5,90,129
01/09/20 12:00 PM,14.9,76,175
01/09/20 01:00 PM,16.0,87,268
01/09/20 02:00 PM,16.2,100,230
01/09/20 03:00 PM,16.2,70,186
01/09/20 04:00 PM,16.0,93,201
01/09/20 05:00 PM,15.2,90,61
01/09/20 06:00 PM,14.4,90,2
01/09/20 07:00 PM,13.5,30,0
01/09/20 08:00 PM,12.1,16,0
01/09/20 09:00 PM,11.3,30,0
01/09/20 10:00 PM,10.7,3,0
01/09/20 11:00 PM,10.3,13,0
01/10/20 12:00 AM,10.8,36,0
01/10/20 01:00 AM,10.7,82,0
01/10/20 02:00 AM,11.2,88,0
01/10/20 03:00 AM,10.9,38,0
01/10/20 04:00 AM,9.6,1,0
01/10/20 05:00 AM,8.8,0,0
01/10/20 06:00 AM,8.5,0,0
01/10/20 07:00 AM,8.5,0,0
01/10/20 08:00 AM,8.7,0,0
01/10/20 09:00 AM,9.6,11,62
01/10/20 10:00 AM,10.8,0,214
01/10/20 11:00 AM,11.8,0,354
01/10/20 12:00 PM,12.8,0,452
01/10/20 01:00 PM,13.5,1,493
01/10/20 02:00 PM,13.7,0,475
01/10/20 03:00 PM,13.9,0,403
01/10/20 04:00 PM,13.6,1,279
01/10/20 05:00 PM,12.2,1,126
01/10/20 06:00 PM,10.8,0,10
01/10/20 07:00 PM,10.2,0,0
01/10/20 08:00 PM,9.4,0,0
01/10/20 09:00 PM,8.7,0,0
01/10/20 10:00 PM,8.0,0,0
01/10/20 11:00 PM,7.3,0,0
01/11/20 12:00 AM,7.1,0,0
01/11/20 01:00 AM,6.4,0,0
01/11/20 02:00 AM,5.8,0,0
01/11/20 03:00 AM,5.4,0,0
01/11/20 04:00 AM,5.0,0,0
01/11/20 05:00 AM,4.8,0,0
01/11/20 06:00 AM,4.5,0,0
01/11/20 07:00 AM,4.1,0,0
01/11/20 08:00 AM,3.8,0,0
01/11/20 09:00 AM,5.6,0,65
01/11/20 10:00 AM,8.2,0,219
01/11/20 11:00 AM,10.6,0,360
01/11/20 12:00 PM,12.5,0,459
01/11/20 01:00 PM,14.0,0,501
01/11/20 02:00 PM,14.6,0,484
01/11/20 03:00 PM,14.7,0,409
01/11/20 04:00 PM,14.2,0,285
01/11/20 05:00 PM,12.3,0,131
01/11/20 06:00 PM,10.2,0,12
01/11/20 07:00 PM,9.4,0,0
01/11/20 08:00 PM,8.5,0,0
01/11/20 09:00 PM,7.4,0,0
01/11/20 10:00 PM,6.1,0,0
01/11/20 11:00 PM,5.2,0,0
01/12/20 12:00 AM,5.3,0,0
01/12/20 01:00 AM,4.5,0,0
01/12/20 02:00 AM,3.2,0,0
01/12/20 03:00 AM,2.9,0,0
01/12/20 04:00 AM,2.4,0,0
01/12/20 05:00 AM,2.3,0,0
01/12/20 06:00 AM,1.5,0,0
01/12/20 07:00 AM,1.2,0,0
01/12/20 08:00 AM,1.3,0,0
01/12/20 09:00 AM,4.1,0,67
01/12/20 10:00 AM,6.6,0,224
01/12/20 11:00 AM,9.0,0,366
01/12/20 12:00 PM,10.9,0,465
01/12/20 01:00 PM,12.5,0,504
01/12/20 02:00 PM,13.2,0,488
01/12/20 03:00 PM,13.5,0,414
01/12/20 04:00 PM,13.2,0,290
01/12/20 05:00 PM,10.7,0,135
01/12/20 06:00 PM,8.2,0,13
01/12/20 07:00 PM,6.9,0,0
01/12/20 08:00 PM,5.8,0,0
01/12/20 09:00 PM,6.2,29,0
01/12/20 10:00 PM,7.5,23,0
01/12/20 11:00 PM,7.0,22,0
01/13/20 12:00 AM,5.1,21,0
01/13/20 01:00 AM,3.9,22,0
01/13/20 02:00 AM,4.3,22,0
01/13/20 03:00 AM,3.2,23,0
01/13/20 04:00 AM,3.4,30,0
01/13/20 05:00 AM,5.2,30,0
01/13/20 06:00 AM,4.0,30,0
01/13/20 07:00 AM,3.3,30,0
01/13/20 08:00 AM,2.8,33,0
01/13/20 09:00 AM,6.4,34,61
01/13/20 10:00 AM,8.8,33,206
01/13/20 11:00 AM,10.7,62,321
01/13/20 12:00 PM,11.5,84,372
01/13/20 01:00 PM,13.0,95,356
01/13/20 02:00 PM,13.3,92,207
01/13/20 03:00 PM,13.3,90,184
01/13/20 04:00 PM,13.1,92,125
01/13/20 05:00 PM,12.3,26,66
01/13/20 06:00 PM,10.4,21,12
01/13/20 07:00 PM,10.3,36,0
01/13/20 08:00 PM,10.8,33,0
01/13/20 09:00 PM,10.6,90,0
01/13/20 10:00 PM,11.1,90,0
01/13/20 11:00 PM,12.1,90,0
01/14/20 12:00 AM,12.1,100,0
01/14/20 01:00 AM,12.5,100,0
01/14/20 02:00 AM,12.4,100,0
01/14/20 03:00 AM,12.0,100,0
01/14/20 04:00 AM,12.3,93,0
01/14/20 05:00 AM,12.3,45,0
01/14/20 06:00 AM,11.9,48,0
01/14/20 07:00 AM,11.9,78,0
01/14/20 08:00 AM,11.5,100,0
01/14/20 09:00 AM,12.9,100,25
01/14/20 10:00 AM,13.8,76,90
01/14/20 11:00 AM,14.2,59,171
01/14/20 12:00 PM,14.2,100,236
01/14/20 01:00 PM,13.9,100,129
01/14/20 02:00 PM,14.6,92,270
01/14/20 03:00 PM,15.0,55,216
01/14/20 04:00 PM,14.9,62,181
01/14/20 05:00 PM,14.5,55,69
01/14/20 06:00 PM,14.6,60,9
01/14/20 07:00 PM,14.2,74,0
01/14/20 08:00 PM,14.4,46,0
01/14/20 09:00 PM,13.8,82,0
01/14/20 10:00 PM,14.0,92,0
01/14/20 11:00 PM,13.3,100,0
01/15/20 12:00 AM,14.4,85,0
01/15/20 01:00 AM,14.3,100,0
01/15/20 02:00 AM,14.1,100,0
01/15/20 03:00 AM,14.7,56,0
01/15/20 04:00 AM,14.6,45,0
01/15/20 05:00 AM,14.6,51,0
01/15/20 06:00 AM,14.7,81,0
01/15/20 07:00 AM,14.5,85,0
01/15/20 08:00 AM,14.3,90,0
01/15/20 09:00 AM,14.9,100,32
01/15/20 10:00 AM,15.3,63,70
01/15/20 11:00 AM,15.4,100,182
01/15/20 12:00 PM,16.0,64,247
01/15/20 01:00 PM,16.4,62,218
01/15/20 02:00 PM,16.6,37,258
01/15/20 03:00 PM,16.8,28,317
01/15/20 04:00 PM,16.5,38,233
01/15/20 05:00 PM,15.9,31,108
01/15/20 06:00 PM,15.3,30,12
01/15/20 07:00 PM,15.1,28,0
01/15/20 08:00 PM,15.0,48,0
01/15/20 09:00 PM,15.1,64,0
01/15/20 10:00 PM,15.2,59,0
01/15/20 11:00 PM,15.0,57,0
01/16/20 12:00 AM,14.9,82,0
01/16/20 01:00 AM,14.9,79,0
01/16/20 02:00 AM,14.8,58,0
01/16/20 03:00 AM,14.8,72,0
01/16/20 04:00 AM,14.7,53,0
01/16/20 05:00 AM,14.4,51,0
01/16/20 06:00 AM,14.1,62,0
01/16/20 07:00 AM,13.8,39,0
01/16/20 08:00 AM,13.8,29,0
01/16/20 09:00 AM,14.2,44,56
01/16/20 10:00 AM,14.9,23,182
01/16/20 11:00 AM,15.5,40,303
01/16/20 12:00 PM,15.6,50,371
01/16/20 01:00 PM,16.5,38,389
01/16/20 02:00 PM,16.6,37,404
01/16/20 03:00 PM,16.4,61,330
01/16/20 04:00 PM,15.9,77,182
01/16/20 05:00 PM,15.5,100,79
01/16/20 06:00 PM,14.6,100,7
01/16/20 07:00 PM,14.8,100,0
01/16/20 08:00 PM,14.9,14,0
01/16/20 09:00 PM,13.5,6,0
01/16/20 10:00 PM,12.5,1,0
01/16/20 11:00 PM,11.3,0,0
01/17/20 12:00 AM,11.6,1,0
01/17/20 01:00 AM,11.7,13,0
01/17/20 02:00 AM,11.6,7,0
01/17/20 03:00 AM,11.3,0,0
01/17/20 04:00 AM,11.5,5,0
01/17/20 05:00 AM,11.7,30,0
01/17/20 06:00 AM,11.3,31,0
01/17/20 07:00 AM,10.5,46,0
01/17/20 08:00 AM,9.9,48,0
01/17/20 09:00 AM,11.6,55,50
01/17/20 10:00 AM,12.9,66,188
01/17/20 11:00 AM,13.8,72,282
01/17/20 12:00 PM,13.5,100,361
01/17/20 01:00 PM,14.7,49,365
01/17/20 02:00 PM,15.1,30,369
01/17/20 03:00 PM,15.5,14,413
01/17/20 04:00 PM,15.4,30,289
01/17/20 05:00 PM,14.1,47,126
01/17/20 06:00 PM,11.5,52,13
01/17/20 07:00 PM,11.5,83,0
01/17/20 08:00 PM,11.6,90,0
01/17/20 09:00 PM,12.0,87,0
01/17/20 10:00 PM,13.0,93,0
01/17/20 11:00 PM,13.3,80,0
01/18/20 12:00 AM,13.8,65,0
01/18/20 01:00 AM,14.0,94,0
01/18/20 02:00 AM,14.2,100,0
01/18/20 03:00 AM,14.6,100,0
01/18/20 04:00 AM,15.0,100,0
01/18/20 05:00 AM,15.1,100,0
01/18/20 06:00 AM,15.4,100,0
01/18/20 07:00 AM,15.5,100,0
01/18/20 08:00 AM,15.6,100,0
01/18/20 09:00 AM,15.6,100,30
01/18/20 10:00 AM,16.0,100,49
01/18/20 11:00 AM,17.2,86,216
01/18/20 12:00 PM,16.8,52,301
01/18/20 01:00 PM,17.2,71,414
01/18/20 02:00 PM,17.3,68,429
01/18/20 03:00 PM,17.2,58,352
01/18/20 04:00 PM,16.6,21,239
01/18/20 05:00 PM,15.3,2,139
01/18/20 06:00 PM,13.2,1,19
01/18/20 07:00 PM,12.9,33,0
01/18/20 08:00 PM,13.2,20,0
01/18/20 09:00 PM,13.3,63,0
01/18/20 10:00 PM,13.2,66,0
01/18/20 11:00 PM,12.1,90,0
01/19/20 12:00 AM,11.8,2,0
01/19/20 01:00 AM,11.1,2,0
01/19/20 02:00 AM,11.4,38,0
01/19/20 03:00 AM,11.9,30,0
01/19/20 04:00 AM,11.8,52,0
01/19/20 05:00 AM,11.9,31,0
01/19/20 06:00 AM,11.3,55,0
01/19/20 07:00 AM,11.1,44,0
01/19/20 08:00 AM,11.2,90,0
01/19/20 09:00 AM,11.3,10,41
01/19/20 10:00 AM,11.6,1,215
01/19/20 11:00 AM,12.5,0,371
01/19/20 12:00 PM,14.2,0,476
01/19/20 01:00 PM,15.1,0,516
01/19/20 02:00 PM,15.5,0,504
01/19/20 03:00 PM,15.4,0,433
01/19/20 04:00 PM,15.3,3,313
01/19/20 05:00 PM,14.4,0,158
01/19/20 06:00 PM,13.4,0,22
01/19/20 07:00 PM,12.7,0,0
01/19/20 08:00 PM,11.8,0,0
01/19/20 09:00 PM,11.1,0,0
01/19/20 10:00 PM,10.4,0,0
01/19/20 11:00 PM,9.4,0,0
01/20/20 12:00 AM,8.6,2,0
01/20/20 01:00 AM,7.5,2,0
01/20/20 02:00 AM,6.7,2,0
01/20/20 03:00 AM,6.3,1,0
01/20/20 04:00 AM,6.1,1,0
01/20/20 05:00 AM,5.9,0,0
01/20/20 06:00 AM,5.7,47,0
01/20/20 07:00 AM,6.4,59,0
01/20/20 08:00 AM,6.5,54,0
01/20/20 09:00 AM,6.4,56,40
01/20/20 10:00 AM,6.4,60,72
01/20/20 11:00 AM,6.5,60,77
01/20/20 12:00 PM,7.7,53,112
01/20/20 01:00 PM,10.3,14,432
01/20/20 02:00 PM,11.2,8,462
01/20/20 03:00 PM,11.7,0,425
01/20/20 04:00 PM,11.2,0,317
01/20/20 05:00 PM,9.9,0,159
01/20/20 06:00 PM,9.0,1,22
01/20/20 07:00 PM,8.6,0,0
01/20/20 08:00 PM,8.3,0,0
01/20/20 09:00 PM,7.8,0,0
01/20/20 10:00 PM,7.5,0,0
01/20/20 11:00 PM,7.3,1,0
01/21/20 12:00 AM,7.4,0,0
01/21/20 01:00 AM,7.1,0,0
01/21/20 02:00 AM,6.8,0,0
01/21/20 03:00 AM,6.6,0,0
01/21/20 04:00 AM,6.4,0,0
01/21/20 05:00 AM,6.2,4,0
01/21/20 06:00 AM,5.9,18,0
01/21/20 07:00 AM,5.6,37,0
01/21/20 08:00 AM,5.7,0,0
01/21/20 09:00 AM,6.4,0,73
01/21/20 10:00 AM,8.0,0,231
01/21/20 11:00 AM,9.4,0,375
01/21/20 12:00 PM,10.8,0,477
01/21/20 01:00 PM,11.9,7,523
01/21/20 02:00 PM,12.7,4,510
01/21/20 03:00 PM,13.1,7,438
01/21/20 04:00 PM,13.0,1,315
01/21/20 05:00 PM,12.0,2,158
01/21/20 06:00 PM,10.5,15,23
01/21/20 07:00 PM,9.5,4,0
01/21/20 08:00 PM,9.1,41,0
01/21/20 09:00 PM,8.7,10,0
01/21/20 10:00 PM,7.9,31,0
01/21/20 11:00 PM,7.5,38,0
01/22/20 12:00 AM,7.7,46,0
01/22/20 01:00 AM,7.9,73,0
01/22/20 02:00 AM,8.3,99,0
01/22/20 03:00 AM,8.4,100,0
01/22/20 04:00 AM,8.3,98,0
01/22/20 05:00 AM,8.1,46,0
01/22/20 06:00 AM,7.2,58,0
01/22/20 07:00 AM,7.0,34,0
01/22/20 08:00 AM,6.5,88,0
01/22/20 09:00 AM,7.6,70,53
01/22/20 10:00 AM,9.1,64,163
01/22/20 11:00 AM,10.6,27,298
01/22/20 12:00 PM,11.6,100,471
01/22/20 01:00 PM,11.5,100,232
01/22/20 02:00 PM,11.4,100,228
01/22/20 03:00 PM,10.6,100,102
01/22/20 04:00 PM,10.2,100,59
01/22/20 05:00 PM,9.8,88,39
01/22/20 06:00 PM,9.3,93,12
01/22/20 07:00 PM,9.1,79,0
01/22/20 08:00 PM,8.3,43,0
01/22/20 09:00 PM,7.9,30,0
01/22/20 10:00 PM,7.5,49,0
01/22/20 11:00 PM,7.3,73,0
01/23/20 12:00 AM,6.9,29,0
01/23/20 01:00 AM,6.8,50,0
01/23/20 02:00 AM,6.7,66,0
01/23/20 03:00 AM,6.8,43,0
01/23/20 04:00 AM,5.1,8,0
01/23/20 05:00 AM,4.9,17,0
01/23/20 06:00 AM,5.5,36,0
01/23/20 07:00 AM,6.1,42,0
01/23/20 08:00 AM,6.5,53,0
01/23/20 09:00 AM,7.9,64,59
01/23/20 10:00 AM,9.4,66,207
01/23/20 11:00 AM,10.4,26,334
01/23/20 12:00 PM,10.5,50,421
01/23/20 01:00 PM,11.9,63,411
01/23/20 02:00 PM,12.6,73,401
01/23/20 03:00 PM,12.1,74,294
01/23/20 04:00 PM,11.9,55,239
01/23/20 05:00 PM,11.5,47,126
01/23/20 06:00 PM,10.2,59,21
01/23/20 07:00 PM,9.9,44,0
01/23/20 08:00 PM,9.7,30,0
01/23/20 09:00 PM,9.7,52,0
01/23/20 10:00 PM,10.0,63,0
01/23/20 11:00 PM,9.7,48,0
01/24/20 12:00 AM,10.0,66,0
01/24/20 01:00 AM,9.8,36,0
01/24/20 02:00 AM,9.1,60,0
01/24/20 03:00 AM,8.8,56,0
01/24/20 04:00 AM,8.4,46,0
01/24/20 05:00 AM,8.3,45,0
01/24/20 06:00 AM,8.0,42,0
01/24/20 07:00 AM,8.0,37,0
01/24/20 08:00 AM,8.1,30,1
01/24/20 09:00 AM,9.0,35,70
01/24/20 10:00 AM,10.5,84,204
01/24/20 11:00 AM,11.9,54,307
01/24/20 12:00 PM,12.9,100,336
01/24/20 01:00 PM,13.7,100,320
01/24/20 02:00 PM,13.3,100,199
01/24/20 03:00 PM,13.1,100,137
01/24/20 04:00 PM,12.2,92,71
01/24/20 05:00 PM,11.2,100,25
01/24/20 06:00 PM,11.0,89,2
01/24/20 07:00 PM,10.7,100,0
01/24/20 08:00 PM,10.4,100,0
01/24/20 09:00 PM,10.1,100,0
01/24/20 10:00 PM,9.9,100,0
01/24/20 11:00 PM,9.8,88,0
01/25/20 12:00 AM,10.0,69,0
01/25/20 01:00 AM,9.5,100,0
01/25/20 02:00 AM,9.7,100,0
01/25/20 03:00 AM,9.7,100,0
01/25/20 04:00 AM,9.4,100,0
01/25/20 05:00 AM,9.1,58,0
01/25/20 06:00 AM,8.1,39,0
01/25/20 07:00 AM,7.7,47,0
01/25/20 08:00 AM,7.4,100,1
01/25/20 09:00 AM,9.0,95,57
01/25/20 10:00 AM,10.1,92,131
01/25/20 11:00 AM,11.5,98,245
01/25/20 12:00 PM,10.8,93,307
01/25/20 01:00 PM,12.8,55,390
01/25/20 02:00 PM,13.2,85,366
01/25/20 03:00 PM,13.2,26,258
01/25/20 04:00 PM,13.2,28,267
01/25/20 05:00 PM,12.7,29,150
01/25/20 06:00 PM,11.1,4,27
01/25/20 07:00 PM,9.8,1,0
01/25/20 08:00 PM,9.2,0,0
01/25/20 09:00 PM,8.8,0,0
01/25/20 10:00 PM,8.6,1,0
01/25/20 11:00 PM,8.5,7,0
01/26/20 12:00 AM,8.8,12,0
01/26/20 01:00 AM,8.6,13,0
01/26/20 02:00 AM,7.4,13,0
01/26/20 03:00 AM,6.8,12,0
01/26/20 04:00 AM,9.8,11,0
01/26/20 05:00 AM,9.8,12,0
01/26/20 06:00 AM,9.7,15,0
01/26/20 07:00 AM,6.3,22,0
01/26/20 08:00 AM,7.1,98,1
01/26/20 09:00 AM,9.1,97,62
01/26/20 10:00 AM,10.3,98,158
01/26/20 11:00 AM,11.9,34,273
01/26/20 12:00 PM,13.8,45,379
01/26/20 01:00 PM,14.5,54,378
01/26/20 02:00 PM,14.9,32,355
01/26/20 03:00 PM,15.0,25,370
01/26/20 04:00 PM,14.6,17,278
01/26/20 05:00 PM,13.8,24,161
01/26/20 06:00 PM,11.4,31,28
01/26/20 07:00 PM,11.3,35,0
01/26/20 08:00 PM,11.6,35,0
01/26/20 09:00 PM,11.6,34,0
01/26/20 10:00 PM,11.6,26,0
01/26/20 11:00 PM,11.7,32,0
01/27/20 12:00 AM,12.4,39,0
01/27/20 01:00 AM,12.8,38,0
01/27/20 02:00 AM,12.7,42,0
01/27/20 03:00 AM,12.9,57,0
01/27/20 04:00 AM,13.0,70,0
01/27/20 05:00 AM,13.0,44,0
01/27/20 06:00 AM,13.0,37,0
01/27/20 07:00 AM,12.9,86,0
01/27/20 08:00 AM,13.4,71,1
01/27/20 09:00 AM,14.0,69,52
01/27/20 10:00 AM,14.5,81,155
01/27/20 11:00 AM,14.5,100,181
01/27/20 12:00 PM,14.2,100,180
01/27/20 01:00 PM,14.2,100,88
01/27/20 02:00 PM,14.6,100,101
01/27/20 03:00 PM,14.8,100,166
01/27/20 04:00 PM,14.5,100,66
01/27/20 05:00 PM,14.6,96,48
01/27/20 06:00 PM,14.3,100,11
01/27/20 07:00 PM,14.4,100,0
01/27/20 08:00 PM,14.2,100,0
01/27/20 09:00 PM,14.3,100,0
01/27/20 10:00 PM,14.0,100,0
01/27/20 11:00 PM,14.0,68,0
01/28/20 12:00 AM,13.8,39,0
01/28/20 01:00 AM,13.9,42,0
01/28/20 02:00 AM,13.7,83,0
01/28/20 03:00 AM,13.6,100,0
01/28/20 04:00 AM,13.6,100,0
01/28/20 05:00 AM,13.6,88,0
01/28/20 06:00 AM,13.5,100,0
01/28/20 07:00 AM,13.7,100,0
01/28/20 08:00 AM,13.8,100,0
01/28/20 09:00 AM,14.3,100,27
01/28/20 10:00 AM,15.4,100,167
01/28/20 11:00 AM,15.7,100,195
01/28/20 12:00 PM,15.8,100,392
01/28/20 01:00 PM,15.6,100,195
01/28/20 02:00 PM,16.1,100,320
01/28/20 03:00 PM,16.2,37,305
01/28/20 04:00 PM,16.0,28,270
01/28/20 05:00 PM,15.4,36,164
01/28/20 06:00 PM,14.1,23,30
01/28/20 07:00 PM,13.5,14,0
01/28/20 08:00 PM,13.4,5,0
01/28/20 09:00 PM,13.3,33,0
01/28/20 10:00 PM,13.3,76,0
01/28/20 11:00 PM,13.4,94,0
01/29/20 12:00 AM,13.6,79,0
01/29/20 01:00 AM,13.8,64,0
01/29/20 02:00 AM,13.4,54,0
01/29/20 03:00 AM,13.4,72,0
01/29/20 04:00 AM,13.4,85,0
01/29/20 05:00 AM,13.4,89,0
01/29/20 06:00 AM,13.4,96,0
01/29/20 07:00 AM,13.3,75,0
01/29/20 08:00 AM,13.3,79,1
01/29/20 09:00 AM,13.7,42,62
01/29/20 10:00 AM,14.3,100,198
01/29/20 11:00 AM,14.5,100,241
01/29/20 12:00 PM,15.2,98,258
01/29/20 01:00 PM,15.3,100,291
01/29/20 02:00 PM,15.2,100,249
01/29/20 03:00 PM,15.3,100,265
01/29/20 04:00 PM,15.0,82,161
01/29/20 05:00 PM,14.6,46,115
01/29/20 06:00 PM,13.4,81,26
01/29/20 07:00 PM,13.5,100,0
01/29/20 08:00 PM,13.8,82,0
01/29/20 09:00 PM,14.0,57,0
01/29/20 10:00 PM,13.3,60,0
01/29/20 11:00 PM,13.3,72,0
01/30/20 12:00 AM,13.6,24,0
01/30/20 01:00 AM,13.4,16,0
01/30/20 02:00 AM,13.2,30,0
01/30/20 03:00 AM,13.3,57,0
01/30/20 04:00 AM,13.7,67,0
01/30/20 05:00 AM,13.8,40,0
01/30/20 06:00 AM,13.5,32,0
01/30/20 07:00 AM,13.6,48,0
01/30/20 08:00 AM,13.7,61,1
01/30/20 09:00 AM,14.6,100,71
01/30/20 10:00 AM,14.9,53,93
01/30/20 11:00 AM,15.7,100,287
01/30/20 12:00 PM,15.7,100,294
01/30/20 01:00 PM,15.8,100,303
01/30/20 02:00 PM,15.5,100,179
01/30/20 03:00 PM,15.3,100,127
01/30/20 04:00 PM,15.0,100,50
01/30/20 05:00 PM,14.8,100,28
01/30/20 06:00 PM,14.7,100,14
01/30/20 07:00 PM,14.8,100,0
01/30/20 08:00 PM,14.8,96,0
01/30/20 09:00 PM,14.8,90,0
01/30/20 10:00 PM,14.8,100,0
01/30/20 11:00 PM,14.8,100,0
01/31/20 12:00 AM,14.7,100,0
01/31/20 01:00 AM,14.8,100,0
01/31/20 02:00 AM,14.6,100,0
01/31/20 03:00 AM,14.8,100,0
01/31/20 04:00 AM,14.7,100,0
01/31/20 05:00 AM,14.6,100,0
01/31/20 06:00 AM,14.7,100,0
01/31/20 07:00 AM,14.7,100,0
01/31/20 08:00 AM,14.8,100,1
01/31/20 09:00 AM,15.1,100,24
01/31/20 10:00 AM,15.2,100,71
01/31/20 11:00 AM,15.4,100,80
01/31/20 12:00 PM,16.3,100,148
01/31/20 01:00 PM,16.4,100,229
01/31/20 02:00 PM,16.2,100,151
01/31/20 03:00 PM,16.1,100,136
01/31/20 04:00 PM,15.7,100,53
01/31/20 05:00 PM,15.6,100,41
01/31/20 06:00 PM,15.4,100,10
01/31/20 07:00 PM,15.4,100,0
01/31/20 08:00 PM,15.4,100,0
01/31/20 09:00 PM,15.4,100,0
01/31/20 10:00 PM,15.2,100,0
01/31/20 11:00 PM,15.0,100,0
02/01/20 12:00 AM,15.1,100,0
02/01/20 01:00 AM,14.9,59,0
02/01/20 02:00 AM,14.7,35,0
02/01/20 03:00 AM,14.4,83,0
02/01/20 04:00 AM,14.7,90,0
02/01/20 05:00 AM,14.8,99,0
02/01/20 06:00 AM,14.8,90,0
02/01/20 07:00 AM,14.7,90,0
02/01/20 08:00 AM,14.8,90,1
02/01/20 09:00 AM,15.1,90,22
02/01/20 10:00 AM,15.7,90,63
02/01/20 11:00 AM,16.0,86,117
02/01/20 12:00 PM,17.5,90,248
02/01/20 01:00 PM,16.9,90,323
02/01/20 02:00 PM,16.2,90,207
02/01/20 03:00 PM,16.1,86,253
02/01/20 04:00 PM,16.1,76,251
02/01/20 05:00 PM,15.8,45,137
02/01/20 06:00 PM,14.9,25,36
02/01/20 07:00 PM,14.1,34,0
02/01/20 08:00 PM,13.0,68,0
02/01/20 09:00 PM,13.6,85,0
02/01/20 10:00 PM,14.9,47,0
02/01/20 11:00 PM,12.7,21,0
02/02/20 12:00 AM,14.0,32,0
02/02/20 01:00 AM,13.3,18,0
02/02/20 02:00 AM,13.0,28,0
02/02/20 03:00 AM,12.4,18,0
02/02/20 04:00 AM,12.2,22,0
02/02/20 05:00 AM,12.1,20,0
02/02/20 06:00 AM,11.8,6,0
02/02/20 07:00 AM,11.7,14,0
02/02/20 08:00 AM,11.8,17,2
02/02/20 09:00 AM,13.0,26,92
02/02/20 10:00 AM,14.3,27,246
02/02/20 11:00 AM,15.8,27,390
02/02/20 12:00 PM,16.9,26,501
02/02/20 01:00 PM,18.1,26,550
02/02/20 02:00 PM,18.9,26,539
02/02/20 03:00 PM,19.4,26,467
02/02/20 04:00 PM,19.5,26,348
02/02/20 05:00 PM,19.0,24,197
02/02/20 06:00 PM,17.6,4,45
02/02/20 07:00 PM,15.2,0,0
02/02/20 08:00 PM,13.2,0,0
02/02/20 09:00 PM,13.2,0,0
02/02/20 10:00 PM,12.9,0,0
02/02/20 11:00 PM,12.4,0,0
02/03/20 12:00 AM,12.6,0,0
02/03/20 01:00 AM,12.5,0,0
02/03/20 02:00 AM,11.6,0,0
02/03/20 03:00 AM,11.6,0,0
02/03/20 04:00 AM,12.0,0,0
02/03/20 05:00 AM,12.1,0,0
02/03/20 06:00 AM,12.1,0,0
02/03/20 07:00 AM,11.9,0,0
02/03/20 08:00 AM,11.7,0,3
02/03/20 09:00 AM,13.4,0,100
02/03/20 10:00 AM,15.1,0,269
02/03/20 11:00 AM,16.6,0,419
02/03/20 12:00 PM,18.1,0,525
02/03/20 01:00 PM,19.3,0,575
02/03/20 02:00 PM,20.0,0,564
02/03/20 03:00 PM,20.2,0,494
02/03/20 04:00 PM,19.9,0,371
02/03/20 05:00 PM,18.7,0,210
02/03/20 06:00 PM,14.4,0,50
02/03/20 07:00 PM,14.1,0,0
02/03/20 08:00 PM,12.7,0,0
02/03/20 09:00 PM,11.2,0,0
02/03/20 10:00 PM,10.8,0,0
02/03/20 11:00 PM,10.5,0,0
02/04/20 12:00 AM,12.5,0,0
02/04/20 01:00 AM,12.5,0,0
02/04/20 02:00 AM,12.2,0,0
02/04/20 03:00 AM,9.5,2,0
02/04/20 04:00 AM,8.9,89,0
02/04/20 05:00 AM,9.4,90,0
02/04/20 06:00 AM,9.4,90,0
02/04/20 07:00 AM,9.1,90,0
02/04/20 08:00 AM,9.3,90,3
02/04/20 09:00 AM,10.2,90,60
02/04/20 10:00 AM,11.6,90,192
02/04/20 11:00 AM,13.0,90,283
02/04/20 12:00 PM,13.9,90,389
02/04/20 01:00 PM,15.1,90,448
02/04/20 02:00 PM,15.8,29,503
02/04/20 03:00 PM,16.0,1,462
02/04/20 04:00 PM,16.1,0,381
02/04/20 05:00 PM,15.4,0,219
02/04/20 06:00 PM,13.3,0,54
02/04/20 07:00 PM,13.0,0,0
02/04/20 08:00 PM,12.1,0,0
02/04/20 09:00 PM,11.2,0,0
02/04/20 10:00 PM,10.8,0,0
02/04/20 11:00 PM,10.4,0,0
02/05/20 12:00 AM,10.6,0,0
02/05/20 01:00 AM,10.1,0,0
02/05/20 02:00 AM,9.7,0,0
02/05/20 03:00 AM,9.4,2,0
02/05/20 04:00 AM,9.2,46,0
02/05/20 05:00 AM,8.9,51,0
02/05/20 06:00 AM,8.6,10,0
02/05/20 07:00 AM,8.4,14,0
02/05/20 08:00 AM,8.4,20,4
02/05/20 09:00 AM,10.5,24,106
02/05/20 10:00 AM,12.7,26,258
02/05/20 11:00 AM,14.8,29,404
02/05/20 12:00 PM,16.1,29,526
02/05/20 01:00 PM,17.6,29,554
02/05/20 02:00 PM,18.5,23,559
02/05/20 03:00 PM,19.2,5,502
02/05/20 04:00 PM,19.5,0,387
02/05/20 05:00 PM,18.1,0,222
02/05/20 06:00 PM,13.7,0,55
02/05/20 07:00 PM,12.7,0,0
02/05/20 08:00 PM,12.7,11,0
02/05/20 09:00 PM,12.6,10,0
02/05/20 10:00 PM,12.2,17,0
02/05/20 11:00 PM,12.9,23,0
02/06/20 12:00 AM,12.9,16,0
02/06/20 01:00 AM,12.1,17,0
02/06/20 02:00 AM,11.5,8,0
02/06/20 03:00 AM,11.1,10,0
02/06/20 04:00 AM,10.9,10,0
02/06/20 05:00 AM,10.9,11,0
02/06/20 06:00 AM,10.6,8,0
02/06/20 07:00 AM,10.3,13,0
02/06/20 08:00 AM,10.4,9,4
02/06/20 09:00 AM,11.7,1,105
02/06/20 10:00 AM,12.8,7,273
02/06/20 11:00 AM,14.1,28,421
02/06/20 12:00 PM,15.0,29,502
02/06/20 01:00 PM,16.0,30,543
02/06/20 02:00 PM,16.7,31,513
02/06/20 03:00 PM,17.4,34,416
02/06/20 04:00 PM,17.8,33,302
02/06/20 05:00 PM,17.2,50,191
02/06/20 06:00 PM,15.5,79,34
02/06/20 07:00 PM,14.9,99,0
02/06/20 08:00 PM,14.2,64,0
02/06/20 09:00 PM,14.5,79,0
02/06/20 10:00 PM,13.2,56,0
02/06/20 11:00 PM,13.3,28,0
02/07/20 12:00 AM,12.9,13,0
02/07/20 01:00 AM,12.3,17,0
02/07/20 02:00 AM,11.9,20,0
02/07/20 03:00 AM,11.6,22,0
02/07/20 04:00 AM,11.3,33,0
02/07/20 05:00 AM,11.1,94,0
02/07/20 06:00 AM,11.6,94,0
02/07/20 07:00 AM,11.8,92,0
02/07/20 08:00 AM,12.2,88,2
02/07/20 09:00 AM,12.9,74,74
02/07/20 10:00 AM,14.0,73,207
02/07/20 11:00 AM,15.1,90,333
02/07/20 12:00 PM,15.9,79,347
02/07/20 01:00 PM,16.6,80,462
02/07/20 02:00 PM,17.0,74,397
02/07/20 03:00 PM,17.5,61,418
02/07/20 04:00 PM,16.6,61,311
02/07/20 05:00 PM,15.7,4,145
02/07/20 06:00 PM,13.9,2,57
02/07/20 07:00 PM,12.8,2,0
02/07/20 08:00 PM,12.3,38,0
02/07/20 09:00 PM,12.3,41,0
02/07/20 10:00 PM,12.0,33,0
02/07/20 11:00 PM,10.0,40,0
02/08/20 12:00 AM,10.7,100,0
02/08/20 01:00 AM,12.0,82,0
02/08/20 02:00 AM,12.8,100,0
02/08/20 03:00 AM,13.2,100,0
02/08/20 04:00 AM,13.4,88,0
02/08/20 05:00 AM,12.8,88,0
02/08/20 06:00 AM,11.9,82,0
02/08/20 07:00 AM,12.1,59,0
02/08/20 08:00 AM,11.9,50,3
02/08/20 09:00 AM,13.7,70,79
02/08/20 10:00 AM,14.8,80,195
02/08/20 11:00 AM,15.2,100,265
02/08/20 12:00 PM,14.9,100,178
02/08/20 01:00 PM,15.1,100,126
02/08/20 02:00 PM,15.9,41,212
02/08/20 03:00 PM,16.2,48,402
02/08/20 04:00 PM,15.8,39,365
02/08/20 05:00 PM,14.6,44,195
02/08/20 06:00 PM,13.2,60,42
02/08/20 07:00 PM,12.8,77,0
02/08/20 08:00 PM,12.4,100,0
02/08/20 09:00 PM,12.4,68,0
02/08/20 10:00 PM,11.9,82,0
02/08/20 11:00 PM,11.4,87,0
02/09/20 12:00 AM,10.9,9,0
02/09/20 01:00 AM,10.4,17,0
02/09/20 02:00 AM,10.2,8,0
02/09/20 03:00 AM,9.9,16,0
02/09/20 04:00 AM,9.6,38,0
02/09/20 05:00 AM,8.7,8,0
02/09/20 06:00 AM,10.9,24,0
02/09/20 07:00 AM,10.6,29,0
02/09/20 08:00 AM,10.2,31,5
02/09/20 09:00 AM,11.2,29,98
02/09/20 10:00 AM,13.1,30,241
02/09/20 11:00 AM,14.3,35,378
02/09/20 12:00 PM,15.2,33,499
02/09/20 01:00 PM,15.8,34,496
02/09/20 02:00 PM,16.1,56,474
02/09/20 03:00 PM,16.5,34,397
02/09/20 04:00 PM,16.4,54,287
02/09/20 05:00 PM,15.5,36,178
02/09/20 06:00 PM,13.8,44,54
02/09/20 07:00 PM,12.5,36,0
02/09/20 08:00 PM,12.3,8,0
02/09/20 09:00 PM,12.0,5,0
02/09/20 10:00 PM,11.5,4,0
02/09/20 11:00 PM,11.1,1,0
02/10/20 12:00 AM,11.2,3,0
02/10/20 01:00 AM,11.0,3,0
02/10/20 02:00 AM,9.8,6,0
02/10/20 03:00 AM,9.6,4,0
02/10/20 04:00 AM,10.1,90,0
02/10/20 05:00 AM,10.4,90,0
02/10/20 06:00 AM,10.5,90,0
02/10/20 07:00 AM,10.5,90,0
02/10/20 08:00 AM,10.6,90,4
02/10/20 09:00 AM,11.5,99,63
02/10/20 10:00 AM,12.8,98,147
02/10/20 11:00 AM,13.9,90,206
02/10/20 12:00 PM,15.8,38,308
02/10/20 01:00 PM,17.0,48,554
02/10/20 02:00 PM,17.4,90,401
02/10/20 03:00 PM,17.2,90,247
02/10/20 04:00 PM,17.1,90,175
02/10/20 05:00 PM,16.6,90,99
02/10/20 06:00 PM,15.3,100,26
02/10/20 07:00 PM,14.5,90,0
02/10/20 08:00 PM,14.8,90,0
02/10/20 09:00 PM,14.4,74,0
02/10/20 10:00 PM,13.3,35,0
02/10/20 11:00 PM,12.1,8,0
02/11/20 12:00 AM,11.9,6,0
02/11/20 01:00 AM,11.3,13,0
02/11/20 02:00 AM,11.0,32,0
02/11/20 03:00 AM,11.0,100,0
02/11/20 04:00 AM,11.1,100,0
02/11/20 05:00 AM,11.1,100,0
02/11/20 06:00 AM,11.1,100,0
02/11/20 07:00 AM,11.4,100,0
02/11/20 08:00 AM,11.8,100,4
02/11/20 09:00 AM,12.8,100,50
02/11/20 10:00 AM,14.2,68,139
02/11/20 11:00 AM,15.3,84,308
02/11/20 12:00 PM,14.6,97,351
02/11/20 01:00 PM,15.2,100,337
02/11/20 02:00 PM,15.6,100,313
02/11/20 03:00 PM,15.9,99,241
02/11/20 04:00 PM,15.9,100,159
02/11/20 05:00 PM,15.5,100,90
02/11/20 06:00 PM,14.6,74,27
02/11/20 07:00 PM,13.8,45,0
02/11/20 08:00 PM,12.7,33,0
02/11/20 09:00 PM,11.7,35,0
02/11/20 10:00 PM,11.5,32,0
02/11/20 11:00 PM,11.5,32,0
02/12/20 12:00 AM,11.3,40,0
02/12/20 01:00 AM,11.2,41,0
02/12/20 02:00 AM,10.9,40,0
02/12/20 03:00 AM,10.8,38,0
02/12/20 04:00 AM,10.6,45,0
02/12/20 05:00 AM,10.6,52,0
02/12/20 06:00 AM,10.4,54,0
02/12/20 07:00 AM,10.2,45,0
02/12/20 08:00 AM,10.4,37,5
02/12/20 09:00 AM,11.8,43,68
02/12/20 10:00 AM,13.1,100,158
02/12/20 11:00 AM,14.2,100,238
02/12/20 12:00 PM,14.4,100,223
02/12/20 01:00 PM,15.0,100,240
02/12/20 02:00 PM,15.0,100,169
02/12/20 03:00 PM,14.9,100,143
02/12/20 04:00 PM,15.2,100,167
02/12/20 05:00 PM,14.7,100,64
02/12/20 06:00 PM,14.1,100,29
02/12/20 07:00 PM,13.5,100,0
02/12/20 08:00 PM,13.0,100,0
02/12/20 09:00 PM,12.6,100,0
02/12/20 10:00 PM,12.2,58,0
02/12/20 11:00 PM,11.1,46,0
02/13/20 12:00 AM,11.6,57,0
02/13/20 01:00 AM,10.3,46,0
02/13/20 02:00 AM,10.4,44,0
02/13/20 03:00 AM,11.7,43,0
02/13/20 04:00 AM,11.6,58,0
02/13/20 05:00 AM,11.3,100,0
02/13/20 06:00 AM,9.8,87,0
02/13/20 07:00 AM,9.3,90,0
02/13/20 08:00 AM,10.8,90,5
02/13/20 09:00 AM,11.9,90,60
02/13/20 10:00 AM,13.8,42,262
02/13/20 11:00 AM,15.1,50,396
02/13/20 12:00 PM,15.0,88,464
02/13/20 01:00 PM,15.2,93,233
02/13/20 02:00 PM,15.5,98,239
02/13/20 03:00 PM,16.0,93,315
02/13/20 04:00 PM,15.9,88,246
02/13/20 05:00 PM,15.6,67,131
02/13/20 06:00 PM,14.0,26,54
02/13/20 07:00 PM,12.6,25,0
02/13/20 08:00 PM,12.5,11,0
02/13/20 09:00 PM,11.9,17,0
02/13/20 10:00 PM,11.6,16,0
02/13/20 11:00 PM,11.0,11,0
02/14/20 12:00 AM,11.8,90,0
02/14/20 01:00 AM,11.2,90,0
02/14/20 02:00 AM,11.1,90,0
02/14/20 03:00 AM,11.2,90,0
02/14/20 04:00 AM,11.2,90,0
02/14/20 05:00 AM,10.8,90,0
02/14/20 06:00 AM,10.7,90,0
02/14/20 07:00 AM,10.7,90,0
02/14/20 08:00 AM,10.9,90,5
02/14/20 09:00 AM,11.4,90,47
02/14/20 10:00 AM,12.0,90,106
02/14/20 11:00 AM,12.8,90,183
02/14/20 12:00 PM,15.1,24,238
02/14/20 01:00 PM,16.7,44,601
02/14/20 02:00 PM,17.4,100,552
02/14/20 03:00 PM,17.1,100,310
02/14/20 04:00 PM,17.2,90,281
02/14/20 05:00 PM,16.8,61,209
02/14/20 06:00 PM,14.6,62,66
02/14/20 07:00 PM,13.2,57,1
02/14/20 08:00 PM,13.1,33,0
02/14/20 09:00 PM,12.6,79,0
02/14/20 10:00 PM,12.2,89,0
02/14/20 11:00 PM,12.3,79,0
02/15/20 12:00 AM,10.3,1,0
02/15/20 01:00 AM,10.2,0,0
02/15/20 02:00 AM,9.7,13,0
02/15/20 03:00 AM,8.8,89,0
02/15/20 04:00 AM,9.2,90,0
02/15/20 05:00 AM,8.5,90,0
02/15/20 06:00 AM,8.7,90,0
02/15/20 07:00 AM,8.7,90,0
02/15/20 08:00 AM,9.1,90,6
02/15/20 09:00 AM,10.2,90,90
02/15/20 10:00 AM,11.4,90,210
02/15/20 11:00 AM,13.9,50,367
02/15/20 12:00 PM,16.5,24,571
02/15/20 01:00 PM,17.6,81,614
02/15/20 02:00 PM,17.7,58,517
02/15/20 03:00 PM,17.6,3,497
02/15/20 04:00 PM,16.9,9,420
02/15/20 05:00 PM,16.3,18,254
02/15/20 06:00 PM,14.3,0,82
02/15/20 07:00 PM,12.6,0,1
02/15/20 08:00 PM,11.5,0,0
02/15/20 09:00 PM,11.2,0,0
02/15/20 10:00 PM,10.8,0,0
02/15/20 11:00 PM,10.3,0,0
02/16/20 12:00 AM,10.7,0,0
02/16/20 01:00 AM,9.9,0,0
02/16/20 02:00 AM,11.0,5,0
02/16/20 03:00 AM,9.5,0,0
02/16/20 04:00 AM,10.3,94,0
02/16/20 05:00 AM,10.5,91,0
02/16/20 06:00 AM,12.2,93,0
02/16/20 07:00 AM,12.7,90,0
02/16/20 08:00 AM,12.9,91,6
02/16/20 09:00 AM,13.8,90,60
02/16/20 10:00 AM,14.4,90,138
02/16/20 11:00 AM,15.1,90,232
02/16/20 12:00 PM,15.0,90,303
02/16/20 01:00 PM,15.7,88,301
02/16/20 02:00 PM,15.8,76,318
02/16/20 03:00 PM,16.0,90,368
02/16/20 04:00 PM,15.8,90,267
02/16/20 05:00 PM,15.2,90,132
02/16/20 06:00 PM,14.6,39,52
02/16/20 07:00 PM,13.6,28,1
02/16/20 08:00 PM,13.2,42,0
02/16/20 09:00 PM,13.4,48,0
02/16/20 10:00 PM,13.3,42,0
02/16/20 11:00 PM,13.2,50,0
02/17/20 12:00 AM,13.9,100,0
02/17/20 01:00 AM,14.4,100,0
02/17/20 02:00 AM,14.6,100,0
02/17/20 03:00 AM,14.7,100,0
02/17/20 04:00 AM,14.9,100,0
02/17/20 05:00 AM,14.9,100,0
02/17/20 06:00 AM,14.8,100,0
02/17/20 07:00 AM,15.1,100,0
02/17/20 08:00 AM,15.1,64,3
02/17/20 09:00 AM,15.5,100,67
02/17/20 10:00 AM,15.1,100,100
02/17/20 11:00 AM,15.5,100,170
02/17/20 12:00 PM,16.0,88,365
02/17/20 01:00 PM,16.2,87,480
02/17/20 02:00 PM,16.7,100,465
02/17/20 03:00 PM,16.4,71,350
02/17/20 04:00 PM,16.2,36,350
02/17/20 05:00 PM,14.9,86,196
02/17/20 06:00 PM,13.9,72,57
02/17/20 07:00 PM,12.7,38,1
02/17/20 08:00 PM,11.9,15,0
02/17/20 09:00 PM,11.2,25,0
02/17/20 10:00 PM,10.7,13,0
02/17/20 11:00 PM,10.1,1,0
02/18/20 12:00 AM,10.2,0,0
02/18/20 01:00 AM,9.9,0,0
02/18/20 02:00 AM,9.7,1,0
02/18/20 03:00 AM,9.5,0,0
02/18/20 04:00 AM,9.3,0,0
02/18/20 05:00 AM,9.2,0,0
02/18/20 06:00 AM,9.1,0,0
02/18/20 07:00 AM,9.0,1,0
02/18/20 08:00 AM,9.2,1,15
02/18/20 09:00 AM,10.4,0,155
02/18/20 10:00 AM,11.7,0,340
02/18/20 11:00 AM,13.1,0,501
02/18/20 12:00 PM,13.8,0,613
02/18/20 01:00 PM,14.6,6,670
02/18/20 02:00 PM,15.0,12,656
02/18/20 03:00 PM,15.0,0,579
02/18/20 04:00 PM,14.5,0,448
02/18/20 05:00 PM,13.6,0,276
02/18/20 06:00 PM,12.2,0,95
02/18/20 07:00 PM,11.1,0,2
02/18/20 08:00 PM,10.6,0,0
02/18/20 09:00 PM,10.2,0,0
02/18/20 10:00 PM,9.9,0,0
02/18/20 11:00 PM,9.4,0,0
02/19/20 12:00 AM,9.4,0,0
02/19/20 01:00 AM,8.9,0,0
02/19/20 02:00 AM,8.4,0,0
02/19/20 03:00 AM,7.7,0,0
02/19/20 04:00 AM,7.3,0,0
02/19/20 05:00 AM,7.0,0,0
02/19/20 06:00 AM,6.9,0,0
02/19/20 07:00 AM,6.6,0,0
02/19/20 08:00 AM,6.8,0,17
02/19/20 09:00 AM,8.7,0,159
02/19/20 10:00 AM,10.9,0,342
02/19/20 11:00 AM,13.2,0,498
02/19/20 12:00 PM,15.2,0,607
02/19/20 01:00 PM,17.3,0,660
02/19/20 02:00 PM,18.8,0,651
02/19/20 03:00 PM,19.4,0,578
02/19/20 04:00 PM,19.3,0,449
02/19/20 05:00 PM,18.5,3,279
02/19/20 06:00 PM,14.6,2,98
02/19/20 07:00 PM,12.1,8,2
02/19/20 08:00 PM,11.1,4,0
02/19/20 09:00 PM,10.5,3,0
02/19/20 10:00 PM,9.7,0,0
02/19/20 11:00 PM,8.9,0,0
02/20/20 12:00 AM,7.9,0,0
02/20/20 01:00 AM,7.9,0,0
02/20/20 02:00 AM,7.3,0,0
02/20/20 03:00 AM,6.8,0,0
02/20/20 04:00 AM,6.6,0,0
02/20/20 05:00 AM,6.8,0,0
02/20/20 06:00 AM,6.9,0,0
02/20/20 07:00 AM,6.0,4,0
02/20/20 08:00 AM,7.8,4,17
02/20/20 09:00 AM,10.5,0,155
02/20/20 10:00 AM,12.6,6,336
02/20/20 11:00 AM,14.6,16,482
02/20/20 12:00 PM,15.6,45,554
02/20/20 01:00 PM,16.7,32,474
02/20/20 02:00 PM,17.7,25,563
02/20/20 03:00 PM,18.4,35,540
02/20/20 04:00 PM,18.3,42,344
02/20/20 05:00 PM,18.1,40,222
02/20/20 06:00 PM,16.2,22,78
02/20/20 07:00 PM,14.8,1,2
02/20/20 08:00 PM,13.8,0,0
02/20/20 09:00 PM,12.9,0,0
02/20/20 10:00 PM,12.1,0,0
02/20/20 11:00 PM,11.3,0,0
02/21/20 12:00 AM,10.7,0,0
02/21/20 01:00 AM,10.3,0,0
02/21/20 02:00 AM,9.8,0,0
02/21/20 03:00 AM,9.3,0,0
02/21/20 04:00 AM,9.0,0,0
02/21/20 05:00 AM,8.7,0,0
02/21/20 06:00 AM,8.3,0,0
02/21/20 07:00 AM,7.9,0,0
02/21/20 08:00 AM,8.5,0,19
02/21/20 09:00 AM,11.0,0,161
02/21/20 10:00 AM,13.4,0,343
02/21/20 11:00 AM,15.6,0,500
02/21/20 12:00 PM,18.0,0,610
02/21/20 01:00 PM,19.7,0,660
02/21/20 02:00 PM,20.9,2,648
02/21/20 03:00 PM,21.6,0,574
02/21/20 04:00 PM,21.8,5,448
02/21/20 05:00 PM,21.0,7,280
02/21/20 06:00 PM,17.0,0,101
02/21/20 07:00 PM,15.5,0,3
02/21/20 08:00 PM,15.0,0,0
02/21/20 09:00 PM,14.3,0,0
02/21/20 10:00 PM,13.5,0,0
02/21/20 11:00 PM,12.7,0,0
02/22/20 12:00 AM,12.0,0,0
02/22/20 01:00 AM,11.4,0,0
02/22/20 02:00 AM,10.6,0,0
02/22/20 03:00 AM,10.0,0,0
02/22/20 04:00 AM,9.5,0,0
02/22/20 05:00 AM,8.9,0,0
02/22/20 06:00 AM,8.4,0,0
02/22/20 07:00 AM,7.9,0,0
02/22/20 08:00 AM,8.5,1,21
02/22/20 09:00 AM,10.8,1,169
02/22/20 10:00 AM,13.4,11,354
02/22/20 11:00 AM,16.0,28,514
02/22/20 12:00 PM,17.9,28,624
02/22/20 01:00 PM,19.7,29,672
02/22/20 02:00 PM,20.8,23,643
02/22/20 03:00 PM,21.2,12,587
02/22/20 04:00 PM,21.0,0,463
02/22/20 05:00 PM,20.0,10,291
02/22/20 06:00 PM,18.1,22,107
02/22/20 07:00 PM,16.9,22,3
02/22/20 08:00 PM,15.9,14,0
02/22/20 09:00 PM,14.7,12,0
02/22/20 10:00 PM,13.6,13,0
02/22/20 11:00 PM,12.8,9,0
02/23/20 12:00 AM,12.4,15,0
02/23/20 01:00 AM,11.8,17,0
02/23/20 02:00 AM,10.8,15,0
02/23/20 03:00 AM,9.8,8,0
02/23/20 04:00 AM,9.3,12,0
02/23/20 05:00 AM,8.8,13,0
02/23/20 06:00 AM,8.0,0,0
02/23/20 07:00 AM,7.4,0,0
02/23/20 08:00 AM,8.2,0,24
02/23/20 09:00 AM,11.3,0,179
02/23/20 10:00 AM,14.3,0,366
02/23/20 11:00 AM,16.6,0,525
02/23/20 12:00 PM,18.7,0,637
02/23/20 01:00 PM,20.5,0,691
02/23/20 02:00 PM,21.6,0,680
02/23/20 03:00 PM,21.8,0,605
02/23/20 04:00 PM,21.2,0,473
02/23/20 05:00 PM,20.2,0,299
02/23/20 06:00 PM,18.4,0,112
02/23/20 07:00 PM,17.1,0,4
02/23/20 08:00 PM,16.3,0,0
02/23/20 09:00 PM,15.0,0,0
02/23/20 10:00 PM,13.6,0,0
02/23/20 11:00 PM,12.3,0,0
02/24/20 12:00 AM,10.8,0,0
02/24/20 01:00 AM,11.0,0,0
02/24/20 02:00 AM,9.6,0,0
02/24/20 03:00 AM,8.8,0,0
02/24/20 04:00 AM,8.3,0,0
02/24/20 05:00 AM,7.9,0,0
02/24/20 06:00 AM,7.9,0,0
02/24/20 07:00 AM,8.3,0,0
02/24/20 08:00 AM,8.7,0,25
02/24/20 09:00 AM,11.6,0,180
02/24/20 10:00 AM,14.3,0,366
02/24/20 11:00 AM,16.7,0,526
02/24/20 12:00 PM,18.4,0,637
02/24/20 01:00 PM,19.7,0,690
02/24/20 02:00 PM,20.3,0,677
02/24/20 03:00 PM,20.4,0,603
02/24/20 04:00 PM,20.3,0,473
02/24/20 05:00 PM,20.0,0,301
02/24/20 06:00 PM,17.8,0,115
02/24/20 07:00 PM,15.4,2,4
02/24/20 08:00 PM,12.6,1,0
02/24/20 09:00 PM,11.5,1,0
02/24/20 10:00 PM,11.2,6,0
02/24/20 11:00 PM,10.8,12,0
02/25/20 12:00 AM,10.7,36,0
02/25/20 01:00 AM,10.4,16,0
02/25/20 02:00 AM,10.1,53,0
02/25/20 03:00 AM,10.1,73,0
02/25/20 04:00 AM,10.6,100,0
02/25/20 05:00 AM,11.4,96,0
02/25/20 06:00 AM,11.1,100,0
02/25/20 07:00 AM,10.9,100,0
02/25/20 08:00 AM,11.3,82,13
02/25/20 09:00 AM,12.0,68,89
02/25/20 10:00 AM,13.3,90,239
02/25/20 11:00 AM,14.3,83,253
02/25/20 12:00 PM,16.5,30,387
02/25/20 01:00 PM,17.4,99,642
02/25/20 02:00 PM,18.0,100,482
02/25/20 03:00 PM,16.7,100,211
02/25/20 04:00 PM,15.7,100,114
02/25/20 05:00 PM,15.3,100,57
02/25/20 06:00 PM,15.1,100,20
02/25/20 07:00 PM,14.2,100,1
02/25/20 08:00 PM,13.5,90,0
02/25/20 09:00 PM,12.9,88,0
02/25/20 10:00 PM,12.3,11,0
02/25/20 11:00 PM,11.1,7,0
02/26/20 12:00 AM,10.7,0,0
02/26/20 01:00 AM,10.2,0,0
02/26/20 02:00 AM,9.6,0,0
02/26/20 03:00 AM,9.4,8,0
02/26/20 04:00 AM,9.1,1,0
02/26/20 05:00 AM,9.1,4,0
02/26/20 06:00 AM,9.5,11,0
02/26/20 07:00 AM,9.7,14,0
02/26/20 08:00 AM,10.4,13,28
02/26/20 09:00 AM,12.2,20,176
02/26/20 10:00 AM,13.5,26,360
02/26/20 11:00 AM,14.6,26,519
02/26/20 12:00 PM,15.3,24,623
02/26/20 01:00 PM,15.8,8,676
02/26/20 02:00 PM,16.2,7,674
02/26/20 03:00 PM,16.2,0,602
02/26/20 04:00 PM,15.7,0,473
02/26/20 05:00 PM,14.8,0,302
02/26/20 06:00 PM,13.5,1,117
02/26/20 07:00 PM,12.2,4,6
02/26/20 08:00 PM,11.5,5,0
02/26/20 09:00 PM,11.0,11,0
02/26/20 10:00 PM,10.6,9,0
02/26/20 11:00 PM,10.1,12,0
02/27/20 12:00 AM,9.9,22,0
02/27/20 01:00 AM,9.7,9,0
02/27/20 02:00 AM,9.4,12,0
02/27/20 03:00 AM,9.2,15,0
02/27/20 04:00 AM,8.0,5,0
02/27/20 05:00 AM,7.3,3,0
02/27/20 06:00 AM,6.8,1,0
02/27/20 07:00 AM,6.7,0,0
02/27/20 08:00 AM,9.2,2,31
02/27/20 09:00 AM,12.0,1,190
02/27/20 10:00 AM,14.2,1,378
02/27/20 11:00 AM,15.8,32,538
02/27/20 12:00 PM,16.9,10,606
02/27/20 01:00 PM,18.0,3,695
02/27/20 02:00 PM,18.6,4,684
02/27/20 03:00 PM,18.7,0,610
02/27/20 04:00 PM,18.2,0,483
02/27/20 05:00 PM,17.4,0,311
02/27/20 06:00 PM,15.7,0,124
02/27/20 07:00 PM,13.8,0,6
02/27/20 08:00 PM,12.6,0,0
02/27/20 09:00 PM,11.5,0,0
02/27/20 10:00 PM,10.9,0,0
02/27/20 11:00 PM,10.3,0,0
02/28/20 12:00 AM,10.1,0,0
02/28/20 01:00 AM,9.7,0,0
02/28/20 02:00 AM,9.2,0,0
02/28/20 03:00 AM,8.8,4,0
02/28/20 04:00 AM,8.3,23,0
02/28/20 05:00 AM,7.9,51,0
02/28/20 06:00 AM,7.7,100,0
02/28/20 07:00 AM,7.9,100,0
02/28/20 08:00 AM,8.2,100,23
02/28/20 09:00 AM,9.2,100,140
02/28/20 10:00 AM,11.5,34,334
02/28/20 11:00 AM,14.5,29,537
02/28/20 12:00 PM,16.6,30,639
02/28/20 01:00 PM,18.1,24,688
02/28/20 02:00 PM,18.8,14,691
02/28/20 03:00 PM,18.4,10,619
02/28/20 04:00 PM,17.1,11,488
02/28/20 05:00 PM,15.7,4,314
02/28/20 06:00 PM,13.9,7,127
02/28/20 07:00 PM,12.3,13,7
02/28/20 08:00 PM,11.9,20,0
02/28/20 09:00 PM,11.8,75,0
02/28/20 10:00 PM,12.0,100,0
02/28/20 11:00 PM,11.9,52,0
02/29/20 12:00 AM,12.4,92,0
02/29/20 01:00 AM,12.8,87,0
02/29/20 02:00 AM,13.7,90,0
02/29/20 03:00 AM,14.0,90,0
02/29/20 04:00 AM,14.3,72,0
02/29/20 05:00 AM,14.1,30,0
02/29/20 06:00 AM,14.0,33,0
02/29/20 07:00 AM,14.4,100,0
02/29/20 08:00 AM,14.9,100,10
02/29/20 09:00 AM,15.3,100,50
02/29/20 10:00 AM,16.3,83,184
02/29/20 11:00 AM,17.4,48,421
02/29/20 12:00 PM,17.8,43,532
02/29/20 01:00 PM,18.1,65,624
02/29/20 02:00 PM,17.9,86,604
02/29/20 03:00 PM,17.1,100,445
02/29/20 04:00 PM,15.7,69,161
02/29/20 05:00 PM,15.2,82,102
02/29/20 06:00 PM,14.6,62,76
02/29/20 07:00 PM,13.9,41,6
02/29/20 08:00 PM,12.5,8,0
02/29/20 09:00 PM,11.9,45,0
02/29/20 10:00 PM,11.9,54,0
02/29/20 11:00 PM,12.9,71,0
03/01/20 12:00 AM,13.7,72,0
03/01/20 01:00 AM,13.6,79,0
03/01/20 02:00 AM,14.0,80,0
03/01/20 03:00 AM,13.7,46,0
03/01/20 04:00 AM,13.2,30,0
03/01/20 05:00 AM,13.3,30,0
03/01/20 06:00 AM,13.6,99,0
03/01/20 07:00 AM,14.0,100,0
03/01/20 08:00 AM,14.8,100,14
03/01/20 09:00 AM,15.6,100,91
03/01/20 10:00 AM,16.1,100,131
03/01/20 11:00 AM,16.7,99,222
03/01/20 12:00 PM,15.4,100,199
03/01/20 01:00 PM,15.5,100,101
03/01/20 02:00 PM,15.7,100,175
03/01/20 03:00 PM,15.9,100,166
03/01/20 04:00 PM,16.4,100,229
03/01/20 05:00 PM,15.9,100,125
03/01/20 06:00 PM,15.5,100,51
03/01/20 07:00 PM,15.2,100,4
03/01/20 08:00 PM,15.3,100,0
03/01/20 09:00 PM,15.4,100,0
03/01/20 10:00 PM,15.3,100,0
03/01/20 11:00 PM,15.4,100,0
03/02/20 12:00 AM,15.5,100,0
03/02/20 01:00 AM,15.9,100,0
03/02/20 02:00 AM,15.6,100,0
03/02/20 03:00 AM,15.6,100,0
03/02/20 04:00 AM,15.6,100,0
03/02/20 05:00 AM,15.1,91,0
03/02/20 06:00 AM,14.9,16,0
03/02/20 07:00 AM,13.5,8,0
03/02/20 08:00 AM,13.0,32,40
03/02/20 09:00 AM,14.1,23,178
03/02/20 10:00 AM,14.9,71,352
03/02/20 11:00 AM,15.6,100,423
03/02/20 12:00 PM,16.6,90,337
03/02/20 01:00 PM,17.0,100,564
03/02/20 02:00 PM,16.6,98,462
03/02/20 03:00 PM,16.5,16,409
03/02/20 04:00 PM,16.3,36,496
03/02/20 05:00 PM,15.3,63,303
03/02/20 06:00 PM,14.2,34,122
03/02/20 07:00 PM,12.6,32,9
03/02/20 08:00 PM,11.5,0,0
03/02/20 09:00 PM,10.6,0,0
03/02/20 10:00 PM,9.9,6,0
03/02/20 11:00 PM,9.0,18,0
03/03/20 12:00 AM,10.0,2,0
03/03/20 01:00 AM,10.1,46,0
03/03/20 02:00 AM,11.2,26,0
03/03/20 03:00 AM,11.0,30,0
03/03/20 04:00 AM,11.3,33,0
03/03/20 05:00 AM,12.2,36,0
03/03/20 06:00 AM,12.8,57,0
03/03/20 07:00 AM,13.1,33,0
03/03/20 08:00 AM,14.1,100,36
03/03/20 09:00 AM,15.4,84,119
03/03/20 10:00 AM,16.5,86,225
03/03/20 11:00 AM,16.6,90,197
03/03/20 12:00 PM,16.2,100,193
03/03/20 01:00 PM,18.1,100,504
03/03/20 02:00 PM,17.8,98,353
03/03/20 03:00 PM,18.2,100,420
03/03/20 04:00 PM,17.6,100,231
03/03/20 05:00 PM,16.9,80,140
03/03/20 06:00 PM,16.0,59,79
03/03/20 07:00 PM,14.4,32,8
03/03/20 08:00 PM,13.8,23,0
03/03/20 09:00 PM,13.2,37,0
03/03/20 10:00 PM,12.9,86,0
03/03/20 11:00 PM,12.8,37,0
03/04/20 12:00 AM,12.9,90,0
03/04/20 01:00 AM,12.8,90,0
03/04/20 02:00 AM,13.2,90,0
03/04/20 03:00 AM,13.5,90,0
03/04/20 04:00 AM,14.0,89,0
03/04/20 05:00 AM,14.2,90,0
03/04/20 06:00 AM,13.9,64,0
03/04/20 07:00 AM,13.2,14,0
03/04/20 08:00 AM,13.1,9,45
03/04/20 09:00 AM,14.9,28,211
03/04/20 10:00 AM,16.3,41,368
03/04/20 11:00 AM,17.3,60,472
03/04/20 12:00 PM,18.1,71,420
03/04/20 01:00 PM,18.3,91,422
03/04/20 02:00 PM,17.6,66,288
03/04/20 03:00 PM,18.0,90,436
03/04/20 04:00 PM,17.5,43,294
03/04/20 05:00 PM,17.0,20,238
03/04/20 06:00 PM,15.8,9,128
03/04/20 07:00 PM,14.0,4,11
03/04/20 08:00 PM,13.5,1,0
03/04/20 09:00 PM,13.3,9,0
03/04/20 10:00 PM,13.3,12,0
03/04/20 11:00 PM,13.4,17,0
03/05/20 12:00 AM,13.7,50,0
03/05/20 01:00 AM,14.0,78,0
03/05/20 02:00 AM,13.9,98,0
03/05/20 03:00 AM,14.1,100,0
03/05/20 04:00 AM,14.1,55,0
03/05/20 05:00 AM,14.1,100,0
03/05/20 06:00 AM,14.6,100,0
03/05/20 07:00 AM,14.0,100,0
03/05/20 08:00 AM,13.6,89,6
03/05/20 09:00 AM,13.9,35,55
03/05/20 10:00 AM,15.1,62,349
03/05/20 11:00 AM,16.0,45,517
03/05/20 12:00 PM,15.4,74,547
03/05/20 01:00 PM,16.0,39,526
03/05/20 02:00 PM,16.1,38,545
03/05/20 03:00 PM,16.3,27,577
03/05/20 04:00 PM,15.7,26,476
03/05/20 05:00 PM,15.0,27,312
03/05/20 06:00 PM,14.0,25,134
03/05/20 07:00 PM,12.7,3,12
03/05/20 08:00 PM,12.0,2,0
03/05/20 09:00 PM,11.6,4,0
03/05/20 10:00 PM,11.5,33,0
03/05/20 11:00 PM,11.5,20,0
03/06/20 12:00 AM,12.1,25,0
03/06/20 01:00 AM,12.0,16,0
03/06/20 02:00 AM,11.8,37,0
03/06/20 03:00 AM,12.2,48,0
03/06/20 04:00 AM,12.4,37,0
03/06/20 05:00 AM,12.3,34,0
03/06/20 06:00 AM,11.9,47,0
03/06/20 07:00 AM,12.0,28,0
03/06/20 08:00 AM,12.1,91,48
03/06/20 09:00 AM,13.1,49,122
03/06/20 10:00 AM,14.3,0,323
03/06/20 11:00 AM,15.0,2,589
03/06/20 12:00 PM,15.2,85,691
03/06/20 01:00 PM,15.3,90,452
03/06/20 02:00 PM,15.7,90,434
03/06/20 03:00 PM,15.6,0,567
03/06/20 04:00 PM,15.0,0,507
03/06/20 05:00 PM,14.3,0,336
03/06/20 06:00 PM,13.1,0,149
03/06/20 07:00 PM,12.0,0,13
03/06/20 08:00 PM,11.6,0,0
03/06/20 09:00 PM,11.1,0,0
03/06/20 10:00 PM,10.6,0,0
03/06/20 11:00 PM,10.2,0,0
03/07/20 12:00 AM,10.6,4,0
03/07/20 01:00 AM,10.5,14,0
03/07/20 02:00 AM,10.4,14,0
03/07/20 03:00 AM,9.9,2,0
03/07/20 04:00 AM,9.2,0,0
03/07/20 05:00 AM,8.5,0,0
03/07/20 06:00 AM,8.0,0,0
03/07/20 07:00 AM,7.8,0,0
03/07/20 08:00 AM,8.7,0,59
03/07/20 09:00 AM,10.8,0,243
03/07/20 10:00 AM,13.1,0,437
03/07/20 11:00 AM,15.0,0,598
03/07/20 12:00 PM,17.0,0,711
03/07/20 01:00 PM,18.1,0,764
03/07/20 02:00 PM,18.6,0,748
03/07/20 03:00 PM,19.0,0,668
03/07/20 04:00 PM,19.0,0,533
03/07/20 05:00 PM,18.2,0,354
03/07/20 06:00 PM,16.2,0,157
03/07/20 07:00 PM,13.8,0,15
03/07/20 08:00 PM,13.0,15,0
03/07/20 09:00 PM,11.6,11,0
03/07/20 10:00 PM,11.1,24,0
03/07/20 11:00 PM,10.7,24,0
03/08/20 12:00 AM,10.2,1,0
03/08/20 01:00 AM,9.9,13,0
03/08/20 02:00 AM,9.6,33,0
03/08/20 03:00 AM,9.2,0,0
03/08/20 04:00 AM,8.3,0,0
03/08/20 05:00 AM,8.0,0,0
03/08/20 06:00 AM,7.7,0,0
03/08/20 07:00 AM,7.7,0,0
03/08/20 08:00 AM,9.1,0,63
03/08/20 09:00 AM,11.2,16,248
03/08/20 10:00 AM,13.2,4,436
03/08/20 11:00 AM,14.8,22,601
03/08/20 12:00 PM,15.8,30,695
03/08/20 01:00 PM,16.6,41,603
03/08/20 02:00 PM,17.3,63,619
03/08/20 03:00 PM,17.4,86,509
03/08/20 04:00 PM,16.0,7,126
03/08/20 05:00 PM,15.9,4,324
03/08/20 06:00 PM,14.9,15,144
03/08/20 07:00 PM,13.9,0,14
03/08/20 08:00 PM,12.9,7,0
03/08/20 09:00 PM,11.9,16,0
03/08/20 10:00 PM,11.8,7,0
03/08/20 11:00 PM,12.0,64,0
03/09/20 12:00 AM,12.4,18,0
03/09/20 01:00 AM,12.5,7,0
03/09/20 02:00 AM,12.6,55,0
03/09/20 03:00 AM,12.2,49,0
03/09/20 04:00 AM,11.2,44,0
03/09/20 05:00 AM,10.6,22,0
03/09/20 06:00 AM,10.1,10,0
03/09/20 07:00 AM,9.4,1,0
03/09/20 08:00 AM,10.5,10,66
03/09/20 09:00 AM,12.3,10,253
03/09/20 10:00 AM,13.8,15,446
03/09/20 11:00 AM,15.3,19,606
03/09/20 12:00 PM,17.5,3,713
03/09/20 01:00 PM,18.5,0,760
03/09/20 02:00 PM,19.1,0,743
03/09/20 03:00 PM,19.2,8,665
03/09/20 04:00 PM,18.5,14,530
03/09/20 05:00 PM,17.1,5,353
03/09/20 06:00 PM,15.3,10,159
03/09/20 07:00 PM,13.3,0,16
03/09/20 08:00 PM,12.2,0,0
03/09/20 09:00 PM,11.6,1,0
03/09/20 10:00 PM,11.2,14,0
03/09/20 11:00 PM,10.8,10,0
03/10/20 12:00 AM,11.1,8,0
03/10/20 01:00 AM,10.9,0,0
03/10/20 02:00 AM,10.5,0,0
03/10/20 03:00 AM,10.0,0,0
03/10/20 04:00 AM,9.6,0,0
03/10/20 05:00 AM,9.5,0,0
03/10/20 06:00 AM,9.3,0,0
03/10/20 07:00 AM,9.0,0,0
03/10/20 08:00 AM,10.3,0,67
03/10/20 09:00 AM,12.6,0,248
03/10/20 10:00 AM,14.9,0,435
03/10/20 11:00 AM,17.4,0,592
03/10/20 12:00 PM,19.7,0,700
03/10/20 01:00 PM,21.4,0,748
03/10/20 02:00 PM,22.6,0,732
03/10/20 03:00 PM,23.2,0,656
03/10/20 04:00 PM,23.2,0,523
03/10/20 05:00 PM,22.5,0,350
03/10/20 06:00 PM,20.8,0,158
03/10/20 07:00 PM,18.2,0,17
03/10/20 08:00 PM,16.2,0,0
03/10/20 09:00 PM,14.7,0,0
03/10/20 10:00 PM,13.6,0,0
03/10/20 11:00 PM,12.9,0,0
03/11/20 12:00 AM,12.9,0,0
03/11/20 01:00 AM,12.6,0,0
03/11/20 02:00 AM,12.1,0,0
03/11/20 03:00 AM,11.7,0,0
03/11/20 04:00 AM,11.4,0,0
03/11/20 05:00 AM,11.1,0,0
03/11/20 06:00 AM,10.8,0,0
03/11/20 07:00 AM,10.5,0,0
03/11/20 08:00 AM,11.9,0,70
03/11/20 09:00 AM,14.9,0,252
03/11/20 10:00 AM,18.1,1,440
03/11/20 11:00 AM,20.7,2,597
03/11/20 12:00 PM,23.1,3,704
03/11/20 01:00 PM,24.8,16,752
03/11/20 02:00 PM,25.9,21,736
03/11/20 03:00 PM,26.3,23,640
03/11/20 04:00 PM,25.9,26,471
03/11/20 05:00 PM,24.5,28,297
03/11/20 06:00 PM,22.5,29,133
03/11/20 07:00 PM,21.7,29,13
03/11/20 08:00 PM,18.5,28,0
03/11/20 09:00 PM,16.5,26,0
03/11/20 10:00 PM,16.0,16,0
03/11/20 11:00 PM,15.3,15,0
03/12/20 12:00 AM,15.1,13,0
03/12/20 01:00 AM,15.0,19,0
03/12/20 02:00 AM,14.4,19,0
03/12/20 03:00 AM,13.8,18,0
03/12/20 04:00 AM,13.0,14,0
03/12/20 05:00 AM,12.4,20,0
03/12/20 06:00 AM,12.1,32,0
03/12/20 07:00 AM,11.8,16,0
03/12/20 08:00 AM,13.1,19,74
03/12/20 09:00 AM,15.3,20,257
03/12/20 10:00 AM,17.2,23,444
03/12/20 11:00 AM,19.0,27,599
03/12/20 12:00 PM,19.8,27,702
03/12/20 01:00 PM,20.5,27,737
03/12/20 02:00 PM,20.9,22,731
03/12/20 03:00 PM,21.0,6,655
03/12/20 04:00 PM,20.5,5,527
03/12/20 05:00 PM,18.9,0,351
03/12/20 06:00 PM,16.5,2,163
03/12/20 07:00 PM,14.8,3,19
03/12/20 08:00 PM,13.8,9,0
03/12/20 09:00 PM,13.3,23,0
03/12/20 10:00 PM,12.9,29,0
03/12/20 11:00 PM,12.6,30,0
03/13/20 12:00 AM,12.5,29,0
03/13/20 01:00 AM,12.1,30,0
03/13/20 02:00 AM,11.9,25,0
03/13/20 03:00 AM,11.6,35,0
03/13/20 04:00 AM,11.5,53,0
03/13/20 05:00 AM,11.5,32,0
03/13/20 06:00 AM,11.1,35,0
03/13/20 07:00 AM,10.8,38,0
03/13/20 08:00 AM,12.1,82,75
03/13/20 09:00 AM,13.3,73,233
03/13/20 10:00 AM,14.8,30,426
03/13/20 11:00 AM,16.0,34,581
03/13/20 12:00 PM,16.7,29,696
03/13/20 01:00 PM,17.6,30,742
03/13/20 02:00 PM,18.2,34,706
03/13/20 03:00 PM,18.6,34,613
03/13/20 04:00 PM,18.2,26,507
03/13/20 05:00 PM,17.3,25,337
03/13/20 06:00 PM,15.6,10,159
03/13/20 07:00 PM,13.8,0,21
03/13/20 08:00 PM,13.0,0,0
03/13/20 09:00 PM,12.4,4,0
03/13/20 10:00 PM,12.2,9,0
03/13/20 11:00 PM,12.1,4,0
03/14/20 12:00 AM,11.7,5,0
03/14/20 01:00 AM,11.6,12,0
03/14/20 02:00 AM,11.6,16,0
03/14/20 03:00 AM,11.5,2,0
03/14/20 04:00 AM,11.2,2,0
03/14/20 05:00 AM,10.9,7,0
03/14/20 06:00 AM,10.5,7,0
03/14/20 07:00 AM,10.2,10,1
03/14/20 08:00 AM,11.5,3,80
03/14/20 09:00 AM,13.8,3,268
03/14/20 10:00 AM,16.3,7,464
03/14/20 11:00 AM,18.7,11,623
03/14/20 12:00 PM,19.9,17,734
03/14/20 01:00 PM,21.2,15,774
03/14/20 02:00 PM,21.7,17,756
03/14/20 03:00 PM,22.0,0,680
03/14/20 04:00 PM,22.3,1,544
03/14/20 05:00 PM,22.2,1,367
03/14/20 06:00 PM,21.1,3,170
03/14/20 07:00 PM,18.8,12,21
03/14/20 08:00 PM,16.1,17,0
03/14/20 09:00 PM,14.6,16,0
03/14/20 10:00 PM,13.6,23,0
03/14/20 11:00 PM,12.9,18,0
03/15/20 12:00 AM,12.5,26,0
03/15/20 01:00 AM,12.3,13,0
03/15/20 02:00 AM,12.1,7,0
03/15/20 03:00 AM,11.7,10,0
03/15/20 04:00 AM,11.5,15,0
03/15/20 05:00 AM,11.3,24,0
03/15/20 06:00 AM,11.3,32,0
03/15/20 07:00 AM,11.4,27,1
03/15/20 08:00 AM,12.7,41,76
03/15/20 09:00 AM,13.9,28,218
03/15/20 10:00 AM,15.1,9,405
03/15/20 11:00 AM,16.5,1,596
03/15/20 12:00 PM,17.9,0,727
03/15/20 01:00 PM,19.0,49,774
03/15/20 02:00 PM,18.0,1,742
03/15/20 03:00 PM,17.8,4,680
03/15/20 04:00 PM,17.6,48,557
03/15/20 05:00 PM,14.4,68,328
03/15/20 06:00 PM,13.3,37,137
03/15/20 07:00 PM,12.3,100,21
03/15/20 08:00 PM,11.5,19,0
03/15/20 09:00 PM,10.7,24,0
03/15/20 10:00 PM,10.5,41,0
03/15/20 11:00 PM,10.4,13,0
03/16/20 12:00 AM,10.0,16,0
03/16/20 01:00 AM,9.0,33,0
03/16/20 02:00 AM,9.3,22,0
03/16/20 03:00 AM,9.3,2,0
03/16/20 04:00 AM,9.0,0,0
03/16/20 05:00 AM,9.0,1,0
03/16/20 06:00 AM,9.5,1,0
03/16/20 07:00 AM,9.7,1,1
03/16/20 08:00 AM,10.9,0,95
03/16/20 09:00 AM,12.2,2,288
03/16/20 10:00 AM,13.4,1,470
03/16/20 11:00 AM,14.3,1,642
03/16/20 12:00 PM,14.6,2,757
03/16/20 01:00 PM,15.3,5,805
03/16/20 02:00 PM,15.3,2,782
03/16/20 03:00 PM,14.7,15,703
03/16/20 04:00 PM,14.1,49,531
03/16/20 05:00 PM,13.2,97,297
03/16/20 06:00 PM,12.8,60,85
03/16/20 07:00 PM,12.1,2,19
03/16/20 08:00 PM,11.5,0,0
03/16/20 09:00 PM,11.4,0,0
03/16/20 10:00 PM,11.3,2,0
03/16/20 11:00 PM,11.1,37,0
03/17/20 12:00 AM,11.4,56,0
03/17/20 01:00 AM,11.3,56,0
03/17/20 02:00 AM,11.3,98,0
03/17/20 03:00 AM,11.3,100,0
03/17/20 04:00 AM,11.0,20,0
03/17/20 05:00 AM,9.6,0,0
03/17/20 06:00 AM,8.4,0,0
03/17/20 07:00 AM,7.9,0,2
03/17/20 08:00 AM,9.3,0,97
03/17/20 09:00 AM,11.2,0,290
03/17/20 10:00 AM,12.8,50,481
03/17/20 11:00 AM,14.1,100,490
03/17/20 12:00 PM,14.6,100,355
03/17/20 01:00 PM,15.2,100,470
03/17/20 02:00 PM,15.8,100,316
03/17/20 03:00 PM,16.8,100,353
03/17/20 04:00 PM,17.0,43,225
03/17/20 05:00 PM,17.7,41,257
03/17/20 06:00 PM,16.9,32,108
03/17/20 07:00 PM,16.3,24,19
03/17/20 08:00 PM,14.4,2,0
03/17/20 09:00 PM,14.2,1,0
03/17/20 10:00 PM,14.1,1,0
03/17/20 11:00 PM,13.7,0,0
03/18/20 12:00 AM,13.2,8,0
03/18/20 01:00 AM,12.8,17,0
03/18/20 02:00 AM,13.1,79,0
03/18/20 03:00 AM,13.4,39,0
03/18/20 04:00 AM,13.0,32,0
03/18/20 05:00 AM,12.7,31,0
03/18/20 06:00 AM,12.7,31,0
03/18/20 07:00 AM,12.6,27,2
03/18/20 08:00 AM,14.1,18,86
03/18/20 09:00 AM,16.1,7,280
03/18/20 10:00 AM,18.2,5,471
03/18/20 11:00 AM,20.1,1,622
03/18/20 12:00 PM,21.2,0,737
03/18/20 01:00 PM,22.6,0,782
03/18/20 02:00 PM,23.9,73,764
03/18/20 03:00 PM,23.9,70,498
03/18/20 04:00 PM,23.7,46,412
03/18/20 05:00 PM,23.5,63,250
03/18/20 06:00 PM,23.1,39,119
03/18/20 07:00 PM,20.6,19,22
03/18/20 08:00 PM,19.8,36,0
03/18/20 09:00 PM,18.9,20,0
03/18/20 10:00 PM,17.5,14,0
03/18/20 11:00 PM,16.9,1,0
03/19/20 12:00 AM,15.5,1,0
03/19/20 01:00 AM,14.6,2,0
03/19/20 02:00 AM,13.7,13,0
03/19/20 03:00 AM,13.8,18,0
03/19/20 04:00 AM,13.2,11,0
03/19/20 05:00 AM,13.2,7,0
03/19/20 06:00 AM,13.3,12,0
03/19/20 07:00 AM,13.0,1,3
03/19/20 08:00 AM,14.7,1,101
03/19/20 09:00 AM,16.5,0,289
03/19/20 10:00 AM,17.9,1,477
03/19/20 11:00 AM,18.6,10,631
03/19/20 12:00 PM,20.4,0,685
03/19/20 01:00 PM,21.2,0,786
03/19/20 02:00 PM,21.2,1,768
03/19/20 03:00 PM,20.6,4,681
03/19/20 04:00 PM,20.0,11,539
03/19/20 05:00 PM,19.7,29,351
03/19/20 06:00 PM,18.5,35,160
03/19/20 07:00 PM,16.7,39,24
03/19/20 08:00 PM,15.4,32,0
03/19/20 09:00 PM,14.4,22,0
03/19/20 10:00 PM,13.7,16,0
03/19/20 11:00 PM,13.1,19,0
03/20/20 12:00 AM,12.8,11,0
03/20/20 01:00 AM,12.6,32,0
03/20/20 02:00 AM,12.4,37,0
03/20/20 03:00 AM,12.3,60,0
03/20/20 04:00 AM,12.3,55,0
03/20/20 05:00 AM,12.0,100,0
03/20/20 06:00 AM,12.1,100,0
03/20/20 07:00 AM,12.4,100,2
03/20/20 08:00 AM,12.5,100,20
03/20/20 09:00 AM,12.6,100,40
03/20/20 10:00 AM,12.8,100,72
03/20/20 11:00 AM,13.5,100,181
03/20/20 12:00 PM,13.0,100,323
03/20/20 01:00 PM,13.6,100,228
03/20/20 02:00 PM,13.8,100,239
03/20/20 03:00 PM,14.5,93,397
03/20/20 04:00 PM,13.9,67,256
03/20/20 05:00 PM,13.3,41,147
03/20/20 06:00 PM,12.9,32,128
03/20/20 07:00 PM,11.6,24,25
03/20/20 08:00 PM,10.6,18,0
03/20/20 09:00 PM,10.1,20,0
03/20/20 10:00 PM,9.7,18,0
03/20/20 11:00 PM,9.0,18,0
03/21/20 12:00 AM,9.3,36,0
03/21/20 01:00 AM,9.2,17,0
03/21/20 02:00 AM,8.6,24,0
03/21/20 03:00 AM,8.4,33,0
03/21/20 04:00 AM,7.7,47,0
03/21/20 05:00 AM,8.0,32,0
03/21/20 06:00 AM,7.1,48,0
03/21/20 07:00 AM,8.4,68,3
03/21/20 08:00 AM,9.3,56,72
03/21/20 09:00 AM,10.5,46,244
03/21/20 10:00 AM,11.7,71,403
03/21/20 11:00 AM,12.6,87,488
03/21/20 12:00 PM,12.3,100,575
03/21/20 01:00 PM,13.5,41,385
03/21/20 02:00 PM,14.8,100,685
03/21/20 03:00 PM,13.2,98,311
03/21/20 04:00 PM,13.1,87,347
03/21/20 05:00 PM,13.3,21,262
03/21/20 06:00 PM,13.0,6,175
03/21/20 07:00 PM,12.4,22,29
03/21/20 08:00 PM,9.5,24,0
03/21/20 09:00 PM,9.5,13,0
03/21/20 10:00 PM,9.5,1,0
03/21/20 11:00 PM,8.9,0,0
03/22/20 12:00 AM,9.1,0,0
03/22/20 01:00 AM,8.7,7,0
03/22/20 02:00 AM,8.0,0,0
03/22/20 03:00 AM,7.2,0,0
03/22/20 04:00 AM,6.7,8,0
03/22/20 05:00 AM,6.0,0,0
03/22/20 06:00 AM,6.4,0,0
03/22/20 07:00 AM,6.3,2,5
03/22/20 08:00 AM,8.6,58,118
03/22/20 09:00 AM,11.3,13,277
03/22/20 10:00 AM,13.7,5,500
03/22/20 11:00 AM,15.4,13,660
03/22/20 12:00 PM,16.4,32,769
03/22/20 01:00 PM,17.3,95,682
03/22/20 02:00 PM,17.3,100,498
03/22/20 03:00 PM,17.1,42,361
03/22/20 04:00 PM,17.2,38,413
03/22/20 05:00 PM,17.4,34,288
03/22/20 06:00 PM,16.2,30,146
03/22/20 07:00 PM,13.8,16,29
03/22/20 08:00 PM,12.8,14,0
03/22/20 09:00 PM,12.1,5,0
03/22/20 10:00 PM,11.4,2,0
03/22/20 11:00 PM,11.1,2,0
03/23/20 12:00 AM,11.1,0,0
03/23/20 01:00 AM,10.7,5,0
03/23/20 02:00 AM,10.6,4,0
03/23/20 03:00 AM,10.5,2,0
03/23/20 04:00 AM,10.4,3,0
03/23/20 05:00 AM,10.3,9,0
03/23/20 06:00 AM,10.2,27,0
03/23/20 07:00 AM,10.3,1,5
03/23/20 08:00 AM,11.7,2,118
03/23/20 09:00 AM,13.4,2,311
03/23/20 10:00 AM,15.3,0,502
03/23/20 11:00 AM,17.0,0,664
03/23/20 12:00 PM,18.2,3,772
03/23/20 01:00 PM,19.1,20,814
03/23/20 02:00 PM,19.1,26,671
03/23/20 03:00 PM,19.1,31,552
03/23/20 04:00 PM,19.1,32,457
03/23/20 05:00 PM,18.4,50,296
03/23/20 06:00 PM,17.1,23,145
03/23/20 07:00 PM,15.7,28,31
03/23/20 08:00 PM,14.9,20,0
03/23/20 09:00 PM,14.1,15,0
03/23/20 10:00 PM,13.3,6,0
03/23/20 11:00 PM,12.2,2,0
03/24/20 12:00 AM,11.8,0,0
03/24/20 01:00 AM,11.1,0,0
03/24/20 02:00 AM,10.5,0,0
03/24/20 03:00 AM,9.9,6,0
03/24/20 04:00 AM,9.6,5,0
03/24/20 05:00 AM,9.3,2,0
03/24/20 06:00 AM,9.1,2,0
03/24/20 07:00 AM,9.3,0,7
03/24/20 08:00 AM,11.4,24,125
03/24/20 09:00 AM,13.8,10,295
03/24/20 10:00 AM,15.8,0,499
03/24/20 11:00 AM,17.6,60,672
03/24/20 12:00 PM,18.6,90,547
03/24/20 01:00 PM,19.3,100,390
03/24/20 02:00 PM,20.5,100,591
03/24/20 03:00 PM,19.4,100,292
03/24/20 04:00 PM,19.6,77,237
03/24/20 05:00 PM,18.8,44,204
03/24/20 06:00 PM,18.3,51,143
03/24/20 07:00 PM,17.5,57,20
03/24/20 08:00 PM,16.2,12,0
03/24/20 09:00 PM,14.8,4,0
03/24/20 10:00 PM,14.2,1,0
03/24/20 11:00 PM,12.9,0,0
03/25/20 12:00 AM,12.3,1,0
03/25/20 01:00 AM,11.6,0,0
03/25/20 02:00 AM,10.9,1,0
03/25/20 03:00 AM,10.4,1,0
03/25/20 04:00 AM,10.0,0,0
03/25/20 05:00 AM,9.5,1,0
03/25/20 06:00 AM,9.2,0,0
03/25/20 07:00 AM,9.3,1,8
03/25/20 08:00 AM,11.4,1,131
03/25/20 09:00 AM,13.7,1,327
03/25/20 10:00 AM,15.8,1,519
03/25/20 11:00 AM,17.5,1,674
03/25/20 12:00 PM,19.0,1,778
03/25/20 01:00 PM,20.1,2,823
03/25/20 02:00 PM,20.8,39,795
03/25/20 03:00 PM,20.9,43,635
03/25/20 04:00 PM,20.7,5,364
03/25/20 05:00 PM,19.2,10,358
03/25/20 06:00 PM,17.7,21,171
03/25/20 07:00 PM,16.1,16,30
03/25/20 08:00 PM,14.8,12,0
03/25/20 09:00 PM,13.4,4,0
03/25/20 10:00 PM,12.3,2,0
03/25/20 11:00 PM,11.7,1,0
03/26/20 12:00 AM,12.0,2,0
03/26/20 01:00 AM,11.8,2,0
03/26/20 02:00 AM,11.5,2,0
03/26/20 03:00 AM,11.3,1,0
03/26/20 04:00 AM,11.0,5,0
03/26/20 05:00 AM,10.9,7,0
03/26/20 06:00 AM,11.0,14,0
03/26/20 07:00 AM,11.2,16,9
03/26/20 08:00 AM,12.8,35,132
03/26/20 09:00 AM,14.0,12,318
03/26/20 10:00 AM,15.5,10,522
03/26/20 11:00 AM,16.8,14,683
03/26/20 12:00 PM,17.0,35,790
03/26/20 01:00 PM,17.9,52,794
03/26/20 02:00 PM,17.9,43,751
03/26/20 03:00 PM,17.2,36,688
03/26/20 04:00 PM,16.3,27,581
03/26/20 05:00 PM,15.6,24,415
03/26/20 06:00 PM,14.4,28,215
03/26/20 07:00 PM,13.0,29,40
03/26/20 08:00 PM,12.0,29,0
03/26/20 09:00 PM,11.3,29,0
03/26/20 10:00 PM,10.6,33,0
03/26/20 11:00 PM,10.1,44,0
03/27/20 12:00 AM,10.1,43,0
03/27/20 01:00 AM,9.7,33,0
03/27/20 02:00 AM,9.4,29,0
03/27/20 03:00 AM,9.1,29,0
03/27/20 04:00 AM,9.1,27,0
03/27/20 05:00 AM,9.0,28,0
03/27/20 06:00 AM,8.8,27,0
03/27/20 07:00 AM,9.2,29,11
03/27/20 08:00 AM,11.6,30,145
03/27/20 09:00 AM,13.0,49,324
03/27/20 10:00 AM,13.7,64,460
03/27/20 11:00 AM,14.9,38,647
03/27/20 12:00 PM,15.8,24,756
03/27/20 01:00 PM,16.7,13,832
03/27/20 02:00 PM,17.2,14,825
03/27/20 03:00 PM,17.4,6,739
03/27/20 04:00 PM,17.5,5,568
03/27/20 05:00 PM,17.0,9,411
03/27/20 06:00 PM,15.0,13,217
03/27/20 07:00 PM,13.2,12,42
03/27/20 08:00 PM,12.4,17,0
03/27/20 09:00 PM,11.4,15,0
03/27/20 10:00 PM,11.1,20,0
03/27/20 11:00 PM,11.1,35,0
03/28/20 12:00 AM,10.9,15,0
03/28/20 01:00 AM,9.7,19,0
03/28/20 02:00 AM,9.6,29,0
03/28/20 03:00 AM,9.4,30,0
03/28/20 04:00 AM,9.0,13,0
03/28/20 05:00 AM,8.2,9,0
03/28/20 06:00 AM,7.5,9,0
03/28/20 07:00 AM,7.6,10,12
03/28/20 08:00 AM,9.3,8,141
03/28/20 09:00 AM,11.2,16,347
03/28/20 10:00 AM,13.4,18,551
03/28/20 11:00 AM,15.1,21,708
03/28/20 12:00 PM,15.9,22,813
03/28/20 01:00 PM,17.1,43,853
03/28/20 02:00 PM,18.3,92,835
03/28/20 03:00 PM,18.4,70,675
03/28/20 04:00 PM,18.0,52,547
03/28/20 05:00 PM,16.4,41,323
03/28/20 06:00 PM,15.5,16,189
03/28/20 07:00 PM,13.6,29,43
03/28/20 08:00 PM,12.7,55,0
03/28/20 09:00 PM,12.3,52,0
03/28/20 10:00 PM,13.9,35,0
03/28/20 11:00 PM,12.3,32,0
03/29/20 12:00 AM,11.6,42,0
03/29/20 01:00 AM,11.2,92,0
03/29/20 02:00 AM,11.1,20,0
03/29/20 03:00 AM,10.2,9,0
03/29/20 04:00 AM,11.2,23,0
03/29/20 05:00 AM,10.7,28,0
03/29/20 06:00 AM,10.6,29,0
03/29/20 07:00 AM,10.9,29,13
03/29/20 08:00 AM,12.7,29,133
03/29/20 09:00 AM,14.0,28,318
03/29/20 10:00 AM,15.2,28,514
03/29/20 11:00 AM,16.0,30,679
03/29/20 12:00 PM,16.4,80,723
03/29/20 01:00 PM,16.7,85,591
03/29/20 02:00 PM,16.6,76,514
03/29/20 03:00 PM,16.9,72,492
03/29/20 04:00 PM,16.6,80,398
03/29/20 05:00 PM,16.0,72,244
03/29/20 06:00 PM,15.2,23,173
03/29/20 07:00 PM,13.4,3,38
03/29/20 08:00 PM,11.9,38,0
03/29/20 09:00 PM,10.8,28,0
03/29/20 10:00 PM,11.1,42,0
03/29/20 11:00 PM,12.1,45,0
03/30/20 12:00 AM,11.9,22,0
03/30/20 01:00 AM,11.7,73,0
03/30/20 02:00 AM,11.9,77,0
03/30/20 03:00 AM,11.9,78,0
03/30/20 04:00 AM,11.8,100,0
03/30/20 05:00 AM,11.3,100,0
03/30/20 06:00 AM,10.4,100,0
03/30/20 07:00 AM,10.4,100,5
03/30/20 08:00 AM,10.9,100,32
03/30/20 09:00 AM,11.8,100,64
03/30/20 10:00 AM,12.2,100,86
03/30/20 11:00 AM,12.4,89,104
03/30/20 12:00 PM,13.6,93,263
03/30/20 01:00 PM,14.0,100,270
03/30/20 02:00 PM,13.0,100,152
03/30/20 03:00 PM,13.1,41,214
03/30/20 04:00 PM,14.4,42,485
03/30/20 05:00 PM,13.9,100,280
03/30/20 06:00 PM,12.6,100,46
03/30/20 07:00 PM,12.6,100,7
03/30/20 08:00 PM,12.3,100,0
03/30/20 09:00 PM,11.9,100,0
03/30/20 10:00 PM,11.8,100,0
03/30/20 11:00 PM,11.5,100,0
03/31/20 12:00 AM,8.6,55,0
03/31/20 01:00 AM,8.4,100,0
03/31/20 02:00 AM,8.5,100,0
03/31/20 03:00 AM,8.3,100,0
03/31/20 04:00 AM,8.1,100,0
03/31/20 05:00 AM,7.7,97,0
03/31/20 06:00 AM,7.4,100,0
03/31/20 07:00 AM,7.1,72,9
03/31/20 08:00 AM,7.8,49,106
03/31/20 09:00 AM,9.0,20,321
03/31/20 10:00 AM,11.0,77,485
03/31/20 11:00 AM,12.2,98,560
03/31/20 12:00 PM,10.5,100,531
03/31/20 01:00 PM,11.0,98,218
03/31/20 02:00 PM,12.0,90,371
03/31/20 03:00 PM,12.3,17,421
03/31/20 04:00 PM,12.4,37,593
03/31/20 05:00 PM,11.7,23,406
03/31/20 06:00 PM,10.7,10,224
03/31/20 07:00 PM,9.2,0,50
03/31/20 08:00 PM,6.8,0,0
03/31/20 09:00 PM,7.5,12,0
03/31/20 10:00 PM,6.2,80,0
03/31/20 11:00 PM,7.8,56,0
04/01/20 12:00 AM,9.3,45,0
04/01/20 01:00 AM,9.2,39,0
04/01/20 02:00 AM,9.1,62,0
04/01/20 03:00 AM,8.4,55,0
04/01/20 04:00 AM,8.6,52,0
04/01/20 05:00 AM,8.4,52,0
04/01/20 06:00 AM,8.4,55,0
04/01/20 07:00 AM,9.0,43,13
04/01/20 08:00 AM,10.6,100,134
04/01/20 09:00 AM,11.3,100,139
04/01/20 10:00 AM,11.7,87,328
04/01/20 11:00 AM,12.6,80,473
04/01/20 12:00 PM,11.2,100,562
04/01/20 01:00 PM,10.8,100,55
04/01/20 02:00 PM,10.7,100,165
04/01/20 03:00 PM,10.7,88,77
04/01/20 04:00 PM,11.6,63,165
04/01/20 05:00 PM,11.5,52,276
04/01/20 06:00 PM,10.9,26,161
04/01/20 07:00 PM,9.1,24,44
04/01/20 08:00 PM,8.2,26,0
04/01/20 09:00 PM,7.8,54,0
04/01/20 10:00 PM,7.9,40,0
04/01/20 11:00 PM,7.4,39,0
04/02/20 12:00 AM,7.8,55,0
04/02/20 01:00 AM,7.3,11,0
04/02/20 02:00 AM,7.0,6,0
04/02/20 03:00 AM,7.0,1,0
04/02/20 04:00 AM,7.3,0,0
04/02/20 05:00 AM,7.2,0,0
04/02/20 06:00 AM,7.4,4,0
04/02/20 07:00 AM,7.8,0,20
04/02/20 08:00 AM,9.8,0,173
04/02/20 09:00 AM,11.9,0,378
04/02/20 10:00 AM,13.9,0,572
04/02/20 11:00 AM,16.0,0,729
04/02/20 12:00 PM,17.3,18,831
04/02/20 01:00 PM,18.0,53,729
04/02/20 02:00 PM,18.0,100,668
04/02/20 03:00 PM,17.0,50,344
04/02/20 04:00 PM,17.6,18,468
04/02/20 05:00 PM,16.9,18,363
04/02/20 06:00 PM,15.7,14,200
04/02/20 07:00 PM,13.8,0,50
04/02/20 08:00 PM,12.2,0,0
04/02/20 09:00 PM,11.4,0,0
04/02/20 10:00 PM,11.0,0,0
04/02/20 11:00 PM,10.4,0,0
04/03/20 12:00 AM,9.1,0,0
04/03/20 01:00 AM,8.8,0,0
04/03/20 02:00 AM,10.0,0,0
04/03/20 03:00 AM,9.7,0,0
04/03/20 04:00 AM,9.4,90,0
04/03/20 05:00 AM,9.1,90,0
04/03/20 06:00 AM,8.3,90,0
04/03/20 07:00 AM,7.5,90,17
04/03/20 08:00 AM,9.4,90,114
04/03/20 09:00 AM,11.2,90,273
04/03/20 10:00 AM,13.6,6,480
04/03/20 11:00 AM,15.6,0,731
04/03/20 12:00 PM,17.4,0,836
04/03/20 01:00 PM,18.1,0,877
04/03/20 02:00 PM,18.3,0,857
04/03/20 03:00 PM,18.8,1,774
04/03/20 04:00 PM,19.3,0,630
04/03/20 05:00 PM,18.7,1,445
04/03/20 06:00 PM,16.9,0,240
04/03/20 07:00 PM,14.0,0,57
04/03/20 08:00 PM,11.3,2,0
04/03/20 09:00 PM,12.5,29,0
04/03/20 10:00 PM,11.5,29,0
04/03/20 11:00 PM,9.3,29,0
04/04/20 12:00 AM,9.5,28,0
04/04/20 01:00 AM,9.8,30,0
04/04/20 02:00 AM,10.4,30,0
04/04/20 03:00 AM,10.7,53,0
04/04/20 04:00 AM,11.1,67,0
04/04/20 05:00 AM,11.3,84,0
04/04/20 06:00 AM,11.5,86,0
04/04/20 07:00 AM,12.0,88,8
04/04/20 08:00 AM,12.7,90,47
04/04/20 09:00 AM,13.2,90,84
04/04/20 10:00 AM,13.6,89,121
04/04/20 11:00 AM,14.0,78,192
04/04/20 12:00 PM,16.9,89,363
04/04/20 01:00 PM,16.8,90,305
04/04/20 02:00 PM,17.0,47,253
04/04/20 03:00 PM,18.3,49,630
04/04/20 04:00 PM,17.6,60,365
04/04/20 05:00 PM,17.2,49,143
04/04/20 06:00 PM,16.8,37,178
04/04/20 07:00 PM,16.3,31,43
04/04/20 08:00 PM,16.0,32,0
04/04/20 09:00 PM,15.4,37,0
04/04/20 10:00 PM,14.8,61,0
04/04/20 11:00 PM,14.6,76,0
04/05/20 12:00 AM,14.8,100,0
04/05/20 01:00 AM,14.9,100,0
04/05/20 02:00 AM,14.8,100,0
04/05/20 03:00 AM,14.7,100,0
04/05/20 04:00 AM,14.7,100,0
04/05/20 05:00 AM,14.7,100,0
04/05/20 06:00 AM,14.7,100,0
04/05/20 07:00 AM,14.8,100,7
04/05/20 08:00 AM,15.0,100,45
04/05/20 09:00 AM,15.3,100,84
04/05/20 10:00 AM,16.1,100,187
04/05/20 11:00 AM,16.9,100,369
04/05/20 12:00 PM,16.7,85,277
04/05/20 01:00 PM,17.6,51,502
04/05/20 02:00 PM,18.1,50,638
04/05/20 03:00 PM,17.4,100,509
04/05/20 04:00 PM,16.8,91,223
04/05/20 05:00 PM,16.9,28,170
04/05/20 06:00 PM,16.4,44,184
04/05/20 07:00 PM,15.1,46,44
04/05/20 08:00 PM,14.2,1,0
04/05/20 09:00 PM,13.4,1,0
04/05/20 10:00 PM,12.6,5,0
04/05/20 11:00 PM,11.8,13,0
04/06/20 12:00 AM,12.0,100,0
04/06/20 01:00 AM,12.8,98,0
04/06/20 02:00 AM,13.6,100,0
04/06/20 03:00 AM,13.7,100,0
04/06/20 04:00 AM,14.0,100,0
04/06/20 05:00 AM,14.2,100,0
04/06/20 06:00 AM,14.1,100,0
04/06/20 07:00 AM,14.2,100,14
04/06/20 08:00 AM,14.5,100,70
04/06/20 09:00 AM,14.8,100,126
04/06/20 10:00 AM,15.7,76,314
04/06/20 11:00 AM,16.2,61,462
04/06/20 12:00 PM,16.1,100,623
04/06/20 01:00 PM,17.0,96,564
04/06/20 02:00 PM,17.0,100,552
04/06/20 03:00 PM,16.7,100,421
04/06/20 04:00 PM,16.3,100,278
04/06/20 05:00 PM,16.0,100,174
04/06/20 06:00 PM,15.4,100,79
04/06/20 07:00 PM,15.5,100,18
04/06/20 08:00 PM,15.6,100,0
04/06/20 09:00 PM,15.4,100,0
04/06/20 10:00 PM,15.4,100,0
04/06/20 11:00 PM,15.4,100,0
04/07/20 12:00 AM,15.3,100,0
04/07/20 01:00 AM,15.2,94,0
04/07/20 02:00 AM,15.2,90,0
04/07/20 03:00 AM,15.1,92,0
04/07/20 04:00 AM,15.1,73,0
04/07/20 05:00 AM,14.6,100,0
04/07/20 06:00 AM,14.5,100,0
04/07/20 07:00 AM,14.8,100,16
04/07/20 08:00 AM,15.1,100,96
04/07/20 09:00 AM,15.9,94,239
04/07/20 10:00 AM,15.6,90,264
04/07/20 11:00 AM,16.6,37,492
04/07/20 12:00 PM,17.2,100,736
04/07/20 01:00 PM,17.7,58,466
04/07/20 02:00 PM,18.4,29,679
04/07/20 03:00 PM,18.4,45,678
04/07/20 04:00 PM,18.0,78,589
04/07/20 05:00 PM,17.6,50,339
04/07/20 06:00 PM,17.4,16,232
04/07/20 07:00 PM,15.7,1,60
04/07/20 08:00 PM,14.4,1,0
04/07/20 09:00 PM,14.6,36,0
04/07/20 10:00 PM,12.3,100,0
04/07/20 11:00 PM,13.3,100,0
04/08/20 12:00 AM,14.2,100,0
04/08/20 01:00 AM,14.4,100,0
04/08/20 02:00 AM,14.5,100,0
04/08/20 03:00 AM,14.4,100,0
04/08/20 04:00 AM,14.2,100,0
04/08/20 05:00 AM,14.1,100,0
04/08/20 06:00 AM,13.9,100,0
04/08/20 07:00 AM,14.1,100,10
04/08/20 08:00 AM,13.9,100,32
04/08/20 09:00 AM,14.7,100,115
04/08/20 10:00 AM,15.6,92,180
04/08/20 11:00 AM,16.1,87,190
04/08/20 12:00 PM,17.2,92,143
04/08/20 01:00 PM,17.2,79,203
04/08/20 02:00 PM,17.8,53,344
04/08/20 03:00 PM,18.4,62,438
04/08/20 04:00 PM,18.0,86,266
04/08/20 05:00 PM,17.8,90,155
04/08/20 06:00 PM,17.3,92,69
04/08/20 07:00 PM,16.4,87,15
04/08/20 08:00 PM,15.8,88,0
04/08/20 09:00 PM,15.3,63,0
04/08/20 10:00 PM,14.2,76,0
04/08/20 11:00 PM,14.5,78,0
04/09/20 12:00 AM,14.8,57,0
04/09/20 01:00 AM,14.8,78,0
04/09/20 02:00 AM,14.4,93,0
04/09/20 03:00 AM,14.2,100,0
04/09/20 04:00 AM,14.3,100,0
04/09/20 05:00 AM,14.2,98,0
04/09/20 06:00 AM,14.2,89,0
04/09/20 07:00 AM,14.4,88,5
04/09/20 08:00 AM,14.7,82,39
04/09/20 09:00 AM,15.2,100,113
04/09/20 10:00 AM,15.6,100,162
04/09/20 11:00 AM,16.8,94,490
04/09/20 12:00 PM,15.8,100,635
04/09/20 01:00 PM,16.1,100,225
04/09/20 02:00 PM,17.0,100,456
04/09/20 03:00 PM,17.0,100,279
04/09/20 04:00 PM,17.5,96,265
04/09/20 05:00 PM,17.8,94,193
04/09/20 06:00 PM,17.5,41,103
04/09/20 07:00 PM,16.2,58,49
04/09/20 08:00 PM,15.5,72,0
04/09/20 09:00 PM,15.3,34,0
04/09/20 10:00 PM,14.8,22,0
04/09/20 11:00 PM,14.4,23,0
04/10/20 12:00 AM,14.3,29,0
04/10/20 01:00 AM,14.3,39,0
04/10/20 02:00 AM,14.3,47,0
04/10/20 03:00 AM,14.1,52,0
04/10/20 04:00 AM,14.0,49,0
04/10/20 05:00 AM,13.9,32,0
04/10/20 06:00 AM,13.7,31,0
04/10/20 07:00 AM,14.3,86,24
04/10/20 08:00 AM,15.5,99,120
04/10/20 09:00 AM,16.4,66,280
04/10/20 10:00 AM,17.6,60,451
04/10/20 11:00 AM,18.9,92,558
04/10/20 12:00 PM,19.8,37,529
04/10/20 01:00 PM,20.1,60,723
04/10/20 02:00 PM,20.0,93,644
04/10/20 03:00 PM,19.9,100,504
04/10/20 04:00 PM,19.8,68,455
04/10/20 05:00 PM,19.2,85,335
04/10/20 06:00 PM,18.2,74,161
04/10/20 07:00 PM,17.0,66,52
04/10/20 08:00 PM,15.6,39,0
04/10/20 09:00 PM,14.9,42,0
04/10/20 10:00 PM,14.4,43,0
04/10/20 11:00 PM,13.8,46,0
04/11/20 12:00 AM,14.1,30,0
04/11/20 01:00 AM,13.7,33,0
04/11/20 02:00 AM,13.3,63,0
04/11/20 03:00 AM,13.2,73,0
04/11/20 04:00 AM,13.0,68,0
04/11/20 05:00 AM,12.8,68,0
04/11/20 06:00 AM,12.4,76,0
04/11/20 07:00 AM,12.9,63,33
04/11/20 08:00 AM,14.1,66,144
04/11/20 09:00 AM,15.1,68,275
04/11/20 10:00 AM,16.5,32,479
04/11/20 11:00 AM,17.7,37,708
04/11/20 12:00 PM,18.7,46,811
04/11/20 01:00 PM,19.9,21,807
04/11/20 02:00 PM,20.5,16,787
04/11/20 03:00 PM,21.1,15,720
04/11/20 04:00 PM,21.4,87,604
04/11/20 05:00 PM,18.9,21,347
04/11/20 06:00 PM,17.7,2,224
04/11/20 07:00 PM,16.0,0,70
04/11/20 08:00 PM,14.9,0,0
04/11/20 09:00 PM,14.2,2,0
04/11/20 10:00 PM,13.5,1,0
04/11/20 11:00 PM,13.1,5,0
04/12/20 12:00 AM,13.5,63,0
04/12/20 01:00 AM,13.3,82,0
04/12/20 02:00 AM,13.1,88,0
04/12/20 03:00 AM,12.8,88,0
04/12/20 04:00 AM,12.6,51,0
04/12/20 05:00 AM,12.3,51,0
04/12/20 06:00 AM,11.9,100,0
04/12/20 07:00 AM,12.7,21,24
04/12/20 08:00 AM,13.6,56,176
04/12/20 09:00 AM,15.0,50,332
04/12/20 10:00 AM,16.5,97,495
04/12/20 11:00 AM,17.9,100,517
04/12/20 12:00 PM,19.5,75,470
04/12/20 01:00 PM,19.3,88,644
04/12/20 02:00 PM,18.8,46,464
04/12/20 03:00 PM,18.3,52,595
04/12/20 04:00 PM,18.4,54,408
04/12/20 05:00 PM,18.0,35,317
04/12/20 06:00 PM,17.2,6,191
04/12/20 07:00 PM,16.5,25,70
04/12/20 08:00 PM,14.8,6,0
04/12/20 09:00 PM,13.8,10,0
04/12/20 10:00 PM,13.2,19,0
04/12/20 11:00 PM,12.8,14,0
04/13/20 12:00 AM,13.3,100,0
04/13/20 01:00 AM,13.1,39,0
04/13/20 02:00 AM,12.2,59,0
04/13/20 03:00 AM,12.2,70,0
04/13/20 04:00 AM,12.7,86,0
04/13/20 05:00 AM,13.1,84,0
04/13/20 06:00 AM,12.8,28,0
04/13/20 07:00 AM,13.0,18,41
04/13/20 08:00 AM,14.1,60,189
04/13/20 09:00 AM,14.6,100,289
04/13/20 10:00 AM,13.0,100,195
04/13/20 11:00 AM,13.9,100,363
04/13/20 12:00 PM,13.5,100,414
04/13/20 01:00 PM,13.1,100,201
04/13/20 02:00 PM,13.7,50,321
04/13/20 03:00 PM,15.1,40,626
04/13/20 04:00 PM,15.2,37,549
04/13/20 05:00 PM,14.8,17,377
04/13/20 06:00 PM,14.2,56,240
04/13/20 07:00 PM,12.7,100,67
04/13/20 08:00 PM,12.6,24,0
04/13/20 09:00 PM,10.8,16,0
04/13/20 10:00 PM,9.8,21,0
04/13/20 11:00 PM,9.4,19,0
04/14/20 12:00 AM,12.0,100,0
04/14/20 01:00 AM,12.4,93,0
04/14/20 02:00 AM,12.3,47,0
04/14/20 03:00 AM,11.2,41,0
04/14/20 04:00 AM,10.9,28,0
04/14/20 05:00 AM,10.6,14,0
04/14/20 06:00 AM,10.4,45,0
04/14/20 07:00 AM,11.6,20,36
04/14/20 08:00 AM,13.0,8,195
04/14/20 09:00 AM,14.9,21,415
04/14/20 10:00 AM,16.2,14,552
04/14/20 11:00 AM,17.1,22,694
04/14/20 12:00 PM,17.0,39,739
04/14/20 01:00 PM,17.6,23,694
04/14/20 02:00 PM,17.4,44,717
04/14/20 03:00 PM,17.1,31,559
04/14/20 04:00 PM,16.8,46,496
04/14/20 05:00 PM,16.0,72,316
04/14/20 06:00 PM,14.5,100,135
04/14/20 07:00 PM,13.7,100,34
04/14/20 08:00 PM,13.7,71,0
04/14/20 09:00 PM,13.9,36,0
04/14/20 10:00 PM,13.5,46,0
04/14/20 11:00 PM,12.5,87,0
04/15/20 12:00 AM,12.9,44,0
04/15/20 01:00 AM,12.7,44,0
04/15/20 02:00 AM,12.7,66,0
04/15/20 03:00 AM,12.0,52,0
04/15/20 04:00 AM,11.8,46,0
04/15/20 05:00 AM,11.7,100,0
04/15/20 06:00 AM,11.7,100,0
04/15/20 07:00 AM,12.0,100,12
04/15/20 08:00 AM,12.9,100,102
04/15/20 09:00 AM,13.6,71,207
04/15/20 10:00 AM,14.9,73,403
04/15/20 11:00 AM,15.2,36,436
04/15/20 12:00 PM,16.1,30,686
04/15/20 01:00 PM,16.3,38,758
04/15/20 02:00 PM,16.0,38,711
04/15/20 03:00 PM,16.2,28,652
04/15/20 04:00 PM,16.5,54,555
04/15/20 05:00 PM,15.9,48,362
04/15/20 06:00 PM,15.4,69,199
04/15/20 07:00 PM,14.6,64,54
04/15/20 08:00 PM,14.4,57,1
04/15/20 09:00 PM,14.4,56,0
04/15/20 10:00 PM,14.5,47,0
04/15/20 11:00 PM,14.3,53,0
04/16/20 12:00 AM,14.5,78,0
04/16/20 01:00 AM,14.4,99,0
04/16/20 02:00 AM,14.3,100,0
04/16/20 03:00 AM,14.0,100,0
04/16/20 04:00 AM,13.9,100,0
04/16/20 05:00 AM,13.7,100,0
04/16/20 06:00 AM,13.9,100,0
04/16/20 07:00 AM,14.1,100,7
04/16/20 08:00 AM,14.7,24,49
04/16/20 09:00 AM,16.4,28,388
04/16/20 10:00 AM,17.2,34,567
04/16/20 11:00 AM,17.5,23,693
04/16/20 12:00 PM,16.5,28,821
04/16/20 01:00 PM,16.8,37,743
04/16/20 02:00 PM,17.1,51,644
04/16/20 03:00 PM,17.2,31,606
04/16/20 04:00 PM,16.9,32,518
04/16/20 05:00 PM,16.5,27,356
04/16/20 06:00 PM,16.1,16,212
04/16/20 07:00 PM,15.4,42,70
04/16/20 08:00 PM,15.1,43,1
04/16/20 09:00 PM,15.1,37,0
04/16/20 10:00 PM,14.8,37,0
04/16/20 11:00 PM,14.5,55,0
04/17/20 12:00 AM,14.7,66,0
04/17/20 01:00 AM,14.7,52,0
04/17/20 02:00 AM,14.9,30,0
04/17/20 03:00 AM,14.5,66,0
04/17/20 04:00 AM,13.9,100,0
04/17/20 05:00 AM,14.1,56,0
04/17/20 06:00 AM,14.0,25,0
04/17/20 07:00 AM,14.5,19,46
04/17/20 08:00 AM,15.2,58,194
04/17/20 09:00 AM,15.6,48,284
04/17/20 10:00 AM,16.4,31,479
04/17/20 11:00 AM,17.2,22,644
04/17/20 12:00 PM,17.7,24,787
04/17/20 01:00 PM,17.9,13,783
04/17/20 02:00 PM,17.9,19,785
04/17/20 03:00 PM,17.7,23,723
04/17/20 04:00 PM,17.3,15,585
04/17/20 05:00 PM,17.0,9,445
04/17/20 06:00 PM,16.2,5,262
04/17/20 07:00 PM,14.5,4,83
04/17/20 08:00 PM,12.5,4,1
04/17/20 09:00 PM,12.2,7,0
04/17/20 10:00 PM,12.5,18,0
04/17/20 11:00 PM,13.1,14,0
04/18/20 12:00 AM,13.0,1,0
04/18/20 01:00 AM,12.7,9,0
04/18/20 02:00 AM,12.4,20,0
04/18/20 03:00 AM,11.9,29,0
04/18/20 04:00 AM,10.5,100,0
04/18/20 05:00 AM,11.5,100,0
04/18/20 06:00 AM,10.1,100,0
04/18/20 07:00 AM,10.9,100,50
04/18/20 08:00 AM,12.6,100,182
04/18/20 09:00 AM,14.8,19,377
04/18/20 10:00 AM,16.7,25,619
04/18/20 11:00 AM,17.7,46,744
04/18/20 12:00 PM,18.0,69,829
04/18/20 01:00 PM,18.4,56,675
04/18/20 02:00 PM,19.0,25,685
04/18/20 03:00 PM,19.4,56,709
04/18/20 04:00 PM,18.7,57,499
04/18/20 05:00 PM,18.2,38,361
04/18/20 06:00 PM,17.5,23,225
04/18/20 07:00 PM,15.9,17,79
04/18/20 08:00 PM,14.5,10,1
04/18/20 09:00 PM,13.7,7,0
04/18/20 10:00 PM,13.2,8,0
04/18/20 11:00 PM,12.8,10,0
04/19/20 12:00 AM,13.4,13,0
04/19/20 01:00 AM,13.0,17,0
04/19/20 02:00 AM,12.8,17,0
04/19/20 03:00 AM,12.5,18,0
04/19/20 04:00 AM,12.3,26,0
04/19/20 05:00 AM,12.1,32,0
04/19/20 06:00 AM,12.0,25,0
04/19/20 07:00 AM,13.2,22,58
04/19/20 08:00 AM,14.6,33,229
04/19/20 09:00 AM,15.5,33,371
04/19/20 10:00 AM,16.6,25,537
04/19/20 11:00 AM,17.7,32,704
04/19/20 12:00 PM,18.6,78,745
04/19/20 01:00 PM,18.0,53,553
04/19/20 02:00 PM,18.3,86,735
04/19/20 03:00 PM,18.2,73,598
04/19/20 04:00 PM,17.3,67,434
04/19/20 05:00 PM,16.9,57,384
04/19/20 06:00 PM,15.8,61,236
04/19/20 07:00 PM,14.9,71,65
04/19/20 08:00 PM,14.0,62,1
04/19/20 09:00 PM,13.6,55,0
04/19/20 10:00 PM,13.1,47,0
04/19/20 11:00 PM,12.6,80,0
04/20/20 12:00 AM,13.2,96,0
04/20/20 01:00 AM,13.4,88,0
04/20/20 02:00 AM,13.4,91,0
04/20/20 03:00 AM,13.1,95,0
04/20/20 04:00 AM,13.2,90,0
04/20/20 05:00 AM,13.0,30,0
04/20/20 06:00 AM,11.5,8,0
04/20/20 07:00 AM,13.6,8,66
04/20/20 08:00 AM,15.2,15,240
04/20/20 09:00 AM,15.8,94,396
04/20/20 10:00 AM,15.5,81,372
04/20/20 11:00 AM,15.0,80,368
04/20/20 12:00 PM,14.0,100,565
04/20/20 01:00 PM,13.1,87,39
04/20/20 02:00 PM,14.8,25,282
04/20/20 03:00 PM,15.8,28,685
04/20/20 04:00 PM,15.4,21,602
04/20/20 05:00 PM,14.8,21,443
04/20/20 06:00 PM,14.1,28,251
04/20/20 07:00 PM,12.9,54,78
04/20/20 08:00 PM,12.4,44,1
04/20/20 09:00 PM,11.7,52,0
04/20/20 10:00 PM,11.4,66,0
04/20/20 11:00 PM,11.2,100,0
04/21/20 12:00 AM,12.0,100,0
04/21/20 01:00 AM,11.5,100,0
04/21/20 02:00 AM,11.7,100,0
04/21/20 03:00 AM,11.4,71,0
04/21/20 04:00 AM,10.9,100,0
04/21/20 05:00 AM,10.8,67,0
04/21/20 06:00 AM,10.3,26,0
04/21/20 07:00 AM,10.7,37,67
04/21/20 08:00 AM,11.8,38,228
04/21/20 09:00 AM,13.4,47,412
04/21/20 10:00 AM,14.7,24,566
04/21/20 11:00 AM,16.2,50,698
04/21/20 12:00 PM,17.0,71,735
04/21/20 01:00 PM,17.9,88,670
04/21/20 02:00 PM,18.1,92,478
04/21/20 03:00 PM,17.0,44,363
04/21/20 04:00 PM,17.8,63,483
04/21/20 05:00 PM,17.4,17,389
04/21/20 06:00 PM,16.9,43,254
04/21/20 07:00 PM,15.5,2,85
04/21/20 08:00 PM,14.1,3,2
04/21/20 09:00 PM,13.3,20,0
04/21/20 10:00 PM,13.0,9,0
04/21/20 11:00 PM,12.6,5,0
04/22/20 12:00 AM,12.9,15,0
04/22/20 01:00 AM,12.8,30,0
04/22/20 02:00 AM,12.9,9,0
04/22/20 03:00 AM,12.5,2,0
04/22/20 04:00 AM,12.2,4,0
04/22/20 05:00 AM,11.9,4,0
04/22/20 06:00 AM,11.8,3,0
04/22/20 07:00 AM,13.0,15,73
04/22/20 08:00 AM,14.5,55,250
04/22/20 09:00 AM,15.5,90,359
04/22/20 10:00 AM,16.0,75,326
04/22/20 11:00 AM,16.8,86,462
04/22/20 12:00 PM,17.4,57,506
04/22/20 01:00 PM,18.2,90,700
04/22/20 02:00 PM,17.7,36,513
04/22/20 03:00 PM,18.9,74,714
04/22/20 04:00 PM,17.4,84,445
04/22/20 05:00 PM,17.1,31,454
04/22/20 06:00 PM,15.8,18,217
04/22/20 07:00 PM,14.4,30,96
04/22/20 08:00 PM,13.6,30,3
04/22/20 09:00 PM,12.9,29,0
04/22/20 10:00 PM,12.4,30,0
04/22/20 11:00 PM,12.1,29,0
04/23/20 12:00 AM,11.6,42,0
04/23/20 01:00 AM,11.5,39,0
04/23/20 02:00 AM,11.5,28,0
04/23/20 03:00 AM,11.2,16,0
04/23/20 04:00 AM,10.8,28,0
04/23/20 05:00 AM,10.7,34,0
04/23/20 06:00 AM,10.9,32,1
04/23/20 07:00 AM,12.0,42,59
04/23/20 08:00 AM,13.5,93,200
04/23/20 09:00 AM,14.8,40,360
04/23/20 10:00 AM,15.9,33,484
04/23/20 11:00 AM,17.2,30,621
04/23/20 12:00 PM,18.9,91,851
04/23/20 01:00 PM,19.5,88,669
04/23/20 02:00 PM,19.9,24,686
04/23/20 03:00 PM,20.6,27,781
04/23/20 04:00 PM,20.7,46,606
04/23/20 05:00 PM,20.4,45,416
04/23/20 06:00 PM,19.9,45,240
04/23/20 07:00 PM,17.9,68,76
04/23/20 08:00 PM,16.5,58,2
04/23/20 09:00 PM,15.3,32,0
04/23/20 10:00 PM,14.4,32,0
04/23/20 11:00 PM,14.0,29,0
04/24/20 12:00 AM,13.7,31,0
04/24/20 01:00 AM,13.5,48,0
04/24/20 02:00 AM,13.2,48,0
04/24/20 03:00 AM,13.0,56,0
04/24/20 04:00 AM,12.9,44,0
04/24/20 05:00 AM,12.8,33,0
04/24/20 06:00 AM,12.5,38,1
04/24/20 07:00 AM,13.6,35,71
04/24/20 08:00 AM,15.0,33,242
04/24/20 09:00 AM,16.5,34,410
04/24/20 10:00 AM,17.9,28,576
04/24/20 11:00 AM,19.1,37,700
04/24/20 12:00 PM,20.2,32,784
04/24/20 01:00 PM,21.0,70,899
04/24/20 02:00 PM,20.6,92,627
04/24/20 03:00 PM,20.6,92,580
04/24/20 04:00 PM,20.4,56,470
04/24/20 05:00 PM,18.4,41,374
04/24/20 06:00 PM,17.2,22,250
04/24/20 07:00 PM,15.6,32,90
04/24/20 08:00 PM,14.6,26,3
04/24/20 09:00 PM,14.1,32,0
04/24/20 10:00 PM,13.7,39,0
04/24/20 11:00 PM,13.4,47,0
04/25/20 12:00 AM,13.8,44,0
04/25/20 01:00 AM,13.6,64,0
04/25/20 02:00 AM,13.3,50,0
04/25/20 03:00 AM,13.0,50,0
04/25/20 04:00 AM,12.9,43,0
04/25/20 05:00 AM,12.8,17,0
04/25/20 06:00 AM,12.6,20,1
04/25/20 07:00 AM,13.7,24,72
04/25/20 08:00 AM,14.6,54,228
04/25/20 09:00 AM,15.6,71,381
04/25/20 10:00 AM,16.7,92,521
04/25/20 11:00 AM,17.9,100,609
04/25/20 12:00 PM,17.5,100,509
04/25/20 01:00 PM,18.1,46,351
04/25/20 02:00 PM,19.0,100,769
04/25/20 03:00 PM,17.8,34,309
04/25/20 04:00 PM,18.1,100,608
04/25/20 05:00 PM,16.7,29,285
04/25/20 06:00 PM,16.0,11,260
04/25/20 07:00 PM,14.9,7,95
04/25/20 08:00 PM,13.7,7,3
04/25/20 09:00 PM,13.0,4,0
04/25/20 10:00 PM,12.3,1,0
04/25/20 11:00 PM,11.9,1,0
04/26/20 12:00 AM,12.4,31,0
04/26/20 01:00 AM,12.3,9,0
04/26/20 02:00 AM,11.6,7,0
04/26/20 03:00 AM,11.5,14,0
04/26/20 04:00 AM,11.5,26,0
04/26/20 05:00 AM,11.4,34,0
04/26/20 06:00 AM,11.5,37,1
04/26/20 07:00 AM,13.0,35,63
04/26/20 08:00 AM,14.3,32,223
04/26/20 09:00 AM,15.3,39,385
04/26/20 10:00 AM,15.8,76,455
04/26/20 11:00 AM,16.3,97,441
04/26/20 12:00 PM,16.2,100,610
04/26/20 01:00 PM,16.1,67,279
04/26/20 02:00 PM,17.2,50,637
04/26/20 03:00 PM,17.2,35,634
04/26/20 04:00 PM,16.8,36,469
04/26/20 05:00 PM,16.3,15,428
04/26/20 06:00 PM,15.5,19,273
04/26/20 07:00 PM,14.1,12,99
04/26/20 08:00 PM,12.8,17,4
04/26/20 09:00 PM,12.2,30,0
04/26/20 10:00 PM,11.9,21,0
04/26/20 11:00 PM,11.7,26,0
04/27/20 12:00 AM,12.1,14,0
04/27/20 01:00 AM,11.3,11,0
04/27/20 02:00 AM,10.8,10,0
04/27/20 03:00 AM,12.9,24,0
04/27/20 04:00 AM,12.6,45,0
04/27/20 05:00 AM,12.4,42,0
04/27/20 06:00 AM,12.2,40,2
04/27/20 07:00 AM,12.7,42,68
04/27/20 08:00 AM,14.2,57,234
04/27/20 09:00 AM,14.9,64,321
04/27/20 10:00 AM,15.8,61,487
04/27/20 11:00 AM,16.5,57,612
04/27/20 12:00 PM,17.5,28,636
04/27/20 01:00 PM,17.9,47,865
04/27/20 02:00 PM,17.8,19,808
04/27/20 03:00 PM,17.6,10,749
04/27/20 04:00 PM,17.1,19,629
04/27/20 05:00 PM,16.3,10,445
04/27/20 06:00 PM,15.6,4,280
04/27/20 07:00 PM,14.4,2,105
04/27/20 08:00 PM,12.9,1,4
04/27/20 09:00 PM,12.2,1,0
04/27/20 10:00 PM,11.6,17,0
04/27/20 11:00 PM,11.2,3,0
04/28/20 12:00 AM,11.2,11,0
04/28/20 01:00 AM,11.1,13,0
04/28/20 02:00 AM,10.5,14,0
04/28/20 03:00 AM,10.3,19,0
04/28/20 04:00 AM,10.3,9,0
04/28/20 05:00 AM,9.6,21,0
04/28/20 06:00 AM,11.8,20,2
04/28/20 07:00 AM,12.0,16,80
04/28/20 08:00 AM,13.9,15,255
04/28/20 09:00 AM,15.3,29,464
04/28/20 10:00 AM,16.0,43,542
04/28/20 11:00 AM,16.5,81,588
04/28/20 12:00 PM,15.5,100,535
04/28/20 01:00 PM,15.7,100,214
04/28/20 02:00 PM,17.0,44,486
04/28/20 03:00 PM,17.6,35,605
04/28/20 04:00 PM,17.8,47,569
04/28/20 05:00 PM,17.5,15,429
04/28/20 06:00 PM,16.6,11,267
04/28/20 07:00 PM,15.3,3,103
04/28/20 08:00 PM,13.6,0,5
04/28/20 09:00 PM,12.7,0,0
04/28/20 10:00 PM,11.4,0,0
04/28/20 11:00 PM,10.8,3,0
04/29/20 12:00 AM,11.0,0,0
04/29/20 01:00 AM,11.8,0,0
04/29/20 02:00 AM,12.0,1,0
04/29/20 03:00 AM,11.7,4,0
04/29/20 04:00 AM,12.0,4,0
04/29/20 05:00 AM,12.4,7,0
04/29/20 06:00 AM,12.9,28,2
04/29/20 07:00 AM,14.7,46,81
04/29/20 08:00 AM,16.1,70,215
04/29/20 09:00 AM,16.7,98,356
04/29/20 10:00 AM,16.5,100,317
04/29/20 11:00 AM,16.2,100,240
04/29/20 12:00 PM,15.7,100,322
04/29/20 01:00 PM,15.8,100,167
04/29/20 02:00 PM,16.9,82,309
04/29/20 03:00 PM,18.0,36,634
04/29/20 04:00 PM,18.0,8,643
04/29/20 05:00 PM,17.5,87,470
04/29/20 06:00 PM,16.4,100,145
04/29/20 07:00 PM,15.7,100,29
04/29/20 08:00 PM,15.4,100,2
04/29/20 09:00 PM,15.2,100,0
04/29/20 10:00 PM,14.9,50,0
04/29/20 11:00 PM,14.0,48,0
04/30/20 12:00 AM,14.6,57,0
04/30/20 01:00 AM,14.2,50,0
04/30/20 02:00 AM,13.9,80,0
04/30/20 03:00 AM,14.0,100,0
04/30/20 04:00 AM,14.3,100,0
04/30/20 05:00 AM,14.4,79,0
04/30/20 06:00 AM,13.9,46,2
04/30/20 07:00 AM,14.8,20,86
04/30/20 08:00 AM,16.1,14,261
04/30/20 09:00 AM,17.3,50,458
04/30/20 10:00 AM,18.0,99,519
04/30/20 11:00 AM,18.3,92,478
04/30/20 12:00 PM,18.4,60,454
04/30/20 01:00 PM,19.1,37,681
04/30/20 02:00 PM,19.5,37,803
04/30/20 03:00 PM,19.4,62,712
04/30/20 04:00 PM,18.7,75,528
04/30/20 05:00 PM,18.1,31,419
04/30/20 06:00 PM,17.4,20,292
04/30/20 07:00 PM,16.3,2,108
04/30/20 08:00 PM,14.9,10,6
04/30/20 09:00 PM,14.6,9,0
04/30/20 10:00 PM,14.5,26,0
04/30/20 11:00 PM,14.4,28,0
05/01/20 12:00 AM,14.8,36,0
05/01/20 01:00 AM,15.0,32,0
05/01/20 02:00 AM,15.3,100,0
05/01/20 03:00 AM,16.0,100,0
05/01/20 04:00 AM,16.1,52,0
05/01/20 05:00 AM,15.4,80,0
05/01/20 06:00 AM,15.1,85,3
05/01/20 07:00 AM,16.2,40,73
05/01/20 08:00 AM,17.1,55,208
05/01/20 09:00 AM,18.1,67,398
05/01/20 10:00 AM,19.1,69,579
05/01/20 11:00 AM,19.8,100,721
05/01/20 12:00 PM,20.1,100,747
05/01/20 01:00 PM,20.1,100,667
05/01/20 02:00 PM,20.1,97,700
05/01/20 03:00 PM,20.1,49,712
05/01/20 04:00 PM,19.4,57,587
05/01/20 05:00 PM,19.1,32,496
05/01/20 06:00 PM,18.3,19,301
05/01/20 07:00 PM,16.9,2,114
05/01/20 08:00 PM,15.3,21,6
05/01/20 09:00 PM,14.7,29,0
05/01/20 10:00 PM,14.3,30,0
05/01/20 11:00 PM,13.1,30,0
05/02/20 12:00 AM,13.7,100,0
05/02/20 01:00 AM,13.2,100,0
05/02/20 02:00 AM,13.8,100,0
05/02/20 03:00 AM,14.1,100,0
05/02/20 04:00 AM,14.2,100,0
05/02/20 05:00 AM,14.1,100,0
05/02/20 06:00 AM,14.1,100,3
05/02/20 07:00 AM,14.6,97,62
05/02/20 08:00 AM,15.7,88,168
05/02/20 09:00 AM,16.9,87,339
05/02/20 10:00 AM,17.7,91,485
05/02/20 11:00 AM,18.8,69,634
05/02/20 12:00 PM,20.5,34,822
05/02/20 01:00 PM,21.4,30,916
05/02/20 02:00 PM,22.0,32,883
05/02/20 03:00 PM,22.3,30,800
05/02/20 04:00 PM,22.2,29,669
05/02/20 05:00 PM,21.6,30,500
05/02/20 06:00 PM,20.2,25,304
05/02/20 07:00 PM,18.5,28,117
05/02/20 08:00 PM,17.2,28,7
05/02/20 09:00 PM,16.5,28,0
05/02/20 10:00 PM,15.9,28,0
05/02/20 11:00 PM,15.2,29,0
05/03/20 12:00 AM,14.7,29,0
05/03/20 01:00 AM,14.4,29,0
05/03/20 02:00 AM,14.3,29,0
05/03/20 03:00 AM,14.1,27,0
05/03/20 04:00 AM,13.5,27,0
05/03/20 05:00 AM,13.0,27,0
05/03/20 06:00 AM,13.9,27,4
05/03/20 07:00 AM,16.4,28,102
05/03/20 08:00 AM,18.8,28,284
05/03/20 09:00 AM,21.3,28,486
05/03/20 10:00 AM,23.8,28,671
05/03/20 11:00 AM,25.7,28,810
05/03/20 12:00 PM,27.6,28,900
05/03/20 01:00 PM,28.7,29,934
05/03/20 02:00 PM,29.5,28,899
05/03/20 03:00 PM,29.7,29,799
05/03/20 04:00 PM,28.6,29,649
05/03/20 05:00 PM,27.0,30,478
05/03/20 06:00 PM,25.7,29,285
05/03/20 07:00 PM,22.7,27,107
05/03/20 08:00 PM,20.2,25,7
05/03/20 09:00 PM,19.4,12,0
05/03/20 10:00 PM,18.8,0,0
05/03/20 11:00 PM,17.9,0,0
05/04/20 12:00 AM,17.5,0,0
05/04/20 01:00 AM,17.2,1,0
05/04/20 02:00 AM,16.7,3,0
05/04/20 03:00 AM,16.5,90,0
05/04/20 04:00 AM,16.6,90,0
05/04/20 05:00 AM,16.6,81,0
05/04/20 06:00 AM,16.2,67,3
05/04/20 07:00 AM,16.8,36,84
05/04/20 08:00 AM,17.6,63,231
05/04/20 09:00 AM,18.3,87,364
05/04/20 10:00 AM,18.9,92,458
05/04/20 11:00 AM,19.0,43,467
05/04/20 12:00 PM,20.3,10,710
05/04/20 01:00 PM,20.8,16,896
05/04/20 02:00 PM,21.0,12,846
05/04/20 03:00 PM,20.5,57,783
05/04/20 04:00 PM,19.9,45,557
05/04/20 05:00 PM,19.5,39,487
05/04/20 06:00 PM,18.7,33,297
05/04/20 07:00 PM,17.6,28,118
05/04/20 08:00 PM,16.4,27,8
05/04/20 09:00 PM,15.8,24,0
05/04/20 10:00 PM,15.6,22,0
05/04/20 11:00 PM,15.5,16,0
05/05/20 12:00 AM,15.7,24,0
05/05/20 01:00 AM,15.6,12,0
05/05/20 02:00 AM,15.3,12,0
05/05/20 03:00 AM,15.0,11,0
05/05/20 04:00 AM,14.7,24,0
05/05/20 05:00 AM,14.6,27,0
05/05/20 06:00 AM,14.9,38,5
05/05/20 07:00 AM,16.6,41,89
05/05/20 08:00 AM,17.3,45,196
05/05/20 09:00 AM,18.0,49,382
05/05/20 10:00 AM,18.0,59,508
05/05/20 11:00 AM,18.3,66,630
05/05/20 12:00 PM,19.5,44,691
05/05/20 01:00 PM,19.7,46,790
05/05/20 02:00 PM,19.5,46,747
05/05/20 03:00 PM,19.6,46,624
05/05/20 04:00 PM,19.5,16,507
05/05/20 05:00 PM,19.4,16,459
05/05/20 06:00 PM,18.8,8,295
05/05/20 07:00 PM,17.7,3,116
05/05/20 08:00 PM,16.0,4,8
05/05/20 09:00 PM,15.3,11,0
05/05/20 10:00 PM,14.6,13,0
05/05/20 11:00 PM,13.8,10,0
05/06/20 12:00 AM,14.2,45,0
05/06/20 01:00 AM,14.2,39,0
05/06/20 02:00 AM,14.0,100,0
05/06/20 03:00 AM,13.8,100,0
05/06/20 04:00 AM,13.9,100,0
05/06/20 05:00 AM,13.7,100,0
05/06/20 06:00 AM,14.2,100,5
05/06/20 07:00 AM,14.8,100,72
05/06/20 08:00 AM,16.3,73,195
05/06/20 09:00 AM,17.9,96,344
05/06/20 10:00 AM,19.2,96,490
05/06/20 11:00 AM,20.4,100,671
05/06/20 12:00 PM,19.9,100,557
05/06/20 01:00 PM,21.5,79,708
05/06/20 02:00 PM,22.3,77,765
05/06/20 03:00 PM,22.7,24,744
05/06/20 04:00 PM,22.9,37,649
05/06/20 05:00 PM,22.3,30,452
05/06/20 06:00 PM,20.0,30,231
05/06/20 07:00 PM,19.2,30,91
05/06/20 08:00 PM,18.0,30,8
05/06/20 09:00 PM,17.2,30,0
05/06/20 10:00 PM,16.6,30,0
05/06/20 11:00 PM,16.2,30,0
05/07/20 12:00 AM,15.9,30,0
05/07/20 01:00 AM,15.8,30,0
05/07/20 02:00 AM,15.6,31,0
05/07/20 03:00 AM,15.4,30,0
05/07/20 04:00 AM,15.0,29,0
05/07/20 05:00 AM,14.8,23,0
05/07/20 06:00 AM,14.8,21,6
05/07/20 07:00 AM,15.8,15,101
05/07/20 08:00 AM,17.5,5,286
05/07/20 09:00 AM,19.5,4,492
05/07/20 10:00 AM,21.4,0,671
05/07/20 11:00 AM,23.2,0,821
05/07/20 12:00 PM,24.2,0,910
05/07/20 01:00 PM,24.9,0,940
05/07/20 02:00 PM,25.3,0,909
05/07/20 03:00 PM,25.7,3,826
05/07/20 04:00 PM,25.5,14,681
05/07/20 05:00 PM,23.6,6,478
05/07/20 06:00 PM,22.3,32,310
05/07/20 07:00 PM,20.2,60,111
05/07/20 08:00 PM,18.3,62,8
05/07/20 09:00 PM,17.5,48,0
05/07/20 10:00 PM,16.8,80,0
05/07/20 11:00 PM,16.4,40,0
05/08/20 12:00 AM,16.2,76,0
05/08/20 01:00 AM,15.8,71,0
05/08/20 02:00 AM,15.8,41,0
05/08/20 03:00 AM,15.4,26,0
05/08/20 04:00 AM,15.2,26,0
05/08/20 05:00 AM,15.0,40,0
05/08/20 06:00 AM,15.1,38,6
05/08/20 07:00 AM,16.3,52,90
05/08/20 08:00 AM,17.6,83,215
05/08/20 09:00 AM,18.9,100,341
05/08/20 10:00 AM,19.8,85,377
05/08/20 11:00 AM,20.5,80,487
05/08/20 12:00 PM,19.4,100,798
05/08/20 01:00 PM,19.4,100,357
05/08/20 02:00 PM,19.6,100,429
05/08/20 03:00 PM,19.8,86,565
05/08/20 04:00 PM,19.6,85,456
05/08/20 05:00 PM,19.2,56,416
05/08/20 06:00 PM,18.0,10,278
05/08/20 07:00 PM,16.6,1,129
05/08/20 08:00 PM,15.2,2,11
05/08/20 09:00 PM,14.4,30,0
05/08/20 10:00 PM,13.8,8,0
05/08/20 11:00 PM,13.0,4,0
05/09/20 12:00 AM,14.2,40,0
05/09/20 01:00 AM,12.8,60,0
05/09/20 02:00 AM,13.9,31,0
05/09/20 03:00 AM,14.0,61,0
05/09/20 04:00 AM,14.4,44,0
05/09/20 05:00 AM,14.6,46,0
05/09/20 06:00 AM,15.6,58,6
05/09/20 07:00 AM,16.7,73,69
05/09/20 08:00 AM,17.0,100,203
05/09/20 09:00 AM,17.2,100,274
05/09/20 10:00 AM,16.5,100,251
05/09/20 11:00 AM,15.5,100,20
05/09/20 12:00 PM,16.6,43,170
05/09/20 01:00 PM,19.0,34,912
05/09/20 02:00 PM,18.8,36,814
05/09/20 03:00 PM,18.5,42,719
05/09/20 04:00 PM,18.2,34,642
05/09/20 05:00 PM,17.6,30,456
05/09/20 06:00 PM,16.9,20,276
05/09/20 07:00 PM,16.0,60,116
05/09/20 08:00 PM,15.1,41,10
05/09/20 09:00 PM,14.4,39,0
05/09/20 10:00 PM,14.0,69,0
05/09/20 11:00 PM,13.5,84,0
05/10/20 12:00 AM,14.0,74,0
05/10/20 01:00 AM,13.9,71,0
05/10/20 02:00 AM,13.7,59,0
05/10/20 03:00 AM,13.6,100,0
05/10/20 04:00 AM,13.8,23,0
05/10/20 05:00 AM,13.0,17,0
05/10/20 06:00 AM,12.9,10,8
05/10/20 07:00 AM,14.3,27,115
05/10/20 08:00 AM,15.4,43,262
05/10/20 09:00 AM,16.5,60,398
05/10/20 10:00 AM,17.3,61,484
05/10/20 11:00 AM,16.9,58,533
05/10/20 12:00 PM,17.5,100,581
05/10/20 01:00 PM,17.6,82,490
05/10/20 02:00 PM,18.0,100,477
05/10/20 03:00 PM,17.9,100,405
05/10/20 04:00 PM,17.8,100,361
05/10/20 05:00 PM,16.9,100,156
05/10/20 06:00 PM,16.7,49,109
05/10/20 07:00 PM,16.3,64,85
05/10/20 08:00 PM,15.5,38,7
05/10/20 09:00 PM,15.5,46,0
05/10/20 10:00 PM,15.5,100,0
05/10/20 11:00 PM,14.9,100,0
05/11/20 12:00 AM,15.7,51,0
05/11/20 01:00 AM,15.5,91,0
05/11/20 02:00 AM,16.1,28,0
05/11/20 03:00 AM,15.2,43,0
05/11/20 04:00 AM,14.6,85,0
05/11/20 05:00 AM,14.4,100,0
05/11/20 06:00 AM,15.0,100,5
05/11/20 07:00 AM,15.5,62,53
05/11/20 08:00 AM,16.5,57,213
05/11/20 09:00 AM,17.4,53,360
05/11/20 10:00 AM,17.9,58,485
05/11/20 11:00 AM,18.3,74,527
05/11/20 12:00 PM,17.6,57,757
05/11/20 01:00 PM,18.3,61,696
05/11/20 02:00 PM,18.4,44,626
05/11/20 03:00 PM,18.3,44,650
05/11/20 04:00 PM,18.1,53,526
05/11/20 05:00 PM,17.8,51,431
05/11/20 06:00 PM,17.2,40,244
05/11/20 07:00 PM,16.4,45,111
05/11/20 08:00 PM,14.0,37,11
05/11/20 09:00 PM,14.1,37,0
05/11/20 10:00 PM,14.1,43,0
05/11/20 11:00 PM,14.3,66,0
05/12/20 12:00 AM,13.4,64,0
05/12/20 01:00 AM,13.4,40,0
05/12/20 02:00 AM,14.1,19,0
05/12/20 03:00 AM,12.8,64,0
05/12/20 04:00 AM,13.1,100,0
05/12/20 05:00 AM,13.3,100,0
05/12/20 06:00 AM,13.3,100,5
05/12/20 07:00 AM,13.5,100,41
05/12/20 08:00 AM,14.4,98,183
05/12/20 09:00 AM,15.5,100,373
05/12/20 10:00 AM,16.3,93,496
05/12/20 11:00 AM,16.8,95,461
05/12/20 12:00 PM,17.7,56,514
05/12/20 01:00 PM,18.1,32,701
05/12/20 02:00 PM,18.4,65,745
05/12/20 03:00 PM,18.1,82,667
05/12/20 04:00 PM,17.7,24,477
05/12/20 05:00 PM,17.7,18,440
05/12/20 06:00 PM,16.9,13,306
05/12/20 07:00 PM,15.6,13,128
05/12/20 08:00 PM,14.7,5,12
05/12/20 09:00 PM,14.0,2,0
05/12/20 10:00 PM,13.8,24,0
05/12/20 11:00 PM,14.6,87,0
05/13/20 12:00 AM,14.2,26,0
05/13/20 01:00 AM,14.5,50,0
05/13/20 02:00 AM,14.5,73,0
05/13/20 03:00 AM,14.0,100,0
05/13/20 04:00 AM,14.0,84,0
05/13/20 05:00 AM,13.7,54,0
05/13/20 06:00 AM,13.5,39,7
05/13/20 07:00 AM,14.2,29,96
05/13/20 08:00 AM,15.1,56,257
05/13/20 09:00 AM,15.5,33,391
05/13/20 10:00 AM,16.6,63,587
05/13/20 11:00 AM,16.7,80,661
05/13/20 12:00 PM,15.1,100,632
05/13/20 01:00 PM,15.2,100,336
05/13/20 02:00 PM,14.9,100,359
05/13/20 03:00 PM,14.5,100,259
05/13/20 04:00 PM,14.1,100,161
05/13/20 05:00 PM,14.1,100,80
05/13/20 06:00 PM,13.8,100,116
05/13/20 07:00 PM,13.2,100,31
05/13/20 08:00 PM,13.3,30,5
05/13/20 09:00 PM,12.2,25,0
05/13/20 10:00 PM,12.6,54,0
05/13/20 11:00 PM,12.3,96,0
05/14/20 12:00 AM,12.3,100,0
05/14/20 01:00 AM,12.2,77,0
05/14/20 02:00 AM,11.7,100,0
05/14/20 03:00 AM,11.8,100,0
05/14/20 04:00 AM,11.8,61,0
05/14/20 05:00 AM,11.2,62,0
05/14/20 06:00 AM,11.2,38,9
05/14/20 07:00 AM,12.1,32,115
05/14/20 08:00 AM,13.2,40,305
05/14/20 09:00 AM,14.3,41,461
05/14/20 10:00 AM,15.1,60,562
05/14/20 11:00 AM,16.0,66,667
05/14/20 12:00 PM,14.0,100,714
05/14/20 01:00 PM,13.5,100,136
05/14/20 02:00 PM,14.2,100,391
05/14/20 03:00 PM,14.4,100,166
05/14/20 04:00 PM,16.0,46,316
05/14/20 05:00 PM,15.6,98,413
05/14/20 06:00 PM,15.0,43,204
05/14/20 07:00 PM,14.7,25,115
05/14/20 08:00 PM,13.8,39,14
05/14/20 09:00 PM,13.4,47,0
05/14/20 10:00 PM,12.9,26,0
05/14/20 11:00 PM,12.4,26,0
05/15/20 12:00 AM,12.8,19,0
05/15/20 01:00 AM,12.4,27,0
05/15/20 02:00 AM,12.0,23,0
05/15/20 03:00 AM,11.6,6,0
05/15/20 04:00 AM,11.4,12,0
05/15/20 05:00 AM,11.3,36,0
05/15/20 06:00 AM,11.4,31,11
05/15/20 07:00 AM,12.9,22,117
05/15/20 08:00 AM,14.8,0,275
05/15/20 09:00 AM,16.9,23,509
05/15/20 10:00 AM,18.5,28,677
05/15/20 11:00 AM,19.6,14,718
05/15/20 12:00 PM,19.6,56,876
05/15/20 01:00 PM,20.6,82,778
05/15/20 02:00 PM,19.6,100,665
05/15/20 03:00 PM,16.8,100,231
05/15/20 04:00 PM,18.2,53,360
05/15/20 05:00 PM,17.9,71,269
05/15/20 06:00 PM,17.5,64,152
05/15/20 07:00 PM,17.1,36,70
05/15/20 08:00 PM,15.9,39,12
05/15/20 09:00 PM,15.4,22,0
05/15/20 10:00 PM,15.0,3,0
05/15/20 11:00 PM,14.8,0,0
05/16/20 12:00 AM,14.3,2,0
05/16/20 01:00 AM,13.6,2,0
05/16/20 02:00 AM,13.4,3,0
05/16/20 03:00 AM,13.1,7,0
05/16/20 04:00 AM,12.9,8,0
05/16/20 05:00 AM,12.4,7,0
05/16/20 06:00 AM,12.4,5,12
05/16/20 07:00 AM,13.8,0,129
05/16/20 08:00 AM,15.4,0,317
05/16/20 09:00 AM,17.4,0,513
05/16/20 10:00 AM,19.0,7,689
05/16/20 11:00 AM,20.3,12,801
05/16/20 12:00 PM,20.9,38,849
05/16/20 01:00 PM,21.2,51,812
05/16/20 02:00 PM,21.4,86,655
05/16/20 03:00 PM,22.1,100,659
05/16/20 04:00 PM,21.8,61,364
05/16/20 05:00 PM,22.2,24,390
05/16/20 06:00 PM,21.9,44,257
05/16/20 07:00 PM,20.1,14,109
05/16/20 08:00 PM,18.2,9,15
05/16/20 09:00 PM,17.5,11,0
05/16/20 10:00 PM,16.5,10,0
05/16/20 11:00 PM,16.1,7,0
05/17/20 12:00 AM,15.9,5,0
05/17/20 01:00 AM,15.5,11,0
05/17/20 02:00 AM,15.3,20,0
05/17/20 03:00 AM,15.4,21,0
05/17/20 04:00 AM,15.1,23,0
05/17/20 05:00 AM,14.7,17,0
05/17/20 06:00 AM,14.4,11,12
05/17/20 07:00 AM,15.6,10,127
05/17/20 08:00 AM,17.5,17,314
05/17/20 09:00 AM,19.2,17,490
05/17/20 10:00 AM,21.1,9,655
05/17/20 11:00 AM,22.8,1,813
05/17/20 12:00 PM,24.1,0,928
05/17/20 01:00 PM,24.6,0,963
05/17/20 02:00 PM,24.7,0,937
05/17/20 03:00 PM,24.7,1,845
05/17/20 04:00 PM,24.8,1,711
05/17/20 05:00 PM,24.3,0,542
05/17/20 06:00 PM,22.3,1,346
05/17/20 07:00 PM,20.8,0,149
05/17/20 08:00 PM,19.2,0,18
05/17/20 09:00 PM,18.0,0,0
05/17/20 10:00 PM,17.0,0,0
05/17/20 11:00 PM,16.2,0,0
05/18/20 12:00 AM,15.5,8,0
05/18/20 01:00 AM,15.1,11,0
05/18/20 02:00 AM,14.7,12,0
05/18/20 03:00 AM,14.4,25,0
05/18/20 04:00 AM,14.0,1,0
05/18/20 05:00 AM,13.5,0,0
05/18/20 06:00 AM,13.7,0,14
05/18/20 07:00 AM,15.6,0,140
05/18/20 08:00 AM,17.7,0,331
05/18/20 09:00 AM,19.8,0,528
05/18/20 10:00 AM,21.7,0,705
05/18/20 11:00 AM,23.3,8,844
05/18/20 12:00 PM,24.8,18,932
05/18/20 01:00 PM,25.6,10,963
05/18/20 02:00 PM,25.9,0,936
05/18/20 03:00 PM,26.2,0,851
05/18/20 04:00 PM,25.6,4,714
05/18/20 05:00 PM,24.1,0,535
05/18/20 06:00 PM,22.8,1,338
05/18/20 07:00 PM,20.8,1,150
05/18/20 08:00 PM,18.9,25,19
05/18/20 09:00 PM,17.8,29,0
05/18/20 10:00 PM,17.0,29,0
05/18/20 11:00 PM,16.4,30,0
05/19/20 12:00 AM,15.9,30,0
05/19/20 01:00 AM,15.6,30,0
05/19/20 02:00 AM,15.2,30,0
05/19/20 03:00 AM,15.0,30,0
05/19/20 04:00 AM,14.6,29,0
05/19/20 05:00 AM,14.5,28,0
05/19/20 06:00 AM,14.8,14,15
05/19/20 07:00 AM,16.6,27,139
05/19/20 08:00 AM,18.5,13,329
05/19/20 09:00 AM,20.5,14,525
05/19/20 10:00 AM,22.4,19,701
05/19/20 11:00 AM,24.0,19,838
05/19/20 12:00 PM,25.2,24,918
05/19/20 01:00 PM,26.1,28,919
05/19/20 02:00 PM,26.6,29,823
05/19/20 03:00 PM,27.1,30,808
05/19/20 04:00 PM,27.1,30,687
05/19/20 05:00 PM,26.0,30,511
05/19/20 06:00 PM,23.7,29,305
05/19/20 07:00 PM,21.3,25,143
05/19/20 08:00 PM,19.1,29,19
05/19/20 09:00 PM,17.9,30,0
05/19/20 10:00 PM,17.2,29,0
05/19/20 11:00 PM,16.8,27,0
05/20/20 12:00 AM,16.0,1,0
05/20/20 01:00 AM,15.6,3,0
05/20/20 02:00 AM,15.2,5,0
05/20/20 03:00 AM,15.1,5,0
05/20/20 04:00 AM,15.0,10,0
05/20/20 05:00 AM,14.8,4,0
05/20/20 06:00 AM,15.0,2,15
05/20/20 07:00 AM,16.5,1,141
05/20/20 08:00 AM,18.2,0,330
05/20/20 09:00 AM,20.0,0,524
05/20/20 10:00 AM,21.7,0,698
05/20/20 11:00 AM,23.3,0,835
05/20/20 12:00 PM,24.6,0,922
05/20/20 01:00 PM,25.7,23,954
05/20/20 02:00 PM,26.5,25,925
05/20/20 03:00 PM,25.0,26,831
05/20/20 04:00 PM,22.7,15,694
05/20/20 05:00 PM,21.1,0,538
05/20/20 06:00 PM,19.9,28,347
05/20/20 07:00 PM,18.7,29,151
05/20/20 08:00 PM,17.4,20,20
05/20/20 09:00 PM,16.6,28,0
05/20/20 10:00 PM,16.1,27,0
05/20/20 11:00 PM,15.4,27,0
05/21/20 12:00 AM,14.8,29,0
05/21/20 01:00 AM,14.5,29,0
05/21/20 02:00 AM,14.5,28,0
05/21/20 03:00 AM,14.5,29,0
05/21/20 04:00 AM,13.9,25,0
05/21/20 05:00 AM,13.5,1,0
05/21/20 06:00 AM,13.9,16,16
05/21/20 07:00 AM,15.4,4,143
05/21/20 08:00 AM,17.2,15,334
05/21/20 09:00 AM,19.3,12,531
05/21/20 10:00 AM,21.5,7,707
05/21/20 11:00 AM,23.5,3,845
05/21/20 12:00 PM,24.5,27,933
05/21/20 01:00 PM,25.5,27,927
05/21/20 02:00 PM,25.9,29,834
05/21/20 03:00 PM,25.9,25,757
05/21/20 04:00 PM,25.1,16,699
05/21/20 05:00 PM,24.1,15,537
05/21/20 06:00 PM,22.7,15,340
05/21/20 07:00 PM,20.9,0,159
05/21/20 08:00 PM,18.4,0,22
05/21/20 09:00 PM,17.0,0,0
05/21/20 10:00 PM,16.0,5,0
05/21/20 11:00 PM,15.4,25,0
05/22/20 12:00 AM,14.8,27,0
05/22/20 01:00 AM,14.7,22,0
05/22/20 02:00 AM,14.6,25,0
05/22/20 03:00 AM,15.0,96,0
05/22/20 04:00 AM,15.5,90,0
05/22/20 05:00 AM,15.7,90,0
05/22/20 06:00 AM,16.1,91,9
05/22/20 07:00 AM,16.8,93,88
05/22/20 08:00 AM,17.9,52,221
05/22/20 09:00 AM,19.8,9,493
05/22/20 10:00 AM,21.6,5,694
05/22/20 11:00 AM,23.3,5,839
05/22/20 12:00 PM,24.6,20,928
05/22/20 01:00 PM,25.7,18,959
05/22/20 02:00 PM,26.4,3,931
05/22/20 03:00 PM,26.5,3,849
05/22/20 04:00 PM,25.4,17,713
05/22/20 05:00 PM,23.8,0,540
05/22/20 06:00 PM,22.4,13,349
05/22/20 07:00 PM,21.0,18,157
05/22/20 08:00 PM,19.4,18,22
05/22/20 09:00 PM,18.4,9,0
05/22/20 10:00 PM,17.7,6,0
05/22/20 11:00 PM,17.3,9,0
05/23/20 12:00 AM,17.0,73,0
05/23/20 01:00 AM,16.9,100,0
05/23/20 02:00 AM,17.2,49,0
05/23/20 03:00 AM,16.8,26,0
05/23/20 04:00 AM,16.5,28,0
05/23/20 05:00 AM,16.2,16,0
05/23/20 06:00 AM,16.5,5,17
05/23/20 07:00 AM,17.6,3,142
05/23/20 08:00 AM,19.1,3,327
05/23/20 09:00 AM,20.9,1,518
05/23/20 10:00 AM,22.9,16,693
05/23/20 11:00 AM,24.8,7,830
05/23/20 12:00 PM,26.9,15,918
05/23/20 01:00 PM,27.7,9,947
05/23/20 02:00 PM,27.9,4,922
05/23/20 03:00 PM,26.9,0,839
05/23/20 04:00 PM,26.2,2,705
05/23/20 05:00 PM,24.9,15,537
05/23/20 06:00 PM,23.2,7,347
05/23/20 07:00 PM,21.0,0,159
05/23/20 08:00 PM,19.4,0,23
05/23/20 09:00 PM,18.3,0,0
05/23/20 10:00 PM,17.6,0,0
05/23/20 11:00 PM,17.2,0,0
05/24/20 12:00 AM,16.5,1,0
05/24/20 01:00 AM,16.1,2,0
05/24/20 02:00 AM,15.9,1,0
05/24/20 03:00 AM,15.7,1,0
05/24/20 04:00 AM,15.5,1,0
05/24/20 05:00 AM,15.4,9,0
05/24/20 06:00 AM,15.8,1,18
05/24/20 07:00 AM,17.4,1,146
05/24/20 08:00 AM,19.2,0,334
05/24/20 09:00 AM,21.2,1,527
05/24/20 10:00 AM,23.1,7,699
05/24/20 11:00 AM,24.8,11,835
05/24/20 12:00 PM,26.0,16,922
05/24/20 01:00 PM,27.1,16,946
05/24/20 02:00 PM,27.9,7,920
05/24/20 03:00 PM,27.9,16,841
05/24/20 04:00 PM,27.5,16,708
05/24/20 05:00 PM,26.6,8,539
05/24/20 06:00 PM,25.5,0,350
05/24/20 07:00 PM,23.3,4,162
05/24/20 08:00 PM,21.1,3,24
05/24/20 09:00 PM,19.6,19,0
05/24/20 10:00 PM,18.8,16,0
05/24/20 11:00 PM,18.3,22,0
05/25/20 12:00 AM,17.6,19,0
05/25/20 01:00 AM,17.2,16,0
05/25/20 02:00 AM,16.7,5,0
05/25/20 03:00 AM,16.4,1,0
05/25/20 04:00 AM,16.3,0,0
05/25/20 05:00 AM,15.9,0,0
05/25/20 06:00 AM,16.3,0,19
05/25/20 07:00 AM,18.4,0,149
05/25/20 08:00 AM,20.8,0,336
05/25/20 09:00 AM,22.9,0,528
05/25/20 10:00 AM,24.5,0,700
05/25/20 11:00 AM,25.9,0,837
05/25/20 12:00 PM,26.9,18,925
05/25/20 01:00 PM,28.1,17,945
05/25/20 02:00 PM,28.9,9,918
05/25/20 03:00 PM,29.2,2,838
05/25/20 04:00 PM,28.5,0,712
05/25/20 05:00 PM,27.2,0,545
05/25/20 06:00 PM,25.3,0,355
05/25/20 07:00 PM,23.3,0,166
05/25/20 08:00 PM,21.6,0,25
05/25/20 09:00 PM,20.6,0,0
05/25/20 10:00 PM,20.0,0,0
05/25/20 11:00 PM,19.5,0,0
05/26/20 12:00 AM,17.8,0,0
05/26/20 01:00 AM,17.1,0,0
05/26/20 02:00 AM,15.8,0,0
05/26/20 03:00 AM,16.0,0,0
05/26/20 04:00 AM,16.1,0,0
05/26/20 05:00 AM,17.0,1,0
05/26/20 06:00 AM,17.1,0,18
05/26/20 07:00 AM,19.5,0,145
05/26/20 08:00 AM,21.4,0,330
05/26/20 09:00 AM,23.1,0,520
05/26/20 10:00 AM,24.5,0,691
05/26/20 11:00 AM,25.8,0,825
05/26/20 12:00 PM,28.3,0,911
05/26/20 01:00 PM,29.6,0,941
05/26/20 02:00 PM,30.5,22,919
05/26/20 03:00 PM,30.2,16,698
05/26/20 04:00 PM,29.0,11,620
05/26/20 05:00 PM,28.6,13,421
05/26/20 06:00 PM,28.2,13,305
05/26/20 07:00 PM,26.6,16,135
05/26/20 08:00 PM,25.6,15,22
05/26/20 09:00 PM,26.0,12,0
05/26/20 10:00 PM,24.8,11,0
05/26/20 11:00 PM,23.7,11,0
05/27/20 12:00 AM,22.9,2,0
05/27/20 01:00 AM,22.3,1,0
05/27/20 02:00 AM,21.8,1,0
05/27/20 03:00 AM,20.7,1,0
05/27/20 04:00 AM,18.1,2,0
05/27/20 05:00 AM,17.7,2,0
05/27/20 06:00 AM,18.5,1,19
05/27/20 07:00 AM,20.4,1,145
05/27/20 08:00 AM,22.2,1,328
05/27/20 09:00 AM,24.2,2,515
05/27/20 10:00 AM,25.7,1,683
05/27/20 11:00 AM,27.1,1,816
05/27/20 12:00 PM,29.0,0,906
05/27/20 01:00 PM,30.3,0,940
05/27/20 02:00 PM,31.1,7,914
05/27/20 03:00 PM,30.8,19,769
05/27/20 04:00 PM,29.7,25,565
05/27/20 05:00 PM,29.2,20,438
05/27/20 06:00 PM,27.5,20,282
05/27/20 07:00 PM,26.1,18,124
05/27/20 08:00 PM,24.6,19,21
05/27/20 09:00 PM,23.6,18,0
05/27/20 10:00 PM,23.1,14,0
05/27/20 11:00 PM,22.9,12,0
05/28/20 12:00 AM,22.0,5,0
05/28/20 01:00 AM,20.9,2,0
05/28/20 02:00 AM,19.3,2,0
05/28/20 03:00 AM,18.9,7,0
05/28/20 04:00 AM,18.8,8,0
05/28/20 05:00 AM,18.1,15,0
05/28/20 06:00 AM,18.5,9,18
05/28/20 07:00 AM,19.8,0,142
05/28/20 08:00 AM,21.6,0,330
05/28/20 09:00 AM,24.3,0,523
05/28/20 10:00 AM,26.7,0,695
05/28/20 11:00 AM,28.4,0,834
05/28/20 12:00 PM,29.3,1,922
05/28/20 01:00 PM,30.2,0,951
05/28/20 02:00 PM,30.8,2,927
05/28/20 03:00 PM,30.5,16,806
05/28/20 04:00 PM,30.1,28,561
05/28/20 05:00 PM,27.9,16,368
05/28/20 06:00 PM,26.6,8,296
05/28/20 07:00 PM,25.4,4,156
05/28/20 08:00 PM,23.7,3,26
05/28/20 09:00 PM,23.4,1,0
05/28/20 10:00 PM,23.3,0,0
05/28/20 11:00 PM,22.9,0,0
05/29/20 12:00 AM,22.2,0,0
05/29/20 01:00 AM,21.8,0,0
05/29/20 02:00 AM,21.4,0,0
05/29/20 03:00 AM,21.2,0,0
05/29/20 04:00 AM,21.0,0,0
05/29/20 05:00 AM,19.9,0,0
05/29/20 06:00 AM,19.9,0,20
05/29/20 07:00 AM,21.6,0,152
05/29/20 08:00 AM,22.4,0,339
05/29/20 09:00 AM,23.0,4,531
05/29/20 10:00 AM,23.8,3,701
05/29/20 11:00 AM,25.0,0,837
05/29/20 12:00 PM,25.9,4,925
05/29/20 01:00 PM,26.5,2,952
05/29/20 02:00 PM,26.6,5,924
05/29/20 03:00 PM,26.7,6,839
05/29/20 04:00 PM,27.1,10,694
05/29/20 05:00 PM,27.4,14,479
05/29/20 06:00 PM,27.7,14,301
05/29/20 07:00 PM,27.4,14,139
05/29/20 08:00 PM,26.9,36,24
05/29/20 09:00 PM,24.8,35,0
05/29/20 10:00 PM,23.2,32,0
05/29/20 11:00 PM,22.6,31,0
05/30/20 12:00 AM,21.7,34,0
05/30/20 01:00 AM,20.9,32,0
05/30/20 02:00 AM,20.3,25,0
05/30/20 03:00 AM,19.7,8,0
05/30/20 04:00 AM,19.2,10,0
05/30/20 05:00 AM,18.9,4,0
05/30/20 06:00 AM,19.0,20,20
05/30/20 07:00 AM,20.4,31,149
05/30/20 08:00 AM,22.3,38,324
05/30/20 09:00 AM,24.4,36,466
05/30/20 10:00 AM,26.2,33,579
05/30/20 11:00 AM,27.2,29,731
05/30/20 12:00 PM,26.9,33,782
05/30/20 01:00 PM,27.1,28,865
05/30/20 02:00 PM,26.9,19,907
05/30/20 03:00 PM,26.9,14,837
05/30/20 04:00 PM,27.2,29,707
05/30/20 05:00 PM,26.7,31,509
05/30/20 06:00 PM,25.8,30,277
05/30/20 07:00 PM,25.4,47,99
05/30/20 08:00 PM,24.3,44,17
05/30/20 09:00 PM,22.6,32,0
05/30/20 10:00 PM,21.9,40,0
05/30/20 11:00 PM,21.3,32,0
05/31/20 12:00 AM,20.7,34,0
05/31/20 01:00 AM,20.0,45,0
05/31/20 02:00 AM,19.4,26,0
05/31/20 03:00 AM,18.6,40,0
05/31/20 04:00 AM,17.9,44,0
05/31/20 05:00 AM,17.3,52,0
05/31/20 06:00 AM,17.8,37,14
05/31/20 07:00 AM,19.7,36,129
05/31/20 08:00 AM,21.6,49,295
05/31/20 09:00 AM,23.0,58,353
05/31/20 10:00 AM,24.1,34,478
05/31/20 11:00 AM,24.2,27,658
05/31/20 12:00 PM,26.7,26,818
05/31/20 01:00 PM,27.3,13,900
05/31/20 02:00 PM,27.1,5,874
05/31/20 03:00 PM,27.5,0,843
05/31/20 04:00 PM,27.3,0,716
05/31/20 05:00 PM,26.2,2,551
05/31/20 06:00 PM,25.4,33,352
05/31/20 07:00 PM,24.0,24,153
05/31/20 08:00 PM,22.8,34,29
05/31/20 09:00 PM,21.8,15,0
05/31/20 10:00 PM,20.2,12,0
05/31/20 11:00 PM,19.4,22,0
06/01/20 12:00 AM,19.7,60,0
06/01/20 01:00 AM,19.2,100,0
06/01/20 02:00 AM,19.4,100,0
06/01/20 03:00 AM,19.0,100,0
06/01/20 04:00 AM,18.8,100,0
06/01/20 05:00 AM,18.7,100,0
06/01/20 06:00 AM,19.0,100,6
06/01/20 07:00 AM,19.4,100,31
06/01/20 08:00 AM,20.1,100,117
06/01/20 09:00 AM,20.2,100,170
06/01/20 10:00 AM,21.3,99,380
06/01/20 11:00 AM,22.2,100,453
06/01/20 12:00 PM,24.0,34,509
06/01/20 01:00 PM,24.7,37,712
06/01/20 02:00 PM,24.7,45,832
06/01/20 03:00 PM,25.6,66,653
06/01/20 04:00 PM,24.8,59,447
06/01/20 05:00 PM,24.7,71,458
06/01/20 06:00 PM,24.0,49,249
06/01/20 07:00 PM,23.3,62,140
06/01/20 08:00 PM,22.2,58,23
06/01/20 09:00 PM,21.4,71,0
06/01/20 10:00 PM,21.4,67,0
06/01/20 11:00 PM,20.8,41,0
06/02/20 12:00 AM,19.6,40,0
06/02/20 01:00 AM,19.0,86,0
06/02/20 02:00 AM,18.7,34,0
06/02/20 03:00 AM,17.9,81,0
06/02/20 04:00 AM,18.1,92,0
06/02/20 05:00 AM,18.1,100,0
06/02/20 06:00 AM,18.4,100,7
06/02/20 07:00 AM,18.9,30,58
06/02/20 08:00 AM,19.9,23,252
06/02/20 09:00 AM,20.9,20,457
06/02/20 10:00 AM,21.5,23,639
06/02/20 11:00 AM,22.1,31,773
06/02/20 12:00 PM,22.7,54,884
06/02/20 01:00 PM,23.1,19,845
06/02/20 02:00 PM,23.3,30,788
06/02/20 03:00 PM,23.4,16,701
06/02/20 04:00 PM,23.4,14,643
06/02/20 05:00 PM,23.2,34,503
06/02/20 06:00 PM,22.4,6,302
06/02/20 07:00 PM,21.4,12,170
06/02/20 08:00 PM,20.0,6,31
06/02/20 09:00 PM,18.9,1,0
06/02/20 10:00 PM,18.3,2,0
06/02/20 11:00 PM,17.9,11,0
06/03/20 12:00 AM,17.8,2,0
06/03/20 01:00 AM,17.1,3,0
06/03/20 02:00 AM,16.2,7,0
06/03/20 03:00 AM,16.7,30,0
06/03/20 04:00 AM,17.0,100,0
06/03/20 05:00 AM,16.5,100,0
06/03/20 06:00 AM,16.6,100,17
06/03/20 07:00 AM,17.5,91,119
06/03/20 08:00 AM,19.4,31,256
06/03/20 09:00 AM,21.1,37,478
06/03/20 10:00 AM,21.7,44,590
06/03/20 11:00 AM,22.3,33,713
06/03/20 12:00 PM,23.6,73,815
06/03/20 01:00 PM,24.5,56,946
06/03/20 02:00 PM,24.3,40,892
06/03/20 03:00 PM,23.6,2,747
06/03/20 04:00 PM,23.4,2,688
06/03/20 05:00 PM,22.8,1,544
06/03/20 06:00 PM,22.1,13,357
06/03/20 07:00 PM,21.1,5,165
06/03/20 08:00 PM,19.8,4,32
06/03/20 09:00 PM,19.0,5,0
06/03/20 10:00 PM,18.5,5,0
06/03/20 11:00 PM,18.0,10,0
06/04/20 12:00 AM,18.1,57,0
06/04/20 01:00 AM,18.1,72,0
06/04/20 02:00 AM,18.2,90,0
06/04/20 03:00 AM,18.0,100,0
06/04/20 04:00 AM,18.2,100,0
06/04/20 05:00 AM,17.9,100,0
06/04/20 06:00 AM,17.9,100,10
06/04/20 07:00 AM,18.0,100,53
06/04/20 08:00 AM,18.2,100,69
06/04/20 09:00 AM,18.5,100,98
06/04/20 10:00 AM,19.5,100,224
06/04/20 11:00 AM,21.4,61,556
06/04/20 12:00 PM,22.5,56,720
06/04/20 01:00 PM,23.3,66,723
06/04/20 02:00 PM,23.7,49,626
06/04/20 03:00 PM,24.6,43,722
06/04/20 04:00 PM,24.4,49,597
06/04/20 05:00 PM,23.9,36,466
06/04/20 06:00 PM,22.8,2,358
06/04/20 07:00 PM,21.3,0,179
06/04/20 08:00 PM,19.5,0,35
06/04/20 09:00 PM,18.1,0,0
06/04/20 10:00 PM,16.9,1,0
06/04/20 11:00 PM,16.2,4,0
06/05/20 12:00 AM,15.9,6,0
06/05/20 01:00 AM,15.4,2,0
06/05/20 02:00 AM,14.9,2,0
06/05/20 03:00 AM,14.7,1,0
06/05/20 04:00 AM,14.7,0,0
06/05/20 05:00 AM,14.7,1,0
06/05/20 06:00 AM,15.4,0,24
06/05/20 07:00 AM,17.4,4,164
06/05/20 08:00 AM,18.9,22,354
06/05/20 09:00 AM,20.2,22,533
06/05/20 10:00 AM,21.3,25,696
06/05/20 11:00 AM,22.4,15,820
06/05/20 12:00 PM,23.1,28,891
06/05/20 01:00 PM,24.3,42,935
06/05/20 02:00 PM,24.5,21,864
06/05/20 03:00 PM,24.2,6,861
06/05/20 04:00 PM,23.6,2,724
06/05/20 05:00 PM,22.7,1,566
06/05/20 06:00 PM,21.4,0,375
06/05/20 07:00 PM,20.0,0,185
06/05/20 08:00 PM,18.3,0,36
06/05/20 09:00 PM,17.1,16,0
06/05/20 10:00 PM,16.4,28,0
06/05/20 11:00 PM,15.8,15,0
06/06/20 12:00 AM,15.8,25,0
06/06/20 01:00 AM,15.4,22,0
06/06/20 02:00 AM,15.1,22,0
06/06/20 03:00 AM,14.2,21,0
06/06/20 04:00 AM,13.3,22,0
06/06/20 05:00 AM,13.4,23,0
06/06/20 06:00 AM,14.8,17,22
06/06/20 07:00 AM,16.3,9,148
06/06/20 08:00 AM,17.9,57,337
06/06/20 09:00 AM,19.2,26,449
06/06/20 10:00 AM,20.3,4,695
06/06/20 11:00 AM,21.5,53,838
06/06/20 12:00 PM,20.8,100,868
06/06/20 01:00 PM,21.0,42,474
06/06/20 02:00 PM,21.8,15,773
06/06/20 03:00 PM,22.2,19,841
06/06/20 04:00 PM,21.6,34,695
06/06/20 05:00 PM,20.9,35,480
06/06/20 06:00 PM,19.7,39,321
06/06/20 07:00 PM,18.8,34,148
06/06/20 08:00 PM,17.8,43,30
06/06/20 09:00 PM,17.4,81,0
06/06/20 10:00 PM,17.0,81,0
06/06/20 11:00 PM,16.5,52,0
06/07/20 12:00 AM,16.5,95,0
06/07/20 01:00 AM,16.4,82,0
06/07/20 02:00 AM,16.0,90,0
06/07/20 03:00 AM,16.3,88,0
06/07/20 04:00 AM,16.2,48,0
06/07/20 05:00 AM,15.9,29,0
06/07/20 06:00 AM,16.4,22,20
06/07/20 07:00 AM,17.7,37,141
06/07/20 08:00 AM,18.8,76,258
06/07/20 09:00 AM,19.7,50,342
06/07/20 10:00 AM,21.2,77,520
06/07/20 11:00 AM,21.8,80,466
06/07/20 12:00 PM,21.4,90,692
06/07/20 01:00 PM,21.8,91,457
06/07/20 02:00 PM,21.6,91,449
06/07/20 03:00 PM,21.8,77,376
06/07/20 04:00 PM,22.4,49,582
06/07/20 05:00 PM,20.9,9,541
06/07/20 06:00 PM,19.5,1,367
06/07/20 07:00 PM,18.2,1,184
06/07/20 08:00 PM,17.3,0,37
06/07/20 09:00 PM,16.2,0,0
06/07/20 10:00 PM,15.8,0,0
06/07/20 11:00 PM,15.2,3,0
06/08/20 12:00 AM,15.2,1,0
06/08/20 01:00 AM,14.8,4,0
06/08/20 02:00 AM,14.9,64,0
06/08/20 03:00 AM,14.9,15,0
06/08/20 04:00 AM,14.7,4,0
06/08/20 05:00 AM,14.4,2,0
06/08/20 06:00 AM,15.0,7,25
06/08/20 07:00 AM,16.5,37,163
06/08/20 08:00 AM,17.6,15,323
06/08/20 09:00 AM,18.7,32,527
06/08/20 10:00 AM,19.8,9,692
06/08/20 11:00 AM,20.8,21,819
06/08/20 12:00 PM,21.2,1,888
06/08/20 01:00 PM,21.7,14,989
06/08/20 02:00 PM,22.0,15,953
06/08/20 03:00 PM,22.5,0,860
06/08/20 04:00 PM,22.9,0,751
06/08/20 05:00 PM,22.0,2,577
06/08/20 06:00 PM,21.1,0,375
06/08/20 07:00 PM,19.7,0,191
06/08/20 08:00 PM,18.1,1,39
06/08/20 09:00 PM,17.2,2,0
06/08/20 10:00 PM,16.8,1,0
06/08/20 11:00 PM,16.3,1,0
06/09/20 12:00 AM,16.1,1,0
06/09/20 01:00 AM,15.8,1,0
06/09/20 02:00 AM,15.5,1,0
06/09/20 03:00 AM,15.4,1,0
06/09/20 04:00 AM,15.3,2,0
06/09/20 05:00 AM,15.2,0,0
06/09/20 06:00 AM,15.7,2,25
06/09/20 07:00 AM,17.3,0,163
06/09/20 08:00 AM,18.9,0,354
06/09/20 09:00 AM,20.5,0,548
06/09/20 10:00 AM,21.9,0,721
06/09/20 11:00 AM,23.2,0,859
06/09/20 12:00 PM,24.1,0,948
06/09/20 01:00 PM,24.8,12,981
06/09/20 02:00 PM,24.3,0,939
06/09/20 03:00 PM,23.9,0,875
06/09/20 04:00 PM,23.4,5,748
06/09/20 05:00 PM,22.4,21,583
06/09/20 06:00 PM,21.0,13,390
06/09/20 07:00 PM,19.1,1,198
06/09/20 08:00 PM,17.5,10,41
06/09/20 09:00 PM,16.3,10,0
06/09/20 10:00 PM,15.7,14,0
06/09/20 11:00 PM,15.3,30,0
06/10/20 12:00 AM,15.1,32,0
06/10/20 01:00 AM,15.0,31,0
06/10/20 02:00 AM,14.9,33,0
06/10/20 03:00 AM,14.4,38,0
06/10/20 04:00 AM,14.5,40,0
06/10/20 05:00 AM,14.7,39,0
06/10/20 06:00 AM,15.2,26,14
06/10/20 07:00 AM,16.3,14,145
06/10/20 08:00 AM,17.6,15,354
06/10/20 09:00 AM,19.1,21,544
06/10/20 10:00 AM,20.4,14,710
06/10/20 11:00 AM,21.6,15,824
06/10/20 12:00 PM,22.5,4,924
06/10/20 01:00 PM,23.7,3,983
06/10/20 02:00 PM,24.2,12,953
06/10/20 03:00 PM,23.3,22,864
06/10/20 04:00 PM,22.2,9,742
06/10/20 05:00 PM,21.1,15,578
06/10/20 06:00 PM,19.9,11,384
06/10/20 07:00 PM,18.5,22,193
06/10/20 08:00 PM,17.0,17,40
06/10/20 09:00 PM,16.4,1,0
06/10/20 10:00 PM,15.8,0,0
06/10/20 11:00 PM,15.7,0,0
06/11/20 12:00 AM,15.6,0,0
06/11/20 01:00 AM,15.4,15,0
06/11/20 02:00 AM,15.3,32,0
06/11/20 03:00 AM,15.2,1,0
06/11/20 04:00 AM,14.8,2,0
06/11/20 05:00 AM,14.7,6,0
06/11/20 06:00 AM,15.3,18,23
06/11/20 07:00 AM,17.1,33,144
06/11/20 08:00 AM,18.6,92,277
06/11/20 09:00 AM,18.6,100,222
06/11/20 10:00 AM,19.8,100,272
06/11/20 11:00 AM,20.7,100,505
06/11/20 12:00 PM,20.0,100,496
06/11/20 01:00 PM,19.9,100,409
06/11/20 02:00 PM,19.4,100,354
06/11/20 03:00 PM,19.3,100,297
06/11/20 04:00 PM,19.2,100,253
06/11/20 05:00 PM,19.5,39,253
06/11/20 06:00 PM,19.5,44,325
06/11/20 07:00 PM,18.1,53,146
06/11/20 08:00 PM,17.0,32,29
06/11/20 09:00 PM,16.3,22,0
06/11/20 10:00 PM,15.6,35,0
06/11/20 11:00 PM,15.1,19,0
06/12/20 12:00 AM,15.1,42,0
06/12/20 01:00 AM,14.8,27,0
06/12/20 02:00 AM,14.1,17,0
06/12/20 03:00 AM,13.8,22,0
06/12/20 04:00 AM,13.7,94,0
06/12/20 05:00 AM,14.3,75,0
06/12/20 06:00 AM,14.5,33,18
06/12/20 07:00 AM,16.0,35,133
06/12/20 08:00 AM,17.0,85,270
06/12/20 09:00 AM,17.3,80,296
06/12/20 10:00 AM,17.9,100,457
06/12/20 11:00 AM,17.6,83,390
06/12/20 12:00 PM,17.4,68,416
06/12/20 01:00 PM,18.2,69,365
06/12/20 02:00 PM,18.8,52,392
06/12/20 03:00 PM,19.7,61,561
06/12/20 04:00 PM,19.5,45,512
06/12/20 05:00 PM,18.9,36,361
06/12/20 06:00 PM,18.5,19,263
06/12/20 07:00 PM,17.8,6,170
06/12/20 08:00 PM,16.5,2,40
06/12/20 09:00 PM,15.6,10,0
06/12/20 10:00 PM,14.9,4,0
06/12/20 11:00 PM,14.2,2,0
06/13/20 12:00 AM,14.2,7,0
06/13/20 01:00 AM,13.9,8,0
06/13/20 02:00 AM,13.8,9,0
06/13/20 03:00 AM,13.6,11,0
06/13/20 04:00 AM,13.2,11,0
06/13/20 05:00 AM,12.4,6,0
06/13/20 06:00 AM,13.9,5,24
06/13/20 07:00 AM,16.3,8,155
06/13/20 08:00 AM,17.8,40,333
06/13/20 09:00 AM,19.0,49,454
06/13/20 10:00 AM,19.7,72,576
06/13/20 11:00 AM,19.5,47,686
06/13/20 12:00 PM,20.2,77,830
06/13/20 01:00 PM,20.5,85,650
06/13/20 02:00 PM,20.0,60,446
06/13/20 03:00 PM,20.4,32,582
06/13/20 04:00 PM,20.5,16,590
06/13/20 05:00 PM,20.3,4,521
06/13/20 06:00 PM,19.8,0,375
06/13/20 07:00 PM,18.9,1,195
06/13/20 08:00 PM,17.3,0,43
06/13/20 09:00 PM,16.4,2,0
06/13/20 10:00 PM,15.6,0,0
06/13/20 11:00 PM,15.0,0,0
06/14/20 12:00 AM,14.9,3,0
06/14/20 01:00 AM,14.2,0,0
06/14/20 02:00 AM,13.5,0,0
06/14/20 03:00 AM,12.6,5,0
06/14/20 04:00 AM,12.4,15,0
06/14/20 05:00 AM,12.1,20,0
06/14/20 06:00 AM,13.7,29,24
06/14/20 07:00 AM,15.1,27,116
06/14/20 08:00 AM,17.6,28,322
06/14/20 09:00 AM,19.2,18,520
06/14/20 10:00 AM,20.5,51,665
06/14/20 11:00 AM,21.1,52,698
06/14/20 12:00 PM,22.0,73,785
06/14/20 01:00 PM,21.9,100,657
06/14/20 02:00 PM,21.4,62,542
06/14/20 03:00 PM,22.5,73,776
06/14/20 04:00 PM,22.1,87,535
06/14/20 05:00 PM,21.5,4,438
06/14/20 06:00 PM,20.9,2,364
06/14/20 07:00 PM,19.9,0,199
06/14/20 08:00 PM,18.4,0,44
06/14/20 09:00 PM,17.2,0,0
06/14/20 10:00 PM,16.5,0,0
06/14/20 11:00 PM,15.7,0,0
06/15/20 12:00 AM,15.0,0,0
06/15/20 01:00 AM,14.4,0,0
06/15/20 02:00 AM,13.7,0,0
06/15/20 03:00 AM,13.0,0,0
06/15/20 04:00 AM,12.6,0,0
06/15/20 05:00 AM,12.6,0,0
06/15/20 06:00 AM,14.0,0,24
06/15/20 07:00 AM,16.6,0,160
06/15/20 08:00 AM,18.4,14,348
06/15/20 09:00 AM,20.0,16,531
06/15/20 10:00 AM,21.3,37,666
06/15/20 11:00 AM,22.1,64,701
06/15/20 12:00 PM,21.6,90,759
06/15/20 01:00 PM,22.4,100,550
06/15/20 02:00 PM,23.0,100,615
06/15/20 03:00 PM,22.7,71,468
06/15/20 04:00 PM,23.0,66,696
06/15/20 05:00 PM,22.0,29,497
06/15/20 06:00 PM,21.2,29,344
06/15/20 07:00 PM,19.8,30,180
06/15/20 08:00 PM,18.5,34,38
06/15/20 09:00 PM,17.8,48,0
06/15/20 10:00 PM,17.3,65,0
06/15/20 11:00 PM,17.0,56,0
06/16/20 12:00 AM,16.1,22,0
06/16/20 01:00 AM,15.8,0,0
06/16/20 02:00 AM,15.3,0,0
06/16/20 03:00 AM,14.9,4,0
06/16/20 04:00 AM,14.5,36,0
06/16/20 05:00 AM,15.4,74,0
06/16/20 06:00 AM,17.1,100,13
06/16/20 07:00 AM,18.1,100,70
06/16/20 08:00 AM,19.8,49,195
06/16/20 09:00 AM,21.2,41,366
06/16/20 10:00 AM,22.3,37,561
06/16/20 11:00 AM,23.3,30,669
06/16/20 12:00 PM,23.2,43,759
06/16/20 01:00 PM,24.3,27,789
06/16/20 02:00 PM,24.7,10,813
06/16/20 03:00 PM,25.0,13,786
06/16/20 04:00 PM,24.3,11,697
06/16/20 05:00 PM,23.6,1,526
06/16/20 06:00 PM,22.6,2,379
06/16/20 07:00 PM,21.4,1,192
06/16/20 08:00 PM,20.0,1,43
06/16/20 09:00 PM,18.9,1,0
06/16/20 10:00 PM,18.0,2,0
06/16/20 11:00 PM,17.3,2,0
06/17/20 12:00 AM,16.8,1,0
06/17/20 01:00 AM,16.2,1,0
06/17/20 02:00 AM,15.6,1,0
06/17/20 03:00 AM,15.1,3,0
06/17/20 04:00 AM,14.8,7,0
06/17/20 05:00 AM,14.6,16,0
06/17/20 06:00 AM,15.4,31,21
06/17/20 07:00 AM,17.0,52,133
06/17/20 08:00 AM,18.5,74,272
06/17/20 09:00 AM,19.7,91,395
06/17/20 10:00 AM,19.8,91,346
06/17/20 11:00 AM,20.7,89,344
06/17/20 12:00 PM,22.1,88,658
06/17/20 01:00 PM,23.0,64,542
06/17/20 02:00 PM,24.1,56,764
06/17/20 03:00 PM,23.4,32,677
06/17/20 04:00 PM,23.0,0,740
06/17/20 05:00 PM,22.4,0,582
06/17/20 06:00 PM,21.2,0,394
06/17/20 07:00 PM,19.7,0,201
06/17/20 08:00 PM,18.2,0,45
06/17/20 09:00 PM,17.3,0,0
06/17/20 10:00 PM,16.5,10,0
06/17/20 11:00 PM,16.0,17,0
06/18/20 12:00 AM,15.9,24,0
06/18/20 01:00 AM,15.7,28,0
06/18/20 02:00 AM,15.5,31,0
06/18/20 03:00 AM,15.5,27,0
06/18/20 04:00 AM,15.3,14,0
06/18/20 05:00 AM,14.9,15,0
06/18/20 06:00 AM,15.6,14,23
06/18/20 07:00 AM,17.0,32,152
06/18/20 08:00 AM,18.1,31,310
06/18/20 09:00 AM,19.7,42,505
06/18/20 10:00 AM,21.3,76,629
06/18/20 11:00 AM,22.4,0,691
06/18/20 12:00 PM,23.4,15,933
06/18/20 01:00 PM,23.8,11,965
06/18/20 02:00 PM,24.1,1,933
06/18/20 03:00 PM,24.0,19,868
06/18/20 04:00 PM,23.2,0,723
06/18/20 05:00 PM,22.4,1,580
06/18/20 06:00 PM,20.9,5,391
06/18/20 07:00 PM,19.5,1,199
06/18/20 08:00 PM,18.5,1,44
06/18/20 09:00 PM,17.7,1,0
06/18/20 10:00 PM,17.0,0,0
06/18/20 11:00 PM,16.5,7,0
06/19/20 12:00 AM,16.5,42,0
06/19/20 01:00 AM,16.5,39,0
06/19/20 02:00 AM,16.3,41,0
06/19/20 03:00 AM,16.1,28,0
06/19/20 04:00 AM,15.6,31,0
06/19/20 05:00 AM,15.2,34,0
06/19/20 06:00 AM,15.5,32,21
06/19/20 07:00 AM,17.1,70,151
06/19/20 08:00 AM,18.0,69,282
06/19/20 09:00 AM,19.2,68,436
06/19/20 10:00 AM,20.7,1,664
06/19/20 11:00 AM,22.2,0,849
06/19/20 12:00 PM,23.8,0,946
06/19/20 01:00 PM,25.0,0,977
06/19/20 02:00 PM,25.5,0,954
06/19/20 03:00 PM,25.3,0,874
06/19/20 04:00 PM,24.5,0,746
06/19/20 05:00 PM,23.4,0,582
06/19/20 06:00 PM,22.0,0,393
06/19/20 07:00 PM,20.3,0,202
06/19/20 08:00 PM,18.7,0,46
06/19/20 09:00 PM,17.7,0,0
06/19/20 10:00 PM,17.0,0,0
06/19/20 11:00 PM,16.5,0,0
06/20/20 12:00 AM,16.3,0,0
06/20/20 01:00 AM,16.1,0,0
06/20/20 02:00 AM,16.0,0,0
06/20/20 03:00 AM,15.8,0,0
06/20/20 04:00 AM,15.6,1,0
06/20/20 05:00 AM,15.5,1,0
06/20/20 06:00 AM,16.1,1,23
06/20/20 07:00 AM,17.9,0,157
06/20/20 08:00 AM,19.5,0,343
06/20/20 09:00 AM,21.3,0,533
06/20/20 10:00 AM,23.3,0,706
06/20/20 11:00 AM,25.2,0,844
06/20/20 12:00 PM,26.5,0,934
06/20/20 01:00 PM,27.7,0,970
06/20/20 02:00 PM,27.8,0,949
06/20/20 03:00 PM,27.1,0,872
06/20/20 04:00 PM,26.2,0,749
06/20/20 05:00 PM,25.0,0,586
06/20/20 06:00 PM,23.2,0,398
06/20/20 07:00 PM,22.0,0,205
06/20/20 08:00 PM,20.4,0,48
06/20/20 09:00 PM,19.2,0,0
06/20/20 10:00 PM,18.1,1,0
06/20/20 11:00 PM,17.3,3,0
06/21/20 12:00 AM,17.0,2,0
06/21/20 01:00 AM,16.6,1,0
06/21/20 02:00 AM,16.5,1,0
06/21/20 03:00 AM,16.4,1,0
06/21/20 04:00 AM,16.3,1,0
06/21/20 05:00 AM,16.2,1,0
06/21/20 06:00 AM,16.8,14,23
06/21/20 07:00 AM,18.4,13,154
06/21/20 08:00 AM,20.0,12,335
06/21/20 09:00 AM,21.7,0,528
06/21/20 10:00 AM,23.4,0,707
06/21/20 11:00 AM,25.1,0,846
06/21/20 12:00 PM,26.0,0,936
06/21/20 01:00 PM,27.4,0,972
06/21/20 02:00 PM,28.1,0,953
06/21/20 03:00 PM,28.0,0,875
06/21/20 04:00 PM,27.2,0,746
06/21/20 05:00 PM,26.0,0,581
06/21/20 06:00 PM,24.5,0,393
06/21/20 07:00 PM,22.6,0,202
06/21/20 08:00 PM,20.7,0,47
06/21/20 09:00 PM,19.7,1,0
06/21/20 10:00 PM,19.0,0,0
06/21/20 11:00 PM,18.6,1,0
06/22/20 12:00 AM,18.5,1,0
06/22/20 01:00 AM,18.1,21,0
06/22/20 02:00 AM,17.8,35,0
06/22/20 03:00 AM,17.8,19,0
06/22/20 04:00 AM,17.6,14,0
06/22/20 05:00 AM,17.3,11,0
06/22/20 06:00 AM,17.7,12,22
06/22/20 07:00 AM,19.5,5,149
06/22/20 08:00 AM,21.7,2,335
06/22/20 09:00 AM,24.3,0,534
06/22/20 10:00 AM,26.8,0,708
06/22/20 11:00 AM,29.2,0,847
06/22/20 12:00 PM,30.7,0,937
06/22/20 01:00 PM,32.5,0,974
06/22/20 02:00 PM,33.8,0,953
06/22/20 03:00 PM,34.6,0,876
06/22/20 04:00 PM,34.8,0,751
06/22/20 05:00 PM,32.8,0,586
06/22/20 06:00 PM,30.9,0,393
06/22/20 07:00 PM,27.9,0,204
06/22/20 08:00 PM,24.8,0,48
06/22/20 09:00 PM,23.0,0,0
06/22/20 10:00 PM,21.8,0,0
06/22/20 11:00 PM,20.9,0,0
06/23/20 12:00 AM,20.3,0,0
06/23/20 01:00 AM,19.8,0,0
06/23/20 02:00 AM,19.2,0,0
06/23/20 03:00 AM,18.7,0,0
06/23/20 04:00 AM,18.6,0,0
06/23/20 05:00 AM,18.2,0,0
06/23/20 06:00 AM,18.6,0,23
06/23/20 07:00 AM,20.9,0,155
06/23/20 08:00 AM,23.5,0,340
06/23/20 09:00 AM,25.9,0,530
06/23/20 10:00 AM,28.0,0,702
06/23/20 11:00 AM,30.0,0,838
06/23/20 12:00 PM,29.7,0,928
06/23/20 01:00 PM,31.7,0,964
06/23/20 02:00 PM,32.6,0,943
06/23/20 03:00 PM,32.4,0,867
06/23/20 04:00 PM,30.8,0,740
06/23/20 05:00 PM,28.8,0,584
06/23/20 06:00 PM,26.9,0,391
06/23/20 07:00 PM,25.1,0,201
06/23/20 08:00 PM,22.5,0,47
06/23/20 09:00 PM,20.6,0,0
06/23/20 10:00 PM,19.3,1,0
06/23/20 11:00 PM,18.6,1,0
06/24/20 12:00 AM,18.5,5,0
06/24/20 01:00 AM,18.1,90,0
06/24/20 02:00 AM,18.3,83,0
06/24/20 03:00 AM,18.0,82,0
06/24/20 04:00 AM,17.7,80,0
06/24/20 05:00 AM,17.6,78,0
06/24/20 06:00 AM,17.9,48,16
06/24/20 07:00 AM,19.0,46,126
06/24/20 08:00 AM,20.7,6,302
06/24/20 09:00 AM,22.9,3,505
06/24/20 10:00 AM,25.1,0,686
06/24/20 11:00 AM,26.9,0,831
06/24/20 12:00 PM,27.2,0,919
06/24/20 01:00 PM,28.4,0,956
06/24/20 02:00 PM,28.6,0,935
06/24/20 03:00 PM,28.4,0,859
06/24/20 04:00 PM,27.8,0,735
06/24/20 05:00 PM,26.8,0,572
06/24/20 06:00 PM,25.1,0,387
06/24/20 07:00 PM,22.7,0,200
06/24/20 08:00 PM,20.5,0,47
06/24/20 09:00 PM,19.1,0,0
06/24/20 10:00 PM,18.2,1,0
06/24/20 11:00 PM,17.6,0,0
06/25/20 12:00 AM,17.5,1,0
06/25/20 01:00 AM,17.1,7,0
06/25/20 02:00 AM,16.8,5,0
06/25/20 03:00 AM,16.5,7,0
06/25/20 04:00 AM,16.4,10,0
06/25/20 05:00 AM,16.5,30,0
06/25/20 06:00 AM,16.9,15,21
06/25/20 07:00 AM,18.0,12,148
06/25/20 08:00 AM,19.5,3,326
06/25/20 09:00 AM,21.3,1,525
06/25/20 10:00 AM,23.1,9,701
06/25/20 11:00 AM,24.7,11,832
06/25/20 12:00 PM,25.0,26,930
06/25/20 01:00 PM,25.8,26,932
06/25/20 02:00 PM,26.3,26,924
06/25/20 03:00 PM,26.6,27,871
06/25/20 04:00 PM,26.3,25,741
06/25/20 05:00 PM,25.1,24,576
06/25/20 06:00 PM,22.8,16,391
06/25/20 07:00 PM,20.9,8,199
06/25/20 08:00 PM,19.6,7,48
06/25/20 09:00 PM,18.5,11,0
06/25/20 10:00 PM,18.2,10,0
06/25/20 11:00 PM,18.2,9,0
06/26/20 12:00 AM,18.0,6,0
06/26/20 01:00 AM,17.4,8,0
06/26/20 02:00 AM,17.0,36,0
06/26/20 03:00 AM,17.0,89,0
06/26/20 04:00 AM,17.5,90,0
06/26/20 05:00 AM,17.0,45,0
06/26/20 06:00 AM,17.1,28,17
06/26/20 07:00 AM,18.3,52,132
06/26/20 08:00 AM,19.5,100,263
06/26/20 09:00 AM,20.5,100,406
06/26/20 10:00 AM,21.8,89,671
06/26/20 11:00 AM,22.9,33,758
06/26/20 12:00 PM,23.2,18,913
06/26/20 01:00 PM,24.7,20,939
06/26/20 02:00 PM,25.4,11,924
06/26/20 03:00 PM,25.3,0,858
06/26/20 04:00 PM,24.7,25,733
06/26/20 05:00 PM,23.9,26,567
06/26/20 06:00 PM,22.8,27,378
06/26/20 07:00 PM,21.6,9,180
06/26/20 08:00 PM,20.2,0,46
06/26/20 09:00 PM,19.4,1,0
06/26/20 10:00 PM,19.0,4,0
06/26/20 11:00 PM,18.6,21,0
06/27/20 12:00 AM,18.7,27,0
06/27/20 01:00 AM,18.4,36,0
06/27/20 02:00 AM,18.1,32,0
06/27/20 03:00 AM,18.3,38,0
06/27/20 04:00 AM,18.0,38,0
06/27/20 05:00 AM,17.8,90,0
06/27/20 06:00 AM,18.7,90,13
06/27/20 07:00 AM,19.7,57,75
06/27/20 08:00 AM,21.2,88,225
06/27/20 09:00 AM,22.3,70,327
06/27/20 10:00 AM,23.6,75,474
06/27/20 11:00 AM,25.3,65,687
06/27/20 12:00 PM,24.7,56,739
06/27/20 01:00 PM,27.1,90,810
06/27/20 02:00 PM,27.0,87,495
06/27/20 03:00 PM,28.0,89,595
06/27/20 04:00 PM,27.5,58,504
06/27/20 05:00 PM,25.9,7,458
06/27/20 06:00 PM,25.4,1,381
06/27/20 07:00 PM,23.4,0,199
06/27/20 08:00 PM,21.6,0,47
06/27/20 09:00 PM,20.6,1,0
06/27/20 10:00 PM,20.0,2,0
06/27/20 11:00 PM,19.4,4,0
06/28/20 12:00 AM,19.4,8,0
06/28/20 01:00 AM,19.0,17,0
06/28/20 02:00 AM,18.8,68,0
06/28/20 03:00 AM,18.8,90,0
06/28/20 04:00 AM,18.9,81,0
06/28/20 05:00 AM,18.7,78,0
06/28/20 06:00 AM,18.8,62,16
06/28/20 07:00 AM,19.7,50,118
06/28/20 08:00 AM,21.2,32,264
06/28/20 09:00 AM,22.9,0,502
06/28/20 10:00 AM,24.8,0,694
06/28/20 11:00 AM,26.7,0,832
06/28/20 12:00 PM,28.1,0,922
06/28/20 01:00 PM,29.5,0,957
06/28/20 02:00 PM,29.5,0,936
06/28/20 03:00 PM,29.2,0,861
06/28/20 04:00 PM,28.6,0,738
06/28/20 05:00 PM,27.5,0,577
06/28/20 06:00 PM,25.7,0,392
06/28/20 07:00 PM,23.7,0,203
06/28/20 08:00 PM,21.8,0,48
06/28/20 09:00 PM,20.6,2,0
06/28/20 10:00 PM,19.6,3,0
06/28/20 11:00 PM,19.1,12,0
06/29/20 12:00 AM,19.1,26,0
06/29/20 01:00 AM,18.8,31,0
06/29/20 02:00 AM,18.6,29,0
06/29/20 03:00 AM,18.3,22,0
06/29/20 04:00 AM,17.9,17,0
06/29/20 05:00 AM,17.6,22,0
06/29/20 06:00 AM,17.8,19,19
06/29/20 07:00 AM,18.8,30,139
06/29/20 08:00 AM,20.1,7,308
06/29/20 09:00 AM,21.8,2,518
06/29/20 10:00 AM,24.0,0,699
06/29/20 11:00 AM,26.2,0,837
06/29/20 12:00 PM,27.6,0,930
06/29/20 01:00 PM,29.1,0,967
06/29/20 02:00 PM,29.8,0,947
06/29/20 03:00 PM,29.5,0,872
06/29/20 04:00 PM,28.4,0,748
06/29/20 05:00 PM,27.2,0,585
06/29/20 06:00 PM,25.5,0,398
06/29/20 07:00 PM,23.2,0,207
06/29/20 08:00 PM,21.3,0,49
06/29/20 09:00 PM,19.8,0,0
06/29/20 10:00 PM,18.9,0,0
06/29/20 11:00 PM,18.3,0,0
06/30/20 12:00 AM,17.9,0,0
06/30/20 01:00 AM,17.5,1,0
06/30/20 02:00 AM,17.1,1,0
06/30/20 03:00 AM,16.9,1,0
06/30/20 04:00 AM,16.5,1,0
06/30/20 05:00 AM,16.4,0,0
06/30/20 06:00 AM,17.0,1,20
06/30/20 07:00 AM,19.0,0,150
06/30/20 08:00 AM,21.0,0,339
06/30/20 09:00 AM,23.3,0,532
06/30/20 10:00 AM,25.4,0,705
06/30/20 11:00 AM,27.1,0,843
06/30/20 12:00 PM,27.6,0,934
06/30/20 01:00 PM,29.0,0,969
06/30/20 02:00 PM,29.9,0,948
06/30/20 03:00 PM,29.5,0,872
06/30/20 04:00 PM,28.2,0,746
06/30/20 05:00 PM,26.7,0,582
06/30/20 06:00 PM,24.4,0,394
06/30/20 07:00 PM,22.9,0,204
06/30/20 08:00 PM,21.2,1,48
06/30/20 09:00 PM,20.2,4,0
06/30/20 10:00 PM,19.6,17,0
06/30/20 11:00 PM,19.2,31,0
07/01/20 12:00 AM,19.3,46,0
07/01/20 01:00 AM,19.0,38,0
07/01/20 02:00 AM,18.9,90,0
07/01/20 03:00 AM,18.7,16,0
07/01/20 04:00 AM,18.2,22,0
07/01/20 05:00 AM,17.9,28,0
07/01/20 06:00 AM,18.4,86,17
07/01/20 07:00 AM,19.8,68,119
07/01/20 08:00 AM,20.6,50,247
07/01/20 09:00 AM,22.4,0,457
07/01/20 10:00 AM,24.2,0,690
07/01/20 11:00 AM,25.9,0,835
07/01/20 12:00 PM,26.6,0,924
07/01/20 01:00 PM,27.7,0,958
07/01/20 02:00 PM,28.4,0,939
07/01/20 03:00 PM,28.7,0,866
07/01/20 04:00 PM,28.2,0,742
07/01/20 05:00 PM,27.1,0,580
07/01/20 06:00 PM,25.2,0,394
07/01/20 07:00 PM,23.6,0,204
07/01/20 08:00 PM,22.1,0,48
07/01/20 09:00 PM,20.9,0,0
07/01/20 10:00 PM,19.7,3,0
07/01/20 11:00 PM,18.9,4,0
07/02/20 12:00 AM,18.2,2,0
07/02/20 01:00 AM,17.8,0,0
07/02/20 02:00 AM,17.5,1,0
07/02/20 03:00 AM,17.2,3,0
07/02/20 04:00 AM,16.9,2,0
07/02/20 05:00 AM,16.6,4,0
07/02/20 06:00 AM,17.1,5,19
07/02/20 07:00 AM,18.8,3,145
07/02/20 08:00 AM,20.5,1,326
07/02/20 09:00 AM,21.9,0,515
07/02/20 10:00 AM,23.3,0,689
07/02/20 11:00 AM,24.7,0,828
07/02/20 12:00 PM,25.9,4,919
07/02/20 01:00 PM,26.3,0,957
07/02/20 02:00 PM,26.2,0,941
07/02/20 03:00 PM,26.0,0,870
07/02/20 04:00 PM,25.0,0,746
07/02/20 05:00 PM,23.6,0,582
07/02/20 06:00 PM,21.8,0,396
07/02/20 07:00 PM,20.1,0,207
07/02/20 08:00 PM,18.6,0,49
07/02/20 09:00 PM,17.5,0,0
07/02/20 10:00 PM,16.9,6,0
07/02/20 11:00 PM,16.6,4,0
07/03/20 12:00 AM,16.3,3,0
07/03/20 01:00 AM,16.1,2,0
07/03/20 02:00 AM,15.8,4,0
07/03/20 03:00 AM,15.5,4,0
07/03/20 04:00 AM,15.4,3,0
07/03/20 05:00 AM,15.3,0,0
07/03/20 06:00 AM,15.7,0,19
07/03/20 07:00 AM,17.0,0,151
07/03/20 08:00 AM,18.5,0,340
07/03/20 09:00 AM,20.4,0,535
07/03/20 10:00 AM,22.2,0,711
07/03/20 11:00 AM,23.9,0,852
07/03/20 12:00 PM,24.5,0,945
07/03/20 01:00 PM,25.6,0,983
07/03/20 02:00 PM,26.1,0,963
07/03/20 03:00 PM,26.3,0,886
07/03/20 04:00 PM,25.7,0,760
07/03/20 05:00 PM,24.6,0,595
07/03/20 06:00 PM,23.0,0,404
07/03/20 07:00 PM,21.1,0,210
07/03/20 08:00 PM,19.4,0,49
07/03/20 09:00 PM,18.4,0,0
07/03/20 10:00 PM,17.7,0,0
07/03/20 11:00 PM,17.3,0,0
07/04/20 12:00 AM,16.3,1,0
07/04/20 01:00 AM,16.0,1,0
07/04/20 02:00 AM,15.8,1,0
07/04/20 03:00 AM,15.8,1,0
07/04/20 04:00 AM,15.7,1,0
07/04/20 05:00 AM,15.6,1,0
07/04/20 06:00 AM,15.9,0,18
07/04/20 07:00 AM,17.5,0,148
07/04/20 08:00 AM,19.9,0,336
07/04/20 09:00 AM,22.8,0,530
07/04/20 10:00 AM,25.9,0,706
07/04/20 11:00 AM,28.6,0,846
07/04/20 12:00 PM,30.7,0,940
07/04/20 01:00 PM,32.4,0,979
07/04/20 02:00 PM,33.4,0,959
07/04/20 03:00 PM,34.2,0,884
07/04/20 04:00 PM,33.3,0,757
07/04/20 05:00 PM,32.5,0,588
07/04/20 06:00 PM,29.6,0,401
07/04/20 07:00 PM,26.5,0,209
07/04/20 08:00 PM,23.9,0,49
07/04/20 09:00 PM,22.4,0,0
07/04/20 10:00 PM,21.5,0,0
07/04/20 11:00 PM,21.0,0,0
07/05/20 12:00 AM,19.7,0,0
07/05/20 01:00 AM,19.0,0,0
07/05/20 02:00 AM,18.7,0,0
07/05/20 03:00 AM,18.6,0,0
07/05/20 04:00 AM,18.4,0,0
07/05/20 05:00 AM,18.1,0,0
07/05/20 06:00 AM,18.1,0,18
07/05/20 07:00 AM,20.4,0,147
07/05/20 08:00 AM,23.9,0,335
07/05/20 09:00 AM,27.3,0,530
07/05/20 10:00 AM,30.1,0,705
07/05/20 11:00 AM,32.7,0,844
07/05/20 12:00 PM,34.1,0,937
07/05/20 01:00 PM,35.2,0,978
07/05/20 02:00 PM,35.7,0,956
07/05/20 03:00 PM,36.0,0,880
07/05/20 04:00 PM,35.8,0,754
07/05/20 05:00 PM,35.2,0,585
07/05/20 06:00 PM,32.8,0,399
07/05/20 07:00 PM,29.6,0,207
07/05/20 08:00 PM,26.7,0,48
07/05/20 09:00 PM,24.8,0,0
07/05/20 10:00 PM,23.5,0,0
07/05/20 11:00 PM,22.3,0,0
07/06/20 12:00 AM,20.3,0,0
07/06/20 01:00 AM,19.8,0,0
07/06/20 02:00 AM,19.3,0,0
07/06/20 03:00 AM,18.8,0,0
07/06/20 04:00 AM,18.1,0,0
07/06/20 05:00 AM,18.1,0,0
07/06/20 06:00 AM,18.9,0,17
07/06/20 07:00 AM,21.4,0,146
07/06/20 08:00 AM,23.9,0,333
07/06/20 09:00 AM,26.7,0,527
07/06/20 10:00 AM,29.4,0,704
07/06/20 11:00 AM,31.8,0,844
07/06/20 12:00 PM,33.4,0,937
07/06/20 01:00 PM,35.1,0,976
07/06/20 02:00 PM,36.1,0,955
07/06/20 03:00 PM,36.6,0,881
07/06/20 04:00 PM,36.3,2,759
07/06/20 05:00 PM,35.4,0,596
07/06/20 06:00 PM,33.9,0,408
07/06/20 07:00 PM,31.0,0,213
07/06/20 08:00 PM,27.5,0,50
07/06/20 09:00 PM,25.0,0,0
07/06/20 10:00 PM,23.3,0,0
07/06/20 11:00 PM,21.9,0,0
07/07/20 12:00 AM,20.7,0,0
07/07/20 01:00 AM,20.1,0,0
07/07/20 02:00 AM,19.1,0,0
07/07/20 03:00 AM,18.6,0,0
07/07/20 04:00 AM,18.0,1,0
07/07/20 05:00 AM,17.6,2,0
07/07/20 06:00 AM,17.7,12,16
07/07/20 07:00 AM,19.8,4,139
07/07/20 08:00 AM,23.1,1,327
07/07/20 09:00 AM,26.3,0,519
07/07/20 10:00 AM,28.8,0,691
07/07/20 11:00 AM,30.5,0,833
07/07/20 12:00 PM,30.6,11,921
07/07/20 01:00 PM,31.7,1,897
07/07/20 02:00 PM,32.2,11,936
07/07/20 03:00 PM,32.4,8,817
07/07/20 04:00 PM,32.3,0,735
07/07/20 05:00 PM,31.2,4,581
07/07/20 06:00 PM,29.6,6,395
07/07/20 07:00 PM,27.2,7,202
07/07/20 08:00 PM,24.3,14,46
07/07/20 09:00 PM,21.9,1,0
07/07/20 10:00 PM,20.5,1,0
07/07/20 11:00 PM,19.6,3,0
07/08/20 12:00 AM,18.9,6,0
07/08/20 01:00 AM,18.1,40,0
07/08/20 02:00 AM,18.1,52,0
07/08/20 03:00 AM,18.0,59,0
07/08/20 04:00 AM,18.1,58,0
07/08/20 05:00 AM,17.8,82,0
07/08/20 06:00 AM,17.9,81,11
07/08/20 07:00 AM,18.6,81,82
07/08/20 08:00 AM,19.7,40,238
07/08/20 09:00 AM,21.3,40,452
07/08/20 10:00 AM,22.9,6,644
07/08/20 11:00 AM,24.5,4,811
07/08/20 12:00 PM,25.3,0,914
07/08/20 01:00 PM,26.2,0,968
07/08/20 02:00 PM,25.3,1,952
07/08/20 03:00 PM,24.9,1,873
07/08/20 04:00 PM,24.6,2,740
07/08/20 05:00 PM,24.4,0,583
07/08/20 06:00 PM,24.0,0,394
07/08/20 07:00 PM,22.7,0,206
07/08/20 08:00 PM,20.9,1,47
07/08/20 09:00 PM,19.3,1,0
07/08/20 10:00 PM,18.5,18,0
07/08/20 11:00 PM,18.6,86,0
07/09/20 12:00 AM,19.0,90,0
07/09/20 01:00 AM,18.9,76,0
07/09/20 02:00 AM,18.8,61,0
07/09/20 03:00 AM,18.5,70,0
07/09/20 04:00 AM,18.3,77,0
07/09/20 05:00 AM,18.6,87,0
07/09/20 06:00 AM,18.9,90,8
07/09/20 07:00 AM,19.4,88,69
07/09/20 08:00 AM,20.3,87,172
07/09/20 09:00 AM,21.9,23,338
07/09/20 10:00 AM,24.0,1,646
07/09/20 11:00 AM,25.7,0,817
07/09/20 12:00 PM,25.8,0,910
07/09/20 01:00 PM,27.7,0,953
07/09/20 02:00 PM,29.5,0,931
07/09/20 03:00 PM,30.2,0,858
07/09/20 04:00 PM,29.5,0,733
07/09/20 05:00 PM,28.2,0,571
07/09/20 06:00 PM,26.3,0,387
07/09/20 07:00 PM,24.3,0,200
07/09/20 08:00 PM,22.3,0,45
07/09/20 09:00 PM,21.3,0,0
07/09/20 10:00 PM,20.4,0,0
07/09/20 11:00 PM,19.7,1,0
07/10/20 12:00 AM,18.3,1,0
07/10/20 01:00 AM,17.9,2,0
07/10/20 02:00 AM,17.6,0,0
07/10/20 03:00 AM,17.7,0,0
07/10/20 04:00 AM,17.7,0,0
07/10/20 05:00 AM,17.6,1,0
07/10/20 06:00 AM,17.9,1,14
07/10/20 07:00 AM,19.4,0,136
07/10/20 08:00 AM,21.1,0,321
07/10/20 09:00 AM,23.3,0,513
07/10/20 10:00 AM,25.9,0,688
07/10/20 11:00 AM,28.3,0,828
07/10/20 12:00 PM,28.8,0,922
07/10/20 01:00 PM,30.8,0,959
07/10/20 02:00 PM,31.8,0,942
07/10/20 03:00 PM,31.9,0,869
07/10/20 04:00 PM,31.4,0,746
07/10/20 05:00 PM,30.0,0,583
07/10/20 06:00 PM,27.9,0,395
07/10/20 07:00 PM,25.8,0,203
07/10/20 08:00 PM,23.7,0,46
07/10/20 09:00 PM,22.3,0,0
07/10/20 10:00 PM,21.2,0,0
07/10/20 11:00 PM,20.5,0,0
07/11/20 12:00 AM,19.5,0,0
07/11/20 01:00 AM,18.9,0,0
07/11/20 02:00 AM,18.6,0,0
07/11/20 03:00 AM,18.4,0,0
07/11/20 04:00 AM,18.2,0,0
07/11/20 05:00 AM,18.1,0,0
07/11/20 06:00 AM,18.4,2,14
07/11/20 07:00 AM,20.5,2,132
07/11/20 08:00 AM,23.2,4,311
07/11/20 09:00 AM,26.2,0,495
07/11/20 10:00 AM,29.1,0,678
07/11/20 11:00 AM,31.0,0,817
07/11/20 12:00 PM,31.7,2,909
07/11/20 01:00 PM,33.6,0,942
07/11/20 02:00 PM,33.3,0,931
07/11/20 03:00 PM,32.9,0,861
07/11/20 04:00 PM,33.1,0,738
07/11/20 05:00 PM,33.3,1,570
07/11/20 06:00 PM,32.2,4,383
07/11/20 07:00 PM,30.4,0,194
07/11/20 08:00 PM,27.3,0,44
07/11/20 09:00 PM,24.3,0,0
07/11/20 10:00 PM,22.7,0,0
07/11/20 11:00 PM,21.9,0,0
07/12/20 12:00 AM,21.0,0,0
07/12/20 01:00 AM,19.9,0,0
07/12/20 02:00 AM,19.1,0,0
07/12/20 03:00 AM,18.2,0,0
07/12/20 04:00 AM,19.4,0,0
07/12/20 05:00 AM,19.1,0,0
07/12/20 06:00 AM,18.9,3,13
07/12/20 07:00 AM,20.6,0,129
07/12/20 08:00 AM,22.2,0,312
07/12/20 09:00 AM,24.3,0,505
07/12/20 10:00 AM,26.2,3,679
07/12/20 11:00 AM,27.7,10,814
07/12/20 12:00 PM,29.0,0,897
07/12/20 01:00 PM,29.8,1,949
07/12/20 02:00 PM,30.2,1,929
07/12/20 03:00 PM,30.9,0,857
07/12/20 04:00 PM,30.4,0,739
07/12/20 05:00 PM,29.5,0,578
07/12/20 06:00 PM,28.9,0,390
07/12/20 07:00 PM,28.1,0,198
07/12/20 08:00 PM,26.7,0,43
07/12/20 09:00 PM,25.8,0,0
07/12/20 10:00 PM,24.5,0,0
07/12/20 11:00 PM,23.6,0,0
07/13/20 12:00 AM,22.8,0,0
07/13/20 01:00 AM,22.1,0,0
07/13/20 02:00 AM,21.7,0,0
07/13/20 03:00 AM,21.5,0,0
07/13/20 04:00 AM,21.0,0,0
07/13/20 05:00 AM,20.6,0,0
07/13/20 06:00 AM,21.0,0,13
07/13/20 07:00 AM,23.7,0,131
07/13/20 08:00 AM,26.8,0,313
07/13/20 09:00 AM,29.7,0,504
07/13/20 10:00 AM,31.8,0,678
07/13/20 11:00 AM,33.4,0,818
07/13/20 12:00 PM,33.9,0,910
07/13/20 01:00 PM,35.5,0,950
07/13/20 02:00 PM,36.3,0,932
07/13/20 03:00 PM,36.7,0,860
07/13/20 04:00 PM,36.4,2,737
07/13/20 05:00 PM,35.2,2,553
07/13/20 06:00 PM,32.5,2,377
07/13/20 07:00 PM,30.4,2,192
07/13/20 08:00 PM,28.1,1,42
07/13/20 09:00 PM,26.4,0,0
07/13/20 10:00 PM,25.3,0,0
07/13/20 11:00 PM,24.7,0,0
07/14/20 12:00 AM,23.7,0,0
07/14/20 01:00 AM,22.9,0,0
07/14/20 02:00 AM,22.4,0,0
07/14/20 03:00 AM,22.0,0,0
07/14/20 04:00 AM,21.6,0,0
07/14/20 05:00 AM,21.4,0,0
07/14/20 06:00 AM,21.4,0,12
07/14/20 07:00 AM,22.8,0,129
07/14/20 08:00 AM,24.9,0,313
07/14/20 09:00 AM,27.3,0,505
07/14/20 10:00 AM,29.8,0,681
07/14/20 11:00 AM,32.3,0,821
07/14/20 12:00 PM,32.8,0,914
07/14/20 01:00 PM,33.6,0,949
07/14/20 02:00 PM,33.1,0,932
07/14/20 03:00 PM,31.9,0,860
07/14/20 04:00 PM,30.4,0,737
07/14/20 05:00 PM,28.4,0,575
07/14/20 06:00 PM,26.2,7,388
07/14/20 07:00 PM,24.2,2,198
07/14/20 08:00 PM,22.2,0,42
07/14/20 09:00 PM,20.8,0,0
07/14/20 10:00 PM,20.2,0,0
07/14/20 11:00 PM,19.9,0,0
07/15/20 12:00 AM,19.4,1,0
07/15/20 01:00 AM,19.1,0,0
07/15/20 02:00 AM,19.0,0,0
07/15/20 03:00 AM,19.0,0,0
07/15/20 04:00 AM,18.8,0,0
07/15/20 05:00 AM,18.2,0,0
07/15/20 06:00 AM,18.2,0,11
07/15/20 07:00 AM,20.4,0,128
07/15/20 08:00 AM,23.4,0,312
07/15/20 09:00 AM,26.4,0,504
07/15/20 10:00 AM,28.4,0,678
07/15/20 11:00 AM,30.0,0,817
07/15/20 12:00 PM,29.2,0,910
07/15/20 01:00 PM,30.1,0,950
07/15/20 02:00 PM,31.1,0,933
07/15/20 03:00 PM,32.5,0,860
07/15/20 04:00 PM,32.8,0,734
07/15/20 05:00 PM,32.1,0,570
07/15/20 06:00 PM,31.0,0,382
07/15/20 07:00 PM,30.9,0,193
07/15/20 08:00 PM,30.1,0,41
07/15/20 09:00 PM,28.7,0,0
07/15/20 10:00 PM,28.1,0,0
07/15/20 11:00 PM,28.0,0,0
07/16/20 12:00 AM,27.7,0,0
07/16/20 01:00 AM,26.9,1,0
07/16/20 02:00 AM,26.4,0,0
07/16/20 03:00 AM,25.9,0,0
07/16/20 04:00 AM,25.1,0,0
07/16/20 05:00 AM,24.3,0,0
07/16/20 06:00 AM,24.0,0,11
07/16/20 07:00 AM,26.2,0,126
07/16/20 08:00 AM,29.1,0,308
07/16/20 09:00 AM,30.3,0,499
07/16/20 10:00 AM,31.4,0,672
07/16/20 11:00 AM,32.6,0,811
07/16/20 12:00 PM,33.3,0,904
07/16/20 01:00 PM,35.2,0,941
07/16/20 02:00 PM,36.5,0,924
07/16/20 03:00 PM,37.4,0,851
07/16/20 04:00 PM,37.6,0,729
07/16/20 05:00 PM,37.8,0,569
07/16/20 06:00 PM,37.3,0,383
07/16/20 07:00 PM,35.4,0,193
07/16/20 08:00 PM,32.8,0,40
07/16/20 09:00 PM,31.6,0,0
07/16/20 10:00 PM,30.4,0,0
07/16/20 11:00 PM,29.7,0,0
07/17/20 12:00 AM,28.4,0,0
07/17/20 01:00 AM,27.5,0,0
07/17/20 02:00 AM,26.6,0,0
07/17/20 03:00 AM,26.2,0,0
07/17/20 04:00 AM,25.8,0,0
07/17/20 05:00 AM,25.3,0,0
07/17/20 06:00 AM,24.9,0,10
07/17/20 07:00 AM,26.6,0,124
07/17/20 08:00 AM,27.9,0,307
07/17/20 09:00 AM,28.7,0,498
07/17/20 10:00 AM,28.6,0,672
07/17/20 11:00 AM,29.2,0,812
07/17/20 12:00 PM,31.2,0,906
07/17/20 01:00 PM,30.9,0,944
07/17/20 02:00 PM,31.2,0,926
07/17/20 03:00 PM,32.3,0,854
07/17/20 04:00 PM,32.4,0,731
07/17/20 05:00 PM,31.4,0,569
07/17/20 06:00 PM,31.0,0,383
07/17/20 07:00 PM,29.9,0,193
07/17/20 08:00 PM,27.7,0,40
07/17/20 09:00 PM,26.5,0,0
07/17/20 10:00 PM,25.8,0,0
07/17/20 11:00 PM,24.5,0,0
07/18/20 12:00 AM,23.3,0,0
07/18/20 01:00 AM,22.4,0,0
07/18/20 02:00 AM,21.3,0,0
07/18/20 03:00 AM,20.5,0,0
07/18/20 04:00 AM,19.8,0,0
07/18/20 05:00 AM,19.3,0,0
07/18/20 06:00 AM,19.5,0,10
07/18/20 07:00 AM,22.1,0,123
07/18/20 08:00 AM,25.3,0,306
07/18/20 09:00 AM,26.6,0,497
07/18/20 10:00 AM,27.3,0,670
07/18/20 11:00 AM,28.4,0,811
07/18/20 12:00 PM,29.8,0,903
07/18/20 01:00 PM,29.8,3,941
07/18/20 02:00 PM,29.9,5,914
07/18/20 03:00 PM,29.6,6,836
07/18/20 04:00 PM,28.6,5,710
07/18/20 05:00 PM,27.6,0,555
07/18/20 06:00 PM,25.9,1,377
07/18/20 07:00 PM,23.4,0,193
07/18/20 08:00 PM,21.6,0,39
07/18/20 09:00 PM,20.8,0,0
07/18/20 10:00 PM,20.0,2,0
07/18/20 11:00 PM,19.3,15,0
07/19/20 12:00 AM,18.6,18,0
07/19/20 01:00 AM,17.9,20,0
07/19/20 02:00 AM,17.5,18,0
07/19/20 03:00 AM,17.0,18,0
07/19/20 04:00 AM,16.7,14,0
07/19/20 05:00 AM,16.2,17,0
07/19/20 06:00 AM,17.1,28,8
07/19/20 07:00 AM,18.3,24,101
07/19/20 08:00 AM,19.8,3,246
07/19/20 09:00 AM,21.8,0,474
07/19/20 10:00 AM,24.0,0,661
07/19/20 11:00 AM,26.1,0,811
07/19/20 12:00 PM,26.1,0,919
07/19/20 01:00 PM,27.3,0,963
07/19/20 02:00 PM,27.7,0,944
07/19/20 03:00 PM,27.5,0,867
07/19/20 04:00 PM,27.0,0,743
07/19/20 05:00 PM,25.8,0,580
07/19/20 06:00 PM,24.2,0,389
07/19/20 07:00 PM,22.9,0,194
07/19/20 08:00 PM,21.6,0,38
07/19/20 09:00 PM,20.7,0,0
07/19/20 10:00 PM,20.1,0,0
07/19/20 11:00 PM,19.5,0,0
07/20/20 12:00 AM,19.5,28,0
07/20/20 01:00 AM,19.0,23,0
07/20/20 02:00 AM,18.9,3,0
07/20/20 03:00 AM,17.5,6,0
07/20/20 04:00 AM,16.6,9,0
07/20/20 05:00 AM,16.0,15,0
07/20/20 06:00 AM,16.8,29,8
07/20/20 07:00 AM,19.1,28,110
07/20/20 08:00 AM,21.8,30,275
07/20/20 09:00 AM,24.4,31,437
07/20/20 10:00 AM,27.0,34,520
07/20/20 11:00 AM,29.0,41,455
07/20/20 12:00 PM,30.9,35,746
07/20/20 01:00 PM,33.1,35,842
07/20/20 02:00 PM,33.9,47,782
07/20/20 03:00 PM,34.8,39,628
07/20/20 04:00 PM,35.8,35,590
07/20/20 05:00 PM,35.8,34,479
07/20/20 06:00 PM,35.1,24,308
07/20/20 07:00 PM,33.6,26,163
07/20/20 08:00 PM,31.1,32,30
07/20/20 09:00 PM,29.3,32,0
07/20/20 10:00 PM,28.1,32,0
07/20/20 11:00 PM,27.3,30,0
07/21/20 12:00 AM,26.6,32,0
07/21/20 01:00 AM,25.7,48,0
07/21/20 02:00 AM,25.9,18,0
07/21/20 03:00 AM,25.6,56,0
07/21/20 04:00 AM,25.7,53,0
07/21/20 05:00 AM,25.1,34,0
07/21/20 06:00 AM,25.2,22,6
07/21/20 07:00 AM,26.4,6,98
07/21/20 08:00 AM,29.7,0,278
07/21/20 09:00 AM,29.5,2,488
07/21/20 10:00 AM,29.6,19,655
07/21/20 11:00 AM,30.4,13,747
07/21/20 12:00 PM,30.8,13,859
07/21/20 01:00 PM,31.8,31,844
07/21/20 02:00 PM,31.9,60,696
07/21/20 03:00 PM,29.7,41,515
07/21/20 04:00 PM,30.1,28,570
07/21/20 05:00 PM,29.2,36,441
07/21/20 06:00 PM,29.0,8,220
07/21/20 07:00 PM,28.6,0,175
07/21/20 08:00 PM,27.1,0,34
07/21/20 09:00 PM,26.0,0,0
07/21/20 10:00 PM,25.6,0,0
07/21/20 11:00 PM,25.1,0,0
07/22/20 12:00 AM,21.7,0,0
07/22/20 01:00 AM,21.3,0,0
07/22/20 02:00 AM,20.5,0,0
07/22/20 03:00 AM,20.1,0,0
07/22/20 04:00 AM,19.5,0,0
07/22/20 05:00 AM,19.5,0,0
07/22/20 06:00 AM,19.1,5,7
07/22/20 07:00 AM,20.5,2,110
07/22/20 08:00 AM,22.5,0,289
07/22/20 09:00 AM,24.4,0,480
07/22/20 10:00 AM,26.3,1,654
07/22/20 11:00 AM,28.1,1,793
07/22/20 12:00 PM,28.3,8,887
07/22/20 01:00 PM,29.8,2,930
07/22/20 02:00 PM,30.7,0,912
07/22/20 03:00 PM,31.5,0,841
07/22/20 04:00 PM,31.6,0,718
07/22/20 05:00 PM,31.2,0,557
07/22/20 06:00 PM,30.3,0,370
07/22/20 07:00 PM,28.6,0,182
07/22/20 08:00 PM,26.3,0,34
07/22/20 09:00 PM,25.1,0,0
07/22/20 10:00 PM,24.1,0,0
07/22/20 11:00 PM,23.2,0,0
07/23/20 12:00 AM,21.9,0,0
07/23/20 01:00 AM,20.9,1,0
07/23/20 02:00 AM,20.3,0,0
07/23/20 03:00 AM,19.6,1,0
07/23/20 04:00 AM,18.9,1,0
07/23/20 05:00 AM,18.3,3,0
07/23/20 06:00 AM,18.5,10,7
07/23/20 07:00 AM,20.1,10,106
07/23/20 08:00 AM,22.2,7,279
07/23/20 09:00 AM,24.7,4,470
07/23/20 10:00 AM,27.2,0,657
07/23/20 11:00 AM,29.3,0,809
07/23/20 12:00 PM,30.1,0,904
07/23/20 01:00 PM,31.5,0,946
07/23/20 02:00 PM,32.3,0,931
07/23/20 03:00 PM,33.0,0,857
07/23/20 04:00 PM,33.4,0,732
07/23/20 05:00 PM,32.3,0,568
07/23/20 06:00 PM,29.3,0,379
07/23/20 07:00 PM,26.8,0,185
07/23/20 08:00 PM,24.4,0,33
07/23/20 09:00 PM,22.4,0,0
07/23/20 10:00 PM,21.3,0,0
07/23/20 11:00 PM,20.8,1,0
07/24/20 12:00 AM,19.7,1,0
07/24/20 01:00 AM,19.3,0,0
07/24/20 02:00 AM,19.0,0,0
07/24/20 03:00 AM,18.8,0,0
07/24/20 04:00 AM,18.6,0,0
07/24/20 05:00 AM,18.6,0,0
07/24/20 06:00 AM,18.8,0,7
07/24/20 07:00 AM,20.0,0,115
07/24/20 08:00 AM,21.7,0,303
07/24/20 09:00 AM,24.2,0,501
07/24/20 10:00 AM,26.5,0,680
07/24/20 11:00 AM,28.3,0,823
07/24/20 12:00 PM,29.4,0,918
07/24/20 01:00 PM,30.5,0,954
07/24/20 02:00 PM,30.6,0,935
07/24/20 03:00 PM,30.3,0,860
07/24/20 04:00 PM,29.2,0,734
07/24/20 05:00 PM,27.4,0,567
07/24/20 06:00 PM,25.4,0,375
07/24/20 07:00 PM,23.1,0,181
07/24/20 08:00 PM,21.2,0,32
07/24/20 09:00 PM,20.1,1,0
07/24/20 10:00 PM,19.5,1,0
07/24/20 11:00 PM,19.3,1,0
07/25/20 12:00 AM,19.1,1,0
07/25/20 01:00 AM,18.9,1,0
07/25/20 02:00 AM,18.8,1,0
07/25/20 03:00 AM,18.7,1,0
07/25/20 04:00 AM,18.6,1,0
07/25/20 05:00 AM,18.7,1,0
07/25/20 06:00 AM,19.0,0,6
07/25/20 07:00 AM,20.6,0,108
07/25/20 08:00 AM,22.5,0,290
07/25/20 09:00 AM,24.7,0,484
07/25/20 10:00 AM,27.0,0,661
07/25/20 11:00 AM,28.8,0,805
07/25/20 12:00 PM,29.9,0,900
07/25/20 01:00 PM,30.7,0,940
07/25/20 02:00 PM,30.9,0,923
07/25/20 03:00 PM,30.7,0,851
07/25/20 04:00 PM,30.0,0,728
07/25/20 05:00 PM,28.9,0,564
07/25/20 06:00 PM,25.9,0,375
07/25/20 07:00 PM,23.0,0,181
07/25/20 08:00 PM,21.2,0,31
07/25/20 09:00 PM,20.1,1,0
07/25/20 10:00 PM,19.4,1,0
07/25/20 11:00 PM,18.9,1,0
07/26/20 12:00 AM,19.2,0,0
07/26/20 01:00 AM,18.9,3,0
07/26/20 02:00 AM,18.4,44,0
07/26/20 03:00 AM,18.6,25,0
07/26/20 04:00 AM,18.2,29,0
07/26/20 05:00 AM,17.8,35,0
07/26/20 06:00 AM,18.0,38,5
07/26/20 07:00 AM,19.1,42,81
07/26/20 08:00 AM,21.1,4,253
07/26/20 09:00 AM,23.5,1,482
07/26/20 10:00 AM,26.1,0,674
07/26/20 11:00 AM,28.6,0,822
07/26/20 12:00 PM,30.2,0,919
07/26/20 01:00 PM,32.5,0,952
07/26/20 02:00 PM,33.7,0,932
07/26/20 03:00 PM,33.4,0,854
07/26/20 04:00 PM,32.5,0,724
07/26/20 05:00 PM,30.8,0,557
07/26/20 06:00 PM,28.1,0,367
07/26/20 07:00 PM,25.5,0,176
07/26/20 08:00 PM,23.3,0,30
07/26/20 09:00 PM,22.2,0,0
07/26/20 10:00 PM,21.4,1,0
07/26/20 11:00 PM,21.0,1,0
07/27/20 12:00 AM,20.3,0,0
07/27/20 01:00 AM,19.9,0,0
07/27/20 02:00 AM,19.6,0,0
07/27/20 03:00 AM,19.3,1,0
07/27/20 04:00 AM,19.1,0,0
07/27/20 05:00 AM,18.9,0,0
07/27/20 06:00 AM,18.6,0,5
07/27/20 07:00 AM,19.9,0,105
07/27/20 08:00 AM,21.7,0,287
07/27/20 09:00 AM,23.8,0,482
07/27/20 10:00 AM,26.1,0,658
07/27/20 11:00 AM,27.9,0,800
07/27/20 12:00 PM,28.5,0,896
07/27/20 01:00 PM,29.3,0,935
07/27/20 02:00 PM,29.6,0,916
07/27/20 03:00 PM,29.0,0,843
07/27/20 04:00 PM,28.3,0,720
07/27/20 05:00 PM,26.3,0,555
07/27/20 06:00 PM,24.4,1,363
07/27/20 07:00 PM,22.5,2,168
07/27/20 08:00 PM,21.2,2,27
07/27/20 09:00 PM,20.6,2,0
07/27/20 10:00 PM,19.8,2,0
07/27/20 11:00 PM,19.5,6,0
07/28/20 12:00 AM,19.5,73,0
07/28/20 01:00 AM,19.7,90,0
07/28/20 02:00 AM,20.5,90,0
07/28/20 03:00 AM,20.5,88,0
07/28/20 04:00 AM,20.4,90,0
07/28/20 05:00 AM,20.2,90,0
07/28/20 06:00 AM,20.2,90,2
07/28/20 07:00 AM,20.4,90,37
07/28/20 08:00 AM,21.1,90,108
07/28/20 09:00 AM,22.2,71,194
07/28/20 10:00 AM,24.6,17,508
07/28/20 11:00 AM,26.6,0,767
07/28/20 12:00 PM,28.1,2,900
07/28/20 01:00 PM,29.2,1,944
07/28/20 02:00 PM,29.4,0,923
07/28/20 03:00 PM,29.3,0,849
07/28/20 04:00 PM,28.5,0,726
07/28/20 05:00 PM,26.6,0,560
07/28/20 06:00 PM,24.6,0,368
07/28/20 07:00 PM,22.5,0,175
07/28/20 08:00 PM,20.7,0,28
07/28/20 09:00 PM,19.9,0,0
07/28/20 10:00 PM,19.1,1,0
07/28/20 11:00 PM,18.5,3,0
07/29/20 12:00 AM,18.1,85,0
07/29/20 01:00 AM,17.8,90,0
07/29/20 02:00 AM,18.1,72,0
07/29/20 03:00 AM,17.6,86,0
07/29/20 04:00 AM,17.6,71,0
07/29/20 05:00 AM,17.3,86,0
07/29/20 06:00 AM,17.4,75,4
07/29/20 07:00 AM,18.3,61,77
07/29/20 08:00 AM,20.2,1,242
07/29/20 09:00 AM,22.7,0,484
07/29/20 10:00 AM,25.0,0,663
07/29/20 11:00 AM,27.0,0,808
07/29/20 12:00 PM,27.3,0,903
07/29/20 01:00 PM,29.6,0,947
07/29/20 02:00 PM,31.2,0,927
07/29/20 03:00 PM,32.1,0,851
07/29/20 04:00 PM,32.1,0,726
07/29/20 05:00 PM,31.8,0,559
07/29/20 06:00 PM,30.7,0,366
07/29/20 07:00 PM,28.4,0,173
07/29/20 08:00 PM,25.1,0,27
07/29/20 09:00 PM,23.0,0,0
07/29/20 10:00 PM,21.7,0,0
07/29/20 11:00 PM,20.9,0,0
07/30/20 12:00 AM,20.2,13,0
07/30/20 01:00 AM,19.2,49,0
07/30/20 02:00 AM,18.7,34,0
07/30/20 03:00 AM,18.1,90,0
07/30/20 04:00 AM,18.1,82,0
07/30/20 05:00 AM,18.2,89,0
07/30/20 06:00 AM,17.9,90,3
07/30/20 07:00 AM,18.8,90,63
07/30/20 08:00 AM,20.1,77,170
07/30/20 09:00 AM,22.3,8,378
07/30/20 10:00 AM,24.7,14,626
07/30/20 11:00 AM,26.3,7,780
07/30/20 12:00 PM,26.9,0,872
07/30/20 01:00 PM,28.2,0,932
07/30/20 02:00 PM,28.5,0,914
07/30/20 03:00 PM,28.3,0,839
07/30/20 04:00 PM,27.9,0,715
07/30/20 05:00 PM,27.9,0,551
07/30/20 06:00 PM,27.5,0,361
07/30/20 07:00 PM,26.0,0,169
07/30/20 08:00 PM,23.8,0,25
07/30/20 09:00 PM,22.1,0,0
07/30/20 10:00 PM,20.6,0,0
07/30/20 11:00 PM,19.5,0,0
07/31/20 12:00 AM,19.1,0,0
07/31/20 01:00 AM,18.2,1,0
07/31/20 02:00 AM,17.6,2,0
07/31/20 03:00 AM,17.2,2,0
07/31/20 04:00 AM,17.1,3,0
07/31/20 05:00 AM,16.8,3,0
07/31/20 06:00 AM,17.1,4,4
07/31/20 07:00 AM,18.8,4,97
07/31/20 08:00 AM,21.0,4,274
07/31/20 09:00 AM,23.5,1,467
07/31/20 10:00 AM,25.7,0,654
07/31/20 11:00 AM,27.7,0,801
07/31/20 12:00 PM,29.4,0,898
07/31/20 01:00 PM,30.9,0,942
07/31/20 02:00 PM,32.0,0,926
07/31/20 03:00 PM,32.9,0,852
07/31/20 04:00 PM,33.3,0,726
07/31/20 05:00 PM,31.5,0,558
07/31/20 06:00 PM,29.0,0,365
07/31/20 07:00 PM,26.2,0,171
07/31/20 08:00 PM,23.2,0,25
07/31/20 09:00 PM,21.8,0,0
07/31/20 10:00 PM,20.6,1,0
07/31/20 11:00 PM,19.8,1,0
08/01/20 12:00 AM,19.1,2,0
08/01/20 01:00 AM,18.8,2,0
08/01/20 02:00 AM,18.4,6,0
08/01/20 03:00 AM,18.2,28,0
08/01/20 04:00 AM,18.3,77,0
08/01/20 05:00 AM,18.7,59,0
08/01/20 06:00 AM,18.8,53,3
08/01/20 07:00 AM,19.8,50,74
08/01/20 08:00 AM,21.3,5,240
08/01/20 09:00 AM,23.4,2,464
08/01/20 10:00 AM,25.6,0,652
08/01/20 11:00 AM,27.6,0,794
08/01/20 12:00 PM,29.7,0,888
08/01/20 01:00 PM,31.1,0,928
08/01/20 02:00 PM,31.7,0,911
08/01/20 03:00 PM,30.8,0,837
08/01/20 04:00 PM,30.1,0,711
08/01/20 05:00 PM,28.3,0,543
08/01/20 06:00 PM,25.9,0,352
08/01/20 07:00 PM,23.5,0,161
08/01/20 08:00 PM,21.2,0,22
08/01/20 09:00 PM,19.8,1,0
08/01/20 10:00 PM,18.9,1,0
08/01/20 11:00 PM,18.4,1,0
08/02/20 12:00 AM,18.0,2,0
08/02/20 01:00 AM,17.7,2,0
08/02/20 02:00 AM,17.4,4,0
08/02/20 03:00 AM,17.4,2,0
08/02/20 04:00 AM,17.3,2,0
08/02/20 05:00 AM,17.1,10,0
08/02/20 06:00 AM,17.1,5,3
08/02/20 07:00 AM,18.3,5,93
08/02/20 08:00 AM,19.9,1,272
08/02/20 09:00 AM,21.8,0,477
08/02/20 10:00 AM,23.8,0,666
08/02/20 11:00 AM,25.9,0,813
08/02/20 12:00 PM,28.0,0,910
08/02/20 01:00 PM,28.2,0,953
08/02/20 02:00 PM,28.5,0,930
08/02/20 03:00 PM,27.9,0,858
08/02/20 04:00 PM,27.1,0,728
08/02/20 05:00 PM,25.2,0,553
08/02/20 06:00 PM,23.2,0,353
08/02/20 07:00 PM,21.5,0,159
08/02/20 08:00 PM,20.1,8,21
08/02/20 09:00 PM,19.3,22,0
08/02/20 10:00 PM,18.9,14,0
08/02/20 11:00 PM,18.6,3,0
08/03/20 12:00 AM,17.7,3,0
08/03/20 01:00 AM,17.5,24,0
08/03/20 02:00 AM,17.6,27,0
08/03/20 03:00 AM,17.5,14,0
08/03/20 04:00 AM,17.4,24,0
08/03/20 05:00 AM,17.6,27,0
08/03/20 06:00 AM,17.6,26,3
08/03/20 07:00 AM,18.9,27,80
08/03/20 08:00 AM,20.4,14,245
08/03/20 09:00 AM,22.5,28,442
08/03/20 10:00 AM,24.5,26,623
08/03/20 11:00 AM,25.9,28,766
08/03/20 12:00 PM,26.1,70,851
08/03/20 01:00 PM,27.1,27,818
08/03/20 02:00 PM,27.5,25,851
08/03/20 03:00 PM,27.9,26,802
08/03/20 04:00 PM,27.2,26,684
08/03/20 05:00 PM,25.5,24,521
08/03/20 06:00 PM,23.7,26,335
08/03/20 07:00 PM,21.6,28,146
08/03/20 08:00 PM,20.1,28,19
08/03/20 09:00 PM,19.4,31,0
08/03/20 10:00 PM,19.0,31,0
08/03/20 11:00 PM,18.6,33,0
08/04/20 12:00 AM,18.4,40,0
08/04/20 01:00 AM,18.1,56,0
08/04/20 02:00 AM,18.1,70,0
08/04/20 03:00 AM,18.3,64,0
08/04/20 04:00 AM,18.3,65,0
08/04/20 05:00 AM,18.2,57,0
08/04/20 06:00 AM,18.2,32,2
08/04/20 07:00 AM,18.9,19,79
08/04/20 08:00 AM,20.6,16,257
08/04/20 09:00 AM,22.8,16,445
08/04/20 10:00 AM,25.4,14,634
08/04/20 11:00 AM,28.0,8,778
08/04/20 12:00 PM,29.4,22,877
08/04/20 01:00 PM,31.4,15,917
08/04/20 02:00 PM,32.4,14,900
08/04/20 03:00 PM,32.9,0,823
08/04/20 04:00 PM,32.2,9,696
08/04/20 05:00 PM,30.6,7,529
08/04/20 06:00 PM,28.3,0,339
08/04/20 07:00 PM,25.9,2,151
08/04/20 08:00 PM,23.4,1,18
08/04/20 09:00 PM,22.2,0,0
08/04/20 10:00 PM,21.5,0,0
08/04/20 11:00 PM,21.0,0,0
08/05/20 12:00 AM,19.5,1,0
08/05/20 01:00 AM,19.0,2,0
08/05/20 02:00 AM,18.6,6,0
08/05/20 03:00 AM,18.5,2,0
08/05/20 04:00 AM,18.3,0,0
08/05/20 05:00 AM,18.2,1,0
08/05/20 06:00 AM,18.1,1,2
08/05/20 07:00 AM,19.6,0,85
08/05/20 08:00 AM,21.8,0,261
08/05/20 09:00 AM,24.4,0,454
08/05/20 10:00 AM,27.1,0,632
08/05/20 11:00 AM,29.7,0,775
08/05/20 12:00 PM,31.7,0,871
08/05/20 01:00 PM,33.7,0,912
08/05/20 02:00 PM,34.8,0,894
08/05/20 03:00 PM,35.4,0,818
08/05/20 04:00 PM,35.0,0,693
08/05/20 05:00 PM,33.3,0,525
08/05/20 06:00 PM,30.6,0,335
08/05/20 07:00 PM,27.2,0,147
08/05/20 08:00 PM,24.7,0,17
08/05/20 09:00 PM,22.9,0,0
08/05/20 10:00 PM,22.0,0,0
08/05/20 11:00 PM,21.7,0,0
08/06/20 12:00 AM,21.3,0,0
08/06/20 01:00 AM,21.0,0,0
08/06/20 02:00 AM,20.4,0,0
08/06/20 03:00 AM,19.9,0,0
08/06/20 04:00 AM,19.5,0,0
08/06/20 05:00 AM,18.6,0,0
08/06/20 06:00 AM,18.6,0,2
08/06/20 07:00 AM,20.1,0,84
08/06/20 08:00 AM,22.7,0,260
08/06/20 09:00 AM,25.9,0,454
08/06/20 10:00 AM,29.0,0,634
08/06/20 11:00 AM,31.5,0,778
08/06/20 12:00 PM,31.7,0,877
08/06/20 01:00 PM,32.7,0,914
08/06/20 02:00 PM,33.5,0,895
08/06/20 03:00 PM,33.6,0,819
08/06/20 04:00 PM,32.7,0,690
08/06/20 05:00 PM,31.8,0,522
08/06/20 06:00 PM,30.2,0,331
08/06/20 07:00 PM,27.6,0,143
08/06/20 08:00 PM,25.0,0,16
08/06/20 09:00 PM,22.9,0,0
08/06/20 10:00 PM,22.0,0,0
08/06/20 11:00 PM,21.3,0,0
08/07/20 12:00 AM,20.9,0,0
08/07/20 01:00 AM,20.7,0,0
08/07/20 02:00 AM,20.3,0,0
08/07/20 03:00 AM,19.6,0,0
08/07/20 04:00 AM,19.1,0,0
08/07/20 05:00 AM,18.6,1,0
08/07/20 06:00 AM,18.5,1,2
08/07/20 07:00 AM,20.2,2,81
08/07/20 08:00 AM,22.4,1,257
08/07/20 09:00 AM,24.4,12,448
08/07/20 10:00 AM,26.4,39,597
08/07/20 11:00 AM,27.7,66,569
08/07/20 12:00 PM,29.1,0,796
08/07/20 01:00 PM,31.0,0,910
08/07/20 02:00 PM,31.7,0,886
08/07/20 03:00 PM,32.2,0,814
08/07/20 04:00 PM,32.3,0,689
08/07/20 05:00 PM,30.2,0,523
08/07/20 06:00 PM,27.8,0,331
08/07/20 07:00 PM,25.1,0,143
08/07/20 08:00 PM,22.8,0,15
08/07/20 09:00 PM,21.6,0,0
08/07/20 10:00 PM,20.9,0,0
08/07/20 11:00 PM,20.4,2,0
08/08/20 12:00 AM,19.8,6,0
08/08/20 01:00 AM,19.4,11,0
08/08/20 02:00 AM,19.1,29,0
08/08/20 03:00 AM,18.8,40,0
08/08/20 04:00 AM,18.7,76,0
08/08/20 05:00 AM,18.8,43,0
08/08/20 06:00 AM,18.7,63,1
08/08/20 07:00 AM,19.7,41,61
08/08/20 08:00 AM,21.3,16,221
08/08/20 09:00 AM,23.2,6,428
08/08/20 10:00 AM,25.3,0,615
08/08/20 11:00 AM,27.4,0,772
08/08/20 12:00 PM,29.7,0,871
08/08/20 01:00 PM,31.1,0,915
08/08/20 02:00 PM,31.9,0,895
08/08/20 03:00 PM,32.1,0,817
08/08/20 04:00 PM,31.7,0,688
08/08/20 05:00 PM,29.9,0,520
08/08/20 06:00 PM,27.4,0,329
08/08/20 07:00 PM,24.6,0,140
08/08/20 08:00 PM,22.4,0,14
08/08/20 09:00 PM,20.9,0,0
08/08/20 10:00 PM,19.9,1,0
08/08/20 11:00 PM,19.2,2,0
08/09/20 12:00 AM,18.5,6,0
08/09/20 01:00 AM,17.9,22,0
08/09/20 02:00 AM,17.6,57,0
08/09/20 03:00 AM,17.6,74,0
08/09/20 04:00 AM,17.6,77,0
08/09/20 05:00 AM,17.9,73,0
08/09/20 06:00 AM,18.0,74,1
08/09/20 07:00 AM,18.9,32,59
08/09/20 08:00 AM,20.1,35,227
08/09/20 09:00 AM,21.7,16,403
08/09/20 10:00 AM,23.9,13,623
08/09/20 11:00 AM,26.0,12,767
08/09/20 12:00 PM,27.6,4,872
08/09/20 01:00 PM,28.8,14,913
08/09/20 02:00 PM,29.3,18,879
08/09/20 03:00 PM,29.0,25,759
08/09/20 04:00 PM,28.3,20,609
08/09/20 05:00 PM,26.8,10,502
08/09/20 06:00 PM,24.4,17,325
08/09/20 07:00 PM,22.2,22,132
08/09/20 08:00 PM,20.8,23,13
08/09/20 09:00 PM,19.7,18,0
08/09/20 10:00 PM,19.0,9,0
08/09/20 11:00 PM,18.5,5,0
08/10/20 12:00 AM,18.7,91,0
08/10/20 01:00 AM,19.0,86,0
08/10/20 02:00 AM,18.8,83,0
08/10/20 03:00 AM,18.6,87,0
08/10/20 04:00 AM,18.5,87,0
08/10/20 05:00 AM,18.3,74,0
08/10/20 06:00 AM,18.1,68,1
08/10/20 07:00 AM,18.9,49,55
08/10/20 08:00 AM,20.1,48,201
08/10/20 09:00 AM,21.6,26,380
08/10/20 10:00 AM,23.4,0,595
08/10/20 11:00 AM,25.1,0,777
08/10/20 12:00 PM,25.6,11,875
08/10/20 01:00 PM,26.9,10,916
08/10/20 02:00 PM,27.9,8,896
08/10/20 03:00 PM,28.4,5,819
08/10/20 04:00 PM,28.1,14,689
08/10/20 05:00 PM,26.3,23,514
08/10/20 06:00 PM,24.2,22,313
08/10/20 07:00 PM,22.2,11,124
08/10/20 08:00 PM,20.9,19,12
08/10/20 09:00 PM,20.1,24,0
08/10/20 10:00 PM,19.7,31,0
08/10/20 11:00 PM,19.4,27,0
08/11/20 12:00 AM,19.2,100,0
08/11/20 01:00 AM,19.2,100,0
08/11/20 02:00 AM,19.3,100,0
08/11/20 03:00 AM,19.4,100,0
08/11/20 04:00 AM,19.0,57,0
08/11/20 05:00 AM,18.5,100,0
08/11/20 06:00 AM,18.5,100,0
08/11/20 07:00 AM,19.2,89,37
08/11/20 08:00 AM,20.5,100,144
08/11/20 09:00 AM,21.9,100,239
08/11/20 10:00 AM,22.9,91,309
08/11/20 11:00 AM,24.7,70,507
08/11/20 12:00 PM,25.3,58,789
08/11/20 01:00 PM,26.9,32,746
08/11/20 02:00 PM,27.6,35,874
08/11/20 03:00 PM,26.8,13,745
08/11/20 04:00 PM,25.8,18,657
08/11/20 05:00 PM,24.5,20,495
08/11/20 06:00 PM,23.2,65,304
08/11/20 07:00 PM,21.7,7,118
08/11/20 08:00 PM,20.6,4,10
08/11/20 09:00 PM,20.0,5,0
08/11/20 10:00 PM,19.5,23,0
08/11/20 11:00 PM,19.1,32,0
08/12/20 12:00 AM,19.4,90,0
08/12/20 01:00 AM,19.3,86,0
08/12/20 02:00 AM,19.3,90,0
08/12/20 03:00 AM,19.3,90,0
08/12/20 04:00 AM,19.2,78,0
08/12/20 05:00 AM,19.2,63,0
08/12/20 06:00 AM,19.1,36,0
08/12/20 07:00 AM,19.6,44,57
08/12/20 08:00 AM,20.8,78,178
08/12/20 09:00 AM,21.8,90,216
08/12/20 10:00 AM,22.1,90,216
08/12/20 11:00 AM,22.5,86,215
08/12/20 12:00 PM,24.3,69,438
08/12/20 01:00 PM,24.3,75,571
08/12/20 02:00 PM,24.3,63,527
08/12/20 03:00 PM,25.1,38,491
08/12/20 04:00 PM,25.5,17,499
08/12/20 05:00 PM,25.0,14,413
08/12/20 06:00 PM,24.2,13,289
08/12/20 07:00 PM,23.1,1,114
08/12/20 08:00 PM,21.3,13,10
08/12/20 09:00 PM,20.5,18,0
08/12/20 10:00 PM,19.7,14,0
08/12/20 11:00 PM,19.1,4,0
08/13/20 12:00 AM,18.8,1,0
08/13/20 01:00 AM,18.4,2,0
08/13/20 02:00 AM,17.9,0,0
08/13/20 03:00 AM,17.6,1,0
08/13/20 04:00 AM,17.4,1,0
08/13/20 05:00 AM,17.2,0,0
08/13/20 06:00 AM,17.1,1,0
08/13/20 07:00 AM,18.3,0,71
08/13/20 08:00 AM,19.8,0,246
08/13/20 09:00 AM,21.7,4,444
08/13/20 10:00 AM,23.8,4,626
08/13/20 11:00 AM,25.9,4,774
08/13/20 12:00 PM,27.3,0,873
08/13/20 01:00 PM,28.4,0,911
08/13/20 02:00 PM,28.8,0,890
08/13/20 03:00 PM,28.7,0,811
08/13/20 04:00 PM,27.7,0,682
08/13/20 05:00 PM,25.9,0,511
08/13/20 06:00 PM,24.0,0,315
08/13/20 07:00 PM,22.0,0,126
08/13/20 08:00 PM,20.6,0,9
08/13/20 09:00 PM,19.5,3,0
08/13/20 10:00 PM,18.8,4,0
08/13/20 11:00 PM,18.3,7,0
08/14/20 12:00 AM,18.1,14,0
08/14/20 01:00 AM,17.7,15,0
08/14/20 02:00 AM,17.3,14,0
08/14/20 03:00 AM,17.1,29,0
08/14/20 04:00 AM,17.2,36,0
08/14/20 05:00 AM,17.1,21,0
08/14/20 06:00 AM,16.8,12,0
08/14/20 07:00 AM,17.9,36,66
08/14/20 08:00 AM,19.6,23,216
08/14/20 09:00 AM,21.3,40,421
08/14/20 10:00 AM,23.1,4,601
08/14/20 11:00 AM,24.7,0,763
08/14/20 12:00 PM,26.3,4,869
08/14/20 01:00 PM,27.3,1,905
08/14/20 02:00 PM,27.7,1,890
08/14/20 03:00 PM,27.0,0,810
08/14/20 04:00 PM,26.0,0,677
08/14/20 05:00 PM,25.1,0,506
08/14/20 06:00 PM,23.6,0,312
08/14/20 07:00 PM,21.9,0,122
08/14/20 08:00 PM,20.4,0,8
08/14/20 09:00 PM,19.5,1,0
08/14/20 10:00 PM,18.7,4,0
08/14/20 11:00 PM,18.1,2,0
08/15/20 12:00 AM,17.5,1,0
08/15/20 01:00 AM,17.2,1,0
08/15/20 02:00 AM,17.1,0,0
08/15/20 03:00 AM,16.9,0,0
08/15/20 04:00 AM,16.8,0,0
08/15/20 05:00 AM,16.7,1,0
08/15/20 06:00 AM,16.5,10,0
08/15/20 07:00 AM,18.0,14,64
08/15/20 08:00 AM,20.0,43,224
08/15/20 09:00 AM,21.5,56,367
08/15/20 10:00 AM,23.1,64,501
08/15/20 11:00 AM,24.4,81,603
08/15/20 12:00 PM,23.8,100,477
08/15/20 01:00 PM,25.0,34,526
08/15/20 02:00 PM,26.1,93,724
08/15/20 03:00 PM,25.3,76,524
08/15/20 04:00 PM,25.0,31,585
08/15/20 05:00 PM,24.0,8,418
08/15/20 06:00 PM,23.0,0,267
08/15/20 07:00 PM,21.6,0,117
08/15/20 08:00 PM,20.3,0,7
08/15/20 09:00 PM,19.5,0,0
08/15/20 10:00 PM,18.9,0,0
08/15/20 11:00 PM,18.4,0,0
08/16/20 12:00 AM,17.9,1,0
08/16/20 01:00 AM,17.3,0,0
08/16/20 02:00 AM,17.1,2,0
08/16/20 03:00 AM,16.9,0,0
08/16/20 04:00 AM,16.7,1,0
08/16/20 05:00 AM,16.3,1,0
08/16/20 06:00 AM,16.1,1,0
08/16/20 07:00 AM,17.8,2,63
08/16/20 08:00 AM,19.9,15,231
08/16/20 09:00 AM,21.7,10,415
08/16/20 10:00 AM,23.3,55,569
08/16/20 11:00 AM,24.4,54,601
08/16/20 12:00 PM,25.2,26,768
08/16/20 01:00 PM,26.5,53,841
08/16/20 02:00 PM,26.2,1,665
08/16/20 03:00 PM,25.8,0,788
08/16/20 04:00 PM,25.3,0,655
08/16/20 05:00 PM,24.0,0,485
08/16/20 06:00 PM,22.8,0,295
08/16/20 07:00 PM,21.6,0,111
08/16/20 08:00 PM,20.5,0,6
08/16/20 09:00 PM,20.0,2,0
08/16/20 10:00 PM,19.8,6,0
08/16/20 11:00 PM,19.7,37,0
08/17/20 12:00 AM,19.7,80,0
08/17/20 01:00 AM,19.7,85,0
08/17/20 02:00 AM,19.6,88,0
08/17/20 03:00 AM,19.6,91,0
08/17/20 04:00 AM,19.6,90,0
08/17/20 05:00 AM,19.9,84,0
08/17/20 06:00 AM,19.7,90,0
08/17/20 07:00 AM,20.3,82,28
08/17/20 08:00 AM,21.1,52,140
08/17/20 09:00 AM,22.4,26,330
08/17/20 10:00 AM,23.9,23,501
08/17/20 11:00 AM,25.0,5,643
08/17/20 12:00 PM,26.0,86,802
08/17/20 01:00 PM,26.1,25,595
08/17/20 02:00 PM,26.6,16,742
08/17/20 03:00 PM,26.3,7,732
08/17/20 04:00 PM,26.0,2,630
08/17/20 05:00 PM,25.4,6,467
08/17/20 06:00 PM,24.2,0,272
08/17/20 07:00 PM,22.7,1,105
08/17/20 08:00 PM,21.8,3,5
08/17/20 09:00 PM,21.1,0,0
08/17/20 10:00 PM,20.4,13,0
08/17/20 11:00 PM,19.8,7,0
08/18/20 12:00 AM,19.7,23,0
08/18/20 01:00 AM,19.4,8,0
08/18/20 02:00 AM,19.4,28,0
08/18/20 03:00 AM,19.4,61,0
08/18/20 04:00 AM,19.3,91,0
08/18/20 05:00 AM,19.5,100,0
08/18/20 06:00 AM,19.8,91,0
08/18/20 07:00 AM,20.6,89,32
08/18/20 08:00 AM,22.2,90,133
08/18/20 09:00 AM,23.1,99,177
08/18/20 10:00 AM,24.4,93,327
08/18/20 11:00 AM,26.0,66,581
08/18/20 12:00 PM,25.6,39,771
08/18/20 01:00 PM,27.4,23,858
08/18/20 02:00 PM,27.7,13,860
08/18/20 03:00 PM,27.6,10,788
08/18/20 04:00 PM,27.0,15,656
08/18/20 05:00 PM,25.9,15,492
08/18/20 06:00 PM,24.1,0,298
08/18/20 07:00 PM,22.3,0,110
08/18/20 08:00 PM,20.8,0,5
08/18/20 09:00 PM,20.1,0,0
08/18/20 10:00 PM,19.3,0,0
08/18/20 11:00 PM,18.8,0,0
08/19/20 12:00 AM,18.7,14,0
08/19/20 01:00 AM,17.7,26,0
08/19/20 02:00 AM,17.6,35,0
08/19/20 03:00 AM,17.9,90,0
08/19/20 04:00 AM,19.1,70,0
08/19/20 05:00 AM,18.9,76,0
08/19/20 06:00 AM,18.0,80,0
08/19/20 07:00 AM,19.1,48,38
08/19/20 08:00 AM,20.2,68,168
08/19/20 09:00 AM,21.5,65,305
08/19/20 10:00 AM,22.7,22,504
08/19/20 11:00 AM,23.6,7,721
08/19/20 12:00 PM,24.4,1,836
08/19/20 01:00 PM,25.2,1,892
08/19/20 02:00 PM,25.4,0,870
08/19/20 03:00 PM,25.3,0,791
08/19/20 04:00 PM,24.8,0,661
08/19/20 05:00 PM,24.1,0,488
08/19/20 06:00 PM,23.0,0,292
08/19/20 07:00 PM,21.6,7,105
08/19/20 08:00 PM,20.9,22,4
08/19/20 09:00 PM,20.4,1,0
08/19/20 10:00 PM,19.8,2,0
08/19/20 11:00 PM,19.6,3,0
08/20/20 12:00 AM,19.6,7,0
08/20/20 01:00 AM,19.5,6,0
08/20/20 02:00 AM,19.4,22,0
08/20/20 03:00 AM,19.3,90,0
08/20/20 04:00 AM,19.9,91,0
08/20/20 05:00 AM,19.7,95,0
08/20/20 06:00 AM,19.6,100,0
08/20/20 07:00 AM,20.1,91,20
08/20/20 08:00 AM,20.4,92,67
08/20/20 09:00 AM,20.8,96,117
08/20/20 10:00 AM,22.2,100,321
08/20/20 11:00 AM,21.9,100,250
08/20/20 12:00 PM,23.2,100,292
08/20/20 01:00 PM,22.6,100,382
08/20/20 02:00 PM,23.2,100,430
08/20/20 03:00 PM,23.6,76,447
08/20/20 04:00 PM,23.8,53,433
08/20/20 05:00 PM,23.7,100,363
08/20/20 06:00 PM,23.0,100,129
08/20/20 07:00 PM,22.5,97,30
08/20/20 08:00 PM,22.2,100,1
08/20/20 09:00 PM,21.8,51,0
08/20/20 10:00 PM,21.4,100,0
08/20/20 11:00 PM,21.0,56,0
08/21/20 12:00 AM,21.5,100,0
08/21/20 01:00 AM,21.2,100,0
08/21/20 02:00 AM,20.9,100,0
08/21/20 03:00 AM,20.6,100,0
08/21/20 04:00 AM,20.3,100,0
08/21/20 05:00 AM,20.1,100,0
08/21/20 06:00 AM,20.0,100,0
08/21/20 07:00 AM,20.1,100,12
08/21/20 08:00 AM,20.6,100,56
08/21/20 09:00 AM,21.6,100,155
08/21/20 10:00 AM,23.0,100,318
08/21/20 11:00 AM,24.5,100,485
08/21/20 12:00 PM,25.4,18,577
08/21/20 01:00 PM,26.9,0,849
08/21/20 02:00 PM,27.7,4,848
08/21/20 03:00 PM,28.1,7,759
08/21/20 04:00 PM,28.0,0,620
08/21/20 05:00 PM,27.0,2,473
08/21/20 06:00 PM,25.2,19,279
08/21/20 07:00 PM,23.3,29,95
08/21/20 08:00 PM,22.1,27,3
08/21/20 09:00 PM,21.4,0,0
08/21/20 10:00 PM,20.5,0,0
08/21/20 11:00 PM,19.7,0,0
08/22/20 12:00 AM,19.2,0,0
08/22/20 01:00 AM,18.8,1,0
08/22/20 02:00 AM,18.5,3,0
08/22/20 03:00 AM,18.3,3,0
08/22/20 04:00 AM,18.0,7,0
08/22/20 05:00 AM,17.7,19,0
08/22/20 06:00 AM,17.4,4,0
08/22/20 07:00 AM,18.2,1,56
08/22/20 08:00 AM,20.3,0,230
08/22/20 09:00 AM,22.4,0,432
08/22/20 10:00 AM,24.4,0,618
08/22/20 11:00 AM,26.3,0,769
08/22/20 12:00 PM,27.5,0,869
08/22/20 01:00 PM,29.2,0,910
08/22/20 02:00 PM,30.1,0,889
08/22/20 03:00 PM,30.2,0,806
08/22/20 04:00 PM,29.4,0,669
08/22/20 05:00 PM,28.1,0,492
08/22/20 06:00 PM,25.2,0,291
08/22/20 07:00 PM,22.7,0,100
08/22/20 08:00 PM,20.6,1,3
08/22/20 09:00 PM,19.5,2,0
08/22/20 10:00 PM,18.9,1,0
08/22/20 11:00 PM,18.4,0,0
08/23/20 12:00 AM,18.1,2,0
08/23/20 01:00 AM,17.9,1,0
08/23/20 02:00 AM,17.7,1,0
08/23/20 03:00 AM,17.6,1,0
08/23/20 04:00 AM,17.6,1,0
08/23/20 05:00 AM,17.5,1,0
08/23/20 06:00 AM,17.5,0,0
08/23/20 07:00 AM,18.5,0,53
08/23/20 08:00 AM,20.4,0,223
08/23/20 09:00 AM,22.5,0,420
08/23/20 10:00 AM,24.8,0,600
08/23/20 11:00 AM,27.0,0,745
08/23/20 12:00 PM,29.0,0,841
08/23/20 01:00 PM,30.5,0,882
08/23/20 02:00 PM,31.4,0,862
08/23/20 03:00 PM,31.4,0,782
08/23/20 04:00 PM,28.9,0,649
08/23/20 05:00 PM,26.9,0,473
08/23/20 06:00 PM,25.0,0,277
08/23/20 07:00 PM,23.2,0,93
08/23/20 08:00 PM,21.8,0,2
08/23/20 09:00 PM,20.7,0,0
08/23/20 10:00 PM,20.2,0,0
08/23/20 11:00 PM,19.7,0,0
08/24/20 12:00 AM,19.4,0,0
08/24/20 01:00 AM,19.2,0,0
08/24/20 02:00 AM,19.0,0,0
08/24/20 03:00 AM,18.7,0,0
08/24/20 04:00 AM,18.5,0,0
08/24/20 05:00 AM,18.4,0,0
08/24/20 06:00 AM,18.5,0,0
08/24/20 07:00 AM,19.5,0,51
08/24/20 08:00 AM,21.7,0,219
08/24/20 09:00 AM,24.3,0,416
08/24/20 10:00 AM,27.1,0,599
08/24/20 11:00 AM,29.6,12,746
08/24/20 12:00 PM,30.3,0,845
08/24/20 01:00 PM,32.0,0,886
08/24/20 02:00 PM,32.8,22,862
08/24/20 03:00 PM,33.8,10,778
08/24/20 04:00 PM,33.4,3,644
08/24/20 05:00 PM,32.5,17,467
08/24/20 06:00 PM,30.3,19,270
08/24/20 07:00 PM,27.4,19,88
08/24/20 08:00 PM,24.9,9,2
08/24/20 09:00 PM,23.3,0,0
08/24/20 10:00 PM,22.1,0,0
08/24/20 11:00 PM,21.3,0,0
08/25/20 12:00 AM,20.4,8,0
08/25/20 01:00 AM,19.7,0,0
08/25/20 02:00 AM,19.3,0,0
08/25/20 03:00 AM,18.9,2,0
08/25/20 04:00 AM,18.6,1,0
08/25/20 05:00 AM,18.2,1,0
08/25/20 06:00 AM,18.1,1,0
08/25/20 07:00 AM,19.6,0,51
08/25/20 08:00 AM,21.9,0,221
08/25/20 09:00 AM,24.4,0,419
08/25/20 10:00 AM,27.0,0,602
08/25/20 11:00 AM,29.4,0,749
08/25/20 12:00 PM,31.0,0,846
08/25/20 01:00 PM,32.7,0,888
08/25/20 02:00 PM,33.6,0,867
08/25/20 03:00 PM,33.7,0,785
08/25/20 04:00 PM,32.7,0,648
08/25/20 05:00 PM,30.5,0,470
08/25/20 06:00 PM,27.7,0,273
08/25/20 07:00 PM,25.0,0,87
08/25/20 08:00 PM,22.8,0,1
08/25/20 09:00 PM,21.6,0,0
08/25/20 10:00 PM,21.1,0,0
08/25/20 11:00 PM,20.4,0,0
08/26/20 12:00 AM,19.7,2,0
08/26/20 01:00 AM,19.5,3,0
08/26/20 02:00 AM,19.0,7,0
08/26/20 03:00 AM,18.5,6,0
08/26/20 04:00 AM,18.3,4,0
08/26/20 05:00 AM,18.4,10,0
08/26/20 06:00 AM,18.5,18,0
08/26/20 07:00 AM,19.3,35,42
08/26/20 08:00 AM,21.0,3,178
08/26/20 09:00 AM,23.5,4,406
08/26/20 10:00 AM,26.3,1,590
08/26/20 11:00 AM,28.9,0,745
08/26/20 12:00 PM,31.0,10,842
08/26/20 01:00 PM,32.7,11,881
08/26/20 02:00 PM,33.8,21,848
08/26/20 03:00 PM,33.6,18,757
08/26/20 04:00 PM,32.3,7,617
08/26/20 05:00 PM,30.4,0,456
08/26/20 06:00 PM,28.3,0,265
08/26/20 07:00 PM,25.9,0,82
08/26/20 08:00 PM,24.0,0,1
08/26/20 09:00 PM,22.8,0,0
08/26/20 10:00 PM,22.0,0,0
08/26/20 11:00 PM,21.5,0,0
08/27/20 12:00 AM,20.7,1,0
08/27/20 01:00 AM,20.5,3,0
08/27/20 02:00 AM,20.3,26,0
08/27/20 03:00 AM,20.1,86,0
08/27/20 04:00 AM,19.9,90,0
08/27/20 05:00 AM,19.8,79,0
08/27/20 06:00 AM,19.9,90,0
08/27/20 07:00 AM,20.4,75,24
08/27/20 08:00 AM,22.0,45,154
08/27/20 09:00 AM,23.5,37,368
08/27/20 10:00 AM,25.2,0,520
08/27/20 11:00 AM,26.8,0,731
08/27/20 12:00 PM,28.7,0,831
08/27/20 01:00 PM,30.5,0,875
08/27/20 02:00 PM,30.4,0,858
08/27/20 03:00 PM,29.2,0,775
08/27/20 04:00 PM,27.8,0,639
08/27/20 05:00 PM,26.5,0,460
08/27/20 06:00 PM,24.9,1,261
08/27/20 07:00 PM,23.1,1,79
08/27/20 08:00 PM,21.7,14,1
08/27/20 09:00 PM,21.0,53,0
08/27/20 10:00 PM,20.9,38,0
08/27/20 11:00 PM,20.5,3,0
08/28/20 12:00 AM,20.6,15,0
08/28/20 01:00 AM,20.2,4,0
08/28/20 02:00 AM,19.6,32,0
08/28/20 03:00 AM,19.5,24,0
08/28/20 04:00 AM,19.6,89,0
08/28/20 05:00 AM,19.9,90,0
08/28/20 06:00 AM,20.7,32,0
08/28/20 07:00 AM,21.2,35,33
08/28/20 08:00 AM,22.3,100,183
08/28/20 09:00 AM,21.7,62,140
08/28/20 10:00 AM,23.6,6,486
08/28/20 11:00 AM,24.8,15,727
08/28/20 12:00 PM,24.9,3,830
08/28/20 01:00 PM,26.3,0,865
08/28/20 02:00 PM,26.1,0,853
08/28/20 03:00 PM,25.3,1,772
08/28/20 04:00 PM,24.4,0,636
08/28/20 05:00 PM,22.9,0,458
08/28/20 06:00 PM,21.6,0,259
08/28/20 07:00 PM,19.9,17,76
08/28/20 08:00 PM,19.1,26,0
08/28/20 09:00 PM,18.8,19,0
08/28/20 10:00 PM,18.4,10,0
08/28/20 11:00 PM,18.1,30,0
08/29/20 12:00 AM,17.8,38,0
08/29/20 01:00 AM,17.9,2,0
08/29/20 02:00 AM,17.2,1,0
08/29/20 03:00 AM,17.1,1,0
08/29/20 04:00 AM,16.8,1,0
08/29/20 05:00 AM,16.7,2,0
08/29/20 06:00 AM,16.7,10,0
08/29/20 07:00 AM,17.5,1,44
08/29/20 08:00 AM,18.9,0,212
08/29/20 09:00 AM,20.5,0,412
08/29/20 10:00 AM,22.0,0,596
08/29/20 11:00 AM,23.6,0,744
08/29/20 12:00 PM,24.1,0,841
08/29/20 01:00 PM,25.2,0,866
08/29/20 02:00 PM,25.0,0,851
08/29/20 03:00 PM,24.3,0,772
08/29/20 04:00 PM,23.9,0,634
08/29/20 05:00 PM,22.5,0,457
08/29/20 06:00 PM,21.0,0,257
08/29/20 07:00 PM,19.7,20,74
08/29/20 08:00 PM,18.7,27,0
08/29/20 09:00 PM,18.3,27,0
08/29/20 10:00 PM,18.0,26,0
08/29/20 11:00 PM,17.6,24,0
08/30/20 12:00 AM,17.4,18,0
08/30/20 01:00 AM,17.0,8,0
08/30/20 02:00 AM,16.8,0,0
08/30/20 03:00 AM,16.5,0,0
08/30/20 04:00 AM,16.1,0,0
08/30/20 05:00 AM,15.7,0,0
08/30/20 06:00 AM,15.3,0,0
08/30/20 07:00 AM,16.0,0,44
08/30/20 08:00 AM,18.1,0,214
08/30/20 09:00 AM,20.5,0,416
08/30/20 10:00 AM,22.9,0,603
08/30/20 11:00 AM,24.9,0,753
08/30/20 12:00 PM,25.8,0,852
08/30/20 01:00 PM,26.8,0,887
08/30/20 02:00 PM,27.7,0,862
08/30/20 03:00 PM,28.4,0,777
08/30/20 04:00 PM,27.1,0,637
08/30/20 05:00 PM,25.1,0,453
08/30/20 06:00 PM,23.4,0,253
08/30/20 07:00 PM,21.3,0,71
08/30/20 08:00 PM,20.0,0,0
08/30/20 09:00 PM,19.1,0,0
08/30/20 10:00 PM,18.6,0,0
08/30/20 11:00 PM,18.0,1,0
08/31/20 12:00 AM,17.3,6,0
08/31/20 01:00 AM,16.5,7,0
08/31/20 02:00 AM,15.9,4,0
08/31/20 03:00 AM,15.3,0,0
08/31/20 04:00 AM,14.7,0,0
08/31/20 05:00 AM,14.2,0,0
08/31/20 06:00 AM,13.8,0,0
08/31/20 07:00 AM,14.9,0,43
08/31/20 08:00 AM,18.2,8,214
08/31/20 09:00 AM,21.9,10,410
08/31/20 10:00 AM,25.5,10,595
08/31/20 11:00 AM,28.3,5,738
08/31/20 12:00 PM,29.2,7,846
08/31/20 01:00 PM,30.5,16,887
08/31/20 02:00 PM,30.8,0,859
08/31/20 03:00 PM,30.6,0,772
08/31/20 04:00 PM,30.6,0,630
08/31/20 05:00 PM,28.8,0,452
08/31/20 06:00 PM,27.6,0,249
08/31/20 07:00 PM,25.1,0,67
08/31/20 08:00 PM,23.2,26,0
08/31/20 09:00 PM,21.8,29,0
08/31/20 10:00 PM,20.7,30,0
08/31/20 11:00 PM,20.1,30,0
09/01/20 12:00 AM,19.9,24,0
09/01/20 01:00 AM,19.3,29,0
09/01/20 02:00 AM,18.7,67,0
09/01/20 03:00 AM,18.6,65,0
09/01/20 04:00 AM,17.3,31,0
09/01/20 05:00 AM,17.4,39,0
09/01/20 06:00 AM,17.2,15,0
09/01/20 07:00 AM,17.6,20,37
09/01/20 08:00 AM,19.0,8,182
09/01/20 09:00 AM,21.3,11,383
09/01/20 10:00 AM,23.4,2,551
09/01/20 11:00 AM,25.6,0,717
09/01/20 12:00 PM,26.9,1,821
09/01/20 01:00 PM,27.5,0,848
09/01/20 02:00 PM,27.8,0,822
09/01/20 03:00 PM,27.9,0,738
09/01/20 04:00 PM,27.1,0,603
09/01/20 05:00 PM,25.1,0,429
09/01/20 06:00 PM,23.1,0,235
09/01/20 07:00 PM,21.1,0,61
09/01/20 08:00 PM,19.8,0,0
09/01/20 09:00 PM,18.6,1,0
09/01/20 10:00 PM,18.0,1,0
09/01/20 11:00 PM,17.7,0,0
09/02/20 12:00 AM,17.3,0,0
09/02/20 01:00 AM,17.0,0,0
09/02/20 02:00 AM,16.8,1,0
09/02/20 03:00 AM,16.7,2,0
09/02/20 04:00 AM,16.5,2,0
09/02/20 05:00 AM,16.4,2,0
09/02/20 06:00 AM,16.2,2,0
09/02/20 07:00 AM,16.9,1,38
09/02/20 08:00 AM,18.8,0,200
09/02/20 09:00 AM,21.3,0,399
09/02/20 10:00 AM,24.4,0,584
09/02/20 11:00 AM,27.0,0,731
09/02/20 12:00 PM,27.8,0,826
09/02/20 01:00 PM,29.8,0,862
09/02/20 02:00 PM,30.7,0,836
09/02/20 03:00 PM,30.6,0,749
09/02/20 04:00 PM,30.1,0,610
09/02/20 05:00 PM,30.1,0,430
09/02/20 06:00 PM,29.6,0,234
09/02/20 07:00 PM,27.3,0,58
09/02/20 08:00 PM,25.0,0,0
09/02/20 09:00 PM,23.9,0,0
09/02/20 10:00 PM,23.4,0,0
09/02/20 11:00 PM,22.9,0,0
09/03/20 12:00 AM,20.8,0,0
09/03/20 01:00 AM,20.7,0,0
09/03/20 02:00 AM,20.1,0,0
09/03/20 03:00 AM,19.5,0,0
09/03/20 04:00 AM,19.0,0,0
09/03/20 05:00 AM,19.0,0,0
09/03/20 06:00 AM,19.0,0,0
09/03/20 07:00 AM,19.2,0,37
09/03/20 08:00 AM,21.5,0,201
09/03/20 09:00 AM,24.2,0,400
09/03/20 10:00 AM,26.8,15,584
09/03/20 11:00 AM,29.2,16,731
09/03/20 12:00 PM,31.2,0,827
09/03/20 01:00 PM,32.6,0,864
09/03/20 02:00 PM,33.5,0,833
09/03/20 03:00 PM,33.9,0,750
09/03/20 04:00 PM,33.4,0,609
09/03/20 05:00 PM,33.1,0,429
09/03/20 06:00 PM,32.0,0,231
09/03/20 07:00 PM,28.8,0,55
09/03/20 08:00 PM,27.0,0,0
09/03/20 09:00 PM,25.8,0,0
09/03/20 10:00 PM,25.0,0,0
09/03/20 11:00 PM,24.6,0,0
09/04/20 12:00 AM,19.9,0,0
09/04/20 01:00 AM,19.7,0,0
09/04/20 02:00 AM,18.8,0,0
09/04/20 03:00 AM,17.9,0,0
09/04/20 04:00 AM,17.3,0,0
09/04/20 05:00 AM,16.7,0,0
09/04/20 06:00 AM,16.2,0,0
09/04/20 07:00 AM,17.9,0,35
09/04/20 08:00 AM,21.3,0,197
09/04/20 09:00 AM,24.9,0,394
09/04/20 10:00 AM,27.8,0,576
09/04/20 11:00 AM,29.8,0,722
09/04/20 12:00 PM,30.7,0,817
09/04/20 01:00 PM,32.5,0,854
09/04/20 02:00 PM,33.4,0,828
09/04/20 03:00 PM,34.0,0,739
09/04/20 04:00 PM,34.5,0,601
09/04/20 05:00 PM,33.3,0,422
09/04/20 06:00 PM,30.3,0,225
09/04/20 07:00 PM,26.8,0,52
09/04/20 08:00 PM,24.5,0,0
09/04/20 09:00 PM,22.9,0,0
09/04/20 10:00 PM,21.8,0,0
09/04/20 11:00 PM,20.7,0,0
09/05/20 12:00 AM,19.4,1,0
09/05/20 01:00 AM,19.1,1,0
09/05/20 02:00 AM,18.9,1,0
09/05/20 03:00 AM,18.6,2,0
09/05/20 04:00 AM,18.2,4,0
09/05/20 05:00 AM,18.0,7,0
09/05/20 06:00 AM,17.7,8,0
09/05/20 07:00 AM,18.2,9,33
09/05/20 08:00 AM,20.3,5,191
09/05/20 09:00 AM,23.4,1,389
09/05/20 10:00 AM,26.0,0,570
09/05/20 11:00 AM,27.8,0,713
09/05/20 12:00 PM,29.0,0,806
09/05/20 01:00 PM,30.5,0,845
09/05/20 02:00 PM,31.6,0,816
09/05/20 03:00 PM,32.4,0,731
09/05/20 04:00 PM,32.7,0,593
09/05/20 05:00 PM,32.0,0,416
09/05/20 06:00 PM,30.3,0,220
09/05/20 07:00 PM,27.8,0,49
09/05/20 08:00 PM,25.3,0,0
09/05/20 09:00 PM,23.8,0,0
09/05/20 10:00 PM,23.0,0,0
09/05/20 11:00 PM,22.6,0,0
09/06/20 12:00 AM,22.0,0,0
09/06/20 01:00 AM,21.2,0,0
09/06/20 02:00 AM,20.7,0,0
09/06/20 03:00 AM,20.0,0,0
09/06/20 04:00 AM,18.4,0,0
09/06/20 05:00 AM,17.9,0,0
09/06/20 06:00 AM,17.2,0,0
09/06/20 07:00 AM,19.1,0,32
09/06/20 08:00 AM,22.5,0,190
09/06/20 09:00 AM,24.9,0,385
09/06/20 10:00 AM,27.1,0,566
09/06/20 11:00 AM,28.5,0,710
09/06/20 12:00 PM,30.3,0,804
09/06/20 01:00 PM,30.6,0,837
09/06/20 02:00 PM,31.5,0,810
09/06/20 03:00 PM,31.9,0,723
09/06/20 04:00 PM,31.4,0,586
09/06/20 05:00 PM,30.0,0,407
09/06/20 06:00 PM,28.0,0,215
09/06/20 07:00 PM,26.2,0,46
09/06/20 08:00 PM,26.0,0,0
09/06/20 09:00 PM,25.8,0,0
09/06/20 10:00 PM,24.9,0,0
09/06/20 11:00 PM,23.5,0,0
09/07/20 12:00 AM,22.4,0,0
09/07/20 01:00 AM,21.0,0,0
09/07/20 02:00 AM,20.2,0,0
09/07/20 03:00 AM,19.5,0,0
09/07/20 04:00 AM,19.1,0,0
09/07/20 05:00 AM,19.4,0,0
09/07/20 06:00 AM,18.1,0,0
09/07/20 07:00 AM,19.5,0,31
09/07/20 08:00 AM,22.5,0,190
09/07/20 09:00 AM,25.8,0,386
09/07/20 10:00 AM,28.8,0,569
09/07/20 11:00 AM,31.3,10,714
09/07/20 12:00 PM,31.6,0,809
09/07/20 01:00 PM,33.5,0,851
09/07/20 02:00 PM,34.8,13,824
09/07/20 03:00 PM,35.1,20,737
09/07/20 04:00 PM,34.1,0,593
09/07/20 05:00 PM,33.3,0,412
09/07/20 06:00 PM,32.0,0,212
09/07/20 07:00 PM,29.4,0,43
09/07/20 08:00 PM,27.5,2,0
09/07/20 09:00 PM,25.9,1,0
09/07/20 10:00 PM,25.0,0,0
09/07/20 11:00 PM,24.3,0,0
09/08/20 12:00 AM,23.5,0,0
09/08/20 01:00 AM,22.6,0,0
09/08/20 02:00 AM,21.7,0,0
09/08/20 03:00 AM,21.0,0,0
09/08/20 04:00 AM,20.9,0,0
09/08/20 05:00 AM,20.4,0,0
09/08/20 06:00 AM,19.9,0,0
09/08/20 07:00 AM,20.6,0,30
09/08/20 08:00 AM,23.5,0,189
09/08/20 09:00 AM,26.7,8,388
09/08/20 10:00 AM,29.2,4,571
09/08/20 11:00 AM,31.0,3,718
09/08/20 12:00 PM,31.8,9,811
09/08/20 01:00 PM,33.3,5,839
09/08/20 02:00 PM,32.8,21,812
09/08/20 03:00 PM,30.9,17,718
09/08/20 04:00 PM,29.3,10,579
09/08/20 05:00 PM,28.4,4,399
09/08/20 06:00 PM,26.4,25,205
09/08/20 07:00 PM,24.9,26,38
09/08/20 08:00 PM,23.7,26,0
09/08/20 09:00 PM,22.3,27,0
09/08/20 10:00 PM,21.0,26,0
09/08/20 11:00 PM,20.7,21,0
09/09/20 12:00 AM,19.8,20,0
09/09/20 01:00 AM,19.1,10,0
09/09/20 02:00 AM,19.0,10,0
09/09/20 03:00 AM,18.8,17,0
09/09/20 04:00 AM,18.8,16,0
09/09/20 05:00 AM,18.8,0,0
09/09/20 06:00 AM,18.7,0,0
09/09/20 07:00 AM,19.4,11,27
09/09/20 08:00 AM,21.4,13,177
09/09/20 09:00 AM,23.1,10,367
09/09/20 10:00 AM,24.3,17,545
09/09/20 11:00 AM,25.6,18,689
09/09/20 12:00 PM,27.2,14,783
09/09/20 01:00 PM,28.1,18,817
09/09/20 02:00 PM,28.5,21,790
09/09/20 03:00 PM,28.3,22,703
09/09/20 04:00 PM,27.4,23,554
09/09/20 05:00 PM,26.2,24,383
09/09/20 06:00 PM,24.0,15,193
09/09/20 07:00 PM,22.2,3,36
09/09/20 08:00 PM,21.5,0,0
09/09/20 09:00 PM,20.8,0,0
09/09/20 10:00 PM,20.2,0,0
09/09/20 11:00 PM,19.6,0,0
09/10/20 12:00 AM,18.4,0,0
09/10/20 01:00 AM,17.4,0,0
09/10/20 02:00 AM,17.7,0,0
09/10/20 03:00 AM,17.3,0,0
09/10/20 04:00 AM,16.7,0,0
09/10/20 05:00 AM,16.7,0,0
09/10/20 06:00 AM,18.3,1,0
09/10/20 07:00 AM,17.8,14,27
09/10/20 08:00 AM,20.7,15,172
09/10/20 09:00 AM,23.7,24,349
09/10/20 10:00 AM,25.8,16,466
09/10/20 11:00 AM,28.0,10,691
09/10/20 12:00 PM,29.4,19,778
09/10/20 01:00 PM,30.2,27,819
09/10/20 02:00 PM,30.9,18,779
09/10/20 03:00 PM,31.5,29,701
09/10/20 04:00 PM,30.6,29,555
09/10/20 05:00 PM,28.6,20,377
09/10/20 06:00 PM,27.0,19,193
09/10/20 07:00 PM,25.4,25,34
09/10/20 08:00 PM,24.0,1,0
09/10/20 09:00 PM,22.9,4,0
09/10/20 10:00 PM,21.9,0,0
09/10/20 11:00 PM,21.1,0,0
09/11/20 12:00 AM,20.1,0,0
09/11/20 01:00 AM,18.5,28,0
09/11/20 02:00 AM,18.2,28,0
09/11/20 03:00 AM,18.4,27,0
09/11/20 04:00 AM,17.8,27,0
09/11/20 05:00 AM,19.2,28,0
09/11/20 06:00 AM,17.4,27,0
09/11/20 07:00 AM,18.3,24,24
09/11/20 08:00 AM,21.7,18,155
09/11/20 09:00 AM,24.9,25,341
09/11/20 10:00 AM,26.9,29,515
09/11/20 11:00 AM,27.7,29,620
09/11/20 12:00 PM,29.4,3,571
09/11/20 01:00 PM,29.5,1,816
09/11/20 02:00 PM,30.4,0,787
09/11/20 03:00 PM,30.5,0,700
09/11/20 04:00 PM,29.7,6,561
09/11/20 05:00 PM,27.7,28,384
09/11/20 06:00 PM,25.2,30,182
09/11/20 07:00 PM,23.4,30,28
09/11/20 08:00 PM,23.3,30,0
09/11/20 09:00 PM,22.8,30,0
09/11/20 10:00 PM,21.8,29,0
09/11/20 11:00 PM,20.9,21,0
09/12/20 12:00 AM,21.0,29,0
09/12/20 01:00 AM,19.4,28,0
09/12/20 02:00 AM,19.5,29,0
09/12/20 03:00 AM,21.0,25,0
09/12/20 04:00 AM,18.6,45,0
09/12/20 05:00 AM,19.0,34,0
09/12/20 06:00 AM,17.8,30,0
09/12/20 07:00 AM,19.1,31,17
09/12/20 08:00 AM,21.3,33,102
09/12/20 09:00 AM,24.0,34,281
09/12/20 10:00 AM,26.2,30,380
09/12/20 11:00 AM,27.2,29,469
09/12/20 12:00 PM,29.0,30,561
09/12/20 01:00 PM,30.0,30,493
09/12/20 02:00 PM,32.6,27,753
09/12/20 03:00 PM,33.3,2,687
09/12/20 04:00 PM,32.6,16,555
09/12/20 05:00 PM,28.9,16,366
09/12/20 06:00 PM,27.4,26,178
09/12/20 07:00 PM,25.0,28,28
09/12/20 08:00 PM,23.8,29,0
09/12/20 09:00 PM,23.8,29,0
09/12/20 10:00 PM,23.4,29,0
09/12/20 11:00 PM,23.6,29,0
09/13/20 12:00 AM,21.2,32,0
09/13/20 01:00 AM,20.3,28,0
09/13/20 02:00 AM,19.6,21,0
09/13/20 03:00 AM,19.1,22,0
09/13/20 04:00 AM,18.6,28,0
09/13/20 05:00 AM,20.5,56,0
09/13/20 06:00 AM,18.8,49,0
09/13/20 07:00 AM,20.2,60,22
09/13/20 08:00 AM,22.0,18,66
09/13/20 09:00 AM,26.2,1,329
09/13/20 10:00 AM,28.0,16,533
09/13/20 11:00 AM,27.5,8,649
09/13/20 12:00 PM,26.9,60,757
09/13/20 01:00 PM,26.8,35,569
09/13/20 02:00 PM,26.8,31,585
09/13/20 03:00 PM,26.4,16,537
09/13/20 04:00 PM,25.8,28,505
09/13/20 05:00 PM,24.5,43,304
09/13/20 06:00 PM,23.4,27,125
09/13/20 07:00 PM,22.0,44,23
09/13/20 08:00 PM,21.1,42,0
09/13/20 09:00 PM,20.6,30,0
09/13/20 10:00 PM,20.2,31,0
09/13/20 11:00 PM,19.9,34,0
09/14/20 12:00 AM,19.3,30,0
09/14/20 01:00 AM,18.6,28,0
09/14/20 02:00 AM,17.5,16,0
09/14/20 03:00 AM,17.2,90,0
09/14/20 04:00 AM,16.8,72,0
09/14/20 05:00 AM,16.8,90,0
09/14/20 06:00 AM,16.9,90,0
09/14/20 07:00 AM,17.9,90,18
09/14/20 08:00 AM,19.4,60,136
09/14/20 09:00 AM,21.2,8,318
09/14/20 10:00 AM,23.0,3,526
09/14/20 11:00 AM,23.9,7,665
09/14/20 12:00 PM,25.1,28,762
09/14/20 01:00 PM,25.6,7,789
09/14/20 02:00 PM,25.9,10,771
09/14/20 03:00 PM,25.5,10,663
09/14/20 04:00 PM,24.7,4,534
09/14/20 05:00 PM,23.7,2,360
09/14/20 06:00 PM,22.4,2,170
09/14/20 07:00 PM,21.1,1,24
09/14/20 08:00 PM,20.4,0,0
09/14/20 09:00 PM,19.9,0,0
09/14/20 10:00 PM,19.5,1,0
09/14/20 11:00 PM,19.2,1,0
09/15/20 12:00 AM,19.6,90,0
09/15/20 01:00 AM,19.8,94,0
09/15/20 02:00 AM,19.8,82,0
09/15/20 03:00 AM,19.4,90,0
09/15/20 04:00 AM,18.9,90,0
09/15/20 05:00 AM,19.0,90,0
09/15/20 06:00 AM,19.0,90,0
09/15/20 07:00 AM,19.3,58,15
09/15/20 08:00 AM,20.2,46,127
09/15/20 09:00 AM,21.2,69,269
09/15/20 10:00 AM,21.4,53,376
09/15/20 11:00 AM,22.3,33,545
09/15/20 12:00 PM,23.8,5,672
09/15/20 01:00 PM,24.8,7,807
09/15/20 02:00 PM,25.2,16,780
09/15/20 03:00 PM,25.4,28,687
09/15/20 04:00 PM,25.0,16,546
09/15/20 05:00 PM,24.0,2,367
09/15/20 06:00 PM,22.5,7,173
09/15/20 07:00 PM,20.7,21,23
09/15/20 08:00 PM,19.9,5,0
09/15/20 09:00 PM,19.1,10,0
09/15/20 10:00 PM,18.5,21,0
09/15/20 11:00 PM,17.4,34,0
09/16/20 12:00 AM,17.8,100,0
09/16/20 01:00 AM,18.5,100,0
09/16/20 02:00 AM,18.7,99,0
09/16/20 03:00 AM,18.8,100,0
09/16/20 04:00 AM,18.7,100,0
09/16/20 05:00 AM,18.6,100,0
09/16/20 06:00 AM,18.5,100,0
09/16/20 07:00 AM,18.7,100,11
09/16/20 08:00 AM,19.3,100,73
09/16/20 09:00 AM,20.3,66,228
09/16/20 10:00 AM,21.3,56,393
09/16/20 11:00 AM,22.0,30,483
09/16/20 12:00 PM,23.2,28,600
09/16/20 01:00 PM,24.7,30,771
09/16/20 02:00 PM,24.4,25,716
09/16/20 03:00 PM,23.9,2,656
09/16/20 04:00 PM,23.5,1,539
09/16/20 05:00 PM,22.6,7,360
09/16/20 06:00 PM,21.6,20,163
09/16/20 07:00 PM,20.5,59,20
09/16/20 08:00 PM,20.0,63,0
09/16/20 09:00 PM,19.6,49,0
09/16/20 10:00 PM,18.9,34,0
09/16/20 11:00 PM,18.6,100,0
09/17/20 12:00 AM,18.4,98,0
09/17/20 01:00 AM,18.2,100,0
09/17/20 02:00 AM,18.4,100,0
09/17/20 03:00 AM,18.3,97,0
09/17/20 04:00 AM,18.3,46,0
09/17/20 05:00 AM,18.3,15,0
09/17/20 06:00 AM,18.2,47,0
09/17/20 07:00 AM,18.5,100,15
09/17/20 08:00 AM,19.0,100,77
09/17/20 09:00 AM,19.7,100,154
09/17/20 10:00 AM,18.7,100,153
09/17/20 11:00 AM,19.8,72,290
09/17/20 12:00 PM,21.4,21,522
09/17/20 01:00 PM,22.2,25,697
09/17/20 02:00 PM,22.9,15,682
09/17/20 03:00 PM,23.1,13,634
09/17/20 04:00 PM,22.2,19,509
09/17/20 05:00 PM,21.0,17,316
09/17/20 06:00 PM,19.6,22,151
09/17/20 07:00 PM,18.6,18,18
09/17/20 08:00 PM,18.1,18,0
09/17/20 09:00 PM,18.1,23,0
09/17/20 10:00 PM,18.2,50,0
09/17/20 11:00 PM,18.4,57,0
09/18/20 12:00 AM,17.2,46,0
09/18/20 01:00 AM,17.1,76,0
09/18/20 02:00 AM,17.8,43,0
09/18/20 03:00 AM,18.0,58,0
09/18/20 04:00 AM,17.4,83,0
09/18/20 05:00 AM,17.5,76,0
09/18/20 06:00 AM,17.3,100,0
09/18/20 07:00 AM,17.5,100,5
09/18/20 08:00 AM,17.6,100,48
09/18/20 09:00 AM,17.7,100,80
09/18/20 10:00 AM,18.4,100,153
09/18/20 11:00 AM,19.0,100,298
09/18/20 12:00 PM,22.1,66,240
09/18/20 01:00 PM,19.8,100,563
09/18/20 02:00 PM,20.3,90,413
09/18/20 03:00 PM,20.9,100,357
09/18/20 04:00 PM,20.8,83,348
09/18/20 05:00 PM,20.7,29,224
09/18/20 06:00 PM,20.1,13,134
09/18/20 07:00 PM,19.3,50,15
09/18/20 08:00 PM,19.4,13,0
09/18/20 09:00 PM,19.0,43,0
09/18/20 10:00 PM,18.8,39,0
09/18/20 11:00 PM,18.5,54,0
09/19/20 12:00 AM,18.7,33,0
09/19/20 01:00 AM,18.7,17,0
09/19/20 02:00 AM,18.3,3,0
09/19/20 03:00 AM,18.2,10,0
09/19/20 04:00 AM,18.1,15,0
09/19/20 05:00 AM,17.9,14,0
09/19/20 06:00 AM,17.6,9,0
09/19/20 07:00 AM,18.1,9,16
09/19/20 08:00 AM,19.6,11,145
09/19/20 09:00 AM,20.9,22,319
09/19/20 10:00 AM,21.9,18,450
09/19/20 11:00 AM,22.5,44,580
09/19/20 12:00 PM,22.5,43,644
09/19/20 01:00 PM,22.9,38,695
09/19/20 02:00 PM,22.2,51,560
09/19/20 03:00 PM,21.9,62,446
09/19/20 04:00 PM,21.6,48,365
09/19/20 05:00 PM,21.3,31,248
09/19/20 06:00 PM,20.5,22,128
09/19/20 07:00 PM,19.4,19,13
09/19/20 08:00 PM,19.1,14,0
09/19/20 09:00 PM,18.8,19,0
09/19/20 10:00 PM,18.8,34,0
09/19/20 11:00 PM,18.9,100,0
09/20/20 12:00 AM,19.1,58,0
09/20/20 01:00 AM,19.2,46,0
09/20/20 02:00 AM,19.1,95,0
09/20/20 03:00 AM,19.0,100,0
09/20/20 04:00 AM,19.0,82,0
09/20/20 05:00 AM,18.5,37,0
09/20/20 06:00 AM,18.3,45,0
09/20/20 07:00 AM,18.5,29,13
09/20/20 08:00 AM,19.9,31,135
09/20/20 09:00 AM,21.1,36,299
09/20/20 10:00 AM,22.2,50,442
09/20/20 11:00 AM,23.1,68,556
09/20/20 12:00 PM,22.9,77,559
09/20/20 01:00 PM,23.7,86,609
09/20/20 02:00 PM,24.1,100,482
09/20/20 03:00 PM,24.0,63,455
09/20/20 04:00 PM,23.1,57,378
09/20/20 05:00 PM,22.7,35,266
09/20/20 06:00 PM,22.0,29,117
09/20/20 07:00 PM,20.4,26,12
09/20/20 08:00 PM,19.5,21,0
09/20/20 09:00 PM,18.9,18,0
09/20/20 10:00 PM,18.3,17,0
09/20/20 11:00 PM,17.7,22,0
09/21/20 12:00 AM,17.8,39,0
09/21/20 01:00 AM,17.7,39,0
09/21/20 02:00 AM,17.7,32,0
09/21/20 03:00 AM,17.3,34,0
09/21/20 04:00 AM,16.7,31,0
09/21/20 05:00 AM,16.3,26,0
09/21/20 06:00 AM,16.1,75,0
09/21/20 07:00 AM,16.9,100,11
09/21/20 08:00 AM,18.2,95,123
09/21/20 09:00 AM,19.7,19,214
09/21/20 10:00 AM,21.9,15,489
09/21/20 11:00 AM,23.3,15,639
09/21/20 12:00 PM,24.3,3,736
09/21/20 01:00 PM,25.0,15,762
09/21/20 02:00 PM,25.2,22,711
09/21/20 03:00 PM,25.3,83,635
09/21/20 04:00 PM,24.0,6,499
09/21/20 05:00 PM,23.3,26,328
09/21/20 06:00 PM,21.9,27,135
09/21/20 07:00 PM,20.3,29,12
09/21/20 08:00 PM,19.7,30,0
09/21/20 09:00 PM,19.1,31,0
09/21/20 10:00 PM,18.6,29,0
09/21/20 11:00 PM,17.8,31,0
09/22/20 12:00 AM,17.4,28,0
09/22/20 01:00 AM,17.2,26,0
09/22/20 02:00 AM,16.9,24,0
09/22/20 03:00 AM,17.4,11,0
09/22/20 04:00 AM,17.2,39,0
09/22/20 05:00 AM,18.0,100,0
09/22/20 06:00 AM,18.1,98,0
09/22/20 07:00 AM,18.4,100,8
09/22/20 08:00 AM,19.5,61,85
09/22/20 09:00 AM,20.8,71,250
09/22/20 10:00 AM,22.1,92,387
09/22/20 11:00 AM,22.7,86,478
09/22/20 12:00 PM,22.3,100,606
09/22/20 01:00 PM,23.2,99,552
09/22/20 02:00 PM,23.0,100,558
09/22/20 03:00 PM,22.2,85,429
09/22/20 04:00 PM,21.7,76,247
09/22/20 05:00 PM,21.3,89,189
09/22/20 06:00 PM,20.4,87,73
09/22/20 07:00 PM,19.8,38,5
09/22/20 08:00 PM,19.3,52,0
09/22/20 09:00 PM,18.9,40,0
09/22/20 10:00 PM,18.6,43,0
09/22/20 11:00 PM,18.2,36,0
09/23/20 12:00 AM,19.3,100,0
09/23/20 01:00 AM,19.2,100,0
09/23/20 02:00 AM,19.0,48,0
09/23/20 03:00 AM,18.8,42,0
09/23/20 04:00 AM,18.7,58,0
09/23/20 05:00 AM,18.8,54,0
09/23/20 06:00 AM,18.6,55,0
09/23/20 07:00 AM,18.8,48,11
09/23/20 08:00 AM,19.9,47,105
09/23/20 09:00 AM,21.0,50,231
09/23/20 10:00 AM,21.8,56,341
09/23/20 11:00 AM,22.7,35,494
09/23/20 12:00 PM,22.2,38,611
09/23/20 01:00 PM,23.3,41,569
09/23/20 02:00 PM,23.0,100,514
09/23/20 03:00 PM,21.3,100,359
09/23/20 04:00 PM,20.5,21,132
09/23/20 05:00 PM,20.9,17,252
09/23/20 06:00 PM,20.2,40,110
09/23/20 07:00 PM,19.3,41,7
09/23/20 08:00 PM,18.8,34,0
09/23/20 09:00 PM,18.2,19,0
09/23/20 10:00 PM,18.1,4,0
09/23/20 11:00 PM,18.2,21,0
09/24/20 12:00 AM,18.2,11,0
09/24/20 01:00 AM,18.1,24,0
09/24/20 02:00 AM,18.0,37,0
09/24/20 03:00 AM,18.1,43,0
09/24/20 04:00 AM,18.2,58,0
09/24/20 05:00 AM,18.4,93,0
09/24/20 06:00 AM,18.6,100,0
09/24/20 07:00 AM,18.9,100,5
09/24/20 08:00 AM,19.8,100,52
09/24/20 09:00 AM,20.4,100,74
09/24/20 10:00 AM,21.3,72,183
09/24/20 11:00 AM,22.8,100,449
09/24/20 12:00 PM,21.9,100,273
09/24/20 01:00 PM,22.0,100,297
09/24/20 02:00 PM,22.7,97,285
09/24/20 03:00 PM,23.5,100,330
09/24/20 04:00 PM,23.4,100,280
09/24/20 05:00 PM,22.6,100,169
09/24/20 06:00 PM,21.5,45,62
09/24/20 07:00 PM,20.1,34,6
09/24/20 08:00 PM,18.8,24,0
09/24/20 09:00 PM,18.0,20,0
09/24/20 10:00 PM,17.3,5,0
09/24/20 11:00 PM,16.8,0,0
09/25/20 12:00 AM,16.0,25,0
09/25/20 01:00 AM,16.0,40,0
09/25/20 02:00 AM,16.3,43,0
09/25/20 03:00 AM,16.3,32,0
09/25/20 04:00 AM,16.1,28,0
09/25/20 05:00 AM,16.0,26,0
09/25/20 06:00 AM,15.9,34,0
09/25/20 07:00 AM,16.2,27,11
09/25/20 08:00 AM,17.8,43,135
09/25/20 09:00 AM,18.2,51,277
09/25/20 10:00 AM,19.4,92,431
09/25/20 11:00 AM,20.0,90,480
09/25/20 12:00 PM,21.2,2,521
09/25/20 01:00 PM,21.7,5,767
09/25/20 02:00 PM,21.9,9,736
09/25/20 03:00 PM,21.8,22,644
09/25/20 04:00 PM,20.8,20,496
09/25/20 05:00 PM,19.6,9,316
09/25/20 06:00 PM,18.2,13,125
09/25/20 07:00 PM,17.1,7,7
09/25/20 08:00 PM,16.5,10,0
09/25/20 09:00 PM,16.2,9,0
09/25/20 10:00 PM,15.8,10,0
09/25/20 11:00 PM,15.5,2,0
09/26/20 12:00 AM,16.0,0,0
09/26/20 01:00 AM,15.9,4,0
09/26/20 02:00 AM,15.6,15,0
09/26/20 03:00 AM,15.3,3,0
09/26/20 04:00 AM,15.0,0,0
09/26/20 05:00 AM,14.8,0,0
09/26/20 06:00 AM,14.5,0,0
09/26/20 07:00 AM,14.6,0,11
09/26/20 08:00 AM,15.9,0,139
09/26/20 09:00 AM,17.5,0,327
09/26/20 10:00 AM,19.1,0,504
09/26/20 11:00 AM,20.4,0,644
09/26/20 12:00 PM,21.6,22,732
09/26/20 01:00 PM,22.5,10,752
09/26/20 02:00 PM,22.7,10,723
09/26/20 03:00 PM,22.2,26,631
09/26/20 04:00 PM,21.4,22,480
09/26/20 05:00 PM,20.2,29,301
09/26/20 06:00 PM,18.9,26,100
09/26/20 07:00 PM,17.8,15,6
09/26/20 08:00 PM,17.1,1,0
09/26/20 09:00 PM,17.0,1,0
09/26/20 10:00 PM,17.0,8,0
09/26/20 11:00 PM,16.9,1,0
09/27/20 12:00 AM,16.8,4,0
09/27/20 01:00 AM,17.0,1,0
09/27/20 02:00 AM,17.2,92,0
09/27/20 03:00 AM,18.3,95,0
09/27/20 04:00 AM,18.5,90,0
09/27/20 05:00 AM,18.5,90,0
09/27/20 06:00 AM,18.0,13,0
09/27/20 07:00 AM,17.5,42,10
09/27/20 08:00 AM,18.8,40,104
09/27/20 09:00 AM,19.7,16,272
09/27/20 10:00 AM,21.0,24,422
09/27/20 11:00 AM,22.3,29,607
09/27/20 12:00 PM,22.8,8,659
09/27/20 01:00 PM,23.6,0,757
09/27/20 02:00 PM,23.8,0,728
09/27/20 03:00 PM,23.3,0,635
09/27/20 04:00 PM,22.6,0,489
09/27/20 05:00 PM,21.5,0,306
09/27/20 06:00 PM,20.0,0,117
09/27/20 07:00 PM,18.3,0,5
09/27/20 08:00 PM,17.4,0,0
09/27/20 09:00 PM,16.8,1,0
09/27/20 10:00 PM,16.5,1,0
09/27/20 11:00 PM,16.2,1,0
09/28/20 12:00 AM,15.5,1,0
09/28/20 01:00 AM,15.2,1,0
09/28/20 02:00 AM,15.0,1,0
09/28/20 03:00 AM,14.7,0,0
09/28/20 04:00 AM,14.4,0,0
09/28/20 05:00 AM,14.4,11,0
09/28/20 06:00 AM,14.5,25,0
09/28/20 07:00 AM,14.4,1,10
09/28/20 08:00 AM,16.1,27,136
09/28/20 09:00 AM,18.3,27,315
09/28/20 10:00 AM,20.4,28,454
09/28/20 11:00 AM,22.8,27,636
09/28/20 12:00 PM,24.5,30,687
09/28/20 01:00 PM,25.7,30,723
09/28/20 02:00 PM,26.0,30,600
09/28/20 03:00 PM,26.1,30,461
09/28/20 04:00 PM,26.0,30,339
09/28/20 05:00 PM,25.7,30,211
09/28/20 06:00 PM,23.1,30,73
09/28/20 07:00 PM,20.9,30,3
09/28/20 08:00 PM,20.0,25,0
09/28/20 09:00 PM,18.9,19,0
09/28/20 10:00 PM,17.9,9,0
09/28/20 11:00 PM,17.2,12,0
09/29/20 12:00 AM,16.9,12,0
09/29/20 01:00 AM,16.7,17,0
09/29/20 02:00 AM,16.7,1,0
09/29/20 03:00 AM,15.9,0,0
09/29/20 04:00 AM,15.6,0,0
09/29/20 05:00 AM,15.4,0,0
09/29/20 06:00 AM,15.2,0,0
09/29/20 07:00 AM,15.2,0,9
09/29/20 08:00 AM,17.0,2,135
09/29/20 09:00 AM,19.6,6,326
09/29/20 10:00 AM,22.3,4,505
09/29/20 11:00 AM,24.6,10,647
09/29/20 12:00 PM,26.4,15,733
09/29/20 01:00 PM,27.8,18,760
09/29/20 02:00 PM,28.4,4,720
09/29/20 03:00 PM,28.6,4,628
09/29/20 04:00 PM,28.4,29,481
09/29/20 05:00 PM,28.0,29,287
09/29/20 06:00 PM,24.3,29,86
09/29/20 07:00 PM,21.6,28,3
09/29/20 08:00 PM,20.3,26,0
09/29/20 09:00 PM,19.3,22,0
09/29/20 10:00 PM,18.3,14,0
09/29/20 11:00 PM,17.7,11,0
09/30/20 12:00 AM,17.2,4,0
09/30/20 01:00 AM,16.5,6,0
09/30/20 02:00 AM,16.2,7,0
09/30/20 03:00 AM,15.9,7,0
09/30/20 04:00 AM,15.7,8,0
09/30/20 05:00 AM,15.5,3,0
09/30/20 06:00 AM,15.2,23,0
09/30/20 07:00 AM,15.4,4,8
09/30/20 08:00 AM,17.5,13,131
09/30/20 09:00 AM,19.3,6,315
09/30/20 10:00 AM,21.0,13,492
09/30/20 11:00 AM,22.6,18,613
09/30/20 12:00 PM,23.6,9,680
09/30/20 01:00 PM,24.7,2,751
09/30/20 02:00 PM,25.1,8,713
09/30/20 03:00 PM,24.8,21,618
09/30/20 04:00 PM,23.7,6,451
09/30/20 05:00 PM,21.5,0,288
09/30/20 06:00 PM,19.3,0,104
09/30/20 07:00 PM,17.8,0,3
09/30/20 08:00 PM,17.0,1,0
09/30/20 09:00 PM,16.7,1,0
09/30/20 10:00 PM,16.4,1,0
09/30/20 11:00 PM,16.0,2,0
10/01/20 12:00 AM,16.1,26,0
10/01/20 01:00 AM,15.7,19,0
10/01/20 02:00 AM,14.6,1,0
10/01/20 03:00 AM,14.7,0,0
10/01/20 04:00 AM,15.1,1,0
10/01/20 05:00 AM,15.3,5,0
10/01/20 06:00 AM,15.5,9,0
10/01/20 07:00 AM,16.3,39,7
10/01/20 08:00 AM,18.7,92,99
10/01/20 09:00 AM,19.7,56,111
10/01/20 10:00 AM,21.1,30,381
10/01/20 11:00 AM,22.4,26,600
10/01/20 12:00 PM,23.6,36,688
10/01/20 01:00 PM,23.9,100,703
10/01/20 02:00 PM,23.2,30,552
10/01/20 03:00 PM,22.9,27,582
10/01/20 04:00 PM,22.6,17,452
10/01/20 05:00 PM,21.0,75,271
10/01/20 06:00 PM,19.4,13,79
10/01/20 07:00 PM,18.1,63,2
10/01/20 08:00 PM,17.5,47,0
10/01/20 09:00 PM,17.3,39,0
10/01/20 10:00 PM,17.0,62,0
10/01/20 11:00 PM,17.3,43,0
10/02/20 12:00 AM,17.9,81,0
10/02/20 01:00 AM,18.1,100,0
10/02/20 02:00 AM,18.3,86,0
10/02/20 03:00 AM,18.4,100,0
10/02/20 04:00 AM,18.9,100,0
10/02/20 05:00 AM,19.0,100,0
10/02/20 06:00 AM,18.8,100,0
10/02/20 07:00 AM,18.9,100,1
10/02/20 08:00 AM,19.2,44,31
10/02/20 09:00 AM,19.9,91,250
10/02/20 10:00 AM,19.8,66,291
10/02/20 11:00 AM,20.8,100,506
10/02/20 12:00 PM,19.1,98,487
10/02/20 01:00 PM,20.1,79,605
10/02/20 02:00 PM,19.7,100,508
10/02/20 03:00 PM,18.8,74,254
10/02/20 04:00 PM,18.1,55,328
10/02/20 05:00 PM,17.5,58,214
10/02/20 06:00 PM,16.4,29,67
10/02/20 07:00 PM,15.7,20,2
10/02/20 08:00 PM,15.3,25,0
10/02/20 09:00 PM,14.9,43,0
10/02/20 10:00 PM,14.8,49,0
10/02/20 11:00 PM,14.7,46,0
10/03/20 12:00 AM,14.1,30,0
10/03/20 01:00 AM,14.2,24,0
10/03/20 02:00 AM,14.3,28,0
10/03/20 03:00 AM,14.3,34,0
10/03/20 04:00 AM,13.6,37,0
10/03/20 05:00 AM,13.0,28,0
10/03/20 06:00 AM,12.3,8,0
10/03/20 07:00 AM,12.0,47,6
10/03/20 08:00 AM,15.5,35,105
10/03/20 09:00 AM,17.4,47,273
10/03/20 10:00 AM,18.7,60,391
10/03/20 11:00 AM,19.4,73,453
10/03/20 12:00 PM,20.2,86,517
10/03/20 01:00 PM,20.3,100,494
10/03/20 02:00 PM,20.0,64,300
10/03/20 03:00 PM,20.3,60,374
10/03/20 04:00 PM,20.1,35,400
10/03/20 05:00 PM,19.0,100,251
10/03/20 06:00 PM,17.8,11,47
10/03/20 07:00 PM,16.2,10,1
10/03/20 08:00 PM,15.4,1,0
10/03/20 09:00 PM,14.5,1,0
10/03/20 10:00 PM,14.0,1,0
10/03/20 11:00 PM,13.7,1,0
10/04/20 12:00 AM,14.6,86,0
10/04/20 01:00 AM,15.6,90,0
10/04/20 02:00 AM,15.8,59,0
10/04/20 03:00 AM,15.3,8,0
10/04/20 04:00 AM,14.9,11,0
10/04/20 05:00 AM,15.0,35,0
10/04/20 06:00 AM,15.8,92,0
10/04/20 07:00 AM,16.6,100,3
10/04/20 08:00 AM,17.2,100,19
10/04/20 09:00 AM,18.0,100,96
10/04/20 10:00 AM,18.9,74,216
10/04/20 11:00 AM,20.7,86,539
10/04/20 12:00 PM,20.0,42,559
10/04/20 01:00 PM,21.6,98,693
10/04/20 02:00 PM,20.4,100,313
10/04/20 03:00 PM,20.0,88,337
10/04/20 04:00 PM,19.9,29,310
10/04/20 05:00 PM,19.0,31,234
10/04/20 06:00 PM,18.0,14,82
10/04/20 07:00 PM,17.0,8,1
10/04/20 08:00 PM,16.3,4,0
10/04/20 09:00 PM,15.5,0,0
10/04/20 10:00 PM,15.1,0,0
10/04/20 11:00 PM,15.0,0,0
10/05/20 12:00 AM,14.9,10,0
10/05/20 01:00 AM,14.4,19,0
10/05/20 02:00 AM,14.1,11,0
10/05/20 03:00 AM,14.0,41,0
10/05/20 04:00 AM,14.0,27,0
10/05/20 05:00 AM,14.0,29,0
10/05/20 06:00 AM,13.8,54,0
10/05/20 07:00 AM,14.5,40,5
10/05/20 08:00 AM,16.5,43,99
10/05/20 09:00 AM,18.3,44,252
10/05/20 10:00 AM,19.6,45,421
10/05/20 11:00 AM,20.9,91,496
10/05/20 12:00 PM,20.7,34,478
10/05/20 01:00 PM,22.0,84,547
10/05/20 02:00 PM,22.2,92,418
10/05/20 03:00 PM,22.6,94,369
10/05/20 04:00 PM,22.0,61,232
10/05/20 05:00 PM,21.3,71,171
10/05/20 06:00 PM,20.0,100,57
10/05/20 07:00 PM,19.3,100,0
10/05/20 08:00 PM,18.9,85,0
10/05/20 09:00 PM,18.3,97,0
10/05/20 10:00 PM,18.3,43,0
10/05/20 11:00 PM,17.4,41,0
10/06/20 12:00 AM,16.6,34,0
10/06/20 01:00 AM,16.8,23,0
10/06/20 02:00 AM,16.6,35,0
10/06/20 03:00 AM,16.6,47,0
10/06/20 04:00 AM,16.8,54,0
10/06/20 05:00 AM,16.6,68,0
10/06/20 06:00 AM,16.4,100,0
10/06/20 07:00 AM,16.5,100,3
10/06/20 08:00 AM,17.6,100,79
10/06/20 09:00 AM,19.2,100,217
10/06/20 10:00 AM,20.8,100,315
10/06/20 11:00 AM,22.3,100,333
10/06/20 12:00 PM,24.8,83,399
10/06/20 01:00 PM,25.8,23,584
10/06/20 02:00 PM,26.2,18,619
10/06/20 03:00 PM,26.6,12,564
10/06/20 04:00 PM,26.6,9,427
10/06/20 05:00 PM,23.5,0,254
10/06/20 06:00 PM,21.8,3,77
10/06/20 07:00 PM,20.4,16,0
10/06/20 08:00 PM,19.5,23,0
10/06/20 09:00 PM,18.6,17,0
10/06/20 10:00 PM,17.7,8,0
10/06/20 11:00 PM,16.9,13,0
10/07/20 12:00 AM,16.7,16,0
10/07/20 01:00 AM,16.3,26,0
10/07/20 02:00 AM,16.1,30,0
10/07/20 03:00 AM,15.9,22,0
10/07/20 04:00 AM,15.4,34,0
10/07/20 05:00 AM,14.9,36,0
10/07/20 06:00 AM,14.8,36,0
10/07/20 07:00 AM,14.7,20,4
10/07/20 08:00 AM,16.0,12,100
10/07/20 09:00 AM,18.0,10,287
10/07/20 10:00 AM,20.2,10,476
10/07/20 11:00 AM,22.5,0,618
10/07/20 12:00 PM,24.2,4,705
10/07/20 01:00 PM,26.0,0,730
10/07/20 02:00 PM,26.9,7,694
10/07/20 03:00 PM,27.3,13,597
10/07/20 04:00 PM,27.1,8,447
10/07/20 05:00 PM,26.4,0,262
10/07/20 06:00 PM,23.9,0,78
10/07/20 07:00 PM,22.1,28,0
10/07/20 08:00 PM,19.9,29,0
10/07/20 09:00 PM,18.9,29,0
10/07/20 10:00 PM,17.9,29,0
10/07/20 11:00 PM,17.2,29,0
10/08/20 12:00 AM,16.7,29,0
10/08/20 01:00 AM,16.4,28,0
10/08/20 02:00 AM,16.4,26,0
10/08/20 03:00 AM,16.0,15,0
10/08/20 04:00 AM,15.7,29,0
10/08/20 05:00 AM,15.8,49,0
10/08/20 06:00 AM,15.6,33,0
10/08/20 07:00 AM,15.4,57,3
10/08/20 08:00 AM,16.6,16,75
10/08/20 09:00 AM,19.0,18,265
10/08/20 10:00 AM,21.7,31,422
10/08/20 11:00 AM,23.9,29,529
10/08/20 12:00 PM,25.6,29,685
10/08/20 01:00 PM,26.6,4,692
10/08/20 02:00 PM,27.1,13,675
10/08/20 03:00 PM,27.2,28,571
10/08/20 04:00 PM,26.9,26,424
10/08/20 05:00 PM,25.5,27,238
10/08/20 06:00 PM,23.0,26,68
10/08/20 07:00 PM,20.5,22,0
10/08/20 08:00 PM,18.8,8,0
10/08/20 09:00 PM,17.6,24,0
10/08/20 10:00 PM,17.0,27,0
10/08/20 11:00 PM,16.5,10,0
10/09/20 12:00 AM,16.1,28,0
10/09/20 01:00 AM,15.7,8,0
10/09/20 02:00 AM,15.6,4,0
10/09/20 03:00 AM,15.4,10,0
10/09/20 04:00 AM,15.0,2,0
10/09/20 05:00 AM,14.9,7,0
10/09/20 06:00 AM,14.9,26,0
10/09/20 07:00 AM,15.2,32,3
10/09/20 08:00 AM,16.6,36,91
10/09/20 09:00 AM,18.3,28,258
10/09/20 10:00 AM,20.4,29,421
10/09/20 11:00 AM,22.3,28,552
10/09/20 12:00 PM,23.4,31,635
10/09/20 01:00 PM,24.9,31,620
10/09/20 02:00 PM,26.0,14,636
10/09/20 03:00 PM,25.9,23,547
10/09/20 04:00 PM,25.0,25,386
10/09/20 05:00 PM,23.0,26,167
10/09/20 06:00 PM,21.2,22,53
10/09/20 07:00 PM,19.7,27,0
10/09/20 08:00 PM,18.7,21,0
10/09/20 09:00 PM,17.7,8,0
10/09/20 10:00 PM,17.0,14,0
10/09/20 11:00 PM,16.7,7,0
10/10/20 12:00 AM,15.9,14,0
10/10/20 01:00 AM,15.7,6,0
10/10/20 02:00 AM,15.4,13,0
10/10/20 03:00 AM,15.3,26,0
10/10/20 04:00 AM,15.2,34,0
10/10/20 05:00 AM,15.2,29,0
10/10/20 06:00 AM,15.1,21,0
10/10/20 07:00 AM,15.1,21,3
10/10/20 08:00 AM,16.6,15,93
10/10/20 09:00 AM,18.3,1,264
10/10/20 10:00 AM,20.6,0,453
10/10/20 11:00 AM,23.1,0,594
10/10/20 12:00 PM,24.6,0,685
10/10/20 01:00 PM,26.1,0,710
10/10/20 02:00 PM,27.1,0,673
10/10/20 03:00 PM,27.7,0,577
10/10/20 04:00 PM,27.4,0,429
10/10/20 05:00 PM,24.3,0,245
10/10/20 06:00 PM,22.4,0,65
10/10/20 07:00 PM,20.2,0,0
10/10/20 08:00 PM,19.4,0,0
10/10/20 09:00 PM,18.7,0,0
10/10/20 10:00 PM,18.3,0,0
10/10/20 11:00 PM,18.1,0,0
10/11/20 12:00 AM,17.5,0,0
10/11/20 01:00 AM,17.0,0,0
10/11/20 02:00 AM,16.6,0,0
10/11/20 03:00 AM,16.1,0,0
10/11/20 04:00 AM,15.6,0,0
10/11/20 05:00 AM,15.1,0,0
10/11/20 06:00 AM,14.6,0,0
10/11/20 07:00 AM,14.4,0,3
10/11/20 08:00 AM,16.2,0,105
10/11/20 09:00 AM,18.6,0,290
10/11/20 10:00 AM,21.1,0,464
10/11/20 11:00 AM,23.2,0,601
10/11/20 12:00 PM,25.2,0,684
10/11/20 01:00 PM,26.7,0,707
10/11/20 02:00 PM,27.4,0,668
10/11/20 03:00 PM,27.3,0,570
10/11/20 04:00 PM,26.7,0,421
10/11/20 05:00 PM,25.6,0,240
10/11/20 06:00 PM,23.7,0,62
10/11/20 07:00 PM,19.9,0,0
10/11/20 08:00 PM,18.5,0,0
10/11/20 09:00 PM,18.1,0,0
10/11/20 10:00 PM,17.8,0,0
10/11/20 11:00 PM,17.8,0,0
10/12/20 12:00 AM,17.5,0,0
10/12/20 01:00 AM,16.7,0,0
10/12/20 02:00 AM,15.9,0,0
10/12/20 03:00 AM,15.2,0,0
10/12/20 04:00 AM,14.6,0,0
10/12/20 05:00 AM,14.1,2,0
10/12/20 06:00 AM,13.6,0,0
10/12/20 07:00 AM,13.1,0,2
10/12/20 08:00 AM,15.0,3,103
10/12/20 09:00 AM,17.4,19,290
10/12/20 10:00 AM,19.9,4,468
10/12/20 11:00 AM,22.0,13,608
10/12/20 12:00 PM,23.2,17,693
10/12/20 01:00 PM,24.4,22,711
10/12/20 02:00 PM,24.9,25,671
10/12/20 03:00 PM,24.8,26,572
10/12/20 04:00 PM,24.3,25,421
10/12/20 05:00 PM,23.3,19,238
10/12/20 06:00 PM,20.9,26,60
10/12/20 07:00 PM,17.9,25,0
10/12/20 08:00 PM,17.0,11,0
10/12/20 09:00 PM,16.4,17,0
10/12/20 10:00 PM,15.6,15,0
10/12/20 11:00 PM,14.9,0,0
10/13/20 12:00 AM,14.6,0,0
10/13/20 01:00 AM,14.0,0,0
10/13/20 02:00 AM,13.4,0,0
10/13/20 03:00 AM,13.1,0,0
10/13/20 04:00 AM,12.7,0,0
10/13/20 05:00 AM,12.4,0,0
10/13/20 06:00 AM,12.3,0,0
10/13/20 07:00 AM,12.4,0,2
10/13/20 08:00 AM,14.6,0,95
10/13/20 09:00 AM,17.4,0,273
10/13/20 10:00 AM,19.9,0,444
10/13/20 11:00 AM,21.9,0,580
10/13/20 12:00 PM,23.6,0,664
10/13/20 01:00 PM,25.0,0,688
10/13/20 02:00 PM,25.3,0,648
10/13/20 03:00 PM,23.6,0,548
10/13/20 04:00 PM,22.0,0,399
10/13/20 05:00 PM,20.2,0,220
10/13/20 06:00 PM,18.3,0,52
10/13/20 07:00 PM,16.6,0,0
10/13/20 08:00 PM,15.3,1,0
10/13/20 09:00 PM,14.7,2,0
10/13/20 10:00 PM,14.5,4,0
10/13/20 11:00 PM,14.3,3,0
10/14/20 12:00 AM,14.6,2,0
10/14/20 01:00 AM,14.7,3,0
10/14/20 02:00 AM,14.7,0,0
10/14/20 03:00 AM,14.2,0,0
10/14/20 04:00 AM,13.9,1,0
10/14/20 05:00 AM,13.7,6,0
10/14/20 06:00 AM,13.4,7,0
10/14/20 07:00 AM,13.2,8,2
10/14/20 08:00 AM,14.6,0,92
10/14/20 09:00 AM,16.0,0,272
10/14/20 10:00 AM,17.6,3,445
10/14/20 11:00 AM,18.8,0,575
10/14/20 12:00 PM,19.7,2,666
10/14/20 01:00 PM,20.2,0,684
10/14/20 02:00 PM,20.2,5,652
10/14/20 03:00 PM,19.6,10,556
10/14/20 04:00 PM,18.8,7,407
10/14/20 05:00 PM,17.4,17,224
10/14/20 06:00 PM,15.9,0,51
10/14/20 07:00 PM,15.0,0,0
10/14/20 08:00 PM,14.5,1,0
10/14/20 09:00 PM,14.0,2,0
10/14/20 10:00 PM,13.7,2,0
10/14/20 11:00 PM,13.4,3,0
10/15/20 12:00 AM,13.3,18,0
10/15/20 01:00 AM,13.2,11,0
10/15/20 02:00 AM,13.0,3,0
10/15/20 03:00 AM,12.6,2,0
10/15/20 04:00 AM,12.4,1,0
10/15/20 05:00 AM,12.3,1,0
10/15/20 06:00 AM,12.3,1,0
10/15/20 07:00 AM,12.2,0,1
10/15/20 08:00 AM,13.9,0,93
10/15/20 09:00 AM,15.5,0,276
10/15/20 10:00 AM,17.2,0,452
10/15/20 11:00 AM,18.7,0,591
10/15/20 12:00 PM,19.6,0,677
10/15/20 01:00 PM,20.5,0,700
10/15/20 02:00 PM,20.9,0,658
10/15/20 03:00 PM,20.7,0,557
10/15/20 04:00 PM,19.4,0,405
10/15/20 05:00 PM,18.1,0,220
10/15/20 06:00 PM,16.3,0,48
10/15/20 07:00 PM,15.1,0,0
10/15/20 08:00 PM,14.3,11,0
10/15/20 09:00 PM,13.7,15,0
10/15/20 10:00 PM,13.3,0,0
10/15/20 11:00 PM,12.9,2,0
10/16/20 12:00 AM,12.5,7,0
10/16/20 01:00 AM,12.2,9,0
10/16/20 02:00 AM,12.0,9,0
10/16/20 03:00 AM,11.8,9,0
10/16/20 04:00 AM,11.6,4,0
10/16/20 05:00 AM,11.3,0,0
10/16/20 06:00 AM,11.1,0,0
10/16/20 07:00 AM,10.9,0,1
10/16/20 08:00 AM,12.2,4,90
10/16/20 09:00 AM,14.3,8,271
10/16/20 10:00 AM,16.6,12,444
10/16/20 11:00 AM,18.6,15,579
10/16/20 12:00 PM,19.9,11,655
10/16/20 01:00 PM,21.1,20,689
10/16/20 02:00 PM,21.5,26,645
10/16/20 03:00 PM,21.6,18,546
10/16/20 04:00 PM,21.3,25,396
10/16/20 05:00 PM,19.8,28,207
10/16/20 06:00 PM,17.2,4,43
10/16/20 07:00 PM,15.7,0,0
10/16/20 08:00 PM,14.6,0,0
10/16/20 09:00 PM,13.7,0,0
10/16/20 10:00 PM,12.8,16,0
10/16/20 11:00 PM,12.3,29,0
10/17/20 12:00 AM,11.3,8,0
10/17/20 01:00 AM,11.0,10,0
10/17/20 02:00 AM,11.9,0,0
10/17/20 03:00 AM,11.4,28,0
10/17/20 04:00 AM,11.1,100,0
10/17/20 05:00 AM,9.8,100,0
10/17/20 06:00 AM,9.6,100,0
10/17/20 07:00 AM,10.2,100,1
10/17/20 08:00 AM,11.3,100,53
10/17/20 09:00 AM,13.3,100,189
10/17/20 10:00 AM,15.7,27,340
10/17/20 11:00 AM,18.0,28,539
10/17/20 12:00 PM,19.0,27,627
10/17/20 01:00 PM,19.7,26,645
10/17/20 02:00 PM,19.9,13,583
10/17/20 03:00 PM,20.1,11,507
10/17/20 04:00 PM,19.8,4,369
10/17/20 05:00 PM,19.1,1,195
10/17/20 06:00 PM,17.5,4,40
10/17/20 07:00 PM,16.3,1,0
10/17/20 08:00 PM,15.3,0,0
10/17/20 09:00 PM,13.9,0,0
10/17/20 10:00 PM,13.6,0,0
10/17/20 11:00 PM,14.7,0,0
10/18/20 12:00 AM,12.8,23,0
10/18/20 01:00 AM,14.0,29,0
10/18/20 02:00 AM,12.9,29,0
10/18/20 03:00 AM,12.0,35,0
10/18/20 04:00 AM,12.0,100,0
10/18/20 05:00 AM,11.4,100,0
10/18/20 06:00 AM,11.4,100,0
10/18/20 07:00 AM,11.3,91,1
10/18/20 08:00 AM,12.0,100,59
10/18/20 09:00 AM,14.1,30,170
10/18/20 10:00 AM,17.1,30,337
10/18/20 11:00 AM,19.5,28,414
10/18/20 12:00 PM,20.6,33,554
10/18/20 01:00 PM,22.4,16,584
10/18/20 02:00 PM,23.5,4,627
10/18/20 03:00 PM,24.3,4,530
10/18/20 04:00 PM,24.4,32,383
10/18/20 05:00 PM,20.4,32,197
10/18/20 06:00 PM,18.0,39,37
10/18/20 07:00 PM,17.0,44,0
10/18/20 08:00 PM,16.1,29,0
10/18/20 09:00 PM,14.2,38,0
10/18/20 10:00 PM,15.2,5,0
10/18/20 11:00 PM,14.9,8,0
10/19/20 12:00 AM,16.4,38,0
10/19/20 01:00 AM,16.1,100,0
10/19/20 02:00 AM,16.4,100,0
10/19/20 03:00 AM,16.4,100,0
10/19/20 04:00 AM,16.4,100,0
10/19/20 05:00 AM,16.3,100,0
10/19/20 06:00 AM,16.6,100,0
10/19/20 07:00 AM,17.2,59,0
10/19/20 08:00 AM,18.2,44,53
10/19/20 09:00 AM,19.3,84,164
10/19/20 10:00 AM,20.1,92,260
10/19/20 11:00 AM,19.3,94,86
10/19/20 12:00 PM,19.7,100,142
10/19/20 01:00 PM,18.5,100,79
10/19/20 02:00 PM,18.3,91,79
10/19/20 03:00 PM,18.0,91,41
10/19/20 04:00 PM,18.3,100,37
10/19/20 05:00 PM,18.4,100,40
10/19/20 06:00 PM,18.0,100,9
10/19/20 07:00 PM,18.0,100,0
10/19/20 08:00 PM,18.0,100,0
10/19/20 09:00 PM,17.7,100,0
10/19/20 10:00 PM,17.5,100,0
10/19/20 11:00 PM,17.2,100,0
10/20/20 12:00 AM,17.4,100,0
10/20/20 01:00 AM,17.4,76,0
10/20/20 02:00 AM,17.1,72,0
10/20/20 03:00 AM,16.8,70,0
10/20/20 04:00 AM,16.6,72,0
10/20/20 05:00 AM,16.3,85,0
10/20/20 06:00 AM,16.2,90,0
10/20/20 07:00 AM,16.2,100,0
10/20/20 08:00 AM,16.2,96,12
10/20/20 09:00 AM,16.3,90,24
10/20/20 10:00 AM,15.9,90,24
10/20/20 11:00 AM,16.4,100,22
10/20/20 12:00 PM,17.9,100,34
10/20/20 01:00 PM,18.7,100,78
10/20/20 02:00 PM,18.8,100,57
10/20/20 03:00 PM,18.2,100,49
10/20/20 04:00 PM,17.7,100,42
10/20/20 05:00 PM,17.2,90,20
10/20/20 06:00 PM,16.5,90,3
10/20/20 07:00 PM,16.3,32,0
10/20/20 08:00 PM,16.2,20,0
10/20/20 09:00 PM,16.4,49,0
10/20/20 10:00 PM,15.5,100,0
10/20/20 11:00 PM,15.9,100,0
10/21/20 12:00 AM,16.5,45,0
10/21/20 01:00 AM,16.5,43,0
10/21/20 02:00 AM,16.3,37,0
10/21/20 03:00 AM,15.8,43,0
10/21/20 04:00 AM,15.7,57,0
10/21/20 05:00 AM,15.3,35,0
10/21/20 06:00 AM,15.1,24,0
10/21/20 07:00 AM,15.1,32,0
10/21/20 08:00 AM,16.1,47,55
10/21/20 09:00 AM,16.4,33,176
10/21/20 10:00 AM,17.2,29,316
10/21/20 11:00 AM,17.1,57,469
10/21/20 12:00 PM,18.5,38,410
10/21/20 01:00 PM,17.8,30,459
10/21/20 02:00 PM,17.1,41,493
10/21/20 03:00 PM,17.3,17,349
10/21/20 04:00 PM,17.5,20,317
10/21/20 05:00 PM,17.0,21,148
10/21/20 06:00 PM,15.6,18,25
10/21/20 07:00 PM,15.2,16,0
10/21/20 08:00 PM,15.2,12,0
10/21/20 09:00 PM,15.2,17,0
10/21/20 10:00 PM,15.2,27,0
10/21/20 11:00 PM,15.1,19,0
10/22/20 12:00 AM,15.4,100,0
10/22/20 01:00 AM,15.3,70,0
10/22/20 02:00 AM,14.9,87,0
10/22/20 03:00 AM,14.3,63,0
10/22/20 04:00 AM,13.9,33,0
10/22/20 05:00 AM,13.6,14,0
10/22/20 06:00 AM,13.5,15,0
10/22/20 07:00 AM,13.5,16,0
10/22/20 08:00 AM,14.6,37,59
10/22/20 09:00 AM,15.8,37,179
10/22/20 10:00 AM,16.4,44,294
10/22/20 11:00 AM,17.1,25,466
10/22/20 12:00 PM,18.3,11,576
10/22/20 01:00 PM,18.5,32,594
10/22/20 02:00 PM,18.6,32,515
10/22/20 03:00 PM,17.9,11,441
10/22/20 04:00 PM,17.0,30,326
10/22/20 05:00 PM,16.3,20,143
10/22/20 06:00 PM,14.6,9,24
10/22/20 07:00 PM,13.6,8,0
10/22/20 08:00 PM,13.9,19,0
10/22/20 09:00 PM,13.9,22,0
10/22/20 10:00 PM,13.5,40,0
10/22/20 11:00 PM,13.3,42,0
10/23/20 12:00 AM,13.7,41,0
10/23/20 01:00 AM,13.3,10,0
10/23/20 02:00 AM,13.5,12,0
10/23/20 03:00 AM,13.7,46,0
10/23/20 04:00 AM,13.5,32,0
10/23/20 05:00 AM,12.8,22,0
10/23/20 06:00 AM,12.3,14,0
10/23/20 07:00 AM,12.0,17,0
10/23/20 08:00 AM,13.8,4,62
10/23/20 09:00 AM,15.3,18,232
10/23/20 10:00 AM,16.4,21,373
10/23/20 11:00 AM,17.4,20,492
10/23/20 12:00 PM,17.8,51,553
10/23/20 01:00 PM,18.1,67,421
10/23/20 02:00 PM,18.4,63,376
10/23/20 03:00 PM,18.9,83,364
10/23/20 04:00 PM,18.7,77,236
10/23/20 05:00 PM,17.9,22,128
10/23/20 06:00 PM,15.9,5,24
10/23/20 07:00 PM,14.6,0,0
10/23/20 08:00 PM,13.9,0,0
10/23/20 09:00 PM,13.1,3,0
10/23/20 10:00 PM,11.7,0,0
10/23/20 11:00 PM,13.9,0,0
10/24/20 12:00 AM,12.4,1,0
10/24/20 01:00 AM,13.7,0,0
10/24/20 02:00 AM,13.3,0,0
10/24/20 03:00 AM,12.9,0,0
10/24/20 04:00 AM,12.5,1,0
10/24/20 05:00 AM,12.2,2,0
10/24/20 06:00 AM,10.0,1,0
10/24/20 07:00 AM,9.8,2,0
10/24/20 08:00 AM,13.4,5,65
10/24/20 09:00 AM,15.2,22,228
10/24/20 10:00 AM,16.4,45,359
10/24/20 11:00 AM,16.9,23,424
10/24/20 12:00 PM,17.2,90,542
10/24/20 01:00 PM,17.1,83,299
10/24/20 02:00 PM,17.5,54,370
10/24/20 03:00 PM,17.6,88,400
10/24/20 04:00 PM,17.4,82,301
10/24/20 05:00 PM,17.0,100,105
10/24/20 06:00 PM,16.7,62,12
10/24/20 07:00 PM,16.4,30,0
10/24/20 08:00 PM,16.4,64,0
10/24/20 09:00 PM,16.6,39,0
10/24/20 10:00 PM,16.6,36,0
10/24/20 11:00 PM,16.7,43,0
10/25/20 12:00 AM,16.9,100,0
10/25/20 01:00 AM,17.0,59,0
10/25/20 02:00 AM,16.7,86,0
10/25/20 03:00 AM,16.9,100,0
10/25/20 04:00 AM,17.3,87,0
10/25/20 05:00 AM,17.3,57,0
10/25/20 06:00 AM,17.1,70,0
10/25/20 07:00 AM,17.1,64,0
10/25/20 08:00 AM,17.9,100,47
10/25/20 09:00 AM,18.5,91,103
10/25/20 10:00 AM,18.6,100,234
10/25/20 11:00 AM,18.0,100,202
10/25/20 12:00 PM,18.2,100,97
10/25/20 01:00 PM,17.2,100,79
10/25/20 02:00 PM,16.9,45,76
10/25/20 03:00 PM,17.8,76,239
10/25/20 04:00 PM,18.1,44,226
10/25/20 05:00 PM,16.9,46,120
10/25/20 06:00 PM,15.8,46,16
10/25/20 07:00 PM,15.3,40,0
10/25/20 08:00 PM,14.9,48,0
10/25/20 09:00 PM,14.7,30,0
10/25/20 10:00 PM,14.4,25,0
10/25/20 11:00 PM,14.1,51,0
10/26/20 12:00 AM,13.9,73,0
10/26/20 01:00 AM,13.9,82,0
10/26/20 02:00 AM,13.7,50,0
10/26/20 03:00 AM,13.2,17,0
10/26/20 04:00 AM,12.7,19,0
10/26/20 05:00 AM,12.3,25,0
10/26/20 06:00 AM,12.0,48,0
10/26/20 07:00 AM,11.7,45,0
10/26/20 08:00 AM,12.9,34,49
10/26/20 09:00 AM,14.4,31,156
10/26/20 10:00 AM,15.5,31,296
10/26/20 11:00 AM,16.4,33,484
10/26/20 12:00 PM,16.8,31,587
10/26/20 01:00 PM,17.6,15,620
10/26/20 02:00 PM,18.0,65,569
10/26/20 03:00 PM,17.7,75,378
10/26/20 04:00 PM,17.0,71,247
10/26/20 05:00 PM,15.9,47,114
10/26/20 06:00 PM,14.2,36,21
10/26/20 07:00 PM,13.1,28,0
10/26/20 08:00 PM,11.8,26,0
10/26/20 09:00 PM,10.9,26,0
10/26/20 10:00 PM,11.4,22,0
10/26/20 11:00 PM,11.8,4,0
10/27/20 12:00 AM,11.6,16,0
10/27/20 01:00 AM,12.9,17,0
10/27/20 02:00 AM,12.6,19,0
10/27/20 03:00 AM,11.5,7,0
10/27/20 04:00 AM,10.1,20,0
10/27/20 05:00 AM,10.2,32,0
10/27/20 06:00 AM,11.5,58,0
10/27/20 07:00 AM,12.3,23,0
10/27/20 08:00 AM,13.7,10,51
10/27/20 09:00 AM,15.6,14,215
10/27/20 10:00 AM,16.5,11,377
10/27/20 11:00 AM,17.0,19,500
10/27/20 12:00 PM,17.1,37,557
10/27/20 01:00 PM,17.2,80,489
10/27/20 02:00 PM,17.2,89,404
10/27/20 03:00 PM,17.0,83,306
10/27/20 04:00 PM,16.9,80,266
10/27/20 05:00 PM,16.1,36,102
10/27/20 06:00 PM,15.1,53,16
10/27/20 07:00 PM,14.8,77,0
10/27/20 08:00 PM,15.1,56,0
10/27/20 09:00 PM,15.1,10,0
10/27/20 10:00 PM,15.1,14,0
10/27/20 11:00 PM,15.1,29,0
10/28/20 12:00 AM,14.9,9,0
10/28/20 01:00 AM,15.1,33,0
10/28/20 02:00 AM,15.3,30,0
10/28/20 03:00 AM,15.5,57,0
10/28/20 04:00 AM,15.8,100,0
10/28/20 05:00 AM,16.3,94,0
10/28/20 06:00 AM,16.2,92,0
10/28/20 07:00 AM,16.2,100,0
10/28/20 08:00 AM,16.7,100,18
10/28/20 09:00 AM,16.9,100,33
10/28/20 10:00 AM,17.3,100,68
10/28/20 11:00 AM,17.2,100,66
10/28/20 12:00 PM,17.3,100,68
10/28/20 01:00 PM,17.6,100,89
10/28/20 02:00 PM,18.1,65,151
10/28/20 03:00 PM,19.0,63,357
10/28/20 04:00 PM,19.0,26,250
10/28/20 05:00 PM,18.3,13,131
10/28/20 06:00 PM,16.0,21,17
10/28/20 07:00 PM,15.6,43,0
10/28/20 08:00 PM,15.8,1,0
10/28/20 09:00 PM,13.7,0,0
10/28/20 10:00 PM,13.3,0,0
10/28/20 11:00 PM,13.7,0,0
10/29/20 12:00 AM,13.7,3,0
10/29/20 01:00 AM,13.8,4,0
10/29/20 02:00 AM,13.3,4,0
10/29/20 03:00 AM,12.7,1,0
10/29/20 04:00 AM,12.2,0,0
10/29/20 05:00 AM,11.8,0,0
10/29/20 06:00 AM,11.3,0,0
10/29/20 07:00 AM,10.2,4,0
10/29/20 08:00 AM,11.6,22,50
10/29/20 09:00 AM,13.2,90,193
10/29/20 10:00 AM,14.7,90,286
10/29/20 11:00 AM,16.3,90,375
10/29/20 12:00 PM,19.1,0,436
10/29/20 01:00 PM,20.1,0,610
10/29/20 02:00 PM,20.4,0,568
10/29/20 03:00 PM,20.5,0,469
10/29/20 04:00 PM,20.1,0,324
10/29/20 05:00 PM,18.5,0,153
10/29/20 06:00 PM,15.6,0,17
10/29/20 07:00 PM,14.2,0,0
10/29/20 08:00 PM,13.9,0,0
10/29/20 09:00 PM,13.8,0,0
10/29/20 10:00 PM,13.9,0,0
10/29/20 11:00 PM,13.2,0,0
10/30/20 12:00 AM,13.0,0,0
10/30/20 01:00 AM,12.9,0,0
10/30/20 02:00 AM,12.6,0,0
10/30/20 03:00 AM,12.4,0,0
10/30/20 04:00 AM,12.1,0,0
10/30/20 05:00 AM,12.0,0,0
10/30/20 06:00 AM,11.8,11,0
10/30/20 07:00 AM,11.6,35,0
10/30/20 08:00 AM,12.3,90,44
10/30/20 09:00 AM,13.9,54,162
10/30/20 10:00 AM,16.5,0,354
10/30/20 11:00 AM,19.1,0,506
10/30/20 12:00 PM,20.8,0,585
10/30/20 01:00 PM,22.2,0,605
10/30/20 02:00 PM,23.0,0,563
10/30/20 03:00 PM,23.2,0,464
10/30/20 04:00 PM,22.9,0,319
10/30/20 05:00 PM,21.0,0,149
10/30/20 06:00 PM,17.7,0,16
10/30/20 07:00 PM,16.5,0,0
10/30/20 08:00 PM,16.2,0,0
10/30/20 09:00 PM,16.0,0,0
10/30/20 10:00 PM,15.5,0,0
10/30/20 11:00 PM,14.9,0,0
10/31/20 12:00 AM,14.9,0,0
10/31/20 01:00 AM,14.5,0,0
10/31/20 02:00 AM,14.1,0,0
10/31/20 03:00 AM,13.4,3,0
10/31/20 04:00 AM,12.9,1,0
10/31/20 05:00 AM,13.2,10,0
10/31/20 06:00 AM,13.1,23,0
10/31/20 07:00 AM,12.9,0,0
10/31/20 08:00 AM,13.9,0,46
10/31/20 09:00 AM,16.6,14,204
10/31/20 10:00 AM,19.1,11,361
10/31/20 11:00 AM,20.9,21,492
10/31/20 12:00 PM,21.3,22,569
10/31/20 01:00 PM,22.0,28,570
10/31/20 02:00 PM,22.0,26,488
10/31/20 03:00 PM,22.0,24,451
10/31/20 04:00 PM,21.7,20,306
10/31/20 05:00 PM,19.9,26,142
10/31/20 06:00 PM,17.4,0,14
10/31/20 07:00 PM,16.3,17,0
10/31/20 08:00 PM,15.9,21,0
10/31/20 09:00 PM,15.5,26,0
10/31/20 10:00 PM,15.3,30,0
10/31/20 11:00 PM,15.1,30,0
11/01/20 12:00 AM,14.1,30,0
11/01/20 01:00 AM,14.0,30,0
11/01/20 02:00 AM,14.4,100,0
11/01/20 03:00 AM,14.6,100,0
11/01/20 04:00 AM,14.1,100,0
11/01/20 05:00 AM,14.1,100,0
11/01/20 06:00 AM,14.2,100,0
11/01/20 07:00 AM,14.1,100,0
11/01/20 08:00 AM,14.9,95,23
11/01/20 09:00 AM,16.0,100,94
11/01/20 10:00 AM,17.7,92,185
11/01/20 11:00 AM,19.0,82,297
11/01/20 12:00 PM,20.0,57,415
11/01/20 01:00 PM,21.2,100,487
11/01/20 02:00 PM,21.2,100,345
11/01/20 03:00 PM,20.8,86,199
11/01/20 04:00 PM,20.0,89,90
11/01/20 05:00 PM,19.0,85,31
11/01/20 06:00 PM,18.1,82,5
11/01/20 07:00 PM,17.2,82,0
11/01/20 08:00 PM,16.9,81,0
11/01/20 09:00 PM,16.5,79,0
11/01/20 10:00 PM,16.2,79,0
11/01/20 11:00 PM,16.7,88,0
11/02/20 12:00 AM,17.2,88,0
11/02/20 01:00 AM,17.2,78,0
11/02/20 02:00 AM,17.0,76,0
11/02/20 03:00 AM,16.7,100,0
11/02/20 04:00 AM,16.4,100,0
11/02/20 05:00 AM,16.8,94,0
11/02/20 06:00 AM,16.8,100,0
11/02/20 07:00 AM,16.7,100,0
11/02/20 08:00 AM,16.8,100,14
11/02/20 09:00 AM,17.2,100,52
11/02/20 10:00 AM,18.2,100,119
11/02/20 11:00 AM,19.0,100,151
11/02/20 12:00 PM,20.7,80,268
11/02/20 01:00 PM,20.9,100,238
11/02/20 02:00 PM,20.7,100,176
11/02/20 03:00 PM,20.3,100,111
11/02/20 04:00 PM,20.4,100,95
11/02/20 05:00 PM,19.9,100,47
11/02/20 06:00 PM,19.0,56,4
11/02/20 07:00 PM,18.5,59,0
11/02/20 08:00 PM,17.8,65,0
11/02/20 09:00 PM,16.7,36,0
11/02/20 10:00 PM,16.0,34,0
11/02/20 11:00 PM,15.7,38,0
11/03/20 12:00 AM,15.6,81,0
11/03/20 01:00 AM,15.5,73,0
11/03/20 02:00 AM,15.1,55,0
11/03/20 03:00 AM,14.8,70,0
11/03/20 04:00 AM,14.4,68,0
11/03/20 05:00 AM,14.1,66,0
11/03/20 06:00 AM,13.8,35,0
11/03/20 07:00 AM,13.2,1,0
11/03/20 08:00 AM,13.3,0,43
11/03/20 09:00 AM,14.4,0,206
11/03/20 10:00 AM,15.6,0,376
11/03/20 11:00 AM,16.8,0,509
11/03/20 12:00 PM,17.9,0,587
11/03/20 01:00 PM,18.3,0,604
11/03/20 02:00 PM,18.5,0,560
11/03/20 03:00 PM,18.1,0,460
11/03/20 04:00 PM,17.0,0,313
11/03/20 05:00 PM,15.6,0,140
11/03/20 06:00 PM,14.4,0,12
11/03/20 07:00 PM,13.7,0,0
11/03/20 08:00 PM,13.2,0,0
11/03/20 09:00 PM,13.1,0,0
11/03/20 10:00 PM,13.0,0,0
11/03/20 11:00 PM,12.8,0,0
11/04/20 12:00 AM,12.6,0,0
11/04/20 01:00 AM,12.2,0,0
11/04/20 02:00 AM,11.9,0,0
11/04/20 03:00 AM,11.7,0,0
11/04/20 04:00 AM,11.4,0,0
11/04/20 05:00 AM,11.1,0,0
11/04/20 06:00 AM,10.9,0,0
11/04/20 07:00 AM,10.6,0,0
11/04/20 08:00 AM,10.9,0,41
11/04/20 09:00 AM,12.0,22,198
11/04/20 10:00 AM,12.9,39,284
11/04/20 11:00 AM,13.5,79,306
11/04/20 12:00 PM,13.9,83,323
11/04/20 01:00 PM,13.6,89,214
11/04/20 02:00 PM,13.5,90,136
11/04/20 03:00 PM,13.4,90,104
11/04/20 04:00 PM,13.5,92,82
11/04/20 05:00 PM,13.2,62,40
11/04/20 06:00 PM,12.6,54,6
11/04/20 07:00 PM,12.0,65,0
11/04/20 08:00 PM,11.5,52,0
11/04/20 09:00 PM,11.2,21,0
11/04/20 10:00 PM,10.4,41,0
11/04/20 11:00 PM,10.2,65,0
11/05/20 12:00 AM,10.5,66,0
11/05/20 01:00 AM,12.3,100,0
11/05/20 02:00 AM,13.1,100,0
11/05/20 03:00 AM,13.7,65,0
11/05/20 04:00 AM,14.1,100,0
11/05/20 05:00 AM,13.8,92,0
11/05/20 06:00 AM,13.6,100,0
11/05/20 07:00 AM,13.7,100,0
11/05/20 08:00 AM,14.0,82,9
11/05/20 09:00 AM,14.7,39,91
11/05/20 10:00 AM,16.1,31,322
11/05/20 11:00 AM,16.9,79,469
11/05/20 12:00 PM,15.9,73,361
11/05/20 01:00 PM,16.6,61,426
11/05/20 02:00 PM,16.7,91,395
11/05/20 03:00 PM,16.5,75,234
11/05/20 04:00 PM,14.9,61,113
11/05/20 05:00 PM,14.9,100,52
11/05/20 06:00 PM,14.8,70,3
11/05/20 07:00 PM,14.7,57,0
11/05/20 08:00 PM,14.5,79,0
11/05/20 09:00 PM,14.6,89,0
11/05/20 10:00 PM,14.9,88,0
11/05/20 11:00 PM,14.9,88,0
11/06/20 12:00 AM,14.3,90,0
11/06/20 01:00 AM,15.0,76,0
11/06/20 02:00 AM,15.2,84,0
11/06/20 03:00 AM,14.6,76,0
11/06/20 04:00 AM,14.1,100,0
11/06/20 05:00 AM,13.8,100,0
11/06/20 06:00 AM,13.9,100,0
11/06/20 07:00 AM,14.1,100,0
11/06/20 08:00 AM,14.4,100,4
11/06/20 09:00 AM,14.6,100,31
11/06/20 10:00 AM,14.8,100,33
11/06/20 11:00 AM,14.9,100,78
11/06/20 12:00 PM,14.7,88,95
11/06/20 01:00 PM,15.4,99,233
11/06/20 02:00 PM,14.8,88,102
11/06/20 03:00 PM,15.1,62,89
11/06/20 04:00 PM,15.2,81,84
11/06/20 05:00 PM,14.9,100,41
11/06/20 06:00 PM,14.9,68,4
11/06/20 07:00 PM,14.6,67,0
11/06/20 08:00 PM,14.5,67,0
11/06/20 09:00 PM,14.3,70,0
11/06/20 10:00 PM,14.0,58,0
11/06/20 11:00 PM,13.5,68,0
11/07/20 12:00 AM,13.9,100,0
11/07/20 01:00 AM,14.0,100,0
11/07/20 02:00 AM,13.8,30,0
11/07/20 03:00 AM,13.3,1,0
11/07/20 04:00 AM,13.4,4,0
11/07/20 05:00 AM,14.0,9,0
11/07/20 06:00 AM,14.4,26,0
11/07/20 07:00 AM,14.6,37,0
11/07/20 08:00 AM,15.5,12,28
11/07/20 09:00 AM,17.0,14,170
11/07/20 10:00 AM,17.9,18,317
11/07/20 11:00 AM,18.5,34,434
11/07/20 12:00 PM,18.4,39,470
11/07/20 01:00 PM,18.7,52,421
11/07/20 02:00 PM,18.5,26,364
11/07/20 03:00 PM,18.2,38,293
11/07/20 04:00 PM,17.8,100,200
11/07/20 05:00 PM,17.3,100,78
11/07/20 06:00 PM,17.0,82,4
11/07/20 07:00 PM,16.5,100,0
11/07/20 08:00 PM,16.3,88,0
11/07/20 09:00 PM,16.0,100,0
11/07/20 10:00 PM,16.3,83,0
11/07/20 11:00 PM,16.0,59,0
11/08/20 12:00 AM,16.2,95,0
11/08/20 01:00 AM,16.2,100,0
11/08/20 02:00 AM,15.9,88,0
11/08/20 03:00 AM,16.0,100,0
11/08/20 04:00 AM,16.3,64,0
11/08/20 05:00 AM,16.5,86,0
11/08/20 06:00 AM,16.0,100,0
11/08/20 07:00 AM,16.0,100,0
11/08/20 08:00 AM,16.1,100,17
11/08/20 09:00 AM,16.4,100,42
11/08/20 10:00 AM,16.8,100,147
11/08/20 11:00 AM,16.6,100,140
11/08/20 12:00 PM,16.7,100,195
11/08/20 01:00 PM,16.8,100,105
11/08/20 02:00 PM,17.4,100,304
11/08/20 03:00 PM,16.9,97,192
11/08/20 04:00 PM,16.9,35,168
11/08/20 05:00 PM,16.0,53,94
11/08/20 06:00 PM,15.6,17,5
11/08/20 07:00 PM,15.2,34,0
11/08/20 08:00 PM,15.2,41,0
11/08/20 09:00 PM,15.1,31,0
11/08/20 10:00 PM,15.0,26,0
11/08/20 11:00 PM,14.9,28,0
11/09/20 12:00 AM,14.8,21,0
11/09/20 01:00 AM,14.5,14,0
11/09/20 02:00 AM,14.3,14,0
11/09/20 03:00 AM,14.2,12,0
11/09/20 04:00 AM,14.0,25,0
11/09/20 05:00 AM,13.6,17,0
11/09/20 06:00 AM,13.4,15,0
11/09/20 07:00 AM,13.2,22,0
11/09/20 08:00 AM,14.0,22,24
11/09/20 09:00 AM,15.6,15,145
11/09/20 10:00 AM,16.7,12,291
11/09/20 11:00 AM,17.6,21,406
11/09/20 12:00 PM,17.8,100,484
11/09/20 01:00 PM,17.6,100,327
11/09/20 02:00 PM,17.8,100,246
11/09/20 03:00 PM,17.8,53,189
11/09/20 04:00 PM,17.6,36,203
11/09/20 05:00 PM,16.3,36,95
11/09/20 06:00 PM,14.9,29,5
11/09/20 07:00 PM,14.3,18,0
11/09/20 08:00 PM,13.9,14,0
11/09/20 09:00 PM,13.4,11,0
11/09/20 10:00 PM,12.8,7,0
11/09/20 11:00 PM,12.0,2,0
11/10/20 12:00 AM,13.0,1,0
11/10/20 01:00 AM,12.9,24,0
11/10/20 02:00 AM,12.4,27,0
11/10/20 03:00 AM,11.8,1,0
11/10/20 04:00 AM,11.3,6,0
11/10/20 05:00 AM,10.8,90,0
11/10/20 06:00 AM,11.0,90,0
11/10/20 07:00 AM,11.1,90,0
11/10/20 08:00 AM,11.4,90,16
11/10/20 09:00 AM,11.9,90,100
11/10/20 10:00 AM,12.5,90,183
11/10/20 11:00 AM,13.3,90,264
11/10/20 12:00 PM,14.6,33,348
11/10/20 01:00 PM,16.3,20,524
11/10/20 02:00 PM,17.1,18,519
11/10/20 03:00 PM,17.3,24,422
11/10/20 04:00 PM,16.9,22,280
11/10/20 05:00 PM,15.4,17,115
11/10/20 06:00 PM,13.9,1,6
11/10/20 07:00 PM,13.6,6,0
11/10/20 08:00 PM,13.2,2,0
11/10/20 09:00 PM,12.9,21,0
11/10/20 10:00 PM,11.7,27,0
11/10/20 11:00 PM,10.1,19,0
11/11/20 12:00 AM,10.6,0,0
11/11/20 01:00 AM,10.4,0,0
11/11/20 02:00 AM,12.4,2,0
11/11/20 03:00 AM,11.8,0,0
11/11/20 04:00 AM,10.5,0,0
11/11/20 05:00 AM,10.5,0,0
11/11/20 06:00 AM,10.6,0,0
11/11/20 07:00 AM,10.9,3,0
11/11/20 08:00 AM,11.8,14,27
11/11/20 09:00 AM,13.6,29,170
11/11/20 10:00 AM,15.3,30,319
11/11/20 11:00 AM,17.1,32,437
11/11/20 12:00 PM,18.0,31,467
11/11/20 01:00 PM,18.4,32,455
11/11/20 02:00 PM,18.4,36,404
11/11/20 03:00 PM,18.4,36,337
11/11/20 04:00 PM,18.0,34,203
11/11/20 05:00 PM,16.4,30,80
11/11/20 06:00 PM,16.6,42,4
11/11/20 07:00 PM,14.1,70,0
11/11/20 08:00 PM,14.0,82,0
11/11/20 09:00 PM,14.3,84,0
11/11/20 10:00 PM,13.8,87,0
11/11/20 11:00 PM,14.2,86,0
11/12/20 12:00 AM,13.7,61,0
11/12/20 01:00 AM,13.2,74,0
11/12/20 02:00 AM,12.6,76,0
11/12/20 03:00 AM,12.6,78,0
11/12/20 04:00 AM,12.2,68,0
11/12/20 05:00 AM,12.0,59,0
11/12/20 06:00 AM,11.5,55,0
11/12/20 07:00 AM,11.1,57,0
11/12/20 08:00 AM,12.3,48,22
11/12/20 09:00 AM,14.1,4,152
11/12/20 10:00 AM,15.7,19,324
11/12/20 11:00 AM,17.4,16,451
11/12/20 12:00 PM,18.9,37,529
11/12/20 01:00 PM,19.9,36,537
11/12/20 02:00 PM,20.4,29,493
11/12/20 03:00 PM,20.3,10,408
11/12/20 04:00 PM,19.8,20,272
11/12/20 05:00 PM,19.3,29,108
11/12/20 06:00 PM,18.6,28,5
11/12/20 07:00 PM,15.1,4,0
11/12/20 08:00 PM,15.9,40,0
11/12/20 09:00 PM,13.0,68,0
11/12/20 10:00 PM,14.3,64,0
11/12/20 11:00 PM,12.8,37,0
11/13/20 12:00 AM,13.3,46,0
11/13/20 01:00 AM,12.7,32,0
11/13/20 02:00 AM,12.0,62,0
11/13/20 03:00 AM,12.1,82,0
11/13/20 04:00 AM,12.3,82,0
11/13/20 05:00 AM,12.8,83,0
11/13/20 06:00 AM,12.7,80,0
11/13/20 07:00 AM,12.7,88,0
11/13/20 08:00 AM,12.9,70,17
11/13/20 09:00 AM,14.3,78,100
11/13/20 10:00 AM,15.4,90,173
11/13/20 11:00 AM,15.9,80,119
11/13/20 12:00 PM,18.2,41,412
11/13/20 01:00 PM,18.6,42,389
11/13/20 02:00 PM,19.0,59,359
11/13/20 03:00 PM,18.9,59,270
11/13/20 04:00 PM,18.2,39,209
11/13/20 05:00 PM,16.6,54,86
11/13/20 06:00 PM,15.8,68,3
11/13/20 07:00 PM,15.6,43,0
11/13/20 08:00 PM,15.4,44,0
11/13/20 09:00 PM,15.5,62,0
11/13/20 10:00 PM,15.8,100,0
11/13/20 11:00 PM,15.8,65,0
11/14/20 12:00 AM,15.9,86,0
11/14/20 01:00 AM,15.9,83,0
11/14/20 02:00 AM,15.4,100,0
11/14/20 03:00 AM,15.5,100,0
11/14/20 04:00 AM,15.3,100,0
11/14/20 05:00 AM,15.3,100,0
11/14/20 06:00 AM,15.5,100,0
11/14/20 07:00 AM,15.5,94,0
11/14/20 08:00 AM,16.0,90,8
11/14/20 09:00 AM,17.3,95,86
11/14/20 10:00 AM,18.3,89,199
11/14/20 11:00 AM,18.9,91,319
11/14/20 12:00 PM,18.3,100,337
11/14/20 01:00 PM,18.1,100,190
11/14/20 02:00 PM,18.2,50,198
11/14/20 03:00 PM,18.0,93,264
11/14/20 04:00 PM,17.4,34,158
11/14/20 05:00 PM,16.6,98,71
11/14/20 06:00 PM,16.6,92,2
11/14/20 07:00 PM,16.6,30,0
11/14/20 08:00 PM,16.2,47,0
11/14/20 09:00 PM,16.5,32,0
11/14/20 10:00 PM,16.7,29,0
11/14/20 11:00 PM,16.7,47,0
11/15/20 12:00 AM,16.8,53,0
11/15/20 01:00 AM,16.8,42,0
11/15/20 02:00 AM,16.4,55,0
11/15/20 03:00 AM,16.2,38,0
11/15/20 04:00 AM,16.0,6,0
11/15/20 05:00 AM,15.7,6,0
11/15/20 06:00 AM,15.2,8,0
11/15/20 07:00 AM,15.8,1,0
11/15/20 08:00 AM,16.1,30,19
11/15/20 09:00 AM,17.3,44,128
11/15/20 10:00 AM,18.4,41,225
11/15/20 11:00 AM,19.5,41,368
11/15/20 12:00 PM,20.1,29,437
11/15/20 01:00 PM,20.7,38,498
11/15/20 02:00 PM,20.6,44,429
11/15/20 03:00 PM,20.3,47,319
11/15/20 04:00 PM,19.8,52,208
11/15/20 05:00 PM,18.7,41,69
11/15/20 06:00 PM,17.6,36,3
11/15/20 07:00 PM,17.0,30,0
11/15/20 08:00 PM,16.4,30,0
11/15/20 09:00 PM,16.0,32,0
11/15/20 10:00 PM,15.6,26,0
11/15/20 11:00 PM,15.7,100,0
11/16/20 12:00 AM,15.5,100,0
11/16/20 01:00 AM,15.4,100,0
11/16/20 02:00 AM,16.0,100,0
11/16/20 03:00 AM,16.2,100,0
11/16/20 04:00 AM,16.3,99,0
11/16/20 05:00 AM,16.2,100,0
11/16/20 06:00 AM,15.9,100,0
11/16/20 07:00 AM,15.6,100,0
11/16/20 08:00 AM,15.6,100,9
11/16/20 09:00 AM,16.1,78,71
11/16/20 10:00 AM,17.1,80,170
11/16/20 11:00 AM,18.3,83,294
11/16/20 12:00 PM,18.2,100,378
11/16/20 01:00 PM,18.8,100,248
11/16/20 02:00 PM,19.4,100,307
11/16/20 03:00 PM,18.7,100,94
11/16/20 04:00 PM,18.7,69,126
11/16/20 05:00 PM,17.3,26,74
11/16/20 06:00 PM,15.5,26,3
11/16/20 07:00 PM,14.8,26,0
11/16/20 08:00 PM,13.5,28,0
11/16/20 09:00 PM,13.9,26,0
11/16/20 10:00 PM,12.6,26,0
11/16/20 11:00 PM,12.7,1,0
11/17/20 12:00 AM,12.7,53,0
11/17/20 01:00 AM,11.8,89,0
11/17/20 02:00 AM,12.2,90,0
11/17/20 03:00 AM,12.6,90,0
11/17/20 04:00 AM,12.7,90,0
11/17/20 05:00 AM,13.1,90,0
11/17/20 06:00 AM,13.2,90,0
11/17/20 07:00 AM,13.3,90,0
11/17/20 08:00 AM,13.7,90,11
11/17/20 09:00 AM,14.4,90,71
11/17/20 10:00 AM,15.9,34,182
11/17/20 11:00 AM,17.6,1,384
11/17/20 12:00 PM,16.9,14,497
11/17/20 01:00 PM,18.1,4,494
11/17/20 02:00 PM,18.7,2,476
11/17/20 03:00 PM,18.8,1,388
11/17/20 04:00 PM,18.6,0,252
11/17/20 05:00 PM,17.6,0,96
11/17/20 06:00 PM,17.1,0,3
11/17/20 07:00 PM,17.0,0,0
11/17/20 08:00 PM,16.8,0,0
11/17/20 09:00 PM,16.3,0,0
11/17/20 10:00 PM,15.4,4,0
11/17/20 11:00 PM,14.6,92,0
11/18/20 12:00 AM,14.4,100,0
11/18/20 01:00 AM,14.4,100,0
11/18/20 02:00 AM,14.2,100,0
11/18/20 03:00 AM,13.6,100,0
11/18/20 04:00 AM,13.3,100,0
11/18/20 05:00 AM,13.0,100,0
11/18/20 06:00 AM,13.1,3,0
11/18/20 07:00 AM,12.8,17,0
11/18/20 08:00 AM,13.7,17,13
11/18/20 09:00 AM,15.1,13,117
11/18/20 10:00 AM,16.7,11,253
11/18/20 11:00 AM,18.5,9,386
11/18/20 12:00 PM,19.2,28,456
11/18/20 01:00 PM,20.1,52,358
11/18/20 02:00 PM,20.5,9,276
11/18/20 03:00 PM,21.3,12,362
11/18/20 04:00 PM,21.0,11,219
11/18/20 05:00 PM,20.4,37,87
11/18/20 06:00 PM,18.4,14,2
11/18/20 07:00 PM,16.5,26,0
11/18/20 08:00 PM,16.7,7,0
11/18/20 09:00 PM,15.9,20,0
11/18/20 10:00 PM,15.4,18,0
11/18/20 11:00 PM,14.2,15,0
11/19/20 12:00 AM,14.8,17,0
11/19/20 01:00 AM,14.7,26,0
11/19/20 02:00 AM,14.5,35,0
11/19/20 03:00 AM,14.8,26,0
11/19/20 04:00 AM,14.6,25,0
11/19/20 05:00 AM,14.7,26,0
11/19/20 06:00 AM,14.5,27,0
11/19/20 07:00 AM,14.4,28,0
11/19/20 08:00 AM,14.8,28,11
11/19/20 09:00 AM,16.3,26,99
11/19/20 10:00 AM,18.3,19,243
11/19/20 11:00 AM,20.7,3,414
11/19/20 12:00 PM,22.1,0,492
11/19/20 01:00 PM,23.5,5,512
11/19/20 02:00 PM,24.1,2,458
11/19/20 03:00 PM,24.3,0,377
11/19/20 04:00 PM,23.4,4,245
11/19/20 05:00 PM,21.3,7,91
11/19/20 06:00 PM,20.1,4,2
11/19/20 07:00 PM,19.2,7,0
11/19/20 08:00 PM,18.4,0,0
11/19/20 09:00 PM,17.6,0,0
11/19/20 10:00 PM,16.7,0,0
11/19/20 11:00 PM,16.2,0,0
11/20/20 12:00 AM,16.2,0,0
11/20/20 01:00 AM,15.7,0,0
11/20/20 02:00 AM,15.0,0,0
11/20/20 03:00 AM,14.5,0,0
11/20/20 04:00 AM,14.0,0,0
11/20/20 05:00 AM,13.3,0,0
11/20/20 06:00 AM,12.8,0,0
11/20/20 07:00 AM,12.6,0,0
11/20/20 08:00 AM,12.8,0,14
11/20/20 09:00 AM,14.8,0,138
11/20/20 10:00 AM,17.0,0,293
11/20/20 11:00 AM,18.9,0,419
11/20/20 12:00 PM,20.6,0,497
11/20/20 01:00 PM,21.7,0,519
11/20/20 02:00 PM,22.3,0,480
11/20/20 03:00 PM,22.2,0,387
11/20/20 04:00 PM,21.3,0,250
11/20/20 05:00 PM,19.2,0,93
11/20/20 06:00 PM,17.5,0,2
11/20/20 07:00 PM,16.1,0,0
11/20/20 08:00 PM,15.0,0,0
11/20/20 09:00 PM,13.9,0,0
11/20/20 10:00 PM,13.5,0,0
11/20/20 11:00 PM,13.2,0,0
11/21/20 12:00 AM,12.9,0,0
11/21/20 01:00 AM,12.2,0,0
11/21/20 02:00 AM,11.6,0,0
11/21/20 03:00 AM,11.0,0,0
11/21/20 04:00 AM,10.8,0,0
11/21/20 05:00 AM,10.9,0,0
11/21/20 06:00 AM,10.6,0,0
11/21/20 07:00 AM,10.3,0,0
11/21/20 08:00 AM,11.1,0,13
11/21/20 09:00 AM,13.1,0,138
11/21/20 10:00 AM,15.0,0,296
11/21/20 11:00 AM,16.7,0,423
11/21/20 12:00 PM,18.0,0,502
11/21/20 01:00 PM,18.8,0,522
11/21/20 02:00 PM,19.1,0,483
11/21/20 03:00 PM,19.3,0,391
11/21/20 04:00 PM,18.8,0,252
11/21/20 05:00 PM,18.5,0,93
11/21/20 06:00 PM,17.2,0,2
11/21/20 07:00 PM,15.7,0,0
11/21/20 08:00 PM,13.1,0,0
11/21/20 09:00 PM,11.6,0,0
11/21/20 10:00 PM,12.7,3,0
11/21/20 11:00 PM,12.6,0,0
11/22/20 12:00 AM,12.4,0,0
11/22/20 01:00 AM,11.9,0,0
11/22/20 02:00 AM,10.5,0,0
11/22/20 03:00 AM,10.3,0,0
11/22/20 04:00 AM,9.9,0,0
11/22/20 05:00 AM,9.7,0,0
11/22/20 06:00 AM,9.5,0,0
11/22/20 07:00 AM,9.1,0,0
11/22/20 08:00 AM,10.1,0,12
11/22/20 09:00 AM,12.3,0,130
11/22/20 10:00 AM,14.4,0,285
11/22/20 11:00 AM,16.1,0,412
11/22/20 12:00 PM,17.4,10,490
11/22/20 01:00 PM,18.4,4,512
11/22/20 02:00 PM,18.9,0,475
11/22/20 03:00 PM,19.1,0,382
11/22/20 04:00 PM,18.6,0,245
11/22/20 05:00 PM,16.4,0,89
11/22/20 06:00 PM,14.9,0,2
11/22/20 07:00 PM,14.4,0,0
11/22/20 08:00 PM,13.6,0,0
11/22/20 09:00 PM,12.8,0,0
11/22/20 10:00 PM,12.1,0,0
11/22/20 11:00 PM,11.5,0,0
11/23/20 12:00 AM,11.2,0,0
11/23/20 01:00 AM,10.6,1,0
11/23/20 02:00 AM,10.0,4,0
11/23/20 03:00 AM,9.5,8,0
11/23/20 04:00 AM,8.9,14,0
11/23/20 05:00 AM,8.5,21,0
11/23/20 06:00 AM,8.3,15,0
11/23/20 07:00 AM,7.4,25,0
11/23/20 08:00 AM,8.4,10,11
11/23/20 09:00 AM,11.2,12,124
11/23/20 10:00 AM,13.1,10,278
11/23/20 11:00 AM,14.9,11,406
11/23/20 12:00 PM,16.1,9,483
11/23/20 01:00 PM,17.4,7,506
11/23/20 02:00 PM,17.8,4,470
11/23/20 03:00 PM,17.8,9,376
11/23/20 04:00 PM,17.4,25,238
11/23/20 05:00 PM,16.6,29,81
11/23/20 06:00 PM,14.8,29,2
11/23/20 07:00 PM,12.8,29,0
11/23/20 08:00 PM,11.6,29,0
11/23/20 09:00 PM,11.5,30,0
11/23/20 10:00 PM,12.2,30,0
11/23/20 11:00 PM,12.7,29,0
11/24/20 12:00 AM,12.5,28,0
11/24/20 01:00 AM,12.0,25,0
11/24/20 02:00 AM,11.9,23,0
11/24/20 03:00 AM,11.5,27,0
11/24/20 04:00 AM,9.6,18,0
11/24/20 05:00 AM,10.6,22,0
11/24/20 06:00 AM,10.2,28,0
11/24/20 07:00 AM,10.0,11,0
11/24/20 08:00 AM,9.2,18,9
11/24/20 09:00 AM,12.2,19,112
11/24/20 10:00 AM,14.4,21,248
11/24/20 11:00 AM,16.4,54,368
11/24/20 12:00 PM,16.2,12,394
11/24/20 01:00 PM,16.7,17,499
11/24/20 02:00 PM,16.9,26,465
11/24/20 03:00 PM,16.6,27,352
11/24/20 04:00 PM,16.1,27,203
11/24/20 05:00 PM,15.0,12,81
11/24/20 06:00 PM,14.1,15,2
11/24/20 07:00 PM,14.0,34,0
11/24/20 08:00 PM,14.3,66,0
11/24/20 09:00 PM,14.6,100,0
11/24/20 10:00 PM,15.2,100,0
11/24/20 11:00 PM,14.9,100,0
11/25/20 12:00 AM,14.7,100,0
11/25/20 01:00 AM,14.5,95,0
11/25/20 02:00 AM,14.5,100,0
11/25/20 03:00 AM,14.4,95,0
11/25/20 04:00 AM,14.3,100,0
11/25/20 05:00 AM,14.1,100,0
11/25/20 06:00 AM,14.1,92,0
11/25/20 07:00 AM,14.1,100,0
11/25/20 08:00 AM,13.2,100,3
11/25/20 09:00 AM,12.7,100,32
11/25/20 10:00 AM,12.9,66,51
11/25/20 11:00 AM,13.4,78,219
11/25/20 12:00 PM,12.5,49,252
11/25/20 01:00 PM,13.6,88,299
11/25/20 02:00 PM,13.9,60,235
11/25/20 03:00 PM,14.1,59,248
11/25/20 04:00 PM,13.6,74,163
11/25/20 05:00 PM,12.3,92,57
11/25/20 06:00 PM,11.6,100,1
11/25/20 07:00 PM,11.4,100,0
11/25/20 08:00 PM,11.0,91,0
11/25/20 09:00 PM,10.9,72,0
11/25/20 10:00 PM,10.7,61,0
11/25/20 11:00 PM,10.8,44,0
11/26/20 12:00 AM,11.0,86,0
11/26/20 01:00 AM,11.3,78,0
11/26/20 02:00 AM,10.7,100,0
11/26/20 03:00 AM,10.8,77,0
11/26/20 04:00 AM,11.2,36,0
11/26/20 05:00 AM,10.9,28,0
11/26/20 06:00 AM,10.3,33,0
11/26/20 07:00 AM,10.0,57,0
11/26/20 08:00 AM,10.2,33,6
11/26/20 09:00 AM,10.9,32,102
11/26/20 10:00 AM,11.7,40,223
11/26/20 11:00 AM,12.9,48,375
11/26/20 12:00 PM,13.5,74,377
11/26/20 01:00 PM,14.0,31,347
11/26/20 02:00 PM,14.6,54,347
11/26/20 03:00 PM,14.5,47,234
11/26/20 04:00 PM,14.2,48,148
11/26/20 05:00 PM,13.0,37,75
11/26/20 06:00 PM,12.3,37,1
11/26/20 07:00 PM,11.6,28,0
11/26/20 08:00 PM,11.1,37,0
11/26/20 09:00 PM,10.8,47,0
11/26/20 10:00 PM,10.9,35,0
11/26/20 11:00 PM,10.4,17,0
11/27/20 12:00 AM,9.8,34,0
11/27/20 01:00 AM,9.2,28,0
11/27/20 02:00 AM,9.0,36,0
11/27/20 03:00 AM,8.5,24,0
11/27/20 04:00 AM,8.4,24,0
11/27/20 05:00 AM,8.0,50,0
11/27/20 06:00 AM,8.1,31,0
11/27/20 07:00 AM,7.4,30,0
11/27/20 08:00 AM,8.1,31,6
11/27/20 09:00 AM,9.1,30,67
11/27/20 10:00 AM,10.7,34,182
11/27/20 11:00 AM,11.6,35,219
11/27/20 12:00 PM,12.9,100,163
11/27/20 01:00 PM,14.0,100,255
11/27/20 02:00 PM,15.4,53,319
11/27/20 03:00 PM,16.5,100,300
11/27/20 04:00 PM,15.9,56,107
11/27/20 05:00 PM,14.4,68,60
11/27/20 06:00 PM,13.4,30,1
11/27/20 07:00 PM,13.0,23,0
11/27/20 08:00 PM,12.6,12,0
11/27/20 09:00 PM,11.8,4,0
11/27/20 10:00 PM,11.4,1,0
11/27/20 11:00 PM,11.0,1,0
11/28/20 12:00 AM,11.2,0,0
11/28/20 01:00 AM,11.1,0,0
11/28/20 02:00 AM,10.6,0,0
11/28/20 03:00 AM,9.0,14,0
11/28/20 04:00 AM,10.7,26,0
11/28/20 05:00 AM,10.4,52,0
11/28/20 06:00 AM,8.2,90,0
11/28/20 07:00 AM,9.2,93,0
11/28/20 08:00 AM,10.6,100,5
11/28/20 09:00 AM,12.4,68,68
11/28/20 10:00 AM,14.2,49,186
11/28/20 11:00 AM,15.6,66,304
11/28/20 12:00 PM,15.6,98,280
11/28/20 01:00 PM,15.9,100,228
11/28/20 02:00 PM,14.7,84,55
11/28/20 03:00 PM,14.5,100,171
11/28/20 04:00 PM,13.9,100,33
11/28/20 05:00 PM,13.7,100,16
11/28/20 06:00 PM,13.1,100,0
11/28/20 07:00 PM,12.9,62,0
11/28/20 08:00 PM,12.6,30,0
11/28/20 09:00 PM,11.8,23,0
11/28/20 10:00 PM,11.1,16,0
11/28/20 11:00 PM,11.4,15,0
11/29/20 12:00 AM,12.4,32,0
11/29/20 01:00 AM,12.5,32,0
11/29/20 02:00 AM,12.2,56,0
11/29/20 03:00 AM,12.2,49,0
11/29/20 04:00 AM,12.1,47,0
11/29/20 05:00 AM,11.3,100,0
11/29/20 06:00 AM,11.2,100,0
11/29/20 07:00 AM,11.6,68,0
11/29/20 08:00 AM,11.1,81,4
11/29/20 09:00 AM,11.6,100,87
11/29/20 10:00 AM,12.5,49,137
11/29/20 11:00 AM,13.6,88,289
11/29/20 12:00 PM,13.4,83,288
11/29/20 01:00 PM,14.4,93,255
11/29/20 02:00 PM,13.0,100,154
11/29/20 03:00 PM,12.7,46,46
11/29/20 04:00 PM,13.3,78,177
11/29/20 05:00 PM,12.6,50,58
11/29/20 06:00 PM,12.2,32,1
11/29/20 07:00 PM,11.7,22,0
11/29/20 08:00 PM,11.3,19,0
11/29/20 09:00 PM,11.1,30,0
11/29/20 10:00 PM,11.5,28,0
11/29/20 11:00 PM,11.3,27,0
11/30/20 12:00 AM,10.7,2,0
11/30/20 01:00 AM,10.8,18,0
11/30/20 02:00 AM,10.9,28,0
11/30/20 03:00 AM,10.8,47,0
11/30/20 04:00 AM,10.9,23,0
11/30/20 05:00 AM,11.1,55,0
11/30/20 06:00 AM,11.8,38,0
11/30/20 07:00 AM,12.0,31,0
11/30/20 08:00 AM,12.1,44,5
11/30/20 09:00 AM,13.0,44,74
11/30/20 10:00 AM,13.9,41,140
11/30/20 11:00 AM,14.5,63,214
11/30/20 12:00 PM,16.4,29,286
11/30/20 01:00 PM,17.2,51,379
11/30/20 02:00 PM,17.9,50,399
11/30/20 03:00 PM,17.7,34,238
11/30/20 04:00 PM,17.5,44,187
11/30/20 05:00 PM,16.2,41,47
11/30/20 06:00 PM,15.4,45,1
11/30/20 07:00 PM,15.2,74,0
11/30/20 08:00 PM,15.2,88,0
11/30/20 09:00 PM,14.7,76,0
11/30/20 10:00 PM,13.9,57,0
11/30/20 11:00 PM,13.7,66,0
12/01/20 12:00 AM,12.4,35,0
12/01/20 01:00 AM,12.4,49,0
12/01/20 02:00 AM,12.7,40,0
12/01/20 03:00 AM,12.7,40,0
12/01/20 04:00 AM,12.3,31,0
12/01/20 05:00 AM,11.6,14,0
12/01/20 06:00 AM,11.5,6,0
12/01/20 07:00 AM,11.0,5,0
12/01/20 08:00 AM,10.7,6,5
12/01/20 09:00 AM,12.3,2,101
12/01/20 10:00 AM,14.2,0,248
12/01/20 11:00 AM,15.7,0,373
12/01/20 12:00 PM,16.6,0,452
12/01/20 01:00 PM,18.0,0,475
12/01/20 02:00 PM,18.9,11,441
12/01/20 03:00 PM,19.1,16,348
12/01/20 04:00 PM,18.4,0,215
12/01/20 05:00 PM,15.9,0,77
12/01/20 06:00 PM,14.6,0,1
12/01/20 07:00 PM,13.9,0,0
12/01/20 08:00 PM,13.3,0,0
12/01/20 09:00 PM,12.8,0,0
12/01/20 10:00 PM,12.6,0,0
12/01/20 11:00 PM,12.0,0,0
12/02/20 12:00 AM,11.5,0,0
12/02/20 01:00 AM,10.8,0,0
12/02/20 02:00 AM,10.3,0,0
12/02/20 03:00 AM,10.0,0,0
12/02/20 04:00 AM,9.5,0,0
12/02/20 05:00 AM,9.1,0,0
12/02/20 06:00 AM,8.5,0,0
12/02/20 07:00 AM,8.0,0,0
12/02/20 08:00 AM,7.7,0,5
12/02/20 09:00 AM,9.3,0,106
12/02/20 10:00 AM,11.6,0,262
12/02/20 11:00 AM,13.7,0,392
12/02/20 12:00 PM,15.8,0,468
12/02/20 01:00 PM,16.6,13,478
12/02/20 02:00 PM,17.0,24,440
12/02/20 03:00 PM,16.9,30,351
12/02/20 04:00 PM,16.3,21,216
12/02/20 05:00 PM,14.1,21,72
12/02/20 06:00 PM,12.8,23,1
12/02/20 07:00 PM,12.0,21,0
12/02/20 08:00 PM,11.7,19,0
12/02/20 09:00 PM,11.4,24,0
12/02/20 10:00 PM,10.9,20,0
12/02/20 11:00 PM,10.1,16,0
12/03/20 12:00 AM,9.8,23,0
12/03/20 01:00 AM,9.3,23,0
12/03/20 02:00 AM,8.6,20,0
12/03/20 03:00 AM,8.0,2,0
12/03/20 04:00 AM,7.5,0,0
12/03/20 05:00 AM,7.1,0,0
12/03/20 06:00 AM,6.6,0,0
12/03/20 07:00 AM,6.2,0,0
12/03/20 08:00 AM,6.1,0,4
12/03/20 09:00 AM,7.5,0,100
12/03/20 10:00 AM,9.4,0,251
12/03/20 11:00 AM,11.3,24,379
12/03/20 12:00 PM,12.4,0,457
12/03/20 01:00 PM,13.5,0,484
12/03/20 02:00 PM,14.1,21,452
12/03/20 03:00 PM,14.5,26,364
12/03/20 04:00 PM,14.1,19,208
12/03/20 05:00 PM,12.1,26,77
12/03/20 06:00 PM,11.3,100,1
12/03/20 07:00 PM,12.5,32,0
12/03/20 08:00 PM,11.8,88,0
12/03/20 09:00 PM,13.2,28,0
12/03/20 10:00 PM,12.9,83,0
12/03/20 11:00 PM,13.2,58,0
12/04/20 12:00 AM,13.5,100,0
12/04/20 01:00 AM,14.2,98,0
12/04/20 02:00 AM,14.1,46,0
12/04/20 03:00 AM,13.1,68,0
12/04/20 04:00 AM,12.8,64,0
12/04/20 05:00 AM,12.8,32,0
12/04/20 06:00 AM,12.0,45,0
12/04/20 07:00 AM,11.2,72,0
12/04/20 08:00 AM,10.7,91,2
12/04/20 09:00 AM,10.7,72,34
12/04/20 10:00 AM,10.8,67,125
12/04/20 11:00 AM,11.1,69,195
12/04/20 12:00 PM,11.2,55,239
12/04/20 01:00 PM,11.0,93,236
12/04/20 02:00 PM,9.7,83,96
12/04/20 03:00 PM,9.0,63,89
12/04/20 04:00 PM,9.1,42,123
12/04/20 05:00 PM,8.7,60,52
12/04/20 06:00 PM,8.0,65,1
12/04/20 07:00 PM,7.6,100,0
12/04/20 08:00 PM,7.8,79,0
12/04/20 09:00 PM,7.2,62,0
12/04/20 10:00 PM,6.9,60,0
12/04/20 11:00 PM,6.8,44,0
12/05/20 12:00 AM,6.7,53,0
12/05/20 01:00 AM,6.4,37,0
12/05/20 02:00 AM,6.2,56,0
12/05/20 03:00 AM,6.9,47,0
12/05/20 04:00 AM,6.9,54,0
12/05/20 05:00 AM,7.1,35,0
12/05/20 06:00 AM,6.9,35,0
12/05/20 07:00 AM,6.9,34,0
12/05/20 08:00 AM,7.4,28,3
12/05/20 09:00 AM,8.3,13,88
12/05/20 10:00 AM,9.6,10,238
12/05/20 11:00 AM,10.9,5,358
12/05/20 12:00 PM,11.4,29,448
12/05/20 01:00 PM,11.7,37,431
12/05/20 02:00 PM,11.6,38,355
12/05/20 03:00 PM,11.8,35,297
12/05/20 04:00 PM,11.5,22,192
12/05/20 05:00 PM,10.3,15,71
12/05/20 06:00 PM,9.3,29,1
12/05/20 07:00 PM,9.1,32,0
12/05/20 08:00 PM,8.9,43,0
12/05/20 09:00 PM,8.9,47,0
12/05/20 10:00 PM,8.6,38,0
12/05/20 11:00 PM,8.6,46,0
12/06/20 12:00 AM,8.3,35,0
12/06/20 01:00 AM,8.2,50,0
12/06/20 02:00 AM,8.6,62,0
12/06/20 03:00 AM,8.7,57,0
12/06/20 04:00 AM,8.6,46,0
12/06/20 05:00 AM,8.4,50,0
12/06/20 06:00 AM,8.5,67,0
12/06/20 07:00 AM,8.9,92,0
12/06/20 08:00 AM,9.3,100,2
12/06/20 09:00 AM,10.3,68,54
12/06/20 10:00 AM,11.3,100,120
12/06/20 11:00 AM,11.7,98,137
12/06/20 12:00 PM,11.8,80,220
12/06/20 01:00 PM,13.2,100,253
12/06/20 02:00 PM,13.5,75,188
12/06/20 03:00 PM,12.7,100,131
12/06/20 04:00 PM,12.5,99,61
12/06/20 05:00 PM,12.1,68,28
12/06/20 06:00 PM,11.8,39,1
12/06/20 07:00 PM,11.2,19,0
12/06/20 08:00 PM,10.8,21,0
12/06/20 09:00 PM,10.6,39,0
12/06/20 10:00 PM,10.8,64,0
12/06/20 11:00 PM,11.1,23,0
12/07/20 12:00 AM,11.8,26,0
12/07/20 01:00 AM,11.9,66,0
12/07/20 02:00 AM,12.7,86,0
12/07/20 03:00 AM,13.0,53,0
12/07/20 04:00 AM,13.2,28,0
12/07/20 05:00 AM,12.8,37,0
12/07/20 06:00 AM,12.7,27,0
12/07/20 07:00 AM,12.4,13,0
12/07/20 08:00 AM,12.1,52,2
12/07/20 09:00 AM,13.2,38,66
12/07/20 10:00 AM,14.6,43,181
12/07/20 11:00 AM,15.6,67,281
12/07/20 12:00 PM,14.9,72,358
12/07/20 01:00 PM,15.4,66,320
12/07/20 02:00 PM,15.4,88,286
12/07/20 03:00 PM,15.2,84,191
12/07/20 04:00 PM,14.8,81,119
12/07/20 05:00 PM,14.2,43,47
12/07/20 06:00 PM,13.5,23,1
12/07/20 07:00 PM,13.3,52,0
12/07/20 08:00 PM,13.6,39,0
12/07/20 09:00 PM,13.4,36,0
12/07/20 10:00 PM,13.4,24,0
12/07/20 11:00 PM,13.4,40,0
12/08/20 12:00 AM,13.9,61,0
12/08/20 01:00 AM,14.3,70,0
12/08/20 02:00 AM,14.0,45,0
12/08/20 03:00 AM,14.0,42,0
12/08/20 04:00 AM,13.6,55,0
12/08/20 05:00 AM,13.6,68,0
12/08/20 06:00 AM,13.3,100,0
12/08/20 07:00 AM,13.1,100,0
12/08/20 08:00 AM,13.0,55,1
12/08/20 09:00 AM,13.3,100,70
12/08/20 10:00 AM,14.0,34,134
12/08/20 11:00 AM,15.2,63,317
12/08/20 12:00 PM,13.9,45,343
12/08/20 01:00 PM,15.0,83,366
12/08/20 02:00 PM,15.0,35,246
12/08/20 03:00 PM,15.5,68,289
12/08/20 04:00 PM,14.3,100,153
12/08/20 05:00 PM,13.5,81,44
12/08/20 06:00 PM,13.0,16,1
12/08/20 07:00 PM,12.3,4,0
12/08/20 08:00 PM,11.2,12,0
12/08/20 09:00 PM,9.9,100,0
12/08/20 10:00 PM,10.0,100,0
12/08/20 11:00 PM,10.8,100,0
12/09/20 12:00 AM,11.6,41,0
12/09/20 01:00 AM,10.1,71,0
12/09/20 02:00 AM,11.2,100,0
12/09/20 03:00 AM,11.1,71,0
12/09/20 04:00 AM,10.9,64,0
12/09/20 05:00 AM,10.7,77,0
12/09/20 06:00 AM,10.8,89,0
12/09/20 07:00 AM,11.2,67,0
12/09/20 08:00 AM,10.9,100,1
12/09/20 09:00 AM,12.9,100,30
12/09/20 10:00 AM,14.0,100,52
12/09/20 11:00 AM,14.2,100,56
12/09/20 12:00 PM,15.3,100,120
12/09/20 01:00 PM,15.9,85,148
12/09/20 02:00 PM,16.5,100,253
12/09/20 03:00 PM,16.3,54,161
12/09/20 04:00 PM,16.3,61,180
12/09/20 05:00 PM,14.9,40,57
12/09/20 06:00 PM,13.7,35,1
12/09/20 07:00 PM,13.3,39,0
12/09/20 08:00 PM,12.7,52,0
12/09/20 09:00 PM,13.0,64,0
12/09/20 10:00 PM,13.5,68,0
12/09/20 11:00 PM,13.6,52,0
12/10/20 12:00 AM,13.8,98,0
12/10/20 01:00 AM,14.3,86,0
12/10/20 02:00 AM,14.7,100,0
12/10/20 03:00 AM,15.1,100,0
12/10/20 04:00 AM,15.2,83,0
12/10/20 05:00 AM,15.1,100,0
12/10/20 06:00 AM,15.2,100,0
12/10/20 07:00 AM,15.7,100,0
12/10/20 08:00 AM,15.7,100,1
12/10/20 09:00 AM,16.0,73,34
12/10/20 10:00 AM,16.7,32,136
12/10/20 11:00 AM,17.6,34,269
12/10/20 12:00 PM,16.6,100,335
12/10/20 01:00 PM,17.0,100,128
12/10/20 02:00 PM,16.7,100,58
12/10/20 03:00 PM,16.6,100,68
12/10/20 04:00 PM,16.5,100,64
12/10/20 05:00 PM,16.4,100,26
12/10/20 06:00 PM,16.5,100,0
12/10/20 07:00 PM,16.6,100,0
12/10/20 08:00 PM,16.6,96,0
12/10/20 09:00 PM,16.6,100,0
12/10/20 10:00 PM,16.5,100,0
12/10/20 11:00 PM,16.5,100,0
12/11/20 12:00 AM,15.9,75,0
12/11/20 01:00 AM,16.2,100,0
12/11/20 02:00 AM,16.3,100,0
12/11/20 03:00 AM,16.4,100,0
12/11/20 04:00 AM,16.2,100,0
12/11/20 05:00 AM,16.0,100,0
12/11/20 06:00 AM,16.0,100,0
12/11/20 07:00 AM,16.0,100,0
12/11/20 08:00 AM,16.0,100,1
12/11/20 09:00 AM,16.2,100,44
12/11/20 10:00 AM,16.6,100,84
12/11/20 11:00 AM,17.0,87,168
12/11/20 12:00 PM,17.2,90,279
12/11/20 01:00 PM,17.1,90,144
12/11/20 02:00 PM,17.1,100,153
12/11/20 03:00 PM,17.1,100,132
12/11/20 04:00 PM,16.9,100,127
12/11/20 05:00 PM,16.5,100,39
12/11/20 06:00 PM,16.5,100,0
12/11/20 07:00 PM,16.5,92,0
12/11/20 08:00 PM,16.6,91,0
12/11/20 09:00 PM,16.5,91,0
12/11/20 10:00 PM,16.5,78,0
12/11/20 11:00 PM,16.2,57,0
12/12/20 12:00 AM,16.1,95,0
12/12/20 01:00 AM,16.2,100,0
12/12/20 02:00 AM,16.1,100,0
12/12/20 03:00 AM,16.1,97,0
12/12/20 04:00 AM,16.3,92,0
12/12/20 05:00 AM,16.4,81,0
12/12/20 06:00 AM,16.2,45,0
12/12/20 07:00 AM,16.0,58,0
12/12/20 08:00 AM,15.9,69,1
12/12/20 09:00 AM,16.6,79,41
12/12/20 10:00 AM,17.2,55,115
12/12/20 11:00 AM,17.8,52,208
12/12/20 12:00 PM,17.8,95,294
12/12/20 01:00 PM,17.8,93,127
12/12/20 02:00 PM,17.9,91,168
12/12/20 03:00 PM,17.4,90,73
12/12/20 04:00 PM,17.2,87,63
12/12/20 05:00 PM,16.8,71,29
12/12/20 06:00 PM,16.1,22,1
12/12/20 07:00 PM,15.0,40,0
12/12/20 08:00 PM,14.9,61,0
12/12/20 09:00 PM,14.9,86,0
12/12/20 10:00 PM,14.8,89,0
12/12/20 11:00 PM,15.1,86,0
12/13/20 12:00 AM,14.8,69,0
12/13/20 01:00 AM,14.9,97,0
12/13/20 02:00 AM,15.3,90,0
12/13/20 03:00 AM,15.4,90,0
12/13/20 04:00 AM,15.2,100,0
12/13/20 05:00 AM,15.2,100,0
12/13/20 06:00 AM,14.9,100,0
12/13/20 07:00 AM,14.9,100,0
12/13/20 08:00 AM,15.1,100,0
12/13/20 09:00 AM,15.7,100,23
12/13/20 10:00 AM,16.2,81,115
12/13/20 11:00 AM,16.7,92,196
12/13/20 12:00 PM,16.3,99,204
12/13/20 01:00 PM,16.5,100,223
12/13/20 02:00 PM,16.5,100,143
12/13/20 03:00 PM,16.6,100,141
12/13/20 04:00 PM,16.3,64,82
12/13/20 05:00 PM,15.3,46,39
12/13/20 06:00 PM,14.6,87,1
12/13/20 07:00 PM,14.6,98,0
12/13/20 08:00 PM,14.5,97,0
12/13/20 09:00 PM,14.7,83,0
12/13/20 10:00 PM,14.7,87,0
12/13/20 11:00 PM,14.7,100,0
12/14/20 12:00 AM,14.7,100,0
12/14/20 01:00 AM,15.0,100,0
12/14/20 02:00 AM,15.0,100,0
12/14/20 03:00 AM,15.0,100,0
12/14/20 04:00 AM,14.9,64,0
12/14/20 05:00 AM,14.5,68,0
12/14/20 06:00 AM,14.5,100,0
12/14/20 07:00 AM,14.8,99,0
12/14/20 08:00 AM,15.0,100,1
12/14/20 09:00 AM,15.1,100,16
12/14/20 10:00 AM,15.3,78,27
12/14/20 11:00 AM,15.9,57,104
12/14/20 12:00 PM,15.9,63,176
12/14/20 01:00 PM,16.1,63,149
12/14/20 02:00 PM,16.5,36,268
12/14/20 03:00 PM,15.7,44,271
12/14/20 04:00 PM,14.7,53,153
12/14/20 05:00 PM,13.7,46,53
12/14/20 06:00 PM,13.3,47,1
12/14/20 07:00 PM,13.1,38,0
12/14/20 08:00 PM,12.2,16,0
12/14/20 09:00 PM,11.7,20,0
12/14/20 10:00 PM,11.9,20,0
12/14/20 11:00 PM,11.7,27,0
12/15/20 12:00 AM,12.6,39,0
12/15/20 01:00 AM,12.5,28,0
12/15/20 02:00 AM,12.3,45,0
12/15/20 03:00 AM,11.7,34,0
12/15/20 04:00 AM,11.2,32,0
12/15/20 05:00 AM,10.8,22,0
12/15/20 06:00 AM,10.1,21,0
12/15/20 07:00 AM,9.7,8,0
12/15/20 08:00 AM,9.3,20,1
12/15/20 09:00 AM,12.6,15,69
12/15/20 10:00 AM,14.5,4,207
12/15/20 11:00 AM,15.4,47,336
12/15/20 12:00 PM,15.0,79,348
12/15/20 01:00 PM,15.4,64,308
12/15/20 02:00 PM,15.5,77,292
12/15/20 03:00 PM,15.5,73,282
12/15/20 04:00 PM,15.3,59,144
12/15/20 05:00 PM,14.7,80,50
12/15/20 06:00 PM,14.8,89,1
12/15/20 07:00 PM,14.8,83,0
12/15/20 08:00 PM,15.0,100,0
12/15/20 09:00 PM,15.1,68,0
12/15/20 10:00 PM,15.3,78,0
12/15/20 11:00 PM,15.3,88,0
12/16/20 12:00 AM,14.5,93,0
12/16/20 01:00 AM,15.5,96,0
12/16/20 02:00 AM,15.7,97,0
12/16/20 03:00 AM,15.5,100,0
12/16/20 04:00 AM,15.7,100,0
12/16/20 05:00 AM,15.2,100,0
12/16/20 06:00 AM,14.5,100,0
12/16/20 07:00 AM,14.7,100,0
12/16/20 08:00 AM,14.1,91,0
12/16/20 09:00 AM,13.7,80,3
12/16/20 10:00 AM,14.0,100,76
12/16/20 11:00 AM,14.3,74,109
12/16/20 12:00 PM,13.1,100,260
12/16/20 01:00 PM,13.4,100,117
12/16/20 02:00 PM,13.6,77,182
12/16/20 03:00 PM,13.5,78,182
12/16/20 04:00 PM,13.5,26,120
12/16/20 05:00 PM,12.9,31,64
12/16/20 06:00 PM,12.0,20,1
12/16/20 07:00 PM,11.5,12,0
12/16/20 08:00 PM,11.2,4,0
12/16/20 09:00 PM,11.0,0,0
12/16/20 10:00 PM,10.5,0,0
12/16/20 11:00 PM,9.9,0,0
12/17/20 12:00 AM,9.7,0,0
12/17/20 01:00 AM,9.5,0,0
12/17/20 02:00 AM,9.1,2,0
12/17/20 03:00 AM,8.2,10,0
12/17/20 04:00 AM,7.7,20,0
12/17/20 05:00 AM,6.9,22,0
12/17/20 06:00 AM,6.4,34,0
12/17/20 07:00 AM,6.3,14,0
12/17/20 08:00 AM,6.3,14,1
12/17/20 09:00 AM,8.8,16,72
12/17/20 10:00 AM,11.2,23,213
12/17/20 11:00 AM,13.0,15,337
12/17/20 12:00 PM,14.6,16,433
12/17/20 01:00 PM,15.3,17,464
12/17/20 02:00 PM,15.6,16,434
12/17/20 03:00 PM,15.6,16,353
12/17/20 04:00 PM,15.0,19,224
12/17/20 05:00 PM,11.8,10,77
12/17/20 06:00 PM,13.1,32,1
12/17/20 07:00 PM,12.7,32,0
12/17/20 08:00 PM,12.4,30,0
12/17/20 09:00 PM,11.9,26,0
12/17/20 10:00 PM,11.3,18,0
12/17/20 11:00 PM,10.7,2,0
12/18/20 12:00 AM,10.2,4,0
12/18/20 01:00 AM,9.9,2,0
12/18/20 02:00 AM,6.5,91,0
12/18/20 03:00 AM,6.8,88,0
12/18/20 04:00 AM,7.2,100,0
12/18/20 05:00 AM,8.2,70,0
12/18/20 06:00 AM,9.1,97,0
12/18/20 07:00 AM,9.2,100,0
12/18/20 08:00 AM,9.3,100,0
12/18/20 09:00 AM,10.0,100,38
12/18/20 10:00 AM,11.2,42,121
12/18/20 11:00 AM,12.9,26,269
12/18/20 12:00 PM,13.1,100,388
12/18/20 01:00 PM,14.0,87,328
12/18/20 02:00 PM,14.3,100,319
12/18/20 03:00 PM,14.1,53,221
12/18/20 04:00 PM,14.1,39,198
12/18/20 05:00 PM,13.6,67,63
12/18/20 06:00 PM,14.2,100,1
12/18/20 07:00 PM,14.6,100,0
12/18/20 08:00 PM,14.3,100,0
12/18/20 09:00 PM,14.5,100,0
12/18/20 10:00 PM,14.5,100,0
12/18/20 11:00 PM,14.5,100,0
12/19/20 12:00 AM,14.7,100,0
12/19/20 01:00 AM,14.9,100,0
12/19/20 02:00 AM,15.0,100,0
12/19/20 03:00 AM,15.1,100,0
12/19/20 04:00 AM,14.9,100,0
12/19/20 05:00 AM,15.0,100,0
12/19/20 06:00 AM,15.3,100,0
12/19/20 07:00 AM,14.9,88,0
12/19/20 08:00 AM,14.0,44,0
12/19/20 09:00 AM,14.1,100,54
12/19/20 10:00 AM,14.6,100,70
12/19/20 11:00 AM,15.0,75,118
12/19/20 12:00 PM,14.7,85,240
12/19/20 01:00 PM,15.5,100,223
12/19/20 02:00 PM,15.3,38,122
12/19/20 03:00 PM,15.9,6,227
12/19/20 04:00 PM,15.6,38,227
12/19/20 05:00 PM,13.8,33,79
12/19/20 06:00 PM,12.5,30,2
12/19/20 07:00 PM,11.8,30,0
12/19/20 08:00 PM,11.4,30,0
12/19/20 09:00 PM,11.0,17,0
12/19/20 10:00 PM,10.6,0,0
12/19/20 11:00 PM,10.2,0,0
12/20/20 12:00 AM,10.5,0,0
12/20/20 01:00 AM,10.3,17,0
12/20/20 02:00 AM,9.8,3,0
12/20/20 03:00 AM,8.7,0,0
12/20/20 04:00 AM,8.9,0,0
12/20/20 05:00 AM,11.0,1,0
12/20/20 06:00 AM,10.8,2,0
12/20/20 07:00 AM,9.9,4,0
12/20/20 08:00 AM,8.0,3,0
12/20/20 09:00 AM,11.2,92,64
12/20/20 10:00 AM,12.5,91,179
12/20/20 11:00 AM,13.8,10,307
12/20/20 12:00 PM,14.5,7,397
12/20/20 01:00 PM,15.6,39,435
12/20/20 02:00 PM,15.8,52,351
12/20/20 03:00 PM,15.8,28,257
12/20/20 04:00 PM,15.5,32,186
12/20/20 05:00 PM,13.5,42,76
12/20/20 06:00 PM,12.8,1,1
12/20/20 07:00 PM,12.0,9,0
12/20/20 08:00 PM,11.7,19,0
12/20/20 09:00 PM,11.7,21,0
12/20/20 10:00 PM,12.8,27,0
12/20/20 11:00 PM,12.8,22,0
12/21/20 12:00 AM,13.4,33,0
12/21/20 01:00 AM,13.0,37,0
12/21/20 02:00 AM,12.7,43,0
12/21/20 03:00 AM,12.5,48,0
12/21/20 04:00 AM,12.8,44,0
12/21/20 05:00 AM,12.8,42,0
12/21/20 06:00 AM,12.5,70,0
12/21/20 07:00 AM,12.5,100,0
12/21/20 08:00 AM,12.8,100,0
12/21/20 09:00 AM,13.4,100,31
12/21/20 10:00 AM,13.9,100,124
12/21/20 11:00 AM,14.1,100,202
12/21/20 12:00 PM,13.6,93,226
12/21/20 01:00 PM,14.4,90,174
12/21/20 02:00 PM,15.3,89,225
12/21/20 03:00 PM,15.6,90,224
12/21/20 04:00 PM,15.5,90,137
12/21/20 05:00 PM,14.8,90,34
12/21/20 06:00 PM,15.0,86,1
12/21/20 07:00 PM,14.8,63,0
12/21/20 08:00 PM,13.2,35,0
12/21/20 09:00 PM,11.9,32,0
12/21/20 10:00 PM,11.4,17,0
12/21/20 11:00 PM,11.3,14,0
12/22/20 12:00 AM,9.6,1,0
12/22/20 01:00 AM,9.1,0,0
12/22/20 02:00 AM,9.2,0,0
12/22/20 03:00 AM,9.1,0,0
12/22/20 04:00 AM,9.5,0,0
12/22/20 05:00 AM,9.6,4,0
12/22/20 06:00 AM,9.2,8,0
12/22/20 07:00 AM,8.9,2,0
12/22/20 08:00 AM,8.9,0,0
12/22/20 09:00 AM,10.7,4,64
12/22/20 10:00 AM,12.3,16,205
12/22/20 11:00 AM,13.7,16,331
12/22/20 12:00 PM,14.9,5,417
12/22/20 01:00 PM,15.9,6,446
12/22/20 02:00 PM,16.2,10,422
12/22/20 03:00 PM,16.1,17,341
12/22/20 04:00 PM,15.5,23,221
12/22/20 05:00 PM,13.3,23,77
12/22/20 06:00 PM,11.6,39,2
12/22/20 07:00 PM,11.5,100,0
12/22/20 08:00 PM,12.4,84,0
12/22/20 09:00 PM,13.1,66,0
12/22/20 10:00 PM,13.9,72,0
12/22/20 11:00 PM,13.5,78,0
12/23/20 12:00 AM,13.4,100,0
12/23/20 01:00 AM,13.2,100,0
12/23/20 02:00 AM,12.9,91,0
12/23/20 03:00 AM,12.7,93,0
12/23/20 04:00 AM,12.9,100,0
12/23/20 05:00 AM,13.0,100,0
12/23/20 06:00 AM,12.9,100,0
12/23/20 07:00 AM,12.9,100,0
12/23/20 08:00 AM,12.9,100,0
12/23/20 09:00 AM,13.1,100,22
12/23/20 10:00 AM,13.8,95,81
12/23/20 11:00 AM,14.9,72,154
12/23/20 12:00 PM,16.1,100,336
12/23/20 01:00 PM,16.1,100,119
12/23/20 02:00 PM,16.0,100,119
12/23/20 03:00 PM,15.9,100,117
12/23/20 04:00 PM,15.4,100,43
12/23/20 05:00 PM,14.9,100,19
12/23/20 06:00 PM,14.4,100,1
12/23/20 07:00 PM,13.8,100,0
12/23/20 08:00 PM,13.2,100,0
12/23/20 09:00 PM,13.0,100,0
12/23/20 10:00 PM,12.7,100,0
12/23/20 11:00 PM,12.3,100,0
12/24/20 12:00 AM,12.1,100,0
12/24/20 01:00 AM,11.9,100,0
12/24/20 02:00 AM,11.6,98,0
12/24/20 03:00 AM,11.3,72,0
12/24/20 04:00 AM,11.0,55,0
12/24/20 05:00 AM,10.6,49,0
12/24/20 06:00 AM,10.1,34,0
12/24/20 07:00 AM,9.5,32,0
12/24/20 08:00 AM,9.1,32,0
12/24/20 09:00 AM,9.7,31,51
12/24/20 10:00 AM,10.7,22,194
12/24/20 11:00 AM,11.6,20,324
12/24/20 12:00 PM,12.3,14,410
12/24/20 01:00 PM,12.8,16,460
12/24/20 02:00 PM,13.0,26,437
12/24/20 03:00 PM,12.6,29,313
12/24/20 04:00 PM,12.0,28,203
12/24/20 05:00 PM,10.8,24,79
12/24/20 06:00 PM,9.9,28,2
12/24/20 07:00 PM,9.2,29,0
12/24/20 08:00 PM,8.8,28,0
12/24/20 09:00 PM,8.3,29,0
12/24/20 10:00 PM,7.7,28,0
12/24/20 11:00 PM,7.3,26,0
12/25/20 12:00 AM,7.2,41,0
12/25/20 01:00 AM,6.6,29,0
12/25/20 02:00 AM,6.2,31,0
12/25/20 03:00 AM,5.9,17,0
12/25/20 04:00 AM,5.5,20,0
12/25/20 05:00 AM,5.1,26,0
12/25/20 06:00 AM,5.0,30,0
12/25/20 07:00 AM,5.3,27,0
12/25/20 08:00 AM,5.3,27,0
12/25/20 09:00 AM,6.8,0,62
12/25/20 10:00 AM,9.4,0,212
12/25/20 11:00 AM,11.6,6,344
12/25/20 12:00 PM,12.9,33,433
12/25/20 01:00 PM,14.2,38,436
12/25/20 02:00 PM,14.8,34,386
12/25/20 03:00 PM,14.8,36,318
12/25/20 04:00 PM,14.1,10,201
12/25/20 05:00 PM,12.8,11,87
12/25/20 06:00 PM,11.4,7,3
12/25/20 07:00 PM,10.5,1,0
12/25/20 08:00 PM,9.6,0,0
12/25/20 09:00 PM,9.2,0,0
12/25/20 10:00 PM,8.6,0,0
12/25/20 11:00 PM,7.9,0,0
12/26/20 12:00 AM,7.0,0,0
12/26/20 01:00 AM,6.4,0,0
12/26/20 02:00 AM,5.9,0,0
12/26/20 03:00 AM,5.6,0,0
12/26/20 04:00 AM,5.3,0,0
12/26/20 05:00 AM,5.1,0,0
12/26/20 06:00 AM,4.8,0,0
12/26/20 07:00 AM,4.4,0,0
12/26/20 08:00 AM,4.1,0,0
12/26/20 09:00 AM,4.9,0,69
12/26/20 10:00 AM,6.5,0,223
12/26/20 11:00 AM,8.1,0,359
12/26/20 12:00 PM,9.6,0,450
12/26/20 01:00 PM,10.8,0,484
12/26/20 02:00 PM,11.5,0,461
12/26/20 03:00 PM,11.7,0,380
12/26/20 04:00 PM,11.2,0,251
12/26/20 05:00 PM,9.5,0,98
12/26/20 06:00 PM,8.2,0,3
12/26/20 07:00 PM,7.2,0,0
12/26/20 08:00 PM,6.4,0,0
12/26/20 09:00 PM,5.5,0,0
12/26/20 10:00 PM,4.8,0,0
12/26/20 11:00 PM,3.1,0,0
12/27/20 12:00 AM,3.3,0,0
12/27/20 01:00 AM,3.3,0,0
12/27/20 02:00 AM,1.5,0,0
12/27/20 03:00 AM,0.8,0,0
12/27/20 04:00 AM,0.7,0,0
12/27/20 05:00 AM,0.5,0,0
12/27/20 06:00 AM,0.2,0,0
12/27/20 07:00 AM,2.8,0,0
12/27/20 08:00 AM,2.9,0,0
12/27/20 09:00 AM,3.6,0,67
12/27/20 10:00 AM,6.9,0,219
12/27/20 11:00 AM,9.5,0,355
12/27/20 12:00 PM,10.7,0,446
12/27/20 01:00 PM,12.1,1,475
12/27/20 02:00 PM,12.6,60,449
12/27/20 03:00 PM,12.8,100,310
12/27/20 04:00 PM,12.2,53,110
12/27/20 05:00 PM,11.3,100,64
12/27/20 06:00 PM,11.1,100,2
12/27/20 07:00 PM,11.5,100,0
12/27/20 08:00 PM,11.8,90,0
12/27/20 09:00 PM,12.3,90,0
12/27/20 10:00 PM,12.4,90,0
12/27/20 11:00 PM,12.6,90,0
12/28/20 12:00 AM,12.7,100,0
12/28/20 01:00 AM,12.9,100,0
12/28/20 02:00 AM,13.1,91,0
12/28/20 03:00 AM,13.4,100,0
12/28/20 04:00 AM,13.6,100,0
12/28/20 05:00 AM,13.1,15,0
12/28/20 06:00 AM,12.1,28,0
12/28/20 07:00 AM,11.5,19,0
12/28/20 08:00 AM,11.1,100,0
12/28/20 09:00 AM,11.4,55,32
12/28/20 10:00 AM,12.1,72,135
12/28/20 11:00 AM,12.6,98,195
12/28/20 12:00 PM,12.6,100,195
12/28/20 01:00 PM,12.7,76,156
12/28/20 02:00 PM,12.9,64,242
12/28/20 03:00 PM,12.7,46,212
12/28/20 04:00 PM,12.3,38,183
12/28/20 05:00 PM,11.2,52,75
12/28/20 06:00 PM,10.0,15,3
12/28/20 07:00 PM,9.7,44,0
12/28/20 08:00 PM,9.3,46,0
12/28/20 09:00 PM,9.1,38,0
12/28/20 10:00 PM,8.5,24,0
12/28/20 11:00 PM,8.5,25,0
12/29/20 12:00 AM,9.9,66,0
12/29/20 01:00 AM,9.8,46,0
12/29/20 02:00 AM,9.8,41,0
12/29/20 03:00 AM,9.6,46,0
12/29/20 04:00 AM,9.8,36,0
12/29/20 05:00 AM,9.9,36,0
12/29/20 06:00 AM,10.2,49,0
12/29/20 07:00 AM,10.3,47,0
12/29/20 08:00 AM,9.7,41,0
12/29/20 09:00 AM,10.1,46,45
12/29/20 10:00 AM,11.0,34,148
12/29/20 11:00 AM,11.8,35,264
12/29/20 12:00 PM,11.0,84,345
12/29/20 01:00 PM,11.1,65,135
12/29/20 02:00 PM,11.7,39,262
12/29/20 03:00 PM,12.0,32,284
12/29/20 04:00 PM,11.7,24,214
12/29/20 05:00 PM,10.6,10,90
12/29/20 06:00 PM,9.5,22,4
12/29/20 07:00 PM,9.3,19,0
12/29/20 08:00 PM,8.8,21,0
12/29/20 09:00 PM,8.2,14,0
12/29/20 10:00 PM,7.3,10,0
12/29/20 11:00 PM,6.3,0,0
12/30/20 12:00 AM,6.2,1,0
12/30/20 01:00 AM,4.7,25,0
12/30/20 02:00 AM,5.7,24,0
12/30/20 03:00 AM,5.0,2,0
12/30/20 04:00 AM,4.3,0,0
12/30/20 05:00 AM,4.6,2,0
12/30/20 06:00 AM,4.5,0,0
12/30/20 07:00 AM,4.2,1,0
12/30/20 08:00 AM,4.5,0,0
12/30/20 09:00 AM,7.3,0,61
12/30/20 10:00 AM,9.6,0,209
12/30/20 11:00 AM,10.9,1,343
12/30/20 12:00 PM,11.7,0,432
12/30/20 01:00 PM,12.2,17,469
12/30/20 02:00 PM,12.0,58,423
12/30/20 03:00 PM,12.1,75,267
12/30/20 04:00 PM,12.3,100,178
12/30/20 05:00 PM,11.3,46,59
12/30/20 06:00 PM,9.6,3,3
12/30/20 07:00 PM,8.4,1,0
12/30/20 08:00 PM,7.2,0,0
12/30/20 09:00 PM,6.9,6,0
12/30/20 10:00 PM,6.4,4,0
12/30/20 11:00 PM,5.8,6,0
12/31/20 12:00 AM,8.2,14,0
12/31/20 01:00 AM,7.9,21,0
12/31/20 02:00 AM,7.1,24,0
12/31/20 03:00 AM,5.2,22,0
12/31/20 04:00 AM,5.9,25,0
12/31/20 05:00 AM,5.8,29,0
12/31/20 06:00 AM,5.9,35,0
12/31/20 07:00 AM,6.1,44,0
12/31/20 08:00 AM,7.3,65,0
12/31/20 09:00 AM,9.7,45,38
12/31/20 10:00 AM,11.1,44,133
12/31/20 11:00 AM,12.6,28,246
12/31/20 12:00 PM,13.1,81,346
12/31/20 01:00 PM,13.8,35,273
12/31/20 02:00 PM,14.3,26,326
12/31/20 03:00 PM,14.6,100,319
12/31/20 04:00 PM,13.0,72,124
12/31/20 05:00 PM,11.6,81,56
12/31/20 06:00 PM,11.5,65,3
12/31/20 07:00 PM,11.1,54,0
12/31/20 08:00 PM,10.8,70,0
12/31/20 09:00 PM,10.9,43,0
12/31/20 10:00 PM,9.9,69,0
12/31/20 11:00 PM,9.8,60,0
01/01/21 12:00 AM,9.8,61,0
01/01/21 01:00 AM,9.4,32,0
01/01/21 02:00 AM,8.7,36,0
01/01/21 03:00 AM,8.2,8,0
01/01/21 04:00 AM,7.4,0,0
01/01/21 05:00 AM,7.2,0,0
01/01/21 06:00 AM,7.3,1,0
01/01/21 07:00 AM,7.1,1,0
01/01/21 08:00 AM,6.9,12,0
01/01/21 09:00 AM,8.5,16,57
01/01/21 10:00 AM,10.2,41,181
01/01/21 11:00 AM,10.6,48,258
01/01/21 12:00 PM,11.1,71,350
01/01/21 01:00 PM,10.7,40,276
01/01/21 02:00 PM,11.0,48,357
01/01/21 03:00 PM,10.8,47,293
01/01/21 04:00 PM,10.4,24,197
01/01/21 05:00 PM,9.3,34,91
01/01/21 06:00 PM,8.5,4,4
01/01/21 07:00 PM,8.0,0,0
01/01/21 08:00 PM,7.7,0,0
01/01/21 09:00 PM,7.2,0,0
01/01/21 10:00 PM,7.5,9,0
01/01/21 11:00 PM,7.7,1,0
01/02/21 12:00 AM,8.0,41,0
01/02/21 01:00 AM,8.1,19,0
01/02/21 02:00 AM,7.7,2,0
01/02/21 03:00 AM,7.1,1,0
01/02/21 04:00 AM,6.9,0,0
01/02/21 05:00 AM,6.7,0,0
01/02/21 06:00 AM,6.6,1,0
01/02/21 07:00 AM,6.3,0,0
01/02/21 08:00 AM,5.8,10,0
01/02/21 09:00 AM,7.4,12,58
01/02/21 10:00 AM,9.2,21,197
01/02/21 11:00 AM,10.4,34,315
01/02/21 12:00 PM,10.9,64,381
01/02/21 01:00 PM,11.1,69,334
01/02/21 02:00 PM,11.2,76,321
01/02/21 03:00 PM,11.3,73,271
01/02/21 04:00 PM,10.9,11,224
01/02/21 05:00 PM,9.6,0,106
01/02/21 06:00 PM,7.7,1,6
01/02/21 07:00 PM,7.0,0,0
01/02/21 08:00 PM,6.7,0,0
01/02/21 09:00 PM,6.4,0,0
01/02/21 10:00 PM,5.9,0,0
01/02/21 11:00 PM,5.4,2,0
01/03/21 12:00 AM,5.2,0,0
01/03/21 01:00 AM,5.0,0,0
01/03/21 02:00 AM,4.1,0,0
01/03/21 03:00 AM,3.7,0,0
01/03/21 04:00 AM,3.9,0,0
01/03/21 05:00 AM,3.7,0,0
01/03/21 06:00 AM,2.5,0,0
01/03/21 07:00 AM,3.4,1,0
01/03/21 08:00 AM,4.6,2,0
01/03/21 09:00 AM,5.1,2,62
01/03/21 10:00 AM,7.7,12,211
01/03/21 11:00 AM,9.5,24,329
01/03/21 12:00 PM,10.7,19,391
01/03/21 01:00 PM,11.5,39,443
01/03/21 02:00 PM,11.6,56,381
01/03/21 03:00 PM,11.3,38,278
01/03/21 04:00 PM,10.9,37,202
01/03/21 05:00 PM,9.6,39,90
01/03/21 06:00 PM,8.2,55,5
01/03/21 07:00 PM,7.9,47,0
01/03/21 08:00 PM,7.1,32,0
01/03/21 09:00 PM,6.4,20,0
01/03/21 10:00 PM,5.9,52,0
01/03/21 11:00 PM,6.5,43,0
01/04/21 12:00 AM,8.2,75,0
01/04/21 01:00 AM,7.3,89,0
01/04/21 02:00 AM,7.2,100,0
01/04/21 03:00 AM,7.5,60,0
01/04/21 04:00 AM,6.7,37,0
01/04/21 05:00 AM,6.6,2,0
01/04/21 06:00 AM,6.6,5,0
01/04/21 07:00 AM,6.1,16,0
01/04/21 08:00 AM,6.1,65,0
01/04/21 09:00 AM,7.8,88,47
01/04/21 10:00 AM,9.0,74,111
01/04/21 11:00 AM,9.8,74,194
01/04/21 12:00 PM,10.4,72,283
01/04/21 01:00 PM,10.7,76,222
01/04/21 02:00 PM,10.8,70,171
01/04/21 03:00 PM,11.1,53,218
01/04/21 04:00 PM,10.8,44,186
01/04/21 05:00 PM,9.5,39,82
01/04/21 06:00 PM,7.9,32,5
01/04/21 07:00 PM,7.6,41,0
01/04/21 08:00 PM,7.6,46,0
01/04/21 09:00 PM,7.2,38,0
01/04/21 10:00 PM,6.6,38,0
01/04/21 11:00 PM,4.9,48,0
01/05/21 12:00 AM,6.6,59,0
01/05/21 01:00 AM,4.6,63,0
01/05/21 02:00 AM,3.8,43,0
01/05/21 03:00 AM,3.6,32,0
01/05/21 04:00 AM,2.8,4,0
01/05/21 05:00 AM,2.3,3,0
01/05/21 06:00 AM,1.8,4,0
01/05/21 07:00 AM,1.7,11,0
01/05/21 08:00 AM,1.6,39,0
01/05/21 09:00 AM,2.9,12,55
01/05/21 10:00 AM,4.7,11,208
01/05/21 11:00 AM,6.5,12,348
01/05/21 12:00 PM,7.4,0,451
01/05/21 01:00 PM,8.6,0,495
01/05/21 02:00 PM,9.3,0,477
01/05/21 03:00 PM,9.7,4,401
01/05/21 04:00 PM,9.6,0,272
01/05/21 05:00 PM,8.2,0,119
01/05/21 06:00 PM,6.4,2,8
01/05/21 07:00 PM,5.8,14,0
01/05/21 08:00 PM,5.1,11,0
01/05/21 09:00 PM,3.8,0,0
01/05/21 10:00 PM,3.0,0,0
01/05/21 11:00 PM,2.7,0,0
01/06/21 12:00 AM,2.5,0,0
01/06/21 01:00 AM,1.9,0,0
01/06/21 02:00 AM,1.3,0,0
01/06/21 03:00 AM,1.0,0,0
01/06/21 04:00 AM,0.7,0,0
01/06/21 05:00 AM,0.4,0,0
01/06/21 06:00 AM,0.2,29,0
01/06/21 07:00 AM,0.1,28,0
01/06/21 08:00 AM,0.2,28,0
01/06/21 09:00 AM,1.9,31,58
01/06/21 10:00 AM,4.0,82,146
01/06/21 11:00 AM,6.0,88,252
01/06/21 12:00 PM,7.1,83,264
01/06/21 01:00 PM,8.0,74,320
01/06/21 02:00 PM,9.1,83,410
01/06/21 03:00 PM,9.0,89,243
01/06/21 04:00 PM,8.5,86,119
01/06/21 05:00 PM,7.9,86,56
01/06/21 06:00 PM,7.4,83,4
01/06/21 07:00 PM,7.0,70,0
01/06/21 08:00 PM,6.1,52,0
01/06/21 09:00 PM,4.9,50,0
01/06/21 10:00 PM,4.3,70,0
01/06/21 11:00 PM,4.1,73,0
01/07/21 12:00 AM,4.7,82,0
01/07/21 01:00 AM,4.5,77,0
01/07/21 02:00 AM,4.2,89,0
01/07/21 03:00 AM,4.2,59,0
01/07/21 04:00 AM,4.0,86,0
01/07/21 05:00 AM,4.2,92,0
01/07/21 06:00 AM,4.3,90,0
01/07/21 07:00 AM,4.4,88,0
01/07/21 08:00 AM,4.4,76,0
01/07/21 09:00 AM,4.7,88,22
01/07/21 10:00 AM,5.6,80,86
01/07/21 11:00 AM,6.5,58,153
01/07/21 12:00 PM,8.8,0,168
01/07/21 01:00 PM,10.0,0,504
01/07/21 02:00 PM,10.5,29,487
01/07/21 03:00 PM,10.7,30,407
01/07/21 04:00 PM,10.5,32,277
01/07/21 05:00 PM,9.3,38,103
01/07/21 06:00 PM,8.1,27,7
01/07/21 07:00 PM,7.0,82,0
01/07/21 08:00 PM,6.5,29,0
01/07/21 09:00 PM,5.9,30,0
01/07/21 10:00 PM,5.5,27,0
01/07/21 11:00 PM,5.1,70,0
01/08/21 12:00 AM,4.9,88,0
01/08/21 01:00 AM,4.6,90,0
01/08/21 02:00 AM,4.2,90,0
01/08/21 03:00 AM,4.1,90,0
01/08/21 04:00 AM,4.0,89,0
01/08/21 05:00 AM,4.1,90,0
01/08/21 06:00 AM,4.4,89,0
01/08/21 07:00 AM,4.5,89,0
01/08/21 08:00 AM,4.3,89,0
01/08/21 09:00 AM,4.4,90,19
01/08/21 10:00 AM,4.8,89,65
01/08/21 11:00 AM,5.4,88,103
01/08/21 12:00 PM,7.9,77,204
01/08/21 01:00 PM,8.2,87,194
01/08/21 02:00 PM,8.9,74,284
01/08/21 03:00 PM,9.3,81,315
01/08/21 04:00 PM,9.2,75,195
01/08/21 05:00 PM,8.8,77,72
01/08/21 06:00 PM,8.0,76,6
01/08/21 07:00 PM,6.7,78,0
01/08/21 08:00 PM,6.1,85,0
01/08/21 09:00 PM,5.8,81,0
01/08/21 10:00 PM,5.4,29,0
01/08/21 11:00 PM,4.7,16,0
01/09/21 12:00 AM,4.2,1,0
01/09/21 01:00 AM,4.3,0,0
01/09/21 02:00 AM,4.3,0,0
01/09/21 03:00 AM,3.9,0,0
01/09/21 04:00 AM,3.4,0,0
01/09/21 05:00 AM,3.1,1,0
01/09/21 06:00 AM,3.3,0,0
01/09/21 07:00 AM,3.4,0,0
01/09/21 08:00 AM,3.1,0,0
01/09/21 09:00 AM,4.0,0,66
01/09/21 10:00 AM,5.5,3,224
01/09/21 11:00 AM,6.5,48,357
01/09/21 12:00 PM,6.1,48,414
01/09/21 01:00 PM,6.2,51,276
01/09/21 02:00 PM,6.6,68,270
01/09/21 03:00 PM,7.1,100,258
01/09/21 04:00 PM,7.0,100,150
01/09/21 05:00 PM,6.7,100,61
01/09/21 06:00 PM,6.3,100,5
01/09/21 07:00 PM,5.9,75,0
01/09/21 08:00 PM,5.8,11,0
01/09/21 09:00 PM,4.7,44,0
01/09/21 10:00 PM,4.3,17,0
01/09/21 11:00 PM,4.1,18,0
01/10/21 12:00 AM,5.0,58,0
01/10/21 01:00 AM,4.5,61,0
01/10/21 02:00 AM,4.1,44,0
01/10/21 03:00 AM,3.6,20,0
01/10/21 04:00 AM,2.8,22,0
01/10/21 05:00 AM,2.3,5,0
01/10/21 06:00 AM,1.8,18,0
01/10/21 07:00 AM,1.9,3,0
01/10/21 08:00 AM,1.6,2,0
01/10/21 09:00 AM,2.8,1,64
01/10/21 10:00 AM,4.6,0,217
01/10/21 11:00 AM,6.5,0,361
01/10/21 12:00 PM,7.5,0,460
01/10/21 01:00 PM,8.4,0,502
01/10/21 02:00 PM,9.1,0,486
01/10/21 03:00 PM,9.6,3,412
01/10/21 04:00 PM,9.9,100,278
01/10/21 05:00 PM,8.8,36,57
01/10/21 06:00 PM,7.1,48,11
01/10/21 07:00 PM,7.1,51,0
01/10/21 08:00 PM,6.4,15,0
01/10/21 09:00 PM,5.6,0,0
01/10/21 10:00 PM,4.9,0,0
01/10/21 11:00 PM,4.5,0,0
01/11/21 12:00 AM,3.4,0,0
01/11/21 01:00 AM,3.0,0,0
01/11/21 02:00 AM,2.7,0,0
01/11/21 03:00 AM,2.4,0,0
01/11/21 04:00 AM,2.3,0,0
01/11/21 05:00 AM,2.2,0,0
01/11/21 06:00 AM,2.0,0,0
01/11/21 07:00 AM,1.8,0,0
01/11/21 08:00 AM,1.5,0,0
01/11/21 09:00 AM,2.8,1,67
01/11/21 10:00 AM,4.7,1,224
01/11/21 11:00 AM,6.2,1,368
01/11/21 12:00 PM,8.1,0,469
01/11/21 01:00 PM,9.3,0,513
01/11/21 02:00 PM,10.0,0,496
01/11/21 03:00 PM,10.2,0,420
01/11/21 04:00 PM,9.9,0,294
01/11/21 05:00 PM,8.4,0,136
01/11/21 06:00 PM,6.4,0,13
01/11/21 07:00 PM,5.6,0,0
01/11/21 08:00 PM,4.9,0,0
01/11/21 09:00 PM,4.0,0,0
01/11/21 10:00 PM,2.9,0,0
01/11/21 11:00 PM,2.1,0,0
01/12/21 12:00 AM,2.1,0,0
01/12/21 01:00 AM,1.4,0,0
01/12/21 02:00 AM,0.2,0,0
01/12/21 03:00 AM,0.3,0,0
01/12/21 04:00 AM,-0.4,0,0
01/12/21 05:00 AM,-1.0,0,0
01/12/21 06:00 AM,-2.0,0,0
01/12/21 07:00 AM,-2.2,0,0
01/12/21 08:00 AM,-2.3,0,0
01/12/21 09:00 AM,0.0,0,70
01/12/21 10:00 AM,2.8,0,231
01/12/21 11:00 AM,5.6,0,377
01/12/21 12:00 PM,7.4,0,478
01/12/21 01:00 PM,9.2,0,521
01/12/21 02:00 PM,10.1,0,504
01/12/21 03:00 PM,10.4,0,427
01/12/21 04:00 PM,10.1,0,299
01/12/21 05:00 PM,8.3,0,140
01/12/21 06:00 PM,6.2,0,14
01/12/21 07:00 PM,5.6,0,0
01/12/21 08:00 PM,4.9,0,0
01/12/21 09:00 PM,3.9,0,0
01/12/21 10:00 PM,2.6,0,0
01/12/21 11:00 PM,1.8,0,0
01/13/21 12:00 AM,1.4,0,0
01/13/21 01:00 AM,0.9,0,0
01/13/21 02:00 AM,1.1,0,0
01/13/21 03:00 AM,0.0,0,0
01/13/21 04:00 AM,0.0,0,0
01/13/21 05:00 AM,-1.1,0,0
01/13/21 06:00 AM,-1.1,0,0
01/13/21 07:00 AM,-1.7,0,0
01/13/21 08:00 AM,-1.7,4,0
01/13/21 09:00 AM,1.4,11,69
01/13/21 10:00 AM,3.9,0,226
01/13/21 11:00 AM,6.9,0,374
01/13/21 12:00 PM,8.3,0,475
01/13/21 01:00 PM,9.9,0,520
01/13/21 02:00 PM,10.8,0,504
01/13/21 03:00 PM,11.2,0,429
01/13/21 04:00 PM,10.6,0,303
01/13/21 05:00 PM,7.8,0,145
01/13/21 06:00 PM,5.5,0,15
01/13/21 07:00 PM,6.5,0,0
01/13/21 08:00 PM,6.4,0,0
01/13/21 09:00 PM,6.1,2,0
01/13/21 10:00 PM,5.9,4,0
01/13/21 11:00 PM,5.6,3,0
01/14/21 12:00 AM,5.9,4,0
01/14/21 01:00 AM,5.9,7,0
01/14/21 02:00 AM,5.8,8,0
01/14/21 03:00 AM,5.8,5,0
01/14/21 04:00 AM,5.7,3,0
01/14/21 05:00 AM,5.7,6,0
01/14/21 06:00 AM,5.7,11,0
01/14/21 07:00 AM,5.7,3,0
01/14/21 08:00 AM,5.5,12,0
01/14/21 09:00 AM,7.0,19,67
01/14/21 10:00 AM,9.0,49,213
01/14/21 11:00 AM,10.1,65,297
01/14/21 12:00 PM,11.0,100,374
01/14/21 01:00 PM,11.7,96,308
01/14/21 02:00 PM,12.1,38,339
01/14/21 03:00 PM,12.4,11,384
01/14/21 04:00 PM,12.3,5,296
01/14/21 05:00 PM,11.2,2,141
01/14/21 06:00 PM,9.7,1,16
01/14/21 07:00 PM,9.3,0,0
01/14/21 08:00 PM,9.1,2,0
01/14/21 09:00 PM,9.0,17,0
01/14/21 10:00 PM,8.9,8,0
01/14/21 11:00 PM,8.7,12,0
01/15/21 12:00 AM,8.6,42,0
01/15/21 01:00 AM,8.7,73,0
01/15/21 02:00 AM,8.6,90,0
01/15/21 03:00 AM,8.6,90,0
01/15/21 04:00 AM,8.6,90,0
01/15/21 05:00 AM,8.3,4,0
01/15/21 06:00 AM,7.9,3,0
01/15/21 07:00 AM,7.2,9,0
01/15/21 08:00 AM,6.5,16,0
01/15/21 09:00 AM,7.4,12,63
01/15/21 10:00 AM,8.8,7,214
01/15/21 11:00 AM,9.8,1,361
01/15/21 12:00 PM,10.4,34,465
01/15/21 01:00 PM,11.8,0,491
01/15/21 02:00 PM,12.7,0,493
01/15/21 03:00 PM,13.3,0,424
01/15/21 04:00 PM,13.7,0,303
01/15/21 05:00 PM,12.7,0,147
01/15/21 06:00 PM,10.5,0,17
01/15/21 07:00 PM,9.6,0,0
01/15/21 08:00 PM,8.8,0,0
01/15/21 09:00 PM,8.2,0,0
01/15/21 10:00 PM,7.7,0,0
01/15/21 11:00 PM,7.1,0,0
01/16/21 12:00 AM,7.2,0,0
01/16/21 01:00 AM,6.8,2,0
01/16/21 02:00 AM,6.2,2,0
01/16/21 03:00 AM,5.9,2,0
01/16/21 04:00 AM,5.6,4,0
01/16/21 05:00 AM,5.0,16,0
01/16/21 06:00 AM,4.3,93,0
01/16/21 07:00 AM,3.5,90,0
01/16/21 08:00 AM,2.8,90,0
01/16/21 09:00 AM,3.5,15,59
01/16/21 10:00 AM,5.7,4,231
01/16/21 11:00 AM,7.7,0,386
01/16/21 12:00 PM,9.3,0,489
01/16/21 01:00 PM,11.1,0,531
01/16/21 02:00 PM,12.1,0,516
01/16/21 03:00 PM,12.5,0,442
01/16/21 04:00 PM,12.3,0,315
01/16/21 05:00 PM,10.7,0,155
01/16/21 06:00 PM,8.5,0,19
01/16/21 07:00 PM,7.8,0,0
01/16/21 08:00 PM,7.4,0,0
01/16/21 09:00 PM,6.7,0,0
01/16/21 10:00 PM,6.0,0,0
01/16/21 11:00 PM,5.3,0,0
01/17/21 12:00 AM,4.9,0,0
01/17/21 01:00 AM,4.3,0,0
01/17/21 02:00 AM,4.0,0,0
01/17/21 03:00 AM,3.4,0,0
01/17/21 04:00 AM,2.9,0,0
01/17/21 05:00 AM,2.6,17,0
01/17/21 06:00 AM,1.7,3,0
01/17/21 07:00 AM,1.1,8,0
01/17/21 08:00 AM,1.4,16,0
01/17/21 09:00 AM,3.0,10,69
01/17/21 10:00 AM,5.3,18,225
01/17/21 11:00 AM,8.1,0,379
01/17/21 12:00 PM,10.5,13,485
01/17/21 01:00 PM,12.6,15,534
01/17/21 02:00 PM,14.1,20,518
01/17/21 03:00 PM,14.7,23,445
01/17/21 04:00 PM,14.3,22,320
01/17/21 05:00 PM,11.7,26,157
01/17/21 06:00 PM,8.5,26,20
01/17/21 07:00 PM,8.2,22,0
01/17/21 08:00 PM,8.0,24,0
01/17/21 09:00 PM,7.4,20,0
01/17/21 10:00 PM,6.6,14,0
01/17/21 11:00 PM,5.9,12,0
01/18/21 12:00 AM,5.6,5,0
01/18/21 01:00 AM,5.0,5,0
01/18/21 02:00 AM,4.4,14,0
01/18/21 03:00 AM,3.9,28,0
01/18/21 04:00 AM,3.5,39,0
01/18/21 05:00 AM,2.9,34,0
01/18/21 06:00 AM,2.3,50,0
01/18/21 07:00 AM,1.8,48,0
01/18/21 08:00 AM,1.3,90,0
01/18/21 09:00 AM,2.2,90,56
01/18/21 10:00 AM,4.1,36,177
01/18/21 11:00 AM,7.4,0,361
01/18/21 12:00 PM,10.0,0,489
01/18/21 01:00 PM,12.2,0,535
01/18/21 02:00 PM,13.5,0,521
01/18/21 03:00 PM,14.1,0,448
01/18/21 04:00 PM,14.0,0,322
01/18/21 05:00 PM,13.3,0,161
01/18/21 06:00 PM,11.6,0,22
01/18/21 07:00 PM,7.8,0,0
01/18/21 08:00 PM,7.7,0,0
01/18/21 09:00 PM,8.6,0,0
01/18/21 10:00 PM,8.5,0,0
01/18/21 11:00 PM,5.4,0,0
01/19/21 12:00 AM,4.6,0,0
01/19/21 01:00 AM,5.1,1,0
01/19/21 02:00 AM,8.1,37,0
01/19/21 03:00 AM,9.7,61,0
01/19/21 04:00 AM,10.2,39,0
01/19/21 05:00 AM,9.1,46,0
01/19/21 06:00 AM,8.6,75,0
01/19/21 07:00 AM,8.0,100,0
01/19/21 08:00 AM,8.8,100,0
01/19/21 09:00 AM,10.3,100,32
01/19/21 10:00 AM,11.7,90,99
01/19/21 11:00 AM,12.7,94,166
01/19/21 12:00 PM,12.3,100,262
01/19/21 01:00 PM,13.2,100,193
01/19/21 02:00 PM,13.5,100,251
01/19/21 03:00 PM,13.5,100,249
01/19/21 04:00 PM,13.5,100,144
01/19/21 05:00 PM,13.0,100,64
01/19/21 06:00 PM,12.9,100,7
01/19/21 07:00 PM,12.7,100,0
01/19/21 08:00 PM,12.7,95,0
01/19/21 09:00 PM,12.4,83,0
01/19/21 10:00 PM,12.5,95,0
01/19/21 11:00 PM,12.8,100,0
01/20/21 12:00 AM,13.2,100,0
01/20/21 01:00 AM,12.9,100,0
01/20/21 02:00 AM,13.1,100,0
01/20/21 03:00 AM,13.4,100,0
01/20/21 04:00 AM,13.4,100,0
01/20/21 05:00 AM,13.1,100,0
01/20/21 06:00 AM,14.3,19,0
01/20/21 07:00 AM,13.5,27,0
01/20/21 08:00 AM,13.3,7,0
01/20/21 09:00 AM,13.8,13,71
01/20/21 10:00 AM,14.8,40,207
01/20/21 11:00 AM,14.9,41,280
01/20/21 12:00 PM,14.2,59,350
01/20/21 01:00 PM,15.6,43,375
01/20/21 02:00 PM,15.3,25,357
01/20/21 03:00 PM,15.1,33,322
01/20/21 04:00 PM,14.7,50,271
01/20/21 05:00 PM,13.8,64,96
01/20/21 06:00 PM,12.1,100,13
01/20/21 07:00 PM,12.1,100,0
01/20/21 08:00 PM,12.7,40,0
01/20/21 09:00 PM,12.4,100,0
01/20/21 10:00 PM,12.7,52,0
01/20/21 11:00 PM,12.6,52,0
01/21/21 12:00 AM,13.0,69,0
01/21/21 01:00 AM,13.2,32,0
01/21/21 02:00 AM,12.7,34,0
01/21/21 03:00 AM,12.7,35,0
01/21/21 04:00 AM,12.7,28,0
01/21/21 05:00 AM,12.8,12,0
01/21/21 06:00 AM,12.7,48,0
01/21/21 07:00 AM,13.1,82,0
01/21/21 08:00 AM,13.5,78,0
01/21/21 09:00 AM,14.4,60,53
01/21/21 10:00 AM,15.2,49,166
01/21/21 11:00 AM,15.7,76,282
01/21/21 12:00 PM,15.1,84,259
01/21/21 01:00 PM,15.5,100,255
01/21/21 02:00 PM,15.2,100,133
01/21/21 03:00 PM,15.3,100,138
01/21/21 04:00 PM,15.1,100,73
01/21/21 05:00 PM,15.0,100,59
01/21/21 06:00 PM,15.0,100,8
01/21/21 07:00 PM,15.2,100,0
01/21/21 08:00 PM,15.1,100,0
01/21/21 09:00 PM,15.0,100,0
01/21/21 10:00 PM,15.0,100,0
01/21/21 11:00 PM,14.5,91,0
01/22/21 12:00 AM,14.8,100,0
01/22/21 01:00 AM,14.6,100,0
01/22/21 02:00 AM,14.7,61,0
01/22/21 03:00 AM,14.2,7,0
01/22/21 04:00 AM,13.6,13,0
01/22/21 05:00 AM,13.1,25,0
01/22/21 06:00 AM,13.1,22,0
01/22/21 07:00 AM,13.2,37,0
01/22/21 08:00 AM,12.7,29,0
01/22/21 09:00 AM,13.3,14,60
01/22/21 10:00 AM,14.2,28,213
01/22/21 11:00 AM,14.5,40,286
01/22/21 12:00 PM,15.2,31,373
01/22/21 01:00 PM,15.3,18,446
01/22/21 02:00 PM,15.3,41,467
01/22/21 03:00 PM,14.8,62,327
01/22/21 04:00 PM,14.3,78,251
01/22/21 05:00 PM,13.5,71,109
01/22/21 06:00 PM,12.6,61,16
01/22/21 07:00 PM,12.1,58,0
01/22/21 08:00 PM,11.4,22,0
01/22/21 09:00 PM,11.3,22,0
01/22/21 10:00 PM,11.0,20,0
01/22/21 11:00 PM,10.8,20,0
01/23/21 12:00 AM,10.7,20,0
01/23/21 01:00 AM,11.1,77,0
01/23/21 02:00 AM,12.0,70,0
01/23/21 03:00 AM,12.2,54,0
01/23/21 04:00 AM,12.3,22,0
01/23/21 05:00 AM,11.8,59,0
01/23/21 06:00 AM,12.3,88,0
01/23/21 07:00 AM,12.4,96,0
01/23/21 08:00 AM,13.2,34,0
01/23/21 09:00 AM,13.6,68,62
01/23/21 10:00 AM,14.4,59,123
01/23/21 11:00 AM,14.3,100,89
01/23/21 12:00 PM,14.1,100,90
01/23/21 01:00 PM,14.7,100,125
01/23/21 02:00 PM,15.5,100,165
01/23/21 03:00 PM,15.9,100,232
01/23/21 04:00 PM,15.6,100,145
01/23/21 05:00 PM,15.3,94,85
01/23/21 06:00 PM,14.9,100,13
01/23/21 07:00 PM,15.1,100,0
01/23/21 08:00 PM,15.2,100,0
01/23/21 09:00 PM,15.2,100,0
01/23/21 10:00 PM,14.9,100,0
01/23/21 11:00 PM,14.6,100,0
01/24/21 12:00 AM,14.6,100,0
01/24/21 01:00 AM,14.0,58,0
01/24/21 02:00 AM,12.9,25,0
01/24/21 03:00 AM,11.9,31,0
01/24/21 04:00 AM,11.7,32,0
01/24/21 05:00 AM,11.5,24,0
01/24/21 06:00 AM,11.1,27,0
01/24/21 07:00 AM,10.9,30,0
01/24/21 08:00 AM,10.8,37,1
01/24/21 09:00 AM,12.2,36,68
01/24/21 10:00 AM,14.0,55,212
01/24/21 11:00 AM,15.1,69,322
01/24/21 12:00 PM,15.1,86,376
01/24/21 01:00 PM,15.8,89,386
01/24/21 02:00 PM,15.5,100,257
01/24/21 03:00 PM,15.3,100,200
01/24/21 04:00 PM,14.8,100,78
01/24/21 05:00 PM,14.4,100,49
01/24/21 06:00 PM,14.0,100,5
01/24/21 07:00 PM,13.8,100,0
01/24/21 08:00 PM,13.8,100,0
01/24/21 09:00 PM,14.0,87,0
01/24/21 10:00 PM,14.0,98,0
01/24/21 11:00 PM,13.9,100,0
01/25/21 12:00 AM,14.2,100,0
01/25/21 01:00 AM,14.1,56,0
01/25/21 02:00 AM,14.2,87,0
01/25/21 03:00 AM,14.6,100,0
01/25/21 04:00 AM,14.4,100,0
01/25/21 05:00 AM,14.7,100,0
01/25/21 06:00 AM,14.7,100,0
01/25/21 07:00 AM,14.8,100,0
01/25/21 08:00 AM,14.7,100,0
01/25/21 09:00 AM,14.7,91,38
01/25/21 10:00 AM,15.4,73,160
01/25/21 11:00 AM,15.9,73,227
01/25/21 12:00 PM,16.7,66,298
01/25/21 01:00 PM,17.2,100,301
01/25/21 02:00 PM,17.1,100,219
01/25/21 03:00 PM,16.5,74,159
01/25/21 04:00 PM,16.7,100,245
01/25/21 05:00 PM,15.8,100,61
01/25/21 06:00 PM,15.3,100,8
01/25/21 07:00 PM,15.1,100,0
01/25/21 08:00 PM,15.1,100,0
01/25/21 09:00 PM,15.0,100,0
01/25/21 10:00 PM,15.0,100,0
01/25/21 11:00 PM,14.9,100,0
01/26/21 12:00 AM,14.9,100,0
01/26/21 01:00 AM,15.1,100,0
01/26/21 02:00 AM,15.2,100,0
01/26/21 03:00 AM,15.3,100,0
01/26/21 04:00 AM,15.3,100,0
01/26/21 05:00 AM,15.4,100,0
01/26/21 06:00 AM,15.4,100,0
01/26/21 07:00 AM,15.3,100,0
01/26/21 08:00 AM,15.3,100,0
01/26/21 09:00 AM,15.7,100,31
01/26/21 10:00 AM,16.1,93,83
01/26/21 11:00 AM,16.9,87,150
01/26/21 12:00 PM,17.9,97,279
01/26/21 01:00 PM,18.5,98,266
01/26/21 02:00 PM,18.6,100,259
01/26/21 03:00 PM,17.9,100,82
01/26/21 04:00 PM,17.6,89,100
01/26/21 05:00 PM,17.2,86,67
01/26/21 06:00 PM,16.3,90,15
01/26/21 07:00 PM,16.1,90,0
01/26/21 08:00 PM,15.8,100,0
01/26/21 09:00 PM,15.2,74,0
01/26/21 10:00 PM,14.3,41,0
01/26/21 11:00 PM,13.9,92,0
01/27/21 12:00 AM,14.1,100,0
01/27/21 01:00 AM,14.2,100,0
01/27/21 02:00 AM,14.3,100,0
01/27/21 03:00 AM,14.2,100,0
01/27/21 04:00 AM,14.2,100,0
01/27/21 05:00 AM,14.2,100,0
01/27/21 06:00 AM,14.1,100,0
01/27/21 07:00 AM,14.3,100,0
01/27/21 08:00 AM,14.3,100,1
01/27/21 09:00 AM,14.8,100,34
01/27/21 10:00 AM,15.9,100,133
01/27/21 11:00 AM,16.7,100,216
01/27/21 12:00 PM,16.7,100,269
01/27/21 01:00 PM,17.2,100,254
01/27/21 02:00 PM,17.4,100,232
01/27/21 03:00 PM,17.2,100,160
01/27/21 04:00 PM,17.2,97,119
01/27/21 05:00 PM,17.1,100,121
01/27/21 06:00 PM,15.2,95,25
01/27/21 07:00 PM,15.1,86,0
01/27/21 08:00 PM,14.4,74,0
01/27/21 09:00 PM,14.9,44,0
01/27/21 10:00 PM,14.4,31,0
01/27/21 11:00 PM,14.2,29,0
01/28/21 12:00 AM,11.4,100,0
01/28/21 01:00 AM,11.2,100,0
01/28/21 02:00 AM,11.6,100,0
01/28/21 03:00 AM,11.7,100,0
01/28/21 04:00 AM,11.6,100,0
01/28/21 05:00 AM,11.5,100,0
01/28/21 06:00 AM,11.4,100,0
01/28/21 07:00 AM,11.4,100,0
01/28/21 08:00 AM,11.3,100,1
01/28/21 09:00 AM,11.6,100,39
01/28/21 10:00 AM,12.1,100,96
01/28/21 11:00 AM,12.8,100,160
01/28/21 12:00 PM,13.2,100,212
01/28/21 01:00 PM,13.8,100,216
01/28/21 02:00 PM,14.2,100,208
01/28/21 03:00 PM,14.5,97,216
01/28/21 04:00 PM,14.8,98,149
01/28/21 05:00 PM,14.5,96,96
01/28/21 06:00 PM,13.3,92,23
01/28/21 07:00 PM,12.2,100,0
01/28/21 08:00 PM,12.9,71,0
01/28/21 09:00 PM,12.4,61,0
01/28/21 10:00 PM,11.9,91,0
01/28/21 11:00 PM,11.8,90,0
01/29/21 12:00 AM,10.3,97,0
01/29/21 01:00 AM,9.9,90,0
01/29/21 02:00 AM,10.0,90,0
01/29/21 03:00 AM,9.9,90,0
01/29/21 04:00 AM,9.8,90,0
01/29/21 05:00 AM,9.9,90,0
01/29/21 06:00 AM,9.9,90,0
01/29/21 07:00 AM,10.0,90,0
01/29/21 08:00 AM,10.3,90,1
01/29/21 09:00 AM,11.0,90,40
01/29/21 10:00 AM,12.3,88,140
01/29/21 11:00 AM,13.4,90,279
01/29/21 12:00 PM,13.0,90,310
01/29/21 01:00 PM,13.9,90,365
01/29/21 02:00 PM,14.1,70,310
01/29/21 03:00 PM,14.3,42,341
01/29/21 04:00 PM,14.1,48,267
01/29/21 05:00 PM,13.8,90,131
01/29/21 06:00 PM,13.5,75,22
01/29/21 07:00 PM,13.6,90,0
01/29/21 08:00 PM,14.0,100,0
01/29/21 09:00 PM,14.2,100,0
01/29/21 10:00 PM,14.5,99,0
01/29/21 11:00 PM,14.4,40,0
01/30/21 12:00 AM,14.2,30,0
01/30/21 01:00 AM,14.1,100,0
01/30/21 02:00 AM,14.9,100,0
01/30/21 03:00 AM,14.9,100,0
01/30/21 04:00 AM,15.1,92,0
01/30/21 05:00 AM,14.4,15,0
01/30/21 06:00 AM,13.4,17,0
01/30/21 07:00 AM,12.7,29,0
01/30/21 08:00 AM,12.4,30,2
01/30/21 09:00 AM,13.5,31,71
01/30/21 10:00 AM,14.6,25,201
01/30/21 11:00 AM,15.5,43,369
01/30/21 12:00 PM,15.6,76,449
01/30/21 01:00 PM,15.7,89,365
01/30/21 02:00 PM,15.4,58,283
01/30/21 03:00 PM,15.8,61,426
01/30/21 04:00 PM,15.1,31,280
01/30/21 05:00 PM,14.3,14,172
01/30/21 06:00 PM,13.2,1,39
01/30/21 07:00 PM,12.8,7,0
01/30/21 08:00 PM,12.6,21,0
01/30/21 09:00 PM,12.5,23,0
01/30/21 10:00 PM,12.2,28,0
01/30/21 11:00 PM,12.2,25,0
01/31/21 12:00 AM,12.8,27,0
01/31/21 01:00 AM,12.6,8,0
01/31/21 02:00 AM,12.1,5,0
01/31/21 03:00 AM,12.0,38,0
01/31/21 04:00 AM,12.3,40,0
01/31/21 05:00 AM,12.7,24,0
01/31/21 06:00 AM,12.7,50,0
01/31/21 07:00 AM,12.7,34,0
01/31/21 08:00 AM,12.9,100,2
01/31/21 09:00 AM,14.5,100,57
01/31/21 10:00 AM,15.1,100,88
01/31/21 11:00 AM,15.7,90,167
01/31/21 12:00 PM,16.0,100,197
01/31/21 01:00 PM,16.4,100,238
01/31/21 02:00 PM,16.4,100,234
01/31/21 03:00 PM,16.0,100,151
01/31/21 04:00 PM,16.1,100,151
01/31/21 05:00 PM,15.5,100,69
01/31/21 06:00 PM,15.2,97,9
01/31/21 07:00 PM,15.1,95,0
01/31/21 08:00 PM,15.1,100,0
01/31/21 09:00 PM,15.0,100,0
01/31/21 10:00 PM,14.8,58,0
01/31/21 11:00 PM,14.2,46,0
02/01/21 12:00 AM,14.2,37,0
02/01/21 01:00 AM,13.7,31,0
02/01/21 02:00 AM,13.4,30,0
02/01/21 03:00 AM,13.1,22,0
02/01/21 04:00 AM,12.8,61,0
02/01/21 05:00 AM,12.8,87,0
02/01/21 06:00 AM,13.3,88,0
02/01/21 07:00 AM,13.5,88,0
02/01/21 08:00 AM,13.2,82,2
02/01/21 09:00 AM,13.8,43,66
02/01/21 10:00 AM,14.9,60,204
02/01/21 11:00 AM,15.8,48,311
02/01/21 12:00 PM,14.8,90,371
02/01/21 01:00 PM,15.0,100,202
02/01/21 02:00 PM,14.7,99,133
02/01/21 03:00 PM,14.6,90,133
02/01/21 04:00 PM,14.3,100,87
02/01/21 05:00 PM,14.6,100,60
02/01/21 06:00 PM,14.5,92,9
02/01/21 07:00 PM,14.6,90,0
02/01/21 08:00 PM,14.6,91,0
02/01/21 09:00 PM,14.7,91,0
02/01/21 10:00 PM,14.6,100,0
02/01/21 11:00 PM,14.7,100,0
02/02/21 12:00 AM,14.7,100,0
02/02/21 01:00 AM,14.6,100,0
02/02/21 02:00 AM,14.6,100,0
02/02/21 03:00 AM,14.1,56,0
02/02/21 04:00 AM,13.5,46,0
02/02/21 05:00 AM,12.9,77,0
02/02/21 06:00 AM,13.3,30,0
02/02/21 07:00 AM,13.3,21,0
02/02/21 08:00 AM,13.3,90,2
02/02/21 09:00 AM,14.4,66,62
02/02/21 10:00 AM,15.1,61,204
02/02/21 11:00 AM,15.4,61,251
02/02/21 12:00 PM,14.6,80,315
02/02/21 01:00 PM,15.1,88,250
02/02/21 02:00 PM,15.2,100,259
02/02/21 03:00 PM,14.9,98,253
02/02/21 04:00 PM,14.6,100,197
02/02/21 05:00 PM,14.4,87,83
02/02/21 06:00 PM,14.1,77,26
02/02/21 07:00 PM,14.2,100,0
02/02/21 08:00 PM,14.1,47,0
02/02/21 09:00 PM,14.0,67,0
02/02/21 10:00 PM,14.2,88,0
02/02/21 11:00 PM,14.3,100,0
02/03/21 12:00 AM,14.3,100,0
02/03/21 01:00 AM,14.5,100,0
02/03/21 02:00 AM,14.6,100,0
02/03/21 03:00 AM,14.6,100,0
02/03/21 04:00 AM,14.1,100,0
02/03/21 05:00 AM,14.4,100,0
02/03/21 06:00 AM,14.5,82,0
02/03/21 07:00 AM,14.0,62,0
02/03/21 08:00 AM,13.9,74,2
02/03/21 09:00 AM,14.5,58,62
02/03/21 10:00 AM,15.1,64,160
02/03/21 11:00 AM,15.5,39,214
02/03/21 12:00 PM,15.4,99,355
02/03/21 01:00 PM,16.1,44,317
02/03/21 02:00 PM,16.3,86,360
02/03/21 03:00 PM,15.9,82,187
02/03/21 04:00 PM,15.8,75,208
02/03/21 05:00 PM,15.1,62,104
02/03/21 06:00 PM,14.1,38,28
02/03/21 07:00 PM,12.6,17,0
02/03/21 08:00 PM,12.2,16,0
02/03/21 09:00 PM,12.1,22,0
02/03/21 10:00 PM,12.0,22,0
02/03/21 11:00 PM,11.7,49,0
02/04/21 12:00 AM,13.2,100,0
02/04/21 01:00 AM,13.1,100,0
02/04/21 02:00 AM,12.7,100,0
02/04/21 03:00 AM,12.7,100,0
02/04/21 04:00 AM,12.5,100,0
02/04/21 05:00 AM,12.1,100,0
02/04/21 06:00 AM,11.9,94,0
02/04/21 07:00 AM,11.9,100,0
02/04/21 08:00 AM,12.0,100,1
02/04/21 09:00 AM,12.2,100,19
02/04/21 10:00 AM,13.0,100,109
02/04/21 11:00 AM,13.1,100,158
02/04/21 12:00 PM,13.3,100,226
02/04/21 01:00 PM,12.6,100,91
02/04/21 02:00 PM,13.2,86,196
02/04/21 03:00 PM,13.6,95,247
02/04/21 04:00 PM,13.7,100,216
02/04/21 05:00 PM,13.4,100,80
02/04/21 06:00 PM,13.1,99,17
02/04/21 07:00 PM,11.4,99,0
02/04/21 08:00 PM,11.4,98,0
02/04/21 09:00 PM,11.2,82,0
02/04/21 10:00 PM,10.9,75,0
02/04/21 11:00 PM,10.5,83,0
02/05/21 12:00 AM,10.4,100,0
02/05/21 01:00 AM,10.5,100,0
02/05/21 02:00 AM,10.5,100,0
02/05/21 03:00 AM,10.3,72,0
02/05/21 04:00 AM,10.2,85,0
02/05/21 05:00 AM,10.0,74,0
02/05/21 06:00 AM,10.1,84,0
02/05/21 07:00 AM,10.0,91,0
02/05/21 08:00 AM,9.9,94,1
02/05/21 09:00 AM,9.9,96,12
02/05/21 10:00 AM,10.3,83,80
02/05/21 11:00 AM,10.6,94,98
02/05/21 12:00 PM,11.2,71,123
02/05/21 01:00 PM,12.3,100,255
02/05/21 02:00 PM,12.7,100,200
02/05/21 03:00 PM,12.5,100,167
02/05/21 04:00 PM,12.1,100,129
02/05/21 05:00 PM,11.6,100,71
02/05/21 06:00 PM,11.3,46,20
02/05/21 07:00 PM,10.6,32,0
02/05/21 08:00 PM,10.4,46,0
02/05/21 09:00 PM,10.4,100,0
02/05/21 10:00 PM,10.7,100,0
02/05/21 11:00 PM,11.0,100,0
02/06/21 12:00 AM,10.5,100,0
02/06/21 01:00 AM,10.6,100,0
02/06/21 02:00 AM,10.6,100,0
02/06/21 03:00 AM,10.5,100,0
02/06/21 04:00 AM,10.3,100,0
02/06/21 05:00 AM,10.3,100,0
02/06/21 06:00 AM,10.4,100,0
02/06/21 07:00 AM,10.4,100,0
02/06/21 08:00 AM,10.3,100,2
02/06/21 09:00 AM,10.6,100,27
02/06/21 10:00 AM,10.8,100,64
02/06/21 11:00 AM,11.0,100,103
02/06/21 12:00 PM,10.5,100,109
02/06/21 01:00 PM,11.5,89,148
02/06/21 02:00 PM,11.7,100,310
02/06/21 03:00 PM,11.4,100,114
02/06/21 04:00 PM,11.5,100,113
02/06/21 05:00 PM,11.5,100,117
02/06/21 06:00 PM,11.3,80,25
02/06/21 07:00 PM,10.8,100,0
02/06/21 08:00 PM,11.0,86,0
02/06/21 09:00 PM,10.7,28,0
02/06/21 10:00 PM,10.4,0,0
02/06/21 11:00 PM,10.0,2,0
02/07/21 12:00 AM,9.9,24,0
02/07/21 01:00 AM,10.1,49,0
02/07/21 02:00 AM,10.0,13,0
02/07/21 03:00 AM,9.2,1,0
02/07/21 04:00 AM,8.4,19,0
02/07/21 05:00 AM,8.1,94,0
02/07/21 06:00 AM,9.7,68,0
02/07/21 07:00 AM,9.9,84,0
02/07/21 08:00 AM,9.7,86,3
02/07/21 09:00 AM,11.0,61,86
02/07/21 10:00 AM,12.2,100,232
02/07/21 11:00 AM,12.9,100,219
02/07/21 12:00 PM,12.4,100,176
02/07/21 01:00 PM,13.1,100,228
02/07/21 02:00 PM,12.9,100,182
02/07/21 03:00 PM,13.4,100,177
02/07/21 04:00 PM,13.5,100,128
02/07/21 05:00 PM,13.3,100,62
02/07/21 06:00 PM,13.2,100,13
02/07/21 07:00 PM,13.3,100,0
02/07/21 08:00 PM,13.4,100,0
02/07/21 09:00 PM,13.5,100,0
02/07/21 10:00 PM,13.2,100,0
02/07/21 11:00 PM,13.4,100,0
02/08/21 12:00 AM,13.4,100,0
02/08/21 01:00 AM,13.1,71,0
02/08/21 02:00 AM,12.2,13,0
02/08/21 03:00 AM,11.7,28,0
02/08/21 04:00 AM,11.4,18,0
02/08/21 05:00 AM,11.4,33,0
02/08/21 06:00 AM,11.5,53,0
02/08/21 07:00 AM,11.9,49,0
02/08/21 08:00 AM,12.1,31,4
02/08/21 09:00 AM,13.0,43,93
02/08/21 10:00 AM,13.7,32,209
02/08/21 11:00 AM,14.2,27,364
02/08/21 12:00 PM,13.9,87,416
02/08/21 01:00 PM,14.5,67,316
02/08/21 02:00 PM,14.8,66,401
02/08/21 03:00 PM,14.7,58,356
02/08/21 04:00 PM,14.4,98,295
02/08/21 05:00 PM,13.9,57,136
02/08/21 06:00 PM,13.0,27,50
02/08/21 07:00 PM,11.6,75,0
02/08/21 08:00 PM,12.2,55,0
02/08/21 09:00 PM,12.1,87,0
02/08/21 10:00 PM,12.8,80,0
02/08/21 11:00 PM,13.1,38,0
02/09/21 12:00 AM,13.2,100,0
02/09/21 01:00 AM,13.6,70,0
02/09/21 02:00 AM,13.6,74,0
02/09/21 03:00 AM,13.5,64,0
02/09/21 04:00 AM,13.6,69,0
02/09/21 05:00 AM,13.7,88,0
02/09/21 06:00 AM,13.8,100,0
02/09/21 07:00 AM,13.7,98,0
02/09/21 08:00 AM,14.0,100,1
02/09/21 09:00 AM,13.8,100,12
02/09/21 10:00 AM,13.6,100,24
02/09/21 11:00 AM,13.7,68,30
02/09/21 12:00 PM,13.4,100,110
02/09/21 01:00 PM,14.0,65,170
02/09/21 02:00 PM,14.5,39,241
02/09/21 03:00 PM,15.3,44,428
02/09/21 04:00 PM,15.1,31,288
02/09/21 05:00 PM,14.5,20,192
02/09/21 06:00 PM,13.6,34,60
02/09/21 07:00 PM,13.5,18,0
02/09/21 08:00 PM,13.4,48,0
02/09/21 09:00 PM,13.5,53,0
02/09/21 10:00 PM,13.4,94,0
02/09/21 11:00 PM,13.3,57,0
02/10/21 12:00 AM,14.0,100,0
02/10/21 01:00 AM,13.7,100,0
02/10/21 02:00 AM,14.1,100,0
02/10/21 03:00 AM,14.2,100,0
02/10/21 04:00 AM,14.4,100,0
02/10/21 05:00 AM,14.1,100,0
02/10/21 06:00 AM,14.2,100,0
02/10/21 07:00 AM,13.7,80,0
02/10/21 08:00 AM,12.8,22,6
02/10/21 09:00 AM,13.9,25,107
02/10/21 10:00 AM,15.1,80,233
02/10/21 11:00 AM,15.5,100,240
02/10/21 12:00 PM,14.3,100,163
02/10/21 01:00 PM,14.0,100,76
02/10/21 02:00 PM,15.1,100,222
02/10/21 03:00 PM,15.5,100,113
02/10/21 04:00 PM,15.7,100,83
02/10/21 05:00 PM,15.6,100,73
02/10/21 06:00 PM,15.1,100,26
02/10/21 07:00 PM,14.9,100,0
02/10/21 08:00 PM,14.8,100,0
02/10/21 09:00 PM,14.7,100,0
02/10/21 10:00 PM,14.7,100,0
02/10/21 11:00 PM,14.7,98,0
02/11/21 12:00 AM,14.5,100,0
02/11/21 01:00 AM,14.3,100,0
02/11/21 02:00 AM,14.3,100,0
02/11/21 03:00 AM,14.3,100,0
02/11/21 04:00 AM,14.3,100,0
02/11/21 05:00 AM,14.4,100,0
02/11/21 06:00 AM,14.4,100,0
02/11/21 07:00 AM,14.4,100,0
02/11/21 08:00 AM,14.4,100,3
02/11/21 09:00 AM,14.5,100,34
02/11/21 10:00 AM,14.7,100,42
02/11/21 11:00 AM,15.1,100,134
02/11/21 12:00 PM,15.3,100,151
02/11/21 01:00 PM,15.4,100,136
02/11/21 02:00 PM,16.2,95,359
02/11/21 03:00 PM,16.1,63,362
02/11/21 04:00 PM,16.0,100,300
02/11/21 05:00 PM,15.6,100,144
02/11/21 06:00 PM,15.1,100,34
02/11/21 07:00 PM,14.9,100,0
02/11/21 08:00 PM,14.7,100,0
02/11/21 09:00 PM,14.4,100,0
02/11/21 10:00 PM,14.7,100,0
02/11/21 11:00 PM,14.5,100,0
02/12/21 12:00 AM,13.8,11,0
02/12/21 01:00 AM,13.5,22,0
02/12/21 02:00 AM,13.2,16,0
02/12/21 03:00 AM,12.6,3,0
02/12/21 04:00 AM,12.1,2,0
02/12/21 05:00 AM,11.7,3,0
02/12/21 06:00 AM,11.4,1,0
02/12/21 07:00 AM,11.1,0,0
02/12/21 08:00 AM,11.0,0,9
02/12/21 09:00 AM,12.7,1,132
02/12/21 10:00 AM,14.2,21,310
02/12/21 11:00 AM,15.1,27,436
02/12/21 12:00 PM,15.9,58,527
02/12/21 01:00 PM,16.6,90,497
02/12/21 02:00 PM,16.6,87,416
02/12/21 03:00 PM,16.5,75,447
02/12/21 04:00 PM,15.9,29,319
02/12/21 05:00 PM,15.0,22,245
02/12/21 06:00 PM,12.9,25,76
02/12/21 07:00 PM,11.8,23,0
02/12/21 08:00 PM,11.2,27,0
02/12/21 09:00 PM,10.6,29,0
02/12/21 10:00 PM,10.4,24,0
02/12/21 11:00 PM,8.6,25,0
02/13/21 12:00 AM,9.6,29,0
02/13/21 01:00 AM,10.5,32,0
02/13/21 02:00 AM,9.0,31,0
02/13/21 03:00 AM,8.3,29,0
02/13/21 04:00 AM,8.9,32,0
02/13/21 05:00 AM,11.0,37,0
02/13/21 06:00 AM,10.3,76,0
02/13/21 07:00 AM,10.8,21,0
02/13/21 08:00 AM,9.1,100,8
02/13/21 09:00 AM,10.6,100,86
02/13/21 10:00 AM,11.6,90,220
02/13/21 11:00 AM,13.2,76,346
02/13/21 12:00 PM,14.5,47,487
02/13/21 01:00 PM,15.3,13,582
02/13/21 02:00 PM,15.7,0,623
02/13/21 03:00 PM,15.7,0,551
02/13/21 04:00 PM,15.7,1,425
02/13/21 05:00 PM,15.3,2,259
02/13/21 06:00 PM,11.8,6,82
02/13/21 07:00 PM,11.7,0,1
02/13/21 08:00 PM,10.2,18,0
02/13/21 09:00 PM,9.5,22,0
02/13/21 10:00 PM,11.4,1,0
02/13/21 11:00 PM,10.9,7,0
02/14/21 12:00 AM,10.8,25,0
02/14/21 01:00 AM,9.0,100,0
02/14/21 02:00 AM,7.7,100,0
02/14/21 03:00 AM,7.8,94,0
02/14/21 04:00 AM,8.1,96,0
02/14/21 05:00 AM,7.9,95,0
02/14/21 06:00 AM,7.8,100,0
02/14/21 07:00 AM,7.5,10,0
02/14/21 08:00 AM,8.0,8,11
02/14/21 09:00 AM,10.2,11,140
02/14/21 10:00 AM,12.3,6,321
02/14/21 11:00 AM,14.4,13,484
02/14/21 12:00 PM,15.9,19,600
02/14/21 01:00 PM,17.5,14,653
02/14/21 02:00 PM,18.4,25,641
02/14/21 03:00 PM,18.9,27,566
02/14/21 04:00 PM,18.9,25,438
02/14/21 05:00 PM,18.2,26,267
02/14/21 06:00 PM,14.2,26,86
02/14/21 07:00 PM,12.9,26,1
02/14/21 08:00 PM,13.8,23,0
02/14/21 09:00 PM,14.1,11,0
02/14/21 10:00 PM,13.6,10,0
02/14/21 11:00 PM,9.5,5,0
02/15/21 12:00 AM,10.3,3,0
02/15/21 01:00 AM,10.4,0,0
02/15/21 02:00 AM,10.7,2,0
02/15/21 03:00 AM,10.4,14,0
02/15/21 04:00 AM,9.9,17,0
02/15/21 05:00 AM,9.8,5,0
02/15/21 06:00 AM,9.9,14,0
02/15/21 07:00 AM,10.3,19,0
02/15/21 08:00 AM,10.6,18,12
02/15/21 09:00 AM,11.8,20,143
02/15/21 10:00 AM,13.2,26,323
02/15/21 11:00 AM,14.8,26,482
02/15/21 12:00 PM,16.3,28,590
02/15/21 01:00 PM,17.6,27,643
02/15/21 02:00 PM,18.6,26,630
02/15/21 03:00 PM,19.3,17,557
02/15/21 04:00 PM,19.3,24,429
02/15/21 05:00 PM,18.2,26,262
02/15/21 06:00 PM,15.7,25,85
02/15/21 07:00 PM,15.1,24,1
02/15/21 08:00 PM,14.8,27,0
02/15/21 09:00 PM,14.0,27,0
02/15/21 10:00 PM,13.2,27,0
02/15/21 11:00 PM,12.6,27,0
02/16/21 12:00 AM,11.7,27,0
02/16/21 01:00 AM,11.7,28,0
02/16/21 02:00 AM,11.7,27,0
02/16/21 03:00 AM,11.1,29,0
02/16/21 04:00 AM,10.4,29,0
02/16/21 05:00 AM,10.6,33,0
02/16/21 06:00 AM,11.0,88,0
02/16/21 07:00 AM,11.9,100,0
02/16/21 08:00 AM,12.8,100,6
02/16/21 09:00 AM,13.4,97,50
02/16/21 10:00 AM,14.1,100,124
02/16/21 11:00 AM,14.9,78,223
02/16/21 12:00 PM,15.0,100,397
02/16/21 01:00 PM,15.6,76,324
02/16/21 02:00 PM,16.0,70,409
02/16/21 03:00 PM,16.1,76,385
02/16/21 04:00 PM,15.9,100,269
02/16/21 05:00 PM,15.5,91,161
02/16/21 06:00 PM,14.4,92,43
02/16/21 07:00 PM,13.7,90,1
02/16/21 08:00 PM,13.2,100,0
02/16/21 09:00 PM,13.0,100,0
02/16/21 10:00 PM,11.8,100,0
02/16/21 11:00 PM,11.9,100,0
02/17/21 12:00 AM,11.5,100,0
02/17/21 01:00 AM,12.2,100,0
02/17/21 02:00 AM,12.2,100,0
02/17/21 03:00 AM,12.4,100,0
02/17/21 04:00 AM,12.5,100,0
02/17/21 05:00 AM,12.5,100,0
02/17/21 06:00 AM,12.2,100,0
02/17/21 07:00 AM,12.2,100,0
02/17/21 08:00 AM,12.3,100,5
02/17/21 09:00 AM,12.6,100,48
02/17/21 10:00 AM,12.8,100,106
02/17/21 11:00 AM,13.2,100,247
02/17/21 12:00 PM,14.2,100,380
02/17/21 01:00 PM,14.8,63,415
02/17/21 02:00 PM,15.3,37,543
02/17/21 03:00 PM,14.7,35,499
02/17/21 04:00 PM,14.1,52,356
02/17/21 05:00 PM,13.7,65,204
02/17/21 06:00 PM,13.0,49,64
02/17/21 07:00 PM,13.0,57,1
02/17/21 08:00 PM,13.2,34,0
02/17/21 09:00 PM,13.3,33,0
02/17/21 10:00 PM,13.3,33,0
02/17/21 11:00 PM,13.2,32,0
02/18/21 12:00 AM,13.2,32,0
02/18/21 01:00 AM,13.4,32,0
02/18/21 02:00 AM,13.3,31,0
02/18/21 03:00 AM,13.3,31,0
02/18/21 04:00 AM,13.3,32,0
02/18/21 05:00 AM,13.5,87,0
02/18/21 06:00 AM,13.6,63,0
02/18/21 07:00 AM,13.4,16,0
02/18/21 08:00 AM,13.4,34,15
02/18/21 09:00 AM,14.8,6,143
02/18/21 10:00 AM,15.7,33,317
02/18/21 11:00 AM,16.1,29,397
02/18/21 12:00 PM,15.1,83,508
02/18/21 01:00 PM,15.9,88,351
02/18/21 02:00 PM,16.1,100,344
02/18/21 03:00 PM,16.4,100,381
02/18/21 04:00 PM,16.1,89,327
02/18/21 05:00 PM,15.2,68,198
02/18/21 06:00 PM,14.4,77,64
02/18/21 07:00 PM,14.3,100,1
02/18/21 08:00 PM,14.2,100,0
02/18/21 09:00 PM,14.4,100,0
02/18/21 10:00 PM,14.0,100,0
02/18/21 11:00 PM,14.0,100,0
02/19/21 12:00 AM,14.3,100,0
02/19/21 01:00 AM,14.2,100,0
02/19/21 02:00 AM,13.9,100,0
02/19/21 03:00 AM,13.8,100,0
02/19/21 04:00 AM,13.7,100,0
02/19/21 05:00 AM,13.5,93,0
02/19/21 06:00 AM,13.3,87,0
02/19/21 07:00 AM,13.0,76,0
02/19/21 08:00 AM,13.2,59,12
02/19/21 09:00 AM,13.7,90,98
02/19/21 10:00 AM,14.1,100,195
02/19/21 11:00 AM,14.6,94,262
02/19/21 12:00 PM,14.7,100,338
02/19/21 01:00 PM,14.9,100,183
02/19/21 02:00 PM,15.2,100,283
02/19/21 03:00 PM,15.4,66,364
02/19/21 04:00 PM,15.3,67,321
02/19/21 05:00 PM,14.9,78,206
02/19/21 06:00 PM,14.5,66,62
02/19/21 07:00 PM,14.4,30,2
02/19/21 08:00 PM,14.3,74,0
02/19/21 09:00 PM,14.2,100,0
02/19/21 10:00 PM,14.1,70,0
02/19/21 11:00 PM,14.0,69,0
02/20/21 12:00 AM,14.0,77,0
02/20/21 01:00 AM,13.9,100,0
02/20/21 02:00 AM,13.9,99,0
02/20/21 03:00 AM,14.0,79,0
02/20/21 04:00 AM,14.0,100,0
02/20/21 05:00 AM,14.2,100,0
02/20/21 06:00 AM,14.4,72,0
02/20/21 07:00 AM,14.4,71,0
02/20/21 08:00 AM,14.5,98,8
02/20/21 09:00 AM,14.3,100,45
02/20/21 10:00 AM,14.1,100,55
02/20/21 11:00 AM,14.1,90,43
02/20/21 12:00 PM,14.3,100,58
02/20/21 01:00 PM,14.6,100,46
02/20/21 02:00 PM,14.7,100,58
02/20/21 03:00 PM,14.5,100,31
02/20/21 04:00 PM,13.7,100,24
02/20/21 05:00 PM,14.0,100,15
02/20/21 06:00 PM,13.9,100,8
02/20/21 07:00 PM,13.6,100,0
02/20/21 08:00 PM,12.6,100,0
02/20/21 09:00 PM,12.2,100,0
02/20/21 10:00 PM,11.7,100,0
02/20/21 11:00 PM,11.0,100,0
02/21/21 12:00 AM,11.0,100,0
02/21/21 01:00 AM,10.2,100,0
02/21/21 02:00 AM,9.9,100,0
02/21/21 03:00 AM,9.9,100,0
02/21/21 04:00 AM,9.9,100,0
02/21/21 05:00 AM,10.0,90,0
02/21/21 06:00 AM,10.0,93,0
02/21/21 07:00 AM,9.7,91,0
02/21/21 08:00 AM,9.8,98,7
02/21/21 09:00 AM,10.5,91,70
02/21/21 10:00 AM,10.6,98,77
02/21/21 11:00 AM,11.5,100,287
02/21/21 12:00 PM,11.6,100,431
02/21/21 01:00 PM,10.8,100,274
02/21/21 02:00 PM,12.4,65,355
02/21/21 03:00 PM,12.5,46,523
02/21/21 04:00 PM,12.9,30,348
02/21/21 05:00 PM,12.5,26,248
02/21/21 06:00 PM,11.4,15,91
02/21/21 07:00 PM,10.1,12,3
02/21/21 08:00 PM,9.1,8,0
02/21/21 09:00 PM,8.7,14,0
02/21/21 10:00 PM,8.7,16,0
02/21/21 11:00 PM,8.6,15,0
02/22/21 12:00 AM,9.3,36,0
02/22/21 01:00 AM,8.7,40,0
02/22/21 02:00 AM,8.0,33,0
02/22/21 03:00 AM,8.5,40,0
02/22/21 04:00 AM,10.6,50,0
02/22/21 05:00 AM,9.7,42,0
02/22/21 06:00 AM,8.6,46,0
02/22/21 07:00 AM,7.5,43,0
02/22/21 08:00 AM,9.9,31,16
02/22/21 09:00 AM,11.7,32,135
02/22/21 10:00 AM,12.5,24,288
02/22/21 11:00 AM,13.2,31,456
02/22/21 12:00 PM,14.0,41,503
02/22/21 01:00 PM,14.6,33,559
02/22/21 02:00 PM,14.9,24,598
02/22/21 03:00 PM,14.9,25,534
02/22/21 04:00 PM,14.8,22,420
02/22/21 05:00 PM,14.3,29,266
02/22/21 06:00 PM,13.4,20,100
02/22/21 07:00 PM,12.9,27,3
02/22/21 08:00 PM,13.1,29,0
02/22/21 09:00 PM,13.3,40,0
02/22/21 10:00 PM,12.8,58,0
02/22/21 11:00 PM,13.2,61,0
02/23/21 12:00 AM,13.7,100,0
02/23/21 01:00 AM,13.5,100,0
02/23/21 02:00 AM,13.3,100,0
02/23/21 03:00 AM,12.9,100,0
02/23/21 04:00 AM,12.5,78,0
02/23/21 05:00 AM,12.4,66,0
02/23/21 06:00 AM,12.3,79,0
02/23/21 07:00 AM,12.3,87,0
02/23/21 08:00 AM,12.6,100,14
02/23/21 09:00 AM,13.2,86,85
02/23/21 10:00 AM,14.1,100,227
02/23/21 11:00 AM,14.9,100,237
02/23/21 12:00 PM,15.6,79,282
02/23/21 01:00 PM,16.3,64,413
02/23/21 02:00 PM,16.8,65,420
02/23/21 03:00 PM,17.3,64,407
02/23/21 04:00 PM,17.3,48,365
02/23/21 05:00 PM,16.6,23,250
02/23/21 06:00 PM,14.5,4,100
02/23/21 07:00 PM,12.7,0,4
02/23/21 08:00 PM,13.1,0,0
02/23/21 09:00 PM,13.6,0,0
02/23/21 10:00 PM,12.8,0,0
02/23/21 11:00 PM,11.9,0,0
02/24/21 12:00 AM,11.8,3,0
02/24/21 01:00 AM,11.4,22,0
02/24/21 02:00 AM,10.9,23,0
02/24/21 03:00 AM,10.7,19,0
02/24/21 04:00 AM,10.7,17,0
02/24/21 05:00 AM,10.6,19,0
02/24/21 06:00 AM,10.3,12,0
02/24/21 07:00 AM,10.0,9,0
02/24/21 08:00 AM,10.2,7,26
02/24/21 09:00 AM,11.5,7,180
02/24/21 10:00 AM,13.1,1,363
02/24/21 11:00 AM,14.8,1,520
02/24/21 12:00 PM,15.6,2,628
02/24/21 01:00 PM,16.5,21,681
02/24/21 02:00 PM,17.0,24,657
02/24/21 03:00 PM,17.0,21,568
02/24/21 04:00 PM,16.7,21,462
02/24/21 05:00 PM,16.2,23,281
02/24/21 06:00 PM,15.3,27,105
02/24/21 07:00 PM,14.6,27,5
02/24/21 08:00 PM,14.2,10,0
02/24/21 09:00 PM,14.0,10,0
02/24/21 10:00 PM,13.9,33,0
02/24/21 11:00 PM,13.8,57,0
02/25/21 12:00 AM,14.4,50,0
02/25/21 01:00 AM,13.8,72,0
02/25/21 02:00 AM,12.9,100,0
02/25/21 03:00 AM,12.6,100,0
02/25/21 04:00 AM,12.4,91,0
02/25/21 05:00 AM,12.1,100,0
02/25/21 06:00 AM,11.7,80,0
02/25/21 07:00 AM,11.4,62,0
02/25/21 08:00 AM,11.3,27,6
02/25/21 09:00 AM,12.0,44,115
02/25/21 10:00 AM,12.5,45,219
02/25/21 11:00 AM,13.5,31,378
02/25/21 12:00 PM,14.2,65,490
02/25/21 01:00 PM,14.7,81,416
02/25/21 02:00 PM,15.0,53,407
02/25/21 03:00 PM,15.3,60,430
02/25/21 04:00 PM,15.0,67,361
02/25/21 05:00 PM,14.2,82,176
02/25/21 06:00 PM,13.2,35,32
02/25/21 07:00 PM,12.0,26,4
02/25/21 08:00 PM,11.3,35,0
02/25/21 09:00 PM,11.1,91,0
02/25/21 10:00 PM,11.3,100,0
02/25/21 11:00 PM,11.3,100,0
02/26/21 12:00 AM,10.9,100,0
02/26/21 01:00 AM,11.4,100,0
02/26/21 02:00 AM,11.3,78,0
02/26/21 03:00 AM,11.0,100,0
02/26/21 04:00 AM,10.7,87,0
02/26/21 05:00 AM,10.3,77,0
02/26/21 06:00 AM,10.4,100,0
02/26/21 07:00 AM,10.5,100,0
02/26/21 08:00 AM,10.7,100,5
02/26/21 09:00 AM,11.5,100,42
02/26/21 10:00 AM,13.1,99,155
02/26/21 11:00 AM,13.9,82,184
02/26/21 12:00 PM,13.1,91,161
02/26/21 01:00 PM,14.0,87,226
02/26/21 02:00 PM,14.1,100,155
02/26/21 03:00 PM,14.0,76,112
02/26/21 04:00 PM,14.7,83,188
02/26/21 05:00 PM,14.8,100,128
02/26/21 06:00 PM,13.9,73,26
02/26/21 07:00 PM,13.2,59,3
02/26/21 08:00 PM,12.5,56,0
02/26/21 09:00 PM,12.1,56,0
02/26/21 10:00 PM,11.6,34,0
02/26/21 11:00 PM,10.5,43,0
02/27/21 12:00 AM,11.5,30,0
02/27/21 01:00 AM,11.5,30,0
02/27/21 02:00 AM,11.4,32,0
02/27/21 03:00 AM,11.2,34,0
02/27/21 04:00 AM,11.0,33,0
02/27/21 05:00 AM,10.5,32,0
02/27/21 06:00 AM,10.1,32,0
02/27/21 07:00 AM,9.6,32,0
02/27/21 08:00 AM,9.8,25,30
02/27/21 09:00 AM,11.3,26,180
02/27/21 10:00 AM,13.4,26,364
02/27/21 11:00 AM,15.5,26,514
02/27/21 12:00 PM,16.8,23,593
02/27/21 01:00 PM,18.1,22,674
02/27/21 02:00 PM,18.7,22,674
02/27/21 03:00 PM,19.1,50,607
02/27/21 04:00 PM,19.1,84,464
02/27/21 05:00 PM,18.4,86,234
02/27/21 06:00 PM,16.7,60,66
02/27/21 07:00 PM,15.0,57,4
02/27/21 08:00 PM,13.9,70,0
02/27/21 09:00 PM,11.8,29,0
02/27/21 10:00 PM,14.1,29,0
02/27/21 11:00 PM,13.5,29,0
02/28/21 12:00 AM,12.3,29,0
02/28/21 01:00 AM,11.3,28,0
02/28/21 02:00 AM,11.1,27,0
02/28/21 03:00 AM,11.1,22,0
02/28/21 04:00 AM,10.6,2,0
02/28/21 05:00 AM,8.0,23,0
02/28/21 06:00 AM,7.1,100,0
02/28/21 07:00 AM,7.9,100,0
02/28/21 08:00 AM,8.9,100,28
02/28/21 09:00 AM,11.2,7,188
02/28/21 10:00 AM,13.5,1,381
02/28/21 11:00 AM,15.3,0,539
02/28/21 12:00 PM,16.3,1,647
02/28/21 01:00 PM,16.9,12,694
02/28/21 02:00 PM,17.2,20,622
02/28/21 03:00 PM,17.4,20,523
02/28/21 04:00 PM,17.2,28,404
02/28/21 05:00 PM,16.8,24,261
02/28/21 06:00 PM,15.0,5,114
02/28/21 07:00 PM,12.8,1,7
02/28/21 08:00 PM,11.8,7,0
02/28/21 09:00 PM,11.0,10,0
02/28/21 10:00 PM,9.8,6,0
02/28/21 11:00 PM,9.5,14,0
03/01/21 12:00 AM,11.2,24,0
03/01/21 01:00 AM,11.3,20,0
03/01/21 02:00 AM,10.5,33,0
03/01/21 03:00 AM,9.8,100,0
03/01/21 04:00 AM,9.4,100,0
03/01/21 05:00 AM,9.6,100,0
03/01/21 06:00 AM,9.8,100,0
03/01/21 07:00 AM,9.9,100,0
03/01/21 08:00 AM,10.9,100,21
03/01/21 09:00 AM,11.9,74,104
03/01/21 10:00 AM,13.5,55,294
03/01/21 11:00 AM,14.9,35,459
03/01/21 12:00 PM,16.3,21,562
03/01/21 01:00 PM,16.8,49,626
03/01/21 02:00 PM,17.0,35,511
03/01/21 03:00 PM,17.3,31,519
03/01/21 04:00 PM,16.9,28,411
03/01/21 05:00 PM,16.1,16,278
03/01/21 06:00 PM,14.5,6,120
03/01/21 07:00 PM,12.7,4,8
03/01/21 08:00 PM,11.7,6,0
03/01/21 09:00 PM,10.3,8,0
03/01/21 10:00 PM,9.4,12,0
03/01/21 11:00 PM,9.3,8,0
03/02/21 12:00 AM,11.6,3,0
03/02/21 01:00 AM,11.3,2,0
03/02/21 02:00 AM,11.0,2,0
03/02/21 03:00 AM,8.4,92,0
03/02/21 04:00 AM,8.4,84,0
03/02/21 05:00 AM,8.0,90,0
03/02/21 06:00 AM,8.3,92,0
03/02/21 07:00 AM,8.2,92,0
03/02/21 08:00 AM,8.5,92,23
03/02/21 09:00 AM,10.3,92,136
03/02/21 10:00 AM,12.3,96,293
03/02/21 11:00 AM,14.3,32,420
03/02/21 12:00 PM,16.3,74,636
03/02/21 01:00 PM,17.0,91,607
03/02/21 02:00 PM,17.2,82,533
03/02/21 03:00 PM,17.3,34,559
03/02/21 04:00 PM,16.8,17,429
03/02/21 05:00 PM,16.2,8,309
03/02/21 06:00 PM,14.6,10,130
03/02/21 07:00 PM,12.9,25,9
03/02/21 08:00 PM,12.5,23,0
03/02/21 09:00 PM,11.8,4,0
03/02/21 10:00 PM,11.1,5,0
03/02/21 11:00 PM,10.6,2,0
03/03/21 12:00 AM,10.3,0,0
03/03/21 01:00 AM,10.0,6,0
03/03/21 02:00 AM,9.7,13,0
03/03/21 03:00 AM,9.4,29,0
03/03/21 04:00 AM,9.2,32,0
03/03/21 05:00 AM,9.2,37,0
03/03/21 06:00 AM,9.0,42,0
03/03/21 07:00 AM,9.1,28,0
03/03/21 08:00 AM,10.6,4,41
03/03/21 09:00 AM,12.8,22,206
03/03/21 10:00 AM,14.7,16,372
03/03/21 11:00 AM,16.4,20,550
03/03/21 12:00 PM,17.4,0,657
03/03/21 01:00 PM,18.6,1,712
03/03/21 02:00 PM,18.7,18,685
03/03/21 03:00 PM,18.5,22,542
03/03/21 04:00 PM,18.4,19,411
03/03/21 05:00 PM,17.8,16,265
03/03/21 06:00 PM,16.1,13,117
03/03/21 07:00 PM,13.4,32,9
03/03/21 08:00 PM,13.1,31,0
03/03/21 09:00 PM,12.5,33,0
03/03/21 10:00 PM,11.5,30,0
03/03/21 11:00 PM,12.1,30,0
03/04/21 12:00 AM,12.9,51,0
03/04/21 01:00 AM,12.1,42,0
03/04/21 02:00 AM,11.8,36,0
03/04/21 03:00 AM,12.3,80,0
03/04/21 04:00 AM,12.5,89,0
03/04/21 05:00 AM,12.3,88,0
03/04/21 06:00 AM,12.1,90,0
03/04/21 07:00 AM,11.9,90,0
03/04/21 08:00 AM,11.8,90,11
03/04/21 09:00 AM,12.3,60,53
03/04/21 10:00 AM,13.1,70,143
03/04/21 11:00 AM,14.1,96,256
03/04/21 12:00 PM,14.8,70,240
03/04/21 01:00 PM,14.6,81,136
03/04/21 02:00 PM,16.0,83,272
03/04/21 03:00 PM,15.3,89,149
03/04/21 04:00 PM,14.8,100,185
03/04/21 05:00 PM,13.6,100,176
03/04/21 06:00 PM,13.1,100,20
03/04/21 07:00 PM,12.9,100,1
03/04/21 08:00 PM,12.8,100,0
03/04/21 09:00 PM,12.5,100,0
03/04/21 10:00 PM,12.5,100,0
03/04/21 11:00 PM,13.0,26,0
03/05/21 12:00 AM,11.8,100,0
03/05/21 01:00 AM,12.3,92,0
03/05/21 02:00 AM,12.0,77,0
03/05/21 03:00 AM,11.8,23,0
03/05/21 04:00 AM,10.4,31,0
03/05/21 05:00 AM,10.5,28,0
03/05/21 06:00 AM,11.0,33,0
03/05/21 07:00 AM,9.1,100,0
03/05/21 08:00 AM,10.6,77,33
03/05/21 09:00 AM,12.1,82,133
03/05/21 10:00 AM,12.9,80,206
03/05/21 11:00 AM,13.7,93,321
03/05/21 12:00 PM,14.7,78,467
03/05/21 01:00 PM,16.0,65,549
03/05/21 02:00 PM,16.4,100,522
03/05/21 03:00 PM,13.9,76,210
03/05/21 04:00 PM,14.4,51,201
03/05/21 05:00 PM,14.2,73,219
03/05/21 06:00 PM,13.3,55,77
03/05/21 07:00 PM,12.3,16,9
03/05/21 08:00 PM,11.8,46,0
03/05/21 09:00 PM,11.8,45,0
03/05/21 10:00 PM,11.4,21,0
03/05/21 11:00 PM,11.0,9,0
03/06/21 12:00 AM,12.2,73,0
03/06/21 01:00 AM,12.5,63,0
03/06/21 02:00 AM,12.3,55,0
03/06/21 03:00 AM,12.0,80,0
03/06/21 04:00 AM,11.4,61,0
03/06/21 05:00 AM,11.1,6,0
03/06/21 06:00 AM,9.9,2,0
03/06/21 07:00 AM,9.7,0,0
03/06/21 08:00 AM,10.6,1,51
03/06/21 09:00 AM,12.5,2,223
03/06/21 10:00 AM,14.7,3,410
03/06/21 11:00 AM,16.4,0,564
03/06/21 12:00 PM,17.2,0,677
03/06/21 01:00 PM,18.5,13,728
03/06/21 02:00 PM,19.0,24,684
03/06/21 03:00 PM,19.1,27,574
03/06/21 04:00 PM,18.8,20,435
03/06/21 05:00 PM,18.2,14,294
03/06/21 06:00 PM,16.5,8,131
03/06/21 07:00 PM,15.0,7,11
03/06/21 08:00 PM,13.9,7,0
03/06/21 09:00 PM,13.0,6,0
03/06/21 10:00 PM,12.5,5,0
03/06/21 11:00 PM,12.1,4,0
03/07/21 12:00 AM,11.7,6,0
03/07/21 01:00 AM,11.3,8,0
03/07/21 02:00 AM,11.0,10,0
03/07/21 03:00 AM,10.8,15,0
03/07/21 04:00 AM,10.7,20,0
03/07/21 05:00 AM,10.5,20,0
03/07/21 06:00 AM,10.4,27,0
03/07/21 07:00 AM,10.3,27,0
03/07/21 08:00 AM,11.3,30,50
03/07/21 09:00 AM,12.8,58,205
03/07/21 10:00 AM,14.1,39,354
03/07/21 11:00 AM,15.6,25,541
03/07/21 12:00 PM,16.7,63,657
03/07/21 01:00 PM,17.2,53,605
03/07/21 02:00 PM,17.0,74,534
03/07/21 03:00 PM,16.5,39,470
03/07/21 04:00 PM,15.8,0,484
03/07/21 05:00 PM,15.0,1,346
03/07/21 06:00 PM,13.5,3,151
03/07/21 07:00 PM,11.9,4,14
03/07/21 08:00 PM,11.2,5,0
03/07/21 09:00 PM,10.7,23,0
03/07/21 10:00 PM,10.4,18,0
03/07/21 11:00 PM,10.4,35,0
03/08/21 12:00 AM,10.2,15,0
03/08/21 01:00 AM,9.9,10,0
03/08/21 02:00 AM,9.4,6,0
03/08/21 03:00 AM,9.3,28,0
03/08/21 04:00 AM,9.6,40,0
03/08/21 05:00 AM,9.6,26,0
03/08/21 06:00 AM,9.4,29,0
03/08/21 07:00 AM,9.3,3,0
03/08/21 08:00 AM,9.7,2,59
03/08/21 09:00 AM,11.1,11,246
03/08/21 10:00 AM,12.2,78,415
03/08/21 11:00 AM,13.0,81,438
03/08/21 12:00 PM,13.5,68,537
03/08/21 01:00 PM,13.9,34,548
03/08/21 02:00 PM,14.8,69,636
03/08/21 03:00 PM,15.7,41,593
03/08/21 04:00 PM,14.4,38,418
03/08/21 05:00 PM,14.2,14,281
03/08/21 06:00 PM,13.2,6,144
03/08/21 07:00 PM,11.7,2,15
03/08/21 08:00 PM,11.0,10,0
03/08/21 09:00 PM,10.9,31,0
03/08/21 10:00 PM,11.2,72,0
03/08/21 11:00 PM,11.5,75,0
03/09/21 12:00 AM,10.5,3,0
03/09/21 01:00 AM,10.1,2,0
03/09/21 02:00 AM,9.6,2,0
03/09/21 03:00 AM,9.2,4,0
03/09/21 04:00 AM,8.8,10,0
03/09/21 05:00 AM,8.6,30,0
03/09/21 06:00 AM,8.5,34,0
03/09/21 07:00 AM,7.7,2,0
03/09/21 08:00 AM,8.4,4,66
03/09/21 09:00 AM,10.0,0,251
03/09/21 10:00 AM,11.5,0,449
03/09/21 11:00 AM,13.1,0,612
03/09/21 12:00 PM,14.9,0,723
03/09/21 01:00 PM,15.8,1,771
03/09/21 02:00 PM,16.1,1,752
03/09/21 03:00 PM,16.2,3,667
03/09/21 04:00 PM,16.1,14,526
03/09/21 05:00 PM,16.0,24,357
03/09/21 06:00 PM,14.2,32,152
03/09/21 07:00 PM,12.8,28,15
03/09/21 08:00 PM,11.6,34,0
03/09/21 09:00 PM,10.8,70,0
03/09/21 10:00 PM,10.2,29,0
03/09/21 11:00 PM,9.7,25,0
03/10/21 12:00 AM,9.3,9,0
03/10/21 01:00 AM,9.0,8,0
03/10/21 02:00 AM,8.8,1,0
03/10/21 03:00 AM,8.5,1,0
03/10/21 04:00 AM,8.2,1,0
03/10/21 05:00 AM,7.8,10,0
03/10/21 06:00 AM,6.9,20,0
03/10/21 07:00 AM,6.8,22,0
03/10/21 08:00 AM,9.2,16,67
03/10/21 09:00 AM,11.4,3,250
03/10/21 10:00 AM,12.8,2,443
03/10/21 11:00 AM,14.1,13,601
03/10/21 12:00 PM,14.9,14,707
03/10/21 01:00 PM,15.8,1,755
03/10/21 02:00 PM,16.5,0,739
03/10/21 03:00 PM,16.8,4,660
03/10/21 04:00 PM,17.1,4,518
03/10/21 05:00 PM,17.1,1,345
03/10/21 06:00 PM,15.4,23,155
03/10/21 07:00 PM,13.1,0,16
03/10/21 08:00 PM,12.4,0,0
03/10/21 09:00 PM,11.5,23,0
03/10/21 10:00 PM,11.2,26,0
03/10/21 11:00 PM,11.0,3,0
03/11/21 12:00 AM,10.7,20,0
03/11/21 01:00 AM,9.6,25,0
03/11/21 02:00 AM,10.9,26,0
03/11/21 03:00 AM,10.7,15,0
03/11/21 04:00 AM,10.6,100,0
03/11/21 05:00 AM,10.5,93,0
03/11/21 06:00 AM,9.0,100,0
03/11/21 07:00 AM,10.0,100,0
03/11/21 08:00 AM,11.5,100,31
03/11/21 09:00 AM,13.0,91,138
03/11/21 10:00 AM,13.9,100,201
03/11/21 11:00 AM,15.3,100,418
03/11/21 12:00 PM,14.5,100,364
03/11/21 01:00 PM,15.0,100,248
03/11/21 02:00 PM,15.7,100,329
03/11/21 03:00 PM,15.9,100,289
03/11/21 04:00 PM,16.0,100,228
03/11/21 05:00 PM,16.0,100,153
03/11/21 06:00 PM,15.5,75,82
03/11/21 07:00 PM,13.9,25,13
03/11/21 08:00 PM,12.5,6,0
03/11/21 09:00 PM,11.7,3,0
03/11/21 10:00 PM,11.3,0,0
03/11/21 11:00 PM,11.3,0,0
03/12/21 12:00 AM,11.3,6,0
03/12/21 01:00 AM,11.2,15,0
03/12/21 02:00 AM,11.0,10,0
03/12/21 03:00 AM,11.0,28,0
03/12/21 04:00 AM,11.1,64,0
03/12/21 05:00 AM,11.3,100,0
03/12/21 06:00 AM,12.4,100,0
03/12/21 07:00 AM,12.5,100,0
03/12/21 08:00 AM,12.6,100,18
03/12/21 09:00 AM,12.7,100,47
03/12/21 10:00 AM,13.7,68,239
03/12/21 11:00 AM,15.0,86,530
03/12/21 12:00 PM,14.8,40,601
03/12/21 01:00 PM,16.1,100,617
03/12/21 02:00 PM,16.1,30,448
03/12/21 03:00 PM,16.0,39,544
03/12/21 04:00 PM,16.0,91,431
03/12/21 05:00 PM,15.4,79,278
03/12/21 06:00 PM,13.9,29,128
03/12/21 07:00 PM,12.4,28,15
03/12/21 08:00 PM,11.5,27,0
03/12/21 09:00 PM,10.8,29,0
03/12/21 10:00 PM,10.3,27,0
03/12/21 11:00 PM,9.8,20,0
03/13/21 12:00 AM,9.8,16,0
03/13/21 01:00 AM,9.3,12,0
03/13/21 02:00 AM,9.1,2,0
03/13/21 03:00 AM,8.6,1,0
03/13/21 04:00 AM,8.2,3,0
03/13/21 05:00 AM,7.9,11,0
03/13/21 06:00 AM,8.0,47,0
03/13/21 07:00 AM,8.2,32,0
03/13/21 08:00 AM,9.7,82,68
03/13/21 09:00 AM,11.2,21,213
03/13/21 10:00 AM,12.6,2,432
03/13/21 11:00 AM,13.7,4,620
03/13/21 12:00 PM,14.9,13,720
03/13/21 01:00 PM,15.6,7,770
03/13/21 02:00 PM,15.9,1,751
03/13/21 03:00 PM,16.0,11,684
03/13/21 04:00 PM,15.7,0,545
03/13/21 05:00 PM,14.7,0,370
03/13/21 06:00 PM,13.3,0,174
03/13/21 07:00 PM,12.1,0,21
03/13/21 08:00 PM,11.6,0,0
03/13/21 09:00 PM,11.1,0,0
03/13/21 10:00 PM,10.5,0,0
03/13/21 11:00 PM,10.1,0,0
03/14/21 12:00 AM,10.0,2,0
03/14/21 01:00 AM,9.9,5,0
03/14/21 02:00 AM,9.6,3,0
03/14/21 03:00 AM,9.3,8,0
03/14/21 04:00 AM,8.9,0,0
03/14/21 05:00 AM,8.5,3,0
03/14/21 06:00 AM,8.0,7,0
03/14/21 07:00 AM,7.6,5,1
03/14/21 08:00 AM,8.9,7,85
03/14/21 09:00 AM,10.9,15,276
03/14/21 10:00 AM,13.0,10,467
03/14/21 11:00 AM,14.8,11,625
03/14/21 12:00 PM,16.8,13,733
03/14/21 01:00 PM,17.9,12,783
03/14/21 02:00 PM,18.4,17,767
03/14/21 03:00 PM,18.6,22,681
03/14/21 04:00 PM,18.5,20,541
03/14/21 05:00 PM,17.9,22,367
03/14/21 06:00 PM,16.3,18,171
03/14/21 07:00 PM,13.8,27,21
03/14/21 08:00 PM,12.7,28,0
03/14/21 09:00 PM,12.0,25,0
03/14/21 10:00 PM,11.4,4,0
03/14/21 11:00 PM,10.9,0,0
03/15/21 12:00 AM,10.7,29,0
03/15/21 01:00 AM,10.3,23,0
03/15/21 02:00 AM,9.8,24,0
03/15/21 03:00 AM,9.5,28,0
03/15/21 04:00 AM,9.2,29,0
03/15/21 05:00 AM,8.8,29,0
03/15/21 06:00 AM,8.4,29,0
03/15/21 07:00 AM,8.0,25,1
03/15/21 08:00 AM,9.6,27,87
03/15/21 09:00 AM,12.0,28,271
03/15/21 10:00 AM,14.5,26,458
03/15/21 11:00 AM,16.9,21,624
03/15/21 12:00 PM,18.8,27,735
03/15/21 01:00 PM,20.3,27,775
03/15/21 02:00 PM,20.9,29,753
03/15/21 03:00 PM,21.0,29,643
03/15/21 04:00 PM,20.8,29,540
03/15/21 05:00 PM,20.2,28,373
03/15/21 06:00 PM,18.2,29,175
03/15/21 07:00 PM,16.3,19,22
03/15/21 08:00 PM,15.5,16,0
03/15/21 09:00 PM,14.0,23,0
03/15/21 10:00 PM,13.3,29,0
03/15/21 11:00 PM,12.7,28,0
03/16/21 12:00 AM,12.4,28,0
03/16/21 01:00 AM,11.7,28,0
03/16/21 02:00 AM,10.9,29,0
03/16/21 03:00 AM,10.5,25,0
03/16/21 04:00 AM,10.0,21,0
03/16/21 05:00 AM,9.4,18,0
03/16/21 06:00 AM,9.1,16,0
03/16/21 07:00 AM,9.0,23,1
03/16/21 08:00 AM,10.9,22,83
03/16/21 09:00 AM,13.6,18,278
03/16/21 10:00 AM,16.2,19,476
03/16/21 11:00 AM,18.6,15,638
03/16/21 12:00 PM,20.9,3,747
03/16/21 01:00 PM,22.0,4,794
03/16/21 02:00 PM,22.4,4,777
03/16/21 03:00 PM,22.5,4,697
03/16/21 04:00 PM,22.4,0,560
03/16/21 05:00 PM,21.6,0,382
03/16/21 06:00 PM,19.5,0,183
03/16/21 07:00 PM,17.4,0,25
03/16/21 08:00 PM,16.2,0,0
03/16/21 09:00 PM,15.2,0,0
03/16/21 10:00 PM,14.2,0,0
03/16/21 11:00 PM,13.3,0,0
03/17/21 12:00 AM,12.9,0,0
03/17/21 01:00 AM,12.5,0,0
03/17/21 02:00 AM,12.0,6,0
03/17/21 03:00 AM,11.3,6,0
03/17/21 04:00 AM,10.7,14,0
03/17/21 05:00 AM,10.4,8,0
03/17/21 06:00 AM,10.3,9,0
03/17/21 07:00 AM,10.4,9,2
03/17/21 08:00 AM,11.8,15,98
03/17/21 09:00 AM,14.0,11,292
03/17/21 10:00 AM,16.0,15,485
03/17/21 11:00 AM,18.0,19,643
03/17/21 12:00 PM,19.8,8,749
03/17/21 01:00 PM,21.2,8,797
03/17/21 02:00 PM,22.1,7,779
03/17/21 03:00 PM,22.5,24,700
03/17/21 04:00 PM,22.4,21,564
03/17/21 05:00 PM,21.9,11,384
03/17/21 06:00 PM,20.0,8,184
03/17/21 07:00 PM,18.1,0,26
03/17/21 08:00 PM,17.6,4,0
03/17/21 09:00 PM,16.9,17,0
03/17/21 10:00 PM,16.2,16,0
03/17/21 11:00 PM,14.6,17,0
03/18/21 12:00 AM,14.2,20,0
03/18/21 01:00 AM,14.2,25,0
03/18/21 02:00 AM,13.7,26,0
03/18/21 03:00 AM,13.2,20,0
03/18/21 04:00 AM,12.5,7,0
03/18/21 05:00 AM,11.9,0,0
03/18/21 06:00 AM,11.4,0,0
03/18/21 07:00 AM,10.9,0,2
03/18/21 08:00 AM,11.7,0,105
03/18/21 09:00 AM,13.2,0,304
03/18/21 10:00 AM,15.2,0,501
03/18/21 11:00 AM,16.8,0,664
03/18/21 12:00 PM,17.9,0,775
03/18/21 01:00 PM,18.9,0,822
03/18/21 02:00 PM,19.3,0,805
03/18/21 03:00 PM,19.3,0,722
03/18/21 04:00 PM,19.1,0,582
03/18/21 05:00 PM,18.5,0,399
03/18/21 06:00 PM,16.8,0,195
03/18/21 07:00 PM,15.3,0,29
03/18/21 08:00 PM,14.4,2,0
03/18/21 09:00 PM,13.1,0,0
03/18/21 10:00 PM,12.2,0,0
03/18/21 11:00 PM,11.4,0,0
03/19/21 12:00 AM,11.1,0,0
03/19/21 01:00 AM,10.2,0,0
03/19/21 02:00 AM,9.4,0,0
03/19/21 03:00 AM,8.8,23,0
03/19/21 04:00 AM,8.6,16,0
03/19/21 05:00 AM,8.3,0,0
03/19/21 06:00 AM,7.8,0,0
03/19/21 07:00 AM,7.4,0,3
03/19/21 08:00 AM,8.5,0,108
03/19/21 09:00 AM,10.2,4,306
03/19/21 10:00 AM,12.2,13,497
03/19/21 11:00 AM,14.1,17,656
03/19/21 12:00 PM,15.3,25,747
03/19/21 01:00 PM,16.2,9,703
03/19/21 02:00 PM,17.3,0,766
03/19/21 03:00 PM,17.5,11,703
03/19/21 04:00 PM,18.1,29,560
03/19/21 05:00 PM,16.9,19,380
03/19/21 06:00 PM,15.1,8,179
03/19/21 07:00 PM,13.3,0,28
03/19/21 08:00 PM,12.2,1,0
03/19/21 09:00 PM,11.7,2,0
03/19/21 10:00 PM,11.8,1,0
03/19/21 11:00 PM,11.6,4,0
03/20/21 12:00 AM,12.0,2,0
03/20/21 01:00 AM,11.5,1,0
03/20/21 02:00 AM,10.7,1,0
03/20/21 03:00 AM,10.3,0,0
03/20/21 04:00 AM,10.7,0,0
03/20/21 05:00 AM,10.2,1,0
03/20/21 06:00 AM,9.2,0,0
03/20/21 07:00 AM,8.2,0,4
03/20/21 08:00 AM,8.5,0,116
03/20/21 09:00 AM,10.0,0,320
03/20/21 10:00 AM,11.7,0,519
03/20/21 11:00 AM,13.0,0,681
03/20/21 12:00 PM,14.4,0,790
03/20/21 01:00 PM,15.2,0,837
03/20/21 02:00 PM,15.7,0,818
03/20/21 03:00 PM,16.0,0,734
03/20/21 04:00 PM,16.0,0,592
03/20/21 05:00 PM,15.7,0,408
03/20/21 06:00 PM,14.7,0,203
03/20/21 07:00 PM,12.3,0,32
03/20/21 08:00 PM,11.2,0,0
03/20/21 09:00 PM,10.6,0,0
03/20/21 10:00 PM,9.6,0,0
03/20/21 11:00 PM,8.9,0,0
03/21/21 12:00 AM,8.9,0,0
03/21/21 01:00 AM,8.3,0,0
03/21/21 02:00 AM,7.7,0,0
03/21/21 03:00 AM,7.3,0,0
03/21/21 04:00 AM,6.8,0,0
03/21/21 05:00 AM,6.0,0,0
03/21/21 06:00 AM,5.3,0,0
03/21/21 07:00 AM,5.2,0,4
03/21/21 08:00 AM,6.7,0,120
03/21/21 09:00 AM,9.0,0,322
03/21/21 10:00 AM,11.5,0,519
03/21/21 11:00 AM,13.6,0,679
03/21/21 12:00 PM,15.1,0,787
03/21/21 01:00 PM,16.2,0,832
03/21/21 02:00 PM,16.8,0,813
03/21/21 03:00 PM,17.0,0,729
03/21/21 04:00 PM,16.7,0,589
03/21/21 05:00 PM,16.4,0,407
03/21/21 06:00 PM,15.3,0,203
03/21/21 07:00 PM,13.2,0,33
03/21/21 08:00 PM,12.0,0,0
03/21/21 09:00 PM,11.1,0,0
03/21/21 10:00 PM,10.3,0,0
03/21/21 11:00 PM,9.9,0,0
03/22/21 12:00 AM,9.6,0,0
03/22/21 01:00 AM,9.3,0,0
03/22/21 02:00 AM,9.1,0,0
03/22/21 03:00 AM,8.8,0,0
03/22/21 04:00 AM,8.2,0,0
03/22/21 05:00 AM,7.4,0,0
03/22/21 06:00 AM,6.6,0,0
03/22/21 07:00 AM,6.3,0,5
03/22/21 08:00 AM,8.5,0,124
03/22/21 09:00 AM,11.5,0,328
03/22/21 10:00 AM,14.1,0,524
03/22/21 11:00 AM,16.1,0,684
03/22/21 12:00 PM,17.5,2,792
03/22/21 01:00 PM,18.7,21,835
03/22/21 02:00 PM,19.5,20,812
03/22/21 03:00 PM,20.0,10,728
03/22/21 04:00 PM,20.0,0,592
03/22/21 05:00 PM,19.1,0,410
03/22/21 06:00 PM,16.7,0,205
03/22/21 07:00 PM,14.2,0,35
03/22/21 08:00 PM,12.8,0,0
03/22/21 09:00 PM,12.2,0,0
03/22/21 10:00 PM,11.7,0,0
03/22/21 11:00 PM,11.0,0,0
03/23/21 12:00 AM,10.9,7,0
03/23/21 01:00 AM,10.4,14,0
03/23/21 02:00 AM,10.0,14,0
03/23/21 03:00 AM,9.8,0,0
03/23/21 04:00 AM,9.6,1,0
03/23/21 05:00 AM,9.3,2,0
03/23/21 06:00 AM,9.3,2,0
03/23/21 07:00 AM,9.6,2,6
03/23/21 08:00 AM,11.4,9,125
03/23/21 09:00 AM,13.2,2,324
03/23/21 10:00 AM,15.3,0,518
03/23/21 11:00 AM,17.3,0,678
03/23/21 12:00 PM,18.5,0,783
03/23/21 01:00 PM,19.4,0,829
03/23/21 02:00 PM,19.9,0,810
03/23/21 03:00 PM,20.0,0,727
03/23/21 04:00 PM,19.7,1,587
03/23/21 05:00 PM,18.6,2,405
03/23/21 06:00 PM,16.5,0,203
03/23/21 07:00 PM,14.1,0,36
03/23/21 08:00 PM,12.7,0,0
03/23/21 09:00 PM,11.6,1,0
03/23/21 10:00 PM,10.9,4,0
03/23/21 11:00 PM,10.4,5,0
03/24/21 12:00 AM,10.4,4,0
03/24/21 01:00 AM,10.1,4,0
03/24/21 02:00 AM,9.8,4,0
03/24/21 03:00 AM,9.6,4,0
03/24/21 04:00 AM,9.3,6,0
03/24/21 05:00 AM,8.9,9,0
03/24/21 06:00 AM,8.5,7,0
03/24/21 07:00 AM,8.4,8,7
03/24/21 08:00 AM,10.0,4,128
03/24/21 09:00 AM,11.9,2,330
03/24/21 10:00 AM,13.5,5,527
03/24/21 11:00 AM,15.1,3,688
03/24/21 12:00 PM,16.3,1,792
03/24/21 01:00 PM,17.3,0,841
03/24/21 02:00 PM,17.8,0,821
03/24/21 03:00 PM,18.1,0,738
03/24/21 04:00 PM,18.3,0,597
03/24/21 05:00 PM,17.6,1,413
03/24/21 06:00 PM,15.3,12,209
03/24/21 07:00 PM,13.4,10,38
03/24/21 08:00 PM,12.2,12,0
03/24/21 09:00 PM,11.4,21,0
03/24/21 10:00 PM,10.7,23,0
03/24/21 11:00 PM,10.1,23,0
03/25/21 12:00 AM,9.9,29,0
03/25/21 01:00 AM,9.4,27,0
03/25/21 02:00 AM,9.0,29,0
03/25/21 03:00 AM,8.5,27,0
03/25/21 04:00 AM,8.0,27,0
03/25/21 05:00 AM,7.5,29,0
03/25/21 06:00 AM,7.1,27,0
03/25/21 07:00 AM,7.1,26,8
03/25/21 08:00 AM,9.3,17,129
03/25/21 09:00 AM,11.9,17,334
03/25/21 10:00 AM,13.9,18,524
03/25/21 11:00 AM,15.3,14,661
03/25/21 12:00 PM,16.2,30,783
03/25/21 01:00 PM,17.3,23,810
03/25/21 02:00 PM,17.5,20,802
03/25/21 03:00 PM,17.8,28,722
03/25/21 04:00 PM,17.9,28,547
03/25/21 05:00 PM,17.7,29,375
03/25/21 06:00 PM,16.7,34,194
03/25/21 07:00 PM,14.7,28,30
03/25/21 08:00 PM,13.3,23,0
03/25/21 09:00 PM,12.4,26,0
03/25/21 10:00 PM,11.6,29,0
03/25/21 11:00 PM,11.2,30,0
03/26/21 12:00 AM,11.2,28,0
03/26/21 01:00 AM,10.9,28,0
03/26/21 02:00 AM,10.3,29,0
03/26/21 03:00 AM,9.7,28,0
03/26/21 04:00 AM,9.1,26,0
03/26/21 05:00 AM,8.7,20,0
03/26/21 06:00 AM,8.2,11,0
03/26/21 07:00 AM,8.3,7,9
03/26/21 08:00 AM,10.3,22,135
03/26/21 09:00 AM,12.6,11,330
03/26/21 10:00 AM,14.6,17,523
03/26/21 11:00 AM,16.4,22,675
03/26/21 12:00 PM,17.0,33,734
03/26/21 01:00 PM,18.0,27,786
03/26/21 02:00 PM,18.5,28,726
03/26/21 03:00 PM,18.9,27,647
03/26/21 04:00 PM,18.9,27,490
03/26/21 05:00 PM,17.8,28,346
03/26/21 06:00 PM,16.2,22,191
03/26/21 07:00 PM,14.3,0,37
03/26/21 08:00 PM,13.4,0,0
03/26/21 09:00 PM,12.6,1,0
03/26/21 10:00 PM,11.9,26,0
03/26/21 11:00 PM,11.2,29,0
03/27/21 12:00 AM,10.6,30,0
03/27/21 01:00 AM,10.1,30,0
03/27/21 02:00 AM,9.7,30,0
03/27/21 03:00 AM,9.2,30,0
03/27/21 04:00 AM,9.0,41,0
03/27/21 05:00 AM,9.0,62,0
03/27/21 06:00 AM,8.8,36,0
03/27/21 07:00 AM,8.7,34,10
03/27/21 08:00 AM,10.7,33,136
03/27/21 09:00 AM,13.9,25,337
03/27/21 10:00 AM,16.9,2,528
03/27/21 11:00 AM,19.4,0,690
03/27/21 12:00 PM,20.3,13,795
03/27/21 01:00 PM,21.6,5,830
03/27/21 02:00 PM,22.3,0,809
03/27/21 03:00 PM,22.5,0,738
03/27/21 04:00 PM,22.4,0,600
03/27/21 05:00 PM,21.7,0,420
03/27/21 06:00 PM,20.1,0,218
03/27/21 07:00 PM,17.8,0,43
03/27/21 08:00 PM,16.8,0,0
03/27/21 09:00 PM,15.5,15,0
03/27/21 10:00 PM,14.4,0,0
03/27/21 11:00 PM,13.6,18,0
03/28/21 12:00 AM,13.5,14,0
03/28/21 01:00 AM,12.8,17,0
03/28/21 02:00 AM,12.0,28,0
03/28/21 03:00 AM,11.4,0,0
03/28/21 04:00 AM,10.5,19,0
03/28/21 05:00 AM,9.7,30,0
03/28/21 06:00 AM,10.1,64,0
03/28/21 07:00 AM,10.5,65,11
03/28/21 08:00 AM,12.5,54,103
03/28/21 09:00 AM,14.5,66,239
03/28/21 10:00 AM,16.8,15,442
03/28/21 11:00 AM,19.2,0,681
03/28/21 12:00 PM,20.7,0,793
03/28/21 01:00 PM,22.2,3,837
03/28/21 02:00 PM,23.3,0,808
03/28/21 03:00 PM,23.9,0,733
03/28/21 04:00 PM,24.1,0,594
03/28/21 05:00 PM,24.1,1,417
03/28/21 06:00 PM,22.4,2,214
03/28/21 07:00 PM,18.2,26,42
03/28/21 08:00 PM,16.0,30,0
03/28/21 09:00 PM,15.8,29,0
03/28/21 10:00 PM,15.7,29,0
03/28/21 11:00 PM,15.6,36,0
03/29/21 12:00 AM,15.4,54,0
03/29/21 01:00 AM,14.6,44,0
03/29/21 02:00 AM,14.0,62,0
03/29/21 03:00 AM,13.9,43,0
03/29/21 04:00 AM,12.6,86,0
03/29/21 05:00 AM,13.6,41,0
03/29/21 06:00 AM,13.2,59,0
03/29/21 07:00 AM,13.6,62,4
03/29/21 08:00 AM,14.0,39,29
03/29/21 09:00 AM,15.7,46,216
03/29/21 10:00 AM,17.9,43,421
03/29/21 11:00 AM,19.7,25,586
03/29/21 12:00 PM,21.3,32,703
03/29/21 01:00 PM,21.4,56,758
03/29/21 02:00 PM,22.3,33,731
03/29/21 03:00 PM,22.7,47,560
03/29/21 04:00 PM,22.5,38,513
03/29/21 05:00 PM,17.3,49,238
03/29/21 06:00 PM,17.4,14,136
03/29/21 07:00 PM,16.1,46,40
03/29/21 08:00 PM,16.3,44,0
03/29/21 09:00 PM,15.3,32,0
03/29/21 10:00 PM,14.7,30,0
03/29/21 11:00 PM,13.8,33,0
03/30/21 12:00 AM,15.0,45,0
03/30/21 01:00 AM,15.5,50,0
03/30/21 02:00 AM,15.4,58,0
03/30/21 03:00 AM,15.7,47,0
03/30/21 04:00 AM,15.6,46,0
03/30/21 05:00 AM,15.3,46,0
03/30/21 06:00 AM,14.6,36,0
03/30/21 07:00 AM,14.7,24,13
03/30/21 08:00 AM,16.6,42,148
03/30/21 09:00 AM,18.8,40,291
03/30/21 10:00 AM,20.5,48,391
03/30/21 11:00 AM,22.0,17,461
03/30/21 12:00 PM,22.4,35,773
03/30/21 01:00 PM,23.6,30,771
03/30/21 02:00 PM,23.6,4,598
03/30/21 03:00 PM,24.9,26,724
03/30/21 04:00 PM,25.0,10,496
03/30/21 05:00 PM,25.0,2,383
03/30/21 06:00 PM,23.7,2,220
03/30/21 07:00 PM,21.8,0,46
03/30/21 08:00 PM,20.6,28,0
03/30/21 09:00 PM,19.8,0,0
03/30/21 10:00 PM,17.9,26,0
03/30/21 11:00 PM,17.7,27,0
03/31/21 12:00 AM,16.8,0,0
03/31/21 01:00 AM,16.2,0,0
03/31/21 02:00 AM,15.5,0,0
03/31/21 03:00 AM,14.8,0,0
03/31/21 04:00 AM,14.2,0,0
03/31/21 05:00 AM,13.5,1,0
03/31/21 06:00 AM,13.1,1,0
03/31/21 07:00 AM,13.4,1,16
03/31/21 08:00 AM,15.8,1,159
03/31/21 09:00 AM,18.4,0,360
03/31/21 10:00 AM,20.9,2,555
03/31/21 11:00 AM,23.2,1,710
03/31/21 12:00 PM,24.5,10,812
03/31/21 01:00 PM,25.4,14,852
03/31/21 02:00 PM,26.3,27,822
03/31/21 03:00 PM,25.0,29,676
03/31/21 04:00 PM,23.7,29,393
03/31/21 05:00 PM,21.7,29,286
03/31/21 06:00 PM,19.6,30,132
03/31/21 07:00 PM,17.4,30,26
03/31/21 08:00 PM,16.1,30,0
03/31/21 09:00 PM,16.6,27,0
03/31/21 10:00 PM,17.0,0,0
03/31/21 11:00 PM,15.9,16,0
04/01/21 12:00 AM,15.8,31,0
04/01/21 01:00 AM,15.2,38,0
04/01/21 02:00 AM,14.7,39,0
04/01/21 03:00 AM,14.7,74,0
04/01/21 04:00 AM,15.0,66,0
04/01/21 05:00 AM,14.2,100,0
04/01/21 06:00 AM,14.3,100,0
04/01/21 07:00 AM,14.4,100,8
04/01/21 08:00 AM,14.8,100,83
04/01/21 09:00 AM,15.3,100,152
04/01/21 10:00 AM,15.1,96,177
04/01/21 11:00 AM,16.3,40,313
04/01/21 12:00 PM,17.4,60,658
04/01/21 01:00 PM,17.9,45,502
04/01/21 02:00 PM,18.2,47,645
04/01/21 03:00 PM,18.2,25,607
04/01/21 04:00 PM,17.7,17,489
04/01/21 05:00 PM,17.1,28,376
04/01/21 06:00 PM,16.3,31,189
04/01/21 07:00 PM,15.1,16,41
04/01/21 08:00 PM,14.0,14,0
04/01/21 09:00 PM,13.4,7,0
04/01/21 10:00 PM,12.9,5,0
04/01/21 11:00 PM,12.8,3,0
04/02/21 12:00 AM,13.1,11,0
04/02/21 01:00 AM,12.9,16,0
04/02/21 02:00 AM,12.5,7,0
04/02/21 03:00 AM,11.8,8,0
04/02/21 04:00 AM,12.0,19,0
04/02/21 05:00 AM,11.8,50,0
04/02/21 06:00 AM,11.4,90,0
04/02/21 07:00 AM,12.4,90,14
04/02/21 08:00 AM,13.2,86,99
04/02/21 09:00 AM,14.9,58,255
04/02/21 10:00 AM,16.4,71,401
04/02/21 11:00 AM,17.8,90,550
04/02/21 12:00 PM,18.7,91,531
04/02/21 01:00 PM,18.6,90,486
04/02/21 02:00 PM,18.7,79,473
04/02/21 03:00 PM,18.7,61,511
04/02/21 04:00 PM,18.1,46,511
04/02/21 05:00 PM,16.9,20,292
04/02/21 06:00 PM,16.3,6,208
04/02/21 07:00 PM,14.8,29,50
04/02/21 08:00 PM,13.9,56,0
04/02/21 09:00 PM,13.7,57,0
04/02/21 10:00 PM,13.4,60,0
04/02/21 11:00 PM,13.1,78,0
04/03/21 12:00 AM,12.9,19,0
04/03/21 01:00 AM,12.7,30,0
04/03/21 02:00 AM,12.5,41,0
04/03/21 03:00 AM,12.4,31,0
04/03/21 04:00 AM,12.0,32,0
04/03/21 05:00 AM,11.7,87,0
04/03/21 06:00 AM,11.7,90,0
04/03/21 07:00 AM,12.3,77,18
04/03/21 08:00 AM,13.7,49,137
04/03/21 09:00 AM,15.0,61,319
04/03/21 10:00 AM,16.7,90,459
04/03/21 11:00 AM,17.3,88,389
04/03/21 12:00 PM,17.6,90,475
04/03/21 01:00 PM,18.4,90,461
04/03/21 02:00 PM,18.4,88,337
04/03/21 03:00 PM,18.8,88,421
04/03/21 04:00 PM,18.1,10,301
04/03/21 05:00 PM,18.2,15,393
04/03/21 06:00 PM,17.1,11,205
04/03/21 07:00 PM,15.4,5,49
04/03/21 08:00 PM,14.4,3,0
04/03/21 09:00 PM,13.7,3,0
04/03/21 10:00 PM,13.2,4,0
04/03/21 11:00 PM,12.7,3,0
04/04/21 12:00 AM,12.3,2,0
04/04/21 01:00 AM,12.2,2,0
04/04/21 02:00 AM,11.9,1,0
04/04/21 03:00 AM,11.8,2,0
04/04/21 04:00 AM,11.7,2,0
04/04/21 05:00 AM,11.6,2,0
04/04/21 06:00 AM,11.5,7,0
04/04/21 07:00 AM,12.0,90,20
04/04/21 08:00 AM,13.9,73,148
04/04/21 09:00 AM,15.6,66,281
04/04/21 10:00 AM,17.3,25,486
04/04/21 11:00 AM,18.9,0,695
04/04/21 12:00 PM,19.2,4,821
04/04/21 01:00 PM,20.7,0,862
04/04/21 02:00 PM,21.1,0,847
04/04/21 03:00 PM,20.8,0,762
04/04/21 04:00 PM,20.3,1,623
04/04/21 05:00 PM,19.5,0,440
04/04/21 06:00 PM,17.9,2,240
04/04/21 07:00 PM,15.5,2,57
04/04/21 08:00 PM,14.1,2,0
04/04/21 09:00 PM,13.4,2,0
04/04/21 10:00 PM,12.9,1,0
04/04/21 11:00 PM,12.4,0,0
04/05/21 12:00 AM,11.8,0,0
04/05/21 01:00 AM,11.6,0,0
04/05/21 02:00 AM,10.9,1,0
04/05/21 03:00 AM,12.0,1,0
04/05/21 04:00 AM,12.0,1,0
04/05/21 05:00 AM,11.4,2,0
04/05/21 06:00 AM,10.2,90,0
04/05/21 07:00 AM,9.9,93,19
04/05/21 08:00 AM,11.9,100,118
04/05/21 09:00 AM,13.8,15,267
04/05/21 10:00 AM,16.3,23,553
04/05/21 11:00 AM,18.3,20,733
04/05/21 12:00 PM,18.8,21,830
04/05/21 01:00 PM,20.2,16,880
04/05/21 02:00 PM,21.1,20,855
04/05/21 03:00 PM,21.3,13,774
04/05/21 04:00 PM,20.8,0,633
04/05/21 05:00 PM,20.3,0,451
04/05/21 06:00 PM,19.3,0,248
04/05/21 07:00 PM,16.6,0,62
04/05/21 08:00 PM,15.5,0,0
04/05/21 09:00 PM,14.7,1,0
04/05/21 10:00 PM,13.9,1,0
04/05/21 11:00 PM,13.5,1,0
04/06/21 12:00 AM,12.4,0,0
04/06/21 01:00 AM,11.3,0,0
04/06/21 02:00 AM,10.8,2,0
04/06/21 03:00 AM,10.7,11,0
04/06/21 04:00 AM,11.2,29,0
04/06/21 05:00 AM,11.1,27,0
04/06/21 06:00 AM,10.5,27,0
04/06/21 07:00 AM,10.9,35,27
04/06/21 08:00 AM,13.1,33,176
04/06/21 09:00 AM,16.0,28,369
04/06/21 10:00 AM,18.8,29,533
04/06/21 11:00 AM,20.6,29,575
04/06/21 12:00 PM,22.6,29,658
04/06/21 01:00 PM,23.1,28,753
04/06/21 02:00 PM,23.4,17,756
04/06/21 03:00 PM,23.3,15,650
04/06/21 04:00 PM,23.2,14,605
04/06/21 05:00 PM,22.2,16,435
04/06/21 06:00 PM,20.5,19,235
04/06/21 07:00 PM,18.1,7,61
04/06/21 08:00 PM,16.6,22,0
04/06/21 09:00 PM,15.6,5,0
04/06/21 10:00 PM,14.5,5,0
04/06/21 11:00 PM,13.8,3,0
04/07/21 12:00 AM,13.1,0,0
04/07/21 01:00 AM,12.2,2,0
04/07/21 02:00 AM,11.2,4,0
04/07/21 03:00 AM,10.8,26,0
04/07/21 04:00 AM,10.7,37,0
04/07/21 05:00 AM,10.9,38,0
04/07/21 06:00 AM,11.3,42,0
04/07/21 07:00 AM,12.0,33,27
04/07/21 08:00 AM,13.4,31,136
04/07/21 09:00 AM,15.6,30,334
04/07/21 10:00 AM,17.9,29,525
04/07/21 11:00 AM,19.5,29,635
04/07/21 12:00 PM,20.3,24,739
04/07/21 01:00 PM,21.4,26,844
04/07/21 02:00 PM,21.8,27,807
04/07/21 03:00 PM,21.6,19,715
04/07/21 04:00 PM,21.1,22,613
04/07/21 05:00 PM,20.0,15,448
04/07/21 06:00 PM,18.2,10,244
04/07/21 07:00 PM,16.0,3,64
04/07/21 08:00 PM,14.4,14,0
04/07/21 09:00 PM,13.8,26,0
04/07/21 10:00 PM,13.6,17,0
04/07/21 11:00 PM,12.8,16,0
04/08/21 12:00 AM,12.3,17,0
04/08/21 01:00 AM,12.1,19,0
04/08/21 02:00 AM,11.1,98,0
04/08/21 03:00 AM,11.9,85,0
04/08/21 04:00 AM,10.9,94,0
04/08/21 05:00 AM,11.6,91,0
04/08/21 06:00 AM,11.3,91,0
04/08/21 07:00 AM,12.3,90,18
04/08/21 08:00 AM,14.3,39,106
04/08/21 09:00 AM,16.6,49,334
04/08/21 10:00 AM,17.5,34,475
04/08/21 11:00 AM,18.4,38,670
04/08/21 12:00 PM,18.9,32,777
04/08/21 01:00 PM,20.0,41,774
04/08/21 02:00 PM,20.4,55,687
04/08/21 03:00 PM,19.9,62,559
04/08/21 04:00 PM,19.5,64,461
04/08/21 05:00 PM,18.5,51,258
04/08/21 06:00 PM,17.6,56,137
04/08/21 07:00 PM,16.8,49,40
04/08/21 08:00 PM,15.9,73,0
04/08/21 09:00 PM,15.1,79,0
04/08/21 10:00 PM,14.7,94,0
04/08/21 11:00 PM,14.7,44,0
04/09/21 12:00 AM,14.7,100,0
04/09/21 01:00 AM,14.8,72,0
04/09/21 02:00 AM,14.3,99,0
04/09/21 03:00 AM,14.5,100,0
04/09/21 04:00 AM,14.6,100,0
04/09/21 05:00 AM,14.3,100,0
04/09/21 06:00 AM,14.3,90,0
04/09/21 07:00 AM,14.5,100,14
04/09/21 08:00 AM,15.0,100,86
04/09/21 09:00 AM,15.7,100,186
04/09/21 10:00 AM,16.4,100,323
04/09/21 11:00 AM,16.5,95,384
04/09/21 12:00 PM,15.5,100,609
04/09/21 01:00 PM,16.7,100,193
04/09/21 02:00 PM,17.2,57,277
04/09/21 03:00 PM,18.8,27,658
04/09/21 04:00 PM,18.2,20,576
04/09/21 05:00 PM,17.8,13,410
04/09/21 06:00 PM,17.0,16,236
04/09/21 07:00 PM,15.5,19,62
04/09/21 08:00 PM,14.6,24,0
04/09/21 09:00 PM,14.0,26,0
04/09/21 10:00 PM,14.1,29,0
04/09/21 11:00 PM,14.0,38,0
04/10/21 12:00 AM,14.7,54,0
04/10/21 01:00 AM,14.7,76,0
04/10/21 02:00 AM,14.9,75,0
04/10/21 03:00 AM,14.5,100,0
04/10/21 04:00 AM,14.1,100,0
04/10/21 05:00 AM,14.1,100,0
04/10/21 06:00 AM,13.7,100,0
04/10/21 07:00 AM,14.1,81,17
04/10/21 08:00 AM,15.0,48,126
04/10/21 09:00 AM,16.0,66,304
04/10/21 10:00 AM,16.2,45,428
04/10/21 11:00 AM,17.0,58,568
04/10/21 12:00 PM,16.2,100,644
04/10/21 01:00 PM,16.8,47,576
04/10/21 02:00 PM,17.4,47,694
04/10/21 03:00 PM,17.8,49,632
04/10/21 04:00 PM,17.3,58,462
04/10/21 05:00 PM,16.3,59,320
04/10/21 06:00 PM,15.8,67,161
04/10/21 07:00 PM,14.9,52,52
04/10/21 08:00 PM,14.4,74,0
04/10/21 09:00 PM,14.4,46,0
04/10/21 10:00 PM,14.0,44,0
04/10/21 11:00 PM,14.0,33,0
04/11/21 12:00 AM,13.8,41,0
04/11/21 01:00 AM,12.9,35,0
04/11/21 02:00 AM,12.9,34,0
04/11/21 03:00 AM,13.0,31,0
04/11/21 04:00 AM,12.9,16,0
04/11/21 05:00 AM,12.6,6,0
04/11/21 06:00 AM,12.3,12,0
04/11/21 07:00 AM,13.0,25,39
04/11/21 08:00 AM,14.5,21,196
04/11/21 09:00 AM,15.6,44,371
04/11/21 10:00 AM,16.6,44,492
04/11/21 11:00 AM,17.6,54,595
04/11/21 12:00 PM,18.5,64,654
04/11/21 01:00 PM,19.3,100,639
04/11/21 02:00 PM,19.6,73,482
04/11/21 03:00 PM,19.8,48,534
04/11/21 04:00 PM,19.2,26,522
04/11/21 05:00 PM,18.1,12,430
04/11/21 06:00 PM,16.6,5,258
04/11/21 07:00 PM,14.6,1,74
04/11/21 08:00 PM,13.4,0,0
04/11/21 09:00 PM,12.5,20,0
04/11/21 10:00 PM,12.0,23,0
04/11/21 11:00 PM,11.5,25,0
04/12/21 12:00 AM,11.6,2,0
04/12/21 01:00 AM,10.0,1,0
04/12/21 02:00 AM,11.0,4,0
04/12/21 03:00 AM,11.0,30,0
04/12/21 04:00 AM,9.7,100,0
04/12/21 05:00 AM,8.5,100,0
04/12/21 06:00 AM,8.7,100,0
04/12/21 07:00 AM,9.1,100,26
04/12/21 08:00 AM,10.4,100,128
04/12/21 09:00 AM,12.8,35,262
04/12/21 10:00 AM,14.9,58,387
04/12/21 11:00 AM,16.3,75,489
04/12/21 12:00 PM,16.9,55,645
04/12/21 01:00 PM,17.4,46,505
04/12/21 02:00 PM,18.8,52,709
04/12/21 03:00 PM,19.0,37,654
04/12/21 04:00 PM,18.7,36,542
04/12/21 05:00 PM,18.3,46,337
04/12/21 06:00 PM,17.3,88,169
04/12/21 07:00 PM,16.2,88,23
04/12/21 08:00 PM,15.2,83,0
04/12/21 09:00 PM,14.2,82,0
04/12/21 10:00 PM,14.0,70,0
04/12/21 11:00 PM,12.9,86,0
04/13/21 12:00 AM,13.2,53,0
04/13/21 01:00 AM,12.8,62,0
04/13/21 02:00 AM,12.6,55,0
04/13/21 03:00 AM,12.1,48,0
04/13/21 04:00 AM,12.0,47,0
04/13/21 05:00 AM,13.0,94,0
04/13/21 06:00 AM,13.6,100,0
04/13/21 07:00 AM,14.4,83,25
04/13/21 08:00 AM,15.2,100,128
04/13/21 09:00 AM,15.6,100,235
04/13/21 10:00 AM,16.0,100,249
04/13/21 11:00 AM,17.0,100,454
04/13/21 12:00 PM,17.3,68,451
04/13/21 01:00 PM,18.1,81,650
04/13/21 02:00 PM,18.5,100,577
04/13/21 03:00 PM,18.7,100,558
04/13/21 04:00 PM,18.5,99,373
04/13/21 05:00 PM,18.3,66,313
04/13/21 06:00 PM,17.8,40,202
04/13/21 07:00 PM,16.2,45,59
04/13/21 08:00 PM,15.2,43,0
04/13/21 09:00 PM,14.8,66,0
04/13/21 10:00 PM,14.4,92,0
04/13/21 11:00 PM,14.2,91,0
04/14/21 12:00 AM,14.2,64,0
04/14/21 01:00 AM,14.1,64,0
04/14/21 02:00 AM,14.6,100,0
04/14/21 03:00 AM,14.7,100,0
04/14/21 04:00 AM,14.4,67,0
04/14/21 05:00 AM,14.0,59,0
04/14/21 06:00 AM,13.7,100,0
04/14/21 07:00 AM,14.4,66,27
04/14/21 08:00 AM,15.3,100,109
04/14/21 09:00 AM,15.9,100,114
04/14/21 10:00 AM,16.4,100,129
04/14/21 11:00 AM,16.6,100,139
04/14/21 12:00 PM,18.1,100,80
04/14/21 01:00 PM,19.0,100,311
04/14/21 02:00 PM,19.2,100,262
04/14/21 03:00 PM,17.9,64,190
04/14/21 04:00 PM,16.4,100,202
04/14/21 05:00 PM,16.0,100,67
04/14/21 06:00 PM,15.9,100,65
04/14/21 07:00 PM,15.7,100,26
04/14/21 08:00 PM,15.5,100,0
04/14/21 09:00 PM,15.3,100,0
04/14/21 10:00 PM,15.0,100,0
04/14/21 11:00 PM,14.8,100,0
04/15/21 12:00 AM,14.9,97,0
04/15/21 01:00 AM,14.8,100,0
04/15/21 02:00 AM,14.6,100,0
04/15/21 03:00 AM,14.5,100,0
04/15/21 04:00 AM,14.4,94,0
04/15/21 05:00 AM,14.4,92,0
04/15/21 06:00 AM,14.1,100,0
04/15/21 07:00 AM,14.7,69,12
04/15/21 08:00 AM,15.5,34,89
04/15/21 09:00 AM,16.3,86,291
04/15/21 10:00 AM,16.8,100,340
04/15/21 11:00 AM,17.8,94,486
04/15/21 12:00 PM,18.5,100,546
04/15/21 01:00 PM,19.4,100,459
04/15/21 02:00 PM,19.3,100,599
04/15/21 03:00 PM,18.3,100,432
04/15/21 04:00 PM,19.2,85,434
04/15/21 05:00 PM,18.5,69,169
04/15/21 06:00 PM,18.3,61,168
04/15/21 07:00 PM,16.9,56,59
04/15/21 08:00 PM,15.8,49,1
04/15/21 09:00 PM,15.9,39,0
04/15/21 10:00 PM,15.5,16,0
04/15/21 11:00 PM,15.2,10,0
04/16/21 12:00 AM,14.8,16,0
04/16/21 01:00 AM,13.8,12,0
04/16/21 02:00 AM,13.0,12,0
04/16/21 03:00 AM,13.5,16,0
04/16/21 04:00 AM,13.7,17,0
04/16/21 05:00 AM,13.5,11,0
04/16/21 06:00 AM,12.9,14,0
04/16/21 07:00 AM,14.1,16,50
04/16/21 08:00 AM,15.9,17,206
04/16/21 09:00 AM,17.6,17,399
04/16/21 10:00 AM,19.1,32,570
04/16/21 11:00 AM,19.8,26,639
04/16/21 12:00 PM,20.1,89,745
04/16/21 01:00 PM,20.3,70,529
04/16/21 02:00 PM,20.9,36,599
04/16/21 03:00 PM,21.0,36,650
04/16/21 04:00 PM,21.1,25,519
04/16/21 05:00 PM,20.7,35,400
04/16/21 06:00 PM,19.5,24,230
04/16/21 07:00 PM,17.5,11,74
04/16/21 08:00 PM,15.5,18,1
04/16/21 09:00 PM,14.5,4,0
04/16/21 10:00 PM,14.0,2,0
04/16/21 11:00 PM,13.6,5,0
04/17/21 12:00 AM,13.1,18,0
04/17/21 01:00 AM,11.9,23,0
04/17/21 02:00 AM,11.2,27,0
04/17/21 03:00 AM,11.5,17,0
04/17/21 04:00 AM,11.1,0,0
04/17/21 05:00 AM,11.4,0,0
04/17/21 06:00 AM,11.8,2,0
04/17/21 07:00 AM,12.3,12,57
04/17/21 08:00 AM,14.1,4,231
04/17/21 09:00 AM,16.3,0,443
04/17/21 10:00 AM,18.1,13,634
04/17/21 11:00 AM,19.7,0,784
04/17/21 12:00 PM,20.8,3,885
04/17/21 01:00 PM,21.9,2,921
04/17/21 02:00 PM,22.3,1,889
04/17/21 03:00 PM,22.4,10,802
04/17/21 04:00 PM,21.8,10,661
04/17/21 05:00 PM,21.1,15,472
04/17/21 06:00 PM,20.0,24,275
04/17/21 07:00 PM,17.9,27,86
04/17/21 08:00 PM,16.4,26,1
04/17/21 09:00 PM,15.5,28,0
04/17/21 10:00 PM,14.9,29,0
04/17/21 11:00 PM,14.3,27,0
04/18/21 12:00 AM,13.9,29,0
04/18/21 01:00 AM,13.3,29,0
04/18/21 02:00 AM,12.8,28,0
04/18/21 03:00 AM,12.3,27,0
04/18/21 04:00 AM,11.9,27,0
04/18/21 05:00 AM,11.4,27,0
04/18/21 06:00 AM,11.0,28,0
04/18/21 07:00 AM,12.1,30,51
04/18/21 08:00 AM,14.0,26,194
04/18/21 09:00 AM,16.5,14,422
04/18/21 10:00 AM,18.4,9,622
04/18/21 11:00 AM,20.1,24,759
04/18/21 12:00 PM,21.7,10,839
04/18/21 01:00 PM,22.0,22,912
04/18/21 02:00 PM,22.2,3,881
04/18/21 03:00 PM,22.1,8,801
04/18/21 04:00 PM,21.6,12,654
04/18/21 05:00 PM,20.1,6,480
04/18/21 06:00 PM,17.7,28,279
04/18/21 07:00 PM,15.7,32,85
04/18/21 08:00 PM,14.6,30,1
04/18/21 09:00 PM,14.0,29,0
04/18/21 10:00 PM,13.6,32,0
04/18/21 11:00 PM,13.4,30,0
04/19/21 12:00 AM,13.7,58,0
04/19/21 01:00 AM,13.8,68,0
04/19/21 02:00 AM,13.4,52,0
04/19/21 03:00 AM,13.2,32,0
04/19/21 04:00 AM,13.7,35,0
04/19/21 05:00 AM,12.8,8,0
04/19/21 06:00 AM,11.7,10,0
04/19/21 07:00 AM,13.4,22,55
04/19/21 08:00 AM,15.3,42,217
04/19/21 09:00 AM,16.5,49,408
04/19/21 10:00 AM,17.7,47,568
04/19/21 11:00 AM,18.8,28,705
04/19/21 12:00 PM,20.4,25,787
04/19/21 01:00 PM,21.1,23,904
04/19/21 02:00 PM,20.8,1,837
04/19/21 03:00 PM,20.4,1,802
04/19/21 04:00 PM,19.8,0,658
04/19/21 05:00 PM,18.9,6,480
04/19/21 06:00 PM,18.0,34,279
04/19/21 07:00 PM,16.7,30,84
04/19/21 08:00 PM,15.4,16,1
04/19/21 09:00 PM,14.9,14,0
04/19/21 10:00 PM,14.4,14,0
04/19/21 11:00 PM,14.0,19,0
04/20/21 12:00 AM,13.8,6,0
04/20/21 01:00 AM,13.5,5,0
04/20/21 02:00 AM,13.2,4,0
04/20/21 03:00 AM,13.1,16,0
04/20/21 04:00 AM,13.1,32,0
04/20/21 05:00 AM,13.0,41,0
04/20/21 06:00 AM,12.9,50,0
04/20/21 07:00 AM,13.8,55,51
04/20/21 08:00 AM,15.2,53,195
04/20/21 09:00 AM,16.4,86,346
04/20/21 10:00 AM,17.4,87,320
04/20/21 11:00 AM,18.6,95,531
04/20/21 12:00 PM,18.2,86,671
04/20/21 01:00 PM,18.5,100,557
04/20/21 02:00 PM,18.7,100,499
04/20/21 03:00 PM,18.9,50,508
04/20/21 04:00 PM,18.9,22,524
04/20/21 05:00 PM,18.4,25,438
04/20/21 06:00 PM,17.2,6,273
04/20/21 07:00 PM,15.8,8,91
04/20/21 08:00 PM,14.8,12,2
04/20/21 09:00 PM,14.2,35,0
04/20/21 10:00 PM,13.5,39,0
04/20/21 11:00 PM,13.0,52,0
04/21/21 12:00 AM,13.2,49,0
04/21/21 01:00 AM,13.1,61,0
04/21/21 02:00 AM,13.1,97,0
04/21/21 03:00 AM,13.1,71,0
04/21/21 04:00 AM,13.3,81,0
04/21/21 05:00 AM,13.3,68,0
04/21/21 06:00 AM,12.6,56,0
04/21/21 07:00 AM,14.1,60,48
04/21/21 08:00 AM,14.9,96,101
04/21/21 09:00 AM,16.3,100,299
04/21/21 10:00 AM,16.6,100,302
04/21/21 11:00 AM,16.4,100,230
04/21/21 12:00 PM,16.6,100,191
04/21/21 01:00 PM,16.9,100,329
04/21/21 02:00 PM,16.5,100,207
04/21/21 03:00 PM,16.2,100,225
04/21/21 04:00 PM,15.7,100,147
04/21/21 05:00 PM,15.6,100,75
04/21/21 06:00 PM,15.3,100,62
04/21/21 07:00 PM,15.0,91,18
04/21/21 08:00 PM,15.1,17,2
04/21/21 09:00 PM,14.6,20,0
04/21/21 10:00 PM,14.2,20,0
04/21/21 11:00 PM,13.9,9,0
04/22/21 12:00 AM,13.9,32,0
04/22/21 01:00 AM,13.7,31,0
04/22/21 02:00 AM,13.5,27,0
04/22/21 03:00 AM,13.1,42,0
04/22/21 04:00 AM,13.1,44,0
04/22/21 05:00 AM,12.9,40,0
04/22/21 06:00 AM,12.5,14,0
04/22/21 07:00 AM,13.9,9,72
04/22/21 08:00 AM,15.4,12,255
04/22/21 09:00 AM,16.6,10,454
04/22/21 10:00 AM,17.9,32,628
04/22/21 11:00 AM,18.7,54,708
04/22/21 12:00 PM,19.8,100,816
04/22/21 01:00 PM,19.2,49,629
04/22/21 02:00 PM,19.2,85,781
04/22/21 03:00 PM,19.1,40,601
04/22/21 04:00 PM,19.0,29,548
04/22/21 05:00 PM,18.6,29,466
04/22/21 06:00 PM,17.8,29,204
04/22/21 07:00 PM,16.2,30,90
04/22/21 08:00 PM,14.9,30,2
04/22/21 09:00 PM,13.9,71,0
04/22/21 10:00 PM,14.4,86,0
04/22/21 11:00 PM,14.2,80,0
04/23/21 12:00 AM,14.5,52,0
04/23/21 01:00 AM,14.7,49,0
04/23/21 02:00 AM,14.5,79,0
04/23/21 03:00 AM,14.5,41,0
04/23/21 04:00 AM,14.0,58,0
04/23/21 05:00 AM,14.0,46,0
04/23/21 06:00 AM,14.2,75,0
04/23/21 07:00 AM,14.9,86,26
04/23/21 08:00 AM,14.9,40,52
04/23/21 09:00 AM,16.3,59,326
04/23/21 10:00 AM,17.5,20,336
04/23/21 11:00 AM,19.5,24,661
04/23/21 12:00 PM,19.0,38,748
04/23/21 01:00 PM,19.9,63,675
04/23/21 02:00 PM,19.4,64,504
04/23/21 03:00 PM,19.3,66,531
04/23/21 04:00 PM,18.4,100,360
04/23/21 05:00 PM,17.9,100,260
04/23/21 06:00 PM,17.2,100,100
04/23/21 07:00 PM,16.6,100,24
04/23/21 08:00 PM,16.0,100,1
04/23/21 09:00 PM,15.6,58,0
04/23/21 10:00 PM,15.7,60,0
04/23/21 11:00 PM,15.7,100,0
04/24/21 12:00 AM,16.1,54,0
04/24/21 01:00 AM,16.1,34,0
04/24/21 02:00 AM,15.7,36,0
04/24/21 03:00 AM,15.3,33,0
04/24/21 04:00 AM,15.4,34,0
04/24/21 05:00 AM,15.5,29,0
04/24/21 06:00 AM,15.3,35,1
04/24/21 07:00 AM,15.6,55,56
04/24/21 08:00 AM,16.3,57,191
04/24/21 09:00 AM,17.4,68,321
04/24/21 10:00 AM,17.3,56,474
04/24/21 11:00 AM,18.9,48,576
04/24/21 12:00 PM,19.4,46,682
04/24/21 01:00 PM,18.8,56,563
04/24/21 02:00 PM,18.3,66,415
04/24/21 03:00 PM,18.7,42,549
04/24/21 04:00 PM,18.1,33,370
04/24/21 05:00 PM,17.7,31,316
04/24/21 06:00 PM,17.4,47,195
04/24/21 07:00 PM,16.8,48,83
04/24/21 08:00 PM,16.3,28,3
04/24/21 09:00 PM,16.3,16,0
04/24/21 10:00 PM,16.0,14,0
04/24/21 11:00 PM,15.4,30,0
04/25/21 12:00 AM,15.0,57,0
04/25/21 01:00 AM,15.1,20,0
04/25/21 02:00 AM,14.4,46,0
04/25/21 03:00 AM,14.3,44,0
04/25/21 04:00 AM,13.9,100,0
04/25/21 05:00 AM,14.3,71,0
04/25/21 06:00 AM,14.0,100,1
04/25/21 07:00 AM,14.5,58,40
04/25/21 08:00 AM,15.6,61,182
04/25/21 09:00 AM,16.6,100,314
04/25/21 10:00 AM,16.1,100,370
04/25/21 11:00 AM,17.1,32,517
04/25/21 12:00 PM,17.3,54,770
04/25/21 01:00 PM,18.2,64,620
04/25/21 02:00 PM,19.0,17,663
04/25/21 03:00 PM,19.1,15,732
04/25/21 04:00 PM,18.5,14,576
04/25/21 05:00 PM,18.0,13,450
04/25/21 06:00 PM,17.3,15,265
04/25/21 07:00 PM,16.2,24,93
04/25/21 08:00 PM,15.6,25,3
04/25/21 09:00 PM,15.1,38,0
04/25/21 10:00 PM,15.0,17,0
04/25/21 11:00 PM,14.6,20,0
04/26/21 12:00 AM,14.5,35,0
04/26/21 01:00 AM,14.3,28,0
04/26/21 02:00 AM,14.2,34,0
04/26/21 03:00 AM,13.9,30,0
04/26/21 04:00 AM,13.5,38,0
04/26/21 05:00 AM,13.3,57,0
04/26/21 06:00 AM,13.3,85,1
04/26/21 07:00 AM,14.0,100,50
04/26/21 08:00 AM,15.4,65,182
04/26/21 09:00 AM,16.5,67,292
04/26/21 10:00 AM,17.7,73,501
04/26/21 11:00 AM,18.3,67,606
04/26/21 12:00 PM,17.2,66,734
04/26/21 01:00 PM,17.2,62,255
04/26/21 02:00 PM,18.2,100,463
04/26/21 03:00 PM,17.5,95,384
04/26/21 04:00 PM,16.7,66,283
04/26/21 05:00 PM,16.6,62,176
04/26/21 06:00 PM,16.6,57,163
04/26/21 07:00 PM,15.7,100,64
04/26/21 08:00 PM,15.2,100,2
04/26/21 09:00 PM,14.9,75,0
04/26/21 10:00 PM,14.3,50,0
04/26/21 11:00 PM,13.1,43,0
04/27/21 12:00 AM,14.1,66,0
04/27/21 01:00 AM,14.2,64,0
04/27/21 02:00 AM,14.2,74,0
04/27/21 03:00 AM,14.3,78,0
04/27/21 04:00 AM,14.0,63,0
04/27/21 05:00 AM,13.9,72,0
04/27/21 06:00 AM,14.1,88,1
04/27/21 07:00 AM,14.9,86,46
04/27/21 08:00 AM,15.9,69,179
04/27/21 09:00 AM,17.0,50,369
04/27/21 10:00 AM,18.1,39,560
04/27/21 11:00 AM,18.9,50,666
04/27/21 12:00 PM,19.7,83,718
04/27/21 01:00 PM,19.3,100,684
04/27/21 02:00 PM,18.6,35,347
04/27/21 03:00 PM,19.6,28,609
04/27/21 04:00 PM,19.3,40,609
04/27/21 05:00 PM,18.3,28,392
04/27/21 06:00 PM,17.4,29,247
04/27/21 07:00 PM,16.2,9,88
04/27/21 08:00 PM,14.8,4,4
04/27/21 09:00 PM,14.0,9,0
04/27/21 10:00 PM,13.5,14,0
04/27/21 11:00 PM,13.2,18,0
04/28/21 12:00 AM,13.1,43,0
04/28/21 01:00 AM,13.4,56,0
04/28/21 02:00 AM,13.6,49,0
04/28/21 03:00 AM,13.5,43,0
04/28/21 04:00 AM,13.3,51,0
04/28/21 05:00 AM,13.4,54,0
04/28/21 06:00 AM,13.4,61,1
04/28/21 07:00 AM,14.2,46,57
04/28/21 08:00 AM,15.2,44,184
04/28/21 09:00 AM,16.1,100,316
04/28/21 10:00 AM,16.7,100,369
04/28/21 11:00 AM,15.7,49,285
04/28/21 12:00 PM,16.9,59,633
04/28/21 01:00 PM,18.0,46,621
04/28/21 02:00 PM,18.1,87,711
04/28/21 03:00 PM,17.8,49,555
04/28/21 04:00 PM,17.1,63,445
04/28/21 05:00 PM,16.1,58,298
04/28/21 06:00 PM,15.5,7,201
04/28/21 07:00 PM,14.4,26,101
04/28/21 08:00 PM,13.5,8,5
04/28/21 09:00 PM,13.1,11,0
04/28/21 10:00 PM,12.7,2,0
04/28/21 11:00 PM,12.1,11,0
04/29/21 12:00 AM,12.2,42,0
04/29/21 01:00 AM,12.5,36,0
04/29/21 02:00 AM,11.9,37,0
04/29/21 03:00 AM,11.8,46,0
04/29/21 04:00 AM,11.7,44,0
04/29/21 05:00 AM,11.5,36,0
04/29/21 06:00 AM,11.3,40,2
04/29/21 07:00 AM,12.8,33,77
04/29/21 08:00 AM,14.0,42,234
04/29/21 09:00 AM,14.9,50,366
04/29/21 10:00 AM,15.8,52,492
04/29/21 11:00 AM,16.7,68,635
04/29/21 12:00 PM,15.4,38,495
04/29/21 01:00 PM,16.5,52,558
04/29/21 02:00 PM,17.3,100,661
04/29/21 03:00 PM,16.7,100,332
04/29/21 04:00 PM,17.0,100,361
04/29/21 05:00 PM,16.5,70,306
04/29/21 06:00 PM,15.5,83,215
04/29/21 07:00 PM,14.4,33,84
04/29/21 08:00 PM,13.2,36,5
04/29/21 09:00 PM,12.7,33,0
04/29/21 10:00 PM,12.2,32,0
04/29/21 11:00 PM,11.9,38,0
04/30/21 12:00 AM,11.3,48,0
04/30/21 01:00 AM,10.5,31,0
04/30/21 02:00 AM,10.0,44,0
04/30/21 03:00 AM,9.6,59,0
04/30/21 04:00 AM,9.2,72,0
04/30/21 05:00 AM,9.1,63,0
04/30/21 06:00 AM,9.5,63,3
04/30/21 07:00 AM,12.3,63,78
04/30/21 08:00 AM,14.0,87,248
04/30/21 09:00 AM,14.8,96,338
04/30/21 10:00 AM,15.9,100,542
04/30/21 11:00 AM,16.3,100,513
04/30/21 12:00 PM,16.7,50,605
04/30/21 01:00 PM,17.2,40,673
04/30/21 02:00 PM,17.7,28,686
04/30/21 03:00 PM,17.8,36,710
04/30/21 04:00 PM,16.9,19,538
04/30/21 05:00 PM,16.1,59,492
04/30/21 06:00 PM,14.9,2,282
04/30/21 07:00 PM,13.7,8,115
04/30/21 08:00 PM,12.7,7,6
04/30/21 09:00 PM,12.1,4,0
04/30/21 10:00 PM,11.6,5,0
04/30/21 11:00 PM,11.3,11,0
05/01/21 12:00 AM,11.3,15,0
05/01/21 01:00 AM,11.3,10,0
05/01/21 02:00 AM,11.2,8,0
05/01/21 03:00 AM,10.9,12,0
05/01/21 04:00 AM,10.8,19,0
05/01/21 05:00 AM,10.9,26,0
05/01/21 06:00 AM,11.0,19,3
05/01/21 07:00 AM,12.4,15,89
05/01/21 08:00 AM,13.6,18,268
05/01/21 09:00 AM,14.5,64,477
05/01/21 10:00 AM,15.4,73,556
05/01/21 11:00 AM,16.1,100,602
05/01/21 12:00 PM,16.9,100,586
05/01/21 01:00 PM,17.2,100,585
05/01/21 02:00 PM,17.0,78,496
05/01/21 03:00 PM,16.8,64,502
05/01/21 04:00 PM,16.8,72,606
05/01/21 05:00 PM,15.7,40,487
05/01/21 06:00 PM,14.7,2,289
05/01/21 07:00 PM,13.5,1,119
05/01/21 08:00 PM,12.4,0,7
05/01/21 09:00 PM,11.8,1,0
05/01/21 10:00 PM,11.1,0,0
05/01/21 11:00 PM,10.1,1,0
05/02/21 12:00 AM,9.9,1,0
05/02/21 01:00 AM,9.6,1,0
05/02/21 02:00 AM,9.0,3,0
05/02/21 03:00 AM,8.2,15,0
05/02/21 04:00 AM,8.3,32,0
05/02/21 05:00 AM,10.4,42,0
05/02/21 06:00 AM,10.3,38,3
05/02/21 07:00 AM,11.1,4,96
05/02/21 08:00 AM,13.1,20,289
05/02/21 09:00 AM,14.5,35,491
05/02/21 10:00 AM,15.5,60,632
05/02/21 11:00 AM,16.4,41,700
05/02/21 12:00 PM,17.6,32,814
05/02/21 01:00 PM,18.3,32,922
05/02/21 02:00 PM,18.9,26,885
05/02/21 03:00 PM,19.2,40,810
05/02/21 04:00 PM,18.8,44,644
05/02/21 05:00 PM,17.2,29,435
05/02/21 06:00 PM,15.8,24,275
05/02/21 07:00 PM,14.5,20,113
05/02/21 08:00 PM,13.2,23,7
05/02/21 09:00 PM,12.8,22,0
05/02/21 10:00 PM,12.3,25,0
05/02/21 11:00 PM,11.9,26,0
05/03/21 12:00 AM,11.9,19,0
05/03/21 01:00 AM,11.5,4,0
05/03/21 02:00 AM,11.0,0,0
05/03/21 03:00 AM,10.7,0,0
05/03/21 04:00 AM,10.5,0,0
05/03/21 05:00 AM,10.3,0,0
05/03/21 06:00 AM,10.4,0,4
05/03/21 07:00 AM,12.1,0,108
05/03/21 08:00 AM,13.8,0,302
05/03/21 09:00 AM,15.7,0,507
05/03/21 10:00 AM,17.5,0,691
05/03/21 11:00 AM,19.1,0,835
05/03/21 12:00 PM,20.7,0,927
05/03/21 01:00 PM,21.6,35,957
05/03/21 02:00 PM,21.9,52,847
05/03/21 03:00 PM,22.2,60,775
05/03/21 04:00 PM,21.7,28,471
05/03/21 05:00 PM,22.4,10,479
05/03/21 06:00 PM,19.5,10,295
05/03/21 07:00 PM,18.2,3,111
05/03/21 08:00 PM,16.5,2,7
05/03/21 09:00 PM,15.4,2,0
05/03/21 10:00 PM,14.6,3,0
05/03/21 11:00 PM,13.9,3,0
05/04/21 12:00 AM,13.7,0,0
05/04/21 01:00 AM,13.2,0,0
05/04/21 02:00 AM,12.8,1,0
05/04/21 03:00 AM,12.5,1,0
05/04/21 04:00 AM,12.2,8,0
05/04/21 05:00 AM,11.9,15,0
05/04/21 06:00 AM,12.0,23,4
05/04/21 07:00 AM,13.3,25,86
05/04/21 08:00 AM,14.9,22,246
05/04/21 09:00 AM,16.8,22,431
05/04/21 10:00 AM,18.7,22,592
05/04/21 11:00 AM,20.4,18,731
05/04/21 12:00 PM,21.9,3,854
05/04/21 01:00 PM,22.9,0,941
05/04/21 02:00 PM,23.2,0,920
05/04/21 03:00 PM,23.0,0,835
05/04/21 04:00 PM,22.3,0,697
05/04/21 05:00 PM,20.5,0,520
05/04/21 06:00 PM,18.3,0,320
05/04/21 07:00 PM,16.3,0,126
05/04/21 08:00 PM,14.7,2,8
05/04/21 09:00 PM,13.7,4,0
05/04/21 10:00 PM,13.2,4,0
05/04/21 11:00 PM,12.7,2,0
05/05/21 12:00 AM,12.8,1,0
05/05/21 01:00 AM,12.5,1,0
05/05/21 02:00 AM,12.4,1,0
05/05/21 03:00 AM,12.4,1,0
05/05/21 04:00 AM,12.4,0,0
05/05/21 05:00 AM,12.4,0,0
05/05/21 06:00 AM,12.5,0,5
05/05/21 07:00 AM,14.0,0,112
05/05/21 08:00 AM,15.3,0,305
05/05/21 09:00 AM,16.9,0,505
05/05/21 10:00 AM,18.4,1,688
05/05/21 11:00 AM,19.9,0,830
05/05/21 12:00 PM,21.8,0,920
05/05/21 01:00 PM,22.8,0,958
05/05/21 02:00 PM,23.4,0,928
05/05/21 03:00 PM,22.9,0,840
05/05/21 04:00 PM,21.7,0,695
05/05/21 05:00 PM,20.8,0,517
05/05/21 06:00 PM,19.0,0,319
05/05/21 07:00 PM,17.3,0,126
05/05/21 08:00 PM,15.9,1,9
05/05/21 09:00 PM,15.0,1,0
05/05/21 10:00 PM,14.5,2,0
05/05/21 11:00 PM,14.0,2,0
05/06/21 12:00 AM,14.0,2,0
05/06/21 01:00 AM,13.8,3,0
05/06/21 02:00 AM,13.6,4,0
05/06/21 03:00 AM,13.4,4,0
05/06/21 04:00 AM,13.3,5,0
05/06/21 05:00 AM,13.1,5,0
05/06/21 06:00 AM,13.1,1,6
05/06/21 07:00 AM,14.6,1,116
05/06/21 08:00 AM,16.3,19,308
05/06/21 09:00 AM,17.9,10,490
05/06/21 10:00 AM,19.4,6,675
05/06/21 11:00 AM,20.8,7,826
05/06/21 12:00 PM,21.5,0,924
05/06/21 01:00 PM,22.4,0,960
05/06/21 02:00 PM,23.3,0,933
05/06/21 03:00 PM,23.7,0,846
05/06/21 04:00 PM,22.6,0,706
05/06/21 05:00 PM,20.9,0,524
05/06/21 06:00 PM,19.4,0,326
05/06/21 07:00 PM,17.5,0,131
05/06/21 08:00 PM,16.1,0,10
05/06/21 09:00 PM,15.2,0,0
05/06/21 10:00 PM,14.6,0,0
05/06/21 11:00 PM,14.1,1,0
05/07/21 12:00 AM,13.9,1,0
05/07/21 01:00 AM,13.7,2,0
05/07/21 02:00 AM,13.4,5,0
05/07/21 03:00 AM,13.3,5,0
05/07/21 04:00 AM,13.1,14,0
05/07/21 05:00 AM,13.0,21,0
05/07/21 06:00 AM,13.1,31,6
05/07/21 07:00 AM,14.5,90,100
05/07/21 08:00 AM,15.6,90,212
05/07/21 09:00 AM,17.0,55,354
05/07/21 10:00 AM,18.9,28,634
05/07/21 11:00 AM,20.6,7,826
05/07/21 12:00 PM,22.0,6,924
05/07/21 01:00 PM,22.7,26,958
05/07/21 02:00 PM,23.5,30,925
05/07/21 03:00 PM,24.0,27,827
05/07/21 04:00 PM,24.4,26,687
05/07/21 05:00 PM,24.1,30,518
05/07/21 06:00 PM,22.0,30,292
05/07/21 07:00 PM,19.6,30,100
05/07/21 08:00 PM,18.2,30,8
05/07/21 09:00 PM,17.1,30,0
05/07/21 10:00 PM,15.9,30,0
05/07/21 11:00 PM,15.1,29,0
05/08/21 12:00 AM,14.7,30,0
05/08/21 01:00 AM,14.2,32,0
05/08/21 02:00 AM,14.0,37,0
05/08/21 03:00 AM,13.8,51,0
05/08/21 04:00 AM,13.4,59,0
05/08/21 05:00 AM,13.2,99,0
05/08/21 06:00 AM,13.4,98,6
05/08/21 07:00 AM,14.3,100,84
05/08/21 08:00 AM,15.6,47,226
05/08/21 09:00 AM,17.5,30,442
05/08/21 10:00 AM,19.1,22,596
05/08/21 11:00 AM,20.8,9,810
05/08/21 12:00 PM,22.0,5,915
05/08/21 01:00 PM,22.2,0,954
05/08/21 02:00 PM,21.6,0,929
05/08/21 03:00 PM,21.0,0,843
05/08/21 04:00 PM,20.5,0,708
05/08/21 05:00 PM,19.6,2,531
05/08/21 06:00 PM,18.3,0,329
05/08/21 07:00 PM,16.8,4,135
05/08/21 08:00 PM,15.5,3,11
05/08/21 09:00 PM,14.7,3,0
05/08/21 10:00 PM,14.8,11,0
05/08/21 11:00 PM,15.0,24,0
05/09/21 12:00 AM,15.6,52,0
05/09/21 01:00 AM,16.0,37,0
05/09/21 02:00 AM,15.7,69,0
05/09/21 03:00 AM,15.9,94,0
05/09/21 04:00 AM,15.1,100,0
05/09/21 05:00 AM,15.2,93,0
05/09/21 06:00 AM,15.4,100,1
05/09/21 07:00 AM,14.9,100,30
05/09/21 08:00 AM,14.4,27,75
05/09/21 09:00 AM,15.8,82,363
05/09/21 10:00 AM,15.3,48,237
05/09/21 11:00 AM,16.5,40,470
05/09/21 12:00 PM,16.8,44,676
05/09/21 01:00 PM,17.0,44,682
05/09/21 02:00 PM,17.7,55,690
05/09/21 03:00 PM,17.6,39,621
05/09/21 04:00 PM,17.7,20,533
05/09/21 05:00 PM,17.5,15,478
05/09/21 06:00 PM,16.5,16,304
05/09/21 07:00 PM,15.6,23,122
05/09/21 08:00 PM,14.6,17,10
05/09/21 09:00 PM,13.8,13,0
05/09/21 10:00 PM,13.1,12,0
05/09/21 11:00 PM,12.6,14,0
05/10/21 12:00 AM,12.6,13,0
05/10/21 01:00 AM,12.5,22,0
05/10/21 02:00 AM,12.5,34,0
05/10/21 03:00 AM,12.8,36,0
05/10/21 04:00 AM,12.7,31,0
05/10/21 05:00 AM,12.6,49,0
05/10/21 06:00 AM,13.1,66,6
05/10/21 07:00 AM,13.7,56,55
05/10/21 08:00 AM,13.3,45,182
05/10/21 09:00 AM,14.7,32,349
05/10/21 10:00 AM,15.0,32,536
05/10/21 11:00 AM,15.4,64,673
05/10/21 12:00 PM,14.9,52,769
05/10/21 01:00 PM,16.6,20,719
05/10/21 02:00 PM,17.1,16,826
05/10/21 03:00 PM,16.7,19,768
05/10/21 04:00 PM,16.5,14,632
05/10/21 05:00 PM,15.9,19,482
05/10/21 06:00 PM,15.2,19,304
05/10/21 07:00 PM,14.1,17,126
05/10/21 08:00 PM,13.3,17,11
05/10/21 09:00 PM,12.9,14,0
05/10/21 10:00 PM,12.3,17,0
05/10/21 11:00 PM,11.8,16,0
05/11/21 12:00 AM,12.2,17,0
05/11/21 01:00 AM,12.1,18,0
05/11/21 02:00 AM,11.7,12,0
05/11/21 03:00 AM,11.3,22,0
05/11/21 04:00 AM,11.2,20,0
05/11/21 05:00 AM,10.4,14,0
05/11/21 06:00 AM,11.0,4,9
05/11/21 07:00 AM,13.7,11,126
05/11/21 08:00 AM,15.5,26,304
05/11/21 09:00 AM,16.5,100,479
05/11/21 10:00 AM,16.3,100,287
05/11/21 11:00 AM,17.3,98,499
05/11/21 12:00 PM,17.3,100,525
05/11/21 01:00 PM,16.8,100,457
05/11/21 02:00 PM,17.4,30,622
05/11/21 03:00 PM,17.8,77,765
05/11/21 04:00 PM,16.9,13,447
05/11/21 05:00 PM,16.9,14,522
05/11/21 06:00 PM,16.3,61,317
05/11/21 07:00 PM,15.5,20,119
05/11/21 08:00 PM,14.2,81,12
05/11/21 09:00 PM,14.5,71,0
05/11/21 10:00 PM,14.5,32,0
05/11/21 11:00 PM,14.3,5,0
05/12/21 12:00 AM,14.7,27,0
05/12/21 01:00 AM,14.9,32,0
05/12/21 02:00 AM,15.4,100,0
05/12/21 03:00 AM,15.8,100,0
05/12/21 04:00 AM,15.6,100,0
05/12/21 05:00 AM,15.7,100,0
05/12/21 06:00 AM,15.9,77,2
05/12/21 07:00 AM,16.3,32,79
05/12/21 08:00 AM,16.7,25,287
05/12/21 09:00 AM,17.6,69,475
05/12/21 10:00 AM,18.6,81,590
05/12/21 11:00 AM,19.5,61,693
05/12/21 12:00 PM,20.1,90,703
05/12/21 01:00 PM,20.0,86,567
05/12/21 02:00 PM,20.1,90,628
05/12/21 03:00 PM,19.8,89,509
05/12/21 04:00 PM,19.9,66,549
05/12/21 05:00 PM,19.1,7,467
05/12/21 06:00 PM,17.8,1,312
05/12/21 07:00 PM,16.5,0,138
05/12/21 08:00 PM,15.1,4,14
05/12/21 09:00 PM,14.3,7,0
05/12/21 10:00 PM,13.7,1,0
05/12/21 11:00 PM,12.8,0,0
05/13/21 12:00 AM,12.4,1,0
05/13/21 01:00 AM,12.5,3,0
05/13/21 02:00 AM,12.4,2,0
05/13/21 03:00 AM,12.2,1,0
05/13/21 04:00 AM,12.7,0,0
05/13/21 05:00 AM,12.4,3,0
05/13/21 06:00 AM,12.7,8,10
05/13/21 07:00 AM,15.0,13,123
05/13/21 08:00 AM,16.8,41,297
05/13/21 09:00 AM,17.9,34,438
05/13/21 10:00 AM,19.5,73,619
05/13/21 11:00 AM,20.1,86,695
05/13/21 12:00 PM,18.7,99,718
05/13/21 01:00 PM,19.2,100,522
05/13/21 02:00 PM,18.2,95,207
05/13/21 03:00 PM,18.6,62,278
05/13/21 04:00 PM,19.6,52,438
05/13/21 05:00 PM,19.3,56,347
05/13/21 06:00 PM,18.8,8,211
05/13/21 07:00 PM,17.6,22,133
05/13/21 08:00 PM,16.3,13,13
05/13/21 09:00 PM,15.4,12,0
05/13/21 10:00 PM,14.5,5,0
05/13/21 11:00 PM,13.8,4,0
05/14/21 12:00 AM,13.9,11,0
05/14/21 01:00 AM,13.8,6,0
05/14/21 02:00 AM,13.4,14,0
05/14/21 03:00 AM,13.1,14,0
05/14/21 04:00 AM,12.9,11,0
05/14/21 05:00 AM,12.9,14,0
05/14/21 06:00 AM,13.2,16,11
05/14/21 07:00 AM,14.8,26,120
05/14/21 08:00 AM,16.2,37,284
05/14/21 09:00 AM,17.3,68,435
05/14/21 10:00 AM,18.4,100,525
05/14/21 11:00 AM,19.9,59,653
05/14/21 12:00 PM,20.9,6,869
05/14/21 01:00 PM,21.8,0,949
05/14/21 02:00 PM,22.3,25,920
05/14/21 03:00 PM,22.6,29,834
05/14/21 04:00 PM,22.2,30,680
05/14/21 05:00 PM,21.0,29,468
05/14/21 06:00 PM,19.3,26,266
05/14/21 07:00 PM,17.8,9,121
05/14/21 08:00 PM,16.3,4,15
05/14/21 09:00 PM,15.4,24,0
05/14/21 10:00 PM,14.6,29,0
05/14/21 11:00 PM,14.0,29,0
05/15/21 12:00 AM,13.8,29,0
05/15/21 01:00 AM,13.6,28,0
05/15/21 02:00 AM,13.5,35,0
05/15/21 03:00 AM,13.4,15,0
05/15/21 04:00 AM,12.8,20,0
05/15/21 05:00 AM,12.0,47,0
05/15/21 06:00 AM,13.5,100,10
05/15/21 07:00 AM,15.3,80,80
05/15/21 08:00 AM,16.7,100,200
05/15/21 09:00 AM,18.0,80,419
05/15/21 10:00 AM,19.7,65,644
05/15/21 11:00 AM,21.3,47,789
05/15/21 12:00 PM,22.2,84,792
05/15/21 01:00 PM,23.4,88,824
05/15/21 02:00 PM,23.7,26,725
05/15/21 03:00 PM,23.8,25,819
05/15/21 04:00 PM,23.1,12,689
05/15/21 05:00 PM,22.3,7,526
05/15/21 06:00 PM,21.0,0,334
05/15/21 07:00 PM,19.7,3,144
05/15/21 08:00 PM,18.0,3,16
05/15/21 09:00 PM,16.9,6,0
05/15/21 10:00 PM,16.2,11,0
05/15/21 11:00 PM,15.7,38,0
05/16/21 12:00 AM,16.1,80,0
05/16/21 01:00 AM,16.4,76,0
05/16/21 02:00 AM,16.3,90,0
05/16/21 03:00 AM,16.5,90,0
05/16/21 04:00 AM,16.3,90,0
05/16/21 05:00 AM,16.3,84,0
05/16/21 06:00 AM,16.3,86,8
05/16/21 07:00 AM,17.1,90,81
05/16/21 08:00 AM,18.0,90,157
05/16/21 09:00 AM,19.0,91,268
05/16/21 10:00 AM,20.5,100,449
05/16/21 11:00 AM,22.4,100,634
05/16/21 12:00 PM,21.5,100,643
05/16/21 01:00 PM,21.6,79,460
05/16/21 02:00 PM,21.6,90,594
05/16/21 03:00 PM,21.2,96,389
05/16/21 04:00 PM,21.4,100,424
05/16/21 05:00 PM,21.2,76,320
05/16/21 06:00 PM,20.6,76,275
05/16/21 07:00 PM,19.6,8,119
05/16/21 08:00 PM,18.0,6,16
05/16/21 09:00 PM,17.3,15,0
05/16/21 10:00 PM,16.2,21,0
05/16/21 11:00 PM,15.5,17,0
05/17/21 12:00 AM,15.2,8,0
05/17/21 01:00 AM,14.4,6,0
05/17/21 02:00 AM,14.0,21,0
05/17/21 03:00 AM,13.9,14,0
05/17/21 04:00 AM,13.5,20,0
05/17/21 05:00 AM,13.2,19,0
05/17/21 06:00 AM,13.2,25,13
05/17/21 07:00 AM,14.7,29,132
05/17/21 08:00 AM,16.1,30,306
05/17/21 09:00 AM,17.5,29,463
05/17/21 10:00 AM,18.9,26,606
05/17/21 11:00 AM,20.7,20,795
05/17/21 12:00 PM,22.4,31,903
05/17/21 01:00 PM,23.3,28,874
05/17/21 02:00 PM,24.0,27,882
05/17/21 03:00 PM,24.3,29,814
05/17/21 04:00 PM,24.1,29,663
05/17/21 05:00 PM,23.0,25,457
05/17/21 06:00 PM,21.1,12,327
05/17/21 07:00 PM,18.9,13,148
05/17/21 08:00 PM,17.2,1,18
05/17/21 09:00 PM,16.1,0,0
05/17/21 10:00 PM,15.2,4,0
05/17/21 11:00 PM,14.4,13,0
05/18/21 12:00 AM,14.3,17,0
05/18/21 01:00 AM,13.9,8,0
05/18/21 02:00 AM,13.4,24,0
05/18/21 03:00 AM,13.8,26,0
05/18/21 04:00 AM,13.8,16,0
05/18/21 05:00 AM,13.8,16,0
05/18/21 06:00 AM,14.5,89,13
05/18/21 07:00 AM,16.5,82,107
05/18/21 08:00 AM,18.1,91,226
05/18/21 09:00 AM,19.5,78,267
05/18/21 10:00 AM,21.3,43,510
05/18/21 11:00 AM,22.8,71,781
05/18/21 12:00 PM,23.2,97,812
05/18/21 01:00 PM,24.0,91,783
05/18/21 02:00 PM,24.3,100,814
05/18/21 03:00 PM,22.9,100,533
05/18/21 04:00 PM,21.6,90,302
05/18/21 05:00 PM,21.2,18,381
05/18/21 06:00 PM,20.6,15,330
05/18/21 07:00 PM,18.6,23,149
05/18/21 08:00 PM,16.6,22,18
05/18/21 09:00 PM,15.4,22,0
05/18/21 10:00 PM,14.5,30,0
05/18/21 11:00 PM,14.0,5,0
05/19/21 12:00 AM,13.9,2,0
05/19/21 01:00 AM,13.5,2,0
05/19/21 02:00 AM,13.2,22,0
05/19/21 03:00 AM,13.1,25,0
05/19/21 04:00 AM,13.2,25,0
05/19/21 05:00 AM,12.9,24,0
05/19/21 06:00 AM,13.0,20,15
05/19/21 07:00 AM,14.4,6,143
05/19/21 08:00 AM,16.1,26,337
05/19/21 09:00 AM,18.2,27,533
05/19/21 10:00 AM,20.2,25,707
05/19/21 11:00 AM,22.2,24,847
05/19/21 12:00 PM,23.6,26,938
05/19/21 01:00 PM,24.6,19,964
05/19/21 02:00 PM,25.4,15,940
05/19/21 03:00 PM,25.6,21,851
05/19/21 04:00 PM,24.9,20,707
05/19/21 05:00 PM,23.2,15,523
05/19/21 06:00 PM,21.3,9,337
05/19/21 07:00 PM,19.5,10,154
05/19/21 08:00 PM,17.8,9,20
05/19/21 09:00 PM,16.6,17,0
05/19/21 10:00 PM,15.9,16,0
05/19/21 11:00 PM,15.3,13,0
05/20/21 12:00 AM,15.2,17,0
05/20/21 01:00 AM,14.8,16,0
05/20/21 02:00 AM,14.6,0,0
05/20/21 03:00 AM,14.3,6,0
05/20/21 04:00 AM,14.2,6,0
05/20/21 05:00 AM,14.0,14,0
05/20/21 06:00 AM,14.1,0,16
05/20/21 07:00 AM,15.9,2,146
05/20/21 08:00 AM,18.1,3,341
05/20/21 09:00 AM,20.5,10,539
05/20/21 10:00 AM,23.0,28,716
05/20/21 11:00 AM,25.1,9,841
05/20/21 12:00 PM,26.7,24,943
05/20/21 01:00 PM,27.9,27,958
05/20/21 02:00 PM,28.5,23,930
05/20/21 03:00 PM,29.0,26,852
05/20/21 04:00 PM,28.3,28,708
05/20/21 05:00 PM,26.1,28,534
05/20/21 06:00 PM,23.4,26,339
05/20/21 07:00 PM,21.3,12,151
05/20/21 08:00 PM,19.1,14,21
05/20/21 09:00 PM,17.6,27,0
05/20/21 10:00 PM,16.6,31,0
05/20/21 11:00 PM,15.8,30,0
05/21/21 12:00 AM,14.9,32,0
05/21/21 01:00 AM,14.6,41,0
05/21/21 02:00 AM,14.3,43,0
05/21/21 03:00 AM,14.2,42,0
05/21/21 04:00 AM,14.3,94,0
05/21/21 05:00 AM,14.7,100,0
05/21/21 06:00 AM,15.8,100,11
05/21/21 07:00 AM,17.0,90,78
05/21/21 08:00 AM,18.7,90,243
05/21/21 09:00 AM,20.0,58,370
05/21/21 10:00 AM,21.7,62,632
05/21/21 11:00 AM,23.2,22,817
05/21/21 12:00 PM,24.2,30,921
05/21/21 01:00 PM,24.4,28,946
05/21/21 02:00 PM,24.2,29,910
05/21/21 03:00 PM,24.1,29,822
05/21/21 04:00 PM,23.0,28,681
05/21/21 05:00 PM,21.3,27,529
05/21/21 06:00 PM,19.9,1,342
05/21/21 07:00 PM,18.3,7,156
05/21/21 08:00 PM,16.7,22,21
05/21/21 09:00 PM,15.6,31,0
05/21/21 10:00 PM,14.9,40,0
05/21/21 11:00 PM,14.4,40,0
05/22/21 12:00 AM,14.0,33,0
05/22/21 01:00 AM,13.7,50,0
05/22/21 02:00 AM,13.8,38,0
05/22/21 03:00 AM,13.6,33,0
05/22/21 04:00 AM,13.5,32,0
05/22/21 05:00 AM,13.6,36,0
05/22/21 06:00 AM,13.8,30,14
05/22/21 07:00 AM,15.0,37,130
05/22/21 08:00 AM,16.1,55,309
05/22/21 09:00 AM,16.8,70,405
05/22/21 10:00 AM,17.6,55,560
05/22/21 11:00 AM,17.8,50,567
05/22/21 12:00 PM,19.4,29,738
05/22/21 01:00 PM,19.7,40,791
05/22/21 02:00 PM,19.3,59,694
05/22/21 03:00 PM,18.7,80,579
05/22/21 04:00 PM,17.3,89,337
05/22/21 05:00 PM,16.2,90,163
05/22/21 06:00 PM,16.3,35,108
05/22/21 07:00 PM,15.8,31,88
05/22/21 08:00 PM,14.9,16,13
05/22/21 09:00 PM,14.0,0,0
05/22/21 10:00 PM,13.3,5,0
05/22/21 11:00 PM,12.9,0,0
05/23/21 12:00 AM,12.5,0,0
05/23/21 01:00 AM,12.2,0,0
05/23/21 02:00 AM,12.1,0,0
05/23/21 03:00 AM,12.4,0,0
05/23/21 04:00 AM,12.2,1,0
05/23/21 05:00 AM,12.1,2,0
05/23/21 06:00 AM,12.5,0,18
05/23/21 07:00 AM,13.9,0,151
05/23/21 08:00 AM,15.2,0,346
05/23/21 09:00 AM,16.5,13,544
05/23/21 10:00 AM,17.9,17,706
05/23/21 11:00 AM,18.9,22,837
05/23/21 12:00 PM,20.0,2,939
05/23/21 01:00 PM,20.5,8,992
05/23/21 02:00 PM,20.2,14,948
05/23/21 03:00 PM,19.5,18,858
05/23/21 04:00 PM,19.0,0,715
05/23/21 05:00 PM,18.3,1,557
05/23/21 06:00 PM,17.3,1,358
05/23/21 07:00 PM,15.9,1,164
05/23/21 08:00 PM,14.9,0,24
05/23/21 09:00 PM,14.5,1,0
05/23/21 10:00 PM,14.1,0,0
05/23/21 11:00 PM,13.5,3,0
05/24/21 12:00 AM,13.2,4,0
05/24/21 01:00 AM,12.9,0,0
05/24/21 02:00 AM,12.9,18,0
05/24/21 03:00 AM,13.1,71,0
05/24/21 04:00 AM,13.8,44,0
05/24/21 05:00 AM,13.7,20,0
05/24/21 06:00 AM,13.9,32,16
05/24/21 07:00 AM,15.9,46,126
05/24/21 08:00 AM,17.7,54,311
05/24/21 09:00 AM,19.0,78,384
05/24/21 10:00 AM,19.5,66,475
05/24/21 11:00 AM,20.4,62,595
05/24/21 12:00 PM,20.7,73,664
05/24/21 01:00 PM,21.4,100,716
05/24/21 02:00 PM,20.8,31,477
05/24/21 03:00 PM,21.7,31,760
05/24/21 04:00 PM,20.5,2,670
05/24/21 05:00 PM,19.4,0,535
05/24/21 06:00 PM,18.1,0,362
05/24/21 07:00 PM,16.6,4,170
05/24/21 08:00 PM,15.0,1,25
05/24/21 09:00 PM,14.1,0,0
05/24/21 10:00 PM,13.7,0,0
05/24/21 11:00 PM,13.4,0,0
05/25/21 12:00 AM,13.3,1,0
05/25/21 01:00 AM,12.9,0,0
05/25/21 02:00 AM,12.6,0,0
05/25/21 03:00 AM,12.5,0,0
05/25/21 04:00 AM,12.2,0,0
05/25/21 05:00 AM,11.9,0,0
05/25/21 06:00 AM,11.9,0,19
05/25/21 07:00 AM,13.3,0,153
05/25/21 08:00 AM,15.3,0,346
05/25/21 09:00 AM,17.6,0,542
05/25/21 10:00 AM,20.0,0,717
05/25/21 11:00 AM,22.2,0,855
05/25/21 12:00 PM,23.8,0,945
05/25/21 01:00 PM,24.9,0,976
05/25/21 02:00 PM,25.7,0,946
05/25/21 03:00 PM,26.2,0,860
05/25/21 04:00 PM,26.0,0,726
05/25/21 05:00 PM,23.8,0,554
05/25/21 06:00 PM,21.7,0,357
05/25/21 07:00 PM,19.4,28,166
05/25/21 08:00 PM,18.3,29,25
05/25/21 09:00 PM,17.5,30,0
05/25/21 10:00 PM,17.0,30,0
05/25/21 11:00 PM,16.6,29,0
05/26/21 12:00 AM,15.8,24,0
05/26/21 01:00 AM,15.1,7,0
05/26/21 02:00 AM,14.7,20,0
05/26/21 03:00 AM,14.6,20,0
05/26/21 04:00 AM,14.3,22,0
05/26/21 05:00 AM,13.8,11,0
05/26/21 06:00 AM,14.1,25,19
05/26/21 07:00 AM,16.2,26,147
05/26/21 08:00 AM,18.2,27,332
05/26/21 09:00 AM,20.3,29,524
05/26/21 10:00 AM,22.1,30,680
05/26/21 11:00 AM,23.5,29,807
05/26/21 12:00 PM,25.4,27,871
05/26/21 01:00 PM,26.5,29,933
05/26/21 02:00 PM,27.4,29,909
05/26/21 03:00 PM,27.7,25,822
05/26/21 04:00 PM,27.4,11,689
05/26/21 05:00 PM,26.3,11,542
05/26/21 06:00 PM,24.2,7,356
05/26/21 07:00 PM,22.1,2,166
05/26/21 08:00 PM,19.7,0,26
05/26/21 09:00 PM,18.2,0,0
05/26/21 10:00 PM,17.3,0,0
05/26/21 11:00 PM,16.6,0,0
05/27/21 12:00 AM,16.2,13,0
05/27/21 01:00 AM,15.8,5,0
05/27/21 02:00 AM,15.4,0,0
05/27/21 03:00 AM,15.2,10,0
05/27/21 04:00 AM,15.1,26,0
05/27/21 05:00 AM,14.7,30,0
05/27/21 06:00 AM,14.8,30,19
05/27/21 07:00 AM,16.0,30,136
05/27/21 08:00 AM,18.1,30,307
05/27/21 09:00 AM,20.1,30,410
05/27/21 10:00 AM,21.8,30,522
05/27/21 11:00 AM,23.9,30,663
05/27/21 12:00 PM,24.9,30,734
05/27/21 01:00 PM,26.1,27,871
05/27/21 02:00 PM,25.8,29,855
05/27/21 03:00 PM,24.9,29,806
05/27/21 04:00 PM,25.0,29,693
05/27/21 05:00 PM,25.1,32,532
05/27/21 06:00 PM,24.2,33,302
05/27/21 07:00 PM,22.1,34,140
05/27/21 08:00 PM,20.0,26,24
05/27/21 09:00 PM,18.4,28,0
05/27/21 10:00 PM,17.2,8,0
05/27/21 11:00 PM,16.5,0,0
05/28/21 12:00 AM,16.2,0,0
05/28/21 01:00 AM,15.6,0,0
05/28/21 02:00 AM,15.0,2,0
05/28/21 03:00 AM,14.3,0,0
05/28/21 04:00 AM,13.7,0,0
05/28/21 05:00 AM,13.3,1,0
05/28/21 06:00 AM,13.6,5,20
05/28/21 07:00 AM,15.9,7,155
05/28/21 08:00 AM,18.6,11,345
05/28/21 09:00 AM,21.2,14,541
05/28/21 10:00 AM,23.5,5,716
05/28/21 11:00 AM,25.4,4,850
05/28/21 12:00 PM,25.4,10,936
05/28/21 01:00 PM,26.7,27,962
05/28/21 02:00 PM,27.4,27,887
05/28/21 03:00 PM,28.0,12,807
05/28/21 04:00 PM,28.1,22,709
05/28/21 05:00 PM,27.1,14,541
05/28/21 06:00 PM,24.3,6,356
05/28/21 07:00 PM,21.6,1,168
05/28/21 08:00 PM,19.3,0,28
05/28/21 09:00 PM,17.8,2,0
05/28/21 10:00 PM,17.0,2,0
05/28/21 11:00 PM,16.6,1,0
05/29/21 12:00 AM,16.4,2,0
05/29/21 01:00 AM,15.8,1,0
05/29/21 02:00 AM,15.4,3,0
05/29/21 03:00 AM,14.8,5,0
05/29/21 04:00 AM,14.5,4,0
05/29/21 05:00 AM,14.3,4,0
05/29/21 06:00 AM,14.7,10,20
05/29/21 07:00 AM,16.2,25,150
05/29/21 08:00 AM,18.1,8,327
05/29/21 09:00 AM,20.2,12,523
05/29/21 10:00 AM,22.4,10,704
05/29/21 11:00 AM,24.2,4,827
05/29/21 12:00 PM,25.0,0,924
05/29/21 01:00 PM,25.9,0,964
05/29/21 02:00 PM,26.4,0,936
05/29/21 03:00 PM,26.5,0,853
05/29/21 04:00 PM,26.2,0,723
05/29/21 05:00 PM,24.4,1,554
05/29/21 06:00 PM,21.7,0,363
05/29/21 07:00 PM,19.2,0,173
05/29/21 08:00 PM,17.6,0,29
05/29/21 09:00 PM,16.8,7,0
05/29/21 10:00 PM,16.2,13,0
05/29/21 11:00 PM,15.8,1,0
05/30/21 12:00 AM,15.6,0,0
05/30/21 01:00 AM,15.0,3,0
05/30/21 02:00 AM,14.5,13,0
05/30/21 03:00 AM,14.3,87,0
05/30/21 04:00 AM,14.2,100,0
05/30/21 05:00 AM,14.3,100,0
05/30/21 06:00 AM,14.8,100,17
05/30/21 07:00 AM,16.1,30,115
05/30/21 08:00 AM,18.1,31,296
05/30/21 09:00 AM,20.3,28,489
05/30/21 10:00 AM,22.6,24,641
05/30/21 11:00 AM,24.9,27,786
05/30/21 12:00 PM,26.0,10,823
05/30/21 01:00 PM,27.8,12,962
05/30/21 02:00 PM,29.0,23,935
05/30/21 03:00 PM,29.7,25,826
05/30/21 04:00 PM,29.7,26,694
05/30/21 05:00 PM,28.4,3,519
05/30/21 06:00 PM,26.0,3,358
05/30/21 07:00 PM,23.5,2,172
05/30/21 08:00 PM,21.2,1,30
05/30/21 09:00 PM,20.1,8,0
05/30/21 10:00 PM,19.4,9,0
05/30/21 11:00 PM,19.4,6,0
05/31/21 12:00 AM,17.6,4,0
05/31/21 01:00 AM,16.3,10,0
05/31/21 02:00 AM,16.3,9,0
05/31/21 03:00 AM,16.1,4,0
05/31/21 04:00 AM,15.7,3,0
05/31/21 05:00 AM,14.9,2,0
05/31/21 06:00 AM,15.8,2,21
05/31/21 07:00 AM,17.6,0,149
05/31/21 08:00 AM,19.2,0,332
05/31/21 09:00 AM,20.8,0,526
05/31/21 10:00 AM,22.4,4,700
05/31/21 11:00 AM,22.9,24,825
05/31/21 12:00 PM,21.2,28,853
05/31/21 01:00 PM,21.2,22,799
05/31/21 02:00 PM,22.1,11,846
05/31/21 03:00 PM,22.3,13,816
05/31/21 04:00 PM,21.4,36,692
05/31/21 05:00 PM,20.6,5,525
05/31/21 06:00 PM,19.5,4,343
05/31/21 07:00 PM,18.4,12,169
05/31/21 08:00 PM,17.1,4,30
05/31/21 09:00 PM,16.5,15,0
05/31/21 10:00 PM,16.1,25,0
05/31/21 11:00 PM,15.9,45,0
06/01/21 12:00 AM,16.0,92,0
06/01/21 01:00 AM,16.3,90,0
06/01/21 02:00 AM,16.4,91,0
06/01/21 03:00 AM,16.5,92,0
06/01/21 04:00 AM,16.3,82,0
06/01/21 05:00 AM,16.0,66,0
06/01/21 06:00 AM,16.2,40,12
06/01/21 07:00 AM,16.9,35,112
06/01/21 08:00 AM,18.1,51,256
06/01/21 09:00 AM,19.2,67,347
06/01/21 10:00 AM,19.7,89,408
06/01/21 11:00 AM,19.9,90,426
06/01/21 12:00 PM,19.0,91,495
06/01/21 01:00 PM,19.6,90,410
06/01/21 02:00 PM,20.1,92,510
06/01/21 03:00 PM,19.8,92,409
06/01/21 04:00 PM,19.7,81,317
06/01/21 05:00 PM,19.1,65,244
06/01/21 06:00 PM,18.7,5,244
06/01/21 07:00 PM,17.7,6,136
06/01/21 08:00 PM,16.4,3,30
06/01/21 09:00 PM,15.8,2,0
06/01/21 10:00 PM,15.1,11,0
06/01/21 11:00 PM,14.6,17,0
06/02/21 12:00 AM,14.1,2,0
06/02/21 01:00 AM,13.2,3,0
06/02/21 02:00 AM,12.5,4,0
06/02/21 03:00 AM,13.3,3,0
06/02/21 04:00 AM,13.2,5,0
06/02/21 05:00 AM,12.2,5,0
06/02/21 06:00 AM,13.3,4,22
06/02/21 07:00 AM,15.6,3,157
06/02/21 08:00 AM,17.3,26,344
06/02/21 09:00 AM,19.3,68,515
06/02/21 10:00 AM,20.7,91,673
06/02/21 11:00 AM,19.9,91,437
06/02/21 12:00 PM,20.8,91,531
06/02/21 01:00 PM,21.4,100,547
06/02/21 02:00 PM,20.4,100,458
06/02/21 03:00 PM,20.1,100,310
06/02/21 04:00 PM,20.7,67,488
06/02/21 05:00 PM,20.1,10,460
06/02/21 06:00 PM,19.3,16,346
06/02/21 07:00 PM,17.9,8,166
06/02/21 08:00 PM,16.5,33,32
06/02/21 09:00 PM,15.9,31,0
06/02/21 10:00 PM,15.2,46,0
06/02/21 11:00 PM,14.9,35,0
06/03/21 12:00 AM,14.8,32,0
06/03/21 01:00 AM,14.3,14,0
06/03/21 02:00 AM,14.0,5,0
06/03/21 03:00 AM,13.7,5,0
06/03/21 04:00 AM,13.3,4,0
06/03/21 05:00 AM,13.0,4,0
06/03/21 06:00 AM,13.3,14,23
06/03/21 07:00 AM,14.5,9,160
06/03/21 08:00 AM,15.8,4,350
06/03/21 09:00 AM,17.4,6,547
06/03/21 10:00 AM,18.9,7,725
06/03/21 11:00 AM,20.1,17,867
06/03/21 12:00 PM,21.3,24,961
06/03/21 01:00 PM,21.9,25,990
06/03/21 02:00 PM,22.0,26,962
06/03/21 03:00 PM,21.4,25,867
06/03/21 04:00 PM,20.7,26,740
06/03/21 05:00 PM,19.5,14,578
06/03/21 06:00 PM,18.2,0,390
06/03/21 07:00 PM,16.8,0,193
06/03/21 08:00 PM,15.3,0,37
06/03/21 09:00 PM,14.5,3,0
06/03/21 10:00 PM,14.0,1,0
06/03/21 11:00 PM,13.6,1,0
06/04/21 12:00 AM,13.6,0,0
06/04/21 01:00 AM,13.4,0,0
06/04/21 02:00 AM,13.1,1,0
06/04/21 03:00 AM,13.0,1,0
06/04/21 04:00 AM,13.0,1,0
06/04/21 05:00 AM,13.1,1,0
06/04/21 06:00 AM,13.6,2,24
06/04/21 07:00 AM,15.0,3,164
06/04/21 08:00 AM,16.5,5,356
06/04/21 09:00 AM,18.4,4,552
06/04/21 10:00 AM,20.2,6,727
06/04/21 11:00 AM,21.8,13,862
06/04/21 12:00 PM,23.5,3,949
06/04/21 01:00 PM,24.7,10,989
06/04/21 02:00 PM,24.9,15,959
06/04/21 03:00 PM,23.7,10,872
06/04/21 04:00 PM,23.0,3,739
06/04/21 05:00 PM,21.5,4,570
06/04/21 06:00 PM,19.8,3,381
06/04/21 07:00 PM,17.9,0,187
06/04/21 08:00 PM,16.5,0,36
06/04/21 09:00 PM,15.6,1,0
06/04/21 10:00 PM,15.1,1,0
06/04/21 11:00 PM,14.7,1,0
06/05/21 12:00 AM,14.8,4,0
06/05/21 01:00 AM,14.3,2,0
06/05/21 02:00 AM,14.1,1,0
06/05/21 03:00 AM,13.9,3,0
06/05/21 04:00 AM,13.8,5,0
06/05/21 05:00 AM,13.7,4,0
06/05/21 06:00 AM,14.2,1,24
06/05/21 07:00 AM,16.1,0,163
06/05/21 08:00 AM,18.1,0,355
06/05/21 09:00 AM,20.2,0,548
06/05/21 10:00 AM,22.4,0,721
06/05/21 11:00 AM,24.2,0,857
06/05/21 12:00 PM,25.5,0,945
06/05/21 01:00 PM,26.5,0,977
06/05/21 02:00 PM,26.9,0,952
06/05/21 03:00 PM,26.8,0,870
06/05/21 04:00 PM,26.3,0,741
06/05/21 05:00 PM,24.9,0,573
06/05/21 06:00 PM,22.8,0,381
06/05/21 07:00 PM,20.6,0,189
06/05/21 08:00 PM,18.8,0,37
06/05/21 09:00 PM,17.5,0,0
06/05/21 10:00 PM,16.5,0,0
06/05/21 11:00 PM,15.8,0,0
06/06/21 12:00 AM,15.0,1,0
06/06/21 01:00 AM,14.6,1,0
06/06/21 02:00 AM,14.2,1,0
06/06/21 03:00 AM,13.9,1,0
06/06/21 04:00 AM,13.5,1,0
06/06/21 05:00 AM,13.4,1,0
06/06/21 06:00 AM,14.0,1,24
06/06/21 07:00 AM,15.9,0,162
06/06/21 08:00 AM,18.0,0,351
06/06/21 09:00 AM,20.1,0,544
06/06/21 10:00 AM,22.3,0,716
06/06/21 11:00 AM,24.5,0,852
06/06/21 12:00 PM,26.4,0,940
06/06/21 01:00 PM,27.4,0,975
06/06/21 02:00 PM,28.1,0,949
06/06/21 03:00 PM,28.3,0,868
06/06/21 04:00 PM,27.3,0,737
06/06/21 05:00 PM,25.6,0,569
06/06/21 06:00 PM,23.4,0,380
06/06/21 07:00 PM,20.9,0,189
06/06/21 08:00 PM,18.8,0,38
06/06/21 09:00 PM,17.5,0,0
06/06/21 10:00 PM,16.5,1,0
06/06/21 11:00 PM,15.8,1,0
06/07/21 12:00 AM,15.5,4,0
06/07/21 01:00 AM,15.0,4,0
06/07/21 02:00 AM,14.6,4,0
06/07/21 03:00 AM,14.3,7,0
06/07/21 04:00 AM,14.1,1,0
06/07/21 05:00 AM,13.9,1,0
06/07/21 06:00 AM,14.4,5,24
06/07/21 07:00 AM,16.1,2,161
06/07/21 08:00 AM,18.1,3,352
06/07/21 09:00 AM,20.4,1,546
06/07/21 10:00 AM,22.8,0,721
06/07/21 11:00 AM,25.0,0,861
06/07/21 12:00 PM,26.1,0,951
06/07/21 01:00 PM,27.3,0,989
06/07/21 02:00 PM,27.9,0,964
06/07/21 03:00 PM,27.9,0,883
06/07/21 04:00 PM,27.4,0,753
06/07/21 05:00 PM,25.7,0,583
06/07/21 06:00 PM,23.1,0,390
06/07/21 07:00 PM,20.4,0,195
06/07/21 08:00 PM,18.2,0,39
06/07/21 09:00 PM,16.9,0,0
06/07/21 10:00 PM,16.0,1,0
06/07/21 11:00 PM,15.3,2,0
06/08/21 12:00 AM,15.0,3,0
06/08/21 01:00 AM,14.5,5,0
06/08/21 02:00 AM,14.2,4,0
06/08/21 03:00 AM,13.7,11,0
06/08/21 04:00 AM,13.4,14,0
06/08/21 05:00 AM,13.4,21,0
06/08/21 06:00 AM,14.0,30,24
06/08/21 07:00 AM,15.6,4,144
06/08/21 08:00 AM,17.7,4,351
06/08/21 09:00 AM,20.3,3,554
06/08/21 10:00 AM,22.9,0,732
06/08/21 11:00 AM,25.4,0,875
06/08/21 12:00 PM,27.5,0,966
06/08/21 01:00 PM,29.6,0,1005
06/08/21 02:00 PM,30.5,0,977
06/08/21 03:00 PM,30.2,0,892
06/08/21 04:00 PM,29.3,0,760
06/08/21 05:00 PM,28.1,0,592
06/08/21 06:00 PM,25.7,0,398
06/08/21 07:00 PM,22.3,0,201
06/08/21 08:00 PM,20.1,0,41
06/08/21 09:00 PM,18.4,0,0
06/08/21 10:00 PM,17.8,0,0
06/08/21 11:00 PM,17.5,0,0
06/09/21 12:00 AM,17.2,0,0
06/09/21 01:00 AM,16.9,0,0
06/09/21 02:00 AM,16.5,11,0
06/09/21 03:00 AM,16.2,29,0
06/09/21 04:00 AM,16.0,29,0
06/09/21 05:00 AM,15.8,29,0
06/09/21 06:00 AM,16.3,28,24
06/09/21 07:00 AM,17.9,24,165
06/09/21 08:00 AM,20.1,25,356
06/09/21 09:00 AM,22.7,27,539
06/09/21 10:00 AM,25.4,14,700
06/09/21 11:00 AM,28.0,3,856
06/09/21 12:00 PM,29.8,0,948
06/09/21 01:00 PM,31.3,0,983
06/09/21 02:00 PM,32.0,0,959
06/09/21 03:00 PM,32.1,0,880
06/09/21 04:00 PM,31.2,0,750
06/09/21 05:00 PM,28.5,0,582
06/09/21 06:00 PM,25.9,0,392
06/09/21 07:00 PM,23.6,0,197
06/09/21 08:00 PM,21.8,0,41
06/09/21 09:00 PM,20.6,0,0
06/09/21 10:00 PM,19.5,0,0
06/09/21 11:00 PM,18.8,0,0
06/10/21 12:00 AM,18.1,0,0
06/10/21 01:00 AM,17.6,0,0
06/10/21 02:00 AM,17.2,0,0
06/10/21 03:00 AM,16.9,0,0
06/10/21 04:00 AM,16.5,0,0
06/10/21 05:00 AM,16.2,0,0
06/10/21 06:00 AM,16.7,0,25
06/10/21 07:00 AM,18.7,0,161
06/10/21 08:00 AM,20.8,0,348
06/10/21 09:00 AM,22.9,0,539
06/10/21 10:00 AM,25.3,4,704
06/10/21 11:00 AM,27.2,8,825
06/10/21 12:00 PM,29.1,15,890
06/10/21 01:00 PM,29.9,11,833
06/10/21 02:00 PM,30.9,20,866
06/10/21 03:00 PM,31.4,26,823
06/10/21 04:00 PM,30.5,8,689
06/10/21 05:00 PM,27.7,0,564
06/10/21 06:00 PM,25.4,0,385
06/10/21 07:00 PM,23.1,0,194
06/10/21 08:00 PM,21.0,0,41
06/10/21 09:00 PM,19.3,0,0
06/10/21 10:00 PM,17.9,2,0
06/10/21 11:00 PM,17.0,2,0
06/11/21 12:00 AM,16.6,0,0
06/11/21 01:00 AM,16.3,4,0
06/11/21 02:00 AM,15.9,14,0
06/11/21 03:00 AM,15.6,13,0
06/11/21 04:00 AM,15.3,14,0
06/11/21 05:00 AM,15.1,12,0
06/11/21 06:00 AM,15.5,15,24
06/11/21 07:00 AM,17.3,18,158
06/11/21 08:00 AM,19.3,20,342
06/11/21 09:00 AM,21.4,22,525
06/11/21 10:00 AM,23.4,22,683
06/11/21 11:00 AM,25.3,23,813
06/11/21 12:00 PM,24.7,15,907
06/11/21 01:00 PM,26.6,5,928
06/11/21 02:00 PM,27.2,5,923
06/11/21 03:00 PM,27.6,10,843
06/11/21 04:00 PM,27.3,6,715
06/11/21 05:00 PM,26.8,3,557
06/11/21 06:00 PM,25.7,1,373
06/11/21 07:00 PM,23.8,3,187
06/11/21 08:00 PM,22.0,10,39
06/11/21 09:00 PM,20.9,10,0
06/11/21 10:00 PM,20.0,7,0
06/11/21 11:00 PM,19.4,3,0
06/12/21 12:00 AM,18.3,2,0
06/12/21 01:00 AM,17.5,1,0
06/12/21 02:00 AM,16.5,1,0
06/12/21 03:00 AM,17.0,0,0
06/12/21 04:00 AM,16.6,1,0
06/12/21 05:00 AM,15.6,2,0
06/12/21 06:00 AM,16.2,88,24
06/12/21 07:00 AM,18.0,0,129
06/12/21 08:00 AM,20.6,3,339
06/12/21 09:00 AM,23.1,1,527
06/12/21 10:00 AM,25.5,13,694
06/12/21 11:00 AM,27.3,26,820
06/12/21 12:00 PM,28.0,32,910
06/12/21 01:00 PM,30.0,34,900
06/12/21 02:00 PM,29.3,55,778
06/12/21 03:00 PM,26.6,36,577
06/12/21 04:00 PM,24.0,32,637
06/12/21 05:00 PM,23.4,34,480
06/12/21 06:00 PM,22.6,31,268
06/12/21 07:00 PM,22.2,23,175
06/12/21 08:00 PM,21.0,12,40
06/12/21 09:00 PM,20.2,13,0
06/12/21 10:00 PM,19.6,14,0
06/12/21 11:00 PM,18.6,2,0
06/13/21 12:00 AM,17.7,15,0
06/13/21 01:00 AM,16.5,10,0
06/13/21 02:00 AM,15.8,1,0
06/13/21 03:00 AM,15.2,4,0
06/13/21 04:00 AM,15.5,100,0
06/13/21 05:00 AM,15.0,28,0
06/13/21 06:00 AM,16.4,30,18
06/13/21 07:00 AM,18.6,28,144
06/13/21 08:00 AM,20.4,15,338
06/13/21 09:00 AM,21.8,3,515
06/13/21 10:00 AM,22.8,1,697
06/13/21 11:00 AM,24.1,2,835
06/13/21 12:00 PM,26.2,2,914
06/13/21 01:00 PM,26.9,0,961
06/13/21 02:00 PM,25.6,0,936
06/13/21 03:00 PM,25.1,0,857
06/13/21 04:00 PM,24.6,0,730
06/13/21 05:00 PM,24.1,0,565
06/13/21 06:00 PM,23.7,1,378
06/13/21 07:00 PM,22.9,0,190
06/13/21 08:00 PM,21.4,0,41
06/13/21 09:00 PM,19.9,0,0
06/13/21 10:00 PM,18.6,1,0
06/13/21 11:00 PM,17.5,2,0
06/14/21 12:00 AM,17.6,1,0
06/14/21 01:00 AM,17.0,12,0
06/14/21 02:00 AM,16.7,28,0
06/14/21 03:00 AM,16.6,33,0
06/14/21 04:00 AM,16.2,41,0
06/14/21 05:00 AM,16.0,16,0
06/14/21 06:00 AM,16.6,16,23
06/14/21 07:00 AM,18.8,0,153
06/14/21 08:00 AM,21.2,1,339
06/14/21 09:00 AM,22.9,0,528
06/14/21 10:00 AM,24.4,0,695
06/14/21 11:00 AM,26.0,0,822
06/14/21 12:00 PM,26.8,0,921
06/14/21 01:00 PM,27.7,0,957
06/14/21 02:00 PM,28.4,0,934
06/14/21 03:00 PM,29.0,0,856
06/14/21 04:00 PM,29.2,0,732
06/14/21 05:00 PM,28.6,0,568
06/14/21 06:00 PM,27.1,0,381
06/14/21 07:00 PM,24.9,0,194
06/14/21 08:00 PM,22.9,0,43
06/14/21 09:00 PM,21.9,0,0
06/14/21 10:00 PM,21.1,0,0
06/14/21 11:00 PM,20.3,0,0
06/15/21 12:00 AM,19.5,0,0
06/15/21 01:00 AM,18.8,0,0
06/15/21 02:00 AM,18.2,0,0
06/15/21 03:00 AM,18.0,1,0
06/15/21 04:00 AM,17.3,3,0
06/15/21 05:00 AM,16.8,4,0
06/15/21 06:00 AM,17.6,3,24
06/15/21 07:00 AM,19.7,2,155
06/15/21 08:00 AM,22.0,0,338
06/15/21 09:00 AM,24.7,6,527
06/15/21 10:00 AM,26.8,12,686
06/15/21 11:00 AM,28.2,12,825
06/15/21 12:00 PM,29.3,1,887
06/15/21 01:00 PM,29.7,11,954
06/15/21 02:00 PM,28.7,29,875
06/15/21 03:00 PM,28.5,7,813
06/15/21 04:00 PM,27.9,5,676
06/15/21 05:00 PM,27.4,36,544
06/15/21 06:00 PM,24.7,42,304
06/15/21 07:00 PM,21.4,30,144
06/15/21 08:00 PM,19.6,18,33
06/15/21 09:00 PM,18.8,28,0
06/15/21 10:00 PM,18.2,33,0
06/15/21 11:00 PM,17.9,48,0
06/16/21 12:00 AM,17.7,15,0
06/16/21 01:00 AM,17.2,65,0
06/16/21 02:00 AM,17.1,49,0
06/16/21 03:00 AM,17.1,46,0
06/16/21 04:00 AM,17.1,55,0
06/16/21 05:00 AM,17.0,41,0
06/16/21 06:00 AM,17.3,32,17
06/16/21 07:00 AM,18.3,36,111
06/16/21 08:00 AM,19.5,22,301
06/16/21 09:00 AM,20.6,19,523
06/16/21 10:00 AM,21.3,30,671
06/16/21 11:00 AM,21.6,31,717
06/16/21 12:00 PM,22.3,15,791
06/16/21 01:00 PM,23.1,8,956
06/16/21 02:00 PM,23.2,5,948
06/16/21 03:00 PM,23.1,4,835
06/16/21 04:00 PM,22.7,4,721
06/16/21 05:00 PM,22.0,2,566
06/16/21 06:00 PM,21.0,1,382
06/16/21 07:00 PM,19.9,2,196
06/16/21 08:00 PM,18.7,2,44
06/16/21 09:00 PM,18.0,15,0
06/16/21 10:00 PM,17.4,30,0
06/16/21 11:00 PM,17.3,22,0
06/17/21 12:00 AM,16.9,12,0
06/17/21 01:00 AM,16.4,83,0
06/17/21 02:00 AM,16.5,90,0
06/17/21 03:00 AM,16.7,63,0
06/17/21 04:00 AM,17.0,43,0
06/17/21 05:00 AM,15.4,95,0
06/17/21 06:00 AM,17.2,81,14
06/17/21 07:00 AM,17.9,100,84
06/17/21 08:00 AM,18.6,100,157
06/17/21 09:00 AM,18.3,100,127
06/17/21 10:00 AM,19.1,100,168
06/17/21 11:00 AM,21.1,83,479
06/17/21 12:00 PM,22.0,73,567
06/17/21 01:00 PM,22.0,100,627
06/17/21 02:00 PM,21.4,76,362
06/17/21 03:00 PM,22.3,96,592
06/17/21 04:00 PM,21.8,100,588
06/17/21 05:00 PM,20.4,50,427
06/17/21 06:00 PM,19.5,24,260
06/17/21 07:00 PM,18.6,41,149
06/17/21 08:00 PM,17.6,34,34
06/17/21 09:00 PM,17.1,36,0
06/17/21 10:00 PM,16.2,62,0
06/17/21 11:00 PM,15.8,71,0
06/18/21 12:00 AM,15.7,53,0
06/18/21 01:00 AM,15.4,57,0
06/18/21 02:00 AM,15.2,43,0
06/18/21 03:00 AM,14.9,51,0
06/18/21 04:00 AM,14.4,53,0
06/18/21 05:00 AM,14.4,100,0
06/18/21 06:00 AM,14.8,36,19
06/18/21 07:00 AM,15.7,56,111
06/18/21 08:00 AM,16.8,28,261
06/18/21 09:00 AM,18.0,56,451
06/18/21 10:00 AM,19.2,34,573
06/18/21 11:00 AM,20.2,26,767
06/18/21 12:00 PM,18.5,84,820
06/18/21 01:00 PM,19.2,25,729
06/18/21 02:00 PM,19.1,26,782
06/18/21 03:00 PM,19.9,99,778
06/18/21 04:00 PM,20.0,84,533
06/18/21 05:00 PM,19.8,61,352
06/18/21 06:00 PM,19.2,71,200
06/18/21 07:00 PM,17.9,95,101
06/18/21 08:00 PM,16.8,10,23
06/18/21 09:00 PM,16.0,55,0
06/18/21 10:00 PM,16.0,81,0
06/18/21 11:00 PM,16.2,77,0
06/19/21 12:00 AM,15.4,100,0
06/19/21 01:00 AM,15.2,100,0
06/19/21 02:00 AM,15.3,79,0
06/19/21 03:00 AM,15.3,44,0
06/19/21 04:00 AM,15.0,66,0
06/19/21 05:00 AM,15.3,72,0
06/19/21 06:00 AM,15.3,54,15
06/19/21 07:00 AM,16.1,36,122
06/19/21 08:00 AM,17.0,100,264
06/19/21 09:00 AM,17.7,41,334
06/19/21 10:00 AM,19.0,37,527
06/19/21 11:00 AM,20.3,37,698
06/19/21 12:00 PM,20.1,81,798
06/19/21 01:00 PM,20.8,90,668
06/19/21 02:00 PM,20.9,100,698
06/19/21 03:00 PM,20.4,44,473
06/19/21 04:00 PM,20.9,48,732
06/19/21 05:00 PM,19.9,77,536
06/19/21 06:00 PM,18.6,14,344
06/19/21 07:00 PM,17.3,42,186
06/19/21 08:00 PM,16.0,36,35
06/19/21 09:00 PM,15.6,27,0
06/19/21 10:00 PM,15.0,20,0
06/19/21 11:00 PM,14.2,10,0
06/20/21 12:00 AM,15.7,85,0
06/20/21 01:00 AM,16.1,100,0
06/20/21 02:00 AM,16.3,100,0
06/20/21 03:00 AM,16.4,100,0
06/20/21 04:00 AM,16.5,100,0
06/20/21 05:00 AM,16.8,100,0
06/20/21 06:00 AM,17.0,100,6
06/20/21 07:00 AM,17.4,100,40
06/20/21 08:00 AM,17.7,100,83
06/20/21 09:00 AM,18.5,100,147
06/20/21 10:00 AM,18.7,36,187
06/20/21 11:00 AM,20.8,21,685
06/20/21 12:00 PM,22.0,18,889
06/20/21 01:00 PM,22.2,3,955
06/20/21 02:00 PM,22.1,10,946
06/20/21 03:00 PM,21.5,6,872
06/20/21 04:00 PM,20.9,23,749
06/20/21 05:00 PM,20.1,88,551
06/20/21 06:00 PM,19.0,39,243
06/20/21 07:00 PM,18.3,15,146
06/20/21 08:00 PM,17.0,24,43
06/20/21 09:00 PM,16.4,11,0
06/20/21 10:00 PM,15.7,19,0
06/20/21 11:00 PM,15.6,37,0
06/21/21 12:00 AM,15.8,36,0
06/21/21 01:00 AM,15.9,42,0
06/21/21 02:00 AM,15.6,52,0
06/21/21 03:00 AM,15.6,66,0
06/21/21 04:00 AM,15.5,59,0
06/21/21 05:00 AM,15.5,55,0
06/21/21 06:00 AM,15.7,35,17
06/21/21 07:00 AM,16.9,61,122
06/21/21 08:00 AM,17.9,57,248
06/21/21 09:00 AM,19.0,76,371
06/21/21 10:00 AM,20.2,62,486
06/21/21 11:00 AM,21.2,61,641
06/21/21 12:00 PM,21.3,93,768
06/21/21 01:00 PM,21.2,100,611
06/21/21 02:00 PM,21.2,100,550
06/21/21 03:00 PM,21.2,84,594
06/21/21 04:00 PM,20.8,89,403
06/21/21 05:00 PM,20.5,33,297
06/21/21 06:00 PM,20.3,40,321
06/21/21 07:00 PM,19.2,4,172
06/21/21 08:00 PM,17.6,5,46
06/21/21 09:00 PM,16.6,2,0
06/21/21 10:00 PM,15.9,8,0
06/21/21 11:00 PM,15.3,30,0
06/22/21 12:00 AM,15.5,14,0
06/22/21 01:00 AM,15.5,36,0
06/22/21 02:00 AM,15.5,33,0
06/22/21 03:00 AM,15.4,32,0
06/22/21 04:00 AM,15.3,26,0
06/22/21 05:00 AM,15.2,27,0
06/22/21 06:00 AM,15.7,32,20
06/22/21 07:00 AM,16.8,16,132
06/22/21 08:00 AM,18.2,51,325
06/22/21 09:00 AM,19.5,51,429
06/22/21 10:00 AM,20.8,50,560
06/22/21 11:00 AM,22.0,59,717
06/22/21 12:00 PM,21.4,57,778
06/22/21 01:00 PM,22.8,76,784
06/22/21 02:00 PM,23.1,32,789
06/22/21 03:00 PM,23.5,69,867
06/22/21 04:00 PM,22.5,0,566
06/22/21 05:00 PM,21.4,22,549
06/22/21 06:00 PM,20.2,2,378
06/22/21 07:00 PM,19.0,0,201
06/22/21 08:00 PM,17.7,0,47
06/22/21 09:00 PM,16.8,0,0
06/22/21 10:00 PM,16.2,1,0
06/22/21 11:00 PM,15.8,1,0
06/23/21 12:00 AM,16.3,1,0
06/23/21 01:00 AM,16.1,1,0
06/23/21 02:00 AM,16.0,0,0
06/23/21 03:00 AM,15.8,0,0
06/23/21 04:00 AM,15.5,1,0
06/23/21 05:00 AM,15.3,1,0
06/23/21 06:00 AM,15.5,1,23
06/23/21 07:00 AM,16.7,0,158
06/23/21 08:00 AM,18.2,0,346
06/23/21 09:00 AM,20.1,0,539
06/23/21 10:00 AM,22.0,2,713
06/23/21 11:00 AM,23.8,1,850
06/23/21 12:00 PM,24.9,0,940
06/23/21 01:00 PM,25.8,3,977
06/23/21 02:00 PM,26.4,10,956
06/23/21 03:00 PM,26.8,9,878
06/23/21 04:00 PM,25.9,8,750
06/23/21 05:00 PM,24.4,0,581
06/23/21 06:00 PM,22.8,0,396
06/23/21 07:00 PM,21.3,0,206
06/23/21 08:00 PM,19.6,0,48
06/23/21 09:00 PM,18.4,0,0
06/23/21 10:00 PM,17.6,0,0
06/23/21 11:00 PM,17.1,0,0
06/24/21 12:00 AM,16.8,0,0
06/24/21 01:00 AM,16.4,0,0
06/24/21 02:00 AM,16.0,0,0
06/24/21 03:00 AM,15.7,0,0
06/24/21 04:00 AM,15.4,0,0
06/24/21 05:00 AM,15.1,0,0
06/24/21 06:00 AM,15.3,0,23
06/24/21 07:00 AM,17.3,0,160
06/24/21 08:00 AM,19.8,0,349
06/24/21 09:00 AM,22.4,0,541
06/24/21 10:00 AM,24.9,0,712
06/24/21 11:00 AM,26.9,0,848
06/24/21 12:00 PM,28.6,0,938
06/24/21 01:00 PM,30.1,0,972
06/24/21 02:00 PM,30.7,0,951
06/24/21 03:00 PM,31.2,0,876
06/24/21 04:00 PM,31.0,0,752
06/24/21 05:00 PM,30.3,0,584
06/24/21 06:00 PM,29.8,0,394
06/24/21 07:00 PM,27.9,0,204
06/24/21 08:00 PM,25.6,0,48
06/24/21 09:00 PM,23.9,0,0
06/24/21 10:00 PM,22.9,0,0
06/24/21 11:00 PM,22.0,0,0
06/25/21 12:00 AM,21.6,5,0
06/25/21 01:00 AM,21.2,2,0
06/25/21 02:00 AM,20.8,8,0
06/25/21 03:00 AM,20.3,8,0
06/25/21 04:00 AM,19.7,3,0
06/25/21 05:00 AM,19.2,6,0
06/25/21 06:00 AM,19.1,9,22
06/25/21 07:00 AM,20.9,9,155
06/25/21 08:00 AM,23.4,12,341
06/25/21 09:00 AM,25.5,13,530
06/25/21 10:00 AM,26.5,9,702
06/25/21 11:00 AM,26.7,8,839
06/25/21 12:00 PM,27.9,17,928
06/25/21 01:00 PM,28.4,15,964
06/25/21 02:00 PM,28.7,10,941
06/25/21 03:00 PM,28.9,4,867
06/25/21 04:00 PM,28.8,0,744
06/25/21 05:00 PM,28.4,0,582
06/25/21 06:00 PM,28.7,0,394
06/25/21 07:00 PM,27.2,0,203
06/25/21 08:00 PM,24.4,0,48
06/25/21 09:00 PM,22.7,0,0
06/25/21 10:00 PM,21.7,0,0
06/25/21 11:00 PM,20.5,0,0
06/26/21 12:00 AM,19.7,0,0
06/26/21 01:00 AM,19.4,0,0
06/26/21 02:00 AM,18.5,0,0
06/26/21 03:00 AM,17.5,0,0
06/26/21 04:00 AM,16.8,0,0
06/26/21 05:00 AM,16.3,0,0
06/26/21 06:00 AM,16.8,1,22
06/26/21 07:00 AM,18.8,1,154
06/26/21 08:00 AM,21.0,1,338
06/26/21 09:00 AM,23.2,1,529
06/26/21 10:00 AM,25.1,0,704
06/26/21 11:00 AM,26.7,9,842
06/26/21 12:00 PM,27.9,13,936
06/26/21 01:00 PM,27.9,1,976
06/26/21 02:00 PM,27.9,0,963
06/26/21 03:00 PM,27.3,10,890
06/26/21 04:00 PM,26.5,0,764
06/26/21 05:00 PM,25.1,1,596
06/26/21 06:00 PM,23.2,0,404
06/26/21 07:00 PM,21.3,0,210
06/26/21 08:00 PM,19.3,0,50
06/26/21 09:00 PM,17.9,0,0
06/26/21 10:00 PM,17.0,1,0
06/26/21 11:00 PM,16.4,49,0
06/27/21 12:00 AM,16.4,81,0
06/27/21 01:00 AM,16.5,83,0
06/27/21 02:00 AM,16.7,82,0
06/27/21 03:00 AM,16.7,86,0
06/27/21 04:00 AM,16.8,89,0
06/27/21 05:00 AM,17.0,88,0
06/27/21 06:00 AM,17.2,88,13
06/27/21 07:00 AM,17.8,90,86
06/27/21 08:00 AM,18.8,90,205
06/27/21 09:00 AM,19.6,89,288
06/27/21 10:00 AM,21.4,80,538
06/27/21 11:00 AM,22.8,81,716
06/27/21 12:00 PM,24.2,25,833
06/27/21 01:00 PM,25.1,12,938
06/27/21 02:00 PM,25.5,10,930
06/27/21 03:00 PM,24.9,14,863
06/27/21 04:00 PM,24.2,19,734
06/27/21 05:00 PM,23.2,14,572
06/27/21 06:00 PM,21.2,5,388
06/27/21 07:00 PM,19.5,1,202
06/27/21 08:00 PM,17.9,0,48
06/27/21 09:00 PM,16.6,1,0
06/27/21 10:00 PM,15.9,18,0
06/27/21 11:00 PM,15.7,16,0
06/28/21 12:00 AM,15.8,0,0
06/28/21 01:00 AM,15.4,6,0
06/28/21 02:00 AM,15.1,1,0
06/28/21 03:00 AM,14.9,1,0
06/28/21 04:00 AM,14.8,1,0
06/28/21 05:00 AM,14.8,4,0
06/28/21 06:00 AM,15.0,1,21
06/28/21 07:00 AM,16.3,8,156
06/28/21 08:00 AM,17.4,18,347
06/28/21 09:00 AM,18.8,13,521
06/28/21 10:00 AM,20.2,0,709
06/28/21 11:00 AM,21.8,0,857
06/28/21 12:00 PM,22.9,0,947
06/28/21 01:00 PM,23.9,0,984
06/28/21 02:00 PM,24.1,0,963
06/28/21 03:00 PM,23.9,0,886
06/28/21 04:00 PM,23.3,0,758
06/28/21 05:00 PM,22.1,0,593
06/28/21 06:00 PM,20.6,0,402
06/28/21 07:00 PM,18.8,0,209
06/28/21 08:00 PM,17.3,0,50
06/28/21 09:00 PM,16.4,0,0
06/28/21 10:00 PM,15.8,4,0
06/28/21 11:00 PM,15.4,4,0
06/29/21 12:00 AM,15.1,4,0
06/29/21 01:00 AM,14.8,4,0
06/29/21 02:00 AM,14.6,4,0
06/29/21 03:00 AM,14.4,4,0
06/29/21 04:00 AM,14.3,1,0
06/29/21 05:00 AM,14.2,3,0
06/29/21 06:00 AM,14.5,4,21
06/29/21 07:00 AM,15.6,4,154
06/29/21 08:00 AM,17.1,0,345
06/29/21 09:00 AM,18.9,0,541
06/29/21 10:00 AM,20.6,0,717
06/29/21 11:00 AM,22.3,0,854
06/29/21 12:00 PM,23.2,0,946
06/29/21 01:00 PM,24.2,0,984
06/29/21 02:00 PM,24.6,0,964
06/29/21 03:00 PM,24.1,0,888
06/29/21 04:00 PM,23.0,0,762
06/29/21 05:00 PM,21.8,0,596
06/29/21 06:00 PM,20.4,0,406
06/29/21 07:00 PM,18.8,0,211
06/29/21 08:00 PM,17.1,0,50
06/29/21 09:00 PM,16.2,0,0
06/29/21 10:00 PM,15.5,4,0
06/29/21 11:00 PM,15.2,4,0
06/30/21 12:00 AM,14.9,4,0
06/30/21 01:00 AM,14.6,1,0
06/30/21 02:00 AM,14.3,9,0
06/30/21 03:00 AM,14.1,12,0
06/30/21 04:00 AM,14.1,25,0
06/30/21 05:00 AM,14.1,90,0
06/30/21 06:00 AM,14.8,90,18
06/30/21 07:00 AM,16.0,90,121
06/30/21 08:00 AM,17.5,24,286
06/30/21 09:00 AM,19.4,2,503
06/30/21 10:00 AM,21.2,1,708
06/30/21 11:00 AM,22.9,0,849
06/30/21 12:00 PM,24.3,0,944
06/30/21 01:00 PM,25.5,0,985
06/30/21 02:00 PM,26.4,0,965
06/30/21 03:00 PM,26.9,0,889
06/30/21 04:00 PM,26.8,0,764
06/30/21 05:00 PM,25.8,0,598
06/30/21 06:00 PM,23.8,9,407
06/30/21 07:00 PM,21.8,8,211
06/30/21 08:00 PM,19.3,10,50
06/30/21 09:00 PM,17.6,5,0
06/30/21 10:00 PM,16.5,7,0
06/30/21 11:00 PM,15.8,6,0
07/01/21 12:00 AM,15.5,9,0
07/01/21 01:00 AM,15.2,5,0
07/01/21 02:00 AM,14.8,4,0
07/01/21 03:00 AM,14.5,4,0
07/01/21 04:00 AM,14.3,4,0
07/01/21 05:00 AM,14.1,4,0
07/01/21 06:00 AM,14.6,4,20
07/01/21 07:00 AM,16.3,1,153
07/01/21 08:00 AM,18.3,0,344
07/01/21 09:00 AM,20.5,3,538
07/01/21 10:00 AM,22.8,12,712
07/01/21 11:00 AM,24.6,0,847
07/01/21 12:00 PM,26.0,0,941
07/01/21 01:00 PM,27.8,5,976
07/01/21 02:00 PM,28.8,10,956
07/01/21 03:00 PM,29.5,0,879
07/01/21 04:00 PM,29.4,0,753
07/01/21 05:00 PM,28.7,0,586
07/01/21 06:00 PM,27.1,0,398
07/01/21 07:00 PM,24.6,0,207
07/01/21 08:00 PM,21.7,0,49
07/01/21 09:00 PM,19.8,0,0
07/01/21 10:00 PM,18.5,0,0
07/01/21 11:00 PM,17.5,0,0
07/02/21 12:00 AM,16.8,0,0
07/02/21 01:00 AM,16.2,0,0
07/02/21 02:00 AM,16.0,0,0
07/02/21 03:00 AM,15.5,0,0
07/02/21 04:00 AM,14.9,1,0
07/02/21 05:00 AM,14.0,1,0
07/02/21 06:00 AM,15.3,1,19
07/02/21 07:00 AM,17.8,1,147
07/02/21 08:00 AM,20.7,0,331
07/02/21 09:00 AM,23.4,0,521
07/02/21 10:00 AM,25.2,0,692
07/02/21 11:00 AM,26.5,0,828
07/02/21 12:00 PM,27.3,0,918
07/02/21 01:00 PM,28.0,0,956
07/02/21 02:00 PM,28.2,0,937
07/02/21 03:00 PM,27.6,0,865
07/02/21 04:00 PM,26.8,0,741
07/02/21 05:00 PM,25.9,0,580
07/02/21 06:00 PM,24.6,0,393
07/02/21 07:00 PM,23.2,2,203
07/02/21 08:00 PM,21.4,16,48
07/02/21 09:00 PM,19.8,10,0
07/02/21 10:00 PM,18.7,1,0
07/02/21 11:00 PM,18.1,1,0
07/03/21 12:00 AM,18.0,8,0
07/03/21 01:00 AM,17.9,32,0
07/03/21 02:00 AM,18.0,88,0
07/03/21 03:00 AM,18.5,100,0
07/03/21 04:00 AM,18.8,100,0
07/03/21 05:00 AM,19.0,100,0
07/03/21 06:00 AM,19.0,48,10
07/03/21 07:00 AM,20.1,90,120
07/03/21 08:00 AM,20.9,91,191
07/03/21 09:00 AM,21.1,93,182
07/03/21 10:00 AM,21.2,90,195
07/03/21 11:00 AM,21.8,87,262
07/03/21 12:00 PM,23.3,60,433
07/03/21 01:00 PM,25.4,58,733
07/03/21 02:00 PM,25.6,57,707
07/03/21 03:00 PM,25.6,13,768
07/03/21 04:00 PM,25.4,2,700
07/03/21 05:00 PM,24.7,18,574
07/03/21 06:00 PM,23.7,13,391
07/03/21 07:00 PM,22.5,0,203
07/03/21 08:00 PM,20.7,0,48
07/03/21 09:00 PM,19.3,0,0
07/03/21 10:00 PM,18.2,2,0
07/03/21 11:00 PM,17.5,33,0
07/04/21 12:00 AM,17.5,30,0
07/04/21 01:00 AM,17.3,33,0
07/04/21 02:00 AM,17.2,87,0
07/04/21 03:00 AM,17.4,100,0
07/04/21 04:00 AM,17.7,67,0
07/04/21 05:00 AM,17.5,100,0
07/04/21 06:00 AM,17.8,88,12
07/04/21 07:00 AM,18.7,90,96
07/04/21 08:00 AM,19.9,57,208
07/04/21 09:00 AM,21.3,40,392
07/04/21 10:00 AM,22.9,17,601
07/04/21 11:00 AM,24.3,2,796
07/04/21 12:00 PM,25.9,0,910
07/04/21 01:00 PM,27.2,0,949
07/04/21 02:00 PM,28.0,0,930
07/04/21 03:00 PM,28.1,0,857
07/04/21 04:00 PM,27.5,0,735
07/04/21 05:00 PM,26.2,0,573
07/04/21 06:00 PM,24.5,0,389
07/04/21 07:00 PM,22.9,0,200
07/04/21 08:00 PM,21.2,0,47
07/04/21 09:00 PM,20.2,0,0
07/04/21 10:00 PM,19.4,0,0
07/04/21 11:00 PM,18.9,1,0
07/05/21 12:00 AM,18.5,0,0
07/05/21 01:00 AM,18.0,0,0
07/05/21 02:00 AM,17.4,1,0
07/05/21 03:00 AM,16.4,21,0
07/05/21 04:00 AM,17.7,90,0
07/05/21 05:00 AM,17.9,90,0
07/05/21 06:00 AM,18.5,90,6
07/05/21 07:00 AM,19.4,90,49
07/05/21 08:00 AM,20.6,90,125
07/05/21 09:00 AM,22.0,90,274
07/05/21 10:00 AM,22.8,88,327
07/05/21 11:00 AM,24.3,48,458
07/05/21 12:00 PM,23.8,68,813
07/05/21 01:00 PM,25.7,62,828
07/05/21 02:00 PM,25.7,1,908
07/05/21 03:00 PM,25.8,4,859
07/05/21 04:00 PM,25.5,25,716
07/05/21 05:00 PM,24.5,50,524
07/05/21 06:00 PM,23.7,64,348
07/05/21 07:00 PM,22.2,25,172
07/05/21 08:00 PM,20.7,29,45
07/05/21 09:00 PM,19.7,25,0
07/05/21 10:00 PM,19.0,37,0
07/05/21 11:00 PM,18.6,66,0
07/06/21 12:00 AM,18.8,100,0
07/06/21 01:00 AM,19.2,100,0
07/06/21 02:00 AM,19.5,100,0
07/06/21 03:00 AM,19.7,100,0
07/06/21 04:00 AM,19.8,100,0
07/06/21 05:00 AM,19.7,100,0
07/06/21 06:00 AM,19.6,65,6
07/06/21 07:00 AM,19.8,58,80
07/06/21 08:00 AM,20.8,47,233
07/06/21 09:00 AM,21.7,25,347
07/06/21 10:00 AM,23.4,35,620
07/06/21 11:00 AM,24.1,50,696
07/06/21 12:00 PM,24.7,30,724
07/06/21 01:00 PM,24.8,40,802
07/06/21 02:00 PM,24.0,61,753
07/06/21 03:00 PM,22.6,52,542
07/06/21 04:00 PM,21.4,80,332
07/06/21 05:00 PM,20.2,25,126
07/06/21 06:00 PM,20.8,5,313
07/06/21 07:00 PM,20.1,0,198
07/06/21 08:00 PM,18.6,0,49
07/06/21 09:00 PM,17.8,0,0
07/06/21 10:00 PM,17.2,0,0
07/06/21 11:00 PM,16.6,1,0
07/07/21 12:00 AM,16.3,0,0
07/07/21 01:00 AM,16.0,0,0
07/07/21 02:00 AM,15.8,1,0
07/07/21 03:00 AM,15.7,5,0
07/07/21 04:00 AM,15.7,35,0
07/07/21 05:00 AM,15.7,22,0
07/07/21 06:00 AM,16.1,26,16
07/07/21 07:00 AM,17.7,52,131
07/07/21 08:00 AM,19.1,55,290
07/07/21 09:00 AM,20.8,45,472
07/07/21 10:00 AM,22.2,49,587
07/07/21 11:00 AM,23.4,50,696
07/07/21 12:00 PM,24.3,27,814
07/07/21 01:00 PM,25.2,0,930
07/07/21 02:00 PM,25.5,1,957
07/07/21 03:00 PM,25.1,0,884
07/07/21 04:00 PM,24.6,0,759
07/07/21 05:00 PM,23.6,0,594
07/07/21 06:00 PM,22.3,0,403
07/07/21 07:00 PM,20.5,0,209
07/07/21 08:00 PM,19.0,0,48
07/07/21 09:00 PM,17.8,1,0
07/07/21 10:00 PM,17.0,3,0
07/07/21 11:00 PM,16.6,3,0
07/08/21 12:00 AM,16.6,7,0
07/08/21 01:00 AM,16.3,4,0
07/08/21 02:00 AM,15.9,6,0
07/08/21 03:00 AM,15.5,16,0
07/08/21 04:00 AM,15.3,5,0
07/08/21 05:00 AM,15.1,2,0
07/08/21 06:00 AM,15.4,1,16
07/08/21 07:00 AM,16.8,0,143
07/08/21 08:00 AM,18.7,5,331
07/08/21 09:00 AM,21.0,10,524
07/08/21 10:00 AM,23.3,0,701
07/08/21 11:00 AM,25.4,0,844
07/08/21 12:00 PM,26.3,0,939
07/08/21 01:00 PM,28.1,0,977
07/08/21 02:00 PM,28.3,0,957
07/08/21 03:00 PM,27.6,0,880
07/08/21 04:00 PM,28.0,0,755
07/08/21 05:00 PM,26.1,0,592
07/08/21 06:00 PM,24.0,0,402
07/08/21 07:00 PM,21.9,0,208
07/08/21 08:00 PM,19.9,0,48
07/08/21 09:00 PM,18.6,0,0
07/08/21 10:00 PM,17.7,2,0
07/08/21 11:00 PM,17.2,2,0
07/09/21 12:00 AM,16.8,2,0
07/09/21 01:00 AM,16.6,2,0
07/09/21 02:00 AM,16.3,1,0
07/09/21 03:00 AM,16.1,1,0
07/09/21 04:00 AM,16.0,1,0
07/09/21 05:00 AM,15.8,1,0
07/09/21 06:00 AM,16.0,2,15
07/09/21 07:00 AM,17.3,3,140
07/09/21 08:00 AM,19.5,4,323
07/09/21 09:00 AM,22.2,2,516
07/09/21 10:00 AM,25.0,0,695
07/09/21 11:00 AM,27.7,0,838
07/09/21 12:00 PM,30.7,0,932
07/09/21 01:00 PM,32.6,0,972
07/09/21 02:00 PM,33.9,0,953
07/09/21 03:00 PM,33.9,0,878
07/09/21 04:00 PM,31.9,0,751
07/09/21 05:00 PM,30.8,0,586
07/09/21 06:00 PM,28.2,0,399
07/09/21 07:00 PM,25.7,0,206
07/09/21 08:00 PM,23.5,0,47
07/09/21 09:00 PM,22.0,0,0
07/09/21 10:00 PM,21.0,0,0
07/09/21 11:00 PM,20.3,0,0
07/10/21 12:00 AM,19.6,0,0
07/10/21 01:00 AM,19.1,0,0
07/10/21 02:00 AM,18.7,0,0
07/10/21 03:00 AM,18.4,0,0
07/10/21 04:00 AM,18.3,0,0
07/10/21 05:00 AM,18.2,0,0
07/10/21 06:00 AM,18.4,0,15
07/10/21 07:00 AM,20.5,0,140
07/10/21 08:00 AM,23.5,0,326
07/10/21 09:00 AM,26.8,0,518
07/10/21 10:00 AM,29.9,0,692
07/10/21 11:00 AM,32.7,0,832
07/10/21 12:00 PM,34.7,8,926
07/10/21 01:00 PM,36.7,3,961
07/10/21 02:00 PM,37.7,0,938
07/10/21 03:00 PM,38.4,0,870
07/10/21 04:00 PM,38.1,0,745
07/10/21 05:00 PM,36.3,0,581
07/10/21 06:00 PM,33.6,0,393
07/10/21 07:00 PM,30.7,0,201
07/10/21 08:00 PM,27.7,0,45
07/10/21 09:00 PM,25.8,0,0
07/10/21 10:00 PM,24.5,14,0
07/10/21 11:00 PM,23.6,14,0
07/11/21 12:00 AM,22.9,13,0
07/11/21 01:00 AM,22.3,12,0
07/11/21 02:00 AM,21.6,12,0
07/11/21 03:00 AM,21.1,24,0
07/11/21 04:00 AM,20.8,7,0
07/11/21 05:00 AM,20.3,0,0
07/11/21 06:00 AM,20.4,1,14
07/11/21 07:00 AM,22.2,5,137
07/11/21 08:00 AM,24.1,11,316
07/11/21 09:00 AM,25.9,18,465
07/11/21 10:00 AM,28.0,35,633
07/11/21 11:00 AM,29.1,7,610
07/11/21 12:00 PM,30.5,2,918
07/11/21 01:00 PM,31.5,0,948
07/11/21 02:00 PM,31.2,0,934
07/11/21 03:00 PM,30.5,0,863
07/11/21 04:00 PM,28.7,0,742
07/11/21 05:00 PM,26.5,0,582
07/11/21 06:00 PM,24.6,0,395
07/11/21 07:00 PM,22.1,0,202
07/11/21 08:00 PM,20.0,0,45
07/11/21 09:00 PM,18.9,0,0
07/11/21 10:00 PM,18.1,0,0
07/11/21 11:00 PM,17.5,3,0
07/12/21 12:00 AM,17.2,3,0
07/12/21 01:00 AM,16.7,26,0
07/12/21 02:00 AM,16.5,75,0
07/12/21 03:00 AM,16.3,47,0
07/12/21 04:00 AM,16.0,11,0
07/12/21 05:00 AM,15.8,0,0
07/12/21 06:00 AM,16.3,48,14
07/12/21 07:00 AM,17.6,32,117
07/12/21 08:00 AM,18.9,85,287
07/12/21 09:00 AM,20.0,39,396
07/12/21 10:00 AM,21.5,0,617
07/12/21 11:00 AM,22.8,0,828
07/12/21 12:00 PM,23.5,0,931
07/12/21 01:00 PM,24.2,0,968
07/12/21 02:00 PM,24.2,0,950
07/12/21 03:00 PM,24.1,0,880
07/12/21 04:00 PM,23.1,8,754
07/12/21 05:00 PM,22.2,0,579
07/12/21 06:00 PM,21.0,3,398
07/12/21 07:00 PM,19.6,0,203
07/12/21 08:00 PM,18.1,2,45
07/12/21 09:00 PM,17.4,2,0
07/12/21 10:00 PM,16.7,3,0
07/12/21 11:00 PM,16.3,4,0
07/13/21 12:00 AM,16.2,3,0
07/13/21 01:00 AM,15.9,2,0
07/13/21 02:00 AM,15.6,3,0
07/13/21 03:00 AM,15.3,2,0
07/13/21 04:00 AM,15.1,1,0
07/13/21 05:00 AM,15.0,1,0
07/13/21 06:00 AM,15.1,1,13
07/13/21 07:00 AM,16.4,0,135
07/13/21 08:00 AM,18.0,0,323
07/13/21 09:00 AM,20.1,0,517
07/13/21 10:00 AM,22.2,0,691
07/13/21 11:00 AM,24.2,0,827
07/13/21 12:00 PM,25.4,0,919
07/13/21 01:00 PM,26.2,0,960
07/13/21 02:00 PM,26.0,0,939
07/13/21 03:00 PM,25.8,0,863
07/13/21 04:00 PM,25.0,0,740
07/13/21 05:00 PM,23.7,0,578
07/13/21 06:00 PM,21.8,0,391
07/13/21 07:00 PM,20.0,0,199
07/13/21 08:00 PM,18.3,0,43
07/13/21 09:00 PM,17.6,1,0
07/13/21 10:00 PM,17.0,0,0
07/13/21 11:00 PM,16.6,0,0
07/14/21 12:00 AM,16.4,1,0
07/14/21 01:00 AM,16.3,1,0
07/14/21 02:00 AM,16.1,1,0
07/14/21 03:00 AM,16.0,1,0
07/14/21 04:00 AM,15.9,1,0
07/14/21 05:00 AM,15.7,1,0
07/14/21 06:00 AM,15.8,0,12
07/14/21 07:00 AM,17.4,0,130
07/14/21 08:00 AM,19.8,0,315
07/14/21 09:00 AM,22.5,0,508
07/14/21 10:00 AM,25.3,0,685
07/14/21 11:00 AM,28.2,0,828
07/14/21 12:00 PM,29.7,0,924
07/14/21 01:00 PM,31.8,0,964
07/14/21 02:00 PM,32.9,0,946
07/14/21 03:00 PM,33.4,0,872
07/14/21 04:00 PM,34.2,0,747
07/14/21 05:00 PM,31.2,12,581
07/14/21 06:00 PM,30.4,12,386
07/14/21 07:00 PM,27.7,0,197
07/14/21 08:00 PM,25.5,0,43
07/14/21 09:00 PM,24.1,2,0
07/14/21 10:00 PM,23.2,28,0
07/14/21 11:00 PM,22.7,2,0
07/15/21 12:00 AM,22.0,0,0
07/15/21 01:00 AM,21.5,0,0
07/15/21 02:00 AM,21.1,0,0
07/15/21 03:00 AM,20.7,0,0
07/15/21 04:00 AM,20.3,0,0
07/15/21 05:00 AM,19.8,0,0
07/15/21 06:00 AM,19.9,0,12
07/15/21 07:00 AM,22.3,0,130
07/15/21 08:00 AM,25.3,0,315
07/15/21 09:00 AM,28.0,0,508
07/15/21 10:00 AM,29.8,0,684
07/15/21 11:00 AM,30.6,7,824
07/15/21 12:00 PM,28.6,0,918
07/15/21 01:00 PM,29.6,0,958
07/15/21 02:00 PM,30.4,0,940
07/15/21 03:00 PM,30.6,0,867
07/15/21 04:00 PM,30.4,0,743
07/15/21 05:00 PM,29.5,0,579
07/15/21 06:00 PM,27.9,0,390
07/15/21 07:00 PM,26.1,0,198
07/15/21 08:00 PM,24.3,0,42
07/15/21 09:00 PM,23.2,0,0
07/15/21 10:00 PM,22.2,0,0
07/15/21 11:00 PM,21.2,0,0
07/16/21 12:00 AM,20.8,0,0
07/16/21 01:00 AM,20.1,0,0
07/16/21 02:00 AM,19.3,0,0
07/16/21 03:00 AM,18.4,0,0
07/16/21 04:00 AM,20.8,0,0
07/16/21 05:00 AM,21.0,0,0
07/16/21 06:00 AM,18.7,0,11
07/16/21 07:00 AM,21.2,0,128
07/16/21 08:00 AM,21.7,0,312
07/16/21 09:00 AM,23.6,0,505
07/16/21 10:00 AM,26.2,0,681
07/16/21 11:00 AM,28.2,0,823
07/16/21 12:00 PM,30.2,0,918
07/16/21 01:00 PM,30.9,0,959
07/16/21 02:00 PM,31.6,0,941
07/16/21 03:00 PM,31.5,0,865
07/16/21 04:00 PM,31.4,0,741
07/16/21 05:00 PM,29.2,0,577
07/16/21 06:00 PM,28.4,0,387
07/16/21 07:00 PM,27.8,0,195
07/16/21 08:00 PM,26.5,0,41
07/16/21 09:00 PM,25.5,0,0
07/16/21 10:00 PM,24.6,0,0
07/16/21 11:00 PM,23.6,0,0
07/17/21 12:00 AM,23.7,0,0
07/17/21 01:00 AM,23.0,0,0
07/17/21 02:00 AM,20.9,0,0
07/17/21 03:00 AM,20.6,0,0
07/17/21 04:00 AM,19.8,0,0
07/17/21 05:00 AM,18.9,0,0
07/17/21 06:00 AM,19.3,0,11
07/17/21 07:00 AM,22.0,0,127
07/17/21 08:00 AM,24.9,0,311
07/17/21 09:00 AM,27.8,0,505
07/17/21 10:00 AM,30.3,0,682
07/17/21 11:00 AM,32.2,0,824
07/17/21 12:00 PM,32.4,0,919
07/17/21 01:00 PM,34.0,0,960
07/17/21 02:00 PM,34.7,0,942
07/17/21 03:00 PM,34.8,0,869
07/17/21 04:00 PM,34.2,0,745
07/17/21 05:00 PM,32.4,0,582
07/17/21 06:00 PM,29.6,0,393
07/17/21 07:00 PM,26.8,0,199
07/17/21 08:00 PM,24.4,0,41
07/17/21 09:00 PM,22.8,0,0
07/17/21 10:00 PM,21.6,0,0
07/17/21 11:00 PM,20.5,0,0
07/18/21 12:00 AM,19.4,3,0
07/18/21 01:00 AM,18.5,4,0
07/18/21 02:00 AM,18.0,4,0
07/18/21 03:00 AM,17.6,33,0
07/18/21 04:00 AM,17.7,60,0
07/18/21 05:00 AM,18.0,53,0
07/18/21 06:00 AM,18.2,47,8
07/18/21 07:00 AM,19.3,48,105
07/18/21 08:00 AM,20.4,22,262
07/18/21 09:00 AM,22.6,2,487
07/18/21 10:00 AM,24.8,1,678
07/18/21 11:00 AM,27.2,0,835
07/18/21 12:00 PM,27.9,0,933
07/18/21 01:00 PM,28.8,0,968
07/18/21 02:00 PM,29.2,0,952
07/18/21 03:00 PM,29.1,0,878
07/18/21 04:00 PM,28.2,0,752
07/18/21 05:00 PM,26.5,0,587
07/18/21 06:00 PM,24.1,0,395
07/18/21 07:00 PM,21.7,0,200
07/18/21 08:00 PM,19.4,0,41
07/18/21 09:00 PM,18.2,0,0
07/18/21 10:00 PM,17.5,7,0
07/18/21 11:00 PM,17.1,19,0
07/19/21 12:00 AM,17.1,55,0
07/19/21 01:00 AM,16.9,90,0
07/19/21 02:00 AM,17.1,86,0
07/19/21 03:00 AM,17.1,89,0
07/19/21 04:00 AM,17.1,90,0
07/19/21 05:00 AM,17.0,90,0
07/19/21 06:00 AM,17.2,90,5
07/19/21 07:00 AM,17.7,90,61
07/19/21 08:00 AM,18.8,86,213
07/19/21 09:00 AM,20.1,69,359
07/19/21 10:00 AM,22.1,32,564
07/19/21 11:00 AM,24.2,1,804
07/19/21 12:00 PM,24.1,42,919
07/19/21 01:00 PM,25.4,2,876
07/19/21 02:00 PM,26.2,1,939
07/19/21 03:00 PM,26.3,1,868
07/19/21 04:00 PM,25.6,0,741
07/19/21 05:00 PM,24.3,0,577
07/19/21 06:00 PM,22.3,0,387
07/19/21 07:00 PM,20.3,1,193
07/19/21 08:00 PM,18.6,4,38
07/19/21 09:00 PM,18.0,25,0
07/19/21 10:00 PM,17.6,43,0
07/19/21 11:00 PM,17.5,83,0
07/20/21 12:00 AM,17.8,75,0
07/20/21 01:00 AM,18.0,85,0
07/20/21 02:00 AM,18.0,79,0
07/20/21 03:00 AM,17.8,90,0
07/20/21 04:00 AM,17.7,87,0
07/20/21 05:00 AM,17.3,90,0
07/20/21 06:00 AM,17.6,89,5
07/20/21 07:00 AM,18.2,90,76
07/20/21 08:00 AM,19.0,74,189
07/20/21 09:00 AM,20.5,43,402
07/20/21 10:00 AM,22.3,6,644
07/20/21 11:00 AM,24.3,2,815
07/20/21 12:00 PM,25.2,0,918
07/20/21 01:00 PM,27.1,0,962
07/20/21 02:00 PM,28.5,0,946
07/20/21 03:00 PM,28.7,0,871
07/20/21 04:00 PM,27.9,0,745
07/20/21 05:00 PM,25.9,0,578
07/20/21 06:00 PM,24.2,0,387
07/20/21 07:00 PM,22.1,0,193
07/20/21 08:00 PM,20.4,0,38
07/20/21 09:00 PM,19.3,0,0
07/20/21 10:00 PM,18.5,1,0
07/20/21 11:00 PM,18.0,4,0
07/21/21 12:00 AM,17.6,12,0
07/21/21 01:00 AM,17.2,20,0
07/21/21 02:00 AM,16.8,21,0
07/21/21 03:00 AM,16.3,7,0
07/21/21 04:00 AM,16.1,76,0
07/21/21 05:00 AM,16.2,84,0
07/21/21 06:00 AM,16.0,71,8
07/21/21 07:00 AM,17.3,48,111
07/21/21 08:00 AM,18.8,3,276
07/21/21 09:00 AM,21.0,2,500
07/21/21 10:00 AM,23.3,1,681
07/21/21 11:00 AM,25.6,1,828
07/21/21 12:00 PM,26.4,0,925
07/21/21 01:00 PM,28.0,0,967
07/21/21 02:00 PM,29.2,0,949
07/21/21 03:00 PM,29.7,0,874
07/21/21 04:00 PM,29.2,0,748
07/21/21 05:00 PM,27.8,0,581
07/21/21 06:00 PM,26.0,0,389
07/21/21 07:00 PM,23.6,0,193
07/21/21 08:00 PM,21.3,0,37
07/21/21 09:00 PM,19.6,0,0
07/21/21 10:00 PM,18.3,0,0
07/21/21 11:00 PM,17.6,0,0
07/22/21 12:00 AM,17.4,2,0
07/22/21 01:00 AM,16.8,6,0
07/22/21 02:00 AM,16.2,11,0
07/22/21 03:00 AM,15.7,45,0
07/22/21 04:00 AM,15.6,40,0
07/22/21 05:00 AM,15.5,55,0
07/22/21 06:00 AM,15.8,74,7
07/22/21 07:00 AM,17.2,40,93
07/22/21 08:00 AM,18.7,7,252
07/22/21 09:00 AM,20.9,3,494
07/22/21 10:00 AM,23.5,0,681
07/22/21 11:00 AM,25.9,0,832
07/22/21 12:00 PM,27.0,0,929
07/22/21 01:00 PM,29.3,0,968
07/22/21 02:00 PM,30.5,0,951
07/22/21 03:00 PM,30.8,0,875
07/22/21 04:00 PM,29.6,0,746
07/22/21 05:00 PM,28.5,0,579
07/22/21 06:00 PM,27.4,0,389
07/22/21 07:00 PM,24.9,0,193
07/22/21 08:00 PM,21.3,0,36
07/22/21 09:00 PM,19.3,5,0
07/22/21 10:00 PM,18.2,10,0
07/22/21 11:00 PM,17.6,19,0
07/23/21 12:00 AM,17.7,15,0
07/23/21 01:00 AM,17.4,5,0
07/23/21 02:00 AM,17.0,16,0
07/23/21 03:00 AM,17.0,27,0
07/23/21 04:00 AM,17.3,28,0
07/23/21 05:00 AM,17.0,26,0
07/23/21 06:00 AM,17.0,46,7
07/23/21 07:00 AM,18.7,66,102
07/23/21 08:00 AM,20.2,100,210
07/23/21 09:00 AM,21.9,41,421
07/23/21 10:00 AM,23.7,25,638
07/23/21 11:00 AM,25.3,13,772
07/23/21 12:00 PM,26.5,2,903
07/23/21 01:00 PM,27.4,1,944
07/23/21 02:00 PM,27.7,2,923
07/23/21 03:00 PM,27.7,0,856
07/23/21 04:00 PM,27.2,0,734
07/23/21 05:00 PM,26.1,0,568
07/23/21 06:00 PM,24.2,0,377
07/23/21 07:00 PM,22.5,0,184
07/23/21 08:00 PM,20.9,0,33
07/23/21 09:00 PM,20.0,0,0
07/23/21 10:00 PM,19.4,1,0
07/23/21 11:00 PM,18.7,4,0
07/24/21 12:00 AM,18.3,7,0
07/24/21 01:00 AM,17.7,16,0
07/24/21 02:00 AM,17.3,22,0
07/24/21 03:00 AM,16.9,20,0
07/24/21 04:00 AM,16.7,19,0
07/24/21 05:00 AM,16.4,14,0
07/24/21 06:00 AM,16.4,22,7
07/24/21 07:00 AM,18.0,40,103
07/24/21 08:00 AM,19.3,53,257
07/24/21 09:00 AM,20.7,26,436
07/24/21 10:00 AM,22.4,9,612
07/24/21 11:00 AM,24.3,8,810
07/24/21 12:00 PM,25.6,0,905
07/24/21 01:00 PM,26.9,0,946
07/24/21 02:00 PM,27.6,0,929
07/24/21 03:00 PM,27.7,0,855
07/24/21 04:00 PM,27.0,0,727
07/24/21 05:00 PM,25.8,0,560
07/24/21 06:00 PM,24.3,0,370
07/24/21 07:00 PM,22.4,0,180
07/24/21 08:00 PM,20.6,4,32
07/24/21 09:00 PM,19.8,28,0
07/24/21 10:00 PM,19.3,23,0
07/24/21 11:00 PM,18.8,4,0
07/25/21 12:00 AM,18.6,11,0
07/25/21 01:00 AM,18.2,15,0
07/25/21 02:00 AM,18.1,19,0
07/25/21 03:00 AM,18.1,6,0
07/25/21 04:00 AM,17.9,17,0
07/25/21 05:00 AM,18.0,50,0
07/25/21 06:00 AM,18.6,79,5
07/25/21 07:00 AM,20.2,87,67
07/25/21 08:00 AM,21.3,94,150
07/25/21 09:00 AM,22.1,75,201
07/25/21 10:00 AM,24.0,72,339
07/25/21 11:00 AM,25.7,92,574
07/25/21 12:00 PM,25.1,88,528
07/25/21 01:00 PM,25.0,79,522
07/25/21 02:00 PM,25.2,33,550
07/25/21 03:00 PM,26.2,64,692
07/25/21 04:00 PM,25.1,84,420
07/25/21 05:00 PM,25.2,90,316
07/25/21 06:00 PM,24.1,19,158
07/25/21 07:00 PM,23.4,2,161
07/25/21 08:00 PM,21.8,4,29
07/25/21 09:00 PM,20.9,4,0
07/25/21 10:00 PM,20.3,22,0
07/25/21 11:00 PM,20.0,37,0
07/26/21 12:00 AM,19.8,40,0
07/26/21 01:00 AM,19.8,38,0
07/26/21 02:00 AM,19.7,52,0
07/26/21 03:00 AM,19.5,88,0
07/26/21 04:00 AM,19.9,75,0
07/26/21 05:00 AM,19.8,90,0
07/26/21 06:00 AM,19.8,40,4
07/26/21 07:00 AM,20.4,22,84
07/26/21 08:00 AM,21.5,10,265
07/26/21 09:00 AM,23.0,13,472
07/26/21 10:00 AM,24.4,2,654
07/26/21 11:00 AM,25.8,0,804
07/26/21 12:00 PM,27.3,0,903
07/26/21 01:00 PM,29.0,0,948
07/26/21 02:00 PM,29.9,0,928
07/26/21 03:00 PM,29.8,0,850
07/26/21 04:00 PM,28.5,0,723
07/26/21 05:00 PM,27.0,0,558
07/26/21 06:00 PM,24.7,0,369
07/26/21 07:00 PM,22.3,0,177
07/26/21 08:00 PM,20.8,0,30
07/26/21 09:00 PM,19.9,0,0
07/26/21 10:00 PM,19.1,0,0
07/26/21 11:00 PM,18.6,1,0
07/27/21 12:00 AM,18.3,1,0
07/27/21 01:00 AM,17.9,0,0
07/27/21 02:00 AM,17.7,5,0
07/27/21 03:00 AM,17.5,4,0
07/27/21 04:00 AM,17.3,4,0
07/27/21 05:00 AM,17.1,8,0
07/27/21 06:00 AM,17.1,14,5
07/27/21 07:00 AM,18.6,6,101
07/27/21 08:00 AM,20.3,2,278
07/27/21 09:00 AM,22.2,1,477
07/27/21 10:00 AM,24.4,0,660
07/27/21 11:00 AM,26.7,0,805
07/27/21 12:00 PM,27.9,0,902
07/27/21 01:00 PM,29.4,0,941
07/27/21 02:00 PM,29.9,0,924
07/27/21 03:00 PM,29.4,0,850
07/27/21 04:00 PM,28.6,0,725
07/27/21 05:00 PM,27.0,0,560
07/27/21 06:00 PM,24.9,0,370
07/27/21 07:00 PM,22.6,0,177
07/27/21 08:00 PM,20.8,0,29
07/27/21 09:00 PM,19.7,0,0
07/27/21 10:00 PM,19.1,2,0
07/27/21 11:00 PM,18.6,1,0
07/28/21 12:00 AM,18.5,1,0
07/28/21 01:00 AM,18.1,0,0
07/28/21 02:00 AM,17.7,0,0
07/28/21 03:00 AM,17.4,1,0
07/28/21 04:00 AM,17.3,1,0
07/28/21 05:00 AM,17.1,2,0
07/28/21 06:00 AM,17.1,4,5
07/28/21 07:00 AM,18.5,5,104
07/28/21 08:00 AM,20.2,1,285
07/28/21 09:00 AM,22.3,1,482
07/28/21 10:00 AM,24.5,0,662
07/28/21 11:00 AM,26.6,0,807
07/28/21 12:00 PM,28.3,0,904
07/28/21 01:00 PM,29.7,0,943
07/28/21 02:00 PM,30.5,0,925
07/28/21 03:00 PM,30.6,0,850
07/28/21 04:00 PM,30.0,0,724
07/28/21 05:00 PM,28.9,0,558
07/28/21 06:00 PM,26.9,0,367
07/28/21 07:00 PM,24.4,0,174
07/28/21 08:00 PM,22.4,0,28
07/28/21 09:00 PM,21.1,0,0
07/28/21 10:00 PM,20.2,0,0
07/28/21 11:00 PM,19.5,0,0
07/29/21 12:00 AM,18.8,1,0
07/29/21 01:00 AM,18.1,2,0
07/29/21 02:00 AM,17.8,1,0
07/29/21 03:00 AM,17.4,2,0
07/29/21 04:00 AM,17.0,3,0
07/29/21 05:00 AM,16.8,0,0
07/29/21 06:00 AM,16.8,0,4
07/29/21 07:00 AM,18.3,0,102
07/29/21 08:00 AM,20.0,0,285
07/29/21 09:00 AM,21.9,0,482
07/29/21 10:00 AM,23.9,0,664
07/29/21 11:00 AM,25.9,0,811
07/29/21 12:00 PM,27.4,0,910
07/29/21 01:00 PM,28.7,0,950
07/29/21 02:00 PM,29.2,0,932
07/29/21 03:00 PM,28.3,0,857
07/29/21 04:00 PM,26.8,0,731
07/29/21 05:00 PM,25.3,0,564
07/29/21 06:00 PM,23.5,0,371
07/29/21 07:00 PM,21.4,0,176
07/29/21 08:00 PM,19.6,0,27
07/29/21 09:00 PM,18.3,0,0
07/29/21 10:00 PM,17.6,4,0
07/29/21 11:00 PM,17.2,4,0
07/30/21 12:00 AM,16.9,2,0
07/30/21 01:00 AM,16.5,15,0
07/30/21 02:00 AM,16.4,14,0
07/30/21 03:00 AM,16.3,3,0
07/30/21 04:00 AM,16.1,0,0
07/30/21 05:00 AM,16.3,13,0
07/30/21 06:00 AM,17.0,90,4
07/30/21 07:00 AM,18.7,90,56
07/30/21 08:00 AM,19.9,72,169
07/30/21 09:00 AM,21.8,39,390
07/30/21 10:00 AM,23.8,0,610
07/30/21 11:00 AM,25.3,0,794
07/30/21 12:00 PM,25.7,0,892
07/30/21 01:00 PM,27.5,0,931
07/30/21 02:00 PM,27.9,0,916
07/30/21 03:00 PM,27.7,0,844
07/30/21 04:00 PM,26.1,0,714
07/30/21 05:00 PM,24.5,0,551
07/30/21 06:00 PM,22.8,0,363
07/30/21 07:00 PM,20.9,2,170
07/30/21 08:00 PM,20.2,1,25
07/30/21 09:00 PM,19.3,1,0
07/30/21 10:00 PM,18.6,14,0
07/30/21 11:00 PM,18.2,35,0
07/31/21 12:00 AM,18.1,39,0
07/31/21 01:00 AM,17.8,26,0
07/31/21 02:00 AM,17.1,30,0
07/31/21 03:00 AM,16.8,21,0
07/31/21 04:00 AM,16.8,2,0
07/31/21 05:00 AM,16.6,4,0
07/31/21 06:00 AM,16.5,2,4
07/31/21 07:00 AM,17.6,1,98
07/31/21 08:00 AM,19.0,5,281
07/31/21 09:00 AM,20.3,40,479
07/31/21 10:00 AM,21.3,38,576
07/31/21 11:00 AM,22.3,36,756
07/31/21 12:00 PM,23.4,64,889
07/31/21 01:00 PM,23.9,62,824
07/31/21 02:00 PM,23.9,4,857
07/31/21 03:00 PM,23.8,17,852
07/31/21 04:00 PM,23.1,26,687
07/31/21 05:00 PM,22.1,29,545
07/31/21 06:00 PM,20.8,13,308
07/31/21 07:00 PM,19.7,0,165
07/31/21 08:00 PM,18.4,1,25
07/31/21 09:00 PM,17.7,2,0
07/31/21 10:00 PM,17.2,4,0
07/31/21 11:00 PM,16.8,3,0
08/01/21 12:00 AM,16.8,3,0
08/01/21 01:00 AM,16.6,16,0
08/01/21 02:00 AM,16.4,6,0
08/01/21 03:00 AM,16.4,4,0
08/01/21 04:00 AM,16.2,1,0
08/01/21 05:00 AM,15.9,1,0
08/01/21 06:00 AM,15.9,2,3
08/01/21 07:00 AM,17.5,20,93
08/01/21 08:00 AM,19.2,32,262
08/01/21 09:00 AM,20.8,29,437
08/01/21 10:00 AM,22.3,26,578
08/01/21 11:00 AM,24.3,32,700
08/01/21 12:00 PM,26.6,100,743
08/01/21 01:00 PM,25.9,1,505
08/01/21 02:00 PM,27.6,68,753
08/01/21 03:00 PM,26.9,13,701
08/01/21 04:00 PM,26.1,13,670
08/01/21 05:00 PM,25.8,78,538
08/01/21 06:00 PM,23.9,11,284
08/01/21 07:00 PM,22.5,2,153
08/01/21 08:00 PM,21.1,1,22
08/01/21 09:00 PM,20.1,1,0
08/01/21 10:00 PM,19.3,3,0
08/01/21 11:00 PM,18.8,17,0
08/02/21 12:00 AM,18.3,81,0
08/02/21 01:00 AM,18.5,76,0
08/02/21 02:00 AM,18.4,88,0
08/02/21 03:00 AM,18.5,92,0
08/02/21 04:00 AM,18.8,92,0
08/02/21 05:00 AM,18.8,100,0
08/02/21 06:00 AM,18.6,100,2
08/02/21 07:00 AM,19.7,71,41
08/02/21 08:00 AM,21.0,98,159
08/02/21 09:00 AM,21.4,64,181
08/02/21 10:00 AM,23.8,32,518
08/02/21 11:00 AM,25.7,44,672
08/02/21 12:00 PM,25.8,51,650
08/02/21 01:00 PM,27.7,67,875
08/02/21 02:00 PM,28.1,30,721
08/02/21 03:00 PM,28.9,100,805
08/02/21 04:00 PM,27.5,0,655
08/02/21 05:00 PM,26.7,0,541
08/02/21 06:00 PM,24.2,0,349
08/02/21 07:00 PM,22.3,0,158
08/02/21 08:00 PM,20.6,0,21
08/02/21 09:00 PM,19.8,0,0
08/02/21 10:00 PM,19.0,5,0
08/02/21 11:00 PM,18.5,10,0
08/03/21 12:00 AM,18.3,0,0
08/03/21 01:00 AM,17.9,2,0
08/03/21 02:00 AM,17.4,1,0
08/03/21 03:00 AM,17.1,1,0
08/03/21 04:00 AM,17.1,28,0
08/03/21 05:00 AM,16.9,12,0
08/03/21 06:00 AM,16.9,18,3
08/03/21 07:00 AM,18.1,4,90
08/03/21 08:00 AM,19.7,0,268
08/03/21 09:00 AM,21.9,0,461
08/03/21 10:00 AM,24.2,0,640
08/03/21 11:00 AM,26.1,0,783
08/03/21 12:00 PM,27.4,0,881
08/03/21 01:00 PM,28.7,10,923
08/03/21 02:00 PM,29.5,7,904
08/03/21 03:00 PM,29.3,15,829
08/03/21 04:00 PM,28.0,0,703
08/03/21 05:00 PM,26.7,29,539
08/03/21 06:00 PM,24.4,30,324
08/03/21 07:00 PM,22.0,30,123
08/03/21 08:00 PM,20.1,31,17
08/03/21 09:00 PM,19.4,28,0
08/03/21 10:00 PM,19.1,31,0
08/03/21 11:00 PM,18.9,32,0
08/04/21 12:00 AM,18.8,30,0
08/04/21 01:00 AM,18.8,30,0
08/04/21 02:00 AM,18.9,100,0
08/04/21 03:00 AM,19.0,90,0
08/04/21 04:00 AM,19.3,88,0
08/04/21 05:00 AM,19.3,60,0
08/04/21 06:00 AM,19.2,90,2
08/04/21 07:00 AM,20.3,65,38
08/04/21 08:00 AM,21.3,75,137
08/04/21 09:00 AM,22.9,90,314
08/04/21 10:00 AM,23.6,76,326
08/04/21 11:00 AM,25.2,59,529
08/04/21 12:00 PM,27.0,39,627
08/04/21 01:00 PM,28.7,0,830
08/04/21 02:00 PM,29.4,10,900
08/04/21 03:00 PM,29.2,16,822
08/04/21 04:00 PM,28.2,0,699
08/04/21 05:00 PM,27.2,0,532
08/04/21 06:00 PM,25.8,0,343
08/04/21 07:00 PM,23.7,12,153
08/04/21 08:00 PM,21.9,3,19
08/04/21 09:00 PM,20.7,5,0
08/04/21 10:00 PM,19.8,4,0
08/04/21 11:00 PM,19.0,0,0
08/05/21 12:00 AM,18.7,1,0
08/05/21 01:00 AM,18.0,12,0
08/05/21 02:00 AM,17.5,16,0
08/05/21 03:00 AM,17.1,8,0
08/05/21 04:00 AM,16.7,7,0
08/05/21 05:00 AM,16.6,19,0
08/05/21 06:00 AM,16.5,35,2
08/05/21 07:00 AM,18.0,43,79
08/05/21 08:00 AM,19.6,17,242
08/05/21 09:00 AM,21.5,1,427
08/05/21 10:00 AM,23.8,0,629
08/05/21 11:00 AM,26.0,0,775
08/05/21 12:00 PM,28.1,0,869
08/05/21 01:00 PM,29.5,4,908
08/05/21 02:00 PM,29.9,11,889
08/05/21 03:00 PM,30.1,10,813
08/05/21 04:00 PM,29.8,7,688
08/05/21 05:00 PM,27.6,0,522
08/05/21 06:00 PM,25.5,0,334
08/05/21 07:00 PM,23.6,0,147
08/05/21 08:00 PM,22.1,0,17
08/05/21 09:00 PM,21.2,0,0
08/05/21 10:00 PM,20.3,1,0
08/05/21 11:00 PM,19.6,10,0
08/06/21 12:00 AM,19.5,20,0
08/06/21 01:00 AM,19.1,20,0
08/06/21 02:00 AM,18.5,8,0
08/06/21 03:00 AM,17.7,32,0
08/06/21 04:00 AM,17.5,34,0
08/06/21 05:00 AM,17.1,21,0
08/06/21 06:00 AM,16.9,20,2
08/06/21 07:00 AM,18.1,15,79
08/06/21 08:00 AM,19.5,14,254
08/06/21 09:00 AM,21.0,1,447
08/06/21 10:00 AM,22.6,0,635
08/06/21 11:00 AM,24.4,0,778
08/06/21 12:00 PM,26.0,0,871
08/06/21 01:00 PM,27.6,0,909
08/06/21 02:00 PM,28.5,0,890
08/06/21 03:00 PM,28.6,0,814
08/06/21 04:00 PM,27.9,0,687
08/06/21 05:00 PM,27.0,4,520
08/06/21 06:00 PM,24.8,0,331
08/06/21 07:00 PM,22.5,3,144
08/06/21 08:00 PM,20.7,0,16
08/06/21 09:00 PM,19.7,0,0
08/06/21 10:00 PM,19.0,3,0
08/06/21 11:00 PM,18.6,16,0
08/07/21 12:00 AM,18.1,58,0
08/07/21 01:00 AM,18.8,90,0
08/07/21 02:00 AM,19.4,90,0
08/07/21 03:00 AM,19.6,29,0
08/07/21 04:00 AM,19.1,20,0
08/07/21 05:00 AM,18.5,13,0
08/07/21 06:00 AM,17.9,30,2
08/07/21 07:00 AM,19.2,29,75
08/07/21 08:00 AM,20.5,30,217
08/07/21 09:00 AM,21.7,58,395
08/07/21 10:00 AM,22.9,68,525
08/07/21 11:00 AM,23.7,49,634
08/07/21 12:00 PM,24.4,58,766
08/07/21 01:00 PM,25.9,31,829
08/07/21 02:00 PM,26.7,2,885
08/07/21 03:00 PM,26.5,0,830
08/07/21 04:00 PM,25.4,0,703
08/07/21 05:00 PM,24.1,0,534
08/07/21 06:00 PM,22.6,0,340
08/07/21 07:00 PM,21.0,0,147
08/07/21 08:00 PM,19.6,0,16
08/07/21 09:00 PM,18.8,4,0
08/07/21 10:00 PM,18.2,3,0
08/07/21 11:00 PM,17.6,2,0
08/08/21 12:00 AM,17.4,2,0
08/08/21 01:00 AM,17.1,3,0
08/08/21 02:00 AM,16.9,3,0
08/08/21 03:00 AM,16.6,2,0
08/08/21 04:00 AM,16.2,2,0
08/08/21 05:00 AM,16.0,1,0
08/08/21 06:00 AM,16.0,1,1
08/08/21 07:00 AM,17.3,1,83
08/08/21 08:00 AM,18.8,1,265
08/08/21 09:00 AM,20.7,0,465
08/08/21 10:00 AM,22.5,0,650
08/08/21 11:00 AM,24.1,0,798
08/08/21 12:00 PM,25.6,0,897
08/08/21 01:00 PM,26.9,0,937
08/08/21 02:00 PM,27.5,0,916
08/08/21 03:00 PM,27.4,0,836
08/08/21 04:00 PM,26.7,0,704
08/08/21 05:00 PM,25.4,0,534
08/08/21 06:00 PM,23.5,0,340
08/08/21 07:00 PM,21.0,0,146
08/08/21 08:00 PM,19.3,0,15
08/08/21 09:00 PM,18.3,1,0
08/08/21 10:00 PM,17.5,4,0
08/08/21 11:00 PM,17.1,4,0
08/09/21 12:00 AM,17.2,2,0
08/09/21 01:00 AM,16.7,4,0
08/09/21 02:00 AM,16.4,4,0
08/09/21 03:00 AM,16.1,3,0
08/09/21 04:00 AM,15.8,6,0
08/09/21 05:00 AM,15.5,4,0
08/09/21 06:00 AM,15.4,4,1
08/09/21 07:00 AM,16.8,2,82
08/09/21 08:00 AM,18.7,0,263
08/09/21 09:00 AM,20.8,0,466
08/09/21 10:00 AM,23.0,0,649
08/09/21 11:00 AM,25.2,0,796
08/09/21 12:00 PM,26.3,0,893
08/09/21 01:00 PM,27.8,0,933
08/09/21 02:00 PM,28.7,0,913
08/09/21 03:00 PM,29.3,0,834
08/09/21 04:00 PM,28.9,0,702
08/09/21 05:00 PM,26.9,0,529
08/09/21 06:00 PM,25.9,0,334
08/09/21 07:00 PM,23.6,0,142
08/09/21 08:00 PM,21.2,0,14
08/09/21 09:00 PM,19.6,0,0
08/09/21 10:00 PM,18.7,1,0
08/09/21 11:00 PM,18.0,2,0
08/10/21 12:00 AM,17.7,2,0
08/10/21 01:00 AM,17.2,1,0
08/10/21 02:00 AM,16.8,0,0
08/10/21 03:00 AM,16.5,1,0
08/10/21 04:00 AM,16.1,0,0
08/10/21 05:00 AM,15.6,0,0
08/10/21 06:00 AM,15.2,0,1
08/10/21 07:00 AM,16.8,0,79
08/10/21 08:00 AM,19.2,0,260
08/10/21 09:00 AM,21.6,0,462
08/10/21 10:00 AM,24.3,0,647
08/10/21 11:00 AM,26.8,0,796
08/10/21 12:00 PM,28.9,0,894
08/10/21 01:00 PM,30.5,0,933
08/10/21 02:00 PM,31.5,0,915
08/10/21 03:00 PM,31.9,0,836
08/10/21 04:00 PM,31.2,0,702
08/10/21 05:00 PM,29.8,0,527
08/10/21 06:00 PM,27.4,0,331
08/10/21 07:00 PM,24.7,0,138
08/10/21 08:00 PM,22.4,0,13
08/10/21 09:00 PM,20.6,0,0
08/10/21 10:00 PM,19.7,1,0
08/10/21 11:00 PM,19.2,1,0
08/11/21 12:00 AM,19.0,2,0
08/11/21 01:00 AM,18.6,1,0
08/11/21 02:00 AM,18.4,1,0
08/11/21 03:00 AM,18.1,4,0
08/11/21 04:00 AM,17.8,11,0
08/11/21 05:00 AM,17.5,35,0
08/11/21 06:00 AM,17.7,90,1
08/11/21 07:00 AM,18.4,58,51
08/11/21 08:00 AM,19.9,7,198
08/11/21 09:00 AM,22.3,4,427
08/11/21 10:00 AM,25.0,2,615
08/11/21 11:00 AM,27.8,0,764
08/11/21 12:00 PM,28.9,0,866
08/11/21 01:00 PM,31.3,0,906
08/11/21 02:00 PM,32.2,0,885
08/11/21 03:00 PM,31.1,0,806
08/11/21 04:00 PM,29.6,0,676
08/11/21 05:00 PM,28.2,0,508
08/11/21 06:00 PM,25.7,0,318
08/11/21 07:00 PM,23.0,0,130
08/11/21 08:00 PM,21.2,0,11
08/11/21 09:00 PM,20.2,0,0
08/11/21 10:00 PM,19.6,2,0
08/11/21 11:00 PM,19.2,1,0
08/12/21 12:00 AM,18.6,4,0
08/12/21 01:00 AM,18.0,11,0
08/12/21 02:00 AM,17.8,25,0
08/12/21 03:00 AM,17.7,58,0
08/12/21 04:00 AM,17.8,85,0
08/12/21 05:00 AM,17.9,90,0
08/12/21 06:00 AM,18.1,90,0
08/12/21 07:00 AM,18.6,84,44
08/12/21 08:00 AM,20.1,8,186
08/12/21 09:00 AM,22.0,2,432
08/12/21 10:00 AM,24.3,2,632
08/12/21 11:00 AM,26.8,1,782
08/12/21 12:00 PM,29.3,0,882
08/12/21 01:00 PM,31.4,0,925
08/12/21 02:00 PM,32.7,0,907
08/12/21 03:00 PM,33.0,0,830
08/12/21 04:00 PM,32.1,0,697
08/12/21 05:00 PM,30.8,0,523
08/12/21 06:00 PM,28.3,0,326
08/12/21 07:00 PM,25.7,0,133
08/12/21 08:00 PM,23.2,0,11
08/12/21 09:00 PM,21.6,0,0
08/12/21 10:00 PM,20.6,0,0
08/12/21 11:00 PM,19.9,0,0
08/13/21 12:00 AM,19.6,0,0
08/13/21 01:00 AM,19.2,0,0
08/13/21 02:00 AM,19.0,0,0
08/13/21 03:00 AM,18.6,0,0
08/13/21 04:00 AM,18.1,0,0
08/13/21 05:00 AM,17.7,0,0
08/13/21 06:00 AM,17.5,0,1
08/13/21 07:00 AM,18.7,5,72
08/13/21 08:00 AM,20.8,5,246
08/13/21 09:00 AM,23.6,2,446
08/13/21 10:00 AM,26.7,0,626
08/13/21 11:00 AM,29.8,0,773
08/13/21 12:00 PM,31.6,0,873
08/13/21 01:00 PM,33.9,0,910
08/13/21 02:00 PM,35.5,28,890
08/13/21 03:00 PM,35.8,18,704
08/13/21 04:00 PM,36.1,10,666
08/13/21 05:00 PM,34.3,22,486
08/13/21 06:00 PM,30.3,9,272
08/13/21 07:00 PM,27.5,0,116
08/13/21 08:00 PM,25.0,0,9
08/13/21 09:00 PM,23.6,0,0
08/13/21 10:00 PM,22.5,0,0
08/13/21 11:00 PM,21.6,0,0
08/14/21 12:00 AM,21.4,4,0
08/14/21 01:00 AM,21.0,10,0
08/14/21 02:00 AM,20.7,20,0
08/14/21 03:00 AM,20.7,61,0
08/14/21 04:00 AM,20.4,14,0
08/14/21 05:00 AM,19.8,16,0
08/14/21 06:00 AM,19.4,2,0
08/14/21 07:00 AM,20.3,35,68
08/14/21 08:00 AM,22.1,30,151
08/14/21 09:00 AM,25.8,17,373
08/14/21 10:00 AM,29.3,12,585
08/14/21 11:00 AM,32.3,8,758
08/14/21 12:00 PM,31.5,21,862
08/14/21 01:00 PM,33.6,28,788
08/14/21 02:00 PM,34.4,20,815
08/14/21 03:00 PM,35.9,7,780
08/14/21 04:00 PM,36.6,1,673
08/14/21 05:00 PM,35.0,2,508
08/14/21 06:00 PM,31.8,0,313
08/14/21 07:00 PM,27.7,0,124
08/14/21 08:00 PM,25.2,22,8
08/14/21 09:00 PM,23.6,17,0
08/14/21 10:00 PM,22.2,1,0
08/14/21 11:00 PM,21.1,10,0
08/15/21 12:00 AM,20.3,4,0
08/15/21 01:00 AM,19.8,8,0
08/15/21 02:00 AM,19.5,7,0
08/15/21 03:00 AM,19.3,34,0
08/15/21 04:00 AM,19.5,32,0
08/15/21 05:00 AM,19.0,11,0
08/15/21 06:00 AM,18.6,11,0
08/15/21 07:00 AM,19.7,2,65
08/15/21 08:00 AM,22.0,7,241
08/15/21 09:00 AM,24.7,2,442
08/15/21 10:00 AM,27.5,0,628
08/15/21 11:00 AM,30.3,0,777
08/15/21 12:00 PM,30.7,31,874
08/15/21 01:00 PM,31.1,12,500
08/15/21 02:00 PM,33.7,12,860
08/15/21 03:00 PM,32.9,25,802
08/15/21 04:00 PM,31.6,5,595
08/15/21 05:00 PM,30.3,0,506
08/15/21 06:00 PM,28.2,0,314
08/15/21 07:00 PM,25.5,0,123
08/15/21 08:00 PM,23.1,0,8
08/15/21 09:00 PM,21.2,0,0
08/15/21 10:00 PM,20.2,0,0
08/15/21 11:00 PM,19.7,0,0
08/16/21 12:00 AM,19.3,0,0
08/16/21 01:00 AM,18.9,0,0
08/16/21 02:00 AM,18.5,0,0
08/16/21 03:00 AM,18.2,0,0
08/16/21 04:00 AM,17.8,0,0
08/16/21 05:00 AM,17.4,0,0
08/16/21 06:00 AM,17.3,0,0
08/16/21 07:00 AM,18.6,0,69
08/16/21 08:00 AM,20.6,0,250
08/16/21 09:00 AM,23.2,0,453
08/16/21 10:00 AM,25.9,0,637
08/16/21 11:00 AM,28.4,0,785
08/16/21 12:00 PM,30.4,0,883
08/16/21 01:00 PM,31.8,0,918
08/16/21 02:00 PM,32.4,0,893
08/16/21 03:00 PM,32.3,0,813
08/16/21 04:00 PM,31.1,0,681
08/16/21 05:00 PM,29.0,0,507
08/16/21 06:00 PM,26.4,0,309
08/16/21 07:00 PM,23.7,0,118
08/16/21 08:00 PM,21.8,0,7
08/16/21 09:00 PM,20.7,0,0
08/16/21 10:00 PM,20.3,0,0
08/16/21 11:00 PM,20.0,0,0
08/17/21 12:00 AM,19.5,0,0
08/17/21 01:00 AM,19.0,0,0
08/17/21 02:00 AM,18.7,0,0
08/17/21 03:00 AM,18.4,0,0
08/17/21 04:00 AM,18.0,0,0
08/17/21 05:00 AM,17.6,0,0
08/17/21 06:00 AM,17.3,0,0
08/17/21 07:00 AM,18.4,0,65
08/17/21 08:00 AM,20.6,0,241
08/17/21 09:00 AM,23.4,0,439
08/17/21 10:00 AM,26.4,0,621
08/17/21 11:00 AM,29.3,0,769
08/17/21 12:00 PM,30.6,0,867
08/17/21 01:00 PM,32.4,0,907
08/17/21 02:00 PM,33.2,0,885
08/17/21 03:00 PM,33.0,0,803
08/17/21 04:00 PM,32.5,0,672
08/17/21 05:00 PM,30.5,0,501
08/17/21 06:00 PM,27.5,0,305
08/17/21 07:00 PM,24.1,0,116
08/17/21 08:00 PM,22.0,0,6
08/17/21 09:00 PM,20.7,0,0
08/17/21 10:00 PM,20.0,0,0
08/17/21 11:00 PM,19.6,0,0
08/18/21 12:00 AM,19.4,0,0
08/18/21 01:00 AM,18.9,0,0
08/18/21 02:00 AM,18.5,0,0
08/18/21 03:00 AM,18.1,0,0
08/18/21 04:00 AM,17.8,0,0
08/18/21 05:00 AM,17.6,0,0
08/18/21 06:00 AM,17.5,0,0
08/18/21 07:00 AM,18.8,0,63
08/18/21 08:00 AM,20.4,0,238
08/18/21 09:00 AM,22.6,0,438
08/18/21 10:00 AM,25.2,0,623
08/18/21 11:00 AM,27.5,0,770
08/18/21 12:00 PM,29.5,0,866
08/18/21 01:00 PM,30.9,0,905
08/18/21 02:00 PM,30.9,0,883
08/18/21 03:00 PM,30.7,0,803
08/18/21 04:00 PM,29.5,0,673
08/18/21 05:00 PM,26.7,0,500
08/18/21 06:00 PM,24.0,0,302
08/18/21 07:00 PM,21.9,0,112
08/18/21 08:00 PM,20.4,0,5
08/18/21 09:00 PM,19.1,0,0
08/18/21 10:00 PM,18.6,0,0
08/18/21 11:00 PM,18.2,0,0
08/19/21 12:00 AM,17.8,0,0
08/19/21 01:00 AM,17.3,0,0
08/19/21 02:00 AM,16.9,0,0
08/19/21 03:00 AM,16.5,0,0
08/19/21 04:00 AM,16.3,0,0
08/19/21 05:00 AM,16.2,0,0
08/19/21 06:00 AM,16.0,1,0
08/19/21 07:00 AM,17.2,1,61
08/19/21 08:00 AM,18.9,0,235
08/19/21 09:00 AM,20.9,0,435
08/19/21 10:00 AM,22.9,0,618
08/19/21 11:00 AM,24.9,0,766
08/19/21 12:00 PM,26.2,0,863
08/19/21 01:00 PM,28.0,0,905
08/19/21 02:00 PM,28.9,0,883
08/19/21 03:00 PM,28.6,0,802
08/19/21 04:00 PM,27.3,0,670
08/19/21 05:00 PM,25.5,0,496
08/19/21 06:00 PM,23.2,0,298
08/19/21 07:00 PM,20.7,0,108
08/19/21 08:00 PM,19.1,0,5
08/19/21 09:00 PM,18.0,0,0
08/19/21 10:00 PM,17.3,0,0
08/19/21 11:00 PM,16.9,0,0
08/20/21 12:00 AM,17.0,0,0
08/20/21 01:00 AM,16.6,1,0
08/20/21 02:00 AM,16.3,11,0
08/20/21 03:00 AM,16.1,21,0
08/20/21 04:00 AM,16.0,28,0
08/20/21 05:00 AM,15.9,19,0
08/20/21 06:00 AM,15.6,9,0
08/20/21 07:00 AM,16.9,11,59
08/20/21 08:00 AM,18.5,4,228
08/20/21 09:00 AM,20.3,3,419
08/20/21 10:00 AM,22.5,0,614
08/20/21 11:00 AM,24.8,0,766
08/20/21 12:00 PM,26.6,0,860
08/20/21 01:00 PM,28.0,0,900
08/20/21 02:00 PM,28.7,0,879
08/20/21 03:00 PM,29.3,0,796
08/20/21 04:00 PM,29.2,0,662
08/20/21 05:00 PM,27.5,0,488
08/20/21 06:00 PM,25.1,0,291
08/20/21 07:00 PM,22.4,0,105
08/20/21 08:00 PM,20.9,0,4
08/20/21 09:00 PM,19.6,0,0
08/20/21 10:00 PM,18.8,0,0
08/20/21 11:00 PM,18.4,0,0
08/21/21 12:00 AM,18.0,0,0
08/21/21 01:00 AM,17.6,0,0
08/21/21 02:00 AM,17.4,0,0
08/21/21 03:00 AM,17.2,0,0
08/21/21 04:00 AM,16.9,0,0
08/21/21 05:00 AM,16.7,1,0
08/21/21 06:00 AM,16.5,1,0
08/21/21 07:00 AM,17.6,1,57
08/21/21 08:00 AM,19.6,0,228
08/21/21 09:00 AM,21.9,0,426
08/21/21 10:00 AM,24.2,0,608
08/21/21 11:00 AM,26.5,0,755
08/21/21 12:00 PM,28.5,0,850
08/21/21 01:00 PM,30.0,0,883
08/21/21 02:00 PM,30.8,0,860
08/21/21 03:00 PM,31.1,0,779
08/21/21 04:00 PM,30.3,0,647
08/21/21 05:00 PM,28.4,0,475
08/21/21 06:00 PM,26.3,0,281
08/21/21 07:00 PM,24.2,0,98
08/21/21 08:00 PM,22.6,0,3
08/21/21 09:00 PM,21.4,0,0
08/21/21 10:00 PM,20.6,0,0
08/21/21 11:00 PM,19.9,0,0
08/22/21 12:00 AM,19.6,14,0
08/22/21 01:00 AM,19.0,4,0
08/22/21 02:00 AM,18.5,6,0
08/22/21 03:00 AM,18.1,5,0
08/22/21 04:00 AM,17.9,3,0
08/22/21 05:00 AM,17.8,2,0
08/22/21 06:00 AM,17.7,2,0
08/22/21 07:00 AM,18.8,3,55
08/22/21 08:00 AM,20.5,1,224
08/22/21 09:00 AM,22.7,1,427
08/22/21 10:00 AM,25.0,0,611
08/22/21 11:00 AM,27.3,0,758
08/22/21 12:00 PM,29.5,0,854
08/22/21 01:00 PM,31.2,0,890
08/22/21 02:00 PM,31.5,0,869
08/22/21 03:00 PM,30.9,0,791
08/22/21 04:00 PM,30.2,1,653
08/22/21 05:00 PM,28.4,0,477
08/22/21 06:00 PM,26.1,0,280
08/22/21 07:00 PM,23.2,0,95
08/22/21 08:00 PM,21.2,0,3
08/22/21 09:00 PM,20.0,2,0
08/22/21 10:00 PM,19.6,2,0
08/22/21 11:00 PM,19.1,2,0
08/23/21 12:00 AM,19.1,3,0
08/23/21 01:00 AM,18.5,6,0
08/23/21 02:00 AM,18.3,6,0
08/23/21 03:00 AM,18.2,7,0
08/23/21 04:00 AM,18.2,8,0
08/23/21 05:00 AM,18.0,13,0
08/23/21 06:00 AM,17.9,15,0
08/23/21 07:00 AM,18.9,14,47
08/23/21 08:00 AM,20.8,6,196
08/23/21 09:00 AM,23.5,1,398
08/23/21 10:00 AM,26.4,1,591
08/23/21 11:00 AM,28.8,1,737
08/23/21 12:00 PM,29.7,5,823
08/23/21 01:00 PM,31.6,0,868
08/23/21 02:00 PM,32.1,0,844
08/23/21 03:00 PM,32.2,0,762
08/23/21 04:00 PM,31.8,0,634
08/23/21 05:00 PM,30.9,0,465
08/23/21 06:00 PM,28.8,0,274
08/23/21 07:00 PM,26.1,0,92
08/23/21 08:00 PM,24.1,0,2
08/23/21 09:00 PM,22.9,1,0
08/23/21 10:00 PM,21.9,1,0
08/23/21 11:00 PM,20.9,2,0
08/24/21 12:00 AM,20.4,6,0
08/24/21 01:00 AM,19.6,16,0
08/24/21 02:00 AM,18.9,27,0
08/24/21 03:00 AM,18.6,48,0
08/24/21 04:00 AM,18.2,38,0
08/24/21 05:00 AM,18.0,40,0
08/24/21 06:00 AM,18.0,38,0
08/24/21 07:00 AM,18.9,63,35
08/24/21 08:00 AM,20.1,44,143
08/24/21 09:00 AM,21.3,35,320
08/24/21 10:00 AM,21.6,88,469
08/24/21 11:00 AM,21.9,52,545
08/24/21 12:00 PM,22.5,40,694
08/24/21 01:00 PM,23.6,16,759
08/24/21 02:00 PM,24.4,3,783
08/24/21 03:00 PM,25.0,2,734
08/24/21 04:00 PM,24.9,1,612
08/24/21 05:00 PM,23.8,1,448
08/24/21 06:00 PM,22.7,4,255
08/24/21 07:00 PM,21.3,9,80
08/24/21 08:00 PM,20.2,9,2
08/24/21 09:00 PM,19.8,19,0
08/24/21 10:00 PM,19.5,14,0
08/24/21 11:00 PM,19.1,22,0
08/25/21 12:00 AM,19.1,22,0
08/25/21 01:00 AM,18.8,90,0
08/25/21 02:00 AM,19.1,90,0
08/25/21 03:00 AM,19.0,90,0
08/25/21 04:00 AM,18.9,90,0
08/25/21 05:00 AM,18.8,90,0
08/25/21 06:00 AM,18.7,90,0
08/25/21 07:00 AM,19.0,90,21
08/25/21 08:00 AM,19.4,90,93
08/25/21 09:00 AM,20.0,62,219
08/25/21 10:00 AM,20.9,32,391
08/25/21 11:00 AM,22.0,56,634
08/25/21 12:00 PM,22.7,13,739
08/25/21 01:00 PM,23.9,0,835
08/25/21 02:00 PM,24.3,9,829
08/25/21 03:00 PM,24.2,9,755
08/25/21 04:00 PM,23.4,14,626
08/25/21 05:00 PM,22.7,10,449
08/25/21 06:00 PM,21.5,4,261
08/25/21 07:00 PM,20.3,2,84
08/25/21 08:00 PM,19.3,0,1
08/25/21 09:00 PM,18.4,0,0
08/25/21 10:00 PM,18.0,0,0
08/25/21 11:00 PM,17.7,17,0
08/26/21 12:00 AM,17.7,12,0
08/26/21 01:00 AM,17.3,16,0
08/26/21 02:00 AM,16.6,26,0
08/26/21 03:00 AM,16.9,90,0
08/26/21 04:00 AM,16.7,90,0
08/26/21 05:00 AM,17.4,90,0
08/26/21 06:00 AM,17.4,90,0
08/26/21 07:00 AM,18.2,90,23
08/26/21 08:00 AM,18.9,90,102
08/26/21 09:00 AM,20.0,57,224
08/26/21 10:00 AM,21.9,4,518
08/26/21 11:00 AM,23.8,0,741
08/26/21 12:00 PM,25.1,0,842
08/26/21 01:00 PM,26.7,0,880
08/26/21 02:00 PM,27.4,0,857
08/26/21 03:00 PM,27.8,0,774
08/26/21 04:00 PM,26.9,0,638
08/26/21 05:00 PM,25.4,0,460
08/26/21 06:00 PM,23.6,0,261
08/26/21 07:00 PM,21.3,1,81
08/26/21 08:00 PM,19.8,0,1
08/26/21 09:00 PM,19.4,0,0
08/26/21 10:00 PM,19.1,0,0
08/26/21 11:00 PM,18.4,0,0
08/27/21 12:00 AM,18.1,0,0
08/27/21 01:00 AM,18.4,2,0
08/27/21 02:00 AM,16.7,0,0
08/27/21 03:00 AM,16.5,85,0
08/27/21 04:00 AM,17.0,16,0
08/27/21 05:00 AM,16.7,90,0
08/27/21 06:00 AM,16.4,90,0
08/27/21 07:00 AM,17.0,67,33
08/27/21 08:00 AM,18.2,75,168
08/27/21 09:00 AM,20.0,1,319
08/27/21 10:00 AM,22.3,0,571
08/27/21 11:00 AM,23.6,0,709
08/27/21 12:00 PM,23.2,16,787
08/27/21 01:00 PM,23.8,0,741
08/27/21 02:00 PM,24.3,0,830
08/27/21 03:00 PM,24.4,1,754
08/27/21 04:00 PM,24.0,2,621
08/27/21 05:00 PM,23.1,1,455
08/27/21 06:00 PM,21.9,0,262
08/27/21 07:00 PM,20.2,0,80
08/27/21 08:00 PM,19.3,0,1
08/27/21 09:00 PM,18.7,0,0
08/27/21 10:00 PM,18.5,0,0
08/27/21 11:00 PM,18.4,0,0
08/28/21 12:00 AM,18.4,1,0
08/28/21 01:00 AM,18.1,4,0
08/28/21 02:00 AM,17.3,14,0
08/28/21 03:00 AM,18.5,14,0
08/28/21 04:00 AM,17.4,17,0
08/28/21 05:00 AM,17.1,21,0
08/28/21 06:00 AM,17.1,88,0
08/28/21 07:00 AM,18.5,40,36
08/28/21 08:00 AM,20.0,61,168
08/28/21 09:00 AM,21.9,74,345
08/28/21 10:00 AM,23.3,94,487
08/28/21 11:00 AM,23.3,76,573
08/28/21 12:00 PM,23.6,79,584
08/28/21 01:00 PM,24.1,32,595
08/28/21 02:00 PM,25.4,30,726
08/28/21 03:00 PM,25.7,79,699
08/28/21 04:00 PM,25.2,58,561
08/28/21 05:00 PM,24.7,23,422
08/28/21 06:00 PM,24.4,34,225
08/28/21 07:00 PM,23.0,19,66
08/28/21 08:00 PM,21.3,20,1
08/28/21 09:00 PM,20.7,16,0
08/28/21 10:00 PM,20.2,14,0
08/28/21 11:00 PM,19.6,9,0
08/29/21 12:00 AM,19.7,4,0
08/29/21 01:00 AM,19.2,3,0
08/29/21 02:00 AM,18.7,13,0
08/29/21 03:00 AM,18.5,16,0
08/29/21 04:00 AM,18.4,44,0
08/29/21 05:00 AM,18.1,68,0
08/29/21 06:00 AM,18.2,52,0
08/29/21 07:00 AM,19.2,49,32
08/29/21 08:00 AM,20.8,92,163
08/29/21 09:00 AM,22.3,76,271
08/29/21 10:00 AM,23.3,20,401
08/29/21 11:00 AM,25.0,2,696
08/29/21 12:00 PM,25.6,61,815
08/29/21 01:00 PM,25.6,19,722
08/29/21 02:00 PM,25.7,5,725
08/29/21 03:00 PM,25.8,6,748
08/29/21 04:00 PM,25.0,10,612
08/29/21 05:00 PM,23.8,18,436
08/29/21 06:00 PM,22.2,19,236
08/29/21 07:00 PM,20.7,6,67
08/29/21 08:00 PM,19.8,16,0
08/29/21 09:00 PM,19.7,48,0
08/29/21 10:00 PM,19.7,41,0
08/29/21 11:00 PM,19.5,12,0
08/30/21 12:00 AM,18.9,6,0
08/30/21 01:00 AM,18.8,67,0
08/30/21 02:00 AM,18.9,90,0
08/30/21 03:00 AM,19.1,91,0
08/30/21 04:00 AM,19.5,90,0
08/30/21 05:00 AM,19.6,71,0
08/30/21 06:00 AM,19.3,88,0
08/30/21 07:00 AM,20.0,81,23
08/30/21 08:00 AM,21.1,33,155
08/30/21 09:00 AM,22.5,67,300
08/30/21 10:00 AM,24.2,64,469
08/30/21 11:00 AM,25.1,73,546
08/30/21 12:00 PM,25.3,36,661
08/30/21 01:00 PM,26.1,59,802
08/30/21 02:00 PM,25.9,1,763
08/30/21 03:00 PM,25.9,0,740
08/30/21 04:00 PM,25.2,0,605
08/30/21 05:00 PM,24.0,2,432
08/30/21 06:00 PM,22.6,2,240
08/30/21 07:00 PM,21.3,0,65
08/30/21 08:00 PM,20.8,5,0
08/30/21 09:00 PM,20.4,0,0
08/30/21 10:00 PM,19.8,1,0
08/30/21 11:00 PM,19.3,2,0
08/31/21 12:00 AM,18.6,4,0
08/31/21 01:00 AM,18.4,15,0
08/31/21 02:00 AM,18.5,40,0
08/31/21 03:00 AM,18.7,24,0
08/31/21 04:00 AM,18.3,14,0
08/31/21 05:00 AM,17.9,19,0
08/31/21 06:00 AM,17.8,14,0
08/31/21 07:00 AM,18.7,14,37
08/31/21 08:00 AM,20.7,13,185
08/31/21 09:00 AM,22.8,23,379
08/31/21 10:00 AM,24.8,24,556
08/31/21 11:00 AM,26.2,10,693
08/31/21 12:00 PM,27.6,4,806
08/31/21 01:00 PM,28.5,5,843
08/31/21 02:00 PM,28.2,13,815
08/31/21 03:00 PM,27.4,27,722
08/31/21 04:00 PM,27.3,19,592
08/31/21 05:00 PM,26.2,21,425
08/31/21 06:00 PM,24.4,14,217
08/31/21 07:00 PM,22.6,15,59
08/31/21 08:00 PM,21.8,17,0
08/31/21 09:00 PM,21.1,24,0
08/31/21 10:00 PM,20.5,24,0
08/31/21 11:00 PM,20.0,26,0
09/01/21 12:00 AM,19.6,6,0
09/01/21 01:00 AM,19.2,5,0
09/01/21 02:00 AM,18.7,7,0
09/01/21 03:00 AM,18.3,4,0
09/01/21 04:00 AM,18.0,1,0
09/01/21 05:00 AM,17.9,5,0
09/01/21 06:00 AM,17.8,23,0
09/01/21 07:00 AM,18.9,35,33
09/01/21 08:00 AM,20.7,30,151
09/01/21 09:00 AM,22.2,33,330
09/01/21 10:00 AM,23.4,25,480
09/01/21 11:00 AM,24.1,22,623
09/01/21 12:00 PM,23.2,23,736
09/01/21 01:00 PM,25.3,35,678
09/01/21 02:00 PM,25.4,47,714
09/01/21 03:00 PM,24.8,36,562
09/01/21 04:00 PM,24.9,16,481
09/01/21 05:00 PM,24.7,12,387
09/01/21 06:00 PM,23.6,23,209
09/01/21 07:00 PM,22.5,26,52
09/01/21 08:00 PM,21.8,21,0
09/01/21 09:00 PM,21.4,8,0
09/01/21 10:00 PM,20.9,4,0
09/01/21 11:00 PM,20.0,5,0
09/02/21 12:00 AM,19.7,21,0
09/02/21 01:00 AM,19.1,21,0
09/02/21 02:00 AM,18.7,14,0
09/02/21 03:00 AM,18.3,5,0
09/02/21 04:00 AM,18.1,2,0
09/02/21 05:00 AM,17.9,4,0
09/02/21 06:00 AM,17.7,12,0
09/02/21 07:00 AM,18.5,5,36
09/02/21 08:00 AM,20.2,1,192
09/02/21 09:00 AM,22.0,0,388
09/02/21 10:00 AM,23.8,0,570
09/02/21 11:00 AM,25.2,2,714
09/02/21 12:00 PM,26.3,11,805
09/02/21 01:00 PM,26.9,1,824
09/02/21 02:00 PM,27.3,0,815
09/02/21 03:00 PM,27.5,0,730
09/02/21 04:00 PM,26.5,0,601
09/02/21 05:00 PM,25.5,1,424
09/02/21 06:00 PM,23.9,1,230
09/02/21 07:00 PM,22.1,1,57
09/02/21 08:00 PM,21.1,1,0
09/02/21 09:00 PM,20.5,1,0
09/02/21 10:00 PM,19.9,0,0
09/02/21 11:00 PM,19.5,2,0
09/03/21 12:00 AM,18.9,2,0
09/03/21 01:00 AM,18.4,4,0
09/03/21 02:00 AM,18.0,4,0
09/03/21 03:00 AM,17.8,15,0
09/03/21 04:00 AM,17.7,20,0
09/03/21 05:00 AM,17.7,24,0
09/03/21 06:00 AM,17.7,31,0
09/03/21 07:00 AM,18.4,26,35
09/03/21 08:00 AM,20.1,30,189
09/03/21 09:00 AM,21.7,16,385
09/03/21 10:00 AM,23.6,16,559
09/03/21 11:00 AM,25.2,18,709
09/03/21 12:00 PM,25.7,18,809
09/03/21 01:00 PM,26.1,10,841
09/03/21 02:00 PM,26.6,0,816
09/03/21 03:00 PM,26.6,0,732
09/03/21 04:00 PM,26.4,6,595
09/03/21 05:00 PM,25.8,6,420
09/03/21 06:00 PM,24.6,4,226
09/03/21 07:00 PM,22.7,10,55
09/03/21 08:00 PM,21.4,9,0
09/03/21 09:00 PM,20.5,13,0
09/03/21 10:00 PM,19.6,8,0
09/03/21 11:00 PM,18.8,1,0
09/04/21 12:00 AM,18.5,15,0
09/04/21 01:00 AM,18.0,18,0
09/04/21 02:00 AM,17.5,27,0
09/04/21 03:00 AM,17.2,30,0
09/04/21 04:00 AM,16.8,31,0
09/04/21 05:00 AM,16.4,14,0
09/04/21 06:00 AM,16.1,13,0
09/04/21 07:00 AM,17.0,11,34
09/04/21 08:00 AM,19.1,14,189
09/04/21 09:00 AM,21.3,24,389
09/04/21 10:00 AM,23.7,9,571
09/04/21 11:00 AM,25.7,20,716
09/04/21 12:00 PM,26.8,22,808
09/04/21 01:00 PM,28.3,15,840
09/04/21 02:00 PM,28.9,8,816
09/04/21 03:00 PM,29.2,0,731
09/04/21 04:00 PM,29.1,0,595
09/04/21 05:00 PM,28.7,0,419
09/04/21 06:00 PM,27.5,17,225
09/04/21 07:00 PM,24.7,0,52
09/04/21 08:00 PM,23.1,0,0
09/04/21 09:00 PM,22.7,2,0
09/04/21 10:00 PM,21.8,3,0
09/04/21 11:00 PM,21.0,5,0
09/05/21 12:00 AM,19.8,3,0
09/05/21 01:00 AM,18.3,6,0
09/05/21 02:00 AM,17.7,28,0
09/05/21 03:00 AM,18.4,26,0
09/05/21 04:00 AM,18.0,22,0
09/05/21 05:00 AM,17.3,23,0
09/05/21 06:00 AM,16.5,10,0
09/05/21 07:00 AM,18.1,1,33
09/05/21 08:00 AM,20.5,1,191
09/05/21 09:00 AM,22.7,11,385
09/05/21 10:00 AM,24.8,14,565
09/05/21 11:00 AM,26.2,26,709
09/05/21 12:00 PM,28.3,4,789
09/05/21 01:00 PM,29.6,1,830
09/05/21 02:00 PM,29.7,22,807
09/05/21 03:00 PM,27.6,12,570
09/05/21 04:00 PM,28.0,36,562
09/05/21 05:00 PM,25.6,69,349
09/05/21 06:00 PM,25.1,57,93
09/05/21 07:00 PM,22.1,52,33
09/05/21 08:00 PM,22.3,34,0
09/05/21 09:00 PM,21.9,26,0
09/05/21 10:00 PM,21.3,37,0
09/05/21 11:00 PM,20.5,10,0
09/06/21 12:00 AM,19.8,21,0
09/06/21 01:00 AM,20.2,34,0
09/06/21 02:00 AM,20.1,27,0
09/06/21 03:00 AM,19.8,75,0
09/06/21 04:00 AM,19.6,61,0
09/06/21 05:00 AM,19.0,100,0
09/06/21 06:00 AM,18.5,100,0
09/06/21 07:00 AM,18.6,100,13
09/06/21 08:00 AM,18.9,100,57
09/06/21 09:00 AM,20.2,44,195
09/06/21 10:00 AM,22.3,15,469
09/06/21 11:00 AM,23.8,27,665
09/06/21 12:00 PM,24.7,28,655
09/06/21 01:00 PM,24.8,10,640
09/06/21 02:00 PM,25.7,10,784
09/06/21 03:00 PM,25.6,13,709
09/06/21 04:00 PM,25.3,10,571
09/06/21 05:00 PM,24.5,11,396
09/06/21 06:00 PM,23.1,7,208
09/06/21 07:00 PM,21.6,3,44
09/06/21 08:00 PM,21.1,4,0
09/06/21 09:00 PM,20.7,8,0
09/06/21 10:00 PM,20.5,16,0
09/06/21 11:00 PM,20.2,22,0
09/07/21 12:00 AM,20.6,41,0
09/07/21 01:00 AM,20.4,62,0
09/07/21 02:00 AM,20.2,100,0
09/07/21 03:00 AM,20.3,100,0
09/07/21 04:00 AM,20.3,100,0
09/07/21 05:00 AM,20.1,100,0
09/07/21 06:00 AM,20.1,100,0
09/07/21 07:00 AM,20.4,100,18
09/07/21 08:00 AM,20.8,18,102
09/07/21 09:00 AM,22.1,34,336
09/07/21 10:00 AM,22.7,43,447
09/07/21 11:00 AM,22.9,32,543
09/07/21 12:00 PM,24.4,35,654
09/07/21 01:00 PM,24.6,22,641
09/07/21 02:00 PM,25.0,13,736
09/07/21 03:00 PM,24.8,14,658
09/07/21 04:00 PM,24.4,21,542
09/07/21 05:00 PM,23.7,14,357
09/07/21 06:00 PM,22.7,18,190
09/07/21 07:00 PM,21.6,19,39
09/07/21 08:00 PM,20.8,11,0
09/07/21 09:00 PM,20.1,8,0
09/07/21 10:00 PM,19.7,10,0
09/07/21 11:00 PM,19.6,8,0
09/08/21 12:00 AM,20.0,25,0
09/08/21 01:00 AM,19.8,25,0
09/08/21 02:00 AM,19.8,17,0
09/08/21 03:00 AM,19.6,14,0
09/08/21 04:00 AM,19.3,6,0
09/08/21 05:00 AM,19.1,5,0
09/08/21 06:00 AM,18.9,28,0
09/08/21 07:00 AM,19.6,11,25
09/08/21 08:00 AM,21.2,19,171
09/08/21 09:00 AM,22.6,20,330
09/08/21 10:00 AM,23.7,30,489
09/08/21 11:00 AM,24.1,47,555
09/08/21 12:00 PM,23.8,72,579
09/08/21 01:00 PM,24.3,75,558
09/08/21 02:00 PM,24.6,51,545
09/08/21 03:00 PM,24.8,42,565
09/08/21 04:00 PM,24.5,84,509
09/08/21 05:00 PM,23.7,49,306
09/08/21 06:00 PM,22.7,39,170
09/08/21 07:00 PM,21.4,20,31
09/08/21 08:00 PM,21.0,14,0
09/08/21 09:00 PM,20.5,5,0
09/08/21 10:00 PM,19.9,9,0
09/08/21 11:00 PM,19.5,13,0
09/09/21 12:00 AM,19.6,13,0
09/09/21 01:00 AM,19.4,16,0
09/09/21 02:00 AM,19.3,16,0
09/09/21 03:00 AM,19.2,22,0
09/09/21 04:00 AM,19.1,36,0
09/09/21 05:00 AM,19.0,35,0
09/09/21 06:00 AM,19.0,38,0
09/09/21 07:00 AM,19.6,36,24
09/09/21 08:00 AM,21.3,27,158
09/09/21 09:00 AM,22.9,29,317
09/09/21 10:00 AM,24.3,50,483
09/09/21 11:00 AM,25.5,88,576
09/09/21 12:00 PM,24.7,93,537
09/09/21 01:00 PM,25.8,91,425
09/09/21 02:00 PM,26.3,76,555
09/09/21 03:00 PM,25.4,3,428
09/09/21 04:00 PM,25.3,0,543
09/09/21 05:00 PM,24.1,13,389
09/09/21 06:00 PM,22.8,24,195
09/09/21 07:00 PM,21.5,1,35
09/09/21 08:00 PM,20.7,2,0
09/09/21 09:00 PM,20.1,16,0
09/09/21 10:00 PM,19.7,19,0
09/09/21 11:00 PM,19.5,22,0
09/10/21 12:00 AM,19.6,43,0
09/10/21 01:00 AM,19.3,32,0
09/10/21 02:00 AM,19.2,23,0
09/10/21 03:00 AM,18.5,31,0
09/10/21 04:00 AM,18.3,29,0
09/10/21 05:00 AM,18.6,32,0
09/10/21 06:00 AM,18.7,90,0
09/10/21 07:00 AM,19.6,75,20
09/10/21 08:00 AM,20.8,30,124
09/10/21 09:00 AM,22.6,29,322
09/10/21 10:00 AM,24.2,24,538
09/10/21 11:00 AM,25.4,4,682
09/10/21 12:00 PM,26.0,100,754
09/10/21 01:00 PM,25.3,68,448
09/10/21 02:00 PM,26.7,29,763
09/10/21 03:00 PM,26.7,27,633
09/10/21 04:00 PM,26.4,2,556
09/10/21 05:00 PM,25.6,9,380
09/10/21 06:00 PM,24.2,24,190
09/10/21 07:00 PM,22.6,27,33
09/10/21 08:00 PM,21.7,28,0
09/10/21 09:00 PM,21.1,30,0
09/10/21 10:00 PM,20.6,29,0
09/10/21 11:00 PM,20.3,29,0
09/11/21 12:00 AM,20.2,29,0
09/11/21 01:00 AM,19.9,30,0
09/11/21 02:00 AM,19.1,42,0
09/11/21 03:00 AM,18.8,44,0
09/11/21 04:00 AM,17.9,38,0
09/11/21 05:00 AM,17.5,35,0
09/11/21 06:00 AM,17.7,32,0
09/11/21 07:00 AM,18.6,55,16
09/11/21 08:00 AM,19.8,41,87
09/11/21 09:00 AM,22.2,38,295
09/11/21 10:00 AM,24.1,30,413
09/11/21 11:00 AM,24.9,60,503
09/11/21 12:00 PM,28.3,20,264
09/11/21 01:00 PM,28.8,37,711
09/11/21 02:00 PM,28.8,4,753
09/11/21 03:00 PM,28.7,1,680
09/11/21 04:00 PM,28.2,0,555
09/11/21 05:00 PM,26.8,0,384
09/11/21 06:00 PM,24.6,0,190
09/11/21 07:00 PM,22.3,0,32
09/11/21 08:00 PM,21.0,0,0
09/11/21 09:00 PM,20.2,1,0
09/11/21 10:00 PM,19.5,8,0
09/11/21 11:00 PM,19.0,11,0
09/12/21 12:00 AM,19.0,12,0
09/12/21 01:00 AM,18.6,7,0
09/12/21 02:00 AM,17.6,23,0
09/12/21 03:00 AM,18.0,100,0
09/12/21 04:00 AM,18.7,100,0
09/12/21 05:00 AM,19.0,100,0
09/12/21 06:00 AM,19.0,100,0
09/12/21 07:00 AM,19.2,100,13
09/12/21 08:00 AM,19.8,70,93
09/12/21 09:00 AM,21.3,79,253
09/12/21 10:00 AM,22.6,40,489
09/12/21 11:00 AM,23.8,28,613
09/12/21 12:00 PM,26.7,28,720
09/12/21 01:00 PM,27.2,29,717
09/12/21 02:00 PM,27.4,29,675
09/12/21 03:00 PM,25.2,30,445
09/12/21 04:00 PM,24.3,26,401
09/12/21 05:00 PM,23.8,29,369
09/12/21 06:00 PM,22.4,31,174
09/12/21 07:00 PM,21.0,35,24
09/12/21 08:00 PM,20.6,31,0
09/12/21 09:00 PM,20.3,36,0
09/12/21 10:00 PM,20.2,53,0
09/12/21 11:00 PM,20.2,61,0
09/13/21 12:00 AM,20.7,83,0
09/13/21 01:00 AM,20.8,100,0
09/13/21 02:00 AM,20.9,100,0
09/13/21 03:00 AM,20.8,100,0
09/13/21 04:00 AM,19.2,100,0
09/13/21 05:00 AM,18.8,63,0
09/13/21 06:00 AM,19.3,100,0
09/13/21 07:00 AM,18.9,100,6
09/13/21 08:00 AM,18.8,100,40
09/13/21 09:00 AM,19.5,68,141
09/13/21 10:00 AM,20.1,65,248
09/13/21 11:00 AM,20.5,100,433
09/13/21 12:00 PM,22.4,67,176
09/13/21 01:00 PM,24.3,42,483
09/13/21 02:00 PM,24.8,42,648
09/13/21 03:00 PM,24.3,62,609
09/13/21 04:00 PM,23.7,13,379
09/13/21 05:00 PM,22.9,46,335
09/13/21 06:00 PM,21.6,45,119
09/13/21 07:00 PM,21.0,44,18
09/13/21 08:00 PM,20.8,43,0
09/13/21 09:00 PM,20.4,58,0
09/13/21 10:00 PM,19.4,60,0
09/13/21 11:00 PM,19.3,37,0
09/14/21 12:00 AM,19.7,20,0
09/14/21 01:00 AM,19.4,58,0
09/14/21 02:00 AM,19.1,83,0
09/14/21 03:00 AM,18.9,100,0
09/14/21 04:00 AM,19.2,100,0
09/14/21 05:00 AM,18.8,100,0
09/14/21 06:00 AM,18.7,100,0
09/14/21 07:00 AM,19.1,45,6
09/14/21 08:00 AM,19.1,99,74
09/14/21 09:00 AM,20.1,100,205
09/14/21 10:00 AM,20.3,100,181
09/14/21 11:00 AM,20.4,100,355
09/14/21 12:00 PM,21.9,53,318
09/14/21 01:00 PM,22.1,75,477
09/14/21 02:00 PM,21.7,62,408
09/14/21 03:00 PM,22.1,24,489
09/14/21 04:00 PM,22.5,11,506
09/14/21 05:00 PM,21.8,23,337
09/14/21 06:00 PM,20.9,41,158
09/14/21 07:00 PM,19.8,40,20
09/14/21 08:00 PM,19.3,40,0
09/14/21 09:00 PM,19.0,31,0
09/14/21 10:00 PM,18.0,13,0
09/14/21 11:00 PM,17.4,13,0
09/15/21 12:00 AM,18.2,35,0
09/15/21 01:00 AM,18.2,82,0
09/15/21 02:00 AM,18.3,56,0
09/15/21 03:00 AM,18.2,42,0
09/15/21 04:00 AM,18.1,35,0
09/15/21 05:00 AM,17.2,16,0
09/15/21 06:00 AM,16.4,16,0
09/15/21 07:00 AM,17.6,34,20
09/15/21 08:00 AM,18.9,21,138
09/15/21 09:00 AM,20.2,72,307
09/15/21 10:00 AM,21.3,68,398
09/15/21 11:00 AM,22.1,66,451
09/15/21 12:00 PM,22.4,100,555
09/15/21 01:00 PM,22.8,100,445
09/15/21 02:00 PM,22.6,80,491
09/15/21 03:00 PM,22.8,60,462
09/15/21 04:00 PM,23.0,53,367
09/15/21 05:00 PM,23.0,38,265
09/15/21 06:00 PM,22.4,44,134
09/15/21 07:00 PM,21.1,12,17
09/15/21 08:00 PM,20.0,1,0
09/15/21 09:00 PM,19.3,8,0
09/15/21 10:00 PM,19.0,25,0
09/15/21 11:00 PM,18.8,14,0
09/16/21 12:00 AM,18.9,3,0
09/16/21 01:00 AM,18.9,6,0
09/16/21 02:00 AM,18.7,8,0
09/16/21 03:00 AM,18.5,10,0
09/16/21 04:00 AM,18.5,29,0
09/16/21 05:00 AM,18.6,30,0
09/16/21 06:00 AM,18.6,79,0
09/16/21 07:00 AM,19.2,90,16
09/16/21 08:00 AM,20.5,50,116
09/16/21 09:00 AM,21.7,54,280
09/16/21 10:00 AM,23.2,17,491
09/16/21 11:00 AM,24.5,0,662
09/16/21 12:00 PM,24.7,18,758
09/16/21 01:00 PM,25.4,41,715
09/16/21 02:00 PM,25.8,49,619
09/16/21 03:00 PM,26.7,41,573
09/16/21 04:00 PM,26.3,3,491
09/16/21 05:00 PM,24.5,12,343
09/16/21 06:00 PM,22.9,4,160
09/16/21 07:00 PM,21.1,2,21
09/16/21 08:00 PM,19.7,4,0
09/16/21 09:00 PM,19.1,7,0
09/16/21 10:00 PM,18.7,4,0
09/16/21 11:00 PM,18.4,11,0
09/17/21 12:00 AM,18.7,6,0
09/17/21 01:00 AM,18.4,6,0
09/17/21 02:00 AM,18.0,8,0
09/17/21 03:00 AM,17.7,16,0
09/17/21 04:00 AM,17.7,27,0
09/17/21 05:00 AM,17.9,68,0
09/17/21 06:00 AM,18.1,29,0
09/17/21 07:00 AM,18.3,14,18
09/17/21 08:00 AM,19.7,14,156
09/17/21 09:00 AM,20.9,14,349
09/17/21 10:00 AM,22.0,8,509
09/17/21 11:00 AM,23.2,3,666
09/17/21 12:00 PM,24.3,29,766
09/17/21 01:00 PM,25.0,0,771
09/17/21 02:00 PM,25.7,0,763
09/17/21 03:00 PM,25.7,0,673
09/17/21 04:00 PM,25.0,3,529
09/17/21 05:00 PM,24.2,5,351
09/17/21 06:00 PM,22.8,1,157
09/17/21 07:00 PM,21.3,1,18
09/17/21 08:00 PM,20.4,6,0
09/17/21 09:00 PM,19.9,11,0
09/17/21 10:00 PM,19.2,30,0
09/17/21 11:00 PM,18.6,4,0
09/18/21 12:00 AM,18.3,3,0
09/18/21 01:00 AM,17.8,1,0
09/18/21 02:00 AM,17.5,2,0
09/18/21 03:00 AM,17.2,4,0
09/18/21 04:00 AM,16.9,4,0
09/18/21 05:00 AM,16.7,4,0
09/18/21 06:00 AM,16.6,6,0
09/18/21 07:00 AM,17.1,4,19
09/18/21 08:00 AM,18.6,1,162
09/18/21 09:00 AM,19.7,14,361
09/18/21 10:00 AM,20.9,15,529
09/18/21 11:00 AM,21.8,15,659
09/18/21 12:00 PM,23.3,6,744
09/18/21 01:00 PM,23.9,1,796
09/18/21 02:00 PM,23.9,0,775
09/18/21 03:00 PM,23.4,0,681
09/18/21 04:00 PM,22.6,0,538
09/18/21 05:00 PM,21.4,0,357
09/18/21 06:00 PM,20.0,0,162
09/18/21 07:00 PM,18.5,0,18
09/18/21 08:00 PM,17.6,0,0
09/18/21 09:00 PM,17.2,0,0
09/18/21 10:00 PM,17.0,0,0
09/18/21 11:00 PM,16.8,0,0
09/19/21 12:00 AM,17.1,0,0
09/19/21 01:00 AM,16.9,0,0
09/19/21 02:00 AM,16.7,0,0
09/19/21 03:00 AM,16.4,0,0
09/19/21 04:00 AM,16.2,0,0
09/19/21 05:00 AM,16.0,0,0
09/19/21 06:00 AM,15.8,0,0
09/19/21 07:00 AM,16.1,0,17
09/19/21 08:00 AM,17.7,0,160
09/19/21 09:00 AM,19.4,0,355
09/19/21 10:00 AM,21.3,0,536
09/19/21 11:00 AM,23.1,0,679
09/19/21 12:00 PM,24.4,0,770
09/19/21 01:00 PM,25.5,0,799
09/19/21 02:00 PM,26.1,0,767
09/19/21 03:00 PM,26.2,0,675
09/19/21 04:00 PM,24.4,0,531
09/19/21 05:00 PM,22.7,0,349
09/19/21 06:00 PM,20.5,0,156
09/19/21 07:00 PM,19.1,0,16
09/19/21 08:00 PM,18.4,0,0
09/19/21 09:00 PM,17.8,0,0
09/19/21 10:00 PM,17.5,0,0
09/19/21 11:00 PM,17.2,0,0
09/20/21 12:00 AM,17.4,0,0
09/20/21 01:00 AM,17.1,0,0
09/20/21 02:00 AM,16.9,1,0
09/20/21 03:00 AM,16.8,1,0
09/20/21 04:00 AM,16.8,2,0
09/20/21 05:00 AM,16.7,4,0
09/20/21 06:00 AM,16.5,4,0
09/20/21 07:00 AM,16.7,2,16
09/20/21 08:00 AM,18.3,5,156
09/20/21 09:00 AM,19.8,1,346
09/20/21 10:00 AM,21.5,0,531
09/20/21 11:00 AM,23.3,0,675
09/20/21 12:00 PM,24.8,0,766
09/20/21 01:00 PM,25.8,0,799
09/20/21 02:00 PM,26.2,0,767
09/20/21 03:00 PM,26.1,0,674
09/20/21 04:00 PM,25.1,0,528
09/20/21 05:00 PM,24.0,0,344
09/20/21 06:00 PM,22.3,0,151
09/20/21 07:00 PM,20.6,0,14
09/20/21 08:00 PM,20.1,0,0
09/20/21 09:00 PM,19.7,0,0
09/20/21 10:00 PM,19.3,0,0
09/20/21 11:00 PM,18.9,0,0
09/21/21 12:00 AM,18.7,0,0
09/21/21 01:00 AM,18.1,0,0
09/21/21 02:00 AM,18.1,0,0
09/21/21 03:00 AM,18.4,0,0
09/21/21 04:00 AM,17.9,0,0
09/21/21 05:00 AM,17.4,0,0
09/21/21 06:00 AM,17.1,0,0
09/21/21 07:00 AM,17.0,0,16
09/21/21 08:00 AM,18.6,0,158
09/21/21 09:00 AM,20.4,0,353
09/21/21 10:00 AM,22.4,0,534
09/21/21 11:00 AM,24.2,0,677
09/21/21 12:00 PM,25.9,0,769
09/21/21 01:00 PM,27.2,0,798
09/21/21 02:00 PM,28.1,0,765
09/21/21 03:00 PM,28.4,0,673
09/21/21 04:00 PM,28.1,0,527
09/21/21 05:00 PM,27.4,0,344
09/21/21 06:00 PM,25.6,0,149
09/21/21 07:00 PM,23.4,0,13
09/21/21 08:00 PM,22.0,0,0
09/21/21 09:00 PM,20.9,0,0
09/21/21 10:00 PM,20.0,0,0
09/21/21 11:00 PM,19.3,0,0
09/22/21 12:00 AM,18.6,0,0
09/22/21 01:00 AM,18.0,2,0
09/22/21 02:00 AM,17.5,4,0
09/22/21 03:00 AM,17.0,0,0
09/22/21 04:00 AM,16.5,0,0
09/22/21 05:00 AM,16.2,0,0
09/22/21 06:00 AM,15.9,0,0
09/22/21 07:00 AM,16.1,0,15
09/22/21 08:00 AM,18.2,0,154
09/22/21 09:00 AM,20.8,0,348
09/22/21 10:00 AM,23.2,0,529
09/22/21 11:00 AM,25.3,0,673
09/22/21 12:00 PM,26.3,0,764
09/22/21 01:00 PM,27.5,0,790
09/22/21 02:00 PM,27.7,0,756
09/22/21 03:00 PM,28.0,10,666
09/22/21 04:00 PM,27.5,8,510
09/22/21 05:00 PM,27.0,4,329
09/22/21 06:00 PM,23.5,13,137
09/22/21 07:00 PM,22.5,5,10
09/22/21 08:00 PM,21.8,11,0
09/22/21 09:00 PM,20.5,30,0
09/22/21 10:00 PM,19.0,32,0
09/22/21 11:00 PM,17.9,33,0
09/23/21 12:00 AM,16.4,16,0
09/23/21 01:00 AM,17.0,23,0
09/23/21 02:00 AM,16.8,30,0
09/23/21 03:00 AM,16.6,18,0
09/23/21 04:00 AM,15.9,11,0
09/23/21 05:00 AM,15.7,27,0
09/23/21 06:00 AM,15.3,12,0
09/23/21 07:00 AM,16.4,8,13
09/23/21 08:00 AM,17.9,90,140
09/23/21 09:00 AM,18.4,100,143
09/23/21 10:00 AM,19.4,82,218
09/23/21 11:00 AM,21.3,100,562
09/23/21 12:00 PM,23.8,23,228
09/23/21 01:00 PM,24.2,19,636
09/23/21 02:00 PM,24.2,11,679
09/23/21 03:00 PM,24.5,25,604
09/23/21 04:00 PM,23.9,4,464
09/23/21 05:00 PM,22.1,2,306
09/23/21 06:00 PM,21.5,6,130
09/23/21 07:00 PM,20.0,36,9
09/23/21 08:00 PM,19.1,24,0
09/23/21 09:00 PM,18.1,6,0
09/23/21 10:00 PM,17.0,1,0
09/23/21 11:00 PM,16.5,1,0
09/24/21 12:00 AM,17.4,18,0
09/24/21 01:00 AM,16.4,14,0
09/24/21 02:00 AM,15.8,11,0
09/24/21 03:00 AM,17.0,8,0
09/24/21 04:00 AM,15.9,7,0
09/24/21 05:00 AM,16.0,0,0
09/24/21 06:00 AM,15.9,0,0
09/24/21 07:00 AM,16.4,0,13
09/24/21 08:00 AM,18.2,29,144
09/24/21 09:00 AM,19.4,14,322
09/24/21 10:00 AM,20.5,8,497
09/24/21 11:00 AM,21.5,10,615
09/24/21 12:00 PM,21.9,25,720
09/24/21 01:00 PM,21.7,20,675
09/24/21 02:00 PM,22.0,5,664
09/24/21 03:00 PM,22.2,2,631
09/24/21 04:00 PM,21.7,7,497
09/24/21 05:00 PM,20.7,20,311
09/24/21 06:00 PM,19.5,25,118
09/24/21 07:00 PM,18.6,22,8
09/24/21 08:00 PM,18.0,20,0
09/24/21 09:00 PM,17.8,3,0
09/24/21 10:00 PM,17.5,1,0
09/24/21 11:00 PM,17.4,3,0
09/25/21 12:00 AM,18.0,25,0
09/25/21 01:00 AM,17.7,9,0
09/25/21 02:00 AM,17.6,31,0
09/25/21 03:00 AM,18.1,17,0
09/25/21 04:00 AM,17.8,21,0
09/25/21 05:00 AM,17.7,57,0
09/25/21 06:00 AM,17.6,100,0
09/25/21 07:00 AM,17.9,53,8
09/25/21 08:00 AM,18.6,43,92
09/25/21 09:00 AM,19.7,33,236
09/25/21 10:00 AM,20.8,38,411
09/25/21 11:00 AM,21.7,41,587
09/25/21 12:00 PM,23.2,23,601
09/25/21 01:00 PM,23.5,22,660
09/25/21 02:00 PM,23.6,18,649
09/25/21 03:00 PM,23.3,2,599
09/25/21 04:00 PM,22.5,4,493
09/25/21 05:00 PM,21.6,4,308
09/25/21 06:00 PM,20.3,3,122
09/25/21 07:00 PM,19.0,1,7
09/25/21 08:00 PM,17.9,7,0
09/25/21 09:00 PM,17.1,0,0
09/25/21 10:00 PM,16.4,0,0
09/25/21 11:00 PM,15.5,2,0
09/26/21 12:00 AM,16.4,28,0
09/26/21 01:00 AM,15.1,29,0
09/26/21 02:00 AM,17.1,30,0
09/26/21 03:00 AM,16.8,30,0
09/26/21 04:00 AM,16.6,29,0
09/26/21 05:00 AM,16.4,2,0
09/26/21 06:00 AM,14.8,92,0
09/26/21 07:00 AM,14.8,90,10
09/26/21 08:00 AM,16.1,90,97
09/26/21 09:00 AM,17.9,13,239
09/26/21 10:00 AM,20.5,25,503
09/26/21 11:00 AM,22.2,56,621
09/26/21 12:00 PM,23.1,51,615
09/26/21 01:00 PM,23.1,33,699
09/26/21 02:00 PM,23.1,42,681
09/26/21 03:00 PM,23.5,40,580
09/26/21 04:00 PM,22.9,32,455
09/26/21 05:00 PM,22.1,29,223
09/26/21 06:00 PM,20.7,29,112
09/26/21 07:00 PM,19.1,29,6
09/26/21 08:00 PM,18.7,29,0
09/26/21 09:00 PM,18.2,31,0
09/26/21 10:00 PM,17.9,31,0
09/26/21 11:00 PM,17.4,30,0
09/27/21 12:00 AM,17.1,30,0
09/27/21 01:00 AM,16.3,30,0
09/27/21 02:00 AM,15.7,27,0
09/27/21 03:00 AM,15.7,100,0
09/27/21 04:00 AM,15.9,100,0
09/27/21 05:00 AM,16.4,100,0
09/27/21 06:00 AM,16.3,100,0
09/27/21 07:00 AM,16.1,99,5
09/27/21 08:00 AM,16.5,100,83
09/27/21 09:00 AM,17.3,100,168
09/27/21 10:00 AM,18.9,80,285
09/27/21 11:00 AM,21.3,22,589
09/27/21 12:00 PM,23.4,9,713
09/27/21 01:00 PM,24.7,11,753
09/27/21 02:00 PM,25.1,12,715
09/27/21 03:00 PM,25.5,73,628
09/27/21 04:00 PM,24.6,23,403
09/27/21 05:00 PM,23.7,19,301
09/27/21 06:00 PM,22.0,27,113
09/27/21 07:00 PM,20.6,26,5
09/27/21 08:00 PM,19.6,25,0
09/27/21 09:00 PM,19.0,35,0
09/27/21 10:00 PM,18.8,91,0
09/27/21 11:00 PM,18.5,100,0
09/28/21 12:00 AM,18.9,100,0
09/28/21 01:00 AM,18.9,70,0
09/28/21 02:00 AM,18.3,10,0
09/28/21 03:00 AM,17.2,3,0
09/28/21 04:00 AM,16.8,8,0
09/28/21 05:00 AM,16.5,8,0
09/28/21 06:00 AM,16.4,15,0
09/28/21 07:00 AM,16.6,19,9
09/28/21 08:00 AM,17.9,35,123
09/28/21 09:00 AM,19.1,10,283
09/28/21 10:00 AM,20.3,1,494
09/28/21 11:00 AM,21.3,4,635
09/28/21 12:00 PM,22.4,0,726
09/28/21 01:00 PM,22.8,0,767
09/28/21 02:00 PM,22.7,0,733
09/28/21 03:00 PM,22.4,0,639
09/28/21 04:00 PM,21.5,0,497
09/28/21 05:00 PM,20.1,0,313
09/28/21 06:00 PM,18.8,0,118
09/28/21 07:00 PM,17.6,0,5
09/28/21 08:00 PM,16.9,0,0
09/28/21 09:00 PM,16.5,0,0
09/28/21 10:00 PM,16.3,0,0
09/28/21 11:00 PM,16.1,0,0
09/29/21 12:00 AM,16.3,0,0
09/29/21 01:00 AM,15.9,0,0
09/29/21 02:00 AM,15.7,0,0
09/29/21 03:00 AM,15.4,0,0
09/29/21 04:00 AM,15.1,0,0
09/29/21 05:00 AM,14.8,0,0
09/29/21 06:00 AM,14.6,0,0
09/29/21 07:00 AM,14.7,0,9
09/29/21 08:00 AM,16.3,0,137
09/29/21 09:00 AM,18.3,0,330
09/29/21 10:00 AM,20.5,0,510
09/29/21 11:00 AM,22.7,0,651
09/29/21 12:00 PM,24.8,0,739
09/29/21 01:00 PM,26.0,0,763
09/29/21 02:00 PM,26.7,0,727
09/29/21 03:00 PM,26.9,0,631
09/29/21 04:00 PM,26.4,0,483
09/29/21 05:00 PM,24.6,0,300
09/29/21 06:00 PM,21.4,0,110
09/29/21 07:00 PM,19.6,0,4
09/29/21 08:00 PM,18.6,0,0
09/29/21 09:00 PM,17.9,0,0
09/29/21 10:00 PM,17.4,0,0
09/29/21 11:00 PM,17.0,0,0
09/30/21 12:00 AM,16.9,0,0
09/30/21 01:00 AM,16.6,0,0
09/30/21 02:00 AM,16.3,1,0
09/30/21 03:00 AM,15.9,5,0
09/30/21 04:00 AM,15.6,5,0
09/30/21 05:00 AM,15.3,8,0
09/30/21 06:00 AM,15.1,1,0
09/30/21 07:00 AM,15.2,4,9
09/30/21 08:00 AM,17.2,26,133
09/30/21 09:00 AM,19.6,28,316
09/30/21 10:00 AM,22.2,28,493
09/30/21 11:00 AM,24.2,27,599
09/30/21 12:00 PM,26.2,22,653
09/30/21 01:00 PM,27.3,13,704
09/30/21 02:00 PM,28.0,2,707
09/30/21 03:00 PM,28.5,0,625
09/30/21 04:00 PM,28.5,14,479
09/30/21 05:00 PM,26.7,15,295
09/30/21 06:00 PM,23.4,8,106
09/30/21 07:00 PM,21.1,0,3
09/30/21 08:00 PM,19.2,6,0
09/30/21 09:00 PM,18.3,6,0
09/30/21 10:00 PM,17.6,8,0
09/30/21 11:00 PM,17.0,24,0
10/01/21 12:00 AM,17.0,24,0
10/01/21 01:00 AM,16.6,24,0
10/01/21 02:00 AM,16.0,29,0
10/01/21 03:00 AM,15.9,29,0
10/01/21 04:00 AM,15.9,30,0
10/01/21 05:00 AM,15.7,30,0
10/01/21 06:00 AM,15.7,30,0
10/01/21 07:00 AM,16.0,28,6
10/01/21 08:00 AM,17.4,25,103
10/01/21 09:00 AM,19.6,28,315
10/01/21 10:00 AM,21.6,29,482
10/01/21 11:00 AM,23.3,29,602
10/01/21 12:00 PM,24.9,18,694
10/01/21 01:00 PM,25.8,22,737
10/01/21 02:00 PM,26.0,14,700
10/01/21 03:00 PM,25.6,29,604
10/01/21 04:00 PM,24.4,29,463
10/01/21 05:00 PM,22.7,29,263
10/01/21 06:00 PM,20.8,29,91
10/01/21 07:00 PM,19.5,29,2
10/01/21 08:00 PM,18.6,30,0
10/01/21 09:00 PM,18.2,30,0
10/01/21 10:00 PM,17.8,30,0
10/01/21 11:00 PM,17.7,30,0
10/02/21 12:00 AM,17.6,29,0
10/02/21 01:00 AM,17.7,31,0
10/02/21 02:00 AM,17.5,26,0
10/02/21 03:00 AM,17.2,29,0
10/02/21 04:00 AM,17.1,42,0
10/02/21 05:00 AM,17.3,100,0
10/02/21 06:00 AM,17.4,100,0
10/02/21 07:00 AM,18.1,100,4
10/02/21 08:00 AM,19.1,96,66
10/02/21 09:00 AM,20.5,100,178
10/02/21 10:00 AM,21.7,86,257
10/02/21 11:00 AM,23.6,61,465
10/02/21 12:00 PM,22.7,100,578
10/02/21 01:00 PM,23.8,100,401
10/02/21 02:00 PM,24.1,85,426
10/02/21 03:00 PM,23.8,85,467
10/02/21 04:00 PM,22.6,57,355
10/02/21 05:00 PM,21.5,29,212
10/02/21 06:00 PM,20.3,20,78
10/02/21 07:00 PM,19.2,16,2
10/02/21 08:00 PM,18.6,94,0
10/02/21 09:00 PM,18.6,89,0
10/02/21 10:00 PM,18.7,26,0
10/02/21 11:00 PM,18.6,44,0
10/03/21 12:00 AM,18.6,50,0
10/03/21 01:00 AM,18.8,69,0
10/03/21 02:00 AM,18.9,100,0
10/03/21 03:00 AM,19.5,100,0
10/03/21 04:00 AM,19.7,100,0
10/03/21 05:00 AM,19.5,100,0
10/03/21 06:00 AM,18.7,100,0
10/03/21 07:00 AM,17.7,38,2
10/03/21 08:00 AM,17.9,40,71
10/03/21 09:00 AM,18.5,9,270
10/03/21 10:00 AM,19.8,52,476
10/03/21 11:00 AM,20.3,11,477
10/03/21 12:00 PM,20.8,45,685
10/03/21 01:00 PM,21.2,45,582
10/03/21 02:00 PM,21.2,19,581
10/03/21 03:00 PM,21.1,14,563
10/03/21 04:00 PM,20.5,23,429
10/03/21 05:00 PM,19.5,28,275
10/03/21 06:00 PM,18.1,2,90
10/03/21 07:00 PM,16.8,1,2
10/03/21 08:00 PM,16.0,26,0
10/03/21 09:00 PM,15.4,0,0
10/03/21 10:00 PM,14.6,23,0
10/03/21 11:00 PM,13.8,10,0
10/04/21 12:00 AM,13.1,21,0
10/04/21 01:00 AM,12.9,23,0
10/04/21 02:00 AM,13.2,28,0
10/04/21 03:00 AM,13.0,40,0
10/04/21 04:00 AM,13.0,45,0
10/04/21 05:00 AM,12.8,20,0
10/04/21 06:00 AM,14.2,16,0
10/04/21 07:00 AM,13.6,0,6
10/04/21 08:00 AM,14.8,2,120
10/04/21 09:00 AM,17.3,1,302
10/04/21 10:00 AM,19.2,21,477
10/04/21 11:00 AM,20.2,15,568
10/04/21 12:00 PM,21.2,92,650
10/04/21 01:00 PM,21.2,78,437
10/04/21 02:00 PM,21.7,40,435
10/04/21 03:00 PM,22.3,47,481
10/04/21 04:00 PM,22.2,62,362
10/04/21 05:00 PM,21.6,5,242
10/04/21 06:00 PM,19.7,0,86
10/04/21 07:00 PM,18.4,0,1
10/04/21 08:00 PM,17.4,0,0
10/04/21 09:00 PM,16.8,0,0
10/04/21 10:00 PM,16.4,0,0
10/04/21 11:00 PM,15.9,0,0
10/05/21 12:00 AM,15.5,0,0
10/05/21 01:00 AM,15.0,0,0
10/05/21 02:00 AM,14.6,2,0
10/05/21 03:00 AM,15.5,14,0
10/05/21 04:00 AM,15.7,14,0
10/05/21 05:00 AM,15.7,20,0
10/05/21 06:00 AM,15.0,23,0
10/05/21 07:00 AM,14.1,13,5
10/05/21 08:00 AM,17.5,42,109
10/05/21 09:00 AM,19.7,41,254
10/05/21 10:00 AM,21.2,44,428
10/05/21 11:00 AM,22.9,100,517
10/05/21 12:00 PM,22.1,100,301
10/05/21 01:00 PM,23.3,100,392
10/05/21 02:00 PM,23.2,100,232
10/05/21 03:00 PM,23.9,100,278
10/05/21 04:00 PM,24.1,100,235
10/05/21 05:00 PM,23.5,64,169
10/05/21 06:00 PM,21.8,30,61
10/05/21 07:00 PM,20.4,30,1
10/05/21 08:00 PM,19.8,29,0
10/05/21 09:00 PM,18.9,10,0
10/05/21 10:00 PM,17.9,16,0
10/05/21 11:00 PM,17.5,20,0
10/06/21 12:00 AM,17.7,23,0
10/06/21 01:00 AM,17.1,11,0
10/06/21 02:00 AM,16.5,6,0
10/06/21 03:00 AM,16.0,6,0
10/06/21 04:00 AM,15.6,3,0
10/06/21 05:00 AM,15.4,1,0
10/06/21 06:00 AM,15.1,1,0
10/06/21 07:00 AM,14.9,1,5
10/06/21 08:00 AM,16.8,0,112
10/06/21 09:00 AM,19.4,0,296
10/06/21 10:00 AM,22.0,0,471
10/06/21 11:00 AM,24.3,2,609
10/06/21 12:00 PM,25.8,0,694
10/06/21 01:00 PM,27.1,0,718
10/06/21 02:00 PM,28.0,0,680
10/06/21 03:00 PM,28.5,0,584
10/06/21 04:00 PM,28.5,0,439
10/06/21 05:00 PM,27.5,0,259
10/06/21 06:00 PM,25.0,0,79
10/06/21 07:00 PM,23.5,0,0
10/06/21 08:00 PM,21.4,0,0
10/06/21 09:00 PM,20.1,0,0
10/06/21 10:00 PM,19.4,0,0
10/06/21 11:00 PM,18.9,2,0
10/07/21 12:00 AM,18.7,0,0
10/07/21 01:00 AM,18.1,0,0
10/07/21 02:00 AM,17.5,2,0
10/07/21 03:00 AM,17.0,8,0
10/07/21 04:00 AM,16.7,13,0
10/07/21 05:00 AM,16.2,19,0
10/07/21 06:00 AM,15.8,20,0
10/07/21 07:00 AM,15.7,3,4
10/07/21 08:00 AM,17.5,0,112
10/07/21 09:00 AM,20.3,0,296
10/07/21 10:00 AM,23.4,0,472
10/07/21 11:00 AM,26.2,0,610
10/07/21 12:00 PM,28.1,0,695
10/07/21 01:00 PM,29.2,0,720
10/07/21 02:00 PM,29.8,0,682
10/07/21 03:00 PM,30.1,0,584
10/07/21 04:00 PM,29.8,0,436
10/07/21 05:00 PM,29.0,13,256
10/07/21 06:00 PM,26.6,14,76
10/07/21 07:00 PM,23.5,17,0
10/07/21 08:00 PM,22.5,15,0
10/07/21 09:00 PM,21.4,17,0
10/07/21 10:00 PM,20.4,26,0
10/07/21 11:00 PM,19.6,27,0
10/08/21 12:00 AM,19.4,26,0
10/08/21 01:00 AM,18.6,10,0
10/08/21 02:00 AM,18.0,0,0
10/08/21 03:00 AM,17.3,2,0
10/08/21 04:00 AM,16.6,0,0
10/08/21 05:00 AM,16.0,0,0
10/08/21 06:00 AM,15.5,0,0
10/08/21 07:00 AM,15.3,0,4
10/08/21 08:00 AM,17.7,0,111
10/08/21 09:00 AM,21.1,0,297
10/08/21 10:00 AM,24.3,0,473
10/08/21 11:00 AM,26.9,0,612
10/08/21 12:00 PM,28.5,0,698
10/08/21 01:00 PM,29.6,0,720
10/08/21 02:00 PM,30.0,0,682
10/08/21 03:00 PM,30.2,0,585
10/08/21 04:00 PM,29.5,0,436
10/08/21 05:00 PM,27.3,0,252
10/08/21 06:00 PM,24.0,0,73
10/08/21 07:00 PM,21.4,0,0
10/08/21 08:00 PM,20.1,1,0
10/08/21 09:00 PM,19.2,5,0
10/08/21 10:00 PM,18.7,3,0
10/08/21 11:00 PM,18.2,3,0
10/09/21 12:00 AM,18.2,11,0
10/09/21 01:00 AM,17.6,1,0
10/09/21 02:00 AM,17.3,4,0
10/09/21 03:00 AM,16.8,16,0
10/09/21 04:00 AM,16.5,29,0
10/09/21 05:00 AM,16.3,37,0
10/09/21 06:00 AM,16.3,23,0
10/09/21 07:00 AM,16.1,14,3
10/09/21 08:00 AM,17.7,35,103
10/09/21 09:00 AM,19.5,28,275
10/09/21 10:00 AM,21.3,30,421
10/09/21 11:00 AM,23.3,29,557
10/09/21 12:00 PM,24.5,27,592
10/09/21 01:00 PM,25.7,24,574
10/09/21 02:00 PM,26.5,20,600
10/09/21 03:00 PM,26.4,26,502
10/09/21 04:00 PM,25.6,21,355
10/09/21 05:00 PM,24.5,14,225
10/09/21 06:00 PM,22.4,4,66
10/09/21 07:00 PM,20.5,0,0
10/09/21 08:00 PM,19.1,3,0
10/09/21 09:00 PM,18.2,6,0
10/09/21 10:00 PM,17.5,6,0
10/09/21 11:00 PM,17.1,3,0
10/10/21 12:00 AM,17.0,29,0
10/10/21 01:00 AM,16.4,21,0
10/10/21 02:00 AM,16.2,24,0
10/10/21 03:00 AM,15.8,20,0
10/10/21 04:00 AM,15.5,26,0
10/10/21 05:00 AM,15.3,27,0
10/10/21 06:00 AM,15.0,28,0
10/10/21 07:00 AM,14.6,29,3
10/10/21 08:00 AM,16.3,27,89
10/10/21 09:00 AM,19.3,24,256
10/10/21 10:00 AM,21.7,25,412
10/10/21 11:00 AM,22.8,27,445
10/10/21 12:00 PM,24.5,26,507
10/10/21 01:00 PM,25.3,24,580
10/10/21 02:00 PM,26.3,18,601
10/10/21 03:00 PM,26.3,6,512
10/10/21 04:00 PM,26.1,0,409
10/10/21 05:00 PM,24.5,9,234
10/10/21 06:00 PM,21.6,16,62
10/10/21 07:00 PM,20.9,20,0
10/10/21 08:00 PM,20.4,20,0
10/10/21 09:00 PM,20.1,11,0
10/10/21 10:00 PM,19.4,13,0
10/10/21 11:00 PM,18.7,25,0
10/11/21 12:00 AM,19.4,24,0
10/11/21 01:00 AM,19.0,10,0
10/11/21 02:00 AM,18.5,8,0
10/11/21 03:00 AM,18.2,14,0
10/11/21 04:00 AM,16.8,20,0
10/11/21 05:00 AM,16.3,26,0
10/11/21 06:00 AM,16.2,22,0
10/11/21 07:00 AM,16.0,23,2
10/11/21 08:00 AM,18.6,24,91
10/11/21 09:00 AM,21.2,29,259
10/11/21 10:00 AM,23.4,30,359
10/11/21 11:00 AM,25.3,29,413
10/11/21 12:00 PM,27.6,13,565
10/11/21 01:00 PM,29.1,14,688
10/11/21 02:00 PM,30.0,2,644
10/11/21 03:00 PM,30.5,0,555
10/11/21 04:00 PM,30.3,2,411
10/11/21 05:00 PM,28.9,1,231
10/11/21 06:00 PM,25.6,0,60
10/11/21 07:00 PM,23.6,0,0
10/11/21 08:00 PM,22.9,0,0
10/11/21 09:00 PM,23.4,0,0
10/11/21 10:00 PM,22.3,0,0
10/11/21 11:00 PM,21.3,0,0
10/12/21 12:00 AM,20.2,0,0
10/12/21 01:00 AM,19.1,0,0
10/12/21 02:00 AM,17.7,0,0
10/12/21 03:00 AM,17.1,1,0
10/12/21 04:00 AM,16.0,1,0
10/12/21 05:00 AM,15.3,0,0
10/12/21 06:00 AM,14.3,0,0
10/12/21 07:00 AM,14.3,0,2
10/12/21 08:00 AM,17.4,0,98
10/12/21 09:00 AM,20.4,0,278
10/12/21 10:00 AM,23.1,0,450
10/12/21 11:00 AM,25.2,0,586
10/12/21 12:00 PM,26.9,0,671
10/12/21 01:00 PM,27.8,0,694
10/12/21 02:00 PM,28.4,0,655
10/12/21 03:00 PM,28.8,0,556
10/12/21 04:00 PM,27.8,0,408
10/12/21 05:00 PM,25.5,0,229
10/12/21 06:00 PM,23.2,0,57
10/12/21 07:00 PM,21.8,0,0
10/12/21 08:00 PM,21.2,0,0
10/12/21 09:00 PM,21.0,0,0
10/12/21 10:00 PM,20.6,0,0
10/12/21 11:00 PM,19.7,0,0
10/13/21 12:00 AM,18.6,0,0
10/13/21 01:00 AM,17.0,0,0
10/13/21 02:00 AM,16.7,0,0
10/13/21 03:00 AM,15.8,0,0
10/13/21 04:00 AM,14.6,0,0
10/13/21 05:00 AM,14.1,0,0
10/13/21 06:00 AM,15.2,0,0
10/13/21 07:00 AM,13.5,0,2
10/13/21 08:00 AM,16.4,0,95
10/13/21 09:00 AM,19.4,0,276
10/13/21 10:00 AM,22.2,0,449
10/13/21 11:00 AM,25.0,0,585
10/13/21 12:00 PM,26.0,0,668
10/13/21 01:00 PM,27.2,0,688
10/13/21 02:00 PM,27.3,1,647
10/13/21 03:00 PM,27.9,0,546
10/13/21 04:00 PM,28.0,0,401
10/13/21 05:00 PM,25.9,0,223
10/13/21 06:00 PM,22.8,0,54
10/13/21 07:00 PM,21.9,0,0
10/13/21 08:00 PM,21.5,0,0
10/13/21 09:00 PM,20.6,0,0
10/13/21 10:00 PM,19.8,0,0
10/13/21 11:00 PM,19.1,0,0
10/14/21 12:00 AM,18.6,2,0
10/14/21 01:00 AM,17.4,9,0
10/14/21 02:00 AM,16.8,8,0
10/14/21 03:00 AM,16.4,5,0
10/14/21 04:00 AM,15.6,5,0
10/14/21 05:00 AM,14.6,0,0
10/14/21 06:00 AM,13.7,0,0
10/14/21 07:00 AM,13.3,1,2
10/14/21 08:00 AM,16.1,27,94
10/14/21 09:00 AM,19.1,30,265
10/14/21 10:00 AM,21.7,30,398
10/14/21 11:00 AM,24.0,29,558
10/14/21 12:00 PM,24.9,30,654
10/14/21 01:00 PM,25.1,30,639
10/14/21 02:00 PM,24.7,44,615
10/14/21 03:00 PM,24.7,28,527
10/14/21 04:00 PM,24.6,21,399
10/14/21 05:00 PM,23.7,25,219
10/14/21 06:00 PM,21.4,27,50
10/14/21 07:00 PM,19.6,29,0
10/14/21 08:00 PM,19.2,30,0
10/14/21 09:00 PM,18.8,30,0
10/14/21 10:00 PM,18.7,30,0
10/14/21 11:00 PM,18.3,30,0
10/15/21 12:00 AM,17.1,30,0
10/15/21 01:00 AM,16.3,31,0
10/15/21 02:00 AM,16.1,24,0
10/15/21 03:00 AM,17.0,20,0
10/15/21 04:00 AM,16.6,20,0
10/15/21 05:00 AM,14.0,12,0
10/15/21 06:00 AM,14.2,0,0
10/15/21 07:00 AM,15.4,14,1
10/15/21 08:00 AM,16.4,30,88
10/15/21 09:00 AM,19.7,30,258
10/15/21 10:00 AM,22.5,28,430
10/15/21 11:00 AM,24.4,8,566
10/15/21 12:00 PM,25.6,33,649
10/15/21 01:00 PM,26.2,2,665
10/15/21 02:00 PM,26.5,0,635
10/15/21 03:00 PM,26.5,28,538
10/15/21 04:00 PM,25.8,3,389
10/15/21 05:00 PM,24.7,16,213
10/15/21 06:00 PM,22.8,0,47
10/15/21 07:00 PM,20.9,0,0
10/15/21 08:00 PM,19.6,2,0
10/15/21 09:00 PM,18.5,5,0
10/15/21 10:00 PM,17.7,29,0
10/15/21 11:00 PM,17.0,30,0
10/16/21 12:00 AM,16.8,28,0
10/16/21 01:00 AM,16.3,30,0
10/16/21 02:00 AM,15.9,30,0
10/16/21 03:00 AM,15.3,25,0
10/16/21 04:00 AM,14.7,11,0
10/16/21 05:00 AM,14.0,1,0
10/16/21 06:00 AM,13.6,29,0
10/16/21 07:00 AM,13.2,20,1
10/16/21 08:00 AM,16.4,25,88
10/16/21 09:00 AM,19.1,38,266
10/16/21 10:00 AM,21.5,78,421
10/16/21 11:00 AM,23.3,35,537
10/16/21 12:00 PM,24.1,59,634
10/16/21 01:00 PM,24.9,46,524
10/16/21 02:00 PM,24.4,35,427
10/16/21 03:00 PM,23.8,90,334
10/16/21 04:00 PM,21.6,76,46
10/16/21 05:00 PM,21.4,89,130
10/16/21 06:00 PM,20.2,70,24
10/16/21 07:00 PM,18.1,76,0
10/16/21 08:00 PM,17.5,41,0
10/16/21 09:00 PM,16.5,44,0
10/16/21 10:00 PM,16.1,46,0
10/16/21 11:00 PM,15.5,77,0
10/17/21 12:00 AM,16.4,28,0
10/17/21 01:00 AM,15.8,16,0
10/17/21 02:00 AM,15.7,33,0
10/17/21 03:00 AM,16.3,32,0
10/17/21 04:00 AM,16.0,100,0
10/17/21 05:00 AM,17.0,100,0
10/17/21 06:00 AM,16.8,100,0
10/17/21 07:00 AM,17.3,100,0
10/17/21 08:00 AM,17.9,100,34
10/17/21 09:00 AM,18.9,100,123
10/17/21 10:00 AM,20.0,93,234
10/17/21 11:00 AM,21.6,100,418
10/17/21 12:00 PM,21.1,100,515
10/17/21 01:00 PM,21.9,92,340
10/17/21 02:00 PM,22.9,100,493
10/17/21 03:00 PM,22.2,82,247
10/17/21 04:00 PM,22.2,63,279
10/17/21 05:00 PM,21.7,38,111
10/17/21 06:00 PM,20.7,33,23
10/17/21 07:00 PM,19.5,40,0
10/17/21 08:00 PM,18.6,81,0
10/17/21 09:00 PM,18.2,76,0
10/17/21 10:00 PM,18.0,98,0
10/17/21 11:00 PM,17.5,100,0
10/18/21 12:00 AM,17.5,100,0
10/18/21 01:00 AM,17.3,100,0
10/18/21 02:00 AM,17.0,100,0
10/18/21 03:00 AM,16.7,100,0
10/18/21 04:00 AM,16.8,100,0
10/18/21 05:00 AM,17.0,100,0
10/18/21 06:00 AM,16.9,100,0
10/18/21 07:00 AM,17.0,100,0
10/18/21 08:00 AM,17.3,100,41
10/18/21 09:00 AM,18.4,100,142
10/18/21 10:00 AM,21.1,34,329
10/18/21 11:00 AM,23.8,26,529
10/18/21 12:00 PM,24.9,32,609
10/18/21 01:00 PM,26.4,31,579
10/18/21 02:00 PM,27.3,30,504
10/18/21 03:00 PM,27.8,30,394
10/18/21 04:00 PM,27.7,30,248
10/18/21 05:00 PM,26.2,30,132
10/18/21 06:00 PM,23.2,8,35
10/18/21 07:00 PM,20.9,23,0
10/18/21 08:00 PM,19.5,45,0
10/18/21 09:00 PM,18.8,40,0
10/18/21 10:00 PM,17.5,32,0
10/18/21 11:00 PM,17.9,22,0
10/19/21 12:00 AM,17.5,8,0
10/19/21 01:00 AM,17.0,17,0
10/19/21 02:00 AM,17.5,18,0
10/19/21 03:00 AM,15.6,4,0
10/19/21 04:00 AM,15.7,0,0
10/19/21 05:00 AM,15.4,90,0
10/19/21 06:00 AM,15.1,92,0
10/19/21 07:00 AM,15.6,91,0
10/19/21 08:00 AM,17.0,90,50
10/19/21 09:00 AM,19.3,55,207
10/19/21 10:00 AM,21.7,58,393
10/19/21 11:00 AM,23.4,22,522
10/19/21 12:00 PM,26.2,0,612
10/19/21 01:00 PM,27.2,0,642
10/19/21 02:00 PM,27.9,0,602
10/19/21 03:00 PM,28.4,0,506
10/19/21 04:00 PM,28.2,0,363
10/19/21 05:00 PM,25.9,0,190
10/19/21 06:00 PM,22.8,0,35
10/19/21 07:00 PM,21.2,1,0
10/19/21 08:00 PM,20.3,30,0
10/19/21 09:00 PM,19.7,30,0
10/19/21 10:00 PM,19.0,18,0
10/19/21 11:00 PM,18.4,15,0
10/20/21 12:00 AM,17.5,2,0
10/20/21 01:00 AM,17.0,21,0
10/20/21 02:00 AM,17.5,27,0
10/20/21 03:00 AM,17.4,16,0
10/20/21 04:00 AM,16.0,19,0
10/20/21 05:00 AM,16.2,16,0
10/20/21 06:00 AM,16.4,32,0
10/20/21 07:00 AM,16.3,67,0
10/20/21 08:00 AM,18.3,100,62
10/20/21 09:00 AM,19.9,70,174
10/20/21 10:00 AM,21.6,11,353
10/20/21 11:00 AM,23.1,1,515
10/20/21 12:00 PM,23.9,4,581
10/20/21 01:00 PM,24.7,1,623
10/20/21 02:00 PM,24.8,0,579
10/20/21 03:00 PM,24.1,12,481
10/20/21 04:00 PM,23.1,27,325
10/20/21 05:00 PM,22.0,20,160
10/20/21 06:00 PM,20.9,17,30
10/20/21 07:00 PM,19.8,11,0
10/20/21 08:00 PM,18.9,2,0
10/20/21 09:00 PM,18.0,0,0
10/20/21 10:00 PM,17.5,4,0
10/20/21 11:00 PM,17.2,22,0
10/21/21 12:00 AM,17.3,27,0
10/21/21 01:00 AM,17.2,34,0
10/21/21 02:00 AM,16.9,96,0
10/21/21 03:00 AM,17.0,90,0
10/21/21 04:00 AM,16.8,43,0
10/21/21 05:00 AM,15.0,32,0
10/21/21 06:00 AM,15.9,49,0
10/21/21 07:00 AM,16.3,45,0
10/21/21 08:00 AM,17.4,44,63
10/21/21 09:00 AM,19.0,82,229
10/21/21 10:00 AM,19.7,56,297
10/21/21 11:00 AM,21.0,10,464
10/21/21 12:00 PM,21.5,42,596
10/21/21 01:00 PM,22.6,48,548
10/21/21 02:00 PM,22.8,28,511
10/21/21 03:00 PM,22.2,52,453
10/21/21 04:00 PM,21.4,55,349
10/21/21 05:00 PM,19.7,33,160
10/21/21 06:00 PM,18.1,8,29
10/21/21 07:00 PM,16.8,4,0
10/21/21 08:00 PM,16.2,2,0
10/21/21 09:00 PM,15.5,1,0
10/21/21 10:00 PM,15.3,2,0
10/21/21 11:00 PM,15.3,5,0
10/22/21 12:00 AM,15.4,0,0
10/22/21 01:00 AM,15.3,10,0
10/22/21 02:00 AM,15.3,14,0
10/22/21 03:00 AM,15.1,7,0
10/22/21 04:00 AM,14.7,8,0
10/22/21 05:00 AM,14.5,1,0
10/22/21 06:00 AM,14.1,0,0
10/22/21 07:00 AM,14.0,0,0
10/22/21 08:00 AM,15.1,0,73
10/22/21 09:00 AM,16.6,0,249
10/22/21 10:00 AM,18.1,0,420
10/22/21 11:00 AM,19.8,0,555
10/22/21 12:00 PM,21.4,0,636
10/22/21 01:00 PM,22.6,0,658
10/22/21 02:00 PM,23.3,0,616
10/22/21 03:00 PM,23.7,0,515
10/22/21 04:00 PM,23.4,0,366
10/22/21 05:00 PM,21.1,0,187
10/22/21 06:00 PM,18.4,0,30
10/22/21 07:00 PM,17.6,0,0
10/22/21 08:00 PM,16.8,0,0
10/22/21 09:00 PM,15.9,0,0
10/22/21 10:00 PM,15.2,0,0
10/22/21 11:00 PM,14.7,0,0
10/23/21 12:00 AM,14.8,0,0
10/23/21 01:00 AM,14.4,0,0
10/23/21 02:00 AM,13.8,0,0
10/23/21 03:00 AM,13.2,0,0
10/23/21 04:00 AM,12.7,0,0
10/23/21 05:00 AM,12.4,0,0
10/23/21 06:00 AM,11.9,0,0
10/23/21 07:00 AM,11.5,0,0
10/23/21 08:00 AM,12.7,1,70
10/23/21 09:00 AM,15.4,5,245
10/23/21 10:00 AM,18.3,4,417
10/23/21 11:00 AM,20.9,4,551
10/23/21 12:00 PM,22.6,30,630
10/23/21 01:00 PM,23.9,39,590
10/23/21 02:00 PM,24.6,26,572
10/23/21 03:00 PM,24.8,29,500
10/23/21 04:00 PM,24.6,1,358
10/23/21 05:00 PM,23.4,0,181
10/23/21 06:00 PM,21.0,0,28
10/23/21 07:00 PM,19.6,0,0
10/23/21 08:00 PM,18.1,0,0
10/23/21 09:00 PM,17.1,0,0
10/23/21 10:00 PM,16.2,0,0
10/23/21 11:00 PM,15.5,0,0
10/24/21 12:00 AM,15.5,0,0
10/24/21 01:00 AM,14.7,0,0
10/24/21 02:00 AM,13.9,0,0
10/24/21 03:00 AM,13.1,1,0
10/24/21 04:00 AM,12.7,0,0
10/24/21 05:00 AM,12.3,0,0
10/24/21 06:00 AM,11.6,0,0
10/24/21 07:00 AM,10.7,0,0
10/24/21 08:00 AM,12.1,0,66
10/24/21 09:00 AM,15.5,0,236
10/24/21 10:00 AM,18.6,0,405
10/24/21 11:00 AM,21.0,0,537
10/24/21 12:00 PM,22.1,0,617
10/24/21 01:00 PM,24.1,0,639
10/24/21 02:00 PM,24.6,0,597
10/24/21 03:00 PM,24.5,0,498
10/24/21 04:00 PM,23.9,0,351
10/24/21 05:00 PM,22.8,0,176
10/24/21 06:00 PM,19.9,0,26
10/24/21 07:00 PM,17.9,0,0
10/24/21 08:00 PM,16.8,0,0
10/24/21 09:00 PM,15.8,1,0
10/24/21 10:00 PM,15.0,1,0
10/24/21 11:00 PM,14.4,1,0
10/25/21 12:00 AM,14.3,2,0
10/25/21 01:00 AM,13.7,28,0
10/25/21 02:00 AM,13.5,30,0
10/25/21 03:00 AM,13.2,30,0
10/25/21 04:00 AM,13.0,23,0
10/25/21 05:00 AM,12.7,32,0
10/25/21 06:00 AM,12.8,44,0
10/25/21 07:00 AM,12.8,60,0
10/25/21 08:00 AM,14.3,100,53
10/25/21 09:00 AM,16.4,100,153
10/25/21 10:00 AM,18.5,30,287
10/25/21 11:00 AM,20.6,30,493
10/25/21 12:00 PM,21.7,53,554
10/25/21 01:00 PM,22.8,26,548
10/25/21 02:00 PM,23.5,29,581
10/25/21 03:00 PM,23.5,30,475
10/25/21 04:00 PM,22.9,0,328
10/25/21 05:00 PM,21.0,0,170
10/25/21 06:00 PM,19.0,0,24
10/25/21 07:00 PM,17.7,0,0
10/25/21 08:00 PM,16.6,0,0
10/25/21 09:00 PM,15.8,0,0
10/25/21 10:00 PM,15.2,0,0
10/25/21 11:00 PM,14.7,0,0
10/26/21 12:00 AM,14.5,0,0
10/26/21 01:00 AM,14.1,0,0
10/26/21 02:00 AM,13.7,0,0
10/26/21 03:00 AM,13.4,0,0
10/26/21 04:00 AM,13.3,0,0
10/26/21 05:00 AM,13.1,0,0
10/26/21 06:00 AM,12.8,0,0
10/26/21 07:00 AM,12.5,0,0
10/26/21 08:00 AM,13.3,0,61
10/26/21 09:00 AM,15.7,0,231
10/26/21 10:00 AM,18.5,0,401
10/26/21 11:00 AM,20.9,0,532
10/26/21 12:00 PM,22.0,0,612
10/26/21 01:00 PM,23.3,0,635
10/26/21 02:00 PM,23.9,0,593
10/26/21 03:00 PM,24.1,0,494
10/26/21 04:00 PM,23.9,0,345
10/26/21 05:00 PM,22.9,0,169
10/26/21 06:00 PM,20.6,0,23
10/26/21 07:00 PM,19.1,0,0
10/26/21 08:00 PM,18.0,0,0
10/26/21 09:00 PM,17.1,0,0
10/26/21 10:00 PM,16.5,0,0
10/26/21 11:00 PM,15.9,0,0
10/27/21 12:00 AM,15.6,0,0
10/27/21 01:00 AM,14.9,0,0
10/27/21 02:00 AM,14.2,0,0
10/27/21 03:00 AM,13.2,0,0
10/27/21 04:00 AM,12.7,0,0
10/27/21 05:00 AM,12.4,0,0
10/27/21 06:00 AM,11.7,0,0
10/27/21 07:00 AM,11.2,0,0
10/27/21 08:00 AM,12.8,0,59
10/27/21 09:00 AM,15.8,0,228
10/27/21 10:00 AM,18.5,0,397
10/27/21 11:00 AM,21.0,0,528
10/27/21 12:00 PM,22.5,0,609
10/27/21 01:00 PM,24.2,0,627
10/27/21 02:00 PM,24.8,0,586
10/27/21 03:00 PM,24.7,0,486
10/27/21 04:00 PM,24.2,0,339
10/27/21 05:00 PM,22.4,0,164
10/27/21 06:00 PM,19.1,0,21
10/27/21 07:00 PM,17.8,0,0
10/27/21 08:00 PM,17.5,0,0
10/27/21 09:00 PM,17.0,0,0
10/27/21 10:00 PM,16.5,0,0
10/27/21 11:00 PM,15.7,0,0
10/28/21 12:00 AM,15.8,0,0
10/28/21 01:00 AM,13.0,0,0
10/28/21 02:00 AM,13.3,0,0
10/28/21 03:00 AM,13.5,0,0
10/28/21 04:00 AM,12.3,0,0
10/28/21 05:00 AM,11.0,0,0
10/28/21 06:00 AM,13.1,0,0
10/28/21 07:00 AM,11.7,0,0
10/28/21 08:00 AM,14.9,5,57
10/28/21 09:00 AM,17.5,30,221
10/28/21 10:00 AM,18.8,44,376
10/28/21 11:00 AM,19.9,49,504
10/28/21 12:00 PM,20.6,59,581
10/28/21 01:00 PM,20.9,61,602
10/28/21 02:00 PM,21.0,58,563
10/28/21 03:00 PM,20.6,39,457
10/28/21 04:00 PM,19.6,31,260
10/28/21 05:00 PM,18.5,30,108
10/28/21 06:00 PM,17.3,35,12
10/28/21 07:00 PM,17.3,94,0
10/28/21 08:00 PM,17.5,99,0
10/28/21 09:00 PM,17.2,89,0
10/28/21 10:00 PM,17.3,90,0
10/28/21 11:00 PM,17.4,90,0
10/29/21 12:00 AM,17.7,100,0
10/29/21 01:00 AM,17.3,100,0
10/29/21 02:00 AM,17.2,100,0
10/29/21 03:00 AM,17.5,100,0
10/29/21 04:00 AM,18.0,100,0
10/29/21 05:00 AM,17.5,100,0
10/29/21 06:00 AM,17.6,88,0
10/29/21 07:00 AM,17.3,66,0
10/29/21 08:00 AM,17.6,52,38
10/29/21 09:00 AM,18.5,80,154
10/29/21 10:00 AM,19.6,74,315
10/29/21 11:00 AM,20.0,59,356
10/29/21 12:00 PM,20.3,69,296
10/29/21 01:00 PM,20.2,70,317
10/29/21 02:00 PM,19.6,100,289
10/29/21 03:00 PM,18.4,100,111
10/29/21 04:00 PM,18.3,100,112
10/29/21 05:00 PM,18.5,100,40
10/29/21 06:00 PM,18.0,100,3
10/29/21 07:00 PM,18.5,100,0
10/29/21 08:00 PM,19.0,100,0
10/29/21 09:00 PM,19.5,100,0
10/29/21 10:00 PM,20.0,100,0
10/29/21 11:00 PM,19.7,100,0
10/30/21 12:00 AM,19.5,100,0
10/30/21 01:00 AM,20.2,100,0
10/30/21 02:00 AM,20.3,100,0
10/30/21 03:00 AM,19.9,100,0
10/30/21 04:00 AM,19.8,100,0
10/30/21 05:00 AM,19.7,100,0
10/30/21 06:00 AM,19.7,100,0
10/30/21 07:00 AM,19.6,100,0
10/30/21 08:00 AM,19.4,100,20
10/30/21 09:00 AM,19.5,100,58
10/30/21 10:00 AM,20.4,90,163
10/30/21 11:00 AM,21.2,100,320
10/30/21 12:00 PM,19.9,100,302
10/30/21 01:00 PM,19.7,100,104
10/30/21 02:00 PM,19.3,100,36
10/30/21 03:00 PM,19.4,100,24
10/30/21 04:00 PM,19.0,100,68
10/30/21 05:00 PM,19.5,100,16
10/30/21 06:00 PM,20.0,100,6
10/30/21 07:00 PM,20.1,100,0
10/30/21 08:00 PM,20.1,100,0
10/30/21 09:00 PM,20.0,100,0
10/30/21 10:00 PM,19.8,100,0
10/30/21 11:00 PM,20.0,100,0
10/31/21 12:00 AM,20.3,100,0
10/31/21 01:00 AM,20.2,100,0
10/31/21 02:00 AM,20.2,100,0
10/31/21 03:00 AM,20.1,100,0
10/31/21 04:00 AM,20.0,88,0
10/31/21 05:00 AM,19.4,100,0
10/31/21 06:00 AM,19.6,100,0
10/31/21 07:00 AM,19.6,100,0
10/31/21 08:00 AM,19.8,100,14
10/31/21 09:00 AM,20.1,100,49
10/31/21 10:00 AM,20.4,100,115
10/31/21 11:00 AM,20.5,100,92
10/31/21 12:00 PM,20.9,100,213
10/31/21 01:00 PM,21.4,100,286
10/31/21 02:00 PM,21.2,100,203
10/31/21 03:00 PM,20.8,100,99
10/31/21 04:00 PM,20.6,100,76
10/31/21 05:00 PM,20.5,100,72
10/31/21 06:00 PM,20.1,100,10
10/31/21 07:00 PM,19.9,100,0
10/31/21 08:00 PM,19.9,100,0
10/31/21 09:00 PM,19.9,91,0
10/31/21 10:00 PM,20.0,92,0
10/31/21 11:00 PM,20.1,100,0
11/01/21 12:00 AM,20.0,100,0
11/01/21 01:00 AM,20.0,100,0
11/01/21 02:00 AM,19.7,100,0
11/01/21 03:00 AM,19.4,100,0
11/01/21 04:00 AM,18.9,56,0
11/01/21 05:00 AM,18.2,98,0
11/01/21 06:00 AM,17.8,100,0
11/01/21 07:00 AM,17.6,100,0
11/01/21 08:00 AM,17.8,100,31
11/01/21 09:00 AM,18.0,94,66
11/01/21 10:00 AM,18.2,31,95
11/01/21 11:00 AM,19.6,28,462
11/01/21 12:00 PM,18.7,100,529
11/01/21 01:00 PM,19.4,100,248
11/01/21 02:00 PM,20.0,100,266
11/01/21 03:00 PM,20.4,100,284
11/01/21 04:00 PM,19.8,100,159
11/01/21 05:00 PM,19.1,65,71
11/01/21 06:00 PM,17.2,39,11
11/01/21 07:00 PM,16.2,47,0
11/01/21 08:00 PM,15.9,100,0
11/01/21 09:00 PM,15.6,98,0
11/01/21 10:00 PM,15.3,38,0
11/01/21 11:00 PM,14.2,5,0
11/02/21 12:00 AM,13.6,11,0
11/02/21 01:00 AM,14.1,30,0
11/02/21 02:00 AM,13.8,43,0
11/02/21 03:00 AM,14.0,100,0
11/02/21 04:00 AM,13.3,100,0
11/02/21 05:00 AM,14.2,56,0
11/02/21 06:00 AM,13.8,100,0
11/02/21 07:00 AM,15.0,100,0
11/02/21 08:00 AM,15.5,100,16
11/02/21 09:00 AM,16.4,100,77
11/02/21 10:00 AM,17.0,100,110
11/02/21 11:00 AM,17.9,100,230
11/02/21 12:00 PM,18.8,100,394
11/02/21 01:00 PM,18.2,100,292
11/02/21 02:00 PM,17.1,92,77
11/02/21 03:00 PM,16.6,90,113
11/02/21 04:00 PM,16.2,90,45
11/02/21 05:00 PM,15.8,96,20
11/02/21 06:00 PM,15.8,43,4
11/02/21 07:00 PM,15.5,76,0
11/02/21 08:00 PM,15.5,100,0
11/02/21 09:00 PM,15.4,100,0
11/02/21 10:00 PM,15.2,20,0
11/02/21 11:00 PM,14.2,20,0
11/03/21 12:00 AM,14.2,24,0
11/03/21 01:00 AM,14.0,13,0
11/03/21 02:00 AM,13.6,21,0
11/03/21 03:00 AM,13.3,13,0
11/03/21 04:00 AM,12.9,13,0
11/03/21 05:00 AM,13.0,17,0
11/03/21 06:00 AM,12.9,50,0
11/03/21 07:00 AM,12.7,52,0
11/03/21 08:00 AM,13.2,16,30
11/03/21 09:00 AM,14.2,28,182
11/03/21 10:00 AM,15.0,10,315
11/03/21 11:00 AM,15.8,23,474
11/03/21 12:00 PM,15.3,45,515
11/03/21 01:00 PM,15.6,47,433
11/03/21 02:00 PM,16.0,19,414
11/03/21 03:00 PM,16.0,14,394
11/03/21 04:00 PM,15.4,10,289
11/03/21 05:00 PM,14.4,4,129
11/03/21 06:00 PM,13.1,5,11
11/03/21 07:00 PM,12.6,4,0
11/03/21 08:00 PM,12.0,3,0
11/03/21 09:00 PM,11.6,0,0
11/03/21 10:00 PM,11.3,1,0
11/03/21 11:00 PM,11.0,4,0
11/04/21 12:00 AM,10.8,0,0
11/04/21 01:00 AM,10.7,5,0
11/04/21 02:00 AM,10.7,26,0
11/04/21 03:00 AM,11.0,5,0
11/04/21 04:00 AM,10.7,6,0
11/04/21 05:00 AM,10.4,9,0
11/04/21 06:00 AM,10.1,6,0
11/04/21 07:00 AM,9.7,20,0
11/04/21 08:00 AM,10.8,30,37
11/04/21 09:00 AM,12.5,29,168
11/04/21 10:00 AM,14.0,1,332
11/04/21 11:00 AM,15.0,6,481
11/04/21 12:00 PM,15.9,23,557
11/04/21 01:00 PM,16.4,10,453
11/04/21 02:00 PM,16.8,6,514
11/04/21 03:00 PM,17.1,2,409
11/04/21 04:00 PM,16.6,0,304
11/04/21 05:00 PM,15.3,0,137
11/04/21 06:00 PM,13.7,0,11
11/04/21 07:00 PM,12.8,0,0
11/04/21 08:00 PM,12.1,0,0
11/04/21 09:00 PM,11.6,0,0
11/04/21 10:00 PM,11.4,0,0
11/04/21 11:00 PM,11.2,0,0
11/05/21 12:00 AM,11.6,0,0
11/05/21 01:00 AM,11.1,0,0
11/05/21 02:00 AM,10.6,0,0
11/05/21 03:00 AM,10.2,0,0
11/05/21 04:00 AM,9.4,0,0
11/05/21 05:00 AM,8.5,0,0
11/05/21 06:00 AM,8.0,0,0
11/05/21 07:00 AM,7.7,0,0
11/05/21 08:00 AM,8.3,0,39
11/05/21 09:00 AM,10.2,0,197
11/05/21 10:00 AM,12.1,0,364
11/05/21 11:00 AM,13.8,0,496
11/05/21 12:00 PM,15.7,0,576
11/05/21 01:00 PM,16.6,0,595
11/05/21 02:00 PM,17.1,0,552
11/05/21 03:00 PM,17.1,0,452
11/05/21 04:00 PM,16.7,0,305
11/05/21 05:00 PM,15.3,0,133
11/05/21 06:00 PM,13.3,0,10
11/05/21 07:00 PM,13.2,0,0
11/05/21 08:00 PM,12.7,0,0
11/05/21 09:00 PM,11.8,0,0
11/05/21 10:00 PM,11.0,0,0
11/05/21 11:00 PM,10.3,0,0
11/06/21 12:00 AM,10.1,0,0
11/06/21 01:00 AM,9.4,0,0
11/06/21 02:00 AM,8.9,0,0
11/06/21 03:00 AM,8.6,0,0
11/06/21 04:00 AM,8.4,0,0
11/06/21 05:00 AM,8.3,0,0
11/06/21 06:00 AM,8.4,0,0
11/06/21 07:00 AM,8.2,0,0
11/06/21 08:00 AM,8.6,0,38
11/06/21 09:00 AM,10.1,0,197
11/06/21 10:00 AM,11.7,0,365
11/06/21 11:00 AM,13.3,0,497
11/06/21 12:00 PM,14.4,0,580
11/06/21 01:00 PM,15.0,0,598
11/06/21 02:00 PM,15.6,0,554
11/06/21 03:00 PM,15.9,0,453
11/06/21 04:00 PM,15.4,0,306
11/06/21 05:00 PM,14.1,0,133
11/06/21 06:00 PM,12.4,0,10
11/06/21 07:00 PM,11.4,0,0
11/06/21 08:00 PM,10.6,0,0
11/06/21 09:00 PM,9.9,0,0
11/06/21 10:00 PM,9.1,0,0
11/06/21 11:00 PM,8.4,0,0
11/07/21 12:00 AM,8.3,0,0
11/07/21 01:00 AM,7.8,0,0
11/07/21 02:00 AM,7.4,4,0
11/07/21 03:00 AM,7.2,10,0
11/07/21 04:00 AM,6.9,11,0
11/07/21 05:00 AM,6.6,6,0
11/07/21 06:00 AM,6.2,4,0
11/07/21 07:00 AM,6.4,0,0
11/07/21 08:00 AM,7.5,0,35
11/07/21 09:00 AM,9.5,4,191
11/07/21 10:00 AM,11.5,3,358
11/07/21 11:00 AM,13.5,0,488
11/07/21 12:00 PM,15.7,11,568
11/07/21 01:00 PM,16.9,7,582
11/07/21 02:00 PM,17.6,8,542
11/07/21 03:00 PM,17.5,1,445
11/07/21 04:00 PM,17.1,3,300
11/07/21 05:00 PM,15.2,6,129
11/07/21 06:00 PM,13.2,0,9
11/07/21 07:00 PM,12.7,0,0
11/07/21 08:00 PM,11.9,0,0
11/07/21 09:00 PM,11.2,0,0
11/07/21 10:00 PM,10.5,0,0
11/07/21 11:00 PM,9.8,0,0
11/08/21 12:00 AM,10.0,10,0
11/08/21 01:00 AM,9.5,8,0
11/08/21 02:00 AM,9.1,30,0
11/08/21 03:00 AM,9.0,11,0
11/08/21 04:00 AM,8.8,11,0
11/08/21 05:00 AM,8.5,10,0
11/08/21 06:00 AM,8.2,7,0
11/08/21 07:00 AM,8.1,6,0
11/08/21 08:00 AM,8.9,4,32
11/08/21 09:00 AM,11.1,6,181
11/08/21 10:00 AM,13.3,2,345
11/08/21 11:00 AM,15.3,7,477
11/08/21 12:00 PM,18.4,23,555
11/08/21 01:00 PM,19.3,30,536
11/08/21 02:00 PM,19.7,30,452
11/08/21 03:00 PM,20.1,29,377
11/08/21 04:00 PM,19.7,27,235
11/08/21 05:00 PM,18.1,0,107
11/08/21 06:00 PM,16.2,0,8
11/08/21 07:00 PM,15.5,0,0
11/08/21 08:00 PM,14.1,0,0
11/08/21 09:00 PM,13.5,0,0
11/08/21 10:00 PM,13.1,0,0
11/08/21 11:00 PM,12.7,0,0
11/09/21 12:00 AM,12.4,0,0
11/09/21 01:00 AM,12.0,3,0
11/09/21 02:00 AM,11.8,2,0
11/09/21 03:00 AM,11.6,2,0
11/09/21 04:00 AM,11.4,2,0
11/09/21 05:00 AM,11.3,0,0
11/09/21 06:00 AM,11.2,1,0
11/09/21 07:00 AM,11.0,0,0
11/09/21 08:00 AM,11.7,0,30
11/09/21 09:00 AM,13.8,4,174
11/09/21 10:00 AM,16.0,0,335
11/09/21 11:00 AM,18.0,0,464
11/09/21 12:00 PM,19.6,1,542
11/09/21 01:00 PM,20.4,0,554
11/09/21 02:00 PM,21.0,0,516
11/09/21 03:00 PM,21.2,0,422
11/09/21 04:00 PM,20.6,0,281
11/09/21 05:00 PM,18.6,0,118
11/09/21 06:00 PM,16.7,0,7
11/09/21 07:00 PM,15.4,0,0
11/09/21 08:00 PM,14.5,0,0
11/09/21 09:00 PM,14.0,0,0
11/09/21 10:00 PM,13.5,0,0
11/09/21 11:00 PM,12.7,0,0
11/10/21 12:00 AM,13.0,0,0
11/10/21 01:00 AM,12.4,0,0
11/10/21 02:00 AM,11.9,0,0
11/10/21 03:00 AM,11.0,0,0
11/10/21 04:00 AM,10.0,0,0
11/10/21 05:00 AM,9.2,0,0
11/10/21 06:00 AM,8.7,0,0
11/10/21 07:00 AM,8.2,0,0
11/10/21 08:00 AM,9.2,0,29
11/10/21 09:00 AM,11.7,0,173
11/10/21 10:00 AM,14.1,0,333
11/10/21 11:00 AM,16.3,0,460
11/10/21 12:00 PM,17.8,0,537
11/10/21 01:00 PM,19.2,0,556
11/10/21 02:00 PM,19.9,0,517
11/10/21 03:00 PM,20.0,0,422
11/10/21 04:00 PM,19.4,0,281
11/10/21 05:00 PM,16.7,0,116
11/10/21 06:00 PM,14.2,0,6
11/10/21 07:00 PM,13.0,0,0
11/10/21 08:00 PM,12.5,0,0
11/10/21 09:00 PM,11.8,0,0
11/10/21 10:00 PM,10.8,6,0
11/10/21 11:00 PM,10.7,18,0
11/11/21 12:00 AM,10.2,30,0
11/11/21 01:00 AM,10.0,41,0
11/11/21 02:00 AM,11.3,50,0
11/11/21 03:00 AM,10.7,100,0
11/11/21 04:00 AM,9.5,100,0
11/11/21 05:00 AM,9.0,90,0
11/11/21 06:00 AM,8.5,90,0
11/11/21 07:00 AM,8.1,90,0
11/11/21 08:00 AM,8.7,90,22
11/11/21 09:00 AM,11.2,11,148
11/11/21 10:00 AM,14.7,3,314
11/11/21 11:00 AM,16.6,2,449
11/11/21 12:00 PM,17.0,29,530
11/11/21 01:00 PM,17.6,0,524
11/11/21 02:00 PM,18.1,0,508
11/11/21 03:00 PM,18.3,0,415
11/11/21 04:00 PM,18.2,0,274
11/11/21 05:00 PM,16.1,0,112
11/11/21 06:00 PM,13.9,0,6
11/11/21 07:00 PM,14.2,0,0
11/11/21 08:00 PM,13.1,0,0
11/11/21 09:00 PM,12.6,0,0
11/11/21 10:00 PM,12.3,0,0
11/11/21 11:00 PM,12.2,0,0
11/12/21 12:00 AM,12.6,1,0
11/12/21 01:00 AM,12.4,4,0
11/12/21 02:00 AM,12.1,61,0
11/12/21 03:00 AM,11.9,90,0
11/12/21 04:00 AM,12.1,90,0
11/12/21 05:00 AM,11.7,26,0
11/12/21 06:00 AM,11.0,4,0
11/12/21 07:00 AM,10.5,6,0
11/12/21 08:00 AM,10.5,19,25
11/12/21 09:00 AM,11.8,8,161
11/12/21 10:00 AM,13.4,6,324
11/12/21 11:00 AM,15.2,2,454
11/12/21 12:00 PM,16.9,1,532
11/12/21 01:00 PM,18.0,0,549
11/12/21 02:00 PM,18.8,0,508
11/12/21 03:00 PM,19.0,0,413
11/12/21 04:00 PM,18.5,0,272
11/12/21 05:00 PM,16.9,4,110
11/12/21 06:00 PM,15.1,0,5
11/12/21 07:00 PM,14.2,0,0
11/12/21 08:00 PM,13.2,0,0
11/12/21 09:00 PM,12.7,0,0
11/12/21 10:00 PM,12.4,0,0
11/12/21 11:00 PM,11.9,0,0
11/13/21 12:00 AM,11.8,0,0
11/13/21 01:00 AM,11.2,0,0
11/13/21 02:00 AM,10.8,0,0
11/13/21 03:00 AM,10.3,0,0
11/13/21 04:00 AM,9.7,0,0
11/13/21 05:00 AM,9.1,0,0
11/13/21 06:00 AM,8.6,2,0
11/13/21 07:00 AM,8.2,4,0
11/13/21 08:00 AM,8.4,1,24
11/13/21 09:00 AM,10.2,0,166
11/13/21 10:00 AM,12.8,0,327
11/13/21 11:00 AM,15.6,0,456
11/13/21 12:00 PM,17.6,12,534
11/13/21 01:00 PM,19.4,1,552
11/13/21 02:00 PM,20.3,26,511
11/13/21 03:00 PM,20.4,30,414
11/13/21 04:00 PM,19.8,29,269
11/13/21 05:00 PM,17.6,28,105
11/13/21 06:00 PM,15.8,24,5
11/13/21 07:00 PM,15.2,1,0
11/13/21 08:00 PM,14.3,0,0
11/13/21 09:00 PM,13.2,29,0
11/13/21 10:00 PM,12.5,8,0
11/13/21 11:00 PM,11.8,0,0
11/14/21 12:00 AM,12.0,0,0
11/14/21 01:00 AM,11.6,0,0
11/14/21 02:00 AM,11.1,0,0
11/14/21 03:00 AM,10.5,0,0
11/14/21 04:00 AM,10.2,0,0
11/14/21 05:00 AM,9.6,0,0
11/14/21 06:00 AM,9.0,0,0
11/14/21 07:00 AM,8.6,0,0
11/14/21 08:00 AM,8.7,0,22
11/14/21 09:00 AM,10.6,0,159
11/14/21 10:00 AM,13.1,0,319
11/14/21 11:00 AM,15.4,0,452
11/14/21 12:00 PM,17.4,0,532
11/14/21 01:00 PM,18.9,0,551
11/14/21 02:00 PM,19.7,0,510
11/14/21 03:00 PM,20.0,0,414
11/14/21 04:00 PM,19.5,0,272
11/14/21 05:00 PM,17.4,0,108
11/14/21 06:00 PM,16.0,0,4
11/14/21 07:00 PM,15.0,0,0
11/14/21 08:00 PM,13.8,0,0
11/14/21 09:00 PM,13.0,0,0
11/14/21 10:00 PM,12.1,0,0
11/14/21 11:00 PM,11.6,0,0
11/15/21 12:00 AM,12.0,0,0
11/15/21 01:00 AM,11.3,0,0
11/15/21 02:00 AM,10.3,0,0
11/15/21 03:00 AM,9.3,0,0
11/15/21 04:00 AM,8.6,0,0
11/15/21 05:00 AM,8.5,0,0
11/15/21 06:00 AM,8.4,0,0
11/15/21 07:00 AM,8.2,0,0
11/15/21 08:00 AM,8.6,0,22
11/15/21 09:00 AM,10.6,0,161
11/15/21 10:00 AM,13.0,0,323
11/15/21 11:00 AM,15.5,0,451
11/15/21 12:00 PM,17.6,0,529
11/15/21 01:00 PM,18.8,0,552
11/15/21 02:00 PM,19.4,0,511
11/15/21 03:00 PM,19.3,0,413
11/15/21 04:00 PM,18.9,0,269
11/15/21 05:00 PM,17.0,0,105
11/15/21 06:00 PM,15.4,0,4
11/15/21 07:00 PM,14.3,0,0
11/15/21 08:00 PM,13.2,4,0
11/15/21 09:00 PM,12.4,17,0
11/15/21 10:00 PM,11.9,26,0
11/15/21 11:00 PM,11.4,30,0
11/16/21 12:00 AM,11.0,21,0
11/16/21 01:00 AM,10.1,9,0
11/16/21 02:00 AM,9.6,29,0
11/16/21 03:00 AM,9.4,28,0
11/16/21 04:00 AM,9.1,29,0
11/16/21 05:00 AM,8.9,30,0
11/16/21 06:00 AM,8.7,30,0
11/16/21 07:00 AM,8.1,30,0
11/16/21 08:00 AM,8.5,0,17
11/16/21 09:00 AM,10.5,3,154
11/16/21 10:00 AM,13.1,23,312
11/16/21 11:00 AM,15.5,16,423
11/16/21 12:00 PM,16.8,12,514
11/16/21 01:00 PM,18.3,0,537
11/16/21 02:00 PM,19.0,0,500
11/16/21 03:00 PM,19.1,0,405
11/16/21 04:00 PM,18.6,0,264
11/16/21 05:00 PM,16.4,3,102
11/16/21 06:00 PM,14.9,19,4
11/16/21 07:00 PM,14.2,30,0
11/16/21 08:00 PM,13.0,26,0
11/16/21 09:00 PM,11.9,11,0
11/16/21 10:00 PM,11.2,7,0
11/16/21 11:00 PM,10.5,22,0
11/17/21 12:00 AM,10.1,10,0
11/17/21 01:00 AM,9.3,29,0
11/17/21 02:00 AM,8.7,22,0
11/17/21 03:00 AM,8.2,29,0
11/17/21 04:00 AM,7.9,29,0
11/17/21 05:00 AM,7.9,30,0
11/17/21 06:00 AM,8.1,30,0
11/17/21 07:00 AM,8.2,30,0
11/17/21 08:00 AM,8.4,30,14
11/17/21 09:00 AM,10.3,18,128
11/17/21 10:00 AM,12.6,27,305
11/17/21 11:00 AM,14.8,19,434
11/17/21 12:00 PM,16.5,26,506
11/17/21 01:00 PM,17.7,25,517
11/17/21 02:00 PM,18.2,30,479
11/17/21 03:00 PM,18.4,22,377
11/17/21 04:00 PM,18.0,0,260
11/17/21 05:00 PM,16.5,0,100
11/17/21 06:00 PM,14.7,0,3
11/17/21 07:00 PM,13.6,0,0
11/17/21 08:00 PM,12.9,0,0
11/17/21 09:00 PM,12.4,0,0
11/17/21 10:00 PM,11.7,0,0
11/17/21 11:00 PM,10.9,0,0
11/18/21 12:00 AM,10.5,0,0
11/18/21 01:00 AM,9.9,0,0
11/18/21 02:00 AM,9.4,0,0
11/18/21 03:00 AM,8.9,0,0
11/18/21 04:00 AM,8.6,0,0
11/18/21 05:00 AM,8.4,0,0
11/18/21 06:00 AM,8.3,0,0
11/18/21 07:00 AM,8.2,0,0
11/18/21 08:00 AM,8.6,0,17
11/18/21 09:00 AM,10.6,0,148
11/18/21 10:00 AM,13.0,0,307
11/18/21 11:00 AM,15.3,0,434
11/18/21 12:00 PM,16.8,0,512
11/18/21 01:00 PM,18.6,0,534
11/18/21 02:00 PM,20.0,0,494
11/18/21 03:00 PM,20.4,0,397
11/18/21 04:00 PM,19.9,0,257
11/18/21 05:00 PM,18.1,1,97
11/18/21 06:00 PM,16.3,4,3
11/18/21 07:00 PM,15.3,2,0
11/18/21 08:00 PM,14.6,2,0
11/18/21 09:00 PM,14.0,4,0
11/18/21 10:00 PM,13.5,0,0
11/18/21 11:00 PM,13.1,0,0
11/19/21 12:00 AM,13.5,8,0
11/19/21 01:00 AM,13.0,22,0
11/19/21 02:00 AM,12.8,0,0
11/19/21 03:00 AM,12.1,0,0
11/19/21 04:00 AM,11.7,40,0
11/19/21 05:00 AM,11.8,23,0
11/19/21 06:00 AM,11.5,6,0
11/19/21 07:00 AM,11.3,18,0
11/19/21 08:00 AM,11.5,53,14
11/19/21 09:00 AM,13.1,49,100
11/19/21 10:00 AM,14.7,37,211
11/19/21 11:00 AM,16.4,45,310
11/19/21 12:00 PM,19.0,30,325
11/19/21 01:00 PM,20.1,0,505
11/19/21 02:00 PM,20.4,6,478
11/19/21 03:00 PM,20.6,8,385
11/19/21 04:00 PM,20.3,4,243
11/19/21 05:00 PM,18.7,30,92
11/19/21 06:00 PM,17.4,30,2
11/19/21 07:00 PM,16.6,31,0
11/19/21 08:00 PM,15.5,32,0
11/19/21 09:00 PM,15.0,8,0
11/19/21 10:00 PM,14.2,40,0
11/19/21 11:00 PM,13.8,38,0
11/20/21 12:00 AM,13.5,42,0
11/20/21 01:00 AM,13.7,67,0
11/20/21 02:00 AM,14.1,50,0
11/20/21 03:00 AM,13.8,76,0
11/20/21 04:00 AM,13.8,58,0
11/20/21 05:00 AM,13.5,12,0
11/20/21 06:00 AM,13.0,32,0
11/20/21 07:00 AM,12.9,43,0
11/20/21 08:00 AM,13.0,56,13
11/20/21 09:00 AM,14.4,53,117
11/20/21 10:00 AM,15.9,32,258
11/20/21 11:00 AM,17.2,51,363
11/20/21 12:00 PM,17.3,84,461
11/20/21 01:00 PM,16.9,85,269
11/20/21 02:00 PM,17.4,58,283
11/20/21 03:00 PM,15.5,100,281
11/20/21 04:00 PM,14.5,62,48
11/20/21 05:00 PM,13.8,100,52
11/20/21 06:00 PM,13.8,100,1
11/20/21 07:00 PM,13.9,49,0
11/20/21 08:00 PM,13.4,45,0
11/20/21 09:00 PM,13.2,33,0
11/20/21 10:00 PM,13.1,57,0
11/20/21 11:00 PM,12.8,31,0
11/21/21 12:00 AM,12.3,21,0
11/21/21 01:00 AM,12.1,49,0
11/21/21 02:00 AM,11.9,29,0
11/21/21 03:00 AM,11.6,100,0
11/21/21 04:00 AM,12.2,97,0
11/21/21 05:00 AM,12.4,100,0
11/21/21 06:00 AM,12.3,95,0
11/21/21 07:00 AM,12.4,91,0
11/21/21 08:00 AM,12.5,90,5
11/21/21 09:00 AM,13.2,90,61
11/21/21 10:00 AM,13.9,91,144
11/21/21 11:00 AM,14.5,92,228
11/21/21 12:00 PM,14.9,93,240
11/21/21 01:00 PM,16.4,20,378
11/21/21 02:00 PM,17.2,19,450
11/21/21 03:00 PM,17.1,98,356
11/21/21 04:00 PM,16.6,94,157
11/21/21 05:00 PM,15.9,20,47
11/21/21 06:00 PM,13.8,72,2
11/21/21 07:00 PM,13.1,18,0
11/21/21 08:00 PM,11.9,10,0
11/21/21 09:00 PM,11.1,7,0
11/21/21 10:00 PM,10.6,5,0
11/21/21 11:00 PM,10.7,6,0
11/22/21 12:00 AM,12.0,4,0
11/22/21 01:00 AM,11.8,10,0
11/22/21 02:00 AM,11.4,2,0
11/22/21 03:00 AM,11.1,1,0
11/22/21 04:00 AM,11.4,0,0
11/22/21 05:00 AM,11.6,3,0
11/22/21 06:00 AM,11.6,0,0
11/22/21 07:00 AM,11.5,11,0
11/22/21 08:00 AM,11.7,14,12
11/22/21 09:00 AM,13.1,1,127
11/22/21 10:00 AM,14.2,4,289
11/22/21 11:00 AM,15.0,15,413
11/22/21 12:00 PM,14.8,85,463
11/22/21 01:00 PM,15.7,5,334
11/22/21 02:00 PM,15.9,0,475
11/22/21 03:00 PM,14.7,4,390
11/22/21 04:00 PM,13.7,1,246
11/22/21 05:00 PM,12.3,1,93
11/22/21 06:00 PM,11.0,0,2
11/22/21 07:00 PM,10.2,0,0
11/22/21 08:00 PM,9.6,1,0
11/22/21 09:00 PM,9.0,4,0
11/22/21 10:00 PM,8.4,26,0
11/22/21 11:00 PM,9.1,19,0
11/23/21 12:00 AM,9.8,1,0
11/23/21 01:00 AM,9.1,5,0
11/23/21 02:00 AM,8.8,3,0
11/23/21 03:00 AM,8.6,0,0
11/23/21 04:00 AM,8.5,0,0
11/23/21 05:00 AM,8.6,0,0
11/23/21 06:00 AM,8.4,0,0
11/23/21 07:00 AM,8.1,0,0
11/23/21 08:00 AM,8.3,0,11
11/23/21 09:00 AM,10.5,9,131
11/23/21 10:00 AM,12.6,5,284
11/23/21 11:00 AM,14.0,4,405
11/23/21 12:00 PM,14.6,50,488
11/23/21 01:00 PM,15.0,3,383
11/23/21 02:00 PM,15.5,6,469
11/23/21 03:00 PM,15.3,30,382
11/23/21 04:00 PM,14.4,30,219
11/23/21 05:00 PM,13.4,31,76
11/23/21 06:00 PM,12.0,30,2
11/23/21 07:00 PM,11.3,25,0
11/23/21 08:00 PM,10.2,23,0
11/23/21 09:00 PM,9.5,0,0
11/23/21 10:00 PM,9.2,0,0
11/23/21 11:00 PM,8.8,0,0
11/24/21 12:00 AM,9.0,0,0
11/24/21 01:00 AM,9.0,2,0
11/24/21 02:00 AM,9.0,27,0
11/24/21 03:00 AM,9.7,54,0
11/24/21 04:00 AM,10.1,30,0
11/24/21 05:00 AM,9.4,23,0
11/24/21 06:00 AM,9.4,6,0
11/24/21 07:00 AM,9.0,13,0
11/24/21 08:00 AM,8.6,18,10
11/24/21 09:00 AM,10.9,0,119
11/24/21 10:00 AM,12.6,23,282
11/24/21 11:00 AM,13.3,38,361
11/24/21 12:00 PM,13.9,31,435
11/24/21 01:00 PM,14.6,58,420
11/24/21 02:00 PM,15.1,47,368
11/24/21 03:00 PM,14.6,62,296
11/24/21 04:00 PM,14.1,20,206
11/24/21 05:00 PM,12.8,23,85
11/24/21 06:00 PM,12.1,86,2
11/24/21 07:00 PM,12.1,27,0
11/24/21 08:00 PM,11.4,8,0
11/24/21 09:00 PM,11.1,11,0
11/24/21 10:00 PM,11.2,32,0
11/24/21 11:00 PM,11.1,36,0
11/25/21 12:00 AM,11.1,6,0
11/25/21 01:00 AM,10.9,7,0
11/25/21 02:00 AM,10.7,10,0
11/25/21 03:00 AM,10.7,2,0
11/25/21 04:00 AM,10.6,7,0
11/25/21 05:00 AM,10.4,13,0
11/25/21 06:00 AM,10.2,19,0
11/25/21 07:00 AM,9.9,15,0
11/25/21 08:00 AM,9.5,40,9
11/25/21 09:00 AM,11.5,80,93
11/25/21 10:00 AM,11.9,60,177
11/25/21 11:00 AM,12.1,21,213
11/25/21 12:00 PM,10.3,62,413
11/25/21 01:00 PM,10.6,44,78
11/25/21 02:00 PM,12.5,36,432
11/25/21 03:00 PM,13.1,98,327
11/25/21 04:00 PM,11.9,43,148
11/25/21 05:00 PM,11.0,52,72
11/25/21 06:00 PM,9.6,12,1
11/25/21 07:00 PM,8.5,8,0
11/25/21 08:00 PM,7.8,4,0
11/25/21 09:00 PM,7.5,8,0
11/25/21 10:00 PM,7.5,0,0
11/25/21 11:00 PM,7.5,0,0
11/26/21 12:00 AM,7.7,0,0
11/26/21 01:00 AM,7.7,0,0
11/26/21 02:00 AM,7.4,0,0
11/26/21 03:00 AM,6.9,0,0
11/26/21 04:00 AM,6.6,0,0
11/26/21 05:00 AM,6.2,0,0
11/26/21 06:00 AM,5.9,0,0
11/26/21 07:00 AM,5.7,0,0
11/26/21 08:00 AM,5.8,0,9
11/26/21 09:00 AM,7.5,0,121
11/26/21 10:00 AM,9.8,0,276
11/26/21 11:00 AM,11.8,4,403
11/26/21 12:00 PM,13.4,0,482
11/26/21 01:00 PM,14.2,0,509
11/26/21 02:00 PM,14.6,0,472
11/26/21 03:00 PM,14.6,0,381
11/26/21 04:00 PM,13.5,0,242
11/26/21 05:00 PM,11.8,0,86
11/26/21 06:00 PM,10.8,0,2
11/26/21 07:00 PM,10.2,3,0
11/26/21 08:00 PM,9.9,3,0
11/26/21 09:00 PM,9.8,14,0
11/26/21 10:00 PM,9.6,32,0
11/26/21 11:00 PM,9.4,66,0
11/27/21 12:00 AM,8.7,16,0
11/27/21 01:00 AM,8.9,88,0
11/27/21 02:00 AM,9.4,67,0
11/27/21 03:00 AM,9.4,61,0
11/27/21 04:00 AM,9.6,62,0
11/27/21 05:00 AM,9.7,12,0
11/27/21 06:00 AM,9.4,52,0
11/27/21 07:00 AM,10.1,34,0
11/27/21 08:00 AM,10.6,80,6
11/27/21 09:00 AM,12.1,31,81
11/27/21 10:00 AM,13.2,33,204
11/27/21 11:00 AM,14.0,33,337
11/27/21 12:00 PM,14.9,9,376
11/27/21 01:00 PM,15.2,23,471
11/27/21 02:00 PM,14.9,16,426
11/27/21 03:00 PM,14.0,7,355
11/27/21 04:00 PM,12.7,3,236
11/27/21 05:00 PM,11.7,2,85
11/27/21 06:00 PM,11.0,0,1
11/27/21 07:00 PM,10.6,1,0
11/27/21 08:00 PM,10.3,0,0
11/27/21 09:00 PM,9.9,0,0
11/27/21 10:00 PM,9.6,0,0
11/27/21 11:00 PM,9.3,1,0
11/28/21 12:00 AM,8.5,6,0
11/28/21 01:00 AM,8.1,15,0
11/28/21 02:00 AM,8.1,26,0
11/28/21 03:00 AM,8.1,24,0
11/28/21 04:00 AM,8.3,20,0
11/28/21 05:00 AM,8.2,36,0
11/28/21 06:00 AM,8.3,16,0
11/28/21 07:00 AM,8.0,7,0
11/28/21 08:00 AM,8.0,7,7
11/28/21 09:00 AM,9.8,2,109
11/28/21 10:00 AM,11.7,15,264
11/28/21 11:00 AM,12.7,27,360
11/28/21 12:00 PM,13.9,28,412
11/28/21 01:00 PM,14.7,95,433
11/28/21 02:00 PM,14.4,5,250
11/28/21 03:00 PM,14.5,54,357
11/28/21 04:00 PM,13.5,25,183
11/28/21 05:00 PM,12.9,94,73
11/28/21 06:00 PM,12.6,80,1
11/28/21 07:00 PM,12.2,100,0
11/28/21 08:00 PM,12.9,59,0
11/28/21 09:00 PM,12.6,45,0
11/28/21 10:00 PM,12.3,33,0
11/28/21 11:00 PM,12.2,47,0
11/29/21 12:00 AM,12.3,2,0
11/29/21 01:00 AM,11.8,20,0
11/29/21 02:00 AM,12.0,35,0
11/29/21 03:00 AM,11.9,16,0
11/29/21 04:00 AM,11.6,13,0
11/29/21 05:00 AM,11.4,77,0
11/29/21 06:00 AM,12.0,61,0
11/29/21 07:00 AM,11.9,41,0
11/29/21 08:00 AM,11.4,62,6
11/29/21 09:00 AM,12.9,100,88
11/29/21 10:00 AM,13.7,58,146
11/29/21 11:00 AM,15.0,49,314
11/29/21 12:00 PM,14.5,95,367
11/29/21 01:00 PM,15.3,49,318
11/29/21 02:00 PM,15.8,79,361
11/29/21 03:00 PM,15.6,76,231
11/29/21 04:00 PM,15.0,31,136
11/29/21 05:00 PM,13.5,90,70
11/29/21 06:00 PM,12.4,46,1
11/29/21 07:00 PM,11.3,19,0
11/29/21 08:00 PM,10.5,2,0
11/29/21 09:00 PM,9.4,23,0
11/29/21 10:00 PM,8.3,32,0
11/29/21 11:00 PM,8.6,75,0
11/30/21 12:00 AM,9.5,60,0
11/30/21 01:00 AM,8.7,43,0
11/30/21 02:00 AM,8.8,38,0
11/30/21 03:00 AM,9.5,38,0
11/30/21 04:00 AM,11.0,60,0
11/30/21 05:00 AM,11.1,100,0
11/30/21 06:00 AM,9.7,98,0
11/30/21 07:00 AM,9.9,52,0
11/30/21 08:00 AM,9.6,35,5
11/30/21 09:00 AM,11.2,25,99
11/30/21 10:00 AM,12.7,28,246
11/30/21 11:00 AM,13.9,31,361
11/30/21 12:00 PM,14.7,90,418
11/30/21 01:00 PM,15.1,90,308
11/30/21 02:00 PM,15.2,90,301
11/30/21 03:00 PM,15.2,75,229
11/30/21 04:00 PM,15.0,75,178
11/30/21 05:00 PM,13.5,23,61
11/30/21 06:00 PM,11.8,37,1
11/30/21 07:00 PM,12.0,63,0
11/30/21 08:00 PM,12.1,7,0
11/30/21 09:00 PM,10.8,0,0
11/30/21 10:00 PM,9.4,0,0
11/30/21 11:00 PM,8.3,0,0
12/01/21 12:00 AM,9.3,0,0
12/01/21 01:00 AM,6.1,2,0
12/01/21 02:00 AM,5.7,13,0
12/01/21 03:00 AM,6.1,32,0
12/01/21 04:00 AM,5.9,49,0
12/01/21 05:00 AM,5.7,58,0
12/01/21 06:00 AM,5.4,90,0
12/01/21 07:00 AM,4.7,90,0
12/01/21 08:00 AM,4.9,100,4
12/01/21 09:00 AM,6.3,100,81
12/01/21 10:00 AM,10.8,32,221
12/01/21 11:00 AM,13.9,31,356
12/01/21 12:00 PM,14.4,52,452
12/01/21 01:00 PM,15.7,100,411
12/01/21 02:00 PM,14.9,100,135
12/01/21 03:00 PM,15.4,100,130
12/01/21 04:00 PM,15.8,100,108
12/01/21 05:00 PM,14.9,100,37
12/01/21 06:00 PM,14.0,100,1
12/01/21 07:00 PM,14.0,66,0
12/01/21 08:00 PM,12.8,80,0
12/01/21 09:00 PM,12.3,58,0
12/01/21 10:00 PM,11.8,32,0
12/01/21 11:00 PM,11.7,64,0
12/02/21 12:00 AM,11.8,38,0
12/02/21 01:00 AM,11.8,74,0
12/02/21 02:00 AM,11.8,100,0
12/02/21 03:00 AM,11.9,100,0
12/02/21 04:00 AM,11.8,100,0
12/02/21 05:00 AM,11.9,100,0
12/02/21 06:00 AM,11.1,69,0
12/02/21 07:00 AM,11.0,46,0
12/02/21 08:00 AM,10.5,5,4
12/02/21 09:00 AM,11.2,1,100
12/02/21 10:00 AM,12.3,0,255
12/02/21 11:00 AM,13.3,1,386
12/02/21 12:00 PM,14.0,6,470
12/02/21 01:00 PM,14.4,2,497
12/02/21 02:00 PM,14.5,0,460
12/02/21 03:00 PM,14.0,0,371
12/02/21 04:00 PM,13.0,0,236
12/02/21 05:00 PM,11.5,0,82
12/02/21 06:00 PM,10.7,26,1
12/02/21 07:00 PM,10.5,5,0
12/02/21 08:00 PM,10.1,1,0
12/02/21 09:00 PM,9.9,1,0
12/02/21 10:00 PM,9.6,0,0
12/02/21 11:00 PM,9.2,0,0
12/03/21 12:00 AM,9.1,0,0
12/03/21 01:00 AM,8.5,0,0
12/03/21 02:00 AM,8.3,0,0
12/03/21 03:00 AM,8.2,0,0
12/03/21 04:00 AM,7.8,0,0
12/03/21 05:00 AM,7.6,0,0
12/03/21 06:00 AM,7.4,0,0
12/03/21 07:00 AM,7.0,0,0
12/03/21 08:00 AM,6.8,0,4
12/03/21 09:00 AM,8.3,0,102
12/03/21 10:00 AM,9.9,0,254
12/03/21 11:00 AM,11.6,0,379
12/03/21 12:00 PM,13.4,0,458
12/03/21 01:00 PM,14.3,0,485
12/03/21 02:00 PM,15.0,0,450
12/03/21 03:00 PM,15.3,0,361
12/03/21 04:00 PM,15.1,0,227
12/03/21 05:00 PM,13.2,0,78
12/03/21 06:00 PM,12.2,0,1
12/03/21 07:00 PM,11.1,0,0
12/03/21 08:00 PM,10.5,0,0
12/03/21 09:00 PM,10.1,0,0
12/03/21 10:00 PM,9.6,0,0
12/03/21 11:00 PM,8.8,2,0
12/04/21 12:00 AM,11.1,90,0
12/04/21 01:00 AM,11.1,90,0
12/04/21 02:00 AM,11.0,89,0
12/04/21 03:00 AM,10.6,60,0
12/04/21 04:00 AM,10.2,25,0
12/04/21 05:00 AM,10.0,19,0
12/04/21 06:00 AM,10.3,14,0
12/04/21 07:00 AM,10.4,2,0
12/04/21 08:00 AM,10.9,0,4
12/04/21 09:00 AM,13.1,7,95
12/04/21 10:00 AM,15.6,14,236
12/04/21 11:00 AM,17.0,20,344
12/04/21 12:00 PM,16.2,95,411
12/04/21 01:00 PM,17.0,100,360
12/04/21 02:00 PM,16.8,90,184
12/04/21 03:00 PM,16.8,70,173
12/04/21 04:00 PM,16.5,52,151
12/04/21 05:00 PM,15.5,33,64
12/04/21 06:00 PM,13.9,32,1
12/04/21 07:00 PM,12.7,13,0
12/04/21 08:00 PM,11.9,5,0
12/04/21 09:00 PM,11.1,0,0
12/04/21 10:00 PM,10.4,14,0
12/04/21 11:00 PM,10.0,3,0
12/05/21 12:00 AM,10.2,21,0
12/05/21 01:00 AM,10.1,23,0
12/05/21 02:00 AM,10.3,32,0
12/05/21 03:00 AM,10.3,14,0
12/05/21 04:00 AM,10.4,49,0
12/05/21 05:00 AM,10.3,90,0
12/05/21 06:00 AM,11.0,98,0
12/05/21 07:00 AM,11.4,92,0
12/05/21 08:00 AM,11.4,9,2
12/05/21 09:00 AM,12.0,19,90
12/05/21 10:00 AM,13.5,27,236
12/05/21 11:00 AM,14.7,84,363
12/05/21 12:00 PM,14.3,89,257
12/05/21 01:00 PM,15.4,91,287
12/05/21 02:00 PM,15.5,73,213
12/05/21 03:00 PM,15.5,92,293
12/05/21 04:00 PM,15.1,90,156
12/05/21 05:00 PM,14.2,32,44
12/05/21 06:00 PM,12.4,23,1
12/05/21 07:00 PM,11.8,26,0
12/05/21 08:00 PM,11.4,19,0
12/05/21 09:00 PM,11.2,16,0
12/05/21 10:00 PM,10.8,27,0
12/05/21 11:00 PM,10.5,20,0
12/06/21 12:00 AM,10.1,12,0
12/06/21 01:00 AM,10.3,4,0
12/06/21 02:00 AM,10.2,3,0
12/06/21 03:00 AM,9.7,27,0
12/06/21 04:00 AM,9.3,74,0
12/06/21 05:00 AM,10.3,69,0
12/06/21 06:00 AM,10.2,28,0
12/06/21 07:00 AM,9.6,2,0
12/06/21 08:00 AM,9.0,86,3
12/06/21 09:00 AM,11.3,27,81
12/06/21 10:00 AM,13.3,1,221
12/06/21 11:00 AM,14.8,28,356
12/06/21 12:00 PM,15.8,36,394
12/06/21 01:00 PM,16.3,89,403
12/06/21 02:00 PM,16.1,31,191
12/06/21 03:00 PM,16.6,7,281
12/06/21 04:00 PM,16.5,2,191
12/06/21 05:00 PM,14.7,0,74
12/06/21 06:00 PM,12.9,0,1
12/06/21 07:00 PM,11.9,1,0
12/06/21 08:00 PM,11.0,1,0
12/06/21 09:00 PM,10.7,9,0
12/06/21 10:00 PM,11.1,70,0
12/06/21 11:00 PM,11.6,90,0
12/07/21 12:00 AM,11.7,19,0
12/07/21 01:00 AM,11.2,25,0
12/07/21 02:00 AM,11.5,71,0
12/07/21 03:00 AM,12.3,90,0
12/07/21 04:00 AM,12.9,90,0
12/07/21 05:00 AM,12.8,90,0
12/07/21 06:00 AM,13.0,90,0
12/07/21 07:00 AM,13.4,91,0
12/07/21 08:00 AM,13.6,90,2
12/07/21 09:00 AM,14.4,90,38
12/07/21 10:00 AM,15.3,62,96
12/07/21 11:00 AM,16.5,94,276
12/07/21 12:00 PM,15.5,56,271
12/07/21 01:00 PM,16.0,68,295
12/07/21 02:00 PM,15.9,98,274
12/07/21 03:00 PM,15.6,76,190
12/07/21 04:00 PM,15.3,56,135
12/07/21 05:00 PM,14.9,100,59
12/07/21 06:00 PM,14.7,43,0
12/07/21 07:00 PM,14.3,88,0
12/07/21 08:00 PM,15.0,100,0
12/07/21 09:00 PM,14.5,100,0
12/07/21 10:00 PM,14.0,100,0
12/07/21 11:00 PM,13.1,16,0
12/08/21 12:00 AM,13.4,27,0
12/08/21 01:00 AM,12.5,8,0
12/08/21 02:00 AM,11.9,9,0
12/08/21 03:00 AM,11.5,22,0
12/08/21 04:00 AM,11.2,58,0
12/08/21 05:00 AM,12.2,19,0
12/08/21 06:00 AM,11.7,20,0
12/08/21 07:00 AM,11.4,13,0
12/08/21 08:00 AM,11.2,1,2
12/08/21 09:00 AM,12.2,7,87
12/08/21 10:00 AM,13.4,23,233
12/08/21 11:00 AM,14.1,53,333
12/08/21 12:00 PM,14.2,75,381
12/08/21 01:00 PM,14.6,100,285
12/08/21 02:00 PM,14.7,87,198
12/08/21 03:00 PM,14.4,100,211
12/08/21 04:00 PM,14.3,67,71
12/08/21 05:00 PM,13.7,100,50
12/08/21 06:00 PM,12.8,39,1
12/08/21 07:00 PM,12.1,100,0
12/08/21 08:00 PM,12.4,100,0
12/08/21 09:00 PM,12.0,70,0
12/08/21 10:00 PM,11.4,68,0
12/08/21 11:00 PM,10.9,48,0
12/09/21 12:00 AM,11.7,77,0
12/09/21 01:00 AM,11.9,100,0
12/09/21 02:00 AM,12.1,64,0
12/09/21 03:00 AM,11.7,43,0
12/09/21 04:00 AM,11.3,26,0
12/09/21 05:00 AM,10.8,42,0
12/09/21 06:00 AM,10.7,45,0
12/09/21 07:00 AM,10.5,30,0
12/09/21 08:00 AM,10.6,17,2
12/09/21 09:00 AM,12.7,47,80
12/09/21 10:00 AM,14.8,27,194
12/09/21 11:00 AM,16.7,62,349
12/09/21 12:00 PM,16.2,72,343
12/09/21 01:00 PM,16.4,100,349
12/09/21 02:00 PM,16.4,100,313
12/09/21 03:00 PM,15.9,100,208
12/09/21 04:00 PM,15.4,100,134
12/09/21 05:00 PM,14.3,72,40
12/09/21 06:00 PM,12.9,39,1
12/09/21 07:00 PM,12.0,39,0
12/09/21 08:00 PM,12.0,18,0
12/09/21 09:00 PM,11.9,29,0
12/09/21 10:00 PM,11.9,38,0
12/09/21 11:00 PM,12.0,59,0
12/10/21 12:00 AM,12.2,56,0
12/10/21 01:00 AM,11.8,21,0
12/10/21 02:00 AM,11.6,11,0
12/10/21 03:00 AM,11.7,14,0
12/10/21 04:00 AM,11.9,4,0
12/10/21 05:00 AM,12.1,24,0
12/10/21 06:00 AM,12.5,26,0
12/10/21 07:00 AM,12.7,46,0
12/10/21 08:00 AM,12.8,46,1
12/10/21 09:00 AM,13.8,26,78
12/10/21 10:00 AM,15.3,73,224
12/10/21 11:00 AM,16.6,70,313
12/10/21 12:00 PM,16.1,100,348
12/10/21 01:00 PM,16.8,100,286
12/10/21 02:00 PM,16.7,74,232
12/10/21 03:00 PM,16.7,82,273
12/10/21 04:00 PM,16.2,100,168
12/10/21 05:00 PM,15.3,100,40
12/10/21 06:00 PM,15.1,77,1
12/10/21 07:00 PM,14.1,62,0
12/10/21 08:00 PM,13.8,85,0
12/10/21 09:00 PM,13.6,48,0
12/10/21 10:00 PM,13.5,86,0
12/10/21 11:00 PM,13.5,7,0
12/11/21 12:00 AM,13.3,10,0
12/11/21 01:00 AM,12.9,4,0
12/11/21 02:00 AM,12.5,18,0
12/11/21 03:00 AM,12.4,31,0
12/11/21 04:00 AM,12.4,11,0
12/11/21 05:00 AM,12.2,8,0
12/11/21 06:00 AM,12.0,6,0
12/11/21 07:00 AM,11.8,23,0
12/11/21 08:00 AM,11.8,53,1
12/11/21 09:00 AM,12.9,39,56
12/11/21 10:00 AM,14.3,32,185
12/11/21 11:00 AM,16.0,4,332
12/11/21 12:00 PM,16.8,0,419
12/11/21 01:00 PM,17.7,4,451
12/11/21 02:00 PM,18.2,3,421
12/11/21 03:00 PM,18.1,0,339
12/11/21 04:00 PM,17.5,0,215
12/11/21 05:00 PM,16.0,4,74
12/11/21 06:00 PM,14.2,0,1
12/11/21 07:00 PM,13.1,0,0
12/11/21 08:00 PM,12.3,0,0
12/11/21 09:00 PM,11.9,1,0
12/11/21 10:00 PM,11.4,0,0
12/11/21 11:00 PM,11.1,0,0
12/12/21 12:00 AM,11.0,1,0
12/12/21 01:00 AM,10.6,10,0
12/12/21 02:00 AM,10.3,12,0
12/12/21 03:00 AM,10.0,16,0
12/12/21 04:00 AM,9.6,10,0
12/12/21 05:00 AM,9.4,49,0
12/12/21 06:00 AM,9.3,100,0
12/12/21 07:00 AM,9.1,92,0
12/12/21 08:00 AM,9.3,91,1
12/12/21 09:00 AM,10.1,90,42
12/12/21 10:00 AM,11.6,92,146
12/12/21 11:00 AM,13.9,9,317
12/12/21 12:00 PM,16.5,3,428
12/12/21 01:00 PM,18.4,2,457
12/12/21 02:00 PM,19.7,2,428
12/12/21 03:00 PM,20.3,3,346
12/12/21 04:00 PM,20.1,0,220
12/12/21 05:00 PM,16.7,4,76
12/12/21 06:00 PM,14.8,0,1
12/12/21 07:00 PM,13.4,0,0
12/12/21 08:00 PM,12.5,0,0
12/12/21 09:00 PM,13.0,0,0
12/12/21 10:00 PM,12.5,0,0
12/12/21 11:00 PM,11.8,0,0
12/13/21 12:00 AM,11.8,0,0
12/13/21 01:00 AM,11.6,0,0
12/13/21 02:00 AM,11.3,0,0
12/13/21 03:00 AM,11.1,0,0
12/13/21 04:00 AM,11.0,0,0
12/13/21 05:00 AM,11.0,0,0
12/13/21 06:00 AM,10.7,0,0
12/13/21 07:00 AM,10.5,0,0
12/13/21 08:00 AM,10.4,0,1
12/13/21 09:00 AM,11.9,0,78
12/13/21 10:00 AM,13.4,0,224
12/13/21 11:00 AM,14.8,0,351
12/13/21 12:00 PM,15.5,4,434
12/13/21 01:00 PM,16.7,54,453
12/13/21 02:00 PM,17.2,23,354
12/13/21 03:00 PM,17.9,25,306
12/13/21 04:00 PM,18.3,3,186
12/13/21 05:00 PM,16.4,4,68
12/13/21 06:00 PM,13.8,4,1
12/13/21 07:00 PM,13.2,19,0
12/13/21 08:00 PM,13.7,33,0
12/13/21 09:00 PM,13.9,41,0
12/13/21 10:00 PM,13.2,82,0
12/13/21 11:00 PM,12.6,32,0
12/14/21 12:00 AM,12.9,65,0
12/14/21 01:00 AM,12.3,24,0
12/14/21 02:00 AM,12.0,8,0
12/14/21 03:00 AM,11.6,5,0
12/14/21 04:00 AM,11.5,14,0
12/14/21 05:00 AM,11.3,27,0
12/14/21 06:00 AM,10.9,30,0
12/14/21 07:00 AM,10.4,30,0
12/14/21 08:00 AM,9.8,27,1
12/14/21 09:00 AM,10.4,24,70
12/14/21 10:00 AM,12.0,22,215
12/14/21 11:00 AM,13.8,16,347
12/14/21 12:00 PM,15.6,26,427
12/14/21 01:00 PM,16.7,20,439
12/14/21 02:00 PM,17.4,16,419
12/14/21 03:00 PM,17.7,10,343
12/14/21 04:00 PM,17.5,0,217
12/14/21 05:00 PM,15.2,0,78
12/14/21 06:00 PM,13.9,29,1
12/14/21 07:00 PM,12.9,30,0
12/14/21 08:00 PM,11.8,26,0
12/14/21 09:00 PM,9.7,0,0
12/14/21 10:00 PM,9.7,0,0
12/14/21 11:00 PM,9.2,0,0
12/15/21 12:00 AM,9.5,0,0
12/15/21 01:00 AM,8.8,0,0
12/15/21 02:00 AM,8.2,2,0
12/15/21 03:00 AM,7.7,5,0
12/15/21 04:00 AM,7.5,13,0
12/15/21 05:00 AM,6.8,19,0
12/15/21 06:00 AM,6.3,27,0
12/15/21 07:00 AM,6.4,28,0
12/15/21 08:00 AM,6.6,3,1
12/15/21 09:00 AM,8.5,5,77
12/15/21 10:00 AM,10.7,26,224
12/15/21 11:00 AM,12.9,24,351
12/15/21 12:00 PM,14.6,0,439
12/15/21 01:00 PM,16.2,0,477
12/15/21 02:00 PM,17.1,12,449
12/15/21 03:00 PM,17.6,26,362
12/15/21 04:00 PM,17.4,25,229
12/15/21 05:00 PM,16.6,21,81
12/15/21 06:00 PM,11.0,26,1
12/15/21 07:00 PM,10.9,25,0
12/15/21 08:00 PM,10.5,29,0
12/15/21 09:00 PM,9.6,0,0
12/15/21 10:00 PM,8.3,0,0
12/15/21 11:00 PM,7.9,14,0
12/16/21 12:00 AM,7.9,12,0
12/16/21 01:00 AM,7.0,29,0
12/16/21 02:00 AM,6.8,29,0
12/16/21 03:00 AM,6.7,24,0
12/16/21 04:00 AM,6.1,26,0
12/16/21 05:00 AM,6.2,29,0
12/16/21 06:00 AM,5.2,29,0
12/16/21 07:00 AM,5.0,29,0
12/16/21 08:00 AM,4.3,28,1
12/16/21 09:00 AM,7.7,23,72
12/16/21 10:00 AM,10.0,23,221
12/16/21 11:00 AM,12.6,19,347
12/16/21 12:00 PM,14.6,21,433
12/16/21 01:00 PM,16.1,22,461
12/16/21 02:00 PM,16.6,3,434
12/16/21 03:00 PM,16.5,0,355
12/16/21 04:00 PM,16.0,2,228
12/16/21 05:00 PM,13.1,17,80
12/16/21 06:00 PM,12.3,27,1
12/16/21 07:00 PM,12.1,12,0
12/16/21 08:00 PM,11.5,1,0
12/16/21 09:00 PM,10.9,5,0
12/16/21 10:00 PM,10.7,4,0
12/16/21 11:00 PM,10.8,2,0
12/17/21 12:00 AM,11.5,12,0
12/17/21 01:00 AM,10.4,6,0
12/17/21 02:00 AM,9.5,0,0
12/17/21 03:00 AM,9.0,7,0
12/17/21 04:00 AM,8.7,2,0
12/17/21 05:00 AM,8.6,6,0
12/17/21 06:00 AM,8.3,10,0
12/17/21 07:00 AM,8.2,17,0
12/17/21 08:00 AM,8.0,16,1
12/17/21 09:00 AM,9.4,4,70
12/17/21 10:00 AM,11.5,1,215
12/17/21 11:00 AM,13.8,7,341
12/17/21 12:00 PM,15.5,18,423
12/17/21 01:00 PM,16.6,46,442
12/17/21 02:00 PM,16.8,31,386
12/17/21 03:00 PM,16.8,3,320
12/17/21 04:00 PM,16.3,56,220
12/17/21 05:00 PM,15.0,5,69
12/17/21 06:00 PM,13.1,34,1
12/17/21 07:00 PM,12.4,14,0
12/17/21 08:00 PM,11.6,10,0
12/17/21 09:00 PM,11.3,24,0
12/17/21 10:00 PM,10.9,12,0
12/17/21 11:00 PM,10.3,28,0
12/18/21 12:00 AM,10.1,33,0
12/18/21 01:00 AM,9.5,29,0
12/18/21 02:00 AM,9.1,5,0
12/18/21 03:00 AM,8.7,2,0
12/18/21 04:00 AM,8.8,58,0
12/18/21 05:00 AM,9.1,88,0
12/18/21 06:00 AM,9.1,88,0
12/18/21 07:00 AM,9.1,35,0
12/18/21 08:00 AM,8.8,34,1
12/18/21 09:00 AM,9.9,20,66
12/18/21 10:00 AM,11.5,4,205
12/18/21 11:00 AM,13.3,2,339
12/18/21 12:00 PM,15.0,1,424
12/18/21 01:00 PM,16.5,2,456
12/18/21 02:00 PM,17.3,1,429
12/18/21 03:00 PM,17.5,3,349
12/18/21 04:00 PM,17.3,10,224
12/18/21 05:00 PM,15.5,3,79
12/18/21 06:00 PM,13.4,8,1
12/18/21 07:00 PM,12.8,10,0
12/18/21 08:00 PM,12.0,16,0
12/18/21 09:00 PM,11.4,20,0
12/18/21 10:00 PM,11.2,30,0
12/18/21 11:00 PM,11.3,30,0
12/19/21 12:00 AM,11.6,30,0
12/19/21 01:00 AM,10.9,30,0
12/19/21 02:00 AM,10.5,29,0
12/19/21 03:00 AM,10.1,28,0
12/19/21 04:00 AM,9.7,30,0
12/19/21 05:00 AM,9.4,30,0
12/19/21 06:00 AM,9.4,30,0
12/19/21 07:00 AM,9.4,30,0
12/19/21 08:00 AM,9.6,30,0
12/19/21 09:00 AM,10.7,30,56
12/19/21 10:00 AM,12.5,31,172
12/19/21 11:00 AM,14.2,29,310
12/19/21 12:00 PM,16.4,21,430
12/19/21 01:00 PM,17.5,21,460
12/19/21 02:00 PM,18.3,29,436
12/19/21 03:00 PM,18.6,29,345
12/19/21 04:00 PM,18.4,90,224
12/19/21 05:00 PM,17.6,28,38
12/19/21 06:00 PM,16.4,89,2
12/19/21 07:00 PM,16.3,82,0
12/19/21 08:00 PM,15.8,55,0
12/19/21 09:00 PM,15.3,40,0
12/19/21 10:00 PM,15.1,48,0
12/19/21 11:00 PM,14.6,76,0
12/20/21 12:00 AM,13.2,89,0
12/20/21 01:00 AM,13.6,100,0
12/20/21 02:00 AM,13.2,99,0
12/20/21 03:00 AM,13.8,76,0
12/20/21 04:00 AM,13.9,67,0
12/20/21 05:00 AM,14.0,85,0
12/20/21 06:00 AM,13.9,100,0
12/20/21 07:00 AM,14.3,67,0
12/20/21 08:00 AM,14.2,80,0
12/20/21 09:00 AM,14.4,100,27
12/20/21 10:00 AM,15.5,100,56
12/20/21 11:00 AM,15.4,100,110
12/20/21 12:00 PM,15.6,96,78
12/20/21 01:00 PM,15.4,100,98
12/20/21 02:00 PM,15.0,100,50
12/20/21 03:00 PM,15.3,94,64
12/20/21 04:00 PM,15.1,86,65
12/20/21 05:00 PM,15.1,66,47
12/20/21 06:00 PM,14.5,100,1
12/20/21 07:00 PM,15.1,100,0
12/20/21 08:00 PM,15.1,100,0
12/20/21 09:00 PM,14.7,100,0
12/20/21 10:00 PM,14.5,100,0
12/20/21 11:00 PM,14.4,100,0
12/21/21 12:00 AM,15.4,55,0
12/21/21 01:00 AM,15.2,47,0
12/21/21 02:00 AM,14.8,51,0
12/21/21 03:00 AM,14.7,35,0
12/21/21 04:00 AM,14.5,28,0
12/21/21 05:00 AM,14.4,34,0
12/21/21 06:00 AM,14.1,9,0
12/21/21 07:00 AM,14.0,75,0
12/21/21 08:00 AM,14.2,49,0
12/21/21 09:00 AM,15.3,82,53
12/21/21 10:00 AM,16.3,68,151
12/21/21 11:00 AM,17.2,73,262
12/21/21 12:00 PM,17.2,60,342
12/21/21 01:00 PM,17.0,100,334
12/21/21 02:00 PM,17.2,100,151
12/21/21 03:00 PM,16.5,100,159
12/21/21 04:00 PM,16.2,100,124
12/21/21 05:00 PM,14.9,100,37
12/21/21 06:00 PM,15.1,100,0
12/21/21 07:00 PM,14.2,100,0
12/21/21 08:00 PM,14.5,100,0
12/21/21 09:00 PM,14.8,100,0
12/21/21 10:00 PM,14.5,100,0
12/21/21 11:00 PM,14.2,59,0
12/22/21 12:00 AM,14.2,23,0
12/22/21 01:00 AM,14.0,60,0
12/22/21 02:00 AM,14.1,21,0
12/22/21 03:00 AM,13.8,44,0
12/22/21 04:00 AM,14.0,38,0
12/22/21 05:00 AM,13.5,100,0
12/22/21 06:00 AM,13.0,100,0
12/22/21 07:00 AM,12.9,100,0
12/22/21 08:00 AM,12.6,52,0
12/22/21 09:00 AM,13.4,44,51
12/22/21 10:00 AM,14.4,26,187
12/22/21 11:00 AM,15.3,50,314
12/22/21 12:00 PM,15.3,94,329
12/22/21 01:00 PM,16.2,44,333
12/22/21 02:00 PM,16.2,54,346
12/22/21 03:00 PM,15.8,93,264
12/22/21 04:00 PM,15.4,100,174
12/22/21 05:00 PM,15.0,100,24
12/22/21 06:00 PM,15.1,100,1
12/22/21 07:00 PM,15.1,100,0
12/22/21 08:00 PM,14.9,100,0
12/22/21 09:00 PM,14.7,100,0
12/22/21 10:00 PM,14.9,100,0
12/22/21 11:00 PM,14.9,100,0
12/23/21 12:00 AM,15.1,100,0
12/23/21 01:00 AM,15.0,100,0
12/23/21 02:00 AM,14.6,100,0
12/23/21 03:00 AM,14.9,100,0
12/23/21 04:00 AM,15.1,100,0
12/23/21 05:00 AM,14.7,100,0
12/23/21 06:00 AM,14.7,100,0
12/23/21 07:00 AM,14.5,97,0
12/23/21 08:00 AM,14.5,100,0
12/23/21 09:00 AM,14.5,100,9
12/23/21 10:00 AM,15.1,44,50
12/23/21 11:00 AM,15.6,53,137
12/23/21 12:00 PM,16.6,46,205
12/23/21 01:00 PM,17.4,46,409
12/23/21 02:00 PM,17.1,46,309
12/23/21 03:00 PM,16.4,42,223
12/23/21 04:00 PM,15.8,40,176
12/23/21 05:00 PM,14.6,33,67
12/23/21 06:00 PM,13.8,30,2
12/23/21 07:00 PM,13.6,36,0
12/23/21 08:00 PM,13.7,38,0
12/23/21 09:00 PM,13.3,39,0
12/23/21 10:00 PM,13.3,55,0
12/23/21 11:00 PM,13.3,98,0
12/24/21 12:00 AM,13.0,5,0
12/24/21 01:00 AM,13.0,10,0
12/24/21 02:00 AM,12.8,5,0
12/24/21 03:00 AM,12.0,38,0
12/24/21 04:00 AM,12.7,55,0
12/24/21 05:00 AM,13.2,57,0
12/24/21 06:00 AM,13.0,57,0
12/24/21 07:00 AM,13.2,40,0
12/24/21 08:00 AM,13.6,19,0
12/24/21 09:00 AM,14.5,6,62
12/24/21 10:00 AM,15.4,39,196
12/24/21 11:00 AM,15.0,100,250
12/24/21 12:00 PM,14.4,14,218
12/24/21 01:00 PM,15.3,44,428
12/24/21 02:00 PM,15.6,26,323
12/24/21 03:00 PM,14.8,31,292
12/24/21 04:00 PM,14.5,58,189
12/24/21 05:00 PM,14.3,62,51
12/24/21 06:00 PM,13.9,47,2
12/24/21 07:00 PM,13.8,47,0
12/24/21 08:00 PM,14.2,75,0
12/24/21 09:00 PM,14.3,37,0
12/24/21 10:00 PM,14.4,98,0
12/24/21 11:00 PM,14.5,100,0
12/25/21 12:00 AM,14.4,100,0
12/25/21 01:00 AM,13.4,100,0
12/25/21 02:00 AM,13.8,100,0
12/25/21 03:00 AM,13.6,100,0
12/25/21 04:00 AM,14.0,100,0
12/25/21 05:00 AM,13.9,100,0
12/25/21 06:00 AM,14.7,100,0
12/25/21 07:00 AM,15.1,93,0
12/25/21 08:00 AM,15.7,87,0
12/25/21 09:00 AM,16.0,90,42
12/25/21 10:00 AM,16.1,100,97
12/25/21 11:00 AM,16.5,83,146
12/25/21 12:00 PM,16.8,87,313
12/25/21 01:00 PM,17.0,100,359
12/25/21 02:00 PM,16.8,100,236
12/25/21 03:00 PM,16.8,51,195
12/25/21 04:00 PM,16.3,76,219
12/25/21 05:00 PM,15.0,62,71
12/25/21 06:00 PM,13.6,72,2
12/25/21 07:00 PM,13.0,88,0
12/25/21 08:00 PM,12.4,57,0
12/25/21 09:00 PM,11.9,56,0
12/25/21 10:00 PM,11.9,89,0
12/25/21 11:00 PM,11.9,46,0
12/26/21 12:00 AM,13.9,95,0
12/26/21 01:00 AM,14.1,82,0
12/26/21 02:00 AM,13.9,100,0
12/26/21 03:00 AM,14.8,91,0
12/26/21 04:00 AM,15.0,100,0
12/26/21 05:00 AM,15.3,100,0
12/26/21 06:00 AM,15.5,100,0
12/26/21 07:00 AM,15.8,100,0
12/26/21 08:00 AM,15.9,100,0
12/26/21 09:00 AM,16.5,86,16
12/26/21 10:00 AM,17.2,73,144
12/26/21 11:00 AM,17.8,100,257
12/26/21 12:00 PM,17.4,100,281
12/26/21 01:00 PM,17.7,100,134
12/26/21 02:00 PM,17.5,96,146
12/26/21 03:00 PM,17.8,74,288
12/26/21 04:00 PM,17.0,100,170
12/26/21 05:00 PM,16.8,100,31
12/26/21 06:00 PM,16.7,100,1
12/26/21 07:00 PM,16.6,53,0
12/26/21 08:00 PM,16.3,84,0
12/26/21 09:00 PM,16.2,100,0
12/26/21 10:00 PM,16.4,100,0
12/26/21 11:00 PM,16.4,100,0
12/27/21 12:00 AM,16.4,100,0
12/27/21 01:00 AM,16.8,100,0
12/27/21 02:00 AM,16.5,90,0
12/27/21 03:00 AM,16.7,90,0
12/27/21 04:00 AM,16.6,90,0
12/27/21 05:00 AM,16.4,90,0
12/27/21 06:00 AM,16.1,91,0
12/27/21 07:00 AM,16.0,90,0
12/27/21 08:00 AM,15.9,90,0
12/27/21 09:00 AM,16.3,90,40
12/27/21 10:00 AM,17.1,23,129
12/27/21 11:00 AM,17.7,55,283
12/27/21 12:00 PM,16.8,90,281
12/27/21 01:00 PM,17.3,90,165
12/27/21 02:00 PM,17.9,42,292
12/27/21 03:00 PM,17.5,16,283
12/27/21 04:00 PM,17.0,36,226
12/27/21 05:00 PM,15.9,4,81
12/27/21 06:00 PM,15.1,61,3
12/27/21 07:00 PM,15.5,90,0
12/27/21 08:00 PM,15.8,90,0
12/27/21 09:00 PM,16.2,90,0
12/27/21 10:00 PM,16.4,90,0
12/27/21 11:00 PM,16.1,90,0
12/28/21 12:00 AM,16.0,95,0
12/28/21 01:00 AM,16.0,72,0
12/28/21 02:00 AM,15.6,64,0
12/28/21 03:00 AM,15.6,99,0
12/28/21 04:00 AM,16.0,100,0
12/28/21 05:00 AM,16.0,91,0
12/28/21 06:00 AM,15.7,100,0
12/28/21 07:00 AM,15.6,90,0
12/28/21 08:00 AM,15.6,90,0
12/28/21 09:00 AM,15.9,87,19
12/28/21 10:00 AM,16.4,90,81
12/28/21 11:00 AM,16.3,77,112
12/28/21 12:00 PM,16.6,90,177
12/28/21 01:00 PM,15.8,100,66
12/28/21 02:00 PM,16.0,100,45
12/28/21 03:00 PM,16.7,29,72
12/28/21 04:00 PM,17.1,12,178
12/28/21 05:00 PM,16.1,42,83
12/28/21 06:00 PM,15.2,100,3
12/28/21 07:00 PM,15.2,94,0
12/28/21 08:00 PM,15.6,91,0
12/28/21 09:00 PM,15.6,90,0
12/28/21 10:00 PM,15.7,90,0
12/28/21 11:00 PM,15.6,92,0
12/29/21 12:00 AM,15.4,98,0
12/29/21 01:00 AM,15.6,90,0
12/29/21 02:00 AM,15.5,90,0
12/29/21 03:00 AM,15.4,42,0
12/29/21 04:00 AM,14.9,41,0
12/29/21 05:00 AM,14.3,70,0
12/29/21 06:00 AM,14.0,32,0
12/29/21 07:00 AM,13.4,8,0
12/29/21 08:00 AM,13.2,94,0
12/29/21 09:00 AM,13.9,91,52
12/29/21 10:00 AM,14.3,90,151
12/29/21 11:00 AM,15.2,90,214
12/29/21 12:00 PM,17.0,64,276
12/29/21 01:00 PM,17.5,90,334
12/29/21 02:00 PM,17.5,45,190
12/29/21 03:00 PM,17.9,33,291
12/29/21 04:00 PM,17.4,17,206
12/29/21 05:00 PM,15.4,14,92
12/29/21 06:00 PM,14.8,2,4
12/29/21 07:00 PM,15.9,0,0
12/29/21 08:00 PM,15.7,0,0
12/29/21 09:00 PM,12.8,0,0
12/29/21 10:00 PM,12.8,0,0
12/29/21 11:00 PM,11.9,0,0
12/30/21 12:00 AM,11.5,0,0
12/30/21 01:00 AM,10.7,0,0
12/30/21 02:00 AM,10.2,0,0
12/30/21 03:00 AM,10.3,0,0
12/30/21 04:00 AM,10.0,0,0
12/30/21 05:00 AM,9.5,0,0
12/30/21 06:00 AM,9.6,3,0
12/30/21 07:00 AM,9.7,2,0
12/30/21 08:00 AM,9.8,4,0
12/30/21 09:00 AM,10.4,51,62
12/30/21 10:00 AM,11.6,40,197
12/30/21 11:00 AM,13.2,11,312
12/30/21 12:00 PM,12.3,90,419
12/30/21 01:00 PM,14.6,62,322
12/30/21 02:00 PM,15.3,12,407
12/30/21 03:00 PM,15.6,0,369
12/30/21 04:00 PM,15.8,0,247
12/30/21 05:00 PM,14.1,1,99
12/30/21 06:00 PM,13.1,1,4
12/30/21 07:00 PM,14.4,2,0
12/30/21 08:00 PM,14.0,4,0
12/30/21 09:00 PM,13.5,20,0
12/30/21 10:00 PM,13.2,0,0
12/30/21 11:00 PM,12.7,0,0
12/31/21 12:00 AM,12.3,0,0
12/31/21 01:00 AM,12.0,0,0
12/31/21 02:00 AM,11.8,1,0
12/31/21 03:00 AM,11.6,20,0
12/31/21 04:00 AM,11.4,16,0
12/31/21 05:00 AM,11.3,15,0
12/31/21 06:00 AM,11.2,15,0
12/31/21 07:00 AM,11.2,16,0
12/31/21 08:00 AM,11.1,9,0
12/31/21 09:00 AM,12.3,12,61
12/31/21 10:00 AM,13.9,11,205
12/31/21 11:00 AM,15.9,7,339
12/31/21 12:00 PM,17.5,26,431
12/31/21 01:00 PM,19.2,21,469
12/31/21 02:00 PM,20.3,28,448
12/31/21 03:00 PM,20.7,17,371
12/31/21 04:00 PM,20.3,27,247
12/31/21 05:00 PM,18.6,30,96
12/31/21 06:00 PM,17.3,30,4
12/31/21 07:00 PM,16.8,30,0
12/31/21 08:00 PM,15.7,27,0
12/31/21 09:00 PM,14.9,28,0
12/31/21 10:00 PM,14.4,18,0
12/31/21 11:00 PM,13.7,20,0
01/01/22 12:00 AM,13.3,25,0
01/01/22 01:00 AM,13.1,16,0
01/01/22 02:00 AM,12.7,30,0
01/01/22 03:00 AM,12.6,29,0
01/01/22 04:00 AM,12.5,22,0
01/01/22 05:00 AM,12.1,30,0
01/01/22 06:00 AM,11.6,30,0
01/01/22 07:00 AM,11.3,30,0
01/01/22 08:00 AM,10.9,30,0
01/01/22 09:00 AM,12.1,30,50
01/01/22 10:00 AM,13.7,28,183
01/01/22 11:00 AM,15.6,30,335
01/01/22 12:00 PM,17.2,31,427
01/01/22 01:00 PM,17.8,30,373
01/01/22 02:00 PM,18.1,30,295
01/01/22 03:00 PM,18.3,28,270
01/01/22 04:00 PM,17.8,30,236
01/01/22 05:00 PM,15.6,27,82
01/01/22 06:00 PM,14.4,30,5
01/01/22 07:00 PM,14.7,30,0
01/01/22 08:00 PM,14.8,28,0
01/01/22 09:00 PM,14.7,30,0
01/01/22 10:00 PM,14.4,28,0
01/01/22 11:00 PM,14.0,29,0
01/02/22 12:00 AM,14.0,30,0
01/02/22 01:00 AM,13.5,30,0
01/02/22 02:00 AM,13.3,30,0
01/02/22 03:00 AM,13.3,30,0
01/02/22 04:00 AM,12.5,30,0
01/02/22 05:00 AM,12.4,30,0
01/02/22 06:00 AM,12.0,32,0
01/02/22 07:00 AM,11.5,28,0
01/02/22 08:00 AM,11.1,30,0
01/02/22 09:00 AM,12.5,30,54
01/02/22 10:00 AM,13.7,30,178
01/02/22 11:00 AM,15.3,28,299
01/02/22 12:00 PM,15.7,100,390
01/02/22 01:00 PM,16.0,100,141
01/02/22 02:00 PM,16.4,100,179
01/02/22 03:00 PM,16.6,100,153
01/02/22 04:00 PM,16.7,100,100
01/02/22 05:00 PM,16.4,86,49
01/02/22 06:00 PM,14.7,2,3
01/02/22 07:00 PM,13.2,14,0
01/02/22 08:00 PM,12.6,43,0
01/02/22 09:00 PM,12.0,100,0
01/02/22 10:00 PM,12.1,100,0
01/02/22 11:00 PM,12.3,100,0
01/03/22 12:00 AM,12.1,100,0
01/03/22 01:00 AM,11.8,100,0
01/03/22 02:00 AM,11.7,100,0
01/03/22 03:00 AM,11.8,100,0
01/03/22 04:00 AM,12.0,100,0
01/03/22 05:00 AM,12.3,100,0
01/03/22 06:00 AM,11.9,100,0
01/03/22 07:00 AM,11.9,100,0
01/03/22 08:00 AM,11.8,100,0
01/03/22 09:00 AM,12.4,100,26
01/03/22 10:00 AM,13.3,100,102
01/03/22 11:00 AM,13.7,94,195
01/03/22 12:00 PM,13.6,60,338
01/03/22 01:00 PM,15.1,52,392
01/03/22 02:00 PM,16.0,54,404
01/03/22 03:00 PM,16.1,60,327
01/03/22 04:00 PM,15.7,68,238
01/03/22 05:00 PM,14.6,47,90
01/03/22 06:00 PM,13.9,39,5
01/03/22 07:00 PM,13.9,46,0
01/03/22 08:00 PM,13.7,58,0
01/03/22 09:00 PM,13.8,38,0
01/03/22 10:00 PM,14.1,38,0
01/03/22 11:00 PM,14.3,33,0
01/04/22 12:00 AM,14.6,21,0
01/04/22 01:00 AM,14.7,23,0
01/04/22 02:00 AM,14.8,30,0
01/04/22 03:00 AM,14.9,10,0
01/04/22 04:00 AM,15.0,8,0
01/04/22 05:00 AM,15.1,4,0
01/04/22 06:00 AM,15.2,7,0
01/04/22 07:00 AM,15.4,61,0
01/04/22 08:00 AM,15.1,100,0
01/04/22 09:00 AM,13.9,100,13
01/04/22 10:00 AM,13.9,93,73
01/04/22 11:00 AM,12.4,100,28
01/04/22 12:00 PM,12.8,58,144
01/04/22 01:00 PM,14.0,18,382
01/04/22 02:00 PM,14.1,24,401
01/04/22 03:00 PM,13.9,18,347
01/04/22 04:00 PM,13.7,18,231
01/04/22 05:00 PM,12.9,49,97
01/04/22 06:00 PM,12.3,29,5
01/04/22 07:00 PM,11.5,9,0
01/04/22 08:00 PM,10.6,1,0
01/04/22 09:00 PM,10.7,5,0
01/04/22 10:00 PM,10.6,19,0
01/04/22 11:00 PM,10.6,9,0
01/05/22 12:00 AM,11.2,15,0
01/05/22 01:00 AM,10.5,18,0
01/05/22 02:00 AM,10.0,27,0
01/05/22 03:00 AM,9.7,17,0
01/05/22 04:00 AM,9.8,35,0
01/05/22 05:00 AM,9.9,18,0
01/05/22 06:00 AM,9.7,15,0
01/05/22 07:00 AM,9.7,13,0
01/05/22 08:00 AM,9.8,22,0
01/05/22 09:00 AM,11.2,52,55
01/05/22 10:00 AM,13.1,40,173
01/05/22 11:00 AM,14.5,45,319
01/05/22 12:00 PM,14.6,100,364
01/05/22 01:00 PM,15.3,88,337
01/05/22 02:00 PM,15.0,100,330
01/05/22 03:00 PM,15.0,100,205
01/05/22 04:00 PM,15.2,89,152
01/05/22 05:00 PM,14.9,100,71
01/05/22 06:00 PM,13.9,100,3
01/05/22 07:00 PM,13.7,70,0
01/05/22 08:00 PM,13.2,85,0
01/05/22 09:00 PM,12.9,91,0
01/05/22 10:00 PM,12.8,14,0
01/05/22 11:00 PM,11.6,22,0
01/06/22 12:00 AM,11.6,29,0
01/06/22 01:00 AM,10.9,90,0
01/06/22 02:00 AM,11.0,77,0
01/06/22 03:00 AM,10.3,11,0
01/06/22 04:00 AM,10.0,2,0
01/06/22 05:00 AM,9.5,6,0
01/06/22 06:00 AM,9.0,1,0
01/06/22 07:00 AM,8.7,0,0
01/06/22 08:00 AM,8.6,3,0
01/06/22 09:00 AM,9.6,0,59
01/06/22 10:00 AM,11.2,0,208
01/06/22 11:00 AM,12.4,0,342
01/06/22 12:00 PM,13.7,0,434
01/06/22 01:00 PM,14.5,20,471
01/06/22 02:00 PM,14.9,92,404
01/06/22 03:00 PM,14.5,83,141
01/06/22 04:00 PM,14.5,28,146
01/06/22 05:00 PM,13.3,7,109
01/06/22 06:00 PM,11.9,29,7
01/06/22 07:00 PM,11.4,0,0
01/06/22 08:00 PM,10.6,0,0
01/06/22 09:00 PM,10.0,0,0
01/06/22 10:00 PM,9.8,0,0
01/06/22 11:00 PM,9.8,0,0
01/07/22 12:00 AM,9.8,1,0
01/07/22 01:00 AM,9.7,0,0
01/07/22 02:00 AM,9.6,0,0
01/07/22 03:00 AM,9.8,0,0
01/07/22 04:00 AM,9.7,0,0
01/07/22 05:00 AM,9.8,0,0
01/07/22 06:00 AM,9.9,4,0
01/07/22 07:00 AM,9.9,4,0
01/07/22 08:00 AM,9.7,3,0
01/07/22 09:00 AM,10.4,0,61
01/07/22 10:00 AM,11.6,0,213
01/07/22 11:00 AM,12.8,0,354
01/07/22 12:00 PM,14.4,11,449
01/07/22 01:00 PM,15.4,23,476
01/07/22 02:00 PM,15.8,3,433
01/07/22 03:00 PM,15.9,0,389
01/07/22 04:00 PM,15.7,1,272
01/07/22 05:00 PM,14.2,0,120
01/07/22 06:00 PM,12.4,0,9
01/07/22 07:00 PM,11.5,0,0
01/07/22 08:00 PM,10.7,0,0
01/07/22 09:00 PM,10.0,0,0
01/07/22 10:00 PM,9.0,0,0
01/07/22 11:00 PM,8.4,0,0
01/08/22 12:00 AM,8.1,0,0
01/08/22 01:00 AM,7.5,0,0
01/08/22 02:00 AM,7.0,0,0
01/08/22 03:00 AM,6.5,0,0
01/08/22 04:00 AM,5.9,0,0
01/08/22 05:00 AM,5.5,0,0
01/08/22 06:00 AM,5.1,0,0
01/08/22 07:00 AM,5.0,0,0
01/08/22 08:00 AM,4.8,0,0
01/08/22 09:00 AM,5.8,0,65
01/08/22 10:00 AM,7.9,0,220
01/08/22 11:00 AM,10.4,4,362
01/08/22 12:00 PM,11.7,12,460
01/08/22 01:00 PM,13.2,18,504
01/08/22 02:00 PM,14.0,30,486
01/08/22 03:00 PM,14.2,30,392
01/08/22 04:00 PM,13.3,30,264
01/08/22 05:00 PM,11.9,30,105
01/08/22 06:00 PM,10.5,0,10
01/08/22 07:00 PM,9.7,4,0
01/08/22 08:00 PM,9.2,3,0
01/08/22 09:00 PM,8.5,20,0
01/08/22 10:00 PM,8.0,4,0
01/08/22 11:00 PM,6.5,17,0
01/09/22 12:00 AM,7.2,19,0
01/09/22 01:00 AM,6.7,12,0
01/09/22 02:00 AM,5.1,4,0
01/09/22 03:00 AM,8.2,7,0
01/09/22 04:00 AM,8.2,1,0
01/09/22 05:00 AM,6.6,0,0
01/09/22 06:00 AM,6.1,4,0
01/09/22 07:00 AM,5.1,1,0
01/09/22 08:00 AM,5.8,6,0
01/09/22 09:00 AM,9.2,4,63
01/09/22 10:00 AM,11.9,9,215
01/09/22 11:00 AM,13.9,7,355
01/09/22 12:00 PM,14.0,35,452
01/09/22 01:00 PM,15.0,90,467
01/09/22 02:00 PM,15.1,48,334
01/09/22 03:00 PM,15.0,33,289
01/09/22 04:00 PM,14.6,90,210
01/09/22 05:00 PM,13.7,77,76
01/09/22 06:00 PM,12.1,75,8
01/09/22 07:00 PM,12.2,90,0
01/09/22 08:00 PM,12.5,90,0
01/09/22 09:00 PM,12.3,90,0
01/09/22 10:00 PM,12.2,90,0
01/09/22 11:00 PM,12.0,90,0
01/10/22 12:00 AM,11.8,90,0
01/10/22 01:00 AM,11.9,90,0
01/10/22 02:00 AM,11.7,90,0
01/10/22 03:00 AM,11.5,90,0
01/10/22 04:00 AM,11.3,90,0
01/10/22 05:00 AM,11.4,90,0
01/10/22 06:00 AM,11.6,90,0
01/10/22 07:00 AM,11.4,90,0
01/10/22 08:00 AM,11.5,90,0
01/10/22 09:00 AM,12.4,88,28
01/10/22 10:00 AM,13.7,63,140
01/10/22 11:00 AM,14.6,22,276
01/10/22 12:00 PM,14.6,90,404
01/10/22 01:00 PM,14.7,90,196
01/10/22 02:00 PM,14.9,90,237
01/10/22 03:00 PM,14.8,90,223
01/10/22 04:00 PM,14.5,69,137
01/10/22 05:00 PM,14.4,56,80
01/10/22 06:00 PM,13.2,65,9
01/10/22 07:00 PM,12.2,40,0
01/10/22 08:00 PM,11.6,33,0
01/10/22 09:00 PM,11.0,32,0
01/10/22 10:00 PM,10.5,29,0
01/10/22 11:00 PM,10.2,30,0
01/11/22 12:00 AM,10.4,30,0
01/11/22 01:00 AM,10.3,30,0
01/11/22 02:00 AM,9.9,31,0
01/11/22 03:00 AM,9.5,30,0
01/11/22 04:00 AM,9.2,30,0
01/11/22 05:00 AM,9.0,29,0
01/11/22 06:00 AM,8.8,2,0
01/11/22 07:00 AM,8.7,10,0
01/11/22 08:00 AM,8.5,14,0
01/11/22 09:00 AM,9.2,29,62
01/11/22 10:00 AM,10.8,31,213
01/11/22 11:00 AM,12.9,32,346
01/11/22 12:00 PM,14.5,27,441
01/11/22 01:00 PM,16.2,30,494
01/11/22 02:00 PM,17.2,30,476
01/11/22 03:00 PM,17.6,30,399
01/11/22 04:00 PM,17.3,28,277
01/11/22 05:00 PM,15.9,21,130
01/11/22 06:00 PM,14.0,17,12
01/11/22 07:00 PM,13.2,10,0
01/11/22 08:00 PM,12.5,4,0
01/11/22 09:00 PM,11.8,0,0
01/11/22 10:00 PM,11.2,0,0
01/11/22 11:00 PM,10.5,0,0
01/12/22 12:00 AM,10.5,0,0
01/12/22 01:00 AM,9.7,0,0
01/12/22 02:00 AM,9.1,0,0
01/12/22 03:00 AM,8.5,0,0
01/12/22 04:00 AM,8.0,0,0
01/12/22 05:00 AM,7.7,0,0
01/12/22 06:00 AM,7.5,0,0
01/12/22 07:00 AM,7.5,0,0
01/12/22 08:00 AM,7.3,0,0
01/12/22 09:00 AM,8.6,0,64
01/12/22 10:00 AM,10.6,0,215
01/12/22 11:00 AM,12.9,0,354
01/12/22 12:00 PM,14.7,0,452
01/12/22 01:00 PM,16.3,0,493
01/12/22 02:00 PM,17.1,0,476
01/12/22 03:00 PM,17.6,0,403
01/12/22 04:00 PM,17.8,0,281
01/12/22 05:00 PM,15.5,0,131
01/12/22 06:00 PM,13.1,0,13
01/12/22 07:00 PM,13.2,0,0
01/12/22 08:00 PM,12.5,0,0
01/12/22 09:00 PM,12.1,0,0
01/12/22 10:00 PM,11.3,2,0
01/12/22 11:00 PM,10.6,0,0
01/13/22 12:00 AM,9.5,0,0
01/13/22 01:00 AM,8.8,0,0
01/13/22 02:00 AM,8.0,0,0
01/13/22 03:00 AM,8.0,0,0
01/13/22 04:00 AM,7.7,0,0
01/13/22 05:00 AM,7.3,0,0
01/13/22 06:00 AM,7.0,0,0
01/13/22 07:00 AM,7.1,0,0
01/13/22 08:00 AM,7.2,0,0
01/13/22 09:00 AM,8.5,0,67
01/13/22 10:00 AM,10.4,5,225
01/13/22 11:00 AM,12.1,11,368
01/13/22 12:00 PM,13.5,18,466
01/13/22 01:00 PM,14.6,26,507
01/13/22 02:00 PM,15.2,29,484
01/13/22 03:00 PM,15.5,30,404
01/13/22 04:00 PM,15.3,32,284
01/13/22 05:00 PM,13.8,23,134
01/13/22 06:00 PM,11.7,11,14
01/13/22 07:00 PM,11.2,23,0
01/13/22 08:00 PM,10.8,40,0
01/13/22 09:00 PM,10.4,5,0
01/13/22 10:00 PM,9.8,0,0
01/13/22 11:00 PM,9.4,0,0
01/14/22 12:00 AM,9.4,0,0
01/14/22 01:00 AM,8.6,0,0
01/14/22 02:00 AM,8.0,0,0
01/14/22 03:00 AM,7.3,0,0
01/14/22 04:00 AM,6.9,0,0
01/14/22 05:00 AM,6.5,4,0
01/14/22 06:00 AM,6.2,9,0
01/14/22 07:00 AM,6.0,14,0
01/14/22 08:00 AM,6.0,8,0
01/14/22 09:00 AM,7.3,2,67
01/14/22 10:00 AM,9.3,0,222
01/14/22 11:00 AM,11.2,12,361
01/14/22 12:00 PM,13.0,43,451
01/14/22 01:00 PM,14.3,60,453
01/14/22 02:00 PM,14.6,91,417
01/14/22 03:00 PM,14.5,75,299
01/14/22 04:00 PM,14.6,59,232
01/14/22 05:00 PM,13.7,50,102
01/14/22 06:00 PM,12.3,90,12
01/14/22 07:00 PM,12.2,91,0
01/14/22 08:00 PM,11.9,100,0
01/14/22 09:00 PM,11.6,100,0
01/14/22 10:00 PM,10.6,36,0
01/14/22 11:00 PM,9.5,30,0
01/15/22 12:00 AM,10.0,55,0
01/15/22 01:00 AM,9.1,41,0
01/15/22 02:00 AM,8.6,14,0
01/15/22 03:00 AM,8.0,31,0
01/15/22 04:00 AM,7.6,31,0
01/15/22 05:00 AM,7.5,34,0
01/15/22 06:00 AM,7.5,37,0
01/15/22 07:00 AM,7.2,45,0
01/15/22 08:00 AM,7.1,6,0
01/15/22 09:00 AM,8.1,1,64
01/15/22 10:00 AM,9.7,2,216
01/15/22 11:00 AM,11.4,4,356
01/15/22 12:00 PM,12.3,61,444
01/15/22 01:00 PM,13.8,45,318
01/15/22 02:00 PM,14.9,60,403
01/15/22 03:00 PM,15.3,33,334
01/15/22 04:00 PM,15.1,21,245
01/15/22 05:00 PM,13.6,12,124
01/15/22 06:00 PM,13.9,18,14
01/15/22 07:00 PM,12.5,33,0
01/15/22 08:00 PM,10.6,66,0
01/15/22 09:00 PM,11.5,69,0
01/15/22 10:00 PM,11.4,46,0
01/15/22 11:00 PM,11.0,30,0
01/16/22 12:00 AM,10.5,31,0
01/16/22 01:00 AM,9.9,30,0
01/16/22 02:00 AM,9.6,30,0
01/16/22 03:00 AM,9.1,28,0
01/16/22 04:00 AM,9.0,29,0
01/16/22 05:00 AM,9.0,29,0
01/16/22 06:00 AM,8.8,16,0
01/16/22 07:00 AM,8.7,4,0
01/16/22 08:00 AM,8.8,4,0
01/16/22 09:00 AM,9.7,90,64
01/16/22 10:00 AM,11.0,89,167
01/16/22 11:00 AM,12.5,24,308
01/16/22 12:00 PM,13.3,34,444
01/16/22 01:00 PM,14.6,38,466
01/16/22 02:00 PM,15.2,36,405
01/16/22 03:00 PM,15.9,34,379
01/16/22 04:00 PM,15.8,30,261
01/16/22 05:00 PM,14.7,30,132
01/16/22 06:00 PM,13.9,29,16
01/16/22 07:00 PM,10.5,26,0
01/16/22 08:00 PM,10.1,23,0
01/16/22 09:00 PM,9.0,6,0
01/16/22 10:00 PM,8.3,1,0
01/16/22 11:00 PM,7.9,1,0
01/17/22 12:00 AM,7.8,0,0
01/17/22 01:00 AM,7.1,0,0
01/17/22 02:00 AM,6.8,2,0
01/17/22 03:00 AM,6.8,0,0
01/17/22 04:00 AM,6.6,0,0
01/17/22 05:00 AM,6.1,0,0
01/17/22 06:00 AM,5.6,0,0
01/17/22 07:00 AM,4.4,0,0
01/17/22 08:00 AM,4.2,0,0
01/17/22 09:00 AM,7.1,0,69
01/17/22 10:00 AM,9.3,0,225
01/17/22 11:00 AM,11.3,0,369
01/17/22 12:00 PM,12.7,0,470
01/17/22 01:00 PM,14.5,0,515
01/17/22 02:00 PM,15.4,0,500
01/17/22 03:00 PM,15.8,3,428
01/17/22 04:00 PM,15.7,25,304
01/17/22 05:00 PM,14.3,30,149
01/17/22 06:00 PM,11.9,30,18
01/17/22 07:00 PM,10.9,30,0
01/17/22 08:00 PM,9.7,22,0
01/17/22 09:00 PM,8.8,1,0
01/17/22 10:00 PM,7.1,2,0
01/17/22 11:00 PM,6.8,24,0
01/18/22 12:00 AM,6.2,25,0
01/18/22 01:00 AM,4.9,4,0
01/18/22 02:00 AM,4.6,1,0
01/18/22 03:00 AM,3.9,0,0
01/18/22 04:00 AM,4.0,0,0
01/18/22 05:00 AM,4.1,26,0
01/18/22 06:00 AM,3.6,29,0
01/18/22 07:00 AM,3.2,30,0
01/18/22 08:00 AM,2.7,29,0
01/18/22 09:00 AM,5.1,25,69
01/18/22 10:00 AM,7.7,2,228
01/18/22 11:00 AM,10.1,2,373
01/18/22 12:00 PM,12.0,3,474
01/18/22 01:00 PM,13.9,5,522
01/18/22 02:00 PM,15.0,5,507
01/18/22 03:00 PM,15.5,2,435
01/18/22 04:00 PM,15.5,1,311
01/18/22 05:00 PM,13.6,1,155
01/18/22 06:00 PM,10.7,0,20
01/18/22 07:00 PM,10.0,0,0
01/18/22 08:00 PM,9.5,0,0
01/18/22 09:00 PM,8.6,2,0
01/18/22 10:00 PM,7.2,2,0
01/18/22 11:00 PM,5.7,4,0
01/19/22 12:00 AM,7.6,0,0
01/19/22 01:00 AM,5.2,7,0
01/19/22 02:00 AM,5.4,21,0
01/19/22 03:00 AM,4.2,7,0
01/19/22 04:00 AM,3.5,19,0
01/19/22 05:00 AM,3.6,10,0
01/19/22 06:00 AM,3.2,9,0
01/19/22 07:00 AM,2.5,20,0
01/19/22 08:00 AM,2.7,29,0
01/19/22 09:00 AM,4.6,25,70
01/19/22 10:00 AM,7.3,1,230
01/19/22 11:00 AM,9.9,3,375
01/19/22 12:00 PM,11.7,0,475
01/19/22 01:00 PM,13.6,0,527
01/19/22 02:00 PM,14.5,0,513
01/19/22 03:00 PM,14.9,0,440
01/19/22 04:00 PM,14.6,0,318
01/19/22 05:00 PM,12.9,0,161
01/19/22 06:00 PM,10.1,0,22
01/19/22 07:00 PM,9.5,0,0
01/19/22 08:00 PM,9.0,0,0
01/19/22 09:00 PM,8.1,0,0
01/19/22 10:00 PM,7.1,0,0
01/19/22 11:00 PM,6.7,0,0
01/20/22 12:00 AM,6.7,0,0
01/20/22 01:00 AM,6.0,0,0
01/20/22 02:00 AM,5.3,0,0
01/20/22 03:00 AM,4.8,0,0
01/20/22 04:00 AM,4.3,0,0
01/20/22 05:00 AM,3.7,0,0
01/20/22 06:00 AM,3.4,0,0
01/20/22 07:00 AM,3.1,0,0
01/20/22 08:00 AM,2.3,0,0
01/20/22 09:00 AM,4.5,0,76
01/20/22 10:00 AM,6.9,0,240
01/20/22 11:00 AM,9.2,0,388
01/20/22 12:00 PM,11.7,0,492
01/20/22 01:00 PM,13.7,0,539
01/20/22 02:00 PM,15.2,0,526
01/20/22 03:00 PM,16.0,0,452
01/20/22 04:00 PM,16.2,0,326
01/20/22 05:00 PM,14.2,0,166
01/20/22 06:00 PM,11.4,0,24
01/20/22 07:00 PM,10.7,0,0
01/20/22 08:00 PM,9.6,0,0
01/20/22 09:00 PM,8.3,0,0
01/20/22 10:00 PM,6.9,0,0
01/20/22 11:00 PM,5.4,0,0
01/21/22 12:00 AM,5.5,0,0
01/21/22 01:00 AM,5.7,0,0
01/21/22 02:00 AM,4.5,0,0
01/21/22 03:00 AM,5.0,0,0
01/21/22 04:00 AM,4.7,0,0
01/21/22 05:00 AM,4.3,0,0
01/21/22 06:00 AM,4.1,0,0
01/21/22 07:00 AM,3.8,0,0
01/21/22 08:00 AM,3.4,0,0
01/21/22 09:00 AM,4.8,0,76
01/21/22 10:00 AM,7.6,0,237
01/21/22 11:00 AM,10.6,0,383
01/21/22 12:00 PM,12.7,0,486
01/21/22 01:00 PM,14.6,0,535
01/21/22 02:00 PM,15.7,0,522
01/21/22 03:00 PM,16.3,0,449
01/21/22 04:00 PM,16.4,0,325
01/21/22 05:00 PM,14.5,0,166
01/21/22 06:00 PM,11.4,0,25
01/21/22 07:00 PM,11.0,0,0
01/21/22 08:00 PM,10.3,0,0
01/21/22 09:00 PM,9.6,1,0
01/21/22 10:00 PM,8.6,0,0
01/21/22 11:00 PM,7.6,0,0
01/22/22 12:00 AM,7.1,0,0
01/22/22 01:00 AM,5.9,0,0
01/22/22 02:00 AM,5.3,0,0
01/22/22 03:00 AM,4.8,0,0
01/22/22 04:00 AM,5.2,0,0
01/22/22 05:00 AM,5.0,0,0
01/22/22 06:00 AM,5.0,0,0
01/22/22 07:00 AM,4.6,0,0
01/22/22 08:00 AM,4.0,0,0
01/22/22 09:00 AM,6.2,0,77
01/22/22 10:00 AM,8.5,0,238
01/22/22 11:00 AM,11.0,0,385
01/22/22 12:00 PM,13.4,0,489
01/22/22 01:00 PM,15.1,0,538
01/22/22 02:00 PM,15.9,0,525
01/22/22 03:00 PM,16.1,0,452
01/22/22 04:00 PM,15.9,0,328
01/22/22 05:00 PM,14.8,9,169
01/22/22 06:00 PM,12.4,20,26
01/22/22 07:00 PM,11.4,22,0
01/22/22 08:00 PM,10.6,18,0
01/22/22 09:00 PM,9.9,7,0
01/22/22 10:00 PM,9.0,2,0
01/22/22 11:00 PM,8.4,7,0
01/23/22 12:00 AM,8.3,1,0
01/23/22 01:00 AM,7.4,2,0
01/23/22 02:00 AM,6.9,16,0
01/23/22 03:00 AM,6.6,15,0
01/23/22 04:00 AM,6.0,29,0
01/23/22 05:00 AM,5.8,31,0
01/23/22 06:00 AM,5.5,30,0
01/23/22 07:00 AM,5.4,41,0
01/23/22 08:00 AM,5.2,0,1
01/23/22 09:00 AM,6.4,8,77
01/23/22 10:00 AM,8.8,0,235
01/23/22 11:00 AM,11.1,7,381
01/23/22 12:00 PM,13.6,0,484
01/23/22 01:00 PM,15.2,7,532
01/23/22 02:00 PM,16.3,1,519
01/23/22 03:00 PM,16.8,4,447
01/23/22 04:00 PM,16.9,4,324
01/23/22 05:00 PM,15.6,13,168
01/23/22 06:00 PM,12.1,26,26
01/23/22 07:00 PM,11.3,32,0
01/23/22 08:00 PM,10.3,58,0
01/23/22 09:00 PM,10.2,49,0
01/23/22 10:00 PM,9.6,58,0
01/23/22 11:00 PM,8.8,5,0
01/24/22 12:00 AM,7.5,0,0
01/24/22 01:00 AM,7.0,1,0
01/24/22 02:00 AM,6.5,5,0
01/24/22 03:00 AM,6.0,10,0
01/24/22 04:00 AM,5.5,17,0
01/24/22 05:00 AM,5.1,12,0
01/24/22 06:00 AM,4.7,9,0
01/24/22 07:00 AM,4.4,1,0
01/24/22 08:00 AM,4.2,0,1
01/24/22 09:00 AM,5.6,0,76
01/24/22 10:00 AM,8.1,0,233
01/24/22 11:00 AM,10.7,0,379
01/24/22 12:00 PM,13.1,3,481
01/24/22 01:00 PM,14.8,20,526
01/24/22 02:00 PM,15.6,18,478
01/24/22 03:00 PM,16.2,13,437
01/24/22 04:00 PM,16.2,10,316
01/24/22 05:00 PM,15.1,1,167
01/24/22 06:00 PM,12.5,10,28
01/24/22 07:00 PM,11.6,15,0
01/24/22 08:00 PM,11.1,17,0
01/24/22 09:00 PM,10.3,14,0
01/24/22 10:00 PM,9.4,1,0
01/24/22 11:00 PM,8.7,3,0
01/25/22 12:00 AM,8.9,14,0
01/25/22 01:00 AM,8.6,16,0
01/25/22 02:00 AM,8.0,8,0
01/25/22 03:00 AM,7.6,10,0
01/25/22 04:00 AM,7.2,34,0
01/25/22 05:00 AM,7.2,74,0
01/25/22 06:00 AM,7.4,42,0
01/25/22 07:00 AM,7.0,28,0
01/25/22 08:00 AM,6.9,15,1
01/25/22 09:00 AM,8.5,4,76
01/25/22 10:00 AM,10.5,1,236
01/25/22 11:00 AM,12.4,0,384
01/25/22 12:00 PM,14.4,0,488
01/25/22 01:00 PM,15.7,0,537
01/25/22 02:00 PM,16.4,0,527
01/25/22 03:00 PM,16.8,4,456
01/25/22 04:00 PM,16.6,10,329
01/25/22 05:00 PM,15.7,3,173
01/25/22 06:00 PM,13.5,5,30
01/25/22 07:00 PM,12.3,7,0
01/25/22 08:00 PM,11.3,0,0
01/25/22 09:00 PM,10.3,0,0
01/25/22 10:00 PM,9.3,1,0
01/25/22 11:00 PM,8.6,13,0
01/26/22 12:00 AM,8.1,14,0
01/26/22 01:00 AM,7.5,0,0
01/26/22 02:00 AM,7.0,0,0
01/26/22 03:00 AM,6.4,7,0
01/26/22 04:00 AM,6.1,27,0
01/26/22 05:00 AM,6.1,34,0
01/26/22 06:00 AM,6.3,46,0
01/26/22 07:00 AM,6.4,18,0
01/26/22 08:00 AM,6.0,22,1
01/26/22 09:00 AM,7.3,6,72
01/26/22 10:00 AM,9.7,10,239
01/26/22 11:00 AM,12.0,8,367
01/26/22 12:00 PM,13.2,8,482
01/26/22 01:00 PM,15.0,1,515
01/26/22 02:00 PM,16.3,1,518
01/26/22 03:00 PM,17.3,71,452
01/26/22 04:00 PM,17.1,100,226
01/26/22 05:00 PM,16.4,48,78
01/26/22 06:00 PM,14.4,100,25
01/26/22 07:00 PM,13.9,57,0
01/26/22 08:00 PM,12.7,21,0
01/26/22 09:00 PM,12.0,55,0
01/26/22 10:00 PM,11.4,23,0
01/26/22 11:00 PM,10.2,65,0
01/27/22 12:00 AM,10.4,12,0
01/27/22 01:00 AM,10.0,8,0
01/27/22 02:00 AM,9.4,12,0
01/27/22 03:00 AM,9.0,22,0
01/27/22 04:00 AM,8.9,42,0
01/27/22 05:00 AM,8.7,9,0
01/27/22 06:00 AM,8.4,15,0
01/27/22 07:00 AM,8.4,20,0
01/27/22 08:00 AM,8.3,17,1
01/27/22 09:00 AM,9.8,30,75
01/27/22 10:00 AM,12.1,20,216
01/27/22 11:00 AM,14.6,1,368
01/27/22 12:00 PM,16.5,10,491
01/27/22 01:00 PM,18.0,17,532
01/27/22 02:00 PM,18.8,16,515
01/27/22 03:00 PM,19.0,36,456
01/27/22 04:00 PM,18.5,74,267
01/27/22 05:00 PM,17.7,11,133
01/27/22 06:00 PM,15.8,0,33
01/27/22 07:00 PM,14.3,2,0
01/27/22 08:00 PM,13.3,7,0
01/27/22 09:00 PM,12.4,0,0
01/27/22 10:00 PM,11.2,1,0
01/27/22 11:00 PM,10.4,5,0
01/28/22 12:00 AM,10.4,8,0
01/28/22 01:00 AM,9.3,1,0
01/28/22 02:00 AM,8.8,0,0
01/28/22 03:00 AM,8.3,4,0
01/28/22 04:00 AM,8.1,4,0
01/28/22 05:00 AM,8.0,11,0
01/28/22 06:00 AM,7.7,10,0
01/28/22 07:00 AM,7.4,0,0
01/28/22 08:00 AM,7.3,0,1
01/28/22 09:00 AM,9.0,0,85
01/28/22 10:00 AM,11.4,0,247
01/28/22 11:00 AM,13.6,0,394
01/28/22 12:00 PM,15.2,0,499
01/28/22 01:00 PM,16.9,0,549
01/28/22 02:00 PM,17.7,0,539
01/28/22 03:00 PM,18.2,0,468
01/28/22 04:00 PM,18.3,0,346
01/28/22 05:00 PM,17.6,0,187
01/28/22 06:00 PM,15.2,0,37
01/28/22 07:00 PM,14.0,0,0
01/28/22 08:00 PM,13.3,0,0
01/28/22 09:00 PM,12.7,0,0
01/28/22 10:00 PM,12.1,0,0
01/28/22 11:00 PM,11.5,0,0
01/29/22 12:00 AM,11.4,0,0
01/29/22 01:00 AM,10.2,0,0
01/29/22 02:00 AM,9.3,0,0
01/29/22 03:00 AM,8.8,0,0
01/29/22 04:00 AM,8.6,0,0
01/29/22 05:00 AM,8.4,0,0
01/29/22 06:00 AM,7.9,0,0
01/29/22 07:00 AM,7.7,0,0
01/29/22 08:00 AM,7.6,0,2
01/29/22 09:00 AM,9.7,0,88
01/29/22 10:00 AM,12.1,0,252
01/29/22 11:00 AM,14.7,0,400
01/29/22 12:00 PM,16.3,0,504
01/29/22 01:00 PM,18.3,2,552
01/29/22 02:00 PM,19.4,14,541
01/29/22 03:00 PM,19.7,21,463
01/29/22 04:00 PM,19.6,9,328
01/29/22 05:00 PM,18.6,0,188
01/29/22 06:00 PM,16.3,0,39
01/29/22 07:00 PM,15.0,0,0
01/29/22 08:00 PM,13.7,0,0
01/29/22 09:00 PM,12.9,0,0
01/29/22 10:00 PM,12.4,2,0
01/29/22 11:00 PM,11.2,1,0
01/30/22 12:00 AM,9.4,30,0
01/30/22 01:00 AM,9.2,35,0
01/30/22 02:00 AM,9.6,76,0
01/30/22 03:00 AM,9.7,82,0
01/30/22 04:00 AM,8.6,62,0
01/30/22 05:00 AM,7.1,77,0
01/30/22 06:00 AM,7.3,63,0
01/30/22 07:00 AM,6.8,41,0
01/30/22 08:00 AM,6.8,13,1
01/30/22 09:00 AM,8.8,25,89
01/30/22 10:00 AM,11.3,89,241
01/30/22 11:00 AM,13.3,89,310
01/30/22 12:00 PM,16.7,60,445
01/30/22 01:00 PM,18.1,37,414
01/30/22 02:00 PM,19.2,0,467
01/30/22 03:00 PM,19.9,0,473
01/30/22 04:00 PM,19.8,0,356
01/30/22 05:00 PM,18.6,3,196
01/30/22 06:00 PM,15.1,3,41
01/30/22 07:00 PM,14.0,0,0
01/30/22 08:00 PM,12.8,0,0
01/30/22 09:00 PM,11.7,0,0
01/30/22 10:00 PM,10.8,0,0
01/30/22 11:00 PM,10.2,0,0
01/31/22 12:00 AM,9.2,0,0
01/31/22 01:00 AM,8.8,0,0
01/31/22 02:00 AM,8.6,0,0
01/31/22 03:00 AM,8.4,0,0
01/31/22 04:00 AM,8.0,0,0
01/31/22 05:00 AM,7.6,0,0
01/31/22 06:00 AM,7.4,0,0
01/31/22 07:00 AM,6.9,0,0
01/31/22 08:00 AM,6.6,0,2
01/31/22 09:00 AM,8.3,0,95
01/31/22 10:00 AM,11.5,0,265
01/31/22 11:00 AM,14.8,0,417
01/31/22 12:00 PM,16.9,0,525
01/31/22 01:00 PM,18.4,0,574
01/31/22 02:00 PM,19.0,0,565
01/31/22 03:00 PM,19.2,0,492
01/31/22 04:00 PM,18.8,0,367
01/31/22 05:00 PM,17.8,0,204
01/31/22 06:00 PM,15.2,0,45
01/31/22 07:00 PM,13.1,0,0
01/31/22 08:00 PM,11.6,0,0
01/31/22 09:00 PM,10.5,0,0
01/31/22 10:00 PM,9.8,0,0
01/31/22 11:00 PM,9.3,0,0
02/01/22 12:00 AM,9.1,0,0
02/01/22 01:00 AM,8.4,0,0
02/01/22 02:00 AM,7.8,0,0
02/01/22 03:00 AM,7.1,0,0
02/01/22 04:00 AM,6.7,0,0
02/01/22 05:00 AM,6.2,0,0
02/01/22 06:00 AM,6.1,0,0
02/01/22 07:00 AM,6.2,0,0
02/01/22 08:00 AM,6.6,0,2
02/01/22 09:00 AM,8.4,0,98
02/01/22 10:00 AM,11.3,0,265
02/01/22 11:00 AM,14.1,0,414
02/01/22 12:00 PM,16.2,0,521
02/01/22 01:00 PM,18.0,0,573
02/01/22 02:00 PM,19.1,0,562
02/01/22 03:00 PM,19.5,0,492
02/01/22 04:00 PM,19.5,0,368
02/01/22 05:00 PM,18.7,0,207
02/01/22 06:00 PM,14.3,0,47
02/01/22 07:00 PM,13.2,0,0
02/01/22 08:00 PM,13.3,0,0
02/01/22 09:00 PM,12.9,0,0
02/01/22 10:00 PM,11.3,0,0
02/01/22 11:00 PM,10.3,0,0
02/02/22 12:00 AM,9.7,0,0
02/02/22 01:00 AM,10.3,0,0
02/02/22 02:00 AM,9.8,0,0
02/02/22 03:00 AM,9.8,0,0
02/02/22 04:00 AM,9.4,0,0
02/02/22 05:00 AM,8.9,0,0
02/02/22 06:00 AM,8.3,0,0
02/02/22 07:00 AM,8.1,0,0
02/02/22 08:00 AM,7.9,0,3
02/02/22 09:00 AM,9.5,0,99
02/02/22 10:00 AM,11.5,0,268
02/02/22 11:00 AM,14.0,0,419
02/02/22 12:00 PM,16.0,0,526
02/02/22 01:00 PM,17.3,0,576
02/02/22 02:00 PM,18.1,0,566
02/02/22 03:00 PM,18.5,30,496
02/02/22 04:00 PM,18.6,29,371
02/02/22 05:00 PM,18.1,29,207
02/02/22 06:00 PM,14.9,30,49
02/02/22 07:00 PM,12.8,30,0
02/02/22 08:00 PM,11.4,30,0
02/02/22 09:00 PM,10.9,29,0
02/02/22 10:00 PM,10.4,30,0
02/02/22 11:00 PM,8.6,30,0
02/03/22 12:00 AM,8.0,30,0
02/03/22 01:00 AM,7.3,30,0
02/03/22 02:00 AM,9.3,30,0
02/03/22 03:00 AM,6.4,32,0
02/03/22 04:00 AM,7.0,30,0
02/03/22 05:00 AM,6.5,30,0
02/03/22 06:00 AM,8.0,31,0
02/03/22 07:00 AM,6.5,30,0
02/03/22 08:00 AM,7.2,47,3
02/03/22 09:00 AM,8.6,42,79
02/03/22 10:00 AM,10.9,39,184
02/03/22 11:00 AM,12.8,43,263
02/03/22 12:00 PM,13.9,32,393
02/03/22 01:00 PM,15.1,60,325
02/03/22 02:00 PM,16.0,90,338
02/03/22 03:00 PM,15.9,88,208
02/03/22 04:00 PM,15.9,39,190
02/03/22 05:00 PM,15.4,38,130
02/03/22 06:00 PM,12.9,30,34
02/03/22 07:00 PM,11.4,43,0
02/03/22 08:00 PM,10.9,27,0
02/03/22 09:00 PM,10.2,80,0
02/03/22 10:00 PM,9.7,27,0
02/03/22 11:00 PM,9.3,71,0
02/04/22 12:00 AM,9.4,42,0
02/04/22 01:00 AM,8.1,51,0
02/04/22 02:00 AM,7.5,25,0
02/04/22 03:00 AM,6.9,62,0
02/04/22 04:00 AM,9.0,91,0
02/04/22 05:00 AM,9.1,89,0
02/04/22 06:00 AM,8.8,87,0
02/04/22 07:00 AM,9.3,56,0
02/04/22 08:00 AM,8.0,50,3
02/04/22 09:00 AM,10.0,43,87
02/04/22 10:00 AM,12.1,85,191
02/04/22 11:00 AM,13.7,90,250
02/04/22 12:00 PM,15.6,100,223
02/04/22 01:00 PM,15.6,100,223
02/04/22 02:00 PM,15.8,61,214
02/04/22 03:00 PM,16.8,64,305
02/04/22 04:00 PM,17.1,100,254
02/04/22 05:00 PM,16.5,100,102
02/04/22 06:00 PM,14.9,70,24
02/04/22 07:00 PM,13.7,44,0
02/04/22 08:00 PM,12.5,40,0
02/04/22 09:00 PM,11.7,32,0
02/04/22 10:00 PM,11.2,49,0
02/04/22 11:00 PM,10.6,87,0
02/05/22 12:00 AM,10.1,35,0
02/05/22 01:00 AM,9.7,33,0
02/05/22 02:00 AM,9.6,30,0
02/05/22 03:00 AM,9.5,30,0
02/05/22 04:00 AM,9.3,23,0
02/05/22 05:00 AM,8.9,9,0
02/05/22 06:00 AM,8.6,2,0
02/05/22 07:00 AM,8.7,1,0
02/05/22 08:00 AM,8.8,0,4
02/05/22 09:00 AM,10.5,0,103
02/05/22 10:00 AM,12.7,1,272
02/05/22 11:00 AM,14.4,6,424
02/05/22 12:00 PM,15.8,7,531
02/05/22 01:00 PM,16.8,4,578
02/05/22 02:00 PM,17.4,10,570
02/05/22 03:00 PM,17.5,13,501
02/05/22 04:00 PM,17.3,2,378
02/05/22 05:00 PM,16.3,2,217
02/05/22 06:00 PM,13.8,0,55
02/05/22 07:00 PM,12.3,0,0
02/05/22 08:00 PM,11.5,0,0
02/05/22 09:00 PM,11.2,1,0
02/05/22 10:00 PM,10.8,0,0
02/05/22 11:00 PM,10.3,0,0
02/06/22 12:00 AM,10.0,0,0
02/06/22 01:00 AM,9.4,0,0
02/06/22 02:00 AM,8.9,0,0
02/06/22 03:00 AM,8.5,0,0
02/06/22 04:00 AM,8.0,0,0
02/06/22 05:00 AM,7.6,0,0
02/06/22 06:00 AM,7.3,0,0
02/06/22 07:00 AM,7.1,0,0
02/06/22 08:00 AM,6.9,0,5
02/06/22 09:00 AM,8.6,0,112
02/06/22 10:00 AM,11.0,0,286
02/06/22 11:00 AM,13.6,0,439
02/06/22 12:00 PM,15.1,22,547
02/06/22 01:00 PM,17.0,0,597
02/06/22 02:00 PM,18.1,6,588
02/06/22 03:00 PM,18.8,14,517
02/06/22 04:00 PM,19.0,4,392
02/06/22 05:00 PM,18.4,0,227
02/06/22 06:00 PM,15.9,0,60
02/06/22 07:00 PM,14.4,0,0
02/06/22 08:00 PM,13.4,0,0
02/06/22 09:00 PM,12.4,0,0
02/06/22 10:00 PM,11.3,0,0
02/06/22 11:00 PM,10.3,0,0
02/07/22 12:00 AM,10.0,0,0
02/07/22 01:00 AM,9.3,0,0
02/07/22 02:00 AM,8.5,6,0
02/07/22 03:00 AM,7.9,23,0
02/07/22 04:00 AM,7.4,15,0
02/07/22 05:00 AM,6.8,30,0
02/07/22 06:00 AM,6.4,13,0
02/07/22 07:00 AM,6.1,20,0
02/07/22 08:00 AM,6.1,18,5
02/07/22 09:00 AM,8.1,27,111
02/07/22 10:00 AM,10.8,16,253
02/07/22 11:00 AM,14.0,4,434
02/07/22 12:00 PM,16.5,4,548
02/07/22 01:00 PM,18.7,7,600
02/07/22 02:00 PM,20.2,0,590
02/07/22 03:00 PM,21.3,0,519
02/07/22 04:00 PM,21.5,0,395
02/07/22 05:00 PM,20.6,0,232
02/07/22 06:00 PM,17.3,0,64
02/07/22 07:00 PM,16.0,0,0
02/07/22 08:00 PM,14.7,0,0
02/07/22 09:00 PM,12.9,0,0
02/07/22 10:00 PM,11.4,0,0
02/07/22 11:00 PM,11.0,0,0
02/08/22 12:00 AM,11.6,0,0
02/08/22 01:00 AM,10.7,0,0
02/08/22 02:00 AM,9.8,0,0
02/08/22 03:00 AM,9.1,0,0
02/08/22 04:00 AM,8.8,0,0
02/08/22 05:00 AM,8.0,0,0
02/08/22 06:00 AM,7.2,0,0
02/08/22 07:00 AM,7.0,0,0
02/08/22 08:00 AM,6.8,0,6
02/08/22 09:00 AM,9.7,0,118
02/08/22 10:00 AM,12.6,0,294
02/08/22 11:00 AM,15.1,0,449
02/08/22 12:00 PM,17.3,0,558
02/08/22 01:00 PM,19.1,0,606
02/08/22 02:00 PM,20.1,0,598
02/08/22 03:00 PM,20.5,0,527
02/08/22 04:00 PM,20.5,0,399
02/08/22 05:00 PM,20.3,0,233
02/08/22 06:00 PM,17.8,0,65
02/08/22 07:00 PM,14.7,0,0
02/08/22 08:00 PM,13.0,0,0
02/08/22 09:00 PM,12.1,0,0
02/08/22 10:00 PM,10.4,0,0
02/08/22 11:00 PM,9.8,0,0
02/09/22 12:00 AM,11.2,0,0
02/09/22 01:00 AM,11.6,0,0
02/09/22 02:00 AM,11.0,0,0
02/09/22 03:00 AM,10.0,0,0
02/09/22 04:00 AM,9.9,0,0
02/09/22 05:00 AM,9.6,0,0
02/09/22 06:00 AM,9.5,0,0
02/09/22 07:00 AM,9.5,0,0
02/09/22 08:00 AM,9.4,0,6
02/09/22 09:00 AM,10.9,0,120
02/09/22 10:00 AM,12.7,0,294
02/09/22 11:00 AM,15.1,0,448
02/09/22 12:00 PM,16.9,0,557
02/09/22 01:00 PM,18.9,0,609
02/09/22 02:00 PM,20.2,0,598
02/09/22 03:00 PM,20.7,0,527
02/09/22 04:00 PM,20.8,0,402
02/09/22 05:00 PM,20.4,0,238
02/09/22 06:00 PM,19.8,0,68
02/09/22 07:00 PM,18.5,0,0
02/09/22 08:00 PM,13.4,0,0
02/09/22 09:00 PM,11.0,0,0
02/09/22 10:00 PM,10.3,0,0
02/09/22 11:00 PM,9.9,0,0
02/10/22 12:00 AM,11.1,0,0
02/10/22 01:00 AM,9.0,0,0
02/10/22 02:00 AM,8.8,30,0
02/10/22 03:00 AM,9.4,30,0
02/10/22 04:00 AM,9.2,30,0
02/10/22 05:00 AM,9.2,33,0
02/10/22 06:00 AM,9.1,35,0
02/10/22 07:00 AM,8.7,37,0
02/10/22 08:00 AM,9.1,31,6
02/10/22 09:00 AM,10.9,38,112
02/10/22 10:00 AM,12.9,41,254
02/10/22 11:00 AM,14.4,48,295
02/10/22 12:00 PM,16.0,90,420
02/10/22 01:00 PM,17.8,89,447
02/10/22 02:00 PM,18.4,90,465
02/10/22 03:00 PM,18.1,90,295
02/10/22 04:00 PM,17.7,90,240
02/10/22 05:00 PM,16.9,90,116
02/10/22 06:00 PM,15.3,89,37
02/10/22 07:00 PM,14.1,89,0
02/10/22 08:00 PM,12.5,77,0
02/10/22 09:00 PM,13.1,87,0
02/10/22 10:00 PM,13.0,64,0
02/10/22 11:00 PM,12.5,61,0
02/11/22 12:00 AM,12.4,66,0
02/11/22 01:00 AM,13.7,56,0
02/11/22 02:00 AM,13.3,44,0
02/11/22 03:00 AM,12.0,3,0
02/11/22 04:00 AM,13.3,4,0
02/11/22 05:00 AM,9.6,7,0
02/11/22 06:00 AM,9.2,10,0
02/11/22 07:00 AM,9.2,5,0
02/11/22 08:00 AM,8.9,2,8
02/11/22 09:00 AM,11.4,0,123
02/11/22 10:00 AM,14.7,0,297
02/11/22 11:00 AM,17.5,0,449
02/11/22 12:00 PM,19.5,1,559
02/11/22 01:00 PM,20.6,2,609
02/11/22 02:00 PM,21.2,6,601
02/11/22 03:00 PM,21.2,8,530
02/11/22 04:00 PM,20.7,44,403
02/11/22 05:00 PM,19.8,24,214
02/11/22 06:00 PM,16.9,30,69
02/11/22 07:00 PM,15.1,31,0
02/11/22 08:00 PM,13.9,30,0
02/11/22 09:00 PM,13.4,33,0
02/11/22 10:00 PM,12.3,30,0
02/11/22 11:00 PM,12.1,30,0
02/12/22 12:00 AM,12.2,78,0
02/12/22 01:00 AM,12.5,73,0
02/12/22 02:00 AM,11.9,98,0
02/12/22 03:00 AM,11.1,100,0
02/12/22 04:00 AM,11.7,74,0
02/12/22 05:00 AM,9.9,90,0
02/12/22 06:00 AM,10.8,100,0
02/12/22 07:00 AM,11.0,91,0
02/12/22 08:00 AM,11.1,91,4
02/12/22 09:00 AM,12.1,91,47
02/12/22 10:00 AM,12.2,92,121
02/12/22 11:00 AM,13.9,91,238
02/12/22 12:00 PM,14.4,100,408
02/12/22 01:00 PM,15.6,82,460
02/12/22 02:00 PM,15.7,82,405
02/12/22 03:00 PM,15.9,61,388
02/12/22 04:00 PM,15.8,65,334
02/12/22 05:00 PM,15.0,73,205
02/12/22 06:00 PM,13.6,12,66
02/12/22 07:00 PM,12.2,8,0
02/12/22 08:00 PM,11.3,6,0
02/12/22 09:00 PM,10.7,6,0
02/12/22 10:00 PM,10.2,2,0
02/12/22 11:00 PM,9.8,4,0
02/13/22 12:00 AM,8.6,2,0
02/13/22 01:00 AM,8.7,5,0
02/13/22 02:00 AM,7.6,90,0
02/13/22 03:00 AM,7.7,90,0
02/13/22 04:00 AM,8.4,91,0
02/13/22 05:00 AM,8.1,97,0
02/13/22 06:00 AM,8.6,94,0
02/13/22 07:00 AM,9.1,100,0
02/13/22 08:00 AM,9.7,100,5
02/13/22 09:00 AM,10.5,100,41
02/13/22 10:00 AM,11.8,92,95
02/13/22 11:00 AM,13.8,89,283
02/13/22 12:00 PM,14.9,100,355
02/13/22 01:00 PM,15.2,100,244
02/13/22 02:00 PM,13.9,95,105
02/13/22 03:00 PM,14.4,100,181
02/13/22 04:00 PM,14.7,56,111
02/13/22 05:00 PM,15.0,100,129
02/13/22 06:00 PM,14.1,100,22
02/13/22 07:00 PM,13.8,100,0
02/13/22 08:00 PM,13.5,97,0
02/13/22 09:00 PM,13.4,18,0
02/13/22 10:00 PM,12.2,3,0
02/13/22 11:00 PM,11.1,1,0
02/14/22 12:00 AM,10.8,8,0
02/14/22 01:00 AM,10.4,14,0
02/14/22 02:00 AM,10.2,16,0
02/14/22 03:00 AM,9.9,2,0
02/14/22 04:00 AM,9.5,8,0
02/14/22 05:00 AM,9.3,11,0
02/14/22 06:00 AM,9.1,9,0
02/14/22 07:00 AM,8.9,7,0
02/14/22 08:00 AM,9.2,19,10
02/14/22 09:00 AM,10.8,29,128
02/14/22 10:00 AM,12.7,11,292
02/14/22 11:00 AM,13.9,37,433
02/14/22 12:00 PM,14.8,27,459
02/14/22 01:00 PM,15.8,38,560
02/14/22 02:00 PM,16.2,42,547
02/14/22 03:00 PM,15.9,12,455
02/14/22 04:00 PM,15.6,15,395
02/14/22 05:00 PM,14.9,75,245
02/14/22 06:00 PM,13.6,32,65
02/14/22 07:00 PM,12.1,1,1
02/14/22 08:00 PM,11.1,1,0
02/14/22 09:00 PM,10.2,4,0
02/14/22 10:00 PM,9.3,2,0
02/14/22 11:00 PM,8.7,7,0
02/15/22 12:00 AM,9.1,22,0
02/15/22 01:00 AM,8.6,30,0
02/15/22 02:00 AM,8.2,15,0
02/15/22 03:00 AM,7.5,5,0
02/15/22 04:00 AM,7.0,0,0
02/15/22 05:00 AM,5.5,0,0
02/15/22 06:00 AM,5.3,1,0
02/15/22 07:00 AM,4.3,0,0
02/15/22 08:00 AM,4.9,2,12
02/15/22 09:00 AM,8.4,0,142
02/15/22 10:00 AM,11.5,0,321
02/15/22 11:00 AM,13.6,12,477
02/15/22 12:00 PM,14.7,12,565
02/15/22 01:00 PM,15.6,100,635
02/15/22 02:00 PM,15.8,44,503
02/15/22 03:00 PM,16.1,29,548
02/15/22 04:00 PM,16.1,34,427
02/15/22 05:00 PM,14.9,31,244
02/15/22 06:00 PM,13.2,28,79
02/15/22 07:00 PM,11.9,29,1
02/15/22 08:00 PM,10.7,30,0
02/15/22 09:00 PM,10.2,32,0
02/15/22 10:00 PM,9.7,33,0
02/15/22 11:00 PM,8.8,16,0
02/16/22 12:00 AM,8.0,13,0
02/16/22 01:00 AM,7.1,3,0
02/16/22 02:00 AM,8.2,30,0
02/16/22 03:00 AM,6.2,29,0
02/16/22 04:00 AM,7.8,22,0
02/16/22 05:00 AM,7.7,17,0
02/16/22 06:00 AM,9.8,30,0
02/16/22 07:00 AM,8.8,27,0
02/16/22 08:00 AM,7.2,32,12
02/16/22 09:00 AM,11.7,42,135
02/16/22 10:00 AM,14.6,26,306
02/16/22 11:00 AM,16.3,40,463
02/16/22 12:00 PM,15.9,100,557
02/16/22 01:00 PM,16.5,100,370
02/16/22 02:00 PM,17.5,100,415
02/16/22 03:00 PM,17.9,67,372
02/16/22 04:00 PM,17.5,54,330
02/16/22 05:00 PM,16.5,39,219
02/16/22 06:00 PM,15.0,63,78
02/16/22 07:00 PM,13.2,49,1
02/16/22 08:00 PM,12.3,81,0
02/16/22 09:00 PM,12.1,42,0
02/16/22 10:00 PM,11.3,32,0
02/16/22 11:00 PM,11.0,20,0
02/17/22 12:00 AM,11.3,2,0
02/17/22 01:00 AM,11.1,4,0
02/17/22 02:00 AM,11.0,0,0
02/17/22 03:00 AM,10.9,1,0
02/17/22 04:00 AM,10.7,68,0
02/17/22 05:00 AM,11.0,86,0
02/17/22 06:00 AM,11.1,81,0
02/17/22 07:00 AM,11.2,36,0
02/17/22 08:00 AM,11.0,64,12
02/17/22 09:00 AM,12.9,4,113
02/17/22 10:00 AM,14.9,27,318
02/17/22 11:00 AM,16.3,31,450
02/17/22 12:00 PM,16.6,90,491
02/17/22 01:00 PM,17.9,92,455
02/17/22 02:00 PM,18.3,21,378
02/17/22 03:00 PM,18.9,12,494
02/17/22 04:00 PM,18.6,1,396
02/17/22 05:00 PM,17.2,4,252
02/17/22 06:00 PM,14.7,14,83
02/17/22 07:00 PM,13.6,5,1
02/17/22 08:00 PM,12.7,2,0
02/17/22 09:00 PM,11.9,0,0
02/17/22 10:00 PM,11.5,0,0
02/17/22 11:00 PM,11.1,0,0
02/18/22 12:00 AM,10.9,0,0
02/18/22 01:00 AM,10.4,0,0
02/18/22 02:00 AM,10.3,7,0
02/18/22 03:00 AM,10.2,71,0
02/18/22 04:00 AM,9.7,90,0
02/18/22 05:00 AM,9.9,90,0
02/18/22 06:00 AM,10.2,91,0
02/18/22 07:00 AM,10.2,92,0
02/18/22 08:00 AM,10.6,91,7
02/18/22 09:00 AM,11.3,94,55
02/18/22 10:00 AM,12.2,90,74
02/18/22 11:00 AM,13.0,91,99
02/18/22 12:00 PM,14.6,58,142
02/18/22 01:00 PM,16.6,52,434
02/18/22 02:00 PM,17.3,70,433
02/18/22 03:00 PM,18.0,45,478
02/18/22 04:00 PM,18.1,100,376
02/18/22 05:00 PM,16.3,43,120
02/18/22 06:00 PM,14.3,100,88
02/18/22 07:00 PM,12.8,100,1
02/18/22 08:00 PM,12.1,45,0
02/18/22 09:00 PM,11.4,39,0
02/18/22 10:00 PM,10.9,32,0
02/18/22 11:00 PM,10.6,16,0
02/19/22 12:00 AM,10.4,13,0
02/19/22 01:00 AM,10.4,14,0
02/19/22 02:00 AM,10.4,40,0
02/19/22 03:00 AM,10.4,75,0
02/19/22 04:00 AM,9.9,12,0
02/19/22 05:00 AM,9.5,1,0
02/19/22 06:00 AM,9.3,1,0
02/19/22 07:00 AM,9.2,1,0
02/19/22 08:00 AM,9.3,7,17
02/19/22 09:00 AM,10.4,8,159
02/19/22 10:00 AM,11.8,3,337
02/19/22 11:00 AM,13.1,3,503
02/19/22 12:00 PM,14.8,0,612
02/19/22 01:00 PM,15.5,0,667
02/19/22 02:00 PM,16.0,0,661
02/19/22 03:00 PM,16.2,0,586
02/19/22 04:00 PM,15.6,0,455
02/19/22 05:00 PM,14.1,0,281
02/19/22 06:00 PM,12.5,0,100
02/19/22 07:00 PM,11.2,0,2
02/19/22 08:00 PM,10.5,0,0
02/19/22 09:00 PM,10.2,0,0
02/19/22 10:00 PM,9.9,0,0
02/19/22 11:00 PM,9.6,0,0
02/20/22 12:00 AM,9.1,0,0
02/20/22 01:00 AM,8.7,0,0
02/20/22 02:00 AM,8.4,0,0
02/20/22 03:00 AM,8.1,0,0
02/20/22 04:00 AM,7.8,0,0
02/20/22 05:00 AM,7.5,0,0
02/20/22 06:00 AM,7.1,0,0
02/20/22 07:00 AM,6.7,0,0
02/20/22 08:00 AM,6.9,0,19
02/20/22 09:00 AM,8.9,0,166
02/20/22 10:00 AM,11.7,0,353
02/20/22 11:00 AM,14.6,0,512
02/20/22 12:00 PM,16.8,0,624
02/20/22 01:00 PM,18.6,0,676
02/20/22 02:00 PM,19.5,0,664
02/20/22 03:00 PM,19.8,0,589
02/20/22 04:00 PM,19.5,3,459
02/20/22 05:00 PM,18.6,6,287
02/20/22 06:00 PM,16.9,2,104
02/20/22 07:00 PM,14.1,15,3
02/20/22 08:00 PM,12.6,30,0
02/20/22 09:00 PM,11.9,20,0
02/20/22 10:00 PM,11.0,5,0
02/20/22 11:00 PM,10.5,23,0
02/21/22 12:00 AM,10.4,28,0
02/21/22 01:00 AM,9.9,30,0
02/21/22 02:00 AM,10.0,31,0
02/21/22 03:00 AM,10.2,30,0
02/21/22 04:00 AM,9.9,45,0
02/21/22 05:00 AM,9.6,31,0
02/21/22 06:00 AM,9.3,28,0
02/21/22 07:00 AM,8.9,14,0
02/21/22 08:00 AM,8.9,31,20
02/21/22 09:00 AM,10.9,4,165
02/21/22 10:00 AM,13.2,0,352
02/21/22 11:00 AM,15.6,23,513
02/21/22 12:00 PM,18.5,0,626
02/21/22 01:00 PM,19.7,5,679
02/21/22 02:00 PM,20.2,18,668
02/21/22 03:00 PM,20.4,0,593
02/21/22 04:00 PM,20.3,12,463
02/21/22 05:00 PM,19.9,0,291
02/21/22 06:00 PM,18.1,0,107
02/21/22 07:00 PM,15.5,0,3
02/21/22 08:00 PM,13.4,0,0
02/21/22 09:00 PM,12.5,0,0
02/21/22 10:00 PM,12.1,0,0
02/21/22 11:00 PM,11.5,0,0
02/22/22 12:00 AM,10.9,0,0
02/22/22 01:00 AM,10.4,0,0
02/22/22 02:00 AM,9.8,0,0
02/22/22 03:00 AM,9.0,0,0
02/22/22 04:00 AM,8.5,0,0
02/22/22 05:00 AM,8.5,0,0
02/22/22 06:00 AM,8.1,1,0
02/22/22 07:00 AM,7.9,0,0
02/22/22 08:00 AM,8.8,0,22
02/22/22 09:00 AM,12.1,0,174
02/22/22 10:00 AM,15.5,0,362
02/22/22 11:00 AM,18.7,0,525
02/22/22 12:00 PM,21.8,0,639
02/22/22 01:00 PM,23.7,0,697
02/22/22 02:00 PM,24.6,0,686
02/22/22 03:00 PM,24.9,0,609
02/22/22 04:00 PM,25.0,0,477
02/22/22 05:00 PM,24.5,0,303
02/22/22 06:00 PM,21.9,0,114
02/22/22 07:00 PM,19.5,1,4
02/22/22 08:00 PM,18.1,30,0
02/22/22 09:00 PM,16.4,30,0
02/22/22 10:00 PM,14.8,30,0
02/22/22 11:00 PM,13.4,30,0
02/23/22 12:00 AM,13.4,30,0
02/23/22 01:00 AM,12.8,30,0
02/23/22 02:00 AM,12.3,30,0
02/23/22 03:00 AM,11.2,30,0
02/23/22 04:00 AM,10.4,30,0
02/23/22 05:00 AM,10.0,30,0
02/23/22 06:00 AM,9.4,30,0
02/23/22 07:00 AM,8.9,30,0
02/23/22 08:00 AM,10.2,30,15
02/23/22 09:00 AM,12.3,30,99
02/23/22 10:00 AM,14.2,30,195
02/23/22 11:00 AM,16.2,31,289
02/23/22 12:00 PM,18.1,31,429
02/23/22 01:00 PM,19.9,46,494
02/23/22 02:00 PM,20.2,59,422
02/23/22 03:00 PM,20.7,82,423
02/23/22 04:00 PM,20.8,10,380
02/23/22 05:00 PM,20.4,0,301
02/23/22 06:00 PM,16.9,0,114
02/23/22 07:00 PM,15.4,2,4
02/23/22 08:00 PM,13.7,29,0
02/23/22 09:00 PM,12.3,30,0
02/23/22 10:00 PM,10.5,30,0
02/23/22 11:00 PM,10.8,30,0
02/24/22 12:00 AM,12.6,30,0
02/24/22 01:00 AM,12.3,30,0
02/24/22 02:00 AM,10.7,30,0
02/24/22 03:00 AM,9.9,36,0
02/24/22 04:00 AM,10.1,87,0
02/24/22 05:00 AM,10.5,90,0
02/24/22 06:00 AM,10.6,84,0
02/24/22 07:00 AM,9.6,89,0
02/24/22 08:00 AM,9.8,72,14
02/24/22 09:00 AM,11.7,90,82
02/24/22 10:00 AM,12.9,87,118
02/24/22 11:00 AM,14.3,90,197
02/24/22 12:00 PM,15.4,94,151
02/24/22 01:00 PM,16.7,100,428
02/24/22 02:00 PM,15.8,100,236
02/24/22 03:00 PM,14.3,86,91
02/24/22 04:00 PM,14.2,82,118
02/24/22 05:00 PM,14.2,94,44
02/24/22 06:00 PM,13.9,95,15
02/24/22 07:00 PM,13.6,85,2
02/24/22 08:00 PM,13.4,93,0
02/24/22 09:00 PM,12.9,100,0
02/24/22 10:00 PM,12.7,76,0
02/24/22 11:00 PM,12.2,100,0
02/25/22 12:00 AM,11.8,33,0
02/25/22 01:00 AM,11.1,56,0
02/25/22 02:00 AM,11.0,100,0
02/25/22 03:00 AM,11.0,100,0
02/25/22 04:00 AM,11.3,26,0
02/25/22 05:00 AM,9.6,18,0
02/25/22 06:00 AM,9.6,61,0
02/25/22 07:00 AM,9.8,49,0
02/25/22 08:00 AM,10.6,15,19
02/25/22 09:00 AM,12.0,10,172
02/25/22 10:00 AM,14.3,17,351
02/25/22 11:00 AM,16.6,7,510
02/25/22 12:00 PM,17.7,61,604
02/25/22 01:00 PM,19.2,43,430
02/25/22 02:00 PM,20.9,27,627
02/25/22 03:00 PM,21.5,16,545
02/25/22 04:00 PM,20.2,17,387
02/25/22 05:00 PM,19.8,22,245
02/25/22 06:00 PM,18.1,4,102
02/25/22 07:00 PM,16.2,16,5
02/25/22 08:00 PM,15.2,13,0
02/25/22 09:00 PM,14.4,31,0
02/25/22 10:00 PM,13.8,40,0
02/25/22 11:00 PM,13.0,22,0
02/26/22 12:00 AM,12.0,0,0
02/26/22 01:00 AM,11.5,2,0
02/26/22 02:00 AM,10.9,13,0
02/26/22 03:00 AM,10.4,0,0
02/26/22 04:00 AM,9.7,2,0
02/26/22 05:00 AM,9.2,18,0
02/26/22 06:00 AM,8.7,0,0
02/26/22 07:00 AM,8.2,1,0
02/26/22 08:00 AM,9.1,18,29
02/26/22 09:00 AM,11.7,14,171
02/26/22 10:00 AM,13.9,19,355
02/26/22 11:00 AM,15.5,59,485
02/26/22 12:00 PM,15.9,32,579
02/26/22 01:00 PM,17.2,35,579
02/26/22 02:00 PM,18.1,31,598
02/26/22 03:00 PM,18.3,22,524
02/26/22 04:00 PM,18.2,16,396
02/26/22 05:00 PM,17.8,9,296
02/26/22 06:00 PM,16.4,6,116
02/26/22 07:00 PM,14.1,2,6
02/26/22 08:00 PM,12.7,0,0
02/26/22 09:00 PM,12.2,3,0
02/26/22 10:00 PM,11.7,14,0
02/26/22 11:00 PM,11.5,13,0
02/27/22 12:00 AM,10.8,4,0
02/27/22 01:00 AM,10.7,7,0
02/27/22 02:00 AM,10.7,0,0
02/27/22 03:00 AM,10.6,2,0
02/27/22 04:00 AM,10.5,20,0
02/27/22 05:00 AM,10.2,17,0
02/27/22 06:00 AM,9.9,5,0
02/27/22 07:00 AM,9.3,5,0
02/27/22 08:00 AM,9.5,8,32
02/27/22 09:00 AM,11.7,13,191
02/27/22 10:00 AM,13.8,4,377
02/27/22 11:00 AM,15.8,0,537
02/27/22 12:00 PM,17.3,52,649
02/27/22 01:00 PM,18.4,57,599
02/27/22 02:00 PM,18.8,45,573
02/27/22 03:00 PM,18.8,13,521
02/27/22 04:00 PM,19.4,9,442
02/27/22 05:00 PM,18.0,4,297
02/27/22 06:00 PM,15.0,0,121
02/27/22 07:00 PM,14.0,0,6
02/27/22 08:00 PM,12.9,0,0
02/27/22 09:00 PM,12.1,0,0
02/27/22 10:00 PM,11.5,0,0
02/27/22 11:00 PM,11.0,25,0
02/28/22 12:00 AM,10.9,26,0
02/28/22 01:00 AM,10.3,20,0
02/28/22 02:00 AM,10.0,8,0
02/28/22 03:00 AM,9.5,1,0
02/28/22 04:00 AM,9.0,2,0
02/28/22 05:00 AM,8.5,0,0
02/28/22 06:00 AM,7.9,6,0
02/28/22 07:00 AM,7.6,9,0
02/28/22 08:00 AM,8.5,4,34
02/28/22 09:00 AM,11.0,0,193
02/28/22 10:00 AM,13.9,0,378
02/28/22 11:00 AM,16.7,4,535
02/28/22 12:00 PM,18.1,61,644
02/28/22 01:00 PM,19.8,6,568
02/28/22 02:00 PM,20.7,22,680
02/28/22 03:00 PM,21.0,33,607
02/28/22 04:00 PM,20.9,14,476
02/28/22 05:00 PM,20.5,23,306
02/28/22 06:00 PM,18.6,29,119
02/28/22 07:00 PM,16.3,13,7
02/28/22 08:00 PM,15.0,19,0
02/28/22 09:00 PM,12.9,37,0
02/28/22 10:00 PM,13.8,17,0
02/28/22 11:00 PM,13.3,2,0
03/01/22 12:00 AM,12.2,16,0
03/01/22 01:00 AM,11.8,8,0
03/01/22 02:00 AM,11.4,26,0
03/01/22 03:00 AM,11.4,85,0
03/01/22 04:00 AM,11.2,77,0
03/01/22 05:00 AM,9.5,42,0
03/01/22 06:00 AM,10.5,40,0
03/01/22 07:00 AM,10.6,58,0
03/01/22 08:00 AM,11.8,88,25
03/01/22 09:00 AM,14.0,46,149
03/01/22 10:00 AM,15.8,88,319
03/01/22 11:00 AM,16.7,90,392
03/01/22 12:00 PM,17.9,55,448
03/01/22 01:00 PM,18.3,55,590
03/01/22 02:00 PM,18.4,25,581
03/01/22 03:00 PM,18.3,2,594
03/01/22 04:00 PM,18.0,4,477
03/01/22 05:00 PM,17.4,32,305
03/01/22 06:00 PM,16.2,37,116
03/01/22 07:00 PM,14.7,13,7
03/01/22 08:00 PM,13.8,25,0
03/01/22 09:00 PM,13.5,38,0
03/01/22 10:00 PM,13.4,28,0
03/01/22 11:00 PM,12.9,12,0
03/02/22 12:00 AM,13.0,26,0
03/02/22 01:00 AM,12.3,14,0
03/02/22 02:00 AM,11.8,22,0
03/02/22 03:00 AM,11.5,42,0
03/02/22 04:00 AM,11.3,90,0
03/02/22 05:00 AM,11.2,90,0
03/02/22 06:00 AM,11.0,100,0
03/02/22 07:00 AM,10.8,99,0
03/02/22 08:00 AM,11.0,57,30
03/02/22 09:00 AM,12.3,50,188
03/02/22 10:00 AM,13.8,46,336
03/02/22 11:00 AM,14.9,64,447
03/02/22 12:00 PM,15.6,100,560
03/02/22 01:00 PM,16.5,34,490
03/02/22 02:00 PM,17.8,31,641
03/02/22 03:00 PM,18.3,34,580
03/02/22 04:00 PM,18.3,32,434
03/02/22 05:00 PM,17.6,30,269
03/02/22 06:00 PM,15.7,53,116
03/02/22 07:00 PM,13.8,34,8
03/02/22 08:00 PM,12.7,5,0
03/02/22 09:00 PM,12.1,7,0
03/02/22 10:00 PM,11.4,9,0
03/02/22 11:00 PM,10.0,60,0
03/03/22 12:00 AM,10.4,20,0
03/03/22 01:00 AM,9.5,30,0
03/03/22 02:00 AM,9.9,56,0
03/03/22 03:00 AM,10.8,100,0
03/03/22 04:00 AM,12.2,100,0
03/03/22 05:00 AM,13.3,85,0
03/03/22 06:00 AM,13.2,82,0
03/03/22 07:00 AM,13.6,95,0
03/03/22 08:00 AM,13.6,100,13
03/03/22 09:00 AM,13.1,100,36
03/03/22 10:00 AM,12.8,99,51
03/03/22 11:00 AM,13.0,31,183
03/03/22 12:00 PM,13.5,19,583
03/03/22 01:00 PM,15.7,17,660
03/03/22 02:00 PM,16.0,15,657
03/03/22 03:00 PM,15.7,14,583
03/03/22 04:00 PM,15.0,11,481
03/03/22 05:00 PM,13.9,13,315
03/03/22 06:00 PM,12.7,12,129
03/03/22 07:00 PM,11.7,10,9
03/03/22 08:00 PM,11.3,11,0
03/03/22 09:00 PM,10.9,9,0
03/03/22 10:00 PM,10.8,6,0
03/03/22 11:00 PM,10.6,6,0
03/04/22 12:00 AM,10.3,13,0
03/04/22 01:00 AM,10.1,3,0
03/04/22 02:00 AM,9.8,4,0
03/04/22 03:00 AM,9.8,30,0
03/04/22 04:00 AM,9.6,31,0
03/04/22 05:00 AM,9.5,30,0
03/04/22 06:00 AM,9.5,20,0
03/04/22 07:00 AM,9.3,18,0
03/04/22 08:00 AM,9.8,34,45
03/04/22 09:00 AM,11.1,34,209
03/04/22 10:00 AM,12.4,23,404
03/04/22 11:00 AM,13.5,31,566
03/04/22 12:00 PM,15.0,30,662
03/04/22 01:00 PM,15.9,28,706
03/04/22 02:00 PM,16.1,29,715
03/04/22 03:00 PM,16.0,14,633
03/04/22 04:00 PM,15.3,16,501
03/04/22 05:00 PM,13.8,8,332
03/04/22 06:00 PM,12.3,29,143
03/04/22 07:00 PM,11.0,14,10
03/04/22 08:00 PM,10.2,28,0
03/04/22 09:00 PM,9.8,87,0
03/04/22 10:00 PM,9.7,59,0
03/04/22 11:00 PM,9.6,89,0
03/05/22 12:00 AM,10.0,89,0
03/05/22 01:00 AM,10.0,89,0
03/05/22 02:00 AM,9.5,90,0
03/05/22 03:00 AM,9.5,56,0
03/05/22 04:00 AM,8.7,32,0
03/05/22 05:00 AM,7.8,46,0
03/05/22 06:00 AM,7.5,24,0
03/05/22 07:00 AM,7.3,100,0
03/05/22 08:00 AM,9.2,66,34
03/05/22 09:00 AM,11.1,83,198
03/05/22 10:00 AM,12.4,100,369
03/05/22 11:00 AM,11.8,100,284
03/05/22 12:00 PM,14.7,39,246
03/05/22 01:00 PM,14.6,100,581
03/05/22 02:00 PM,12.3,100,380
03/05/22 03:00 PM,10.6,100,180
03/05/22 04:00 PM,10.2,100,116
03/05/22 05:00 PM,10.3,60,38
03/05/22 06:00 PM,10.4,47,45
03/05/22 07:00 PM,9.4,7,7
03/05/22 08:00 PM,8.7,0,0
03/05/22 09:00 PM,9.0,5,0
03/05/22 10:00 PM,9.4,0,0
03/05/22 11:00 PM,9.1,2,0
03/06/22 12:00 AM,9.5,0,0
03/06/22 01:00 AM,9.1,0,0
03/06/22 02:00 AM,8.7,0,0
03/06/22 03:00 AM,8.1,0,0
03/06/22 04:00 AM,7.6,0,0
03/06/22 05:00 AM,7.0,0,0
03/06/22 06:00 AM,6.5,0,0
03/06/22 07:00 AM,5.9,0,0
03/06/22 08:00 AM,6.9,0,54
03/06/22 09:00 AM,9.3,0,236
03/06/22 10:00 AM,11.3,0,431
03/06/22 11:00 AM,13.6,0,596
03/06/22 12:00 PM,15.5,0,709
03/06/22 01:00 PM,16.3,0,763
03/06/22 02:00 PM,16.8,0,746
03/06/22 03:00 PM,17.0,0,666
03/06/22 04:00 PM,16.8,0,532
03/06/22 05:00 PM,15.2,0,351
03/06/22 06:00 PM,13.0,0,152
03/06/22 07:00 PM,11.9,0,13
03/06/22 08:00 PM,10.9,0,0
03/06/22 09:00 PM,10.3,0,0
03/06/22 10:00 PM,10.0,0,0
03/06/22 11:00 PM,9.6,0,0
03/07/22 12:00 AM,9.0,0,0
03/07/22 01:00 AM,8.5,0,0
03/07/22 02:00 AM,8.0,0,0
03/07/22 03:00 AM,7.6,0,0
03/07/22 04:00 AM,7.3,0,0
03/07/22 05:00 AM,6.4,0,0
03/07/22 06:00 AM,5.6,0,0
03/07/22 07:00 AM,4.4,2,0
03/07/22 08:00 AM,7.0,38,58
03/07/22 09:00 AM,10.4,36,228
03/07/22 10:00 AM,13.3,29,421
03/07/22 11:00 AM,14.7,87,586
03/07/22 12:00 PM,15.4,96,597
03/07/22 01:00 PM,15.1,66,464
03/07/22 02:00 PM,15.4,10,655
03/07/22 03:00 PM,15.3,60,634
03/07/22 04:00 PM,14.9,82,477
03/07/22 05:00 PM,14.3,100,312
03/07/22 06:00 PM,13.1,100,91
03/07/22 07:00 PM,12.6,100,9
03/07/22 08:00 PM,12.4,100,0
03/07/22 09:00 PM,12.8,100,0
03/07/22 10:00 PM,11.6,100,0
03/07/22 11:00 PM,11.3,100,0
03/08/22 12:00 AM,12.0,100,0
03/08/22 01:00 AM,11.8,58,0
03/08/22 02:00 AM,11.2,100,0
03/08/22 03:00 AM,11.5,2,0
03/08/22 04:00 AM,10.0,3,0
03/08/22 05:00 AM,9.4,4,0
03/08/22 06:00 AM,9.0,30,0
03/08/22 07:00 AM,8.5,30,0
03/08/22 08:00 AM,10.0,30,40
03/08/22 09:00 AM,11.9,53,158
03/08/22 10:00 AM,14.2,11,334
03/08/22 11:00 AM,16.0,68,577
03/08/22 12:00 PM,15.5,100,565
03/08/22 01:00 PM,15.4,83,418
03/08/22 02:00 PM,15.1,55,397
03/08/22 03:00 PM,15.6,51,495
03/08/22 04:00 PM,15.4,82,388
03/08/22 05:00 PM,14.3,94,206
03/08/22 06:00 PM,13.9,76,106
03/08/22 07:00 PM,12.7,88,10
03/08/22 08:00 PM,11.2,45,0
03/08/22 09:00 PM,10.8,94,0
03/08/22 10:00 PM,11.8,100,0
03/08/22 11:00 PM,12.1,97,0
03/09/22 12:00 AM,12.6,100,0
03/09/22 01:00 AM,12.6,100,0
03/09/22 02:00 AM,12.5,52,0
03/09/22 03:00 AM,12.1,11,0
03/09/22 04:00 AM,12.1,14,0
03/09/22 05:00 AM,12.2,27,0
03/09/22 06:00 AM,12.2,6,0
03/09/22 07:00 AM,12.0,6,0
03/09/22 08:00 AM,13.2,11,57
03/09/22 09:00 AM,15.1,10,221
03/09/22 10:00 AM,15.8,37,405
03/09/22 11:00 AM,16.2,60,478
03/09/22 12:00 PM,15.5,100,502
03/09/22 01:00 PM,15.5,100,404
03/09/22 02:00 PM,15.6,100,362
03/09/22 03:00 PM,15.9,91,396
03/09/22 04:00 PM,16.0,64,437
03/09/22 05:00 PM,15.5,74,296
03/09/22 06:00 PM,13.3,100,64
03/09/22 07:00 PM,12.4,95,4
03/09/22 08:00 PM,12.5,64,0
03/09/22 09:00 PM,12.7,75,0
03/09/22 10:00 PM,12.5,58,0
03/09/22 11:00 PM,12.4,0,0
03/10/22 12:00 AM,11.8,14,0
03/10/22 01:00 AM,11.8,4,0
03/10/22 02:00 AM,11.6,10,0
03/10/22 03:00 AM,11.9,12,0
03/10/22 04:00 AM,12.3,28,0
03/10/22 05:00 AM,12.6,27,0
03/10/22 06:00 AM,12.7,38,0
03/10/22 07:00 AM,12.7,28,0
03/10/22 08:00 AM,13.4,35,59
03/10/22 09:00 AM,14.4,81,188
03/10/22 10:00 AM,15.0,80,296
03/10/22 11:00 AM,15.4,39,399
03/10/22 12:00 PM,15.5,47,489
03/10/22 01:00 PM,16.5,98,682
03/10/22 02:00 PM,16.3,94,578
03/10/22 03:00 PM,15.3,100,220
03/10/22 04:00 PM,15.0,100,158
03/10/22 05:00 PM,14.9,100,117
03/10/22 06:00 PM,14.5,100,80
03/10/22 07:00 PM,14.2,100,7
03/10/22 08:00 PM,13.9,100,0
03/10/22 09:00 PM,13.8,100,0
03/10/22 10:00 PM,14.4,100,0
03/10/22 11:00 PM,14.7,49,0
03/11/22 12:00 AM,14.2,55,0
03/11/22 01:00 AM,14.1,100,0
03/11/22 02:00 AM,14.1,100,0
03/11/22 03:00 AM,14.1,100,0
03/11/22 04:00 AM,14.0,100,0
03/11/22 05:00 AM,13.5,100,0
03/11/22 06:00 AM,13.0,100,0
03/11/22 07:00 AM,12.7,94,0
03/11/22 08:00 AM,12.9,93,30
03/11/22 09:00 AM,13.9,90,124
03/11/22 10:00 AM,14.7,90,230
03/11/22 11:00 AM,15.4,93,332
03/11/22 12:00 PM,15.3,100,368
03/11/22 01:00 PM,14.5,94,251
03/11/22 02:00 PM,15.0,100,319
03/11/22 03:00 PM,15.6,48,397
03/11/22 04:00 PM,15.6,33,426
03/11/22 05:00 PM,15.2,11,317
03/11/22 06:00 PM,14.0,12,154
03/11/22 07:00 PM,12.2,5,17
03/11/22 08:00 PM,10.9,4,0
03/11/22 09:00 PM,10.4,6,0
03/11/22 10:00 PM,9.3,18,0
03/11/22 11:00 PM,8.9,10,0
03/12/22 12:00 AM,9.8,8,0
03/12/22 01:00 AM,8.7,7,0
03/12/22 02:00 AM,9.1,19,0
03/12/22 03:00 AM,10.3,45,0
03/12/22 04:00 AM,11.2,79,0
03/12/22 05:00 AM,12.0,100,0
03/12/22 06:00 AM,11.9,90,0
03/12/22 07:00 AM,12.6,100,0
03/12/22 08:00 AM,13.2,100,32
03/12/22 09:00 AM,13.3,72,83
03/12/22 10:00 AM,14.6,100,291
03/12/22 11:00 AM,15.3,100,282
03/12/22 12:00 PM,14.3,100,395
03/12/22 01:00 PM,14.2,99,160
03/12/22 02:00 PM,14.8,98,219
03/12/22 03:00 PM,14.7,100,184
03/12/22 04:00 PM,14.1,100,124
03/12/22 05:00 PM,13.9,100,48
03/12/22 06:00 PM,13.7,100,16
03/12/22 07:00 PM,13.4,100,2
03/12/22 08:00 PM,13.4,100,0
03/12/22 09:00 PM,13.1,90,0
03/12/22 10:00 PM,12.9,94,0
03/12/22 11:00 PM,12.3,56,0
03/13/22 12:00 AM,12.1,40,0
03/13/22 01:00 AM,11.3,39,0
03/13/22 02:00 AM,10.8,34,0
03/13/22 03:00 AM,10.3,30,0
03/13/22 04:00 AM,9.7,21,0
03/13/22 05:00 AM,8.7,30,0
03/13/22 06:00 AM,8.0,0,0
03/13/22 07:00 AM,7.1,3,0
03/13/22 08:00 AM,10.3,20,79
03/13/22 09:00 AM,12.1,7,265
03/13/22 10:00 AM,13.7,47,459
03/13/22 11:00 AM,14.8,100,572
03/13/22 12:00 PM,14.3,74,476
03/13/22 01:00 PM,15.0,59,534
03/13/22 02:00 PM,15.1,62,520
03/13/22 03:00 PM,15.0,59,506
03/13/22 04:00 PM,14.5,50,324
03/13/22 05:00 PM,14.3,50,259
03/13/22 06:00 PM,13.3,32,100
03/13/22 07:00 PM,11.2,32,13
03/13/22 08:00 PM,10.3,30,0
03/13/22 09:00 PM,10.0,34,0
03/13/22 10:00 PM,11.3,70,0
03/13/22 11:00 PM,9.4,100,0
03/14/22 12:00 AM,10.9,65,0
03/14/22 01:00 AM,10.5,62,0
03/14/22 02:00 AM,9.9,89,0
03/14/22 03:00 AM,9.7,40,0
03/14/22 04:00 AM,9.3,43,0
03/14/22 05:00 AM,9.2,32,0
03/14/22 06:00 AM,8.4,42,0
03/14/22 07:00 AM,7.7,50,0
03/14/22 08:00 AM,9.6,29,51
03/14/22 09:00 AM,11.8,66,253
03/14/22 10:00 AM,13.1,58,324
03/14/22 11:00 AM,14.6,63,472
03/14/22 12:00 PM,13.1,55,624
03/14/22 01:00 PM,14.7,100,487
03/14/22 02:00 PM,14.8,100,299
03/14/22 03:00 PM,14.0,100,445
03/14/22 04:00 PM,14.1,33,327
03/14/22 05:00 PM,14.0,62,283
03/14/22 06:00 PM,13.3,42,92
03/14/22 07:00 PM,11.9,13,13
03/14/22 08:00 PM,10.7,43,0
03/14/22 09:00 PM,9.8,31,0
03/14/22 10:00 PM,9.7,34,0
03/14/22 11:00 PM,9.2,54,0
03/15/22 12:00 AM,9.2,51,0
03/15/22 01:00 AM,9.1,94,0
03/15/22 02:00 AM,8.7,75,0
03/15/22 03:00 AM,8.6,44,0
03/15/22 04:00 AM,8.5,19,0
03/15/22 05:00 AM,8.2,44,0
03/15/22 06:00 AM,8.4,67,0
03/15/22 07:00 AM,9.1,65,0
03/15/22 08:00 AM,9.6,62,33
03/15/22 09:00 AM,10.6,100,73
03/15/22 10:00 AM,13.2,46,303
03/15/22 11:00 AM,15.9,30,553
03/15/22 12:00 PM,17.0,63,537
03/15/22 01:00 PM,18.7,54,605
03/15/22 02:00 PM,20.3,100,713
03/15/22 03:00 PM,19.6,100,261
03/15/22 04:00 PM,20.0,62,309
03/15/22 05:00 PM,20.0,36,208
03/15/22 06:00 PM,18.6,96,166
03/15/22 07:00 PM,15.7,94,10
03/15/22 08:00 PM,15.0,76,0
03/15/22 09:00 PM,14.9,15,0
03/15/22 10:00 PM,13.8,39,0
03/15/22 11:00 PM,13.8,68,0
03/16/22 12:00 AM,13.9,35,0
03/16/22 01:00 AM,13.7,65,0
03/16/22 02:00 AM,13.7,54,0
03/16/22 03:00 AM,13.5,9,0
03/16/22 04:00 AM,12.6,14,0
03/16/22 05:00 AM,11.9,13,0
03/16/22 06:00 AM,11.3,24,0
03/16/22 07:00 AM,11.4,0,1
03/16/22 08:00 AM,13.0,26,90
03/16/22 09:00 AM,14.5,36,261
03/16/22 10:00 AM,15.8,35,445
03/16/22 11:00 AM,17.2,27,595
03/16/22 12:00 PM,16.7,81,693
03/16/22 01:00 PM,16.6,95,224
03/16/22 02:00 PM,17.8,98,390
03/16/22 03:00 PM,16.5,81,341
03/16/22 04:00 PM,16.0,46,229
03/16/22 05:00 PM,15.3,64,242
03/16/22 06:00 PM,14.6,37,103
03/16/22 07:00 PM,14.1,69,20
03/16/22 08:00 PM,13.9,11,0
03/16/22 09:00 PM,13.3,8,0
03/16/22 10:00 PM,13.1,21,0
03/16/22 11:00 PM,12.9,29,0
03/17/22 12:00 AM,13.7,90,0
03/17/22 01:00 AM,13.4,88,0
03/17/22 02:00 AM,13.3,44,0
03/17/22 03:00 AM,12.7,52,0
03/17/22 04:00 AM,12.3,34,0
03/17/22 05:00 AM,12.1,46,0
03/17/22 06:00 AM,11.9,9,0
03/17/22 07:00 AM,11.7,33,1
03/17/22 08:00 AM,12.7,30,89
03/17/22 09:00 AM,14.3,18,268
03/17/22 10:00 AM,16.4,3,463
03/17/22 11:00 AM,18.1,0,624
03/17/22 12:00 PM,18.8,17,733
03/17/22 01:00 PM,20.1,14,777
03/17/22 02:00 PM,20.2,36,761
03/17/22 03:00 PM,21.3,52,680
03/17/22 04:00 PM,20.6,31,522
03/17/22 05:00 PM,19.9,31,362
03/17/22 06:00 PM,18.7,8,175
03/17/22 07:00 PM,17.0,3,25
03/17/22 08:00 PM,15.5,2,0
03/17/22 09:00 PM,14.4,1,0
03/17/22 10:00 PM,13.6,0,0
03/17/22 11:00 PM,13.0,0,0
03/18/22 12:00 AM,12.2,15,0
03/18/22 01:00 AM,11.6,24,0
03/18/22 02:00 AM,11.1,9,0
03/18/22 03:00 AM,10.5,14,0
03/18/22 04:00 AM,10.0,1,0
03/18/22 05:00 AM,9.7,0,0
03/18/22 06:00 AM,9.5,0,0
03/18/22 07:00 AM,9.3,0,2
03/18/22 08:00 AM,10.8,0,97
03/18/22 09:00 AM,13.1,0,287
03/18/22 10:00 AM,15.5,0,477
03/18/22 11:00 AM,17.6,0,634
03/18/22 12:00 PM,18.4,0,740
03/18/22 01:00 PM,19.5,0,785
03/18/22 02:00 PM,20.2,0,768
03/18/22 03:00 PM,20.5,0,688
03/18/22 04:00 PM,20.5,5,554
03/18/22 05:00 PM,20.0,14,370
03/18/22 06:00 PM,18.9,22,174
03/18/22 07:00 PM,17.7,34,23
03/18/22 08:00 PM,17.0,8,0
03/18/22 09:00 PM,16.0,2,0
03/18/22 10:00 PM,14.7,21,0
03/18/22 11:00 PM,13.8,21,0
03/19/22 12:00 AM,12.5,2,0
03/19/22 01:00 AM,11.7,0,0
03/19/22 02:00 AM,10.6,14,0
03/19/22 03:00 AM,12.6,23,0
03/19/22 04:00 AM,10.6,20,0
03/19/22 05:00 AM,10.8,32,0
03/19/22 06:00 AM,11.2,4,0
03/19/22 07:00 AM,10.8,0,2
03/19/22 08:00 AM,12.3,1,101
03/19/22 09:00 AM,14.1,12,291
03/19/22 10:00 AM,16.0,50,463
03/19/22 11:00 AM,17.2,12,541
03/19/22 12:00 PM,18.7,10,722
03/19/22 01:00 PM,19.3,36,759
03/19/22 02:00 PM,19.7,92,664
03/19/22 03:00 PM,19.6,67,415
03/19/22 04:00 PM,20.2,57,405
03/19/22 05:00 PM,19.7,56,234
03/19/22 06:00 PM,19.0,43,144
03/19/22 07:00 PM,17.6,52,25
03/19/22 08:00 PM,17.0,74,0
03/19/22 09:00 PM,16.0,46,0
03/19/22 10:00 PM,15.5,56,0
03/19/22 11:00 PM,14.7,46,0
03/20/22 12:00 AM,13.4,85,0
03/20/22 01:00 AM,12.9,100,0
03/20/22 02:00 AM,13.4,78,0
03/20/22 03:00 AM,13.3,81,0
03/20/22 04:00 AM,13.6,100,0
03/20/22 05:00 AM,13.6,100,0
03/20/22 06:00 AM,13.1,90,0
03/20/22 07:00 AM,12.7,86,1
03/20/22 08:00 AM,13.0,71,48
03/20/22 09:00 AM,14.1,76,208
03/20/22 10:00 AM,13.9,100,237
03/20/22 11:00 AM,14.9,98,260
03/20/22 12:00 PM,15.8,64,237
03/20/22 01:00 PM,15.8,100,568
03/20/22 02:00 PM,13.9,100,209
03/20/22 03:00 PM,14.2,100,195
03/20/22 04:00 PM,13.0,100,158
03/20/22 05:00 PM,12.4,100,37
03/20/22 06:00 PM,12.6,100,62
03/20/22 07:00 PM,12.3,100,16
03/20/22 08:00 PM,11.9,87,0
03/20/22 09:00 PM,11.7,100,0
03/20/22 10:00 PM,11.8,100,0
03/20/22 11:00 PM,11.4,100,0
03/21/22 12:00 AM,11.2,100,0
03/21/22 01:00 AM,11.3,100,0
03/21/22 02:00 AM,11.0,100,0
03/21/22 03:00 AM,10.7,98,0
03/21/22 04:00 AM,10.9,100,0
03/21/22 05:00 AM,10.9,100,0
03/21/22 06:00 AM,10.9,100,0
03/21/22 07:00 AM,10.9,100,2
03/21/22 08:00 AM,11.0,100,53
03/21/22 09:00 AM,11.5,100,109
03/21/22 10:00 AM,12.0,88,235
03/21/22 11:00 AM,13.1,100,346
03/21/22 12:00 PM,15.2,38,380
03/21/22 01:00 PM,16.6,100,672
03/21/22 02:00 PM,16.4,100,587
03/21/22 03:00 PM,15.2,34,338
03/21/22 04:00 PM,15.2,18,437
03/21/22 05:00 PM,14.8,23,366
03/21/22 06:00 PM,14.1,38,193
03/21/22 07:00 PM,12.4,33,29
03/21/22 08:00 PM,11.5,30,0
03/21/22 09:00 PM,10.9,32,0
03/21/22 10:00 PM,10.3,21,0
03/21/22 11:00 PM,9.0,42,0
03/22/22 12:00 AM,11.2,49,0
03/22/22 01:00 AM,11.7,70,0
03/22/22 02:00 AM,11.9,98,0
03/22/22 03:00 AM,12.6,100,0
03/22/22 04:00 AM,12.9,99,0
03/22/22 05:00 AM,12.6,74,0
03/22/22 06:00 AM,12.5,86,0
03/22/22 07:00 AM,12.7,83,2
03/22/22 08:00 AM,13.6,25,55
03/22/22 09:00 AM,14.5,28,283
03/22/22 10:00 AM,15.1,30,422
03/22/22 11:00 AM,15.6,24,578
03/22/22 12:00 PM,14.8,100,730
03/22/22 01:00 PM,16.1,48,547
03/22/22 02:00 PM,16.5,38,687
03/22/22 03:00 PM,16.8,33,694
03/22/22 04:00 PM,16.2,44,519
03/22/22 05:00 PM,15.4,100,258
03/22/22 06:00 PM,14.3,98,102
03/22/22 07:00 PM,13.2,91,12
03/22/22 08:00 PM,13.0,89,0
03/22/22 09:00 PM,12.8,91,0
03/22/22 10:00 PM,12.9,100,0
03/22/22 11:00 PM,12.9,100,0
03/23/22 12:00 AM,12.8,100,0
03/23/22 01:00 AM,12.8,90,0
03/23/22 02:00 AM,12.2,100,0
03/23/22 03:00 AM,12.2,100,0
03/23/22 04:00 AM,11.9,100,0
03/23/22 05:00 AM,11.7,100,0
03/23/22 06:00 AM,11.8,100,0
03/23/22 07:00 AM,11.5,92,1
03/23/22 08:00 AM,11.5,100,16
03/23/22 09:00 AM,11.5,100,27
03/23/22 10:00 AM,11.6,99,34
03/23/22 11:00 AM,12.2,100,158
03/23/22 12:00 PM,13.0,100,101
03/23/22 01:00 PM,13.1,100,94
03/23/22 02:00 PM,13.4,98,144
03/23/22 03:00 PM,13.0,95,132
03/23/22 04:00 PM,13.9,50,191
03/23/22 05:00 PM,14.4,66,336
03/23/22 06:00 PM,14.0,98,149
03/23/22 07:00 PM,13.2,90,21
03/23/22 08:00 PM,13.2,57,0
03/23/22 09:00 PM,12.7,38,0
03/23/22 10:00 PM,12.7,42,0
03/23/22 11:00 PM,12.4,53,0
03/24/22 12:00 AM,11.5,100,0
03/24/22 01:00 AM,11.8,93,0
03/24/22 02:00 AM,11.7,100,0
03/24/22 03:00 AM,11.4,94,0
03/24/22 04:00 AM,11.1,80,0
03/24/22 05:00 AM,11.0,75,0
03/24/22 06:00 AM,10.6,100,0
03/24/22 07:00 AM,10.9,91,3
03/24/22 08:00 AM,11.5,62,60
03/24/22 09:00 AM,13.0,100,238
03/24/22 10:00 AM,14.8,100,368
03/24/22 11:00 AM,15.8,97,399
03/24/22 12:00 PM,14.1,100,333
03/24/22 01:00 PM,14.9,100,255
03/24/22 02:00 PM,15.6,91,268
03/24/22 03:00 PM,16.5,81,291
03/24/22 04:00 PM,17.8,64,500
03/24/22 05:00 PM,15.9,65,243
03/24/22 06:00 PM,14.6,100,116
03/24/22 07:00 PM,13.9,90,14
03/24/22 08:00 PM,13.2,31,0
03/24/22 09:00 PM,12.3,14,0
03/24/22 10:00 PM,12.1,35,0
03/24/22 11:00 PM,11.8,46,0
03/25/22 12:00 AM,11.7,31,0
03/25/22 01:00 AM,11.7,65,0
03/25/22 02:00 AM,11.9,90,0
03/25/22 03:00 AM,12.1,90,0
03/25/22 04:00 AM,12.1,90,0
03/25/22 05:00 AM,12.5,79,0
03/25/22 06:00 AM,12.4,30,0
03/25/22 07:00 AM,11.9,57,7
03/25/22 08:00 AM,12.9,89,56
03/25/22 09:00 AM,13.4,90,84
03/25/22 10:00 AM,13.9,84,118
03/25/22 11:00 AM,16.4,79,442
03/25/22 12:00 PM,15.4,56,485
03/25/22 01:00 PM,18.9,95,633
03/25/22 02:00 PM,18.4,90,251
03/25/22 03:00 PM,19.5,71,466
03/25/22 04:00 PM,18.9,86,320
03/25/22 05:00 PM,18.3,38,143
03/25/22 06:00 PM,17.4,100,191
03/25/22 07:00 PM,16.0,51,16
03/25/22 08:00 PM,13.8,67,0
03/25/22 09:00 PM,13.2,48,0
03/25/22 10:00 PM,12.1,64,0
03/25/22 11:00 PM,11.7,68,0
03/26/22 12:00 AM,12.8,87,0
03/26/22 01:00 AM,12.6,29,0
03/26/22 02:00 AM,11.4,0,0
03/26/22 03:00 AM,10.8,3,0
03/26/22 04:00 AM,10.4,8,0
03/26/22 05:00 AM,9.6,0,0
03/26/22 06:00 AM,9.8,24,0
03/26/22 07:00 AM,10.2,25,9
03/26/22 08:00 AM,11.7,4,130
03/26/22 09:00 AM,13.1,0,329
03/26/22 10:00 AM,14.7,4,519
03/26/22 11:00 AM,16.1,18,674
03/26/22 12:00 PM,17.3,27,687
03/26/22 01:00 PM,18.3,29,751
03/26/22 02:00 PM,19.1,39,726
03/26/22 03:00 PM,19.6,55,525
03/26/22 04:00 PM,19.1,75,294
03/26/22 05:00 PM,18.5,10,258
03/26/22 06:00 PM,17.8,16,189
03/26/22 07:00 PM,16.4,4,36
03/26/22 08:00 PM,15.1,1,0
03/26/22 09:00 PM,13.2,0,0
03/26/22 10:00 PM,14.6,0,0
03/26/22 11:00 PM,12.9,4,0
03/27/22 12:00 AM,12.3,0,0
03/27/22 01:00 AM,11.8,3,0
03/27/22 02:00 AM,11.3,31,0
03/27/22 03:00 AM,11.1,30,0
03/27/22 04:00 AM,10.9,30,0
03/27/22 05:00 AM,11.0,30,0
03/27/22 06:00 AM,11.4,30,0
03/27/22 07:00 AM,11.5,30,9
03/27/22 08:00 AM,13.1,30,129
03/27/22 09:00 AM,14.4,30,289
03/27/22 10:00 AM,16.0,30,468
03/27/22 11:00 AM,17.7,28,669
03/27/22 12:00 PM,19.7,30,784
03/27/22 01:00 PM,20.6,100,802
03/27/22 02:00 PM,20.6,100,531
03/27/22 03:00 PM,21.2,48,533
03/27/22 04:00 PM,21.5,57,458
03/27/22 05:00 PM,20.9,34,358
03/27/22 06:00 PM,19.7,34,154
03/27/22 07:00 PM,17.9,31,24
03/27/22 08:00 PM,16.5,32,0
03/27/22 09:00 PM,16.0,50,0
03/27/22 10:00 PM,15.9,87,0
03/27/22 11:00 PM,15.5,90,0
03/28/22 12:00 AM,14.9,67,0
03/28/22 01:00 AM,14.3,73,0
03/28/22 02:00 AM,13.9,77,0
03/28/22 03:00 AM,14.1,85,0
03/28/22 04:00 AM,14.0,43,0
03/28/22 05:00 AM,13.8,75,0
03/28/22 06:00 AM,13.3,90,0
03/28/22 07:00 AM,13.1,90,5
03/28/22 08:00 AM,13.5,82,44
03/28/22 09:00 AM,14.3,90,128
03/28/22 10:00 AM,15.6,65,289
03/28/22 11:00 AM,17.0,9,464
03/28/22 12:00 PM,19.7,35,740
03/28/22 01:00 PM,21.2,53,797
03/28/22 02:00 PM,21.5,50,632
03/28/22 03:00 PM,22.2,90,684
03/28/22 04:00 PM,21.8,79,356
03/28/22 05:00 PM,21.4,54,265
03/28/22 06:00 PM,19.5,96,155
03/28/22 07:00 PM,16.6,40,20
03/28/22 08:00 PM,15.4,38,0
03/28/22 09:00 PM,15.8,58,0
03/28/22 10:00 PM,15.1,16,0
03/28/22 11:00 PM,14.2,36,0
03/29/22 12:00 AM,12.9,22,0
03/29/22 01:00 AM,11.3,39,0
03/29/22 02:00 AM,12.5,100,0
03/29/22 03:00 AM,13.2,100,0
03/29/22 04:00 AM,13.2,81,0
03/29/22 05:00 AM,12.6,54,0
03/29/22 06:00 AM,12.0,57,0
03/29/22 07:00 AM,12.1,81,11
03/29/22 08:00 AM,13.3,78,109
03/29/22 09:00 AM,14.5,52,255
03/29/22 10:00 AM,15.8,45,358
03/29/22 11:00 AM,17.3,62,496
03/29/22 12:00 PM,17.9,56,526
03/29/22 01:00 PM,17.4,70,548
03/29/22 02:00 PM,17.4,28,397
03/29/22 03:00 PM,18.2,49,549
03/29/22 04:00 PM,18.1,8,485
03/29/22 05:00 PM,17.7,14,400
03/29/22 06:00 PM,15.7,3,208
03/29/22 07:00 PM,14.2,6,44
03/29/22 08:00 PM,13.2,15,0
03/29/22 09:00 PM,12.7,10,0
03/29/22 10:00 PM,12.4,18,0
03/29/22 11:00 PM,12.2,31,0
03/30/22 12:00 AM,12.4,39,0
03/30/22 01:00 AM,12.2,26,0
03/30/22 02:00 AM,11.8,37,0
03/30/22 03:00 AM,11.7,50,0
03/30/22 04:00 AM,11.6,40,0
03/30/22 05:00 AM,11.4,21,0
03/30/22 06:00 AM,11.4,14,0
03/30/22 07:00 AM,11.4,6,14
03/30/22 08:00 AM,12.5,23,156
03/30/22 09:00 AM,13.8,20,343
03/30/22 10:00 AM,15.1,42,534
03/30/22 11:00 AM,16.1,69,644
03/30/22 12:00 PM,17.0,47,609
03/30/22 01:00 PM,16.5,33,607
03/30/22 02:00 PM,17.0,35,722
03/30/22 03:00 PM,16.6,19,618
03/30/22 04:00 PM,16.0,19,562
03/30/22 05:00 PM,15.5,25,408
03/30/22 06:00 PM,14.5,31,206
03/30/22 07:00 PM,13.2,65,40
03/30/22 08:00 PM,12.9,100,0
03/30/22 09:00 PM,13.2,70,0
03/30/22 10:00 PM,13.0,95,0
03/30/22 11:00 PM,12.7,80,0
03/31/22 12:00 AM,13.0,100,0
03/31/22 01:00 AM,13.7,68,0
03/31/22 02:00 AM,12.6,69,0
03/31/22 03:00 AM,12.0,71,0
03/31/22 04:00 AM,11.9,74,0
03/31/22 05:00 AM,11.5,67,0
03/31/22 06:00 AM,11.5,47,0
03/31/22 07:00 AM,11.4,57,13
03/31/22 08:00 AM,12.7,41,127
03/31/22 09:00 AM,13.8,72,295
03/31/22 10:00 AM,14.6,52,371
03/31/22 11:00 AM,15.7,52,540
03/31/22 12:00 PM,15.9,93,643
03/31/22 01:00 PM,15.5,100,421
03/31/22 02:00 PM,14.7,98,301
03/31/22 03:00 PM,15.5,100,490
03/31/22 04:00 PM,15.2,56,387
03/31/22 05:00 PM,15.0,55,339
03/31/22 06:00 PM,14.2,41,181
03/31/22 07:00 PM,13.2,12,44
03/31/22 08:00 PM,12.4,19,0
03/31/22 09:00 PM,12.1,21,0
03/31/22 10:00 PM,11.9,5,0
03/31/22 11:00 PM,11.6,11,0
04/01/22 12:00 AM,11.7,24,0
04/01/22 01:00 AM,11.8,37,0
04/01/22 02:00 AM,11.7,22,0
04/01/22 03:00 AM,11.5,14,0
04/01/22 04:00 AM,11.1,23,0
04/01/22 05:00 AM,10.8,9,0
04/01/22 06:00 AM,10.7,2,0
04/01/22 07:00 AM,10.8,2,18
04/01/22 08:00 AM,12.0,4,167
04/01/22 09:00 AM,12.8,36,372
04/01/22 10:00 AM,13.7,19,565
04/01/22 11:00 AM,14.6,24,723
04/01/22 12:00 PM,15.4,28,826
04/01/22 01:00 PM,16.0,13,858
04/01/22 02:00 PM,16.4,23,845
04/01/22 03:00 PM,16.6,13,747
04/01/22 04:00 PM,16.5,4,617
04/01/22 05:00 PM,16.0,0,437
04/01/22 06:00 PM,15.0,3,234
04/01/22 07:00 PM,12.7,0,52
04/01/22 08:00 PM,11.8,0,0
04/01/22 09:00 PM,11.0,0,0
04/01/22 10:00 PM,10.4,0,0
04/01/22 11:00 PM,9.7,2,0
04/02/22 12:00 AM,9.5,2,0
04/02/22 01:00 AM,8.8,1,0
04/02/22 02:00 AM,8.2,8,0
04/02/22 03:00 AM,7.7,1,0
04/02/22 04:00 AM,7.1,2,0
04/02/22 05:00 AM,6.4,2,0
04/02/22 06:00 AM,5.7,0,0
04/02/22 07:00 AM,6.1,1,21
04/02/22 08:00 AM,8.1,5,179
04/02/22 09:00 AM,10.4,7,388
04/02/22 10:00 AM,12.8,3,582
04/02/22 11:00 AM,15.1,8,740
04/02/22 12:00 PM,16.5,30,843
04/02/22 01:00 PM,17.1,30,868
04/02/22 02:00 PM,17.4,30,795
04/02/22 03:00 PM,17.5,30,708
04/02/22 04:00 PM,17.3,30,550
04/02/22 05:00 PM,16.7,30,377
04/02/22 06:00 PM,15.6,30,218
04/02/22 07:00 PM,13.6,30,51
04/02/22 08:00 PM,12.7,30,0
04/02/22 09:00 PM,11.7,30,0
04/02/22 10:00 PM,11.0,30,0
04/02/22 11:00 PM,10.3,30,0
04/03/22 12:00 AM,9.4,30,0
04/03/22 01:00 AM,9.0,30,0
04/03/22 02:00 AM,8.4,21,0
04/03/22 03:00 AM,7.5,18,0
04/03/22 04:00 AM,7.1,18,0
04/03/22 05:00 AM,6.8,23,0
04/03/22 06:00 AM,6.6,13,0
04/03/22 07:00 AM,6.6,20,23
04/03/22 08:00 AM,8.2,24,182
04/03/22 09:00 AM,10.2,30,391
04/03/22 10:00 AM,11.9,30,555
04/03/22 11:00 AM,13.5,22,727
04/03/22 12:00 PM,15.1,14,853
04/03/22 01:00 PM,15.8,19,890
04/03/22 02:00 PM,16.3,30,868
04/03/22 03:00 PM,16.5,30,774
04/03/22 04:00 PM,16.4,30,608
04/03/22 05:00 PM,15.6,31,377
04/03/22 06:00 PM,14.5,30,200
04/03/22 07:00 PM,13.1,18,52
04/03/22 08:00 PM,12.0,12,0
04/03/22 09:00 PM,10.7,28,0
04/03/22 10:00 PM,10.0,36,0
04/03/22 11:00 PM,9.8,7,0
04/04/22 12:00 AM,9.5,0,0
04/04/22 01:00 AM,9.1,7,0
04/04/22 02:00 AM,8.7,39,0
04/04/22 03:00 AM,8.4,31,0
04/04/22 04:00 AM,8.1,32,0
04/04/22 05:00 AM,7.6,34,0
04/04/22 06:00 AM,7.1,34,0
04/04/22 07:00 AM,7.3,30,22
04/04/22 08:00 AM,8.5,53,144
04/04/22 09:00 AM,10.0,52,333
04/04/22 10:00 AM,11.5,75,498
04/04/22 11:00 AM,13.1,71,711
04/04/22 12:00 PM,14.1,26,755
04/04/22 01:00 PM,15.6,90,822
04/04/22 02:00 PM,15.7,83,663
04/04/22 03:00 PM,16.2,90,605
04/04/22 04:00 PM,16.5,90,446
04/04/22 05:00 PM,15.6,88,201
04/04/22 06:00 PM,14.2,90,141
04/04/22 07:00 PM,13.8,90,28
04/04/22 08:00 PM,13.2,90,0
04/04/22 09:00 PM,12.7,90,0
04/04/22 10:00 PM,12.4,90,0
04/04/22 11:00 PM,12.1,90,0
04/05/22 12:00 AM,11.8,70,0
04/05/22 01:00 AM,11.9,93,0
04/05/22 02:00 AM,11.7,100,0
04/05/22 03:00 AM,11.4,100,0
04/05/22 04:00 AM,10.7,98,0
04/05/22 05:00 AM,9.8,100,0
04/05/22 06:00 AM,8.7,100,0
04/05/22 07:00 AM,8.3,100,5
04/05/22 08:00 AM,8.3,100,56
04/05/22 09:00 AM,8.3,100,77
04/05/22 10:00 AM,8.5,100,100
04/05/22 11:00 AM,9.2,100,200
04/05/22 12:00 PM,10.3,100,174
04/05/22 01:00 PM,10.4,100,228
04/05/22 02:00 PM,11.4,100,240
04/05/22 03:00 PM,12.0,100,222
04/05/22 04:00 PM,11.7,100,97
04/05/22 05:00 PM,12.0,98,157
04/05/22 06:00 PM,11.9,87,163
04/05/22 07:00 PM,11.0,68,49
04/05/22 08:00 PM,10.5,100,0
04/05/22 09:00 PM,10.8,100,0
04/05/22 10:00 PM,9.5,20,0
04/05/22 11:00 PM,8.8,58,0
04/06/22 12:00 AM,9.8,90,0
04/06/22 01:00 AM,9.5,100,0
04/06/22 02:00 AM,9.4,68,0
04/06/22 03:00 AM,9.5,60,0
04/06/22 04:00 AM,9.4,18,0
04/06/22 05:00 AM,7.4,62,0
04/06/22 06:00 AM,7.5,0,0
04/06/22 07:00 AM,8.3,2,27
04/06/22 08:00 AM,11.1,0,185
04/06/22 09:00 AM,13.2,0,391
04/06/22 10:00 AM,14.7,2,586
04/06/22 11:00 AM,15.9,3,743
04/06/22 12:00 PM,17.3,1,844
04/06/22 01:00 PM,18.6,39,885
04/06/22 02:00 PM,18.5,4,765
04/06/22 03:00 PM,18.6,1,754
04/06/22 04:00 PM,18.1,0,641
04/06/22 05:00 PM,16.8,11,458
04/06/22 06:00 PM,15.4,15,238
04/06/22 07:00 PM,13.8,7,57
04/06/22 08:00 PM,12.8,12,0
04/06/22 09:00 PM,12.0,5,0
04/06/22 10:00 PM,11.1,1,0
04/06/22 11:00 PM,10.5,17,0
04/07/22 12:00 AM,10.6,50,0
04/07/22 01:00 AM,11.1,89,0
04/07/22 02:00 AM,11.7,90,0
04/07/22 03:00 AM,12.0,93,0
04/07/22 04:00 AM,12.0,94,0
04/07/22 05:00 AM,12.1,91,0
04/07/22 06:00 AM,11.9,90,0
04/07/22 07:00 AM,12.2,90,20
04/07/22 08:00 AM,13.3,36,110
04/07/22 09:00 AM,14.9,90,342
04/07/22 10:00 AM,15.5,90,324
04/07/22 11:00 AM,16.2,90,378
04/07/22 12:00 PM,16.4,90,532
04/07/22 01:00 PM,16.8,90,491
04/07/22 02:00 PM,17.0,90,533
04/07/22 03:00 PM,16.8,89,461
04/07/22 04:00 PM,16.4,88,378
04/07/22 05:00 PM,15.8,90,295
04/07/22 06:00 PM,14.8,79,166
04/07/22 07:00 PM,13.7,13,50
04/07/22 08:00 PM,12.4,16,0
04/07/22 09:00 PM,11.8,20,0
04/07/22 10:00 PM,11.0,34,0
04/07/22 11:00 PM,10.3,63,0
04/08/22 12:00 AM,11.4,44,0
04/08/22 01:00 AM,11.7,29,0
04/08/22 02:00 AM,11.5,38,0
04/08/22 03:00 AM,10.6,67,0
04/08/22 04:00 AM,11.8,46,0
04/08/22 05:00 AM,11.4,63,0
04/08/22 06:00 AM,11.6,64,0
04/08/22 07:00 AM,12.7,97,26
04/08/22 08:00 AM,14.7,100,178
04/08/22 09:00 AM,15.8,100,329
04/08/22 10:00 AM,16.5,98,406
04/08/22 11:00 AM,17.2,100,553
04/08/22 12:00 PM,16.9,100,651
04/08/22 01:00 PM,17.2,100,574
04/08/22 02:00 PM,17.4,100,635
04/08/22 03:00 PM,17.0,100,389
04/08/22 04:00 PM,16.8,100,347
04/08/22 05:00 PM,16.1,100,143
04/08/22 06:00 PM,15.9,92,112
04/08/22 07:00 PM,15.0,19,44
04/08/22 08:00 PM,13.8,10,0
04/08/22 09:00 PM,13.4,4,0
04/08/22 10:00 PM,13.3,11,0
04/08/22 11:00 PM,13.3,20,0
04/09/22 12:00 AM,13.6,48,0
04/09/22 01:00 AM,13.6,56,0
04/09/22 02:00 AM,13.5,80,0
04/09/22 03:00 AM,13.5,100,0
04/09/22 04:00 AM,14.1,100,0
04/09/22 05:00 AM,14.0,36,0
04/09/22 06:00 AM,13.7,52,0
04/09/22 07:00 AM,14.2,92,30
04/09/22 08:00 AM,15.7,78,128
04/09/22 09:00 AM,16.6,81,285
04/09/22 10:00 AM,16.7,100,340
04/09/22 11:00 AM,16.9,100,286
04/09/22 12:00 PM,17.4,100,362
04/09/22 01:00 PM,17.3,100,389
04/09/22 02:00 PM,17.0,99,322
04/09/22 03:00 PM,16.8,100,278
04/09/22 04:00 PM,16.4,100,181
04/09/22 05:00 PM,16.2,91,123
04/09/22 06:00 PM,16.2,91,146
04/09/22 07:00 PM,15.0,95,52
04/09/22 08:00 PM,13.8,50,0
04/09/22 09:00 PM,13.0,28,0
04/09/22 10:00 PM,13.2,25,0
04/09/22 11:00 PM,11.3,23,0
04/10/22 12:00 AM,11.6,0,0
04/10/22 01:00 AM,11.3,0,0
04/10/22 02:00 AM,10.5,100,0
04/10/22 03:00 AM,11.3,100,0
04/10/22 04:00 AM,11.6,100,0
04/10/22 05:00 AM,11.4,100,0
04/10/22 06:00 AM,11.2,100,0
04/10/22 07:00 AM,11.3,100,18
04/10/22 08:00 AM,12.1,90,103
04/10/22 09:00 AM,13.0,90,211
04/10/22 10:00 AM,14.6,66,420
04/10/22 11:00 AM,15.3,32,639
04/10/22 12:00 PM,17.9,2,822
04/10/22 01:00 PM,18.6,0,899
04/10/22 02:00 PM,18.6,9,881
04/10/22 03:00 PM,18.2,30,788
04/10/22 04:00 PM,17.4,29,627
04/10/22 05:00 PM,16.5,26,445
04/10/22 06:00 PM,15.5,42,253
04/10/22 07:00 PM,14.8,33,65
04/10/22 08:00 PM,14.4,30,0
04/10/22 09:00 PM,14.4,48,0
04/10/22 10:00 PM,14.5,100,0
04/10/22 11:00 PM,14.9,100,0
04/11/22 12:00 AM,15.0,100,0
04/11/22 01:00 AM,15.0,100,0
04/11/22 02:00 AM,14.7,100,0
04/11/22 03:00 AM,14.4,100,0
04/11/22 04:00 AM,14.1,100,0
04/11/22 05:00 AM,14.1,100,0
04/11/22 06:00 AM,13.7,100,0
04/11/22 07:00 AM,14.1,100,6
04/11/22 08:00 AM,14.4,63,46
04/11/22 09:00 AM,15.1,16,303
04/11/22 10:00 AM,15.6,51,495
04/11/22 11:00 AM,16.2,58,598
04/11/22 12:00 PM,15.1,73,684
04/11/22 01:00 PM,15.8,61,324
04/11/22 02:00 PM,16.2,12,391
04/11/22 03:00 PM,16.9,10,727
04/11/22 04:00 PM,16.6,20,616
04/11/22 05:00 PM,15.8,18,419
04/11/22 06:00 PM,15.0,28,226
04/11/22 07:00 PM,13.9,26,65
04/11/22 08:00 PM,13.6,60,0
04/11/22 09:00 PM,13.0,100,0
04/11/22 10:00 PM,12.6,100,0
04/11/22 11:00 PM,12.5,100,0
04/12/22 12:00 AM,12.6,77,0
04/12/22 01:00 AM,12.4,100,0
04/12/22 02:00 AM,12.0,100,0
04/12/22 03:00 AM,12.2,40,0
04/12/22 04:00 AM,11.7,38,0
04/12/22 05:00 AM,11.5,69,0
04/12/22 06:00 AM,11.2,67,0
04/12/22 07:00 AM,11.7,100,22
04/12/22 08:00 AM,12.6,25,112
04/12/22 09:00 AM,14.5,24,404
04/12/22 10:00 AM,15.8,23,554
04/12/22 11:00 AM,16.5,44,685
04/12/22 12:00 PM,15.9,81,710
04/12/22 01:00 PM,17.4,52,715
04/12/22 02:00 PM,17.6,32,724
04/12/22 03:00 PM,17.5,17,653
04/12/22 04:00 PM,17.1,16,577
04/12/22 05:00 PM,16.7,4,422
04/12/22 06:00 PM,15.7,6,255
04/12/22 07:00 PM,14.3,23,72
04/12/22 08:00 PM,13.3,45,0
04/12/22 09:00 PM,13.0,36,0
04/12/22 10:00 PM,12.2,7,0
04/12/22 11:00 PM,11.8,11,0
04/13/22 12:00 AM,11.5,4,0
04/13/22 01:00 AM,11.4,10,0
04/13/22 02:00 AM,11.5,35,0
04/13/22 03:00 AM,11.4,77,0
04/13/22 04:00 AM,11.3,62,0
04/13/22 05:00 AM,11.5,47,0
04/13/22 06:00 AM,11.5,68,0
04/13/22 07:00 AM,12.1,39,42
04/13/22 08:00 AM,13.6,60,192
04/13/22 09:00 AM,14.7,59,336
04/13/22 10:00 AM,16.0,58,437
04/13/22 11:00 AM,17.1,89,528
04/13/22 12:00 PM,17.8,90,514
04/13/22 01:00 PM,19.0,50,676
04/13/22 02:00 PM,19.2,90,612
04/13/22 03:00 PM,19.5,52,470
04/13/22 04:00 PM,19.2,77,525
04/13/22 05:00 PM,17.1,40,276
04/13/22 06:00 PM,16.0,8,204
04/13/22 07:00 PM,14.8,2,75
04/13/22 08:00 PM,13.8,12,0
04/13/22 09:00 PM,13.1,19,0
04/13/22 10:00 PM,12.6,29,0
04/13/22 11:00 PM,12.2,34,0
04/14/22 12:00 AM,12.0,15,0
04/14/22 01:00 AM,11.9,25,0
04/14/22 02:00 AM,11.9,18,0
04/14/22 03:00 AM,11.9,22,0
04/14/22 04:00 AM,11.8,13,0
04/14/22 05:00 AM,11.6,6,0
04/14/22 06:00 AM,11.4,18,0
04/14/22 07:00 AM,11.9,19,49
04/14/22 08:00 AM,13.6,22,221
04/14/22 09:00 AM,15.5,2,429
04/14/22 10:00 AM,17.5,1,621
04/14/22 11:00 AM,19.3,0,769
04/14/22 12:00 PM,20.6,0,865
04/14/22 01:00 PM,21.7,0,900
04/14/22 02:00 PM,22.5,0,874
04/14/22 03:00 PM,22.7,2,786
04/14/22 04:00 PM,22.4,4,642
04/14/22 05:00 PM,21.4,0,461
04/14/22 06:00 PM,19.3,1,264
04/14/22 07:00 PM,16.7,0,78
04/14/22 08:00 PM,15.1,0,0
04/14/22 09:00 PM,14.1,0,0
04/14/22 10:00 PM,13.3,0,0
04/14/22 11:00 PM,12.8,0,0
04/15/22 12:00 AM,12.5,2,0
04/15/22 01:00 AM,12.2,0,0
04/15/22 02:00 AM,11.8,0,0
04/15/22 03:00 AM,11.5,0,0
04/15/22 04:00 AM,11.3,0,0
04/15/22 05:00 AM,11.2,0,0
04/15/22 06:00 AM,10.9,0,0
04/15/22 07:00 AM,11.7,0,52
04/15/22 08:00 AM,13.7,0,230
04/15/22 09:00 AM,16.1,0,435
04/15/22 10:00 AM,18.5,0,622
04/15/22 11:00 AM,20.9,0,771
04/15/22 12:00 PM,22.9,0,870
04/15/22 01:00 PM,24.4,0,907
04/15/22 02:00 PM,24.7,0,881
04/15/22 03:00 PM,25.0,0,794
04/15/22 04:00 PM,25.1,0,654
04/15/22 05:00 PM,24.8,0,473
04/15/22 06:00 PM,22.9,0,271
04/15/22 07:00 PM,19.6,0,81
04/15/22 08:00 PM,17.4,0,1
04/15/22 09:00 PM,16.1,0,0
04/15/22 10:00 PM,15.2,0,0
04/15/22 11:00 PM,14.4,0,0
04/16/22 12:00 AM,13.8,0,0
04/16/22 01:00 AM,13.4,0,0
04/16/22 02:00 AM,13.0,0,0
04/16/22 03:00 AM,12.8,1,0
04/16/22 04:00 AM,12.5,5,0
04/16/22 05:00 AM,12.3,29,0
04/16/22 06:00 AM,12.2,2,0
04/16/22 07:00 AM,12.9,0,54
04/16/22 08:00 AM,15.1,0,232
04/16/22 09:00 AM,17.8,0,435
04/16/22 10:00 AM,20.8,4,621
04/16/22 11:00 AM,23.3,0,769
04/16/22 12:00 PM,25.4,7,867
04/16/22 01:00 PM,26.4,14,905
04/16/22 02:00 PM,26.7,19,877
04/16/22 03:00 PM,26.5,26,792
04/16/22 04:00 PM,26.2,20,656
04/16/22 05:00 PM,25.5,30,471
04/16/22 06:00 PM,23.9,29,263
04/16/22 07:00 PM,20.4,29,80
04/16/22 08:00 PM,17.5,30,1
04/16/22 09:00 PM,15.9,4,0
04/16/22 10:00 PM,14.9,5,0
04/16/22 11:00 PM,14.1,8,0
04/17/22 12:00 AM,13.8,7,0
04/17/22 01:00 AM,13.2,14,0
04/17/22 02:00 AM,12.7,26,0
04/17/22 03:00 AM,12.5,30,0
04/17/22 04:00 AM,12.5,31,0
04/17/22 05:00 AM,12.3,30,0
04/17/22 06:00 AM,12.1,29,0
04/17/22 07:00 AM,12.8,27,58
04/17/22 08:00 AM,14.5,42,242
04/17/22 09:00 AM,16.0,31,413
04/17/22 10:00 AM,17.5,33,512
04/17/22 11:00 AM,19.3,31,725
04/17/22 12:00 PM,20.2,30,823
04/17/22 01:00 PM,21.5,30,838
04/17/22 02:00 PM,21.9,30,807
04/17/22 03:00 PM,21.5,30,681
04/17/22 04:00 PM,21.3,30,605
04/17/22 05:00 PM,20.4,28,437
04/17/22 06:00 PM,18.7,30,274
04/17/22 07:00 PM,16.9,25,75
04/17/22 08:00 PM,15.6,11,1
04/17/22 09:00 PM,15.0,7,0
04/17/22 10:00 PM,14.4,7,0
04/17/22 11:00 PM,14.1,0,0
04/18/22 12:00 AM,13.9,9,0
04/18/22 01:00 AM,13.9,15,0
04/18/22 02:00 AM,13.8,2,0
04/18/22 03:00 AM,13.6,9,0
04/18/22 04:00 AM,13.3,90,0
04/18/22 05:00 AM,13.1,90,0
04/18/22 06:00 AM,13.6,90,0
04/18/22 07:00 AM,13.9,90,42
04/18/22 08:00 AM,14.9,58,193
04/18/22 09:00 AM,16.5,31,418
04/18/22 10:00 AM,17.7,5,603
04/18/22 11:00 AM,18.5,4,769
04/18/22 12:00 PM,19.3,3,869
04/18/22 01:00 PM,19.6,1,913
04/18/22 02:00 PM,19.3,1,890
04/18/22 03:00 PM,18.5,14,803
04/18/22 04:00 PM,17.3,17,658
04/18/22 05:00 PM,16.6,8,458
04/18/22 06:00 PM,15.4,58,269
04/18/22 07:00 PM,14.4,2,84
04/18/22 08:00 PM,13.5,40,1
04/18/22 09:00 PM,13.1,0,0
04/18/22 10:00 PM,12.8,2,0
04/18/22 11:00 PM,12.6,1,0
04/19/22 12:00 AM,12.4,32,0
04/19/22 01:00 AM,12.3,48,0
04/19/22 02:00 AM,12.3,54,0
04/19/22 03:00 AM,12.3,56,0
04/19/22 04:00 AM,12.5,60,0
04/19/22 05:00 AM,12.4,52,0
04/19/22 06:00 AM,12.0,18,0
04/19/22 07:00 AM,12.5,35,62
04/19/22 08:00 AM,13.6,21,231
04/19/22 09:00 AM,14.6,16,428
04/19/22 10:00 AM,15.4,2,618
04/19/22 11:00 AM,16.5,5,786
04/19/22 12:00 PM,17.2,14,888
04/19/22 01:00 PM,17.3,10,895
04/19/22 02:00 PM,17.3,10,862
04/19/22 03:00 PM,16.9,2,790
04/19/22 04:00 PM,16.0,12,675
04/19/22 05:00 PM,15.1,2,474
04/19/22 06:00 PM,14.7,14,283
04/19/22 07:00 PM,13.2,5,88
04/19/22 08:00 PM,12.4,0,2
04/19/22 09:00 PM,12.0,2,0
04/19/22 10:00 PM,11.8,6,0
04/19/22 11:00 PM,11.7,15,0
04/20/22 12:00 AM,11.2,2,0
04/20/22 01:00 AM,11.1,8,0
04/20/22 02:00 AM,11.0,29,0
04/20/22 03:00 AM,11.1,17,0
04/20/22 04:00 AM,11.0,34,0
04/20/22 05:00 AM,10.6,23,0
04/20/22 06:00 AM,10.5,15,0
04/20/22 07:00 AM,11.3,6,63
04/20/22 08:00 AM,12.8,4,247
04/20/22 09:00 AM,14.0,8,456
04/20/22 10:00 AM,14.9,13,615
04/20/22 11:00 AM,15.7,10,730
04/20/22 12:00 PM,16.4,10,819
04/20/22 01:00 PM,16.7,8,895
04/20/22 02:00 PM,16.6,16,884
04/20/22 03:00 PM,16.3,10,779
04/20/22 04:00 PM,15.9,8,660
04/20/22 05:00 PM,15.4,14,492
04/20/22 06:00 PM,14.4,33,283
04/20/22 07:00 PM,13.4,16,90
04/20/22 08:00 PM,12.7,25,2
04/20/22 09:00 PM,12.2,25,0
04/20/22 10:00 PM,11.8,14,0
04/20/22 11:00 PM,11.4,9,0
04/21/22 12:00 AM,11.7,14,0
04/21/22 01:00 AM,11.4,9,0
04/21/22 02:00 AM,11.0,22,0
04/21/22 03:00 AM,10.7,34,0
04/21/22 04:00 AM,10.5,58,0
04/21/22 05:00 AM,10.7,87,0
04/21/22 06:00 AM,11.0,100,0
04/21/22 07:00 AM,12.3,100,47
04/21/22 08:00 AM,12.8,100,60
04/21/22 09:00 AM,14.0,100,237
04/21/22 10:00 AM,15.1,100,341
04/21/22 11:00 AM,15.1,100,347
04/21/22 12:00 PM,16.7,78,482
04/21/22 01:00 PM,17.2,93,654
04/21/22 02:00 PM,17.0,53,533
04/21/22 03:00 PM,16.9,100,670
04/21/22 04:00 PM,15.5,100,370
04/21/22 05:00 PM,14.7,100,205
04/21/22 06:00 PM,14.0,100,103
04/21/22 07:00 PM,13.7,96,49
04/21/22 08:00 PM,12.9,74,2
04/21/22 09:00 PM,12.9,100,0
04/21/22 10:00 PM,12.8,100,0
04/21/22 11:00 PM,12.5,100,0
04/22/22 12:00 AM,12.4,100,0
04/22/22 01:00 AM,12.1,100,0
04/22/22 02:00 AM,12.2,100,0
04/22/22 03:00 AM,11.6,100,0
04/22/22 04:00 AM,11.6,100,0
04/22/22 05:00 AM,11.8,100,0
04/22/22 06:00 AM,11.2,100,0
04/22/22 07:00 AM,11.3,100,15
04/22/22 08:00 AM,11.0,100,46
04/22/22 09:00 AM,10.7,100,73
04/22/22 10:00 AM,11.9,100,189
04/22/22 11:00 AM,13.0,80,383
04/22/22 12:00 PM,11.4,72,520
04/22/22 01:00 PM,11.9,100,402
04/22/22 02:00 PM,12.4,100,272
04/22/22 03:00 PM,11.2,100,282
04/22/22 04:00 PM,11.2,78,238
04/22/22 05:00 PM,11.6,66,216
04/22/22 06:00 PM,10.0,63,229
04/22/22 07:00 PM,10.4,73,69
04/22/22 08:00 PM,10.1,31,2
04/22/22 09:00 PM,9.6,67,0
04/22/22 10:00 PM,9.3,38,0
04/22/22 11:00 PM,9.4,44,0
04/23/22 12:00 AM,9.3,88,0
04/23/22 01:00 AM,8.7,58,0
04/23/22 02:00 AM,8.6,62,0
04/23/22 03:00 AM,9.1,28,0
04/23/22 04:00 AM,9.1,20,0
04/23/22 05:00 AM,8.8,13,0
04/23/22 06:00 AM,8.4,19,0
04/23/22 07:00 AM,10.5,12,70
04/23/22 08:00 AM,12.7,24,247
04/23/22 09:00 AM,14.2,42,425
04/23/22 10:00 AM,14.9,44,532
04/23/22 11:00 AM,15.3,41,637
04/23/22 12:00 PM,15.1,22,750
04/23/22 01:00 PM,16.1,37,885
04/23/22 02:00 PM,16.8,40,785
04/23/22 03:00 PM,15.8,16,613
04/23/22 04:00 PM,16.3,6,614
04/23/22 05:00 PM,15.9,10,471
04/23/22 06:00 PM,15.2,22,282
04/23/22 07:00 PM,14.0,18,93
04/23/22 08:00 PM,12.7,2,3
04/23/22 09:00 PM,11.6,4,0
04/23/22 10:00 PM,10.9,2,0
04/23/22 11:00 PM,10.2,4,0
04/24/22 12:00 AM,9.7,7,0
04/24/22 01:00 AM,9.6,26,0
04/24/22 02:00 AM,9.9,2,0
04/24/22 03:00 AM,9.0,5,0
04/24/22 04:00 AM,9.5,26,0
04/24/22 05:00 AM,9.5,23,0
04/24/22 06:00 AM,8.8,31,1
04/24/22 07:00 AM,12.1,37,75
04/24/22 08:00 AM,14.5,42,246
04/24/22 09:00 AM,15.7,100,449
04/24/22 10:00 AM,16.1,98,442
04/24/22 11:00 AM,15.9,94,459
04/24/22 12:00 PM,17.0,92,567
04/24/22 01:00 PM,16.7,42,582
04/24/22 02:00 PM,17.5,50,838
04/24/22 03:00 PM,17.3,53,760
04/24/22 04:00 PM,16.9,47,576
04/24/22 05:00 PM,16.5,25,384
04/24/22 06:00 PM,15.8,13,270
04/24/22 07:00 PM,14.4,10,97
04/24/22 08:00 PM,12.7,3,3
04/24/22 09:00 PM,12.1,6,0
04/24/22 10:00 PM,11.8,9,0
04/24/22 11:00 PM,11.0,0,0
04/25/22 12:00 AM,10.8,0,0
04/25/22 01:00 AM,10.4,1,0
04/25/22 02:00 AM,9.7,18,0
04/25/22 03:00 AM,11.1,95,0
04/25/22 04:00 AM,10.1,90,0
04/25/22 05:00 AM,9.4,90,0
04/25/22 06:00 AM,9.7,91,1
04/25/22 07:00 AM,10.5,92,46
04/25/22 08:00 AM,12.0,96,147
04/25/22 09:00 AM,13.5,51,323
04/25/22 10:00 AM,15.6,78,605
04/25/22 11:00 AM,16.4,58,693
04/25/22 12:00 PM,18.2,7,898
04/25/22 01:00 PM,18.6,30,935
04/25/22 02:00 PM,18.7,34,901
04/25/22 03:00 PM,18.4,14,802
04/25/22 04:00 PM,18.3,7,677
04/25/22 05:00 PM,17.5,1,494
04/25/22 06:00 PM,16.7,0,294
04/25/22 07:00 PM,15.2,2,102
04/25/22 08:00 PM,13.5,8,3
04/25/22 09:00 PM,12.8,21,0
04/25/22 10:00 PM,12.2,24,0
04/25/22 11:00 PM,12.0,3,0
04/26/22 12:00 AM,11.8,32,0
04/26/22 01:00 AM,11.8,15,0
04/26/22 02:00 AM,12.1,60,0
04/26/22 03:00 AM,13.2,60,0
04/26/22 04:00 AM,13.4,77,0
04/26/22 05:00 AM,13.4,83,0
04/26/22 06:00 AM,13.3,88,0
04/26/22 07:00 AM,13.8,79,35
04/26/22 08:00 AM,14.6,100,211
04/26/22 09:00 AM,14.7,100,195
04/26/22 10:00 AM,15.0,97,207
04/26/22 11:00 AM,15.8,96,387
04/26/22 12:00 PM,15.0,100,600
04/26/22 01:00 PM,16.4,100,302
04/26/22 02:00 PM,17.3,19,377
04/26/22 03:00 PM,18.4,18,771
04/26/22 04:00 PM,18.0,6,637
04/26/22 05:00 PM,17.3,4,486
04/26/22 06:00 PM,16.5,12,291
04/26/22 07:00 PM,15.4,6,102
04/26/22 08:00 PM,13.8,3,4
04/26/22 09:00 PM,13.0,4,0
04/26/22 10:00 PM,12.4,4,0
04/26/22 11:00 PM,11.6,5,0
04/27/22 12:00 AM,13.0,26,0
04/27/22 01:00 AM,12.9,22,0
04/27/22 02:00 AM,12.4,10,0
04/27/22 03:00 AM,12.2,9,0
04/27/22 04:00 AM,11.9,14,0
04/27/22 05:00 AM,11.4,19,0
04/27/22 06:00 AM,11.1,24,1
04/27/22 07:00 AM,13.3,34,72
04/27/22 08:00 AM,14.7,20,227
04/27/22 09:00 AM,16.0,98,432
04/27/22 10:00 AM,17.3,100,565
04/27/22 11:00 AM,18.0,100,551
04/27/22 12:00 PM,17.1,47,624
04/27/22 01:00 PM,18.5,100,733
04/27/22 02:00 PM,18.4,36,569
04/27/22 03:00 PM,18.4,44,750
04/27/22 04:00 PM,18.4,68,557
04/27/22 05:00 PM,17.9,12,421
04/27/22 06:00 PM,16.8,8,273
04/27/22 07:00 PM,15.4,3,106
04/27/22 08:00 PM,14.3,1,4
04/27/22 09:00 PM,13.6,4,0
04/27/22 10:00 PM,13.0,15,0
04/27/22 11:00 PM,12.6,8,0
04/28/22 12:00 AM,12.5,30,0
04/28/22 01:00 AM,12.4,18,0
04/28/22 02:00 AM,12.2,12,0
04/28/22 03:00 AM,12.1,19,0
04/28/22 04:00 AM,12.0,20,0
04/28/22 05:00 AM,11.9,18,0
04/28/22 06:00 AM,11.8,29,2
04/28/22 07:00 AM,13.3,15,80
04/28/22 08:00 AM,14.6,4,256
04/28/22 09:00 AM,15.9,6,475
04/28/22 10:00 AM,17.6,32,654
04/28/22 11:00 AM,18.8,90,701
04/28/22 12:00 PM,20.0,3,647
04/28/22 01:00 PM,21.4,25,913
04/28/22 02:00 PM,22.2,26,859
04/28/22 03:00 PM,22.6,11,715
04/28/22 04:00 PM,23.3,29,632
04/28/22 05:00 PM,22.0,49,405
04/28/22 06:00 PM,17.8,7,226
04/28/22 07:00 PM,16.9,1,105
04/28/22 08:00 PM,15.5,1,5
04/28/22 09:00 PM,15.1,0,0
04/28/22 10:00 PM,14.9,1,0
04/28/22 11:00 PM,14.7,0,0
04/29/22 12:00 AM,14.3,0,0
04/29/22 01:00 AM,14.1,0,0
04/29/22 02:00 AM,13.5,2,0
04/29/22 03:00 AM,13.2,3,0
04/29/22 04:00 AM,13.3,3,0
04/29/22 05:00 AM,13.5,0,0
04/29/22 06:00 AM,13.4,0,2
04/29/22 07:00 AM,14.7,0,93
04/29/22 08:00 AM,16.7,0,281
04/29/22 09:00 AM,19.2,0,484
04/29/22 10:00 AM,21.0,0,669
04/29/22 11:00 AM,22.1,0,812
04/29/22 12:00 PM,23.2,7,903
04/29/22 01:00 PM,24.1,75,928
04/29/22 02:00 PM,24.2,7,639
04/29/22 03:00 PM,25.8,10,789
04/29/22 04:00 PM,25.4,40,655
04/29/22 05:00 PM,23.6,23,329
04/29/22 06:00 PM,21.0,4,261
04/29/22 07:00 PM,19.2,1,107
04/29/22 08:00 PM,18.8,6,5
04/29/22 09:00 PM,17.9,14,0
04/29/22 10:00 PM,17.3,5,0
04/29/22 11:00 PM,16.6,0,0
04/30/22 12:00 AM,15.6,0,0
04/30/22 01:00 AM,15.0,0,0
04/30/22 02:00 AM,14.4,0,0
04/30/22 03:00 AM,13.7,0,0
04/30/22 04:00 AM,13.3,0,0
04/30/22 05:00 AM,12.9,0,0
04/30/22 06:00 AM,12.5,0,3
04/30/22 07:00 AM,14.7,0,96
04/30/22 08:00 AM,17.3,0,284
04/30/22 09:00 AM,19.2,0,484
04/30/22 10:00 AM,21.1,0,665
04/30/22 11:00 AM,22.5,0,809
04/30/22 12:00 PM,23.8,0,901
04/30/22 01:00 PM,24.1,0,933
04/30/22 02:00 PM,24.2,0,904
04/30/22 03:00 PM,23.9,1,817
04/30/22 04:00 PM,24.1,3,675
04/30/22 05:00 PM,24.4,4,492
04/30/22 06:00 PM,23.8,0,296
04/30/22 07:00 PM,22.7,0,112
04/30/22 08:00 PM,20.4,0,6
04/30/22 09:00 PM,18.4,0,0
04/30/22 10:00 PM,17.2,0,0
04/30/22 11:00 PM,16.4,0,0
05/01/22 12:00 AM,15.4,0,0
05/01/22 01:00 AM,14.9,8,0
05/01/22 02:00 AM,14.4,6,0
05/01/22 03:00 AM,14.0,9,0
05/01/22 04:00 AM,13.5,7,0
05/01/22 05:00 AM,13.1,0,0
05/01/22 06:00 AM,12.9,1,3
05/01/22 07:00 AM,14.2,13,100
05/01/22 08:00 AM,15.5,18,286
05/01/22 09:00 AM,17.0,7,488
05/01/22 10:00 AM,18.5,3,672
05/01/22 11:00 AM,19.7,4,817
05/01/22 12:00 PM,20.8,5,908
05/01/22 01:00 PM,21.0,9,941
05/01/22 02:00 PM,20.9,6,913
05/01/22 03:00 PM,20.4,4,825
05/01/22 04:00 PM,19.6,3,688
05/01/22 05:00 PM,17.9,2,513
05/01/22 06:00 PM,16.2,1,312
05/01/22 07:00 PM,14.8,21,117
05/01/22 08:00 PM,14.2,5,6
05/01/22 09:00 PM,13.8,85,0
05/01/22 10:00 PM,13.9,82,0
05/01/22 11:00 PM,13.7,80,0
05/02/22 12:00 AM,13.8,76,0
05/02/22 01:00 AM,13.7,85,0
05/02/22 02:00 AM,13.8,90,0
05/02/22 03:00 AM,14.1,90,0
05/02/22 04:00 AM,13.9,90,0
05/02/22 05:00 AM,14.1,97,0
05/02/22 06:00 AM,14.4,92,1
05/02/22 07:00 AM,15.0,97,48
05/02/22 08:00 AM,15.4,52,99
05/02/22 09:00 AM,16.3,100,328
05/02/22 10:00 AM,16.7,100,313
05/02/22 11:00 AM,16.7,77,354
05/02/22 12:00 PM,17.1,58,618
05/02/22 01:00 PM,19.5,98,823
05/02/22 02:00 PM,19.0,100,576
05/02/22 03:00 PM,17.8,18,409
05/02/22 04:00 PM,18.9,17,645
05/02/22 05:00 PM,18.0,23,448
05/02/22 06:00 PM,16.4,58,291
05/02/22 07:00 PM,15.0,82,108
05/02/22 08:00 PM,14.2,90,6
05/02/22 09:00 PM,14.2,65,0
05/02/22 10:00 PM,13.6,33,0
05/02/22 11:00 PM,13.2,100,0
05/03/22 12:00 AM,13.7,98,0
05/03/22 01:00 AM,13.0,16,0
05/03/22 02:00 AM,12.8,30,0
05/03/22 03:00 AM,12.8,18,0
05/03/22 04:00 AM,12.8,23,0
05/03/22 05:00 AM,12.8,4,0
05/03/22 06:00 AM,12.6,0,4
05/03/22 07:00 AM,13.7,0,102
05/03/22 08:00 AM,15.2,0,291
05/03/22 09:00 AM,17.1,0,491
05/03/22 10:00 AM,18.7,0,674
05/03/22 11:00 AM,20.3,100,812
05/03/22 12:00 PM,20.9,86,543
05/03/22 01:00 PM,21.6,67,639
05/03/22 02:00 PM,22.5,60,594
05/03/22 03:00 PM,21.8,35,351
05/03/22 04:00 PM,22.6,60,570
05/03/22 05:00 PM,21.5,62,270
05/03/22 06:00 PM,18.9,38,171
05/03/22 07:00 PM,18.7,6,103
05/03/22 08:00 PM,17.3,5,7
05/03/22 09:00 PM,16.5,4,0
05/03/22 10:00 PM,16.0,6,0
05/03/22 11:00 PM,15.5,0,0
05/04/22 12:00 AM,14.7,4,0
05/04/22 01:00 AM,14.7,4,0
05/04/22 02:00 AM,14.4,1,0
05/04/22 03:00 AM,14.1,4,0
05/04/22 04:00 AM,13.5,0,0
05/04/22 05:00 AM,13.0,0,0
05/04/22 06:00 AM,12.7,0,5
05/04/22 07:00 AM,14.2,0,106
05/04/22 08:00 AM,16.5,0,294
05/04/22 09:00 AM,18.9,0,494
05/04/22 10:00 AM,20.9,0,675
05/04/22 11:00 AM,22.7,0,818
05/04/22 12:00 PM,23.8,12,911
05/04/22 01:00 PM,24.8,42,834
05/04/22 02:00 PM,24.9,42,659
05/04/22 03:00 PM,24.8,44,539
05/04/22 04:00 PM,25.9,26,501
05/04/22 05:00 PM,23.0,30,411
05/04/22 06:00 PM,21.6,8,240
05/04/22 07:00 PM,20.8,1,120
05/04/22 08:00 PM,18.9,1,8
05/04/22 09:00 PM,17.8,3,0
05/04/22 10:00 PM,17.0,1,0
05/04/22 11:00 PM,16.4,0,0
05/05/22 12:00 AM,15.6,0,0
05/05/22 01:00 AM,15.2,0,0
05/05/22 02:00 AM,14.7,0,0
05/05/22 03:00 AM,14.3,0,0
05/05/22 04:00 AM,13.9,0,0
05/05/22 05:00 AM,13.6,0,0
05/05/22 06:00 AM,13.4,0,5
05/05/22 07:00 AM,15.1,0,110
05/05/22 08:00 AM,17.6,1,300
05/05/22 09:00 AM,20.1,2,500
05/05/22 10:00 AM,22.2,5,680
05/05/22 11:00 AM,23.9,4,822
05/05/22 12:00 PM,25.3,0,913
05/05/22 01:00 PM,26.4,2,945
05/05/22 02:00 PM,27.0,4,882
05/05/22 03:00 PM,26.7,4,790
05/05/22 04:00 PM,26.5,1,652
05/05/22 05:00 PM,25.3,1,514
05/05/22 06:00 PM,23.2,0,313
05/05/22 07:00 PM,20.4,2,124
05/05/22 08:00 PM,18.4,0,9
05/05/22 09:00 PM,17.1,0,0
05/05/22 10:00 PM,16.1,0,0
05/05/22 11:00 PM,15.5,0,0
05/06/22 12:00 AM,14.8,0,0
05/06/22 01:00 AM,14.1,0,0
05/06/22 02:00 AM,13.9,0,0
05/06/22 03:00 AM,13.4,0,0
05/06/22 04:00 AM,12.6,0,0
05/06/22 05:00 AM,12.2,0,0
05/06/22 06:00 AM,12.1,0,6
05/06/22 07:00 AM,14.9,0,115
05/06/22 08:00 AM,17.3,0,307
05/06/22 09:00 AM,19.7,0,510
05/06/22 10:00 AM,22.1,0,692
05/06/22 11:00 AM,23.9,0,835
05/06/22 12:00 PM,25.8,0,928
05/06/22 01:00 PM,26.4,0,954
05/06/22 02:00 PM,26.6,5,927
05/06/22 03:00 PM,26.5,4,843
05/06/22 04:00 PM,26.0,30,706
05/06/22 05:00 PM,25.1,30,497
05/06/22 06:00 PM,24.0,30,306
05/06/22 07:00 PM,22.2,30,121
05/06/22 08:00 PM,19.8,29,9
05/06/22 09:00 PM,18.2,30,0
05/06/22 10:00 PM,17.4,18,0
05/06/22 11:00 PM,16.5,5,0
05/07/22 12:00 AM,15.8,2,0
05/07/22 01:00 AM,15.2,0,0
05/07/22 02:00 AM,14.8,0,0
05/07/22 03:00 AM,14.5,0,0
05/07/22 04:00 AM,14.0,0,0
05/07/22 05:00 AM,13.7,0,0
05/07/22 06:00 AM,13.8,0,7
05/07/22 07:00 AM,15.9,0,116
05/07/22 08:00 AM,18.5,0,307
05/07/22 09:00 AM,21.3,0,507
05/07/22 10:00 AM,23.8,5,688
05/07/22 11:00 AM,25.9,29,831
05/07/22 12:00 PM,27.0,29,921
05/07/22 01:00 PM,28.3,29,950
05/07/22 02:00 PM,28.9,30,920
05/07/22 03:00 PM,29.1,27,828
05/07/22 04:00 PM,28.8,11,686
05/07/22 05:00 PM,27.2,3,522
05/07/22 06:00 PM,24.8,1,322
05/07/22 07:00 PM,21.8,14,128
05/07/22 08:00 PM,20.0,13,10
05/07/22 09:00 PM,19.3,9,0
05/07/22 10:00 PM,18.5,7,0
05/07/22 11:00 PM,18.2,8,0
05/08/22 12:00 AM,17.5,1,0
05/08/22 01:00 AM,17.1,4,0
05/08/22 02:00 AM,16.6,9,0
05/08/22 03:00 AM,16.0,2,0
05/08/22 04:00 AM,15.5,6,0
05/08/22 05:00 AM,15.3,4,0
05/08/22 06:00 AM,15.3,7,7
05/08/22 07:00 AM,17.2,20,118
05/08/22 08:00 AM,20.1,14,309
05/08/22 09:00 AM,23.1,18,501
05/08/22 10:00 AM,25.8,19,678
05/08/22 11:00 AM,27.9,6,827
05/08/22 12:00 PM,28.6,2,922
05/08/22 01:00 PM,29.5,25,956
05/08/22 02:00 PM,30.1,18,916
05/08/22 03:00 PM,30.3,2,830
05/08/22 04:00 PM,29.9,0,702
05/08/22 05:00 PM,27.6,0,523
05/08/22 06:00 PM,25.3,0,324
05/08/22 07:00 PM,22.9,0,131
05/08/22 08:00 PM,21.0,0,11
05/08/22 09:00 PM,19.4,0,0
05/08/22 10:00 PM,18.6,0,0
05/08/22 11:00 PM,18.1,0,0
05/09/22 12:00 AM,17.8,0,0
05/09/22 01:00 AM,17.2,0,0
05/09/22 02:00 AM,16.6,0,0
05/09/22 03:00 AM,16.0,0,0
05/09/22 04:00 AM,15.5,0,0
05/09/22 05:00 AM,15.2,0,0
05/09/22 06:00 AM,15.2,0,8
05/09/22 07:00 AM,17.1,0,121
05/09/22 08:00 AM,20.0,0,312
05/09/22 09:00 AM,22.8,10,511
05/09/22 10:00 AM,25.7,29,689
05/09/22 11:00 AM,28.3,29,828
05/09/22 12:00 PM,29.9,30,917
05/09/22 01:00 PM,31.1,29,954
05/09/22 02:00 PM,31.5,30,921
05/09/22 03:00 PM,31.5,29,835
05/09/22 04:00 PM,31.0,25,699
05/09/22 05:00 PM,29.5,27,522
05/09/22 06:00 PM,27.6,15,324
05/09/22 07:00 PM,24.5,4,134
05/09/22 08:00 PM,21.4,0,11
05/09/22 09:00 PM,19.9,0,0
05/09/22 10:00 PM,18.9,6,0
05/09/22 11:00 PM,18.4,24,0
05/10/22 12:00 AM,17.2,29,0
05/10/22 01:00 AM,16.7,26,0
05/10/22 02:00 AM,16.2,27,0
05/10/22 03:00 AM,15.8,28,0
05/10/22 04:00 AM,15.2,24,0
05/10/22 05:00 AM,14.8,18,0
05/10/22 06:00 AM,14.8,0,8
05/10/22 07:00 AM,16.7,0,122
05/10/22 08:00 AM,19.5,0,311
05/10/22 09:00 AM,22.5,0,508
05/10/22 10:00 AM,25.0,0,684
05/10/22 11:00 AM,27.0,0,823
05/10/22 12:00 PM,27.2,29,912
05/10/22 01:00 PM,27.4,20,943
05/10/22 02:00 PM,27.7,0,916
05/10/22 03:00 PM,27.8,4,833
05/10/22 04:00 PM,27.1,1,698
05/10/22 05:00 PM,25.8,6,524
05/10/22 06:00 PM,24.9,7,327
05/10/22 07:00 PM,23.4,0,135
05/10/22 08:00 PM,21.4,0,12
05/10/22 09:00 PM,19.1,0,0
05/10/22 10:00 PM,18.6,0,0
05/10/22 11:00 PM,17.4,0,0
05/11/22 12:00 AM,17.4,29,0
05/11/22 01:00 AM,15.7,30,0
05/11/22 02:00 AM,15.5,30,0
05/11/22 03:00 AM,14.8,14,0
05/11/22 04:00 AM,14.1,5,0
05/11/22 05:00 AM,13.7,27,0
05/11/22 06:00 AM,13.5,16,9
05/11/22 07:00 AM,15.5,20,124
05/11/22 08:00 AM,18.2,30,311
05/11/22 09:00 AM,21.3,26,505
05/11/22 10:00 AM,24.3,30,687
05/11/22 11:00 AM,26.7,30,800
05/11/22 12:00 PM,27.7,30,874
05/11/22 01:00 PM,29.4,30,911
05/11/22 02:00 PM,30.2,14,899
05/11/22 03:00 PM,30.5,7,831
05/11/22 04:00 PM,30.3,39,697
05/11/22 05:00 PM,30.0,64,513
05/11/22 06:00 PM,28.4,56,275
05/11/22 07:00 PM,25.4,45,105
05/11/22 08:00 PM,22.5,41,7
05/11/22 09:00 PM,21.0,58,0
05/11/22 10:00 PM,19.6,90,0
05/11/22 11:00 PM,18.9,77,0
05/12/22 12:00 AM,18.4,90,0
05/12/22 01:00 AM,18.0,89,0
05/12/22 02:00 AM,17.5,89,0
05/12/22 03:00 AM,17.3,78,0
05/12/22 04:00 AM,17.2,90,0
05/12/22 05:00 AM,17.2,86,0
05/12/22 06:00 AM,17.0,27,5
05/12/22 07:00 AM,18.4,15,106
05/12/22 08:00 AM,21.0,0,307
05/12/22 09:00 AM,23.3,0,505
05/12/22 10:00 AM,25.3,0,683
05/12/22 11:00 AM,26.5,13,826
05/12/22 12:00 PM,26.8,1,915
05/12/22 01:00 PM,28.0,2,950
05/12/22 02:00 PM,29.3,1,918
05/12/22 03:00 PM,29.9,0,836
05/12/22 04:00 PM,30.0,0,700
05/12/22 05:00 PM,28.1,8,525
05/12/22 06:00 PM,26.6,13,327
05/12/22 07:00 PM,24.2,2,134
05/12/22 08:00 PM,22.0,9,13
05/12/22 09:00 PM,20.9,12,0
05/12/22 10:00 PM,19.8,7,0
05/12/22 11:00 PM,18.7,0,0
05/13/22 12:00 AM,18.2,0,0
05/13/22 01:00 AM,17.6,0,0
05/13/22 02:00 AM,17.8,0,0
05/13/22 03:00 AM,16.4,0,0
05/13/22 04:00 AM,15.7,0,0
05/13/22 05:00 AM,15.8,0,0
05/13/22 06:00 AM,17.5,0,10
05/13/22 07:00 AM,18.7,0,125
05/13/22 08:00 AM,21.2,5,311
05/13/22 09:00 AM,23.7,18,506
05/13/22 10:00 AM,26.0,25,677
05/13/22 11:00 AM,28.0,11,817
05/13/22 12:00 PM,28.4,7,907
05/13/22 01:00 PM,30.1,11,940
05/13/22 02:00 PM,31.1,30,911
05/13/22 03:00 PM,31.6,38,811
05/13/22 04:00 PM,31.5,30,609
05/13/22 05:00 PM,29.9,32,419
05/13/22 06:00 PM,26.4,32,238
05/13/22 07:00 PM,23.5,32,98
05/13/22 08:00 PM,22.2,32,9
05/13/22 09:00 PM,22.1,45,0
05/13/22 10:00 PM,21.4,45,0
05/13/22 11:00 PM,20.4,30,0
05/14/22 12:00 AM,19.8,36,0
05/14/22 01:00 AM,19.0,64,0
05/14/22 02:00 AM,18.4,84,0
05/14/22 03:00 AM,18.2,30,0
05/14/22 04:00 AM,16.9,61,0
05/14/22 05:00 AM,17.8,46,0
05/14/22 06:00 AM,17.0,60,11
05/14/22 07:00 AM,20.2,0,110
05/14/22 08:00 AM,21.9,0,315
05/14/22 09:00 AM,22.0,0,511
05/14/22 10:00 AM,22.2,0,686
05/14/22 11:00 AM,22.6,0,826
05/14/22 12:00 PM,23.8,0,916
05/14/22 01:00 PM,23.8,0,947
05/14/22 02:00 PM,22.7,4,918
05/14/22 03:00 PM,21.6,4,838
05/14/22 04:00 PM,20.6,6,695
05/14/22 05:00 PM,19.8,8,527
05/14/22 06:00 PM,19.0,44,325
05/14/22 07:00 PM,18.0,90,119
05/14/22 08:00 PM,17.8,90,8
05/14/22 09:00 PM,17.7,90,0
05/14/22 10:00 PM,17.5,76,0
05/14/22 11:00 PM,17.5,75,0
05/15/22 12:00 AM,18.3,90,0
05/15/22 01:00 AM,17.3,43,0
05/15/22 02:00 AM,16.7,41,0
05/15/22 03:00 AM,16.4,44,0
05/15/22 04:00 AM,16.4,64,0
05/15/22 05:00 AM,16.4,79,0
05/15/22 06:00 AM,16.4,68,9
05/15/22 07:00 AM,17.3,50,95
05/15/22 08:00 AM,18.5,48,273
05/15/22 09:00 AM,19.4,52,434
05/15/22 10:00 AM,19.7,50,490
05/15/22 11:00 AM,20.4,58,774
05/15/22 12:00 PM,19.9,42,744
05/15/22 01:00 PM,20.2,100,687
05/15/22 02:00 PM,19.7,16,383
05/15/22 03:00 PM,20.8,18,805
05/15/22 04:00 PM,20.3,21,637
05/15/22 05:00 PM,19.8,16,484
05/15/22 06:00 PM,19.1,18,307
05/15/22 07:00 PM,18.3,33,126
05/15/22 08:00 PM,17.6,14,13
05/15/22 09:00 PM,17.3,29,0
05/15/22 10:00 PM,17.0,37,0
05/15/22 11:00 PM,16.9,42,0
05/16/22 12:00 AM,16.9,33,0
05/16/22 01:00 AM,16.8,17,0
05/16/22 02:00 AM,16.5,38,0
05/16/22 03:00 AM,16.5,16,0
05/16/22 04:00 AM,16.6,29,0
05/16/22 05:00 AM,16.6,46,0
05/16/22 06:00 AM,17.0,45,10
05/16/22 07:00 AM,18.0,63,104
05/16/22 08:00 AM,18.7,30,234
05/16/22 09:00 AM,19.7,100,428
05/16/22 10:00 AM,19.4,100,341
05/16/22 11:00 AM,19.8,94,414
05/16/22 12:00 PM,19.3,100,662
05/16/22 01:00 PM,20.1,100,494
05/16/22 02:00 PM,20.5,62,531
05/16/22 03:00 PM,21.3,45,728
05/16/22 04:00 PM,20.9,44,608
05/16/22 05:00 PM,20.4,37,436
05/16/22 06:00 PM,19.7,23,275
05/16/22 07:00 PM,18.8,4,133
05/16/22 08:00 PM,17.7,1,16
05/16/22 09:00 PM,17.1,0,0
05/16/22 10:00 PM,16.8,0,0
05/16/22 11:00 PM,16.5,0,0
05/17/22 12:00 AM,16.7,0,0
05/17/22 01:00 AM,16.5,0,0
05/17/22 02:00 AM,16.4,1,0
05/17/22 03:00 AM,16.2,3,0
05/17/22 04:00 AM,16.0,1,0
05/17/22 05:00 AM,15.8,7,0
05/17/22 06:00 AM,16.2,4,12
05/17/22 07:00 AM,17.9,11,129
05/17/22 08:00 AM,19.4,18,308
05/17/22 09:00 AM,20.7,30,500
05/17/22 10:00 AM,22.2,44,660
05/17/22 11:00 AM,22.7,32,788
05/17/22 12:00 PM,24.2,30,887
05/17/22 01:00 PM,25.0,30,860
05/17/22 02:00 PM,25.6,30,867
05/17/22 03:00 PM,25.5,31,796
05/17/22 04:00 PM,25.2,30,673
05/17/22 05:00 PM,24.4,30,504
05/17/22 06:00 PM,23.3,30,317
05/17/22 07:00 PM,21.6,30,139
05/17/22 08:00 PM,19.9,29,17
05/17/22 09:00 PM,19.0,30,0
05/17/22 10:00 PM,18.2,26,0
05/17/22 11:00 PM,17.5,7,0
05/18/22 12:00 AM,17.3,22,0
05/18/22 01:00 AM,16.9,4,0
05/18/22 02:00 AM,16.5,13,0
05/18/22 03:00 AM,16.2,70,0
05/18/22 04:00 AM,15.0,100,0
05/18/22 05:00 AM,16.4,100,0
05/18/22 06:00 AM,16.5,100,9
05/18/22 07:00 AM,17.2,100,82
05/18/22 08:00 AM,18.8,76,213
05/18/22 09:00 AM,20.7,75,407
05/18/22 10:00 AM,21.9,41,532
05/18/22 11:00 AM,23.1,32,622
05/18/22 12:00 PM,24.0,46,665
05/18/22 01:00 PM,24.6,81,696
05/18/22 02:00 PM,25.9,2,889
05/18/22 03:00 PM,26.4,0,832
05/18/22 04:00 PM,26.1,0,703
05/18/22 05:00 PM,25.2,0,532
05/18/22 06:00 PM,23.5,0,339
05/18/22 07:00 PM,21.5,0,149
05/18/22 08:00 PM,19.8,0,18
05/18/22 09:00 PM,18.2,14,0
05/18/22 10:00 PM,17.0,28,0
05/18/22 11:00 PM,16.1,35,0
05/19/22 12:00 AM,15.8,18,0
05/19/22 01:00 AM,15.2,30,0
05/19/22 02:00 AM,14.7,30,0
05/19/22 03:00 AM,14.2,30,0
05/19/22 04:00 AM,13.9,30,0
05/19/22 05:00 AM,13.9,30,0
05/19/22 06:00 AM,14.2,30,12
05/19/22 07:00 AM,15.8,30,130
05/19/22 08:00 AM,17.9,30,312
05/19/22 09:00 AM,20.7,30,487
05/19/22 10:00 AM,23.3,30,675
05/19/22 11:00 AM,25.4,30,802
05/19/22 12:00 PM,25.8,30,856
05/19/22 01:00 PM,26.8,30,761
05/19/22 02:00 PM,28.0,30,827
05/19/22 03:00 PM,28.6,30,735
05/19/22 04:00 PM,28.5,30,520
05/19/22 05:00 PM,28.5,30,495
05/19/22 06:00 PM,27.0,30,335
05/19/22 07:00 PM,23.5,30,133
05/19/22 08:00 PM,21.3,31,17
05/19/22 09:00 PM,20.0,38,0
05/19/22 10:00 PM,19.1,40,0
05/19/22 11:00 PM,18.3,38,0
05/20/22 12:00 AM,18.6,30,0
05/20/22 01:00 AM,18.1,30,0
05/20/22 02:00 AM,17.6,30,0
05/20/22 03:00 AM,17.3,30,0
05/20/22 04:00 AM,16.9,50,0
05/20/22 05:00 AM,17.0,18,0
05/20/22 06:00 AM,17.0,84,15
05/20/22 07:00 AM,18.1,68,73
05/20/22 08:00 AM,20.4,90,230
05/20/22 09:00 AM,22.9,53,336
05/20/22 10:00 AM,26.2,83,558
05/20/22 11:00 AM,25.9,31,236
05/20/22 12:00 PM,29.4,45,627
05/20/22 01:00 PM,32.1,47,858
05/20/22 02:00 PM,32.5,36,638
05/20/22 03:00 PM,33.3,90,533
05/20/22 04:00 PM,32.7,41,277
05/20/22 05:00 PM,33.1,35,227
05/20/22 06:00 PM,32.4,44,134
05/20/22 07:00 PM,29.4,65,76
05/20/22 08:00 PM,26.5,30,14
05/20/22 09:00 PM,24.9,22,0
05/20/22 10:00 PM,23.4,71,0
05/20/22 11:00 PM,23.7,57,0
05/21/22 12:00 AM,22.6,26,0
05/21/22 01:00 AM,22.0,68,0
05/21/22 02:00 AM,20.7,44,0
05/21/22 03:00 AM,22.4,44,0
05/21/22 04:00 AM,22.5,31,0
05/21/22 05:00 AM,20.3,32,0
05/21/22 06:00 AM,19.3,66,12
05/21/22 07:00 AM,20.2,32,72
05/21/22 08:00 AM,20.9,31,263
05/21/22 09:00 AM,21.5,32,366
05/21/22 10:00 AM,20.8,45,396
05/21/22 11:00 AM,22.0,44,642
05/21/22 12:00 PM,20.5,41,614
05/21/22 01:00 PM,21.3,21,873
05/21/22 02:00 PM,21.5,13,863
05/21/22 03:00 PM,21.6,15,845
05/21/22 04:00 PM,21.4,23,688
05/21/22 05:00 PM,21.1,46,505
05/21/22 06:00 PM,20.1,50,297
05/21/22 07:00 PM,18.5,30,132
05/21/22 08:00 PM,17.5,51,19
05/21/22 09:00 PM,17.3,86,0
05/21/22 10:00 PM,17.4,91,0
05/21/22 11:00 PM,17.0,97,0
05/22/22 12:00 AM,17.5,100,0
05/22/22 01:00 AM,17.4,100,0
05/22/22 02:00 AM,16.9,100,0
05/22/22 03:00 AM,17.1,100,0
05/22/22 04:00 AM,17.3,100,0
05/22/22 05:00 AM,17.3,90,0
05/22/22 06:00 AM,17.5,90,6
05/22/22 07:00 AM,17.8,90,49
05/22/22 08:00 AM,18.7,66,107
05/22/22 09:00 AM,20.2,90,416
05/22/22 10:00 AM,20.3,90,399
05/22/22 11:00 AM,20.8,90,448
05/22/22 12:00 PM,20.9,90,426
05/22/22 01:00 PM,21.9,86,348
05/22/22 02:00 PM,24.0,90,626
05/22/22 03:00 PM,24.5,61,546
05/22/22 04:00 PM,23.8,42,517
05/22/22 05:00 PM,22.0,11,447
05/22/22 06:00 PM,20.8,73,321
05/22/22 07:00 PM,19.3,90,130
05/22/22 08:00 PM,18.5,90,11
05/22/22 09:00 PM,18.4,90,0
05/22/22 10:00 PM,18.1,90,0
05/22/22 11:00 PM,17.9,90,0
05/23/22 12:00 AM,16.9,90,0
05/23/22 01:00 AM,16.7,90,0
05/23/22 02:00 AM,16.6,90,0
05/23/22 03:00 AM,16.5,90,0
05/23/22 04:00 AM,16.4,92,0
05/23/22 05:00 AM,16.0,92,0
05/23/22 06:00 AM,16.2,90,11
05/23/22 07:00 AM,16.9,43,94
05/23/22 08:00 AM,18.1,30,282
05/23/22 09:00 AM,19.8,90,468
05/23/22 10:00 AM,20.2,100,528
05/23/22 11:00 AM,21.3,100,623
05/23/22 12:00 PM,22.2,83,687
05/23/22 01:00 PM,23.7,100,825
05/23/22 02:00 PM,23.5,68,679
05/23/22 03:00 PM,23.1,22,696
05/23/22 04:00 PM,23.3,41,708
05/23/22 05:00 PM,20.9,100,515
05/23/22 06:00 PM,19.6,32,230
05/23/22 07:00 PM,18.4,30,156
05/23/22 08:00 PM,16.9,25,23
05/23/22 09:00 PM,15.9,8,0
05/23/22 10:00 PM,15.7,7,0
05/23/22 11:00 PM,15.3,4,0
05/24/22 12:00 AM,15.2,28,0
05/24/22 01:00 AM,14.9,5,0
05/24/22 02:00 AM,14.6,8,0
05/24/22 03:00 AM,14.5,5,0
05/24/22 04:00 AM,14.2,10,0
05/24/22 05:00 AM,14.1,14,0
05/24/22 06:00 AM,14.5,16,18
05/24/22 07:00 AM,15.9,9,149
05/24/22 08:00 AM,17.1,6,336
05/24/22 09:00 AM,18.6,19,536
05/24/22 10:00 AM,19.7,46,706
05/24/22 11:00 AM,20.3,60,817
05/24/22 12:00 PM,20.3,76,808
05/24/22 01:00 PM,20.7,52,883
05/24/22 02:00 PM,20.6,47,814
05/24/22 03:00 PM,20.1,50,745
05/24/22 04:00 PM,19.5,31,591
05/24/22 05:00 PM,19.4,35,484
05/24/22 06:00 PM,17.8,32,286
05/24/22 07:00 PM,16.8,35,140
05/24/22 08:00 PM,16.0,30,19
05/24/22 09:00 PM,15.6,33,0
05/24/22 10:00 PM,15.3,2,0
05/24/22 11:00 PM,14.9,30,0
05/25/22 12:00 AM,15.0,30,0
05/25/22 01:00 AM,14.8,30,0
05/25/22 02:00 AM,14.5,28,0
05/25/22 03:00 AM,14.3,31,0
05/25/22 04:00 AM,14.2,32,0
05/25/22 05:00 AM,14.0,30,0
05/25/22 06:00 AM,14.1,30,17
05/25/22 07:00 AM,15.3,30,134
05/25/22 08:00 AM,16.7,30,295
05/25/22 09:00 AM,18.5,30,421
05/25/22 10:00 AM,20.7,30,633
05/25/22 11:00 AM,22.6,30,808
05/25/22 12:00 PM,23.2,29,930
05/25/22 01:00 PM,24.7,25,964
05/25/22 02:00 PM,25.7,30,936
05/25/22 03:00 PM,26.2,30,816
05/25/22 04:00 PM,26.9,30,672
05/25/22 05:00 PM,25.6,28,534
05/25/22 06:00 PM,22.0,1,354
05/25/22 07:00 PM,21.7,0,164
05/25/22 08:00 PM,20.5,0,25
05/25/22 09:00 PM,19.1,0,0
05/25/22 10:00 PM,18.4,0,0
05/25/22 11:00 PM,17.8,0,0
05/26/22 12:00 AM,16.8,0,0
05/26/22 01:00 AM,16.3,0,0
05/26/22 02:00 AM,15.8,0,0
05/26/22 03:00 AM,15.3,0,0
05/26/22 04:00 AM,14.9,0,0
05/26/22 05:00 AM,14.5,0,0
05/26/22 06:00 AM,14.9,0,19
05/26/22 07:00 AM,17.4,0,152
05/26/22 08:00 AM,20.6,0,344
05/26/22 09:00 AM,23.2,0,540
05/26/22 10:00 AM,25.7,0,716
05/26/22 11:00 AM,27.8,0,853
05/26/22 12:00 PM,28.7,0,940
05/26/22 01:00 PM,30.3,0,972
05/26/22 02:00 PM,31.2,0,946
05/26/22 03:00 PM,31.6,14,865
05/26/22 04:00 PM,31.6,14,732
05/26/22 05:00 PM,31.9,14,559
05/26/22 06:00 PM,31.2,12,364
05/26/22 07:00 PM,29.1,25,170
05/26/22 08:00 PM,28.1,3,26
05/26/22 09:00 PM,25.6,1,0
05/26/22 10:00 PM,23.1,6,0
05/26/22 11:00 PM,21.1,8,0
05/27/22 12:00 AM,21.0,6,0
05/27/22 01:00 AM,18.5,9,0
05/27/22 02:00 AM,16.3,21,0
05/27/22 03:00 AM,15.3,27,0
05/27/22 04:00 AM,14.4,29,0
05/27/22 05:00 AM,14.4,29,0
05/27/22 06:00 AM,15.1,26,19
05/27/22 07:00 AM,17.8,2,146
05/27/22 08:00 AM,20.6,0,344
05/27/22 09:00 AM,23.7,0,538
05/27/22 10:00 AM,26.7,0,713
05/27/22 11:00 AM,29.0,0,851
05/27/22 12:00 PM,30.5,0,940
05/27/22 01:00 PM,32.6,0,971
05/27/22 02:00 PM,33.9,0,945
05/27/22 03:00 PM,34.4,0,861
05/27/22 04:00 PM,34.5,2,728
05/27/22 05:00 PM,34.8,24,554
05/27/22 06:00 PM,28.8,19,350
05/27/22 07:00 PM,26.6,1,166
05/27/22 08:00 PM,22.1,0,27
05/27/22 09:00 PM,21.2,0,0
05/27/22 10:00 PM,20.7,0,0
05/27/22 11:00 PM,20.3,0,0
05/28/22 12:00 AM,19.1,0,0
05/28/22 01:00 AM,18.2,0,0
05/28/22 02:00 AM,17.4,14,0
05/28/22 03:00 AM,16.8,24,0
05/28/22 04:00 AM,16.2,2,0
05/28/22 05:00 AM,15.5,14,0
05/28/22 06:00 AM,16.7,30,20
05/28/22 07:00 AM,18.7,29,140
05/28/22 08:00 AM,20.2,6,332
05/28/22 09:00 AM,21.4,0,546
05/28/22 10:00 AM,22.0,0,723
05/28/22 11:00 AM,22.9,11,863
05/28/22 12:00 PM,22.7,9,945
05/28/22 01:00 PM,23.2,10,969
05/28/22 02:00 PM,23.3,0,942
05/28/22 03:00 PM,23.0,4,872
05/28/22 04:00 PM,22.2,29,739
05/28/22 05:00 PM,21.2,31,535
05/28/22 06:00 PM,20.2,26,294
05/28/22 07:00 PM,18.9,4,134
05/28/22 08:00 PM,17.9,11,29
05/28/22 09:00 PM,17.2,19,0
05/28/22 10:00 PM,16.3,14,0
05/28/22 11:00 PM,15.4,32,0
05/29/22 12:00 AM,16.8,100,0
05/29/22 01:00 AM,16.6,100,0
05/29/22 02:00 AM,16.6,100,0
05/29/22 03:00 AM,16.6,100,0
05/29/22 04:00 AM,16.5,100,0
05/29/22 05:00 AM,15.5,100,0
05/29/22 06:00 AM,16.3,100,18
05/29/22 07:00 AM,17.6,70,129
05/29/22 08:00 AM,18.8,100,272
05/29/22 09:00 AM,19.5,100,396
05/29/22 10:00 AM,20.0,55,524
05/29/22 11:00 AM,21.0,51,808
05/29/22 12:00 PM,19.7,100,846
05/29/22 01:00 PM,20.9,72,794
05/29/22 02:00 PM,21.0,55,822
05/29/22 03:00 PM,20.8,62,772
05/29/22 04:00 PM,20.3,54,653
05/29/22 05:00 PM,19.8,79,453
05/29/22 06:00 PM,19.3,84,287
05/29/22 07:00 PM,18.3,89,119
05/29/22 08:00 PM,17.7,75,18
05/29/22 09:00 PM,17.4,90,0
05/29/22 10:00 PM,17.3,26,0
05/29/22 11:00 PM,16.5,76,0
05/30/22 12:00 AM,16.2,100,0
05/30/22 01:00 AM,17.1,100,0
05/30/22 02:00 AM,17.0,63,0
05/30/22 03:00 AM,16.4,79,0
05/30/22 04:00 AM,16.1,71,0
05/30/22 05:00 AM,15.8,56,0
05/30/22 06:00 AM,16.4,100,16
05/30/22 07:00 AM,17.1,100,75
05/30/22 08:00 AM,17.9,100,142
05/30/22 09:00 AM,18.6,100,244
05/30/22 10:00 AM,18.8,78,334
05/30/22 11:00 AM,20.5,90,745
05/30/22 12:00 PM,20.8,100,856
05/30/22 01:00 PM,21.1,97,581
05/30/22 02:00 PM,21.7,93,721
05/30/22 03:00 PM,20.9,100,459
05/30/22 04:00 PM,20.3,100,303
05/30/22 05:00 PM,19.8,100,218
05/30/22 06:00 PM,18.8,100,135
05/30/22 07:00 PM,18.3,100,66
05/30/22 08:00 PM,18.2,35,7
05/30/22 09:00 PM,17.9,25,0
05/30/22 10:00 PM,17.8,47,0
05/30/22 11:00 PM,18.0,25,0
05/31/22 12:00 AM,18.4,87,0
05/31/22 01:00 AM,18.3,100,0
05/31/22 02:00 AM,18.1,100,0
05/31/22 03:00 AM,18.0,28,0
05/31/22 04:00 AM,17.7,98,0
05/31/22 05:00 AM,17.8,97,0
05/31/22 06:00 AM,18.2,32,12
05/31/22 07:00 AM,18.9,86,131
05/31/22 08:00 AM,19.5,50,276
05/31/22 09:00 AM,19.9,63,422
05/31/22 10:00 AM,20.2,72,464
05/31/22 11:00 AM,20.8,62,518
05/31/22 12:00 PM,22.6,14,518
05/31/22 01:00 PM,23.1,16,921
05/31/22 02:00 PM,22.7,25,794
05/31/22 03:00 PM,22.6,2,715
05/31/22 04:00 PM,22.4,1,665
05/31/22 05:00 PM,21.8,5,541
05/31/22 06:00 PM,20.7,22,350
05/31/22 07:00 PM,19.6,26,148
05/31/22 08:00 PM,19.0,39,24
05/31/22 09:00 PM,18.8,41,0
05/31/22 10:00 PM,18.6,100,0
05/31/22 11:00 PM,18.7,100,0
06/01/22 12:00 AM,17.8,100,0
06/01/22 01:00 AM,17.9,100,0
06/01/22 02:00 AM,17.7,100,0
06/01/22 03:00 AM,17.7,45,0
06/01/22 04:00 AM,17.6,23,0
06/01/22 05:00 AM,17.4,20,0
06/01/22 06:00 AM,17.5,6,20
06/01/22 07:00 AM,18.4,2,150
06/01/22 08:00 AM,19.1,33,339
06/01/22 09:00 AM,19.5,47,456
06/01/22 10:00 AM,19.6,47,506
06/01/22 11:00 AM,19.7,75,561
06/01/22 12:00 PM,20.0,79,505
06/01/22 01:00 PM,19.3,55,262
06/01/22 02:00 PM,20.5,21,584
06/01/22 03:00 PM,21.3,15,800
06/01/22 04:00 PM,20.9,18,692
06/01/22 05:00 PM,20.4,11,523
06/01/22 06:00 PM,19.9,4,345
06/01/22 07:00 PM,19.0,4,171
06/01/22 08:00 PM,18.1,7,30
06/01/22 09:00 PM,17.8,8,0
06/01/22 10:00 PM,17.6,27,0
06/01/22 11:00 PM,17.7,26,0
06/02/22 12:00 AM,17.5,10,0
06/02/22 01:00 AM,17.5,53,0
06/02/22 02:00 AM,17.6,82,0
06/02/22 03:00 AM,17.5,41,0
06/02/22 04:00 AM,17.3,36,0
06/02/22 05:00 AM,17.1,79,0
06/02/22 06:00 AM,17.3,50,14
06/02/22 07:00 AM,18.1,36,141
06/02/22 08:00 AM,18.7,35,308
06/02/22 09:00 AM,19.8,39,514
06/02/22 10:00 AM,20.4,45,663
06/02/22 11:00 AM,20.6,46,771
06/02/22 12:00 PM,20.8,50,791
06/02/22 01:00 PM,21.2,44,780
06/02/22 02:00 PM,21.2,40,774
06/02/22 03:00 PM,20.9,47,718
06/02/22 04:00 PM,20.7,16,646
06/02/22 05:00 PM,20.2,10,539
06/02/22 06:00 PM,19.5,12,346
06/02/22 07:00 PM,18.8,14,170
06/02/22 08:00 PM,17.9,18,30
06/02/22 09:00 PM,17.5,9,0
06/02/22 10:00 PM,17.1,35,0
06/02/22 11:00 PM,17.1,37,0
06/03/22 12:00 AM,16.9,30,0
06/03/22 01:00 AM,16.9,25,0
06/03/22 02:00 AM,16.7,40,0
06/03/22 03:00 AM,16.3,63,0
06/03/22 04:00 AM,16.7,42,0
06/03/22 05:00 AM,16.3,15,0
06/03/22 06:00 AM,16.4,16,20
06/03/22 07:00 AM,17.6,49,141
06/03/22 08:00 AM,18.3,62,241
06/03/22 09:00 AM,18.8,69,363
06/03/22 10:00 AM,19.6,65,543
06/03/22 11:00 AM,19.4,69,600
06/03/22 12:00 PM,19.8,46,621
06/03/22 01:00 PM,20.4,35,806
06/03/22 02:00 PM,20.8,29,832
06/03/22 03:00 PM,20.6,13,740
06/03/22 04:00 PM,20.3,16,651
06/03/22 05:00 PM,19.8,23,501
06/03/22 06:00 PM,19.0,10,314
06/03/22 07:00 PM,18.2,31,169
06/03/22 08:00 PM,17.4,12,30
06/03/22 09:00 PM,16.9,18,0
06/03/22 10:00 PM,16.6,18,0
06/03/22 11:00 PM,16.2,24,0
06/04/22 12:00 AM,16.2,21,0
06/04/22 01:00 AM,16.2,26,0
06/04/22 02:00 AM,16.0,44,0
06/04/22 03:00 AM,16.0,46,0
06/04/22 04:00 AM,16.0,23,0
06/04/22 05:00 AM,15.9,28,0
06/04/22 06:00 AM,16.4,85,18
06/04/22 07:00 AM,17.2,92,89
06/04/22 08:00 AM,18.3,100,198
06/04/22 09:00 AM,18.2,100,317
06/04/22 10:00 AM,19.2,81,344
06/04/22 11:00 AM,20.5,44,649
06/04/22 12:00 PM,20.2,74,819
06/04/22 01:00 PM,21.2,78,740
06/04/22 02:00 PM,21.9,41,778
06/04/22 03:00 PM,22.1,40,708
06/04/22 04:00 PM,21.6,30,593
06/04/22 05:00 PM,21.2,24,455
06/04/22 06:00 PM,21.0,61,331
06/04/22 07:00 PM,20.5,32,143
06/04/22 08:00 PM,19.3,55,27
06/04/22 09:00 PM,18.1,4,0
06/04/22 10:00 PM,17.0,1,0
06/04/22 11:00 PM,16.4,3,0
06/05/22 12:00 AM,16.3,25,0
06/05/22 01:00 AM,16.1,9,0
06/05/22 02:00 AM,15.8,14,0
06/05/22 03:00 AM,15.7,15,0
06/05/22 04:00 AM,15.7,22,0
06/05/22 05:00 AM,15.6,16,0
06/05/22 06:00 AM,15.8,58,23
06/05/22 07:00 AM,17.2,34,150
06/05/22 08:00 AM,18.7,39,299
06/05/22 09:00 AM,20.0,90,407
06/05/22 10:00 AM,20.9,90,350
06/05/22 11:00 AM,22.7,41,554
06/05/22 12:00 PM,22.5,90,792
06/05/22 01:00 PM,23.9,22,785
06/05/22 02:00 PM,25.0,6,916
06/05/22 03:00 PM,25.9,7,857
06/05/22 04:00 PM,25.9,0,732
06/05/22 05:00 PM,23.8,0,566
06/05/22 06:00 PM,21.7,0,374
06/05/22 07:00 PM,20.0,0,185
06/05/22 08:00 PM,18.4,2,36
06/05/22 09:00 PM,17.3,4,0
06/05/22 10:00 PM,16.6,7,0
06/05/22 11:00 PM,16.1,8,0
06/06/22 12:00 AM,15.8,8,0
06/06/22 01:00 AM,15.8,7,0
06/06/22 02:00 AM,15.4,31,0
06/06/22 03:00 AM,15.2,18,0
06/06/22 04:00 AM,15.0,32,0
06/06/22 05:00 AM,15.0,7,0
06/06/22 06:00 AM,15.4,31,23
06/06/22 07:00 AM,17.2,39,134
06/06/22 08:00 AM,18.7,45,321
06/06/22 09:00 AM,20.3,17,515
06/06/22 10:00 AM,21.8,10,700
06/06/22 11:00 AM,23.5,6,833
06/06/22 12:00 PM,25.6,5,922
06/06/22 01:00 PM,26.9,30,950
06/06/22 02:00 PM,27.8,30,899
06/06/22 03:00 PM,27.8,17,801
06/06/22 04:00 PM,27.5,30,709
06/06/22 05:00 PM,26.4,30,538
06/06/22 06:00 PM,24.2,22,320
06/06/22 07:00 PM,22.2,1,163
06/06/22 08:00 PM,20.5,26,35
06/06/22 09:00 PM,19.8,59,0
06/06/22 10:00 PM,19.5,85,0
06/06/22 11:00 PM,19.5,83,0
06/07/22 12:00 AM,18.3,63,0
06/07/22 01:00 AM,18.4,90,0
06/07/22 02:00 AM,19.2,90,0
06/07/22 03:00 AM,19.4,67,0
06/07/22 04:00 AM,19.1,43,0
06/07/22 05:00 AM,18.6,22,0
06/07/22 06:00 AM,18.5,55,21
06/07/22 07:00 AM,19.6,22,155
06/07/22 08:00 AM,20.5,24,329
06/07/22 09:00 AM,22.0,16,519
06/07/22 10:00 AM,24.1,0,695
06/07/22 11:00 AM,26.0,0,838
06/07/22 12:00 PM,27.2,0,927
06/07/22 01:00 PM,28.2,0,962
06/07/22 02:00 PM,28.0,0,936
06/07/22 03:00 PM,27.9,0,855
06/07/22 04:00 PM,27.0,0,727
06/07/22 05:00 PM,25.9,0,560
06/07/22 06:00 PM,24.5,0,371
06/07/22 07:00 PM,22.5,0,183
06/07/22 08:00 PM,20.2,0,36
06/07/22 09:00 PM,19.3,0,0
06/07/22 10:00 PM,18.8,0,0
06/07/22 11:00 PM,18.3,27,0
06/08/22 12:00 AM,17.7,5,0
06/08/22 01:00 AM,17.5,17,0
06/08/22 02:00 AM,17.6,93,0
06/08/22 03:00 AM,19.2,100,0
06/08/22 04:00 AM,19.4,57,0
06/08/22 05:00 AM,18.3,76,0
06/08/22 06:00 AM,18.9,100,19
06/08/22 07:00 AM,20.2,100,112
06/08/22 08:00 AM,20.9,100,160
06/08/22 09:00 AM,22.4,94,340
06/08/22 10:00 AM,24.7,56,599
06/08/22 11:00 AM,26.1,49,716
06/08/22 12:00 PM,27.4,34,841
06/08/22 01:00 PM,28.4,32,906
06/08/22 02:00 PM,28.4,30,873
06/08/22 03:00 PM,28.3,30,802
06/08/22 04:00 PM,27.4,25,712
06/08/22 05:00 PM,26.1,4,548
06/08/22 06:00 PM,24.2,31,368
06/08/22 07:00 PM,22.8,42,176
06/08/22 08:00 PM,21.4,92,34
06/08/22 09:00 PM,21.0,90,0
06/08/22 10:00 PM,20.9,22,0
06/08/22 11:00 PM,20.1,64,0
06/09/22 12:00 AM,19.6,72,0
06/09/22 01:00 AM,19.2,70,0
06/09/22 02:00 AM,19.3,90,0
06/09/22 03:00 AM,19.1,90,0
06/09/22 04:00 AM,19.2,96,0
06/09/22 05:00 AM,19.2,97,0
06/09/22 06:00 AM,19.4,78,13
06/09/22 07:00 AM,20.1,53,126
06/09/22 08:00 AM,21.1,24,300
06/09/22 09:00 AM,22.9,9,513
06/09/22 10:00 AM,25.0,0,686
06/09/22 11:00 AM,26.9,0,830
06/09/22 12:00 PM,28.3,0,916
06/09/22 01:00 PM,29.4,0,951
06/09/22 02:00 PM,29.8,14,926
06/09/22 03:00 PM,29.8,23,846
06/09/22 04:00 PM,29.5,30,718
06/09/22 05:00 PM,28.3,18,551
06/09/22 06:00 PM,25.2,8,367
06/09/22 07:00 PM,23.3,6,183
06/09/22 08:00 PM,21.5,1,38
06/09/22 09:00 PM,20.5,1,0
06/09/22 10:00 PM,20.1,0,0
06/09/22 11:00 PM,19.9,0,0
06/10/22 12:00 AM,19.9,0,0
06/10/22 01:00 AM,19.8,0,0
06/10/22 02:00 AM,19.8,0,0
06/10/22 03:00 AM,19.7,0,0
06/10/22 04:00 AM,19.3,0,0
06/10/22 05:00 AM,19.0,0,0
06/10/22 06:00 AM,19.5,0,23
06/10/22 07:00 AM,21.2,0,155
06/10/22 08:00 AM,23.6,0,337
06/10/22 09:00 AM,26.3,0,524
06/10/22 10:00 AM,28.9,0,693
06/10/22 11:00 AM,30.7,0,826
06/10/22 12:00 PM,32.2,0,912
06/10/22 01:00 PM,33.4,0,944
06/10/22 02:00 PM,34.3,0,921
06/10/22 03:00 PM,34.0,0,844
06/10/22 04:00 PM,33.1,1,710
06/10/22 05:00 PM,31.2,0,550
06/10/22 06:00 PM,28.9,0,369
06/10/22 07:00 PM,26.6,0,185
06/10/22 08:00 PM,24.5,0,39
06/10/22 09:00 PM,23.1,0,0
06/10/22 10:00 PM,22.3,0,0
06/10/22 11:00 PM,21.7,0,0
06/11/22 12:00 AM,21.1,0,0
06/11/22 01:00 AM,20.4,2,0
06/11/22 02:00 AM,20.0,0,0
06/11/22 03:00 AM,19.7,0,0
06/11/22 04:00 AM,19.4,0,0
06/11/22 05:00 AM,19.2,2,0
06/11/22 06:00 AM,19.5,3,24
06/11/22 07:00 AM,20.8,8,154
06/11/22 08:00 AM,22.9,3,334
06/11/22 09:00 AM,25.5,3,526
06/11/22 10:00 AM,27.9,5,694
06/11/22 11:00 AM,30.2,9,827
06/11/22 12:00 PM,30.6,5,913
06/11/22 01:00 PM,32.4,1,946
06/11/22 02:00 PM,33.5,0,925
06/11/22 03:00 PM,34.3,0,848
06/11/22 04:00 PM,33.9,0,723
06/11/22 05:00 PM,32.3,1,559
06/11/22 06:00 PM,30.1,4,374
06/11/22 07:00 PM,27.6,6,186
06/11/22 08:00 PM,24.9,0,39
06/11/22 09:00 PM,23.3,0,0
06/11/22 10:00 PM,22.2,0,0
06/11/22 11:00 PM,21.6,1,0
06/12/22 12:00 AM,21.5,0,0
06/12/22 01:00 AM,20.9,12,0
06/12/22 02:00 AM,20.4,7,0
06/12/22 03:00 AM,19.9,0,0
06/12/22 04:00 AM,19.3,0,0
06/12/22 05:00 AM,19.1,0,0
06/12/22 06:00 AM,19.6,0,24
06/12/22 07:00 AM,21.5,0,156
06/12/22 08:00 AM,24.1,0,341
06/12/22 09:00 AM,27.0,0,529
06/12/22 10:00 AM,29.6,0,698
06/12/22 11:00 AM,32.0,0,840
06/12/22 12:00 PM,32.4,0,931
06/12/22 01:00 PM,34.2,0,952
06/12/22 02:00 PM,34.9,0,931
06/12/22 03:00 PM,35.7,0,852
06/12/22 04:00 PM,35.7,0,726
06/12/22 05:00 PM,33.7,0,562
06/12/22 06:00 PM,31.9,0,374
06/12/22 07:00 PM,29.3,0,189
06/12/22 08:00 PM,26.8,0,41
06/12/22 09:00 PM,25.3,0,0
06/12/22 10:00 PM,23.6,0,0
06/12/22 11:00 PM,22.5,0,0
06/13/22 12:00 AM,22.3,0,0
06/13/22 01:00 AM,21.4,0,0
06/13/22 02:00 AM,19.8,0,0
06/13/22 03:00 AM,19.3,0,0
06/13/22 04:00 AM,18.6,0,0
06/13/22 05:00 AM,19.4,4,0
06/13/22 06:00 AM,20.9,10,24
06/13/22 07:00 AM,22.5,0,158
06/13/22 08:00 AM,24.2,1,346
06/13/22 09:00 AM,25.4,1,537
06/13/22 10:00 AM,26.8,1,709
06/13/22 11:00 AM,28.3,2,842
06/13/22 12:00 PM,30.2,13,924
06/13/22 01:00 PM,30.8,0,898
06/13/22 02:00 PM,31.1,0,937
06/13/22 03:00 PM,30.7,0,845
06/13/22 04:00 PM,29.5,17,710
06/13/22 05:00 PM,27.9,18,501
06/13/22 06:00 PM,26.5,8,347
06/13/22 07:00 PM,24.7,1,172
06/13/22 08:00 PM,23.0,0,40
06/13/22 09:00 PM,21.9,1,0
06/13/22 10:00 PM,20.9,0,0
06/13/22 11:00 PM,20.0,8,0
06/14/22 12:00 AM,19.2,69,0
06/14/22 01:00 AM,18.5,75,0
06/14/22 02:00 AM,18.1,76,0
06/14/22 03:00 AM,18.1,71,0
06/14/22 04:00 AM,17.6,58,0
06/14/22 05:00 AM,17.6,58,0
06/14/22 06:00 AM,17.9,71,22
06/14/22 07:00 AM,19.1,73,125
06/14/22 08:00 AM,20.8,30,272
06/14/22 09:00 AM,22.9,29,473
06/14/22 10:00 AM,24.7,30,658
06/14/22 11:00 AM,26.3,15,810
06/14/22 12:00 PM,27.3,29,916
06/14/22 01:00 PM,28.9,30,952
06/14/22 02:00 PM,30.3,30,916
06/14/22 03:00 PM,30.7,28,848
06/14/22 04:00 PM,30.5,1,735
06/14/22 05:00 PM,28.7,2,578
06/14/22 06:00 PM,26.9,0,387
06/14/22 07:00 PM,24.2,0,197
06/14/22 08:00 PM,21.4,0,43
06/14/22 09:00 PM,19.9,0,0
06/14/22 10:00 PM,19.6,2,0
06/14/22 11:00 PM,19.2,13,0
06/15/22 12:00 AM,19.1,3,0
06/15/22 01:00 AM,18.6,9,0
06/15/22 02:00 AM,18.3,3,0
06/15/22 03:00 AM,17.8,14,0
06/15/22 04:00 AM,17.5,5,0
06/15/22 05:00 AM,16.7,14,0
06/15/22 06:00 AM,17.4,30,23
06/15/22 07:00 AM,19.0,80,99
06/15/22 08:00 AM,21.5,13,314
06/15/22 09:00 AM,24.0,17,486
06/15/22 10:00 AM,26.4,12,647
06/15/22 11:00 AM,26.4,11,806
06/15/22 12:00 PM,29.3,31,874
06/15/22 01:00 PM,29.0,31,886
06/15/22 02:00 PM,26.2,22,770
06/15/22 03:00 PM,29.2,46,808
06/15/22 04:00 PM,28.4,80,251
06/15/22 05:00 PM,27.1,37,102
06/15/22 06:00 PM,26.2,1,336
06/15/22 07:00 PM,22.5,0,189
06/15/22 08:00 PM,19.9,4,42
06/15/22 09:00 PM,18.8,18,0
06/15/22 10:00 PM,18.3,27,0
06/15/22 11:00 PM,17.8,16,0
06/16/22 12:00 AM,16.0,0,0
06/16/22 01:00 AM,15.4,6,0
06/16/22 02:00 AM,14.9,29,0
06/16/22 03:00 AM,15.2,18,0
06/16/22 04:00 AM,14.1,29,0
06/16/22 05:00 AM,14.5,19,0
06/16/22 06:00 AM,15.4,47,24
06/16/22 07:00 AM,18.0,41,133
06/16/22 08:00 AM,19.2,50,278
06/16/22 09:00 AM,20.9,82,481
06/16/22 10:00 AM,20.3,76,275
06/16/22 11:00 AM,20.6,86,547
06/16/22 12:00 PM,19.7,57,446
06/16/22 01:00 PM,22.7,72,743
06/16/22 02:00 PM,24.2,83,627
06/16/22 03:00 PM,23.5,82,347
06/16/22 04:00 PM,24.5,71,421
06/16/22 05:00 PM,24.2,81,311
06/16/22 06:00 PM,21.8,36,147
06/16/22 07:00 PM,20.9,6,137
06/16/22 08:00 PM,19.3,4,41
06/16/22 09:00 PM,17.9,0,0
06/16/22 10:00 PM,17.5,0,0
06/16/22 11:00 PM,17.2,20,0
06/17/22 12:00 AM,16.9,30,0
06/17/22 01:00 AM,16.8,30,0
06/17/22 02:00 AM,16.9,33,0
06/17/22 03:00 AM,17.1,21,0
06/17/22 04:00 AM,16.2,11,0
06/17/22 05:00 AM,15.1,27,0
06/17/22 06:00 AM,16.4,23,23
06/17/22 07:00 AM,17.9,15,149
06/17/22 08:00 AM,19.6,28,338
06/17/22 09:00 AM,21.2,38,514
06/17/22 10:00 AM,22.4,19,654
06/17/22 11:00 AM,23.5,5,826
06/17/22 12:00 PM,23.8,41,889
06/17/22 01:00 PM,24.8,32,825
06/17/22 02:00 PM,25.9,37,843
06/17/22 03:00 PM,25.6,29,736
06/17/22 04:00 PM,25.0,21,714
06/17/22 05:00 PM,23.4,16,553
06/17/22 06:00 PM,23.1,7,372
06/17/22 07:00 PM,22.0,2,196
06/17/22 08:00 PM,20.3,9,44
06/17/22 09:00 PM,19.3,8,0
06/17/22 10:00 PM,18.4,3,0
06/17/22 11:00 PM,17.5,8,0
06/18/22 12:00 AM,17.3,25,0
06/18/22 01:00 AM,17.3,30,0
06/18/22 02:00 AM,17.4,28,0
06/18/22 03:00 AM,17.0,11,0
06/18/22 04:00 AM,16.4,15,0
06/18/22 05:00 AM,16.1,10,0
06/18/22 06:00 AM,16.5,2,24
06/18/22 07:00 AM,18.1,6,160
06/18/22 08:00 AM,19.7,37,340
06/18/22 09:00 AM,21.0,90,461
06/18/22 10:00 AM,21.4,42,409
06/18/22 11:00 AM,22.6,48,779
06/18/22 12:00 PM,22.8,6,836
06/18/22 01:00 PM,22.9,13,955
06/18/22 02:00 PM,22.8,42,924
06/18/22 03:00 PM,22.3,44,826
06/18/22 04:00 PM,21.5,22,606
06/18/22 05:00 PM,21.3,36,541
06/18/22 06:00 PM,20.4,45,349
06/18/22 07:00 PM,19.8,95,159
06/18/22 08:00 PM,19.3,88,26
06/18/22 09:00 PM,18.7,53,0
06/18/22 10:00 PM,18.6,22,0
06/18/22 11:00 PM,17.9,38,0
06/19/22 12:00 AM,18.0,20,0
06/19/22 01:00 AM,17.3,90,0
06/19/22 02:00 AM,17.1,32,0
06/19/22 03:00 AM,17.0,26,0
06/19/22 04:00 AM,16.8,22,0
06/19/22 05:00 AM,16.7,26,0
06/19/22 06:00 AM,16.9,78,20
06/19/22 07:00 AM,17.9,98,69
06/19/22 08:00 AM,19.0,57,179
06/19/22 09:00 AM,20.6,64,381
06/19/22 10:00 AM,21.4,47,557
06/19/22 11:00 AM,21.8,73,616
06/19/22 12:00 PM,24.0,95,748
06/19/22 01:00 PM,22.9,82,511
06/19/22 02:00 PM,23.2,38,784
06/19/22 03:00 PM,24.0,57,751
06/19/22 04:00 PM,23.9,33,601
06/19/22 05:00 PM,23.4,40,417
06/19/22 06:00 PM,22.6,10,320
06/19/22 07:00 PM,20.8,21,190
06/19/22 08:00 PM,19.4,30,43
06/19/22 09:00 PM,18.0,10,0
06/19/22 10:00 PM,16.9,9,0
06/19/22 11:00 PM,16.5,9,0
06/20/22 12:00 AM,16.5,100,0
06/20/22 01:00 AM,16.4,77,0
06/20/22 02:00 AM,15.8,55,0
06/20/22 03:00 AM,15.7,51,0
06/20/22 04:00 AM,15.5,43,0
06/20/22 05:00 AM,15.1,26,0
06/20/22 06:00 AM,15.3,20,23
06/20/22 07:00 AM,16.6,10,157
06/20/22 08:00 AM,17.9,17,337
06/20/22 09:00 AM,19.2,17,495
06/20/22 10:00 AM,20.7,75,618
06/20/22 11:00 AM,21.3,100,560
06/20/22 12:00 PM,21.0,100,570
06/20/22 01:00 PM,21.5,100,528
06/20/22 02:00 PM,21.7,100,521
06/20/22 03:00 PM,22.0,100,473
06/20/22 04:00 PM,21.5,100,396
06/20/22 05:00 PM,21.0,66,253
06/20/22 06:00 PM,20.4,22,268
06/20/22 07:00 PM,19.6,50,178
06/20/22 08:00 PM,18.5,0,36
06/20/22 09:00 PM,17.3,0,0
06/20/22 10:00 PM,16.7,1,0
06/20/22 11:00 PM,15.9,1,0
06/21/22 12:00 AM,15.3,1,0
06/21/22 01:00 AM,14.8,0,0
06/21/22 02:00 AM,14.4,5,0
06/21/22 03:00 AM,14.2,13,0
06/21/22 04:00 AM,13.6,8,0
06/21/22 05:00 AM,13.8,5,0
06/21/22 06:00 AM,14.7,6,23
06/21/22 07:00 AM,16.6,19,155
06/21/22 08:00 AM,18.1,43,332
06/21/22 09:00 AM,19.3,93,415
06/21/22 10:00 AM,19.6,77,432
06/21/22 11:00 AM,20.0,80,571
06/21/22 12:00 PM,19.7,100,572
06/21/22 01:00 PM,20.2,57,366
06/21/22 02:00 PM,20.8,69,653
06/21/22 03:00 PM,20.8,93,561
06/21/22 04:00 PM,19.4,86,267
06/21/22 05:00 PM,19.6,22,378
06/21/22 06:00 PM,19.2,15,349
06/21/22 07:00 PM,18.3,44,185
06/21/22 08:00 PM,17.3,52,39
06/21/22 09:00 PM,16.9,18,0
06/21/22 10:00 PM,16.4,6,0
06/21/22 11:00 PM,16.3,12,0
06/22/22 12:00 AM,16.2,22,0
06/22/22 01:00 AM,15.9,75,0
06/22/22 02:00 AM,16.3,29,0
06/22/22 03:00 AM,15.9,51,0
06/22/22 04:00 AM,15.8,26,0
06/22/22 05:00 AM,15.5,26,0
06/22/22 06:00 AM,16.1,68,19
06/22/22 07:00 AM,17.3,68,106
06/22/22 08:00 AM,18.4,43,190
06/22/22 09:00 AM,20.0,31,417
06/22/22 10:00 AM,21.4,28,622
06/22/22 11:00 AM,22.3,63,777
06/22/22 12:00 PM,19.8,62,698
06/22/22 01:00 PM,21.6,17,501
06/22/22 02:00 PM,23.1,16,889
06/22/22 03:00 PM,22.3,9,804
06/22/22 04:00 PM,21.8,11,714
06/22/22 05:00 PM,21.1,6,547
06/22/22 06:00 PM,20.3,20,379
06/22/22 07:00 PM,19.4,21,183
06/22/22 08:00 PM,18.2,21,43
06/22/22 09:00 PM,17.4,31,0
06/22/22 10:00 PM,16.8,45,0
06/22/22 11:00 PM,16.0,3,0
06/23/22 12:00 AM,15.5,24,0
06/23/22 01:00 AM,15.4,100,0
06/23/22 02:00 AM,16.5,100,0
06/23/22 03:00 AM,16.4,100,0
06/23/22 04:00 AM,16.4,83,0
06/23/22 05:00 AM,15.2,100,0
06/23/22 06:00 AM,16.0,100,8
06/23/22 07:00 AM,16.3,100,42
06/23/22 08:00 AM,17.2,98,123
06/23/22 09:00 AM,18.5,98,330
06/23/22 10:00 AM,19.6,38,416
06/23/22 11:00 AM,21.0,52,774
06/23/22 12:00 PM,18.1,100,807
06/23/22 01:00 PM,20.4,3,516
06/23/22 02:00 PM,22.6,42,900
06/23/22 03:00 PM,23.1,83,776
06/23/22 04:00 PM,22.4,22,531
06/23/22 05:00 PM,22.1,10,530
06/23/22 06:00 PM,21.4,10,380
06/23/22 07:00 PM,20.5,18,187
06/23/22 08:00 PM,19.3,3,43
06/23/22 09:00 PM,18.3,8,0
06/23/22 10:00 PM,17.7,3,0
06/23/22 11:00 PM,16.9,1,0
06/24/22 12:00 AM,16.7,3,0
06/24/22 01:00 AM,16.2,16,0
06/24/22 02:00 AM,16.0,17,0
06/24/22 03:00 AM,15.6,17,0
06/24/22 04:00 AM,15.3,11,0
06/24/22 05:00 AM,15.0,11,0
06/24/22 06:00 AM,15.8,10,22
06/24/22 07:00 AM,17.8,18,152
06/24/22 08:00 AM,19.3,66,319
06/24/22 09:00 AM,19.8,90,337
06/24/22 10:00 AM,20.7,90,403
06/24/22 11:00 AM,21.2,90,425
06/24/22 12:00 PM,21.5,90,425
06/24/22 01:00 PM,22.0,90,511
06/24/22 02:00 PM,21.9,90,493
06/24/22 03:00 PM,22.2,65,615
06/24/22 04:00 PM,21.4,90,507
06/24/22 05:00 PM,21.4,90,419
06/24/22 06:00 PM,20.8,1,320
06/24/22 07:00 PM,19.7,0,201
06/24/22 08:00 PM,18.8,0,47
06/24/22 09:00 PM,18.1,6,0
06/24/22 10:00 PM,17.7,9,0
06/24/22 11:00 PM,17.2,7,0
06/25/22 12:00 AM,16.8,8,0
06/25/22 01:00 AM,16.6,24,0
06/25/22 02:00 AM,16.3,17,0
06/25/22 03:00 AM,16.1,11,0
06/25/22 04:00 AM,16.0,25,0
06/25/22 05:00 AM,16.1,100,0
06/25/22 06:00 AM,17.2,90,10
06/25/22 07:00 AM,17.9,26,73
06/25/22 08:00 AM,19.1,14,300
06/25/22 09:00 AM,20.4,3,510
06/25/22 10:00 AM,21.7,12,695
06/25/22 11:00 AM,22.6,15,805
06/25/22 12:00 PM,23.8,14,905
06/25/22 01:00 PM,24.7,20,951
06/25/22 02:00 PM,24.7,22,934
06/25/22 03:00 PM,23.7,14,834
06/25/22 04:00 PM,23.1,1,737
06/25/22 05:00 PM,22.0,0,594
06/25/22 06:00 PM,20.8,0,408
06/25/22 07:00 PM,19.1,0,211
06/25/22 08:00 PM,18.2,0,50
06/25/22 09:00 PM,17.3,0,0
06/25/22 10:00 PM,16.7,0,0
06/25/22 11:00 PM,16.0,6,0
06/26/22 12:00 AM,15.5,0,0
06/26/22 01:00 AM,15.3,0,0
06/26/22 02:00 AM,15.1,2,0
06/26/22 03:00 AM,14.8,6,0
06/26/22 04:00 AM,14.7,17,0
06/26/22 05:00 AM,14.6,8,0
06/26/22 06:00 AM,14.9,14,21
06/26/22 07:00 AM,16.5,34,149
06/26/22 08:00 AM,17.6,29,287
06/26/22 09:00 AM,19.0,54,477
06/26/22 10:00 AM,20.0,93,569
06/26/22 11:00 AM,20.4,100,566
06/26/22 12:00 PM,22.2,46,701
06/26/22 01:00 PM,23.0,34,823
06/26/22 02:00 PM,23.6,28,846
06/26/22 03:00 PM,23.2,20,799
06/26/22 04:00 PM,22.8,21,712
06/26/22 05:00 PM,22.1,33,559
06/26/22 06:00 PM,20.5,32,341
06/26/22 07:00 PM,19.1,5,203
06/26/22 08:00 PM,17.9,4,48
06/26/22 09:00 PM,17.1,40,0
06/26/22 10:00 PM,16.6,26,0
06/26/22 11:00 PM,16.1,34,0
06/27/22 12:00 AM,15.9,5,0
06/27/22 01:00 AM,15.8,2,0
06/27/22 02:00 AM,15.6,8,0
06/27/22 03:00 AM,15.5,6,0
06/27/22 04:00 AM,15.2,2,0
06/27/22 05:00 AM,15.0,0,0
06/27/22 06:00 AM,15.3,0,22
06/27/22 07:00 AM,16.7,2,157
06/27/22 08:00 AM,18.0,1,349
06/27/22 09:00 AM,19.5,0,546
06/27/22 10:00 AM,20.8,1,725
06/27/22 11:00 AM,21.8,1,863
06/27/22 12:00 PM,22.8,0,955
06/27/22 01:00 PM,23.6,0,997
06/27/22 02:00 PM,24.0,0,978
06/27/22 03:00 PM,24.0,0,902
06/27/22 04:00 PM,23.3,0,774
06/27/22 05:00 PM,21.9,0,604
06/27/22 06:00 PM,20.9,0,411
06/27/22 07:00 PM,19.2,0,214
06/27/22 08:00 PM,17.8,0,51
06/27/22 09:00 PM,16.7,0,0
06/27/22 10:00 PM,16.2,0,0
06/27/22 11:00 PM,15.8,0,0
06/28/22 12:00 AM,15.3,0,0
06/28/22 01:00 AM,15.1,0,0
06/28/22 02:00 AM,14.9,0,0
06/28/22 03:00 AM,14.7,0,0
06/28/22 04:00 AM,14.6,0,0
06/28/22 05:00 AM,14.6,0,0
06/28/22 06:00 AM,15.1,2,22
06/28/22 07:00 AM,16.7,5,155
06/28/22 08:00 AM,18.4,0,344
06/28/22 09:00 AM,20.4,1,539
06/28/22 10:00 AM,22.3,0,714
06/28/22 11:00 AM,24.2,0,854
06/28/22 12:00 PM,26.0,0,947
06/28/22 01:00 PM,27.5,0,986
06/28/22 02:00 PM,28.1,0,964
06/28/22 03:00 PM,27.4,0,885
06/28/22 04:00 PM,25.5,0,758
06/28/22 05:00 PM,23.7,0,593
06/28/22 06:00 PM,22.1,0,403
06/28/22 07:00 PM,20.3,0,211
06/28/22 08:00 PM,18.4,0,50
06/28/22 09:00 PM,17.6,15,0
06/28/22 10:00 PM,17.2,1,0
06/28/22 11:00 PM,17.0,6,0
06/29/22 12:00 AM,17.0,21,0
06/29/22 01:00 AM,16.8,24,0
06/29/22 02:00 AM,16.7,22,0
06/29/22 03:00 AM,16.4,21,0
06/29/22 04:00 AM,16.3,19,0
06/29/22 05:00 AM,16.2,35,0
06/29/22 06:00 AM,16.6,32,19
06/29/22 07:00 AM,18.4,89,141
06/29/22 08:00 AM,19.6,76,194
06/29/22 09:00 AM,20.7,64,334
06/29/22 10:00 AM,21.9,22,564
06/29/22 11:00 AM,23.7,28,781
06/29/22 12:00 PM,23.3,8,854
06/29/22 01:00 PM,24.6,12,951
06/29/22 02:00 PM,24.4,19,930
06/29/22 03:00 PM,24.0,11,843
06/29/22 04:00 PM,22.7,23,731
06/29/22 05:00 PM,21.5,14,549
06/29/22 06:00 PM,20.3,15,384
06/29/22 07:00 PM,18.8,22,195
06/29/22 08:00 PM,17.8,41,47
06/29/22 09:00 PM,16.8,38,0
06/29/22 10:00 PM,16.3,54,0
06/29/22 11:00 PM,16.1,26,0
06/30/22 12:00 AM,16.3,9,0
06/30/22 01:00 AM,16.0,0,0
06/30/22 02:00 AM,15.7,0,0
06/30/22 03:00 AM,15.3,4,0
06/30/22 04:00 AM,15.1,6,0
06/30/22 05:00 AM,15.0,11,0
06/30/22 06:00 AM,15.3,9,20
06/30/22 07:00 AM,16.2,0,153
06/30/22 08:00 AM,17.6,11,342
06/30/22 09:00 AM,19.1,22,534
06/30/22 10:00 AM,20.5,30,707
06/30/22 11:00 AM,21.6,8,797
06/30/22 12:00 PM,23.3,23,936
06/30/22 01:00 PM,24.1,29,969
06/30/22 02:00 PM,24.6,8,923
06/30/22 03:00 PM,24.7,14,873
06/30/22 04:00 PM,24.0,6,743
06/30/22 05:00 PM,22.6,7,583
06/30/22 06:00 PM,21.3,4,394
06/30/22 07:00 PM,19.8,1,205
06/30/22 08:00 PM,18.5,0,48
06/30/22 09:00 PM,17.8,0,0
06/30/22 10:00 PM,17.1,0,0
06/30/22 11:00 PM,16.6,0,0
07/01/22 12:00 AM,16.3,0,0
07/01/22 01:00 AM,16.0,0,0
07/01/22 02:00 AM,15.8,0,0
07/01/22 03:00 AM,15.6,0,0
07/01/22 04:00 AM,15.4,0,0
07/01/22 05:00 AM,15.3,0,0
07/01/22 06:00 AM,15.5,0,19
07/01/22 07:00 AM,16.9,0,149
07/01/22 08:00 AM,18.8,0,333
07/01/22 09:00 AM,21.2,0,524
07/01/22 10:00 AM,23.7,0,697
07/01/22 11:00 AM,26.1,0,835
07/01/22 12:00 PM,27.7,0,928
07/01/22 01:00 PM,29.3,0,967
07/01/22 02:00 PM,29.7,0,947
07/01/22 03:00 PM,29.3,0,871
07/01/22 04:00 PM,28.6,0,746
07/01/22 05:00 PM,27.1,0,584
07/01/22 06:00 PM,25.6,1,397
07/01/22 07:00 PM,23.1,1,207
07/01/22 08:00 PM,20.9,1,49
07/01/22 09:00 PM,19.3,1,0
07/01/22 10:00 PM,18.4,7,0
07/01/22 11:00 PM,17.8,20,0
07/02/22 12:00 AM,17.2,29,0
07/02/22 01:00 AM,16.6,20,0
07/02/22 02:00 AM,16.1,1,0
07/02/22 03:00 AM,15.7,13,0
07/02/22 04:00 AM,15.5,34,0
07/02/22 05:00 AM,15.4,38,0
07/02/22 06:00 AM,15.9,38,18
07/02/22 07:00 AM,17.7,22,138
07/02/22 08:00 AM,19.8,13,329
07/02/22 09:00 AM,22.2,5,505
07/02/22 10:00 AM,24.8,0,687
07/02/22 11:00 AM,26.6,0,826
07/02/22 12:00 PM,27.7,0,917
07/02/22 01:00 PM,29.3,0,953
07/02/22 02:00 PM,30.2,1,933
07/02/22 03:00 PM,30.7,2,845
07/02/22 04:00 PM,31.1,1,723
07/02/22 05:00 PM,30.5,1,570
07/02/22 06:00 PM,28.6,2,385
07/02/22 07:00 PM,26.7,0,197
07/02/22 08:00 PM,24.6,1,47
07/02/22 09:00 PM,23.2,1,0
07/02/22 10:00 PM,21.8,0,0
07/02/22 11:00 PM,20.5,0,0
07/03/22 12:00 AM,19.3,0,0
07/03/22 01:00 AM,19.2,1,0
07/03/22 02:00 AM,19.0,25,0
07/03/22 03:00 AM,18.5,36,0
07/03/22 04:00 AM,17.8,24,0
07/03/22 05:00 AM,17.0,14,0
07/03/22 06:00 AM,17.7,1,17
07/03/22 07:00 AM,19.2,0,142
07/03/22 08:00 AM,20.4,4,325
07/03/22 09:00 AM,21.5,6,512
07/03/22 10:00 AM,22.9,15,681
07/03/22 11:00 AM,24.3,47,814
07/03/22 12:00 PM,22.0,49,910
07/03/22 01:00 PM,22.5,14,944
07/03/22 02:00 PM,23.7,5,917
07/03/22 03:00 PM,24.2,3,857
07/03/22 04:00 PM,24.4,0,738
07/03/22 05:00 PM,24.1,1,579
07/03/22 06:00 PM,23.4,3,391
07/03/22 07:00 PM,22.8,0,200
07/03/22 08:00 PM,21.4,0,47
07/03/22 09:00 PM,20.3,0,0
07/03/22 10:00 PM,19.3,0,0
07/03/22 11:00 PM,18.5,4,0
07/04/22 12:00 AM,18.0,0,0
07/04/22 01:00 AM,17.5,14,0
07/04/22 02:00 AM,17.2,35,0
07/04/22 03:00 AM,17.3,57,0
07/04/22 04:00 AM,17.3,90,0
07/04/22 05:00 AM,17.7,90,0
07/04/22 06:00 AM,18.2,90,9
07/04/22 07:00 AM,18.8,90,57
07/04/22 08:00 AM,19.6,90,166
07/04/22 09:00 AM,19.9,90,196
07/04/22 10:00 AM,20.8,89,345
07/04/22 11:00 AM,22.2,52,468
07/04/22 12:00 PM,22.5,47,818
07/04/22 01:00 PM,23.1,7,947
07/04/22 02:00 PM,23.4,4,940
07/04/22 03:00 PM,23.9,0,859
07/04/22 04:00 PM,23.9,0,740
07/04/22 05:00 PM,23.7,0,576
07/04/22 06:00 PM,23.3,0,393
07/04/22 07:00 PM,22.7,0,203
07/04/22 08:00 PM,21.3,0,48
07/04/22 09:00 PM,20.0,0,0
07/04/22 10:00 PM,19.2,1,0
07/04/22 11:00 PM,18.6,0,0
07/05/22 12:00 AM,18.3,5,0
07/05/22 01:00 AM,17.6,4,0
07/05/22 02:00 AM,17.3,4,0
07/05/22 03:00 AM,17.0,12,0
07/05/22 04:00 AM,16.9,6,0
07/05/22 05:00 AM,16.6,6,0
07/05/22 06:00 AM,17.1,58,17
07/05/22 07:00 AM,18.8,46,126
07/05/22 08:00 AM,21.0,47,286
07/05/22 09:00 AM,22.6,20,474
07/05/22 10:00 AM,24.3,1,680
07/05/22 11:00 AM,25.8,0,830
07/05/22 12:00 PM,26.5,0,920
07/05/22 01:00 PM,27.8,0,961
07/05/22 02:00 PM,28.3,0,941
07/05/22 03:00 PM,28.1,0,866
07/05/22 04:00 PM,27.4,0,744
07/05/22 05:00 PM,27.1,0,580
07/05/22 06:00 PM,25.8,0,392
07/05/22 07:00 PM,23.6,0,204
07/05/22 08:00 PM,21.8,0,48
07/05/22 09:00 PM,20.6,1,0
07/05/22 10:00 PM,19.7,0,0
07/05/22 11:00 PM,18.8,0,0
07/06/22 12:00 AM,19.4,78,0
07/06/22 01:00 AM,19.5,90,0
07/06/22 02:00 AM,19.6,90,0
07/06/22 03:00 AM,19.6,90,0
07/06/22 04:00 AM,19.3,90,0
07/06/22 05:00 AM,19.1,90,0
07/06/22 06:00 AM,19.1,90,8
07/06/22 07:00 AM,19.6,90,73
07/06/22 08:00 AM,21.1,40,195
07/06/22 09:00 AM,23.2,30,433
07/06/22 10:00 AM,24.6,11,666
07/06/22 11:00 AM,25.3,34,809
07/06/22 12:00 PM,26.2,19,902
07/06/22 01:00 PM,27.4,0,948
07/06/22 02:00 PM,28.4,0,940
07/06/22 03:00 PM,28.9,0,867
07/06/22 04:00 PM,28.8,0,743
07/06/22 05:00 PM,28.8,0,580
07/06/22 06:00 PM,28.3,0,393
07/06/22 07:00 PM,27.0,0,203
07/06/22 08:00 PM,25.2,0,47
07/06/22 09:00 PM,23.8,0,0
07/06/22 10:00 PM,23.1,0,0
07/06/22 11:00 PM,22.4,0,0
07/07/22 12:00 AM,22.0,0,0
07/07/22 01:00 AM,21.7,0,0
07/07/22 02:00 AM,21.5,0,0
07/07/22 03:00 AM,21.3,0,0
07/07/22 04:00 AM,21.2,0,0
07/07/22 05:00 AM,20.8,0,0
07/07/22 06:00 AM,20.8,0,16
07/07/22 07:00 AM,23.1,0,141
07/07/22 08:00 AM,26.1,0,325
07/07/22 09:00 AM,29.2,0,517
07/07/22 10:00 AM,31.7,0,690
07/07/22 11:00 AM,33.6,0,830
07/07/22 12:00 PM,34.2,0,923
07/07/22 01:00 PM,35.9,0,959
07/07/22 02:00 PM,37.1,0,941
07/07/22 03:00 PM,37.7,0,865
07/07/22 04:00 PM,37.7,0,741
07/07/22 05:00 PM,37.3,0,581
07/07/22 06:00 PM,34.9,0,394
07/07/22 07:00 PM,33.4,0,201
07/07/22 08:00 PM,30.4,0,47
07/07/22 09:00 PM,28.9,0,0
07/07/22 10:00 PM,28.0,0,0
07/07/22 11:00 PM,27.4,0,0
07/08/22 12:00 AM,27.3,0,0
07/08/22 01:00 AM,26.5,0,0
07/08/22 02:00 AM,26.0,0,0
07/08/22 03:00 AM,25.4,0,0
07/08/22 04:00 AM,24.9,0,0
07/08/22 05:00 AM,24.4,0,0
07/08/22 06:00 AM,24.3,0,16
07/08/22 07:00 AM,26.1,0,143
07/08/22 08:00 AM,28.6,0,331
07/08/22 09:00 AM,31.4,0,525
07/08/22 10:00 AM,34.4,0,700
07/08/22 11:00 AM,36.7,0,840
07/08/22 12:00 PM,37.4,0,935
07/08/22 01:00 PM,38.1,0,973
07/08/22 02:00 PM,38.4,0,955
07/08/22 03:00 PM,38.0,0,879
07/08/22 04:00 PM,37.3,0,753
07/08/22 05:00 PM,37.0,0,591
07/08/22 06:00 PM,37.6,0,402
07/08/22 07:00 PM,35.4,0,209
07/08/22 08:00 PM,32.3,0,48
07/08/22 09:00 PM,30.4,0,0
07/08/22 10:00 PM,28.9,0,0
07/08/22 11:00 PM,28.1,0,0
07/09/22 12:00 AM,27.5,0,0
07/09/22 01:00 AM,27.2,0,0
07/09/22 02:00 AM,26.5,0,0
07/09/22 03:00 AM,26.2,0,0
07/09/22 04:00 AM,25.2,0,0
07/09/22 05:00 AM,24.1,0,0
07/09/22 06:00 AM,23.5,0,16
07/09/22 07:00 AM,25.9,0,143
07/09/22 08:00 AM,29.3,0,331
07/09/22 09:00 AM,31.2,0,526
07/09/22 10:00 AM,32.8,0,701
07/09/22 11:00 AM,34.5,0,842
07/09/22 12:00 PM,36.0,0,934
07/09/22 01:00 PM,36.6,0,975
07/09/22 02:00 PM,37.1,0,955
07/09/22 03:00 PM,37.1,0,877
07/09/22 04:00 PM,37.0,0,752
07/09/22 05:00 PM,36.8,0,588
07/09/22 06:00 PM,35.0,0,399
07/09/22 07:00 PM,32.0,0,206
07/09/22 08:00 PM,28.8,0,47
07/09/22 09:00 PM,27.0,0,0
07/09/22 10:00 PM,25.9,0,0
07/09/22 11:00 PM,24.9,0,0
07/10/22 12:00 AM,25.3,0,0
07/10/22 01:00 AM,24.7,0,0
07/10/22 02:00 AM,24.2,0,0
07/10/22 03:00 AM,23.9,0,0
07/10/22 04:00 AM,23.5,0,0
07/10/22 05:00 AM,23.1,0,0
07/10/22 06:00 AM,23.2,0,15
07/10/22 07:00 AM,25.2,0,139
07/10/22 08:00 AM,27.5,0,326
07/10/22 09:00 AM,30.4,0,520
07/10/22 10:00 AM,33.1,0,696
07/10/22 11:00 AM,35.1,0,837
07/10/22 12:00 PM,36.3,0,930
07/10/22 01:00 PM,37.6,0,969
07/10/22 02:00 PM,37.4,0,950
07/10/22 03:00 PM,36.5,0,874
07/10/22 04:00 PM,35.1,0,751
07/10/22 05:00 PM,33.0,0,588
07/10/22 06:00 PM,30.8,0,400
07/10/22 07:00 PM,28.7,0,206
07/10/22 08:00 PM,26.0,0,47
07/10/22 09:00 PM,24.1,0,0
07/10/22 10:00 PM,23.0,0,0
07/10/22 11:00 PM,21.9,0,0
07/11/22 12:00 AM,21.7,0,0
07/11/22 01:00 AM,20.5,0,0
07/11/22 02:00 AM,19.6,0,0
07/11/22 03:00 AM,19.1,5,0
07/11/22 04:00 AM,18.7,18,0
07/11/22 05:00 AM,18.4,15,0
07/11/22 06:00 AM,18.6,16,14
07/11/22 07:00 AM,20.4,30,130
07/11/22 08:00 AM,23.0,30,262
07/11/22 09:00 AM,25.4,30,387
07/11/22 10:00 AM,28.4,30,586
07/11/22 11:00 AM,30.7,30,726
07/11/22 12:00 PM,32.4,30,805
07/11/22 01:00 PM,34.3,30,842
07/11/22 02:00 PM,35.5,30,819
07/11/22 03:00 PM,34.9,30,627
07/11/22 04:00 PM,32.0,30,520
07/11/22 05:00 PM,29.5,30,355
07/11/22 06:00 PM,27.1,30,286
07/11/22 07:00 PM,24.6,30,156
07/11/22 08:00 PM,23.0,30,24
07/11/22 09:00 PM,22.3,30,0
07/11/22 10:00 PM,21.5,30,0
07/11/22 11:00 PM,21.5,30,0
07/12/22 12:00 AM,21.4,25,0
07/12/22 01:00 AM,20.5,28,0
07/12/22 02:00 AM,19.8,22,0
07/12/22 03:00 AM,19.6,30,0
07/12/22 04:00 AM,22.1,32,0
07/12/22 05:00 AM,23.0,37,0
07/12/22 06:00 AM,21.1,52,11
07/12/22 07:00 AM,23.5,57,125
07/12/22 08:00 AM,27.1,49,239
07/12/22 09:00 AM,31.4,56,447
07/12/22 10:00 AM,33.7,88,563
07/12/22 11:00 AM,35.1,89,622
07/12/22 12:00 PM,36.2,53,570
07/12/22 01:00 PM,38.3,34,802
07/12/22 02:00 PM,38.5,43,593
07/12/22 03:00 PM,34.8,56,425
07/12/22 04:00 PM,32.5,59,431
07/12/22 05:00 PM,35.7,90,320
07/12/22 06:00 PM,29.2,49,128
07/12/22 07:00 PM,26.2,33,76
07/12/22 08:00 PM,25.1,79,17
07/12/22 09:00 PM,23.7,89,0
07/12/22 10:00 PM,23.4,34,0
07/12/22 11:00 PM,24.1,35,0
07/13/22 12:00 AM,23.7,31,0
07/13/22 01:00 AM,23.6,38,0
07/13/22 02:00 AM,23.1,30,0
07/13/22 03:00 AM,22.6,49,0
07/13/22 04:00 AM,23.1,38,0
07/13/22 05:00 AM,21.4,49,0
07/13/22 06:00 AM,22.5,52,8
07/13/22 07:00 AM,24.2,56,102
07/13/22 08:00 AM,26.4,47,132
07/13/22 09:00 AM,29.7,52,258
07/13/22 10:00 AM,31.4,34,214
07/13/22 11:00 AM,35.9,31,467
07/13/22 12:00 PM,39.0,20,849
07/13/22 01:00 PM,39.5,28,880
07/13/22 02:00 PM,39.5,19,853
07/13/22 03:00 PM,37.5,33,765
07/13/22 04:00 PM,37.1,12,622
07/13/22 05:00 PM,38.5,17,559
07/13/22 06:00 PM,35.5,16,362
07/13/22 07:00 PM,33.4,47,172
07/13/22 08:00 PM,31.5,20,29
07/13/22 09:00 PM,29.7,22,0
07/13/22 10:00 PM,28.2,18,0
07/13/22 11:00 PM,24.1,14,0
07/14/22 12:00 AM,24.0,23,0
07/14/22 01:00 AM,22.8,48,0
07/14/22 02:00 AM,22.8,40,0
07/14/22 03:00 AM,21.7,16,0
07/14/22 04:00 AM,21.8,13,0
07/14/22 05:00 AM,20.9,31,0
07/14/22 06:00 AM,21.2,15,11
07/14/22 07:00 AM,23.5,31,122
07/14/22 08:00 AM,26.1,69,217
07/14/22 09:00 AM,29.4,38,347
07/14/22 10:00 AM,32.4,26,539
07/14/22 11:00 AM,34.8,6,801
07/14/22 12:00 PM,31.1,89,892
07/14/22 01:00 PM,30.9,83,277
07/14/22 02:00 PM,31.4,50,776
07/14/22 03:00 PM,30.3,47,531
07/14/22 04:00 PM,33.9,59,724
07/14/22 05:00 PM,29.4,9,301
07/14/22 06:00 PM,28.9,38,351
07/14/22 07:00 PM,27.8,46,82
07/14/22 08:00 PM,27.2,40,25
07/14/22 09:00 PM,26.4,45,0
07/14/22 10:00 PM,25.1,8,0
07/14/22 11:00 PM,23.1,7,0
07/15/22 12:00 AM,23.4,42,0
07/15/22 01:00 AM,22.0,6,0
07/15/22 02:00 AM,20.6,0,0
07/15/22 03:00 AM,20.2,0,0
07/15/22 04:00 AM,19.8,0,0
07/15/22 05:00 AM,19.7,0,0
07/15/22 06:00 AM,19.5,0,12
07/15/22 07:00 AM,22.3,0,127
07/15/22 08:00 AM,25.5,5,310
07/15/22 09:00 AM,27.7,17,501
07/15/22 10:00 AM,29.9,13,676
07/15/22 11:00 AM,32.0,23,818
07/15/22 12:00 PM,31.6,10,905
07/15/22 01:00 PM,32.9,4,948
07/15/22 02:00 PM,33.5,5,931
07/15/22 03:00 PM,33.4,14,856
07/15/22 04:00 PM,32.1,0,728
07/15/22 05:00 PM,30.4,0,568
07/15/22 06:00 PM,29.6,0,382
07/15/22 07:00 PM,28.6,0,194
07/15/22 08:00 PM,26.2,0,41
07/15/22 09:00 PM,24.6,2,0
07/15/22 10:00 PM,23.5,2,0
07/15/22 11:00 PM,22.5,2,0
07/16/22 12:00 AM,22.1,5,0
07/16/22 01:00 AM,21.1,0,0
07/16/22 02:00 AM,20.2,5,0
07/16/22 03:00 AM,19.4,11,0
07/16/22 04:00 AM,19.1,11,0
07/16/22 05:00 AM,18.7,0,0
07/16/22 06:00 AM,18.4,5,11
07/16/22 07:00 AM,20.2,7,126
07/16/22 08:00 AM,23.1,4,309
07/16/22 09:00 AM,26.3,1,501
07/16/22 10:00 AM,29.1,0,677
07/16/22 11:00 AM,31.3,0,817
07/16/22 12:00 PM,33.1,0,912
07/16/22 01:00 PM,34.5,0,948
07/16/22 02:00 PM,34.9,0,930
07/16/22 03:00 PM,33.7,0,854
07/16/22 04:00 PM,32.5,0,730
07/16/22 05:00 PM,31.7,0,570
07/16/22 06:00 PM,30.7,0,384
07/16/22 07:00 PM,29.0,0,194
07/16/22 08:00 PM,27.4,0,41
07/16/22 09:00 PM,26.2,0,0
07/16/22 10:00 PM,25.0,0,0
07/16/22 11:00 PM,23.7,8,0
07/17/22 12:00 AM,22.5,1,0
07/17/22 01:00 AM,21.2,0,0
07/17/22 02:00 AM,20.7,0,0
07/17/22 03:00 AM,19.8,0,0
07/17/22 04:00 AM,19.2,0,0
07/17/22 05:00 AM,18.3,0,0
07/17/22 06:00 AM,18.9,0,11
07/17/22 07:00 AM,20.8,0,125
07/17/22 08:00 AM,23.4,0,309
07/17/22 09:00 AM,25.4,0,503
07/17/22 10:00 AM,27.0,0,681
07/17/22 11:00 AM,27.9,0,824
07/17/22 12:00 PM,30.8,0,916
07/17/22 01:00 PM,31.7,8,952
07/17/22 02:00 PM,30.4,31,900
07/17/22 03:00 PM,30.2,35,793
07/17/22 04:00 PM,28.3,51,576
07/17/22 05:00 PM,26.6,0,390
07/17/22 06:00 PM,24.9,0,385
07/17/22 07:00 PM,23.0,0,193
07/17/22 08:00 PM,21.4,0,40
07/17/22 09:00 PM,20.6,0,0
07/17/22 10:00 PM,19.9,0,0
07/17/22 11:00 PM,19.2,0,0
07/18/22 12:00 AM,19.2,0,0
07/18/22 01:00 AM,18.5,0,0
07/18/22 02:00 AM,17.9,0,0
07/18/22 03:00 AM,16.8,0,0
07/18/22 04:00 AM,17.0,0,0
07/18/22 05:00 AM,17.0,5,0
07/18/22 06:00 AM,17.2,1,10
07/18/22 07:00 AM,19.5,7,122
07/18/22 08:00 AM,21.3,44,301
07/18/22 09:00 AM,22.6,32,419
07/18/22 10:00 AM,23.8,12,614
07/18/22 11:00 AM,24.8,4,789
07/18/22 12:00 PM,25.1,32,919
07/18/22 01:00 PM,25.8,27,948
07/18/22 02:00 PM,25.9,14,933
07/18/22 03:00 PM,26.0,2,853
07/18/22 04:00 PM,25.6,0,738
07/18/22 05:00 PM,24.7,0,579
07/18/22 06:00 PM,23.3,1,389
07/18/22 07:00 PM,22.2,28,194
07/18/22 08:00 PM,21.1,4,39
07/18/22 09:00 PM,20.4,1,0
07/18/22 10:00 PM,19.8,0,0
07/18/22 11:00 PM,19.2,8,0
07/19/22 12:00 AM,19.1,2,0
07/19/22 01:00 AM,18.5,2,0
07/19/22 02:00 AM,18.2,6,0
07/19/22 03:00 AM,17.9,10,0
07/19/22 04:00 AM,17.9,26,0
07/19/22 05:00 AM,18.1,52,0
07/19/22 06:00 AM,18.6,30,8
07/19/22 07:00 AM,20.0,23,99
07/19/22 08:00 AM,21.5,24,281
07/19/22 09:00 AM,22.9,22,462
07/19/22 10:00 AM,24.5,22,646
07/19/22 11:00 AM,25.9,7,771
07/19/22 12:00 PM,26.7,1,905
07/19/22 01:00 PM,28.3,0,951
07/19/22 02:00 PM,29.3,0,935
07/19/22 03:00 PM,29.6,0,861
07/19/22 04:00 PM,29.1,0,738
07/19/22 05:00 PM,27.5,0,573
07/19/22 06:00 PM,25.3,0,384
07/19/22 07:00 PM,23.3,0,193
07/19/22 08:00 PM,21.5,1,39
07/19/22 09:00 PM,20.4,0,0
07/19/22 10:00 PM,19.7,0,0
07/19/22 11:00 PM,19.2,0,0
07/20/22 12:00 AM,19.1,0,0
07/20/22 01:00 AM,18.6,3,0
07/20/22 02:00 AM,18.1,3,0
07/20/22 03:00 AM,17.9,10,0
07/20/22 04:00 AM,17.7,2,0
07/20/22 05:00 AM,17.4,4,0
07/20/22 06:00 AM,17.5,3,9
07/20/22 07:00 AM,19.2,2,122
07/20/22 08:00 AM,21.0,0,308
07/20/22 09:00 AM,23.4,0,504
07/20/22 10:00 AM,25.9,0,683
07/20/22 11:00 AM,28.4,0,827
07/20/22 12:00 PM,30.3,0,924
07/20/22 01:00 PM,31.6,0,963
07/20/22 02:00 PM,33.0,0,943
07/20/22 03:00 PM,34.0,0,868
07/20/22 04:00 PM,33.9,0,742
07/20/22 05:00 PM,32.7,0,577
07/20/22 06:00 PM,30.1,0,388
07/20/22 07:00 PM,26.8,0,194
07/20/22 08:00 PM,23.5,0,38
07/20/22 09:00 PM,22.0,0,0
07/20/22 10:00 PM,20.9,0,0
07/20/22 11:00 PM,20.4,0,0
07/21/22 12:00 AM,19.6,1,0
07/21/22 01:00 AM,18.9,0,0
07/21/22 02:00 AM,18.5,0,0
07/21/22 03:00 AM,18.2,0,0
07/21/22 04:00 AM,18.0,8,0
07/21/22 05:00 AM,18.0,15,0
07/21/22 06:00 AM,18.0,22,8
07/21/22 07:00 AM,19.7,28,116
07/21/22 08:00 AM,21.8,4,299
07/21/22 09:00 AM,24.1,0,498
07/21/22 10:00 AM,26.6,1,675
07/21/22 11:00 AM,28.5,29,816
07/21/22 12:00 PM,29.4,28,905
07/21/22 01:00 PM,31.2,28,918
07/21/22 02:00 PM,32.2,15,874
07/21/22 03:00 PM,32.6,24,858
07/21/22 04:00 PM,31.8,14,727
07/21/22 05:00 PM,29.3,2,540
07/21/22 06:00 PM,26.7,1,378
07/21/22 07:00 PM,24.2,1,189
07/21/22 08:00 PM,21.9,1,37
07/21/22 09:00 PM,20.8,0,0
07/21/22 10:00 PM,19.9,0,0
07/21/22 11:00 PM,19.2,0,0
07/22/22 12:00 AM,18.9,0,0
07/22/22 01:00 AM,18.2,6,0
07/22/22 02:00 AM,17.9,86,0
07/22/22 03:00 AM,17.8,85,0
07/22/22 04:00 AM,17.7,90,0
07/22/22 05:00 AM,17.8,71,0
07/22/22 06:00 AM,18.0,73,7
07/22/22 07:00 AM,19.1,32,94
07/22/22 08:00 AM,20.6,18,288
07/22/22 09:00 AM,22.7,10,495
07/22/22 10:00 AM,25.2,10,682
07/22/22 11:00 AM,27.6,7,827
07/22/22 12:00 PM,28.6,0,924
07/22/22 01:00 PM,30.8,0,970
07/22/22 02:00 PM,32.5,0,953
07/22/22 03:00 PM,33.6,0,880
07/22/22 04:00 PM,33.9,0,753
07/22/22 05:00 PM,32.4,0,583
07/22/22 06:00 PM,29.3,0,384
07/22/22 07:00 PM,26.3,0,190
07/22/22 08:00 PM,23.5,0,36
07/22/22 09:00 PM,21.9,0,0
07/22/22 10:00 PM,20.8,0,0
07/22/22 11:00 PM,20.0,0,0
07/23/22 12:00 AM,19.1,0,0
07/23/22 01:00 AM,18.5,0,0
07/23/22 02:00 AM,18.2,0,0
07/23/22 03:00 AM,17.8,0,0
07/23/22 04:00 AM,17.5,0,0
07/23/22 05:00 AM,17.4,0,0
07/23/22 06:00 AM,17.5,0,8
07/23/22 07:00 AM,19.3,0,118
07/23/22 08:00 AM,21.7,0,306
07/23/22 09:00 AM,24.6,0,505
07/23/22 10:00 AM,27.6,0,686
07/23/22 11:00 AM,29.8,0,830
07/23/22 12:00 PM,31.3,0,927
07/23/22 01:00 PM,33.5,0,969
07/23/22 02:00 PM,34.8,0,952
07/23/22 03:00 PM,35.6,0,876
07/23/22 04:00 PM,35.8,0,747
07/23/22 05:00 PM,34.7,0,578
07/23/22 06:00 PM,32.9,0,385
07/23/22 07:00 PM,29.8,0,189
07/23/22 08:00 PM,26.6,0,35
07/23/22 09:00 PM,24.2,0,0
07/23/22 10:00 PM,22.4,0,0
07/23/22 11:00 PM,21.4,0,0
07/24/22 12:00 AM,20.6,26,0
07/24/22 01:00 AM,20.0,27,0
07/24/22 02:00 AM,19.3,10,0
07/24/22 03:00 AM,18.9,9,0
07/24/22 04:00 AM,18.4,33,0
07/24/22 05:00 AM,18.2,33,0
07/24/22 06:00 AM,18.3,34,5
07/24/22 07:00 AM,20.1,100,95
07/24/22 08:00 AM,20.9,68,148
07/24/22 09:00 AM,22.7,90,301
07/24/22 10:00 AM,23.5,69,227
07/24/22 11:00 AM,26.6,26,540
07/24/22 12:00 PM,29.6,13,798
07/24/22 01:00 PM,32.3,26,922
07/24/22 02:00 PM,33.8,3,878
07/24/22 03:00 PM,35.1,5,841
07/24/22 04:00 PM,34.9,8,719
07/24/22 05:00 PM,33.7,11,551
07/24/22 06:00 PM,28.9,44,349
07/24/22 07:00 PM,27.3,19,131
07/24/22 08:00 PM,26.0,0,31
07/24/22 09:00 PM,22.9,0,0
07/24/22 10:00 PM,21.2,0,0
07/24/22 11:00 PM,20.3,0,0
07/25/22 12:00 AM,19.5,0,0
07/25/22 01:00 AM,18.9,2,0
07/25/22 02:00 AM,18.6,0,0
07/25/22 03:00 AM,18.4,0,0
07/25/22 04:00 AM,17.9,0,0
07/25/22 05:00 AM,17.4,0,0
07/25/22 06:00 AM,17.1,0,6
07/25/22 07:00 AM,18.4,0,112
07/25/22 08:00 AM,20.4,0,296
07/25/22 09:00 AM,23.0,0,491
07/25/22 10:00 AM,25.8,0,670
07/25/22 11:00 AM,29.0,0,814
07/25/22 12:00 PM,32.0,0,911
07/25/22 01:00 PM,33.5,0,953
07/25/22 02:00 PM,34.1,0,933
07/25/22 03:00 PM,34.5,0,856
07/25/22 04:00 PM,33.7,0,730
07/25/22 05:00 PM,31.4,0,564
07/25/22 06:00 PM,28.8,0,374
07/25/22 07:00 PM,26.1,0,181
07/25/22 08:00 PM,23.9,0,32
07/25/22 09:00 PM,22.5,0,0
07/25/22 10:00 PM,21.4,0,0
07/25/22 11:00 PM,20.8,0,0
07/26/22 12:00 AM,20.8,0,0
07/26/22 01:00 AM,20.4,0,0
07/26/22 02:00 AM,20.1,0,0
07/26/22 03:00 AM,19.8,0,0
07/26/22 04:00 AM,19.5,0,0
07/26/22 05:00 AM,19.5,0,0
07/26/22 06:00 AM,19.8,0,6
07/26/22 07:00 AM,21.6,0,108
07/26/22 08:00 AM,23.5,0,289
07/26/22 09:00 AM,25.6,0,480
07/26/22 10:00 AM,27.4,0,655
07/26/22 11:00 AM,29.1,0,797
07/26/22 12:00 PM,30.6,0,893
07/26/22 01:00 PM,31.7,0,934
07/26/22 02:00 PM,32.3,0,918
07/26/22 03:00 PM,32.0,0,848
07/26/22 04:00 PM,30.7,0,723
07/26/22 05:00 PM,28.8,0,557
07/26/22 06:00 PM,26.6,0,368
07/26/22 07:00 PM,24.5,0,176
07/26/22 08:00 PM,22.7,0,30
07/26/22 09:00 PM,21.5,0,0
07/26/22 10:00 PM,20.5,0,0
07/26/22 11:00 PM,19.6,0,0
07/27/22 12:00 AM,19.3,0,0
07/27/22 01:00 AM,18.7,0,0
07/27/22 02:00 AM,18.3,0,0
07/27/22 03:00 AM,17.9,11,0
07/27/22 04:00 AM,17.8,11,0
07/27/22 05:00 AM,17.8,43,0
07/27/22 06:00 AM,18.0,50,5
07/27/22 07:00 AM,19.3,32,99
07/27/22 08:00 AM,20.6,12,278
07/27/22 09:00 AM,22.3,10,465
07/27/22 10:00 AM,23.9,14,641
07/27/22 11:00 AM,25.3,10,781
07/27/22 12:00 PM,27.3,0,891
07/27/22 01:00 PM,28.5,0,944
07/27/22 02:00 PM,29.4,0,928
07/27/22 03:00 PM,29.8,0,856
07/27/22 04:00 PM,28.4,0,732
07/27/22 05:00 PM,25.5,1,562
07/27/22 06:00 PM,23.5,2,368
07/27/22 07:00 PM,21.8,4,173
07/27/22 08:00 PM,20.4,6,28
07/27/22 09:00 PM,19.5,3,0
07/27/22 10:00 PM,19.3,0,0
07/27/22 11:00 PM,19.1,0,0
07/28/22 12:00 AM,18.7,0,0
07/28/22 01:00 AM,18.6,0,0
07/28/22 02:00 AM,18.4,0,0
07/28/22 03:00 AM,18.2,0,0
07/28/22 04:00 AM,18.0,0,0
07/28/22 05:00 AM,17.9,0,0
07/28/22 06:00 AM,18.2,7,5
07/28/22 07:00 AM,19.9,43,98
07/28/22 08:00 AM,21.9,43,264
07/28/22 09:00 AM,24.0,32,429
07/28/22 10:00 AM,26.2,58,603
07/28/22 11:00 AM,27.3,17,744
07/28/22 12:00 PM,29.4,20,872
07/28/22 01:00 PM,30.7,1,895
07/28/22 02:00 PM,30.6,0,905
07/28/22 03:00 PM,29.7,0,834
07/28/22 04:00 PM,28.7,1,715
07/28/22 05:00 PM,27.4,0,549
07/28/22 06:00 PM,25.2,6,360
07/28/22 07:00 PM,23.2,4,168
07/28/22 08:00 PM,21.4,1,27
07/28/22 09:00 PM,20.2,4,0
07/28/22 10:00 PM,19.6,14,0
07/28/22 11:00 PM,19.4,16,0
07/29/22 12:00 AM,19.2,67,0
07/29/22 01:00 AM,18.8,19,0
07/29/22 02:00 AM,18.5,7,0
07/29/22 03:00 AM,18.2,14,0
07/29/22 04:00 AM,18.1,10,0
07/29/22 05:00 AM,17.9,32,0
07/29/22 06:00 AM,18.0,18,4
07/29/22 07:00 AM,19.2,33,98
07/29/22 08:00 AM,20.9,11,269
07/29/22 09:00 AM,23.0,4,465
07/29/22 10:00 AM,25.2,2,648
07/29/22 11:00 AM,27.0,1,793
07/29/22 12:00 PM,28.8,0,889
07/29/22 01:00 PM,30.1,0,927
07/29/22 02:00 PM,30.9,0,910
07/29/22 03:00 PM,31.2,0,836
07/29/22 04:00 PM,30.3,0,712
07/29/22 05:00 PM,28.6,0,547
07/29/22 06:00 PM,26.7,0,358
07/29/22 07:00 PM,24.4,0,168
07/29/22 08:00 PM,22.7,0,26
07/29/22 09:00 PM,21.7,0,0
07/29/22 10:00 PM,20.9,0,0
07/29/22 11:00 PM,20.5,0,0
07/30/22 12:00 AM,20.0,0,0
07/30/22 01:00 AM,19.5,0,0
07/30/22 02:00 AM,19.1,0,0
07/30/22 03:00 AM,18.8,0,0
07/30/22 04:00 AM,18.4,1,0
07/30/22 05:00 AM,18.2,1,0
07/30/22 06:00 AM,17.4,0,4
07/30/22 07:00 AM,19.6,0,100
07/30/22 08:00 AM,21.8,0,280
07/30/22 09:00 AM,24.6,0,475
07/30/22 10:00 AM,27.3,0,653
07/30/22 11:00 AM,29.7,0,797
07/30/22 12:00 PM,31.1,0,894
07/30/22 01:00 PM,32.9,0,935
07/30/22 02:00 PM,33.8,1,917
07/30/22 03:00 PM,34.0,0,842
07/30/22 04:00 PM,34.0,0,717
07/30/22 05:00 PM,33.7,0,553
07/30/22 06:00 PM,32.8,0,361
07/30/22 07:00 PM,31.2,0,169
07/30/22 08:00 PM,28.8,0,26
07/30/22 09:00 PM,26.6,0,0
07/30/22 10:00 PM,24.7,0,0
07/30/22 11:00 PM,23.4,0,0
07/31/22 12:00 AM,22.5,0,0
07/31/22 01:00 AM,21.5,0,0
07/31/22 02:00 AM,20.3,0,0
07/31/22 03:00 AM,22.1,0,0
07/31/22 04:00 AM,21.1,0,0
07/31/22 05:00 AM,18.7,0,0
07/31/22 06:00 AM,19.1,0,4
07/31/22 07:00 AM,21.6,0,99
07/31/22 08:00 AM,24.9,0,279
07/31/22 09:00 AM,27.6,0,474
07/31/22 10:00 AM,29.2,2,654
07/31/22 11:00 AM,30.7,22,795
07/31/22 12:00 PM,32.6,4,887
07/31/22 01:00 PM,34.2,0,928
07/31/22 02:00 PM,35.1,0,901
07/31/22 03:00 PM,35.4,0,822
07/31/22 04:00 PM,35.2,0,707
07/31/22 05:00 PM,34.7,0,546
07/31/22 06:00 PM,34.0,0,356
07/31/22 07:00 PM,32.3,0,166
07/31/22 08:00 PM,29.3,0,24
07/31/22 09:00 PM,27.2,0,0
07/31/22 10:00 PM,25.7,0,0
07/31/22 11:00 PM,24.6,0,0
08/01/22 12:00 AM,23.7,0,0
08/01/22 01:00 AM,24.4,0,0
08/01/22 02:00 AM,22.6,0,0
08/01/22 03:00 AM,21.2,0,0
08/01/22 04:00 AM,20.2,0,0
08/01/22 05:00 AM,19.4,0,0
08/01/22 06:00 AM,19.0,0,3
08/01/22 07:00 AM,21.3,0,96
08/01/22 08:00 AM,24.2,1,275
08/01/22 09:00 AM,27.2,0,472
08/01/22 10:00 AM,29.6,0,655
08/01/22 11:00 AM,31.4,0,800
08/01/22 12:00 PM,31.6,16,897
08/01/22 01:00 PM,32.0,4,943
08/01/22 02:00 PM,32.7,0,921
08/01/22 03:00 PM,33.1,0,850
08/01/22 04:00 PM,33.3,0,730
08/01/22 05:00 PM,32.5,0,562
08/01/22 06:00 PM,30.8,0,366
08/01/22 07:00 PM,28.3,0,169
08/01/22 08:00 PM,25.6,0,24
08/01/22 09:00 PM,23.7,0,0
08/01/22 10:00 PM,22.4,0,0
08/01/22 11:00 PM,21.0,0,0
08/02/22 12:00 AM,20.4,0,0
08/02/22 01:00 AM,20.6,0,0
08/02/22 02:00 AM,20.8,0,0
08/02/22 03:00 AM,20.2,4,0
08/02/22 04:00 AM,18.9,90,0
08/02/22 05:00 AM,17.8,90,0
08/02/22 06:00 AM,18.4,90,2
08/02/22 07:00 AM,19.0,90,51
08/02/22 08:00 AM,19.7,90,155
08/02/22 09:00 AM,21.7,65,301
08/02/22 10:00 AM,23.7,50,583
08/02/22 11:00 AM,25.8,50,770
08/02/22 12:00 PM,28.0,3,884
08/02/22 01:00 PM,29.6,1,942
08/02/22 02:00 PM,31.1,0,931
08/02/22 03:00 PM,32.0,0,856
08/02/22 04:00 PM,31.9,0,730
08/02/22 05:00 PM,31.2,0,560
08/02/22 06:00 PM,29.0,0,362
08/02/22 07:00 PM,26.4,0,164
08/02/22 08:00 PM,23.5,0,22
08/02/22 09:00 PM,22.0,1,0
08/02/22 10:00 PM,21.0,2,0
08/02/22 11:00 PM,20.4,42,0
08/03/22 12:00 AM,20.3,7,0
08/03/22 01:00 AM,19.6,22,0
08/03/22 02:00 AM,19.4,32,0
08/03/22 03:00 AM,19.5,85,0
08/03/22 04:00 AM,19.6,86,0
08/03/22 05:00 AM,19.6,87,0
08/03/22 06:00 AM,19.8,90,2
08/03/22 07:00 AM,20.6,88,61
08/03/22 08:00 AM,21.7,90,177
08/03/22 09:00 AM,23.2,52,353
08/03/22 10:00 AM,25.1,40,612
08/03/22 11:00 AM,27.0,1,774
08/03/22 12:00 PM,27.5,4,893
08/03/22 01:00 PM,29.2,0,932
08/03/22 02:00 PM,30.1,0,913
08/03/22 03:00 PM,30.8,0,839
08/03/22 04:00 PM,30.1,0,712
08/03/22 05:00 PM,27.9,0,544
08/03/22 06:00 PM,25.2,1,351
08/03/22 07:00 PM,22.7,9,158
08/03/22 08:00 PM,21.1,7,20
08/03/22 09:00 PM,20.4,26,0
08/03/22 10:00 PM,20.0,22,0
08/03/22 11:00 PM,20.0,52,0
08/04/22 12:00 AM,19.4,20,0
08/04/22 01:00 AM,18.9,30,0
08/04/22 02:00 AM,18.9,90,0
08/04/22 03:00 AM,19.0,90,0
08/04/22 04:00 AM,19.4,90,0
08/04/22 05:00 AM,19.6,90,0
08/04/22 06:00 AM,19.8,90,1
08/04/22 07:00 AM,20.3,90,47
08/04/22 08:00 AM,20.9,90,143
08/04/22 09:00 AM,22.1,90,286
08/04/22 10:00 AM,23.9,70,473
08/04/22 11:00 AM,26.0,50,728
08/04/22 12:00 PM,24.6,90,857
08/04/22 01:00 PM,26.5,54,793
08/04/22 02:00 PM,27.7,27,881
08/04/22 03:00 PM,28.5,7,826
08/04/22 04:00 PM,28.9,30,707
08/04/22 05:00 PM,27.2,30,505
08/04/22 06:00 PM,24.9,15,255
08/04/22 07:00 PM,23.0,5,148
08/04/22 08:00 PM,21.4,5,19
08/04/22 09:00 PM,21.0,5,0
08/04/22 10:00 PM,20.5,8,0
08/04/22 11:00 PM,20.1,3,0
08/05/22 12:00 AM,20.3,2,0
08/05/22 01:00 AM,19.4,79,0
08/05/22 02:00 AM,19.0,90,0
08/05/22 03:00 AM,19.4,90,0
08/05/22 04:00 AM,19.3,90,0
08/05/22 05:00 AM,19.3,90,0
08/05/22 06:00 AM,19.6,90,1
08/05/22 07:00 AM,20.2,90,42
08/05/22 08:00 AM,21.3,90,157
08/05/22 09:00 AM,22.5,57,268
08/05/22 10:00 AM,24.3,42,491
08/05/22 11:00 AM,26.2,27,706
08/05/22 12:00 PM,25.3,45,837
08/05/22 01:00 PM,27.4,23,883
08/05/22 02:00 PM,28.5,10,889
08/05/22 03:00 PM,28.7,0,818
08/05/22 04:00 PM,28.0,0,700
08/05/22 05:00 PM,26.7,0,533
08/05/22 06:00 PM,25.2,0,342
08/05/22 07:00 PM,22.9,0,151
08/05/22 08:00 PM,20.8,1,18
08/05/22 09:00 PM,19.9,1,0
08/05/22 10:00 PM,19.4,0,0
08/05/22 11:00 PM,18.9,1,0
08/06/22 12:00 AM,18.8,4,0
08/06/22 01:00 AM,17.8,5,0
08/06/22 02:00 AM,17.3,17,0
08/06/22 03:00 AM,17.2,33,0
08/06/22 04:00 AM,17.3,46,0
08/06/22 05:00 AM,17.3,58,0
08/06/22 06:00 AM,17.5,90,2
08/06/22 07:00 AM,18.7,90,50
08/06/22 08:00 AM,19.9,90,128
08/06/22 09:00 AM,21.2,90,256
08/06/22 10:00 AM,22.3,47,375
08/06/22 11:00 AM,24.1,4,701
08/06/22 12:00 PM,23.8,9,872
08/06/22 01:00 PM,24.7,0,921
08/06/22 02:00 PM,25.0,2,908
08/06/22 03:00 PM,24.8,3,834
08/06/22 04:00 PM,24.2,2,704
08/06/22 05:00 PM,23.3,0,537
08/06/22 06:00 PM,22.0,0,342
08/06/22 07:00 PM,20.6,0,150
08/06/22 08:00 PM,19.2,0,17
08/06/22 09:00 PM,18.7,1,0
08/06/22 10:00 PM,18.5,0,0
08/06/22 11:00 PM,18.0,1,0
08/07/22 12:00 AM,17.8,2,0
08/07/22 01:00 AM,17.1,1,0
08/07/22 02:00 AM,16.7,3,0
08/07/22 03:00 AM,16.5,3,0
08/07/22 04:00 AM,15.9,2,0
08/07/22 05:00 AM,15.4,0,0
08/07/22 06:00 AM,15.3,0,2
08/07/22 07:00 AM,17.6,13,80
08/07/22 08:00 AM,19.5,23,254
08/07/22 09:00 AM,21.1,90,412
08/07/22 10:00 AM,21.8,32,463
08/07/22 11:00 AM,22.7,16,698
08/07/22 12:00 PM,23.9,22,836
08/07/22 01:00 PM,24.4,9,893
08/07/22 02:00 PM,24.4,0,888
08/07/22 03:00 PM,24.5,0,816
08/07/22 04:00 PM,24.2,0,689
08/07/22 05:00 PM,23.7,0,522
08/07/22 06:00 PM,22.9,0,331
08/07/22 07:00 PM,21.6,0,143
08/07/22 08:00 PM,20.2,0,16
08/07/22 09:00 PM,19.4,0,0
08/07/22 10:00 PM,18.9,0,0
08/07/22 11:00 PM,18.4,0,0
08/08/22 12:00 AM,17.9,0,0
08/08/22 01:00 AM,17.4,0,0
08/08/22 02:00 AM,17.1,0,0
08/08/22 03:00 AM,16.6,0,0
08/08/22 04:00 AM,16.1,0,0
08/08/22 05:00 AM,15.9,0,0
08/08/22 06:00 AM,15.4,0,1
08/08/22 07:00 AM,17.2,2,78
08/08/22 08:00 AM,19.4,1,245
08/08/22 09:00 AM,21.3,0,446
08/08/22 10:00 AM,22.9,0,630
08/08/22 11:00 AM,24.2,0,781
08/08/22 12:00 PM,24.3,12,879
08/08/22 01:00 PM,24.3,11,888
08/08/22 02:00 PM,24.6,0,887
08/08/22 03:00 PM,25.0,0,825
08/08/22 04:00 PM,24.9,0,697
08/08/22 05:00 PM,24.3,0,527
08/08/22 06:00 PM,23.2,0,333
08/08/22 07:00 PM,21.6,0,143
08/08/22 08:00 PM,20.5,0,15
08/08/22 09:00 PM,20.1,0,0
08/08/22 10:00 PM,19.6,0,0
08/08/22 11:00 PM,18.9,0,0
08/09/22 12:00 AM,18.4,0,0
08/09/22 01:00 AM,17.1,0,0
08/09/22 02:00 AM,18.5,0,0
08/09/22 03:00 AM,16.3,0,0
08/09/22 04:00 AM,16.2,90,0
08/09/22 05:00 AM,16.6,3,0
08/09/22 06:00 AM,15.8,7,1
08/09/22 07:00 AM,17.6,27,75
08/09/22 08:00 AM,20.3,10,249
08/09/22 09:00 AM,22.5,3,442
08/09/22 10:00 AM,24.5,0,633
08/09/22 11:00 AM,26.1,0,781
08/09/22 12:00 PM,27.7,0,875
08/09/22 01:00 PM,28.6,0,919
08/09/22 02:00 PM,28.7,0,898
08/09/22 03:00 PM,28.1,0,821
08/09/22 04:00 PM,27.1,0,694
08/09/22 05:00 PM,26.0,0,525
08/09/22 06:00 PM,24.6,0,331
08/09/22 07:00 PM,22.7,0,139
08/09/22 08:00 PM,21.0,0,14
08/09/22 09:00 PM,20.2,0,0
08/09/22 10:00 PM,19.8,0,0
08/09/22 11:00 PM,19.5,0,0
08/10/22 12:00 AM,18.5,0,0
08/10/22 01:00 AM,18.2,0,0
08/10/22 02:00 AM,17.8,0,0
08/10/22 03:00 AM,17.5,1,0
08/10/22 04:00 AM,17.2,1,0
08/10/22 05:00 AM,17.0,3,0
08/10/22 06:00 AM,16.6,4,1
08/10/22 07:00 AM,18.1,4,77
08/10/22 08:00 AM,19.9,4,252
08/10/22 09:00 AM,21.8,1,447
08/10/22 10:00 AM,23.1,0,629
08/10/22 11:00 AM,24.2,0,779
08/10/22 12:00 PM,24.8,0,879
08/10/22 01:00 PM,25.6,0,915
08/10/22 02:00 PM,25.6,0,894
08/10/22 03:00 PM,25.2,0,816
08/10/22 04:00 PM,24.4,0,688
08/10/22 05:00 PM,23.9,0,519
08/10/22 06:00 PM,22.5,0,327
08/10/22 07:00 PM,21.2,0,136
08/10/22 08:00 PM,20.0,0,12
08/10/22 09:00 PM,19.3,0,0
08/10/22 10:00 PM,18.5,0,0
08/10/22 11:00 PM,17.4,0,0
08/11/22 12:00 AM,17.6,0,0
08/11/22 01:00 AM,17.0,0,0
08/11/22 02:00 AM,16.8,0,0
08/11/22 03:00 AM,17.2,9,0
08/11/22 04:00 AM,17.2,43,0
08/11/22 05:00 AM,17.1,69,0
08/11/22 06:00 AM,17.3,90,1
08/11/22 07:00 AM,19.1,68,56
08/11/22 08:00 AM,20.5,37,199
08/11/22 09:00 AM,21.6,41,344
08/11/22 10:00 AM,22.6,90,475
08/11/22 11:00 AM,23.0,18,419
08/11/22 12:00 PM,24.3,26,756
08/11/22 01:00 PM,25.5,12,865
08/11/22 02:00 PM,26.1,6,880
08/11/22 03:00 PM,26.1,1,807
08/11/22 04:00 PM,25.7,0,684
08/11/22 05:00 PM,24.9,0,515
08/11/22 06:00 PM,23.6,0,322
08/11/22 07:00 PM,22.0,0,133
08/11/22 08:00 PM,20.4,0,11
08/11/22 09:00 PM,19.7,0,0
08/11/22 10:00 PM,19.2,0,0
08/11/22 11:00 PM,18.7,0,0
08/12/22 12:00 AM,18.6,1,0
08/12/22 01:00 AM,18.0,8,0
08/12/22 02:00 AM,17.2,22,0
08/12/22 03:00 AM,16.7,35,0
08/12/22 04:00 AM,16.9,38,0
08/12/22 05:00 AM,16.2,40,0
08/12/22 06:00 AM,16.1,90,1
08/12/22 07:00 AM,17.8,90,57
08/12/22 08:00 AM,19.8,1,190
08/12/22 09:00 AM,22.5,1,439
08/12/22 10:00 AM,24.9,0,624
08/12/22 11:00 AM,26.8,0,770
08/12/22 12:00 PM,28.4,0,866
08/12/22 01:00 PM,29.9,0,910
08/12/22 02:00 PM,30.5,5,890
08/12/22 03:00 PM,30.5,2,806
08/12/22 04:00 PM,30.1,0,679
08/12/22 05:00 PM,29.4,0,514
08/12/22 06:00 PM,27.7,0,320
08/12/22 07:00 PM,25.5,0,130
08/12/22 08:00 PM,23.2,0,10
08/12/22 09:00 PM,21.7,0,0
08/12/22 10:00 PM,20.8,1,0
08/12/22 11:00 PM,20.2,2,0
08/13/22 12:00 AM,19.8,0,0
08/13/22 01:00 AM,19.0,0,0
08/13/22 02:00 AM,18.6,6,0
08/13/22 03:00 AM,18.3,6,0
08/13/22 04:00 AM,17.9,12,0
08/13/22 05:00 AM,17.9,7,0
08/13/22 06:00 AM,17.0,2,1
08/13/22 07:00 AM,18.9,5,71
08/13/22 08:00 AM,20.8,12,244
08/13/22 09:00 AM,23.0,0,441
08/13/22 10:00 AM,25.1,30,634
08/13/22 11:00 AM,26.2,17,683
08/13/22 12:00 PM,28.0,0,869
08/13/22 01:00 PM,29.5,0,913
08/13/22 02:00 PM,30.0,0,891
08/13/22 03:00 PM,29.6,0,811
08/13/22 04:00 PM,28.7,0,681
08/13/22 05:00 PM,27.4,0,512
08/13/22 06:00 PM,25.3,7,318
08/13/22 07:00 PM,22.9,13,127
08/13/22 08:00 PM,21.4,0,10
08/13/22 09:00 PM,20.7,2,0
08/13/22 10:00 PM,20.1,1,0
08/13/22 11:00 PM,19.5,1,0
08/14/22 12:00 AM,18.8,0,0
08/14/22 01:00 AM,18.2,0,0
08/14/22 02:00 AM,17.9,0,0
08/14/22 03:00 AM,17.7,0,0
08/14/22 04:00 AM,17.6,4,0
08/14/22 05:00 AM,17.4,4,0
08/14/22 06:00 AM,17.3,15,0
08/14/22 07:00 AM,18.5,15,68
08/14/22 08:00 AM,20.3,21,236
08/14/22 09:00 AM,21.8,13,418
08/14/22 10:00 AM,23.5,22,606
08/14/22 11:00 AM,25.2,12,734
08/14/22 12:00 PM,26.8,18,857
08/14/22 01:00 PM,28.1,3,871
08/14/22 02:00 PM,28.7,1,880
08/14/22 03:00 PM,28.1,0,804
08/14/22 04:00 PM,27.0,0,675
08/14/22 05:00 PM,25.6,1,504
08/14/22 06:00 PM,23.9,4,310
08/14/22 07:00 PM,22.5,2,122
08/14/22 08:00 PM,21.4,4,9
08/14/22 09:00 PM,20.6,7,0
08/14/22 10:00 PM,20.0,1,0
08/14/22 11:00 PM,19.5,21,0
08/15/22 12:00 AM,19.1,10,0
08/15/22 01:00 AM,18.8,4,0
08/15/22 02:00 AM,18.4,12,0
08/15/22 03:00 AM,18.3,17,0
08/15/22 04:00 AM,18.3,22,0
08/15/22 05:00 AM,18.2,36,0
08/15/22 06:00 AM,18.0,35,0
08/15/22 07:00 AM,19.5,26,64
08/15/22 08:00 AM,21.2,12,231
08/15/22 09:00 AM,22.8,15,432
08/15/22 10:00 AM,24.5,4,605
08/15/22 11:00 AM,26.4,4,757
08/15/22 12:00 PM,27.9,0,854
08/15/22 01:00 PM,29.3,0,899
08/15/22 02:00 PM,29.9,0,878
08/15/22 03:00 PM,29.9,0,798
08/15/22 04:00 PM,29.0,0,668
08/15/22 05:00 PM,26.8,0,498
08/15/22 06:00 PM,24.6,0,305
08/15/22 07:00 PM,22.4,0,119
08/15/22 08:00 PM,20.8,0,8
08/15/22 09:00 PM,20.2,1,0
08/15/22 10:00 PM,19.6,6,0
08/15/22 11:00 PM,19.4,14,0
08/16/22 12:00 AM,19.2,23,0
08/16/22 01:00 AM,19.0,14,0
08/16/22 02:00 AM,18.5,6,0
08/16/22 03:00 AM,18.0,14,0
08/16/22 04:00 AM,17.7,9,0
08/16/22 05:00 AM,17.7,9,0
08/16/22 06:00 AM,18.0,40,0
08/16/22 07:00 AM,19.9,94,55
08/16/22 08:00 AM,21.1,10,93
08/16/22 09:00 AM,22.8,6,427
08/16/22 10:00 AM,24.0,18,610
08/16/22 11:00 AM,25.9,52,720
08/16/22 12:00 PM,26.4,10,760
08/16/22 01:00 PM,28.0,26,881
08/16/22 02:00 PM,28.1,31,822
08/16/22 03:00 PM,26.8,17,742
08/16/22 04:00 PM,25.9,13,634
08/16/22 05:00 PM,25.1,9,486
08/16/22 06:00 PM,23.4,72,292
08/16/22 07:00 PM,22.0,34,102
08/16/22 08:00 PM,21.0,7,6
08/16/22 09:00 PM,19.9,11,0
08/16/22 10:00 PM,19.2,4,0
08/16/22 11:00 PM,18.6,13,0
08/17/22 12:00 AM,18.5,7,0
08/17/22 01:00 AM,18.0,10,0
08/17/22 02:00 AM,17.7,1,0
08/17/22 03:00 AM,17.5,9,0
08/17/22 04:00 AM,17.4,0,0
08/17/22 05:00 AM,17.3,4,0
08/17/22 06:00 AM,17.2,6,0
08/17/22 07:00 AM,18.3,8,62
08/17/22 08:00 AM,19.7,8,230
08/17/22 09:00 AM,21.3,10,426
08/17/22 10:00 AM,22.8,5,602
08/17/22 11:00 AM,24.5,12,744
08/17/22 12:00 PM,25.4,2,837
08/17/22 01:00 PM,26.4,3,881
08/17/22 02:00 PM,26.8,6,874
08/17/22 03:00 PM,26.1,0,795
08/17/22 04:00 PM,25.3,0,674
08/17/22 05:00 PM,24.0,0,500
08/17/22 06:00 PM,22.2,0,305
08/17/22 07:00 PM,20.3,0,116
08/17/22 08:00 PM,19.2,0,6
08/17/22 09:00 PM,18.4,0,0
08/17/22 10:00 PM,18.1,0,0
08/17/22 11:00 PM,17.8,0,0
08/18/22 12:00 AM,17.7,0,0
08/18/22 01:00 AM,17.4,0,0
08/18/22 02:00 AM,17.3,0,0
08/18/22 03:00 AM,17.1,0,0
08/18/22 04:00 AM,16.9,0,0
08/18/22 05:00 AM,16.7,0,0
08/18/22 06:00 AM,16.4,0,0
08/18/22 07:00 AM,17.4,0,63
08/18/22 08:00 AM,19.5,0,238
08/18/22 09:00 AM,22.2,0,437
08/18/22 10:00 AM,25.0,0,621
08/18/22 11:00 AM,27.5,0,769
08/18/22 12:00 PM,28.6,0,868
08/18/22 01:00 PM,30.0,0,906
08/18/22 02:00 PM,30.9,0,886
08/18/22 03:00 PM,31.4,0,806
08/18/22 04:00 PM,31.7,0,672
08/18/22 05:00 PM,32.4,0,498
08/18/22 06:00 PM,28.9,0,302
08/18/22 07:00 PM,26.5,0,111
08/18/22 08:00 PM,24.0,0,6
08/18/22 09:00 PM,23.2,0,0
08/18/22 10:00 PM,22.4,0,0
08/18/22 11:00 PM,21.8,0,0
08/19/22 12:00 AM,21.3,0,0
08/19/22 01:00 AM,20.7,0,0
08/19/22 02:00 AM,20.2,0,0
08/19/22 03:00 AM,19.8,0,0
08/19/22 04:00 AM,19.4,0,0
08/19/22 05:00 AM,19.0,0,0
08/19/22 06:00 AM,18.6,0,0
08/19/22 07:00 AM,20.3,0,62
08/19/22 08:00 AM,23.5,0,237
08/19/22 09:00 AM,27.2,0,436
08/19/22 10:00 AM,30.5,0,620
08/19/22 11:00 AM,33.1,0,767
08/19/22 12:00 PM,34.1,0,864
08/19/22 01:00 PM,36.2,0,905
08/19/22 02:00 PM,37.0,0,884
08/19/22 03:00 PM,37.1,0,803
08/19/22 04:00 PM,36.9,0,668
08/19/22 05:00 PM,37.1,0,494
08/19/22 06:00 PM,33.7,0,298
08/19/22 07:00 PM,31.8,0,108
08/19/22 08:00 PM,28.8,0,5
08/19/22 09:00 PM,27.7,0,0
08/19/22 10:00 PM,26.8,0,0
08/19/22 11:00 PM,26.3,0,0
08/20/22 12:00 AM,24.7,0,0
08/20/22 01:00 AM,23.9,0,0
08/20/22 02:00 AM,23.4,0,0
08/20/22 03:00 AM,22.7,0,0
08/20/22 04:00 AM,22.0,0,0
08/20/22 05:00 AM,21.4,0,0
08/20/22 06:00 AM,20.8,0,0
08/20/22 07:00 AM,21.6,0,60
08/20/22 08:00 AM,23.9,0,232
08/20/22 09:00 AM,26.9,0,429
08/20/22 10:00 AM,30.1,0,611
08/20/22 11:00 AM,32.5,0,758
08/20/22 12:00 PM,33.9,0,855
08/20/22 01:00 PM,35.6,0,896
08/20/22 02:00 PM,36.2,0,874
08/20/22 03:00 PM,36.7,0,793
08/20/22 04:00 PM,35.9,0,659
08/20/22 05:00 PM,32.5,0,485
08/20/22 06:00 PM,29.3,0,291
08/20/22 07:00 PM,26.2,0,105
08/20/22 08:00 PM,24.0,0,4
08/20/22 09:00 PM,22.4,0,0
08/20/22 10:00 PM,21.1,0,0
08/20/22 11:00 PM,20.5,0,0
08/21/22 12:00 AM,19.9,0,0
08/21/22 01:00 AM,19.4,0,0
08/21/22 02:00 AM,19.2,0,0
08/21/22 03:00 AM,18.9,0,0
08/21/22 04:00 AM,18.5,0,0
08/21/22 05:00 AM,18.3,0,0
08/21/22 06:00 AM,18.1,0,0
08/21/22 07:00 AM,19.3,0,58
08/21/22 08:00 AM,20.9,3,230
08/21/22 09:00 AM,22.6,4,426
08/21/22 10:00 AM,24.9,0,608
08/21/22 11:00 AM,27.1,1,760
08/21/22 12:00 PM,29.4,0,856
08/21/22 01:00 PM,30.5,0,894
08/21/22 02:00 PM,30.7,0,865
08/21/22 03:00 PM,30.3,0,776
08/21/22 04:00 PM,29.2,0,642
08/21/22 05:00 PM,26.8,0,472
08/21/22 06:00 PM,24.5,0,280
08/21/22 07:00 PM,22.2,0,98
08/21/22 08:00 PM,20.9,3,3
08/21/22 09:00 PM,20.3,28,0
08/21/22 10:00 PM,20.1,90,0
08/21/22 11:00 PM,20.0,90,0
08/22/22 12:00 AM,20.5,90,0
08/22/22 01:00 AM,20.2,90,0
08/22/22 02:00 AM,19.3,90,0
08/22/22 03:00 AM,18.5,86,0
08/22/22 04:00 AM,18.5,89,0
08/22/22 05:00 AM,18.5,90,0
08/22/22 06:00 AM,18.6,32,0
08/22/22 07:00 AM,18.9,38,52
08/22/22 08:00 AM,20.2,12,208
08/22/22 09:00 AM,22.6,2,408
08/22/22 10:00 AM,25.4,0,593
08/22/22 11:00 AM,28.3,0,739
08/22/22 12:00 PM,29.8,0,835
08/22/22 01:00 PM,32.1,0,872
08/22/22 02:00 PM,33.7,0,851
08/22/22 03:00 PM,34.3,0,771
08/22/22 04:00 PM,32.9,10,640
08/22/22 05:00 PM,31.0,2,466
08/22/22 06:00 PM,28.6,5,277
08/22/22 07:00 PM,26.3,4,95
08/22/22 08:00 PM,24.2,0,3
08/22/22 09:00 PM,22.9,0,0
08/22/22 10:00 PM,22.1,0,0
08/22/22 11:00 PM,21.5,0,0
08/23/22 12:00 AM,21.0,0,0
08/23/22 01:00 AM,20.3,0,0
08/23/22 02:00 AM,20.0,2,0
08/23/22 03:00 AM,19.6,6,0
08/23/22 04:00 AM,19.1,4,0
08/23/22 05:00 AM,18.8,4,0
08/23/22 06:00 AM,18.5,26,0
08/23/22 07:00 AM,19.7,33,51
08/23/22 08:00 AM,21.2,33,196
08/23/22 09:00 AM,22.8,25,290
08/23/22 10:00 AM,25.3,8,516
08/23/22 11:00 AM,27.2,20,729
08/23/22 12:00 PM,28.1,30,823
08/23/22 01:00 PM,27.9,35,770
08/23/22 02:00 PM,27.7,28,790
08/23/22 03:00 PM,27.8,33,737
08/23/22 04:00 PM,28.2,28,625
08/23/22 05:00 PM,28.1,6,451
08/23/22 06:00 PM,27.7,2,270
08/23/22 07:00 PM,25.9,6,90
08/23/22 08:00 PM,23.9,10,2
08/23/22 09:00 PM,22.6,3,0
08/23/22 10:00 PM,21.7,2,0
08/23/22 11:00 PM,21.1,1,0
08/24/22 12:00 AM,21.0,0,0
08/24/22 01:00 AM,20.3,9,0
08/24/22 02:00 AM,19.6,78,0
08/24/22 03:00 AM,18.9,75,0
08/24/22 04:00 AM,18.5,90,0
08/24/22 05:00 AM,18.5,90,0
08/24/22 06:00 AM,18.7,90,0
08/24/22 07:00 AM,19.5,90,19
08/24/22 08:00 AM,20.8,90,110
08/24/22 09:00 AM,22.0,61,254
08/24/22 10:00 AM,24.1,57,516
08/24/22 11:00 AM,26.0,0,682
08/24/22 12:00 PM,26.5,2,821
08/24/22 01:00 PM,27.9,2,868
08/24/22 02:00 PM,29.0,1,847
08/24/22 03:00 PM,28.0,3,762
08/24/22 04:00 PM,25.6,4,623
08/24/22 05:00 PM,24.4,4,456
08/24/22 06:00 PM,22.9,19,259
08/24/22 07:00 PM,21.3,38,82
08/24/22 08:00 PM,20.7,12,2
08/24/22 09:00 PM,20.0,47,0
08/24/22 10:00 PM,19.6,32,0
08/24/22 11:00 PM,19.5,16,0
08/25/22 12:00 AM,19.1,86,0
08/25/22 01:00 AM,19.5,87,0
08/25/22 02:00 AM,19.6,88,0
08/25/22 03:00 AM,19.8,90,0
08/25/22 04:00 AM,19.7,66,0
08/25/22 05:00 AM,19.5,90,0
08/25/22 06:00 AM,19.5,90,0
08/25/22 07:00 AM,19.7,90,28
08/25/22 08:00 AM,21.0,90,130
08/25/22 09:00 AM,22.1,90,227
08/25/22 10:00 AM,24.1,68,427
08/25/22 11:00 AM,25.8,52,678
08/25/22 12:00 PM,25.6,33,761
08/25/22 01:00 PM,27.3,3,853
08/25/22 02:00 PM,29.1,0,863
08/25/22 03:00 PM,29.6,0,784
08/25/22 04:00 PM,29.3,0,646
08/25/22 05:00 PM,27.2,0,471
08/25/22 06:00 PM,24.2,0,274
08/25/22 07:00 PM,22.0,0,88
08/25/22 08:00 PM,21.0,0,2
08/25/22 09:00 PM,20.2,0,0
08/25/22 10:00 PM,19.5,0,0
08/25/22 11:00 PM,19.1,0,0
08/26/22 12:00 AM,18.6,0,0
08/26/22 01:00 AM,18.2,1,0
08/26/22 02:00 AM,17.9,8,0
08/26/22 03:00 AM,17.7,80,0
08/26/22 04:00 AM,17.6,79,0
08/26/22 05:00 AM,17.6,82,0
08/26/22 06:00 AM,17.7,90,0
08/26/22 07:00 AM,18.4,90,30
08/26/22 08:00 AM,19.5,38,116
08/26/22 09:00 AM,21.8,35,352
08/26/22 10:00 AM,23.8,15,570
08/26/22 11:00 AM,25.9,1,731
08/26/22 12:00 PM,26.5,0,846
08/26/22 01:00 PM,28.0,0,884
08/26/22 02:00 PM,29.0,0,862
08/26/22 03:00 PM,29.5,0,778
08/26/22 04:00 PM,28.5,0,642
08/26/22 05:00 PM,26.4,0,466
08/26/22 06:00 PM,23.8,1,270
08/26/22 07:00 PM,21.3,0,85
08/26/22 08:00 PM,19.7,8,1
08/26/22 09:00 PM,19.2,4,0
08/26/22 10:00 PM,18.7,1,0
08/26/22 11:00 PM,18.2,0,0
08/27/22 12:00 AM,17.5,1,0
08/27/22 01:00 AM,16.7,5,0
08/27/22 02:00 AM,17.1,21,0
08/27/22 03:00 AM,16.7,71,0
08/27/22 04:00 AM,16.8,90,0
08/27/22 05:00 AM,17.3,90,0
08/27/22 06:00 AM,17.3,90,0
08/27/22 07:00 AM,17.6,90,18
08/27/22 08:00 AM,18.2,90,90
08/27/22 09:00 AM,19.3,90,212
08/27/22 10:00 AM,20.7,33,345
08/27/22 11:00 AM,22.8,12,674
08/27/22 12:00 PM,23.6,0,838
08/27/22 01:00 PM,25.3,0,896
08/27/22 02:00 PM,26.0,0,871
08/27/22 03:00 PM,26.3,0,784
08/27/22 04:00 PM,25.7,0,637
08/27/22 05:00 PM,24.7,0,463
08/27/22 06:00 PM,23.1,0,267
08/27/22 07:00 PM,20.9,0,82
08/27/22 08:00 PM,19.4,0,1
08/27/22 09:00 PM,18.9,0,0
08/27/22 10:00 PM,18.0,0,0
08/27/22 11:00 PM,17.4,0,0
08/28/22 12:00 AM,16.4,0,0
08/28/22 01:00 AM,15.6,1,0
08/28/22 02:00 AM,15.1,9,0
08/28/22 03:00 AM,14.9,15,0
08/28/22 04:00 AM,14.9,16,0
08/28/22 05:00 AM,14.6,12,0
08/28/22 06:00 AM,14.2,90,0
08/28/22 07:00 AM,16.2,89,40
08/28/22 08:00 AM,18.1,13,180
08/28/22 09:00 AM,20.0,14,384
08/28/22 10:00 AM,21.5,4,570
08/28/22 11:00 AM,22.6,0,732
08/28/22 12:00 PM,24.7,0,832
08/28/22 01:00 PM,25.7,0,867
08/28/22 02:00 PM,26.4,0,837
08/28/22 03:00 PM,25.8,3,741
08/28/22 04:00 PM,25.7,0,608
08/28/22 05:00 PM,23.8,4,445
08/28/22 06:00 PM,21.7,30,251
08/28/22 07:00 PM,20.4,43,54
08/28/22 08:00 PM,19.5,4,0
08/28/22 09:00 PM,18.8,0,0
08/28/22 10:00 PM,18.4,0,0
08/28/22 11:00 PM,17.6,0,0
08/29/22 12:00 AM,17.5,1,0
08/29/22 01:00 AM,17.0,1,0
08/29/22 02:00 AM,16.7,0,0
08/29/22 03:00 AM,16.6,3,0
08/29/22 04:00 AM,16.4,4,0
08/29/22 05:00 AM,16.3,8,0
08/29/22 06:00 AM,16.3,29,0
08/29/22 07:00 AM,17.2,31,42
08/29/22 08:00 AM,19.0,3,201
08/29/22 09:00 AM,20.9,31,397
08/29/22 10:00 AM,22.3,55,520
08/29/22 11:00 AM,23.6,80,624
08/29/22 12:00 PM,24.0,66,532
08/29/22 01:00 PM,24.5,51,732
08/29/22 02:00 PM,25.1,10,794
08/29/22 03:00 PM,25.4,2,746
08/29/22 04:00 PM,25.0,1,626
08/29/22 05:00 PM,24.1,0,453
08/29/22 06:00 PM,22.8,0,258
08/29/22 07:00 PM,21.3,1,75
08/29/22 08:00 PM,20.4,0,0
08/29/22 09:00 PM,19.8,0,0
08/29/22 10:00 PM,19.4,1,0
08/29/22 11:00 PM,18.9,6,0
08/30/22 12:00 AM,18.9,1,0
08/30/22 01:00 AM,18.4,1,0
08/30/22 02:00 AM,18.2,4,0
08/30/22 03:00 AM,18.0,40,0
08/30/22 04:00 AM,17.7,85,0
08/30/22 05:00 AM,17.6,90,0
08/30/22 06:00 AM,17.5,90,0
08/30/22 07:00 AM,18.1,71,30
08/30/22 08:00 AM,19.6,23,145
08/30/22 09:00 AM,21.5,13,377
08/30/22 10:00 AM,23.4,36,564
08/30/22 11:00 AM,24.8,7,660
08/30/22 12:00 PM,25.4,13,823
08/30/22 01:00 PM,26.6,5,851
08/30/22 02:00 PM,27.5,1,836
08/30/22 03:00 PM,27.9,1,756
08/30/22 04:00 PM,26.7,5,619
08/30/22 05:00 PM,24.8,1,440
08/30/22 06:00 PM,23.3,0,246
08/30/22 07:00 PM,21.6,0,69
08/30/22 08:00 PM,20.3,0,0
08/30/22 09:00 PM,19.4,1,0
08/30/22 10:00 PM,18.9,11,0
08/30/22 11:00 PM,18.5,29,0
08/31/22 12:00 AM,18.5,5,0
08/31/22 01:00 AM,18.0,4,0
08/31/22 02:00 AM,17.6,7,0
08/31/22 03:00 AM,17.3,9,0
08/31/22 04:00 AM,16.9,30,0
08/31/22 05:00 AM,16.7,32,0
08/31/22 06:00 AM,16.7,44,0
08/31/22 07:00 AM,17.6,58,38
08/31/22 08:00 AM,19.6,29,189
08/31/22 09:00 AM,21.3,28,368
08/31/22 10:00 AM,22.9,23,530
08/31/22 11:00 AM,24.5,22,695
08/31/22 12:00 PM,25.6,14,795
08/31/22 01:00 PM,27.0,1,851
08/31/22 02:00 PM,28.0,0,831
08/31/22 03:00 PM,28.7,0,745
08/31/22 04:00 PM,28.1,0,609
08/31/22 05:00 PM,26.0,0,434
08/31/22 06:00 PM,24.2,6,240
08/31/22 07:00 PM,22.0,30,65
08/31/22 08:00 PM,20.8,28,0
08/31/22 09:00 PM,19.9,6,0
08/31/22 10:00 PM,19.2,1,0
08/31/22 11:00 PM,18.6,4,0
09/01/22 12:00 AM,18.4,10,0
09/01/22 01:00 AM,18.0,1,0
09/01/22 02:00 AM,17.5,3,0
09/01/22 03:00 AM,17.4,11,0
09/01/22 04:00 AM,17.3,10,0
09/01/22 05:00 AM,17.2,14,0
09/01/22 06:00 AM,17.0,5,0
09/01/22 07:00 AM,17.5,14,39
09/01/22 08:00 AM,19.3,18,195
09/01/22 09:00 AM,21.3,16,388
09/01/22 10:00 AM,23.3,6,562
09/01/22 11:00 AM,25.3,26,713
09/01/22 12:00 PM,26.4,20,809
09/01/22 01:00 PM,28.0,30,852
09/01/22 02:00 PM,28.8,30,820
09/01/22 03:00 PM,28.2,30,698
09/01/22 04:00 PM,26.8,30,567
09/01/22 05:00 PM,25.2,32,383
09/01/22 06:00 PM,23.6,8,218
09/01/22 07:00 PM,22.1,4,62
09/01/22 08:00 PM,21.3,2,0
09/01/22 09:00 PM,20.6,4,0
09/01/22 10:00 PM,19.9,4,0
09/01/22 11:00 PM,19.0,15,0
09/02/22 12:00 AM,18.4,34,0
09/02/22 01:00 AM,18.1,7,0
09/02/22 02:00 AM,17.8,14,0
09/02/22 03:00 AM,17.7,23,0
09/02/22 04:00 AM,17.6,33,0
09/02/22 05:00 AM,17.4,45,0
09/02/22 06:00 AM,17.3,34,0
09/02/22 07:00 AM,18.0,48,34
09/02/22 08:00 AM,19.9,58,183
09/02/22 09:00 AM,21.3,69,296
09/02/22 10:00 AM,22.8,69,439
09/02/22 11:00 AM,24.4,75,527
09/02/22 12:00 PM,25.8,68,556
09/02/22 01:00 PM,27.5,100,778
09/02/22 02:00 PM,27.5,94,638
09/02/22 03:00 PM,26.9,81,561
09/02/22 04:00 PM,25.2,60,333
09/02/22 05:00 PM,24.2,57,303
09/02/22 06:00 PM,22.6,35,148
09/02/22 07:00 PM,21.2,31,45
09/02/22 08:00 PM,20.4,34,0
09/02/22 09:00 PM,19.9,29,0
09/02/22 10:00 PM,19.4,32,0
09/02/22 11:00 PM,19.1,47,0
09/03/22 12:00 AM,19.0,54,0
09/03/22 01:00 AM,18.8,57,0
09/03/22 02:00 AM,18.5,42,0
09/03/22 03:00 AM,18.3,45,0
09/03/22 04:00 AM,17.9,14,0
09/03/22 05:00 AM,17.2,3,0
09/03/22 06:00 AM,16.6,6,0
09/03/22 07:00 AM,17.2,14,36
09/03/22 08:00 AM,18.9,6,192
09/03/22 09:00 AM,20.4,3,392
09/03/22 10:00 AM,22.1,0,578
09/03/22 11:00 AM,23.7,0,727
09/03/22 12:00 PM,25.3,0,821
09/03/22 01:00 PM,26.5,0,863
09/03/22 02:00 PM,27.0,0,837
09/03/22 03:00 PM,26.5,0,751
09/03/22 04:00 PM,25.5,0,609
09/03/22 05:00 PM,24.4,0,430
09/03/22 06:00 PM,22.4,0,232
09/03/22 07:00 PM,20.4,0,57
09/03/22 08:00 PM,19.6,0,0
09/03/22 09:00 PM,18.9,0,0
09/03/22 10:00 PM,18.0,27,0
09/03/22 11:00 PM,16.9,30,0
09/04/22 12:00 AM,17.3,30,0
09/04/22 01:00 AM,16.9,30,0
09/04/22 02:00 AM,15.8,1,0
09/04/22 03:00 AM,15.9,2,0
09/04/22 04:00 AM,15.5,0,0
09/04/22 05:00 AM,15.4,0,0
09/04/22 06:00 AM,15.0,0,0
09/04/22 07:00 AM,17.2,4,35
09/04/22 08:00 AM,19.7,5,189
09/04/22 09:00 AM,21.2,47,375
09/04/22 10:00 AM,21.2,73,424
09/04/22 11:00 AM,21.9,21,522
09/04/22 12:00 PM,23.1,38,753
09/04/22 01:00 PM,23.9,25,749
09/04/22 02:00 PM,24.2,5,781
09/04/22 03:00 PM,24.4,21,725
09/04/22 04:00 PM,24.1,5,566
09/04/22 05:00 PM,23.3,4,407
09/04/22 06:00 PM,22.0,2,220
09/04/22 07:00 PM,20.5,0,53
09/04/22 08:00 PM,19.7,1,0
09/04/22 09:00 PM,19.0,0,0
09/04/22 10:00 PM,18.3,0,0
09/04/22 11:00 PM,18.0,0,0
09/05/22 12:00 AM,18.0,3,0
09/05/22 01:00 AM,17.9,14,0
09/05/22 02:00 AM,17.9,15,0
09/05/22 03:00 AM,17.8,22,0
09/05/22 04:00 AM,17.8,81,0
09/05/22 05:00 AM,18.0,94,0
09/05/22 06:00 AM,18.2,88,0
09/05/22 07:00 AM,18.7,88,20
09/05/22 08:00 AM,20.2,32,144
09/05/22 09:00 AM,21.8,48,343
09/05/22 10:00 AM,23.1,28,472
09/05/22 11:00 AM,24.3,12,650
09/05/22 12:00 PM,25.3,21,775
09/05/22 01:00 PM,25.9,43,768
09/05/22 02:00 PM,25.4,59,652
09/05/22 03:00 PM,25.0,49,559
09/05/22 04:00 PM,24.6,43,476
09/05/22 05:00 PM,24.0,58,343
09/05/22 06:00 PM,22.8,28,163
09/05/22 07:00 PM,21.5,20,42
09/05/22 08:00 PM,20.9,9,0
09/05/22 09:00 PM,20.3,2,0
09/05/22 10:00 PM,19.7,0,0
09/05/22 11:00 PM,19.1,0,0
09/06/22 12:00 AM,19.4,2,0
09/06/22 01:00 AM,19.3,11,0
09/06/22 02:00 AM,19.2,24,0
09/06/22 03:00 AM,18.9,20,0
09/06/22 04:00 AM,18.7,66,0
09/06/22 05:00 AM,18.6,59,0
09/06/22 06:00 AM,18.1,26,0
09/06/22 07:00 AM,18.5,3,31
09/06/22 08:00 AM,20.6,0,184
09/06/22 09:00 AM,22.4,4,377
09/06/22 10:00 AM,23.7,18,550
09/06/22 11:00 AM,24.6,10,657
09/06/22 12:00 PM,25.6,27,785
09/06/22 01:00 PM,26.9,8,786
09/06/22 02:00 PM,27.5,15,772
09/06/22 03:00 PM,27.7,13,720
09/06/22 04:00 PM,26.9,28,583
09/06/22 05:00 PM,25.9,16,410
09/06/22 06:00 PM,24.3,0,216
09/06/22 07:00 PM,22.5,0,47
09/06/22 08:00 PM,21.2,1,0
09/06/22 09:00 PM,20.3,0,0
09/06/22 10:00 PM,19.6,0,0
09/06/22 11:00 PM,18.9,0,0
09/07/22 12:00 AM,18.6,0,0
09/07/22 01:00 AM,18.1,25,0
09/07/22 02:00 AM,17.8,30,0
09/07/22 03:00 AM,17.5,30,0
09/07/22 04:00 AM,16.9,4,0
09/07/22 05:00 AM,16.2,30,0
09/07/22 06:00 AM,16.5,19,0
09/07/22 07:00 AM,18.1,36,30
09/07/22 08:00 AM,20.5,49,172
09/07/22 09:00 AM,22.1,75,334
09/07/22 10:00 AM,23.0,41,387
09/07/22 11:00 AM,24.4,27,644
09/07/22 12:00 PM,23.9,50,779
09/07/22 01:00 PM,25.2,60,664
09/07/22 02:00 PM,25.9,52,702
09/07/22 03:00 PM,26.0,39,690
09/07/22 04:00 PM,25.1,24,548
09/07/22 05:00 PM,24.2,30,397
09/07/22 06:00 PM,22.8,1,189
09/07/22 07:00 PM,21.3,1,43
09/07/22 08:00 PM,20.5,1,0
09/07/22 09:00 PM,20.2,11,0
09/07/22 10:00 PM,19.8,28,0
09/07/22 11:00 PM,19.4,14,0
09/08/22 12:00 AM,19.4,25,0
09/08/22 01:00 AM,19.1,82,0
09/08/22 02:00 AM,19.6,97,0
09/08/22 03:00 AM,19.9,100,0
09/08/22 04:00 AM,19.7,100,0
09/08/22 05:00 AM,19.8,93,0
09/08/22 06:00 AM,20.0,90,0
09/08/22 07:00 AM,20.6,90,13
09/08/22 08:00 AM,21.8,92,91
09/08/22 09:00 AM,23.6,93,228
09/08/22 10:00 AM,24.5,96,307
09/08/22 11:00 AM,25.7,98,502
09/08/22 12:00 PM,25.4,90,479
09/08/22 01:00 PM,25.6,90,388
09/08/22 02:00 PM,26.6,58,503
09/08/22 03:00 PM,27.1,90,573
09/08/22 04:00 PM,26.1,56,379
09/08/22 05:00 PM,25.2,17,328
09/08/22 06:00 PM,23.7,4,177
09/08/22 07:00 PM,22.3,9,37
09/08/22 08:00 PM,21.7,10,0
09/08/22 09:00 PM,21.2,19,0
09/08/22 10:00 PM,20.8,32,0
09/08/22 11:00 PM,20.4,35,0
09/09/22 12:00 AM,20.5,5,0
09/09/22 01:00 AM,20.2,8,0
09/09/22 02:00 AM,20.1,7,0
09/09/22 03:00 AM,20.0,12,0
09/09/22 04:00 AM,19.9,42,0
09/09/22 05:00 AM,20.1,100,0
09/09/22 06:00 AM,20.5,100,0
09/09/22 07:00 AM,20.6,100,14
09/09/22 08:00 AM,21.9,37,139
09/09/22 09:00 AM,23.5,22,350
09/09/22 10:00 AM,24.9,54,474
09/09/22 11:00 AM,26.1,55,563
09/09/22 12:00 PM,26.1,39,697
09/09/22 01:00 PM,27.4,11,807
09/09/22 02:00 PM,28.4,0,781
09/09/22 03:00 PM,29.0,0,698
09/09/22 04:00 PM,28.7,0,562
09/09/22 05:00 PM,27.7,0,387
09/09/22 06:00 PM,26.0,0,195
09/09/22 07:00 PM,24.2,0,37
09/09/22 08:00 PM,22.8,0,0
09/09/22 09:00 PM,21.9,0,0
09/09/22 10:00 PM,21.2,0,0
09/09/22 11:00 PM,20.5,0,0
09/10/22 12:00 AM,20.1,0,0
09/10/22 01:00 AM,19.5,0,0
09/10/22 02:00 AM,19.0,0,0
09/10/22 03:00 AM,18.6,0,0
09/10/22 04:00 AM,18.4,0,0
09/10/22 05:00 AM,18.3,0,0
09/10/22 06:00 AM,18.2,0,0
09/10/22 07:00 AM,18.7,0,27
09/10/22 08:00 AM,20.9,0,178
09/10/22 09:00 AM,23.3,0,371
09/10/22 10:00 AM,25.6,0,551
09/10/22 11:00 AM,27.5,0,695
09/10/22 12:00 PM,28.3,0,785
09/10/22 01:00 PM,29.0,0,819
09/10/22 02:00 PM,29.3,0,790
09/10/22 03:00 PM,29.3,0,705
09/10/22 04:00 PM,29.0,0,568
09/10/22 05:00 PM,28.6,0,391
09/10/22 06:00 PM,27.1,0,197
09/10/22 07:00 PM,24.6,0,36
09/10/22 08:00 PM,22.9,0,0
09/10/22 09:00 PM,21.7,0,0
09/10/22 10:00 PM,21.0,0,0
09/10/22 11:00 PM,20.4,0,0
09/11/22 12:00 AM,19.8,0,0
09/11/22 01:00 AM,19.2,0,0
09/11/22 02:00 AM,19.5,0,0
09/11/22 03:00 AM,17.3,0,0
09/11/22 04:00 AM,17.4,0,0
09/11/22 05:00 AM,17.0,5,0
09/11/22 06:00 AM,16.6,10,0
09/11/22 07:00 AM,18.5,22,26
09/11/22 08:00 AM,20.4,35,172
09/11/22 09:00 AM,21.7,38,343
09/11/22 10:00 AM,23.1,24,521
09/11/22 11:00 AM,24.1,46,671
09/11/22 12:00 PM,26.0,6,760
09/11/22 01:00 PM,26.7,5,816
09/11/22 02:00 PM,27.0,46,788
09/11/22 03:00 PM,26.6,90,608
09/11/22 04:00 PM,25.5,90,324
09/11/22 05:00 PM,24.5,93,270
09/11/22 06:00 PM,22.9,89,83
09/11/22 07:00 PM,21.8,40,12
09/11/22 08:00 PM,20.9,46,0
09/11/22 09:00 PM,20.6,100,0
09/11/22 10:00 PM,20.3,100,0
09/11/22 11:00 PM,20.1,100,0
09/12/22 12:00 AM,20.1,100,0
09/12/22 01:00 AM,20.4,76,0
09/12/22 02:00 AM,20.2,100,0
09/12/22 03:00 AM,20.2,100,0
09/12/22 04:00 AM,20.1,100,0
09/12/22 05:00 AM,20.1,100,0
09/12/22 06:00 AM,19.8,93,0
09/12/22 07:00 AM,19.8,100,3
09/12/22 08:00 AM,20.0,100,48
09/12/22 09:00 AM,20.4,100,50
09/12/22 10:00 AM,20.9,100,191
09/12/22 11:00 AM,20.5,100,116
09/12/22 12:00 PM,22.6,100,274
09/12/22 01:00 PM,21.8,84,344
09/12/22 02:00 PM,22.7,62,496
09/12/22 03:00 PM,21.6,92,427
09/12/22 04:00 PM,21.2,100,301
09/12/22 05:00 PM,20.7,100,144
09/12/22 06:00 PM,20.7,100,119
09/12/22 07:00 PM,19.9,100,9
09/12/22 08:00 PM,19.9,98,0
09/12/22 09:00 PM,20.1,61,0
09/12/22 10:00 PM,20.0,93,0
09/12/22 11:00 PM,19.3,100,0
09/13/22 12:00 AM,20.7,20,0
09/13/22 01:00 AM,20.4,40,0
09/13/22 02:00 AM,19.2,100,0
09/13/22 03:00 AM,19.5,100,0
09/13/22 04:00 AM,19.2,100,0
09/13/22 05:00 AM,19.3,100,0
09/13/22 06:00 AM,19.2,100,0
09/13/22 07:00 AM,19.1,100,8
09/13/22 08:00 AM,19.4,100,43
09/13/22 09:00 AM,19.1,100,102
09/13/22 10:00 AM,19.8,100,92
09/13/22 11:00 AM,20.5,100,269
09/13/22 12:00 PM,19.5,88,457
09/13/22 01:00 PM,20.4,100,464
09/13/22 02:00 PM,19.0,86,237
09/13/22 03:00 PM,20.7,100,336
09/13/22 04:00 PM,21.6,33,311
09/13/22 05:00 PM,22.1,59,326
09/13/22 06:00 PM,21.1,18,137
09/13/22 07:00 PM,20.5,19,25
09/13/22 08:00 PM,19.3,100,0
09/13/22 09:00 PM,19.5,73,0
09/13/22 10:00 PM,19.4,42,0
09/13/22 11:00 PM,19.4,78,0
09/14/22 12:00 AM,19.7,32,0
09/14/22 01:00 AM,19.5,47,0
09/14/22 02:00 AM,19.0,100,0
09/14/22 03:00 AM,18.7,100,0
09/14/22 04:00 AM,18.5,100,0
09/14/22 05:00 AM,18.7,100,0
09/14/22 06:00 AM,18.3,100,0
09/14/22 07:00 AM,18.9,100,13
09/14/22 08:00 AM,19.7,100,92
09/14/22 09:00 AM,19.8,100,163
09/14/22 10:00 AM,21.2,100,213
09/14/22 11:00 AM,22.1,99,374
09/14/22 12:00 PM,21.4,100,469
09/14/22 01:00 PM,21.0,100,457
09/14/22 02:00 PM,21.0,81,312
09/14/22 03:00 PM,21.9,62,486
09/14/22 04:00 PM,22.3,97,388
09/14/22 05:00 PM,21.9,22,276
09/14/22 06:00 PM,21.2,27,152
09/14/22 07:00 PM,20.1,18,22
09/14/22 08:00 PM,19.4,10,0
09/14/22 09:00 PM,19.1,3,0
09/14/22 10:00 PM,18.9,8,0
09/14/22 11:00 PM,18.7,4,0
09/15/22 12:00 AM,19.1,25,0
09/15/22 01:00 AM,19.1,34,0
09/15/22 02:00 AM,18.9,14,0
09/15/22 03:00 AM,18.7,25,0
09/15/22 04:00 AM,18.6,20,0
09/15/22 05:00 AM,18.5,26,0
09/15/22 06:00 AM,18.5,32,0
09/15/22 07:00 AM,19.1,26,17
09/15/22 08:00 AM,20.4,57,130
09/15/22 09:00 AM,21.3,100,252
09/15/22 10:00 AM,22.3,98,352
09/15/22 11:00 AM,22.8,95,389
09/15/22 12:00 PM,22.9,100,410
09/15/22 01:00 PM,22.8,73,423
09/15/22 02:00 PM,23.7,20,607
09/15/22 03:00 PM,23.6,14,611
09/15/22 04:00 PM,23.1,14,519
09/15/22 05:00 PM,22.4,31,342
09/15/22 06:00 PM,21.5,74,149
09/15/22 07:00 PM,20.7,39,18
09/15/22 08:00 PM,19.8,73,0
09/15/22 09:00 PM,19.8,77,0
09/15/22 10:00 PM,19.5,56,0
09/15/22 11:00 PM,19.0,1,0
09/16/22 12:00 AM,18.7,17,0
09/16/22 01:00 AM,18.6,14,0
09/16/22 02:00 AM,18.0,15,0
09/16/22 03:00 AM,17.6,17,0
09/16/22 04:00 AM,17.4,10,0
09/16/22 05:00 AM,17.4,1,0
09/16/22 06:00 AM,17.7,92,0
09/16/22 07:00 AM,18.2,91,17
09/16/22 08:00 AM,19.8,40,139
09/16/22 09:00 AM,21.1,90,288
09/16/22 10:00 AM,21.8,90,311
09/16/22 11:00 AM,22.6,56,465
09/16/22 12:00 PM,23.2,9,593
09/16/22 01:00 PM,23.7,29,776
09/16/22 02:00 PM,24.0,30,715
09/16/22 03:00 PM,24.3,14,652
09/16/22 04:00 PM,24.4,12,525
09/16/22 05:00 PM,23.7,0,342
09/16/22 06:00 PM,22.8,0,164
09/16/22 07:00 PM,21.7,0,21
09/16/22 08:00 PM,21.2,3,0
09/16/22 09:00 PM,20.7,0,0
09/16/22 10:00 PM,20.0,0,0
09/16/22 11:00 PM,19.5,0,0
09/17/22 12:00 AM,19.5,0,0
09/17/22 01:00 AM,19.0,0,0
09/17/22 02:00 AM,18.7,0,0
09/17/22 03:00 AM,18.4,3,0
09/17/22 04:00 AM,18.1,22,0
09/17/22 05:00 AM,18.0,7,0
09/17/22 06:00 AM,18.1,0,0
09/17/22 07:00 AM,18.5,0,19
09/17/22 08:00 AM,20.3,4,160
09/17/22 09:00 AM,22.1,0,350
09/17/22 10:00 AM,23.9,5,528
09/17/22 11:00 AM,25.6,0,669
09/17/22 12:00 PM,27.9,0,761
09/17/22 01:00 PM,28.9,16,792
09/17/22 02:00 PM,29.1,6,693
09/17/22 03:00 PM,29.5,11,640
09/17/22 04:00 PM,29.2,5,492
09/17/22 05:00 PM,26.9,1,336
09/17/22 06:00 PM,24.8,11,161
09/17/22 07:00 PM,23.3,24,19
09/17/22 08:00 PM,22.2,20,0
09/17/22 09:00 PM,21.5,4,0
09/17/22 10:00 PM,21.1,2,0
09/17/22 11:00 PM,21.0,0,0
09/18/22 12:00 AM,20.4,0,0
09/18/22 01:00 AM,19.9,4,0
09/18/22 02:00 AM,19.9,0,0
09/18/22 03:00 AM,19.3,7,0
09/18/22 04:00 AM,18.7,29,0
09/18/22 05:00 AM,18.1,23,0
09/18/22 06:00 AM,18.0,43,0
09/18/22 07:00 AM,19.4,14,15
09/18/22 08:00 AM,21.5,21,152
09/18/22 09:00 AM,24.0,27,320
09/18/22 10:00 AM,25.3,13,482
09/18/22 11:00 AM,25.6,44,631
09/18/22 12:00 PM,27.5,43,611
09/18/22 01:00 PM,28.0,22,565
09/18/22 02:00 PM,28.8,10,687
09/18/22 03:00 PM,29.4,12,620
09/18/22 04:00 PM,29.1,11,499
09/18/22 05:00 PM,27.1,2,324
09/18/22 06:00 PM,23.9,12,152
09/18/22 07:00 PM,23.2,5,16
09/18/22 08:00 PM,22.5,3,0
09/18/22 09:00 PM,22.1,35,0
09/18/22 10:00 PM,21.9,33,0
09/18/22 11:00 PM,21.1,56,0
09/19/22 12:00 AM,21.9,18,0
09/19/22 01:00 AM,20.3,18,0
09/19/22 02:00 AM,20.1,3,0
09/19/22 03:00 AM,19.8,0,0
09/19/22 04:00 AM,19.2,1,0
09/19/22 05:00 AM,19.4,13,0
09/19/22 06:00 AM,19.5,26,0
09/19/22 07:00 AM,20.2,13,16
09/19/22 08:00 AM,20.9,56,133
09/19/22 09:00 AM,21.2,64,172
09/19/22 10:00 AM,22.7,48,256
09/19/22 11:00 AM,24.2,70,306
09/19/22 12:00 PM,23.4,41,402
09/19/22 01:00 PM,25.1,52,616
09/19/22 02:00 PM,23.7,39,222
09/19/22 03:00 PM,22.9,38,138
09/19/22 04:00 PM,22.5,36,161
09/19/22 05:00 PM,22.5,30,167
09/19/22 06:00 PM,21.5,34,72
09/19/22 07:00 PM,20.5,30,9
09/19/22 08:00 PM,20.1,17,0
09/19/22 09:00 PM,19.2,0,0
09/19/22 10:00 PM,18.7,0,0
09/19/22 11:00 PM,19.4,0,0
09/20/22 12:00 AM,21.6,0,0
09/20/22 01:00 AM,20.8,2,0
09/20/22 02:00 AM,20.4,0,0
09/20/22 03:00 AM,20.2,60,0
09/20/22 04:00 AM,19.4,100,0
09/20/22 05:00 AM,19.9,39,0
09/20/22 06:00 AM,19.8,23,0
09/20/22 07:00 AM,19.5,25,15
09/20/22 08:00 AM,21.3,6,143
09/20/22 09:00 AM,23.2,4,335
09/20/22 10:00 AM,25.0,1,510
09/20/22 11:00 AM,25.5,35,640
09/20/22 12:00 PM,27.5,37,520
09/20/22 01:00 PM,27.3,36,531
09/20/22 02:00 PM,26.3,18,522
09/20/22 03:00 PM,27.4,30,604
09/20/22 04:00 PM,27.2,31,385
09/20/22 05:00 PM,25.4,22,280
09/20/22 06:00 PM,24.0,28,139
09/20/22 07:00 PM,22.7,16,13
09/20/22 08:00 PM,21.8,37,0
09/20/22 09:00 PM,21.4,42,0
09/20/22 10:00 PM,21.1,86,0
09/20/22 11:00 PM,21.3,86,0
09/21/22 12:00 AM,20.8,73,0
09/21/22 01:00 AM,20.7,39,0
09/21/22 02:00 AM,20.5,15,0
09/21/22 03:00 AM,20.2,19,0
09/21/22 04:00 AM,20.0,44,0
09/21/22 05:00 AM,20.7,66,0
09/21/22 06:00 AM,20.2,37,0
09/21/22 07:00 AM,20.0,22,13
09/21/22 08:00 AM,21.1,11,128
09/21/22 09:00 AM,22.6,11,322
09/21/22 10:00 AM,24.0,5,474
09/21/22 11:00 AM,25.2,0,628
09/21/22 12:00 PM,26.3,1,733
09/21/22 01:00 PM,26.6,4,769
09/21/22 02:00 PM,26.2,9,727
09/21/22 03:00 PM,25.5,21,626
09/21/22 04:00 PM,24.8,25,424
09/21/22 05:00 PM,24.3,29,285
09/21/22 06:00 PM,23.3,30,109
09/21/22 07:00 PM,22.3,15,12
09/21/22 08:00 PM,21.4,8,0
09/21/22 09:00 PM,20.6,0,0
09/21/22 10:00 PM,20.1,0,0
09/21/22 11:00 PM,19.8,0,0
09/22/22 12:00 AM,20.0,0,0
09/22/22 01:00 AM,19.5,0,0
09/22/22 02:00 AM,19.3,0,0
09/22/22 03:00 AM,18.7,0,0
09/22/22 04:00 AM,19.5,0,0
09/22/22 05:00 AM,17.2,3,0
09/22/22 06:00 AM,17.3,22,0
09/22/22 07:00 AM,18.4,23,14
09/22/22 08:00 AM,20.0,32,130
09/22/22 09:00 AM,21.9,18,328
09/22/22 10:00 AM,24.1,4,510
09/22/22 11:00 AM,26.0,0,661
09/22/22 12:00 PM,27.0,0,754
09/22/22 01:00 PM,28.0,0,782
09/22/22 02:00 PM,28.5,0,748
09/22/22 03:00 PM,28.6,0,659
09/22/22 04:00 PM,27.9,0,517
09/22/22 05:00 PM,26.6,0,334
09/22/22 06:00 PM,24.2,0,144
09/22/22 07:00 PM,21.8,0,12
09/22/22 08:00 PM,20.3,20,0
09/22/22 09:00 PM,19.1,10,0
09/22/22 10:00 PM,17.9,4,0
09/22/22 11:00 PM,17.2,1,0
09/23/22 12:00 AM,17.4,3,0
09/23/22 01:00 AM,17.3,16,0
09/23/22 02:00 AM,17.2,10,0
09/23/22 03:00 AM,17.3,5,0
09/23/22 04:00 AM,17.1,14,0
09/23/22 05:00 AM,17.2,90,0
09/23/22 06:00 AM,17.1,90,0
09/23/22 07:00 AM,17.6,52,10
09/23/22 08:00 AM,19.5,43,120
09/23/22 09:00 AM,21.0,22,314
09/23/22 10:00 AM,22.4,24,510
09/23/22 11:00 AM,23.6,23,637
09/23/22 12:00 PM,24.8,16,740
09/23/22 01:00 PM,25.7,4,780
09/23/22 02:00 PM,26.4,19,748
09/23/22 03:00 PM,26.9,27,654
09/23/22 04:00 PM,26.5,30,503
09/23/22 05:00 PM,25.0,30,316
09/23/22 06:00 PM,22.3,30,122
09/23/22 07:00 PM,20.7,30,10
09/23/22 08:00 PM,19.6,30,0
09/23/22 09:00 PM,19.0,30,0
09/23/22 10:00 PM,18.8,31,0
09/23/22 11:00 PM,18.5,34,0
09/24/22 12:00 AM,18.8,4,0
09/24/22 01:00 AM,18.5,7,0
09/24/22 02:00 AM,18.4,26,0
09/24/22 03:00 AM,18.4,31,0
09/24/22 04:00 AM,18.4,28,0
09/24/22 05:00 AM,18.3,26,0
09/24/22 06:00 AM,18.2,30,0
09/24/22 07:00 AM,18.3,32,12
09/24/22 08:00 AM,19.2,42,117
09/24/22 09:00 AM,20.5,36,306
09/24/22 10:00 AM,21.8,30,496
09/24/22 11:00 AM,23.0,34,641
09/24/22 12:00 PM,23.3,32,746
09/24/22 01:00 PM,23.6,13,749
09/24/22 02:00 PM,23.8,8,746
09/24/22 03:00 PM,23.5,18,655
09/24/22 04:00 PM,22.5,14,504
09/24/22 05:00 PM,21.3,28,324
09/24/22 06:00 PM,19.9,25,130
09/24/22 07:00 PM,18.8,28,9
09/24/22 08:00 PM,18.3,26,0
09/24/22 09:00 PM,17.7,29,0
09/24/22 10:00 PM,17.4,1,0
09/24/22 11:00 PM,17.2,0,0
09/25/22 12:00 AM,17.7,0,0
09/25/22 01:00 AM,17.5,0,0
09/25/22 02:00 AM,17.1,0,0
09/25/22 03:00 AM,16.8,0,0
09/25/22 04:00 AM,16.4,0,0
09/25/22 05:00 AM,16.1,0,0
09/25/22 06:00 AM,15.7,0,0
09/25/22 07:00 AM,15.5,0,13
09/25/22 08:00 AM,16.9,0,149
09/25/22 09:00 AM,18.4,0,346
09/25/22 10:00 AM,19.8,0,528
09/25/22 11:00 AM,21.2,0,668
09/25/22 12:00 PM,22.8,0,756
09/25/22 01:00 PM,23.6,0,784
09/25/22 02:00 PM,23.8,1,751
09/25/22 03:00 PM,23.2,1,655
09/25/22 04:00 PM,22.1,1,505
09/25/22 05:00 PM,21.4,1,315
09/25/22 06:00 PM,20.1,2,131
09/25/22 07:00 PM,18.9,13,8
09/25/22 08:00 PM,18.3,16,0
09/25/22 09:00 PM,17.8,1,0
09/25/22 10:00 PM,17.4,0,0
09/25/22 11:00 PM,17.2,1,0
09/26/22 12:00 AM,17.6,0,0
09/26/22 01:00 AM,17.1,0,0
09/26/22 02:00 AM,16.6,0,0
09/26/22 03:00 AM,16.0,0,0
09/26/22 04:00 AM,15.4,0,0
09/26/22 05:00 AM,14.8,0,0
09/26/22 06:00 AM,14.4,0,0
09/26/22 07:00 AM,14.5,0,12
09/26/22 08:00 AM,16.5,0,146
09/26/22 09:00 AM,18.6,0,341
09/26/22 10:00 AM,20.4,0,520
09/26/22 11:00 AM,22.2,0,662
09/26/22 12:00 PM,24.5,0,751
09/26/22 01:00 PM,25.2,10,777
09/26/22 02:00 PM,25.5,17,646
09/26/22 03:00 PM,25.9,23,549
09/26/22 04:00 PM,25.0,40,383
09/26/22 05:00 PM,22.3,20,203
09/26/22 06:00 PM,21.9,4,109
09/26/22 07:00 PM,19.7,1,7
09/26/22 08:00 PM,18.5,0,0
09/26/22 09:00 PM,17.9,0,0
09/26/22 10:00 PM,17.3,0,0
09/26/22 11:00 PM,16.8,0,0
09/27/22 12:00 AM,16.6,0,0
09/27/22 01:00 AM,16.3,0,0
09/27/22 02:00 AM,16.0,0,0
09/27/22 03:00 AM,15.7,0,0
09/27/22 04:00 AM,15.5,0,0
09/27/22 05:00 AM,15.2,0,0
09/27/22 06:00 AM,14.9,0,0
09/27/22 07:00 AM,15.2,0,11
09/27/22 08:00 AM,17.1,0,141
09/27/22 09:00 AM,18.8,0,334
09/27/22 10:00 AM,20.6,0,509
09/27/22 11:00 AM,22.2,0,648
09/27/22 12:00 PM,23.6,0,738
09/27/22 01:00 PM,24.5,0,766
09/27/22 02:00 PM,24.1,3,729
09/27/22 03:00 PM,23.4,0,629
09/27/22 04:00 PM,22.5,0,484
09/27/22 05:00 PM,21.2,0,304
09/27/22 06:00 PM,19.5,2,117
09/27/22 07:00 PM,18.1,0,6
09/27/22 08:00 PM,17.1,1,0
09/27/22 09:00 PM,16.8,0,0
09/27/22 10:00 PM,16.7,0,0
09/27/22 11:00 PM,16.6,6,0
09/28/22 12:00 AM,16.3,0,0
09/28/22 01:00 AM,16.3,0,0
09/28/22 02:00 AM,15.9,4,0
09/28/22 03:00 AM,15.9,4,0
09/28/22 04:00 AM,15.9,1,0
09/28/22 05:00 AM,15.9,4,0
09/28/22 06:00 AM,15.9,13,0
09/28/22 07:00 AM,16.2,8,10
09/28/22 08:00 AM,17.5,1,133
09/28/22 09:00 AM,19.2,0,326
09/28/22 10:00 AM,20.9,23,501
09/28/22 11:00 AM,21.7,47,540
09/28/22 12:00 PM,22.1,44,632
09/28/22 01:00 PM,22.1,26,668
09/28/22 02:00 PM,22.9,23,680
09/28/22 03:00 PM,22.0,4,601
09/28/22 04:00 PM,22.0,28,477
09/28/22 05:00 PM,20.9,26,276
09/28/22 06:00 PM,19.6,19,106
09/28/22 07:00 PM,18.6,23,4
09/28/22 08:00 PM,17.7,7,0
09/28/22 09:00 PM,17.1,11,0
09/28/22 10:00 PM,16.8,24,0
09/28/22 11:00 PM,16.5,23,0
09/29/22 12:00 AM,16.6,26,0
09/29/22 01:00 AM,16.3,40,0
09/29/22 02:00 AM,16.1,15,0
09/29/22 03:00 AM,16.0,33,0
09/29/22 04:00 AM,15.8,23,0
09/29/22 05:00 AM,15.5,54,0
09/29/22 06:00 AM,15.6,64,0
09/29/22 07:00 AM,15.8,41,8
09/29/22 08:00 AM,17.8,59,113
09/29/22 09:00 AM,19.7,100,261
09/29/22 10:00 AM,20.8,100,287
09/29/22 11:00 AM,20.6,96,379
09/29/22 12:00 PM,19.9,100,338
09/29/22 01:00 PM,20.2,100,359
09/29/22 02:00 PM,20.5,43,322
09/29/22 03:00 PM,21.9,42,530
09/29/22 04:00 PM,21.4,74,392
09/29/22 05:00 PM,19.9,38,231
09/29/22 06:00 PM,18.7,6,97
09/29/22 07:00 PM,17.5,4,4
09/29/22 08:00 PM,16.9,4,0
09/29/22 09:00 PM,16.6,1,0
09/29/22 10:00 PM,16.3,1,0
09/29/22 11:00 PM,16.1,0,0
09/30/22 12:00 AM,15.6,0,0
09/30/22 01:00 AM,15.5,0,0
09/30/22 02:00 AM,15.3,1,0
09/30/22 03:00 AM,15.1,0,0
09/30/22 04:00 AM,14.7,0,0
09/30/22 05:00 AM,14.4,0,0
09/30/22 06:00 AM,13.9,0,0
09/30/22 07:00 AM,13.9,0,9
09/30/22 08:00 AM,15.5,0,136
09/30/22 09:00 AM,17.1,0,330
09/30/22 10:00 AM,18.9,0,512
09/30/22 11:00 AM,20.6,0,654
09/30/22 12:00 PM,21.6,0,741
09/30/22 01:00 PM,22.5,2,770
09/30/22 02:00 PM,23.0,1,733
09/30/22 03:00 PM,22.9,3,634
09/30/22 04:00 PM,22.1,2,484
09/30/22 05:00 PM,21.1,14,297
09/30/22 06:00 PM,19.3,6,108
09/30/22 07:00 PM,17.3,9,3
09/30/22 08:00 PM,16.1,6,0
09/30/22 09:00 PM,15.6,3,0
09/30/22 10:00 PM,15.1,12,0
09/30/22 11:00 PM,14.7,7,0
10/01/22 12:00 AM,14.3,19,0
10/01/22 01:00 AM,13.7,9,0
10/01/22 02:00 AM,13.3,29,0
10/01/22 03:00 AM,12.7,30,0
10/01/22 04:00 AM,12.4,30,0
10/01/22 05:00 AM,12.2,30,0
10/01/22 06:00 AM,12.2,30,0
10/01/22 07:00 AM,12.2,1,7
10/01/22 08:00 AM,14.0,1,128
10/01/22 09:00 AM,17.0,19,317
10/01/22 10:00 AM,20.1,21,495
10/01/22 11:00 AM,22.8,22,635
10/01/22 12:00 PM,24.4,28,724
10/01/22 01:00 PM,26.1,27,753
10/01/22 02:00 PM,26.8,28,716
10/01/22 03:00 PM,27.4,29,617
10/01/22 04:00 PM,27.2,29,468
10/01/22 05:00 PM,26.4,26,285
10/01/22 06:00 PM,24.3,29,99
10/01/22 07:00 PM,22.0,25,3
10/01/22 08:00 PM,20.9,24,0
10/01/22 09:00 PM,19.9,29,0
10/01/22 10:00 PM,19.0,28,0
10/01/22 11:00 PM,18.0,21,0
10/02/22 12:00 AM,17.6,8,0
10/02/22 01:00 AM,16.7,8,0
10/02/22 02:00 AM,15.8,10,0
10/02/22 03:00 AM,14.5,9,0
10/02/22 04:00 AM,13.6,1,0
10/02/22 05:00 AM,13.5,0,0
10/02/22 06:00 AM,13.2,0,0
10/02/22 07:00 AM,13.2,0,8
10/02/22 08:00 AM,15.6,0,132
10/02/22 09:00 AM,18.9,0,324
10/02/22 10:00 AM,22.6,0,501
10/02/22 11:00 AM,25.7,0,640
10/02/22 12:00 PM,28.0,0,727
10/02/22 01:00 PM,29.6,0,754
10/02/22 02:00 PM,30.6,0,716
10/02/22 03:00 PM,31.1,0,617
10/02/22 04:00 PM,31.0,0,469
10/02/22 05:00 PM,30.1,0,286
10/02/22 06:00 PM,27.2,0,98
10/02/22 07:00 PM,25.2,0,2
10/02/22 08:00 PM,23.6,0,0
10/02/22 09:00 PM,20.5,0,0
10/02/22 10:00 PM,19.4,0,0
10/02/22 11:00 PM,18.4,0,0
10/03/22 12:00 AM,20.1,0,0
10/03/22 01:00 AM,16.7,0,0
10/03/22 02:00 AM,15.5,0,0
10/03/22 03:00 AM,15.7,0,0
10/03/22 04:00 AM,15.7,0,0
10/03/22 05:00 AM,15.6,1,0
10/03/22 06:00 AM,14.2,0,0
10/03/22 07:00 AM,16.3,0,7
10/03/22 08:00 AM,18.3,0,122
10/03/22 09:00 AM,20.4,0,308
10/03/22 10:00 AM,22.7,0,483
10/03/22 11:00 AM,24.8,0,619
10/03/22 12:00 PM,25.1,0,705
10/03/22 01:00 PM,26.4,0,728
10/03/22 02:00 PM,26.7,0,690
10/03/22 03:00 PM,26.8,0,594
10/03/22 04:00 PM,26.5,0,440
10/03/22 05:00 PM,25.5,0,264
10/03/22 06:00 PM,23.7,0,87
10/03/22 07:00 PM,21.6,0,1
10/03/22 08:00 PM,21.0,0,0
10/03/22 09:00 PM,19.6,0,0
10/03/22 10:00 PM,19.3,0,0
10/03/22 11:00 PM,17.6,0,0
10/04/22 12:00 AM,17.4,0,0
10/04/22 01:00 AM,16.9,0,0
10/04/22 02:00 AM,15.8,0,0
10/04/22 03:00 AM,14.9,0,0
10/04/22 04:00 AM,14.1,0,0
10/04/22 05:00 AM,16.7,0,0
10/04/22 06:00 AM,14.3,0,0
10/04/22 07:00 AM,14.9,1,6
10/04/22 08:00 AM,17.7,0,121
10/04/22 09:00 AM,21.3,0,309
10/04/22 10:00 AM,23.8,2,486
10/04/22 11:00 AM,26.1,0,625
10/04/22 12:00 PM,27.8,0,713
10/04/22 01:00 PM,29.0,0,739
10/04/22 02:00 PM,29.7,0,700
10/04/22 03:00 PM,30.2,0,603
10/04/22 04:00 PM,30.5,0,457
10/04/22 05:00 PM,29.5,0,275
10/04/22 06:00 PM,27.1,0,90
10/04/22 07:00 PM,24.4,0,1
10/04/22 08:00 PM,22.3,0,0
10/04/22 09:00 PM,21.2,0,0
10/04/22 10:00 PM,20.3,0,0
10/04/22 11:00 PM,19.6,0,0
10/05/22 12:00 AM,18.7,0,0
10/05/22 01:00 AM,18.4,0,0
10/05/22 02:00 AM,18.0,0,0
10/05/22 03:00 AM,17.5,0,0
10/05/22 04:00 AM,17.4,0,0
10/05/22 05:00 AM,17.2,0,0
10/05/22 06:00 AM,16.7,0,0
10/05/22 07:00 AM,16.4,0,6
10/05/22 08:00 AM,18.3,0,119
10/05/22 09:00 AM,21.3,0,307
10/05/22 10:00 AM,24.3,0,483
10/05/22 11:00 AM,26.7,0,622
10/05/22 12:00 PM,27.8,0,708
10/05/22 01:00 PM,29.2,0,733
10/05/22 02:00 PM,29.9,0,695
10/05/22 03:00 PM,30.4,2,597
10/05/22 04:00 PM,30.0,0,449
10/05/22 05:00 PM,28.0,0,268
10/05/22 06:00 PM,25.0,0,85
10/05/22 07:00 PM,22.3,0,1
10/05/22 08:00 PM,20.4,0,0
10/05/22 09:00 PM,19.1,0,0
10/05/22 10:00 PM,18.3,0,0
10/05/22 11:00 PM,17.8,0,0
10/06/22 12:00 AM,17.9,0,0
10/06/22 01:00 AM,17.6,0,0
10/06/22 02:00 AM,17.0,0,0
10/06/22 03:00 AM,16.7,0,0
10/06/22 04:00 AM,16.4,0,0
10/06/22 05:00 AM,16.0,2,0
10/06/22 06:00 AM,15.7,28,0
10/06/22 07:00 AM,15.6,26,5
10/06/22 08:00 AM,17.5,18,111
10/06/22 09:00 AM,20.2,28,288
10/06/22 10:00 AM,23.4,30,456
10/06/22 11:00 AM,26.1,30,558
10/06/22 12:00 PM,26.9,30,613
10/06/22 01:00 PM,28.4,30,635
10/06/22 02:00 PM,29.0,29,629
10/06/22 03:00 PM,29.4,29,501
10/06/22 04:00 PM,29.1,30,390
10/06/22 05:00 PM,27.5,30,199
10/06/22 06:00 PM,25.7,29,58
10/06/22 07:00 PM,23.9,17,1
10/06/22 08:00 PM,22.1,17,0
10/06/22 09:00 PM,21.0,36,0
10/06/22 10:00 PM,20.2,44,0
10/06/22 11:00 PM,18.8,4,0
10/07/22 12:00 AM,18.8,2,0
10/07/22 01:00 AM,18.4,11,0
10/07/22 02:00 AM,18.2,17,0
10/07/22 03:00 AM,17.9,0,0
10/07/22 04:00 AM,17.6,0,0
10/07/22 05:00 AM,17.4,4,0
10/07/22 06:00 AM,17.4,0,0
10/07/22 07:00 AM,16.8,0,4
10/07/22 08:00 AM,18.2,0,111
10/07/22 09:00 AM,21.5,0,294
10/07/22 10:00 AM,24.0,0,469
10/07/22 11:00 AM,26.1,0,605
10/07/22 12:00 PM,26.7,10,672
10/07/22 01:00 PM,28.3,0,703
10/07/22 02:00 PM,29.1,0,672
10/07/22 03:00 PM,29.7,2,572
10/07/22 04:00 PM,29.9,5,415
10/07/22 05:00 PM,29.3,7,236
10/07/22 06:00 PM,23.8,8,72
10/07/22 07:00 PM,21.0,3,0
10/07/22 08:00 PM,20.3,5,0
10/07/22 09:00 PM,19.4,4,0
10/07/22 10:00 PM,18.9,1,0
10/07/22 11:00 PM,18.5,1,0
10/08/22 12:00 AM,18.4,0,0
10/08/22 01:00 AM,17.8,0,0
10/08/22 02:00 AM,17.4,0,0
10/08/22 03:00 AM,17.2,2,0
10/08/22 04:00 AM,16.6,0,0
10/08/22 05:00 AM,15.8,0,0
10/08/22 06:00 AM,15.2,3,0
10/08/22 07:00 AM,15.1,1,4
10/08/22 08:00 AM,17.0,3,109
10/08/22 09:00 AM,20.6,30,288
10/08/22 10:00 AM,24.4,27,454
10/08/22 11:00 AM,27.1,16,575
10/08/22 12:00 PM,28.6,25,677
10/08/22 01:00 PM,30.2,34,686
10/08/22 02:00 PM,30.7,34,610
10/08/22 03:00 PM,30.5,18,507
10/08/22 04:00 PM,29.8,10,372
10/08/22 05:00 PM,27.8,6,222
10/08/22 06:00 PM,25.6,4,67
10/08/22 07:00 PM,23.1,2,0
10/08/22 08:00 PM,21.8,1,0
10/08/22 09:00 PM,20.8,5,0
10/08/22 10:00 PM,19.9,3,0
10/08/22 11:00 PM,18.7,1,0
10/09/22 12:00 AM,18.0,0,0
10/09/22 01:00 AM,17.0,0,0
10/09/22 02:00 AM,16.5,3,0
10/09/22 03:00 AM,16.2,8,0
10/09/22 04:00 AM,16.0,12,0
10/09/22 05:00 AM,15.7,25,0
10/09/22 06:00 AM,15.3,46,0
10/09/22 07:00 AM,14.9,53,3
10/09/22 08:00 AM,16.4,49,92
10/09/22 09:00 AM,18.6,33,269
10/09/22 10:00 AM,20.6,40,444
10/09/22 11:00 AM,22.7,30,564
10/09/22 12:00 PM,24.5,30,588
10/09/22 01:00 PM,24.8,33,486
10/09/22 02:00 PM,25.3,70,424
10/09/22 03:00 PM,24.4,90,364
10/09/22 04:00 PM,23.0,84,195
10/09/22 05:00 PM,22.4,86,136
10/09/22 06:00 PM,20.8,71,36
10/09/22 07:00 PM,19.3,41,0
10/09/22 08:00 PM,18.2,48,0
10/09/22 09:00 PM,17.3,10,0
10/09/22 10:00 PM,16.5,28,0
10/09/22 11:00 PM,16.1,27,0
10/10/22 12:00 AM,16.6,17,0
10/10/22 01:00 AM,16.1,33,0
10/10/22 02:00 AM,16.0,17,0
10/10/22 03:00 AM,15.5,3,0
10/10/22 04:00 AM,15.2,0,0
10/10/22 05:00 AM,14.7,17,0
10/10/22 06:00 AM,13.9,11,0
10/10/22 07:00 AM,14.0,49,3
10/10/22 08:00 AM,16.6,59,72
10/10/22 09:00 AM,17.6,53,157
10/10/22 10:00 AM,19.1,84,348
10/10/22 11:00 AM,20.0,100,442
10/10/22 12:00 PM,18.1,97,297
10/10/22 01:00 PM,17.8,100,81
10/10/22 02:00 PM,17.9,100,113
10/10/22 03:00 PM,18.3,66,99
10/10/22 04:00 PM,19.2,32,277
10/10/22 05:00 PM,19.1,44,184
10/10/22 06:00 PM,18.1,42,47
10/10/22 07:00 PM,17.4,14,0
10/10/22 08:00 PM,17.0,10,0
10/10/22 09:00 PM,15.9,25,0
10/10/22 10:00 PM,17.0,44,0
10/10/22 11:00 PM,16.2,100,0
10/11/22 12:00 AM,16.4,90,0
10/11/22 01:00 AM,16.2,91,0
10/11/22 02:00 AM,16.5,85,0
10/11/22 03:00 AM,16.5,81,0
10/11/22 04:00 AM,16.5,83,0
10/11/22 05:00 AM,16.2,50,0
10/11/22 06:00 AM,16.0,84,0
10/11/22 07:00 AM,16.2,14,2
10/11/22 08:00 AM,17.0,53,94
10/11/22 09:00 AM,18.3,100,238
10/11/22 10:00 AM,20.0,70,383
10/11/22 11:00 AM,21.7,43,515
10/11/22 12:00 PM,23.3,7,643
10/11/22 01:00 PM,24.9,7,669
10/11/22 02:00 PM,25.8,12,597
10/11/22 03:00 PM,26.2,9,510
10/11/22 04:00 PM,26.1,5,370
10/11/22 05:00 PM,24.8,34,220
10/11/22 06:00 PM,20.2,11,48
10/11/22 07:00 PM,19.7,7,0
10/11/22 08:00 PM,19.0,10,0
10/11/22 09:00 PM,18.6,2,0
10/11/22 10:00 PM,18.1,1,0
10/11/22 11:00 PM,17.5,1,0
10/12/22 12:00 AM,17.8,0,0
10/12/22 01:00 AM,17.4,0,0
10/12/22 02:00 AM,17.1,0,0
10/12/22 03:00 AM,16.9,0,0
10/12/22 04:00 AM,16.7,1,0
10/12/22 05:00 AM,16.5,0,0
10/12/22 06:00 AM,16.3,0,0
10/12/22 07:00 AM,16.0,8,2
10/12/22 08:00 AM,17.6,2,97
10/12/22 09:00 AM,20.0,19,273
10/12/22 10:00 AM,22.3,30,419
10/12/22 11:00 AM,23.8,0,460
10/12/22 12:00 PM,26.4,0,663
10/12/22 01:00 PM,27.5,10,683
10/12/22 02:00 PM,27.7,10,598
10/12/22 03:00 PM,27.8,6,496
10/12/22 04:00 PM,27.6,2,378
10/12/22 05:00 PM,25.3,2,221
10/12/22 06:00 PM,23.5,3,55
10/12/22 07:00 PM,19.8,1,0
10/12/22 08:00 PM,19.0,0,0
10/12/22 09:00 PM,18.5,0,0
10/12/22 10:00 PM,18.2,7,0
10/12/22 11:00 PM,17.7,9,0
10/13/22 12:00 AM,17.6,21,0
10/13/22 01:00 AM,17.1,28,0
10/13/22 02:00 AM,16.7,10,0
10/13/22 03:00 AM,16.5,27,0
10/13/22 04:00 AM,16.3,2,0
10/13/22 05:00 AM,16.2,2,0
10/13/22 06:00 AM,16.1,4,0
10/13/22 07:00 AM,16.0,4,2
10/13/22 08:00 AM,17.2,2,94
10/13/22 09:00 AM,19.5,0,272
10/13/22 10:00 AM,22.2,0,443
10/13/22 11:00 AM,24.4,0,576
10/13/22 12:00 PM,25.2,0,657
10/13/22 01:00 PM,26.5,2,676
10/13/22 02:00 PM,27.3,8,637
10/13/22 03:00 PM,27.7,3,541
10/13/22 04:00 PM,26.8,15,397
10/13/22 05:00 PM,24.0,27,220
10/13/22 06:00 PM,21.1,14,53
10/13/22 07:00 PM,19.3,0,0
10/13/22 08:00 PM,18.0,2,0
10/13/22 09:00 PM,17.4,1,0
10/13/22 10:00 PM,17.0,0,0
10/13/22 11:00 PM,16.7,0,0
10/14/22 12:00 AM,16.6,1,0
10/14/22 01:00 AM,16.4,2,0
10/14/22 02:00 AM,16.3,22,0
10/14/22 03:00 AM,16.2,7,0
10/14/22 04:00 AM,16.0,17,0
10/14/22 05:00 AM,15.7,12,0
10/14/22 06:00 AM,15.6,8,0
10/14/22 07:00 AM,15.4,23,2
10/14/22 08:00 AM,16.7,31,90
10/14/22 09:00 AM,18.8,28,256
10/14/22 10:00 AM,21.5,15,430
10/14/22 11:00 AM,24.2,7,570
10/14/22 12:00 PM,26.0,15,653
10/14/22 01:00 PM,27.5,26,673
10/14/22 02:00 PM,28.2,17,631
10/14/22 03:00 PM,28.4,3,536
10/14/22 04:00 PM,28.2,2,394
10/14/22 05:00 PM,26.8,0,218
10/14/22 06:00 PM,21.7,0,50
10/14/22 07:00 PM,19.9,0,0
10/14/22 08:00 PM,19.0,0,0
10/14/22 09:00 PM,18.2,0,0
10/14/22 10:00 PM,17.5,0,0
10/14/22 11:00 PM,16.9,0,0
10/15/22 12:00 AM,16.4,0,0
10/15/22 01:00 AM,15.9,0,0
10/15/22 02:00 AM,15.7,0,0
10/15/22 03:00 AM,15.5,0,0
10/15/22 04:00 AM,15.2,0,0
10/15/22 05:00 AM,14.9,0,0
10/15/22 06:00 AM,14.8,0,0
10/15/22 07:00 AM,14.9,0,1
10/15/22 08:00 AM,16.4,0,89
10/15/22 09:00 AM,18.6,0,265
10/15/22 10:00 AM,20.7,0,437
10/15/22 11:00 AM,22.6,0,573
10/15/22 12:00 PM,23.4,0,656
10/15/22 01:00 PM,24.3,0,677
10/15/22 02:00 PM,24.8,0,636
10/15/22 03:00 PM,24.8,0,537
10/15/22 04:00 PM,24.1,0,390
10/15/22 05:00 PM,22.4,0,213
10/15/22 06:00 PM,19.5,0,48
10/15/22 07:00 PM,17.9,6,0
10/15/22 08:00 PM,17.2,4,0
10/15/22 09:00 PM,16.7,20,0
10/15/22 10:00 PM,16.3,12,0
10/15/22 11:00 PM,16.1,13,0
10/16/22 12:00 AM,16.1,32,0
10/16/22 01:00 AM,15.8,31,0
10/16/22 02:00 AM,15.6,90,0
10/16/22 03:00 AM,15.9,91,0
10/16/22 04:00 AM,16.0,100,0
10/16/22 05:00 AM,16.1,100,0
10/16/22 06:00 AM,16.1,100,0
10/16/22 07:00 AM,16.1,100,0
10/16/22 08:00 AM,16.5,100,37
10/16/22 09:00 AM,17.3,100,113
10/16/22 10:00 AM,18.1,100,204
10/16/22 11:00 AM,19.4,86,382
10/16/22 12:00 PM,20.9,88,516
10/16/22 01:00 PM,19.7,88,217
10/16/22 02:00 PM,19.8,90,149
10/16/22 03:00 PM,20.5,76,300
10/16/22 04:00 PM,19.3,89,178
10/16/22 05:00 PM,18.4,89,51
10/16/22 06:00 PM,18.4,64,12
10/16/22 07:00 PM,17.2,41,0
10/16/22 08:00 PM,17.6,36,0
10/16/22 09:00 PM,16.9,84,0
10/16/22 10:00 PM,17.7,70,0
10/16/22 11:00 PM,17.7,85,0
10/17/22 12:00 AM,17.7,87,0
10/17/22 01:00 AM,18.5,59,0
10/17/22 02:00 AM,18.4,2,0
10/17/22 03:00 AM,17.3,20,0
10/17/22 04:00 AM,17.0,13,0
10/17/22 05:00 AM,16.6,1,0
10/17/22 06:00 AM,16.6,9,0
10/17/22 07:00 AM,16.6,34,1
10/17/22 08:00 AM,18.4,24,72
10/17/22 09:00 AM,19.9,9,236
10/17/22 10:00 AM,21.0,0,418
10/17/22 11:00 AM,21.8,2,550
10/17/22 12:00 PM,22.4,28,629
10/17/22 01:00 PM,23.4,6,617
10/17/22 02:00 PM,23.7,8,612
10/17/22 03:00 PM,23.4,5,514
10/17/22 04:00 PM,22.9,5,375
10/17/22 05:00 PM,21.8,0,201
10/17/22 06:00 PM,19.8,0,41
10/17/22 07:00 PM,18.7,0,0
10/17/22 08:00 PM,18.3,0,0
10/17/22 09:00 PM,18.0,0,0
10/17/22 10:00 PM,17.8,4,0
10/17/22 11:00 PM,17.7,20,0
10/18/22 12:00 AM,17.4,11,0
10/18/22 01:00 AM,17.3,14,0
10/18/22 02:00 AM,17.4,0,0
10/18/22 03:00 AM,17.4,6,0
10/18/22 04:00 AM,17.3,46,0
10/18/22 05:00 AM,17.3,72,0
10/18/22 06:00 AM,17.5,79,0
10/18/22 07:00 AM,17.6,100,1
10/18/22 08:00 AM,18.2,100,31
10/18/22 09:00 AM,18.8,100,93
10/18/22 10:00 AM,19.8,100,172
10/18/22 11:00 AM,20.9,66,400
10/18/22 12:00 PM,22.2,0,604
10/18/22 01:00 PM,22.6,2,659
10/18/22 02:00 PM,22.4,30,616
10/18/22 03:00 PM,21.5,29,461
10/18/22 04:00 PM,20.8,30,310
10/18/22 05:00 PM,19.7,38,176
10/18/22 06:00 PM,18.8,100,33
10/18/22 07:00 PM,19.2,100,0
10/18/22 08:00 PM,18.8,76,0
10/18/22 09:00 PM,18.7,45,0
10/18/22 10:00 PM,18.9,61,0
10/18/22 11:00 PM,18.9,60,0
10/19/22 12:00 AM,18.5,52,0
10/19/22 01:00 AM,18.6,41,0
10/19/22 02:00 AM,18.6,60,0
10/19/22 03:00 AM,18.6,56,0
10/19/22 04:00 AM,18.6,100,0
10/19/22 05:00 AM,18.7,100,0
10/19/22 06:00 AM,18.2,100,0
10/19/22 07:00 AM,18.3,100,0
10/19/22 08:00 AM,17.6,100,17
10/19/22 09:00 AM,18.3,100,65
10/19/22 10:00 AM,19.0,100,141
10/19/22 11:00 AM,18.7,100,238
10/19/22 12:00 PM,17.8,100,145
10/19/22 01:00 PM,18.4,100,95
10/19/22 02:00 PM,18.6,100,202
10/19/22 03:00 PM,18.4,100,179
10/19/22 04:00 PM,18.3,100,76
10/19/22 05:00 PM,18.4,80,48
10/19/22 06:00 PM,18.2,45,9
10/19/22 07:00 PM,17.7,71,0
10/19/22 08:00 PM,17.9,39,0
10/19/22 09:00 PM,17.6,13,0
10/19/22 10:00 PM,17.3,12,0
10/19/22 11:00 PM,17.2,21,0
10/20/22 12:00 AM,16.9,41,0
10/20/22 01:00 AM,17.3,76,0
10/20/22 02:00 AM,17.5,100,0
10/20/22 03:00 AM,17.0,61,0
10/20/22 04:00 AM,16.7,100,0
10/20/22 05:00 AM,17.3,78,0
10/20/22 06:00 AM,17.4,79,0
10/20/22 07:00 AM,17.4,100,0
10/20/22 08:00 AM,16.9,100,30
10/20/22 09:00 AM,17.1,100,43
10/20/22 10:00 AM,17.4,100,114
10/20/22 11:00 AM,18.2,100,166
10/20/22 12:00 PM,18.3,64,175
10/20/22 01:00 PM,19.9,67,428
10/20/22 02:00 PM,20.1,56,411
10/20/22 03:00 PM,20.5,61,364
10/20/22 04:00 PM,20.0,90,220
10/20/22 05:00 PM,19.2,100,74
10/20/22 06:00 PM,18.7,65,11
10/20/22 07:00 PM,18.2,46,0
10/20/22 08:00 PM,17.6,63,0
10/20/22 09:00 PM,17.6,41,0
10/20/22 10:00 PM,17.5,100,0
10/20/22 11:00 PM,17.6,100,0
10/21/22 12:00 AM,17.4,100,0
10/21/22 01:00 AM,17.2,100,0
10/21/22 02:00 AM,17.4,100,0
10/21/22 03:00 AM,17.3,100,0
10/21/22 04:00 AM,17.2,100,0
10/21/22 05:00 AM,17.3,100,0
10/21/22 06:00 AM,17.4,98,0
10/21/22 07:00 AM,17.6,100,0
10/21/22 08:00 AM,17.8,100,31
10/21/22 09:00 AM,17.6,100,59
10/21/22 10:00 AM,18.2,94,103
10/21/22 11:00 AM,18.6,100,137
10/21/22 12:00 PM,19.7,86,228
10/21/22 01:00 PM,20.2,100,448
10/21/22 02:00 PM,20.3,100,350
10/21/22 03:00 PM,19.6,92,185
10/21/22 04:00 PM,19.0,90,92
10/21/22 05:00 PM,18.4,43,59
10/21/22 06:00 PM,17.7,38,11
10/21/22 07:00 PM,17.5,40,0
10/21/22 08:00 PM,17.4,48,0
10/21/22 09:00 PM,17.2,44,0
10/21/22 10:00 PM,17.1,47,0
10/21/22 11:00 PM,17.1,7,0
10/22/22 12:00 AM,17.2,22,0
10/22/22 01:00 AM,16.9,100,0
10/22/22 02:00 AM,17.1,76,0
10/22/22 03:00 AM,18.0,21,0
10/22/22 04:00 AM,17.4,31,0
10/22/22 05:00 AM,17.2,92,0
10/22/22 06:00 AM,17.7,100,0
10/22/22 07:00 AM,17.5,100,0
10/22/22 08:00 AM,17.0,100,11
10/22/22 09:00 AM,17.3,100,44
10/22/22 10:00 AM,17.8,100,160
10/22/22 11:00 AM,18.9,74,265
10/22/22 12:00 PM,18.4,100,384
10/22/22 01:00 PM,20.7,52,371
10/22/22 02:00 PM,20.7,57,527
10/22/22 03:00 PM,19.5,94,402
10/22/22 04:00 PM,18.8,100,179
10/22/22 05:00 PM,18.4,100,74
10/22/22 06:00 PM,18.0,65,15
10/22/22 07:00 PM,17.8,48,0
10/22/22 08:00 PM,17.8,97,0
10/22/22 09:00 PM,17.5,100,0
10/22/22 10:00 PM,17.3,100,0
10/22/22 11:00 PM,17.0,100,0
10/23/22 12:00 AM,17.5,94,0
10/23/22 01:00 AM,17.7,34,0
10/23/22 02:00 AM,17.5,47,0
10/23/22 03:00 AM,17.7,39,0
10/23/22 04:00 AM,17.6,34,0
10/23/22 05:00 AM,17.4,22,0
10/23/22 06:00 AM,17.3,4,0
10/23/22 07:00 AM,17.2,2,0
10/23/22 08:00 AM,18.2,13,68
10/23/22 09:00 AM,19.3,20,230
10/23/22 10:00 AM,19.8,10,350
10/23/22 11:00 AM,20.2,30,492
10/23/22 12:00 PM,19.9,47,553
10/23/22 01:00 PM,20.0,50,534
10/23/22 02:00 PM,19.8,43,455
10/23/22 03:00 PM,19.2,43,223
10/23/22 04:00 PM,19.0,93,245
10/23/22 05:00 PM,18.2,100,77
10/23/22 06:00 PM,17.2,98,11
10/23/22 07:00 PM,17.3,45,0
10/23/22 08:00 PM,17.1,67,0
10/23/22 09:00 PM,16.8,76,0
10/23/22 10:00 PM,16.6,74,0
10/23/22 11:00 PM,16.7,98,0
10/24/22 12:00 AM,16.9,27,0
10/24/22 01:00 AM,16.3,97,0
10/24/22 02:00 AM,16.6,48,0
10/24/22 03:00 AM,16.5,49,0
10/24/22 04:00 AM,16.4,51,0
10/24/22 05:00 AM,16.6,50,0
10/24/22 06:00 AM,16.6,74,0
10/24/22 07:00 AM,16.5,100,0
10/24/22 08:00 AM,17.0,85,10
10/24/22 09:00 AM,17.7,87,89
10/24/22 10:00 AM,18.4,89,217
10/24/22 11:00 AM,19.0,53,284
10/24/22 12:00 PM,19.5,94,415
10/24/22 01:00 PM,20.2,89,335
10/24/22 02:00 PM,20.1,90,325
10/24/22 03:00 PM,18.9,78,106
10/24/22 04:00 PM,18.6,90,80
10/24/22 05:00 PM,18.4,85,57
10/24/22 06:00 PM,17.5,52,17
10/24/22 07:00 PM,17.2,90,0
10/24/22 08:00 PM,17.5,90,0
10/24/22 09:00 PM,17.5,89,0
10/24/22 10:00 PM,17.4,75,0
10/24/22 11:00 PM,17.1,41,0
10/25/22 12:00 AM,17.1,51,0
10/25/22 01:00 AM,16.9,90,0
10/25/22 02:00 AM,17.4,87,0
10/25/22 03:00 AM,17.6,43,0
10/25/22 04:00 AM,17.8,83,0
10/25/22 05:00 AM,17.9,100,0
10/25/22 06:00 AM,17.7,100,0
10/25/22 07:00 AM,17.6,100,0
10/25/22 08:00 AM,18.1,67,8
10/25/22 09:00 AM,19.1,100,145
10/25/22 10:00 AM,19.7,42,272
10/25/22 11:00 AM,20.5,32,480
10/25/22 12:00 PM,20.5,62,509
10/25/22 01:00 PM,20.9,51,512
10/25/22 02:00 PM,20.6,41,457
10/25/22 03:00 PM,20.4,11,402
10/25/22 04:00 PM,19.9,16,332
10/25/22 05:00 PM,19.0,17,159
10/25/22 06:00 PM,17.9,4,23
10/25/22 07:00 PM,17.6,38,0
10/25/22 08:00 PM,17.6,60,0
10/25/22 09:00 PM,17.7,100,0
10/25/22 10:00 PM,17.9,100,0
10/25/22 11:00 PM,17.9,100,0
10/26/22 12:00 AM,17.7,50,0
10/26/22 01:00 AM,17.7,52,0
10/26/22 02:00 AM,17.7,100,0
10/26/22 03:00 AM,17.9,100,0
10/26/22 04:00 AM,17.7,100,0
10/26/22 05:00 AM,17.6,100,0
10/26/22 06:00 AM,17.5,100,0
10/26/22 07:00 AM,17.3,100,0
10/26/22 08:00 AM,17.5,100,11
10/26/22 09:00 AM,18.4,46,98
10/26/22 10:00 AM,19.4,24,269
10/26/22 11:00 AM,21.0,5,455
10/26/22 12:00 PM,23.3,35,588
10/26/22 01:00 PM,24.0,62,502
10/26/22 02:00 PM,24.5,76,385
10/26/22 03:00 PM,24.5,37,315
10/26/22 04:00 PM,22.6,30,296
10/26/22 05:00 PM,21.5,30,133
10/26/22 06:00 PM,20.6,30,15
10/26/22 07:00 PM,19.9,30,0
10/26/22 08:00 PM,19.3,29,0
10/26/22 09:00 PM,18.7,29,0
10/26/22 10:00 PM,18.5,30,0
10/26/22 11:00 PM,18.4,34,0
10/27/22 12:00 AM,18.4,42,0
10/27/22 01:00 AM,18.3,69,0
10/27/22 02:00 AM,18.2,70,0
10/27/22 03:00 AM,18.1,68,0
10/27/22 04:00 AM,18.0,63,0
10/27/22 05:00 AM,18.1,45,0
10/27/22 06:00 AM,18.0,41,0
10/27/22 07:00 AM,18.0,45,0
10/27/22 08:00 AM,18.6,46,48
10/27/22 09:00 AM,19.5,29,190
10/27/22 10:00 AM,20.2,46,335
10/27/22 11:00 AM,20.8,34,466
10/27/22 12:00 PM,21.4,9,512
10/27/22 01:00 PM,21.4,9,606
10/27/22 02:00 PM,21.2,18,558
10/27/22 03:00 PM,20.8,35,465
10/27/22 04:00 PM,20.2,31,310
10/27/22 05:00 PM,19.8,31,142
10/27/22 06:00 PM,18.9,33,18
10/27/22 07:00 PM,18.9,54,0
10/27/22 08:00 PM,18.8,100,0
10/27/22 09:00 PM,19.2,96,0
10/27/22 10:00 PM,18.8,71,0
10/27/22 11:00 PM,18.7,69,0
10/28/22 12:00 AM,18.6,55,0
10/28/22 01:00 AM,18.5,92,0
10/28/22 02:00 AM,18.4,100,0
10/28/22 03:00 AM,18.5,100,0
10/28/22 04:00 AM,18.5,100,0
10/28/22 05:00 AM,18.4,100,0
10/28/22 06:00 AM,18.4,69,0
10/28/22 07:00 AM,17.8,59,0
10/28/22 08:00 AM,17.9,39,24
10/28/22 09:00 AM,18.9,81,118
10/28/22 10:00 AM,19.1,90,137
10/28/22 11:00 AM,20.6,71,220
10/28/22 12:00 PM,21.5,89,378
10/28/22 01:00 PM,21.8,87,366
10/28/22 02:00 PM,21.7,89,347
10/28/22 03:00 PM,21.7,79,327
10/28/22 04:00 PM,21.5,37,252
10/28/22 05:00 PM,21.0,49,113
10/28/22 06:00 PM,20.5,62,14
10/28/22 07:00 PM,20.3,30,0
10/28/22 08:00 PM,19.9,40,0
10/28/22 09:00 PM,19.8,6,0
10/28/22 10:00 PM,19.7,8,0
10/28/22 11:00 PM,19.6,1,0
10/29/22 12:00 AM,19.1,3,0
10/29/22 01:00 AM,19.2,6,0
10/29/22 02:00 AM,19.3,56,0
10/29/22 03:00 AM,19.4,27,0
10/29/22 04:00 AM,18.8,2,0
10/29/22 05:00 AM,18.5,23,0
10/29/22 06:00 AM,18.2,53,0
10/29/22 07:00 AM,18.2,62,0
10/29/22 08:00 AM,18.6,89,40
10/29/22 09:00 AM,19.2,93,121
10/29/22 10:00 AM,19.4,100,217
10/29/22 11:00 AM,19.4,100,222
10/29/22 12:00 PM,19.3,42,223
10/29/22 01:00 PM,21.2,100,549
10/29/22 02:00 PM,20.8,79,417
10/29/22 03:00 PM,19.7,100,356
10/29/22 04:00 PM,19.2,100,87
10/29/22 05:00 PM,18.2,70,55
10/29/22 06:00 PM,16.8,100,13
10/29/22 07:00 PM,17.1,80,0
10/29/22 08:00 PM,16.3,99,0
10/29/22 09:00 PM,17.0,100,0
10/29/22 10:00 PM,16.9,95,0
10/29/22 11:00 PM,16.8,100,0
10/30/22 12:00 AM,16.9,77,0
10/30/22 01:00 AM,16.3,75,0
10/30/22 02:00 AM,16.4,90,0
10/30/22 03:00 AM,16.4,88,0
10/30/22 04:00 AM,16.3,68,0
10/30/22 05:00 AM,15.7,74,0
10/30/22 06:00 AM,15.4,38,0
10/30/22 07:00 AM,14.8,90,0
10/30/22 08:00 AM,14.9,90,41
10/30/22 09:00 AM,16.1,87,166
10/30/22 10:00 AM,17.6,96,328
10/30/22 11:00 AM,18.8,41,430
10/30/22 12:00 PM,19.5,33,534
10/30/22 01:00 PM,20.0,46,503
10/30/22 02:00 PM,20.4,31,472
10/30/22 03:00 PM,20.4,22,437
10/30/22 04:00 PM,20.2,28,303
10/30/22 05:00 PM,19.2,32,143
10/30/22 06:00 PM,16.8,34,14
10/30/22 07:00 PM,16.2,38,0
10/30/22 08:00 PM,15.9,33,0
10/30/22 09:00 PM,16.2,57,0
10/30/22 10:00 PM,16.4,42,0
10/30/22 11:00 PM,16.6,80,0
10/31/22 12:00 AM,17.4,71,0
10/31/22 01:00 AM,16.6,90,0
10/31/22 02:00 AM,17.3,56,0
10/31/22 03:00 AM,17.0,90,0
10/31/22 04:00 AM,17.3,90,0
10/31/22 05:00 AM,17.5,100,0
10/31/22 06:00 AM,17.7,100,0
10/31/22 07:00 AM,18.2,100,0
10/31/22 08:00 AM,18.0,100,7
10/31/22 09:00 AM,18.1,90,22
10/31/22 10:00 AM,18.5,100,56
10/31/22 11:00 AM,19.2,56,89
10/31/22 12:00 PM,20.3,86,392
10/31/22 01:00 PM,20.7,34,180
10/31/22 02:00 PM,21.5,36,461
10/31/22 03:00 PM,20.9,29,384
10/31/22 04:00 PM,20.5,13,266
10/31/22 05:00 PM,19.5,47,132
10/31/22 06:00 PM,18.5,75,11
10/31/22 07:00 PM,18.7,58,0
10/31/22 08:00 PM,17.9,100,0
10/31/22 09:00 PM,17.6,84,0
10/31/22 10:00 PM,16.9,75,0
10/31/22 11:00 PM,16.7,79,0
11/01/22 12:00 AM,15.2,1,0
11/01/22 01:00 AM,14.7,0,0
11/01/22 02:00 AM,14.3,0,0
11/01/22 03:00 AM,13.7,0,0
11/01/22 04:00 AM,13.3,32,0
11/01/22 05:00 AM,13.3,100,0
11/01/22 06:00 AM,13.8,90,0
11/01/22 07:00 AM,13.6,57,0
11/01/22 08:00 AM,14.1,2,34
11/01/22 09:00 AM,15.5,4,206
11/01/22 10:00 AM,16.8,5,365
11/01/22 11:00 AM,17.6,75,492
11/01/22 12:00 PM,18.7,18,444
11/01/22 01:00 PM,19.1,40,598
11/01/22 02:00 PM,19.3,28,552
11/01/22 03:00 PM,18.6,25,457
11/01/22 04:00 PM,17.7,28,310
11/01/22 05:00 PM,16.8,0,147
11/01/22 06:00 PM,15.3,0,15
11/01/22 07:00 PM,14.7,0,0
11/01/22 08:00 PM,14.3,0,0
11/01/22 09:00 PM,13.6,0,0
11/01/22 10:00 PM,13.3,0,0
11/01/22 11:00 PM,13.0,0,0
11/02/22 12:00 AM,13.0,0,0
11/02/22 01:00 AM,12.4,0,0
11/02/22 02:00 AM,12.0,0,0
11/02/22 03:00 AM,11.4,26,0
11/02/22 04:00 AM,10.6,27,0
11/02/22 05:00 AM,10.1,30,0
11/02/22 06:00 AM,9.9,30,0
11/02/22 07:00 AM,10.5,22,0
11/02/22 08:00 AM,11.6,29,43
11/02/22 09:00 AM,13.4,30,197
11/02/22 10:00 AM,15.2,30,350
11/02/22 11:00 AM,16.4,30,425
11/02/22 12:00 PM,17.2,30,506
11/02/22 01:00 PM,18.1,30,409
11/02/22 02:00 PM,18.9,33,524
11/02/22 03:00 PM,18.8,31,374
11/02/22 04:00 PM,18.3,40,206
11/02/22 05:00 PM,18.0,54,118
11/02/22 06:00 PM,17.1,32,11
11/02/22 07:00 PM,14.3,23,0
11/02/22 08:00 PM,13.4,35,0
11/02/22 09:00 PM,13.1,27,0
11/02/22 10:00 PM,12.4,33,0
11/02/22 11:00 PM,12.9,51,0
11/03/22 12:00 AM,13.6,88,0
11/03/22 01:00 AM,13.3,38,0
11/03/22 02:00 AM,13.1,55,0
11/03/22 03:00 AM,14.0,72,0
11/03/22 04:00 AM,14.5,92,0
11/03/22 05:00 AM,15.4,100,0
11/03/22 06:00 AM,15.7,90,0
11/03/22 07:00 AM,16.1,100,0
11/03/22 08:00 AM,16.2,100,8
11/03/22 09:00 AM,16.5,100,23
11/03/22 10:00 AM,17.3,100,65
11/03/22 11:00 AM,18.5,100,155
11/03/22 12:00 PM,19.1,100,93
11/03/22 01:00 PM,18.6,100,108
11/03/22 02:00 PM,18.9,100,133
11/03/22 03:00 PM,19.1,100,124
11/03/22 04:00 PM,19.2,100,71
11/03/22 05:00 PM,19.0,100,33
11/03/22 06:00 PM,18.5,100,6
11/03/22 07:00 PM,18.4,100,0
11/03/22 08:00 PM,18.3,100,0
11/03/22 09:00 PM,18.3,100,0
11/03/22 10:00 PM,18.2,100,0
11/03/22 11:00 PM,17.8,100,0
11/04/22 12:00 AM,18.2,100,0
11/04/22 01:00 AM,17.8,100,0
11/04/22 02:00 AM,16.8,62,0
11/04/22 03:00 AM,15.4,46,0
11/04/22 04:00 AM,13.9,30,0
11/04/22 05:00 AM,13.0,30,0
11/04/22 06:00 AM,12.3,29,0
11/04/22 07:00 AM,11.7,30,0
11/04/22 08:00 AM,12.0,14,39
11/04/22 09:00 AM,13.3,17,198
11/04/22 10:00 AM,14.8,10,365
11/04/22 11:00 AM,16.2,14,500
11/04/22 12:00 PM,17.8,5,588
11/04/22 01:00 PM,18.4,16,599
11/04/22 02:00 PM,18.8,8,560
11/04/22 03:00 PM,18.6,29,458
11/04/22 04:00 PM,18.0,18,291
11/04/22 05:00 PM,16.5,1,132
11/04/22 06:00 PM,14.2,1,11
11/04/22 07:00 PM,13.9,2,0
11/04/22 08:00 PM,13.4,1,0
11/04/22 09:00 PM,12.7,0,0
11/04/22 10:00 PM,12.1,1,0
11/04/22 11:00 PM,11.4,0,0
11/05/22 12:00 AM,11.7,1,0
11/05/22 01:00 AM,11.1,0,0
11/05/22 02:00 AM,10.7,0,0
11/05/22 03:00 AM,10.4,0,0
11/05/22 04:00 AM,10.0,0,0
11/05/22 05:00 AM,9.5,0,0
11/05/22 06:00 AM,9.0,0,0
11/05/22 07:00 AM,8.4,0,0
11/05/22 08:00 AM,9.0,0,40
11/05/22 09:00 AM,11.1,1,200
11/05/22 10:00 AM,13.4,9,367
11/05/22 11:00 AM,15.7,0,499
11/05/22 12:00 PM,16.8,0,580
11/05/22 01:00 PM,17.9,0,595
11/05/22 02:00 PM,18.5,0,552
11/05/22 03:00 PM,18.7,0,453
11/05/22 04:00 PM,18.3,0,307
11/05/22 05:00 PM,16.3,0,135
11/05/22 06:00 PM,13.0,0,10
11/05/22 07:00 PM,11.8,0,0
11/05/22 08:00 PM,12.2,0,0
11/05/22 09:00 PM,12.9,0,0
11/05/22 10:00 PM,12.3,0,0
11/05/22 11:00 PM,11.5,0,0
11/06/22 12:00 AM,11.5,1,0
11/06/22 01:00 AM,10.5,5,0
11/06/22 02:00 AM,11.8,0,0
11/06/22 03:00 AM,8.8,3,0
11/06/22 04:00 AM,11.4,93,0
11/06/22 05:00 AM,11.2,91,0
11/06/22 06:00 AM,9.8,90,0
11/06/22 07:00 AM,9.9,91,0
11/06/22 08:00 AM,10.5,100,21
11/06/22 09:00 AM,12.2,100,110
11/06/22 10:00 AM,14.2,92,230
11/06/22 11:00 AM,16.6,27,409
11/06/22 12:00 PM,18.0,91,533
11/06/22 01:00 PM,18.4,10,261
11/06/22 02:00 PM,19.4,50,493
11/06/22 03:00 PM,19.4,59,379
11/06/22 04:00 PM,19.1,51,251
11/06/22 05:00 PM,17.9,43,106
11/06/22 06:00 PM,15.9,46,7
11/06/22 07:00 PM,14.8,38,0
11/06/22 08:00 PM,14.0,35,0
11/06/22 09:00 PM,14.0,34,0
11/06/22 10:00 PM,13.3,36,0
11/06/22 11:00 PM,13.2,100,0
11/07/22 12:00 AM,14.7,100,0
11/07/22 01:00 AM,14.4,100,0
11/07/22 02:00 AM,14.0,100,0
11/07/22 03:00 AM,13.8,100,0
11/07/22 04:00 AM,13.6,94,0
11/07/22 05:00 AM,13.5,100,0
11/07/22 06:00 AM,13.5,100,0
11/07/22 07:00 AM,13.5,100,0
11/07/22 08:00 AM,13.6,100,13
11/07/22 09:00 AM,14.2,100,80
11/07/22 10:00 AM,14.6,100,129
11/07/22 11:00 AM,16.0,100,238
11/07/22 12:00 PM,18.0,71,285
11/07/22 01:00 PM,18.6,51,426
11/07/22 02:00 PM,18.5,45,424
11/07/22 03:00 PM,18.0,40,351
11/07/22 04:00 PM,17.8,80,208
11/07/22 05:00 PM,17.6,100,72
11/07/22 06:00 PM,17.1,100,6
11/07/22 07:00 PM,17.5,100,0
11/07/22 08:00 PM,17.2,100,0
11/07/22 09:00 PM,16.8,100,0
11/07/22 10:00 PM,17.1,100,0
11/07/22 11:00 PM,17.1,100,0
11/08/22 12:00 AM,17.3,94,0
11/08/22 01:00 AM,17.6,100,0
11/08/22 02:00 AM,17.4,92,0
11/08/22 03:00 AM,17.2,70,0
11/08/22 04:00 AM,17.0,34,0
11/08/22 05:00 AM,16.6,34,0
11/08/22 06:00 AM,16.4,49,0
11/08/22 07:00 AM,16.4,51,0
11/08/22 08:00 AM,16.9,56,25
11/08/22 09:00 AM,17.8,70,127
11/08/22 10:00 AM,18.6,100,255
11/08/22 11:00 AM,18.1,100,179
11/08/22 12:00 PM,17.9,100,192
11/08/22 01:00 PM,17.6,58,78
11/08/22 02:00 PM,18.5,53,256
11/08/22 03:00 PM,18.6,91,325
11/08/22 04:00 PM,18.1,100,179
11/08/22 05:00 PM,17.8,47,32
11/08/22 06:00 PM,17.2,30,6
11/08/22 07:00 PM,16.7,71,0
11/08/22 08:00 PM,16.9,85,0
11/08/22 09:00 PM,16.7,70,0
11/08/22 10:00 PM,16.3,80,0
11/08/22 11:00 PM,16.0,81,0
11/09/22 12:00 AM,15.7,100,0
11/09/22 01:00 AM,15.8,100,0
11/09/22 02:00 AM,15.6,100,0
11/09/22 03:00 AM,15.2,92,0
11/09/22 04:00 AM,14.9,32,0
11/09/22 05:00 AM,13.4,10,0
11/09/22 06:00 AM,13.5,12,0
11/09/22 07:00 AM,14.6,4,0
11/09/22 08:00 AM,14.1,0,29
11/09/22 09:00 AM,16.2,1,172
11/09/22 10:00 AM,17.8,7,327
11/09/22 11:00 AM,18.8,25,445
11/09/22 12:00 PM,19.5,4,501
11/09/22 01:00 PM,20.4,37,544
11/09/22 02:00 PM,20.4,57,449
11/09/22 03:00 PM,20.1,20,347
11/09/22 04:00 PM,19.8,38,262
11/09/22 05:00 PM,18.1,13,106
11/09/22 06:00 PM,16.4,4,6
11/09/22 07:00 PM,15.9,6,0
11/09/22 08:00 PM,15.4,0,0
11/09/22 09:00 PM,15.0,0,0
11/09/22 10:00 PM,14.7,0,0
11/09/22 11:00 PM,14.3,2,0
11/10/22 12:00 AM,13.7,0,0
11/10/22 01:00 AM,13.1,0,0
11/10/22 02:00 AM,12.6,0,0
11/10/22 03:00 AM,12.2,1,0
11/10/22 04:00 AM,11.8,37,0
11/10/22 05:00 AM,11.6,63,0
11/10/22 06:00 AM,11.4,74,0
11/10/22 07:00 AM,11.0,79,0
11/10/22 08:00 AM,11.6,90,24
11/10/22 09:00 AM,13.3,1,146
11/10/22 10:00 AM,16.0,0,327
11/10/22 11:00 AM,17.9,0,455
11/10/22 12:00 PM,19.2,0,533
11/10/22 01:00 PM,20.1,8,554
11/10/22 02:00 PM,20.8,21,492
11/10/22 03:00 PM,21.2,10,385
11/10/22 04:00 PM,20.7,1,263
11/10/22 05:00 PM,18.7,10,112
11/10/22 06:00 PM,17.3,17,6
11/10/22 07:00 PM,16.8,4,0
11/10/22 08:00 PM,15.7,0,0
11/10/22 09:00 PM,14.9,0,0
11/10/22 10:00 PM,14.5,0,0
11/10/22 11:00 PM,13.8,0,0
11/11/22 12:00 AM,13.6,0,0
11/11/22 01:00 AM,13.0,2,0
11/11/22 02:00 AM,12.7,0,0
11/11/22 03:00 AM,11.9,0,0
11/11/22 04:00 AM,11.9,0,0
11/11/22 05:00 AM,11.5,0,0
11/11/22 06:00 AM,10.9,0,0
11/11/22 07:00 AM,10.7,0,0
11/11/22 08:00 AM,11.8,0,27
11/11/22 09:00 AM,13.6,0,171
11/11/22 10:00 AM,15.4,0,332
11/11/22 11:00 AM,17.2,0,460
11/11/22 12:00 PM,18.8,0,536
11/11/22 01:00 PM,20.1,1,554
11/11/22 02:00 PM,20.6,9,506
11/11/22 03:00 PM,20.8,9,380
11/11/22 04:00 PM,20.7,8,255
11/11/22 05:00 PM,18.7,10,104
11/11/22 06:00 PM,16.9,7,5
11/11/22 07:00 PM,16.0,5,0
11/11/22 08:00 PM,16.2,4,0
11/11/22 09:00 PM,15.4,3,0
11/11/22 10:00 PM,14.6,0,0
11/11/22 11:00 PM,13.4,0,0
11/12/22 12:00 AM,12.9,0,0
11/12/22 01:00 AM,11.6,0,0
11/12/22 02:00 AM,12.3,0,0
11/12/22 03:00 AM,11.3,0,0
11/12/22 04:00 AM,10.9,0,0
11/12/22 05:00 AM,10.3,0,0
11/12/22 06:00 AM,10.2,0,0
11/12/22 07:00 AM,9.9,0,0
11/12/22 08:00 AM,11.0,0,25
11/12/22 09:00 AM,13.5,0,166
11/12/22 10:00 AM,15.5,2,324
11/12/22 11:00 AM,17.3,4,450
11/12/22 12:00 PM,18.9,11,527
11/12/22 01:00 PM,20.1,16,542
11/12/22 02:00 PM,20.7,13,500
11/12/22 03:00 PM,20.9,27,409
11/12/22 04:00 PM,20.7,20,265
11/12/22 05:00 PM,18.6,13,107
11/12/22 06:00 PM,16.7,22,5
11/12/22 07:00 PM,15.3,0,0
11/12/22 08:00 PM,14.3,0,0
11/12/22 09:00 PM,13.5,0,0
11/12/22 10:00 PM,12.9,0,0
11/12/22 11:00 PM,12.8,2,0
11/13/22 12:00 AM,12.7,0,0
11/13/22 01:00 AM,12.2,0,0
11/13/22 02:00 AM,12.0,7,0
11/13/22 03:00 AM,12.2,11,0
11/13/22 04:00 AM,11.9,1,0
11/13/22 05:00 AM,13.3,9,0
11/13/22 06:00 AM,13.6,93,0
11/13/22 07:00 AM,13.8,98,0
11/13/22 08:00 AM,14.8,99,12
11/13/22 09:00 AM,16.0,100,88
11/13/22 10:00 AM,17.2,100,263
11/13/22 11:00 AM,18.2,100,382
11/13/22 12:00 PM,19.0,58,270
11/13/22 01:00 PM,19.1,61,473
11/13/22 02:00 PM,18.7,86,402
11/13/22 03:00 PM,18.4,79,271
11/13/22 04:00 PM,18.1,68,141
11/13/22 05:00 PM,17.8,96,65
11/13/22 06:00 PM,17.1,100,2
11/13/22 07:00 PM,16.9,91,0
11/13/22 08:00 PM,16.8,100,0
11/13/22 09:00 PM,16.8,69,0
11/13/22 10:00 PM,16.6,100,0
11/13/22 11:00 PM,16.6,100,0
11/14/22 12:00 AM,16.5,58,0
11/14/22 01:00 AM,16.4,47,0
11/14/22 02:00 AM,16.3,64,0
11/14/22 03:00 AM,15.9,76,0
11/14/22 04:00 AM,15.8,74,0
11/14/22 05:00 AM,15.5,100,0
11/14/22 06:00 AM,15.8,100,0
11/14/22 07:00 AM,16.0,100,0
11/14/22 08:00 AM,16.1,100,11
11/14/22 09:00 AM,17.0,100,66
11/14/22 10:00 AM,18.0,100,169
11/14/22 11:00 AM,18.9,100,266
11/14/22 12:00 PM,17.9,100,314
11/14/22 01:00 PM,18.5,55,163
11/14/22 02:00 PM,18.9,58,309
11/14/22 03:00 PM,18.6,59,221
11/14/22 04:00 PM,18.0,68,122
11/14/22 05:00 PM,17.2,67,57
11/14/22 06:00 PM,16.3,48,3
11/14/22 07:00 PM,16.2,100,0
11/14/22 08:00 PM,16.2,100,0
11/14/22 09:00 PM,16.3,100,0
11/14/22 10:00 PM,16.6,100,0
11/14/22 11:00 PM,16.5,100,0
11/15/22 12:00 AM,16.5,53,0
11/15/22 01:00 AM,16.7,91,0
11/15/22 02:00 AM,17.0,53,0
11/15/22 03:00 AM,16.5,80,0
11/15/22 04:00 AM,16.7,63,0
11/15/22 05:00 AM,16.8,66,0
11/15/22 06:00 AM,16.8,36,0
11/15/22 07:00 AM,16.9,37,0
11/15/22 08:00 AM,17.7,100,17
11/15/22 09:00 AM,18.4,100,72
11/15/22 10:00 AM,18.6,100,78
11/15/22 11:00 AM,19.6,100,193
11/15/22 12:00 PM,18.3,100,142
11/15/22 01:00 PM,18.3,100,84
11/15/22 02:00 PM,19.1,100,309
11/15/22 03:00 PM,18.2,100,120
11/15/22 04:00 PM,18.1,100,45
11/15/22 05:00 PM,17.8,100,17
11/15/22 06:00 PM,17.2,100,1
11/15/22 07:00 PM,16.7,86,0
11/15/22 08:00 PM,15.7,94,0
11/15/22 09:00 PM,15.8,100,0
11/15/22 10:00 PM,15.5,39,0
11/15/22 11:00 PM,14.4,100,0
11/16/22 12:00 AM,15.7,72,0
11/16/22 01:00 AM,15.2,100,0
11/16/22 02:00 AM,16.0,100,0
11/16/22 03:00 AM,16.2,55,0
11/16/22 04:00 AM,15.9,93,0
11/16/22 05:00 AM,16.2,100,0
11/16/22 06:00 AM,16.2,90,0
11/16/22 07:00 AM,15.6,100,0
11/16/22 08:00 AM,16.2,94,8
11/16/22 09:00 AM,17.5,100,60
11/16/22 10:00 AM,18.3,94,116
11/16/22 11:00 AM,19.3,100,316
11/16/22 12:00 PM,18.6,100,188
11/16/22 01:00 PM,17.9,100,91
11/16/22 02:00 PM,18.3,100,147
11/16/22 03:00 PM,18.3,100,96
11/16/22 04:00 PM,18.4,100,113
11/16/22 05:00 PM,18.0,86,53
11/16/22 06:00 PM,17.6,100,2
11/16/22 07:00 PM,17.8,100,0
11/16/22 08:00 PM,17.8,100,0
11/16/22 09:00 PM,17.6,94,0
11/16/22 10:00 PM,17.5,50,0
11/16/22 11:00 PM,17.1,43,0
11/17/22 12:00 AM,17.3,25,0
11/17/22 01:00 AM,17.2,39,0
11/17/22 02:00 AM,17.2,97,0
11/17/22 03:00 AM,17.5,92,0
11/17/22 04:00 AM,17.4,74,0
11/17/22 05:00 AM,17.3,100,0
11/17/22 06:00 AM,17.6,100,0
11/17/22 07:00 AM,17.6,100,0
11/17/22 08:00 AM,17.7,92,8
11/17/22 09:00 AM,18.3,100,106
11/17/22 10:00 AM,18.5,100,98
11/17/22 11:00 AM,18.5,100,132
11/17/22 12:00 PM,18.5,100,34
11/17/22 01:00 PM,18.2,100,89
11/17/22 02:00 PM,18.4,100,99
11/17/22 03:00 PM,18.5,100,154
11/17/22 04:00 PM,18.0,22,78
11/17/22 05:00 PM,17.0,26,91
11/17/22 06:00 PM,15.8,29,3
11/17/22 07:00 PM,15.5,17,0
11/17/22 08:00 PM,15.1,15,0
11/17/22 09:00 PM,14.6,20,0
11/17/22 10:00 PM,14.4,11,0
11/17/22 11:00 PM,14.2,10,0
11/18/22 12:00 AM,14.4,21,0
11/18/22 01:00 AM,14.4,15,0
11/18/22 02:00 AM,14.2,64,0
11/18/22 03:00 AM,13.6,76,0
11/18/22 04:00 AM,14.2,34,0
11/18/22 05:00 AM,13.1,61,0
11/18/22 06:00 AM,12.8,30,0
11/18/22 07:00 AM,12.4,2,0
11/18/22 08:00 AM,12.5,16,16
11/18/22 09:00 AM,13.6,11,138
11/18/22 10:00 AM,14.5,32,283
11/18/22 11:00 AM,15.2,11,369
11/18/22 12:00 PM,16.0,27,487
11/18/22 01:00 PM,16.2,29,475
11/18/22 02:00 PM,16.2,26,409
11/18/22 03:00 PM,16.0,20,342
11/18/22 04:00 PM,15.7,54,231
11/18/22 05:00 PM,15.0,23,82
11/18/22 06:00 PM,14.2,21,3
11/18/22 07:00 PM,13.5,6,0
11/18/22 08:00 PM,12.7,13,0
11/18/22 09:00 PM,12.4,13,0
11/18/22 10:00 PM,12.3,16,0
11/18/22 11:00 PM,11.8,47,0
11/19/22 12:00 AM,11.7,34,0
11/19/22 01:00 AM,11.8,46,0
11/19/22 02:00 AM,12.1,61,0
11/19/22 03:00 AM,12.6,79,0
11/19/22 04:00 AM,12.7,63,0
11/19/22 05:00 AM,12.4,70,0
11/19/22 06:00 AM,12.3,64,0
11/19/22 07:00 AM,12.0,73,0
11/19/22 08:00 AM,12.5,98,10
11/19/22 09:00 AM,13.8,61,125
11/19/22 10:00 AM,14.5,63,249
11/19/22 11:00 AM,14.9,74,333
11/19/22 12:00 PM,16.0,84,344
11/19/22 01:00 PM,16.9,51,355
11/19/22 02:00 PM,17.0,100,402
11/19/22 03:00 PM,17.0,86,231
11/19/22 04:00 PM,16.6,38,186
11/19/22 05:00 PM,15.5,85,79
11/19/22 06:00 PM,15.3,61,2
11/19/22 07:00 PM,14.3,78,0
11/19/22 08:00 PM,13.5,39,0
11/19/22 09:00 PM,12.9,54,0
11/19/22 10:00 PM,13.2,92,0
11/19/22 11:00 PM,14.0,97,0
11/20/22 12:00 AM,13.3,74,0
11/20/22 01:00 AM,12.9,14,0
11/20/22 02:00 AM,12.7,21,0
11/20/22 03:00 AM,12.6,6,0
11/20/22 04:00 AM,12.3,7,0
11/20/22 05:00 AM,11.5,5,0
11/20/22 06:00 AM,11.2,39,0
11/20/22 07:00 AM,11.6,43,0
11/20/22 08:00 AM,12.7,47,12
11/20/22 09:00 AM,15.0,47,65
11/20/22 10:00 AM,17.3,26,216
11/20/22 11:00 AM,18.4,76,367
11/20/22 12:00 PM,18.5,100,362
11/20/22 01:00 PM,18.4,74,226
11/20/22 02:00 PM,18.6,67,341
11/20/22 03:00 PM,18.3,81,297
11/20/22 04:00 PM,17.6,46,159
11/20/22 05:00 PM,16.5,43,72
11/20/22 06:00 PM,15.0,87,2
11/20/22 07:00 PM,15.6,92,0
11/20/22 08:00 PM,15.8,36,0
11/20/22 09:00 PM,15.3,64,0
11/20/22 10:00 PM,15.8,100,0
11/20/22 11:00 PM,16.8,98,0
11/21/22 12:00 AM,16.4,100,0
11/21/22 01:00 AM,16.3,100,0
11/21/22 02:00 AM,16.2,100,0
11/21/22 03:00 AM,16.4,84,0
11/21/22 04:00 AM,16.4,35,0
11/21/22 05:00 AM,16.0,41,0
11/21/22 06:00 AM,16.0,53,0
11/21/22 07:00 AM,16.0,52,0
11/21/22 08:00 AM,16.2,62,8
11/21/22 09:00 AM,17.0,100,41
11/21/22 10:00 AM,18.0,56,142
11/21/22 11:00 AM,18.5,100,369
11/21/22 12:00 PM,17.1,100,68
11/21/22 01:00 PM,17.1,100,48
11/21/22 02:00 PM,18.2,100,307
11/21/22 03:00 PM,17.7,46,89
11/21/22 04:00 PM,17.4,45,187
11/21/22 05:00 PM,16.0,61,48
11/21/22 06:00 PM,15.2,48,2
11/21/22 07:00 PM,14.7,43,0
11/21/22 08:00 PM,14.0,36,0
11/21/22 09:00 PM,13.5,51,0
11/21/22 10:00 PM,12.5,76,0
11/21/22 11:00 PM,11.7,47,0
11/22/22 12:00 AM,11.9,35,0
11/22/22 01:00 AM,12.0,31,0
11/22/22 02:00 AM,12.5,42,0
11/22/22 03:00 AM,12.9,67,0
11/22/22 04:00 AM,13.3,76,0
11/22/22 05:00 AM,13.0,100,0
11/22/22 06:00 AM,13.5,100,0
11/22/22 07:00 AM,13.7,91,0
11/22/22 08:00 AM,15.3,100,5
11/22/22 09:00 AM,16.6,100,40
11/22/22 10:00 AM,17.5,100,141
11/22/22 11:00 AM,17.8,100,180
11/22/22 12:00 PM,16.9,100,163
11/22/22 01:00 PM,17.6,100,142
11/22/22 02:00 PM,18.5,100,191
11/22/22 03:00 PM,18.6,64,238
11/22/22 04:00 PM,18.4,68,124
11/22/22 05:00 PM,18.0,100,53
11/22/22 06:00 PM,17.7,72,1
11/22/22 07:00 PM,17.1,59,0
11/22/22 08:00 PM,16.9,57,0
11/22/22 09:00 PM,17.0,62,0
11/22/22 10:00 PM,16.9,66,0
11/22/22 11:00 PM,16.9,62,0
11/23/22 12:00 AM,16.8,100,0
11/23/22 01:00 AM,16.8,44,0
11/23/22 02:00 AM,16.6,34,0
11/23/22 03:00 AM,16.5,56,0
11/23/22 04:00 AM,16.5,62,0
11/23/22 05:00 AM,16.6,65,0
11/23/22 06:00 AM,16.5,74,0
11/23/22 07:00 AM,16.8,90,0
11/23/22 08:00 AM,17.3,92,3
11/23/22 09:00 AM,17.5,15,24
11/23/22 10:00 AM,18.7,100,260
11/23/22 11:00 AM,18.0,100,88
11/23/22 12:00 PM,17.5,94,164
11/23/22 01:00 PM,18.4,38,133
11/23/22 02:00 PM,19.6,18,406
11/23/22 03:00 PM,19.5,34,320
11/23/22 04:00 PM,18.8,9,187
11/23/22 05:00 PM,17.3,6,80
11/23/22 06:00 PM,16.1,5,2
11/23/22 07:00 PM,15.3,6,0
11/23/22 08:00 PM,15.1,47,0
11/23/22 09:00 PM,15.1,73,0
11/23/22 10:00 PM,15.3,100,0
11/23/22 11:00 PM,15.7,92,0
11/24/22 12:00 AM,15.6,100,0
11/24/22 01:00 AM,15.7,83,0
11/24/22 02:00 AM,16.0,100,0
11/24/22 03:00 AM,16.6,100,0
11/24/22 04:00 AM,16.5,59,0
11/24/22 05:00 AM,16.3,86,0
11/24/22 06:00 AM,16.5,33,0
11/24/22 07:00 AM,16.5,40,0
11/24/22 08:00 AM,16.7,70,9
11/24/22 09:00 AM,17.4,72,109
11/24/22 10:00 AM,18.1,88,238
11/24/22 11:00 AM,18.2,100,214
11/24/22 12:00 PM,18.1,100,251
11/24/22 01:00 PM,17.5,100,138
11/24/22 02:00 PM,17.2,100,87
11/24/22 03:00 PM,17.4,73,44
11/24/22 04:00 PM,17.8,81,147
11/24/22 05:00 PM,17.3,50,53
11/24/22 06:00 PM,16.4,95,1
11/24/22 07:00 PM,16.3,83,0
11/24/22 08:00 PM,15.8,49,0
11/24/22 09:00 PM,15.0,45,0
11/24/22 10:00 PM,14.7,23,0
11/24/22 11:00 PM,14.1,58,0
11/25/22 12:00 AM,14.3,34,0
11/25/22 01:00 AM,14.4,33,0
11/25/22 02:00 AM,14.1,38,0
11/25/22 03:00 AM,13.8,32,0
11/25/22 04:00 AM,13.5,30,0
11/25/22 05:00 AM,13.0,30,0
11/25/22 06:00 AM,12.5,16,0
11/25/22 07:00 AM,12.0,0,0
11/25/22 08:00 AM,11.8,0,10
11/25/22 09:00 AM,12.8,0,126
11/25/22 10:00 AM,14.2,0,283
11/25/22 11:00 AM,15.5,0,410
11/25/22 12:00 PM,16.5,17,489
11/25/22 01:00 PM,17.1,8,489
11/25/22 02:00 PM,17.4,3,468
11/25/22 03:00 PM,17.4,29,384
11/25/22 04:00 PM,16.9,29,245
11/25/22 05:00 PM,13.9,30,87
11/25/22 06:00 PM,12.3,30,2
11/25/22 07:00 PM,10.8,29,0
11/25/22 08:00 PM,10.7,17,0
11/25/22 09:00 PM,10.1,30,0
11/25/22 10:00 PM,9.5,30,0
11/25/22 11:00 PM,9.4,30,0
11/26/22 12:00 AM,8.7,29,0
11/26/22 01:00 AM,8.9,30,0
11/26/22 02:00 AM,8.4,23,0
11/26/22 03:00 AM,8.0,20,0
11/26/22 04:00 AM,7.4,22,0
11/26/22 05:00 AM,7.1,0,0
11/26/22 06:00 AM,6.6,0,0
11/26/22 07:00 AM,5.8,0,0
11/26/22 08:00 AM,7.9,0,9
11/26/22 09:00 AM,10.3,7,125
11/26/22 10:00 AM,12.2,19,283
11/26/22 11:00 AM,14.0,27,410
11/26/22 12:00 PM,15.5,30,487
11/26/22 01:00 PM,17.1,30,506
11/26/22 02:00 PM,17.9,30,460
11/26/22 03:00 PM,18.1,30,367
11/26/22 04:00 PM,17.5,16,233
11/26/22 05:00 PM,17.1,30,84
11/26/22 06:00 PM,16.1,30,1
11/26/22 07:00 PM,12.5,30,0
11/26/22 08:00 PM,11.9,29,0
11/26/22 09:00 PM,11.8,30,0
11/26/22 10:00 PM,11.0,29,0
11/26/22 11:00 PM,12.7,30,0
11/27/22 12:00 AM,11.7,30,0
11/27/22 01:00 AM,11.5,32,0
11/27/22 02:00 AM,11.3,37,0
11/27/22 03:00 AM,11.2,41,0
11/27/22 04:00 AM,9.0,37,0
11/27/22 05:00 AM,8.1,30,0
11/27/22 06:00 AM,8.4,30,0
11/27/22 07:00 AM,9.0,29,0
11/27/22 08:00 AM,8.0,37,8
11/27/22 09:00 AM,10.8,37,114
11/27/22 10:00 AM,13.2,29,265
11/27/22 11:00 AM,15.4,45,388
11/27/22 12:00 PM,16.0,44,449
11/27/22 01:00 PM,17.5,35,433
11/27/22 02:00 PM,17.8,31,397
11/27/22 03:00 PM,17.2,61,277
11/27/22 04:00 PM,16.7,100,166
11/27/22 05:00 PM,16.0,100,16
11/27/22 06:00 PM,15.8,44,0
11/27/22 07:00 PM,15.1,24,0
11/27/22 08:00 PM,14.6,55,0
11/27/22 09:00 PM,14.1,20,0
11/27/22 10:00 PM,13.6,0,0
11/27/22 11:00 PM,13.2,2,0
11/28/22 12:00 AM,13.0,23,0
11/28/22 01:00 AM,12.5,45,0
11/28/22 02:00 AM,12.1,21,0
11/28/22 03:00 AM,11.0,34,0
11/28/22 04:00 AM,10.4,34,0
11/28/22 05:00 AM,10.4,4,0
11/28/22 06:00 AM,10.5,4,0
11/28/22 07:00 AM,10.0,4,0
11/28/22 08:00 AM,9.8,3,7
11/28/22 09:00 AM,11.8,0,115
11/28/22 10:00 AM,13.5,8,269
11/28/22 11:00 AM,14.9,12,396
11/28/22 12:00 PM,15.9,37,470
11/28/22 01:00 PM,16.1,58,431
11/28/22 02:00 PM,16.7,54,380
11/28/22 03:00 PM,16.6,29,332
11/28/22 04:00 PM,15.9,4,233
11/28/22 05:00 PM,14.5,17,82
11/28/22 06:00 PM,13.2,13,1
11/28/22 07:00 PM,12.4,13,0
11/28/22 08:00 PM,11.8,2,0
11/28/22 09:00 PM,11.0,10,0
11/28/22 10:00 PM,10.4,29,0
11/28/22 11:00 PM,9.8,5,0
11/29/22 12:00 AM,10.1,1,0
11/29/22 01:00 AM,9.7,2,0
11/29/22 02:00 AM,9.4,5,0
11/29/22 03:00 AM,9.2,9,0
11/29/22 04:00 AM,8.9,1,0
11/29/22 05:00 AM,8.6,6,0
11/29/22 06:00 AM,8.4,6,0
11/29/22 07:00 AM,8.4,3,0
11/29/22 08:00 AM,8.5,1,6
11/29/22 09:00 AM,9.9,11,111
11/29/22 10:00 AM,11.9,29,262
11/29/22 11:00 AM,13.2,30,326
11/29/22 12:00 PM,14.7,30,397
11/29/22 01:00 PM,15.1,30,418
11/29/22 02:00 PM,15.3,30,420
11/29/22 03:00 PM,15.2,10,354
11/29/22 04:00 PM,15.0,0,238
11/29/22 05:00 PM,12.8,4,83
11/29/22 06:00 PM,11.1,0,1
11/29/22 07:00 PM,10.8,0,0
11/29/22 08:00 PM,10.7,2,0
11/29/22 09:00 PM,10.4,30,0
11/29/22 10:00 PM,10.1,0,0
11/29/22 11:00 PM,8.5,0,0
11/30/22 12:00 AM,8.4,0,0
11/30/22 01:00 AM,10.3,0,0
11/30/22 02:00 AM,9.6,12,0
11/30/22 03:00 AM,9.0,26,0
11/30/22 04:00 AM,8.6,38,0
11/30/22 05:00 AM,6.5,100,0
11/30/22 06:00 AM,8.2,62,0
11/30/22 07:00 AM,9.2,74,0
11/30/22 08:00 AM,9.9,100,5
11/30/22 09:00 AM,11.0,100,40
11/30/22 10:00 AM,11.5,100,81
11/30/22 11:00 AM,12.0,96,123
11/30/22 12:00 PM,12.2,95,160
11/30/22 01:00 PM,13.3,100,234
11/30/22 02:00 PM,12.9,100,89
11/30/22 03:00 PM,13.5,100,111
11/30/22 04:00 PM,13.9,100,39
11/30/22 05:00 PM,14.3,100,17
11/30/22 06:00 PM,14.3,100,0
11/30/22 07:00 PM,13.6,39,0
11/30/22 08:00 PM,12.0,76,0
11/30/22 09:00 PM,13.1,79,0
11/30/22 10:00 PM,11.4,100,0
11/30/22 11:00 PM,11.0,100,0
12/01/22 12:00 AM,10.5,100,0
12/01/22 01:00 AM,11.3,90,0
12/01/22 02:00 AM,11.3,95,0
12/01/22 03:00 AM,11.6,90,0
12/01/22 04:00 AM,11.6,90,0
12/01/22 05:00 AM,11.4,90,0
12/01/22 06:00 AM,11.4,90,0
12/01/22 07:00 AM,11.4,65,0
12/01/22 08:00 AM,10.7,16,4
12/01/22 09:00 AM,10.9,16,96
12/01/22 10:00 AM,11.9,58,238
12/01/22 11:00 AM,13.0,41,321
12/01/22 12:00 PM,14.3,0,422
12/01/22 01:00 PM,15.3,0,478
12/01/22 02:00 PM,15.9,0,445
12/01/22 03:00 PM,16.0,0,358
12/01/22 04:00 PM,15.7,0,228
12/01/22 05:00 PM,14.1,0,79
12/01/22 06:00 PM,12.5,0,1
12/01/22 07:00 PM,11.9,0,0
12/01/22 08:00 PM,11.2,0,0
12/01/22 09:00 PM,10.5,0,0
12/01/22 10:00 PM,9.8,0,0
12/01/22 11:00 PM,9.1,0,0
12/02/22 12:00 AM,8.6,0,0
12/02/22 01:00 AM,7.9,0,0
12/02/22 02:00 AM,7.4,0,0
12/02/22 03:00 AM,6.9,0,0
12/02/22 04:00 AM,6.5,0,0
12/02/22 05:00 AM,6.1,0,0
12/02/22 06:00 AM,5.8,0,0
12/02/22 07:00 AM,5.5,0,0
12/02/22 08:00 AM,5.4,0,5
12/02/22 09:00 AM,7.0,0,107
12/02/22 10:00 AM,9.3,0,262
12/02/22 11:00 AM,11.2,0,390
12/02/22 12:00 PM,12.5,0,471
12/02/22 01:00 PM,13.9,0,495
12/02/22 02:00 PM,14.5,0,460
12/02/22 03:00 PM,14.7,0,369
12/02/22 04:00 PM,14.4,0,234
12/02/22 05:00 PM,11.5,0,81
12/02/22 06:00 PM,9.7,0,1
12/02/22 07:00 PM,9.4,0,0
12/02/22 08:00 PM,8.4,0,0
12/02/22 09:00 PM,9.1,4,0
12/02/22 10:00 PM,9.9,21,0
12/02/22 11:00 PM,10.1,34,0
12/03/22 12:00 AM,10.3,6,0
12/03/22 01:00 AM,10.8,14,0
12/03/22 02:00 AM,10.7,17,0
12/03/22 03:00 AM,10.4,38,0
12/03/22 04:00 AM,9.8,41,0
12/03/22 05:00 AM,9.4,42,0
12/03/22 06:00 AM,9.2,29,0
12/03/22 07:00 AM,9.4,76,0
12/03/22 08:00 AM,9.6,37,3
12/03/22 09:00 AM,10.5,45,80
12/03/22 10:00 AM,11.5,83,199
12/03/22 11:00 AM,12.6,92,186
12/03/22 12:00 PM,13.6,100,164
12/03/22 01:00 PM,14.2,100,256
12/03/22 02:00 PM,14.1,86,137
12/03/22 03:00 PM,13.7,100,135
12/03/22 04:00 PM,13.4,100,54
12/03/22 05:00 PM,12.9,33,28
12/03/22 06:00 PM,10.9,18,1
12/03/22 07:00 PM,10.3,26,0
12/03/22 08:00 PM,9.6,35,0
12/03/22 09:00 PM,9.3,44,0
12/03/22 10:00 PM,9.0,62,0
12/03/22 11:00 PM,8.7,100,0
12/04/22 12:00 AM,11.3,59,0
12/04/22 01:00 AM,10.8,46,0
12/04/22 02:00 AM,10.0,8,0
12/04/22 03:00 AM,10.1,16,0
12/04/22 04:00 AM,9.1,11,0
12/04/22 05:00 AM,9.7,14,0
12/04/22 06:00 AM,9.0,4,0
12/04/22 07:00 AM,9.5,30,0
12/04/22 08:00 AM,10.1,29,4
12/04/22 09:00 AM,12.7,92,91
12/04/22 10:00 AM,13.6,86,160
12/04/22 11:00 AM,14.4,100,259
12/04/22 12:00 PM,13.9,18,196
12/04/22 01:00 PM,14.7,69,420
12/04/22 02:00 PM,14.8,88,281
12/04/22 03:00 PM,14.3,100,182
12/04/22 04:00 PM,12.8,99,129
12/04/22 05:00 PM,12.8,94,43
12/04/22 06:00 PM,12.7,100,0
12/04/22 07:00 PM,12.7,100,0
12/04/22 08:00 PM,12.9,100,0
12/04/22 09:00 PM,13.1,100,0
12/04/22 10:00 PM,13.0,100,0
12/04/22 11:00 PM,12.7,100,0
12/05/22 12:00 AM,13.0,100,0
12/05/22 01:00 AM,13.2,100,0
12/05/22 02:00 AM,13.3,100,0
12/05/22 03:00 AM,13.4,100,0
12/05/22 04:00 AM,13.3,100,0
12/05/22 05:00 AM,13.1,100,0
12/05/22 06:00 AM,13.0,100,0
12/05/22 07:00 AM,13.3,100,0
12/05/22 08:00 AM,13.3,100,2
12/05/22 09:00 AM,13.7,100,51
12/05/22 10:00 AM,14.0,100,66
12/05/22 11:00 AM,14.5,100,123
12/05/22 12:00 PM,14.6,100,71
12/05/22 01:00 PM,15.3,100,251
12/05/22 02:00 PM,15.4,100,216
12/05/22 03:00 PM,15.5,100,143
12/05/22 04:00 PM,15.4,100,98
12/05/22 05:00 PM,15.0,100,29
12/05/22 06:00 PM,14.2,100,0
12/05/22 07:00 PM,13.6,35,0
12/05/22 08:00 PM,12.9,14,0
12/05/22 09:00 PM,12.5,14,0
12/05/22 10:00 PM,12.4,5,0
12/05/22 11:00 PM,12.1,2,0
12/06/22 12:00 AM,11.9,7,0
12/06/22 01:00 AM,11.7,11,0
12/06/22 02:00 AM,11.6,3,0
12/06/22 03:00 AM,11.5,7,0
12/06/22 04:00 AM,11.4,4,0
12/06/22 05:00 AM,11.2,8,0
12/06/22 06:00 AM,10.6,5,0
12/06/22 07:00 AM,11.5,28,0
12/06/22 08:00 AM,10.2,100,3
12/06/22 09:00 AM,11.2,92,78
12/06/22 10:00 AM,12.5,97,177
12/06/22 11:00 AM,13.4,100,246
12/06/22 12:00 PM,14.0,100,286
12/06/22 01:00 PM,14.2,74,135
12/06/22 02:00 PM,14.8,49,236
12/06/22 03:00 PM,15.0,63,232
12/06/22 04:00 PM,14.8,38,137
12/06/22 05:00 PM,12.8,34,51
12/06/22 06:00 PM,11.5,31,1
12/06/22 07:00 PM,11.7,35,0
12/06/22 08:00 PM,12.0,1,0
12/06/22 09:00 PM,10.1,28,0
12/06/22 10:00 PM,10.0,49,0
12/06/22 11:00 PM,10.6,65,0
12/07/22 12:00 AM,11.1,90,0
12/07/22 01:00 AM,11.0,89,0
12/07/22 02:00 AM,10.8,100,0
12/07/22 03:00 AM,10.6,100,0
12/07/22 04:00 AM,10.3,100,0
12/07/22 05:00 AM,10.0,100,0
12/07/22 06:00 AM,10.0,100,0
12/07/22 07:00 AM,10.2,100,0
12/07/22 08:00 AM,10.6,100,1
12/07/22 09:00 AM,11.2,100,35
12/07/22 10:00 AM,12.4,100,95
12/07/22 11:00 AM,12.7,100,93
12/07/22 12:00 PM,13.1,100,54
12/07/22 01:00 PM,13.5,90,106
12/07/22 02:00 PM,14.7,100,219
12/07/22 03:00 PM,15.0,83,90
12/07/22 04:00 PM,15.4,70,168
12/07/22 05:00 PM,14.9,100,42
12/07/22 06:00 PM,14.7,100,0
12/07/22 07:00 PM,14.9,100,0
12/07/22 08:00 PM,15.0,100,0
12/07/22 09:00 PM,14.8,100,0
12/07/22 10:00 PM,14.9,100,0
12/07/22 11:00 PM,15.3,100,0
12/08/22 12:00 AM,15.0,100,0
12/08/22 01:00 AM,14.9,100,0
12/08/22 02:00 AM,15.2,100,0
12/08/22 03:00 AM,15.3,100,0
12/08/22 04:00 AM,14.2,100,0
12/08/22 05:00 AM,14.6,100,0
12/08/22 06:00 AM,15.1,100,0
12/08/22 07:00 AM,14.9,26,0
12/08/22 08:00 AM,14.1,100,2
12/08/22 09:00 AM,14.1,100,44
12/08/22 10:00 AM,13.6,96,97
12/08/22 11:00 AM,15.0,100,189
12/08/22 12:00 PM,16.7,67,171
12/08/22 01:00 PM,16.7,8,223
12/08/22 02:00 PM,17.5,11,422
12/08/22 03:00 PM,17.2,56,334
12/08/22 04:00 PM,16.5,18,160
12/08/22 05:00 PM,15.9,31,68
12/08/22 06:00 PM,15.4,47,1
12/08/22 07:00 PM,14.8,50,0
12/08/22 08:00 PM,14.5,56,0
12/08/22 09:00 PM,15.1,68,0
12/08/22 10:00 PM,15.1,86,0
12/08/22 11:00 PM,14.8,100,0
12/09/22 12:00 AM,14.5,100,0
12/09/22 01:00 AM,14.5,100,0
12/09/22 02:00 AM,14.7,100,0
12/09/22 03:00 AM,14.4,100,0
12/09/22 04:00 AM,15.1,100,0
12/09/22 05:00 AM,14.5,100,0
12/09/22 06:00 AM,14.6,100,0
12/09/22 07:00 AM,14.5,100,0
12/09/22 08:00 AM,14.7,62,1
12/09/22 09:00 AM,15.0,100,60
12/09/22 10:00 AM,15.8,100,144
12/09/22 11:00 AM,16.0,72,217
12/09/22 12:00 PM,15.0,100,295
12/09/22 01:00 PM,16.2,100,255
12/09/22 02:00 PM,16.6,31,241
12/09/22 03:00 PM,17.0,25,311
12/09/22 04:00 PM,16.5,16,200
12/09/22 05:00 PM,15.3,18,68
12/09/22 06:00 PM,14.3,9,1
12/09/22 07:00 PM,13.8,4,0
12/09/22 08:00 PM,13.3,4,0
12/09/22 09:00 PM,13.0,10,0
12/09/22 10:00 PM,12.6,4,0
12/09/22 11:00 PM,12.5,22,0
12/10/22 12:00 AM,12.6,76,0
12/10/22 01:00 AM,12.6,55,0
12/10/22 02:00 AM,12.3,42,0
12/10/22 03:00 AM,12.1,27,0
12/10/22 04:00 AM,12.0,38,0
12/10/22 05:00 AM,11.7,31,0
12/10/22 06:00 AM,11.4,33,0
12/10/22 07:00 AM,11.0,31,0
12/10/22 08:00 AM,10.5,19,2
12/10/22 09:00 AM,12.0,22,80
12/10/22 10:00 AM,13.6,22,226
12/10/22 11:00 AM,14.7,51,352
12/10/22 12:00 PM,14.8,77,306
12/10/22 01:00 PM,15.5,100,357
12/10/22 02:00 PM,15.8,100,318
12/10/22 03:00 PM,15.1,98,151
12/10/22 04:00 PM,14.6,98,126
12/10/22 05:00 PM,13.9,97,18
12/10/22 06:00 PM,13.3,90,0
12/10/22 07:00 PM,13.4,100,0
12/10/22 08:00 PM,13.4,100,0
12/10/22 09:00 PM,13.7,100,0
12/10/22 10:00 PM,13.7,100,0
12/10/22 11:00 PM,14.3,100,0
12/11/22 12:00 AM,15.2,100,0
12/11/22 01:00 AM,15.8,100,0
12/11/22 02:00 AM,17.1,100,0
12/11/22 03:00 AM,17.8,100,0
12/11/22 04:00 AM,18.0,100,0
12/11/22 05:00 AM,18.3,100,0
12/11/22 06:00 AM,18.2,100,0
12/11/22 07:00 AM,18.0,62,0
12/11/22 08:00 AM,17.2,100,1
12/11/22 09:00 AM,17.6,100,32
12/11/22 10:00 AM,17.2,72,56
12/11/22 11:00 AM,18.9,16,233
12/11/22 12:00 PM,18.4,86,391
12/11/22 01:00 PM,18.6,81,294
12/11/22 02:00 PM,18.7,62,238
12/11/22 03:00 PM,18.6,59,253
12/11/22 04:00 PM,18.1,74,137
12/11/22 05:00 PM,17.3,25,41
12/11/22 06:00 PM,16.3,6,1
12/11/22 07:00 PM,16.1,72,0
12/11/22 08:00 PM,16.3,65,0
12/11/22 09:00 PM,16.3,85,0
12/11/22 10:00 PM,16.5,100,0
12/11/22 11:00 PM,16.6,100,0
12/12/22 12:00 AM,16.7,69,0
12/12/22 01:00 AM,16.6,100,0
12/12/22 02:00 AM,16.9,100,0
12/12/22 03:00 AM,16.9,100,0
12/12/22 04:00 AM,17.3,100,0
12/12/22 05:00 AM,17.3,100,0
12/12/22 06:00 AM,17.3,70,0
12/12/22 07:00 AM,17.4,100,0
12/12/22 08:00 AM,17.6,100,1
12/12/22 09:00 AM,17.8,100,28
12/12/22 10:00 AM,17.8,100,54
12/12/22 11:00 AM,18.3,100,45
12/12/22 12:00 PM,18.2,100,137
12/12/22 01:00 PM,18.0,100,50
12/12/22 02:00 PM,18.4,100,41
12/12/22 03:00 PM,18.2,100,61
12/12/22 04:00 PM,18.5,100,28
12/12/22 05:00 PM,18.6,100,29
12/12/22 06:00 PM,18.5,100,0
12/12/22 07:00 PM,18.5,100,0
12/12/22 08:00 PM,18.4,100,0
12/12/22 09:00 PM,18.3,100,0
12/12/22 10:00 PM,18.2,100,0
12/12/22 11:00 PM,18.0,100,0
12/13/22 12:00 AM,18.2,100,0
12/13/22 01:00 AM,18.1,100,0
12/13/22 02:00 AM,17.8,100,0
12/13/22 03:00 AM,17.8,100,0
12/13/22 04:00 AM,17.5,100,0
12/13/22 05:00 AM,17.9,100,0
12/13/22 06:00 AM,17.4,100,0
12/13/22 07:00 AM,17.9,100,0
12/13/22 08:00 AM,18.1,100,0
12/13/22 09:00 AM,18.2,100,14
12/13/22 10:00 AM,18.1,100,65
12/13/22 11:00 AM,18.6,100,133
12/13/22 12:00 PM,18.3,100,153
12/13/22 01:00 PM,17.6,100,44
12/13/22 02:00 PM,18.6,57,129
12/13/22 03:00 PM,18.6,99,264
12/13/22 04:00 PM,18.2,99,130
12/13/22 05:00 PM,17.6,15,51
12/13/22 06:00 PM,16.7,12,1
12/13/22 07:00 PM,16.4,17,0
12/13/22 08:00 PM,16.1,2,0
12/13/22 09:00 PM,15.8,10,0
12/13/22 10:00 PM,15.9,67,0
12/13/22 11:00 PM,16.2,100,0
12/14/22 12:00 AM,16.4,90,0
12/14/22 01:00 AM,16.3,79,0
12/14/22 02:00 AM,15.8,100,0
12/14/22 03:00 AM,15.8,90,0
12/14/22 04:00 AM,15.4,39,0
12/14/22 05:00 AM,15.4,33,0
12/14/22 06:00 AM,15.0,100,0
12/14/22 07:00 AM,15.7,53,0
12/14/22 08:00 AM,15.7,50,1
12/14/22 09:00 AM,15.3,100,62
12/14/22 10:00 AM,15.4,74,23
12/14/22 11:00 AM,16.3,100,204
12/14/22 12:00 PM,15.9,38,239
12/14/22 01:00 PM,17.0,76,362
12/14/22 02:00 PM,16.9,51,269
12/14/22 03:00 PM,15.4,66,273
12/14/22 04:00 PM,16.0,33,145
12/14/22 05:00 PM,14.4,55,67
12/14/22 06:00 PM,14.3,52,1
12/14/22 07:00 PM,13.9,57,0
12/14/22 08:00 PM,12.9,100,0
12/14/22 09:00 PM,13.2,100,0
12/14/22 10:00 PM,13.0,100,0
12/14/22 11:00 PM,13.4,58,0
12/15/22 12:00 AM,12.9,82,0
12/15/22 01:00 AM,13.5,74,0
12/15/22 02:00 AM,13.3,60,0
12/15/22 03:00 AM,13.2,52,0
12/15/22 04:00 AM,12.9,17,0
12/15/22 05:00 AM,12.5,64,0
12/15/22 06:00 AM,12.5,23,0
12/15/22 07:00 AM,11.6,95,0
12/15/22 08:00 AM,12.2,11,0
12/15/22 09:00 AM,12.9,36,70
12/15/22 10:00 AM,14.2,10,168
12/15/22 11:00 AM,14.1,55,323
12/15/22 12:00 PM,14.8,19,293
12/15/22 01:00 PM,16.0,14,368
12/15/22 02:00 PM,16.2,16,409
12/15/22 03:00 PM,15.9,21,326
12/15/22 04:00 PM,15.5,34,206
12/15/22 05:00 PM,14.6,37,67
12/15/22 06:00 PM,14.0,30,1
12/15/22 07:00 PM,14.1,40,0
12/15/22 08:00 PM,14.5,64,0
12/15/22 09:00 PM,14.6,86,0
12/15/22 10:00 PM,15.1,77,0
12/15/22 11:00 PM,15.2,100,0
12/16/22 12:00 AM,13.8,100,0
12/16/22 01:00 AM,14.4,100,0
12/16/22 02:00 AM,14.3,57,0
12/16/22 03:00 AM,13.6,100,0
12/16/22 04:00 AM,14.0,56,0
12/16/22 05:00 AM,13.8,41,0
12/16/22 06:00 AM,14.1,72,0
12/16/22 07:00 AM,14.0,38,0
12/16/22 08:00 AM,13.9,30,1
12/16/22 09:00 AM,14.5,14,62
12/16/22 10:00 AM,15.5,24,207
12/16/22 11:00 AM,16.0,7,293
12/16/22 12:00 PM,16.5,21,411
12/16/22 01:00 PM,16.8,14,403
12/16/22 02:00 PM,16.8,37,409
12/16/22 03:00 PM,16.6,64,323
12/16/22 04:00 PM,15.9,47,172
12/16/22 05:00 PM,14.8,39,71
12/16/22 06:00 PM,13.3,39,1
12/16/22 07:00 PM,12.8,31,0
12/16/22 08:00 PM,12.3,30,0
12/16/22 09:00 PM,12.2,4,0
12/16/22 10:00 PM,12.1,11,0
12/16/22 11:00 PM,12.1,5,0
12/17/22 12:00 AM,12.6,20,0
12/17/22 01:00 AM,12.5,15,0
12/17/22 02:00 AM,11.6,10,0
12/17/22 03:00 AM,11.3,10,0
12/17/22 04:00 AM,11.1,8,0
12/17/22 05:00 AM,10.2,3,0
12/17/22 06:00 AM,9.8,13,0
12/17/22 07:00 AM,12.2,32,0
12/17/22 08:00 AM,11.9,31,1
12/17/22 09:00 AM,12.3,41,67
12/17/22 10:00 AM,14.4,41,199
12/17/22 11:00 AM,15.5,89,321
12/17/22 12:00 PM,15.6,31,290
12/17/22 01:00 PM,16.0,38,403
12/17/22 02:00 PM,15.8,50,307
12/17/22 03:00 PM,15.9,38,297
12/17/22 04:00 PM,15.5,3,191
12/17/22 05:00 PM,13.8,0,79
12/17/22 06:00 PM,12.2,8,1
12/17/22 07:00 PM,12.0,29,0
12/17/22 08:00 PM,12.6,3,0
12/17/22 09:00 PM,12.6,5,0
12/17/22 10:00 PM,12.7,2,0
12/17/22 11:00 PM,13.3,6,0
12/18/22 12:00 AM,13.5,4,0
12/18/22 01:00 AM,13.1,4,0
12/18/22 02:00 AM,12.8,4,0
12/18/22 03:00 AM,12.6,6,0
12/18/22 04:00 AM,12.7,4,0
12/18/22 05:00 AM,12.7,1,0
12/18/22 06:00 AM,12.4,4,0
12/18/22 07:00 AM,12.3,12,0
12/18/22 08:00 AM,12.3,22,1
12/18/22 09:00 AM,13.1,94,64
12/18/22 10:00 AM,13.8,70,165
12/18/22 11:00 AM,15.0,51,291
12/18/22 12:00 PM,16.2,86,404
12/18/22 01:00 PM,16.8,92,376
12/18/22 02:00 PM,17.2,88,300
12/18/22 03:00 PM,17.5,64,284
12/18/22 04:00 PM,17.1,30,182
12/18/22 05:00 PM,16.5,76,72
12/18/22 06:00 PM,16.3,100,1
12/18/22 07:00 PM,16.3,100,0
12/18/22 08:00 PM,16.0,100,0
12/18/22 09:00 PM,16.2,100,0
12/18/22 10:00 PM,16.1,100,0
12/18/22 11:00 PM,15.9,100,0
12/19/22 12:00 AM,15.7,100,0
12/19/22 01:00 AM,15.9,100,0
12/19/22 02:00 AM,16.0,100,0
12/19/22 03:00 AM,15.9,100,0
12/19/22 04:00 AM,15.9,100,0
12/19/22 05:00 AM,15.5,79,0
12/19/22 06:00 AM,15.3,100,0
12/19/22 07:00 AM,15.1,100,0
12/19/22 08:00 AM,15.4,100,0
12/19/22 09:00 AM,16.1,100,42
12/19/22 10:00 AM,16.9,94,145
12/19/22 11:00 AM,17.3,74,262
12/19/22 12:00 PM,16.9,60,340
12/19/22 01:00 PM,17.5,67,338
12/19/22 02:00 PM,17.6,68,328
12/19/22 03:00 PM,17.5,100,224
12/19/22 04:00 PM,17.3,100,132
12/19/22 05:00 PM,17.2,100,40
12/19/22 06:00 PM,17.2,100,1
12/19/22 07:00 PM,17.2,100,0
12/19/22 08:00 PM,17.0,100,0
12/19/22 09:00 PM,16.9,100,0
12/19/22 10:00 PM,16.8,100,0
12/19/22 11:00 PM,16.7,100,0
12/20/22 12:00 AM,16.6,100,0
12/20/22 01:00 AM,16.6,100,0
12/20/22 02:00 AM,16.6,100,0
12/20/22 03:00 AM,17.2,100,0
12/20/22 04:00 AM,17.0,100,0
12/20/22 05:00 AM,17.0,100,0
12/20/22 06:00 AM,17.0,100,0
12/20/22 07:00 AM,16.6,100,0
12/20/22 08:00 AM,16.4,100,0
12/20/22 09:00 AM,16.8,100,13
12/20/22 10:00 AM,16.4,100,48
12/20/22 11:00 AM,17.2,20,122
12/20/22 12:00 PM,17.5,97,330
12/20/22 01:00 PM,18.4,33,259
12/20/22 02:00 PM,18.2,38,358
12/20/22 03:00 PM,17.8,37,290
12/20/22 04:00 PM,17.4,24,176
12/20/22 05:00 PM,16.4,16,71
12/20/22 06:00 PM,15.5,36,2
12/20/22 07:00 PM,15.3,27,0
12/20/22 08:00 PM,15.0,34,0
12/20/22 09:00 PM,15.0,51,0
12/20/22 10:00 PM,14.9,49,0
12/20/22 11:00 PM,15.2,54,0
12/21/22 12:00 AM,15.3,33,0
12/21/22 01:00 AM,14.9,35,0
12/21/22 02:00 AM,14.8,44,0
12/21/22 03:00 AM,14.8,48,0
12/21/22 04:00 AM,15.0,37,0
12/21/22 05:00 AM,15.0,45,0
12/21/22 06:00 AM,14.7,56,0
12/21/22 07:00 AM,14.7,56,0
12/21/22 08:00 AM,14.9,98,0
12/21/22 09:00 AM,16.1,86,40
12/21/22 10:00 AM,16.9,66,131
12/21/22 11:00 AM,17.9,57,291
12/21/22 12:00 PM,17.5,68,357
12/21/22 01:00 PM,18.2,95,355
12/21/22 02:00 PM,18.2,51,288
12/21/22 03:00 PM,18.1,97,279
12/21/22 04:00 PM,17.5,64,141
12/21/22 05:00 PM,16.6,71,46
12/21/22 06:00 PM,15.6,90,1
12/21/22 07:00 PM,15.1,50,0
12/21/22 08:00 PM,15.0,27,0
12/21/22 09:00 PM,14.6,22,0
12/21/22 10:00 PM,14.3,45,0
12/21/22 11:00 PM,14.4,28,0
12/22/22 12:00 AM,15.1,100,0
12/22/22 01:00 AM,15.6,100,0
12/22/22 02:00 AM,16.1,100,0
12/22/22 03:00 AM,16.0,86,0
12/22/22 04:00 AM,15.5,98,0
12/22/22 05:00 AM,15.7,90,0
12/22/22 06:00 AM,15.6,90,0
12/22/22 07:00 AM,15.7,90,0
12/22/22 08:00 AM,15.7,90,0
12/22/22 09:00 AM,16.1,90,28
12/22/22 10:00 AM,16.8,61,135
12/22/22 11:00 AM,17.2,54,249
12/22/22 12:00 PM,17.7,90,346
12/22/22 01:00 PM,17.7,59,262
12/22/22 02:00 PM,17.9,61,311
12/22/22 03:00 PM,17.7,87,288
12/22/22 04:00 PM,17.3,95,148
12/22/22 05:00 PM,16.5,100,54
12/22/22 06:00 PM,16.0,100,1
12/22/22 07:00 PM,16.0,100,0
12/22/22 08:00 PM,16.0,84,0
12/22/22 09:00 PM,15.6,59,0
12/22/22 10:00 PM,15.4,92,0
12/22/22 11:00 PM,15.7,100,0
12/23/22 12:00 AM,15.8,86,0
12/23/22 01:00 AM,15.7,95,0
12/23/22 02:00 AM,15.7,100,0
12/23/22 03:00 AM,15.9,100,0
12/23/22 04:00 AM,15.8,100,0
12/23/22 05:00 AM,15.9,100,0
12/23/22 06:00 AM,15.7,100,0
12/23/22 07:00 AM,15.4,64,0
12/23/22 08:00 AM,15.1,65,0
12/23/22 09:00 AM,15.8,95,58
12/23/22 10:00 AM,16.4,100,157
12/23/22 11:00 AM,16.7,78,166
12/23/22 12:00 PM,16.0,95,320
12/23/22 01:00 PM,16.4,100,339
12/23/22 02:00 PM,16.0,85,258
12/23/22 03:00 PM,16.4,78,285
12/23/22 04:00 PM,16.2,74,172
12/23/22 05:00 PM,15.6,60,67
12/23/22 06:00 PM,14.9,32,2
12/23/22 07:00 PM,14.8,34,0
12/23/22 08:00 PM,14.7,32,0
12/23/22 09:00 PM,14.6,38,0
12/23/22 10:00 PM,14.8,18,0
12/23/22 11:00 PM,15.0,39,0
12/24/22 12:00 AM,15.0,46,0
12/24/22 01:00 AM,15.3,81,0
12/24/22 02:00 AM,15.6,90,0
12/24/22 03:00 AM,15.8,58,0
12/24/22 04:00 AM,15.8,47,0
12/24/22 05:00 AM,15.7,40,0
12/24/22 06:00 AM,15.6,58,0
12/24/22 07:00 AM,15.7,52,0
12/24/22 08:00 AM,15.6,55,0
12/24/22 09:00 AM,16.1,35,52
12/24/22 10:00 AM,16.8,20,168
12/24/22 11:00 AM,17.2,28,294
12/24/22 12:00 PM,17.7,20,374
12/24/22 01:00 PM,17.7,28,423
12/24/22 02:00 PM,17.3,22,385
12/24/22 03:00 PM,17.3,56,336
12/24/22 04:00 PM,16.9,26,205
12/24/22 05:00 PM,16.3,16,87
12/24/22 06:00 PM,16.0,54,2
12/24/22 07:00 PM,16.0,62,0
12/24/22 08:00 PM,16.2,100,0
12/24/22 09:00 PM,16.3,81,0
12/24/22 10:00 PM,16.3,27,0
12/24/22 11:00 PM,16.2,58,0
12/25/22 12:00 AM,16.1,64,0
12/25/22 01:00 AM,16.2,82,0
12/25/22 02:00 AM,16.2,100,0
12/25/22 03:00 AM,15.7,100,0
12/25/22 04:00 AM,15.6,100,0
12/25/22 05:00 AM,16.0,100,0
12/25/22 06:00 AM,16.1,100,0
12/25/22 07:00 AM,15.9,98,0
12/25/22 08:00 AM,15.5,91,0
12/25/22 09:00 AM,15.3,98,11
12/25/22 10:00 AM,14.7,100,22
12/25/22 11:00 AM,14.9,97,60
12/25/22 12:00 PM,15.2,100,63
12/25/22 01:00 PM,15.0,100,100
12/25/22 02:00 PM,14.8,100,64
12/25/22 03:00 PM,15.1,100,58
12/25/22 04:00 PM,14.7,100,52
12/25/22 05:00 PM,14.5,90,16
12/25/22 06:00 PM,14.4,93,1
12/25/22 07:00 PM,14.5,90,0
12/25/22 08:00 PM,14.5,91,0
12/25/22 09:00 PM,14.4,69,0
12/25/22 10:00 PM,14.2,99,0
12/25/22 11:00 PM,13.7,52,0
12/26/22 12:00 AM,13.7,43,0
12/26/22 01:00 AM,13.1,51,0
12/26/22 02:00 AM,12.7,76,0
12/26/22 03:00 AM,13.1,70,0
12/26/22 04:00 AM,13.1,94,0
12/26/22 05:00 AM,12.7,100,0
12/26/22 06:00 AM,12.5,100,0
12/26/22 07:00 AM,13.5,100,0
12/26/22 08:00 AM,14.0,100,0
12/26/22 09:00 AM,14.1,100,21
12/26/22 10:00 AM,15.2,98,118
12/26/22 11:00 AM,16.0,92,277
12/26/22 12:00 PM,15.9,72,361
12/26/22 01:00 PM,16.4,64,376
12/26/22 02:00 PM,17.4,26,334
12/26/22 03:00 PM,17.9,7,289
12/26/22 04:00 PM,17.7,2,220
12/26/22 05:00 PM,15.4,0,87
12/26/22 06:00 PM,13.8,0,3
12/26/22 07:00 PM,14.0,3,0
12/26/22 08:00 PM,13.2,0,0
12/26/22 09:00 PM,14.3,0,0
12/26/22 10:00 PM,14.7,1,0
12/26/22 11:00 PM,11.7,94,0
12/27/22 12:00 AM,11.3,18,0
12/27/22 01:00 AM,11.5,90,0
12/27/22 02:00 AM,11.4,90,0
12/27/22 03:00 AM,10.9,90,0
12/27/22 04:00 AM,10.5,90,0
12/27/22 05:00 AM,10.3,90,0
12/27/22 06:00 AM,10.3,90,0
12/27/22 07:00 AM,10.6,92,0
12/27/22 08:00 AM,10.5,90,0
12/27/22 09:00 AM,11.2,90,42
12/27/22 10:00 AM,12.4,88,151
12/27/22 11:00 AM,14.3,18,300
12/27/22 12:00 PM,14.8,17,421
12/27/22 01:00 PM,16.8,14,448
12/27/22 02:00 PM,17.6,18,431
12/27/22 03:00 PM,17.8,12,357
12/27/22 04:00 PM,17.3,1,237
12/27/22 05:00 PM,15.1,0,92
12/27/22 06:00 PM,13.4,0,3
12/27/22 07:00 PM,12.6,0,0
12/27/22 08:00 PM,12.1,0,0
12/27/22 09:00 PM,10.8,2,0
12/27/22 10:00 PM,10.1,9,0
12/27/22 11:00 PM,11.4,90,0
12/28/22 12:00 AM,10.6,89,0
12/28/22 01:00 AM,10.3,90,0
12/28/22 02:00 AM,10.8,90,0
12/28/22 03:00 AM,10.7,90,0
12/28/22 04:00 AM,10.6,90,0
12/28/22 05:00 AM,10.6,90,0
12/28/22 06:00 AM,10.6,90,0
12/28/22 07:00 AM,10.5,90,0
12/28/22 08:00 AM,10.2,90,0
12/28/22 09:00 AM,10.2,90,28
12/28/22 10:00 AM,11.3,90,122
12/28/22 11:00 AM,12.4,94,221
12/28/22 12:00 PM,13.1,72,358
12/28/22 01:00 PM,15.1,58,429
12/28/22 02:00 PM,16.5,34,427
12/28/22 03:00 PM,16.2,30,309
12/28/22 04:00 PM,15.2,32,147
12/28/22 05:00 PM,14.3,30,65
12/28/22 06:00 PM,13.6,10,3
12/28/22 07:00 PM,14.0,61,0
12/28/22 08:00 PM,14.6,45,0
12/28/22 09:00 PM,14.5,54,0
12/28/22 10:00 PM,14.4,62,0
12/28/22 11:00 PM,15.0,67,0
12/29/22 12:00 AM,15.4,95,0
12/29/22 01:00 AM,15.4,96,0
12/29/22 02:00 AM,15.3,100,0
12/29/22 03:00 AM,15.0,100,0
12/29/22 04:00 AM,14.7,100,0
12/29/22 05:00 AM,14.9,47,0
12/29/22 06:00 AM,14.2,60,0
12/29/22 07:00 AM,14.3,84,0
12/29/22 08:00 AM,14.5,23,0
12/29/22 09:00 AM,15.2,54,51
12/29/22 10:00 AM,16.4,50,173
12/29/22 11:00 AM,17.3,50,296
12/29/22 12:00 PM,15.8,100,378
12/29/22 01:00 PM,17.4,100,220
12/29/22 02:00 PM,17.8,52,273
12/29/22 03:00 PM,17.6,69,270
12/29/22 04:00 PM,17.0,56,174
12/29/22 05:00 PM,16.3,41,77
12/29/22 06:00 PM,15.8,44,3
12/29/22 07:00 PM,15.8,39,0
12/29/22 08:00 PM,15.8,46,0
12/29/22 09:00 PM,16.0,92,0
12/29/22 10:00 PM,16.6,83,0
12/29/22 11:00 PM,16.7,58,0
12/30/22 12:00 AM,16.5,90,0
12/30/22 01:00 AM,16.5,89,0
12/30/22 02:00 AM,16.4,71,0
12/30/22 03:00 AM,16.2,60,0
12/30/22 04:00 AM,16.0,35,0
12/30/22 05:00 AM,15.9,31,0
12/30/22 06:00 AM,16.0,34,0
12/30/22 07:00 AM,15.9,32,0
12/30/22 08:00 AM,15.9,31,0
12/30/22 09:00 AM,16.4,30,45
12/30/22 10:00 AM,17.2,30,160
12/30/22 11:00 AM,17.7,30,288
12/30/22 12:00 PM,17.0,100,393
12/30/22 01:00 PM,17.4,90,306
12/30/22 02:00 PM,17.5,82,328
12/30/22 03:00 PM,17.3,77,270
12/30/22 04:00 PM,16.8,48,188
12/30/22 05:00 PM,16.1,28,79
12/30/22 06:00 PM,15.6,38,4
12/30/22 07:00 PM,15.5,47,0
12/30/22 08:00 PM,15.6,62,0
12/30/22 09:00 PM,15.5,64,0
12/30/22 10:00 PM,15.6,53,0
12/30/22 11:00 PM,15.7,39,0
12/31/22 12:00 AM,15.6,26,0
12/31/22 01:00 AM,15.2,22,0
12/31/22 02:00 AM,15.0,6,0
12/31/22 03:00 AM,14.3,1,0
12/31/22 04:00 AM,14.2,0,0
12/31/22 05:00 AM,13.7,0,0
12/31/22 06:00 AM,13.7,0,0
12/31/22 07:00 AM,13.3,0,0
12/31/22 08:00 AM,13.4,2,0
12/31/22 09:00 AM,14.2,6,59
12/31/22 10:00 AM,15.5,2,202
12/31/22 11:00 AM,17.0,3,331
12/31/22 12:00 PM,16.0,46,421
12/31/22 01:00 PM,17.7,34,400
12/31/22 02:00 PM,17.8,52,319
12/31/22 03:00 PM,17.5,54,196
12/31/22 04:00 PM,17.6,6,162
12/31/22 05:00 PM,17.2,21,94
12/31/22 06:00 PM,17.1,52,4
12/31/22 07:00 PM,17.2,42,0
12/31/22 08:00 PM,17.3,26,0
12/31/22 09:00 PM,17.2,29,0
12/31/22 10:00 PM,17.0,22,0
12/31/22 11:00 PM,16.9,11,0
